batch_id,scenario,scenario_family,profile,run_index,seed,topology_initial,topology_final_detected,steps,a,b,c,lambda_damping,alpha_cognition,mu_cognition,k_D,k_C,k_T,k_b,break_condition_margin,f_min,kappa_min_protected,psi_lambda,psi_weight_profile,psi_threshold,psi_w_t,psi_w_d,psi_w_g,psi_w_s,psi_w_regime,psi_s_weight_scale,message_loss,final_T_mean,final_T_min,final_D_mean,final_C_mean,final_I_mean,final_S_network,final_G_formal,final_G_effective,collapse_share_peak,sustained_ignition,ignition_onset_step,trigger_A_count,trigger_A_first_step,trigger_A_source,collapse30_event_first_step,collapse40_event_first_step,cluster35_event_first_step,t_mean30_event_first_step,s_network35_event_first_step,trigger_A_lead_to_collapse30,trigger_A_lead_to_collapse40,trigger_A_lead_to_cluster35,trigger_A_lead_to_t_mean30,trigger_A_lead_to_s_network35,trigger_A_before_collapse30,trigger_A_false_positive_no_collapse30,trigger_B_count,trigger_B_first_step,trigger_C_count,trigger_D_count,false_stability_steps,async_false_stability_steps,final_hub1_S,final_hub2_S,final_hub3_S,min_hub1_S,min_hub2_S,min_hub3_S,external_intervention_count,resource_exhaustion_step,resource_floor_steps,max_unmet_recovery_demand,max_routing_delay_loss,routing_delay_steps,reclassification_latency_steps,star_adjacency_persist_steps,topology_wrong_monitoring_steps,centralizing_wrong_monitoring_steps,star_wrong_monitoring_steps,topology_false_stability_steps,topology_hidden_collapse_steps,topology_blind_no_trigger_steps,max_wrong_monitoring_window,hub_degree_min,hub_degree_max,hub_degree_imbalance
grand_sim_v0_7,ring_baseline,baseline,low_stress,0,10400,ring_mesh,ring_mesh,160,0.06,0.1,0.04,0.32,1.2,0.2,0.08,0.06,0.12,0.0075,0.006735,0.3,0.25,0.1,,0.3,,,,,,,0.03,1.0,1.0,0.067595,0.0,1.0,0.988509,1.0,1.0,0.0,0,,0,,,,,,,,,,,,,0,0,0,,0,0,0,0,,,,,,,0,,0,0.0,0.0,0,,0,0,0,0,0,0,0,0,,,
grand_sim_v0_7,ring_baseline,baseline,low_stress,1,10401,ring_mesh,ring_mesh,160,0.06,0.1,0.04,0.32,1.2,0.2,0.08,0.06,0.12,0.0075,0.006735,0.3,0.25,0.1,,0.3,,,,,,,0.03,1.0,1.0,0.069485,0.0,1.0,0.988187,1.0,1.0,0.0,0,,0,,,,,,,,,,,,,0,0,0,,0,0,0,0,,,,,,,0,,0,0.0,0.0,0,,0,0,0,0,0,0,0,0,,,
grand_sim_v0_7,ring_baseline,baseline,low_stress,2,10402,ring_mesh,ring_mesh,160,0.06,0.1,0.04,0.32,1.2,0.2,0.08,0.06,0.12,0.0075,0.006735,0.3,0.25,0.1,,0.3,,,,,,,0.03,1.0,1.0,0.068871,0.0,1.0,0.988292,1.0,1.0,0.0,0,,0,,,,,,,,,,,,,0,0,0,,0,0,0,0,,,,,,,0,,0,0.0,0.0,0,,0,0,0,0,0,0,0,0,,,
grand_sim_v0_7,ring_baseline,baseline,low_stress,3,10403,ring_mesh,ring_mesh,160,0.06,0.1,0.04,0.32,1.2,0.2,0.08,0.06,0.12,0.0075,0.006735,0.3,0.25,0.1,,0.3,,,,,,,0.03,1.0,1.0,0.068213,0.0,1.0,0.988404,1.0,1.0,0.0,0,,0,,,,,,,,,,,,,0,0,0,,0,0,0,0,,,,,,,0,,0,0.0,0.0,0,,0,0,0,0,0,0,0,0,,,
grand_sim_v0_7,ring_baseline,baseline,low_stress,4,10404,ring_mesh,ring_mesh,160,0.06,0.1,0.04,0.32,1.2,0.2,0.08,0.06,0.12,0.0075,0.006735,0.3,0.25,0.1,,0.3,,,,,,,0.03,1.0,1.0,0.067855,0.0,1.0,0.988465,1.0,1.0,0.0,0,,0,,,,,,,,,,,,,0,0,0,,0,0,0,0,,,,,,,0,,0,0.0,0.0,0,,0,0,0,0,0,0,0,0,,,
grand_sim_v0_7,ring_baseline,baseline,low_stress,5,10405,ring_mesh,ring_mesh,160,0.06,0.1,0.04,0.32,1.2,0.2,0.08,0.06,0.12,0.0075,0.006735,0.3,0.25,0.1,,0.3,,,,,,,0.03,1.0,1.0,0.068549,0.0,1.0,0.988347,1.0,1.0,0.0,0,,0,,,,,,,,,,,,,0,0,0,,0,0,0,0,,,,,,,0,,0,0.0,0.0,0,,0,0,0,0,0,0,0,0,,,
grand_sim_v0_7,ring_baseline,baseline,low_stress,6,10406,ring_mesh,ring_mesh,160,0.06,0.1,0.04,0.32,1.2,0.2,0.08,0.06,0.12,0.0075,0.006735,0.3,0.25,0.1,,0.3,,,,,,,0.03,1.0,1.0,0.06581,0.0,1.0,0.988812,1.0,1.0,0.0,0,,0,,,,,,,,,,,,,0,0,0,,0,0,0,0,,,,,,,0,,0,0.0,0.0,0,,0,0,0,0,0,0,0,0,,,
grand_sim_v0_7,ring_baseline,baseline,low_stress,7,10407,ring_mesh,ring_mesh,160,0.06,0.1,0.04,0.32,1.2,0.2,0.08,0.06,0.12,0.0075,0.006735,0.3,0.25,0.1,,0.3,,,,,,,0.03,1.0,1.0,0.066915,0.0,1.0,0.988624,1.0,1.0,0.0,0,,0,,,,,,,,,,,,,0,0,0,,0,0,0,0,,,,,,,0,,0,0.0,0.0,0,,0,0,0,0,0,0,0,0,,,
grand_sim_v0_7,ring_baseline,baseline,low_stress,8,10408,ring_mesh,ring_mesh,160,0.06,0.1,0.04,0.32,1.2,0.2,0.08,0.06,0.12,0.0075,0.006735,0.3,0.25,0.1,,0.3,,,,,,,0.03,1.0,1.0,0.066611,0.0,1.0,0.988676,1.0,1.0,0.0,0,,0,,,,,,,,,,,,,0,0,0,,0,0,0,0,,,,,,,0,,0,0.0,0.0,0,,0,0,0,0,0,0,0,0,,,
grand_sim_v0_7,ring_baseline,baseline,low_stress,9,10409,ring_mesh,ring_mesh,160,0.06,0.1,0.04,0.32,1.2,0.2,0.08,0.06,0.12,0.0075,0.006735,0.3,0.25,0.1,,0.3,,,,,,,0.03,1.0,1.0,0.068684,0.0,1.0,0.988324,1.0,1.0,0.0,0,,0,,,,,,,,,,,,,0,0,0,,0,0,0,0,,,,,,,0,,0,0.0,0.0,0,,0,0,0,0,0,0,0,0,,,
grand_sim_v0_7,ring_baseline,baseline,mid_stress,0,10410,ring_mesh,ring_mesh,160,0.1,0.08,0.06,0.29,1.6,0.12,0.1,0.08,0.16,0.0095,0.00791,0.3,0.25,0.1,,0.3,,,,,,,0.06,1.0,1.0,0.075373,0.0,1.0,0.987187,1.0,1.0,0.0,0,,0,,,,,,,,,,,,,0,0,0,,0,0,0,0,,,,,,,0,,0,0.0,0.0,0,,0,0,0,0,0,0,0,0,,,
grand_sim_v0_7,ring_baseline,baseline,mid_stress,1,10411,ring_mesh,ring_mesh,160,0.1,0.08,0.06,0.29,1.6,0.12,0.1,0.08,0.16,0.0095,0.00791,0.3,0.25,0.1,,0.3,,,,,,,0.06,1.0,1.0,0.079188,0.0,1.0,0.986538,1.0,1.0,0.0,0,,0,,,,,,,,,,,,,0,0,0,,0,0,0,0,,,,,,,0,,0,0.0,0.0,0,,0,0,0,0,0,0,0,0,,,
grand_sim_v0_7,ring_baseline,baseline,mid_stress,2,10412,ring_mesh,ring_mesh,160,0.1,0.08,0.06,0.29,1.6,0.12,0.1,0.08,0.16,0.0095,0.00791,0.3,0.25,0.1,,0.3,,,,,,,0.06,1.0,1.0,0.079426,0.0,1.0,0.986498,1.0,1.0,0.0,0,,0,,,,,,,,,,,,,0,0,0,,0,0,0,0,,,,,,,0,,0,0.0,0.0,0,,0,0,0,0,0,0,0,0,,,
grand_sim_v0_7,ring_baseline,baseline,mid_stress,3,10413,ring_mesh,ring_mesh,160,0.1,0.08,0.06,0.29,1.6,0.12,0.1,0.08,0.16,0.0095,0.00791,0.3,0.25,0.1,,0.3,,,,,,,0.06,1.0,1.0,0.074163,0.0,1.0,0.987392,1.0,1.0,0.0,0,,0,,,,,,,,,,,,,0,0,0,,0,0,0,0,,,,,,,0,,0,0.0,0.0,0,,0,0,0,0,0,0,0,0,,,
grand_sim_v0_7,ring_baseline,baseline,mid_stress,4,10414,ring_mesh,ring_mesh,160,0.1,0.08,0.06,0.29,1.6,0.12,0.1,0.08,0.16,0.0095,0.00791,0.3,0.25,0.1,,0.3,,,,,,,0.06,1.0,1.0,0.078308,0.0,1.0,0.986688,1.0,1.0,0.0,0,,0,,,,,,,,,,,,,0,0,0,,0,0,0,0,,,,,,,0,,0,0.0,0.0,0,,0,0,0,0,0,0,0,0,,,
grand_sim_v0_7,ring_baseline,baseline,mid_stress,5,10415,ring_mesh,ring_mesh,160,0.1,0.08,0.06,0.29,1.6,0.12,0.1,0.08,0.16,0.0095,0.00791,0.3,0.25,0.1,,0.3,,,,,,,0.06,1.0,1.0,0.075246,0.0,1.0,0.987208,1.0,1.0,0.0,0,,0,,,,,,,,,,,,,0,0,0,,0,0,0,0,,,,,,,0,,0,0.0,0.0,0,,0,0,0,0,0,0,0,0,,,
grand_sim_v0_7,ring_baseline,baseline,mid_stress,6,10416,ring_mesh,ring_mesh,160,0.1,0.08,0.06,0.29,1.6,0.12,0.1,0.08,0.16,0.0095,0.00791,0.3,0.25,0.1,,0.3,,,,,,,0.06,1.0,1.0,0.077098,0.0,1.0,0.986893,1.0,1.0,0.0,0,,0,,,,,,,,,,,,,0,0,0,,0,0,0,0,,,,,,,0,,0,0.0,0.0,0,,0,0,0,0,0,0,0,0,,,
grand_sim_v0_7,ring_baseline,baseline,mid_stress,7,10417,ring_mesh,ring_mesh,160,0.1,0.08,0.06,0.29,1.6,0.12,0.1,0.08,0.16,0.0095,0.00791,0.3,0.25,0.1,,0.3,,,,,,,0.06,1.0,1.0,0.075301,0.0,1.0,0.987199,1.0,1.0,0.0,0,,0,,,,,,,,,,,,,0,0,0,,0,0,0,0,,,,,,,0,,0,0.0,0.0,0,,0,0,0,0,0,0,0,0,,,
grand_sim_v0_7,ring_baseline,baseline,mid_stress,8,10418,ring_mesh,ring_mesh,160,0.1,0.08,0.06,0.29,1.6,0.12,0.1,0.08,0.16,0.0095,0.00791,0.3,0.25,0.1,,0.3,,,,,,,0.06,1.0,1.0,0.076826,0.0,1.0,0.98694,1.0,1.0,0.0,0,,0,,,,,,,,,,,,,0,0,0,,0,0,0,0,,,,,,,0,,0,0.0,0.0,0,,0,0,0,0,0,0,0,0,,,
grand_sim_v0_7,ring_baseline,baseline,mid_stress,9,10419,ring_mesh,ring_mesh,160,0.1,0.08,0.06,0.29,1.6,0.12,0.1,0.08,0.16,0.0095,0.00791,0.3,0.25,0.1,,0.3,,,,,,,0.06,1.0,1.0,0.075099,0.0,1.0,0.987233,1.0,1.0,0.0,0,,0,,,,,,,,,,,,,0,0,0,,0,0,0,0,,,,,,,0,,0,0.0,0.0,0,,0,0,0,0,0,0,0,0,,,
grand_sim_v0_7,ring_baseline,baseline,high_stress,0,10420,ring_mesh,ring_mesh,160,0.14,0.05,0.09,0.26,2.0,0.06,0.13,0.1,0.2,0.012,0.00998,0.3,0.25,0.1,,0.3,,,,,,,0.09,0.03,0.03,0.089716,1.0,0.0,0.169148,0.0,0.0,1.0,1,37,122,38,C04_S_THRESHOLD,37,37,,39,44,-1,-1,,1,6,0,0,0,,0,116,0,0,,,,,,,0,,0,0.0,0.0,0,,0,0,0,0,0,0,0,0,,,
grand_sim_v0_7,ring_baseline,baseline,high_stress,1,10421,ring_mesh,ring_mesh,160,0.14,0.05,0.09,0.26,2.0,0.06,0.13,0.1,0.2,0.012,0.00998,0.3,0.25,0.1,,0.3,,,,,,,0.09,0.03,0.03,0.08703,1.0,0.0,0.169605,0.0,0.0,1.0,1,41,118,42,C04_S_THRESHOLD,40,41,,42,48,-2,-1,,0,6,0,0,0,,0,112,0,0,,,,,,,0,,0,0.0,0.0,0,,0,0,0,0,0,0,0,0,,,
grand_sim_v0_7,ring_baseline,baseline,high_stress,2,10422,ring_mesh,ring_mesh,160,0.14,0.05,0.09,0.26,2.0,0.06,0.13,0.1,0.2,0.012,0.00998,0.3,0.25,0.1,,0.3,,,,,,,0.09,0.03,0.03,0.095094,1.0,0.0,0.168234,0.0,0.0,1.0,1,41,119,41,C04_S_THRESHOLD,39,41,,42,47,-2,0,,1,6,0,0,0,,0,112,0,0,,,,,,,0,,0,0.0,0.0,0,,0,0,0,0,0,0,0,0,,,
grand_sim_v0_7,ring_baseline,baseline,high_stress,3,10423,ring_mesh,ring_mesh,160,0.14,0.05,0.09,0.26,2.0,0.06,0.13,0.1,0.2,0.012,0.00998,0.3,0.25,0.1,,0.3,,,,,,,0.09,0.03,0.03,0.091249,1.0,0.0,0.168888,0.0,0.0,1.0,1,38,121,39,C04_S_THRESHOLD,37,38,,40,46,-2,-1,,1,7,0,0,0,,0,115,0,0,,,,,,,0,,0,0.0,0.0,0,,0,0,0,0,0,0,0,0,,,
grand_sim_v0_7,ring_baseline,baseline,high_stress,4,10424,ring_mesh,ring_mesh,160,0.14,0.05,0.09,0.26,2.0,0.06,0.13,0.1,0.2,0.012,0.00998,0.3,0.25,0.1,,0.3,,,,,,,0.09,0.03,0.03,0.089641,1.0,0.0,0.169161,0.0,0.0,1.0,1,40,119,41,C04_S_THRESHOLD,38,40,,42,47,-3,-1,,1,6,0,0,0,,0,113,0,0,,,,,,,0,,0,0.0,0.0,0,,0,0,0,0,0,0,0,0,,,
grand_sim_v0_7,ring_baseline,baseline,high_stress,5,10425,ring_mesh,ring_mesh,160,0.14,0.05,0.09,0.26,2.0,0.06,0.13,0.1,0.2,0.012,0.00998,0.3,0.25,0.1,,0.3,,,,,,,0.09,0.03,0.03,0.09004,1.0,0.0,0.169093,0.0,0.0,1.0,1,39,121,39,C04_S_THRESHOLD,36,39,,40,46,-3,0,,1,7,0,0,0,,0,115,1,0,,,,,,,0,,0,0.0,0.0,0,,0,0,0,0,0,0,0,0,,,
grand_sim_v0_7,ring_baseline,baseline,high_stress,6,10426,ring_mesh,ring_mesh,160,0.14,0.05,0.09,0.26,2.0,0.06,0.13,0.1,0.2,0.012,0.00998,0.3,0.25,0.1,,0.3,,,,,,,0.09,0.03,0.03,0.086618,1.0,0.0,0.169675,0.0,0.0,1.0,1,36,122,38,C04_S_THRESHOLD,35,36,,38,44,-3,-2,,0,6,0,0,0,,0,118,0,0,,,,,,,0,,0,0.0,0.0,0,,0,0,0,0,0,0,0,0,,,
grand_sim_v0_7,ring_baseline,baseline,high_stress,7,10427,ring_mesh,ring_mesh,160,0.14,0.05,0.09,0.26,2.0,0.06,0.13,0.1,0.2,0.012,0.00998,0.3,0.25,0.1,,0.3,,,,,,,0.09,0.03,0.03,0.089103,1.0,0.0,0.169252,0.0,0.0,1.0,1,37,122,38,C04_S_THRESHOLD,36,37,,39,45,-2,-1,,1,7,0,0,0,,0,116,0,0,,,,,,,0,,0,0.0,0.0,0,,0,0,0,0,0,0,0,0,,,
grand_sim_v0_7,ring_baseline,baseline,high_stress,8,10428,ring_mesh,ring_mesh,160,0.14,0.05,0.09,0.26,2.0,0.06,0.13,0.1,0.2,0.012,0.00998,0.3,0.25,0.1,,0.3,,,,,,,0.09,0.03,0.03,0.085715,1.0,0.0,0.169828,0.0,0.0,1.0,1,36,123,37,C04_S_THRESHOLD,34,36,,38,44,-3,-1,,1,7,0,0,0,,0,116,1,0,,,,,,,0,,0,0.0,0.0,0,,0,0,0,0,0,0,0,0,,,
grand_sim_v0_7,ring_baseline,baseline,high_stress,9,10429,ring_mesh,ring_mesh,160,0.14,0.05,0.09,0.26,2.0,0.06,0.13,0.1,0.2,0.012,0.00998,0.3,0.25,0.1,,0.3,,,,,,,0.09,0.03,0.03,0.086381,1.0,0.0,0.169715,0.0,0.0,1.0,1,35,123,37,C04_S_THRESHOLD,34,35,,37,43,-3,-2,,0,6,0,0,0,,0,118,0,0,,,,,,,0,,0,0.0,0.0,0,,0,0,0,0,0,0,0,0,,,
grand_sim_v0_7,federation_cluster_attack,federation,low_stress,0,10430,federation,federation,160,0.06,0.1,0.04,0.32,1.2,0.2,0.08,0.06,0.12,0.0075,0.006735,0.3,0.25,0.1,stability_heavy_no_regime,0.3,0.2,0.2,0.15,0.35,0.0,1.0,0.03,0.676685,0.03,0.096514,0.0,0.815669,0.39367,0.972401,0.972401,0.333333,0,,65,81,C07_PSI_EXTENDED,98,,83,,83,17,,2,,2,1,0,0,,0,0,0,0,,,,,,,0,133,27,0.003184,0.0,0,,0,0,0,0,0,0,0,0,,,
grand_sim_v0_7,federation_cluster_attack,federation,low_stress,1,10431,federation,federation,160,0.06,0.1,0.04,0.32,1.2,0.2,0.08,0.06,0.12,0.0075,0.006735,0.3,0.25,0.1,stability_heavy_no_regime,0.3,0.2,0.2,0.15,0.35,0.0,1.0,0.03,0.67673,0.03,0.098655,0.0,0.815527,0.390615,0.983212,0.983212,0.333333,0,,69,79,C07_PSI_EXTENDED,97,,82,,82,18,,3,,3,1,0,0,,0,0,0,0,,,,,,,0,131,29,0.00323,0.0,0,,0,0,0,0,0,0,0,0,,,
grand_sim_v0_7,federation_cluster_attack,federation,low_stress,2,10432,federation,federation,160,0.06,0.1,0.04,0.32,1.2,0.2,0.08,0.06,0.12,0.0075,0.006735,0.3,0.25,0.1,stability_heavy_no_regime,0.3,0.2,0.2,0.15,0.35,0.0,1.0,0.03,0.676707,0.03,0.10062,0.0,0.814724,0.389937,0.983215,0.983215,0.333333,0,,75,79,C07_PSI_EXTENDED,97,,81,,82,18,,2,,3,1,0,0,,0,0,0,0,,,,,,,0,123,37,0.003227,0.0,0,,0,0,0,0,0,0,0,0,,,
grand_sim_v0_7,federation_cluster_attack,federation,low_stress,3,10433,federation,federation,160,0.06,0.1,0.04,0.32,1.2,0.2,0.08,0.06,0.12,0.0075,0.006735,0.3,0.25,0.1,stability_heavy_no_regime,0.3,0.2,0.2,0.15,0.35,0.0,1.0,0.03,0.67717,0.03,0.09074,0.0,0.816275,0.397055,0.963675,0.963675,0.333333,0,,68,80,C07_PSI_EXTENDED,97,,82,,83,17,,2,,3,1,0,0,,0,0,0,0,,,,,,,0,127,33,0.003198,0.0,0,,0,0,0,0,0,0,0,0,,,
grand_sim_v0_7,federation_cluster_attack,federation,low_stress,4,10434,federation,federation,160,0.06,0.1,0.04,0.32,1.2,0.2,0.08,0.06,0.12,0.0075,0.006735,0.3,0.25,0.1,stability_heavy_no_regime,0.3,0.2,0.2,0.15,0.35,0.0,1.0,0.03,0.676866,0.03,0.096495,0.0,0.814797,0.391842,0.990467,0.990467,0.333333,0,,74,78,C07_PSI_EXTENDED,93,,80,,81,15,,2,,3,1,0,0,,0,0,0,0,,,,,,,0,120,40,0.003159,0.0,0,,0,0,0,0,0,0,0,0,,,
grand_sim_v0_7,federation_cluster_attack,federation,low_stress,5,10435,federation,federation,160,0.06,0.1,0.04,0.32,1.2,0.2,0.08,0.06,0.12,0.0075,0.006735,0.3,0.25,0.1,stability_heavy_no_regime,0.3,0.2,0.2,0.15,0.35,0.0,1.0,0.03,0.676922,0.03,0.101724,0.0,0.81474,0.392477,0.986055,0.986055,0.333333,0,,74,77,C07_PSI_EXTENDED,96,,79,,80,19,,2,,3,1,0,0,,0,0,0,0,,,,,,,0,119,41,0.003193,0.0,0,,0,0,0,0,0,0,0,0,,,
grand_sim_v0_7,federation_cluster_attack,federation,low_stress,6,10436,federation,federation,160,0.06,0.1,0.04,0.32,1.2,0.2,0.08,0.06,0.12,0.0075,0.006735,0.3,0.25,0.1,stability_heavy_no_regime,0.3,0.2,0.2,0.15,0.35,0.0,1.0,0.03,0.676789,0.03,0.092598,0.0,0.814678,0.394064,0.963759,0.963759,0.333333,0,,68,79,C07_PSI_EXTENDED,98,,80,,82,19,,1,,3,1,0,0,,0,0,0,0,,,,,,,0,125,35,0.003155,0.0,0,,0,0,0,0,0,0,0,0,,,
grand_sim_v0_7,federation_cluster_attack,federation,low_stress,7,10437,federation,federation,160,0.06,0.1,0.04,0.32,1.2,0.2,0.08,0.06,0.12,0.0075,0.006735,0.3,0.25,0.1,stability_heavy_no_regime,0.3,0.2,0.2,0.15,0.35,0.0,1.0,0.03,0.676883,0.03,0.097293,0.0,0.815028,0.389007,0.989038,0.989038,0.333333,0,,69,80,C07_PSI_EXTENDED,99,,81,,82,19,,1,,2,1,0,0,,0,0,0,0,,,,,,,0,125,35,0.003232,0.0,0,,0,0,0,0,0,0,0,0,,,
grand_sim_v0_7,federation_cluster_attack,federation,low_stress,8,10438,federation,federation,160,0.06,0.1,0.04,0.32,1.2,0.2,0.08,0.06,0.12,0.0075,0.006735,0.3,0.25,0.1,stability_heavy_no_regime,0.3,0.2,0.2,0.15,0.35,0.0,1.0,0.03,0.677199,0.03,0.093687,0.0,0.815312,0.393755,0.966168,0.966168,0.333333,0,,68,79,C07_PSI_EXTENDED,98,,81,,82,19,,2,,3,1,0,0,,0,0,0,0,,,,,,,0,123,37,0.003222,0.0,0,,0,0,0,0,0,0,0,0,,,
grand_sim_v0_7,federation_cluster_attack,federation,low_stress,9,10439,federation,federation,160,0.06,0.1,0.04,0.32,1.2,0.2,0.08,0.06,0.12,0.0075,0.006735,0.3,0.25,0.1,stability_heavy_no_regime,0.3,0.2,0.2,0.15,0.35,0.0,1.0,0.03,0.676964,0.03,0.09194,0.0,0.814571,0.393223,0.974675,0.974675,0.333333,0,,71,80,C07_PSI_EXTENDED,97,,81,,82,17,,1,,2,1,0,0,,0,0,0,0,,,,,,,0,130,30,0.003188,0.0,0,,0,0,0,0,0,0,0,0,,,
grand_sim_v0_7,federation_cluster_attack,federation,mid_stress,0,10440,federation,federation,160,0.1,0.08,0.06,0.29,1.6,0.12,0.1,0.08,0.16,0.0095,0.00791,0.3,0.25,0.1,stability_heavy_no_regime,0.3,0.2,0.2,0.15,0.35,0.0,1.0,0.06,0.676667,0.03,0.104051,0.0,0.785748,0.37109,1.0,1.0,0.333333,0,,105,55,C07_PSI_EXTENDED,67,,56,,57,12,,1,,2,1,0,0,,0,0,0,0,,,,,,,0,78,82,0.002618,0.0,0,,0,0,0,0,0,0,0,0,,,
grand_sim_v0_7,federation_cluster_attack,federation,mid_stress,1,10441,federation,federation,160,0.1,0.08,0.06,0.29,1.6,0.12,0.1,0.08,0.16,0.0095,0.00791,0.3,0.25,0.1,stability_heavy_no_regime,0.3,0.2,0.2,0.15,0.35,0.0,1.0,0.06,0.676667,0.03,0.110196,3.6e-05,0.786797,0.369576,1.0,1.0,0.333333,0,,105,55,C07_PSI_EXTENDED,66,,55,,56,11,,0,,1,1,0,0,,0,0,0,0,,,,,,,0,75,85,0.002842,0.0,0,,0,0,0,0,0,0,0,0,,,
grand_sim_v0_7,federation_cluster_attack,federation,mid_stress,2,10442,federation,federation,160,0.1,0.08,0.06,0.29,1.6,0.12,0.1,0.08,0.16,0.0095,0.00791,0.3,0.25,0.1,stability_heavy_no_regime,0.3,0.2,0.2,0.15,0.35,0.0,1.0,0.06,0.676667,0.03,0.107449,0.0,0.786006,0.375001,1.0,1.0,0.333333,0,,105,55,C07_PSI_EXTENDED,66,,55,,57,11,,0,,2,1,0,0,,0,0,0,0,,,,,,,0,84,76,0.002647,0.0,0,,0,0,0,0,0,0,0,0,,,
grand_sim_v0_7,federation_cluster_attack,federation,mid_stress,3,10443,federation,federation,160,0.1,0.08,0.06,0.29,1.6,0.12,0.1,0.08,0.16,0.0095,0.00791,0.3,0.25,0.1,stability_heavy_no_regime,0.3,0.2,0.2,0.15,0.35,0.0,1.0,0.06,0.676667,0.03,0.105378,0.0,0.786432,0.370792,1.0,1.0,0.333333,0,,104,56,C07_PSI_EXTENDED,67,,60,,57,11,,4,,1,1,0,0,,0,0,0,0,,,,,,,0,90,70,0.002644,0.0,0,,0,0,0,0,0,0,0,0,,,
grand_sim_v0_7,federation_cluster_attack,federation,mid_stress,4,10444,federation,federation,160,0.1,0.08,0.06,0.29,1.6,0.12,0.1,0.08,0.16,0.0095,0.00791,0.3,0.25,0.1,stability_heavy_no_regime,0.3,0.2,0.2,0.15,0.35,0.0,1.0,0.06,0.676667,0.03,0.101543,0.0,0.786384,0.372431,1.0,1.0,0.333333,0,,106,54,C07_PSI_EXTENDED,65,,55,,56,11,,1,,2,1,0,0,,0,0,0,0,,,,,,,0,72,88,0.003343,0.0,0,,0,0,0,0,0,0,0,0,,,
grand_sim_v0_7,federation_cluster_attack,federation,mid_stress,5,10445,federation,federation,160,0.1,0.08,0.06,0.29,1.6,0.12,0.1,0.08,0.16,0.0095,0.00791,0.3,0.25,0.1,stability_heavy_no_regime,0.3,0.2,0.2,0.15,0.35,0.0,1.0,0.06,0.676667,0.03,0.109784,0.0,0.783889,0.370904,1.0,1.0,0.333333,0,,104,56,C07_PSI_EXTENDED,65,,56,,57,9,,0,,1,1,0,0,,0,0,0,0,,,,,,,0,83,77,0.002565,0.0,0,,0,0,0,0,0,0,0,0,,,
grand_sim_v0_7,federation_cluster_attack,federation,mid_stress,6,10446,federation,federation,160,0.1,0.08,0.06,0.29,1.6,0.12,0.1,0.08,0.16,0.0095,0.00791,0.3,0.25,0.1,stability_heavy_no_regime,0.3,0.2,0.2,0.15,0.35,0.0,1.0,0.06,0.676667,0.03,0.108003,0.0,0.786304,0.373363,1.0,1.0,0.333333,0,,105,55,C07_PSI_EXTENDED,66,,55,,57,11,,0,,2,1,0,0,,0,0,0,0,,,,,,,0,75,85,0.002689,0.0,0,,0,0,0,0,0,0,0,0,,,
grand_sim_v0_7,federation_cluster_attack,federation,mid_stress,7,10447,federation,federation,160,0.1,0.08,0.06,0.29,1.6,0.12,0.1,0.08,0.16,0.0095,0.00791,0.3,0.25,0.1,stability_heavy_no_regime,0.3,0.2,0.2,0.15,0.35,0.0,1.0,0.06,0.676667,0.03,0.108529,2.1e-05,0.784923,0.368933,1.0,1.0,0.333333,0,,105,55,C07_PSI_EXTENDED,65,,56,,57,10,,1,,2,1,0,0,,0,0,0,0,,,,,,,0,79,81,0.002619,0.0,0,,0,0,0,0,0,0,0,0,,,
grand_sim_v0_7,federation_cluster_attack,federation,mid_stress,8,10448,federation,federation,160,0.1,0.08,0.06,0.29,1.6,0.12,0.1,0.08,0.16,0.0095,0.00791,0.3,0.25,0.1,stability_heavy_no_regime,0.3,0.2,0.2,0.15,0.35,0.0,1.0,0.06,0.676667,0.03,0.106979,0.0,0.785758,0.370258,1.0,1.0,0.333333,0,,104,56,C07_PSI_EXTENDED,62,,56,,57,6,,0,,1,1,0,0,,0,0,0,0,,,,,,,0,83,77,0.002651,0.0,0,,0,0,0,0,0,0,0,0,,,
grand_sim_v0_7,federation_cluster_attack,federation,mid_stress,9,10449,federation,federation,160,0.1,0.08,0.06,0.29,1.6,0.12,0.1,0.08,0.16,0.0095,0.00791,0.3,0.25,0.1,stability_heavy_no_regime,0.3,0.2,0.2,0.15,0.35,0.0,1.0,0.06,0.676667,0.03,0.105808,0.000133,0.785529,0.372599,1.0,1.0,0.333333,0,,104,56,C07_PSI_EXTENDED,67,,56,,57,11,,0,,1,1,0,0,,0,0,0,0,,,,,,,0,83,77,0.00262,0.0,0,,0,0,0,0,0,0,0,0,,,
grand_sim_v0_7,federation_cluster_attack,federation,high_stress,0,10450,federation,federation,160,0.14,0.05,0.09,0.26,2.0,0.06,0.13,0.1,0.2,0.012,0.00998,0.3,0.25,0.1,stability_heavy_no_regime,0.3,0.2,0.2,0.15,0.35,0.0,1.0,0.09,0.03,0.03,0.130321,1.0,0.0,0.158301,0.0,0.0,1.0,1,29,141,19,C07_PSI_EXTENDED,27,29,25,30,28,8,10,6,11,9,1,0,0,,0,125,0,0,,,,,,,0,,0,0.0,0.0,0,,0,0,0,0,0,0,0,0,,,
grand_sim_v0_7,federation_cluster_attack,federation,high_stress,1,10451,federation,federation,160,0.14,0.05,0.09,0.26,2.0,0.06,0.13,0.1,0.2,0.012,0.00998,0.3,0.25,0.1,stability_heavy_no_regime,0.3,0.2,0.2,0.15,0.35,0.0,1.0,0.09,0.03,0.03,0.122751,1.0,0.0,0.159653,0.0,0.0,1.0,1,28,142,18,C07_PSI_EXTENDED,27,28,25,29,29,9,10,7,11,11,1,0,0,,0,127,0,0,,,,,,,0,,0,0.0,0.0,0,,0,0,0,0,0,0,0,0,,,
grand_sim_v0_7,federation_cluster_attack,federation,high_stress,2,10452,federation,federation,160,0.14,0.05,0.09,0.26,2.0,0.06,0.13,0.1,0.2,0.012,0.00998,0.3,0.25,0.1,stability_heavy_no_regime,0.3,0.2,0.2,0.15,0.35,0.0,1.0,0.09,0.03,0.03,0.129921,1.0,0.0,0.159064,0.0,0.0,1.0,1,28,141,19,C07_PSI_EXTENDED,26,28,25,30,28,7,9,6,11,9,1,0,0,,0,125,0,0,,,,,,,0,,0,0.0,0.0,0,,0,0,0,0,0,0,0,0,,,
grand_sim_v0_7,federation_cluster_attack,federation,high_stress,3,10453,federation,federation,160,0.14,0.05,0.09,0.26,2.0,0.06,0.13,0.1,0.2,0.012,0.00998,0.3,0.25,0.1,stability_heavy_no_regime,0.3,0.2,0.2,0.15,0.35,0.0,1.0,0.09,0.03,0.03,0.124874,1.0,0.0,0.159378,0.0,0.0,1.0,1,28,140,20,C07_PSI_EXTENDED,27,28,27,29,30,7,8,7,9,10,1,0,0,,0,127,0,0,,,,,,,0,,0,0.0,0.0,0,,0,0,0,0,0,0,0,0,,,
grand_sim_v0_7,federation_cluster_attack,federation,high_stress,4,10454,federation,federation,160,0.14,0.05,0.09,0.26,2.0,0.06,0.13,0.1,0.2,0.012,0.00998,0.3,0.25,0.1,stability_heavy_no_regime,0.3,0.2,0.2,0.15,0.35,0.0,1.0,0.09,0.03,0.03,0.124012,1.0,0.0,0.159904,0.0,0.0,1.0,1,28,141,19,C07_PSI_EXTENDED,27,28,25,30,29,8,9,6,11,10,1,0,0,,0,124,0,0,,,,,,,0,,0,0.0,0.0,0,,0,0,0,0,0,0,0,0,,,
grand_sim_v0_7,federation_cluster_attack,federation,high_stress,5,10455,federation,federation,160,0.14,0.05,0.09,0.26,2.0,0.06,0.13,0.1,0.2,0.012,0.00998,0.3,0.25,0.1,stability_heavy_no_regime,0.3,0.2,0.2,0.15,0.35,0.0,1.0,0.09,0.03,0.03,0.123367,1.0,0.0,0.159554,0.0,0.0,1.0,1,26,142,18,C07_PSI_EXTENDED,25,26,25,27,28,7,8,7,9,10,1,0,0,,0,128,0,0,,,,,,,0,,0,0.0,0.0,0,,0,0,0,0,0,0,0,0,,,
grand_sim_v0_7,federation_cluster_attack,federation,high_stress,6,10456,federation,federation,160,0.14,0.05,0.09,0.26,2.0,0.06,0.13,0.1,0.2,0.012,0.00998,0.3,0.25,0.1,stability_heavy_no_regime,0.3,0.2,0.2,0.15,0.35,0.0,1.0,0.09,0.03,0.03,0.128904,1.0,0.0,0.156787,0.0,0.0,1.0,1,30,138,22,C07_PSI_EXTENDED,28,30,28,31,31,6,8,6,9,9,1,0,0,,0,124,0,0,,,,,,,0,,0,0.0,0.0,0,,0,0,0,0,0,0,0,0,,,
grand_sim_v0_7,federation_cluster_attack,federation,high_stress,7,10457,federation,federation,160,0.14,0.05,0.09,0.26,2.0,0.06,0.13,0.1,0.2,0.012,0.00998,0.3,0.25,0.1,stability_heavy_no_regime,0.3,0.2,0.2,0.15,0.35,0.0,1.0,0.09,0.03,0.03,0.124304,1.0,0.0,0.161984,0.0,0.0,1.0,1,30,142,18,C07_PSI_EXTENDED,27,30,25,30,28,9,12,7,12,10,1,0,0,,0,126,0,0,,,,,,,0,,0,0.0,0.0,0,,0,0,0,0,0,0,0,0,,,
grand_sim_v0_7,federation_cluster_attack,federation,high_stress,8,10458,federation,federation,160,0.14,0.05,0.09,0.26,2.0,0.06,0.13,0.1,0.2,0.012,0.00998,0.3,0.25,0.1,stability_heavy_no_regime,0.3,0.2,0.2,0.15,0.35,0.0,1.0,0.09,0.03,0.03,0.122365,1.0,0.0,0.159862,0.0,0.0,1.0,1,29,142,18,C07_PSI_EXTENDED,27,29,25,29,28,9,11,7,11,10,1,0,0,,0,126,0,0,,,,,,,0,,0,0.0,0.0,0,,0,0,0,0,0,0,0,0,,,
grand_sim_v0_7,federation_cluster_attack,federation,high_stress,9,10459,federation,federation,160,0.14,0.05,0.09,0.26,2.0,0.06,0.13,0.1,0.2,0.012,0.00998,0.3,0.25,0.1,stability_heavy_no_regime,0.3,0.2,0.2,0.15,0.35,0.0,1.0,0.09,0.03,0.03,0.131431,1.0,0.0,0.15743,0.0,0.0,1.0,1,27,142,18,C07_PSI_EXTENDED,25,27,25,29,27,7,9,7,11,9,1,0,0,,0,125,0,0,,,,,,,0,,0,0.0,0.0,0,,0,0,0,0,0,0,0,0,,,
grand_sim_v0_7,federation_bridge_stress,federation,low_stress,0,10460,federation,federation,160,0.06,0.1,0.04,0.32,1.2,0.2,0.08,0.06,0.12,0.0075,0.006735,0.3,0.25,0.1,stability_heavy_no_regime,0.3,0.2,0.2,0.15,0.35,0.0,1.0,0.03,0.903,0.03,0.116801,0.0,0.939882,0.974306,1.0,1.0,0.1,0,,0,,,,,,,,,,,,,0,0,0,,0,0,0,0,,,,,,,0,134,26,0.010105,0.0,0,,0,0,0,0,0,0,0,0,,,
grand_sim_v0_7,federation_bridge_stress,federation,low_stress,1,10461,federation,federation,160,0.06,0.1,0.04,0.32,1.2,0.2,0.08,0.06,0.12,0.0075,0.006735,0.3,0.25,0.1,stability_heavy_no_regime,0.3,0.2,0.2,0.15,0.35,0.0,1.0,0.03,0.903038,0.03,0.10411,0.0,0.941156,0.973782,1.0,1.0,0.1,0,,0,,,,,,,,,,,,,0,0,0,,0,0,0,0,,,,,,,0,145,15,0.010069,0.0,0,,0,0,0,0,0,0,0,0,,,
grand_sim_v0_7,federation_bridge_stress,federation,low_stress,2,10462,federation,federation,160,0.06,0.1,0.04,0.32,1.2,0.2,0.08,0.06,0.12,0.0075,0.006735,0.3,0.25,0.1,stability_heavy_no_regime,0.3,0.2,0.2,0.15,0.35,0.0,1.0,0.03,0.903,0.03,0.108137,0.0,0.939205,0.976158,1.0,1.0,0.1,0,,0,,,,,,,,,,,,,0,0,0,,0,0,0,0,,,,,,,0,152,8,0.006841,0.0,0,,0,0,0,0,0,0,0,0,,,
grand_sim_v0_7,federation_bridge_stress,federation,low_stress,3,10463,federation,federation,160,0.06,0.1,0.04,0.32,1.2,0.2,0.08,0.06,0.12,0.0075,0.006735,0.3,0.25,0.1,stability_heavy_no_regime,0.3,0.2,0.2,0.15,0.35,0.0,1.0,0.03,0.903,0.03,0.108632,0.0,0.940323,0.975251,1.0,1.0,0.1,0,,0,,,,,,,,,,,,,0,0,0,,0,0,0,0,,,,,,,0,116,44,0.011985,0.0,0,,0,0,0,0,0,0,0,0,,,
grand_sim_v0_7,federation_bridge_stress,federation,low_stress,4,10464,federation,federation,160,0.06,0.1,0.04,0.32,1.2,0.2,0.08,0.06,0.12,0.0075,0.006735,0.3,0.25,0.1,stability_heavy_no_regime,0.3,0.2,0.2,0.15,0.35,0.0,1.0,0.03,0.903168,0.03,0.110659,0.0,0.940929,0.974215,1.0,1.0,0.1,0,,0,,,,,,,,,,,,,0,0,0,,0,0,0,0,,,,,,,0,154,6,0.007079,0.0,0,,0,0,0,0,0,0,0,0,,,
grand_sim_v0_7,federation_bridge_stress,federation,low_stress,5,10465,federation,federation,160,0.06,0.1,0.04,0.32,1.2,0.2,0.08,0.06,0.12,0.0075,0.006735,0.3,0.25,0.1,stability_heavy_no_regime,0.3,0.2,0.2,0.15,0.35,0.0,1.0,0.03,0.903,0.03,0.107547,0.0,0.939707,0.976602,1.0,1.0,0.1,0,,0,,,,,,,,,,,,,0,0,0,,0,0,0,0,,,,,,,0,117,43,0.013454,0.0,0,,0,0,0,0,0,0,0,0,,,
grand_sim_v0_7,federation_bridge_stress,federation,low_stress,6,10466,federation,federation,160,0.06,0.1,0.04,0.32,1.2,0.2,0.08,0.06,0.12,0.0075,0.006735,0.3,0.25,0.1,stability_heavy_no_regime,0.3,0.2,0.2,0.15,0.35,0.0,1.0,0.03,0.903,0.03,0.108789,6e-06,0.940833,0.976159,1.0,1.0,0.1,0,,0,,,,,,,,,,,,,0,0,0,,0,0,0,0,,,,,,,0,116,44,0.009973,0.0,0,,0,0,0,0,0,0,0,0,,,
grand_sim_v0_7,federation_bridge_stress,federation,low_stress,7,10467,federation,federation,160,0.06,0.1,0.04,0.32,1.2,0.2,0.08,0.06,0.12,0.0075,0.006735,0.3,0.25,0.1,stability_heavy_no_regime,0.3,0.2,0.2,0.15,0.35,0.0,1.0,0.03,0.903,0.03,0.106302,0.0,0.939916,0.976424,1.0,1.0,0.1,0,,0,,,,,,,,,,,,,0,0,0,,0,0,0,0,,,,,,,0,124,36,0.009988,0.0,0,,0,0,0,0,0,0,0,0,,,
grand_sim_v0_7,federation_bridge_stress,federation,low_stress,8,10468,federation,federation,160,0.06,0.1,0.04,0.32,1.2,0.2,0.08,0.06,0.12,0.0075,0.006735,0.3,0.25,0.1,stability_heavy_no_regime,0.3,0.2,0.2,0.15,0.35,0.0,1.0,0.03,0.903,0.03,0.109352,0.0,0.940922,0.975487,1.0,1.0,0.1,0,,0,,,,,,,,,,,,,0,0,0,,0,0,0,0,,,,,,,0,112,48,0.011985,0.0,0,,0,0,0,0,0,0,0,0,,,
grand_sim_v0_7,federation_bridge_stress,federation,low_stress,9,10469,federation,federation,160,0.06,0.1,0.04,0.32,1.2,0.2,0.08,0.06,0.12,0.0075,0.006735,0.3,0.25,0.1,stability_heavy_no_regime,0.3,0.2,0.2,0.15,0.35,0.0,1.0,0.03,0.903106,0.03,0.1057,0.0,0.939571,0.975429,1.0,1.0,0.1,0,,0,,,,,,,,,,,,,0,0,0,,0,0,0,0,,,,,,,0,155,5,0.006663,0.0,0,,0,0,0,0,0,0,0,0,,,
grand_sim_v0_7,federation_bridge_stress,federation,mid_stress,0,10470,federation,federation,160,0.1,0.08,0.06,0.29,1.6,0.12,0.1,0.08,0.16,0.0095,0.00791,0.3,0.25,0.1,stability_heavy_no_regime,0.3,0.2,0.2,0.15,0.35,0.0,1.0,0.06,0.903,0.03,0.123806,0.0,0.933884,0.97218,1.0,1.0,0.1,0,,0,,,,,,,,,,,,,0,0,0,,0,0,0,0,,,,,,,0,72,88,0.011702,0.0,0,,0,0,0,0,0,0,0,0,,,
grand_sim_v0_7,federation_bridge_stress,federation,mid_stress,1,10471,federation,federation,160,0.1,0.08,0.06,0.29,1.6,0.12,0.1,0.08,0.16,0.0095,0.00791,0.3,0.25,0.1,stability_heavy_no_regime,0.3,0.2,0.2,0.15,0.35,0.0,1.0,0.06,0.903,0.03,0.115648,0.0,0.934608,0.973339,1.0,1.0,0.1,0,,0,,,,,,,,,,,,,0,0,0,,0,0,0,0,,,,,,,0,88,72,0.018118,0.0,0,,0,0,0,0,0,0,0,0,,,
grand_sim_v0_7,federation_bridge_stress,federation,mid_stress,2,10472,federation,federation,160,0.1,0.08,0.06,0.29,1.6,0.12,0.1,0.08,0.16,0.0095,0.00791,0.3,0.25,0.1,stability_heavy_no_regime,0.3,0.2,0.2,0.15,0.35,0.0,1.0,0.06,0.903,0.03,0.126125,0.000228,0.933465,0.971223,1.0,1.0,0.1,0,,0,,,,,,,,,,,,,0,0,0,,0,0,0,0,,,,,,,0,72,88,0.01528,0.0,0,,0,0,0,0,0,0,0,0,,,
grand_sim_v0_7,federation_bridge_stress,federation,mid_stress,3,10473,federation,federation,160,0.1,0.08,0.06,0.29,1.6,0.12,0.1,0.08,0.16,0.0095,0.00791,0.3,0.25,0.1,stability_heavy_no_regime,0.3,0.2,0.2,0.15,0.35,0.0,1.0,0.06,0.903,0.03,0.11719,0.0,0.93297,0.969068,1.0,1.0,0.1,0,,0,,,,,,,,,,,,,0,0,0,,0,0,0,0,,,,,,,0,93,67,0.015286,0.0,0,,0,0,0,0,0,0,0,0,,,
grand_sim_v0_7,federation_bridge_stress,federation,mid_stress,4,10474,federation,federation,160,0.1,0.08,0.06,0.29,1.6,0.12,0.1,0.08,0.16,0.0095,0.00791,0.3,0.25,0.1,stability_heavy_no_regime,0.3,0.2,0.2,0.15,0.35,0.0,1.0,0.06,0.903,0.03,0.122143,0.0,0.933718,0.972804,1.0,1.0,0.1,0,,0,,,,,,,,,,,,,0,0,0,,0,0,0,0,,,,,,,0,91,69,0.011126,0.0,0,,0,0,0,0,0,0,0,0,,,
grand_sim_v0_7,federation_bridge_stress,federation,mid_stress,5,10475,federation,federation,160,0.1,0.08,0.06,0.29,1.6,0.12,0.1,0.08,0.16,0.0095,0.00791,0.3,0.25,0.1,stability_heavy_no_regime,0.3,0.2,0.2,0.15,0.35,0.0,1.0,0.06,0.903,0.03,0.121256,0.000635,0.932071,0.972647,1.0,1.0,0.1,0,,0,,,,,,,,,,,,,0,0,0,,0,0,0,0,,,,,,,0,80,80,0.01528,0.0,0,,0,0,0,0,0,0,0,0,,,
grand_sim_v0_7,federation_bridge_stress,federation,mid_stress,6,10476,federation,federation,160,0.1,0.08,0.06,0.29,1.6,0.12,0.1,0.08,0.16,0.0095,0.00791,0.3,0.25,0.1,stability_heavy_no_regime,0.3,0.2,0.2,0.15,0.35,0.0,1.0,0.06,0.903,0.03,0.117275,0.0,0.932771,0.97429,1.0,1.0,0.1,0,,0,,,,,,,,,,,,,0,0,0,,0,0,0,0,,,,,,,0,70,90,0.01228,0.0,0,,0,0,0,0,0,0,0,0,,,
grand_sim_v0_7,federation_bridge_stress,federation,mid_stress,7,10477,federation,federation,160,0.1,0.08,0.06,0.29,1.6,0.12,0.1,0.08,0.16,0.0095,0.00791,0.3,0.25,0.1,stability_heavy_no_regime,0.3,0.2,0.2,0.15,0.35,0.0,1.0,0.06,0.903,0.03,0.120059,0.0,0.933072,0.973236,1.0,1.0,0.1,0,,0,,,,,,,,,,,,,0,0,0,,0,0,0,0,,,,,,,0,89,71,0.01528,0.0,0,,0,0,0,0,0,0,0,0,,,
grand_sim_v0_7,federation_bridge_stress,federation,mid_stress,8,10478,federation,federation,160,0.1,0.08,0.06,0.29,1.6,0.12,0.1,0.08,0.16,0.0095,0.00791,0.3,0.25,0.1,stability_heavy_no_regime,0.3,0.2,0.2,0.15,0.35,0.0,1.0,0.06,0.903,0.03,0.118426,0.0,0.93322,0.973719,1.0,1.0,0.1,0,,0,,,,,,,,,,,,,0,0,0,,0,0,0,0,,,,,,,0,95,65,0.009849,0.0,0,,0,0,0,0,0,0,0,0,,,
grand_sim_v0_7,federation_bridge_stress,federation,mid_stress,9,10479,federation,federation,160,0.1,0.08,0.06,0.29,1.6,0.12,0.1,0.08,0.16,0.0095,0.00791,0.3,0.25,0.1,stability_heavy_no_regime,0.3,0.2,0.2,0.15,0.35,0.0,1.0,0.06,0.903,0.03,0.116679,0.0,0.934183,0.976156,1.0,1.0,0.1,0,,0,,,,,,,,,,,,,0,0,0,,0,0,0,0,,,,,,,0,71,89,0.01228,0.0,0,,0,0,0,0,0,0,0,0,,,
grand_sim_v0_7,federation_bridge_stress,federation,high_stress,0,10480,federation,federation,160,0.14,0.05,0.09,0.26,2.0,0.06,0.13,0.1,0.2,0.012,0.00998,0.3,0.25,0.1,stability_heavy_no_regime,0.3,0.2,0.2,0.15,0.35,0.0,1.0,0.09,0.03,0.03,0.13807,1.0,0.0,0.156296,0.0,0.0,1.0,1,24,144,16,C07_PSI_EXTENDED,23,24,22,26,25,7,8,6,10,9,1,0,0,,0,129,0,0,,,,,,,0,,0,0.0,0.0,0,,0,0,0,0,0,0,0,0,,,
grand_sim_v0_7,federation_bridge_stress,federation,high_stress,1,10481,federation,federation,160,0.14,0.05,0.09,0.26,2.0,0.06,0.13,0.1,0.2,0.012,0.00998,0.3,0.25,0.1,stability_heavy_no_regime,0.3,0.2,0.2,0.15,0.35,0.0,1.0,0.09,0.03,0.03,0.139332,1.0,0.0,0.157724,0.0,0.0,1.0,1,27,142,18,C07_PSI_EXTENDED,25,27,25,28,27,7,9,7,10,9,1,0,0,,0,127,0,0,,,,,,,0,,0,0.0,0.0,0,,0,0,0,0,0,0,0,0,,,
grand_sim_v0_7,federation_bridge_stress,federation,high_stress,2,10482,federation,federation,160,0.14,0.05,0.09,0.26,2.0,0.06,0.13,0.1,0.2,0.012,0.00998,0.3,0.25,0.1,stability_heavy_no_regime,0.3,0.2,0.2,0.15,0.35,0.0,1.0,0.09,0.03,0.03,0.140837,1.0,0.0,0.15574,0.0,0.0,1.0,1,27,141,19,C07_PSI_EXTENDED,26,27,25,29,28,7,8,6,10,9,1,0,0,,0,126,0,0,,,,,,,0,,0,0.0,0.0,0,,0,0,0,0,0,0,0,0,,,
grand_sim_v0_7,federation_bridge_stress,federation,high_stress,3,10483,federation,federation,160,0.14,0.05,0.09,0.26,2.0,0.06,0.13,0.1,0.2,0.012,0.00998,0.3,0.25,0.1,stability_heavy_no_regime,0.3,0.2,0.2,0.15,0.35,0.0,1.0,0.09,0.03,0.03,0.141227,1.0,0.0,0.156192,0.0,0.0,1.0,1,27,141,19,C07_PSI_EXTENDED,27,27,26,29,29,8,8,7,10,10,1,0,0,,0,126,0,0,,,,,,,0,,0,0.0,0.0,0,,0,0,0,0,0,0,0,0,,,
grand_sim_v0_7,federation_bridge_stress,federation,high_stress,4,10484,federation,federation,160,0.14,0.05,0.09,0.26,2.0,0.06,0.13,0.1,0.2,0.012,0.00998,0.3,0.25,0.1,stability_heavy_no_regime,0.3,0.2,0.2,0.15,0.35,0.0,1.0,0.09,0.03,0.03,0.133593,1.0,0.0,0.159152,0.0,0.0,1.0,1,26,143,17,C07_PSI_EXTENDED,24,26,23,27,26,7,9,6,10,9,1,0,0,,0,129,0,0,,,,,,,0,,0,0.0,0.0,0,,0,0,0,0,0,0,0,0,,,
grand_sim_v0_7,federation_bridge_stress,federation,high_stress,5,10485,federation,federation,160,0.14,0.05,0.09,0.26,2.0,0.06,0.13,0.1,0.2,0.012,0.00998,0.3,0.25,0.1,stability_heavy_no_regime,0.3,0.2,0.2,0.15,0.35,0.0,1.0,0.09,0.03,0.03,0.131675,1.0,0.0,0.157866,0.0,0.0,1.0,1,28,143,17,C07_PSI_EXTENDED,26,28,26,29,28,9,11,9,12,11,1,0,0,,0,126,0,0,,,,,,,0,,0,0.0,0.0,0,,0,0,0,0,0,0,0,0,,,
grand_sim_v0_7,federation_bridge_stress,federation,high_stress,6,10486,federation,federation,160,0.14,0.05,0.09,0.26,2.0,0.06,0.13,0.1,0.2,0.012,0.00998,0.3,0.25,0.1,stability_heavy_no_regime,0.3,0.2,0.2,0.15,0.35,0.0,1.0,0.09,0.03,0.03,0.145072,1.0,0.0,0.156069,0.0,0.0,1.0,1,24,145,15,C07_PSI_EXTENDED,22,24,21,26,25,7,9,6,11,10,1,0,0,,0,129,0,0,,,,,,,0,,0,0.0,0.0,0,,0,0,0,0,0,0,0,0,,,
grand_sim_v0_7,federation_bridge_stress,federation,high_stress,7,10487,federation,federation,160,0.14,0.05,0.09,0.26,2.0,0.06,0.13,0.1,0.2,0.012,0.00998,0.3,0.25,0.1,stability_heavy_no_regime,0.3,0.2,0.2,0.15,0.35,0.0,1.0,0.09,0.03,0.03,0.133684,1.0,0.0,0.158495,0.0,0.0,1.0,1,26,143,17,C07_PSI_EXTENDED,24,26,24,28,27,7,9,7,11,10,1,0,0,,0,127,0,0,,,,,,,0,,0,0.0,0.0,0,,0,0,0,0,0,0,0,0,,,
grand_sim_v0_7,federation_bridge_stress,federation,high_stress,8,10488,federation,federation,160,0.14,0.05,0.09,0.26,2.0,0.06,0.13,0.1,0.2,0.012,0.00998,0.3,0.25,0.1,stability_heavy_no_regime,0.3,0.2,0.2,0.15,0.35,0.0,1.0,0.09,0.03,0.03,0.141978,1.0,0.0,0.156379,0.0,0.0,1.0,1,25,142,18,C07_PSI_EXTENDED,25,25,25,27,28,7,7,7,9,10,1,0,0,,0,128,0,0,,,,,,,0,,0,0.0,0.0,0,,0,0,0,0,0,0,0,0,,,
grand_sim_v0_7,federation_bridge_stress,federation,high_stress,9,10489,federation,federation,160,0.14,0.05,0.09,0.26,2.0,0.06,0.13,0.1,0.2,0.012,0.00998,0.3,0.25,0.1,stability_heavy_no_regime,0.3,0.2,0.2,0.15,0.35,0.0,1.0,0.09,0.03,0.03,0.143571,1.0,0.0,0.155619,0.0,0.0,1.0,1,26,142,18,C07_PSI_EXTENDED,25,26,24,27,27,7,8,6,9,9,1,0,0,,0,128,0,0,,,,,,,0,,0,0.0,0.0,0,,0,0,0,0,0,0,0,0,,,
grand_sim_v0_7,star_unsafe_reference,star,low_stress,0,10490,star,star,160,0.06,0.1,0.04,0.32,1.2,0.2,0.08,0.06,0.12,0.0075,0.006735,0.3,0.25,0.1,,0.3,,,,,,,0.03,0.78998,0.088459,0.138294,0.0,0.589579,0.405905,1.0,1.0,0.1,0,,103,57,C04_S_THRESHOLD,,,,,64,,,,,7,0,0,0,,0,0,0,0,0.405905,,,0.199709,,,0,,0,0.0,0.0,0,0,160,0,0,0,0,0,0,0,59,59,0
grand_sim_v0_7,star_unsafe_reference,star,low_stress,1,10491,star,star,160,0.06,0.1,0.04,0.32,1.2,0.2,0.08,0.06,0.12,0.0075,0.006735,0.3,0.25,0.1,,0.3,,,,,,,0.03,0.802025,0.066356,0.142367,0.0,0.589954,0.394092,1.0,1.0,0.1,0,,102,58,C04_S_THRESHOLD,,,,,65,,,,,7,0,0,0,,0,0,0,0,0.394092,,,0.199446,,,0,,0,0.0,0.0,0,0,160,0,0,0,0,0,0,0,59,59,0
grand_sim_v0_7,star_unsafe_reference,star,low_stress,2,10492,star,star,160,0.06,0.1,0.04,0.32,1.2,0.2,0.08,0.06,0.12,0.0075,0.006735,0.3,0.25,0.1,,0.3,,,,,,,0.03,0.870031,0.09795,0.142388,2.9e-05,0.598624,0.408651,1.0,1.0,0.016667,0,,106,54,C04_S_THRESHOLD,,,,,60,,,,,6,0,0,0,,0,0,0,0,0.408651,,,0.200513,,,0,,0,0.0,0.0,0,0,160,0,0,0,0,0,0,0,59,59,0
grand_sim_v0_7,star_unsafe_reference,star,low_stress,3,10493,star,star,160,0.06,0.1,0.04,0.32,1.2,0.2,0.08,0.06,0.12,0.0075,0.006735,0.3,0.25,0.1,,0.3,,,,,,,0.03,0.72936,0.032302,0.153602,0.0,0.569903,0.369843,1.0,1.0,0.1,0,,105,55,C04_S_THRESHOLD,,,,,62,,,,,7,0,0,0,,0,0,0,0,0.369843,,,0.199475,,,0,,0,0.0,0.0,0,0,160,0,0,0,0,0,0,0,59,59,0
grand_sim_v0_7,star_unsafe_reference,star,low_stress,4,10494,star,star,160,0.06,0.1,0.04,0.32,1.2,0.2,0.08,0.06,0.12,0.0075,0.006735,0.3,0.25,0.1,,0.3,,,,,,,0.03,0.820785,0.055351,0.158165,0.0,0.591071,0.381284,1.0,1.0,0.083333,0,,89,71,C04_S_THRESHOLD,,,,,80,,,,,9,0,0,0,,0,0,0,0,0.381284,,,0.19997,,,0,,0,0.0,0.0,0,0,160,0,0,0,0,0,0,0,59,59,0
grand_sim_v0_7,star_unsafe_reference,star,low_stress,5,10495,star,star,160,0.06,0.1,0.04,0.32,1.2,0.2,0.08,0.06,0.12,0.0075,0.006735,0.3,0.25,0.1,,0.3,,,,,,,0.03,0.816029,0.049716,0.166775,0.0,0.588423,0.371936,1.0,1.0,0.05,0,,95,65,C04_S_THRESHOLD,,,,,73,,,,,8,0,0,0,,0,0,0,0,0.371936,,,0.199975,,,0,,0,0.0,0.0,0,0,160,0,0,0,0,0,0,0,59,59,0
grand_sim_v0_7,star_unsafe_reference,star,low_stress,6,10496,star,star,160,0.06,0.1,0.04,0.32,1.2,0.2,0.08,0.06,0.12,0.0075,0.006735,0.3,0.25,0.1,,0.3,,,,,,,0.03,0.850286,0.057132,0.172933,0.000101,0.594367,0.372641,1.0,1.0,0.083333,0,,87,73,C04_S_THRESHOLD,,,,,82,,,,,9,0,0,0,,0,0,0,0,0.372641,,,0.200099,,,0,,0,0.0,0.0,0,0,160,0,0,0,0,0,0,0,59,59,0
grand_sim_v0_7,star_unsafe_reference,star,low_stress,7,10497,star,star,160,0.06,0.1,0.04,0.32,1.2,0.2,0.08,0.06,0.12,0.0075,0.006735,0.3,0.25,0.1,,0.3,,,,,,,0.03,0.782071,0.040562,0.162175,3.1e-05,0.578413,0.370914,1.0,1.0,0.066667,0,,96,64,C04_S_THRESHOLD,,,,,72,,,,,8,0,0,0,,0,0,0,0,0.370914,,,0.200026,,,0,,0,0.0,0.0,0,0,160,0,0,0,0,0,0,0,59,59,0
grand_sim_v0_7,star_unsafe_reference,star,low_stress,8,10498,star,star,160,0.06,0.1,0.04,0.32,1.2,0.2,0.08,0.06,0.12,0.0075,0.006735,0.3,0.25,0.1,,0.3,,,,,,,0.03,0.822836,0.090442,0.141388,0.0,0.592827,0.407656,1.0,1.0,0.05,0,,103,57,C04_S_THRESHOLD,,,,,64,,,,,7,0,0,0,,0,0,0,0,0.407656,,,0.2,,,0,,0,0.0,0.0,0,0,160,0,0,0,0,0,0,0,59,59,0
grand_sim_v0_7,star_unsafe_reference,star,low_stress,9,10499,star,star,160,0.06,0.1,0.04,0.32,1.2,0.2,0.08,0.06,0.12,0.0075,0.006735,0.3,0.25,0.1,,0.3,,,,,,,0.03,0.790674,0.035117,0.143293,0.0,0.589965,0.399992,1.0,1.0,0.116667,0,,102,58,C04_S_THRESHOLD,,,,,65,,,,,7,0,0,0,,0,0,0,0,0.399992,,,0.199624,,,0,,0,0.0,0.0,0,0,160,0,0,0,0,0,0,0,59,59,0
grand_sim_v0_7,star_unsafe_reference,star,mid_stress,0,10500,star,star,160,0.1,0.08,0.06,0.29,1.6,0.12,0.1,0.08,0.16,0.0095,0.00791,0.3,0.25,0.1,,0.3,,,,,,,0.06,0.03,0.03,0.185958,1.0,0.0,0.141996,0.0,0.0,1.0,1,30,135,25,C04_S_THRESHOLD,30,30,,32,29,5,5,,7,4,1,0,0,,0,124,0,0,0.156471,,,0.048995,,,0,,0,0.0,0.0,0,0,160,0,0,0,0,0,0,0,59,59,0
grand_sim_v0_7,star_unsafe_reference,star,mid_stress,1,10501,star,star,160,0.1,0.08,0.06,0.29,1.6,0.12,0.1,0.08,0.16,0.0095,0.00791,0.3,0.25,0.1,,0.3,,,,,,,0.06,0.03,0.03,0.162274,0.999692,0.0,0.148253,0.0,0.0,1.0,1,29,137,23,C04_S_THRESHOLD,28,29,,30,27,5,6,,7,4,1,0,0,,0,125,0,0,0.167137,,,0.048757,,,0,32,128,0.005499,0.0,0,0,160,0,0,0,0,0,0,0,59,59,0
grand_sim_v0_7,star_unsafe_reference,star,mid_stress,2,10502,star,star,160,0.1,0.08,0.06,0.29,1.6,0.12,0.1,0.08,0.16,0.0095,0.00791,0.3,0.25,0.1,,0.3,,,,,,,0.06,0.03,0.03,0.166897,0.999451,0.0,0.147108,0.0,0.0,1.0,1,35,130,30,C04_S_THRESHOLD,33,35,,36,32,3,5,,6,2,1,0,0,,0,120,0,0,0.165719,,,0.048859,,,0,,0,0.0,0.0,0,0,160,0,0,0,0,0,0,0,59,59,0
grand_sim_v0_7,star_unsafe_reference,star,mid_stress,3,10503,star,star,160,0.1,0.08,0.06,0.29,1.6,0.12,0.1,0.08,0.16,0.0095,0.00791,0.3,0.25,0.1,,0.3,,,,,,,0.06,0.03,0.03,0.164039,0.999468,0.0,0.148534,0.0,0.0,1.0,1,44,120,40,C04_S_THRESHOLD,43,44,,46,43,3,4,,6,3,1,0,0,,0,110,0,0,0.168109,,,0.048674,,,0,,0,0.0,0.0,0,0,160,0,0,0,0,0,0,0,59,59,0
grand_sim_v0_7,star_unsafe_reference,star,mid_stress,4,10504,star,star,160,0.1,0.08,0.06,0.29,1.6,0.12,0.1,0.08,0.16,0.0095,0.00791,0.3,0.25,0.1,,0.3,,,,,,,0.06,0.03,0.03,0.190033,1.0,0.0,0.142904,0.0,0.0,1.0,1,36,127,33,C04_S_THRESHOLD,36,36,,38,35,3,3,,5,2,1,0,0,,0,116,0,0,0.151205,,,0.048767,,,0,,0,0.0,0.0,0,0,160,0,0,0,0,0,0,0,59,59,0
grand_sim_v0_7,star_unsafe_reference,star,mid_stress,5,10505,star,star,160,0.1,0.08,0.06,0.29,1.6,0.12,0.1,0.08,0.16,0.0095,0.00791,0.3,0.25,0.1,,0.3,,,,,,,0.06,0.03,0.03,0.182172,1.0,0.0,0.144655,0.0,0.0,1.0,1,39,124,36,C04_S_THRESHOLD,38,39,,41,38,2,3,,5,2,1,0,0,,0,115,0,0,0.155196,,,0.048853,,,0,,0,0.0,0.0,0,0,160,0,0,0,0,0,0,0,59,59,0
grand_sim_v0_7,star_unsafe_reference,star,mid_stress,6,10506,star,star,160,0.1,0.08,0.06,0.29,1.6,0.12,0.1,0.08,0.16,0.0095,0.00791,0.3,0.25,0.1,,0.3,,,,,,,0.06,0.03,0.03,0.18051,1.0,0.0,0.14539,0.0,0.0,1.0,1,39,124,36,C04_S_THRESHOLD,39,39,,41,38,3,3,,5,2,1,0,0,,0,114,0,0,0.156662,,,0.048737,,,0,,0,0.0,0.0,0,0,160,0,0,0,0,0,0,0,59,59,0
grand_sim_v0_7,star_unsafe_reference,star,mid_stress,7,10507,star,star,160,0.1,0.08,0.06,0.29,1.6,0.12,0.1,0.08,0.16,0.0095,0.00791,0.3,0.25,0.1,,0.3,,,,,,,0.06,0.03,0.03,0.180628,0.999729,0.0,0.145679,0.0,0.0,1.0,1,41,123,37,C04_S_THRESHOLD,40,41,,42,39,3,4,,5,2,1,0,0,,0,114,0,0,0.159815,,,0.048906,,,0,,0,0.0,0.0,0,0,160,0,0,0,0,0,0,0,59,59,0
grand_sim_v0_7,star_unsafe_reference,star,mid_stress,8,10508,star,star,160,0.1,0.08,0.06,0.29,1.6,0.12,0.1,0.08,0.16,0.0095,0.00791,0.3,0.25,0.1,,0.3,,,,,,,0.06,0.03,0.03,0.183882,0.999622,0.0,0.144974,0.0,0.0,1.0,1,46,120,40,C04_S_THRESHOLD,45,46,,48,42,5,6,,8,2,1,0,0,,0,107,0,0,0.159258,,,0.048879,,,0,,0,0.0,0.0,0,0,160,0,0,0,0,0,0,0,59,59,0
grand_sim_v0_7,star_unsafe_reference,star,mid_stress,9,10509,star,star,160,0.1,0.08,0.06,0.29,1.6,0.12,0.1,0.08,0.16,0.0095,0.00791,0.3,0.25,0.1,,0.3,,,,,,,0.06,0.03,0.03,0.167464,0.999743,0.0,0.147588,0.0,0.0,1.0,1,37,127,33,C04_S_THRESHOLD,36,37,,38,36,3,4,,5,3,1,0,0,,0,118,0,0,0.16562,,,0.048942,,,0,,0,0.0,0.0,0,0,160,0,0,0,0,0,0,0,59,59,0
grand_sim_v0_7,star_unsafe_reference,star,high_stress,0,10510,star,star,160,0.14,0.05,0.09,0.26,2.0,0.06,0.13,0.1,0.2,0.012,0.00998,0.3,0.25,0.1,,0.3,,,,,,,0.09,0.03,0.03,0.210281,1.0,0.0,0.139523,0.0,0.0,1.0,1,12,150,10,C04_S_THRESHOLD,11,12,,13,13,1,2,,3,3,1,0,0,,0,142,0,0,0.154107,,,0.047553,,,0,,0,0.0,0.0,0,0,160,0,0,0,0,0,0,0,59,59,0
grand_sim_v0_7,star_unsafe_reference,star,high_stress,1,10511,star,star,160,0.14,0.05,0.09,0.26,2.0,0.06,0.13,0.1,0.2,0.012,0.00998,0.3,0.25,0.1,,0.3,,,,,,,0.09,0.03,0.03,0.197603,1.0,0.0,0.142326,0.0,0.0,1.0,1,10,152,8,C04_S_THRESHOLD,10,10,,11,10,2,2,,3,2,1,0,0,,0,144,0,0,0.16003,,,0.047634,,,0,,0,0.0,0.0,0,0,160,0,0,0,0,0,0,0,59,59,0
grand_sim_v0_7,star_unsafe_reference,star,high_stress,2,10512,star,star,160,0.14,0.05,0.09,0.26,2.0,0.06,0.13,0.1,0.2,0.012,0.00998,0.3,0.25,0.1,,0.3,,,,,,,0.09,0.03,0.03,0.23948,1.0,0.0,0.135842,0.0,0.0,1.0,1,11,151,9,C04_S_THRESHOLD,10,11,,12,12,1,2,,3,3,1,0,0,,0,146,0,0,0.143027,,,0.047364,,,0,,0,0.0,0.0,0,0,160,0,0,0,0,0,0,0,59,59,0
grand_sim_v0_7,star_unsafe_reference,star,high_stress,3,10513,star,star,160,0.14,0.05,0.09,0.26,2.0,0.06,0.13,0.1,0.2,0.012,0.00998,0.3,0.25,0.1,,0.3,,,,,,,0.09,0.03,0.03,0.20596,1.0,0.0,0.14169,0.0,0.0,1.0,1,10,151,9,C04_S_THRESHOLD,10,10,,12,11,1,1,,3,2,1,0,0,,0,143,0,0,0.157056,,,0.047482,,,0,,0,0.0,0.0,0,0,160,0,0,0,0,0,0,0,59,59,0
grand_sim_v0_7,star_unsafe_reference,star,high_stress,4,10514,star,star,160,0.14,0.05,0.09,0.26,2.0,0.06,0.13,0.1,0.2,0.012,0.00998,0.3,0.25,0.1,,0.3,,,,,,,0.09,0.03,0.03,0.206215,1.0,0.0,0.139552,0.0,0.0,1.0,1,11,151,9,C04_S_THRESHOLD,10,11,,13,11,1,2,,4,2,1,0,0,,0,144,0,0,0.156998,,,0.047334,,,0,13,24,0.016059,0.0,0,0,160,0,0,0,0,0,0,0,59,59,0
grand_sim_v0_7,star_unsafe_reference,star,high_stress,5,10515,star,star,160,0.14,0.05,0.09,0.26,2.0,0.06,0.13,0.1,0.2,0.012,0.00998,0.3,0.25,0.1,,0.3,,,,,,,0.09,0.03,0.03,0.211155,1.0,0.0,0.140222,0.0,0.0,1.0,1,10,152,8,C04_S_THRESHOLD,9,10,,11,10,1,2,,3,2,1,0,0,,0,146,0,0,0.153138,,,0.047658,,,0,,0,0.0,0.0,0,0,160,0,0,0,0,0,0,0,59,59,0
grand_sim_v0_7,star_unsafe_reference,star,high_stress,6,10516,star,star,160,0.14,0.05,0.09,0.26,2.0,0.06,0.13,0.1,0.2,0.012,0.00998,0.3,0.25,0.1,,0.3,,,,,,,0.09,0.03,0.03,0.213368,1.0,0.0,0.141082,0.0,0.0,1.0,1,12,150,10,C04_S_THRESHOLD,11,12,,13,12,1,2,,3,2,1,0,0,,0,144,0,0,0.156261,,,0.047379,,,0,,0,0.0,0.0,0,0,160,0,0,0,0,0,0,0,59,59,0
grand_sim_v0_7,star_unsafe_reference,star,high_stress,7,10517,star,star,160,0.14,0.05,0.09,0.26,2.0,0.06,0.13,0.1,0.2,0.012,0.00998,0.3,0.25,0.1,,0.3,,,,,,,0.09,0.03,0.03,0.193797,1.0,0.0,0.144348,0.0,0.0,1.0,1,11,151,9,C04_S_THRESHOLD,11,11,,12,12,2,2,,3,3,1,0,0,,0,144,0,0,0.16138,,,0.047357,,,0,13,24,0.017064,0.0,0,0,160,0,0,0,0,0,0,0,59,59,0
grand_sim_v0_7,star_unsafe_reference,star,high_stress,8,10518,star,star,160,0.14,0.05,0.09,0.26,2.0,0.06,0.13,0.1,0.2,0.012,0.00998,0.3,0.25,0.1,,0.3,,,,,,,0.09,0.03,0.03,0.211092,1.0,0.0,0.140051,0.0,0.0,1.0,1,12,150,10,C04_S_THRESHOLD,12,12,,13,13,2,2,,3,3,1,0,0,,0,144,0,0,0.154489,,,0.047498,,,0,15,22,0.008388,0.0,0,0,160,0,0,0,0,0,0,0,59,59,0
grand_sim_v0_7,star_unsafe_reference,star,high_stress,9,10519,star,star,160,0.14,0.05,0.09,0.26,2.0,0.06,0.13,0.1,0.2,0.012,0.00998,0.3,0.25,0.1,,0.3,,,,,,,0.09,0.03,0.03,0.235648,1.0,0.0,0.132519,0.0,0.0,1.0,1,11,151,9,C04_S_THRESHOLD,10,11,,12,11,1,2,,3,2,1,0,0,,0,144,0,0,0.148782,,,0.047609,,,0,14,22,0.004846,0.0,0,0,160,0,0,0,0,0,0,0,59,59,0
grand_sim_v0_7,hub_2_balanced,hub_redundancy,low_stress,0,10520,hub_redundant,hub_2,160,0.06,0.1,0.04,0.32,1.2,0.2,0.08,0.06,0.12,0.0075,0.006735,0.3,0.25,0.1,,0.3,,,,,,,0.03,0.972279,0.132132,0.120518,0.0,0.977959,0.440226,1.0,1.0,0.033333,0,,92,68,C04_S_THRESHOLD,,,,,76,,,,,8,0,0,0,,0,0,0,0,0.472364,0.440226,,0.211063,0.211592,,0,,0,0.0,0.0,0,0,160,0,0,0,0,0,0,0,30,30,0
grand_sim_v0_7,hub_2_balanced,hub_redundancy,low_stress,1,10521,hub_redundant,hub_2,160,0.06,0.1,0.04,0.32,1.2,0.2,0.08,0.06,0.12,0.0075,0.006735,0.3,0.25,0.1,,0.3,,,,,,,0.03,0.970307,0.107489,0.134074,0.0,0.976685,0.39804,1.0,1.0,0.033333,0,,93,67,C04_S_THRESHOLD,,,,,76,,,,,9,0,0,0,,0,0,0,0,0.39804,0.42011,,0.211088,0.211491,,0,,0,0.0,0.0,0,0,160,0,0,0,0,0,0,0,30,30,0
grand_sim_v0_7,hub_2_balanced,hub_redundancy,low_stress,2,10522,hub_redundant,hub_2,160,0.06,0.1,0.04,0.32,1.2,0.2,0.08,0.06,0.12,0.0075,0.006735,0.3,0.25,0.1,,0.3,,,,,,,0.03,0.972293,0.14103,0.117319,0.0,0.977577,0.434226,1.0,1.0,0.033333,0,,94,66,C04_S_THRESHOLD,,,,,76,,,,,10,0,0,0,,0,0,0,0,0.47227,0.434226,,0.211472,0.21159,,0,,0,0.0,0.0,0,0,160,0,0,0,0,0,0,0,30,30,0
grand_sim_v0_7,hub_2_balanced,hub_redundancy,low_stress,3,10523,hub_redundant,hub_2,160,0.06,0.1,0.04,0.32,1.2,0.2,0.08,0.06,0.12,0.0075,0.006735,0.3,0.25,0.1,,0.3,,,,,,,0.03,0.973528,0.157125,0.124503,0.0,0.977048,0.443431,1.0,1.0,0.033333,0,,100,60,C04_S_THRESHOLD,,,,,68,,,,,8,0,0,0,,0,0,0,0,0.443431,0.488342,,0.211197,0.211206,,0,159,1,0.003727,0.0,0,0,160,0,0,0,0,0,0,0,30,30,0
grand_sim_v0_7,hub_2_balanced,hub_redundancy,low_stress,4,10524,hub_redundant,hub_2,160,0.06,0.1,0.04,0.32,1.2,0.2,0.08,0.06,0.12,0.0075,0.006735,0.3,0.25,0.1,,0.3,,,,,,,0.03,0.972189,0.101952,0.135072,0.0,0.976311,0.390581,1.0,1.0,0.033333,0,,100,60,C04_S_THRESHOLD,,,,,68,,,,,8,0,0,0,,0,0,0,0,0.390581,0.48474,,0.211276,0.21122,,0,157,3,0.008063,0.0,0,0,160,0,0,0,0,0,0,0,30,30,0
grand_sim_v0_7,hub_2_balanced,hub_redundancy,low_stress,5,10525,hub_redundant,hub_2,160,0.06,0.1,0.04,0.32,1.2,0.2,0.08,0.06,0.12,0.0075,0.006735,0.3,0.25,0.1,,0.3,,,,,,,0.03,0.970733,0.113505,0.11252,0.0,0.977401,0.427782,1.0,1.0,0.033333,0,,89,71,C04_S_THRESHOLD,,,,,83,,,,,12,0,0,0,,0,0,0,0,0.427782,0.435575,,0.211444,0.211195,,0,,0,0.0,0.0,0,0,160,0,0,0,0,0,0,0,30,30,0
grand_sim_v0_7,hub_2_balanced,hub_redundancy,low_stress,6,10526,hub_redundant,hub_2,160,0.06,0.1,0.04,0.32,1.2,0.2,0.08,0.06,0.12,0.0075,0.006735,0.3,0.25,0.1,,0.3,,,,,,,0.03,0.975282,0.156586,0.130443,0.0,0.977629,0.431373,1.0,1.0,0.033333,0,,99,61,C04_S_THRESHOLD,,,,,68,,,,,7,0,0,0,,0,0,0,0,0.431373,0.548751,,0.211232,0.211134,,0,,0,0.0,0.0,0,0,160,0,0,0,0,0,0,0,30,30,0
grand_sim_v0_7,hub_2_balanced,hub_redundancy,low_stress,7,10527,hub_redundant,hub_2,160,0.06,0.1,0.04,0.32,1.2,0.2,0.08,0.06,0.12,0.0075,0.006735,0.3,0.25,0.1,,0.3,,,,,,,0.03,0.97081,0.119733,0.129364,0.0,0.976256,0.419264,1.0,1.0,0.033333,0,,98,62,C04_S_THRESHOLD,,,,,70,,,,,8,0,0,0,,0,0,0,0,0.424704,0.419264,,0.21154,0.210961,,0,156,4,0.009781,0.0,0,0,160,0,0,0,0,0,0,0,30,30,0
grand_sim_v0_7,hub_2_balanced,hub_redundancy,low_stress,8,10528,hub_redundant,hub_2,160,0.06,0.1,0.04,0.32,1.2,0.2,0.08,0.06,0.12,0.0075,0.006735,0.3,0.25,0.1,,0.3,,,,,,,0.03,0.971783,0.138468,0.121885,0.0,0.975615,0.437081,1.0,1.0,0.033333,0,,96,64,C04_S_THRESHOLD,,,,,74,,,,,10,0,0,0,,0,0,0,0,0.437081,0.437474,,0.211168,0.210888,,0,,0,0.0,0.0,0,0,160,0,0,0,0,0,0,0,30,30,0
grand_sim_v0_7,hub_2_balanced,hub_redundancy,low_stress,9,10529,hub_redundant,hub_2,160,0.06,0.1,0.04,0.32,1.2,0.2,0.08,0.06,0.12,0.0075,0.006735,0.3,0.25,0.1,,0.3,,,,,,,0.03,0.972355,0.156393,0.126921,0.0,0.977331,0.434228,1.0,1.0,0.033333,0,,100,60,C04_S_THRESHOLD,,,,,67,,,,,7,0,0,0,,0,0,0,0,0.434228,0.456176,,0.211478,0.211252,,0,157,3,0.008479,0.0,0,0,160,0,0,0,0,0,0,0,30,30,0
grand_sim_v0_7,hub_2_balanced,hub_redundancy,mid_stress,0,10530,hub_redundant,hub_2,160,0.1,0.08,0.06,0.29,1.6,0.12,0.1,0.08,0.16,0.0095,0.00791,0.3,0.25,0.1,,0.3,,,,,,,0.06,0.03,0.03,0.140819,0.997791,0.0,0.153979,0.0,0.0,1.0,1,75,116,44,C04_S_THRESHOLD,74,75,,78,48,30,31,,34,4,1,0,0,,0,76,0,0,0.162509,0.174184,,0.071752,0.071695,,0,86,74,0.000765,0.0,0,0,160,0,0,0,0,0,0,0,30,30,0
grand_sim_v0_7,hub_2_balanced,hub_redundancy,mid_stress,1,10531,hub_redundant,hub_2,160,0.1,0.08,0.06,0.29,1.6,0.12,0.1,0.08,0.16,0.0095,0.00791,0.3,0.25,0.1,,0.3,,,,,,,0.06,0.03,0.03,0.137423,0.993109,0.0,0.153776,0.0,0.0,1.0,1,74,118,42,C04_S_THRESHOLD,72,74,,78,45,30,32,,36,3,1,0,0,,0,75,0,0,0.175969,0.184979,,0.070931,0.070934,,0,75,32,0.002368,0.0,0,0,160,0,0,0,0,0,0,0,30,30,0
grand_sim_v0_7,hub_2_balanced,hub_redundancy,mid_stress,2,10532,hub_redundant,hub_2,160,0.1,0.08,0.06,0.29,1.6,0.12,0.1,0.08,0.16,0.0095,0.00791,0.3,0.25,0.1,,0.3,,,,,,,0.06,0.03,0.03,0.143255,0.994752,0.0,0.151215,0.0,0.0,1.0,1,78,116,44,C04_S_THRESHOLD,75,78,,81,48,31,34,,37,4,1,0,0,,0,71,0,0,0.175979,0.172369,,0.072732,0.072798,,0,86,24,0.001034,0.0,0,0,160,0,0,0,0,0,0,0,30,30,0
grand_sim_v0_7,hub_2_balanced,hub_redundancy,mid_stress,3,10533,hub_redundant,hub_2,160,0.1,0.08,0.06,0.29,1.6,0.12,0.1,0.08,0.16,0.0095,0.00791,0.3,0.25,0.1,,0.3,,,,,,,0.06,0.03,0.03,0.141049,0.996848,0.0,0.151313,0.0,0.0,1.0,1,79,116,44,C04_S_THRESHOLD,76,79,,83,48,32,35,,39,4,1,0,0,,0,69,0,0,0.176129,0.157403,,0.073699,0.073821,,0,78,34,0.002698,0.0,0,0,160,0,0,0,0,0,0,0,30,30,0
grand_sim_v0_7,hub_2_balanced,hub_redundancy,mid_stress,4,10534,hub_redundant,hub_2,160,0.1,0.08,0.06,0.29,1.6,0.12,0.1,0.08,0.16,0.0095,0.00791,0.3,0.25,0.1,,0.3,,,,,,,0.06,0.03,0.03,0.140943,0.997398,0.0,0.153776,0.0,0.0,1.0,1,77,116,44,C04_S_THRESHOLD,75,77,,81,47,31,33,,37,3,1,0,0,,0,71,0,0,0.171585,0.177732,,0.072864,0.073092,,0,84,76,0.00131,0.0,0,0,160,0,0,0,0,0,0,0,30,30,0
grand_sim_v0_7,hub_2_balanced,hub_redundancy,mid_stress,5,10535,hub_redundant,hub_2,160,0.1,0.08,0.06,0.29,1.6,0.12,0.1,0.08,0.16,0.0095,0.00791,0.3,0.25,0.1,,0.3,,,,,,,0.06,0.03,0.03,0.151642,0.998349,0.0,0.150042,0.0,0.0,1.0,1,79,115,45,C04_S_THRESHOLD,76,79,,82,48,31,34,,37,3,1,0,0,,0,71,0,0,0.153125,0.172936,,0.073137,0.073149,,0,85,75,0.001277,0.0,0,0,160,0,0,0,0,0,0,0,30,30,0
grand_sim_v0_7,hub_2_balanced,hub_redundancy,mid_stress,6,10536,hub_redundant,hub_2,160,0.1,0.08,0.06,0.29,1.6,0.12,0.1,0.08,0.16,0.0095,0.00791,0.3,0.25,0.1,,0.3,,,,,,,0.06,0.03,0.03,0.141642,0.995822,0.0,0.152737,0.0,0.0,1.0,1,77,116,44,C04_S_THRESHOLD,76,77,,81,47,32,33,,37,3,1,0,0,,0,72,0,0,0.176496,0.177487,,0.073492,0.073317,,0,88,22,0.000721,0.0,0,0,160,0,0,0,0,0,0,0,30,30,0
grand_sim_v0_7,hub_2_balanced,hub_redundancy,mid_stress,7,10537,hub_redundant,hub_2,160,0.1,0.08,0.06,0.29,1.6,0.12,0.1,0.08,0.16,0.0095,0.00791,0.3,0.25,0.1,,0.3,,,,,,,0.06,0.03,0.03,0.156502,0.997878,0.0,0.150662,0.0,0.0,1.0,1,78,116,44,C04_S_THRESHOLD,75,78,,82,47,31,34,,38,3,1,0,0,,0,70,0,0,0.167347,0.158481,,0.073656,0.07327,,0,89,21,0.000678,0.0,0,0,160,0,0,0,0,0,0,0,30,30,0
grand_sim_v0_7,hub_2_balanced,hub_redundancy,mid_stress,8,10538,hub_redundant,hub_2,160,0.1,0.08,0.06,0.29,1.6,0.12,0.1,0.08,0.16,0.0095,0.00791,0.3,0.25,0.1,,0.3,,,,,,,0.06,0.03,0.03,0.133344,0.995996,0.0,0.153477,0.0,0.0,1.0,1,78,117,43,C04_S_THRESHOLD,76,78,,83,47,33,35,,40,4,1,0,0,,0,70,0,0,0.166635,0.178586,,0.073514,0.073381,,0,87,24,0.000891,0.0,0,0,160,0,0,0,0,0,0,0,30,30,0
grand_sim_v0_7,hub_2_balanced,hub_redundancy,mid_stress,9,10539,hub_redundant,hub_2,160,0.1,0.08,0.06,0.29,1.6,0.12,0.1,0.08,0.16,0.0095,0.00791,0.3,0.25,0.1,,0.3,,,,,,,0.06,0.03,0.03,0.159879,0.998874,0.0,0.141781,0.0,0.0,1.0,1,76,113,47,C04_S_THRESHOLD,75,76,,80,52,28,29,,33,5,1,0,0,,0,73,0,0,0.158758,0.141781,,0.072525,0.072542,,0,,0,0.0,0.0,0,0,160,0,0,0,0,0,0,0,30,30,0
grand_sim_v0_7,hub_2_balanced,hub_redundancy,high_stress,0,10540,hub_redundant,hub_2,160,0.14,0.05,0.09,0.26,2.0,0.06,0.13,0.1,0.2,0.012,0.00998,0.3,0.25,0.1,,0.3,,,,,,,0.09,0.03,0.03,0.172096,1.0,0.0,0.148266,0.0,0.0,1.0,1,17,144,16,C04_S_THRESHOLD,17,17,,18,18,1,1,,2,2,1,0,0,,0,138,0,0,0.151818,0.156363,,0.047384,0.047181,,0,,0,0.0,0.0,0,0,160,0,0,0,0,0,0,0,30,30,0
grand_sim_v0_7,hub_2_balanced,hub_redundancy,high_stress,1,10541,hub_redundant,hub_2,160,0.14,0.05,0.09,0.26,2.0,0.06,0.13,0.1,0.2,0.012,0.00998,0.3,0.25,0.1,,0.3,,,,,,,0.09,0.03,0.03,0.175968,1.0,0.0,0.144514,0.0,0.0,1.0,1,18,144,16,C04_S_THRESHOLD,18,18,,20,18,2,2,,4,2,1,0,0,,0,136,0,0,0.160618,0.155852,,0.047512,0.047499,,0,,0,0.0,0.0,0,0,160,0,0,0,0,0,0,0,30,30,0
grand_sim_v0_7,hub_2_balanced,hub_redundancy,high_stress,2,10542,hub_redundant,hub_2,160,0.14,0.05,0.09,0.26,2.0,0.06,0.13,0.1,0.2,0.012,0.00998,0.3,0.25,0.1,,0.3,,,,,,,0.09,0.03,0.03,0.17678,1.0,0.0,0.145973,0.0,0.0,1.0,1,17,146,14,C04_S_THRESHOLD,16,17,,18,16,2,3,,4,2,1,0,0,,0,137,0,0,0.158171,0.156318,,0.047598,0.047398,,0,,0,0.0,0.0,0,0,160,0,0,0,0,0,0,0,30,30,0
grand_sim_v0_7,hub_2_balanced,hub_redundancy,high_stress,3,10543,hub_redundant,hub_2,160,0.14,0.05,0.09,0.26,2.0,0.06,0.13,0.1,0.2,0.012,0.00998,0.3,0.25,0.1,,0.3,,,,,,,0.09,0.03,0.03,0.161631,1.0,0.0,0.149691,0.0,0.0,1.0,1,18,144,16,C04_S_THRESHOLD,17,18,,19,18,1,2,,3,2,1,0,0,,0,137,0,0,0.160031,0.163334,,0.047347,0.047523,,0,,0,0.0,0.0,0,0,160,0,0,0,0,0,0,0,30,30,0
grand_sim_v0_7,hub_2_balanced,hub_redundancy,high_stress,4,10544,hub_redundant,hub_2,160,0.14,0.05,0.09,0.26,2.0,0.06,0.13,0.1,0.2,0.012,0.00998,0.3,0.25,0.1,,0.3,,,,,,,0.09,0.03,0.03,0.160258,1.0,0.0,0.148222,0.0,0.0,1.0,1,19,144,16,C04_S_THRESHOLD,17,19,,19,18,1,3,,3,2,1,0,0,,0,136,0,0,0.156798,0.163531,,0.047503,0.047351,,0,,0,0.0,0.0,0,0,160,0,0,0,0,0,0,0,30,30,0
grand_sim_v0_7,hub_2_balanced,hub_redundancy,high_stress,5,10545,hub_redundant,hub_2,160,0.14,0.05,0.09,0.26,2.0,0.06,0.13,0.1,0.2,0.012,0.00998,0.3,0.25,0.1,,0.3,,,,,,,0.09,0.03,0.03,0.184659,1.0,0.0,0.144589,0.0,0.0,1.0,1,17,145,15,C04_S_THRESHOLD,16,17,,19,17,1,2,,4,2,1,0,0,,0,136,0,0,0.14459,0.14899,,0.047063,0.04721,,0,22,20,0.006327,0.0,0,0,160,0,0,0,0,0,0,0,30,30,0
grand_sim_v0_7,hub_2_balanced,hub_redundancy,high_stress,6,10546,hub_redundant,hub_2,160,0.14,0.05,0.09,0.26,2.0,0.06,0.13,0.1,0.2,0.012,0.00998,0.3,0.25,0.1,,0.3,,,,,,,0.09,0.03,0.03,0.174159,1.0,0.0,0.148669,0.0,0.0,1.0,1,18,144,16,C04_S_THRESHOLD,18,18,,19,19,2,2,,3,3,1,0,0,,0,136,0,0,0.150272,0.160664,,0.047263,0.047243,,0,,0,0.0,0.0,0,0,160,0,0,0,0,0,0,0,30,30,0
grand_sim_v0_7,hub_2_balanced,hub_redundancy,high_stress,7,10547,hub_redundant,hub_2,160,0.14,0.05,0.09,0.26,2.0,0.06,0.13,0.1,0.2,0.012,0.00998,0.3,0.25,0.1,,0.3,,,,,,,0.09,0.03,0.03,0.171118,1.0,0.0,0.148206,0.0,0.0,1.0,1,19,144,16,C04_S_THRESHOLD,17,19,,20,19,1,3,,4,3,1,0,0,,0,136,0,0,0.154576,0.151466,,0.047486,0.047297,,0,,0,0.0,0.0,0,0,160,0,0,0,0,0,0,0,30,30,0
grand_sim_v0_7,hub_2_balanced,hub_redundancy,high_stress,8,10548,hub_redundant,hub_2,160,0.14,0.05,0.09,0.26,2.0,0.06,0.13,0.1,0.2,0.012,0.00998,0.3,0.25,0.1,,0.3,,,,,,,0.09,0.03,0.03,0.172344,1.0,0.0,0.148437,0.0,0.0,1.0,1,17,145,15,C04_S_THRESHOLD,17,17,,19,18,2,2,,4,3,1,0,0,,0,137,0,0,0.149818,0.159092,,0.047142,0.047321,,0,20,22,0.005449,0.0,0,0,160,0,0,0,0,0,0,0,30,30,0
grand_sim_v0_7,hub_2_balanced,hub_redundancy,high_stress,9,10549,hub_redundant,hub_2,160,0.14,0.05,0.09,0.26,2.0,0.06,0.13,0.1,0.2,0.012,0.00998,0.3,0.25,0.1,,0.3,,,,,,,0.09,0.03,0.03,0.158483,1.0,0.0,0.149666,0.0,0.0,1.0,1,16,146,14,C04_S_THRESHOLD,15,16,,17,17,1,2,,3,3,1,0,0,,0,139,0,0,0.158783,0.165221,,0.047491,0.0475,,0,,0,0.0,0.0,0,0,160,0,0,0,0,0,0,0,30,30,0
grand_sim_v0_7,hub_3_balanced,hub_redundancy,low_stress,0,10550,hub_redundant,hub_3,160,0.06,0.1,0.04,0.32,1.2,0.2,0.08,0.06,0.12,0.0075,0.006735,0.3,0.25,0.1,,0.3,,,,,,,0.03,0.953692,0.03,0.13468,0.0,0.969869,0.372336,1.0,1.0,0.05,0,,99,61,C04_S_THRESHOLD,,,,,69,,,,,8,0,0,0,,0,0,0,0,0.441879,0.392027,0.372336,0.211777,0.211819,0.211735,0,150,10,0.013694,0.0,0,,0,0,0,0,0,0,0,0,21,21,0
grand_sim_v0_7,hub_3_balanced,hub_redundancy,low_stress,1,10551,hub_redundant,hub_3,160,0.06,0.1,0.04,0.32,1.2,0.2,0.08,0.06,0.12,0.0075,0.006735,0.3,0.25,0.1,,0.3,,,,,,,0.03,0.9515,0.03,0.123776,0.0,0.969588,0.371282,1.0,1.0,0.05,0,,102,58,C04_S_THRESHOLD,,,,,65,,,,,7,0,0,0,,0,0,0,0,0.389586,0.38674,0.371282,0.211588,0.211734,0.211657,0,139,21,0.013421,0.0,0,,0,0,0,0,0,0,0,0,21,21,0
grand_sim_v0_7,hub_3_balanced,hub_redundancy,low_stress,2,10552,hub_redundant,hub_3,160,0.06,0.1,0.04,0.32,1.2,0.2,0.08,0.06,0.12,0.0075,0.006735,0.3,0.25,0.1,,0.3,,,,,,,0.03,0.9515,0.03,0.120228,0.0,0.969557,0.362304,1.0,1.0,0.05,0,,102,58,C04_S_THRESHOLD,,,,,66,,,,,8,0,0,0,,0,0,0,0,0.370441,0.390757,0.362304,0.211223,0.21187,0.211867,0,147,13,0.01411,0.0,0,,0,0,0,0,0,0,0,0,21,21,0
grand_sim_v0_7,hub_3_balanced,hub_redundancy,low_stress,3,10553,hub_redundant,hub_3,160,0.06,0.1,0.04,0.32,1.2,0.2,0.08,0.06,0.12,0.0075,0.006735,0.3,0.25,0.1,,0.3,,,,,,,0.03,0.9515,0.03,0.119269,0.0,0.969743,0.377696,1.0,1.0,0.05,0,,99,61,C04_S_THRESHOLD,,,,,69,,,,,8,0,0,0,,0,0,0,0,0.386363,0.377696,0.381867,0.21175,0.211078,0.211509,0,121,39,0.014423,0.0,0,,0,0,0,0,0,0,0,0,21,21,0
grand_sim_v0_7,hub_3_balanced,hub_redundancy,low_stress,4,10554,hub_redundant,hub_3,160,0.06,0.1,0.04,0.32,1.2,0.2,0.08,0.06,0.12,0.0075,0.006735,0.3,0.25,0.1,,0.3,,,,,,,0.03,0.9515,0.03,0.124095,0.0,0.969124,0.366865,1.0,1.0,0.05,0,,101,59,C04_S_THRESHOLD,,,,,67,,,,,8,0,0,0,,0,0,0,0,0.378426,0.366865,0.381799,0.211491,0.211582,0.211773,0,119,41,0.013647,0.0,0,,0,0,0,0,0,0,0,0,21,21,0
grand_sim_v0_7,hub_3_balanced,hub_redundancy,low_stress,5,10555,hub_redundant,hub_3,160,0.06,0.1,0.04,0.32,1.2,0.2,0.08,0.06,0.12,0.0075,0.006735,0.3,0.25,0.1,,0.3,,,,,,,0.03,0.9515,0.03,0.129649,0.0,0.969171,0.369436,1.0,1.0,0.05,0,,101,59,C04_S_THRESHOLD,,,,,67,,,,,8,0,0,0,,0,0,0,0,0.369436,0.373219,0.370544,0.2114,0.211574,0.211543,0,119,41,0.013315,0.0,0,,0,0,0,0,0,0,0,0,21,21,0
grand_sim_v0_7,hub_3_balanced,hub_redundancy,low_stress,6,10556,hub_redundant,hub_3,160,0.06,0.1,0.04,0.32,1.2,0.2,0.08,0.06,0.12,0.0075,0.006735,0.3,0.25,0.1,,0.3,,,,,,,0.03,0.9515,0.03,0.123324,0.0,0.968245,0.357092,1.0,1.0,0.05,0,,101,59,C04_S_THRESHOLD,,,,,66,,,,,7,0,0,0,,0,0,0,0,0.370733,0.370099,0.357092,0.211274,0.211556,0.211511,0,124,36,0.012905,0.0,0,,0,0,0,0,0,0,0,0,21,21,0
grand_sim_v0_7,hub_3_balanced,hub_redundancy,low_stress,7,10557,hub_redundant,hub_3,160,0.06,0.1,0.04,0.32,1.2,0.2,0.08,0.06,0.12,0.0075,0.006735,0.3,0.25,0.1,,0.3,,,,,,,0.03,0.9515,0.03,0.119878,0.0,0.969501,0.37747,1.0,1.0,0.05,0,,101,59,C04_S_THRESHOLD,,,,,66,,,,,7,0,0,0,,0,0,0,0,0.386956,0.37747,0.381555,0.211702,0.211564,0.211429,0,124,36,0.014098,0.0,0,,0,0,0,0,0,0,0,0,21,21,0
grand_sim_v0_7,hub_3_balanced,hub_redundancy,low_stress,8,10558,hub_redundant,hub_3,160,0.06,0.1,0.04,0.32,1.2,0.2,0.08,0.06,0.12,0.0075,0.006735,0.3,0.25,0.1,,0.3,,,,,,,0.03,0.9515,0.03,0.119909,0.0,0.97,0.381906,1.0,1.0,0.05,0,,103,57,C04_S_THRESHOLD,,,,,65,,,,,8,0,0,0,,0,0,0,0,0.381906,0.384095,0.392003,0.211426,0.211563,0.211493,0,106,54,0.015004,0.0,0,,0,0,0,0,0,0,0,0,21,21,0
grand_sim_v0_7,hub_3_balanced,hub_redundancy,low_stress,9,10559,hub_redundant,hub_3,160,0.06,0.1,0.04,0.32,1.2,0.2,0.08,0.06,0.12,0.0075,0.006735,0.3,0.25,0.1,,0.3,,,,,,,0.03,0.955965,0.080728,0.111602,0.0,0.969344,0.39919,1.0,1.0,0.05,0,,94,66,C04_S_THRESHOLD,,,,,74,,,,,8,0,0,0,,0,0,0,0,0.39919,0.446639,0.415671,0.211667,0.211412,0.211686,0,,0,0.0,0.0,0,,0,0,0,0,0,0,0,0,21,21,0
grand_sim_v0_7,hub_3_balanced,hub_redundancy,mid_stress,0,10560,hub_redundant,hub_3,160,0.1,0.08,0.06,0.29,1.6,0.12,0.1,0.08,0.16,0.0095,0.00791,0.3,0.25,0.1,,0.3,,,,,,,0.06,0.03477,0.03,0.138764,0.593771,0.172337,0.237605,0.0,0.0,1.0,1,114,115,45,C04_S_THRESHOLD,109,114,,120,49,64,69,,75,4,1,0,0,,0,27,0,0,0.252512,0.255304,0.245948,0.106248,0.106245,0.106209,0,96,55,0.007654,0.0,0,,0,0,0,0,0,0,0,0,21,21,0
grand_sim_v0_7,hub_3_balanced,hub_redundancy,mid_stress,1,10561,hub_redundant,hub_3,160,0.1,0.08,0.06,0.29,1.6,0.12,0.1,0.08,0.16,0.0095,0.00791,0.3,0.25,0.1,,0.3,,,,,,,0.06,0.032081,0.03,0.135338,0.601527,0.181489,0.238102,0.0,0.0,1.0,1,120,111,49,C04_S_THRESHOLD,118,120,,123,54,69,71,,74,5,1,0,0,,0,28,0,0,0.238102,0.256802,0.249995,0.107559,0.107355,0.10702,0,122,31,0.001574,0.0,0,,0,0,0,0,0,0,0,0,21,21,0
grand_sim_v0_7,hub_3_balanced,hub_redundancy,mid_stress,2,10562,hub_redundant,hub_3,160,0.1,0.08,0.06,0.29,1.6,0.12,0.1,0.08,0.16,0.0095,0.00791,0.3,0.25,0.1,,0.3,,,,,,,0.06,0.035143,0.03,0.127374,0.59124,0.185154,0.24164,0.0,0.0,1.0,1,117,116,44,C04_S_THRESHOLD,114,117,,123,48,70,73,,79,4,1,0,0,,0,24,0,0,0.258929,0.25485,0.24164,0.107265,0.107266,0.107448,0,72,82,0.014491,0.0,0,,0,0,0,0,0,0,0,0,21,21,0
grand_sim_v0_7,hub_3_balanced,hub_redundancy,mid_stress,3,10563,hub_redundant,hub_3,160,0.1,0.08,0.06,0.29,1.6,0.12,0.1,0.08,0.16,0.0095,0.00791,0.3,0.25,0.1,,0.3,,,,,,,0.06,0.030562,0.03,0.133476,0.605256,0.168733,0.217783,0.0,0.0,1.0,1,113,113,47,C04_S_THRESHOLD,110,113,,119,52,63,66,,72,5,1,0,0,,0,29,0,0,0.249513,0.217783,0.252338,0.105888,0.105894,0.106518,0,112,37,0.002421,0.0,0,,0,0,0,0,0,0,0,0,21,21,0
grand_sim_v0_7,hub_3_balanced,hub_redundancy,mid_stress,4,10564,hub_redundant,hub_3,160,0.1,0.08,0.06,0.29,1.6,0.12,0.1,0.08,0.16,0.0095,0.00791,0.3,0.25,0.1,,0.3,,,,,,,0.06,0.03984,0.03,0.133085,0.555704,0.208411,0.240361,0.0,0.0,0.983333,1,120,116,44,C04_S_THRESHOLD,118,120,,127,47,74,76,,83,3,1,0,0,,0,23,0,0,0.258852,0.240361,0.261679,0.108372,0.108114,0.108079,0,74,83,0.013149,0.0,0,,0,0,0,0,0,0,0,0,21,21,0
grand_sim_v0_7,hub_3_balanced,hub_redundancy,mid_stress,5,10565,hub_redundant,hub_3,160,0.1,0.08,0.06,0.29,1.6,0.12,0.1,0.08,0.16,0.0095,0.00791,0.3,0.25,0.1,,0.3,,,,,,,0.06,0.031927,0.03,0.131142,0.582493,0.187678,0.242705,0.0,0.0,1.0,1,116,116,44,C04_S_THRESHOLD,114,116,,121,48,70,72,,77,4,1,0,0,,0,26,0,0,0.242705,0.260062,0.254689,0.107763,0.107342,0.1071,0,88,64,0.010607,0.0,0,,0,0,0,0,0,0,0,0,21,21,0
grand_sim_v0_7,hub_3_balanced,hub_redundancy,mid_stress,6,10566,hub_redundant,hub_3,160,0.1,0.08,0.06,0.29,1.6,0.12,0.1,0.08,0.16,0.0095,0.00791,0.3,0.25,0.1,,0.3,,,,,,,0.06,0.033004,0.03,0.134789,0.580047,0.188854,0.236683,0.0,0.0,1.0,1,117,117,43,C04_S_THRESHOLD,113,117,,121,46,70,74,,78,3,1,0,0,,0,29,0,0,0.236683,0.242091,0.259395,0.107631,0.107527,0.107908,0,63,89,0.013588,0.0,0,,0,0,0,0,0,0,0,0,21,21,0
grand_sim_v0_7,hub_3_balanced,hub_redundancy,mid_stress,7,10567,hub_redundant,hub_3,160,0.1,0.08,0.06,0.29,1.6,0.12,0.1,0.08,0.16,0.0095,0.00791,0.3,0.25,0.1,,0.3,,,,,,,0.06,0.03,0.03,0.13785,0.617239,0.163281,0.226463,0.0,0.0,1.0,1,113,116,44,C04_S_THRESHOLD,108,113,,119,48,64,69,,75,4,1,0,0,,0,29,0,0,0.226463,0.241808,0.247728,0.105493,0.105672,0.105692,0,103,46,0.005734,0.0,0,,0,0,0,0,0,0,0,0,21,21,0
grand_sim_v0_7,hub_3_balanced,hub_redundancy,mid_stress,8,10568,hub_redundant,hub_3,160,0.1,0.08,0.06,0.29,1.6,0.12,0.1,0.08,0.16,0.0095,0.00791,0.3,0.25,0.1,,0.3,,,,,,,0.06,0.03,0.03,0.14353,0.601022,0.178464,0.225434,0.0,0.0,1.0,1,116,113,47,C04_S_THRESHOLD,113,116,,120,52,66,69,,73,5,1,0,0,,0,29,0,0,0.225434,0.252829,0.249146,0.106679,0.10694,0.107003,0,115,35,0.002374,0.0,0,,0,0,0,0,0,0,0,0,21,21,0
grand_sim_v0_7,hub_3_balanced,hub_redundancy,mid_stress,9,10569,hub_redundant,hub_3,160,0.1,0.08,0.06,0.29,1.6,0.12,0.1,0.08,0.16,0.0095,0.00791,0.3,0.25,0.1,,0.3,,,,,,,0.06,0.032471,0.03,0.142698,0.590622,0.182599,0.225303,0.0,0.0,1.0,1,116,118,42,C04_S_THRESHOLD,114,116,,122,46,72,74,,80,4,1,0,0,,0,26,0,0,0.238972,0.225303,0.257796,0.107081,0.106865,0.107554,0,75,77,0.011995,0.0,0,,0,0,0,0,0,0,0,0,21,21,0
grand_sim_v0_7,hub_3_balanced,hub_redundancy,high_stress,0,10570,hub_redundant,hub_3,160,0.14,0.05,0.09,0.26,2.0,0.06,0.13,0.1,0.2,0.012,0.00998,0.3,0.25,0.1,,0.3,,,,,,,0.09,0.03,0.03,0.160918,1.0,0.0,0.133639,0.0,0.0,1.0,1,24,140,20,C04_S_THRESHOLD,23,24,,25,23,3,4,,5,3,1,0,0,,0,130,0,0,0.133639,0.155685,0.15327,0.045962,0.046338,0.045929,0,,0,0.0,0.0,0,,0,0,0,0,0,0,0,0,21,21,0
grand_sim_v0_7,hub_3_balanced,hub_redundancy,high_stress,1,10571,hub_redundant,hub_3,160,0.14,0.05,0.09,0.26,2.0,0.06,0.13,0.1,0.2,0.012,0.00998,0.3,0.25,0.1,,0.3,,,,,,,0.09,0.03,0.03,0.149148,1.0,0.0,0.150623,0.0,0.0,1.0,1,22,142,18,C04_S_THRESHOLD,21,22,,23,21,3,4,,5,3,1,0,0,,0,133,0,0,0.158929,0.162289,0.161833,0.04651,0.046117,0.046373,0,,0,0.0,0.0,0,,0,0,0,0,0,0,0,0,21,21,0
grand_sim_v0_7,hub_3_balanced,hub_redundancy,high_stress,2,10572,hub_redundant,hub_3,160,0.14,0.05,0.09,0.26,2.0,0.06,0.13,0.1,0.2,0.012,0.00998,0.3,0.25,0.1,,0.3,,,,,,,0.09,0.03,0.03,0.152629,1.0,0.0,0.151123,0.0,0.0,1.0,1,23,142,18,C04_S_THRESHOLD,21,23,,24,22,3,5,,6,4,1,0,0,,0,130,0,0,0.158073,0.161638,0.159192,0.046068,0.046624,0.046258,0,,0,0.0,0.0,0,,0,0,0,0,0,0,0,0,21,21,0
grand_sim_v0_7,hub_3_balanced,hub_redundancy,high_stress,3,10573,hub_redundant,hub_3,160,0.14,0.05,0.09,0.26,2.0,0.06,0.13,0.1,0.2,0.012,0.00998,0.3,0.25,0.1,,0.3,,,,,,,0.09,0.03,0.03,0.163936,1.0,0.0,0.146806,0.0,0.0,1.0,1,24,141,19,C04_S_THRESHOLD,23,24,,24,22,4,5,,5,3,1,0,0,,0,131,0,0,0.14827,0.159156,0.158066,0.045725,0.04635,0.04626,0,,0,0.0,0.0,0,,0,0,0,0,0,0,0,0,21,21,0
grand_sim_v0_7,hub_3_balanced,hub_redundancy,high_stress,4,10574,hub_redundant,hub_3,160,0.14,0.05,0.09,0.26,2.0,0.06,0.13,0.1,0.2,0.012,0.00998,0.3,0.25,0.1,,0.3,,,,,,,0.09,0.03,0.03,0.154763,1.0,0.0,0.150116,0.0,0.0,1.0,1,20,149,11,C04_S_THRESHOLD,18,20,,22,15,7,9,,11,4,1,0,0,,0,134,0,0,0.15629,0.157982,0.159624,0.046148,0.046187,0.046281,0,,0,0.0,0.0,0,,0,0,0,0,0,0,0,0,21,21,0
grand_sim_v0_7,hub_3_balanced,hub_redundancy,high_stress,5,10575,hub_redundant,hub_3,160,0.14,0.05,0.09,0.26,2.0,0.06,0.13,0.1,0.2,0.012,0.00998,0.3,0.25,0.1,,0.3,,,,,,,0.09,0.03,0.03,0.150769,1.0,0.0,0.149816,0.0,0.0,1.0,1,23,140,20,C04_S_THRESHOLD,23,23,,25,23,3,3,,5,3,1,0,0,,0,130,0,0,0.163165,0.155112,0.156467,0.046239,0.046092,0.046318,0,29,131,0.006028,0.0,0,,0,0,0,0,0,0,0,0,21,21,0
grand_sim_v0_7,hub_3_balanced,hub_redundancy,high_stress,6,10576,hub_redundant,hub_3,160,0.14,0.05,0.09,0.26,2.0,0.06,0.13,0.1,0.2,0.012,0.00998,0.3,0.25,0.1,,0.3,,,,,,,0.09,0.03,0.03,0.1526,1.0,0.0,0.150338,0.0,0.0,1.0,1,21,143,17,C04_S_THRESHOLD,20,21,,22,20,3,4,,5,3,1,0,0,,0,134,0,0,0.153333,0.152878,0.155662,0.045851,0.045418,0.045791,0,,0,0.0,0.0,0,,0,0,0,0,0,0,0,0,21,21,0
grand_sim_v0_7,hub_3_balanced,hub_redundancy,high_stress,7,10577,hub_redundant,hub_3,160,0.14,0.05,0.09,0.26,2.0,0.06,0.13,0.1,0.2,0.012,0.00998,0.3,0.25,0.1,,0.3,,,,,,,0.09,0.03,0.03,0.15589,1.0,0.0,0.14928,0.0,0.0,1.0,1,24,140,20,C04_S_THRESHOLD,23,24,,25,24,3,4,,5,4,1,0,0,,0,131,0,0,0.151433,0.16533,0.163565,0.046206,0.046199,0.046421,0,32,128,0.000442,0.0,0,,0,0,0,0,0,0,0,0,21,21,0
grand_sim_v0_7,hub_3_balanced,hub_redundancy,high_stress,8,10578,hub_redundant,hub_3,160,0.14,0.05,0.09,0.26,2.0,0.06,0.13,0.1,0.2,0.012,0.00998,0.3,0.25,0.1,,0.3,,,,,,,0.09,0.03,0.03,0.154747,1.0,0.0,0.149235,0.0,0.0,1.0,1,25,139,21,C04_S_THRESHOLD,24,25,,26,24,3,4,,5,3,1,0,0,,0,131,0,0,0.161471,0.149582,0.156369,0.046307,0.046314,0.045907,0,39,9,0.000103,0.0,0,,0,0,0,0,0,0,0,0,21,21,0
grand_sim_v0_7,hub_3_balanced,hub_redundancy,high_stress,9,10579,hub_redundant,hub_3,160,0.14,0.05,0.09,0.26,2.0,0.06,0.13,0.1,0.2,0.012,0.00998,0.3,0.25,0.1,,0.3,,,,,,,0.09,0.03,0.03,0.155967,1.0,0.0,0.148298,0.0,0.0,1.0,1,21,143,17,C04_S_THRESHOLD,21,21,,23,20,4,4,,6,3,1,0,0,,0,133,0,0,0.165166,0.148298,0.149604,0.0464,0.046192,0.045561,0,,0,0.0,0.0,0,,0,0,0,0,0,0,0,0,21,21,0
grand_sim_v0_7,hub_2_single_hub_failure,hub_redundancy,low_stress,0,10580,hub_redundant,hub_2,160,0.06,0.1,0.04,0.32,1.2,0.2,0.08,0.06,0.12,0.0075,0.006735,0.3,0.25,0.1,,0.3,,,,,,,0.03,0.988222,0.293296,0.127704,0.0,0.988743,0.508399,1.0,1.0,0.016667,0,,96,60,C04_S_THRESHOLD,,,,,68,,,,,8,0,0,0,,0,0,0,0,0.508399,0.985044,,0.21219,0.811962,,0,,0,0.0,0.0,0,0,160,0,0,0,0,0,0,0,30,30,0
grand_sim_v0_7,hub_2_single_hub_failure,hub_redundancy,low_stress,1,10581,hub_redundant,hub_2,160,0.06,0.1,0.04,0.32,1.2,0.2,0.08,0.06,0.12,0.0075,0.006735,0.3,0.25,0.1,,0.3,,,,,,,0.03,0.987241,0.234462,0.123739,0.0,0.988488,0.483093,1.0,1.0,0.016667,0,,99,60,C04_S_THRESHOLD,,,,,68,,,,,8,0,0,0,,0,0,0,0,0.483093,0.973544,,0.21221,0.810737,,0,,0,0.0,0.0,0,0,160,0,0,0,0,0,0,0,30,30,0
grand_sim_v0_7,hub_2_single_hub_failure,hub_redundancy,low_stress,2,10582,hub_redundant,hub_2,160,0.06,0.1,0.04,0.32,1.2,0.2,0.08,0.06,0.12,0.0075,0.006735,0.3,0.25,0.1,,0.3,,,,,,,0.03,0.986909,0.21456,0.123164,0.0,0.98933,0.464234,1.0,1.0,0.016667,0,,90,70,C04_S_THRESHOLD,,,,,78,,,,,8,0,0,0,,0,0,0,0,0.464234,0.984119,,0.212236,0.799904,,0,,0,0.0,0.0,0,0,160,0,0,0,0,0,0,0,30,30,0
grand_sim_v0_7,hub_2_single_hub_failure,hub_redundancy,low_stress,3,10583,hub_redundant,hub_2,160,0.06,0.1,0.04,0.32,1.2,0.2,0.08,0.06,0.12,0.0075,0.006735,0.3,0.25,0.1,,0.3,,,,,,,0.03,0.986179,0.170765,0.119556,0.0,0.98899,0.445268,1.0,1.0,0.016667,0,,89,71,C04_S_THRESHOLD,,,,,79,,,,,8,0,0,0,,0,0,0,0,0.445268,0.982475,,0.211859,0.791928,,0,,0,0.0,0.0,0,0,160,0,0,0,0,0,0,0,30,30,0
grand_sim_v0_7,hub_2_single_hub_failure,hub_redundancy,low_stress,4,10584,hub_redundant,hub_2,160,0.06,0.1,0.04,0.32,1.2,0.2,0.08,0.06,0.12,0.0075,0.006735,0.3,0.25,0.1,,0.3,,,,,,,0.03,0.987849,0.270933,0.115156,0.0,0.988768,0.494236,1.0,1.0,0.016667,0,,96,61,C04_S_THRESHOLD,,,,,69,,,,,8,0,0,0,,0,0,0,0,0.494236,0.978381,,0.211947,0.80781,,0,,0,0.0,0.0,0,0,160,0,0,0,0,0,0,0,30,30,0
grand_sim_v0_7,hub_2_single_hub_failure,hub_redundancy,low_stress,5,10585,hub_redundant,hub_2,160,0.06,0.1,0.04,0.32,1.2,0.2,0.08,0.06,0.12,0.0075,0.006735,0.3,0.25,0.1,,0.3,,,,,,,0.03,0.987202,0.232145,0.127452,0.0,0.988384,0.477974,1.0,1.0,0.016667,0,,99,61,C04_S_THRESHOLD,,,,,68,,,,,7,0,0,0,,0,0,0,0,0.477974,0.980716,,0.212187,0.792076,,0,,0,0.0,0.0,0,0,160,0,0,0,0,0,0,0,30,30,0
grand_sim_v0_7,hub_2_single_hub_failure,hub_redundancy,low_stress,6,10586,hub_redundant,hub_2,160,0.06,0.1,0.04,0.32,1.2,0.2,0.08,0.06,0.12,0.0075,0.006735,0.3,0.25,0.1,,0.3,,,,,,,0.03,0.986203,0.172164,0.127445,0.0,0.988812,0.447481,1.0,1.0,0.016667,0,,94,66,C04_S_THRESHOLD,,,,,74,,,,,8,0,0,0,,0,0,0,0,0.447481,0.960636,,0.212135,0.817175,,0,,0,0.0,0.0,0,0,160,0,0,0,0,0,0,0,30,30,0
grand_sim_v0_7,hub_2_single_hub_failure,hub_redundancy,low_stress,7,10587,hub_redundant,hub_2,160,0.06,0.1,0.04,0.32,1.2,0.2,0.08,0.06,0.12,0.0075,0.006735,0.3,0.25,0.1,,0.3,,,,,,,0.03,0.985096,0.105741,0.128904,0.0,0.987689,0.41306,1.0,1.0,0.016667,0,,88,72,C04_S_THRESHOLD,,,,,83,,,,,11,0,0,0,,0,0,0,0,0.41306,0.974677,,0.211842,0.839644,,0,,0,0.0,0.0,0,0,160,0,0,0,0,0,0,0,30,30,0
grand_sim_v0_7,hub_2_single_hub_failure,hub_redundancy,low_stress,8,10588,hub_redundant,hub_2,160,0.06,0.1,0.04,0.32,1.2,0.2,0.08,0.06,0.12,0.0075,0.006735,0.3,0.25,0.1,,0.3,,,,,,,0.03,0.986824,0.209419,0.123049,0.0,0.988714,0.460273,1.0,1.0,0.016667,0,,93,67,C04_S_THRESHOLD,,,,,77,,,,,10,0,0,0,,0,0,0,0,0.460273,0.985847,,0.212121,0.82526,,0,,0,0.0,0.0,0,0,160,0,0,0,0,0,0,0,30,30,0
grand_sim_v0_7,hub_2_single_hub_failure,hub_redundancy,low_stress,9,10589,hub_redundant,hub_2,160,0.06,0.1,0.04,0.32,1.2,0.2,0.08,0.06,0.12,0.0075,0.006735,0.3,0.25,0.1,,0.3,,,,,,,0.03,0.989305,0.358279,0.118894,0.0,0.989536,0.543516,1.0,1.0,0.016667,0,,92,59,C04_S_THRESHOLD,,,,,66,,,,,7,0,0,0,,0,0,0,0,0.543516,0.983784,,0.212137,0.824416,,0,,0,0.0,0.0,0,0,160,0,0,0,0,0,0,0,30,30,0
grand_sim_v0_7,hub_2_single_hub_failure,hub_redundancy,mid_stress,0,10590,hub_redundant,hub_2,160,0.1,0.08,0.06,0.29,1.6,0.12,0.1,0.08,0.16,0.0095,0.00791,0.3,0.25,0.1,,0.3,,,,,,,0.06,0.457382,0.03,0.140038,0.650215,0.441148,0.224138,0.447757,0.137183,0.5,1,87,117,43,C04_S_THRESHOLD,82,87,,,46,39,44,,,3,1,0,0,,0,0,0,0,0.252043,0.802117,,0.109569,0.802117,,0,85,75,0.004277,0.0,0,0,160,0,0,0,0,0,0,0,30,30,0
grand_sim_v0_7,hub_2_single_hub_failure,hub_redundancy,mid_stress,1,10591,hub_redundant,hub_2,160,0.1,0.08,0.06,0.29,1.6,0.12,0.1,0.08,0.16,0.0095,0.00791,0.3,0.25,0.1,,0.3,,,,,,,0.06,0.513305,0.03,0.136116,0.541179,0.53033,0.235416,0.496266,0.222453,0.5,1,99,111,49,C04_S_THRESHOLD,94,99,,,53,45,50,,,4,1,0,0,,0,0,0,0,0.255428,0.905985,,0.110685,0.809336,,0,100,60,0.003203,0.0,0,0,160,0,0,0,0,0,0,0,30,30,0
grand_sim_v0_7,hub_2_single_hub_failure,hub_redundancy,mid_stress,2,10592,hub_redundant,hub_2,160,0.1,0.08,0.06,0.29,1.6,0.12,0.1,0.08,0.16,0.0095,0.00791,0.3,0.25,0.1,,0.3,,,,,,,0.06,0.506939,0.03,0.132001,0.583695,0.5091,0.232557,0.489168,0.202055,0.5,1,98,109,51,C04_S_THRESHOLD,87,98,,,55,36,47,,,4,1,0,0,,0,0,0,0,0.250669,0.897836,,0.11068,0.795596,,0,93,67,0.003639,0.0,0,0,160,0,0,0,0,0,0,0,30,30,0
grand_sim_v0_7,hub_2_single_hub_failure,hub_redundancy,mid_stress,3,10593,hub_redundant,hub_2,160,0.1,0.08,0.06,0.29,1.6,0.12,0.1,0.08,0.16,0.0095,0.00791,0.3,0.25,0.1,,0.3,,,,,,,0.06,0.504517,0.03,0.143636,0.605022,0.491121,0.223863,0.482383,0.181393,0.5,1,94,111,49,C04_S_THRESHOLD,81,94,,,54,32,45,,,5,1,0,0,,0,0,0,0,0.254681,0.868145,,0.109996,0.791821,,0,92,68,0.003833,0.0,0,0,160,0,0,0,0,0,0,0,30,30,0
grand_sim_v0_7,hub_2_single_hub_failure,hub_redundancy,mid_stress,4,10594,hub_redundant,hub_2,160,0.1,0.08,0.06,0.29,1.6,0.12,0.1,0.08,0.16,0.0095,0.00791,0.3,0.25,0.1,,0.3,,,,,,,0.06,0.491943,0.03,0.14399,0.634279,0.49036,0.224072,0.477492,0.180662,0.5,1,95,110,50,C04_S_THRESHOLD,84,95,,,54,34,45,,,4,1,0,0,,0,0,0,0,0.251065,0.814521,,0.110455,0.805019,,0,93,67,0.003976,0.0,0,0,160,0,0,0,0,0,0,0,30,30,0
grand_sim_v0_7,hub_2_single_hub_failure,hub_redundancy,mid_stress,5,10595,hub_redundant,hub_2,160,0.1,0.08,0.06,0.29,1.6,0.12,0.1,0.08,0.16,0.0095,0.00791,0.3,0.25,0.1,,0.3,,,,,,,0.06,0.507512,0.03,0.147513,0.62612,0.491067,0.214098,0.478951,0.173756,0.5,1,87,109,51,C04_S_THRESHOLD,80,87,,,56,29,36,,,5,1,0,0,,0,0,0,0,0.234907,0.866296,,0.109633,0.819713,,0,90,70,0.003968,0.0,0,0,160,0,0,0,0,0,0,0,30,30,0
grand_sim_v0_7,hub_2_single_hub_failure,hub_redundancy,mid_stress,6,10596,hub_redundant,hub_2,160,0.1,0.08,0.06,0.29,1.6,0.12,0.1,0.08,0.16,0.0095,0.00791,0.3,0.25,0.1,,0.3,,,,,,,0.06,0.514447,0.03,0.145101,0.543807,0.52049,0.227106,0.492752,0.213586,0.5,1,97,111,49,C04_S_THRESHOLD,88,97,,,55,39,48,,,6,1,0,0,,0,0,0,0,0.242757,0.908439,,0.110685,0.832252,,0,98,62,0.003198,0.0,0,0,160,0,0,0,0,0,0,0,30,30,0
grand_sim_v0_7,hub_2_single_hub_failure,hub_redundancy,mid_stress,7,10597,hub_redundant,hub_2,160,0.1,0.08,0.06,0.29,1.6,0.12,0.1,0.08,0.16,0.0095,0.00791,0.3,0.25,0.1,,0.3,,,,,,,0.06,0.50706,0.03,0.134339,0.566203,0.490443,0.232138,0.496021,0.197944,0.5,1,100,112,48,C04_S_THRESHOLD,92,100,,,54,44,52,,,6,1,0,0,,0,0,0,0,0.254524,0.879469,,0.110638,0.816567,,0,99,61,0.003376,0.0,0,0,160,0,0,0,0,0,0,0,30,30,0
grand_sim_v0_7,hub_2_single_hub_failure,hub_redundancy,mid_stress,8,10598,hub_redundant,hub_2,160,0.1,0.08,0.06,0.29,1.6,0.12,0.1,0.08,0.16,0.0095,0.00791,0.3,0.25,0.1,,0.3,,,,,,,0.06,0.49804,0.03,0.141918,0.649264,0.48505,0.211587,0.481322,0.171224,0.5,1,97,109,51,C04_S_THRESHOLD,83,97,,,55,32,46,,,4,1,0,0,,0,0,0,0,0.23135,0.884625,,0.110001,0.798456,,0,93,67,0.003932,0.0,0,0,160,0,0,0,0,0,0,0,30,30,0
grand_sim_v0_7,hub_2_single_hub_failure,hub_redundancy,mid_stress,9,10599,hub_redundant,hub_2,160,0.1,0.08,0.06,0.29,1.6,0.12,0.1,0.08,0.16,0.0095,0.00791,0.3,0.25,0.1,,0.3,,,,,,,0.06,0.492804,0.03,0.152419,0.645903,0.459818,0.211377,0.473747,0.150799,0.5,1,88,117,43,C04_S_THRESHOLD,84,88,,,47,41,45,,,4,1,0,0,,0,0,0,0,0.218731,0.835283,,0.108821,0.815256,,0,85,75,0.004328,0.0,0,0,160,0,0,0,0,0,0,0,30,30,0
grand_sim_v0_7,hub_2_single_hub_failure,hub_redundancy,high_stress,0,10600,hub_redundant,hub_2,160,0.14,0.05,0.09,0.26,2.0,0.06,0.13,0.1,0.2,0.012,0.00998,0.3,0.25,0.1,,0.3,,,,,,,0.09,0.03,0.03,0.16689,1.0,0.0,0.142511,0.0,0.0,1.0,1,17,145,15,C04_S_THRESHOLD,17,17,,18,18,2,2,,3,3,1,0,0,,0,137,0,0,0.164936,0.142511,,0.048009,0.140698,,0,,0,0.0,0.0,0,0,160,0,0,0,0,0,0,0,30,30,0
grand_sim_v0_7,hub_2_single_hub_failure,hub_redundancy,high_stress,1,10601,hub_redundant,hub_2,160,0.14,0.05,0.09,0.26,2.0,0.06,0.13,0.1,0.2,0.012,0.00998,0.3,0.25,0.1,,0.3,,,,,,,0.09,0.03,0.03,0.159313,1.0,0.0,0.152013,0.0,0.0,1.0,1,19,146,14,C04_S_THRESHOLD,16,19,,19,17,2,5,,5,3,1,0,0,,0,136,0,0,0.154547,0.161989,,0.048188,0.139392,,0,26,134,0.000558,0.0,0,0,160,0,0,0,0,0,0,0,30,30,0
grand_sim_v0_7,hub_2_single_hub_failure,hub_redundancy,high_stress,2,10602,hub_redundant,hub_2,160,0.14,0.05,0.09,0.26,2.0,0.06,0.13,0.1,0.2,0.012,0.00998,0.3,0.25,0.1,,0.3,,,,,,,0.09,0.03,0.03,0.16191,1.0,0.0,0.148821,0.0,0.0,1.0,1,15,146,14,C04_S_THRESHOLD,15,15,,17,16,1,1,,3,2,1,0,0,,0,138,0,0,0.158878,0.155764,,0.048064,0.149348,,0,,0,0.0,0.0,0,0,160,0,0,0,0,0,0,0,30,30,0
grand_sim_v0_7,hub_2_single_hub_failure,hub_redundancy,high_stress,3,10603,hub_redundant,hub_2,160,0.14,0.05,0.09,0.26,2.0,0.06,0.13,0.1,0.2,0.012,0.00998,0.3,0.25,0.1,,0.3,,,,,,,0.09,0.03,0.03,0.159809,1.0,0.0,0.148378,0.0,0.0,1.0,1,18,144,16,C04_S_THRESHOLD,17,18,,19,18,1,2,,3,2,1,0,0,,0,136,0,0,0.162986,0.160872,,0.048132,0.15217,,0,,0,0.0,0.0,0,0,160,0,0,0,0,0,0,0,30,30,0
grand_sim_v0_7,hub_2_single_hub_failure,hub_redundancy,high_stress,4,10604,hub_redundant,hub_2,160,0.14,0.05,0.09,0.26,2.0,0.06,0.13,0.1,0.2,0.012,0.00998,0.3,0.25,0.1,,0.3,,,,,,,0.09,0.03,0.03,0.175986,1.0,0.0,0.143027,0.0,0.0,1.0,1,19,144,16,C04_S_THRESHOLD,18,19,,20,18,2,3,,4,2,1,0,0,,0,136,0,0,0.143027,0.15544,,0.048194,0.155282,,0,,0,0.0,0.0,0,0,160,0,0,0,0,0,0,0,30,30,0
grand_sim_v0_7,hub_2_single_hub_failure,hub_redundancy,high_stress,5,10605,hub_redundant,hub_2,160,0.14,0.05,0.09,0.26,2.0,0.06,0.13,0.1,0.2,0.012,0.00998,0.3,0.25,0.1,,0.3,,,,,,,0.09,0.03,0.03,0.161553,1.0,0.0,0.148235,0.0,0.0,1.0,1,19,144,16,C04_S_THRESHOLD,18,19,,20,19,2,3,,4,3,1,0,0,,0,136,0,0,0.155837,0.158179,,0.047862,0.142104,,0,,0,0.0,0.0,0,0,160,0,0,0,0,0,0,0,30,30,0
grand_sim_v0_7,hub_2_single_hub_failure,hub_redundancy,high_stress,6,10606,hub_redundant,hub_2,160,0.14,0.05,0.09,0.26,2.0,0.06,0.13,0.1,0.2,0.012,0.00998,0.3,0.25,0.1,,0.3,,,,,,,0.09,0.03,0.03,0.158556,1.0,0.0,0.146818,0.0,0.0,1.0,1,18,144,16,C04_S_THRESHOLD,18,18,,19,19,2,2,,3,3,1,0,0,,0,137,0,0,0.16444,0.162269,,0.047954,0.143529,,0,29,13,0.000243,0.0,0,0,160,0,0,0,0,0,0,0,30,30,0
grand_sim_v0_7,hub_2_single_hub_failure,hub_redundancy,high_stress,7,10607,hub_redundant,hub_2,160,0.14,0.05,0.09,0.26,2.0,0.06,0.13,0.1,0.2,0.012,0.00998,0.3,0.25,0.1,,0.3,,,,,,,0.09,0.03,0.03,0.175245,1.0,0.0,0.147504,0.0,0.0,1.0,1,18,144,16,C04_S_THRESHOLD,17,18,,19,18,1,2,,3,2,1,0,0,,0,137,0,0,0.154465,0.152434,,0.04818,0.151953,,0,,0,0.0,0.0,0,0,160,0,0,0,0,0,0,0,30,30,0
grand_sim_v0_7,hub_2_single_hub_failure,hub_redundancy,high_stress,8,10608,hub_redundant,hub_2,160,0.14,0.05,0.09,0.26,2.0,0.06,0.13,0.1,0.2,0.012,0.00998,0.3,0.25,0.1,,0.3,,,,,,,0.09,0.03,0.03,0.156976,1.0,0.0,0.150605,0.0,0.0,1.0,1,18,145,15,C04_S_THRESHOLD,17,18,,19,18,2,3,,4,3,1,0,0,,0,136,0,0,0.155753,0.167183,,0.048103,0.139557,,0,,0,0.0,0.0,0,0,160,0,0,0,0,0,0,0,30,30,0
grand_sim_v0_7,hub_2_single_hub_failure,hub_redundancy,high_stress,9,10609,hub_redundant,hub_2,160,0.14,0.05,0.09,0.26,2.0,0.06,0.13,0.1,0.2,0.012,0.00998,0.3,0.25,0.1,,0.3,,,,,,,0.09,0.03,0.03,0.170882,1.0,0.0,0.147738,0.0,0.0,1.0,1,19,144,16,C04_S_THRESHOLD,18,19,,20,19,2,3,,4,3,1,0,0,,0,136,0,0,0.157653,0.162935,,0.047943,0.135981,,0,24,19,0.000829,0.0,0,0,160,0,0,0,0,0,0,0,30,30,0
grand_sim_v0_7,hub_3_single_hub_failure,hub_redundancy,low_stress,0,10610,hub_redundant,hub_3,160,0.06,0.1,0.04,0.32,1.2,0.2,0.08,0.06,0.12,0.0075,0.006735,0.3,0.25,0.1,,0.3,,,,,,,0.03,0.988128,0.287684,0.112063,0.0,0.989881,0.506309,1.0,1.0,0.016667,0,,97,59,C04_S_THRESHOLD,,,,,67,,,,,8,0,0,0,,0,0,0,0,0.506309,0.981686,0.984513,0.213946,0.85222,0.822845,0,,0,0.0,0.0,0,,0,0,0,0,0,0,0,0,21,21,0
grand_sim_v0_7,hub_3_single_hub_failure,hub_redundancy,low_stress,1,10611,hub_redundant,hub_3,160,0.06,0.1,0.04,0.32,1.2,0.2,0.08,0.06,0.12,0.0075,0.006735,0.3,0.25,0.1,,0.3,,,,,,,0.03,0.988776,0.326573,0.114048,0.0,0.990013,0.526222,1.0,1.0,0.016667,0,,91,63,C04_S_THRESHOLD,,,,,71,,,,,8,0,0,0,,0,0,0,0,0.526222,0.985455,0.976274,0.213568,0.779307,0.833513,0,,0,0.0,0.0,0,,0,0,0,0,0,0,0,0,21,21,0
grand_sim_v0_7,hub_3_single_hub_failure,hub_redundancy,low_stress,2,10612,hub_redundant,hub_3,160,0.06,0.1,0.04,0.32,1.2,0.2,0.08,0.06,0.12,0.0075,0.006735,0.3,0.25,0.1,,0.3,,,,,,,0.03,0.987638,0.258253,0.119368,0.0,0.989583,0.492566,1.0,1.0,0.016667,0,,99,59,C04_S_THRESHOLD,,,,,66,,,,,7,0,0,0,,0,0,0,0,0.492566,0.962387,0.98371,0.213954,0.817791,0.810463,0,,0,0.0,0.0,0,,0,0,0,0,0,0,0,0,21,21,0
grand_sim_v0_7,hub_3_single_hub_failure,hub_redundancy,low_stress,3,10613,hub_redundant,hub_3,160,0.06,0.1,0.04,0.32,1.2,0.2,0.08,0.06,0.12,0.0075,0.006735,0.3,0.25,0.1,,0.3,,,,,,,0.03,0.986558,0.193483,0.124204,0.0,0.99002,0.464924,1.0,1.0,0.016667,0,,90,70,C04_S_THRESHOLD,,,,,80,,,,,10,0,0,0,,0,0,0,0,0.464924,0.9849,0.984767,0.213835,0.814802,0.856396,0,,0,0.0,0.0,0,,0,0,0,0,0,0,0,0,21,21,0
grand_sim_v0_7,hub_3_single_hub_failure,hub_redundancy,low_stress,4,10614,hub_redundant,hub_3,160,0.06,0.1,0.04,0.32,1.2,0.2,0.08,0.06,0.12,0.0075,0.006735,0.3,0.25,0.1,,0.3,,,,,,,0.03,0.986443,0.186608,0.117257,0.0,0.98986,0.457709,1.0,1.0,0.016667,0,,95,65,C04_S_THRESHOLD,,,,,75,,,,,10,0,0,0,,0,0,0,0,0.457709,0.980953,0.983373,0.213789,0.84161,0.818499,0,,0,0.0,0.0,0,,0,0,0,0,0,0,0,0,21,21,0
grand_sim_v0_7,hub_3_single_hub_failure,hub_redundancy,low_stress,5,10615,hub_redundant,hub_3,160,0.06,0.1,0.04,0.32,1.2,0.2,0.08,0.06,0.12,0.0075,0.006735,0.3,0.25,0.1,,0.3,,,,,,,0.03,0.988706,0.322376,0.118511,0.0,0.990017,0.51797,1.0,1.0,0.016667,0,,93,60,C04_S_THRESHOLD,,,,,68,,,,,8,0,0,0,,0,0,0,0,0.51797,0.972334,0.979256,0.213811,0.809884,0.788728,0,,0,0.0,0.0,0,,0,0,0,0,0,0,0,0,21,21,0
grand_sim_v0_7,hub_3_single_hub_failure,hub_redundancy,low_stress,6,10616,hub_redundant,hub_3,160,0.06,0.1,0.04,0.32,1.2,0.2,0.08,0.06,0.12,0.0075,0.006735,0.3,0.25,0.1,,0.3,,,,,,,0.03,0.986578,0.194657,0.119929,0.0,0.98993,0.455843,1.0,1.0,0.016667,0,,93,67,C04_S_THRESHOLD,,,,,76,,,,,9,0,0,0,,0,0,0,0,0.455843,0.980808,0.979292,0.213844,0.806842,0.807748,0,,0,0.0,0.0,0,,0,0,0,0,0,0,0,0,21,21,0
grand_sim_v0_7,hub_3_single_hub_failure,hub_redundancy,low_stress,7,10617,hub_redundant,hub_3,160,0.06,0.1,0.04,0.32,1.2,0.2,0.08,0.06,0.12,0.0075,0.006735,0.3,0.25,0.1,,0.3,,,,,,,0.03,0.985661,0.139675,0.121571,0.0,0.98989,0.430385,1.0,1.0,0.016667,0,,86,74,C04_S_THRESHOLD,,,,,86,,,,,12,0,0,0,,0,0,0,0,0.430385,0.972465,0.985515,0.21391,0.807858,0.813834,0,,0,0.0,0.0,0,,0,0,0,0,0,0,0,0,21,21,0
grand_sim_v0_7,hub_3_single_hub_failure,hub_redundancy,low_stress,8,10618,hub_redundant,hub_3,160,0.06,0.1,0.04,0.32,1.2,0.2,0.08,0.06,0.12,0.0075,0.006735,0.3,0.25,0.1,,0.3,,,,,,,0.03,0.987437,0.246208,0.13064,0.0,0.989656,0.475014,1.0,1.0,0.016667,0,,102,58,C04_S_THRESHOLD,,,,,65,,,,,7,0,0,0,,0,0,0,0,0.475014,0.982701,0.957139,0.213883,0.812229,0.838613,0,,0,0.0,0.0,0,,0,0,0,0,0,0,0,0,21,21,0
grand_sim_v0_7,hub_3_single_hub_failure,hub_redundancy,low_stress,9,10619,hub_redundant,hub_3,160,0.06,0.1,0.04,0.32,1.2,0.2,0.08,0.06,0.12,0.0075,0.006735,0.3,0.25,0.1,,0.3,,,,,,,0.03,0.988317,0.298999,0.113789,0.0,0.989895,0.511904,1.0,1.0,0.016667,0,,95,61,C04_S_THRESHOLD,,,,,69,,,,,8,0,0,0,,0,0,0,0,0.511904,0.986487,0.980859,0.213739,0.819127,0.825809,0,,0,0.0,0.0,0,,0,0,0,0,0,0,0,0,21,21,0
grand_sim_v0_7,hub_3_single_hub_failure,hub_redundancy,mid_stress,0,10620,hub_redundant,hub_3,160,0.1,0.08,0.06,0.29,1.6,0.12,0.1,0.08,0.16,0.0095,0.00791,0.3,0.25,0.1,,0.3,,,,,,,0.06,0.861763,0.03,0.143036,0.002293,0.890258,0.365354,1.0,1.0,0.066667,0,,109,51,C04_S_THRESHOLD,,,,,57,,,,,6,0,0,0,,0,0,0,0,0.365354,0.981034,0.980804,0.1281,0.803072,0.784588,0,,0,0.0,0.0,0,,0,0,0,0,0,0,0,0,21,21,0
grand_sim_v0_7,hub_3_single_hub_failure,hub_redundancy,mid_stress,1,10621,hub_redundant,hub_3,160,0.1,0.08,0.06,0.29,1.6,0.12,0.1,0.08,0.16,0.0095,0.00791,0.3,0.25,0.1,,0.3,,,,,,,0.06,0.824856,0.03,0.135893,0.00073,0.895158,0.375986,1.0,1.0,0.15,0,,116,44,C04_S_THRESHOLD,,,,,48,,,,,4,0,0,0,,0,0,0,0,0.375986,0.97706,0.973703,0.131198,0.802427,0.798509,0,120,40,0.004573,0.0,0,,0,0,0,0,0,0,0,0,21,21,0
grand_sim_v0_7,hub_3_single_hub_failure,hub_redundancy,mid_stress,2,10622,hub_redundant,hub_3,160,0.1,0.08,0.06,0.29,1.6,0.12,0.1,0.08,0.16,0.0095,0.00791,0.3,0.25,0.1,,0.3,,,,,,,0.06,0.830205,0.03,0.131742,0.001541,0.896635,0.365251,1.0,1.0,0.15,0,,117,43,C04_S_THRESHOLD,,,,,47,,,,,4,0,0,0,,0,0,0,0,0.365251,0.973718,0.968325,0.12941,0.832807,0.806616,0,122,38,0.00461,0.0,0,,0,0,0,0,0,0,0,0,21,21,0
grand_sim_v0_7,hub_3_single_hub_failure,hub_redundancy,mid_stress,3,10623,hub_redundant,hub_3,160,0.1,0.08,0.06,0.29,1.6,0.12,0.1,0.08,0.16,0.0095,0.00791,0.3,0.25,0.1,,0.3,,,,,,,0.06,0.882892,0.043559,0.125041,0.000408,0.899485,0.380299,1.0,1.0,0.083333,0,,113,47,C04_S_THRESHOLD,,,,,53,,,,,6,0,0,0,,0,0,0,0,0.380299,0.977258,0.982474,0.130184,0.806775,0.784812,0,,0,0.0,0.0,0,,0,0,0,0,0,0,0,0,21,21,0
grand_sim_v0_7,hub_3_single_hub_failure,hub_redundancy,mid_stress,4,10624,hub_redundant,hub_3,160,0.1,0.08,0.06,0.29,1.6,0.12,0.1,0.08,0.16,0.0095,0.00791,0.3,0.25,0.1,,0.3,,,,,,,0.06,0.874445,0.03,0.130741,0.000718,0.898274,0.363411,1.0,1.0,0.083333,0,,111,49,C04_S_THRESHOLD,,,,,53,,,,,4,0,0,0,,0,0,0,0,0.363411,0.979463,0.972952,0.129432,0.814979,0.796772,0,,0,0.0,0.0,0,,0,0,0,0,0,0,0,0,21,21,0
grand_sim_v0_7,hub_3_single_hub_failure,hub_redundancy,mid_stress,5,10625,hub_redundant,hub_3,160,0.1,0.08,0.06,0.29,1.6,0.12,0.1,0.08,0.16,0.0095,0.00791,0.3,0.25,0.1,,0.3,,,,,,,0.06,0.863924,0.032084,0.126642,0.000304,0.894973,0.373171,1.0,1.0,0.1,0,,110,50,C04_S_THRESHOLD,,,,,54,,,,,4,0,0,0,,0,0,0,0,0.373171,0.974386,0.981703,0.130745,0.796421,0.81531,0,,0,0.0,0.0,0,,0,0,0,0,0,0,0,0,21,21,0
grand_sim_v0_7,hub_3_single_hub_failure,hub_redundancy,mid_stress,6,10626,hub_redundant,hub_3,160,0.1,0.08,0.06,0.29,1.6,0.12,0.1,0.08,0.16,0.0095,0.00791,0.3,0.25,0.1,,0.3,,,,,,,0.06,0.863714,0.03,0.142702,0.001049,0.895948,0.361262,1.0,1.0,0.116667,0,,108,52,C04_S_THRESHOLD,,,,,58,,,,,6,0,0,0,,0,0,0,0,0.361262,0.975628,0.982739,0.129359,0.818354,0.801284,0,,0,0.0,0.0,0,,0,0,0,0,0,0,0,0,21,21,0
grand_sim_v0_7,hub_3_single_hub_failure,hub_redundancy,mid_stress,7,10627,hub_redundant,hub_3,160,0.1,0.08,0.06,0.29,1.6,0.12,0.1,0.08,0.16,0.0095,0.00791,0.3,0.25,0.1,,0.3,,,,,,,0.06,0.882156,0.03,0.138066,0.00152,0.898791,0.358066,1.0,1.0,0.05,0,,110,50,C04_S_THRESHOLD,,,,,56,,,,,6,0,0,0,,0,0,0,0,0.358066,0.977306,0.984853,0.130305,0.848143,0.784122,0,,0,0.0,0.0,0,,0,0,0,0,0,0,0,0,21,21,0
grand_sim_v0_7,hub_3_single_hub_failure,hub_redundancy,mid_stress,8,10628,hub_redundant,hub_3,160,0.1,0.08,0.06,0.29,1.6,0.12,0.1,0.08,0.16,0.0095,0.00791,0.3,0.25,0.1,,0.3,,,,,,,0.06,0.811117,0.03,0.143968,0.000921,0.893322,0.371222,1.0,1.0,0.166667,0,,116,44,C04_S_THRESHOLD,,,,,48,,,,,4,0,0,0,,0,0,0,0,0.371222,0.980455,0.971648,0.12882,0.810083,0.81691,0,117,43,0.004657,0.0,0,,0,0,0,0,0,0,0,0,21,21,0
grand_sim_v0_7,hub_3_single_hub_failure,hub_redundancy,mid_stress,9,10629,hub_redundant,hub_3,160,0.1,0.08,0.06,0.29,1.6,0.12,0.1,0.08,0.16,0.0095,0.00791,0.3,0.25,0.1,,0.3,,,,,,,0.06,0.844119,0.03,0.136763,0.002495,0.893897,0.361116,1.0,1.0,0.116667,0,,114,46,C04_S_THRESHOLD,,,,,50,,,,,4,0,0,0,,0,0,0,0,0.361116,0.969796,0.980368,0.12993,0.809665,0.818949,0,118,42,0.004644,0.0,0,,0,0,0,0,0,0,0,0,21,21,0
grand_sim_v0_7,hub_3_single_hub_failure,hub_redundancy,high_stress,0,10630,hub_redundant,hub_3,160,0.14,0.05,0.09,0.26,2.0,0.06,0.13,0.1,0.2,0.012,0.00998,0.3,0.25,0.1,,0.3,,,,,,,0.09,0.03,0.03,0.150466,1.0,0.0,0.153619,0.0,0.0,1.0,1,25,139,21,C04_S_THRESHOLD,24,25,,27,25,3,4,,6,4,1,0,0,,0,128,0,0,0.156212,0.163174,0.158399,0.047839,0.149617,0.147202,0,,0,0.0,0.0,0,,0,0,0,0,0,0,0,0,21,21,0
grand_sim_v0_7,hub_3_single_hub_failure,hub_redundancy,high_stress,1,10631,hub_redundant,hub_3,160,0.14,0.05,0.09,0.26,2.0,0.06,0.13,0.1,0.2,0.012,0.00998,0.3,0.25,0.1,,0.3,,,,,,,0.09,0.03,0.03,0.148587,1.0,0.0,0.151609,0.0,0.0,1.0,1,23,141,19,C04_S_THRESHOLD,22,23,,24,22,3,4,,5,3,1,0,0,,0,131,0,0,0.158433,0.161205,0.159657,0.048334,0.151942,0.156066,0,,0,0.0,0.0,0,,0,0,0,0,0,0,0,0,21,21,0
grand_sim_v0_7,hub_3_single_hub_failure,hub_redundancy,high_stress,2,10632,hub_redundant,hub_3,160,0.14,0.05,0.09,0.26,2.0,0.06,0.13,0.1,0.2,0.012,0.00998,0.3,0.25,0.1,,0.3,,,,,,,0.09,0.03,0.03,0.149157,1.0,0.0,0.151207,0.0,0.0,1.0,1,23,144,16,C04_S_THRESHOLD,22,23,,24,20,6,7,,8,4,1,0,0,,0,131,0,0,0.16099,0.168368,0.155662,0.048065,0.130916,0.152089,0,,0,0.0,0.0,0,,0,0,0,0,0,0,0,0,21,21,0
grand_sim_v0_7,hub_3_single_hub_failure,hub_redundancy,high_stress,3,10633,hub_redundant,hub_3,160,0.14,0.05,0.09,0.26,2.0,0.06,0.13,0.1,0.2,0.012,0.00998,0.3,0.25,0.1,,0.3,,,,,,,0.09,0.03,0.03,0.154104,1.0,0.0,0.150972,0.0,0.0,1.0,1,25,142,18,C04_S_THRESHOLD,23,25,,26,21,5,7,,8,3,1,0,0,,0,129,0,0,0.153483,0.16384,0.166366,0.048079,0.156353,0.162721,0,,0,0.0,0.0,0,,0,0,0,0,0,0,0,0,21,21,0
grand_sim_v0_7,hub_3_single_hub_failure,hub_redundancy,high_stress,4,10634,hub_redundant,hub_3,160,0.14,0.05,0.09,0.26,2.0,0.06,0.13,0.1,0.2,0.012,0.00998,0.3,0.25,0.1,,0.3,,,,,,,0.09,0.03,0.03,0.155876,1.0,0.0,0.149306,0.0,0.0,1.0,1,25,140,20,C04_S_THRESHOLD,24,25,,26,23,4,5,,6,3,1,0,0,,0,129,0,0,0.161367,0.158682,0.151722,0.047814,0.147525,0.135809,0,,0,0.0,0.0,0,,0,0,0,0,0,0,0,0,21,21,0
grand_sim_v0_7,hub_3_single_hub_failure,hub_redundancy,high_stress,5,10635,hub_redundant,hub_3,160,0.14,0.05,0.09,0.26,2.0,0.06,0.13,0.1,0.2,0.012,0.00998,0.3,0.25,0.1,,0.3,,,,,,,0.09,0.03,0.03,0.15903,1.0,0.0,0.148209,0.0,0.0,1.0,1,28,136,24,C04_S_THRESHOLD,27,28,,29,27,3,4,,5,3,1,0,0,,0,125,0,0,0.151155,0.160237,0.148209,0.0482,0.149328,0.147217,0,28,24,0.0097,0.0,0,,0,0,0,0,0,0,0,0,21,21,0
grand_sim_v0_7,hub_3_single_hub_failure,hub_redundancy,high_stress,6,10636,hub_redundant,hub_3,160,0.14,0.05,0.09,0.26,2.0,0.06,0.13,0.1,0.2,0.012,0.00998,0.3,0.25,0.1,,0.3,,,,,,,0.09,0.03,0.03,0.155539,1.0,0.0,0.151341,0.0,0.0,1.0,1,24,141,19,C04_S_THRESHOLD,22,24,,25,21,3,5,,6,2,1,0,0,,0,130,0,0,0.162542,0.162215,0.156035,0.048005,0.139807,0.149486,0,,0,0.0,0.0,0,,0,0,0,0,0,0,0,0,21,21,0
grand_sim_v0_7,hub_3_single_hub_failure,hub_redundancy,high_stress,7,10637,hub_redundant,hub_3,160,0.14,0.05,0.09,0.26,2.0,0.06,0.13,0.1,0.2,0.012,0.00998,0.3,0.25,0.1,,0.3,,,,,,,0.09,0.03,0.03,0.149498,1.0,0.0,0.1499,0.0,0.0,1.0,1,25,140,20,C04_S_THRESHOLD,23,25,,26,23,3,5,,6,3,1,0,0,,0,129,0,0,0.1499,0.165717,0.160295,0.04795,0.156498,0.14987,0,,0,0.0,0.0,0,,0,0,0,0,0,0,0,0,21,21,0
grand_sim_v0_7,hub_3_single_hub_failure,hub_redundancy,high_stress,8,10638,hub_redundant,hub_3,160,0.14,0.05,0.09,0.26,2.0,0.06,0.13,0.1,0.2,0.012,0.00998,0.3,0.25,0.1,,0.3,,,,,,,0.09,0.03,0.03,0.165912,1.0,0.0,0.148985,0.0,0.0,1.0,1,23,140,20,C04_S_THRESHOLD,22,23,,24,24,2,3,,4,4,1,0,0,,0,131,0,0,0.158827,0.157072,0.157924,0.047986,0.148389,0.140416,0,,0,0.0,0.0,0,,0,0,0,0,0,0,0,0,21,21,0
grand_sim_v0_7,hub_3_single_hub_failure,hub_redundancy,high_stress,9,10639,hub_redundant,hub_3,160,0.14,0.05,0.09,0.26,2.0,0.06,0.13,0.1,0.2,0.012,0.00998,0.3,0.25,0.1,,0.3,,,,,,,0.09,0.03,0.03,0.158228,1.0,0.0,0.150443,0.0,0.0,1.0,1,23,142,18,C04_S_THRESHOLD,22,23,,25,22,4,5,,7,4,1,0,0,,0,131,0,0,0.164842,0.159953,0.158212,0.047938,0.146351,0.15297,0,,0,0.0,0.0,0,,0,0,0,0,0,0,0,0,21,21,0
grand_sim_v0_7,hub_2_unbalanced_primary_failure,hub_redundancy,low_stress,0,10640,hub_redundant,hub_2,160,0.06,0.1,0.04,0.32,1.2,0.2,0.08,0.06,0.12,0.0075,0.006735,0.3,0.25,0.1,,0.3,,,,,,,0.03,0.987866,0.271975,0.135675,0.0,0.985719,0.490304,1.0,1.0,0.016667,0,,100,58,C04_S_THRESHOLD,,,,,66,,,,,8,0,0,0,,0,0,0,0,0.490304,0.977406,,0.211687,0.797909,,0,,0,0.0,0.0,0,0,160,0,0,0,0,0,0,0,18,42,24
grand_sim_v0_7,hub_2_unbalanced_primary_failure,hub_redundancy,low_stress,1,10641,hub_redundant,hub_2,160,0.06,0.1,0.04,0.32,1.2,0.2,0.08,0.06,0.12,0.0075,0.006735,0.3,0.25,0.1,,0.3,,,,,,,0.03,0.987473,0.248361,0.12947,0.0,0.985982,0.476878,1.0,1.0,0.016667,0,,103,57,C04_S_THRESHOLD,,,,,65,,,,,8,0,0,0,,0,0,0,0,0.476878,0.976529,,0.21178,0.818787,,0,,0,0.0,0.0,0,0,160,0,0,0,0,0,0,0,18,42,24
grand_sim_v0_7,hub_2_unbalanced_primary_failure,hub_redundancy,low_stress,2,10642,hub_redundant,hub_2,160,0.06,0.1,0.04,0.32,1.2,0.2,0.08,0.06,0.12,0.0075,0.006735,0.3,0.25,0.1,,0.3,,,,,,,0.03,0.986198,0.171857,0.130815,0.0,0.985083,0.439881,1.0,1.0,0.016667,0,,99,61,C04_S_THRESHOLD,,,,,69,,,,,8,0,0,0,,0,0,0,0,0.439881,0.970485,,0.211661,0.817984,,0,,0,0.0,0.0,0,0,160,0,0,0,0,0,0,0,18,42,24
grand_sim_v0_7,hub_2_unbalanced_primary_failure,hub_redundancy,low_stress,3,10643,hub_redundant,hub_2,160,0.06,0.1,0.04,0.32,1.2,0.2,0.08,0.06,0.12,0.0075,0.006735,0.3,0.25,0.1,,0.3,,,,,,,0.03,0.986538,0.192269,0.141021,0.0,0.98733,0.444707,1.0,1.0,0.016667,0,,92,68,C04_S_THRESHOLD,,,,,78,,,,,10,0,0,0,,0,0,0,0,0.444707,0.967965,,0.212006,0.83789,,0,,0,0.0,0.0,0,0,160,0,0,0,0,0,0,0,18,42,24
grand_sim_v0_7,hub_2_unbalanced_primary_failure,hub_redundancy,low_stress,4,10644,hub_redundant,hub_2,160,0.06,0.1,0.04,0.32,1.2,0.2,0.08,0.06,0.12,0.0075,0.006735,0.3,0.25,0.1,,0.3,,,,,,,0.03,0.987733,0.263963,0.11156,0.0,0.98693,0.496292,1.0,1.0,0.016667,0,,97,60,C04_S_THRESHOLD,,,,,68,,,,,8,0,0,0,,0,0,0,0,0.496292,0.984005,,0.211896,0.827798,,0,,0,0.0,0.0,0,0,160,0,0,0,0,0,0,0,18,42,24
grand_sim_v0_7,hub_2_unbalanced_primary_failure,hub_redundancy,low_stress,5,10645,hub_redundant,hub_2,160,0.06,0.1,0.04,0.32,1.2,0.2,0.08,0.06,0.12,0.0075,0.006735,0.3,0.25,0.1,,0.3,,,,,,,0.03,0.985548,0.132852,0.134446,0.0,0.987038,0.431898,1.0,1.0,0.016667,0,,88,72,C04_S_THRESHOLD,,,,,84,,,,,12,0,0,0,,0,0,0,0,0.431898,0.979371,,0.212152,0.842262,,0,,0,0.0,0.0,0,0,160,0,0,0,0,0,0,0,18,42,24
grand_sim_v0_7,hub_2_unbalanced_primary_failure,hub_redundancy,low_stress,6,10646,hub_redundant,hub_2,160,0.06,0.1,0.04,0.32,1.2,0.2,0.08,0.06,0.12,0.0075,0.006735,0.3,0.25,0.1,,0.3,,,,,,,0.03,0.986413,0.184772,0.149606,0.0,0.986547,0.435458,1.0,1.0,0.016667,0,,103,57,C04_S_THRESHOLD,,,,,65,,,,,8,0,0,0,,0,0,0,0,0.435458,0.966569,,0.211943,0.850766,,0,,0,0.0,0.0,0,0,160,0,0,0,0,0,0,0,18,42,24
grand_sim_v0_7,hub_2_unbalanced_primary_failure,hub_redundancy,low_stress,7,10647,hub_redundant,hub_2,160,0.06,0.1,0.04,0.32,1.2,0.2,0.08,0.06,0.12,0.0075,0.006735,0.3,0.25,0.1,,0.3,,,,,,,0.03,0.985775,0.146512,0.130415,0.0,0.987658,0.434902,1.0,1.0,0.016667,0,,92,68,C04_S_THRESHOLD,,,,,78,,,,,10,0,0,0,,0,0,0,0,0.434902,0.963499,,0.21189,0.819009,,0,,0,0.0,0.0,0,0,160,0,0,0,0,0,0,0,18,42,24
grand_sim_v0_7,hub_2_unbalanced_primary_failure,hub_redundancy,low_stress,8,10648,hub_redundant,hub_2,160,0.06,0.1,0.04,0.32,1.2,0.2,0.08,0.06,0.12,0.0075,0.006735,0.3,0.25,0.1,,0.3,,,,,,,0.03,0.988659,0.319523,0.127517,0.0,0.98589,0.52201,1.0,1.0,0.016667,0,,94,60,C04_S_THRESHOLD,,,,,68,,,,,8,0,0,0,,0,0,0,0,0.52201,0.972086,,0.212014,0.838661,,0,,0,0.0,0.0,0,0,160,0,0,0,0,0,0,0,18,42,24
grand_sim_v0_7,hub_2_unbalanced_primary_failure,hub_redundancy,low_stress,9,10649,hub_redundant,hub_2,160,0.06,0.1,0.04,0.32,1.2,0.2,0.08,0.06,0.12,0.0075,0.006735,0.3,0.25,0.1,,0.3,,,,,,,0.03,0.986496,0.189779,0.130023,0.0,0.986828,0.452109,1.0,1.0,0.016667,0,,95,65,C04_S_THRESHOLD,,,,,73,,,,,8,0,0,0,,0,0,0,0,0.452109,0.980635,,0.211895,0.829542,,0,,0,0.0,0.0,0,0,160,0,0,0,0,0,0,0,18,42,24
grand_sim_v0_7,hub_2_unbalanced_primary_failure,hub_redundancy,mid_stress,0,10650,hub_redundant,hub_2,160,0.1,0.08,0.06,0.29,1.6,0.12,0.1,0.08,0.16,0.0095,0.00791,0.3,0.25,0.1,,0.3,,,,,,,0.06,0.045932,0.03,0.148737,0.942398,0.107815,0.170328,0.0,0.0,0.966667,1,78,112,48,C04_S_THRESHOLD,75,78,,123,52,27,30,,75,4,1,0,0,,0,20,0,0,0.198598,0.234005,,0.093775,0.234005,,0,88,72,0.002219,0.0,0,0,160,0,0,0,0,0,0,0,18,42,24
grand_sim_v0_7,hub_2_unbalanced_primary_failure,hub_redundancy,mid_stress,1,10651,hub_redundant,hub_2,160,0.1,0.08,0.06,0.29,1.6,0.12,0.1,0.08,0.16,0.0095,0.00791,0.3,0.25,0.1,,0.3,,,,,,,0.06,0.05359,0.03,0.14759,0.939783,0.100169,0.17013,0.0,0.0,0.983333,1,80,109,51,C04_S_THRESHOLD,78,80,,121,55,27,29,,70,4,1,0,0,,0,22,0,0,0.187748,0.240144,,0.093385,0.240144,,0,92,68,0.001618,0.0,0,0,160,0,0,0,0,0,0,0,18,42,24
grand_sim_v0_7,hub_2_unbalanced_primary_failure,hub_redundancy,mid_stress,2,10652,hub_redundant,hub_2,160,0.1,0.08,0.06,0.29,1.6,0.12,0.1,0.08,0.16,0.0095,0.00791,0.3,0.25,0.1,,0.3,,,,,,,0.06,0.042611,0.03,0.144816,0.947801,0.110515,0.172976,0.0,0.0,0.966667,1,80,112,48,C04_S_THRESHOLD,76,80,,125,52,28,32,,77,4,1,0,0,,0,19,0,0,0.196513,0.236423,,0.093807,0.236423,,0,88,72,0.002302,0.0,0,0,160,0,0,0,0,0,0,0,18,42,24
grand_sim_v0_7,hub_2_unbalanced_primary_failure,hub_redundancy,mid_stress,3,10653,hub_redundant,hub_2,160,0.1,0.08,0.06,0.29,1.6,0.12,0.1,0.08,0.16,0.0095,0.00791,0.3,0.25,0.1,,0.3,,,,,,,0.06,0.054454,0.03,0.1518,0.964135,0.111151,0.171851,0.0,0.0,0.966667,1,84,109,51,C04_S_THRESHOLD,80,84,,123,57,29,33,,72,6,1,0,0,,0,20,0,0,0.18082,0.211864,,0.094837,0.211864,,0,94,66,0.001679,0.0,0,0,160,0,0,0,0,0,0,0,18,42,24
grand_sim_v0_7,hub_2_unbalanced_primary_failure,hub_redundancy,mid_stress,4,10654,hub_redundant,hub_2,160,0.1,0.08,0.06,0.29,1.6,0.12,0.1,0.08,0.16,0.0095,0.00791,0.3,0.25,0.1,,0.3,,,,,,,0.06,0.054399,0.03,0.148905,0.938408,0.117527,0.171169,0.0,0.0,0.933333,1,82,115,45,C04_S_THRESHOLD,76,82,,124,48,31,37,,79,3,1,0,0,,0,19,0,0,0.17758,0.263391,,0.094293,0.263391,,0,83,77,0.005475,0.0,0,0,160,0,0,0,0,0,0,0,18,42,24
grand_sim_v0_7,hub_2_unbalanced_primary_failure,hub_redundancy,mid_stress,5,10655,hub_redundant,hub_2,160,0.1,0.08,0.06,0.29,1.6,0.12,0.1,0.08,0.16,0.0095,0.00791,0.3,0.25,0.1,,0.3,,,,,,,0.06,0.06864,0.03,0.149861,0.921937,0.13339,0.174766,0.0,0.0,0.933333,1,86,118,42,C04_S_THRESHOLD,81,86,,127,46,39,44,,85,4,1,0,0,,0,15,0,0,0.19511,0.250331,,0.094463,0.250331,,0,86,74,0.00428,0.0,0,0,160,0,0,0,0,0,0,0,18,42,24
grand_sim_v0_7,hub_2_unbalanced_primary_failure,hub_redundancy,mid_stress,6,10656,hub_redundant,hub_2,160,0.1,0.08,0.06,0.29,1.6,0.12,0.1,0.08,0.16,0.0095,0.00791,0.3,0.25,0.1,,0.3,,,,,,,0.06,0.060368,0.03,0.155172,0.936466,0.116024,0.168885,0.0,0.0,0.95,1,80,117,43,C04_S_THRESHOLD,78,80,,124,47,35,37,,81,4,1,0,0,,0,14,0,0,0.178436,0.448735,,0.093527,0.448735,,0,84,76,0.008454,0.0,0,0,160,0,0,0,0,0,0,0,18,42,24
grand_sim_v0_7,hub_2_unbalanced_primary_failure,hub_redundancy,mid_stress,7,10657,hub_redundant,hub_2,160,0.1,0.08,0.06,0.29,1.6,0.12,0.1,0.08,0.16,0.0095,0.00791,0.3,0.25,0.1,,0.3,,,,,,,0.06,0.041959,0.03,0.150954,0.948596,0.117282,0.16943,0.0,0.0,0.983333,1,84,116,44,C04_S_THRESHOLD,80,84,,125,47,36,40,,81,3,1,0,0,,0,19,0,0,0.184443,0.235179,,0.094721,0.235179,,0,86,74,0.002962,0.0,0,0,160,0,0,0,0,0,0,0,18,42,24
grand_sim_v0_7,hub_2_unbalanced_primary_failure,hub_redundancy,mid_stress,8,10658,hub_redundant,hub_2,160,0.1,0.08,0.06,0.29,1.6,0.12,0.1,0.08,0.16,0.0095,0.00791,0.3,0.25,0.1,,0.3,,,,,,,0.06,0.047784,0.03,0.154994,0.9609,0.106793,0.169763,0.0,0.0,0.966667,1,87,108,52,C04_S_THRESHOLD,80,87,,122,56,28,35,,70,4,1,0,0,,0,21,0,0,0.185919,0.204461,,0.094836,0.204461,,0,101,59,0.001365,0.0,0,0,160,0,0,0,0,0,0,0,18,42,24
grand_sim_v0_7,hub_2_unbalanced_primary_failure,hub_redundancy,mid_stress,9,10659,hub_redundant,hub_2,160,0.1,0.08,0.06,0.29,1.6,0.12,0.1,0.08,0.16,0.0095,0.00791,0.3,0.25,0.1,,0.3,,,,,,,0.06,0.074572,0.03,0.161864,0.949873,0.130862,0.171646,0.0,0.0,0.9,1,81,110,50,C04_S_THRESHOLD,78,81,,128,56,28,31,,78,6,1,0,0,,0,16,0,0,0.176151,0.211333,,0.094632,0.211333,,0,90,70,0.002238,0.0,0,0,160,0,0,0,0,0,0,0,18,42,24
grand_sim_v0_7,hub_2_unbalanced_primary_failure,hub_redundancy,high_stress,0,10660,hub_redundant,hub_2,160,0.14,0.05,0.09,0.26,2.0,0.06,0.13,0.1,0.2,0.012,0.00998,0.3,0.25,0.1,,0.3,,,,,,,0.09,0.03,0.03,0.177235,1.0,0.0,0.144224,0.0,0.0,1.0,1,16,145,15,C04_S_THRESHOLD,16,16,,18,17,1,1,,3,2,1,0,0,,0,139,0,0,0.164368,0.144224,,0.047883,0.144224,,0,,0,0.0,0.0,0,0,160,0,0,0,0,0,0,0,18,42,24
grand_sim_v0_7,hub_2_unbalanced_primary_failure,hub_redundancy,high_stress,1,10661,hub_redundant,hub_2,160,0.14,0.05,0.09,0.26,2.0,0.06,0.13,0.1,0.2,0.012,0.00998,0.3,0.25,0.1,,0.3,,,,,,,0.09,0.03,0.03,0.175029,1.0,0.0,0.14679,0.0,0.0,1.0,1,18,144,16,C04_S_THRESHOLD,17,18,,19,18,1,2,,3,2,1,0,0,,0,135,0,0,0.160372,0.147436,,0.047786,0.143423,,0,,0,0.0,0.0,0,0,160,0,0,0,0,0,0,0,18,42,24
grand_sim_v0_7,hub_2_unbalanced_primary_failure,hub_redundancy,high_stress,2,10662,hub_redundant,hub_2,160,0.14,0.05,0.09,0.26,2.0,0.06,0.13,0.1,0.2,0.012,0.00998,0.3,0.25,0.1,,0.3,,,,,,,0.09,0.03,0.03,0.16734,1.0,0.0,0.148354,0.0,0.0,1.0,1,18,145,15,C04_S_THRESHOLD,17,18,,19,17,2,3,,4,2,1,0,0,,0,136,0,0,0.159971,0.158497,,0.047977,0.150633,,0,,0,0.0,0.0,0,0,160,0,0,0,0,0,0,0,18,42,24
grand_sim_v0_7,hub_2_unbalanced_primary_failure,hub_redundancy,high_stress,3,10663,hub_redundant,hub_2,160,0.14,0.05,0.09,0.26,2.0,0.06,0.13,0.1,0.2,0.012,0.00998,0.3,0.25,0.1,,0.3,,,,,,,0.09,0.03,0.03,0.16825,1.0,0.0,0.146544,0.0,0.0,1.0,1,18,144,16,C04_S_THRESHOLD,17,18,,19,18,1,2,,3,2,1,0,0,,0,136,0,0,0.165229,0.163153,,0.047962,0.148479,,0,,0,0.0,0.0,0,0,160,0,0,0,0,0,0,0,18,42,24
grand_sim_v0_7,hub_2_unbalanced_primary_failure,hub_redundancy,high_stress,4,10664,hub_redundant,hub_2,160,0.14,0.05,0.09,0.26,2.0,0.06,0.13,0.1,0.2,0.012,0.00998,0.3,0.25,0.1,,0.3,,,,,,,0.09,0.03,0.03,0.183649,1.0,0.0,0.143302,0.0,0.0,1.0,1,17,147,13,C04_S_THRESHOLD,15,17,,17,16,2,4,,4,3,1,0,0,,0,140,0,0,0.14968,0.143302,,0.047671,0.139992,,0,,0,0.0,0.0,0,0,160,0,0,0,0,0,0,0,18,42,24
grand_sim_v0_7,hub_2_unbalanced_primary_failure,hub_redundancy,high_stress,5,10665,hub_redundant,hub_2,160,0.14,0.05,0.09,0.26,2.0,0.06,0.13,0.1,0.2,0.012,0.00998,0.3,0.25,0.1,,0.3,,,,,,,0.09,0.03,0.03,0.189011,1.0,0.0,0.14331,0.0,0.0,1.0,1,18,145,15,C04_S_THRESHOLD,17,18,,19,18,2,3,,4,3,1,0,0,,0,137,0,0,0.148002,0.155344,,0.047842,0.146744,,0,20,22,0.009799,0.0,0,0,160,0,0,0,0,0,0,0,18,42,24
grand_sim_v0_7,hub_2_unbalanced_primary_failure,hub_redundancy,high_stress,6,10666,hub_redundant,hub_2,160,0.14,0.05,0.09,0.26,2.0,0.06,0.13,0.1,0.2,0.012,0.00998,0.3,0.25,0.1,,0.3,,,,,,,0.09,0.03,0.03,0.184405,1.0,0.0,0.144711,0.0,0.0,1.0,1,19,144,16,C04_S_THRESHOLD,19,19,,21,19,3,3,,5,3,1,0,0,,0,135,0,0,0.147913,0.161594,,0.048047,0.149135,,0,,0,0.0,0.0,0,0,160,0,0,0,0,0,0,0,18,42,24
grand_sim_v0_7,hub_2_unbalanced_primary_failure,hub_redundancy,high_stress,7,10667,hub_redundant,hub_2,160,0.14,0.05,0.09,0.26,2.0,0.06,0.13,0.1,0.2,0.012,0.00998,0.3,0.25,0.1,,0.3,,,,,,,0.09,0.03,0.03,0.180253,1.0,0.0,0.143353,0.0,0.0,1.0,1,20,143,17,C04_S_THRESHOLD,19,20,,21,19,2,3,,4,2,1,0,0,,0,135,0,0,0.15263,0.161347,,0.047832,0.136493,,0,,0,0.0,0.0,0,0,160,0,0,0,0,0,0,0,18,42,24
grand_sim_v0_7,hub_2_unbalanced_primary_failure,hub_redundancy,high_stress,8,10668,hub_redundant,hub_2,160,0.14,0.05,0.09,0.26,2.0,0.06,0.13,0.1,0.2,0.012,0.00998,0.3,0.25,0.1,,0.3,,,,,,,0.09,0.03,0.03,0.17774,1.0,0.0,0.146651,0.0,0.0,1.0,1,17,145,15,C04_S_THRESHOLD,17,17,,18,18,2,2,,3,3,1,0,0,,0,138,0,0,0.151543,0.157352,,0.047777,0.153449,,0,,0,0.0,0.0,0,0,160,0,0,0,0,0,0,0,18,42,24
grand_sim_v0_7,hub_2_unbalanced_primary_failure,hub_redundancy,high_stress,9,10669,hub_redundant,hub_2,160,0.14,0.05,0.09,0.26,2.0,0.06,0.13,0.1,0.2,0.012,0.00998,0.3,0.25,0.1,,0.3,,,,,,,0.09,0.03,0.03,0.189053,1.0,0.0,0.143213,0.0,0.0,1.0,1,16,147,13,C04_S_THRESHOLD,15,16,,17,16,2,3,,4,3,1,0,0,,0,139,0,0,0.145695,0.14478,,0.047968,0.14478,,0,,0,0.0,0.0,0,0,160,0,0,0,0,0,0,0,18,42,24
grand_sim_v0_7,hub_2_unbalanced_secondary_failure,hub_redundancy,low_stress,0,10670,hub_redundant,hub_2,160,0.06,0.1,0.04,0.32,1.2,0.2,0.08,0.06,0.12,0.0075,0.006735,0.3,0.25,0.1,,0.3,,,,,,,0.03,0.98723,0.233775,0.128426,0.0,0.988574,0.473678,1.0,1.0,0.016667,0,,99,61,C04_S_THRESHOLD,,,,,69,,,,,8,0,0,0,,0,0,0,0,0.980045,0.473678,,0.803291,0.211608,,0,,0,0.0,0.0,0,0,160,0,0,0,0,0,0,0,18,42,24
grand_sim_v0_7,hub_2_unbalanced_secondary_failure,hub_redundancy,low_stress,1,10671,hub_redundant,hub_2,160,0.06,0.1,0.04,0.32,1.2,0.2,0.08,0.06,0.12,0.0075,0.006735,0.3,0.25,0.1,,0.3,,,,,,,0.03,0.986819,0.20911,0.132914,0.0,0.987714,0.449778,1.0,1.0,0.016667,0,,98,62,C04_S_THRESHOLD,,,,,70,,,,,8,0,0,0,,0,0,0,0,0.985138,0.449778,,0.786726,0.211834,,0,,0,0.0,0.0,0,0,160,0,0,0,0,0,0,0,18,42,24
grand_sim_v0_7,hub_2_unbalanced_secondary_failure,hub_redundancy,low_stress,2,10672,hub_redundant,hub_2,160,0.06,0.1,0.04,0.32,1.2,0.2,0.08,0.06,0.12,0.0075,0.006735,0.3,0.25,0.1,,0.3,,,,,,,0.03,0.98793,0.275827,0.141894,0.0,0.988314,0.499726,1.0,1.0,0.016667,0,,96,61,C04_S_THRESHOLD,,,,,68,,,,,7,0,0,0,,0,0,0,0,0.972582,0.499726,,0.8052,0.211865,,0,,0,0.0,0.0,0,0,160,0,0,0,0,0,0,0,18,42,24
grand_sim_v0_7,hub_2_unbalanced_secondary_failure,hub_redundancy,low_stress,3,10673,hub_redundant,hub_2,160,0.06,0.1,0.04,0.32,1.2,0.2,0.08,0.06,0.12,0.0075,0.006735,0.3,0.25,0.1,,0.3,,,,,,,0.03,0.985093,0.105574,0.135694,0.0,0.987592,0.409743,1.0,1.0,0.016667,0,,87,73,C04_S_THRESHOLD,,,,,85,,,,,12,0,0,0,,0,0,0,0,0.971082,0.409743,,0.810327,0.211545,,0,,0,0.0,0.0,0,0,160,0,0,0,0,0,0,0,18,42,24
grand_sim_v0_7,hub_2_unbalanced_secondary_failure,hub_redundancy,low_stress,4,10674,hub_redundant,hub_2,160,0.06,0.1,0.04,0.32,1.2,0.2,0.08,0.06,0.12,0.0075,0.006735,0.3,0.25,0.1,,0.3,,,,,,,0.03,0.986805,0.2083,0.131572,0.0,0.989169,0.474919,1.0,1.0,0.016667,0,,94,66,C04_S_THRESHOLD,,,,,76,,,,,10,0,0,0,,0,0,0,0,0.968006,0.474919,,0.805859,0.211893,,0,,0,0.0,0.0,0,0,160,0,0,0,0,0,0,0,18,42,24
grand_sim_v0_7,hub_2_unbalanced_secondary_failure,hub_redundancy,low_stress,5,10675,hub_redundant,hub_2,160,0.06,0.1,0.04,0.32,1.2,0.2,0.08,0.06,0.12,0.0075,0.006735,0.3,0.25,0.1,,0.3,,,,,,,0.03,0.985483,0.128972,0.136258,0.0,0.988653,0.414848,1.0,1.0,0.016667,0,,85,75,C04_S_THRESHOLD,,,,,86,,,,,11,0,0,0,,0,0,0,0,0.973501,0.414848,,0.830947,0.211439,,0,,0,0.0,0.0,0,0,160,0,0,0,0,0,0,0,18,42,24
grand_sim_v0_7,hub_2_unbalanced_secondary_failure,hub_redundancy,low_stress,6,10676,hub_redundant,hub_2,160,0.06,0.1,0.04,0.32,1.2,0.2,0.08,0.06,0.12,0.0075,0.006735,0.3,0.25,0.1,,0.3,,,,,,,0.03,0.987631,0.257843,0.130009,0.0,0.988789,0.491898,1.0,1.0,0.016667,0,,99,59,C04_S_THRESHOLD,,,,,67,,,,,8,0,0,0,,0,0,0,0,0.980298,0.491898,,0.822603,0.212089,,0,,0,0.0,0.0,0,0,160,0,0,0,0,0,0,0,18,42,24
grand_sim_v0_7,hub_2_unbalanced_secondary_failure,hub_redundancy,low_stress,7,10677,hub_redundant,hub_2,160,0.06,0.1,0.04,0.32,1.2,0.2,0.08,0.06,0.12,0.0075,0.006735,0.3,0.25,0.1,,0.3,,,,,,,0.03,0.988515,0.310885,0.133169,0.0,0.988415,0.517057,1.0,1.0,0.016667,0,,96,59,C04_S_THRESHOLD,,,,,66,,,,,7,0,0,0,,0,0,0,0,0.982194,0.517057,,0.841772,0.211745,,0,,0,0.0,0.0,0,0,160,0,0,0,0,0,0,0,18,42,24
grand_sim_v0_7,hub_2_unbalanced_secondary_failure,hub_redundancy,low_stress,8,10678,hub_redundant,hub_2,160,0.06,0.1,0.04,0.32,1.2,0.2,0.08,0.06,0.12,0.0075,0.006735,0.3,0.25,0.1,,0.3,,,,,,,0.03,0.988897,0.333836,0.129059,0.0,0.988579,0.52535,1.0,1.0,0.016667,0,,89,63,C04_S_THRESHOLD,,,,,70,,,,,7,0,0,0,,0,0,0,0,0.984151,0.52535,,0.854261,0.211331,,0,,0,0.0,0.0,0,0,160,0,0,0,0,0,0,0,18,42,24
grand_sim_v0_7,hub_2_unbalanced_secondary_failure,hub_redundancy,low_stress,9,10679,hub_redundant,hub_2,160,0.06,0.1,0.04,0.32,1.2,0.2,0.08,0.06,0.12,0.0075,0.006735,0.3,0.25,0.1,,0.3,,,,,,,0.03,0.985924,0.155447,0.1283,0.0,0.987787,0.416281,1.0,1.0,0.016667,0,,100,60,C04_S_THRESHOLD,,,,,68,,,,,8,0,0,0,,0,0,0,0,0.978313,0.416281,,0.835784,0.211498,,0,,0,0.0,0.0,0,0,160,0,0,0,0,0,0,0,18,42,24
grand_sim_v0_7,hub_2_unbalanced_secondary_failure,hub_redundancy,mid_stress,0,10680,hub_redundant,hub_2,160,0.1,0.08,0.06,0.29,1.6,0.12,0.1,0.08,0.16,0.0095,0.00791,0.3,0.25,0.1,,0.3,,,,,,,0.06,0.709,0.03,0.153838,0.061647,0.789859,0.323651,1.0,1.0,0.3,0,,110,50,C04_S_THRESHOLD,100,,,,56,50,,,,6,1,0,0,,0,0,0,0,0.967835,0.33374,,0.820413,0.114371,,0,101,59,0.003325,0.0,0,0,160,0,0,0,0,0,0,0,18,42,24
grand_sim_v0_7,hub_2_unbalanced_secondary_failure,hub_redundancy,mid_stress,1,10681,hub_redundant,hub_2,160,0.1,0.08,0.06,0.29,1.6,0.12,0.1,0.08,0.16,0.0095,0.00791,0.3,0.25,0.1,,0.3,,,,,,,0.06,0.709,0.03,0.14154,0.060758,0.790002,0.323341,1.0,1.0,0.3,0,,117,43,C04_S_THRESHOLD,104,,,,47,61,,,,4,1,0,0,,0,0,0,0,0.981281,0.343109,,0.772481,0.114289,,0,100,60,0.003438,0.0,0,0,160,0,0,0,0,0,0,0,18,42,24
grand_sim_v0_7,hub_2_unbalanced_secondary_failure,hub_redundancy,mid_stress,2,10682,hub_redundant,hub_2,160,0.1,0.08,0.06,0.29,1.6,0.12,0.1,0.08,0.16,0.0095,0.00791,0.3,0.25,0.1,,0.3,,,,,,,0.06,0.709,0.03,0.139339,0.051697,0.790757,0.335387,1.0,1.0,0.3,0,,109,51,C04_S_THRESHOLD,105,,,,57,54,,,,6,1,0,0,,0,0,0,0,0.980505,0.343641,,0.844909,0.114655,,0,103,57,0.003475,0.0,0,0,160,0,0,0,0,0,0,0,18,42,24
grand_sim_v0_7,hub_2_unbalanced_secondary_failure,hub_redundancy,mid_stress,3,10683,hub_redundant,hub_2,160,0.1,0.08,0.06,0.29,1.6,0.12,0.1,0.08,0.16,0.0095,0.00791,0.3,0.25,0.1,,0.3,,,,,,,0.06,0.709,0.03,0.159711,0.0652,0.789485,0.322214,1.0,1.0,0.3,0,,109,51,C04_S_THRESHOLD,103,,,,57,52,,,,6,1,0,0,,0,0,0,0,0.957656,0.331509,,0.812747,0.114711,,0,114,46,0.002811,0.0,0,0,160,0,0,0,0,0,0,0,18,42,24
grand_sim_v0_7,hub_2_unbalanced_secondary_failure,hub_redundancy,mid_stress,4,10684,hub_redundant,hub_2,160,0.1,0.08,0.06,0.29,1.6,0.12,0.1,0.08,0.16,0.0095,0.00791,0.3,0.25,0.1,,0.3,,,,,,,0.06,0.709,0.03,0.153393,0.060611,0.789965,0.322957,1.0,1.0,0.3,0,,117,43,C04_S_THRESHOLD,103,,,,47,60,,,,4,1,0,0,,0,0,0,0,0.969233,0.322957,,0.82784,0.114767,,0,94,66,0.003994,0.0,0,0,160,0,0,0,0,0,0,0,18,42,24
grand_sim_v0_7,hub_2_unbalanced_secondary_failure,hub_redundancy,mid_stress,5,10685,hub_redundant,hub_2,160,0.1,0.08,0.06,0.29,1.6,0.12,0.1,0.08,0.16,0.0095,0.00791,0.3,0.25,0.1,,0.3,,,,,,,0.06,0.709,0.03,0.147739,0.04126,0.791288,0.340326,1.0,1.0,0.3,0,,116,44,C04_S_THRESHOLD,105,,,,48,61,,,,4,1,0,0,,0,0,0,0,0.979286,0.353431,,0.83314,0.114641,,0,96,64,0.003742,0.0,0,0,160,0,0,0,0,0,0,0,18,42,24
grand_sim_v0_7,hub_2_unbalanced_secondary_failure,hub_redundancy,mid_stress,6,10686,hub_redundant,hub_2,160,0.1,0.08,0.06,0.29,1.6,0.12,0.1,0.08,0.16,0.0095,0.00791,0.3,0.25,0.1,,0.3,,,,,,,0.06,0.709,0.03,0.138297,0.071329,0.789428,0.313428,1.0,1.0,0.3,0,,114,46,C04_S_THRESHOLD,108,,,,50,62,,,,4,1,0,0,,0,0,0,0,0.983894,0.313428,,0.791015,0.114775,,0,102,58,0.00344,0.0,0,0,160,0,0,0,0,0,0,0,18,42,24
grand_sim_v0_7,hub_2_unbalanced_secondary_failure,hub_redundancy,mid_stress,7,10687,hub_redundant,hub_2,160,0.1,0.08,0.06,0.29,1.6,0.12,0.1,0.08,0.16,0.0095,0.00791,0.3,0.25,0.1,,0.3,,,,,,,0.06,0.709,0.03,0.145822,0.067587,0.789704,0.322885,1.0,1.0,0.3,0,,119,41,C04_S_THRESHOLD,99,,,,45,58,,,,4,1,0,0,,0,0,0,0,0.980836,0.339514,,0.829272,0.11457,,0,96,64,0.003555,0.0,0,0,160,0,0,0,0,0,0,0,18,42,24
grand_sim_v0_7,hub_2_unbalanced_secondary_failure,hub_redundancy,mid_stress,8,10688,hub_redundant,hub_2,160,0.1,0.08,0.06,0.29,1.6,0.12,0.1,0.08,0.16,0.0095,0.00791,0.3,0.25,0.1,,0.3,,,,,,,0.06,0.709,0.03,0.139393,0.05895,0.790055,0.328777,1.0,1.0,0.3,0,,118,42,C04_S_THRESHOLD,95,,,,46,53,,,,4,1,0,0,,0,0,0,0,0.985016,0.345125,,0.817297,0.114597,,0,93,67,0.004005,0.0,0,0,160,0,0,0,0,0,0,0,18,42,24
grand_sim_v0_7,hub_2_unbalanced_secondary_failure,hub_redundancy,mid_stress,9,10689,hub_redundant,hub_2,160,0.1,0.08,0.06,0.29,1.6,0.12,0.1,0.08,0.16,0.0095,0.00791,0.3,0.25,0.1,,0.3,,,,,,,0.06,0.709,0.03,0.146083,0.045546,0.79108,0.33262,1.0,1.0,0.3,0,,117,43,C04_S_THRESHOLD,103,,,,46,60,,,,3,1,0,0,,0,0,0,0,0.970915,0.345478,,0.824517,0.114697,,0,92,68,0.004285,0.0,0,0,160,0,0,0,0,0,0,0,18,42,24
grand_sim_v0_7,hub_2_unbalanced_secondary_failure,hub_redundancy,high_stress,0,10690,hub_redundant,hub_2,160,0.14,0.05,0.09,0.26,2.0,0.06,0.13,0.1,0.2,0.012,0.00998,0.3,0.25,0.1,,0.3,,,,,,,0.09,0.03,0.03,0.166332,1.0,0.0,0.148328,0.0,0.0,1.0,1,19,144,16,C04_S_THRESHOLD,18,19,,20,19,2,3,,4,3,1,0,0,,0,136,0,0,0.156159,0.155268,,0.148782,0.047936,,0,21,23,0.010182,0.0,0,0,160,0,0,0,0,0,0,0,18,42,24
grand_sim_v0_7,hub_2_unbalanced_secondary_failure,hub_redundancy,high_stress,1,10691,hub_redundant,hub_2,160,0.14,0.05,0.09,0.26,2.0,0.06,0.13,0.1,0.2,0.012,0.00998,0.3,0.25,0.1,,0.3,,,,,,,0.09,0.03,0.03,0.175965,1.0,0.0,0.145848,0.0,0.0,1.0,1,18,145,15,C04_S_THRESHOLD,17,18,,19,18,2,3,,4,3,1,0,0,,0,137,0,0,0.155541,0.152828,,0.131492,0.047682,,0,27,133,0.000371,0.0,0,0,160,0,0,0,0,0,0,0,18,42,24
grand_sim_v0_7,hub_2_unbalanced_secondary_failure,hub_redundancy,high_stress,2,10692,hub_redundant,hub_2,160,0.14,0.05,0.09,0.26,2.0,0.06,0.13,0.1,0.2,0.012,0.00998,0.3,0.25,0.1,,0.3,,,,,,,0.09,0.03,0.03,0.161684,1.0,0.0,0.147894,0.0,0.0,1.0,1,19,144,16,C04_S_THRESHOLD,17,19,,20,18,1,3,,4,2,1,0,0,,0,136,0,0,0.164334,0.159266,,0.148055,0.047789,,0,,0,0.0,0.0,0,0,160,0,0,0,0,0,0,0,18,42,24
grand_sim_v0_7,hub_2_unbalanced_secondary_failure,hub_redundancy,high_stress,3,10693,hub_redundant,hub_2,160,0.14,0.05,0.09,0.26,2.0,0.06,0.13,0.1,0.2,0.012,0.00998,0.3,0.25,0.1,,0.3,,,,,,,0.09,0.03,0.03,0.176529,1.0,0.0,0.141202,0.0,0.0,1.0,1,17,146,14,C04_S_THRESHOLD,16,17,,18,16,2,3,,4,2,1,0,0,,0,137,0,0,0.156012,0.141202,,0.149651,0.047901,,0,,0,0.0,0.0,0,0,160,0,0,0,0,0,0,0,18,42,24
grand_sim_v0_7,hub_2_unbalanced_secondary_failure,hub_redundancy,high_stress,4,10694,hub_redundant,hub_2,160,0.14,0.05,0.09,0.26,2.0,0.06,0.13,0.1,0.2,0.012,0.00998,0.3,0.25,0.1,,0.3,,,,,,,0.09,0.03,0.03,0.177482,1.0,0.0,0.147643,0.0,0.0,1.0,1,20,143,17,C04_S_THRESHOLD,19,20,,21,19,2,3,,4,2,1,0,0,,0,134,0,0,0.155743,0.152099,,0.148771,0.048068,,0,26,18,0.000629,0.0,0,0,160,0,0,0,0,0,0,0,18,42,24
grand_sim_v0_7,hub_2_unbalanced_secondary_failure,hub_redundancy,high_stress,5,10695,hub_redundant,hub_2,160,0.14,0.05,0.09,0.26,2.0,0.06,0.13,0.1,0.2,0.012,0.00998,0.3,0.25,0.1,,0.3,,,,,,,0.09,0.03,0.03,0.179056,1.0,0.0,0.144015,0.0,0.0,1.0,1,19,145,15,C04_S_THRESHOLD,17,19,,20,18,2,4,,5,3,1,0,0,,0,135,0,0,0.15853,0.15743,,0.146334,0.047597,,0,,0,0.0,0.0,0,0,160,0,0,0,0,0,0,0,18,42,24
grand_sim_v0_7,hub_2_unbalanced_secondary_failure,hub_redundancy,high_stress,6,10696,hub_redundant,hub_2,160,0.14,0.05,0.09,0.26,2.0,0.06,0.13,0.1,0.2,0.012,0.00998,0.3,0.25,0.1,,0.3,,,,,,,0.09,0.03,0.03,0.176452,1.0,0.0,0.146512,0.0,0.0,1.0,1,21,143,17,C04_S_THRESHOLD,20,21,,22,20,3,4,,5,3,1,0,0,,0,134,0,0,0.163355,0.155171,,0.146377,0.047678,,0,22,23,0.014253,0.0,0,0,160,0,0,0,0,0,0,0,18,42,24
grand_sim_v0_7,hub_2_unbalanced_secondary_failure,hub_redundancy,high_stress,7,10697,hub_redundant,hub_2,160,0.14,0.05,0.09,0.26,2.0,0.06,0.13,0.1,0.2,0.012,0.00998,0.3,0.25,0.1,,0.3,,,,,,,0.09,0.03,0.03,0.181406,1.0,0.0,0.145744,0.0,0.0,1.0,1,18,144,16,C04_S_THRESHOLD,18,18,,19,19,2,2,,3,3,1,0,0,,0,138,0,0,0.159514,0.149681,,0.145262,0.048221,,0,,0,0.0,0.0,0,0,160,0,0,0,0,0,0,0,18,42,24
grand_sim_v0_7,hub_2_unbalanced_secondary_failure,hub_redundancy,high_stress,8,10698,hub_redundant,hub_2,160,0.14,0.05,0.09,0.26,2.0,0.06,0.13,0.1,0.2,0.012,0.00998,0.3,0.25,0.1,,0.3,,,,,,,0.09,0.03,0.03,0.165867,1.0,0.0,0.148571,0.0,0.0,1.0,1,20,144,16,C04_S_THRESHOLD,18,20,,20,18,2,4,,4,2,1,0,0,,0,135,0,0,0.160618,0.157328,,0.146588,0.047815,,0,,0,0.0,0.0,0,0,160,0,0,0,0,0,0,0,18,42,24
grand_sim_v0_7,hub_2_unbalanced_secondary_failure,hub_redundancy,high_stress,9,10699,hub_redundant,hub_2,160,0.14,0.05,0.09,0.26,2.0,0.06,0.13,0.1,0.2,0.012,0.00998,0.3,0.25,0.1,,0.3,,,,,,,0.09,0.03,0.03,0.17416,1.0,0.0,0.145999,0.0,0.0,1.0,1,17,145,15,C04_S_THRESHOLD,16,17,,18,17,1,2,,3,2,1,0,0,,0,138,0,0,0.153501,0.155043,,0.145909,0.04776,,0,,0,0.0,0.0,0,0,160,0,0,0,0,0,0,0,18,42,24
grand_sim_v0_7,hub_3_unbalanced_primary_failure,hub_redundancy,low_stress,0,10700,hub_redundant,hub_3,160,0.06,0.1,0.04,0.32,1.2,0.2,0.08,0.06,0.12,0.0075,0.006735,0.3,0.25,0.1,,0.3,,,,,,,0.03,0.985807,0.148417,0.131054,0.0,0.989885,0.431381,1.0,1.0,0.016667,0,,85,75,C04_S_THRESHOLD,,,,,87,,,,,12,0,0,0,,0,0,0,0,0.431381,0.987112,0.983242,0.213711,0.794317,0.845305,0,,0,0.0,0.0,0,,0,0,0,0,0,0,0,0,13,36,23
grand_sim_v0_7,hub_3_unbalanced_primary_failure,hub_redundancy,low_stress,1,10701,hub_redundant,hub_3,160,0.06,0.1,0.04,0.32,1.2,0.2,0.08,0.06,0.12,0.0075,0.006735,0.3,0.25,0.1,,0.3,,,,,,,0.03,0.987429,0.245734,0.135068,0.0,0.989676,0.481366,1.0,1.0,0.016667,0,,98,61,C04_S_THRESHOLD,,,,,68,,,,,7,0,0,0,,0,0,0,0,0.481366,0.975258,0.972978,0.213535,0.829108,0.815877,0,,0,0.0,0.0,0,,0,0,0,0,0,0,0,0,13,36,23
grand_sim_v0_7,hub_3_unbalanced_primary_failure,hub_redundancy,low_stress,2,10702,hub_redundant,hub_3,160,0.06,0.1,0.04,0.32,1.2,0.2,0.08,0.06,0.12,0.0075,0.006735,0.3,0.25,0.1,,0.3,,,,,,,0.03,0.987935,0.27608,0.135844,0.0,0.989817,0.505004,1.0,1.0,0.016667,0,,100,57,C04_S_THRESHOLD,,,,,65,,,,,8,0,0,0,,0,0,0,0,0.505004,0.974683,0.973484,0.213342,0.850841,0.841765,0,,0,0.0,0.0,0,,0,0,0,0,0,0,0,0,13,36,23
grand_sim_v0_7,hub_3_unbalanced_primary_failure,hub_redundancy,low_stress,3,10703,hub_redundant,hub_3,160,0.06,0.1,0.04,0.32,1.2,0.2,0.08,0.06,0.12,0.0075,0.006735,0.3,0.25,0.1,,0.3,,,,,,,0.03,0.986584,0.195064,0.123865,0.0,0.989426,0.454033,1.0,1.0,0.016667,0,,104,56,C04_S_THRESHOLD,,,,,64,,,,,8,0,0,0,,0,0,0,0,0.454033,0.983833,0.979083,0.213806,0.848901,0.827101,0,,0,0.0,0.0,0,,0,0,0,0,0,0,0,0,13,36,23
grand_sim_v0_7,hub_3_unbalanced_primary_failure,hub_redundancy,low_stress,4,10704,hub_redundant,hub_3,160,0.06,0.1,0.04,0.32,1.2,0.2,0.08,0.06,0.12,0.0075,0.006735,0.3,0.25,0.1,,0.3,,,,,,,0.03,0.987886,0.273139,0.124166,0.0,0.989757,0.487918,1.0,1.0,0.016667,0,,99,59,C04_S_THRESHOLD,,,,,67,,,,,8,0,0,0,,0,0,0,0,0.487918,0.973431,0.983386,0.213692,0.834927,0.84107,0,,0,0.0,0.0,0,,0,0,0,0,0,0,0,0,13,36,23
grand_sim_v0_7,hub_3_unbalanced_primary_failure,hub_redundancy,low_stress,5,10705,hub_redundant,hub_3,160,0.06,0.1,0.04,0.32,1.2,0.2,0.08,0.06,0.12,0.0075,0.006735,0.3,0.25,0.1,,0.3,,,,,,,0.03,0.985254,0.115226,0.134932,0.0,0.98933,0.404225,1.0,1.0,0.016667,0,,91,69,C04_S_THRESHOLD,,,,,77,,,,,8,0,0,0,,0,0,0,0,0.404225,0.98172,0.986019,0.213787,0.788559,0.810451,0,,0,0.0,0.0,0,,0,0,0,0,0,0,0,0,13,36,23
grand_sim_v0_7,hub_3_unbalanced_primary_failure,hub_redundancy,low_stress,6,10706,hub_redundant,hub_3,160,0.06,0.1,0.04,0.32,1.2,0.2,0.08,0.06,0.12,0.0075,0.006735,0.3,0.25,0.1,,0.3,,,,,,,0.03,0.986335,0.180085,0.12408,0.0,0.989357,0.439783,1.0,1.0,0.016667,0,,100,60,C04_S_THRESHOLD,,,,,68,,,,,8,0,0,0,,0,0,0,0,0.439783,0.974739,0.984378,0.213863,0.799046,0.823137,0,,0,0.0,0.0,0,,0,0,0,0,0,0,0,0,13,36,23
grand_sim_v0_7,hub_3_unbalanced_primary_failure,hub_redundancy,low_stress,7,10707,hub_redundant,hub_3,160,0.06,0.1,0.04,0.32,1.2,0.2,0.08,0.06,0.12,0.0075,0.006735,0.3,0.25,0.1,,0.3,,,,,,,0.03,0.985251,0.115084,0.119304,0.0,0.989777,0.42215,1.0,1.0,0.016667,0,,87,73,C04_S_THRESHOLD,,,,,85,,,,,12,0,0,0,,0,0,0,0,0.42215,0.982301,0.98477,0.213945,0.852083,0.827323,0,,0,0.0,0.0,0,,0,0,0,0,0,0,0,0,13,36,23
grand_sim_v0_7,hub_3_unbalanced_primary_failure,hub_redundancy,low_stress,8,10708,hub_redundant,hub_3,160,0.06,0.1,0.04,0.32,1.2,0.2,0.08,0.06,0.12,0.0075,0.006735,0.3,0.25,0.1,,0.3,,,,,,,0.03,0.986563,0.193787,0.126008,0.0,0.98993,0.464488,1.0,1.0,0.016667,0,,96,64,C04_S_THRESHOLD,,,,,74,,,,,10,0,0,0,,0,0,0,0,0.464488,0.976974,0.96576,0.213817,0.831769,0.807682,0,,0,0.0,0.0,0,,0,0,0,0,0,0,0,0,13,36,23
grand_sim_v0_7,hub_3_unbalanced_primary_failure,hub_redundancy,low_stress,9,10709,hub_redundant,hub_3,160,0.06,0.1,0.04,0.32,1.2,0.2,0.08,0.06,0.12,0.0075,0.006735,0.3,0.25,0.1,,0.3,,,,,,,0.03,0.989289,0.357334,0.12198,0.0,0.990167,0.549357,1.0,1.0,0.016667,0,,93,59,C04_S_THRESHOLD,,,,,67,,,,,8,0,0,0,,0,0,0,0,0.549357,0.983027,0.97982,0.213748,0.829742,0.81204,0,,0,0.0,0.0,0,,0,0,0,0,0,0,0,0,13,36,23
grand_sim_v0_7,hub_3_unbalanced_primary_failure,hub_redundancy,mid_stress,0,10710,hub_redundant,hub_3,160,0.1,0.08,0.06,0.29,1.6,0.12,0.1,0.08,0.16,0.0095,0.00791,0.3,0.25,0.1,,0.3,,,,,,,0.06,0.555997,0.03,0.142746,0.064736,0.747164,0.347722,0.704073,0.704073,0.383333,0,,116,44,C04_S_THRESHOLD,126,,,,48,82,,,,4,1,0,0,,0,0,0,0,0.347722,0.964189,0.976039,0.125632,0.830582,0.832934,0,112,48,0.004651,0.0,0,,0,0,0,0,0,0,0,0,13,36,23
grand_sim_v0_7,hub_3_unbalanced_primary_failure,hub_redundancy,mid_stress,1,10711,hub_redundant,hub_3,160,0.1,0.08,0.06,0.29,1.6,0.12,0.1,0.08,0.16,0.0095,0.00791,0.3,0.25,0.1,,0.3,,,,,,,0.06,0.679756,0.03,0.142533,0.005442,0.799013,0.356504,0.971419,0.971419,0.216667,0,,112,48,C04_S_THRESHOLD,,,,,53,,,,,5,0,0,0,,0,0,0,0,0.356504,0.976728,0.973599,0.126487,0.790872,0.824827,0,141,19,0.004455,0.0,0,,0,0,0,0,0,0,0,0,13,36,23
grand_sim_v0_7,hub_3_unbalanced_primary_failure,hub_redundancy,mid_stress,2,10712,hub_redundant,hub_3,160,0.1,0.08,0.06,0.29,1.6,0.12,0.1,0.08,0.16,0.0095,0.00791,0.3,0.25,0.1,,0.3,,,,,,,0.06,0.610749,0.03,0.143743,0.026586,0.778131,0.367212,0.809572,0.809572,0.316667,0,,115,45,C04_S_THRESHOLD,133,,,,49,88,,,,4,1,0,0,,0,0,0,0,0.367212,0.975342,0.980423,0.127095,0.797342,0.814988,0,116,44,0.004714,0.0,0,,0,0,0,0,0,0,0,0,13,36,23
grand_sim_v0_7,hub_3_unbalanced_primary_failure,hub_redundancy,mid_stress,3,10713,hub_redundant,hub_3,160,0.1,0.08,0.06,0.29,1.6,0.12,0.1,0.08,0.16,0.0095,0.00791,0.3,0.25,0.1,,0.3,,,,,,,0.06,0.550719,0.03,0.137188,0.05619,0.771503,0.343713,0.676403,0.676403,0.4,0,,115,45,C04_S_THRESHOLD,124,155,,,49,79,110,,,4,1,0,0,,0,0,0,0,0.343713,0.980806,0.974198,0.126401,0.815006,0.821486,0,115,45,0.004555,0.0,0,,0,0,0,0,0,0,0,0,13,36,23
grand_sim_v0_7,hub_3_unbalanced_primary_failure,hub_redundancy,mid_stress,4,10714,hub_redundant,hub_3,160,0.1,0.08,0.06,0.29,1.6,0.12,0.1,0.08,0.16,0.0095,0.00791,0.3,0.25,0.1,,0.3,,,,,,,0.06,0.599184,0.03,0.137704,0.029452,0.788555,0.363054,0.776096,0.776096,0.383333,0,,111,49,C04_S_THRESHOLD,134,,,,54,85,,,,5,1,0,0,,0,0,0,0,0.363054,0.973592,0.982572,0.126574,0.806274,0.80719,0,132,28,0.004285,0.0,0,,0,0,0,0,0,0,0,0,13,36,23
grand_sim_v0_7,hub_3_unbalanced_primary_failure,hub_redundancy,mid_stress,5,10715,hub_redundant,hub_3,160,0.1,0.08,0.06,0.29,1.6,0.12,0.1,0.08,0.16,0.0095,0.00791,0.3,0.25,0.1,,0.3,,,,,,,0.06,0.545062,0.03,0.153816,0.068616,0.748191,0.336486,0.693408,0.693408,0.4,0,,117,43,C04_S_THRESHOLD,132,158,,,47,89,115,,,4,1,0,0,,0,0,0,0,0.336486,0.968121,0.976075,0.125567,0.809255,0.814234,0,114,46,0.00452,0.0,0,,0,0,0,0,0,0,0,0,13,36,23
grand_sim_v0_7,hub_3_unbalanced_primary_failure,hub_redundancy,mid_stress,6,10716,hub_redundant,hub_3,160,0.1,0.08,0.06,0.29,1.6,0.12,0.1,0.08,0.16,0.0095,0.00791,0.3,0.25,0.1,,0.3,,,,,,,0.06,0.566698,0.03,0.141141,0.053387,0.760913,0.349629,0.726317,0.726317,0.35,0,,115,45,C04_S_THRESHOLD,126,,,,49,81,,,,4,1,0,0,,0,0,0,0,0.349629,0.984255,0.981861,0.12636,0.79905,0.789052,0,112,48,0.004674,0.0,0,,0,0,0,0,0,0,0,0,13,36,23
grand_sim_v0_7,hub_3_unbalanced_primary_failure,hub_redundancy,mid_stress,7,10717,hub_redundant,hub_3,160,0.1,0.08,0.06,0.29,1.6,0.12,0.1,0.08,0.16,0.0095,0.00791,0.3,0.25,0.1,,0.3,,,,,,,0.06,0.657441,0.03,0.127221,0.003727,0.798564,0.370015,0.889599,0.889599,0.266667,0,,115,45,C04_S_THRESHOLD,,,,,49,,,,,4,0,0,0,,0,0,0,0,0.370015,0.971975,0.980339,0.125817,0.803017,0.787175,0,115,45,0.004758,0.0,0,,0,0,0,0,0,0,0,0,13,36,23
grand_sim_v0_7,hub_3_unbalanced_primary_failure,hub_redundancy,mid_stress,8,10718,hub_redundant,hub_3,160,0.1,0.08,0.06,0.29,1.6,0.12,0.1,0.08,0.16,0.0095,0.00791,0.3,0.25,0.1,,0.3,,,,,,,0.06,0.636958,0.03,0.147551,0.030926,0.789291,0.336721,0.899098,0.899098,0.283333,0,,108,52,C04_S_THRESHOLD,,,,,58,,,,,6,0,0,0,,0,0,0,0,0.336721,0.978243,0.976351,0.127385,0.824415,0.836083,0,141,19,0.004194,0.0,0,,0,0,0,0,0,0,0,0,13,36,23
grand_sim_v0_7,hub_3_unbalanced_primary_failure,hub_redundancy,mid_stress,9,10719,hub_redundant,hub_3,160,0.1,0.08,0.06,0.29,1.6,0.12,0.1,0.08,0.16,0.0095,0.00791,0.3,0.25,0.1,,0.3,,,,,,,0.06,0.64258,0.03,0.144933,0.017693,0.78782,0.351475,0.882434,0.882434,0.25,0,,110,50,C04_S_THRESHOLD,,,,,56,,,,,6,0,0,0,,0,0,0,0,0.351475,0.983038,0.977289,0.12551,0.776208,0.836079,0,136,24,0.004277,0.0,0,,0,0,0,0,0,0,0,0,13,36,23
grand_sim_v0_7,hub_3_unbalanced_primary_failure,hub_redundancy,high_stress,0,10720,hub_redundant,hub_3,160,0.14,0.05,0.09,0.26,2.0,0.06,0.13,0.1,0.2,0.012,0.00998,0.3,0.25,0.1,,0.3,,,,,,,0.09,0.03,0.03,0.167337,1.0,0.0,0.147554,0.0,0.0,1.0,1,23,143,17,C04_S_THRESHOLD,22,23,,25,21,5,6,,8,4,1,0,0,,0,129,0,0,0.151934,0.156798,0.160897,0.047828,0.153904,0.140845,0,,0,0.0,0.0,0,,0,0,0,0,0,0,0,0,13,36,23
grand_sim_v0_7,hub_3_unbalanced_primary_failure,hub_redundancy,high_stress,1,10721,hub_redundant,hub_3,160,0.14,0.05,0.09,0.26,2.0,0.06,0.13,0.1,0.2,0.012,0.00998,0.3,0.25,0.1,,0.3,,,,,,,0.09,0.03,0.03,0.162681,1.0,0.0,0.150935,0.0,0.0,1.0,1,22,140,20,C04_S_THRESHOLD,22,22,,24,23,2,2,,4,3,1,0,0,,0,131,0,0,0.162392,0.163128,0.153383,0.047982,0.148085,0.151017,0,,0,0.0,0.0,0,,0,0,0,0,0,0,0,0,13,36,23
grand_sim_v0_7,hub_3_unbalanced_primary_failure,hub_redundancy,high_stress,2,10722,hub_redundant,hub_3,160,0.14,0.05,0.09,0.26,2.0,0.06,0.13,0.1,0.2,0.012,0.00998,0.3,0.25,0.1,,0.3,,,,,,,0.09,0.03,0.03,0.156921,1.0,0.0,0.149846,0.0,0.0,1.0,1,25,139,21,C04_S_THRESHOLD,24,25,,26,24,3,4,,5,3,1,0,0,,0,129,0,0,0.160434,0.162935,0.157977,0.047504,0.147668,0.143838,0,,0,0.0,0.0,0,,0,0,0,0,0,0,0,0,13,36,23
grand_sim_v0_7,hub_3_unbalanced_primary_failure,hub_redundancy,high_stress,3,10723,hub_redundant,hub_3,160,0.14,0.05,0.09,0.26,2.0,0.06,0.13,0.1,0.2,0.012,0.00998,0.3,0.25,0.1,,0.3,,,,,,,0.09,0.03,0.03,0.164358,1.0,0.0,0.138682,0.0,0.0,1.0,1,23,140,20,C04_S_THRESHOLD,22,23,,25,23,2,3,,5,3,1,0,0,,0,130,0,0,0.15922,0.138682,0.155644,0.048189,0.138682,0.148061,0,,0,0.0,0.0,0,,0,0,0,0,0,0,0,0,13,36,23
grand_sim_v0_7,hub_3_unbalanced_primary_failure,hub_redundancy,high_stress,4,10724,hub_redundant,hub_3,160,0.14,0.05,0.09,0.26,2.0,0.06,0.13,0.1,0.2,0.012,0.00998,0.3,0.25,0.1,,0.3,,,,,,,0.09,0.03,0.03,0.158267,1.0,0.0,0.146894,0.0,0.0,1.0,1,25,138,22,C04_S_THRESHOLD,24,25,,26,25,2,3,,4,3,1,0,0,,0,129,0,0,0.157499,0.160514,0.150623,0.047723,0.148434,0.149476,0,,0,0.0,0.0,0,,0,0,0,0,0,0,0,0,13,36,23
grand_sim_v0_7,hub_3_unbalanced_primary_failure,hub_redundancy,high_stress,5,10725,hub_redundant,hub_3,160,0.14,0.05,0.09,0.26,2.0,0.06,0.13,0.1,0.2,0.012,0.00998,0.3,0.25,0.1,,0.3,,,,,,,0.09,0.03,0.03,0.155946,1.0,0.0,0.148989,0.0,0.0,1.0,1,22,141,19,C04_S_THRESHOLD,22,22,,23,22,3,3,,4,3,1,0,0,,0,133,0,0,0.155393,0.162392,0.163448,0.047867,0.147633,0.148593,0,,0,0.0,0.0,0,,0,0,0,0,0,0,0,0,13,36,23
grand_sim_v0_7,hub_3_unbalanced_primary_failure,hub_redundancy,high_stress,6,10726,hub_redundant,hub_3,160,0.14,0.05,0.09,0.26,2.0,0.06,0.13,0.1,0.2,0.012,0.00998,0.3,0.25,0.1,,0.3,,,,,,,0.09,0.03,0.03,0.163973,1.0,0.0,0.14881,0.0,0.0,1.0,1,24,139,21,C04_S_THRESHOLD,23,24,,25,23,2,3,,4,2,1,0,0,,0,131,0,0,0.157577,0.151386,0.16233,0.047939,0.151386,0.140318,0,,0,0.0,0.0,0,,0,0,0,0,0,0,0,0,13,36,23
grand_sim_v0_7,hub_3_unbalanced_primary_failure,hub_redundancy,high_stress,7,10727,hub_redundant,hub_3,160,0.14,0.05,0.09,0.26,2.0,0.06,0.13,0.1,0.2,0.012,0.00998,0.3,0.25,0.1,,0.3,,,,,,,0.09,0.03,0.03,0.171002,1.0,0.0,0.144816,0.0,0.0,1.0,1,22,140,20,C04_S_THRESHOLD,21,22,,23,23,1,2,,3,3,1,0,0,,0,132,0,0,0.151303,0.148416,0.156461,0.047679,0.14313,0.156227,0,31,15,0.000422,0.0,0,,0,0,0,0,0,0,0,0,13,36,23
grand_sim_v0_7,hub_3_unbalanced_primary_failure,hub_redundancy,high_stress,8,10728,hub_redundant,hub_3,160,0.14,0.05,0.09,0.26,2.0,0.06,0.13,0.1,0.2,0.012,0.00998,0.3,0.25,0.1,,0.3,,,,,,,0.09,0.03,0.03,0.165035,1.0,0.0,0.145657,0.0,0.0,1.0,1,23,142,18,C04_S_THRESHOLD,22,23,,24,21,4,5,,6,3,1,0,0,,0,131,0,0,0.145657,0.150609,0.149949,0.04786,0.146725,0.146804,0,,0,0.0,0.0,0,,0,0,0,0,0,0,0,0,13,36,23
grand_sim_v0_7,hub_3_unbalanced_primary_failure,hub_redundancy,high_stress,9,10729,hub_redundant,hub_3,160,0.14,0.05,0.09,0.26,2.0,0.06,0.13,0.1,0.2,0.012,0.00998,0.3,0.25,0.1,,0.3,,,,,,,0.09,0.03,0.03,0.165061,1.0,0.0,0.146706,0.0,0.0,1.0,1,25,144,16,C04_S_THRESHOLD,22,25,,26,18,6,9,,10,2,1,0,0,,0,130,0,0,0.147006,0.146706,0.161073,0.047907,0.141417,0.147969,0,40,9,8.1e-05,0.0,0,,0,0,0,0,0,0,0,0,13,36,23
grand_sim_v0_7,hub_3_unbalanced_secondary_failure,hub_redundancy,low_stress,0,10730,hub_redundant,hub_3,160,0.06,0.1,0.04,0.32,1.2,0.2,0.08,0.06,0.12,0.0075,0.006735,0.3,0.25,0.1,,0.3,,,,,,,0.03,0.987342,0.240538,0.12497,4.7e-05,0.989628,0.477834,1.0,1.0,0.016667,0,,100,60,C04_S_THRESHOLD,,,,,68,,,,,8,0,0,0,,0,0,0,0,0.982907,0.477834,0.971991,0.828087,0.213663,0.839571,0,,0,0.0,0.0,0,,0,0,0,0,0,0,0,0,13,36,23
grand_sim_v0_7,hub_3_unbalanced_secondary_failure,hub_redundancy,low_stress,1,10731,hub_redundant,hub_3,160,0.06,0.1,0.04,0.32,1.2,0.2,0.08,0.06,0.12,0.0075,0.006735,0.3,0.25,0.1,,0.3,,,,,,,0.03,0.985277,0.116612,0.136145,0.0,0.989611,0.424728,1.0,1.0,0.016667,0,,84,76,C04_S_THRESHOLD,,,,,88,,,,,12,0,0,0,,0,0,0,0,0.973912,0.424728,0.97952,0.830644,0.213705,0.838177,0,,0,0.0,0.0,0,,0,0,0,0,0,0,0,0,13,36,23
grand_sim_v0_7,hub_3_unbalanced_secondary_failure,hub_redundancy,low_stress,2,10732,hub_redundant,hub_3,160,0.06,0.1,0.04,0.32,1.2,0.2,0.08,0.06,0.12,0.0075,0.006735,0.3,0.25,0.1,,0.3,,,,,,,0.03,0.988799,0.327944,0.149388,0.0,0.990059,0.524329,1.0,1.0,0.016667,0,,95,58,C04_S_THRESHOLD,,,,,66,,,,,8,0,0,0,,0,0,0,0,0.965258,0.524329,0.972854,0.810967,0.213828,0.826805,0,,0,0.0,0.0,0,,0,0,0,0,0,0,0,0,13,36,23
grand_sim_v0_7,hub_3_unbalanced_secondary_failure,hub_redundancy,low_stress,3,10733,hub_redundant,hub_3,160,0.06,0.1,0.04,0.32,1.2,0.2,0.08,0.06,0.12,0.0075,0.006735,0.3,0.25,0.1,,0.3,,,,,,,0.03,0.98906,0.343591,0.117987,0.0,0.990117,0.541029,1.0,1.0,0.016667,0,,92,60,C04_S_THRESHOLD,,,,,68,,,,,8,0,0,0,,0,0,0,0,0.96538,0.541029,0.983855,0.806233,0.213613,0.845292,0,,0,0.0,0.0,0,,0,0,0,0,0,0,0,0,13,36,23
grand_sim_v0_7,hub_3_unbalanced_secondary_failure,hub_redundancy,low_stress,4,10734,hub_redundant,hub_3,160,0.06,0.1,0.04,0.32,1.2,0.2,0.08,0.06,0.12,0.0075,0.006735,0.3,0.25,0.1,,0.3,,,,,,,0.03,0.984876,0.092572,0.129057,0.0,0.989452,0.40801,1.0,1.0,0.016667,0,,86,74,C04_S_THRESHOLD,,,,,86,,,,,12,0,0,0,,0,0,0,0,0.975483,0.40801,0.984015,0.842052,0.213798,0.813488,0,,0,0.0,0.0,0,,0,0,0,0,0,0,0,0,13,36,23
grand_sim_v0_7,hub_3_unbalanced_secondary_failure,hub_redundancy,low_stress,5,10735,hub_redundant,hub_3,160,0.06,0.1,0.04,0.32,1.2,0.2,0.08,0.06,0.12,0.0075,0.006735,0.3,0.25,0.1,,0.3,,,,,,,0.03,0.987406,0.244333,0.131766,0.0,0.989629,0.471762,1.0,1.0,0.016667,0,,101,59,C04_S_THRESHOLD,,,,,67,,,,,8,0,0,0,,0,0,0,0,0.98173,0.471762,0.98373,0.821145,0.213456,0.809281,0,,0,0.0,0.0,0,,0,0,0,0,0,0,0,0,13,36,23
grand_sim_v0_7,hub_3_unbalanced_secondary_failure,hub_redundancy,low_stress,6,10736,hub_redundant,hub_3,160,0.06,0.1,0.04,0.32,1.2,0.2,0.08,0.06,0.12,0.0075,0.006735,0.3,0.25,0.1,,0.3,,,,,,,0.03,0.988741,0.324452,0.136419,0.0,0.990007,0.517342,1.0,1.0,0.016667,0,,93,59,C04_S_THRESHOLD,,,,,67,,,,,8,0,0,0,,0,0,0,0,0.972261,0.517342,0.973122,0.832501,0.213424,0.795905,0,,0,0.0,0.0,0,,0,0,0,0,0,0,0,0,13,36,23
grand_sim_v0_7,hub_3_unbalanced_secondary_failure,hub_redundancy,low_stress,7,10737,hub_redundant,hub_3,160,0.06,0.1,0.04,0.32,1.2,0.2,0.08,0.06,0.12,0.0075,0.006735,0.3,0.25,0.1,,0.3,,,,,,,0.03,0.987818,0.269064,0.130027,0.0,0.989776,0.494989,1.0,1.0,0.016667,0,,99,58,C04_S_THRESHOLD,,,,,66,,,,,8,0,0,0,,0,0,0,0,0.979959,0.494989,0.977421,0.828147,0.213081,0.807252,0,,0,0.0,0.0,0,,0,0,0,0,0,0,0,0,13,36,23
grand_sim_v0_7,hub_3_unbalanced_secondary_failure,hub_redundancy,low_stress,8,10738,hub_redundant,hub_3,160,0.06,0.1,0.04,0.32,1.2,0.2,0.08,0.06,0.12,0.0075,0.006735,0.3,0.25,0.1,,0.3,,,,,,,0.03,0.985382,0.122905,0.128003,0.0,0.989576,0.408523,1.0,1.0,0.016667,0,,89,71,C04_S_THRESHOLD,,,,,84,,,,,13,0,0,0,,0,0,0,0,0.98514,0.408523,0.986353,0.792298,0.213859,0.826635,0,,0,0.0,0.0,0,,0,0,0,0,0,0,0,0,13,36,23
grand_sim_v0_7,hub_3_unbalanced_secondary_failure,hub_redundancy,low_stress,9,10739,hub_redundant,hub_3,160,0.06,0.1,0.04,0.32,1.2,0.2,0.08,0.06,0.12,0.0075,0.006735,0.3,0.25,0.1,,0.3,,,,,,,0.03,0.986276,0.176575,0.132584,0.0,0.989334,0.435188,1.0,1.0,0.016667,0,,101,59,C04_S_THRESHOLD,,,,,67,,,,,8,0,0,0,,0,0,0,0,0.977144,0.435188,0.98075,0.817568,0.213964,0.839605,0,,0,0.0,0.0,0,,0,0,0,0,0,0,0,0,13,36,23
grand_sim_v0_7,hub_3_unbalanced_secondary_failure,hub_redundancy,mid_stress,0,10740,hub_redundant,hub_3,160,0.1,0.08,0.06,0.29,1.6,0.12,0.1,0.08,0.16,0.0095,0.00791,0.3,0.25,0.1,,0.3,,,,,,,0.06,0.916639,0.03,0.138478,0.001223,0.931913,0.354007,1.0,1.0,0.083333,0,,112,48,C04_S_THRESHOLD,,,,,54,,,,,6,0,0,0,,0,0,0,0,0.982573,0.354007,0.964115,0.849368,0.133057,0.820202,0,,0,0.0,0.0,0,,0,0,0,0,0,0,0,0,13,36,23
grand_sim_v0_7,hub_3_unbalanced_secondary_failure,hub_redundancy,mid_stress,1,10741,hub_redundant,hub_3,160,0.1,0.08,0.06,0.29,1.6,0.12,0.1,0.08,0.16,0.0095,0.00791,0.3,0.25,0.1,,0.3,,,,,,,0.06,0.86507,0.03,0.151188,0.002108,0.924244,0.352528,1.0,1.0,0.116667,0,,116,44,C04_S_THRESHOLD,,,,,48,,,,,4,0,0,0,,0,0,0,0,0.970158,0.352528,0.975324,0.807273,0.130446,0.802631,0,125,35,0.004654,0.0,0,,0,0,0,0,0,0,0,0,13,36,23
grand_sim_v0_7,hub_3_unbalanced_secondary_failure,hub_redundancy,mid_stress,2,10742,hub_redundant,hub_3,160,0.1,0.08,0.06,0.29,1.6,0.12,0.1,0.08,0.16,0.0095,0.00791,0.3,0.25,0.1,,0.3,,,,,,,0.06,0.89449,0.03,0.149854,0.003781,0.9241,0.360747,1.0,1.0,0.05,0,,110,50,C04_S_THRESHOLD,,,,,56,,,,,6,0,0,0,,0,0,0,0,0.981714,0.360747,0.967111,0.808347,0.131735,0.824873,0,,0,0.0,0.0,0,,0,0,0,0,0,0,0,0,13,36,23
grand_sim_v0_7,hub_3_unbalanced_secondary_failure,hub_redundancy,mid_stress,3,10743,hub_redundant,hub_3,160,0.1,0.08,0.06,0.29,1.6,0.12,0.1,0.08,0.16,0.0095,0.00791,0.3,0.25,0.1,,0.3,,,,,,,0.06,0.913818,0.03,0.137268,0.000207,0.929128,0.363104,1.0,1.0,0.033333,0,,109,51,C04_S_THRESHOLD,,,,,57,,,,,6,0,0,0,,0,0,0,0,0.977017,0.363104,0.972223,0.808421,0.131879,0.810975,0,,0,0.0,0.0,0,,0,0,0,0,0,0,0,0,13,36,23
grand_sim_v0_7,hub_3_unbalanced_secondary_failure,hub_redundancy,mid_stress,4,10744,hub_redundant,hub_3,160,0.1,0.08,0.06,0.29,1.6,0.12,0.1,0.08,0.16,0.0095,0.00791,0.3,0.25,0.1,,0.3,,,,,,,0.06,0.896829,0.03,0.139054,0.002529,0.926067,0.367228,1.0,1.0,0.066667,0,,109,51,C04_S_THRESHOLD,,,,,56,,,,,5,0,0,0,,0,0,0,0,0.964578,0.367228,0.973701,0.816095,0.132361,0.814408,0,,0,0.0,0.0,0,,0,0,0,0,0,0,0,0,13,36,23
grand_sim_v0_7,hub_3_unbalanced_secondary_failure,hub_redundancy,mid_stress,5,10745,hub_redundant,hub_3,160,0.1,0.08,0.06,0.29,1.6,0.12,0.1,0.08,0.16,0.0095,0.00791,0.3,0.25,0.1,,0.3,,,,,,,0.06,0.893687,0.03,0.136619,0.002847,0.92505,0.362447,1.0,1.0,0.083333,0,,109,51,C04_S_THRESHOLD,,,,,57,,,,,6,0,0,0,,0,0,0,0,0.973157,0.362447,0.982567,0.79566,0.131327,0.799646,0,,0,0.0,0.0,0,,0,0,0,0,0,0,0,0,13,36,23
grand_sim_v0_7,hub_3_unbalanced_secondary_failure,hub_redundancy,mid_stress,6,10746,hub_redundant,hub_3,160,0.1,0.08,0.06,0.29,1.6,0.12,0.1,0.08,0.16,0.0095,0.00791,0.3,0.25,0.1,,0.3,,,,,,,0.06,0.878568,0.03,0.145785,0.00126,0.924735,0.362711,1.0,1.0,0.1,0,,117,43,C04_S_THRESHOLD,,,,,47,,,,,4,0,0,0,,0,0,0,0,0.969684,0.362711,0.970869,0.785793,0.132668,0.819951,0,119,41,0.00471,0.0,0,,0,0,0,0,0,0,0,0,13,36,23
grand_sim_v0_7,hub_3_unbalanced_secondary_failure,hub_redundancy,mid_stress,7,10747,hub_redundant,hub_3,160,0.1,0.08,0.06,0.29,1.6,0.12,0.1,0.08,0.16,0.0095,0.00791,0.3,0.25,0.1,,0.3,,,,,,,0.06,0.860067,0.03,0.142523,0.001788,0.918812,0.363116,1.0,1.0,0.116667,0,,108,52,C04_S_THRESHOLD,,,,,58,,,,,6,0,0,0,,0,0,0,0,0.964175,0.363116,0.977752,0.811727,0.130007,0.786647,0,,0,0.0,0.0,0,,0,0,0,0,0,0,0,0,13,36,23
grand_sim_v0_7,hub_3_unbalanced_secondary_failure,hub_redundancy,mid_stress,8,10748,hub_redundant,hub_3,160,0.1,0.08,0.06,0.29,1.6,0.12,0.1,0.08,0.16,0.0095,0.00791,0.3,0.25,0.1,,0.3,,,,,,,0.06,0.848968,0.03,0.143106,0.003476,0.922752,0.366276,1.0,1.0,0.15,0,,116,44,C04_S_THRESHOLD,,,,,48,,,,,4,0,0,0,,0,0,0,0,0.977665,0.366276,0.976995,0.83161,0.131374,0.80384,0,120,40,0.004678,0.0,0,,0,0,0,0,0,0,0,0,13,36,23
grand_sim_v0_7,hub_3_unbalanced_secondary_failure,hub_redundancy,mid_stress,9,10749,hub_redundant,hub_3,160,0.1,0.08,0.06,0.29,1.6,0.12,0.1,0.08,0.16,0.0095,0.00791,0.3,0.25,0.1,,0.3,,,,,,,0.06,0.87161,0.03,0.139075,0.000561,0.928545,0.358105,1.0,1.0,0.116667,0,,116,44,C04_S_THRESHOLD,,,,,48,,,,,4,0,0,0,,0,0,0,0,0.972818,0.358105,0.981238,0.83004,0.131005,0.812589,0,128,32,0.004565,0.0,0,,0,0,0,0,0,0,0,0,13,36,23
grand_sim_v0_7,hub_3_unbalanced_secondary_failure,hub_redundancy,high_stress,0,10750,hub_redundant,hub_3,160,0.14,0.05,0.09,0.26,2.0,0.06,0.13,0.1,0.2,0.012,0.00998,0.3,0.25,0.1,,0.3,,,,,,,0.09,0.03,0.03,0.164177,1.0,0.0,0.146029,0.0,0.0,1.0,1,22,146,14,C04_S_THRESHOLD,21,22,,23,17,7,8,,9,3,1,0,0,,0,132,0,0,0.153807,0.162023,0.158262,0.150926,0.047653,0.140028,0,,0,0.0,0.0,0,,0,0,0,0,0,0,0,0,13,36,23
grand_sim_v0_7,hub_3_unbalanced_secondary_failure,hub_redundancy,high_stress,1,10751,hub_redundant,hub_3,160,0.14,0.05,0.09,0.26,2.0,0.06,0.13,0.1,0.2,0.012,0.00998,0.3,0.25,0.1,,0.3,,,,,,,0.09,0.03,0.03,0.1679,1.0,0.0,0.14768,0.0,0.0,1.0,1,22,141,19,C04_S_THRESHOLD,21,22,,23,22,2,3,,4,3,1,0,0,,0,133,0,0,0.150664,0.152829,0.161955,0.138318,0.047406,0.142632,0,,0,0.0,0.0,0,,0,0,0,0,0,0,0,0,13,36,23
grand_sim_v0_7,hub_3_unbalanced_secondary_failure,hub_redundancy,high_stress,2,10752,hub_redundant,hub_3,160,0.14,0.05,0.09,0.26,2.0,0.06,0.13,0.1,0.2,0.012,0.00998,0.3,0.25,0.1,,0.3,,,,,,,0.09,0.03,0.03,0.16685,1.0,0.0,0.14145,0.0,0.0,1.0,1,23,141,19,C04_S_THRESHOLD,21,23,,24,22,2,4,,5,3,1,0,0,,0,132,0,0,0.150695,0.14145,0.158069,0.149949,0.047779,0.148349,0,,0,0.0,0.0,0,,0,0,0,0,0,0,0,0,13,36,23
grand_sim_v0_7,hub_3_unbalanced_secondary_failure,hub_redundancy,high_stress,3,10753,hub_redundant,hub_3,160,0.14,0.05,0.09,0.26,2.0,0.06,0.13,0.1,0.2,0.012,0.00998,0.3,0.25,0.1,,0.3,,,,,,,0.09,0.03,0.03,0.160618,1.0,0.0,0.146274,0.0,0.0,1.0,1,23,142,18,C04_S_THRESHOLD,21,23,,24,21,3,5,,6,3,1,0,0,,0,133,0,0,0.163447,0.155875,0.146274,0.148792,0.047377,0.123783,0,,0,0.0,0.0,0,,0,0,0,0,0,0,0,0,13,36,23
grand_sim_v0_7,hub_3_unbalanced_secondary_failure,hub_redundancy,high_stress,4,10754,hub_redundant,hub_3,160,0.14,0.05,0.09,0.26,2.0,0.06,0.13,0.1,0.2,0.012,0.00998,0.3,0.25,0.1,,0.3,,,,,,,0.09,0.03,0.03,0.168081,1.0,0.0,0.145993,0.0,0.0,1.0,1,26,138,22,C04_S_THRESHOLD,25,26,,27,25,3,4,,5,3,1,0,0,,0,129,0,0,0.15717,0.153247,0.163375,0.153163,0.047234,0.149041,0,,0,0.0,0.0,0,,0,0,0,0,0,0,0,0,13,36,23
grand_sim_v0_7,hub_3_unbalanced_secondary_failure,hub_redundancy,high_stress,5,10755,hub_redundant,hub_3,160,0.14,0.05,0.09,0.26,2.0,0.06,0.13,0.1,0.2,0.012,0.00998,0.3,0.25,0.1,,0.3,,,,,,,0.09,0.03,0.03,0.171475,1.0,0.0,0.148238,0.0,0.0,1.0,1,25,139,21,C04_S_THRESHOLD,24,25,,25,24,3,4,,4,3,1,0,0,,0,131,0,0,0.153697,0.148238,0.152242,0.145206,0.047776,0.143796,0,29,19,0.005859,0.0,0,,0,0,0,0,0,0,0,0,13,36,23
grand_sim_v0_7,hub_3_unbalanced_secondary_failure,hub_redundancy,high_stress,6,10756,hub_redundant,hub_3,160,0.14,0.05,0.09,0.26,2.0,0.06,0.13,0.1,0.2,0.012,0.00998,0.3,0.25,0.1,,0.3,,,,,,,0.09,0.03,0.03,0.169953,1.0,0.0,0.145947,0.0,0.0,1.0,1,24,144,16,C04_S_THRESHOLD,22,24,,25,19,6,8,,9,3,1,0,0,,0,130,0,0,0.145947,0.154178,0.161212,0.128469,0.048152,0.145163,0,27,133,0.001507,0.0,0,,0,0,0,0,0,0,0,0,13,36,23
grand_sim_v0_7,hub_3_unbalanced_secondary_failure,hub_redundancy,high_stress,7,10757,hub_redundant,hub_3,160,0.14,0.05,0.09,0.26,2.0,0.06,0.13,0.1,0.2,0.012,0.00998,0.3,0.25,0.1,,0.3,,,,,,,0.09,0.03,0.03,0.170941,1.0,0.0,0.145176,0.0,0.0,1.0,1,22,142,18,C04_S_THRESHOLD,21,22,,23,22,3,4,,5,4,1,0,0,,0,132,0,0,0.156879,0.154015,0.155916,0.150394,0.04799,0.145495,0,,0,0.0,0.0,0,,0,0,0,0,0,0,0,0,13,36,23
grand_sim_v0_7,hub_3_unbalanced_secondary_failure,hub_redundancy,high_stress,8,10758,hub_redundant,hub_3,160,0.14,0.05,0.09,0.26,2.0,0.06,0.13,0.1,0.2,0.012,0.00998,0.3,0.25,0.1,,0.3,,,,,,,0.09,0.03,0.03,0.160037,1.0,0.0,0.150409,0.0,0.0,1.0,1,24,140,20,C04_S_THRESHOLD,22,24,,25,23,2,4,,5,3,1,0,0,,0,130,0,0,0.151119,0.156155,0.150797,0.146582,0.047757,0.144406,0,33,15,0.000399,0.0,0,,0,0,0,0,0,0,0,0,13,36,23
grand_sim_v0_7,hub_3_unbalanced_secondary_failure,hub_redundancy,high_stress,9,10759,hub_redundant,hub_3,160,0.14,0.05,0.09,0.26,2.0,0.06,0.13,0.1,0.2,0.012,0.00998,0.3,0.25,0.1,,0.3,,,,,,,0.09,0.03,0.03,0.170173,1.0,0.0,0.147423,0.0,0.0,1.0,1,23,139,21,C04_S_THRESHOLD,22,23,,24,24,1,2,,3,3,1,0,0,,0,131,0,0,0.1582,0.150118,0.158686,0.151282,0.047701,0.146241,0,,0,0.0,0.0,0,,0,0,0,0,0,0,0,0,13,36,23
grand_sim_v0_7,topology_drift,topology_drift,low_stress,0,10760,ring_mesh,star_adjacent,160,0.06,0.1,0.04,0.32,1.2,0.2,0.08,0.06,0.12,0.0075,0.006735,0.3,0.25,0.1,,0.3,,,,,,,0.03,0.986518,0.191089,0.112467,0.0,0.963998,0.456941,1.0,1.0,0.016667,0,,80,80,C04_S_THRESHOLD,,,,,80,,,,,0,0,0,0,,0,0,0,0,0.456941,,,0.20209,,,0,,0,0.0,0.0,0,25,80,25,25,0,0,0,0,25,59,59,0
grand_sim_v0_7,topology_drift,topology_drift,low_stress,1,10761,ring_mesh,star_adjacent,160,0.06,0.1,0.04,0.32,1.2,0.2,0.08,0.06,0.12,0.0075,0.006735,0.3,0.25,0.1,,0.3,,,,,,,0.03,0.985959,0.157558,0.104741,0.0,0.965786,0.45204,1.0,1.0,0.016667,0,,80,80,C04_S_THRESHOLD,,,,,87,,,,,7,0,0,0,,0,0,0,0,0.45204,,,0.202117,,,0,,0,0.0,0.0,0,25,80,25,25,0,0,0,0,25,59,59,0
grand_sim_v0_7,topology_drift,topology_drift,low_stress,2,10762,ring_mesh,star_adjacent,160,0.06,0.1,0.04,0.32,1.2,0.2,0.08,0.06,0.12,0.0075,0.006735,0.3,0.25,0.1,,0.3,,,,,,,0.03,0.988009,0.280563,0.118628,0.0,0.964698,0.503031,1.0,1.0,0.016667,0,,77,80,C04_S_THRESHOLD,,,,,80,,,,,0,0,0,0,,0,0,0,0,0.503031,,,0.202375,,,0,,0,0.0,0.0,0,25,80,25,25,0,0,0,0,25,59,59,0
grand_sim_v0_7,topology_drift,topology_drift,low_stress,3,10763,ring_mesh,star_adjacent,160,0.06,0.1,0.04,0.32,1.2,0.2,0.08,0.06,0.12,0.0075,0.006735,0.3,0.25,0.1,,0.3,,,,,,,0.03,0.98574,0.144394,0.124455,0.0,0.964598,0.437563,1.0,1.0,0.016667,0,,80,80,C04_S_THRESHOLD,,,,,86,,,,,6,0,0,0,,0,0,0,0,0.437563,,,0.201995,,,0,,0,0.0,0.0,0,25,80,25,25,0,0,0,0,25,59,59,0
grand_sim_v0_7,topology_drift,topology_drift,low_stress,4,10764,ring_mesh,star_adjacent,160,0.06,0.1,0.04,0.32,1.2,0.2,0.08,0.06,0.12,0.0075,0.006735,0.3,0.25,0.1,,0.3,,,,,,,0.03,0.986285,0.177088,0.106223,0.0,0.966347,0.465023,1.0,1.0,0.016667,0,,80,80,C04_S_THRESHOLD,,,,,87,,,,,7,0,0,0,,0,0,0,0,0.465023,,,0.202154,,,0,,0,0.0,0.0,0,25,80,25,25,0,0,0,0,25,59,59,0
grand_sim_v0_7,topology_drift,topology_drift,low_stress,5,10765,ring_mesh,star_adjacent,160,0.06,0.1,0.04,0.32,1.2,0.2,0.08,0.06,0.12,0.0075,0.006735,0.3,0.25,0.1,,0.3,,,,,,,0.03,0.987852,0.271096,0.124034,0.0,0.966947,0.49205,1.0,1.0,0.016667,0,,76,80,C04_S_THRESHOLD,,,,,80,,,,,0,0,0,0,,0,0,0,0,0.49205,,,0.202289,,,0,,0,0.0,0.0,0,25,80,25,25,0,0,0,0,25,59,59,0
grand_sim_v0_7,topology_drift,topology_drift,low_stress,6,10766,ring_mesh,star_adjacent,160,0.06,0.1,0.04,0.32,1.2,0.2,0.08,0.06,0.12,0.0075,0.006735,0.3,0.25,0.1,,0.3,,,,,,,0.03,0.987774,0.266459,0.118066,0.0,0.961767,0.491748,1.0,1.0,0.016667,0,,78,80,C04_S_THRESHOLD,,,,,80,,,,,0,0,0,0,,0,0,0,0,0.491748,,,0.202177,,,0,,0,0.0,0.0,0,25,80,25,25,0,0,0,0,25,59,59,0
grand_sim_v0_7,topology_drift,topology_drift,low_stress,7,10767,ring_mesh,star_adjacent,160,0.06,0.1,0.04,0.32,1.2,0.2,0.08,0.06,0.12,0.0075,0.006735,0.3,0.25,0.1,,0.3,,,,,,,0.03,0.985866,0.151978,0.126976,0.0,0.960565,0.437325,1.0,1.0,0.016667,0,,80,80,C04_S_THRESHOLD,,,,,87,,,,,7,0,0,0,,0,0,0,0,0.437325,,,0.202189,,,0,,0,0.0,0.0,0,25,80,25,25,0,0,0,0,25,59,59,0
grand_sim_v0_7,topology_drift,topology_drift,low_stress,8,10768,ring_mesh,star_adjacent,160,0.06,0.1,0.04,0.32,1.2,0.2,0.08,0.06,0.12,0.0075,0.006735,0.3,0.25,0.1,,0.3,,,,,,,0.03,0.986935,0.216085,0.104498,0.0,0.969925,0.483017,1.0,1.0,0.016667,0,,79,80,C04_S_THRESHOLD,,,,,80,,,,,0,0,0,0,,0,0,0,0,0.483017,,,0.202389,,,0,,0,0.0,0.0,0,25,80,25,25,0,0,0,0,25,59,59,0
grand_sim_v0_7,topology_drift,topology_drift,low_stress,9,10769,ring_mesh,star_adjacent,160,0.06,0.1,0.04,0.32,1.2,0.2,0.08,0.06,0.12,0.0075,0.006735,0.3,0.25,0.1,,0.3,,,,,,,0.03,0.986401,0.184066,0.130388,0.0,0.9659,0.4499,1.0,1.0,0.016667,0,,80,80,C04_S_THRESHOLD,,,,,80,,,,,0,0,0,0,,0,0,0,0,0.4499,,,0.202228,,,0,,0,0.0,0.0,0,25,80,25,25,0,0,0,0,25,59,59,0
grand_sim_v0_7,topology_drift,topology_drift,mid_stress,0,10770,ring_mesh,star_adjacent,160,0.1,0.08,0.06,0.29,1.6,0.12,0.1,0.08,0.16,0.0095,0.00791,0.3,0.25,0.1,,0.3,,,,,,,0.06,0.03,0.03,0.139271,0.999739,0.022223,0.159008,0.0,0.0,1.0,1,96,80,80,C04_S_THRESHOLD,95,96,,98,80,15,16,,18,0,1,0,0,,0,56,0,0,0.168501,,,0.088543,,,0,100,27,0.002104,0.0,0,25,80,25,25,0,0,0,0,25,59,59,0
grand_sim_v0_7,topology_drift,topology_drift,mid_stress,1,10771,ring_mesh,star_adjacent,160,0.1,0.08,0.06,0.29,1.6,0.12,0.1,0.08,0.16,0.0095,0.00791,0.3,0.25,0.1,,0.3,,,,,,,0.06,0.03,0.03,0.135542,0.999172,0.025227,0.159082,0.0,0.0,1.0,1,96,80,80,C04_S_THRESHOLD,96,96,,100,80,16,16,,20,0,1,0,0,,0,54,0,0,0.180099,,,0.088966,,,0,,0,0.0,0.0,0,25,80,25,25,0,0,0,0,25,59,59,0
grand_sim_v0_7,topology_drift,topology_drift,mid_stress,2,10772,ring_mesh,star_adjacent,160,0.1,0.08,0.06,0.29,1.6,0.12,0.1,0.08,0.16,0.0095,0.00791,0.3,0.25,0.1,,0.3,,,,,,,0.06,0.03,0.03,0.125089,0.999416,0.021412,0.160944,0.0,0.0,1.0,1,95,80,80,C04_S_THRESHOLD,95,95,,98,80,15,15,,18,0,1,0,0,,0,56,0,0,0.178468,,,0.088386,,,0,,0,0.0,0.0,0,25,80,25,25,0,0,0,0,25,59,59,0
grand_sim_v0_7,topology_drift,topology_drift,mid_stress,3,10773,ring_mesh,star_adjacent,160,0.1,0.08,0.06,0.29,1.6,0.12,0.1,0.08,0.16,0.0095,0.00791,0.3,0.25,0.1,,0.3,,,,,,,0.06,0.03,0.03,0.144518,0.999261,0.026117,0.158155,0.0,0.0,1.0,1,96,80,80,C04_S_THRESHOLD,96,96,,101,80,16,16,,21,0,1,0,0,,0,52,0,0,0.173008,,,0.08908,,,0,,0,0.0,0.0,0,25,80,25,25,0,0,0,0,25,59,59,0
grand_sim_v0_7,topology_drift,topology_drift,mid_stress,4,10774,ring_mesh,star_adjacent,160,0.1,0.08,0.06,0.29,1.6,0.12,0.1,0.08,0.16,0.0095,0.00791,0.3,0.25,0.1,,0.3,,,,,,,0.06,0.03,0.03,0.126785,0.999472,0.024636,0.162549,0.0,0.0,1.0,1,96,80,80,C04_S_THRESHOLD,96,96,,99,80,16,16,,19,0,1,0,0,,0,55,0,0,0.176858,,,0.088927,,,0,100,28,0.002221,0.0,0,25,80,25,25,0,0,0,0,25,59,59,0
grand_sim_v0_7,topology_drift,topology_drift,mid_stress,5,10775,ring_mesh,star_adjacent,160,0.1,0.08,0.06,0.29,1.6,0.12,0.1,0.08,0.16,0.0095,0.00791,0.3,0.25,0.1,,0.3,,,,,,,0.06,0.03,0.03,0.122769,0.999262,0.026609,0.164859,0.0,0.0,1.0,1,96,80,80,C04_S_THRESHOLD,95,96,,101,80,15,16,,21,0,1,0,0,,0,51,0,0,0.180018,,,0.089319,,,0,100,60,0.002303,0.0,0,25,80,25,25,0,0,0,0,25,59,59,0
grand_sim_v0_7,topology_drift,topology_drift,mid_stress,6,10776,ring_mesh,star_adjacent,160,0.1,0.08,0.06,0.29,1.6,0.12,0.1,0.08,0.16,0.0095,0.00791,0.3,0.25,0.1,,0.3,,,,,,,0.06,0.03,0.03,0.127374,0.999068,0.025869,0.16125,0.0,0.0,1.0,1,96,80,80,C04_S_THRESHOLD,96,96,,99,80,16,16,,19,0,1,0,0,,0,54,0,0,0.181654,,,0.089047,,,0,100,60,0.002215,0.0,0,25,80,25,25,0,0,0,0,25,59,59,0
grand_sim_v0_7,topology_drift,topology_drift,mid_stress,7,10777,ring_mesh,star_adjacent,160,0.1,0.08,0.06,0.29,1.6,0.12,0.1,0.08,0.16,0.0095,0.00791,0.3,0.25,0.1,,0.3,,,,,,,0.06,0.03,0.03,0.12186,0.999155,0.026067,0.164035,0.0,0.0,1.0,1,97,80,80,C04_S_THRESHOLD,95,97,,101,80,15,17,,21,0,1,0,0,,0,51,0,0,0.181568,,,0.089351,,,0,100,30,0.00232,0.0,0,25,80,25,25,0,0,0,0,25,59,59,0
grand_sim_v0_7,topology_drift,topology_drift,mid_stress,8,10778,ring_mesh,star_adjacent,160,0.1,0.08,0.06,0.29,1.6,0.12,0.1,0.08,0.16,0.0095,0.00791,0.3,0.25,0.1,,0.3,,,,,,,0.06,0.03,0.03,0.127787,0.998933,0.027144,0.161236,0.0,0.0,1.0,1,96,80,80,C04_S_THRESHOLD,96,96,,100,80,16,16,,20,0,1,0,0,,0,52,0,0,0.184045,,,0.08941,,,0,,0,0.0,0.0,0,25,80,25,25,0,0,0,0,25,59,59,0
grand_sim_v0_7,topology_drift,topology_drift,mid_stress,9,10779,ring_mesh,star_adjacent,160,0.1,0.08,0.06,0.29,1.6,0.12,0.1,0.08,0.16,0.0095,0.00791,0.3,0.25,0.1,,0.3,,,,,,,0.06,0.03,0.03,0.126412,0.99911,0.0274,0.162433,0.0,0.0,1.0,1,97,80,80,C04_S_THRESHOLD,96,97,,102,80,16,17,,22,0,1,0,0,,0,51,0,0,0.182235,,,0.089511,,,0,,0,0.0,0.0,0,25,80,25,25,0,0,0,0,25,59,59,0
grand_sim_v0_7,topology_drift,topology_drift,high_stress,0,10780,ring_mesh,star_adjacent,160,0.14,0.05,0.09,0.26,2.0,0.06,0.13,0.1,0.2,0.012,0.00998,0.3,0.25,0.1,,0.3,,,,,,,0.09,0.03,0.03,0.18532,1.0,0.0,0.146305,0.0,0.0,1.0,1,28,130,30,C04_S_THRESHOLD,28,28,,30,35,-2,-2,,0,5,0,0,0,,0,125,0,0,0.153742,,,0.04855,,,0,,0,0.0,0.0,0,25,80,25,25,0,0,0,0,25,59,59,0
grand_sim_v0_7,topology_drift,topology_drift,high_stress,1,10781,ring_mesh,star_adjacent,160,0.14,0.05,0.09,0.26,2.0,0.06,0.13,0.1,0.2,0.012,0.00998,0.3,0.25,0.1,,0.3,,,,,,,0.09,0.03,0.03,0.165464,1.0,0.0,0.147312,0.0,0.0,1.0,1,29,130,30,C04_S_THRESHOLD,28,29,,30,36,-2,-1,,0,6,0,0,0,,0,124,0,0,0.162005,,,0.048589,,,0,,0,0.0,0.0,0,25,80,25,25,0,0,0,0,25,59,59,0
grand_sim_v0_7,topology_drift,topology_drift,high_stress,2,10782,ring_mesh,star_adjacent,160,0.14,0.05,0.09,0.26,2.0,0.06,0.13,0.1,0.2,0.012,0.00998,0.3,0.25,0.1,,0.3,,,,,,,0.09,0.03,0.03,0.169429,1.0,0.0,0.150402,0.0,0.0,1.0,1,28,131,29,C04_S_THRESHOLD,27,28,,30,35,-2,-1,,1,6,0,0,0,,0,126,0,0,0.157751,,,0.048528,,,0,,0,0.0,0.0,0,25,80,25,25,0,0,0,0,25,59,59,0
grand_sim_v0_7,topology_drift,topology_drift,high_stress,3,10783,ring_mesh,star_adjacent,160,0.14,0.05,0.09,0.26,2.0,0.06,0.13,0.1,0.2,0.012,0.00998,0.3,0.25,0.1,,0.3,,,,,,,0.09,0.03,0.03,0.162962,1.0,0.0,0.150791,0.0,0.0,1.0,1,28,131,29,C04_S_THRESHOLD,27,28,,30,35,-2,-1,,1,6,0,0,0,,0,124,0,0,0.160367,,,0.0484,,,0,,0,0.0,0.0,0,25,80,25,25,0,0,0,0,25,59,59,0
grand_sim_v0_7,topology_drift,topology_drift,high_stress,4,10784,ring_mesh,star_adjacent,160,0.14,0.05,0.09,0.26,2.0,0.06,0.13,0.1,0.2,0.012,0.00998,0.3,0.25,0.1,,0.3,,,,,,,0.09,0.03,0.03,0.158085,1.0,0.0,0.150886,0.0,0.0,1.0,1,29,131,29,C04_S_THRESHOLD,27,29,,29,34,-2,0,,0,5,0,0,0,,0,126,0,0,0.162468,,,0.048641,,,0,,0,0.0,0.0,0,25,80,25,25,0,0,0,0,25,59,59,0
grand_sim_v0_7,topology_drift,topology_drift,high_stress,5,10785,ring_mesh,star_adjacent,160,0.14,0.05,0.09,0.26,2.0,0.06,0.13,0.1,0.2,0.012,0.00998,0.3,0.25,0.1,,0.3,,,,,,,0.09,0.03,0.03,0.148575,1.0,0.0,0.152467,0.0,0.0,1.0,1,27,132,28,C04_S_THRESHOLD,26,27,,28,34,-2,-1,,0,6,0,0,0,,0,126,0,0,0.167265,,,0.048522,,,0,,0,0.0,0.0,0,25,80,25,25,0,0,0,0,25,59,59,0
grand_sim_v0_7,topology_drift,topology_drift,high_stress,6,10786,ring_mesh,star_adjacent,160,0.14,0.05,0.09,0.26,2.0,0.06,0.13,0.1,0.2,0.012,0.00998,0.3,0.25,0.1,,0.3,,,,,,,0.09,0.03,0.03,0.15058,1.0,0.0,0.151362,0.0,0.0,1.0,1,28,132,28,C04_S_THRESHOLD,27,28,,29,34,-1,0,,1,6,0,0,0,,0,126,0,0,0.16557,,,0.048387,,,0,,0,0.0,0.0,0,25,80,25,25,0,0,0,0,25,59,59,0
grand_sim_v0_7,topology_drift,topology_drift,high_stress,7,10787,ring_mesh,star_adjacent,160,0.14,0.05,0.09,0.26,2.0,0.06,0.13,0.1,0.2,0.012,0.00998,0.3,0.25,0.1,,0.3,,,,,,,0.09,0.03,0.03,0.190034,1.0,0.0,0.145415,0.0,0.0,1.0,1,27,133,27,C04_S_THRESHOLD,26,27,,28,33,-1,0,,1,6,0,0,0,,0,129,0,0,0.151497,,,0.048455,,,0,,0,0.0,0.0,0,25,80,25,25,0,0,0,0,25,59,59,0
grand_sim_v0_7,topology_drift,topology_drift,high_stress,8,10788,ring_mesh,star_adjacent,160,0.14,0.05,0.09,0.26,2.0,0.06,0.13,0.1,0.2,0.012,0.00998,0.3,0.25,0.1,,0.3,,,,,,,0.09,0.03,0.03,0.168512,1.0,0.0,0.150212,0.0,0.0,1.0,1,28,131,29,C04_S_THRESHOLD,27,28,,30,35,-2,-1,,1,6,0,0,0,,0,125,0,0,0.158261,,,0.048272,,,0,,0,0.0,0.0,0,25,80,25,25,0,0,0,0,25,59,59,0
grand_sim_v0_7,topology_drift,topology_drift,high_stress,9,10789,ring_mesh,star_adjacent,160,0.14,0.05,0.09,0.26,2.0,0.06,0.13,0.1,0.2,0.012,0.00998,0.3,0.25,0.1,,0.3,,,,,,,0.09,0.03,0.03,0.156898,1.0,0.0,0.151087,0.0,0.0,1.0,1,28,131,29,C04_S_THRESHOLD,27,28,,30,34,-2,-1,,1,5,0,0,0,,0,127,0,0,0.164141,,,0.048739,,,0,,0,0.0,0.0,0,25,80,25,25,0,0,0,0,25,59,59,0
grand_sim_v0_7,topology_lag_centralizing,topology_drift,low_stress,0,10790,ring_mesh,star_adjacent,160,0.06,0.1,0.04,0.32,1.2,0.2,0.08,0.06,0.12,0.0075,0.006735,0.3,0.25,0.1,,0.3,,,,,,,0.03,0.987087,0.225194,0.129069,0.0,0.942535,0.47391,1.0,1.0,0.016667,0,,80,80,C04_S_THRESHOLD,,,,,80,,,,,0,0,0,0,,0,0,0,0,0.47391,,,0.201788,,,0,,0,0.0,0.0,0,50,80,50,25,25,0,0,0,50,59,59,0
grand_sim_v0_7,topology_lag_centralizing,topology_drift,low_stress,1,10791,ring_mesh,star_adjacent,160,0.06,0.1,0.04,0.32,1.2,0.2,0.08,0.06,0.12,0.0075,0.006735,0.3,0.25,0.1,,0.3,,,,,,,0.03,0.988496,0.309748,0.127165,0.0,0.944979,0.518023,1.0,1.0,0.016667,0,,75,80,C04_S_THRESHOLD,,,,,80,,,,,0,0,0,0,,0,0,0,0,0.518023,,,0.201263,,,0,,0,0.0,0.0,0,50,80,50,25,25,0,0,0,50,59,59,0
grand_sim_v0_7,topology_lag_centralizing,topology_drift,low_stress,2,10792,ring_mesh,star_adjacent,160,0.06,0.1,0.04,0.32,1.2,0.2,0.08,0.06,0.12,0.0075,0.006735,0.3,0.25,0.1,,0.3,,,,,,,0.03,0.988453,0.307188,0.115607,0.0,0.944519,0.522768,1.0,1.0,0.016667,0,,75,80,C04_S_THRESHOLD,,,,,80,,,,,0,0,0,0,,0,0,0,0,0.522768,,,0.201699,,,0,,0,0.0,0.0,0,50,80,50,25,25,0,0,0,50,59,59,0
grand_sim_v0_7,topology_lag_centralizing,topology_drift,low_stress,3,10793,ring_mesh,star_adjacent,160,0.06,0.1,0.04,0.32,1.2,0.2,0.08,0.06,0.12,0.0075,0.006735,0.3,0.25,0.1,,0.3,,,,,,,0.03,0.985607,0.136443,0.128704,0.0,0.943858,0.428149,1.0,1.0,0.016667,0,,80,80,C04_S_THRESHOLD,,,,,84,,,,,4,0,0,0,,0,0,0,0,0.428149,,,0.201457,,,0,,0,0.0,0.0,0,50,80,50,25,25,0,0,0,50,59,59,0
grand_sim_v0_7,topology_lag_centralizing,topology_drift,low_stress,4,10794,ring_mesh,star_adjacent,160,0.06,0.1,0.04,0.32,1.2,0.2,0.08,0.06,0.12,0.0075,0.006735,0.3,0.25,0.1,,0.3,,,,,,,0.03,0.985896,0.153758,0.133241,0.0,0.943068,0.438777,1.0,1.0,0.016667,0,,80,80,C04_S_THRESHOLD,,,,,80,,,,,0,0,0,0,,0,0,0,0,0.438777,,,0.201631,,,0,,0,0.0,0.0,0,50,80,50,25,25,0,0,0,50,59,59,0
grand_sim_v0_7,topology_lag_centralizing,topology_drift,low_stress,5,10795,ring_mesh,star_adjacent,160,0.06,0.1,0.04,0.32,1.2,0.2,0.08,0.06,0.12,0.0075,0.006735,0.3,0.25,0.1,,0.3,,,,,,,0.03,0.988668,0.320062,0.125542,0.0,0.945454,0.525237,1.0,1.0,0.016667,0,,74,80,C04_S_THRESHOLD,,,,,80,,,,,0,0,0,0,,0,0,0,0,0.525237,,,0.201638,,,0,,0,0.0,0.0,0,50,80,50,25,25,0,0,0,50,59,59,0
grand_sim_v0_7,topology_lag_centralizing,topology_drift,low_stress,6,10796,ring_mesh,star_adjacent,160,0.06,0.1,0.04,0.32,1.2,0.2,0.08,0.06,0.12,0.0075,0.006735,0.3,0.25,0.1,,0.3,,,,,,,0.03,0.988252,0.295106,0.126708,0.0,0.946141,0.510589,1.0,1.0,0.016667,0,,76,80,C04_S_THRESHOLD,,,,,80,,,,,0,0,0,0,,0,0,0,0,0.510589,,,0.201565,,,0,,0,0.0,0.0,0,50,80,50,25,25,0,0,0,50,59,59,0
grand_sim_v0_7,topology_lag_centralizing,topology_drift,low_stress,7,10797,ring_mesh,star_adjacent,160,0.06,0.1,0.04,0.32,1.2,0.2,0.08,0.06,0.12,0.0075,0.006735,0.3,0.25,0.1,,0.3,,,,,,,0.03,0.987926,0.275563,0.147524,0.0,0.945094,0.48121,1.0,1.0,0.016667,0,,77,80,C04_S_THRESHOLD,,,,,80,,,,,0,0,0,0,,0,0,0,0,0.48121,,,0.201532,,,0,,0,0.0,0.0,0,50,80,50,25,25,0,0,0,50,59,59,0
grand_sim_v0_7,topology_lag_centralizing,topology_drift,low_stress,8,10798,ring_mesh,star_adjacent,160,0.06,0.1,0.04,0.32,1.2,0.2,0.08,0.06,0.12,0.0075,0.006735,0.3,0.25,0.1,,0.3,,,,,,,0.03,0.985568,0.134055,0.120163,0.0,0.947164,0.436612,1.0,1.0,0.016667,0,,80,80,C04_S_THRESHOLD,,,,,86,,,,,6,0,0,0,,0,0,0,0,0.436612,,,0.201502,,,0,,0,0.0,0.0,0,50,80,50,25,25,0,0,0,50,59,59,0
grand_sim_v0_7,topology_lag_centralizing,topology_drift,low_stress,9,10799,ring_mesh,star_adjacent,160,0.06,0.1,0.04,0.32,1.2,0.2,0.08,0.06,0.12,0.0075,0.006735,0.3,0.25,0.1,,0.3,,,,,,,0.03,0.985582,0.134891,0.125254,0.0,0.943854,0.431796,1.0,1.0,0.016667,0,,80,80,C04_S_THRESHOLD,,,,,86,,,,,6,0,0,0,,0,0,0,0,0.431796,,,0.201583,,,0,,0,0.0,0.0,0,50,80,50,25,25,0,0,0,50,59,59,0
grand_sim_v0_7,topology_lag_centralizing,topology_drift,mid_stress,0,10800,ring_mesh,star_adjacent,160,0.1,0.08,0.06,0.29,1.6,0.12,0.1,0.08,0.16,0.0095,0.00791,0.3,0.25,0.1,,0.3,,,,,,,0.06,0.03,0.03,0.145778,0.99953,0.021631,0.15707,0.0,0.0,1.0,1,96,80,80,C04_S_THRESHOLD,96,96,,100,80,16,16,,20,0,1,0,0,,0,52,0,0,0.171959,,,0.088334,,,0,100,29,0.002204,0.0,0,50,80,50,25,25,0,0,0,50,59,59,0
grand_sim_v0_7,topology_lag_centralizing,topology_drift,mid_stress,1,10801,ring_mesh,star_adjacent,160,0.1,0.08,0.06,0.29,1.6,0.12,0.1,0.08,0.16,0.0095,0.00791,0.3,0.25,0.1,,0.3,,,,,,,0.06,0.03,0.03,0.145017,0.999154,0.019754,0.157707,0.0,0.0,1.0,1,95,80,80,C04_S_THRESHOLD,95,95,,98,80,15,15,,18,0,1,0,0,,0,55,0,0,0.178608,,,0.087711,,,0,100,60,0.002049,0.0,0,50,80,50,25,25,0,0,0,50,59,59,0
grand_sim_v0_7,topology_lag_centralizing,topology_drift,mid_stress,2,10802,ring_mesh,star_adjacent,160,0.1,0.08,0.06,0.29,1.6,0.12,0.1,0.08,0.16,0.0095,0.00791,0.3,0.25,0.1,,0.3,,,,,,,0.06,0.03,0.03,0.153352,0.999576,0.020186,0.156287,0.0,0.0,1.0,1,96,80,80,C04_S_THRESHOLD,95,96,,100,80,15,16,,20,0,1,0,0,,0,56,0,0,0.172986,,,0.088206,,,0,100,28,0.002093,0.0,0,50,80,50,25,25,0,0,0,50,59,59,0
grand_sim_v0_7,topology_lag_centralizing,topology_drift,mid_stress,3,10803,ring_mesh,star_adjacent,160,0.1,0.08,0.06,0.29,1.6,0.12,0.1,0.08,0.16,0.0095,0.00791,0.3,0.25,0.1,,0.3,,,,,,,0.06,0.03,0.03,0.163999,1.0,0.018287,0.154204,0.0,0.0,1.0,1,96,80,80,C04_S_THRESHOLD,95,96,,100,80,15,16,,20,0,1,0,0,,0,55,0,0,0.161587,,,0.087916,,,0,,0,0.0,0.0,0,50,80,50,25,25,0,0,0,50,59,59,0
grand_sim_v0_7,topology_lag_centralizing,topology_drift,mid_stress,4,10804,ring_mesh,star_adjacent,160,0.1,0.08,0.06,0.29,1.6,0.12,0.1,0.08,0.16,0.0095,0.00791,0.3,0.25,0.1,,0.3,,,,,,,0.06,0.03,0.03,0.156858,0.999991,0.020476,0.157527,0.0,0.0,1.0,1,95,80,80,C04_S_THRESHOLD,95,95,,99,80,15,15,,19,0,1,0,0,,0,54,0,0,0.163123,,,0.088551,,,0,100,60,0.002157,0.0,0,50,80,50,25,25,0,0,0,50,59,59,0
grand_sim_v0_7,topology_lag_centralizing,topology_drift,mid_stress,5,10805,ring_mesh,star_adjacent,160,0.1,0.08,0.06,0.29,1.6,0.12,0.1,0.08,0.16,0.0095,0.00791,0.3,0.25,0.1,,0.3,,,,,,,0.06,0.03,0.03,0.1435,0.999319,0.022136,0.156762,0.0,0.0,1.0,1,96,80,80,C04_S_THRESHOLD,95,96,,101,80,15,16,,21,0,1,0,0,,0,53,0,0,0.176067,,,0.088493,,,0,,0,0.0,0.0,0,50,80,50,25,25,0,0,0,50,59,59,0
grand_sim_v0_7,topology_lag_centralizing,topology_drift,mid_stress,6,10806,ring_mesh,star_adjacent,160,0.1,0.08,0.06,0.29,1.6,0.12,0.1,0.08,0.16,0.0095,0.00791,0.3,0.25,0.1,,0.3,,,,,,,0.06,0.03,0.03,0.1471,0.999776,0.018678,0.15587,0.0,0.0,1.0,1,95,80,80,C04_S_THRESHOLD,95,95,,99,80,15,15,,19,0,1,0,0,,0,53,0,0,0.16961,,,0.088073,,,0,,0,0.0,0.0,0,50,80,50,25,25,0,0,0,50,59,59,0
grand_sim_v0_7,topology_lag_centralizing,topology_drift,mid_stress,7,10807,ring_mesh,star_adjacent,160,0.1,0.08,0.06,0.29,1.6,0.12,0.1,0.08,0.16,0.0095,0.00791,0.3,0.25,0.1,,0.3,,,,,,,0.06,0.03,0.03,0.142909,0.999487,0.019084,0.158335,0.0,0.0,1.0,1,96,80,80,C04_S_THRESHOLD,95,96,,99,80,15,16,,19,0,1,0,0,,0,56,0,0,0.174312,,,0.087862,,,0,100,28,0.00208,0.0,0,50,80,50,25,25,0,0,0,50,59,59,0
grand_sim_v0_7,topology_lag_centralizing,topology_drift,mid_stress,8,10808,ring_mesh,star_adjacent,160,0.1,0.08,0.06,0.29,1.6,0.12,0.1,0.08,0.16,0.0095,0.00791,0.3,0.25,0.1,,0.3,,,,,,,0.06,0.03,0.03,0.171907,0.999673,0.021633,0.15358,0.0,0.0,1.0,1,96,80,80,C04_S_THRESHOLD,95,96,,102,80,15,16,,22,0,1,0,0,,0,51,0,0,0.162278,,,0.088495,,,0,100,30,0.002277,0.0,0,50,80,50,25,25,0,0,0,50,59,59,0
grand_sim_v0_7,topology_lag_centralizing,topology_drift,mid_stress,9,10809,ring_mesh,star_adjacent,160,0.1,0.08,0.06,0.29,1.6,0.12,0.1,0.08,0.16,0.0095,0.00791,0.3,0.25,0.1,,0.3,,,,,,,0.06,0.03,0.03,0.154034,0.999848,0.018173,0.154259,0.0,0.0,1.0,1,95,80,80,C04_S_THRESHOLD,95,95,,99,80,15,15,,19,0,1,0,0,,0,56,0,0,0.165471,,,0.087784,,,0,100,60,0.002071,0.0,0,50,80,50,25,25,0,0,0,50,59,59,0
grand_sim_v0_7,topology_lag_centralizing,topology_drift,high_stress,0,10810,ring_mesh,star_adjacent,160,0.14,0.05,0.09,0.26,2.0,0.06,0.13,0.1,0.2,0.012,0.00998,0.3,0.25,0.1,,0.3,,,,,,,0.09,0.03,0.03,0.204462,1.0,0.0,0.142315,0.0,0.0,1.0,1,26,133,27,C04_S_THRESHOLD,25,26,,28,33,-2,-1,,1,6,0,0,0,,0,127,0,0,0.149602,,,0.047973,,,0,,0,0.0,0.0,0,50,80,50,25,25,0,0,0,50,59,59,0
grand_sim_v0_7,topology_lag_centralizing,topology_drift,high_stress,1,10811,ring_mesh,star_adjacent,160,0.14,0.05,0.09,0.26,2.0,0.06,0.13,0.1,0.2,0.012,0.00998,0.3,0.25,0.1,,0.3,,,,,,,0.09,0.03,0.03,0.181977,1.0,0.0,0.146988,0.0,0.0,1.0,1,23,135,25,C04_S_THRESHOLD,22,23,,25,31,-3,-2,,0,6,0,0,0,,0,129,1,0,0.156401,,,0.048275,,,0,,0,0.0,0.0,0,50,80,50,25,25,0,0,0,50,59,59,0
grand_sim_v0_7,topology_lag_centralizing,topology_drift,high_stress,2,10812,ring_mesh,star_adjacent,160,0.14,0.05,0.09,0.26,2.0,0.06,0.13,0.1,0.2,0.012,0.00998,0.3,0.25,0.1,,0.3,,,,,,,0.09,0.03,0.03,0.186847,1.0,0.0,0.147602,0.0,0.0,1.0,1,23,136,24,C04_S_THRESHOLD,21,23,,24,30,-3,-1,,0,6,0,0,0,,0,130,0,0,0.156679,,,0.048197,,,0,,0,0.0,0.0,0,50,80,50,25,25,0,0,0,50,59,59,0
grand_sim_v0_7,topology_lag_centralizing,topology_drift,high_stress,3,10813,ring_mesh,star_adjacent,160,0.14,0.05,0.09,0.26,2.0,0.06,0.13,0.1,0.2,0.012,0.00998,0.3,0.25,0.1,,0.3,,,,,,,0.09,0.03,0.03,0.181581,1.0,0.0,0.146106,0.0,0.0,1.0,1,24,135,25,C04_S_THRESHOLD,22,24,,25,31,-3,-1,,0,6,0,0,0,,0,129,0,0,0.159942,,,0.04829,,,0,,0,0.0,0.0,0,50,80,50,25,25,0,0,0,50,59,59,0
grand_sim_v0_7,topology_lag_centralizing,topology_drift,high_stress,4,10814,ring_mesh,star_adjacent,160,0.14,0.05,0.09,0.26,2.0,0.06,0.13,0.1,0.2,0.012,0.00998,0.3,0.25,0.1,,0.3,,,,,,,0.09,0.03,0.03,0.184956,1.0,0.0,0.142744,0.0,0.0,1.0,1,26,134,26,C04_S_THRESHOLD,24,26,,27,32,-2,0,,1,6,0,0,0,,0,127,0,0,0.161474,,,0.048078,,,0,,0,0.0,0.0,0,50,80,50,25,25,0,0,0,50,59,59,0
grand_sim_v0_7,topology_lag_centralizing,topology_drift,high_stress,5,10815,ring_mesh,star_adjacent,160,0.14,0.05,0.09,0.26,2.0,0.06,0.13,0.1,0.2,0.012,0.00998,0.3,0.25,0.1,,0.3,,,,,,,0.09,0.03,0.03,0.195828,1.0,0.0,0.144842,0.0,0.0,1.0,1,27,132,28,C04_S_THRESHOLD,26,27,,29,34,-2,-1,,1,6,0,0,0,,0,127,0,0,0.151816,,,0.04811,,,0,,0,0.0,0.0,0,50,80,50,25,25,0,0,0,50,59,59,0
grand_sim_v0_7,topology_lag_centralizing,topology_drift,high_stress,6,10816,ring_mesh,star_adjacent,160,0.14,0.05,0.09,0.26,2.0,0.06,0.13,0.1,0.2,0.012,0.00998,0.3,0.25,0.1,,0.3,,,,,,,0.09,0.03,0.03,0.17242,1.0,0.0,0.145917,0.0,0.0,1.0,1,26,134,26,C04_S_THRESHOLD,25,26,,27,31,-1,0,,1,5,0,0,0,,0,129,0,0,0.162717,,,0.048221,,,0,,0,0.0,0.0,0,50,80,50,25,25,0,0,0,50,59,59,0
grand_sim_v0_7,topology_lag_centralizing,topology_drift,high_stress,7,10817,ring_mesh,star_adjacent,160,0.14,0.05,0.09,0.26,2.0,0.06,0.13,0.1,0.2,0.012,0.00998,0.3,0.25,0.1,,0.3,,,,,,,0.09,0.03,0.03,0.177992,1.0,0.0,0.147198,0.0,0.0,1.0,1,24,135,25,C04_S_THRESHOLD,23,24,,25,30,-2,-1,,0,5,0,0,0,,0,131,0,0,0.158676,,,0.04809,,,0,,0,0.0,0.0,0,50,80,50,25,25,0,0,0,50,59,59,0
grand_sim_v0_7,topology_lag_centralizing,topology_drift,high_stress,8,10818,ring_mesh,star_adjacent,160,0.14,0.05,0.09,0.26,2.0,0.06,0.13,0.1,0.2,0.012,0.00998,0.3,0.25,0.1,,0.3,,,,,,,0.09,0.03,0.03,0.197374,1.0,0.0,0.143549,0.0,0.0,1.0,1,26,134,26,C04_S_THRESHOLD,24,26,,27,32,-2,0,,1,6,0,0,0,,0,128,0,0,0.151466,,,0.048246,,,0,,0,0.0,0.0,0,50,80,50,25,25,0,0,0,50,59,59,0
grand_sim_v0_7,topology_lag_centralizing,topology_drift,high_stress,9,10819,ring_mesh,star_adjacent,160,0.14,0.05,0.09,0.26,2.0,0.06,0.13,0.1,0.2,0.012,0.00998,0.3,0.25,0.1,,0.3,,,,,,,0.09,0.03,0.03,0.178397,1.0,0.0,0.146407,0.0,0.0,1.0,1,27,132,28,C04_S_THRESHOLD,26,27,,29,34,-2,-1,,1,6,0,0,0,,0,126,0,0,0.159142,,,0.047888,,,0,,0,0.0,0.0,0,50,80,50,25,25,0,0,0,50,59,59,0
grand_sim_v0_7,topology_misclassification_async,topology_drift,low_stress,0,10820,ring_mesh,star_adjacent,160,0.06,0.1,0.04,0.32,1.2,0.2,0.08,0.06,0.12,0.0075,0.006735,0.3,0.25,0.1,,0.3,,,,,,,0.25,0.985232,0.113913,0.134835,0.000158,0.959281,0.422582,1.0,1.0,0.016667,0,,75,85,C04_S_THRESHOLD,,,,,105,,,,,20,0,0,0,,0,0,0,0,0.422582,,,0.232922,,,0,,0,0.0,0.0,0,65,80,65,25,40,0,0,0,65,59,59,0
grand_sim_v0_7,topology_misclassification_async,topology_drift,low_stress,1,10821,ring_mesh,star_adjacent,160,0.06,0.1,0.04,0.32,1.2,0.2,0.08,0.06,0.12,0.0075,0.006735,0.3,0.25,0.1,,0.3,,,,,,,0.25,0.985021,0.101281,0.13503,0.000136,0.959502,0.411565,1.0,1.0,0.016667,0,,80,80,C04_S_THRESHOLD,,,,,81,,,,,1,0,0,0,,0,0,0,0,0.411565,,,0.202145,,,0,,0,0.0,0.0,0,65,80,65,25,40,0,0,0,65,59,59,0
grand_sim_v0_7,topology_misclassification_async,topology_drift,low_stress,2,10822,ring_mesh,star_adjacent,160,0.06,0.1,0.04,0.32,1.2,0.2,0.08,0.06,0.12,0.0075,0.006735,0.3,0.25,0.1,,0.3,,,,,,,0.25,0.985561,0.133661,0.154447,0.000198,0.961993,0.410759,1.0,1.0,0.016667,0,,80,80,C04_S_THRESHOLD,,,,,80,,,,,0,0,0,0,,0,0,0,0,0.410759,,,0.202676,,,0,,0,0.0,0.0,0,65,80,65,25,40,0,0,0,65,59,59,0
grand_sim_v0_7,topology_misclassification_async,topology_drift,low_stress,3,10823,ring_mesh,star_adjacent,160,0.06,0.1,0.04,0.32,1.2,0.2,0.08,0.06,0.12,0.0075,0.006735,0.3,0.25,0.1,,0.3,,,,,,,0.25,0.98617,0.170177,0.131208,6.4e-05,0.961259,0.456018,1.0,1.0,0.016667,0,,80,80,C04_S_THRESHOLD,,,,,80,,,,,0,0,0,0,,0,0,0,0,0.456018,,,0.198839,,,0,,0,0.0,0.0,0,65,80,65,25,40,0,0,0,65,59,59,0
grand_sim_v0_7,topology_misclassification_async,topology_drift,low_stress,4,10824,ring_mesh,star_adjacent,160,0.06,0.1,0.04,0.32,1.2,0.2,0.08,0.06,0.12,0.0075,0.006735,0.3,0.25,0.1,,0.3,,,,,,,0.25,0.985112,0.106741,0.144837,0.000109,0.948178,0.407676,1.0,1.0,0.016667,0,,76,84,C04_S_THRESHOLD,,,,,104,,,,,20,0,0,0,,0,0,0,0,0.407676,,,0.25006,,,0,,0,0.0,0.0,0,65,80,65,25,40,0,0,0,65,59,59,0
grand_sim_v0_7,topology_misclassification_async,topology_drift,low_stress,5,10825,ring_mesh,star_adjacent,160,0.06,0.1,0.04,0.32,1.2,0.2,0.08,0.06,0.12,0.0075,0.006735,0.3,0.25,0.1,,0.3,,,,,,,0.25,0.984285,0.057115,0.146391,0.000264,0.945728,0.382381,1.0,1.0,0.016667,0,,79,81,C04_S_THRESHOLD,,,,,101,,,,,20,0,0,0,,0,0,0,0,0.382381,,,0.2187,,,0,,0,0.0,0.0,0,65,80,65,25,40,0,0,0,65,59,59,0
grand_sim_v0_7,topology_misclassification_async,topology_drift,low_stress,6,10826,ring_mesh,star_adjacent,160,0.06,0.1,0.04,0.32,1.2,0.2,0.08,0.06,0.12,0.0075,0.006735,0.3,0.25,0.1,,0.3,,,,,,,0.25,0.984634,0.078064,0.146831,0.000449,0.958448,0.392016,1.0,1.0,0.016667,0,,80,80,C04_S_THRESHOLD,,,,,100,,,,,20,0,0,0,,0,0,0,0,0.392016,,,0.22275,,,0,,0,0.0,0.0,0,65,80,65,25,40,0,0,0,65,59,59,0
grand_sim_v0_7,topology_misclassification_async,topology_drift,low_stress,7,10827,ring_mesh,star_adjacent,160,0.06,0.1,0.04,0.32,1.2,0.2,0.08,0.06,0.12,0.0075,0.006735,0.3,0.25,0.1,,0.3,,,,,,,0.25,0.985205,0.112319,0.134085,0.000255,0.961452,0.419007,1.0,1.0,0.016667,0,,78,82,C04_S_THRESHOLD,,,,,102,,,,,20,0,0,0,,0,0,0,0,0.419007,,,0.248303,,,0,,0,0.0,0.0,0,65,80,65,25,40,0,0,0,65,59,59,0
grand_sim_v0_7,topology_misclassification_async,topology_drift,low_stress,8,10828,ring_mesh,star_adjacent,160,0.06,0.1,0.04,0.32,1.2,0.2,0.08,0.06,0.12,0.0075,0.006735,0.3,0.25,0.1,,0.3,,,,,,,0.25,0.985178,0.110669,0.144363,0.000187,0.962511,0.417569,1.0,1.0,0.016667,0,,80,80,C04_S_THRESHOLD,,,,,94,,,,,14,0,0,0,,0,0,0,0,0.417569,,,0.202248,,,0,,0,0.0,0.0,0,65,80,65,25,40,0,0,0,65,59,59,0
grand_sim_v0_7,topology_misclassification_async,topology_drift,low_stress,9,10829,ring_mesh,star_adjacent,160,0.06,0.1,0.04,0.32,1.2,0.2,0.08,0.06,0.12,0.0075,0.006735,0.3,0.25,0.1,,0.3,,,,,,,0.25,0.985438,0.126293,0.14047,0.00036,0.963479,0.422271,1.0,1.0,0.016667,0,,80,80,C04_S_THRESHOLD,,,,,85,,,,,5,0,0,0,,0,0,0,0,0.422271,,,0.202528,,,0,,0,0.0,0.0,0,65,80,65,25,40,0,0,0,65,59,59,0
grand_sim_v0_7,topology_misclassification_async,topology_drift,mid_stress,0,10830,ring_mesh,star_adjacent,160,0.1,0.08,0.06,0.29,1.6,0.12,0.1,0.08,0.16,0.0095,0.00791,0.3,0.25,0.1,,0.3,,,,,,,0.28,0.03,0.03,0.171227,0.999659,0.044766,0.155094,0.0,0.0,1.0,1,112,80,80,C04_S_THRESHOLD,110,112,,115,80,30,32,,35,0,1,0,0,,15,40,3,0,0.177681,,,0.09281,,,0,,0,0.0,0.0,0,65,80,65,25,40,0,0,0,65,59,59,0
grand_sim_v0_7,topology_misclassification_async,topology_drift,mid_stress,1,10831,ring_mesh,star_adjacent,160,0.1,0.08,0.06,0.29,1.6,0.12,0.1,0.08,0.16,0.0095,0.00791,0.3,0.25,0.1,,0.3,,,,,,,0.28,0.03,0.03,0.165701,1.0,0.043768,0.157324,0.0,0.0,1.0,1,109,80,80,C04_S_THRESHOLD,107,109,,112,80,27,29,,32,0,1,0,0,,10,42,2,0,0.169431,,,0.092442,,,0,,0,0.0,0.0,0,65,80,65,25,40,0,2,0,65,59,59,0
grand_sim_v0_7,topology_misclassification_async,topology_drift,mid_stress,2,10832,ring_mesh,star_adjacent,160,0.1,0.08,0.06,0.29,1.6,0.12,0.1,0.08,0.16,0.0095,0.00791,0.3,0.25,0.1,,0.3,,,,,,,0.28,0.03,0.03,0.164316,0.99978,0.048352,0.159576,0.0,0.0,1.0,1,115,80,80,C04_S_THRESHOLD,113,115,,117,80,33,35,,37,0,1,0,0,,17,39,14,9,0.171017,,,0.093419,,,0,,0,0.0,0.0,0,65,80,65,25,40,0,5,0,65,59,59,0
grand_sim_v0_7,topology_misclassification_async,topology_drift,mid_stress,3,10833,ring_mesh,star_adjacent,160,0.1,0.08,0.06,0.29,1.6,0.12,0.1,0.08,0.16,0.0095,0.00791,0.3,0.25,0.1,,0.3,,,,,,,0.28,0.03,0.03,0.170302,0.999734,0.045346,0.159443,0.0,0.0,1.0,1,114,80,80,C04_S_THRESHOLD,112,114,,115,80,32,34,,35,0,1,0,0,,15,40,3,0,0.168531,,,0.092793,,,0,,0,0.0,0.0,0,65,80,65,25,40,0,3,0,65,59,59,0
grand_sim_v0_7,topology_misclassification_async,topology_drift,mid_stress,4,10834,ring_mesh,star_adjacent,160,0.1,0.08,0.06,0.29,1.6,0.12,0.1,0.08,0.16,0.0095,0.00791,0.3,0.25,0.1,,0.3,,,,,,,0.28,0.03,0.03,0.171109,0.999848,0.041501,0.154377,0.0,0.0,1.0,1,110,80,80,C04_S_THRESHOLD,106,110,,111,80,26,30,,31,0,1,0,0,,9,43,2,0,0.171383,,,0.09217,,,0,,0,0.0,0.0,0,65,80,65,25,40,0,6,0,65,59,59,0
grand_sim_v0_7,topology_misclassification_async,topology_drift,mid_stress,5,10835,ring_mesh,star_adjacent,160,0.1,0.08,0.06,0.29,1.6,0.12,0.1,0.08,0.16,0.0095,0.00791,0.3,0.25,0.1,,0.3,,,,,,,0.28,0.03,0.03,0.165891,0.999492,0.050572,0.158396,0.0,0.0,1.0,1,114,80,80,C04_S_THRESHOLD,111,114,,117,80,31,34,,37,0,1,0,0,,15,37,4,0,0.173856,,,0.093479,,,0,,0,0.0,0.0,0,65,80,65,25,40,0,0,0,65,59,59,0
grand_sim_v0_7,topology_misclassification_async,topology_drift,mid_stress,6,10836,ring_mesh,star_adjacent,160,0.1,0.08,0.06,0.29,1.6,0.12,0.1,0.08,0.16,0.0095,0.00791,0.3,0.25,0.1,,0.3,,,,,,,0.28,0.03,0.03,0.16309,0.99976,0.04285,0.157581,0.0,0.0,1.0,1,110,80,80,C04_S_THRESHOLD,107,110,,112,80,27,30,,32,0,1,0,0,,10,42,3,0,0.17525,,,0.092431,,,0,,0,0.0,0.0,0,65,80,65,25,40,0,2,0,65,59,59,0
grand_sim_v0_7,topology_misclassification_async,topology_drift,mid_stress,7,10837,ring_mesh,star_adjacent,160,0.1,0.08,0.06,0.29,1.6,0.12,0.1,0.08,0.16,0.0095,0.00791,0.3,0.25,0.1,,0.3,,,,,,,0.28,0.03,0.03,0.161663,0.999378,0.047119,0.158606,0.0,0.0,1.0,1,112,80,80,C04_S_THRESHOLD,110,112,,114,80,30,32,,34,0,1,0,0,,13,39,3,0,0.178769,,,0.092924,,,0,,0,0.0,0.0,0,65,80,65,25,40,0,0,0,65,59,59,0
grand_sim_v0_7,topology_misclassification_async,topology_drift,mid_stress,8,10838,ring_mesh,star_adjacent,160,0.1,0.08,0.06,0.29,1.6,0.12,0.1,0.08,0.16,0.0095,0.00791,0.3,0.25,0.1,,0.3,,,,,,,0.28,0.03,0.03,0.17314,0.999972,0.044367,0.157634,0.0,0.0,1.0,1,113,80,80,C04_S_THRESHOLD,111,113,,115,80,31,33,,35,0,1,0,0,,15,40,3,0,0.169985,,,0.092832,,,0,,0,0.0,0.0,0,65,80,65,25,40,0,2,0,65,59,59,0
grand_sim_v0_7,topology_misclassification_async,topology_drift,mid_stress,9,10839,ring_mesh,star_adjacent,160,0.1,0.08,0.06,0.29,1.6,0.12,0.1,0.08,0.16,0.0095,0.00791,0.3,0.25,0.1,,0.3,,,,,,,0.28,0.03,0.03,0.186304,1.0,0.046174,0.155391,0.0,0.0,1.0,1,113,80,80,C04_S_THRESHOLD,108,113,,115,80,28,33,,35,0,1,0,0,,14,40,3,0,0.157016,,,0.092876,,,0,,0,0.0,0.0,0,65,80,65,25,40,0,2,0,65,59,59,0
grand_sim_v0_7,topology_misclassification_async,topology_drift,high_stress,0,10840,ring_mesh,star_adjacent,160,0.14,0.05,0.09,0.26,2.0,0.06,0.13,0.1,0.2,0.012,0.00998,0.3,0.25,0.1,,0.3,,,,,,,0.31,0.03,0.03,0.204239,1.0,0.0,0.141,0.0,0.0,1.0,1,33,130,30,C04_S_THRESHOLD,31,33,,34,37,1,3,,4,7,1,0,0,,0,120,0,0,0.152435,,,0.047588,,,0,,0,0.0,0.0,0,65,80,65,25,40,0,0,0,65,59,59,0
grand_sim_v0_7,topology_misclassification_async,topology_drift,high_stress,1,10841,ring_mesh,star_adjacent,160,0.14,0.05,0.09,0.26,2.0,0.06,0.13,0.1,0.2,0.012,0.00998,0.3,0.25,0.1,,0.3,,,,,,,0.31,0.03,0.03,0.198404,1.0,0.0,0.143484,0.0,0.0,1.0,1,31,131,29,C04_S_THRESHOLD,30,31,,32,36,1,2,,3,7,1,0,0,,0,121,0,0,0.153871,,,0.047853,,,0,,0,0.0,0.0,0,65,80,65,25,40,0,0,0,65,59,59,0
grand_sim_v0_7,topology_misclassification_async,topology_drift,high_stress,2,10842,ring_mesh,star_adjacent,160,0.14,0.05,0.09,0.26,2.0,0.06,0.13,0.1,0.2,0.012,0.00998,0.3,0.25,0.1,,0.3,,,,,,,0.31,0.03,0.03,0.182745,1.0,0.0,0.145555,0.0,0.0,1.0,1,35,129,31,C04_S_THRESHOLD,32,35,,35,38,1,4,,4,7,1,0,0,,0,119,0,0,0.160155,,,0.047768,,,0,,0,0.0,0.0,0,65,80,65,25,40,0,0,0,65,59,59,0
grand_sim_v0_7,topology_misclassification_async,topology_drift,high_stress,3,10843,ring_mesh,star_adjacent,160,0.14,0.05,0.09,0.26,2.0,0.06,0.13,0.1,0.2,0.012,0.00998,0.3,0.25,0.1,,0.3,,,,,,,0.31,0.03,0.03,0.19499,1.0,0.0,0.144068,0.0,0.0,1.0,1,34,130,30,C04_S_THRESHOLD,33,34,,36,38,3,4,,6,8,1,0,0,,0,119,2,2,0.16073,,,0.047655,,,0,,0,0.0,0.0,0,65,80,65,25,40,0,0,0,65,59,59,0
grand_sim_v0_7,topology_misclassification_async,topology_drift,high_stress,4,10844,ring_mesh,star_adjacent,160,0.14,0.05,0.09,0.26,2.0,0.06,0.13,0.1,0.2,0.012,0.00998,0.3,0.25,0.1,,0.3,,,,,,,0.31,0.03,0.03,0.195189,1.0,0.0,0.140206,0.0,0.0,1.0,1,32,130,30,C04_S_THRESHOLD,31,32,,33,36,1,2,,3,6,1,0,0,,0,122,0,0,0.161554,,,0.047776,,,0,,0,0.0,0.0,0,65,80,65,25,40,0,0,0,65,59,59,0
grand_sim_v0_7,topology_misclassification_async,topology_drift,high_stress,5,10845,ring_mesh,star_adjacent,160,0.14,0.05,0.09,0.26,2.0,0.06,0.13,0.1,0.2,0.012,0.00998,0.3,0.25,0.1,,0.3,,,,,,,0.31,0.03,0.03,0.206897,1.0,0.0,0.141791,0.0,0.0,1.0,1,32,130,30,C04_S_THRESHOLD,31,32,,34,38,1,2,,4,8,1,0,0,,0,121,0,0,0.157363,,,0.047649,,,0,,0,0.0,0.0,0,65,80,65,25,40,0,0,0,65,59,59,0
grand_sim_v0_7,topology_misclassification_async,topology_drift,high_stress,6,10846,ring_mesh,star_adjacent,160,0.14,0.05,0.09,0.26,2.0,0.06,0.13,0.1,0.2,0.012,0.00998,0.3,0.25,0.1,,0.3,,,,,,,0.31,0.03,0.03,0.229693,1.0,0.0,0.138311,0.0,0.0,1.0,1,33,131,29,C04_S_THRESHOLD,30,33,,33,36,1,4,,4,7,1,0,0,,0,122,0,0,0.140794,,,0.047592,,,0,,0,0.0,0.0,0,65,80,65,25,40,0,0,0,65,59,59,0
grand_sim_v0_7,topology_misclassification_async,topology_drift,high_stress,7,10847,ring_mesh,star_adjacent,160,0.14,0.05,0.09,0.26,2.0,0.06,0.13,0.1,0.2,0.012,0.00998,0.3,0.25,0.1,,0.3,,,,,,,0.31,0.03,0.03,0.183937,1.0,0.0,0.146013,0.0,0.0,1.0,1,31,131,29,C04_S_THRESHOLD,30,31,,32,36,1,2,,3,7,1,0,0,,0,122,1,1,0.160771,,,0.047739,,,0,,0,0.0,0.0,0,65,80,65,25,40,0,0,0,65,59,59,0
grand_sim_v0_7,topology_misclassification_async,topology_drift,high_stress,8,10848,ring_mesh,star_adjacent,160,0.14,0.05,0.09,0.26,2.0,0.06,0.13,0.1,0.2,0.012,0.00998,0.3,0.25,0.1,,0.3,,,,,,,0.31,0.03,0.03,0.196575,1.0,0.0,0.141242,0.0,0.0,1.0,1,34,130,30,C04_S_THRESHOLD,31,34,,34,37,1,4,,4,7,1,0,0,,0,120,0,0,0.15576,,,0.047624,,,0,,0,0.0,0.0,0,65,80,65,25,40,0,0,0,65,59,59,0
grand_sim_v0_7,topology_misclassification_async,topology_drift,high_stress,9,10849,ring_mesh,star_adjacent,160,0.14,0.05,0.09,0.26,2.0,0.06,0.13,0.1,0.2,0.012,0.00998,0.3,0.25,0.1,,0.3,,,,,,,0.31,0.03,0.03,0.208383,1.0,0.0,0.138858,0.0,0.0,1.0,1,31,131,29,C04_S_THRESHOLD,30,31,,33,36,1,2,,4,7,1,0,0,,0,122,0,0,0.155563,,,0.047547,,,0,,0,0.0,0.0,0,65,80,65,25,40,0,0,0,65,59,59,0
grand_sim_v0_7,topology_lag_governance_capture,topology_impact,low_stress,0,10850,ring_mesh,star_adjacent,160,0.06,0.1,0.04,0.32,1.2,0.2,0.08,0.06,0.12,0.0075,0.006735,0.3,0.25,0.1,,0.3,,,,,,,0.25,0.03,0.03,0.14824,0.28725,0.0,0.240313,0.0,0.0,1.0,1,105,80,80,C04_S_THRESHOLD,102,105,,110,80,22,25,,30,0,1,0,0,,97,47,80,0,0.276073,,,0.090356,,,0,,0,0.0,0.0,0,65,80,65,25,40,0,8,0,65,59,59,0
grand_sim_v0_7,topology_lag_governance_capture,topology_impact,low_stress,1,10851,ring_mesh,star_adjacent,160,0.06,0.1,0.04,0.32,1.2,0.2,0.08,0.06,0.12,0.0075,0.006735,0.3,0.25,0.1,,0.3,,,,,,,0.25,0.03,0.03,0.151763,0.319875,0.0,0.233525,0.0,0.0,1.0,1,106,80,80,C04_S_THRESHOLD,101,106,,110,80,21,26,,30,0,1,0,0,,97,46,80,3,0.265629,,,0.088749,,,0,,0,0.0,0.0,0,65,80,65,25,40,0,6,0,65,59,59,0
grand_sim_v0_7,topology_lag_governance_capture,topology_impact,low_stress,2,10852,ring_mesh,star_adjacent,160,0.06,0.1,0.04,0.32,1.2,0.2,0.08,0.06,0.12,0.0075,0.006735,0.3,0.25,0.1,,0.3,,,,,,,0.25,0.03,0.03,0.1641,0.311724,0.0,0.233143,0.0,0.0,1.0,1,104,80,80,C04_S_THRESHOLD,101,104,,109,80,21,24,,29,0,1,0,0,,97,48,80,1,0.263401,,,0.091865,,,0,,0,0.0,0.0,0,65,80,65,25,40,0,9,0,65,59,59,0
grand_sim_v0_7,topology_lag_governance_capture,topology_impact,low_stress,3,10853,ring_mesh,star_adjacent,160,0.06,0.1,0.04,0.32,1.2,0.2,0.08,0.06,0.12,0.0075,0.006735,0.3,0.25,0.1,,0.3,,,,,,,0.25,0.03,0.03,0.169318,0.359891,0.0,0.224749,0.0,0.0,1.0,1,105,80,80,C04_S_THRESHOLD,101,105,,110,80,21,25,,30,0,1,0,0,,97,47,80,0,0.251173,,,0.090012,,,0,,0,0.0,0.0,0,65,80,65,25,40,0,2,0,65,59,59,0
grand_sim_v0_7,topology_lag_governance_capture,topology_impact,low_stress,4,10854,ring_mesh,star_adjacent,160,0.06,0.1,0.04,0.32,1.2,0.2,0.08,0.06,0.12,0.0075,0.006735,0.3,0.25,0.1,,0.3,,,,,,,0.25,0.03,0.03,0.159803,0.344764,0.0,0.230999,0.0,0.0,1.0,1,105,80,80,C04_S_THRESHOLD,103,105,,111,80,23,25,,31,0,1,0,0,,97,46,80,0,0.252235,,,0.091025,,,0,,0,0.0,0.0,0,65,80,65,25,40,0,8,0,65,59,59,0
grand_sim_v0_7,topology_lag_governance_capture,topology_impact,low_stress,5,10855,ring_mesh,star_adjacent,160,0.06,0.1,0.04,0.32,1.2,0.2,0.08,0.06,0.12,0.0075,0.006735,0.3,0.25,0.1,,0.3,,,,,,,0.25,0.03,0.03,0.143179,0.307176,0.0,0.237309,0.0,0.0,1.0,1,104,80,80,C04_S_THRESHOLD,102,104,,110,80,22,24,,30,0,1,0,0,,97,46,80,0,0.271826,,,0.091181,,,0,,0,0.0,0.0,0,65,80,65,25,40,0,7,0,65,59,59,0
grand_sim_v0_7,topology_lag_governance_capture,topology_impact,low_stress,6,10856,ring_mesh,star_adjacent,160,0.06,0.1,0.04,0.32,1.2,0.2,0.08,0.06,0.12,0.0075,0.006735,0.3,0.25,0.1,,0.3,,,,,,,0.25,0.03,0.03,0.158451,0.329966,0.0,0.234152,0.0,0.0,1.0,1,105,80,80,C04_S_THRESHOLD,102,105,,110,80,22,25,,30,0,1,0,0,,97,48,80,0,0.263784,,,0.089205,,,0,,0,0.0,0.0,0,65,80,65,25,40,0,0,0,65,59,59,0
grand_sim_v0_7,topology_lag_governance_capture,topology_impact,low_stress,7,10857,ring_mesh,star_adjacent,160,0.06,0.1,0.04,0.32,1.2,0.2,0.08,0.06,0.12,0.0075,0.006735,0.3,0.25,0.1,,0.3,,,,,,,0.25,0.03,0.03,0.158423,0.335869,0.0,0.230631,0.0,0.0,1.0,1,102,80,80,C04_S_THRESHOLD,98,102,,107,80,18,22,,27,0,1,0,0,,97,49,80,0,0.261213,,,0.086874,,,0,,0,0.0,0.0,0,65,80,65,25,40,0,5,0,65,59,59,0
grand_sim_v0_7,topology_lag_governance_capture,topology_impact,low_stress,8,10858,ring_mesh,star_adjacent,160,0.06,0.1,0.04,0.32,1.2,0.2,0.08,0.06,0.12,0.0075,0.006735,0.3,0.25,0.1,,0.3,,,,,,,0.25,0.03,0.03,0.140329,0.306724,0.0,0.236421,0.0,0.0,1.0,1,107,80,80,C04_S_THRESHOLD,103,107,,111,80,23,27,,31,0,1,0,0,,97,48,80,0,0.27191,,,0.09115,,,0,,0,0.0,0.0,0,65,80,65,25,40,0,6,0,65,59,59,0
grand_sim_v0_7,topology_lag_governance_capture,topology_impact,low_stress,9,10859,ring_mesh,star_adjacent,160,0.06,0.1,0.04,0.32,1.2,0.2,0.08,0.06,0.12,0.0075,0.006735,0.3,0.25,0.1,,0.3,,,,,,,0.25,0.03,0.03,0.15111,0.326536,0.0,0.230415,0.0,0.0,1.0,1,105,80,80,C04_S_THRESHOLD,101,103,,110,80,21,23,,30,0,1,0,0,,97,47,80,0,0.269051,,,0.091007,,,0,,0,0.0,0.0,0,65,80,65,25,40,0,1,0,65,59,59,0
grand_sim_v0_7,topology_lag_governance_capture,topology_impact,mid_stress,0,10860,ring_mesh,star_adjacent,160,0.1,0.08,0.06,0.29,1.6,0.12,0.1,0.08,0.16,0.0095,0.00791,0.3,0.25,0.1,,0.3,,,,,,,0.28,0.03,0.03,0.170263,0.999685,0.0,0.145937,0.0,0.0,1.0,1,87,80,80,C04_S_THRESHOLD,86,87,,93,80,6,7,,13,0,1,0,0,,94,68,79,3,0.167014,,,0.048716,,,0,,0,0.0,0.0,0,65,80,65,25,40,0,16,0,65,59,59,0
grand_sim_v0_7,topology_lag_governance_capture,topology_impact,mid_stress,1,10861,ring_mesh,star_adjacent,160,0.1,0.08,0.06,0.29,1.6,0.12,0.1,0.08,0.16,0.0095,0.00791,0.3,0.25,0.1,,0.3,,,,,,,0.28,0.03,0.03,0.171422,0.99987,0.0,0.145214,0.0,0.0,1.0,1,87,80,80,C04_S_THRESHOLD,86,87,,92,80,6,7,,12,0,1,0,0,,94,68,79,0,0.15859,,,0.048832,,,0,,0,0.0,0.0,0,65,80,65,25,40,0,6,0,65,59,59,0
grand_sim_v0_7,topology_lag_governance_capture,topology_impact,mid_stress,2,10862,ring_mesh,star_adjacent,160,0.1,0.08,0.06,0.29,1.6,0.12,0.1,0.08,0.16,0.0095,0.00791,0.3,0.25,0.1,,0.3,,,,,,,0.28,0.03,0.03,0.173883,0.999459,0.0,0.145972,0.0,0.0,1.0,1,87,80,80,C04_S_THRESHOLD,86,87,,92,80,6,7,,12,0,1,0,0,,94,68,79,0,0.166309,,,0.048753,,,0,,0,0.0,0.0,0,65,80,65,25,40,0,3,0,65,59,59,0
grand_sim_v0_7,topology_lag_governance_capture,topology_impact,mid_stress,3,10863,ring_mesh,star_adjacent,160,0.1,0.08,0.06,0.29,1.6,0.12,0.1,0.08,0.16,0.0095,0.00791,0.3,0.25,0.1,,0.3,,,,,,,0.28,0.03,0.03,0.179978,1.0,0.0,0.145326,0.0,0.0,1.0,1,86,80,80,C04_S_THRESHOLD,85,86,,91,80,5,6,,11,0,1,0,0,,94,68,79,0,0.1561,,,0.048961,,,0,,0,0.0,0.0,0,65,80,65,25,40,0,9,0,65,59,59,0
grand_sim_v0_7,topology_lag_governance_capture,topology_impact,mid_stress,4,10864,ring_mesh,star_adjacent,160,0.1,0.08,0.06,0.29,1.6,0.12,0.1,0.08,0.16,0.0095,0.00791,0.3,0.25,0.1,,0.3,,,,,,,0.28,0.03,0.03,0.169963,0.999849,0.0,0.147391,0.0,0.0,1.0,1,87,80,80,C04_S_THRESHOLD,86,87,,92,80,6,7,,12,0,1,0,0,,94,67,79,0,0.163665,,,0.048968,,,0,,0,0.0,0.0,0,65,80,65,25,40,0,7,0,65,59,59,0
grand_sim_v0_7,topology_lag_governance_capture,topology_impact,mid_stress,5,10865,ring_mesh,star_adjacent,160,0.1,0.08,0.06,0.29,1.6,0.12,0.1,0.08,0.16,0.0095,0.00791,0.3,0.25,0.1,,0.3,,,,,,,0.28,0.03,0.03,0.179927,0.999952,0.0,0.142346,0.0,0.0,1.0,1,87,80,80,C04_S_THRESHOLD,86,87,,94,80,6,7,,14,0,1,0,0,,94,65,79,0,0.162035,,,0.048632,,,0,,0,0.0,0.0,0,65,80,65,25,40,0,4,0,65,59,59,0
grand_sim_v0_7,topology_lag_governance_capture,topology_impact,mid_stress,6,10866,ring_mesh,star_adjacent,160,0.1,0.08,0.06,0.29,1.6,0.12,0.1,0.08,0.16,0.0095,0.00791,0.3,0.25,0.1,,0.3,,,,,,,0.28,0.03,0.03,0.167448,0.999923,0.0,0.146767,0.0,0.0,1.0,1,86,80,80,C04_S_THRESHOLD,85,86,,91,80,5,6,,11,0,1,0,0,,94,68,79,1,0.162061,,,0.048659,,,0,,0,0.0,0.0,0,65,80,65,25,40,0,6,0,65,59,59,0
grand_sim_v0_7,topology_lag_governance_capture,topology_impact,mid_stress,7,10867,ring_mesh,star_adjacent,160,0.1,0.08,0.06,0.29,1.6,0.12,0.1,0.08,0.16,0.0095,0.00791,0.3,0.25,0.1,,0.3,,,,,,,0.28,0.03,0.03,0.178627,1.0,0.0,0.14799,0.0,0.0,1.0,1,86,80,80,C04_S_THRESHOLD,84,86,,91,80,4,6,,11,0,1,0,0,,94,68,79,0,0.155918,,,0.048845,,,0,,0,0.0,0.0,0,65,80,65,25,40,0,13,0,65,59,59,0
grand_sim_v0_7,topology_lag_governance_capture,topology_impact,mid_stress,8,10868,ring_mesh,star_adjacent,160,0.1,0.08,0.06,0.29,1.6,0.12,0.1,0.08,0.16,0.0095,0.00791,0.3,0.25,0.1,,0.3,,,,,,,0.28,0.03,0.03,0.163589,0.999533,0.0,0.145735,0.0,0.0,1.0,1,86,80,80,C04_S_THRESHOLD,86,86,,93,80,6,6,,13,0,1,0,0,,94,67,79,0,0.169663,,,0.048786,,,0,,0,0.0,0.0,0,65,80,65,25,40,0,2,0,65,59,59,0
grand_sim_v0_7,topology_lag_governance_capture,topology_impact,mid_stress,9,10869,ring_mesh,star_adjacent,160,0.1,0.08,0.06,0.29,1.6,0.12,0.1,0.08,0.16,0.0095,0.00791,0.3,0.25,0.1,,0.3,,,,,,,0.28,0.03,0.03,0.163271,0.999327,0.0,0.148166,0.0,0.0,1.0,1,87,80,80,C04_S_THRESHOLD,85,87,,92,80,5,7,,12,0,1,0,0,,94,68,79,0,0.173239,,,0.048902,,,0,,0,0.0,0.0,0,65,80,65,25,40,0,10,0,65,59,59,0
grand_sim_v0_7,topology_lag_governance_capture,topology_impact,high_stress,0,10870,ring_mesh,star_adjacent,160,0.14,0.05,0.09,0.26,2.0,0.06,0.13,0.1,0.2,0.012,0.00998,0.3,0.25,0.1,,0.3,,,,,,,0.31,0.03,0.03,0.208084,1.0,0.0,0.138536,0.0,0.0,1.0,1,33,131,29,C04_S_THRESHOLD,30,33,,33,36,1,4,,4,7,1,0,0,,70,122,34,0,0.155414,,,0.047405,,,0,,0,0.0,0.0,0,65,80,65,25,40,0,0,0,65,59,59,0
grand_sim_v0_7,topology_lag_governance_capture,topology_impact,high_stress,1,10871,ring_mesh,star_adjacent,160,0.14,0.05,0.09,0.26,2.0,0.06,0.13,0.1,0.2,0.012,0.00998,0.3,0.25,0.1,,0.3,,,,,,,0.31,0.03,0.03,0.203341,1.0,0.0,0.14038,0.0,0.0,1.0,1,34,130,30,C04_S_THRESHOLD,32,34,,34,37,2,4,,4,7,1,0,0,,73,120,39,2,0.15713,,,0.047442,,,0,,0,0.0,0.0,0,65,80,65,25,40,0,0,0,65,59,59,0
grand_sim_v0_7,topology_lag_governance_capture,topology_impact,high_stress,2,10872,ring_mesh,star_adjacent,160,0.14,0.05,0.09,0.26,2.0,0.06,0.13,0.1,0.2,0.012,0.00998,0.3,0.25,0.1,,0.3,,,,,,,0.31,0.03,0.03,0.224133,1.0,0.0,0.137748,0.0,0.0,1.0,1,34,131,29,C04_S_THRESHOLD,30,34,,33,37,1,5,,4,8,1,0,0,,70,119,35,1,0.150321,,,0.04754,,,0,,0,0.0,0.0,0,65,80,65,25,40,0,0,0,65,59,59,0
grand_sim_v0_7,topology_lag_governance_capture,topology_impact,high_stress,3,10873,ring_mesh,star_adjacent,160,0.14,0.05,0.09,0.26,2.0,0.06,0.13,0.1,0.2,0.012,0.00998,0.3,0.25,0.1,,0.3,,,,,,,0.31,0.03,0.03,0.21087,1.0,0.0,0.137279,0.0,0.0,1.0,1,32,131,29,C04_S_THRESHOLD,31,32,,33,36,2,3,,4,7,1,0,0,,72,122,45,9,0.15313,,,0.04764,,,0,,0,0.0,0.0,0,65,80,65,25,40,0,0,0,65,59,59,0
grand_sim_v0_7,topology_lag_governance_capture,topology_impact,high_stress,4,10874,ring_mesh,star_adjacent,160,0.14,0.05,0.09,0.26,2.0,0.06,0.13,0.1,0.2,0.012,0.00998,0.3,0.25,0.1,,0.3,,,,,,,0.31,0.03,0.03,0.228312,1.0,0.0,0.137644,0.0,0.0,1.0,1,35,128,32,C04_S_THRESHOLD,34,35,,36,38,2,3,,4,6,1,0,0,,74,121,39,1,0.143859,,,0.047624,,,0,,0,0.0,0.0,0,65,80,65,25,40,0,0,0,65,59,59,0
grand_sim_v0_7,topology_lag_governance_capture,topology_impact,high_stress,5,10875,ring_mesh,star_adjacent,160,0.14,0.05,0.09,0.26,2.0,0.06,0.13,0.1,0.2,0.012,0.00998,0.3,0.25,0.1,,0.3,,,,,,,0.31,0.03,0.03,0.229382,1.0,0.0,0.137493,0.0,0.0,1.0,1,32,131,29,C04_S_THRESHOLD,30,32,,33,36,1,3,,4,7,1,0,0,,69,122,35,2,0.14533,,,0.0476,,,0,,0,0.0,0.0,0,65,80,65,25,40,0,0,0,65,59,59,0
grand_sim_v0_7,topology_lag_governance_capture,topology_impact,high_stress,6,10876,ring_mesh,star_adjacent,160,0.14,0.05,0.09,0.26,2.0,0.06,0.13,0.1,0.2,0.012,0.00998,0.3,0.25,0.1,,0.3,,,,,,,0.31,0.03,0.03,0.205764,1.0,0.0,0.141816,0.0,0.0,1.0,1,34,131,29,C04_S_THRESHOLD,32,34,,33,37,3,5,,4,8,1,0,0,,70,123,36,2,0.153247,,,0.047409,,,0,,0,0.0,0.0,0,65,80,65,25,40,0,0,0,65,59,59,0
grand_sim_v0_7,topology_lag_governance_capture,topology_impact,high_stress,7,10877,ring_mesh,star_adjacent,160,0.14,0.05,0.09,0.26,2.0,0.06,0.13,0.1,0.2,0.012,0.00998,0.3,0.25,0.1,,0.3,,,,,,,0.31,0.03,0.03,0.216576,1.0,0.0,0.13902,0.0,0.0,1.0,1,32,131,29,C04_S_THRESHOLD,31,32,,33,36,2,3,,4,7,1,0,0,,72,120,36,0,0.150456,,,0.047429,,,0,,0,0.0,0.0,0,65,80,65,25,40,0,0,0,65,59,59,0
grand_sim_v0_7,topology_lag_governance_capture,topology_impact,high_stress,8,10878,ring_mesh,star_adjacent,160,0.14,0.05,0.09,0.26,2.0,0.06,0.13,0.1,0.2,0.012,0.00998,0.3,0.25,0.1,,0.3,,,,,,,0.31,0.03,0.03,0.208009,1.0,0.0,0.141825,0.0,0.0,1.0,1,33,131,29,C04_S_THRESHOLD,31,33,,33,37,2,4,,4,8,1,0,0,,71,122,35,0,0.153065,,,0.047682,,,0,,0,0.0,0.0,0,65,80,65,25,40,0,0,0,65,59,59,0
grand_sim_v0_7,topology_lag_governance_capture,topology_impact,high_stress,9,10879,ring_mesh,star_adjacent,160,0.14,0.05,0.09,0.26,2.0,0.06,0.13,0.1,0.2,0.012,0.00998,0.3,0.25,0.1,,0.3,,,,,,,0.31,0.03,0.03,0.219525,1.0,0.0,0.140026,0.0,0.0,1.0,1,34,129,31,C04_S_THRESHOLD,32,34,,35,38,1,3,,4,7,1,0,0,,74,120,43,4,0.146192,,,0.047471,,,0,,0,0.0,0.0,0,65,80,65,25,40,0,0,0,65,59,59,0
grand_sim_v0_7,topology_lag_resource_cascade,topology_impact,low_stress,0,10880,ring_mesh,star_adjacent,160,0.06,0.1,0.04,0.32,1.2,0.2,0.08,0.06,0.12,0.0075,0.006735,0.3,0.25,0.1,,0.3,,,,,,,0.25,0.03,0.03,0.1952,0.54325,0.0,0.1929,0.0,0.0,1.0,1,65,102,58,C04_S_THRESHOLD,64,65,,71,65,6,7,,13,7,1,0,76,64,20,88,13,2,0.25037,,,0.066405,,,75,69,91,0.020286,0.008366,160,65,80,65,25,40,5,10,0,65,59,59,0
grand_sim_v0_7,topology_lag_resource_cascade,topology_impact,low_stress,1,10881,ring_mesh,star_adjacent,160,0.06,0.1,0.04,0.32,1.2,0.2,0.08,0.06,0.12,0.0075,0.006735,0.3,0.25,0.1,,0.3,,,,,,,0.25,0.03,0.03,0.214552,0.589539,0.0,0.185981,0.0,0.0,1.0,1,64,102,58,C04_S_THRESHOLD,62,64,,69,64,4,6,,11,6,1,0,77,63,20,90,10,0,0.224357,,,0.066225,,,76,68,92,0.020745,0.008212,160,65,80,65,25,40,4,3,0,65,59,59,0
grand_sim_v0_7,topology_lag_resource_cascade,topology_impact,low_stress,2,10882,ring_mesh,star_adjacent,160,0.06,0.1,0.04,0.32,1.2,0.2,0.08,0.06,0.12,0.0075,0.006735,0.3,0.25,0.1,,0.3,,,,,,,0.25,0.03,0.03,0.188005,0.537024,0.0,0.198898,0.0,0.0,1.0,1,64,102,58,C04_S_THRESHOLD,61,64,,68,64,3,6,,10,6,1,0,77,63,20,91,11,0,0.248287,,,0.065632,,,76,68,92,0.020798,0.008063,160,65,80,65,25,40,5,3,0,65,59,59,0
grand_sim_v0_7,topology_lag_resource_cascade,topology_impact,low_stress,3,10883,ring_mesh,star_adjacent,160,0.06,0.1,0.04,0.32,1.2,0.2,0.08,0.06,0.12,0.0075,0.006735,0.3,0.25,0.1,,0.3,,,,,,,0.25,0.03,0.03,0.192465,0.510543,0.0,0.20182,0.0,0.0,1.0,1,65,101,59,C04_S_THRESHOLD,63,65,,71,65,4,6,,12,6,1,0,76,64,20,89,11,0,0.242097,,,0.065288,,,75,70,90,0.020356,0.008321,160,65,80,65,25,40,5,6,0,65,59,59,0
grand_sim_v0_7,topology_lag_resource_cascade,topology_impact,low_stress,4,10884,ring_mesh,star_adjacent,160,0.06,0.1,0.04,0.32,1.2,0.2,0.08,0.06,0.12,0.0075,0.006735,0.3,0.25,0.1,,0.3,,,,,,,0.25,0.03,0.03,0.197303,0.591074,0.0,0.186367,0.0,0.0,1.0,1,63,103,57,C04_S_THRESHOLD,60,63,,69,64,3,6,,12,7,1,0,78,62,20,90,11,0,0.231801,,,0.066417,,,77,67,93,0.020775,0.00816,160,65,80,65,25,40,5,4,0,65,59,59,0
grand_sim_v0_7,topology_lag_resource_cascade,topology_impact,low_stress,5,10885,ring_mesh,star_adjacent,160,0.06,0.1,0.04,0.32,1.2,0.2,0.08,0.06,0.12,0.0075,0.006735,0.3,0.25,0.1,,0.3,,,,,,,0.25,0.03,0.03,0.199524,0.589556,0.0,0.188142,0.0,0.0,1.0,1,64,102,58,C04_S_THRESHOLD,62,64,,69,64,4,6,,11,6,1,0,77,63,20,91,11,0,0.232312,,,0.066034,,,76,68,92,0.020762,0.008307,160,65,80,65,25,40,5,5,0,65,59,59,0
grand_sim_v0_7,topology_lag_resource_cascade,topology_impact,low_stress,6,10886,ring_mesh,star_adjacent,160,0.06,0.1,0.04,0.32,1.2,0.2,0.08,0.06,0.12,0.0075,0.006735,0.3,0.25,0.1,,0.3,,,,,,,0.25,0.03,0.03,0.207045,0.542984,0.0,0.188929,0.0,0.0,1.0,1,64,102,58,C04_S_THRESHOLD,64,64,,71,65,6,6,,13,7,1,0,75,65,20,90,11,0,0.24703,,,0.066243,,,74,71,89,0.020523,0.00829,160,65,80,65,25,40,5,8,0,65,59,59,0
grand_sim_v0_7,topology_lag_resource_cascade,topology_impact,low_stress,7,10887,ring_mesh,star_adjacent,160,0.06,0.1,0.04,0.32,1.2,0.2,0.08,0.06,0.12,0.0075,0.006735,0.3,0.25,0.1,,0.3,,,,,,,0.25,0.03,0.03,0.211563,0.570422,0.0,0.186109,0.0,0.0,1.0,1,64,102,58,C04_S_THRESHOLD,62,64,,70,64,4,6,,12,6,1,0,77,63,20,90,11,0,0.226306,,,0.065623,,,76,68,92,0.020692,0.008154,160,65,80,65,25,40,5,6,0,65,59,59,0
grand_sim_v0_7,topology_lag_resource_cascade,topology_impact,low_stress,8,10888,ring_mesh,star_adjacent,160,0.06,0.1,0.04,0.32,1.2,0.2,0.08,0.06,0.12,0.0075,0.006735,0.3,0.25,0.1,,0.3,,,,,,,0.25,0.03,0.03,0.191407,0.541712,0.0,0.198417,0.0,0.0,1.0,1,64,102,58,C04_S_THRESHOLD,60,64,,70,64,2,6,,12,6,1,0,77,63,20,89,11,0,0.248268,,,0.066296,,,76,68,92,0.020605,0.00864,160,65,80,65,25,40,5,5,0,65,59,59,0
grand_sim_v0_7,topology_lag_resource_cascade,topology_impact,low_stress,9,10889,ring_mesh,star_adjacent,160,0.06,0.1,0.04,0.32,1.2,0.2,0.08,0.06,0.12,0.0075,0.006735,0.3,0.25,0.1,,0.3,,,,,,,0.25,0.03,0.03,0.198112,0.541337,0.0,0.195807,0.0,0.0,1.0,1,64,102,58,C04_S_THRESHOLD,62,64,,70,64,4,6,,12,6,1,0,77,63,20,90,11,0,0.245723,,,0.068571,,,76,68,92,0.020596,0.008215,160,65,80,65,25,40,5,12,0,65,59,59,0
grand_sim_v0_7,topology_lag_resource_cascade,topology_impact,mid_stress,0,10890,ring_mesh,star_adjacent,160,0.1,0.08,0.06,0.29,1.6,0.12,0.1,0.08,0.16,0.0095,0.00791,0.3,0.25,0.1,,0.3,,,,,,,0.28,0.03,0.03,0.231309,1.0,0.0,0.133312,0.0,0.0,1.0,1,47,117,43,C04_S_THRESHOLD,46,47,,49,47,3,4,,6,4,1,0,89,53,20,111,8,4,0.154714,,,0.037309,,,89,54,106,0.020525,0.008298,160,65,80,65,25,40,0,0,0,65,59,59,0
grand_sim_v0_7,topology_lag_resource_cascade,topology_impact,mid_stress,1,10891,ring_mesh,star_adjacent,160,0.1,0.08,0.06,0.29,1.6,0.12,0.1,0.08,0.16,0.0095,0.00791,0.3,0.25,0.1,,0.3,,,,,,,0.28,0.03,0.03,0.230649,1.0,0.0,0.13573,0.0,0.0,1.0,1,47,117,43,C04_S_THRESHOLD,46,47,,49,47,3,4,,6,4,1,0,89,53,20,111,8,6,0.150828,,,0.037311,,,89,55,105,0.020463,0.008276,160,65,80,65,25,40,0,2,0,65,59,59,0
grand_sim_v0_7,topology_lag_resource_cascade,topology_impact,mid_stress,2,10892,ring_mesh,star_adjacent,160,0.1,0.08,0.06,0.29,1.6,0.12,0.1,0.08,0.16,0.0095,0.00791,0.3,0.25,0.1,,0.3,,,,,,,0.28,0.03,0.03,0.228002,1.0,0.0,0.135145,0.0,0.0,1.0,1,46,117,43,C04_S_THRESHOLD,46,46,,49,47,3,3,,6,4,1,0,89,53,20,111,7,4,0.150887,,,0.037318,,,89,54,106,0.020507,0.008299,160,65,80,65,25,40,0,0,0,65,59,59,0
grand_sim_v0_7,topology_lag_resource_cascade,topology_impact,mid_stress,3,10893,ring_mesh,star_adjacent,160,0.1,0.08,0.06,0.29,1.6,0.12,0.1,0.08,0.16,0.0095,0.00791,0.3,0.25,0.1,,0.3,,,,,,,0.28,0.03,0.03,0.253902,1.0,0.0,0.131186,0.0,0.0,1.0,1,47,117,43,C04_S_THRESHOLD,46,47,,50,47,3,4,,7,4,1,0,90,53,20,110,7,4,0.141545,,,0.037177,,,90,55,105,0.020489,0.008291,160,65,80,65,25,40,0,4,0,65,59,59,0
grand_sim_v0_7,topology_lag_resource_cascade,topology_impact,mid_stress,4,10894,ring_mesh,star_adjacent,160,0.1,0.08,0.06,0.29,1.6,0.12,0.1,0.08,0.16,0.0095,0.00791,0.3,0.25,0.1,,0.3,,,,,,,0.28,0.03,0.03,0.244878,1.0,0.0,0.132236,0.0,0.0,1.0,1,47,117,43,C04_S_THRESHOLD,46,47,,49,47,3,4,,6,4,1,0,89,53,20,112,8,5,0.14537,,,0.037212,,,89,54,106,0.020513,0.00831,160,65,80,65,25,40,0,1,0,65,59,59,0
grand_sim_v0_7,topology_lag_resource_cascade,topology_impact,mid_stress,5,10895,ring_mesh,star_adjacent,160,0.1,0.08,0.06,0.29,1.6,0.12,0.1,0.08,0.16,0.0095,0.00791,0.3,0.25,0.1,,0.3,,,,,,,0.28,0.03,0.03,0.236514,1.0,0.0,0.126996,0.0,0.0,1.0,1,47,117,43,C04_S_THRESHOLD,46,47,,49,47,3,4,,6,4,1,0,89,53,20,111,7,7,0.153329,,,0.037309,,,89,55,105,0.020516,0.008312,160,65,80,65,25,40,0,1,0,65,59,59,0
grand_sim_v0_7,topology_lag_resource_cascade,topology_impact,mid_stress,6,10896,ring_mesh,star_adjacent,160,0.1,0.08,0.06,0.29,1.6,0.12,0.1,0.08,0.16,0.0095,0.00791,0.3,0.25,0.1,,0.3,,,,,,,0.28,0.03,0.03,0.232294,1.0,0.0,0.135418,0.0,0.0,1.0,1,47,117,43,C04_S_THRESHOLD,46,47,,49,47,3,4,,6,4,1,0,89,53,20,111,8,5,0.156867,,,0.037325,,,89,54,106,0.020467,0.008282,160,65,80,65,25,40,0,0,0,65,59,59,0
grand_sim_v0_7,topology_lag_resource_cascade,topology_impact,mid_stress,7,10897,ring_mesh,star_adjacent,160,0.1,0.08,0.06,0.29,1.6,0.12,0.1,0.08,0.16,0.0095,0.00791,0.3,0.25,0.1,,0.3,,,,,,,0.28,0.03,0.03,0.248409,1.0,0.0,0.132074,0.0,0.0,1.0,1,46,117,43,C04_S_THRESHOLD,45,46,,49,46,2,3,,6,3,1,0,89,53,19,112,8,7,0.145436,,,0.037318,,,89,55,105,0.020451,0.008283,160,65,80,65,25,40,0,1,0,65,59,59,0
grand_sim_v0_7,topology_lag_resource_cascade,topology_impact,mid_stress,8,10898,ring_mesh,star_adjacent,160,0.1,0.08,0.06,0.29,1.6,0.12,0.1,0.08,0.16,0.0095,0.00791,0.3,0.25,0.1,,0.3,,,,,,,0.28,0.03,0.03,0.251309,1.0,0.0,0.133185,0.0,0.0,1.0,1,47,117,43,C04_S_THRESHOLD,46,47,,49,46,3,4,,6,3,1,0,89,53,19,112,7,4,0.14601,,,0.037227,,,89,55,105,0.02047,0.008279,160,65,80,65,25,40,0,0,0,65,59,59,0
grand_sim_v0_7,topology_lag_resource_cascade,topology_impact,mid_stress,9,10899,ring_mesh,star_adjacent,160,0.1,0.08,0.06,0.29,1.6,0.12,0.1,0.08,0.16,0.0095,0.00791,0.3,0.25,0.1,,0.3,,,,,,,0.28,0.03,0.03,0.233476,1.0,0.0,0.133484,0.0,0.0,1.0,1,47,117,43,C04_S_THRESHOLD,46,47,,49,47,3,4,,6,4,1,0,89,53,20,111,7,6,0.157078,,,0.037202,,,89,54,106,0.02048,0.008285,160,65,80,65,25,40,0,0,0,65,59,59,0
grand_sim_v0_7,topology_lag_resource_cascade,topology_impact,high_stress,0,10900,ring_mesh,star_adjacent,160,0.14,0.05,0.09,0.26,2.0,0.06,0.13,0.1,0.2,0.012,0.00998,0.3,0.25,0.1,,0.3,,,,,,,0.31,0.03,0.03,0.323163,1.0,0.0,0.118212,0.0,0.0,1.0,1,27,136,24,C04_S_THRESHOLD,26,27,,27,28,2,3,,3,4,1,0,114,32,0,130,6,6,0.139574,,,0.032798,,,114,32,128,0.020611,0.008315,160,65,80,65,25,40,0,0,0,65,59,59,0
grand_sim_v0_7,topology_lag_resource_cascade,topology_impact,high_stress,1,10901,ring_mesh,star_adjacent,160,0.14,0.05,0.09,0.26,2.0,0.06,0.13,0.1,0.2,0.012,0.00998,0.3,0.25,0.1,,0.3,,,,,,,0.31,0.03,0.03,0.327291,1.0,0.0,0.117054,0.0,0.0,1.0,1,26,136,24,C04_S_THRESHOLD,25,26,,27,28,1,2,,3,4,1,0,115,31,0,130,1,1,0.141586,,,0.032432,,,115,32,128,0.020669,0.008362,160,65,80,65,25,40,0,0,0,65,59,59,0
grand_sim_v0_7,topology_lag_resource_cascade,topology_impact,high_stress,2,10902,ring_mesh,star_adjacent,160,0.14,0.05,0.09,0.26,2.0,0.06,0.13,0.1,0.2,0.012,0.00998,0.3,0.25,0.1,,0.3,,,,,,,0.31,0.03,0.03,0.319964,1.0,0.0,0.119789,0.0,0.0,1.0,1,26,136,24,C04_S_THRESHOLD,25,26,,27,28,1,2,,3,4,1,0,115,31,0,130,3,3,0.133787,,,0.032856,,,115,32,128,0.02066,0.008359,160,65,80,65,25,40,0,0,0,65,59,59,0
grand_sim_v0_7,topology_lag_resource_cascade,topology_impact,high_stress,3,10903,ring_mesh,star_adjacent,160,0.14,0.05,0.09,0.26,2.0,0.06,0.13,0.1,0.2,0.012,0.00998,0.3,0.25,0.1,,0.3,,,,,,,0.31,0.03,0.03,0.308647,1.0,0.0,0.121049,0.0,0.0,1.0,1,28,135,25,C04_S_THRESHOLD,27,28,,28,29,2,3,,3,4,1,0,115,31,0,129,6,6,0.14137,,,0.032612,,,115,32,128,0.020649,0.008365,160,65,80,65,25,40,0,0,0,65,59,59,0
grand_sim_v0_7,topology_lag_resource_cascade,topology_impact,high_stress,4,10904,ring_mesh,star_adjacent,160,0.14,0.05,0.09,0.26,2.0,0.06,0.13,0.1,0.2,0.012,0.00998,0.3,0.25,0.1,,0.3,,,,,,,0.31,0.03,0.03,0.299088,1.0,0.0,0.12312,0.0,0.0,1.0,1,27,136,24,C04_S_THRESHOLD,25,27,,27,28,1,3,,3,4,1,0,115,31,0,130,2,2,0.142419,,,0.032635,,,115,32,128,0.020658,0.008599,160,65,80,65,25,40,0,0,0,65,59,59,0
grand_sim_v0_7,topology_lag_resource_cascade,topology_impact,high_stress,5,10905,ring_mesh,star_adjacent,160,0.14,0.05,0.09,0.26,2.0,0.06,0.13,0.1,0.2,0.012,0.00998,0.3,0.25,0.1,,0.3,,,,,,,0.31,0.03,0.03,0.332394,1.0,0.0,0.117095,0.0,0.0,1.0,1,26,136,24,C04_S_THRESHOLD,25,26,,27,28,1,2,,3,4,1,0,114,31,0,130,6,6,0.130975,,,0.03232,,,114,32,128,0.020648,0.008356,160,65,80,65,25,40,0,0,0,65,59,59,0
grand_sim_v0_7,topology_lag_resource_cascade,topology_impact,high_stress,6,10906,ring_mesh,star_adjacent,160,0.14,0.05,0.09,0.26,2.0,0.06,0.13,0.1,0.2,0.012,0.00998,0.3,0.25,0.1,,0.3,,,,,,,0.31,0.03,0.03,0.299752,1.0,0.0,0.120743,0.0,0.0,1.0,1,27,135,25,C04_S_THRESHOLD,25,27,,27,28,0,2,,2,3,1,0,115,31,0,129,4,4,0.148816,,,0.032433,,,115,32,128,0.020735,0.009068,160,65,80,65,25,40,0,0,0,65,59,59,0
grand_sim_v0_7,topology_lag_resource_cascade,topology_impact,high_stress,7,10907,ring_mesh,star_adjacent,160,0.14,0.05,0.09,0.26,2.0,0.06,0.13,0.1,0.2,0.012,0.00998,0.3,0.25,0.1,,0.3,,,,,,,0.31,0.03,0.03,0.352801,1.0,0.0,0.114602,0.0,0.0,1.0,1,26,136,24,C04_S_THRESHOLD,26,26,,27,28,2,2,,3,4,1,0,115,31,0,131,4,4,0.121464,,,0.032433,,,115,32,128,0.020668,0.008329,160,65,80,65,25,40,0,0,0,65,59,59,0
grand_sim_v0_7,topology_lag_resource_cascade,topology_impact,high_stress,8,10908,ring_mesh,star_adjacent,160,0.14,0.05,0.09,0.26,2.0,0.06,0.13,0.1,0.2,0.012,0.00998,0.3,0.25,0.1,,0.3,,,,,,,0.31,0.03,0.03,0.333077,1.0,0.0,0.114845,0.0,0.0,1.0,1,27,136,24,C04_S_THRESHOLD,25,27,,27,28,1,3,,3,4,1,0,114,32,0,130,1,1,0.135331,,,0.031819,,,114,33,127,0.020607,0.008284,160,65,80,65,25,40,0,0,0,65,59,59,0
grand_sim_v0_7,topology_lag_resource_cascade,topology_impact,high_stress,9,10909,ring_mesh,star_adjacent,160,0.14,0.05,0.09,0.26,2.0,0.06,0.13,0.1,0.2,0.012,0.00998,0.3,0.25,0.1,,0.3,,,,,,,0.31,0.03,0.03,0.310437,1.0,0.0,0.121419,0.0,0.0,1.0,1,25,137,23,C04_S_THRESHOLD,24,25,,26,27,1,2,,3,4,1,0,116,31,0,131,0,0,0.145501,,,0.032657,,,116,32,128,0.020645,0.008329,160,65,80,65,25,40,0,0,0,65,59,59,0
grand_sim_v0_7,topology_lag_identity_shock,topology_impact,low_stress,0,10910,ring_mesh,star_adjacent,160,0.06,0.1,0.04,0.32,1.2,0.2,0.08,0.06,0.12,0.0075,0.006735,0.3,0.25,0.1,,0.3,,,,,,,0.25,0.156297,0.03,0.145914,0.106729,0.139017,0.275078,0.203026,0.14021,0.75,1,133,80,80,C04_S_THRESHOLD,125,133,,136,80,45,53,,56,0,1,0,0,,0,0,0,0,0.283028,,,0.134725,,,0,,0,0.0,0.0,0,65,80,65,25,40,0,0,0,65,59,59,0
grand_sim_v0_7,topology_lag_identity_shock,topology_impact,low_stress,1,10911,ring_mesh,star_adjacent,160,0.06,0.1,0.04,0.32,1.2,0.2,0.08,0.06,0.12,0.0075,0.006735,0.3,0.25,0.1,,0.3,,,,,,,0.25,0.213553,0.03,0.143009,0.062769,0.152191,0.286868,0.303419,0.235032,0.6,1,133,80,80,C04_S_THRESHOLD,124,133,,142,80,44,53,,62,0,1,0,0,,0,0,0,0,0.294647,,,0.13209,,,0,,0,0.0,0.0,0,65,80,65,25,40,0,0,0,65,59,59,0
grand_sim_v0_7,topology_lag_identity_shock,topology_impact,low_stress,2,10912,ring_mesh,star_adjacent,160,0.06,0.1,0.04,0.32,1.2,0.2,0.08,0.06,0.12,0.0075,0.006735,0.3,0.25,0.1,,0.3,,,,,,,0.25,0.159099,0.03,0.153033,0.122485,0.138094,0.275013,0.193248,0.130834,0.716667,1,125,80,80,C04_S_THRESHOLD,123,125,,134,80,43,45,,54,0,1,0,0,,0,0,0,0,0.283997,,,0.132857,,,0,,0,0.0,0.0,0,65,80,65,25,40,0,0,0,65,59,59,0
grand_sim_v0_7,topology_lag_identity_shock,topology_impact,low_stress,3,10913,ring_mesh,star_adjacent,160,0.06,0.1,0.04,0.32,1.2,0.2,0.08,0.06,0.12,0.0075,0.006735,0.3,0.25,0.1,,0.3,,,,,,,0.25,0.192984,0.03,0.151813,0.077895,0.158613,0.282075,0.302013,0.245285,0.633333,1,136,80,80,C04_S_THRESHOLD,129,136,,141,80,49,56,,61,0,1,0,0,,0,0,0,0,0.282075,,,0.135366,,,0,,0,0.0,0.0,0,65,80,65,25,40,0,0,0,65,59,59,0
grand_sim_v0_7,topology_lag_identity_shock,topology_impact,low_stress,4,10914,ring_mesh,star_adjacent,160,0.06,0.1,0.04,0.32,1.2,0.2,0.08,0.06,0.12,0.0075,0.006735,0.3,0.25,0.1,,0.3,,,,,,,0.25,0.193365,0.03,0.148342,0.113046,0.152664,0.283908,0.297456,0.22303,0.683333,1,138,80,80,C04_S_THRESHOLD,130,138,,142,80,50,58,,62,0,1,0,0,,0,0,0,0,0.289745,,,0.13548,,,0,,0,0.0,0.0,0,65,80,65,25,40,0,0,0,65,59,59,0
grand_sim_v0_7,topology_lag_identity_shock,topology_impact,low_stress,5,10915,ring_mesh,star_adjacent,160,0.06,0.1,0.04,0.32,1.2,0.2,0.08,0.06,0.12,0.0075,0.006735,0.3,0.25,0.1,,0.3,,,,,,,0.25,0.207959,0.03,0.159325,0.081833,0.164904,0.276159,0.325144,0.263812,0.633333,1,138,80,80,C04_S_THRESHOLD,127,138,,143,80,47,58,,63,0,1,0,0,,0,0,0,0,0.276159,,,0.135244,,,0,,0,0.0,0.0,0,65,80,65,25,40,0,0,0,65,59,59,0
grand_sim_v0_7,topology_lag_identity_shock,topology_impact,low_stress,6,10916,ring_mesh,star_adjacent,160,0.06,0.1,0.04,0.32,1.2,0.2,0.08,0.06,0.12,0.0075,0.006735,0.3,0.25,0.1,,0.3,,,,,,,0.25,0.199232,0.03,0.147248,0.054637,0.157984,0.283327,0.299103,0.242896,0.7,1,138,80,80,C04_S_THRESHOLD,128,138,,142,80,48,58,,62,0,1,0,0,,0,0,0,0,0.296446,,,0.134244,,,0,,0,0.0,0.0,0,65,80,65,25,40,0,0,0,65,59,59,0
grand_sim_v0_7,topology_lag_identity_shock,topology_impact,low_stress,7,10917,ring_mesh,star_adjacent,160,0.06,0.1,0.04,0.32,1.2,0.2,0.08,0.06,0.12,0.0075,0.006735,0.3,0.25,0.1,,0.3,,,,,,,0.25,0.188363,0.03,0.150309,0.110923,0.15539,0.275633,0.282122,0.209878,0.683333,1,140,80,80,C04_S_THRESHOLD,127,140,,140,80,47,60,,60,0,1,0,0,,0,0,0,0,0.275633,,,0.134271,,,0,,0,0.0,0.0,0,65,80,65,25,40,0,0,0,65,59,59,0
grand_sim_v0_7,topology_lag_identity_shock,topology_impact,low_stress,8,10918,ring_mesh,star_adjacent,160,0.06,0.1,0.04,0.32,1.2,0.2,0.08,0.06,0.12,0.0075,0.006735,0.3,0.25,0.1,,0.3,,,,,,,0.25,0.179053,0.03,0.145905,0.073295,0.157517,0.285024,0.250695,0.19363,0.716667,1,135,80,80,C04_S_THRESHOLD,125,135,,138,80,45,55,,58,0,1,0,0,,0,0,0,0,0.296028,,,0.135463,,,0,,0,0.0,0.0,0,65,80,65,25,40,0,0,0,65,59,59,0
grand_sim_v0_7,topology_lag_identity_shock,topology_impact,low_stress,9,10919,ring_mesh,star_adjacent,160,0.06,0.1,0.04,0.32,1.2,0.2,0.08,0.06,0.12,0.0075,0.006735,0.3,0.25,0.1,,0.3,,,,,,,0.25,0.171595,0.03,0.14061,0.112321,0.150853,0.279466,0.266349,0.198094,0.716667,1,135,80,80,C04_S_THRESHOLD,130,135,,140,80,50,55,,60,0,1,0,0,,0,0,0,0,0.28658,,,0.135097,,,0,,0,0.0,0.0,0,65,80,65,25,40,0,0,0,65,59,59,0
grand_sim_v0_7,topology_lag_identity_shock,topology_impact,mid_stress,0,10920,ring_mesh,star_adjacent,160,0.1,0.08,0.06,0.29,1.6,0.12,0.1,0.08,0.16,0.0095,0.00791,0.3,0.25,0.1,,0.3,,,,,,,0.28,0.03,0.03,0.174133,0.999899,0.001902,0.149345,0.0,0.0,1.0,1,97,80,80,C04_S_THRESHOLD,95,97,,102,80,15,17,,22,0,1,0,0,,0,56,1,0,0.158312,,,0.049095,,,0,,0,0.0,0.0,0,65,80,65,25,40,0,8,0,65,59,59,0
grand_sim_v0_7,topology_lag_identity_shock,topology_impact,mid_stress,1,10921,ring_mesh,star_adjacent,160,0.1,0.08,0.06,0.29,1.6,0.12,0.1,0.08,0.16,0.0095,0.00791,0.3,0.25,0.1,,0.3,,,,,,,0.28,0.03,0.03,0.170671,0.999694,0.002409,0.147901,0.0,0.0,1.0,1,97,80,80,C04_S_THRESHOLD,95,97,,101,80,15,17,,21,0,1,0,0,,0,57,2,1,0.162543,,,0.049,,,0,,0,0.0,0.0,0,65,80,65,25,40,0,11,0,65,59,59,0
grand_sim_v0_7,topology_lag_identity_shock,topology_impact,mid_stress,2,10922,ring_mesh,star_adjacent,160,0.1,0.08,0.06,0.29,1.6,0.12,0.1,0.08,0.16,0.0095,0.00791,0.3,0.25,0.1,,0.3,,,,,,,0.28,0.03,0.03,0.169671,0.999652,0.001779,0.147989,0.0,0.0,1.0,1,96,80,80,C04_S_THRESHOLD,95,96,,101,80,15,16,,21,0,1,0,0,,0,58,0,0,0.164388,,,0.048764,,,0,,0,0.0,0.0,0,65,80,65,25,40,0,4,0,65,59,59,0
grand_sim_v0_7,topology_lag_identity_shock,topology_impact,mid_stress,3,10923,ring_mesh,star_adjacent,160,0.1,0.08,0.06,0.29,1.6,0.12,0.1,0.08,0.16,0.0095,0.00791,0.3,0.25,0.1,,0.3,,,,,,,0.28,0.03,0.03,0.187347,1.0,0.001116,0.145904,0.0,0.0,1.0,1,96,80,80,C04_S_THRESHOLD,95,96,,101,80,15,16,,21,0,1,0,0,,0,58,1,0,0.149331,,,0.048708,,,0,,0,0.0,0.0,0,65,80,65,25,40,0,5,0,65,59,59,0
grand_sim_v0_7,topology_lag_identity_shock,topology_impact,mid_stress,4,10924,ring_mesh,star_adjacent,160,0.1,0.08,0.06,0.29,1.6,0.12,0.1,0.08,0.16,0.0095,0.00791,0.3,0.25,0.1,,0.3,,,,,,,0.28,0.03,0.03,0.19277,1.0,0.000933,0.143959,0.0,0.0,1.0,1,97,80,80,C04_S_THRESHOLD,95,97,,101,80,15,17,,21,0,1,0,0,,0,58,1,0,0.154305,,,0.048972,,,0,,0,0.0,0.0,0,65,80,65,25,40,0,4,0,65,59,59,0
grand_sim_v0_7,topology_lag_identity_shock,topology_impact,mid_stress,5,10925,ring_mesh,star_adjacent,160,0.1,0.08,0.06,0.29,1.6,0.12,0.1,0.08,0.16,0.0095,0.00791,0.3,0.25,0.1,,0.3,,,,,,,0.28,0.03,0.03,0.163135,0.999872,0.002134,0.150332,0.0,0.0,1.0,1,98,80,80,C04_S_THRESHOLD,95,98,,102,80,15,18,,22,0,1,0,0,,0,56,0,0,0.163274,,,0.04879,,,0,,0,0.0,0.0,0,65,80,65,25,40,0,5,0,65,59,59,0
grand_sim_v0_7,topology_lag_identity_shock,topology_impact,mid_stress,6,10926,ring_mesh,star_adjacent,160,0.1,0.08,0.06,0.29,1.6,0.12,0.1,0.08,0.16,0.0095,0.00791,0.3,0.25,0.1,,0.3,,,,,,,0.28,0.03,0.03,0.164759,0.999498,0.001982,0.147399,0.0,0.0,1.0,1,98,80,80,C04_S_THRESHOLD,96,98,,102,80,16,18,,22,0,1,0,0,,0,57,0,0,0.168836,,,0.048839,,,0,,0,0.0,0.0,0,65,80,65,25,40,0,5,0,65,59,59,0
grand_sim_v0_7,topology_lag_identity_shock,topology_impact,mid_stress,7,10927,ring_mesh,star_adjacent,160,0.1,0.08,0.06,0.29,1.6,0.12,0.1,0.08,0.16,0.0095,0.00791,0.3,0.25,0.1,,0.3,,,,,,,0.28,0.03,0.03,0.163073,0.9998,0.002277,0.15097,0.0,0.0,1.0,1,99,80,80,C04_S_THRESHOLD,96,99,,103,80,16,19,,23,0,1,0,0,,0,57,2,1,0.165144,,,0.048905,,,0,,0,0.0,0.0,0,65,80,65,25,40,0,10,0,65,59,59,0
grand_sim_v0_7,topology_lag_identity_shock,topology_impact,mid_stress,8,10928,ring_mesh,star_adjacent,160,0.1,0.08,0.06,0.29,1.6,0.12,0.1,0.08,0.16,0.0095,0.00791,0.3,0.25,0.1,,0.3,,,,,,,0.28,0.03,0.03,0.169445,0.999807,0.001627,0.144669,0.0,0.0,1.0,1,97,80,80,C04_S_THRESHOLD,94,97,,102,80,14,17,,22,0,1,0,0,,0,57,1,0,0.165086,,,0.048837,,,0,,0,0.0,0.0,0,65,80,65,25,40,0,7,0,65,59,59,0
grand_sim_v0_7,topology_lag_identity_shock,topology_impact,mid_stress,9,10929,ring_mesh,star_adjacent,160,0.1,0.08,0.06,0.29,1.6,0.12,0.1,0.08,0.16,0.0095,0.00791,0.3,0.25,0.1,,0.3,,,,,,,0.28,0.03,0.03,0.164334,0.999637,0.002365,0.149414,0.0,0.0,1.0,1,96,80,80,C04_S_THRESHOLD,94,96,,101,80,14,16,,21,0,1,0,0,,0,57,0,0,0.166953,,,0.048998,,,0,,0,0.0,0.0,0,65,80,65,25,40,0,8,0,65,59,59,0
grand_sim_v0_7,topology_lag_identity_shock,topology_impact,high_stress,0,10930,ring_mesh,star_adjacent,160,0.14,0.05,0.09,0.26,2.0,0.06,0.13,0.1,0.2,0.012,0.00998,0.3,0.25,0.1,,0.3,,,,,,,0.31,0.03,0.03,0.198352,1.0,0.0,0.143713,0.0,0.0,1.0,1,29,134,26,C04_S_THRESHOLD,28,29,,30,32,2,3,,4,6,1,0,0,,0,123,0,0,0.155791,,,0.047518,,,0,,0,0.0,0.0,0,65,80,65,25,40,0,0,0,65,59,59,0
grand_sim_v0_7,topology_lag_identity_shock,topology_impact,high_stress,1,10931,ring_mesh,star_adjacent,160,0.14,0.05,0.09,0.26,2.0,0.06,0.13,0.1,0.2,0.012,0.00998,0.3,0.25,0.1,,0.3,,,,,,,0.31,0.03,0.03,0.200749,1.0,0.0,0.142331,0.0,0.0,1.0,1,30,133,27,C04_S_THRESHOLD,29,30,,31,33,2,3,,4,6,1,0,0,,0,125,1,1,0.158819,,,0.047481,,,0,,0,0.0,0.0,0,65,80,65,25,40,0,0,0,65,59,59,0
grand_sim_v0_7,topology_lag_identity_shock,topology_impact,high_stress,2,10932,ring_mesh,star_adjacent,160,0.14,0.05,0.09,0.26,2.0,0.06,0.13,0.1,0.2,0.012,0.00998,0.3,0.25,0.1,,0.3,,,,,,,0.31,0.03,0.03,0.212477,1.0,0.0,0.140564,0.0,0.0,1.0,1,31,134,26,C04_S_THRESHOLD,29,31,,31,33,3,5,,5,7,1,0,0,,0,124,0,0,0.150839,,,0.047635,,,0,,0,0.0,0.0,0,65,80,65,25,40,0,0,0,65,59,59,0
grand_sim_v0_7,topology_lag_identity_shock,topology_impact,high_stress,3,10933,ring_mesh,star_adjacent,160,0.14,0.05,0.09,0.26,2.0,0.06,0.13,0.1,0.2,0.012,0.00998,0.3,0.25,0.1,,0.3,,,,,,,0.31,0.03,0.03,0.203918,1.0,0.0,0.141009,0.0,0.0,1.0,1,34,131,29,C04_S_THRESHOLD,32,34,,34,36,3,5,,5,7,1,0,0,,0,122,6,6,0.155563,,,0.047558,,,0,,0,0.0,0.0,0,65,80,65,25,40,0,0,0,65,59,59,0
grand_sim_v0_7,topology_lag_identity_shock,topology_impact,high_stress,4,10934,ring_mesh,star_adjacent,160,0.14,0.05,0.09,0.26,2.0,0.06,0.13,0.1,0.2,0.012,0.00998,0.3,0.25,0.1,,0.3,,,,,,,0.31,0.03,0.03,0.227687,1.0,0.0,0.135631,0.0,0.0,1.0,1,32,132,28,C04_S_THRESHOLD,31,32,,33,35,3,4,,5,7,1,0,0,,0,121,0,0,0.144314,,,0.047515,,,0,,0,0.0,0.0,0,65,80,65,25,40,0,0,0,65,59,59,0
grand_sim_v0_7,topology_lag_identity_shock,topology_impact,high_stress,5,10935,ring_mesh,star_adjacent,160,0.14,0.05,0.09,0.26,2.0,0.06,0.13,0.1,0.2,0.012,0.00998,0.3,0.25,0.1,,0.3,,,,,,,0.31,0.03,0.03,0.208429,1.0,0.0,0.142954,0.0,0.0,1.0,1,29,134,26,C04_S_THRESHOLD,28,29,,31,32,2,3,,5,6,1,0,0,,0,124,0,0,0.159336,,,0.047392,,,0,,0,0.0,0.0,0,65,80,65,25,40,0,0,0,65,59,59,0
grand_sim_v0_7,topology_lag_identity_shock,topology_impact,high_stress,6,10936,ring_mesh,star_adjacent,160,0.14,0.05,0.09,0.26,2.0,0.06,0.13,0.1,0.2,0.012,0.00998,0.3,0.25,0.1,,0.3,,,,,,,0.31,0.03,0.03,0.212134,1.0,0.0,0.141133,0.0,0.0,1.0,1,30,132,28,C04_S_THRESHOLD,29,30,,32,34,1,2,,4,6,1,0,0,,0,123,0,0,0.150377,,,0.047495,,,0,,0,0.0,0.0,0,65,80,65,25,40,0,0,0,65,59,59,0
grand_sim_v0_7,topology_lag_identity_shock,topology_impact,high_stress,7,10937,ring_mesh,star_adjacent,160,0.14,0.05,0.09,0.26,2.0,0.06,0.13,0.1,0.2,0.012,0.00998,0.3,0.25,0.1,,0.3,,,,,,,0.31,0.03,0.03,0.20536,1.0,0.0,0.141568,0.0,0.0,1.0,1,29,133,27,C04_S_THRESHOLD,28,29,,31,33,1,2,,4,6,1,0,0,,0,123,0,0,0.157021,,,0.047291,,,0,,0,0.0,0.0,0,65,80,65,25,40,0,0,0,65,59,59,0
grand_sim_v0_7,topology_lag_identity_shock,topology_impact,high_stress,8,10938,ring_mesh,star_adjacent,160,0.14,0.05,0.09,0.26,2.0,0.06,0.13,0.1,0.2,0.012,0.00998,0.3,0.25,0.1,,0.3,,,,,,,0.31,0.03,0.03,0.198773,1.0,0.0,0.144441,0.0,0.0,1.0,1,30,134,26,C04_S_THRESHOLD,27,30,,31,33,1,4,,5,7,1,0,0,,0,124,1,1,0.159728,,,0.047288,,,0,,0,0.0,0.0,0,65,80,65,25,40,0,0,0,65,59,59,0
grand_sim_v0_7,topology_lag_identity_shock,topology_impact,high_stress,9,10939,ring_mesh,star_adjacent,160,0.14,0.05,0.09,0.26,2.0,0.06,0.13,0.1,0.2,0.012,0.00998,0.3,0.25,0.1,,0.3,,,,,,,0.31,0.03,0.03,0.213032,1.0,0.0,0.141252,0.0,0.0,1.0,1,28,135,25,C04_S_THRESHOLD,27,28,,29,32,2,3,,4,7,1,0,0,,0,125,0,0,0.151286,,,0.047524,,,0,,0,0.0,0.0,0,65,80,65,25,40,0,0,0,65,59,59,0
grand_sim_v0_7,mixed_hia_identity,identity,low_stress,0,10940,ring_mesh,ring_mesh,160,0.06,0.1,0.04,0.32,1.2,0.2,0.08,0.06,0.12,0.0075,0.006735,0.3,0.25,0.1,,0.3,,,,,,,0.03,0.887948,0.574447,0.086737,0.0,0.517111,0.825234,1.0,1.0,0.0,0,,0,,,,,,,,,,,,,0,0,0,,0,0,0,0,,,,,,,0,,0,0.0,0.0,0,,0,0,0,0,0,0,0,0,,,
grand_sim_v0_7,mixed_hia_identity,identity,low_stress,1,10941,ring_mesh,ring_mesh,160,0.06,0.1,0.04,0.32,1.2,0.2,0.08,0.06,0.12,0.0075,0.006735,0.3,0.25,0.1,,0.3,,,,,,,0.03,0.896356,0.582851,0.093292,0.0,0.516478,0.828017,1.0,1.0,0.0,0,,0,,,,,,,,,,,,,0,0,0,,0,0,0,0,,,,,,,0,,0,0.0,0.0,0,,0,0,0,0,0,0,0,0,,,
grand_sim_v0_7,mixed_hia_identity,identity,low_stress,2,10942,ring_mesh,ring_mesh,160,0.06,0.1,0.04,0.32,1.2,0.2,0.08,0.06,0.12,0.0075,0.006735,0.3,0.25,0.1,,0.3,,,,,,,0.03,0.873021,0.51719,0.09271,0.0,0.516319,0.81688,1.0,1.0,0.0,0,,0,,,,,,,,,,,,,0,0,0,,0,0,0,0,,,,,,,0,,0,0.0,0.0,0,,0,0,0,0,0,0,0,0,,,
grand_sim_v0_7,mixed_hia_identity,identity,low_stress,3,10943,ring_mesh,ring_mesh,160,0.06,0.1,0.04,0.32,1.2,0.2,0.08,0.06,0.12,0.0075,0.006735,0.3,0.25,0.1,,0.3,,,,,,,0.03,0.890577,0.539621,0.086204,0.0,0.519424,0.827096,1.0,1.0,0.0,0,,0,,,,,,,,,,,,,0,0,0,,0,0,0,0,,,,,,,0,,0,0.0,0.0,0,,0,0,0,0,0,0,0,0,,,
grand_sim_v0_7,mixed_hia_identity,identity,low_stress,4,10944,ring_mesh,ring_mesh,160,0.06,0.1,0.04,0.32,1.2,0.2,0.08,0.06,0.12,0.0075,0.006735,0.3,0.25,0.1,,0.3,,,,,,,0.03,0.879747,0.557929,0.082234,0.0,0.519957,0.822689,1.0,1.0,0.0,0,,0,,,,,,,,,,,,,0,0,0,,0,0,0,0,,,,,,,0,,0,0.0,0.0,0,,0,0,0,0,0,0,0,0,,,
grand_sim_v0_7,mixed_hia_identity,identity,low_stress,5,10945,ring_mesh,ring_mesh,160,0.06,0.1,0.04,0.32,1.2,0.2,0.08,0.06,0.12,0.0075,0.006735,0.3,0.25,0.1,,0.3,,,,,,,0.03,0.856789,0.480336,0.083747,0.0,0.51599,0.810539,1.0,1.0,0.0,0,,0,,,,,,,,,,,,,0,0,0,,0,0,0,0,,,,,,,0,,0,0.0,0.0,0,,0,0,0,0,0,0,0,0,,,
grand_sim_v0_7,mixed_hia_identity,identity,low_stress,6,10946,ring_mesh,ring_mesh,160,0.06,0.1,0.04,0.32,1.2,0.2,0.08,0.06,0.12,0.0075,0.006735,0.3,0.25,0.1,,0.3,,,,,,,0.03,0.88793,0.489937,0.090148,0.0,0.521324,0.825572,1.0,1.0,0.0,0,,0,,,,,,,,,,,,,0,0,0,,0,0,0,0,,,,,,,0,,0,0.0,0.0,0,,0,0,0,0,0,0,0,0,,,
grand_sim_v0_7,mixed_hia_identity,identity,low_stress,7,10947,ring_mesh,ring_mesh,160,0.06,0.1,0.04,0.32,1.2,0.2,0.08,0.06,0.12,0.0075,0.006735,0.3,0.25,0.1,,0.3,,,,,,,0.03,0.883244,0.504129,0.090438,0.0,0.511572,0.821129,1.0,1.0,0.0,0,,0,,,,,,,,,,,,,0,0,0,,0,0,0,0,,,,,,,0,,0,0.0,0.0,0,,0,0,0,0,0,0,0,0,,,
grand_sim_v0_7,mixed_hia_identity,identity,low_stress,8,10948,ring_mesh,ring_mesh,160,0.06,0.1,0.04,0.32,1.2,0.2,0.08,0.06,0.12,0.0075,0.006735,0.3,0.25,0.1,,0.3,,,,,,,0.03,0.878181,0.508334,0.079609,0.0,0.517316,0.821803,1.0,1.0,0.0,0,,0,,,,,,,,,,,,,0,0,0,,0,0,0,0,,,,,,,0,,0,0.0,0.0,0,,0,0,0,0,0,0,0,0,,,
grand_sim_v0_7,mixed_hia_identity,identity,low_stress,9,10949,ring_mesh,ring_mesh,160,0.06,0.1,0.04,0.32,1.2,0.2,0.08,0.06,0.12,0.0075,0.006735,0.3,0.25,0.1,,0.3,,,,,,,0.03,0.848182,0.458812,0.083973,0.0,0.520078,0.807269,1.0,1.0,0.0,0,,0,,,,,,,,,,,,,0,0,0,,0,0,0,0,,,,,,,0,,0,0.0,0.0,0,,0,0,0,0,0,0,0,0,,,
grand_sim_v0_7,mixed_hia_identity,identity,mid_stress,0,10950,ring_mesh,ring_mesh,160,0.1,0.08,0.06,0.29,1.6,0.12,0.1,0.08,0.16,0.0095,0.00791,0.3,0.25,0.1,,0.3,,,,,,,0.06,0.80109,0.446927,0.098873,0.0,0.478207,0.77292,0.903922,0.903922,0.0,0,,0,,,,,,,,,,,,,0,0,0,,0,0,0,0,,,,,,,0,,0,0.0,0.0,0,,0,0,0,0,0,0,0,0,,,
grand_sim_v0_7,mixed_hia_identity,identity,mid_stress,1,10951,ring_mesh,ring_mesh,160,0.1,0.08,0.06,0.29,1.6,0.12,0.1,0.08,0.16,0.0095,0.00791,0.3,0.25,0.1,,0.3,,,,,,,0.06,0.8329,0.51795,0.096342,0.0,0.48838,0.790857,0.976031,0.976031,0.0,0,,0,,,,,,,,,,,,,0,0,0,,0,0,0,0,,,,,,,0,,0,0.0,0.0,0,,0,0,0,0,0,0,0,0,,,
grand_sim_v0_7,mixed_hia_identity,identity,mid_stress,2,10952,ring_mesh,ring_mesh,160,0.1,0.08,0.06,0.29,1.6,0.12,0.1,0.08,0.16,0.0095,0.00791,0.3,0.25,0.1,,0.3,,,,,,,0.06,0.806819,0.320037,0.097875,0.0,0.484511,0.777227,0.927504,0.927504,0.0,0,,0,,,,,,,,,,,,,0,0,0,,0,0,0,0,,,,,,,0,,0,0.0,0.0,0,,0,0,0,0,0,0,0,0,,,
grand_sim_v0_7,mixed_hia_identity,identity,mid_stress,3,10953,ring_mesh,ring_mesh,160,0.1,0.08,0.06,0.29,1.6,0.12,0.1,0.08,0.16,0.0095,0.00791,0.3,0.25,0.1,,0.3,,,,,,,0.06,0.830614,0.478323,0.101965,0.0,0.488942,0.788928,0.982399,0.982399,0.0,0,,0,,,,,,,,,,,,,0,0,0,,0,0,0,0,,,,,,,0,,0,0.0,0.0,0,,0,0,0,0,0,0,0,0,,,
grand_sim_v0_7,mixed_hia_identity,identity,mid_stress,4,10954,ring_mesh,ring_mesh,160,0.1,0.08,0.06,0.29,1.6,0.12,0.1,0.08,0.16,0.0095,0.00791,0.3,0.25,0.1,,0.3,,,,,,,0.06,0.843068,0.44987,0.101688,0.0,0.495634,0.796425,1.0,1.0,0.0,0,,0,,,,,,,,,,,,,0,0,0,,0,0,0,0,,,,,,,0,,0,0.0,0.0,0,,0,0,0,0,0,0,0,0,,,
grand_sim_v0_7,mixed_hia_identity,identity,mid_stress,5,10955,ring_mesh,ring_mesh,160,0.1,0.08,0.06,0.29,1.6,0.12,0.1,0.08,0.16,0.0095,0.00791,0.3,0.25,0.1,,0.3,,,,,,,0.06,0.849316,0.49417,0.1032,0.0,0.492228,0.798418,1.0,1.0,0.0,0,,0,,,,,,,,,,,,,0,0,0,,0,0,0,0,,,,,,,0,,0,0.0,0.0,0,,0,0,0,0,0,0,0,0,,,
grand_sim_v0_7,mixed_hia_identity,identity,mid_stress,6,10956,ring_mesh,ring_mesh,160,0.1,0.08,0.06,0.29,1.6,0.12,0.1,0.08,0.16,0.0095,0.00791,0.3,0.25,0.1,,0.3,,,,,,,0.06,0.799103,0.032556,0.095559,0.0,0.479624,0.772842,0.887991,0.887991,0.033333,0,,0,,,,,,,,,,,,,0,0,0,,0,0,0,0,,,,,,,0,,0,0.0,0.0,0,,0,0,0,0,0,0,0,0,,,
grand_sim_v0_7,mixed_hia_identity,identity,mid_stress,7,10957,ring_mesh,ring_mesh,160,0.1,0.08,0.06,0.29,1.6,0.12,0.1,0.08,0.16,0.0095,0.00791,0.3,0.25,0.1,,0.3,,,,,,,0.06,0.825863,0.451517,0.096233,0.0,0.486078,0.786992,0.967296,0.967296,0.0,0,,0,,,,,,,,,,,,,0,0,0,,0,0,0,0,,,,,,,0,,0,0.0,0.0,0,,0,0,0,0,0,0,0,0,,,
grand_sim_v0_7,mixed_hia_identity,identity,mid_stress,8,10958,ring_mesh,ring_mesh,160,0.1,0.08,0.06,0.29,1.6,0.12,0.1,0.08,0.16,0.0095,0.00791,0.3,0.25,0.1,,0.3,,,,,,,0.06,0.841901,0.395894,0.100347,0.0,0.495499,0.796063,1.0,1.0,0.0,0,,0,,,,,,,,,,,,,0,0,0,,0,0,0,0,,,,,,,0,,0,0.0,0.0,0,,0,0,0,0,0,0,0,0,,,
grand_sim_v0_7,mixed_hia_identity,identity,mid_stress,9,10959,ring_mesh,ring_mesh,160,0.1,0.08,0.06,0.29,1.6,0.12,0.1,0.08,0.16,0.0095,0.00791,0.3,0.25,0.1,,0.3,,,,,,,0.06,0.838775,0.456049,0.102402,0.0,0.490168,0.793041,1.0,1.0,0.0,0,,0,,,,,,,,,,,,,0,0,0,,0,0,0,0,,,,,,,0,,0,0.0,0.0,0,,0,0,0,0,0,0,0,0,,,
grand_sim_v0_7,mixed_hia_identity,identity,high_stress,0,10960,ring_mesh,ring_mesh,160,0.14,0.05,0.09,0.26,2.0,0.06,0.13,0.1,0.2,0.012,0.00998,0.3,0.25,0.1,,0.3,,,,,,,0.09,0.03,0.03,0.113235,1.0,0.0,0.16515,0.0,0.0,1.0,1,28,131,29,C04_S_THRESHOLD,27,28,,30,34,-2,-1,,1,5,0,0,0,,0,125,0,0,,,,,,,0,,0,0.0,0.0,0,,0,0,0,0,0,0,0,0,,,
grand_sim_v0_7,mixed_hia_identity,identity,high_stress,1,10961,ring_mesh,ring_mesh,160,0.14,0.05,0.09,0.26,2.0,0.06,0.13,0.1,0.2,0.012,0.00998,0.3,0.25,0.1,,0.3,,,,,,,0.09,0.03,0.03,0.113836,1.0,0.0,0.165048,0.0,0.0,1.0,1,27,132,28,C04_S_THRESHOLD,26,27,,29,34,-2,-1,,1,6,0,0,0,,0,125,0,0,,,,,,,0,,0,0.0,0.0,0,,0,0,0,0,0,0,0,0,,,
grand_sim_v0_7,mixed_hia_identity,identity,high_stress,2,10962,ring_mesh,ring_mesh,160,0.14,0.05,0.09,0.26,2.0,0.06,0.13,0.1,0.2,0.012,0.00998,0.3,0.25,0.1,,0.3,,,,,,,0.09,0.03,0.03,0.118049,1.0,0.0,0.164332,0.0,0.0,1.0,1,28,131,29,C04_S_THRESHOLD,27,28,,29,34,-2,-1,,0,5,0,0,0,,0,126,0,0,,,,,,,0,,0,0.0,0.0,0,,0,0,0,0,0,0,0,0,,,
grand_sim_v0_7,mixed_hia_identity,identity,high_stress,3,10963,ring_mesh,ring_mesh,160,0.14,0.05,0.09,0.26,2.0,0.06,0.13,0.1,0.2,0.012,0.00998,0.3,0.25,0.1,,0.3,,,,,,,0.09,0.03,0.03,0.111239,1.0,0.0,0.165489,0.0,0.0,1.0,1,26,133,27,C04_S_THRESHOLD,24,26,,27,32,-3,-1,,0,5,0,0,0,,0,128,0,0,,,,,,,0,,0,0.0,0.0,0,,0,0,0,0,0,0,0,0,,,
grand_sim_v0_7,mixed_hia_identity,identity,high_stress,4,10964,ring_mesh,ring_mesh,160,0.14,0.05,0.09,0.26,2.0,0.06,0.13,0.1,0.2,0.012,0.00998,0.3,0.25,0.1,,0.3,,,,,,,0.09,0.03,0.03,0.108545,1.0,0.0,0.165947,0.0,0.0,1.0,1,30,130,30,C04_S_THRESHOLD,29,30,,32,36,-1,0,,2,6,0,0,0,,0,124,0,0,,,,,,,0,,0,0.0,0.0,0,,0,0,0,0,0,0,0,0,,,
grand_sim_v0_7,mixed_hia_identity,identity,high_stress,5,10965,ring_mesh,ring_mesh,160,0.14,0.05,0.09,0.26,2.0,0.06,0.13,0.1,0.2,0.012,0.00998,0.3,0.25,0.1,,0.3,,,,,,,0.09,0.03,0.03,0.11255,1.0,0.0,0.165267,0.0,0.0,1.0,1,25,134,26,C04_S_THRESHOLD,25,25,,27,32,-1,-1,,1,6,0,0,0,,0,129,0,0,,,,,,,0,,0,0.0,0.0,0,,0,0,0,0,0,0,0,0,,,
grand_sim_v0_7,mixed_hia_identity,identity,high_stress,6,10966,ring_mesh,ring_mesh,160,0.14,0.05,0.09,0.26,2.0,0.06,0.13,0.1,0.2,0.012,0.00998,0.3,0.25,0.1,,0.3,,,,,,,0.09,0.03,0.03,0.112399,1.0,0.0,0.165292,0.0,0.0,1.0,1,28,132,28,C04_S_THRESHOLD,26,28,,29,34,-2,0,,1,6,0,0,0,,0,126,0,0,,,,,,,0,,0,0.0,0.0,0,,0,0,0,0,0,0,0,0,,,
grand_sim_v0_7,mixed_hia_identity,identity,high_stress,7,10967,ring_mesh,ring_mesh,160,0.14,0.05,0.09,0.26,2.0,0.06,0.13,0.1,0.2,0.012,0.00998,0.3,0.25,0.1,,0.3,,,,,,,0.09,0.03,0.03,0.112223,1.0,0.0,0.165322,0.0,0.0,1.0,1,31,129,31,C04_S_THRESHOLD,30,31,,32,36,-1,0,,1,5,0,0,0,,0,123,0,0,,,,,,,0,,0,0.0,0.0,0,,0,0,0,0,0,0,0,0,,,
grand_sim_v0_7,mixed_hia_identity,identity,high_stress,8,10968,ring_mesh,ring_mesh,160,0.14,0.05,0.09,0.26,2.0,0.06,0.13,0.1,0.2,0.012,0.00998,0.3,0.25,0.1,,0.3,,,,,,,0.09,0.03,0.03,0.114807,1.0,0.0,0.164883,0.0,0.0,1.0,1,30,130,30,C04_S_THRESHOLD,29,30,,32,36,-1,0,,2,6,0,0,0,,0,124,0,0,,,,,,,0,,0,0.0,0.0,0,,0,0,0,0,0,0,0,0,,,
grand_sim_v0_7,mixed_hia_identity,identity,high_stress,9,10969,ring_mesh,ring_mesh,160,0.14,0.05,0.09,0.26,2.0,0.06,0.13,0.1,0.2,0.012,0.00998,0.3,0.25,0.1,,0.3,,,,,,,0.09,0.03,0.03,0.115108,1.0,0.0,0.164832,0.0,0.0,1.0,1,31,128,32,C04_S_THRESHOLD,30,31,,33,37,-2,-1,,1,5,0,0,0,,0,123,0,0,,,,,,,0,,0,0.0,0.0,0,,0,0,0,0,0,0,0,0,,,
grand_sim_v0_7,governance_capture,governance,low_stress,0,10970,ring_mesh,ring_mesh,160,0.06,0.1,0.04,0.32,1.2,0.2,0.08,0.06,0.12,0.0075,0.006735,0.3,0.25,0.1,,0.3,,,,,,,0.03,0.03,0.03,0.101243,0.070397,0.0,0.288037,0.002228,0.0,1.0,1,110,49,111,C04_S_THRESHOLD,109,110,,115,127,-2,-1,,4,16,0,0,0,,98,35,81,0,,,,,,,0,,0,0.0,0.0,0,,0,0,0,0,0,0,0,0,,,
grand_sim_v0_7,governance_capture,governance,low_stress,1,10971,ring_mesh,ring_mesh,160,0.06,0.1,0.04,0.32,1.2,0.2,0.08,0.06,0.12,0.0075,0.006735,0.3,0.25,0.1,,0.3,,,,,,,0.03,0.03,0.03,0.098297,0.067353,0.0,0.288934,0.0,0.0,1.0,1,109,50,110,C04_S_THRESHOLD,108,109,,113,126,-2,-1,,3,16,0,0,0,,98,36,81,0,,,,,,,0,,0,0.0,0.0,0,,0,0,0,0,0,0,0,0,,,
grand_sim_v0_7,governance_capture,governance,low_stress,2,10972,ring_mesh,ring_mesh,160,0.06,0.1,0.04,0.32,1.2,0.2,0.08,0.06,0.12,0.0075,0.006735,0.3,0.25,0.1,,0.3,,,,,,,0.03,0.03,0.03,0.100148,0.071873,0.0,0.288031,0.0,0.0,1.0,1,109,50,110,C04_S_THRESHOLD,109,109,,113,126,-1,-1,,3,16,0,0,0,,98,35,81,0,,,,,,,0,,0,0.0,0.0,0,,0,0,0,0,0,0,0,0,,,
grand_sim_v0_7,governance_capture,governance,low_stress,3,10973,ring_mesh,ring_mesh,160,0.06,0.1,0.04,0.32,1.2,0.2,0.08,0.06,0.12,0.0075,0.006735,0.3,0.25,0.1,,0.3,,,,,,,0.03,0.03,0.03,0.100396,0.069828,0.0,0.288255,0.014849,0.0,1.0,1,118,47,113,C04_S_THRESHOLD,109,118,,120,131,-4,5,,7,18,0,0,0,,98,29,81,0,,,,,,,0,,0,0.0,0.0,0,,0,0,0,0,0,0,0,0,,,
grand_sim_v0_7,governance_capture,governance,low_stress,4,10974,ring_mesh,ring_mesh,160,0.06,0.1,0.04,0.32,1.2,0.2,0.08,0.06,0.12,0.0075,0.006735,0.3,0.25,0.1,,0.3,,,,,,,0.03,0.03,0.03,0.109023,0.073071,0.0,0.286367,0.007611,0.0,1.0,1,110,49,111,C04_S_THRESHOLD,109,110,,115,128,-2,-1,,4,17,0,0,0,,98,36,81,0,,,,,,,0,,0,0.0,0.0,0,,0,0,0,0,0,0,0,0,,,
grand_sim_v0_7,governance_capture,governance,low_stress,5,10975,ring_mesh,ring_mesh,160,0.06,0.1,0.04,0.32,1.2,0.2,0.08,0.06,0.12,0.0075,0.006735,0.3,0.25,0.1,,0.3,,,,,,,0.03,0.03,0.03,0.098118,0.069998,0.0,0.28862,0.014658,0.0,1.0,1,121,47,113,C04_S_THRESHOLD,111,121,,120,131,-2,8,,7,18,0,0,0,,99,29,81,0,,,,,,,0,,0,0.0,0.0,0,,0,0,0,0,0,0,0,0,,,
grand_sim_v0_7,governance_capture,governance,low_stress,6,10976,ring_mesh,ring_mesh,160,0.06,0.1,0.04,0.32,1.2,0.2,0.08,0.06,0.12,0.0075,0.006735,0.3,0.25,0.1,,0.3,,,,,,,0.03,0.03,0.03,0.098978,0.068095,0.0,0.288721,0.024754,0.0,1.0,1,111,48,112,C04_S_THRESHOLD,109,111,,120,132,-3,-1,,8,20,0,0,0,,99,27,82,0,,,,,,,0,,0,0.0,0.0,0,,0,0,0,0,0,0,0,0,,,
grand_sim_v0_7,governance_capture,governance,low_stress,7,10977,ring_mesh,ring_mesh,160,0.06,0.1,0.04,0.32,1.2,0.2,0.08,0.06,0.12,0.0075,0.006735,0.3,0.25,0.1,,0.3,,,,,,,0.03,0.03,0.03,0.097039,0.068956,0.0,0.288939,0.01171,0.0,1.0,1,110,49,111,C04_S_THRESHOLD,109,110,,116,129,-2,-1,,5,18,0,0,0,,98,31,81,0,,,,,,,0,,0,0.0,0.0,0,,0,0,0,0,0,0,0,0,,,
grand_sim_v0_7,governance_capture,governance,low_stress,8,10978,ring_mesh,ring_mesh,160,0.06,0.1,0.04,0.32,1.2,0.2,0.08,0.06,0.12,0.0075,0.006735,0.3,0.25,0.1,,0.3,,,,,,,0.03,0.03,0.03,0.094971,0.066648,0.0,0.289591,0.013813,0.0,1.0,1,119,46,114,C04_S_THRESHOLD,112,119,,120,130,-2,5,,6,16,0,0,0,,98,33,81,0,,,,,,,0,,0,0.0,0.0,0,,0,0,0,0,0,0,0,0,,,
grand_sim_v0_7,governance_capture,governance,low_stress,9,10979,ring_mesh,ring_mesh,160,0.06,0.1,0.04,0.32,1.2,0.2,0.08,0.06,0.12,0.0075,0.006735,0.3,0.25,0.1,,0.3,,,,,,,0.03,0.03,0.03,0.103163,0.067386,0.0,0.288102,0.0,0.0,1.0,1,109,50,110,C04_S_THRESHOLD,108,109,,114,126,-2,-1,,4,16,0,0,0,,98,35,81,0,,,,,,,0,,0,0.0,0.0,0,,0,0,0,0,0,0,0,0,,,
grand_sim_v0_7,governance_capture,governance,mid_stress,0,10980,ring_mesh,ring_mesh,160,0.1,0.08,0.06,0.29,1.6,0.12,0.1,0.08,0.16,0.0095,0.00791,0.3,0.25,0.1,,0.3,,,,,,,0.06,0.03,0.03,0.112674,0.360245,0.0,0.248414,0.0,0.0,1.0,1,98,63,97,C04_S_THRESHOLD,97,98,,101,105,0,1,,4,8,1,0,0,,94,49,78,0,,,,,,,0,,0,0.0,0.0,0,,0,0,0,0,0,0,0,0,,,
grand_sim_v0_7,governance_capture,governance,mid_stress,1,10981,ring_mesh,ring_mesh,160,0.1,0.08,0.06,0.29,1.6,0.12,0.1,0.08,0.16,0.0095,0.00791,0.3,0.25,0.1,,0.3,,,,,,,0.06,0.03,0.03,0.117519,0.368625,0.0,0.246501,0.0,0.0,1.0,1,96,64,96,C04_S_THRESHOLD,96,96,,100,103,0,0,,4,7,1,0,0,,94,50,78,0,,,,,,,0,,0,0.0,0.0,0,,0,0,0,0,0,0,0,0,,,
grand_sim_v0_7,governance_capture,governance,mid_stress,2,10982,ring_mesh,ring_mesh,160,0.1,0.08,0.06,0.29,1.6,0.12,0.1,0.08,0.16,0.0095,0.00791,0.3,0.25,0.1,,0.3,,,,,,,0.06,0.03,0.03,0.113936,0.352023,0.0,0.249268,0.0,0.0,1.0,1,100,61,99,C04_S_THRESHOLD,98,100,,104,109,-1,1,,5,10,0,0,0,,94,48,78,0,,,,,,,0,,0,0.0,0.0,0,,0,0,0,0,0,0,0,0,,,
grand_sim_v0_7,governance_capture,governance,mid_stress,3,10983,ring_mesh,ring_mesh,160,0.1,0.08,0.06,0.29,1.6,0.12,0.1,0.08,0.16,0.0095,0.00791,0.3,0.25,0.1,,0.3,,,,,,,0.06,0.03,0.03,0.11577,0.357589,0.0,0.248233,0.0,0.0,1.0,1,99,62,98,C04_S_THRESHOLD,98,99,,105,111,0,1,,7,13,1,0,0,,94,42,78,0,,,,,,,0,,0,0.0,0.0,0,,0,0,0,0,0,0,0,0,,,
grand_sim_v0_7,governance_capture,governance,mid_stress,4,10984,ring_mesh,ring_mesh,160,0.1,0.08,0.06,0.29,1.6,0.12,0.1,0.08,0.16,0.0095,0.00791,0.3,0.25,0.1,,0.3,,,,,,,0.06,0.03,0.03,0.107341,0.356815,0.0,0.249766,0.0,0.0,1.0,1,99,62,98,C04_S_THRESHOLD,97,99,,105,110,-1,1,,7,12,0,0,0,,94,44,78,0,,,,,,,0,,0,0.0,0.0,0,,0,0,0,0,0,0,0,0,,,
grand_sim_v0_7,governance_capture,governance,mid_stress,5,10985,ring_mesh,ring_mesh,160,0.1,0.08,0.06,0.29,1.6,0.12,0.1,0.08,0.16,0.0095,0.00791,0.3,0.25,0.1,,0.3,,,,,,,0.06,0.03,0.03,0.119142,0.370531,0.0,0.245977,0.0,0.0,1.0,1,97,63,97,C04_S_THRESHOLD,96,97,,102,107,-1,0,,5,10,0,0,0,,94,47,78,0,,,,,,,0,,0,0.0,0.0,0,,0,0,0,0,0,0,0,0,,,
grand_sim_v0_7,governance_capture,governance,mid_stress,6,10986,ring_mesh,ring_mesh,160,0.1,0.08,0.06,0.29,1.6,0.12,0.1,0.08,0.16,0.0095,0.00791,0.3,0.25,0.1,,0.3,,,,,,,0.06,0.03,0.03,0.116133,0.361959,0.0,0.247603,0.0,0.0,1.0,1,98,64,96,C04_S_THRESHOLD,96,98,,100,103,0,2,,4,7,1,0,0,,94,51,78,0,,,,,,,0,,0,0.0,0.0,0,,0,0,0,0,0,0,0,0,,,
grand_sim_v0_7,governance_capture,governance,mid_stress,7,10987,ring_mesh,ring_mesh,160,0.1,0.08,0.06,0.29,1.6,0.12,0.1,0.08,0.16,0.0095,0.00791,0.3,0.25,0.1,,0.3,,,,,,,0.06,0.03,0.03,0.118634,0.373937,0.0,0.24562,0.0,0.0,1.0,1,99,62,98,C04_S_THRESHOLD,98,99,,104,108,0,1,,6,10,1,0,0,,94,45,78,0,,,,,,,0,,0,0.0,0.0,0,,0,0,0,0,0,0,0,0,,,
grand_sim_v0_7,governance_capture,governance,mid_stress,8,10988,ring_mesh,ring_mesh,160,0.1,0.08,0.06,0.29,1.6,0.12,0.1,0.08,0.16,0.0095,0.00791,0.3,0.25,0.1,,0.3,,,,,,,0.06,0.03,0.03,0.11785,0.354195,0.0,0.24832,0.0,0.0,1.0,1,98,63,97,C04_S_THRESHOLD,97,98,,103,107,0,1,,6,10,1,0,0,,94,47,78,0,,,,,,,0,,0,0.0,0.0,0,,0,0,0,0,0,0,0,0,,,
grand_sim_v0_7,governance_capture,governance,mid_stress,9,10989,ring_mesh,ring_mesh,160,0.1,0.08,0.06,0.29,1.6,0.12,0.1,0.08,0.16,0.0095,0.00791,0.3,0.25,0.1,,0.3,,,,,,,0.06,0.03,0.03,0.116288,0.365904,0.0,0.247064,0.0,0.0,1.0,1,98,63,97,C04_S_THRESHOLD,97,98,,101,105,0,1,,4,8,1,0,0,,94,49,78,0,,,,,,,0,,0,0.0,0.0,0,,0,0,0,0,0,0,0,0,,,
grand_sim_v0_7,governance_capture,governance,high_stress,0,10990,ring_mesh,ring_mesh,160,0.14,0.05,0.09,0.26,2.0,0.06,0.13,0.1,0.2,0.012,0.00998,0.3,0.25,0.1,,0.3,,,,,,,0.09,0.03,0.03,0.127506,1.0,0.0,0.162724,0.0,0.0,1.0,1,28,132,28,C04_S_THRESHOLD,27,28,,29,34,-1,0,,1,6,0,0,0,,57,127,21,0,,,,,,,0,,0,0.0,0.0,0,,0,0,0,0,0,0,0,0,,,
grand_sim_v0_7,governance_capture,governance,high_stress,1,10991,ring_mesh,ring_mesh,160,0.14,0.05,0.09,0.26,2.0,0.06,0.13,0.1,0.2,0.012,0.00998,0.3,0.25,0.1,,0.3,,,,,,,0.09,0.03,0.03,0.132647,1.0,0.0,0.16185,0.0,0.0,1.0,1,26,132,28,C04_S_THRESHOLD,25,26,,29,35,-3,-2,,1,7,0,0,0,,55,125,19,0,,,,,,,0,,0,0.0,0.0,0,,0,0,0,0,0,0,0,0,,,
grand_sim_v0_7,governance_capture,governance,high_stress,2,10992,ring_mesh,ring_mesh,160,0.14,0.05,0.09,0.26,2.0,0.06,0.13,0.1,0.2,0.012,0.00998,0.3,0.25,0.1,,0.3,,,,,,,0.09,0.03,0.03,0.135704,1.0,0.0,0.16133,0.0,0.0,1.0,1,26,133,27,C04_S_THRESHOLD,25,26,,28,33,-2,-1,,1,6,0,0,0,,53,127,17,0,,,,,,,0,,0,0.0,0.0,0,,0,0,0,0,0,0,0,0,,,
grand_sim_v0_7,governance_capture,governance,high_stress,3,10993,ring_mesh,ring_mesh,160,0.14,0.05,0.09,0.26,2.0,0.06,0.13,0.1,0.2,0.012,0.00998,0.3,0.25,0.1,,0.3,,,,,,,0.09,0.03,0.03,0.135559,1.0,0.0,0.161355,0.0,0.0,1.0,1,27,132,28,C04_S_THRESHOLD,26,27,,28,33,-2,-1,,0,5,0,0,0,,54,127,18,0,,,,,,,0,,0,0.0,0.0,0,,0,0,0,0,0,0,0,0,,,
grand_sim_v0_7,governance_capture,governance,high_stress,4,10994,ring_mesh,ring_mesh,160,0.14,0.05,0.09,0.26,2.0,0.06,0.13,0.1,0.2,0.012,0.00998,0.3,0.25,0.1,,0.3,,,,,,,0.09,0.03,0.03,0.129889,1.0,0.0,0.162319,0.0,0.0,1.0,1,30,130,30,C04_S_THRESHOLD,28,30,,30,35,-2,0,,0,5,0,0,0,,60,125,24,0,,,,,,,0,,0,0.0,0.0,0,,0,0,0,0,0,0,0,0,,,
grand_sim_v0_7,governance_capture,governance,high_stress,5,10995,ring_mesh,ring_mesh,160,0.14,0.05,0.09,0.26,2.0,0.06,0.13,0.1,0.2,0.012,0.00998,0.3,0.25,0.1,,0.3,,,,,,,0.09,0.03,0.03,0.127212,1.0,0.0,0.162774,0.0,0.0,1.0,1,25,133,27,C04_S_THRESHOLD,25,25,,27,32,-2,-2,,0,5,0,0,0,,49,129,13,0,,,,,,,0,,0,0.0,0.0,0,,0,0,0,0,0,0,0,0,,,
grand_sim_v0_7,governance_capture,governance,high_stress,6,10996,ring_mesh,ring_mesh,160,0.14,0.05,0.09,0.26,2.0,0.06,0.13,0.1,0.2,0.012,0.00998,0.3,0.25,0.1,,0.3,,,,,,,0.09,0.03,0.03,0.133864,1.0,0.0,0.161643,0.0,0.0,1.0,1,27,132,28,C04_S_THRESHOLD,26,27,,28,34,-2,-1,,0,6,0,0,0,,55,126,18,0,,,,,,,0,,0,0.0,0.0,0,,0,0,0,0,0,0,0,0,,,
grand_sim_v0_7,governance_capture,governance,high_stress,7,10997,ring_mesh,ring_mesh,160,0.14,0.05,0.09,0.26,2.0,0.06,0.13,0.1,0.2,0.012,0.00998,0.3,0.25,0.1,,0.3,,,,,,,0.09,0.03,0.03,0.135464,1.0,0.0,0.161371,0.0,0.0,1.0,1,28,132,28,C04_S_THRESHOLD,25,28,,29,34,-3,0,,1,6,0,0,0,,57,126,21,0,,,,,,,0,,0,0.0,0.0,0,,0,0,0,0,0,0,0,0,,,
grand_sim_v0_7,governance_capture,governance,high_stress,8,10998,ring_mesh,ring_mesh,160,0.14,0.05,0.09,0.26,2.0,0.06,0.13,0.1,0.2,0.012,0.00998,0.3,0.25,0.1,,0.3,,,,,,,0.09,0.03,0.03,0.132507,1.0,0.0,0.161874,0.0,0.0,1.0,1,28,132,28,C04_S_THRESHOLD,26,28,,29,34,-2,0,,1,6,0,0,0,,57,126,21,0,,,,,,,0,,0,0.0,0.0,0,,0,0,0,0,0,0,0,0,,,
grand_sim_v0_7,governance_capture,governance,high_stress,9,10999,ring_mesh,ring_mesh,160,0.14,0.05,0.09,0.26,2.0,0.06,0.13,0.1,0.2,0.012,0.00998,0.3,0.25,0.1,,0.3,,,,,,,0.09,0.03,0.03,0.133916,1.0,0.0,0.161634,0.0,0.0,1.0,1,27,132,28,C04_S_THRESHOLD,26,27,,29,34,-2,-1,,1,6,0,0,0,,56,126,20,0,,,,,,,0,,0,0.0,0.0,0,,0,0,0,0,0,0,0,0,,,
grand_sim_v0_7,trigger_b_deadlock,recovery,low_stress,0,11000,ring_mesh,ring_mesh,160,0.06,0.1,0.04,0.32,1.2,0.2,0.08,0.06,0.12,0.0075,0.006735,0.3,0.25,0.1,,0.3,,,,,,,0.03,0.03,0.03,0.146134,0.126093,0.0,0.273165,0.0,0.0,1.0,1,55,107,53,C04_S_THRESHOLD,54,55,,59,58,1,2,,6,5,1,0,84,54,20,97,6,0,,,,,,,83,58,102,0.01679,0.0,0,,0,0,0,0,0,0,0,0,,,
grand_sim_v0_7,trigger_b_deadlock,recovery,low_stress,1,11001,ring_mesh,ring_mesh,160,0.06,0.1,0.04,0.32,1.2,0.2,0.08,0.06,0.12,0.0075,0.006735,0.3,0.25,0.1,,0.3,,,,,,,0.03,0.03,0.03,0.141667,0.128495,0.0,0.273612,0.0,0.0,1.0,1,56,106,54,C04_S_THRESHOLD,54,56,,61,59,0,2,,7,5,1,0,82,56,20,94,6,0,,,,,,,81,60,100,0.016647,0.0,0,,0,0,0,0,0,0,0,0,,,
grand_sim_v0_7,trigger_b_deadlock,recovery,low_stress,2,11002,ring_mesh,ring_mesh,160,0.06,0.1,0.04,0.32,1.2,0.2,0.08,0.06,0.12,0.0075,0.006735,0.3,0.25,0.1,,0.3,,,,,,,0.03,0.03,0.03,0.147307,0.12894,0.0,0.272596,0.0,0.0,1.0,1,55,107,53,C04_S_THRESHOLD,54,55,,59,58,1,2,,6,5,1,0,83,55,20,98,6,0,,,,,,,82,59,101,0.015707,0.0,0,,0,0,0,0,0,0,0,0,,,
grand_sim_v0_7,trigger_b_deadlock,recovery,low_stress,3,11003,ring_mesh,ring_mesh,160,0.06,0.1,0.04,0.32,1.2,0.2,0.08,0.06,0.12,0.0075,0.006735,0.3,0.25,0.1,,0.3,,,,,,,0.03,0.03,0.03,0.135811,0.126338,0.0,0.274888,0.0,0.0,1.0,1,55,107,53,C04_S_THRESHOLD,54,55,,59,58,1,2,,6,5,1,0,83,55,20,95,6,0,,,,,,,82,59,101,0.018187,0.0,0,,0,0,0,0,0,0,0,0,,,
grand_sim_v0_7,trigger_b_deadlock,recovery,low_stress,4,11004,ring_mesh,ring_mesh,160,0.06,0.1,0.04,0.32,1.2,0.2,0.08,0.06,0.12,0.0075,0.006735,0.3,0.25,0.1,,0.3,,,,,,,0.03,0.03,0.03,0.145091,0.125169,0.0,0.273463,0.0,0.0,1.0,1,55,107,53,C04_S_THRESHOLD,54,55,,59,58,1,2,,6,5,1,0,83,55,20,96,6,0,,,,,,,82,59,101,0.017222,0.0,0,,0,0,0,0,0,0,0,0,,,
grand_sim_v0_7,trigger_b_deadlock,recovery,low_stress,5,11005,ring_mesh,ring_mesh,160,0.06,0.1,0.04,0.32,1.2,0.2,0.08,0.06,0.12,0.0075,0.006735,0.3,0.25,0.1,,0.3,,,,,,,0.03,0.03,0.03,0.13454,0.125461,0.0,0.275218,0.0,0.0,1.0,1,54,108,52,C04_S_THRESHOLD,54,54,,57,57,2,2,,5,5,1,0,84,54,20,98,6,0,,,,,,,83,57,103,0.015937,0.0,0,,0,0,0,0,0,0,0,0,,,
grand_sim_v0_7,trigger_b_deadlock,recovery,low_stress,6,11006,ring_mesh,ring_mesh,160,0.06,0.1,0.04,0.32,1.2,0.2,0.08,0.06,0.12,0.0075,0.006735,0.3,0.25,0.1,,0.3,,,,,,,0.03,0.03,0.03,0.154793,0.132919,0.0,0.270806,0.0,0.0,1.0,1,56,106,54,C04_S_THRESHOLD,55,56,,60,59,1,2,,6,5,1,0,82,56,20,96,6,0,,,,,,,81,60,100,0.017124,0.0,0,,0,0,0,0,0,0,0,0,,,
grand_sim_v0_7,trigger_b_deadlock,recovery,low_stress,7,11007,ring_mesh,ring_mesh,160,0.06,0.1,0.04,0.32,1.2,0.2,0.08,0.06,0.12,0.0075,0.006735,0.3,0.25,0.1,,0.3,,,,,,,0.03,0.03,0.03,0.150543,0.13231,0.0,0.271608,0.0,0.0,1.0,1,55,107,53,C04_S_THRESHOLD,54,55,,58,58,1,2,,5,5,1,0,84,54,20,95,6,0,,,,,,,83,58,102,0.016862,0.0,0,,0,0,0,0,0,0,0,0,,,
grand_sim_v0_7,trigger_b_deadlock,recovery,low_stress,8,11008,ring_mesh,ring_mesh,160,0.06,0.1,0.04,0.32,1.2,0.2,0.08,0.06,0.12,0.0075,0.006735,0.3,0.25,0.1,,0.3,,,,,,,0.03,0.03,0.03,0.145653,0.127157,0.0,0.273109,0.0,0.0,1.0,1,55,107,53,C04_S_THRESHOLD,54,55,,59,58,1,2,,6,5,1,0,83,55,20,95,6,0,,,,,,,82,59,101,0.016516,0.0,0,,0,0,0,0,0,0,0,0,,,
grand_sim_v0_7,trigger_b_deadlock,recovery,low_stress,9,11009,ring_mesh,ring_mesh,160,0.06,0.1,0.04,0.32,1.2,0.2,0.08,0.06,0.12,0.0075,0.006735,0.3,0.25,0.1,,0.3,,,,,,,0.03,0.03,0.03,0.147497,0.128066,0.0,0.272677,0.0,0.0,1.0,1,55,107,53,C04_S_THRESHOLD,54,55,,59,59,1,2,,6,6,1,0,83,55,20,95,6,0,,,,,,,82,59,101,0.016922,0.0,0,,0,0,0,0,0,0,0,0,,,
grand_sim_v0_7,trigger_b_deadlock,recovery,mid_stress,0,11010,ring_mesh,ring_mesh,160,0.1,0.08,0.06,0.29,1.6,0.12,0.1,0.08,0.16,0.0095,0.00791,0.3,0.25,0.1,,0.3,,,,,,,0.06,0.03,0.03,0.163114,0.837753,0.0,0.177763,0.0,0.0,1.0,1,42,119,41,C04_S_THRESHOLD,42,42,,44,44,1,1,,3,3,1,0,87,53,20,113,6,0,,,,,,,87,53,107,0.015917,0.0,0,,0,0,0,0,0,0,0,0,,,
grand_sim_v0_7,trigger_b_deadlock,recovery,mid_stress,1,11011,ring_mesh,ring_mesh,160,0.1,0.08,0.06,0.29,1.6,0.12,0.1,0.08,0.16,0.0095,0.00791,0.3,0.25,0.1,,0.3,,,,,,,0.06,0.03,0.03,0.178188,0.859256,0.0,0.172405,0.0,0.0,1.0,1,42,119,41,C04_S_THRESHOLD,42,42,,44,44,1,1,,3,3,1,0,87,53,20,113,6,0,,,,,,,87,53,107,0.015904,0.0,0,,0,0,0,0,0,0,0,0,,,
grand_sim_v0_7,trigger_b_deadlock,recovery,mid_stress,2,11012,ring_mesh,ring_mesh,160,0.1,0.08,0.06,0.29,1.6,0.12,0.1,0.08,0.16,0.0095,0.00791,0.3,0.25,0.1,,0.3,,,,,,,0.06,0.03,0.03,0.183905,0.867075,0.0,0.170416,0.0,0.0,1.0,1,42,119,41,C04_S_THRESHOLD,42,42,,44,44,1,1,,3,3,1,0,87,53,20,113,6,0,,,,,,,87,53,107,0.015924,0.0,0,,0,0,0,0,0,0,0,0,,,
grand_sim_v0_7,trigger_b_deadlock,recovery,mid_stress,3,11013,ring_mesh,ring_mesh,160,0.1,0.08,0.06,0.29,1.6,0.12,0.1,0.08,0.16,0.0095,0.00791,0.3,0.25,0.1,,0.3,,,,,,,0.06,0.03,0.03,0.179127,0.861877,0.0,0.171904,0.0,0.0,1.0,1,42,119,41,C04_S_THRESHOLD,42,42,,44,44,1,1,,3,3,1,0,87,53,20,113,6,0,,,,,,,87,53,107,0.015948,0.0,0,,0,0,0,0,0,0,0,0,,,
grand_sim_v0_7,trigger_b_deadlock,recovery,mid_stress,4,11014,ring_mesh,ring_mesh,160,0.1,0.08,0.06,0.29,1.6,0.12,0.1,0.08,0.16,0.0095,0.00791,0.3,0.25,0.1,,0.3,,,,,,,0.06,0.03,0.03,0.17466,0.854583,0.0,0.173612,0.0,0.0,1.0,1,45,118,42,C04_S_THRESHOLD,42,45,,46,46,0,3,,4,4,1,0,87,53,20,111,6,0,,,,,,,87,54,106,0.015877,0.0,0,,0,0,0,0,0,0,0,0,,,
grand_sim_v0_7,trigger_b_deadlock,recovery,mid_stress,5,11015,ring_mesh,ring_mesh,160,0.1,0.08,0.06,0.29,1.6,0.12,0.1,0.08,0.16,0.0095,0.00791,0.3,0.25,0.1,,0.3,,,,,,,0.06,0.03,0.03,0.170546,0.849355,0.0,0.174991,0.0,0.0,1.0,1,42,119,41,C04_S_THRESHOLD,42,42,,44,44,1,1,,3,3,1,0,87,53,20,113,6,0,,,,,,,87,53,107,0.015924,0.0,0,,0,0,0,0,0,0,0,0,,,
grand_sim_v0_7,trigger_b_deadlock,recovery,mid_stress,6,11016,ring_mesh,ring_mesh,160,0.1,0.08,0.06,0.29,1.6,0.12,0.1,0.08,0.16,0.0095,0.00791,0.3,0.25,0.1,,0.3,,,,,,,0.06,0.03,0.03,0.171644,0.855841,0.0,0.173961,0.0,0.0,1.0,1,42,119,41,C04_S_THRESHOLD,42,42,,44,44,1,1,,3,3,1,0,87,53,20,113,6,0,,,,,,,87,53,107,0.015915,0.0,0,,0,0,0,0,0,0,0,0,,,
grand_sim_v0_7,trigger_b_deadlock,recovery,mid_stress,7,11017,ring_mesh,ring_mesh,160,0.1,0.08,0.06,0.29,1.6,0.12,0.1,0.08,0.16,0.0095,0.00791,0.3,0.25,0.1,,0.3,,,,,,,0.06,0.03,0.03,0.174002,0.853763,0.0,0.173831,0.0,0.0,1.0,1,42,119,41,C04_S_THRESHOLD,42,42,,44,44,1,1,,3,3,1,0,87,53,20,113,6,0,,,,,,,87,53,107,0.01592,0.0,0,,0,0,0,0,0,0,0,0,,,
grand_sim_v0_7,trigger_b_deadlock,recovery,mid_stress,8,11018,ring_mesh,ring_mesh,160,0.1,0.08,0.06,0.29,1.6,0.12,0.1,0.08,0.16,0.0095,0.00791,0.3,0.25,0.1,,0.3,,,,,,,0.06,0.03,0.03,0.167026,0.846598,0.0,0.175948,0.0,0.0,1.0,1,42,119,41,C04_S_THRESHOLD,42,42,,44,44,1,1,,3,3,1,0,87,53,20,113,6,0,,,,,,,87,53,107,0.015928,0.0,0,,0,0,0,0,0,0,0,0,,,
grand_sim_v0_7,trigger_b_deadlock,recovery,mid_stress,9,11019,ring_mesh,ring_mesh,160,0.1,0.08,0.06,0.29,1.6,0.12,0.1,0.08,0.16,0.0095,0.00791,0.3,0.25,0.1,,0.3,,,,,,,0.06,0.03,0.03,0.18743,0.869113,0.0,0.169552,0.0,0.0,1.0,1,42,118,42,C04_S_THRESHOLD,42,42,,44,44,0,0,,2,2,1,0,87,53,20,113,6,0,,,,,,,87,53,107,0.015885,0.0,0,,0,0,0,0,0,0,0,0,,,
grand_sim_v0_7,trigger_b_deadlock,recovery,high_stress,0,11020,ring_mesh,ring_mesh,160,0.14,0.05,0.09,0.26,2.0,0.06,0.13,0.1,0.2,0.012,0.00998,0.3,0.25,0.1,,0.3,,,,,,,0.09,0.03,0.03,0.218753,1.0,0.0,0.147212,0.0,0.0,1.0,1,23,138,22,C04_S_THRESHOLD,21,23,,23,26,-1,1,,1,4,0,0,110,32,0,133,0,0,,,,,,,110,32,128,0.015836,0.0,0,,0,0,0,0,0,0,0,0,,,
grand_sim_v0_7,trigger_b_deadlock,recovery,high_stress,1,11021,ring_mesh,ring_mesh,160,0.14,0.05,0.09,0.26,2.0,0.06,0.13,0.1,0.2,0.012,0.00998,0.3,0.25,0.1,,0.3,,,,,,,0.09,0.03,0.03,0.238438,1.0,0.0,0.143865,0.0,0.0,1.0,1,21,138,22,C04_S_THRESHOLD,21,21,,22,25,-1,-1,,0,3,0,0,110,32,0,136,0,0,,,,,,,110,32,128,0.015802,0.0,0,,0,0,0,0,0,0,0,0,,,
grand_sim_v0_7,trigger_b_deadlock,recovery,high_stress,2,11022,ring_mesh,ring_mesh,160,0.14,0.05,0.09,0.26,2.0,0.06,0.13,0.1,0.2,0.012,0.00998,0.3,0.25,0.1,,0.3,,,,,,,0.09,0.03,0.03,0.225561,1.0,0.0,0.146055,0.0,0.0,1.0,1,23,136,24,C04_S_THRESHOLD,22,23,,25,27,-2,-1,,1,3,0,0,110,32,0,132,0,0,,,,,,,110,32,128,0.015875,0.0,0,,0,0,0,0,0,0,0,0,,,
grand_sim_v0_7,trigger_b_deadlock,recovery,high_stress,3,11023,ring_mesh,ring_mesh,160,0.14,0.05,0.09,0.26,2.0,0.06,0.13,0.1,0.2,0.012,0.00998,0.3,0.25,0.1,,0.3,,,,,,,0.09,0.03,0.03,0.236018,1.0,0.0,0.144277,0.0,0.0,1.0,1,23,137,23,C04_S_THRESHOLD,22,23,,24,26,-1,0,,1,3,0,0,110,32,0,133,0,0,,,,,,,110,32,128,0.01585,0.0,0,,0,0,0,0,0,0,0,0,,,
grand_sim_v0_7,trigger_b_deadlock,recovery,high_stress,4,11024,ring_mesh,ring_mesh,160,0.14,0.05,0.09,0.26,2.0,0.06,0.13,0.1,0.2,0.012,0.00998,0.3,0.25,0.1,,0.3,,,,,,,0.09,0.03,0.03,0.228615,1.0,0.0,0.145535,0.0,0.0,1.0,1,22,137,23,C04_S_THRESHOLD,21,22,,23,26,-2,-1,,0,3,0,0,110,32,0,132,0,0,,,,,,,110,32,128,0.015842,0.0,0,,0,0,0,0,0,0,0,0,,,
grand_sim_v0_7,trigger_b_deadlock,recovery,high_stress,5,11025,ring_mesh,ring_mesh,160,0.14,0.05,0.09,0.26,2.0,0.06,0.13,0.1,0.2,0.012,0.00998,0.3,0.25,0.1,,0.3,,,,,,,0.09,0.03,0.03,0.228602,1.0,0.0,0.145538,0.0,0.0,1.0,1,23,137,23,C04_S_THRESHOLD,21,23,,24,26,-2,0,,1,3,0,0,110,32,0,133,0,0,,,,,,,110,32,128,0.01586,0.0,0,,0,0,0,0,0,0,0,0,,,
grand_sim_v0_7,trigger_b_deadlock,recovery,high_stress,6,11026,ring_mesh,ring_mesh,160,0.14,0.05,0.09,0.26,2.0,0.06,0.13,0.1,0.2,0.012,0.00998,0.3,0.25,0.1,,0.3,,,,,,,0.09,0.03,0.03,0.221778,1.0,0.0,0.146698,0.0,0.0,1.0,1,23,137,23,C04_S_THRESHOLD,22,23,,24,27,-1,0,,1,4,0,0,110,32,0,132,0,0,,,,,,,110,32,128,0.015875,0.0,0,,0,0,0,0,0,0,0,0,,,
grand_sim_v0_7,trigger_b_deadlock,recovery,high_stress,7,11027,ring_mesh,ring_mesh,160,0.14,0.05,0.09,0.26,2.0,0.06,0.13,0.1,0.2,0.012,0.00998,0.3,0.25,0.1,,0.3,,,,,,,0.09,0.03,0.03,0.222885,1.0,0.0,0.14651,0.0,0.0,1.0,1,21,138,22,C04_S_THRESHOLD,21,21,,23,26,-1,-1,,1,4,0,0,110,32,0,133,0,0,,,,,,,110,32,128,0.015845,0.0,0,,0,0,0,0,0,0,0,0,,,
grand_sim_v0_7,trigger_b_deadlock,recovery,high_stress,8,11028,ring_mesh,ring_mesh,160,0.14,0.05,0.09,0.26,2.0,0.06,0.13,0.1,0.2,0.012,0.00998,0.3,0.25,0.1,,0.3,,,,,,,0.09,0.03,0.03,0.223968,1.0,0.0,0.146325,0.0,0.0,1.0,1,21,138,22,C04_S_THRESHOLD,20,21,,22,26,-2,-1,,0,4,0,0,110,32,0,134,0,0,,,,,,,110,32,128,0.015788,0.0,0,,0,0,0,0,0,0,0,0,,,
grand_sim_v0_7,trigger_b_deadlock,recovery,high_stress,9,11029,ring_mesh,ring_mesh,160,0.14,0.05,0.09,0.26,2.0,0.06,0.13,0.1,0.2,0.012,0.00998,0.3,0.25,0.1,,0.3,,,,,,,0.09,0.03,0.03,0.238161,1.0,0.0,0.143913,0.0,0.0,1.0,1,20,139,21,C04_S_THRESHOLD,19,20,,22,25,-2,-1,,1,4,0,0,110,32,0,134,0,0,,,,,,,110,32,128,0.015765,0.0,0,,0,0,0,0,0,0,0,0,,,
grand_sim_v0_7,resource_budget_shock,recovery_resource,low_stress,0,11030,ring_mesh,ring_mesh,160,0.06,0.1,0.04,0.32,1.2,0.2,0.08,0.06,0.12,0.0075,0.006735,0.3,0.25,0.1,,0.3,,,,,,,0.03,0.03,0.03,0.173117,0.146448,0.0,0.265932,0.0,0.0,1.0,1,55,107,53,C04_S_THRESHOLD,54,55,,58,57,1,2,,5,4,1,0,85,54,20,99,6,0,,,,,,,84,56,104,0.025621,0.0,0,,0,0,0,0,0,0,0,0,,,
grand_sim_v0_7,resource_budget_shock,recovery_resource,low_stress,1,11031,ring_mesh,ring_mesh,160,0.06,0.1,0.04,0.32,1.2,0.2,0.08,0.06,0.12,0.0075,0.006735,0.3,0.25,0.1,,0.3,,,,,,,0.03,0.03,0.03,0.181214,0.148289,0.0,0.264316,0.0,0.0,1.0,1,54,108,52,C04_S_THRESHOLD,53,54,,57,57,1,2,,5,5,1,0,85,54,20,98,6,0,,,,,,,84,56,104,0.025792,0.0,0,,0,0,0,0,0,0,0,0,,,
grand_sim_v0_7,resource_budget_shock,recovery_resource,low_stress,2,11032,ring_mesh,ring_mesh,160,0.06,0.1,0.04,0.32,1.2,0.2,0.08,0.06,0.12,0.0075,0.006735,0.3,0.25,0.1,,0.3,,,,,,,0.03,0.03,0.03,0.188839,0.154097,0.0,0.262265,0.0,0.0,1.0,1,54,108,52,C04_S_THRESHOLD,53,54,,57,57,1,2,,5,5,1,0,86,53,20,99,6,0,,,,,,,85,55,105,0.023384,0.0,0,,0,0,0,0,0,0,0,0,,,
grand_sim_v0_7,resource_budget_shock,recovery_resource,low_stress,3,11033,ring_mesh,ring_mesh,160,0.06,0.1,0.04,0.32,1.2,0.2,0.08,0.06,0.12,0.0075,0.006735,0.3,0.25,0.1,,0.3,,,,,,,0.03,0.03,0.03,0.172263,0.146044,0.0,0.266129,0.0,0.0,1.0,1,59,107,53,C04_S_THRESHOLD,54,59,,61,59,1,6,,8,6,1,0,84,55,20,95,6,0,,,,,,,83,57,103,0.026447,0.0,0,,0,0,0,0,0,0,0,0,,,
grand_sim_v0_7,resource_budget_shock,recovery_resource,low_stress,4,11034,ring_mesh,ring_mesh,160,0.06,0.1,0.04,0.32,1.2,0.2,0.08,0.06,0.12,0.0075,0.006735,0.3,0.25,0.1,,0.3,,,,,,,0.03,0.03,0.03,0.176559,0.150059,0.0,0.264877,0.0,0.0,1.0,1,54,108,52,C04_S_THRESHOLD,54,54,,57,57,2,2,,5,5,1,0,85,54,20,99,6,0,,,,,,,84,56,104,0.023973,0.0,0,,0,0,0,0,0,0,0,0,,,
grand_sim_v0_7,resource_budget_shock,recovery_resource,low_stress,5,11035,ring_mesh,ring_mesh,160,0.06,0.1,0.04,0.32,1.2,0.2,0.08,0.06,0.12,0.0075,0.006735,0.3,0.25,0.1,,0.3,,,,,,,0.03,0.03,0.03,0.165573,0.141539,0.0,0.267853,0.0,0.0,1.0,1,54,108,52,C04_S_THRESHOLD,54,54,,57,57,2,2,,5,5,1,0,85,54,20,98,6,0,,,,,,,84,56,104,0.02557,0.0,0,,0,0,0,0,0,0,0,0,,,
grand_sim_v0_7,resource_budget_shock,recovery_resource,low_stress,6,11036,ring_mesh,ring_mesh,160,0.06,0.1,0.04,0.32,1.2,0.2,0.08,0.06,0.12,0.0075,0.006735,0.3,0.25,0.1,,0.3,,,,,,,0.03,0.03,0.03,0.182405,0.149679,0.0,0.263933,0.0,0.0,1.0,1,54,108,52,C04_S_THRESHOLD,53,54,,57,56,1,2,,5,4,1,0,86,53,20,99,6,0,,,,,,,85,55,105,0.023047,0.0,0,,0,0,0,0,0,0,0,0,,,
grand_sim_v0_7,resource_budget_shock,recovery_resource,low_stress,7,11037,ring_mesh,ring_mesh,160,0.06,0.1,0.04,0.32,1.2,0.2,0.08,0.06,0.12,0.0075,0.006735,0.3,0.25,0.1,,0.3,,,,,,,0.03,0.03,0.03,0.184523,0.154625,0.0,0.26293,0.0,0.0,1.0,1,54,107,53,C04_S_THRESHOLD,54,54,,59,58,1,1,,6,5,1,0,84,55,20,95,6,0,,,,,,,83,57,103,0.025791,0.0,0,,0,0,0,0,0,0,0,0,,,
grand_sim_v0_7,resource_budget_shock,recovery_resource,low_stress,8,11038,ring_mesh,ring_mesh,160,0.06,0.1,0.04,0.32,1.2,0.2,0.08,0.06,0.12,0.0075,0.006735,0.3,0.25,0.1,,0.3,,,,,,,0.03,0.03,0.03,0.17008,0.147479,0.0,0.266314,0.0,0.0,1.0,1,54,108,52,C04_S_THRESHOLD,54,54,,57,57,2,2,,5,5,1,0,85,54,20,98,6,0,,,,,,,84,56,104,0.025729,0.0,0,,0,0,0,0,0,0,0,0,,,
grand_sim_v0_7,resource_budget_shock,recovery_resource,low_stress,9,11039,ring_mesh,ring_mesh,160,0.06,0.1,0.04,0.32,1.2,0.2,0.08,0.06,0.12,0.0075,0.006735,0.3,0.25,0.1,,0.3,,,,,,,0.03,0.03,0.03,0.177564,0.146666,0.0,0.265148,0.0,0.0,1.0,1,55,107,53,C04_S_THRESHOLD,54,55,,59,58,1,2,,6,5,1,0,85,54,20,96,6,0,,,,,,,84,56,104,0.026141,0.0,0,,0,0,0,0,0,0,0,0,,,
grand_sim_v0_7,resource_budget_shock,recovery_resource,mid_stress,0,11040,ring_mesh,ring_mesh,160,0.1,0.08,0.06,0.29,1.6,0.12,0.1,0.08,0.16,0.0095,0.00791,0.3,0.25,0.1,,0.3,,,,,,,0.06,0.03,0.03,0.193595,0.885575,0.0,0.166364,0.0,0.0,1.0,1,41,120,40,C04_S_THRESHOLD,41,41,,42,43,1,1,,2,3,1,0,87,53,20,114,6,0,,,,,,,87,47,113,0.023069,0.0,0,,0,0,0,0,0,0,0,0,,,
grand_sim_v0_7,resource_budget_shock,recovery_resource,mid_stress,1,11041,ring_mesh,ring_mesh,160,0.1,0.08,0.06,0.29,1.6,0.12,0.1,0.08,0.16,0.0095,0.00791,0.3,0.25,0.1,,0.3,,,,,,,0.06,0.03,0.03,0.207837,0.894981,0.0,0.16272,0.0,0.0,1.0,1,41,119,41,C04_S_THRESHOLD,41,41,,43,44,0,0,,2,3,1,0,87,53,20,114,6,0,,,,,,,87,47,113,0.023071,0.0,0,,0,0,0,0,0,0,0,0,,,
grand_sim_v0_7,resource_budget_shock,recovery_resource,mid_stress,2,11042,ring_mesh,ring_mesh,160,0.1,0.08,0.06,0.29,1.6,0.12,0.1,0.08,0.16,0.0095,0.00791,0.3,0.25,0.1,,0.3,,,,,,,0.06,0.03,0.03,0.208391,0.904695,0.0,0.161363,0.0,0.0,1.0,1,41,120,40,C04_S_THRESHOLD,41,41,,43,43,1,1,,3,3,1,0,87,53,20,114,7,0,,,,,,,87,47,113,0.023067,0.0,0,,0,0,0,0,0,0,0,0,,,
grand_sim_v0_7,resource_budget_shock,recovery_resource,mid_stress,3,11043,ring_mesh,ring_mesh,160,0.1,0.08,0.06,0.29,1.6,0.12,0.1,0.08,0.16,0.0095,0.00791,0.3,0.25,0.1,,0.3,,,,,,,0.06,0.03,0.03,0.218843,0.898504,0.0,0.160391,0.0,0.0,1.0,1,41,119,41,C04_S_THRESHOLD,41,41,,43,43,0,0,,2,2,1,0,87,53,20,113,6,0,,,,,,,87,48,112,0.023074,0.0,0,,0,0,0,0,0,0,0,0,,,
grand_sim_v0_7,resource_budget_shock,recovery_resource,mid_stress,4,11044,ring_mesh,ring_mesh,160,0.1,0.08,0.06,0.29,1.6,0.12,0.1,0.08,0.16,0.0095,0.00791,0.3,0.25,0.1,,0.3,,,,,,,0.06,0.03,0.03,0.213113,0.904088,0.0,0.160639,0.0,0.0,1.0,1,42,119,41,C04_S_THRESHOLD,41,42,,44,44,0,1,,3,3,1,0,87,53,20,112,6,0,,,,,,,87,47,113,0.023054,0.0,0,,0,0,0,0,0,0,0,0,,,
grand_sim_v0_7,resource_budget_shock,recovery_resource,mid_stress,5,11045,ring_mesh,ring_mesh,160,0.1,0.08,0.06,0.29,1.6,0.12,0.1,0.08,0.16,0.0095,0.00791,0.3,0.25,0.1,,0.3,,,,,,,0.06,0.03,0.03,0.206189,0.89963,0.0,0.162396,0.0,0.0,1.0,1,41,119,41,C04_S_THRESHOLD,41,41,,44,44,0,0,,3,3,1,0,87,53,20,113,6,0,,,,,,,87,47,113,0.023097,0.0,0,,0,0,0,0,0,0,0,0,,,
grand_sim_v0_7,resource_budget_shock,recovery_resource,mid_stress,6,11046,ring_mesh,ring_mesh,160,0.1,0.08,0.06,0.29,1.6,0.12,0.1,0.08,0.16,0.0095,0.00791,0.3,0.25,0.1,,0.3,,,,,,,0.06,0.03,0.03,0.209355,0.900147,0.0,0.161791,0.0,0.0,1.0,1,41,119,41,C04_S_THRESHOLD,41,41,,43,43,0,0,,2,2,1,0,87,53,20,114,6,0,,,,,,,87,48,112,0.023072,0.0,0,,0,0,0,0,0,0,0,0,,,
grand_sim_v0_7,resource_budget_shock,recovery_resource,mid_stress,7,11047,ring_mesh,ring_mesh,160,0.1,0.08,0.06,0.29,1.6,0.12,0.1,0.08,0.16,0.0095,0.00791,0.3,0.25,0.1,,0.3,,,,,,,0.06,0.03,0.03,0.211632,0.904882,0.0,0.160788,0.0,0.0,1.0,1,42,119,41,C04_S_THRESHOLD,41,42,,44,44,0,1,,3,3,1,0,87,53,20,113,6,0,,,,,,,87,48,112,0.023037,0.0,0,,0,0,0,0,0,0,0,0,,,
grand_sim_v0_7,resource_budget_shock,recovery_resource,mid_stress,8,11048,ring_mesh,ring_mesh,160,0.1,0.08,0.06,0.29,1.6,0.12,0.1,0.08,0.16,0.0095,0.00791,0.3,0.25,0.1,,0.3,,,,,,,0.06,0.03,0.03,0.208869,0.900806,0.0,0.161788,0.0,0.0,1.0,1,41,119,41,C04_S_THRESHOLD,41,41,,43,43,0,0,,2,2,1,0,87,53,20,114,6,0,,,,,,,87,48,112,0.023082,0.0,0,,0,0,0,0,0,0,0,0,,,
grand_sim_v0_7,resource_budget_shock,recovery_resource,mid_stress,9,11049,ring_mesh,ring_mesh,160,0.1,0.08,0.06,0.29,1.6,0.12,0.1,0.08,0.16,0.0095,0.00791,0.3,0.25,0.1,,0.3,,,,,,,0.06,0.03,0.03,0.224775,0.908699,0.0,0.158057,0.0,0.0,1.0,1,41,119,41,C04_S_THRESHOLD,41,41,,43,44,0,0,,2,3,1,0,87,53,20,113,6,0,,,,,,,87,47,113,0.023057,0.0,0,,0,0,0,0,0,0,0,0,,,
grand_sim_v0_7,resource_budget_shock,recovery_resource,high_stress,0,11050,ring_mesh,ring_mesh,160,0.14,0.05,0.09,0.26,2.0,0.06,0.13,0.1,0.2,0.012,0.00998,0.3,0.25,0.1,,0.3,,,,,,,0.09,0.03,0.03,0.260385,1.0,0.0,0.140135,0.0,0.0,1.0,1,20,140,20,C04_S_THRESHOLD,19,20,,21,24,-1,0,,1,4,0,0,111,31,0,135,0,0,,,,,,,111,23,137,0.022864,0.0,0,,0,0,0,0,0,0,0,0,,,
grand_sim_v0_7,resource_budget_shock,recovery_resource,high_stress,1,11051,ring_mesh,ring_mesh,160,0.14,0.05,0.09,0.26,2.0,0.06,0.13,0.1,0.2,0.012,0.00998,0.3,0.25,0.1,,0.3,,,,,,,0.09,0.03,0.03,0.262744,1.0,0.0,0.139734,0.0,0.0,1.0,1,22,138,22,C04_S_THRESHOLD,21,22,,23,26,-1,0,,1,4,0,0,110,32,0,133,0,0,,,,,,,110,32,128,0.022956,0.0,0,,0,0,0,0,0,0,0,0,,,
grand_sim_v0_7,resource_budget_shock,recovery_resource,high_stress,2,11052,ring_mesh,ring_mesh,160,0.14,0.05,0.09,0.26,2.0,0.06,0.13,0.1,0.2,0.012,0.00998,0.3,0.25,0.1,,0.3,,,,,,,0.09,0.03,0.03,0.253142,1.0,0.0,0.141366,0.0,0.0,1.0,1,21,139,21,C04_S_THRESHOLD,20,21,,22,25,-1,0,,1,4,0,0,111,32,0,134,0,0,,,,,,,111,24,136,0.022869,0.0,0,,0,0,0,0,0,0,0,0,,,
grand_sim_v0_7,resource_budget_shock,recovery_resource,high_stress,3,11053,ring_mesh,ring_mesh,160,0.14,0.05,0.09,0.26,2.0,0.06,0.13,0.1,0.2,0.012,0.00998,0.3,0.25,0.1,,0.3,,,,,,,0.09,0.03,0.03,0.264182,1.0,0.0,0.139489,0.0,0.0,1.0,1,19,140,20,C04_S_THRESHOLD,18,19,,20,24,-2,-1,,0,4,0,0,111,32,0,136,0,0,,,,,,,111,26,134,0.022793,0.0,0,,0,0,0,0,0,0,0,0,,,
grand_sim_v0_7,resource_budget_shock,recovery_resource,high_stress,4,11054,ring_mesh,ring_mesh,160,0.14,0.05,0.09,0.26,2.0,0.06,0.13,0.1,0.2,0.012,0.00998,0.3,0.25,0.1,,0.3,,,,,,,0.09,0.03,0.03,0.250179,1.0,0.0,0.14187,0.0,0.0,1.0,1,20,140,20,C04_S_THRESHOLD,19,20,,21,25,-1,0,,1,5,0,0,111,31,0,135,0,0,,,,,,,111,25,135,0.022869,0.0,0,,0,0,0,0,0,0,0,0,,,
grand_sim_v0_7,resource_budget_shock,recovery_resource,high_stress,5,11055,ring_mesh,ring_mesh,160,0.14,0.05,0.09,0.26,2.0,0.06,0.13,0.1,0.2,0.012,0.00998,0.3,0.25,0.1,,0.3,,,,,,,0.09,0.03,0.03,0.253213,1.0,0.0,0.141354,0.0,0.0,1.0,1,20,139,21,C04_S_THRESHOLD,19,20,,21,25,-2,-1,,0,4,0,0,110,32,0,134,0,0,,,,,,,110,25,135,0.022848,0.0,0,,0,0,0,0,0,0,0,0,,,
grand_sim_v0_7,resource_budget_shock,recovery_resource,high_stress,6,11056,ring_mesh,ring_mesh,160,0.14,0.05,0.09,0.26,2.0,0.06,0.13,0.1,0.2,0.012,0.00998,0.3,0.25,0.1,,0.3,,,,,,,0.09,0.03,0.03,0.252247,1.0,0.0,0.141518,0.0,0.0,1.0,1,20,140,20,C04_S_THRESHOLD,19,20,,21,25,-1,0,,1,5,0,0,110,32,0,134,0,0,,,,,,,110,25,135,0.022827,0.0,0,,0,0,0,0,0,0,0,0,,,
grand_sim_v0_7,resource_budget_shock,recovery_resource,high_stress,7,11057,ring_mesh,ring_mesh,160,0.14,0.05,0.09,0.26,2.0,0.06,0.13,0.1,0.2,0.012,0.00998,0.3,0.25,0.1,,0.3,,,,,,,0.09,0.03,0.03,0.259034,1.0,0.0,0.140364,0.0,0.0,1.0,1,20,140,20,C04_S_THRESHOLD,18,20,,21,25,-2,0,,1,5,0,0,111,31,0,135,0,0,,,,,,,111,29,131,0.022862,0.0,0,,0,0,0,0,0,0,0,0,,,
grand_sim_v0_7,resource_budget_shock,recovery_resource,high_stress,8,11058,ring_mesh,ring_mesh,160,0.14,0.05,0.09,0.26,2.0,0.06,0.13,0.1,0.2,0.012,0.00998,0.3,0.25,0.1,,0.3,,,,,,,0.09,0.03,0.03,0.252322,1.0,0.0,0.141505,0.0,0.0,1.0,1,21,138,22,C04_S_THRESHOLD,21,21,,23,26,-1,-1,,1,4,0,0,110,32,0,133,0,0,,,,,,,110,25,135,0.0229,0.0,0,,0,0,0,0,0,0,0,0,,,
grand_sim_v0_7,resource_budget_shock,recovery_resource,high_stress,9,11059,ring_mesh,ring_mesh,160,0.14,0.05,0.09,0.26,2.0,0.06,0.13,0.1,0.2,0.012,0.00998,0.3,0.25,0.1,,0.3,,,,,,,0.09,0.03,0.03,0.265667,1.0,0.0,0.139237,0.0,0.0,1.0,1,22,138,22,C04_S_THRESHOLD,21,22,,23,25,-1,0,,1,3,0,0,111,32,0,134,0,0,,,,,,,111,28,132,0.022894,0.0,0,,0,0,0,0,0,0,0,0,,,
grand_sim_v0_7,resource_routing_delay,recovery_resource,low_stress,0,11060,ring_mesh,ring_mesh,160,0.06,0.1,0.04,0.32,1.2,0.2,0.08,0.06,0.12,0.0075,0.006735,0.3,0.25,0.1,,0.3,,,,,,,0.25,0.03,0.03,0.159696,0.148921,0.0,0.267892,0.0,0.0,1.0,1,65,102,58,C04_S_THRESHOLD,64,65,,69,65,6,7,,11,7,1,0,76,63,20,90,6,0,,,,,,,75,68,92,0.022788,0.009758,160,,0,0,0,0,0,0,0,0,,,
grand_sim_v0_7,resource_routing_delay,recovery_resource,low_stress,1,11061,ring_mesh,ring_mesh,160,0.06,0.1,0.04,0.32,1.2,0.2,0.08,0.06,0.12,0.0075,0.006735,0.3,0.25,0.1,,0.3,,,,,,,0.25,0.03,0.03,0.163162,0.145418,0.0,0.267758,0.0,0.0,1.0,1,65,101,59,C04_S_THRESHOLD,64,65,,72,66,5,6,,13,7,1,0,74,65,20,88,7,1,,,,,,,73,69,91,0.023082,0.010191,160,,0,0,0,0,0,0,0,0,,,
grand_sim_v0_7,resource_routing_delay,recovery_resource,low_stress,2,11062,ring_mesh,ring_mesh,160,0.06,0.1,0.04,0.32,1.2,0.2,0.08,0.06,0.12,0.0075,0.006735,0.3,0.25,0.1,,0.3,,,,,,,0.25,0.03,0.03,0.1611,0.147934,0.0,0.267782,0.0,0.0,1.0,1,65,101,59,C04_S_THRESHOLD,64,65,,71,66,5,6,,12,7,1,0,74,65,20,88,6,0,,,,,,,73,69,91,0.023424,0.010189,160,,0,0,0,0,0,0,0,0,,,
grand_sim_v0_7,resource_routing_delay,recovery_resource,low_stress,3,11063,ring_mesh,ring_mesh,160,0.06,0.1,0.04,0.32,1.2,0.2,0.08,0.06,0.12,0.0075,0.006735,0.3,0.25,0.1,,0.3,,,,,,,0.25,0.03,0.03,0.166728,0.152164,0.0,0.266275,0.0,0.0,1.0,1,65,101,59,C04_S_THRESHOLD,65,65,,71,66,6,6,,12,7,1,0,75,64,20,88,6,0,,,,,,,74,68,92,0.022752,0.010052,160,,0,0,0,0,0,0,0,0,,,
grand_sim_v0_7,resource_routing_delay,recovery_resource,low_stress,4,11064,ring_mesh,ring_mesh,160,0.06,0.1,0.04,0.32,1.2,0.2,0.08,0.06,0.12,0.0075,0.006735,0.3,0.25,0.1,,0.3,,,,,,,0.25,0.03,0.03,0.164578,0.14925,0.0,0.267019,0.0,0.0,1.0,1,64,101,59,C04_S_THRESHOLD,61,64,,70,65,2,5,,11,6,1,0,76,63,20,89,6,0,,,,,,,75,67,93,0.022928,0.010192,160,,0,0,0,0,0,0,0,0,,,
grand_sim_v0_7,resource_routing_delay,recovery_resource,low_stress,5,11065,ring_mesh,ring_mesh,160,0.06,0.1,0.04,0.32,1.2,0.2,0.08,0.06,0.12,0.0075,0.006735,0.3,0.25,0.1,,0.3,,,,,,,0.25,0.03,0.03,0.166562,0.151442,0.0,0.266397,0.0,0.0,1.0,1,65,101,59,C04_S_THRESHOLD,64,65,,69,65,5,6,,10,6,1,0,75,64,20,89,6,0,,,,,,,74,68,92,0.022816,0.010968,160,,0,0,0,0,0,0,0,0,,,
grand_sim_v0_7,resource_routing_delay,recovery_resource,low_stress,6,11066,ring_mesh,ring_mesh,160,0.06,0.1,0.04,0.32,1.2,0.2,0.08,0.06,0.12,0.0075,0.006735,0.3,0.25,0.1,,0.3,,,,,,,0.25,0.03,0.03,0.162201,0.15087,0.0,0.267213,0.0,0.0,1.0,1,64,101,59,C04_S_THRESHOLD,64,64,,70,65,5,5,,11,6,1,0,75,64,20,89,6,0,,,,,,,74,68,92,0.023438,0.010413,160,,0,0,0,0,0,0,0,0,,,
grand_sim_v0_7,resource_routing_delay,recovery_resource,low_stress,7,11067,ring_mesh,ring_mesh,160,0.06,0.1,0.04,0.32,1.2,0.2,0.08,0.06,0.12,0.0075,0.006735,0.3,0.25,0.1,,0.3,,,,,,,0.25,0.03,0.03,0.158643,0.148945,0.0,0.268068,0.0,0.0,1.0,1,65,102,58,C04_S_THRESHOLD,63,65,,69,65,5,7,,11,7,1,0,76,63,20,90,6,0,,,,,,,75,67,93,0.023044,0.009993,160,,0,0,0,0,0,0,0,0,,,
grand_sim_v0_7,resource_routing_delay,recovery_resource,low_stress,8,11068,ring_mesh,ring_mesh,160,0.06,0.1,0.04,0.32,1.2,0.2,0.08,0.06,0.12,0.0075,0.006735,0.3,0.25,0.1,,0.3,,,,,,,0.25,0.03,0.03,0.161417,0.145921,0.0,0.267989,0.0,0.0,1.0,1,66,100,60,C04_S_THRESHOLD,65,66,,73,67,5,6,,13,7,1,0,74,65,20,87,6,0,,,,,,,73,70,90,0.023272,0.010806,160,,0,0,0,0,0,0,0,0,,,
grand_sim_v0_7,resource_routing_delay,recovery_resource,low_stress,9,11069,ring_mesh,ring_mesh,160,0.06,0.1,0.04,0.32,1.2,0.2,0.08,0.06,0.12,0.0075,0.006735,0.3,0.25,0.1,,0.3,,,,,,,0.25,0.03,0.03,0.154218,0.149133,0.0,0.268796,0.0,0.0,1.0,1,66,101,59,C04_S_THRESHOLD,65,66,,72,66,6,7,,13,7,1,0,74,65,20,88,6,0,,,,,,,73,69,91,0.023388,0.010562,160,,0,0,0,0,0,0,0,0,,,
grand_sim_v0_7,resource_routing_delay,recovery_resource,mid_stress,0,11070,ring_mesh,ring_mesh,160,0.1,0.08,0.06,0.29,1.6,0.12,0.1,0.08,0.16,0.0095,0.00791,0.3,0.25,0.1,,0.3,,,,,,,0.28,0.03,0.03,0.196913,0.89682,0.0,0.164338,0.0,0.0,1.0,1,47,117,43,C04_S_THRESHOLD,46,47,,49,47,3,4,,6,4,1,0,87,53,20,111,7,6,,,,,,,87,54,106,0.022915,0.01038,160,,0,0,0,0,0,0,0,0,,,
grand_sim_v0_7,resource_routing_delay,recovery_resource,mid_stress,1,11071,ring_mesh,ring_mesh,160,0.1,0.08,0.06,0.29,1.6,0.12,0.1,0.08,0.16,0.0095,0.00791,0.3,0.25,0.1,,0.3,,,,,,,0.28,0.03,0.03,0.20054,0.899833,0.0,0.16333,0.0,0.0,1.0,1,47,117,43,C04_S_THRESHOLD,46,47,,49,47,3,4,,6,4,1,0,87,53,20,111,8,6,,,,,,,87,54,106,0.022886,0.010356,160,,0,0,0,0,0,0,0,0,,,
grand_sim_v0_7,resource_routing_delay,recovery_resource,mid_stress,2,11072,ring_mesh,ring_mesh,160,0.1,0.08,0.06,0.29,1.6,0.12,0.1,0.08,0.16,0.0095,0.00791,0.3,0.25,0.1,,0.3,,,,,,,0.28,0.03,0.03,0.191339,0.893825,0.0,0.165675,0.0,0.0,1.0,1,47,117,43,C04_S_THRESHOLD,46,47,,49,47,3,4,,6,4,1,0,87,53,20,111,8,2,,,,,,,87,54,106,0.022924,0.010347,160,,0,0,0,0,0,0,0,0,,,
grand_sim_v0_7,resource_routing_delay,recovery_resource,mid_stress,3,11073,ring_mesh,ring_mesh,160,0.1,0.08,0.06,0.29,1.6,0.12,0.1,0.08,0.16,0.0095,0.00791,0.3,0.25,0.1,,0.3,,,,,,,0.28,0.03,0.03,0.191829,0.894798,0.0,0.165465,0.0,0.0,1.0,1,47,117,43,C04_S_THRESHOLD,46,47,,49,47,3,4,,6,4,1,0,87,53,20,111,7,5,,,,,,,87,54,106,0.022979,0.010384,160,,0,0,0,0,0,0,0,0,,,
grand_sim_v0_7,resource_routing_delay,recovery_resource,mid_stress,4,11074,ring_mesh,ring_mesh,160,0.1,0.08,0.06,0.29,1.6,0.12,0.1,0.08,0.16,0.0095,0.00791,0.3,0.25,0.1,,0.3,,,,,,,0.28,0.03,0.03,0.195684,0.898343,0.0,0.164349,0.0,0.0,1.0,1,47,116,44,C04_S_THRESHOLD,46,47,,49,47,2,3,,5,3,1,0,87,53,20,110,6,3,,,,,,,87,54,106,0.02291,0.010841,160,,0,0,0,0,0,0,0,0,,,
grand_sim_v0_7,resource_routing_delay,recovery_resource,mid_stress,5,11075,ring_mesh,ring_mesh,160,0.1,0.08,0.06,0.29,1.6,0.12,0.1,0.08,0.16,0.0095,0.00791,0.3,0.25,0.1,,0.3,,,,,,,0.28,0.03,0.03,0.196137,0.894375,0.0,0.164788,0.0,0.0,1.0,1,47,117,43,C04_S_THRESHOLD,46,47,,50,47,3,4,,7,4,1,0,87,53,20,111,7,4,,,,,,,87,54,106,0.022921,0.010382,160,,0,0,0,0,0,0,0,0,,,
grand_sim_v0_7,resource_routing_delay,recovery_resource,mid_stress,6,11076,ring_mesh,ring_mesh,160,0.1,0.08,0.06,0.29,1.6,0.12,0.1,0.08,0.16,0.0095,0.00791,0.3,0.25,0.1,,0.3,,,,,,,0.28,0.03,0.03,0.189659,0.896814,0.0,0.165572,0.0,0.0,1.0,1,47,117,43,C04_S_THRESHOLD,46,47,,49,47,3,4,,6,4,1,0,87,53,20,112,7,2,,,,,,,87,54,106,0.022951,0.010355,160,,0,0,0,0,0,0,0,0,,,
grand_sim_v0_7,resource_routing_delay,recovery_resource,mid_stress,7,11077,ring_mesh,ring_mesh,160,0.1,0.08,0.06,0.29,1.6,0.12,0.1,0.08,0.16,0.0095,0.00791,0.3,0.25,0.1,,0.3,,,,,,,0.28,0.03,0.03,0.191534,0.894192,0.0,0.165594,0.0,0.0,1.0,1,47,116,44,C04_S_THRESHOLD,47,47,,50,48,3,3,,6,4,1,0,87,53,20,110,6,5,,,,,,,87,54,106,0.022887,0.010392,160,,0,0,0,0,0,0,0,0,,,
grand_sim_v0_7,resource_routing_delay,recovery_resource,mid_stress,8,11078,ring_mesh,ring_mesh,160,0.1,0.08,0.06,0.29,1.6,0.12,0.1,0.08,0.16,0.0095,0.00791,0.3,0.25,0.1,,0.3,,,,,,,0.28,0.03,0.03,0.190229,0.888952,0.0,0.166497,0.0,0.0,1.0,1,47,117,43,C04_S_THRESHOLD,47,47,,50,47,4,4,,7,4,1,0,87,53,20,111,7,7,,,,,,,87,54,106,0.022835,0.01035,160,,0,0,0,0,0,0,0,0,,,
grand_sim_v0_7,resource_routing_delay,recovery_resource,mid_stress,9,11079,ring_mesh,ring_mesh,160,0.1,0.08,0.06,0.29,1.6,0.12,0.1,0.08,0.16,0.0095,0.00791,0.3,0.25,0.1,,0.3,,,,,,,0.28,0.03,0.03,0.199398,0.899754,0.0,0.163534,0.0,0.0,1.0,1,47,116,44,C04_S_THRESHOLD,46,47,,50,47,2,3,,6,3,1,0,87,53,20,111,7,6,,,,,,,87,54,106,0.02286,0.010373,160,,0,0,0,0,0,0,0,0,,,
grand_sim_v0_7,resource_routing_delay,recovery_resource,high_stress,0,11080,ring_mesh,ring_mesh,160,0.14,0.05,0.09,0.26,2.0,0.06,0.13,0.1,0.2,0.012,0.00998,0.3,0.25,0.1,,0.3,,,,,,,0.31,0.03,0.03,0.251266,1.0,0.0,0.141685,0.0,0.0,1.0,1,26,136,24,C04_S_THRESHOLD,25,26,,26,28,1,2,,2,4,1,0,110,32,0,131,3,3,,,,,,,110,32,128,0.023004,0.010377,160,,0,0,0,0,0,0,0,0,,,
grand_sim_v0_7,resource_routing_delay,recovery_resource,high_stress,1,11081,ring_mesh,ring_mesh,160,0.14,0.05,0.09,0.26,2.0,0.06,0.13,0.1,0.2,0.012,0.00998,0.3,0.25,0.1,,0.3,,,,,,,0.31,0.03,0.03,0.248959,1.0,0.0,0.142077,0.0,0.0,1.0,1,27,135,25,C04_S_THRESHOLD,26,27,,28,29,1,2,,3,4,1,0,110,32,0,128,3,3,,,,,,,110,33,127,0.023072,0.010442,160,,0,0,0,0,0,0,0,0,,,
grand_sim_v0_7,resource_routing_delay,recovery_resource,high_stress,2,11082,ring_mesh,ring_mesh,160,0.14,0.05,0.09,0.26,2.0,0.06,0.13,0.1,0.2,0.012,0.00998,0.3,0.25,0.1,,0.3,,,,,,,0.31,0.03,0.03,0.258509,1.0,0.0,0.140453,0.0,0.0,1.0,1,27,135,25,C04_S_THRESHOLD,25,27,,28,28,0,2,,3,3,1,0,110,32,0,130,3,3,,,,,,,110,33,127,0.023042,0.010402,160,,0,0,0,0,0,0,0,0,,,
grand_sim_v0_7,resource_routing_delay,recovery_resource,high_stress,3,11083,ring_mesh,ring_mesh,160,0.14,0.05,0.09,0.26,2.0,0.06,0.13,0.1,0.2,0.012,0.00998,0.3,0.25,0.1,,0.3,,,,,,,0.31,0.03,0.03,0.255289,1.0,0.0,0.141001,0.0,0.0,1.0,1,25,137,23,C04_S_THRESHOLD,24,25,,26,27,1,2,,3,4,1,0,110,32,0,130,1,1,,,,,,,110,32,128,0.022967,0.010375,160,,0,0,0,0,0,0,0,0,,,
grand_sim_v0_7,resource_routing_delay,recovery_resource,high_stress,4,11084,ring_mesh,ring_mesh,160,0.14,0.05,0.09,0.26,2.0,0.06,0.13,0.1,0.2,0.012,0.00998,0.3,0.25,0.1,,0.3,,,,,,,0.31,0.03,0.03,0.249088,1.0,0.0,0.142055,0.0,0.0,1.0,1,27,135,25,C04_S_THRESHOLD,26,27,,28,28,1,2,,3,3,1,0,110,32,0,129,7,7,,,,,,,110,33,127,0.023022,0.010394,160,,0,0,0,0,0,0,0,0,,,
grand_sim_v0_7,resource_routing_delay,recovery_resource,high_stress,5,11085,ring_mesh,ring_mesh,160,0.14,0.05,0.09,0.26,2.0,0.06,0.13,0.1,0.2,0.012,0.00998,0.3,0.25,0.1,,0.3,,,,,,,0.31,0.03,0.03,0.249393,1.0,0.0,0.142003,0.0,0.0,1.0,1,28,135,25,C04_S_THRESHOLD,27,28,,28,29,2,3,,3,4,1,0,110,32,0,129,3,3,,,,,,,110,33,127,0.023051,0.010421,160,,0,0,0,0,0,0,0,0,,,
grand_sim_v0_7,resource_routing_delay,recovery_resource,high_stress,6,11086,ring_mesh,ring_mesh,160,0.14,0.05,0.09,0.26,2.0,0.06,0.13,0.1,0.2,0.012,0.00998,0.3,0.25,0.1,,0.3,,,,,,,0.31,0.03,0.03,0.246797,1.0,0.0,0.142444,0.0,0.0,1.0,1,28,135,25,C04_S_THRESHOLD,26,28,,29,29,1,3,,4,4,1,0,110,32,0,129,6,6,,,,,,,110,33,127,0.02306,0.010428,160,,0,0,0,0,0,0,0,0,,,
grand_sim_v0_7,resource_routing_delay,recovery_resource,high_stress,7,11087,ring_mesh,ring_mesh,160,0.14,0.05,0.09,0.26,2.0,0.06,0.13,0.1,0.2,0.012,0.00998,0.3,0.25,0.1,,0.3,,,,,,,0.31,0.03,0.03,0.246768,1.0,0.0,0.14245,0.0,0.0,1.0,1,26,136,24,C04_S_THRESHOLD,25,26,,27,28,1,2,,3,4,1,0,110,32,0,130,0,0,,,,,,,110,32,128,0.023101,0.010417,160,,0,0,0,0,0,0,0,0,,,
grand_sim_v0_7,resource_routing_delay,recovery_resource,high_stress,8,11088,ring_mesh,ring_mesh,160,0.14,0.05,0.09,0.26,2.0,0.06,0.13,0.1,0.2,0.012,0.00998,0.3,0.25,0.1,,0.3,,,,,,,0.31,0.03,0.03,0.243934,1.0,0.0,0.142931,0.0,0.0,1.0,1,27,136,24,C04_S_THRESHOLD,26,27,,28,28,2,3,,4,4,1,0,111,32,0,130,4,4,,,,,,,111,32,128,0.023036,0.01042,160,,0,0,0,0,0,0,0,0,,,
grand_sim_v0_7,resource_routing_delay,recovery_resource,high_stress,9,11089,ring_mesh,ring_mesh,160,0.14,0.05,0.09,0.26,2.0,0.06,0.13,0.1,0.2,0.012,0.00998,0.3,0.25,0.1,,0.3,,,,,,,0.31,0.03,0.03,0.244729,1.0,0.0,0.142796,0.0,0.0,1.0,1,29,135,25,C04_S_THRESHOLD,26,29,,29,29,1,4,,4,4,1,0,111,31,0,129,5,5,,,,,,,111,32,128,0.023151,0.010501,160,,0,0,0,0,0,0,0,0,,,
grand_sim_v0_7,resource_pressure_mild,recovery_resource,low_stress,0,11090,ring_mesh,ring_mesh,160,0.06,0.1,0.04,0.32,1.2,0.2,0.08,0.06,0.12,0.0075,0.006735,0.3,0.25,0.1,,0.3,,,,,,,0.03,0.03,0.03,0.09438,0.096176,0.080244,0.303506,0.0,0.0,1.0,1,90,72,88,C04_S_THRESHOLD,89,90,,93,94,1,2,,5,6,1,0,32,106,0,61,0,0,,,,,,,32,106,54,0.01676,0.0,0,,0,0,0,0,0,0,0,0,,,
grand_sim_v0_7,resource_pressure_mild,recovery_resource,low_stress,1,11091,ring_mesh,ring_mesh,160,0.06,0.1,0.04,0.32,1.2,0.2,0.08,0.06,0.12,0.0075,0.006735,0.3,0.25,0.1,,0.3,,,,,,,0.03,0.03,0.03,0.09001,0.0955,0.083923,0.305146,0.0,0.0,1.0,1,90,71,89,C04_S_THRESHOLD,90,90,,95,95,1,1,,6,6,1,0,30,108,0,57,0,0,,,,,,,30,108,52,0.016742,0.0,0,,0,0,0,0,0,0,0,0,,,
grand_sim_v0_7,resource_pressure_mild,recovery_resource,low_stress,2,11092,ring_mesh,ring_mesh,160,0.06,0.1,0.04,0.32,1.2,0.2,0.08,0.06,0.12,0.0075,0.006735,0.3,0.25,0.1,,0.3,,,,,,,0.03,0.03,0.03,0.095649,0.096787,0.079747,0.303102,0.0,0.0,1.0,1,90,72,88,C04_S_THRESHOLD,89,90,,93,93,1,2,,5,5,1,0,32,106,0,61,0,0,,,,,,,32,106,54,0.016749,0.0,0,,0,0,0,0,0,0,0,0,,,
grand_sim_v0_7,resource_pressure_mild,recovery_resource,low_stress,3,11093,ring_mesh,ring_mesh,160,0.06,0.1,0.04,0.32,1.2,0.2,0.08,0.06,0.12,0.0075,0.006735,0.3,0.25,0.1,,0.3,,,,,,,0.03,0.03,0.03,0.094034,0.097381,0.085601,0.304587,0.0,0.0,1.0,1,91,70,90,C04_S_THRESHOLD,90,91,,96,96,0,1,,6,6,1,0,30,108,0,57,0,0,,,,,,,30,108,52,0.016736,0.0,0,,0,0,0,0,0,0,0,0,,,
grand_sim_v0_7,resource_pressure_mild,recovery_resource,low_stress,4,11094,ring_mesh,ring_mesh,160,0.06,0.1,0.04,0.32,1.2,0.2,0.08,0.06,0.12,0.0075,0.006735,0.3,0.25,0.1,,0.3,,,,,,,0.03,0.03,0.03,0.095586,0.095527,0.081326,0.303624,0.0,0.0,1.0,1,90,71,89,C04_S_THRESHOLD,90,90,,93,94,1,1,,4,5,1,0,32,106,0,62,0,0,,,,,,,32,106,54,0.016769,0.0,0,,0,0,0,0,0,0,0,0,,,
grand_sim_v0_7,resource_pressure_mild,recovery_resource,low_stress,5,11095,ring_mesh,ring_mesh,160,0.06,0.1,0.04,0.32,1.2,0.2,0.08,0.06,0.12,0.0075,0.006735,0.3,0.25,0.1,,0.3,,,,,,,0.03,0.03,0.03,0.095765,0.097309,0.077859,0.302599,0.0,0.0,1.0,1,89,72,88,C04_S_THRESHOLD,89,89,,92,93,1,1,,4,5,1,0,33,105,0,63,0,0,,,,,,,33,105,55,0.016756,0.0,0,,0,0,0,0,0,0,0,0,,,
grand_sim_v0_7,resource_pressure_mild,recovery_resource,low_stress,6,11096,ring_mesh,ring_mesh,160,0.06,0.1,0.04,0.32,1.2,0.2,0.08,0.06,0.12,0.0075,0.006735,0.3,0.25,0.1,,0.3,,,,,,,0.03,0.03,0.03,0.096578,0.09757,0.085198,0.304041,0.0,0.0,1.0,1,91,70,90,C04_S_THRESHOLD,90,91,,95,96,0,1,,5,6,1,0,30,108,0,60,0,0,,,,,,,30,109,51,0.016728,0.0,0,,0,0,0,0,0,0,0,0,,,
grand_sim_v0_7,resource_pressure_mild,recovery_resource,low_stress,7,11097,ring_mesh,ring_mesh,160,0.06,0.1,0.04,0.32,1.2,0.2,0.08,0.06,0.12,0.0075,0.006735,0.3,0.25,0.1,,0.3,,,,,,,0.03,0.03,0.03,0.093617,0.095409,0.082378,0.304205,0.0,0.0,1.0,1,90,71,89,C04_S_THRESHOLD,90,90,,93,94,1,1,,4,5,1,0,31,107,0,58,0,0,,,,,,,31,107,53,0.016748,0.0,0,,0,0,0,0,0,0,0,0,,,
grand_sim_v0_7,resource_pressure_mild,recovery_resource,low_stress,8,11098,ring_mesh,ring_mesh,160,0.06,0.1,0.04,0.32,1.2,0.2,0.08,0.06,0.12,0.0075,0.006735,0.3,0.25,0.1,,0.3,,,,,,,0.03,0.03,0.03,0.086898,0.094672,0.081076,0.305157,0.0,0.0,1.0,1,90,71,89,C04_S_THRESHOLD,89,90,,93,94,0,1,,4,5,1,0,32,106,0,59,0,0,,,,,,,32,106,54,0.016765,0.0,0,,0,0,0,0,0,0,0,0,,,
grand_sim_v0_7,resource_pressure_mild,recovery_resource,low_stress,9,11099,ring_mesh,ring_mesh,160,0.06,0.1,0.04,0.32,1.2,0.2,0.08,0.06,0.12,0.0075,0.006735,0.3,0.25,0.1,,0.3,,,,,,,0.03,0.03,0.03,0.09497,0.094866,0.082528,0.304079,0.0,0.0,1.0,1,90,71,89,C04_S_THRESHOLD,90,90,,93,94,1,1,,4,5,1,0,31,107,0,61,0,0,,,,,,,31,107,53,0.016745,0.0,0,,0,0,0,0,0,0,0,0,,,
grand_sim_v0_7,resource_pressure_mild,recovery_resource,mid_stress,0,11100,ring_mesh,ring_mesh,160,0.1,0.08,0.06,0.29,1.6,0.12,0.1,0.08,0.16,0.0095,0.00791,0.3,0.25,0.1,,0.3,,,,,,,0.06,0.03,0.03,0.116545,0.783848,0.0,0.192687,0.0,0.0,1.0,1,66,97,63,C04_S_THRESHOLD,62,66,,66,67,-1,3,,3,4,0,0,65,75,0,90,0,0,,,,,,,65,75,85,0.016936,0.0,0,,0,0,0,0,0,0,0,0,,,
grand_sim_v0_7,resource_pressure_mild,recovery_resource,mid_stress,1,11101,ring_mesh,ring_mesh,160,0.1,0.08,0.06,0.29,1.6,0.12,0.1,0.08,0.16,0.0095,0.00791,0.3,0.25,0.1,,0.3,,,,,,,0.06,0.03,0.03,0.121055,0.791479,0.0,0.190928,0.0,0.0,1.0,1,62,98,62,C04_S_THRESHOLD,62,62,,65,66,0,0,,3,4,1,0,65,75,0,92,0,0,,,,,,,65,75,85,0.01689,0.0,0,,0,0,0,0,0,0,0,0,,,
grand_sim_v0_7,resource_pressure_mild,recovery_resource,mid_stress,2,11102,ring_mesh,ring_mesh,160,0.1,0.08,0.06,0.29,1.6,0.12,0.1,0.08,0.16,0.0095,0.00791,0.3,0.25,0.1,,0.3,,,,,,,0.06,0.03,0.03,0.119842,0.787538,0.0,0.191647,0.0,0.0,1.0,1,62,98,62,C04_S_THRESHOLD,62,62,,64,66,0,0,,2,4,1,0,65,75,0,90,0,0,,,,,,,65,75,85,0.016889,0.0,0,,0,0,0,0,0,0,0,0,,,
grand_sim_v0_7,resource_pressure_mild,recovery_resource,mid_stress,3,11103,ring_mesh,ring_mesh,160,0.1,0.08,0.06,0.29,1.6,0.12,0.1,0.08,0.16,0.0095,0.00791,0.3,0.25,0.1,,0.3,,,,,,,0.06,0.03,0.03,0.114902,0.783522,0.0,0.193009,0.0,0.0,1.0,1,62,98,62,C04_S_THRESHOLD,62,62,,64,66,0,0,,2,4,1,0,65,75,0,90,0,0,,,,,,,65,75,85,0.016892,0.0,0,,0,0,0,0,0,0,0,0,,,
grand_sim_v0_7,resource_pressure_mild,recovery_resource,mid_stress,4,11104,ring_mesh,ring_mesh,160,0.1,0.08,0.06,0.29,1.6,0.12,0.1,0.08,0.16,0.0095,0.00791,0.3,0.25,0.1,,0.3,,,,,,,0.06,0.03,0.03,0.112066,0.777582,0.0,0.194263,0.0,0.0,1.0,1,67,97,63,C04_S_THRESHOLD,62,67,,67,68,-1,4,,4,5,0,0,64,76,0,89,0,0,,,,,,,64,76,84,0.016886,0.0,0,,0,0,0,0,0,0,0,0,,,
grand_sim_v0_7,resource_pressure_mild,recovery_resource,mid_stress,5,11105,ring_mesh,ring_mesh,160,0.1,0.08,0.06,0.29,1.6,0.12,0.1,0.08,0.16,0.0095,0.00791,0.3,0.25,0.1,,0.3,,,,,,,0.06,0.03,0.03,0.119779,0.779698,0.0,0.192677,0.0,0.0,1.0,1,62,98,62,C04_S_THRESHOLD,61,62,,65,66,-1,0,,3,4,0,0,65,75,0,90,0,0,,,,,,,65,75,85,0.016896,0.0,0,,0,0,0,0,0,0,0,0,,,
grand_sim_v0_7,resource_pressure_mild,recovery_resource,mid_stress,6,11106,ring_mesh,ring_mesh,160,0.1,0.08,0.06,0.29,1.6,0.12,0.1,0.08,0.16,0.0095,0.00791,0.3,0.25,0.1,,0.3,,,,,,,0.06,0.03,0.03,0.117588,0.779999,0.0,0.19301,0.0,0.0,1.0,1,62,98,62,C04_S_THRESHOLD,61,62,,65,66,-1,0,,3,4,0,0,65,75,0,91,0,0,,,,,,,65,75,85,0.016883,0.0,0,,0,0,0,0,0,0,0,0,,,
grand_sim_v0_7,resource_pressure_mild,recovery_resource,mid_stress,7,11107,ring_mesh,ring_mesh,160,0.1,0.08,0.06,0.29,1.6,0.12,0.1,0.08,0.16,0.0095,0.00791,0.3,0.25,0.1,,0.3,,,,,,,0.06,0.03,0.03,0.118202,0.782387,0.0,0.192595,0.0,0.0,1.0,1,62,98,62,C04_S_THRESHOLD,61,62,,65,66,-1,0,,3,4,0,0,65,75,0,90,0,0,,,,,,,65,75,85,0.016892,0.0,0,,0,0,0,0,0,0,0,0,,,
grand_sim_v0_7,resource_pressure_mild,recovery_resource,mid_stress,8,11108,ring_mesh,ring_mesh,160,0.1,0.08,0.06,0.29,1.6,0.12,0.1,0.08,0.16,0.0095,0.00791,0.3,0.25,0.1,,0.3,,,,,,,0.06,0.03,0.03,0.113176,0.783279,0.0,0.193334,0.0,0.0,1.0,1,62,98,62,C04_S_THRESHOLD,62,62,,65,67,0,0,,3,5,1,0,65,75,0,90,0,0,,,,,,,65,75,85,0.016936,0.0,0,,0,0,0,0,0,0,0,0,,,
grand_sim_v0_7,resource_pressure_mild,recovery_resource,mid_stress,9,11109,ring_mesh,ring_mesh,160,0.1,0.08,0.06,0.29,1.6,0.12,0.1,0.08,0.16,0.0095,0.00791,0.3,0.25,0.1,,0.3,,,,,,,0.06,0.03,0.03,0.117683,0.781529,0.0,0.192795,0.0,0.0,1.0,1,62,98,62,C04_S_THRESHOLD,62,62,,64,66,0,0,,2,4,1,0,66,74,0,91,0,0,,,,,,,66,74,86,0.016984,0.0,0,,0,0,0,0,0,0,0,0,,,
grand_sim_v0_7,resource_pressure_mild,recovery_resource,high_stress,0,11110,ring_mesh,ring_mesh,160,0.14,0.05,0.09,0.26,2.0,0.06,0.13,0.1,0.2,0.012,0.00998,0.3,0.25,0.1,,0.3,,,,,,,0.09,0.03,0.03,0.166763,1.0,0.0,0.15605,0.0,0.0,1.0,1,29,131,29,C04_S_THRESHOLD,27,29,,29,35,-2,0,,0,6,0,0,91,50,0,127,0,0,,,,,,,91,50,110,0.016543,0.0,0,,0,0,0,0,0,0,0,0,,,
grand_sim_v0_7,resource_pressure_mild,recovery_resource,high_stress,1,11111,ring_mesh,ring_mesh,160,0.14,0.05,0.09,0.26,2.0,0.06,0.13,0.1,0.2,0.012,0.00998,0.3,0.25,0.1,,0.3,,,,,,,0.09,0.03,0.03,0.166448,1.0,0.0,0.156104,0.0,0.0,1.0,1,30,129,31,C04_S_THRESHOLD,29,30,,31,37,-2,-1,,0,6,0,0,91,50,0,124,0,0,,,,,,,91,50,110,0.016546,0.0,0,,0,0,0,0,0,0,0,0,,,
grand_sim_v0_7,resource_pressure_mild,recovery_resource,high_stress,2,11112,ring_mesh,ring_mesh,160,0.14,0.05,0.09,0.26,2.0,0.06,0.13,0.1,0.2,0.012,0.00998,0.3,0.25,0.1,,0.3,,,,,,,0.09,0.03,0.03,0.158971,1.0,0.0,0.157375,0.0,0.0,1.0,1,30,129,31,C04_S_THRESHOLD,29,30,,32,37,-2,-1,,1,6,0,0,91,50,0,124,0,0,,,,,,,91,50,110,0.016548,0.0,0,,0,0,0,0,0,0,0,0,,,
grand_sim_v0_7,resource_pressure_mild,recovery_resource,high_stress,3,11113,ring_mesh,ring_mesh,160,0.14,0.05,0.09,0.26,2.0,0.06,0.13,0.1,0.2,0.012,0.00998,0.3,0.25,0.1,,0.3,,,,,,,0.09,0.03,0.03,0.158501,1.0,0.0,0.157455,0.0,0.0,1.0,1,29,130,30,C04_S_THRESHOLD,29,29,,31,36,-1,-1,,1,6,0,0,91,50,0,125,0,0,,,,,,,91,50,110,0.016546,0.0,0,,0,0,0,0,0,0,0,0,,,
grand_sim_v0_7,resource_pressure_mild,recovery_resource,high_stress,4,11114,ring_mesh,ring_mesh,160,0.14,0.05,0.09,0.26,2.0,0.06,0.13,0.1,0.2,0.012,0.00998,0.3,0.25,0.1,,0.3,,,,,,,0.09,0.03,0.03,0.159917,1.0,0.0,0.157214,0.0,0.0,1.0,1,29,130,30,C04_S_THRESHOLD,28,29,,30,35,-2,-1,,0,5,0,0,91,50,0,125,0,0,,,,,,,91,50,110,0.016543,0.0,0,,0,0,0,0,0,0,0,0,,,
grand_sim_v0_7,resource_pressure_mild,recovery_resource,high_stress,5,11115,ring_mesh,ring_mesh,160,0.14,0.05,0.09,0.26,2.0,0.06,0.13,0.1,0.2,0.012,0.00998,0.3,0.25,0.1,,0.3,,,,,,,0.09,0.03,0.03,0.158195,1.0,0.0,0.157507,0.0,0.0,1.0,1,31,128,32,C04_S_THRESHOLD,29,31,,32,38,-3,-1,,0,6,0,0,91,50,0,122,0,0,,,,,,,91,50,110,0.016552,0.0,0,,0,0,0,0,0,0,0,0,,,
grand_sim_v0_7,resource_pressure_mild,recovery_resource,high_stress,6,11116,ring_mesh,ring_mesh,160,0.14,0.05,0.09,0.26,2.0,0.06,0.13,0.1,0.2,0.012,0.00998,0.3,0.25,0.1,,0.3,,,,,,,0.09,0.03,0.03,0.163568,1.0,0.0,0.156593,0.0,0.0,1.0,1,28,131,29,C04_S_THRESHOLD,27,28,,29,35,-2,-1,,0,6,0,0,91,50,0,125,0,0,,,,,,,91,50,110,0.016543,0.0,0,,0,0,0,0,0,0,0,0,,,
grand_sim_v0_7,resource_pressure_mild,recovery_resource,high_stress,7,11117,ring_mesh,ring_mesh,160,0.14,0.05,0.09,0.26,2.0,0.06,0.13,0.1,0.2,0.012,0.00998,0.3,0.25,0.1,,0.3,,,,,,,0.09,0.03,0.03,0.165043,1.0,0.0,0.156343,0.0,0.0,1.0,1,28,131,29,C04_S_THRESHOLD,26,28,,29,35,-3,-1,,0,6,0,0,91,50,0,125,0,0,,,,,,,91,50,110,0.016543,0.0,0,,0,0,0,0,0,0,0,0,,,
grand_sim_v0_7,resource_pressure_mild,recovery_resource,high_stress,8,11118,ring_mesh,ring_mesh,160,0.14,0.05,0.09,0.26,2.0,0.06,0.13,0.1,0.2,0.012,0.00998,0.3,0.25,0.1,,0.3,,,,,,,0.09,0.03,0.03,0.162447,1.0,0.0,0.156784,0.0,0.0,1.0,1,36,125,35,C04_S_THRESHOLD,34,36,,37,41,-1,1,,2,6,0,0,91,50,0,118,0,0,,,,,,,91,50,110,0.016582,0.0,0,,0,0,0,0,0,0,0,0,,,
grand_sim_v0_7,resource_pressure_mild,recovery_resource,high_stress,9,11119,ring_mesh,ring_mesh,160,0.14,0.05,0.09,0.26,2.0,0.06,0.13,0.1,0.2,0.012,0.00998,0.3,0.25,0.1,,0.3,,,,,,,0.09,0.03,0.03,0.15594,1.0,0.0,0.15789,0.0,0.0,1.0,1,28,130,30,C04_S_THRESHOLD,27,28,,30,36,-3,-2,,0,6,0,0,91,50,0,126,0,0,,,,,,,91,50,110,0.016544,0.0,0,,0,0,0,0,0,0,0,0,,,
grand_sim_v0_7,resource_pressure_mid,recovery_resource,low_stress,0,11120,ring_mesh,ring_mesh,160,0.06,0.1,0.04,0.32,1.2,0.2,0.08,0.06,0.12,0.0075,0.006735,0.3,0.25,0.1,,0.3,,,,,,,0.03,0.03,0.03,0.129586,0.119356,0.075923,0.293557,0.0,0.0,1.0,1,89,72,88,C04_S_THRESHOLD,89,89,,93,94,1,1,,5,6,1,0,33,106,0,61,0,0,,,,,,,33,106,54,0.018967,0.0,0,,0,0,0,0,0,0,0,0,,,
grand_sim_v0_7,resource_pressure_mid,recovery_resource,low_stress,1,11121,ring_mesh,ring_mesh,160,0.06,0.1,0.04,0.32,1.2,0.2,0.08,0.06,0.12,0.0075,0.006735,0.3,0.25,0.1,,0.3,,,,,,,0.03,0.03,0.03,0.130177,0.116436,0.073303,0.29326,0.0,0.0,1.0,1,88,73,87,C04_S_THRESHOLD,87,88,,92,93,0,1,,5,6,1,0,33,105,0,63,0,0,,,,,,,33,105,55,0.018964,0.0,0,,0,0,0,0,0,0,0,0,,,
grand_sim_v0_7,resource_pressure_mid,recovery_resource,low_stress,2,11122,ring_mesh,ring_mesh,160,0.06,0.1,0.04,0.32,1.2,0.2,0.08,0.06,0.12,0.0075,0.006735,0.3,0.25,0.1,,0.3,,,,,,,0.03,0.03,0.03,0.123314,0.115175,0.071742,0.294247,0.0,0.0,1.0,1,88,73,87,C04_S_THRESHOLD,87,88,,91,92,0,1,,4,5,1,0,34,104,0,64,0,0,,,,,,,34,104,56,0.018966,0.0,0,,0,0,0,0,0,0,0,0,,,
grand_sim_v0_7,resource_pressure_mid,recovery_resource,low_stress,3,11123,ring_mesh,ring_mesh,160,0.06,0.1,0.04,0.32,1.2,0.2,0.08,0.06,0.12,0.0075,0.006735,0.3,0.25,0.1,,0.3,,,,,,,0.03,0.03,0.03,0.124583,0.115174,0.076413,0.295059,0.0,0.0,1.0,1,89,72,88,C04_S_THRESHOLD,88,89,,93,93,0,1,,5,5,1,0,32,106,0,62,0,0,,,,,,,32,106,54,0.018963,0.0,0,,0,0,0,0,0,0,0,0,,,
grand_sim_v0_7,resource_pressure_mid,recovery_resource,low_stress,4,11124,ring_mesh,ring_mesh,160,0.06,0.1,0.04,0.32,1.2,0.2,0.08,0.06,0.12,0.0075,0.006735,0.3,0.25,0.1,,0.3,,,,,,,0.03,0.03,0.03,0.11644,0.111013,0.078754,0.297499,0.0,0.0,1.0,1,89,71,89,C04_S_THRESHOLD,89,89,,94,95,0,0,,5,6,1,0,31,107,0,59,0,0,,,,,,,31,107,53,0.018956,0.0,0,,0,0,0,0,0,0,0,0,,,
grand_sim_v0_7,resource_pressure_mid,recovery_resource,low_stress,5,11125,ring_mesh,ring_mesh,160,0.06,0.1,0.04,0.32,1.2,0.2,0.08,0.06,0.12,0.0075,0.006735,0.3,0.25,0.1,,0.3,,,,,,,0.03,0.03,0.03,0.128209,0.119677,0.073074,0.293123,0.0,0.0,1.0,1,89,73,87,C04_S_THRESHOLD,88,89,,92,92,1,2,,5,5,1,0,34,105,0,62,0,0,,,,,,,34,105,55,0.018968,0.0,0,,0,0,0,0,0,0,0,0,,,
grand_sim_v0_7,resource_pressure_mid,recovery_resource,low_stress,6,11126,ring_mesh,ring_mesh,160,0.06,0.1,0.04,0.32,1.2,0.2,0.08,0.06,0.12,0.0075,0.006735,0.3,0.25,0.1,,0.3,,,,,,,0.03,0.03,0.03,0.12662,0.116129,0.075082,0.294296,0.0,0.0,1.0,1,89,72,88,C04_S_THRESHOLD,88,89,,92,93,0,1,,4,5,1,0,34,105,0,62,0,0,,,,,,,34,105,55,0.018983,0.0,0,,0,0,0,0,0,0,0,0,,,
grand_sim_v0_7,resource_pressure_mid,recovery_resource,low_stress,7,11127,ring_mesh,ring_mesh,160,0.06,0.1,0.04,0.32,1.2,0.2,0.08,0.06,0.12,0.0075,0.006735,0.3,0.25,0.1,,0.3,,,,,,,0.03,0.03,0.03,0.120918,0.110914,0.077337,0.296439,0.0,0.0,1.0,1,89,72,88,C04_S_THRESHOLD,89,89,,93,94,1,1,,5,6,1,0,33,106,0,59,0,0,,,,,,,33,106,54,0.018976,0.0,0,,0,0,0,0,0,0,0,0,,,
grand_sim_v0_7,resource_pressure_mid,recovery_resource,low_stress,8,11128,ring_mesh,ring_mesh,160,0.06,0.1,0.04,0.32,1.2,0.2,0.08,0.06,0.12,0.0075,0.006735,0.3,0.25,0.1,,0.3,,,,,,,0.03,0.03,0.03,0.128674,0.117215,0.073584,0.293476,0.0,0.0,1.0,1,88,73,87,C04_S_THRESHOLD,88,88,,92,92,1,1,,5,5,1,0,33,105,0,62,0,0,,,,,,,33,105,55,0.018966,0.0,0,,0,0,0,0,0,0,0,0,,,
grand_sim_v0_7,resource_pressure_mid,recovery_resource,low_stress,9,11129,ring_mesh,ring_mesh,160,0.06,0.1,0.04,0.32,1.2,0.2,0.08,0.06,0.12,0.0075,0.006735,0.3,0.25,0.1,,0.3,,,,,,,0.03,0.03,0.03,0.118953,0.11614,0.071688,0.294851,0.0,0.0,1.0,1,88,73,87,C04_S_THRESHOLD,88,88,,91,92,1,1,,4,5,1,0,34,104,0,63,0,0,,,,,,,34,104,56,0.018974,0.0,0,,0,0,0,0,0,0,0,0,,,
grand_sim_v0_7,resource_pressure_mid,recovery_resource,mid_stress,0,11130,ring_mesh,ring_mesh,160,0.1,0.08,0.06,0.29,1.6,0.12,0.1,0.08,0.16,0.0095,0.00791,0.3,0.25,0.1,,0.3,,,,,,,0.06,0.03,0.03,0.141043,0.819251,0.0,0.18392,0.0,0.0,1.0,1,61,99,61,C04_S_THRESHOLD,61,61,,64,65,0,0,,3,4,1,0,66,74,0,90,0,0,,,,,,,66,70,90,0.019152,0.0,0,,0,0,0,0,0,0,0,0,,,
grand_sim_v0_7,resource_pressure_mid,recovery_resource,mid_stress,1,11131,ring_mesh,ring_mesh,160,0.1,0.08,0.06,0.29,1.6,0.12,0.1,0.08,0.16,0.0095,0.00791,0.3,0.25,0.1,,0.3,,,,,,,0.06,0.03,0.03,0.148379,0.827944,0.0,0.181543,0.0,0.0,1.0,1,61,99,61,C04_S_THRESHOLD,60,61,,63,64,-1,0,,2,3,0,0,67,73,0,94,0,0,,,,,,,67,71,89,0.01917,0.0,0,,0,0,0,0,0,0,0,0,,,
grand_sim_v0_7,resource_pressure_mid,recovery_resource,mid_stress,2,11132,ring_mesh,ring_mesh,160,0.1,0.08,0.06,0.29,1.6,0.12,0.1,0.08,0.16,0.0095,0.00791,0.3,0.25,0.1,,0.3,,,,,,,0.06,0.03,0.03,0.153151,0.828662,0.0,0.180638,0.0,0.0,1.0,1,65,98,62,C04_S_THRESHOLD,61,65,,66,66,-1,3,,4,4,0,0,65,75,0,90,0,0,,,,,,,65,72,88,0.019112,0.0,0,,0,0,0,0,0,0,0,0,,,
grand_sim_v0_7,resource_pressure_mid,recovery_resource,mid_stress,3,11133,ring_mesh,ring_mesh,160,0.1,0.08,0.06,0.29,1.6,0.12,0.1,0.08,0.16,0.0095,0.00791,0.3,0.25,0.1,,0.3,,,,,,,0.06,0.03,0.03,0.147483,0.82417,0.0,0.182186,0.0,0.0,1.0,1,61,99,61,C04_S_THRESHOLD,61,61,,64,65,0,0,,3,4,1,0,66,74,0,91,0,0,,,,,,,66,72,88,0.019149,0.0,0,,0,0,0,0,0,0,0,0,,,
grand_sim_v0_7,resource_pressure_mid,recovery_resource,mid_stress,4,11134,ring_mesh,ring_mesh,160,0.1,0.08,0.06,0.29,1.6,0.12,0.1,0.08,0.16,0.0095,0.00791,0.3,0.25,0.1,,0.3,,,,,,,0.06,0.03,0.03,0.137618,0.814964,0.0,0.18506,0.0,0.0,1.0,1,61,99,61,C04_S_THRESHOLD,60,61,,64,65,-1,0,,3,4,0,0,66,74,0,91,0,0,,,,,,,66,70,90,0.019148,0.0,0,,0,0,0,0,0,0,0,0,,,
grand_sim_v0_7,resource_pressure_mid,recovery_resource,mid_stress,5,11135,ring_mesh,ring_mesh,160,0.1,0.08,0.06,0.29,1.6,0.12,0.1,0.08,0.16,0.0095,0.00791,0.3,0.25,0.1,,0.3,,,,,,,0.06,0.03,0.03,0.15326,0.831947,0.0,0.180193,0.0,0.0,1.0,1,61,99,61,C04_S_THRESHOLD,60,61,,63,64,-1,0,,2,3,0,0,66,74,0,93,0,0,,,,,,,66,69,91,0.019117,0.0,0,,0,0,0,0,0,0,0,0,,,
grand_sim_v0_7,resource_pressure_mid,recovery_resource,mid_stress,6,11136,ring_mesh,ring_mesh,160,0.1,0.08,0.06,0.29,1.6,0.12,0.1,0.08,0.16,0.0095,0.00791,0.3,0.25,0.1,,0.3,,,,,,,0.06,0.03,0.03,0.144646,0.825716,0.0,0.182467,0.0,0.0,1.0,1,61,99,61,C04_S_THRESHOLD,61,61,,64,65,0,0,,3,4,1,0,66,74,0,91,0,0,,,,,,,66,70,90,0.019156,0.0,0,,0,0,0,0,0,0,0,0,,,
grand_sim_v0_7,resource_pressure_mid,recovery_resource,mid_stress,7,11137,ring_mesh,ring_mesh,160,0.1,0.08,0.06,0.29,1.6,0.12,0.1,0.08,0.16,0.0095,0.00791,0.3,0.25,0.1,,0.3,,,,,,,0.06,0.03,0.03,0.15214,0.825364,0.0,0.181239,0.0,0.0,1.0,1,61,99,61,C04_S_THRESHOLD,61,61,,64,65,0,0,,3,4,1,0,66,74,0,91,0,0,,,,,,,66,69,91,0.019163,0.0,0,,0,0,0,0,0,0,0,0,,,
grand_sim_v0_7,resource_pressure_mid,recovery_resource,mid_stress,8,11138,ring_mesh,ring_mesh,160,0.1,0.08,0.06,0.29,1.6,0.12,0.1,0.08,0.16,0.0095,0.00791,0.3,0.25,0.1,,0.3,,,,,,,0.06,0.03,0.03,0.151107,0.822693,0.0,0.181762,0.0,0.0,1.0,1,61,99,61,C04_S_THRESHOLD,61,61,,63,65,0,0,,2,4,1,0,66,74,0,92,0,0,,,,,,,66,70,90,0.019118,0.0,0,,0,0,0,0,0,0,0,0,,,
grand_sim_v0_7,resource_pressure_mid,recovery_resource,mid_stress,9,11139,ring_mesh,ring_mesh,160,0.1,0.08,0.06,0.29,1.6,0.12,0.1,0.08,0.16,0.0095,0.00791,0.3,0.25,0.1,,0.3,,,,,,,0.06,0.03,0.03,0.157478,0.835497,0.0,0.179014,0.0,0.0,1.0,1,61,100,60,C04_S_THRESHOLD,60,61,,62,64,0,1,,2,4,1,0,67,73,0,93,0,0,,,,,,,67,68,92,0.019184,0.0,0,,0,0,0,0,0,0,0,0,,,
grand_sim_v0_7,resource_pressure_mid,recovery_resource,high_stress,0,11140,ring_mesh,ring_mesh,160,0.14,0.05,0.09,0.26,2.0,0.06,0.13,0.1,0.2,0.012,0.00998,0.3,0.25,0.1,,0.3,,,,,,,0.09,0.03,0.03,0.201693,1.0,0.0,0.150112,0.0,0.0,1.0,1,24,135,25,C04_S_THRESHOLD,24,24,,26,30,-1,-1,,1,5,0,0,92,50,0,130,0,0,,,,,,,92,50,110,0.018724,0.0,0,,0,0,0,0,0,0,0,0,,,
grand_sim_v0_7,resource_pressure_mid,recovery_resource,high_stress,1,11141,ring_mesh,ring_mesh,160,0.14,0.05,0.09,0.26,2.0,0.06,0.13,0.1,0.2,0.012,0.00998,0.3,0.25,0.1,,0.3,,,,,,,0.09,0.03,0.03,0.198238,1.0,0.0,0.150699,0.0,0.0,1.0,1,23,136,24,C04_S_THRESHOLD,23,23,,25,30,-1,-1,,1,6,0,0,93,49,0,130,0,0,,,,,,,93,49,111,0.018725,0.0,0,,0,0,0,0,0,0,0,0,,,
grand_sim_v0_7,resource_pressure_mid,recovery_resource,high_stress,2,11142,ring_mesh,ring_mesh,160,0.14,0.05,0.09,0.26,2.0,0.06,0.13,0.1,0.2,0.012,0.00998,0.3,0.25,0.1,,0.3,,,,,,,0.09,0.03,0.03,0.199281,1.0,0.0,0.150522,0.0,0.0,1.0,1,25,135,25,C04_S_THRESHOLD,23,25,,26,31,-2,0,,1,6,0,0,93,49,0,130,0,0,,,,,,,93,49,111,0.018725,0.0,0,,0,0,0,0,0,0,0,0,,,
grand_sim_v0_7,resource_pressure_mid,recovery_resource,high_stress,3,11143,ring_mesh,ring_mesh,160,0.14,0.05,0.09,0.26,2.0,0.06,0.13,0.1,0.2,0.012,0.00998,0.3,0.25,0.1,,0.3,,,,,,,0.09,0.03,0.03,0.19128,1.0,0.0,0.151882,0.0,0.0,1.0,1,23,136,24,C04_S_THRESHOLD,22,23,,25,30,-2,-1,,1,6,0,0,92,50,0,130,1,0,,,,,,,92,50,110,0.018724,0.0,0,,0,0,0,0,0,0,0,0,,,
grand_sim_v0_7,resource_pressure_mid,recovery_resource,high_stress,4,11144,ring_mesh,ring_mesh,160,0.14,0.05,0.09,0.26,2.0,0.06,0.13,0.1,0.2,0.012,0.00998,0.3,0.25,0.1,,0.3,,,,,,,0.09,0.03,0.03,0.190293,1.0,0.0,0.15205,0.0,0.0,1.0,1,23,136,24,C04_S_THRESHOLD,23,23,,25,29,-1,-1,,1,5,0,0,93,49,0,131,0,0,,,,,,,93,49,111,0.018725,0.0,0,,0,0,0,0,0,0,0,0,,,
grand_sim_v0_7,resource_pressure_mid,recovery_resource,high_stress,5,11145,ring_mesh,ring_mesh,160,0.14,0.05,0.09,0.26,2.0,0.06,0.13,0.1,0.2,0.012,0.00998,0.3,0.25,0.1,,0.3,,,,,,,0.09,0.03,0.03,0.204403,1.0,0.0,0.149651,0.0,0.0,1.0,1,27,134,26,C04_S_THRESHOLD,24,27,,27,31,-2,1,,1,5,0,0,92,50,0,129,0,0,,,,,,,92,50,110,0.018725,0.0,0,,0,0,0,0,0,0,0,0,,,
grand_sim_v0_7,resource_pressure_mid,recovery_resource,high_stress,6,11146,ring_mesh,ring_mesh,160,0.14,0.05,0.09,0.26,2.0,0.06,0.13,0.1,0.2,0.012,0.00998,0.3,0.25,0.1,,0.3,,,,,,,0.09,0.03,0.03,0.198779,1.0,0.0,0.150608,0.0,0.0,1.0,1,28,133,27,C04_S_THRESHOLD,25,28,,28,33,-2,1,,1,6,0,0,93,49,0,126,0,0,,,,,,,93,49,111,0.018727,0.0,0,,0,0,0,0,0,0,0,0,,,
grand_sim_v0_7,resource_pressure_mid,recovery_resource,high_stress,7,11147,ring_mesh,ring_mesh,160,0.14,0.05,0.09,0.26,2.0,0.06,0.13,0.1,0.2,0.012,0.00998,0.3,0.25,0.1,,0.3,,,,,,,0.09,0.03,0.03,0.19572,1.0,0.0,0.151128,0.0,0.0,1.0,1,25,134,26,C04_S_THRESHOLD,24,25,,26,31,-2,-1,,0,5,0,0,92,50,0,130,0,0,,,,,,,92,50,110,0.018725,0.0,0,,0,0,0,0,0,0,0,0,,,
grand_sim_v0_7,resource_pressure_mid,recovery_resource,high_stress,8,11148,ring_mesh,ring_mesh,160,0.14,0.05,0.09,0.26,2.0,0.06,0.13,0.1,0.2,0.012,0.00998,0.3,0.25,0.1,,0.3,,,,,,,0.09,0.03,0.03,0.191452,1.0,0.0,0.151853,0.0,0.0,1.0,1,25,135,25,C04_S_THRESHOLD,22,25,,25,31,-3,0,,0,6,0,0,92,50,0,129,0,0,,,,,,,92,50,110,0.018724,0.0,0,,0,0,0,0,0,0,0,0,,,
grand_sim_v0_7,resource_pressure_mid,recovery_resource,high_stress,9,11149,ring_mesh,ring_mesh,160,0.14,0.05,0.09,0.26,2.0,0.06,0.13,0.1,0.2,0.012,0.00998,0.3,0.25,0.1,,0.3,,,,,,,0.09,0.03,0.03,0.204155,1.0,0.0,0.149694,0.0,0.0,1.0,1,26,134,26,C04_S_THRESHOLD,24,26,,27,32,-2,0,,1,6,0,0,93,49,0,129,0,0,,,,,,,93,49,111,0.018726,0.0,0,,0,0,0,0,0,0,0,0,,,
grand_sim_v0_7,resource_pressure_harsh,recovery_resource,low_stress,0,11150,ring_mesh,ring_mesh,160,0.06,0.1,0.04,0.32,1.2,0.2,0.08,0.06,0.12,0.0075,0.006735,0.3,0.25,0.1,,0.3,,,,,,,0.25,0.03,0.03,0.164336,0.150439,0.0,0.266906,0.0,0.0,1.0,1,65,102,58,C04_S_THRESHOLD,64,65,,70,65,6,7,,12,7,1,0,75,64,20,89,6,0,,,,,,,74,68,92,0.023593,0.010234,160,,0,0,0,0,0,0,0,0,,,
grand_sim_v0_7,resource_pressure_harsh,recovery_resource,low_stress,1,11151,ring_mesh,ring_mesh,160,0.06,0.1,0.04,0.32,1.2,0.2,0.08,0.06,0.12,0.0075,0.006735,0.3,0.25,0.1,,0.3,,,,,,,0.25,0.03,0.03,0.17746,0.155577,0.0,0.264007,0.0,0.0,1.0,1,65,101,59,C04_S_THRESHOLD,64,65,,72,66,5,6,,13,7,1,0,74,65,20,89,6,0,,,,,,,73,70,90,0.022627,0.010191,160,,0,0,0,0,0,0,0,0,,,
grand_sim_v0_7,resource_pressure_harsh,recovery_resource,low_stress,2,11152,ring_mesh,ring_mesh,160,0.06,0.1,0.04,0.32,1.2,0.2,0.08,0.06,0.12,0.0075,0.006735,0.3,0.25,0.1,,0.3,,,,,,,0.25,0.03,0.03,0.173863,0.154043,0.0,0.264818,0.0,0.0,1.0,1,65,101,59,C04_S_THRESHOLD,64,65,,71,66,5,6,,12,7,1,0,74,65,20,89,6,0,,,,,,,73,70,90,0.022627,0.010192,160,,0,0,0,0,0,0,0,0,,,
grand_sim_v0_7,resource_pressure_harsh,recovery_resource,low_stress,3,11153,ring_mesh,ring_mesh,160,0.06,0.1,0.04,0.32,1.2,0.2,0.08,0.06,0.12,0.0075,0.006735,0.3,0.25,0.1,,0.3,,,,,,,0.25,0.03,0.03,0.178621,0.155873,0.0,0.263771,0.0,0.0,1.0,1,65,102,58,C04_S_THRESHOLD,63,65,,69,65,5,7,,11,7,1,0,76,63,20,89,6,0,,,,,,,75,68,92,0.022786,0.010037,160,,0,0,0,0,0,0,0,0,,,
grand_sim_v0_7,resource_pressure_harsh,recovery_resource,low_stress,4,11154,ring_mesh,ring_mesh,160,0.06,0.1,0.04,0.32,1.2,0.2,0.08,0.06,0.12,0.0075,0.006735,0.3,0.25,0.1,,0.3,,,,,,,0.25,0.03,0.03,0.176827,0.160981,0.0,0.263412,0.0,0.0,1.0,1,66,101,59,C04_S_THRESHOLD,64,66,,71,66,5,7,,12,7,1,0,75,64,20,89,6,0,,,,,,,74,69,91,0.023269,0.010511,160,,0,0,0,0,0,0,0,0,,,
grand_sim_v0_7,resource_pressure_harsh,recovery_resource,low_stress,5,11155,ring_mesh,ring_mesh,160,0.06,0.1,0.04,0.32,1.2,0.2,0.08,0.06,0.12,0.0075,0.006735,0.3,0.25,0.1,,0.3,,,,,,,0.25,0.03,0.03,0.173352,0.152941,0.0,0.265048,0.0,0.0,1.0,1,65,101,59,C04_S_THRESHOLD,63,65,,70,65,4,6,,11,6,1,0,75,64,20,89,6,0,,,,,,,74,68,92,0.023969,0.010187,160,,0,0,0,0,0,0,0,0,,,
grand_sim_v0_7,resource_pressure_harsh,recovery_resource,low_stress,6,11156,ring_mesh,ring_mesh,160,0.06,0.1,0.04,0.32,1.2,0.2,0.08,0.06,0.12,0.0075,0.006735,0.3,0.25,0.1,,0.3,,,,,,,0.25,0.03,0.03,0.1572,0.14891,0.0,0.268318,0.0,0.0,1.0,1,67,101,59,C04_S_THRESHOLD,65,67,,73,67,6,8,,14,8,1,0,73,66,20,87,6,0,,,,,,,72,71,89,0.023052,0.01077,160,,0,0,0,0,0,0,0,0,,,
grand_sim_v0_7,resource_pressure_harsh,recovery_resource,low_stress,7,11157,ring_mesh,ring_mesh,160,0.06,0.1,0.04,0.32,1.2,0.2,0.08,0.06,0.12,0.0075,0.006735,0.3,0.25,0.1,,0.3,,,,,,,0.25,0.03,0.03,0.15959,0.144595,0.0,0.268472,0.0,0.0,1.0,1,64,102,58,C04_S_THRESHOLD,63,64,,70,65,5,6,,12,7,1,0,75,64,20,90,6,0,,,,,,,74,68,92,0.022988,0.010191,160,,0,0,0,0,0,0,0,0,,,
grand_sim_v0_7,resource_pressure_harsh,recovery_resource,low_stress,8,11158,ring_mesh,ring_mesh,160,0.06,0.1,0.04,0.32,1.2,0.2,0.08,0.06,0.12,0.0075,0.006735,0.3,0.25,0.1,,0.3,,,,,,,0.25,0.03,0.03,0.164788,0.15157,0.0,0.266682,0.0,0.0,1.0,1,65,101,59,C04_S_THRESHOLD,64,65,,71,66,5,6,,12,7,1,0,75,64,20,88,7,1,,,,,,,74,69,91,0.022848,0.010874,160,,0,0,0,0,0,0,0,0,,,
grand_sim_v0_7,resource_pressure_harsh,recovery_resource,low_stress,9,11159,ring_mesh,ring_mesh,160,0.06,0.1,0.04,0.32,1.2,0.2,0.08,0.06,0.12,0.0075,0.006735,0.3,0.25,0.1,,0.3,,,,,,,0.25,0.03,0.03,0.167557,0.149709,0.0,0.266453,0.0,0.0,1.0,1,65,102,58,C04_S_THRESHOLD,64,65,,70,65,6,7,,12,7,1,0,75,64,20,89,7,1,,,,,,,74,68,92,0.022629,0.010192,160,,0,0,0,0,0,0,0,0,,,
grand_sim_v0_7,resource_pressure_harsh,recovery_resource,mid_stress,0,11160,ring_mesh,ring_mesh,160,0.1,0.08,0.06,0.29,1.6,0.12,0.1,0.08,0.16,0.0095,0.00791,0.3,0.25,0.1,,0.3,,,,,,,0.28,0.03,0.03,0.206915,0.90869,0.0,0.161095,0.0,0.0,1.0,1,46,118,42,C04_S_THRESHOLD,45,46,,48,46,3,4,,6,4,1,0,87,53,20,112,9,5,,,,,,,87,54,106,0.022913,0.010358,160,,0,0,0,0,0,0,0,0,,,
grand_sim_v0_7,resource_pressure_harsh,recovery_resource,mid_stress,1,11161,ring_mesh,ring_mesh,160,0.1,0.08,0.06,0.29,1.6,0.12,0.1,0.08,0.16,0.0095,0.00791,0.3,0.25,0.1,,0.3,,,,,,,0.28,0.03,0.03,0.21298,0.914338,0.0,0.159329,0.0,0.0,1.0,1,46,117,43,C04_S_THRESHOLD,46,46,,48,46,3,3,,5,3,1,0,87,53,20,111,8,6,,,,,,,87,54,106,0.022913,0.01036,160,,0,0,0,0,0,0,0,0,,,
grand_sim_v0_7,resource_pressure_harsh,recovery_resource,mid_stress,2,11162,ring_mesh,ring_mesh,160,0.1,0.08,0.06,0.29,1.6,0.12,0.1,0.08,0.16,0.0095,0.00791,0.3,0.25,0.1,,0.3,,,,,,,0.28,0.03,0.03,0.212039,0.903072,0.0,0.160954,0.0,0.0,1.0,1,47,117,43,C04_S_THRESHOLD,46,47,,50,47,3,4,,7,4,1,0,87,53,20,111,7,5,,,,,,,87,54,106,0.022871,0.010345,160,,0,0,0,0,0,0,0,0,,,
grand_sim_v0_7,resource_pressure_harsh,recovery_resource,mid_stress,3,11163,ring_mesh,ring_mesh,160,0.1,0.08,0.06,0.29,1.6,0.12,0.1,0.08,0.16,0.0095,0.00791,0.3,0.25,0.1,,0.3,,,,,,,0.28,0.03,0.03,0.209542,0.910697,0.0,0.160387,0.0,0.0,1.0,1,47,117,43,C04_S_THRESHOLD,47,47,,50,47,4,4,,7,4,1,0,87,53,20,111,7,4,,,,,,,87,54,106,0.0229,0.010356,160,,0,0,0,0,0,0,0,0,,,
grand_sim_v0_7,resource_pressure_harsh,recovery_resource,mid_stress,4,11164,ring_mesh,ring_mesh,160,0.1,0.08,0.06,0.29,1.6,0.12,0.1,0.08,0.16,0.0095,0.00791,0.3,0.25,0.1,,0.3,,,,,,,0.28,0.03,0.03,0.207908,0.907266,0.0,0.161111,0.0,0.0,1.0,1,46,117,43,C04_S_THRESHOLD,45,46,,49,46,2,3,,6,3,1,0,87,53,20,110,9,8,,,,,,,87,54,106,0.0229,0.010345,160,,0,0,0,0,0,0,0,0,,,
grand_sim_v0_7,resource_pressure_harsh,recovery_resource,mid_stress,5,11165,ring_mesh,ring_mesh,160,0.1,0.08,0.06,0.29,1.6,0.12,0.1,0.08,0.16,0.0095,0.00791,0.3,0.25,0.1,,0.3,,,,,,,0.28,0.03,0.03,0.202401,0.908512,0.0,0.161885,0.0,0.0,1.0,1,46,117,43,C04_S_THRESHOLD,46,46,,48,46,3,3,,5,3,1,0,87,53,20,112,8,3,,,,,,,87,54,106,0.022912,0.010361,160,,0,0,0,0,0,0,0,0,,,
grand_sim_v0_7,resource_pressure_harsh,recovery_resource,mid_stress,6,11166,ring_mesh,ring_mesh,160,0.1,0.08,0.06,0.29,1.6,0.12,0.1,0.08,0.16,0.0095,0.00791,0.3,0.25,0.1,,0.3,,,,,,,0.28,0.03,0.03,0.198199,0.887695,0.0,0.165306,0.0,0.0,1.0,1,47,117,43,C04_S_THRESHOLD,46,47,,50,47,3,4,,7,4,1,0,87,53,20,110,7,6,,,,,,,87,54,106,0.022896,0.010346,160,,0,0,0,0,0,0,0,0,,,
grand_sim_v0_7,resource_pressure_harsh,recovery_resource,mid_stress,7,11167,ring_mesh,ring_mesh,160,0.1,0.08,0.06,0.29,1.6,0.12,0.1,0.08,0.16,0.0095,0.00791,0.3,0.25,0.1,,0.3,,,,,,,0.28,0.03,0.03,0.21131,0.904395,0.0,0.160906,0.0,0.0,1.0,1,46,117,43,C04_S_THRESHOLD,46,46,,49,47,3,3,,6,4,1,0,87,53,20,111,8,2,,,,,,,87,54,106,0.022931,0.010366,160,,0,0,0,0,0,0,0,0,,,
grand_sim_v0_7,resource_pressure_harsh,recovery_resource,mid_stress,8,11168,ring_mesh,ring_mesh,160,0.1,0.08,0.06,0.29,1.6,0.12,0.1,0.08,0.16,0.0095,0.00791,0.3,0.25,0.1,,0.3,,,,,,,0.28,0.03,0.03,0.204059,0.909073,0.0,0.16153,0.0,0.0,1.0,1,46,117,43,C04_S_THRESHOLD,46,46,,48,46,3,3,,5,3,1,0,88,53,20,112,9,6,,,,,,,88,54,106,0.022883,0.010363,160,,0,0,0,0,0,0,0,0,,,
grand_sim_v0_7,resource_pressure_harsh,recovery_resource,mid_stress,9,11169,ring_mesh,ring_mesh,160,0.1,0.08,0.06,0.29,1.6,0.12,0.1,0.08,0.16,0.0095,0.00791,0.3,0.25,0.1,,0.3,,,,,,,0.28,0.03,0.03,0.19945,0.89723,0.0,0.163854,0.0,0.0,1.0,1,46,117,43,C04_S_THRESHOLD,45,46,,48,47,2,3,,5,4,1,0,87,53,20,112,9,5,,,,,,,87,54,106,0.022886,0.010369,160,,0,0,0,0,0,0,0,0,,,
grand_sim_v0_7,resource_pressure_harsh,recovery_resource,high_stress,0,11170,ring_mesh,ring_mesh,160,0.14,0.05,0.09,0.26,2.0,0.06,0.13,0.1,0.2,0.012,0.00998,0.3,0.25,0.1,,0.3,,,,,,,0.31,0.03,0.03,0.254642,1.0,0.0,0.141111,0.0,0.0,1.0,1,28,135,25,C04_S_THRESHOLD,27,28,,28,29,2,3,,3,4,1,0,111,32,0,129,4,4,,,,,,,111,33,127,0.023048,0.010415,160,,0,0,0,0,0,0,0,0,,,
grand_sim_v0_7,resource_pressure_harsh,recovery_resource,high_stress,1,11171,ring_mesh,ring_mesh,160,0.14,0.05,0.09,0.26,2.0,0.06,0.13,0.1,0.2,0.012,0.00998,0.3,0.25,0.1,,0.3,,,,,,,0.31,0.03,0.03,0.255555,1.0,0.0,0.140956,0.0,0.0,1.0,1,27,136,24,C04_S_THRESHOLD,25,27,,27,28,1,3,,3,4,1,0,112,31,0,130,3,3,,,,,,,112,31,129,0.023101,0.010464,160,,0,0,0,0,0,0,0,0,,,
grand_sim_v0_7,resource_pressure_harsh,recovery_resource,high_stress,2,11172,ring_mesh,ring_mesh,160,0.14,0.05,0.09,0.26,2.0,0.06,0.13,0.1,0.2,0.012,0.00998,0.3,0.25,0.1,,0.3,,,,,,,0.31,0.03,0.03,0.251981,1.0,0.0,0.141563,0.0,0.0,1.0,1,26,137,23,C04_S_THRESHOLD,25,26,,27,28,2,3,,4,5,1,0,111,31,0,130,5,5,,,,,,,111,31,129,0.023082,0.010426,160,,0,0,0,0,0,0,0,0,,,
grand_sim_v0_7,resource_pressure_harsh,recovery_resource,high_stress,3,11173,ring_mesh,ring_mesh,160,0.14,0.05,0.09,0.26,2.0,0.06,0.13,0.1,0.2,0.012,0.00998,0.3,0.25,0.1,,0.3,,,,,,,0.31,0.03,0.03,0.257434,1.0,0.0,0.140636,0.0,0.0,1.0,1,26,135,25,C04_S_THRESHOLD,25,26,,27,28,0,1,,2,3,1,0,111,32,0,130,2,2,,,,,,,111,33,127,0.023055,0.010403,160,,0,0,0,0,0,0,0,0,,,
grand_sim_v0_7,resource_pressure_harsh,recovery_resource,high_stress,4,11174,ring_mesh,ring_mesh,160,0.14,0.05,0.09,0.26,2.0,0.06,0.13,0.1,0.2,0.012,0.00998,0.3,0.25,0.1,,0.3,,,,,,,0.31,0.03,0.03,0.257748,1.0,0.0,0.140583,0.0,0.0,1.0,1,28,135,25,C04_S_THRESHOLD,27,28,,28,28,2,3,,3,3,1,0,110,32,0,130,4,4,,,,,,,110,33,127,0.023053,0.010415,160,,0,0,0,0,0,0,0,0,,,
grand_sim_v0_7,resource_pressure_harsh,recovery_resource,high_stress,5,11175,ring_mesh,ring_mesh,160,0.14,0.05,0.09,0.26,2.0,0.06,0.13,0.1,0.2,0.012,0.00998,0.3,0.25,0.1,,0.3,,,,,,,0.31,0.03,0.03,0.251684,1.0,0.0,0.141614,0.0,0.0,1.0,1,27,135,25,C04_S_THRESHOLD,25,27,,28,28,0,2,,3,3,1,0,112,31,0,130,3,3,,,,,,,112,32,128,0.023111,0.010474,160,,0,0,0,0,0,0,0,0,,,
grand_sim_v0_7,resource_pressure_harsh,recovery_resource,high_stress,6,11176,ring_mesh,ring_mesh,160,0.14,0.05,0.09,0.26,2.0,0.06,0.13,0.1,0.2,0.012,0.00998,0.3,0.25,0.1,,0.3,,,,,,,0.31,0.03,0.03,0.258065,1.0,0.0,0.140529,0.0,0.0,1.0,1,28,135,25,C04_S_THRESHOLD,26,28,,28,28,1,3,,3,3,1,0,111,31,0,130,4,4,,,,,,,111,31,129,0.023113,0.010463,160,,0,0,0,0,0,0,0,0,,,
grand_sim_v0_7,resource_pressure_harsh,recovery_resource,high_stress,7,11177,ring_mesh,ring_mesh,160,0.14,0.05,0.09,0.26,2.0,0.06,0.13,0.1,0.2,0.012,0.00998,0.3,0.25,0.1,,0.3,,,,,,,0.31,0.03,0.03,0.250887,1.0,0.0,0.141749,0.0,0.0,1.0,1,27,136,24,C04_S_THRESHOLD,25,27,,27,28,1,3,,3,4,1,0,111,31,0,130,2,2,,,,,,,111,31,129,0.023094,0.010454,160,,0,0,0,0,0,0,0,0,,,
grand_sim_v0_7,resource_pressure_harsh,recovery_resource,high_stress,8,11178,ring_mesh,ring_mesh,160,0.14,0.05,0.09,0.26,2.0,0.06,0.13,0.1,0.2,0.012,0.00998,0.3,0.25,0.1,,0.3,,,,,,,0.31,0.03,0.03,0.258058,1.0,0.0,0.14053,0.0,0.0,1.0,1,28,135,25,C04_S_THRESHOLD,27,28,,29,29,2,3,,4,4,1,0,111,32,0,128,4,4,,,,,,,111,32,128,0.023156,0.010456,160,,0,0,0,0,0,0,0,0,,,
grand_sim_v0_7,resource_pressure_harsh,recovery_resource,high_stress,9,11179,ring_mesh,ring_mesh,160,0.14,0.05,0.09,0.26,2.0,0.06,0.13,0.1,0.2,0.012,0.00998,0.3,0.25,0.1,,0.3,,,,,,,0.31,0.03,0.03,0.260649,1.0,0.0,0.14009,0.0,0.0,1.0,1,26,136,24,C04_S_THRESHOLD,25,26,,27,28,1,2,,3,4,1,0,111,31,0,131,0,0,,,,,,,111,32,128,0.02303,0.010425,160,,0,0,0,0,0,0,0,0,,,
grand_sim_v0_7,psi_corruption,meta_governance,low_stress,0,11180,federation,federation,160,0.06,0.1,0.04,0.32,1.2,0.2,0.08,0.06,0.12,0.0075,0.006735,0.3,0.25,0.1,stability_heavy_no_regime,0.3,0.2,0.2,0.15,0.35,0.0,1.0,0.11,0.676667,0.03,0.097805,0.0,0.800967,0.382345,0.802679,0.802679,0.333333,0,,29,83,C07_PSI_EXTENDED,88,,73,,74,5,,-10,,-9,1,0,0,,160,0,0,0,,,,,,,0,118,42,0.00238,0.0,0,,0,0,0,0,0,0,0,0,,,
grand_sim_v0_7,psi_corruption,meta_governance,low_stress,1,11181,federation,federation,160,0.06,0.1,0.04,0.32,1.2,0.2,0.08,0.06,0.12,0.0075,0.006735,0.3,0.25,0.1,stability_heavy_no_regime,0.3,0.2,0.2,0.15,0.35,0.0,1.0,0.11,0.676667,0.03,0.09886,0.0,0.802146,0.385438,0.805533,0.805533,0.333333,0,,31,82,C07_PSI_EXTENDED,87,,72,,73,5,,-10,,-9,1,0,0,,160,0,0,0,,,,,,,0,118,42,0.002417,0.0,0,,0,0,0,0,0,0,0,0,,,
grand_sim_v0_7,psi_corruption,meta_governance,low_stress,2,11182,federation,federation,160,0.06,0.1,0.04,0.32,1.2,0.2,0.08,0.06,0.12,0.0075,0.006735,0.3,0.25,0.1,stability_heavy_no_regime,0.3,0.2,0.2,0.15,0.35,0.0,1.0,0.11,0.676667,0.03,0.11233,1e-06,0.801337,0.380722,0.805533,0.805533,0.333333,0,,32,81,C07_PSI_EXTENDED,89,,72,,73,8,,-9,,-8,1,0,0,,160,0,0,0,,,,,,,0,114,46,0.002418,0.0,0,,0,0,0,0,0,0,0,0,,,
grand_sim_v0_7,psi_corruption,meta_governance,low_stress,3,11183,federation,federation,160,0.06,0.1,0.04,0.32,1.2,0.2,0.08,0.06,0.12,0.0075,0.006735,0.3,0.25,0.1,stability_heavy_no_regime,0.3,0.2,0.2,0.15,0.35,0.0,1.0,0.11,0.676667,0.03,0.106445,0.0,0.802073,0.38248,0.802679,0.802679,0.333333,0,,31,81,C07_PSI_EXTENDED,87,,72,,73,6,,-9,,-8,1,0,0,,160,0,0,0,,,,,,,0,112,48,0.002443,0.0,0,,0,0,0,0,0,0,0,0,,,
grand_sim_v0_7,psi_corruption,meta_governance,low_stress,4,11184,federation,federation,160,0.06,0.1,0.04,0.32,1.2,0.2,0.08,0.06,0.12,0.0075,0.006735,0.3,0.25,0.1,stability_heavy_no_regime,0.3,0.2,0.2,0.15,0.35,0.0,1.0,0.11,0.676667,0.03,0.113294,0.0,0.801441,0.375023,0.805533,0.805533,0.333333,0,,28,85,C07_PSI_EXTENDED,87,,74,,74,2,,-11,,-11,1,0,0,,160,0,0,0,,,,,,,0,131,29,0.002438,0.0,0,,0,0,0,0,0,0,0,0,,,
grand_sim_v0_7,psi_corruption,meta_governance,low_stress,5,11185,federation,federation,160,0.06,0.1,0.04,0.32,1.2,0.2,0.08,0.06,0.12,0.0075,0.006735,0.3,0.25,0.1,stability_heavy_no_regime,0.3,0.2,0.2,0.15,0.35,0.0,1.0,0.11,0.676667,0.03,0.104847,0.0,0.80198,0.379693,0.805533,0.805533,0.333333,0,,34,79,C07_PSI_EXTENDED,85,,70,,72,6,,-9,,-7,1,0,0,,160,0,0,0,,,,,,,0,106,54,0.002433,0.0,0,,0,0,0,0,0,0,0,0,,,
grand_sim_v0_7,psi_corruption,meta_governance,low_stress,6,11186,federation,federation,160,0.06,0.1,0.04,0.32,1.2,0.2,0.08,0.06,0.12,0.0075,0.006735,0.3,0.25,0.1,stability_heavy_no_regime,0.3,0.2,0.2,0.15,0.35,0.0,1.0,0.11,0.67671,0.03,0.106317,0.0,0.801725,0.38347,0.805541,0.805541,0.333333,0,,31,82,C07_PSI_EXTENDED,88,,72,,73,6,,-10,,-9,1,0,0,,160,0,0,0,,,,,,,0,116,44,0.002423,0.0,0,,0,0,0,0,0,0,0,0,,,
grand_sim_v0_7,psi_corruption,meta_governance,low_stress,7,11187,federation,federation,160,0.06,0.1,0.04,0.32,1.2,0.2,0.08,0.06,0.12,0.0075,0.006735,0.3,0.25,0.1,stability_heavy_no_regime,0.3,0.2,0.2,0.15,0.35,0.0,1.0,0.11,0.676667,0.03,0.10361,0.0,0.802928,0.385072,0.805533,0.805533,0.333333,0,,32,81,C07_PSI_EXTENDED,86,,71,,73,5,,-10,,-8,1,0,0,,160,0,0,0,,,,,,,0,114,46,0.002438,0.0,0,,0,0,0,0,0,0,0,0,,,
grand_sim_v0_7,psi_corruption,meta_governance,low_stress,8,11188,federation,federation,160,0.06,0.1,0.04,0.32,1.2,0.2,0.08,0.06,0.12,0.0075,0.006735,0.3,0.25,0.1,stability_heavy_no_regime,0.3,0.2,0.2,0.15,0.35,0.0,1.0,0.11,0.676667,0.03,0.102084,0.0,0.80289,0.384147,0.805533,0.805533,0.333333,0,,31,82,C07_PSI_EXTENDED,86,,72,,73,4,,-10,,-9,1,0,0,,160,0,0,0,,,,,,,0,118,42,0.002419,0.0,0,,0,0,0,0,0,0,0,0,,,
grand_sim_v0_7,psi_corruption,meta_governance,low_stress,9,11189,federation,federation,160,0.06,0.1,0.04,0.32,1.2,0.2,0.08,0.06,0.12,0.0075,0.006735,0.3,0.25,0.1,stability_heavy_no_regime,0.3,0.2,0.2,0.15,0.35,0.0,1.0,0.11,0.676667,0.03,0.113649,9.3e-05,0.799925,0.380845,0.805533,0.805533,0.333333,0,,31,82,C07_PSI_EXTENDED,87,,72,,73,5,,-10,,-9,1,0,0,,160,0,0,0,,,,,,,0,118,42,0.002603,0.0,0,,0,0,0,0,0,0,0,0,,,
grand_sim_v0_7,psi_corruption,meta_governance,mid_stress,0,11190,federation,federation,160,0.1,0.08,0.06,0.29,1.6,0.12,0.1,0.08,0.16,0.0095,0.00791,0.3,0.25,0.1,stability_heavy_no_regime,0.3,0.2,0.2,0.15,0.35,0.0,1.0,0.14,0.676667,0.03,0.125158,0.056357,0.764343,0.335791,0.541462,0.541462,0.333333,0,,61,57,C07_PSI_EXTENDED,61,,51,,52,4,,-6,,-5,1,0,0,,160,0,0,0,,,,,,,0,73,87,0.002231,0.0,0,,0,0,0,0,0,0,0,0,,,
grand_sim_v0_7,psi_corruption,meta_governance,mid_stress,1,11191,federation,federation,160,0.1,0.08,0.06,0.29,1.6,0.12,0.1,0.08,0.16,0.0095,0.00791,0.3,0.25,0.1,stability_heavy_no_regime,0.3,0.2,0.2,0.15,0.35,0.0,1.0,0.14,0.676667,0.03,0.117584,0.051286,0.764254,0.339985,0.541462,0.541462,0.333333,0,,61,57,C07_PSI_EXTENDED,59,,52,,52,2,,-5,,-5,1,0,0,,160,0,0,0,,,,,,,0,80,80,0.001945,0.0,0,,0,0,0,0,0,0,0,0,,,
grand_sim_v0_7,psi_corruption,meta_governance,mid_stress,2,11192,federation,federation,160,0.1,0.08,0.06,0.29,1.6,0.12,0.1,0.08,0.16,0.0095,0.00791,0.3,0.25,0.1,stability_heavy_no_regime,0.3,0.2,0.2,0.15,0.35,0.0,1.0,0.14,0.676667,0.03,0.11557,0.048223,0.765226,0.338268,0.541462,0.541462,0.333333,0,,60,58,C07_PSI_EXTENDED,61,,52,,53,3,,-6,,-5,1,0,0,,160,0,0,0,,,,,,,0,77,83,0.001986,0.0,0,,0,0,0,0,0,0,0,0,,,
grand_sim_v0_7,psi_corruption,meta_governance,mid_stress,3,11193,federation,federation,160,0.1,0.08,0.06,0.29,1.6,0.12,0.1,0.08,0.16,0.0095,0.00791,0.3,0.25,0.1,stability_heavy_no_regime,0.3,0.2,0.2,0.15,0.35,0.0,1.0,0.14,0.676667,0.03,0.11995,0.047362,0.765192,0.339898,0.541462,0.541462,0.333333,0,,60,58,C07_PSI_EXTENDED,61,,52,,52,3,,-6,,-6,1,0,0,,160,0,0,0,,,,,,,0,82,78,0.001933,0.0,0,,0,0,0,0,0,0,0,0,,,
grand_sim_v0_7,psi_corruption,meta_governance,mid_stress,4,11194,federation,federation,160,0.1,0.08,0.06,0.29,1.6,0.12,0.1,0.08,0.16,0.0095,0.00791,0.3,0.25,0.1,stability_heavy_no_regime,0.3,0.2,0.2,0.15,0.35,0.0,1.0,0.14,0.676667,0.03,0.115401,0.052222,0.76506,0.333921,0.541462,0.541462,0.333333,0,,61,57,C07_PSI_EXTENDED,60,,51,,52,3,,-6,,-5,1,0,0,,160,0,0,0,,,,,,,0,73,87,0.00223,0.0,0,,0,0,0,0,0,0,0,0,,,
grand_sim_v0_7,psi_corruption,meta_governance,mid_stress,5,11195,federation,federation,160,0.1,0.08,0.06,0.29,1.6,0.12,0.1,0.08,0.16,0.0095,0.00791,0.3,0.25,0.1,stability_heavy_no_regime,0.3,0.2,0.2,0.15,0.35,0.0,1.0,0.14,0.676667,0.03,0.117768,0.0444,0.76495,0.34103,0.541462,0.541462,0.333333,0,,62,56,C07_PSI_EXTENDED,58,,52,,52,2,,-4,,-4,1,0,0,,160,0,0,0,,,,,,,0,71,89,0.002652,0.0,0,,0,0,0,0,0,0,0,0,,,
grand_sim_v0_7,psi_corruption,meta_governance,mid_stress,6,11196,federation,federation,160,0.1,0.08,0.06,0.29,1.6,0.12,0.1,0.08,0.16,0.0095,0.00791,0.3,0.25,0.1,stability_heavy_no_regime,0.3,0.2,0.2,0.15,0.35,0.0,1.0,0.14,0.676667,0.03,0.12069,0.047418,0.765309,0.341748,0.541462,0.541462,0.333333,0,,60,58,C07_PSI_EXTENDED,60,,52,,52,2,,-6,,-6,1,0,0,,160,0,0,0,,,,,,,0,79,81,0.001973,0.0,0,,0,0,0,0,0,0,0,0,,,
grand_sim_v0_7,psi_corruption,meta_governance,mid_stress,7,11197,federation,federation,160,0.1,0.08,0.06,0.29,1.6,0.12,0.1,0.08,0.16,0.0095,0.00791,0.3,0.25,0.1,stability_heavy_no_regime,0.3,0.2,0.2,0.15,0.35,0.0,1.0,0.14,0.676667,0.03,0.121675,0.046529,0.764942,0.33784,0.541462,0.541462,0.333333,0,,60,58,C07_PSI_EXTENDED,61,,52,,52,3,,-6,,-6,1,0,0,,160,0,0,0,,,,,,,0,77,83,0.001979,0.0,0,,0,0,0,0,0,0,0,0,,,
grand_sim_v0_7,psi_corruption,meta_governance,mid_stress,8,11198,federation,federation,160,0.1,0.08,0.06,0.29,1.6,0.12,0.1,0.08,0.16,0.0095,0.00791,0.3,0.25,0.1,stability_heavy_no_regime,0.3,0.2,0.2,0.15,0.35,0.0,1.0,0.14,0.676667,0.03,0.118417,0.0459,0.765048,0.340527,0.541462,0.541462,0.333333,0,,61,57,C07_PSI_EXTENDED,60,,52,,53,3,,-5,,-4,1,0,0,,160,0,0,0,,,,,,,0,76,84,0.002567,0.0,0,,0,0,0,0,0,0,0,0,,,
grand_sim_v0_7,psi_corruption,meta_governance,mid_stress,9,11199,federation,federation,160,0.1,0.08,0.06,0.29,1.6,0.12,0.1,0.08,0.16,0.0095,0.00791,0.3,0.25,0.1,stability_heavy_no_regime,0.3,0.2,0.2,0.15,0.35,0.0,1.0,0.14,0.676667,0.03,0.12107,0.047868,0.765381,0.337867,0.541462,0.541462,0.333333,0,,59,59,C07_PSI_EXTENDED,61,,52,,52,2,,-7,,-7,1,0,0,,160,0,0,0,,,,,,,0,89,71,0.001865,0.0,0,,0,0,0,0,0,0,0,0,,,
grand_sim_v0_7,psi_corruption,meta_governance,high_stress,0,11200,federation,federation,160,0.14,0.05,0.09,0.26,2.0,0.06,0.13,0.1,0.2,0.012,0.00998,0.3,0.25,0.1,stability_heavy_no_regime,0.3,0.2,0.2,0.15,0.35,0.0,1.0,0.17,0.03,0.03,0.138882,1.0,0.0,0.158008,0.0,0.0,1.0,1,29,135,25,C07_PSI_EXTENDED,26,29,25,30,28,1,4,0,5,3,1,0,0,,160,126,0,0,,,,,,,0,,0,0.0,0.0,0,,0,0,0,0,0,0,0,0,,,
grand_sim_v0_7,psi_corruption,meta_governance,high_stress,1,11201,federation,federation,160,0.14,0.05,0.09,0.26,2.0,0.06,0.13,0.1,0.2,0.012,0.00998,0.3,0.25,0.1,stability_heavy_no_regime,0.3,0.2,0.2,0.15,0.35,0.0,1.0,0.17,0.03,0.03,0.137381,1.0,0.0,0.154865,0.0,0.0,1.0,1,27,135,25,C07_PSI_EXTENDED,26,27,25,28,28,1,2,0,3,3,1,0,0,,160,128,0,0,,,,,,,0,,0,0.0,0.0,0,,0,0,0,0,0,0,0,0,,,
grand_sim_v0_7,psi_corruption,meta_governance,high_stress,2,11202,federation,federation,160,0.14,0.05,0.09,0.26,2.0,0.06,0.13,0.1,0.2,0.012,0.00998,0.3,0.25,0.1,stability_heavy_no_regime,0.3,0.2,0.2,0.15,0.35,0.0,1.0,0.17,0.03,0.03,0.143896,1.0,0.0,0.15419,0.0,0.0,1.0,1,27,136,24,C07_PSI_EXTENDED,26,27,25,29,28,2,3,1,5,4,1,0,0,,160,127,0,0,,,,,,,0,,0,0.0,0.0,0,,0,0,0,0,0,0,0,0,,,
grand_sim_v0_7,psi_corruption,meta_governance,high_stress,3,11203,federation,federation,160,0.14,0.05,0.09,0.26,2.0,0.06,0.13,0.1,0.2,0.012,0.00998,0.3,0.25,0.1,stability_heavy_no_regime,0.3,0.2,0.2,0.15,0.35,0.0,1.0,0.17,0.03,0.03,0.13824,1.0,0.0,0.157939,0.0,0.0,1.0,1,26,138,22,C07_PSI_EXTENDED,25,26,23,27,26,3,4,1,5,4,1,0,0,,160,129,0,0,,,,,,,0,,0,0.0,0.0,0,,0,0,0,0,0,0,0,0,,,
grand_sim_v0_7,psi_corruption,meta_governance,high_stress,4,11204,federation,federation,160,0.14,0.05,0.09,0.26,2.0,0.06,0.13,0.1,0.2,0.012,0.00998,0.3,0.25,0.1,stability_heavy_no_regime,0.3,0.2,0.2,0.15,0.35,0.0,1.0,0.17,0.03,0.03,0.134848,1.0,0.0,0.158818,0.0,0.0,1.0,1,25,137,23,C07_PSI_EXTENDED,23,25,23,26,26,0,2,0,3,3,1,0,0,,160,129,0,0,,,,,,,0,,0,0.0,0.0,0,,0,0,0,0,0,0,0,0,,,
grand_sim_v0_7,psi_corruption,meta_governance,high_stress,5,11205,federation,federation,160,0.14,0.05,0.09,0.26,2.0,0.06,0.13,0.1,0.2,0.012,0.00998,0.3,0.25,0.1,stability_heavy_no_regime,0.3,0.2,0.2,0.15,0.35,0.0,1.0,0.17,0.03,0.03,0.138286,1.0,0.0,0.155661,0.0,0.0,1.0,1,25,139,21,C07_PSI_EXTENDED,23,25,22,27,24,2,4,1,6,3,1,0,0,,160,128,0,0,,,,,,,0,,0,0.0,0.0,0,,0,0,0,0,0,0,0,0,,,
grand_sim_v0_7,psi_corruption,meta_governance,high_stress,6,11206,federation,federation,160,0.14,0.05,0.09,0.26,2.0,0.06,0.13,0.1,0.2,0.012,0.00998,0.3,0.25,0.1,stability_heavy_no_regime,0.3,0.2,0.2,0.15,0.35,0.0,1.0,0.17,0.03,0.03,0.132868,1.0,0.0,0.157729,0.0,0.0,1.0,1,27,137,23,C07_PSI_EXTENDED,26,27,24,28,27,3,4,1,5,4,1,0,0,,160,127,0,0,,,,,,,0,,0,0.0,0.0,0,,0,0,0,0,0,0,0,0,,,
grand_sim_v0_7,psi_corruption,meta_governance,high_stress,7,11207,federation,federation,160,0.14,0.05,0.09,0.26,2.0,0.06,0.13,0.1,0.2,0.012,0.00998,0.3,0.25,0.1,stability_heavy_no_regime,0.3,0.2,0.2,0.15,0.35,0.0,1.0,0.17,0.03,0.03,0.139226,1.0,0.0,0.157515,0.0,0.0,1.0,1,25,138,22,C07_PSI_EXTENDED,24,25,23,27,26,2,3,1,5,4,1,0,0,,160,128,0,0,,,,,,,0,,0,0.0,0.0,0,,0,0,0,0,0,0,0,0,,,
grand_sim_v0_7,psi_corruption,meta_governance,high_stress,8,11208,federation,federation,160,0.14,0.05,0.09,0.26,2.0,0.06,0.13,0.1,0.2,0.012,0.00998,0.3,0.25,0.1,stability_heavy_no_regime,0.3,0.2,0.2,0.15,0.35,0.0,1.0,0.17,0.03,0.03,0.132772,1.0,0.0,0.158818,0.0,0.0,1.0,1,26,137,23,C07_PSI_EXTENDED,25,26,24,27,26,2,3,1,4,3,1,0,0,,160,129,0,0,,,,,,,0,,0,0.0,0.0,0,,0,0,0,0,0,0,0,0,,,
grand_sim_v0_7,psi_corruption,meta_governance,high_stress,9,11209,federation,federation,160,0.14,0.05,0.09,0.26,2.0,0.06,0.13,0.1,0.2,0.012,0.00998,0.3,0.25,0.1,stability_heavy_no_regime,0.3,0.2,0.2,0.15,0.35,0.0,1.0,0.17,0.03,0.03,0.140189,1.0,0.0,0.154594,0.0,0.0,1.0,1,24,138,22,C07_PSI_EXTENDED,24,24,24,26,26,2,2,2,4,4,1,0,0,,160,129,0,0,,,,,,,0,,0,0.0,0.0,0,,0,0,0,0,0,0,0,0,,,
grand_sim_v0_7,psi_stability_ablation,meta_governance_adversarial,low_stress,0,11210,federation,federation,160,0.06,0.1,0.04,0.32,1.2,0.2,0.08,0.06,0.12,0.0075,0.006735,0.3,0.25,0.1,stability_heavy_no_regime,0.3,0.2,0.2,0.15,0.0,0.0,0.0,0.03,0.676667,0.03,0.110346,0.0,0.798678,0.376661,0.774862,0.774862,0.333333,0,,0,,,99,,81,,82,,,,,,0,0,0,,0,0,0,0,,,,,,,0,132,28,0.002297,0.0,0,,0,0,0,0,0,0,0,0,,,
grand_sim_v0_7,psi_stability_ablation,meta_governance_adversarial,low_stress,1,11211,federation,federation,160,0.06,0.1,0.04,0.32,1.2,0.2,0.08,0.06,0.12,0.0075,0.006735,0.3,0.25,0.1,stability_heavy_no_regime,0.3,0.2,0.2,0.15,0.0,0.0,0.0,0.03,0.676667,0.03,0.102058,0.0,0.799292,0.377663,0.768396,0.768396,0.333333,0,,0,,,96,,81,,82,,,,,,0,0,0,,0,0,0,0,,,,,,,0,127,33,0.002292,0.0,0,,0,0,0,0,0,0,0,0,,,
grand_sim_v0_7,psi_stability_ablation,meta_governance_adversarial,low_stress,2,11212,federation,federation,160,0.06,0.1,0.04,0.32,1.2,0.2,0.08,0.06,0.12,0.0075,0.006735,0.3,0.25,0.1,stability_heavy_no_regime,0.3,0.2,0.2,0.15,0.0,0.0,0.0,0.03,0.676667,0.03,0.109038,0.0,0.798883,0.381898,0.769702,0.769702,0.333333,0,,0,,,97,,81,,82,,,,,,0,0,0,,0,0,0,0,,,,,,,0,132,28,0.002267,0.0,0,,0,0,0,0,0,0,0,0,,,
grand_sim_v0_7,psi_stability_ablation,meta_governance_adversarial,low_stress,3,11213,federation,federation,160,0.06,0.1,0.04,0.32,1.2,0.2,0.08,0.06,0.12,0.0075,0.006735,0.3,0.25,0.1,stability_heavy_no_regime,0.3,0.2,0.2,0.15,0.0,0.0,0.0,0.03,0.676667,0.03,0.105436,0.0,0.799509,0.381564,0.774626,0.774626,0.333333,0,,0,,,99,,80,,81,,,,,,0,0,0,,0,0,0,0,,,,,,,0,128,32,0.002286,0.0,0,,0,0,0,0,0,0,0,0,,,
grand_sim_v0_7,psi_stability_ablation,meta_governance_adversarial,low_stress,4,11214,federation,federation,160,0.06,0.1,0.04,0.32,1.2,0.2,0.08,0.06,0.12,0.0075,0.006735,0.3,0.25,0.1,stability_heavy_no_regime,0.3,0.2,0.2,0.15,0.0,0.0,0.0,0.03,0.676667,0.03,0.112835,0.0,0.796595,0.375525,0.76644,0.76644,0.333333,0,,0,,,97,,80,,81,,,,,,0,0,0,,0,0,0,0,,,,,,,0,133,27,0.002217,0.0,0,,0,0,0,0,0,0,0,0,,,
grand_sim_v0_7,psi_stability_ablation,meta_governance_adversarial,low_stress,5,11215,federation,federation,160,0.06,0.1,0.04,0.32,1.2,0.2,0.08,0.06,0.12,0.0075,0.006735,0.3,0.25,0.1,stability_heavy_no_regime,0.3,0.2,0.2,0.15,0.0,0.0,0.0,0.03,0.676667,0.03,0.10195,0.0,0.79923,0.380434,0.764601,0.764601,0.333333,0,,0,,,96,,80,,81,,,,,,0,0,0,,0,0,0,0,,,,,,,0,120,40,0.002231,0.0,0,,0,0,0,0,0,0,0,0,,,
grand_sim_v0_7,psi_stability_ablation,meta_governance_adversarial,low_stress,6,11216,federation,federation,160,0.06,0.1,0.04,0.32,1.2,0.2,0.08,0.06,0.12,0.0075,0.006735,0.3,0.25,0.1,stability_heavy_no_regime,0.3,0.2,0.2,0.15,0.0,0.0,0.0,0.03,0.676667,0.03,0.102545,0.0,0.797633,0.380791,0.769807,0.769807,0.333333,0,,0,,,96,,82,,83,,,,,,0,0,0,,0,0,0,0,,,,,,,0,137,23,0.002236,0.0,0,,0,0,0,0,0,0,0,0,,,
grand_sim_v0_7,psi_stability_ablation,meta_governance_adversarial,low_stress,7,11217,federation,federation,160,0.06,0.1,0.04,0.32,1.2,0.2,0.08,0.06,0.12,0.0075,0.006735,0.3,0.25,0.1,stability_heavy_no_regime,0.3,0.2,0.2,0.15,0.0,0.0,0.0,0.03,0.676667,0.03,0.105397,0.0,0.799308,0.379423,0.774104,0.774104,0.333333,0,,0,,,98,,82,,83,,,,,,0,0,0,,0,0,0,0,,,,,,,0,136,24,0.002293,0.0,0,,0,0,0,0,0,0,0,0,,,
grand_sim_v0_7,psi_stability_ablation,meta_governance_adversarial,low_stress,8,11218,federation,federation,160,0.06,0.1,0.04,0.32,1.2,0.2,0.08,0.06,0.12,0.0075,0.006735,0.3,0.25,0.1,stability_heavy_no_regime,0.3,0.2,0.2,0.15,0.0,0.0,0.0,0.03,0.676667,0.03,0.109006,0.0,0.797869,0.378281,0.771152,0.771152,0.333333,0,,0,,,99,,81,,81,,,,,,0,0,0,,0,0,0,0,,,,,,,0,126,34,0.002268,0.0,0,,0,0,0,0,0,0,0,0,,,
grand_sim_v0_7,psi_stability_ablation,meta_governance_adversarial,low_stress,9,11219,federation,federation,160,0.06,0.1,0.04,0.32,1.2,0.2,0.08,0.06,0.12,0.0075,0.006735,0.3,0.25,0.1,stability_heavy_no_regime,0.3,0.2,0.2,0.15,0.0,0.0,0.0,0.03,0.676667,0.03,0.110289,0.0,0.79697,0.378114,0.769509,0.769509,0.333333,0,,0,,,98,,81,,82,,,,,,0,0,0,,0,0,0,0,,,,,,,0,136,24,0.002253,0.0,0,,0,0,0,0,0,0,0,0,,,
grand_sim_v0_7,psi_stability_ablation,meta_governance_adversarial,mid_stress,0,11220,federation,federation,160,0.1,0.08,0.06,0.29,1.6,0.12,0.1,0.08,0.16,0.0095,0.00791,0.3,0.25,0.1,stability_heavy_no_regime,0.3,0.2,0.2,0.15,0.0,0.0,0.0,0.06,0.676667,0.03,0.113594,0.188331,0.708753,0.314644,0.352027,0.352027,0.333333,0,,0,,,66,,55,,56,,,,,,0,0,0,,0,0,0,0,,,,,,,0,94,66,0.001141,0.0,0,,0,0,0,0,0,0,0,0,,,
grand_sim_v0_7,psi_stability_ablation,meta_governance_adversarial,mid_stress,1,11221,federation,federation,160,0.1,0.08,0.06,0.29,1.6,0.12,0.1,0.08,0.16,0.0095,0.00791,0.3,0.25,0.1,stability_heavy_no_regime,0.3,0.2,0.2,0.15,0.0,0.0,0.0,0.06,0.676286,0.03,0.123291,0.209145,0.688922,0.310573,0.347898,0.347898,0.333333,0,,0,,,62,,55,,56,,,,,,0,0,0,,0,0,0,0,,,,,,,0,82,78,0.001384,0.0,0,,0,0,0,0,0,0,0,0,,,
grand_sim_v0_7,psi_stability_ablation,meta_governance_adversarial,mid_stress,2,11222,federation,federation,160,0.1,0.08,0.06,0.29,1.6,0.12,0.1,0.08,0.16,0.0095,0.00791,0.3,0.25,0.1,stability_heavy_no_regime,0.3,0.2,0.2,0.15,0.0,0.0,0.0,0.06,0.676667,0.03,0.12546,0.197885,0.695782,0.311035,0.35131,0.35131,0.333333,0,,0,,,66,,55,,57,,,,,,0,0,0,,0,0,0,0,,,,,,,0,89,71,0.001245,0.0,0,,0,0,0,0,0,0,0,0,,,
grand_sim_v0_7,psi_stability_ablation,meta_governance_adversarial,mid_stress,3,11223,federation,federation,160,0.1,0.08,0.06,0.29,1.6,0.12,0.1,0.08,0.16,0.0095,0.00791,0.3,0.25,0.1,stability_heavy_no_regime,0.3,0.2,0.2,0.15,0.0,0.0,0.0,0.06,0.676295,0.03,0.121911,0.208423,0.694686,0.311069,0.350892,0.350892,0.333333,0,,0,,,66,,55,,56,,,,,,0,0,0,,0,0,0,0,,,,,,,0,84,76,0.001347,0.0,0,,0,0,0,0,0,0,0,0,,,
grand_sim_v0_7,psi_stability_ablation,meta_governance_adversarial,mid_stress,4,11224,federation,federation,160,0.1,0.08,0.06,0.29,1.6,0.12,0.1,0.08,0.16,0.0095,0.00791,0.3,0.25,0.1,stability_heavy_no_regime,0.3,0.2,0.2,0.15,0.0,0.0,0.0,0.06,0.675324,0.03,0.116034,0.176648,0.708184,0.320389,0.354241,0.354241,0.333333,0,,0,,,66,,60,,60,,,,,,0,0,0,,0,0,0,0,,,,,,,0,119,41,0.000771,0.0,0,,0,0,0,0,0,0,0,0,,,
grand_sim_v0_7,psi_stability_ablation,meta_governance_adversarial,mid_stress,5,11225,federation,federation,160,0.1,0.08,0.06,0.29,1.6,0.12,0.1,0.08,0.16,0.0095,0.00791,0.3,0.25,0.1,stability_heavy_no_regime,0.3,0.2,0.2,0.15,0.0,0.0,0.0,0.06,0.676623,0.03,0.126539,0.210513,0.687097,0.314033,0.351498,0.348774,0.333333,0,,0,,,67,,55,,56,,,,,,0,0,0,,0,0,0,0,,,,,,,0,87,73,0.001298,0.0,0,,0,0,0,0,0,0,0,0,,,
grand_sim_v0_7,psi_stability_ablation,meta_governance_adversarial,mid_stress,6,11226,federation,federation,160,0.1,0.08,0.06,0.29,1.6,0.12,0.1,0.08,0.16,0.0095,0.00791,0.3,0.25,0.1,stability_heavy_no_regime,0.3,0.2,0.2,0.15,0.0,0.0,0.0,0.06,0.676667,0.03,0.116953,0.195968,0.7051,0.312733,0.349453,0.349453,0.333333,0,,0,,,66,,55,,56,,,,,,0,0,0,,0,0,0,0,,,,,,,0,82,78,0.001416,0.0,0,,0,0,0,0,0,0,0,0,,,
grand_sim_v0_7,psi_stability_ablation,meta_governance_adversarial,mid_stress,7,11227,federation,federation,160,0.1,0.08,0.06,0.29,1.6,0.12,0.1,0.08,0.16,0.0095,0.00791,0.3,0.25,0.1,stability_heavy_no_regime,0.3,0.2,0.2,0.15,0.0,0.0,0.0,0.06,0.676667,0.03,0.116281,0.183151,0.70103,0.318239,0.348574,0.348574,0.333333,0,,0,,,66,,55,,56,,,,,,0,0,0,,0,0,0,0,,,,,,,0,81,79,0.001425,0.0,0,,0,0,0,0,0,0,0,0,,,
grand_sim_v0_7,psi_stability_ablation,meta_governance_adversarial,mid_stress,8,11228,federation,federation,160,0.1,0.08,0.06,0.29,1.6,0.12,0.1,0.08,0.16,0.0095,0.00791,0.3,0.25,0.1,stability_heavy_no_regime,0.3,0.2,0.2,0.15,0.0,0.0,0.0,0.06,0.676506,0.03,0.118324,0.195786,0.70137,0.309375,0.34854,0.34854,0.333333,0,,0,,,66,,55,,56,,,,,,0,0,0,,0,0,0,0,,,,,,,0,75,85,0.002001,0.0,0,,0,0,0,0,0,0,0,0,,,
grand_sim_v0_7,psi_stability_ablation,meta_governance_adversarial,mid_stress,9,11229,federation,federation,160,0.1,0.08,0.06,0.29,1.6,0.12,0.1,0.08,0.16,0.0095,0.00791,0.3,0.25,0.1,stability_heavy_no_regime,0.3,0.2,0.2,0.15,0.0,0.0,0.0,0.06,0.676667,0.03,0.11788,0.186672,0.7061,0.317458,0.350971,0.350971,0.333333,0,,0,,,66,,55,,56,,,,,,0,0,0,,0,0,0,0,,,,,,,0,87,73,0.001301,0.0,0,,0,0,0,0,0,0,0,0,,,
grand_sim_v0_7,psi_stability_ablation,meta_governance_adversarial,high_stress,0,11230,federation,federation,160,0.14,0.05,0.09,0.26,2.0,0.06,0.13,0.1,0.2,0.012,0.00998,0.3,0.25,0.1,stability_heavy_no_regime,0.3,0.2,0.2,0.15,0.0,0.0,0.0,0.09,0.03,0.03,0.135378,1.0,0.0,0.156849,0.0,0.0,1.0,1,27,131,29,C07_PSI_EXTENDED,25,27,24,28,28,-4,-2,-5,-1,-1,0,0,0,,0,126,0,0,,,,,,,0,,0,0.0,0.0,0,,0,0,0,0,0,0,0,0,,,
grand_sim_v0_7,psi_stability_ablation,meta_governance_adversarial,high_stress,1,11231,federation,federation,160,0.14,0.05,0.09,0.26,2.0,0.06,0.13,0.1,0.2,0.012,0.00998,0.3,0.25,0.1,stability_heavy_no_regime,0.3,0.2,0.2,0.15,0.0,0.0,0.0,0.09,0.03,0.03,0.143267,1.0,0.0,0.156306,0.0,0.0,1.0,1,25,132,28,C07_PSI_EXTENDED,23,25,23,26,26,-5,-3,-5,-2,-2,0,0,0,,0,128,0,0,,,,,,,0,,0,0.0,0.0,0,,0,0,0,0,0,0,0,0,,,
grand_sim_v0_7,psi_stability_ablation,meta_governance_adversarial,high_stress,2,11232,federation,federation,160,0.14,0.05,0.09,0.26,2.0,0.06,0.13,0.1,0.2,0.012,0.00998,0.3,0.25,0.1,stability_heavy_no_regime,0.3,0.2,0.2,0.15,0.0,0.0,0.0,0.09,0.03,0.03,0.142942,1.0,0.0,0.156886,0.0,0.0,1.0,1,26,131,29,C07_PSI_EXTENDED,23,26,22,27,26,-6,-3,-7,-2,-3,0,0,0,,0,127,0,0,,,,,,,0,,0,0.0,0.0,0,,0,0,0,0,0,0,0,0,,,
grand_sim_v0_7,psi_stability_ablation,meta_governance_adversarial,high_stress,3,11233,federation,federation,160,0.14,0.05,0.09,0.26,2.0,0.06,0.13,0.1,0.2,0.012,0.00998,0.3,0.25,0.1,stability_heavy_no_regime,0.3,0.2,0.2,0.15,0.0,0.0,0.0,0.09,0.03,0.03,0.141774,1.0,0.0,0.156822,0.0,0.0,1.0,1,26,132,28,C07_PSI_EXTENDED,25,26,23,27,26,-3,-2,-5,-1,-2,0,0,0,,0,127,0,0,,,,,,,0,,0,0.0,0.0,0,,0,0,0,0,0,0,0,0,,,
grand_sim_v0_7,psi_stability_ablation,meta_governance_adversarial,high_stress,4,11234,federation,federation,160,0.14,0.05,0.09,0.26,2.0,0.06,0.13,0.1,0.2,0.012,0.00998,0.3,0.25,0.1,stability_heavy_no_regime,0.3,0.2,0.2,0.15,0.0,0.0,0.0,0.09,0.03,0.03,0.145923,1.0,0.0,0.155527,0.0,0.0,1.0,1,26,131,29,C07_PSI_EXTENDED,25,26,25,28,28,-4,-3,-4,-1,-1,0,0,0,,0,127,0,0,,,,,,,0,,0,0.0,0.0,0,,0,0,0,0,0,0,0,0,,,
grand_sim_v0_7,psi_stability_ablation,meta_governance_adversarial,high_stress,5,11235,federation,federation,160,0.14,0.05,0.09,0.26,2.0,0.06,0.13,0.1,0.2,0.012,0.00998,0.3,0.25,0.1,stability_heavy_no_regime,0.3,0.2,0.2,0.15,0.0,0.0,0.0,0.09,0.03,0.03,0.13471,1.0,0.0,0.159065,0.0,0.0,1.0,1,27,130,30,C07_PSI_EXTENDED,26,27,25,28,28,-4,-3,-5,-2,-2,0,0,0,,0,126,0,0,,,,,,,0,,0,0.0,0.0,0,,0,0,0,0,0,0,0,0,,,
grand_sim_v0_7,psi_stability_ablation,meta_governance_adversarial,high_stress,6,11236,federation,federation,160,0.14,0.05,0.09,0.26,2.0,0.06,0.13,0.1,0.2,0.012,0.00998,0.3,0.25,0.1,stability_heavy_no_regime,0.3,0.2,0.2,0.15,0.0,0.0,0.0,0.09,0.03,0.03,0.141415,1.0,0.0,0.155006,0.0,0.0,1.0,1,28,130,30,C07_PSI_EXTENDED,27,28,26,29,29,-3,-2,-4,-1,-1,0,0,0,,0,126,0,0,,,,,,,0,,0,0.0,0.0,0,,0,0,0,0,0,0,0,0,,,
grand_sim_v0_7,psi_stability_ablation,meta_governance_adversarial,high_stress,7,11237,federation,federation,160,0.14,0.05,0.09,0.26,2.0,0.06,0.13,0.1,0.2,0.012,0.00998,0.3,0.25,0.1,stability_heavy_no_regime,0.3,0.2,0.2,0.15,0.0,0.0,0.0,0.09,0.03,0.03,0.137225,1.0,0.0,0.155771,0.0,0.0,1.0,1,26,132,28,C07_PSI_EXTENDED,24,26,24,27,26,-4,-2,-4,-1,-2,0,0,0,,0,128,0,0,,,,,,,0,,0,0.0,0.0,0,,0,0,0,0,0,0,0,0,,,
grand_sim_v0_7,psi_stability_ablation,meta_governance_adversarial,high_stress,8,11238,federation,federation,160,0.14,0.05,0.09,0.26,2.0,0.06,0.13,0.1,0.2,0.012,0.00998,0.3,0.25,0.1,stability_heavy_no_regime,0.3,0.2,0.2,0.15,0.0,0.0,0.0,0.09,0.03,0.03,0.137501,1.0,0.0,0.157116,0.0,0.0,1.0,1,24,133,27,C07_PSI_EXTENDED,23,24,23,26,26,-4,-3,-4,-1,-1,0,0,0,,0,130,0,0,,,,,,,0,,0,0.0,0.0,0,,0,0,0,0,0,0,0,0,,,
grand_sim_v0_7,psi_stability_ablation,meta_governance_adversarial,high_stress,9,11239,federation,federation,160,0.14,0.05,0.09,0.26,2.0,0.06,0.13,0.1,0.2,0.012,0.00998,0.3,0.25,0.1,stability_heavy_no_regime,0.3,0.2,0.2,0.15,0.0,0.0,0.0,0.09,0.03,0.03,0.144546,1.0,0.0,0.156387,0.0,0.0,1.0,1,26,131,29,C07_PSI_EXTENDED,25,26,24,27,27,-4,-3,-5,-2,-2,0,0,0,,0,128,0,0,,,,,,,0,,0,0.0,0.0,0,,0,0,0,0,0,0,0,0,,,
grand_sim_v0_7,async_message_loss,coordination,low_stress,0,11240,federation,federation,160,0.06,0.1,0.04,0.32,1.2,0.2,0.08,0.06,0.12,0.0075,0.006735,0.3,0.25,0.1,stability_heavy_no_regime,0.3,0.2,0.2,0.15,0.35,0.0,1.0,0.25,0.904226,0.03,0.118334,7.2e-05,0.939459,0.974456,1.0,1.0,0.1,0,,0,,,,,,,,,,,,,0,0,0,,0,0,0,0,,,,,,,0,,0,0.0,0.0,0,,0,0,0,0,0,0,0,0,,,
grand_sim_v0_7,async_message_loss,coordination,low_stress,1,11241,federation,federation,160,0.06,0.1,0.04,0.32,1.2,0.2,0.08,0.06,0.12,0.0075,0.006735,0.3,0.25,0.1,stability_heavy_no_regime,0.3,0.2,0.2,0.15,0.35,0.0,1.0,0.25,0.906026,0.03,0.121892,1.1e-05,0.938522,0.97244,1.0,1.0,0.1,0,,0,,,,,,,,,,,,,0,0,0,,0,0,0,0,,,,,,,0,,0,0.0,0.0,0,,0,0,0,0,0,0,0,0,,,
grand_sim_v0_7,async_message_loss,coordination,low_stress,2,11242,federation,federation,160,0.06,0.1,0.04,0.32,1.2,0.2,0.08,0.06,0.12,0.0075,0.006735,0.3,0.25,0.1,stability_heavy_no_regime,0.3,0.2,0.2,0.15,0.35,0.0,1.0,0.25,0.906528,0.03,0.118712,4e-05,0.939288,0.975209,1.0,1.0,0.1,0,,0,,,,,,,,,,,,,0,0,0,,0,0,0,0,,,,,,,0,,0,0.0,0.0,0,,0,0,0,0,0,0,0,0,,,
grand_sim_v0_7,async_message_loss,coordination,low_stress,3,11243,federation,federation,160,0.06,0.1,0.04,0.32,1.2,0.2,0.08,0.06,0.12,0.0075,0.006735,0.3,0.25,0.1,stability_heavy_no_regime,0.3,0.2,0.2,0.15,0.35,0.0,1.0,0.25,0.907109,0.03,0.123366,0.000235,0.938149,0.972192,1.0,1.0,0.1,0,,0,,,,,,,,,,,,,0,0,0,,0,0,0,0,,,,,,,0,,0,0.0,0.0,0,,0,0,0,0,0,0,0,0,,,
grand_sim_v0_7,async_message_loss,coordination,low_stress,4,11244,federation,federation,160,0.06,0.1,0.04,0.32,1.2,0.2,0.08,0.06,0.12,0.0075,0.006735,0.3,0.25,0.1,stability_heavy_no_regime,0.3,0.2,0.2,0.15,0.35,0.0,1.0,0.25,0.903557,0.03111,0.118778,9.2e-05,0.9396,0.971033,1.0,1.0,0.1,0,,0,,,,,,,,,,,,,0,0,0,,0,0,0,0,,,,,,,0,,0,0.0,0.0,0,,0,0,0,0,0,0,0,0,,,
grand_sim_v0_7,async_message_loss,coordination,low_stress,5,11245,federation,federation,160,0.06,0.1,0.04,0.32,1.2,0.2,0.08,0.06,0.12,0.0075,0.006735,0.3,0.25,0.1,stability_heavy_no_regime,0.3,0.2,0.2,0.15,0.35,0.0,1.0,0.25,0.905005,0.03,0.119012,0.000128,0.939215,0.973708,1.0,1.0,0.1,0,,0,,,,,,,,,,,,,0,0,0,,0,0,0,0,,,,,,,0,,0,0.0,0.0,0,,0,0,0,0,0,0,0,0,,,
grand_sim_v0_7,async_message_loss,coordination,low_stress,6,11246,federation,federation,160,0.06,0.1,0.04,0.32,1.2,0.2,0.08,0.06,0.12,0.0075,0.006735,0.3,0.25,0.1,stability_heavy_no_regime,0.3,0.2,0.2,0.15,0.35,0.0,1.0,0.25,0.905304,0.033761,0.118496,0.000157,0.940064,0.973183,1.0,1.0,0.1,0,,0,,,,,,,,,,,,,0,0,0,,0,0,0,0,,,,,,,0,,0,0.0,0.0,0,,0,0,0,0,0,0,0,0,,,
grand_sim_v0_7,async_message_loss,coordination,low_stress,7,11247,federation,federation,160,0.06,0.1,0.04,0.32,1.2,0.2,0.08,0.06,0.12,0.0075,0.006735,0.3,0.25,0.1,stability_heavy_no_regime,0.3,0.2,0.2,0.15,0.35,0.0,1.0,0.25,0.907979,0.044768,0.119236,0.000147,0.940001,0.974144,1.0,1.0,0.1,0,,0,,,,,,,,,,,,,0,0,0,,0,0,0,0,,,,,,,0,,0,0.0,0.0,0,,0,0,0,0,0,0,0,0,,,
grand_sim_v0_7,async_message_loss,coordination,low_stress,8,11248,federation,federation,160,0.06,0.1,0.04,0.32,1.2,0.2,0.08,0.06,0.12,0.0075,0.006735,0.3,0.25,0.1,stability_heavy_no_regime,0.3,0.2,0.2,0.15,0.35,0.0,1.0,0.25,0.910235,0.044437,0.122742,0.000468,0.939519,0.97262,1.0,1.0,0.1,0,,0,,,,,,,,,,,,,0,0,0,,0,0,0,0,,,,,,,0,,0,0.0,0.0,0,,0,0,0,0,0,0,0,0,,,
grand_sim_v0_7,async_message_loss,coordination,low_stress,9,11249,federation,federation,160,0.06,0.1,0.04,0.32,1.2,0.2,0.08,0.06,0.12,0.0075,0.006735,0.3,0.25,0.1,stability_heavy_no_regime,0.3,0.2,0.2,0.15,0.35,0.0,1.0,0.25,0.905087,0.03,0.118844,2.8e-05,0.939805,0.970088,1.0,1.0,0.1,0,,0,,,,,,,,,,,,,0,0,0,,0,0,0,0,,,,,,,0,,0,0.0,0.0,0,,0,0,0,0,0,0,0,0,,,
grand_sim_v0_7,async_message_loss,coordination,mid_stress,0,11250,federation,federation,160,0.1,0.08,0.06,0.29,1.6,0.12,0.1,0.08,0.16,0.0095,0.00791,0.3,0.25,0.1,stability_heavy_no_regime,0.3,0.2,0.2,0.15,0.35,0.0,1.0,0.28,0.903198,0.03,0.13533,0.001114,0.929192,0.968869,1.0,1.0,0.1,0,,0,,,,,,,,,,,,,0,0,0,,0,0,0,0,,,,,,,0,,0,0.0,0.0,0,,0,0,0,0,0,0,0,0,,,
grand_sim_v0_7,async_message_loss,coordination,mid_stress,1,11251,federation,federation,160,0.1,0.08,0.06,0.29,1.6,0.12,0.1,0.08,0.16,0.0095,0.00791,0.3,0.25,0.1,stability_heavy_no_regime,0.3,0.2,0.2,0.15,0.35,0.0,1.0,0.28,0.904102,0.03,0.136874,0.001285,0.93072,0.964337,1.0,1.0,0.1,0,,0,,,,,,,,,,,,,0,0,0,,0,0,0,0,,,,,,,0,,0,0.0,0.0,0,,0,0,0,0,0,0,0,0,,,
grand_sim_v0_7,async_message_loss,coordination,mid_stress,2,11252,federation,federation,160,0.1,0.08,0.06,0.29,1.6,0.12,0.1,0.08,0.16,0.0095,0.00791,0.3,0.25,0.1,stability_heavy_no_regime,0.3,0.2,0.2,0.15,0.35,0.0,1.0,0.28,0.903,0.03,0.13844,0.000677,0.929587,0.968425,1.0,1.0,0.1,0,,0,,,,,,,,,,,,,0,0,0,,0,0,0,0,,,,,,,0,151,7,0.01013,0.0,0,,0,0,0,0,0,0,0,0,,,
grand_sim_v0_7,async_message_loss,coordination,mid_stress,3,11253,federation,federation,160,0.1,0.08,0.06,0.29,1.6,0.12,0.1,0.08,0.16,0.0095,0.00791,0.3,0.25,0.1,stability_heavy_no_regime,0.3,0.2,0.2,0.15,0.35,0.0,1.0,0.28,0.903217,0.03,0.134791,0.001397,0.929893,0.969398,1.0,1.0,0.1,0,,0,,,,,,,,,,,,,0,0,0,,0,0,0,0,,,,,,,0,,0,0.0,0.0,0,,0,0,0,0,0,0,0,0,,,
grand_sim_v0_7,async_message_loss,coordination,mid_stress,4,11254,federation,federation,160,0.1,0.08,0.06,0.29,1.6,0.12,0.1,0.08,0.16,0.0095,0.00791,0.3,0.25,0.1,stability_heavy_no_regime,0.3,0.2,0.2,0.15,0.35,0.0,1.0,0.28,0.903,0.03,0.133216,0.001437,0.927907,0.970437,1.0,1.0,0.1,0,,0,,,,,,,,,,,,,0,0,0,,0,0,0,0,,,,,,,0,142,17,0.015781,0.0,0,,0,0,0,0,0,0,0,0,,,
grand_sim_v0_7,async_message_loss,coordination,mid_stress,5,11255,federation,federation,160,0.1,0.08,0.06,0.29,1.6,0.12,0.1,0.08,0.16,0.0095,0.00791,0.3,0.25,0.1,stability_heavy_no_regime,0.3,0.2,0.2,0.15,0.35,0.0,1.0,0.28,0.903,0.03,0.132777,0.000566,0.929526,0.968224,1.0,1.0,0.1,0,,0,,,,,,,,,,,,,0,0,0,,0,0,0,0,,,,,,,0,137,23,0.017734,0.0,0,,0,0,0,0,0,0,0,0,,,
grand_sim_v0_7,async_message_loss,coordination,mid_stress,6,11256,federation,federation,160,0.1,0.08,0.06,0.29,1.6,0.12,0.1,0.08,0.16,0.0095,0.00791,0.3,0.25,0.1,stability_heavy_no_regime,0.3,0.2,0.2,0.15,0.35,0.0,1.0,0.28,0.903634,0.03,0.134703,0.000641,0.93076,0.969979,1.0,1.0,0.1,0,,0,,,,,,,,,,,,,0,0,0,,0,0,0,0,,,,,,,0,,0,0.0,0.0,0,,0,0,0,0,0,0,0,0,,,
grand_sim_v0_7,async_message_loss,coordination,mid_stress,7,11257,federation,federation,160,0.1,0.08,0.06,0.29,1.6,0.12,0.1,0.08,0.16,0.0095,0.00791,0.3,0.25,0.1,stability_heavy_no_regime,0.3,0.2,0.2,0.15,0.35,0.0,1.0,0.28,0.903135,0.03,0.139628,0.002273,0.927747,0.967022,1.0,1.0,0.1,0,,0,,,,,,,,,,,,,0,0,0,,0,0,0,0,,,,,,,0,,0,0.0,0.0,0,,0,0,0,0,0,0,0,0,,,
grand_sim_v0_7,async_message_loss,coordination,mid_stress,8,11258,federation,federation,160,0.1,0.08,0.06,0.29,1.6,0.12,0.1,0.08,0.16,0.0095,0.00791,0.3,0.25,0.1,stability_heavy_no_regime,0.3,0.2,0.2,0.15,0.35,0.0,1.0,0.28,0.903678,0.03,0.137451,0.000928,0.930186,0.967817,1.0,1.0,0.1,0,,0,,,,,,,,,,,,,0,0,0,,0,0,0,0,,,,,,,0,,0,0.0,0.0,0,,0,0,0,0,0,0,0,0,,,
grand_sim_v0_7,async_message_loss,coordination,mid_stress,9,11259,federation,federation,160,0.1,0.08,0.06,0.29,1.6,0.12,0.1,0.08,0.16,0.0095,0.00791,0.3,0.25,0.1,stability_heavy_no_regime,0.3,0.2,0.2,0.15,0.35,0.0,1.0,0.28,0.903569,0.03,0.12627,0.000485,0.930425,0.972715,1.0,1.0,0.1,0,,0,,,,,,,,,,,,,0,0,0,,0,0,0,0,,,,,,,0,,0,0.0,0.0,0,,0,0,0,0,0,0,0,0,,,
grand_sim_v0_7,async_message_loss,coordination,high_stress,0,11260,federation,federation,160,0.14,0.05,0.09,0.26,2.0,0.06,0.13,0.1,0.2,0.012,0.00998,0.3,0.25,0.1,stability_heavy_no_regime,0.3,0.2,0.2,0.15,0.35,0.0,1.0,0.31,0.03,0.03,0.162564,1.0,0.0,0.150152,0.0,0.0,1.0,1,33,140,20,C07_PSI_EXTENDED,32,33,32,35,33,12,13,12,15,13,1,0,0,,0,121,5,5,,,,,,,0,,0,0.0,0.0,0,,0,0,0,0,0,0,0,0,,,
grand_sim_v0_7,async_message_loss,coordination,high_stress,1,11261,federation,federation,160,0.14,0.05,0.09,0.26,2.0,0.06,0.13,0.1,0.2,0.012,0.00998,0.3,0.25,0.1,stability_heavy_no_regime,0.3,0.2,0.2,0.15,0.35,0.0,1.0,0.31,0.03,0.03,0.154712,1.0,0.0,0.152003,0.0,0.0,1.0,1,34,142,18,C07_PSI_EXTENDED,32,34,27,34,30,14,16,9,16,12,1,0,0,,0,121,0,0,,,,,,,0,,0,0.0,0.0,0,,0,0,0,0,0,0,0,0,,,
grand_sim_v0_7,async_message_loss,coordination,high_stress,2,11262,federation,federation,160,0.14,0.05,0.09,0.26,2.0,0.06,0.13,0.1,0.2,0.012,0.00998,0.3,0.25,0.1,stability_heavy_no_regime,0.3,0.2,0.2,0.15,0.35,0.0,1.0,0.31,0.03,0.03,0.154201,1.0,0.0,0.152636,0.0,0.0,1.0,1,34,141,19,C07_PSI_EXTENDED,32,34,30,35,31,13,15,11,16,12,1,0,0,,0,121,4,4,,,,,,,0,,0,0.0,0.0,0,,0,0,0,0,0,0,0,0,,,
grand_sim_v0_7,async_message_loss,coordination,high_stress,3,11263,federation,federation,160,0.14,0.05,0.09,0.26,2.0,0.06,0.13,0.1,0.2,0.012,0.00998,0.3,0.25,0.1,stability_heavy_no_regime,0.3,0.2,0.2,0.15,0.35,0.0,1.0,0.31,0.03,0.03,0.156163,1.0,0.0,0.1534,0.0,0.0,1.0,1,33,141,19,C07_PSI_EXTENDED,32,33,31,34,33,13,14,12,15,14,1,0,0,,0,119,0,0,,,,,,,0,,0,0.0,0.0,0,,0,0,0,0,0,0,0,0,,,
grand_sim_v0_7,async_message_loss,coordination,high_stress,4,11264,federation,federation,160,0.14,0.05,0.09,0.26,2.0,0.06,0.13,0.1,0.2,0.012,0.00998,0.3,0.25,0.1,stability_heavy_no_regime,0.3,0.2,0.2,0.15,0.35,0.0,1.0,0.31,0.03,0.03,0.149635,1.0,0.0,0.15599,0.0,0.0,1.0,1,34,142,18,C07_PSI_EXTENDED,33,34,29,34,30,15,16,11,16,12,1,0,0,,0,121,0,0,,,,,,,0,,0,0.0,0.0,0,,0,0,0,0,0,0,0,0,,,
grand_sim_v0_7,async_message_loss,coordination,high_stress,5,11265,federation,federation,160,0.14,0.05,0.09,0.26,2.0,0.06,0.13,0.1,0.2,0.012,0.00998,0.3,0.25,0.1,stability_heavy_no_regime,0.3,0.2,0.2,0.15,0.35,0.0,1.0,0.31,0.03,0.03,0.156968,1.0,0.0,0.15391,0.0,0.0,1.0,1,32,140,20,C07_PSI_EXTENDED,31,32,30,33,32,11,12,10,13,12,1,0,0,,0,122,0,0,,,,,,,0,,0,0.0,0.0,0,,0,0,0,0,0,0,0,0,,,
grand_sim_v0_7,async_message_loss,coordination,high_stress,6,11266,federation,federation,160,0.14,0.05,0.09,0.26,2.0,0.06,0.13,0.1,0.2,0.012,0.00998,0.3,0.25,0.1,stability_heavy_no_regime,0.3,0.2,0.2,0.15,0.35,0.0,1.0,0.31,0.03,0.03,0.16039,1.0,0.0,0.151645,0.0,0.0,1.0,1,32,141,19,C07_PSI_EXTENDED,31,32,31,33,32,12,13,12,14,13,1,0,0,,0,123,0,0,,,,,,,0,,0,0.0,0.0,0,,0,0,0,0,0,0,0,0,,,
grand_sim_v0_7,async_message_loss,coordination,high_stress,7,11267,federation,federation,160,0.14,0.05,0.09,0.26,2.0,0.06,0.13,0.1,0.2,0.012,0.00998,0.3,0.25,0.1,stability_heavy_no_regime,0.3,0.2,0.2,0.15,0.35,0.0,1.0,0.31,0.03,0.03,0.162891,1.0,0.0,0.153225,0.0,0.0,1.0,1,33,140,20,C07_PSI_EXTENDED,32,33,31,34,33,12,13,11,14,13,1,0,0,,0,120,0,0,,,,,,,0,,0,0.0,0.0,0,,0,0,0,0,0,0,0,0,,,
grand_sim_v0_7,async_message_loss,coordination,high_stress,8,11268,federation,federation,160,0.14,0.05,0.09,0.26,2.0,0.06,0.13,0.1,0.2,0.012,0.00998,0.3,0.25,0.1,stability_heavy_no_regime,0.3,0.2,0.2,0.15,0.35,0.0,1.0,0.31,0.03,0.03,0.157778,1.0,0.0,0.153018,0.0,0.0,1.0,1,30,142,18,C07_PSI_EXTENDED,29,30,28,32,30,11,12,10,14,12,1,0,0,,0,122,0,0,,,,,,,0,,0,0.0,0.0,0,,0,0,0,0,0,0,0,0,,,
grand_sim_v0_7,async_message_loss,coordination,high_stress,9,11269,federation,federation,160,0.14,0.05,0.09,0.26,2.0,0.06,0.13,0.1,0.2,0.012,0.00998,0.3,0.25,0.1,stability_heavy_no_regime,0.3,0.2,0.2,0.15,0.35,0.0,1.0,0.31,0.03,0.03,0.143891,1.0,0.0,0.157958,0.0,0.0,1.0,1,33,141,19,C07_PSI_EXTENDED,32,33,31,34,34,13,14,12,15,15,1,0,0,,0,122,2,2,,,,,,,0,,0,0.0,0.0,0,,0,0,0,0,0,0,0,0,,,
