topology,chain_length,k_D,k_C,k_T,activation_threshold,deactivation_threshold,propagation_exponent,neighbor_feedback_strength,intrinsic_decay,run_index,seed,failure_rate,affected_share,cascade_depth,sustained_failure_steps,time_to_collapse,propagated,last_affected_node,survival_cluster_sizes,spatial_distribution,edge_count
chain,50,0.01,0.02,0.0,0.2,0.1,3.0,0.3,0.09,0,42,0.0,0.14285714285714285,46,8,5,0,46,3|4|5|12|4|1|10|3,network_wide,49
chain,50,0.01,0.02,0.0,0.2,0.1,3.0,0.3,0.09,1,43,0.0,0.14285714285714285,45,8,6,0,45,2|4|5|12|4|1|10|4,network_wide,49
chain,50,0.01,0.02,0.0,0.2,0.1,3.0,0.3,0.09,2,44,0.0,0.14285714285714285,44,8,5,0,44,2|4|5|12|4|1|10|5,network_wide,49
chain,50,0.01,0.02,0.0,0.2,0.1,3.0,0.3,0.09,3,45,0.0,0.14285714285714285,43,8,4,0,43,1|4|5|12|4|1|10|6,network_wide,49
chain,50,0.01,0.02,0.0,0.2,0.1,3.0,0.3,0.09,4,46,0.0,0.14285714285714285,49,8,5,0,49,4|5|12|4|1|10|6,network_wide,49
chain,50,0.01,0.02,0.0,0.2,0.1,3.0,0.3,0.09,5,47,0.0,0.14285714285714285,48,8,6,0,48,3|5|12|4|1|10|6|1,network_wide,49
chain,50,0.01,0.02,0.0,0.2,0.1,3.0,0.3,0.09,6,48,0.0,0.14285714285714285,47,8,5,0,47,3|5|12|4|1|10|6|2,network_wide,49
chain,50,0.01,0.02,0.0,0.2,0.1,3.0,0.3,0.09,7,49,0.0,0.14285714285714285,46,8,5,0,46,1|5|12|4|1|10|6|3,network_wide,49
chain,50,0.01,0.02,0.0,0.2,0.1,3.0,0.3,0.09,8,50,0.0,0.14285714285714285,45,8,5,0,45,1|5|12|4|1|10|6|4,network_wide,49
chain,50,0.01,0.02,0.0,0.2,0.1,3.0,0.3,0.09,9,51,0.0,0.10204081632653061,44,8,102,0,44,18|4|1|10|6|5,network_wide,49
chain,50,0.01,0.02,0.0,0.2,0.1,3.0,0.3,0.09,10,52,0.0,0.10204081632653061,43,8,102,0,43,17|4|1|10|6|6,network_wide,49
chain,50,0.01,0.02,0.0,0.2,0.1,3.0,0.3,0.09,11,53,0.0,0.12244897959183673,42,8,6,0,42,3|12|4|1|10|6|7,network_wide,49
chain,50,0.01,0.02,0.0,0.2,0.1,3.0,0.3,0.09,12,54,0.0,0.10204081632653061,41,8,102,0,41,16|4|1|10|6|8,network_wide,49
chain,50,0.01,0.02,0.0,0.2,0.1,3.0,0.3,0.09,13,55,0.0,0.10204081632653061,40,8,102,0,40,14|4|1|10|6|9,network_wide,49
chain,50,0.01,0.02,0.0,0.2,0.1,3.0,0.3,0.09,14,56,0.0,0.12244897959183673,39,8,6,0,39,1|12|4|1|10|6|10,network_wide,49
chain,50,0.01,0.02,0.0,0.2,0.1,3.0,0.3,0.09,15,57,0.0,0.10204081632653061,38,8,102,0,38,12|4|1|10|6|11,network_wide,49
chain,50,0.01,0.02,0.0,0.2,0.1,3.0,0.3,0.09,16,58,0.0,0.10204081632653061,37,8,102,0,37,12|4|1|10|6|12,network_wide,49
chain,50,0.01,0.02,0.0,0.2,0.1,3.0,0.3,0.09,17,59,0.0,0.10204081632653061,36,8,102,0,36,10|4|1|10|6|13,network_wide,49
chain,50,0.01,0.02,0.0,0.2,0.1,3.0,0.3,0.09,18,60,0.0,0.10204081632653061,35,8,102,0,35,10|4|1|10|6|14,network_wide,49
chain,50,0.01,0.02,0.0,0.2,0.1,3.0,0.3,0.09,19,61,0.0,0.10204081632653061,34,8,102,0,34,9|4|1|10|6|15,network_wide,49
chain,50,0.01,0.02,0.0,0.2,0.1,3.0,0.3,0.09,20,62,0.0,0.10204081632653061,33,8,102,0,33,8|4|1|10|6|16,network_wide,49
chain,50,0.01,0.02,0.0,0.2,0.1,3.0,0.3,0.09,21,63,0.0,0.10204081632653061,32,8,102,0,32,7|4|1|10|6|17,network_wide,49
chain,50,0.01,0.02,0.0,0.2,0.1,3.0,0.3,0.09,22,64,0.0,0.12244897959183673,49,8,1,0,49,6|4|1|10|6|17,network_wide,49
chain,50,0.01,0.02,0.0,0.2,0.1,3.0,0.3,0.09,23,65,0.0,0.12244897959183673,48,8,4,0,48,5|4|1|10|6|17|1,network_wide,49
chain,50,0.01,0.02,0.0,0.2,0.1,3.0,0.3,0.09,24,66,0.0,0.12244897959183673,47,8,4,0,47,4|4|1|10|6|17|2,network_wide,49
chain,50,0.01,0.02,0.0,0.2,0.1,3.0,0.3,0.09,25,67,0.0,0.12244897959183673,46,8,1,0,46,2|4|1|10|6|17|3,core_weighted,49
chain,50,0.01,0.02,0.0,0.2,0.1,3.0,0.3,0.09,26,68,0.0,0.12244897959183673,45,8,1,0,45,1|4|1|10|6|17|4,core_weighted,49
chain,50,0.01,0.02,0.0,0.2,0.1,3.0,0.3,0.09,27,69,0.0,0.12244897959183673,44,8,1,0,44,1|4|1|10|6|17|5,core_weighted,49
chain,50,0.01,0.02,0.0,0.2,0.1,3.0,0.3,0.09,28,70,0.0,0.10204081632653061,43,8,1,0,43,4|1|10|6|17|6,core_weighted,49
chain,50,0.01,0.02,0.0,0.2,0.1,3.0,0.3,0.09,29,71,0.0,0.10204081632653061,42,8,4,0,42,3|1|10|6|17|7,core_weighted,49
chain,50,0.01,0.02,0.0,0.2,0.1,3.0,0.3,0.09,30,72,0.0,0.10204081632653061,41,8,1,0,41,2|1|10|6|17|8,core_weighted,49
chain,50,0.01,0.02,0.0,0.2,0.1,3.0,0.3,0.09,31,73,0.0,0.10204081632653061,40,8,3,0,40,2|1|10|6|17|9,network_wide,49
chain,50,0.01,0.02,0.0,0.2,0.1,3.0,0.3,0.09,32,74,0.0,0.10204081632653061,39,8,1,0,39,1|10|6|17|10,core_weighted,49
chain,50,0.01,0.02,0.0,0.2,0.1,3.0,0.3,0.09,33,75,0.0,0.08163265306122448,38,8,1,0,38,1|10|6|17|11,core_weighted,49
chain,50,0.01,0.02,0.0,0.2,0.1,3.0,0.3,0.09,34,76,0.0,0.08163265306122448,37,8,1,0,37,1|10|6|17|12,network_wide,49
chain,50,0.01,0.02,0.0,0.2,0.1,3.0,0.3,0.09,35,77,0.0,0.061224489795918366,36,8,1,0,36,10|6|17|13,network_wide,49
chain,50,0.01,0.02,0.0,0.2,0.1,3.0,0.3,0.09,36,78,0.0,0.061224489795918366,35,8,1,0,35,9|6|17|14,network_wide,49
chain,50,0.01,0.02,0.0,0.2,0.1,3.0,0.3,0.09,37,79,0.0,0.08163265306122448,49,8,1,0,49,9|6|17|14,network_wide,49
chain,50,0.01,0.02,0.0,0.2,0.1,3.0,0.3,0.09,38,80,0.0,0.061224489795918366,48,8,113,0,48,8|6|32|1,network_wide,49
chain,50,0.01,0.02,0.0,0.2,0.1,3.0,0.3,0.09,39,81,0.0,0.08163265306122448,47,8,1,0,47,7|6|17|14|2,network_wide,49
chain,50,0.01,0.02,0.0,0.2,0.1,3.0,0.3,0.09,40,82,0.0,0.08163265306122448,46,8,4,0,46,5|6|17|14|3,network_wide,49
chain,50,0.01,0.02,0.0,0.2,0.1,3.0,0.3,0.09,41,83,0.0,0.08163265306122448,45,8,1,0,45,5|6|17|14|4,network_wide,49
chain,50,0.01,0.02,0.0,0.2,0.1,3.0,0.3,0.09,42,84,0.0,0.08163265306122448,44,8,4,0,44,3|6|17|14|5,core_weighted,49
chain,50,0.01,0.02,0.0,0.2,0.1,3.0,0.3,0.09,43,85,0.0,0.08163265306122448,43,8,1,0,43,2|6|17|14|6,core_weighted,49
chain,50,0.01,0.02,0.0,0.2,0.1,3.0,0.3,0.09,44,86,0.0,0.08163265306122448,42,8,4,0,42,2|6|17|14|7,network_wide,49
chain,50,0.01,0.02,0.0,0.2,0.1,3.0,0.3,0.09,45,87,0.0,0.08163265306122448,41,8,1,0,41,1|6|17|14|8,network_wide,49
chain,50,0.01,0.02,0.0,0.2,0.1,3.0,0.3,0.09,46,88,0.0,0.04081632653061224,40,5,113,0,40,6|32|9,core_weighted,49
chain,50,0.01,0.02,0.0,0.2,0.1,3.0,0.3,0.09,47,89,0.0,0.061224489795918366,39,5,3,0,39,5|17|14|10,network_wide,49
chain,50,0.01,0.02,0.0,0.2,0.1,3.0,0.3,0.09,48,90,0.0,0.08163265306122448,49,8,1,0,49,4|17|14|10,network_wide,49
chain,50,0.01,0.02,0.0,0.2,0.1,3.0,0.3,0.09,49,91,0.0,0.08163265306122448,48,8,1,0,48,4|17|14|10|1,network_wide,49
chain,50,0.01,0.02,0.0,0.2,0.1,3.0,0.3,0.092,0,42,0.0,0.14285714285714285,46,8,5,0,46,3|4|5|12|4|1|10|3,network_wide,49
chain,50,0.01,0.02,0.0,0.2,0.1,3.0,0.3,0.092,1,43,0.0,0.14285714285714285,45,8,45,0,45,2|4|15|2|4|1|10|4,network_wide,49
chain,50,0.01,0.02,0.0,0.2,0.1,3.0,0.3,0.092,2,44,0.0,0.16326530612244897,44,8,5,0,44,2|4|5|9|2|4|1|10|5,network_wide,49
chain,50,0.01,0.02,0.0,0.2,0.1,3.0,0.3,0.092,3,45,0.0,0.16326530612244897,43,8,5,0,43,1|4|5|9|2|4|1|10|6,network_wide,49
chain,50,0.01,0.02,0.0,0.2,0.1,3.0,0.3,0.092,4,46,0.0,0.16326530612244897,49,8,5,0,49,4|5|9|2|4|1|10|6,network_wide,49
chain,50,0.01,0.02,0.0,0.2,0.1,3.0,0.3,0.092,5,47,0.0,0.16326530612244897,48,8,6,0,48,3|5|9|2|4|1|10|6|1,network_wide,49
chain,50,0.01,0.02,0.0,0.2,0.1,3.0,0.3,0.092,6,48,0.0,0.16326530612244897,47,8,5,0,47,3|5|9|2|4|1|10|6|2,network_wide,49
chain,50,0.01,0.02,0.0,0.2,0.1,3.0,0.3,0.092,7,49,0.0,0.14285714285714285,46,8,5,0,46,1|5|12|4|1|10|6|3,network_wide,49
chain,50,0.01,0.02,0.0,0.2,0.1,3.0,0.3,0.092,8,50,0.0,0.16326530612244897,45,8,5,0,45,1|5|9|2|4|1|10|6|4,network_wide,49
chain,50,0.01,0.02,0.0,0.2,0.1,3.0,0.3,0.092,9,51,0.0,0.12244897959183673,44,8,47,0,44,15|2|4|1|10|6|5,network_wide,49
chain,50,0.01,0.02,0.0,0.2,0.1,3.0,0.3,0.092,10,52,0.0,0.12244897959183673,43,8,47,0,43,14|2|4|1|10|6|6,network_wide,49
chain,50,0.01,0.02,0.0,0.2,0.1,3.0,0.3,0.092,11,53,0.0,0.14285714285714285,42,8,6,0,42,3|9|2|4|1|10|6|7,network_wide,49
chain,50,0.01,0.02,0.0,0.2,0.1,3.0,0.3,0.092,12,54,0.0,0.12244897959183673,41,8,47,0,41,13|2|4|1|10|6|8,network_wide,49
chain,50,0.01,0.02,0.0,0.2,0.1,3.0,0.3,0.092,13,55,0.0,0.12244897959183673,40,8,47,0,40,11|2|4|1|10|6|9,network_wide,49
chain,50,0.01,0.02,0.0,0.2,0.1,3.0,0.3,0.092,14,56,0.0,0.14285714285714285,39,8,6,0,39,1|9|2|4|1|10|6|10,network_wide,49
chain,50,0.01,0.02,0.0,0.2,0.1,3.0,0.3,0.092,15,57,0.0,0.12244897959183673,38,8,47,0,38,9|2|4|1|10|6|11,network_wide,49
chain,50,0.01,0.02,0.0,0.2,0.1,3.0,0.3,0.092,16,58,0.0,0.12244897959183673,37,8,47,0,37,9|2|4|1|10|6|12,network_wide,49
chain,50,0.01,0.02,0.0,0.2,0.1,3.0,0.3,0.092,17,59,0.0,0.12244897959183673,36,8,47,0,36,7|2|4|1|10|6|13,network_wide,49
chain,50,0.01,0.02,0.0,0.2,0.1,3.0,0.3,0.092,18,60,0.0,0.12244897959183673,35,8,47,0,35,7|2|4|1|10|6|14,network_wide,49
chain,50,0.01,0.02,0.0,0.2,0.1,3.0,0.3,0.092,19,61,0.0,0.12244897959183673,34,8,47,0,34,6|2|4|1|10|6|15,network_wide,49
chain,50,0.01,0.02,0.0,0.2,0.1,3.0,0.3,0.092,20,62,0.0,0.12244897959183673,33,8,47,0,33,5|2|4|1|10|6|16,network_wide,49
chain,50,0.01,0.02,0.0,0.2,0.1,3.0,0.3,0.092,21,63,0.0,0.12244897959183673,32,8,47,0,32,4|2|4|1|10|6|17,network_wide,49
chain,50,0.01,0.02,0.0,0.2,0.1,3.0,0.3,0.092,22,64,0.0,0.14285714285714285,49,8,1,0,49,3|2|4|1|10|6|17,core_weighted,49
chain,50,0.01,0.02,0.0,0.2,0.1,3.0,0.3,0.092,23,65,0.0,0.14285714285714285,48,8,4,0,48,2|2|4|1|10|6|17|1,core_weighted,49
chain,50,0.01,0.02,0.0,0.2,0.1,3.0,0.3,0.092,24,66,0.0,0.14285714285714285,47,8,4,0,47,1|2|4|1|10|6|17|2,core_weighted,49
chain,50,0.01,0.02,0.0,0.2,0.1,3.0,0.3,0.092,25,67,0.0,0.12244897959183673,46,8,1,0,46,2|4|1|10|6|17|3,core_weighted,49
chain,50,0.01,0.02,0.0,0.2,0.1,3.0,0.3,0.092,26,68,0.0,0.12244897959183673,45,8,1,0,45,1|4|1|10|6|17|4,core_weighted,49
chain,50,0.01,0.02,0.0,0.2,0.1,3.0,0.3,0.092,27,69,0.0,0.12244897959183673,44,8,1,0,44,1|4|1|10|6|17|5,core_weighted,49
chain,50,0.01,0.02,0.0,0.2,0.1,3.0,0.3,0.092,28,70,0.0,0.10204081632653061,43,8,1,0,43,4|1|10|6|17|6,core_weighted,49
chain,50,0.01,0.02,0.0,0.2,0.1,3.0,0.3,0.092,29,71,0.0,0.10204081632653061,42,8,4,0,42,3|1|10|6|17|7,core_weighted,49
chain,50,0.01,0.02,0.0,0.2,0.1,3.0,0.3,0.092,30,72,0.0,0.10204081632653061,41,8,1,0,41,2|1|10|6|17|8,core_weighted,49
chain,50,0.01,0.02,0.0,0.2,0.1,3.0,0.3,0.092,31,73,0.0,0.10204081632653061,40,8,3,0,40,2|1|10|6|17|9,network_wide,49
chain,50,0.01,0.02,0.0,0.2,0.1,3.0,0.3,0.092,32,74,0.0,0.10204081632653061,39,8,1,0,39,1|10|6|17|10,core_weighted,49
chain,50,0.01,0.02,0.0,0.2,0.1,3.0,0.3,0.092,33,75,0.0,0.08163265306122448,38,8,1,0,38,1|10|6|17|11,core_weighted,49
chain,50,0.01,0.02,0.0,0.2,0.1,3.0,0.3,0.092,34,76,0.0,0.08163265306122448,37,8,1,0,37,1|10|6|17|12,network_wide,49
chain,50,0.01,0.02,0.0,0.2,0.1,3.0,0.3,0.092,35,77,0.0,0.061224489795918366,36,8,1,0,36,10|6|17|13,network_wide,49
chain,50,0.01,0.02,0.0,0.2,0.1,3.0,0.3,0.092,36,78,0.0,0.061224489795918366,35,8,1,0,35,9|6|17|14,network_wide,49
chain,50,0.01,0.02,0.0,0.2,0.1,3.0,0.3,0.092,37,79,0.0,0.08163265306122448,49,8,1,0,49,9|6|17|14,network_wide,49
chain,50,0.01,0.02,0.0,0.2,0.1,3.0,0.3,0.092,38,80,0.0,0.061224489795918366,48,8,113,0,48,8|6|32|1,network_wide,49
chain,50,0.01,0.02,0.0,0.2,0.1,3.0,0.3,0.092,39,81,0.0,0.08163265306122448,47,8,1,0,47,7|6|17|14|2,network_wide,49
chain,50,0.01,0.02,0.0,0.2,0.1,3.0,0.3,0.092,40,82,0.0,0.08163265306122448,46,8,4,0,46,5|6|17|14|3,network_wide,49
chain,50,0.01,0.02,0.0,0.2,0.1,3.0,0.3,0.092,41,83,0.0,0.08163265306122448,45,8,1,0,45,5|6|17|14|4,network_wide,49
chain,50,0.01,0.02,0.0,0.2,0.1,3.0,0.3,0.092,42,84,0.0,0.08163265306122448,44,8,4,0,44,3|6|17|14|5,core_weighted,49
chain,50,0.01,0.02,0.0,0.2,0.1,3.0,0.3,0.092,43,85,0.0,0.08163265306122448,43,8,1,0,43,2|6|17|14|6,core_weighted,49
chain,50,0.01,0.02,0.0,0.2,0.1,3.0,0.3,0.092,44,86,0.0,0.08163265306122448,42,8,4,0,42,2|6|17|14|7,network_wide,49
chain,50,0.01,0.02,0.0,0.2,0.1,3.0,0.3,0.092,45,87,0.0,0.08163265306122448,41,8,1,0,41,1|6|17|14|8,network_wide,49
chain,50,0.01,0.02,0.0,0.2,0.1,3.0,0.3,0.092,46,88,0.0,0.04081632653061224,40,5,113,0,40,6|32|9,core_weighted,49
chain,50,0.01,0.02,0.0,0.2,0.1,3.0,0.3,0.092,47,89,0.0,0.061224489795918366,39,5,3,0,39,5|17|14|10,network_wide,49
chain,50,0.01,0.02,0.0,0.2,0.1,3.0,0.3,0.092,48,90,0.0,0.08163265306122448,49,8,1,0,49,4|17|14|10,network_wide,49
chain,50,0.01,0.02,0.0,0.2,0.1,3.0,0.3,0.092,49,91,0.0,0.08163265306122448,48,8,1,0,48,4|17|14|10|1,network_wide,49
chain,50,0.01,0.02,0.0,0.2,0.1,3.0,0.3,0.094,0,42,0.0,0.12244897959183673,46,8,5,0,46,3|10|12|4|1|10|3,network_wide,49
chain,50,0.01,0.02,0.0,0.2,0.1,3.0,0.3,0.094,1,43,0.0,0.10204081632653061,45,8,45,0,45,2|23|4|1|10|4,network_wide,49
chain,50,0.01,0.02,0.0,0.2,0.1,3.0,0.3,0.094,2,44,0.0,0.12244897959183673,44,8,5,0,44,2|10|12|4|1|10|5,network_wide,49
chain,50,0.01,0.02,0.0,0.2,0.1,3.0,0.3,0.094,3,45,0.0,0.12244897959183673,43,8,5,0,43,1|10|12|4|1|10|6,network_wide,49
chain,50,0.01,0.02,0.0,0.2,0.1,3.0,0.3,0.094,4,46,0.0,0.12244897959183673,49,8,5,0,49,10|12|4|1|10|6,network_wide,49
chain,50,0.01,0.02,0.0,0.2,0.1,3.0,0.3,0.094,5,47,0.0,0.10204081632653061,48,8,102,0,48,22|4|1|10|6|1,network_wide,49
chain,50,0.01,0.02,0.0,0.2,0.1,3.0,0.3,0.094,6,48,0.0,0.12244897959183673,47,8,5,0,47,9|12|4|1|10|6|2,network_wide,49
chain,50,0.01,0.02,0.0,0.2,0.1,3.0,0.3,0.094,7,49,0.0,0.12244897959183673,46,8,6,0,46,7|12|4|1|10|6|3,network_wide,49
chain,50,0.01,0.02,0.0,0.2,0.1,3.0,0.3,0.094,8,50,0.0,0.12244897959183673,45,8,6,0,45,7|12|4|1|10|6|4,network_wide,49
chain,50,0.01,0.02,0.0,0.2,0.1,3.0,0.3,0.094,9,51,0.0,0.10204081632653061,44,8,102,0,44,18|4|1|10|6|5,network_wide,49
chain,50,0.01,0.02,0.0,0.2,0.1,3.0,0.3,0.094,10,52,0.0,0.10204081632653061,43,8,102,0,43,17|4|1|10|6|6,network_wide,49
chain,50,0.01,0.02,0.0,0.2,0.1,3.0,0.3,0.094,11,53,0.0,0.12244897959183673,42,8,6,0,42,3|12|4|1|10|6|7,network_wide,49
chain,50,0.01,0.02,0.0,0.2,0.1,3.0,0.3,0.094,12,54,0.0,0.10204081632653061,41,8,102,0,41,16|4|1|10|6|8,network_wide,49
chain,50,0.01,0.02,0.0,0.2,0.1,3.0,0.3,0.094,13,55,0.0,0.10204081632653061,40,8,102,0,40,14|4|1|10|6|9,network_wide,49
chain,50,0.01,0.02,0.0,0.2,0.1,3.0,0.3,0.094,14,56,0.0,0.10204081632653061,39,8,102,0,39,14|4|1|10|6|10,network_wide,49
chain,50,0.01,0.02,0.0,0.2,0.1,3.0,0.3,0.094,15,57,0.0,0.10204081632653061,38,8,102,0,38,12|4|1|10|6|11,network_wide,49
chain,50,0.01,0.02,0.0,0.2,0.1,3.0,0.3,0.094,16,58,0.0,0.10204081632653061,37,8,102,0,37,12|4|1|10|6|12,network_wide,49
chain,50,0.01,0.02,0.0,0.2,0.1,3.0,0.3,0.094,17,59,0.0,0.10204081632653061,36,8,102,0,36,10|4|1|10|6|13,network_wide,49
chain,50,0.01,0.02,0.0,0.2,0.1,3.0,0.3,0.094,18,60,0.0,0.10204081632653061,35,8,102,0,35,10|4|1|10|6|14,network_wide,49
chain,50,0.01,0.02,0.0,0.2,0.1,3.0,0.3,0.094,19,61,0.0,0.10204081632653061,34,8,102,0,34,9|4|1|10|6|15,network_wide,49
chain,50,0.01,0.02,0.0,0.2,0.1,3.0,0.3,0.094,20,62,0.0,0.10204081632653061,33,8,102,0,33,8|4|1|10|6|16,network_wide,49
chain,50,0.01,0.02,0.0,0.2,0.1,3.0,0.3,0.094,21,63,0.0,0.10204081632653061,32,8,102,0,32,7|4|1|10|6|17,network_wide,49
chain,50,0.01,0.02,0.0,0.2,0.1,3.0,0.3,0.094,22,64,0.0,0.12244897959183673,49,8,1,0,49,6|4|1|10|6|17,network_wide,49
chain,50,0.01,0.02,0.0,0.2,0.1,3.0,0.3,0.094,23,65,0.0,0.12244897959183673,48,8,4,0,48,5|4|1|10|6|17|1,network_wide,49
chain,50,0.01,0.02,0.0,0.2,0.1,3.0,0.3,0.094,24,66,0.0,0.12244897959183673,47,8,4,0,47,4|4|1|10|6|17|2,network_wide,49
chain,50,0.01,0.02,0.0,0.2,0.1,3.0,0.3,0.094,25,67,0.0,0.12244897959183673,46,8,1,0,46,2|4|1|10|6|17|3,core_weighted,49
chain,50,0.01,0.02,0.0,0.2,0.1,3.0,0.3,0.094,26,68,0.0,0.12244897959183673,45,8,1,0,45,1|4|1|10|6|17|4,core_weighted,49
chain,50,0.01,0.02,0.0,0.2,0.1,3.0,0.3,0.094,27,69,0.0,0.12244897959183673,44,8,1,0,44,1|4|1|10|6|17|5,core_weighted,49
chain,50,0.01,0.02,0.0,0.2,0.1,3.0,0.3,0.094,28,70,0.0,0.10204081632653061,43,8,1,0,43,4|1|10|6|17|6,core_weighted,49
chain,50,0.01,0.02,0.0,0.2,0.1,3.0,0.3,0.094,29,71,0.0,0.10204081632653061,42,8,4,0,42,3|1|10|6|17|7,core_weighted,49
chain,50,0.01,0.02,0.0,0.2,0.1,3.0,0.3,0.094,30,72,0.0,0.10204081632653061,41,8,1,0,41,2|1|10|6|17|8,core_weighted,49
chain,50,0.01,0.02,0.0,0.2,0.1,3.0,0.3,0.094,31,73,0.0,0.10204081632653061,40,8,3,0,40,2|1|10|6|17|9,network_wide,49
chain,50,0.01,0.02,0.0,0.2,0.1,3.0,0.3,0.094,32,74,0.0,0.10204081632653061,39,8,1,0,39,1|10|6|17|10,core_weighted,49
chain,50,0.01,0.02,0.0,0.2,0.1,3.0,0.3,0.094,33,75,0.0,0.08163265306122448,38,8,1,0,38,1|10|6|17|11,core_weighted,49
chain,50,0.01,0.02,0.0,0.2,0.1,3.0,0.3,0.094,34,76,0.0,0.08163265306122448,37,8,1,0,37,1|10|6|17|12,network_wide,49
chain,50,0.01,0.02,0.0,0.2,0.1,3.0,0.3,0.094,35,77,0.0,0.061224489795918366,36,8,1,0,36,10|6|17|13,network_wide,49
chain,50,0.01,0.02,0.0,0.2,0.1,3.0,0.3,0.094,36,78,0.0,0.061224489795918366,35,8,1,0,35,9|6|17|14,network_wide,49
chain,50,0.01,0.02,0.0,0.2,0.1,3.0,0.3,0.094,37,79,0.0,0.08163265306122448,49,8,1,0,49,9|6|17|14,network_wide,49
chain,50,0.01,0.02,0.0,0.2,0.1,3.0,0.3,0.094,38,80,0.0,0.061224489795918366,48,8,113,0,48,8|6|32|1,network_wide,49
chain,50,0.01,0.02,0.0,0.2,0.1,3.0,0.3,0.094,39,81,0.0,0.08163265306122448,47,8,1,0,47,7|6|17|14|2,network_wide,49
chain,50,0.01,0.02,0.0,0.2,0.1,3.0,0.3,0.094,40,82,0.0,0.08163265306122448,46,8,4,0,46,5|6|17|14|3,network_wide,49
chain,50,0.01,0.02,0.0,0.2,0.1,3.0,0.3,0.094,41,83,0.0,0.08163265306122448,45,8,1,0,45,5|6|17|14|4,network_wide,49
chain,50,0.01,0.02,0.0,0.2,0.1,3.0,0.3,0.094,42,84,0.0,0.08163265306122448,44,8,4,0,44,3|6|17|14|5,core_weighted,49
chain,50,0.01,0.02,0.0,0.2,0.1,3.0,0.3,0.094,43,85,0.0,0.08163265306122448,43,8,1,0,43,2|6|17|14|6,core_weighted,49
chain,50,0.01,0.02,0.0,0.2,0.1,3.0,0.3,0.094,44,86,0.0,0.08163265306122448,42,8,4,0,42,2|6|17|14|7,network_wide,49
chain,50,0.01,0.02,0.0,0.2,0.1,3.0,0.3,0.094,45,87,0.0,0.08163265306122448,41,8,1,0,41,1|6|17|14|8,network_wide,49
chain,50,0.01,0.02,0.0,0.2,0.1,3.0,0.3,0.094,46,88,0.0,0.04081632653061224,40,4,113,0,40,6|32|9,core_weighted,49
chain,50,0.01,0.02,0.0,0.2,0.1,3.0,0.3,0.094,47,89,0.0,0.061224489795918366,39,5,3,0,39,5|17|14|10,network_wide,49
chain,50,0.01,0.02,0.0,0.2,0.1,3.0,0.3,0.094,48,90,0.0,0.08163265306122448,49,8,1,0,49,4|17|14|10,network_wide,49
chain,50,0.01,0.02,0.0,0.2,0.1,3.0,0.3,0.094,49,91,0.0,0.08163265306122448,48,8,1,0,48,4|17|14|10|1,network_wide,49
chain,50,0.01,0.02,0.0,0.2,0.1,3.0,0.3,0.096,0,42,0.0,0.12244897959183673,47,8,5,0,47,3|10|12|6|10|2,network_wide,49
chain,50,0.01,0.02,0.0,0.2,0.1,3.0,0.3,0.096,1,43,0.0,0.10204081632653061,46,8,45,0,46,2|23|6|10|3,network_wide,49
chain,50,0.01,0.02,0.0,0.2,0.1,3.0,0.3,0.096,2,44,0.0,0.12244897959183673,45,8,5,0,45,2|10|12|6|10|4,network_wide,49
chain,50,0.01,0.02,0.0,0.2,0.1,3.0,0.3,0.096,3,45,0.0,0.12244897959183673,44,8,5,0,44,1|10|12|6|10|5,network_wide,49
chain,50,0.01,0.02,0.0,0.2,0.1,3.0,0.3,0.096,4,46,0.0,0.12244897959183673,49,8,5,0,49,10|12|6|10|5,network_wide,49
chain,50,0.01,0.02,0.0,0.2,0.1,3.0,0.3,0.096,5,47,0.0,0.10204081632653061,48,8,102,0,48,22|6|10|5|1,network_wide,49
chain,50,0.01,0.02,0.0,0.2,0.1,3.0,0.3,0.096,6,48,0.0,0.12244897959183673,47,8,5,0,47,9|12|6|10|5|2,network_wide,49
chain,50,0.01,0.02,0.0,0.2,0.1,3.0,0.3,0.096,7,49,0.0,0.12244897959183673,46,8,6,0,46,7|12|6|10|5|3,network_wide,49
chain,50,0.01,0.02,0.0,0.2,0.1,3.0,0.3,0.096,8,50,0.0,0.12244897959183673,45,8,6,0,45,7|12|6|10|5|4,network_wide,49
chain,50,0.01,0.02,0.0,0.2,0.1,3.0,0.3,0.096,9,51,0.0,0.10204081632653061,44,8,102,0,44,19|6|10|5|5,network_wide,49
chain,50,0.01,0.02,0.0,0.2,0.1,3.0,0.3,0.096,10,52,0.0,0.10204081632653061,43,8,102,0,43,17|6|10|5|6,network_wide,49
chain,50,0.01,0.02,0.0,0.2,0.1,3.0,0.3,0.096,11,53,0.0,0.10204081632653061,42,8,102,0,42,16|6|10|5|7,network_wide,49
chain,50,0.01,0.02,0.0,0.2,0.1,3.0,0.3,0.096,12,54,0.0,0.10204081632653061,41,8,102,0,41,16|6|10|5|8,network_wide,49
chain,50,0.01,0.02,0.0,0.2,0.1,3.0,0.3,0.096,13,55,0.0,0.10204081632653061,40,8,102,0,40,14|6|10|5|9,network_wide,49
chain,50,0.01,0.02,0.0,0.2,0.1,3.0,0.3,0.096,14,56,0.0,0.10204081632653061,39,8,102,0,39,14|6|10|5|10,network_wide,49
chain,50,0.01,0.02,0.0,0.2,0.1,3.0,0.3,0.096,15,57,0.0,0.10204081632653061,38,8,102,0,38,12|6|10|5|11,network_wide,49
chain,50,0.01,0.02,0.0,0.2,0.1,3.0,0.3,0.096,16,58,0.0,0.10204081632653061,37,8,102,0,37,12|6|10|5|12,network_wide,49
chain,50,0.01,0.02,0.0,0.2,0.1,3.0,0.3,0.096,17,59,0.0,0.10204081632653061,36,8,102,0,36,10|6|10|5|13,network_wide,49
chain,50,0.01,0.02,0.0,0.2,0.1,3.0,0.3,0.096,18,60,0.0,0.10204081632653061,35,8,102,0,35,10|6|10|5|14,network_wide,49
chain,50,0.01,0.02,0.0,0.2,0.1,3.0,0.3,0.096,19,61,0.0,0.10204081632653061,34,8,102,0,34,9|6|10|5|15,network_wide,49
chain,50,0.01,0.02,0.0,0.2,0.1,3.0,0.3,0.096,20,62,0.0,0.10204081632653061,33,8,102,0,33,8|6|10|5|16,network_wide,49
chain,50,0.01,0.02,0.0,0.2,0.1,3.0,0.3,0.096,21,63,0.0,0.10204081632653061,32,8,102,0,32,7|6|10|5|17,network_wide,49
chain,50,0.01,0.02,0.0,0.2,0.1,3.0,0.3,0.096,22,64,0.0,0.12244897959183673,49,8,1,0,49,6|6|10|5|17,network_wide,49
chain,50,0.01,0.02,0.0,0.2,0.1,3.0,0.3,0.096,23,65,0.0,0.12244897959183673,48,8,4,0,48,5|6|10|5|17|1,network_wide,49
chain,50,0.01,0.02,0.0,0.2,0.1,3.0,0.3,0.096,24,66,0.0,0.12244897959183673,47,8,4,0,47,4|6|10|5|17|2,network_wide,49
chain,50,0.01,0.02,0.0,0.2,0.1,3.0,0.3,0.096,25,67,0.0,0.12244897959183673,46,8,1,0,46,2|6|10|5|17|3,network_wide,49
chain,50,0.01,0.02,0.0,0.2,0.1,3.0,0.3,0.096,26,68,0.0,0.12244897959183673,45,8,1,0,45,1|6|10|5|17|4,core_weighted,49
chain,50,0.01,0.02,0.0,0.2,0.1,3.0,0.3,0.096,27,69,0.0,0.12244897959183673,44,8,1,0,44,1|6|10|5|17|5,network_wide,49
chain,50,0.01,0.02,0.0,0.2,0.1,3.0,0.3,0.096,28,70,0.0,0.10204081632653061,43,8,1,0,43,6|10|5|17|6,network_wide,49
chain,50,0.01,0.02,0.0,0.2,0.1,3.0,0.3,0.096,29,71,0.0,0.10204081632653061,42,8,4,0,42,5|10|5|17|7,network_wide,49
chain,50,0.01,0.02,0.0,0.2,0.1,3.0,0.3,0.096,30,72,0.0,0.10204081632653061,41,8,1,0,41,4|10|5|17|8,network_wide,49
chain,50,0.01,0.02,0.0,0.2,0.1,3.0,0.3,0.096,31,73,0.0,0.10204081632653061,40,8,3,0,40,4|10|5|17|9,network_wide,49
chain,50,0.01,0.02,0.0,0.2,0.1,3.0,0.3,0.096,32,74,0.0,0.10204081632653061,39,8,1,0,39,2|10|5|17|10,core_weighted,49
chain,50,0.01,0.02,0.0,0.2,0.1,3.0,0.3,0.096,33,75,0.0,0.10204081632653061,38,8,1,0,38,1|10|5|17|11,core_weighted,49
chain,50,0.01,0.02,0.0,0.2,0.1,3.0,0.3,0.096,34,76,0.0,0.10204081632653061,37,8,1,0,37,1|10|5|17|12,network_wide,49
chain,50,0.01,0.02,0.0,0.2,0.1,3.0,0.3,0.096,35,77,0.0,0.08163265306122448,36,8,1,0,36,10|5|17|13,network_wide,49
chain,50,0.01,0.02,0.0,0.2,0.1,3.0,0.3,0.096,36,78,0.0,0.08163265306122448,35,8,1,0,35,9|5|17|14,network_wide,49
chain,50,0.01,0.02,0.0,0.2,0.1,3.0,0.3,0.096,37,79,0.0,0.10204081632653061,49,8,1,0,49,9|5|17|14,network_wide,49
chain,50,0.01,0.02,0.0,0.2,0.1,3.0,0.3,0.096,38,80,0.0,0.08163265306122448,48,8,113,0,48,8|5|32|1,network_wide,49
chain,50,0.01,0.02,0.0,0.2,0.1,3.0,0.3,0.096,39,81,0.0,0.10204081632653061,47,8,1,0,47,7|5|17|14|2,network_wide,49
chain,50,0.01,0.02,0.0,0.2,0.1,3.0,0.3,0.096,40,82,0.0,0.10204081632653061,46,8,4,0,46,5|5|17|14|3,core_weighted,49
chain,50,0.01,0.02,0.0,0.2,0.1,3.0,0.3,0.096,41,83,0.0,0.10204081632653061,45,8,1,0,45,5|5|17|14|4,network_wide,49
chain,50,0.01,0.02,0.0,0.2,0.1,3.0,0.3,0.096,42,84,0.0,0.10204081632653061,44,8,4,0,44,3|5|17|14|5,core_weighted,49
chain,50,0.01,0.02,0.0,0.2,0.1,3.0,0.3,0.096,43,85,0.0,0.10204081632653061,43,8,1,0,43,2|5|17|14|6,core_weighted,49
chain,50,0.01,0.02,0.0,0.2,0.1,3.0,0.3,0.096,44,86,0.0,0.10204081632653061,42,8,4,0,42,2|5|17|14|7,core_weighted,49
chain,50,0.01,0.02,0.0,0.2,0.1,3.0,0.3,0.096,45,87,0.0,0.10204081632653061,41,8,1,0,41,1|5|17|14|8,core_weighted,49
chain,50,0.01,0.02,0.0,0.2,0.1,3.0,0.3,0.096,46,88,0.0,0.061224489795918366,40,4,113,0,40,5|32|9,core_weighted,49
chain,50,0.01,0.02,0.0,0.2,0.1,3.0,0.3,0.096,47,89,0.0,0.061224489795918366,39,5,3,0,39,5|17|14|10,network_wide,49
chain,50,0.01,0.02,0.0,0.2,0.1,3.0,0.3,0.096,48,90,0.0,0.08163265306122448,49,7,1,0,49,4|17|14|10,network_wide,49
chain,50,0.01,0.02,0.0,0.2,0.1,3.0,0.3,0.096,49,91,0.0,0.08163265306122448,48,7,1,0,48,4|17|14|10|1,network_wide,49
chain,50,0.01,0.02,0.0,0.2,0.1,3.0,0.3,0.098,0,42,0.0,0.12244897959183673,47,8,5,0,47,3|10|12|6|10|2,network_wide,49
chain,50,0.01,0.02,0.0,0.2,0.1,3.0,0.3,0.098,1,43,0.0,0.10204081632653061,46,8,45,0,46,2|23|6|10|3,network_wide,49
chain,50,0.01,0.02,0.0,0.2,0.1,3.0,0.3,0.098,2,44,0.0,0.12244897959183673,45,8,5,0,45,2|10|12|6|10|4,network_wide,49
chain,50,0.01,0.02,0.0,0.2,0.1,3.0,0.3,0.098,3,45,0.0,0.12244897959183673,44,8,5,0,44,1|10|12|6|10|5,network_wide,49
chain,50,0.01,0.02,0.0,0.2,0.1,3.0,0.3,0.098,4,46,0.0,0.12244897959183673,49,8,5,0,49,10|12|6|10|5,network_wide,49
chain,50,0.01,0.02,0.0,0.2,0.1,3.0,0.3,0.098,5,47,0.0,0.10204081632653061,48,8,102,0,48,22|6|10|5|1,network_wide,49
chain,50,0.01,0.02,0.0,0.2,0.1,3.0,0.3,0.098,6,48,0.0,0.12244897959183673,47,8,5,0,47,9|12|6|10|5|2,network_wide,49
chain,50,0.01,0.02,0.0,0.2,0.1,3.0,0.3,0.098,7,49,0.0,0.10204081632653061,46,8,102,0,46,20|6|10|5|3,network_wide,49
chain,50,0.01,0.02,0.0,0.2,0.1,3.0,0.3,0.098,8,50,0.0,0.12244897959183673,45,8,6,0,45,7|12|6|10|5|4,network_wide,49
chain,50,0.01,0.02,0.0,0.2,0.1,3.0,0.3,0.098,9,51,0.0,0.10204081632653061,44,8,102,0,44,19|6|10|5|5,network_wide,49
chain,50,0.01,0.02,0.0,0.2,0.1,3.0,0.3,0.098,10,52,0.0,0.10204081632653061,43,8,102,0,43,17|6|10|5|6,network_wide,49
chain,50,0.01,0.02,0.0,0.2,0.1,3.0,0.3,0.098,11,53,0.0,0.10204081632653061,42,8,102,0,42,16|6|10|5|7,network_wide,49
chain,50,0.01,0.02,0.0,0.2,0.1,3.0,0.3,0.098,12,54,0.0,0.10204081632653061,41,8,102,0,41,16|6|10|5|8,network_wide,49
chain,50,0.01,0.02,0.0,0.2,0.1,3.0,0.3,0.098,13,55,0.0,0.10204081632653061,40,8,102,0,40,14|6|10|5|9,network_wide,49
chain,50,0.01,0.02,0.0,0.2,0.1,3.0,0.3,0.098,14,56,0.0,0.10204081632653061,39,8,102,0,39,14|6|10|5|10,network_wide,49
chain,50,0.01,0.02,0.0,0.2,0.1,3.0,0.3,0.098,15,57,0.0,0.10204081632653061,38,8,102,0,38,12|6|10|5|11,network_wide,49
chain,50,0.01,0.02,0.0,0.2,0.1,3.0,0.3,0.098,16,58,0.0,0.10204081632653061,37,8,102,0,37,12|6|10|5|12,network_wide,49
chain,50,0.01,0.02,0.0,0.2,0.1,3.0,0.3,0.098,17,59,0.0,0.10204081632653061,36,8,102,0,36,10|6|10|5|13,network_wide,49
chain,50,0.01,0.02,0.0,0.2,0.1,3.0,0.3,0.098,18,60,0.0,0.10204081632653061,35,8,102,0,35,10|6|10|5|14,network_wide,49
chain,50,0.01,0.02,0.0,0.2,0.1,3.0,0.3,0.098,19,61,0.0,0.10204081632653061,34,8,102,0,34,9|6|10|5|15,network_wide,49
chain,50,0.01,0.02,0.0,0.2,0.1,3.0,0.3,0.098,20,62,0.0,0.10204081632653061,33,8,102,0,33,8|6|10|5|16,network_wide,49
chain,50,0.01,0.02,0.0,0.2,0.1,3.0,0.3,0.098,21,63,0.0,0.10204081632653061,32,8,102,0,32,7|6|10|5|17,network_wide,49
chain,50,0.01,0.02,0.0,0.2,0.1,3.0,0.3,0.098,22,64,0.0,0.12244897959183673,49,8,1,0,49,6|6|10|5|17,network_wide,49
chain,50,0.01,0.02,0.0,0.2,0.1,3.0,0.3,0.098,23,65,0.0,0.12244897959183673,48,8,4,0,48,5|6|10|5|17|1,network_wide,49
chain,50,0.01,0.02,0.0,0.2,0.1,3.0,0.3,0.098,24,66,0.0,0.12244897959183673,47,8,4,0,47,4|6|10|5|17|2,network_wide,49
chain,50,0.01,0.02,0.0,0.2,0.1,3.0,0.3,0.098,25,67,0.0,0.12244897959183673,46,8,1,0,46,2|6|10|5|17|3,network_wide,49
chain,50,0.01,0.02,0.0,0.2,0.1,3.0,0.3,0.098,26,68,0.0,0.12244897959183673,45,8,1,0,45,1|6|10|5|17|4,core_weighted,49
chain,50,0.01,0.02,0.0,0.2,0.1,3.0,0.3,0.098,27,69,0.0,0.12244897959183673,44,8,1,0,44,1|6|10|5|17|5,network_wide,49
chain,50,0.01,0.02,0.0,0.2,0.1,3.0,0.3,0.098,28,70,0.0,0.10204081632653061,43,8,1,0,43,6|10|5|17|6,network_wide,49
chain,50,0.01,0.02,0.0,0.2,0.1,3.0,0.3,0.098,29,71,0.0,0.10204081632653061,42,8,4,0,42,5|10|5|17|7,network_wide,49
chain,50,0.01,0.02,0.0,0.2,0.1,3.0,0.3,0.098,30,72,0.0,0.10204081632653061,41,8,1,0,41,4|10|5|17|8,network_wide,49
chain,50,0.01,0.02,0.0,0.2,0.1,3.0,0.3,0.098,31,73,0.0,0.10204081632653061,40,8,3,0,40,4|10|5|17|9,network_wide,49
chain,50,0.01,0.02,0.0,0.2,0.1,3.0,0.3,0.098,32,74,0.0,0.10204081632653061,39,8,1,0,39,2|10|5|17|10,core_weighted,49
chain,50,0.01,0.02,0.0,0.2,0.1,3.0,0.3,0.098,33,75,0.0,0.10204081632653061,38,8,1,0,38,1|10|5|17|11,core_weighted,49
chain,50,0.01,0.02,0.0,0.2,0.1,3.0,0.3,0.098,34,76,0.0,0.10204081632653061,37,8,1,0,37,1|10|5|17|12,network_wide,49
chain,50,0.01,0.02,0.0,0.2,0.1,3.0,0.3,0.098,35,77,0.0,0.08163265306122448,36,8,1,0,36,10|5|17|13,network_wide,49
chain,50,0.01,0.02,0.0,0.2,0.1,3.0,0.3,0.098,36,78,0.0,0.08163265306122448,35,8,1,0,35,9|5|17|14,network_wide,49
chain,50,0.01,0.02,0.0,0.2,0.1,3.0,0.3,0.098,37,79,0.0,0.10204081632653061,49,8,1,0,49,9|5|17|14,network_wide,49
chain,50,0.01,0.02,0.0,0.2,0.1,3.0,0.3,0.098,38,80,0.0,0.08163265306122448,48,8,113,0,48,8|5|32|1,network_wide,49
chain,50,0.01,0.02,0.0,0.2,0.1,3.0,0.3,0.098,39,81,0.0,0.10204081632653061,47,8,1,0,47,7|5|17|14|2,network_wide,49
chain,50,0.01,0.02,0.0,0.2,0.1,3.0,0.3,0.098,40,82,0.0,0.10204081632653061,46,8,4,0,46,5|5|17|14|3,core_weighted,49
chain,50,0.01,0.02,0.0,0.2,0.1,3.0,0.3,0.098,41,83,0.0,0.10204081632653061,45,8,1,0,45,5|5|17|14|4,network_wide,49
chain,50,0.01,0.02,0.0,0.2,0.1,3.0,0.3,0.098,42,84,0.0,0.10204081632653061,44,8,4,0,44,3|5|17|14|5,core_weighted,49
chain,50,0.01,0.02,0.0,0.2,0.1,3.0,0.3,0.098,43,85,0.0,0.10204081632653061,43,8,1,0,43,2|5|17|14|6,core_weighted,49
chain,50,0.01,0.02,0.0,0.2,0.1,3.0,0.3,0.098,44,86,0.0,0.10204081632653061,42,8,4,0,42,2|5|17|14|7,core_weighted,49
chain,50,0.01,0.02,0.0,0.2,0.1,3.0,0.3,0.098,45,87,0.0,0.10204081632653061,41,8,1,0,41,1|5|17|14|8,core_weighted,49
chain,50,0.01,0.02,0.0,0.2,0.1,3.0,0.3,0.098,46,88,0.0,0.061224489795918366,40,4,113,0,40,5|32|9,core_weighted,49
chain,50,0.01,0.02,0.0,0.2,0.1,3.0,0.3,0.098,47,89,0.0,0.061224489795918366,39,5,3,0,39,5|17|14|10,network_wide,49
chain,50,0.01,0.02,0.0,0.2,0.1,3.0,0.3,0.098,48,90,0.0,0.08163265306122448,49,7,1,0,49,4|17|14|10,network_wide,49
chain,50,0.01,0.02,0.0,0.2,0.1,3.0,0.3,0.098,49,91,0.0,0.08163265306122448,48,7,1,0,48,4|17|14|10|1,network_wide,49
chain,50,0.01,0.02,0.0,0.2,0.1,3.0,0.3,0.1,0,42,0.0,0.12244897959183673,47,8,5,0,47,3|10|12|6|10|2,network_wide,49
chain,50,0.01,0.02,0.0,0.2,0.1,3.0,0.3,0.1,1,43,0.0,0.10204081632653061,46,8,45,0,46,2|23|6|10|3,network_wide,49
chain,50,0.01,0.02,0.0,0.2,0.1,3.0,0.3,0.1,2,44,0.0,0.12244897959183673,45,8,5,0,45,2|10|12|6|10|4,network_wide,49
chain,50,0.01,0.02,0.0,0.2,0.1,3.0,0.3,0.1,3,45,0.0,0.12244897959183673,44,8,5,0,44,1|10|12|6|10|5,network_wide,49
chain,50,0.01,0.02,0.0,0.2,0.1,3.0,0.3,0.1,4,46,0.0,0.12244897959183673,49,8,5,0,49,10|12|6|10|5,network_wide,49
chain,50,0.01,0.02,0.0,0.2,0.1,3.0,0.3,0.1,5,47,0.0,0.10204081632653061,48,8,102,0,48,22|6|10|5|1,network_wide,49
chain,50,0.01,0.02,0.0,0.2,0.1,3.0,0.3,0.1,6,48,0.0,0.12244897959183673,47,8,5,0,47,9|12|6|10|5|2,network_wide,49
chain,50,0.01,0.02,0.0,0.2,0.1,3.0,0.3,0.1,7,49,0.0,0.10204081632653061,46,8,102,0,46,20|6|10|5|3,network_wide,49
chain,50,0.01,0.02,0.0,0.2,0.1,3.0,0.3,0.1,8,50,0.0,0.10204081632653061,45,8,102,0,45,20|6|10|5|4,network_wide,49
chain,50,0.01,0.02,0.0,0.2,0.1,3.0,0.3,0.1,9,51,0.0,0.10204081632653061,44,8,102,0,44,19|6|10|5|5,network_wide,49
chain,50,0.01,0.02,0.0,0.2,0.1,3.0,0.3,0.1,10,52,0.0,0.10204081632653061,43,8,102,0,43,17|6|10|5|6,network_wide,49
chain,50,0.01,0.02,0.0,0.2,0.1,3.0,0.3,0.1,11,53,0.0,0.10204081632653061,42,8,102,0,42,16|6|10|5|7,network_wide,49
chain,50,0.01,0.02,0.0,0.2,0.1,3.0,0.3,0.1,12,54,0.0,0.10204081632653061,41,8,102,0,41,16|6|10|5|8,network_wide,49
chain,50,0.01,0.02,0.0,0.2,0.1,3.0,0.3,0.1,13,55,0.0,0.10204081632653061,40,8,102,0,40,14|6|10|5|9,network_wide,49
chain,50,0.01,0.02,0.0,0.2,0.1,3.0,0.3,0.1,14,56,0.0,0.10204081632653061,39,8,102,0,39,14|6|10|5|10,network_wide,49
chain,50,0.01,0.02,0.0,0.2,0.1,3.0,0.3,0.1,15,57,0.0,0.10204081632653061,38,8,102,0,38,12|6|10|5|11,network_wide,49
chain,50,0.01,0.02,0.0,0.2,0.1,3.0,0.3,0.1,16,58,0.0,0.10204081632653061,37,8,102,0,37,12|6|10|5|12,network_wide,49
chain,50,0.01,0.02,0.0,0.2,0.1,3.0,0.3,0.1,17,59,0.0,0.10204081632653061,36,8,102,0,36,10|6|10|5|13,network_wide,49
chain,50,0.01,0.02,0.0,0.2,0.1,3.0,0.3,0.1,18,60,0.0,0.10204081632653061,35,8,102,0,35,10|6|10|5|14,network_wide,49
chain,50,0.01,0.02,0.0,0.2,0.1,3.0,0.3,0.1,19,61,0.0,0.10204081632653061,34,8,102,0,34,9|6|10|5|15,network_wide,49
chain,50,0.01,0.02,0.0,0.2,0.1,3.0,0.3,0.1,20,62,0.0,0.10204081632653061,33,8,102,0,33,8|6|10|5|16,network_wide,49
chain,50,0.01,0.02,0.0,0.2,0.1,3.0,0.3,0.1,21,63,0.0,0.10204081632653061,32,8,102,0,32,7|6|10|5|17,network_wide,49
chain,50,0.01,0.02,0.0,0.2,0.1,3.0,0.3,0.1,22,64,0.0,0.12244897959183673,49,8,1,0,49,6|6|10|5|17,network_wide,49
chain,50,0.01,0.02,0.0,0.2,0.1,3.0,0.3,0.1,23,65,0.0,0.12244897959183673,48,8,4,0,48,5|6|10|5|17|1,network_wide,49
chain,50,0.01,0.02,0.0,0.2,0.1,3.0,0.3,0.1,24,66,0.0,0.12244897959183673,47,8,4,0,47,4|6|10|5|17|2,network_wide,49
chain,50,0.01,0.02,0.0,0.2,0.1,3.0,0.3,0.1,25,67,0.0,0.12244897959183673,46,8,1,0,46,2|6|10|5|17|3,network_wide,49
chain,50,0.01,0.02,0.0,0.2,0.1,3.0,0.3,0.1,26,68,0.0,0.12244897959183673,45,8,1,0,45,1|6|10|5|17|4,core_weighted,49
chain,50,0.01,0.02,0.0,0.2,0.1,3.0,0.3,0.1,27,69,0.0,0.12244897959183673,44,8,1,0,44,1|6|10|5|17|5,network_wide,49
chain,50,0.01,0.02,0.0,0.2,0.1,3.0,0.3,0.1,28,70,0.0,0.10204081632653061,43,8,1,0,43,6|10|5|17|6,network_wide,49
chain,50,0.01,0.02,0.0,0.2,0.1,3.0,0.3,0.1,29,71,0.0,0.10204081632653061,42,8,4,0,42,5|10|5|17|7,network_wide,49
chain,50,0.01,0.02,0.0,0.2,0.1,3.0,0.3,0.1,30,72,0.0,0.10204081632653061,41,8,1,0,41,4|10|5|17|8,network_wide,49
chain,50,0.01,0.02,0.0,0.2,0.1,3.0,0.3,0.1,31,73,0.0,0.10204081632653061,40,8,3,0,40,4|10|5|17|9,network_wide,49
chain,50,0.01,0.02,0.0,0.2,0.1,3.0,0.3,0.1,32,74,0.0,0.10204081632653061,39,8,1,0,39,2|10|5|17|10,core_weighted,49
chain,50,0.01,0.02,0.0,0.2,0.1,3.0,0.3,0.1,33,75,0.0,0.10204081632653061,38,8,1,0,38,1|10|5|17|11,core_weighted,49
chain,50,0.01,0.02,0.0,0.2,0.1,3.0,0.3,0.1,34,76,0.0,0.10204081632653061,37,8,1,0,37,1|10|5|17|12,network_wide,49
chain,50,0.01,0.02,0.0,0.2,0.1,3.0,0.3,0.1,35,77,0.0,0.08163265306122448,36,8,1,0,36,10|5|17|13,network_wide,49
chain,50,0.01,0.02,0.0,0.2,0.1,3.0,0.3,0.1,36,78,0.0,0.08163265306122448,35,8,1,0,35,9|5|17|14,network_wide,49
chain,50,0.01,0.02,0.0,0.2,0.1,3.0,0.3,0.1,37,79,0.0,0.10204081632653061,49,8,1,0,49,9|5|17|14,network_wide,49
chain,50,0.01,0.02,0.0,0.2,0.1,3.0,0.3,0.1,38,80,0.0,0.08163265306122448,48,8,113,0,48,8|5|32|1,network_wide,49
chain,50,0.01,0.02,0.0,0.2,0.1,3.0,0.3,0.1,39,81,0.0,0.10204081632653061,47,8,1,0,47,7|5|17|14|2,network_wide,49
chain,50,0.01,0.02,0.0,0.2,0.1,3.0,0.3,0.1,40,82,0.0,0.10204081632653061,46,8,4,0,46,5|5|17|14|3,core_weighted,49
chain,50,0.01,0.02,0.0,0.2,0.1,3.0,0.3,0.1,41,83,0.0,0.10204081632653061,45,8,1,0,45,5|5|17|14|4,network_wide,49
chain,50,0.01,0.02,0.0,0.2,0.1,3.0,0.3,0.1,42,84,0.0,0.10204081632653061,44,8,4,0,44,3|5|17|14|5,core_weighted,49
chain,50,0.01,0.02,0.0,0.2,0.1,3.0,0.3,0.1,43,85,0.0,0.10204081632653061,43,8,1,0,43,2|5|17|14|6,core_weighted,49
chain,50,0.01,0.02,0.0,0.2,0.1,3.0,0.3,0.1,44,86,0.0,0.10204081632653061,42,8,4,0,42,2|5|17|14|7,core_weighted,49
chain,50,0.01,0.02,0.0,0.2,0.1,3.0,0.3,0.1,45,87,0.0,0.10204081632653061,41,8,1,0,41,1|5|17|14|8,core_weighted,49
chain,50,0.01,0.02,0.0,0.2,0.1,3.0,0.3,0.1,46,88,0.0,0.061224489795918366,40,4,113,0,40,5|32|9,core_weighted,49
chain,50,0.01,0.02,0.0,0.2,0.1,3.0,0.3,0.1,47,89,0.0,0.061224489795918366,39,4,3,0,39,5|17|14|10,network_wide,49
chain,50,0.01,0.02,0.0,0.2,0.1,3.0,0.3,0.1,48,90,0.0,0.08163265306122448,49,7,1,0,49,4|17|14|10,network_wide,49
chain,50,0.01,0.02,0.0,0.2,0.1,3.0,0.3,0.1,49,91,0.0,0.08163265306122448,48,7,1,0,48,4|17|14|10|1,network_wide,49
chain,50,0.01,0.02,0.0,0.2,0.1,3.0,0.3,0.102,0,42,0.0,0.12244897959183673,47,8,5,0,47,3|10|12|6|10|2,network_wide,49
chain,50,0.01,0.02,0.0,0.2,0.1,3.0,0.3,0.102,1,43,0.0,0.10204081632653061,46,8,45,0,46,2|23|6|10|3,network_wide,49
chain,50,0.01,0.02,0.0,0.2,0.1,3.0,0.3,0.102,2,44,0.0,0.12244897959183673,45,8,5,0,45,2|10|12|6|10|4,network_wide,49
chain,50,0.01,0.02,0.0,0.2,0.1,3.0,0.3,0.102,3,45,0.0,0.12244897959183673,44,8,5,0,44,1|10|12|6|10|5,network_wide,49
chain,50,0.01,0.02,0.0,0.2,0.1,3.0,0.3,0.102,4,46,0.0,0.12244897959183673,49,8,6,0,49,10|12|6|10|5,network_wide,49
chain,50,0.01,0.02,0.0,0.2,0.1,3.0,0.3,0.102,5,47,0.0,0.10204081632653061,48,8,102,0,48,22|6|10|5|1,network_wide,49
chain,50,0.01,0.02,0.0,0.2,0.1,3.0,0.3,0.102,6,48,0.0,0.12244897959183673,47,8,5,0,47,9|12|6|10|5|2,network_wide,49
chain,50,0.01,0.02,0.0,0.2,0.1,3.0,0.3,0.102,7,49,0.0,0.10204081632653061,46,8,102,0,46,20|6|10|5|3,network_wide,49
chain,50,0.01,0.02,0.0,0.2,0.1,3.0,0.3,0.102,8,50,0.0,0.10204081632653061,45,8,102,0,45,20|6|10|5|4,network_wide,49
chain,50,0.01,0.02,0.0,0.2,0.1,3.0,0.3,0.102,9,51,0.0,0.10204081632653061,44,8,102,0,44,19|6|10|5|5,network_wide,49
chain,50,0.01,0.02,0.0,0.2,0.1,3.0,0.3,0.102,10,52,0.0,0.10204081632653061,43,8,102,0,43,17|6|10|5|6,network_wide,49
chain,50,0.01,0.02,0.0,0.2,0.1,3.0,0.3,0.102,11,53,0.0,0.10204081632653061,42,8,102,0,42,16|6|10|5|7,network_wide,49
chain,50,0.01,0.02,0.0,0.2,0.1,3.0,0.3,0.102,12,54,0.0,0.10204081632653061,41,8,102,0,41,16|6|10|5|8,network_wide,49
chain,50,0.01,0.02,0.0,0.2,0.1,3.0,0.3,0.102,13,55,0.0,0.10204081632653061,40,8,102,0,40,14|6|10|5|9,network_wide,49
chain,50,0.01,0.02,0.0,0.2,0.1,3.0,0.3,0.102,14,56,0.0,0.10204081632653061,39,8,102,0,39,14|6|10|5|10,network_wide,49
chain,50,0.01,0.02,0.0,0.2,0.1,3.0,0.3,0.102,15,57,0.0,0.10204081632653061,38,8,102,0,38,12|6|10|5|11,network_wide,49
chain,50,0.01,0.02,0.0,0.2,0.1,3.0,0.3,0.102,16,58,0.0,0.10204081632653061,37,8,102,0,37,12|6|10|5|12,network_wide,49
chain,50,0.01,0.02,0.0,0.2,0.1,3.0,0.3,0.102,17,59,0.0,0.10204081632653061,36,8,102,0,36,10|6|10|5|13,network_wide,49
chain,50,0.01,0.02,0.0,0.2,0.1,3.0,0.3,0.102,18,60,0.0,0.10204081632653061,35,8,102,0,35,10|6|10|5|14,network_wide,49
chain,50,0.01,0.02,0.0,0.2,0.1,3.0,0.3,0.102,19,61,0.0,0.10204081632653061,34,8,102,0,34,9|6|10|5|15,network_wide,49
chain,50,0.01,0.02,0.0,0.2,0.1,3.0,0.3,0.102,20,62,0.0,0.10204081632653061,33,8,102,0,33,8|6|10|5|16,network_wide,49
chain,50,0.01,0.02,0.0,0.2,0.1,3.0,0.3,0.102,21,63,0.0,0.10204081632653061,32,8,102,0,32,7|6|10|5|17,network_wide,49
chain,50,0.01,0.02,0.0,0.2,0.1,3.0,0.3,0.102,22,64,0.0,0.12244897959183673,49,8,1,0,49,6|6|10|5|17,network_wide,49
chain,50,0.01,0.02,0.0,0.2,0.1,3.0,0.3,0.102,23,65,0.0,0.12244897959183673,48,8,4,0,48,5|6|10|5|17|1,network_wide,49
chain,50,0.01,0.02,0.0,0.2,0.1,3.0,0.3,0.102,24,66,0.0,0.12244897959183673,47,8,4,0,47,4|6|10|5|17|2,network_wide,49
chain,50,0.01,0.02,0.0,0.2,0.1,3.0,0.3,0.102,25,67,0.0,0.12244897959183673,46,8,1,0,46,2|6|10|5|17|3,network_wide,49
chain,50,0.01,0.02,0.0,0.2,0.1,3.0,0.3,0.102,26,68,0.0,0.12244897959183673,45,8,1,0,45,1|6|10|5|17|4,core_weighted,49
chain,50,0.01,0.02,0.0,0.2,0.1,3.0,0.3,0.102,27,69,0.0,0.12244897959183673,44,8,1,0,44,1|6|10|5|17|5,network_wide,49
chain,50,0.01,0.02,0.0,0.2,0.1,3.0,0.3,0.102,28,70,0.0,0.10204081632653061,43,8,1,0,43,6|10|5|17|6,network_wide,49
chain,50,0.01,0.02,0.0,0.2,0.1,3.0,0.3,0.102,29,71,0.0,0.10204081632653061,42,8,4,0,42,5|10|5|17|7,network_wide,49
chain,50,0.01,0.02,0.0,0.2,0.1,3.0,0.3,0.102,30,72,0.0,0.10204081632653061,41,8,1,0,41,4|10|5|17|8,network_wide,49
chain,50,0.01,0.02,0.0,0.2,0.1,3.0,0.3,0.102,31,73,0.0,0.10204081632653061,40,8,3,0,40,4|10|5|17|9,network_wide,49
chain,50,0.01,0.02,0.0,0.2,0.1,3.0,0.3,0.102,32,74,0.0,0.10204081632653061,39,8,1,0,39,2|10|5|17|10,core_weighted,49
chain,50,0.01,0.02,0.0,0.2,0.1,3.0,0.3,0.102,33,75,0.0,0.10204081632653061,38,8,1,0,38,1|10|5|17|11,core_weighted,49
chain,50,0.01,0.02,0.0,0.2,0.1,3.0,0.3,0.102,34,76,0.0,0.10204081632653061,37,8,1,0,37,1|10|5|17|12,network_wide,49
chain,50,0.01,0.02,0.0,0.2,0.1,3.0,0.3,0.102,35,77,0.0,0.08163265306122448,36,8,1,0,36,10|5|17|13,network_wide,49
chain,50,0.01,0.02,0.0,0.2,0.1,3.0,0.3,0.102,36,78,0.0,0.08163265306122448,35,8,1,0,35,9|5|17|14,network_wide,49
chain,50,0.01,0.02,0.0,0.2,0.1,3.0,0.3,0.102,37,79,0.0,0.10204081632653061,49,8,1,0,49,9|5|17|14,network_wide,49
chain,50,0.01,0.02,0.0,0.2,0.1,3.0,0.3,0.102,38,80,0.0,0.08163265306122448,48,8,113,0,48,8|5|32|1,network_wide,49
chain,50,0.01,0.02,0.0,0.2,0.1,3.0,0.3,0.102,39,81,0.0,0.10204081632653061,47,8,1,0,47,7|5|17|14|2,network_wide,49
chain,50,0.01,0.02,0.0,0.2,0.1,3.0,0.3,0.102,40,82,0.0,0.10204081632653061,46,8,4,0,46,5|5|17|14|3,core_weighted,49
chain,50,0.01,0.02,0.0,0.2,0.1,3.0,0.3,0.102,41,83,0.0,0.10204081632653061,45,8,1,0,45,5|5|17|14|4,network_wide,49
chain,50,0.01,0.02,0.0,0.2,0.1,3.0,0.3,0.102,42,84,0.0,0.10204081632653061,44,8,4,0,44,3|5|17|14|5,core_weighted,49
chain,50,0.01,0.02,0.0,0.2,0.1,3.0,0.3,0.102,43,85,0.0,0.10204081632653061,43,8,1,0,43,2|5|17|14|6,core_weighted,49
chain,50,0.01,0.02,0.0,0.2,0.1,3.0,0.3,0.102,44,86,0.0,0.10204081632653061,42,8,4,0,42,2|5|17|14|7,core_weighted,49
chain,50,0.01,0.02,0.0,0.2,0.1,3.0,0.3,0.102,45,87,0.0,0.10204081632653061,41,8,1,0,41,1|5|17|14|8,core_weighted,49
chain,50,0.01,0.02,0.0,0.2,0.1,3.0,0.3,0.102,46,88,0.0,0.061224489795918366,40,4,113,0,40,5|32|9,core_weighted,49
chain,50,0.01,0.02,0.0,0.2,0.1,3.0,0.3,0.102,47,89,0.0,0.061224489795918366,39,4,3,0,39,5|17|14|10,network_wide,49
chain,50,0.01,0.02,0.0,0.2,0.1,3.0,0.3,0.102,48,90,0.0,0.08163265306122448,49,7,1,0,49,4|17|14|10,network_wide,49
chain,50,0.01,0.02,0.0,0.2,0.1,3.0,0.3,0.102,49,91,0.0,0.08163265306122448,48,7,1,0,48,4|17|14|10|1,network_wide,49
chain,50,0.01,0.02,0.0,0.2,0.1,3.0,0.3,0.104,0,42,0.0,0.10204081632653061,47,8,5,0,47,14|12|6|10|2,network_wide,49
chain,50,0.01,0.02,0.0,0.2,0.1,3.0,0.3,0.104,1,43,0.0,0.08163265306122448,46,8,103,0,46,26|6|10|3,network_wide,49
chain,50,0.01,0.02,0.0,0.2,0.1,3.0,0.3,0.104,2,44,0.0,0.10204081632653061,45,8,5,0,45,13|12|6|10|4,network_wide,49
chain,50,0.01,0.02,0.0,0.2,0.1,3.0,0.3,0.104,3,45,0.0,0.10204081632653061,44,8,5,0,44,12|12|6|10|5,network_wide,49
chain,50,0.01,0.02,0.0,0.2,0.1,3.0,0.3,0.104,4,46,0.0,0.10204081632653061,49,8,103,0,49,24|6|10|5,network_wide,49
chain,50,0.01,0.02,0.0,0.2,0.1,3.0,0.3,0.104,5,47,0.0,0.10204081632653061,48,8,103,0,48,22|6|10|5|1,network_wide,49
chain,50,0.01,0.02,0.0,0.2,0.1,3.0,0.3,0.104,6,48,0.0,0.12244897959183673,47,8,5,0,47,9|12|6|10|5|2,network_wide,49
chain,50,0.01,0.02,0.0,0.2,0.1,3.0,0.3,0.104,7,49,0.0,0.10204081632653061,46,8,103,0,46,20|6|10|5|3,network_wide,49
chain,50,0.01,0.02,0.0,0.2,0.1,3.0,0.3,0.104,8,50,0.0,0.10204081632653061,45,8,103,0,45,20|6|10|5|4,network_wide,49
chain,50,0.01,0.02,0.0,0.2,0.1,3.0,0.3,0.104,9,51,0.0,0.10204081632653061,44,8,103,0,44,19|6|10|5|5,network_wide,49
chain,50,0.01,0.02,0.0,0.2,0.1,3.0,0.3,0.104,10,52,0.0,0.10204081632653061,43,8,103,0,43,17|6|10|5|6,network_wide,49
chain,50,0.01,0.02,0.0,0.2,0.1,3.0,0.3,0.104,11,53,0.0,0.10204081632653061,42,8,103,0,42,16|6|10|5|7,network_wide,49
chain,50,0.01,0.02,0.0,0.2,0.1,3.0,0.3,0.104,12,54,0.0,0.10204081632653061,41,8,103,0,41,16|6|10|5|8,network_wide,49
chain,50,0.01,0.02,0.0,0.2,0.1,3.0,0.3,0.104,13,55,0.0,0.10204081632653061,40,8,103,0,40,14|6|10|5|9,network_wide,49
chain,50,0.01,0.02,0.0,0.2,0.1,3.0,0.3,0.104,14,56,0.0,0.10204081632653061,39,8,103,0,39,14|6|10|5|10,network_wide,49
chain,50,0.01,0.02,0.0,0.2,0.1,3.0,0.3,0.104,15,57,0.0,0.10204081632653061,38,8,103,0,38,12|6|10|5|11,network_wide,49
chain,50,0.01,0.02,0.0,0.2,0.1,3.0,0.3,0.104,16,58,0.0,0.10204081632653061,37,8,103,0,37,12|6|10|5|12,network_wide,49
chain,50,0.01,0.02,0.0,0.2,0.1,3.0,0.3,0.104,17,59,0.0,0.10204081632653061,36,8,103,0,36,10|6|10|5|13,network_wide,49
chain,50,0.01,0.02,0.0,0.2,0.1,3.0,0.3,0.104,18,60,0.0,0.10204081632653061,35,8,103,0,35,10|6|10|5|14,network_wide,49
chain,50,0.01,0.02,0.0,0.2,0.1,3.0,0.3,0.104,19,61,0.0,0.10204081632653061,34,8,103,0,34,9|6|10|5|15,network_wide,49
chain,50,0.01,0.02,0.0,0.2,0.1,3.0,0.3,0.104,20,62,0.0,0.10204081632653061,33,8,103,0,33,8|6|10|5|16,network_wide,49
chain,50,0.01,0.02,0.0,0.2,0.1,3.0,0.3,0.104,21,63,0.0,0.10204081632653061,32,8,103,0,32,7|6|10|5|17,network_wide,49
chain,50,0.01,0.02,0.0,0.2,0.1,3.0,0.3,0.104,22,64,0.0,0.12244897959183673,49,8,1,0,49,6|6|10|5|17,network_wide,49
chain,50,0.01,0.02,0.0,0.2,0.1,3.0,0.3,0.104,23,65,0.0,0.12244897959183673,48,8,4,0,48,5|6|10|5|17|1,network_wide,49
chain,50,0.01,0.02,0.0,0.2,0.1,3.0,0.3,0.104,24,66,0.0,0.12244897959183673,47,8,4,0,47,4|6|10|5|17|2,network_wide,49
chain,50,0.01,0.02,0.0,0.2,0.1,3.0,0.3,0.104,25,67,0.0,0.12244897959183673,46,8,1,0,46,2|6|10|5|17|3,network_wide,49
chain,50,0.01,0.02,0.0,0.2,0.1,3.0,0.3,0.104,26,68,0.0,0.12244897959183673,45,8,1,0,45,1|6|10|5|17|4,core_weighted,49
chain,50,0.01,0.02,0.0,0.2,0.1,3.0,0.3,0.104,27,69,0.0,0.12244897959183673,44,8,1,0,44,1|6|10|5|17|5,network_wide,49
chain,50,0.01,0.02,0.0,0.2,0.1,3.0,0.3,0.104,28,70,0.0,0.10204081632653061,43,8,1,0,43,6|10|5|17|6,network_wide,49
chain,50,0.01,0.02,0.0,0.2,0.1,3.0,0.3,0.104,29,71,0.0,0.10204081632653061,42,8,4,0,42,5|10|5|17|7,network_wide,49
chain,50,0.01,0.02,0.0,0.2,0.1,3.0,0.3,0.104,30,72,0.0,0.10204081632653061,41,8,1,0,41,5|10|5|17|8,network_wide,49
chain,50,0.01,0.02,0.0,0.2,0.1,3.0,0.3,0.104,31,73,0.0,0.10204081632653061,40,8,4,0,40,4|10|5|17|9,network_wide,49
chain,50,0.01,0.02,0.0,0.2,0.1,3.0,0.3,0.104,32,74,0.0,0.10204081632653061,39,8,1,0,39,3|10|5|17|10,network_wide,49
chain,50,0.01,0.02,0.0,0.2,0.1,3.0,0.3,0.104,33,75,0.0,0.10204081632653061,38,8,1,0,38,1|10|5|17|11,core_weighted,49
chain,50,0.01,0.02,0.0,0.2,0.1,3.0,0.3,0.104,34,76,0.0,0.10204081632653061,37,8,1,0,37,1|10|5|17|12,network_wide,49
chain,50,0.01,0.02,0.0,0.2,0.1,3.0,0.3,0.104,35,77,0.0,0.08163265306122448,36,8,1,0,36,10|5|17|13,network_wide,49
chain,50,0.01,0.02,0.0,0.2,0.1,3.0,0.3,0.104,36,78,0.0,0.08163265306122448,35,8,1,0,35,9|5|17|14,network_wide,49
chain,50,0.01,0.02,0.0,0.2,0.1,3.0,0.3,0.104,37,79,0.0,0.10204081632653061,49,8,1,0,49,9|5|17|14,network_wide,49
chain,50,0.01,0.02,0.0,0.2,0.1,3.0,0.3,0.104,38,80,0.0,0.08163265306122448,48,8,113,0,48,8|5|32|1,network_wide,49
chain,50,0.01,0.02,0.0,0.2,0.1,3.0,0.3,0.104,39,81,0.0,0.10204081632653061,47,8,1,0,47,7|5|17|14|2,network_wide,49
chain,50,0.01,0.02,0.0,0.2,0.1,3.0,0.3,0.104,40,82,0.0,0.10204081632653061,46,8,4,0,46,5|5|17|14|3,core_weighted,49
chain,50,0.01,0.02,0.0,0.2,0.1,3.0,0.3,0.104,41,83,0.0,0.10204081632653061,45,8,1,0,45,5|5|17|14|4,network_wide,49
chain,50,0.01,0.02,0.0,0.2,0.1,3.0,0.3,0.104,42,84,0.0,0.10204081632653061,44,8,4,0,44,3|5|17|14|5,core_weighted,49
chain,50,0.01,0.02,0.0,0.2,0.1,3.0,0.3,0.104,43,85,0.0,0.10204081632653061,43,8,1,0,43,2|5|17|14|6,core_weighted,49
chain,50,0.01,0.02,0.0,0.2,0.1,3.0,0.3,0.104,44,86,0.0,0.10204081632653061,42,8,4,0,42,2|5|17|14|7,core_weighted,49
chain,50,0.01,0.02,0.0,0.2,0.1,3.0,0.3,0.104,45,87,0.0,0.10204081632653061,41,8,1,0,41,1|5|17|14|8,core_weighted,49
chain,50,0.01,0.02,0.0,0.2,0.1,3.0,0.3,0.104,46,88,0.0,0.061224489795918366,40,4,113,0,40,5|32|9,core_weighted,49
chain,50,0.01,0.02,0.0,0.2,0.1,3.0,0.3,0.104,47,89,0.0,0.061224489795918366,39,4,3,0,39,5|17|14|10,network_wide,49
chain,50,0.01,0.02,0.0,0.2,0.1,3.0,0.3,0.104,48,90,0.0,0.08163265306122448,49,7,1,0,49,5|17|14|10,network_wide,49
chain,50,0.01,0.02,0.0,0.2,0.1,3.0,0.3,0.104,49,91,0.0,0.08163265306122448,48,7,1,0,48,4|17|14|10|1,network_wide,49
chain,50,0.01,0.02,0.0,0.2,0.1,3.0,0.3,0.106,0,42,0.0,0.10204081632653061,47,8,5,0,47,14|12|6|10|2,network_wide,49
chain,50,0.01,0.02,0.0,0.2,0.1,3.0,0.3,0.106,1,43,0.0,0.08163265306122448,46,8,103,0,46,26|6|10|3,network_wide,49
chain,50,0.01,0.02,0.0,0.2,0.1,3.0,0.3,0.106,2,44,0.0,0.08163265306122448,45,8,103,0,45,26|6|10|4,network_wide,49
chain,50,0.01,0.02,0.0,0.2,0.1,3.0,0.3,0.106,3,45,0.0,0.10204081632653061,44,8,5,0,44,12|12|6|10|5,network_wide,49
chain,50,0.01,0.02,0.0,0.2,0.1,3.0,0.3,0.106,4,46,0.0,0.10204081632653061,49,8,103,0,49,24|6|10|5,network_wide,49
chain,50,0.01,0.02,0.0,0.2,0.1,3.0,0.3,0.106,5,47,0.0,0.10204081632653061,48,8,103,0,48,22|6|10|5|1,network_wide,49
chain,50,0.01,0.02,0.0,0.2,0.1,3.0,0.3,0.106,6,48,0.0,0.12244897959183673,47,8,5,0,47,9|12|6|10|5|2,network_wide,49
chain,50,0.01,0.02,0.0,0.2,0.1,3.0,0.3,0.106,7,49,0.0,0.10204081632653061,46,8,103,0,46,20|6|10|5|3,network_wide,49
chain,50,0.01,0.02,0.0,0.2,0.1,3.0,0.3,0.106,8,50,0.0,0.10204081632653061,45,8,103,0,45,20|6|10|5|4,network_wide,49
chain,50,0.01,0.02,0.0,0.2,0.1,3.0,0.3,0.106,9,51,0.0,0.10204081632653061,44,8,103,0,44,19|6|10|5|5,network_wide,49
chain,50,0.01,0.02,0.0,0.2,0.1,3.0,0.3,0.106,10,52,0.0,0.10204081632653061,43,8,103,0,43,18|6|10|5|6,network_wide,49
chain,50,0.01,0.02,0.0,0.2,0.1,3.0,0.3,0.106,11,53,0.0,0.10204081632653061,42,8,103,0,42,16|6|10|5|7,network_wide,49
chain,50,0.01,0.02,0.0,0.2,0.1,3.0,0.3,0.106,12,54,0.0,0.10204081632653061,41,8,103,0,41,16|6|10|5|8,network_wide,49
chain,50,0.01,0.02,0.0,0.2,0.1,3.0,0.3,0.106,13,55,0.0,0.10204081632653061,40,8,103,0,40,14|6|10|5|9,network_wide,49
chain,50,0.01,0.02,0.0,0.2,0.1,3.0,0.3,0.106,14,56,0.0,0.10204081632653061,39,8,103,0,39,14|6|10|5|10,network_wide,49
chain,50,0.01,0.02,0.0,0.2,0.1,3.0,0.3,0.106,15,57,0.0,0.10204081632653061,38,8,103,0,38,12|6|10|5|11,network_wide,49
chain,50,0.01,0.02,0.0,0.2,0.1,3.0,0.3,0.106,16,58,0.0,0.10204081632653061,37,8,103,0,37,12|6|10|5|12,network_wide,49
chain,50,0.01,0.02,0.0,0.2,0.1,3.0,0.3,0.106,17,59,0.0,0.10204081632653061,36,8,103,0,36,10|6|10|5|13,network_wide,49
chain,50,0.01,0.02,0.0,0.2,0.1,3.0,0.3,0.106,18,60,0.0,0.10204081632653061,35,8,103,0,35,10|6|10|5|14,network_wide,49
chain,50,0.01,0.02,0.0,0.2,0.1,3.0,0.3,0.106,19,61,0.0,0.10204081632653061,34,8,103,0,34,9|6|10|5|15,network_wide,49
chain,50,0.01,0.02,0.0,0.2,0.1,3.0,0.3,0.106,20,62,0.0,0.10204081632653061,33,8,103,0,33,8|6|10|5|16,network_wide,49
chain,50,0.01,0.02,0.0,0.2,0.1,3.0,0.3,0.106,21,63,0.0,0.10204081632653061,32,8,103,0,32,7|6|10|5|17,network_wide,49
chain,50,0.01,0.02,0.0,0.2,0.1,3.0,0.3,0.106,22,64,0.0,0.12244897959183673,49,8,1,0,49,6|6|10|5|17,network_wide,49
chain,50,0.01,0.02,0.0,0.2,0.1,3.0,0.3,0.106,23,65,0.0,0.12244897959183673,48,8,4,0,48,5|6|10|5|17|1,network_wide,49
chain,50,0.01,0.02,0.0,0.2,0.1,3.0,0.3,0.106,24,66,0.0,0.12244897959183673,47,8,4,0,47,4|6|10|5|17|2,network_wide,49
chain,50,0.01,0.02,0.0,0.2,0.1,3.0,0.3,0.106,25,67,0.0,0.12244897959183673,46,8,1,0,46,2|6|10|5|17|3,network_wide,49
chain,50,0.01,0.02,0.0,0.2,0.1,3.0,0.3,0.106,26,68,0.0,0.12244897959183673,45,8,1,0,45,1|6|10|5|17|4,core_weighted,49
chain,50,0.01,0.02,0.0,0.2,0.1,3.0,0.3,0.106,27,69,0.0,0.12244897959183673,44,8,1,0,44,1|6|10|5|17|5,network_wide,49
chain,50,0.01,0.02,0.0,0.2,0.1,3.0,0.3,0.106,28,70,0.0,0.10204081632653061,43,8,1,0,43,6|10|5|17|6,network_wide,49
chain,50,0.01,0.02,0.0,0.2,0.1,3.0,0.3,0.106,29,71,0.0,0.10204081632653061,42,8,4,0,42,5|10|5|17|7,network_wide,49
chain,50,0.01,0.02,0.0,0.2,0.1,3.0,0.3,0.106,30,72,0.0,0.10204081632653061,41,8,1,0,41,5|10|5|17|8,network_wide,49
chain,50,0.01,0.02,0.0,0.2,0.1,3.0,0.3,0.106,31,73,0.0,0.10204081632653061,40,8,4,0,40,4|10|5|17|9,network_wide,49
chain,50,0.01,0.02,0.0,0.2,0.1,3.0,0.3,0.106,32,74,0.0,0.10204081632653061,39,8,1,0,39,3|10|5|17|10,network_wide,49
chain,50,0.01,0.02,0.0,0.2,0.1,3.0,0.3,0.106,33,75,0.0,0.10204081632653061,38,8,1,0,38,1|10|5|17|11,core_weighted,49
chain,50,0.01,0.02,0.0,0.2,0.1,3.0,0.3,0.106,34,76,0.0,0.10204081632653061,37,8,1,0,37,1|10|5|17|12,network_wide,49
chain,50,0.01,0.02,0.0,0.2,0.1,3.0,0.3,0.106,35,77,0.0,0.08163265306122448,36,8,1,0,36,10|5|17|13,network_wide,49
chain,50,0.01,0.02,0.0,0.2,0.1,3.0,0.3,0.106,36,78,0.0,0.08163265306122448,35,8,1,0,35,9|5|17|14,network_wide,49
chain,50,0.01,0.02,0.0,0.2,0.1,3.0,0.3,0.106,37,79,0.0,0.10204081632653061,49,8,1,0,49,9|5|17|14,network_wide,49
chain,50,0.01,0.02,0.0,0.2,0.1,3.0,0.3,0.106,38,80,0.0,0.08163265306122448,48,8,113,0,48,8|5|32|1,network_wide,49
chain,50,0.01,0.02,0.0,0.2,0.1,3.0,0.3,0.106,39,81,0.0,0.10204081632653061,47,8,1,0,47,7|5|17|14|2,network_wide,49
chain,50,0.01,0.02,0.0,0.2,0.1,3.0,0.3,0.106,40,82,0.0,0.10204081632653061,46,8,4,0,46,5|5|17|14|3,core_weighted,49
chain,50,0.01,0.02,0.0,0.2,0.1,3.0,0.3,0.106,41,83,0.0,0.10204081632653061,45,8,1,0,45,5|5|17|14|4,network_wide,49
chain,50,0.01,0.02,0.0,0.2,0.1,3.0,0.3,0.106,42,84,0.0,0.10204081632653061,44,8,4,0,44,3|5|17|14|5,core_weighted,49
chain,50,0.01,0.02,0.0,0.2,0.1,3.0,0.3,0.106,43,85,0.0,0.10204081632653061,43,8,1,0,43,2|5|17|14|6,core_weighted,49
chain,50,0.01,0.02,0.0,0.2,0.1,3.0,0.3,0.106,44,86,0.0,0.10204081632653061,42,8,4,0,42,2|5|17|14|7,core_weighted,49
chain,50,0.01,0.02,0.0,0.2,0.1,3.0,0.3,0.106,45,87,0.0,0.10204081632653061,41,8,1,0,41,1|5|17|14|8,core_weighted,49
chain,50,0.01,0.02,0.0,0.2,0.1,3.0,0.3,0.106,46,88,0.0,0.061224489795918366,40,4,113,0,40,5|32|9,core_weighted,49
chain,50,0.01,0.02,0.0,0.2,0.1,3.0,0.3,0.106,47,89,0.0,0.061224489795918366,39,4,3,0,39,5|17|14|10,network_wide,49
chain,50,0.01,0.02,0.0,0.2,0.1,3.0,0.3,0.106,48,90,0.0,0.08163265306122448,49,7,1,0,49,5|17|14|10,network_wide,49
chain,50,0.01,0.02,0.0,0.2,0.1,3.0,0.3,0.106,49,91,0.0,0.08163265306122448,48,7,1,0,48,4|17|14|10|1,network_wide,49
chain,50,0.01,0.02,0.0,0.2,0.1,3.0,0.3,0.108,0,42,0.0,0.10204081632653061,47,8,5,0,47,14|12|6|10|2,network_wide,49
chain,50,0.01,0.02,0.0,0.2,0.1,3.0,0.3,0.108,1,43,0.0,0.08163265306122448,46,8,103,0,46,26|6|10|3,network_wide,49
chain,50,0.01,0.02,0.0,0.2,0.1,3.0,0.3,0.108,2,44,0.0,0.08163265306122448,45,8,103,0,45,26|6|10|4,network_wide,49
chain,50,0.01,0.02,0.0,0.2,0.1,3.0,0.3,0.108,3,45,0.0,0.10204081632653061,44,8,5,0,44,12|12|6|10|5,network_wide,49
chain,50,0.01,0.02,0.0,0.2,0.1,3.0,0.3,0.108,4,46,0.0,0.10204081632653061,49,8,103,0,49,24|6|10|5,network_wide,49
chain,50,0.01,0.02,0.0,0.2,0.1,3.0,0.3,0.108,5,47,0.0,0.10204081632653061,48,8,103,0,48,22|6|10|5|1,network_wide,49
chain,50,0.01,0.02,0.0,0.2,0.1,3.0,0.3,0.108,6,48,0.0,0.12244897959183673,47,8,5,0,47,9|12|6|10|5|2,network_wide,49
chain,50,0.01,0.02,0.0,0.2,0.1,3.0,0.3,0.108,7,49,0.0,0.10204081632653061,46,8,103,0,46,20|6|10|5|3,network_wide,49
chain,50,0.01,0.02,0.0,0.2,0.1,3.0,0.3,0.108,8,50,0.0,0.10204081632653061,45,8,103,0,45,20|6|10|5|4,network_wide,49
chain,50,0.01,0.02,0.0,0.2,0.1,3.0,0.3,0.108,9,51,0.0,0.10204081632653061,44,8,103,0,44,19|6|10|5|5,network_wide,49
chain,50,0.01,0.02,0.0,0.2,0.1,3.0,0.3,0.108,10,52,0.0,0.10204081632653061,43,8,103,0,43,18|6|10|5|6,network_wide,49
chain,50,0.01,0.02,0.0,0.2,0.1,3.0,0.3,0.108,11,53,0.0,0.10204081632653061,42,8,103,0,42,16|6|10|5|7,network_wide,49
chain,50,0.01,0.02,0.0,0.2,0.1,3.0,0.3,0.108,12,54,0.0,0.10204081632653061,41,8,103,0,41,16|6|10|5|8,network_wide,49
chain,50,0.01,0.02,0.0,0.2,0.1,3.0,0.3,0.108,13,55,0.0,0.10204081632653061,40,8,103,0,40,14|6|10|5|9,network_wide,49
chain,50,0.01,0.02,0.0,0.2,0.1,3.0,0.3,0.108,14,56,0.0,0.10204081632653061,39,8,103,0,39,14|6|10|5|10,network_wide,49
chain,50,0.01,0.02,0.0,0.2,0.1,3.0,0.3,0.108,15,57,0.0,0.10204081632653061,38,8,103,0,38,12|6|10|5|11,network_wide,49
chain,50,0.01,0.02,0.0,0.2,0.1,3.0,0.3,0.108,16,58,0.0,0.10204081632653061,37,8,103,0,37,12|6|10|5|12,network_wide,49
chain,50,0.01,0.02,0.0,0.2,0.1,3.0,0.3,0.108,17,59,0.0,0.10204081632653061,36,8,103,0,36,10|6|10|5|13,network_wide,49
chain,50,0.01,0.02,0.0,0.2,0.1,3.0,0.3,0.108,18,60,0.0,0.10204081632653061,35,8,103,0,35,10|6|10|5|14,network_wide,49
chain,50,0.01,0.02,0.0,0.2,0.1,3.0,0.3,0.108,19,61,0.0,0.10204081632653061,34,8,103,0,34,9|6|10|5|15,network_wide,49
chain,50,0.01,0.02,0.0,0.2,0.1,3.0,0.3,0.108,20,62,0.0,0.10204081632653061,33,8,103,0,33,8|6|10|5|16,network_wide,49
chain,50,0.01,0.02,0.0,0.2,0.1,3.0,0.3,0.108,21,63,0.0,0.10204081632653061,32,8,103,0,32,7|6|10|5|17,network_wide,49
chain,50,0.01,0.02,0.0,0.2,0.1,3.0,0.3,0.108,22,64,0.0,0.12244897959183673,49,8,1,0,49,6|6|10|5|17,network_wide,49
chain,50,0.01,0.02,0.0,0.2,0.1,3.0,0.3,0.108,23,65,0.0,0.12244897959183673,48,8,4,0,48,5|6|10|5|17|1,network_wide,49
chain,50,0.01,0.02,0.0,0.2,0.1,3.0,0.3,0.108,24,66,0.0,0.12244897959183673,47,8,4,0,47,4|6|10|5|17|2,network_wide,49
chain,50,0.01,0.02,0.0,0.2,0.1,3.0,0.3,0.108,25,67,0.0,0.12244897959183673,46,8,1,0,46,2|6|10|5|17|3,network_wide,49
chain,50,0.01,0.02,0.0,0.2,0.1,3.0,0.3,0.108,26,68,0.0,0.12244897959183673,45,8,1,0,45,1|6|10|5|17|4,core_weighted,49
chain,50,0.01,0.02,0.0,0.2,0.1,3.0,0.3,0.108,27,69,0.0,0.12244897959183673,44,8,1,0,44,1|6|10|5|17|5,network_wide,49
chain,50,0.01,0.02,0.0,0.2,0.1,3.0,0.3,0.108,28,70,0.0,0.10204081632653061,43,8,1,0,43,6|10|5|17|6,network_wide,49
chain,50,0.01,0.02,0.0,0.2,0.1,3.0,0.3,0.108,29,71,0.0,0.10204081632653061,42,8,4,0,42,5|10|5|17|7,network_wide,49
chain,50,0.01,0.02,0.0,0.2,0.1,3.0,0.3,0.108,30,72,0.0,0.10204081632653061,41,8,1,0,41,5|10|5|17|8,network_wide,49
chain,50,0.01,0.02,0.0,0.2,0.1,3.0,0.3,0.108,31,73,0.0,0.10204081632653061,40,8,4,0,40,4|10|5|17|9,network_wide,49
chain,50,0.01,0.02,0.0,0.2,0.1,3.0,0.3,0.108,32,74,0.0,0.10204081632653061,39,8,1,0,39,3|10|5|17|10,network_wide,49
chain,50,0.01,0.02,0.0,0.2,0.1,3.0,0.3,0.108,33,75,0.0,0.10204081632653061,38,8,1,0,38,1|10|5|17|11,core_weighted,49
chain,50,0.01,0.02,0.0,0.2,0.1,3.0,0.3,0.108,34,76,0.0,0.10204081632653061,37,8,1,0,37,1|10|5|17|12,network_wide,49
chain,50,0.01,0.02,0.0,0.2,0.1,3.0,0.3,0.108,35,77,0.0,0.08163265306122448,36,8,1,0,36,10|5|17|13,network_wide,49
chain,50,0.01,0.02,0.0,0.2,0.1,3.0,0.3,0.108,36,78,0.0,0.08163265306122448,35,8,1,0,35,9|5|17|14,network_wide,49
chain,50,0.01,0.02,0.0,0.2,0.1,3.0,0.3,0.108,37,79,0.0,0.10204081632653061,49,8,1,0,49,9|5|17|14,network_wide,49
chain,50,0.01,0.02,0.0,0.2,0.1,3.0,0.3,0.108,38,80,0.0,0.08163265306122448,48,8,113,0,48,8|5|32|1,network_wide,49
chain,50,0.01,0.02,0.0,0.2,0.1,3.0,0.3,0.108,39,81,0.0,0.10204081632653061,47,8,1,0,47,7|5|17|14|2,network_wide,49
chain,50,0.01,0.02,0.0,0.2,0.1,3.0,0.3,0.108,40,82,0.0,0.10204081632653061,46,8,4,0,46,5|5|17|14|3,core_weighted,49
chain,50,0.01,0.02,0.0,0.2,0.1,3.0,0.3,0.108,41,83,0.0,0.10204081632653061,45,8,1,0,45,5|5|17|14|4,network_wide,49
chain,50,0.01,0.02,0.0,0.2,0.1,3.0,0.3,0.108,42,84,0.0,0.10204081632653061,44,8,4,0,44,3|5|17|14|5,core_weighted,49
chain,50,0.01,0.02,0.0,0.2,0.1,3.0,0.3,0.108,43,85,0.0,0.10204081632653061,43,8,1,0,43,2|5|17|14|6,core_weighted,49
chain,50,0.01,0.02,0.0,0.2,0.1,3.0,0.3,0.108,44,86,0.0,0.10204081632653061,42,8,4,0,42,2|5|17|14|7,core_weighted,49
chain,50,0.01,0.02,0.0,0.2,0.1,3.0,0.3,0.108,45,87,0.0,0.10204081632653061,41,8,1,0,41,1|5|17|14|8,core_weighted,49
chain,50,0.01,0.02,0.0,0.2,0.1,3.0,0.3,0.108,46,88,0.0,0.061224489795918366,40,4,113,0,40,5|32|9,core_weighted,49
chain,50,0.01,0.02,0.0,0.2,0.1,3.0,0.3,0.108,47,89,0.0,0.061224489795918366,39,4,3,0,39,5|17|14|10,network_wide,49
chain,50,0.01,0.02,0.0,0.2,0.1,3.0,0.3,0.108,48,90,0.0,0.08163265306122448,49,7,1,0,49,5|17|14|10,network_wide,49
chain,50,0.01,0.02,0.0,0.2,0.1,3.0,0.3,0.108,49,91,0.0,0.08163265306122448,48,7,1,0,48,4|17|14|10|1,network_wide,49
chain,50,0.01,0.02,0.0,0.2,0.1,3.0,0.3,0.11,0,42,0.0,0.10204081632653061,47,8,5,0,47,14|12|6|10|2,network_wide,49
chain,50,0.01,0.02,0.0,0.2,0.1,3.0,0.3,0.11,1,43,0.0,0.08163265306122448,46,8,103,0,46,26|6|10|3,network_wide,49
chain,50,0.01,0.02,0.0,0.2,0.1,3.0,0.3,0.11,2,44,0.0,0.08163265306122448,45,8,103,0,45,26|6|10|4,network_wide,49
chain,50,0.01,0.02,0.0,0.2,0.1,3.0,0.3,0.11,3,45,0.0,0.10204081632653061,44,8,5,0,44,12|12|6|10|5,network_wide,49
chain,50,0.01,0.02,0.0,0.2,0.1,3.0,0.3,0.11,4,46,0.0,0.10204081632653061,49,8,103,0,49,24|6|10|5,network_wide,49
chain,50,0.01,0.02,0.0,0.2,0.1,3.0,0.3,0.11,5,47,0.0,0.10204081632653061,48,8,103,0,48,22|6|10|5|1,network_wide,49
chain,50,0.01,0.02,0.0,0.2,0.1,3.0,0.3,0.11,6,48,0.0,0.12244897959183673,47,8,5,0,47,9|12|6|10|5|2,network_wide,49
chain,50,0.01,0.02,0.0,0.2,0.1,3.0,0.3,0.11,7,49,0.0,0.10204081632653061,46,8,103,0,46,20|6|10|5|3,network_wide,49
chain,50,0.01,0.02,0.0,0.2,0.1,3.0,0.3,0.11,8,50,0.0,0.10204081632653061,45,8,103,0,45,20|6|10|5|4,network_wide,49
chain,50,0.01,0.02,0.0,0.2,0.1,3.0,0.3,0.11,9,51,0.0,0.10204081632653061,44,8,103,0,44,19|6|10|5|5,network_wide,49
chain,50,0.01,0.02,0.0,0.2,0.1,3.0,0.3,0.11,10,52,0.0,0.10204081632653061,43,8,103,0,43,18|6|10|5|6,network_wide,49
chain,50,0.01,0.02,0.0,0.2,0.1,3.0,0.3,0.11,11,53,0.0,0.10204081632653061,42,8,103,0,42,16|6|10|5|7,network_wide,49
chain,50,0.01,0.02,0.0,0.2,0.1,3.0,0.3,0.11,12,54,0.0,0.10204081632653061,41,8,103,0,41,16|6|10|5|8,network_wide,49
chain,50,0.01,0.02,0.0,0.2,0.1,3.0,0.3,0.11,13,55,0.0,0.10204081632653061,40,8,103,0,40,14|6|10|5|9,network_wide,49
chain,50,0.01,0.02,0.0,0.2,0.1,3.0,0.3,0.11,14,56,0.0,0.10204081632653061,39,8,103,0,39,14|6|10|5|10,network_wide,49
chain,50,0.01,0.02,0.0,0.2,0.1,3.0,0.3,0.11,15,57,0.0,0.10204081632653061,38,8,103,0,38,12|6|10|5|11,network_wide,49
chain,50,0.01,0.02,0.0,0.2,0.1,3.0,0.3,0.11,16,58,0.0,0.10204081632653061,37,8,103,0,37,12|6|10|5|12,network_wide,49
chain,50,0.01,0.02,0.0,0.2,0.1,3.0,0.3,0.11,17,59,0.0,0.10204081632653061,36,8,103,0,36,10|6|10|5|13,network_wide,49
chain,50,0.01,0.02,0.0,0.2,0.1,3.0,0.3,0.11,18,60,0.0,0.10204081632653061,35,8,103,0,35,10|6|10|5|14,network_wide,49
chain,50,0.01,0.02,0.0,0.2,0.1,3.0,0.3,0.11,19,61,0.0,0.10204081632653061,34,8,103,0,34,9|6|10|5|15,network_wide,49
chain,50,0.01,0.02,0.0,0.2,0.1,3.0,0.3,0.11,20,62,0.0,0.10204081632653061,33,8,103,0,33,8|6|10|5|16,network_wide,49
chain,50,0.01,0.02,0.0,0.2,0.1,3.0,0.3,0.11,21,63,0.0,0.10204081632653061,32,8,103,0,32,7|6|10|5|17,network_wide,49
chain,50,0.01,0.02,0.0,0.2,0.1,3.0,0.3,0.11,22,64,0.0,0.12244897959183673,49,8,1,0,49,6|6|10|5|17,network_wide,49
chain,50,0.01,0.02,0.0,0.2,0.1,3.0,0.3,0.11,23,65,0.0,0.12244897959183673,48,8,4,0,48,5|6|10|5|17|1,network_wide,49
chain,50,0.01,0.02,0.0,0.2,0.1,3.0,0.3,0.11,24,66,0.0,0.12244897959183673,47,8,4,0,47,4|6|10|5|17|2,network_wide,49
chain,50,0.01,0.02,0.0,0.2,0.1,3.0,0.3,0.11,25,67,0.0,0.12244897959183673,46,8,1,0,46,2|6|10|5|17|3,network_wide,49
chain,50,0.01,0.02,0.0,0.2,0.1,3.0,0.3,0.11,26,68,0.0,0.12244897959183673,45,8,1,0,45,1|6|10|5|17|4,core_weighted,49
chain,50,0.01,0.02,0.0,0.2,0.1,3.0,0.3,0.11,27,69,0.0,0.12244897959183673,44,8,1,0,44,1|6|10|5|17|5,network_wide,49
chain,50,0.01,0.02,0.0,0.2,0.1,3.0,0.3,0.11,28,70,0.0,0.10204081632653061,43,8,1,0,43,6|10|5|17|6,network_wide,49
chain,50,0.01,0.02,0.0,0.2,0.1,3.0,0.3,0.11,29,71,0.0,0.10204081632653061,42,8,4,0,42,5|10|5|17|7,network_wide,49
chain,50,0.01,0.02,0.0,0.2,0.1,3.0,0.3,0.11,30,72,0.0,0.10204081632653061,41,8,1,0,41,5|10|5|17|8,network_wide,49
chain,50,0.01,0.02,0.0,0.2,0.1,3.0,0.3,0.11,31,73,0.0,0.10204081632653061,40,8,4,0,40,4|10|5|17|9,network_wide,49
chain,50,0.01,0.02,0.0,0.2,0.1,3.0,0.3,0.11,32,74,0.0,0.10204081632653061,39,8,1,0,39,3|10|5|17|10,network_wide,49
chain,50,0.01,0.02,0.0,0.2,0.1,3.0,0.3,0.11,33,75,0.0,0.10204081632653061,38,8,1,0,38,1|10|5|17|11,core_weighted,49
chain,50,0.01,0.02,0.0,0.2,0.1,3.0,0.3,0.11,34,76,0.0,0.10204081632653061,37,8,1,0,37,1|10|5|17|12,network_wide,49
chain,50,0.01,0.02,0.0,0.2,0.1,3.0,0.3,0.11,35,77,0.0,0.08163265306122448,36,8,1,0,36,10|5|17|13,network_wide,49
chain,50,0.01,0.02,0.0,0.2,0.1,3.0,0.3,0.11,36,78,0.0,0.08163265306122448,35,8,1,0,35,9|5|17|14,network_wide,49
chain,50,0.01,0.02,0.0,0.2,0.1,3.0,0.3,0.11,37,79,0.0,0.10204081632653061,49,8,1,0,49,9|5|17|14,network_wide,49
chain,50,0.01,0.02,0.0,0.2,0.1,3.0,0.3,0.11,38,80,0.0,0.08163265306122448,48,8,113,0,48,8|5|32|1,network_wide,49
chain,50,0.01,0.02,0.0,0.2,0.1,3.0,0.3,0.11,39,81,0.0,0.10204081632653061,47,8,1,0,47,7|5|17|14|2,network_wide,49
chain,50,0.01,0.02,0.0,0.2,0.1,3.0,0.3,0.11,40,82,0.0,0.10204081632653061,46,8,4,0,46,5|5|17|14|3,core_weighted,49
chain,50,0.01,0.02,0.0,0.2,0.1,3.0,0.3,0.11,41,83,0.0,0.10204081632653061,45,8,1,0,45,5|5|17|14|4,network_wide,49
chain,50,0.01,0.02,0.0,0.2,0.1,3.0,0.3,0.11,42,84,0.0,0.10204081632653061,44,8,4,0,44,3|5|17|14|5,core_weighted,49
chain,50,0.01,0.02,0.0,0.2,0.1,3.0,0.3,0.11,43,85,0.0,0.10204081632653061,43,8,1,0,43,2|5|17|14|6,core_weighted,49
chain,50,0.01,0.02,0.0,0.2,0.1,3.0,0.3,0.11,44,86,0.0,0.10204081632653061,42,8,4,0,42,2|5|17|14|7,core_weighted,49
chain,50,0.01,0.02,0.0,0.2,0.1,3.0,0.3,0.11,45,87,0.0,0.10204081632653061,41,8,1,0,41,1|5|17|14|8,core_weighted,49
chain,50,0.01,0.02,0.0,0.2,0.1,3.0,0.3,0.11,46,88,0.0,0.061224489795918366,40,4,113,0,40,5|32|9,core_weighted,49
chain,50,0.01,0.02,0.0,0.2,0.1,3.0,0.3,0.11,47,89,0.0,0.061224489795918366,39,4,3,0,39,5|17|14|10,network_wide,49
chain,50,0.01,0.02,0.0,0.2,0.1,3.0,0.3,0.11,48,90,0.0,0.08163265306122448,49,7,1,0,49,5|17|14|10,network_wide,49
chain,50,0.01,0.02,0.0,0.2,0.1,3.0,0.3,0.11,49,91,0.0,0.08163265306122448,48,7,1,0,48,4|17|14|10|1,network_wide,49
chain,50,0.01,0.02,0.0,0.2,0.1,3.0,0.3,0.112,0,42,0.0,0.10204081632653061,47,8,5,0,47,14|12|6|10|2,network_wide,49
chain,50,0.01,0.02,0.0,0.2,0.1,3.0,0.3,0.112,1,43,0.0,0.08163265306122448,46,8,103,0,46,26|6|10|3,network_wide,49
chain,50,0.01,0.02,0.0,0.2,0.1,3.0,0.3,0.112,2,44,0.0,0.08163265306122448,45,8,103,0,45,26|6|10|4,network_wide,49
chain,50,0.01,0.02,0.0,0.2,0.1,3.0,0.3,0.112,3,45,0.0,0.10204081632653061,44,8,5,0,44,12|12|6|10|5,network_wide,49
chain,50,0.01,0.02,0.0,0.2,0.1,3.0,0.3,0.112,4,46,0.0,0.10204081632653061,49,8,103,0,49,24|6|10|5,network_wide,49
chain,50,0.01,0.02,0.0,0.2,0.1,3.0,0.3,0.112,5,47,0.0,0.10204081632653061,48,8,103,0,48,22|6|10|5|1,network_wide,49
chain,50,0.01,0.02,0.0,0.2,0.1,3.0,0.3,0.112,6,48,0.0,0.12244897959183673,47,8,5,0,47,9|12|6|10|5|2,network_wide,49
chain,50,0.01,0.02,0.0,0.2,0.1,3.0,0.3,0.112,7,49,0.0,0.10204081632653061,46,8,103,0,46,20|6|10|5|3,network_wide,49
chain,50,0.01,0.02,0.0,0.2,0.1,3.0,0.3,0.112,8,50,0.0,0.10204081632653061,45,8,103,0,45,20|6|10|5|4,network_wide,49
chain,50,0.01,0.02,0.0,0.2,0.1,3.0,0.3,0.112,9,51,0.0,0.10204081632653061,44,8,103,0,44,19|6|10|5|5,network_wide,49
chain,50,0.01,0.02,0.0,0.2,0.1,3.0,0.3,0.112,10,52,0.0,0.10204081632653061,43,8,103,0,43,18|6|10|5|6,network_wide,49
chain,50,0.01,0.02,0.0,0.2,0.1,3.0,0.3,0.112,11,53,0.0,0.10204081632653061,42,8,103,0,42,16|6|10|5|7,network_wide,49
chain,50,0.01,0.02,0.0,0.2,0.1,3.0,0.3,0.112,12,54,0.0,0.10204081632653061,41,8,103,0,41,16|6|10|5|8,network_wide,49
chain,50,0.01,0.02,0.0,0.2,0.1,3.0,0.3,0.112,13,55,0.0,0.10204081632653061,40,8,103,0,40,14|6|10|5|9,network_wide,49
chain,50,0.01,0.02,0.0,0.2,0.1,3.0,0.3,0.112,14,56,0.0,0.10204081632653061,39,8,103,0,39,14|6|10|5|10,network_wide,49
chain,50,0.01,0.02,0.0,0.2,0.1,3.0,0.3,0.112,15,57,0.0,0.10204081632653061,38,8,103,0,38,12|6|10|5|11,network_wide,49
chain,50,0.01,0.02,0.0,0.2,0.1,3.0,0.3,0.112,16,58,0.0,0.10204081632653061,37,8,103,0,37,12|6|10|5|12,network_wide,49
chain,50,0.01,0.02,0.0,0.2,0.1,3.0,0.3,0.112,17,59,0.0,0.10204081632653061,36,8,103,0,36,10|6|10|5|13,network_wide,49
chain,50,0.01,0.02,0.0,0.2,0.1,3.0,0.3,0.112,18,60,0.0,0.10204081632653061,35,8,103,0,35,10|6|10|5|14,network_wide,49
chain,50,0.01,0.02,0.0,0.2,0.1,3.0,0.3,0.112,19,61,0.0,0.10204081632653061,34,8,103,0,34,9|6|10|5|15,network_wide,49
chain,50,0.01,0.02,0.0,0.2,0.1,3.0,0.3,0.112,20,62,0.0,0.10204081632653061,33,8,103,0,33,8|6|10|5|16,network_wide,49
chain,50,0.01,0.02,0.0,0.2,0.1,3.0,0.3,0.112,21,63,0.0,0.10204081632653061,32,8,103,0,32,7|6|10|5|17,network_wide,49
chain,50,0.01,0.02,0.0,0.2,0.1,3.0,0.3,0.112,22,64,0.0,0.12244897959183673,49,8,1,0,49,6|6|10|5|17,network_wide,49
chain,50,0.01,0.02,0.0,0.2,0.1,3.0,0.3,0.112,23,65,0.0,0.12244897959183673,48,8,4,0,48,5|6|10|5|17|1,network_wide,49
chain,50,0.01,0.02,0.0,0.2,0.1,3.0,0.3,0.112,24,66,0.0,0.12244897959183673,47,8,4,0,47,4|6|10|5|17|2,network_wide,49
chain,50,0.01,0.02,0.0,0.2,0.1,3.0,0.3,0.112,25,67,0.0,0.12244897959183673,46,8,1,0,46,2|6|10|5|17|3,network_wide,49
chain,50,0.01,0.02,0.0,0.2,0.1,3.0,0.3,0.112,26,68,0.0,0.12244897959183673,45,8,1,0,45,1|6|10|5|17|4,core_weighted,49
chain,50,0.01,0.02,0.0,0.2,0.1,3.0,0.3,0.112,27,69,0.0,0.12244897959183673,44,8,1,0,44,1|6|10|5|17|5,network_wide,49
chain,50,0.01,0.02,0.0,0.2,0.1,3.0,0.3,0.112,28,70,0.0,0.10204081632653061,43,8,1,0,43,6|10|5|17|6,network_wide,49
chain,50,0.01,0.02,0.0,0.2,0.1,3.0,0.3,0.112,29,71,0.0,0.10204081632653061,42,8,4,0,42,5|10|5|17|7,network_wide,49
chain,50,0.01,0.02,0.0,0.2,0.1,3.0,0.3,0.112,30,72,0.0,0.10204081632653061,41,8,1,0,41,5|10|5|17|8,network_wide,49
chain,50,0.01,0.02,0.0,0.2,0.1,3.0,0.3,0.112,31,73,0.0,0.10204081632653061,40,8,4,0,40,4|10|5|17|9,network_wide,49
chain,50,0.01,0.02,0.0,0.2,0.1,3.0,0.3,0.112,32,74,0.0,0.10204081632653061,39,8,1,0,39,3|10|5|17|10,network_wide,49
chain,50,0.01,0.02,0.0,0.2,0.1,3.0,0.3,0.112,33,75,0.0,0.10204081632653061,38,8,1,0,38,1|10|5|17|11,core_weighted,49
chain,50,0.01,0.02,0.0,0.2,0.1,3.0,0.3,0.112,34,76,0.0,0.10204081632653061,37,8,1,0,37,1|10|5|17|12,network_wide,49
chain,50,0.01,0.02,0.0,0.2,0.1,3.0,0.3,0.112,35,77,0.0,0.08163265306122448,36,8,1,0,36,10|5|17|13,network_wide,49
chain,50,0.01,0.02,0.0,0.2,0.1,3.0,0.3,0.112,36,78,0.0,0.08163265306122448,35,8,1,0,35,9|5|17|14,network_wide,49
chain,50,0.01,0.02,0.0,0.2,0.1,3.0,0.3,0.112,37,79,0.0,0.10204081632653061,49,8,1,0,49,9|5|17|14,network_wide,49
chain,50,0.01,0.02,0.0,0.2,0.1,3.0,0.3,0.112,38,80,0.0,0.08163265306122448,48,8,113,0,48,8|5|32|1,network_wide,49
chain,50,0.01,0.02,0.0,0.2,0.1,3.0,0.3,0.112,39,81,0.0,0.10204081632653061,47,8,1,0,47,7|5|17|14|2,network_wide,49
chain,50,0.01,0.02,0.0,0.2,0.1,3.0,0.3,0.112,40,82,0.0,0.08163265306122448,46,8,113,0,46,5|5|32|3,core_weighted,49
chain,50,0.01,0.02,0.0,0.2,0.1,3.0,0.3,0.112,41,83,0.0,0.10204081632653061,45,8,1,0,45,5|5|17|14|4,network_wide,49
chain,50,0.01,0.02,0.0,0.2,0.1,3.0,0.3,0.112,42,84,0.0,0.10204081632653061,44,8,4,0,44,3|5|17|14|5,core_weighted,49
chain,50,0.01,0.02,0.0,0.2,0.1,3.0,0.3,0.112,43,85,0.0,0.10204081632653061,43,8,1,0,43,2|5|17|14|6,core_weighted,49
chain,50,0.01,0.02,0.0,0.2,0.1,3.0,0.3,0.112,44,86,0.0,0.10204081632653061,42,8,4,0,42,2|5|17|14|7,core_weighted,49
chain,50,0.01,0.02,0.0,0.2,0.1,3.0,0.3,0.112,45,87,0.0,0.10204081632653061,41,8,1,0,41,1|5|17|14|8,core_weighted,49
chain,50,0.01,0.02,0.0,0.2,0.1,3.0,0.3,0.112,46,88,0.0,0.061224489795918366,40,4,113,0,40,5|32|9,core_weighted,49
chain,50,0.01,0.02,0.0,0.2,0.1,3.0,0.3,0.112,47,89,0.0,0.061224489795918366,39,4,3,0,39,5|17|14|10,network_wide,49
chain,50,0.01,0.02,0.0,0.2,0.1,3.0,0.3,0.112,48,90,0.0,0.08163265306122448,49,7,1,0,49,5|17|14|10,network_wide,49
chain,50,0.01,0.02,0.0,0.2,0.1,3.0,0.3,0.112,49,91,0.0,0.08163265306122448,48,7,1,0,48,4|17|14|10|1,network_wide,49
chain,50,0.01,0.02,0.0,0.2,0.1,3.0,0.3,0.114,0,42,0.0,0.10204081632653061,47,8,5,0,47,14|12|6|10|2,network_wide,49
chain,50,0.01,0.02,0.0,0.2,0.1,3.0,0.3,0.114,1,43,0.0,0.08163265306122448,46,8,103,0,46,26|6|10|3,network_wide,49
chain,50,0.01,0.02,0.0,0.2,0.1,3.0,0.3,0.114,2,44,0.0,0.08163265306122448,45,8,103,0,45,26|6|10|4,network_wide,49
chain,50,0.01,0.02,0.0,0.2,0.1,3.0,0.3,0.114,3,45,0.0,0.10204081632653061,44,8,5,0,44,12|12|6|10|5,network_wide,49
chain,50,0.01,0.02,0.0,0.2,0.1,3.0,0.3,0.114,4,46,0.0,0.08163265306122448,43,8,103,0,43,24|6|10|6,network_wide,49
chain,50,0.01,0.02,0.0,0.2,0.1,3.0,0.3,0.114,5,47,0.0,0.08163265306122448,42,8,103,0,42,22|6|10|7,network_wide,49
chain,50,0.01,0.02,0.0,0.2,0.1,3.0,0.3,0.114,6,48,0.0,0.08163265306122448,41,8,103,0,41,22|6|10|8,network_wide,49
chain,50,0.01,0.02,0.0,0.2,0.1,3.0,0.3,0.114,7,49,0.0,0.08163265306122448,40,8,103,0,40,20|6|10|9,network_wide,49
chain,50,0.01,0.02,0.0,0.2,0.1,3.0,0.3,0.114,8,50,0.0,0.08163265306122448,39,8,103,0,39,20|6|10|10,network_wide,49
chain,50,0.01,0.02,0.0,0.2,0.1,3.0,0.3,0.114,9,51,0.0,0.08163265306122448,38,8,103,0,38,19|6|10|11,network_wide,49
chain,50,0.01,0.02,0.0,0.2,0.1,3.0,0.3,0.114,10,52,0.0,0.08163265306122448,37,8,103,0,37,18|6|10|12,network_wide,49
chain,50,0.01,0.02,0.0,0.2,0.1,3.0,0.3,0.114,11,53,0.0,0.08163265306122448,36,8,103,0,36,16|6|10|13,network_wide,49
chain,50,0.01,0.02,0.0,0.2,0.1,3.0,0.3,0.114,12,54,0.0,0.08163265306122448,35,8,103,0,35,16|6|10|14,network_wide,49
chain,50,0.01,0.02,0.0,0.2,0.1,3.0,0.3,0.114,13,55,0.0,0.08163265306122448,34,8,103,0,34,14|6|10|15,network_wide,49
chain,50,0.01,0.02,0.0,0.2,0.1,3.0,0.3,0.114,14,56,0.0,0.08163265306122448,33,8,103,0,33,14|6|10|16,network_wide,49
chain,50,0.01,0.02,0.0,0.2,0.1,3.0,0.3,0.114,15,57,0.0,0.08163265306122448,32,8,103,0,32,12|6|10|17,network_wide,49
chain,50,0.01,0.02,0.0,0.2,0.1,3.0,0.3,0.114,16,58,0.0,0.08163265306122448,31,8,103,0,31,12|6|10|18,network_wide,49
chain,50,0.01,0.02,0.0,0.2,0.1,3.0,0.3,0.114,17,59,0.0,0.08163265306122448,30,8,103,0,30,10|6|10|19,network_wide,49
chain,50,0.01,0.02,0.0,0.2,0.1,3.0,0.3,0.114,18,60,0.0,0.08163265306122448,29,8,103,0,29,10|6|10|20,network_wide,49
chain,50,0.01,0.02,0.0,0.2,0.1,3.0,0.3,0.114,19,61,0.0,0.08163265306122448,28,8,103,0,28,9|6|10|21,network_wide,49
chain,50,0.01,0.02,0.0,0.2,0.1,3.0,0.3,0.114,20,62,0.0,0.08163265306122448,27,8,103,0,27,8|6|10|22,network_wide,49
chain,50,0.01,0.02,0.0,0.2,0.1,3.0,0.3,0.114,21,63,0.0,0.08163265306122448,26,8,103,0,26,7|6|10|23,network_wide,49
chain,50,0.01,0.02,0.0,0.2,0.1,3.0,0.3,0.114,22,64,0.0,0.10204081632653061,49,8,1,0,49,6|6|10|23,network_wide,49
chain,50,0.01,0.02,0.0,0.2,0.1,3.0,0.3,0.114,23,65,0.0,0.10204081632653061,48,8,4,0,48,5|6|10|23|1,network_wide,49
chain,50,0.01,0.02,0.0,0.2,0.1,3.0,0.3,0.114,24,66,0.0,0.10204081632653061,47,8,4,0,47,4|6|10|23|2,network_wide,49
chain,50,0.01,0.02,0.0,0.2,0.1,3.0,0.3,0.114,25,67,0.0,0.10204081632653061,46,8,1,0,46,2|6|10|23|3,core_weighted,49
chain,50,0.01,0.02,0.0,0.2,0.1,3.0,0.3,0.114,26,68,0.0,0.10204081632653061,45,8,1,0,45,1|6|10|23|4,core_weighted,49
chain,50,0.01,0.02,0.0,0.2,0.1,3.0,0.3,0.114,27,69,0.0,0.10204081632653061,44,8,1,0,44,1|6|10|23|5,network_wide,49
chain,50,0.01,0.02,0.0,0.2,0.1,3.0,0.3,0.114,28,70,0.0,0.08163265306122448,43,8,1,0,43,6|10|23|6,network_wide,49
chain,50,0.01,0.02,0.0,0.2,0.1,3.0,0.3,0.114,29,71,0.0,0.08163265306122448,42,8,4,0,42,5|10|23|7,core_weighted,49
chain,50,0.01,0.02,0.0,0.2,0.1,3.0,0.3,0.114,30,72,0.0,0.08163265306122448,41,8,1,0,41,5|10|23|8,network_wide,49
chain,50,0.01,0.02,0.0,0.2,0.1,3.0,0.3,0.114,31,73,0.0,0.08163265306122448,40,8,4,0,40,4|10|23|9,network_wide,49
chain,50,0.01,0.02,0.0,0.2,0.1,3.0,0.3,0.114,32,74,0.0,0.08163265306122448,39,8,1,0,39,3|10|23|10,network_wide,49
chain,50,0.01,0.02,0.0,0.2,0.1,3.0,0.3,0.114,33,75,0.0,0.08163265306122448,38,8,1,0,38,1|10|23|11,core_weighted,49
chain,50,0.01,0.02,0.0,0.2,0.1,3.0,0.3,0.114,34,76,0.0,0.08163265306122448,37,8,1,0,37,1|10|23|12,network_wide,49
chain,50,0.01,0.02,0.0,0.2,0.1,3.0,0.3,0.114,35,77,0.0,0.061224489795918366,36,8,1,0,36,10|23|13,network_wide,49
chain,50,0.01,0.02,0.0,0.2,0.1,3.0,0.3,0.114,36,78,0.0,0.061224489795918366,35,8,1,0,35,9|23|14,core_weighted,49
chain,50,0.01,0.02,0.0,0.2,0.1,3.0,0.3,0.114,37,79,0.0,0.08163265306122448,49,8,1,0,49,9|23|14,network_wide,49
chain,50,0.01,0.02,0.0,0.2,0.1,3.0,0.3,0.114,38,80,0.0,0.061224489795918366,48,8,113,0,48,8|38|1,network_wide,49
chain,50,0.01,0.02,0.0,0.2,0.1,3.0,0.3,0.114,39,81,0.0,0.08163265306122448,47,8,1,0,47,7|23|14|2,network_wide,49
chain,50,0.01,0.02,0.0,0.2,0.1,3.0,0.3,0.114,40,82,0.0,0.061224489795918366,46,8,113,0,46,5|38|3,core_weighted,49
chain,50,0.01,0.02,0.0,0.2,0.1,3.0,0.3,0.114,41,83,0.0,0.08163265306122448,45,8,1,0,45,5|23|14|4,network_wide,49
chain,50,0.01,0.02,0.0,0.2,0.1,3.0,0.3,0.114,42,84,0.0,0.08163265306122448,44,8,4,0,44,3|23|14|5,core_weighted,49
chain,50,0.01,0.02,0.0,0.2,0.1,3.0,0.3,0.114,43,85,0.0,0.08163265306122448,43,8,1,0,43,2|23|14|6,core_weighted,49
chain,50,0.01,0.02,0.0,0.2,0.1,3.0,0.3,0.114,44,86,0.0,0.08163265306122448,42,8,4,0,42,2|23|14|7,network_wide,49
chain,50,0.01,0.02,0.0,0.2,0.1,3.0,0.3,0.114,45,87,0.0,0.08163265306122448,41,8,1,0,41,1|23|14|8,network_wide,49
chain,50,0.01,0.02,0.0,0.2,0.1,3.0,0.3,0.114,46,88,0.0,0.04081632653061224,40,4,113,0,40,38|9,core_weighted,49
chain,50,0.01,0.02,0.0,0.2,0.1,3.0,0.3,0.114,47,89,0.0,0.04081632653061224,39,4,3,0,39,23|14|10,network_wide,49
chain,50,0.01,0.02,0.0,0.2,0.1,3.0,0.3,0.114,48,90,0.0,0.061224489795918366,49,7,1,0,49,23|14|10,network_wide,49
chain,50,0.01,0.02,0.0,0.2,0.1,3.0,0.3,0.114,49,91,0.0,0.061224489795918366,48,7,1,0,48,22|14|10|1,network_wide,49
chain,50,0.01,0.02,0.0,0.2,0.1,3.0,0.3,0.116,0,42,0.0,0.061224489795918366,47,7,128,0,47,27|17|2,network_wide,49
chain,50,0.01,0.02,0.0,0.2,0.1,3.0,0.3,0.116,1,43,0.0,0.061224489795918366,46,7,128,0,46,26|17|3,network_wide,49
chain,50,0.01,0.02,0.0,0.2,0.1,3.0,0.3,0.116,2,44,0.0,0.061224489795918366,45,7,128,0,45,26|17|4,network_wide,49
chain,50,0.01,0.02,0.0,0.2,0.1,3.0,0.3,0.116,3,45,0.0,0.061224489795918366,44,7,128,0,44,25|17|5,network_wide,49
chain,50,0.01,0.02,0.0,0.2,0.1,3.0,0.3,0.116,4,46,0.0,0.061224489795918366,43,7,128,0,43,24|17|6,network_wide,49
chain,50,0.01,0.02,0.0,0.2,0.1,3.0,0.3,0.116,5,47,0.0,0.061224489795918366,42,7,128,0,42,22|17|7,network_wide,49
chain,50,0.01,0.02,0.0,0.2,0.1,3.0,0.3,0.116,6,48,0.0,0.061224489795918366,41,7,128,0,41,22|17|8,network_wide,49
chain,50,0.01,0.02,0.0,0.2,0.1,3.0,0.3,0.116,7,49,0.0,0.061224489795918366,40,7,128,0,40,20|17|9,network_wide,49
chain,50,0.01,0.02,0.0,0.2,0.1,3.0,0.3,0.116,8,50,0.0,0.061224489795918366,39,7,128,0,39,20|17|10,network_wide,49
chain,50,0.01,0.02,0.0,0.2,0.1,3.0,0.3,0.116,9,51,0.0,0.061224489795918366,38,7,128,0,38,19|17|11,network_wide,49
chain,50,0.01,0.02,0.0,0.2,0.1,3.0,0.3,0.116,10,52,0.0,0.061224489795918366,37,7,128,0,37,18|17|12,network_wide,49
chain,50,0.01,0.02,0.0,0.2,0.1,3.0,0.3,0.116,11,53,0.0,0.061224489795918366,36,7,128,0,36,16|17|13,network_wide,49
chain,50,0.01,0.02,0.0,0.2,0.1,3.0,0.3,0.116,12,54,0.0,0.061224489795918366,35,7,128,0,35,16|17|14,network_wide,49
chain,50,0.01,0.02,0.0,0.2,0.1,3.0,0.3,0.116,13,55,0.0,0.061224489795918366,34,7,128,0,34,14|17|15,network_wide,49
chain,50,0.01,0.02,0.0,0.2,0.1,3.0,0.3,0.116,14,56,0.0,0.061224489795918366,33,7,128,0,33,14|17|16,network_wide,49
chain,50,0.01,0.02,0.0,0.2,0.1,3.0,0.3,0.116,15,57,0.0,0.061224489795918366,32,7,128,0,32,12|17|17,network_wide,49
chain,50,0.01,0.02,0.0,0.2,0.1,3.0,0.3,0.116,16,58,0.0,0.061224489795918366,31,7,128,0,31,12|17|18,network_wide,49
chain,50,0.01,0.02,0.0,0.2,0.1,3.0,0.3,0.116,17,59,0.0,0.061224489795918366,30,7,128,0,30,10|17|19,network_wide,49
chain,50,0.01,0.02,0.0,0.2,0.1,3.0,0.3,0.116,18,60,0.0,0.061224489795918366,29,7,128,0,29,10|17|20,network_wide,49
chain,50,0.01,0.02,0.0,0.2,0.1,3.0,0.3,0.116,19,61,0.0,0.061224489795918366,28,7,128,0,28,9|17|21,network_wide,49
chain,50,0.01,0.02,0.0,0.2,0.1,3.0,0.3,0.116,20,62,0.0,0.061224489795918366,27,7,128,0,27,8|17|22,network_wide,49
chain,50,0.01,0.02,0.0,0.2,0.1,3.0,0.3,0.116,21,63,0.0,0.061224489795918366,26,7,128,0,26,7|17|23,network_wide,49
chain,50,0.01,0.02,0.0,0.2,0.1,3.0,0.3,0.116,22,64,0.0,0.08163265306122448,49,7,1,0,49,6|17|23,network_wide,49
chain,50,0.01,0.02,0.0,0.2,0.1,3.0,0.3,0.116,23,65,0.0,0.08163265306122448,48,7,4,0,48,5|17|23|1,network_wide,49
chain,50,0.01,0.02,0.0,0.2,0.1,3.0,0.3,0.116,24,66,0.0,0.061224489795918366,23,7,128,0,23,4|17|26,network_wide,49
chain,50,0.01,0.02,0.0,0.2,0.1,3.0,0.3,0.116,25,67,0.0,0.08163265306122448,46,7,1,0,46,2|17|23|3,core_weighted,49
chain,50,0.01,0.02,0.0,0.2,0.1,3.0,0.3,0.116,26,68,0.0,0.08163265306122448,45,7,1,0,45,1|17|23|4,core_weighted,49
chain,50,0.01,0.02,0.0,0.2,0.1,3.0,0.3,0.116,27,69,0.0,0.08163265306122448,44,7,1,0,44,1|17|23|5,network_wide,49
chain,50,0.01,0.02,0.0,0.2,0.1,3.0,0.3,0.116,28,70,0.0,0.061224489795918366,43,7,1,0,43,17|23|6,network_wide,49
chain,50,0.01,0.02,0.0,0.2,0.1,3.0,0.3,0.116,29,71,0.0,0.04081632653061224,18,7,128,0,18,16|31,network_wide,49
chain,50,0.01,0.02,0.0,0.2,0.1,3.0,0.3,0.116,30,72,0.0,0.061224489795918366,41,7,1,0,41,16|23|8,network_wide,49
chain,50,0.01,0.02,0.0,0.2,0.1,3.0,0.3,0.116,31,73,0.0,0.061224489795918366,40,7,4,0,40,15|23|9,network_wide,49
chain,50,0.01,0.02,0.0,0.2,0.1,3.0,0.3,0.116,32,74,0.0,0.061224489795918366,39,7,1,0,39,14|23|10,network_wide,49
chain,50,0.01,0.02,0.0,0.2,0.1,3.0,0.3,0.116,33,75,0.0,0.061224489795918366,38,7,1,0,38,12|23|11,network_wide,49
chain,50,0.01,0.02,0.0,0.2,0.1,3.0,0.3,0.116,34,76,0.0,0.061224489795918366,37,7,1,0,37,12|23|12,network_wide,49
chain,50,0.01,0.02,0.0,0.2,0.1,3.0,0.3,0.116,35,77,0.0,0.061224489795918366,36,7,1,0,36,11|23|13,network_wide,49
chain,50,0.01,0.02,0.0,0.2,0.1,3.0,0.3,0.116,36,78,0.0,0.061224489795918366,35,7,1,0,35,10|23|14,network_wide,49
chain,50,0.01,0.02,0.0,0.2,0.1,3.0,0.3,0.116,37,79,0.0,0.08163265306122448,49,7,1,0,49,9|23|14,network_wide,49
chain,50,0.01,0.02,0.0,0.2,0.1,3.0,0.3,0.116,38,80,0.0,0.061224489795918366,48,7,113,0,48,8|38|1,network_wide,49
chain,50,0.01,0.02,0.0,0.2,0.1,3.0,0.3,0.116,39,81,0.0,0.08163265306122448,47,7,1,0,47,7|23|14|2,network_wide,49
chain,50,0.01,0.02,0.0,0.2,0.1,3.0,0.3,0.116,40,82,0.0,0.061224489795918366,46,7,113,0,46,5|38|3,core_weighted,49
chain,50,0.01,0.02,0.0,0.2,0.1,3.0,0.3,0.116,41,83,0.0,0.08163265306122448,45,7,1,0,45,5|23|14|4,network_wide,49
chain,50,0.01,0.02,0.0,0.2,0.1,3.0,0.3,0.116,42,84,0.0,0.08163265306122448,44,7,4,0,44,3|23|14|5,core_weighted,49
chain,50,0.01,0.02,0.0,0.2,0.1,3.0,0.3,0.116,43,85,0.0,0.08163265306122448,43,7,1,0,43,2|23|14|6,core_weighted,49
chain,50,0.01,0.02,0.0,0.2,0.1,3.0,0.3,0.116,44,86,0.0,0.08163265306122448,42,7,4,0,42,2|23|14|7,network_wide,49
chain,50,0.01,0.02,0.0,0.2,0.1,3.0,0.3,0.116,45,87,0.0,0.08163265306122448,41,7,1,0,41,1|23|14|8,network_wide,49
chain,50,0.01,0.02,0.0,0.2,0.1,3.0,0.3,0.116,46,88,0.0,0.04081632653061224,40,4,113,0,40,38|9,core_weighted,49
chain,50,0.01,0.02,0.0,0.2,0.1,3.0,0.3,0.116,47,89,0.0,0.04081632653061224,39,4,3,0,39,23|14|10,network_wide,49
chain,50,0.01,0.02,0.0,0.2,0.1,3.0,0.3,0.116,48,90,0.0,0.061224489795918366,49,7,1,0,49,23|14|10,network_wide,49
chain,50,0.01,0.02,0.0,0.2,0.1,3.0,0.3,0.116,49,91,0.0,0.061224489795918366,48,7,1,0,48,22|14|10|1,network_wide,49
chain,50,0.01,0.02,0.0,0.2,0.1,3.0,0.3,0.118,0,42,0.0,0.061224489795918366,47,7,128,0,47,27|17|2,network_wide,49
chain,50,0.01,0.02,0.0,0.2,0.1,3.0,0.3,0.118,1,43,0.0,0.061224489795918366,46,7,128,0,46,26|17|3,network_wide,49
chain,50,0.01,0.02,0.0,0.2,0.1,3.0,0.3,0.118,2,44,0.0,0.061224489795918366,45,7,128,0,45,26|17|4,network_wide,49
chain,50,0.01,0.02,0.0,0.2,0.1,3.0,0.3,0.118,3,45,0.0,0.061224489795918366,44,7,128,0,44,25|17|5,network_wide,49
chain,50,0.01,0.02,0.0,0.2,0.1,3.0,0.3,0.118,4,46,0.0,0.061224489795918366,43,7,128,0,43,24|17|6,network_wide,49
chain,50,0.01,0.02,0.0,0.2,0.1,3.0,0.3,0.118,5,47,0.0,0.061224489795918366,42,7,128,0,42,22|17|7,network_wide,49
chain,50,0.01,0.02,0.0,0.2,0.1,3.0,0.3,0.118,6,48,0.0,0.061224489795918366,41,7,128,0,41,22|17|8,network_wide,49
chain,50,0.01,0.02,0.0,0.2,0.1,3.0,0.3,0.118,7,49,0.0,0.061224489795918366,40,7,128,0,40,20|17|9,network_wide,49
chain,50,0.01,0.02,0.0,0.2,0.1,3.0,0.3,0.118,8,50,0.0,0.061224489795918366,39,7,128,0,39,20|17|10,network_wide,49
chain,50,0.01,0.02,0.0,0.2,0.1,3.0,0.3,0.118,9,51,0.0,0.061224489795918366,38,7,128,0,38,19|17|11,network_wide,49
chain,50,0.01,0.02,0.0,0.2,0.1,3.0,0.3,0.118,10,52,0.0,0.061224489795918366,37,7,128,0,37,18|17|12,network_wide,49
chain,50,0.01,0.02,0.0,0.2,0.1,3.0,0.3,0.118,11,53,0.0,0.061224489795918366,36,7,128,0,36,16|17|13,network_wide,49
chain,50,0.01,0.02,0.0,0.2,0.1,3.0,0.3,0.118,12,54,0.0,0.061224489795918366,35,7,128,0,35,16|17|14,network_wide,49
chain,50,0.01,0.02,0.0,0.2,0.1,3.0,0.3,0.118,13,55,0.0,0.061224489795918366,34,7,128,0,34,14|17|15,network_wide,49
chain,50,0.01,0.02,0.0,0.2,0.1,3.0,0.3,0.118,14,56,0.0,0.061224489795918366,33,7,128,0,33,14|17|16,network_wide,49
chain,50,0.01,0.02,0.0,0.2,0.1,3.0,0.3,0.118,15,57,0.0,0.061224489795918366,32,7,128,0,32,12|17|17,network_wide,49
chain,50,0.01,0.02,0.0,0.2,0.1,3.0,0.3,0.118,16,58,0.0,0.061224489795918366,31,7,128,0,31,12|17|18,network_wide,49
chain,50,0.01,0.02,0.0,0.2,0.1,3.0,0.3,0.118,17,59,0.0,0.061224489795918366,30,7,128,0,30,10|17|19,network_wide,49
chain,50,0.01,0.02,0.0,0.2,0.1,3.0,0.3,0.118,18,60,0.0,0.061224489795918366,29,7,128,0,29,10|17|20,network_wide,49
chain,50,0.01,0.02,0.0,0.2,0.1,3.0,0.3,0.118,19,61,0.0,0.061224489795918366,28,7,128,0,28,9|17|21,network_wide,49
chain,50,0.01,0.02,0.0,0.2,0.1,3.0,0.3,0.118,20,62,0.0,0.061224489795918366,27,7,128,0,27,8|17|22,network_wide,49
chain,50,0.01,0.02,0.0,0.2,0.1,3.0,0.3,0.118,21,63,0.0,0.061224489795918366,26,7,128,0,26,7|17|23,network_wide,49
chain,50,0.01,0.02,0.0,0.2,0.1,3.0,0.3,0.118,22,64,0.0,0.08163265306122448,49,7,1,0,49,6|17|23,network_wide,49
chain,50,0.01,0.02,0.0,0.2,0.1,3.0,0.3,0.118,23,65,0.0,0.061224489795918366,24,7,128,0,24,5|17|25,network_wide,49
chain,50,0.01,0.02,0.0,0.2,0.1,3.0,0.3,0.118,24,66,0.0,0.061224489795918366,23,7,128,0,23,4|17|26,network_wide,49
chain,50,0.01,0.02,0.0,0.2,0.1,3.0,0.3,0.118,25,67,0.0,0.08163265306122448,46,7,1,0,46,2|17|23|3,core_weighted,49
chain,50,0.01,0.02,0.0,0.2,0.1,3.0,0.3,0.118,26,68,0.0,0.08163265306122448,45,7,1,0,45,1|17|23|4,core_weighted,49
chain,50,0.01,0.02,0.0,0.2,0.1,3.0,0.3,0.118,27,69,0.0,0.08163265306122448,44,7,1,0,44,1|17|23|5,network_wide,49
chain,50,0.01,0.02,0.0,0.2,0.1,3.0,0.3,0.118,28,70,0.0,0.061224489795918366,43,7,1,0,43,17|23|6,network_wide,49
chain,50,0.01,0.02,0.0,0.2,0.1,3.0,0.3,0.118,29,71,0.0,0.04081632653061224,18,7,128,0,18,16|31,network_wide,49
chain,50,0.01,0.02,0.0,0.2,0.1,3.0,0.3,0.118,30,72,0.0,0.061224489795918366,41,7,1,0,41,16|23|8,network_wide,49
chain,50,0.01,0.02,0.0,0.2,0.1,3.0,0.3,0.118,31,73,0.0,0.061224489795918366,40,7,4,0,40,15|23|9,network_wide,49
chain,50,0.01,0.02,0.0,0.2,0.1,3.0,0.3,0.118,32,74,0.0,0.061224489795918366,39,7,1,0,39,14|23|10,network_wide,49
chain,50,0.01,0.02,0.0,0.2,0.1,3.0,0.3,0.118,33,75,0.0,0.061224489795918366,38,7,1,0,38,12|23|11,network_wide,49
chain,50,0.01,0.02,0.0,0.2,0.1,3.0,0.3,0.118,34,76,0.0,0.061224489795918366,37,7,1,0,37,12|23|12,network_wide,49
chain,50,0.01,0.02,0.0,0.2,0.1,3.0,0.3,0.118,35,77,0.0,0.061224489795918366,36,7,1,0,36,11|23|13,network_wide,49
chain,50,0.01,0.02,0.0,0.2,0.1,3.0,0.3,0.118,36,78,0.0,0.061224489795918366,35,7,1,0,35,10|23|14,network_wide,49
chain,50,0.01,0.02,0.0,0.2,0.1,3.0,0.3,0.118,37,79,0.0,0.08163265306122448,49,7,1,0,49,9|23|14,network_wide,49
chain,50,0.01,0.02,0.0,0.2,0.1,3.0,0.3,0.118,38,80,0.0,0.061224489795918366,48,7,113,0,48,8|38|1,network_wide,49
chain,50,0.01,0.02,0.0,0.2,0.1,3.0,0.3,0.118,39,81,0.0,0.08163265306122448,47,7,1,0,47,7|23|14|2,network_wide,49
chain,50,0.01,0.02,0.0,0.2,0.1,3.0,0.3,0.118,40,82,0.0,0.061224489795918366,46,7,113,0,46,5|38|3,core_weighted,49
chain,50,0.01,0.02,0.0,0.2,0.1,3.0,0.3,0.118,41,83,0.0,0.08163265306122448,45,7,1,0,45,5|23|14|4,network_wide,49
chain,50,0.01,0.02,0.0,0.2,0.1,3.0,0.3,0.118,42,84,0.0,0.08163265306122448,44,7,4,0,44,3|23|14|5,core_weighted,49
chain,50,0.01,0.02,0.0,0.2,0.1,3.0,0.3,0.118,43,85,0.0,0.08163265306122448,43,7,1,0,43,2|23|14|6,core_weighted,49
chain,50,0.01,0.02,0.0,0.2,0.1,3.0,0.3,0.118,44,86,0.0,0.08163265306122448,42,7,4,0,42,2|23|14|7,network_wide,49
chain,50,0.01,0.02,0.0,0.2,0.1,3.0,0.3,0.118,45,87,0.0,0.08163265306122448,41,7,1,0,41,1|23|14|8,network_wide,49
chain,50,0.01,0.02,0.0,0.2,0.1,3.0,0.3,0.118,46,88,0.0,0.04081632653061224,40,4,113,0,40,38|9,core_weighted,49
chain,50,0.01,0.02,0.0,0.2,0.1,3.0,0.3,0.118,47,89,0.0,0.04081632653061224,39,4,3,0,39,23|14|10,network_wide,49
chain,50,0.01,0.02,0.0,0.2,0.1,3.0,0.3,0.118,48,90,0.0,0.061224489795918366,49,7,1,0,49,23|14|10,network_wide,49
chain,50,0.01,0.02,0.0,0.2,0.1,3.0,0.3,0.118,49,91,0.0,0.061224489795918366,48,7,1,0,48,22|14|10|1,network_wide,49
chain,50,0.01,0.02,0.0,0.2,0.1,3.0,0.3,0.12,0,42,0.0,0.061224489795918366,47,7,128,0,47,27|17|2,network_wide,49
chain,50,0.01,0.02,0.0,0.2,0.1,3.0,0.3,0.12,1,43,0.0,0.061224489795918366,46,7,128,0,46,26|17|3,network_wide,49
chain,50,0.01,0.02,0.0,0.2,0.1,3.0,0.3,0.12,2,44,0.0,0.061224489795918366,45,7,128,0,45,26|17|4,network_wide,49
chain,50,0.01,0.02,0.0,0.2,0.1,3.0,0.3,0.12,3,45,0.0,0.061224489795918366,44,7,128,0,44,25|17|5,network_wide,49
chain,50,0.01,0.02,0.0,0.2,0.1,3.0,0.3,0.12,4,46,0.0,0.061224489795918366,43,7,128,0,43,24|17|6,network_wide,49
chain,50,0.01,0.02,0.0,0.2,0.1,3.0,0.3,0.12,5,47,0.0,0.061224489795918366,42,7,128,0,42,22|17|7,network_wide,49
chain,50,0.01,0.02,0.0,0.2,0.1,3.0,0.3,0.12,6,48,0.0,0.061224489795918366,41,7,128,0,41,22|17|8,network_wide,49
chain,50,0.01,0.02,0.0,0.2,0.1,3.0,0.3,0.12,7,49,0.0,0.061224489795918366,40,7,128,0,40,20|17|9,network_wide,49
chain,50,0.01,0.02,0.0,0.2,0.1,3.0,0.3,0.12,8,50,0.0,0.061224489795918366,39,7,128,0,39,20|17|10,network_wide,49
chain,50,0.01,0.02,0.0,0.2,0.1,3.0,0.3,0.12,9,51,0.0,0.061224489795918366,38,7,128,0,38,19|17|11,network_wide,49
chain,50,0.01,0.02,0.0,0.2,0.1,3.0,0.3,0.12,10,52,0.0,0.061224489795918366,37,7,128,0,37,18|17|12,network_wide,49
chain,50,0.01,0.02,0.0,0.2,0.1,3.0,0.3,0.12,11,53,0.0,0.061224489795918366,36,7,128,0,36,16|17|13,network_wide,49
chain,50,0.01,0.02,0.0,0.2,0.1,3.0,0.3,0.12,12,54,0.0,0.061224489795918366,35,7,128,0,35,16|17|14,network_wide,49
chain,50,0.01,0.02,0.0,0.2,0.1,3.0,0.3,0.12,13,55,0.0,0.061224489795918366,34,7,128,0,34,14|17|15,network_wide,49
chain,50,0.01,0.02,0.0,0.2,0.1,3.0,0.3,0.12,14,56,0.0,0.061224489795918366,33,7,128,0,33,14|17|16,network_wide,49
chain,50,0.01,0.02,0.0,0.2,0.1,3.0,0.3,0.12,15,57,0.0,0.061224489795918366,32,7,128,0,32,12|17|17,network_wide,49
chain,50,0.01,0.02,0.0,0.2,0.1,3.0,0.3,0.12,16,58,0.0,0.061224489795918366,31,7,128,0,31,12|17|18,network_wide,49
chain,50,0.01,0.02,0.0,0.2,0.1,3.0,0.3,0.12,17,59,0.0,0.061224489795918366,30,7,128,0,30,10|17|19,network_wide,49
chain,50,0.01,0.02,0.0,0.2,0.1,3.0,0.3,0.12,18,60,0.0,0.061224489795918366,29,7,128,0,29,10|17|20,network_wide,49
chain,50,0.01,0.02,0.0,0.2,0.1,3.0,0.3,0.12,19,61,0.0,0.061224489795918366,28,7,128,0,28,9|17|21,network_wide,49
chain,50,0.01,0.02,0.0,0.2,0.1,3.0,0.3,0.12,20,62,0.0,0.061224489795918366,27,7,128,0,27,8|17|22,network_wide,49
chain,50,0.01,0.02,0.0,0.2,0.1,3.0,0.3,0.12,21,63,0.0,0.061224489795918366,26,7,128,0,26,7|17|23,network_wide,49
chain,50,0.01,0.02,0.0,0.2,0.1,3.0,0.3,0.12,22,64,0.0,0.08163265306122448,49,7,1,0,49,6|17|23,network_wide,49
chain,50,0.01,0.02,0.0,0.2,0.1,3.0,0.3,0.12,23,65,0.0,0.061224489795918366,24,7,128,0,24,5|17|25,network_wide,49
chain,50,0.01,0.02,0.0,0.2,0.1,3.0,0.3,0.12,24,66,0.0,0.061224489795918366,23,7,128,0,23,4|17|26,network_wide,49
chain,50,0.01,0.02,0.0,0.2,0.1,3.0,0.3,0.12,25,67,0.0,0.08163265306122448,46,7,1,0,46,2|17|23|3,core_weighted,49
chain,50,0.01,0.02,0.0,0.2,0.1,3.0,0.3,0.12,26,68,0.0,0.08163265306122448,45,7,1,0,45,1|17|23|4,core_weighted,49
chain,50,0.01,0.02,0.0,0.2,0.1,3.0,0.3,0.12,27,69,0.0,0.08163265306122448,44,7,1,0,44,1|17|23|5,network_wide,49
chain,50,0.01,0.02,0.0,0.2,0.1,3.0,0.3,0.12,28,70,0.0,0.061224489795918366,43,7,1,0,43,17|23|6,network_wide,49
chain,50,0.01,0.02,0.0,0.2,0.1,3.0,0.3,0.12,29,71,0.0,0.04081632653061224,18,7,128,0,18,16|31,network_wide,49
chain,50,0.01,0.02,0.0,0.2,0.1,3.0,0.3,0.12,30,72,0.0,0.061224489795918366,41,7,1,0,41,16|23|8,network_wide,49
chain,50,0.01,0.02,0.0,0.2,0.1,3.0,0.3,0.12,31,73,0.0,0.061224489795918366,40,7,4,0,40,15|23|9,network_wide,49
chain,50,0.01,0.02,0.0,0.2,0.1,3.0,0.3,0.12,32,74,0.0,0.061224489795918366,39,7,1,0,39,14|23|10,network_wide,49
chain,50,0.01,0.02,0.0,0.2,0.1,3.0,0.3,0.12,33,75,0.0,0.061224489795918366,38,7,1,0,38,12|23|11,network_wide,49
chain,50,0.01,0.02,0.0,0.2,0.1,3.0,0.3,0.12,34,76,0.0,0.061224489795918366,37,7,1,0,37,12|23|12,network_wide,49
chain,50,0.01,0.02,0.0,0.2,0.1,3.0,0.3,0.12,35,77,0.0,0.061224489795918366,36,7,1,0,36,11|23|13,network_wide,49
chain,50,0.01,0.02,0.0,0.2,0.1,3.0,0.3,0.12,36,78,0.0,0.061224489795918366,35,7,1,0,35,10|23|14,network_wide,49
chain,50,0.01,0.02,0.0,0.2,0.1,3.0,0.3,0.12,37,79,0.0,0.08163265306122448,49,7,1,0,49,9|23|14,network_wide,49
chain,50,0.01,0.02,0.0,0.2,0.1,3.0,0.3,0.12,38,80,0.0,0.061224489795918366,48,7,113,0,48,8|38|1,network_wide,49
chain,50,0.01,0.02,0.0,0.2,0.1,3.0,0.3,0.12,39,81,0.0,0.08163265306122448,47,7,1,0,47,7|23|14|2,network_wide,49
chain,50,0.01,0.02,0.0,0.2,0.1,3.0,0.3,0.12,40,82,0.0,0.061224489795918366,46,7,113,0,46,5|38|3,core_weighted,49
chain,50,0.01,0.02,0.0,0.2,0.1,3.0,0.3,0.12,41,83,0.0,0.08163265306122448,45,7,1,0,45,5|23|14|4,network_wide,49
chain,50,0.01,0.02,0.0,0.2,0.1,3.0,0.3,0.12,42,84,0.0,0.061224489795918366,44,7,113,0,44,3|38|5,core_weighted,49
chain,50,0.01,0.02,0.0,0.2,0.1,3.0,0.3,0.12,43,85,0.0,0.08163265306122448,43,7,1,0,43,2|23|14|6,core_weighted,49
chain,50,0.01,0.02,0.0,0.2,0.1,3.0,0.3,0.12,44,86,0.0,0.061224489795918366,42,7,113,0,42,2|38|7,core_weighted,49
chain,50,0.01,0.02,0.0,0.2,0.1,3.0,0.3,0.12,45,87,0.0,0.08163265306122448,41,7,1,0,41,1|23|14|8,network_wide,49
chain,50,0.01,0.02,0.0,0.2,0.1,3.0,0.3,0.12,46,88,0.0,0.04081632653061224,40,4,113,0,40,38|9,core_weighted,49
chain,50,0.01,0.02,0.0,0.2,0.1,3.0,0.3,0.12,47,89,0.0,0.04081632653061224,39,4,3,0,39,23|14|10,network_wide,49
chain,50,0.01,0.02,0.0,0.2,0.1,3.0,0.3,0.12,48,90,0.0,0.061224489795918366,49,7,1,0,49,23|14|10,network_wide,49
chain,50,0.01,0.02,0.0,0.2,0.1,3.0,0.3,0.12,49,91,0.0,0.061224489795918366,48,7,1,0,48,22|14|10|1,network_wide,49
chain,50,0.01,0.03,0.0,0.2,0.1,3.0,0.3,0.09,0,42,0.0,0.14285714285714285,46,8,5,0,46,3|4|5|12|4|1|10|3,network_wide,49
chain,50,0.01,0.03,0.0,0.2,0.1,3.0,0.3,0.09,1,43,0.0,0.14285714285714285,45,8,6,0,45,2|4|5|12|4|1|10|4,network_wide,49
chain,50,0.01,0.03,0.0,0.2,0.1,3.0,0.3,0.09,2,44,0.0,0.14285714285714285,44,8,5,0,44,2|4|5|12|4|1|10|5,network_wide,49
chain,50,0.01,0.03,0.0,0.2,0.1,3.0,0.3,0.09,3,45,0.0,0.14285714285714285,43,8,4,0,43,1|4|5|12|4|1|10|6,network_wide,49
chain,50,0.01,0.03,0.0,0.2,0.1,3.0,0.3,0.09,4,46,0.0,0.14285714285714285,49,8,5,0,49,4|5|12|4|1|10|6,network_wide,49
chain,50,0.01,0.03,0.0,0.2,0.1,3.0,0.3,0.09,5,47,0.0,0.14285714285714285,48,8,6,0,48,3|5|12|4|1|10|6|1,network_wide,49
chain,50,0.01,0.03,0.0,0.2,0.1,3.0,0.3,0.09,6,48,0.0,0.14285714285714285,47,8,5,0,47,3|5|12|4|1|10|6|2,network_wide,49
chain,50,0.01,0.03,0.0,0.2,0.1,3.0,0.3,0.09,7,49,0.0,0.14285714285714285,46,8,5,0,46,1|5|12|4|1|10|6|3,network_wide,49
chain,50,0.01,0.03,0.0,0.2,0.1,3.0,0.3,0.09,8,50,0.0,0.14285714285714285,45,8,5,0,45,1|5|12|4|1|10|6|4,network_wide,49
chain,50,0.01,0.03,0.0,0.2,0.1,3.0,0.3,0.09,9,51,0.0,0.10204081632653061,44,8,102,0,44,18|4|1|10|6|5,network_wide,49
chain,50,0.01,0.03,0.0,0.2,0.1,3.0,0.3,0.09,10,52,0.0,0.10204081632653061,43,8,102,0,43,17|4|1|10|6|6,network_wide,49
chain,50,0.01,0.03,0.0,0.2,0.1,3.0,0.3,0.09,11,53,0.0,0.12244897959183673,42,8,6,0,42,3|12|4|1|10|6|7,network_wide,49
chain,50,0.01,0.03,0.0,0.2,0.1,3.0,0.3,0.09,12,54,0.0,0.10204081632653061,41,8,102,0,41,16|4|1|10|6|8,network_wide,49
chain,50,0.01,0.03,0.0,0.2,0.1,3.0,0.3,0.09,13,55,0.0,0.10204081632653061,40,8,102,0,40,14|4|1|10|6|9,network_wide,49
chain,50,0.01,0.03,0.0,0.2,0.1,3.0,0.3,0.09,14,56,0.0,0.12244897959183673,39,8,6,0,39,1|12|4|1|10|6|10,network_wide,49
chain,50,0.01,0.03,0.0,0.2,0.1,3.0,0.3,0.09,15,57,0.0,0.10204081632653061,38,8,102,0,38,12|4|1|10|6|11,network_wide,49
chain,50,0.01,0.03,0.0,0.2,0.1,3.0,0.3,0.09,16,58,0.0,0.10204081632653061,37,8,102,0,37,12|4|1|10|6|12,network_wide,49
chain,50,0.01,0.03,0.0,0.2,0.1,3.0,0.3,0.09,17,59,0.0,0.10204081632653061,36,8,102,0,36,10|4|1|10|6|13,network_wide,49
chain,50,0.01,0.03,0.0,0.2,0.1,3.0,0.3,0.09,18,60,0.0,0.10204081632653061,35,8,102,0,35,10|4|1|10|6|14,network_wide,49
chain,50,0.01,0.03,0.0,0.2,0.1,3.0,0.3,0.09,19,61,0.0,0.10204081632653061,34,8,102,0,34,9|4|1|10|6|15,network_wide,49
chain,50,0.01,0.03,0.0,0.2,0.1,3.0,0.3,0.09,20,62,0.0,0.10204081632653061,33,8,102,0,33,8|4|1|10|6|16,network_wide,49
chain,50,0.01,0.03,0.0,0.2,0.1,3.0,0.3,0.09,21,63,0.0,0.10204081632653061,32,8,102,0,32,7|4|1|10|6|17,network_wide,49
chain,50,0.01,0.03,0.0,0.2,0.1,3.0,0.3,0.09,22,64,0.0,0.12244897959183673,49,8,1,0,49,6|4|1|10|6|17,network_wide,49
chain,50,0.01,0.03,0.0,0.2,0.1,3.0,0.3,0.09,23,65,0.0,0.12244897959183673,48,8,4,0,48,5|4|1|10|6|17|1,network_wide,49
chain,50,0.01,0.03,0.0,0.2,0.1,3.0,0.3,0.09,24,66,0.0,0.12244897959183673,47,8,4,0,47,4|4|1|10|6|17|2,network_wide,49
chain,50,0.01,0.03,0.0,0.2,0.1,3.0,0.3,0.09,25,67,0.0,0.12244897959183673,46,8,1,0,46,2|4|1|10|6|17|3,core_weighted,49
chain,50,0.01,0.03,0.0,0.2,0.1,3.0,0.3,0.09,26,68,0.0,0.12244897959183673,45,8,1,0,45,1|4|1|10|6|17|4,core_weighted,49
chain,50,0.01,0.03,0.0,0.2,0.1,3.0,0.3,0.09,27,69,0.0,0.12244897959183673,44,8,1,0,44,1|4|1|10|6|17|5,core_weighted,49
chain,50,0.01,0.03,0.0,0.2,0.1,3.0,0.3,0.09,28,70,0.0,0.10204081632653061,43,8,1,0,43,4|1|10|6|17|6,core_weighted,49
chain,50,0.01,0.03,0.0,0.2,0.1,3.0,0.3,0.09,29,71,0.0,0.10204081632653061,42,8,4,0,42,3|1|10|6|17|7,core_weighted,49
chain,50,0.01,0.03,0.0,0.2,0.1,3.0,0.3,0.09,30,72,0.0,0.10204081632653061,41,8,1,0,41,2|1|10|6|17|8,core_weighted,49
chain,50,0.01,0.03,0.0,0.2,0.1,3.0,0.3,0.09,31,73,0.0,0.10204081632653061,40,8,3,0,40,2|1|10|6|17|9,network_wide,49
chain,50,0.01,0.03,0.0,0.2,0.1,3.0,0.3,0.09,32,74,0.0,0.10204081632653061,39,8,1,0,39,1|10|6|17|10,core_weighted,49
chain,50,0.01,0.03,0.0,0.2,0.1,3.0,0.3,0.09,33,75,0.0,0.08163265306122448,38,8,1,0,38,1|10|6|17|11,core_weighted,49
chain,50,0.01,0.03,0.0,0.2,0.1,3.0,0.3,0.09,34,76,0.0,0.08163265306122448,37,8,1,0,37,1|10|6|17|12,network_wide,49
chain,50,0.01,0.03,0.0,0.2,0.1,3.0,0.3,0.09,35,77,0.0,0.061224489795918366,36,8,1,0,36,10|6|17|13,network_wide,49
chain,50,0.01,0.03,0.0,0.2,0.1,3.0,0.3,0.09,36,78,0.0,0.061224489795918366,35,8,1,0,35,9|6|17|14,network_wide,49
chain,50,0.01,0.03,0.0,0.2,0.1,3.0,0.3,0.09,37,79,0.0,0.08163265306122448,49,8,1,0,49,9|6|17|14,network_wide,49
chain,50,0.01,0.03,0.0,0.2,0.1,3.0,0.3,0.09,38,80,0.0,0.061224489795918366,48,8,113,0,48,8|6|32|1,network_wide,49
chain,50,0.01,0.03,0.0,0.2,0.1,3.0,0.3,0.09,39,81,0.0,0.08163265306122448,47,8,1,0,47,7|6|17|14|2,network_wide,49
chain,50,0.01,0.03,0.0,0.2,0.1,3.0,0.3,0.09,40,82,0.0,0.08163265306122448,46,8,4,0,46,5|6|17|14|3,network_wide,49
chain,50,0.01,0.03,0.0,0.2,0.1,3.0,0.3,0.09,41,83,0.0,0.08163265306122448,45,8,1,0,45,5|6|17|14|4,network_wide,49
chain,50,0.01,0.03,0.0,0.2,0.1,3.0,0.3,0.09,42,84,0.0,0.08163265306122448,44,8,4,0,44,3|6|17|14|5,core_weighted,49
chain,50,0.01,0.03,0.0,0.2,0.1,3.0,0.3,0.09,43,85,0.0,0.08163265306122448,43,8,1,0,43,2|6|17|14|6,core_weighted,49
chain,50,0.01,0.03,0.0,0.2,0.1,3.0,0.3,0.09,44,86,0.0,0.08163265306122448,42,8,4,0,42,2|6|17|14|7,network_wide,49
chain,50,0.01,0.03,0.0,0.2,0.1,3.0,0.3,0.09,45,87,0.0,0.08163265306122448,41,8,1,0,41,1|6|17|14|8,network_wide,49
chain,50,0.01,0.03,0.0,0.2,0.1,3.0,0.3,0.09,46,88,0.0,0.04081632653061224,40,5,113,0,40,6|32|9,core_weighted,49
chain,50,0.01,0.03,0.0,0.2,0.1,3.0,0.3,0.09,47,89,0.0,0.061224489795918366,39,5,3,0,39,5|17|14|10,network_wide,49
chain,50,0.01,0.03,0.0,0.2,0.1,3.0,0.3,0.09,48,90,0.0,0.08163265306122448,49,8,1,0,49,4|17|14|10,network_wide,49
chain,50,0.01,0.03,0.0,0.2,0.1,3.0,0.3,0.09,49,91,0.0,0.08163265306122448,48,8,1,0,48,4|17|14|10|1,network_wide,49
chain,50,0.01,0.03,0.0,0.2,0.1,3.0,0.3,0.092,0,42,0.0,0.14285714285714285,46,8,5,0,46,3|4|5|12|4|1|10|3,network_wide,49
chain,50,0.01,0.03,0.0,0.2,0.1,3.0,0.3,0.092,1,43,0.0,0.14285714285714285,45,8,45,0,45,2|4|15|2|4|1|10|4,network_wide,49
chain,50,0.01,0.03,0.0,0.2,0.1,3.0,0.3,0.092,2,44,0.0,0.16326530612244897,44,8,5,0,44,2|4|5|9|2|4|1|10|5,network_wide,49
chain,50,0.01,0.03,0.0,0.2,0.1,3.0,0.3,0.092,3,45,0.0,0.16326530612244897,43,8,5,0,43,1|4|5|9|2|4|1|10|6,network_wide,49
chain,50,0.01,0.03,0.0,0.2,0.1,3.0,0.3,0.092,4,46,0.0,0.16326530612244897,49,8,5,0,49,4|5|9|2|4|1|10|6,network_wide,49
chain,50,0.01,0.03,0.0,0.2,0.1,3.0,0.3,0.092,5,47,0.0,0.16326530612244897,48,8,6,0,48,3|5|9|2|4|1|10|6|1,network_wide,49
chain,50,0.01,0.03,0.0,0.2,0.1,3.0,0.3,0.092,6,48,0.0,0.16326530612244897,47,8,5,0,47,3|5|9|2|4|1|10|6|2,network_wide,49
chain,50,0.01,0.03,0.0,0.2,0.1,3.0,0.3,0.092,7,49,0.0,0.14285714285714285,46,8,5,0,46,1|5|12|4|1|10|6|3,network_wide,49
chain,50,0.01,0.03,0.0,0.2,0.1,3.0,0.3,0.092,8,50,0.0,0.16326530612244897,45,8,5,0,45,1|5|9|2|4|1|10|6|4,network_wide,49
chain,50,0.01,0.03,0.0,0.2,0.1,3.0,0.3,0.092,9,51,0.0,0.12244897959183673,44,8,47,0,44,15|2|4|1|10|6|5,network_wide,49
chain,50,0.01,0.03,0.0,0.2,0.1,3.0,0.3,0.092,10,52,0.0,0.12244897959183673,43,8,47,0,43,14|2|4|1|10|6|6,network_wide,49
chain,50,0.01,0.03,0.0,0.2,0.1,3.0,0.3,0.092,11,53,0.0,0.14285714285714285,42,8,6,0,42,3|9|2|4|1|10|6|7,network_wide,49
chain,50,0.01,0.03,0.0,0.2,0.1,3.0,0.3,0.092,12,54,0.0,0.12244897959183673,41,8,47,0,41,13|2|4|1|10|6|8,network_wide,49
chain,50,0.01,0.03,0.0,0.2,0.1,3.0,0.3,0.092,13,55,0.0,0.12244897959183673,40,8,47,0,40,11|2|4|1|10|6|9,network_wide,49
chain,50,0.01,0.03,0.0,0.2,0.1,3.0,0.3,0.092,14,56,0.0,0.14285714285714285,39,8,6,0,39,1|9|2|4|1|10|6|10,network_wide,49
chain,50,0.01,0.03,0.0,0.2,0.1,3.0,0.3,0.092,15,57,0.0,0.12244897959183673,38,8,47,0,38,9|2|4|1|10|6|11,network_wide,49
chain,50,0.01,0.03,0.0,0.2,0.1,3.0,0.3,0.092,16,58,0.0,0.12244897959183673,37,8,47,0,37,9|2|4|1|10|6|12,network_wide,49
chain,50,0.01,0.03,0.0,0.2,0.1,3.0,0.3,0.092,17,59,0.0,0.12244897959183673,36,8,47,0,36,7|2|4|1|10|6|13,network_wide,49
chain,50,0.01,0.03,0.0,0.2,0.1,3.0,0.3,0.092,18,60,0.0,0.12244897959183673,35,8,47,0,35,7|2|4|1|10|6|14,network_wide,49
chain,50,0.01,0.03,0.0,0.2,0.1,3.0,0.3,0.092,19,61,0.0,0.12244897959183673,34,8,47,0,34,6|2|4|1|10|6|15,network_wide,49
chain,50,0.01,0.03,0.0,0.2,0.1,3.0,0.3,0.092,20,62,0.0,0.12244897959183673,33,8,47,0,33,5|2|4|1|10|6|16,network_wide,49
chain,50,0.01,0.03,0.0,0.2,0.1,3.0,0.3,0.092,21,63,0.0,0.12244897959183673,32,8,47,0,32,4|2|4|1|10|6|17,network_wide,49
chain,50,0.01,0.03,0.0,0.2,0.1,3.0,0.3,0.092,22,64,0.0,0.14285714285714285,49,8,1,0,49,3|2|4|1|10|6|17,core_weighted,49
chain,50,0.01,0.03,0.0,0.2,0.1,3.0,0.3,0.092,23,65,0.0,0.14285714285714285,48,8,4,0,48,2|2|4|1|10|6|17|1,core_weighted,49
chain,50,0.01,0.03,0.0,0.2,0.1,3.0,0.3,0.092,24,66,0.0,0.14285714285714285,47,8,4,0,47,1|2|4|1|10|6|17|2,core_weighted,49
chain,50,0.01,0.03,0.0,0.2,0.1,3.0,0.3,0.092,25,67,0.0,0.12244897959183673,46,8,1,0,46,2|4|1|10|6|17|3,core_weighted,49
chain,50,0.01,0.03,0.0,0.2,0.1,3.0,0.3,0.092,26,68,0.0,0.12244897959183673,45,8,1,0,45,1|4|1|10|6|17|4,core_weighted,49
chain,50,0.01,0.03,0.0,0.2,0.1,3.0,0.3,0.092,27,69,0.0,0.12244897959183673,44,8,1,0,44,1|4|1|10|6|17|5,core_weighted,49
chain,50,0.01,0.03,0.0,0.2,0.1,3.0,0.3,0.092,28,70,0.0,0.10204081632653061,43,8,1,0,43,4|1|10|6|17|6,core_weighted,49
chain,50,0.01,0.03,0.0,0.2,0.1,3.0,0.3,0.092,29,71,0.0,0.10204081632653061,42,8,4,0,42,3|1|10|6|17|7,core_weighted,49
chain,50,0.01,0.03,0.0,0.2,0.1,3.0,0.3,0.092,30,72,0.0,0.10204081632653061,41,8,1,0,41,2|1|10|6|17|8,core_weighted,49
chain,50,0.01,0.03,0.0,0.2,0.1,3.0,0.3,0.092,31,73,0.0,0.10204081632653061,40,8,3,0,40,2|1|10|6|17|9,network_wide,49
chain,50,0.01,0.03,0.0,0.2,0.1,3.0,0.3,0.092,32,74,0.0,0.10204081632653061,39,8,1,0,39,1|10|6|17|10,core_weighted,49
chain,50,0.01,0.03,0.0,0.2,0.1,3.0,0.3,0.092,33,75,0.0,0.08163265306122448,38,8,1,0,38,1|10|6|17|11,core_weighted,49
chain,50,0.01,0.03,0.0,0.2,0.1,3.0,0.3,0.092,34,76,0.0,0.08163265306122448,37,8,1,0,37,1|10|6|17|12,network_wide,49
chain,50,0.01,0.03,0.0,0.2,0.1,3.0,0.3,0.092,35,77,0.0,0.061224489795918366,36,8,1,0,36,10|6|17|13,network_wide,49
chain,50,0.01,0.03,0.0,0.2,0.1,3.0,0.3,0.092,36,78,0.0,0.061224489795918366,35,8,1,0,35,9|6|17|14,network_wide,49
chain,50,0.01,0.03,0.0,0.2,0.1,3.0,0.3,0.092,37,79,0.0,0.08163265306122448,49,8,1,0,49,9|6|17|14,network_wide,49
chain,50,0.01,0.03,0.0,0.2,0.1,3.0,0.3,0.092,38,80,0.0,0.061224489795918366,48,8,113,0,48,8|6|32|1,network_wide,49
chain,50,0.01,0.03,0.0,0.2,0.1,3.0,0.3,0.092,39,81,0.0,0.08163265306122448,47,8,1,0,47,7|6|17|14|2,network_wide,49
chain,50,0.01,0.03,0.0,0.2,0.1,3.0,0.3,0.092,40,82,0.0,0.08163265306122448,46,8,4,0,46,5|6|17|14|3,network_wide,49
chain,50,0.01,0.03,0.0,0.2,0.1,3.0,0.3,0.092,41,83,0.0,0.08163265306122448,45,8,1,0,45,5|6|17|14|4,network_wide,49
chain,50,0.01,0.03,0.0,0.2,0.1,3.0,0.3,0.092,42,84,0.0,0.08163265306122448,44,8,4,0,44,3|6|17|14|5,core_weighted,49
chain,50,0.01,0.03,0.0,0.2,0.1,3.0,0.3,0.092,43,85,0.0,0.08163265306122448,43,8,1,0,43,2|6|17|14|6,core_weighted,49
chain,50,0.01,0.03,0.0,0.2,0.1,3.0,0.3,0.092,44,86,0.0,0.08163265306122448,42,8,4,0,42,2|6|17|14|7,network_wide,49
chain,50,0.01,0.03,0.0,0.2,0.1,3.0,0.3,0.092,45,87,0.0,0.08163265306122448,41,8,1,0,41,1|6|17|14|8,network_wide,49
chain,50,0.01,0.03,0.0,0.2,0.1,3.0,0.3,0.092,46,88,0.0,0.04081632653061224,40,5,113,0,40,6|32|9,core_weighted,49
chain,50,0.01,0.03,0.0,0.2,0.1,3.0,0.3,0.092,47,89,0.0,0.061224489795918366,39,5,3,0,39,5|17|14|10,network_wide,49
chain,50,0.01,0.03,0.0,0.2,0.1,3.0,0.3,0.092,48,90,0.0,0.08163265306122448,49,8,1,0,49,4|17|14|10,network_wide,49
chain,50,0.01,0.03,0.0,0.2,0.1,3.0,0.3,0.092,49,91,0.0,0.08163265306122448,48,8,1,0,48,4|17|14|10|1,network_wide,49
chain,50,0.01,0.03,0.0,0.2,0.1,3.0,0.3,0.094,0,42,0.0,0.12244897959183673,46,8,5,0,46,3|10|12|4|1|10|3,network_wide,49
chain,50,0.01,0.03,0.0,0.2,0.1,3.0,0.3,0.094,1,43,0.0,0.10204081632653061,45,8,45,0,45,2|23|4|1|10|4,network_wide,49
chain,50,0.01,0.03,0.0,0.2,0.1,3.0,0.3,0.094,2,44,0.0,0.12244897959183673,44,8,5,0,44,2|10|12|4|1|10|5,network_wide,49
chain,50,0.01,0.03,0.0,0.2,0.1,3.0,0.3,0.094,3,45,0.0,0.12244897959183673,43,8,5,0,43,1|10|12|4|1|10|6,network_wide,49
chain,50,0.01,0.03,0.0,0.2,0.1,3.0,0.3,0.094,4,46,0.0,0.12244897959183673,49,8,5,0,49,10|12|4|1|10|6,network_wide,49
chain,50,0.01,0.03,0.0,0.2,0.1,3.0,0.3,0.094,5,47,0.0,0.10204081632653061,48,8,102,0,48,22|4|1|10|6|1,network_wide,49
chain,50,0.01,0.03,0.0,0.2,0.1,3.0,0.3,0.094,6,48,0.0,0.12244897959183673,47,8,5,0,47,9|12|4|1|10|6|2,network_wide,49
chain,50,0.01,0.03,0.0,0.2,0.1,3.0,0.3,0.094,7,49,0.0,0.12244897959183673,46,8,6,0,46,7|12|4|1|10|6|3,network_wide,49
chain,50,0.01,0.03,0.0,0.2,0.1,3.0,0.3,0.094,8,50,0.0,0.12244897959183673,45,8,6,0,45,7|12|4|1|10|6|4,network_wide,49
chain,50,0.01,0.03,0.0,0.2,0.1,3.0,0.3,0.094,9,51,0.0,0.10204081632653061,44,8,102,0,44,18|4|1|10|6|5,network_wide,49
chain,50,0.01,0.03,0.0,0.2,0.1,3.0,0.3,0.094,10,52,0.0,0.10204081632653061,43,8,102,0,43,17|4|1|10|6|6,network_wide,49
chain,50,0.01,0.03,0.0,0.2,0.1,3.0,0.3,0.094,11,53,0.0,0.12244897959183673,42,8,6,0,42,3|12|4|1|10|6|7,network_wide,49
chain,50,0.01,0.03,0.0,0.2,0.1,3.0,0.3,0.094,12,54,0.0,0.10204081632653061,41,8,102,0,41,16|4|1|10|6|8,network_wide,49
chain,50,0.01,0.03,0.0,0.2,0.1,3.0,0.3,0.094,13,55,0.0,0.10204081632653061,40,8,102,0,40,14|4|1|10|6|9,network_wide,49
chain,50,0.01,0.03,0.0,0.2,0.1,3.0,0.3,0.094,14,56,0.0,0.10204081632653061,39,8,102,0,39,14|4|1|10|6|10,network_wide,49
chain,50,0.01,0.03,0.0,0.2,0.1,3.0,0.3,0.094,15,57,0.0,0.10204081632653061,38,8,102,0,38,12|4|1|10|6|11,network_wide,49
chain,50,0.01,0.03,0.0,0.2,0.1,3.0,0.3,0.094,16,58,0.0,0.10204081632653061,37,8,102,0,37,12|4|1|10|6|12,network_wide,49
chain,50,0.01,0.03,0.0,0.2,0.1,3.0,0.3,0.094,17,59,0.0,0.10204081632653061,36,8,102,0,36,10|4|1|10|6|13,network_wide,49
chain,50,0.01,0.03,0.0,0.2,0.1,3.0,0.3,0.094,18,60,0.0,0.10204081632653061,35,8,102,0,35,10|4|1|10|6|14,network_wide,49
chain,50,0.01,0.03,0.0,0.2,0.1,3.0,0.3,0.094,19,61,0.0,0.10204081632653061,34,8,102,0,34,9|4|1|10|6|15,network_wide,49
chain,50,0.01,0.03,0.0,0.2,0.1,3.0,0.3,0.094,20,62,0.0,0.10204081632653061,33,8,102,0,33,8|4|1|10|6|16,network_wide,49
chain,50,0.01,0.03,0.0,0.2,0.1,3.0,0.3,0.094,21,63,0.0,0.10204081632653061,32,8,102,0,32,7|4|1|10|6|17,network_wide,49
chain,50,0.01,0.03,0.0,0.2,0.1,3.0,0.3,0.094,22,64,0.0,0.12244897959183673,49,8,1,0,49,6|4|1|10|6|17,network_wide,49
chain,50,0.01,0.03,0.0,0.2,0.1,3.0,0.3,0.094,23,65,0.0,0.12244897959183673,48,8,4,0,48,5|4|1|10|6|17|1,network_wide,49
chain,50,0.01,0.03,0.0,0.2,0.1,3.0,0.3,0.094,24,66,0.0,0.12244897959183673,47,8,4,0,47,4|4|1|10|6|17|2,network_wide,49
chain,50,0.01,0.03,0.0,0.2,0.1,3.0,0.3,0.094,25,67,0.0,0.12244897959183673,46,8,1,0,46,2|4|1|10|6|17|3,core_weighted,49
chain,50,0.01,0.03,0.0,0.2,0.1,3.0,0.3,0.094,26,68,0.0,0.12244897959183673,45,8,1,0,45,1|4|1|10|6|17|4,core_weighted,49
chain,50,0.01,0.03,0.0,0.2,0.1,3.0,0.3,0.094,27,69,0.0,0.12244897959183673,44,8,1,0,44,1|4|1|10|6|17|5,core_weighted,49
chain,50,0.01,0.03,0.0,0.2,0.1,3.0,0.3,0.094,28,70,0.0,0.10204081632653061,43,8,1,0,43,4|1|10|6|17|6,core_weighted,49
chain,50,0.01,0.03,0.0,0.2,0.1,3.0,0.3,0.094,29,71,0.0,0.10204081632653061,42,8,4,0,42,3|1|10|6|17|7,core_weighted,49
chain,50,0.01,0.03,0.0,0.2,0.1,3.0,0.3,0.094,30,72,0.0,0.10204081632653061,41,8,1,0,41,2|1|10|6|17|8,core_weighted,49
chain,50,0.01,0.03,0.0,0.2,0.1,3.0,0.3,0.094,31,73,0.0,0.10204081632653061,40,8,3,0,40,2|1|10|6|17|9,network_wide,49
chain,50,0.01,0.03,0.0,0.2,0.1,3.0,0.3,0.094,32,74,0.0,0.10204081632653061,39,8,1,0,39,1|10|6|17|10,core_weighted,49
chain,50,0.01,0.03,0.0,0.2,0.1,3.0,0.3,0.094,33,75,0.0,0.08163265306122448,38,8,1,0,38,1|10|6|17|11,core_weighted,49
chain,50,0.01,0.03,0.0,0.2,0.1,3.0,0.3,0.094,34,76,0.0,0.08163265306122448,37,8,1,0,37,1|10|6|17|12,network_wide,49
chain,50,0.01,0.03,0.0,0.2,0.1,3.0,0.3,0.094,35,77,0.0,0.061224489795918366,36,8,1,0,36,10|6|17|13,network_wide,49
chain,50,0.01,0.03,0.0,0.2,0.1,3.0,0.3,0.094,36,78,0.0,0.061224489795918366,35,8,1,0,35,9|6|17|14,network_wide,49
chain,50,0.01,0.03,0.0,0.2,0.1,3.0,0.3,0.094,37,79,0.0,0.08163265306122448,49,8,1,0,49,9|6|17|14,network_wide,49
chain,50,0.01,0.03,0.0,0.2,0.1,3.0,0.3,0.094,38,80,0.0,0.061224489795918366,48,8,113,0,48,8|6|32|1,network_wide,49
chain,50,0.01,0.03,0.0,0.2,0.1,3.0,0.3,0.094,39,81,0.0,0.08163265306122448,47,8,1,0,47,7|6|17|14|2,network_wide,49
chain,50,0.01,0.03,0.0,0.2,0.1,3.0,0.3,0.094,40,82,0.0,0.08163265306122448,46,8,4,0,46,5|6|17|14|3,network_wide,49
chain,50,0.01,0.03,0.0,0.2,0.1,3.0,0.3,0.094,41,83,0.0,0.08163265306122448,45,8,1,0,45,5|6|17|14|4,network_wide,49
chain,50,0.01,0.03,0.0,0.2,0.1,3.0,0.3,0.094,42,84,0.0,0.08163265306122448,44,8,4,0,44,3|6|17|14|5,core_weighted,49
chain,50,0.01,0.03,0.0,0.2,0.1,3.0,0.3,0.094,43,85,0.0,0.08163265306122448,43,8,1,0,43,2|6|17|14|6,core_weighted,49
chain,50,0.01,0.03,0.0,0.2,0.1,3.0,0.3,0.094,44,86,0.0,0.08163265306122448,42,8,4,0,42,2|6|17|14|7,network_wide,49
chain,50,0.01,0.03,0.0,0.2,0.1,3.0,0.3,0.094,45,87,0.0,0.08163265306122448,41,8,1,0,41,1|6|17|14|8,network_wide,49
chain,50,0.01,0.03,0.0,0.2,0.1,3.0,0.3,0.094,46,88,0.0,0.04081632653061224,40,4,113,0,40,6|32|9,core_weighted,49
chain,50,0.01,0.03,0.0,0.2,0.1,3.0,0.3,0.094,47,89,0.0,0.061224489795918366,39,5,3,0,39,5|17|14|10,network_wide,49
chain,50,0.01,0.03,0.0,0.2,0.1,3.0,0.3,0.094,48,90,0.0,0.08163265306122448,49,8,1,0,49,4|17|14|10,network_wide,49
chain,50,0.01,0.03,0.0,0.2,0.1,3.0,0.3,0.094,49,91,0.0,0.08163265306122448,48,8,1,0,48,4|17|14|10|1,network_wide,49
chain,50,0.01,0.03,0.0,0.2,0.1,3.0,0.3,0.096,0,42,0.0,0.12244897959183673,47,8,5,0,47,3|10|12|6|10|2,network_wide,49
chain,50,0.01,0.03,0.0,0.2,0.1,3.0,0.3,0.096,1,43,0.0,0.10204081632653061,46,8,45,0,46,2|23|6|10|3,network_wide,49
chain,50,0.01,0.03,0.0,0.2,0.1,3.0,0.3,0.096,2,44,0.0,0.12244897959183673,45,8,5,0,45,2|10|12|6|10|4,network_wide,49
chain,50,0.01,0.03,0.0,0.2,0.1,3.0,0.3,0.096,3,45,0.0,0.12244897959183673,44,8,5,0,44,1|10|12|6|10|5,network_wide,49
chain,50,0.01,0.03,0.0,0.2,0.1,3.0,0.3,0.096,4,46,0.0,0.12244897959183673,49,8,5,0,49,10|12|6|10|5,network_wide,49
chain,50,0.01,0.03,0.0,0.2,0.1,3.0,0.3,0.096,5,47,0.0,0.10204081632653061,48,8,102,0,48,22|6|10|5|1,network_wide,49
chain,50,0.01,0.03,0.0,0.2,0.1,3.0,0.3,0.096,6,48,0.0,0.12244897959183673,47,8,5,0,47,9|12|6|10|5|2,network_wide,49
chain,50,0.01,0.03,0.0,0.2,0.1,3.0,0.3,0.096,7,49,0.0,0.12244897959183673,46,8,6,0,46,7|12|6|10|5|3,network_wide,49
chain,50,0.01,0.03,0.0,0.2,0.1,3.0,0.3,0.096,8,50,0.0,0.12244897959183673,45,8,6,0,45,7|12|6|10|5|4,network_wide,49
chain,50,0.01,0.03,0.0,0.2,0.1,3.0,0.3,0.096,9,51,0.0,0.10204081632653061,44,8,102,0,44,19|6|10|5|5,network_wide,49
chain,50,0.01,0.03,0.0,0.2,0.1,3.0,0.3,0.096,10,52,0.0,0.10204081632653061,43,8,102,0,43,17|6|10|5|6,network_wide,49
chain,50,0.01,0.03,0.0,0.2,0.1,3.0,0.3,0.096,11,53,0.0,0.10204081632653061,42,8,102,0,42,16|6|10|5|7,network_wide,49
chain,50,0.01,0.03,0.0,0.2,0.1,3.0,0.3,0.096,12,54,0.0,0.10204081632653061,41,8,102,0,41,16|6|10|5|8,network_wide,49
chain,50,0.01,0.03,0.0,0.2,0.1,3.0,0.3,0.096,13,55,0.0,0.10204081632653061,40,8,102,0,40,14|6|10|5|9,network_wide,49
chain,50,0.01,0.03,0.0,0.2,0.1,3.0,0.3,0.096,14,56,0.0,0.10204081632653061,39,8,102,0,39,14|6|10|5|10,network_wide,49
chain,50,0.01,0.03,0.0,0.2,0.1,3.0,0.3,0.096,15,57,0.0,0.10204081632653061,38,8,102,0,38,12|6|10|5|11,network_wide,49
chain,50,0.01,0.03,0.0,0.2,0.1,3.0,0.3,0.096,16,58,0.0,0.10204081632653061,37,8,102,0,37,12|6|10|5|12,network_wide,49
chain,50,0.01,0.03,0.0,0.2,0.1,3.0,0.3,0.096,17,59,0.0,0.10204081632653061,36,8,102,0,36,10|6|10|5|13,network_wide,49
chain,50,0.01,0.03,0.0,0.2,0.1,3.0,0.3,0.096,18,60,0.0,0.10204081632653061,35,8,102,0,35,10|6|10|5|14,network_wide,49
chain,50,0.01,0.03,0.0,0.2,0.1,3.0,0.3,0.096,19,61,0.0,0.10204081632653061,34,8,102,0,34,9|6|10|5|15,network_wide,49
chain,50,0.01,0.03,0.0,0.2,0.1,3.0,0.3,0.096,20,62,0.0,0.10204081632653061,33,8,102,0,33,8|6|10|5|16,network_wide,49
chain,50,0.01,0.03,0.0,0.2,0.1,3.0,0.3,0.096,21,63,0.0,0.10204081632653061,32,8,102,0,32,7|6|10|5|17,network_wide,49
chain,50,0.01,0.03,0.0,0.2,0.1,3.0,0.3,0.096,22,64,0.0,0.12244897959183673,49,8,1,0,49,6|6|10|5|17,network_wide,49
chain,50,0.01,0.03,0.0,0.2,0.1,3.0,0.3,0.096,23,65,0.0,0.12244897959183673,48,8,4,0,48,5|6|10|5|17|1,network_wide,49
chain,50,0.01,0.03,0.0,0.2,0.1,3.0,0.3,0.096,24,66,0.0,0.12244897959183673,47,8,4,0,47,4|6|10|5|17|2,network_wide,49
chain,50,0.01,0.03,0.0,0.2,0.1,3.0,0.3,0.096,25,67,0.0,0.12244897959183673,46,8,1,0,46,2|6|10|5|17|3,network_wide,49
chain,50,0.01,0.03,0.0,0.2,0.1,3.0,0.3,0.096,26,68,0.0,0.12244897959183673,45,8,1,0,45,1|6|10|5|17|4,core_weighted,49
chain,50,0.01,0.03,0.0,0.2,0.1,3.0,0.3,0.096,27,69,0.0,0.12244897959183673,44,8,1,0,44,1|6|10|5|17|5,network_wide,49
chain,50,0.01,0.03,0.0,0.2,0.1,3.0,0.3,0.096,28,70,0.0,0.10204081632653061,43,8,1,0,43,6|10|5|17|6,network_wide,49
chain,50,0.01,0.03,0.0,0.2,0.1,3.0,0.3,0.096,29,71,0.0,0.10204081632653061,42,8,4,0,42,5|10|5|17|7,network_wide,49
chain,50,0.01,0.03,0.0,0.2,0.1,3.0,0.3,0.096,30,72,0.0,0.10204081632653061,41,8,1,0,41,4|10|5|17|8,network_wide,49
chain,50,0.01,0.03,0.0,0.2,0.1,3.0,0.3,0.096,31,73,0.0,0.10204081632653061,40,8,3,0,40,4|10|5|17|9,network_wide,49
chain,50,0.01,0.03,0.0,0.2,0.1,3.0,0.3,0.096,32,74,0.0,0.10204081632653061,39,8,1,0,39,2|10|5|17|10,core_weighted,49
chain,50,0.01,0.03,0.0,0.2,0.1,3.0,0.3,0.096,33,75,0.0,0.10204081632653061,38,8,1,0,38,1|10|5|17|11,core_weighted,49
chain,50,0.01,0.03,0.0,0.2,0.1,3.0,0.3,0.096,34,76,0.0,0.10204081632653061,37,8,1,0,37,1|10|5|17|12,network_wide,49
chain,50,0.01,0.03,0.0,0.2,0.1,3.0,0.3,0.096,35,77,0.0,0.08163265306122448,36,8,1,0,36,10|5|17|13,network_wide,49
chain,50,0.01,0.03,0.0,0.2,0.1,3.0,0.3,0.096,36,78,0.0,0.08163265306122448,35,8,1,0,35,9|5|17|14,network_wide,49
chain,50,0.01,0.03,0.0,0.2,0.1,3.0,0.3,0.096,37,79,0.0,0.10204081632653061,49,8,1,0,49,9|5|17|14,network_wide,49
chain,50,0.01,0.03,0.0,0.2,0.1,3.0,0.3,0.096,38,80,0.0,0.08163265306122448,48,8,113,0,48,8|5|32|1,network_wide,49
chain,50,0.01,0.03,0.0,0.2,0.1,3.0,0.3,0.096,39,81,0.0,0.10204081632653061,47,8,1,0,47,7|5|17|14|2,network_wide,49
chain,50,0.01,0.03,0.0,0.2,0.1,3.0,0.3,0.096,40,82,0.0,0.10204081632653061,46,8,4,0,46,5|5|17|14|3,core_weighted,49
chain,50,0.01,0.03,0.0,0.2,0.1,3.0,0.3,0.096,41,83,0.0,0.10204081632653061,45,8,1,0,45,5|5|17|14|4,network_wide,49
chain,50,0.01,0.03,0.0,0.2,0.1,3.0,0.3,0.096,42,84,0.0,0.10204081632653061,44,8,4,0,44,3|5|17|14|5,core_weighted,49
chain,50,0.01,0.03,0.0,0.2,0.1,3.0,0.3,0.096,43,85,0.0,0.10204081632653061,43,8,1,0,43,2|5|17|14|6,core_weighted,49
chain,50,0.01,0.03,0.0,0.2,0.1,3.0,0.3,0.096,44,86,0.0,0.10204081632653061,42,8,4,0,42,2|5|17|14|7,core_weighted,49
chain,50,0.01,0.03,0.0,0.2,0.1,3.0,0.3,0.096,45,87,0.0,0.10204081632653061,41,8,1,0,41,1|5|17|14|8,core_weighted,49
chain,50,0.01,0.03,0.0,0.2,0.1,3.0,0.3,0.096,46,88,0.0,0.061224489795918366,40,4,113,0,40,5|32|9,core_weighted,49
chain,50,0.01,0.03,0.0,0.2,0.1,3.0,0.3,0.096,47,89,0.0,0.061224489795918366,39,5,3,0,39,5|17|14|10,network_wide,49
chain,50,0.01,0.03,0.0,0.2,0.1,3.0,0.3,0.096,48,90,0.0,0.08163265306122448,49,7,1,0,49,4|17|14|10,network_wide,49
chain,50,0.01,0.03,0.0,0.2,0.1,3.0,0.3,0.096,49,91,0.0,0.08163265306122448,48,7,1,0,48,4|17|14|10|1,network_wide,49
chain,50,0.01,0.03,0.0,0.2,0.1,3.0,0.3,0.098,0,42,0.0,0.12244897959183673,47,8,5,0,47,3|10|12|6|10|2,network_wide,49
chain,50,0.01,0.03,0.0,0.2,0.1,3.0,0.3,0.098,1,43,0.0,0.10204081632653061,46,8,45,0,46,2|23|6|10|3,network_wide,49
chain,50,0.01,0.03,0.0,0.2,0.1,3.0,0.3,0.098,2,44,0.0,0.12244897959183673,45,8,5,0,45,2|10|12|6|10|4,network_wide,49
chain,50,0.01,0.03,0.0,0.2,0.1,3.0,0.3,0.098,3,45,0.0,0.12244897959183673,44,8,5,0,44,1|10|12|6|10|5,network_wide,49
chain,50,0.01,0.03,0.0,0.2,0.1,3.0,0.3,0.098,4,46,0.0,0.12244897959183673,49,8,5,0,49,10|12|6|10|5,network_wide,49
chain,50,0.01,0.03,0.0,0.2,0.1,3.0,0.3,0.098,5,47,0.0,0.10204081632653061,48,8,102,0,48,22|6|10|5|1,network_wide,49
chain,50,0.01,0.03,0.0,0.2,0.1,3.0,0.3,0.098,6,48,0.0,0.12244897959183673,47,8,5,0,47,9|12|6|10|5|2,network_wide,49
chain,50,0.01,0.03,0.0,0.2,0.1,3.0,0.3,0.098,7,49,0.0,0.10204081632653061,46,8,102,0,46,20|6|10|5|3,network_wide,49
chain,50,0.01,0.03,0.0,0.2,0.1,3.0,0.3,0.098,8,50,0.0,0.12244897959183673,45,8,6,0,45,7|12|6|10|5|4,network_wide,49
chain,50,0.01,0.03,0.0,0.2,0.1,3.0,0.3,0.098,9,51,0.0,0.10204081632653061,44,8,102,0,44,19|6|10|5|5,network_wide,49
chain,50,0.01,0.03,0.0,0.2,0.1,3.0,0.3,0.098,10,52,0.0,0.10204081632653061,43,8,102,0,43,17|6|10|5|6,network_wide,49
chain,50,0.01,0.03,0.0,0.2,0.1,3.0,0.3,0.098,11,53,0.0,0.10204081632653061,42,8,102,0,42,16|6|10|5|7,network_wide,49
chain,50,0.01,0.03,0.0,0.2,0.1,3.0,0.3,0.098,12,54,0.0,0.10204081632653061,41,8,102,0,41,16|6|10|5|8,network_wide,49
chain,50,0.01,0.03,0.0,0.2,0.1,3.0,0.3,0.098,13,55,0.0,0.10204081632653061,40,8,102,0,40,14|6|10|5|9,network_wide,49
chain,50,0.01,0.03,0.0,0.2,0.1,3.0,0.3,0.098,14,56,0.0,0.10204081632653061,39,8,102,0,39,14|6|10|5|10,network_wide,49
chain,50,0.01,0.03,0.0,0.2,0.1,3.0,0.3,0.098,15,57,0.0,0.10204081632653061,38,8,102,0,38,12|6|10|5|11,network_wide,49
chain,50,0.01,0.03,0.0,0.2,0.1,3.0,0.3,0.098,16,58,0.0,0.10204081632653061,37,8,102,0,37,12|6|10|5|12,network_wide,49
chain,50,0.01,0.03,0.0,0.2,0.1,3.0,0.3,0.098,17,59,0.0,0.10204081632653061,36,8,102,0,36,10|6|10|5|13,network_wide,49
chain,50,0.01,0.03,0.0,0.2,0.1,3.0,0.3,0.098,18,60,0.0,0.10204081632653061,35,8,102,0,35,10|6|10|5|14,network_wide,49
chain,50,0.01,0.03,0.0,0.2,0.1,3.0,0.3,0.098,19,61,0.0,0.10204081632653061,34,8,102,0,34,9|6|10|5|15,network_wide,49
chain,50,0.01,0.03,0.0,0.2,0.1,3.0,0.3,0.098,20,62,0.0,0.10204081632653061,33,8,102,0,33,8|6|10|5|16,network_wide,49
chain,50,0.01,0.03,0.0,0.2,0.1,3.0,0.3,0.098,21,63,0.0,0.10204081632653061,32,8,102,0,32,7|6|10|5|17,network_wide,49
chain,50,0.01,0.03,0.0,0.2,0.1,3.0,0.3,0.098,22,64,0.0,0.12244897959183673,49,8,1,0,49,6|6|10|5|17,network_wide,49
chain,50,0.01,0.03,0.0,0.2,0.1,3.0,0.3,0.098,23,65,0.0,0.12244897959183673,48,8,4,0,48,5|6|10|5|17|1,network_wide,49
chain,50,0.01,0.03,0.0,0.2,0.1,3.0,0.3,0.098,24,66,0.0,0.12244897959183673,47,8,4,0,47,4|6|10|5|17|2,network_wide,49
chain,50,0.01,0.03,0.0,0.2,0.1,3.0,0.3,0.098,25,67,0.0,0.12244897959183673,46,8,1,0,46,2|6|10|5|17|3,network_wide,49
chain,50,0.01,0.03,0.0,0.2,0.1,3.0,0.3,0.098,26,68,0.0,0.12244897959183673,45,8,1,0,45,1|6|10|5|17|4,core_weighted,49
chain,50,0.01,0.03,0.0,0.2,0.1,3.0,0.3,0.098,27,69,0.0,0.12244897959183673,44,8,1,0,44,1|6|10|5|17|5,network_wide,49
chain,50,0.01,0.03,0.0,0.2,0.1,3.0,0.3,0.098,28,70,0.0,0.10204081632653061,43,8,1,0,43,6|10|5|17|6,network_wide,49
chain,50,0.01,0.03,0.0,0.2,0.1,3.0,0.3,0.098,29,71,0.0,0.10204081632653061,42,8,4,0,42,5|10|5|17|7,network_wide,49
chain,50,0.01,0.03,0.0,0.2,0.1,3.0,0.3,0.098,30,72,0.0,0.10204081632653061,41,8,1,0,41,4|10|5|17|8,network_wide,49
chain,50,0.01,0.03,0.0,0.2,0.1,3.0,0.3,0.098,31,73,0.0,0.10204081632653061,40,8,3,0,40,4|10|5|17|9,network_wide,49
chain,50,0.01,0.03,0.0,0.2,0.1,3.0,0.3,0.098,32,74,0.0,0.10204081632653061,39,8,1,0,39,2|10|5|17|10,core_weighted,49
chain,50,0.01,0.03,0.0,0.2,0.1,3.0,0.3,0.098,33,75,0.0,0.10204081632653061,38,8,1,0,38,1|10|5|17|11,core_weighted,49
chain,50,0.01,0.03,0.0,0.2,0.1,3.0,0.3,0.098,34,76,0.0,0.10204081632653061,37,8,1,0,37,1|10|5|17|12,network_wide,49
chain,50,0.01,0.03,0.0,0.2,0.1,3.0,0.3,0.098,35,77,0.0,0.08163265306122448,36,8,1,0,36,10|5|17|13,network_wide,49
chain,50,0.01,0.03,0.0,0.2,0.1,3.0,0.3,0.098,36,78,0.0,0.08163265306122448,35,8,1,0,35,9|5|17|14,network_wide,49
chain,50,0.01,0.03,0.0,0.2,0.1,3.0,0.3,0.098,37,79,0.0,0.10204081632653061,49,8,1,0,49,9|5|17|14,network_wide,49
chain,50,0.01,0.03,0.0,0.2,0.1,3.0,0.3,0.098,38,80,0.0,0.08163265306122448,48,8,113,0,48,8|5|32|1,network_wide,49
chain,50,0.01,0.03,0.0,0.2,0.1,3.0,0.3,0.098,39,81,0.0,0.10204081632653061,47,8,1,0,47,7|5|17|14|2,network_wide,49
chain,50,0.01,0.03,0.0,0.2,0.1,3.0,0.3,0.098,40,82,0.0,0.10204081632653061,46,8,4,0,46,5|5|17|14|3,core_weighted,49
chain,50,0.01,0.03,0.0,0.2,0.1,3.0,0.3,0.098,41,83,0.0,0.10204081632653061,45,8,1,0,45,5|5|17|14|4,network_wide,49
chain,50,0.01,0.03,0.0,0.2,0.1,3.0,0.3,0.098,42,84,0.0,0.10204081632653061,44,8,4,0,44,3|5|17|14|5,core_weighted,49
chain,50,0.01,0.03,0.0,0.2,0.1,3.0,0.3,0.098,43,85,0.0,0.10204081632653061,43,8,1,0,43,2|5|17|14|6,core_weighted,49
chain,50,0.01,0.03,0.0,0.2,0.1,3.0,0.3,0.098,44,86,0.0,0.10204081632653061,42,8,4,0,42,2|5|17|14|7,core_weighted,49
chain,50,0.01,0.03,0.0,0.2,0.1,3.0,0.3,0.098,45,87,0.0,0.10204081632653061,41,8,1,0,41,1|5|17|14|8,core_weighted,49
chain,50,0.01,0.03,0.0,0.2,0.1,3.0,0.3,0.098,46,88,0.0,0.061224489795918366,40,4,113,0,40,5|32|9,core_weighted,49
chain,50,0.01,0.03,0.0,0.2,0.1,3.0,0.3,0.098,47,89,0.0,0.061224489795918366,39,5,3,0,39,5|17|14|10,network_wide,49
chain,50,0.01,0.03,0.0,0.2,0.1,3.0,0.3,0.098,48,90,0.0,0.08163265306122448,49,7,1,0,49,4|17|14|10,network_wide,49
chain,50,0.01,0.03,0.0,0.2,0.1,3.0,0.3,0.098,49,91,0.0,0.08163265306122448,48,7,1,0,48,4|17|14|10|1,network_wide,49
chain,50,0.01,0.03,0.0,0.2,0.1,3.0,0.3,0.1,0,42,0.0,0.12244897959183673,47,8,5,0,47,3|10|12|6|10|2,network_wide,49
chain,50,0.01,0.03,0.0,0.2,0.1,3.0,0.3,0.1,1,43,0.0,0.10204081632653061,46,8,45,0,46,2|23|6|10|3,network_wide,49
chain,50,0.01,0.03,0.0,0.2,0.1,3.0,0.3,0.1,2,44,0.0,0.12244897959183673,45,8,5,0,45,2|10|12|6|10|4,network_wide,49
chain,50,0.01,0.03,0.0,0.2,0.1,3.0,0.3,0.1,3,45,0.0,0.12244897959183673,44,8,5,0,44,1|10|12|6|10|5,network_wide,49
chain,50,0.01,0.03,0.0,0.2,0.1,3.0,0.3,0.1,4,46,0.0,0.12244897959183673,49,8,5,0,49,10|12|6|10|5,network_wide,49
chain,50,0.01,0.03,0.0,0.2,0.1,3.0,0.3,0.1,5,47,0.0,0.10204081632653061,48,8,102,0,48,22|6|10|5|1,network_wide,49
chain,50,0.01,0.03,0.0,0.2,0.1,3.0,0.3,0.1,6,48,0.0,0.12244897959183673,47,8,5,0,47,9|12|6|10|5|2,network_wide,49
chain,50,0.01,0.03,0.0,0.2,0.1,3.0,0.3,0.1,7,49,0.0,0.10204081632653061,46,8,102,0,46,20|6|10|5|3,network_wide,49
chain,50,0.01,0.03,0.0,0.2,0.1,3.0,0.3,0.1,8,50,0.0,0.10204081632653061,45,8,102,0,45,20|6|10|5|4,network_wide,49
chain,50,0.01,0.03,0.0,0.2,0.1,3.0,0.3,0.1,9,51,0.0,0.10204081632653061,44,8,102,0,44,19|6|10|5|5,network_wide,49
chain,50,0.01,0.03,0.0,0.2,0.1,3.0,0.3,0.1,10,52,0.0,0.10204081632653061,43,8,102,0,43,17|6|10|5|6,network_wide,49
chain,50,0.01,0.03,0.0,0.2,0.1,3.0,0.3,0.1,11,53,0.0,0.10204081632653061,42,8,102,0,42,16|6|10|5|7,network_wide,49
chain,50,0.01,0.03,0.0,0.2,0.1,3.0,0.3,0.1,12,54,0.0,0.10204081632653061,41,8,102,0,41,16|6|10|5|8,network_wide,49
chain,50,0.01,0.03,0.0,0.2,0.1,3.0,0.3,0.1,13,55,0.0,0.10204081632653061,40,8,102,0,40,14|6|10|5|9,network_wide,49
chain,50,0.01,0.03,0.0,0.2,0.1,3.0,0.3,0.1,14,56,0.0,0.10204081632653061,39,8,102,0,39,14|6|10|5|10,network_wide,49
chain,50,0.01,0.03,0.0,0.2,0.1,3.0,0.3,0.1,15,57,0.0,0.10204081632653061,38,8,102,0,38,12|6|10|5|11,network_wide,49
chain,50,0.01,0.03,0.0,0.2,0.1,3.0,0.3,0.1,16,58,0.0,0.10204081632653061,37,8,102,0,37,12|6|10|5|12,network_wide,49
chain,50,0.01,0.03,0.0,0.2,0.1,3.0,0.3,0.1,17,59,0.0,0.10204081632653061,36,8,102,0,36,10|6|10|5|13,network_wide,49
chain,50,0.01,0.03,0.0,0.2,0.1,3.0,0.3,0.1,18,60,0.0,0.10204081632653061,35,8,102,0,35,10|6|10|5|14,network_wide,49
chain,50,0.01,0.03,0.0,0.2,0.1,3.0,0.3,0.1,19,61,0.0,0.10204081632653061,34,8,102,0,34,9|6|10|5|15,network_wide,49
chain,50,0.01,0.03,0.0,0.2,0.1,3.0,0.3,0.1,20,62,0.0,0.10204081632653061,33,8,102,0,33,8|6|10|5|16,network_wide,49
chain,50,0.01,0.03,0.0,0.2,0.1,3.0,0.3,0.1,21,63,0.0,0.10204081632653061,32,8,102,0,32,7|6|10|5|17,network_wide,49
chain,50,0.01,0.03,0.0,0.2,0.1,3.0,0.3,0.1,22,64,0.0,0.12244897959183673,49,8,1,0,49,6|6|10|5|17,network_wide,49
chain,50,0.01,0.03,0.0,0.2,0.1,3.0,0.3,0.1,23,65,0.0,0.12244897959183673,48,8,4,0,48,5|6|10|5|17|1,network_wide,49
chain,50,0.01,0.03,0.0,0.2,0.1,3.0,0.3,0.1,24,66,0.0,0.12244897959183673,47,8,4,0,47,4|6|10|5|17|2,network_wide,49
chain,50,0.01,0.03,0.0,0.2,0.1,3.0,0.3,0.1,25,67,0.0,0.12244897959183673,46,8,1,0,46,2|6|10|5|17|3,network_wide,49
chain,50,0.01,0.03,0.0,0.2,0.1,3.0,0.3,0.1,26,68,0.0,0.12244897959183673,45,8,1,0,45,1|6|10|5|17|4,core_weighted,49
chain,50,0.01,0.03,0.0,0.2,0.1,3.0,0.3,0.1,27,69,0.0,0.12244897959183673,44,8,1,0,44,1|6|10|5|17|5,network_wide,49
chain,50,0.01,0.03,0.0,0.2,0.1,3.0,0.3,0.1,28,70,0.0,0.10204081632653061,43,8,1,0,43,6|10|5|17|6,network_wide,49
chain,50,0.01,0.03,0.0,0.2,0.1,3.0,0.3,0.1,29,71,0.0,0.10204081632653061,42,8,4,0,42,5|10|5|17|7,network_wide,49
chain,50,0.01,0.03,0.0,0.2,0.1,3.0,0.3,0.1,30,72,0.0,0.10204081632653061,41,8,1,0,41,4|10|5|17|8,network_wide,49
chain,50,0.01,0.03,0.0,0.2,0.1,3.0,0.3,0.1,31,73,0.0,0.10204081632653061,40,8,3,0,40,4|10|5|17|9,network_wide,49
chain,50,0.01,0.03,0.0,0.2,0.1,3.0,0.3,0.1,32,74,0.0,0.10204081632653061,39,8,1,0,39,2|10|5|17|10,core_weighted,49
chain,50,0.01,0.03,0.0,0.2,0.1,3.0,0.3,0.1,33,75,0.0,0.10204081632653061,38,8,1,0,38,1|10|5|17|11,core_weighted,49
chain,50,0.01,0.03,0.0,0.2,0.1,3.0,0.3,0.1,34,76,0.0,0.10204081632653061,37,8,1,0,37,1|10|5|17|12,network_wide,49
chain,50,0.01,0.03,0.0,0.2,0.1,3.0,0.3,0.1,35,77,0.0,0.08163265306122448,36,8,1,0,36,10|5|17|13,network_wide,49
chain,50,0.01,0.03,0.0,0.2,0.1,3.0,0.3,0.1,36,78,0.0,0.08163265306122448,35,8,1,0,35,9|5|17|14,network_wide,49
chain,50,0.01,0.03,0.0,0.2,0.1,3.0,0.3,0.1,37,79,0.0,0.10204081632653061,49,8,1,0,49,9|5|17|14,network_wide,49
chain,50,0.01,0.03,0.0,0.2,0.1,3.0,0.3,0.1,38,80,0.0,0.08163265306122448,48,8,113,0,48,8|5|32|1,network_wide,49
chain,50,0.01,0.03,0.0,0.2,0.1,3.0,0.3,0.1,39,81,0.0,0.10204081632653061,47,8,1,0,47,7|5|17|14|2,network_wide,49
chain,50,0.01,0.03,0.0,0.2,0.1,3.0,0.3,0.1,40,82,0.0,0.10204081632653061,46,8,4,0,46,5|5|17|14|3,core_weighted,49
chain,50,0.01,0.03,0.0,0.2,0.1,3.0,0.3,0.1,41,83,0.0,0.10204081632653061,45,8,1,0,45,5|5|17|14|4,network_wide,49
chain,50,0.01,0.03,0.0,0.2,0.1,3.0,0.3,0.1,42,84,0.0,0.10204081632653061,44,8,4,0,44,3|5|17|14|5,core_weighted,49
chain,50,0.01,0.03,0.0,0.2,0.1,3.0,0.3,0.1,43,85,0.0,0.10204081632653061,43,8,1,0,43,2|5|17|14|6,core_weighted,49
chain,50,0.01,0.03,0.0,0.2,0.1,3.0,0.3,0.1,44,86,0.0,0.10204081632653061,42,8,4,0,42,2|5|17|14|7,core_weighted,49
chain,50,0.01,0.03,0.0,0.2,0.1,3.0,0.3,0.1,45,87,0.0,0.10204081632653061,41,8,1,0,41,1|5|17|14|8,core_weighted,49
chain,50,0.01,0.03,0.0,0.2,0.1,3.0,0.3,0.1,46,88,0.0,0.061224489795918366,40,4,113,0,40,5|32|9,core_weighted,49
chain,50,0.01,0.03,0.0,0.2,0.1,3.0,0.3,0.1,47,89,0.0,0.061224489795918366,39,4,3,0,39,5|17|14|10,network_wide,49
chain,50,0.01,0.03,0.0,0.2,0.1,3.0,0.3,0.1,48,90,0.0,0.08163265306122448,49,7,1,0,49,4|17|14|10,network_wide,49
chain,50,0.01,0.03,0.0,0.2,0.1,3.0,0.3,0.1,49,91,0.0,0.08163265306122448,48,7,1,0,48,4|17|14|10|1,network_wide,49
chain,50,0.01,0.03,0.0,0.2,0.1,3.0,0.3,0.102,0,42,0.0,0.12244897959183673,47,8,5,0,47,3|10|12|6|10|2,network_wide,49
chain,50,0.01,0.03,0.0,0.2,0.1,3.0,0.3,0.102,1,43,0.0,0.10204081632653061,46,8,45,0,46,2|23|6|10|3,network_wide,49
chain,50,0.01,0.03,0.0,0.2,0.1,3.0,0.3,0.102,2,44,0.0,0.12244897959183673,45,8,5,0,45,2|10|12|6|10|4,network_wide,49
chain,50,0.01,0.03,0.0,0.2,0.1,3.0,0.3,0.102,3,45,0.0,0.12244897959183673,44,8,5,0,44,1|10|12|6|10|5,network_wide,49
chain,50,0.01,0.03,0.0,0.2,0.1,3.0,0.3,0.102,4,46,0.0,0.12244897959183673,49,8,6,0,49,10|12|6|10|5,network_wide,49
chain,50,0.01,0.03,0.0,0.2,0.1,3.0,0.3,0.102,5,47,0.0,0.10204081632653061,48,8,102,0,48,22|6|10|5|1,network_wide,49
chain,50,0.01,0.03,0.0,0.2,0.1,3.0,0.3,0.102,6,48,0.0,0.12244897959183673,47,8,5,0,47,9|12|6|10|5|2,network_wide,49
chain,50,0.01,0.03,0.0,0.2,0.1,3.0,0.3,0.102,7,49,0.0,0.10204081632653061,46,8,102,0,46,20|6|10|5|3,network_wide,49
chain,50,0.01,0.03,0.0,0.2,0.1,3.0,0.3,0.102,8,50,0.0,0.10204081632653061,45,8,102,0,45,20|6|10|5|4,network_wide,49
chain,50,0.01,0.03,0.0,0.2,0.1,3.0,0.3,0.102,9,51,0.0,0.10204081632653061,44,8,102,0,44,19|6|10|5|5,network_wide,49
chain,50,0.01,0.03,0.0,0.2,0.1,3.0,0.3,0.102,10,52,0.0,0.10204081632653061,43,8,102,0,43,17|6|10|5|6,network_wide,49
chain,50,0.01,0.03,0.0,0.2,0.1,3.0,0.3,0.102,11,53,0.0,0.10204081632653061,42,8,102,0,42,16|6|10|5|7,network_wide,49
chain,50,0.01,0.03,0.0,0.2,0.1,3.0,0.3,0.102,12,54,0.0,0.10204081632653061,41,8,102,0,41,16|6|10|5|8,network_wide,49
chain,50,0.01,0.03,0.0,0.2,0.1,3.0,0.3,0.102,13,55,0.0,0.10204081632653061,40,8,102,0,40,14|6|10|5|9,network_wide,49
chain,50,0.01,0.03,0.0,0.2,0.1,3.0,0.3,0.102,14,56,0.0,0.10204081632653061,39,8,102,0,39,14|6|10|5|10,network_wide,49
chain,50,0.01,0.03,0.0,0.2,0.1,3.0,0.3,0.102,15,57,0.0,0.10204081632653061,38,8,102,0,38,12|6|10|5|11,network_wide,49
chain,50,0.01,0.03,0.0,0.2,0.1,3.0,0.3,0.102,16,58,0.0,0.10204081632653061,37,8,102,0,37,12|6|10|5|12,network_wide,49
chain,50,0.01,0.03,0.0,0.2,0.1,3.0,0.3,0.102,17,59,0.0,0.10204081632653061,36,8,102,0,36,10|6|10|5|13,network_wide,49
chain,50,0.01,0.03,0.0,0.2,0.1,3.0,0.3,0.102,18,60,0.0,0.10204081632653061,35,8,102,0,35,10|6|10|5|14,network_wide,49
chain,50,0.01,0.03,0.0,0.2,0.1,3.0,0.3,0.102,19,61,0.0,0.10204081632653061,34,8,102,0,34,9|6|10|5|15,network_wide,49
chain,50,0.01,0.03,0.0,0.2,0.1,3.0,0.3,0.102,20,62,0.0,0.10204081632653061,33,8,102,0,33,8|6|10|5|16,network_wide,49
chain,50,0.01,0.03,0.0,0.2,0.1,3.0,0.3,0.102,21,63,0.0,0.10204081632653061,32,8,102,0,32,7|6|10|5|17,network_wide,49
chain,50,0.01,0.03,0.0,0.2,0.1,3.0,0.3,0.102,22,64,0.0,0.12244897959183673,49,8,1,0,49,6|6|10|5|17,network_wide,49
chain,50,0.01,0.03,0.0,0.2,0.1,3.0,0.3,0.102,23,65,0.0,0.12244897959183673,48,8,4,0,48,5|6|10|5|17|1,network_wide,49
chain,50,0.01,0.03,0.0,0.2,0.1,3.0,0.3,0.102,24,66,0.0,0.12244897959183673,47,8,4,0,47,4|6|10|5|17|2,network_wide,49
chain,50,0.01,0.03,0.0,0.2,0.1,3.0,0.3,0.102,25,67,0.0,0.12244897959183673,46,8,1,0,46,2|6|10|5|17|3,network_wide,49
chain,50,0.01,0.03,0.0,0.2,0.1,3.0,0.3,0.102,26,68,0.0,0.12244897959183673,45,8,1,0,45,1|6|10|5|17|4,core_weighted,49
chain,50,0.01,0.03,0.0,0.2,0.1,3.0,0.3,0.102,27,69,0.0,0.12244897959183673,44,8,1,0,44,1|6|10|5|17|5,network_wide,49
chain,50,0.01,0.03,0.0,0.2,0.1,3.0,0.3,0.102,28,70,0.0,0.10204081632653061,43,8,1,0,43,6|10|5|17|6,network_wide,49
chain,50,0.01,0.03,0.0,0.2,0.1,3.0,0.3,0.102,29,71,0.0,0.10204081632653061,42,8,4,0,42,5|10|5|17|7,network_wide,49
chain,50,0.01,0.03,0.0,0.2,0.1,3.0,0.3,0.102,30,72,0.0,0.10204081632653061,41,8,1,0,41,4|10|5|17|8,network_wide,49
chain,50,0.01,0.03,0.0,0.2,0.1,3.0,0.3,0.102,31,73,0.0,0.10204081632653061,40,8,3,0,40,4|10|5|17|9,network_wide,49
chain,50,0.01,0.03,0.0,0.2,0.1,3.0,0.3,0.102,32,74,0.0,0.10204081632653061,39,8,1,0,39,2|10|5|17|10,core_weighted,49
chain,50,0.01,0.03,0.0,0.2,0.1,3.0,0.3,0.102,33,75,0.0,0.10204081632653061,38,8,1,0,38,1|10|5|17|11,core_weighted,49
chain,50,0.01,0.03,0.0,0.2,0.1,3.0,0.3,0.102,34,76,0.0,0.10204081632653061,37,8,1,0,37,1|10|5|17|12,network_wide,49
chain,50,0.01,0.03,0.0,0.2,0.1,3.0,0.3,0.102,35,77,0.0,0.08163265306122448,36,8,1,0,36,10|5|17|13,network_wide,49
chain,50,0.01,0.03,0.0,0.2,0.1,3.0,0.3,0.102,36,78,0.0,0.08163265306122448,35,8,1,0,35,9|5|17|14,network_wide,49
chain,50,0.01,0.03,0.0,0.2,0.1,3.0,0.3,0.102,37,79,0.0,0.10204081632653061,49,8,1,0,49,9|5|17|14,network_wide,49
chain,50,0.01,0.03,0.0,0.2,0.1,3.0,0.3,0.102,38,80,0.0,0.08163265306122448,48,8,113,0,48,8|5|32|1,network_wide,49
chain,50,0.01,0.03,0.0,0.2,0.1,3.0,0.3,0.102,39,81,0.0,0.10204081632653061,47,8,1,0,47,7|5|17|14|2,network_wide,49
chain,50,0.01,0.03,0.0,0.2,0.1,3.0,0.3,0.102,40,82,0.0,0.10204081632653061,46,8,4,0,46,5|5|17|14|3,core_weighted,49
chain,50,0.01,0.03,0.0,0.2,0.1,3.0,0.3,0.102,41,83,0.0,0.10204081632653061,45,8,1,0,45,5|5|17|14|4,network_wide,49
chain,50,0.01,0.03,0.0,0.2,0.1,3.0,0.3,0.102,42,84,0.0,0.10204081632653061,44,8,4,0,44,3|5|17|14|5,core_weighted,49
chain,50,0.01,0.03,0.0,0.2,0.1,3.0,0.3,0.102,43,85,0.0,0.10204081632653061,43,8,1,0,43,2|5|17|14|6,core_weighted,49
chain,50,0.01,0.03,0.0,0.2,0.1,3.0,0.3,0.102,44,86,0.0,0.10204081632653061,42,8,4,0,42,2|5|17|14|7,core_weighted,49
chain,50,0.01,0.03,0.0,0.2,0.1,3.0,0.3,0.102,45,87,0.0,0.10204081632653061,41,8,1,0,41,1|5|17|14|8,core_weighted,49
chain,50,0.01,0.03,0.0,0.2,0.1,3.0,0.3,0.102,46,88,0.0,0.061224489795918366,40,4,113,0,40,5|32|9,core_weighted,49
chain,50,0.01,0.03,0.0,0.2,0.1,3.0,0.3,0.102,47,89,0.0,0.061224489795918366,39,4,3,0,39,5|17|14|10,network_wide,49
chain,50,0.01,0.03,0.0,0.2,0.1,3.0,0.3,0.102,48,90,0.0,0.08163265306122448,49,7,1,0,49,4|17|14|10,network_wide,49
chain,50,0.01,0.03,0.0,0.2,0.1,3.0,0.3,0.102,49,91,0.0,0.08163265306122448,48,7,1,0,48,4|17|14|10|1,network_wide,49
chain,50,0.01,0.03,0.0,0.2,0.1,3.0,0.3,0.104,0,42,0.0,0.10204081632653061,47,8,5,0,47,14|12|6|10|2,network_wide,49
chain,50,0.01,0.03,0.0,0.2,0.1,3.0,0.3,0.104,1,43,0.0,0.08163265306122448,46,8,103,0,46,26|6|10|3,network_wide,49
chain,50,0.01,0.03,0.0,0.2,0.1,3.0,0.3,0.104,2,44,0.0,0.10204081632653061,45,8,5,0,45,13|12|6|10|4,network_wide,49
chain,50,0.01,0.03,0.0,0.2,0.1,3.0,0.3,0.104,3,45,0.0,0.10204081632653061,44,8,5,0,44,12|12|6|10|5,network_wide,49
chain,50,0.01,0.03,0.0,0.2,0.1,3.0,0.3,0.104,4,46,0.0,0.10204081632653061,49,8,103,0,49,24|6|10|5,network_wide,49
chain,50,0.01,0.03,0.0,0.2,0.1,3.0,0.3,0.104,5,47,0.0,0.10204081632653061,48,8,103,0,48,22|6|10|5|1,network_wide,49
chain,50,0.01,0.03,0.0,0.2,0.1,3.0,0.3,0.104,6,48,0.0,0.12244897959183673,47,8,5,0,47,9|12|6|10|5|2,network_wide,49
chain,50,0.01,0.03,0.0,0.2,0.1,3.0,0.3,0.104,7,49,0.0,0.10204081632653061,46,8,103,0,46,20|6|10|5|3,network_wide,49
chain,50,0.01,0.03,0.0,0.2,0.1,3.0,0.3,0.104,8,50,0.0,0.10204081632653061,45,8,103,0,45,20|6|10|5|4,network_wide,49
chain,50,0.01,0.03,0.0,0.2,0.1,3.0,0.3,0.104,9,51,0.0,0.10204081632653061,44,8,103,0,44,19|6|10|5|5,network_wide,49
chain,50,0.01,0.03,0.0,0.2,0.1,3.0,0.3,0.104,10,52,0.0,0.10204081632653061,43,8,103,0,43,17|6|10|5|6,network_wide,49
chain,50,0.01,0.03,0.0,0.2,0.1,3.0,0.3,0.104,11,53,0.0,0.10204081632653061,42,8,103,0,42,16|6|10|5|7,network_wide,49
chain,50,0.01,0.03,0.0,0.2,0.1,3.0,0.3,0.104,12,54,0.0,0.10204081632653061,41,8,103,0,41,16|6|10|5|8,network_wide,49
chain,50,0.01,0.03,0.0,0.2,0.1,3.0,0.3,0.104,13,55,0.0,0.10204081632653061,40,8,103,0,40,14|6|10|5|9,network_wide,49
chain,50,0.01,0.03,0.0,0.2,0.1,3.0,0.3,0.104,14,56,0.0,0.10204081632653061,39,8,103,0,39,14|6|10|5|10,network_wide,49
chain,50,0.01,0.03,0.0,0.2,0.1,3.0,0.3,0.104,15,57,0.0,0.10204081632653061,38,8,103,0,38,12|6|10|5|11,network_wide,49
chain,50,0.01,0.03,0.0,0.2,0.1,3.0,0.3,0.104,16,58,0.0,0.10204081632653061,37,8,103,0,37,12|6|10|5|12,network_wide,49
chain,50,0.01,0.03,0.0,0.2,0.1,3.0,0.3,0.104,17,59,0.0,0.10204081632653061,36,8,103,0,36,10|6|10|5|13,network_wide,49
chain,50,0.01,0.03,0.0,0.2,0.1,3.0,0.3,0.104,18,60,0.0,0.10204081632653061,35,8,103,0,35,10|6|10|5|14,network_wide,49
chain,50,0.01,0.03,0.0,0.2,0.1,3.0,0.3,0.104,19,61,0.0,0.10204081632653061,34,8,103,0,34,9|6|10|5|15,network_wide,49
chain,50,0.01,0.03,0.0,0.2,0.1,3.0,0.3,0.104,20,62,0.0,0.10204081632653061,33,8,103,0,33,8|6|10|5|16,network_wide,49
chain,50,0.01,0.03,0.0,0.2,0.1,3.0,0.3,0.104,21,63,0.0,0.10204081632653061,32,8,103,0,32,7|6|10|5|17,network_wide,49
chain,50,0.01,0.03,0.0,0.2,0.1,3.0,0.3,0.104,22,64,0.0,0.12244897959183673,49,8,1,0,49,6|6|10|5|17,network_wide,49
chain,50,0.01,0.03,0.0,0.2,0.1,3.0,0.3,0.104,23,65,0.0,0.12244897959183673,48,8,4,0,48,5|6|10|5|17|1,network_wide,49
chain,50,0.01,0.03,0.0,0.2,0.1,3.0,0.3,0.104,24,66,0.0,0.12244897959183673,47,8,4,0,47,4|6|10|5|17|2,network_wide,49
chain,50,0.01,0.03,0.0,0.2,0.1,3.0,0.3,0.104,25,67,0.0,0.12244897959183673,46,8,1,0,46,2|6|10|5|17|3,network_wide,49
chain,50,0.01,0.03,0.0,0.2,0.1,3.0,0.3,0.104,26,68,0.0,0.12244897959183673,45,8,1,0,45,1|6|10|5|17|4,core_weighted,49
chain,50,0.01,0.03,0.0,0.2,0.1,3.0,0.3,0.104,27,69,0.0,0.12244897959183673,44,8,1,0,44,1|6|10|5|17|5,network_wide,49
chain,50,0.01,0.03,0.0,0.2,0.1,3.0,0.3,0.104,28,70,0.0,0.10204081632653061,43,8,1,0,43,6|10|5|17|6,network_wide,49
chain,50,0.01,0.03,0.0,0.2,0.1,3.0,0.3,0.104,29,71,0.0,0.10204081632653061,42,8,4,0,42,5|10|5|17|7,network_wide,49
chain,50,0.01,0.03,0.0,0.2,0.1,3.0,0.3,0.104,30,72,0.0,0.10204081632653061,41,8,1,0,41,5|10|5|17|8,network_wide,49
chain,50,0.01,0.03,0.0,0.2,0.1,3.0,0.3,0.104,31,73,0.0,0.10204081632653061,40,8,4,0,40,4|10|5|17|9,network_wide,49
chain,50,0.01,0.03,0.0,0.2,0.1,3.0,0.3,0.104,32,74,0.0,0.10204081632653061,39,8,1,0,39,3|10|5|17|10,network_wide,49
chain,50,0.01,0.03,0.0,0.2,0.1,3.0,0.3,0.104,33,75,0.0,0.10204081632653061,38,8,1,0,38,1|10|5|17|11,core_weighted,49
chain,50,0.01,0.03,0.0,0.2,0.1,3.0,0.3,0.104,34,76,0.0,0.10204081632653061,37,8,1,0,37,1|10|5|17|12,network_wide,49
chain,50,0.01,0.03,0.0,0.2,0.1,3.0,0.3,0.104,35,77,0.0,0.08163265306122448,36,8,1,0,36,10|5|17|13,network_wide,49
chain,50,0.01,0.03,0.0,0.2,0.1,3.0,0.3,0.104,36,78,0.0,0.08163265306122448,35,8,1,0,35,9|5|17|14,network_wide,49
chain,50,0.01,0.03,0.0,0.2,0.1,3.0,0.3,0.104,37,79,0.0,0.10204081632653061,49,8,1,0,49,9|5|17|14,network_wide,49
chain,50,0.01,0.03,0.0,0.2,0.1,3.0,0.3,0.104,38,80,0.0,0.08163265306122448,48,8,113,0,48,8|5|32|1,network_wide,49
chain,50,0.01,0.03,0.0,0.2,0.1,3.0,0.3,0.104,39,81,0.0,0.10204081632653061,47,8,1,0,47,7|5|17|14|2,network_wide,49
chain,50,0.01,0.03,0.0,0.2,0.1,3.0,0.3,0.104,40,82,0.0,0.10204081632653061,46,8,4,0,46,5|5|17|14|3,core_weighted,49
chain,50,0.01,0.03,0.0,0.2,0.1,3.0,0.3,0.104,41,83,0.0,0.10204081632653061,45,8,1,0,45,5|5|17|14|4,network_wide,49
chain,50,0.01,0.03,0.0,0.2,0.1,3.0,0.3,0.104,42,84,0.0,0.10204081632653061,44,8,4,0,44,3|5|17|14|5,core_weighted,49
chain,50,0.01,0.03,0.0,0.2,0.1,3.0,0.3,0.104,43,85,0.0,0.10204081632653061,43,8,1,0,43,2|5|17|14|6,core_weighted,49
chain,50,0.01,0.03,0.0,0.2,0.1,3.0,0.3,0.104,44,86,0.0,0.10204081632653061,42,8,4,0,42,2|5|17|14|7,core_weighted,49
chain,50,0.01,0.03,0.0,0.2,0.1,3.0,0.3,0.104,45,87,0.0,0.10204081632653061,41,8,1,0,41,1|5|17|14|8,core_weighted,49
chain,50,0.01,0.03,0.0,0.2,0.1,3.0,0.3,0.104,46,88,0.0,0.061224489795918366,40,4,113,0,40,5|32|9,core_weighted,49
chain,50,0.01,0.03,0.0,0.2,0.1,3.0,0.3,0.104,47,89,0.0,0.061224489795918366,39,4,3,0,39,5|17|14|10,network_wide,49
chain,50,0.01,0.03,0.0,0.2,0.1,3.0,0.3,0.104,48,90,0.0,0.08163265306122448,49,7,1,0,49,5|17|14|10,network_wide,49
chain,50,0.01,0.03,0.0,0.2,0.1,3.0,0.3,0.104,49,91,0.0,0.08163265306122448,48,7,1,0,48,4|17|14|10|1,network_wide,49
chain,50,0.01,0.03,0.0,0.2,0.1,3.0,0.3,0.106,0,42,0.0,0.10204081632653061,47,8,5,0,47,14|12|6|10|2,network_wide,49
chain,50,0.01,0.03,0.0,0.2,0.1,3.0,0.3,0.106,1,43,0.0,0.08163265306122448,46,8,103,0,46,26|6|10|3,network_wide,49
chain,50,0.01,0.03,0.0,0.2,0.1,3.0,0.3,0.106,2,44,0.0,0.08163265306122448,45,8,103,0,45,26|6|10|4,network_wide,49
chain,50,0.01,0.03,0.0,0.2,0.1,3.0,0.3,0.106,3,45,0.0,0.10204081632653061,44,8,5,0,44,12|12|6|10|5,network_wide,49
chain,50,0.01,0.03,0.0,0.2,0.1,3.0,0.3,0.106,4,46,0.0,0.10204081632653061,49,8,103,0,49,24|6|10|5,network_wide,49
chain,50,0.01,0.03,0.0,0.2,0.1,3.0,0.3,0.106,5,47,0.0,0.10204081632653061,48,8,103,0,48,22|6|10|5|1,network_wide,49
chain,50,0.01,0.03,0.0,0.2,0.1,3.0,0.3,0.106,6,48,0.0,0.12244897959183673,47,8,5,0,47,9|12|6|10|5|2,network_wide,49
chain,50,0.01,0.03,0.0,0.2,0.1,3.0,0.3,0.106,7,49,0.0,0.10204081632653061,46,8,103,0,46,20|6|10|5|3,network_wide,49
chain,50,0.01,0.03,0.0,0.2,0.1,3.0,0.3,0.106,8,50,0.0,0.10204081632653061,45,8,103,0,45,20|6|10|5|4,network_wide,49
chain,50,0.01,0.03,0.0,0.2,0.1,3.0,0.3,0.106,9,51,0.0,0.10204081632653061,44,8,103,0,44,19|6|10|5|5,network_wide,49
chain,50,0.01,0.03,0.0,0.2,0.1,3.0,0.3,0.106,10,52,0.0,0.10204081632653061,43,8,103,0,43,18|6|10|5|6,network_wide,49
chain,50,0.01,0.03,0.0,0.2,0.1,3.0,0.3,0.106,11,53,0.0,0.10204081632653061,42,8,103,0,42,16|6|10|5|7,network_wide,49
chain,50,0.01,0.03,0.0,0.2,0.1,3.0,0.3,0.106,12,54,0.0,0.10204081632653061,41,8,103,0,41,16|6|10|5|8,network_wide,49
chain,50,0.01,0.03,0.0,0.2,0.1,3.0,0.3,0.106,13,55,0.0,0.10204081632653061,40,8,103,0,40,14|6|10|5|9,network_wide,49
chain,50,0.01,0.03,0.0,0.2,0.1,3.0,0.3,0.106,14,56,0.0,0.10204081632653061,39,8,103,0,39,14|6|10|5|10,network_wide,49
chain,50,0.01,0.03,0.0,0.2,0.1,3.0,0.3,0.106,15,57,0.0,0.10204081632653061,38,8,103,0,38,12|6|10|5|11,network_wide,49
chain,50,0.01,0.03,0.0,0.2,0.1,3.0,0.3,0.106,16,58,0.0,0.10204081632653061,37,8,103,0,37,12|6|10|5|12,network_wide,49
chain,50,0.01,0.03,0.0,0.2,0.1,3.0,0.3,0.106,17,59,0.0,0.10204081632653061,36,8,103,0,36,10|6|10|5|13,network_wide,49
chain,50,0.01,0.03,0.0,0.2,0.1,3.0,0.3,0.106,18,60,0.0,0.10204081632653061,35,8,103,0,35,10|6|10|5|14,network_wide,49
chain,50,0.01,0.03,0.0,0.2,0.1,3.0,0.3,0.106,19,61,0.0,0.10204081632653061,34,8,103,0,34,9|6|10|5|15,network_wide,49
chain,50,0.01,0.03,0.0,0.2,0.1,3.0,0.3,0.106,20,62,0.0,0.10204081632653061,33,8,103,0,33,8|6|10|5|16,network_wide,49
chain,50,0.01,0.03,0.0,0.2,0.1,3.0,0.3,0.106,21,63,0.0,0.10204081632653061,32,8,103,0,32,7|6|10|5|17,network_wide,49
chain,50,0.01,0.03,0.0,0.2,0.1,3.0,0.3,0.106,22,64,0.0,0.12244897959183673,49,8,1,0,49,6|6|10|5|17,network_wide,49
chain,50,0.01,0.03,0.0,0.2,0.1,3.0,0.3,0.106,23,65,0.0,0.12244897959183673,48,8,4,0,48,5|6|10|5|17|1,network_wide,49
chain,50,0.01,0.03,0.0,0.2,0.1,3.0,0.3,0.106,24,66,0.0,0.12244897959183673,47,8,4,0,47,4|6|10|5|17|2,network_wide,49
chain,50,0.01,0.03,0.0,0.2,0.1,3.0,0.3,0.106,25,67,0.0,0.12244897959183673,46,8,1,0,46,2|6|10|5|17|3,network_wide,49
chain,50,0.01,0.03,0.0,0.2,0.1,3.0,0.3,0.106,26,68,0.0,0.12244897959183673,45,8,1,0,45,1|6|10|5|17|4,core_weighted,49
chain,50,0.01,0.03,0.0,0.2,0.1,3.0,0.3,0.106,27,69,0.0,0.12244897959183673,44,8,1,0,44,1|6|10|5|17|5,network_wide,49
chain,50,0.01,0.03,0.0,0.2,0.1,3.0,0.3,0.106,28,70,0.0,0.10204081632653061,43,8,1,0,43,6|10|5|17|6,network_wide,49
chain,50,0.01,0.03,0.0,0.2,0.1,3.0,0.3,0.106,29,71,0.0,0.10204081632653061,42,8,4,0,42,5|10|5|17|7,network_wide,49
chain,50,0.01,0.03,0.0,0.2,0.1,3.0,0.3,0.106,30,72,0.0,0.10204081632653061,41,8,1,0,41,5|10|5|17|8,network_wide,49
chain,50,0.01,0.03,0.0,0.2,0.1,3.0,0.3,0.106,31,73,0.0,0.10204081632653061,40,8,4,0,40,4|10|5|17|9,network_wide,49
chain,50,0.01,0.03,0.0,0.2,0.1,3.0,0.3,0.106,32,74,0.0,0.10204081632653061,39,8,1,0,39,3|10|5|17|10,network_wide,49
chain,50,0.01,0.03,0.0,0.2,0.1,3.0,0.3,0.106,33,75,0.0,0.10204081632653061,38,8,1,0,38,1|10|5|17|11,core_weighted,49
chain,50,0.01,0.03,0.0,0.2,0.1,3.0,0.3,0.106,34,76,0.0,0.10204081632653061,37,8,1,0,37,1|10|5|17|12,network_wide,49
chain,50,0.01,0.03,0.0,0.2,0.1,3.0,0.3,0.106,35,77,0.0,0.08163265306122448,36,8,1,0,36,10|5|17|13,network_wide,49
chain,50,0.01,0.03,0.0,0.2,0.1,3.0,0.3,0.106,36,78,0.0,0.08163265306122448,35,8,1,0,35,9|5|17|14,network_wide,49
chain,50,0.01,0.03,0.0,0.2,0.1,3.0,0.3,0.106,37,79,0.0,0.10204081632653061,49,8,1,0,49,9|5|17|14,network_wide,49
chain,50,0.01,0.03,0.0,0.2,0.1,3.0,0.3,0.106,38,80,0.0,0.08163265306122448,48,8,113,0,48,8|5|32|1,network_wide,49
chain,50,0.01,0.03,0.0,0.2,0.1,3.0,0.3,0.106,39,81,0.0,0.10204081632653061,47,8,1,0,47,7|5|17|14|2,network_wide,49
chain,50,0.01,0.03,0.0,0.2,0.1,3.0,0.3,0.106,40,82,0.0,0.10204081632653061,46,8,4,0,46,5|5|17|14|3,core_weighted,49
chain,50,0.01,0.03,0.0,0.2,0.1,3.0,0.3,0.106,41,83,0.0,0.10204081632653061,45,8,1,0,45,5|5|17|14|4,network_wide,49
chain,50,0.01,0.03,0.0,0.2,0.1,3.0,0.3,0.106,42,84,0.0,0.10204081632653061,44,8,4,0,44,3|5|17|14|5,core_weighted,49
chain,50,0.01,0.03,0.0,0.2,0.1,3.0,0.3,0.106,43,85,0.0,0.10204081632653061,43,8,1,0,43,2|5|17|14|6,core_weighted,49
chain,50,0.01,0.03,0.0,0.2,0.1,3.0,0.3,0.106,44,86,0.0,0.10204081632653061,42,8,4,0,42,2|5|17|14|7,core_weighted,49
chain,50,0.01,0.03,0.0,0.2,0.1,3.0,0.3,0.106,45,87,0.0,0.10204081632653061,41,8,1,0,41,1|5|17|14|8,core_weighted,49
chain,50,0.01,0.03,0.0,0.2,0.1,3.0,0.3,0.106,46,88,0.0,0.061224489795918366,40,4,113,0,40,5|32|9,core_weighted,49
chain,50,0.01,0.03,0.0,0.2,0.1,3.0,0.3,0.106,47,89,0.0,0.061224489795918366,39,4,3,0,39,5|17|14|10,network_wide,49
chain,50,0.01,0.03,0.0,0.2,0.1,3.0,0.3,0.106,48,90,0.0,0.08163265306122448,49,7,1,0,49,5|17|14|10,network_wide,49
chain,50,0.01,0.03,0.0,0.2,0.1,3.0,0.3,0.106,49,91,0.0,0.08163265306122448,48,7,1,0,48,4|17|14|10|1,network_wide,49
chain,50,0.01,0.03,0.0,0.2,0.1,3.0,0.3,0.108,0,42,0.0,0.10204081632653061,47,8,5,0,47,14|12|6|10|2,network_wide,49
chain,50,0.01,0.03,0.0,0.2,0.1,3.0,0.3,0.108,1,43,0.0,0.08163265306122448,46,8,103,0,46,26|6|10|3,network_wide,49
chain,50,0.01,0.03,0.0,0.2,0.1,3.0,0.3,0.108,2,44,0.0,0.08163265306122448,45,8,103,0,45,26|6|10|4,network_wide,49
chain,50,0.01,0.03,0.0,0.2,0.1,3.0,0.3,0.108,3,45,0.0,0.10204081632653061,44,8,5,0,44,12|12|6|10|5,network_wide,49
chain,50,0.01,0.03,0.0,0.2,0.1,3.0,0.3,0.108,4,46,0.0,0.10204081632653061,49,8,103,0,49,24|6|10|5,network_wide,49
chain,50,0.01,0.03,0.0,0.2,0.1,3.0,0.3,0.108,5,47,0.0,0.10204081632653061,48,8,103,0,48,22|6|10|5|1,network_wide,49
chain,50,0.01,0.03,0.0,0.2,0.1,3.0,0.3,0.108,6,48,0.0,0.12244897959183673,47,8,5,0,47,9|12|6|10|5|2,network_wide,49
chain,50,0.01,0.03,0.0,0.2,0.1,3.0,0.3,0.108,7,49,0.0,0.10204081632653061,46,8,103,0,46,20|6|10|5|3,network_wide,49
chain,50,0.01,0.03,0.0,0.2,0.1,3.0,0.3,0.108,8,50,0.0,0.10204081632653061,45,8,103,0,45,20|6|10|5|4,network_wide,49
chain,50,0.01,0.03,0.0,0.2,0.1,3.0,0.3,0.108,9,51,0.0,0.10204081632653061,44,8,103,0,44,19|6|10|5|5,network_wide,49
chain,50,0.01,0.03,0.0,0.2,0.1,3.0,0.3,0.108,10,52,0.0,0.10204081632653061,43,8,103,0,43,18|6|10|5|6,network_wide,49
chain,50,0.01,0.03,0.0,0.2,0.1,3.0,0.3,0.108,11,53,0.0,0.10204081632653061,42,8,103,0,42,16|6|10|5|7,network_wide,49
chain,50,0.01,0.03,0.0,0.2,0.1,3.0,0.3,0.108,12,54,0.0,0.10204081632653061,41,8,103,0,41,16|6|10|5|8,network_wide,49
chain,50,0.01,0.03,0.0,0.2,0.1,3.0,0.3,0.108,13,55,0.0,0.10204081632653061,40,8,103,0,40,14|6|10|5|9,network_wide,49
chain,50,0.01,0.03,0.0,0.2,0.1,3.0,0.3,0.108,14,56,0.0,0.10204081632653061,39,8,103,0,39,14|6|10|5|10,network_wide,49
chain,50,0.01,0.03,0.0,0.2,0.1,3.0,0.3,0.108,15,57,0.0,0.10204081632653061,38,8,103,0,38,12|6|10|5|11,network_wide,49
chain,50,0.01,0.03,0.0,0.2,0.1,3.0,0.3,0.108,16,58,0.0,0.10204081632653061,37,8,103,0,37,12|6|10|5|12,network_wide,49
chain,50,0.01,0.03,0.0,0.2,0.1,3.0,0.3,0.108,17,59,0.0,0.10204081632653061,36,8,103,0,36,10|6|10|5|13,network_wide,49
chain,50,0.01,0.03,0.0,0.2,0.1,3.0,0.3,0.108,18,60,0.0,0.10204081632653061,35,8,103,0,35,10|6|10|5|14,network_wide,49
chain,50,0.01,0.03,0.0,0.2,0.1,3.0,0.3,0.108,19,61,0.0,0.10204081632653061,34,8,103,0,34,9|6|10|5|15,network_wide,49
chain,50,0.01,0.03,0.0,0.2,0.1,3.0,0.3,0.108,20,62,0.0,0.10204081632653061,33,8,103,0,33,8|6|10|5|16,network_wide,49
chain,50,0.01,0.03,0.0,0.2,0.1,3.0,0.3,0.108,21,63,0.0,0.10204081632653061,32,8,103,0,32,7|6|10|5|17,network_wide,49
chain,50,0.01,0.03,0.0,0.2,0.1,3.0,0.3,0.108,22,64,0.0,0.12244897959183673,49,8,1,0,49,6|6|10|5|17,network_wide,49
chain,50,0.01,0.03,0.0,0.2,0.1,3.0,0.3,0.108,23,65,0.0,0.12244897959183673,48,8,4,0,48,5|6|10|5|17|1,network_wide,49
chain,50,0.01,0.03,0.0,0.2,0.1,3.0,0.3,0.108,24,66,0.0,0.12244897959183673,47,8,4,0,47,4|6|10|5|17|2,network_wide,49
chain,50,0.01,0.03,0.0,0.2,0.1,3.0,0.3,0.108,25,67,0.0,0.12244897959183673,46,8,1,0,46,2|6|10|5|17|3,network_wide,49
chain,50,0.01,0.03,0.0,0.2,0.1,3.0,0.3,0.108,26,68,0.0,0.12244897959183673,45,8,1,0,45,1|6|10|5|17|4,core_weighted,49
chain,50,0.01,0.03,0.0,0.2,0.1,3.0,0.3,0.108,27,69,0.0,0.12244897959183673,44,8,1,0,44,1|6|10|5|17|5,network_wide,49
chain,50,0.01,0.03,0.0,0.2,0.1,3.0,0.3,0.108,28,70,0.0,0.10204081632653061,43,8,1,0,43,6|10|5|17|6,network_wide,49
chain,50,0.01,0.03,0.0,0.2,0.1,3.0,0.3,0.108,29,71,0.0,0.10204081632653061,42,8,4,0,42,5|10|5|17|7,network_wide,49
chain,50,0.01,0.03,0.0,0.2,0.1,3.0,0.3,0.108,30,72,0.0,0.10204081632653061,41,8,1,0,41,5|10|5|17|8,network_wide,49
chain,50,0.01,0.03,0.0,0.2,0.1,3.0,0.3,0.108,31,73,0.0,0.10204081632653061,40,8,4,0,40,4|10|5|17|9,network_wide,49
chain,50,0.01,0.03,0.0,0.2,0.1,3.0,0.3,0.108,32,74,0.0,0.10204081632653061,39,8,1,0,39,3|10|5|17|10,network_wide,49
chain,50,0.01,0.03,0.0,0.2,0.1,3.0,0.3,0.108,33,75,0.0,0.10204081632653061,38,8,1,0,38,1|10|5|17|11,core_weighted,49
chain,50,0.01,0.03,0.0,0.2,0.1,3.0,0.3,0.108,34,76,0.0,0.10204081632653061,37,8,1,0,37,1|10|5|17|12,network_wide,49
chain,50,0.01,0.03,0.0,0.2,0.1,3.0,0.3,0.108,35,77,0.0,0.08163265306122448,36,8,1,0,36,10|5|17|13,network_wide,49
chain,50,0.01,0.03,0.0,0.2,0.1,3.0,0.3,0.108,36,78,0.0,0.08163265306122448,35,8,1,0,35,9|5|17|14,network_wide,49
chain,50,0.01,0.03,0.0,0.2,0.1,3.0,0.3,0.108,37,79,0.0,0.10204081632653061,49,8,1,0,49,9|5|17|14,network_wide,49
chain,50,0.01,0.03,0.0,0.2,0.1,3.0,0.3,0.108,38,80,0.0,0.08163265306122448,48,8,113,0,48,8|5|32|1,network_wide,49
chain,50,0.01,0.03,0.0,0.2,0.1,3.0,0.3,0.108,39,81,0.0,0.10204081632653061,47,8,1,0,47,7|5|17|14|2,network_wide,49
chain,50,0.01,0.03,0.0,0.2,0.1,3.0,0.3,0.108,40,82,0.0,0.10204081632653061,46,8,4,0,46,5|5|17|14|3,core_weighted,49
chain,50,0.01,0.03,0.0,0.2,0.1,3.0,0.3,0.108,41,83,0.0,0.10204081632653061,45,8,1,0,45,5|5|17|14|4,network_wide,49
chain,50,0.01,0.03,0.0,0.2,0.1,3.0,0.3,0.108,42,84,0.0,0.10204081632653061,44,8,4,0,44,3|5|17|14|5,core_weighted,49
chain,50,0.01,0.03,0.0,0.2,0.1,3.0,0.3,0.108,43,85,0.0,0.10204081632653061,43,8,1,0,43,2|5|17|14|6,core_weighted,49
chain,50,0.01,0.03,0.0,0.2,0.1,3.0,0.3,0.108,44,86,0.0,0.10204081632653061,42,8,4,0,42,2|5|17|14|7,core_weighted,49
chain,50,0.01,0.03,0.0,0.2,0.1,3.0,0.3,0.108,45,87,0.0,0.10204081632653061,41,8,1,0,41,1|5|17|14|8,core_weighted,49
chain,50,0.01,0.03,0.0,0.2,0.1,3.0,0.3,0.108,46,88,0.0,0.061224489795918366,40,4,113,0,40,5|32|9,core_weighted,49
chain,50,0.01,0.03,0.0,0.2,0.1,3.0,0.3,0.108,47,89,0.0,0.061224489795918366,39,4,3,0,39,5|17|14|10,network_wide,49
chain,50,0.01,0.03,0.0,0.2,0.1,3.0,0.3,0.108,48,90,0.0,0.08163265306122448,49,7,1,0,49,5|17|14|10,network_wide,49
chain,50,0.01,0.03,0.0,0.2,0.1,3.0,0.3,0.108,49,91,0.0,0.08163265306122448,48,7,1,0,48,4|17|14|10|1,network_wide,49
chain,50,0.01,0.03,0.0,0.2,0.1,3.0,0.3,0.11,0,42,0.0,0.10204081632653061,47,8,5,0,47,14|12|6|10|2,network_wide,49
chain,50,0.01,0.03,0.0,0.2,0.1,3.0,0.3,0.11,1,43,0.0,0.08163265306122448,46,8,103,0,46,26|6|10|3,network_wide,49
chain,50,0.01,0.03,0.0,0.2,0.1,3.0,0.3,0.11,2,44,0.0,0.08163265306122448,45,8,103,0,45,26|6|10|4,network_wide,49
chain,50,0.01,0.03,0.0,0.2,0.1,3.0,0.3,0.11,3,45,0.0,0.10204081632653061,44,8,5,0,44,12|12|6|10|5,network_wide,49
chain,50,0.01,0.03,0.0,0.2,0.1,3.0,0.3,0.11,4,46,0.0,0.10204081632653061,49,8,103,0,49,24|6|10|5,network_wide,49
chain,50,0.01,0.03,0.0,0.2,0.1,3.0,0.3,0.11,5,47,0.0,0.10204081632653061,48,8,103,0,48,22|6|10|5|1,network_wide,49
chain,50,0.01,0.03,0.0,0.2,0.1,3.0,0.3,0.11,6,48,0.0,0.12244897959183673,47,8,5,0,47,9|12|6|10|5|2,network_wide,49
chain,50,0.01,0.03,0.0,0.2,0.1,3.0,0.3,0.11,7,49,0.0,0.10204081632653061,46,8,103,0,46,20|6|10|5|3,network_wide,49
chain,50,0.01,0.03,0.0,0.2,0.1,3.0,0.3,0.11,8,50,0.0,0.10204081632653061,45,8,103,0,45,20|6|10|5|4,network_wide,49
chain,50,0.01,0.03,0.0,0.2,0.1,3.0,0.3,0.11,9,51,0.0,0.10204081632653061,44,8,103,0,44,19|6|10|5|5,network_wide,49
chain,50,0.01,0.03,0.0,0.2,0.1,3.0,0.3,0.11,10,52,0.0,0.10204081632653061,43,8,103,0,43,18|6|10|5|6,network_wide,49
chain,50,0.01,0.03,0.0,0.2,0.1,3.0,0.3,0.11,11,53,0.0,0.10204081632653061,42,8,103,0,42,16|6|10|5|7,network_wide,49
chain,50,0.01,0.03,0.0,0.2,0.1,3.0,0.3,0.11,12,54,0.0,0.10204081632653061,41,8,103,0,41,16|6|10|5|8,network_wide,49
chain,50,0.01,0.03,0.0,0.2,0.1,3.0,0.3,0.11,13,55,0.0,0.10204081632653061,40,8,103,0,40,14|6|10|5|9,network_wide,49
chain,50,0.01,0.03,0.0,0.2,0.1,3.0,0.3,0.11,14,56,0.0,0.10204081632653061,39,8,103,0,39,14|6|10|5|10,network_wide,49
chain,50,0.01,0.03,0.0,0.2,0.1,3.0,0.3,0.11,15,57,0.0,0.10204081632653061,38,8,103,0,38,12|6|10|5|11,network_wide,49
chain,50,0.01,0.03,0.0,0.2,0.1,3.0,0.3,0.11,16,58,0.0,0.10204081632653061,37,8,103,0,37,12|6|10|5|12,network_wide,49
chain,50,0.01,0.03,0.0,0.2,0.1,3.0,0.3,0.11,17,59,0.0,0.10204081632653061,36,8,103,0,36,10|6|10|5|13,network_wide,49
chain,50,0.01,0.03,0.0,0.2,0.1,3.0,0.3,0.11,18,60,0.0,0.10204081632653061,35,8,103,0,35,10|6|10|5|14,network_wide,49
chain,50,0.01,0.03,0.0,0.2,0.1,3.0,0.3,0.11,19,61,0.0,0.10204081632653061,34,8,103,0,34,9|6|10|5|15,network_wide,49
chain,50,0.01,0.03,0.0,0.2,0.1,3.0,0.3,0.11,20,62,0.0,0.10204081632653061,33,8,103,0,33,8|6|10|5|16,network_wide,49
chain,50,0.01,0.03,0.0,0.2,0.1,3.0,0.3,0.11,21,63,0.0,0.10204081632653061,32,8,103,0,32,7|6|10|5|17,network_wide,49
chain,50,0.01,0.03,0.0,0.2,0.1,3.0,0.3,0.11,22,64,0.0,0.12244897959183673,49,8,1,0,49,6|6|10|5|17,network_wide,49
chain,50,0.01,0.03,0.0,0.2,0.1,3.0,0.3,0.11,23,65,0.0,0.12244897959183673,48,8,4,0,48,5|6|10|5|17|1,network_wide,49
chain,50,0.01,0.03,0.0,0.2,0.1,3.0,0.3,0.11,24,66,0.0,0.12244897959183673,47,8,4,0,47,4|6|10|5|17|2,network_wide,49
chain,50,0.01,0.03,0.0,0.2,0.1,3.0,0.3,0.11,25,67,0.0,0.12244897959183673,46,8,1,0,46,2|6|10|5|17|3,network_wide,49
chain,50,0.01,0.03,0.0,0.2,0.1,3.0,0.3,0.11,26,68,0.0,0.12244897959183673,45,8,1,0,45,1|6|10|5|17|4,core_weighted,49
chain,50,0.01,0.03,0.0,0.2,0.1,3.0,0.3,0.11,27,69,0.0,0.12244897959183673,44,8,1,0,44,1|6|10|5|17|5,network_wide,49
chain,50,0.01,0.03,0.0,0.2,0.1,3.0,0.3,0.11,28,70,0.0,0.10204081632653061,43,8,1,0,43,6|10|5|17|6,network_wide,49
chain,50,0.01,0.03,0.0,0.2,0.1,3.0,0.3,0.11,29,71,0.0,0.10204081632653061,42,8,4,0,42,5|10|5|17|7,network_wide,49
chain,50,0.01,0.03,0.0,0.2,0.1,3.0,0.3,0.11,30,72,0.0,0.10204081632653061,41,8,1,0,41,5|10|5|17|8,network_wide,49
chain,50,0.01,0.03,0.0,0.2,0.1,3.0,0.3,0.11,31,73,0.0,0.10204081632653061,40,8,4,0,40,4|10|5|17|9,network_wide,49
chain,50,0.01,0.03,0.0,0.2,0.1,3.0,0.3,0.11,32,74,0.0,0.10204081632653061,39,8,1,0,39,3|10|5|17|10,network_wide,49
chain,50,0.01,0.03,0.0,0.2,0.1,3.0,0.3,0.11,33,75,0.0,0.10204081632653061,38,8,1,0,38,1|10|5|17|11,core_weighted,49
chain,50,0.01,0.03,0.0,0.2,0.1,3.0,0.3,0.11,34,76,0.0,0.10204081632653061,37,8,1,0,37,1|10|5|17|12,network_wide,49
chain,50,0.01,0.03,0.0,0.2,0.1,3.0,0.3,0.11,35,77,0.0,0.08163265306122448,36,8,1,0,36,10|5|17|13,network_wide,49
chain,50,0.01,0.03,0.0,0.2,0.1,3.0,0.3,0.11,36,78,0.0,0.08163265306122448,35,8,1,0,35,9|5|17|14,network_wide,49
chain,50,0.01,0.03,0.0,0.2,0.1,3.0,0.3,0.11,37,79,0.0,0.10204081632653061,49,8,1,0,49,9|5|17|14,network_wide,49
chain,50,0.01,0.03,0.0,0.2,0.1,3.0,0.3,0.11,38,80,0.0,0.08163265306122448,48,8,113,0,48,8|5|32|1,network_wide,49
chain,50,0.01,0.03,0.0,0.2,0.1,3.0,0.3,0.11,39,81,0.0,0.10204081632653061,47,8,1,0,47,7|5|17|14|2,network_wide,49
chain,50,0.01,0.03,0.0,0.2,0.1,3.0,0.3,0.11,40,82,0.0,0.10204081632653061,46,8,4,0,46,5|5|17|14|3,core_weighted,49
chain,50,0.01,0.03,0.0,0.2,0.1,3.0,0.3,0.11,41,83,0.0,0.10204081632653061,45,8,1,0,45,5|5|17|14|4,network_wide,49
chain,50,0.01,0.03,0.0,0.2,0.1,3.0,0.3,0.11,42,84,0.0,0.10204081632653061,44,8,4,0,44,3|5|17|14|5,core_weighted,49
chain,50,0.01,0.03,0.0,0.2,0.1,3.0,0.3,0.11,43,85,0.0,0.10204081632653061,43,8,1,0,43,2|5|17|14|6,core_weighted,49
chain,50,0.01,0.03,0.0,0.2,0.1,3.0,0.3,0.11,44,86,0.0,0.10204081632653061,42,8,4,0,42,2|5|17|14|7,core_weighted,49
chain,50,0.01,0.03,0.0,0.2,0.1,3.0,0.3,0.11,45,87,0.0,0.10204081632653061,41,8,1,0,41,1|5|17|14|8,core_weighted,49
chain,50,0.01,0.03,0.0,0.2,0.1,3.0,0.3,0.11,46,88,0.0,0.061224489795918366,40,4,113,0,40,5|32|9,core_weighted,49
chain,50,0.01,0.03,0.0,0.2,0.1,3.0,0.3,0.11,47,89,0.0,0.061224489795918366,39,4,3,0,39,5|17|14|10,network_wide,49
chain,50,0.01,0.03,0.0,0.2,0.1,3.0,0.3,0.11,48,90,0.0,0.08163265306122448,49,7,1,0,49,5|17|14|10,network_wide,49
chain,50,0.01,0.03,0.0,0.2,0.1,3.0,0.3,0.11,49,91,0.0,0.08163265306122448,48,7,1,0,48,4|17|14|10|1,network_wide,49
chain,50,0.01,0.03,0.0,0.2,0.1,3.0,0.3,0.112,0,42,0.0,0.10204081632653061,47,8,5,0,47,14|12|6|10|2,network_wide,49
chain,50,0.01,0.03,0.0,0.2,0.1,3.0,0.3,0.112,1,43,0.0,0.08163265306122448,46,8,103,0,46,26|6|10|3,network_wide,49
chain,50,0.01,0.03,0.0,0.2,0.1,3.0,0.3,0.112,2,44,0.0,0.08163265306122448,45,8,103,0,45,26|6|10|4,network_wide,49
chain,50,0.01,0.03,0.0,0.2,0.1,3.0,0.3,0.112,3,45,0.0,0.10204081632653061,44,8,5,0,44,12|12|6|10|5,network_wide,49
chain,50,0.01,0.03,0.0,0.2,0.1,3.0,0.3,0.112,4,46,0.0,0.10204081632653061,49,8,103,0,49,24|6|10|5,network_wide,49
chain,50,0.01,0.03,0.0,0.2,0.1,3.0,0.3,0.112,5,47,0.0,0.10204081632653061,48,8,103,0,48,22|6|10|5|1,network_wide,49
chain,50,0.01,0.03,0.0,0.2,0.1,3.0,0.3,0.112,6,48,0.0,0.12244897959183673,47,8,5,0,47,9|12|6|10|5|2,network_wide,49
chain,50,0.01,0.03,0.0,0.2,0.1,3.0,0.3,0.112,7,49,0.0,0.10204081632653061,46,8,103,0,46,20|6|10|5|3,network_wide,49
chain,50,0.01,0.03,0.0,0.2,0.1,3.0,0.3,0.112,8,50,0.0,0.10204081632653061,45,8,103,0,45,20|6|10|5|4,network_wide,49
chain,50,0.01,0.03,0.0,0.2,0.1,3.0,0.3,0.112,9,51,0.0,0.10204081632653061,44,8,103,0,44,19|6|10|5|5,network_wide,49
chain,50,0.01,0.03,0.0,0.2,0.1,3.0,0.3,0.112,10,52,0.0,0.10204081632653061,43,8,103,0,43,18|6|10|5|6,network_wide,49
chain,50,0.01,0.03,0.0,0.2,0.1,3.0,0.3,0.112,11,53,0.0,0.10204081632653061,42,8,103,0,42,16|6|10|5|7,network_wide,49
chain,50,0.01,0.03,0.0,0.2,0.1,3.0,0.3,0.112,12,54,0.0,0.10204081632653061,41,8,103,0,41,16|6|10|5|8,network_wide,49
chain,50,0.01,0.03,0.0,0.2,0.1,3.0,0.3,0.112,13,55,0.0,0.10204081632653061,40,8,103,0,40,14|6|10|5|9,network_wide,49
chain,50,0.01,0.03,0.0,0.2,0.1,3.0,0.3,0.112,14,56,0.0,0.10204081632653061,39,8,103,0,39,14|6|10|5|10,network_wide,49
chain,50,0.01,0.03,0.0,0.2,0.1,3.0,0.3,0.112,15,57,0.0,0.10204081632653061,38,8,103,0,38,12|6|10|5|11,network_wide,49
chain,50,0.01,0.03,0.0,0.2,0.1,3.0,0.3,0.112,16,58,0.0,0.10204081632653061,37,8,103,0,37,12|6|10|5|12,network_wide,49
chain,50,0.01,0.03,0.0,0.2,0.1,3.0,0.3,0.112,17,59,0.0,0.10204081632653061,36,8,103,0,36,10|6|10|5|13,network_wide,49
chain,50,0.01,0.03,0.0,0.2,0.1,3.0,0.3,0.112,18,60,0.0,0.10204081632653061,35,8,103,0,35,10|6|10|5|14,network_wide,49
chain,50,0.01,0.03,0.0,0.2,0.1,3.0,0.3,0.112,19,61,0.0,0.10204081632653061,34,8,103,0,34,9|6|10|5|15,network_wide,49
chain,50,0.01,0.03,0.0,0.2,0.1,3.0,0.3,0.112,20,62,0.0,0.10204081632653061,33,8,103,0,33,8|6|10|5|16,network_wide,49
chain,50,0.01,0.03,0.0,0.2,0.1,3.0,0.3,0.112,21,63,0.0,0.10204081632653061,32,8,103,0,32,7|6|10|5|17,network_wide,49
chain,50,0.01,0.03,0.0,0.2,0.1,3.0,0.3,0.112,22,64,0.0,0.12244897959183673,49,8,1,0,49,6|6|10|5|17,network_wide,49
chain,50,0.01,0.03,0.0,0.2,0.1,3.0,0.3,0.112,23,65,0.0,0.12244897959183673,48,8,4,0,48,5|6|10|5|17|1,network_wide,49
chain,50,0.01,0.03,0.0,0.2,0.1,3.0,0.3,0.112,24,66,0.0,0.12244897959183673,47,8,4,0,47,4|6|10|5|17|2,network_wide,49
chain,50,0.01,0.03,0.0,0.2,0.1,3.0,0.3,0.112,25,67,0.0,0.12244897959183673,46,8,1,0,46,2|6|10|5|17|3,network_wide,49
chain,50,0.01,0.03,0.0,0.2,0.1,3.0,0.3,0.112,26,68,0.0,0.12244897959183673,45,8,1,0,45,1|6|10|5|17|4,core_weighted,49
chain,50,0.01,0.03,0.0,0.2,0.1,3.0,0.3,0.112,27,69,0.0,0.12244897959183673,44,8,1,0,44,1|6|10|5|17|5,network_wide,49
chain,50,0.01,0.03,0.0,0.2,0.1,3.0,0.3,0.112,28,70,0.0,0.10204081632653061,43,8,1,0,43,6|10|5|17|6,network_wide,49
chain,50,0.01,0.03,0.0,0.2,0.1,3.0,0.3,0.112,29,71,0.0,0.10204081632653061,42,8,4,0,42,5|10|5|17|7,network_wide,49
chain,50,0.01,0.03,0.0,0.2,0.1,3.0,0.3,0.112,30,72,0.0,0.10204081632653061,41,8,1,0,41,5|10|5|17|8,network_wide,49
chain,50,0.01,0.03,0.0,0.2,0.1,3.0,0.3,0.112,31,73,0.0,0.10204081632653061,40,8,4,0,40,4|10|5|17|9,network_wide,49
chain,50,0.01,0.03,0.0,0.2,0.1,3.0,0.3,0.112,32,74,0.0,0.10204081632653061,39,8,1,0,39,3|10|5|17|10,network_wide,49
chain,50,0.01,0.03,0.0,0.2,0.1,3.0,0.3,0.112,33,75,0.0,0.10204081632653061,38,8,1,0,38,1|10|5|17|11,core_weighted,49
chain,50,0.01,0.03,0.0,0.2,0.1,3.0,0.3,0.112,34,76,0.0,0.10204081632653061,37,8,1,0,37,1|10|5|17|12,network_wide,49
chain,50,0.01,0.03,0.0,0.2,0.1,3.0,0.3,0.112,35,77,0.0,0.08163265306122448,36,8,1,0,36,10|5|17|13,network_wide,49
chain,50,0.01,0.03,0.0,0.2,0.1,3.0,0.3,0.112,36,78,0.0,0.08163265306122448,35,8,1,0,35,9|5|17|14,network_wide,49
chain,50,0.01,0.03,0.0,0.2,0.1,3.0,0.3,0.112,37,79,0.0,0.10204081632653061,49,8,1,0,49,9|5|17|14,network_wide,49
chain,50,0.01,0.03,0.0,0.2,0.1,3.0,0.3,0.112,38,80,0.0,0.08163265306122448,48,8,113,0,48,8|5|32|1,network_wide,49
chain,50,0.01,0.03,0.0,0.2,0.1,3.0,0.3,0.112,39,81,0.0,0.10204081632653061,47,8,1,0,47,7|5|17|14|2,network_wide,49
chain,50,0.01,0.03,0.0,0.2,0.1,3.0,0.3,0.112,40,82,0.0,0.08163265306122448,46,8,113,0,46,5|5|32|3,core_weighted,49
chain,50,0.01,0.03,0.0,0.2,0.1,3.0,0.3,0.112,41,83,0.0,0.10204081632653061,45,8,1,0,45,5|5|17|14|4,network_wide,49
chain,50,0.01,0.03,0.0,0.2,0.1,3.0,0.3,0.112,42,84,0.0,0.10204081632653061,44,8,4,0,44,3|5|17|14|5,core_weighted,49
chain,50,0.01,0.03,0.0,0.2,0.1,3.0,0.3,0.112,43,85,0.0,0.10204081632653061,43,8,1,0,43,2|5|17|14|6,core_weighted,49
chain,50,0.01,0.03,0.0,0.2,0.1,3.0,0.3,0.112,44,86,0.0,0.10204081632653061,42,8,4,0,42,2|5|17|14|7,core_weighted,49
chain,50,0.01,0.03,0.0,0.2,0.1,3.0,0.3,0.112,45,87,0.0,0.10204081632653061,41,8,1,0,41,1|5|17|14|8,core_weighted,49
chain,50,0.01,0.03,0.0,0.2,0.1,3.0,0.3,0.112,46,88,0.0,0.061224489795918366,40,4,113,0,40,5|32|9,core_weighted,49
chain,50,0.01,0.03,0.0,0.2,0.1,3.0,0.3,0.112,47,89,0.0,0.061224489795918366,39,4,3,0,39,5|17|14|10,network_wide,49
chain,50,0.01,0.03,0.0,0.2,0.1,3.0,0.3,0.112,48,90,0.0,0.08163265306122448,49,7,1,0,49,5|17|14|10,network_wide,49
chain,50,0.01,0.03,0.0,0.2,0.1,3.0,0.3,0.112,49,91,0.0,0.08163265306122448,48,7,1,0,48,4|17|14|10|1,network_wide,49
chain,50,0.01,0.03,0.0,0.2,0.1,3.0,0.3,0.114,0,42,0.0,0.10204081632653061,47,8,5,0,47,14|12|6|10|2,network_wide,49
chain,50,0.01,0.03,0.0,0.2,0.1,3.0,0.3,0.114,1,43,0.0,0.08163265306122448,46,8,103,0,46,26|6|10|3,network_wide,49
chain,50,0.01,0.03,0.0,0.2,0.1,3.0,0.3,0.114,2,44,0.0,0.08163265306122448,45,8,103,0,45,26|6|10|4,network_wide,49
chain,50,0.01,0.03,0.0,0.2,0.1,3.0,0.3,0.114,3,45,0.0,0.10204081632653061,44,8,5,0,44,12|12|6|10|5,network_wide,49
chain,50,0.01,0.03,0.0,0.2,0.1,3.0,0.3,0.114,4,46,0.0,0.08163265306122448,43,8,103,0,43,24|6|10|6,network_wide,49
chain,50,0.01,0.03,0.0,0.2,0.1,3.0,0.3,0.114,5,47,0.0,0.08163265306122448,42,8,103,0,42,22|6|10|7,network_wide,49
chain,50,0.01,0.03,0.0,0.2,0.1,3.0,0.3,0.114,6,48,0.0,0.08163265306122448,41,8,103,0,41,22|6|10|8,network_wide,49
chain,50,0.01,0.03,0.0,0.2,0.1,3.0,0.3,0.114,7,49,0.0,0.08163265306122448,40,8,103,0,40,20|6|10|9,network_wide,49
chain,50,0.01,0.03,0.0,0.2,0.1,3.0,0.3,0.114,8,50,0.0,0.08163265306122448,39,8,103,0,39,20|6|10|10,network_wide,49
chain,50,0.01,0.03,0.0,0.2,0.1,3.0,0.3,0.114,9,51,0.0,0.08163265306122448,38,8,103,0,38,19|6|10|11,network_wide,49
chain,50,0.01,0.03,0.0,0.2,0.1,3.0,0.3,0.114,10,52,0.0,0.08163265306122448,37,8,103,0,37,18|6|10|12,network_wide,49
chain,50,0.01,0.03,0.0,0.2,0.1,3.0,0.3,0.114,11,53,0.0,0.08163265306122448,36,8,103,0,36,16|6|10|13,network_wide,49
chain,50,0.01,0.03,0.0,0.2,0.1,3.0,0.3,0.114,12,54,0.0,0.08163265306122448,35,8,103,0,35,16|6|10|14,network_wide,49
chain,50,0.01,0.03,0.0,0.2,0.1,3.0,0.3,0.114,13,55,0.0,0.08163265306122448,34,8,103,0,34,14|6|10|15,network_wide,49
chain,50,0.01,0.03,0.0,0.2,0.1,3.0,0.3,0.114,14,56,0.0,0.08163265306122448,33,8,103,0,33,14|6|10|16,network_wide,49
chain,50,0.01,0.03,0.0,0.2,0.1,3.0,0.3,0.114,15,57,0.0,0.08163265306122448,32,8,103,0,32,12|6|10|17,network_wide,49
chain,50,0.01,0.03,0.0,0.2,0.1,3.0,0.3,0.114,16,58,0.0,0.08163265306122448,31,8,103,0,31,12|6|10|18,network_wide,49
chain,50,0.01,0.03,0.0,0.2,0.1,3.0,0.3,0.114,17,59,0.0,0.08163265306122448,30,8,103,0,30,10|6|10|19,network_wide,49
chain,50,0.01,0.03,0.0,0.2,0.1,3.0,0.3,0.114,18,60,0.0,0.08163265306122448,29,8,103,0,29,10|6|10|20,network_wide,49
chain,50,0.01,0.03,0.0,0.2,0.1,3.0,0.3,0.114,19,61,0.0,0.08163265306122448,28,8,103,0,28,9|6|10|21,network_wide,49
chain,50,0.01,0.03,0.0,0.2,0.1,3.0,0.3,0.114,20,62,0.0,0.08163265306122448,27,8,103,0,27,8|6|10|22,network_wide,49
chain,50,0.01,0.03,0.0,0.2,0.1,3.0,0.3,0.114,21,63,0.0,0.08163265306122448,26,8,103,0,26,7|6|10|23,network_wide,49
chain,50,0.01,0.03,0.0,0.2,0.1,3.0,0.3,0.114,22,64,0.0,0.10204081632653061,49,8,1,0,49,6|6|10|23,network_wide,49
chain,50,0.01,0.03,0.0,0.2,0.1,3.0,0.3,0.114,23,65,0.0,0.10204081632653061,48,8,4,0,48,5|6|10|23|1,network_wide,49
chain,50,0.01,0.03,0.0,0.2,0.1,3.0,0.3,0.114,24,66,0.0,0.10204081632653061,47,8,4,0,47,4|6|10|23|2,network_wide,49
chain,50,0.01,0.03,0.0,0.2,0.1,3.0,0.3,0.114,25,67,0.0,0.10204081632653061,46,8,1,0,46,2|6|10|23|3,core_weighted,49
chain,50,0.01,0.03,0.0,0.2,0.1,3.0,0.3,0.114,26,68,0.0,0.10204081632653061,45,8,1,0,45,1|6|10|23|4,core_weighted,49
chain,50,0.01,0.03,0.0,0.2,0.1,3.0,0.3,0.114,27,69,0.0,0.10204081632653061,44,8,1,0,44,1|6|10|23|5,network_wide,49
chain,50,0.01,0.03,0.0,0.2,0.1,3.0,0.3,0.114,28,70,0.0,0.08163265306122448,43,8,1,0,43,6|10|23|6,network_wide,49
chain,50,0.01,0.03,0.0,0.2,0.1,3.0,0.3,0.114,29,71,0.0,0.08163265306122448,42,8,4,0,42,5|10|23|7,core_weighted,49
chain,50,0.01,0.03,0.0,0.2,0.1,3.0,0.3,0.114,30,72,0.0,0.08163265306122448,41,8,1,0,41,5|10|23|8,network_wide,49
chain,50,0.01,0.03,0.0,0.2,0.1,3.0,0.3,0.114,31,73,0.0,0.08163265306122448,40,8,4,0,40,4|10|23|9,network_wide,49
chain,50,0.01,0.03,0.0,0.2,0.1,3.0,0.3,0.114,32,74,0.0,0.08163265306122448,39,8,1,0,39,3|10|23|10,network_wide,49
chain,50,0.01,0.03,0.0,0.2,0.1,3.0,0.3,0.114,33,75,0.0,0.08163265306122448,38,8,1,0,38,1|10|23|11,core_weighted,49
chain,50,0.01,0.03,0.0,0.2,0.1,3.0,0.3,0.114,34,76,0.0,0.08163265306122448,37,8,1,0,37,1|10|23|12,network_wide,49
chain,50,0.01,0.03,0.0,0.2,0.1,3.0,0.3,0.114,35,77,0.0,0.061224489795918366,36,8,1,0,36,10|23|13,network_wide,49
chain,50,0.01,0.03,0.0,0.2,0.1,3.0,0.3,0.114,36,78,0.0,0.061224489795918366,35,8,1,0,35,9|23|14,core_weighted,49
chain,50,0.01,0.03,0.0,0.2,0.1,3.0,0.3,0.114,37,79,0.0,0.08163265306122448,49,8,1,0,49,9|23|14,network_wide,49
chain,50,0.01,0.03,0.0,0.2,0.1,3.0,0.3,0.114,38,80,0.0,0.061224489795918366,48,8,113,0,48,8|38|1,network_wide,49
chain,50,0.01,0.03,0.0,0.2,0.1,3.0,0.3,0.114,39,81,0.0,0.08163265306122448,47,8,1,0,47,7|23|14|2,network_wide,49
chain,50,0.01,0.03,0.0,0.2,0.1,3.0,0.3,0.114,40,82,0.0,0.061224489795918366,46,8,113,0,46,5|38|3,core_weighted,49
chain,50,0.01,0.03,0.0,0.2,0.1,3.0,0.3,0.114,41,83,0.0,0.08163265306122448,45,8,1,0,45,5|23|14|4,network_wide,49
chain,50,0.01,0.03,0.0,0.2,0.1,3.0,0.3,0.114,42,84,0.0,0.08163265306122448,44,8,4,0,44,3|23|14|5,core_weighted,49
chain,50,0.01,0.03,0.0,0.2,0.1,3.0,0.3,0.114,43,85,0.0,0.08163265306122448,43,8,1,0,43,2|23|14|6,core_weighted,49
chain,50,0.01,0.03,0.0,0.2,0.1,3.0,0.3,0.114,44,86,0.0,0.08163265306122448,42,8,4,0,42,2|23|14|7,network_wide,49
chain,50,0.01,0.03,0.0,0.2,0.1,3.0,0.3,0.114,45,87,0.0,0.08163265306122448,41,8,1,0,41,1|23|14|8,network_wide,49
chain,50,0.01,0.03,0.0,0.2,0.1,3.0,0.3,0.114,46,88,0.0,0.04081632653061224,40,4,113,0,40,38|9,core_weighted,49
chain,50,0.01,0.03,0.0,0.2,0.1,3.0,0.3,0.114,47,89,0.0,0.04081632653061224,39,4,3,0,39,23|14|10,network_wide,49
chain,50,0.01,0.03,0.0,0.2,0.1,3.0,0.3,0.114,48,90,0.0,0.061224489795918366,49,7,1,0,49,23|14|10,network_wide,49
chain,50,0.01,0.03,0.0,0.2,0.1,3.0,0.3,0.114,49,91,0.0,0.061224489795918366,48,7,1,0,48,22|14|10|1,network_wide,49
chain,50,0.01,0.03,0.0,0.2,0.1,3.0,0.3,0.116,0,42,0.0,0.061224489795918366,47,7,128,0,47,27|17|2,network_wide,49
chain,50,0.01,0.03,0.0,0.2,0.1,3.0,0.3,0.116,1,43,0.0,0.061224489795918366,46,7,128,0,46,26|17|3,network_wide,49
chain,50,0.01,0.03,0.0,0.2,0.1,3.0,0.3,0.116,2,44,0.0,0.061224489795918366,45,7,128,0,45,26|17|4,network_wide,49
chain,50,0.01,0.03,0.0,0.2,0.1,3.0,0.3,0.116,3,45,0.0,0.061224489795918366,44,7,128,0,44,25|17|5,network_wide,49
chain,50,0.01,0.03,0.0,0.2,0.1,3.0,0.3,0.116,4,46,0.0,0.061224489795918366,43,7,128,0,43,24|17|6,network_wide,49
chain,50,0.01,0.03,0.0,0.2,0.1,3.0,0.3,0.116,5,47,0.0,0.061224489795918366,42,7,128,0,42,22|17|7,network_wide,49
chain,50,0.01,0.03,0.0,0.2,0.1,3.0,0.3,0.116,6,48,0.0,0.061224489795918366,41,7,128,0,41,22|17|8,network_wide,49
chain,50,0.01,0.03,0.0,0.2,0.1,3.0,0.3,0.116,7,49,0.0,0.061224489795918366,40,7,128,0,40,20|17|9,network_wide,49
chain,50,0.01,0.03,0.0,0.2,0.1,3.0,0.3,0.116,8,50,0.0,0.061224489795918366,39,7,128,0,39,20|17|10,network_wide,49
chain,50,0.01,0.03,0.0,0.2,0.1,3.0,0.3,0.116,9,51,0.0,0.061224489795918366,38,7,128,0,38,19|17|11,network_wide,49
chain,50,0.01,0.03,0.0,0.2,0.1,3.0,0.3,0.116,10,52,0.0,0.061224489795918366,37,7,128,0,37,18|17|12,network_wide,49
chain,50,0.01,0.03,0.0,0.2,0.1,3.0,0.3,0.116,11,53,0.0,0.061224489795918366,36,7,128,0,36,16|17|13,network_wide,49
chain,50,0.01,0.03,0.0,0.2,0.1,3.0,0.3,0.116,12,54,0.0,0.061224489795918366,35,7,128,0,35,16|17|14,network_wide,49
chain,50,0.01,0.03,0.0,0.2,0.1,3.0,0.3,0.116,13,55,0.0,0.061224489795918366,34,7,128,0,34,14|17|15,network_wide,49
chain,50,0.01,0.03,0.0,0.2,0.1,3.0,0.3,0.116,14,56,0.0,0.061224489795918366,33,7,128,0,33,14|17|16,network_wide,49
chain,50,0.01,0.03,0.0,0.2,0.1,3.0,0.3,0.116,15,57,0.0,0.061224489795918366,32,7,128,0,32,12|17|17,network_wide,49
chain,50,0.01,0.03,0.0,0.2,0.1,3.0,0.3,0.116,16,58,0.0,0.061224489795918366,31,7,128,0,31,12|17|18,network_wide,49
chain,50,0.01,0.03,0.0,0.2,0.1,3.0,0.3,0.116,17,59,0.0,0.061224489795918366,30,7,128,0,30,10|17|19,network_wide,49
chain,50,0.01,0.03,0.0,0.2,0.1,3.0,0.3,0.116,18,60,0.0,0.061224489795918366,29,7,128,0,29,10|17|20,network_wide,49
chain,50,0.01,0.03,0.0,0.2,0.1,3.0,0.3,0.116,19,61,0.0,0.061224489795918366,28,7,128,0,28,9|17|21,network_wide,49
chain,50,0.01,0.03,0.0,0.2,0.1,3.0,0.3,0.116,20,62,0.0,0.061224489795918366,27,7,128,0,27,8|17|22,network_wide,49
chain,50,0.01,0.03,0.0,0.2,0.1,3.0,0.3,0.116,21,63,0.0,0.061224489795918366,26,7,128,0,26,7|17|23,network_wide,49
chain,50,0.01,0.03,0.0,0.2,0.1,3.0,0.3,0.116,22,64,0.0,0.08163265306122448,49,7,1,0,49,6|17|23,network_wide,49
chain,50,0.01,0.03,0.0,0.2,0.1,3.0,0.3,0.116,23,65,0.0,0.08163265306122448,48,7,4,0,48,5|17|23|1,network_wide,49
chain,50,0.01,0.03,0.0,0.2,0.1,3.0,0.3,0.116,24,66,0.0,0.061224489795918366,23,7,128,0,23,4|17|26,network_wide,49
chain,50,0.01,0.03,0.0,0.2,0.1,3.0,0.3,0.116,25,67,0.0,0.08163265306122448,46,7,1,0,46,2|17|23|3,core_weighted,49
chain,50,0.01,0.03,0.0,0.2,0.1,3.0,0.3,0.116,26,68,0.0,0.08163265306122448,45,7,1,0,45,1|17|23|4,core_weighted,49
chain,50,0.01,0.03,0.0,0.2,0.1,3.0,0.3,0.116,27,69,0.0,0.08163265306122448,44,7,1,0,44,1|17|23|5,network_wide,49
chain,50,0.01,0.03,0.0,0.2,0.1,3.0,0.3,0.116,28,70,0.0,0.061224489795918366,43,7,1,0,43,17|23|6,network_wide,49
chain,50,0.01,0.03,0.0,0.2,0.1,3.0,0.3,0.116,29,71,0.0,0.04081632653061224,18,7,128,0,18,16|31,network_wide,49
chain,50,0.01,0.03,0.0,0.2,0.1,3.0,0.3,0.116,30,72,0.0,0.061224489795918366,41,7,1,0,41,16|23|8,network_wide,49
chain,50,0.01,0.03,0.0,0.2,0.1,3.0,0.3,0.116,31,73,0.0,0.061224489795918366,40,7,4,0,40,15|23|9,network_wide,49
chain,50,0.01,0.03,0.0,0.2,0.1,3.0,0.3,0.116,32,74,0.0,0.061224489795918366,39,7,1,0,39,14|23|10,network_wide,49
chain,50,0.01,0.03,0.0,0.2,0.1,3.0,0.3,0.116,33,75,0.0,0.061224489795918366,38,7,1,0,38,12|23|11,network_wide,49
chain,50,0.01,0.03,0.0,0.2,0.1,3.0,0.3,0.116,34,76,0.0,0.061224489795918366,37,7,1,0,37,12|23|12,network_wide,49
chain,50,0.01,0.03,0.0,0.2,0.1,3.0,0.3,0.116,35,77,0.0,0.061224489795918366,36,7,1,0,36,11|23|13,network_wide,49
chain,50,0.01,0.03,0.0,0.2,0.1,3.0,0.3,0.116,36,78,0.0,0.061224489795918366,35,7,1,0,35,10|23|14,network_wide,49
chain,50,0.01,0.03,0.0,0.2,0.1,3.0,0.3,0.116,37,79,0.0,0.08163265306122448,49,7,1,0,49,9|23|14,network_wide,49
chain,50,0.01,0.03,0.0,0.2,0.1,3.0,0.3,0.116,38,80,0.0,0.061224489795918366,48,7,113,0,48,8|38|1,network_wide,49
chain,50,0.01,0.03,0.0,0.2,0.1,3.0,0.3,0.116,39,81,0.0,0.08163265306122448,47,7,1,0,47,7|23|14|2,network_wide,49
chain,50,0.01,0.03,0.0,0.2,0.1,3.0,0.3,0.116,40,82,0.0,0.061224489795918366,46,7,113,0,46,5|38|3,core_weighted,49
chain,50,0.01,0.03,0.0,0.2,0.1,3.0,0.3,0.116,41,83,0.0,0.08163265306122448,45,7,1,0,45,5|23|14|4,network_wide,49
chain,50,0.01,0.03,0.0,0.2,0.1,3.0,0.3,0.116,42,84,0.0,0.08163265306122448,44,7,4,0,44,3|23|14|5,core_weighted,49
chain,50,0.01,0.03,0.0,0.2,0.1,3.0,0.3,0.116,43,85,0.0,0.08163265306122448,43,7,1,0,43,2|23|14|6,core_weighted,49
chain,50,0.01,0.03,0.0,0.2,0.1,3.0,0.3,0.116,44,86,0.0,0.08163265306122448,42,7,4,0,42,2|23|14|7,network_wide,49
chain,50,0.01,0.03,0.0,0.2,0.1,3.0,0.3,0.116,45,87,0.0,0.08163265306122448,41,7,1,0,41,1|23|14|8,network_wide,49
chain,50,0.01,0.03,0.0,0.2,0.1,3.0,0.3,0.116,46,88,0.0,0.04081632653061224,40,4,113,0,40,38|9,core_weighted,49
chain,50,0.01,0.03,0.0,0.2,0.1,3.0,0.3,0.116,47,89,0.0,0.04081632653061224,39,4,3,0,39,23|14|10,network_wide,49
chain,50,0.01,0.03,0.0,0.2,0.1,3.0,0.3,0.116,48,90,0.0,0.061224489795918366,49,7,1,0,49,23|14|10,network_wide,49
chain,50,0.01,0.03,0.0,0.2,0.1,3.0,0.3,0.116,49,91,0.0,0.061224489795918366,48,7,1,0,48,22|14|10|1,network_wide,49
chain,50,0.01,0.03,0.0,0.2,0.1,3.0,0.3,0.118,0,42,0.0,0.061224489795918366,47,7,128,0,47,27|17|2,network_wide,49
chain,50,0.01,0.03,0.0,0.2,0.1,3.0,0.3,0.118,1,43,0.0,0.061224489795918366,46,7,128,0,46,26|17|3,network_wide,49
chain,50,0.01,0.03,0.0,0.2,0.1,3.0,0.3,0.118,2,44,0.0,0.061224489795918366,45,7,128,0,45,26|17|4,network_wide,49
chain,50,0.01,0.03,0.0,0.2,0.1,3.0,0.3,0.118,3,45,0.0,0.061224489795918366,44,7,128,0,44,25|17|5,network_wide,49
chain,50,0.01,0.03,0.0,0.2,0.1,3.0,0.3,0.118,4,46,0.0,0.061224489795918366,43,7,128,0,43,24|17|6,network_wide,49
chain,50,0.01,0.03,0.0,0.2,0.1,3.0,0.3,0.118,5,47,0.0,0.061224489795918366,42,7,128,0,42,22|17|7,network_wide,49
chain,50,0.01,0.03,0.0,0.2,0.1,3.0,0.3,0.118,6,48,0.0,0.061224489795918366,41,7,128,0,41,22|17|8,network_wide,49
chain,50,0.01,0.03,0.0,0.2,0.1,3.0,0.3,0.118,7,49,0.0,0.061224489795918366,40,7,128,0,40,20|17|9,network_wide,49
chain,50,0.01,0.03,0.0,0.2,0.1,3.0,0.3,0.118,8,50,0.0,0.061224489795918366,39,7,128,0,39,20|17|10,network_wide,49
chain,50,0.01,0.03,0.0,0.2,0.1,3.0,0.3,0.118,9,51,0.0,0.061224489795918366,38,7,128,0,38,19|17|11,network_wide,49
chain,50,0.01,0.03,0.0,0.2,0.1,3.0,0.3,0.118,10,52,0.0,0.061224489795918366,37,7,128,0,37,18|17|12,network_wide,49
chain,50,0.01,0.03,0.0,0.2,0.1,3.0,0.3,0.118,11,53,0.0,0.061224489795918366,36,7,128,0,36,16|17|13,network_wide,49
chain,50,0.01,0.03,0.0,0.2,0.1,3.0,0.3,0.118,12,54,0.0,0.061224489795918366,35,7,128,0,35,16|17|14,network_wide,49
chain,50,0.01,0.03,0.0,0.2,0.1,3.0,0.3,0.118,13,55,0.0,0.061224489795918366,34,7,128,0,34,14|17|15,network_wide,49
chain,50,0.01,0.03,0.0,0.2,0.1,3.0,0.3,0.118,14,56,0.0,0.061224489795918366,33,7,128,0,33,14|17|16,network_wide,49
chain,50,0.01,0.03,0.0,0.2,0.1,3.0,0.3,0.118,15,57,0.0,0.061224489795918366,32,7,128,0,32,12|17|17,network_wide,49
chain,50,0.01,0.03,0.0,0.2,0.1,3.0,0.3,0.118,16,58,0.0,0.061224489795918366,31,7,128,0,31,12|17|18,network_wide,49
chain,50,0.01,0.03,0.0,0.2,0.1,3.0,0.3,0.118,17,59,0.0,0.061224489795918366,30,7,128,0,30,10|17|19,network_wide,49
chain,50,0.01,0.03,0.0,0.2,0.1,3.0,0.3,0.118,18,60,0.0,0.061224489795918366,29,7,128,0,29,10|17|20,network_wide,49
chain,50,0.01,0.03,0.0,0.2,0.1,3.0,0.3,0.118,19,61,0.0,0.061224489795918366,28,7,128,0,28,9|17|21,network_wide,49
chain,50,0.01,0.03,0.0,0.2,0.1,3.0,0.3,0.118,20,62,0.0,0.061224489795918366,27,7,128,0,27,8|17|22,network_wide,49
chain,50,0.01,0.03,0.0,0.2,0.1,3.0,0.3,0.118,21,63,0.0,0.061224489795918366,26,7,128,0,26,7|17|23,network_wide,49
chain,50,0.01,0.03,0.0,0.2,0.1,3.0,0.3,0.118,22,64,0.0,0.08163265306122448,49,7,1,0,49,6|17|23,network_wide,49
chain,50,0.01,0.03,0.0,0.2,0.1,3.0,0.3,0.118,23,65,0.0,0.061224489795918366,24,7,128,0,24,5|17|25,network_wide,49
chain,50,0.01,0.03,0.0,0.2,0.1,3.0,0.3,0.118,24,66,0.0,0.061224489795918366,23,7,128,0,23,4|17|26,network_wide,49
chain,50,0.01,0.03,0.0,0.2,0.1,3.0,0.3,0.118,25,67,0.0,0.08163265306122448,46,7,1,0,46,2|17|23|3,core_weighted,49
chain,50,0.01,0.03,0.0,0.2,0.1,3.0,0.3,0.118,26,68,0.0,0.08163265306122448,45,7,1,0,45,1|17|23|4,core_weighted,49
chain,50,0.01,0.03,0.0,0.2,0.1,3.0,0.3,0.118,27,69,0.0,0.08163265306122448,44,7,1,0,44,1|17|23|5,network_wide,49
chain,50,0.01,0.03,0.0,0.2,0.1,3.0,0.3,0.118,28,70,0.0,0.061224489795918366,43,7,1,0,43,17|23|6,network_wide,49
chain,50,0.01,0.03,0.0,0.2,0.1,3.0,0.3,0.118,29,71,0.0,0.04081632653061224,18,7,128,0,18,16|31,network_wide,49
chain,50,0.01,0.03,0.0,0.2,0.1,3.0,0.3,0.118,30,72,0.0,0.061224489795918366,41,7,1,0,41,16|23|8,network_wide,49
chain,50,0.01,0.03,0.0,0.2,0.1,3.0,0.3,0.118,31,73,0.0,0.061224489795918366,40,7,4,0,40,15|23|9,network_wide,49
chain,50,0.01,0.03,0.0,0.2,0.1,3.0,0.3,0.118,32,74,0.0,0.061224489795918366,39,7,1,0,39,14|23|10,network_wide,49
chain,50,0.01,0.03,0.0,0.2,0.1,3.0,0.3,0.118,33,75,0.0,0.061224489795918366,38,7,1,0,38,12|23|11,network_wide,49
chain,50,0.01,0.03,0.0,0.2,0.1,3.0,0.3,0.118,34,76,0.0,0.061224489795918366,37,7,1,0,37,12|23|12,network_wide,49
chain,50,0.01,0.03,0.0,0.2,0.1,3.0,0.3,0.118,35,77,0.0,0.061224489795918366,36,7,1,0,36,11|23|13,network_wide,49
chain,50,0.01,0.03,0.0,0.2,0.1,3.0,0.3,0.118,36,78,0.0,0.061224489795918366,35,7,1,0,35,10|23|14,network_wide,49
chain,50,0.01,0.03,0.0,0.2,0.1,3.0,0.3,0.118,37,79,0.0,0.08163265306122448,49,7,1,0,49,9|23|14,network_wide,49
chain,50,0.01,0.03,0.0,0.2,0.1,3.0,0.3,0.118,38,80,0.0,0.061224489795918366,48,7,113,0,48,8|38|1,network_wide,49
chain,50,0.01,0.03,0.0,0.2,0.1,3.0,0.3,0.118,39,81,0.0,0.08163265306122448,47,7,1,0,47,7|23|14|2,network_wide,49
chain,50,0.01,0.03,0.0,0.2,0.1,3.0,0.3,0.118,40,82,0.0,0.061224489795918366,46,7,113,0,46,5|38|3,core_weighted,49
chain,50,0.01,0.03,0.0,0.2,0.1,3.0,0.3,0.118,41,83,0.0,0.08163265306122448,45,7,1,0,45,5|23|14|4,network_wide,49
chain,50,0.01,0.03,0.0,0.2,0.1,3.0,0.3,0.118,42,84,0.0,0.08163265306122448,44,7,4,0,44,3|23|14|5,core_weighted,49
chain,50,0.01,0.03,0.0,0.2,0.1,3.0,0.3,0.118,43,85,0.0,0.08163265306122448,43,7,1,0,43,2|23|14|6,core_weighted,49
chain,50,0.01,0.03,0.0,0.2,0.1,3.0,0.3,0.118,44,86,0.0,0.08163265306122448,42,7,4,0,42,2|23|14|7,network_wide,49
chain,50,0.01,0.03,0.0,0.2,0.1,3.0,0.3,0.118,45,87,0.0,0.08163265306122448,41,7,1,0,41,1|23|14|8,network_wide,49
chain,50,0.01,0.03,0.0,0.2,0.1,3.0,0.3,0.118,46,88,0.0,0.04081632653061224,40,4,113,0,40,38|9,core_weighted,49
chain,50,0.01,0.03,0.0,0.2,0.1,3.0,0.3,0.118,47,89,0.0,0.04081632653061224,39,4,3,0,39,23|14|10,network_wide,49
chain,50,0.01,0.03,0.0,0.2,0.1,3.0,0.3,0.118,48,90,0.0,0.061224489795918366,49,7,1,0,49,23|14|10,network_wide,49
chain,50,0.01,0.03,0.0,0.2,0.1,3.0,0.3,0.118,49,91,0.0,0.061224489795918366,48,7,1,0,48,22|14|10|1,network_wide,49
chain,50,0.01,0.03,0.0,0.2,0.1,3.0,0.3,0.12,0,42,0.0,0.061224489795918366,47,7,128,0,47,27|17|2,network_wide,49
chain,50,0.01,0.03,0.0,0.2,0.1,3.0,0.3,0.12,1,43,0.0,0.061224489795918366,46,7,128,0,46,26|17|3,network_wide,49
chain,50,0.01,0.03,0.0,0.2,0.1,3.0,0.3,0.12,2,44,0.0,0.061224489795918366,45,7,128,0,45,26|17|4,network_wide,49
chain,50,0.01,0.03,0.0,0.2,0.1,3.0,0.3,0.12,3,45,0.0,0.061224489795918366,44,7,128,0,44,25|17|5,network_wide,49
chain,50,0.01,0.03,0.0,0.2,0.1,3.0,0.3,0.12,4,46,0.0,0.061224489795918366,43,7,128,0,43,24|17|6,network_wide,49
chain,50,0.01,0.03,0.0,0.2,0.1,3.0,0.3,0.12,5,47,0.0,0.061224489795918366,42,7,128,0,42,22|17|7,network_wide,49
chain,50,0.01,0.03,0.0,0.2,0.1,3.0,0.3,0.12,6,48,0.0,0.061224489795918366,41,7,128,0,41,22|17|8,network_wide,49
chain,50,0.01,0.03,0.0,0.2,0.1,3.0,0.3,0.12,7,49,0.0,0.061224489795918366,40,7,128,0,40,20|17|9,network_wide,49
chain,50,0.01,0.03,0.0,0.2,0.1,3.0,0.3,0.12,8,50,0.0,0.061224489795918366,39,7,128,0,39,20|17|10,network_wide,49
chain,50,0.01,0.03,0.0,0.2,0.1,3.0,0.3,0.12,9,51,0.0,0.061224489795918366,38,7,128,0,38,19|17|11,network_wide,49
chain,50,0.01,0.03,0.0,0.2,0.1,3.0,0.3,0.12,10,52,0.0,0.061224489795918366,37,7,128,0,37,18|17|12,network_wide,49
chain,50,0.01,0.03,0.0,0.2,0.1,3.0,0.3,0.12,11,53,0.0,0.061224489795918366,36,7,128,0,36,16|17|13,network_wide,49
chain,50,0.01,0.03,0.0,0.2,0.1,3.0,0.3,0.12,12,54,0.0,0.061224489795918366,35,7,128,0,35,16|17|14,network_wide,49
chain,50,0.01,0.03,0.0,0.2,0.1,3.0,0.3,0.12,13,55,0.0,0.061224489795918366,34,7,128,0,34,14|17|15,network_wide,49
chain,50,0.01,0.03,0.0,0.2,0.1,3.0,0.3,0.12,14,56,0.0,0.061224489795918366,33,7,128,0,33,14|17|16,network_wide,49
chain,50,0.01,0.03,0.0,0.2,0.1,3.0,0.3,0.12,15,57,0.0,0.061224489795918366,32,7,128,0,32,12|17|17,network_wide,49
chain,50,0.01,0.03,0.0,0.2,0.1,3.0,0.3,0.12,16,58,0.0,0.061224489795918366,31,7,128,0,31,12|17|18,network_wide,49
chain,50,0.01,0.03,0.0,0.2,0.1,3.0,0.3,0.12,17,59,0.0,0.061224489795918366,30,7,128,0,30,10|17|19,network_wide,49
chain,50,0.01,0.03,0.0,0.2,0.1,3.0,0.3,0.12,18,60,0.0,0.061224489795918366,29,7,128,0,29,10|17|20,network_wide,49
chain,50,0.01,0.03,0.0,0.2,0.1,3.0,0.3,0.12,19,61,0.0,0.061224489795918366,28,7,128,0,28,9|17|21,network_wide,49
chain,50,0.01,0.03,0.0,0.2,0.1,3.0,0.3,0.12,20,62,0.0,0.061224489795918366,27,7,128,0,27,8|17|22,network_wide,49
chain,50,0.01,0.03,0.0,0.2,0.1,3.0,0.3,0.12,21,63,0.0,0.061224489795918366,26,7,128,0,26,7|17|23,network_wide,49
chain,50,0.01,0.03,0.0,0.2,0.1,3.0,0.3,0.12,22,64,0.0,0.08163265306122448,49,7,1,0,49,6|17|23,network_wide,49
chain,50,0.01,0.03,0.0,0.2,0.1,3.0,0.3,0.12,23,65,0.0,0.061224489795918366,24,7,128,0,24,5|17|25,network_wide,49
chain,50,0.01,0.03,0.0,0.2,0.1,3.0,0.3,0.12,24,66,0.0,0.061224489795918366,23,7,128,0,23,4|17|26,network_wide,49
chain,50,0.01,0.03,0.0,0.2,0.1,3.0,0.3,0.12,25,67,0.0,0.08163265306122448,46,7,1,0,46,2|17|23|3,core_weighted,49
chain,50,0.01,0.03,0.0,0.2,0.1,3.0,0.3,0.12,26,68,0.0,0.08163265306122448,45,7,1,0,45,1|17|23|4,core_weighted,49
chain,50,0.01,0.03,0.0,0.2,0.1,3.0,0.3,0.12,27,69,0.0,0.08163265306122448,44,7,1,0,44,1|17|23|5,network_wide,49
chain,50,0.01,0.03,0.0,0.2,0.1,3.0,0.3,0.12,28,70,0.0,0.061224489795918366,43,7,1,0,43,17|23|6,network_wide,49
chain,50,0.01,0.03,0.0,0.2,0.1,3.0,0.3,0.12,29,71,0.0,0.04081632653061224,18,7,128,0,18,16|31,network_wide,49
chain,50,0.01,0.03,0.0,0.2,0.1,3.0,0.3,0.12,30,72,0.0,0.061224489795918366,41,7,1,0,41,16|23|8,network_wide,49
chain,50,0.01,0.03,0.0,0.2,0.1,3.0,0.3,0.12,31,73,0.0,0.061224489795918366,40,7,4,0,40,15|23|9,network_wide,49
chain,50,0.01,0.03,0.0,0.2,0.1,3.0,0.3,0.12,32,74,0.0,0.061224489795918366,39,7,1,0,39,14|23|10,network_wide,49
chain,50,0.01,0.03,0.0,0.2,0.1,3.0,0.3,0.12,33,75,0.0,0.061224489795918366,38,7,1,0,38,12|23|11,network_wide,49
chain,50,0.01,0.03,0.0,0.2,0.1,3.0,0.3,0.12,34,76,0.0,0.061224489795918366,37,7,1,0,37,12|23|12,network_wide,49
chain,50,0.01,0.03,0.0,0.2,0.1,3.0,0.3,0.12,35,77,0.0,0.061224489795918366,36,7,1,0,36,11|23|13,network_wide,49
chain,50,0.01,0.03,0.0,0.2,0.1,3.0,0.3,0.12,36,78,0.0,0.061224489795918366,35,7,1,0,35,10|23|14,network_wide,49
chain,50,0.01,0.03,0.0,0.2,0.1,3.0,0.3,0.12,37,79,0.0,0.08163265306122448,49,7,1,0,49,9|23|14,network_wide,49
chain,50,0.01,0.03,0.0,0.2,0.1,3.0,0.3,0.12,38,80,0.0,0.061224489795918366,48,7,113,0,48,8|38|1,network_wide,49
chain,50,0.01,0.03,0.0,0.2,0.1,3.0,0.3,0.12,39,81,0.0,0.08163265306122448,47,7,1,0,47,7|23|14|2,network_wide,49
chain,50,0.01,0.03,0.0,0.2,0.1,3.0,0.3,0.12,40,82,0.0,0.061224489795918366,46,7,113,0,46,5|38|3,core_weighted,49
chain,50,0.01,0.03,0.0,0.2,0.1,3.0,0.3,0.12,41,83,0.0,0.08163265306122448,45,7,1,0,45,5|23|14|4,network_wide,49
chain,50,0.01,0.03,0.0,0.2,0.1,3.0,0.3,0.12,42,84,0.0,0.061224489795918366,44,7,113,0,44,3|38|5,core_weighted,49
chain,50,0.01,0.03,0.0,0.2,0.1,3.0,0.3,0.12,43,85,0.0,0.08163265306122448,43,7,1,0,43,2|23|14|6,core_weighted,49
chain,50,0.01,0.03,0.0,0.2,0.1,3.0,0.3,0.12,44,86,0.0,0.061224489795918366,42,7,113,0,42,2|38|7,core_weighted,49
chain,50,0.01,0.03,0.0,0.2,0.1,3.0,0.3,0.12,45,87,0.0,0.08163265306122448,41,7,1,0,41,1|23|14|8,network_wide,49
chain,50,0.01,0.03,0.0,0.2,0.1,3.0,0.3,0.12,46,88,0.0,0.04081632653061224,40,4,113,0,40,38|9,core_weighted,49
chain,50,0.01,0.03,0.0,0.2,0.1,3.0,0.3,0.12,47,89,0.0,0.04081632653061224,39,4,3,0,39,23|14|10,network_wide,49
chain,50,0.01,0.03,0.0,0.2,0.1,3.0,0.3,0.12,48,90,0.0,0.061224489795918366,49,7,1,0,49,23|14|10,network_wide,49
chain,50,0.01,0.03,0.0,0.2,0.1,3.0,0.3,0.12,49,91,0.0,0.061224489795918366,48,7,1,0,48,22|14|10|1,network_wide,49
star,50,0.01,0.02,0.0,0.2,0.1,3.0,0.3,0.09,0,42,0.0,0.16326530612244897,47,8,4,0,47,3|4|5|12|4|1|10|2,hub_localized,49
star,50,0.01,0.02,0.0,0.2,0.1,3.0,0.3,0.09,1,43,0.0,0.16326530612244897,46,8,5,0,46,2|4|5|12|4|1|10|3,hub_localized,49
star,50,0.01,0.02,0.0,0.2,0.1,3.0,0.3,0.09,2,44,0.0,0.14285714285714285,44,8,5,0,44,2|4|5|12|4|1|10|5,hub_localized,49
star,50,0.01,0.02,0.0,0.2,0.1,3.0,0.3,0.09,3,45,0.0,0.14285714285714285,43,8,4,0,43,1|4|5|12|4|1|10|6,hub_localized,49
star,50,0.01,0.02,0.0,0.2,0.1,3.0,0.3,0.09,4,46,0.0,0.14285714285714285,49,8,5,0,49,4|5|12|4|1|10|6,hub_localized,49
star,50,0.01,0.02,0.0,0.2,0.1,3.0,0.3,0.09,5,47,0.0,0.14285714285714285,48,8,6,0,48,3|5|12|4|1|10|6|1,hub_localized,49
star,50,0.01,0.02,0.0,0.2,0.1,3.0,0.3,0.09,6,48,0.0,0.16326530612244897,47,8,5,0,47,3|5|12|4|1|10|5|2,hub_localized,49
star,50,0.01,0.02,0.0,0.2,0.1,3.0,0.3,0.09,7,49,0.0,0.14285714285714285,46,8,5,0,46,1|5|12|4|1|10|6|3,hub_localized,49
star,50,0.01,0.02,0.0,0.2,0.1,3.0,0.3,0.09,8,50,0.0,0.14285714285714285,45,8,5,0,45,1|5|12|4|1|10|6|4,hub_localized,49
star,50,0.01,0.02,0.0,0.2,0.1,3.0,0.3,0.09,9,51,0.0,0.10204081632653061,44,8,102,0,44,18|4|1|10|6|5,hub_localized,49
star,50,0.01,0.02,0.0,0.2,0.1,3.0,0.3,0.09,10,52,0.0,0.10204081632653061,43,8,102,0,43,17|4|1|10|6|6,hub_localized,49
star,50,0.01,0.02,0.0,0.2,0.1,3.0,0.3,0.09,11,53,0.0,0.12244897959183673,42,8,5,0,42,3|12|4|1|10|6|7,hub_localized,49
star,50,0.01,0.02,0.0,0.2,0.1,3.0,0.3,0.09,12,54,0.0,0.10204081632653061,41,8,102,0,41,16|4|1|10|6|8,hub_localized,49
star,50,0.01,0.02,0.0,0.2,0.1,3.0,0.3,0.09,13,55,0.0,0.12244897959183673,40,8,102,0,40,14|4|1|10|5|9,hub_localized,49
star,50,0.01,0.02,0.0,0.2,0.1,3.0,0.3,0.09,14,56,0.0,0.12244897959183673,39,8,6,0,39,1|12|4|1|10|6|10,hub_localized,49
star,50,0.01,0.02,0.0,0.2,0.1,3.0,0.3,0.09,15,57,0.0,0.10204081632653061,38,8,102,0,38,12|4|1|10|6|11,hub_localized,49
star,50,0.01,0.02,0.0,0.2,0.1,3.0,0.3,0.09,16,58,0.0,0.10204081632653061,37,8,102,0,37,12|4|1|10|6|12,hub_localized,49
star,50,0.01,0.02,0.0,0.2,0.1,3.0,0.3,0.09,17,59,0.0,0.10204081632653061,36,8,102,0,36,10|4|1|10|6|13,hub_localized,49
star,50,0.01,0.02,0.0,0.2,0.1,3.0,0.3,0.09,18,60,0.0,0.12244897959183673,35,8,102,0,35,10|4|1|10|5|14,hub_localized,49
star,50,0.01,0.02,0.0,0.2,0.1,3.0,0.3,0.09,19,61,0.0,0.10204081632653061,34,8,102,0,34,9|4|1|10|6|15,hub_localized,49
star,50,0.01,0.02,0.0,0.2,0.1,3.0,0.3,0.09,20,62,0.0,0.10204081632653061,33,8,102,0,33,8|4|1|10|6|16,hub_localized,49
star,50,0.01,0.02,0.0,0.2,0.1,3.0,0.3,0.09,21,63,0.0,0.10204081632653061,32,8,102,0,32,7|4|1|10|6|17,hub_localized,49
star,50,0.01,0.02,0.0,0.2,0.1,3.0,0.3,0.09,22,64,0.0,0.12244897959183673,49,8,1,0,49,6|4|1|10|6|17,hub_localized,49
star,50,0.01,0.02,0.0,0.2,0.1,3.0,0.3,0.09,23,65,0.0,0.12244897959183673,48,8,4,0,48,5|4|1|10|6|17|1,hub_localized,49
star,50,0.01,0.02,0.0,0.2,0.1,3.0,0.3,0.09,24,66,0.0,0.12244897959183673,47,8,4,0,47,4|4|1|10|6|17|2,hub_localized,49
star,50,0.01,0.02,0.0,0.2,0.1,3.0,0.3,0.09,25,67,0.0,0.12244897959183673,46,8,1,0,46,2|4|1|10|6|17|3,hub_localized,49
star,50,0.01,0.02,0.0,0.2,0.1,3.0,0.3,0.09,26,68,0.0,0.12244897959183673,45,8,1,0,45,1|4|1|10|6|17|4,hub_localized,49
star,50,0.01,0.02,0.0,0.2,0.1,3.0,0.3,0.09,27,69,0.0,0.14285714285714285,44,8,1,0,44,1|4|1|10|5|17|5,hub_localized,49
star,50,0.01,0.02,0.0,0.2,0.1,3.0,0.3,0.09,28,70,0.0,0.10204081632653061,43,8,1,0,43,4|1|10|6|17|6,hub_localized,49
star,50,0.01,0.02,0.0,0.2,0.1,3.0,0.3,0.09,29,71,0.0,0.10204081632653061,42,8,4,0,42,3|1|10|6|17|7,hub_localized,49
star,50,0.01,0.02,0.0,0.2,0.1,3.0,0.3,0.09,30,72,0.0,0.10204081632653061,41,8,1,0,41,2|1|10|6|17|8,hub_localized,49
star,50,0.01,0.02,0.0,0.2,0.1,3.0,0.3,0.09,31,73,0.0,0.10204081632653061,40,8,3,0,40,2|1|10|6|17|9,hub_localized,49
star,50,0.01,0.02,0.0,0.2,0.1,3.0,0.3,0.09,32,74,0.0,0.12244897959183673,39,8,1,0,39,1|10|5|17|10,hub_localized,49
star,50,0.01,0.02,0.0,0.2,0.1,3.0,0.3,0.09,33,75,0.0,0.08163265306122448,38,8,1,0,38,1|10|6|17|11,hub_localized,49
star,50,0.01,0.02,0.0,0.2,0.1,3.0,0.3,0.09,34,76,0.0,0.08163265306122448,37,8,1,0,37,1|10|6|17|12,hub_localized,49
star,50,0.01,0.02,0.0,0.2,0.1,3.0,0.3,0.09,35,77,0.0,0.08163265306122448,36,8,1,0,36,10|5|17|13,hub_localized,49
star,50,0.01,0.02,0.0,0.2,0.1,3.0,0.3,0.09,36,78,0.0,0.061224489795918366,35,8,1,0,35,9|6|17|14,hub_localized,49
star,50,0.01,0.02,0.0,0.2,0.1,3.0,0.3,0.09,37,79,0.0,0.08163265306122448,49,8,1,0,49,9|6|17|14,hub_localized,49
star,50,0.01,0.02,0.0,0.2,0.1,3.0,0.3,0.09,38,80,0.0,0.061224489795918366,48,8,113,0,48,8|6|32|1,hub_localized,49
star,50,0.01,0.02,0.0,0.2,0.1,3.0,0.3,0.09,39,81,0.0,0.08163265306122448,47,8,1,0,47,7|6|17|14|2,hub_localized,49
star,50,0.01,0.02,0.0,0.2,0.1,3.0,0.3,0.09,40,82,0.0,0.08163265306122448,46,8,4,0,46,5|6|17|14|3,hub_localized,49
star,50,0.01,0.02,0.0,0.2,0.1,3.0,0.3,0.09,41,83,0.0,0.08163265306122448,45,8,1,0,45,5|6|17|14|4,hub_localized,49
star,50,0.01,0.02,0.0,0.2,0.1,3.0,0.3,0.09,42,84,0.0,0.08163265306122448,44,8,4,0,44,3|6|17|14|5,hub_localized,49
star,50,0.01,0.02,0.0,0.2,0.1,3.0,0.3,0.09,43,85,0.0,0.08163265306122448,43,8,1,0,43,2|6|17|14|6,hub_localized,49
star,50,0.01,0.02,0.0,0.2,0.1,3.0,0.3,0.09,44,86,0.0,0.08163265306122448,42,8,4,0,42,2|6|17|14|7,hub_localized,49
star,50,0.01,0.02,0.0,0.2,0.1,3.0,0.3,0.09,45,87,0.0,0.08163265306122448,41,8,1,0,41,1|6|17|14|8,hub_localized,49
star,50,0.01,0.02,0.0,0.2,0.1,3.0,0.3,0.09,46,88,0.0,0.04081632653061224,40,5,113,0,40,6|32|9,hub_localized,49
star,50,0.01,0.02,0.0,0.2,0.1,3.0,0.3,0.09,47,89,0.0,0.061224489795918366,39,5,3,0,39,5|17|14|10,hub_localized,49
star,50,0.01,0.02,0.0,0.2,0.1,3.0,0.3,0.09,48,90,0.0,0.08163265306122448,49,8,1,0,49,4|17|14|10,hub_localized,49
star,50,0.01,0.02,0.0,0.2,0.1,3.0,0.3,0.09,49,91,0.0,0.08163265306122448,48,8,1,0,48,4|17|14|10|1,hub_localized,49
star,50,0.01,0.02,0.0,0.2,0.1,3.0,0.3,0.092,0,42,0.0,0.14285714285714285,46,8,5,0,46,3|4|5|12|4|1|10|3,hub_localized,49
star,50,0.01,0.02,0.0,0.2,0.1,3.0,0.3,0.092,1,43,0.0,0.16326530612244897,45,8,5,0,45,2|4|5|9|2|4|1|10|4,hub_localized,49
star,50,0.01,0.02,0.0,0.2,0.1,3.0,0.3,0.092,2,44,0.0,0.14285714285714285,44,8,5,0,44,2|4|5|12|4|1|10|5,hub_localized,49
star,50,0.01,0.02,0.0,0.2,0.1,3.0,0.3,0.092,3,45,0.0,0.16326530612244897,43,8,4,0,43,1|4|5|9|2|4|1|10|6,hub_localized,49
star,50,0.01,0.02,0.0,0.2,0.1,3.0,0.3,0.092,4,46,0.0,0.16326530612244897,49,8,5,0,49,4|5|9|2|4|1|10|6,hub_localized,49
star,50,0.01,0.02,0.0,0.2,0.1,3.0,0.3,0.092,5,47,0.0,0.14285714285714285,48,8,6,0,48,3|5|12|4|1|10|6|1,hub_localized,49
star,50,0.01,0.02,0.0,0.2,0.1,3.0,0.3,0.092,6,48,0.0,0.16326530612244897,47,8,5,0,47,3|5|9|2|4|1|10|6|2,hub_localized,49
star,50,0.01,0.02,0.0,0.2,0.1,3.0,0.3,0.092,7,49,0.0,0.14285714285714285,46,8,5,0,46,1|5|12|4|1|10|6|3,hub_localized,49
star,50,0.01,0.02,0.0,0.2,0.1,3.0,0.3,0.092,8,50,0.0,0.16326530612244897,45,8,5,0,45,1|5|9|2|4|1|10|6|4,hub_localized,49
star,50,0.01,0.02,0.0,0.2,0.1,3.0,0.3,0.092,9,51,0.0,0.10204081632653061,44,8,102,0,44,18|4|1|10|6|5,hub_localized,49
star,50,0.01,0.02,0.0,0.2,0.1,3.0,0.3,0.092,10,52,0.0,0.12244897959183673,43,8,48,0,43,14|2|4|1|10|6|6,hub_localized,49
star,50,0.01,0.02,0.0,0.2,0.1,3.0,0.3,0.092,11,53,0.0,0.14285714285714285,42,8,5,0,42,3|9|2|4|1|10|6|7,hub_localized,49
star,50,0.01,0.02,0.0,0.2,0.1,3.0,0.3,0.092,12,54,0.0,0.12244897959183673,41,8,48,0,41,13|2|4|1|10|6|8,hub_localized,49
star,50,0.01,0.02,0.0,0.2,0.1,3.0,0.3,0.092,13,55,0.0,0.12244897959183673,40,8,47,0,40,11|2|4|1|10|6|9,hub_localized,49
star,50,0.01,0.02,0.0,0.2,0.1,3.0,0.3,0.092,14,56,0.0,0.14285714285714285,39,8,6,0,39,1|9|2|4|1|10|6|10,hub_localized,49
star,50,0.01,0.02,0.0,0.2,0.1,3.0,0.3,0.092,15,57,0.0,0.12244897959183673,38,8,47,0,38,9|2|4|1|10|6|11,hub_localized,49
star,50,0.01,0.02,0.0,0.2,0.1,3.0,0.3,0.092,16,58,0.0,0.12244897959183673,37,8,48,0,37,9|2|4|1|10|6|12,hub_localized,49
star,50,0.01,0.02,0.0,0.2,0.1,3.0,0.3,0.092,17,59,0.0,0.10204081632653061,36,8,102,0,36,10|4|1|10|6|13,hub_localized,49
star,50,0.01,0.02,0.0,0.2,0.1,3.0,0.3,0.092,18,60,0.0,0.10204081632653061,35,8,102,0,35,10|4|1|10|6|14,hub_localized,49
star,50,0.01,0.02,0.0,0.2,0.1,3.0,0.3,0.092,19,61,0.0,0.10204081632653061,34,8,102,0,34,9|4|1|10|6|15,hub_localized,49
star,50,0.01,0.02,0.0,0.2,0.1,3.0,0.3,0.092,20,62,0.0,0.10204081632653061,33,8,102,0,33,8|4|1|10|6|16,hub_localized,49
star,50,0.01,0.02,0.0,0.2,0.1,3.0,0.3,0.092,21,63,0.0,0.12244897959183673,32,8,48,0,32,4|2|4|1|10|6|17,hub_localized,49
star,50,0.01,0.02,0.0,0.2,0.1,3.0,0.3,0.092,22,64,0.0,0.14285714285714285,49,8,1,0,49,3|2|4|1|10|6|17,hub_localized,49
star,50,0.01,0.02,0.0,0.2,0.1,3.0,0.3,0.092,23,65,0.0,0.14285714285714285,48,8,4,0,48,2|2|4|1|10|6|17|1,hub_localized,49
star,50,0.01,0.02,0.0,0.2,0.1,3.0,0.3,0.092,24,66,0.0,0.14285714285714285,47,8,4,0,47,1|2|4|1|10|6|17|2,hub_localized,49
star,50,0.01,0.02,0.0,0.2,0.1,3.0,0.3,0.092,25,67,0.0,0.12244897959183673,46,8,1,0,46,2|4|1|10|6|17|3,hub_localized,49
star,50,0.01,0.02,0.0,0.2,0.1,3.0,0.3,0.092,26,68,0.0,0.12244897959183673,45,8,1,0,45,1|4|1|10|6|17|4,hub_localized,49
star,50,0.01,0.02,0.0,0.2,0.1,3.0,0.3,0.092,27,69,0.0,0.12244897959183673,44,8,1,0,44,1|4|1|10|6|17|5,hub_localized,49
star,50,0.01,0.02,0.0,0.2,0.1,3.0,0.3,0.092,28,70,0.0,0.10204081632653061,43,8,1,0,43,4|1|10|6|17|6,hub_localized,49
star,50,0.01,0.02,0.0,0.2,0.1,3.0,0.3,0.092,29,71,0.0,0.10204081632653061,42,8,4,0,42,3|1|10|6|17|7,hub_localized,49
star,50,0.01,0.02,0.0,0.2,0.1,3.0,0.3,0.092,30,72,0.0,0.10204081632653061,41,8,1,0,41,2|1|10|6|17|8,hub_localized,49
star,50,0.01,0.02,0.0,0.2,0.1,3.0,0.3,0.092,31,73,0.0,0.10204081632653061,40,8,3,0,40,2|1|10|6|17|9,hub_localized,49
star,50,0.01,0.02,0.0,0.2,0.1,3.0,0.3,0.092,32,74,0.0,0.12244897959183673,39,8,1,0,39,1|10|5|17|10,hub_localized,49
star,50,0.01,0.02,0.0,0.2,0.1,3.0,0.3,0.092,33,75,0.0,0.08163265306122448,38,8,1,0,38,1|10|6|17|11,hub_localized,49
star,50,0.01,0.02,0.0,0.2,0.1,3.0,0.3,0.092,34,76,0.0,0.08163265306122448,37,8,1,0,37,1|10|6|17|12,hub_localized,49
star,50,0.01,0.02,0.0,0.2,0.1,3.0,0.3,0.092,35,77,0.0,0.08163265306122448,36,8,1,0,36,10|5|17|13,hub_localized,49
star,50,0.01,0.02,0.0,0.2,0.1,3.0,0.3,0.092,36,78,0.0,0.061224489795918366,35,8,1,0,35,9|6|17|14,hub_localized,49
star,50,0.01,0.02,0.0,0.2,0.1,3.0,0.3,0.092,37,79,0.0,0.08163265306122448,49,8,1,0,49,9|6|17|14,hub_localized,49
star,50,0.01,0.02,0.0,0.2,0.1,3.0,0.3,0.092,38,80,0.0,0.061224489795918366,48,8,113,0,48,8|6|32|1,hub_localized,49
star,50,0.01,0.02,0.0,0.2,0.1,3.0,0.3,0.092,39,81,0.0,0.08163265306122448,47,8,1,0,47,7|6|17|14|2,hub_localized,49
star,50,0.01,0.02,0.0,0.2,0.1,3.0,0.3,0.092,40,82,0.0,0.08163265306122448,46,8,4,0,46,5|6|17|14|3,hub_localized,49
star,50,0.01,0.02,0.0,0.2,0.1,3.0,0.3,0.092,41,83,0.0,0.08163265306122448,45,8,1,0,45,5|6|17|14|4,hub_localized,49
star,50,0.01,0.02,0.0,0.2,0.1,3.0,0.3,0.092,42,84,0.0,0.08163265306122448,44,8,4,0,44,3|6|17|14|5,hub_localized,49
star,50,0.01,0.02,0.0,0.2,0.1,3.0,0.3,0.092,43,85,0.0,0.08163265306122448,43,8,1,0,43,2|6|17|14|6,hub_localized,49
star,50,0.01,0.02,0.0,0.2,0.1,3.0,0.3,0.092,44,86,0.0,0.08163265306122448,42,8,4,0,42,2|6|17|14|7,hub_localized,49
star,50,0.01,0.02,0.0,0.2,0.1,3.0,0.3,0.092,45,87,0.0,0.08163265306122448,41,8,1,0,41,1|6|17|14|8,hub_localized,49
star,50,0.01,0.02,0.0,0.2,0.1,3.0,0.3,0.092,46,88,0.0,0.04081632653061224,40,5,113,0,40,6|32|9,hub_localized,49
star,50,0.01,0.02,0.0,0.2,0.1,3.0,0.3,0.092,47,89,0.0,0.061224489795918366,39,5,3,0,39,5|17|14|10,hub_localized,49
star,50,0.01,0.02,0.0,0.2,0.1,3.0,0.3,0.092,48,90,0.0,0.08163265306122448,49,8,1,0,49,4|17|14|10,hub_localized,49
star,50,0.01,0.02,0.0,0.2,0.1,3.0,0.3,0.092,49,91,0.0,0.08163265306122448,48,8,1,0,48,4|17|14|10|1,hub_localized,49
star,50,0.01,0.02,0.0,0.2,0.1,3.0,0.3,0.094,0,42,0.0,0.12244897959183673,46,8,5,0,46,3|10|12|4|1|10|3,hub_localized,49
star,50,0.01,0.02,0.0,0.2,0.1,3.0,0.3,0.094,1,43,0.0,0.16326530612244897,45,8,6,0,45,2|4|5|9|2|4|1|10|4,hub_localized,49
star,50,0.01,0.02,0.0,0.2,0.1,3.0,0.3,0.094,2,44,0.0,0.12244897959183673,44,8,5,0,44,2|10|12|4|1|10|5,hub_localized,49
star,50,0.01,0.02,0.0,0.2,0.1,3.0,0.3,0.094,3,45,0.0,0.14285714285714285,44,8,4,0,44,1|10|12|4|1|10|5,hub_localized,49
star,50,0.01,0.02,0.0,0.2,0.1,3.0,0.3,0.094,4,46,0.0,0.1836734693877551,49,8,5,0,49,4|5|9|2|4|1|10|5,hub_localized,49
star,50,0.01,0.02,0.0,0.2,0.1,3.0,0.3,0.094,5,47,0.0,0.12244897959183673,48,8,6,0,48,9|12|4|1|10|6|1,hub_localized,49
star,50,0.01,0.02,0.0,0.2,0.1,3.0,0.3,0.094,6,48,0.0,0.16326530612244897,47,8,5,0,47,9|9|2|4|1|10|5|2,hub_localized,49
star,50,0.01,0.02,0.0,0.2,0.1,3.0,0.3,0.094,7,49,0.0,0.16326530612244897,46,8,5,0,46,1|5|12|4|1|10|5|3,hub_localized,49
star,50,0.01,0.02,0.0,0.2,0.1,3.0,0.3,0.094,8,50,0.0,0.1836734693877551,45,8,5,0,45,1|5|9|2|4|1|10|5|4,hub_localized,49
star,50,0.01,0.02,0.0,0.2,0.1,3.0,0.3,0.094,9,51,0.0,0.12244897959183673,44,8,102,0,44,18|4|1|10|5|5,hub_localized,49
star,50,0.01,0.02,0.0,0.2,0.1,3.0,0.3,0.094,10,52,0.0,0.12244897959183673,43,8,102,0,43,17|4|1|10|5|6,hub_localized,49
star,50,0.01,0.02,0.0,0.2,0.1,3.0,0.3,0.094,11,53,0.0,0.14285714285714285,42,8,6,0,42,3|12|4|1|10|5|7,hub_localized,49
star,50,0.01,0.02,0.0,0.2,0.1,3.0,0.3,0.094,12,54,0.0,0.12244897959183673,41,8,102,0,41,16|4|1|10|5|8,hub_localized,49
star,50,0.01,0.02,0.0,0.2,0.1,3.0,0.3,0.094,13,55,0.0,0.14285714285714285,40,8,48,0,40,11|2|4|1|10|5|9,hub_localized,49
star,50,0.01,0.02,0.0,0.2,0.1,3.0,0.3,0.094,14,56,0.0,0.12244897959183673,39,8,102,0,39,14|4|1|10|5|10,hub_localized,49
star,50,0.01,0.02,0.0,0.2,0.1,3.0,0.3,0.094,15,57,0.0,0.14285714285714285,38,8,48,0,38,9|2|4|1|10|5|11,hub_localized,49
star,50,0.01,0.02,0.0,0.2,0.1,3.0,0.3,0.094,16,58,0.0,0.12244897959183673,37,8,102,0,37,12|4|1|10|5|12,hub_localized,49
star,50,0.01,0.02,0.0,0.2,0.1,3.0,0.3,0.094,17,59,0.0,0.12244897959183673,36,8,102,0,36,10|4|1|10|5|13,hub_localized,49
star,50,0.01,0.02,0.0,0.2,0.1,3.0,0.3,0.094,18,60,0.0,0.10204081632653061,35,8,102,0,35,10|4|1|10|6|14,hub_localized,49
star,50,0.01,0.02,0.0,0.2,0.1,3.0,0.3,0.094,19,61,0.0,0.12244897959183673,34,8,102,0,34,9|4|1|10|5|15,hub_localized,49
star,50,0.01,0.02,0.0,0.2,0.1,3.0,0.3,0.094,20,62,0.0,0.12244897959183673,33,8,102,0,33,8|4|1|10|5|16,hub_localized,49
star,50,0.01,0.02,0.0,0.2,0.1,3.0,0.3,0.094,21,63,0.0,0.12244897959183673,32,8,102,0,32,7|4|1|10|5|17,hub_localized,49
star,50,0.01,0.02,0.0,0.2,0.1,3.0,0.3,0.094,22,64,0.0,0.14285714285714285,49,8,1,0,49,6|4|1|10|5|17,hub_localized,49
star,50,0.01,0.02,0.0,0.2,0.1,3.0,0.3,0.094,23,65,0.0,0.14285714285714285,48,8,4,0,48,5|4|1|10|5|17|1,hub_localized,49
star,50,0.01,0.02,0.0,0.2,0.1,3.0,0.3,0.094,24,66,0.0,0.14285714285714285,47,8,4,0,47,4|4|1|10|5|17|2,hub_localized,49
star,50,0.01,0.02,0.0,0.2,0.1,3.0,0.3,0.094,25,67,0.0,0.14285714285714285,46,8,1,0,46,2|4|1|10|5|17|3,hub_localized,49
star,50,0.01,0.02,0.0,0.2,0.1,3.0,0.3,0.094,26,68,0.0,0.14285714285714285,45,8,1,0,45,1|4|1|10|5|17|4,hub_localized,49
star,50,0.01,0.02,0.0,0.2,0.1,3.0,0.3,0.094,27,69,0.0,0.12244897959183673,44,8,1,0,44,1|4|1|10|6|17|5,hub_localized,49
star,50,0.01,0.02,0.0,0.2,0.1,3.0,0.3,0.094,28,70,0.0,0.12244897959183673,43,8,1,0,43,4|1|10|5|17|6,hub_localized,49
star,50,0.01,0.02,0.0,0.2,0.1,3.0,0.3,0.094,29,71,0.0,0.12244897959183673,42,8,4,0,42,3|1|10|5|17|7,hub_localized,49
star,50,0.01,0.02,0.0,0.2,0.1,3.0,0.3,0.094,30,72,0.0,0.12244897959183673,41,8,1,0,41,2|1|10|5|17|8,hub_localized,49
star,50,0.01,0.02,0.0,0.2,0.1,3.0,0.3,0.094,31,73,0.0,0.10204081632653061,40,8,3,0,40,2|1|10|6|17|9,hub_localized,49
star,50,0.01,0.02,0.0,0.2,0.1,3.0,0.3,0.094,32,74,0.0,0.10204081632653061,39,8,1,0,39,1|10|6|17|10,hub_localized,49
star,50,0.01,0.02,0.0,0.2,0.1,3.0,0.3,0.094,33,75,0.0,0.10204081632653061,38,8,1,0,38,1|10|5|17|11,hub_localized,49
star,50,0.01,0.02,0.0,0.2,0.1,3.0,0.3,0.094,34,76,0.0,0.10204081632653061,37,8,1,0,37,1|10|5|17|12,hub_localized,49
star,50,0.01,0.02,0.0,0.2,0.1,3.0,0.3,0.094,35,77,0.0,0.08163265306122448,36,8,1,0,36,10|5|17|13,hub_localized,49
star,50,0.01,0.02,0.0,0.2,0.1,3.0,0.3,0.094,36,78,0.0,0.061224489795918366,35,8,1,0,35,9|6|17|14,hub_localized,49
star,50,0.01,0.02,0.0,0.2,0.1,3.0,0.3,0.094,37,79,0.0,0.10204081632653061,49,8,1,0,49,9|5|17|14,hub_localized,49
star,50,0.01,0.02,0.0,0.2,0.1,3.0,0.3,0.094,38,80,0.0,0.08163265306122448,48,8,113,0,48,8|5|32|1,hub_localized,49
star,50,0.01,0.02,0.0,0.2,0.1,3.0,0.3,0.094,39,81,0.0,0.10204081632653061,47,8,1,0,47,7|5|17|14|2,hub_localized,49
star,50,0.01,0.02,0.0,0.2,0.1,3.0,0.3,0.094,40,82,0.0,0.10204081632653061,46,8,4,0,46,5|5|17|14|3,hub_localized,49
star,50,0.01,0.02,0.0,0.2,0.1,3.0,0.3,0.094,41,83,0.0,0.08163265306122448,45,8,1,0,45,5|6|17|14|4,hub_localized,49
star,50,0.01,0.02,0.0,0.2,0.1,3.0,0.3,0.094,42,84,0.0,0.10204081632653061,44,8,4,0,44,3|5|17|14|5,hub_localized,49
star,50,0.01,0.02,0.0,0.2,0.1,3.0,0.3,0.094,43,85,0.0,0.10204081632653061,43,8,1,0,43,2|5|17|14|6,hub_localized,49
star,50,0.01,0.02,0.0,0.2,0.1,3.0,0.3,0.094,44,86,0.0,0.10204081632653061,42,8,4,0,42,2|5|17|14|7,hub_localized,49
star,50,0.01,0.02,0.0,0.2,0.1,3.0,0.3,0.094,45,87,0.0,0.08163265306122448,41,8,1,0,41,1|6|17|14|8,hub_localized,49
star,50,0.01,0.02,0.0,0.2,0.1,3.0,0.3,0.094,46,88,0.0,0.061224489795918366,40,4,113,0,40,5|32|9,hub_localized,49
star,50,0.01,0.02,0.0,0.2,0.1,3.0,0.3,0.094,47,89,0.0,0.061224489795918366,39,5,3,0,39,5|17|14|10,hub_localized,49
star,50,0.01,0.02,0.0,0.2,0.1,3.0,0.3,0.094,48,90,0.0,0.08163265306122448,49,8,1,0,49,4|17|14|10,hub_localized,49
star,50,0.01,0.02,0.0,0.2,0.1,3.0,0.3,0.094,49,91,0.0,0.08163265306122448,48,8,1,0,48,4|17|14|10|1,hub_localized,49
star,50,0.01,0.02,0.0,0.2,0.1,3.0,0.3,0.096,0,42,0.0,0.08163265306122448,46,8,5,0,46,14|12|6|10|3,hub_localized,49
star,50,0.01,0.02,0.0,0.2,0.1,3.0,0.3,0.096,1,43,0.0,0.08163265306122448,45,8,6,0,45,13|12|6|10|4,hub_localized,49
star,50,0.01,0.02,0.0,0.2,0.1,3.0,0.3,0.096,2,44,0.0,0.12244897959183673,45,8,5,0,45,2|10|12|6|10|4,hub_localized,49
star,50,0.01,0.02,0.0,0.2,0.1,3.0,0.3,0.096,3,45,0.0,0.12244897959183673,44,8,5,0,44,1|10|12|6|10|5,hub_localized,49
star,50,0.01,0.02,0.0,0.2,0.1,3.0,0.3,0.096,4,46,0.0,0.12244897959183673,49,8,5,0,49,10|12|6|10|5,hub_localized,49
star,50,0.01,0.02,0.0,0.2,0.1,3.0,0.3,0.096,5,47,0.0,0.10204081632653061,48,8,102,0,48,22|6|10|5|1,hub_localized,49
star,50,0.01,0.02,0.0,0.2,0.1,3.0,0.3,0.096,6,48,0.0,0.12244897959183673,47,8,5,0,47,9|12|6|10|5|2,hub_localized,49
star,50,0.01,0.02,0.0,0.2,0.1,3.0,0.3,0.096,7,49,0.0,0.12244897959183673,46,8,6,0,46,7|12|6|10|5|3,hub_localized,49
star,50,0.01,0.02,0.0,0.2,0.1,3.0,0.3,0.096,8,50,0.0,0.12244897959183673,45,8,6,0,45,7|12|6|10|5|4,hub_localized,49
star,50,0.01,0.02,0.0,0.2,0.1,3.0,0.3,0.096,9,51,0.0,0.10204081632653061,44,8,102,0,44,19|6|10|5|5,hub_localized,49
star,50,0.01,0.02,0.0,0.2,0.1,3.0,0.3,0.096,10,52,0.0,0.10204081632653061,43,8,102,0,43,17|6|10|5|6,hub_localized,49
star,50,0.01,0.02,0.0,0.2,0.1,3.0,0.3,0.096,11,53,0.0,0.12244897959183673,42,8,6,0,42,3|12|6|10|5|7,hub_localized,49
star,50,0.01,0.02,0.0,0.2,0.1,3.0,0.3,0.096,12,54,0.0,0.10204081632653061,41,8,102,0,41,16|6|10|5|8,hub_localized,49
star,50,0.01,0.02,0.0,0.2,0.1,3.0,0.3,0.096,13,55,0.0,0.10204081632653061,40,8,102,0,40,14|6|10|5|9,hub_localized,49
star,50,0.01,0.02,0.0,0.2,0.1,3.0,0.3,0.096,14,56,0.0,0.10204081632653061,39,8,102,0,39,14|6|10|5|10,hub_localized,49
star,50,0.01,0.02,0.0,0.2,0.1,3.0,0.3,0.096,15,57,0.0,0.10204081632653061,38,8,102,0,38,12|6|10|5|11,hub_localized,49
star,50,0.01,0.02,0.0,0.2,0.1,3.0,0.3,0.096,16,58,0.0,0.10204081632653061,37,8,102,0,37,12|6|10|5|12,hub_localized,49
star,50,0.01,0.02,0.0,0.2,0.1,3.0,0.3,0.096,17,59,0.0,0.10204081632653061,36,8,102,0,36,10|6|10|5|13,hub_localized,49
star,50,0.01,0.02,0.0,0.2,0.1,3.0,0.3,0.096,18,60,0.0,0.08163265306122448,35,8,102,0,35,10|6|10|6|14,hub_localized,49
star,50,0.01,0.02,0.0,0.2,0.1,3.0,0.3,0.096,19,61,0.0,0.10204081632653061,34,8,102,0,34,9|6|10|5|15,hub_localized,49
star,50,0.01,0.02,0.0,0.2,0.1,3.0,0.3,0.096,20,62,0.0,0.10204081632653061,33,8,102,0,33,8|6|10|5|16,hub_localized,49
star,50,0.01,0.02,0.0,0.2,0.1,3.0,0.3,0.096,21,63,0.0,0.10204081632653061,32,8,102,0,32,7|6|10|5|17,hub_localized,49
star,50,0.01,0.02,0.0,0.2,0.1,3.0,0.3,0.096,22,64,0.0,0.12244897959183673,49,8,1,0,49,6|6|10|5|17,hub_localized,49
star,50,0.01,0.02,0.0,0.2,0.1,3.0,0.3,0.096,23,65,0.0,0.12244897959183673,48,8,4,0,48,5|6|10|5|17|1,hub_localized,49
star,50,0.01,0.02,0.0,0.2,0.1,3.0,0.3,0.096,24,66,0.0,0.12244897959183673,47,8,4,0,47,4|6|10|5|17|2,hub_localized,49
star,50,0.01,0.02,0.0,0.2,0.1,3.0,0.3,0.096,25,67,0.0,0.12244897959183673,46,8,1,0,46,2|6|10|5|17|3,hub_localized,49
star,50,0.01,0.02,0.0,0.2,0.1,3.0,0.3,0.096,26,68,0.0,0.12244897959183673,45,8,1,0,45,1|6|10|5|17|4,hub_localized,49
star,50,0.01,0.02,0.0,0.2,0.1,3.0,0.3,0.096,27,69,0.0,0.10204081632653061,44,8,1,0,44,1|6|10|6|17|5,hub_localized,49
star,50,0.01,0.02,0.0,0.2,0.1,3.0,0.3,0.096,28,70,0.0,0.10204081632653061,43,8,1,0,43,6|10|5|17|6,hub_localized,49
star,50,0.01,0.02,0.0,0.2,0.1,3.0,0.3,0.096,29,71,0.0,0.10204081632653061,42,8,4,0,42,5|10|5|17|7,hub_localized,49
star,50,0.01,0.02,0.0,0.2,0.1,3.0,0.3,0.096,30,72,0.0,0.10204081632653061,41,8,1,0,41,4|10|5|17|8,hub_localized,49
star,50,0.01,0.02,0.0,0.2,0.1,3.0,0.3,0.096,31,73,0.0,0.10204081632653061,40,8,3,0,40,4|10|5|17|9,hub_localized,49
star,50,0.01,0.02,0.0,0.2,0.1,3.0,0.3,0.096,32,74,0.0,0.10204081632653061,39,8,1,0,39,2|10|5|17|10,hub_localized,49
star,50,0.01,0.02,0.0,0.2,0.1,3.0,0.3,0.096,33,75,0.0,0.10204081632653061,38,8,1,0,38,1|10|5|17|11,hub_localized,49
star,50,0.01,0.02,0.0,0.2,0.1,3.0,0.3,0.096,34,76,0.0,0.10204081632653061,37,8,1,0,37,1|10|5|17|12,hub_localized,49
star,50,0.01,0.02,0.0,0.2,0.1,3.0,0.3,0.096,35,77,0.0,0.061224489795918366,36,8,1,0,36,10|6|17|13,hub_localized,49
star,50,0.01,0.02,0.0,0.2,0.1,3.0,0.3,0.096,36,78,0.0,0.08163265306122448,35,8,1,0,35,9|5|17|14,hub_localized,49
star,50,0.01,0.02,0.0,0.2,0.1,3.0,0.3,0.096,37,79,0.0,0.10204081632653061,49,8,1,0,49,9|5|17|14,hub_localized,49
star,50,0.01,0.02,0.0,0.2,0.1,3.0,0.3,0.096,38,80,0.0,0.08163265306122448,48,8,113,0,48,8|5|32|1,hub_localized,49
star,50,0.01,0.02,0.0,0.2,0.1,3.0,0.3,0.096,39,81,0.0,0.10204081632653061,47,8,1,0,47,7|5|17|14|2,hub_localized,49
star,50,0.01,0.02,0.0,0.2,0.1,3.0,0.3,0.096,40,82,0.0,0.10204081632653061,46,8,4,0,46,5|5|17|14|3,hub_localized,49
star,50,0.01,0.02,0.0,0.2,0.1,3.0,0.3,0.096,41,83,0.0,0.10204081632653061,45,8,1,0,45,5|5|17|14|4,hub_localized,49
star,50,0.01,0.02,0.0,0.2,0.1,3.0,0.3,0.096,42,84,0.0,0.10204081632653061,44,8,4,0,44,3|5|17|14|5,hub_localized,49
star,50,0.01,0.02,0.0,0.2,0.1,3.0,0.3,0.096,43,85,0.0,0.10204081632653061,43,8,1,0,43,2|5|17|14|6,hub_localized,49
star,50,0.01,0.02,0.0,0.2,0.1,3.0,0.3,0.096,44,86,0.0,0.10204081632653061,42,8,4,0,42,2|5|17|14|7,hub_localized,49
star,50,0.01,0.02,0.0,0.2,0.1,3.0,0.3,0.096,45,87,0.0,0.10204081632653061,41,8,1,0,41,1|5|17|14|8,hub_localized,49
star,50,0.01,0.02,0.0,0.2,0.1,3.0,0.3,0.096,46,88,0.0,0.061224489795918366,40,4,113,0,40,5|32|9,hub_localized,49
star,50,0.01,0.02,0.0,0.2,0.1,3.0,0.3,0.096,47,89,0.0,0.061224489795918366,39,5,3,0,39,5|17|14|10,hub_localized,49
star,50,0.01,0.02,0.0,0.2,0.1,3.0,0.3,0.096,48,90,0.0,0.08163265306122448,49,7,1,0,49,4|17|14|10,hub_localized,49
star,50,0.01,0.02,0.0,0.2,0.1,3.0,0.3,0.096,49,91,0.0,0.08163265306122448,48,8,1,0,48,4|17|14|10|1,hub_localized,49
star,50,0.01,0.02,0.0,0.2,0.1,3.0,0.3,0.098,0,42,0.0,0.08163265306122448,46,8,5,0,46,14|12|6|10|3,hub_localized,49
star,50,0.01,0.02,0.0,0.2,0.1,3.0,0.3,0.098,1,43,0.0,0.061224489795918366,45,8,102,0,45,26|6|10|4,hub_localized,49
star,50,0.01,0.02,0.0,0.2,0.1,3.0,0.3,0.098,2,44,0.0,0.12244897959183673,45,8,5,0,45,2|10|12|6|10|4,hub_localized,49
star,50,0.01,0.02,0.0,0.2,0.1,3.0,0.3,0.098,3,45,0.0,0.12244897959183673,44,8,5,0,44,1|10|12|6|10|5,hub_localized,49
star,50,0.01,0.02,0.0,0.2,0.1,3.0,0.3,0.098,4,46,0.0,0.12244897959183673,49,8,5,0,49,10|12|6|10|5,hub_localized,49
star,50,0.01,0.02,0.0,0.2,0.1,3.0,0.3,0.098,5,47,0.0,0.10204081632653061,48,8,102,0,48,22|6|10|5|1,hub_localized,49
star,50,0.01,0.02,0.0,0.2,0.1,3.0,0.3,0.098,6,48,0.0,0.12244897959183673,47,8,5,0,47,9|12|6|10|5|2,hub_localized,49
star,50,0.01,0.02,0.0,0.2,0.1,3.0,0.3,0.098,7,49,0.0,0.12244897959183673,46,8,6,0,46,7|12|6|10|5|3,hub_localized,49
star,50,0.01,0.02,0.0,0.2,0.1,3.0,0.3,0.098,8,50,0.0,0.12244897959183673,45,8,6,0,45,7|12|6|10|5|4,hub_localized,49
star,50,0.01,0.02,0.0,0.2,0.1,3.0,0.3,0.098,9,51,0.0,0.10204081632653061,44,8,102,0,44,19|6|10|5|5,hub_localized,49
star,50,0.01,0.02,0.0,0.2,0.1,3.0,0.3,0.098,10,52,0.0,0.10204081632653061,43,8,102,0,43,17|6|10|5|6,hub_localized,49
star,50,0.01,0.02,0.0,0.2,0.1,3.0,0.3,0.098,11,53,0.0,0.10204081632653061,42,8,102,0,42,16|6|10|5|7,hub_localized,49
star,50,0.01,0.02,0.0,0.2,0.1,3.0,0.3,0.098,12,54,0.0,0.10204081632653061,41,8,102,0,41,16|6|10|5|8,hub_localized,49
star,50,0.01,0.02,0.0,0.2,0.1,3.0,0.3,0.098,13,55,0.0,0.10204081632653061,40,8,102,0,40,14|6|10|5|9,hub_localized,49
star,50,0.01,0.02,0.0,0.2,0.1,3.0,0.3,0.098,14,56,0.0,0.10204081632653061,39,8,102,0,39,14|6|10|5|10,hub_localized,49
star,50,0.01,0.02,0.0,0.2,0.1,3.0,0.3,0.098,15,57,0.0,0.10204081632653061,38,8,102,0,38,12|6|10|5|11,hub_localized,49
star,50,0.01,0.02,0.0,0.2,0.1,3.0,0.3,0.098,16,58,0.0,0.10204081632653061,37,8,102,0,37,12|6|10|5|12,hub_localized,49
star,50,0.01,0.02,0.0,0.2,0.1,3.0,0.3,0.098,17,59,0.0,0.10204081632653061,36,8,102,0,36,10|6|10|5|13,hub_localized,49
star,50,0.01,0.02,0.0,0.2,0.1,3.0,0.3,0.098,18,60,0.0,0.08163265306122448,35,8,102,0,35,10|6|10|6|14,hub_localized,49
star,50,0.01,0.02,0.0,0.2,0.1,3.0,0.3,0.098,19,61,0.0,0.10204081632653061,34,8,102,0,34,9|6|10|5|15,hub_localized,49
star,50,0.01,0.02,0.0,0.2,0.1,3.0,0.3,0.098,20,62,0.0,0.10204081632653061,33,8,102,0,33,8|6|10|5|16,hub_localized,49
star,50,0.01,0.02,0.0,0.2,0.1,3.0,0.3,0.098,21,63,0.0,0.10204081632653061,32,8,102,0,32,7|6|10|5|17,hub_localized,49
star,50,0.01,0.02,0.0,0.2,0.1,3.0,0.3,0.098,22,64,0.0,0.12244897959183673,49,8,1,0,49,6|6|10|5|17,hub_localized,49
star,50,0.01,0.02,0.0,0.2,0.1,3.0,0.3,0.098,23,65,0.0,0.12244897959183673,48,8,4,0,48,5|6|10|5|17|1,hub_localized,49
star,50,0.01,0.02,0.0,0.2,0.1,3.0,0.3,0.098,24,66,0.0,0.12244897959183673,47,8,4,0,47,4|6|10|5|17|2,hub_localized,49
star,50,0.01,0.02,0.0,0.2,0.1,3.0,0.3,0.098,25,67,0.0,0.12244897959183673,46,8,1,0,46,2|6|10|5|17|3,hub_localized,49
star,50,0.01,0.02,0.0,0.2,0.1,3.0,0.3,0.098,26,68,0.0,0.12244897959183673,45,8,1,0,45,1|6|10|5|17|4,hub_localized,49
star,50,0.01,0.02,0.0,0.2,0.1,3.0,0.3,0.098,27,69,0.0,0.10204081632653061,44,8,1,0,44,1|6|10|6|17|5,hub_localized,49
star,50,0.01,0.02,0.0,0.2,0.1,3.0,0.3,0.098,28,70,0.0,0.10204081632653061,43,8,1,0,43,6|10|5|17|6,hub_localized,49
star,50,0.01,0.02,0.0,0.2,0.1,3.0,0.3,0.098,29,71,0.0,0.10204081632653061,42,8,4,0,42,5|10|5|17|7,hub_localized,49
star,50,0.01,0.02,0.0,0.2,0.1,3.0,0.3,0.098,30,72,0.0,0.10204081632653061,41,8,1,0,41,4|10|5|17|8,hub_localized,49
star,50,0.01,0.02,0.0,0.2,0.1,3.0,0.3,0.098,31,73,0.0,0.10204081632653061,40,8,3,0,40,4|10|5|17|9,hub_localized,49
star,50,0.01,0.02,0.0,0.2,0.1,3.0,0.3,0.098,32,74,0.0,0.10204081632653061,39,8,1,0,39,2|10|5|17|10,hub_localized,49
star,50,0.01,0.02,0.0,0.2,0.1,3.0,0.3,0.098,33,75,0.0,0.10204081632653061,38,8,1,0,38,1|10|5|17|11,hub_localized,49
star,50,0.01,0.02,0.0,0.2,0.1,3.0,0.3,0.098,34,76,0.0,0.10204081632653061,37,8,1,0,37,1|10|5|17|12,hub_localized,49
star,50,0.01,0.02,0.0,0.2,0.1,3.0,0.3,0.098,35,77,0.0,0.061224489795918366,36,8,1,0,36,10|6|17|13,hub_localized,49
star,50,0.01,0.02,0.0,0.2,0.1,3.0,0.3,0.098,36,78,0.0,0.08163265306122448,35,8,1,0,35,9|5|17|14,hub_localized,49
star,50,0.01,0.02,0.0,0.2,0.1,3.0,0.3,0.098,37,79,0.0,0.10204081632653061,49,8,1,0,49,9|5|17|14,hub_localized,49
star,50,0.01,0.02,0.0,0.2,0.1,3.0,0.3,0.098,38,80,0.0,0.08163265306122448,48,8,113,0,48,8|5|32|1,hub_localized,49
star,50,0.01,0.02,0.0,0.2,0.1,3.0,0.3,0.098,39,81,0.0,0.10204081632653061,47,8,1,0,47,7|5|17|14|2,hub_localized,49
star,50,0.01,0.02,0.0,0.2,0.1,3.0,0.3,0.098,40,82,0.0,0.10204081632653061,46,8,4,0,46,5|5|17|14|3,hub_localized,49
star,50,0.01,0.02,0.0,0.2,0.1,3.0,0.3,0.098,41,83,0.0,0.10204081632653061,45,8,1,0,45,5|5|17|14|4,hub_localized,49
star,50,0.01,0.02,0.0,0.2,0.1,3.0,0.3,0.098,42,84,0.0,0.10204081632653061,44,8,4,0,44,3|5|17|14|5,hub_localized,49
star,50,0.01,0.02,0.0,0.2,0.1,3.0,0.3,0.098,43,85,0.0,0.10204081632653061,43,8,1,0,43,2|5|17|14|6,hub_localized,49
star,50,0.01,0.02,0.0,0.2,0.1,3.0,0.3,0.098,44,86,0.0,0.10204081632653061,42,8,4,0,42,2|5|17|14|7,hub_localized,49
star,50,0.01,0.02,0.0,0.2,0.1,3.0,0.3,0.098,45,87,0.0,0.10204081632653061,41,8,1,0,41,1|5|17|14|8,hub_localized,49
star,50,0.01,0.02,0.0,0.2,0.1,3.0,0.3,0.098,46,88,0.0,0.061224489795918366,40,4,113,0,40,5|32|9,hub_localized,49
star,50,0.01,0.02,0.0,0.2,0.1,3.0,0.3,0.098,47,89,0.0,0.061224489795918366,39,5,3,0,39,5|17|14|10,hub_localized,49
star,50,0.01,0.02,0.0,0.2,0.1,3.0,0.3,0.098,48,90,0.0,0.08163265306122448,49,7,1,0,49,4|17|14|10,hub_localized,49
star,50,0.01,0.02,0.0,0.2,0.1,3.0,0.3,0.098,49,91,0.0,0.08163265306122448,48,7,1,0,48,4|17|14|10|1,hub_localized,49
star,50,0.01,0.02,0.0,0.2,0.1,3.0,0.3,0.1,0,42,0.0,0.08163265306122448,46,8,5,0,46,14|12|6|10|3,hub_localized,49
star,50,0.01,0.02,0.0,0.2,0.1,3.0,0.3,0.1,1,43,0.0,0.061224489795918366,45,8,102,0,45,26|6|10|4,hub_localized,49
star,50,0.01,0.02,0.0,0.2,0.1,3.0,0.3,0.1,2,44,0.0,0.12244897959183673,45,8,5,0,45,2|10|12|6|10|4,hub_localized,49
star,50,0.01,0.02,0.0,0.2,0.1,3.0,0.3,0.1,3,45,0.0,0.12244897959183673,44,8,5,0,44,1|10|12|6|10|5,hub_localized,49
star,50,0.01,0.02,0.0,0.2,0.1,3.0,0.3,0.1,4,46,0.0,0.12244897959183673,49,8,5,0,49,10|12|6|10|5,hub_localized,49
star,50,0.01,0.02,0.0,0.2,0.1,3.0,0.3,0.1,5,47,0.0,0.10204081632653061,48,8,102,0,48,22|6|10|5|1,hub_localized,49
star,50,0.01,0.02,0.0,0.2,0.1,3.0,0.3,0.1,6,48,0.0,0.12244897959183673,47,8,5,0,47,9|12|6|10|5|2,hub_localized,49
star,50,0.01,0.02,0.0,0.2,0.1,3.0,0.3,0.1,7,49,0.0,0.10204081632653061,46,8,102,0,46,20|6|10|5|3,hub_localized,49
star,50,0.01,0.02,0.0,0.2,0.1,3.0,0.3,0.1,8,50,0.0,0.10204081632653061,45,8,102,0,45,20|6|10|5|4,hub_localized,49
star,50,0.01,0.02,0.0,0.2,0.1,3.0,0.3,0.1,9,51,0.0,0.10204081632653061,44,8,102,0,44,19|6|10|5|5,hub_localized,49
star,50,0.01,0.02,0.0,0.2,0.1,3.0,0.3,0.1,10,52,0.0,0.10204081632653061,43,8,102,0,43,17|6|10|5|6,hub_localized,49
star,50,0.01,0.02,0.0,0.2,0.1,3.0,0.3,0.1,11,53,0.0,0.10204081632653061,42,8,102,0,42,16|6|10|5|7,hub_localized,49
star,50,0.01,0.02,0.0,0.2,0.1,3.0,0.3,0.1,12,54,0.0,0.10204081632653061,41,8,102,0,41,16|6|10|5|8,hub_localized,49
star,50,0.01,0.02,0.0,0.2,0.1,3.0,0.3,0.1,13,55,0.0,0.10204081632653061,40,8,102,0,40,14|6|10|5|9,hub_localized,49
star,50,0.01,0.02,0.0,0.2,0.1,3.0,0.3,0.1,14,56,0.0,0.10204081632653061,39,8,102,0,39,14|6|10|5|10,hub_localized,49
star,50,0.01,0.02,0.0,0.2,0.1,3.0,0.3,0.1,15,57,0.0,0.10204081632653061,38,8,102,0,38,12|6|10|5|11,hub_localized,49
star,50,0.01,0.02,0.0,0.2,0.1,3.0,0.3,0.1,16,58,0.0,0.10204081632653061,37,8,102,0,37,12|6|10|5|12,hub_localized,49
star,50,0.01,0.02,0.0,0.2,0.1,3.0,0.3,0.1,17,59,0.0,0.10204081632653061,36,8,102,0,36,10|6|10|5|13,hub_localized,49
star,50,0.01,0.02,0.0,0.2,0.1,3.0,0.3,0.1,18,60,0.0,0.08163265306122448,35,8,102,0,35,10|6|10|6|14,hub_localized,49
star,50,0.01,0.02,0.0,0.2,0.1,3.0,0.3,0.1,19,61,0.0,0.10204081632653061,34,8,102,0,34,9|6|10|5|15,hub_localized,49
star,50,0.01,0.02,0.0,0.2,0.1,3.0,0.3,0.1,20,62,0.0,0.10204081632653061,33,8,102,0,33,8|6|10|5|16,hub_localized,49
star,50,0.01,0.02,0.0,0.2,0.1,3.0,0.3,0.1,21,63,0.0,0.10204081632653061,32,8,102,0,32,7|6|10|5|17,hub_localized,49
star,50,0.01,0.02,0.0,0.2,0.1,3.0,0.3,0.1,22,64,0.0,0.12244897959183673,49,8,1,0,49,6|6|10|5|17,hub_localized,49
star,50,0.01,0.02,0.0,0.2,0.1,3.0,0.3,0.1,23,65,0.0,0.12244897959183673,48,8,4,0,48,5|6|10|5|17|1,hub_localized,49
star,50,0.01,0.02,0.0,0.2,0.1,3.0,0.3,0.1,24,66,0.0,0.12244897959183673,47,8,4,0,47,4|6|10|5|17|2,hub_localized,49
star,50,0.01,0.02,0.0,0.2,0.1,3.0,0.3,0.1,25,67,0.0,0.12244897959183673,46,8,1,0,46,2|6|10|5|17|3,hub_localized,49
star,50,0.01,0.02,0.0,0.2,0.1,3.0,0.3,0.1,26,68,0.0,0.12244897959183673,45,8,1,0,45,1|6|10|5|17|4,hub_localized,49
star,50,0.01,0.02,0.0,0.2,0.1,3.0,0.3,0.1,27,69,0.0,0.10204081632653061,44,8,1,0,44,1|6|10|6|17|5,hub_localized,49
star,50,0.01,0.02,0.0,0.2,0.1,3.0,0.3,0.1,28,70,0.0,0.10204081632653061,43,8,1,0,43,6|10|5|17|6,hub_localized,49
star,50,0.01,0.02,0.0,0.2,0.1,3.0,0.3,0.1,29,71,0.0,0.10204081632653061,42,8,4,0,42,5|10|5|17|7,hub_localized,49
star,50,0.01,0.02,0.0,0.2,0.1,3.0,0.3,0.1,30,72,0.0,0.10204081632653061,41,8,1,0,41,4|10|5|17|8,hub_localized,49
star,50,0.01,0.02,0.0,0.2,0.1,3.0,0.3,0.1,31,73,0.0,0.10204081632653061,40,8,3,0,40,4|10|5|17|9,hub_localized,49
star,50,0.01,0.02,0.0,0.2,0.1,3.0,0.3,0.1,32,74,0.0,0.10204081632653061,39,8,1,0,39,2|10|5|17|10,hub_localized,49
star,50,0.01,0.02,0.0,0.2,0.1,3.0,0.3,0.1,33,75,0.0,0.10204081632653061,38,8,1,0,38,1|10|5|17|11,hub_localized,49
star,50,0.01,0.02,0.0,0.2,0.1,3.0,0.3,0.1,34,76,0.0,0.10204081632653061,37,8,1,0,37,1|10|5|17|12,hub_localized,49
star,50,0.01,0.02,0.0,0.2,0.1,3.0,0.3,0.1,35,77,0.0,0.061224489795918366,36,8,1,0,36,10|6|17|13,hub_localized,49
star,50,0.01,0.02,0.0,0.2,0.1,3.0,0.3,0.1,36,78,0.0,0.08163265306122448,35,8,1,0,35,9|5|17|14,hub_localized,49
star,50,0.01,0.02,0.0,0.2,0.1,3.0,0.3,0.1,37,79,0.0,0.10204081632653061,49,8,1,0,49,9|5|17|14,hub_localized,49
star,50,0.01,0.02,0.0,0.2,0.1,3.0,0.3,0.1,38,80,0.0,0.08163265306122448,48,8,113,0,48,8|5|32|1,hub_localized,49
star,50,0.01,0.02,0.0,0.2,0.1,3.0,0.3,0.1,39,81,0.0,0.10204081632653061,47,8,1,0,47,7|5|17|14|2,hub_localized,49
star,50,0.01,0.02,0.0,0.2,0.1,3.0,0.3,0.1,40,82,0.0,0.10204081632653061,46,8,4,0,46,5|5|17|14|3,hub_localized,49
star,50,0.01,0.02,0.0,0.2,0.1,3.0,0.3,0.1,41,83,0.0,0.10204081632653061,45,8,1,0,45,5|5|17|14|4,hub_localized,49
star,50,0.01,0.02,0.0,0.2,0.1,3.0,0.3,0.1,42,84,0.0,0.10204081632653061,44,8,4,0,44,3|5|17|14|5,hub_localized,49
star,50,0.01,0.02,0.0,0.2,0.1,3.0,0.3,0.1,43,85,0.0,0.10204081632653061,43,8,1,0,43,2|5|17|14|6,hub_localized,49
star,50,0.01,0.02,0.0,0.2,0.1,3.0,0.3,0.1,44,86,0.0,0.10204081632653061,42,8,4,0,42,2|5|17|14|7,hub_localized,49
star,50,0.01,0.02,0.0,0.2,0.1,3.0,0.3,0.1,45,87,0.0,0.10204081632653061,41,8,1,0,41,1|5|17|14|8,hub_localized,49
star,50,0.01,0.02,0.0,0.2,0.1,3.0,0.3,0.1,46,88,0.0,0.061224489795918366,40,4,113,0,40,5|32|9,hub_localized,49
star,50,0.01,0.02,0.0,0.2,0.1,3.0,0.3,0.1,47,89,0.0,0.061224489795918366,39,5,3,0,39,5|17|14|10,hub_localized,49
star,50,0.01,0.02,0.0,0.2,0.1,3.0,0.3,0.1,48,90,0.0,0.08163265306122448,49,7,1,0,49,4|17|14|10,hub_localized,49
star,50,0.01,0.02,0.0,0.2,0.1,3.0,0.3,0.1,49,91,0.0,0.08163265306122448,48,7,1,0,48,4|17|14|10|1,hub_localized,49
star,50,0.01,0.02,0.0,0.2,0.1,3.0,0.3,0.102,0,42,0.0,0.08163265306122448,46,8,5,0,46,14|12|6|10|3,hub_localized,49
star,50,0.01,0.02,0.0,0.2,0.1,3.0,0.3,0.102,1,43,0.0,0.061224489795918366,45,8,102,0,45,26|6|10|4,hub_localized,49
star,50,0.01,0.02,0.0,0.2,0.1,3.0,0.3,0.102,2,44,0.0,0.10204081632653061,45,8,5,0,45,13|12|6|10|4,hub_localized,49
star,50,0.01,0.02,0.0,0.2,0.1,3.0,0.3,0.102,3,45,0.0,0.12244897959183673,44,8,5,0,44,1|10|12|6|10|5,hub_localized,49
star,50,0.01,0.02,0.0,0.2,0.1,3.0,0.3,0.102,4,46,0.0,0.12244897959183673,49,8,5,0,49,10|12|6|10|5,hub_localized,49
star,50,0.01,0.02,0.0,0.2,0.1,3.0,0.3,0.102,5,47,0.0,0.10204081632653061,48,8,102,0,48,22|6|10|5|1,hub_localized,49
star,50,0.01,0.02,0.0,0.2,0.1,3.0,0.3,0.102,6,48,0.0,0.12244897959183673,47,8,5,0,47,9|12|6|10|5|2,hub_localized,49
star,50,0.01,0.02,0.0,0.2,0.1,3.0,0.3,0.102,7,49,0.0,0.10204081632653061,46,8,102,0,46,20|6|10|5|3,hub_localized,49
star,50,0.01,0.02,0.0,0.2,0.1,3.0,0.3,0.102,8,50,0.0,0.10204081632653061,45,8,102,0,45,20|6|10|5|4,hub_localized,49
star,50,0.01,0.02,0.0,0.2,0.1,3.0,0.3,0.102,9,51,0.0,0.10204081632653061,44,8,102,0,44,19|6|10|5|5,hub_localized,49
star,50,0.01,0.02,0.0,0.2,0.1,3.0,0.3,0.102,10,52,0.0,0.10204081632653061,43,8,102,0,43,17|6|10|5|6,hub_localized,49
star,50,0.01,0.02,0.0,0.2,0.1,3.0,0.3,0.102,11,53,0.0,0.10204081632653061,42,8,102,0,42,16|6|10|5|7,hub_localized,49
star,50,0.01,0.02,0.0,0.2,0.1,3.0,0.3,0.102,12,54,0.0,0.10204081632653061,41,8,102,0,41,16|6|10|5|8,hub_localized,49
star,50,0.01,0.02,0.0,0.2,0.1,3.0,0.3,0.102,13,55,0.0,0.10204081632653061,40,8,102,0,40,14|6|10|5|9,hub_localized,49
star,50,0.01,0.02,0.0,0.2,0.1,3.0,0.3,0.102,14,56,0.0,0.10204081632653061,39,8,102,0,39,14|6|10|5|10,hub_localized,49
star,50,0.01,0.02,0.0,0.2,0.1,3.0,0.3,0.102,15,57,0.0,0.10204081632653061,38,8,102,0,38,12|6|10|5|11,hub_localized,49
star,50,0.01,0.02,0.0,0.2,0.1,3.0,0.3,0.102,16,58,0.0,0.10204081632653061,37,8,102,0,37,12|6|10|5|12,hub_localized,49
star,50,0.01,0.02,0.0,0.2,0.1,3.0,0.3,0.102,17,59,0.0,0.10204081632653061,36,8,102,0,36,10|6|10|5|13,hub_localized,49
star,50,0.01,0.02,0.0,0.2,0.1,3.0,0.3,0.102,18,60,0.0,0.08163265306122448,35,8,102,0,35,10|6|10|6|14,hub_localized,49
star,50,0.01,0.02,0.0,0.2,0.1,3.0,0.3,0.102,19,61,0.0,0.10204081632653061,34,8,102,0,34,9|6|10|5|15,hub_localized,49
star,50,0.01,0.02,0.0,0.2,0.1,3.0,0.3,0.102,20,62,0.0,0.10204081632653061,33,8,102,0,33,8|6|10|5|16,hub_localized,49
star,50,0.01,0.02,0.0,0.2,0.1,3.0,0.3,0.102,21,63,0.0,0.10204081632653061,32,8,102,0,32,7|6|10|5|17,hub_localized,49
star,50,0.01,0.02,0.0,0.2,0.1,3.0,0.3,0.102,22,64,0.0,0.12244897959183673,49,8,1,0,49,6|6|10|5|17,hub_localized,49
star,50,0.01,0.02,0.0,0.2,0.1,3.0,0.3,0.102,23,65,0.0,0.12244897959183673,48,8,4,0,48,5|6|10|5|17|1,hub_localized,49
star,50,0.01,0.02,0.0,0.2,0.1,3.0,0.3,0.102,24,66,0.0,0.12244897959183673,47,8,4,0,47,4|6|10|5|17|2,hub_localized,49
star,50,0.01,0.02,0.0,0.2,0.1,3.0,0.3,0.102,25,67,0.0,0.12244897959183673,46,8,1,0,46,2|6|10|5|17|3,hub_localized,49
star,50,0.01,0.02,0.0,0.2,0.1,3.0,0.3,0.102,26,68,0.0,0.12244897959183673,45,8,1,0,45,1|6|10|5|17|4,hub_localized,49
star,50,0.01,0.02,0.0,0.2,0.1,3.0,0.3,0.102,27,69,0.0,0.10204081632653061,44,8,1,0,44,1|6|10|6|17|5,hub_localized,49
star,50,0.01,0.02,0.0,0.2,0.1,3.0,0.3,0.102,28,70,0.0,0.10204081632653061,43,8,1,0,43,6|10|5|17|6,hub_localized,49
star,50,0.01,0.02,0.0,0.2,0.1,3.0,0.3,0.102,29,71,0.0,0.10204081632653061,42,8,4,0,42,5|10|5|17|7,hub_localized,49
star,50,0.01,0.02,0.0,0.2,0.1,3.0,0.3,0.102,30,72,0.0,0.10204081632653061,41,8,1,0,41,4|10|5|17|8,hub_localized,49
star,50,0.01,0.02,0.0,0.2,0.1,3.0,0.3,0.102,31,73,0.0,0.10204081632653061,40,8,3,0,40,4|10|5|17|9,hub_localized,49
star,50,0.01,0.02,0.0,0.2,0.1,3.0,0.3,0.102,32,74,0.0,0.10204081632653061,39,8,1,0,39,2|10|5|17|10,hub_localized,49
star,50,0.01,0.02,0.0,0.2,0.1,3.0,0.3,0.102,33,75,0.0,0.10204081632653061,38,8,1,0,38,1|10|5|17|11,hub_localized,49
star,50,0.01,0.02,0.0,0.2,0.1,3.0,0.3,0.102,34,76,0.0,0.10204081632653061,37,8,1,0,37,1|10|5|17|12,hub_localized,49
star,50,0.01,0.02,0.0,0.2,0.1,3.0,0.3,0.102,35,77,0.0,0.061224489795918366,36,8,1,0,36,10|6|17|13,hub_localized,49
star,50,0.01,0.02,0.0,0.2,0.1,3.0,0.3,0.102,36,78,0.0,0.08163265306122448,35,8,1,0,35,9|5|17|14,hub_localized,49
star,50,0.01,0.02,0.0,0.2,0.1,3.0,0.3,0.102,37,79,0.0,0.10204081632653061,49,8,1,0,49,9|5|17|14,hub_localized,49
star,50,0.01,0.02,0.0,0.2,0.1,3.0,0.3,0.102,38,80,0.0,0.08163265306122448,48,8,113,0,48,8|5|32|1,hub_localized,49
star,50,0.01,0.02,0.0,0.2,0.1,3.0,0.3,0.102,39,81,0.0,0.10204081632653061,47,8,1,0,47,7|5|17|14|2,hub_localized,49
star,50,0.01,0.02,0.0,0.2,0.1,3.0,0.3,0.102,40,82,0.0,0.10204081632653061,46,8,4,0,46,5|5|17|14|3,hub_localized,49
star,50,0.01,0.02,0.0,0.2,0.1,3.0,0.3,0.102,41,83,0.0,0.10204081632653061,45,8,1,0,45,5|5|17|14|4,hub_localized,49
star,50,0.01,0.02,0.0,0.2,0.1,3.0,0.3,0.102,42,84,0.0,0.10204081632653061,44,8,4,0,44,3|5|17|14|5,hub_localized,49
star,50,0.01,0.02,0.0,0.2,0.1,3.0,0.3,0.102,43,85,0.0,0.10204081632653061,43,8,1,0,43,2|5|17|14|6,hub_localized,49
star,50,0.01,0.02,0.0,0.2,0.1,3.0,0.3,0.102,44,86,0.0,0.10204081632653061,42,8,4,0,42,2|5|17|14|7,hub_localized,49
star,50,0.01,0.02,0.0,0.2,0.1,3.0,0.3,0.102,45,87,0.0,0.10204081632653061,41,8,1,0,41,1|5|17|14|8,hub_localized,49
star,50,0.01,0.02,0.0,0.2,0.1,3.0,0.3,0.102,46,88,0.0,0.061224489795918366,40,4,113,0,40,5|32|9,hub_localized,49
star,50,0.01,0.02,0.0,0.2,0.1,3.0,0.3,0.102,47,89,0.0,0.061224489795918366,39,4,3,0,39,5|17|14|10,hub_localized,49
star,50,0.01,0.02,0.0,0.2,0.1,3.0,0.3,0.102,48,90,0.0,0.08163265306122448,49,7,1,0,49,4|17|14|10,hub_localized,49
star,50,0.01,0.02,0.0,0.2,0.1,3.0,0.3,0.102,49,91,0.0,0.08163265306122448,48,7,1,0,48,4|17|14|10|1,hub_localized,49
star,50,0.01,0.02,0.0,0.2,0.1,3.0,0.3,0.104,0,42,0.0,0.08163265306122448,46,8,5,0,46,14|12|6|10|3,hub_localized,49
star,50,0.01,0.02,0.0,0.2,0.1,3.0,0.3,0.104,1,43,0.0,0.061224489795918366,45,8,103,0,45,26|6|10|4,hub_localized,49
star,50,0.01,0.02,0.0,0.2,0.1,3.0,0.3,0.104,2,44,0.0,0.10204081632653061,45,8,5,0,45,13|12|6|10|4,hub_localized,49
star,50,0.01,0.02,0.0,0.2,0.1,3.0,0.3,0.104,3,45,0.0,0.10204081632653061,44,8,5,0,44,12|12|6|10|5,hub_localized,49
star,50,0.01,0.02,0.0,0.2,0.1,3.0,0.3,0.104,4,46,0.0,0.12244897959183673,49,8,6,0,49,11|12|6|10|5,hub_localized,49
star,50,0.01,0.02,0.0,0.2,0.1,3.0,0.3,0.104,5,47,0.0,0.10204081632653061,48,8,103,0,48,22|6|10|5|1,hub_localized,49
star,50,0.01,0.02,0.0,0.2,0.1,3.0,0.3,0.104,6,48,0.0,0.12244897959183673,47,8,5,0,47,9|12|6|10|5|2,hub_localized,49
star,50,0.01,0.02,0.0,0.2,0.1,3.0,0.3,0.104,7,49,0.0,0.10204081632653061,46,8,103,0,46,20|6|10|5|3,hub_localized,49
star,50,0.01,0.02,0.0,0.2,0.1,3.0,0.3,0.104,8,50,0.0,0.10204081632653061,45,8,103,0,45,20|6|10|5|4,hub_localized,49
star,50,0.01,0.02,0.0,0.2,0.1,3.0,0.3,0.104,9,51,0.0,0.10204081632653061,44,8,103,0,44,19|6|10|5|5,hub_localized,49
star,50,0.01,0.02,0.0,0.2,0.1,3.0,0.3,0.104,10,52,0.0,0.10204081632653061,43,8,103,0,43,17|6|10|5|6,hub_localized,49
star,50,0.01,0.02,0.0,0.2,0.1,3.0,0.3,0.104,11,53,0.0,0.10204081632653061,42,8,103,0,42,16|6|10|5|7,hub_localized,49
star,50,0.01,0.02,0.0,0.2,0.1,3.0,0.3,0.104,12,54,0.0,0.10204081632653061,41,8,103,0,41,16|6|10|5|8,hub_localized,49
star,50,0.01,0.02,0.0,0.2,0.1,3.0,0.3,0.104,13,55,0.0,0.10204081632653061,40,8,103,0,40,14|6|10|5|9,hub_localized,49
star,50,0.01,0.02,0.0,0.2,0.1,3.0,0.3,0.104,14,56,0.0,0.10204081632653061,39,8,103,0,39,14|6|10|5|10,hub_localized,49
star,50,0.01,0.02,0.0,0.2,0.1,3.0,0.3,0.104,15,57,0.0,0.10204081632653061,38,8,103,0,38,12|6|10|5|11,hub_localized,49
star,50,0.01,0.02,0.0,0.2,0.1,3.0,0.3,0.104,16,58,0.0,0.10204081632653061,37,8,103,0,37,12|6|10|5|12,hub_localized,49
star,50,0.01,0.02,0.0,0.2,0.1,3.0,0.3,0.104,17,59,0.0,0.10204081632653061,36,8,103,0,36,10|6|10|5|13,hub_localized,49
star,50,0.01,0.02,0.0,0.2,0.1,3.0,0.3,0.104,18,60,0.0,0.08163265306122448,35,8,103,0,35,10|6|10|6|14,hub_localized,49
star,50,0.01,0.02,0.0,0.2,0.1,3.0,0.3,0.104,19,61,0.0,0.10204081632653061,34,8,103,0,34,9|6|10|5|15,hub_localized,49
star,50,0.01,0.02,0.0,0.2,0.1,3.0,0.3,0.104,20,62,0.0,0.10204081632653061,33,8,103,0,33,8|6|10|5|16,hub_localized,49
star,50,0.01,0.02,0.0,0.2,0.1,3.0,0.3,0.104,21,63,0.0,0.10204081632653061,32,8,103,0,32,7|6|10|5|17,hub_localized,49
star,50,0.01,0.02,0.0,0.2,0.1,3.0,0.3,0.104,22,64,0.0,0.12244897959183673,49,8,1,0,49,6|6|10|5|17,hub_localized,49
star,50,0.01,0.02,0.0,0.2,0.1,3.0,0.3,0.104,23,65,0.0,0.12244897959183673,48,8,4,0,48,5|6|10|5|17|1,hub_localized,49
star,50,0.01,0.02,0.0,0.2,0.1,3.0,0.3,0.104,24,66,0.0,0.12244897959183673,47,8,4,0,47,4|6|10|5|17|2,hub_localized,49
star,50,0.01,0.02,0.0,0.2,0.1,3.0,0.3,0.104,25,67,0.0,0.12244897959183673,46,8,1,0,46,2|6|10|5|17|3,hub_localized,49
star,50,0.01,0.02,0.0,0.2,0.1,3.0,0.3,0.104,26,68,0.0,0.12244897959183673,45,8,1,0,45,1|6|10|5|17|4,hub_localized,49
star,50,0.01,0.02,0.0,0.2,0.1,3.0,0.3,0.104,27,69,0.0,0.10204081632653061,44,8,1,0,44,1|6|10|6|17|5,hub_localized,49
star,50,0.01,0.02,0.0,0.2,0.1,3.0,0.3,0.104,28,70,0.0,0.10204081632653061,43,8,1,0,43,6|10|5|17|6,hub_localized,49
star,50,0.01,0.02,0.0,0.2,0.1,3.0,0.3,0.104,29,71,0.0,0.10204081632653061,42,8,4,0,42,5|10|5|17|7,hub_localized,49
star,50,0.01,0.02,0.0,0.2,0.1,3.0,0.3,0.104,30,72,0.0,0.10204081632653061,41,8,1,0,41,5|10|5|17|8,hub_localized,49
star,50,0.01,0.02,0.0,0.2,0.1,3.0,0.3,0.104,31,73,0.0,0.10204081632653061,40,8,3,0,40,4|10|5|17|9,hub_localized,49
star,50,0.01,0.02,0.0,0.2,0.1,3.0,0.3,0.104,32,74,0.0,0.10204081632653061,39,8,1,0,39,3|10|5|17|10,hub_localized,49
star,50,0.01,0.02,0.0,0.2,0.1,3.0,0.3,0.104,33,75,0.0,0.10204081632653061,38,8,1,0,38,1|10|5|17|11,hub_localized,49
star,50,0.01,0.02,0.0,0.2,0.1,3.0,0.3,0.104,34,76,0.0,0.10204081632653061,37,8,1,0,37,1|10|5|17|12,hub_localized,49
star,50,0.01,0.02,0.0,0.2,0.1,3.0,0.3,0.104,35,77,0.0,0.061224489795918366,36,8,1,0,36,10|6|17|13,hub_localized,49
star,50,0.01,0.02,0.0,0.2,0.1,3.0,0.3,0.104,36,78,0.0,0.08163265306122448,35,8,1,0,35,9|5|17|14,hub_localized,49
star,50,0.01,0.02,0.0,0.2,0.1,3.0,0.3,0.104,37,79,0.0,0.10204081632653061,49,8,1,0,49,9|5|17|14,hub_localized,49
star,50,0.01,0.02,0.0,0.2,0.1,3.0,0.3,0.104,38,80,0.0,0.08163265306122448,48,8,113,0,48,8|5|32|1,hub_localized,49
star,50,0.01,0.02,0.0,0.2,0.1,3.0,0.3,0.104,39,81,0.0,0.10204081632653061,47,8,1,0,47,7|5|17|14|2,hub_localized,49
star,50,0.01,0.02,0.0,0.2,0.1,3.0,0.3,0.104,40,82,0.0,0.10204081632653061,46,8,4,0,46,5|5|17|14|3,hub_localized,49
star,50,0.01,0.02,0.0,0.2,0.1,3.0,0.3,0.104,41,83,0.0,0.10204081632653061,45,8,1,0,45,5|5|17|14|4,hub_localized,49
star,50,0.01,0.02,0.0,0.2,0.1,3.0,0.3,0.104,42,84,0.0,0.10204081632653061,44,8,4,0,44,3|5|17|14|5,hub_localized,49
star,50,0.01,0.02,0.0,0.2,0.1,3.0,0.3,0.104,43,85,0.0,0.10204081632653061,43,8,1,0,43,2|5|17|14|6,hub_localized,49
star,50,0.01,0.02,0.0,0.2,0.1,3.0,0.3,0.104,44,86,0.0,0.10204081632653061,42,8,4,0,42,2|5|17|14|7,hub_localized,49
star,50,0.01,0.02,0.0,0.2,0.1,3.0,0.3,0.104,45,87,0.0,0.10204081632653061,41,8,1,0,41,1|5|17|14|8,hub_localized,49
star,50,0.01,0.02,0.0,0.2,0.1,3.0,0.3,0.104,46,88,0.0,0.061224489795918366,40,4,113,0,40,5|32|9,hub_localized,49
star,50,0.01,0.02,0.0,0.2,0.1,3.0,0.3,0.104,47,89,0.0,0.061224489795918366,39,4,3,0,39,5|17|14|10,hub_localized,49
star,50,0.01,0.02,0.0,0.2,0.1,3.0,0.3,0.104,48,90,0.0,0.08163265306122448,49,7,1,0,49,5|17|14|10,hub_localized,49
star,50,0.01,0.02,0.0,0.2,0.1,3.0,0.3,0.104,49,91,0.0,0.08163265306122448,48,7,1,0,48,4|17|14|10|1,hub_localized,49
star,50,0.01,0.02,0.0,0.2,0.1,3.0,0.3,0.106,0,42,0.0,0.10204081632653061,47,8,5,0,47,14|12|6|10|2,hub_localized,49
star,50,0.01,0.02,0.0,0.2,0.1,3.0,0.3,0.106,1,43,0.0,0.061224489795918366,45,8,103,0,45,26|6|10|4,hub_localized,49
star,50,0.01,0.02,0.0,0.2,0.1,3.0,0.3,0.106,2,44,0.0,0.10204081632653061,45,8,5,0,45,13|12|6|10|4,hub_localized,49
star,50,0.01,0.02,0.0,0.2,0.1,3.0,0.3,0.106,3,45,0.0,0.10204081632653061,44,8,5,0,44,12|12|6|10|5,hub_localized,49
star,50,0.01,0.02,0.0,0.2,0.1,3.0,0.3,0.106,4,46,0.0,0.10204081632653061,49,8,103,0,49,24|6|10|5,hub_localized,49
star,50,0.01,0.02,0.0,0.2,0.1,3.0,0.3,0.106,5,47,0.0,0.10204081632653061,48,8,103,0,48,22|6|10|5|1,hub_localized,49
star,50,0.01,0.02,0.0,0.2,0.1,3.0,0.3,0.106,6,48,0.0,0.12244897959183673,47,8,5,0,47,9|12|6|10|5|2,hub_localized,49
star,50,0.01,0.02,0.0,0.2,0.1,3.0,0.3,0.106,7,49,0.0,0.10204081632653061,46,8,103,0,46,20|6|10|5|3,hub_localized,49
star,50,0.01,0.02,0.0,0.2,0.1,3.0,0.3,0.106,8,50,0.0,0.10204081632653061,45,8,103,0,45,20|6|10|5|4,hub_localized,49
star,50,0.01,0.02,0.0,0.2,0.1,3.0,0.3,0.106,9,51,0.0,0.10204081632653061,44,8,103,0,44,19|6|10|5|5,hub_localized,49
star,50,0.01,0.02,0.0,0.2,0.1,3.0,0.3,0.106,10,52,0.0,0.10204081632653061,43,8,103,0,43,18|6|10|5|6,hub_localized,49
star,50,0.01,0.02,0.0,0.2,0.1,3.0,0.3,0.106,11,53,0.0,0.10204081632653061,42,8,103,0,42,16|6|10|5|7,hub_localized,49
star,50,0.01,0.02,0.0,0.2,0.1,3.0,0.3,0.106,12,54,0.0,0.10204081632653061,41,8,103,0,41,16|6|10|5|8,hub_localized,49
star,50,0.01,0.02,0.0,0.2,0.1,3.0,0.3,0.106,13,55,0.0,0.10204081632653061,40,8,103,0,40,14|6|10|5|9,hub_localized,49
star,50,0.01,0.02,0.0,0.2,0.1,3.0,0.3,0.106,14,56,0.0,0.10204081632653061,39,8,103,0,39,14|6|10|5|10,hub_localized,49
star,50,0.01,0.02,0.0,0.2,0.1,3.0,0.3,0.106,15,57,0.0,0.10204081632653061,38,8,103,0,38,12|6|10|5|11,hub_localized,49
star,50,0.01,0.02,0.0,0.2,0.1,3.0,0.3,0.106,16,58,0.0,0.10204081632653061,37,8,103,0,37,12|6|10|5|12,hub_localized,49
star,50,0.01,0.02,0.0,0.2,0.1,3.0,0.3,0.106,17,59,0.0,0.10204081632653061,36,8,103,0,36,10|6|10|5|13,hub_localized,49
star,50,0.01,0.02,0.0,0.2,0.1,3.0,0.3,0.106,18,60,0.0,0.08163265306122448,35,8,103,0,35,10|6|10|6|14,hub_localized,49
star,50,0.01,0.02,0.0,0.2,0.1,3.0,0.3,0.106,19,61,0.0,0.10204081632653061,34,8,103,0,34,9|6|10|5|15,hub_localized,49
star,50,0.01,0.02,0.0,0.2,0.1,3.0,0.3,0.106,20,62,0.0,0.10204081632653061,33,8,103,0,33,8|6|10|5|16,hub_localized,49
star,50,0.01,0.02,0.0,0.2,0.1,3.0,0.3,0.106,21,63,0.0,0.10204081632653061,32,8,103,0,32,7|6|10|5|17,hub_localized,49
star,50,0.01,0.02,0.0,0.2,0.1,3.0,0.3,0.106,22,64,0.0,0.12244897959183673,49,8,1,0,49,6|6|10|5|17,hub_localized,49
star,50,0.01,0.02,0.0,0.2,0.1,3.0,0.3,0.106,23,65,0.0,0.12244897959183673,48,8,4,0,48,5|6|10|5|17|1,hub_localized,49
star,50,0.01,0.02,0.0,0.2,0.1,3.0,0.3,0.106,24,66,0.0,0.12244897959183673,47,8,4,0,47,4|6|10|5|17|2,hub_localized,49
star,50,0.01,0.02,0.0,0.2,0.1,3.0,0.3,0.106,25,67,0.0,0.12244897959183673,46,8,1,0,46,2|6|10|5|17|3,hub_localized,49
star,50,0.01,0.02,0.0,0.2,0.1,3.0,0.3,0.106,26,68,0.0,0.12244897959183673,45,8,1,0,45,1|6|10|5|17|4,hub_localized,49
star,50,0.01,0.02,0.0,0.2,0.1,3.0,0.3,0.106,27,69,0.0,0.10204081632653061,44,8,1,0,44,1|6|10|6|17|5,hub_localized,49
star,50,0.01,0.02,0.0,0.2,0.1,3.0,0.3,0.106,28,70,0.0,0.10204081632653061,43,8,1,0,43,6|10|5|17|6,hub_localized,49
star,50,0.01,0.02,0.0,0.2,0.1,3.0,0.3,0.106,29,71,0.0,0.10204081632653061,42,8,4,0,42,5|10|5|17|7,hub_localized,49
star,50,0.01,0.02,0.0,0.2,0.1,3.0,0.3,0.106,30,72,0.0,0.10204081632653061,41,8,1,0,41,5|10|5|17|8,hub_localized,49
star,50,0.01,0.02,0.0,0.2,0.1,3.0,0.3,0.106,31,73,0.0,0.10204081632653061,40,8,3,0,40,4|10|5|17|9,hub_localized,49
star,50,0.01,0.02,0.0,0.2,0.1,3.0,0.3,0.106,32,74,0.0,0.10204081632653061,39,8,1,0,39,3|10|5|17|10,hub_localized,49
star,50,0.01,0.02,0.0,0.2,0.1,3.0,0.3,0.106,33,75,0.0,0.10204081632653061,38,8,1,0,38,1|10|5|17|11,hub_localized,49
star,50,0.01,0.02,0.0,0.2,0.1,3.0,0.3,0.106,34,76,0.0,0.10204081632653061,37,8,1,0,37,1|10|5|17|12,hub_localized,49
star,50,0.01,0.02,0.0,0.2,0.1,3.0,0.3,0.106,35,77,0.0,0.061224489795918366,36,8,1,0,36,10|6|17|13,hub_localized,49
star,50,0.01,0.02,0.0,0.2,0.1,3.0,0.3,0.106,36,78,0.0,0.08163265306122448,35,8,1,0,35,9|5|17|14,hub_localized,49
star,50,0.01,0.02,0.0,0.2,0.1,3.0,0.3,0.106,37,79,0.0,0.10204081632653061,49,8,1,0,49,9|5|17|14,hub_localized,49
star,50,0.01,0.02,0.0,0.2,0.1,3.0,0.3,0.106,38,80,0.0,0.08163265306122448,48,8,113,0,48,8|5|32|1,hub_localized,49
star,50,0.01,0.02,0.0,0.2,0.1,3.0,0.3,0.106,39,81,0.0,0.10204081632653061,47,8,1,0,47,7|5|17|14|2,hub_localized,49
star,50,0.01,0.02,0.0,0.2,0.1,3.0,0.3,0.106,40,82,0.0,0.10204081632653061,46,8,4,0,46,5|5|17|14|3,hub_localized,49
star,50,0.01,0.02,0.0,0.2,0.1,3.0,0.3,0.106,41,83,0.0,0.10204081632653061,45,8,1,0,45,5|5|17|14|4,hub_localized,49
star,50,0.01,0.02,0.0,0.2,0.1,3.0,0.3,0.106,42,84,0.0,0.10204081632653061,44,8,4,0,44,3|5|17|14|5,hub_localized,49
star,50,0.01,0.02,0.0,0.2,0.1,3.0,0.3,0.106,43,85,0.0,0.10204081632653061,43,8,1,0,43,2|5|17|14|6,hub_localized,49
star,50,0.01,0.02,0.0,0.2,0.1,3.0,0.3,0.106,44,86,0.0,0.10204081632653061,42,8,4,0,42,2|5|17|14|7,hub_localized,49
star,50,0.01,0.02,0.0,0.2,0.1,3.0,0.3,0.106,45,87,0.0,0.10204081632653061,41,8,1,0,41,1|5|17|14|8,hub_localized,49
star,50,0.01,0.02,0.0,0.2,0.1,3.0,0.3,0.106,46,88,0.0,0.061224489795918366,40,4,113,0,40,5|32|9,hub_localized,49
star,50,0.01,0.02,0.0,0.2,0.1,3.0,0.3,0.106,47,89,0.0,0.061224489795918366,39,4,3,0,39,5|17|14|10,hub_localized,49
star,50,0.01,0.02,0.0,0.2,0.1,3.0,0.3,0.106,48,90,0.0,0.08163265306122448,49,7,1,0,49,5|17|14|10,hub_localized,49
star,50,0.01,0.02,0.0,0.2,0.1,3.0,0.3,0.106,49,91,0.0,0.08163265306122448,48,7,1,0,48,4|17|14|10|1,hub_localized,49
star,50,0.01,0.02,0.0,0.2,0.1,3.0,0.3,0.108,0,42,0.0,0.10204081632653061,47,8,5,0,47,14|12|6|10|2,hub_localized,49
star,50,0.01,0.02,0.0,0.2,0.1,3.0,0.3,0.108,1,43,0.0,0.061224489795918366,45,8,103,0,45,26|6|10|4,hub_localized,49
star,50,0.01,0.02,0.0,0.2,0.1,3.0,0.3,0.108,2,44,0.0,0.08163265306122448,45,8,103,0,45,26|6|10|4,hub_localized,49
star,50,0.01,0.02,0.0,0.2,0.1,3.0,0.3,0.108,3,45,0.0,0.10204081632653061,44,8,5,0,44,12|12|6|10|5,hub_localized,49
star,50,0.01,0.02,0.0,0.2,0.1,3.0,0.3,0.108,4,46,0.0,0.10204081632653061,49,8,103,0,49,24|6|10|5,hub_localized,49
star,50,0.01,0.02,0.0,0.2,0.1,3.0,0.3,0.108,5,47,0.0,0.10204081632653061,48,8,103,0,48,22|6|10|5|1,hub_localized,49
star,50,0.01,0.02,0.0,0.2,0.1,3.0,0.3,0.108,6,48,0.0,0.12244897959183673,47,8,5,0,47,9|12|6|10|5|2,hub_localized,49
star,50,0.01,0.02,0.0,0.2,0.1,3.0,0.3,0.108,7,49,0.0,0.10204081632653061,46,8,103,0,46,20|6|10|5|3,hub_localized,49
star,50,0.01,0.02,0.0,0.2,0.1,3.0,0.3,0.108,8,50,0.0,0.10204081632653061,45,8,103,0,45,20|6|10|5|4,hub_localized,49
star,50,0.01,0.02,0.0,0.2,0.1,3.0,0.3,0.108,9,51,0.0,0.10204081632653061,44,8,103,0,44,19|6|10|5|5,hub_localized,49
star,50,0.01,0.02,0.0,0.2,0.1,3.0,0.3,0.108,10,52,0.0,0.10204081632653061,43,8,103,0,43,18|6|10|5|6,hub_localized,49
star,50,0.01,0.02,0.0,0.2,0.1,3.0,0.3,0.108,11,53,0.0,0.10204081632653061,42,8,103,0,42,16|6|10|5|7,hub_localized,49
star,50,0.01,0.02,0.0,0.2,0.1,3.0,0.3,0.108,12,54,0.0,0.10204081632653061,41,8,103,0,41,16|6|10|5|8,hub_localized,49
star,50,0.01,0.02,0.0,0.2,0.1,3.0,0.3,0.108,13,55,0.0,0.10204081632653061,40,8,103,0,40,14|6|10|5|9,hub_localized,49
star,50,0.01,0.02,0.0,0.2,0.1,3.0,0.3,0.108,14,56,0.0,0.10204081632653061,39,8,103,0,39,14|6|10|5|10,hub_localized,49
star,50,0.01,0.02,0.0,0.2,0.1,3.0,0.3,0.108,15,57,0.0,0.10204081632653061,38,8,103,0,38,12|6|10|5|11,hub_localized,49
star,50,0.01,0.02,0.0,0.2,0.1,3.0,0.3,0.108,16,58,0.0,0.10204081632653061,37,8,103,0,37,12|6|10|5|12,hub_localized,49
star,50,0.01,0.02,0.0,0.2,0.1,3.0,0.3,0.108,17,59,0.0,0.10204081632653061,36,8,103,0,36,10|6|10|5|13,hub_localized,49
star,50,0.01,0.02,0.0,0.2,0.1,3.0,0.3,0.108,18,60,0.0,0.08163265306122448,35,8,103,0,35,10|6|10|6|14,hub_localized,49
star,50,0.01,0.02,0.0,0.2,0.1,3.0,0.3,0.108,19,61,0.0,0.10204081632653061,34,8,103,0,34,9|6|10|5|15,hub_localized,49
star,50,0.01,0.02,0.0,0.2,0.1,3.0,0.3,0.108,20,62,0.0,0.10204081632653061,33,8,103,0,33,8|6|10|5|16,hub_localized,49
star,50,0.01,0.02,0.0,0.2,0.1,3.0,0.3,0.108,21,63,0.0,0.10204081632653061,32,8,103,0,32,7|6|10|5|17,hub_localized,49
star,50,0.01,0.02,0.0,0.2,0.1,3.0,0.3,0.108,22,64,0.0,0.12244897959183673,49,8,1,0,49,6|6|10|5|17,hub_localized,49
star,50,0.01,0.02,0.0,0.2,0.1,3.0,0.3,0.108,23,65,0.0,0.12244897959183673,48,8,4,0,48,5|6|10|5|17|1,hub_localized,49
star,50,0.01,0.02,0.0,0.2,0.1,3.0,0.3,0.108,24,66,0.0,0.12244897959183673,47,8,4,0,47,4|6|10|5|17|2,hub_localized,49
star,50,0.01,0.02,0.0,0.2,0.1,3.0,0.3,0.108,25,67,0.0,0.12244897959183673,46,8,1,0,46,2|6|10|5|17|3,hub_localized,49
star,50,0.01,0.02,0.0,0.2,0.1,3.0,0.3,0.108,26,68,0.0,0.12244897959183673,45,8,1,0,45,1|6|10|5|17|4,hub_localized,49
star,50,0.01,0.02,0.0,0.2,0.1,3.0,0.3,0.108,27,69,0.0,0.10204081632653061,44,8,1,0,44,1|6|10|6|17|5,hub_localized,49
star,50,0.01,0.02,0.0,0.2,0.1,3.0,0.3,0.108,28,70,0.0,0.10204081632653061,43,8,1,0,43,6|10|5|17|6,hub_localized,49
star,50,0.01,0.02,0.0,0.2,0.1,3.0,0.3,0.108,29,71,0.0,0.10204081632653061,42,8,4,0,42,5|10|5|17|7,hub_localized,49
star,50,0.01,0.02,0.0,0.2,0.1,3.0,0.3,0.108,30,72,0.0,0.10204081632653061,41,8,1,0,41,5|10|5|17|8,hub_localized,49
star,50,0.01,0.02,0.0,0.2,0.1,3.0,0.3,0.108,31,73,0.0,0.10204081632653061,40,8,4,0,40,4|10|5|17|9,hub_localized,49
star,50,0.01,0.02,0.0,0.2,0.1,3.0,0.3,0.108,32,74,0.0,0.10204081632653061,39,8,1,0,39,3|10|5|17|10,hub_localized,49
star,50,0.01,0.02,0.0,0.2,0.1,3.0,0.3,0.108,33,75,0.0,0.10204081632653061,38,8,1,0,38,1|10|5|17|11,hub_localized,49
star,50,0.01,0.02,0.0,0.2,0.1,3.0,0.3,0.108,34,76,0.0,0.10204081632653061,37,8,1,0,37,1|10|5|17|12,hub_localized,49
star,50,0.01,0.02,0.0,0.2,0.1,3.0,0.3,0.108,35,77,0.0,0.061224489795918366,36,8,1,0,36,10|6|17|13,hub_localized,49
star,50,0.01,0.02,0.0,0.2,0.1,3.0,0.3,0.108,36,78,0.0,0.08163265306122448,35,8,1,0,35,9|5|17|14,hub_localized,49
star,50,0.01,0.02,0.0,0.2,0.1,3.0,0.3,0.108,37,79,0.0,0.10204081632653061,49,8,1,0,49,9|5|17|14,hub_localized,49
star,50,0.01,0.02,0.0,0.2,0.1,3.0,0.3,0.108,38,80,0.0,0.08163265306122448,48,8,113,0,48,8|5|32|1,hub_localized,49
star,50,0.01,0.02,0.0,0.2,0.1,3.0,0.3,0.108,39,81,0.0,0.10204081632653061,47,8,1,0,47,7|5|17|14|2,hub_localized,49
star,50,0.01,0.02,0.0,0.2,0.1,3.0,0.3,0.108,40,82,0.0,0.10204081632653061,46,8,4,0,46,5|5|17|14|3,hub_localized,49
star,50,0.01,0.02,0.0,0.2,0.1,3.0,0.3,0.108,41,83,0.0,0.10204081632653061,45,8,1,0,45,5|5|17|14|4,hub_localized,49
star,50,0.01,0.02,0.0,0.2,0.1,3.0,0.3,0.108,42,84,0.0,0.10204081632653061,44,8,4,0,44,3|5|17|14|5,hub_localized,49
star,50,0.01,0.02,0.0,0.2,0.1,3.0,0.3,0.108,43,85,0.0,0.10204081632653061,43,8,1,0,43,2|5|17|14|6,hub_localized,49
star,50,0.01,0.02,0.0,0.2,0.1,3.0,0.3,0.108,44,86,0.0,0.10204081632653061,42,8,4,0,42,2|5|17|14|7,hub_localized,49
star,50,0.01,0.02,0.0,0.2,0.1,3.0,0.3,0.108,45,87,0.0,0.10204081632653061,41,8,1,0,41,1|5|17|14|8,hub_localized,49
star,50,0.01,0.02,0.0,0.2,0.1,3.0,0.3,0.108,46,88,0.0,0.061224489795918366,40,4,113,0,40,5|32|9,hub_localized,49
star,50,0.01,0.02,0.0,0.2,0.1,3.0,0.3,0.108,47,89,0.0,0.061224489795918366,39,4,3,0,39,5|17|14|10,hub_localized,49
star,50,0.01,0.02,0.0,0.2,0.1,3.0,0.3,0.108,48,90,0.0,0.08163265306122448,49,7,1,0,49,5|17|14|10,hub_localized,49
star,50,0.01,0.02,0.0,0.2,0.1,3.0,0.3,0.108,49,91,0.0,0.08163265306122448,48,7,1,0,48,4|17|14|10|1,hub_localized,49
star,50,0.01,0.02,0.0,0.2,0.1,3.0,0.3,0.11,0,42,0.0,0.10204081632653061,47,8,5,0,47,14|12|6|10|2,hub_localized,49
star,50,0.01,0.02,0.0,0.2,0.1,3.0,0.3,0.11,1,43,0.0,0.061224489795918366,45,7,103,0,45,26|6|10|4,hub_localized,49
star,50,0.01,0.02,0.0,0.2,0.1,3.0,0.3,0.11,2,44,0.0,0.08163265306122448,45,8,103,0,45,26|6|10|4,hub_localized,49
star,50,0.01,0.02,0.0,0.2,0.1,3.0,0.3,0.11,3,45,0.0,0.10204081632653061,44,8,5,0,44,12|12|6|10|5,hub_localized,49
star,50,0.01,0.02,0.0,0.2,0.1,3.0,0.3,0.11,4,46,0.0,0.10204081632653061,49,8,103,0,49,24|6|10|5,hub_localized,49
star,50,0.01,0.02,0.0,0.2,0.1,3.0,0.3,0.11,5,47,0.0,0.10204081632653061,48,8,103,0,48,22|6|10|5|1,hub_localized,49
star,50,0.01,0.02,0.0,0.2,0.1,3.0,0.3,0.11,6,48,0.0,0.12244897959183673,47,8,5,0,47,9|12|6|10|5|2,hub_localized,49
star,50,0.01,0.02,0.0,0.2,0.1,3.0,0.3,0.11,7,49,0.0,0.10204081632653061,46,8,103,0,46,20|6|10|5|3,hub_localized,49
star,50,0.01,0.02,0.0,0.2,0.1,3.0,0.3,0.11,8,50,0.0,0.10204081632653061,45,8,103,0,45,20|6|10|5|4,hub_localized,49
star,50,0.01,0.02,0.0,0.2,0.1,3.0,0.3,0.11,9,51,0.0,0.10204081632653061,44,8,103,0,44,19|6|10|5|5,hub_localized,49
star,50,0.01,0.02,0.0,0.2,0.1,3.0,0.3,0.11,10,52,0.0,0.10204081632653061,43,8,103,0,43,18|6|10|5|6,hub_localized,49
star,50,0.01,0.02,0.0,0.2,0.1,3.0,0.3,0.11,11,53,0.0,0.10204081632653061,42,8,103,0,42,16|6|10|5|7,hub_localized,49
star,50,0.01,0.02,0.0,0.2,0.1,3.0,0.3,0.11,12,54,0.0,0.10204081632653061,41,8,103,0,41,16|6|10|5|8,hub_localized,49
star,50,0.01,0.02,0.0,0.2,0.1,3.0,0.3,0.11,13,55,0.0,0.10204081632653061,40,8,103,0,40,14|6|10|5|9,hub_localized,49
star,50,0.01,0.02,0.0,0.2,0.1,3.0,0.3,0.11,14,56,0.0,0.10204081632653061,39,8,103,0,39,14|6|10|5|10,hub_localized,49
star,50,0.01,0.02,0.0,0.2,0.1,3.0,0.3,0.11,15,57,0.0,0.10204081632653061,38,8,103,0,38,12|6|10|5|11,hub_localized,49
star,50,0.01,0.02,0.0,0.2,0.1,3.0,0.3,0.11,16,58,0.0,0.10204081632653061,37,8,103,0,37,12|6|10|5|12,hub_localized,49
star,50,0.01,0.02,0.0,0.2,0.1,3.0,0.3,0.11,17,59,0.0,0.10204081632653061,36,8,103,0,36,10|6|10|5|13,hub_localized,49
star,50,0.01,0.02,0.0,0.2,0.1,3.0,0.3,0.11,18,60,0.0,0.08163265306122448,35,8,103,0,35,10|6|10|6|14,hub_localized,49
star,50,0.01,0.02,0.0,0.2,0.1,3.0,0.3,0.11,19,61,0.0,0.10204081632653061,34,8,103,0,34,9|6|10|5|15,hub_localized,49
star,50,0.01,0.02,0.0,0.2,0.1,3.0,0.3,0.11,20,62,0.0,0.10204081632653061,33,8,103,0,33,8|6|10|5|16,hub_localized,49
star,50,0.01,0.02,0.0,0.2,0.1,3.0,0.3,0.11,21,63,0.0,0.10204081632653061,32,8,103,0,32,7|6|10|5|17,hub_localized,49
star,50,0.01,0.02,0.0,0.2,0.1,3.0,0.3,0.11,22,64,0.0,0.12244897959183673,49,8,1,0,49,6|6|10|5|17,hub_localized,49
star,50,0.01,0.02,0.0,0.2,0.1,3.0,0.3,0.11,23,65,0.0,0.12244897959183673,48,8,4,0,48,5|6|10|5|17|1,hub_localized,49
star,50,0.01,0.02,0.0,0.2,0.1,3.0,0.3,0.11,24,66,0.0,0.12244897959183673,47,8,4,0,47,4|6|10|5|17|2,hub_localized,49
star,50,0.01,0.02,0.0,0.2,0.1,3.0,0.3,0.11,25,67,0.0,0.12244897959183673,46,8,1,0,46,2|6|10|5|17|3,hub_localized,49
star,50,0.01,0.02,0.0,0.2,0.1,3.0,0.3,0.11,26,68,0.0,0.12244897959183673,45,8,1,0,45,1|6|10|5|17|4,hub_localized,49
star,50,0.01,0.02,0.0,0.2,0.1,3.0,0.3,0.11,27,69,0.0,0.10204081632653061,44,8,1,0,44,1|6|10|6|17|5,hub_localized,49
star,50,0.01,0.02,0.0,0.2,0.1,3.0,0.3,0.11,28,70,0.0,0.10204081632653061,43,8,1,0,43,6|10|5|17|6,hub_localized,49
star,50,0.01,0.02,0.0,0.2,0.1,3.0,0.3,0.11,29,71,0.0,0.10204081632653061,42,8,4,0,42,5|10|5|17|7,hub_localized,49
star,50,0.01,0.02,0.0,0.2,0.1,3.0,0.3,0.11,30,72,0.0,0.10204081632653061,41,8,1,0,41,5|10|5|17|8,hub_localized,49
star,50,0.01,0.02,0.0,0.2,0.1,3.0,0.3,0.11,31,73,0.0,0.10204081632653061,40,8,4,0,40,4|10|5|17|9,hub_localized,49
star,50,0.01,0.02,0.0,0.2,0.1,3.0,0.3,0.11,32,74,0.0,0.10204081632653061,39,8,1,0,39,3|10|5|17|10,hub_localized,49
star,50,0.01,0.02,0.0,0.2,0.1,3.0,0.3,0.11,33,75,0.0,0.10204081632653061,38,8,1,0,38,1|10|5|17|11,hub_localized,49
star,50,0.01,0.02,0.0,0.2,0.1,3.0,0.3,0.11,34,76,0.0,0.10204081632653061,37,8,1,0,37,1|10|5|17|12,hub_localized,49
star,50,0.01,0.02,0.0,0.2,0.1,3.0,0.3,0.11,35,77,0.0,0.061224489795918366,36,7,1,0,36,10|6|17|13,hub_localized,49
star,50,0.01,0.02,0.0,0.2,0.1,3.0,0.3,0.11,36,78,0.0,0.08163265306122448,35,8,1,0,35,9|5|17|14,hub_localized,49
star,50,0.01,0.02,0.0,0.2,0.1,3.0,0.3,0.11,37,79,0.0,0.10204081632653061,49,8,1,0,49,9|5|17|14,hub_localized,49
star,50,0.01,0.02,0.0,0.2,0.1,3.0,0.3,0.11,38,80,0.0,0.08163265306122448,48,8,113,0,48,8|5|32|1,hub_localized,49
star,50,0.01,0.02,0.0,0.2,0.1,3.0,0.3,0.11,39,81,0.0,0.10204081632653061,47,8,1,0,47,7|5|17|14|2,hub_localized,49
star,50,0.01,0.02,0.0,0.2,0.1,3.0,0.3,0.11,40,82,0.0,0.10204081632653061,46,8,4,0,46,5|5|17|14|3,hub_localized,49
star,50,0.01,0.02,0.0,0.2,0.1,3.0,0.3,0.11,41,83,0.0,0.10204081632653061,45,8,1,0,45,5|5|17|14|4,hub_localized,49
star,50,0.01,0.02,0.0,0.2,0.1,3.0,0.3,0.11,42,84,0.0,0.10204081632653061,44,8,4,0,44,3|5|17|14|5,hub_localized,49
star,50,0.01,0.02,0.0,0.2,0.1,3.0,0.3,0.11,43,85,0.0,0.10204081632653061,43,8,1,0,43,2|5|17|14|6,hub_localized,49
star,50,0.01,0.02,0.0,0.2,0.1,3.0,0.3,0.11,44,86,0.0,0.10204081632653061,42,8,4,0,42,2|5|17|14|7,hub_localized,49
star,50,0.01,0.02,0.0,0.2,0.1,3.0,0.3,0.11,45,87,0.0,0.10204081632653061,41,8,1,0,41,1|5|17|14|8,hub_localized,49
star,50,0.01,0.02,0.0,0.2,0.1,3.0,0.3,0.11,46,88,0.0,0.061224489795918366,40,4,113,0,40,5|32|9,hub_localized,49
star,50,0.01,0.02,0.0,0.2,0.1,3.0,0.3,0.11,47,89,0.0,0.061224489795918366,39,4,3,0,39,5|17|14|10,hub_localized,49
star,50,0.01,0.02,0.0,0.2,0.1,3.0,0.3,0.11,48,90,0.0,0.08163265306122448,49,7,1,0,49,5|17|14|10,hub_localized,49
star,50,0.01,0.02,0.0,0.2,0.1,3.0,0.3,0.11,49,91,0.0,0.08163265306122448,48,7,1,0,48,4|17|14|10|1,hub_localized,49
star,50,0.01,0.02,0.0,0.2,0.1,3.0,0.3,0.112,0,42,0.0,0.10204081632653061,47,8,5,0,47,14|12|6|10|2,hub_localized,49
star,50,0.01,0.02,0.0,0.2,0.1,3.0,0.3,0.112,1,43,0.0,0.061224489795918366,45,7,103,0,45,26|6|10|4,hub_localized,49
star,50,0.01,0.02,0.0,0.2,0.1,3.0,0.3,0.112,2,44,0.0,0.08163265306122448,45,8,103,0,45,26|6|10|4,hub_localized,49
star,50,0.01,0.02,0.0,0.2,0.1,3.0,0.3,0.112,3,45,0.0,0.10204081632653061,44,8,5,0,44,12|12|6|10|5,hub_localized,49
star,50,0.01,0.02,0.0,0.2,0.1,3.0,0.3,0.112,4,46,0.0,0.10204081632653061,49,8,103,0,49,24|6|10|5,hub_localized,49
star,50,0.01,0.02,0.0,0.2,0.1,3.0,0.3,0.112,5,47,0.0,0.10204081632653061,48,8,103,0,48,22|6|10|5|1,hub_localized,49
star,50,0.01,0.02,0.0,0.2,0.1,3.0,0.3,0.112,6,48,0.0,0.12244897959183673,47,8,5,0,47,9|12|6|10|5|2,hub_localized,49
star,50,0.01,0.02,0.0,0.2,0.1,3.0,0.3,0.112,7,49,0.0,0.10204081632653061,46,8,103,0,46,20|6|10|5|3,hub_localized,49
star,50,0.01,0.02,0.0,0.2,0.1,3.0,0.3,0.112,8,50,0.0,0.10204081632653061,45,8,103,0,45,20|6|10|5|4,hub_localized,49
star,50,0.01,0.02,0.0,0.2,0.1,3.0,0.3,0.112,9,51,0.0,0.10204081632653061,44,8,103,0,44,19|6|10|5|5,hub_localized,49
star,50,0.01,0.02,0.0,0.2,0.1,3.0,0.3,0.112,10,52,0.0,0.10204081632653061,43,8,103,0,43,18|6|10|5|6,hub_localized,49
star,50,0.01,0.02,0.0,0.2,0.1,3.0,0.3,0.112,11,53,0.0,0.10204081632653061,42,8,103,0,42,16|6|10|5|7,hub_localized,49
star,50,0.01,0.02,0.0,0.2,0.1,3.0,0.3,0.112,12,54,0.0,0.10204081632653061,41,8,103,0,41,16|6|10|5|8,hub_localized,49
star,50,0.01,0.02,0.0,0.2,0.1,3.0,0.3,0.112,13,55,0.0,0.10204081632653061,40,8,103,0,40,14|6|10|5|9,hub_localized,49
star,50,0.01,0.02,0.0,0.2,0.1,3.0,0.3,0.112,14,56,0.0,0.10204081632653061,39,8,103,0,39,14|6|10|5|10,hub_localized,49
star,50,0.01,0.02,0.0,0.2,0.1,3.0,0.3,0.112,15,57,0.0,0.10204081632653061,38,8,103,0,38,12|6|10|5|11,hub_localized,49
star,50,0.01,0.02,0.0,0.2,0.1,3.0,0.3,0.112,16,58,0.0,0.10204081632653061,37,8,103,0,37,12|6|10|5|12,hub_localized,49
star,50,0.01,0.02,0.0,0.2,0.1,3.0,0.3,0.112,17,59,0.0,0.10204081632653061,36,8,103,0,36,10|6|10|5|13,hub_localized,49
star,50,0.01,0.02,0.0,0.2,0.1,3.0,0.3,0.112,18,60,0.0,0.08163265306122448,35,8,103,0,35,10|6|10|6|14,hub_localized,49
star,50,0.01,0.02,0.0,0.2,0.1,3.0,0.3,0.112,19,61,0.0,0.10204081632653061,34,8,103,0,34,9|6|10|5|15,hub_localized,49
star,50,0.01,0.02,0.0,0.2,0.1,3.0,0.3,0.112,20,62,0.0,0.10204081632653061,33,8,103,0,33,8|6|10|5|16,hub_localized,49
star,50,0.01,0.02,0.0,0.2,0.1,3.0,0.3,0.112,21,63,0.0,0.10204081632653061,32,8,103,0,32,7|6|10|5|17,hub_localized,49
star,50,0.01,0.02,0.0,0.2,0.1,3.0,0.3,0.112,22,64,0.0,0.12244897959183673,49,8,1,0,49,6|6|10|5|17,hub_localized,49
star,50,0.01,0.02,0.0,0.2,0.1,3.0,0.3,0.112,23,65,0.0,0.12244897959183673,48,8,4,0,48,5|6|10|5|17|1,hub_localized,49
star,50,0.01,0.02,0.0,0.2,0.1,3.0,0.3,0.112,24,66,0.0,0.12244897959183673,47,8,4,0,47,4|6|10|5|17|2,hub_localized,49
star,50,0.01,0.02,0.0,0.2,0.1,3.0,0.3,0.112,25,67,0.0,0.12244897959183673,46,8,1,0,46,2|6|10|5|17|3,hub_localized,49
star,50,0.01,0.02,0.0,0.2,0.1,3.0,0.3,0.112,26,68,0.0,0.12244897959183673,45,8,1,0,45,1|6|10|5|17|4,hub_localized,49
star,50,0.01,0.02,0.0,0.2,0.1,3.0,0.3,0.112,27,69,0.0,0.10204081632653061,44,8,1,0,44,1|6|10|6|17|5,hub_localized,49
star,50,0.01,0.02,0.0,0.2,0.1,3.0,0.3,0.112,28,70,0.0,0.10204081632653061,43,8,1,0,43,6|10|5|17|6,hub_localized,49
star,50,0.01,0.02,0.0,0.2,0.1,3.0,0.3,0.112,29,71,0.0,0.10204081632653061,42,8,4,0,42,5|10|5|17|7,hub_localized,49
star,50,0.01,0.02,0.0,0.2,0.1,3.0,0.3,0.112,30,72,0.0,0.10204081632653061,41,8,1,0,41,5|10|5|17|8,hub_localized,49
star,50,0.01,0.02,0.0,0.2,0.1,3.0,0.3,0.112,31,73,0.0,0.10204081632653061,40,8,4,0,40,4|10|5|17|9,hub_localized,49
star,50,0.01,0.02,0.0,0.2,0.1,3.0,0.3,0.112,32,74,0.0,0.10204081632653061,39,8,1,0,39,3|10|5|17|10,hub_localized,49
star,50,0.01,0.02,0.0,0.2,0.1,3.0,0.3,0.112,33,75,0.0,0.10204081632653061,38,8,1,0,38,1|10|5|17|11,hub_localized,49
star,50,0.01,0.02,0.0,0.2,0.1,3.0,0.3,0.112,34,76,0.0,0.10204081632653061,37,8,1,0,37,1|10|5|17|12,hub_localized,49
star,50,0.01,0.02,0.0,0.2,0.1,3.0,0.3,0.112,35,77,0.0,0.08163265306122448,36,7,1,0,36,10|5|17|13,hub_localized,49
star,50,0.01,0.02,0.0,0.2,0.1,3.0,0.3,0.112,36,78,0.0,0.08163265306122448,35,8,1,0,35,9|5|17|14,hub_localized,49
star,50,0.01,0.02,0.0,0.2,0.1,3.0,0.3,0.112,37,79,0.0,0.10204081632653061,49,8,1,0,49,9|5|17|14,hub_localized,49
star,50,0.01,0.02,0.0,0.2,0.1,3.0,0.3,0.112,38,80,0.0,0.08163265306122448,48,8,113,0,48,8|5|32|1,hub_localized,49
star,50,0.01,0.02,0.0,0.2,0.1,3.0,0.3,0.112,39,81,0.0,0.10204081632653061,47,8,1,0,47,7|5|17|14|2,hub_localized,49
star,50,0.01,0.02,0.0,0.2,0.1,3.0,0.3,0.112,40,82,0.0,0.10204081632653061,46,8,4,0,46,5|5|17|14|3,hub_localized,49
star,50,0.01,0.02,0.0,0.2,0.1,3.0,0.3,0.112,41,83,0.0,0.10204081632653061,45,8,1,0,45,5|5|17|14|4,hub_localized,49
star,50,0.01,0.02,0.0,0.2,0.1,3.0,0.3,0.112,42,84,0.0,0.10204081632653061,44,8,4,0,44,3|5|17|14|5,hub_localized,49
star,50,0.01,0.02,0.0,0.2,0.1,3.0,0.3,0.112,43,85,0.0,0.10204081632653061,43,8,1,0,43,2|5|17|14|6,hub_localized,49
star,50,0.01,0.02,0.0,0.2,0.1,3.0,0.3,0.112,44,86,0.0,0.10204081632653061,42,8,4,0,42,2|5|17|14|7,hub_localized,49
star,50,0.01,0.02,0.0,0.2,0.1,3.0,0.3,0.112,45,87,0.0,0.10204081632653061,41,8,1,0,41,1|5|17|14|8,hub_localized,49
star,50,0.01,0.02,0.0,0.2,0.1,3.0,0.3,0.112,46,88,0.0,0.061224489795918366,40,4,113,0,40,5|32|9,hub_localized,49
star,50,0.01,0.02,0.0,0.2,0.1,3.0,0.3,0.112,47,89,0.0,0.061224489795918366,39,4,3,0,39,5|17|14|10,hub_localized,49
star,50,0.01,0.02,0.0,0.2,0.1,3.0,0.3,0.112,48,90,0.0,0.08163265306122448,49,7,1,0,49,5|17|14|10,hub_localized,49
star,50,0.01,0.02,0.0,0.2,0.1,3.0,0.3,0.112,49,91,0.0,0.08163265306122448,48,7,1,0,48,4|17|14|10|1,hub_localized,49
star,50,0.01,0.02,0.0,0.2,0.1,3.0,0.3,0.114,0,42,0.0,0.10204081632653061,47,8,5,0,47,14|12|6|10|2,hub_localized,49
star,50,0.01,0.02,0.0,0.2,0.1,3.0,0.3,0.114,1,43,0.0,0.061224489795918366,45,7,103,0,45,26|6|10|4,hub_localized,49
star,50,0.01,0.02,0.0,0.2,0.1,3.0,0.3,0.114,2,44,0.0,0.08163265306122448,45,8,103,0,45,26|6|10|4,hub_localized,49
star,50,0.01,0.02,0.0,0.2,0.1,3.0,0.3,0.114,3,45,0.0,0.10204081632653061,44,8,5,0,44,12|12|6|10|5,hub_localized,49
star,50,0.01,0.02,0.0,0.2,0.1,3.0,0.3,0.114,4,46,0.0,0.08163265306122448,43,8,103,0,43,24|6|10|6,hub_localized,49
star,50,0.01,0.02,0.0,0.2,0.1,3.0,0.3,0.114,5,47,0.0,0.08163265306122448,42,8,103,0,42,22|6|10|7,hub_localized,49
star,50,0.01,0.02,0.0,0.2,0.1,3.0,0.3,0.114,6,48,0.0,0.10204081632653061,41,8,5,0,41,9|12|6|10|8,hub_localized,49
star,50,0.01,0.02,0.0,0.2,0.1,3.0,0.3,0.114,7,49,0.0,0.08163265306122448,40,8,103,0,40,20|6|10|9,hub_localized,49
star,50,0.01,0.02,0.0,0.2,0.1,3.0,0.3,0.114,8,50,0.0,0.08163265306122448,39,8,103,0,39,20|6|10|10,hub_localized,49
star,50,0.01,0.02,0.0,0.2,0.1,3.0,0.3,0.114,9,51,0.0,0.08163265306122448,38,8,103,0,38,19|6|10|11,hub_localized,49
star,50,0.01,0.02,0.0,0.2,0.1,3.0,0.3,0.114,10,52,0.0,0.08163265306122448,37,8,103,0,37,18|6|10|12,hub_localized,49
star,50,0.01,0.02,0.0,0.2,0.1,3.0,0.3,0.114,11,53,0.0,0.08163265306122448,36,8,103,0,36,16|6|10|13,hub_localized,49
star,50,0.01,0.02,0.0,0.2,0.1,3.0,0.3,0.114,12,54,0.0,0.08163265306122448,35,8,103,0,35,16|6|10|14,hub_localized,49
star,50,0.01,0.02,0.0,0.2,0.1,3.0,0.3,0.114,13,55,0.0,0.08163265306122448,34,8,103,0,34,14|6|10|15,hub_localized,49
star,50,0.01,0.02,0.0,0.2,0.1,3.0,0.3,0.114,14,56,0.0,0.08163265306122448,33,8,103,0,33,14|6|10|16,hub_localized,49
star,50,0.01,0.02,0.0,0.2,0.1,3.0,0.3,0.114,15,57,0.0,0.08163265306122448,32,8,103,0,32,12|6|10|17,hub_localized,49
star,50,0.01,0.02,0.0,0.2,0.1,3.0,0.3,0.114,16,58,0.0,0.08163265306122448,31,8,103,0,31,12|6|10|18,hub_localized,49
star,50,0.01,0.02,0.0,0.2,0.1,3.0,0.3,0.114,17,59,0.0,0.08163265306122448,30,8,103,0,30,10|6|10|19,hub_localized,49
star,50,0.01,0.02,0.0,0.2,0.1,3.0,0.3,0.114,18,60,0.0,0.061224489795918366,28,8,103,0,28,10|6|10|21,hub_localized,49
star,50,0.01,0.02,0.0,0.2,0.1,3.0,0.3,0.114,19,61,0.0,0.08163265306122448,28,8,103,0,28,9|6|10|21,hub_localized,49
star,50,0.01,0.02,0.0,0.2,0.1,3.0,0.3,0.114,20,62,0.0,0.08163265306122448,27,8,103,0,27,8|6|10|22,hub_localized,49
star,50,0.01,0.02,0.0,0.2,0.1,3.0,0.3,0.114,21,63,0.0,0.08163265306122448,26,8,103,0,26,7|6|10|23,hub_localized,49
star,50,0.01,0.02,0.0,0.2,0.1,3.0,0.3,0.114,22,64,0.0,0.10204081632653061,49,8,1,0,49,6|6|10|23,hub_localized,49
star,50,0.01,0.02,0.0,0.2,0.1,3.0,0.3,0.114,23,65,0.0,0.10204081632653061,48,8,4,0,48,5|6|10|23|1,hub_localized,49
star,50,0.01,0.02,0.0,0.2,0.1,3.0,0.3,0.114,24,66,0.0,0.10204081632653061,47,8,4,0,47,4|6|10|23|2,hub_localized,49
star,50,0.01,0.02,0.0,0.2,0.1,3.0,0.3,0.114,25,67,0.0,0.10204081632653061,46,8,1,0,46,2|6|10|23|3,hub_localized,49
star,50,0.01,0.02,0.0,0.2,0.1,3.0,0.3,0.114,26,68,0.0,0.10204081632653061,45,8,1,0,45,1|6|10|23|4,hub_localized,49
star,50,0.01,0.02,0.0,0.2,0.1,3.0,0.3,0.114,27,69,0.0,0.08163265306122448,44,8,1,0,44,1|6|10|24|5,hub_localized,49
star,50,0.01,0.02,0.0,0.2,0.1,3.0,0.3,0.114,28,70,0.0,0.08163265306122448,43,8,1,0,43,6|10|23|6,hub_localized,49
star,50,0.01,0.02,0.0,0.2,0.1,3.0,0.3,0.114,29,71,0.0,0.08163265306122448,42,8,4,0,42,5|10|23|7,hub_localized,49
star,50,0.01,0.02,0.0,0.2,0.1,3.0,0.3,0.114,30,72,0.0,0.08163265306122448,41,8,1,0,41,5|10|23|8,hub_localized,49
star,50,0.01,0.02,0.0,0.2,0.1,3.0,0.3,0.114,31,73,0.0,0.08163265306122448,40,8,4,0,40,4|10|23|9,hub_localized,49
star,50,0.01,0.02,0.0,0.2,0.1,3.0,0.3,0.114,32,74,0.0,0.08163265306122448,39,8,1,0,39,3|10|23|10,hub_localized,49
star,50,0.01,0.02,0.0,0.2,0.1,3.0,0.3,0.114,33,75,0.0,0.08163265306122448,38,8,1,0,38,1|10|23|11,hub_localized,49
star,50,0.01,0.02,0.0,0.2,0.1,3.0,0.3,0.114,34,76,0.0,0.08163265306122448,37,8,1,0,37,1|10|23|12,hub_localized,49
star,50,0.01,0.02,0.0,0.2,0.1,3.0,0.3,0.114,35,77,0.0,0.061224489795918366,36,7,1,0,36,10|23|13,hub_localized,49
star,50,0.01,0.02,0.0,0.2,0.1,3.0,0.3,0.114,36,78,0.0,0.061224489795918366,35,8,1,0,35,9|23|14,hub_localized,49
star,50,0.01,0.02,0.0,0.2,0.1,3.0,0.3,0.114,37,79,0.0,0.08163265306122448,49,8,1,0,49,9|23|14,hub_localized,49
star,50,0.01,0.02,0.0,0.2,0.1,3.0,0.3,0.114,38,80,0.0,0.061224489795918366,48,8,113,0,48,8|38|1,hub_localized,49
star,50,0.01,0.02,0.0,0.2,0.1,3.0,0.3,0.114,39,81,0.0,0.08163265306122448,47,8,1,0,47,7|23|14|2,hub_localized,49
star,50,0.01,0.02,0.0,0.2,0.1,3.0,0.3,0.114,40,82,0.0,0.08163265306122448,46,8,4,0,46,5|23|14|3,hub_localized,49
star,50,0.01,0.02,0.0,0.2,0.1,3.0,0.3,0.114,41,83,0.0,0.08163265306122448,45,8,1,0,45,5|23|14|4,hub_localized,49
star,50,0.01,0.02,0.0,0.2,0.1,3.0,0.3,0.114,42,84,0.0,0.08163265306122448,44,8,4,0,44,3|23|14|5,hub_localized,49
star,50,0.01,0.02,0.0,0.2,0.1,3.0,0.3,0.114,43,85,0.0,0.08163265306122448,43,8,1,0,43,2|23|14|6,hub_localized,49
star,50,0.01,0.02,0.0,0.2,0.1,3.0,0.3,0.114,44,86,0.0,0.08163265306122448,42,8,4,0,42,2|23|14|7,hub_localized,49
star,50,0.01,0.02,0.0,0.2,0.1,3.0,0.3,0.114,45,87,0.0,0.08163265306122448,41,8,1,0,41,1|23|14|8,hub_localized,49
star,50,0.01,0.02,0.0,0.2,0.1,3.0,0.3,0.114,46,88,0.0,0.04081632653061224,40,4,113,0,40,38|9,hub_localized,49
star,50,0.01,0.02,0.0,0.2,0.1,3.0,0.3,0.114,47,89,0.0,0.04081632653061224,39,4,3,0,39,23|14|10,hub_localized,49
star,50,0.01,0.02,0.0,0.2,0.1,3.0,0.3,0.114,48,90,0.0,0.061224489795918366,49,7,1,0,49,23|14|10,hub_localized,49
star,50,0.01,0.02,0.0,0.2,0.1,3.0,0.3,0.114,49,91,0.0,0.061224489795918366,48,7,1,0,48,22|14|10|1,hub_localized,49
star,50,0.01,0.02,0.0,0.2,0.1,3.0,0.3,0.116,0,42,0.0,0.08163265306122448,47,7,5,0,47,14|12|17|2,hub_localized,49
star,50,0.01,0.02,0.0,0.2,0.1,3.0,0.3,0.116,1,43,0.0,0.04081632653061224,45,7,128,0,45,26|17|4,hub_localized,49
star,50,0.01,0.02,0.0,0.2,0.1,3.0,0.3,0.116,2,44,0.0,0.061224489795918366,45,7,128,0,45,26|17|4,hub_localized,49
star,50,0.01,0.02,0.0,0.2,0.1,3.0,0.3,0.116,3,45,0.0,0.08163265306122448,44,7,5,0,44,12|12|17|5,hub_localized,49
star,50,0.01,0.02,0.0,0.2,0.1,3.0,0.3,0.116,4,46,0.0,0.061224489795918366,43,7,128,0,43,24|17|6,hub_localized,49
star,50,0.01,0.02,0.0,0.2,0.1,3.0,0.3,0.116,5,47,0.0,0.061224489795918366,42,7,128,0,42,22|17|7,hub_localized,49
star,50,0.01,0.02,0.0,0.2,0.1,3.0,0.3,0.116,6,48,0.0,0.061224489795918366,41,7,128,0,41,22|17|8,hub_localized,49
star,50,0.01,0.02,0.0,0.2,0.1,3.0,0.3,0.116,7,49,0.0,0.061224489795918366,40,7,128,0,40,20|17|9,hub_localized,49
star,50,0.01,0.02,0.0,0.2,0.1,3.0,0.3,0.116,8,50,0.0,0.061224489795918366,39,7,128,0,39,20|17|10,hub_localized,49
star,50,0.01,0.02,0.0,0.2,0.1,3.0,0.3,0.116,9,51,0.0,0.061224489795918366,38,7,128,0,38,19|17|11,hub_localized,49
star,50,0.01,0.02,0.0,0.2,0.1,3.0,0.3,0.116,10,52,0.0,0.061224489795918366,37,7,128,0,37,18|17|12,hub_localized,49
star,50,0.01,0.02,0.0,0.2,0.1,3.0,0.3,0.116,11,53,0.0,0.061224489795918366,36,7,128,0,36,16|17|13,hub_localized,49
star,50,0.01,0.02,0.0,0.2,0.1,3.0,0.3,0.116,12,54,0.0,0.061224489795918366,35,7,128,0,35,16|17|14,hub_localized,49
star,50,0.01,0.02,0.0,0.2,0.1,3.0,0.3,0.116,13,55,0.0,0.061224489795918366,34,7,128,0,34,14|17|15,hub_localized,49
star,50,0.01,0.02,0.0,0.2,0.1,3.0,0.3,0.116,14,56,0.0,0.061224489795918366,33,7,128,0,33,14|17|16,hub_localized,49
star,50,0.01,0.02,0.0,0.2,0.1,3.0,0.3,0.116,15,57,0.0,0.061224489795918366,32,7,128,0,32,12|17|17,hub_localized,49
star,50,0.01,0.02,0.0,0.2,0.1,3.0,0.3,0.116,16,58,0.0,0.061224489795918366,31,7,128,0,31,12|17|18,hub_localized,49
star,50,0.01,0.02,0.0,0.2,0.1,3.0,0.3,0.116,17,59,0.0,0.061224489795918366,30,7,128,0,30,10|17|19,hub_localized,49
star,50,0.01,0.02,0.0,0.2,0.1,3.0,0.3,0.116,18,60,0.0,0.04081632653061224,28,7,128,0,28,10|17|21,hub_localized,49
star,50,0.01,0.02,0.0,0.2,0.1,3.0,0.3,0.116,19,61,0.0,0.061224489795918366,28,7,128,0,28,9|17|21,hub_localized,49
star,50,0.01,0.02,0.0,0.2,0.1,3.0,0.3,0.116,20,62,0.0,0.061224489795918366,27,7,128,0,27,8|17|22,hub_localized,49
star,50,0.01,0.02,0.0,0.2,0.1,3.0,0.3,0.116,21,63,0.0,0.061224489795918366,26,7,128,0,26,7|17|23,hub_localized,49
star,50,0.01,0.02,0.0,0.2,0.1,3.0,0.3,0.116,22,64,0.0,0.08163265306122448,49,7,1,0,49,6|17|23,hub_localized,49
star,50,0.01,0.02,0.0,0.2,0.1,3.0,0.3,0.116,23,65,0.0,0.08163265306122448,48,7,4,0,48,5|17|23|1,hub_localized,49
star,50,0.01,0.02,0.0,0.2,0.1,3.0,0.3,0.116,24,66,0.0,0.08163265306122448,47,7,4,0,47,4|17|23|2,hub_localized,49
star,50,0.01,0.02,0.0,0.2,0.1,3.0,0.3,0.116,25,67,0.0,0.08163265306122448,46,7,1,0,46,2|17|23|3,hub_localized,49
star,50,0.01,0.02,0.0,0.2,0.1,3.0,0.3,0.116,26,68,0.0,0.08163265306122448,45,7,1,0,45,1|17|23|4,hub_localized,49
star,50,0.01,0.02,0.0,0.2,0.1,3.0,0.3,0.116,27,69,0.0,0.061224489795918366,44,7,1,0,44,1|17|24|5,hub_localized,49
star,50,0.01,0.02,0.0,0.2,0.1,3.0,0.3,0.116,28,70,0.0,0.061224489795918366,43,7,1,0,43,17|23|6,hub_localized,49
star,50,0.01,0.02,0.0,0.2,0.1,3.0,0.3,0.116,29,71,0.0,0.061224489795918366,42,7,4,0,42,16|23|7,hub_localized,49
star,50,0.01,0.02,0.0,0.2,0.1,3.0,0.3,0.116,30,72,0.0,0.061224489795918366,41,7,1,0,41,16|23|8,hub_localized,49
star,50,0.01,0.02,0.0,0.2,0.1,3.0,0.3,0.116,31,73,0.0,0.061224489795918366,40,7,4,0,40,15|23|9,hub_localized,49
star,50,0.01,0.02,0.0,0.2,0.1,3.0,0.3,0.116,32,74,0.0,0.061224489795918366,39,7,1,0,39,14|23|10,hub_localized,49
star,50,0.01,0.02,0.0,0.2,0.1,3.0,0.3,0.116,33,75,0.0,0.061224489795918366,38,7,1,0,38,12|23|11,hub_localized,49
star,50,0.01,0.02,0.0,0.2,0.1,3.0,0.3,0.116,34,76,0.0,0.061224489795918366,37,7,1,0,37,12|23|12,hub_localized,49
star,50,0.01,0.02,0.0,0.2,0.1,3.0,0.3,0.116,35,77,0.0,0.04081632653061224,36,7,1,0,36,12|23|13,hub_localized,49
star,50,0.01,0.02,0.0,0.2,0.1,3.0,0.3,0.116,36,78,0.0,0.061224489795918366,35,7,1,0,35,10|23|14,hub_localized,49
star,50,0.01,0.02,0.0,0.2,0.1,3.0,0.3,0.116,37,79,0.0,0.08163265306122448,49,7,1,0,49,9|23|14,hub_localized,49
star,50,0.01,0.02,0.0,0.2,0.1,3.0,0.3,0.116,38,80,0.0,0.061224489795918366,48,7,113,0,48,8|38|1,hub_localized,49
star,50,0.01,0.02,0.0,0.2,0.1,3.0,0.3,0.116,39,81,0.0,0.08163265306122448,47,7,1,0,47,7|23|14|2,hub_localized,49
star,50,0.01,0.02,0.0,0.2,0.1,3.0,0.3,0.116,40,82,0.0,0.061224489795918366,46,7,113,0,46,5|38|3,hub_localized,49
star,50,0.01,0.02,0.0,0.2,0.1,3.0,0.3,0.116,41,83,0.0,0.08163265306122448,45,7,1,0,45,5|23|14|4,hub_localized,49
star,50,0.01,0.02,0.0,0.2,0.1,3.0,0.3,0.116,42,84,0.0,0.08163265306122448,44,7,4,0,44,3|23|14|5,hub_localized,49
star,50,0.01,0.02,0.0,0.2,0.1,3.0,0.3,0.116,43,85,0.0,0.08163265306122448,43,7,1,0,43,2|23|14|6,hub_localized,49
star,50,0.01,0.02,0.0,0.2,0.1,3.0,0.3,0.116,44,86,0.0,0.08163265306122448,42,7,4,0,42,2|23|14|7,hub_localized,49
star,50,0.01,0.02,0.0,0.2,0.1,3.0,0.3,0.116,45,87,0.0,0.08163265306122448,41,7,1,0,41,1|23|14|8,hub_localized,49
star,50,0.01,0.02,0.0,0.2,0.1,3.0,0.3,0.116,46,88,0.0,0.04081632653061224,40,4,113,0,40,38|9,hub_localized,49
star,50,0.01,0.02,0.0,0.2,0.1,3.0,0.3,0.116,47,89,0.0,0.04081632653061224,39,4,3,0,39,23|14|10,hub_localized,49
star,50,0.01,0.02,0.0,0.2,0.1,3.0,0.3,0.116,48,90,0.0,0.061224489795918366,49,7,1,0,49,23|14|10,hub_localized,49
star,50,0.01,0.02,0.0,0.2,0.1,3.0,0.3,0.116,49,91,0.0,0.061224489795918366,48,7,1,0,48,22|14|10|1,hub_localized,49
star,50,0.01,0.02,0.0,0.2,0.1,3.0,0.3,0.118,0,42,0.0,0.061224489795918366,47,7,128,0,47,27|17|2,hub_localized,49
star,50,0.01,0.02,0.0,0.2,0.1,3.0,0.3,0.118,1,43,0.0,0.02040816326530612,27,2,193,0,27,26|22,hub_localized,49
star,50,0.01,0.02,0.0,0.2,0.1,3.0,0.3,0.118,2,44,0.0,0.061224489795918366,45,7,128,0,45,26|17|4,hub_localized,49
star,50,0.01,0.02,0.0,0.2,0.1,3.0,0.3,0.118,3,45,0.0,0.061224489795918366,44,7,128,0,44,25|17|5,hub_localized,49
star,50,0.01,0.02,0.0,0.2,0.1,3.0,0.3,0.118,4,46,0.0,0.061224489795918366,43,7,128,0,43,24|17|6,hub_localized,49
star,50,0.01,0.02,0.0,0.2,0.1,3.0,0.3,0.118,5,47,0.0,0.061224489795918366,42,7,128,0,42,22|17|7,hub_localized,49
star,50,0.01,0.02,0.0,0.2,0.1,3.0,0.3,0.118,6,48,0.0,0.061224489795918366,41,7,128,0,41,22|17|8,hub_localized,49
star,50,0.01,0.02,0.0,0.2,0.1,3.0,0.3,0.118,7,49,0.0,0.061224489795918366,40,7,128,0,40,20|17|9,hub_localized,49
star,50,0.01,0.02,0.0,0.2,0.1,3.0,0.3,0.118,8,50,0.0,0.061224489795918366,39,7,128,0,39,20|17|10,hub_localized,49
star,50,0.01,0.02,0.0,0.2,0.1,3.0,0.3,0.118,9,51,0.0,0.061224489795918366,38,7,128,0,38,19|17|11,hub_localized,49
star,50,0.01,0.02,0.0,0.2,0.1,3.0,0.3,0.118,10,52,0.0,0.061224489795918366,37,7,128,0,37,18|17|12,hub_localized,49
star,50,0.01,0.02,0.0,0.2,0.1,3.0,0.3,0.118,11,53,0.0,0.061224489795918366,36,7,128,0,36,16|17|13,hub_localized,49
star,50,0.01,0.02,0.0,0.2,0.1,3.0,0.3,0.118,12,54,0.0,0.061224489795918366,35,7,128,0,35,16|17|14,hub_localized,49
star,50,0.01,0.02,0.0,0.2,0.1,3.0,0.3,0.118,13,55,0.0,0.061224489795918366,34,7,128,0,34,14|17|15,hub_localized,49
star,50,0.01,0.02,0.0,0.2,0.1,3.0,0.3,0.118,14,56,0.0,0.061224489795918366,33,7,128,0,33,14|17|16,hub_localized,49
star,50,0.01,0.02,0.0,0.2,0.1,3.0,0.3,0.118,15,57,0.0,0.061224489795918366,32,7,128,0,32,12|17|17,hub_localized,49
star,50,0.01,0.02,0.0,0.2,0.1,3.0,0.3,0.118,16,58,0.0,0.061224489795918366,31,7,128,0,31,12|17|18,hub_localized,49
star,50,0.01,0.02,0.0,0.2,0.1,3.0,0.3,0.118,17,59,0.0,0.061224489795918366,30,7,128,0,30,10|17|19,hub_localized,49
star,50,0.01,0.02,0.0,0.2,0.1,3.0,0.3,0.118,18,60,0.0,0.04081632653061224,28,7,128,0,28,10|17|21,hub_localized,49
star,50,0.01,0.02,0.0,0.2,0.1,3.0,0.3,0.118,19,61,0.0,0.061224489795918366,28,7,128,0,28,9|17|21,hub_localized,49
star,50,0.01,0.02,0.0,0.2,0.1,3.0,0.3,0.118,20,62,0.0,0.061224489795918366,27,7,128,0,27,8|17|22,hub_localized,49
star,50,0.01,0.02,0.0,0.2,0.1,3.0,0.3,0.118,21,63,0.0,0.061224489795918366,26,7,128,0,26,7|17|23,hub_localized,49
star,50,0.01,0.02,0.0,0.2,0.1,3.0,0.3,0.118,22,64,0.0,0.08163265306122448,49,7,1,0,49,6|17|23,hub_localized,49
star,50,0.01,0.02,0.0,0.2,0.1,3.0,0.3,0.118,23,65,0.0,0.08163265306122448,48,7,4,0,48,5|17|23|1,hub_localized,49
star,50,0.01,0.02,0.0,0.2,0.1,3.0,0.3,0.118,24,66,0.0,0.061224489795918366,23,7,128,0,23,4|17|26,hub_localized,49
star,50,0.01,0.02,0.0,0.2,0.1,3.0,0.3,0.118,25,67,0.0,0.08163265306122448,46,7,1,0,46,2|17|23|3,hub_localized,49
star,50,0.01,0.02,0.0,0.2,0.1,3.0,0.3,0.118,26,68,0.0,0.08163265306122448,45,7,1,0,45,1|17|23|4,hub_localized,49
star,50,0.01,0.02,0.0,0.2,0.1,3.0,0.3,0.118,27,69,0.0,0.061224489795918366,44,7,1,0,44,1|17|24|5,hub_localized,49
star,50,0.01,0.02,0.0,0.2,0.1,3.0,0.3,0.118,28,70,0.0,0.061224489795918366,43,7,1,0,43,17|23|6,hub_localized,49
star,50,0.01,0.02,0.0,0.2,0.1,3.0,0.3,0.118,29,71,0.0,0.061224489795918366,42,7,4,0,42,16|23|7,hub_localized,49
star,50,0.01,0.02,0.0,0.2,0.1,3.0,0.3,0.118,30,72,0.0,0.061224489795918366,41,7,1,0,41,16|23|8,hub_localized,49
star,50,0.01,0.02,0.0,0.2,0.1,3.0,0.3,0.118,31,73,0.0,0.061224489795918366,40,7,4,0,40,15|23|9,hub_localized,49
star,50,0.01,0.02,0.0,0.2,0.1,3.0,0.3,0.118,32,74,0.0,0.061224489795918366,39,7,1,0,39,14|23|10,hub_localized,49
star,50,0.01,0.02,0.0,0.2,0.1,3.0,0.3,0.118,33,75,0.0,0.061224489795918366,38,7,1,0,38,12|23|11,hub_localized,49
star,50,0.01,0.02,0.0,0.2,0.1,3.0,0.3,0.118,34,76,0.0,0.061224489795918366,37,7,1,0,37,12|23|12,hub_localized,49
star,50,0.01,0.02,0.0,0.2,0.1,3.0,0.3,0.118,35,77,0.0,0.04081632653061224,36,6,1,0,36,12|23|13,hub_localized,49
star,50,0.01,0.02,0.0,0.2,0.1,3.0,0.3,0.118,36,78,0.0,0.061224489795918366,35,7,1,0,35,10|23|14,hub_localized,49
star,50,0.01,0.02,0.0,0.2,0.1,3.0,0.3,0.118,37,79,0.0,0.08163265306122448,49,7,1,0,49,9|23|14,hub_localized,49
star,50,0.01,0.02,0.0,0.2,0.1,3.0,0.3,0.118,38,80,0.0,0.061224489795918366,48,7,113,0,48,8|38|1,hub_localized,49
star,50,0.01,0.02,0.0,0.2,0.1,3.0,0.3,0.118,39,81,0.0,0.08163265306122448,47,7,1,0,47,7|23|14|2,hub_localized,49
star,50,0.01,0.02,0.0,0.2,0.1,3.0,0.3,0.118,40,82,0.0,0.061224489795918366,46,7,113,0,46,5|38|3,hub_localized,49
star,50,0.01,0.02,0.0,0.2,0.1,3.0,0.3,0.118,41,83,0.0,0.08163265306122448,45,7,1,0,45,5|23|14|4,hub_localized,49
star,50,0.01,0.02,0.0,0.2,0.1,3.0,0.3,0.118,42,84,0.0,0.08163265306122448,44,7,4,0,44,3|23|14|5,hub_localized,49
star,50,0.01,0.02,0.0,0.2,0.1,3.0,0.3,0.118,43,85,0.0,0.08163265306122448,43,7,1,0,43,2|23|14|6,hub_localized,49
star,50,0.01,0.02,0.0,0.2,0.1,3.0,0.3,0.118,44,86,0.0,0.08163265306122448,42,7,4,0,42,2|23|14|7,hub_localized,49
star,50,0.01,0.02,0.0,0.2,0.1,3.0,0.3,0.118,45,87,0.0,0.08163265306122448,41,7,1,0,41,1|23|14|8,hub_localized,49
star,50,0.01,0.02,0.0,0.2,0.1,3.0,0.3,0.118,46,88,0.0,0.04081632653061224,40,4,113,0,40,38|9,hub_localized,49
star,50,0.01,0.02,0.0,0.2,0.1,3.0,0.3,0.118,47,89,0.0,0.04081632653061224,39,4,3,0,39,23|14|10,hub_localized,49
star,50,0.01,0.02,0.0,0.2,0.1,3.0,0.3,0.118,48,90,0.0,0.061224489795918366,49,7,1,0,49,23|14|10,hub_localized,49
star,50,0.01,0.02,0.0,0.2,0.1,3.0,0.3,0.118,49,91,0.0,0.061224489795918366,48,7,1,0,48,22|14|10|1,hub_localized,49
star,50,0.01,0.02,0.0,0.2,0.1,3.0,0.3,0.12,0,42,0.0,0.061224489795918366,47,7,128,0,47,27|17|2,hub_localized,49
star,50,0.01,0.02,0.0,0.2,0.1,3.0,0.3,0.12,1,43,0.0,0.02040816326530612,27,2,193,0,27,26|22,hub_localized,49
star,50,0.01,0.02,0.0,0.2,0.1,3.0,0.3,0.12,2,44,0.0,0.061224489795918366,45,7,128,0,45,26|17|4,hub_localized,49
star,50,0.01,0.02,0.0,0.2,0.1,3.0,0.3,0.12,3,45,0.0,0.061224489795918366,44,7,128,0,44,25|17|5,hub_localized,49
star,50,0.01,0.02,0.0,0.2,0.1,3.0,0.3,0.12,4,46,0.0,0.061224489795918366,43,7,128,0,43,24|17|6,hub_localized,49
star,50,0.01,0.02,0.0,0.2,0.1,3.0,0.3,0.12,5,47,0.0,0.061224489795918366,42,7,128,0,42,22|17|7,hub_localized,49
star,50,0.01,0.02,0.0,0.2,0.1,3.0,0.3,0.12,6,48,0.0,0.061224489795918366,41,7,128,0,41,22|17|8,hub_localized,49
star,50,0.01,0.02,0.0,0.2,0.1,3.0,0.3,0.12,7,49,0.0,0.061224489795918366,40,7,128,0,40,20|17|9,hub_localized,49
star,50,0.01,0.02,0.0,0.2,0.1,3.0,0.3,0.12,8,50,0.0,0.061224489795918366,39,7,128,0,39,20|17|10,hub_localized,49
star,50,0.01,0.02,0.0,0.2,0.1,3.0,0.3,0.12,9,51,0.0,0.061224489795918366,38,7,128,0,38,19|17|11,hub_localized,49
star,50,0.01,0.02,0.0,0.2,0.1,3.0,0.3,0.12,10,52,0.0,0.061224489795918366,37,7,128,0,37,18|17|12,hub_localized,49
star,50,0.01,0.02,0.0,0.2,0.1,3.0,0.3,0.12,11,53,0.0,0.061224489795918366,36,7,128,0,36,16|17|13,hub_localized,49
star,50,0.01,0.02,0.0,0.2,0.1,3.0,0.3,0.12,12,54,0.0,0.061224489795918366,35,7,128,0,35,16|17|14,hub_localized,49
star,50,0.01,0.02,0.0,0.2,0.1,3.0,0.3,0.12,13,55,0.0,0.061224489795918366,34,7,128,0,34,14|17|15,hub_localized,49
star,50,0.01,0.02,0.0,0.2,0.1,3.0,0.3,0.12,14,56,0.0,0.061224489795918366,33,7,128,0,33,14|17|16,hub_localized,49
star,50,0.01,0.02,0.0,0.2,0.1,3.0,0.3,0.12,15,57,0.0,0.061224489795918366,32,7,128,0,32,12|17|17,hub_localized,49
star,50,0.01,0.02,0.0,0.2,0.1,3.0,0.3,0.12,16,58,0.0,0.061224489795918366,31,7,128,0,31,12|17|18,hub_localized,49
star,50,0.01,0.02,0.0,0.2,0.1,3.0,0.3,0.12,17,59,0.0,0.061224489795918366,30,7,128,0,30,10|17|19,hub_localized,49
star,50,0.01,0.02,0.0,0.2,0.1,3.0,0.3,0.12,18,60,0.0,0.04081632653061224,28,7,128,0,28,10|17|21,hub_localized,49
star,50,0.01,0.02,0.0,0.2,0.1,3.0,0.3,0.12,19,61,0.0,0.061224489795918366,28,7,128,0,28,9|17|21,hub_localized,49
star,50,0.01,0.02,0.0,0.2,0.1,3.0,0.3,0.12,20,62,0.0,0.061224489795918366,27,7,128,0,27,8|17|22,hub_localized,49
star,50,0.01,0.02,0.0,0.2,0.1,3.0,0.3,0.12,21,63,0.0,0.061224489795918366,26,7,128,0,26,7|17|23,hub_localized,49
star,50,0.01,0.02,0.0,0.2,0.1,3.0,0.3,0.12,22,64,0.0,0.08163265306122448,49,7,1,0,49,6|17|23,hub_localized,49
star,50,0.01,0.02,0.0,0.2,0.1,3.0,0.3,0.12,23,65,0.0,0.061224489795918366,24,7,128,0,24,5|17|25,hub_localized,49
star,50,0.01,0.02,0.0,0.2,0.1,3.0,0.3,0.12,24,66,0.0,0.061224489795918366,23,7,128,0,23,4|17|26,hub_localized,49
star,50,0.01,0.02,0.0,0.2,0.1,3.0,0.3,0.12,25,67,0.0,0.08163265306122448,46,7,1,0,46,2|17|23|3,hub_localized,49
star,50,0.01,0.02,0.0,0.2,0.1,3.0,0.3,0.12,26,68,0.0,0.08163265306122448,45,7,1,0,45,1|17|23|4,hub_localized,49
star,50,0.01,0.02,0.0,0.2,0.1,3.0,0.3,0.12,27,69,0.0,0.061224489795918366,44,7,1,0,44,1|17|24|5,hub_localized,49
star,50,0.01,0.02,0.0,0.2,0.1,3.0,0.3,0.12,28,70,0.0,0.061224489795918366,43,7,1,0,43,17|23|6,hub_localized,49
star,50,0.01,0.02,0.0,0.2,0.1,3.0,0.3,0.12,29,71,0.0,0.04081632653061224,18,7,128,0,18,16|31,hub_localized,49
star,50,0.01,0.02,0.0,0.2,0.1,3.0,0.3,0.12,30,72,0.0,0.061224489795918366,41,7,1,0,41,16|23|8,hub_localized,49
star,50,0.01,0.02,0.0,0.2,0.1,3.0,0.3,0.12,31,73,0.0,0.061224489795918366,40,7,4,0,40,15|23|9,hub_localized,49
star,50,0.01,0.02,0.0,0.2,0.1,3.0,0.3,0.12,32,74,0.0,0.061224489795918366,39,7,1,0,39,14|23|10,hub_localized,49
star,50,0.01,0.02,0.0,0.2,0.1,3.0,0.3,0.12,33,75,0.0,0.061224489795918366,38,7,1,0,38,12|23|11,hub_localized,49
star,50,0.01,0.02,0.0,0.2,0.1,3.0,0.3,0.12,34,76,0.0,0.061224489795918366,37,7,1,0,37,12|23|12,hub_localized,49
star,50,0.01,0.02,0.0,0.2,0.1,3.0,0.3,0.12,35,77,0.0,0.04081632653061224,36,6,1,0,36,12|23|13,hub_localized,49
star,50,0.01,0.02,0.0,0.2,0.1,3.0,0.3,0.12,36,78,0.0,0.061224489795918366,35,7,1,0,35,10|23|14,hub_localized,49
star,50,0.01,0.02,0.0,0.2,0.1,3.0,0.3,0.12,37,79,0.0,0.08163265306122448,49,7,1,0,49,9|23|14,hub_localized,49
star,50,0.01,0.02,0.0,0.2,0.1,3.0,0.3,0.12,38,80,0.0,0.061224489795918366,48,7,113,0,48,8|38|1,hub_localized,49
star,50,0.01,0.02,0.0,0.2,0.1,3.0,0.3,0.12,39,81,0.0,0.08163265306122448,47,7,1,0,47,7|23|14|2,hub_localized,49
star,50,0.01,0.02,0.0,0.2,0.1,3.0,0.3,0.12,40,82,0.0,0.061224489795918366,46,7,113,0,46,5|38|3,hub_localized,49
star,50,0.01,0.02,0.0,0.2,0.1,3.0,0.3,0.12,41,83,0.0,0.08163265306122448,45,7,1,0,45,5|23|14|4,hub_localized,49
star,50,0.01,0.02,0.0,0.2,0.1,3.0,0.3,0.12,42,84,0.0,0.08163265306122448,44,7,4,0,44,3|23|14|5,hub_localized,49
star,50,0.01,0.02,0.0,0.2,0.1,3.0,0.3,0.12,43,85,0.0,0.08163265306122448,43,7,1,0,43,2|23|14|6,hub_localized,49
star,50,0.01,0.02,0.0,0.2,0.1,3.0,0.3,0.12,44,86,0.0,0.061224489795918366,42,7,113,0,42,2|38|7,hub_localized,49
star,50,0.01,0.02,0.0,0.2,0.1,3.0,0.3,0.12,45,87,0.0,0.08163265306122448,41,7,1,0,41,1|23|14|8,hub_localized,49
star,50,0.01,0.02,0.0,0.2,0.1,3.0,0.3,0.12,46,88,0.0,0.04081632653061224,40,4,113,0,40,38|9,hub_localized,49
star,50,0.01,0.02,0.0,0.2,0.1,3.0,0.3,0.12,47,89,0.0,0.04081632653061224,39,4,3,0,39,23|14|10,hub_localized,49
star,50,0.01,0.02,0.0,0.2,0.1,3.0,0.3,0.12,48,90,0.0,0.061224489795918366,49,7,1,0,49,23|14|10,hub_localized,49
star,50,0.01,0.02,0.0,0.2,0.1,3.0,0.3,0.12,49,91,0.0,0.061224489795918366,48,7,1,0,48,22|14|10|1,hub_localized,49
star,50,0.01,0.03,0.0,0.2,0.1,3.0,0.3,0.09,0,42,0.0,0.16326530612244897,47,8,4,0,47,3|4|5|12|4|1|10|2,hub_localized,49
star,50,0.01,0.03,0.0,0.2,0.1,3.0,0.3,0.09,1,43,0.0,0.16326530612244897,46,9,5,0,46,2|4|5|12|4|1|10|3,hub_localized,49
star,50,0.01,0.03,0.0,0.2,0.1,3.0,0.3,0.09,2,44,0.0,0.14285714285714285,44,8,5,0,44,2|4|5|12|4|1|10|5,hub_localized,49
star,50,0.01,0.03,0.0,0.2,0.1,3.0,0.3,0.09,3,45,0.0,0.14285714285714285,43,8,4,0,43,1|4|5|12|4|1|10|6,hub_localized,49
star,50,0.01,0.03,0.0,0.2,0.1,3.0,0.3,0.09,4,46,0.0,0.14285714285714285,49,8,5,0,49,4|5|12|4|1|10|6,hub_localized,49
star,50,0.01,0.03,0.0,0.2,0.1,3.0,0.3,0.09,5,47,0.0,0.14285714285714285,48,8,6,0,48,3|5|12|4|1|10|6|1,hub_localized,49
star,50,0.01,0.03,0.0,0.2,0.1,3.0,0.3,0.09,6,48,0.0,0.16326530612244897,47,8,5,0,47,3|5|12|4|1|10|5|2,hub_localized,49
star,50,0.01,0.03,0.0,0.2,0.1,3.0,0.3,0.09,7,49,0.0,0.14285714285714285,46,8,5,0,46,1|5|12|4|1|10|6|3,hub_localized,49
star,50,0.01,0.03,0.0,0.2,0.1,3.0,0.3,0.09,8,50,0.0,0.14285714285714285,45,8,5,0,45,1|5|12|4|1|10|6|4,hub_localized,49
star,50,0.01,0.03,0.0,0.2,0.1,3.0,0.3,0.09,9,51,0.0,0.10204081632653061,44,8,102,0,44,18|4|1|10|6|5,hub_localized,49
star,50,0.01,0.03,0.0,0.2,0.1,3.0,0.3,0.09,10,52,0.0,0.10204081632653061,43,8,102,0,43,17|4|1|10|6|6,hub_localized,49
star,50,0.01,0.03,0.0,0.2,0.1,3.0,0.3,0.09,11,53,0.0,0.12244897959183673,42,8,5,0,42,3|12|4|1|10|6|7,hub_localized,49
star,50,0.01,0.03,0.0,0.2,0.1,3.0,0.3,0.09,12,54,0.0,0.10204081632653061,41,8,102,0,41,16|4|1|10|6|8,hub_localized,49
star,50,0.01,0.03,0.0,0.2,0.1,3.0,0.3,0.09,13,55,0.0,0.12244897959183673,40,8,102,0,40,14|4|1|10|5|9,hub_localized,49
star,50,0.01,0.03,0.0,0.2,0.1,3.0,0.3,0.09,14,56,0.0,0.12244897959183673,39,8,6,0,39,1|12|4|1|10|6|10,hub_localized,49
star,50,0.01,0.03,0.0,0.2,0.1,3.0,0.3,0.09,15,57,0.0,0.10204081632653061,38,8,102,0,38,12|4|1|10|6|11,hub_localized,49
star,50,0.01,0.03,0.0,0.2,0.1,3.0,0.3,0.09,16,58,0.0,0.12244897959183673,37,8,102,0,37,12|4|1|10|5|12,hub_localized,49
star,50,0.01,0.03,0.0,0.2,0.1,3.0,0.3,0.09,17,59,0.0,0.10204081632653061,36,8,102,0,36,10|4|1|10|6|13,hub_localized,49
star,50,0.01,0.03,0.0,0.2,0.1,3.0,0.3,0.09,18,60,0.0,0.12244897959183673,35,8,102,0,35,10|4|1|10|5|14,hub_localized,49
star,50,0.01,0.03,0.0,0.2,0.1,3.0,0.3,0.09,19,61,0.0,0.10204081632653061,34,8,102,0,34,9|4|1|10|6|15,hub_localized,49
star,50,0.01,0.03,0.0,0.2,0.1,3.0,0.3,0.09,20,62,0.0,0.10204081632653061,33,8,102,0,33,8|4|1|10|6|16,hub_localized,49
star,50,0.01,0.03,0.0,0.2,0.1,3.0,0.3,0.09,21,63,0.0,0.10204081632653061,32,8,102,0,32,7|4|1|10|6|17,hub_localized,49
star,50,0.01,0.03,0.0,0.2,0.1,3.0,0.3,0.09,22,64,0.0,0.12244897959183673,49,8,1,0,49,6|4|1|10|6|17,hub_localized,49
star,50,0.01,0.03,0.0,0.2,0.1,3.0,0.3,0.09,23,65,0.0,0.12244897959183673,48,8,4,0,48,5|4|1|10|6|17|1,hub_localized,49
star,50,0.01,0.03,0.0,0.2,0.1,3.0,0.3,0.09,24,66,0.0,0.12244897959183673,47,8,4,0,47,4|4|1|10|6|17|2,hub_localized,49
star,50,0.01,0.03,0.0,0.2,0.1,3.0,0.3,0.09,25,67,0.0,0.12244897959183673,46,8,1,0,46,2|4|1|10|6|17|3,hub_localized,49
star,50,0.01,0.03,0.0,0.2,0.1,3.0,0.3,0.09,26,68,0.0,0.12244897959183673,45,8,1,0,45,1|4|1|10|6|17|4,hub_localized,49
star,50,0.01,0.03,0.0,0.2,0.1,3.0,0.3,0.09,27,69,0.0,0.14285714285714285,44,8,1,0,44,1|4|1|10|5|17|5,hub_localized,49
star,50,0.01,0.03,0.0,0.2,0.1,3.0,0.3,0.09,28,70,0.0,0.10204081632653061,43,8,1,0,43,4|1|10|6|17|6,hub_localized,49
star,50,0.01,0.03,0.0,0.2,0.1,3.0,0.3,0.09,29,71,0.0,0.10204081632653061,42,8,4,0,42,3|1|10|6|17|7,hub_localized,49
star,50,0.01,0.03,0.0,0.2,0.1,3.0,0.3,0.09,30,72,0.0,0.12244897959183673,41,8,1,0,41,2|1|10|5|17|8,hub_localized,49
star,50,0.01,0.03,0.0,0.2,0.1,3.0,0.3,0.09,31,73,0.0,0.10204081632653061,40,8,3,0,40,2|1|10|6|17|9,hub_localized,49
star,50,0.01,0.03,0.0,0.2,0.1,3.0,0.3,0.09,32,74,0.0,0.12244897959183673,39,8,1,0,39,1|10|5|17|10,hub_localized,49
star,50,0.01,0.03,0.0,0.2,0.1,3.0,0.3,0.09,33,75,0.0,0.08163265306122448,38,8,1,0,38,1|10|6|17|11,hub_localized,49
star,50,0.01,0.03,0.0,0.2,0.1,3.0,0.3,0.09,34,76,0.0,0.08163265306122448,37,8,1,0,37,1|10|6|17|12,hub_localized,49
star,50,0.01,0.03,0.0,0.2,0.1,3.0,0.3,0.09,35,77,0.0,0.08163265306122448,36,8,1,0,36,10|5|17|13,hub_localized,49
star,50,0.01,0.03,0.0,0.2,0.1,3.0,0.3,0.09,36,78,0.0,0.061224489795918366,35,8,1,0,35,9|6|17|14,hub_localized,49
star,50,0.01,0.03,0.0,0.2,0.1,3.0,0.3,0.09,37,79,0.0,0.08163265306122448,49,8,1,0,49,9|6|17|14,hub_localized,49
star,50,0.01,0.03,0.0,0.2,0.1,3.0,0.3,0.09,38,80,0.0,0.061224489795918366,48,8,113,0,48,8|6|32|1,hub_localized,49
star,50,0.01,0.03,0.0,0.2,0.1,3.0,0.3,0.09,39,81,0.0,0.08163265306122448,47,8,1,0,47,7|6|17|14|2,hub_localized,49
star,50,0.01,0.03,0.0,0.2,0.1,3.0,0.3,0.09,40,82,0.0,0.08163265306122448,46,8,4,0,46,5|6|17|14|3,hub_localized,49
star,50,0.01,0.03,0.0,0.2,0.1,3.0,0.3,0.09,41,83,0.0,0.08163265306122448,45,8,1,0,45,5|6|17|14|4,hub_localized,49
star,50,0.01,0.03,0.0,0.2,0.1,3.0,0.3,0.09,42,84,0.0,0.08163265306122448,44,8,4,0,44,3|6|17|14|5,hub_localized,49
star,50,0.01,0.03,0.0,0.2,0.1,3.0,0.3,0.09,43,85,0.0,0.08163265306122448,43,8,1,0,43,2|6|17|14|6,hub_localized,49
star,50,0.01,0.03,0.0,0.2,0.1,3.0,0.3,0.09,44,86,0.0,0.08163265306122448,42,8,4,0,42,2|6|17|14|7,hub_localized,49
star,50,0.01,0.03,0.0,0.2,0.1,3.0,0.3,0.09,45,87,0.0,0.08163265306122448,41,8,1,0,41,1|6|17|14|8,hub_localized,49
star,50,0.01,0.03,0.0,0.2,0.1,3.0,0.3,0.09,46,88,0.0,0.04081632653061224,40,5,113,0,40,6|32|9,hub_localized,49
star,50,0.01,0.03,0.0,0.2,0.1,3.0,0.3,0.09,47,89,0.0,0.061224489795918366,39,5,3,0,39,5|17|14|10,hub_localized,49
star,50,0.01,0.03,0.0,0.2,0.1,3.0,0.3,0.09,48,90,0.0,0.08163265306122448,49,8,1,0,49,4|17|14|10,hub_localized,49
star,50,0.01,0.03,0.0,0.2,0.1,3.0,0.3,0.09,49,91,0.0,0.08163265306122448,48,8,1,0,48,4|17|14|10|1,hub_localized,49
star,50,0.01,0.03,0.0,0.2,0.1,3.0,0.3,0.092,0,42,0.0,0.14285714285714285,46,8,5,0,46,3|4|5|12|4|1|10|3,hub_localized,49
star,50,0.01,0.03,0.0,0.2,0.1,3.0,0.3,0.092,1,43,0.0,0.16326530612244897,45,8,5,0,45,2|4|5|9|2|4|1|10|4,hub_localized,49
star,50,0.01,0.03,0.0,0.2,0.1,3.0,0.3,0.092,2,44,0.0,0.16326530612244897,44,8,5,0,44,2|4|5|9|2|4|1|10|5,hub_localized,49
star,50,0.01,0.03,0.0,0.2,0.1,3.0,0.3,0.092,3,45,0.0,0.16326530612244897,43,8,4,0,43,1|4|5|9|2|4|1|10|6,hub_localized,49
star,50,0.01,0.03,0.0,0.2,0.1,3.0,0.3,0.092,4,46,0.0,0.16326530612244897,49,8,5,0,49,4|5|9|2|4|1|10|6,hub_localized,49
star,50,0.01,0.03,0.0,0.2,0.1,3.0,0.3,0.092,5,47,0.0,0.14285714285714285,48,8,6,0,48,3|5|12|4|1|10|6|1,hub_localized,49
star,50,0.01,0.03,0.0,0.2,0.1,3.0,0.3,0.092,6,48,0.0,0.16326530612244897,47,8,5,0,47,3|5|9|2|4|1|10|6|2,hub_localized,49
star,50,0.01,0.03,0.0,0.2,0.1,3.0,0.3,0.092,7,49,0.0,0.14285714285714285,46,8,5,0,46,1|5|12|4|1|10|6|3,hub_localized,49
star,50,0.01,0.03,0.0,0.2,0.1,3.0,0.3,0.092,8,50,0.0,0.16326530612244897,45,8,5,0,45,1|5|9|2|4|1|10|6|4,hub_localized,49
star,50,0.01,0.03,0.0,0.2,0.1,3.0,0.3,0.092,9,51,0.0,0.10204081632653061,44,8,102,0,44,18|4|1|10|6|5,hub_localized,49
star,50,0.01,0.03,0.0,0.2,0.1,3.0,0.3,0.092,10,52,0.0,0.12244897959183673,43,8,48,0,43,14|2|4|1|10|6|6,hub_localized,49
star,50,0.01,0.03,0.0,0.2,0.1,3.0,0.3,0.092,11,53,0.0,0.14285714285714285,42,8,5,0,42,3|9|2|4|1|10|6|7,hub_localized,49
star,50,0.01,0.03,0.0,0.2,0.1,3.0,0.3,0.092,12,54,0.0,0.12244897959183673,41,8,48,0,41,13|2|4|1|10|6|8,hub_localized,49
star,50,0.01,0.03,0.0,0.2,0.1,3.0,0.3,0.092,13,55,0.0,0.12244897959183673,40,8,47,0,40,11|2|4|1|10|6|9,hub_localized,49
star,50,0.01,0.03,0.0,0.2,0.1,3.0,0.3,0.092,14,56,0.0,0.14285714285714285,39,8,6,0,39,1|9|2|4|1|10|6|10,hub_localized,49
star,50,0.01,0.03,0.0,0.2,0.1,3.0,0.3,0.092,15,57,0.0,0.12244897959183673,38,8,47,0,38,9|2|4|1|10|6|11,hub_localized,49
star,50,0.01,0.03,0.0,0.2,0.1,3.0,0.3,0.092,16,58,0.0,0.12244897959183673,37,8,48,0,37,9|2|4|1|10|6|12,hub_localized,49
star,50,0.01,0.03,0.0,0.2,0.1,3.0,0.3,0.092,17,59,0.0,0.10204081632653061,36,8,102,0,36,10|4|1|10|6|13,hub_localized,49
star,50,0.01,0.03,0.0,0.2,0.1,3.0,0.3,0.092,18,60,0.0,0.10204081632653061,35,8,102,0,35,10|4|1|10|6|14,hub_localized,49
star,50,0.01,0.03,0.0,0.2,0.1,3.0,0.3,0.092,19,61,0.0,0.12244897959183673,34,8,48,0,34,6|2|4|1|10|6|15,hub_localized,49
star,50,0.01,0.03,0.0,0.2,0.1,3.0,0.3,0.092,20,62,0.0,0.10204081632653061,33,8,102,0,33,8|4|1|10|6|16,hub_localized,49
star,50,0.01,0.03,0.0,0.2,0.1,3.0,0.3,0.092,21,63,0.0,0.12244897959183673,32,8,48,0,32,4|2|4|1|10|6|17,hub_localized,49
star,50,0.01,0.03,0.0,0.2,0.1,3.0,0.3,0.092,22,64,0.0,0.14285714285714285,49,8,1,0,49,3|2|4|1|10|6|17,hub_localized,49
star,50,0.01,0.03,0.0,0.2,0.1,3.0,0.3,0.092,23,65,0.0,0.14285714285714285,48,8,4,0,48,2|2|4|1|10|6|17|1,hub_localized,49
star,50,0.01,0.03,0.0,0.2,0.1,3.0,0.3,0.092,24,66,0.0,0.14285714285714285,47,8,4,0,47,1|2|4|1|10|6|17|2,hub_localized,49
star,50,0.01,0.03,0.0,0.2,0.1,3.0,0.3,0.092,25,67,0.0,0.12244897959183673,46,8,1,0,46,2|4|1|10|6|17|3,hub_localized,49
star,50,0.01,0.03,0.0,0.2,0.1,3.0,0.3,0.092,26,68,0.0,0.12244897959183673,45,8,1,0,45,1|4|1|10|6|17|4,hub_localized,49
star,50,0.01,0.03,0.0,0.2,0.1,3.0,0.3,0.092,27,69,0.0,0.12244897959183673,44,8,1,0,44,1|4|1|10|6|17|5,hub_localized,49
star,50,0.01,0.03,0.0,0.2,0.1,3.0,0.3,0.092,28,70,0.0,0.10204081632653061,43,8,1,0,43,4|1|10|6|17|6,hub_localized,49
star,50,0.01,0.03,0.0,0.2,0.1,3.0,0.3,0.092,29,71,0.0,0.10204081632653061,42,8,4,0,42,3|1|10|6|17|7,hub_localized,49
star,50,0.01,0.03,0.0,0.2,0.1,3.0,0.3,0.092,30,72,0.0,0.10204081632653061,41,8,1,0,41,2|1|10|6|17|8,hub_localized,49
star,50,0.01,0.03,0.0,0.2,0.1,3.0,0.3,0.092,31,73,0.0,0.10204081632653061,40,8,3,0,40,2|1|10|6|17|9,hub_localized,49
star,50,0.01,0.03,0.0,0.2,0.1,3.0,0.3,0.092,32,74,0.0,0.12244897959183673,39,8,1,0,39,1|10|5|17|10,hub_localized,49
star,50,0.01,0.03,0.0,0.2,0.1,3.0,0.3,0.092,33,75,0.0,0.08163265306122448,38,8,1,0,38,1|10|6|17|11,hub_localized,49
star,50,0.01,0.03,0.0,0.2,0.1,3.0,0.3,0.092,34,76,0.0,0.08163265306122448,37,8,1,0,37,1|10|6|17|12,hub_localized,49
star,50,0.01,0.03,0.0,0.2,0.1,3.0,0.3,0.092,35,77,0.0,0.08163265306122448,36,8,1,0,36,10|5|17|13,hub_localized,49
star,50,0.01,0.03,0.0,0.2,0.1,3.0,0.3,0.092,36,78,0.0,0.061224489795918366,35,8,1,0,35,9|6|17|14,hub_localized,49
star,50,0.01,0.03,0.0,0.2,0.1,3.0,0.3,0.092,37,79,0.0,0.08163265306122448,49,8,1,0,49,9|6|17|14,hub_localized,49
star,50,0.01,0.03,0.0,0.2,0.1,3.0,0.3,0.092,38,80,0.0,0.061224489795918366,48,8,113,0,48,8|6|32|1,hub_localized,49
star,50,0.01,0.03,0.0,0.2,0.1,3.0,0.3,0.092,39,81,0.0,0.08163265306122448,47,8,1,0,47,7|6|17|14|2,hub_localized,49
star,50,0.01,0.03,0.0,0.2,0.1,3.0,0.3,0.092,40,82,0.0,0.08163265306122448,46,8,4,0,46,5|6|17|14|3,hub_localized,49
star,50,0.01,0.03,0.0,0.2,0.1,3.0,0.3,0.092,41,83,0.0,0.08163265306122448,45,8,1,0,45,5|6|17|14|4,hub_localized,49
star,50,0.01,0.03,0.0,0.2,0.1,3.0,0.3,0.092,42,84,0.0,0.08163265306122448,44,8,4,0,44,3|6|17|14|5,hub_localized,49
star,50,0.01,0.03,0.0,0.2,0.1,3.0,0.3,0.092,43,85,0.0,0.08163265306122448,43,8,1,0,43,2|6|17|14|6,hub_localized,49
star,50,0.01,0.03,0.0,0.2,0.1,3.0,0.3,0.092,44,86,0.0,0.08163265306122448,42,8,4,0,42,2|6|17|14|7,hub_localized,49
star,50,0.01,0.03,0.0,0.2,0.1,3.0,0.3,0.092,45,87,0.0,0.08163265306122448,41,8,1,0,41,1|6|17|14|8,hub_localized,49
star,50,0.01,0.03,0.0,0.2,0.1,3.0,0.3,0.092,46,88,0.0,0.04081632653061224,40,5,113,0,40,6|32|9,hub_localized,49
star,50,0.01,0.03,0.0,0.2,0.1,3.0,0.3,0.092,47,89,0.0,0.061224489795918366,39,5,3,0,39,5|17|14|10,hub_localized,49
star,50,0.01,0.03,0.0,0.2,0.1,3.0,0.3,0.092,48,90,0.0,0.08163265306122448,49,8,1,0,49,4|17|14|10,hub_localized,49
star,50,0.01,0.03,0.0,0.2,0.1,3.0,0.3,0.092,49,91,0.0,0.08163265306122448,48,8,1,0,48,4|17|14|10|1,hub_localized,49
star,50,0.01,0.03,0.0,0.2,0.1,3.0,0.3,0.094,0,42,0.0,0.12244897959183673,46,8,5,0,46,3|10|12|4|1|10|3,hub_localized,49
star,50,0.01,0.03,0.0,0.2,0.1,3.0,0.3,0.094,1,43,0.0,0.16326530612244897,45,8,5,0,45,2|4|5|9|2|4|1|10|4,hub_localized,49
star,50,0.01,0.03,0.0,0.2,0.1,3.0,0.3,0.094,2,44,0.0,0.12244897959183673,44,8,5,0,44,2|10|12|4|1|10|5,hub_localized,49
star,50,0.01,0.03,0.0,0.2,0.1,3.0,0.3,0.094,3,45,0.0,0.14285714285714285,44,8,4,0,44,1|10|12|4|1|10|5,hub_localized,49
star,50,0.01,0.03,0.0,0.2,0.1,3.0,0.3,0.094,4,46,0.0,0.1836734693877551,49,8,5,0,49,4|5|9|2|4|1|10|5,hub_localized,49
star,50,0.01,0.03,0.0,0.2,0.1,3.0,0.3,0.094,5,47,0.0,0.12244897959183673,48,8,6,0,48,9|12|4|1|10|6|1,hub_localized,49
star,50,0.01,0.03,0.0,0.2,0.1,3.0,0.3,0.094,6,48,0.0,0.16326530612244897,47,8,5,0,47,9|9|2|4|1|10|5|2,hub_localized,49
star,50,0.01,0.03,0.0,0.2,0.1,3.0,0.3,0.094,7,49,0.0,0.16326530612244897,46,8,5,0,46,1|5|12|4|1|10|5|3,hub_localized,49
star,50,0.01,0.03,0.0,0.2,0.1,3.0,0.3,0.094,8,50,0.0,0.1836734693877551,45,8,5,0,45,1|5|9|2|4|1|10|5|4,hub_localized,49
star,50,0.01,0.03,0.0,0.2,0.1,3.0,0.3,0.094,9,51,0.0,0.12244897959183673,44,8,102,0,44,18|4|1|10|5|5,hub_localized,49
star,50,0.01,0.03,0.0,0.2,0.1,3.0,0.3,0.094,10,52,0.0,0.12244897959183673,43,8,102,0,43,17|4|1|10|5|6,hub_localized,49
star,50,0.01,0.03,0.0,0.2,0.1,3.0,0.3,0.094,11,53,0.0,0.14285714285714285,42,8,6,0,42,3|12|4|1|10|5|7,hub_localized,49
star,50,0.01,0.03,0.0,0.2,0.1,3.0,0.3,0.094,12,54,0.0,0.12244897959183673,41,8,102,0,41,16|4|1|10|5|8,hub_localized,49
star,50,0.01,0.03,0.0,0.2,0.1,3.0,0.3,0.094,13,55,0.0,0.14285714285714285,40,8,48,0,40,11|2|4|1|10|5|9,hub_localized,49
star,50,0.01,0.03,0.0,0.2,0.1,3.0,0.3,0.094,14,56,0.0,0.14285714285714285,39,8,6,0,39,1|12|4|1|10|5|10,hub_localized,49
star,50,0.01,0.03,0.0,0.2,0.1,3.0,0.3,0.094,15,57,0.0,0.14285714285714285,38,8,48,0,38,9|2|4|1|10|5|11,hub_localized,49
star,50,0.01,0.03,0.0,0.2,0.1,3.0,0.3,0.094,16,58,0.0,0.12244897959183673,37,8,102,0,37,12|4|1|10|5|12,hub_localized,49
star,50,0.01,0.03,0.0,0.2,0.1,3.0,0.3,0.094,17,59,0.0,0.12244897959183673,36,8,102,0,36,10|4|1|10|5|13,hub_localized,49
star,50,0.01,0.03,0.0,0.2,0.1,3.0,0.3,0.094,18,60,0.0,0.12244897959183673,35,8,48,0,35,7|2|4|1|10|6|14,hub_localized,49
star,50,0.01,0.03,0.0,0.2,0.1,3.0,0.3,0.094,19,61,0.0,0.12244897959183673,34,8,102,0,34,9|4|1|10|5|15,hub_localized,49
star,50,0.01,0.03,0.0,0.2,0.1,3.0,0.3,0.094,20,62,0.0,0.12244897959183673,33,8,102,0,33,8|4|1|10|5|16,hub_localized,49
star,50,0.01,0.03,0.0,0.2,0.1,3.0,0.3,0.094,21,63,0.0,0.12244897959183673,32,8,102,0,32,7|4|1|10|5|17,hub_localized,49
star,50,0.01,0.03,0.0,0.2,0.1,3.0,0.3,0.094,22,64,0.0,0.14285714285714285,49,8,1,0,49,6|4|1|10|5|17,hub_localized,49
star,50,0.01,0.03,0.0,0.2,0.1,3.0,0.3,0.094,23,65,0.0,0.14285714285714285,48,8,4,0,48,5|4|1|10|5|17|1,hub_localized,49
star,50,0.01,0.03,0.0,0.2,0.1,3.0,0.3,0.094,24,66,0.0,0.14285714285714285,47,8,4,0,47,4|4|1|10|5|17|2,hub_localized,49
star,50,0.01,0.03,0.0,0.2,0.1,3.0,0.3,0.094,25,67,0.0,0.14285714285714285,46,8,1,0,46,2|4|1|10|5|17|3,hub_localized,49
star,50,0.01,0.03,0.0,0.2,0.1,3.0,0.3,0.094,26,68,0.0,0.14285714285714285,45,8,1,0,45,1|4|1|10|5|17|4,hub_localized,49
star,50,0.01,0.03,0.0,0.2,0.1,3.0,0.3,0.094,27,69,0.0,0.12244897959183673,44,8,1,0,44,1|4|1|10|6|17|5,hub_localized,49
star,50,0.01,0.03,0.0,0.2,0.1,3.0,0.3,0.094,28,70,0.0,0.12244897959183673,43,8,1,0,43,4|1|10|5|17|6,hub_localized,49
star,50,0.01,0.03,0.0,0.2,0.1,3.0,0.3,0.094,29,71,0.0,0.12244897959183673,42,8,4,0,42,3|1|10|5|17|7,hub_localized,49
star,50,0.01,0.03,0.0,0.2,0.1,3.0,0.3,0.094,30,72,0.0,0.12244897959183673,41,8,1,0,41,2|1|10|5|17|8,hub_localized,49
star,50,0.01,0.03,0.0,0.2,0.1,3.0,0.3,0.094,31,73,0.0,0.10204081632653061,40,8,3,0,40,2|1|10|6|17|9,hub_localized,49
star,50,0.01,0.03,0.0,0.2,0.1,3.0,0.3,0.094,32,74,0.0,0.10204081632653061,39,8,1,0,39,1|10|6|17|10,hub_localized,49
star,50,0.01,0.03,0.0,0.2,0.1,3.0,0.3,0.094,33,75,0.0,0.10204081632653061,38,8,1,0,38,1|10|5|17|11,hub_localized,49
star,50,0.01,0.03,0.0,0.2,0.1,3.0,0.3,0.094,34,76,0.0,0.10204081632653061,37,8,1,0,37,1|10|5|17|12,hub_localized,49
star,50,0.01,0.03,0.0,0.2,0.1,3.0,0.3,0.094,35,77,0.0,0.08163265306122448,36,8,1,0,36,10|5|17|13,hub_localized,49
star,50,0.01,0.03,0.0,0.2,0.1,3.0,0.3,0.094,36,78,0.0,0.061224489795918366,35,8,1,0,35,9|6|17|14,hub_localized,49
star,50,0.01,0.03,0.0,0.2,0.1,3.0,0.3,0.094,37,79,0.0,0.10204081632653061,49,8,1,0,49,9|5|17|14,hub_localized,49
star,50,0.01,0.03,0.0,0.2,0.1,3.0,0.3,0.094,38,80,0.0,0.08163265306122448,48,8,113,0,48,8|5|32|1,hub_localized,49
star,50,0.01,0.03,0.0,0.2,0.1,3.0,0.3,0.094,39,81,0.0,0.10204081632653061,47,8,1,0,47,7|5|17|14|2,hub_localized,49
star,50,0.01,0.03,0.0,0.2,0.1,3.0,0.3,0.094,40,82,0.0,0.10204081632653061,46,8,4,0,46,5|5|17|14|3,hub_localized,49
star,50,0.01,0.03,0.0,0.2,0.1,3.0,0.3,0.094,41,83,0.0,0.08163265306122448,45,8,1,0,45,5|6|17|14|4,hub_localized,49
star,50,0.01,0.03,0.0,0.2,0.1,3.0,0.3,0.094,42,84,0.0,0.10204081632653061,44,8,4,0,44,3|5|17|14|5,hub_localized,49
star,50,0.01,0.03,0.0,0.2,0.1,3.0,0.3,0.094,43,85,0.0,0.10204081632653061,43,8,1,0,43,2|5|17|14|6,hub_localized,49
star,50,0.01,0.03,0.0,0.2,0.1,3.0,0.3,0.094,44,86,0.0,0.10204081632653061,42,8,4,0,42,2|5|17|14|7,hub_localized,49
star,50,0.01,0.03,0.0,0.2,0.1,3.0,0.3,0.094,45,87,0.0,0.08163265306122448,41,8,1,0,41,1|6|17|14|8,hub_localized,49
star,50,0.01,0.03,0.0,0.2,0.1,3.0,0.3,0.094,46,88,0.0,0.061224489795918366,40,4,113,0,40,5|32|9,hub_localized,49
star,50,0.01,0.03,0.0,0.2,0.1,3.0,0.3,0.094,47,89,0.0,0.061224489795918366,39,5,3,0,39,5|17|14|10,hub_localized,49
star,50,0.01,0.03,0.0,0.2,0.1,3.0,0.3,0.094,48,90,0.0,0.08163265306122448,49,8,1,0,49,4|17|14|10,hub_localized,49
star,50,0.01,0.03,0.0,0.2,0.1,3.0,0.3,0.094,49,91,0.0,0.08163265306122448,48,8,1,0,48,4|17|14|10|1,hub_localized,49
star,50,0.01,0.03,0.0,0.2,0.1,3.0,0.3,0.096,0,42,0.0,0.08163265306122448,46,8,5,0,46,14|12|6|10|3,hub_localized,49
star,50,0.01,0.03,0.0,0.2,0.1,3.0,0.3,0.096,1,43,0.0,0.08163265306122448,45,8,6,0,45,13|12|6|10|4,hub_localized,49
star,50,0.01,0.03,0.0,0.2,0.1,3.0,0.3,0.096,2,44,0.0,0.12244897959183673,45,8,5,0,45,2|10|12|6|10|4,hub_localized,49
star,50,0.01,0.03,0.0,0.2,0.1,3.0,0.3,0.096,3,45,0.0,0.12244897959183673,44,8,5,0,44,1|10|12|6|10|5,hub_localized,49
star,50,0.01,0.03,0.0,0.2,0.1,3.0,0.3,0.096,4,46,0.0,0.12244897959183673,49,8,5,0,49,10|12|6|10|5,hub_localized,49
star,50,0.01,0.03,0.0,0.2,0.1,3.0,0.3,0.096,5,47,0.0,0.10204081632653061,48,8,102,0,48,22|6|10|5|1,hub_localized,49
star,50,0.01,0.03,0.0,0.2,0.1,3.0,0.3,0.096,6,48,0.0,0.12244897959183673,47,8,5,0,47,9|12|6|10|5|2,hub_localized,49
star,50,0.01,0.03,0.0,0.2,0.1,3.0,0.3,0.096,7,49,0.0,0.12244897959183673,46,8,6,0,46,7|12|6|10|5|3,hub_localized,49
star,50,0.01,0.03,0.0,0.2,0.1,3.0,0.3,0.096,8,50,0.0,0.12244897959183673,45,8,6,0,45,7|12|6|10|5|4,hub_localized,49
star,50,0.01,0.03,0.0,0.2,0.1,3.0,0.3,0.096,9,51,0.0,0.10204081632653061,44,8,102,0,44,19|6|10|5|5,hub_localized,49
star,50,0.01,0.03,0.0,0.2,0.1,3.0,0.3,0.096,10,52,0.0,0.10204081632653061,43,8,102,0,43,17|6|10|5|6,hub_localized,49
star,50,0.01,0.03,0.0,0.2,0.1,3.0,0.3,0.096,11,53,0.0,0.12244897959183673,42,8,6,0,42,3|12|6|10|5|7,hub_localized,49
star,50,0.01,0.03,0.0,0.2,0.1,3.0,0.3,0.096,12,54,0.0,0.10204081632653061,41,8,102,0,41,16|6|10|5|8,hub_localized,49
star,50,0.01,0.03,0.0,0.2,0.1,3.0,0.3,0.096,13,55,0.0,0.10204081632653061,40,8,102,0,40,14|6|10|5|9,hub_localized,49
star,50,0.01,0.03,0.0,0.2,0.1,3.0,0.3,0.096,14,56,0.0,0.10204081632653061,39,8,102,0,39,14|6|10|5|10,hub_localized,49
star,50,0.01,0.03,0.0,0.2,0.1,3.0,0.3,0.096,15,57,0.0,0.10204081632653061,38,8,102,0,38,12|6|10|5|11,hub_localized,49
star,50,0.01,0.03,0.0,0.2,0.1,3.0,0.3,0.096,16,58,0.0,0.10204081632653061,37,8,102,0,37,12|6|10|5|12,hub_localized,49
star,50,0.01,0.03,0.0,0.2,0.1,3.0,0.3,0.096,17,59,0.0,0.10204081632653061,36,8,102,0,36,10|6|10|5|13,hub_localized,49
star,50,0.01,0.03,0.0,0.2,0.1,3.0,0.3,0.096,18,60,0.0,0.08163265306122448,35,8,102,0,35,10|6|10|6|14,hub_localized,49
star,50,0.01,0.03,0.0,0.2,0.1,3.0,0.3,0.096,19,61,0.0,0.10204081632653061,34,8,102,0,34,9|6|10|5|15,hub_localized,49
star,50,0.01,0.03,0.0,0.2,0.1,3.0,0.3,0.096,20,62,0.0,0.10204081632653061,33,8,102,0,33,8|6|10|5|16,hub_localized,49
star,50,0.01,0.03,0.0,0.2,0.1,3.0,0.3,0.096,21,63,0.0,0.10204081632653061,32,8,102,0,32,7|6|10|5|17,hub_localized,49
star,50,0.01,0.03,0.0,0.2,0.1,3.0,0.3,0.096,22,64,0.0,0.12244897959183673,49,8,1,0,49,6|6|10|5|17,hub_localized,49
star,50,0.01,0.03,0.0,0.2,0.1,3.0,0.3,0.096,23,65,0.0,0.12244897959183673,48,8,4,0,48,5|6|10|5|17|1,hub_localized,49
star,50,0.01,0.03,0.0,0.2,0.1,3.0,0.3,0.096,24,66,0.0,0.12244897959183673,47,8,4,0,47,4|6|10|5|17|2,hub_localized,49
star,50,0.01,0.03,0.0,0.2,0.1,3.0,0.3,0.096,25,67,0.0,0.12244897959183673,46,8,1,0,46,2|6|10|5|17|3,hub_localized,49
star,50,0.01,0.03,0.0,0.2,0.1,3.0,0.3,0.096,26,68,0.0,0.12244897959183673,45,8,1,0,45,1|6|10|5|17|4,hub_localized,49
star,50,0.01,0.03,0.0,0.2,0.1,3.0,0.3,0.096,27,69,0.0,0.10204081632653061,44,8,1,0,44,1|6|10|6|17|5,hub_localized,49
star,50,0.01,0.03,0.0,0.2,0.1,3.0,0.3,0.096,28,70,0.0,0.10204081632653061,43,8,1,0,43,6|10|5|17|6,hub_localized,49
star,50,0.01,0.03,0.0,0.2,0.1,3.0,0.3,0.096,29,71,0.0,0.10204081632653061,42,8,4,0,42,5|10|5|17|7,hub_localized,49
star,50,0.01,0.03,0.0,0.2,0.1,3.0,0.3,0.096,30,72,0.0,0.10204081632653061,41,8,1,0,41,4|10|5|17|8,hub_localized,49
star,50,0.01,0.03,0.0,0.2,0.1,3.0,0.3,0.096,31,73,0.0,0.10204081632653061,40,8,3,0,40,4|10|5|17|9,hub_localized,49
star,50,0.01,0.03,0.0,0.2,0.1,3.0,0.3,0.096,32,74,0.0,0.10204081632653061,39,8,1,0,39,2|10|5|17|10,hub_localized,49
star,50,0.01,0.03,0.0,0.2,0.1,3.0,0.3,0.096,33,75,0.0,0.10204081632653061,38,8,1,0,38,1|10|5|17|11,hub_localized,49
star,50,0.01,0.03,0.0,0.2,0.1,3.0,0.3,0.096,34,76,0.0,0.10204081632653061,37,8,1,0,37,1|10|5|17|12,hub_localized,49
star,50,0.01,0.03,0.0,0.2,0.1,3.0,0.3,0.096,35,77,0.0,0.061224489795918366,36,8,1,0,36,10|6|17|13,hub_localized,49
star,50,0.01,0.03,0.0,0.2,0.1,3.0,0.3,0.096,36,78,0.0,0.08163265306122448,35,8,1,0,35,9|5|17|14,hub_localized,49
star,50,0.01,0.03,0.0,0.2,0.1,3.0,0.3,0.096,37,79,0.0,0.10204081632653061,49,8,1,0,49,9|5|17|14,hub_localized,49
star,50,0.01,0.03,0.0,0.2,0.1,3.0,0.3,0.096,38,80,0.0,0.08163265306122448,48,8,113,0,48,8|5|32|1,hub_localized,49
star,50,0.01,0.03,0.0,0.2,0.1,3.0,0.3,0.096,39,81,0.0,0.10204081632653061,47,8,1,0,47,7|5|17|14|2,hub_localized,49
star,50,0.01,0.03,0.0,0.2,0.1,3.0,0.3,0.096,40,82,0.0,0.10204081632653061,46,8,4,0,46,5|5|17|14|3,hub_localized,49
star,50,0.01,0.03,0.0,0.2,0.1,3.0,0.3,0.096,41,83,0.0,0.10204081632653061,45,8,1,0,45,5|5|17|14|4,hub_localized,49
star,50,0.01,0.03,0.0,0.2,0.1,3.0,0.3,0.096,42,84,0.0,0.10204081632653061,44,8,4,0,44,3|5|17|14|5,hub_localized,49
star,50,0.01,0.03,0.0,0.2,0.1,3.0,0.3,0.096,43,85,0.0,0.10204081632653061,43,8,1,0,43,2|5|17|14|6,hub_localized,49
star,50,0.01,0.03,0.0,0.2,0.1,3.0,0.3,0.096,44,86,0.0,0.10204081632653061,42,8,4,0,42,2|5|17|14|7,hub_localized,49
star,50,0.01,0.03,0.0,0.2,0.1,3.0,0.3,0.096,45,87,0.0,0.10204081632653061,41,8,1,0,41,1|5|17|14|8,hub_localized,49
star,50,0.01,0.03,0.0,0.2,0.1,3.0,0.3,0.096,46,88,0.0,0.061224489795918366,40,4,113,0,40,5|32|9,hub_localized,49
star,50,0.01,0.03,0.0,0.2,0.1,3.0,0.3,0.096,47,89,0.0,0.061224489795918366,39,5,3,0,39,5|17|14|10,hub_localized,49
star,50,0.01,0.03,0.0,0.2,0.1,3.0,0.3,0.096,48,90,0.0,0.08163265306122448,49,7,1,0,49,4|17|14|10,hub_localized,49
star,50,0.01,0.03,0.0,0.2,0.1,3.0,0.3,0.096,49,91,0.0,0.08163265306122448,48,8,1,0,48,4|17|14|10|1,hub_localized,49
star,50,0.01,0.03,0.0,0.2,0.1,3.0,0.3,0.098,0,42,0.0,0.08163265306122448,46,8,5,0,46,14|12|6|10|3,hub_localized,49
star,50,0.01,0.03,0.0,0.2,0.1,3.0,0.3,0.098,1,43,0.0,0.08163265306122448,45,8,6,0,45,13|12|6|10|4,hub_localized,49
star,50,0.01,0.03,0.0,0.2,0.1,3.0,0.3,0.098,2,44,0.0,0.12244897959183673,45,8,5,0,45,2|10|12|6|10|4,hub_localized,49
star,50,0.01,0.03,0.0,0.2,0.1,3.0,0.3,0.098,3,45,0.0,0.12244897959183673,44,8,5,0,44,1|10|12|6|10|5,hub_localized,49
star,50,0.01,0.03,0.0,0.2,0.1,3.0,0.3,0.098,4,46,0.0,0.12244897959183673,49,8,5,0,49,10|12|6|10|5,hub_localized,49
star,50,0.01,0.03,0.0,0.2,0.1,3.0,0.3,0.098,5,47,0.0,0.10204081632653061,48,8,102,0,48,22|6|10|5|1,hub_localized,49
star,50,0.01,0.03,0.0,0.2,0.1,3.0,0.3,0.098,6,48,0.0,0.12244897959183673,47,8,5,0,47,9|12|6|10|5|2,hub_localized,49
star,50,0.01,0.03,0.0,0.2,0.1,3.0,0.3,0.098,7,49,0.0,0.12244897959183673,46,8,6,0,46,7|12|6|10|5|3,hub_localized,49
star,50,0.01,0.03,0.0,0.2,0.1,3.0,0.3,0.098,8,50,0.0,0.12244897959183673,45,8,6,0,45,7|12|6|10|5|4,hub_localized,49
star,50,0.01,0.03,0.0,0.2,0.1,3.0,0.3,0.098,9,51,0.0,0.10204081632653061,44,8,102,0,44,19|6|10|5|5,hub_localized,49
star,50,0.01,0.03,0.0,0.2,0.1,3.0,0.3,0.098,10,52,0.0,0.10204081632653061,43,8,102,0,43,17|6|10|5|6,hub_localized,49
star,50,0.01,0.03,0.0,0.2,0.1,3.0,0.3,0.098,11,53,0.0,0.10204081632653061,42,8,102,0,42,16|6|10|5|7,hub_localized,49
star,50,0.01,0.03,0.0,0.2,0.1,3.0,0.3,0.098,12,54,0.0,0.10204081632653061,41,8,102,0,41,16|6|10|5|8,hub_localized,49
star,50,0.01,0.03,0.0,0.2,0.1,3.0,0.3,0.098,13,55,0.0,0.10204081632653061,40,8,102,0,40,14|6|10|5|9,hub_localized,49
star,50,0.01,0.03,0.0,0.2,0.1,3.0,0.3,0.098,14,56,0.0,0.10204081632653061,39,8,102,0,39,14|6|10|5|10,hub_localized,49
star,50,0.01,0.03,0.0,0.2,0.1,3.0,0.3,0.098,15,57,0.0,0.10204081632653061,38,8,102,0,38,12|6|10|5|11,hub_localized,49
star,50,0.01,0.03,0.0,0.2,0.1,3.0,0.3,0.098,16,58,0.0,0.10204081632653061,37,8,102,0,37,12|6|10|5|12,hub_localized,49
star,50,0.01,0.03,0.0,0.2,0.1,3.0,0.3,0.098,17,59,0.0,0.10204081632653061,36,8,102,0,36,10|6|10|5|13,hub_localized,49
star,50,0.01,0.03,0.0,0.2,0.1,3.0,0.3,0.098,18,60,0.0,0.08163265306122448,35,8,102,0,35,10|6|10|6|14,hub_localized,49
star,50,0.01,0.03,0.0,0.2,0.1,3.0,0.3,0.098,19,61,0.0,0.10204081632653061,34,8,102,0,34,9|6|10|5|15,hub_localized,49
star,50,0.01,0.03,0.0,0.2,0.1,3.0,0.3,0.098,20,62,0.0,0.10204081632653061,33,8,102,0,33,8|6|10|5|16,hub_localized,49
star,50,0.01,0.03,0.0,0.2,0.1,3.0,0.3,0.098,21,63,0.0,0.10204081632653061,32,8,102,0,32,7|6|10|5|17,hub_localized,49
star,50,0.01,0.03,0.0,0.2,0.1,3.0,0.3,0.098,22,64,0.0,0.12244897959183673,49,8,1,0,49,6|6|10|5|17,hub_localized,49
star,50,0.01,0.03,0.0,0.2,0.1,3.0,0.3,0.098,23,65,0.0,0.12244897959183673,48,8,4,0,48,5|6|10|5|17|1,hub_localized,49
star,50,0.01,0.03,0.0,0.2,0.1,3.0,0.3,0.098,24,66,0.0,0.12244897959183673,47,8,4,0,47,4|6|10|5|17|2,hub_localized,49
star,50,0.01,0.03,0.0,0.2,0.1,3.0,0.3,0.098,25,67,0.0,0.12244897959183673,46,8,1,0,46,2|6|10|5|17|3,hub_localized,49
star,50,0.01,0.03,0.0,0.2,0.1,3.0,0.3,0.098,26,68,0.0,0.12244897959183673,45,8,1,0,45,1|6|10|5|17|4,hub_localized,49
star,50,0.01,0.03,0.0,0.2,0.1,3.0,0.3,0.098,27,69,0.0,0.10204081632653061,44,8,1,0,44,1|6|10|6|17|5,hub_localized,49
star,50,0.01,0.03,0.0,0.2,0.1,3.0,0.3,0.098,28,70,0.0,0.10204081632653061,43,8,1,0,43,6|10|5|17|6,hub_localized,49
star,50,0.01,0.03,0.0,0.2,0.1,3.0,0.3,0.098,29,71,0.0,0.10204081632653061,42,8,4,0,42,5|10|5|17|7,hub_localized,49
star,50,0.01,0.03,0.0,0.2,0.1,3.0,0.3,0.098,30,72,0.0,0.10204081632653061,41,8,1,0,41,4|10|5|17|8,hub_localized,49
star,50,0.01,0.03,0.0,0.2,0.1,3.0,0.3,0.098,31,73,0.0,0.10204081632653061,40,8,3,0,40,4|10|5|17|9,hub_localized,49
star,50,0.01,0.03,0.0,0.2,0.1,3.0,0.3,0.098,32,74,0.0,0.10204081632653061,39,8,1,0,39,2|10|5|17|10,hub_localized,49
star,50,0.01,0.03,0.0,0.2,0.1,3.0,0.3,0.098,33,75,0.0,0.10204081632653061,38,8,1,0,38,1|10|5|17|11,hub_localized,49
star,50,0.01,0.03,0.0,0.2,0.1,3.0,0.3,0.098,34,76,0.0,0.10204081632653061,37,8,1,0,37,1|10|5|17|12,hub_localized,49
star,50,0.01,0.03,0.0,0.2,0.1,3.0,0.3,0.098,35,77,0.0,0.061224489795918366,36,8,1,0,36,10|6|17|13,hub_localized,49
star,50,0.01,0.03,0.0,0.2,0.1,3.0,0.3,0.098,36,78,0.0,0.08163265306122448,35,8,1,0,35,9|5|17|14,hub_localized,49
star,50,0.01,0.03,0.0,0.2,0.1,3.0,0.3,0.098,37,79,0.0,0.10204081632653061,49,8,1,0,49,9|5|17|14,hub_localized,49
star,50,0.01,0.03,0.0,0.2,0.1,3.0,0.3,0.098,38,80,0.0,0.08163265306122448,48,8,113,0,48,8|5|32|1,hub_localized,49
star,50,0.01,0.03,0.0,0.2,0.1,3.0,0.3,0.098,39,81,0.0,0.10204081632653061,47,8,1,0,47,7|5|17|14|2,hub_localized,49
star,50,0.01,0.03,0.0,0.2,0.1,3.0,0.3,0.098,40,82,0.0,0.10204081632653061,46,8,4,0,46,5|5|17|14|3,hub_localized,49
star,50,0.01,0.03,0.0,0.2,0.1,3.0,0.3,0.098,41,83,0.0,0.10204081632653061,45,8,1,0,45,5|5|17|14|4,hub_localized,49
star,50,0.01,0.03,0.0,0.2,0.1,3.0,0.3,0.098,42,84,0.0,0.10204081632653061,44,8,4,0,44,3|5|17|14|5,hub_localized,49
star,50,0.01,0.03,0.0,0.2,0.1,3.0,0.3,0.098,43,85,0.0,0.10204081632653061,43,8,1,0,43,2|5|17|14|6,hub_localized,49
star,50,0.01,0.03,0.0,0.2,0.1,3.0,0.3,0.098,44,86,0.0,0.10204081632653061,42,8,4,0,42,2|5|17|14|7,hub_localized,49
star,50,0.01,0.03,0.0,0.2,0.1,3.0,0.3,0.098,45,87,0.0,0.10204081632653061,41,8,1,0,41,1|5|17|14|8,hub_localized,49
star,50,0.01,0.03,0.0,0.2,0.1,3.0,0.3,0.098,46,88,0.0,0.061224489795918366,40,4,113,0,40,5|32|9,hub_localized,49
star,50,0.01,0.03,0.0,0.2,0.1,3.0,0.3,0.098,47,89,0.0,0.061224489795918366,39,5,3,0,39,5|17|14|10,hub_localized,49
star,50,0.01,0.03,0.0,0.2,0.1,3.0,0.3,0.098,48,90,0.0,0.08163265306122448,49,7,1,0,49,4|17|14|10,hub_localized,49
star,50,0.01,0.03,0.0,0.2,0.1,3.0,0.3,0.098,49,91,0.0,0.08163265306122448,48,7,1,0,48,4|17|14|10|1,hub_localized,49
star,50,0.01,0.03,0.0,0.2,0.1,3.0,0.3,0.1,0,42,0.0,0.08163265306122448,46,8,5,0,46,14|12|6|10|3,hub_localized,49
star,50,0.01,0.03,0.0,0.2,0.1,3.0,0.3,0.1,1,43,0.0,0.061224489795918366,45,8,102,0,45,26|6|10|4,hub_localized,49
star,50,0.01,0.03,0.0,0.2,0.1,3.0,0.3,0.1,2,44,0.0,0.12244897959183673,45,8,5,0,45,2|10|12|6|10|4,hub_localized,49
star,50,0.01,0.03,0.0,0.2,0.1,3.0,0.3,0.1,3,45,0.0,0.12244897959183673,44,8,5,0,44,1|10|12|6|10|5,hub_localized,49
star,50,0.01,0.03,0.0,0.2,0.1,3.0,0.3,0.1,4,46,0.0,0.12244897959183673,49,8,5,0,49,10|12|6|10|5,hub_localized,49
star,50,0.01,0.03,0.0,0.2,0.1,3.0,0.3,0.1,5,47,0.0,0.10204081632653061,48,8,102,0,48,22|6|10|5|1,hub_localized,49
star,50,0.01,0.03,0.0,0.2,0.1,3.0,0.3,0.1,6,48,0.0,0.12244897959183673,47,8,5,0,47,9|12|6|10|5|2,hub_localized,49
star,50,0.01,0.03,0.0,0.2,0.1,3.0,0.3,0.1,7,49,0.0,0.10204081632653061,46,8,102,0,46,20|6|10|5|3,hub_localized,49
star,50,0.01,0.03,0.0,0.2,0.1,3.0,0.3,0.1,8,50,0.0,0.10204081632653061,45,8,102,0,45,20|6|10|5|4,hub_localized,49
star,50,0.01,0.03,0.0,0.2,0.1,3.0,0.3,0.1,9,51,0.0,0.10204081632653061,44,8,102,0,44,19|6|10|5|5,hub_localized,49
star,50,0.01,0.03,0.0,0.2,0.1,3.0,0.3,0.1,10,52,0.0,0.10204081632653061,43,8,102,0,43,17|6|10|5|6,hub_localized,49
star,50,0.01,0.03,0.0,0.2,0.1,3.0,0.3,0.1,11,53,0.0,0.10204081632653061,42,8,102,0,42,16|6|10|5|7,hub_localized,49
star,50,0.01,0.03,0.0,0.2,0.1,3.0,0.3,0.1,12,54,0.0,0.10204081632653061,41,8,102,0,41,16|6|10|5|8,hub_localized,49
star,50,0.01,0.03,0.0,0.2,0.1,3.0,0.3,0.1,13,55,0.0,0.10204081632653061,40,8,102,0,40,14|6|10|5|9,hub_localized,49
star,50,0.01,0.03,0.0,0.2,0.1,3.0,0.3,0.1,14,56,0.0,0.10204081632653061,39,8,102,0,39,14|6|10|5|10,hub_localized,49
star,50,0.01,0.03,0.0,0.2,0.1,3.0,0.3,0.1,15,57,0.0,0.10204081632653061,38,8,102,0,38,12|6|10|5|11,hub_localized,49
star,50,0.01,0.03,0.0,0.2,0.1,3.0,0.3,0.1,16,58,0.0,0.10204081632653061,37,8,102,0,37,12|6|10|5|12,hub_localized,49
star,50,0.01,0.03,0.0,0.2,0.1,3.0,0.3,0.1,17,59,0.0,0.10204081632653061,36,8,102,0,36,10|6|10|5|13,hub_localized,49
star,50,0.01,0.03,0.0,0.2,0.1,3.0,0.3,0.1,18,60,0.0,0.08163265306122448,35,8,102,0,35,10|6|10|6|14,hub_localized,49
star,50,0.01,0.03,0.0,0.2,0.1,3.0,0.3,0.1,19,61,0.0,0.10204081632653061,34,8,102,0,34,9|6|10|5|15,hub_localized,49
star,50,0.01,0.03,0.0,0.2,0.1,3.0,0.3,0.1,20,62,0.0,0.10204081632653061,33,8,102,0,33,8|6|10|5|16,hub_localized,49
star,50,0.01,0.03,0.0,0.2,0.1,3.0,0.3,0.1,21,63,0.0,0.10204081632653061,32,8,102,0,32,7|6|10|5|17,hub_localized,49
star,50,0.01,0.03,0.0,0.2,0.1,3.0,0.3,0.1,22,64,0.0,0.12244897959183673,49,8,1,0,49,6|6|10|5|17,hub_localized,49
star,50,0.01,0.03,0.0,0.2,0.1,3.0,0.3,0.1,23,65,0.0,0.12244897959183673,48,8,4,0,48,5|6|10|5|17|1,hub_localized,49
star,50,0.01,0.03,0.0,0.2,0.1,3.0,0.3,0.1,24,66,0.0,0.12244897959183673,47,8,4,0,47,4|6|10|5|17|2,hub_localized,49
star,50,0.01,0.03,0.0,0.2,0.1,3.0,0.3,0.1,25,67,0.0,0.12244897959183673,46,8,1,0,46,2|6|10|5|17|3,hub_localized,49
star,50,0.01,0.03,0.0,0.2,0.1,3.0,0.3,0.1,26,68,0.0,0.12244897959183673,45,8,1,0,45,1|6|10|5|17|4,hub_localized,49
star,50,0.01,0.03,0.0,0.2,0.1,3.0,0.3,0.1,27,69,0.0,0.10204081632653061,44,8,1,0,44,1|6|10|6|17|5,hub_localized,49
star,50,0.01,0.03,0.0,0.2,0.1,3.0,0.3,0.1,28,70,0.0,0.10204081632653061,43,8,1,0,43,6|10|5|17|6,hub_localized,49
star,50,0.01,0.03,0.0,0.2,0.1,3.0,0.3,0.1,29,71,0.0,0.10204081632653061,42,8,4,0,42,5|10|5|17|7,hub_localized,49
star,50,0.01,0.03,0.0,0.2,0.1,3.0,0.3,0.1,30,72,0.0,0.10204081632653061,41,8,1,0,41,4|10|5|17|8,hub_localized,49
star,50,0.01,0.03,0.0,0.2,0.1,3.0,0.3,0.1,31,73,0.0,0.10204081632653061,40,8,3,0,40,4|10|5|17|9,hub_localized,49
star,50,0.01,0.03,0.0,0.2,0.1,3.0,0.3,0.1,32,74,0.0,0.10204081632653061,39,8,1,0,39,2|10|5|17|10,hub_localized,49
star,50,0.01,0.03,0.0,0.2,0.1,3.0,0.3,0.1,33,75,0.0,0.10204081632653061,38,8,1,0,38,1|10|5|17|11,hub_localized,49
star,50,0.01,0.03,0.0,0.2,0.1,3.0,0.3,0.1,34,76,0.0,0.10204081632653061,37,8,1,0,37,1|10|5|17|12,hub_localized,49
star,50,0.01,0.03,0.0,0.2,0.1,3.0,0.3,0.1,35,77,0.0,0.061224489795918366,36,8,1,0,36,10|6|17|13,hub_localized,49
star,50,0.01,0.03,0.0,0.2,0.1,3.0,0.3,0.1,36,78,0.0,0.08163265306122448,35,8,1,0,35,9|5|17|14,hub_localized,49
star,50,0.01,0.03,0.0,0.2,0.1,3.0,0.3,0.1,37,79,0.0,0.10204081632653061,49,8,1,0,49,9|5|17|14,hub_localized,49
star,50,0.01,0.03,0.0,0.2,0.1,3.0,0.3,0.1,38,80,0.0,0.08163265306122448,48,8,113,0,48,8|5|32|1,hub_localized,49
star,50,0.01,0.03,0.0,0.2,0.1,3.0,0.3,0.1,39,81,0.0,0.10204081632653061,47,8,1,0,47,7|5|17|14|2,hub_localized,49
star,50,0.01,0.03,0.0,0.2,0.1,3.0,0.3,0.1,40,82,0.0,0.10204081632653061,46,8,4,0,46,5|5|17|14|3,hub_localized,49
star,50,0.01,0.03,0.0,0.2,0.1,3.0,0.3,0.1,41,83,0.0,0.10204081632653061,45,8,1,0,45,5|5|17|14|4,hub_localized,49
star,50,0.01,0.03,0.0,0.2,0.1,3.0,0.3,0.1,42,84,0.0,0.10204081632653061,44,8,4,0,44,3|5|17|14|5,hub_localized,49
star,50,0.01,0.03,0.0,0.2,0.1,3.0,0.3,0.1,43,85,0.0,0.10204081632653061,43,8,1,0,43,2|5|17|14|6,hub_localized,49
star,50,0.01,0.03,0.0,0.2,0.1,3.0,0.3,0.1,44,86,0.0,0.10204081632653061,42,8,4,0,42,2|5|17|14|7,hub_localized,49
star,50,0.01,0.03,0.0,0.2,0.1,3.0,0.3,0.1,45,87,0.0,0.10204081632653061,41,8,1,0,41,1|5|17|14|8,hub_localized,49
star,50,0.01,0.03,0.0,0.2,0.1,3.0,0.3,0.1,46,88,0.0,0.061224489795918366,40,4,113,0,40,5|32|9,hub_localized,49
star,50,0.01,0.03,0.0,0.2,0.1,3.0,0.3,0.1,47,89,0.0,0.061224489795918366,39,5,3,0,39,5|17|14|10,hub_localized,49
star,50,0.01,0.03,0.0,0.2,0.1,3.0,0.3,0.1,48,90,0.0,0.08163265306122448,49,7,1,0,49,4|17|14|10,hub_localized,49
star,50,0.01,0.03,0.0,0.2,0.1,3.0,0.3,0.1,49,91,0.0,0.08163265306122448,48,7,1,0,48,4|17|14|10|1,hub_localized,49
star,50,0.01,0.03,0.0,0.2,0.1,3.0,0.3,0.102,0,42,0.0,0.08163265306122448,46,8,5,0,46,14|12|6|10|3,hub_localized,49
star,50,0.01,0.03,0.0,0.2,0.1,3.0,0.3,0.102,1,43,0.0,0.061224489795918366,45,8,102,0,45,26|6|10|4,hub_localized,49
star,50,0.01,0.03,0.0,0.2,0.1,3.0,0.3,0.102,2,44,0.0,0.10204081632653061,45,8,5,0,45,13|12|6|10|4,hub_localized,49
star,50,0.01,0.03,0.0,0.2,0.1,3.0,0.3,0.102,3,45,0.0,0.12244897959183673,44,8,5,0,44,1|10|12|6|10|5,hub_localized,49
star,50,0.01,0.03,0.0,0.2,0.1,3.0,0.3,0.102,4,46,0.0,0.12244897959183673,49,8,5,0,49,10|12|6|10|5,hub_localized,49
star,50,0.01,0.03,0.0,0.2,0.1,3.0,0.3,0.102,5,47,0.0,0.10204081632653061,48,8,102,0,48,22|6|10|5|1,hub_localized,49
star,50,0.01,0.03,0.0,0.2,0.1,3.0,0.3,0.102,6,48,0.0,0.12244897959183673,47,8,5,0,47,9|12|6|10|5|2,hub_localized,49
star,50,0.01,0.03,0.0,0.2,0.1,3.0,0.3,0.102,7,49,0.0,0.10204081632653061,46,8,102,0,46,20|6|10|5|3,hub_localized,49
star,50,0.01,0.03,0.0,0.2,0.1,3.0,0.3,0.102,8,50,0.0,0.10204081632653061,45,8,102,0,45,20|6|10|5|4,hub_localized,49
star,50,0.01,0.03,0.0,0.2,0.1,3.0,0.3,0.102,9,51,0.0,0.10204081632653061,44,8,102,0,44,19|6|10|5|5,hub_localized,49
star,50,0.01,0.03,0.0,0.2,0.1,3.0,0.3,0.102,10,52,0.0,0.10204081632653061,43,8,102,0,43,17|6|10|5|6,hub_localized,49
star,50,0.01,0.03,0.0,0.2,0.1,3.0,0.3,0.102,11,53,0.0,0.10204081632653061,42,8,102,0,42,16|6|10|5|7,hub_localized,49
star,50,0.01,0.03,0.0,0.2,0.1,3.0,0.3,0.102,12,54,0.0,0.10204081632653061,41,8,102,0,41,16|6|10|5|8,hub_localized,49
star,50,0.01,0.03,0.0,0.2,0.1,3.0,0.3,0.102,13,55,0.0,0.10204081632653061,40,8,102,0,40,14|6|10|5|9,hub_localized,49
star,50,0.01,0.03,0.0,0.2,0.1,3.0,0.3,0.102,14,56,0.0,0.10204081632653061,39,8,102,0,39,14|6|10|5|10,hub_localized,49
star,50,0.01,0.03,0.0,0.2,0.1,3.0,0.3,0.102,15,57,0.0,0.10204081632653061,38,8,102,0,38,12|6|10|5|11,hub_localized,49
star,50,0.01,0.03,0.0,0.2,0.1,3.0,0.3,0.102,16,58,0.0,0.10204081632653061,37,8,102,0,37,12|6|10|5|12,hub_localized,49
star,50,0.01,0.03,0.0,0.2,0.1,3.0,0.3,0.102,17,59,0.0,0.10204081632653061,36,8,102,0,36,10|6|10|5|13,hub_localized,49
star,50,0.01,0.03,0.0,0.2,0.1,3.0,0.3,0.102,18,60,0.0,0.08163265306122448,35,8,102,0,35,10|6|10|6|14,hub_localized,49
star,50,0.01,0.03,0.0,0.2,0.1,3.0,0.3,0.102,19,61,0.0,0.10204081632653061,34,8,102,0,34,9|6|10|5|15,hub_localized,49
star,50,0.01,0.03,0.0,0.2,0.1,3.0,0.3,0.102,20,62,0.0,0.10204081632653061,33,8,102,0,33,8|6|10|5|16,hub_localized,49
star,50,0.01,0.03,0.0,0.2,0.1,3.0,0.3,0.102,21,63,0.0,0.10204081632653061,32,8,102,0,32,7|6|10|5|17,hub_localized,49
star,50,0.01,0.03,0.0,0.2,0.1,3.0,0.3,0.102,22,64,0.0,0.12244897959183673,49,8,1,0,49,6|6|10|5|17,hub_localized,49
star,50,0.01,0.03,0.0,0.2,0.1,3.0,0.3,0.102,23,65,0.0,0.12244897959183673,48,8,4,0,48,5|6|10|5|17|1,hub_localized,49
star,50,0.01,0.03,0.0,0.2,0.1,3.0,0.3,0.102,24,66,0.0,0.12244897959183673,47,8,4,0,47,4|6|10|5|17|2,hub_localized,49
star,50,0.01,0.03,0.0,0.2,0.1,3.0,0.3,0.102,25,67,0.0,0.12244897959183673,46,8,1,0,46,2|6|10|5|17|3,hub_localized,49
star,50,0.01,0.03,0.0,0.2,0.1,3.0,0.3,0.102,26,68,0.0,0.12244897959183673,45,8,1,0,45,1|6|10|5|17|4,hub_localized,49
star,50,0.01,0.03,0.0,0.2,0.1,3.0,0.3,0.102,27,69,0.0,0.10204081632653061,44,8,1,0,44,1|6|10|6|17|5,hub_localized,49
star,50,0.01,0.03,0.0,0.2,0.1,3.0,0.3,0.102,28,70,0.0,0.10204081632653061,43,8,1,0,43,6|10|5|17|6,hub_localized,49
star,50,0.01,0.03,0.0,0.2,0.1,3.0,0.3,0.102,29,71,0.0,0.10204081632653061,42,8,4,0,42,5|10|5|17|7,hub_localized,49
star,50,0.01,0.03,0.0,0.2,0.1,3.0,0.3,0.102,30,72,0.0,0.10204081632653061,41,8,1,0,41,4|10|5|17|8,hub_localized,49
star,50,0.01,0.03,0.0,0.2,0.1,3.0,0.3,0.102,31,73,0.0,0.10204081632653061,40,8,3,0,40,4|10|5|17|9,hub_localized,49
star,50,0.01,0.03,0.0,0.2,0.1,3.0,0.3,0.102,32,74,0.0,0.10204081632653061,39,8,1,0,39,2|10|5|17|10,hub_localized,49
star,50,0.01,0.03,0.0,0.2,0.1,3.0,0.3,0.102,33,75,0.0,0.10204081632653061,38,8,1,0,38,1|10|5|17|11,hub_localized,49
star,50,0.01,0.03,0.0,0.2,0.1,3.0,0.3,0.102,34,76,0.0,0.10204081632653061,37,8,1,0,37,1|10|5|17|12,hub_localized,49
star,50,0.01,0.03,0.0,0.2,0.1,3.0,0.3,0.102,35,77,0.0,0.08163265306122448,36,8,1,0,36,10|5|17|13,hub_localized,49
star,50,0.01,0.03,0.0,0.2,0.1,3.0,0.3,0.102,36,78,0.0,0.08163265306122448,35,8,1,0,35,9|5|17|14,hub_localized,49
star,50,0.01,0.03,0.0,0.2,0.1,3.0,0.3,0.102,37,79,0.0,0.10204081632653061,49,8,1,0,49,9|5|17|14,hub_localized,49
star,50,0.01,0.03,0.0,0.2,0.1,3.0,0.3,0.102,38,80,0.0,0.08163265306122448,48,8,113,0,48,8|5|32|1,hub_localized,49
star,50,0.01,0.03,0.0,0.2,0.1,3.0,0.3,0.102,39,81,0.0,0.10204081632653061,47,8,1,0,47,7|5|17|14|2,hub_localized,49
star,50,0.01,0.03,0.0,0.2,0.1,3.0,0.3,0.102,40,82,0.0,0.10204081632653061,46,8,4,0,46,5|5|17|14|3,hub_localized,49
star,50,0.01,0.03,0.0,0.2,0.1,3.0,0.3,0.102,41,83,0.0,0.10204081632653061,45,8,1,0,45,5|5|17|14|4,hub_localized,49
star,50,0.01,0.03,0.0,0.2,0.1,3.0,0.3,0.102,42,84,0.0,0.10204081632653061,44,8,4,0,44,3|5|17|14|5,hub_localized,49
star,50,0.01,0.03,0.0,0.2,0.1,3.0,0.3,0.102,43,85,0.0,0.10204081632653061,43,8,1,0,43,2|5|17|14|6,hub_localized,49
star,50,0.01,0.03,0.0,0.2,0.1,3.0,0.3,0.102,44,86,0.0,0.10204081632653061,42,8,4,0,42,2|5|17|14|7,hub_localized,49
star,50,0.01,0.03,0.0,0.2,0.1,3.0,0.3,0.102,45,87,0.0,0.10204081632653061,41,8,1,0,41,1|5|17|14|8,hub_localized,49
star,50,0.01,0.03,0.0,0.2,0.1,3.0,0.3,0.102,46,88,0.0,0.061224489795918366,40,4,113,0,40,5|32|9,hub_localized,49
star,50,0.01,0.03,0.0,0.2,0.1,3.0,0.3,0.102,47,89,0.0,0.061224489795918366,39,4,3,0,39,5|17|14|10,hub_localized,49
star,50,0.01,0.03,0.0,0.2,0.1,3.0,0.3,0.102,48,90,0.0,0.08163265306122448,49,7,1,0,49,4|17|14|10,hub_localized,49
star,50,0.01,0.03,0.0,0.2,0.1,3.0,0.3,0.102,49,91,0.0,0.08163265306122448,48,7,1,0,48,4|17|14|10|1,hub_localized,49
star,50,0.01,0.03,0.0,0.2,0.1,3.0,0.3,0.104,0,42,0.0,0.08163265306122448,46,8,5,0,46,14|12|6|10|3,hub_localized,49
star,50,0.01,0.03,0.0,0.2,0.1,3.0,0.3,0.104,1,43,0.0,0.061224489795918366,45,8,102,0,45,26|6|10|4,hub_localized,49
star,50,0.01,0.03,0.0,0.2,0.1,3.0,0.3,0.104,2,44,0.0,0.10204081632653061,45,8,5,0,45,13|12|6|10|4,hub_localized,49
star,50,0.01,0.03,0.0,0.2,0.1,3.0,0.3,0.104,3,45,0.0,0.10204081632653061,44,8,5,0,44,12|12|6|10|5,hub_localized,49
star,50,0.01,0.03,0.0,0.2,0.1,3.0,0.3,0.104,4,46,0.0,0.12244897959183673,49,8,5,0,49,11|12|6|10|5,hub_localized,49
star,50,0.01,0.03,0.0,0.2,0.1,3.0,0.3,0.104,5,47,0.0,0.10204081632653061,48,8,103,0,48,22|6|10|5|1,hub_localized,49
star,50,0.01,0.03,0.0,0.2,0.1,3.0,0.3,0.104,6,48,0.0,0.12244897959183673,47,8,5,0,47,9|12|6|10|5|2,hub_localized,49
star,50,0.01,0.03,0.0,0.2,0.1,3.0,0.3,0.104,7,49,0.0,0.10204081632653061,46,8,103,0,46,20|6|10|5|3,hub_localized,49
star,50,0.01,0.03,0.0,0.2,0.1,3.0,0.3,0.104,8,50,0.0,0.10204081632653061,45,8,103,0,45,20|6|10|5|4,hub_localized,49
star,50,0.01,0.03,0.0,0.2,0.1,3.0,0.3,0.104,9,51,0.0,0.10204081632653061,44,8,103,0,44,19|6|10|5|5,hub_localized,49
star,50,0.01,0.03,0.0,0.2,0.1,3.0,0.3,0.104,10,52,0.0,0.10204081632653061,43,8,103,0,43,17|6|10|5|6,hub_localized,49
star,50,0.01,0.03,0.0,0.2,0.1,3.0,0.3,0.104,11,53,0.0,0.10204081632653061,42,8,103,0,42,16|6|10|5|7,hub_localized,49
star,50,0.01,0.03,0.0,0.2,0.1,3.0,0.3,0.104,12,54,0.0,0.10204081632653061,41,8,103,0,41,16|6|10|5|8,hub_localized,49
star,50,0.01,0.03,0.0,0.2,0.1,3.0,0.3,0.104,13,55,0.0,0.10204081632653061,40,8,103,0,40,14|6|10|5|9,hub_localized,49
star,50,0.01,0.03,0.0,0.2,0.1,3.0,0.3,0.104,14,56,0.0,0.10204081632653061,39,8,103,0,39,14|6|10|5|10,hub_localized,49
star,50,0.01,0.03,0.0,0.2,0.1,3.0,0.3,0.104,15,57,0.0,0.10204081632653061,38,8,103,0,38,12|6|10|5|11,hub_localized,49
star,50,0.01,0.03,0.0,0.2,0.1,3.0,0.3,0.104,16,58,0.0,0.10204081632653061,37,8,103,0,37,12|6|10|5|12,hub_localized,49
star,50,0.01,0.03,0.0,0.2,0.1,3.0,0.3,0.104,17,59,0.0,0.10204081632653061,36,8,103,0,36,10|6|10|5|13,hub_localized,49
star,50,0.01,0.03,0.0,0.2,0.1,3.0,0.3,0.104,18,60,0.0,0.08163265306122448,35,8,103,0,35,10|6|10|6|14,hub_localized,49
star,50,0.01,0.03,0.0,0.2,0.1,3.0,0.3,0.104,19,61,0.0,0.10204081632653061,34,8,103,0,34,9|6|10|5|15,hub_localized,49
star,50,0.01,0.03,0.0,0.2,0.1,3.0,0.3,0.104,20,62,0.0,0.10204081632653061,33,8,103,0,33,8|6|10|5|16,hub_localized,49
star,50,0.01,0.03,0.0,0.2,0.1,3.0,0.3,0.104,21,63,0.0,0.10204081632653061,32,8,103,0,32,7|6|10|5|17,hub_localized,49
star,50,0.01,0.03,0.0,0.2,0.1,3.0,0.3,0.104,22,64,0.0,0.12244897959183673,49,8,1,0,49,6|6|10|5|17,hub_localized,49
star,50,0.01,0.03,0.0,0.2,0.1,3.0,0.3,0.104,23,65,0.0,0.12244897959183673,48,8,4,0,48,5|6|10|5|17|1,hub_localized,49
star,50,0.01,0.03,0.0,0.2,0.1,3.0,0.3,0.104,24,66,0.0,0.12244897959183673,47,8,4,0,47,4|6|10|5|17|2,hub_localized,49
star,50,0.01,0.03,0.0,0.2,0.1,3.0,0.3,0.104,25,67,0.0,0.12244897959183673,46,8,1,0,46,2|6|10|5|17|3,hub_localized,49
star,50,0.01,0.03,0.0,0.2,0.1,3.0,0.3,0.104,26,68,0.0,0.12244897959183673,45,8,1,0,45,1|6|10|5|17|4,hub_localized,49
star,50,0.01,0.03,0.0,0.2,0.1,3.0,0.3,0.104,27,69,0.0,0.10204081632653061,44,8,1,0,44,1|6|10|6|17|5,hub_localized,49
star,50,0.01,0.03,0.0,0.2,0.1,3.0,0.3,0.104,28,70,0.0,0.10204081632653061,43,8,1,0,43,6|10|5|17|6,hub_localized,49
star,50,0.01,0.03,0.0,0.2,0.1,3.0,0.3,0.104,29,71,0.0,0.10204081632653061,42,8,4,0,42,5|10|5|17|7,hub_localized,49
star,50,0.01,0.03,0.0,0.2,0.1,3.0,0.3,0.104,30,72,0.0,0.10204081632653061,41,8,1,0,41,5|10|5|17|8,hub_localized,49
star,50,0.01,0.03,0.0,0.2,0.1,3.0,0.3,0.104,31,73,0.0,0.10204081632653061,40,8,3,0,40,4|10|5|17|9,hub_localized,49
star,50,0.01,0.03,0.0,0.2,0.1,3.0,0.3,0.104,32,74,0.0,0.10204081632653061,39,8,1,0,39,3|10|5|17|10,hub_localized,49
star,50,0.01,0.03,0.0,0.2,0.1,3.0,0.3,0.104,33,75,0.0,0.10204081632653061,38,8,1,0,38,1|10|5|17|11,hub_localized,49
star,50,0.01,0.03,0.0,0.2,0.1,3.0,0.3,0.104,34,76,0.0,0.10204081632653061,37,8,1,0,37,1|10|5|17|12,hub_localized,49
star,50,0.01,0.03,0.0,0.2,0.1,3.0,0.3,0.104,35,77,0.0,0.08163265306122448,36,8,1,0,36,10|5|17|13,hub_localized,49
star,50,0.01,0.03,0.0,0.2,0.1,3.0,0.3,0.104,36,78,0.0,0.08163265306122448,35,8,1,0,35,9|5|17|14,hub_localized,49
star,50,0.01,0.03,0.0,0.2,0.1,3.0,0.3,0.104,37,79,0.0,0.10204081632653061,49,8,1,0,49,9|5|17|14,hub_localized,49
star,50,0.01,0.03,0.0,0.2,0.1,3.0,0.3,0.104,38,80,0.0,0.08163265306122448,48,8,113,0,48,8|5|32|1,hub_localized,49
star,50,0.01,0.03,0.0,0.2,0.1,3.0,0.3,0.104,39,81,0.0,0.10204081632653061,47,8,1,0,47,7|5|17|14|2,hub_localized,49
star,50,0.01,0.03,0.0,0.2,0.1,3.0,0.3,0.104,40,82,0.0,0.10204081632653061,46,8,4,0,46,5|5|17|14|3,hub_localized,49
star,50,0.01,0.03,0.0,0.2,0.1,3.0,0.3,0.104,41,83,0.0,0.10204081632653061,45,8,1,0,45,5|5|17|14|4,hub_localized,49
star,50,0.01,0.03,0.0,0.2,0.1,3.0,0.3,0.104,42,84,0.0,0.10204081632653061,44,8,4,0,44,3|5|17|14|5,hub_localized,49
star,50,0.01,0.03,0.0,0.2,0.1,3.0,0.3,0.104,43,85,0.0,0.10204081632653061,43,8,1,0,43,2|5|17|14|6,hub_localized,49
star,50,0.01,0.03,0.0,0.2,0.1,3.0,0.3,0.104,44,86,0.0,0.10204081632653061,42,8,4,0,42,2|5|17|14|7,hub_localized,49
star,50,0.01,0.03,0.0,0.2,0.1,3.0,0.3,0.104,45,87,0.0,0.10204081632653061,41,8,1,0,41,1|5|17|14|8,hub_localized,49
star,50,0.01,0.03,0.0,0.2,0.1,3.0,0.3,0.104,46,88,0.0,0.061224489795918366,40,4,113,0,40,5|32|9,hub_localized,49
star,50,0.01,0.03,0.0,0.2,0.1,3.0,0.3,0.104,47,89,0.0,0.061224489795918366,39,4,3,0,39,5|17|14|10,hub_localized,49
star,50,0.01,0.03,0.0,0.2,0.1,3.0,0.3,0.104,48,90,0.0,0.08163265306122448,49,7,1,0,49,5|17|14|10,hub_localized,49
star,50,0.01,0.03,0.0,0.2,0.1,3.0,0.3,0.104,49,91,0.0,0.08163265306122448,48,7,1,0,48,4|17|14|10|1,hub_localized,49
star,50,0.01,0.03,0.0,0.2,0.1,3.0,0.3,0.106,0,42,0.0,0.08163265306122448,46,8,5,0,46,14|12|6|10|3,hub_localized,49
star,50,0.01,0.03,0.0,0.2,0.1,3.0,0.3,0.106,1,43,0.0,0.061224489795918366,45,8,103,0,45,26|6|10|4,hub_localized,49
star,50,0.01,0.03,0.0,0.2,0.1,3.0,0.3,0.106,2,44,0.0,0.10204081632653061,45,8,5,0,45,13|12|6|10|4,hub_localized,49
star,50,0.01,0.03,0.0,0.2,0.1,3.0,0.3,0.106,3,45,0.0,0.10204081632653061,44,8,5,0,44,12|12|6|10|5,hub_localized,49
star,50,0.01,0.03,0.0,0.2,0.1,3.0,0.3,0.106,4,46,0.0,0.10204081632653061,49,8,103,0,49,24|6|10|5,hub_localized,49
star,50,0.01,0.03,0.0,0.2,0.1,3.0,0.3,0.106,5,47,0.0,0.10204081632653061,48,8,103,0,48,22|6|10|5|1,hub_localized,49
star,50,0.01,0.03,0.0,0.2,0.1,3.0,0.3,0.106,6,48,0.0,0.12244897959183673,47,8,5,0,47,9|12|6|10|5|2,hub_localized,49
star,50,0.01,0.03,0.0,0.2,0.1,3.0,0.3,0.106,7,49,0.0,0.10204081632653061,46,8,103,0,46,20|6|10|5|3,hub_localized,49
star,50,0.01,0.03,0.0,0.2,0.1,3.0,0.3,0.106,8,50,0.0,0.10204081632653061,45,8,103,0,45,20|6|10|5|4,hub_localized,49
star,50,0.01,0.03,0.0,0.2,0.1,3.0,0.3,0.106,9,51,0.0,0.10204081632653061,44,8,103,0,44,19|6|10|5|5,hub_localized,49
star,50,0.01,0.03,0.0,0.2,0.1,3.0,0.3,0.106,10,52,0.0,0.10204081632653061,43,8,103,0,43,18|6|10|5|6,hub_localized,49
star,50,0.01,0.03,0.0,0.2,0.1,3.0,0.3,0.106,11,53,0.0,0.10204081632653061,42,8,103,0,42,16|6|10|5|7,hub_localized,49
star,50,0.01,0.03,0.0,0.2,0.1,3.0,0.3,0.106,12,54,0.0,0.10204081632653061,41,8,103,0,41,16|6|10|5|8,hub_localized,49
star,50,0.01,0.03,0.0,0.2,0.1,3.0,0.3,0.106,13,55,0.0,0.10204081632653061,40,8,103,0,40,14|6|10|5|9,hub_localized,49
star,50,0.01,0.03,0.0,0.2,0.1,3.0,0.3,0.106,14,56,0.0,0.10204081632653061,39,8,103,0,39,14|6|10|5|10,hub_localized,49
star,50,0.01,0.03,0.0,0.2,0.1,3.0,0.3,0.106,15,57,0.0,0.10204081632653061,38,8,103,0,38,12|6|10|5|11,hub_localized,49
star,50,0.01,0.03,0.0,0.2,0.1,3.0,0.3,0.106,16,58,0.0,0.10204081632653061,37,8,103,0,37,12|6|10|5|12,hub_localized,49
star,50,0.01,0.03,0.0,0.2,0.1,3.0,0.3,0.106,17,59,0.0,0.10204081632653061,36,8,103,0,36,10|6|10|5|13,hub_localized,49
star,50,0.01,0.03,0.0,0.2,0.1,3.0,0.3,0.106,18,60,0.0,0.08163265306122448,35,8,103,0,35,10|6|10|6|14,hub_localized,49
star,50,0.01,0.03,0.0,0.2,0.1,3.0,0.3,0.106,19,61,0.0,0.10204081632653061,34,8,103,0,34,9|6|10|5|15,hub_localized,49
star,50,0.01,0.03,0.0,0.2,0.1,3.0,0.3,0.106,20,62,0.0,0.10204081632653061,33,8,103,0,33,8|6|10|5|16,hub_localized,49
star,50,0.01,0.03,0.0,0.2,0.1,3.0,0.3,0.106,21,63,0.0,0.10204081632653061,32,8,103,0,32,7|6|10|5|17,hub_localized,49
star,50,0.01,0.03,0.0,0.2,0.1,3.0,0.3,0.106,22,64,0.0,0.12244897959183673,49,8,1,0,49,6|6|10|5|17,hub_localized,49
star,50,0.01,0.03,0.0,0.2,0.1,3.0,0.3,0.106,23,65,0.0,0.12244897959183673,48,8,4,0,48,5|6|10|5|17|1,hub_localized,49
star,50,0.01,0.03,0.0,0.2,0.1,3.0,0.3,0.106,24,66,0.0,0.12244897959183673,47,8,4,0,47,4|6|10|5|17|2,hub_localized,49
star,50,0.01,0.03,0.0,0.2,0.1,3.0,0.3,0.106,25,67,0.0,0.12244897959183673,46,8,1,0,46,2|6|10|5|17|3,hub_localized,49
star,50,0.01,0.03,0.0,0.2,0.1,3.0,0.3,0.106,26,68,0.0,0.12244897959183673,45,8,1,0,45,1|6|10|5|17|4,hub_localized,49
star,50,0.01,0.03,0.0,0.2,0.1,3.0,0.3,0.106,27,69,0.0,0.10204081632653061,44,8,1,0,44,1|6|10|6|17|5,hub_localized,49
star,50,0.01,0.03,0.0,0.2,0.1,3.0,0.3,0.106,28,70,0.0,0.10204081632653061,43,8,1,0,43,6|10|5|17|6,hub_localized,49
star,50,0.01,0.03,0.0,0.2,0.1,3.0,0.3,0.106,29,71,0.0,0.10204081632653061,42,8,4,0,42,5|10|5|17|7,hub_localized,49
star,50,0.01,0.03,0.0,0.2,0.1,3.0,0.3,0.106,30,72,0.0,0.10204081632653061,41,8,1,0,41,5|10|5|17|8,hub_localized,49
star,50,0.01,0.03,0.0,0.2,0.1,3.0,0.3,0.106,31,73,0.0,0.10204081632653061,40,8,3,0,40,4|10|5|17|9,hub_localized,49
star,50,0.01,0.03,0.0,0.2,0.1,3.0,0.3,0.106,32,74,0.0,0.10204081632653061,39,8,1,0,39,3|10|5|17|10,hub_localized,49
star,50,0.01,0.03,0.0,0.2,0.1,3.0,0.3,0.106,33,75,0.0,0.10204081632653061,38,8,1,0,38,1|10|5|17|11,hub_localized,49
star,50,0.01,0.03,0.0,0.2,0.1,3.0,0.3,0.106,34,76,0.0,0.10204081632653061,37,8,1,0,37,1|10|5|17|12,hub_localized,49
star,50,0.01,0.03,0.0,0.2,0.1,3.0,0.3,0.106,35,77,0.0,0.08163265306122448,36,8,1,0,36,10|5|17|13,hub_localized,49
star,50,0.01,0.03,0.0,0.2,0.1,3.0,0.3,0.106,36,78,0.0,0.08163265306122448,35,8,1,0,35,9|5|17|14,hub_localized,49
star,50,0.01,0.03,0.0,0.2,0.1,3.0,0.3,0.106,37,79,0.0,0.10204081632653061,49,8,1,0,49,9|5|17|14,hub_localized,49
star,50,0.01,0.03,0.0,0.2,0.1,3.0,0.3,0.106,38,80,0.0,0.08163265306122448,48,8,113,0,48,8|5|32|1,hub_localized,49
star,50,0.01,0.03,0.0,0.2,0.1,3.0,0.3,0.106,39,81,0.0,0.10204081632653061,47,8,1,0,47,7|5|17|14|2,hub_localized,49
star,50,0.01,0.03,0.0,0.2,0.1,3.0,0.3,0.106,40,82,0.0,0.10204081632653061,46,8,4,0,46,5|5|17|14|3,hub_localized,49
star,50,0.01,0.03,0.0,0.2,0.1,3.0,0.3,0.106,41,83,0.0,0.10204081632653061,45,8,1,0,45,5|5|17|14|4,hub_localized,49
star,50,0.01,0.03,0.0,0.2,0.1,3.0,0.3,0.106,42,84,0.0,0.10204081632653061,44,8,4,0,44,3|5|17|14|5,hub_localized,49
star,50,0.01,0.03,0.0,0.2,0.1,3.0,0.3,0.106,43,85,0.0,0.10204081632653061,43,8,1,0,43,2|5|17|14|6,hub_localized,49
star,50,0.01,0.03,0.0,0.2,0.1,3.0,0.3,0.106,44,86,0.0,0.10204081632653061,42,8,4,0,42,2|5|17|14|7,hub_localized,49
star,50,0.01,0.03,0.0,0.2,0.1,3.0,0.3,0.106,45,87,0.0,0.10204081632653061,41,8,1,0,41,1|5|17|14|8,hub_localized,49
star,50,0.01,0.03,0.0,0.2,0.1,3.0,0.3,0.106,46,88,0.0,0.061224489795918366,40,4,113,0,40,5|32|9,hub_localized,49
star,50,0.01,0.03,0.0,0.2,0.1,3.0,0.3,0.106,47,89,0.0,0.061224489795918366,39,4,3,0,39,5|17|14|10,hub_localized,49
star,50,0.01,0.03,0.0,0.2,0.1,3.0,0.3,0.106,48,90,0.0,0.08163265306122448,49,7,1,0,49,5|17|14|10,hub_localized,49
star,50,0.01,0.03,0.0,0.2,0.1,3.0,0.3,0.106,49,91,0.0,0.08163265306122448,48,7,1,0,48,4|17|14|10|1,hub_localized,49
star,50,0.01,0.03,0.0,0.2,0.1,3.0,0.3,0.108,0,42,0.0,0.08163265306122448,46,8,5,0,46,14|12|6|10|3,hub_localized,49
star,50,0.01,0.03,0.0,0.2,0.1,3.0,0.3,0.108,1,43,0.0,0.061224489795918366,45,8,103,0,45,26|6|10|4,hub_localized,49
star,50,0.01,0.03,0.0,0.2,0.1,3.0,0.3,0.108,2,44,0.0,0.10204081632653061,45,8,5,0,45,13|12|6|10|4,hub_localized,49
star,50,0.01,0.03,0.0,0.2,0.1,3.0,0.3,0.108,3,45,0.0,0.10204081632653061,44,8,5,0,44,12|12|6|10|5,hub_localized,49
star,50,0.01,0.03,0.0,0.2,0.1,3.0,0.3,0.108,4,46,0.0,0.10204081632653061,49,8,103,0,49,24|6|10|5,hub_localized,49
star,50,0.01,0.03,0.0,0.2,0.1,3.0,0.3,0.108,5,47,0.0,0.10204081632653061,48,8,103,0,48,22|6|10|5|1,hub_localized,49
star,50,0.01,0.03,0.0,0.2,0.1,3.0,0.3,0.108,6,48,0.0,0.12244897959183673,47,8,5,0,47,9|12|6|10|5|2,hub_localized,49
star,50,0.01,0.03,0.0,0.2,0.1,3.0,0.3,0.108,7,49,0.0,0.10204081632653061,46,8,103,0,46,20|6|10|5|3,hub_localized,49
star,50,0.01,0.03,0.0,0.2,0.1,3.0,0.3,0.108,8,50,0.0,0.10204081632653061,45,8,103,0,45,20|6|10|5|4,hub_localized,49
star,50,0.01,0.03,0.0,0.2,0.1,3.0,0.3,0.108,9,51,0.0,0.10204081632653061,44,8,103,0,44,19|6|10|5|5,hub_localized,49
star,50,0.01,0.03,0.0,0.2,0.1,3.0,0.3,0.108,10,52,0.0,0.10204081632653061,43,8,103,0,43,18|6|10|5|6,hub_localized,49
star,50,0.01,0.03,0.0,0.2,0.1,3.0,0.3,0.108,11,53,0.0,0.10204081632653061,42,8,103,0,42,16|6|10|5|7,hub_localized,49
star,50,0.01,0.03,0.0,0.2,0.1,3.0,0.3,0.108,12,54,0.0,0.10204081632653061,41,8,103,0,41,16|6|10|5|8,hub_localized,49
star,50,0.01,0.03,0.0,0.2,0.1,3.0,0.3,0.108,13,55,0.0,0.10204081632653061,40,8,103,0,40,14|6|10|5|9,hub_localized,49
star,50,0.01,0.03,0.0,0.2,0.1,3.0,0.3,0.108,14,56,0.0,0.10204081632653061,39,8,103,0,39,14|6|10|5|10,hub_localized,49
star,50,0.01,0.03,0.0,0.2,0.1,3.0,0.3,0.108,15,57,0.0,0.10204081632653061,38,8,103,0,38,12|6|10|5|11,hub_localized,49
star,50,0.01,0.03,0.0,0.2,0.1,3.0,0.3,0.108,16,58,0.0,0.10204081632653061,37,8,103,0,37,12|6|10|5|12,hub_localized,49
star,50,0.01,0.03,0.0,0.2,0.1,3.0,0.3,0.108,17,59,0.0,0.10204081632653061,36,8,103,0,36,10|6|10|5|13,hub_localized,49
star,50,0.01,0.03,0.0,0.2,0.1,3.0,0.3,0.108,18,60,0.0,0.08163265306122448,35,8,103,0,35,10|6|10|6|14,hub_localized,49
star,50,0.01,0.03,0.0,0.2,0.1,3.0,0.3,0.108,19,61,0.0,0.10204081632653061,34,8,103,0,34,9|6|10|5|15,hub_localized,49
star,50,0.01,0.03,0.0,0.2,0.1,3.0,0.3,0.108,20,62,0.0,0.10204081632653061,33,8,103,0,33,8|6|10|5|16,hub_localized,49
star,50,0.01,0.03,0.0,0.2,0.1,3.0,0.3,0.108,21,63,0.0,0.10204081632653061,32,8,103,0,32,7|6|10|5|17,hub_localized,49
star,50,0.01,0.03,0.0,0.2,0.1,3.0,0.3,0.108,22,64,0.0,0.12244897959183673,49,8,1,0,49,6|6|10|5|17,hub_localized,49
star,50,0.01,0.03,0.0,0.2,0.1,3.0,0.3,0.108,23,65,0.0,0.12244897959183673,48,8,4,0,48,5|6|10|5|17|1,hub_localized,49
star,50,0.01,0.03,0.0,0.2,0.1,3.0,0.3,0.108,24,66,0.0,0.12244897959183673,47,8,4,0,47,4|6|10|5|17|2,hub_localized,49
star,50,0.01,0.03,0.0,0.2,0.1,3.0,0.3,0.108,25,67,0.0,0.12244897959183673,46,8,1,0,46,2|6|10|5|17|3,hub_localized,49
star,50,0.01,0.03,0.0,0.2,0.1,3.0,0.3,0.108,26,68,0.0,0.12244897959183673,45,8,1,0,45,1|6|10|5|17|4,hub_localized,49
star,50,0.01,0.03,0.0,0.2,0.1,3.0,0.3,0.108,27,69,0.0,0.10204081632653061,44,8,1,0,44,1|6|10|6|17|5,hub_localized,49
star,50,0.01,0.03,0.0,0.2,0.1,3.0,0.3,0.108,28,70,0.0,0.10204081632653061,43,8,1,0,43,6|10|5|17|6,hub_localized,49
star,50,0.01,0.03,0.0,0.2,0.1,3.0,0.3,0.108,29,71,0.0,0.10204081632653061,42,8,4,0,42,5|10|5|17|7,hub_localized,49
star,50,0.01,0.03,0.0,0.2,0.1,3.0,0.3,0.108,30,72,0.0,0.10204081632653061,41,8,1,0,41,5|10|5|17|8,hub_localized,49
star,50,0.01,0.03,0.0,0.2,0.1,3.0,0.3,0.108,31,73,0.0,0.10204081632653061,40,8,4,0,40,4|10|5|17|9,hub_localized,49
star,50,0.01,0.03,0.0,0.2,0.1,3.0,0.3,0.108,32,74,0.0,0.10204081632653061,39,8,1,0,39,3|10|5|17|10,hub_localized,49
star,50,0.01,0.03,0.0,0.2,0.1,3.0,0.3,0.108,33,75,0.0,0.10204081632653061,38,8,1,0,38,1|10|5|17|11,hub_localized,49
star,50,0.01,0.03,0.0,0.2,0.1,3.0,0.3,0.108,34,76,0.0,0.10204081632653061,37,8,1,0,37,1|10|5|17|12,hub_localized,49
star,50,0.01,0.03,0.0,0.2,0.1,3.0,0.3,0.108,35,77,0.0,0.08163265306122448,36,8,1,0,36,10|5|17|13,hub_localized,49
star,50,0.01,0.03,0.0,0.2,0.1,3.0,0.3,0.108,36,78,0.0,0.08163265306122448,35,8,1,0,35,9|5|17|14,hub_localized,49
star,50,0.01,0.03,0.0,0.2,0.1,3.0,0.3,0.108,37,79,0.0,0.10204081632653061,49,8,1,0,49,9|5|17|14,hub_localized,49
star,50,0.01,0.03,0.0,0.2,0.1,3.0,0.3,0.108,38,80,0.0,0.08163265306122448,48,8,113,0,48,8|5|32|1,hub_localized,49
star,50,0.01,0.03,0.0,0.2,0.1,3.0,0.3,0.108,39,81,0.0,0.10204081632653061,47,8,1,0,47,7|5|17|14|2,hub_localized,49
star,50,0.01,0.03,0.0,0.2,0.1,3.0,0.3,0.108,40,82,0.0,0.10204081632653061,46,8,4,0,46,5|5|17|14|3,hub_localized,49
star,50,0.01,0.03,0.0,0.2,0.1,3.0,0.3,0.108,41,83,0.0,0.10204081632653061,45,8,1,0,45,5|5|17|14|4,hub_localized,49
star,50,0.01,0.03,0.0,0.2,0.1,3.0,0.3,0.108,42,84,0.0,0.10204081632653061,44,8,4,0,44,3|5|17|14|5,hub_localized,49
star,50,0.01,0.03,0.0,0.2,0.1,3.0,0.3,0.108,43,85,0.0,0.10204081632653061,43,8,1,0,43,2|5|17|14|6,hub_localized,49
star,50,0.01,0.03,0.0,0.2,0.1,3.0,0.3,0.108,44,86,0.0,0.10204081632653061,42,8,4,0,42,2|5|17|14|7,hub_localized,49
star,50,0.01,0.03,0.0,0.2,0.1,3.0,0.3,0.108,45,87,0.0,0.10204081632653061,41,8,1,0,41,1|5|17|14|8,hub_localized,49
star,50,0.01,0.03,0.0,0.2,0.1,3.0,0.3,0.108,46,88,0.0,0.061224489795918366,40,4,113,0,40,5|32|9,hub_localized,49
star,50,0.01,0.03,0.0,0.2,0.1,3.0,0.3,0.108,47,89,0.0,0.061224489795918366,39,4,3,0,39,5|17|14|10,hub_localized,49
star,50,0.01,0.03,0.0,0.2,0.1,3.0,0.3,0.108,48,90,0.0,0.08163265306122448,49,7,1,0,49,5|17|14|10,hub_localized,49
star,50,0.01,0.03,0.0,0.2,0.1,3.0,0.3,0.108,49,91,0.0,0.08163265306122448,48,7,1,0,48,4|17|14|10|1,hub_localized,49
star,50,0.01,0.03,0.0,0.2,0.1,3.0,0.3,0.11,0,42,0.0,0.08163265306122448,46,8,5,0,46,14|12|6|10|3,hub_localized,49
star,50,0.01,0.03,0.0,0.2,0.1,3.0,0.3,0.11,1,43,0.0,0.061224489795918366,45,8,103,0,45,26|6|10|4,hub_localized,49
star,50,0.01,0.03,0.0,0.2,0.1,3.0,0.3,0.11,2,44,0.0,0.08163265306122448,45,8,103,0,45,26|6|10|4,hub_localized,49
star,50,0.01,0.03,0.0,0.2,0.1,3.0,0.3,0.11,3,45,0.0,0.10204081632653061,44,8,5,0,44,12|12|6|10|5,hub_localized,49
star,50,0.01,0.03,0.0,0.2,0.1,3.0,0.3,0.11,4,46,0.0,0.10204081632653061,49,8,103,0,49,24|6|10|5,hub_localized,49
star,50,0.01,0.03,0.0,0.2,0.1,3.0,0.3,0.11,5,47,0.0,0.10204081632653061,48,8,103,0,48,22|6|10|5|1,hub_localized,49
star,50,0.01,0.03,0.0,0.2,0.1,3.0,0.3,0.11,6,48,0.0,0.12244897959183673,47,8,5,0,47,9|12|6|10|5|2,hub_localized,49
star,50,0.01,0.03,0.0,0.2,0.1,3.0,0.3,0.11,7,49,0.0,0.10204081632653061,46,8,103,0,46,20|6|10|5|3,hub_localized,49
star,50,0.01,0.03,0.0,0.2,0.1,3.0,0.3,0.11,8,50,0.0,0.10204081632653061,45,8,103,0,45,20|6|10|5|4,hub_localized,49
star,50,0.01,0.03,0.0,0.2,0.1,3.0,0.3,0.11,9,51,0.0,0.10204081632653061,44,8,103,0,44,19|6|10|5|5,hub_localized,49
star,50,0.01,0.03,0.0,0.2,0.1,3.0,0.3,0.11,10,52,0.0,0.10204081632653061,43,8,103,0,43,18|6|10|5|6,hub_localized,49
star,50,0.01,0.03,0.0,0.2,0.1,3.0,0.3,0.11,11,53,0.0,0.10204081632653061,42,8,103,0,42,16|6|10|5|7,hub_localized,49
star,50,0.01,0.03,0.0,0.2,0.1,3.0,0.3,0.11,12,54,0.0,0.10204081632653061,41,8,103,0,41,16|6|10|5|8,hub_localized,49
star,50,0.01,0.03,0.0,0.2,0.1,3.0,0.3,0.11,13,55,0.0,0.10204081632653061,40,8,103,0,40,14|6|10|5|9,hub_localized,49
star,50,0.01,0.03,0.0,0.2,0.1,3.0,0.3,0.11,14,56,0.0,0.10204081632653061,39,8,103,0,39,14|6|10|5|10,hub_localized,49
star,50,0.01,0.03,0.0,0.2,0.1,3.0,0.3,0.11,15,57,0.0,0.10204081632653061,38,8,103,0,38,12|6|10|5|11,hub_localized,49
star,50,0.01,0.03,0.0,0.2,0.1,3.0,0.3,0.11,16,58,0.0,0.10204081632653061,37,8,103,0,37,12|6|10|5|12,hub_localized,49
star,50,0.01,0.03,0.0,0.2,0.1,3.0,0.3,0.11,17,59,0.0,0.10204081632653061,36,8,103,0,36,10|6|10|5|13,hub_localized,49
star,50,0.01,0.03,0.0,0.2,0.1,3.0,0.3,0.11,18,60,0.0,0.08163265306122448,35,8,103,0,35,10|6|10|6|14,hub_localized,49
star,50,0.01,0.03,0.0,0.2,0.1,3.0,0.3,0.11,19,61,0.0,0.10204081632653061,34,8,103,0,34,9|6|10|5|15,hub_localized,49
star,50,0.01,0.03,0.0,0.2,0.1,3.0,0.3,0.11,20,62,0.0,0.10204081632653061,33,8,103,0,33,8|6|10|5|16,hub_localized,49
star,50,0.01,0.03,0.0,0.2,0.1,3.0,0.3,0.11,21,63,0.0,0.10204081632653061,32,8,103,0,32,7|6|10|5|17,hub_localized,49
star,50,0.01,0.03,0.0,0.2,0.1,3.0,0.3,0.11,22,64,0.0,0.12244897959183673,49,8,1,0,49,6|6|10|5|17,hub_localized,49
star,50,0.01,0.03,0.0,0.2,0.1,3.0,0.3,0.11,23,65,0.0,0.12244897959183673,48,8,4,0,48,5|6|10|5|17|1,hub_localized,49
star,50,0.01,0.03,0.0,0.2,0.1,3.0,0.3,0.11,24,66,0.0,0.12244897959183673,47,8,4,0,47,4|6|10|5|17|2,hub_localized,49
star,50,0.01,0.03,0.0,0.2,0.1,3.0,0.3,0.11,25,67,0.0,0.12244897959183673,46,8,1,0,46,2|6|10|5|17|3,hub_localized,49
star,50,0.01,0.03,0.0,0.2,0.1,3.0,0.3,0.11,26,68,0.0,0.12244897959183673,45,8,1,0,45,1|6|10|5|17|4,hub_localized,49
star,50,0.01,0.03,0.0,0.2,0.1,3.0,0.3,0.11,27,69,0.0,0.10204081632653061,44,8,1,0,44,1|6|10|6|17|5,hub_localized,49
star,50,0.01,0.03,0.0,0.2,0.1,3.0,0.3,0.11,28,70,0.0,0.10204081632653061,43,8,1,0,43,6|10|5|17|6,hub_localized,49
star,50,0.01,0.03,0.0,0.2,0.1,3.0,0.3,0.11,29,71,0.0,0.10204081632653061,42,8,4,0,42,5|10|5|17|7,hub_localized,49
star,50,0.01,0.03,0.0,0.2,0.1,3.0,0.3,0.11,30,72,0.0,0.10204081632653061,41,8,1,0,41,5|10|5|17|8,hub_localized,49
star,50,0.01,0.03,0.0,0.2,0.1,3.0,0.3,0.11,31,73,0.0,0.10204081632653061,40,8,4,0,40,4|10|5|17|9,hub_localized,49
star,50,0.01,0.03,0.0,0.2,0.1,3.0,0.3,0.11,32,74,0.0,0.10204081632653061,39,8,1,0,39,3|10|5|17|10,hub_localized,49
star,50,0.01,0.03,0.0,0.2,0.1,3.0,0.3,0.11,33,75,0.0,0.10204081632653061,38,8,1,0,38,1|10|5|17|11,hub_localized,49
star,50,0.01,0.03,0.0,0.2,0.1,3.0,0.3,0.11,34,76,0.0,0.10204081632653061,37,8,1,0,37,1|10|5|17|12,hub_localized,49
star,50,0.01,0.03,0.0,0.2,0.1,3.0,0.3,0.11,35,77,0.0,0.08163265306122448,36,7,1,0,36,10|5|17|13,hub_localized,49
star,50,0.01,0.03,0.0,0.2,0.1,3.0,0.3,0.11,36,78,0.0,0.08163265306122448,35,8,1,0,35,9|5|17|14,hub_localized,49
star,50,0.01,0.03,0.0,0.2,0.1,3.0,0.3,0.11,37,79,0.0,0.10204081632653061,49,8,1,0,49,9|5|17|14,hub_localized,49
star,50,0.01,0.03,0.0,0.2,0.1,3.0,0.3,0.11,38,80,0.0,0.08163265306122448,48,8,113,0,48,8|5|32|1,hub_localized,49
star,50,0.01,0.03,0.0,0.2,0.1,3.0,0.3,0.11,39,81,0.0,0.10204081632653061,47,8,1,0,47,7|5|17|14|2,hub_localized,49
star,50,0.01,0.03,0.0,0.2,0.1,3.0,0.3,0.11,40,82,0.0,0.10204081632653061,46,8,4,0,46,5|5|17|14|3,hub_localized,49
star,50,0.01,0.03,0.0,0.2,0.1,3.0,0.3,0.11,41,83,0.0,0.10204081632653061,45,8,1,0,45,5|5|17|14|4,hub_localized,49
star,50,0.01,0.03,0.0,0.2,0.1,3.0,0.3,0.11,42,84,0.0,0.10204081632653061,44,8,4,0,44,3|5|17|14|5,hub_localized,49
star,50,0.01,0.03,0.0,0.2,0.1,3.0,0.3,0.11,43,85,0.0,0.10204081632653061,43,8,1,0,43,2|5|17|14|6,hub_localized,49
star,50,0.01,0.03,0.0,0.2,0.1,3.0,0.3,0.11,44,86,0.0,0.10204081632653061,42,8,4,0,42,2|5|17|14|7,hub_localized,49
star,50,0.01,0.03,0.0,0.2,0.1,3.0,0.3,0.11,45,87,0.0,0.10204081632653061,41,8,1,0,41,1|5|17|14|8,hub_localized,49
star,50,0.01,0.03,0.0,0.2,0.1,3.0,0.3,0.11,46,88,0.0,0.061224489795918366,40,4,113,0,40,5|32|9,hub_localized,49
star,50,0.01,0.03,0.0,0.2,0.1,3.0,0.3,0.11,47,89,0.0,0.061224489795918366,39,4,3,0,39,5|17|14|10,hub_localized,49
star,50,0.01,0.03,0.0,0.2,0.1,3.0,0.3,0.11,48,90,0.0,0.08163265306122448,49,7,1,0,49,5|17|14|10,hub_localized,49
star,50,0.01,0.03,0.0,0.2,0.1,3.0,0.3,0.11,49,91,0.0,0.08163265306122448,48,7,1,0,48,4|17|14|10|1,hub_localized,49
star,50,0.01,0.03,0.0,0.2,0.1,3.0,0.3,0.112,0,42,0.0,0.08163265306122448,46,8,5,0,46,14|12|6|10|3,hub_localized,49
star,50,0.01,0.03,0.0,0.2,0.1,3.0,0.3,0.112,1,43,0.0,0.061224489795918366,45,7,103,0,45,26|6|10|4,hub_localized,49
star,50,0.01,0.03,0.0,0.2,0.1,3.0,0.3,0.112,2,44,0.0,0.08163265306122448,45,8,103,0,45,26|6|10|4,hub_localized,49
star,50,0.01,0.03,0.0,0.2,0.1,3.0,0.3,0.112,3,45,0.0,0.10204081632653061,44,8,5,0,44,12|12|6|10|5,hub_localized,49
star,50,0.01,0.03,0.0,0.2,0.1,3.0,0.3,0.112,4,46,0.0,0.10204081632653061,49,8,103,0,49,24|6|10|5,hub_localized,49
star,50,0.01,0.03,0.0,0.2,0.1,3.0,0.3,0.112,5,47,0.0,0.10204081632653061,48,8,103,0,48,22|6|10|5|1,hub_localized,49
star,50,0.01,0.03,0.0,0.2,0.1,3.0,0.3,0.112,6,48,0.0,0.12244897959183673,47,8,5,0,47,9|12|6|10|5|2,hub_localized,49
star,50,0.01,0.03,0.0,0.2,0.1,3.0,0.3,0.112,7,49,0.0,0.10204081632653061,46,8,103,0,46,20|6|10|5|3,hub_localized,49
star,50,0.01,0.03,0.0,0.2,0.1,3.0,0.3,0.112,8,50,0.0,0.10204081632653061,45,8,103,0,45,20|6|10|5|4,hub_localized,49
star,50,0.01,0.03,0.0,0.2,0.1,3.0,0.3,0.112,9,51,0.0,0.10204081632653061,44,8,103,0,44,19|6|10|5|5,hub_localized,49
star,50,0.01,0.03,0.0,0.2,0.1,3.0,0.3,0.112,10,52,0.0,0.10204081632653061,43,8,103,0,43,18|6|10|5|6,hub_localized,49
star,50,0.01,0.03,0.0,0.2,0.1,3.0,0.3,0.112,11,53,0.0,0.10204081632653061,42,8,103,0,42,16|6|10|5|7,hub_localized,49
star,50,0.01,0.03,0.0,0.2,0.1,3.0,0.3,0.112,12,54,0.0,0.10204081632653061,41,8,103,0,41,16|6|10|5|8,hub_localized,49
star,50,0.01,0.03,0.0,0.2,0.1,3.0,0.3,0.112,13,55,0.0,0.10204081632653061,40,8,103,0,40,14|6|10|5|9,hub_localized,49
star,50,0.01,0.03,0.0,0.2,0.1,3.0,0.3,0.112,14,56,0.0,0.10204081632653061,39,8,103,0,39,14|6|10|5|10,hub_localized,49
star,50,0.01,0.03,0.0,0.2,0.1,3.0,0.3,0.112,15,57,0.0,0.10204081632653061,38,8,103,0,38,12|6|10|5|11,hub_localized,49
star,50,0.01,0.03,0.0,0.2,0.1,3.0,0.3,0.112,16,58,0.0,0.10204081632653061,37,8,103,0,37,12|6|10|5|12,hub_localized,49
star,50,0.01,0.03,0.0,0.2,0.1,3.0,0.3,0.112,17,59,0.0,0.10204081632653061,36,8,103,0,36,10|6|10|5|13,hub_localized,49
star,50,0.01,0.03,0.0,0.2,0.1,3.0,0.3,0.112,18,60,0.0,0.08163265306122448,35,8,103,0,35,10|6|10|6|14,hub_localized,49
star,50,0.01,0.03,0.0,0.2,0.1,3.0,0.3,0.112,19,61,0.0,0.10204081632653061,34,8,103,0,34,9|6|10|5|15,hub_localized,49
star,50,0.01,0.03,0.0,0.2,0.1,3.0,0.3,0.112,20,62,0.0,0.10204081632653061,33,8,103,0,33,8|6|10|5|16,hub_localized,49
star,50,0.01,0.03,0.0,0.2,0.1,3.0,0.3,0.112,21,63,0.0,0.10204081632653061,32,8,103,0,32,7|6|10|5|17,hub_localized,49
star,50,0.01,0.03,0.0,0.2,0.1,3.0,0.3,0.112,22,64,0.0,0.12244897959183673,49,8,1,0,49,6|6|10|5|17,hub_localized,49
star,50,0.01,0.03,0.0,0.2,0.1,3.0,0.3,0.112,23,65,0.0,0.12244897959183673,48,8,4,0,48,5|6|10|5|17|1,hub_localized,49
star,50,0.01,0.03,0.0,0.2,0.1,3.0,0.3,0.112,24,66,0.0,0.12244897959183673,47,8,4,0,47,4|6|10|5|17|2,hub_localized,49
star,50,0.01,0.03,0.0,0.2,0.1,3.0,0.3,0.112,25,67,0.0,0.12244897959183673,46,8,1,0,46,2|6|10|5|17|3,hub_localized,49
star,50,0.01,0.03,0.0,0.2,0.1,3.0,0.3,0.112,26,68,0.0,0.12244897959183673,45,8,1,0,45,1|6|10|5|17|4,hub_localized,49
star,50,0.01,0.03,0.0,0.2,0.1,3.0,0.3,0.112,27,69,0.0,0.10204081632653061,44,8,1,0,44,1|6|10|6|17|5,hub_localized,49
star,50,0.01,0.03,0.0,0.2,0.1,3.0,0.3,0.112,28,70,0.0,0.10204081632653061,43,8,1,0,43,6|10|5|17|6,hub_localized,49
star,50,0.01,0.03,0.0,0.2,0.1,3.0,0.3,0.112,29,71,0.0,0.10204081632653061,42,8,4,0,42,5|10|5|17|7,hub_localized,49
star,50,0.01,0.03,0.0,0.2,0.1,3.0,0.3,0.112,30,72,0.0,0.10204081632653061,41,8,1,0,41,5|10|5|17|8,hub_localized,49
star,50,0.01,0.03,0.0,0.2,0.1,3.0,0.3,0.112,31,73,0.0,0.10204081632653061,40,8,4,0,40,4|10|5|17|9,hub_localized,49
star,50,0.01,0.03,0.0,0.2,0.1,3.0,0.3,0.112,32,74,0.0,0.10204081632653061,39,8,1,0,39,3|10|5|17|10,hub_localized,49
star,50,0.01,0.03,0.0,0.2,0.1,3.0,0.3,0.112,33,75,0.0,0.10204081632653061,38,8,1,0,38,1|10|5|17|11,hub_localized,49
star,50,0.01,0.03,0.0,0.2,0.1,3.0,0.3,0.112,34,76,0.0,0.10204081632653061,37,8,1,0,37,1|10|5|17|12,hub_localized,49
star,50,0.01,0.03,0.0,0.2,0.1,3.0,0.3,0.112,35,77,0.0,0.08163265306122448,36,7,1,0,36,10|5|17|13,hub_localized,49
star,50,0.01,0.03,0.0,0.2,0.1,3.0,0.3,0.112,36,78,0.0,0.08163265306122448,35,8,1,0,35,9|5|17|14,hub_localized,49
star,50,0.01,0.03,0.0,0.2,0.1,3.0,0.3,0.112,37,79,0.0,0.10204081632653061,49,8,1,0,49,9|5|17|14,hub_localized,49
star,50,0.01,0.03,0.0,0.2,0.1,3.0,0.3,0.112,38,80,0.0,0.08163265306122448,48,8,113,0,48,8|5|32|1,hub_localized,49
star,50,0.01,0.03,0.0,0.2,0.1,3.0,0.3,0.112,39,81,0.0,0.10204081632653061,47,8,1,0,47,7|5|17|14|2,hub_localized,49
star,50,0.01,0.03,0.0,0.2,0.1,3.0,0.3,0.112,40,82,0.0,0.10204081632653061,46,8,4,0,46,5|5|17|14|3,hub_localized,49
star,50,0.01,0.03,0.0,0.2,0.1,3.0,0.3,0.112,41,83,0.0,0.10204081632653061,45,8,1,0,45,5|5|17|14|4,hub_localized,49
star,50,0.01,0.03,0.0,0.2,0.1,3.0,0.3,0.112,42,84,0.0,0.10204081632653061,44,8,4,0,44,3|5|17|14|5,hub_localized,49
star,50,0.01,0.03,0.0,0.2,0.1,3.0,0.3,0.112,43,85,0.0,0.10204081632653061,43,8,1,0,43,2|5|17|14|6,hub_localized,49
star,50,0.01,0.03,0.0,0.2,0.1,3.0,0.3,0.112,44,86,0.0,0.10204081632653061,42,8,4,0,42,2|5|17|14|7,hub_localized,49
star,50,0.01,0.03,0.0,0.2,0.1,3.0,0.3,0.112,45,87,0.0,0.10204081632653061,41,8,1,0,41,1|5|17|14|8,hub_localized,49
star,50,0.01,0.03,0.0,0.2,0.1,3.0,0.3,0.112,46,88,0.0,0.061224489795918366,40,4,113,0,40,5|32|9,hub_localized,49
star,50,0.01,0.03,0.0,0.2,0.1,3.0,0.3,0.112,47,89,0.0,0.061224489795918366,39,4,3,0,39,5|17|14|10,hub_localized,49
star,50,0.01,0.03,0.0,0.2,0.1,3.0,0.3,0.112,48,90,0.0,0.08163265306122448,49,7,1,0,49,5|17|14|10,hub_localized,49
star,50,0.01,0.03,0.0,0.2,0.1,3.0,0.3,0.112,49,91,0.0,0.08163265306122448,48,7,1,0,48,4|17|14|10|1,hub_localized,49
star,50,0.01,0.03,0.0,0.2,0.1,3.0,0.3,0.114,0,42,0.0,0.08163265306122448,46,8,5,0,46,14|12|6|10|3,hub_localized,49
star,50,0.01,0.03,0.0,0.2,0.1,3.0,0.3,0.114,1,43,0.0,0.061224489795918366,45,7,103,0,45,26|6|10|4,hub_localized,49
star,50,0.01,0.03,0.0,0.2,0.1,3.0,0.3,0.114,2,44,0.0,0.08163265306122448,45,8,103,0,45,26|6|10|4,hub_localized,49
star,50,0.01,0.03,0.0,0.2,0.1,3.0,0.3,0.114,3,45,0.0,0.10204081632653061,44,8,5,0,44,12|12|6|10|5,hub_localized,49
star,50,0.01,0.03,0.0,0.2,0.1,3.0,0.3,0.114,4,46,0.0,0.08163265306122448,43,8,103,0,43,24|6|10|6,hub_localized,49
star,50,0.01,0.03,0.0,0.2,0.1,3.0,0.3,0.114,5,47,0.0,0.08163265306122448,42,8,103,0,42,22|6|10|7,hub_localized,49
star,50,0.01,0.03,0.0,0.2,0.1,3.0,0.3,0.114,6,48,0.0,0.10204081632653061,41,8,5,0,41,9|12|6|10|8,hub_localized,49
star,50,0.01,0.03,0.0,0.2,0.1,3.0,0.3,0.114,7,49,0.0,0.08163265306122448,40,8,103,0,40,20|6|10|9,hub_localized,49
star,50,0.01,0.03,0.0,0.2,0.1,3.0,0.3,0.114,8,50,0.0,0.08163265306122448,39,8,103,0,39,20|6|10|10,hub_localized,49
star,50,0.01,0.03,0.0,0.2,0.1,3.0,0.3,0.114,9,51,0.0,0.08163265306122448,38,8,103,0,38,19|6|10|11,hub_localized,49
star,50,0.01,0.03,0.0,0.2,0.1,3.0,0.3,0.114,10,52,0.0,0.08163265306122448,37,8,103,0,37,18|6|10|12,hub_localized,49
star,50,0.01,0.03,0.0,0.2,0.1,3.0,0.3,0.114,11,53,0.0,0.08163265306122448,36,8,103,0,36,16|6|10|13,hub_localized,49
star,50,0.01,0.03,0.0,0.2,0.1,3.0,0.3,0.114,12,54,0.0,0.08163265306122448,35,8,103,0,35,16|6|10|14,hub_localized,49
star,50,0.01,0.03,0.0,0.2,0.1,3.0,0.3,0.114,13,55,0.0,0.08163265306122448,34,8,103,0,34,14|6|10|15,hub_localized,49
star,50,0.01,0.03,0.0,0.2,0.1,3.0,0.3,0.114,14,56,0.0,0.08163265306122448,33,8,103,0,33,14|6|10|16,hub_localized,49
star,50,0.01,0.03,0.0,0.2,0.1,3.0,0.3,0.114,15,57,0.0,0.08163265306122448,32,8,103,0,32,12|6|10|17,hub_localized,49
star,50,0.01,0.03,0.0,0.2,0.1,3.0,0.3,0.114,16,58,0.0,0.08163265306122448,31,8,103,0,31,12|6|10|18,hub_localized,49
star,50,0.01,0.03,0.0,0.2,0.1,3.0,0.3,0.114,17,59,0.0,0.08163265306122448,30,8,103,0,30,10|6|10|19,hub_localized,49
star,50,0.01,0.03,0.0,0.2,0.1,3.0,0.3,0.114,18,60,0.0,0.061224489795918366,28,8,103,0,28,10|6|10|21,hub_localized,49
star,50,0.01,0.03,0.0,0.2,0.1,3.0,0.3,0.114,19,61,0.0,0.08163265306122448,28,8,103,0,28,9|6|10|21,hub_localized,49
star,50,0.01,0.03,0.0,0.2,0.1,3.0,0.3,0.114,20,62,0.0,0.08163265306122448,27,8,103,0,27,8|6|10|22,hub_localized,49
star,50,0.01,0.03,0.0,0.2,0.1,3.0,0.3,0.114,21,63,0.0,0.08163265306122448,26,8,103,0,26,7|6|10|23,hub_localized,49
star,50,0.01,0.03,0.0,0.2,0.1,3.0,0.3,0.114,22,64,0.0,0.10204081632653061,49,8,1,0,49,6|6|10|23,hub_localized,49
star,50,0.01,0.03,0.0,0.2,0.1,3.0,0.3,0.114,23,65,0.0,0.10204081632653061,48,8,4,0,48,5|6|10|23|1,hub_localized,49
star,50,0.01,0.03,0.0,0.2,0.1,3.0,0.3,0.114,24,66,0.0,0.10204081632653061,47,8,4,0,47,4|6|10|23|2,hub_localized,49
star,50,0.01,0.03,0.0,0.2,0.1,3.0,0.3,0.114,25,67,0.0,0.10204081632653061,46,8,1,0,46,2|6|10|23|3,hub_localized,49
star,50,0.01,0.03,0.0,0.2,0.1,3.0,0.3,0.114,26,68,0.0,0.10204081632653061,45,8,1,0,45,1|6|10|23|4,hub_localized,49
star,50,0.01,0.03,0.0,0.2,0.1,3.0,0.3,0.114,27,69,0.0,0.08163265306122448,44,8,1,0,44,1|6|10|24|5,hub_localized,49
star,50,0.01,0.03,0.0,0.2,0.1,3.0,0.3,0.114,28,70,0.0,0.08163265306122448,43,8,1,0,43,6|10|23|6,hub_localized,49
star,50,0.01,0.03,0.0,0.2,0.1,3.0,0.3,0.114,29,71,0.0,0.08163265306122448,42,8,4,0,42,5|10|23|7,hub_localized,49
star,50,0.01,0.03,0.0,0.2,0.1,3.0,0.3,0.114,30,72,0.0,0.08163265306122448,41,8,1,0,41,5|10|23|8,hub_localized,49
star,50,0.01,0.03,0.0,0.2,0.1,3.0,0.3,0.114,31,73,0.0,0.08163265306122448,40,8,4,0,40,4|10|23|9,hub_localized,49
star,50,0.01,0.03,0.0,0.2,0.1,3.0,0.3,0.114,32,74,0.0,0.08163265306122448,39,8,1,0,39,3|10|23|10,hub_localized,49
star,50,0.01,0.03,0.0,0.2,0.1,3.0,0.3,0.114,33,75,0.0,0.08163265306122448,38,8,1,0,38,1|10|23|11,hub_localized,49
star,50,0.01,0.03,0.0,0.2,0.1,3.0,0.3,0.114,34,76,0.0,0.08163265306122448,37,8,1,0,37,1|10|23|12,hub_localized,49
star,50,0.01,0.03,0.0,0.2,0.1,3.0,0.3,0.114,35,77,0.0,0.061224489795918366,36,7,1,0,36,10|23|13,hub_localized,49
star,50,0.01,0.03,0.0,0.2,0.1,3.0,0.3,0.114,36,78,0.0,0.061224489795918366,35,8,1,0,35,9|23|14,hub_localized,49
star,50,0.01,0.03,0.0,0.2,0.1,3.0,0.3,0.114,37,79,0.0,0.08163265306122448,49,8,1,0,49,9|23|14,hub_localized,49
star,50,0.01,0.03,0.0,0.2,0.1,3.0,0.3,0.114,38,80,0.0,0.061224489795918366,48,8,113,0,48,8|38|1,hub_localized,49
star,50,0.01,0.03,0.0,0.2,0.1,3.0,0.3,0.114,39,81,0.0,0.08163265306122448,47,8,1,0,47,7|23|14|2,hub_localized,49
star,50,0.01,0.03,0.0,0.2,0.1,3.0,0.3,0.114,40,82,0.0,0.08163265306122448,46,8,4,0,46,5|23|14|3,hub_localized,49
star,50,0.01,0.03,0.0,0.2,0.1,3.0,0.3,0.114,41,83,0.0,0.08163265306122448,45,8,1,0,45,5|23|14|4,hub_localized,49
star,50,0.01,0.03,0.0,0.2,0.1,3.0,0.3,0.114,42,84,0.0,0.08163265306122448,44,8,4,0,44,3|23|14|5,hub_localized,49
star,50,0.01,0.03,0.0,0.2,0.1,3.0,0.3,0.114,43,85,0.0,0.08163265306122448,43,8,1,0,43,2|23|14|6,hub_localized,49
star,50,0.01,0.03,0.0,0.2,0.1,3.0,0.3,0.114,44,86,0.0,0.10204081632653061,42,8,4,0,42,2|5|17|14|7,hub_localized,49
star,50,0.01,0.03,0.0,0.2,0.1,3.0,0.3,0.114,45,87,0.0,0.08163265306122448,41,8,1,0,41,1|23|14|8,hub_localized,49
star,50,0.01,0.03,0.0,0.2,0.1,3.0,0.3,0.114,46,88,0.0,0.04081632653061224,40,4,113,0,40,38|9,hub_localized,49
star,50,0.01,0.03,0.0,0.2,0.1,3.0,0.3,0.114,47,89,0.0,0.04081632653061224,39,4,3,0,39,23|14|10,hub_localized,49
star,50,0.01,0.03,0.0,0.2,0.1,3.0,0.3,0.114,48,90,0.0,0.061224489795918366,49,7,1,0,49,23|14|10,hub_localized,49
star,50,0.01,0.03,0.0,0.2,0.1,3.0,0.3,0.114,49,91,0.0,0.061224489795918366,48,7,1,0,48,22|14|10|1,hub_localized,49
star,50,0.01,0.03,0.0,0.2,0.1,3.0,0.3,0.116,0,42,0.0,0.061224489795918366,46,7,5,0,46,14|12|17|3,hub_localized,49
star,50,0.01,0.03,0.0,0.2,0.1,3.0,0.3,0.116,1,43,0.0,0.04081632653061224,45,7,127,0,45,26|17|4,hub_localized,49
star,50,0.01,0.03,0.0,0.2,0.1,3.0,0.3,0.116,2,44,0.0,0.061224489795918366,45,7,128,0,45,26|17|4,hub_localized,49
star,50,0.01,0.03,0.0,0.2,0.1,3.0,0.3,0.116,3,45,0.0,0.08163265306122448,44,7,5,0,44,12|12|17|5,hub_localized,49
star,50,0.01,0.03,0.0,0.2,0.1,3.0,0.3,0.116,4,46,0.0,0.061224489795918366,43,7,128,0,43,24|17|6,hub_localized,49
star,50,0.01,0.03,0.0,0.2,0.1,3.0,0.3,0.116,5,47,0.0,0.061224489795918366,42,7,128,0,42,22|17|7,hub_localized,49
star,50,0.01,0.03,0.0,0.2,0.1,3.0,0.3,0.116,6,48,0.0,0.061224489795918366,41,7,128,0,41,22|17|8,hub_localized,49
star,50,0.01,0.03,0.0,0.2,0.1,3.0,0.3,0.116,7,49,0.0,0.061224489795918366,40,7,128,0,40,20|17|9,hub_localized,49
star,50,0.01,0.03,0.0,0.2,0.1,3.0,0.3,0.116,8,50,0.0,0.061224489795918366,39,7,128,0,39,20|17|10,hub_localized,49
star,50,0.01,0.03,0.0,0.2,0.1,3.0,0.3,0.116,9,51,0.0,0.061224489795918366,38,8,127,0,38,19|17|11,hub_localized,49
star,50,0.01,0.03,0.0,0.2,0.1,3.0,0.3,0.116,10,52,0.0,0.061224489795918366,37,7,128,0,37,18|17|12,hub_localized,49
star,50,0.01,0.03,0.0,0.2,0.1,3.0,0.3,0.116,11,53,0.0,0.061224489795918366,36,7,128,0,36,16|17|13,hub_localized,49
star,50,0.01,0.03,0.0,0.2,0.1,3.0,0.3,0.116,12,54,0.0,0.061224489795918366,35,7,128,0,35,16|17|14,hub_localized,49
star,50,0.01,0.03,0.0,0.2,0.1,3.0,0.3,0.116,13,55,0.0,0.061224489795918366,34,7,128,0,34,14|17|15,hub_localized,49
star,50,0.01,0.03,0.0,0.2,0.1,3.0,0.3,0.116,14,56,0.0,0.061224489795918366,33,7,128,0,33,14|17|16,hub_localized,49
star,50,0.01,0.03,0.0,0.2,0.1,3.0,0.3,0.116,15,57,0.0,0.061224489795918366,32,7,128,0,32,12|17|17,hub_localized,49
star,50,0.01,0.03,0.0,0.2,0.1,3.0,0.3,0.116,16,58,0.0,0.061224489795918366,31,7,128,0,31,12|17|18,hub_localized,49
star,50,0.01,0.03,0.0,0.2,0.1,3.0,0.3,0.116,17,59,0.0,0.061224489795918366,30,7,128,0,30,10|17|19,hub_localized,49
star,50,0.01,0.03,0.0,0.2,0.1,3.0,0.3,0.116,18,60,0.0,0.04081632653061224,28,7,128,0,28,10|17|21,hub_localized,49
star,50,0.01,0.03,0.0,0.2,0.1,3.0,0.3,0.116,19,61,0.0,0.061224489795918366,28,7,128,0,28,9|17|21,hub_localized,49
star,50,0.01,0.03,0.0,0.2,0.1,3.0,0.3,0.116,20,62,0.0,0.061224489795918366,27,7,128,0,27,8|17|22,hub_localized,49
star,50,0.01,0.03,0.0,0.2,0.1,3.0,0.3,0.116,21,63,0.0,0.061224489795918366,26,7,128,0,26,7|17|23,hub_localized,49
star,50,0.01,0.03,0.0,0.2,0.1,3.0,0.3,0.116,22,64,0.0,0.08163265306122448,49,7,1,0,49,6|17|23,hub_localized,49
star,50,0.01,0.03,0.0,0.2,0.1,3.0,0.3,0.116,23,65,0.0,0.08163265306122448,48,7,4,0,48,5|17|23|1,hub_localized,49
star,50,0.01,0.03,0.0,0.2,0.1,3.0,0.3,0.116,24,66,0.0,0.08163265306122448,47,7,4,0,47,4|17|23|2,hub_localized,49
star,50,0.01,0.03,0.0,0.2,0.1,3.0,0.3,0.116,25,67,0.0,0.08163265306122448,46,7,1,0,46,2|17|23|3,hub_localized,49
star,50,0.01,0.03,0.0,0.2,0.1,3.0,0.3,0.116,26,68,0.0,0.08163265306122448,45,7,1,0,45,1|17|23|4,hub_localized,49
star,50,0.01,0.03,0.0,0.2,0.1,3.0,0.3,0.116,27,69,0.0,0.061224489795918366,44,7,1,0,44,1|17|24|5,hub_localized,49
star,50,0.01,0.03,0.0,0.2,0.1,3.0,0.3,0.116,28,70,0.0,0.061224489795918366,43,7,1,0,43,17|23|6,hub_localized,49
star,50,0.01,0.03,0.0,0.2,0.1,3.0,0.3,0.116,29,71,0.0,0.061224489795918366,42,7,4,0,42,16|23|7,hub_localized,49
star,50,0.01,0.03,0.0,0.2,0.1,3.0,0.3,0.116,30,72,0.0,0.061224489795918366,41,7,1,0,41,16|23|8,hub_localized,49
star,50,0.01,0.03,0.0,0.2,0.1,3.0,0.3,0.116,31,73,0.0,0.061224489795918366,40,7,4,0,40,15|23|9,hub_localized,49
star,50,0.01,0.03,0.0,0.2,0.1,3.0,0.3,0.116,32,74,0.0,0.061224489795918366,39,7,1,0,39,14|23|10,hub_localized,49
star,50,0.01,0.03,0.0,0.2,0.1,3.0,0.3,0.116,33,75,0.0,0.061224489795918366,38,7,1,0,38,12|23|11,hub_localized,49
star,50,0.01,0.03,0.0,0.2,0.1,3.0,0.3,0.116,34,76,0.0,0.061224489795918366,37,7,1,0,37,12|23|12,hub_localized,49
star,50,0.01,0.03,0.0,0.2,0.1,3.0,0.3,0.116,35,77,0.0,0.04081632653061224,36,7,1,0,36,12|23|13,hub_localized,49
star,50,0.01,0.03,0.0,0.2,0.1,3.0,0.3,0.116,36,78,0.0,0.061224489795918366,35,7,1,0,35,10|23|14,hub_localized,49
star,50,0.01,0.03,0.0,0.2,0.1,3.0,0.3,0.116,37,79,0.0,0.08163265306122448,49,7,1,0,49,9|23|14,hub_localized,49
star,50,0.01,0.03,0.0,0.2,0.1,3.0,0.3,0.116,38,80,0.0,0.061224489795918366,48,7,113,0,48,8|38|1,hub_localized,49
star,50,0.01,0.03,0.0,0.2,0.1,3.0,0.3,0.116,39,81,0.0,0.08163265306122448,47,7,1,0,47,7|23|14|2,hub_localized,49
star,50,0.01,0.03,0.0,0.2,0.1,3.0,0.3,0.116,40,82,0.0,0.061224489795918366,46,7,113,0,46,5|38|3,hub_localized,49
star,50,0.01,0.03,0.0,0.2,0.1,3.0,0.3,0.116,41,83,0.0,0.08163265306122448,45,7,1,0,45,5|23|14|4,hub_localized,49
star,50,0.01,0.03,0.0,0.2,0.1,3.0,0.3,0.116,42,84,0.0,0.08163265306122448,44,7,4,0,44,3|23|14|5,hub_localized,49
star,50,0.01,0.03,0.0,0.2,0.1,3.0,0.3,0.116,43,85,0.0,0.08163265306122448,43,7,1,0,43,2|23|14|6,hub_localized,49
star,50,0.01,0.03,0.0,0.2,0.1,3.0,0.3,0.116,44,86,0.0,0.08163265306122448,42,7,4,0,42,2|23|14|7,hub_localized,49
star,50,0.01,0.03,0.0,0.2,0.1,3.0,0.3,0.116,45,87,0.0,0.08163265306122448,41,7,1,0,41,1|23|14|8,hub_localized,49
star,50,0.01,0.03,0.0,0.2,0.1,3.0,0.3,0.116,46,88,0.0,0.04081632653061224,40,4,113,0,40,38|9,hub_localized,49
star,50,0.01,0.03,0.0,0.2,0.1,3.0,0.3,0.116,47,89,0.0,0.04081632653061224,39,4,3,0,39,23|14|10,hub_localized,49
star,50,0.01,0.03,0.0,0.2,0.1,3.0,0.3,0.116,48,90,0.0,0.061224489795918366,49,7,1,0,49,23|14|10,hub_localized,49
star,50,0.01,0.03,0.0,0.2,0.1,3.0,0.3,0.116,49,91,0.0,0.061224489795918366,48,7,1,0,48,22|14|10|1,hub_localized,49
star,50,0.01,0.03,0.0,0.2,0.1,3.0,0.3,0.118,0,42,0.0,0.04081632653061224,46,7,128,0,46,27|17|3,hub_localized,49
star,50,0.01,0.03,0.0,0.2,0.1,3.0,0.3,0.118,1,43,0.0,0.04081632653061224,45,7,127,0,45,26|17|4,hub_localized,49
star,50,0.01,0.03,0.0,0.2,0.1,3.0,0.3,0.118,2,44,0.0,0.061224489795918366,45,7,128,0,45,26|17|4,hub_localized,49
star,50,0.01,0.03,0.0,0.2,0.1,3.0,0.3,0.118,3,45,0.0,0.061224489795918366,44,7,128,0,44,25|17|5,hub_localized,49
star,50,0.01,0.03,0.0,0.2,0.1,3.0,0.3,0.118,4,46,0.0,0.061224489795918366,43,7,128,0,43,24|17|6,hub_localized,49
star,50,0.01,0.03,0.0,0.2,0.1,3.0,0.3,0.118,5,47,0.0,0.061224489795918366,42,7,128,0,42,22|17|7,hub_localized,49
star,50,0.01,0.03,0.0,0.2,0.1,3.0,0.3,0.118,6,48,0.0,0.061224489795918366,41,7,128,0,41,22|17|8,hub_localized,49
star,50,0.01,0.03,0.0,0.2,0.1,3.0,0.3,0.118,7,49,0.0,0.061224489795918366,40,7,128,0,40,20|17|9,hub_localized,49
star,50,0.01,0.03,0.0,0.2,0.1,3.0,0.3,0.118,8,50,0.0,0.061224489795918366,39,7,128,0,39,20|17|10,hub_localized,49
star,50,0.01,0.03,0.0,0.2,0.1,3.0,0.3,0.118,9,51,0.0,0.061224489795918366,38,7,128,0,38,19|17|11,hub_localized,49
star,50,0.01,0.03,0.0,0.2,0.1,3.0,0.3,0.118,10,52,0.0,0.061224489795918366,37,7,128,0,37,18|17|12,hub_localized,49
star,50,0.01,0.03,0.0,0.2,0.1,3.0,0.3,0.118,11,53,0.0,0.061224489795918366,36,7,128,0,36,16|17|13,hub_localized,49
star,50,0.01,0.03,0.0,0.2,0.1,3.0,0.3,0.118,12,54,0.0,0.061224489795918366,35,7,128,0,35,16|17|14,hub_localized,49
star,50,0.01,0.03,0.0,0.2,0.1,3.0,0.3,0.118,13,55,0.0,0.061224489795918366,34,7,128,0,34,14|17|15,hub_localized,49
star,50,0.01,0.03,0.0,0.2,0.1,3.0,0.3,0.118,14,56,0.0,0.061224489795918366,33,7,128,0,33,14|17|16,hub_localized,49
star,50,0.01,0.03,0.0,0.2,0.1,3.0,0.3,0.118,15,57,0.0,0.061224489795918366,32,7,128,0,32,12|17|17,hub_localized,49
star,50,0.01,0.03,0.0,0.2,0.1,3.0,0.3,0.118,16,58,0.0,0.061224489795918366,31,7,128,0,31,12|17|18,hub_localized,49
star,50,0.01,0.03,0.0,0.2,0.1,3.0,0.3,0.118,17,59,0.0,0.061224489795918366,30,7,128,0,30,10|17|19,hub_localized,49
star,50,0.01,0.03,0.0,0.2,0.1,3.0,0.3,0.118,18,60,0.0,0.04081632653061224,28,7,128,0,28,10|17|21,hub_localized,49
star,50,0.01,0.03,0.0,0.2,0.1,3.0,0.3,0.118,19,61,0.0,0.061224489795918366,28,7,128,0,28,9|17|21,hub_localized,49
star,50,0.01,0.03,0.0,0.2,0.1,3.0,0.3,0.118,20,62,0.0,0.061224489795918366,27,7,128,0,27,8|17|22,hub_localized,49
star,50,0.01,0.03,0.0,0.2,0.1,3.0,0.3,0.118,21,63,0.0,0.061224489795918366,26,7,128,0,26,7|17|23,hub_localized,49
star,50,0.01,0.03,0.0,0.2,0.1,3.0,0.3,0.118,22,64,0.0,0.08163265306122448,49,7,1,0,49,6|17|23,hub_localized,49
star,50,0.01,0.03,0.0,0.2,0.1,3.0,0.3,0.118,23,65,0.0,0.08163265306122448,48,7,4,0,48,5|17|23|1,hub_localized,49
star,50,0.01,0.03,0.0,0.2,0.1,3.0,0.3,0.118,24,66,0.0,0.08163265306122448,47,7,4,0,47,4|17|23|2,hub_localized,49
star,50,0.01,0.03,0.0,0.2,0.1,3.0,0.3,0.118,25,67,0.0,0.08163265306122448,46,7,1,0,46,2|17|23|3,hub_localized,49
star,50,0.01,0.03,0.0,0.2,0.1,3.0,0.3,0.118,26,68,0.0,0.08163265306122448,45,7,1,0,45,1|17|23|4,hub_localized,49
star,50,0.01,0.03,0.0,0.2,0.1,3.0,0.3,0.118,27,69,0.0,0.061224489795918366,44,7,1,0,44,1|17|24|5,hub_localized,49
star,50,0.01,0.03,0.0,0.2,0.1,3.0,0.3,0.118,28,70,0.0,0.061224489795918366,43,7,1,0,43,17|23|6,hub_localized,49
star,50,0.01,0.03,0.0,0.2,0.1,3.0,0.3,0.118,29,71,0.0,0.061224489795918366,42,7,4,0,42,16|23|7,hub_localized,49
star,50,0.01,0.03,0.0,0.2,0.1,3.0,0.3,0.118,30,72,0.0,0.061224489795918366,41,7,1,0,41,16|23|8,hub_localized,49
star,50,0.01,0.03,0.0,0.2,0.1,3.0,0.3,0.118,31,73,0.0,0.061224489795918366,40,7,4,0,40,15|23|9,hub_localized,49
star,50,0.01,0.03,0.0,0.2,0.1,3.0,0.3,0.118,32,74,0.0,0.061224489795918366,39,7,1,0,39,14|23|10,hub_localized,49
star,50,0.01,0.03,0.0,0.2,0.1,3.0,0.3,0.118,33,75,0.0,0.061224489795918366,38,7,1,0,38,12|23|11,hub_localized,49
star,50,0.01,0.03,0.0,0.2,0.1,3.0,0.3,0.118,34,76,0.0,0.061224489795918366,37,7,1,0,37,12|23|12,hub_localized,49
star,50,0.01,0.03,0.0,0.2,0.1,3.0,0.3,0.118,35,77,0.0,0.04081632653061224,36,6,1,0,36,12|23|13,hub_localized,49
star,50,0.01,0.03,0.0,0.2,0.1,3.0,0.3,0.118,36,78,0.0,0.061224489795918366,35,7,1,0,35,10|23|14,hub_localized,49
star,50,0.01,0.03,0.0,0.2,0.1,3.0,0.3,0.118,37,79,0.0,0.08163265306122448,49,7,1,0,49,9|23|14,hub_localized,49
star,50,0.01,0.03,0.0,0.2,0.1,3.0,0.3,0.118,38,80,0.0,0.061224489795918366,48,7,113,0,48,8|38|1,hub_localized,49
star,50,0.01,0.03,0.0,0.2,0.1,3.0,0.3,0.118,39,81,0.0,0.08163265306122448,47,7,1,0,47,7|23|14|2,hub_localized,49
star,50,0.01,0.03,0.0,0.2,0.1,3.0,0.3,0.118,40,82,0.0,0.061224489795918366,46,7,113,0,46,5|38|3,hub_localized,49
star,50,0.01,0.03,0.0,0.2,0.1,3.0,0.3,0.118,41,83,0.0,0.08163265306122448,45,7,1,0,45,5|23|14|4,hub_localized,49
star,50,0.01,0.03,0.0,0.2,0.1,3.0,0.3,0.118,42,84,0.0,0.08163265306122448,44,7,4,0,44,3|23|14|5,hub_localized,49
star,50,0.01,0.03,0.0,0.2,0.1,3.0,0.3,0.118,43,85,0.0,0.08163265306122448,43,7,1,0,43,2|23|14|6,hub_localized,49
star,50,0.01,0.03,0.0,0.2,0.1,3.0,0.3,0.118,44,86,0.0,0.08163265306122448,42,7,4,0,42,2|23|14|7,hub_localized,49
star,50,0.01,0.03,0.0,0.2,0.1,3.0,0.3,0.118,45,87,0.0,0.08163265306122448,41,7,1,0,41,1|23|14|8,hub_localized,49
star,50,0.01,0.03,0.0,0.2,0.1,3.0,0.3,0.118,46,88,0.0,0.04081632653061224,40,4,113,0,40,38|9,hub_localized,49
star,50,0.01,0.03,0.0,0.2,0.1,3.0,0.3,0.118,47,89,0.0,0.04081632653061224,39,4,3,0,39,23|14|10,hub_localized,49
star,50,0.01,0.03,0.0,0.2,0.1,3.0,0.3,0.118,48,90,0.0,0.061224489795918366,49,7,1,0,49,23|14|10,hub_localized,49
star,50,0.01,0.03,0.0,0.2,0.1,3.0,0.3,0.118,49,91,0.0,0.061224489795918366,48,7,1,0,48,22|14|10|1,hub_localized,49
star,50,0.01,0.03,0.0,0.2,0.1,3.0,0.3,0.12,0,42,0.0,0.04081632653061224,46,7,128,0,46,27|17|3,hub_localized,49
star,50,0.01,0.03,0.0,0.2,0.1,3.0,0.3,0.12,1,43,0.0,0.04081632653061224,45,7,127,0,45,26|17|4,hub_localized,49
star,50,0.01,0.03,0.0,0.2,0.1,3.0,0.3,0.12,2,44,0.0,0.061224489795918366,45,7,128,0,45,26|17|4,hub_localized,49
star,50,0.01,0.03,0.0,0.2,0.1,3.0,0.3,0.12,3,45,0.0,0.061224489795918366,44,7,128,0,44,25|17|5,hub_localized,49
star,50,0.01,0.03,0.0,0.2,0.1,3.0,0.3,0.12,4,46,0.0,0.061224489795918366,43,7,128,0,43,24|17|6,hub_localized,49
star,50,0.01,0.03,0.0,0.2,0.1,3.0,0.3,0.12,5,47,0.0,0.061224489795918366,42,7,128,0,42,22|17|7,hub_localized,49
star,50,0.01,0.03,0.0,0.2,0.1,3.0,0.3,0.12,6,48,0.0,0.061224489795918366,41,7,128,0,41,22|17|8,hub_localized,49
star,50,0.01,0.03,0.0,0.2,0.1,3.0,0.3,0.12,7,49,0.0,0.061224489795918366,40,7,128,0,40,20|17|9,hub_localized,49
star,50,0.01,0.03,0.0,0.2,0.1,3.0,0.3,0.12,8,50,0.0,0.061224489795918366,39,7,128,0,39,20|17|10,hub_localized,49
star,50,0.01,0.03,0.0,0.2,0.1,3.0,0.3,0.12,9,51,0.0,0.061224489795918366,38,7,128,0,38,19|17|11,hub_localized,49
star,50,0.01,0.03,0.0,0.2,0.1,3.0,0.3,0.12,10,52,0.0,0.061224489795918366,37,7,128,0,37,18|17|12,hub_localized,49
star,50,0.01,0.03,0.0,0.2,0.1,3.0,0.3,0.12,11,53,0.0,0.061224489795918366,36,7,128,0,36,16|17|13,hub_localized,49
star,50,0.01,0.03,0.0,0.2,0.1,3.0,0.3,0.12,12,54,0.0,0.061224489795918366,35,7,128,0,35,16|17|14,hub_localized,49
star,50,0.01,0.03,0.0,0.2,0.1,3.0,0.3,0.12,13,55,0.0,0.061224489795918366,34,7,128,0,34,14|17|15,hub_localized,49
star,50,0.01,0.03,0.0,0.2,0.1,3.0,0.3,0.12,14,56,0.0,0.061224489795918366,33,7,128,0,33,14|17|16,hub_localized,49
star,50,0.01,0.03,0.0,0.2,0.1,3.0,0.3,0.12,15,57,0.0,0.061224489795918366,32,7,128,0,32,12|17|17,hub_localized,49
star,50,0.01,0.03,0.0,0.2,0.1,3.0,0.3,0.12,16,58,0.0,0.061224489795918366,31,7,128,0,31,12|17|18,hub_localized,49
star,50,0.01,0.03,0.0,0.2,0.1,3.0,0.3,0.12,17,59,0.0,0.061224489795918366,30,7,128,0,30,10|17|19,hub_localized,49
star,50,0.01,0.03,0.0,0.2,0.1,3.0,0.3,0.12,18,60,0.0,0.04081632653061224,28,7,128,0,28,10|17|21,hub_localized,49
star,50,0.01,0.03,0.0,0.2,0.1,3.0,0.3,0.12,19,61,0.0,0.061224489795918366,28,7,128,0,28,9|17|21,hub_localized,49
star,50,0.01,0.03,0.0,0.2,0.1,3.0,0.3,0.12,20,62,0.0,0.061224489795918366,27,7,128,0,27,8|17|22,hub_localized,49
star,50,0.01,0.03,0.0,0.2,0.1,3.0,0.3,0.12,21,63,0.0,0.061224489795918366,26,7,128,0,26,7|17|23,hub_localized,49
star,50,0.01,0.03,0.0,0.2,0.1,3.0,0.3,0.12,22,64,0.0,0.08163265306122448,49,7,1,0,49,6|17|23,hub_localized,49
star,50,0.01,0.03,0.0,0.2,0.1,3.0,0.3,0.12,23,65,0.0,0.08163265306122448,48,7,4,0,48,5|17|23|1,hub_localized,49
star,50,0.01,0.03,0.0,0.2,0.1,3.0,0.3,0.12,24,66,0.0,0.061224489795918366,23,7,128,0,23,4|17|26,hub_localized,49
star,50,0.01,0.03,0.0,0.2,0.1,3.0,0.3,0.12,25,67,0.0,0.08163265306122448,46,7,1,0,46,2|17|23|3,hub_localized,49
star,50,0.01,0.03,0.0,0.2,0.1,3.0,0.3,0.12,26,68,0.0,0.08163265306122448,45,7,1,0,45,1|17|23|4,hub_localized,49
star,50,0.01,0.03,0.0,0.2,0.1,3.0,0.3,0.12,27,69,0.0,0.061224489795918366,44,7,1,0,44,1|17|24|5,hub_localized,49
star,50,0.01,0.03,0.0,0.2,0.1,3.0,0.3,0.12,28,70,0.0,0.061224489795918366,43,7,1,0,43,17|23|6,hub_localized,49
star,50,0.01,0.03,0.0,0.2,0.1,3.0,0.3,0.12,29,71,0.0,0.04081632653061224,18,7,128,0,18,16|31,hub_localized,49
star,50,0.01,0.03,0.0,0.2,0.1,3.0,0.3,0.12,30,72,0.0,0.061224489795918366,41,7,1,0,41,16|23|8,hub_localized,49
star,50,0.01,0.03,0.0,0.2,0.1,3.0,0.3,0.12,31,73,0.0,0.061224489795918366,40,7,4,0,40,15|23|9,hub_localized,49
star,50,0.01,0.03,0.0,0.2,0.1,3.0,0.3,0.12,32,74,0.0,0.061224489795918366,39,7,1,0,39,14|23|10,hub_localized,49
star,50,0.01,0.03,0.0,0.2,0.1,3.0,0.3,0.12,33,75,0.0,0.061224489795918366,38,7,1,0,38,12|23|11,hub_localized,49
star,50,0.01,0.03,0.0,0.2,0.1,3.0,0.3,0.12,34,76,0.0,0.061224489795918366,37,7,1,0,37,12|23|12,hub_localized,49
star,50,0.01,0.03,0.0,0.2,0.1,3.0,0.3,0.12,35,77,0.0,0.04081632653061224,36,6,1,0,36,12|23|13,hub_localized,49
star,50,0.01,0.03,0.0,0.2,0.1,3.0,0.3,0.12,36,78,0.0,0.061224489795918366,35,7,1,0,35,10|23|14,hub_localized,49
star,50,0.01,0.03,0.0,0.2,0.1,3.0,0.3,0.12,37,79,0.0,0.08163265306122448,49,7,1,0,49,9|23|14,hub_localized,49
star,50,0.01,0.03,0.0,0.2,0.1,3.0,0.3,0.12,38,80,0.0,0.061224489795918366,48,7,113,0,48,8|38|1,hub_localized,49
star,50,0.01,0.03,0.0,0.2,0.1,3.0,0.3,0.12,39,81,0.0,0.08163265306122448,47,7,1,0,47,7|23|14|2,hub_localized,49
star,50,0.01,0.03,0.0,0.2,0.1,3.0,0.3,0.12,40,82,0.0,0.061224489795918366,46,7,113,0,46,5|38|3,hub_localized,49
star,50,0.01,0.03,0.0,0.2,0.1,3.0,0.3,0.12,41,83,0.0,0.08163265306122448,45,7,1,0,45,5|23|14|4,hub_localized,49
star,50,0.01,0.03,0.0,0.2,0.1,3.0,0.3,0.12,42,84,0.0,0.08163265306122448,44,7,4,0,44,3|23|14|5,hub_localized,49
star,50,0.01,0.03,0.0,0.2,0.1,3.0,0.3,0.12,43,85,0.0,0.08163265306122448,43,7,1,0,43,2|23|14|6,hub_localized,49
star,50,0.01,0.03,0.0,0.2,0.1,3.0,0.3,0.12,44,86,0.0,0.061224489795918366,42,7,113,0,42,2|38|7,hub_localized,49
star,50,0.01,0.03,0.0,0.2,0.1,3.0,0.3,0.12,45,87,0.0,0.08163265306122448,41,7,1,0,41,1|23|14|8,hub_localized,49
star,50,0.01,0.03,0.0,0.2,0.1,3.0,0.3,0.12,46,88,0.0,0.04081632653061224,40,4,113,0,40,38|9,hub_localized,49
star,50,0.01,0.03,0.0,0.2,0.1,3.0,0.3,0.12,47,89,0.0,0.04081632653061224,39,4,3,0,39,23|14|10,hub_localized,49
star,50,0.01,0.03,0.0,0.2,0.1,3.0,0.3,0.12,48,90,0.0,0.061224489795918366,49,7,1,0,49,23|14|10,hub_localized,49
star,50,0.01,0.03,0.0,0.2,0.1,3.0,0.3,0.12,49,91,0.0,0.061224489795918366,48,7,1,0,48,22|14|10|1,hub_localized,49
random-sparse,50,0.01,0.02,0.0,0.2,0.1,3.0,0.3,0.09,0,42,0.0,0.14285714285714285,46,8,5,0,46,3|4|5|12|4|1|10|3,network_wide,111
random-sparse,50,0.01,0.02,0.0,0.2,0.1,3.0,0.3,0.09,1,43,0.0,0.14285714285714285,45,8,6,0,45,2|4|5|12|4|1|10|4,network_wide,125
random-sparse,50,0.01,0.02,0.0,0.2,0.1,3.0,0.3,0.09,2,44,0.0,0.16326530612244897,45,8,5,0,45,2|4|5|12|4|1|10|4,network_wide,133
random-sparse,50,0.01,0.02,0.0,0.2,0.1,3.0,0.3,0.09,3,45,0.0,0.16326530612244897,44,8,4,0,44,1|4|5|12|4|1|10|5,network_wide,120
random-sparse,50,0.01,0.02,0.0,0.2,0.1,3.0,0.3,0.09,4,46,0.0,0.16326530612244897,49,8,5,0,49,4|5|12|4|1|10|5,network_wide,123
random-sparse,50,0.01,0.02,0.0,0.2,0.1,3.0,0.3,0.09,5,47,0.0,0.14285714285714285,48,8,6,0,48,3|5|12|4|1|10|6|1,network_wide,125
random-sparse,50,0.01,0.02,0.0,0.2,0.1,3.0,0.3,0.09,6,48,0.0,0.16326530612244897,47,8,5,0,47,3|5|12|4|1|10|5|2,network_wide,111
random-sparse,50,0.01,0.02,0.0,0.2,0.1,3.0,0.3,0.09,7,49,0.0,0.16326530612244897,46,8,5,0,46,1|5|12|4|1|10|5|3,network_wide,116
random-sparse,50,0.01,0.02,0.0,0.2,0.1,3.0,0.3,0.09,8,50,0.0,0.14285714285714285,45,8,5,0,45,1|5|12|4|1|10|6|4,network_wide,110
random-sparse,50,0.01,0.02,0.0,0.2,0.1,3.0,0.3,0.09,9,51,0.0,0.10204081632653061,44,8,102,0,44,18|4|1|10|6|5,network_wide,132
random-sparse,50,0.01,0.02,0.0,0.2,0.1,3.0,0.3,0.09,10,52,0.0,0.12244897959183673,43,8,102,0,43,17|4|1|10|5|6,network_wide,127
random-sparse,50,0.01,0.02,0.0,0.2,0.1,3.0,0.3,0.09,11,53,0.0,0.14285714285714285,42,8,6,0,42,3|12|4|1|10|5|7,network_wide,114
random-sparse,50,0.01,0.02,0.0,0.2,0.1,3.0,0.3,0.09,12,54,0.0,0.12244897959183673,41,8,102,0,41,16|4|1|10|5|8,network_wide,128
random-sparse,50,0.01,0.02,0.0,0.2,0.1,3.0,0.3,0.09,13,55,0.0,0.10204081632653061,40,8,102,0,40,14|4|1|10|6|9,network_wide,116
random-sparse,50,0.01,0.02,0.0,0.2,0.1,3.0,0.3,0.09,14,56,0.0,0.14285714285714285,39,8,6,0,39,1|12|4|1|10|5|10,network_wide,114
random-sparse,50,0.01,0.02,0.0,0.2,0.1,3.0,0.3,0.09,15,57,0.0,0.10204081632653061,38,8,102,0,38,12|4|1|10|6|11,network_wide,119
random-sparse,50,0.01,0.02,0.0,0.2,0.1,3.0,0.3,0.09,16,58,0.0,0.12244897959183673,37,8,102,0,37,12|4|1|10|5|12,network_wide,98
random-sparse,50,0.01,0.02,0.0,0.2,0.1,3.0,0.3,0.09,17,59,0.0,0.10204081632653061,36,8,102,0,36,10|4|1|10|6|13,network_wide,120
random-sparse,50,0.01,0.02,0.0,0.2,0.1,3.0,0.3,0.09,18,60,0.0,0.10204081632653061,35,8,102,0,35,10|4|1|10|6|14,network_wide,106
random-sparse,50,0.01,0.02,0.0,0.2,0.1,3.0,0.3,0.09,19,61,0.0,0.10204081632653061,34,8,102,0,34,9|4|1|10|6|15,network_wide,110
random-sparse,50,0.01,0.02,0.0,0.2,0.1,3.0,0.3,0.09,20,62,0.0,0.10204081632653061,33,8,102,0,33,8|4|1|10|6|16,network_wide,114
random-sparse,50,0.01,0.02,0.0,0.2,0.1,3.0,0.3,0.09,21,63,0.0,0.10204081632653061,32,8,102,0,32,7|4|1|10|6|17,network_wide,114
random-sparse,50,0.01,0.02,0.0,0.2,0.1,3.0,0.3,0.09,22,64,0.0,0.12244897959183673,49,8,1,0,49,6|4|1|10|6|17,network_wide,122
random-sparse,50,0.01,0.02,0.0,0.2,0.1,3.0,0.3,0.09,23,65,0.0,0.12244897959183673,48,8,4,0,48,5|4|1|10|6|17|1,network_wide,120
random-sparse,50,0.01,0.02,0.0,0.2,0.1,3.0,0.3,0.09,24,66,0.0,0.12244897959183673,47,8,4,0,47,4|4|1|10|6|17|2,network_wide,103
random-sparse,50,0.01,0.02,0.0,0.2,0.1,3.0,0.3,0.09,25,67,0.0,0.12244897959183673,46,8,1,0,46,2|4|1|10|6|17|3,network_wide,127
random-sparse,50,0.01,0.02,0.0,0.2,0.1,3.0,0.3,0.09,26,68,0.0,0.12244897959183673,45,8,1,0,45,1|4|1|10|6|17|4,network_wide,114
random-sparse,50,0.01,0.02,0.0,0.2,0.1,3.0,0.3,0.09,27,69,0.0,0.12244897959183673,44,8,1,0,44,1|4|1|10|6|17|5,network_wide,105
random-sparse,50,0.01,0.02,0.0,0.2,0.1,3.0,0.3,0.09,28,70,0.0,0.10204081632653061,43,8,1,0,43,4|1|10|6|17|6,network_wide,125
random-sparse,50,0.01,0.02,0.0,0.2,0.1,3.0,0.3,0.09,29,71,0.0,0.10204081632653061,42,8,4,0,42,3|1|10|6|17|7,network_wide,116
random-sparse,50,0.01,0.02,0.0,0.2,0.1,3.0,0.3,0.09,30,72,0.0,0.10204081632653061,41,8,1,0,41,2|1|10|6|17|8,network_wide,108
random-sparse,50,0.01,0.02,0.0,0.2,0.1,3.0,0.3,0.09,31,73,0.0,0.10204081632653061,40,8,3,0,40,2|1|10|6|17|9,network_wide,111
random-sparse,50,0.01,0.02,0.0,0.2,0.1,3.0,0.3,0.09,32,74,0.0,0.12244897959183673,39,8,1,0,39,1|10|5|17|10,network_wide,108
random-sparse,50,0.01,0.02,0.0,0.2,0.1,3.0,0.3,0.09,33,75,0.0,0.08163265306122448,38,8,1,0,38,1|10|6|17|11,network_wide,128
random-sparse,50,0.01,0.02,0.0,0.2,0.1,3.0,0.3,0.09,34,76,0.0,0.08163265306122448,37,8,1,0,37,1|10|6|17|12,network_wide,111
random-sparse,50,0.01,0.02,0.0,0.2,0.1,3.0,0.3,0.09,35,77,0.0,0.061224489795918366,36,8,1,0,36,10|6|17|13,network_wide,131
random-sparse,50,0.01,0.02,0.0,0.2,0.1,3.0,0.3,0.09,36,78,0.0,0.061224489795918366,35,8,1,0,35,9|6|17|14,network_wide,110
random-sparse,50,0.01,0.02,0.0,0.2,0.1,3.0,0.3,0.09,37,79,0.0,0.08163265306122448,49,8,1,0,49,9|6|17|14,network_wide,111
random-sparse,50,0.01,0.02,0.0,0.2,0.1,3.0,0.3,0.09,38,80,0.0,0.061224489795918366,48,8,113,0,48,8|6|32|1,network_wide,110
random-sparse,50,0.01,0.02,0.0,0.2,0.1,3.0,0.3,0.09,39,81,0.0,0.08163265306122448,47,8,1,0,47,7|6|17|14|2,network_wide,117
random-sparse,50,0.01,0.02,0.0,0.2,0.1,3.0,0.3,0.09,40,82,0.0,0.08163265306122448,46,8,4,0,46,5|6|17|14|3,network_wide,108
random-sparse,50,0.01,0.02,0.0,0.2,0.1,3.0,0.3,0.09,41,83,0.0,0.08163265306122448,45,8,1,0,45,5|6|17|14|4,network_wide,105
random-sparse,50,0.01,0.02,0.0,0.2,0.1,3.0,0.3,0.09,42,84,0.0,0.08163265306122448,44,8,4,0,44,3|6|17|14|5,network_wide,131
random-sparse,50,0.01,0.02,0.0,0.2,0.1,3.0,0.3,0.09,43,85,0.0,0.08163265306122448,43,8,1,0,43,2|6|17|14|6,network_wide,110
random-sparse,50,0.01,0.02,0.0,0.2,0.1,3.0,0.3,0.09,44,86,0.0,0.08163265306122448,42,8,4,0,42,2|6|17|14|7,network_wide,124
random-sparse,50,0.01,0.02,0.0,0.2,0.1,3.0,0.3,0.09,45,87,0.0,0.08163265306122448,41,8,1,0,41,1|6|17|14|8,network_wide,126
random-sparse,50,0.01,0.02,0.0,0.2,0.1,3.0,0.3,0.09,46,88,0.0,0.04081632653061224,40,5,113,0,40,6|32|9,network_wide,107
random-sparse,50,0.01,0.02,0.0,0.2,0.1,3.0,0.3,0.09,47,89,0.0,0.061224489795918366,39,5,3,0,39,5|17|14|10,network_wide,117
random-sparse,50,0.01,0.02,0.0,0.2,0.1,3.0,0.3,0.09,48,90,0.0,0.08163265306122448,49,8,1,0,49,4|17|14|10,network_wide,124
random-sparse,50,0.01,0.02,0.0,0.2,0.1,3.0,0.3,0.09,49,91,0.0,0.08163265306122448,48,8,1,0,48,4|17|14|10|1,network_wide,116
random-sparse,50,0.01,0.02,0.0,0.2,0.1,3.0,0.3,0.092,0,42,0.0,0.14285714285714285,46,8,5,0,46,3|4|5|12|4|1|10|3,network_wide,111
random-sparse,50,0.01,0.02,0.0,0.2,0.1,3.0,0.3,0.092,1,43,0.0,0.14285714285714285,45,8,45,0,45,2|4|15|2|4|1|10|4,network_wide,125
random-sparse,50,0.01,0.02,0.0,0.2,0.1,3.0,0.3,0.092,2,44,0.0,0.14285714285714285,44,8,5,0,44,2|4|5|12|4|1|10|5,network_wide,133
random-sparse,50,0.01,0.02,0.0,0.2,0.1,3.0,0.3,0.092,3,45,0.0,0.14285714285714285,43,8,4,0,43,1|4|5|12|4|1|10|6,network_wide,120
random-sparse,50,0.01,0.02,0.0,0.2,0.1,3.0,0.3,0.092,4,46,0.0,0.16326530612244897,49,8,5,0,49,4|5|9|2|4|1|10|6,network_wide,123
random-sparse,50,0.01,0.02,0.0,0.2,0.1,3.0,0.3,0.092,5,47,0.0,0.16326530612244897,48,8,6,0,48,3|5|9|2|4|1|10|6|1,network_wide,125
random-sparse,50,0.01,0.02,0.0,0.2,0.1,3.0,0.3,0.092,6,48,0.0,0.14285714285714285,47,8,5,0,47,3|5|12|4|1|10|6|2,network_wide,111
random-sparse,50,0.01,0.02,0.0,0.2,0.1,3.0,0.3,0.092,7,49,0.0,0.14285714285714285,46,8,5,0,46,1|5|12|4|1|10|6|3,network_wide,116
random-sparse,50,0.01,0.02,0.0,0.2,0.1,3.0,0.3,0.092,8,50,0.0,0.14285714285714285,45,8,5,0,45,1|5|12|4|1|10|6|4,network_wide,110
random-sparse,50,0.01,0.02,0.0,0.2,0.1,3.0,0.3,0.092,9,51,0.0,0.10204081632653061,44,8,102,0,44,18|4|1|10|6|5,network_wide,132
random-sparse,50,0.01,0.02,0.0,0.2,0.1,3.0,0.3,0.092,10,52,0.0,0.12244897959183673,43,8,47,0,43,14|2|4|1|10|6|6,network_wide,127
random-sparse,50,0.01,0.02,0.0,0.2,0.1,3.0,0.3,0.092,11,53,0.0,0.12244897959183673,42,8,6,0,42,3|12|4|1|10|6|7,network_wide,114
random-sparse,50,0.01,0.02,0.0,0.2,0.1,3.0,0.3,0.092,12,54,0.0,0.10204081632653061,41,8,102,0,41,16|4|1|10|6|8,network_wide,128
random-sparse,50,0.01,0.02,0.0,0.2,0.1,3.0,0.3,0.092,13,55,0.0,0.12244897959183673,40,8,47,0,40,11|2|4|1|10|6|9,network_wide,116
random-sparse,50,0.01,0.02,0.0,0.2,0.1,3.0,0.3,0.092,14,56,0.0,0.14285714285714285,39,8,6,0,39,1|9|2|4|1|10|6|10,network_wide,114
random-sparse,50,0.01,0.02,0.0,0.2,0.1,3.0,0.3,0.092,15,57,0.0,0.10204081632653061,38,8,102,0,38,12|4|1|10|6|11,network_wide,119
random-sparse,50,0.01,0.02,0.0,0.2,0.1,3.0,0.3,0.092,16,58,0.0,0.12244897959183673,37,8,47,0,37,9|2|4|1|10|6|12,network_wide,98
random-sparse,50,0.01,0.02,0.0,0.2,0.1,3.0,0.3,0.092,17,59,0.0,0.10204081632653061,36,8,102,0,36,10|4|1|10|6|13,network_wide,120
random-sparse,50,0.01,0.02,0.0,0.2,0.1,3.0,0.3,0.092,18,60,0.0,0.10204081632653061,35,8,102,0,35,10|4|1|10|6|14,network_wide,106
random-sparse,50,0.01,0.02,0.0,0.2,0.1,3.0,0.3,0.092,19,61,0.0,0.12244897959183673,34,8,47,0,34,6|2|4|1|10|6|15,network_wide,110
random-sparse,50,0.01,0.02,0.0,0.2,0.1,3.0,0.3,0.092,20,62,0.0,0.12244897959183673,33,8,47,0,33,5|2|4|1|10|6|16,network_wide,114
random-sparse,50,0.01,0.02,0.0,0.2,0.1,3.0,0.3,0.092,21,63,0.0,0.12244897959183673,32,8,47,0,32,4|2|4|1|10|6|17,network_wide,114
random-sparse,50,0.01,0.02,0.0,0.2,0.1,3.0,0.3,0.092,22,64,0.0,0.12244897959183673,49,8,1,0,49,6|4|1|10|6|17,network_wide,122
random-sparse,50,0.01,0.02,0.0,0.2,0.1,3.0,0.3,0.092,23,65,0.0,0.14285714285714285,48,8,4,0,48,2|2|4|1|10|6|17|1,network_wide,120
random-sparse,50,0.01,0.02,0.0,0.2,0.1,3.0,0.3,0.092,24,66,0.0,0.14285714285714285,47,8,4,0,47,1|2|4|1|10|6|17|2,network_wide,103
random-sparse,50,0.01,0.02,0.0,0.2,0.1,3.0,0.3,0.092,25,67,0.0,0.12244897959183673,46,8,1,0,46,2|4|1|10|6|17|3,network_wide,127
random-sparse,50,0.01,0.02,0.0,0.2,0.1,3.0,0.3,0.092,26,68,0.0,0.12244897959183673,45,8,1,0,45,1|4|1|10|6|17|4,network_wide,114
random-sparse,50,0.01,0.02,0.0,0.2,0.1,3.0,0.3,0.092,27,69,0.0,0.12244897959183673,44,8,1,0,44,1|4|1|10|6|17|5,network_wide,105
random-sparse,50,0.01,0.02,0.0,0.2,0.1,3.0,0.3,0.092,28,70,0.0,0.10204081632653061,43,8,1,0,43,4|1|10|6|17|6,network_wide,125
random-sparse,50,0.01,0.02,0.0,0.2,0.1,3.0,0.3,0.092,29,71,0.0,0.10204081632653061,42,8,4,0,42,3|1|10|6|17|7,network_wide,116
random-sparse,50,0.01,0.02,0.0,0.2,0.1,3.0,0.3,0.092,30,72,0.0,0.10204081632653061,41,8,1,0,41,2|1|10|6|17|8,network_wide,108
random-sparse,50,0.01,0.02,0.0,0.2,0.1,3.0,0.3,0.092,31,73,0.0,0.10204081632653061,40,8,3,0,40,2|1|10|6|17|9,network_wide,111
random-sparse,50,0.01,0.02,0.0,0.2,0.1,3.0,0.3,0.092,32,74,0.0,0.10204081632653061,39,8,1,0,39,1|10|6|17|10,network_wide,108
random-sparse,50,0.01,0.02,0.0,0.2,0.1,3.0,0.3,0.092,33,75,0.0,0.08163265306122448,38,8,1,0,38,1|10|6|17|11,network_wide,128
random-sparse,50,0.01,0.02,0.0,0.2,0.1,3.0,0.3,0.092,34,76,0.0,0.08163265306122448,37,8,1,0,37,1|10|6|17|12,network_wide,111
random-sparse,50,0.01,0.02,0.0,0.2,0.1,3.0,0.3,0.092,35,77,0.0,0.061224489795918366,36,8,1,0,36,10|6|17|13,network_wide,131
random-sparse,50,0.01,0.02,0.0,0.2,0.1,3.0,0.3,0.092,36,78,0.0,0.061224489795918366,35,8,1,0,35,9|6|17|14,network_wide,110
random-sparse,50,0.01,0.02,0.0,0.2,0.1,3.0,0.3,0.092,37,79,0.0,0.08163265306122448,49,8,1,0,49,9|6|17|14,network_wide,111
random-sparse,50,0.01,0.02,0.0,0.2,0.1,3.0,0.3,0.092,38,80,0.0,0.061224489795918366,48,8,113,0,48,8|6|32|1,network_wide,110
random-sparse,50,0.01,0.02,0.0,0.2,0.1,3.0,0.3,0.092,39,81,0.0,0.08163265306122448,47,8,1,0,47,7|6|17|14|2,network_wide,117
random-sparse,50,0.01,0.02,0.0,0.2,0.1,3.0,0.3,0.092,40,82,0.0,0.08163265306122448,46,8,4,0,46,5|6|17|14|3,network_wide,108
random-sparse,50,0.01,0.02,0.0,0.2,0.1,3.0,0.3,0.092,41,83,0.0,0.08163265306122448,45,8,1,0,45,5|6|17|14|4,network_wide,105
random-sparse,50,0.01,0.02,0.0,0.2,0.1,3.0,0.3,0.092,42,84,0.0,0.08163265306122448,44,8,4,0,44,3|6|17|14|5,network_wide,131
random-sparse,50,0.01,0.02,0.0,0.2,0.1,3.0,0.3,0.092,43,85,0.0,0.08163265306122448,43,8,1,0,43,2|6|17|14|6,network_wide,110
random-sparse,50,0.01,0.02,0.0,0.2,0.1,3.0,0.3,0.092,44,86,0.0,0.08163265306122448,42,8,4,0,42,2|6|17|14|7,network_wide,124
random-sparse,50,0.01,0.02,0.0,0.2,0.1,3.0,0.3,0.092,45,87,0.0,0.08163265306122448,41,8,1,0,41,1|6|17|14|8,network_wide,126
random-sparse,50,0.01,0.02,0.0,0.2,0.1,3.0,0.3,0.092,46,88,0.0,0.04081632653061224,40,5,113,0,40,6|32|9,network_wide,107
random-sparse,50,0.01,0.02,0.0,0.2,0.1,3.0,0.3,0.092,47,89,0.0,0.061224489795918366,39,5,3,0,39,5|17|14|10,network_wide,117
random-sparse,50,0.01,0.02,0.0,0.2,0.1,3.0,0.3,0.092,48,90,0.0,0.08163265306122448,49,8,1,0,49,4|17|14|10,network_wide,124
random-sparse,50,0.01,0.02,0.0,0.2,0.1,3.0,0.3,0.092,49,91,0.0,0.08163265306122448,48,8,1,0,48,4|17|14|10|1,network_wide,116
random-sparse,50,0.01,0.02,0.0,0.2,0.1,3.0,0.3,0.094,0,42,0.0,0.14285714285714285,46,8,5,0,46,3|10|9|2|4|1|10|3,network_wide,111
random-sparse,50,0.01,0.02,0.0,0.2,0.1,3.0,0.3,0.094,1,43,0.0,0.12244897959183673,46,8,45,0,46,2|23|4|1|10|3,network_wide,125
random-sparse,50,0.01,0.02,0.0,0.2,0.1,3.0,0.3,0.094,2,44,0.0,0.12244897959183673,44,8,5,0,44,2|10|12|4|1|10|5,network_wide,133
random-sparse,50,0.01,0.02,0.0,0.2,0.1,3.0,0.3,0.094,3,45,0.0,0.16326530612244897,43,8,5,0,43,1|4|5|9|2|4|1|10|6,network_wide,120
random-sparse,50,0.01,0.02,0.0,0.2,0.1,3.0,0.3,0.094,4,46,0.0,0.12244897959183673,49,8,5,0,49,10|12|4|1|10|6,network_wide,123
random-sparse,50,0.01,0.02,0.0,0.2,0.1,3.0,0.3,0.094,5,47,0.0,0.10204081632653061,48,8,102,0,48,22|4|1|10|6|1,network_wide,125
random-sparse,50,0.01,0.02,0.0,0.2,0.1,3.0,0.3,0.094,6,48,0.0,0.12244897959183673,47,8,5,0,47,9|12|4|1|10|6|2,network_wide,111
random-sparse,50,0.01,0.02,0.0,0.2,0.1,3.0,0.3,0.094,7,49,0.0,0.14285714285714285,46,8,6,0,46,1|5|12|4|1|10|6|3,network_wide,116
random-sparse,50,0.01,0.02,0.0,0.2,0.1,3.0,0.3,0.094,8,50,0.0,0.14285714285714285,45,8,6,0,45,1|5|12|4|1|10|6|4,network_wide,110
random-sparse,50,0.01,0.02,0.0,0.2,0.1,3.0,0.3,0.094,9,51,0.0,0.10204081632653061,44,8,102,0,44,18|4|1|10|6|5,network_wide,132
random-sparse,50,0.01,0.02,0.0,0.2,0.1,3.0,0.3,0.094,10,52,0.0,0.10204081632653061,43,8,102,0,43,17|4|1|10|6|6,network_wide,127
random-sparse,50,0.01,0.02,0.0,0.2,0.1,3.0,0.3,0.094,11,53,0.0,0.12244897959183673,42,8,6,0,42,3|12|4|1|10|6|7,network_wide,114
random-sparse,50,0.01,0.02,0.0,0.2,0.1,3.0,0.3,0.094,12,54,0.0,0.12244897959183673,41,8,48,0,41,13|2|4|1|10|6|8,network_wide,128
random-sparse,50,0.01,0.02,0.0,0.2,0.1,3.0,0.3,0.094,13,55,0.0,0.10204081632653061,40,8,102,0,40,14|4|1|10|6|9,network_wide,116
random-sparse,50,0.01,0.02,0.0,0.2,0.1,3.0,0.3,0.094,14,56,0.0,0.10204081632653061,39,8,102,0,39,14|4|1|10|6|10,network_wide,114
random-sparse,50,0.01,0.02,0.0,0.2,0.1,3.0,0.3,0.094,15,57,0.0,0.10204081632653061,38,8,102,0,38,12|4|1|10|6|11,network_wide,119
random-sparse,50,0.01,0.02,0.0,0.2,0.1,3.0,0.3,0.094,16,58,0.0,0.10204081632653061,37,8,102,0,37,12|4|1|10|6|12,network_wide,98
random-sparse,50,0.01,0.02,0.0,0.2,0.1,3.0,0.3,0.094,17,59,0.0,0.10204081632653061,36,8,102,0,36,10|4|1|10|6|13,network_wide,120
random-sparse,50,0.01,0.02,0.0,0.2,0.1,3.0,0.3,0.094,18,60,0.0,0.10204081632653061,35,8,102,0,35,10|4|1|10|6|14,network_wide,106
random-sparse,50,0.01,0.02,0.0,0.2,0.1,3.0,0.3,0.094,19,61,0.0,0.10204081632653061,34,8,102,0,34,9|4|1|10|6|15,network_wide,110
random-sparse,50,0.01,0.02,0.0,0.2,0.1,3.0,0.3,0.094,20,62,0.0,0.10204081632653061,33,8,102,0,33,8|4|1|10|6|16,network_wide,114
random-sparse,50,0.01,0.02,0.0,0.2,0.1,3.0,0.3,0.094,21,63,0.0,0.10204081632653061,32,8,102,0,32,7|4|1|10|6|17,network_wide,114
random-sparse,50,0.01,0.02,0.0,0.2,0.1,3.0,0.3,0.094,22,64,0.0,0.12244897959183673,49,8,1,0,49,6|4|1|10|6|17,network_wide,122
random-sparse,50,0.01,0.02,0.0,0.2,0.1,3.0,0.3,0.094,23,65,0.0,0.14285714285714285,48,8,4,0,48,2|2|4|1|10|6|17|1,network_wide,120
random-sparse,50,0.01,0.02,0.0,0.2,0.1,3.0,0.3,0.094,24,66,0.0,0.14285714285714285,47,8,4,0,47,1|2|4|1|10|6|17|2,network_wide,103
random-sparse,50,0.01,0.02,0.0,0.2,0.1,3.0,0.3,0.094,25,67,0.0,0.12244897959183673,46,8,1,0,46,2|4|1|10|6|17|3,network_wide,127
random-sparse,50,0.01,0.02,0.0,0.2,0.1,3.0,0.3,0.094,26,68,0.0,0.12244897959183673,45,8,1,0,45,1|4|1|10|6|17|4,network_wide,114
random-sparse,50,0.01,0.02,0.0,0.2,0.1,3.0,0.3,0.094,27,69,0.0,0.12244897959183673,44,8,1,0,44,1|4|1|10|6|17|5,network_wide,105
random-sparse,50,0.01,0.02,0.0,0.2,0.1,3.0,0.3,0.094,28,70,0.0,0.10204081632653061,43,8,1,0,43,4|1|10|6|17|6,network_wide,125
random-sparse,50,0.01,0.02,0.0,0.2,0.1,3.0,0.3,0.094,29,71,0.0,0.10204081632653061,42,8,4,0,42,3|1|10|6|17|7,network_wide,116
random-sparse,50,0.01,0.02,0.0,0.2,0.1,3.0,0.3,0.094,30,72,0.0,0.10204081632653061,41,8,1,0,41,2|1|10|6|17|8,network_wide,108
random-sparse,50,0.01,0.02,0.0,0.2,0.1,3.0,0.3,0.094,31,73,0.0,0.10204081632653061,40,8,3,0,40,2|1|10|6|17|9,network_wide,111
random-sparse,50,0.01,0.02,0.0,0.2,0.1,3.0,0.3,0.094,32,74,0.0,0.10204081632653061,39,8,1,0,39,1|10|6|17|10,network_wide,108
random-sparse,50,0.01,0.02,0.0,0.2,0.1,3.0,0.3,0.094,33,75,0.0,0.08163265306122448,38,8,1,0,38,1|10|6|17|11,network_wide,128
random-sparse,50,0.01,0.02,0.0,0.2,0.1,3.0,0.3,0.094,34,76,0.0,0.08163265306122448,37,8,1,0,37,1|10|6|17|12,network_wide,111
random-sparse,50,0.01,0.02,0.0,0.2,0.1,3.0,0.3,0.094,35,77,0.0,0.061224489795918366,36,8,1,0,36,10|6|17|13,network_wide,131
random-sparse,50,0.01,0.02,0.0,0.2,0.1,3.0,0.3,0.094,36,78,0.0,0.061224489795918366,35,8,1,0,35,9|6|17|14,network_wide,110
random-sparse,50,0.01,0.02,0.0,0.2,0.1,3.0,0.3,0.094,37,79,0.0,0.08163265306122448,49,8,1,0,49,9|6|17|14,network_wide,111
random-sparse,50,0.01,0.02,0.0,0.2,0.1,3.0,0.3,0.094,38,80,0.0,0.061224489795918366,48,8,113,0,48,8|6|32|1,network_wide,110
random-sparse,50,0.01,0.02,0.0,0.2,0.1,3.0,0.3,0.094,39,81,0.0,0.08163265306122448,47,8,1,0,47,7|6|17|14|2,network_wide,117
random-sparse,50,0.01,0.02,0.0,0.2,0.1,3.0,0.3,0.094,40,82,0.0,0.08163265306122448,46,8,4,0,46,5|6|17|14|3,network_wide,108
random-sparse,50,0.01,0.02,0.0,0.2,0.1,3.0,0.3,0.094,41,83,0.0,0.08163265306122448,45,8,1,0,45,5|6|17|14|4,network_wide,105
random-sparse,50,0.01,0.02,0.0,0.2,0.1,3.0,0.3,0.094,42,84,0.0,0.08163265306122448,44,8,4,0,44,3|6|17|14|5,network_wide,131
random-sparse,50,0.01,0.02,0.0,0.2,0.1,3.0,0.3,0.094,43,85,0.0,0.08163265306122448,43,8,1,0,43,2|6|17|14|6,network_wide,110
random-sparse,50,0.01,0.02,0.0,0.2,0.1,3.0,0.3,0.094,44,86,0.0,0.08163265306122448,42,8,4,0,42,2|6|17|14|7,network_wide,124
random-sparse,50,0.01,0.02,0.0,0.2,0.1,3.0,0.3,0.094,45,87,0.0,0.08163265306122448,41,8,1,0,41,1|6|17|14|8,network_wide,126
random-sparse,50,0.01,0.02,0.0,0.2,0.1,3.0,0.3,0.094,46,88,0.0,0.04081632653061224,40,4,113,0,40,6|32|9,network_wide,107
random-sparse,50,0.01,0.02,0.0,0.2,0.1,3.0,0.3,0.094,47,89,0.0,0.061224489795918366,39,5,3,0,39,5|17|14|10,network_wide,117
random-sparse,50,0.01,0.02,0.0,0.2,0.1,3.0,0.3,0.094,48,90,0.0,0.08163265306122448,49,8,1,0,49,4|17|14|10,network_wide,124
random-sparse,50,0.01,0.02,0.0,0.2,0.1,3.0,0.3,0.094,49,91,0.0,0.08163265306122448,48,8,1,0,48,4|17|14|10|1,network_wide,116
random-sparse,50,0.01,0.02,0.0,0.2,0.1,3.0,0.3,0.096,0,42,0.0,0.12244897959183673,47,8,5,0,47,3|10|12|6|10|2,network_wide,111
random-sparse,50,0.01,0.02,0.0,0.2,0.1,3.0,0.3,0.096,1,43,0.0,0.10204081632653061,46,8,45,0,46,2|23|6|10|3,network_wide,125
random-sparse,50,0.01,0.02,0.0,0.2,0.1,3.0,0.3,0.096,2,44,0.0,0.10204081632653061,44,8,5,0,44,2|10|12|6|10|5,network_wide,133
random-sparse,50,0.01,0.02,0.0,0.2,0.1,3.0,0.3,0.096,3,45,0.0,0.12244897959183673,44,8,5,0,44,1|10|12|6|10|5,network_wide,120
random-sparse,50,0.01,0.02,0.0,0.2,0.1,3.0,0.3,0.096,4,46,0.0,0.10204081632653061,49,8,5,0,49,10|12|6|10|6,network_wide,123
random-sparse,50,0.01,0.02,0.0,0.2,0.1,3.0,0.3,0.096,5,47,0.0,0.10204081632653061,48,8,102,0,48,22|6|10|5|1,network_wide,125
random-sparse,50,0.01,0.02,0.0,0.2,0.1,3.0,0.3,0.096,6,48,0.0,0.10204081632653061,47,8,5,0,47,9|12|6|10|6|2,network_wide,111
random-sparse,50,0.01,0.02,0.0,0.2,0.1,3.0,0.3,0.096,7,49,0.0,0.12244897959183673,46,8,6,0,46,7|12|6|10|5|3,network_wide,116
random-sparse,50,0.01,0.02,0.0,0.2,0.1,3.0,0.3,0.096,8,50,0.0,0.12244897959183673,45,8,6,0,45,7|12|6|10|5|4,network_wide,110
random-sparse,50,0.01,0.02,0.0,0.2,0.1,3.0,0.3,0.096,9,51,0.0,0.10204081632653061,44,8,102,0,44,19|6|10|5|5,network_wide,132
random-sparse,50,0.01,0.02,0.0,0.2,0.1,3.0,0.3,0.096,10,52,0.0,0.08163265306122448,43,8,102,0,43,17|6|10|6|6,network_wide,127
random-sparse,50,0.01,0.02,0.0,0.2,0.1,3.0,0.3,0.096,11,53,0.0,0.08163265306122448,42,8,102,0,42,16|6|10|6|7,network_wide,114
random-sparse,50,0.01,0.02,0.0,0.2,0.1,3.0,0.3,0.096,12,54,0.0,0.10204081632653061,41,8,102,0,41,16|6|10|5|8,network_wide,128
random-sparse,50,0.01,0.02,0.0,0.2,0.1,3.0,0.3,0.096,13,55,0.0,0.10204081632653061,40,8,102,0,40,14|6|10|5|9,network_wide,116
random-sparse,50,0.01,0.02,0.0,0.2,0.1,3.0,0.3,0.096,14,56,0.0,0.10204081632653061,39,8,102,0,39,14|6|10|5|10,network_wide,114
random-sparse,50,0.01,0.02,0.0,0.2,0.1,3.0,0.3,0.096,15,57,0.0,0.10204081632653061,38,8,102,0,38,12|6|10|5|11,network_wide,119
random-sparse,50,0.01,0.02,0.0,0.2,0.1,3.0,0.3,0.096,16,58,0.0,0.08163265306122448,37,8,102,0,37,12|6|10|6|12,network_wide,98
random-sparse,50,0.01,0.02,0.0,0.2,0.1,3.0,0.3,0.096,17,59,0.0,0.10204081632653061,36,8,102,0,36,10|6|10|5|13,network_wide,120
random-sparse,50,0.01,0.02,0.0,0.2,0.1,3.0,0.3,0.096,18,60,0.0,0.10204081632653061,35,8,102,0,35,10|6|10|5|14,network_wide,106
random-sparse,50,0.01,0.02,0.0,0.2,0.1,3.0,0.3,0.096,19,61,0.0,0.10204081632653061,34,8,102,0,34,9|6|10|5|15,network_wide,110
random-sparse,50,0.01,0.02,0.0,0.2,0.1,3.0,0.3,0.096,20,62,0.0,0.10204081632653061,33,8,102,0,33,8|6|10|5|16,network_wide,114
random-sparse,50,0.01,0.02,0.0,0.2,0.1,3.0,0.3,0.096,21,63,0.0,0.10204081632653061,32,8,102,0,32,7|6|10|5|17,network_wide,114
random-sparse,50,0.01,0.02,0.0,0.2,0.1,3.0,0.3,0.096,22,64,0.0,0.12244897959183673,49,8,1,0,49,6|6|10|5|17,network_wide,122
random-sparse,50,0.01,0.02,0.0,0.2,0.1,3.0,0.3,0.096,23,65,0.0,0.12244897959183673,48,8,4,0,48,5|6|10|5|17|1,network_wide,120
random-sparse,50,0.01,0.02,0.0,0.2,0.1,3.0,0.3,0.096,24,66,0.0,0.12244897959183673,47,8,4,0,47,4|6|10|5|17|2,network_wide,103
random-sparse,50,0.01,0.02,0.0,0.2,0.1,3.0,0.3,0.096,25,67,0.0,0.12244897959183673,46,8,1,0,46,2|6|10|5|17|3,network_wide,127
random-sparse,50,0.01,0.02,0.0,0.2,0.1,3.0,0.3,0.096,26,68,0.0,0.12244897959183673,45,8,1,0,45,1|6|10|5|17|4,network_wide,114
random-sparse,50,0.01,0.02,0.0,0.2,0.1,3.0,0.3,0.096,27,69,0.0,0.12244897959183673,44,8,1,0,44,1|6|10|5|17|5,network_wide,105
random-sparse,50,0.01,0.02,0.0,0.2,0.1,3.0,0.3,0.096,28,70,0.0,0.10204081632653061,43,8,1,0,43,6|10|5|17|6,network_wide,125
random-sparse,50,0.01,0.02,0.0,0.2,0.1,3.0,0.3,0.096,29,71,0.0,0.10204081632653061,42,8,4,0,42,5|10|5|17|7,network_wide,116
random-sparse,50,0.01,0.02,0.0,0.2,0.1,3.0,0.3,0.096,30,72,0.0,0.10204081632653061,41,8,1,0,41,4|10|5|17|8,network_wide,108
random-sparse,50,0.01,0.02,0.0,0.2,0.1,3.0,0.3,0.096,31,73,0.0,0.10204081632653061,40,8,3,0,40,4|10|5|17|9,network_wide,111
random-sparse,50,0.01,0.02,0.0,0.2,0.1,3.0,0.3,0.096,32,74,0.0,0.10204081632653061,39,8,1,0,39,2|10|5|17|10,network_wide,108
random-sparse,50,0.01,0.02,0.0,0.2,0.1,3.0,0.3,0.096,33,75,0.0,0.10204081632653061,38,8,1,0,38,1|10|5|17|11,network_wide,128
random-sparse,50,0.01,0.02,0.0,0.2,0.1,3.0,0.3,0.096,34,76,0.0,0.10204081632653061,37,8,1,0,37,1|10|5|17|12,network_wide,111
random-sparse,50,0.01,0.02,0.0,0.2,0.1,3.0,0.3,0.096,35,77,0.0,0.08163265306122448,36,8,1,0,36,10|5|17|13,network_wide,131
random-sparse,50,0.01,0.02,0.0,0.2,0.1,3.0,0.3,0.096,36,78,0.0,0.08163265306122448,35,8,1,0,35,9|5|17|14,network_wide,110
random-sparse,50,0.01,0.02,0.0,0.2,0.1,3.0,0.3,0.096,37,79,0.0,0.10204081632653061,49,8,1,0,49,9|5|17|14,network_wide,111
random-sparse,50,0.01,0.02,0.0,0.2,0.1,3.0,0.3,0.096,38,80,0.0,0.08163265306122448,48,8,113,0,48,8|5|32|1,network_wide,110
random-sparse,50,0.01,0.02,0.0,0.2,0.1,3.0,0.3,0.096,39,81,0.0,0.10204081632653061,47,8,1,0,47,7|5|17|14|2,network_wide,117
random-sparse,50,0.01,0.02,0.0,0.2,0.1,3.0,0.3,0.096,40,82,0.0,0.10204081632653061,46,8,4,0,46,5|5|17|14|3,network_wide,108
random-sparse,50,0.01,0.02,0.0,0.2,0.1,3.0,0.3,0.096,41,83,0.0,0.10204081632653061,45,8,1,0,45,5|5|17|14|4,network_wide,105
random-sparse,50,0.01,0.02,0.0,0.2,0.1,3.0,0.3,0.096,42,84,0.0,0.10204081632653061,44,8,4,0,44,3|5|17|14|5,network_wide,131
random-sparse,50,0.01,0.02,0.0,0.2,0.1,3.0,0.3,0.096,43,85,0.0,0.10204081632653061,43,8,1,0,43,2|5|17|14|6,network_wide,110
random-sparse,50,0.01,0.02,0.0,0.2,0.1,3.0,0.3,0.096,44,86,0.0,0.10204081632653061,42,8,4,0,42,2|5|17|14|7,network_wide,124
random-sparse,50,0.01,0.02,0.0,0.2,0.1,3.0,0.3,0.096,45,87,0.0,0.10204081632653061,41,8,1,0,41,1|5|17|14|8,network_wide,126
random-sparse,50,0.01,0.02,0.0,0.2,0.1,3.0,0.3,0.096,46,88,0.0,0.061224489795918366,40,4,113,0,40,5|32|9,network_wide,107
random-sparse,50,0.01,0.02,0.0,0.2,0.1,3.0,0.3,0.096,47,89,0.0,0.061224489795918366,39,5,3,0,39,5|17|14|10,network_wide,117
random-sparse,50,0.01,0.02,0.0,0.2,0.1,3.0,0.3,0.096,48,90,0.0,0.08163265306122448,49,7,1,0,49,4|17|14|10,network_wide,124
random-sparse,50,0.01,0.02,0.0,0.2,0.1,3.0,0.3,0.096,49,91,0.0,0.08163265306122448,48,7,1,0,48,4|17|14|10|1,network_wide,116
random-sparse,50,0.01,0.02,0.0,0.2,0.1,3.0,0.3,0.098,0,42,0.0,0.12244897959183673,47,8,5,0,47,3|10|12|6|10|2,network_wide,111
random-sparse,50,0.01,0.02,0.0,0.2,0.1,3.0,0.3,0.098,1,43,0.0,0.10204081632653061,46,8,45,0,46,2|23|6|10|3,network_wide,125
random-sparse,50,0.01,0.02,0.0,0.2,0.1,3.0,0.3,0.098,2,44,0.0,0.12244897959183673,45,8,5,0,45,2|10|12|6|10|4,network_wide,133
random-sparse,50,0.01,0.02,0.0,0.2,0.1,3.0,0.3,0.098,3,45,0.0,0.12244897959183673,44,8,5,0,44,1|10|12|6|10|5,network_wide,120
random-sparse,50,0.01,0.02,0.0,0.2,0.1,3.0,0.3,0.098,4,46,0.0,0.12244897959183673,49,8,5,0,49,10|12|6|10|5,network_wide,123
random-sparse,50,0.01,0.02,0.0,0.2,0.1,3.0,0.3,0.098,5,47,0.0,0.10204081632653061,48,8,102,0,48,22|6|10|5|1,network_wide,125
random-sparse,50,0.01,0.02,0.0,0.2,0.1,3.0,0.3,0.098,6,48,0.0,0.12244897959183673,47,8,5,0,47,9|12|6|10|5|2,network_wide,111
random-sparse,50,0.01,0.02,0.0,0.2,0.1,3.0,0.3,0.098,7,49,0.0,0.10204081632653061,46,8,102,0,46,20|6|10|5|3,network_wide,116
random-sparse,50,0.01,0.02,0.0,0.2,0.1,3.0,0.3,0.098,8,50,0.0,0.12244897959183673,45,8,6,0,45,7|12|6|10|5|4,network_wide,110
random-sparse,50,0.01,0.02,0.0,0.2,0.1,3.0,0.3,0.098,9,51,0.0,0.10204081632653061,44,8,102,0,44,19|6|10|5|5,network_wide,132
random-sparse,50,0.01,0.02,0.0,0.2,0.1,3.0,0.3,0.098,10,52,0.0,0.08163265306122448,43,8,102,0,43,17|6|10|6|6,network_wide,127
random-sparse,50,0.01,0.02,0.0,0.2,0.1,3.0,0.3,0.098,11,53,0.0,0.10204081632653061,42,8,102,0,42,16|6|10|5|7,network_wide,114
random-sparse,50,0.01,0.02,0.0,0.2,0.1,3.0,0.3,0.098,12,54,0.0,0.10204081632653061,41,8,102,0,41,16|6|10|5|8,network_wide,128
random-sparse,50,0.01,0.02,0.0,0.2,0.1,3.0,0.3,0.098,13,55,0.0,0.10204081632653061,40,8,102,0,40,14|6|10|5|9,network_wide,116
random-sparse,50,0.01,0.02,0.0,0.2,0.1,3.0,0.3,0.098,14,56,0.0,0.10204081632653061,39,8,102,0,39,14|6|10|5|10,network_wide,114
random-sparse,50,0.01,0.02,0.0,0.2,0.1,3.0,0.3,0.098,15,57,0.0,0.10204081632653061,38,8,102,0,38,12|6|10|5|11,network_wide,119
random-sparse,50,0.01,0.02,0.0,0.2,0.1,3.0,0.3,0.098,16,58,0.0,0.10204081632653061,37,8,102,0,37,12|6|10|5|12,network_wide,98
random-sparse,50,0.01,0.02,0.0,0.2,0.1,3.0,0.3,0.098,17,59,0.0,0.10204081632653061,36,8,102,0,36,10|6|10|5|13,network_wide,120
random-sparse,50,0.01,0.02,0.0,0.2,0.1,3.0,0.3,0.098,18,60,0.0,0.10204081632653061,35,8,102,0,35,10|6|10|5|14,network_wide,106
random-sparse,50,0.01,0.02,0.0,0.2,0.1,3.0,0.3,0.098,19,61,0.0,0.10204081632653061,34,8,102,0,34,9|6|10|5|15,network_wide,110
random-sparse,50,0.01,0.02,0.0,0.2,0.1,3.0,0.3,0.098,20,62,0.0,0.10204081632653061,33,8,102,0,33,8|6|10|5|16,network_wide,114
random-sparse,50,0.01,0.02,0.0,0.2,0.1,3.0,0.3,0.098,21,63,0.0,0.10204081632653061,32,8,102,0,32,7|6|10|5|17,network_wide,114
random-sparse,50,0.01,0.02,0.0,0.2,0.1,3.0,0.3,0.098,22,64,0.0,0.12244897959183673,49,8,1,0,49,6|6|10|5|17,network_wide,122
random-sparse,50,0.01,0.02,0.0,0.2,0.1,3.0,0.3,0.098,23,65,0.0,0.12244897959183673,48,8,4,0,48,5|6|10|5|17|1,network_wide,120
random-sparse,50,0.01,0.02,0.0,0.2,0.1,3.0,0.3,0.098,24,66,0.0,0.12244897959183673,47,8,4,0,47,4|6|10|5|17|2,network_wide,103
random-sparse,50,0.01,0.02,0.0,0.2,0.1,3.0,0.3,0.098,25,67,0.0,0.12244897959183673,46,8,1,0,46,2|6|10|5|17|3,network_wide,127
random-sparse,50,0.01,0.02,0.0,0.2,0.1,3.0,0.3,0.098,26,68,0.0,0.12244897959183673,45,8,1,0,45,1|6|10|5|17|4,network_wide,114
random-sparse,50,0.01,0.02,0.0,0.2,0.1,3.0,0.3,0.098,27,69,0.0,0.12244897959183673,44,8,1,0,44,1|6|10|5|17|5,network_wide,105
random-sparse,50,0.01,0.02,0.0,0.2,0.1,3.0,0.3,0.098,28,70,0.0,0.10204081632653061,43,8,1,0,43,6|10|5|17|6,network_wide,125
random-sparse,50,0.01,0.02,0.0,0.2,0.1,3.0,0.3,0.098,29,71,0.0,0.10204081632653061,42,8,4,0,42,5|10|5|17|7,network_wide,116
random-sparse,50,0.01,0.02,0.0,0.2,0.1,3.0,0.3,0.098,30,72,0.0,0.10204081632653061,41,8,1,0,41,4|10|5|17|8,network_wide,108
random-sparse,50,0.01,0.02,0.0,0.2,0.1,3.0,0.3,0.098,31,73,0.0,0.10204081632653061,40,8,3,0,40,4|10|5|17|9,network_wide,111
random-sparse,50,0.01,0.02,0.0,0.2,0.1,3.0,0.3,0.098,32,74,0.0,0.10204081632653061,39,8,1,0,39,2|10|5|17|10,network_wide,108
random-sparse,50,0.01,0.02,0.0,0.2,0.1,3.0,0.3,0.098,33,75,0.0,0.10204081632653061,38,8,1,0,38,1|10|5|17|11,network_wide,128
random-sparse,50,0.01,0.02,0.0,0.2,0.1,3.0,0.3,0.098,34,76,0.0,0.10204081632653061,37,8,1,0,37,1|10|5|17|12,network_wide,111
random-sparse,50,0.01,0.02,0.0,0.2,0.1,3.0,0.3,0.098,35,77,0.0,0.08163265306122448,36,8,1,0,36,10|5|17|13,network_wide,131
random-sparse,50,0.01,0.02,0.0,0.2,0.1,3.0,0.3,0.098,36,78,0.0,0.08163265306122448,35,8,1,0,35,9|5|17|14,network_wide,110
random-sparse,50,0.01,0.02,0.0,0.2,0.1,3.0,0.3,0.098,37,79,0.0,0.10204081632653061,49,8,1,0,49,9|5|17|14,network_wide,111
random-sparse,50,0.01,0.02,0.0,0.2,0.1,3.0,0.3,0.098,38,80,0.0,0.08163265306122448,48,8,113,0,48,8|5|32|1,network_wide,110
random-sparse,50,0.01,0.02,0.0,0.2,0.1,3.0,0.3,0.098,39,81,0.0,0.10204081632653061,47,8,1,0,47,7|5|17|14|2,network_wide,117
random-sparse,50,0.01,0.02,0.0,0.2,0.1,3.0,0.3,0.098,40,82,0.0,0.10204081632653061,46,8,4,0,46,5|5|17|14|3,network_wide,108
random-sparse,50,0.01,0.02,0.0,0.2,0.1,3.0,0.3,0.098,41,83,0.0,0.10204081632653061,45,8,1,0,45,5|5|17|14|4,network_wide,105
random-sparse,50,0.01,0.02,0.0,0.2,0.1,3.0,0.3,0.098,42,84,0.0,0.10204081632653061,44,8,4,0,44,3|5|17|14|5,network_wide,131
random-sparse,50,0.01,0.02,0.0,0.2,0.1,3.0,0.3,0.098,43,85,0.0,0.10204081632653061,43,8,1,0,43,2|5|17|14|6,network_wide,110
random-sparse,50,0.01,0.02,0.0,0.2,0.1,3.0,0.3,0.098,44,86,0.0,0.10204081632653061,42,8,4,0,42,2|5|17|14|7,network_wide,124
random-sparse,50,0.01,0.02,0.0,0.2,0.1,3.0,0.3,0.098,45,87,0.0,0.10204081632653061,41,8,1,0,41,1|5|17|14|8,network_wide,126
random-sparse,50,0.01,0.02,0.0,0.2,0.1,3.0,0.3,0.098,46,88,0.0,0.061224489795918366,40,4,113,0,40,5|32|9,network_wide,107
random-sparse,50,0.01,0.02,0.0,0.2,0.1,3.0,0.3,0.098,47,89,0.0,0.061224489795918366,39,5,3,0,39,5|17|14|10,network_wide,117
random-sparse,50,0.01,0.02,0.0,0.2,0.1,3.0,0.3,0.098,48,90,0.0,0.08163265306122448,49,7,1,0,49,4|17|14|10,network_wide,124
random-sparse,50,0.01,0.02,0.0,0.2,0.1,3.0,0.3,0.098,49,91,0.0,0.08163265306122448,48,7,1,0,48,4|17|14|10|1,network_wide,116
random-sparse,50,0.01,0.02,0.0,0.2,0.1,3.0,0.3,0.1,0,42,0.0,0.12244897959183673,47,8,5,0,47,3|10|12|6|10|2,network_wide,111
random-sparse,50,0.01,0.02,0.0,0.2,0.1,3.0,0.3,0.1,1,43,0.0,0.10204081632653061,46,8,45,0,46,2|23|6|10|3,network_wide,125
random-sparse,50,0.01,0.02,0.0,0.2,0.1,3.0,0.3,0.1,2,44,0.0,0.12244897959183673,45,8,5,0,45,2|10|12|6|10|4,network_wide,133
random-sparse,50,0.01,0.02,0.0,0.2,0.1,3.0,0.3,0.1,3,45,0.0,0.12244897959183673,44,8,5,0,44,1|10|12|6|10|5,network_wide,120
random-sparse,50,0.01,0.02,0.0,0.2,0.1,3.0,0.3,0.1,4,46,0.0,0.12244897959183673,49,8,5,0,49,10|12|6|10|5,network_wide,123
random-sparse,50,0.01,0.02,0.0,0.2,0.1,3.0,0.3,0.1,5,47,0.0,0.10204081632653061,48,8,102,0,48,22|6|10|5|1,network_wide,125
random-sparse,50,0.01,0.02,0.0,0.2,0.1,3.0,0.3,0.1,6,48,0.0,0.12244897959183673,47,8,5,0,47,9|12|6|10|5|2,network_wide,111
random-sparse,50,0.01,0.02,0.0,0.2,0.1,3.0,0.3,0.1,7,49,0.0,0.10204081632653061,46,8,102,0,46,20|6|10|5|3,network_wide,116
random-sparse,50,0.01,0.02,0.0,0.2,0.1,3.0,0.3,0.1,8,50,0.0,0.10204081632653061,45,8,102,0,45,20|6|10|5|4,network_wide,110
random-sparse,50,0.01,0.02,0.0,0.2,0.1,3.0,0.3,0.1,9,51,0.0,0.10204081632653061,44,8,102,0,44,19|6|10|5|5,network_wide,132
random-sparse,50,0.01,0.02,0.0,0.2,0.1,3.0,0.3,0.1,10,52,0.0,0.10204081632653061,43,8,102,0,43,17|6|10|5|6,network_wide,127
random-sparse,50,0.01,0.02,0.0,0.2,0.1,3.0,0.3,0.1,11,53,0.0,0.10204081632653061,42,8,102,0,42,16|6|10|5|7,network_wide,114
random-sparse,50,0.01,0.02,0.0,0.2,0.1,3.0,0.3,0.1,12,54,0.0,0.10204081632653061,41,8,102,0,41,16|6|10|5|8,network_wide,128
random-sparse,50,0.01,0.02,0.0,0.2,0.1,3.0,0.3,0.1,13,55,0.0,0.10204081632653061,40,8,102,0,40,14|6|10|5|9,network_wide,116
random-sparse,50,0.01,0.02,0.0,0.2,0.1,3.0,0.3,0.1,14,56,0.0,0.10204081632653061,39,8,102,0,39,14|6|10|5|10,network_wide,114
random-sparse,50,0.01,0.02,0.0,0.2,0.1,3.0,0.3,0.1,15,57,0.0,0.10204081632653061,38,8,102,0,38,12|6|10|5|11,network_wide,119
random-sparse,50,0.01,0.02,0.0,0.2,0.1,3.0,0.3,0.1,16,58,0.0,0.10204081632653061,37,8,102,0,37,12|6|10|5|12,network_wide,98
random-sparse,50,0.01,0.02,0.0,0.2,0.1,3.0,0.3,0.1,17,59,0.0,0.10204081632653061,36,8,102,0,36,10|6|10|5|13,network_wide,120
random-sparse,50,0.01,0.02,0.0,0.2,0.1,3.0,0.3,0.1,18,60,0.0,0.10204081632653061,35,8,102,0,35,10|6|10|5|14,network_wide,106
random-sparse,50,0.01,0.02,0.0,0.2,0.1,3.0,0.3,0.1,19,61,0.0,0.10204081632653061,34,8,102,0,34,9|6|10|5|15,network_wide,110
random-sparse,50,0.01,0.02,0.0,0.2,0.1,3.0,0.3,0.1,20,62,0.0,0.10204081632653061,33,8,102,0,33,8|6|10|5|16,network_wide,114
random-sparse,50,0.01,0.02,0.0,0.2,0.1,3.0,0.3,0.1,21,63,0.0,0.10204081632653061,32,8,102,0,32,7|6|10|5|17,network_wide,114
random-sparse,50,0.01,0.02,0.0,0.2,0.1,3.0,0.3,0.1,22,64,0.0,0.12244897959183673,49,8,1,0,49,6|6|10|5|17,network_wide,122
random-sparse,50,0.01,0.02,0.0,0.2,0.1,3.0,0.3,0.1,23,65,0.0,0.12244897959183673,48,8,4,0,48,5|6|10|5|17|1,network_wide,120
random-sparse,50,0.01,0.02,0.0,0.2,0.1,3.0,0.3,0.1,24,66,0.0,0.12244897959183673,47,8,4,0,47,4|6|10|5|17|2,network_wide,103
random-sparse,50,0.01,0.02,0.0,0.2,0.1,3.0,0.3,0.1,25,67,0.0,0.12244897959183673,46,8,1,0,46,2|6|10|5|17|3,network_wide,127
random-sparse,50,0.01,0.02,0.0,0.2,0.1,3.0,0.3,0.1,26,68,0.0,0.12244897959183673,45,8,1,0,45,1|6|10|5|17|4,network_wide,114
random-sparse,50,0.01,0.02,0.0,0.2,0.1,3.0,0.3,0.1,27,69,0.0,0.12244897959183673,44,8,1,0,44,1|6|10|5|17|5,network_wide,105
random-sparse,50,0.01,0.02,0.0,0.2,0.1,3.0,0.3,0.1,28,70,0.0,0.10204081632653061,43,8,1,0,43,6|10|5|17|6,network_wide,125
random-sparse,50,0.01,0.02,0.0,0.2,0.1,3.0,0.3,0.1,29,71,0.0,0.10204081632653061,42,8,4,0,42,5|10|5|17|7,network_wide,116
random-sparse,50,0.01,0.02,0.0,0.2,0.1,3.0,0.3,0.1,30,72,0.0,0.10204081632653061,41,8,1,0,41,4|10|5|17|8,network_wide,108
random-sparse,50,0.01,0.02,0.0,0.2,0.1,3.0,0.3,0.1,31,73,0.0,0.10204081632653061,40,8,3,0,40,4|10|5|17|9,network_wide,111
random-sparse,50,0.01,0.02,0.0,0.2,0.1,3.0,0.3,0.1,32,74,0.0,0.10204081632653061,39,8,1,0,39,2|10|5|17|10,network_wide,108
random-sparse,50,0.01,0.02,0.0,0.2,0.1,3.0,0.3,0.1,33,75,0.0,0.10204081632653061,38,8,1,0,38,1|10|5|17|11,network_wide,128
random-sparse,50,0.01,0.02,0.0,0.2,0.1,3.0,0.3,0.1,34,76,0.0,0.10204081632653061,37,8,1,0,37,1|10|5|17|12,network_wide,111
random-sparse,50,0.01,0.02,0.0,0.2,0.1,3.0,0.3,0.1,35,77,0.0,0.08163265306122448,36,8,1,0,36,10|5|17|13,network_wide,131
random-sparse,50,0.01,0.02,0.0,0.2,0.1,3.0,0.3,0.1,36,78,0.0,0.08163265306122448,35,8,1,0,35,9|5|17|14,network_wide,110
random-sparse,50,0.01,0.02,0.0,0.2,0.1,3.0,0.3,0.1,37,79,0.0,0.10204081632653061,49,8,1,0,49,9|5|17|14,network_wide,111
random-sparse,50,0.01,0.02,0.0,0.2,0.1,3.0,0.3,0.1,38,80,0.0,0.08163265306122448,48,8,113,0,48,8|5|32|1,network_wide,110
random-sparse,50,0.01,0.02,0.0,0.2,0.1,3.0,0.3,0.1,39,81,0.0,0.10204081632653061,47,8,1,0,47,7|5|17|14|2,network_wide,117
random-sparse,50,0.01,0.02,0.0,0.2,0.1,3.0,0.3,0.1,40,82,0.0,0.10204081632653061,46,8,4,0,46,5|5|17|14|3,network_wide,108
random-sparse,50,0.01,0.02,0.0,0.2,0.1,3.0,0.3,0.1,41,83,0.0,0.10204081632653061,45,8,1,0,45,5|5|17|14|4,network_wide,105
random-sparse,50,0.01,0.02,0.0,0.2,0.1,3.0,0.3,0.1,42,84,0.0,0.10204081632653061,44,8,4,0,44,3|5|17|14|5,network_wide,131
random-sparse,50,0.01,0.02,0.0,0.2,0.1,3.0,0.3,0.1,43,85,0.0,0.10204081632653061,43,8,1,0,43,2|5|17|14|6,network_wide,110
random-sparse,50,0.01,0.02,0.0,0.2,0.1,3.0,0.3,0.1,44,86,0.0,0.10204081632653061,42,8,4,0,42,2|5|17|14|7,network_wide,124
random-sparse,50,0.01,0.02,0.0,0.2,0.1,3.0,0.3,0.1,45,87,0.0,0.10204081632653061,41,8,1,0,41,1|5|17|14|8,network_wide,126
random-sparse,50,0.01,0.02,0.0,0.2,0.1,3.0,0.3,0.1,46,88,0.0,0.061224489795918366,40,4,113,0,40,5|32|9,network_wide,107
random-sparse,50,0.01,0.02,0.0,0.2,0.1,3.0,0.3,0.1,47,89,0.0,0.061224489795918366,39,4,3,0,39,5|17|14|10,network_wide,117
random-sparse,50,0.01,0.02,0.0,0.2,0.1,3.0,0.3,0.1,48,90,0.0,0.08163265306122448,49,7,1,0,49,4|17|14|10,network_wide,124
random-sparse,50,0.01,0.02,0.0,0.2,0.1,3.0,0.3,0.1,49,91,0.0,0.08163265306122448,48,7,1,0,48,4|17|14|10|1,network_wide,116
random-sparse,50,0.01,0.02,0.0,0.2,0.1,3.0,0.3,0.102,0,42,0.0,0.12244897959183673,47,8,5,0,47,3|10|12|6|10|2,network_wide,111
random-sparse,50,0.01,0.02,0.0,0.2,0.1,3.0,0.3,0.102,1,43,0.0,0.10204081632653061,46,8,45,0,46,2|23|6|10|3,network_wide,125
random-sparse,50,0.01,0.02,0.0,0.2,0.1,3.0,0.3,0.102,2,44,0.0,0.12244897959183673,45,8,5,0,45,2|10|12|6|10|4,network_wide,133
random-sparse,50,0.01,0.02,0.0,0.2,0.1,3.0,0.3,0.102,3,45,0.0,0.12244897959183673,44,8,5,0,44,1|10|12|6|10|5,network_wide,120
random-sparse,50,0.01,0.02,0.0,0.2,0.1,3.0,0.3,0.102,4,46,0.0,0.12244897959183673,49,8,5,0,49,10|12|6|10|5,network_wide,123
random-sparse,50,0.01,0.02,0.0,0.2,0.1,3.0,0.3,0.102,5,47,0.0,0.10204081632653061,48,8,102,0,48,22|6|10|5|1,network_wide,125
random-sparse,50,0.01,0.02,0.0,0.2,0.1,3.0,0.3,0.102,6,48,0.0,0.12244897959183673,47,8,5,0,47,9|12|6|10|5|2,network_wide,111
random-sparse,50,0.01,0.02,0.0,0.2,0.1,3.0,0.3,0.102,7,49,0.0,0.10204081632653061,46,8,102,0,46,20|6|10|5|3,network_wide,116
random-sparse,50,0.01,0.02,0.0,0.2,0.1,3.0,0.3,0.102,8,50,0.0,0.10204081632653061,45,8,102,0,45,20|6|10|5|4,network_wide,110
random-sparse,50,0.01,0.02,0.0,0.2,0.1,3.0,0.3,0.102,9,51,0.0,0.10204081632653061,44,8,102,0,44,19|6|10|5|5,network_wide,132
random-sparse,50,0.01,0.02,0.0,0.2,0.1,3.0,0.3,0.102,10,52,0.0,0.10204081632653061,43,8,102,0,43,17|6|10|5|6,network_wide,127
random-sparse,50,0.01,0.02,0.0,0.2,0.1,3.0,0.3,0.102,11,53,0.0,0.10204081632653061,42,8,102,0,42,16|6|10|5|7,network_wide,114
random-sparse,50,0.01,0.02,0.0,0.2,0.1,3.0,0.3,0.102,12,54,0.0,0.10204081632653061,41,8,102,0,41,16|6|10|5|8,network_wide,128
random-sparse,50,0.01,0.02,0.0,0.2,0.1,3.0,0.3,0.102,13,55,0.0,0.10204081632653061,40,8,102,0,40,14|6|10|5|9,network_wide,116
random-sparse,50,0.01,0.02,0.0,0.2,0.1,3.0,0.3,0.102,14,56,0.0,0.10204081632653061,39,8,102,0,39,14|6|10|5|10,network_wide,114
random-sparse,50,0.01,0.02,0.0,0.2,0.1,3.0,0.3,0.102,15,57,0.0,0.10204081632653061,38,8,102,0,38,12|6|10|5|11,network_wide,119
random-sparse,50,0.01,0.02,0.0,0.2,0.1,3.0,0.3,0.102,16,58,0.0,0.10204081632653061,37,8,102,0,37,12|6|10|5|12,network_wide,98
random-sparse,50,0.01,0.02,0.0,0.2,0.1,3.0,0.3,0.102,17,59,0.0,0.10204081632653061,36,8,102,0,36,10|6|10|5|13,network_wide,120
random-sparse,50,0.01,0.02,0.0,0.2,0.1,3.0,0.3,0.102,18,60,0.0,0.10204081632653061,35,8,102,0,35,10|6|10|5|14,network_wide,106
random-sparse,50,0.01,0.02,0.0,0.2,0.1,3.0,0.3,0.102,19,61,0.0,0.10204081632653061,34,8,102,0,34,9|6|10|5|15,network_wide,110
random-sparse,50,0.01,0.02,0.0,0.2,0.1,3.0,0.3,0.102,20,62,0.0,0.10204081632653061,33,8,102,0,33,8|6|10|5|16,network_wide,114
random-sparse,50,0.01,0.02,0.0,0.2,0.1,3.0,0.3,0.102,21,63,0.0,0.10204081632653061,32,8,102,0,32,7|6|10|5|17,network_wide,114
random-sparse,50,0.01,0.02,0.0,0.2,0.1,3.0,0.3,0.102,22,64,0.0,0.12244897959183673,49,8,1,0,49,6|6|10|5|17,network_wide,122
random-sparse,50,0.01,0.02,0.0,0.2,0.1,3.0,0.3,0.102,23,65,0.0,0.12244897959183673,48,8,4,0,48,5|6|10|5|17|1,network_wide,120
random-sparse,50,0.01,0.02,0.0,0.2,0.1,3.0,0.3,0.102,24,66,0.0,0.12244897959183673,47,8,4,0,47,4|6|10|5|17|2,network_wide,103
random-sparse,50,0.01,0.02,0.0,0.2,0.1,3.0,0.3,0.102,25,67,0.0,0.12244897959183673,46,8,1,0,46,2|6|10|5|17|3,network_wide,127
random-sparse,50,0.01,0.02,0.0,0.2,0.1,3.0,0.3,0.102,26,68,0.0,0.12244897959183673,45,8,1,0,45,1|6|10|5|17|4,network_wide,114
random-sparse,50,0.01,0.02,0.0,0.2,0.1,3.0,0.3,0.102,27,69,0.0,0.12244897959183673,44,8,1,0,44,1|6|10|5|17|5,network_wide,105
random-sparse,50,0.01,0.02,0.0,0.2,0.1,3.0,0.3,0.102,28,70,0.0,0.10204081632653061,43,8,1,0,43,6|10|5|17|6,network_wide,125
random-sparse,50,0.01,0.02,0.0,0.2,0.1,3.0,0.3,0.102,29,71,0.0,0.10204081632653061,42,8,4,0,42,5|10|5|17|7,network_wide,116
random-sparse,50,0.01,0.02,0.0,0.2,0.1,3.0,0.3,0.102,30,72,0.0,0.10204081632653061,41,8,1,0,41,4|10|5|17|8,network_wide,108
random-sparse,50,0.01,0.02,0.0,0.2,0.1,3.0,0.3,0.102,31,73,0.0,0.10204081632653061,40,8,3,0,40,4|10|5|17|9,network_wide,111
random-sparse,50,0.01,0.02,0.0,0.2,0.1,3.0,0.3,0.102,32,74,0.0,0.10204081632653061,39,8,1,0,39,2|10|5|17|10,network_wide,108
random-sparse,50,0.01,0.02,0.0,0.2,0.1,3.0,0.3,0.102,33,75,0.0,0.10204081632653061,38,8,1,0,38,1|10|5|17|11,network_wide,128
random-sparse,50,0.01,0.02,0.0,0.2,0.1,3.0,0.3,0.102,34,76,0.0,0.10204081632653061,37,8,1,0,37,1|10|5|17|12,network_wide,111
random-sparse,50,0.01,0.02,0.0,0.2,0.1,3.0,0.3,0.102,35,77,0.0,0.08163265306122448,36,8,1,0,36,10|5|17|13,network_wide,131
random-sparse,50,0.01,0.02,0.0,0.2,0.1,3.0,0.3,0.102,36,78,0.0,0.08163265306122448,35,8,1,0,35,9|5|17|14,network_wide,110
random-sparse,50,0.01,0.02,0.0,0.2,0.1,3.0,0.3,0.102,37,79,0.0,0.10204081632653061,49,8,1,0,49,9|5|17|14,network_wide,111
random-sparse,50,0.01,0.02,0.0,0.2,0.1,3.0,0.3,0.102,38,80,0.0,0.08163265306122448,48,8,113,0,48,8|5|32|1,network_wide,110
random-sparse,50,0.01,0.02,0.0,0.2,0.1,3.0,0.3,0.102,39,81,0.0,0.10204081632653061,47,8,1,0,47,7|5|17|14|2,network_wide,117
random-sparse,50,0.01,0.02,0.0,0.2,0.1,3.0,0.3,0.102,40,82,0.0,0.10204081632653061,46,8,4,0,46,5|5|17|14|3,network_wide,108
random-sparse,50,0.01,0.02,0.0,0.2,0.1,3.0,0.3,0.102,41,83,0.0,0.10204081632653061,45,8,1,0,45,5|5|17|14|4,network_wide,105
random-sparse,50,0.01,0.02,0.0,0.2,0.1,3.0,0.3,0.102,42,84,0.0,0.10204081632653061,44,8,4,0,44,3|5|17|14|5,network_wide,131
random-sparse,50,0.01,0.02,0.0,0.2,0.1,3.0,0.3,0.102,43,85,0.0,0.10204081632653061,43,8,1,0,43,2|5|17|14|6,network_wide,110
random-sparse,50,0.01,0.02,0.0,0.2,0.1,3.0,0.3,0.102,44,86,0.0,0.10204081632653061,42,8,4,0,42,2|5|17|14|7,network_wide,124
random-sparse,50,0.01,0.02,0.0,0.2,0.1,3.0,0.3,0.102,45,87,0.0,0.10204081632653061,41,8,1,0,41,1|5|17|14|8,network_wide,126
random-sparse,50,0.01,0.02,0.0,0.2,0.1,3.0,0.3,0.102,46,88,0.0,0.061224489795918366,40,4,113,0,40,5|32|9,network_wide,107
random-sparse,50,0.01,0.02,0.0,0.2,0.1,3.0,0.3,0.102,47,89,0.0,0.061224489795918366,39,4,3,0,39,5|17|14|10,network_wide,117
random-sparse,50,0.01,0.02,0.0,0.2,0.1,3.0,0.3,0.102,48,90,0.0,0.08163265306122448,49,7,1,0,49,4|17|14|10,network_wide,124
random-sparse,50,0.01,0.02,0.0,0.2,0.1,3.0,0.3,0.102,49,91,0.0,0.08163265306122448,48,7,1,0,48,4|17|14|10|1,network_wide,116
random-sparse,50,0.01,0.02,0.0,0.2,0.1,3.0,0.3,0.104,0,42,0.0,0.10204081632653061,47,8,5,0,47,14|12|6|10|2,network_wide,111
random-sparse,50,0.01,0.02,0.0,0.2,0.1,3.0,0.3,0.104,1,43,0.0,0.08163265306122448,46,8,103,0,46,26|6|10|3,network_wide,125
random-sparse,50,0.01,0.02,0.0,0.2,0.1,3.0,0.3,0.104,2,44,0.0,0.08163265306122448,44,8,5,0,44,13|12|6|10|5,network_wide,133
random-sparse,50,0.01,0.02,0.0,0.2,0.1,3.0,0.3,0.104,3,45,0.0,0.08163265306122448,43,8,5,0,43,12|12|6|10|6,network_wide,120
random-sparse,50,0.01,0.02,0.0,0.2,0.1,3.0,0.3,0.104,4,46,0.0,0.10204081632653061,49,8,6,0,49,11|12|6|10|6,network_wide,123
random-sparse,50,0.01,0.02,0.0,0.2,0.1,3.0,0.3,0.104,5,47,0.0,0.10204081632653061,48,8,103,0,48,22|6|10|5|1,network_wide,125
random-sparse,50,0.01,0.02,0.0,0.2,0.1,3.0,0.3,0.104,6,48,0.0,0.10204081632653061,47,8,5,0,47,9|12|6|10|6|2,network_wide,111
random-sparse,50,0.01,0.02,0.0,0.2,0.1,3.0,0.3,0.104,7,49,0.0,0.10204081632653061,46,8,103,0,46,20|6|10|5|3,network_wide,116
random-sparse,50,0.01,0.02,0.0,0.2,0.1,3.0,0.3,0.104,8,50,0.0,0.10204081632653061,45,8,103,0,45,20|6|10|5|4,network_wide,110
random-sparse,50,0.01,0.02,0.0,0.2,0.1,3.0,0.3,0.104,9,51,0.0,0.10204081632653061,44,8,103,0,44,19|6|10|5|5,network_wide,132
random-sparse,50,0.01,0.02,0.0,0.2,0.1,3.0,0.3,0.104,10,52,0.0,0.10204081632653061,43,8,103,0,43,17|6|10|5|6,network_wide,127
random-sparse,50,0.01,0.02,0.0,0.2,0.1,3.0,0.3,0.104,11,53,0.0,0.08163265306122448,42,8,103,0,42,16|6|10|6|7,network_wide,114
random-sparse,50,0.01,0.02,0.0,0.2,0.1,3.0,0.3,0.104,12,54,0.0,0.10204081632653061,41,8,103,0,41,16|6|10|5|8,network_wide,128
random-sparse,50,0.01,0.02,0.0,0.2,0.1,3.0,0.3,0.104,13,55,0.0,0.10204081632653061,40,8,103,0,40,14|6|10|5|9,network_wide,116
random-sparse,50,0.01,0.02,0.0,0.2,0.1,3.0,0.3,0.104,14,56,0.0,0.10204081632653061,39,8,103,0,39,14|6|10|5|10,network_wide,114
random-sparse,50,0.01,0.02,0.0,0.2,0.1,3.0,0.3,0.104,15,57,0.0,0.10204081632653061,38,8,103,0,38,12|6|10|5|11,network_wide,119
random-sparse,50,0.01,0.02,0.0,0.2,0.1,3.0,0.3,0.104,16,58,0.0,0.08163265306122448,37,8,103,0,37,12|6|10|6|12,network_wide,98
random-sparse,50,0.01,0.02,0.0,0.2,0.1,3.0,0.3,0.104,17,59,0.0,0.10204081632653061,36,8,103,0,36,10|6|10|5|13,network_wide,120
random-sparse,50,0.01,0.02,0.0,0.2,0.1,3.0,0.3,0.104,18,60,0.0,0.10204081632653061,35,8,103,0,35,10|6|10|5|14,network_wide,106
random-sparse,50,0.01,0.02,0.0,0.2,0.1,3.0,0.3,0.104,19,61,0.0,0.10204081632653061,34,8,103,0,34,9|6|10|5|15,network_wide,110
random-sparse,50,0.01,0.02,0.0,0.2,0.1,3.0,0.3,0.104,20,62,0.0,0.10204081632653061,33,8,103,0,33,8|6|10|5|16,network_wide,114
random-sparse,50,0.01,0.02,0.0,0.2,0.1,3.0,0.3,0.104,21,63,0.0,0.10204081632653061,32,8,103,0,32,7|6|10|5|17,network_wide,114
random-sparse,50,0.01,0.02,0.0,0.2,0.1,3.0,0.3,0.104,22,64,0.0,0.12244897959183673,49,8,1,0,49,6|6|10|5|17,network_wide,122
random-sparse,50,0.01,0.02,0.0,0.2,0.1,3.0,0.3,0.104,23,65,0.0,0.12244897959183673,48,8,4,0,48,5|6|10|5|17|1,network_wide,120
random-sparse,50,0.01,0.02,0.0,0.2,0.1,3.0,0.3,0.104,24,66,0.0,0.12244897959183673,47,8,4,0,47,4|6|10|5|17|2,network_wide,103
random-sparse,50,0.01,0.02,0.0,0.2,0.1,3.0,0.3,0.104,25,67,0.0,0.12244897959183673,46,8,1,0,46,2|6|10|5|17|3,network_wide,127
random-sparse,50,0.01,0.02,0.0,0.2,0.1,3.0,0.3,0.104,26,68,0.0,0.12244897959183673,45,8,1,0,45,1|6|10|5|17|4,network_wide,114
random-sparse,50,0.01,0.02,0.0,0.2,0.1,3.0,0.3,0.104,27,69,0.0,0.12244897959183673,44,8,1,0,44,1|6|10|5|17|5,network_wide,105
random-sparse,50,0.01,0.02,0.0,0.2,0.1,3.0,0.3,0.104,28,70,0.0,0.10204081632653061,43,8,1,0,43,6|10|5|17|6,network_wide,125
random-sparse,50,0.01,0.02,0.0,0.2,0.1,3.0,0.3,0.104,29,71,0.0,0.10204081632653061,42,8,4,0,42,5|10|5|17|7,network_wide,116
random-sparse,50,0.01,0.02,0.0,0.2,0.1,3.0,0.3,0.104,30,72,0.0,0.10204081632653061,41,8,1,0,41,5|10|5|17|8,network_wide,108
random-sparse,50,0.01,0.02,0.0,0.2,0.1,3.0,0.3,0.104,31,73,0.0,0.10204081632653061,40,8,4,0,40,4|10|5|17|9,network_wide,111
random-sparse,50,0.01,0.02,0.0,0.2,0.1,3.0,0.3,0.104,32,74,0.0,0.10204081632653061,39,8,1,0,39,3|10|5|17|10,network_wide,108
random-sparse,50,0.01,0.02,0.0,0.2,0.1,3.0,0.3,0.104,33,75,0.0,0.10204081632653061,38,8,1,0,38,1|10|5|17|11,network_wide,128
random-sparse,50,0.01,0.02,0.0,0.2,0.1,3.0,0.3,0.104,34,76,0.0,0.10204081632653061,37,8,1,0,37,1|10|5|17|12,network_wide,111
random-sparse,50,0.01,0.02,0.0,0.2,0.1,3.0,0.3,0.104,35,77,0.0,0.08163265306122448,36,8,1,0,36,10|5|17|13,network_wide,131
random-sparse,50,0.01,0.02,0.0,0.2,0.1,3.0,0.3,0.104,36,78,0.0,0.08163265306122448,35,8,1,0,35,9|5|17|14,network_wide,110
random-sparse,50,0.01,0.02,0.0,0.2,0.1,3.0,0.3,0.104,37,79,0.0,0.10204081632653061,49,8,1,0,49,9|5|17|14,network_wide,111
random-sparse,50,0.01,0.02,0.0,0.2,0.1,3.0,0.3,0.104,38,80,0.0,0.08163265306122448,48,8,113,0,48,8|5|32|1,network_wide,110
random-sparse,50,0.01,0.02,0.0,0.2,0.1,3.0,0.3,0.104,39,81,0.0,0.10204081632653061,47,8,1,0,47,7|5|17|14|2,network_wide,117
random-sparse,50,0.01,0.02,0.0,0.2,0.1,3.0,0.3,0.104,40,82,0.0,0.10204081632653061,46,8,4,0,46,5|5|17|14|3,network_wide,108
random-sparse,50,0.01,0.02,0.0,0.2,0.1,3.0,0.3,0.104,41,83,0.0,0.10204081632653061,45,8,1,0,45,5|5|17|14|4,network_wide,105
random-sparse,50,0.01,0.02,0.0,0.2,0.1,3.0,0.3,0.104,42,84,0.0,0.10204081632653061,44,8,4,0,44,3|5|17|14|5,network_wide,131
random-sparse,50,0.01,0.02,0.0,0.2,0.1,3.0,0.3,0.104,43,85,0.0,0.10204081632653061,43,8,1,0,43,2|5|17|14|6,network_wide,110
random-sparse,50,0.01,0.02,0.0,0.2,0.1,3.0,0.3,0.104,44,86,0.0,0.10204081632653061,42,8,4,0,42,2|5|17|14|7,network_wide,124
random-sparse,50,0.01,0.02,0.0,0.2,0.1,3.0,0.3,0.104,45,87,0.0,0.10204081632653061,41,8,1,0,41,1|5|17|14|8,network_wide,126
random-sparse,50,0.01,0.02,0.0,0.2,0.1,3.0,0.3,0.104,46,88,0.0,0.061224489795918366,40,4,113,0,40,5|32|9,network_wide,107
random-sparse,50,0.01,0.02,0.0,0.2,0.1,3.0,0.3,0.104,47,89,0.0,0.061224489795918366,39,4,3,0,39,5|17|14|10,network_wide,117
random-sparse,50,0.01,0.02,0.0,0.2,0.1,3.0,0.3,0.104,48,90,0.0,0.08163265306122448,49,7,1,0,49,5|17|14|10,network_wide,124
random-sparse,50,0.01,0.02,0.0,0.2,0.1,3.0,0.3,0.104,49,91,0.0,0.08163265306122448,48,7,1,0,48,4|17|14|10|1,network_wide,116
random-sparse,50,0.01,0.02,0.0,0.2,0.1,3.0,0.3,0.106,0,42,0.0,0.10204081632653061,47,8,5,0,47,14|12|6|10|2,network_wide,111
random-sparse,50,0.01,0.02,0.0,0.2,0.1,3.0,0.3,0.106,1,43,0.0,0.08163265306122448,46,8,103,0,46,26|6|10|3,network_wide,125
random-sparse,50,0.01,0.02,0.0,0.2,0.1,3.0,0.3,0.106,2,44,0.0,0.08163265306122448,44,8,5,0,44,13|12|6|10|5,network_wide,133
random-sparse,50,0.01,0.02,0.0,0.2,0.1,3.0,0.3,0.106,3,45,0.0,0.08163265306122448,43,8,5,0,43,12|12|6|10|6,network_wide,120
random-sparse,50,0.01,0.02,0.0,0.2,0.1,3.0,0.3,0.106,4,46,0.0,0.08163265306122448,49,8,103,0,49,24|6|10|6,network_wide,123
random-sparse,50,0.01,0.02,0.0,0.2,0.1,3.0,0.3,0.106,5,47,0.0,0.10204081632653061,48,8,103,0,48,22|6|10|5|1,network_wide,125
random-sparse,50,0.01,0.02,0.0,0.2,0.1,3.0,0.3,0.106,6,48,0.0,0.10204081632653061,47,8,5,0,47,9|12|6|10|6|2,network_wide,111
random-sparse,50,0.01,0.02,0.0,0.2,0.1,3.0,0.3,0.106,7,49,0.0,0.10204081632653061,46,8,103,0,46,20|6|10|5|3,network_wide,116
random-sparse,50,0.01,0.02,0.0,0.2,0.1,3.0,0.3,0.106,8,50,0.0,0.10204081632653061,45,8,103,0,45,20|6|10|5|4,network_wide,110
random-sparse,50,0.01,0.02,0.0,0.2,0.1,3.0,0.3,0.106,9,51,0.0,0.10204081632653061,44,8,103,0,44,19|6|10|5|5,network_wide,132
random-sparse,50,0.01,0.02,0.0,0.2,0.1,3.0,0.3,0.106,10,52,0.0,0.10204081632653061,43,8,103,0,43,18|6|10|5|6,network_wide,127
random-sparse,50,0.01,0.02,0.0,0.2,0.1,3.0,0.3,0.106,11,53,0.0,0.08163265306122448,42,8,103,0,42,16|6|10|6|7,network_wide,114
random-sparse,50,0.01,0.02,0.0,0.2,0.1,3.0,0.3,0.106,12,54,0.0,0.10204081632653061,41,8,103,0,41,16|6|10|5|8,network_wide,128
random-sparse,50,0.01,0.02,0.0,0.2,0.1,3.0,0.3,0.106,13,55,0.0,0.10204081632653061,40,8,103,0,40,14|6|10|5|9,network_wide,116
random-sparse,50,0.01,0.02,0.0,0.2,0.1,3.0,0.3,0.106,14,56,0.0,0.10204081632653061,39,8,103,0,39,14|6|10|5|10,network_wide,114
random-sparse,50,0.01,0.02,0.0,0.2,0.1,3.0,0.3,0.106,15,57,0.0,0.10204081632653061,38,8,103,0,38,12|6|10|5|11,network_wide,119
random-sparse,50,0.01,0.02,0.0,0.2,0.1,3.0,0.3,0.106,16,58,0.0,0.08163265306122448,37,8,103,0,37,12|6|10|6|12,network_wide,98
random-sparse,50,0.01,0.02,0.0,0.2,0.1,3.0,0.3,0.106,17,59,0.0,0.10204081632653061,36,8,103,0,36,10|6|10|5|13,network_wide,120
random-sparse,50,0.01,0.02,0.0,0.2,0.1,3.0,0.3,0.106,18,60,0.0,0.10204081632653061,35,8,103,0,35,10|6|10|5|14,network_wide,106
random-sparse,50,0.01,0.02,0.0,0.2,0.1,3.0,0.3,0.106,19,61,0.0,0.10204081632653061,34,8,103,0,34,9|6|10|5|15,network_wide,110
random-sparse,50,0.01,0.02,0.0,0.2,0.1,3.0,0.3,0.106,20,62,0.0,0.10204081632653061,33,8,103,0,33,8|6|10|5|16,network_wide,114
random-sparse,50,0.01,0.02,0.0,0.2,0.1,3.0,0.3,0.106,21,63,0.0,0.10204081632653061,32,8,103,0,32,7|6|10|5|17,network_wide,114
random-sparse,50,0.01,0.02,0.0,0.2,0.1,3.0,0.3,0.106,22,64,0.0,0.12244897959183673,49,8,1,0,49,6|6|10|5|17,network_wide,122
random-sparse,50,0.01,0.02,0.0,0.2,0.1,3.0,0.3,0.106,23,65,0.0,0.12244897959183673,48,8,4,0,48,5|6|10|5|17|1,network_wide,120
random-sparse,50,0.01,0.02,0.0,0.2,0.1,3.0,0.3,0.106,24,66,0.0,0.12244897959183673,47,8,4,0,47,4|6|10|5|17|2,network_wide,103
random-sparse,50,0.01,0.02,0.0,0.2,0.1,3.0,0.3,0.106,25,67,0.0,0.12244897959183673,46,8,1,0,46,2|6|10|5|17|3,network_wide,127
random-sparse,50,0.01,0.02,0.0,0.2,0.1,3.0,0.3,0.106,26,68,0.0,0.12244897959183673,45,8,1,0,45,1|6|10|5|17|4,network_wide,114
random-sparse,50,0.01,0.02,0.0,0.2,0.1,3.0,0.3,0.106,27,69,0.0,0.12244897959183673,44,8,1,0,44,1|6|10|5|17|5,network_wide,105
random-sparse,50,0.01,0.02,0.0,0.2,0.1,3.0,0.3,0.106,28,70,0.0,0.10204081632653061,43,8,1,0,43,6|10|5|17|6,network_wide,125
random-sparse,50,0.01,0.02,0.0,0.2,0.1,3.0,0.3,0.106,29,71,0.0,0.10204081632653061,42,8,4,0,42,5|10|5|17|7,network_wide,116
random-sparse,50,0.01,0.02,0.0,0.2,0.1,3.0,0.3,0.106,30,72,0.0,0.10204081632653061,41,8,1,0,41,5|10|5|17|8,network_wide,108
random-sparse,50,0.01,0.02,0.0,0.2,0.1,3.0,0.3,0.106,31,73,0.0,0.10204081632653061,40,8,4,0,40,4|10|5|17|9,network_wide,111
random-sparse,50,0.01,0.02,0.0,0.2,0.1,3.0,0.3,0.106,32,74,0.0,0.10204081632653061,39,8,1,0,39,3|10|5|17|10,network_wide,108
random-sparse,50,0.01,0.02,0.0,0.2,0.1,3.0,0.3,0.106,33,75,0.0,0.10204081632653061,38,8,1,0,38,1|10|5|17|11,network_wide,128
random-sparse,50,0.01,0.02,0.0,0.2,0.1,3.0,0.3,0.106,34,76,0.0,0.10204081632653061,37,8,1,0,37,1|10|5|17|12,network_wide,111
random-sparse,50,0.01,0.02,0.0,0.2,0.1,3.0,0.3,0.106,35,77,0.0,0.08163265306122448,36,8,1,0,36,10|5|17|13,network_wide,131
random-sparse,50,0.01,0.02,0.0,0.2,0.1,3.0,0.3,0.106,36,78,0.0,0.08163265306122448,35,8,1,0,35,9|5|17|14,network_wide,110
random-sparse,50,0.01,0.02,0.0,0.2,0.1,3.0,0.3,0.106,37,79,0.0,0.10204081632653061,49,8,1,0,49,9|5|17|14,network_wide,111
random-sparse,50,0.01,0.02,0.0,0.2,0.1,3.0,0.3,0.106,38,80,0.0,0.08163265306122448,48,8,113,0,48,8|5|32|1,network_wide,110
random-sparse,50,0.01,0.02,0.0,0.2,0.1,3.0,0.3,0.106,39,81,0.0,0.10204081632653061,47,8,1,0,47,7|5|17|14|2,network_wide,117
random-sparse,50,0.01,0.02,0.0,0.2,0.1,3.0,0.3,0.106,40,82,0.0,0.10204081632653061,46,8,4,0,46,5|5|17|14|3,network_wide,108
random-sparse,50,0.01,0.02,0.0,0.2,0.1,3.0,0.3,0.106,41,83,0.0,0.10204081632653061,45,8,1,0,45,5|5|17|14|4,network_wide,105
random-sparse,50,0.01,0.02,0.0,0.2,0.1,3.0,0.3,0.106,42,84,0.0,0.10204081632653061,44,8,4,0,44,3|5|17|14|5,network_wide,131
random-sparse,50,0.01,0.02,0.0,0.2,0.1,3.0,0.3,0.106,43,85,0.0,0.10204081632653061,43,8,1,0,43,2|5|17|14|6,network_wide,110
random-sparse,50,0.01,0.02,0.0,0.2,0.1,3.0,0.3,0.106,44,86,0.0,0.10204081632653061,42,8,4,0,42,2|5|17|14|7,network_wide,124
random-sparse,50,0.01,0.02,0.0,0.2,0.1,3.0,0.3,0.106,45,87,0.0,0.10204081632653061,41,8,1,0,41,1|5|17|14|8,network_wide,126
random-sparse,50,0.01,0.02,0.0,0.2,0.1,3.0,0.3,0.106,46,88,0.0,0.061224489795918366,40,4,113,0,40,5|32|9,network_wide,107
random-sparse,50,0.01,0.02,0.0,0.2,0.1,3.0,0.3,0.106,47,89,0.0,0.061224489795918366,39,4,3,0,39,5|17|14|10,network_wide,117
random-sparse,50,0.01,0.02,0.0,0.2,0.1,3.0,0.3,0.106,48,90,0.0,0.08163265306122448,49,7,1,0,49,5|17|14|10,network_wide,124
random-sparse,50,0.01,0.02,0.0,0.2,0.1,3.0,0.3,0.106,49,91,0.0,0.08163265306122448,48,7,1,0,48,4|17|14|10|1,network_wide,116
random-sparse,50,0.01,0.02,0.0,0.2,0.1,3.0,0.3,0.108,0,42,0.0,0.10204081632653061,47,8,5,0,47,14|12|6|10|2,network_wide,111
random-sparse,50,0.01,0.02,0.0,0.2,0.1,3.0,0.3,0.108,1,43,0.0,0.08163265306122448,46,8,103,0,46,26|6|10|3,network_wide,125
random-sparse,50,0.01,0.02,0.0,0.2,0.1,3.0,0.3,0.108,2,44,0.0,0.061224489795918366,44,8,103,0,44,26|6|10|5,network_wide,133
random-sparse,50,0.01,0.02,0.0,0.2,0.1,3.0,0.3,0.108,3,45,0.0,0.08163265306122448,43,8,5,0,43,12|12|6|10|6,network_wide,120
random-sparse,50,0.01,0.02,0.0,0.2,0.1,3.0,0.3,0.108,4,46,0.0,0.08163265306122448,49,8,103,0,49,24|6|10|6,network_wide,123
random-sparse,50,0.01,0.02,0.0,0.2,0.1,3.0,0.3,0.108,5,47,0.0,0.10204081632653061,48,8,103,0,48,22|6|10|5|1,network_wide,125
random-sparse,50,0.01,0.02,0.0,0.2,0.1,3.0,0.3,0.108,6,48,0.0,0.10204081632653061,47,8,5,0,47,9|12|6|10|6|2,network_wide,111
random-sparse,50,0.01,0.02,0.0,0.2,0.1,3.0,0.3,0.108,7,49,0.0,0.10204081632653061,46,8,103,0,46,20|6|10|5|3,network_wide,116
random-sparse,50,0.01,0.02,0.0,0.2,0.1,3.0,0.3,0.108,8,50,0.0,0.10204081632653061,45,8,103,0,45,20|6|10|5|4,network_wide,110
random-sparse,50,0.01,0.02,0.0,0.2,0.1,3.0,0.3,0.108,9,51,0.0,0.10204081632653061,44,8,103,0,44,19|6|10|5|5,network_wide,132
random-sparse,50,0.01,0.02,0.0,0.2,0.1,3.0,0.3,0.108,10,52,0.0,0.10204081632653061,43,8,103,0,43,18|6|10|5|6,network_wide,127
random-sparse,50,0.01,0.02,0.0,0.2,0.1,3.0,0.3,0.108,11,53,0.0,0.08163265306122448,42,8,103,0,42,16|6|10|6|7,network_wide,114
random-sparse,50,0.01,0.02,0.0,0.2,0.1,3.0,0.3,0.108,12,54,0.0,0.10204081632653061,41,8,103,0,41,16|6|10|5|8,network_wide,128
random-sparse,50,0.01,0.02,0.0,0.2,0.1,3.0,0.3,0.108,13,55,0.0,0.10204081632653061,40,8,103,0,40,14|6|10|5|9,network_wide,116
random-sparse,50,0.01,0.02,0.0,0.2,0.1,3.0,0.3,0.108,14,56,0.0,0.10204081632653061,39,8,103,0,39,14|6|10|5|10,network_wide,114
random-sparse,50,0.01,0.02,0.0,0.2,0.1,3.0,0.3,0.108,15,57,0.0,0.10204081632653061,38,8,103,0,38,12|6|10|5|11,network_wide,119
random-sparse,50,0.01,0.02,0.0,0.2,0.1,3.0,0.3,0.108,16,58,0.0,0.08163265306122448,37,8,103,0,37,12|6|10|6|12,network_wide,98
random-sparse,50,0.01,0.02,0.0,0.2,0.1,3.0,0.3,0.108,17,59,0.0,0.10204081632653061,36,8,103,0,36,10|6|10|5|13,network_wide,120
random-sparse,50,0.01,0.02,0.0,0.2,0.1,3.0,0.3,0.108,18,60,0.0,0.10204081632653061,35,8,103,0,35,10|6|10|5|14,network_wide,106
random-sparse,50,0.01,0.02,0.0,0.2,0.1,3.0,0.3,0.108,19,61,0.0,0.10204081632653061,34,8,103,0,34,9|6|10|5|15,network_wide,110
random-sparse,50,0.01,0.02,0.0,0.2,0.1,3.0,0.3,0.108,20,62,0.0,0.10204081632653061,33,8,103,0,33,8|6|10|5|16,network_wide,114
random-sparse,50,0.01,0.02,0.0,0.2,0.1,3.0,0.3,0.108,21,63,0.0,0.10204081632653061,32,8,103,0,32,7|6|10|5|17,network_wide,114
random-sparse,50,0.01,0.02,0.0,0.2,0.1,3.0,0.3,0.108,22,64,0.0,0.12244897959183673,49,8,1,0,49,6|6|10|5|17,network_wide,122
random-sparse,50,0.01,0.02,0.0,0.2,0.1,3.0,0.3,0.108,23,65,0.0,0.12244897959183673,48,8,4,0,48,5|6|10|5|17|1,network_wide,120
random-sparse,50,0.01,0.02,0.0,0.2,0.1,3.0,0.3,0.108,24,66,0.0,0.12244897959183673,47,8,4,0,47,4|6|10|5|17|2,network_wide,103
random-sparse,50,0.01,0.02,0.0,0.2,0.1,3.0,0.3,0.108,25,67,0.0,0.12244897959183673,46,8,1,0,46,2|6|10|5|17|3,network_wide,127
random-sparse,50,0.01,0.02,0.0,0.2,0.1,3.0,0.3,0.108,26,68,0.0,0.12244897959183673,45,8,1,0,45,1|6|10|5|17|4,network_wide,114
random-sparse,50,0.01,0.02,0.0,0.2,0.1,3.0,0.3,0.108,27,69,0.0,0.12244897959183673,44,8,1,0,44,1|6|10|5|17|5,network_wide,105
random-sparse,50,0.01,0.02,0.0,0.2,0.1,3.0,0.3,0.108,28,70,0.0,0.10204081632653061,43,8,1,0,43,6|10|5|17|6,network_wide,125
random-sparse,50,0.01,0.02,0.0,0.2,0.1,3.0,0.3,0.108,29,71,0.0,0.10204081632653061,42,8,4,0,42,5|10|5|17|7,network_wide,116
random-sparse,50,0.01,0.02,0.0,0.2,0.1,3.0,0.3,0.108,30,72,0.0,0.10204081632653061,41,8,1,0,41,5|10|5|17|8,network_wide,108
random-sparse,50,0.01,0.02,0.0,0.2,0.1,3.0,0.3,0.108,31,73,0.0,0.10204081632653061,40,8,4,0,40,4|10|5|17|9,network_wide,111
random-sparse,50,0.01,0.02,0.0,0.2,0.1,3.0,0.3,0.108,32,74,0.0,0.10204081632653061,39,8,1,0,39,3|10|5|17|10,network_wide,108
random-sparse,50,0.01,0.02,0.0,0.2,0.1,3.0,0.3,0.108,33,75,0.0,0.10204081632653061,38,8,1,0,38,1|10|5|17|11,network_wide,128
random-sparse,50,0.01,0.02,0.0,0.2,0.1,3.0,0.3,0.108,34,76,0.0,0.10204081632653061,37,8,1,0,37,1|10|5|17|12,network_wide,111
random-sparse,50,0.01,0.02,0.0,0.2,0.1,3.0,0.3,0.108,35,77,0.0,0.08163265306122448,36,8,1,0,36,10|5|17|13,network_wide,131
random-sparse,50,0.01,0.02,0.0,0.2,0.1,3.0,0.3,0.108,36,78,0.0,0.08163265306122448,35,8,1,0,35,9|5|17|14,network_wide,110
random-sparse,50,0.01,0.02,0.0,0.2,0.1,3.0,0.3,0.108,37,79,0.0,0.10204081632653061,49,8,1,0,49,9|5|17|14,network_wide,111
random-sparse,50,0.01,0.02,0.0,0.2,0.1,3.0,0.3,0.108,38,80,0.0,0.08163265306122448,48,8,113,0,48,8|5|32|1,network_wide,110
random-sparse,50,0.01,0.02,0.0,0.2,0.1,3.0,0.3,0.108,39,81,0.0,0.10204081632653061,47,8,1,0,47,7|5|17|14|2,network_wide,117
random-sparse,50,0.01,0.02,0.0,0.2,0.1,3.0,0.3,0.108,40,82,0.0,0.10204081632653061,46,8,4,0,46,5|5|17|14|3,network_wide,108
random-sparse,50,0.01,0.02,0.0,0.2,0.1,3.0,0.3,0.108,41,83,0.0,0.10204081632653061,45,8,1,0,45,5|5|17|14|4,network_wide,105
random-sparse,50,0.01,0.02,0.0,0.2,0.1,3.0,0.3,0.108,42,84,0.0,0.10204081632653061,44,8,4,0,44,3|5|17|14|5,network_wide,131
random-sparse,50,0.01,0.02,0.0,0.2,0.1,3.0,0.3,0.108,43,85,0.0,0.10204081632653061,43,8,1,0,43,2|5|17|14|6,network_wide,110
random-sparse,50,0.01,0.02,0.0,0.2,0.1,3.0,0.3,0.108,44,86,0.0,0.10204081632653061,42,8,4,0,42,2|5|17|14|7,network_wide,124
random-sparse,50,0.01,0.02,0.0,0.2,0.1,3.0,0.3,0.108,45,87,0.0,0.10204081632653061,41,8,1,0,41,1|5|17|14|8,network_wide,126
random-sparse,50,0.01,0.02,0.0,0.2,0.1,3.0,0.3,0.108,46,88,0.0,0.061224489795918366,40,4,113,0,40,5|32|9,network_wide,107
random-sparse,50,0.01,0.02,0.0,0.2,0.1,3.0,0.3,0.108,47,89,0.0,0.061224489795918366,39,4,3,0,39,5|17|14|10,network_wide,117
random-sparse,50,0.01,0.02,0.0,0.2,0.1,3.0,0.3,0.108,48,90,0.0,0.08163265306122448,49,7,1,0,49,5|17|14|10,network_wide,124
random-sparse,50,0.01,0.02,0.0,0.2,0.1,3.0,0.3,0.108,49,91,0.0,0.08163265306122448,48,7,1,0,48,4|17|14|10|1,network_wide,116
random-sparse,50,0.01,0.02,0.0,0.2,0.1,3.0,0.3,0.11,0,42,0.0,0.10204081632653061,47,8,5,0,47,14|12|6|10|2,network_wide,111
random-sparse,50,0.01,0.02,0.0,0.2,0.1,3.0,0.3,0.11,1,43,0.0,0.08163265306122448,46,8,103,0,46,26|6|10|3,network_wide,125
random-sparse,50,0.01,0.02,0.0,0.2,0.1,3.0,0.3,0.11,2,44,0.0,0.061224489795918366,44,8,103,0,44,26|6|10|5,network_wide,133
random-sparse,50,0.01,0.02,0.0,0.2,0.1,3.0,0.3,0.11,3,45,0.0,0.10204081632653061,44,8,5,0,44,12|12|6|10|5,network_wide,120
random-sparse,50,0.01,0.02,0.0,0.2,0.1,3.0,0.3,0.11,4,46,0.0,0.08163265306122448,49,8,103,0,49,24|6|10|6,network_wide,123
random-sparse,50,0.01,0.02,0.0,0.2,0.1,3.0,0.3,0.11,5,47,0.0,0.10204081632653061,48,8,103,0,48,22|6|10|5|1,network_wide,125
random-sparse,50,0.01,0.02,0.0,0.2,0.1,3.0,0.3,0.11,6,48,0.0,0.10204081632653061,47,8,5,0,47,9|12|6|10|6|2,network_wide,111
random-sparse,50,0.01,0.02,0.0,0.2,0.1,3.0,0.3,0.11,7,49,0.0,0.10204081632653061,46,8,103,0,46,20|6|10|5|3,network_wide,116
random-sparse,50,0.01,0.02,0.0,0.2,0.1,3.0,0.3,0.11,8,50,0.0,0.10204081632653061,45,8,103,0,45,20|6|10|5|4,network_wide,110
random-sparse,50,0.01,0.02,0.0,0.2,0.1,3.0,0.3,0.11,9,51,0.0,0.10204081632653061,44,8,103,0,44,19|6|10|5|5,network_wide,132
random-sparse,50,0.01,0.02,0.0,0.2,0.1,3.0,0.3,0.11,10,52,0.0,0.10204081632653061,43,8,103,0,43,18|6|10|5|6,network_wide,127
random-sparse,50,0.01,0.02,0.0,0.2,0.1,3.0,0.3,0.11,11,53,0.0,0.10204081632653061,42,8,103,0,42,16|6|10|5|7,network_wide,114
random-sparse,50,0.01,0.02,0.0,0.2,0.1,3.0,0.3,0.11,12,54,0.0,0.10204081632653061,41,8,103,0,41,16|6|10|5|8,network_wide,128
random-sparse,50,0.01,0.02,0.0,0.2,0.1,3.0,0.3,0.11,13,55,0.0,0.10204081632653061,40,8,103,0,40,14|6|10|5|9,network_wide,116
random-sparse,50,0.01,0.02,0.0,0.2,0.1,3.0,0.3,0.11,14,56,0.0,0.10204081632653061,39,8,103,0,39,14|6|10|5|10,network_wide,114
random-sparse,50,0.01,0.02,0.0,0.2,0.1,3.0,0.3,0.11,15,57,0.0,0.10204081632653061,38,8,103,0,38,12|6|10|5|11,network_wide,119
random-sparse,50,0.01,0.02,0.0,0.2,0.1,3.0,0.3,0.11,16,58,0.0,0.08163265306122448,37,8,103,0,37,12|6|10|6|12,network_wide,98
random-sparse,50,0.01,0.02,0.0,0.2,0.1,3.0,0.3,0.11,17,59,0.0,0.10204081632653061,36,8,103,0,36,10|6|10|5|13,network_wide,120
random-sparse,50,0.01,0.02,0.0,0.2,0.1,3.0,0.3,0.11,18,60,0.0,0.10204081632653061,35,8,103,0,35,10|6|10|5|14,network_wide,106
random-sparse,50,0.01,0.02,0.0,0.2,0.1,3.0,0.3,0.11,19,61,0.0,0.10204081632653061,34,8,103,0,34,9|6|10|5|15,network_wide,110
random-sparse,50,0.01,0.02,0.0,0.2,0.1,3.0,0.3,0.11,20,62,0.0,0.10204081632653061,33,8,103,0,33,8|6|10|5|16,network_wide,114
random-sparse,50,0.01,0.02,0.0,0.2,0.1,3.0,0.3,0.11,21,63,0.0,0.10204081632653061,32,8,103,0,32,7|6|10|5|17,network_wide,114
random-sparse,50,0.01,0.02,0.0,0.2,0.1,3.0,0.3,0.11,22,64,0.0,0.12244897959183673,49,8,1,0,49,6|6|10|5|17,network_wide,122
random-sparse,50,0.01,0.02,0.0,0.2,0.1,3.0,0.3,0.11,23,65,0.0,0.12244897959183673,48,8,4,0,48,5|6|10|5|17|1,network_wide,120
random-sparse,50,0.01,0.02,0.0,0.2,0.1,3.0,0.3,0.11,24,66,0.0,0.12244897959183673,47,8,4,0,47,4|6|10|5|17|2,network_wide,103
random-sparse,50,0.01,0.02,0.0,0.2,0.1,3.0,0.3,0.11,25,67,0.0,0.12244897959183673,46,8,1,0,46,2|6|10|5|17|3,network_wide,127
random-sparse,50,0.01,0.02,0.0,0.2,0.1,3.0,0.3,0.11,26,68,0.0,0.12244897959183673,45,8,1,0,45,1|6|10|5|17|4,network_wide,114
random-sparse,50,0.01,0.02,0.0,0.2,0.1,3.0,0.3,0.11,27,69,0.0,0.12244897959183673,44,8,1,0,44,1|6|10|5|17|5,network_wide,105
random-sparse,50,0.01,0.02,0.0,0.2,0.1,3.0,0.3,0.11,28,70,0.0,0.10204081632653061,43,8,1,0,43,6|10|5|17|6,network_wide,125
random-sparse,50,0.01,0.02,0.0,0.2,0.1,3.0,0.3,0.11,29,71,0.0,0.10204081632653061,42,8,4,0,42,5|10|5|17|7,network_wide,116
random-sparse,50,0.01,0.02,0.0,0.2,0.1,3.0,0.3,0.11,30,72,0.0,0.10204081632653061,41,8,1,0,41,5|10|5|17|8,network_wide,108
random-sparse,50,0.01,0.02,0.0,0.2,0.1,3.0,0.3,0.11,31,73,0.0,0.10204081632653061,40,8,4,0,40,4|10|5|17|9,network_wide,111
random-sparse,50,0.01,0.02,0.0,0.2,0.1,3.0,0.3,0.11,32,74,0.0,0.10204081632653061,39,8,1,0,39,3|10|5|17|10,network_wide,108
random-sparse,50,0.01,0.02,0.0,0.2,0.1,3.0,0.3,0.11,33,75,0.0,0.10204081632653061,38,8,1,0,38,1|10|5|17|11,network_wide,128
random-sparse,50,0.01,0.02,0.0,0.2,0.1,3.0,0.3,0.11,34,76,0.0,0.10204081632653061,37,8,1,0,37,1|10|5|17|12,network_wide,111
random-sparse,50,0.01,0.02,0.0,0.2,0.1,3.0,0.3,0.11,35,77,0.0,0.08163265306122448,36,8,1,0,36,10|5|17|13,network_wide,131
random-sparse,50,0.01,0.02,0.0,0.2,0.1,3.0,0.3,0.11,36,78,0.0,0.08163265306122448,35,8,1,0,35,9|5|17|14,network_wide,110
random-sparse,50,0.01,0.02,0.0,0.2,0.1,3.0,0.3,0.11,37,79,0.0,0.10204081632653061,49,8,1,0,49,9|5|17|14,network_wide,111
random-sparse,50,0.01,0.02,0.0,0.2,0.1,3.0,0.3,0.11,38,80,0.0,0.08163265306122448,48,8,113,0,48,8|5|32|1,network_wide,110
random-sparse,50,0.01,0.02,0.0,0.2,0.1,3.0,0.3,0.11,39,81,0.0,0.10204081632653061,47,8,1,0,47,7|5|17|14|2,network_wide,117
random-sparse,50,0.01,0.02,0.0,0.2,0.1,3.0,0.3,0.11,40,82,0.0,0.10204081632653061,46,8,4,0,46,5|5|17|14|3,network_wide,108
random-sparse,50,0.01,0.02,0.0,0.2,0.1,3.0,0.3,0.11,41,83,0.0,0.10204081632653061,45,8,1,0,45,5|5|17|14|4,network_wide,105
random-sparse,50,0.01,0.02,0.0,0.2,0.1,3.0,0.3,0.11,42,84,0.0,0.10204081632653061,44,8,4,0,44,3|5|17|14|5,network_wide,131
random-sparse,50,0.01,0.02,0.0,0.2,0.1,3.0,0.3,0.11,43,85,0.0,0.10204081632653061,43,8,1,0,43,2|5|17|14|6,network_wide,110
random-sparse,50,0.01,0.02,0.0,0.2,0.1,3.0,0.3,0.11,44,86,0.0,0.10204081632653061,42,8,4,0,42,2|5|17|14|7,network_wide,124
random-sparse,50,0.01,0.02,0.0,0.2,0.1,3.0,0.3,0.11,45,87,0.0,0.10204081632653061,41,8,1,0,41,1|5|17|14|8,network_wide,126
random-sparse,50,0.01,0.02,0.0,0.2,0.1,3.0,0.3,0.11,46,88,0.0,0.061224489795918366,40,4,113,0,40,5|32|9,network_wide,107
random-sparse,50,0.01,0.02,0.0,0.2,0.1,3.0,0.3,0.11,47,89,0.0,0.061224489795918366,39,4,3,0,39,5|17|14|10,network_wide,117
random-sparse,50,0.01,0.02,0.0,0.2,0.1,3.0,0.3,0.11,48,90,0.0,0.08163265306122448,49,7,1,0,49,5|17|14|10,network_wide,124
random-sparse,50,0.01,0.02,0.0,0.2,0.1,3.0,0.3,0.11,49,91,0.0,0.08163265306122448,48,7,1,0,48,4|17|14|10|1,network_wide,116
random-sparse,50,0.01,0.02,0.0,0.2,0.1,3.0,0.3,0.112,0,42,0.0,0.10204081632653061,47,8,5,0,47,14|12|6|10|2,network_wide,111
random-sparse,50,0.01,0.02,0.0,0.2,0.1,3.0,0.3,0.112,1,43,0.0,0.08163265306122448,46,8,103,0,46,26|6|10|3,network_wide,125
random-sparse,50,0.01,0.02,0.0,0.2,0.1,3.0,0.3,0.112,2,44,0.0,0.061224489795918366,44,8,103,0,44,26|6|10|5,network_wide,133
random-sparse,50,0.01,0.02,0.0,0.2,0.1,3.0,0.3,0.112,3,45,0.0,0.10204081632653061,44,8,5,0,44,12|12|6|10|5,network_wide,120
random-sparse,50,0.01,0.02,0.0,0.2,0.1,3.0,0.3,0.112,4,46,0.0,0.08163265306122448,49,8,103,0,49,24|6|10|6,network_wide,123
random-sparse,50,0.01,0.02,0.0,0.2,0.1,3.0,0.3,0.112,5,47,0.0,0.10204081632653061,48,8,103,0,48,22|6|10|5|1,network_wide,125
random-sparse,50,0.01,0.02,0.0,0.2,0.1,3.0,0.3,0.112,6,48,0.0,0.10204081632653061,47,8,5,0,47,9|12|6|10|6|2,network_wide,111
random-sparse,50,0.01,0.02,0.0,0.2,0.1,3.0,0.3,0.112,7,49,0.0,0.10204081632653061,46,8,103,0,46,20|6|10|5|3,network_wide,116
random-sparse,50,0.01,0.02,0.0,0.2,0.1,3.0,0.3,0.112,8,50,0.0,0.10204081632653061,45,8,103,0,45,20|6|10|5|4,network_wide,110
random-sparse,50,0.01,0.02,0.0,0.2,0.1,3.0,0.3,0.112,9,51,0.0,0.10204081632653061,44,8,103,0,44,19|6|10|5|5,network_wide,132
random-sparse,50,0.01,0.02,0.0,0.2,0.1,3.0,0.3,0.112,10,52,0.0,0.10204081632653061,43,8,103,0,43,18|6|10|5|6,network_wide,127
random-sparse,50,0.01,0.02,0.0,0.2,0.1,3.0,0.3,0.112,11,53,0.0,0.10204081632653061,42,8,103,0,42,16|6|10|5|7,network_wide,114
random-sparse,50,0.01,0.02,0.0,0.2,0.1,3.0,0.3,0.112,12,54,0.0,0.10204081632653061,41,8,103,0,41,16|6|10|5|8,network_wide,128
random-sparse,50,0.01,0.02,0.0,0.2,0.1,3.0,0.3,0.112,13,55,0.0,0.10204081632653061,40,8,103,0,40,14|6|10|5|9,network_wide,116
random-sparse,50,0.01,0.02,0.0,0.2,0.1,3.0,0.3,0.112,14,56,0.0,0.10204081632653061,39,8,103,0,39,14|6|10|5|10,network_wide,114
random-sparse,50,0.01,0.02,0.0,0.2,0.1,3.0,0.3,0.112,15,57,0.0,0.10204081632653061,38,8,103,0,38,12|6|10|5|11,network_wide,119
random-sparse,50,0.01,0.02,0.0,0.2,0.1,3.0,0.3,0.112,16,58,0.0,0.08163265306122448,37,8,103,0,37,12|6|10|6|12,network_wide,98
random-sparse,50,0.01,0.02,0.0,0.2,0.1,3.0,0.3,0.112,17,59,0.0,0.10204081632653061,36,8,103,0,36,10|6|10|5|13,network_wide,120
random-sparse,50,0.01,0.02,0.0,0.2,0.1,3.0,0.3,0.112,18,60,0.0,0.10204081632653061,35,8,103,0,35,10|6|10|5|14,network_wide,106
random-sparse,50,0.01,0.02,0.0,0.2,0.1,3.0,0.3,0.112,19,61,0.0,0.10204081632653061,34,8,103,0,34,9|6|10|5|15,network_wide,110
random-sparse,50,0.01,0.02,0.0,0.2,0.1,3.0,0.3,0.112,20,62,0.0,0.10204081632653061,33,8,103,0,33,8|6|10|5|16,network_wide,114
random-sparse,50,0.01,0.02,0.0,0.2,0.1,3.0,0.3,0.112,21,63,0.0,0.10204081632653061,32,8,103,0,32,7|6|10|5|17,network_wide,114
random-sparse,50,0.01,0.02,0.0,0.2,0.1,3.0,0.3,0.112,22,64,0.0,0.12244897959183673,49,8,1,0,49,6|6|10|5|17,network_wide,122
random-sparse,50,0.01,0.02,0.0,0.2,0.1,3.0,0.3,0.112,23,65,0.0,0.12244897959183673,48,8,4,0,48,5|6|10|5|17|1,network_wide,120
random-sparse,50,0.01,0.02,0.0,0.2,0.1,3.0,0.3,0.112,24,66,0.0,0.12244897959183673,47,8,4,0,47,4|6|10|5|17|2,network_wide,103
random-sparse,50,0.01,0.02,0.0,0.2,0.1,3.0,0.3,0.112,25,67,0.0,0.12244897959183673,46,8,1,0,46,2|6|10|5|17|3,network_wide,127
random-sparse,50,0.01,0.02,0.0,0.2,0.1,3.0,0.3,0.112,26,68,0.0,0.12244897959183673,45,8,1,0,45,1|6|10|5|17|4,network_wide,114
random-sparse,50,0.01,0.02,0.0,0.2,0.1,3.0,0.3,0.112,27,69,0.0,0.12244897959183673,44,8,1,0,44,1|6|10|5|17|5,network_wide,105
random-sparse,50,0.01,0.02,0.0,0.2,0.1,3.0,0.3,0.112,28,70,0.0,0.10204081632653061,43,8,1,0,43,6|10|5|17|6,network_wide,125
random-sparse,50,0.01,0.02,0.0,0.2,0.1,3.0,0.3,0.112,29,71,0.0,0.10204081632653061,42,8,4,0,42,5|10|5|17|7,network_wide,116
random-sparse,50,0.01,0.02,0.0,0.2,0.1,3.0,0.3,0.112,30,72,0.0,0.10204081632653061,41,8,1,0,41,5|10|5|17|8,network_wide,108
random-sparse,50,0.01,0.02,0.0,0.2,0.1,3.0,0.3,0.112,31,73,0.0,0.10204081632653061,40,8,4,0,40,4|10|5|17|9,network_wide,111
random-sparse,50,0.01,0.02,0.0,0.2,0.1,3.0,0.3,0.112,32,74,0.0,0.10204081632653061,39,8,1,0,39,3|10|5|17|10,network_wide,108
random-sparse,50,0.01,0.02,0.0,0.2,0.1,3.0,0.3,0.112,33,75,0.0,0.10204081632653061,38,8,1,0,38,1|10|5|17|11,network_wide,128
random-sparse,50,0.01,0.02,0.0,0.2,0.1,3.0,0.3,0.112,34,76,0.0,0.10204081632653061,37,8,1,0,37,1|10|5|17|12,network_wide,111
random-sparse,50,0.01,0.02,0.0,0.2,0.1,3.0,0.3,0.112,35,77,0.0,0.08163265306122448,36,8,1,0,36,10|5|17|13,network_wide,131
random-sparse,50,0.01,0.02,0.0,0.2,0.1,3.0,0.3,0.112,36,78,0.0,0.08163265306122448,35,8,1,0,35,9|5|17|14,network_wide,110
random-sparse,50,0.01,0.02,0.0,0.2,0.1,3.0,0.3,0.112,37,79,0.0,0.10204081632653061,49,8,1,0,49,9|5|17|14,network_wide,111
random-sparse,50,0.01,0.02,0.0,0.2,0.1,3.0,0.3,0.112,38,80,0.0,0.08163265306122448,48,8,113,0,48,8|5|32|1,network_wide,110
random-sparse,50,0.01,0.02,0.0,0.2,0.1,3.0,0.3,0.112,39,81,0.0,0.10204081632653061,47,8,1,0,47,7|5|17|14|2,network_wide,117
random-sparse,50,0.01,0.02,0.0,0.2,0.1,3.0,0.3,0.112,40,82,0.0,0.08163265306122448,46,8,113,0,46,5|5|32|3,network_wide,108
random-sparse,50,0.01,0.02,0.0,0.2,0.1,3.0,0.3,0.112,41,83,0.0,0.10204081632653061,45,8,1,0,45,5|5|17|14|4,network_wide,105
random-sparse,50,0.01,0.02,0.0,0.2,0.1,3.0,0.3,0.112,42,84,0.0,0.10204081632653061,44,8,4,0,44,3|5|17|14|5,network_wide,131
random-sparse,50,0.01,0.02,0.0,0.2,0.1,3.0,0.3,0.112,43,85,0.0,0.10204081632653061,43,8,1,0,43,2|5|17|14|6,network_wide,110
random-sparse,50,0.01,0.02,0.0,0.2,0.1,3.0,0.3,0.112,44,86,0.0,0.10204081632653061,42,8,4,0,42,2|5|17|14|7,network_wide,124
random-sparse,50,0.01,0.02,0.0,0.2,0.1,3.0,0.3,0.112,45,87,0.0,0.10204081632653061,41,8,1,0,41,1|5|17|14|8,network_wide,126
random-sparse,50,0.01,0.02,0.0,0.2,0.1,3.0,0.3,0.112,46,88,0.0,0.061224489795918366,40,4,113,0,40,5|32|9,network_wide,107
random-sparse,50,0.01,0.02,0.0,0.2,0.1,3.0,0.3,0.112,47,89,0.0,0.061224489795918366,39,4,3,0,39,5|17|14|10,network_wide,117
random-sparse,50,0.01,0.02,0.0,0.2,0.1,3.0,0.3,0.112,48,90,0.0,0.08163265306122448,49,7,1,0,49,5|17|14|10,network_wide,124
random-sparse,50,0.01,0.02,0.0,0.2,0.1,3.0,0.3,0.112,49,91,0.0,0.08163265306122448,48,7,1,0,48,4|17|14|10|1,network_wide,116
random-sparse,50,0.01,0.02,0.0,0.2,0.1,3.0,0.3,0.114,0,42,0.0,0.10204081632653061,47,8,5,0,47,14|12|6|10|2,network_wide,111
random-sparse,50,0.01,0.02,0.0,0.2,0.1,3.0,0.3,0.114,1,43,0.0,0.08163265306122448,46,8,103,0,46,26|6|10|3,network_wide,125
random-sparse,50,0.01,0.02,0.0,0.2,0.1,3.0,0.3,0.114,2,44,0.0,0.061224489795918366,44,8,103,0,44,26|6|10|5,network_wide,133
random-sparse,50,0.01,0.02,0.0,0.2,0.1,3.0,0.3,0.114,3,45,0.0,0.10204081632653061,44,8,5,0,44,12|12|6|10|5,network_wide,120
random-sparse,50,0.01,0.02,0.0,0.2,0.1,3.0,0.3,0.114,4,46,0.0,0.061224489795918366,42,8,103,0,42,24|6|10|7,network_wide,123
random-sparse,50,0.01,0.02,0.0,0.2,0.1,3.0,0.3,0.114,5,47,0.0,0.08163265306122448,42,8,103,0,42,22|6|10|7,network_wide,125
random-sparse,50,0.01,0.02,0.0,0.2,0.1,3.0,0.3,0.114,6,48,0.0,0.061224489795918366,40,8,103,0,40,22|6|10|9,network_wide,111
random-sparse,50,0.01,0.02,0.0,0.2,0.1,3.0,0.3,0.114,7,49,0.0,0.08163265306122448,40,8,103,0,40,20|6|10|9,network_wide,116
random-sparse,50,0.01,0.02,0.0,0.2,0.1,3.0,0.3,0.114,8,50,0.0,0.08163265306122448,39,8,103,0,39,20|6|10|10,network_wide,110
random-sparse,50,0.01,0.02,0.0,0.2,0.1,3.0,0.3,0.114,9,51,0.0,0.08163265306122448,38,8,103,0,38,19|6|10|11,network_wide,132
random-sparse,50,0.01,0.02,0.0,0.2,0.1,3.0,0.3,0.114,10,52,0.0,0.08163265306122448,37,8,103,0,37,18|6|10|12,network_wide,127
random-sparse,50,0.01,0.02,0.0,0.2,0.1,3.0,0.3,0.114,11,53,0.0,0.08163265306122448,36,8,103,0,36,16|6|10|13,network_wide,114
random-sparse,50,0.01,0.02,0.0,0.2,0.1,3.0,0.3,0.114,12,54,0.0,0.08163265306122448,35,8,103,0,35,16|6|10|14,network_wide,128
random-sparse,50,0.01,0.02,0.0,0.2,0.1,3.0,0.3,0.114,13,55,0.0,0.08163265306122448,34,8,103,0,34,14|6|10|15,network_wide,116
random-sparse,50,0.01,0.02,0.0,0.2,0.1,3.0,0.3,0.114,14,56,0.0,0.08163265306122448,33,8,103,0,33,14|6|10|16,network_wide,114
random-sparse,50,0.01,0.02,0.0,0.2,0.1,3.0,0.3,0.114,15,57,0.0,0.08163265306122448,32,8,103,0,32,12|6|10|17,network_wide,119
random-sparse,50,0.01,0.02,0.0,0.2,0.1,3.0,0.3,0.114,16,58,0.0,0.061224489795918366,30,8,103,0,30,12|6|10|19,network_wide,98
random-sparse,50,0.01,0.02,0.0,0.2,0.1,3.0,0.3,0.114,17,59,0.0,0.08163265306122448,30,8,103,0,30,10|6|10|19,network_wide,120
random-sparse,50,0.01,0.02,0.0,0.2,0.1,3.0,0.3,0.114,18,60,0.0,0.08163265306122448,29,8,103,0,29,10|6|10|20,network_wide,106
random-sparse,50,0.01,0.02,0.0,0.2,0.1,3.0,0.3,0.114,19,61,0.0,0.08163265306122448,28,8,103,0,28,9|6|10|21,network_wide,110
random-sparse,50,0.01,0.02,0.0,0.2,0.1,3.0,0.3,0.114,20,62,0.0,0.08163265306122448,27,8,103,0,27,8|6|10|22,network_wide,114
random-sparse,50,0.01,0.02,0.0,0.2,0.1,3.0,0.3,0.114,21,63,0.0,0.08163265306122448,26,8,103,0,26,7|6|10|23,network_wide,114
random-sparse,50,0.01,0.02,0.0,0.2,0.1,3.0,0.3,0.114,22,64,0.0,0.10204081632653061,49,8,1,0,49,6|6|10|23,network_wide,122
random-sparse,50,0.01,0.02,0.0,0.2,0.1,3.0,0.3,0.114,23,65,0.0,0.10204081632653061,48,8,4,0,48,5|6|10|23|1,network_wide,120
random-sparse,50,0.01,0.02,0.0,0.2,0.1,3.0,0.3,0.114,24,66,0.0,0.10204081632653061,47,8,4,0,47,4|6|10|23|2,network_wide,103
random-sparse,50,0.01,0.02,0.0,0.2,0.1,3.0,0.3,0.114,25,67,0.0,0.10204081632653061,46,8,1,0,46,2|6|10|23|3,network_wide,127
random-sparse,50,0.01,0.02,0.0,0.2,0.1,3.0,0.3,0.114,26,68,0.0,0.10204081632653061,45,8,1,0,45,1|6|10|23|4,network_wide,114
random-sparse,50,0.01,0.02,0.0,0.2,0.1,3.0,0.3,0.114,27,69,0.0,0.10204081632653061,44,8,1,0,44,1|6|10|23|5,network_wide,105
random-sparse,50,0.01,0.02,0.0,0.2,0.1,3.0,0.3,0.114,28,70,0.0,0.08163265306122448,43,8,1,0,43,6|10|23|6,network_wide,125
random-sparse,50,0.01,0.02,0.0,0.2,0.1,3.0,0.3,0.114,29,71,0.0,0.08163265306122448,42,8,4,0,42,5|10|23|7,network_wide,116
random-sparse,50,0.01,0.02,0.0,0.2,0.1,3.0,0.3,0.114,30,72,0.0,0.08163265306122448,41,8,1,0,41,5|10|23|8,network_wide,108
random-sparse,50,0.01,0.02,0.0,0.2,0.1,3.0,0.3,0.114,31,73,0.0,0.08163265306122448,40,8,4,0,40,4|10|23|9,network_wide,111
random-sparse,50,0.01,0.02,0.0,0.2,0.1,3.0,0.3,0.114,32,74,0.0,0.08163265306122448,39,8,1,0,39,3|10|23|10,network_wide,108
random-sparse,50,0.01,0.02,0.0,0.2,0.1,3.0,0.3,0.114,33,75,0.0,0.08163265306122448,38,8,1,0,38,1|10|23|11,network_wide,128
random-sparse,50,0.01,0.02,0.0,0.2,0.1,3.0,0.3,0.114,34,76,0.0,0.08163265306122448,37,8,1,0,37,1|10|23|12,network_wide,111
random-sparse,50,0.01,0.02,0.0,0.2,0.1,3.0,0.3,0.114,35,77,0.0,0.061224489795918366,36,8,1,0,36,10|23|13,network_wide,131
random-sparse,50,0.01,0.02,0.0,0.2,0.1,3.0,0.3,0.114,36,78,0.0,0.061224489795918366,35,8,1,0,35,9|23|14,network_wide,110
random-sparse,50,0.01,0.02,0.0,0.2,0.1,3.0,0.3,0.114,37,79,0.0,0.08163265306122448,49,8,1,0,49,9|23|14,network_wide,111
random-sparse,50,0.01,0.02,0.0,0.2,0.1,3.0,0.3,0.114,38,80,0.0,0.08163265306122448,48,8,113,0,48,8|5|32|1,network_wide,110
random-sparse,50,0.01,0.02,0.0,0.2,0.1,3.0,0.3,0.114,39,81,0.0,0.08163265306122448,47,8,1,0,47,7|23|14|2,network_wide,117
random-sparse,50,0.01,0.02,0.0,0.2,0.1,3.0,0.3,0.114,40,82,0.0,0.061224489795918366,46,8,113,0,46,5|38|3,network_wide,108
random-sparse,50,0.01,0.02,0.0,0.2,0.1,3.0,0.3,0.114,41,83,0.0,0.08163265306122448,45,8,1,0,45,5|23|14|4,network_wide,105
random-sparse,50,0.01,0.02,0.0,0.2,0.1,3.0,0.3,0.114,42,84,0.0,0.08163265306122448,44,8,4,0,44,3|23|14|5,core_weighted,131
random-sparse,50,0.01,0.02,0.0,0.2,0.1,3.0,0.3,0.114,43,85,0.0,0.08163265306122448,43,8,1,0,43,2|23|14|6,network_wide,110
random-sparse,50,0.01,0.02,0.0,0.2,0.1,3.0,0.3,0.114,44,86,0.0,0.08163265306122448,42,8,4,0,42,2|23|14|7,network_wide,124
random-sparse,50,0.01,0.02,0.0,0.2,0.1,3.0,0.3,0.114,45,87,0.0,0.08163265306122448,41,8,1,0,41,1|23|14|8,network_wide,126
random-sparse,50,0.01,0.02,0.0,0.2,0.1,3.0,0.3,0.114,46,88,0.0,0.04081632653061224,40,4,113,0,40,38|9,network_wide,107
random-sparse,50,0.01,0.02,0.0,0.2,0.1,3.0,0.3,0.114,47,89,0.0,0.04081632653061224,39,4,3,0,39,23|14|10,network_wide,117
random-sparse,50,0.01,0.02,0.0,0.2,0.1,3.0,0.3,0.114,48,90,0.0,0.061224489795918366,49,7,1,0,49,23|14|10,network_wide,124
random-sparse,50,0.01,0.02,0.0,0.2,0.1,3.0,0.3,0.114,49,91,0.0,0.061224489795918366,48,7,1,0,48,22|14|10|1,network_wide,116
random-sparse,50,0.01,0.02,0.0,0.2,0.1,3.0,0.3,0.116,0,42,0.0,0.061224489795918366,47,7,128,0,47,27|17|2,network_wide,111
random-sparse,50,0.01,0.02,0.0,0.2,0.1,3.0,0.3,0.116,1,43,0.0,0.061224489795918366,46,7,128,0,46,26|17|3,network_wide,125
random-sparse,50,0.01,0.02,0.0,0.2,0.1,3.0,0.3,0.116,2,44,0.0,0.04081632653061224,44,7,128,0,44,26|17|5,network_wide,133
random-sparse,50,0.01,0.02,0.0,0.2,0.1,3.0,0.3,0.116,3,45,0.0,0.061224489795918366,44,7,128,0,44,25|17|5,network_wide,120
random-sparse,50,0.01,0.02,0.0,0.2,0.1,3.0,0.3,0.116,4,46,0.0,0.04081632653061224,42,7,128,0,42,24|17|7,network_wide,123
random-sparse,50,0.01,0.02,0.0,0.2,0.1,3.0,0.3,0.116,5,47,0.0,0.061224489795918366,42,7,128,0,42,22|17|7,network_wide,125
random-sparse,50,0.01,0.02,0.0,0.2,0.1,3.0,0.3,0.116,6,48,0.0,0.04081632653061224,40,7,128,0,40,22|17|9,network_wide,111
random-sparse,50,0.01,0.02,0.0,0.2,0.1,3.0,0.3,0.116,7,49,0.0,0.061224489795918366,40,7,128,0,40,20|17|9,network_wide,116
random-sparse,50,0.01,0.02,0.0,0.2,0.1,3.0,0.3,0.116,8,50,0.0,0.061224489795918366,39,7,128,0,39,20|17|10,network_wide,110
random-sparse,50,0.01,0.02,0.0,0.2,0.1,3.0,0.3,0.116,9,51,0.0,0.061224489795918366,38,7,128,0,38,19|17|11,network_wide,132
random-sparse,50,0.01,0.02,0.0,0.2,0.1,3.0,0.3,0.116,10,52,0.0,0.061224489795918366,37,7,128,0,37,18|17|12,network_wide,127
random-sparse,50,0.01,0.02,0.0,0.2,0.1,3.0,0.3,0.116,11,53,0.0,0.061224489795918366,36,7,128,0,36,16|17|13,network_wide,114
random-sparse,50,0.01,0.02,0.0,0.2,0.1,3.0,0.3,0.116,12,54,0.0,0.061224489795918366,35,7,128,0,35,16|17|14,network_wide,128
random-sparse,50,0.01,0.02,0.0,0.2,0.1,3.0,0.3,0.116,13,55,0.0,0.061224489795918366,34,7,128,0,34,14|17|15,network_wide,116
random-sparse,50,0.01,0.02,0.0,0.2,0.1,3.0,0.3,0.116,14,56,0.0,0.061224489795918366,33,7,128,0,33,14|17|16,network_wide,114
random-sparse,50,0.01,0.02,0.0,0.2,0.1,3.0,0.3,0.116,15,57,0.0,0.061224489795918366,32,7,128,0,32,12|17|17,network_wide,119
random-sparse,50,0.01,0.02,0.0,0.2,0.1,3.0,0.3,0.116,16,58,0.0,0.061224489795918366,31,7,128,0,31,12|17|18,network_wide,98
random-sparse,50,0.01,0.02,0.0,0.2,0.1,3.0,0.3,0.116,17,59,0.0,0.061224489795918366,30,7,128,0,30,10|17|19,network_wide,120
random-sparse,50,0.01,0.02,0.0,0.2,0.1,3.0,0.3,0.116,18,60,0.0,0.061224489795918366,29,7,128,0,29,10|17|20,network_wide,106
random-sparse,50,0.01,0.02,0.0,0.2,0.1,3.0,0.3,0.116,19,61,0.0,0.061224489795918366,28,7,128,0,28,9|17|21,network_wide,110
random-sparse,50,0.01,0.02,0.0,0.2,0.1,3.0,0.3,0.116,20,62,0.0,0.061224489795918366,27,7,128,0,27,8|17|22,network_wide,114
random-sparse,50,0.01,0.02,0.0,0.2,0.1,3.0,0.3,0.116,21,63,0.0,0.061224489795918366,26,7,128,0,26,7|17|23,network_wide,114
random-sparse,50,0.01,0.02,0.0,0.2,0.1,3.0,0.3,0.116,22,64,0.0,0.08163265306122448,49,7,1,0,49,6|17|23,network_wide,122
random-sparse,50,0.01,0.02,0.0,0.2,0.1,3.0,0.3,0.116,23,65,0.0,0.08163265306122448,48,7,4,0,48,5|17|23|1,network_wide,120
random-sparse,50,0.01,0.02,0.0,0.2,0.1,3.0,0.3,0.116,24,66,0.0,0.061224489795918366,23,7,128,0,23,4|17|26,network_wide,103
random-sparse,50,0.01,0.02,0.0,0.2,0.1,3.0,0.3,0.116,25,67,0.0,0.08163265306122448,46,7,1,0,46,2|17|23|3,network_wide,127
random-sparse,50,0.01,0.02,0.0,0.2,0.1,3.0,0.3,0.116,26,68,0.0,0.08163265306122448,45,7,1,0,45,1|17|23|4,network_wide,114
random-sparse,50,0.01,0.02,0.0,0.2,0.1,3.0,0.3,0.116,27,69,0.0,0.08163265306122448,44,7,1,0,44,1|17|23|5,network_wide,105
random-sparse,50,0.01,0.02,0.0,0.2,0.1,3.0,0.3,0.116,28,70,0.0,0.061224489795918366,43,7,1,0,43,17|23|6,network_wide,125
random-sparse,50,0.01,0.02,0.0,0.2,0.1,3.0,0.3,0.116,29,71,0.0,0.04081632653061224,18,7,128,0,18,16|31,network_wide,116
random-sparse,50,0.01,0.02,0.0,0.2,0.1,3.0,0.3,0.116,30,72,0.0,0.061224489795918366,41,7,1,0,41,16|23|8,network_wide,108
random-sparse,50,0.01,0.02,0.0,0.2,0.1,3.0,0.3,0.116,31,73,0.0,0.061224489795918366,40,7,4,0,40,15|23|9,network_wide,111
random-sparse,50,0.01,0.02,0.0,0.2,0.1,3.0,0.3,0.116,32,74,0.0,0.061224489795918366,39,7,1,0,39,14|23|10,network_wide,108
random-sparse,50,0.01,0.02,0.0,0.2,0.1,3.0,0.3,0.116,33,75,0.0,0.061224489795918366,38,7,1,0,38,12|23|11,network_wide,128
random-sparse,50,0.01,0.02,0.0,0.2,0.1,3.0,0.3,0.116,34,76,0.0,0.061224489795918366,37,7,1,0,37,12|23|12,network_wide,111
random-sparse,50,0.01,0.02,0.0,0.2,0.1,3.0,0.3,0.116,35,77,0.0,0.061224489795918366,36,7,1,0,36,11|23|13,network_wide,131
random-sparse,50,0.01,0.02,0.0,0.2,0.1,3.0,0.3,0.116,36,78,0.0,0.061224489795918366,35,7,1,0,35,10|23|14,network_wide,110
random-sparse,50,0.01,0.02,0.0,0.2,0.1,3.0,0.3,0.116,37,79,0.0,0.08163265306122448,49,7,1,0,49,9|23|14,network_wide,111
random-sparse,50,0.01,0.02,0.0,0.2,0.1,3.0,0.3,0.116,38,80,0.0,0.061224489795918366,48,7,113,0,48,8|38|1,network_wide,110
random-sparse,50,0.01,0.02,0.0,0.2,0.1,3.0,0.3,0.116,39,81,0.0,0.08163265306122448,47,7,1,0,47,7|23|14|2,network_wide,117
random-sparse,50,0.01,0.02,0.0,0.2,0.1,3.0,0.3,0.116,40,82,0.0,0.061224489795918366,46,7,113,0,46,5|38|3,network_wide,108
random-sparse,50,0.01,0.02,0.0,0.2,0.1,3.0,0.3,0.116,41,83,0.0,0.08163265306122448,45,7,1,0,45,5|23|14|4,network_wide,105
random-sparse,50,0.01,0.02,0.0,0.2,0.1,3.0,0.3,0.116,42,84,0.0,0.08163265306122448,44,7,4,0,44,3|23|14|5,core_weighted,131
random-sparse,50,0.01,0.02,0.0,0.2,0.1,3.0,0.3,0.116,43,85,0.0,0.08163265306122448,43,7,1,0,43,2|23|14|6,network_wide,110
random-sparse,50,0.01,0.02,0.0,0.2,0.1,3.0,0.3,0.116,44,86,0.0,0.08163265306122448,42,7,4,0,42,2|23|14|7,network_wide,124
random-sparse,50,0.01,0.02,0.0,0.2,0.1,3.0,0.3,0.116,45,87,0.0,0.08163265306122448,41,7,1,0,41,1|23|14|8,network_wide,126
random-sparse,50,0.01,0.02,0.0,0.2,0.1,3.0,0.3,0.116,46,88,0.0,0.04081632653061224,40,4,113,0,40,38|9,network_wide,107
random-sparse,50,0.01,0.02,0.0,0.2,0.1,3.0,0.3,0.116,47,89,0.0,0.04081632653061224,39,4,3,0,39,23|14|10,network_wide,117
random-sparse,50,0.01,0.02,0.0,0.2,0.1,3.0,0.3,0.116,48,90,0.0,0.061224489795918366,49,7,1,0,49,23|14|10,network_wide,124
random-sparse,50,0.01,0.02,0.0,0.2,0.1,3.0,0.3,0.116,49,91,0.0,0.061224489795918366,48,7,1,0,48,22|14|10|1,network_wide,116
random-sparse,50,0.01,0.02,0.0,0.2,0.1,3.0,0.3,0.118,0,42,0.0,0.061224489795918366,47,7,128,0,47,27|17|2,network_wide,111
random-sparse,50,0.01,0.02,0.0,0.2,0.1,3.0,0.3,0.118,1,43,0.0,0.061224489795918366,46,7,128,0,46,26|17|3,network_wide,125
random-sparse,50,0.01,0.02,0.0,0.2,0.1,3.0,0.3,0.118,2,44,0.0,0.04081632653061224,44,7,128,0,44,26|17|5,network_wide,133
random-sparse,50,0.01,0.02,0.0,0.2,0.1,3.0,0.3,0.118,3,45,0.0,0.061224489795918366,44,7,128,0,44,25|17|5,network_wide,120
random-sparse,50,0.01,0.02,0.0,0.2,0.1,3.0,0.3,0.118,4,46,0.0,0.04081632653061224,42,7,128,0,42,24|17|7,network_wide,123
random-sparse,50,0.01,0.02,0.0,0.2,0.1,3.0,0.3,0.118,5,47,0.0,0.061224489795918366,42,7,128,0,42,22|17|7,network_wide,125
random-sparse,50,0.01,0.02,0.0,0.2,0.1,3.0,0.3,0.118,6,48,0.0,0.04081632653061224,40,7,128,0,40,22|17|9,network_wide,111
random-sparse,50,0.01,0.02,0.0,0.2,0.1,3.0,0.3,0.118,7,49,0.0,0.061224489795918366,40,7,128,0,40,20|17|9,network_wide,116
random-sparse,50,0.01,0.02,0.0,0.2,0.1,3.0,0.3,0.118,8,50,0.0,0.061224489795918366,39,7,128,0,39,20|17|10,network_wide,110
random-sparse,50,0.01,0.02,0.0,0.2,0.1,3.0,0.3,0.118,9,51,0.0,0.061224489795918366,38,7,128,0,38,19|17|11,network_wide,132
random-sparse,50,0.01,0.02,0.0,0.2,0.1,3.0,0.3,0.118,10,52,0.0,0.061224489795918366,37,7,128,0,37,18|17|12,network_wide,127
random-sparse,50,0.01,0.02,0.0,0.2,0.1,3.0,0.3,0.118,11,53,0.0,0.061224489795918366,36,7,128,0,36,16|17|13,network_wide,114
random-sparse,50,0.01,0.02,0.0,0.2,0.1,3.0,0.3,0.118,12,54,0.0,0.061224489795918366,35,7,128,0,35,16|17|14,network_wide,128
random-sparse,50,0.01,0.02,0.0,0.2,0.1,3.0,0.3,0.118,13,55,0.0,0.061224489795918366,34,7,128,0,34,14|17|15,network_wide,116
random-sparse,50,0.01,0.02,0.0,0.2,0.1,3.0,0.3,0.118,14,56,0.0,0.04081632653061224,32,7,128,0,32,14|17|17,network_wide,114
random-sparse,50,0.01,0.02,0.0,0.2,0.1,3.0,0.3,0.118,15,57,0.0,0.061224489795918366,32,7,128,0,32,12|17|17,network_wide,119
random-sparse,50,0.01,0.02,0.0,0.2,0.1,3.0,0.3,0.118,16,58,0.0,0.061224489795918366,31,7,128,0,31,12|17|18,network_wide,98
random-sparse,50,0.01,0.02,0.0,0.2,0.1,3.0,0.3,0.118,17,59,0.0,0.061224489795918366,30,7,128,0,30,10|17|19,network_wide,120
random-sparse,50,0.01,0.02,0.0,0.2,0.1,3.0,0.3,0.118,18,60,0.0,0.061224489795918366,29,7,128,0,29,10|17|20,network_wide,106
random-sparse,50,0.01,0.02,0.0,0.2,0.1,3.0,0.3,0.118,19,61,0.0,0.061224489795918366,28,7,128,0,28,9|17|21,network_wide,110
random-sparse,50,0.01,0.02,0.0,0.2,0.1,3.0,0.3,0.118,20,62,0.0,0.061224489795918366,27,7,128,0,27,8|17|22,network_wide,114
random-sparse,50,0.01,0.02,0.0,0.2,0.1,3.0,0.3,0.118,21,63,0.0,0.061224489795918366,26,7,128,0,26,7|17|23,network_wide,114
random-sparse,50,0.01,0.02,0.0,0.2,0.1,3.0,0.3,0.118,22,64,0.0,0.08163265306122448,49,7,1,0,49,6|17|23,network_wide,122
random-sparse,50,0.01,0.02,0.0,0.2,0.1,3.0,0.3,0.118,23,65,0.0,0.061224489795918366,24,7,128,0,24,5|17|25,network_wide,120
random-sparse,50,0.01,0.02,0.0,0.2,0.1,3.0,0.3,0.118,24,66,0.0,0.061224489795918366,23,7,128,0,23,4|17|26,network_wide,103
random-sparse,50,0.01,0.02,0.0,0.2,0.1,3.0,0.3,0.118,25,67,0.0,0.08163265306122448,46,7,1,0,46,2|17|23|3,network_wide,127
random-sparse,50,0.01,0.02,0.0,0.2,0.1,3.0,0.3,0.118,26,68,0.0,0.08163265306122448,45,7,1,0,45,1|17|23|4,network_wide,114
random-sparse,50,0.01,0.02,0.0,0.2,0.1,3.0,0.3,0.118,27,69,0.0,0.08163265306122448,44,7,1,0,44,1|17|23|5,network_wide,105
random-sparse,50,0.01,0.02,0.0,0.2,0.1,3.0,0.3,0.118,28,70,0.0,0.061224489795918366,43,7,1,0,43,17|23|6,network_wide,125
random-sparse,50,0.01,0.02,0.0,0.2,0.1,3.0,0.3,0.118,29,71,0.0,0.04081632653061224,18,7,128,0,18,16|31,network_wide,116
random-sparse,50,0.01,0.02,0.0,0.2,0.1,3.0,0.3,0.118,30,72,0.0,0.061224489795918366,41,7,1,0,41,16|23|8,network_wide,108
random-sparse,50,0.01,0.02,0.0,0.2,0.1,3.0,0.3,0.118,31,73,0.0,0.061224489795918366,40,7,4,0,40,15|23|9,network_wide,111
random-sparse,50,0.01,0.02,0.0,0.2,0.1,3.0,0.3,0.118,32,74,0.0,0.061224489795918366,39,7,1,0,39,14|23|10,network_wide,108
random-sparse,50,0.01,0.02,0.0,0.2,0.1,3.0,0.3,0.118,33,75,0.0,0.061224489795918366,38,7,1,0,38,12|23|11,network_wide,128
random-sparse,50,0.01,0.02,0.0,0.2,0.1,3.0,0.3,0.118,34,76,0.0,0.061224489795918366,37,7,1,0,37,12|23|12,network_wide,111
random-sparse,50,0.01,0.02,0.0,0.2,0.1,3.0,0.3,0.118,35,77,0.0,0.061224489795918366,36,7,1,0,36,11|23|13,network_wide,131
random-sparse,50,0.01,0.02,0.0,0.2,0.1,3.0,0.3,0.118,36,78,0.0,0.061224489795918366,35,7,1,0,35,10|23|14,network_wide,110
random-sparse,50,0.01,0.02,0.0,0.2,0.1,3.0,0.3,0.118,37,79,0.0,0.08163265306122448,49,7,1,0,49,9|23|14,network_wide,111
random-sparse,50,0.01,0.02,0.0,0.2,0.1,3.0,0.3,0.118,38,80,0.0,0.061224489795918366,48,7,113,0,48,8|38|1,network_wide,110
random-sparse,50,0.01,0.02,0.0,0.2,0.1,3.0,0.3,0.118,39,81,0.0,0.08163265306122448,47,7,1,0,47,7|23|14|2,network_wide,117
random-sparse,50,0.01,0.02,0.0,0.2,0.1,3.0,0.3,0.118,40,82,0.0,0.061224489795918366,46,7,113,0,46,5|38|3,network_wide,108
random-sparse,50,0.01,0.02,0.0,0.2,0.1,3.0,0.3,0.118,41,83,0.0,0.08163265306122448,45,7,1,0,45,5|23|14|4,network_wide,105
random-sparse,50,0.01,0.02,0.0,0.2,0.1,3.0,0.3,0.118,42,84,0.0,0.08163265306122448,44,7,4,0,44,3|23|14|5,core_weighted,131
random-sparse,50,0.01,0.02,0.0,0.2,0.1,3.0,0.3,0.118,43,85,0.0,0.08163265306122448,43,7,1,0,43,2|23|14|6,network_wide,110
random-sparse,50,0.01,0.02,0.0,0.2,0.1,3.0,0.3,0.118,44,86,0.0,0.061224489795918366,42,7,113,0,42,2|38|7,network_wide,124
random-sparse,50,0.01,0.02,0.0,0.2,0.1,3.0,0.3,0.118,45,87,0.0,0.08163265306122448,41,7,1,0,41,1|23|14|8,network_wide,126
random-sparse,50,0.01,0.02,0.0,0.2,0.1,3.0,0.3,0.118,46,88,0.0,0.04081632653061224,40,4,113,0,40,38|9,network_wide,107
random-sparse,50,0.01,0.02,0.0,0.2,0.1,3.0,0.3,0.118,47,89,0.0,0.04081632653061224,39,4,3,0,39,23|14|10,network_wide,117
random-sparse,50,0.01,0.02,0.0,0.2,0.1,3.0,0.3,0.118,48,90,0.0,0.061224489795918366,49,7,1,0,49,23|14|10,network_wide,124
random-sparse,50,0.01,0.02,0.0,0.2,0.1,3.0,0.3,0.118,49,91,0.0,0.061224489795918366,48,7,1,0,48,22|14|10|1,network_wide,116
random-sparse,50,0.01,0.02,0.0,0.2,0.1,3.0,0.3,0.12,0,42,0.0,0.061224489795918366,47,7,128,0,47,27|17|2,network_wide,111
random-sparse,50,0.01,0.02,0.0,0.2,0.1,3.0,0.3,0.12,1,43,0.0,0.061224489795918366,46,7,128,0,46,26|17|3,network_wide,125
random-sparse,50,0.01,0.02,0.0,0.2,0.1,3.0,0.3,0.12,2,44,0.0,0.04081632653061224,44,7,128,0,44,26|17|5,network_wide,133
random-sparse,50,0.01,0.02,0.0,0.2,0.1,3.0,0.3,0.12,3,45,0.0,0.061224489795918366,44,7,128,0,44,25|17|5,network_wide,120
random-sparse,50,0.01,0.02,0.0,0.2,0.1,3.0,0.3,0.12,4,46,0.0,0.04081632653061224,42,7,128,0,42,24|17|7,network_wide,123
random-sparse,50,0.01,0.02,0.0,0.2,0.1,3.0,0.3,0.12,5,47,0.0,0.061224489795918366,42,7,128,0,42,22|17|7,network_wide,125
random-sparse,50,0.01,0.02,0.0,0.2,0.1,3.0,0.3,0.12,6,48,0.0,0.04081632653061224,40,7,128,0,40,22|17|9,network_wide,111
random-sparse,50,0.01,0.02,0.0,0.2,0.1,3.0,0.3,0.12,7,49,0.0,0.061224489795918366,40,7,128,0,40,20|17|9,network_wide,116
random-sparse,50,0.01,0.02,0.0,0.2,0.1,3.0,0.3,0.12,8,50,0.0,0.061224489795918366,39,7,128,0,39,20|17|10,network_wide,110
random-sparse,50,0.01,0.02,0.0,0.2,0.1,3.0,0.3,0.12,9,51,0.0,0.061224489795918366,38,7,128,0,38,19|17|11,network_wide,132
random-sparse,50,0.01,0.02,0.0,0.2,0.1,3.0,0.3,0.12,10,52,0.0,0.061224489795918366,37,7,128,0,37,18|17|12,network_wide,127
random-sparse,50,0.01,0.02,0.0,0.2,0.1,3.0,0.3,0.12,11,53,0.0,0.061224489795918366,36,7,128,0,36,16|17|13,network_wide,114
random-sparse,50,0.01,0.02,0.0,0.2,0.1,3.0,0.3,0.12,12,54,0.0,0.061224489795918366,35,7,128,0,35,16|17|14,network_wide,128
random-sparse,50,0.01,0.02,0.0,0.2,0.1,3.0,0.3,0.12,13,55,0.0,0.061224489795918366,34,7,128,0,34,14|17|15,network_wide,116
random-sparse,50,0.01,0.02,0.0,0.2,0.1,3.0,0.3,0.12,14,56,0.0,0.04081632653061224,32,7,128,0,32,14|17|17,network_wide,114
random-sparse,50,0.01,0.02,0.0,0.2,0.1,3.0,0.3,0.12,15,57,0.0,0.061224489795918366,32,7,128,0,32,12|17|17,network_wide,119
random-sparse,50,0.01,0.02,0.0,0.2,0.1,3.0,0.3,0.12,16,58,0.0,0.061224489795918366,31,7,128,0,31,12|17|18,network_wide,98
random-sparse,50,0.01,0.02,0.0,0.2,0.1,3.0,0.3,0.12,17,59,0.0,0.061224489795918366,30,7,128,0,30,10|17|19,network_wide,120
random-sparse,50,0.01,0.02,0.0,0.2,0.1,3.0,0.3,0.12,18,60,0.0,0.061224489795918366,29,7,128,0,29,10|17|20,network_wide,106
random-sparse,50,0.01,0.02,0.0,0.2,0.1,3.0,0.3,0.12,19,61,0.0,0.061224489795918366,28,7,128,0,28,9|17|21,network_wide,110
random-sparse,50,0.01,0.02,0.0,0.2,0.1,3.0,0.3,0.12,20,62,0.0,0.061224489795918366,27,7,128,0,27,8|17|22,network_wide,114
random-sparse,50,0.01,0.02,0.0,0.2,0.1,3.0,0.3,0.12,21,63,0.0,0.061224489795918366,26,7,128,0,26,7|17|23,network_wide,114
random-sparse,50,0.01,0.02,0.0,0.2,0.1,3.0,0.3,0.12,22,64,0.0,0.08163265306122448,49,7,1,0,49,6|17|23,network_wide,122
random-sparse,50,0.01,0.02,0.0,0.2,0.1,3.0,0.3,0.12,23,65,0.0,0.061224489795918366,24,7,128,0,24,5|17|25,network_wide,120
random-sparse,50,0.01,0.02,0.0,0.2,0.1,3.0,0.3,0.12,24,66,0.0,0.061224489795918366,23,7,128,0,23,4|17|26,network_wide,103
random-sparse,50,0.01,0.02,0.0,0.2,0.1,3.0,0.3,0.12,25,67,0.0,0.08163265306122448,46,7,1,0,46,2|17|23|3,network_wide,127
random-sparse,50,0.01,0.02,0.0,0.2,0.1,3.0,0.3,0.12,26,68,0.0,0.08163265306122448,45,7,1,0,45,1|17|23|4,network_wide,114
random-sparse,50,0.01,0.02,0.0,0.2,0.1,3.0,0.3,0.12,27,69,0.0,0.08163265306122448,44,7,1,0,44,1|17|23|5,network_wide,105
random-sparse,50,0.01,0.02,0.0,0.2,0.1,3.0,0.3,0.12,28,70,0.0,0.061224489795918366,43,7,1,0,43,17|23|6,network_wide,125
random-sparse,50,0.01,0.02,0.0,0.2,0.1,3.0,0.3,0.12,29,71,0.0,0.04081632653061224,18,7,128,0,18,16|31,network_wide,116
random-sparse,50,0.01,0.02,0.0,0.2,0.1,3.0,0.3,0.12,30,72,0.0,0.061224489795918366,41,7,1,0,41,16|23|8,network_wide,108
random-sparse,50,0.01,0.02,0.0,0.2,0.1,3.0,0.3,0.12,31,73,0.0,0.061224489795918366,40,7,4,0,40,15|23|9,network_wide,111
random-sparse,50,0.01,0.02,0.0,0.2,0.1,3.0,0.3,0.12,32,74,0.0,0.061224489795918366,39,7,1,0,39,14|23|10,network_wide,108
random-sparse,50,0.01,0.02,0.0,0.2,0.1,3.0,0.3,0.12,33,75,0.0,0.061224489795918366,38,7,1,0,38,12|23|11,network_wide,128
random-sparse,50,0.01,0.02,0.0,0.2,0.1,3.0,0.3,0.12,34,76,0.0,0.061224489795918366,37,7,1,0,37,12|23|12,network_wide,111
random-sparse,50,0.01,0.02,0.0,0.2,0.1,3.0,0.3,0.12,35,77,0.0,0.061224489795918366,36,7,1,0,36,11|23|13,network_wide,131
random-sparse,50,0.01,0.02,0.0,0.2,0.1,3.0,0.3,0.12,36,78,0.0,0.061224489795918366,35,7,1,0,35,10|23|14,network_wide,110
random-sparse,50,0.01,0.02,0.0,0.2,0.1,3.0,0.3,0.12,37,79,0.0,0.08163265306122448,49,7,1,0,49,9|23|14,network_wide,111
random-sparse,50,0.01,0.02,0.0,0.2,0.1,3.0,0.3,0.12,38,80,0.0,0.061224489795918366,48,7,113,0,48,8|38|1,network_wide,110
random-sparse,50,0.01,0.02,0.0,0.2,0.1,3.0,0.3,0.12,39,81,0.0,0.08163265306122448,47,7,1,0,47,7|23|14|2,network_wide,117
random-sparse,50,0.01,0.02,0.0,0.2,0.1,3.0,0.3,0.12,40,82,0.0,0.061224489795918366,46,7,113,0,46,5|38|3,network_wide,108
random-sparse,50,0.01,0.02,0.0,0.2,0.1,3.0,0.3,0.12,41,83,0.0,0.08163265306122448,45,7,1,0,45,5|23|14|4,network_wide,105
random-sparse,50,0.01,0.02,0.0,0.2,0.1,3.0,0.3,0.12,42,84,0.0,0.061224489795918366,44,7,113,0,44,3|38|5,core_weighted,131
random-sparse,50,0.01,0.02,0.0,0.2,0.1,3.0,0.3,0.12,43,85,0.0,0.08163265306122448,43,7,1,0,43,2|23|14|6,network_wide,110
random-sparse,50,0.01,0.02,0.0,0.2,0.1,3.0,0.3,0.12,44,86,0.0,0.061224489795918366,42,7,113,0,42,2|38|7,network_wide,124
random-sparse,50,0.01,0.02,0.0,0.2,0.1,3.0,0.3,0.12,45,87,0.0,0.08163265306122448,41,7,1,0,41,1|23|14|8,network_wide,126
random-sparse,50,0.01,0.02,0.0,0.2,0.1,3.0,0.3,0.12,46,88,0.0,0.04081632653061224,40,4,113,0,40,38|9,network_wide,107
random-sparse,50,0.01,0.02,0.0,0.2,0.1,3.0,0.3,0.12,47,89,0.0,0.04081632653061224,39,4,3,0,39,23|14|10,network_wide,117
random-sparse,50,0.01,0.02,0.0,0.2,0.1,3.0,0.3,0.12,48,90,0.0,0.061224489795918366,49,7,1,0,49,23|14|10,network_wide,124
random-sparse,50,0.01,0.02,0.0,0.2,0.1,3.0,0.3,0.12,49,91,0.0,0.061224489795918366,48,7,1,0,48,22|14|10|1,network_wide,116
random-sparse,50,0.01,0.03,0.0,0.2,0.1,3.0,0.3,0.09,0,42,0.0,0.14285714285714285,46,8,5,0,46,3|4|5|12|4|1|10|3,network_wide,111
random-sparse,50,0.01,0.03,0.0,0.2,0.1,3.0,0.3,0.09,1,43,0.0,0.14285714285714285,45,8,6,0,45,2|4|5|12|4|1|10|4,network_wide,125
random-sparse,50,0.01,0.03,0.0,0.2,0.1,3.0,0.3,0.09,2,44,0.0,0.16326530612244897,45,8,5,0,45,2|4|5|12|4|1|10|4,network_wide,133
random-sparse,50,0.01,0.03,0.0,0.2,0.1,3.0,0.3,0.09,3,45,0.0,0.16326530612244897,44,8,4,0,44,1|4|5|12|4|1|10|5,network_wide,120
random-sparse,50,0.01,0.03,0.0,0.2,0.1,3.0,0.3,0.09,4,46,0.0,0.16326530612244897,49,8,5,0,49,4|5|12|4|1|10|5,network_wide,123
random-sparse,50,0.01,0.03,0.0,0.2,0.1,3.0,0.3,0.09,5,47,0.0,0.14285714285714285,48,8,6,0,48,3|5|12|4|1|10|6|1,network_wide,125
random-sparse,50,0.01,0.03,0.0,0.2,0.1,3.0,0.3,0.09,6,48,0.0,0.16326530612244897,47,8,5,0,47,3|5|12|4|1|10|5|2,network_wide,111
random-sparse,50,0.01,0.03,0.0,0.2,0.1,3.0,0.3,0.09,7,49,0.0,0.16326530612244897,46,8,5,0,46,1|5|12|4|1|10|5|3,network_wide,116
random-sparse,50,0.01,0.03,0.0,0.2,0.1,3.0,0.3,0.09,8,50,0.0,0.14285714285714285,45,8,5,0,45,1|5|12|4|1|10|6|4,network_wide,110
random-sparse,50,0.01,0.03,0.0,0.2,0.1,3.0,0.3,0.09,9,51,0.0,0.10204081632653061,44,8,102,0,44,18|4|1|10|6|5,network_wide,132
random-sparse,50,0.01,0.03,0.0,0.2,0.1,3.0,0.3,0.09,10,52,0.0,0.12244897959183673,43,8,102,0,43,17|4|1|10|5|6,network_wide,127
random-sparse,50,0.01,0.03,0.0,0.2,0.1,3.0,0.3,0.09,11,53,0.0,0.14285714285714285,42,8,6,0,42,3|12|4|1|10|5|7,network_wide,114
random-sparse,50,0.01,0.03,0.0,0.2,0.1,3.0,0.3,0.09,12,54,0.0,0.12244897959183673,41,8,102,0,41,16|4|1|10|5|8,network_wide,128
random-sparse,50,0.01,0.03,0.0,0.2,0.1,3.0,0.3,0.09,13,55,0.0,0.10204081632653061,40,8,102,0,40,14|4|1|10|6|9,network_wide,116
random-sparse,50,0.01,0.03,0.0,0.2,0.1,3.0,0.3,0.09,14,56,0.0,0.14285714285714285,39,8,6,0,39,1|12|4|1|10|5|10,network_wide,114
random-sparse,50,0.01,0.03,0.0,0.2,0.1,3.0,0.3,0.09,15,57,0.0,0.10204081632653061,38,8,102,0,38,12|4|1|10|6|11,network_wide,119
random-sparse,50,0.01,0.03,0.0,0.2,0.1,3.0,0.3,0.09,16,58,0.0,0.12244897959183673,37,8,102,0,37,12|4|1|10|5|12,network_wide,98
random-sparse,50,0.01,0.03,0.0,0.2,0.1,3.0,0.3,0.09,17,59,0.0,0.12244897959183673,36,8,102,0,36,10|4|1|10|5|13,network_wide,120
random-sparse,50,0.01,0.03,0.0,0.2,0.1,3.0,0.3,0.09,18,60,0.0,0.10204081632653061,35,8,102,0,35,10|4|1|10|6|14,network_wide,106
random-sparse,50,0.01,0.03,0.0,0.2,0.1,3.0,0.3,0.09,19,61,0.0,0.10204081632653061,34,8,102,0,34,9|4|1|10|6|15,network_wide,110
random-sparse,50,0.01,0.03,0.0,0.2,0.1,3.0,0.3,0.09,20,62,0.0,0.10204081632653061,33,8,102,0,33,8|4|1|10|6|16,network_wide,114
random-sparse,50,0.01,0.03,0.0,0.2,0.1,3.0,0.3,0.09,21,63,0.0,0.10204081632653061,32,8,102,0,32,7|4|1|10|6|17,network_wide,114
random-sparse,50,0.01,0.03,0.0,0.2,0.1,3.0,0.3,0.09,22,64,0.0,0.12244897959183673,49,8,1,0,49,6|4|1|10|6|17,network_wide,122
random-sparse,50,0.01,0.03,0.0,0.2,0.1,3.0,0.3,0.09,23,65,0.0,0.12244897959183673,48,8,4,0,48,5|4|1|10|6|17|1,network_wide,120
random-sparse,50,0.01,0.03,0.0,0.2,0.1,3.0,0.3,0.09,24,66,0.0,0.12244897959183673,47,8,4,0,47,4|4|1|10|6|17|2,network_wide,103
random-sparse,50,0.01,0.03,0.0,0.2,0.1,3.0,0.3,0.09,25,67,0.0,0.12244897959183673,46,8,1,0,46,2|4|1|10|6|17|3,network_wide,127
random-sparse,50,0.01,0.03,0.0,0.2,0.1,3.0,0.3,0.09,26,68,0.0,0.12244897959183673,45,8,1,0,45,1|4|1|10|6|17|4,network_wide,114
random-sparse,50,0.01,0.03,0.0,0.2,0.1,3.0,0.3,0.09,27,69,0.0,0.12244897959183673,44,8,1,0,44,1|4|1|10|6|17|5,network_wide,105
random-sparse,50,0.01,0.03,0.0,0.2,0.1,3.0,0.3,0.09,28,70,0.0,0.10204081632653061,43,8,1,0,43,4|1|10|6|17|6,network_wide,125
random-sparse,50,0.01,0.03,0.0,0.2,0.1,3.0,0.3,0.09,29,71,0.0,0.10204081632653061,42,8,4,0,42,3|1|10|6|17|7,network_wide,116
random-sparse,50,0.01,0.03,0.0,0.2,0.1,3.0,0.3,0.09,30,72,0.0,0.10204081632653061,41,8,1,0,41,2|1|10|6|17|8,network_wide,108
random-sparse,50,0.01,0.03,0.0,0.2,0.1,3.0,0.3,0.09,31,73,0.0,0.10204081632653061,40,8,3,0,40,2|1|10|6|17|9,network_wide,111
random-sparse,50,0.01,0.03,0.0,0.2,0.1,3.0,0.3,0.09,32,74,0.0,0.10204081632653061,39,8,1,0,39,1|10|6|17|10,network_wide,108
random-sparse,50,0.01,0.03,0.0,0.2,0.1,3.0,0.3,0.09,33,75,0.0,0.08163265306122448,38,8,1,0,38,1|10|6|17|11,network_wide,128
random-sparse,50,0.01,0.03,0.0,0.2,0.1,3.0,0.3,0.09,34,76,0.0,0.08163265306122448,37,8,1,0,37,1|10|6|17|12,network_wide,111
random-sparse,50,0.01,0.03,0.0,0.2,0.1,3.0,0.3,0.09,35,77,0.0,0.061224489795918366,36,8,1,0,36,10|6|17|13,network_wide,131
random-sparse,50,0.01,0.03,0.0,0.2,0.1,3.0,0.3,0.09,36,78,0.0,0.061224489795918366,35,8,1,0,35,9|6|17|14,network_wide,110
random-sparse,50,0.01,0.03,0.0,0.2,0.1,3.0,0.3,0.09,37,79,0.0,0.08163265306122448,49,8,1,0,49,9|6|17|14,network_wide,111
random-sparse,50,0.01,0.03,0.0,0.2,0.1,3.0,0.3,0.09,38,80,0.0,0.061224489795918366,48,8,113,0,48,8|6|32|1,network_wide,110
random-sparse,50,0.01,0.03,0.0,0.2,0.1,3.0,0.3,0.09,39,81,0.0,0.08163265306122448,47,8,1,0,47,7|6|17|14|2,network_wide,117
random-sparse,50,0.01,0.03,0.0,0.2,0.1,3.0,0.3,0.09,40,82,0.0,0.08163265306122448,46,8,4,0,46,5|6|17|14|3,network_wide,108
random-sparse,50,0.01,0.03,0.0,0.2,0.1,3.0,0.3,0.09,41,83,0.0,0.08163265306122448,45,8,1,0,45,5|6|17|14|4,network_wide,105
random-sparse,50,0.01,0.03,0.0,0.2,0.1,3.0,0.3,0.09,42,84,0.0,0.08163265306122448,44,8,4,0,44,3|6|17|14|5,network_wide,131
random-sparse,50,0.01,0.03,0.0,0.2,0.1,3.0,0.3,0.09,43,85,0.0,0.08163265306122448,43,8,1,0,43,2|6|17|14|6,network_wide,110
random-sparse,50,0.01,0.03,0.0,0.2,0.1,3.0,0.3,0.09,44,86,0.0,0.08163265306122448,42,8,4,0,42,2|6|17|14|7,network_wide,124
random-sparse,50,0.01,0.03,0.0,0.2,0.1,3.0,0.3,0.09,45,87,0.0,0.08163265306122448,41,8,1,0,41,1|6|17|14|8,network_wide,126
random-sparse,50,0.01,0.03,0.0,0.2,0.1,3.0,0.3,0.09,46,88,0.0,0.04081632653061224,40,5,113,0,40,6|32|9,network_wide,107
random-sparse,50,0.01,0.03,0.0,0.2,0.1,3.0,0.3,0.09,47,89,0.0,0.061224489795918366,39,5,3,0,39,5|17|14|10,network_wide,117
random-sparse,50,0.01,0.03,0.0,0.2,0.1,3.0,0.3,0.09,48,90,0.0,0.08163265306122448,49,8,1,0,49,4|17|14|10,network_wide,124
random-sparse,50,0.01,0.03,0.0,0.2,0.1,3.0,0.3,0.09,49,91,0.0,0.08163265306122448,48,8,1,0,48,4|17|14|10|1,network_wide,116
random-sparse,50,0.01,0.03,0.0,0.2,0.1,3.0,0.3,0.092,0,42,0.0,0.14285714285714285,46,8,5,0,46,3|4|5|12|4|1|10|3,network_wide,111
random-sparse,50,0.01,0.03,0.0,0.2,0.1,3.0,0.3,0.092,1,43,0.0,0.14285714285714285,45,8,45,0,45,2|4|15|2|4|1|10|4,network_wide,125
random-sparse,50,0.01,0.03,0.0,0.2,0.1,3.0,0.3,0.092,2,44,0.0,0.14285714285714285,44,8,5,0,44,2|4|5|12|4|1|10|5,network_wide,133
random-sparse,50,0.01,0.03,0.0,0.2,0.1,3.0,0.3,0.092,3,45,0.0,0.14285714285714285,43,8,4,0,43,1|4|5|12|4|1|10|6,network_wide,120
random-sparse,50,0.01,0.03,0.0,0.2,0.1,3.0,0.3,0.092,4,46,0.0,0.16326530612244897,49,8,5,0,49,4|5|9|2|4|1|10|6,network_wide,123
random-sparse,50,0.01,0.03,0.0,0.2,0.1,3.0,0.3,0.092,5,47,0.0,0.16326530612244897,48,8,6,0,48,3|5|9|2|4|1|10|6|1,network_wide,125
random-sparse,50,0.01,0.03,0.0,0.2,0.1,3.0,0.3,0.092,6,48,0.0,0.14285714285714285,47,8,5,0,47,3|5|12|4|1|10|6|2,network_wide,111
random-sparse,50,0.01,0.03,0.0,0.2,0.1,3.0,0.3,0.092,7,49,0.0,0.16326530612244897,46,8,5,0,46,1|5|12|4|1|10|5|3,network_wide,116
random-sparse,50,0.01,0.03,0.0,0.2,0.1,3.0,0.3,0.092,8,50,0.0,0.14285714285714285,45,8,5,0,45,1|5|12|4|1|10|6|4,network_wide,110
random-sparse,50,0.01,0.03,0.0,0.2,0.1,3.0,0.3,0.092,9,51,0.0,0.10204081632653061,44,8,102,0,44,18|4|1|10|6|5,network_wide,132
random-sparse,50,0.01,0.03,0.0,0.2,0.1,3.0,0.3,0.092,10,52,0.0,0.12244897959183673,43,8,47,0,43,14|2|4|1|10|6|6,network_wide,127
random-sparse,50,0.01,0.03,0.0,0.2,0.1,3.0,0.3,0.092,11,53,0.0,0.12244897959183673,42,8,6,0,42,3|12|4|1|10|6|7,network_wide,114
random-sparse,50,0.01,0.03,0.0,0.2,0.1,3.0,0.3,0.092,12,54,0.0,0.10204081632653061,41,8,102,0,41,16|4|1|10|6|8,network_wide,128
random-sparse,50,0.01,0.03,0.0,0.2,0.1,3.0,0.3,0.092,13,55,0.0,0.12244897959183673,40,8,47,0,40,11|2|4|1|10|6|9,network_wide,116
random-sparse,50,0.01,0.03,0.0,0.2,0.1,3.0,0.3,0.092,14,56,0.0,0.14285714285714285,39,8,6,0,39,1|9|2|4|1|10|6|10,network_wide,114
random-sparse,50,0.01,0.03,0.0,0.2,0.1,3.0,0.3,0.092,15,57,0.0,0.10204081632653061,38,8,102,0,38,12|4|1|10|6|11,network_wide,119
random-sparse,50,0.01,0.03,0.0,0.2,0.1,3.0,0.3,0.092,16,58,0.0,0.12244897959183673,37,8,47,0,37,9|2|4|1|10|6|12,network_wide,98
random-sparse,50,0.01,0.03,0.0,0.2,0.1,3.0,0.3,0.092,17,59,0.0,0.12244897959183673,36,8,47,0,36,7|2|4|1|10|6|13,network_wide,120
random-sparse,50,0.01,0.03,0.0,0.2,0.1,3.0,0.3,0.092,18,60,0.0,0.10204081632653061,35,8,102,0,35,10|4|1|10|6|14,network_wide,106
random-sparse,50,0.01,0.03,0.0,0.2,0.1,3.0,0.3,0.092,19,61,0.0,0.12244897959183673,34,8,47,0,34,6|2|4|1|10|6|15,network_wide,110
random-sparse,50,0.01,0.03,0.0,0.2,0.1,3.0,0.3,0.092,20,62,0.0,0.10204081632653061,33,8,102,0,33,8|4|1|10|6|16,network_wide,114
random-sparse,50,0.01,0.03,0.0,0.2,0.1,3.0,0.3,0.092,21,63,0.0,0.12244897959183673,32,8,47,0,32,4|2|4|1|10|6|17,network_wide,114
random-sparse,50,0.01,0.03,0.0,0.2,0.1,3.0,0.3,0.092,22,64,0.0,0.12244897959183673,49,8,1,0,49,6|4|1|10|6|17,network_wide,122
random-sparse,50,0.01,0.03,0.0,0.2,0.1,3.0,0.3,0.092,23,65,0.0,0.14285714285714285,48,8,4,0,48,2|2|4|1|10|6|17|1,network_wide,120
random-sparse,50,0.01,0.03,0.0,0.2,0.1,3.0,0.3,0.092,24,66,0.0,0.14285714285714285,47,8,4,0,47,1|2|4|1|10|6|17|2,network_wide,103
random-sparse,50,0.01,0.03,0.0,0.2,0.1,3.0,0.3,0.092,25,67,0.0,0.12244897959183673,46,8,1,0,46,2|4|1|10|6|17|3,network_wide,127
random-sparse,50,0.01,0.03,0.0,0.2,0.1,3.0,0.3,0.092,26,68,0.0,0.12244897959183673,45,8,1,0,45,1|4|1|10|6|17|4,network_wide,114
random-sparse,50,0.01,0.03,0.0,0.2,0.1,3.0,0.3,0.092,27,69,0.0,0.12244897959183673,44,8,1,0,44,1|4|1|10|6|17|5,network_wide,105
random-sparse,50,0.01,0.03,0.0,0.2,0.1,3.0,0.3,0.092,28,70,0.0,0.10204081632653061,43,8,1,0,43,4|1|10|6|17|6,network_wide,125
random-sparse,50,0.01,0.03,0.0,0.2,0.1,3.0,0.3,0.092,29,71,0.0,0.10204081632653061,42,8,4,0,42,3|1|10|6|17|7,network_wide,116
random-sparse,50,0.01,0.03,0.0,0.2,0.1,3.0,0.3,0.092,30,72,0.0,0.10204081632653061,41,8,1,0,41,2|1|10|6|17|8,network_wide,108
random-sparse,50,0.01,0.03,0.0,0.2,0.1,3.0,0.3,0.092,31,73,0.0,0.10204081632653061,40,8,3,0,40,2|1|10|6|17|9,network_wide,111
random-sparse,50,0.01,0.03,0.0,0.2,0.1,3.0,0.3,0.092,32,74,0.0,0.10204081632653061,39,8,1,0,39,1|10|6|17|10,network_wide,108
random-sparse,50,0.01,0.03,0.0,0.2,0.1,3.0,0.3,0.092,33,75,0.0,0.08163265306122448,38,8,1,0,38,1|10|6|17|11,network_wide,128
random-sparse,50,0.01,0.03,0.0,0.2,0.1,3.0,0.3,0.092,34,76,0.0,0.08163265306122448,37,8,1,0,37,1|10|6|17|12,network_wide,111
random-sparse,50,0.01,0.03,0.0,0.2,0.1,3.0,0.3,0.092,35,77,0.0,0.061224489795918366,36,8,1,0,36,10|6|17|13,network_wide,131
random-sparse,50,0.01,0.03,0.0,0.2,0.1,3.0,0.3,0.092,36,78,0.0,0.061224489795918366,35,8,1,0,35,9|6|17|14,network_wide,110
random-sparse,50,0.01,0.03,0.0,0.2,0.1,3.0,0.3,0.092,37,79,0.0,0.08163265306122448,49,8,1,0,49,9|6|17|14,network_wide,111
random-sparse,50,0.01,0.03,0.0,0.2,0.1,3.0,0.3,0.092,38,80,0.0,0.061224489795918366,48,8,113,0,48,8|6|32|1,network_wide,110
random-sparse,50,0.01,0.03,0.0,0.2,0.1,3.0,0.3,0.092,39,81,0.0,0.08163265306122448,47,8,1,0,47,7|6|17|14|2,network_wide,117
random-sparse,50,0.01,0.03,0.0,0.2,0.1,3.0,0.3,0.092,40,82,0.0,0.08163265306122448,46,8,4,0,46,5|6|17|14|3,network_wide,108
random-sparse,50,0.01,0.03,0.0,0.2,0.1,3.0,0.3,0.092,41,83,0.0,0.08163265306122448,45,8,1,0,45,5|6|17|14|4,network_wide,105
random-sparse,50,0.01,0.03,0.0,0.2,0.1,3.0,0.3,0.092,42,84,0.0,0.08163265306122448,44,8,4,0,44,3|6|17|14|5,network_wide,131
random-sparse,50,0.01,0.03,0.0,0.2,0.1,3.0,0.3,0.092,43,85,0.0,0.08163265306122448,43,8,1,0,43,2|6|17|14|6,network_wide,110
random-sparse,50,0.01,0.03,0.0,0.2,0.1,3.0,0.3,0.092,44,86,0.0,0.08163265306122448,42,8,4,0,42,2|6|17|14|7,network_wide,124
random-sparse,50,0.01,0.03,0.0,0.2,0.1,3.0,0.3,0.092,45,87,0.0,0.08163265306122448,41,8,1,0,41,1|6|17|14|8,network_wide,126
random-sparse,50,0.01,0.03,0.0,0.2,0.1,3.0,0.3,0.092,46,88,0.0,0.04081632653061224,40,5,113,0,40,6|32|9,network_wide,107
random-sparse,50,0.01,0.03,0.0,0.2,0.1,3.0,0.3,0.092,47,89,0.0,0.061224489795918366,39,5,3,0,39,5|17|14|10,network_wide,117
random-sparse,50,0.01,0.03,0.0,0.2,0.1,3.0,0.3,0.092,48,90,0.0,0.08163265306122448,49,8,1,0,49,4|17|14|10,network_wide,124
random-sparse,50,0.01,0.03,0.0,0.2,0.1,3.0,0.3,0.092,49,91,0.0,0.08163265306122448,48,8,1,0,48,4|17|14|10|1,network_wide,116
random-sparse,50,0.01,0.03,0.0,0.2,0.1,3.0,0.3,0.094,0,42,0.0,0.14285714285714285,46,8,5,0,46,3|10|9|2|4|1|10|3,network_wide,111
random-sparse,50,0.01,0.03,0.0,0.2,0.1,3.0,0.3,0.094,1,43,0.0,0.12244897959183673,46,8,45,0,46,2|23|4|1|10|3,network_wide,125
random-sparse,50,0.01,0.03,0.0,0.2,0.1,3.0,0.3,0.094,2,44,0.0,0.12244897959183673,44,8,5,0,44,2|10|12|4|1|10|5,network_wide,133
random-sparse,50,0.01,0.03,0.0,0.2,0.1,3.0,0.3,0.094,3,45,0.0,0.16326530612244897,43,8,5,0,43,1|4|5|9|2|4|1|10|6,network_wide,120
random-sparse,50,0.01,0.03,0.0,0.2,0.1,3.0,0.3,0.094,4,46,0.0,0.12244897959183673,49,8,5,0,49,10|12|4|1|10|6,network_wide,123
random-sparse,50,0.01,0.03,0.0,0.2,0.1,3.0,0.3,0.094,5,47,0.0,0.10204081632653061,48,8,102,0,48,22|4|1|10|6|1,network_wide,125
random-sparse,50,0.01,0.03,0.0,0.2,0.1,3.0,0.3,0.094,6,48,0.0,0.12244897959183673,47,8,5,0,47,9|12|4|1|10|6|2,network_wide,111
random-sparse,50,0.01,0.03,0.0,0.2,0.1,3.0,0.3,0.094,7,49,0.0,0.14285714285714285,46,8,6,0,46,1|5|12|4|1|10|6|3,network_wide,116
random-sparse,50,0.01,0.03,0.0,0.2,0.1,3.0,0.3,0.094,8,50,0.0,0.14285714285714285,45,8,6,0,45,1|5|12|4|1|10|6|4,network_wide,110
random-sparse,50,0.01,0.03,0.0,0.2,0.1,3.0,0.3,0.094,9,51,0.0,0.12244897959183673,44,8,48,0,44,15|2|4|1|10|6|5,network_wide,132
random-sparse,50,0.01,0.03,0.0,0.2,0.1,3.0,0.3,0.094,10,52,0.0,0.10204081632653061,43,8,102,0,43,17|4|1|10|6|6,network_wide,127
random-sparse,50,0.01,0.03,0.0,0.2,0.1,3.0,0.3,0.094,11,53,0.0,0.12244897959183673,42,8,6,0,42,3|12|4|1|10|6|7,network_wide,114
random-sparse,50,0.01,0.03,0.0,0.2,0.1,3.0,0.3,0.094,12,54,0.0,0.12244897959183673,41,8,48,0,41,13|2|4|1|10|6|8,network_wide,128
random-sparse,50,0.01,0.03,0.0,0.2,0.1,3.0,0.3,0.094,13,55,0.0,0.10204081632653061,40,8,102,0,40,14|4|1|10|6|9,network_wide,116
random-sparse,50,0.01,0.03,0.0,0.2,0.1,3.0,0.3,0.094,14,56,0.0,0.10204081632653061,39,8,102,0,39,14|4|1|10|6|10,network_wide,114
random-sparse,50,0.01,0.03,0.0,0.2,0.1,3.0,0.3,0.094,15,57,0.0,0.10204081632653061,38,8,102,0,38,12|4|1|10|6|11,network_wide,119
random-sparse,50,0.01,0.03,0.0,0.2,0.1,3.0,0.3,0.094,16,58,0.0,0.10204081632653061,37,8,102,0,37,12|4|1|10|6|12,network_wide,98
random-sparse,50,0.01,0.03,0.0,0.2,0.1,3.0,0.3,0.094,17,59,0.0,0.10204081632653061,36,8,102,0,36,10|4|1|10|6|13,network_wide,120
random-sparse,50,0.01,0.03,0.0,0.2,0.1,3.0,0.3,0.094,18,60,0.0,0.12244897959183673,35,8,48,0,35,7|2|4|1|10|6|14,network_wide,106
random-sparse,50,0.01,0.03,0.0,0.2,0.1,3.0,0.3,0.094,19,61,0.0,0.10204081632653061,34,8,102,0,34,9|4|1|10|6|15,network_wide,110
random-sparse,50,0.01,0.03,0.0,0.2,0.1,3.0,0.3,0.094,20,62,0.0,0.10204081632653061,33,8,102,0,33,8|4|1|10|6|16,network_wide,114
random-sparse,50,0.01,0.03,0.0,0.2,0.1,3.0,0.3,0.094,21,63,0.0,0.10204081632653061,32,8,102,0,32,7|4|1|10|6|17,network_wide,114
random-sparse,50,0.01,0.03,0.0,0.2,0.1,3.0,0.3,0.094,22,64,0.0,0.12244897959183673,49,8,1,0,49,6|4|1|10|6|17,network_wide,122
random-sparse,50,0.01,0.03,0.0,0.2,0.1,3.0,0.3,0.094,23,65,0.0,0.14285714285714285,48,8,4,0,48,2|2|4|1|10|6|17|1,network_wide,120
random-sparse,50,0.01,0.03,0.0,0.2,0.1,3.0,0.3,0.094,24,66,0.0,0.14285714285714285,47,8,4,0,47,1|2|4|1|10|6|17|2,network_wide,103
random-sparse,50,0.01,0.03,0.0,0.2,0.1,3.0,0.3,0.094,25,67,0.0,0.12244897959183673,46,8,1,0,46,2|4|1|10|6|17|3,network_wide,127
random-sparse,50,0.01,0.03,0.0,0.2,0.1,3.0,0.3,0.094,26,68,0.0,0.12244897959183673,45,8,1,0,45,1|4|1|10|6|17|4,network_wide,114
random-sparse,50,0.01,0.03,0.0,0.2,0.1,3.0,0.3,0.094,27,69,0.0,0.12244897959183673,44,8,1,0,44,1|4|1|10|6|17|5,network_wide,105
random-sparse,50,0.01,0.03,0.0,0.2,0.1,3.0,0.3,0.094,28,70,0.0,0.10204081632653061,43,8,1,0,43,4|1|10|6|17|6,network_wide,125
random-sparse,50,0.01,0.03,0.0,0.2,0.1,3.0,0.3,0.094,29,71,0.0,0.10204081632653061,42,8,4,0,42,3|1|10|6|17|7,network_wide,116
random-sparse,50,0.01,0.03,0.0,0.2,0.1,3.0,0.3,0.094,30,72,0.0,0.10204081632653061,41,8,1,0,41,2|1|10|6|17|8,network_wide,108
random-sparse,50,0.01,0.03,0.0,0.2,0.1,3.0,0.3,0.094,31,73,0.0,0.10204081632653061,40,8,3,0,40,2|1|10|6|17|9,network_wide,111
random-sparse,50,0.01,0.03,0.0,0.2,0.1,3.0,0.3,0.094,32,74,0.0,0.10204081632653061,39,8,1,0,39,1|10|6|17|10,network_wide,108
random-sparse,50,0.01,0.03,0.0,0.2,0.1,3.0,0.3,0.094,33,75,0.0,0.08163265306122448,38,8,1,0,38,1|10|6|17|11,network_wide,128
random-sparse,50,0.01,0.03,0.0,0.2,0.1,3.0,0.3,0.094,34,76,0.0,0.08163265306122448,37,8,1,0,37,1|10|6|17|12,network_wide,111
random-sparse,50,0.01,0.03,0.0,0.2,0.1,3.0,0.3,0.094,35,77,0.0,0.061224489795918366,36,8,1,0,36,10|6|17|13,network_wide,131
random-sparse,50,0.01,0.03,0.0,0.2,0.1,3.0,0.3,0.094,36,78,0.0,0.061224489795918366,35,8,1,0,35,9|6|17|14,network_wide,110
random-sparse,50,0.01,0.03,0.0,0.2,0.1,3.0,0.3,0.094,37,79,0.0,0.08163265306122448,49,8,1,0,49,9|6|17|14,network_wide,111
random-sparse,50,0.01,0.03,0.0,0.2,0.1,3.0,0.3,0.094,38,80,0.0,0.061224489795918366,48,8,113,0,48,8|6|32|1,network_wide,110
random-sparse,50,0.01,0.03,0.0,0.2,0.1,3.0,0.3,0.094,39,81,0.0,0.08163265306122448,47,8,1,0,47,7|6|17|14|2,network_wide,117
random-sparse,50,0.01,0.03,0.0,0.2,0.1,3.0,0.3,0.094,40,82,0.0,0.08163265306122448,46,8,4,0,46,5|6|17|14|3,network_wide,108
random-sparse,50,0.01,0.03,0.0,0.2,0.1,3.0,0.3,0.094,41,83,0.0,0.08163265306122448,45,8,1,0,45,5|6|17|14|4,network_wide,105
random-sparse,50,0.01,0.03,0.0,0.2,0.1,3.0,0.3,0.094,42,84,0.0,0.08163265306122448,44,8,4,0,44,3|6|17|14|5,network_wide,131
random-sparse,50,0.01,0.03,0.0,0.2,0.1,3.0,0.3,0.094,43,85,0.0,0.08163265306122448,43,8,1,0,43,2|6|17|14|6,network_wide,110
random-sparse,50,0.01,0.03,0.0,0.2,0.1,3.0,0.3,0.094,44,86,0.0,0.08163265306122448,42,8,4,0,42,2|6|17|14|7,network_wide,124
random-sparse,50,0.01,0.03,0.0,0.2,0.1,3.0,0.3,0.094,45,87,0.0,0.08163265306122448,41,8,1,0,41,1|6|17|14|8,network_wide,126
random-sparse,50,0.01,0.03,0.0,0.2,0.1,3.0,0.3,0.094,46,88,0.0,0.04081632653061224,40,4,113,0,40,6|32|9,network_wide,107
random-sparse,50,0.01,0.03,0.0,0.2,0.1,3.0,0.3,0.094,47,89,0.0,0.061224489795918366,39,5,3,0,39,5|17|14|10,network_wide,117
random-sparse,50,0.01,0.03,0.0,0.2,0.1,3.0,0.3,0.094,48,90,0.0,0.08163265306122448,49,8,1,0,49,4|17|14|10,network_wide,124
random-sparse,50,0.01,0.03,0.0,0.2,0.1,3.0,0.3,0.094,49,91,0.0,0.08163265306122448,48,8,1,0,48,4|17|14|10|1,network_wide,116
random-sparse,50,0.01,0.03,0.0,0.2,0.1,3.0,0.3,0.096,0,42,0.0,0.12244897959183673,47,8,5,0,47,3|10|12|6|10|2,network_wide,111
random-sparse,50,0.01,0.03,0.0,0.2,0.1,3.0,0.3,0.096,1,43,0.0,0.10204081632653061,46,8,45,0,46,2|23|6|10|3,network_wide,125
random-sparse,50,0.01,0.03,0.0,0.2,0.1,3.0,0.3,0.096,2,44,0.0,0.10204081632653061,44,8,5,0,44,2|10|12|6|10|5,network_wide,133
random-sparse,50,0.01,0.03,0.0,0.2,0.1,3.0,0.3,0.096,3,45,0.0,0.12244897959183673,44,8,5,0,44,1|10|12|6|10|5,network_wide,120
random-sparse,50,0.01,0.03,0.0,0.2,0.1,3.0,0.3,0.096,4,46,0.0,0.10204081632653061,49,8,5,0,49,10|12|6|10|6,network_wide,123
random-sparse,50,0.01,0.03,0.0,0.2,0.1,3.0,0.3,0.096,5,47,0.0,0.10204081632653061,48,8,102,0,48,22|6|10|5|1,network_wide,125
random-sparse,50,0.01,0.03,0.0,0.2,0.1,3.0,0.3,0.096,6,48,0.0,0.10204081632653061,47,8,5,0,47,9|12|6|10|6|2,network_wide,111
random-sparse,50,0.01,0.03,0.0,0.2,0.1,3.0,0.3,0.096,7,49,0.0,0.12244897959183673,46,8,6,0,46,7|12|6|10|5|3,network_wide,116
random-sparse,50,0.01,0.03,0.0,0.2,0.1,3.0,0.3,0.096,8,50,0.0,0.12244897959183673,45,8,6,0,45,7|12|6|10|5|4,network_wide,110
random-sparse,50,0.01,0.03,0.0,0.2,0.1,3.0,0.3,0.096,9,51,0.0,0.10204081632653061,44,8,102,0,44,19|6|10|5|5,network_wide,132
random-sparse,50,0.01,0.03,0.0,0.2,0.1,3.0,0.3,0.096,10,52,0.0,0.08163265306122448,43,8,102,0,43,17|6|10|6|6,network_wide,127
random-sparse,50,0.01,0.03,0.0,0.2,0.1,3.0,0.3,0.096,11,53,0.0,0.08163265306122448,42,8,102,0,42,16|6|10|6|7,network_wide,114
random-sparse,50,0.01,0.03,0.0,0.2,0.1,3.0,0.3,0.096,12,54,0.0,0.08163265306122448,41,8,102,0,41,16|6|10|6|8,network_wide,128
random-sparse,50,0.01,0.03,0.0,0.2,0.1,3.0,0.3,0.096,13,55,0.0,0.10204081632653061,40,8,102,0,40,14|6|10|5|9,network_wide,116
random-sparse,50,0.01,0.03,0.0,0.2,0.1,3.0,0.3,0.096,14,56,0.0,0.10204081632653061,39,8,102,0,39,14|6|10|5|10,network_wide,114
random-sparse,50,0.01,0.03,0.0,0.2,0.1,3.0,0.3,0.096,15,57,0.0,0.10204081632653061,38,8,102,0,38,12|6|10|5|11,network_wide,119
random-sparse,50,0.01,0.03,0.0,0.2,0.1,3.0,0.3,0.096,16,58,0.0,0.08163265306122448,37,8,102,0,37,12|6|10|6|12,network_wide,98
random-sparse,50,0.01,0.03,0.0,0.2,0.1,3.0,0.3,0.096,17,59,0.0,0.10204081632653061,36,8,102,0,36,10|6|10|5|13,network_wide,120
random-sparse,50,0.01,0.03,0.0,0.2,0.1,3.0,0.3,0.096,18,60,0.0,0.10204081632653061,35,8,102,0,35,10|6|10|5|14,network_wide,106
random-sparse,50,0.01,0.03,0.0,0.2,0.1,3.0,0.3,0.096,19,61,0.0,0.10204081632653061,34,8,102,0,34,9|6|10|5|15,network_wide,110
random-sparse,50,0.01,0.03,0.0,0.2,0.1,3.0,0.3,0.096,20,62,0.0,0.10204081632653061,33,8,102,0,33,8|6|10|5|16,network_wide,114
random-sparse,50,0.01,0.03,0.0,0.2,0.1,3.0,0.3,0.096,21,63,0.0,0.10204081632653061,32,8,102,0,32,7|6|10|5|17,network_wide,114
random-sparse,50,0.01,0.03,0.0,0.2,0.1,3.0,0.3,0.096,22,64,0.0,0.12244897959183673,49,8,1,0,49,6|6|10|5|17,network_wide,122
random-sparse,50,0.01,0.03,0.0,0.2,0.1,3.0,0.3,0.096,23,65,0.0,0.12244897959183673,48,8,4,0,48,5|6|10|5|17|1,network_wide,120
random-sparse,50,0.01,0.03,0.0,0.2,0.1,3.0,0.3,0.096,24,66,0.0,0.12244897959183673,47,8,4,0,47,4|6|10|5|17|2,network_wide,103
random-sparse,50,0.01,0.03,0.0,0.2,0.1,3.0,0.3,0.096,25,67,0.0,0.12244897959183673,46,8,1,0,46,2|6|10|5|17|3,network_wide,127
random-sparse,50,0.01,0.03,0.0,0.2,0.1,3.0,0.3,0.096,26,68,0.0,0.12244897959183673,45,8,1,0,45,1|6|10|5|17|4,network_wide,114
random-sparse,50,0.01,0.03,0.0,0.2,0.1,3.0,0.3,0.096,27,69,0.0,0.12244897959183673,44,8,1,0,44,1|6|10|5|17|5,network_wide,105
random-sparse,50,0.01,0.03,0.0,0.2,0.1,3.0,0.3,0.096,28,70,0.0,0.10204081632653061,43,8,1,0,43,6|10|5|17|6,network_wide,125
random-sparse,50,0.01,0.03,0.0,0.2,0.1,3.0,0.3,0.096,29,71,0.0,0.10204081632653061,42,8,4,0,42,5|10|5|17|7,network_wide,116
random-sparse,50,0.01,0.03,0.0,0.2,0.1,3.0,0.3,0.096,30,72,0.0,0.10204081632653061,41,8,1,0,41,4|10|5|17|8,network_wide,108
random-sparse,50,0.01,0.03,0.0,0.2,0.1,3.0,0.3,0.096,31,73,0.0,0.10204081632653061,40,8,3,0,40,4|10|5|17|9,network_wide,111
random-sparse,50,0.01,0.03,0.0,0.2,0.1,3.0,0.3,0.096,32,74,0.0,0.10204081632653061,39,8,1,0,39,2|10|5|17|10,network_wide,108
random-sparse,50,0.01,0.03,0.0,0.2,0.1,3.0,0.3,0.096,33,75,0.0,0.10204081632653061,38,8,1,0,38,1|10|5|17|11,network_wide,128
random-sparse,50,0.01,0.03,0.0,0.2,0.1,3.0,0.3,0.096,34,76,0.0,0.10204081632653061,37,8,1,0,37,1|10|5|17|12,network_wide,111
random-sparse,50,0.01,0.03,0.0,0.2,0.1,3.0,0.3,0.096,35,77,0.0,0.08163265306122448,36,8,1,0,36,10|5|17|13,network_wide,131
random-sparse,50,0.01,0.03,0.0,0.2,0.1,3.0,0.3,0.096,36,78,0.0,0.08163265306122448,35,8,1,0,35,9|5|17|14,network_wide,110
random-sparse,50,0.01,0.03,0.0,0.2,0.1,3.0,0.3,0.096,37,79,0.0,0.10204081632653061,49,8,1,0,49,9|5|17|14,network_wide,111
random-sparse,50,0.01,0.03,0.0,0.2,0.1,3.0,0.3,0.096,38,80,0.0,0.08163265306122448,48,8,113,0,48,8|5|32|1,network_wide,110
random-sparse,50,0.01,0.03,0.0,0.2,0.1,3.0,0.3,0.096,39,81,0.0,0.10204081632653061,47,8,1,0,47,7|5|17|14|2,network_wide,117
random-sparse,50,0.01,0.03,0.0,0.2,0.1,3.0,0.3,0.096,40,82,0.0,0.10204081632653061,46,8,4,0,46,5|5|17|14|3,network_wide,108
random-sparse,50,0.01,0.03,0.0,0.2,0.1,3.0,0.3,0.096,41,83,0.0,0.10204081632653061,45,8,1,0,45,5|5|17|14|4,network_wide,105
random-sparse,50,0.01,0.03,0.0,0.2,0.1,3.0,0.3,0.096,42,84,0.0,0.10204081632653061,44,8,4,0,44,3|5|17|14|5,network_wide,131
random-sparse,50,0.01,0.03,0.0,0.2,0.1,3.0,0.3,0.096,43,85,0.0,0.10204081632653061,43,8,1,0,43,2|5|17|14|6,network_wide,110
random-sparse,50,0.01,0.03,0.0,0.2,0.1,3.0,0.3,0.096,44,86,0.0,0.10204081632653061,42,8,4,0,42,2|5|17|14|7,network_wide,124
random-sparse,50,0.01,0.03,0.0,0.2,0.1,3.0,0.3,0.096,45,87,0.0,0.10204081632653061,41,8,1,0,41,1|5|17|14|8,network_wide,126
random-sparse,50,0.01,0.03,0.0,0.2,0.1,3.0,0.3,0.096,46,88,0.0,0.061224489795918366,40,4,113,0,40,5|32|9,network_wide,107
random-sparse,50,0.01,0.03,0.0,0.2,0.1,3.0,0.3,0.096,47,89,0.0,0.061224489795918366,39,5,3,0,39,5|17|14|10,network_wide,117
random-sparse,50,0.01,0.03,0.0,0.2,0.1,3.0,0.3,0.096,48,90,0.0,0.08163265306122448,49,7,1,0,49,4|17|14|10,network_wide,124
random-sparse,50,0.01,0.03,0.0,0.2,0.1,3.0,0.3,0.096,49,91,0.0,0.08163265306122448,48,7,1,0,48,4|17|14|10|1,network_wide,116
random-sparse,50,0.01,0.03,0.0,0.2,0.1,3.0,0.3,0.098,0,42,0.0,0.12244897959183673,47,8,5,0,47,3|10|12|6|10|2,network_wide,111
random-sparse,50,0.01,0.03,0.0,0.2,0.1,3.0,0.3,0.098,1,43,0.0,0.10204081632653061,46,8,45,0,46,2|23|6|10|3,network_wide,125
random-sparse,50,0.01,0.03,0.0,0.2,0.1,3.0,0.3,0.098,2,44,0.0,0.10204081632653061,44,8,5,0,44,2|10|12|6|10|5,network_wide,133
random-sparse,50,0.01,0.03,0.0,0.2,0.1,3.0,0.3,0.098,3,45,0.0,0.12244897959183673,44,8,5,0,44,1|10|12|6|10|5,network_wide,120
random-sparse,50,0.01,0.03,0.0,0.2,0.1,3.0,0.3,0.098,4,46,0.0,0.10204081632653061,49,8,5,0,49,10|12|6|10|6,network_wide,123
random-sparse,50,0.01,0.03,0.0,0.2,0.1,3.0,0.3,0.098,5,47,0.0,0.10204081632653061,48,8,102,0,48,22|6|10|5|1,network_wide,125
random-sparse,50,0.01,0.03,0.0,0.2,0.1,3.0,0.3,0.098,6,48,0.0,0.10204081632653061,47,8,5,0,47,9|12|6|10|6|2,network_wide,111
random-sparse,50,0.01,0.03,0.0,0.2,0.1,3.0,0.3,0.098,7,49,0.0,0.10204081632653061,46,8,102,0,46,20|6|10|5|3,network_wide,116
random-sparse,50,0.01,0.03,0.0,0.2,0.1,3.0,0.3,0.098,8,50,0.0,0.12244897959183673,45,8,6,0,45,7|12|6|10|5|4,network_wide,110
random-sparse,50,0.01,0.03,0.0,0.2,0.1,3.0,0.3,0.098,9,51,0.0,0.10204081632653061,44,8,102,0,44,19|6|10|5|5,network_wide,132
random-sparse,50,0.01,0.03,0.0,0.2,0.1,3.0,0.3,0.098,10,52,0.0,0.08163265306122448,43,8,102,0,43,17|6|10|6|6,network_wide,127
random-sparse,50,0.01,0.03,0.0,0.2,0.1,3.0,0.3,0.098,11,53,0.0,0.10204081632653061,42,8,102,0,42,16|6|10|5|7,network_wide,114
random-sparse,50,0.01,0.03,0.0,0.2,0.1,3.0,0.3,0.098,12,54,0.0,0.10204081632653061,41,8,102,0,41,16|6|10|5|8,network_wide,128
random-sparse,50,0.01,0.03,0.0,0.2,0.1,3.0,0.3,0.098,13,55,0.0,0.10204081632653061,40,8,102,0,40,14|6|10|5|9,network_wide,116
random-sparse,50,0.01,0.03,0.0,0.2,0.1,3.0,0.3,0.098,14,56,0.0,0.10204081632653061,39,8,102,0,39,14|6|10|5|10,network_wide,114
random-sparse,50,0.01,0.03,0.0,0.2,0.1,3.0,0.3,0.098,15,57,0.0,0.10204081632653061,38,8,102,0,38,12|6|10|5|11,network_wide,119
random-sparse,50,0.01,0.03,0.0,0.2,0.1,3.0,0.3,0.098,16,58,0.0,0.08163265306122448,37,8,102,0,37,12|6|10|6|12,network_wide,98
random-sparse,50,0.01,0.03,0.0,0.2,0.1,3.0,0.3,0.098,17,59,0.0,0.10204081632653061,36,8,102,0,36,10|6|10|5|13,network_wide,120
random-sparse,50,0.01,0.03,0.0,0.2,0.1,3.0,0.3,0.098,18,60,0.0,0.10204081632653061,35,8,102,0,35,10|6|10|5|14,network_wide,106
random-sparse,50,0.01,0.03,0.0,0.2,0.1,3.0,0.3,0.098,19,61,0.0,0.10204081632653061,34,8,102,0,34,9|6|10|5|15,network_wide,110
random-sparse,50,0.01,0.03,0.0,0.2,0.1,3.0,0.3,0.098,20,62,0.0,0.10204081632653061,33,8,102,0,33,8|6|10|5|16,network_wide,114
random-sparse,50,0.01,0.03,0.0,0.2,0.1,3.0,0.3,0.098,21,63,0.0,0.10204081632653061,32,8,102,0,32,7|6|10|5|17,network_wide,114
random-sparse,50,0.01,0.03,0.0,0.2,0.1,3.0,0.3,0.098,22,64,0.0,0.12244897959183673,49,8,1,0,49,6|6|10|5|17,network_wide,122
random-sparse,50,0.01,0.03,0.0,0.2,0.1,3.0,0.3,0.098,23,65,0.0,0.12244897959183673,48,8,4,0,48,5|6|10|5|17|1,network_wide,120
random-sparse,50,0.01,0.03,0.0,0.2,0.1,3.0,0.3,0.098,24,66,0.0,0.12244897959183673,47,8,4,0,47,4|6|10|5|17|2,network_wide,103
random-sparse,50,0.01,0.03,0.0,0.2,0.1,3.0,0.3,0.098,25,67,0.0,0.12244897959183673,46,8,1,0,46,2|6|10|5|17|3,network_wide,127
random-sparse,50,0.01,0.03,0.0,0.2,0.1,3.0,0.3,0.098,26,68,0.0,0.12244897959183673,45,8,1,0,45,1|6|10|5|17|4,network_wide,114
random-sparse,50,0.01,0.03,0.0,0.2,0.1,3.0,0.3,0.098,27,69,0.0,0.12244897959183673,44,8,1,0,44,1|6|10|5|17|5,network_wide,105
random-sparse,50,0.01,0.03,0.0,0.2,0.1,3.0,0.3,0.098,28,70,0.0,0.10204081632653061,43,8,1,0,43,6|10|5|17|6,network_wide,125
random-sparse,50,0.01,0.03,0.0,0.2,0.1,3.0,0.3,0.098,29,71,0.0,0.10204081632653061,42,8,4,0,42,5|10|5|17|7,network_wide,116
random-sparse,50,0.01,0.03,0.0,0.2,0.1,3.0,0.3,0.098,30,72,0.0,0.10204081632653061,41,8,1,0,41,4|10|5|17|8,network_wide,108
random-sparse,50,0.01,0.03,0.0,0.2,0.1,3.0,0.3,0.098,31,73,0.0,0.10204081632653061,40,8,3,0,40,4|10|5|17|9,network_wide,111
random-sparse,50,0.01,0.03,0.0,0.2,0.1,3.0,0.3,0.098,32,74,0.0,0.10204081632653061,39,8,1,0,39,2|10|5|17|10,network_wide,108
random-sparse,50,0.01,0.03,0.0,0.2,0.1,3.0,0.3,0.098,33,75,0.0,0.10204081632653061,38,8,1,0,38,1|10|5|17|11,network_wide,128
random-sparse,50,0.01,0.03,0.0,0.2,0.1,3.0,0.3,0.098,34,76,0.0,0.10204081632653061,37,8,1,0,37,1|10|5|17|12,network_wide,111
random-sparse,50,0.01,0.03,0.0,0.2,0.1,3.0,0.3,0.098,35,77,0.0,0.08163265306122448,36,8,1,0,36,10|5|17|13,network_wide,131
random-sparse,50,0.01,0.03,0.0,0.2,0.1,3.0,0.3,0.098,36,78,0.0,0.08163265306122448,35,8,1,0,35,9|5|17|14,network_wide,110
random-sparse,50,0.01,0.03,0.0,0.2,0.1,3.0,0.3,0.098,37,79,0.0,0.10204081632653061,49,8,1,0,49,9|5|17|14,network_wide,111
random-sparse,50,0.01,0.03,0.0,0.2,0.1,3.0,0.3,0.098,38,80,0.0,0.08163265306122448,48,8,113,0,48,8|5|32|1,network_wide,110
random-sparse,50,0.01,0.03,0.0,0.2,0.1,3.0,0.3,0.098,39,81,0.0,0.10204081632653061,47,8,1,0,47,7|5|17|14|2,network_wide,117
random-sparse,50,0.01,0.03,0.0,0.2,0.1,3.0,0.3,0.098,40,82,0.0,0.10204081632653061,46,8,4,0,46,5|5|17|14|3,network_wide,108
random-sparse,50,0.01,0.03,0.0,0.2,0.1,3.0,0.3,0.098,41,83,0.0,0.10204081632653061,45,8,1,0,45,5|5|17|14|4,network_wide,105
random-sparse,50,0.01,0.03,0.0,0.2,0.1,3.0,0.3,0.098,42,84,0.0,0.10204081632653061,44,8,4,0,44,3|5|17|14|5,network_wide,131
random-sparse,50,0.01,0.03,0.0,0.2,0.1,3.0,0.3,0.098,43,85,0.0,0.10204081632653061,43,8,1,0,43,2|5|17|14|6,network_wide,110
random-sparse,50,0.01,0.03,0.0,0.2,0.1,3.0,0.3,0.098,44,86,0.0,0.10204081632653061,42,8,4,0,42,2|5|17|14|7,network_wide,124
random-sparse,50,0.01,0.03,0.0,0.2,0.1,3.0,0.3,0.098,45,87,0.0,0.10204081632653061,41,8,1,0,41,1|5|17|14|8,network_wide,126
random-sparse,50,0.01,0.03,0.0,0.2,0.1,3.0,0.3,0.098,46,88,0.0,0.061224489795918366,40,4,113,0,40,5|32|9,network_wide,107
random-sparse,50,0.01,0.03,0.0,0.2,0.1,3.0,0.3,0.098,47,89,0.0,0.061224489795918366,39,5,3,0,39,5|17|14|10,network_wide,117
random-sparse,50,0.01,0.03,0.0,0.2,0.1,3.0,0.3,0.098,48,90,0.0,0.08163265306122448,49,7,1,0,49,4|17|14|10,network_wide,124
random-sparse,50,0.01,0.03,0.0,0.2,0.1,3.0,0.3,0.098,49,91,0.0,0.08163265306122448,48,7,1,0,48,4|17|14|10|1,network_wide,116
random-sparse,50,0.01,0.03,0.0,0.2,0.1,3.0,0.3,0.1,0,42,0.0,0.12244897959183673,47,8,5,0,47,3|10|12|6|10|2,network_wide,111
random-sparse,50,0.01,0.03,0.0,0.2,0.1,3.0,0.3,0.1,1,43,0.0,0.10204081632653061,46,8,45,0,46,2|23|6|10|3,network_wide,125
random-sparse,50,0.01,0.03,0.0,0.2,0.1,3.0,0.3,0.1,2,44,0.0,0.10204081632653061,44,8,5,0,44,2|10|12|6|10|5,network_wide,133
random-sparse,50,0.01,0.03,0.0,0.2,0.1,3.0,0.3,0.1,3,45,0.0,0.12244897959183673,44,8,5,0,44,1|10|12|6|10|5,network_wide,120
random-sparse,50,0.01,0.03,0.0,0.2,0.1,3.0,0.3,0.1,4,46,0.0,0.10204081632653061,49,8,5,0,49,10|12|6|10|6,network_wide,123
random-sparse,50,0.01,0.03,0.0,0.2,0.1,3.0,0.3,0.1,5,47,0.0,0.10204081632653061,48,8,102,0,48,22|6|10|5|1,network_wide,125
random-sparse,50,0.01,0.03,0.0,0.2,0.1,3.0,0.3,0.1,6,48,0.0,0.10204081632653061,47,8,5,0,47,9|12|6|10|6|2,network_wide,111
random-sparse,50,0.01,0.03,0.0,0.2,0.1,3.0,0.3,0.1,7,49,0.0,0.10204081632653061,46,8,102,0,46,20|6|10|5|3,network_wide,116
random-sparse,50,0.01,0.03,0.0,0.2,0.1,3.0,0.3,0.1,8,50,0.0,0.10204081632653061,45,8,102,0,45,20|6|10|5|4,network_wide,110
random-sparse,50,0.01,0.03,0.0,0.2,0.1,3.0,0.3,0.1,9,51,0.0,0.10204081632653061,44,8,102,0,44,19|6|10|5|5,network_wide,132
random-sparse,50,0.01,0.03,0.0,0.2,0.1,3.0,0.3,0.1,10,52,0.0,0.08163265306122448,43,8,102,0,43,17|6|10|6|6,network_wide,127
random-sparse,50,0.01,0.03,0.0,0.2,0.1,3.0,0.3,0.1,11,53,0.0,0.10204081632653061,42,8,102,0,42,16|6|10|5|7,network_wide,114
random-sparse,50,0.01,0.03,0.0,0.2,0.1,3.0,0.3,0.1,12,54,0.0,0.10204081632653061,41,8,102,0,41,16|6|10|5|8,network_wide,128
random-sparse,50,0.01,0.03,0.0,0.2,0.1,3.0,0.3,0.1,13,55,0.0,0.10204081632653061,40,8,102,0,40,14|6|10|5|9,network_wide,116
random-sparse,50,0.01,0.03,0.0,0.2,0.1,3.0,0.3,0.1,14,56,0.0,0.10204081632653061,39,8,102,0,39,14|6|10|5|10,network_wide,114
random-sparse,50,0.01,0.03,0.0,0.2,0.1,3.0,0.3,0.1,15,57,0.0,0.10204081632653061,38,8,102,0,38,12|6|10|5|11,network_wide,119
random-sparse,50,0.01,0.03,0.0,0.2,0.1,3.0,0.3,0.1,16,58,0.0,0.10204081632653061,37,8,102,0,37,12|6|10|5|12,network_wide,98
random-sparse,50,0.01,0.03,0.0,0.2,0.1,3.0,0.3,0.1,17,59,0.0,0.10204081632653061,36,8,102,0,36,10|6|10|5|13,network_wide,120
random-sparse,50,0.01,0.03,0.0,0.2,0.1,3.0,0.3,0.1,18,60,0.0,0.10204081632653061,35,8,102,0,35,10|6|10|5|14,network_wide,106
random-sparse,50,0.01,0.03,0.0,0.2,0.1,3.0,0.3,0.1,19,61,0.0,0.10204081632653061,34,8,102,0,34,9|6|10|5|15,network_wide,110
random-sparse,50,0.01,0.03,0.0,0.2,0.1,3.0,0.3,0.1,20,62,0.0,0.10204081632653061,33,8,102,0,33,8|6|10|5|16,network_wide,114
random-sparse,50,0.01,0.03,0.0,0.2,0.1,3.0,0.3,0.1,21,63,0.0,0.10204081632653061,32,8,102,0,32,7|6|10|5|17,network_wide,114
random-sparse,50,0.01,0.03,0.0,0.2,0.1,3.0,0.3,0.1,22,64,0.0,0.12244897959183673,49,8,1,0,49,6|6|10|5|17,network_wide,122
random-sparse,50,0.01,0.03,0.0,0.2,0.1,3.0,0.3,0.1,23,65,0.0,0.12244897959183673,48,8,4,0,48,5|6|10|5|17|1,network_wide,120
random-sparse,50,0.01,0.03,0.0,0.2,0.1,3.0,0.3,0.1,24,66,0.0,0.12244897959183673,47,8,4,0,47,4|6|10|5|17|2,network_wide,103
random-sparse,50,0.01,0.03,0.0,0.2,0.1,3.0,0.3,0.1,25,67,0.0,0.12244897959183673,46,8,1,0,46,2|6|10|5|17|3,network_wide,127
random-sparse,50,0.01,0.03,0.0,0.2,0.1,3.0,0.3,0.1,26,68,0.0,0.12244897959183673,45,8,1,0,45,1|6|10|5|17|4,network_wide,114
random-sparse,50,0.01,0.03,0.0,0.2,0.1,3.0,0.3,0.1,27,69,0.0,0.12244897959183673,44,8,1,0,44,1|6|10|5|17|5,network_wide,105
random-sparse,50,0.01,0.03,0.0,0.2,0.1,3.0,0.3,0.1,28,70,0.0,0.10204081632653061,43,8,1,0,43,6|10|5|17|6,network_wide,125
random-sparse,50,0.01,0.03,0.0,0.2,0.1,3.0,0.3,0.1,29,71,0.0,0.10204081632653061,42,8,4,0,42,5|10|5|17|7,network_wide,116
random-sparse,50,0.01,0.03,0.0,0.2,0.1,3.0,0.3,0.1,30,72,0.0,0.10204081632653061,41,8,1,0,41,4|10|5|17|8,network_wide,108
random-sparse,50,0.01,0.03,0.0,0.2,0.1,3.0,0.3,0.1,31,73,0.0,0.10204081632653061,40,8,3,0,40,4|10|5|17|9,network_wide,111
random-sparse,50,0.01,0.03,0.0,0.2,0.1,3.0,0.3,0.1,32,74,0.0,0.10204081632653061,39,8,1,0,39,2|10|5|17|10,network_wide,108
random-sparse,50,0.01,0.03,0.0,0.2,0.1,3.0,0.3,0.1,33,75,0.0,0.10204081632653061,38,8,1,0,38,1|10|5|17|11,network_wide,128
random-sparse,50,0.01,0.03,0.0,0.2,0.1,3.0,0.3,0.1,34,76,0.0,0.10204081632653061,37,8,1,0,37,1|10|5|17|12,network_wide,111
random-sparse,50,0.01,0.03,0.0,0.2,0.1,3.0,0.3,0.1,35,77,0.0,0.08163265306122448,36,8,1,0,36,10|5|17|13,network_wide,131
random-sparse,50,0.01,0.03,0.0,0.2,0.1,3.0,0.3,0.1,36,78,0.0,0.08163265306122448,35,8,1,0,35,9|5|17|14,network_wide,110
random-sparse,50,0.01,0.03,0.0,0.2,0.1,3.0,0.3,0.1,37,79,0.0,0.10204081632653061,49,8,1,0,49,9|5|17|14,network_wide,111
random-sparse,50,0.01,0.03,0.0,0.2,0.1,3.0,0.3,0.1,38,80,0.0,0.08163265306122448,48,8,113,0,48,8|5|32|1,network_wide,110
random-sparse,50,0.01,0.03,0.0,0.2,0.1,3.0,0.3,0.1,39,81,0.0,0.10204081632653061,47,8,1,0,47,7|5|17|14|2,network_wide,117
random-sparse,50,0.01,0.03,0.0,0.2,0.1,3.0,0.3,0.1,40,82,0.0,0.10204081632653061,46,8,4,0,46,5|5|17|14|3,network_wide,108
random-sparse,50,0.01,0.03,0.0,0.2,0.1,3.0,0.3,0.1,41,83,0.0,0.10204081632653061,45,8,1,0,45,5|5|17|14|4,network_wide,105
random-sparse,50,0.01,0.03,0.0,0.2,0.1,3.0,0.3,0.1,42,84,0.0,0.10204081632653061,44,8,4,0,44,3|5|17|14|5,network_wide,131
random-sparse,50,0.01,0.03,0.0,0.2,0.1,3.0,0.3,0.1,43,85,0.0,0.10204081632653061,43,8,1,0,43,2|5|17|14|6,network_wide,110
random-sparse,50,0.01,0.03,0.0,0.2,0.1,3.0,0.3,0.1,44,86,0.0,0.10204081632653061,42,8,4,0,42,2|5|17|14|7,network_wide,124
random-sparse,50,0.01,0.03,0.0,0.2,0.1,3.0,0.3,0.1,45,87,0.0,0.10204081632653061,41,8,1,0,41,1|5|17|14|8,network_wide,126
random-sparse,50,0.01,0.03,0.0,0.2,0.1,3.0,0.3,0.1,46,88,0.0,0.061224489795918366,40,4,113,0,40,5|32|9,network_wide,107
random-sparse,50,0.01,0.03,0.0,0.2,0.1,3.0,0.3,0.1,47,89,0.0,0.061224489795918366,39,4,3,0,39,5|17|14|10,network_wide,117
random-sparse,50,0.01,0.03,0.0,0.2,0.1,3.0,0.3,0.1,48,90,0.0,0.08163265306122448,49,7,1,0,49,4|17|14|10,network_wide,124
random-sparse,50,0.01,0.03,0.0,0.2,0.1,3.0,0.3,0.1,49,91,0.0,0.08163265306122448,48,7,1,0,48,4|17|14|10|1,network_wide,116
random-sparse,50,0.01,0.03,0.0,0.2,0.1,3.0,0.3,0.102,0,42,0.0,0.12244897959183673,47,8,5,0,47,3|10|12|6|10|2,network_wide,111
random-sparse,50,0.01,0.03,0.0,0.2,0.1,3.0,0.3,0.102,1,43,0.0,0.10204081632653061,46,8,45,0,46,2|23|6|10|3,network_wide,125
random-sparse,50,0.01,0.03,0.0,0.2,0.1,3.0,0.3,0.102,2,44,0.0,0.12244897959183673,45,8,5,0,45,2|10|12|6|10|4,network_wide,133
random-sparse,50,0.01,0.03,0.0,0.2,0.1,3.0,0.3,0.102,3,45,0.0,0.12244897959183673,44,8,5,0,44,1|10|12|6|10|5,network_wide,120
random-sparse,50,0.01,0.03,0.0,0.2,0.1,3.0,0.3,0.102,4,46,0.0,0.12244897959183673,49,8,5,0,49,10|12|6|10|5,network_wide,123
random-sparse,50,0.01,0.03,0.0,0.2,0.1,3.0,0.3,0.102,5,47,0.0,0.10204081632653061,48,8,102,0,48,22|6|10|5|1,network_wide,125
random-sparse,50,0.01,0.03,0.0,0.2,0.1,3.0,0.3,0.102,6,48,0.0,0.12244897959183673,47,8,5,0,47,9|12|6|10|5|2,network_wide,111
random-sparse,50,0.01,0.03,0.0,0.2,0.1,3.0,0.3,0.102,7,49,0.0,0.10204081632653061,46,8,102,0,46,20|6|10|5|3,network_wide,116
random-sparse,50,0.01,0.03,0.0,0.2,0.1,3.0,0.3,0.102,8,50,0.0,0.10204081632653061,45,8,102,0,45,20|6|10|5|4,network_wide,110
random-sparse,50,0.01,0.03,0.0,0.2,0.1,3.0,0.3,0.102,9,51,0.0,0.10204081632653061,44,8,102,0,44,19|6|10|5|5,network_wide,132
random-sparse,50,0.01,0.03,0.0,0.2,0.1,3.0,0.3,0.102,10,52,0.0,0.10204081632653061,43,8,102,0,43,17|6|10|5|6,network_wide,127
random-sparse,50,0.01,0.03,0.0,0.2,0.1,3.0,0.3,0.102,11,53,0.0,0.10204081632653061,42,8,102,0,42,16|6|10|5|7,network_wide,114
random-sparse,50,0.01,0.03,0.0,0.2,0.1,3.0,0.3,0.102,12,54,0.0,0.10204081632653061,41,8,102,0,41,16|6|10|5|8,network_wide,128
random-sparse,50,0.01,0.03,0.0,0.2,0.1,3.0,0.3,0.102,13,55,0.0,0.10204081632653061,40,8,102,0,40,14|6|10|5|9,network_wide,116
random-sparse,50,0.01,0.03,0.0,0.2,0.1,3.0,0.3,0.102,14,56,0.0,0.10204081632653061,39,8,102,0,39,14|6|10|5|10,network_wide,114
random-sparse,50,0.01,0.03,0.0,0.2,0.1,3.0,0.3,0.102,15,57,0.0,0.10204081632653061,38,8,102,0,38,12|6|10|5|11,network_wide,119
random-sparse,50,0.01,0.03,0.0,0.2,0.1,3.0,0.3,0.102,16,58,0.0,0.10204081632653061,37,8,102,0,37,12|6|10|5|12,network_wide,98
random-sparse,50,0.01,0.03,0.0,0.2,0.1,3.0,0.3,0.102,17,59,0.0,0.10204081632653061,36,8,102,0,36,10|6|10|5|13,network_wide,120
random-sparse,50,0.01,0.03,0.0,0.2,0.1,3.0,0.3,0.102,18,60,0.0,0.10204081632653061,35,8,102,0,35,10|6|10|5|14,network_wide,106
random-sparse,50,0.01,0.03,0.0,0.2,0.1,3.0,0.3,0.102,19,61,0.0,0.10204081632653061,34,8,102,0,34,9|6|10|5|15,network_wide,110
random-sparse,50,0.01,0.03,0.0,0.2,0.1,3.0,0.3,0.102,20,62,0.0,0.10204081632653061,33,8,102,0,33,8|6|10|5|16,network_wide,114
random-sparse,50,0.01,0.03,0.0,0.2,0.1,3.0,0.3,0.102,21,63,0.0,0.10204081632653061,32,8,102,0,32,7|6|10|5|17,network_wide,114
random-sparse,50,0.01,0.03,0.0,0.2,0.1,3.0,0.3,0.102,22,64,0.0,0.12244897959183673,49,8,1,0,49,6|6|10|5|17,network_wide,122
random-sparse,50,0.01,0.03,0.0,0.2,0.1,3.0,0.3,0.102,23,65,0.0,0.12244897959183673,48,8,4,0,48,5|6|10|5|17|1,network_wide,120
random-sparse,50,0.01,0.03,0.0,0.2,0.1,3.0,0.3,0.102,24,66,0.0,0.12244897959183673,47,8,4,0,47,4|6|10|5|17|2,network_wide,103
random-sparse,50,0.01,0.03,0.0,0.2,0.1,3.0,0.3,0.102,25,67,0.0,0.12244897959183673,46,8,1,0,46,2|6|10|5|17|3,network_wide,127
random-sparse,50,0.01,0.03,0.0,0.2,0.1,3.0,0.3,0.102,26,68,0.0,0.12244897959183673,45,8,1,0,45,1|6|10|5|17|4,network_wide,114
random-sparse,50,0.01,0.03,0.0,0.2,0.1,3.0,0.3,0.102,27,69,0.0,0.12244897959183673,44,8,1,0,44,1|6|10|5|17|5,network_wide,105
random-sparse,50,0.01,0.03,0.0,0.2,0.1,3.0,0.3,0.102,28,70,0.0,0.10204081632653061,43,8,1,0,43,6|10|5|17|6,network_wide,125
random-sparse,50,0.01,0.03,0.0,0.2,0.1,3.0,0.3,0.102,29,71,0.0,0.10204081632653061,42,8,4,0,42,5|10|5|17|7,network_wide,116
random-sparse,50,0.01,0.03,0.0,0.2,0.1,3.0,0.3,0.102,30,72,0.0,0.10204081632653061,41,8,1,0,41,4|10|5|17|8,network_wide,108
random-sparse,50,0.01,0.03,0.0,0.2,0.1,3.0,0.3,0.102,31,73,0.0,0.10204081632653061,40,8,3,0,40,4|10|5|17|9,network_wide,111
random-sparse,50,0.01,0.03,0.0,0.2,0.1,3.0,0.3,0.102,32,74,0.0,0.10204081632653061,39,8,1,0,39,2|10|5|17|10,network_wide,108
random-sparse,50,0.01,0.03,0.0,0.2,0.1,3.0,0.3,0.102,33,75,0.0,0.10204081632653061,38,8,1,0,38,1|10|5|17|11,network_wide,128
random-sparse,50,0.01,0.03,0.0,0.2,0.1,3.0,0.3,0.102,34,76,0.0,0.10204081632653061,37,8,1,0,37,1|10|5|17|12,network_wide,111
random-sparse,50,0.01,0.03,0.0,0.2,0.1,3.0,0.3,0.102,35,77,0.0,0.08163265306122448,36,8,1,0,36,10|5|17|13,network_wide,131
random-sparse,50,0.01,0.03,0.0,0.2,0.1,3.0,0.3,0.102,36,78,0.0,0.08163265306122448,35,8,1,0,35,9|5|17|14,network_wide,110
random-sparse,50,0.01,0.03,0.0,0.2,0.1,3.0,0.3,0.102,37,79,0.0,0.10204081632653061,49,8,1,0,49,9|5|17|14,network_wide,111
random-sparse,50,0.01,0.03,0.0,0.2,0.1,3.0,0.3,0.102,38,80,0.0,0.08163265306122448,48,8,113,0,48,8|5|32|1,network_wide,110
random-sparse,50,0.01,0.03,0.0,0.2,0.1,3.0,0.3,0.102,39,81,0.0,0.10204081632653061,47,8,1,0,47,7|5|17|14|2,network_wide,117
random-sparse,50,0.01,0.03,0.0,0.2,0.1,3.0,0.3,0.102,40,82,0.0,0.10204081632653061,46,8,4,0,46,5|5|17|14|3,network_wide,108
random-sparse,50,0.01,0.03,0.0,0.2,0.1,3.0,0.3,0.102,41,83,0.0,0.10204081632653061,45,8,1,0,45,5|5|17|14|4,network_wide,105
random-sparse,50,0.01,0.03,0.0,0.2,0.1,3.0,0.3,0.102,42,84,0.0,0.10204081632653061,44,8,4,0,44,3|5|17|14|5,network_wide,131
random-sparse,50,0.01,0.03,0.0,0.2,0.1,3.0,0.3,0.102,43,85,0.0,0.10204081632653061,43,8,1,0,43,2|5|17|14|6,network_wide,110
random-sparse,50,0.01,0.03,0.0,0.2,0.1,3.0,0.3,0.102,44,86,0.0,0.10204081632653061,42,8,4,0,42,2|5|17|14|7,network_wide,124
random-sparse,50,0.01,0.03,0.0,0.2,0.1,3.0,0.3,0.102,45,87,0.0,0.10204081632653061,41,8,1,0,41,1|5|17|14|8,network_wide,126
random-sparse,50,0.01,0.03,0.0,0.2,0.1,3.0,0.3,0.102,46,88,0.0,0.061224489795918366,40,4,113,0,40,5|32|9,network_wide,107
random-sparse,50,0.01,0.03,0.0,0.2,0.1,3.0,0.3,0.102,47,89,0.0,0.061224489795918366,39,4,3,0,39,5|17|14|10,network_wide,117
random-sparse,50,0.01,0.03,0.0,0.2,0.1,3.0,0.3,0.102,48,90,0.0,0.08163265306122448,49,7,1,0,49,4|17|14|10,network_wide,124
random-sparse,50,0.01,0.03,0.0,0.2,0.1,3.0,0.3,0.102,49,91,0.0,0.08163265306122448,48,7,1,0,48,4|17|14|10|1,network_wide,116
random-sparse,50,0.01,0.03,0.0,0.2,0.1,3.0,0.3,0.104,0,42,0.0,0.10204081632653061,47,8,5,0,47,14|12|6|10|2,network_wide,111
random-sparse,50,0.01,0.03,0.0,0.2,0.1,3.0,0.3,0.104,1,43,0.0,0.08163265306122448,46,8,103,0,46,26|6|10|3,network_wide,125
random-sparse,50,0.01,0.03,0.0,0.2,0.1,3.0,0.3,0.104,2,44,0.0,0.08163265306122448,44,8,5,0,44,13|12|6|10|5,network_wide,133
random-sparse,50,0.01,0.03,0.0,0.2,0.1,3.0,0.3,0.104,3,45,0.0,0.10204081632653061,44,8,5,0,44,12|12|6|10|5,network_wide,120
random-sparse,50,0.01,0.03,0.0,0.2,0.1,3.0,0.3,0.104,4,46,0.0,0.10204081632653061,49,8,6,0,49,11|12|6|10|6,network_wide,123
random-sparse,50,0.01,0.03,0.0,0.2,0.1,3.0,0.3,0.104,5,47,0.0,0.10204081632653061,48,8,103,0,48,22|6|10|5|1,network_wide,125
random-sparse,50,0.01,0.03,0.0,0.2,0.1,3.0,0.3,0.104,6,48,0.0,0.10204081632653061,47,8,5,0,47,9|12|6|10|6|2,network_wide,111
random-sparse,50,0.01,0.03,0.0,0.2,0.1,3.0,0.3,0.104,7,49,0.0,0.10204081632653061,46,8,103,0,46,20|6|10|5|3,network_wide,116
random-sparse,50,0.01,0.03,0.0,0.2,0.1,3.0,0.3,0.104,8,50,0.0,0.10204081632653061,45,8,103,0,45,20|6|10|5|4,network_wide,110
random-sparse,50,0.01,0.03,0.0,0.2,0.1,3.0,0.3,0.104,9,51,0.0,0.10204081632653061,44,8,103,0,44,19|6|10|5|5,network_wide,132
random-sparse,50,0.01,0.03,0.0,0.2,0.1,3.0,0.3,0.104,10,52,0.0,0.08163265306122448,43,8,103,0,43,17|6|10|6|6,network_wide,127
random-sparse,50,0.01,0.03,0.0,0.2,0.1,3.0,0.3,0.104,11,53,0.0,0.10204081632653061,42,8,103,0,42,16|6|10|5|7,network_wide,114
random-sparse,50,0.01,0.03,0.0,0.2,0.1,3.0,0.3,0.104,12,54,0.0,0.08163265306122448,41,8,103,0,41,16|6|10|6|8,network_wide,128
random-sparse,50,0.01,0.03,0.0,0.2,0.1,3.0,0.3,0.104,13,55,0.0,0.10204081632653061,40,8,103,0,40,14|6|10|5|9,network_wide,116
random-sparse,50,0.01,0.03,0.0,0.2,0.1,3.0,0.3,0.104,14,56,0.0,0.10204081632653061,39,8,103,0,39,14|6|10|5|10,network_wide,114
random-sparse,50,0.01,0.03,0.0,0.2,0.1,3.0,0.3,0.104,15,57,0.0,0.10204081632653061,38,8,103,0,38,12|6|10|5|11,network_wide,119
random-sparse,50,0.01,0.03,0.0,0.2,0.1,3.0,0.3,0.104,16,58,0.0,0.08163265306122448,37,8,103,0,37,12|6|10|6|12,network_wide,98
random-sparse,50,0.01,0.03,0.0,0.2,0.1,3.0,0.3,0.104,17,59,0.0,0.10204081632653061,36,8,103,0,36,10|6|10|5|13,network_wide,120
random-sparse,50,0.01,0.03,0.0,0.2,0.1,3.0,0.3,0.104,18,60,0.0,0.10204081632653061,35,8,103,0,35,10|6|10|5|14,network_wide,106
random-sparse,50,0.01,0.03,0.0,0.2,0.1,3.0,0.3,0.104,19,61,0.0,0.10204081632653061,34,8,103,0,34,9|6|10|5|15,network_wide,110
random-sparse,50,0.01,0.03,0.0,0.2,0.1,3.0,0.3,0.104,20,62,0.0,0.10204081632653061,33,8,103,0,33,8|6|10|5|16,network_wide,114
random-sparse,50,0.01,0.03,0.0,0.2,0.1,3.0,0.3,0.104,21,63,0.0,0.10204081632653061,32,8,103,0,32,7|6|10|5|17,network_wide,114
random-sparse,50,0.01,0.03,0.0,0.2,0.1,3.0,0.3,0.104,22,64,0.0,0.12244897959183673,49,8,1,0,49,6|6|10|5|17,network_wide,122
random-sparse,50,0.01,0.03,0.0,0.2,0.1,3.0,0.3,0.104,23,65,0.0,0.12244897959183673,48,8,4,0,48,5|6|10|5|17|1,network_wide,120
random-sparse,50,0.01,0.03,0.0,0.2,0.1,3.0,0.3,0.104,24,66,0.0,0.12244897959183673,47,8,4,0,47,4|6|10|5|17|2,network_wide,103
random-sparse,50,0.01,0.03,0.0,0.2,0.1,3.0,0.3,0.104,25,67,0.0,0.12244897959183673,46,8,1,0,46,2|6|10|5|17|3,network_wide,127
random-sparse,50,0.01,0.03,0.0,0.2,0.1,3.0,0.3,0.104,26,68,0.0,0.12244897959183673,45,8,1,0,45,1|6|10|5|17|4,network_wide,114
random-sparse,50,0.01,0.03,0.0,0.2,0.1,3.0,0.3,0.104,27,69,0.0,0.12244897959183673,44,8,1,0,44,1|6|10|5|17|5,network_wide,105
random-sparse,50,0.01,0.03,0.0,0.2,0.1,3.0,0.3,0.104,28,70,0.0,0.10204081632653061,43,8,1,0,43,6|10|5|17|6,network_wide,125
random-sparse,50,0.01,0.03,0.0,0.2,0.1,3.0,0.3,0.104,29,71,0.0,0.10204081632653061,42,8,4,0,42,5|10|5|17|7,network_wide,116
random-sparse,50,0.01,0.03,0.0,0.2,0.1,3.0,0.3,0.104,30,72,0.0,0.10204081632653061,41,8,1,0,41,5|10|5|17|8,network_wide,108
random-sparse,50,0.01,0.03,0.0,0.2,0.1,3.0,0.3,0.104,31,73,0.0,0.10204081632653061,40,8,4,0,40,4|10|5|17|9,network_wide,111
random-sparse,50,0.01,0.03,0.0,0.2,0.1,3.0,0.3,0.104,32,74,0.0,0.10204081632653061,39,8,1,0,39,3|10|5|17|10,network_wide,108
random-sparse,50,0.01,0.03,0.0,0.2,0.1,3.0,0.3,0.104,33,75,0.0,0.10204081632653061,38,8,1,0,38,1|10|5|17|11,network_wide,128
random-sparse,50,0.01,0.03,0.0,0.2,0.1,3.0,0.3,0.104,34,76,0.0,0.10204081632653061,37,8,1,0,37,1|10|5|17|12,network_wide,111
random-sparse,50,0.01,0.03,0.0,0.2,0.1,3.0,0.3,0.104,35,77,0.0,0.08163265306122448,36,8,1,0,36,10|5|17|13,network_wide,131
random-sparse,50,0.01,0.03,0.0,0.2,0.1,3.0,0.3,0.104,36,78,0.0,0.08163265306122448,35,8,1,0,35,9|5|17|14,network_wide,110
random-sparse,50,0.01,0.03,0.0,0.2,0.1,3.0,0.3,0.104,37,79,0.0,0.10204081632653061,49,8,1,0,49,9|5|17|14,network_wide,111
random-sparse,50,0.01,0.03,0.0,0.2,0.1,3.0,0.3,0.104,38,80,0.0,0.08163265306122448,48,8,113,0,48,8|5|32|1,network_wide,110
random-sparse,50,0.01,0.03,0.0,0.2,0.1,3.0,0.3,0.104,39,81,0.0,0.10204081632653061,47,8,1,0,47,7|5|17|14|2,network_wide,117
random-sparse,50,0.01,0.03,0.0,0.2,0.1,3.0,0.3,0.104,40,82,0.0,0.10204081632653061,46,8,4,0,46,5|5|17|14|3,network_wide,108
random-sparse,50,0.01,0.03,0.0,0.2,0.1,3.0,0.3,0.104,41,83,0.0,0.10204081632653061,45,8,1,0,45,5|5|17|14|4,network_wide,105
random-sparse,50,0.01,0.03,0.0,0.2,0.1,3.0,0.3,0.104,42,84,0.0,0.10204081632653061,44,8,4,0,44,3|5|17|14|5,network_wide,131
random-sparse,50,0.01,0.03,0.0,0.2,0.1,3.0,0.3,0.104,43,85,0.0,0.10204081632653061,43,8,1,0,43,2|5|17|14|6,network_wide,110
random-sparse,50,0.01,0.03,0.0,0.2,0.1,3.0,0.3,0.104,44,86,0.0,0.10204081632653061,42,8,4,0,42,2|5|17|14|7,network_wide,124
random-sparse,50,0.01,0.03,0.0,0.2,0.1,3.0,0.3,0.104,45,87,0.0,0.10204081632653061,41,8,1,0,41,1|5|17|14|8,network_wide,126
random-sparse,50,0.01,0.03,0.0,0.2,0.1,3.0,0.3,0.104,46,88,0.0,0.061224489795918366,40,4,113,0,40,5|32|9,network_wide,107
random-sparse,50,0.01,0.03,0.0,0.2,0.1,3.0,0.3,0.104,47,89,0.0,0.061224489795918366,39,4,3,0,39,5|17|14|10,network_wide,117
random-sparse,50,0.01,0.03,0.0,0.2,0.1,3.0,0.3,0.104,48,90,0.0,0.08163265306122448,49,7,1,0,49,5|17|14|10,network_wide,124
random-sparse,50,0.01,0.03,0.0,0.2,0.1,3.0,0.3,0.104,49,91,0.0,0.08163265306122448,48,7,1,0,48,4|17|14|10|1,network_wide,116
random-sparse,50,0.01,0.03,0.0,0.2,0.1,3.0,0.3,0.106,0,42,0.0,0.10204081632653061,47,8,5,0,47,14|12|6|10|2,network_wide,111
random-sparse,50,0.01,0.03,0.0,0.2,0.1,3.0,0.3,0.106,1,43,0.0,0.08163265306122448,46,8,103,0,46,26|6|10|3,network_wide,125
random-sparse,50,0.01,0.03,0.0,0.2,0.1,3.0,0.3,0.106,2,44,0.0,0.08163265306122448,44,8,5,0,44,13|12|6|10|5,network_wide,133
random-sparse,50,0.01,0.03,0.0,0.2,0.1,3.0,0.3,0.106,3,45,0.0,0.10204081632653061,44,8,5,0,44,12|12|6|10|5,network_wide,120
random-sparse,50,0.01,0.03,0.0,0.2,0.1,3.0,0.3,0.106,4,46,0.0,0.08163265306122448,49,8,103,0,49,24|6|10|6,network_wide,123
random-sparse,50,0.01,0.03,0.0,0.2,0.1,3.0,0.3,0.106,5,47,0.0,0.10204081632653061,48,8,103,0,48,22|6|10|5|1,network_wide,125
random-sparse,50,0.01,0.03,0.0,0.2,0.1,3.0,0.3,0.106,6,48,0.0,0.10204081632653061,47,8,5,0,47,9|12|6|10|6|2,network_wide,111
random-sparse,50,0.01,0.03,0.0,0.2,0.1,3.0,0.3,0.106,7,49,0.0,0.10204081632653061,46,8,103,0,46,20|6|10|5|3,network_wide,116
random-sparse,50,0.01,0.03,0.0,0.2,0.1,3.0,0.3,0.106,8,50,0.0,0.10204081632653061,45,8,103,0,45,20|6|10|5|4,network_wide,110
random-sparse,50,0.01,0.03,0.0,0.2,0.1,3.0,0.3,0.106,9,51,0.0,0.10204081632653061,44,8,103,0,44,19|6|10|5|5,network_wide,132
random-sparse,50,0.01,0.03,0.0,0.2,0.1,3.0,0.3,0.106,10,52,0.0,0.08163265306122448,43,8,103,0,43,18|6|10|6|6,network_wide,127
random-sparse,50,0.01,0.03,0.0,0.2,0.1,3.0,0.3,0.106,11,53,0.0,0.10204081632653061,42,8,103,0,42,16|6|10|5|7,network_wide,114
random-sparse,50,0.01,0.03,0.0,0.2,0.1,3.0,0.3,0.106,12,54,0.0,0.08163265306122448,41,8,103,0,41,16|6|10|6|8,network_wide,128
random-sparse,50,0.01,0.03,0.0,0.2,0.1,3.0,0.3,0.106,13,55,0.0,0.10204081632653061,40,8,103,0,40,14|6|10|5|9,network_wide,116
random-sparse,50,0.01,0.03,0.0,0.2,0.1,3.0,0.3,0.106,14,56,0.0,0.10204081632653061,39,8,103,0,39,14|6|10|5|10,network_wide,114
random-sparse,50,0.01,0.03,0.0,0.2,0.1,3.0,0.3,0.106,15,57,0.0,0.10204081632653061,38,8,103,0,38,12|6|10|5|11,network_wide,119
random-sparse,50,0.01,0.03,0.0,0.2,0.1,3.0,0.3,0.106,16,58,0.0,0.08163265306122448,37,8,103,0,37,12|6|10|6|12,network_wide,98
random-sparse,50,0.01,0.03,0.0,0.2,0.1,3.0,0.3,0.106,17,59,0.0,0.10204081632653061,36,8,103,0,36,10|6|10|5|13,network_wide,120
random-sparse,50,0.01,0.03,0.0,0.2,0.1,3.0,0.3,0.106,18,60,0.0,0.10204081632653061,35,8,103,0,35,10|6|10|5|14,network_wide,106
random-sparse,50,0.01,0.03,0.0,0.2,0.1,3.0,0.3,0.106,19,61,0.0,0.10204081632653061,34,8,103,0,34,9|6|10|5|15,network_wide,110
random-sparse,50,0.01,0.03,0.0,0.2,0.1,3.0,0.3,0.106,20,62,0.0,0.10204081632653061,33,8,103,0,33,8|6|10|5|16,network_wide,114
random-sparse,50,0.01,0.03,0.0,0.2,0.1,3.0,0.3,0.106,21,63,0.0,0.10204081632653061,32,8,103,0,32,7|6|10|5|17,network_wide,114
random-sparse,50,0.01,0.03,0.0,0.2,0.1,3.0,0.3,0.106,22,64,0.0,0.12244897959183673,49,8,1,0,49,6|6|10|5|17,network_wide,122
random-sparse,50,0.01,0.03,0.0,0.2,0.1,3.0,0.3,0.106,23,65,0.0,0.12244897959183673,48,8,4,0,48,5|6|10|5|17|1,network_wide,120
random-sparse,50,0.01,0.03,0.0,0.2,0.1,3.0,0.3,0.106,24,66,0.0,0.12244897959183673,47,8,4,0,47,4|6|10|5|17|2,network_wide,103
random-sparse,50,0.01,0.03,0.0,0.2,0.1,3.0,0.3,0.106,25,67,0.0,0.12244897959183673,46,8,1,0,46,2|6|10|5|17|3,network_wide,127
random-sparse,50,0.01,0.03,0.0,0.2,0.1,3.0,0.3,0.106,26,68,0.0,0.12244897959183673,45,8,1,0,45,1|6|10|5|17|4,network_wide,114
random-sparse,50,0.01,0.03,0.0,0.2,0.1,3.0,0.3,0.106,27,69,0.0,0.12244897959183673,44,8,1,0,44,1|6|10|5|17|5,network_wide,105
random-sparse,50,0.01,0.03,0.0,0.2,0.1,3.0,0.3,0.106,28,70,0.0,0.10204081632653061,43,8,1,0,43,6|10|5|17|6,network_wide,125
random-sparse,50,0.01,0.03,0.0,0.2,0.1,3.0,0.3,0.106,29,71,0.0,0.10204081632653061,42,8,4,0,42,5|10|5|17|7,network_wide,116
random-sparse,50,0.01,0.03,0.0,0.2,0.1,3.0,0.3,0.106,30,72,0.0,0.10204081632653061,41,8,1,0,41,5|10|5|17|8,network_wide,108
random-sparse,50,0.01,0.03,0.0,0.2,0.1,3.0,0.3,0.106,31,73,0.0,0.10204081632653061,40,8,4,0,40,4|10|5|17|9,network_wide,111
random-sparse,50,0.01,0.03,0.0,0.2,0.1,3.0,0.3,0.106,32,74,0.0,0.10204081632653061,39,8,1,0,39,3|10|5|17|10,network_wide,108
random-sparse,50,0.01,0.03,0.0,0.2,0.1,3.0,0.3,0.106,33,75,0.0,0.10204081632653061,38,8,1,0,38,1|10|5|17|11,network_wide,128
random-sparse,50,0.01,0.03,0.0,0.2,0.1,3.0,0.3,0.106,34,76,0.0,0.10204081632653061,37,8,1,0,37,1|10|5|17|12,network_wide,111
random-sparse,50,0.01,0.03,0.0,0.2,0.1,3.0,0.3,0.106,35,77,0.0,0.08163265306122448,36,8,1,0,36,10|5|17|13,network_wide,131
random-sparse,50,0.01,0.03,0.0,0.2,0.1,3.0,0.3,0.106,36,78,0.0,0.08163265306122448,35,8,1,0,35,9|5|17|14,network_wide,110
random-sparse,50,0.01,0.03,0.0,0.2,0.1,3.0,0.3,0.106,37,79,0.0,0.10204081632653061,49,8,1,0,49,9|5|17|14,network_wide,111
random-sparse,50,0.01,0.03,0.0,0.2,0.1,3.0,0.3,0.106,38,80,0.0,0.08163265306122448,48,8,113,0,48,8|5|32|1,network_wide,110
random-sparse,50,0.01,0.03,0.0,0.2,0.1,3.0,0.3,0.106,39,81,0.0,0.10204081632653061,47,8,1,0,47,7|5|17|14|2,network_wide,117
random-sparse,50,0.01,0.03,0.0,0.2,0.1,3.0,0.3,0.106,40,82,0.0,0.10204081632653061,46,8,4,0,46,5|5|17|14|3,network_wide,108
random-sparse,50,0.01,0.03,0.0,0.2,0.1,3.0,0.3,0.106,41,83,0.0,0.10204081632653061,45,8,1,0,45,5|5|17|14|4,network_wide,105
random-sparse,50,0.01,0.03,0.0,0.2,0.1,3.0,0.3,0.106,42,84,0.0,0.10204081632653061,44,8,4,0,44,3|5|17|14|5,network_wide,131
random-sparse,50,0.01,0.03,0.0,0.2,0.1,3.0,0.3,0.106,43,85,0.0,0.10204081632653061,43,8,1,0,43,2|5|17|14|6,network_wide,110
random-sparse,50,0.01,0.03,0.0,0.2,0.1,3.0,0.3,0.106,44,86,0.0,0.10204081632653061,42,8,4,0,42,2|5|17|14|7,network_wide,124
random-sparse,50,0.01,0.03,0.0,0.2,0.1,3.0,0.3,0.106,45,87,0.0,0.10204081632653061,41,8,1,0,41,1|5|17|14|8,network_wide,126
random-sparse,50,0.01,0.03,0.0,0.2,0.1,3.0,0.3,0.106,46,88,0.0,0.061224489795918366,40,4,113,0,40,5|32|9,network_wide,107
random-sparse,50,0.01,0.03,0.0,0.2,0.1,3.0,0.3,0.106,47,89,0.0,0.061224489795918366,39,4,3,0,39,5|17|14|10,network_wide,117
random-sparse,50,0.01,0.03,0.0,0.2,0.1,3.0,0.3,0.106,48,90,0.0,0.08163265306122448,49,7,1,0,49,5|17|14|10,network_wide,124
random-sparse,50,0.01,0.03,0.0,0.2,0.1,3.0,0.3,0.106,49,91,0.0,0.08163265306122448,48,7,1,0,48,4|17|14|10|1,network_wide,116
random-sparse,50,0.01,0.03,0.0,0.2,0.1,3.0,0.3,0.108,0,42,0.0,0.10204081632653061,47,8,5,0,47,14|12|6|10|2,network_wide,111
random-sparse,50,0.01,0.03,0.0,0.2,0.1,3.0,0.3,0.108,1,43,0.0,0.08163265306122448,46,8,103,0,46,26|6|10|3,network_wide,125
random-sparse,50,0.01,0.03,0.0,0.2,0.1,3.0,0.3,0.108,2,44,0.0,0.061224489795918366,44,8,103,0,44,26|6|10|5,network_wide,133
random-sparse,50,0.01,0.03,0.0,0.2,0.1,3.0,0.3,0.108,3,45,0.0,0.10204081632653061,44,8,5,0,44,12|12|6|10|5,network_wide,120
random-sparse,50,0.01,0.03,0.0,0.2,0.1,3.0,0.3,0.108,4,46,0.0,0.08163265306122448,49,8,103,0,49,24|6|10|6,network_wide,123
random-sparse,50,0.01,0.03,0.0,0.2,0.1,3.0,0.3,0.108,5,47,0.0,0.10204081632653061,48,8,103,0,48,22|6|10|5|1,network_wide,125
random-sparse,50,0.01,0.03,0.0,0.2,0.1,3.0,0.3,0.108,6,48,0.0,0.10204081632653061,47,8,5,0,47,9|12|6|10|6|2,network_wide,111
random-sparse,50,0.01,0.03,0.0,0.2,0.1,3.0,0.3,0.108,7,49,0.0,0.10204081632653061,46,8,103,0,46,20|6|10|5|3,network_wide,116
random-sparse,50,0.01,0.03,0.0,0.2,0.1,3.0,0.3,0.108,8,50,0.0,0.10204081632653061,45,8,103,0,45,20|6|10|5|4,network_wide,110
random-sparse,50,0.01,0.03,0.0,0.2,0.1,3.0,0.3,0.108,9,51,0.0,0.10204081632653061,44,8,103,0,44,19|6|10|5|5,network_wide,132
random-sparse,50,0.01,0.03,0.0,0.2,0.1,3.0,0.3,0.108,10,52,0.0,0.10204081632653061,43,8,103,0,43,18|6|10|5|6,network_wide,127
random-sparse,50,0.01,0.03,0.0,0.2,0.1,3.0,0.3,0.108,11,53,0.0,0.10204081632653061,42,8,103,0,42,16|6|10|5|7,network_wide,114
random-sparse,50,0.01,0.03,0.0,0.2,0.1,3.0,0.3,0.108,12,54,0.0,0.10204081632653061,41,8,103,0,41,16|6|10|5|8,network_wide,128
random-sparse,50,0.01,0.03,0.0,0.2,0.1,3.0,0.3,0.108,13,55,0.0,0.10204081632653061,40,8,103,0,40,14|6|10|5|9,network_wide,116
random-sparse,50,0.01,0.03,0.0,0.2,0.1,3.0,0.3,0.108,14,56,0.0,0.10204081632653061,39,8,103,0,39,14|6|10|5|10,network_wide,114
random-sparse,50,0.01,0.03,0.0,0.2,0.1,3.0,0.3,0.108,15,57,0.0,0.10204081632653061,38,8,103,0,38,12|6|10|5|11,network_wide,119
random-sparse,50,0.01,0.03,0.0,0.2,0.1,3.0,0.3,0.108,16,58,0.0,0.08163265306122448,37,8,103,0,37,12|6|10|6|12,network_wide,98
random-sparse,50,0.01,0.03,0.0,0.2,0.1,3.0,0.3,0.108,17,59,0.0,0.10204081632653061,36,8,103,0,36,10|6|10|5|13,network_wide,120
random-sparse,50,0.01,0.03,0.0,0.2,0.1,3.0,0.3,0.108,18,60,0.0,0.10204081632653061,35,8,103,0,35,10|6|10|5|14,network_wide,106
random-sparse,50,0.01,0.03,0.0,0.2,0.1,3.0,0.3,0.108,19,61,0.0,0.10204081632653061,34,8,103,0,34,9|6|10|5|15,network_wide,110
random-sparse,50,0.01,0.03,0.0,0.2,0.1,3.0,0.3,0.108,20,62,0.0,0.10204081632653061,33,8,103,0,33,8|6|10|5|16,network_wide,114
random-sparse,50,0.01,0.03,0.0,0.2,0.1,3.0,0.3,0.108,21,63,0.0,0.10204081632653061,32,8,103,0,32,7|6|10|5|17,network_wide,114
random-sparse,50,0.01,0.03,0.0,0.2,0.1,3.0,0.3,0.108,22,64,0.0,0.12244897959183673,49,8,1,0,49,6|6|10|5|17,network_wide,122
random-sparse,50,0.01,0.03,0.0,0.2,0.1,3.0,0.3,0.108,23,65,0.0,0.12244897959183673,48,8,4,0,48,5|6|10|5|17|1,network_wide,120
random-sparse,50,0.01,0.03,0.0,0.2,0.1,3.0,0.3,0.108,24,66,0.0,0.12244897959183673,47,8,4,0,47,4|6|10|5|17|2,network_wide,103
random-sparse,50,0.01,0.03,0.0,0.2,0.1,3.0,0.3,0.108,25,67,0.0,0.12244897959183673,46,8,1,0,46,2|6|10|5|17|3,network_wide,127
random-sparse,50,0.01,0.03,0.0,0.2,0.1,3.0,0.3,0.108,26,68,0.0,0.12244897959183673,45,8,1,0,45,1|6|10|5|17|4,network_wide,114
random-sparse,50,0.01,0.03,0.0,0.2,0.1,3.0,0.3,0.108,27,69,0.0,0.12244897959183673,44,8,1,0,44,1|6|10|5|17|5,network_wide,105
random-sparse,50,0.01,0.03,0.0,0.2,0.1,3.0,0.3,0.108,28,70,0.0,0.10204081632653061,43,8,1,0,43,6|10|5|17|6,network_wide,125
random-sparse,50,0.01,0.03,0.0,0.2,0.1,3.0,0.3,0.108,29,71,0.0,0.10204081632653061,42,8,4,0,42,5|10|5|17|7,network_wide,116
random-sparse,50,0.01,0.03,0.0,0.2,0.1,3.0,0.3,0.108,30,72,0.0,0.10204081632653061,41,8,1,0,41,5|10|5|17|8,network_wide,108
random-sparse,50,0.01,0.03,0.0,0.2,0.1,3.0,0.3,0.108,31,73,0.0,0.10204081632653061,40,8,4,0,40,4|10|5|17|9,network_wide,111
random-sparse,50,0.01,0.03,0.0,0.2,0.1,3.0,0.3,0.108,32,74,0.0,0.10204081632653061,39,8,1,0,39,3|10|5|17|10,network_wide,108
random-sparse,50,0.01,0.03,0.0,0.2,0.1,3.0,0.3,0.108,33,75,0.0,0.10204081632653061,38,8,1,0,38,1|10|5|17|11,network_wide,128
random-sparse,50,0.01,0.03,0.0,0.2,0.1,3.0,0.3,0.108,34,76,0.0,0.10204081632653061,37,8,1,0,37,1|10|5|17|12,network_wide,111
random-sparse,50,0.01,0.03,0.0,0.2,0.1,3.0,0.3,0.108,35,77,0.0,0.08163265306122448,36,8,1,0,36,10|5|17|13,network_wide,131
random-sparse,50,0.01,0.03,0.0,0.2,0.1,3.0,0.3,0.108,36,78,0.0,0.08163265306122448,35,8,1,0,35,9|5|17|14,network_wide,110
random-sparse,50,0.01,0.03,0.0,0.2,0.1,3.0,0.3,0.108,37,79,0.0,0.10204081632653061,49,8,1,0,49,9|5|17|14,network_wide,111
random-sparse,50,0.01,0.03,0.0,0.2,0.1,3.0,0.3,0.108,38,80,0.0,0.08163265306122448,48,8,113,0,48,8|5|32|1,network_wide,110
random-sparse,50,0.01,0.03,0.0,0.2,0.1,3.0,0.3,0.108,39,81,0.0,0.10204081632653061,47,8,1,0,47,7|5|17|14|2,network_wide,117
random-sparse,50,0.01,0.03,0.0,0.2,0.1,3.0,0.3,0.108,40,82,0.0,0.10204081632653061,46,8,4,0,46,5|5|17|14|3,network_wide,108
random-sparse,50,0.01,0.03,0.0,0.2,0.1,3.0,0.3,0.108,41,83,0.0,0.10204081632653061,45,8,1,0,45,5|5|17|14|4,network_wide,105
random-sparse,50,0.01,0.03,0.0,0.2,0.1,3.0,0.3,0.108,42,84,0.0,0.10204081632653061,44,8,4,0,44,3|5|17|14|5,network_wide,131
random-sparse,50,0.01,0.03,0.0,0.2,0.1,3.0,0.3,0.108,43,85,0.0,0.10204081632653061,43,8,1,0,43,2|5|17|14|6,network_wide,110
random-sparse,50,0.01,0.03,0.0,0.2,0.1,3.0,0.3,0.108,44,86,0.0,0.10204081632653061,42,8,4,0,42,2|5|17|14|7,network_wide,124
random-sparse,50,0.01,0.03,0.0,0.2,0.1,3.0,0.3,0.108,45,87,0.0,0.10204081632653061,41,8,1,0,41,1|5|17|14|8,network_wide,126
random-sparse,50,0.01,0.03,0.0,0.2,0.1,3.0,0.3,0.108,46,88,0.0,0.061224489795918366,40,4,113,0,40,5|32|9,network_wide,107
random-sparse,50,0.01,0.03,0.0,0.2,0.1,3.0,0.3,0.108,47,89,0.0,0.061224489795918366,39,4,3,0,39,5|17|14|10,network_wide,117
random-sparse,50,0.01,0.03,0.0,0.2,0.1,3.0,0.3,0.108,48,90,0.0,0.08163265306122448,49,7,1,0,49,5|17|14|10,network_wide,124
random-sparse,50,0.01,0.03,0.0,0.2,0.1,3.0,0.3,0.108,49,91,0.0,0.08163265306122448,48,7,1,0,48,4|17|14|10|1,network_wide,116
random-sparse,50,0.01,0.03,0.0,0.2,0.1,3.0,0.3,0.11,0,42,0.0,0.10204081632653061,47,8,5,0,47,14|12|6|10|2,network_wide,111
random-sparse,50,0.01,0.03,0.0,0.2,0.1,3.0,0.3,0.11,1,43,0.0,0.08163265306122448,46,8,103,0,46,26|6|10|3,network_wide,125
random-sparse,50,0.01,0.03,0.0,0.2,0.1,3.0,0.3,0.11,2,44,0.0,0.061224489795918366,44,8,103,0,44,26|6|10|5,network_wide,133
random-sparse,50,0.01,0.03,0.0,0.2,0.1,3.0,0.3,0.11,3,45,0.0,0.10204081632653061,44,8,5,0,44,12|12|6|10|5,network_wide,120
random-sparse,50,0.01,0.03,0.0,0.2,0.1,3.0,0.3,0.11,4,46,0.0,0.08163265306122448,49,8,103,0,49,24|6|10|6,network_wide,123
random-sparse,50,0.01,0.03,0.0,0.2,0.1,3.0,0.3,0.11,5,47,0.0,0.10204081632653061,48,8,103,0,48,22|6|10|5|1,network_wide,125
random-sparse,50,0.01,0.03,0.0,0.2,0.1,3.0,0.3,0.11,6,48,0.0,0.10204081632653061,47,8,5,0,47,9|12|6|10|6|2,network_wide,111
random-sparse,50,0.01,0.03,0.0,0.2,0.1,3.0,0.3,0.11,7,49,0.0,0.10204081632653061,46,8,103,0,46,20|6|10|5|3,network_wide,116
random-sparse,50,0.01,0.03,0.0,0.2,0.1,3.0,0.3,0.11,8,50,0.0,0.10204081632653061,45,8,103,0,45,20|6|10|5|4,network_wide,110
random-sparse,50,0.01,0.03,0.0,0.2,0.1,3.0,0.3,0.11,9,51,0.0,0.10204081632653061,44,8,103,0,44,19|6|10|5|5,network_wide,132
random-sparse,50,0.01,0.03,0.0,0.2,0.1,3.0,0.3,0.11,10,52,0.0,0.10204081632653061,43,8,103,0,43,18|6|10|5|6,network_wide,127
random-sparse,50,0.01,0.03,0.0,0.2,0.1,3.0,0.3,0.11,11,53,0.0,0.10204081632653061,42,8,103,0,42,16|6|10|5|7,network_wide,114
random-sparse,50,0.01,0.03,0.0,0.2,0.1,3.0,0.3,0.11,12,54,0.0,0.10204081632653061,41,8,103,0,41,16|6|10|5|8,network_wide,128
random-sparse,50,0.01,0.03,0.0,0.2,0.1,3.0,0.3,0.11,13,55,0.0,0.10204081632653061,40,8,103,0,40,14|6|10|5|9,network_wide,116
random-sparse,50,0.01,0.03,0.0,0.2,0.1,3.0,0.3,0.11,14,56,0.0,0.10204081632653061,39,8,103,0,39,14|6|10|5|10,network_wide,114
random-sparse,50,0.01,0.03,0.0,0.2,0.1,3.0,0.3,0.11,15,57,0.0,0.10204081632653061,38,8,103,0,38,12|6|10|5|11,network_wide,119
random-sparse,50,0.01,0.03,0.0,0.2,0.1,3.0,0.3,0.11,16,58,0.0,0.08163265306122448,37,8,103,0,37,12|6|10|6|12,network_wide,98
random-sparse,50,0.01,0.03,0.0,0.2,0.1,3.0,0.3,0.11,17,59,0.0,0.10204081632653061,36,8,103,0,36,10|6|10|5|13,network_wide,120
random-sparse,50,0.01,0.03,0.0,0.2,0.1,3.0,0.3,0.11,18,60,0.0,0.10204081632653061,35,8,103,0,35,10|6|10|5|14,network_wide,106
random-sparse,50,0.01,0.03,0.0,0.2,0.1,3.0,0.3,0.11,19,61,0.0,0.10204081632653061,34,8,103,0,34,9|6|10|5|15,network_wide,110
random-sparse,50,0.01,0.03,0.0,0.2,0.1,3.0,0.3,0.11,20,62,0.0,0.10204081632653061,33,8,103,0,33,8|6|10|5|16,network_wide,114
random-sparse,50,0.01,0.03,0.0,0.2,0.1,3.0,0.3,0.11,21,63,0.0,0.10204081632653061,32,8,103,0,32,7|6|10|5|17,network_wide,114
random-sparse,50,0.01,0.03,0.0,0.2,0.1,3.0,0.3,0.11,22,64,0.0,0.12244897959183673,49,8,1,0,49,6|6|10|5|17,network_wide,122
random-sparse,50,0.01,0.03,0.0,0.2,0.1,3.0,0.3,0.11,23,65,0.0,0.12244897959183673,48,8,4,0,48,5|6|10|5|17|1,network_wide,120
random-sparse,50,0.01,0.03,0.0,0.2,0.1,3.0,0.3,0.11,24,66,0.0,0.12244897959183673,47,8,4,0,47,4|6|10|5|17|2,network_wide,103
random-sparse,50,0.01,0.03,0.0,0.2,0.1,3.0,0.3,0.11,25,67,0.0,0.12244897959183673,46,8,1,0,46,2|6|10|5|17|3,network_wide,127
random-sparse,50,0.01,0.03,0.0,0.2,0.1,3.0,0.3,0.11,26,68,0.0,0.12244897959183673,45,8,1,0,45,1|6|10|5|17|4,network_wide,114
random-sparse,50,0.01,0.03,0.0,0.2,0.1,3.0,0.3,0.11,27,69,0.0,0.12244897959183673,44,8,1,0,44,1|6|10|5|17|5,network_wide,105
random-sparse,50,0.01,0.03,0.0,0.2,0.1,3.0,0.3,0.11,28,70,0.0,0.10204081632653061,43,8,1,0,43,6|10|5|17|6,network_wide,125
random-sparse,50,0.01,0.03,0.0,0.2,0.1,3.0,0.3,0.11,29,71,0.0,0.10204081632653061,42,8,4,0,42,5|10|5|17|7,network_wide,116
random-sparse,50,0.01,0.03,0.0,0.2,0.1,3.0,0.3,0.11,30,72,0.0,0.10204081632653061,41,8,1,0,41,5|10|5|17|8,network_wide,108
random-sparse,50,0.01,0.03,0.0,0.2,0.1,3.0,0.3,0.11,31,73,0.0,0.10204081632653061,40,8,4,0,40,4|10|5|17|9,network_wide,111
random-sparse,50,0.01,0.03,0.0,0.2,0.1,3.0,0.3,0.11,32,74,0.0,0.10204081632653061,39,8,1,0,39,3|10|5|17|10,network_wide,108
random-sparse,50,0.01,0.03,0.0,0.2,0.1,3.0,0.3,0.11,33,75,0.0,0.10204081632653061,38,8,1,0,38,1|10|5|17|11,network_wide,128
random-sparse,50,0.01,0.03,0.0,0.2,0.1,3.0,0.3,0.11,34,76,0.0,0.10204081632653061,37,8,1,0,37,1|10|5|17|12,network_wide,111
random-sparse,50,0.01,0.03,0.0,0.2,0.1,3.0,0.3,0.11,35,77,0.0,0.08163265306122448,36,8,1,0,36,10|5|17|13,network_wide,131
random-sparse,50,0.01,0.03,0.0,0.2,0.1,3.0,0.3,0.11,36,78,0.0,0.08163265306122448,35,8,1,0,35,9|5|17|14,network_wide,110
random-sparse,50,0.01,0.03,0.0,0.2,0.1,3.0,0.3,0.11,37,79,0.0,0.10204081632653061,49,8,1,0,49,9|5|17|14,network_wide,111
random-sparse,50,0.01,0.03,0.0,0.2,0.1,3.0,0.3,0.11,38,80,0.0,0.08163265306122448,48,8,113,0,48,8|5|32|1,network_wide,110
random-sparse,50,0.01,0.03,0.0,0.2,0.1,3.0,0.3,0.11,39,81,0.0,0.10204081632653061,47,8,1,0,47,7|5|17|14|2,network_wide,117
random-sparse,50,0.01,0.03,0.0,0.2,0.1,3.0,0.3,0.11,40,82,0.0,0.10204081632653061,46,8,4,0,46,5|5|17|14|3,network_wide,108
random-sparse,50,0.01,0.03,0.0,0.2,0.1,3.0,0.3,0.11,41,83,0.0,0.10204081632653061,45,8,1,0,45,5|5|17|14|4,network_wide,105
random-sparse,50,0.01,0.03,0.0,0.2,0.1,3.0,0.3,0.11,42,84,0.0,0.10204081632653061,44,8,4,0,44,3|5|17|14|5,network_wide,131
random-sparse,50,0.01,0.03,0.0,0.2,0.1,3.0,0.3,0.11,43,85,0.0,0.10204081632653061,43,8,1,0,43,2|5|17|14|6,network_wide,110
random-sparse,50,0.01,0.03,0.0,0.2,0.1,3.0,0.3,0.11,44,86,0.0,0.10204081632653061,42,8,4,0,42,2|5|17|14|7,network_wide,124
random-sparse,50,0.01,0.03,0.0,0.2,0.1,3.0,0.3,0.11,45,87,0.0,0.10204081632653061,41,8,1,0,41,1|5|17|14|8,network_wide,126
random-sparse,50,0.01,0.03,0.0,0.2,0.1,3.0,0.3,0.11,46,88,0.0,0.061224489795918366,40,4,113,0,40,5|32|9,network_wide,107
random-sparse,50,0.01,0.03,0.0,0.2,0.1,3.0,0.3,0.11,47,89,0.0,0.061224489795918366,39,4,3,0,39,5|17|14|10,network_wide,117
random-sparse,50,0.01,0.03,0.0,0.2,0.1,3.0,0.3,0.11,48,90,0.0,0.08163265306122448,49,7,1,0,49,5|17|14|10,network_wide,124
random-sparse,50,0.01,0.03,0.0,0.2,0.1,3.0,0.3,0.11,49,91,0.0,0.08163265306122448,48,7,1,0,48,4|17|14|10|1,network_wide,116
random-sparse,50,0.01,0.03,0.0,0.2,0.1,3.0,0.3,0.112,0,42,0.0,0.10204081632653061,47,8,5,0,47,14|12|6|10|2,network_wide,111
random-sparse,50,0.01,0.03,0.0,0.2,0.1,3.0,0.3,0.112,1,43,0.0,0.08163265306122448,46,8,103,0,46,26|6|10|3,network_wide,125
random-sparse,50,0.01,0.03,0.0,0.2,0.1,3.0,0.3,0.112,2,44,0.0,0.061224489795918366,44,8,103,0,44,26|6|10|5,network_wide,133
random-sparse,50,0.01,0.03,0.0,0.2,0.1,3.0,0.3,0.112,3,45,0.0,0.10204081632653061,44,8,5,0,44,12|12|6|10|5,network_wide,120
random-sparse,50,0.01,0.03,0.0,0.2,0.1,3.0,0.3,0.112,4,46,0.0,0.08163265306122448,49,8,103,0,49,24|6|10|6,network_wide,123
random-sparse,50,0.01,0.03,0.0,0.2,0.1,3.0,0.3,0.112,5,47,0.0,0.10204081632653061,48,8,103,0,48,22|6|10|5|1,network_wide,125
random-sparse,50,0.01,0.03,0.0,0.2,0.1,3.0,0.3,0.112,6,48,0.0,0.10204081632653061,47,8,5,0,47,9|12|6|10|6|2,network_wide,111
random-sparse,50,0.01,0.03,0.0,0.2,0.1,3.0,0.3,0.112,7,49,0.0,0.10204081632653061,46,8,103,0,46,20|6|10|5|3,network_wide,116
random-sparse,50,0.01,0.03,0.0,0.2,0.1,3.0,0.3,0.112,8,50,0.0,0.10204081632653061,45,8,103,0,45,20|6|10|5|4,network_wide,110
random-sparse,50,0.01,0.03,0.0,0.2,0.1,3.0,0.3,0.112,9,51,0.0,0.10204081632653061,44,8,103,0,44,19|6|10|5|5,network_wide,132
random-sparse,50,0.01,0.03,0.0,0.2,0.1,3.0,0.3,0.112,10,52,0.0,0.10204081632653061,43,8,103,0,43,18|6|10|5|6,network_wide,127
random-sparse,50,0.01,0.03,0.0,0.2,0.1,3.0,0.3,0.112,11,53,0.0,0.10204081632653061,42,8,103,0,42,16|6|10|5|7,network_wide,114
random-sparse,50,0.01,0.03,0.0,0.2,0.1,3.0,0.3,0.112,12,54,0.0,0.10204081632653061,41,8,103,0,41,16|6|10|5|8,network_wide,128
random-sparse,50,0.01,0.03,0.0,0.2,0.1,3.0,0.3,0.112,13,55,0.0,0.10204081632653061,40,8,103,0,40,14|6|10|5|9,network_wide,116
random-sparse,50,0.01,0.03,0.0,0.2,0.1,3.0,0.3,0.112,14,56,0.0,0.10204081632653061,39,8,103,0,39,14|6|10|5|10,network_wide,114
random-sparse,50,0.01,0.03,0.0,0.2,0.1,3.0,0.3,0.112,15,57,0.0,0.10204081632653061,38,8,103,0,38,12|6|10|5|11,network_wide,119
random-sparse,50,0.01,0.03,0.0,0.2,0.1,3.0,0.3,0.112,16,58,0.0,0.08163265306122448,37,8,103,0,37,12|6|10|6|12,network_wide,98
random-sparse,50,0.01,0.03,0.0,0.2,0.1,3.0,0.3,0.112,17,59,0.0,0.10204081632653061,36,8,103,0,36,10|6|10|5|13,network_wide,120
random-sparse,50,0.01,0.03,0.0,0.2,0.1,3.0,0.3,0.112,18,60,0.0,0.10204081632653061,35,8,103,0,35,10|6|10|5|14,network_wide,106
random-sparse,50,0.01,0.03,0.0,0.2,0.1,3.0,0.3,0.112,19,61,0.0,0.10204081632653061,34,8,103,0,34,9|6|10|5|15,network_wide,110
random-sparse,50,0.01,0.03,0.0,0.2,0.1,3.0,0.3,0.112,20,62,0.0,0.10204081632653061,33,8,103,0,33,8|6|10|5|16,network_wide,114
random-sparse,50,0.01,0.03,0.0,0.2,0.1,3.0,0.3,0.112,21,63,0.0,0.10204081632653061,32,8,103,0,32,7|6|10|5|17,network_wide,114
random-sparse,50,0.01,0.03,0.0,0.2,0.1,3.0,0.3,0.112,22,64,0.0,0.12244897959183673,49,8,1,0,49,6|6|10|5|17,network_wide,122
random-sparse,50,0.01,0.03,0.0,0.2,0.1,3.0,0.3,0.112,23,65,0.0,0.12244897959183673,48,8,4,0,48,5|6|10|5|17|1,network_wide,120
random-sparse,50,0.01,0.03,0.0,0.2,0.1,3.0,0.3,0.112,24,66,0.0,0.12244897959183673,47,8,4,0,47,4|6|10|5|17|2,network_wide,103
random-sparse,50,0.01,0.03,0.0,0.2,0.1,3.0,0.3,0.112,25,67,0.0,0.12244897959183673,46,8,1,0,46,2|6|10|5|17|3,network_wide,127
random-sparse,50,0.01,0.03,0.0,0.2,0.1,3.0,0.3,0.112,26,68,0.0,0.12244897959183673,45,8,1,0,45,1|6|10|5|17|4,network_wide,114
random-sparse,50,0.01,0.03,0.0,0.2,0.1,3.0,0.3,0.112,27,69,0.0,0.12244897959183673,44,8,1,0,44,1|6|10|5|17|5,network_wide,105
random-sparse,50,0.01,0.03,0.0,0.2,0.1,3.0,0.3,0.112,28,70,0.0,0.10204081632653061,43,8,1,0,43,6|10|5|17|6,network_wide,125
random-sparse,50,0.01,0.03,0.0,0.2,0.1,3.0,0.3,0.112,29,71,0.0,0.10204081632653061,42,8,4,0,42,5|10|5|17|7,network_wide,116
random-sparse,50,0.01,0.03,0.0,0.2,0.1,3.0,0.3,0.112,30,72,0.0,0.10204081632653061,41,8,1,0,41,5|10|5|17|8,network_wide,108
random-sparse,50,0.01,0.03,0.0,0.2,0.1,3.0,0.3,0.112,31,73,0.0,0.10204081632653061,40,8,4,0,40,4|10|5|17|9,network_wide,111
random-sparse,50,0.01,0.03,0.0,0.2,0.1,3.0,0.3,0.112,32,74,0.0,0.10204081632653061,39,8,1,0,39,3|10|5|17|10,network_wide,108
random-sparse,50,0.01,0.03,0.0,0.2,0.1,3.0,0.3,0.112,33,75,0.0,0.10204081632653061,38,8,1,0,38,1|10|5|17|11,network_wide,128
random-sparse,50,0.01,0.03,0.0,0.2,0.1,3.0,0.3,0.112,34,76,0.0,0.10204081632653061,37,8,1,0,37,1|10|5|17|12,network_wide,111
random-sparse,50,0.01,0.03,0.0,0.2,0.1,3.0,0.3,0.112,35,77,0.0,0.08163265306122448,36,8,1,0,36,10|5|17|13,network_wide,131
random-sparse,50,0.01,0.03,0.0,0.2,0.1,3.0,0.3,0.112,36,78,0.0,0.08163265306122448,35,8,1,0,35,9|5|17|14,network_wide,110
random-sparse,50,0.01,0.03,0.0,0.2,0.1,3.0,0.3,0.112,37,79,0.0,0.10204081632653061,49,8,1,0,49,9|5|17|14,network_wide,111
random-sparse,50,0.01,0.03,0.0,0.2,0.1,3.0,0.3,0.112,38,80,0.0,0.08163265306122448,48,8,113,0,48,8|5|32|1,network_wide,110
random-sparse,50,0.01,0.03,0.0,0.2,0.1,3.0,0.3,0.112,39,81,0.0,0.10204081632653061,47,8,1,0,47,7|5|17|14|2,network_wide,117
random-sparse,50,0.01,0.03,0.0,0.2,0.1,3.0,0.3,0.112,40,82,0.0,0.08163265306122448,46,8,113,0,46,5|5|32|3,network_wide,108
random-sparse,50,0.01,0.03,0.0,0.2,0.1,3.0,0.3,0.112,41,83,0.0,0.10204081632653061,45,8,1,0,45,5|5|17|14|4,network_wide,105
random-sparse,50,0.01,0.03,0.0,0.2,0.1,3.0,0.3,0.112,42,84,0.0,0.10204081632653061,44,8,4,0,44,3|5|17|14|5,network_wide,131
random-sparse,50,0.01,0.03,0.0,0.2,0.1,3.0,0.3,0.112,43,85,0.0,0.10204081632653061,43,8,1,0,43,2|5|17|14|6,network_wide,110
random-sparse,50,0.01,0.03,0.0,0.2,0.1,3.0,0.3,0.112,44,86,0.0,0.10204081632653061,42,8,4,0,42,2|5|17|14|7,network_wide,124
random-sparse,50,0.01,0.03,0.0,0.2,0.1,3.0,0.3,0.112,45,87,0.0,0.10204081632653061,41,8,1,0,41,1|5|17|14|8,network_wide,126
random-sparse,50,0.01,0.03,0.0,0.2,0.1,3.0,0.3,0.112,46,88,0.0,0.061224489795918366,40,4,113,0,40,5|32|9,network_wide,107
random-sparse,50,0.01,0.03,0.0,0.2,0.1,3.0,0.3,0.112,47,89,0.0,0.061224489795918366,39,4,3,0,39,5|17|14|10,network_wide,117
random-sparse,50,0.01,0.03,0.0,0.2,0.1,3.0,0.3,0.112,48,90,0.0,0.08163265306122448,49,7,1,0,49,5|17|14|10,network_wide,124
random-sparse,50,0.01,0.03,0.0,0.2,0.1,3.0,0.3,0.112,49,91,0.0,0.08163265306122448,48,7,1,0,48,4|17|14|10|1,network_wide,116
random-sparse,50,0.01,0.03,0.0,0.2,0.1,3.0,0.3,0.114,0,42,0.0,0.10204081632653061,47,8,5,0,47,14|12|6|10|2,network_wide,111
random-sparse,50,0.01,0.03,0.0,0.2,0.1,3.0,0.3,0.114,1,43,0.0,0.08163265306122448,46,8,103,0,46,26|6|10|3,network_wide,125
random-sparse,50,0.01,0.03,0.0,0.2,0.1,3.0,0.3,0.114,2,44,0.0,0.061224489795918366,44,8,103,0,44,26|6|10|5,network_wide,133
random-sparse,50,0.01,0.03,0.0,0.2,0.1,3.0,0.3,0.114,3,45,0.0,0.10204081632653061,44,8,5,0,44,12|12|6|10|5,network_wide,120
random-sparse,50,0.01,0.03,0.0,0.2,0.1,3.0,0.3,0.114,4,46,0.0,0.061224489795918366,42,8,103,0,42,24|6|10|7,network_wide,123
random-sparse,50,0.01,0.03,0.0,0.2,0.1,3.0,0.3,0.114,5,47,0.0,0.08163265306122448,42,8,103,0,42,22|6|10|7,network_wide,125
random-sparse,50,0.01,0.03,0.0,0.2,0.1,3.0,0.3,0.114,6,48,0.0,0.061224489795918366,40,8,103,0,40,22|6|10|9,network_wide,111
random-sparse,50,0.01,0.03,0.0,0.2,0.1,3.0,0.3,0.114,7,49,0.0,0.08163265306122448,40,8,103,0,40,20|6|10|9,network_wide,116
random-sparse,50,0.01,0.03,0.0,0.2,0.1,3.0,0.3,0.114,8,50,0.0,0.08163265306122448,39,8,103,0,39,20|6|10|10,network_wide,110
random-sparse,50,0.01,0.03,0.0,0.2,0.1,3.0,0.3,0.114,9,51,0.0,0.08163265306122448,38,8,103,0,38,19|6|10|11,network_wide,132
random-sparse,50,0.01,0.03,0.0,0.2,0.1,3.0,0.3,0.114,10,52,0.0,0.08163265306122448,37,8,103,0,37,18|6|10|12,network_wide,127
random-sparse,50,0.01,0.03,0.0,0.2,0.1,3.0,0.3,0.114,11,53,0.0,0.08163265306122448,36,8,103,0,36,16|6|10|13,network_wide,114
random-sparse,50,0.01,0.03,0.0,0.2,0.1,3.0,0.3,0.114,12,54,0.0,0.08163265306122448,35,8,103,0,35,16|6|10|14,network_wide,128
random-sparse,50,0.01,0.03,0.0,0.2,0.1,3.0,0.3,0.114,13,55,0.0,0.08163265306122448,34,8,103,0,34,14|6|10|15,network_wide,116
random-sparse,50,0.01,0.03,0.0,0.2,0.1,3.0,0.3,0.114,14,56,0.0,0.08163265306122448,33,8,103,0,33,14|6|10|16,network_wide,114
random-sparse,50,0.01,0.03,0.0,0.2,0.1,3.0,0.3,0.114,15,57,0.0,0.08163265306122448,32,8,103,0,32,12|6|10|17,network_wide,119
random-sparse,50,0.01,0.03,0.0,0.2,0.1,3.0,0.3,0.114,16,58,0.0,0.061224489795918366,30,8,103,0,30,12|6|10|19,network_wide,98
random-sparse,50,0.01,0.03,0.0,0.2,0.1,3.0,0.3,0.114,17,59,0.0,0.08163265306122448,30,8,103,0,30,10|6|10|19,network_wide,120
random-sparse,50,0.01,0.03,0.0,0.2,0.1,3.0,0.3,0.114,18,60,0.0,0.08163265306122448,29,8,103,0,29,10|6|10|20,network_wide,106
random-sparse,50,0.01,0.03,0.0,0.2,0.1,3.0,0.3,0.114,19,61,0.0,0.08163265306122448,28,8,103,0,28,9|6|10|21,network_wide,110
random-sparse,50,0.01,0.03,0.0,0.2,0.1,3.0,0.3,0.114,20,62,0.0,0.08163265306122448,27,8,103,0,27,8|6|10|22,network_wide,114
random-sparse,50,0.01,0.03,0.0,0.2,0.1,3.0,0.3,0.114,21,63,0.0,0.08163265306122448,26,8,103,0,26,7|6|10|23,network_wide,114
random-sparse,50,0.01,0.03,0.0,0.2,0.1,3.0,0.3,0.114,22,64,0.0,0.10204081632653061,49,8,1,0,49,6|6|10|23,network_wide,122
random-sparse,50,0.01,0.03,0.0,0.2,0.1,3.0,0.3,0.114,23,65,0.0,0.10204081632653061,48,8,4,0,48,5|6|10|23|1,network_wide,120
random-sparse,50,0.01,0.03,0.0,0.2,0.1,3.0,0.3,0.114,24,66,0.0,0.10204081632653061,47,8,4,0,47,4|6|10|23|2,network_wide,103
random-sparse,50,0.01,0.03,0.0,0.2,0.1,3.0,0.3,0.114,25,67,0.0,0.10204081632653061,46,8,1,0,46,2|6|10|23|3,network_wide,127
random-sparse,50,0.01,0.03,0.0,0.2,0.1,3.0,0.3,0.114,26,68,0.0,0.10204081632653061,45,8,1,0,45,1|6|10|23|4,network_wide,114
random-sparse,50,0.01,0.03,0.0,0.2,0.1,3.0,0.3,0.114,27,69,0.0,0.10204081632653061,44,8,1,0,44,1|6|10|23|5,network_wide,105
random-sparse,50,0.01,0.03,0.0,0.2,0.1,3.0,0.3,0.114,28,70,0.0,0.08163265306122448,43,8,1,0,43,6|10|23|6,network_wide,125
random-sparse,50,0.01,0.03,0.0,0.2,0.1,3.0,0.3,0.114,29,71,0.0,0.08163265306122448,42,8,4,0,42,5|10|23|7,network_wide,116
random-sparse,50,0.01,0.03,0.0,0.2,0.1,3.0,0.3,0.114,30,72,0.0,0.08163265306122448,41,8,1,0,41,5|10|23|8,network_wide,108
random-sparse,50,0.01,0.03,0.0,0.2,0.1,3.0,0.3,0.114,31,73,0.0,0.08163265306122448,40,8,4,0,40,4|10|23|9,network_wide,111
random-sparse,50,0.01,0.03,0.0,0.2,0.1,3.0,0.3,0.114,32,74,0.0,0.08163265306122448,39,8,1,0,39,3|10|23|10,network_wide,108
random-sparse,50,0.01,0.03,0.0,0.2,0.1,3.0,0.3,0.114,33,75,0.0,0.08163265306122448,38,8,1,0,38,1|10|23|11,network_wide,128
random-sparse,50,0.01,0.03,0.0,0.2,0.1,3.0,0.3,0.114,34,76,0.0,0.08163265306122448,37,8,1,0,37,1|10|23|12,network_wide,111
random-sparse,50,0.01,0.03,0.0,0.2,0.1,3.0,0.3,0.114,35,77,0.0,0.061224489795918366,36,8,1,0,36,10|23|13,network_wide,131
random-sparse,50,0.01,0.03,0.0,0.2,0.1,3.0,0.3,0.114,36,78,0.0,0.061224489795918366,35,8,1,0,35,9|23|14,network_wide,110
random-sparse,50,0.01,0.03,0.0,0.2,0.1,3.0,0.3,0.114,37,79,0.0,0.08163265306122448,49,8,1,0,49,9|23|14,network_wide,111
random-sparse,50,0.01,0.03,0.0,0.2,0.1,3.0,0.3,0.114,38,80,0.0,0.08163265306122448,48,8,113,0,48,8|5|32|1,network_wide,110
random-sparse,50,0.01,0.03,0.0,0.2,0.1,3.0,0.3,0.114,39,81,0.0,0.08163265306122448,47,8,1,0,47,7|23|14|2,network_wide,117
random-sparse,50,0.01,0.03,0.0,0.2,0.1,3.0,0.3,0.114,40,82,0.0,0.061224489795918366,46,8,113,0,46,5|38|3,network_wide,108
random-sparse,50,0.01,0.03,0.0,0.2,0.1,3.0,0.3,0.114,41,83,0.0,0.08163265306122448,45,8,1,0,45,5|23|14|4,network_wide,105
random-sparse,50,0.01,0.03,0.0,0.2,0.1,3.0,0.3,0.114,42,84,0.0,0.08163265306122448,44,8,4,0,44,3|23|14|5,core_weighted,131
random-sparse,50,0.01,0.03,0.0,0.2,0.1,3.0,0.3,0.114,43,85,0.0,0.08163265306122448,43,8,1,0,43,2|23|14|6,network_wide,110
random-sparse,50,0.01,0.03,0.0,0.2,0.1,3.0,0.3,0.114,44,86,0.0,0.08163265306122448,42,8,4,0,42,2|23|14|7,network_wide,124
random-sparse,50,0.01,0.03,0.0,0.2,0.1,3.0,0.3,0.114,45,87,0.0,0.08163265306122448,41,8,1,0,41,1|23|14|8,network_wide,126
random-sparse,50,0.01,0.03,0.0,0.2,0.1,3.0,0.3,0.114,46,88,0.0,0.04081632653061224,40,4,113,0,40,38|9,network_wide,107
random-sparse,50,0.01,0.03,0.0,0.2,0.1,3.0,0.3,0.114,47,89,0.0,0.04081632653061224,39,4,3,0,39,23|14|10,network_wide,117
random-sparse,50,0.01,0.03,0.0,0.2,0.1,3.0,0.3,0.114,48,90,0.0,0.061224489795918366,49,7,1,0,49,23|14|10,network_wide,124
random-sparse,50,0.01,0.03,0.0,0.2,0.1,3.0,0.3,0.114,49,91,0.0,0.061224489795918366,48,7,1,0,48,22|14|10|1,network_wide,116
random-sparse,50,0.01,0.03,0.0,0.2,0.1,3.0,0.3,0.116,0,42,0.0,0.061224489795918366,47,7,128,0,47,27|17|2,network_wide,111
random-sparse,50,0.01,0.03,0.0,0.2,0.1,3.0,0.3,0.116,1,43,0.0,0.061224489795918366,46,7,128,0,46,26|17|3,network_wide,125
random-sparse,50,0.01,0.03,0.0,0.2,0.1,3.0,0.3,0.116,2,44,0.0,0.04081632653061224,44,7,128,0,44,26|17|5,network_wide,133
random-sparse,50,0.01,0.03,0.0,0.2,0.1,3.0,0.3,0.116,3,45,0.0,0.061224489795918366,44,7,128,0,44,25|17|5,network_wide,120
random-sparse,50,0.01,0.03,0.0,0.2,0.1,3.0,0.3,0.116,4,46,0.0,0.04081632653061224,42,7,128,0,42,24|17|7,network_wide,123
random-sparse,50,0.01,0.03,0.0,0.2,0.1,3.0,0.3,0.116,5,47,0.0,0.061224489795918366,42,7,128,0,42,22|17|7,network_wide,125
random-sparse,50,0.01,0.03,0.0,0.2,0.1,3.0,0.3,0.116,6,48,0.0,0.04081632653061224,40,7,128,0,40,22|17|9,network_wide,111
random-sparse,50,0.01,0.03,0.0,0.2,0.1,3.0,0.3,0.116,7,49,0.0,0.061224489795918366,40,7,128,0,40,20|17|9,network_wide,116
random-sparse,50,0.01,0.03,0.0,0.2,0.1,3.0,0.3,0.116,8,50,0.0,0.061224489795918366,39,7,128,0,39,20|17|10,network_wide,110
random-sparse,50,0.01,0.03,0.0,0.2,0.1,3.0,0.3,0.116,9,51,0.0,0.061224489795918366,38,7,128,0,38,19|17|11,network_wide,132
random-sparse,50,0.01,0.03,0.0,0.2,0.1,3.0,0.3,0.116,10,52,0.0,0.061224489795918366,37,7,128,0,37,18|17|12,network_wide,127
random-sparse,50,0.01,0.03,0.0,0.2,0.1,3.0,0.3,0.116,11,53,0.0,0.061224489795918366,36,7,128,0,36,16|17|13,network_wide,114
random-sparse,50,0.01,0.03,0.0,0.2,0.1,3.0,0.3,0.116,12,54,0.0,0.061224489795918366,35,7,128,0,35,16|17|14,network_wide,128
random-sparse,50,0.01,0.03,0.0,0.2,0.1,3.0,0.3,0.116,13,55,0.0,0.061224489795918366,34,7,128,0,34,14|17|15,network_wide,116
random-sparse,50,0.01,0.03,0.0,0.2,0.1,3.0,0.3,0.116,14,56,0.0,0.061224489795918366,33,7,128,0,33,14|17|16,network_wide,114
random-sparse,50,0.01,0.03,0.0,0.2,0.1,3.0,0.3,0.116,15,57,0.0,0.061224489795918366,32,7,128,0,32,12|17|17,network_wide,119
random-sparse,50,0.01,0.03,0.0,0.2,0.1,3.0,0.3,0.116,16,58,0.0,0.04081632653061224,30,7,128,0,30,12|17|19,network_wide,98
random-sparse,50,0.01,0.03,0.0,0.2,0.1,3.0,0.3,0.116,17,59,0.0,0.061224489795918366,30,7,128,0,30,10|17|19,network_wide,120
random-sparse,50,0.01,0.03,0.0,0.2,0.1,3.0,0.3,0.116,18,60,0.0,0.061224489795918366,29,7,128,0,29,10|17|20,network_wide,106
random-sparse,50,0.01,0.03,0.0,0.2,0.1,3.0,0.3,0.116,19,61,0.0,0.061224489795918366,28,7,128,0,28,9|17|21,network_wide,110
random-sparse,50,0.01,0.03,0.0,0.2,0.1,3.0,0.3,0.116,20,62,0.0,0.061224489795918366,27,7,128,0,27,8|17|22,network_wide,114
random-sparse,50,0.01,0.03,0.0,0.2,0.1,3.0,0.3,0.116,21,63,0.0,0.061224489795918366,26,7,128,0,26,7|17|23,network_wide,114
random-sparse,50,0.01,0.03,0.0,0.2,0.1,3.0,0.3,0.116,22,64,0.0,0.08163265306122448,49,7,1,0,49,6|17|23,network_wide,122
random-sparse,50,0.01,0.03,0.0,0.2,0.1,3.0,0.3,0.116,23,65,0.0,0.08163265306122448,48,7,4,0,48,5|17|23|1,network_wide,120
random-sparse,50,0.01,0.03,0.0,0.2,0.1,3.0,0.3,0.116,24,66,0.0,0.061224489795918366,23,7,128,0,23,4|17|26,network_wide,103
random-sparse,50,0.01,0.03,0.0,0.2,0.1,3.0,0.3,0.116,25,67,0.0,0.08163265306122448,46,7,1,0,46,2|17|23|3,network_wide,127
random-sparse,50,0.01,0.03,0.0,0.2,0.1,3.0,0.3,0.116,26,68,0.0,0.08163265306122448,45,7,1,0,45,1|17|23|4,network_wide,114
random-sparse,50,0.01,0.03,0.0,0.2,0.1,3.0,0.3,0.116,27,69,0.0,0.08163265306122448,44,7,1,0,44,1|17|23|5,network_wide,105
random-sparse,50,0.01,0.03,0.0,0.2,0.1,3.0,0.3,0.116,28,70,0.0,0.061224489795918366,43,7,1,0,43,17|23|6,network_wide,125
random-sparse,50,0.01,0.03,0.0,0.2,0.1,3.0,0.3,0.116,29,71,0.0,0.04081632653061224,18,7,128,0,18,16|31,network_wide,116
random-sparse,50,0.01,0.03,0.0,0.2,0.1,3.0,0.3,0.116,30,72,0.0,0.061224489795918366,41,7,1,0,41,16|23|8,network_wide,108
random-sparse,50,0.01,0.03,0.0,0.2,0.1,3.0,0.3,0.116,31,73,0.0,0.061224489795918366,40,7,4,0,40,15|23|9,network_wide,111
random-sparse,50,0.01,0.03,0.0,0.2,0.1,3.0,0.3,0.116,32,74,0.0,0.061224489795918366,39,7,1,0,39,14|23|10,network_wide,108
random-sparse,50,0.01,0.03,0.0,0.2,0.1,3.0,0.3,0.116,33,75,0.0,0.061224489795918366,38,7,1,0,38,12|23|11,network_wide,128
random-sparse,50,0.01,0.03,0.0,0.2,0.1,3.0,0.3,0.116,34,76,0.0,0.061224489795918366,37,7,1,0,37,12|23|12,network_wide,111
random-sparse,50,0.01,0.03,0.0,0.2,0.1,3.0,0.3,0.116,35,77,0.0,0.061224489795918366,36,7,1,0,36,11|23|13,network_wide,131
random-sparse,50,0.01,0.03,0.0,0.2,0.1,3.0,0.3,0.116,36,78,0.0,0.061224489795918366,35,7,1,0,35,10|23|14,network_wide,110
random-sparse,50,0.01,0.03,0.0,0.2,0.1,3.0,0.3,0.116,37,79,0.0,0.08163265306122448,49,7,1,0,49,9|23|14,network_wide,111
random-sparse,50,0.01,0.03,0.0,0.2,0.1,3.0,0.3,0.116,38,80,0.0,0.061224489795918366,48,7,113,0,48,8|38|1,network_wide,110
random-sparse,50,0.01,0.03,0.0,0.2,0.1,3.0,0.3,0.116,39,81,0.0,0.08163265306122448,47,7,1,0,47,7|23|14|2,network_wide,117
random-sparse,50,0.01,0.03,0.0,0.2,0.1,3.0,0.3,0.116,40,82,0.0,0.061224489795918366,46,7,113,0,46,5|38|3,network_wide,108
random-sparse,50,0.01,0.03,0.0,0.2,0.1,3.0,0.3,0.116,41,83,0.0,0.08163265306122448,45,7,1,0,45,5|23|14|4,network_wide,105
random-sparse,50,0.01,0.03,0.0,0.2,0.1,3.0,0.3,0.116,42,84,0.0,0.08163265306122448,44,7,4,0,44,3|23|14|5,core_weighted,131
random-sparse,50,0.01,0.03,0.0,0.2,0.1,3.0,0.3,0.116,43,85,0.0,0.08163265306122448,43,7,1,0,43,2|23|14|6,network_wide,110
random-sparse,50,0.01,0.03,0.0,0.2,0.1,3.0,0.3,0.116,44,86,0.0,0.08163265306122448,42,7,4,0,42,2|23|14|7,network_wide,124
random-sparse,50,0.01,0.03,0.0,0.2,0.1,3.0,0.3,0.116,45,87,0.0,0.08163265306122448,41,7,1,0,41,1|23|14|8,network_wide,126
random-sparse,50,0.01,0.03,0.0,0.2,0.1,3.0,0.3,0.116,46,88,0.0,0.04081632653061224,40,4,113,0,40,38|9,network_wide,107
random-sparse,50,0.01,0.03,0.0,0.2,0.1,3.0,0.3,0.116,47,89,0.0,0.04081632653061224,39,4,3,0,39,23|14|10,network_wide,117
random-sparse,50,0.01,0.03,0.0,0.2,0.1,3.0,0.3,0.116,48,90,0.0,0.061224489795918366,49,7,1,0,49,23|14|10,network_wide,124
random-sparse,50,0.01,0.03,0.0,0.2,0.1,3.0,0.3,0.116,49,91,0.0,0.061224489795918366,48,7,1,0,48,22|14|10|1,network_wide,116
random-sparse,50,0.01,0.03,0.0,0.2,0.1,3.0,0.3,0.118,0,42,0.0,0.061224489795918366,47,7,128,0,47,27|17|2,network_wide,111
random-sparse,50,0.01,0.03,0.0,0.2,0.1,3.0,0.3,0.118,1,43,0.0,0.061224489795918366,46,7,128,0,46,26|17|3,network_wide,125
random-sparse,50,0.01,0.03,0.0,0.2,0.1,3.0,0.3,0.118,2,44,0.0,0.04081632653061224,44,7,128,0,44,26|17|5,network_wide,133
random-sparse,50,0.01,0.03,0.0,0.2,0.1,3.0,0.3,0.118,3,45,0.0,0.061224489795918366,44,7,128,0,44,25|17|5,network_wide,120
random-sparse,50,0.01,0.03,0.0,0.2,0.1,3.0,0.3,0.118,4,46,0.0,0.04081632653061224,42,7,128,0,42,24|17|7,network_wide,123
random-sparse,50,0.01,0.03,0.0,0.2,0.1,3.0,0.3,0.118,5,47,0.0,0.061224489795918366,42,7,128,0,42,22|17|7,network_wide,125
random-sparse,50,0.01,0.03,0.0,0.2,0.1,3.0,0.3,0.118,6,48,0.0,0.04081632653061224,40,7,128,0,40,22|17|9,network_wide,111
random-sparse,50,0.01,0.03,0.0,0.2,0.1,3.0,0.3,0.118,7,49,0.0,0.061224489795918366,40,7,128,0,40,20|17|9,network_wide,116
random-sparse,50,0.01,0.03,0.0,0.2,0.1,3.0,0.3,0.118,8,50,0.0,0.061224489795918366,39,7,128,0,39,20|17|10,network_wide,110
random-sparse,50,0.01,0.03,0.0,0.2,0.1,3.0,0.3,0.118,9,51,0.0,0.061224489795918366,38,7,128,0,38,19|17|11,network_wide,132
random-sparse,50,0.01,0.03,0.0,0.2,0.1,3.0,0.3,0.118,10,52,0.0,0.061224489795918366,37,7,128,0,37,18|17|12,network_wide,127
random-sparse,50,0.01,0.03,0.0,0.2,0.1,3.0,0.3,0.118,11,53,0.0,0.061224489795918366,36,7,128,0,36,16|17|13,network_wide,114
random-sparse,50,0.01,0.03,0.0,0.2,0.1,3.0,0.3,0.118,12,54,0.0,0.061224489795918366,35,7,128,0,35,16|17|14,network_wide,128
random-sparse,50,0.01,0.03,0.0,0.2,0.1,3.0,0.3,0.118,13,55,0.0,0.061224489795918366,34,7,128,0,34,14|17|15,network_wide,116
random-sparse,50,0.01,0.03,0.0,0.2,0.1,3.0,0.3,0.118,14,56,0.0,0.061224489795918366,33,7,128,0,33,14|17|16,network_wide,114
random-sparse,50,0.01,0.03,0.0,0.2,0.1,3.0,0.3,0.118,15,57,0.0,0.061224489795918366,32,7,128,0,32,12|17|17,network_wide,119
random-sparse,50,0.01,0.03,0.0,0.2,0.1,3.0,0.3,0.118,16,58,0.0,0.04081632653061224,30,7,128,0,30,12|17|19,network_wide,98
random-sparse,50,0.01,0.03,0.0,0.2,0.1,3.0,0.3,0.118,17,59,0.0,0.061224489795918366,30,7,128,0,30,10|17|19,network_wide,120
random-sparse,50,0.01,0.03,0.0,0.2,0.1,3.0,0.3,0.118,18,60,0.0,0.061224489795918366,29,7,128,0,29,10|17|20,network_wide,106
random-sparse,50,0.01,0.03,0.0,0.2,0.1,3.0,0.3,0.118,19,61,0.0,0.061224489795918366,28,7,128,0,28,9|17|21,network_wide,110
random-sparse,50,0.01,0.03,0.0,0.2,0.1,3.0,0.3,0.118,20,62,0.0,0.061224489795918366,27,7,128,0,27,8|17|22,network_wide,114
random-sparse,50,0.01,0.03,0.0,0.2,0.1,3.0,0.3,0.118,21,63,0.0,0.061224489795918366,26,7,128,0,26,7|17|23,network_wide,114
random-sparse,50,0.01,0.03,0.0,0.2,0.1,3.0,0.3,0.118,22,64,0.0,0.08163265306122448,49,7,1,0,49,6|17|23,network_wide,122
random-sparse,50,0.01,0.03,0.0,0.2,0.1,3.0,0.3,0.118,23,65,0.0,0.061224489795918366,24,7,128,0,24,5|17|25,network_wide,120
random-sparse,50,0.01,0.03,0.0,0.2,0.1,3.0,0.3,0.118,24,66,0.0,0.061224489795918366,23,7,128,0,23,4|17|26,network_wide,103
random-sparse,50,0.01,0.03,0.0,0.2,0.1,3.0,0.3,0.118,25,67,0.0,0.08163265306122448,46,7,1,0,46,2|17|23|3,network_wide,127
random-sparse,50,0.01,0.03,0.0,0.2,0.1,3.0,0.3,0.118,26,68,0.0,0.08163265306122448,45,7,1,0,45,1|17|23|4,network_wide,114
random-sparse,50,0.01,0.03,0.0,0.2,0.1,3.0,0.3,0.118,27,69,0.0,0.08163265306122448,44,7,1,0,44,1|17|23|5,network_wide,105
random-sparse,50,0.01,0.03,0.0,0.2,0.1,3.0,0.3,0.118,28,70,0.0,0.061224489795918366,43,7,1,0,43,17|23|6,network_wide,125
random-sparse,50,0.01,0.03,0.0,0.2,0.1,3.0,0.3,0.118,29,71,0.0,0.04081632653061224,18,7,128,0,18,16|31,network_wide,116
random-sparse,50,0.01,0.03,0.0,0.2,0.1,3.0,0.3,0.118,30,72,0.0,0.061224489795918366,41,7,1,0,41,16|23|8,network_wide,108
random-sparse,50,0.01,0.03,0.0,0.2,0.1,3.0,0.3,0.118,31,73,0.0,0.061224489795918366,40,7,4,0,40,15|23|9,network_wide,111
random-sparse,50,0.01,0.03,0.0,0.2,0.1,3.0,0.3,0.118,32,74,0.0,0.061224489795918366,39,7,1,0,39,14|23|10,network_wide,108
random-sparse,50,0.01,0.03,0.0,0.2,0.1,3.0,0.3,0.118,33,75,0.0,0.061224489795918366,38,7,1,0,38,12|23|11,network_wide,128
random-sparse,50,0.01,0.03,0.0,0.2,0.1,3.0,0.3,0.118,34,76,0.0,0.061224489795918366,37,7,1,0,37,12|23|12,network_wide,111
random-sparse,50,0.01,0.03,0.0,0.2,0.1,3.0,0.3,0.118,35,77,0.0,0.061224489795918366,36,7,1,0,36,11|23|13,network_wide,131
random-sparse,50,0.01,0.03,0.0,0.2,0.1,3.0,0.3,0.118,36,78,0.0,0.061224489795918366,35,7,1,0,35,10|23|14,network_wide,110
random-sparse,50,0.01,0.03,0.0,0.2,0.1,3.0,0.3,0.118,37,79,0.0,0.08163265306122448,49,7,1,0,49,9|23|14,network_wide,111
random-sparse,50,0.01,0.03,0.0,0.2,0.1,3.0,0.3,0.118,38,80,0.0,0.061224489795918366,48,7,113,0,48,8|38|1,network_wide,110
random-sparse,50,0.01,0.03,0.0,0.2,0.1,3.0,0.3,0.118,39,81,0.0,0.08163265306122448,47,7,1,0,47,7|23|14|2,network_wide,117
random-sparse,50,0.01,0.03,0.0,0.2,0.1,3.0,0.3,0.118,40,82,0.0,0.061224489795918366,46,7,113,0,46,5|38|3,network_wide,108
random-sparse,50,0.01,0.03,0.0,0.2,0.1,3.0,0.3,0.118,41,83,0.0,0.08163265306122448,45,7,1,0,45,5|23|14|4,network_wide,105
random-sparse,50,0.01,0.03,0.0,0.2,0.1,3.0,0.3,0.118,42,84,0.0,0.08163265306122448,44,7,4,0,44,3|23|14|5,core_weighted,131
random-sparse,50,0.01,0.03,0.0,0.2,0.1,3.0,0.3,0.118,43,85,0.0,0.08163265306122448,43,7,1,0,43,2|23|14|6,network_wide,110
random-sparse,50,0.01,0.03,0.0,0.2,0.1,3.0,0.3,0.118,44,86,0.0,0.061224489795918366,42,7,113,0,42,2|38|7,network_wide,124
random-sparse,50,0.01,0.03,0.0,0.2,0.1,3.0,0.3,0.118,45,87,0.0,0.08163265306122448,41,7,1,0,41,1|23|14|8,network_wide,126
random-sparse,50,0.01,0.03,0.0,0.2,0.1,3.0,0.3,0.118,46,88,0.0,0.04081632653061224,40,4,113,0,40,38|9,network_wide,107
random-sparse,50,0.01,0.03,0.0,0.2,0.1,3.0,0.3,0.118,47,89,0.0,0.04081632653061224,39,4,3,0,39,23|14|10,network_wide,117
random-sparse,50,0.01,0.03,0.0,0.2,0.1,3.0,0.3,0.118,48,90,0.0,0.061224489795918366,49,7,1,0,49,23|14|10,network_wide,124
random-sparse,50,0.01,0.03,0.0,0.2,0.1,3.0,0.3,0.118,49,91,0.0,0.061224489795918366,48,7,1,0,48,22|14|10|1,network_wide,116
random-sparse,50,0.01,0.03,0.0,0.2,0.1,3.0,0.3,0.12,0,42,0.0,0.061224489795918366,47,7,128,0,47,27|17|2,network_wide,111
random-sparse,50,0.01,0.03,0.0,0.2,0.1,3.0,0.3,0.12,1,43,0.0,0.061224489795918366,46,7,128,0,46,26|17|3,network_wide,125
random-sparse,50,0.01,0.03,0.0,0.2,0.1,3.0,0.3,0.12,2,44,0.0,0.04081632653061224,44,7,128,0,44,26|17|5,network_wide,133
random-sparse,50,0.01,0.03,0.0,0.2,0.1,3.0,0.3,0.12,3,45,0.0,0.061224489795918366,44,7,128,0,44,25|17|5,network_wide,120
random-sparse,50,0.01,0.03,0.0,0.2,0.1,3.0,0.3,0.12,4,46,0.0,0.04081632653061224,42,7,128,0,42,24|17|7,network_wide,123
random-sparse,50,0.01,0.03,0.0,0.2,0.1,3.0,0.3,0.12,5,47,0.0,0.061224489795918366,42,7,128,0,42,22|17|7,network_wide,125
random-sparse,50,0.01,0.03,0.0,0.2,0.1,3.0,0.3,0.12,6,48,0.0,0.04081632653061224,40,7,128,0,40,22|17|9,network_wide,111
random-sparse,50,0.01,0.03,0.0,0.2,0.1,3.0,0.3,0.12,7,49,0.0,0.061224489795918366,40,7,128,0,40,20|17|9,network_wide,116
random-sparse,50,0.01,0.03,0.0,0.2,0.1,3.0,0.3,0.12,8,50,0.0,0.061224489795918366,39,7,128,0,39,20|17|10,network_wide,110
random-sparse,50,0.01,0.03,0.0,0.2,0.1,3.0,0.3,0.12,9,51,0.0,0.061224489795918366,38,7,128,0,38,19|17|11,network_wide,132
random-sparse,50,0.01,0.03,0.0,0.2,0.1,3.0,0.3,0.12,10,52,0.0,0.061224489795918366,37,7,128,0,37,18|17|12,network_wide,127
random-sparse,50,0.01,0.03,0.0,0.2,0.1,3.0,0.3,0.12,11,53,0.0,0.061224489795918366,36,7,128,0,36,16|17|13,network_wide,114
random-sparse,50,0.01,0.03,0.0,0.2,0.1,3.0,0.3,0.12,12,54,0.0,0.061224489795918366,35,7,128,0,35,16|17|14,network_wide,128
random-sparse,50,0.01,0.03,0.0,0.2,0.1,3.0,0.3,0.12,13,55,0.0,0.061224489795918366,34,7,128,0,34,14|17|15,network_wide,116
random-sparse,50,0.01,0.03,0.0,0.2,0.1,3.0,0.3,0.12,14,56,0.0,0.061224489795918366,33,7,128,0,33,14|17|16,network_wide,114
random-sparse,50,0.01,0.03,0.0,0.2,0.1,3.0,0.3,0.12,15,57,0.0,0.061224489795918366,32,7,128,0,32,12|17|17,network_wide,119
random-sparse,50,0.01,0.03,0.0,0.2,0.1,3.0,0.3,0.12,16,58,0.0,0.04081632653061224,30,7,128,0,30,12|17|19,network_wide,98
random-sparse,50,0.01,0.03,0.0,0.2,0.1,3.0,0.3,0.12,17,59,0.0,0.061224489795918366,30,7,128,0,30,10|17|19,network_wide,120
random-sparse,50,0.01,0.03,0.0,0.2,0.1,3.0,0.3,0.12,18,60,0.0,0.061224489795918366,29,7,128,0,29,10|17|20,network_wide,106
random-sparse,50,0.01,0.03,0.0,0.2,0.1,3.0,0.3,0.12,19,61,0.0,0.061224489795918366,28,7,128,0,28,9|17|21,network_wide,110
random-sparse,50,0.01,0.03,0.0,0.2,0.1,3.0,0.3,0.12,20,62,0.0,0.061224489795918366,27,7,128,0,27,8|17|22,network_wide,114
random-sparse,50,0.01,0.03,0.0,0.2,0.1,3.0,0.3,0.12,21,63,0.0,0.061224489795918366,26,7,128,0,26,7|17|23,network_wide,114
random-sparse,50,0.01,0.03,0.0,0.2,0.1,3.0,0.3,0.12,22,64,0.0,0.08163265306122448,49,7,1,0,49,6|17|23,network_wide,122
random-sparse,50,0.01,0.03,0.0,0.2,0.1,3.0,0.3,0.12,23,65,0.0,0.061224489795918366,24,7,128,0,24,5|17|25,network_wide,120
random-sparse,50,0.01,0.03,0.0,0.2,0.1,3.0,0.3,0.12,24,66,0.0,0.061224489795918366,23,7,128,0,23,4|17|26,network_wide,103
random-sparse,50,0.01,0.03,0.0,0.2,0.1,3.0,0.3,0.12,25,67,0.0,0.08163265306122448,46,7,1,0,46,2|17|23|3,network_wide,127
random-sparse,50,0.01,0.03,0.0,0.2,0.1,3.0,0.3,0.12,26,68,0.0,0.08163265306122448,45,7,1,0,45,1|17|23|4,network_wide,114
random-sparse,50,0.01,0.03,0.0,0.2,0.1,3.0,0.3,0.12,27,69,0.0,0.08163265306122448,44,7,1,0,44,1|17|23|5,network_wide,105
random-sparse,50,0.01,0.03,0.0,0.2,0.1,3.0,0.3,0.12,28,70,0.0,0.061224489795918366,43,7,1,0,43,17|23|6,network_wide,125
random-sparse,50,0.01,0.03,0.0,0.2,0.1,3.0,0.3,0.12,29,71,0.0,0.04081632653061224,18,7,128,0,18,16|31,network_wide,116
random-sparse,50,0.01,0.03,0.0,0.2,0.1,3.0,0.3,0.12,30,72,0.0,0.061224489795918366,41,7,1,0,41,16|23|8,network_wide,108
random-sparse,50,0.01,0.03,0.0,0.2,0.1,3.0,0.3,0.12,31,73,0.0,0.061224489795918366,40,7,4,0,40,15|23|9,network_wide,111
random-sparse,50,0.01,0.03,0.0,0.2,0.1,3.0,0.3,0.12,32,74,0.0,0.061224489795918366,39,7,1,0,39,14|23|10,network_wide,108
random-sparse,50,0.01,0.03,0.0,0.2,0.1,3.0,0.3,0.12,33,75,0.0,0.061224489795918366,38,7,1,0,38,12|23|11,network_wide,128
random-sparse,50,0.01,0.03,0.0,0.2,0.1,3.0,0.3,0.12,34,76,0.0,0.061224489795918366,37,7,1,0,37,12|23|12,network_wide,111
random-sparse,50,0.01,0.03,0.0,0.2,0.1,3.0,0.3,0.12,35,77,0.0,0.061224489795918366,36,7,1,0,36,11|23|13,network_wide,131
random-sparse,50,0.01,0.03,0.0,0.2,0.1,3.0,0.3,0.12,36,78,0.0,0.061224489795918366,35,7,1,0,35,10|23|14,network_wide,110
random-sparse,50,0.01,0.03,0.0,0.2,0.1,3.0,0.3,0.12,37,79,0.0,0.08163265306122448,49,7,1,0,49,9|23|14,network_wide,111
random-sparse,50,0.01,0.03,0.0,0.2,0.1,3.0,0.3,0.12,38,80,0.0,0.061224489795918366,48,7,113,0,48,8|38|1,network_wide,110
random-sparse,50,0.01,0.03,0.0,0.2,0.1,3.0,0.3,0.12,39,81,0.0,0.08163265306122448,47,7,1,0,47,7|23|14|2,network_wide,117
random-sparse,50,0.01,0.03,0.0,0.2,0.1,3.0,0.3,0.12,40,82,0.0,0.061224489795918366,46,7,113,0,46,5|38|3,network_wide,108
random-sparse,50,0.01,0.03,0.0,0.2,0.1,3.0,0.3,0.12,41,83,0.0,0.08163265306122448,45,7,1,0,45,5|23|14|4,network_wide,105
random-sparse,50,0.01,0.03,0.0,0.2,0.1,3.0,0.3,0.12,42,84,0.0,0.061224489795918366,44,7,113,0,44,3|38|5,core_weighted,131
random-sparse,50,0.01,0.03,0.0,0.2,0.1,3.0,0.3,0.12,43,85,0.0,0.08163265306122448,43,7,1,0,43,2|23|14|6,network_wide,110
random-sparse,50,0.01,0.03,0.0,0.2,0.1,3.0,0.3,0.12,44,86,0.0,0.061224489795918366,42,7,113,0,42,2|38|7,network_wide,124
random-sparse,50,0.01,0.03,0.0,0.2,0.1,3.0,0.3,0.12,45,87,0.0,0.08163265306122448,41,7,1,0,41,1|23|14|8,network_wide,126
random-sparse,50,0.01,0.03,0.0,0.2,0.1,3.0,0.3,0.12,46,88,0.0,0.04081632653061224,40,4,113,0,40,38|9,network_wide,107
random-sparse,50,0.01,0.03,0.0,0.2,0.1,3.0,0.3,0.12,47,89,0.0,0.04081632653061224,39,4,3,0,39,23|14|10,network_wide,117
random-sparse,50,0.01,0.03,0.0,0.2,0.1,3.0,0.3,0.12,48,90,0.0,0.061224489795918366,49,7,1,0,49,23|14|10,network_wide,124
random-sparse,50,0.01,0.03,0.0,0.2,0.1,3.0,0.3,0.12,49,91,0.0,0.061224489795918366,48,7,1,0,48,22|14|10|1,network_wide,116
fully-connected,50,0.01,0.02,0.0,0.2,0.1,3.0,0.3,0.09,0,42,0.0,0.14285714285714285,46,8,5,0,46,3|4|5|12|4|1|10|3,hub_localized,1225
fully-connected,50,0.01,0.02,0.0,0.2,0.1,3.0,0.3,0.09,1,43,0.0,0.14285714285714285,45,8,6,0,45,2|4|5|12|4|1|10|4,hub_localized,1225
fully-connected,50,0.01,0.02,0.0,0.2,0.1,3.0,0.3,0.09,2,44,0.0,0.14285714285714285,44,8,5,0,44,2|4|5|12|4|1|10|5,hub_localized,1225
fully-connected,50,0.01,0.02,0.0,0.2,0.1,3.0,0.3,0.09,3,45,0.0,0.14285714285714285,43,8,4,0,43,1|4|5|12|4|1|10|6,hub_localized,1225
fully-connected,50,0.01,0.02,0.0,0.2,0.1,3.0,0.3,0.09,4,46,0.0,0.14285714285714285,49,8,5,0,49,4|5|12|4|1|10|6,hub_localized,1225
fully-connected,50,0.01,0.02,0.0,0.2,0.1,3.0,0.3,0.09,5,47,0.0,0.14285714285714285,48,8,6,0,48,3|5|12|4|1|10|6|1,hub_localized,1225
fully-connected,50,0.01,0.02,0.0,0.2,0.1,3.0,0.3,0.09,6,48,0.0,0.14285714285714285,47,8,5,0,47,3|5|12|4|1|10|6|2,hub_localized,1225
fully-connected,50,0.01,0.02,0.0,0.2,0.1,3.0,0.3,0.09,7,49,0.0,0.14285714285714285,46,8,5,0,46,1|5|12|4|1|10|6|3,hub_localized,1225
fully-connected,50,0.01,0.02,0.0,0.2,0.1,3.0,0.3,0.09,8,50,0.0,0.14285714285714285,45,8,5,0,45,1|5|12|4|1|10|6|4,hub_localized,1225
fully-connected,50,0.01,0.02,0.0,0.2,0.1,3.0,0.3,0.09,9,51,0.0,0.10204081632653061,44,8,102,0,44,18|4|1|10|6|5,hub_localized,1225
fully-connected,50,0.01,0.02,0.0,0.2,0.1,3.0,0.3,0.09,10,52,0.0,0.10204081632653061,43,8,102,0,43,17|4|1|10|6|6,hub_localized,1225
fully-connected,50,0.01,0.02,0.0,0.2,0.1,3.0,0.3,0.09,11,53,0.0,0.12244897959183673,42,8,6,0,42,3|12|4|1|10|6|7,hub_localized,1225
fully-connected,50,0.01,0.02,0.0,0.2,0.1,3.0,0.3,0.09,12,54,0.0,0.10204081632653061,41,8,102,0,41,16|4|1|10|6|8,hub_localized,1225
fully-connected,50,0.01,0.02,0.0,0.2,0.1,3.0,0.3,0.09,13,55,0.0,0.10204081632653061,40,8,102,0,40,14|4|1|10|6|9,hub_localized,1225
fully-connected,50,0.01,0.02,0.0,0.2,0.1,3.0,0.3,0.09,14,56,0.0,0.12244897959183673,39,8,6,0,39,1|12|4|1|10|6|10,hub_localized,1225
fully-connected,50,0.01,0.02,0.0,0.2,0.1,3.0,0.3,0.09,15,57,0.0,0.10204081632653061,38,8,102,0,38,12|4|1|10|6|11,hub_localized,1225
fully-connected,50,0.01,0.02,0.0,0.2,0.1,3.0,0.3,0.09,16,58,0.0,0.10204081632653061,37,8,102,0,37,12|4|1|10|6|12,hub_localized,1225
fully-connected,50,0.01,0.02,0.0,0.2,0.1,3.0,0.3,0.09,17,59,0.0,0.10204081632653061,36,8,102,0,36,10|4|1|10|6|13,hub_localized,1225
fully-connected,50,0.01,0.02,0.0,0.2,0.1,3.0,0.3,0.09,18,60,0.0,0.10204081632653061,35,8,102,0,35,10|4|1|10|6|14,hub_localized,1225
fully-connected,50,0.01,0.02,0.0,0.2,0.1,3.0,0.3,0.09,19,61,0.0,0.10204081632653061,34,8,102,0,34,9|4|1|10|6|15,hub_localized,1225
fully-connected,50,0.01,0.02,0.0,0.2,0.1,3.0,0.3,0.09,20,62,0.0,0.10204081632653061,33,8,102,0,33,8|4|1|10|6|16,hub_localized,1225
fully-connected,50,0.01,0.02,0.0,0.2,0.1,3.0,0.3,0.09,21,63,0.0,0.10204081632653061,32,8,102,0,32,7|4|1|10|6|17,hub_localized,1225
fully-connected,50,0.01,0.02,0.0,0.2,0.1,3.0,0.3,0.09,22,64,0.0,0.12244897959183673,49,8,1,0,49,6|4|1|10|6|17,hub_localized,1225
fully-connected,50,0.01,0.02,0.0,0.2,0.1,3.0,0.3,0.09,23,65,0.0,0.12244897959183673,48,8,4,0,48,5|4|1|10|6|17|1,hub_localized,1225
fully-connected,50,0.01,0.02,0.0,0.2,0.1,3.0,0.3,0.09,24,66,0.0,0.12244897959183673,47,8,4,0,47,4|4|1|10|6|17|2,hub_localized,1225
fully-connected,50,0.01,0.02,0.0,0.2,0.1,3.0,0.3,0.09,25,67,0.0,0.12244897959183673,46,8,1,0,46,2|4|1|10|6|17|3,hub_localized,1225
fully-connected,50,0.01,0.02,0.0,0.2,0.1,3.0,0.3,0.09,26,68,0.0,0.12244897959183673,45,8,1,0,45,1|4|1|10|6|17|4,hub_localized,1225
fully-connected,50,0.01,0.02,0.0,0.2,0.1,3.0,0.3,0.09,27,69,0.0,0.12244897959183673,44,8,1,0,44,1|4|1|10|6|17|5,hub_localized,1225
fully-connected,50,0.01,0.02,0.0,0.2,0.1,3.0,0.3,0.09,28,70,0.0,0.10204081632653061,43,8,1,0,43,4|1|10|6|17|6,hub_localized,1225
fully-connected,50,0.01,0.02,0.0,0.2,0.1,3.0,0.3,0.09,29,71,0.0,0.10204081632653061,42,8,4,0,42,3|1|10|6|17|7,hub_localized,1225
fully-connected,50,0.01,0.02,0.0,0.2,0.1,3.0,0.3,0.09,30,72,0.0,0.10204081632653061,41,8,1,0,41,2|1|10|6|17|8,hub_localized,1225
fully-connected,50,0.01,0.02,0.0,0.2,0.1,3.0,0.3,0.09,31,73,0.0,0.10204081632653061,40,8,3,0,40,2|1|10|6|17|9,hub_localized,1225
fully-connected,50,0.01,0.02,0.0,0.2,0.1,3.0,0.3,0.09,32,74,0.0,0.10204081632653061,39,8,1,0,39,1|10|6|17|10,hub_localized,1225
fully-connected,50,0.01,0.02,0.0,0.2,0.1,3.0,0.3,0.09,33,75,0.0,0.08163265306122448,38,8,1,0,38,1|10|6|17|11,hub_localized,1225
fully-connected,50,0.01,0.02,0.0,0.2,0.1,3.0,0.3,0.09,34,76,0.0,0.08163265306122448,37,8,1,0,37,1|10|6|17|12,hub_localized,1225
fully-connected,50,0.01,0.02,0.0,0.2,0.1,3.0,0.3,0.09,35,77,0.0,0.061224489795918366,36,8,1,0,36,10|6|17|13,hub_localized,1225
fully-connected,50,0.01,0.02,0.0,0.2,0.1,3.0,0.3,0.09,36,78,0.0,0.061224489795918366,35,8,1,0,35,9|6|17|14,hub_localized,1225
fully-connected,50,0.01,0.02,0.0,0.2,0.1,3.0,0.3,0.09,37,79,0.0,0.08163265306122448,49,8,1,0,49,9|6|17|14,hub_localized,1225
fully-connected,50,0.01,0.02,0.0,0.2,0.1,3.0,0.3,0.09,38,80,0.0,0.061224489795918366,48,8,113,0,48,8|6|32|1,hub_localized,1225
fully-connected,50,0.01,0.02,0.0,0.2,0.1,3.0,0.3,0.09,39,81,0.0,0.08163265306122448,47,8,1,0,47,7|6|17|14|2,hub_localized,1225
fully-connected,50,0.01,0.02,0.0,0.2,0.1,3.0,0.3,0.09,40,82,0.0,0.08163265306122448,46,8,4,0,46,5|6|17|14|3,hub_localized,1225
fully-connected,50,0.01,0.02,0.0,0.2,0.1,3.0,0.3,0.09,41,83,0.0,0.08163265306122448,45,8,1,0,45,5|6|17|14|4,hub_localized,1225
fully-connected,50,0.01,0.02,0.0,0.2,0.1,3.0,0.3,0.09,42,84,0.0,0.08163265306122448,44,8,4,0,44,3|6|17|14|5,hub_localized,1225
fully-connected,50,0.01,0.02,0.0,0.2,0.1,3.0,0.3,0.09,43,85,0.0,0.08163265306122448,43,8,1,0,43,2|6|17|14|6,hub_localized,1225
fully-connected,50,0.01,0.02,0.0,0.2,0.1,3.0,0.3,0.09,44,86,0.0,0.08163265306122448,42,8,4,0,42,2|6|17|14|7,hub_localized,1225
fully-connected,50,0.01,0.02,0.0,0.2,0.1,3.0,0.3,0.09,45,87,0.0,0.08163265306122448,41,8,1,0,41,1|6|17|14|8,hub_localized,1225
fully-connected,50,0.01,0.02,0.0,0.2,0.1,3.0,0.3,0.09,46,88,0.0,0.04081632653061224,40,5,113,0,40,6|32|9,hub_localized,1225
fully-connected,50,0.01,0.02,0.0,0.2,0.1,3.0,0.3,0.09,47,89,0.0,0.061224489795918366,39,5,3,0,39,5|17|14|10,hub_localized,1225
fully-connected,50,0.01,0.02,0.0,0.2,0.1,3.0,0.3,0.09,48,90,0.0,0.08163265306122448,49,8,1,0,49,4|17|14|10,hub_localized,1225
fully-connected,50,0.01,0.02,0.0,0.2,0.1,3.0,0.3,0.09,49,91,0.0,0.08163265306122448,48,8,1,0,48,4|17|14|10|1,hub_localized,1225
fully-connected,50,0.01,0.02,0.0,0.2,0.1,3.0,0.3,0.092,0,42,0.0,0.14285714285714285,46,8,5,0,46,3|4|5|12|4|1|10|3,hub_localized,1225
fully-connected,50,0.01,0.02,0.0,0.2,0.1,3.0,0.3,0.092,1,43,0.0,0.12244897959183673,45,8,45,0,45,2|4|18|4|1|10|4,hub_localized,1225
fully-connected,50,0.01,0.02,0.0,0.2,0.1,3.0,0.3,0.092,2,44,0.0,0.14285714285714285,44,8,5,0,44,2|4|5|12|4|1|10|5,hub_localized,1225
fully-connected,50,0.01,0.02,0.0,0.2,0.1,3.0,0.3,0.092,3,45,0.0,0.14285714285714285,43,8,4,0,43,1|4|5|12|4|1|10|6,hub_localized,1225
fully-connected,50,0.01,0.02,0.0,0.2,0.1,3.0,0.3,0.092,4,46,0.0,0.14285714285714285,49,8,5,0,49,4|5|12|4|1|10|6,hub_localized,1225
fully-connected,50,0.01,0.02,0.0,0.2,0.1,3.0,0.3,0.092,5,47,0.0,0.14285714285714285,48,8,6,0,48,3|5|12|4|1|10|6|1,hub_localized,1225
fully-connected,50,0.01,0.02,0.0,0.2,0.1,3.0,0.3,0.092,6,48,0.0,0.14285714285714285,47,8,5,0,47,3|5|12|4|1|10|6|2,hub_localized,1225
fully-connected,50,0.01,0.02,0.0,0.2,0.1,3.0,0.3,0.092,7,49,0.0,0.14285714285714285,46,8,5,0,46,1|5|12|4|1|10|6|3,hub_localized,1225
fully-connected,50,0.01,0.02,0.0,0.2,0.1,3.0,0.3,0.092,8,50,0.0,0.14285714285714285,45,8,5,0,45,1|5|12|4|1|10|6|4,hub_localized,1225
fully-connected,50,0.01,0.02,0.0,0.2,0.1,3.0,0.3,0.092,9,51,0.0,0.10204081632653061,44,8,102,0,44,18|4|1|10|6|5,hub_localized,1225
fully-connected,50,0.01,0.02,0.0,0.2,0.1,3.0,0.3,0.092,10,52,0.0,0.10204081632653061,43,8,102,0,43,17|4|1|10|6|6,hub_localized,1225
fully-connected,50,0.01,0.02,0.0,0.2,0.1,3.0,0.3,0.092,11,53,0.0,0.12244897959183673,42,8,6,0,42,3|12|4|1|10|6|7,hub_localized,1225
fully-connected,50,0.01,0.02,0.0,0.2,0.1,3.0,0.3,0.092,12,54,0.0,0.10204081632653061,41,8,102,0,41,16|4|1|10|6|8,hub_localized,1225
fully-connected,50,0.01,0.02,0.0,0.2,0.1,3.0,0.3,0.092,13,55,0.0,0.10204081632653061,40,8,102,0,40,14|4|1|10|6|9,hub_localized,1225
fully-connected,50,0.01,0.02,0.0,0.2,0.1,3.0,0.3,0.092,14,56,0.0,0.12244897959183673,39,8,6,0,39,1|12|4|1|10|6|10,hub_localized,1225
fully-connected,50,0.01,0.02,0.0,0.2,0.1,3.0,0.3,0.092,15,57,0.0,0.10204081632653061,38,8,102,0,38,12|4|1|10|6|11,hub_localized,1225
fully-connected,50,0.01,0.02,0.0,0.2,0.1,3.0,0.3,0.092,16,58,0.0,0.10204081632653061,37,8,102,0,37,12|4|1|10|6|12,hub_localized,1225
fully-connected,50,0.01,0.02,0.0,0.2,0.1,3.0,0.3,0.092,17,59,0.0,0.10204081632653061,36,8,102,0,36,10|4|1|10|6|13,hub_localized,1225
fully-connected,50,0.01,0.02,0.0,0.2,0.1,3.0,0.3,0.092,18,60,0.0,0.10204081632653061,35,8,102,0,35,10|4|1|10|6|14,hub_localized,1225
fully-connected,50,0.01,0.02,0.0,0.2,0.1,3.0,0.3,0.092,19,61,0.0,0.10204081632653061,34,8,102,0,34,9|4|1|10|6|15,hub_localized,1225
fully-connected,50,0.01,0.02,0.0,0.2,0.1,3.0,0.3,0.092,20,62,0.0,0.10204081632653061,33,8,102,0,33,8|4|1|10|6|16,hub_localized,1225
fully-connected,50,0.01,0.02,0.0,0.2,0.1,3.0,0.3,0.092,21,63,0.0,0.10204081632653061,32,8,102,0,32,7|4|1|10|6|17,hub_localized,1225
fully-connected,50,0.01,0.02,0.0,0.2,0.1,3.0,0.3,0.092,22,64,0.0,0.12244897959183673,49,8,1,0,49,6|4|1|10|6|17,hub_localized,1225
fully-connected,50,0.01,0.02,0.0,0.2,0.1,3.0,0.3,0.092,23,65,0.0,0.12244897959183673,48,8,4,0,48,5|4|1|10|6|17|1,hub_localized,1225
fully-connected,50,0.01,0.02,0.0,0.2,0.1,3.0,0.3,0.092,24,66,0.0,0.12244897959183673,47,8,4,0,47,4|4|1|10|6|17|2,hub_localized,1225
fully-connected,50,0.01,0.02,0.0,0.2,0.1,3.0,0.3,0.092,25,67,0.0,0.12244897959183673,46,8,1,0,46,2|4|1|10|6|17|3,hub_localized,1225
fully-connected,50,0.01,0.02,0.0,0.2,0.1,3.0,0.3,0.092,26,68,0.0,0.12244897959183673,45,8,1,0,45,1|4|1|10|6|17|4,hub_localized,1225
fully-connected,50,0.01,0.02,0.0,0.2,0.1,3.0,0.3,0.092,27,69,0.0,0.12244897959183673,44,8,1,0,44,1|4|1|10|6|17|5,hub_localized,1225
fully-connected,50,0.01,0.02,0.0,0.2,0.1,3.0,0.3,0.092,28,70,0.0,0.10204081632653061,43,8,1,0,43,4|1|10|6|17|6,hub_localized,1225
fully-connected,50,0.01,0.02,0.0,0.2,0.1,3.0,0.3,0.092,29,71,0.0,0.10204081632653061,42,8,4,0,42,3|1|10|6|17|7,hub_localized,1225
fully-connected,50,0.01,0.02,0.0,0.2,0.1,3.0,0.3,0.092,30,72,0.0,0.10204081632653061,41,8,1,0,41,2|1|10|6|17|8,hub_localized,1225
fully-connected,50,0.01,0.02,0.0,0.2,0.1,3.0,0.3,0.092,31,73,0.0,0.10204081632653061,40,8,3,0,40,2|1|10|6|17|9,hub_localized,1225
fully-connected,50,0.01,0.02,0.0,0.2,0.1,3.0,0.3,0.092,32,74,0.0,0.10204081632653061,39,8,1,0,39,1|10|6|17|10,hub_localized,1225
fully-connected,50,0.01,0.02,0.0,0.2,0.1,3.0,0.3,0.092,33,75,0.0,0.08163265306122448,38,8,1,0,38,1|10|6|17|11,hub_localized,1225
fully-connected,50,0.01,0.02,0.0,0.2,0.1,3.0,0.3,0.092,34,76,0.0,0.08163265306122448,37,8,1,0,37,1|10|6|17|12,hub_localized,1225
fully-connected,50,0.01,0.02,0.0,0.2,0.1,3.0,0.3,0.092,35,77,0.0,0.061224489795918366,36,8,1,0,36,10|6|17|13,hub_localized,1225
fully-connected,50,0.01,0.02,0.0,0.2,0.1,3.0,0.3,0.092,36,78,0.0,0.061224489795918366,35,8,1,0,35,9|6|17|14,hub_localized,1225
fully-connected,50,0.01,0.02,0.0,0.2,0.1,3.0,0.3,0.092,37,79,0.0,0.08163265306122448,49,8,1,0,49,9|6|17|14,hub_localized,1225
fully-connected,50,0.01,0.02,0.0,0.2,0.1,3.0,0.3,0.092,38,80,0.0,0.061224489795918366,48,8,113,0,48,8|6|32|1,hub_localized,1225
fully-connected,50,0.01,0.02,0.0,0.2,0.1,3.0,0.3,0.092,39,81,0.0,0.08163265306122448,47,8,1,0,47,7|6|17|14|2,hub_localized,1225
fully-connected,50,0.01,0.02,0.0,0.2,0.1,3.0,0.3,0.092,40,82,0.0,0.08163265306122448,46,8,4,0,46,5|6|17|14|3,hub_localized,1225
fully-connected,50,0.01,0.02,0.0,0.2,0.1,3.0,0.3,0.092,41,83,0.0,0.08163265306122448,45,8,1,0,45,5|6|17|14|4,hub_localized,1225
fully-connected,50,0.01,0.02,0.0,0.2,0.1,3.0,0.3,0.092,42,84,0.0,0.08163265306122448,44,8,4,0,44,3|6|17|14|5,hub_localized,1225
fully-connected,50,0.01,0.02,0.0,0.2,0.1,3.0,0.3,0.092,43,85,0.0,0.08163265306122448,43,8,1,0,43,2|6|17|14|6,hub_localized,1225
fully-connected,50,0.01,0.02,0.0,0.2,0.1,3.0,0.3,0.092,44,86,0.0,0.08163265306122448,42,8,4,0,42,2|6|17|14|7,hub_localized,1225
fully-connected,50,0.01,0.02,0.0,0.2,0.1,3.0,0.3,0.092,45,87,0.0,0.08163265306122448,41,8,1,0,41,1|6|17|14|8,hub_localized,1225
fully-connected,50,0.01,0.02,0.0,0.2,0.1,3.0,0.3,0.092,46,88,0.0,0.04081632653061224,40,5,113,0,40,6|32|9,hub_localized,1225
fully-connected,50,0.01,0.02,0.0,0.2,0.1,3.0,0.3,0.092,47,89,0.0,0.061224489795918366,39,5,3,0,39,5|17|14|10,hub_localized,1225
fully-connected,50,0.01,0.02,0.0,0.2,0.1,3.0,0.3,0.092,48,90,0.0,0.08163265306122448,49,8,1,0,49,4|17|14|10,hub_localized,1225
fully-connected,50,0.01,0.02,0.0,0.2,0.1,3.0,0.3,0.092,49,91,0.0,0.08163265306122448,48,8,1,0,48,4|17|14|10|1,hub_localized,1225
fully-connected,50,0.01,0.02,0.0,0.2,0.1,3.0,0.3,0.094,0,42,0.0,0.14285714285714285,46,8,5,0,46,3|10|9|2|4|1|10|3,hub_localized,1225
fully-connected,50,0.01,0.02,0.0,0.2,0.1,3.0,0.3,0.094,1,43,0.0,0.10204081632653061,45,8,45,0,45,2|23|4|1|10|4,hub_localized,1225
fully-connected,50,0.01,0.02,0.0,0.2,0.1,3.0,0.3,0.094,2,44,0.0,0.14285714285714285,44,8,5,0,44,2|10|9|2|4|1|10|5,hub_localized,1225
fully-connected,50,0.01,0.02,0.0,0.2,0.1,3.0,0.3,0.094,3,45,0.0,0.14285714285714285,43,8,5,0,43,1|10|9|2|4|1|10|6,hub_localized,1225
fully-connected,50,0.01,0.02,0.0,0.2,0.1,3.0,0.3,0.094,4,46,0.0,0.14285714285714285,49,8,5,0,49,10|9|2|4|1|10|6,hub_localized,1225
fully-connected,50,0.01,0.02,0.0,0.2,0.1,3.0,0.3,0.094,5,47,0.0,0.12244897959183673,48,8,48,0,48,19|2|4|1|10|6|1,hub_localized,1225
fully-connected,50,0.01,0.02,0.0,0.2,0.1,3.0,0.3,0.094,6,48,0.0,0.14285714285714285,47,8,5,0,47,9|9|2|4|1|10|6|2,hub_localized,1225
fully-connected,50,0.01,0.02,0.0,0.2,0.1,3.0,0.3,0.094,7,49,0.0,0.14285714285714285,46,8,6,0,46,7|9|2|4|1|10|6|3,hub_localized,1225
fully-connected,50,0.01,0.02,0.0,0.2,0.1,3.0,0.3,0.094,8,50,0.0,0.14285714285714285,45,8,6,0,45,7|9|2|4|1|10|6|4,hub_localized,1225
fully-connected,50,0.01,0.02,0.0,0.2,0.1,3.0,0.3,0.094,9,51,0.0,0.12244897959183673,44,8,48,0,44,15|2|4|1|10|6|5,hub_localized,1225
fully-connected,50,0.01,0.02,0.0,0.2,0.1,3.0,0.3,0.094,10,52,0.0,0.12244897959183673,43,8,48,0,43,14|2|4|1|10|6|6,hub_localized,1225
fully-connected,50,0.01,0.02,0.0,0.2,0.1,3.0,0.3,0.094,11,53,0.0,0.14285714285714285,42,8,6,0,42,3|9|2|4|1|10|6|7,hub_localized,1225
fully-connected,50,0.01,0.02,0.0,0.2,0.1,3.0,0.3,0.094,12,54,0.0,0.12244897959183673,41,8,48,0,41,13|2|4|1|10|6|8,hub_localized,1225
fully-connected,50,0.01,0.02,0.0,0.2,0.1,3.0,0.3,0.094,13,55,0.0,0.12244897959183673,40,8,48,0,40,11|2|4|1|10|6|9,hub_localized,1225
fully-connected,50,0.01,0.02,0.0,0.2,0.1,3.0,0.3,0.094,14,56,0.0,0.12244897959183673,39,8,48,0,39,11|2|4|1|10|6|10,hub_localized,1225
fully-connected,50,0.01,0.02,0.0,0.2,0.1,3.0,0.3,0.094,15,57,0.0,0.12244897959183673,38,8,48,0,38,9|2|4|1|10|6|11,hub_localized,1225
fully-connected,50,0.01,0.02,0.0,0.2,0.1,3.0,0.3,0.094,16,58,0.0,0.12244897959183673,37,8,48,0,37,9|2|4|1|10|6|12,hub_localized,1225
fully-connected,50,0.01,0.02,0.0,0.2,0.1,3.0,0.3,0.094,17,59,0.0,0.12244897959183673,36,8,48,0,36,7|2|4|1|10|6|13,hub_localized,1225
fully-connected,50,0.01,0.02,0.0,0.2,0.1,3.0,0.3,0.094,18,60,0.0,0.10204081632653061,35,8,102,0,35,10|4|1|10|6|14,hub_localized,1225
fully-connected,50,0.01,0.02,0.0,0.2,0.1,3.0,0.3,0.094,19,61,0.0,0.12244897959183673,34,8,48,0,34,6|2|4|1|10|6|15,hub_localized,1225
fully-connected,50,0.01,0.02,0.0,0.2,0.1,3.0,0.3,0.094,20,62,0.0,0.10204081632653061,33,8,102,0,33,8|4|1|10|6|16,hub_localized,1225
fully-connected,50,0.01,0.02,0.0,0.2,0.1,3.0,0.3,0.094,21,63,0.0,0.10204081632653061,32,8,102,0,32,7|4|1|10|6|17,hub_localized,1225
fully-connected,50,0.01,0.02,0.0,0.2,0.1,3.0,0.3,0.094,22,64,0.0,0.12244897959183673,49,8,1,0,49,6|4|1|10|6|17,hub_localized,1225
fully-connected,50,0.01,0.02,0.0,0.2,0.1,3.0,0.3,0.094,23,65,0.0,0.14285714285714285,48,8,4,0,48,2|2|4|1|10|6|17|1,hub_localized,1225
fully-connected,50,0.01,0.02,0.0,0.2,0.1,3.0,0.3,0.094,24,66,0.0,0.12244897959183673,47,8,4,0,47,4|4|1|10|6|17|2,hub_localized,1225
fully-connected,50,0.01,0.02,0.0,0.2,0.1,3.0,0.3,0.094,25,67,0.0,0.12244897959183673,46,8,1,0,46,2|4|1|10|6|17|3,hub_localized,1225
fully-connected,50,0.01,0.02,0.0,0.2,0.1,3.0,0.3,0.094,26,68,0.0,0.12244897959183673,45,8,1,0,45,1|4|1|10|6|17|4,hub_localized,1225
fully-connected,50,0.01,0.02,0.0,0.2,0.1,3.0,0.3,0.094,27,69,0.0,0.12244897959183673,44,8,1,0,44,1|4|1|10|6|17|5,hub_localized,1225
fully-connected,50,0.01,0.02,0.0,0.2,0.1,3.0,0.3,0.094,28,70,0.0,0.10204081632653061,43,8,1,0,43,4|1|10|6|17|6,hub_localized,1225
fully-connected,50,0.01,0.02,0.0,0.2,0.1,3.0,0.3,0.094,29,71,0.0,0.10204081632653061,42,8,4,0,42,3|1|10|6|17|7,hub_localized,1225
fully-connected,50,0.01,0.02,0.0,0.2,0.1,3.0,0.3,0.094,30,72,0.0,0.10204081632653061,41,8,1,0,41,2|1|10|6|17|8,hub_localized,1225
fully-connected,50,0.01,0.02,0.0,0.2,0.1,3.0,0.3,0.094,31,73,0.0,0.10204081632653061,40,8,3,0,40,2|1|10|6|17|9,hub_localized,1225
fully-connected,50,0.01,0.02,0.0,0.2,0.1,3.0,0.3,0.094,32,74,0.0,0.10204081632653061,39,8,1,0,39,1|10|6|17|10,hub_localized,1225
fully-connected,50,0.01,0.02,0.0,0.2,0.1,3.0,0.3,0.094,33,75,0.0,0.08163265306122448,38,8,1,0,38,1|10|6|17|11,hub_localized,1225
fully-connected,50,0.01,0.02,0.0,0.2,0.1,3.0,0.3,0.094,34,76,0.0,0.08163265306122448,37,8,1,0,37,1|10|6|17|12,hub_localized,1225
fully-connected,50,0.01,0.02,0.0,0.2,0.1,3.0,0.3,0.094,35,77,0.0,0.061224489795918366,36,8,1,0,36,10|6|17|13,hub_localized,1225
fully-connected,50,0.01,0.02,0.0,0.2,0.1,3.0,0.3,0.094,36,78,0.0,0.061224489795918366,35,8,1,0,35,9|6|17|14,hub_localized,1225
fully-connected,50,0.01,0.02,0.0,0.2,0.1,3.0,0.3,0.094,37,79,0.0,0.08163265306122448,49,8,1,0,49,9|6|17|14,hub_localized,1225
fully-connected,50,0.01,0.02,0.0,0.2,0.1,3.0,0.3,0.094,38,80,0.0,0.061224489795918366,48,8,113,0,48,8|6|32|1,hub_localized,1225
fully-connected,50,0.01,0.02,0.0,0.2,0.1,3.0,0.3,0.094,39,81,0.0,0.08163265306122448,47,8,1,0,47,7|6|17|14|2,hub_localized,1225
fully-connected,50,0.01,0.02,0.0,0.2,0.1,3.0,0.3,0.094,40,82,0.0,0.08163265306122448,46,8,4,0,46,5|6|17|14|3,hub_localized,1225
fully-connected,50,0.01,0.02,0.0,0.2,0.1,3.0,0.3,0.094,41,83,0.0,0.08163265306122448,45,8,1,0,45,5|6|17|14|4,hub_localized,1225
fully-connected,50,0.01,0.02,0.0,0.2,0.1,3.0,0.3,0.094,42,84,0.0,0.08163265306122448,44,8,4,0,44,3|6|17|14|5,hub_localized,1225
fully-connected,50,0.01,0.02,0.0,0.2,0.1,3.0,0.3,0.094,43,85,0.0,0.08163265306122448,43,8,1,0,43,2|6|17|14|6,hub_localized,1225
fully-connected,50,0.01,0.02,0.0,0.2,0.1,3.0,0.3,0.094,44,86,0.0,0.08163265306122448,42,8,4,0,42,2|6|17|14|7,hub_localized,1225
fully-connected,50,0.01,0.02,0.0,0.2,0.1,3.0,0.3,0.094,45,87,0.0,0.08163265306122448,41,8,1,0,41,1|6|17|14|8,hub_localized,1225
fully-connected,50,0.01,0.02,0.0,0.2,0.1,3.0,0.3,0.094,46,88,0.0,0.04081632653061224,40,4,113,0,40,6|32|9,hub_localized,1225
fully-connected,50,0.01,0.02,0.0,0.2,0.1,3.0,0.3,0.094,47,89,0.0,0.061224489795918366,39,5,3,0,39,5|17|14|10,hub_localized,1225
fully-connected,50,0.01,0.02,0.0,0.2,0.1,3.0,0.3,0.094,48,90,0.0,0.08163265306122448,49,8,1,0,49,4|17|14|10,hub_localized,1225
fully-connected,50,0.01,0.02,0.0,0.2,0.1,3.0,0.3,0.094,49,91,0.0,0.08163265306122448,48,8,1,0,48,4|17|14|10|1,hub_localized,1225
fully-connected,50,0.01,0.02,0.0,0.2,0.1,3.0,0.3,0.096,0,42,0.0,0.12244897959183673,47,8,5,0,47,3|10|12|6|10|2,hub_localized,1225
fully-connected,50,0.01,0.02,0.0,0.2,0.1,3.0,0.3,0.096,1,43,0.0,0.10204081632653061,46,8,45,0,46,2|23|6|10|3,hub_localized,1225
fully-connected,50,0.01,0.02,0.0,0.2,0.1,3.0,0.3,0.096,2,44,0.0,0.12244897959183673,45,8,5,0,45,2|10|12|6|10|4,hub_localized,1225
fully-connected,50,0.01,0.02,0.0,0.2,0.1,3.0,0.3,0.096,3,45,0.0,0.12244897959183673,44,8,5,0,44,1|10|12|6|10|5,hub_localized,1225
fully-connected,50,0.01,0.02,0.0,0.2,0.1,3.0,0.3,0.096,4,46,0.0,0.12244897959183673,49,8,5,0,49,10|12|6|10|5,hub_localized,1225
fully-connected,50,0.01,0.02,0.0,0.2,0.1,3.0,0.3,0.096,5,47,0.0,0.10204081632653061,48,8,102,0,48,22|6|10|5|1,hub_localized,1225
fully-connected,50,0.01,0.02,0.0,0.2,0.1,3.0,0.3,0.096,6,48,0.0,0.12244897959183673,47,8,5,0,47,9|12|6|10|5|2,hub_localized,1225
fully-connected,50,0.01,0.02,0.0,0.2,0.1,3.0,0.3,0.096,7,49,0.0,0.12244897959183673,46,8,6,0,46,7|12|6|10|5|3,hub_localized,1225
fully-connected,50,0.01,0.02,0.0,0.2,0.1,3.0,0.3,0.096,8,50,0.0,0.12244897959183673,45,8,6,0,45,7|12|6|10|5|4,hub_localized,1225
fully-connected,50,0.01,0.02,0.0,0.2,0.1,3.0,0.3,0.096,9,51,0.0,0.10204081632653061,44,8,102,0,44,19|6|10|5|5,hub_localized,1225
fully-connected,50,0.01,0.02,0.0,0.2,0.1,3.0,0.3,0.096,10,52,0.0,0.10204081632653061,43,8,102,0,43,17|6|10|5|6,hub_localized,1225
fully-connected,50,0.01,0.02,0.0,0.2,0.1,3.0,0.3,0.096,11,53,0.0,0.10204081632653061,42,8,102,0,42,16|6|10|5|7,hub_localized,1225
fully-connected,50,0.01,0.02,0.0,0.2,0.1,3.0,0.3,0.096,12,54,0.0,0.10204081632653061,41,8,102,0,41,16|6|10|5|8,hub_localized,1225
fully-connected,50,0.01,0.02,0.0,0.2,0.1,3.0,0.3,0.096,13,55,0.0,0.10204081632653061,40,8,102,0,40,14|6|10|5|9,hub_localized,1225
fully-connected,50,0.01,0.02,0.0,0.2,0.1,3.0,0.3,0.096,14,56,0.0,0.10204081632653061,39,8,102,0,39,14|6|10|5|10,hub_localized,1225
fully-connected,50,0.01,0.02,0.0,0.2,0.1,3.0,0.3,0.096,15,57,0.0,0.10204081632653061,38,8,102,0,38,12|6|10|5|11,hub_localized,1225
fully-connected,50,0.01,0.02,0.0,0.2,0.1,3.0,0.3,0.096,16,58,0.0,0.10204081632653061,37,8,102,0,37,12|6|10|5|12,hub_localized,1225
fully-connected,50,0.01,0.02,0.0,0.2,0.1,3.0,0.3,0.096,17,59,0.0,0.10204081632653061,36,8,102,0,36,10|6|10|5|13,hub_localized,1225
fully-connected,50,0.01,0.02,0.0,0.2,0.1,3.0,0.3,0.096,18,60,0.0,0.10204081632653061,35,8,102,0,35,10|6|10|5|14,hub_localized,1225
fully-connected,50,0.01,0.02,0.0,0.2,0.1,3.0,0.3,0.096,19,61,0.0,0.10204081632653061,34,8,102,0,34,9|6|10|5|15,hub_localized,1225
fully-connected,50,0.01,0.02,0.0,0.2,0.1,3.0,0.3,0.096,20,62,0.0,0.10204081632653061,33,8,102,0,33,8|6|10|5|16,hub_localized,1225
fully-connected,50,0.01,0.02,0.0,0.2,0.1,3.0,0.3,0.096,21,63,0.0,0.10204081632653061,32,8,102,0,32,7|6|10|5|17,hub_localized,1225
fully-connected,50,0.01,0.02,0.0,0.2,0.1,3.0,0.3,0.096,22,64,0.0,0.12244897959183673,49,8,1,0,49,6|6|10|5|17,hub_localized,1225
fully-connected,50,0.01,0.02,0.0,0.2,0.1,3.0,0.3,0.096,23,65,0.0,0.12244897959183673,48,8,4,0,48,5|6|10|5|17|1,hub_localized,1225
fully-connected,50,0.01,0.02,0.0,0.2,0.1,3.0,0.3,0.096,24,66,0.0,0.12244897959183673,47,8,4,0,47,4|6|10|5|17|2,hub_localized,1225
fully-connected,50,0.01,0.02,0.0,0.2,0.1,3.0,0.3,0.096,25,67,0.0,0.12244897959183673,46,8,1,0,46,2|6|10|5|17|3,hub_localized,1225
fully-connected,50,0.01,0.02,0.0,0.2,0.1,3.0,0.3,0.096,26,68,0.0,0.12244897959183673,45,8,1,0,45,1|6|10|5|17|4,hub_localized,1225
fully-connected,50,0.01,0.02,0.0,0.2,0.1,3.0,0.3,0.096,27,69,0.0,0.12244897959183673,44,8,1,0,44,1|6|10|5|17|5,hub_localized,1225
fully-connected,50,0.01,0.02,0.0,0.2,0.1,3.0,0.3,0.096,28,70,0.0,0.10204081632653061,43,8,1,0,43,6|10|5|17|6,hub_localized,1225
fully-connected,50,0.01,0.02,0.0,0.2,0.1,3.0,0.3,0.096,29,71,0.0,0.10204081632653061,42,8,4,0,42,5|10|5|17|7,hub_localized,1225
fully-connected,50,0.01,0.02,0.0,0.2,0.1,3.0,0.3,0.096,30,72,0.0,0.10204081632653061,41,8,1,0,41,4|10|5|17|8,hub_localized,1225
fully-connected,50,0.01,0.02,0.0,0.2,0.1,3.0,0.3,0.096,31,73,0.0,0.10204081632653061,40,8,3,0,40,4|10|5|17|9,hub_localized,1225
fully-connected,50,0.01,0.02,0.0,0.2,0.1,3.0,0.3,0.096,32,74,0.0,0.10204081632653061,39,8,1,0,39,2|10|5|17|10,hub_localized,1225
fully-connected,50,0.01,0.02,0.0,0.2,0.1,3.0,0.3,0.096,33,75,0.0,0.10204081632653061,38,8,1,0,38,1|10|5|17|11,hub_localized,1225
fully-connected,50,0.01,0.02,0.0,0.2,0.1,3.0,0.3,0.096,34,76,0.0,0.10204081632653061,37,8,1,0,37,1|10|5|17|12,hub_localized,1225
fully-connected,50,0.01,0.02,0.0,0.2,0.1,3.0,0.3,0.096,35,77,0.0,0.08163265306122448,36,8,1,0,36,10|5|17|13,hub_localized,1225
fully-connected,50,0.01,0.02,0.0,0.2,0.1,3.0,0.3,0.096,36,78,0.0,0.08163265306122448,35,8,1,0,35,9|5|17|14,hub_localized,1225
fully-connected,50,0.01,0.02,0.0,0.2,0.1,3.0,0.3,0.096,37,79,0.0,0.10204081632653061,49,8,1,0,49,9|5|17|14,hub_localized,1225
fully-connected,50,0.01,0.02,0.0,0.2,0.1,3.0,0.3,0.096,38,80,0.0,0.08163265306122448,48,8,113,0,48,8|5|32|1,hub_localized,1225
fully-connected,50,0.01,0.02,0.0,0.2,0.1,3.0,0.3,0.096,39,81,0.0,0.10204081632653061,47,8,1,0,47,7|5|17|14|2,hub_localized,1225
fully-connected,50,0.01,0.02,0.0,0.2,0.1,3.0,0.3,0.096,40,82,0.0,0.10204081632653061,46,8,4,0,46,5|5|17|14|3,hub_localized,1225
fully-connected,50,0.01,0.02,0.0,0.2,0.1,3.0,0.3,0.096,41,83,0.0,0.10204081632653061,45,8,1,0,45,5|5|17|14|4,hub_localized,1225
fully-connected,50,0.01,0.02,0.0,0.2,0.1,3.0,0.3,0.096,42,84,0.0,0.10204081632653061,44,8,4,0,44,3|5|17|14|5,hub_localized,1225
fully-connected,50,0.01,0.02,0.0,0.2,0.1,3.0,0.3,0.096,43,85,0.0,0.10204081632653061,43,8,1,0,43,2|5|17|14|6,hub_localized,1225
fully-connected,50,0.01,0.02,0.0,0.2,0.1,3.0,0.3,0.096,44,86,0.0,0.10204081632653061,42,8,4,0,42,2|5|17|14|7,hub_localized,1225
fully-connected,50,0.01,0.02,0.0,0.2,0.1,3.0,0.3,0.096,45,87,0.0,0.10204081632653061,41,8,1,0,41,1|5|17|14|8,hub_localized,1225
fully-connected,50,0.01,0.02,0.0,0.2,0.1,3.0,0.3,0.096,46,88,0.0,0.061224489795918366,40,4,113,0,40,5|32|9,hub_localized,1225
fully-connected,50,0.01,0.02,0.0,0.2,0.1,3.0,0.3,0.096,47,89,0.0,0.061224489795918366,39,5,3,0,39,5|17|14|10,hub_localized,1225
fully-connected,50,0.01,0.02,0.0,0.2,0.1,3.0,0.3,0.096,48,90,0.0,0.08163265306122448,49,7,1,0,49,4|17|14|10,hub_localized,1225
fully-connected,50,0.01,0.02,0.0,0.2,0.1,3.0,0.3,0.096,49,91,0.0,0.08163265306122448,48,8,1,0,48,4|17|14|10|1,hub_localized,1225
fully-connected,50,0.01,0.02,0.0,0.2,0.1,3.0,0.3,0.098,0,42,0.0,0.12244897959183673,47,8,5,0,47,3|10|12|6|10|2,hub_localized,1225
fully-connected,50,0.01,0.02,0.0,0.2,0.1,3.0,0.3,0.098,1,43,0.0,0.10204081632653061,46,8,45,0,46,2|23|6|10|3,hub_localized,1225
fully-connected,50,0.01,0.02,0.0,0.2,0.1,3.0,0.3,0.098,2,44,0.0,0.12244897959183673,45,8,5,0,45,2|10|12|6|10|4,hub_localized,1225
fully-connected,50,0.01,0.02,0.0,0.2,0.1,3.0,0.3,0.098,3,45,0.0,0.12244897959183673,44,8,5,0,44,1|10|12|6|10|5,hub_localized,1225
fully-connected,50,0.01,0.02,0.0,0.2,0.1,3.0,0.3,0.098,4,46,0.0,0.12244897959183673,49,8,5,0,49,10|12|6|10|5,hub_localized,1225
fully-connected,50,0.01,0.02,0.0,0.2,0.1,3.0,0.3,0.098,5,47,0.0,0.10204081632653061,48,8,102,0,48,22|6|10|5|1,hub_localized,1225
fully-connected,50,0.01,0.02,0.0,0.2,0.1,3.0,0.3,0.098,6,48,0.0,0.12244897959183673,47,8,5,0,47,9|12|6|10|5|2,hub_localized,1225
fully-connected,50,0.01,0.02,0.0,0.2,0.1,3.0,0.3,0.098,7,49,0.0,0.10204081632653061,46,8,102,0,46,20|6|10|5|3,hub_localized,1225
fully-connected,50,0.01,0.02,0.0,0.2,0.1,3.0,0.3,0.098,8,50,0.0,0.12244897959183673,45,8,6,0,45,7|12|6|10|5|4,hub_localized,1225
fully-connected,50,0.01,0.02,0.0,0.2,0.1,3.0,0.3,0.098,9,51,0.0,0.10204081632653061,44,8,102,0,44,19|6|10|5|5,hub_localized,1225
fully-connected,50,0.01,0.02,0.0,0.2,0.1,3.0,0.3,0.098,10,52,0.0,0.10204081632653061,43,8,102,0,43,17|6|10|5|6,hub_localized,1225
fully-connected,50,0.01,0.02,0.0,0.2,0.1,3.0,0.3,0.098,11,53,0.0,0.10204081632653061,42,8,102,0,42,16|6|10|5|7,hub_localized,1225
fully-connected,50,0.01,0.02,0.0,0.2,0.1,3.0,0.3,0.098,12,54,0.0,0.10204081632653061,41,8,102,0,41,16|6|10|5|8,hub_localized,1225
fully-connected,50,0.01,0.02,0.0,0.2,0.1,3.0,0.3,0.098,13,55,0.0,0.10204081632653061,40,8,102,0,40,14|6|10|5|9,hub_localized,1225
fully-connected,50,0.01,0.02,0.0,0.2,0.1,3.0,0.3,0.098,14,56,0.0,0.10204081632653061,39,8,102,0,39,14|6|10|5|10,hub_localized,1225
fully-connected,50,0.01,0.02,0.0,0.2,0.1,3.0,0.3,0.098,15,57,0.0,0.10204081632653061,38,8,102,0,38,12|6|10|5|11,hub_localized,1225
fully-connected,50,0.01,0.02,0.0,0.2,0.1,3.0,0.3,0.098,16,58,0.0,0.10204081632653061,37,8,102,0,37,12|6|10|5|12,hub_localized,1225
fully-connected,50,0.01,0.02,0.0,0.2,0.1,3.0,0.3,0.098,17,59,0.0,0.10204081632653061,36,8,102,0,36,10|6|10|5|13,hub_localized,1225
fully-connected,50,0.01,0.02,0.0,0.2,0.1,3.0,0.3,0.098,18,60,0.0,0.10204081632653061,35,8,102,0,35,10|6|10|5|14,hub_localized,1225
fully-connected,50,0.01,0.02,0.0,0.2,0.1,3.0,0.3,0.098,19,61,0.0,0.10204081632653061,34,8,102,0,34,9|6|10|5|15,hub_localized,1225
fully-connected,50,0.01,0.02,0.0,0.2,0.1,3.0,0.3,0.098,20,62,0.0,0.10204081632653061,33,8,102,0,33,8|6|10|5|16,hub_localized,1225
fully-connected,50,0.01,0.02,0.0,0.2,0.1,3.0,0.3,0.098,21,63,0.0,0.10204081632653061,32,8,102,0,32,7|6|10|5|17,hub_localized,1225
fully-connected,50,0.01,0.02,0.0,0.2,0.1,3.0,0.3,0.098,22,64,0.0,0.12244897959183673,49,8,1,0,49,6|6|10|5|17,hub_localized,1225
fully-connected,50,0.01,0.02,0.0,0.2,0.1,3.0,0.3,0.098,23,65,0.0,0.12244897959183673,48,8,4,0,48,5|6|10|5|17|1,hub_localized,1225
fully-connected,50,0.01,0.02,0.0,0.2,0.1,3.0,0.3,0.098,24,66,0.0,0.12244897959183673,47,8,4,0,47,4|6|10|5|17|2,hub_localized,1225
fully-connected,50,0.01,0.02,0.0,0.2,0.1,3.0,0.3,0.098,25,67,0.0,0.12244897959183673,46,8,1,0,46,2|6|10|5|17|3,hub_localized,1225
fully-connected,50,0.01,0.02,0.0,0.2,0.1,3.0,0.3,0.098,26,68,0.0,0.12244897959183673,45,8,1,0,45,1|6|10|5|17|4,hub_localized,1225
fully-connected,50,0.01,0.02,0.0,0.2,0.1,3.0,0.3,0.098,27,69,0.0,0.12244897959183673,44,8,1,0,44,1|6|10|5|17|5,hub_localized,1225
fully-connected,50,0.01,0.02,0.0,0.2,0.1,3.0,0.3,0.098,28,70,0.0,0.10204081632653061,43,8,1,0,43,6|10|5|17|6,hub_localized,1225
fully-connected,50,0.01,0.02,0.0,0.2,0.1,3.0,0.3,0.098,29,71,0.0,0.10204081632653061,42,8,4,0,42,5|10|5|17|7,hub_localized,1225
fully-connected,50,0.01,0.02,0.0,0.2,0.1,3.0,0.3,0.098,30,72,0.0,0.10204081632653061,41,8,1,0,41,4|10|5|17|8,hub_localized,1225
fully-connected,50,0.01,0.02,0.0,0.2,0.1,3.0,0.3,0.098,31,73,0.0,0.10204081632653061,40,8,3,0,40,4|10|5|17|9,hub_localized,1225
fully-connected,50,0.01,0.02,0.0,0.2,0.1,3.0,0.3,0.098,32,74,0.0,0.10204081632653061,39,8,1,0,39,2|10|5|17|10,hub_localized,1225
fully-connected,50,0.01,0.02,0.0,0.2,0.1,3.0,0.3,0.098,33,75,0.0,0.10204081632653061,38,8,1,0,38,1|10|5|17|11,hub_localized,1225
fully-connected,50,0.01,0.02,0.0,0.2,0.1,3.0,0.3,0.098,34,76,0.0,0.10204081632653061,37,8,1,0,37,1|10|5|17|12,hub_localized,1225
fully-connected,50,0.01,0.02,0.0,0.2,0.1,3.0,0.3,0.098,35,77,0.0,0.08163265306122448,36,8,1,0,36,10|5|17|13,hub_localized,1225
fully-connected,50,0.01,0.02,0.0,0.2,0.1,3.0,0.3,0.098,36,78,0.0,0.08163265306122448,35,8,1,0,35,9|5|17|14,hub_localized,1225
fully-connected,50,0.01,0.02,0.0,0.2,0.1,3.0,0.3,0.098,37,79,0.0,0.10204081632653061,49,8,1,0,49,9|5|17|14,hub_localized,1225
fully-connected,50,0.01,0.02,0.0,0.2,0.1,3.0,0.3,0.098,38,80,0.0,0.08163265306122448,48,8,113,0,48,8|5|32|1,hub_localized,1225
fully-connected,50,0.01,0.02,0.0,0.2,0.1,3.0,0.3,0.098,39,81,0.0,0.10204081632653061,47,8,1,0,47,7|5|17|14|2,hub_localized,1225
fully-connected,50,0.01,0.02,0.0,0.2,0.1,3.0,0.3,0.098,40,82,0.0,0.10204081632653061,46,8,4,0,46,5|5|17|14|3,hub_localized,1225
fully-connected,50,0.01,0.02,0.0,0.2,0.1,3.0,0.3,0.098,41,83,0.0,0.10204081632653061,45,8,1,0,45,5|5|17|14|4,hub_localized,1225
fully-connected,50,0.01,0.02,0.0,0.2,0.1,3.0,0.3,0.098,42,84,0.0,0.10204081632653061,44,8,4,0,44,3|5|17|14|5,hub_localized,1225
fully-connected,50,0.01,0.02,0.0,0.2,0.1,3.0,0.3,0.098,43,85,0.0,0.10204081632653061,43,8,1,0,43,2|5|17|14|6,hub_localized,1225
fully-connected,50,0.01,0.02,0.0,0.2,0.1,3.0,0.3,0.098,44,86,0.0,0.10204081632653061,42,8,4,0,42,2|5|17|14|7,hub_localized,1225
fully-connected,50,0.01,0.02,0.0,0.2,0.1,3.0,0.3,0.098,45,87,0.0,0.10204081632653061,41,8,1,0,41,1|5|17|14|8,hub_localized,1225
fully-connected,50,0.01,0.02,0.0,0.2,0.1,3.0,0.3,0.098,46,88,0.0,0.061224489795918366,40,4,113,0,40,5|32|9,hub_localized,1225
fully-connected,50,0.01,0.02,0.0,0.2,0.1,3.0,0.3,0.098,47,89,0.0,0.061224489795918366,39,5,3,0,39,5|17|14|10,hub_localized,1225
fully-connected,50,0.01,0.02,0.0,0.2,0.1,3.0,0.3,0.098,48,90,0.0,0.08163265306122448,49,7,1,0,49,4|17|14|10,hub_localized,1225
fully-connected,50,0.01,0.02,0.0,0.2,0.1,3.0,0.3,0.098,49,91,0.0,0.08163265306122448,48,7,1,0,48,4|17|14|10|1,hub_localized,1225
fully-connected,50,0.01,0.02,0.0,0.2,0.1,3.0,0.3,0.1,0,42,0.0,0.10204081632653061,47,8,5,0,47,14|12|6|10|2,hub_localized,1225
fully-connected,50,0.01,0.02,0.0,0.2,0.1,3.0,0.3,0.1,1,43,0.0,0.10204081632653061,46,8,45,0,46,2|23|6|10|3,hub_localized,1225
fully-connected,50,0.01,0.02,0.0,0.2,0.1,3.0,0.3,0.1,2,44,0.0,0.12244897959183673,45,8,5,0,45,2|10|12|6|10|4,hub_localized,1225
fully-connected,50,0.01,0.02,0.0,0.2,0.1,3.0,0.3,0.1,3,45,0.0,0.12244897959183673,44,8,5,0,44,1|10|12|6|10|5,hub_localized,1225
fully-connected,50,0.01,0.02,0.0,0.2,0.1,3.0,0.3,0.1,4,46,0.0,0.12244897959183673,49,8,5,0,49,10|12|6|10|5,hub_localized,1225
fully-connected,50,0.01,0.02,0.0,0.2,0.1,3.0,0.3,0.1,5,47,0.0,0.10204081632653061,48,8,102,0,48,22|6|10|5|1,hub_localized,1225
fully-connected,50,0.01,0.02,0.0,0.2,0.1,3.0,0.3,0.1,6,48,0.0,0.12244897959183673,47,8,5,0,47,9|12|6|10|5|2,hub_localized,1225
fully-connected,50,0.01,0.02,0.0,0.2,0.1,3.0,0.3,0.1,7,49,0.0,0.10204081632653061,46,8,102,0,46,20|6|10|5|3,hub_localized,1225
fully-connected,50,0.01,0.02,0.0,0.2,0.1,3.0,0.3,0.1,8,50,0.0,0.10204081632653061,45,8,102,0,45,20|6|10|5|4,hub_localized,1225
fully-connected,50,0.01,0.02,0.0,0.2,0.1,3.0,0.3,0.1,9,51,0.0,0.10204081632653061,44,8,102,0,44,19|6|10|5|5,hub_localized,1225
fully-connected,50,0.01,0.02,0.0,0.2,0.1,3.0,0.3,0.1,10,52,0.0,0.10204081632653061,43,8,102,0,43,17|6|10|5|6,hub_localized,1225
fully-connected,50,0.01,0.02,0.0,0.2,0.1,3.0,0.3,0.1,11,53,0.0,0.10204081632653061,42,8,102,0,42,16|6|10|5|7,hub_localized,1225
fully-connected,50,0.01,0.02,0.0,0.2,0.1,3.0,0.3,0.1,12,54,0.0,0.10204081632653061,41,8,102,0,41,16|6|10|5|8,hub_localized,1225
fully-connected,50,0.01,0.02,0.0,0.2,0.1,3.0,0.3,0.1,13,55,0.0,0.10204081632653061,40,8,102,0,40,14|6|10|5|9,hub_localized,1225
fully-connected,50,0.01,0.02,0.0,0.2,0.1,3.0,0.3,0.1,14,56,0.0,0.10204081632653061,39,8,102,0,39,14|6|10|5|10,hub_localized,1225
fully-connected,50,0.01,0.02,0.0,0.2,0.1,3.0,0.3,0.1,15,57,0.0,0.10204081632653061,38,8,102,0,38,12|6|10|5|11,hub_localized,1225
fully-connected,50,0.01,0.02,0.0,0.2,0.1,3.0,0.3,0.1,16,58,0.0,0.10204081632653061,37,8,102,0,37,12|6|10|5|12,hub_localized,1225
fully-connected,50,0.01,0.02,0.0,0.2,0.1,3.0,0.3,0.1,17,59,0.0,0.10204081632653061,36,8,102,0,36,10|6|10|5|13,hub_localized,1225
fully-connected,50,0.01,0.02,0.0,0.2,0.1,3.0,0.3,0.1,18,60,0.0,0.10204081632653061,35,8,102,0,35,10|6|10|5|14,hub_localized,1225
fully-connected,50,0.01,0.02,0.0,0.2,0.1,3.0,0.3,0.1,19,61,0.0,0.10204081632653061,34,8,102,0,34,9|6|10|5|15,hub_localized,1225
fully-connected,50,0.01,0.02,0.0,0.2,0.1,3.0,0.3,0.1,20,62,0.0,0.10204081632653061,33,8,102,0,33,8|6|10|5|16,hub_localized,1225
fully-connected,50,0.01,0.02,0.0,0.2,0.1,3.0,0.3,0.1,21,63,0.0,0.10204081632653061,32,8,102,0,32,7|6|10|5|17,hub_localized,1225
fully-connected,50,0.01,0.02,0.0,0.2,0.1,3.0,0.3,0.1,22,64,0.0,0.12244897959183673,49,8,1,0,49,6|6|10|5|17,hub_localized,1225
fully-connected,50,0.01,0.02,0.0,0.2,0.1,3.0,0.3,0.1,23,65,0.0,0.12244897959183673,48,8,4,0,48,5|6|10|5|17|1,hub_localized,1225
fully-connected,50,0.01,0.02,0.0,0.2,0.1,3.0,0.3,0.1,24,66,0.0,0.12244897959183673,47,8,4,0,47,4|6|10|5|17|2,hub_localized,1225
fully-connected,50,0.01,0.02,0.0,0.2,0.1,3.0,0.3,0.1,25,67,0.0,0.12244897959183673,46,8,1,0,46,2|6|10|5|17|3,hub_localized,1225
fully-connected,50,0.01,0.02,0.0,0.2,0.1,3.0,0.3,0.1,26,68,0.0,0.12244897959183673,45,8,1,0,45,1|6|10|5|17|4,hub_localized,1225
fully-connected,50,0.01,0.02,0.0,0.2,0.1,3.0,0.3,0.1,27,69,0.0,0.12244897959183673,44,8,1,0,44,1|6|10|5|17|5,hub_localized,1225
fully-connected,50,0.01,0.02,0.0,0.2,0.1,3.0,0.3,0.1,28,70,0.0,0.10204081632653061,43,8,1,0,43,6|10|5|17|6,hub_localized,1225
fully-connected,50,0.01,0.02,0.0,0.2,0.1,3.0,0.3,0.1,29,71,0.0,0.10204081632653061,42,8,4,0,42,5|10|5|17|7,hub_localized,1225
fully-connected,50,0.01,0.02,0.0,0.2,0.1,3.0,0.3,0.1,30,72,0.0,0.10204081632653061,41,8,1,0,41,4|10|5|17|8,hub_localized,1225
fully-connected,50,0.01,0.02,0.0,0.2,0.1,3.0,0.3,0.1,31,73,0.0,0.10204081632653061,40,8,3,0,40,4|10|5|17|9,hub_localized,1225
fully-connected,50,0.01,0.02,0.0,0.2,0.1,3.0,0.3,0.1,32,74,0.0,0.10204081632653061,39,8,1,0,39,2|10|5|17|10,hub_localized,1225
fully-connected,50,0.01,0.02,0.0,0.2,0.1,3.0,0.3,0.1,33,75,0.0,0.10204081632653061,38,8,1,0,38,1|10|5|17|11,hub_localized,1225
fully-connected,50,0.01,0.02,0.0,0.2,0.1,3.0,0.3,0.1,34,76,0.0,0.10204081632653061,37,8,1,0,37,1|10|5|17|12,hub_localized,1225
fully-connected,50,0.01,0.02,0.0,0.2,0.1,3.0,0.3,0.1,35,77,0.0,0.08163265306122448,36,8,1,0,36,10|5|17|13,hub_localized,1225
fully-connected,50,0.01,0.02,0.0,0.2,0.1,3.0,0.3,0.1,36,78,0.0,0.08163265306122448,35,8,1,0,35,9|5|17|14,hub_localized,1225
fully-connected,50,0.01,0.02,0.0,0.2,0.1,3.0,0.3,0.1,37,79,0.0,0.10204081632653061,49,8,1,0,49,9|5|17|14,hub_localized,1225
fully-connected,50,0.01,0.02,0.0,0.2,0.1,3.0,0.3,0.1,38,80,0.0,0.08163265306122448,48,8,113,0,48,8|5|32|1,hub_localized,1225
fully-connected,50,0.01,0.02,0.0,0.2,0.1,3.0,0.3,0.1,39,81,0.0,0.10204081632653061,47,8,1,0,47,7|5|17|14|2,hub_localized,1225
fully-connected,50,0.01,0.02,0.0,0.2,0.1,3.0,0.3,0.1,40,82,0.0,0.10204081632653061,46,8,4,0,46,5|5|17|14|3,hub_localized,1225
fully-connected,50,0.01,0.02,0.0,0.2,0.1,3.0,0.3,0.1,41,83,0.0,0.10204081632653061,45,8,1,0,45,5|5|17|14|4,hub_localized,1225
fully-connected,50,0.01,0.02,0.0,0.2,0.1,3.0,0.3,0.1,42,84,0.0,0.10204081632653061,44,8,4,0,44,3|5|17|14|5,hub_localized,1225
fully-connected,50,0.01,0.02,0.0,0.2,0.1,3.0,0.3,0.1,43,85,0.0,0.10204081632653061,43,8,1,0,43,2|5|17|14|6,hub_localized,1225
fully-connected,50,0.01,0.02,0.0,0.2,0.1,3.0,0.3,0.1,44,86,0.0,0.10204081632653061,42,8,4,0,42,2|5|17|14|7,hub_localized,1225
fully-connected,50,0.01,0.02,0.0,0.2,0.1,3.0,0.3,0.1,45,87,0.0,0.10204081632653061,41,8,1,0,41,1|5|17|14|8,hub_localized,1225
fully-connected,50,0.01,0.02,0.0,0.2,0.1,3.0,0.3,0.1,46,88,0.0,0.061224489795918366,40,4,113,0,40,5|32|9,hub_localized,1225
fully-connected,50,0.01,0.02,0.0,0.2,0.1,3.0,0.3,0.1,47,89,0.0,0.061224489795918366,39,4,3,0,39,5|17|14|10,hub_localized,1225
fully-connected,50,0.01,0.02,0.0,0.2,0.1,3.0,0.3,0.1,48,90,0.0,0.08163265306122448,49,7,1,0,49,4|17|14|10,hub_localized,1225
fully-connected,50,0.01,0.02,0.0,0.2,0.1,3.0,0.3,0.1,49,91,0.0,0.08163265306122448,48,7,1,0,48,4|17|14|10|1,hub_localized,1225
fully-connected,50,0.01,0.02,0.0,0.2,0.1,3.0,0.3,0.102,0,42,0.0,0.10204081632653061,47,8,5,0,47,14|12|6|10|2,hub_localized,1225
fully-connected,50,0.01,0.02,0.0,0.2,0.1,3.0,0.3,0.102,1,43,0.0,0.08163265306122448,46,8,102,0,46,26|6|10|3,hub_localized,1225
fully-connected,50,0.01,0.02,0.0,0.2,0.1,3.0,0.3,0.102,2,44,0.0,0.10204081632653061,45,8,5,0,45,13|12|6|10|4,hub_localized,1225
fully-connected,50,0.01,0.02,0.0,0.2,0.1,3.0,0.3,0.102,3,45,0.0,0.12244897959183673,44,8,5,0,44,1|10|12|6|10|5,hub_localized,1225
fully-connected,50,0.01,0.02,0.0,0.2,0.1,3.0,0.3,0.102,4,46,0.0,0.12244897959183673,49,8,5,0,49,10|12|6|10|5,hub_localized,1225
fully-connected,50,0.01,0.02,0.0,0.2,0.1,3.0,0.3,0.102,5,47,0.0,0.10204081632653061,48,8,102,0,48,22|6|10|5|1,hub_localized,1225
fully-connected,50,0.01,0.02,0.0,0.2,0.1,3.0,0.3,0.102,6,48,0.0,0.12244897959183673,47,8,5,0,47,9|12|6|10|5|2,hub_localized,1225
fully-connected,50,0.01,0.02,0.0,0.2,0.1,3.0,0.3,0.102,7,49,0.0,0.10204081632653061,46,8,102,0,46,20|6|10|5|3,hub_localized,1225
fully-connected,50,0.01,0.02,0.0,0.2,0.1,3.0,0.3,0.102,8,50,0.0,0.10204081632653061,45,8,102,0,45,20|6|10|5|4,hub_localized,1225
fully-connected,50,0.01,0.02,0.0,0.2,0.1,3.0,0.3,0.102,9,51,0.0,0.10204081632653061,44,8,102,0,44,19|6|10|5|5,hub_localized,1225
fully-connected,50,0.01,0.02,0.0,0.2,0.1,3.0,0.3,0.102,10,52,0.0,0.10204081632653061,43,8,102,0,43,17|6|10|5|6,hub_localized,1225
fully-connected,50,0.01,0.02,0.0,0.2,0.1,3.0,0.3,0.102,11,53,0.0,0.10204081632653061,42,8,102,0,42,16|6|10|5|7,hub_localized,1225
fully-connected,50,0.01,0.02,0.0,0.2,0.1,3.0,0.3,0.102,12,54,0.0,0.10204081632653061,41,8,102,0,41,16|6|10|5|8,hub_localized,1225
fully-connected,50,0.01,0.02,0.0,0.2,0.1,3.0,0.3,0.102,13,55,0.0,0.10204081632653061,40,8,102,0,40,14|6|10|5|9,hub_localized,1225
fully-connected,50,0.01,0.02,0.0,0.2,0.1,3.0,0.3,0.102,14,56,0.0,0.10204081632653061,39,8,102,0,39,14|6|10|5|10,hub_localized,1225
fully-connected,50,0.01,0.02,0.0,0.2,0.1,3.0,0.3,0.102,15,57,0.0,0.10204081632653061,38,8,102,0,38,12|6|10|5|11,hub_localized,1225
fully-connected,50,0.01,0.02,0.0,0.2,0.1,3.0,0.3,0.102,16,58,0.0,0.10204081632653061,37,8,102,0,37,12|6|10|5|12,hub_localized,1225
fully-connected,50,0.01,0.02,0.0,0.2,0.1,3.0,0.3,0.102,17,59,0.0,0.10204081632653061,36,8,102,0,36,10|6|10|5|13,hub_localized,1225
fully-connected,50,0.01,0.02,0.0,0.2,0.1,3.0,0.3,0.102,18,60,0.0,0.10204081632653061,35,8,102,0,35,10|6|10|5|14,hub_localized,1225
fully-connected,50,0.01,0.02,0.0,0.2,0.1,3.0,0.3,0.102,19,61,0.0,0.10204081632653061,34,8,102,0,34,9|6|10|5|15,hub_localized,1225
fully-connected,50,0.01,0.02,0.0,0.2,0.1,3.0,0.3,0.102,20,62,0.0,0.10204081632653061,33,8,102,0,33,8|6|10|5|16,hub_localized,1225
fully-connected,50,0.01,0.02,0.0,0.2,0.1,3.0,0.3,0.102,21,63,0.0,0.10204081632653061,32,8,102,0,32,7|6|10|5|17,hub_localized,1225
fully-connected,50,0.01,0.02,0.0,0.2,0.1,3.0,0.3,0.102,22,64,0.0,0.12244897959183673,49,8,1,0,49,6|6|10|5|17,hub_localized,1225
fully-connected,50,0.01,0.02,0.0,0.2,0.1,3.0,0.3,0.102,23,65,0.0,0.12244897959183673,48,8,4,0,48,5|6|10|5|17|1,hub_localized,1225
fully-connected,50,0.01,0.02,0.0,0.2,0.1,3.0,0.3,0.102,24,66,0.0,0.12244897959183673,47,8,4,0,47,4|6|10|5|17|2,hub_localized,1225
fully-connected,50,0.01,0.02,0.0,0.2,0.1,3.0,0.3,0.102,25,67,0.0,0.12244897959183673,46,8,1,0,46,2|6|10|5|17|3,hub_localized,1225
fully-connected,50,0.01,0.02,0.0,0.2,0.1,3.0,0.3,0.102,26,68,0.0,0.12244897959183673,45,8,1,0,45,1|6|10|5|17|4,hub_localized,1225
fully-connected,50,0.01,0.02,0.0,0.2,0.1,3.0,0.3,0.102,27,69,0.0,0.12244897959183673,44,8,1,0,44,1|6|10|5|17|5,hub_localized,1225
fully-connected,50,0.01,0.02,0.0,0.2,0.1,3.0,0.3,0.102,28,70,0.0,0.10204081632653061,43,8,1,0,43,6|10|5|17|6,hub_localized,1225
fully-connected,50,0.01,0.02,0.0,0.2,0.1,3.0,0.3,0.102,29,71,0.0,0.10204081632653061,42,8,4,0,42,5|10|5|17|7,hub_localized,1225
fully-connected,50,0.01,0.02,0.0,0.2,0.1,3.0,0.3,0.102,30,72,0.0,0.10204081632653061,41,8,1,0,41,4|10|5|17|8,hub_localized,1225
fully-connected,50,0.01,0.02,0.0,0.2,0.1,3.0,0.3,0.102,31,73,0.0,0.10204081632653061,40,8,3,0,40,4|10|5|17|9,hub_localized,1225
fully-connected,50,0.01,0.02,0.0,0.2,0.1,3.0,0.3,0.102,32,74,0.0,0.10204081632653061,39,8,1,0,39,2|10|5|17|10,hub_localized,1225
fully-connected,50,0.01,0.02,0.0,0.2,0.1,3.0,0.3,0.102,33,75,0.0,0.10204081632653061,38,8,1,0,38,1|10|5|17|11,hub_localized,1225
fully-connected,50,0.01,0.02,0.0,0.2,0.1,3.0,0.3,0.102,34,76,0.0,0.10204081632653061,37,8,1,0,37,1|10|5|17|12,hub_localized,1225
fully-connected,50,0.01,0.02,0.0,0.2,0.1,3.0,0.3,0.102,35,77,0.0,0.08163265306122448,36,8,1,0,36,10|5|17|13,hub_localized,1225
fully-connected,50,0.01,0.02,0.0,0.2,0.1,3.0,0.3,0.102,36,78,0.0,0.08163265306122448,35,8,1,0,35,9|5|17|14,hub_localized,1225
fully-connected,50,0.01,0.02,0.0,0.2,0.1,3.0,0.3,0.102,37,79,0.0,0.10204081632653061,49,8,1,0,49,9|5|17|14,hub_localized,1225
fully-connected,50,0.01,0.02,0.0,0.2,0.1,3.0,0.3,0.102,38,80,0.0,0.08163265306122448,48,8,113,0,48,8|5|32|1,hub_localized,1225
fully-connected,50,0.01,0.02,0.0,0.2,0.1,3.0,0.3,0.102,39,81,0.0,0.10204081632653061,47,8,1,0,47,7|5|17|14|2,hub_localized,1225
fully-connected,50,0.01,0.02,0.0,0.2,0.1,3.0,0.3,0.102,40,82,0.0,0.10204081632653061,46,8,4,0,46,5|5|17|14|3,hub_localized,1225
fully-connected,50,0.01,0.02,0.0,0.2,0.1,3.0,0.3,0.102,41,83,0.0,0.10204081632653061,45,8,1,0,45,5|5|17|14|4,hub_localized,1225
fully-connected,50,0.01,0.02,0.0,0.2,0.1,3.0,0.3,0.102,42,84,0.0,0.10204081632653061,44,8,4,0,44,3|5|17|14|5,hub_localized,1225
fully-connected,50,0.01,0.02,0.0,0.2,0.1,3.0,0.3,0.102,43,85,0.0,0.10204081632653061,43,8,1,0,43,2|5|17|14|6,hub_localized,1225
fully-connected,50,0.01,0.02,0.0,0.2,0.1,3.0,0.3,0.102,44,86,0.0,0.10204081632653061,42,8,4,0,42,2|5|17|14|7,hub_localized,1225
fully-connected,50,0.01,0.02,0.0,0.2,0.1,3.0,0.3,0.102,45,87,0.0,0.10204081632653061,41,8,1,0,41,1|5|17|14|8,hub_localized,1225
fully-connected,50,0.01,0.02,0.0,0.2,0.1,3.0,0.3,0.102,46,88,0.0,0.061224489795918366,40,4,113,0,40,5|32|9,hub_localized,1225
fully-connected,50,0.01,0.02,0.0,0.2,0.1,3.0,0.3,0.102,47,89,0.0,0.061224489795918366,39,4,3,0,39,5|17|14|10,hub_localized,1225
fully-connected,50,0.01,0.02,0.0,0.2,0.1,3.0,0.3,0.102,48,90,0.0,0.08163265306122448,49,7,1,0,49,4|17|14|10,hub_localized,1225
fully-connected,50,0.01,0.02,0.0,0.2,0.1,3.0,0.3,0.102,49,91,0.0,0.08163265306122448,48,7,1,0,48,4|17|14|10|1,hub_localized,1225
fully-connected,50,0.01,0.02,0.0,0.2,0.1,3.0,0.3,0.104,0,42,0.0,0.10204081632653061,47,8,5,0,47,14|12|6|10|2,hub_localized,1225
fully-connected,50,0.01,0.02,0.0,0.2,0.1,3.0,0.3,0.104,1,43,0.0,0.08163265306122448,46,8,103,0,46,26|6|10|3,hub_localized,1225
fully-connected,50,0.01,0.02,0.0,0.2,0.1,3.0,0.3,0.104,2,44,0.0,0.10204081632653061,45,8,5,0,45,13|12|6|10|4,hub_localized,1225
fully-connected,50,0.01,0.02,0.0,0.2,0.1,3.0,0.3,0.104,3,45,0.0,0.10204081632653061,44,8,5,0,44,12|12|6|10|5,hub_localized,1225
fully-connected,50,0.01,0.02,0.0,0.2,0.1,3.0,0.3,0.104,4,46,0.0,0.12244897959183673,49,8,6,0,49,11|12|6|10|5,hub_localized,1225
fully-connected,50,0.01,0.02,0.0,0.2,0.1,3.0,0.3,0.104,5,47,0.0,0.10204081632653061,48,8,103,0,48,22|6|10|5|1,hub_localized,1225
fully-connected,50,0.01,0.02,0.0,0.2,0.1,3.0,0.3,0.104,6,48,0.0,0.12244897959183673,47,8,5,0,47,9|12|6|10|5|2,hub_localized,1225
fully-connected,50,0.01,0.02,0.0,0.2,0.1,3.0,0.3,0.104,7,49,0.0,0.10204081632653061,46,8,103,0,46,20|6|10|5|3,hub_localized,1225
fully-connected,50,0.01,0.02,0.0,0.2,0.1,3.0,0.3,0.104,8,50,0.0,0.10204081632653061,45,8,103,0,45,20|6|10|5|4,hub_localized,1225
fully-connected,50,0.01,0.02,0.0,0.2,0.1,3.0,0.3,0.104,9,51,0.0,0.10204081632653061,44,8,103,0,44,19|6|10|5|5,hub_localized,1225
fully-connected,50,0.01,0.02,0.0,0.2,0.1,3.0,0.3,0.104,10,52,0.0,0.10204081632653061,43,8,103,0,43,17|6|10|5|6,hub_localized,1225
fully-connected,50,0.01,0.02,0.0,0.2,0.1,3.0,0.3,0.104,11,53,0.0,0.10204081632653061,42,8,103,0,42,16|6|10|5|7,hub_localized,1225
fully-connected,50,0.01,0.02,0.0,0.2,0.1,3.0,0.3,0.104,12,54,0.0,0.10204081632653061,41,8,103,0,41,16|6|10|5|8,hub_localized,1225
fully-connected,50,0.01,0.02,0.0,0.2,0.1,3.0,0.3,0.104,13,55,0.0,0.10204081632653061,40,8,103,0,40,14|6|10|5|9,hub_localized,1225
fully-connected,50,0.01,0.02,0.0,0.2,0.1,3.0,0.3,0.104,14,56,0.0,0.10204081632653061,39,8,103,0,39,14|6|10|5|10,hub_localized,1225
fully-connected,50,0.01,0.02,0.0,0.2,0.1,3.0,0.3,0.104,15,57,0.0,0.10204081632653061,38,8,103,0,38,12|6|10|5|11,hub_localized,1225
fully-connected,50,0.01,0.02,0.0,0.2,0.1,3.0,0.3,0.104,16,58,0.0,0.10204081632653061,37,8,103,0,37,12|6|10|5|12,hub_localized,1225
fully-connected,50,0.01,0.02,0.0,0.2,0.1,3.0,0.3,0.104,17,59,0.0,0.10204081632653061,36,8,103,0,36,10|6|10|5|13,hub_localized,1225
fully-connected,50,0.01,0.02,0.0,0.2,0.1,3.0,0.3,0.104,18,60,0.0,0.10204081632653061,35,8,103,0,35,10|6|10|5|14,hub_localized,1225
fully-connected,50,0.01,0.02,0.0,0.2,0.1,3.0,0.3,0.104,19,61,0.0,0.10204081632653061,34,8,103,0,34,9|6|10|5|15,hub_localized,1225
fully-connected,50,0.01,0.02,0.0,0.2,0.1,3.0,0.3,0.104,20,62,0.0,0.10204081632653061,33,8,103,0,33,8|6|10|5|16,hub_localized,1225
fully-connected,50,0.01,0.02,0.0,0.2,0.1,3.0,0.3,0.104,21,63,0.0,0.10204081632653061,32,8,103,0,32,7|6|10|5|17,hub_localized,1225
fully-connected,50,0.01,0.02,0.0,0.2,0.1,3.0,0.3,0.104,22,64,0.0,0.12244897959183673,49,8,1,0,49,6|6|10|5|17,hub_localized,1225
fully-connected,50,0.01,0.02,0.0,0.2,0.1,3.0,0.3,0.104,23,65,0.0,0.12244897959183673,48,8,4,0,48,5|6|10|5|17|1,hub_localized,1225
fully-connected,50,0.01,0.02,0.0,0.2,0.1,3.0,0.3,0.104,24,66,0.0,0.12244897959183673,47,8,4,0,47,4|6|10|5|17|2,hub_localized,1225
fully-connected,50,0.01,0.02,0.0,0.2,0.1,3.0,0.3,0.104,25,67,0.0,0.12244897959183673,46,8,1,0,46,2|6|10|5|17|3,hub_localized,1225
fully-connected,50,0.01,0.02,0.0,0.2,0.1,3.0,0.3,0.104,26,68,0.0,0.12244897959183673,45,8,1,0,45,1|6|10|5|17|4,hub_localized,1225
fully-connected,50,0.01,0.02,0.0,0.2,0.1,3.0,0.3,0.104,27,69,0.0,0.12244897959183673,44,8,1,0,44,1|6|10|5|17|5,hub_localized,1225
fully-connected,50,0.01,0.02,0.0,0.2,0.1,3.0,0.3,0.104,28,70,0.0,0.10204081632653061,43,8,1,0,43,6|10|5|17|6,hub_localized,1225
fully-connected,50,0.01,0.02,0.0,0.2,0.1,3.0,0.3,0.104,29,71,0.0,0.10204081632653061,42,8,4,0,42,5|10|5|17|7,hub_localized,1225
fully-connected,50,0.01,0.02,0.0,0.2,0.1,3.0,0.3,0.104,30,72,0.0,0.10204081632653061,41,8,1,0,41,5|10|5|17|8,hub_localized,1225
fully-connected,50,0.01,0.02,0.0,0.2,0.1,3.0,0.3,0.104,31,73,0.0,0.10204081632653061,40,8,4,0,40,4|10|5|17|9,hub_localized,1225
fully-connected,50,0.01,0.02,0.0,0.2,0.1,3.0,0.3,0.104,32,74,0.0,0.10204081632653061,39,8,1,0,39,3|10|5|17|10,hub_localized,1225
fully-connected,50,0.01,0.02,0.0,0.2,0.1,3.0,0.3,0.104,33,75,0.0,0.10204081632653061,38,8,1,0,38,1|10|5|17|11,hub_localized,1225
fully-connected,50,0.01,0.02,0.0,0.2,0.1,3.0,0.3,0.104,34,76,0.0,0.10204081632653061,37,8,1,0,37,1|10|5|17|12,hub_localized,1225
fully-connected,50,0.01,0.02,0.0,0.2,0.1,3.0,0.3,0.104,35,77,0.0,0.08163265306122448,36,8,1,0,36,10|5|17|13,hub_localized,1225
fully-connected,50,0.01,0.02,0.0,0.2,0.1,3.0,0.3,0.104,36,78,0.0,0.08163265306122448,35,8,1,0,35,9|5|17|14,hub_localized,1225
fully-connected,50,0.01,0.02,0.0,0.2,0.1,3.0,0.3,0.104,37,79,0.0,0.10204081632653061,49,8,1,0,49,9|5|17|14,hub_localized,1225
fully-connected,50,0.01,0.02,0.0,0.2,0.1,3.0,0.3,0.104,38,80,0.0,0.08163265306122448,48,8,113,0,48,8|5|32|1,hub_localized,1225
fully-connected,50,0.01,0.02,0.0,0.2,0.1,3.0,0.3,0.104,39,81,0.0,0.10204081632653061,47,8,1,0,47,7|5|17|14|2,hub_localized,1225
fully-connected,50,0.01,0.02,0.0,0.2,0.1,3.0,0.3,0.104,40,82,0.0,0.10204081632653061,46,8,4,0,46,5|5|17|14|3,hub_localized,1225
fully-connected,50,0.01,0.02,0.0,0.2,0.1,3.0,0.3,0.104,41,83,0.0,0.10204081632653061,45,8,1,0,45,5|5|17|14|4,hub_localized,1225
fully-connected,50,0.01,0.02,0.0,0.2,0.1,3.0,0.3,0.104,42,84,0.0,0.10204081632653061,44,8,4,0,44,3|5|17|14|5,hub_localized,1225
fully-connected,50,0.01,0.02,0.0,0.2,0.1,3.0,0.3,0.104,43,85,0.0,0.10204081632653061,43,8,1,0,43,2|5|17|14|6,hub_localized,1225
fully-connected,50,0.01,0.02,0.0,0.2,0.1,3.0,0.3,0.104,44,86,0.0,0.10204081632653061,42,8,4,0,42,2|5|17|14|7,hub_localized,1225
fully-connected,50,0.01,0.02,0.0,0.2,0.1,3.0,0.3,0.104,45,87,0.0,0.10204081632653061,41,8,1,0,41,1|5|17|14|8,hub_localized,1225
fully-connected,50,0.01,0.02,0.0,0.2,0.1,3.0,0.3,0.104,46,88,0.0,0.061224489795918366,40,4,113,0,40,5|32|9,hub_localized,1225
fully-connected,50,0.01,0.02,0.0,0.2,0.1,3.0,0.3,0.104,47,89,0.0,0.061224489795918366,39,4,3,0,39,5|17|14|10,hub_localized,1225
fully-connected,50,0.01,0.02,0.0,0.2,0.1,3.0,0.3,0.104,48,90,0.0,0.08163265306122448,49,7,1,0,49,5|17|14|10,hub_localized,1225
fully-connected,50,0.01,0.02,0.0,0.2,0.1,3.0,0.3,0.104,49,91,0.0,0.08163265306122448,48,7,1,0,48,4|17|14|10|1,hub_localized,1225
fully-connected,50,0.01,0.02,0.0,0.2,0.1,3.0,0.3,0.106,0,42,0.0,0.10204081632653061,47,8,5,0,47,14|12|6|10|2,hub_localized,1225
fully-connected,50,0.01,0.02,0.0,0.2,0.1,3.0,0.3,0.106,1,43,0.0,0.08163265306122448,46,8,103,0,46,26|6|10|3,hub_localized,1225
fully-connected,50,0.01,0.02,0.0,0.2,0.1,3.0,0.3,0.106,2,44,0.0,0.10204081632653061,45,8,5,0,45,13|12|6|10|4,hub_localized,1225
fully-connected,50,0.01,0.02,0.0,0.2,0.1,3.0,0.3,0.106,3,45,0.0,0.10204081632653061,44,8,5,0,44,12|12|6|10|5,hub_localized,1225
fully-connected,50,0.01,0.02,0.0,0.2,0.1,3.0,0.3,0.106,4,46,0.0,0.10204081632653061,49,8,103,0,49,24|6|10|5,hub_localized,1225
fully-connected,50,0.01,0.02,0.0,0.2,0.1,3.0,0.3,0.106,5,47,0.0,0.10204081632653061,48,8,103,0,48,22|6|10|5|1,hub_localized,1225
fully-connected,50,0.01,0.02,0.0,0.2,0.1,3.0,0.3,0.106,6,48,0.0,0.12244897959183673,47,8,5,0,47,9|12|6|10|5|2,hub_localized,1225
fully-connected,50,0.01,0.02,0.0,0.2,0.1,3.0,0.3,0.106,7,49,0.0,0.10204081632653061,46,8,103,0,46,20|6|10|5|3,hub_localized,1225
fully-connected,50,0.01,0.02,0.0,0.2,0.1,3.0,0.3,0.106,8,50,0.0,0.10204081632653061,45,8,103,0,45,20|6|10|5|4,hub_localized,1225
fully-connected,50,0.01,0.02,0.0,0.2,0.1,3.0,0.3,0.106,9,51,0.0,0.10204081632653061,44,8,103,0,44,19|6|10|5|5,hub_localized,1225
fully-connected,50,0.01,0.02,0.0,0.2,0.1,3.0,0.3,0.106,10,52,0.0,0.10204081632653061,43,8,103,0,43,18|6|10|5|6,hub_localized,1225
fully-connected,50,0.01,0.02,0.0,0.2,0.1,3.0,0.3,0.106,11,53,0.0,0.10204081632653061,42,8,103,0,42,16|6|10|5|7,hub_localized,1225
fully-connected,50,0.01,0.02,0.0,0.2,0.1,3.0,0.3,0.106,12,54,0.0,0.10204081632653061,41,8,103,0,41,16|6|10|5|8,hub_localized,1225
fully-connected,50,0.01,0.02,0.0,0.2,0.1,3.0,0.3,0.106,13,55,0.0,0.10204081632653061,40,8,103,0,40,14|6|10|5|9,hub_localized,1225
fully-connected,50,0.01,0.02,0.0,0.2,0.1,3.0,0.3,0.106,14,56,0.0,0.10204081632653061,39,8,103,0,39,14|6|10|5|10,hub_localized,1225
fully-connected,50,0.01,0.02,0.0,0.2,0.1,3.0,0.3,0.106,15,57,0.0,0.10204081632653061,38,8,103,0,38,12|6|10|5|11,hub_localized,1225
fully-connected,50,0.01,0.02,0.0,0.2,0.1,3.0,0.3,0.106,16,58,0.0,0.10204081632653061,37,8,103,0,37,12|6|10|5|12,hub_localized,1225
fully-connected,50,0.01,0.02,0.0,0.2,0.1,3.0,0.3,0.106,17,59,0.0,0.10204081632653061,36,8,103,0,36,10|6|10|5|13,hub_localized,1225
fully-connected,50,0.01,0.02,0.0,0.2,0.1,3.0,0.3,0.106,18,60,0.0,0.10204081632653061,35,8,103,0,35,10|6|10|5|14,hub_localized,1225
fully-connected,50,0.01,0.02,0.0,0.2,0.1,3.0,0.3,0.106,19,61,0.0,0.10204081632653061,34,8,103,0,34,9|6|10|5|15,hub_localized,1225
fully-connected,50,0.01,0.02,0.0,0.2,0.1,3.0,0.3,0.106,20,62,0.0,0.10204081632653061,33,8,103,0,33,8|6|10|5|16,hub_localized,1225
fully-connected,50,0.01,0.02,0.0,0.2,0.1,3.0,0.3,0.106,21,63,0.0,0.10204081632653061,32,8,103,0,32,7|6|10|5|17,hub_localized,1225
fully-connected,50,0.01,0.02,0.0,0.2,0.1,3.0,0.3,0.106,22,64,0.0,0.12244897959183673,49,8,1,0,49,6|6|10|5|17,hub_localized,1225
fully-connected,50,0.01,0.02,0.0,0.2,0.1,3.0,0.3,0.106,23,65,0.0,0.12244897959183673,48,8,4,0,48,5|6|10|5|17|1,hub_localized,1225
fully-connected,50,0.01,0.02,0.0,0.2,0.1,3.0,0.3,0.106,24,66,0.0,0.12244897959183673,47,8,4,0,47,4|6|10|5|17|2,hub_localized,1225
fully-connected,50,0.01,0.02,0.0,0.2,0.1,3.0,0.3,0.106,25,67,0.0,0.12244897959183673,46,8,1,0,46,2|6|10|5|17|3,hub_localized,1225
fully-connected,50,0.01,0.02,0.0,0.2,0.1,3.0,0.3,0.106,26,68,0.0,0.12244897959183673,45,8,1,0,45,1|6|10|5|17|4,hub_localized,1225
fully-connected,50,0.01,0.02,0.0,0.2,0.1,3.0,0.3,0.106,27,69,0.0,0.12244897959183673,44,8,1,0,44,1|6|10|5|17|5,hub_localized,1225
fully-connected,50,0.01,0.02,0.0,0.2,0.1,3.0,0.3,0.106,28,70,0.0,0.10204081632653061,43,8,1,0,43,6|10|5|17|6,hub_localized,1225
fully-connected,50,0.01,0.02,0.0,0.2,0.1,3.0,0.3,0.106,29,71,0.0,0.10204081632653061,42,8,4,0,42,5|10|5|17|7,hub_localized,1225
fully-connected,50,0.01,0.02,0.0,0.2,0.1,3.0,0.3,0.106,30,72,0.0,0.10204081632653061,41,8,1,0,41,5|10|5|17|8,hub_localized,1225
fully-connected,50,0.01,0.02,0.0,0.2,0.1,3.0,0.3,0.106,31,73,0.0,0.10204081632653061,40,8,4,0,40,4|10|5|17|9,hub_localized,1225
fully-connected,50,0.01,0.02,0.0,0.2,0.1,3.0,0.3,0.106,32,74,0.0,0.10204081632653061,39,8,1,0,39,3|10|5|17|10,hub_localized,1225
fully-connected,50,0.01,0.02,0.0,0.2,0.1,3.0,0.3,0.106,33,75,0.0,0.10204081632653061,38,8,1,0,38,1|10|5|17|11,hub_localized,1225
fully-connected,50,0.01,0.02,0.0,0.2,0.1,3.0,0.3,0.106,34,76,0.0,0.10204081632653061,37,8,1,0,37,1|10|5|17|12,hub_localized,1225
fully-connected,50,0.01,0.02,0.0,0.2,0.1,3.0,0.3,0.106,35,77,0.0,0.08163265306122448,36,8,1,0,36,10|5|17|13,hub_localized,1225
fully-connected,50,0.01,0.02,0.0,0.2,0.1,3.0,0.3,0.106,36,78,0.0,0.08163265306122448,35,8,1,0,35,9|5|17|14,hub_localized,1225
fully-connected,50,0.01,0.02,0.0,0.2,0.1,3.0,0.3,0.106,37,79,0.0,0.10204081632653061,49,8,1,0,49,9|5|17|14,hub_localized,1225
fully-connected,50,0.01,0.02,0.0,0.2,0.1,3.0,0.3,0.106,38,80,0.0,0.08163265306122448,48,8,113,0,48,8|5|32|1,hub_localized,1225
fully-connected,50,0.01,0.02,0.0,0.2,0.1,3.0,0.3,0.106,39,81,0.0,0.10204081632653061,47,8,1,0,47,7|5|17|14|2,hub_localized,1225
fully-connected,50,0.01,0.02,0.0,0.2,0.1,3.0,0.3,0.106,40,82,0.0,0.10204081632653061,46,8,4,0,46,5|5|17|14|3,hub_localized,1225
fully-connected,50,0.01,0.02,0.0,0.2,0.1,3.0,0.3,0.106,41,83,0.0,0.10204081632653061,45,8,1,0,45,5|5|17|14|4,hub_localized,1225
fully-connected,50,0.01,0.02,0.0,0.2,0.1,3.0,0.3,0.106,42,84,0.0,0.10204081632653061,44,8,4,0,44,3|5|17|14|5,hub_localized,1225
fully-connected,50,0.01,0.02,0.0,0.2,0.1,3.0,0.3,0.106,43,85,0.0,0.10204081632653061,43,8,1,0,43,2|5|17|14|6,hub_localized,1225
fully-connected,50,0.01,0.02,0.0,0.2,0.1,3.0,0.3,0.106,44,86,0.0,0.10204081632653061,42,8,4,0,42,2|5|17|14|7,hub_localized,1225
fully-connected,50,0.01,0.02,0.0,0.2,0.1,3.0,0.3,0.106,45,87,0.0,0.10204081632653061,41,8,1,0,41,1|5|17|14|8,hub_localized,1225
fully-connected,50,0.01,0.02,0.0,0.2,0.1,3.0,0.3,0.106,46,88,0.0,0.061224489795918366,40,4,113,0,40,5|32|9,hub_localized,1225
fully-connected,50,0.01,0.02,0.0,0.2,0.1,3.0,0.3,0.106,47,89,0.0,0.061224489795918366,39,4,3,0,39,5|17|14|10,hub_localized,1225
fully-connected,50,0.01,0.02,0.0,0.2,0.1,3.0,0.3,0.106,48,90,0.0,0.08163265306122448,49,7,1,0,49,5|17|14|10,hub_localized,1225
fully-connected,50,0.01,0.02,0.0,0.2,0.1,3.0,0.3,0.106,49,91,0.0,0.08163265306122448,48,7,1,0,48,4|17|14|10|1,hub_localized,1225
fully-connected,50,0.01,0.02,0.0,0.2,0.1,3.0,0.3,0.108,0,42,0.0,0.10204081632653061,47,8,5,0,47,14|12|6|10|2,hub_localized,1225
fully-connected,50,0.01,0.02,0.0,0.2,0.1,3.0,0.3,0.108,1,43,0.0,0.08163265306122448,46,8,103,0,46,26|6|10|3,hub_localized,1225
fully-connected,50,0.01,0.02,0.0,0.2,0.1,3.0,0.3,0.108,2,44,0.0,0.08163265306122448,45,8,103,0,45,26|6|10|4,hub_localized,1225
fully-connected,50,0.01,0.02,0.0,0.2,0.1,3.0,0.3,0.108,3,45,0.0,0.10204081632653061,44,8,5,0,44,12|12|6|10|5,hub_localized,1225
fully-connected,50,0.01,0.02,0.0,0.2,0.1,3.0,0.3,0.108,4,46,0.0,0.10204081632653061,49,8,103,0,49,24|6|10|5,hub_localized,1225
fully-connected,50,0.01,0.02,0.0,0.2,0.1,3.0,0.3,0.108,5,47,0.0,0.10204081632653061,48,8,103,0,48,22|6|10|5|1,hub_localized,1225
fully-connected,50,0.01,0.02,0.0,0.2,0.1,3.0,0.3,0.108,6,48,0.0,0.12244897959183673,47,8,5,0,47,9|12|6|10|5|2,hub_localized,1225
fully-connected,50,0.01,0.02,0.0,0.2,0.1,3.0,0.3,0.108,7,49,0.0,0.10204081632653061,46,8,103,0,46,20|6|10|5|3,hub_localized,1225
fully-connected,50,0.01,0.02,0.0,0.2,0.1,3.0,0.3,0.108,8,50,0.0,0.10204081632653061,45,8,103,0,45,20|6|10|5|4,hub_localized,1225
fully-connected,50,0.01,0.02,0.0,0.2,0.1,3.0,0.3,0.108,9,51,0.0,0.10204081632653061,44,8,103,0,44,19|6|10|5|5,hub_localized,1225
fully-connected,50,0.01,0.02,0.0,0.2,0.1,3.0,0.3,0.108,10,52,0.0,0.10204081632653061,43,8,103,0,43,18|6|10|5|6,hub_localized,1225
fully-connected,50,0.01,0.02,0.0,0.2,0.1,3.0,0.3,0.108,11,53,0.0,0.10204081632653061,42,8,103,0,42,16|6|10|5|7,hub_localized,1225
fully-connected,50,0.01,0.02,0.0,0.2,0.1,3.0,0.3,0.108,12,54,0.0,0.10204081632653061,41,8,103,0,41,16|6|10|5|8,hub_localized,1225
fully-connected,50,0.01,0.02,0.0,0.2,0.1,3.0,0.3,0.108,13,55,0.0,0.10204081632653061,40,8,103,0,40,14|6|10|5|9,hub_localized,1225
fully-connected,50,0.01,0.02,0.0,0.2,0.1,3.0,0.3,0.108,14,56,0.0,0.10204081632653061,39,8,103,0,39,14|6|10|5|10,hub_localized,1225
fully-connected,50,0.01,0.02,0.0,0.2,0.1,3.0,0.3,0.108,15,57,0.0,0.10204081632653061,38,8,103,0,38,12|6|10|5|11,hub_localized,1225
fully-connected,50,0.01,0.02,0.0,0.2,0.1,3.0,0.3,0.108,16,58,0.0,0.10204081632653061,37,8,103,0,37,12|6|10|5|12,hub_localized,1225
fully-connected,50,0.01,0.02,0.0,0.2,0.1,3.0,0.3,0.108,17,59,0.0,0.10204081632653061,36,8,103,0,36,10|6|10|5|13,hub_localized,1225
fully-connected,50,0.01,0.02,0.0,0.2,0.1,3.0,0.3,0.108,18,60,0.0,0.10204081632653061,35,8,103,0,35,10|6|10|5|14,hub_localized,1225
fully-connected,50,0.01,0.02,0.0,0.2,0.1,3.0,0.3,0.108,19,61,0.0,0.10204081632653061,34,8,103,0,34,9|6|10|5|15,hub_localized,1225
fully-connected,50,0.01,0.02,0.0,0.2,0.1,3.0,0.3,0.108,20,62,0.0,0.10204081632653061,33,8,103,0,33,8|6|10|5|16,hub_localized,1225
fully-connected,50,0.01,0.02,0.0,0.2,0.1,3.0,0.3,0.108,21,63,0.0,0.10204081632653061,32,8,103,0,32,7|6|10|5|17,hub_localized,1225
fully-connected,50,0.01,0.02,0.0,0.2,0.1,3.0,0.3,0.108,22,64,0.0,0.12244897959183673,49,8,1,0,49,6|6|10|5|17,hub_localized,1225
fully-connected,50,0.01,0.02,0.0,0.2,0.1,3.0,0.3,0.108,23,65,0.0,0.12244897959183673,48,8,4,0,48,5|6|10|5|17|1,hub_localized,1225
fully-connected,50,0.01,0.02,0.0,0.2,0.1,3.0,0.3,0.108,24,66,0.0,0.12244897959183673,47,8,4,0,47,4|6|10|5|17|2,hub_localized,1225
fully-connected,50,0.01,0.02,0.0,0.2,0.1,3.0,0.3,0.108,25,67,0.0,0.12244897959183673,46,8,1,0,46,2|6|10|5|17|3,hub_localized,1225
fully-connected,50,0.01,0.02,0.0,0.2,0.1,3.0,0.3,0.108,26,68,0.0,0.12244897959183673,45,8,1,0,45,1|6|10|5|17|4,hub_localized,1225
fully-connected,50,0.01,0.02,0.0,0.2,0.1,3.0,0.3,0.108,27,69,0.0,0.12244897959183673,44,8,1,0,44,1|6|10|5|17|5,hub_localized,1225
fully-connected,50,0.01,0.02,0.0,0.2,0.1,3.0,0.3,0.108,28,70,0.0,0.10204081632653061,43,8,1,0,43,6|10|5|17|6,hub_localized,1225
fully-connected,50,0.01,0.02,0.0,0.2,0.1,3.0,0.3,0.108,29,71,0.0,0.10204081632653061,42,8,4,0,42,5|10|5|17|7,hub_localized,1225
fully-connected,50,0.01,0.02,0.0,0.2,0.1,3.0,0.3,0.108,30,72,0.0,0.10204081632653061,41,8,1,0,41,5|10|5|17|8,hub_localized,1225
fully-connected,50,0.01,0.02,0.0,0.2,0.1,3.0,0.3,0.108,31,73,0.0,0.10204081632653061,40,8,4,0,40,4|10|5|17|9,hub_localized,1225
fully-connected,50,0.01,0.02,0.0,0.2,0.1,3.0,0.3,0.108,32,74,0.0,0.10204081632653061,39,8,1,0,39,3|10|5|17|10,hub_localized,1225
fully-connected,50,0.01,0.02,0.0,0.2,0.1,3.0,0.3,0.108,33,75,0.0,0.10204081632653061,38,8,1,0,38,1|10|5|17|11,hub_localized,1225
fully-connected,50,0.01,0.02,0.0,0.2,0.1,3.0,0.3,0.108,34,76,0.0,0.10204081632653061,37,8,1,0,37,1|10|5|17|12,hub_localized,1225
fully-connected,50,0.01,0.02,0.0,0.2,0.1,3.0,0.3,0.108,35,77,0.0,0.08163265306122448,36,8,1,0,36,10|5|17|13,hub_localized,1225
fully-connected,50,0.01,0.02,0.0,0.2,0.1,3.0,0.3,0.108,36,78,0.0,0.08163265306122448,35,8,1,0,35,9|5|17|14,hub_localized,1225
fully-connected,50,0.01,0.02,0.0,0.2,0.1,3.0,0.3,0.108,37,79,0.0,0.10204081632653061,49,8,1,0,49,9|5|17|14,hub_localized,1225
fully-connected,50,0.01,0.02,0.0,0.2,0.1,3.0,0.3,0.108,38,80,0.0,0.08163265306122448,48,8,113,0,48,8|5|32|1,hub_localized,1225
fully-connected,50,0.01,0.02,0.0,0.2,0.1,3.0,0.3,0.108,39,81,0.0,0.10204081632653061,47,8,1,0,47,7|5|17|14|2,hub_localized,1225
fully-connected,50,0.01,0.02,0.0,0.2,0.1,3.0,0.3,0.108,40,82,0.0,0.10204081632653061,46,8,4,0,46,5|5|17|14|3,hub_localized,1225
fully-connected,50,0.01,0.02,0.0,0.2,0.1,3.0,0.3,0.108,41,83,0.0,0.10204081632653061,45,8,1,0,45,5|5|17|14|4,hub_localized,1225
fully-connected,50,0.01,0.02,0.0,0.2,0.1,3.0,0.3,0.108,42,84,0.0,0.10204081632653061,44,8,4,0,44,3|5|17|14|5,hub_localized,1225
fully-connected,50,0.01,0.02,0.0,0.2,0.1,3.0,0.3,0.108,43,85,0.0,0.10204081632653061,43,8,1,0,43,2|5|17|14|6,hub_localized,1225
fully-connected,50,0.01,0.02,0.0,0.2,0.1,3.0,0.3,0.108,44,86,0.0,0.10204081632653061,42,8,4,0,42,2|5|17|14|7,hub_localized,1225
fully-connected,50,0.01,0.02,0.0,0.2,0.1,3.0,0.3,0.108,45,87,0.0,0.10204081632653061,41,8,1,0,41,1|5|17|14|8,hub_localized,1225
fully-connected,50,0.01,0.02,0.0,0.2,0.1,3.0,0.3,0.108,46,88,0.0,0.061224489795918366,40,4,113,0,40,5|32|9,hub_localized,1225
fully-connected,50,0.01,0.02,0.0,0.2,0.1,3.0,0.3,0.108,47,89,0.0,0.061224489795918366,39,4,3,0,39,5|17|14|10,hub_localized,1225
fully-connected,50,0.01,0.02,0.0,0.2,0.1,3.0,0.3,0.108,48,90,0.0,0.08163265306122448,49,7,1,0,49,5|17|14|10,hub_localized,1225
fully-connected,50,0.01,0.02,0.0,0.2,0.1,3.0,0.3,0.108,49,91,0.0,0.08163265306122448,48,7,1,0,48,4|17|14|10|1,hub_localized,1225
fully-connected,50,0.01,0.02,0.0,0.2,0.1,3.0,0.3,0.11,0,42,0.0,0.10204081632653061,47,8,5,0,47,14|12|6|10|2,hub_localized,1225
fully-connected,50,0.01,0.02,0.0,0.2,0.1,3.0,0.3,0.11,1,43,0.0,0.08163265306122448,46,8,103,0,46,26|6|10|3,hub_localized,1225
fully-connected,50,0.01,0.02,0.0,0.2,0.1,3.0,0.3,0.11,2,44,0.0,0.08163265306122448,45,8,103,0,45,26|6|10|4,hub_localized,1225
fully-connected,50,0.01,0.02,0.0,0.2,0.1,3.0,0.3,0.11,3,45,0.0,0.10204081632653061,44,8,5,0,44,12|12|6|10|5,hub_localized,1225
fully-connected,50,0.01,0.02,0.0,0.2,0.1,3.0,0.3,0.11,4,46,0.0,0.10204081632653061,49,8,103,0,49,24|6|10|5,hub_localized,1225
fully-connected,50,0.01,0.02,0.0,0.2,0.1,3.0,0.3,0.11,5,47,0.0,0.10204081632653061,48,8,103,0,48,22|6|10|5|1,hub_localized,1225
fully-connected,50,0.01,0.02,0.0,0.2,0.1,3.0,0.3,0.11,6,48,0.0,0.12244897959183673,47,8,5,0,47,9|12|6|10|5|2,hub_localized,1225
fully-connected,50,0.01,0.02,0.0,0.2,0.1,3.0,0.3,0.11,7,49,0.0,0.10204081632653061,46,8,103,0,46,20|6|10|5|3,hub_localized,1225
fully-connected,50,0.01,0.02,0.0,0.2,0.1,3.0,0.3,0.11,8,50,0.0,0.10204081632653061,45,8,103,0,45,20|6|10|5|4,hub_localized,1225
fully-connected,50,0.01,0.02,0.0,0.2,0.1,3.0,0.3,0.11,9,51,0.0,0.10204081632653061,44,8,103,0,44,19|6|10|5|5,hub_localized,1225
fully-connected,50,0.01,0.02,0.0,0.2,0.1,3.0,0.3,0.11,10,52,0.0,0.10204081632653061,43,8,103,0,43,18|6|10|5|6,hub_localized,1225
fully-connected,50,0.01,0.02,0.0,0.2,0.1,3.0,0.3,0.11,11,53,0.0,0.10204081632653061,42,8,103,0,42,16|6|10|5|7,hub_localized,1225
fully-connected,50,0.01,0.02,0.0,0.2,0.1,3.0,0.3,0.11,12,54,0.0,0.10204081632653061,41,8,103,0,41,16|6|10|5|8,hub_localized,1225
fully-connected,50,0.01,0.02,0.0,0.2,0.1,3.0,0.3,0.11,13,55,0.0,0.10204081632653061,40,8,103,0,40,14|6|10|5|9,hub_localized,1225
fully-connected,50,0.01,0.02,0.0,0.2,0.1,3.0,0.3,0.11,14,56,0.0,0.10204081632653061,39,8,103,0,39,14|6|10|5|10,hub_localized,1225
fully-connected,50,0.01,0.02,0.0,0.2,0.1,3.0,0.3,0.11,15,57,0.0,0.10204081632653061,38,8,103,0,38,12|6|10|5|11,hub_localized,1225
fully-connected,50,0.01,0.02,0.0,0.2,0.1,3.0,0.3,0.11,16,58,0.0,0.10204081632653061,37,8,103,0,37,12|6|10|5|12,hub_localized,1225
fully-connected,50,0.01,0.02,0.0,0.2,0.1,3.0,0.3,0.11,17,59,0.0,0.10204081632653061,36,8,103,0,36,10|6|10|5|13,hub_localized,1225
fully-connected,50,0.01,0.02,0.0,0.2,0.1,3.0,0.3,0.11,18,60,0.0,0.10204081632653061,35,8,103,0,35,10|6|10|5|14,hub_localized,1225
fully-connected,50,0.01,0.02,0.0,0.2,0.1,3.0,0.3,0.11,19,61,0.0,0.10204081632653061,34,8,103,0,34,9|6|10|5|15,hub_localized,1225
fully-connected,50,0.01,0.02,0.0,0.2,0.1,3.0,0.3,0.11,20,62,0.0,0.10204081632653061,33,8,103,0,33,8|6|10|5|16,hub_localized,1225
fully-connected,50,0.01,0.02,0.0,0.2,0.1,3.0,0.3,0.11,21,63,0.0,0.10204081632653061,32,8,103,0,32,7|6|10|5|17,hub_localized,1225
fully-connected,50,0.01,0.02,0.0,0.2,0.1,3.0,0.3,0.11,22,64,0.0,0.12244897959183673,49,8,1,0,49,6|6|10|5|17,hub_localized,1225
fully-connected,50,0.01,0.02,0.0,0.2,0.1,3.0,0.3,0.11,23,65,0.0,0.12244897959183673,48,8,4,0,48,5|6|10|5|17|1,hub_localized,1225
fully-connected,50,0.01,0.02,0.0,0.2,0.1,3.0,0.3,0.11,24,66,0.0,0.12244897959183673,47,8,4,0,47,4|6|10|5|17|2,hub_localized,1225
fully-connected,50,0.01,0.02,0.0,0.2,0.1,3.0,0.3,0.11,25,67,0.0,0.12244897959183673,46,8,1,0,46,2|6|10|5|17|3,hub_localized,1225
fully-connected,50,0.01,0.02,0.0,0.2,0.1,3.0,0.3,0.11,26,68,0.0,0.12244897959183673,45,8,1,0,45,1|6|10|5|17|4,hub_localized,1225
fully-connected,50,0.01,0.02,0.0,0.2,0.1,3.0,0.3,0.11,27,69,0.0,0.12244897959183673,44,8,1,0,44,1|6|10|5|17|5,hub_localized,1225
fully-connected,50,0.01,0.02,0.0,0.2,0.1,3.0,0.3,0.11,28,70,0.0,0.10204081632653061,43,8,1,0,43,6|10|5|17|6,hub_localized,1225
fully-connected,50,0.01,0.02,0.0,0.2,0.1,3.0,0.3,0.11,29,71,0.0,0.10204081632653061,42,8,4,0,42,5|10|5|17|7,hub_localized,1225
fully-connected,50,0.01,0.02,0.0,0.2,0.1,3.0,0.3,0.11,30,72,0.0,0.10204081632653061,41,8,1,0,41,5|10|5|17|8,hub_localized,1225
fully-connected,50,0.01,0.02,0.0,0.2,0.1,3.0,0.3,0.11,31,73,0.0,0.10204081632653061,40,8,4,0,40,4|10|5|17|9,hub_localized,1225
fully-connected,50,0.01,0.02,0.0,0.2,0.1,3.0,0.3,0.11,32,74,0.0,0.10204081632653061,39,8,1,0,39,3|10|5|17|10,hub_localized,1225
fully-connected,50,0.01,0.02,0.0,0.2,0.1,3.0,0.3,0.11,33,75,0.0,0.10204081632653061,38,8,1,0,38,1|10|5|17|11,hub_localized,1225
fully-connected,50,0.01,0.02,0.0,0.2,0.1,3.0,0.3,0.11,34,76,0.0,0.10204081632653061,37,8,1,0,37,1|10|5|17|12,hub_localized,1225
fully-connected,50,0.01,0.02,0.0,0.2,0.1,3.0,0.3,0.11,35,77,0.0,0.08163265306122448,36,8,1,0,36,10|5|17|13,hub_localized,1225
fully-connected,50,0.01,0.02,0.0,0.2,0.1,3.0,0.3,0.11,36,78,0.0,0.08163265306122448,35,8,1,0,35,9|5|17|14,hub_localized,1225
fully-connected,50,0.01,0.02,0.0,0.2,0.1,3.0,0.3,0.11,37,79,0.0,0.10204081632653061,49,8,1,0,49,9|5|17|14,hub_localized,1225
fully-connected,50,0.01,0.02,0.0,0.2,0.1,3.0,0.3,0.11,38,80,0.0,0.08163265306122448,48,8,113,0,48,8|5|32|1,hub_localized,1225
fully-connected,50,0.01,0.02,0.0,0.2,0.1,3.0,0.3,0.11,39,81,0.0,0.10204081632653061,47,8,1,0,47,7|5|17|14|2,hub_localized,1225
fully-connected,50,0.01,0.02,0.0,0.2,0.1,3.0,0.3,0.11,40,82,0.0,0.10204081632653061,46,8,4,0,46,5|5|17|14|3,hub_localized,1225
fully-connected,50,0.01,0.02,0.0,0.2,0.1,3.0,0.3,0.11,41,83,0.0,0.10204081632653061,45,8,1,0,45,5|5|17|14|4,hub_localized,1225
fully-connected,50,0.01,0.02,0.0,0.2,0.1,3.0,0.3,0.11,42,84,0.0,0.10204081632653061,44,8,4,0,44,3|5|17|14|5,hub_localized,1225
fully-connected,50,0.01,0.02,0.0,0.2,0.1,3.0,0.3,0.11,43,85,0.0,0.10204081632653061,43,8,1,0,43,2|5|17|14|6,hub_localized,1225
fully-connected,50,0.01,0.02,0.0,0.2,0.1,3.0,0.3,0.11,44,86,0.0,0.10204081632653061,42,8,4,0,42,2|5|17|14|7,hub_localized,1225
fully-connected,50,0.01,0.02,0.0,0.2,0.1,3.0,0.3,0.11,45,87,0.0,0.10204081632653061,41,8,1,0,41,1|5|17|14|8,hub_localized,1225
fully-connected,50,0.01,0.02,0.0,0.2,0.1,3.0,0.3,0.11,46,88,0.0,0.061224489795918366,40,4,113,0,40,5|32|9,hub_localized,1225
fully-connected,50,0.01,0.02,0.0,0.2,0.1,3.0,0.3,0.11,47,89,0.0,0.061224489795918366,39,4,3,0,39,5|17|14|10,hub_localized,1225
fully-connected,50,0.01,0.02,0.0,0.2,0.1,3.0,0.3,0.11,48,90,0.0,0.08163265306122448,49,7,1,0,49,5|17|14|10,hub_localized,1225
fully-connected,50,0.01,0.02,0.0,0.2,0.1,3.0,0.3,0.11,49,91,0.0,0.08163265306122448,48,7,1,0,48,4|17|14|10|1,hub_localized,1225
fully-connected,50,0.01,0.02,0.0,0.2,0.1,3.0,0.3,0.112,0,42,0.0,0.10204081632653061,47,8,5,0,47,14|12|6|10|2,hub_localized,1225
fully-connected,50,0.01,0.02,0.0,0.2,0.1,3.0,0.3,0.112,1,43,0.0,0.08163265306122448,46,8,103,0,46,26|6|10|3,hub_localized,1225
fully-connected,50,0.01,0.02,0.0,0.2,0.1,3.0,0.3,0.112,2,44,0.0,0.08163265306122448,45,8,103,0,45,26|6|10|4,hub_localized,1225
fully-connected,50,0.01,0.02,0.0,0.2,0.1,3.0,0.3,0.112,3,45,0.0,0.10204081632653061,44,8,5,0,44,12|12|6|10|5,hub_localized,1225
fully-connected,50,0.01,0.02,0.0,0.2,0.1,3.0,0.3,0.112,4,46,0.0,0.10204081632653061,49,8,103,0,49,24|6|10|5,hub_localized,1225
fully-connected,50,0.01,0.02,0.0,0.2,0.1,3.0,0.3,0.112,5,47,0.0,0.10204081632653061,48,8,103,0,48,22|6|10|5|1,hub_localized,1225
fully-connected,50,0.01,0.02,0.0,0.2,0.1,3.0,0.3,0.112,6,48,0.0,0.12244897959183673,47,8,5,0,47,9|12|6|10|5|2,hub_localized,1225
fully-connected,50,0.01,0.02,0.0,0.2,0.1,3.0,0.3,0.112,7,49,0.0,0.10204081632653061,46,8,103,0,46,20|6|10|5|3,hub_localized,1225
fully-connected,50,0.01,0.02,0.0,0.2,0.1,3.0,0.3,0.112,8,50,0.0,0.10204081632653061,45,8,103,0,45,20|6|10|5|4,hub_localized,1225
fully-connected,50,0.01,0.02,0.0,0.2,0.1,3.0,0.3,0.112,9,51,0.0,0.10204081632653061,44,8,103,0,44,19|6|10|5|5,hub_localized,1225
fully-connected,50,0.01,0.02,0.0,0.2,0.1,3.0,0.3,0.112,10,52,0.0,0.10204081632653061,43,8,103,0,43,18|6|10|5|6,hub_localized,1225
fully-connected,50,0.01,0.02,0.0,0.2,0.1,3.0,0.3,0.112,11,53,0.0,0.10204081632653061,42,8,103,0,42,16|6|10|5|7,hub_localized,1225
fully-connected,50,0.01,0.02,0.0,0.2,0.1,3.0,0.3,0.112,12,54,0.0,0.10204081632653061,41,8,103,0,41,16|6|10|5|8,hub_localized,1225
fully-connected,50,0.01,0.02,0.0,0.2,0.1,3.0,0.3,0.112,13,55,0.0,0.10204081632653061,40,8,103,0,40,14|6|10|5|9,hub_localized,1225
fully-connected,50,0.01,0.02,0.0,0.2,0.1,3.0,0.3,0.112,14,56,0.0,0.10204081632653061,39,8,103,0,39,14|6|10|5|10,hub_localized,1225
fully-connected,50,0.01,0.02,0.0,0.2,0.1,3.0,0.3,0.112,15,57,0.0,0.10204081632653061,38,8,103,0,38,12|6|10|5|11,hub_localized,1225
fully-connected,50,0.01,0.02,0.0,0.2,0.1,3.0,0.3,0.112,16,58,0.0,0.10204081632653061,37,8,103,0,37,12|6|10|5|12,hub_localized,1225
fully-connected,50,0.01,0.02,0.0,0.2,0.1,3.0,0.3,0.112,17,59,0.0,0.10204081632653061,36,8,103,0,36,10|6|10|5|13,hub_localized,1225
fully-connected,50,0.01,0.02,0.0,0.2,0.1,3.0,0.3,0.112,18,60,0.0,0.10204081632653061,35,8,103,0,35,10|6|10|5|14,hub_localized,1225
fully-connected,50,0.01,0.02,0.0,0.2,0.1,3.0,0.3,0.112,19,61,0.0,0.10204081632653061,34,8,103,0,34,9|6|10|5|15,hub_localized,1225
fully-connected,50,0.01,0.02,0.0,0.2,0.1,3.0,0.3,0.112,20,62,0.0,0.10204081632653061,33,8,103,0,33,8|6|10|5|16,hub_localized,1225
fully-connected,50,0.01,0.02,0.0,0.2,0.1,3.0,0.3,0.112,21,63,0.0,0.10204081632653061,32,8,103,0,32,7|6|10|5|17,hub_localized,1225
fully-connected,50,0.01,0.02,0.0,0.2,0.1,3.0,0.3,0.112,22,64,0.0,0.12244897959183673,49,8,1,0,49,6|6|10|5|17,hub_localized,1225
fully-connected,50,0.01,0.02,0.0,0.2,0.1,3.0,0.3,0.112,23,65,0.0,0.12244897959183673,48,8,4,0,48,5|6|10|5|17|1,hub_localized,1225
fully-connected,50,0.01,0.02,0.0,0.2,0.1,3.0,0.3,0.112,24,66,0.0,0.12244897959183673,47,8,4,0,47,4|6|10|5|17|2,hub_localized,1225
fully-connected,50,0.01,0.02,0.0,0.2,0.1,3.0,0.3,0.112,25,67,0.0,0.12244897959183673,46,8,1,0,46,2|6|10|5|17|3,hub_localized,1225
fully-connected,50,0.01,0.02,0.0,0.2,0.1,3.0,0.3,0.112,26,68,0.0,0.12244897959183673,45,8,1,0,45,1|6|10|5|17|4,hub_localized,1225
fully-connected,50,0.01,0.02,0.0,0.2,0.1,3.0,0.3,0.112,27,69,0.0,0.12244897959183673,44,8,1,0,44,1|6|10|5|17|5,hub_localized,1225
fully-connected,50,0.01,0.02,0.0,0.2,0.1,3.0,0.3,0.112,28,70,0.0,0.10204081632653061,43,8,1,0,43,6|10|5|17|6,hub_localized,1225
fully-connected,50,0.01,0.02,0.0,0.2,0.1,3.0,0.3,0.112,29,71,0.0,0.10204081632653061,42,8,4,0,42,5|10|5|17|7,hub_localized,1225
fully-connected,50,0.01,0.02,0.0,0.2,0.1,3.0,0.3,0.112,30,72,0.0,0.10204081632653061,41,8,1,0,41,5|10|5|17|8,hub_localized,1225
fully-connected,50,0.01,0.02,0.0,0.2,0.1,3.0,0.3,0.112,31,73,0.0,0.10204081632653061,40,8,4,0,40,4|10|5|17|9,hub_localized,1225
fully-connected,50,0.01,0.02,0.0,0.2,0.1,3.0,0.3,0.112,32,74,0.0,0.10204081632653061,39,8,1,0,39,3|10|5|17|10,hub_localized,1225
fully-connected,50,0.01,0.02,0.0,0.2,0.1,3.0,0.3,0.112,33,75,0.0,0.10204081632653061,38,8,1,0,38,1|10|5|17|11,hub_localized,1225
fully-connected,50,0.01,0.02,0.0,0.2,0.1,3.0,0.3,0.112,34,76,0.0,0.10204081632653061,37,8,1,0,37,1|10|5|17|12,hub_localized,1225
fully-connected,50,0.01,0.02,0.0,0.2,0.1,3.0,0.3,0.112,35,77,0.0,0.08163265306122448,36,8,1,0,36,10|5|17|13,hub_localized,1225
fully-connected,50,0.01,0.02,0.0,0.2,0.1,3.0,0.3,0.112,36,78,0.0,0.08163265306122448,35,8,1,0,35,9|5|17|14,hub_localized,1225
fully-connected,50,0.01,0.02,0.0,0.2,0.1,3.0,0.3,0.112,37,79,0.0,0.10204081632653061,49,8,1,0,49,9|5|17|14,hub_localized,1225
fully-connected,50,0.01,0.02,0.0,0.2,0.1,3.0,0.3,0.112,38,80,0.0,0.08163265306122448,48,8,113,0,48,8|5|32|1,hub_localized,1225
fully-connected,50,0.01,0.02,0.0,0.2,0.1,3.0,0.3,0.112,39,81,0.0,0.10204081632653061,47,8,1,0,47,7|5|17|14|2,hub_localized,1225
fully-connected,50,0.01,0.02,0.0,0.2,0.1,3.0,0.3,0.112,40,82,0.0,0.08163265306122448,46,8,113,0,46,5|5|32|3,hub_localized,1225
fully-connected,50,0.01,0.02,0.0,0.2,0.1,3.0,0.3,0.112,41,83,0.0,0.10204081632653061,45,8,1,0,45,5|5|17|14|4,hub_localized,1225
fully-connected,50,0.01,0.02,0.0,0.2,0.1,3.0,0.3,0.112,42,84,0.0,0.10204081632653061,44,8,4,0,44,3|5|17|14|5,hub_localized,1225
fully-connected,50,0.01,0.02,0.0,0.2,0.1,3.0,0.3,0.112,43,85,0.0,0.10204081632653061,43,8,1,0,43,2|5|17|14|6,hub_localized,1225
fully-connected,50,0.01,0.02,0.0,0.2,0.1,3.0,0.3,0.112,44,86,0.0,0.10204081632653061,42,8,4,0,42,2|5|17|14|7,hub_localized,1225
fully-connected,50,0.01,0.02,0.0,0.2,0.1,3.0,0.3,0.112,45,87,0.0,0.10204081632653061,41,8,1,0,41,1|5|17|14|8,hub_localized,1225
fully-connected,50,0.01,0.02,0.0,0.2,0.1,3.0,0.3,0.112,46,88,0.0,0.061224489795918366,40,4,113,0,40,5|32|9,hub_localized,1225
fully-connected,50,0.01,0.02,0.0,0.2,0.1,3.0,0.3,0.112,47,89,0.0,0.061224489795918366,39,4,3,0,39,5|17|14|10,hub_localized,1225
fully-connected,50,0.01,0.02,0.0,0.2,0.1,3.0,0.3,0.112,48,90,0.0,0.08163265306122448,49,7,1,0,49,5|17|14|10,hub_localized,1225
fully-connected,50,0.01,0.02,0.0,0.2,0.1,3.0,0.3,0.112,49,91,0.0,0.08163265306122448,48,7,1,0,48,4|17|14|10|1,hub_localized,1225
fully-connected,50,0.01,0.02,0.0,0.2,0.1,3.0,0.3,0.114,0,42,0.0,0.10204081632653061,47,8,5,0,47,14|12|6|10|2,hub_localized,1225
fully-connected,50,0.01,0.02,0.0,0.2,0.1,3.0,0.3,0.114,1,43,0.0,0.08163265306122448,46,8,103,0,46,26|6|10|3,hub_localized,1225
fully-connected,50,0.01,0.02,0.0,0.2,0.1,3.0,0.3,0.114,2,44,0.0,0.08163265306122448,45,8,103,0,45,26|6|10|4,hub_localized,1225
fully-connected,50,0.01,0.02,0.0,0.2,0.1,3.0,0.3,0.114,3,45,0.0,0.10204081632653061,44,8,5,0,44,12|12|6|10|5,hub_localized,1225
fully-connected,50,0.01,0.02,0.0,0.2,0.1,3.0,0.3,0.114,4,46,0.0,0.08163265306122448,43,8,103,0,43,24|6|10|6,hub_localized,1225
fully-connected,50,0.01,0.02,0.0,0.2,0.1,3.0,0.3,0.114,5,47,0.0,0.08163265306122448,42,8,103,0,42,22|6|10|7,hub_localized,1225
fully-connected,50,0.01,0.02,0.0,0.2,0.1,3.0,0.3,0.114,6,48,0.0,0.08163265306122448,41,8,103,0,41,22|6|10|8,hub_localized,1225
fully-connected,50,0.01,0.02,0.0,0.2,0.1,3.0,0.3,0.114,7,49,0.0,0.08163265306122448,40,8,103,0,40,20|6|10|9,hub_localized,1225
fully-connected,50,0.01,0.02,0.0,0.2,0.1,3.0,0.3,0.114,8,50,0.0,0.08163265306122448,39,8,103,0,39,20|6|10|10,hub_localized,1225
fully-connected,50,0.01,0.02,0.0,0.2,0.1,3.0,0.3,0.114,9,51,0.0,0.08163265306122448,38,8,103,0,38,19|6|10|11,hub_localized,1225
fully-connected,50,0.01,0.02,0.0,0.2,0.1,3.0,0.3,0.114,10,52,0.0,0.08163265306122448,37,8,103,0,37,18|6|10|12,hub_localized,1225
fully-connected,50,0.01,0.02,0.0,0.2,0.1,3.0,0.3,0.114,11,53,0.0,0.08163265306122448,36,8,103,0,36,16|6|10|13,hub_localized,1225
fully-connected,50,0.01,0.02,0.0,0.2,0.1,3.0,0.3,0.114,12,54,0.0,0.08163265306122448,35,8,103,0,35,16|6|10|14,hub_localized,1225
fully-connected,50,0.01,0.02,0.0,0.2,0.1,3.0,0.3,0.114,13,55,0.0,0.08163265306122448,34,8,103,0,34,14|6|10|15,hub_localized,1225
fully-connected,50,0.01,0.02,0.0,0.2,0.1,3.0,0.3,0.114,14,56,0.0,0.08163265306122448,33,8,103,0,33,14|6|10|16,hub_localized,1225
fully-connected,50,0.01,0.02,0.0,0.2,0.1,3.0,0.3,0.114,15,57,0.0,0.08163265306122448,32,8,103,0,32,12|6|10|17,hub_localized,1225
fully-connected,50,0.01,0.02,0.0,0.2,0.1,3.0,0.3,0.114,16,58,0.0,0.08163265306122448,31,8,103,0,31,12|6|10|18,hub_localized,1225
fully-connected,50,0.01,0.02,0.0,0.2,0.1,3.0,0.3,0.114,17,59,0.0,0.08163265306122448,30,8,103,0,30,10|6|10|19,hub_localized,1225
fully-connected,50,0.01,0.02,0.0,0.2,0.1,3.0,0.3,0.114,18,60,0.0,0.08163265306122448,29,8,103,0,29,10|6|10|20,hub_localized,1225
fully-connected,50,0.01,0.02,0.0,0.2,0.1,3.0,0.3,0.114,19,61,0.0,0.08163265306122448,28,8,103,0,28,9|6|10|21,hub_localized,1225
fully-connected,50,0.01,0.02,0.0,0.2,0.1,3.0,0.3,0.114,20,62,0.0,0.08163265306122448,27,8,103,0,27,8|6|10|22,hub_localized,1225
fully-connected,50,0.01,0.02,0.0,0.2,0.1,3.0,0.3,0.114,21,63,0.0,0.08163265306122448,26,8,103,0,26,7|6|10|23,hub_localized,1225
fully-connected,50,0.01,0.02,0.0,0.2,0.1,3.0,0.3,0.114,22,64,0.0,0.10204081632653061,49,8,1,0,49,6|6|10|23,hub_localized,1225
fully-connected,50,0.01,0.02,0.0,0.2,0.1,3.0,0.3,0.114,23,65,0.0,0.10204081632653061,48,8,4,0,48,5|6|10|23|1,hub_localized,1225
fully-connected,50,0.01,0.02,0.0,0.2,0.1,3.0,0.3,0.114,24,66,0.0,0.10204081632653061,47,8,4,0,47,4|6|10|23|2,hub_localized,1225
fully-connected,50,0.01,0.02,0.0,0.2,0.1,3.0,0.3,0.114,25,67,0.0,0.10204081632653061,46,8,1,0,46,2|6|10|23|3,hub_localized,1225
fully-connected,50,0.01,0.02,0.0,0.2,0.1,3.0,0.3,0.114,26,68,0.0,0.10204081632653061,45,8,1,0,45,1|6|10|23|4,hub_localized,1225
fully-connected,50,0.01,0.02,0.0,0.2,0.1,3.0,0.3,0.114,27,69,0.0,0.10204081632653061,44,8,1,0,44,1|6|10|23|5,hub_localized,1225
fully-connected,50,0.01,0.02,0.0,0.2,0.1,3.0,0.3,0.114,28,70,0.0,0.08163265306122448,43,8,1,0,43,6|10|23|6,hub_localized,1225
fully-connected,50,0.01,0.02,0.0,0.2,0.1,3.0,0.3,0.114,29,71,0.0,0.08163265306122448,42,8,4,0,42,5|10|23|7,hub_localized,1225
fully-connected,50,0.01,0.02,0.0,0.2,0.1,3.0,0.3,0.114,30,72,0.0,0.08163265306122448,41,8,1,0,41,5|10|23|8,hub_localized,1225
fully-connected,50,0.01,0.02,0.0,0.2,0.1,3.0,0.3,0.114,31,73,0.0,0.08163265306122448,40,8,4,0,40,4|10|23|9,hub_localized,1225
fully-connected,50,0.01,0.02,0.0,0.2,0.1,3.0,0.3,0.114,32,74,0.0,0.08163265306122448,39,8,1,0,39,3|10|23|10,hub_localized,1225
fully-connected,50,0.01,0.02,0.0,0.2,0.1,3.0,0.3,0.114,33,75,0.0,0.08163265306122448,38,8,1,0,38,1|10|23|11,hub_localized,1225
fully-connected,50,0.01,0.02,0.0,0.2,0.1,3.0,0.3,0.114,34,76,0.0,0.08163265306122448,37,8,1,0,37,1|10|23|12,hub_localized,1225
fully-connected,50,0.01,0.02,0.0,0.2,0.1,3.0,0.3,0.114,35,77,0.0,0.061224489795918366,36,8,1,0,36,10|23|13,hub_localized,1225
fully-connected,50,0.01,0.02,0.0,0.2,0.1,3.0,0.3,0.114,36,78,0.0,0.061224489795918366,35,8,1,0,35,9|23|14,hub_localized,1225
fully-connected,50,0.01,0.02,0.0,0.2,0.1,3.0,0.3,0.114,37,79,0.0,0.08163265306122448,49,8,1,0,49,9|23|14,hub_localized,1225
fully-connected,50,0.01,0.02,0.0,0.2,0.1,3.0,0.3,0.114,38,80,0.0,0.061224489795918366,48,8,113,0,48,8|38|1,hub_localized,1225
fully-connected,50,0.01,0.02,0.0,0.2,0.1,3.0,0.3,0.114,39,81,0.0,0.08163265306122448,47,8,1,0,47,7|23|14|2,hub_localized,1225
fully-connected,50,0.01,0.02,0.0,0.2,0.1,3.0,0.3,0.114,40,82,0.0,0.061224489795918366,46,8,113,0,46,5|38|3,hub_localized,1225
fully-connected,50,0.01,0.02,0.0,0.2,0.1,3.0,0.3,0.114,41,83,0.0,0.08163265306122448,45,8,1,0,45,5|23|14|4,hub_localized,1225
fully-connected,50,0.01,0.02,0.0,0.2,0.1,3.0,0.3,0.114,42,84,0.0,0.08163265306122448,44,8,4,0,44,3|23|14|5,hub_localized,1225
fully-connected,50,0.01,0.02,0.0,0.2,0.1,3.0,0.3,0.114,43,85,0.0,0.08163265306122448,43,8,1,0,43,2|23|14|6,hub_localized,1225
fully-connected,50,0.01,0.02,0.0,0.2,0.1,3.0,0.3,0.114,44,86,0.0,0.08163265306122448,42,8,4,0,42,2|23|14|7,hub_localized,1225
fully-connected,50,0.01,0.02,0.0,0.2,0.1,3.0,0.3,0.114,45,87,0.0,0.08163265306122448,41,8,1,0,41,1|23|14|8,hub_localized,1225
fully-connected,50,0.01,0.02,0.0,0.2,0.1,3.0,0.3,0.114,46,88,0.0,0.04081632653061224,40,4,113,0,40,38|9,hub_localized,1225
fully-connected,50,0.01,0.02,0.0,0.2,0.1,3.0,0.3,0.114,47,89,0.0,0.04081632653061224,39,4,3,0,39,23|14|10,hub_localized,1225
fully-connected,50,0.01,0.02,0.0,0.2,0.1,3.0,0.3,0.114,48,90,0.0,0.061224489795918366,49,7,1,0,49,23|14|10,hub_localized,1225
fully-connected,50,0.01,0.02,0.0,0.2,0.1,3.0,0.3,0.114,49,91,0.0,0.061224489795918366,48,7,1,0,48,22|14|10|1,hub_localized,1225
fully-connected,50,0.01,0.02,0.0,0.2,0.1,3.0,0.3,0.116,0,42,0.0,0.061224489795918366,47,7,128,0,47,27|17|2,hub_localized,1225
fully-connected,50,0.01,0.02,0.0,0.2,0.1,3.0,0.3,0.116,1,43,0.0,0.061224489795918366,46,7,128,0,46,26|17|3,hub_localized,1225
fully-connected,50,0.01,0.02,0.0,0.2,0.1,3.0,0.3,0.116,2,44,0.0,0.061224489795918366,45,7,128,0,45,26|17|4,hub_localized,1225
fully-connected,50,0.01,0.02,0.0,0.2,0.1,3.0,0.3,0.116,3,45,0.0,0.061224489795918366,44,7,128,0,44,25|17|5,hub_localized,1225
fully-connected,50,0.01,0.02,0.0,0.2,0.1,3.0,0.3,0.116,4,46,0.0,0.061224489795918366,43,7,128,0,43,24|17|6,hub_localized,1225
fully-connected,50,0.01,0.02,0.0,0.2,0.1,3.0,0.3,0.116,5,47,0.0,0.061224489795918366,42,7,128,0,42,22|17|7,hub_localized,1225
fully-connected,50,0.01,0.02,0.0,0.2,0.1,3.0,0.3,0.116,6,48,0.0,0.061224489795918366,41,7,128,0,41,22|17|8,hub_localized,1225
fully-connected,50,0.01,0.02,0.0,0.2,0.1,3.0,0.3,0.116,7,49,0.0,0.061224489795918366,40,7,128,0,40,20|17|9,hub_localized,1225
fully-connected,50,0.01,0.02,0.0,0.2,0.1,3.0,0.3,0.116,8,50,0.0,0.061224489795918366,39,7,128,0,39,20|17|10,hub_localized,1225
fully-connected,50,0.01,0.02,0.0,0.2,0.1,3.0,0.3,0.116,9,51,0.0,0.061224489795918366,38,7,128,0,38,19|17|11,hub_localized,1225
fully-connected,50,0.01,0.02,0.0,0.2,0.1,3.0,0.3,0.116,10,52,0.0,0.061224489795918366,37,7,128,0,37,18|17|12,hub_localized,1225
fully-connected,50,0.01,0.02,0.0,0.2,0.1,3.0,0.3,0.116,11,53,0.0,0.061224489795918366,36,7,128,0,36,16|17|13,hub_localized,1225
fully-connected,50,0.01,0.02,0.0,0.2,0.1,3.0,0.3,0.116,12,54,0.0,0.061224489795918366,35,7,128,0,35,16|17|14,hub_localized,1225
fully-connected,50,0.01,0.02,0.0,0.2,0.1,3.0,0.3,0.116,13,55,0.0,0.061224489795918366,34,7,128,0,34,14|17|15,hub_localized,1225
fully-connected,50,0.01,0.02,0.0,0.2,0.1,3.0,0.3,0.116,14,56,0.0,0.061224489795918366,33,7,128,0,33,14|17|16,hub_localized,1225
fully-connected,50,0.01,0.02,0.0,0.2,0.1,3.0,0.3,0.116,15,57,0.0,0.061224489795918366,32,7,128,0,32,12|17|17,hub_localized,1225
fully-connected,50,0.01,0.02,0.0,0.2,0.1,3.0,0.3,0.116,16,58,0.0,0.061224489795918366,31,7,128,0,31,12|17|18,hub_localized,1225
fully-connected,50,0.01,0.02,0.0,0.2,0.1,3.0,0.3,0.116,17,59,0.0,0.061224489795918366,30,7,128,0,30,10|17|19,hub_localized,1225
fully-connected,50,0.01,0.02,0.0,0.2,0.1,3.0,0.3,0.116,18,60,0.0,0.061224489795918366,29,7,128,0,29,10|17|20,hub_localized,1225
fully-connected,50,0.01,0.02,0.0,0.2,0.1,3.0,0.3,0.116,19,61,0.0,0.061224489795918366,28,7,128,0,28,9|17|21,hub_localized,1225
fully-connected,50,0.01,0.02,0.0,0.2,0.1,3.0,0.3,0.116,20,62,0.0,0.061224489795918366,27,7,128,0,27,8|17|22,hub_localized,1225
fully-connected,50,0.01,0.02,0.0,0.2,0.1,3.0,0.3,0.116,21,63,0.0,0.061224489795918366,26,7,128,0,26,7|17|23,hub_localized,1225
fully-connected,50,0.01,0.02,0.0,0.2,0.1,3.0,0.3,0.116,22,64,0.0,0.08163265306122448,49,7,1,0,49,6|17|23,hub_localized,1225
fully-connected,50,0.01,0.02,0.0,0.2,0.1,3.0,0.3,0.116,23,65,0.0,0.08163265306122448,48,7,4,0,48,5|17|23|1,hub_localized,1225
fully-connected,50,0.01,0.02,0.0,0.2,0.1,3.0,0.3,0.116,24,66,0.0,0.061224489795918366,23,7,128,0,23,4|17|26,hub_localized,1225
fully-connected,50,0.01,0.02,0.0,0.2,0.1,3.0,0.3,0.116,25,67,0.0,0.08163265306122448,46,7,1,0,46,2|17|23|3,hub_localized,1225
fully-connected,50,0.01,0.02,0.0,0.2,0.1,3.0,0.3,0.116,26,68,0.0,0.08163265306122448,45,7,1,0,45,1|17|23|4,hub_localized,1225
fully-connected,50,0.01,0.02,0.0,0.2,0.1,3.0,0.3,0.116,27,69,0.0,0.08163265306122448,44,7,1,0,44,1|17|23|5,hub_localized,1225
fully-connected,50,0.01,0.02,0.0,0.2,0.1,3.0,0.3,0.116,28,70,0.0,0.061224489795918366,43,7,1,0,43,17|23|6,hub_localized,1225
fully-connected,50,0.01,0.02,0.0,0.2,0.1,3.0,0.3,0.116,29,71,0.0,0.04081632653061224,18,7,128,0,18,16|31,hub_localized,1225
fully-connected,50,0.01,0.02,0.0,0.2,0.1,3.0,0.3,0.116,30,72,0.0,0.061224489795918366,41,7,1,0,41,16|23|8,hub_localized,1225
fully-connected,50,0.01,0.02,0.0,0.2,0.1,3.0,0.3,0.116,31,73,0.0,0.061224489795918366,40,7,4,0,40,15|23|9,hub_localized,1225
fully-connected,50,0.01,0.02,0.0,0.2,0.1,3.0,0.3,0.116,32,74,0.0,0.061224489795918366,39,7,1,0,39,14|23|10,hub_localized,1225
fully-connected,50,0.01,0.02,0.0,0.2,0.1,3.0,0.3,0.116,33,75,0.0,0.061224489795918366,38,7,1,0,38,12|23|11,hub_localized,1225
fully-connected,50,0.01,0.02,0.0,0.2,0.1,3.0,0.3,0.116,34,76,0.0,0.061224489795918366,37,7,1,0,37,12|23|12,hub_localized,1225
fully-connected,50,0.01,0.02,0.0,0.2,0.1,3.0,0.3,0.116,35,77,0.0,0.061224489795918366,36,7,1,0,36,11|23|13,hub_localized,1225
fully-connected,50,0.01,0.02,0.0,0.2,0.1,3.0,0.3,0.116,36,78,0.0,0.061224489795918366,35,7,1,0,35,10|23|14,hub_localized,1225
fully-connected,50,0.01,0.02,0.0,0.2,0.1,3.0,0.3,0.116,37,79,0.0,0.08163265306122448,49,7,1,0,49,9|23|14,hub_localized,1225
fully-connected,50,0.01,0.02,0.0,0.2,0.1,3.0,0.3,0.116,38,80,0.0,0.061224489795918366,48,7,113,0,48,8|38|1,hub_localized,1225
fully-connected,50,0.01,0.02,0.0,0.2,0.1,3.0,0.3,0.116,39,81,0.0,0.08163265306122448,47,7,1,0,47,7|23|14|2,hub_localized,1225
fully-connected,50,0.01,0.02,0.0,0.2,0.1,3.0,0.3,0.116,40,82,0.0,0.061224489795918366,46,7,113,0,46,5|38|3,hub_localized,1225
fully-connected,50,0.01,0.02,0.0,0.2,0.1,3.0,0.3,0.116,41,83,0.0,0.08163265306122448,45,7,1,0,45,5|23|14|4,hub_localized,1225
fully-connected,50,0.01,0.02,0.0,0.2,0.1,3.0,0.3,0.116,42,84,0.0,0.08163265306122448,44,7,4,0,44,3|23|14|5,hub_localized,1225
fully-connected,50,0.01,0.02,0.0,0.2,0.1,3.0,0.3,0.116,43,85,0.0,0.08163265306122448,43,7,1,0,43,2|23|14|6,hub_localized,1225
fully-connected,50,0.01,0.02,0.0,0.2,0.1,3.0,0.3,0.116,44,86,0.0,0.08163265306122448,42,7,4,0,42,2|23|14|7,hub_localized,1225
fully-connected,50,0.01,0.02,0.0,0.2,0.1,3.0,0.3,0.116,45,87,0.0,0.08163265306122448,41,7,1,0,41,1|23|14|8,hub_localized,1225
fully-connected,50,0.01,0.02,0.0,0.2,0.1,3.0,0.3,0.116,46,88,0.0,0.04081632653061224,40,4,113,0,40,38|9,hub_localized,1225
fully-connected,50,0.01,0.02,0.0,0.2,0.1,3.0,0.3,0.116,47,89,0.0,0.04081632653061224,39,4,3,0,39,23|14|10,hub_localized,1225
fully-connected,50,0.01,0.02,0.0,0.2,0.1,3.0,0.3,0.116,48,90,0.0,0.061224489795918366,49,7,1,0,49,23|14|10,hub_localized,1225
fully-connected,50,0.01,0.02,0.0,0.2,0.1,3.0,0.3,0.116,49,91,0.0,0.061224489795918366,48,7,1,0,48,22|14|10|1,hub_localized,1225
fully-connected,50,0.01,0.02,0.0,0.2,0.1,3.0,0.3,0.118,0,42,0.0,0.061224489795918366,47,7,128,0,47,27|17|2,hub_localized,1225
fully-connected,50,0.01,0.02,0.0,0.2,0.1,3.0,0.3,0.118,1,43,0.0,0.061224489795918366,46,7,128,0,46,26|17|3,hub_localized,1225
fully-connected,50,0.01,0.02,0.0,0.2,0.1,3.0,0.3,0.118,2,44,0.0,0.061224489795918366,45,7,128,0,45,26|17|4,hub_localized,1225
fully-connected,50,0.01,0.02,0.0,0.2,0.1,3.0,0.3,0.118,3,45,0.0,0.061224489795918366,44,7,128,0,44,25|17|5,hub_localized,1225
fully-connected,50,0.01,0.02,0.0,0.2,0.1,3.0,0.3,0.118,4,46,0.0,0.061224489795918366,43,7,128,0,43,24|17|6,hub_localized,1225
fully-connected,50,0.01,0.02,0.0,0.2,0.1,3.0,0.3,0.118,5,47,0.0,0.061224489795918366,42,7,128,0,42,22|17|7,hub_localized,1225
fully-connected,50,0.01,0.02,0.0,0.2,0.1,3.0,0.3,0.118,6,48,0.0,0.061224489795918366,41,7,128,0,41,22|17|8,hub_localized,1225
fully-connected,50,0.01,0.02,0.0,0.2,0.1,3.0,0.3,0.118,7,49,0.0,0.061224489795918366,40,7,128,0,40,20|17|9,hub_localized,1225
fully-connected,50,0.01,0.02,0.0,0.2,0.1,3.0,0.3,0.118,8,50,0.0,0.061224489795918366,39,7,128,0,39,20|17|10,hub_localized,1225
fully-connected,50,0.01,0.02,0.0,0.2,0.1,3.0,0.3,0.118,9,51,0.0,0.061224489795918366,38,7,128,0,38,19|17|11,hub_localized,1225
fully-connected,50,0.01,0.02,0.0,0.2,0.1,3.0,0.3,0.118,10,52,0.0,0.061224489795918366,37,7,128,0,37,18|17|12,hub_localized,1225
fully-connected,50,0.01,0.02,0.0,0.2,0.1,3.0,0.3,0.118,11,53,0.0,0.061224489795918366,36,7,128,0,36,16|17|13,hub_localized,1225
fully-connected,50,0.01,0.02,0.0,0.2,0.1,3.0,0.3,0.118,12,54,0.0,0.061224489795918366,35,7,128,0,35,16|17|14,hub_localized,1225
fully-connected,50,0.01,0.02,0.0,0.2,0.1,3.0,0.3,0.118,13,55,0.0,0.061224489795918366,34,7,128,0,34,14|17|15,hub_localized,1225
fully-connected,50,0.01,0.02,0.0,0.2,0.1,3.0,0.3,0.118,14,56,0.0,0.061224489795918366,33,7,128,0,33,14|17|16,hub_localized,1225
fully-connected,50,0.01,0.02,0.0,0.2,0.1,3.0,0.3,0.118,15,57,0.0,0.061224489795918366,32,7,128,0,32,12|17|17,hub_localized,1225
fully-connected,50,0.01,0.02,0.0,0.2,0.1,3.0,0.3,0.118,16,58,0.0,0.061224489795918366,31,7,128,0,31,12|17|18,hub_localized,1225
fully-connected,50,0.01,0.02,0.0,0.2,0.1,3.0,0.3,0.118,17,59,0.0,0.061224489795918366,30,7,128,0,30,10|17|19,hub_localized,1225
fully-connected,50,0.01,0.02,0.0,0.2,0.1,3.0,0.3,0.118,18,60,0.0,0.061224489795918366,29,7,128,0,29,10|17|20,hub_localized,1225
fully-connected,50,0.01,0.02,0.0,0.2,0.1,3.0,0.3,0.118,19,61,0.0,0.061224489795918366,28,7,128,0,28,9|17|21,hub_localized,1225
fully-connected,50,0.01,0.02,0.0,0.2,0.1,3.0,0.3,0.118,20,62,0.0,0.061224489795918366,27,7,128,0,27,8|17|22,hub_localized,1225
fully-connected,50,0.01,0.02,0.0,0.2,0.1,3.0,0.3,0.118,21,63,0.0,0.061224489795918366,26,7,128,0,26,7|17|23,hub_localized,1225
fully-connected,50,0.01,0.02,0.0,0.2,0.1,3.0,0.3,0.118,22,64,0.0,0.08163265306122448,49,7,1,0,49,6|17|23,hub_localized,1225
fully-connected,50,0.01,0.02,0.0,0.2,0.1,3.0,0.3,0.118,23,65,0.0,0.061224489795918366,24,7,128,0,24,5|17|25,hub_localized,1225
fully-connected,50,0.01,0.02,0.0,0.2,0.1,3.0,0.3,0.118,24,66,0.0,0.061224489795918366,23,7,128,0,23,4|17|26,hub_localized,1225
fully-connected,50,0.01,0.02,0.0,0.2,0.1,3.0,0.3,0.118,25,67,0.0,0.08163265306122448,46,7,1,0,46,2|17|23|3,hub_localized,1225
fully-connected,50,0.01,0.02,0.0,0.2,0.1,3.0,0.3,0.118,26,68,0.0,0.08163265306122448,45,7,1,0,45,1|17|23|4,hub_localized,1225
fully-connected,50,0.01,0.02,0.0,0.2,0.1,3.0,0.3,0.118,27,69,0.0,0.08163265306122448,44,7,1,0,44,1|17|23|5,hub_localized,1225
fully-connected,50,0.01,0.02,0.0,0.2,0.1,3.0,0.3,0.118,28,70,0.0,0.061224489795918366,43,7,1,0,43,17|23|6,hub_localized,1225
fully-connected,50,0.01,0.02,0.0,0.2,0.1,3.0,0.3,0.118,29,71,0.0,0.04081632653061224,18,7,128,0,18,16|31,hub_localized,1225
fully-connected,50,0.01,0.02,0.0,0.2,0.1,3.0,0.3,0.118,30,72,0.0,0.061224489795918366,41,7,1,0,41,16|23|8,hub_localized,1225
fully-connected,50,0.01,0.02,0.0,0.2,0.1,3.0,0.3,0.118,31,73,0.0,0.061224489795918366,40,7,4,0,40,15|23|9,hub_localized,1225
fully-connected,50,0.01,0.02,0.0,0.2,0.1,3.0,0.3,0.118,32,74,0.0,0.061224489795918366,39,7,1,0,39,14|23|10,hub_localized,1225
fully-connected,50,0.01,0.02,0.0,0.2,0.1,3.0,0.3,0.118,33,75,0.0,0.061224489795918366,38,7,1,0,38,12|23|11,hub_localized,1225
fully-connected,50,0.01,0.02,0.0,0.2,0.1,3.0,0.3,0.118,34,76,0.0,0.061224489795918366,37,7,1,0,37,12|23|12,hub_localized,1225
fully-connected,50,0.01,0.02,0.0,0.2,0.1,3.0,0.3,0.118,35,77,0.0,0.061224489795918366,36,7,1,0,36,11|23|13,hub_localized,1225
fully-connected,50,0.01,0.02,0.0,0.2,0.1,3.0,0.3,0.118,36,78,0.0,0.061224489795918366,35,7,1,0,35,10|23|14,hub_localized,1225
fully-connected,50,0.01,0.02,0.0,0.2,0.1,3.0,0.3,0.118,37,79,0.0,0.08163265306122448,49,7,1,0,49,9|23|14,hub_localized,1225
fully-connected,50,0.01,0.02,0.0,0.2,0.1,3.0,0.3,0.118,38,80,0.0,0.061224489795918366,48,7,113,0,48,8|38|1,hub_localized,1225
fully-connected,50,0.01,0.02,0.0,0.2,0.1,3.0,0.3,0.118,39,81,0.0,0.08163265306122448,47,7,1,0,47,7|23|14|2,hub_localized,1225
fully-connected,50,0.01,0.02,0.0,0.2,0.1,3.0,0.3,0.118,40,82,0.0,0.061224489795918366,46,7,113,0,46,5|38|3,hub_localized,1225
fully-connected,50,0.01,0.02,0.0,0.2,0.1,3.0,0.3,0.118,41,83,0.0,0.08163265306122448,45,7,1,0,45,5|23|14|4,hub_localized,1225
fully-connected,50,0.01,0.02,0.0,0.2,0.1,3.0,0.3,0.118,42,84,0.0,0.08163265306122448,44,7,4,0,44,3|23|14|5,hub_localized,1225
fully-connected,50,0.01,0.02,0.0,0.2,0.1,3.0,0.3,0.118,43,85,0.0,0.08163265306122448,43,7,1,0,43,2|23|14|6,hub_localized,1225
fully-connected,50,0.01,0.02,0.0,0.2,0.1,3.0,0.3,0.118,44,86,0.0,0.08163265306122448,42,7,4,0,42,2|23|14|7,hub_localized,1225
fully-connected,50,0.01,0.02,0.0,0.2,0.1,3.0,0.3,0.118,45,87,0.0,0.08163265306122448,41,7,1,0,41,1|23|14|8,hub_localized,1225
fully-connected,50,0.01,0.02,0.0,0.2,0.1,3.0,0.3,0.118,46,88,0.0,0.04081632653061224,40,4,113,0,40,38|9,hub_localized,1225
fully-connected,50,0.01,0.02,0.0,0.2,0.1,3.0,0.3,0.118,47,89,0.0,0.04081632653061224,39,4,3,0,39,23|14|10,hub_localized,1225
fully-connected,50,0.01,0.02,0.0,0.2,0.1,3.0,0.3,0.118,48,90,0.0,0.061224489795918366,49,7,1,0,49,23|14|10,hub_localized,1225
fully-connected,50,0.01,0.02,0.0,0.2,0.1,3.0,0.3,0.118,49,91,0.0,0.061224489795918366,48,7,1,0,48,22|14|10|1,hub_localized,1225
fully-connected,50,0.01,0.02,0.0,0.2,0.1,3.0,0.3,0.12,0,42,0.0,0.061224489795918366,47,7,128,0,47,27|17|2,hub_localized,1225
fully-connected,50,0.01,0.02,0.0,0.2,0.1,3.0,0.3,0.12,1,43,0.0,0.061224489795918366,46,7,128,0,46,26|17|3,hub_localized,1225
fully-connected,50,0.01,0.02,0.0,0.2,0.1,3.0,0.3,0.12,2,44,0.0,0.061224489795918366,45,7,128,0,45,26|17|4,hub_localized,1225
fully-connected,50,0.01,0.02,0.0,0.2,0.1,3.0,0.3,0.12,3,45,0.0,0.061224489795918366,44,7,128,0,44,25|17|5,hub_localized,1225
fully-connected,50,0.01,0.02,0.0,0.2,0.1,3.0,0.3,0.12,4,46,0.0,0.061224489795918366,43,7,128,0,43,24|17|6,hub_localized,1225
fully-connected,50,0.01,0.02,0.0,0.2,0.1,3.0,0.3,0.12,5,47,0.0,0.061224489795918366,42,7,128,0,42,22|17|7,hub_localized,1225
fully-connected,50,0.01,0.02,0.0,0.2,0.1,3.0,0.3,0.12,6,48,0.0,0.061224489795918366,41,7,128,0,41,22|17|8,hub_localized,1225
fully-connected,50,0.01,0.02,0.0,0.2,0.1,3.0,0.3,0.12,7,49,0.0,0.061224489795918366,40,7,128,0,40,20|17|9,hub_localized,1225
fully-connected,50,0.01,0.02,0.0,0.2,0.1,3.0,0.3,0.12,8,50,0.0,0.061224489795918366,39,7,128,0,39,20|17|10,hub_localized,1225
fully-connected,50,0.01,0.02,0.0,0.2,0.1,3.0,0.3,0.12,9,51,0.0,0.061224489795918366,38,7,128,0,38,19|17|11,hub_localized,1225
fully-connected,50,0.01,0.02,0.0,0.2,0.1,3.0,0.3,0.12,10,52,0.0,0.061224489795918366,37,7,128,0,37,18|17|12,hub_localized,1225
fully-connected,50,0.01,0.02,0.0,0.2,0.1,3.0,0.3,0.12,11,53,0.0,0.061224489795918366,36,7,128,0,36,16|17|13,hub_localized,1225
fully-connected,50,0.01,0.02,0.0,0.2,0.1,3.0,0.3,0.12,12,54,0.0,0.061224489795918366,35,7,128,0,35,16|17|14,hub_localized,1225
fully-connected,50,0.01,0.02,0.0,0.2,0.1,3.0,0.3,0.12,13,55,0.0,0.061224489795918366,34,7,128,0,34,14|17|15,hub_localized,1225
fully-connected,50,0.01,0.02,0.0,0.2,0.1,3.0,0.3,0.12,14,56,0.0,0.061224489795918366,33,7,128,0,33,14|17|16,hub_localized,1225
fully-connected,50,0.01,0.02,0.0,0.2,0.1,3.0,0.3,0.12,15,57,0.0,0.061224489795918366,32,7,128,0,32,12|17|17,hub_localized,1225
fully-connected,50,0.01,0.02,0.0,0.2,0.1,3.0,0.3,0.12,16,58,0.0,0.061224489795918366,31,7,128,0,31,12|17|18,hub_localized,1225
fully-connected,50,0.01,0.02,0.0,0.2,0.1,3.0,0.3,0.12,17,59,0.0,0.061224489795918366,30,7,128,0,30,10|17|19,hub_localized,1225
fully-connected,50,0.01,0.02,0.0,0.2,0.1,3.0,0.3,0.12,18,60,0.0,0.061224489795918366,29,7,128,0,29,10|17|20,hub_localized,1225
fully-connected,50,0.01,0.02,0.0,0.2,0.1,3.0,0.3,0.12,19,61,0.0,0.061224489795918366,28,7,128,0,28,9|17|21,hub_localized,1225
fully-connected,50,0.01,0.02,0.0,0.2,0.1,3.0,0.3,0.12,20,62,0.0,0.061224489795918366,27,7,128,0,27,8|17|22,hub_localized,1225
fully-connected,50,0.01,0.02,0.0,0.2,0.1,3.0,0.3,0.12,21,63,0.0,0.061224489795918366,26,7,128,0,26,7|17|23,hub_localized,1225
fully-connected,50,0.01,0.02,0.0,0.2,0.1,3.0,0.3,0.12,22,64,0.0,0.08163265306122448,49,7,1,0,49,6|17|23,hub_localized,1225
fully-connected,50,0.01,0.02,0.0,0.2,0.1,3.0,0.3,0.12,23,65,0.0,0.061224489795918366,24,7,128,0,24,5|17|25,hub_localized,1225
fully-connected,50,0.01,0.02,0.0,0.2,0.1,3.0,0.3,0.12,24,66,0.0,0.061224489795918366,23,7,128,0,23,4|17|26,hub_localized,1225
fully-connected,50,0.01,0.02,0.0,0.2,0.1,3.0,0.3,0.12,25,67,0.0,0.08163265306122448,46,7,1,0,46,2|17|23|3,hub_localized,1225
fully-connected,50,0.01,0.02,0.0,0.2,0.1,3.0,0.3,0.12,26,68,0.0,0.08163265306122448,45,7,1,0,45,1|17|23|4,hub_localized,1225
fully-connected,50,0.01,0.02,0.0,0.2,0.1,3.0,0.3,0.12,27,69,0.0,0.08163265306122448,44,7,1,0,44,1|17|23|5,hub_localized,1225
fully-connected,50,0.01,0.02,0.0,0.2,0.1,3.0,0.3,0.12,28,70,0.0,0.061224489795918366,43,7,1,0,43,17|23|6,hub_localized,1225
fully-connected,50,0.01,0.02,0.0,0.2,0.1,3.0,0.3,0.12,29,71,0.0,0.04081632653061224,18,7,128,0,18,16|31,hub_localized,1225
fully-connected,50,0.01,0.02,0.0,0.2,0.1,3.0,0.3,0.12,30,72,0.0,0.061224489795918366,41,7,1,0,41,16|23|8,hub_localized,1225
fully-connected,50,0.01,0.02,0.0,0.2,0.1,3.0,0.3,0.12,31,73,0.0,0.061224489795918366,40,7,4,0,40,15|23|9,hub_localized,1225
fully-connected,50,0.01,0.02,0.0,0.2,0.1,3.0,0.3,0.12,32,74,0.0,0.061224489795918366,39,7,1,0,39,14|23|10,hub_localized,1225
fully-connected,50,0.01,0.02,0.0,0.2,0.1,3.0,0.3,0.12,33,75,0.0,0.061224489795918366,38,7,1,0,38,12|23|11,hub_localized,1225
fully-connected,50,0.01,0.02,0.0,0.2,0.1,3.0,0.3,0.12,34,76,0.0,0.061224489795918366,37,7,1,0,37,12|23|12,hub_localized,1225
fully-connected,50,0.01,0.02,0.0,0.2,0.1,3.0,0.3,0.12,35,77,0.0,0.061224489795918366,36,7,1,0,36,11|23|13,hub_localized,1225
fully-connected,50,0.01,0.02,0.0,0.2,0.1,3.0,0.3,0.12,36,78,0.0,0.061224489795918366,35,7,1,0,35,10|23|14,hub_localized,1225
fully-connected,50,0.01,0.02,0.0,0.2,0.1,3.0,0.3,0.12,37,79,0.0,0.08163265306122448,49,7,1,0,49,9|23|14,hub_localized,1225
fully-connected,50,0.01,0.02,0.0,0.2,0.1,3.0,0.3,0.12,38,80,0.0,0.061224489795918366,48,7,113,0,48,8|38|1,hub_localized,1225
fully-connected,50,0.01,0.02,0.0,0.2,0.1,3.0,0.3,0.12,39,81,0.0,0.08163265306122448,47,7,1,0,47,7|23|14|2,hub_localized,1225
fully-connected,50,0.01,0.02,0.0,0.2,0.1,3.0,0.3,0.12,40,82,0.0,0.061224489795918366,46,7,113,0,46,5|38|3,hub_localized,1225
fully-connected,50,0.01,0.02,0.0,0.2,0.1,3.0,0.3,0.12,41,83,0.0,0.08163265306122448,45,7,1,0,45,5|23|14|4,hub_localized,1225
fully-connected,50,0.01,0.02,0.0,0.2,0.1,3.0,0.3,0.12,42,84,0.0,0.061224489795918366,44,7,113,0,44,3|38|5,hub_localized,1225
fully-connected,50,0.01,0.02,0.0,0.2,0.1,3.0,0.3,0.12,43,85,0.0,0.08163265306122448,43,7,1,0,43,2|23|14|6,hub_localized,1225
fully-connected,50,0.01,0.02,0.0,0.2,0.1,3.0,0.3,0.12,44,86,0.0,0.061224489795918366,42,7,113,0,42,2|38|7,hub_localized,1225
fully-connected,50,0.01,0.02,0.0,0.2,0.1,3.0,0.3,0.12,45,87,0.0,0.08163265306122448,41,7,1,0,41,1|23|14|8,hub_localized,1225
fully-connected,50,0.01,0.02,0.0,0.2,0.1,3.0,0.3,0.12,46,88,0.0,0.04081632653061224,40,4,113,0,40,38|9,hub_localized,1225
fully-connected,50,0.01,0.02,0.0,0.2,0.1,3.0,0.3,0.12,47,89,0.0,0.04081632653061224,39,4,3,0,39,23|14|10,hub_localized,1225
fully-connected,50,0.01,0.02,0.0,0.2,0.1,3.0,0.3,0.12,48,90,0.0,0.061224489795918366,49,7,1,0,49,23|14|10,hub_localized,1225
fully-connected,50,0.01,0.02,0.0,0.2,0.1,3.0,0.3,0.12,49,91,0.0,0.061224489795918366,48,7,1,0,48,22|14|10|1,hub_localized,1225
fully-connected,50,0.01,0.03,0.0,0.2,0.1,3.0,0.3,0.09,0,42,0.0,0.14285714285714285,46,8,5,0,46,3|4|5|12|4|1|10|3,hub_localized,1225
fully-connected,50,0.01,0.03,0.0,0.2,0.1,3.0,0.3,0.09,1,43,0.0,0.14285714285714285,45,8,6,0,45,2|4|5|12|4|1|10|4,hub_localized,1225
fully-connected,50,0.01,0.03,0.0,0.2,0.1,3.0,0.3,0.09,2,44,0.0,0.14285714285714285,44,8,5,0,44,2|4|5|12|4|1|10|5,hub_localized,1225
fully-connected,50,0.01,0.03,0.0,0.2,0.1,3.0,0.3,0.09,3,45,0.0,0.14285714285714285,43,8,4,0,43,1|4|5|12|4|1|10|6,hub_localized,1225
fully-connected,50,0.01,0.03,0.0,0.2,0.1,3.0,0.3,0.09,4,46,0.0,0.14285714285714285,49,8,5,0,49,4|5|12|4|1|10|6,hub_localized,1225
fully-connected,50,0.01,0.03,0.0,0.2,0.1,3.0,0.3,0.09,5,47,0.0,0.14285714285714285,48,8,6,0,48,3|5|12|4|1|10|6|1,hub_localized,1225
fully-connected,50,0.01,0.03,0.0,0.2,0.1,3.0,0.3,0.09,6,48,0.0,0.14285714285714285,47,8,5,0,47,3|5|12|4|1|10|6|2,hub_localized,1225
fully-connected,50,0.01,0.03,0.0,0.2,0.1,3.0,0.3,0.09,7,49,0.0,0.14285714285714285,46,8,5,0,46,1|5|12|4|1|10|6|3,hub_localized,1225
fully-connected,50,0.01,0.03,0.0,0.2,0.1,3.0,0.3,0.09,8,50,0.0,0.14285714285714285,45,8,5,0,45,1|5|12|4|1|10|6|4,hub_localized,1225
fully-connected,50,0.01,0.03,0.0,0.2,0.1,3.0,0.3,0.09,9,51,0.0,0.10204081632653061,44,8,102,0,44,18|4|1|10|6|5,hub_localized,1225
fully-connected,50,0.01,0.03,0.0,0.2,0.1,3.0,0.3,0.09,10,52,0.0,0.10204081632653061,43,8,102,0,43,17|4|1|10|6|6,hub_localized,1225
fully-connected,50,0.01,0.03,0.0,0.2,0.1,3.0,0.3,0.09,11,53,0.0,0.12244897959183673,42,8,6,0,42,3|12|4|1|10|6|7,hub_localized,1225
fully-connected,50,0.01,0.03,0.0,0.2,0.1,3.0,0.3,0.09,12,54,0.0,0.10204081632653061,41,8,102,0,41,16|4|1|10|6|8,hub_localized,1225
fully-connected,50,0.01,0.03,0.0,0.2,0.1,3.0,0.3,0.09,13,55,0.0,0.10204081632653061,40,8,102,0,40,14|4|1|10|6|9,hub_localized,1225
fully-connected,50,0.01,0.03,0.0,0.2,0.1,3.0,0.3,0.09,14,56,0.0,0.12244897959183673,39,8,6,0,39,1|12|4|1|10|6|10,hub_localized,1225
fully-connected,50,0.01,0.03,0.0,0.2,0.1,3.0,0.3,0.09,15,57,0.0,0.10204081632653061,38,8,102,0,38,12|4|1|10|6|11,hub_localized,1225
fully-connected,50,0.01,0.03,0.0,0.2,0.1,3.0,0.3,0.09,16,58,0.0,0.10204081632653061,37,8,102,0,37,12|4|1|10|6|12,hub_localized,1225
fully-connected,50,0.01,0.03,0.0,0.2,0.1,3.0,0.3,0.09,17,59,0.0,0.10204081632653061,36,8,102,0,36,10|4|1|10|6|13,hub_localized,1225
fully-connected,50,0.01,0.03,0.0,0.2,0.1,3.0,0.3,0.09,18,60,0.0,0.10204081632653061,35,8,102,0,35,10|4|1|10|6|14,hub_localized,1225
fully-connected,50,0.01,0.03,0.0,0.2,0.1,3.0,0.3,0.09,19,61,0.0,0.10204081632653061,34,8,102,0,34,9|4|1|10|6|15,hub_localized,1225
fully-connected,50,0.01,0.03,0.0,0.2,0.1,3.0,0.3,0.09,20,62,0.0,0.10204081632653061,33,8,102,0,33,8|4|1|10|6|16,hub_localized,1225
fully-connected,50,0.01,0.03,0.0,0.2,0.1,3.0,0.3,0.09,21,63,0.0,0.10204081632653061,32,8,102,0,32,7|4|1|10|6|17,hub_localized,1225
fully-connected,50,0.01,0.03,0.0,0.2,0.1,3.0,0.3,0.09,22,64,0.0,0.12244897959183673,49,8,1,0,49,6|4|1|10|6|17,hub_localized,1225
fully-connected,50,0.01,0.03,0.0,0.2,0.1,3.0,0.3,0.09,23,65,0.0,0.12244897959183673,48,8,4,0,48,5|4|1|10|6|17|1,hub_localized,1225
fully-connected,50,0.01,0.03,0.0,0.2,0.1,3.0,0.3,0.09,24,66,0.0,0.12244897959183673,47,8,4,0,47,4|4|1|10|6|17|2,hub_localized,1225
fully-connected,50,0.01,0.03,0.0,0.2,0.1,3.0,0.3,0.09,25,67,0.0,0.12244897959183673,46,8,1,0,46,2|4|1|10|6|17|3,hub_localized,1225
fully-connected,50,0.01,0.03,0.0,0.2,0.1,3.0,0.3,0.09,26,68,0.0,0.12244897959183673,45,8,1,0,45,1|4|1|10|6|17|4,hub_localized,1225
fully-connected,50,0.01,0.03,0.0,0.2,0.1,3.0,0.3,0.09,27,69,0.0,0.12244897959183673,44,8,1,0,44,1|4|1|10|6|17|5,hub_localized,1225
fully-connected,50,0.01,0.03,0.0,0.2,0.1,3.0,0.3,0.09,28,70,0.0,0.10204081632653061,43,8,1,0,43,4|1|10|6|17|6,hub_localized,1225
fully-connected,50,0.01,0.03,0.0,0.2,0.1,3.0,0.3,0.09,29,71,0.0,0.10204081632653061,42,8,4,0,42,3|1|10|6|17|7,hub_localized,1225
fully-connected,50,0.01,0.03,0.0,0.2,0.1,3.0,0.3,0.09,30,72,0.0,0.10204081632653061,41,8,1,0,41,2|1|10|6|17|8,hub_localized,1225
fully-connected,50,0.01,0.03,0.0,0.2,0.1,3.0,0.3,0.09,31,73,0.0,0.10204081632653061,40,8,3,0,40,2|1|10|6|17|9,hub_localized,1225
fully-connected,50,0.01,0.03,0.0,0.2,0.1,3.0,0.3,0.09,32,74,0.0,0.10204081632653061,39,8,1,0,39,1|10|6|17|10,hub_localized,1225
fully-connected,50,0.01,0.03,0.0,0.2,0.1,3.0,0.3,0.09,33,75,0.0,0.08163265306122448,38,8,1,0,38,1|10|6|17|11,hub_localized,1225
fully-connected,50,0.01,0.03,0.0,0.2,0.1,3.0,0.3,0.09,34,76,0.0,0.08163265306122448,37,8,1,0,37,1|10|6|17|12,hub_localized,1225
fully-connected,50,0.01,0.03,0.0,0.2,0.1,3.0,0.3,0.09,35,77,0.0,0.061224489795918366,36,8,1,0,36,10|6|17|13,hub_localized,1225
fully-connected,50,0.01,0.03,0.0,0.2,0.1,3.0,0.3,0.09,36,78,0.0,0.061224489795918366,35,8,1,0,35,9|6|17|14,hub_localized,1225
fully-connected,50,0.01,0.03,0.0,0.2,0.1,3.0,0.3,0.09,37,79,0.0,0.08163265306122448,49,8,1,0,49,9|6|17|14,hub_localized,1225
fully-connected,50,0.01,0.03,0.0,0.2,0.1,3.0,0.3,0.09,38,80,0.0,0.061224489795918366,48,8,113,0,48,8|6|32|1,hub_localized,1225
fully-connected,50,0.01,0.03,0.0,0.2,0.1,3.0,0.3,0.09,39,81,0.0,0.08163265306122448,47,8,1,0,47,7|6|17|14|2,hub_localized,1225
fully-connected,50,0.01,0.03,0.0,0.2,0.1,3.0,0.3,0.09,40,82,0.0,0.08163265306122448,46,8,4,0,46,5|6|17|14|3,hub_localized,1225
fully-connected,50,0.01,0.03,0.0,0.2,0.1,3.0,0.3,0.09,41,83,0.0,0.08163265306122448,45,8,1,0,45,5|6|17|14|4,hub_localized,1225
fully-connected,50,0.01,0.03,0.0,0.2,0.1,3.0,0.3,0.09,42,84,0.0,0.08163265306122448,44,8,4,0,44,3|6|17|14|5,hub_localized,1225
fully-connected,50,0.01,0.03,0.0,0.2,0.1,3.0,0.3,0.09,43,85,0.0,0.08163265306122448,43,8,1,0,43,2|6|17|14|6,hub_localized,1225
fully-connected,50,0.01,0.03,0.0,0.2,0.1,3.0,0.3,0.09,44,86,0.0,0.08163265306122448,42,8,4,0,42,2|6|17|14|7,hub_localized,1225
fully-connected,50,0.01,0.03,0.0,0.2,0.1,3.0,0.3,0.09,45,87,0.0,0.08163265306122448,41,8,1,0,41,1|6|17|14|8,hub_localized,1225
fully-connected,50,0.01,0.03,0.0,0.2,0.1,3.0,0.3,0.09,46,88,0.0,0.04081632653061224,40,5,113,0,40,6|32|9,hub_localized,1225
fully-connected,50,0.01,0.03,0.0,0.2,0.1,3.0,0.3,0.09,47,89,0.0,0.061224489795918366,39,5,3,0,39,5|17|14|10,hub_localized,1225
fully-connected,50,0.01,0.03,0.0,0.2,0.1,3.0,0.3,0.09,48,90,0.0,0.08163265306122448,49,8,1,0,49,4|17|14|10,hub_localized,1225
fully-connected,50,0.01,0.03,0.0,0.2,0.1,3.0,0.3,0.09,49,91,0.0,0.08163265306122448,48,8,1,0,48,4|17|14|10|1,hub_localized,1225
fully-connected,50,0.01,0.03,0.0,0.2,0.1,3.0,0.3,0.092,0,42,0.0,0.14285714285714285,46,8,5,0,46,3|4|5|12|4|1|10|3,hub_localized,1225
fully-connected,50,0.01,0.03,0.0,0.2,0.1,3.0,0.3,0.092,1,43,0.0,0.12244897959183673,45,8,45,0,45,2|4|18|4|1|10|4,hub_localized,1225
fully-connected,50,0.01,0.03,0.0,0.2,0.1,3.0,0.3,0.092,2,44,0.0,0.14285714285714285,44,8,5,0,44,2|4|5|12|4|1|10|5,hub_localized,1225
fully-connected,50,0.01,0.03,0.0,0.2,0.1,3.0,0.3,0.092,3,45,0.0,0.14285714285714285,43,8,4,0,43,1|4|5|12|4|1|10|6,hub_localized,1225
fully-connected,50,0.01,0.03,0.0,0.2,0.1,3.0,0.3,0.092,4,46,0.0,0.14285714285714285,49,8,5,0,49,4|5|12|4|1|10|6,hub_localized,1225
fully-connected,50,0.01,0.03,0.0,0.2,0.1,3.0,0.3,0.092,5,47,0.0,0.14285714285714285,48,8,6,0,48,3|5|12|4|1|10|6|1,hub_localized,1225
fully-connected,50,0.01,0.03,0.0,0.2,0.1,3.0,0.3,0.092,6,48,0.0,0.14285714285714285,47,8,5,0,47,3|5|12|4|1|10|6|2,hub_localized,1225
fully-connected,50,0.01,0.03,0.0,0.2,0.1,3.0,0.3,0.092,7,49,0.0,0.14285714285714285,46,8,5,0,46,1|5|12|4|1|10|6|3,hub_localized,1225
fully-connected,50,0.01,0.03,0.0,0.2,0.1,3.0,0.3,0.092,8,50,0.0,0.14285714285714285,45,8,5,0,45,1|5|12|4|1|10|6|4,hub_localized,1225
fully-connected,50,0.01,0.03,0.0,0.2,0.1,3.0,0.3,0.092,9,51,0.0,0.10204081632653061,44,8,102,0,44,18|4|1|10|6|5,hub_localized,1225
fully-connected,50,0.01,0.03,0.0,0.2,0.1,3.0,0.3,0.092,10,52,0.0,0.10204081632653061,43,8,102,0,43,17|4|1|10|6|6,hub_localized,1225
fully-connected,50,0.01,0.03,0.0,0.2,0.1,3.0,0.3,0.092,11,53,0.0,0.12244897959183673,42,8,6,0,42,3|12|4|1|10|6|7,hub_localized,1225
fully-connected,50,0.01,0.03,0.0,0.2,0.1,3.0,0.3,0.092,12,54,0.0,0.10204081632653061,41,8,102,0,41,16|4|1|10|6|8,hub_localized,1225
fully-connected,50,0.01,0.03,0.0,0.2,0.1,3.0,0.3,0.092,13,55,0.0,0.10204081632653061,40,8,102,0,40,14|4|1|10|6|9,hub_localized,1225
fully-connected,50,0.01,0.03,0.0,0.2,0.1,3.0,0.3,0.092,14,56,0.0,0.12244897959183673,39,8,6,0,39,1|12|4|1|10|6|10,hub_localized,1225
fully-connected,50,0.01,0.03,0.0,0.2,0.1,3.0,0.3,0.092,15,57,0.0,0.10204081632653061,38,8,102,0,38,12|4|1|10|6|11,hub_localized,1225
fully-connected,50,0.01,0.03,0.0,0.2,0.1,3.0,0.3,0.092,16,58,0.0,0.10204081632653061,37,8,102,0,37,12|4|1|10|6|12,hub_localized,1225
fully-connected,50,0.01,0.03,0.0,0.2,0.1,3.0,0.3,0.092,17,59,0.0,0.10204081632653061,36,8,102,0,36,10|4|1|10|6|13,hub_localized,1225
fully-connected,50,0.01,0.03,0.0,0.2,0.1,3.0,0.3,0.092,18,60,0.0,0.10204081632653061,35,8,102,0,35,10|4|1|10|6|14,hub_localized,1225
fully-connected,50,0.01,0.03,0.0,0.2,0.1,3.0,0.3,0.092,19,61,0.0,0.10204081632653061,34,8,102,0,34,9|4|1|10|6|15,hub_localized,1225
fully-connected,50,0.01,0.03,0.0,0.2,0.1,3.0,0.3,0.092,20,62,0.0,0.10204081632653061,33,8,102,0,33,8|4|1|10|6|16,hub_localized,1225
fully-connected,50,0.01,0.03,0.0,0.2,0.1,3.0,0.3,0.092,21,63,0.0,0.10204081632653061,32,8,102,0,32,7|4|1|10|6|17,hub_localized,1225
fully-connected,50,0.01,0.03,0.0,0.2,0.1,3.0,0.3,0.092,22,64,0.0,0.12244897959183673,49,8,1,0,49,6|4|1|10|6|17,hub_localized,1225
fully-connected,50,0.01,0.03,0.0,0.2,0.1,3.0,0.3,0.092,23,65,0.0,0.12244897959183673,48,8,4,0,48,5|4|1|10|6|17|1,hub_localized,1225
fully-connected,50,0.01,0.03,0.0,0.2,0.1,3.0,0.3,0.092,24,66,0.0,0.12244897959183673,47,8,4,0,47,4|4|1|10|6|17|2,hub_localized,1225
fully-connected,50,0.01,0.03,0.0,0.2,0.1,3.0,0.3,0.092,25,67,0.0,0.12244897959183673,46,8,1,0,46,2|4|1|10|6|17|3,hub_localized,1225
fully-connected,50,0.01,0.03,0.0,0.2,0.1,3.0,0.3,0.092,26,68,0.0,0.12244897959183673,45,8,1,0,45,1|4|1|10|6|17|4,hub_localized,1225
fully-connected,50,0.01,0.03,0.0,0.2,0.1,3.0,0.3,0.092,27,69,0.0,0.12244897959183673,44,8,1,0,44,1|4|1|10|6|17|5,hub_localized,1225
fully-connected,50,0.01,0.03,0.0,0.2,0.1,3.0,0.3,0.092,28,70,0.0,0.10204081632653061,43,8,1,0,43,4|1|10|6|17|6,hub_localized,1225
fully-connected,50,0.01,0.03,0.0,0.2,0.1,3.0,0.3,0.092,29,71,0.0,0.10204081632653061,42,8,4,0,42,3|1|10|6|17|7,hub_localized,1225
fully-connected,50,0.01,0.03,0.0,0.2,0.1,3.0,0.3,0.092,30,72,0.0,0.10204081632653061,41,8,1,0,41,2|1|10|6|17|8,hub_localized,1225
fully-connected,50,0.01,0.03,0.0,0.2,0.1,3.0,0.3,0.092,31,73,0.0,0.10204081632653061,40,8,3,0,40,2|1|10|6|17|9,hub_localized,1225
fully-connected,50,0.01,0.03,0.0,0.2,0.1,3.0,0.3,0.092,32,74,0.0,0.10204081632653061,39,8,1,0,39,1|10|6|17|10,hub_localized,1225
fully-connected,50,0.01,0.03,0.0,0.2,0.1,3.0,0.3,0.092,33,75,0.0,0.08163265306122448,38,8,1,0,38,1|10|6|17|11,hub_localized,1225
fully-connected,50,0.01,0.03,0.0,0.2,0.1,3.0,0.3,0.092,34,76,0.0,0.08163265306122448,37,8,1,0,37,1|10|6|17|12,hub_localized,1225
fully-connected,50,0.01,0.03,0.0,0.2,0.1,3.0,0.3,0.092,35,77,0.0,0.061224489795918366,36,8,1,0,36,10|6|17|13,hub_localized,1225
fully-connected,50,0.01,0.03,0.0,0.2,0.1,3.0,0.3,0.092,36,78,0.0,0.061224489795918366,35,8,1,0,35,9|6|17|14,hub_localized,1225
fully-connected,50,0.01,0.03,0.0,0.2,0.1,3.0,0.3,0.092,37,79,0.0,0.08163265306122448,49,8,1,0,49,9|6|17|14,hub_localized,1225
fully-connected,50,0.01,0.03,0.0,0.2,0.1,3.0,0.3,0.092,38,80,0.0,0.061224489795918366,48,8,113,0,48,8|6|32|1,hub_localized,1225
fully-connected,50,0.01,0.03,0.0,0.2,0.1,3.0,0.3,0.092,39,81,0.0,0.08163265306122448,47,8,1,0,47,7|6|17|14|2,hub_localized,1225
fully-connected,50,0.01,0.03,0.0,0.2,0.1,3.0,0.3,0.092,40,82,0.0,0.08163265306122448,46,8,4,0,46,5|6|17|14|3,hub_localized,1225
fully-connected,50,0.01,0.03,0.0,0.2,0.1,3.0,0.3,0.092,41,83,0.0,0.08163265306122448,45,8,1,0,45,5|6|17|14|4,hub_localized,1225
fully-connected,50,0.01,0.03,0.0,0.2,0.1,3.0,0.3,0.092,42,84,0.0,0.08163265306122448,44,8,4,0,44,3|6|17|14|5,hub_localized,1225
fully-connected,50,0.01,0.03,0.0,0.2,0.1,3.0,0.3,0.092,43,85,0.0,0.08163265306122448,43,8,1,0,43,2|6|17|14|6,hub_localized,1225
fully-connected,50,0.01,0.03,0.0,0.2,0.1,3.0,0.3,0.092,44,86,0.0,0.08163265306122448,42,8,4,0,42,2|6|17|14|7,hub_localized,1225
fully-connected,50,0.01,0.03,0.0,0.2,0.1,3.0,0.3,0.092,45,87,0.0,0.08163265306122448,41,8,1,0,41,1|6|17|14|8,hub_localized,1225
fully-connected,50,0.01,0.03,0.0,0.2,0.1,3.0,0.3,0.092,46,88,0.0,0.04081632653061224,40,5,113,0,40,6|32|9,hub_localized,1225
fully-connected,50,0.01,0.03,0.0,0.2,0.1,3.0,0.3,0.092,47,89,0.0,0.061224489795918366,39,5,3,0,39,5|17|14|10,hub_localized,1225
fully-connected,50,0.01,0.03,0.0,0.2,0.1,3.0,0.3,0.092,48,90,0.0,0.08163265306122448,49,8,1,0,49,4|17|14|10,hub_localized,1225
fully-connected,50,0.01,0.03,0.0,0.2,0.1,3.0,0.3,0.092,49,91,0.0,0.08163265306122448,48,8,1,0,48,4|17|14|10|1,hub_localized,1225
fully-connected,50,0.01,0.03,0.0,0.2,0.1,3.0,0.3,0.094,0,42,0.0,0.14285714285714285,46,8,5,0,46,3|10|9|2|4|1|10|3,hub_localized,1225
fully-connected,50,0.01,0.03,0.0,0.2,0.1,3.0,0.3,0.094,1,43,0.0,0.10204081632653061,45,8,45,0,45,2|23|4|1|10|4,hub_localized,1225
fully-connected,50,0.01,0.03,0.0,0.2,0.1,3.0,0.3,0.094,2,44,0.0,0.12244897959183673,44,8,5,0,44,2|10|12|4|1|10|5,hub_localized,1225
fully-connected,50,0.01,0.03,0.0,0.2,0.1,3.0,0.3,0.094,3,45,0.0,0.14285714285714285,43,8,5,0,43,1|10|9|2|4|1|10|6,hub_localized,1225
fully-connected,50,0.01,0.03,0.0,0.2,0.1,3.0,0.3,0.094,4,46,0.0,0.14285714285714285,49,8,5,0,49,10|9|2|4|1|10|6,hub_localized,1225
fully-connected,50,0.01,0.03,0.0,0.2,0.1,3.0,0.3,0.094,5,47,0.0,0.12244897959183673,48,8,48,0,48,19|2|4|1|10|6|1,hub_localized,1225
fully-connected,50,0.01,0.03,0.0,0.2,0.1,3.0,0.3,0.094,6,48,0.0,0.12244897959183673,47,8,5,0,47,9|12|4|1|10|6|2,hub_localized,1225
fully-connected,50,0.01,0.03,0.0,0.2,0.1,3.0,0.3,0.094,7,49,0.0,0.12244897959183673,46,8,6,0,46,7|12|4|1|10|6|3,hub_localized,1225
fully-connected,50,0.01,0.03,0.0,0.2,0.1,3.0,0.3,0.094,8,50,0.0,0.12244897959183673,45,8,6,0,45,7|12|4|1|10|6|4,hub_localized,1225
fully-connected,50,0.01,0.03,0.0,0.2,0.1,3.0,0.3,0.094,9,51,0.0,0.12244897959183673,44,8,48,0,44,15|2|4|1|10|6|5,hub_localized,1225
fully-connected,50,0.01,0.03,0.0,0.2,0.1,3.0,0.3,0.094,10,52,0.0,0.12244897959183673,43,8,48,0,43,14|2|4|1|10|6|6,hub_localized,1225
fully-connected,50,0.01,0.03,0.0,0.2,0.1,3.0,0.3,0.094,11,53,0.0,0.14285714285714285,42,8,6,0,42,3|9|2|4|1|10|6|7,hub_localized,1225
fully-connected,50,0.01,0.03,0.0,0.2,0.1,3.0,0.3,0.094,12,54,0.0,0.12244897959183673,41,8,48,0,41,13|2|4|1|10|6|8,hub_localized,1225
fully-connected,50,0.01,0.03,0.0,0.2,0.1,3.0,0.3,0.094,13,55,0.0,0.12244897959183673,40,8,48,0,40,11|2|4|1|10|6|9,hub_localized,1225
fully-connected,50,0.01,0.03,0.0,0.2,0.1,3.0,0.3,0.094,14,56,0.0,0.12244897959183673,39,8,48,0,39,11|2|4|1|10|6|10,hub_localized,1225
fully-connected,50,0.01,0.03,0.0,0.2,0.1,3.0,0.3,0.094,15,57,0.0,0.12244897959183673,38,8,48,0,38,9|2|4|1|10|6|11,hub_localized,1225
fully-connected,50,0.01,0.03,0.0,0.2,0.1,3.0,0.3,0.094,16,58,0.0,0.12244897959183673,37,8,48,0,37,9|2|4|1|10|6|12,hub_localized,1225
fully-connected,50,0.01,0.03,0.0,0.2,0.1,3.0,0.3,0.094,17,59,0.0,0.12244897959183673,36,8,48,0,36,7|2|4|1|10|6|13,hub_localized,1225
fully-connected,50,0.01,0.03,0.0,0.2,0.1,3.0,0.3,0.094,18,60,0.0,0.12244897959183673,35,8,48,0,35,7|2|4|1|10|6|14,hub_localized,1225
fully-connected,50,0.01,0.03,0.0,0.2,0.1,3.0,0.3,0.094,19,61,0.0,0.12244897959183673,34,8,48,0,34,6|2|4|1|10|6|15,hub_localized,1225
fully-connected,50,0.01,0.03,0.0,0.2,0.1,3.0,0.3,0.094,20,62,0.0,0.12244897959183673,33,8,48,0,33,5|2|4|1|10|6|16,hub_localized,1225
fully-connected,50,0.01,0.03,0.0,0.2,0.1,3.0,0.3,0.094,21,63,0.0,0.12244897959183673,32,8,48,0,32,4|2|4|1|10|6|17,hub_localized,1225
fully-connected,50,0.01,0.03,0.0,0.2,0.1,3.0,0.3,0.094,22,64,0.0,0.14285714285714285,49,8,1,0,49,3|2|4|1|10|6|17,hub_localized,1225
fully-connected,50,0.01,0.03,0.0,0.2,0.1,3.0,0.3,0.094,23,65,0.0,0.14285714285714285,48,8,4,0,48,2|2|4|1|10|6|17|1,hub_localized,1225
fully-connected,50,0.01,0.03,0.0,0.2,0.1,3.0,0.3,0.094,24,66,0.0,0.14285714285714285,47,8,4,0,47,1|2|4|1|10|6|17|2,hub_localized,1225
fully-connected,50,0.01,0.03,0.0,0.2,0.1,3.0,0.3,0.094,25,67,0.0,0.12244897959183673,46,8,1,0,46,2|4|1|10|6|17|3,hub_localized,1225
fully-connected,50,0.01,0.03,0.0,0.2,0.1,3.0,0.3,0.094,26,68,0.0,0.12244897959183673,45,8,1,0,45,1|4|1|10|6|17|4,hub_localized,1225
fully-connected,50,0.01,0.03,0.0,0.2,0.1,3.0,0.3,0.094,27,69,0.0,0.12244897959183673,44,8,1,0,44,1|4|1|10|6|17|5,hub_localized,1225
fully-connected,50,0.01,0.03,0.0,0.2,0.1,3.0,0.3,0.094,28,70,0.0,0.10204081632653061,43,8,1,0,43,4|1|10|6|17|6,hub_localized,1225
fully-connected,50,0.01,0.03,0.0,0.2,0.1,3.0,0.3,0.094,29,71,0.0,0.10204081632653061,42,8,4,0,42,3|1|10|6|17|7,hub_localized,1225
fully-connected,50,0.01,0.03,0.0,0.2,0.1,3.0,0.3,0.094,30,72,0.0,0.10204081632653061,41,8,1,0,41,2|1|10|6|17|8,hub_localized,1225
fully-connected,50,0.01,0.03,0.0,0.2,0.1,3.0,0.3,0.094,31,73,0.0,0.10204081632653061,40,8,3,0,40,2|1|10|6|17|9,hub_localized,1225
fully-connected,50,0.01,0.03,0.0,0.2,0.1,3.0,0.3,0.094,32,74,0.0,0.10204081632653061,39,8,1,0,39,1|10|6|17|10,hub_localized,1225
fully-connected,50,0.01,0.03,0.0,0.2,0.1,3.0,0.3,0.094,33,75,0.0,0.08163265306122448,38,8,1,0,38,1|10|6|17|11,hub_localized,1225
fully-connected,50,0.01,0.03,0.0,0.2,0.1,3.0,0.3,0.094,34,76,0.0,0.08163265306122448,37,8,1,0,37,1|10|6|17|12,hub_localized,1225
fully-connected,50,0.01,0.03,0.0,0.2,0.1,3.0,0.3,0.094,35,77,0.0,0.061224489795918366,36,8,1,0,36,10|6|17|13,hub_localized,1225
fully-connected,50,0.01,0.03,0.0,0.2,0.1,3.0,0.3,0.094,36,78,0.0,0.061224489795918366,35,8,1,0,35,9|6|17|14,hub_localized,1225
fully-connected,50,0.01,0.03,0.0,0.2,0.1,3.0,0.3,0.094,37,79,0.0,0.08163265306122448,49,8,1,0,49,9|6|17|14,hub_localized,1225
fully-connected,50,0.01,0.03,0.0,0.2,0.1,3.0,0.3,0.094,38,80,0.0,0.061224489795918366,48,8,113,0,48,8|6|32|1,hub_localized,1225
fully-connected,50,0.01,0.03,0.0,0.2,0.1,3.0,0.3,0.094,39,81,0.0,0.08163265306122448,47,8,1,0,47,7|6|17|14|2,hub_localized,1225
fully-connected,50,0.01,0.03,0.0,0.2,0.1,3.0,0.3,0.094,40,82,0.0,0.08163265306122448,46,8,4,0,46,5|6|17|14|3,hub_localized,1225
fully-connected,50,0.01,0.03,0.0,0.2,0.1,3.0,0.3,0.094,41,83,0.0,0.08163265306122448,45,8,1,0,45,5|6|17|14|4,hub_localized,1225
fully-connected,50,0.01,0.03,0.0,0.2,0.1,3.0,0.3,0.094,42,84,0.0,0.08163265306122448,44,8,4,0,44,3|6|17|14|5,hub_localized,1225
fully-connected,50,0.01,0.03,0.0,0.2,0.1,3.0,0.3,0.094,43,85,0.0,0.08163265306122448,43,8,1,0,43,2|6|17|14|6,hub_localized,1225
fully-connected,50,0.01,0.03,0.0,0.2,0.1,3.0,0.3,0.094,44,86,0.0,0.08163265306122448,42,8,4,0,42,2|6|17|14|7,hub_localized,1225
fully-connected,50,0.01,0.03,0.0,0.2,0.1,3.0,0.3,0.094,45,87,0.0,0.08163265306122448,41,8,1,0,41,1|6|17|14|8,hub_localized,1225
fully-connected,50,0.01,0.03,0.0,0.2,0.1,3.0,0.3,0.094,46,88,0.0,0.04081632653061224,40,4,113,0,40,6|32|9,hub_localized,1225
fully-connected,50,0.01,0.03,0.0,0.2,0.1,3.0,0.3,0.094,47,89,0.0,0.061224489795918366,39,5,3,0,39,5|17|14|10,hub_localized,1225
fully-connected,50,0.01,0.03,0.0,0.2,0.1,3.0,0.3,0.094,48,90,0.0,0.08163265306122448,49,8,1,0,49,4|17|14|10,hub_localized,1225
fully-connected,50,0.01,0.03,0.0,0.2,0.1,3.0,0.3,0.094,49,91,0.0,0.08163265306122448,48,8,1,0,48,4|17|14|10|1,hub_localized,1225
fully-connected,50,0.01,0.03,0.0,0.2,0.1,3.0,0.3,0.096,0,42,0.0,0.12244897959183673,47,8,5,0,47,3|10|12|6|10|2,hub_localized,1225
fully-connected,50,0.01,0.03,0.0,0.2,0.1,3.0,0.3,0.096,1,43,0.0,0.10204081632653061,46,8,45,0,46,2|23|6|10|3,hub_localized,1225
fully-connected,50,0.01,0.03,0.0,0.2,0.1,3.0,0.3,0.096,2,44,0.0,0.12244897959183673,45,8,5,0,45,2|10|12|6|10|4,hub_localized,1225
fully-connected,50,0.01,0.03,0.0,0.2,0.1,3.0,0.3,0.096,3,45,0.0,0.12244897959183673,44,8,5,0,44,1|10|12|6|10|5,hub_localized,1225
fully-connected,50,0.01,0.03,0.0,0.2,0.1,3.0,0.3,0.096,4,46,0.0,0.12244897959183673,49,8,5,0,49,10|12|6|10|5,hub_localized,1225
fully-connected,50,0.01,0.03,0.0,0.2,0.1,3.0,0.3,0.096,5,47,0.0,0.10204081632653061,48,8,102,0,48,22|6|10|5|1,hub_localized,1225
fully-connected,50,0.01,0.03,0.0,0.2,0.1,3.0,0.3,0.096,6,48,0.0,0.12244897959183673,47,8,5,0,47,9|12|6|10|5|2,hub_localized,1225
fully-connected,50,0.01,0.03,0.0,0.2,0.1,3.0,0.3,0.096,7,49,0.0,0.12244897959183673,46,8,6,0,46,7|12|6|10|5|3,hub_localized,1225
fully-connected,50,0.01,0.03,0.0,0.2,0.1,3.0,0.3,0.096,8,50,0.0,0.12244897959183673,45,8,6,0,45,7|12|6|10|5|4,hub_localized,1225
fully-connected,50,0.01,0.03,0.0,0.2,0.1,3.0,0.3,0.096,9,51,0.0,0.10204081632653061,44,8,102,0,44,19|6|10|5|5,hub_localized,1225
fully-connected,50,0.01,0.03,0.0,0.2,0.1,3.0,0.3,0.096,10,52,0.0,0.10204081632653061,43,8,102,0,43,17|6|10|5|6,hub_localized,1225
fully-connected,50,0.01,0.03,0.0,0.2,0.1,3.0,0.3,0.096,11,53,0.0,0.10204081632653061,42,8,102,0,42,16|6|10|5|7,hub_localized,1225
fully-connected,50,0.01,0.03,0.0,0.2,0.1,3.0,0.3,0.096,12,54,0.0,0.10204081632653061,41,8,102,0,41,16|6|10|5|8,hub_localized,1225
fully-connected,50,0.01,0.03,0.0,0.2,0.1,3.0,0.3,0.096,13,55,0.0,0.10204081632653061,40,8,102,0,40,14|6|10|5|9,hub_localized,1225
fully-connected,50,0.01,0.03,0.0,0.2,0.1,3.0,0.3,0.096,14,56,0.0,0.10204081632653061,39,8,102,0,39,14|6|10|5|10,hub_localized,1225
fully-connected,50,0.01,0.03,0.0,0.2,0.1,3.0,0.3,0.096,15,57,0.0,0.10204081632653061,38,8,102,0,38,12|6|10|5|11,hub_localized,1225
fully-connected,50,0.01,0.03,0.0,0.2,0.1,3.0,0.3,0.096,16,58,0.0,0.10204081632653061,37,8,102,0,37,12|6|10|5|12,hub_localized,1225
fully-connected,50,0.01,0.03,0.0,0.2,0.1,3.0,0.3,0.096,17,59,0.0,0.10204081632653061,36,8,102,0,36,10|6|10|5|13,hub_localized,1225
fully-connected,50,0.01,0.03,0.0,0.2,0.1,3.0,0.3,0.096,18,60,0.0,0.10204081632653061,35,8,102,0,35,10|6|10|5|14,hub_localized,1225
fully-connected,50,0.01,0.03,0.0,0.2,0.1,3.0,0.3,0.096,19,61,0.0,0.10204081632653061,34,8,102,0,34,9|6|10|5|15,hub_localized,1225
fully-connected,50,0.01,0.03,0.0,0.2,0.1,3.0,0.3,0.096,20,62,0.0,0.10204081632653061,33,8,102,0,33,8|6|10|5|16,hub_localized,1225
fully-connected,50,0.01,0.03,0.0,0.2,0.1,3.0,0.3,0.096,21,63,0.0,0.10204081632653061,32,8,102,0,32,7|6|10|5|17,hub_localized,1225
fully-connected,50,0.01,0.03,0.0,0.2,0.1,3.0,0.3,0.096,22,64,0.0,0.12244897959183673,49,8,1,0,49,6|6|10|5|17,hub_localized,1225
fully-connected,50,0.01,0.03,0.0,0.2,0.1,3.0,0.3,0.096,23,65,0.0,0.12244897959183673,48,8,4,0,48,5|6|10|5|17|1,hub_localized,1225
fully-connected,50,0.01,0.03,0.0,0.2,0.1,3.0,0.3,0.096,24,66,0.0,0.12244897959183673,47,8,4,0,47,4|6|10|5|17|2,hub_localized,1225
fully-connected,50,0.01,0.03,0.0,0.2,0.1,3.0,0.3,0.096,25,67,0.0,0.12244897959183673,46,8,1,0,46,2|6|10|5|17|3,hub_localized,1225
fully-connected,50,0.01,0.03,0.0,0.2,0.1,3.0,0.3,0.096,26,68,0.0,0.12244897959183673,45,8,1,0,45,1|6|10|5|17|4,hub_localized,1225
fully-connected,50,0.01,0.03,0.0,0.2,0.1,3.0,0.3,0.096,27,69,0.0,0.12244897959183673,44,8,1,0,44,1|6|10|5|17|5,hub_localized,1225
fully-connected,50,0.01,0.03,0.0,0.2,0.1,3.0,0.3,0.096,28,70,0.0,0.10204081632653061,43,8,1,0,43,6|10|5|17|6,hub_localized,1225
fully-connected,50,0.01,0.03,0.0,0.2,0.1,3.0,0.3,0.096,29,71,0.0,0.10204081632653061,42,8,4,0,42,5|10|5|17|7,hub_localized,1225
fully-connected,50,0.01,0.03,0.0,0.2,0.1,3.0,0.3,0.096,30,72,0.0,0.10204081632653061,41,8,1,0,41,4|10|5|17|8,hub_localized,1225
fully-connected,50,0.01,0.03,0.0,0.2,0.1,3.0,0.3,0.096,31,73,0.0,0.10204081632653061,40,8,3,0,40,4|10|5|17|9,hub_localized,1225
fully-connected,50,0.01,0.03,0.0,0.2,0.1,3.0,0.3,0.096,32,74,0.0,0.10204081632653061,39,8,1,0,39,2|10|5|17|10,hub_localized,1225
fully-connected,50,0.01,0.03,0.0,0.2,0.1,3.0,0.3,0.096,33,75,0.0,0.10204081632653061,38,8,1,0,38,1|10|5|17|11,hub_localized,1225
fully-connected,50,0.01,0.03,0.0,0.2,0.1,3.0,0.3,0.096,34,76,0.0,0.10204081632653061,37,8,1,0,37,1|10|5|17|12,hub_localized,1225
fully-connected,50,0.01,0.03,0.0,0.2,0.1,3.0,0.3,0.096,35,77,0.0,0.08163265306122448,36,8,1,0,36,10|5|17|13,hub_localized,1225
fully-connected,50,0.01,0.03,0.0,0.2,0.1,3.0,0.3,0.096,36,78,0.0,0.08163265306122448,35,8,1,0,35,9|5|17|14,hub_localized,1225
fully-connected,50,0.01,0.03,0.0,0.2,0.1,3.0,0.3,0.096,37,79,0.0,0.10204081632653061,49,8,1,0,49,9|5|17|14,hub_localized,1225
fully-connected,50,0.01,0.03,0.0,0.2,0.1,3.0,0.3,0.096,38,80,0.0,0.08163265306122448,48,8,113,0,48,8|5|32|1,hub_localized,1225
fully-connected,50,0.01,0.03,0.0,0.2,0.1,3.0,0.3,0.096,39,81,0.0,0.10204081632653061,47,8,1,0,47,7|5|17|14|2,hub_localized,1225
fully-connected,50,0.01,0.03,0.0,0.2,0.1,3.0,0.3,0.096,40,82,0.0,0.10204081632653061,46,8,4,0,46,5|5|17|14|3,hub_localized,1225
fully-connected,50,0.01,0.03,0.0,0.2,0.1,3.0,0.3,0.096,41,83,0.0,0.10204081632653061,45,8,1,0,45,5|5|17|14|4,hub_localized,1225
fully-connected,50,0.01,0.03,0.0,0.2,0.1,3.0,0.3,0.096,42,84,0.0,0.10204081632653061,44,8,4,0,44,3|5|17|14|5,hub_localized,1225
fully-connected,50,0.01,0.03,0.0,0.2,0.1,3.0,0.3,0.096,43,85,0.0,0.10204081632653061,43,8,1,0,43,2|5|17|14|6,hub_localized,1225
fully-connected,50,0.01,0.03,0.0,0.2,0.1,3.0,0.3,0.096,44,86,0.0,0.10204081632653061,42,8,4,0,42,2|5|17|14|7,hub_localized,1225
fully-connected,50,0.01,0.03,0.0,0.2,0.1,3.0,0.3,0.096,45,87,0.0,0.10204081632653061,41,8,1,0,41,1|5|17|14|8,hub_localized,1225
fully-connected,50,0.01,0.03,0.0,0.2,0.1,3.0,0.3,0.096,46,88,0.0,0.061224489795918366,40,4,113,0,40,5|32|9,hub_localized,1225
fully-connected,50,0.01,0.03,0.0,0.2,0.1,3.0,0.3,0.096,47,89,0.0,0.061224489795918366,39,5,3,0,39,5|17|14|10,hub_localized,1225
fully-connected,50,0.01,0.03,0.0,0.2,0.1,3.0,0.3,0.096,48,90,0.0,0.08163265306122448,49,7,1,0,49,4|17|14|10,hub_localized,1225
fully-connected,50,0.01,0.03,0.0,0.2,0.1,3.0,0.3,0.096,49,91,0.0,0.08163265306122448,48,8,1,0,48,4|17|14|10|1,hub_localized,1225
fully-connected,50,0.01,0.03,0.0,0.2,0.1,3.0,0.3,0.098,0,42,0.0,0.12244897959183673,47,8,5,0,47,3|10|12|6|10|2,hub_localized,1225
fully-connected,50,0.01,0.03,0.0,0.2,0.1,3.0,0.3,0.098,1,43,0.0,0.10204081632653061,46,8,45,0,46,2|23|6|10|3,hub_localized,1225
fully-connected,50,0.01,0.03,0.0,0.2,0.1,3.0,0.3,0.098,2,44,0.0,0.12244897959183673,45,8,5,0,45,2|10|12|6|10|4,hub_localized,1225
fully-connected,50,0.01,0.03,0.0,0.2,0.1,3.0,0.3,0.098,3,45,0.0,0.12244897959183673,44,8,5,0,44,1|10|12|6|10|5,hub_localized,1225
fully-connected,50,0.01,0.03,0.0,0.2,0.1,3.0,0.3,0.098,4,46,0.0,0.12244897959183673,49,8,5,0,49,10|12|6|10|5,hub_localized,1225
fully-connected,50,0.01,0.03,0.0,0.2,0.1,3.0,0.3,0.098,5,47,0.0,0.10204081632653061,48,8,102,0,48,22|6|10|5|1,hub_localized,1225
fully-connected,50,0.01,0.03,0.0,0.2,0.1,3.0,0.3,0.098,6,48,0.0,0.12244897959183673,47,8,5,0,47,9|12|6|10|5|2,hub_localized,1225
fully-connected,50,0.01,0.03,0.0,0.2,0.1,3.0,0.3,0.098,7,49,0.0,0.10204081632653061,46,8,102,0,46,20|6|10|5|3,hub_localized,1225
fully-connected,50,0.01,0.03,0.0,0.2,0.1,3.0,0.3,0.098,8,50,0.0,0.12244897959183673,45,8,6,0,45,7|12|6|10|5|4,hub_localized,1225
fully-connected,50,0.01,0.03,0.0,0.2,0.1,3.0,0.3,0.098,9,51,0.0,0.10204081632653061,44,8,102,0,44,19|6|10|5|5,hub_localized,1225
fully-connected,50,0.01,0.03,0.0,0.2,0.1,3.0,0.3,0.098,10,52,0.0,0.10204081632653061,43,8,102,0,43,17|6|10|5|6,hub_localized,1225
fully-connected,50,0.01,0.03,0.0,0.2,0.1,3.0,0.3,0.098,11,53,0.0,0.10204081632653061,42,8,102,0,42,16|6|10|5|7,hub_localized,1225
fully-connected,50,0.01,0.03,0.0,0.2,0.1,3.0,0.3,0.098,12,54,0.0,0.10204081632653061,41,8,102,0,41,16|6|10|5|8,hub_localized,1225
fully-connected,50,0.01,0.03,0.0,0.2,0.1,3.0,0.3,0.098,13,55,0.0,0.10204081632653061,40,8,102,0,40,14|6|10|5|9,hub_localized,1225
fully-connected,50,0.01,0.03,0.0,0.2,0.1,3.0,0.3,0.098,14,56,0.0,0.10204081632653061,39,8,102,0,39,14|6|10|5|10,hub_localized,1225
fully-connected,50,0.01,0.03,0.0,0.2,0.1,3.0,0.3,0.098,15,57,0.0,0.10204081632653061,38,8,102,0,38,12|6|10|5|11,hub_localized,1225
fully-connected,50,0.01,0.03,0.0,0.2,0.1,3.0,0.3,0.098,16,58,0.0,0.10204081632653061,37,8,102,0,37,12|6|10|5|12,hub_localized,1225
fully-connected,50,0.01,0.03,0.0,0.2,0.1,3.0,0.3,0.098,17,59,0.0,0.10204081632653061,36,8,102,0,36,10|6|10|5|13,hub_localized,1225
fully-connected,50,0.01,0.03,0.0,0.2,0.1,3.0,0.3,0.098,18,60,0.0,0.10204081632653061,35,8,102,0,35,10|6|10|5|14,hub_localized,1225
fully-connected,50,0.01,0.03,0.0,0.2,0.1,3.0,0.3,0.098,19,61,0.0,0.10204081632653061,34,8,102,0,34,9|6|10|5|15,hub_localized,1225
fully-connected,50,0.01,0.03,0.0,0.2,0.1,3.0,0.3,0.098,20,62,0.0,0.10204081632653061,33,8,102,0,33,8|6|10|5|16,hub_localized,1225
fully-connected,50,0.01,0.03,0.0,0.2,0.1,3.0,0.3,0.098,21,63,0.0,0.10204081632653061,32,8,102,0,32,7|6|10|5|17,hub_localized,1225
fully-connected,50,0.01,0.03,0.0,0.2,0.1,3.0,0.3,0.098,22,64,0.0,0.12244897959183673,49,8,1,0,49,6|6|10|5|17,hub_localized,1225
fully-connected,50,0.01,0.03,0.0,0.2,0.1,3.0,0.3,0.098,23,65,0.0,0.12244897959183673,48,8,4,0,48,5|6|10|5|17|1,hub_localized,1225
fully-connected,50,0.01,0.03,0.0,0.2,0.1,3.0,0.3,0.098,24,66,0.0,0.12244897959183673,47,8,4,0,47,4|6|10|5|17|2,hub_localized,1225
fully-connected,50,0.01,0.03,0.0,0.2,0.1,3.0,0.3,0.098,25,67,0.0,0.12244897959183673,46,8,1,0,46,2|6|10|5|17|3,hub_localized,1225
fully-connected,50,0.01,0.03,0.0,0.2,0.1,3.0,0.3,0.098,26,68,0.0,0.12244897959183673,45,8,1,0,45,1|6|10|5|17|4,hub_localized,1225
fully-connected,50,0.01,0.03,0.0,0.2,0.1,3.0,0.3,0.098,27,69,0.0,0.12244897959183673,44,8,1,0,44,1|6|10|5|17|5,hub_localized,1225
fully-connected,50,0.01,0.03,0.0,0.2,0.1,3.0,0.3,0.098,28,70,0.0,0.10204081632653061,43,8,1,0,43,6|10|5|17|6,hub_localized,1225
fully-connected,50,0.01,0.03,0.0,0.2,0.1,3.0,0.3,0.098,29,71,0.0,0.10204081632653061,42,8,4,0,42,5|10|5|17|7,hub_localized,1225
fully-connected,50,0.01,0.03,0.0,0.2,0.1,3.0,0.3,0.098,30,72,0.0,0.10204081632653061,41,8,1,0,41,4|10|5|17|8,hub_localized,1225
fully-connected,50,0.01,0.03,0.0,0.2,0.1,3.0,0.3,0.098,31,73,0.0,0.10204081632653061,40,8,3,0,40,4|10|5|17|9,hub_localized,1225
fully-connected,50,0.01,0.03,0.0,0.2,0.1,3.0,0.3,0.098,32,74,0.0,0.10204081632653061,39,8,1,0,39,2|10|5|17|10,hub_localized,1225
fully-connected,50,0.01,0.03,0.0,0.2,0.1,3.0,0.3,0.098,33,75,0.0,0.10204081632653061,38,8,1,0,38,1|10|5|17|11,hub_localized,1225
fully-connected,50,0.01,0.03,0.0,0.2,0.1,3.0,0.3,0.098,34,76,0.0,0.10204081632653061,37,8,1,0,37,1|10|5|17|12,hub_localized,1225
fully-connected,50,0.01,0.03,0.0,0.2,0.1,3.0,0.3,0.098,35,77,0.0,0.08163265306122448,36,8,1,0,36,10|5|17|13,hub_localized,1225
fully-connected,50,0.01,0.03,0.0,0.2,0.1,3.0,0.3,0.098,36,78,0.0,0.08163265306122448,35,8,1,0,35,9|5|17|14,hub_localized,1225
fully-connected,50,0.01,0.03,0.0,0.2,0.1,3.0,0.3,0.098,37,79,0.0,0.10204081632653061,49,8,1,0,49,9|5|17|14,hub_localized,1225
fully-connected,50,0.01,0.03,0.0,0.2,0.1,3.0,0.3,0.098,38,80,0.0,0.08163265306122448,48,8,113,0,48,8|5|32|1,hub_localized,1225
fully-connected,50,0.01,0.03,0.0,0.2,0.1,3.0,0.3,0.098,39,81,0.0,0.10204081632653061,47,8,1,0,47,7|5|17|14|2,hub_localized,1225
fully-connected,50,0.01,0.03,0.0,0.2,0.1,3.0,0.3,0.098,40,82,0.0,0.10204081632653061,46,8,4,0,46,5|5|17|14|3,hub_localized,1225
fully-connected,50,0.01,0.03,0.0,0.2,0.1,3.0,0.3,0.098,41,83,0.0,0.10204081632653061,45,8,1,0,45,5|5|17|14|4,hub_localized,1225
fully-connected,50,0.01,0.03,0.0,0.2,0.1,3.0,0.3,0.098,42,84,0.0,0.10204081632653061,44,8,4,0,44,3|5|17|14|5,hub_localized,1225
fully-connected,50,0.01,0.03,0.0,0.2,0.1,3.0,0.3,0.098,43,85,0.0,0.10204081632653061,43,8,1,0,43,2|5|17|14|6,hub_localized,1225
fully-connected,50,0.01,0.03,0.0,0.2,0.1,3.0,0.3,0.098,44,86,0.0,0.10204081632653061,42,8,4,0,42,2|5|17|14|7,hub_localized,1225
fully-connected,50,0.01,0.03,0.0,0.2,0.1,3.0,0.3,0.098,45,87,0.0,0.10204081632653061,41,8,1,0,41,1|5|17|14|8,hub_localized,1225
fully-connected,50,0.01,0.03,0.0,0.2,0.1,3.0,0.3,0.098,46,88,0.0,0.061224489795918366,40,4,113,0,40,5|32|9,hub_localized,1225
fully-connected,50,0.01,0.03,0.0,0.2,0.1,3.0,0.3,0.098,47,89,0.0,0.061224489795918366,39,5,3,0,39,5|17|14|10,hub_localized,1225
fully-connected,50,0.01,0.03,0.0,0.2,0.1,3.0,0.3,0.098,48,90,0.0,0.08163265306122448,49,7,1,0,49,4|17|14|10,hub_localized,1225
fully-connected,50,0.01,0.03,0.0,0.2,0.1,3.0,0.3,0.098,49,91,0.0,0.08163265306122448,48,7,1,0,48,4|17|14|10|1,hub_localized,1225
fully-connected,50,0.01,0.03,0.0,0.2,0.1,3.0,0.3,0.1,0,42,0.0,0.10204081632653061,47,8,5,0,47,14|12|6|10|2,hub_localized,1225
fully-connected,50,0.01,0.03,0.0,0.2,0.1,3.0,0.3,0.1,1,43,0.0,0.10204081632653061,46,8,45,0,46,2|23|6|10|3,hub_localized,1225
fully-connected,50,0.01,0.03,0.0,0.2,0.1,3.0,0.3,0.1,2,44,0.0,0.12244897959183673,45,8,5,0,45,2|10|12|6|10|4,hub_localized,1225
fully-connected,50,0.01,0.03,0.0,0.2,0.1,3.0,0.3,0.1,3,45,0.0,0.12244897959183673,44,8,5,0,44,1|10|12|6|10|5,hub_localized,1225
fully-connected,50,0.01,0.03,0.0,0.2,0.1,3.0,0.3,0.1,4,46,0.0,0.12244897959183673,49,8,5,0,49,10|12|6|10|5,hub_localized,1225
fully-connected,50,0.01,0.03,0.0,0.2,0.1,3.0,0.3,0.1,5,47,0.0,0.10204081632653061,48,8,102,0,48,22|6|10|5|1,hub_localized,1225
fully-connected,50,0.01,0.03,0.0,0.2,0.1,3.0,0.3,0.1,6,48,0.0,0.12244897959183673,47,8,5,0,47,9|12|6|10|5|2,hub_localized,1225
fully-connected,50,0.01,0.03,0.0,0.2,0.1,3.0,0.3,0.1,7,49,0.0,0.10204081632653061,46,8,102,0,46,20|6|10|5|3,hub_localized,1225
fully-connected,50,0.01,0.03,0.0,0.2,0.1,3.0,0.3,0.1,8,50,0.0,0.10204081632653061,45,8,102,0,45,20|6|10|5|4,hub_localized,1225
fully-connected,50,0.01,0.03,0.0,0.2,0.1,3.0,0.3,0.1,9,51,0.0,0.10204081632653061,44,8,102,0,44,19|6|10|5|5,hub_localized,1225
fully-connected,50,0.01,0.03,0.0,0.2,0.1,3.0,0.3,0.1,10,52,0.0,0.10204081632653061,43,8,102,0,43,17|6|10|5|6,hub_localized,1225
fully-connected,50,0.01,0.03,0.0,0.2,0.1,3.0,0.3,0.1,11,53,0.0,0.10204081632653061,42,8,102,0,42,16|6|10|5|7,hub_localized,1225
fully-connected,50,0.01,0.03,0.0,0.2,0.1,3.0,0.3,0.1,12,54,0.0,0.10204081632653061,41,8,102,0,41,16|6|10|5|8,hub_localized,1225
fully-connected,50,0.01,0.03,0.0,0.2,0.1,3.0,0.3,0.1,13,55,0.0,0.10204081632653061,40,8,102,0,40,14|6|10|5|9,hub_localized,1225
fully-connected,50,0.01,0.03,0.0,0.2,0.1,3.0,0.3,0.1,14,56,0.0,0.10204081632653061,39,8,102,0,39,14|6|10|5|10,hub_localized,1225
fully-connected,50,0.01,0.03,0.0,0.2,0.1,3.0,0.3,0.1,15,57,0.0,0.10204081632653061,38,8,102,0,38,12|6|10|5|11,hub_localized,1225
fully-connected,50,0.01,0.03,0.0,0.2,0.1,3.0,0.3,0.1,16,58,0.0,0.10204081632653061,37,8,102,0,37,12|6|10|5|12,hub_localized,1225
fully-connected,50,0.01,0.03,0.0,0.2,0.1,3.0,0.3,0.1,17,59,0.0,0.10204081632653061,36,8,102,0,36,10|6|10|5|13,hub_localized,1225
fully-connected,50,0.01,0.03,0.0,0.2,0.1,3.0,0.3,0.1,18,60,0.0,0.10204081632653061,35,8,102,0,35,10|6|10|5|14,hub_localized,1225
fully-connected,50,0.01,0.03,0.0,0.2,0.1,3.0,0.3,0.1,19,61,0.0,0.10204081632653061,34,8,102,0,34,9|6|10|5|15,hub_localized,1225
fully-connected,50,0.01,0.03,0.0,0.2,0.1,3.0,0.3,0.1,20,62,0.0,0.10204081632653061,33,8,102,0,33,8|6|10|5|16,hub_localized,1225
fully-connected,50,0.01,0.03,0.0,0.2,0.1,3.0,0.3,0.1,21,63,0.0,0.10204081632653061,32,8,102,0,32,7|6|10|5|17,hub_localized,1225
fully-connected,50,0.01,0.03,0.0,0.2,0.1,3.0,0.3,0.1,22,64,0.0,0.12244897959183673,49,8,1,0,49,6|6|10|5|17,hub_localized,1225
fully-connected,50,0.01,0.03,0.0,0.2,0.1,3.0,0.3,0.1,23,65,0.0,0.12244897959183673,48,8,4,0,48,5|6|10|5|17|1,hub_localized,1225
fully-connected,50,0.01,0.03,0.0,0.2,0.1,3.0,0.3,0.1,24,66,0.0,0.12244897959183673,47,8,4,0,47,4|6|10|5|17|2,hub_localized,1225
fully-connected,50,0.01,0.03,0.0,0.2,0.1,3.0,0.3,0.1,25,67,0.0,0.12244897959183673,46,8,1,0,46,2|6|10|5|17|3,hub_localized,1225
fully-connected,50,0.01,0.03,0.0,0.2,0.1,3.0,0.3,0.1,26,68,0.0,0.12244897959183673,45,8,1,0,45,1|6|10|5|17|4,hub_localized,1225
fully-connected,50,0.01,0.03,0.0,0.2,0.1,3.0,0.3,0.1,27,69,0.0,0.12244897959183673,44,8,1,0,44,1|6|10|5|17|5,hub_localized,1225
fully-connected,50,0.01,0.03,0.0,0.2,0.1,3.0,0.3,0.1,28,70,0.0,0.10204081632653061,43,8,1,0,43,6|10|5|17|6,hub_localized,1225
fully-connected,50,0.01,0.03,0.0,0.2,0.1,3.0,0.3,0.1,29,71,0.0,0.10204081632653061,42,8,4,0,42,5|10|5|17|7,hub_localized,1225
fully-connected,50,0.01,0.03,0.0,0.2,0.1,3.0,0.3,0.1,30,72,0.0,0.10204081632653061,41,8,1,0,41,4|10|5|17|8,hub_localized,1225
fully-connected,50,0.01,0.03,0.0,0.2,0.1,3.0,0.3,0.1,31,73,0.0,0.10204081632653061,40,8,3,0,40,4|10|5|17|9,hub_localized,1225
fully-connected,50,0.01,0.03,0.0,0.2,0.1,3.0,0.3,0.1,32,74,0.0,0.10204081632653061,39,8,1,0,39,2|10|5|17|10,hub_localized,1225
fully-connected,50,0.01,0.03,0.0,0.2,0.1,3.0,0.3,0.1,33,75,0.0,0.10204081632653061,38,8,1,0,38,1|10|5|17|11,hub_localized,1225
fully-connected,50,0.01,0.03,0.0,0.2,0.1,3.0,0.3,0.1,34,76,0.0,0.10204081632653061,37,8,1,0,37,1|10|5|17|12,hub_localized,1225
fully-connected,50,0.01,0.03,0.0,0.2,0.1,3.0,0.3,0.1,35,77,0.0,0.08163265306122448,36,8,1,0,36,10|5|17|13,hub_localized,1225
fully-connected,50,0.01,0.03,0.0,0.2,0.1,3.0,0.3,0.1,36,78,0.0,0.08163265306122448,35,8,1,0,35,9|5|17|14,hub_localized,1225
fully-connected,50,0.01,0.03,0.0,0.2,0.1,3.0,0.3,0.1,37,79,0.0,0.10204081632653061,49,8,1,0,49,9|5|17|14,hub_localized,1225
fully-connected,50,0.01,0.03,0.0,0.2,0.1,3.0,0.3,0.1,38,80,0.0,0.08163265306122448,48,8,113,0,48,8|5|32|1,hub_localized,1225
fully-connected,50,0.01,0.03,0.0,0.2,0.1,3.0,0.3,0.1,39,81,0.0,0.10204081632653061,47,8,1,0,47,7|5|17|14|2,hub_localized,1225
fully-connected,50,0.01,0.03,0.0,0.2,0.1,3.0,0.3,0.1,40,82,0.0,0.10204081632653061,46,8,4,0,46,5|5|17|14|3,hub_localized,1225
fully-connected,50,0.01,0.03,0.0,0.2,0.1,3.0,0.3,0.1,41,83,0.0,0.10204081632653061,45,8,1,0,45,5|5|17|14|4,hub_localized,1225
fully-connected,50,0.01,0.03,0.0,0.2,0.1,3.0,0.3,0.1,42,84,0.0,0.10204081632653061,44,8,4,0,44,3|5|17|14|5,hub_localized,1225
fully-connected,50,0.01,0.03,0.0,0.2,0.1,3.0,0.3,0.1,43,85,0.0,0.10204081632653061,43,8,1,0,43,2|5|17|14|6,hub_localized,1225
fully-connected,50,0.01,0.03,0.0,0.2,0.1,3.0,0.3,0.1,44,86,0.0,0.10204081632653061,42,8,4,0,42,2|5|17|14|7,hub_localized,1225
fully-connected,50,0.01,0.03,0.0,0.2,0.1,3.0,0.3,0.1,45,87,0.0,0.10204081632653061,41,8,1,0,41,1|5|17|14|8,hub_localized,1225
fully-connected,50,0.01,0.03,0.0,0.2,0.1,3.0,0.3,0.1,46,88,0.0,0.061224489795918366,40,4,113,0,40,5|32|9,hub_localized,1225
fully-connected,50,0.01,0.03,0.0,0.2,0.1,3.0,0.3,0.1,47,89,0.0,0.061224489795918366,39,5,3,0,39,5|17|14|10,hub_localized,1225
fully-connected,50,0.01,0.03,0.0,0.2,0.1,3.0,0.3,0.1,48,90,0.0,0.08163265306122448,49,7,1,0,49,4|17|14|10,hub_localized,1225
fully-connected,50,0.01,0.03,0.0,0.2,0.1,3.0,0.3,0.1,49,91,0.0,0.08163265306122448,48,7,1,0,48,4|17|14|10|1,hub_localized,1225
fully-connected,50,0.01,0.03,0.0,0.2,0.1,3.0,0.3,0.102,0,42,0.0,0.10204081632653061,47,8,5,0,47,14|12|6|10|2,hub_localized,1225
fully-connected,50,0.01,0.03,0.0,0.2,0.1,3.0,0.3,0.102,1,43,0.0,0.08163265306122448,46,8,102,0,46,26|6|10|3,hub_localized,1225
fully-connected,50,0.01,0.03,0.0,0.2,0.1,3.0,0.3,0.102,2,44,0.0,0.10204081632653061,45,8,5,0,45,13|12|6|10|4,hub_localized,1225
fully-connected,50,0.01,0.03,0.0,0.2,0.1,3.0,0.3,0.102,3,45,0.0,0.12244897959183673,44,8,5,0,44,1|10|12|6|10|5,hub_localized,1225
fully-connected,50,0.01,0.03,0.0,0.2,0.1,3.0,0.3,0.102,4,46,0.0,0.12244897959183673,49,8,5,0,49,10|12|6|10|5,hub_localized,1225
fully-connected,50,0.01,0.03,0.0,0.2,0.1,3.0,0.3,0.102,5,47,0.0,0.10204081632653061,48,8,102,0,48,22|6|10|5|1,hub_localized,1225
fully-connected,50,0.01,0.03,0.0,0.2,0.1,3.0,0.3,0.102,6,48,0.0,0.12244897959183673,47,8,5,0,47,9|12|6|10|5|2,hub_localized,1225
fully-connected,50,0.01,0.03,0.0,0.2,0.1,3.0,0.3,0.102,7,49,0.0,0.10204081632653061,46,8,102,0,46,20|6|10|5|3,hub_localized,1225
fully-connected,50,0.01,0.03,0.0,0.2,0.1,3.0,0.3,0.102,8,50,0.0,0.10204081632653061,45,8,102,0,45,20|6|10|5|4,hub_localized,1225
fully-connected,50,0.01,0.03,0.0,0.2,0.1,3.0,0.3,0.102,9,51,0.0,0.10204081632653061,44,8,102,0,44,19|6|10|5|5,hub_localized,1225
fully-connected,50,0.01,0.03,0.0,0.2,0.1,3.0,0.3,0.102,10,52,0.0,0.10204081632653061,43,8,102,0,43,17|6|10|5|6,hub_localized,1225
fully-connected,50,0.01,0.03,0.0,0.2,0.1,3.0,0.3,0.102,11,53,0.0,0.10204081632653061,42,8,102,0,42,16|6|10|5|7,hub_localized,1225
fully-connected,50,0.01,0.03,0.0,0.2,0.1,3.0,0.3,0.102,12,54,0.0,0.10204081632653061,41,8,102,0,41,16|6|10|5|8,hub_localized,1225
fully-connected,50,0.01,0.03,0.0,0.2,0.1,3.0,0.3,0.102,13,55,0.0,0.10204081632653061,40,8,102,0,40,14|6|10|5|9,hub_localized,1225
fully-connected,50,0.01,0.03,0.0,0.2,0.1,3.0,0.3,0.102,14,56,0.0,0.10204081632653061,39,8,102,0,39,14|6|10|5|10,hub_localized,1225
fully-connected,50,0.01,0.03,0.0,0.2,0.1,3.0,0.3,0.102,15,57,0.0,0.10204081632653061,38,8,102,0,38,12|6|10|5|11,hub_localized,1225
fully-connected,50,0.01,0.03,0.0,0.2,0.1,3.0,0.3,0.102,16,58,0.0,0.10204081632653061,37,8,102,0,37,12|6|10|5|12,hub_localized,1225
fully-connected,50,0.01,0.03,0.0,0.2,0.1,3.0,0.3,0.102,17,59,0.0,0.10204081632653061,36,8,102,0,36,10|6|10|5|13,hub_localized,1225
fully-connected,50,0.01,0.03,0.0,0.2,0.1,3.0,0.3,0.102,18,60,0.0,0.10204081632653061,35,8,102,0,35,10|6|10|5|14,hub_localized,1225
fully-connected,50,0.01,0.03,0.0,0.2,0.1,3.0,0.3,0.102,19,61,0.0,0.10204081632653061,34,8,102,0,34,9|6|10|5|15,hub_localized,1225
fully-connected,50,0.01,0.03,0.0,0.2,0.1,3.0,0.3,0.102,20,62,0.0,0.10204081632653061,33,8,102,0,33,8|6|10|5|16,hub_localized,1225
fully-connected,50,0.01,0.03,0.0,0.2,0.1,3.0,0.3,0.102,21,63,0.0,0.10204081632653061,32,8,102,0,32,7|6|10|5|17,hub_localized,1225
fully-connected,50,0.01,0.03,0.0,0.2,0.1,3.0,0.3,0.102,22,64,0.0,0.12244897959183673,49,8,1,0,49,6|6|10|5|17,hub_localized,1225
fully-connected,50,0.01,0.03,0.0,0.2,0.1,3.0,0.3,0.102,23,65,0.0,0.12244897959183673,48,8,4,0,48,5|6|10|5|17|1,hub_localized,1225
fully-connected,50,0.01,0.03,0.0,0.2,0.1,3.0,0.3,0.102,24,66,0.0,0.12244897959183673,47,8,4,0,47,4|6|10|5|17|2,hub_localized,1225
fully-connected,50,0.01,0.03,0.0,0.2,0.1,3.0,0.3,0.102,25,67,0.0,0.12244897959183673,46,8,1,0,46,2|6|10|5|17|3,hub_localized,1225
fully-connected,50,0.01,0.03,0.0,0.2,0.1,3.0,0.3,0.102,26,68,0.0,0.12244897959183673,45,8,1,0,45,1|6|10|5|17|4,hub_localized,1225
fully-connected,50,0.01,0.03,0.0,0.2,0.1,3.0,0.3,0.102,27,69,0.0,0.12244897959183673,44,8,1,0,44,1|6|10|5|17|5,hub_localized,1225
fully-connected,50,0.01,0.03,0.0,0.2,0.1,3.0,0.3,0.102,28,70,0.0,0.10204081632653061,43,8,1,0,43,6|10|5|17|6,hub_localized,1225
fully-connected,50,0.01,0.03,0.0,0.2,0.1,3.0,0.3,0.102,29,71,0.0,0.10204081632653061,42,8,4,0,42,5|10|5|17|7,hub_localized,1225
fully-connected,50,0.01,0.03,0.0,0.2,0.1,3.0,0.3,0.102,30,72,0.0,0.10204081632653061,41,8,1,0,41,4|10|5|17|8,hub_localized,1225
fully-connected,50,0.01,0.03,0.0,0.2,0.1,3.0,0.3,0.102,31,73,0.0,0.10204081632653061,40,8,3,0,40,4|10|5|17|9,hub_localized,1225
fully-connected,50,0.01,0.03,0.0,0.2,0.1,3.0,0.3,0.102,32,74,0.0,0.10204081632653061,39,8,1,0,39,2|10|5|17|10,hub_localized,1225
fully-connected,50,0.01,0.03,0.0,0.2,0.1,3.0,0.3,0.102,33,75,0.0,0.10204081632653061,38,8,1,0,38,1|10|5|17|11,hub_localized,1225
fully-connected,50,0.01,0.03,0.0,0.2,0.1,3.0,0.3,0.102,34,76,0.0,0.10204081632653061,37,8,1,0,37,1|10|5|17|12,hub_localized,1225
fully-connected,50,0.01,0.03,0.0,0.2,0.1,3.0,0.3,0.102,35,77,0.0,0.08163265306122448,36,8,1,0,36,10|5|17|13,hub_localized,1225
fully-connected,50,0.01,0.03,0.0,0.2,0.1,3.0,0.3,0.102,36,78,0.0,0.08163265306122448,35,8,1,0,35,9|5|17|14,hub_localized,1225
fully-connected,50,0.01,0.03,0.0,0.2,0.1,3.0,0.3,0.102,37,79,0.0,0.10204081632653061,49,8,1,0,49,9|5|17|14,hub_localized,1225
fully-connected,50,0.01,0.03,0.0,0.2,0.1,3.0,0.3,0.102,38,80,0.0,0.08163265306122448,48,8,113,0,48,8|5|32|1,hub_localized,1225
fully-connected,50,0.01,0.03,0.0,0.2,0.1,3.0,0.3,0.102,39,81,0.0,0.10204081632653061,47,8,1,0,47,7|5|17|14|2,hub_localized,1225
fully-connected,50,0.01,0.03,0.0,0.2,0.1,3.0,0.3,0.102,40,82,0.0,0.10204081632653061,46,8,4,0,46,5|5|17|14|3,hub_localized,1225
fully-connected,50,0.01,0.03,0.0,0.2,0.1,3.0,0.3,0.102,41,83,0.0,0.10204081632653061,45,8,1,0,45,5|5|17|14|4,hub_localized,1225
fully-connected,50,0.01,0.03,0.0,0.2,0.1,3.0,0.3,0.102,42,84,0.0,0.10204081632653061,44,8,4,0,44,3|5|17|14|5,hub_localized,1225
fully-connected,50,0.01,0.03,0.0,0.2,0.1,3.0,0.3,0.102,43,85,0.0,0.10204081632653061,43,8,1,0,43,2|5|17|14|6,hub_localized,1225
fully-connected,50,0.01,0.03,0.0,0.2,0.1,3.0,0.3,0.102,44,86,0.0,0.10204081632653061,42,8,4,0,42,2|5|17|14|7,hub_localized,1225
fully-connected,50,0.01,0.03,0.0,0.2,0.1,3.0,0.3,0.102,45,87,0.0,0.10204081632653061,41,8,1,0,41,1|5|17|14|8,hub_localized,1225
fully-connected,50,0.01,0.03,0.0,0.2,0.1,3.0,0.3,0.102,46,88,0.0,0.061224489795918366,40,4,113,0,40,5|32|9,hub_localized,1225
fully-connected,50,0.01,0.03,0.0,0.2,0.1,3.0,0.3,0.102,47,89,0.0,0.061224489795918366,39,4,3,0,39,5|17|14|10,hub_localized,1225
fully-connected,50,0.01,0.03,0.0,0.2,0.1,3.0,0.3,0.102,48,90,0.0,0.08163265306122448,49,7,1,0,49,4|17|14|10,hub_localized,1225
fully-connected,50,0.01,0.03,0.0,0.2,0.1,3.0,0.3,0.102,49,91,0.0,0.08163265306122448,48,7,1,0,48,4|17|14|10|1,hub_localized,1225
fully-connected,50,0.01,0.03,0.0,0.2,0.1,3.0,0.3,0.104,0,42,0.0,0.10204081632653061,47,8,5,0,47,14|12|6|10|2,hub_localized,1225
fully-connected,50,0.01,0.03,0.0,0.2,0.1,3.0,0.3,0.104,1,43,0.0,0.08163265306122448,46,8,103,0,46,26|6|10|3,hub_localized,1225
fully-connected,50,0.01,0.03,0.0,0.2,0.1,3.0,0.3,0.104,2,44,0.0,0.10204081632653061,45,8,5,0,45,13|12|6|10|4,hub_localized,1225
fully-connected,50,0.01,0.03,0.0,0.2,0.1,3.0,0.3,0.104,3,45,0.0,0.10204081632653061,44,8,5,0,44,12|12|6|10|5,hub_localized,1225
fully-connected,50,0.01,0.03,0.0,0.2,0.1,3.0,0.3,0.104,4,46,0.0,0.12244897959183673,49,8,6,0,49,11|12|6|10|5,hub_localized,1225
fully-connected,50,0.01,0.03,0.0,0.2,0.1,3.0,0.3,0.104,5,47,0.0,0.10204081632653061,48,8,103,0,48,22|6|10|5|1,hub_localized,1225
fully-connected,50,0.01,0.03,0.0,0.2,0.1,3.0,0.3,0.104,6,48,0.0,0.12244897959183673,47,8,5,0,47,9|12|6|10|5|2,hub_localized,1225
fully-connected,50,0.01,0.03,0.0,0.2,0.1,3.0,0.3,0.104,7,49,0.0,0.10204081632653061,46,8,103,0,46,20|6|10|5|3,hub_localized,1225
fully-connected,50,0.01,0.03,0.0,0.2,0.1,3.0,0.3,0.104,8,50,0.0,0.10204081632653061,45,8,103,0,45,20|6|10|5|4,hub_localized,1225
fully-connected,50,0.01,0.03,0.0,0.2,0.1,3.0,0.3,0.104,9,51,0.0,0.10204081632653061,44,8,103,0,44,19|6|10|5|5,hub_localized,1225
fully-connected,50,0.01,0.03,0.0,0.2,0.1,3.0,0.3,0.104,10,52,0.0,0.10204081632653061,43,8,103,0,43,17|6|10|5|6,hub_localized,1225
fully-connected,50,0.01,0.03,0.0,0.2,0.1,3.0,0.3,0.104,11,53,0.0,0.10204081632653061,42,8,103,0,42,16|6|10|5|7,hub_localized,1225
fully-connected,50,0.01,0.03,0.0,0.2,0.1,3.0,0.3,0.104,12,54,0.0,0.10204081632653061,41,8,103,0,41,16|6|10|5|8,hub_localized,1225
fully-connected,50,0.01,0.03,0.0,0.2,0.1,3.0,0.3,0.104,13,55,0.0,0.10204081632653061,40,8,103,0,40,14|6|10|5|9,hub_localized,1225
fully-connected,50,0.01,0.03,0.0,0.2,0.1,3.0,0.3,0.104,14,56,0.0,0.10204081632653061,39,8,103,0,39,14|6|10|5|10,hub_localized,1225
fully-connected,50,0.01,0.03,0.0,0.2,0.1,3.0,0.3,0.104,15,57,0.0,0.10204081632653061,38,8,103,0,38,12|6|10|5|11,hub_localized,1225
fully-connected,50,0.01,0.03,0.0,0.2,0.1,3.0,0.3,0.104,16,58,0.0,0.10204081632653061,37,8,103,0,37,12|6|10|5|12,hub_localized,1225
fully-connected,50,0.01,0.03,0.0,0.2,0.1,3.0,0.3,0.104,17,59,0.0,0.10204081632653061,36,8,103,0,36,10|6|10|5|13,hub_localized,1225
fully-connected,50,0.01,0.03,0.0,0.2,0.1,3.0,0.3,0.104,18,60,0.0,0.10204081632653061,35,8,103,0,35,10|6|10|5|14,hub_localized,1225
fully-connected,50,0.01,0.03,0.0,0.2,0.1,3.0,0.3,0.104,19,61,0.0,0.10204081632653061,34,8,103,0,34,9|6|10|5|15,hub_localized,1225
fully-connected,50,0.01,0.03,0.0,0.2,0.1,3.0,0.3,0.104,20,62,0.0,0.10204081632653061,33,8,103,0,33,8|6|10|5|16,hub_localized,1225
fully-connected,50,0.01,0.03,0.0,0.2,0.1,3.0,0.3,0.104,21,63,0.0,0.10204081632653061,32,8,103,0,32,7|6|10|5|17,hub_localized,1225
fully-connected,50,0.01,0.03,0.0,0.2,0.1,3.0,0.3,0.104,22,64,0.0,0.12244897959183673,49,8,1,0,49,6|6|10|5|17,hub_localized,1225
fully-connected,50,0.01,0.03,0.0,0.2,0.1,3.0,0.3,0.104,23,65,0.0,0.12244897959183673,48,8,4,0,48,5|6|10|5|17|1,hub_localized,1225
fully-connected,50,0.01,0.03,0.0,0.2,0.1,3.0,0.3,0.104,24,66,0.0,0.12244897959183673,47,8,4,0,47,4|6|10|5|17|2,hub_localized,1225
fully-connected,50,0.01,0.03,0.0,0.2,0.1,3.0,0.3,0.104,25,67,0.0,0.12244897959183673,46,8,1,0,46,2|6|10|5|17|3,hub_localized,1225
fully-connected,50,0.01,0.03,0.0,0.2,0.1,3.0,0.3,0.104,26,68,0.0,0.12244897959183673,45,8,1,0,45,1|6|10|5|17|4,hub_localized,1225
fully-connected,50,0.01,0.03,0.0,0.2,0.1,3.0,0.3,0.104,27,69,0.0,0.12244897959183673,44,8,1,0,44,1|6|10|5|17|5,hub_localized,1225
fully-connected,50,0.01,0.03,0.0,0.2,0.1,3.0,0.3,0.104,28,70,0.0,0.10204081632653061,43,8,1,0,43,6|10|5|17|6,hub_localized,1225
fully-connected,50,0.01,0.03,0.0,0.2,0.1,3.0,0.3,0.104,29,71,0.0,0.10204081632653061,42,8,4,0,42,5|10|5|17|7,hub_localized,1225
fully-connected,50,0.01,0.03,0.0,0.2,0.1,3.0,0.3,0.104,30,72,0.0,0.10204081632653061,41,8,1,0,41,5|10|5|17|8,hub_localized,1225
fully-connected,50,0.01,0.03,0.0,0.2,0.1,3.0,0.3,0.104,31,73,0.0,0.10204081632653061,40,8,4,0,40,4|10|5|17|9,hub_localized,1225
fully-connected,50,0.01,0.03,0.0,0.2,0.1,3.0,0.3,0.104,32,74,0.0,0.10204081632653061,39,8,1,0,39,3|10|5|17|10,hub_localized,1225
fully-connected,50,0.01,0.03,0.0,0.2,0.1,3.0,0.3,0.104,33,75,0.0,0.10204081632653061,38,8,1,0,38,1|10|5|17|11,hub_localized,1225
fully-connected,50,0.01,0.03,0.0,0.2,0.1,3.0,0.3,0.104,34,76,0.0,0.10204081632653061,37,8,1,0,37,1|10|5|17|12,hub_localized,1225
fully-connected,50,0.01,0.03,0.0,0.2,0.1,3.0,0.3,0.104,35,77,0.0,0.08163265306122448,36,8,1,0,36,10|5|17|13,hub_localized,1225
fully-connected,50,0.01,0.03,0.0,0.2,0.1,3.0,0.3,0.104,36,78,0.0,0.08163265306122448,35,8,1,0,35,9|5|17|14,hub_localized,1225
fully-connected,50,0.01,0.03,0.0,0.2,0.1,3.0,0.3,0.104,37,79,0.0,0.10204081632653061,49,8,1,0,49,9|5|17|14,hub_localized,1225
fully-connected,50,0.01,0.03,0.0,0.2,0.1,3.0,0.3,0.104,38,80,0.0,0.08163265306122448,48,8,113,0,48,8|5|32|1,hub_localized,1225
fully-connected,50,0.01,0.03,0.0,0.2,0.1,3.0,0.3,0.104,39,81,0.0,0.10204081632653061,47,8,1,0,47,7|5|17|14|2,hub_localized,1225
fully-connected,50,0.01,0.03,0.0,0.2,0.1,3.0,0.3,0.104,40,82,0.0,0.10204081632653061,46,8,4,0,46,5|5|17|14|3,hub_localized,1225
fully-connected,50,0.01,0.03,0.0,0.2,0.1,3.0,0.3,0.104,41,83,0.0,0.10204081632653061,45,8,1,0,45,5|5|17|14|4,hub_localized,1225
fully-connected,50,0.01,0.03,0.0,0.2,0.1,3.0,0.3,0.104,42,84,0.0,0.10204081632653061,44,8,4,0,44,3|5|17|14|5,hub_localized,1225
fully-connected,50,0.01,0.03,0.0,0.2,0.1,3.0,0.3,0.104,43,85,0.0,0.10204081632653061,43,8,1,0,43,2|5|17|14|6,hub_localized,1225
fully-connected,50,0.01,0.03,0.0,0.2,0.1,3.0,0.3,0.104,44,86,0.0,0.10204081632653061,42,8,4,0,42,2|5|17|14|7,hub_localized,1225
fully-connected,50,0.01,0.03,0.0,0.2,0.1,3.0,0.3,0.104,45,87,0.0,0.10204081632653061,41,8,1,0,41,1|5|17|14|8,hub_localized,1225
fully-connected,50,0.01,0.03,0.0,0.2,0.1,3.0,0.3,0.104,46,88,0.0,0.061224489795918366,40,4,113,0,40,5|32|9,hub_localized,1225
fully-connected,50,0.01,0.03,0.0,0.2,0.1,3.0,0.3,0.104,47,89,0.0,0.061224489795918366,39,4,3,0,39,5|17|14|10,hub_localized,1225
fully-connected,50,0.01,0.03,0.0,0.2,0.1,3.0,0.3,0.104,48,90,0.0,0.08163265306122448,49,7,1,0,49,5|17|14|10,hub_localized,1225
fully-connected,50,0.01,0.03,0.0,0.2,0.1,3.0,0.3,0.104,49,91,0.0,0.08163265306122448,48,7,1,0,48,4|17|14|10|1,hub_localized,1225
fully-connected,50,0.01,0.03,0.0,0.2,0.1,3.0,0.3,0.106,0,42,0.0,0.10204081632653061,47,8,5,0,47,14|12|6|10|2,hub_localized,1225
fully-connected,50,0.01,0.03,0.0,0.2,0.1,3.0,0.3,0.106,1,43,0.0,0.08163265306122448,46,8,103,0,46,26|6|10|3,hub_localized,1225
fully-connected,50,0.01,0.03,0.0,0.2,0.1,3.0,0.3,0.106,2,44,0.0,0.10204081632653061,45,8,5,0,45,13|12|6|10|4,hub_localized,1225
fully-connected,50,0.01,0.03,0.0,0.2,0.1,3.0,0.3,0.106,3,45,0.0,0.10204081632653061,44,8,5,0,44,12|12|6|10|5,hub_localized,1225
fully-connected,50,0.01,0.03,0.0,0.2,0.1,3.0,0.3,0.106,4,46,0.0,0.10204081632653061,49,8,103,0,49,24|6|10|5,hub_localized,1225
fully-connected,50,0.01,0.03,0.0,0.2,0.1,3.0,0.3,0.106,5,47,0.0,0.10204081632653061,48,8,103,0,48,22|6|10|5|1,hub_localized,1225
fully-connected,50,0.01,0.03,0.0,0.2,0.1,3.0,0.3,0.106,6,48,0.0,0.12244897959183673,47,8,5,0,47,9|12|6|10|5|2,hub_localized,1225
fully-connected,50,0.01,0.03,0.0,0.2,0.1,3.0,0.3,0.106,7,49,0.0,0.10204081632653061,46,8,103,0,46,20|6|10|5|3,hub_localized,1225
fully-connected,50,0.01,0.03,0.0,0.2,0.1,3.0,0.3,0.106,8,50,0.0,0.10204081632653061,45,8,103,0,45,20|6|10|5|4,hub_localized,1225
fully-connected,50,0.01,0.03,0.0,0.2,0.1,3.0,0.3,0.106,9,51,0.0,0.10204081632653061,44,8,103,0,44,19|6|10|5|5,hub_localized,1225
fully-connected,50,0.01,0.03,0.0,0.2,0.1,3.0,0.3,0.106,10,52,0.0,0.10204081632653061,43,8,103,0,43,18|6|10|5|6,hub_localized,1225
fully-connected,50,0.01,0.03,0.0,0.2,0.1,3.0,0.3,0.106,11,53,0.0,0.10204081632653061,42,8,103,0,42,16|6|10|5|7,hub_localized,1225
fully-connected,50,0.01,0.03,0.0,0.2,0.1,3.0,0.3,0.106,12,54,0.0,0.10204081632653061,41,8,103,0,41,16|6|10|5|8,hub_localized,1225
fully-connected,50,0.01,0.03,0.0,0.2,0.1,3.0,0.3,0.106,13,55,0.0,0.10204081632653061,40,8,103,0,40,14|6|10|5|9,hub_localized,1225
fully-connected,50,0.01,0.03,0.0,0.2,0.1,3.0,0.3,0.106,14,56,0.0,0.10204081632653061,39,8,103,0,39,14|6|10|5|10,hub_localized,1225
fully-connected,50,0.01,0.03,0.0,0.2,0.1,3.0,0.3,0.106,15,57,0.0,0.10204081632653061,38,8,103,0,38,12|6|10|5|11,hub_localized,1225
fully-connected,50,0.01,0.03,0.0,0.2,0.1,3.0,0.3,0.106,16,58,0.0,0.10204081632653061,37,8,103,0,37,12|6|10|5|12,hub_localized,1225
fully-connected,50,0.01,0.03,0.0,0.2,0.1,3.0,0.3,0.106,17,59,0.0,0.10204081632653061,36,8,103,0,36,10|6|10|5|13,hub_localized,1225
fully-connected,50,0.01,0.03,0.0,0.2,0.1,3.0,0.3,0.106,18,60,0.0,0.10204081632653061,35,8,103,0,35,10|6|10|5|14,hub_localized,1225
fully-connected,50,0.01,0.03,0.0,0.2,0.1,3.0,0.3,0.106,19,61,0.0,0.10204081632653061,34,8,103,0,34,9|6|10|5|15,hub_localized,1225
fully-connected,50,0.01,0.03,0.0,0.2,0.1,3.0,0.3,0.106,20,62,0.0,0.10204081632653061,33,8,103,0,33,8|6|10|5|16,hub_localized,1225
fully-connected,50,0.01,0.03,0.0,0.2,0.1,3.0,0.3,0.106,21,63,0.0,0.10204081632653061,32,8,103,0,32,7|6|10|5|17,hub_localized,1225
fully-connected,50,0.01,0.03,0.0,0.2,0.1,3.0,0.3,0.106,22,64,0.0,0.12244897959183673,49,8,1,0,49,6|6|10|5|17,hub_localized,1225
fully-connected,50,0.01,0.03,0.0,0.2,0.1,3.0,0.3,0.106,23,65,0.0,0.12244897959183673,48,8,4,0,48,5|6|10|5|17|1,hub_localized,1225
fully-connected,50,0.01,0.03,0.0,0.2,0.1,3.0,0.3,0.106,24,66,0.0,0.12244897959183673,47,8,4,0,47,4|6|10|5|17|2,hub_localized,1225
fully-connected,50,0.01,0.03,0.0,0.2,0.1,3.0,0.3,0.106,25,67,0.0,0.12244897959183673,46,8,1,0,46,2|6|10|5|17|3,hub_localized,1225
fully-connected,50,0.01,0.03,0.0,0.2,0.1,3.0,0.3,0.106,26,68,0.0,0.12244897959183673,45,8,1,0,45,1|6|10|5|17|4,hub_localized,1225
fully-connected,50,0.01,0.03,0.0,0.2,0.1,3.0,0.3,0.106,27,69,0.0,0.12244897959183673,44,8,1,0,44,1|6|10|5|17|5,hub_localized,1225
fully-connected,50,0.01,0.03,0.0,0.2,0.1,3.0,0.3,0.106,28,70,0.0,0.10204081632653061,43,8,1,0,43,6|10|5|17|6,hub_localized,1225
fully-connected,50,0.01,0.03,0.0,0.2,0.1,3.0,0.3,0.106,29,71,0.0,0.10204081632653061,42,8,4,0,42,5|10|5|17|7,hub_localized,1225
fully-connected,50,0.01,0.03,0.0,0.2,0.1,3.0,0.3,0.106,30,72,0.0,0.10204081632653061,41,8,1,0,41,5|10|5|17|8,hub_localized,1225
fully-connected,50,0.01,0.03,0.0,0.2,0.1,3.0,0.3,0.106,31,73,0.0,0.10204081632653061,40,8,4,0,40,4|10|5|17|9,hub_localized,1225
fully-connected,50,0.01,0.03,0.0,0.2,0.1,3.0,0.3,0.106,32,74,0.0,0.10204081632653061,39,8,1,0,39,3|10|5|17|10,hub_localized,1225
fully-connected,50,0.01,0.03,0.0,0.2,0.1,3.0,0.3,0.106,33,75,0.0,0.10204081632653061,38,8,1,0,38,1|10|5|17|11,hub_localized,1225
fully-connected,50,0.01,0.03,0.0,0.2,0.1,3.0,0.3,0.106,34,76,0.0,0.10204081632653061,37,8,1,0,37,1|10|5|17|12,hub_localized,1225
fully-connected,50,0.01,0.03,0.0,0.2,0.1,3.0,0.3,0.106,35,77,0.0,0.08163265306122448,36,8,1,0,36,10|5|17|13,hub_localized,1225
fully-connected,50,0.01,0.03,0.0,0.2,0.1,3.0,0.3,0.106,36,78,0.0,0.08163265306122448,35,8,1,0,35,9|5|17|14,hub_localized,1225
fully-connected,50,0.01,0.03,0.0,0.2,0.1,3.0,0.3,0.106,37,79,0.0,0.10204081632653061,49,8,1,0,49,9|5|17|14,hub_localized,1225
fully-connected,50,0.01,0.03,0.0,0.2,0.1,3.0,0.3,0.106,38,80,0.0,0.08163265306122448,48,8,113,0,48,8|5|32|1,hub_localized,1225
fully-connected,50,0.01,0.03,0.0,0.2,0.1,3.0,0.3,0.106,39,81,0.0,0.10204081632653061,47,8,1,0,47,7|5|17|14|2,hub_localized,1225
fully-connected,50,0.01,0.03,0.0,0.2,0.1,3.0,0.3,0.106,40,82,0.0,0.10204081632653061,46,8,4,0,46,5|5|17|14|3,hub_localized,1225
fully-connected,50,0.01,0.03,0.0,0.2,0.1,3.0,0.3,0.106,41,83,0.0,0.10204081632653061,45,8,1,0,45,5|5|17|14|4,hub_localized,1225
fully-connected,50,0.01,0.03,0.0,0.2,0.1,3.0,0.3,0.106,42,84,0.0,0.10204081632653061,44,8,4,0,44,3|5|17|14|5,hub_localized,1225
fully-connected,50,0.01,0.03,0.0,0.2,0.1,3.0,0.3,0.106,43,85,0.0,0.10204081632653061,43,8,1,0,43,2|5|17|14|6,hub_localized,1225
fully-connected,50,0.01,0.03,0.0,0.2,0.1,3.0,0.3,0.106,44,86,0.0,0.10204081632653061,42,8,4,0,42,2|5|17|14|7,hub_localized,1225
fully-connected,50,0.01,0.03,0.0,0.2,0.1,3.0,0.3,0.106,45,87,0.0,0.10204081632653061,41,8,1,0,41,1|5|17|14|8,hub_localized,1225
fully-connected,50,0.01,0.03,0.0,0.2,0.1,3.0,0.3,0.106,46,88,0.0,0.061224489795918366,40,4,113,0,40,5|32|9,hub_localized,1225
fully-connected,50,0.01,0.03,0.0,0.2,0.1,3.0,0.3,0.106,47,89,0.0,0.061224489795918366,39,4,3,0,39,5|17|14|10,hub_localized,1225
fully-connected,50,0.01,0.03,0.0,0.2,0.1,3.0,0.3,0.106,48,90,0.0,0.08163265306122448,49,7,1,0,49,5|17|14|10,hub_localized,1225
fully-connected,50,0.01,0.03,0.0,0.2,0.1,3.0,0.3,0.106,49,91,0.0,0.08163265306122448,48,7,1,0,48,4|17|14|10|1,hub_localized,1225
fully-connected,50,0.01,0.03,0.0,0.2,0.1,3.0,0.3,0.108,0,42,0.0,0.10204081632653061,47,8,5,0,47,14|12|6|10|2,hub_localized,1225
fully-connected,50,0.01,0.03,0.0,0.2,0.1,3.0,0.3,0.108,1,43,0.0,0.08163265306122448,46,8,103,0,46,26|6|10|3,hub_localized,1225
fully-connected,50,0.01,0.03,0.0,0.2,0.1,3.0,0.3,0.108,2,44,0.0,0.08163265306122448,45,8,103,0,45,26|6|10|4,hub_localized,1225
fully-connected,50,0.01,0.03,0.0,0.2,0.1,3.0,0.3,0.108,3,45,0.0,0.10204081632653061,44,8,5,0,44,12|12|6|10|5,hub_localized,1225
fully-connected,50,0.01,0.03,0.0,0.2,0.1,3.0,0.3,0.108,4,46,0.0,0.10204081632653061,49,8,103,0,49,24|6|10|5,hub_localized,1225
fully-connected,50,0.01,0.03,0.0,0.2,0.1,3.0,0.3,0.108,5,47,0.0,0.10204081632653061,48,8,103,0,48,22|6|10|5|1,hub_localized,1225
fully-connected,50,0.01,0.03,0.0,0.2,0.1,3.0,0.3,0.108,6,48,0.0,0.12244897959183673,47,8,5,0,47,9|12|6|10|5|2,hub_localized,1225
fully-connected,50,0.01,0.03,0.0,0.2,0.1,3.0,0.3,0.108,7,49,0.0,0.10204081632653061,46,8,103,0,46,20|6|10|5|3,hub_localized,1225
fully-connected,50,0.01,0.03,0.0,0.2,0.1,3.0,0.3,0.108,8,50,0.0,0.10204081632653061,45,8,103,0,45,20|6|10|5|4,hub_localized,1225
fully-connected,50,0.01,0.03,0.0,0.2,0.1,3.0,0.3,0.108,9,51,0.0,0.10204081632653061,44,8,103,0,44,19|6|10|5|5,hub_localized,1225
fully-connected,50,0.01,0.03,0.0,0.2,0.1,3.0,0.3,0.108,10,52,0.0,0.10204081632653061,43,8,103,0,43,18|6|10|5|6,hub_localized,1225
fully-connected,50,0.01,0.03,0.0,0.2,0.1,3.0,0.3,0.108,11,53,0.0,0.10204081632653061,42,8,103,0,42,16|6|10|5|7,hub_localized,1225
fully-connected,50,0.01,0.03,0.0,0.2,0.1,3.0,0.3,0.108,12,54,0.0,0.10204081632653061,41,8,103,0,41,16|6|10|5|8,hub_localized,1225
fully-connected,50,0.01,0.03,0.0,0.2,0.1,3.0,0.3,0.108,13,55,0.0,0.10204081632653061,40,8,103,0,40,14|6|10|5|9,hub_localized,1225
fully-connected,50,0.01,0.03,0.0,0.2,0.1,3.0,0.3,0.108,14,56,0.0,0.10204081632653061,39,8,103,0,39,14|6|10|5|10,hub_localized,1225
fully-connected,50,0.01,0.03,0.0,0.2,0.1,3.0,0.3,0.108,15,57,0.0,0.10204081632653061,38,8,103,0,38,12|6|10|5|11,hub_localized,1225
fully-connected,50,0.01,0.03,0.0,0.2,0.1,3.0,0.3,0.108,16,58,0.0,0.10204081632653061,37,8,103,0,37,12|6|10|5|12,hub_localized,1225
fully-connected,50,0.01,0.03,0.0,0.2,0.1,3.0,0.3,0.108,17,59,0.0,0.10204081632653061,36,8,103,0,36,10|6|10|5|13,hub_localized,1225
fully-connected,50,0.01,0.03,0.0,0.2,0.1,3.0,0.3,0.108,18,60,0.0,0.10204081632653061,35,8,103,0,35,10|6|10|5|14,hub_localized,1225
fully-connected,50,0.01,0.03,0.0,0.2,0.1,3.0,0.3,0.108,19,61,0.0,0.10204081632653061,34,8,103,0,34,9|6|10|5|15,hub_localized,1225
fully-connected,50,0.01,0.03,0.0,0.2,0.1,3.0,0.3,0.108,20,62,0.0,0.10204081632653061,33,8,103,0,33,8|6|10|5|16,hub_localized,1225
fully-connected,50,0.01,0.03,0.0,0.2,0.1,3.0,0.3,0.108,21,63,0.0,0.10204081632653061,32,8,103,0,32,7|6|10|5|17,hub_localized,1225
fully-connected,50,0.01,0.03,0.0,0.2,0.1,3.0,0.3,0.108,22,64,0.0,0.12244897959183673,49,8,1,0,49,6|6|10|5|17,hub_localized,1225
fully-connected,50,0.01,0.03,0.0,0.2,0.1,3.0,0.3,0.108,23,65,0.0,0.12244897959183673,48,8,4,0,48,5|6|10|5|17|1,hub_localized,1225
fully-connected,50,0.01,0.03,0.0,0.2,0.1,3.0,0.3,0.108,24,66,0.0,0.12244897959183673,47,8,4,0,47,4|6|10|5|17|2,hub_localized,1225
fully-connected,50,0.01,0.03,0.0,0.2,0.1,3.0,0.3,0.108,25,67,0.0,0.12244897959183673,46,8,1,0,46,2|6|10|5|17|3,hub_localized,1225
fully-connected,50,0.01,0.03,0.0,0.2,0.1,3.0,0.3,0.108,26,68,0.0,0.12244897959183673,45,8,1,0,45,1|6|10|5|17|4,hub_localized,1225
fully-connected,50,0.01,0.03,0.0,0.2,0.1,3.0,0.3,0.108,27,69,0.0,0.12244897959183673,44,8,1,0,44,1|6|10|5|17|5,hub_localized,1225
fully-connected,50,0.01,0.03,0.0,0.2,0.1,3.0,0.3,0.108,28,70,0.0,0.10204081632653061,43,8,1,0,43,6|10|5|17|6,hub_localized,1225
fully-connected,50,0.01,0.03,0.0,0.2,0.1,3.0,0.3,0.108,29,71,0.0,0.10204081632653061,42,8,4,0,42,5|10|5|17|7,hub_localized,1225
fully-connected,50,0.01,0.03,0.0,0.2,0.1,3.0,0.3,0.108,30,72,0.0,0.10204081632653061,41,8,1,0,41,5|10|5|17|8,hub_localized,1225
fully-connected,50,0.01,0.03,0.0,0.2,0.1,3.0,0.3,0.108,31,73,0.0,0.10204081632653061,40,8,4,0,40,4|10|5|17|9,hub_localized,1225
fully-connected,50,0.01,0.03,0.0,0.2,0.1,3.0,0.3,0.108,32,74,0.0,0.10204081632653061,39,8,1,0,39,3|10|5|17|10,hub_localized,1225
fully-connected,50,0.01,0.03,0.0,0.2,0.1,3.0,0.3,0.108,33,75,0.0,0.10204081632653061,38,8,1,0,38,1|10|5|17|11,hub_localized,1225
fully-connected,50,0.01,0.03,0.0,0.2,0.1,3.0,0.3,0.108,34,76,0.0,0.10204081632653061,37,8,1,0,37,1|10|5|17|12,hub_localized,1225
fully-connected,50,0.01,0.03,0.0,0.2,0.1,3.0,0.3,0.108,35,77,0.0,0.08163265306122448,36,8,1,0,36,10|5|17|13,hub_localized,1225
fully-connected,50,0.01,0.03,0.0,0.2,0.1,3.0,0.3,0.108,36,78,0.0,0.08163265306122448,35,8,1,0,35,9|5|17|14,hub_localized,1225
fully-connected,50,0.01,0.03,0.0,0.2,0.1,3.0,0.3,0.108,37,79,0.0,0.10204081632653061,49,8,1,0,49,9|5|17|14,hub_localized,1225
fully-connected,50,0.01,0.03,0.0,0.2,0.1,3.0,0.3,0.108,38,80,0.0,0.08163265306122448,48,8,113,0,48,8|5|32|1,hub_localized,1225
fully-connected,50,0.01,0.03,0.0,0.2,0.1,3.0,0.3,0.108,39,81,0.0,0.10204081632653061,47,8,1,0,47,7|5|17|14|2,hub_localized,1225
fully-connected,50,0.01,0.03,0.0,0.2,0.1,3.0,0.3,0.108,40,82,0.0,0.10204081632653061,46,8,4,0,46,5|5|17|14|3,hub_localized,1225
fully-connected,50,0.01,0.03,0.0,0.2,0.1,3.0,0.3,0.108,41,83,0.0,0.10204081632653061,45,8,1,0,45,5|5|17|14|4,hub_localized,1225
fully-connected,50,0.01,0.03,0.0,0.2,0.1,3.0,0.3,0.108,42,84,0.0,0.10204081632653061,44,8,4,0,44,3|5|17|14|5,hub_localized,1225
fully-connected,50,0.01,0.03,0.0,0.2,0.1,3.0,0.3,0.108,43,85,0.0,0.10204081632653061,43,8,1,0,43,2|5|17|14|6,hub_localized,1225
fully-connected,50,0.01,0.03,0.0,0.2,0.1,3.0,0.3,0.108,44,86,0.0,0.10204081632653061,42,8,4,0,42,2|5|17|14|7,hub_localized,1225
fully-connected,50,0.01,0.03,0.0,0.2,0.1,3.0,0.3,0.108,45,87,0.0,0.10204081632653061,41,8,1,0,41,1|5|17|14|8,hub_localized,1225
fully-connected,50,0.01,0.03,0.0,0.2,0.1,3.0,0.3,0.108,46,88,0.0,0.061224489795918366,40,4,113,0,40,5|32|9,hub_localized,1225
fully-connected,50,0.01,0.03,0.0,0.2,0.1,3.0,0.3,0.108,47,89,0.0,0.061224489795918366,39,4,3,0,39,5|17|14|10,hub_localized,1225
fully-connected,50,0.01,0.03,0.0,0.2,0.1,3.0,0.3,0.108,48,90,0.0,0.08163265306122448,49,7,1,0,49,5|17|14|10,hub_localized,1225
fully-connected,50,0.01,0.03,0.0,0.2,0.1,3.0,0.3,0.108,49,91,0.0,0.08163265306122448,48,7,1,0,48,4|17|14|10|1,hub_localized,1225
fully-connected,50,0.01,0.03,0.0,0.2,0.1,3.0,0.3,0.11,0,42,0.0,0.10204081632653061,47,8,5,0,47,14|12|6|10|2,hub_localized,1225
fully-connected,50,0.01,0.03,0.0,0.2,0.1,3.0,0.3,0.11,1,43,0.0,0.08163265306122448,46,8,103,0,46,26|6|10|3,hub_localized,1225
fully-connected,50,0.01,0.03,0.0,0.2,0.1,3.0,0.3,0.11,2,44,0.0,0.08163265306122448,45,8,103,0,45,26|6|10|4,hub_localized,1225
fully-connected,50,0.01,0.03,0.0,0.2,0.1,3.0,0.3,0.11,3,45,0.0,0.10204081632653061,44,8,5,0,44,12|12|6|10|5,hub_localized,1225
fully-connected,50,0.01,0.03,0.0,0.2,0.1,3.0,0.3,0.11,4,46,0.0,0.10204081632653061,49,8,103,0,49,24|6|10|5,hub_localized,1225
fully-connected,50,0.01,0.03,0.0,0.2,0.1,3.0,0.3,0.11,5,47,0.0,0.10204081632653061,48,8,103,0,48,22|6|10|5|1,hub_localized,1225
fully-connected,50,0.01,0.03,0.0,0.2,0.1,3.0,0.3,0.11,6,48,0.0,0.12244897959183673,47,8,5,0,47,9|12|6|10|5|2,hub_localized,1225
fully-connected,50,0.01,0.03,0.0,0.2,0.1,3.0,0.3,0.11,7,49,0.0,0.10204081632653061,46,8,103,0,46,20|6|10|5|3,hub_localized,1225
fully-connected,50,0.01,0.03,0.0,0.2,0.1,3.0,0.3,0.11,8,50,0.0,0.10204081632653061,45,8,103,0,45,20|6|10|5|4,hub_localized,1225
fully-connected,50,0.01,0.03,0.0,0.2,0.1,3.0,0.3,0.11,9,51,0.0,0.10204081632653061,44,8,103,0,44,19|6|10|5|5,hub_localized,1225
fully-connected,50,0.01,0.03,0.0,0.2,0.1,3.0,0.3,0.11,10,52,0.0,0.10204081632653061,43,8,103,0,43,18|6|10|5|6,hub_localized,1225
fully-connected,50,0.01,0.03,0.0,0.2,0.1,3.0,0.3,0.11,11,53,0.0,0.10204081632653061,42,8,103,0,42,16|6|10|5|7,hub_localized,1225
fully-connected,50,0.01,0.03,0.0,0.2,0.1,3.0,0.3,0.11,12,54,0.0,0.10204081632653061,41,8,103,0,41,16|6|10|5|8,hub_localized,1225
fully-connected,50,0.01,0.03,0.0,0.2,0.1,3.0,0.3,0.11,13,55,0.0,0.10204081632653061,40,8,103,0,40,14|6|10|5|9,hub_localized,1225
fully-connected,50,0.01,0.03,0.0,0.2,0.1,3.0,0.3,0.11,14,56,0.0,0.10204081632653061,39,8,103,0,39,14|6|10|5|10,hub_localized,1225
fully-connected,50,0.01,0.03,0.0,0.2,0.1,3.0,0.3,0.11,15,57,0.0,0.10204081632653061,38,8,103,0,38,12|6|10|5|11,hub_localized,1225
fully-connected,50,0.01,0.03,0.0,0.2,0.1,3.0,0.3,0.11,16,58,0.0,0.10204081632653061,37,8,103,0,37,12|6|10|5|12,hub_localized,1225
fully-connected,50,0.01,0.03,0.0,0.2,0.1,3.0,0.3,0.11,17,59,0.0,0.10204081632653061,36,8,103,0,36,10|6|10|5|13,hub_localized,1225
fully-connected,50,0.01,0.03,0.0,0.2,0.1,3.0,0.3,0.11,18,60,0.0,0.10204081632653061,35,8,103,0,35,10|6|10|5|14,hub_localized,1225
fully-connected,50,0.01,0.03,0.0,0.2,0.1,3.0,0.3,0.11,19,61,0.0,0.10204081632653061,34,8,103,0,34,9|6|10|5|15,hub_localized,1225
fully-connected,50,0.01,0.03,0.0,0.2,0.1,3.0,0.3,0.11,20,62,0.0,0.10204081632653061,33,8,103,0,33,8|6|10|5|16,hub_localized,1225
fully-connected,50,0.01,0.03,0.0,0.2,0.1,3.0,0.3,0.11,21,63,0.0,0.10204081632653061,32,8,103,0,32,7|6|10|5|17,hub_localized,1225
fully-connected,50,0.01,0.03,0.0,0.2,0.1,3.0,0.3,0.11,22,64,0.0,0.12244897959183673,49,8,1,0,49,6|6|10|5|17,hub_localized,1225
fully-connected,50,0.01,0.03,0.0,0.2,0.1,3.0,0.3,0.11,23,65,0.0,0.12244897959183673,48,8,4,0,48,5|6|10|5|17|1,hub_localized,1225
fully-connected,50,0.01,0.03,0.0,0.2,0.1,3.0,0.3,0.11,24,66,0.0,0.12244897959183673,47,8,4,0,47,4|6|10|5|17|2,hub_localized,1225
fully-connected,50,0.01,0.03,0.0,0.2,0.1,3.0,0.3,0.11,25,67,0.0,0.12244897959183673,46,8,1,0,46,2|6|10|5|17|3,hub_localized,1225
fully-connected,50,0.01,0.03,0.0,0.2,0.1,3.0,0.3,0.11,26,68,0.0,0.12244897959183673,45,8,1,0,45,1|6|10|5|17|4,hub_localized,1225
fully-connected,50,0.01,0.03,0.0,0.2,0.1,3.0,0.3,0.11,27,69,0.0,0.12244897959183673,44,8,1,0,44,1|6|10|5|17|5,hub_localized,1225
fully-connected,50,0.01,0.03,0.0,0.2,0.1,3.0,0.3,0.11,28,70,0.0,0.10204081632653061,43,8,1,0,43,6|10|5|17|6,hub_localized,1225
fully-connected,50,0.01,0.03,0.0,0.2,0.1,3.0,0.3,0.11,29,71,0.0,0.10204081632653061,42,8,4,0,42,5|10|5|17|7,hub_localized,1225
fully-connected,50,0.01,0.03,0.0,0.2,0.1,3.0,0.3,0.11,30,72,0.0,0.10204081632653061,41,8,1,0,41,5|10|5|17|8,hub_localized,1225
fully-connected,50,0.01,0.03,0.0,0.2,0.1,3.0,0.3,0.11,31,73,0.0,0.10204081632653061,40,8,4,0,40,4|10|5|17|9,hub_localized,1225
fully-connected,50,0.01,0.03,0.0,0.2,0.1,3.0,0.3,0.11,32,74,0.0,0.10204081632653061,39,8,1,0,39,3|10|5|17|10,hub_localized,1225
fully-connected,50,0.01,0.03,0.0,0.2,0.1,3.0,0.3,0.11,33,75,0.0,0.10204081632653061,38,8,1,0,38,1|10|5|17|11,hub_localized,1225
fully-connected,50,0.01,0.03,0.0,0.2,0.1,3.0,0.3,0.11,34,76,0.0,0.10204081632653061,37,8,1,0,37,1|10|5|17|12,hub_localized,1225
fully-connected,50,0.01,0.03,0.0,0.2,0.1,3.0,0.3,0.11,35,77,0.0,0.08163265306122448,36,8,1,0,36,10|5|17|13,hub_localized,1225
fully-connected,50,0.01,0.03,0.0,0.2,0.1,3.0,0.3,0.11,36,78,0.0,0.08163265306122448,35,8,1,0,35,9|5|17|14,hub_localized,1225
fully-connected,50,0.01,0.03,0.0,0.2,0.1,3.0,0.3,0.11,37,79,0.0,0.10204081632653061,49,8,1,0,49,9|5|17|14,hub_localized,1225
fully-connected,50,0.01,0.03,0.0,0.2,0.1,3.0,0.3,0.11,38,80,0.0,0.08163265306122448,48,8,113,0,48,8|5|32|1,hub_localized,1225
fully-connected,50,0.01,0.03,0.0,0.2,0.1,3.0,0.3,0.11,39,81,0.0,0.10204081632653061,47,8,1,0,47,7|5|17|14|2,hub_localized,1225
fully-connected,50,0.01,0.03,0.0,0.2,0.1,3.0,0.3,0.11,40,82,0.0,0.10204081632653061,46,8,4,0,46,5|5|17|14|3,hub_localized,1225
fully-connected,50,0.01,0.03,0.0,0.2,0.1,3.0,0.3,0.11,41,83,0.0,0.10204081632653061,45,8,1,0,45,5|5|17|14|4,hub_localized,1225
fully-connected,50,0.01,0.03,0.0,0.2,0.1,3.0,0.3,0.11,42,84,0.0,0.10204081632653061,44,8,4,0,44,3|5|17|14|5,hub_localized,1225
fully-connected,50,0.01,0.03,0.0,0.2,0.1,3.0,0.3,0.11,43,85,0.0,0.10204081632653061,43,8,1,0,43,2|5|17|14|6,hub_localized,1225
fully-connected,50,0.01,0.03,0.0,0.2,0.1,3.0,0.3,0.11,44,86,0.0,0.10204081632653061,42,8,4,0,42,2|5|17|14|7,hub_localized,1225
fully-connected,50,0.01,0.03,0.0,0.2,0.1,3.0,0.3,0.11,45,87,0.0,0.10204081632653061,41,8,1,0,41,1|5|17|14|8,hub_localized,1225
fully-connected,50,0.01,0.03,0.0,0.2,0.1,3.0,0.3,0.11,46,88,0.0,0.061224489795918366,40,4,113,0,40,5|32|9,hub_localized,1225
fully-connected,50,0.01,0.03,0.0,0.2,0.1,3.0,0.3,0.11,47,89,0.0,0.061224489795918366,39,4,3,0,39,5|17|14|10,hub_localized,1225
fully-connected,50,0.01,0.03,0.0,0.2,0.1,3.0,0.3,0.11,48,90,0.0,0.08163265306122448,49,7,1,0,49,5|17|14|10,hub_localized,1225
fully-connected,50,0.01,0.03,0.0,0.2,0.1,3.0,0.3,0.11,49,91,0.0,0.08163265306122448,48,7,1,0,48,4|17|14|10|1,hub_localized,1225
fully-connected,50,0.01,0.03,0.0,0.2,0.1,3.0,0.3,0.112,0,42,0.0,0.10204081632653061,47,8,5,0,47,14|12|6|10|2,hub_localized,1225
fully-connected,50,0.01,0.03,0.0,0.2,0.1,3.0,0.3,0.112,1,43,0.0,0.08163265306122448,46,8,103,0,46,26|6|10|3,hub_localized,1225
fully-connected,50,0.01,0.03,0.0,0.2,0.1,3.0,0.3,0.112,2,44,0.0,0.08163265306122448,45,8,103,0,45,26|6|10|4,hub_localized,1225
fully-connected,50,0.01,0.03,0.0,0.2,0.1,3.0,0.3,0.112,3,45,0.0,0.10204081632653061,44,8,5,0,44,12|12|6|10|5,hub_localized,1225
fully-connected,50,0.01,0.03,0.0,0.2,0.1,3.0,0.3,0.112,4,46,0.0,0.10204081632653061,49,8,103,0,49,24|6|10|5,hub_localized,1225
fully-connected,50,0.01,0.03,0.0,0.2,0.1,3.0,0.3,0.112,5,47,0.0,0.10204081632653061,48,8,103,0,48,22|6|10|5|1,hub_localized,1225
fully-connected,50,0.01,0.03,0.0,0.2,0.1,3.0,0.3,0.112,6,48,0.0,0.12244897959183673,47,8,5,0,47,9|12|6|10|5|2,hub_localized,1225
fully-connected,50,0.01,0.03,0.0,0.2,0.1,3.0,0.3,0.112,7,49,0.0,0.10204081632653061,46,8,103,0,46,20|6|10|5|3,hub_localized,1225
fully-connected,50,0.01,0.03,0.0,0.2,0.1,3.0,0.3,0.112,8,50,0.0,0.10204081632653061,45,8,103,0,45,20|6|10|5|4,hub_localized,1225
fully-connected,50,0.01,0.03,0.0,0.2,0.1,3.0,0.3,0.112,9,51,0.0,0.10204081632653061,44,8,103,0,44,19|6|10|5|5,hub_localized,1225
fully-connected,50,0.01,0.03,0.0,0.2,0.1,3.0,0.3,0.112,10,52,0.0,0.10204081632653061,43,8,103,0,43,18|6|10|5|6,hub_localized,1225
fully-connected,50,0.01,0.03,0.0,0.2,0.1,3.0,0.3,0.112,11,53,0.0,0.10204081632653061,42,8,103,0,42,16|6|10|5|7,hub_localized,1225
fully-connected,50,0.01,0.03,0.0,0.2,0.1,3.0,0.3,0.112,12,54,0.0,0.10204081632653061,41,8,103,0,41,16|6|10|5|8,hub_localized,1225
fully-connected,50,0.01,0.03,0.0,0.2,0.1,3.0,0.3,0.112,13,55,0.0,0.10204081632653061,40,8,103,0,40,14|6|10|5|9,hub_localized,1225
fully-connected,50,0.01,0.03,0.0,0.2,0.1,3.0,0.3,0.112,14,56,0.0,0.10204081632653061,39,8,103,0,39,14|6|10|5|10,hub_localized,1225
fully-connected,50,0.01,0.03,0.0,0.2,0.1,3.0,0.3,0.112,15,57,0.0,0.10204081632653061,38,8,103,0,38,12|6|10|5|11,hub_localized,1225
fully-connected,50,0.01,0.03,0.0,0.2,0.1,3.0,0.3,0.112,16,58,0.0,0.10204081632653061,37,8,103,0,37,12|6|10|5|12,hub_localized,1225
fully-connected,50,0.01,0.03,0.0,0.2,0.1,3.0,0.3,0.112,17,59,0.0,0.10204081632653061,36,8,103,0,36,10|6|10|5|13,hub_localized,1225
fully-connected,50,0.01,0.03,0.0,0.2,0.1,3.0,0.3,0.112,18,60,0.0,0.10204081632653061,35,8,103,0,35,10|6|10|5|14,hub_localized,1225
fully-connected,50,0.01,0.03,0.0,0.2,0.1,3.0,0.3,0.112,19,61,0.0,0.10204081632653061,34,8,103,0,34,9|6|10|5|15,hub_localized,1225
fully-connected,50,0.01,0.03,0.0,0.2,0.1,3.0,0.3,0.112,20,62,0.0,0.10204081632653061,33,8,103,0,33,8|6|10|5|16,hub_localized,1225
fully-connected,50,0.01,0.03,0.0,0.2,0.1,3.0,0.3,0.112,21,63,0.0,0.10204081632653061,32,8,103,0,32,7|6|10|5|17,hub_localized,1225
fully-connected,50,0.01,0.03,0.0,0.2,0.1,3.0,0.3,0.112,22,64,0.0,0.12244897959183673,49,8,1,0,49,6|6|10|5|17,hub_localized,1225
fully-connected,50,0.01,0.03,0.0,0.2,0.1,3.0,0.3,0.112,23,65,0.0,0.12244897959183673,48,8,4,0,48,5|6|10|5|17|1,hub_localized,1225
fully-connected,50,0.01,0.03,0.0,0.2,0.1,3.0,0.3,0.112,24,66,0.0,0.12244897959183673,47,8,4,0,47,4|6|10|5|17|2,hub_localized,1225
fully-connected,50,0.01,0.03,0.0,0.2,0.1,3.0,0.3,0.112,25,67,0.0,0.12244897959183673,46,8,1,0,46,2|6|10|5|17|3,hub_localized,1225
fully-connected,50,0.01,0.03,0.0,0.2,0.1,3.0,0.3,0.112,26,68,0.0,0.12244897959183673,45,8,1,0,45,1|6|10|5|17|4,hub_localized,1225
fully-connected,50,0.01,0.03,0.0,0.2,0.1,3.0,0.3,0.112,27,69,0.0,0.12244897959183673,44,8,1,0,44,1|6|10|5|17|5,hub_localized,1225
fully-connected,50,0.01,0.03,0.0,0.2,0.1,3.0,0.3,0.112,28,70,0.0,0.10204081632653061,43,8,1,0,43,6|10|5|17|6,hub_localized,1225
fully-connected,50,0.01,0.03,0.0,0.2,0.1,3.0,0.3,0.112,29,71,0.0,0.10204081632653061,42,8,4,0,42,5|10|5|17|7,hub_localized,1225
fully-connected,50,0.01,0.03,0.0,0.2,0.1,3.0,0.3,0.112,30,72,0.0,0.10204081632653061,41,8,1,0,41,5|10|5|17|8,hub_localized,1225
fully-connected,50,0.01,0.03,0.0,0.2,0.1,3.0,0.3,0.112,31,73,0.0,0.10204081632653061,40,8,4,0,40,4|10|5|17|9,hub_localized,1225
fully-connected,50,0.01,0.03,0.0,0.2,0.1,3.0,0.3,0.112,32,74,0.0,0.10204081632653061,39,8,1,0,39,3|10|5|17|10,hub_localized,1225
fully-connected,50,0.01,0.03,0.0,0.2,0.1,3.0,0.3,0.112,33,75,0.0,0.10204081632653061,38,8,1,0,38,1|10|5|17|11,hub_localized,1225
fully-connected,50,0.01,0.03,0.0,0.2,0.1,3.0,0.3,0.112,34,76,0.0,0.10204081632653061,37,8,1,0,37,1|10|5|17|12,hub_localized,1225
fully-connected,50,0.01,0.03,0.0,0.2,0.1,3.0,0.3,0.112,35,77,0.0,0.08163265306122448,36,8,1,0,36,10|5|17|13,hub_localized,1225
fully-connected,50,0.01,0.03,0.0,0.2,0.1,3.0,0.3,0.112,36,78,0.0,0.08163265306122448,35,8,1,0,35,9|5|17|14,hub_localized,1225
fully-connected,50,0.01,0.03,0.0,0.2,0.1,3.0,0.3,0.112,37,79,0.0,0.10204081632653061,49,8,1,0,49,9|5|17|14,hub_localized,1225
fully-connected,50,0.01,0.03,0.0,0.2,0.1,3.0,0.3,0.112,38,80,0.0,0.08163265306122448,48,8,113,0,48,8|5|32|1,hub_localized,1225
fully-connected,50,0.01,0.03,0.0,0.2,0.1,3.0,0.3,0.112,39,81,0.0,0.10204081632653061,47,8,1,0,47,7|5|17|14|2,hub_localized,1225
fully-connected,50,0.01,0.03,0.0,0.2,0.1,3.0,0.3,0.112,40,82,0.0,0.10204081632653061,46,8,4,0,46,5|5|17|14|3,hub_localized,1225
fully-connected,50,0.01,0.03,0.0,0.2,0.1,3.0,0.3,0.112,41,83,0.0,0.10204081632653061,45,8,1,0,45,5|5|17|14|4,hub_localized,1225
fully-connected,50,0.01,0.03,0.0,0.2,0.1,3.0,0.3,0.112,42,84,0.0,0.10204081632653061,44,8,4,0,44,3|5|17|14|5,hub_localized,1225
fully-connected,50,0.01,0.03,0.0,0.2,0.1,3.0,0.3,0.112,43,85,0.0,0.10204081632653061,43,8,1,0,43,2|5|17|14|6,hub_localized,1225
fully-connected,50,0.01,0.03,0.0,0.2,0.1,3.0,0.3,0.112,44,86,0.0,0.10204081632653061,42,8,4,0,42,2|5|17|14|7,hub_localized,1225
fully-connected,50,0.01,0.03,0.0,0.2,0.1,3.0,0.3,0.112,45,87,0.0,0.10204081632653061,41,8,1,0,41,1|5|17|14|8,hub_localized,1225
fully-connected,50,0.01,0.03,0.0,0.2,0.1,3.0,0.3,0.112,46,88,0.0,0.061224489795918366,40,4,113,0,40,5|32|9,hub_localized,1225
fully-connected,50,0.01,0.03,0.0,0.2,0.1,3.0,0.3,0.112,47,89,0.0,0.061224489795918366,39,4,3,0,39,5|17|14|10,hub_localized,1225
fully-connected,50,0.01,0.03,0.0,0.2,0.1,3.0,0.3,0.112,48,90,0.0,0.08163265306122448,49,7,1,0,49,5|17|14|10,hub_localized,1225
fully-connected,50,0.01,0.03,0.0,0.2,0.1,3.0,0.3,0.112,49,91,0.0,0.08163265306122448,48,7,1,0,48,4|17|14|10|1,hub_localized,1225
fully-connected,50,0.01,0.03,0.0,0.2,0.1,3.0,0.3,0.114,0,42,0.0,0.10204081632653061,47,8,5,0,47,14|12|6|10|2,hub_localized,1225
fully-connected,50,0.01,0.03,0.0,0.2,0.1,3.0,0.3,0.114,1,43,0.0,0.08163265306122448,46,8,103,0,46,26|6|10|3,hub_localized,1225
fully-connected,50,0.01,0.03,0.0,0.2,0.1,3.0,0.3,0.114,2,44,0.0,0.08163265306122448,45,8,103,0,45,26|6|10|4,hub_localized,1225
fully-connected,50,0.01,0.03,0.0,0.2,0.1,3.0,0.3,0.114,3,45,0.0,0.10204081632653061,44,8,5,0,44,12|12|6|10|5,hub_localized,1225
fully-connected,50,0.01,0.03,0.0,0.2,0.1,3.0,0.3,0.114,4,46,0.0,0.08163265306122448,43,8,103,0,43,24|6|10|6,hub_localized,1225
fully-connected,50,0.01,0.03,0.0,0.2,0.1,3.0,0.3,0.114,5,47,0.0,0.08163265306122448,42,8,103,0,42,22|6|10|7,hub_localized,1225
fully-connected,50,0.01,0.03,0.0,0.2,0.1,3.0,0.3,0.114,6,48,0.0,0.08163265306122448,41,8,103,0,41,22|6|10|8,hub_localized,1225
fully-connected,50,0.01,0.03,0.0,0.2,0.1,3.0,0.3,0.114,7,49,0.0,0.08163265306122448,40,8,103,0,40,20|6|10|9,hub_localized,1225
fully-connected,50,0.01,0.03,0.0,0.2,0.1,3.0,0.3,0.114,8,50,0.0,0.08163265306122448,39,8,103,0,39,20|6|10|10,hub_localized,1225
fully-connected,50,0.01,0.03,0.0,0.2,0.1,3.0,0.3,0.114,9,51,0.0,0.08163265306122448,38,8,103,0,38,19|6|10|11,hub_localized,1225
fully-connected,50,0.01,0.03,0.0,0.2,0.1,3.0,0.3,0.114,10,52,0.0,0.08163265306122448,37,8,103,0,37,18|6|10|12,hub_localized,1225
fully-connected,50,0.01,0.03,0.0,0.2,0.1,3.0,0.3,0.114,11,53,0.0,0.08163265306122448,36,8,103,0,36,16|6|10|13,hub_localized,1225
fully-connected,50,0.01,0.03,0.0,0.2,0.1,3.0,0.3,0.114,12,54,0.0,0.08163265306122448,35,8,103,0,35,16|6|10|14,hub_localized,1225
fully-connected,50,0.01,0.03,0.0,0.2,0.1,3.0,0.3,0.114,13,55,0.0,0.08163265306122448,34,8,103,0,34,14|6|10|15,hub_localized,1225
fully-connected,50,0.01,0.03,0.0,0.2,0.1,3.0,0.3,0.114,14,56,0.0,0.08163265306122448,33,8,103,0,33,14|6|10|16,hub_localized,1225
fully-connected,50,0.01,0.03,0.0,0.2,0.1,3.0,0.3,0.114,15,57,0.0,0.08163265306122448,32,8,103,0,32,12|6|10|17,hub_localized,1225
fully-connected,50,0.01,0.03,0.0,0.2,0.1,3.0,0.3,0.114,16,58,0.0,0.08163265306122448,31,8,103,0,31,12|6|10|18,hub_localized,1225
fully-connected,50,0.01,0.03,0.0,0.2,0.1,3.0,0.3,0.114,17,59,0.0,0.08163265306122448,30,8,103,0,30,10|6|10|19,hub_localized,1225
fully-connected,50,0.01,0.03,0.0,0.2,0.1,3.0,0.3,0.114,18,60,0.0,0.08163265306122448,29,8,103,0,29,10|6|10|20,hub_localized,1225
fully-connected,50,0.01,0.03,0.0,0.2,0.1,3.0,0.3,0.114,19,61,0.0,0.08163265306122448,28,8,103,0,28,9|6|10|21,hub_localized,1225
fully-connected,50,0.01,0.03,0.0,0.2,0.1,3.0,0.3,0.114,20,62,0.0,0.08163265306122448,27,8,103,0,27,8|6|10|22,hub_localized,1225
fully-connected,50,0.01,0.03,0.0,0.2,0.1,3.0,0.3,0.114,21,63,0.0,0.08163265306122448,26,8,103,0,26,7|6|10|23,hub_localized,1225
fully-connected,50,0.01,0.03,0.0,0.2,0.1,3.0,0.3,0.114,22,64,0.0,0.10204081632653061,49,8,1,0,49,6|6|10|23,hub_localized,1225
fully-connected,50,0.01,0.03,0.0,0.2,0.1,3.0,0.3,0.114,23,65,0.0,0.10204081632653061,48,8,4,0,48,5|6|10|23|1,hub_localized,1225
fully-connected,50,0.01,0.03,0.0,0.2,0.1,3.0,0.3,0.114,24,66,0.0,0.10204081632653061,47,8,4,0,47,4|6|10|23|2,hub_localized,1225
fully-connected,50,0.01,0.03,0.0,0.2,0.1,3.0,0.3,0.114,25,67,0.0,0.10204081632653061,46,8,1,0,46,2|6|10|23|3,hub_localized,1225
fully-connected,50,0.01,0.03,0.0,0.2,0.1,3.0,0.3,0.114,26,68,0.0,0.10204081632653061,45,8,1,0,45,1|6|10|23|4,hub_localized,1225
fully-connected,50,0.01,0.03,0.0,0.2,0.1,3.0,0.3,0.114,27,69,0.0,0.10204081632653061,44,8,1,0,44,1|6|10|23|5,hub_localized,1225
fully-connected,50,0.01,0.03,0.0,0.2,0.1,3.0,0.3,0.114,28,70,0.0,0.08163265306122448,43,8,1,0,43,6|10|23|6,hub_localized,1225
fully-connected,50,0.01,0.03,0.0,0.2,0.1,3.0,0.3,0.114,29,71,0.0,0.08163265306122448,42,8,4,0,42,5|10|23|7,hub_localized,1225
fully-connected,50,0.01,0.03,0.0,0.2,0.1,3.0,0.3,0.114,30,72,0.0,0.08163265306122448,41,8,1,0,41,5|10|23|8,hub_localized,1225
fully-connected,50,0.01,0.03,0.0,0.2,0.1,3.0,0.3,0.114,31,73,0.0,0.08163265306122448,40,8,4,0,40,4|10|23|9,hub_localized,1225
fully-connected,50,0.01,0.03,0.0,0.2,0.1,3.0,0.3,0.114,32,74,0.0,0.08163265306122448,39,8,1,0,39,3|10|23|10,hub_localized,1225
fully-connected,50,0.01,0.03,0.0,0.2,0.1,3.0,0.3,0.114,33,75,0.0,0.08163265306122448,38,8,1,0,38,1|10|23|11,hub_localized,1225
fully-connected,50,0.01,0.03,0.0,0.2,0.1,3.0,0.3,0.114,34,76,0.0,0.08163265306122448,37,8,1,0,37,1|10|23|12,hub_localized,1225
fully-connected,50,0.01,0.03,0.0,0.2,0.1,3.0,0.3,0.114,35,77,0.0,0.061224489795918366,36,8,1,0,36,10|23|13,hub_localized,1225
fully-connected,50,0.01,0.03,0.0,0.2,0.1,3.0,0.3,0.114,36,78,0.0,0.061224489795918366,35,8,1,0,35,9|23|14,hub_localized,1225
fully-connected,50,0.01,0.03,0.0,0.2,0.1,3.0,0.3,0.114,37,79,0.0,0.08163265306122448,49,8,1,0,49,9|23|14,hub_localized,1225
fully-connected,50,0.01,0.03,0.0,0.2,0.1,3.0,0.3,0.114,38,80,0.0,0.061224489795918366,48,8,113,0,48,8|38|1,hub_localized,1225
fully-connected,50,0.01,0.03,0.0,0.2,0.1,3.0,0.3,0.114,39,81,0.0,0.08163265306122448,47,8,1,0,47,7|23|14|2,hub_localized,1225
fully-connected,50,0.01,0.03,0.0,0.2,0.1,3.0,0.3,0.114,40,82,0.0,0.061224489795918366,46,8,113,0,46,5|38|3,hub_localized,1225
fully-connected,50,0.01,0.03,0.0,0.2,0.1,3.0,0.3,0.114,41,83,0.0,0.08163265306122448,45,8,1,0,45,5|23|14|4,hub_localized,1225
fully-connected,50,0.01,0.03,0.0,0.2,0.1,3.0,0.3,0.114,42,84,0.0,0.08163265306122448,44,8,4,0,44,3|23|14|5,hub_localized,1225
fully-connected,50,0.01,0.03,0.0,0.2,0.1,3.0,0.3,0.114,43,85,0.0,0.08163265306122448,43,8,1,0,43,2|23|14|6,hub_localized,1225
fully-connected,50,0.01,0.03,0.0,0.2,0.1,3.0,0.3,0.114,44,86,0.0,0.08163265306122448,42,8,4,0,42,2|23|14|7,hub_localized,1225
fully-connected,50,0.01,0.03,0.0,0.2,0.1,3.0,0.3,0.114,45,87,0.0,0.08163265306122448,41,8,1,0,41,1|23|14|8,hub_localized,1225
fully-connected,50,0.01,0.03,0.0,0.2,0.1,3.0,0.3,0.114,46,88,0.0,0.04081632653061224,40,4,113,0,40,38|9,hub_localized,1225
fully-connected,50,0.01,0.03,0.0,0.2,0.1,3.0,0.3,0.114,47,89,0.0,0.04081632653061224,39,4,3,0,39,23|14|10,hub_localized,1225
fully-connected,50,0.01,0.03,0.0,0.2,0.1,3.0,0.3,0.114,48,90,0.0,0.061224489795918366,49,7,1,0,49,23|14|10,hub_localized,1225
fully-connected,50,0.01,0.03,0.0,0.2,0.1,3.0,0.3,0.114,49,91,0.0,0.061224489795918366,48,7,1,0,48,22|14|10|1,hub_localized,1225
fully-connected,50,0.01,0.03,0.0,0.2,0.1,3.0,0.3,0.116,0,42,0.0,0.061224489795918366,47,7,128,0,47,27|17|2,hub_localized,1225
fully-connected,50,0.01,0.03,0.0,0.2,0.1,3.0,0.3,0.116,1,43,0.0,0.061224489795918366,46,7,128,0,46,26|17|3,hub_localized,1225
fully-connected,50,0.01,0.03,0.0,0.2,0.1,3.0,0.3,0.116,2,44,0.0,0.061224489795918366,45,7,128,0,45,26|17|4,hub_localized,1225
fully-connected,50,0.01,0.03,0.0,0.2,0.1,3.0,0.3,0.116,3,45,0.0,0.061224489795918366,44,7,128,0,44,25|17|5,hub_localized,1225
fully-connected,50,0.01,0.03,0.0,0.2,0.1,3.0,0.3,0.116,4,46,0.0,0.061224489795918366,43,7,128,0,43,24|17|6,hub_localized,1225
fully-connected,50,0.01,0.03,0.0,0.2,0.1,3.0,0.3,0.116,5,47,0.0,0.061224489795918366,42,7,128,0,42,22|17|7,hub_localized,1225
fully-connected,50,0.01,0.03,0.0,0.2,0.1,3.0,0.3,0.116,6,48,0.0,0.061224489795918366,41,7,128,0,41,22|17|8,hub_localized,1225
fully-connected,50,0.01,0.03,0.0,0.2,0.1,3.0,0.3,0.116,7,49,0.0,0.061224489795918366,40,7,128,0,40,20|17|9,hub_localized,1225
fully-connected,50,0.01,0.03,0.0,0.2,0.1,3.0,0.3,0.116,8,50,0.0,0.061224489795918366,39,7,128,0,39,20|17|10,hub_localized,1225
fully-connected,50,0.01,0.03,0.0,0.2,0.1,3.0,0.3,0.116,9,51,0.0,0.061224489795918366,38,7,128,0,38,19|17|11,hub_localized,1225
fully-connected,50,0.01,0.03,0.0,0.2,0.1,3.0,0.3,0.116,10,52,0.0,0.061224489795918366,37,7,128,0,37,18|17|12,hub_localized,1225
fully-connected,50,0.01,0.03,0.0,0.2,0.1,3.0,0.3,0.116,11,53,0.0,0.061224489795918366,36,7,128,0,36,16|17|13,hub_localized,1225
fully-connected,50,0.01,0.03,0.0,0.2,0.1,3.0,0.3,0.116,12,54,0.0,0.061224489795918366,35,7,128,0,35,16|17|14,hub_localized,1225
fully-connected,50,0.01,0.03,0.0,0.2,0.1,3.0,0.3,0.116,13,55,0.0,0.061224489795918366,34,7,128,0,34,14|17|15,hub_localized,1225
fully-connected,50,0.01,0.03,0.0,0.2,0.1,3.0,0.3,0.116,14,56,0.0,0.061224489795918366,33,7,128,0,33,14|17|16,hub_localized,1225
fully-connected,50,0.01,0.03,0.0,0.2,0.1,3.0,0.3,0.116,15,57,0.0,0.061224489795918366,32,7,128,0,32,12|17|17,hub_localized,1225
fully-connected,50,0.01,0.03,0.0,0.2,0.1,3.0,0.3,0.116,16,58,0.0,0.061224489795918366,31,7,128,0,31,12|17|18,hub_localized,1225
fully-connected,50,0.01,0.03,0.0,0.2,0.1,3.0,0.3,0.116,17,59,0.0,0.061224489795918366,30,7,128,0,30,10|17|19,hub_localized,1225
fully-connected,50,0.01,0.03,0.0,0.2,0.1,3.0,0.3,0.116,18,60,0.0,0.061224489795918366,29,7,128,0,29,10|17|20,hub_localized,1225
fully-connected,50,0.01,0.03,0.0,0.2,0.1,3.0,0.3,0.116,19,61,0.0,0.061224489795918366,28,7,128,0,28,9|17|21,hub_localized,1225
fully-connected,50,0.01,0.03,0.0,0.2,0.1,3.0,0.3,0.116,20,62,0.0,0.061224489795918366,27,7,128,0,27,8|17|22,hub_localized,1225
fully-connected,50,0.01,0.03,0.0,0.2,0.1,3.0,0.3,0.116,21,63,0.0,0.061224489795918366,26,7,128,0,26,7|17|23,hub_localized,1225
fully-connected,50,0.01,0.03,0.0,0.2,0.1,3.0,0.3,0.116,22,64,0.0,0.08163265306122448,49,7,1,0,49,6|17|23,hub_localized,1225
fully-connected,50,0.01,0.03,0.0,0.2,0.1,3.0,0.3,0.116,23,65,0.0,0.08163265306122448,48,7,4,0,48,5|17|23|1,hub_localized,1225
fully-connected,50,0.01,0.03,0.0,0.2,0.1,3.0,0.3,0.116,24,66,0.0,0.061224489795918366,23,7,128,0,23,4|17|26,hub_localized,1225
fully-connected,50,0.01,0.03,0.0,0.2,0.1,3.0,0.3,0.116,25,67,0.0,0.08163265306122448,46,7,1,0,46,2|17|23|3,hub_localized,1225
fully-connected,50,0.01,0.03,0.0,0.2,0.1,3.0,0.3,0.116,26,68,0.0,0.08163265306122448,45,7,1,0,45,1|17|23|4,hub_localized,1225
fully-connected,50,0.01,0.03,0.0,0.2,0.1,3.0,0.3,0.116,27,69,0.0,0.08163265306122448,44,7,1,0,44,1|17|23|5,hub_localized,1225
fully-connected,50,0.01,0.03,0.0,0.2,0.1,3.0,0.3,0.116,28,70,0.0,0.061224489795918366,43,7,1,0,43,17|23|6,hub_localized,1225
fully-connected,50,0.01,0.03,0.0,0.2,0.1,3.0,0.3,0.116,29,71,0.0,0.04081632653061224,18,7,128,0,18,16|31,hub_localized,1225
fully-connected,50,0.01,0.03,0.0,0.2,0.1,3.0,0.3,0.116,30,72,0.0,0.061224489795918366,41,7,1,0,41,16|23|8,hub_localized,1225
fully-connected,50,0.01,0.03,0.0,0.2,0.1,3.0,0.3,0.116,31,73,0.0,0.061224489795918366,40,7,4,0,40,15|23|9,hub_localized,1225
fully-connected,50,0.01,0.03,0.0,0.2,0.1,3.0,0.3,0.116,32,74,0.0,0.061224489795918366,39,7,1,0,39,14|23|10,hub_localized,1225
fully-connected,50,0.01,0.03,0.0,0.2,0.1,3.0,0.3,0.116,33,75,0.0,0.061224489795918366,38,7,1,0,38,12|23|11,hub_localized,1225
fully-connected,50,0.01,0.03,0.0,0.2,0.1,3.0,0.3,0.116,34,76,0.0,0.061224489795918366,37,7,1,0,37,12|23|12,hub_localized,1225
fully-connected,50,0.01,0.03,0.0,0.2,0.1,3.0,0.3,0.116,35,77,0.0,0.061224489795918366,36,7,1,0,36,11|23|13,hub_localized,1225
fully-connected,50,0.01,0.03,0.0,0.2,0.1,3.0,0.3,0.116,36,78,0.0,0.061224489795918366,35,7,1,0,35,10|23|14,hub_localized,1225
fully-connected,50,0.01,0.03,0.0,0.2,0.1,3.0,0.3,0.116,37,79,0.0,0.08163265306122448,49,7,1,0,49,9|23|14,hub_localized,1225
fully-connected,50,0.01,0.03,0.0,0.2,0.1,3.0,0.3,0.116,38,80,0.0,0.061224489795918366,48,7,113,0,48,8|38|1,hub_localized,1225
fully-connected,50,0.01,0.03,0.0,0.2,0.1,3.0,0.3,0.116,39,81,0.0,0.08163265306122448,47,7,1,0,47,7|23|14|2,hub_localized,1225
fully-connected,50,0.01,0.03,0.0,0.2,0.1,3.0,0.3,0.116,40,82,0.0,0.061224489795918366,46,7,113,0,46,5|38|3,hub_localized,1225
fully-connected,50,0.01,0.03,0.0,0.2,0.1,3.0,0.3,0.116,41,83,0.0,0.08163265306122448,45,7,1,0,45,5|23|14|4,hub_localized,1225
fully-connected,50,0.01,0.03,0.0,0.2,0.1,3.0,0.3,0.116,42,84,0.0,0.08163265306122448,44,7,4,0,44,3|23|14|5,hub_localized,1225
fully-connected,50,0.01,0.03,0.0,0.2,0.1,3.0,0.3,0.116,43,85,0.0,0.08163265306122448,43,7,1,0,43,2|23|14|6,hub_localized,1225
fully-connected,50,0.01,0.03,0.0,0.2,0.1,3.0,0.3,0.116,44,86,0.0,0.08163265306122448,42,7,4,0,42,2|23|14|7,hub_localized,1225
fully-connected,50,0.01,0.03,0.0,0.2,0.1,3.0,0.3,0.116,45,87,0.0,0.08163265306122448,41,7,1,0,41,1|23|14|8,hub_localized,1225
fully-connected,50,0.01,0.03,0.0,0.2,0.1,3.0,0.3,0.116,46,88,0.0,0.04081632653061224,40,4,113,0,40,38|9,hub_localized,1225
fully-connected,50,0.01,0.03,0.0,0.2,0.1,3.0,0.3,0.116,47,89,0.0,0.04081632653061224,39,4,3,0,39,23|14|10,hub_localized,1225
fully-connected,50,0.01,0.03,0.0,0.2,0.1,3.0,0.3,0.116,48,90,0.0,0.061224489795918366,49,7,1,0,49,23|14|10,hub_localized,1225
fully-connected,50,0.01,0.03,0.0,0.2,0.1,3.0,0.3,0.116,49,91,0.0,0.061224489795918366,48,7,1,0,48,22|14|10|1,hub_localized,1225
fully-connected,50,0.01,0.03,0.0,0.2,0.1,3.0,0.3,0.118,0,42,0.0,0.061224489795918366,47,7,128,0,47,27|17|2,hub_localized,1225
fully-connected,50,0.01,0.03,0.0,0.2,0.1,3.0,0.3,0.118,1,43,0.0,0.061224489795918366,46,7,128,0,46,26|17|3,hub_localized,1225
fully-connected,50,0.01,0.03,0.0,0.2,0.1,3.0,0.3,0.118,2,44,0.0,0.061224489795918366,45,7,128,0,45,26|17|4,hub_localized,1225
fully-connected,50,0.01,0.03,0.0,0.2,0.1,3.0,0.3,0.118,3,45,0.0,0.061224489795918366,44,7,128,0,44,25|17|5,hub_localized,1225
fully-connected,50,0.01,0.03,0.0,0.2,0.1,3.0,0.3,0.118,4,46,0.0,0.061224489795918366,43,7,128,0,43,24|17|6,hub_localized,1225
fully-connected,50,0.01,0.03,0.0,0.2,0.1,3.0,0.3,0.118,5,47,0.0,0.061224489795918366,42,7,128,0,42,22|17|7,hub_localized,1225
fully-connected,50,0.01,0.03,0.0,0.2,0.1,3.0,0.3,0.118,6,48,0.0,0.061224489795918366,41,7,128,0,41,22|17|8,hub_localized,1225
fully-connected,50,0.01,0.03,0.0,0.2,0.1,3.0,0.3,0.118,7,49,0.0,0.061224489795918366,40,7,128,0,40,20|17|9,hub_localized,1225
fully-connected,50,0.01,0.03,0.0,0.2,0.1,3.0,0.3,0.118,8,50,0.0,0.061224489795918366,39,7,128,0,39,20|17|10,hub_localized,1225
fully-connected,50,0.01,0.03,0.0,0.2,0.1,3.0,0.3,0.118,9,51,0.0,0.061224489795918366,38,7,128,0,38,19|17|11,hub_localized,1225
fully-connected,50,0.01,0.03,0.0,0.2,0.1,3.0,0.3,0.118,10,52,0.0,0.061224489795918366,37,7,128,0,37,18|17|12,hub_localized,1225
fully-connected,50,0.01,0.03,0.0,0.2,0.1,3.0,0.3,0.118,11,53,0.0,0.061224489795918366,36,7,128,0,36,16|17|13,hub_localized,1225
fully-connected,50,0.01,0.03,0.0,0.2,0.1,3.0,0.3,0.118,12,54,0.0,0.061224489795918366,35,7,128,0,35,16|17|14,hub_localized,1225
fully-connected,50,0.01,0.03,0.0,0.2,0.1,3.0,0.3,0.118,13,55,0.0,0.061224489795918366,34,7,128,0,34,14|17|15,hub_localized,1225
fully-connected,50,0.01,0.03,0.0,0.2,0.1,3.0,0.3,0.118,14,56,0.0,0.061224489795918366,33,7,128,0,33,14|17|16,hub_localized,1225
fully-connected,50,0.01,0.03,0.0,0.2,0.1,3.0,0.3,0.118,15,57,0.0,0.061224489795918366,32,7,128,0,32,12|17|17,hub_localized,1225
fully-connected,50,0.01,0.03,0.0,0.2,0.1,3.0,0.3,0.118,16,58,0.0,0.061224489795918366,31,7,128,0,31,12|17|18,hub_localized,1225
fully-connected,50,0.01,0.03,0.0,0.2,0.1,3.0,0.3,0.118,17,59,0.0,0.061224489795918366,30,7,128,0,30,10|17|19,hub_localized,1225
fully-connected,50,0.01,0.03,0.0,0.2,0.1,3.0,0.3,0.118,18,60,0.0,0.061224489795918366,29,7,128,0,29,10|17|20,hub_localized,1225
fully-connected,50,0.01,0.03,0.0,0.2,0.1,3.0,0.3,0.118,19,61,0.0,0.061224489795918366,28,7,128,0,28,9|17|21,hub_localized,1225
fully-connected,50,0.01,0.03,0.0,0.2,0.1,3.0,0.3,0.118,20,62,0.0,0.061224489795918366,27,7,128,0,27,8|17|22,hub_localized,1225
fully-connected,50,0.01,0.03,0.0,0.2,0.1,3.0,0.3,0.118,21,63,0.0,0.061224489795918366,26,7,128,0,26,7|17|23,hub_localized,1225
fully-connected,50,0.01,0.03,0.0,0.2,0.1,3.0,0.3,0.118,22,64,0.0,0.08163265306122448,49,7,1,0,49,6|17|23,hub_localized,1225
fully-connected,50,0.01,0.03,0.0,0.2,0.1,3.0,0.3,0.118,23,65,0.0,0.061224489795918366,24,7,128,0,24,5|17|25,hub_localized,1225
fully-connected,50,0.01,0.03,0.0,0.2,0.1,3.0,0.3,0.118,24,66,0.0,0.061224489795918366,23,7,128,0,23,4|17|26,hub_localized,1225
fully-connected,50,0.01,0.03,0.0,0.2,0.1,3.0,0.3,0.118,25,67,0.0,0.08163265306122448,46,7,1,0,46,2|17|23|3,hub_localized,1225
fully-connected,50,0.01,0.03,0.0,0.2,0.1,3.0,0.3,0.118,26,68,0.0,0.08163265306122448,45,7,1,0,45,1|17|23|4,hub_localized,1225
fully-connected,50,0.01,0.03,0.0,0.2,0.1,3.0,0.3,0.118,27,69,0.0,0.08163265306122448,44,7,1,0,44,1|17|23|5,hub_localized,1225
fully-connected,50,0.01,0.03,0.0,0.2,0.1,3.0,0.3,0.118,28,70,0.0,0.061224489795918366,43,7,1,0,43,17|23|6,hub_localized,1225
fully-connected,50,0.01,0.03,0.0,0.2,0.1,3.0,0.3,0.118,29,71,0.0,0.04081632653061224,18,7,128,0,18,16|31,hub_localized,1225
fully-connected,50,0.01,0.03,0.0,0.2,0.1,3.0,0.3,0.118,30,72,0.0,0.061224489795918366,41,7,1,0,41,16|23|8,hub_localized,1225
fully-connected,50,0.01,0.03,0.0,0.2,0.1,3.0,0.3,0.118,31,73,0.0,0.061224489795918366,40,7,4,0,40,15|23|9,hub_localized,1225
fully-connected,50,0.01,0.03,0.0,0.2,0.1,3.0,0.3,0.118,32,74,0.0,0.061224489795918366,39,7,1,0,39,14|23|10,hub_localized,1225
fully-connected,50,0.01,0.03,0.0,0.2,0.1,3.0,0.3,0.118,33,75,0.0,0.061224489795918366,38,7,1,0,38,12|23|11,hub_localized,1225
fully-connected,50,0.01,0.03,0.0,0.2,0.1,3.0,0.3,0.118,34,76,0.0,0.061224489795918366,37,7,1,0,37,12|23|12,hub_localized,1225
fully-connected,50,0.01,0.03,0.0,0.2,0.1,3.0,0.3,0.118,35,77,0.0,0.061224489795918366,36,7,1,0,36,11|23|13,hub_localized,1225
fully-connected,50,0.01,0.03,0.0,0.2,0.1,3.0,0.3,0.118,36,78,0.0,0.061224489795918366,35,7,1,0,35,10|23|14,hub_localized,1225
fully-connected,50,0.01,0.03,0.0,0.2,0.1,3.0,0.3,0.118,37,79,0.0,0.08163265306122448,49,7,1,0,49,9|23|14,hub_localized,1225
fully-connected,50,0.01,0.03,0.0,0.2,0.1,3.0,0.3,0.118,38,80,0.0,0.061224489795918366,48,7,113,0,48,8|38|1,hub_localized,1225
fully-connected,50,0.01,0.03,0.0,0.2,0.1,3.0,0.3,0.118,39,81,0.0,0.08163265306122448,47,7,1,0,47,7|23|14|2,hub_localized,1225
fully-connected,50,0.01,0.03,0.0,0.2,0.1,3.0,0.3,0.118,40,82,0.0,0.061224489795918366,46,7,113,0,46,5|38|3,hub_localized,1225
fully-connected,50,0.01,0.03,0.0,0.2,0.1,3.0,0.3,0.118,41,83,0.0,0.08163265306122448,45,7,1,0,45,5|23|14|4,hub_localized,1225
fully-connected,50,0.01,0.03,0.0,0.2,0.1,3.0,0.3,0.118,42,84,0.0,0.08163265306122448,44,7,4,0,44,3|23|14|5,hub_localized,1225
fully-connected,50,0.01,0.03,0.0,0.2,0.1,3.0,0.3,0.118,43,85,0.0,0.08163265306122448,43,7,1,0,43,2|23|14|6,hub_localized,1225
fully-connected,50,0.01,0.03,0.0,0.2,0.1,3.0,0.3,0.118,44,86,0.0,0.08163265306122448,42,7,4,0,42,2|23|14|7,hub_localized,1225
fully-connected,50,0.01,0.03,0.0,0.2,0.1,3.0,0.3,0.118,45,87,0.0,0.08163265306122448,41,7,1,0,41,1|23|14|8,hub_localized,1225
fully-connected,50,0.01,0.03,0.0,0.2,0.1,3.0,0.3,0.118,46,88,0.0,0.04081632653061224,40,4,113,0,40,38|9,hub_localized,1225
fully-connected,50,0.01,0.03,0.0,0.2,0.1,3.0,0.3,0.118,47,89,0.0,0.04081632653061224,39,4,3,0,39,23|14|10,hub_localized,1225
fully-connected,50,0.01,0.03,0.0,0.2,0.1,3.0,0.3,0.118,48,90,0.0,0.061224489795918366,49,7,1,0,49,23|14|10,hub_localized,1225
fully-connected,50,0.01,0.03,0.0,0.2,0.1,3.0,0.3,0.118,49,91,0.0,0.061224489795918366,48,7,1,0,48,22|14|10|1,hub_localized,1225
fully-connected,50,0.01,0.03,0.0,0.2,0.1,3.0,0.3,0.12,0,42,0.0,0.061224489795918366,47,7,128,0,47,27|17|2,hub_localized,1225
fully-connected,50,0.01,0.03,0.0,0.2,0.1,3.0,0.3,0.12,1,43,0.0,0.061224489795918366,46,7,128,0,46,26|17|3,hub_localized,1225
fully-connected,50,0.01,0.03,0.0,0.2,0.1,3.0,0.3,0.12,2,44,0.0,0.061224489795918366,45,7,128,0,45,26|17|4,hub_localized,1225
fully-connected,50,0.01,0.03,0.0,0.2,0.1,3.0,0.3,0.12,3,45,0.0,0.061224489795918366,44,7,128,0,44,25|17|5,hub_localized,1225
fully-connected,50,0.01,0.03,0.0,0.2,0.1,3.0,0.3,0.12,4,46,0.0,0.061224489795918366,43,7,128,0,43,24|17|6,hub_localized,1225
fully-connected,50,0.01,0.03,0.0,0.2,0.1,3.0,0.3,0.12,5,47,0.0,0.061224489795918366,42,7,128,0,42,22|17|7,hub_localized,1225
fully-connected,50,0.01,0.03,0.0,0.2,0.1,3.0,0.3,0.12,6,48,0.0,0.061224489795918366,41,7,128,0,41,22|17|8,hub_localized,1225
fully-connected,50,0.01,0.03,0.0,0.2,0.1,3.0,0.3,0.12,7,49,0.0,0.061224489795918366,40,7,128,0,40,20|17|9,hub_localized,1225
fully-connected,50,0.01,0.03,0.0,0.2,0.1,3.0,0.3,0.12,8,50,0.0,0.061224489795918366,39,7,128,0,39,20|17|10,hub_localized,1225
fully-connected,50,0.01,0.03,0.0,0.2,0.1,3.0,0.3,0.12,9,51,0.0,0.061224489795918366,38,7,128,0,38,19|17|11,hub_localized,1225
fully-connected,50,0.01,0.03,0.0,0.2,0.1,3.0,0.3,0.12,10,52,0.0,0.061224489795918366,37,7,128,0,37,18|17|12,hub_localized,1225
fully-connected,50,0.01,0.03,0.0,0.2,0.1,3.0,0.3,0.12,11,53,0.0,0.061224489795918366,36,7,128,0,36,16|17|13,hub_localized,1225
fully-connected,50,0.01,0.03,0.0,0.2,0.1,3.0,0.3,0.12,12,54,0.0,0.061224489795918366,35,7,128,0,35,16|17|14,hub_localized,1225
fully-connected,50,0.01,0.03,0.0,0.2,0.1,3.0,0.3,0.12,13,55,0.0,0.061224489795918366,34,7,128,0,34,14|17|15,hub_localized,1225
fully-connected,50,0.01,0.03,0.0,0.2,0.1,3.0,0.3,0.12,14,56,0.0,0.061224489795918366,33,7,128,0,33,14|17|16,hub_localized,1225
fully-connected,50,0.01,0.03,0.0,0.2,0.1,3.0,0.3,0.12,15,57,0.0,0.061224489795918366,32,7,128,0,32,12|17|17,hub_localized,1225
fully-connected,50,0.01,0.03,0.0,0.2,0.1,3.0,0.3,0.12,16,58,0.0,0.061224489795918366,31,7,128,0,31,12|17|18,hub_localized,1225
fully-connected,50,0.01,0.03,0.0,0.2,0.1,3.0,0.3,0.12,17,59,0.0,0.061224489795918366,30,7,128,0,30,10|17|19,hub_localized,1225
fully-connected,50,0.01,0.03,0.0,0.2,0.1,3.0,0.3,0.12,18,60,0.0,0.061224489795918366,29,7,128,0,29,10|17|20,hub_localized,1225
fully-connected,50,0.01,0.03,0.0,0.2,0.1,3.0,0.3,0.12,19,61,0.0,0.061224489795918366,28,7,128,0,28,9|17|21,hub_localized,1225
fully-connected,50,0.01,0.03,0.0,0.2,0.1,3.0,0.3,0.12,20,62,0.0,0.061224489795918366,27,7,128,0,27,8|17|22,hub_localized,1225
fully-connected,50,0.01,0.03,0.0,0.2,0.1,3.0,0.3,0.12,21,63,0.0,0.061224489795918366,26,7,128,0,26,7|17|23,hub_localized,1225
fully-connected,50,0.01,0.03,0.0,0.2,0.1,3.0,0.3,0.12,22,64,0.0,0.08163265306122448,49,7,1,0,49,6|17|23,hub_localized,1225
fully-connected,50,0.01,0.03,0.0,0.2,0.1,3.0,0.3,0.12,23,65,0.0,0.061224489795918366,24,7,128,0,24,5|17|25,hub_localized,1225
fully-connected,50,0.01,0.03,0.0,0.2,0.1,3.0,0.3,0.12,24,66,0.0,0.061224489795918366,23,7,128,0,23,4|17|26,hub_localized,1225
fully-connected,50,0.01,0.03,0.0,0.2,0.1,3.0,0.3,0.12,25,67,0.0,0.08163265306122448,46,7,1,0,46,2|17|23|3,hub_localized,1225
fully-connected,50,0.01,0.03,0.0,0.2,0.1,3.0,0.3,0.12,26,68,0.0,0.08163265306122448,45,7,1,0,45,1|17|23|4,hub_localized,1225
fully-connected,50,0.01,0.03,0.0,0.2,0.1,3.0,0.3,0.12,27,69,0.0,0.08163265306122448,44,7,1,0,44,1|17|23|5,hub_localized,1225
fully-connected,50,0.01,0.03,0.0,0.2,0.1,3.0,0.3,0.12,28,70,0.0,0.061224489795918366,43,7,1,0,43,17|23|6,hub_localized,1225
fully-connected,50,0.01,0.03,0.0,0.2,0.1,3.0,0.3,0.12,29,71,0.0,0.04081632653061224,18,7,128,0,18,16|31,hub_localized,1225
fully-connected,50,0.01,0.03,0.0,0.2,0.1,3.0,0.3,0.12,30,72,0.0,0.061224489795918366,41,7,1,0,41,16|23|8,hub_localized,1225
fully-connected,50,0.01,0.03,0.0,0.2,0.1,3.0,0.3,0.12,31,73,0.0,0.061224489795918366,40,7,4,0,40,15|23|9,hub_localized,1225
fully-connected,50,0.01,0.03,0.0,0.2,0.1,3.0,0.3,0.12,32,74,0.0,0.061224489795918366,39,7,1,0,39,14|23|10,hub_localized,1225
fully-connected,50,0.01,0.03,0.0,0.2,0.1,3.0,0.3,0.12,33,75,0.0,0.061224489795918366,38,7,1,0,38,12|23|11,hub_localized,1225
fully-connected,50,0.01,0.03,0.0,0.2,0.1,3.0,0.3,0.12,34,76,0.0,0.061224489795918366,37,7,1,0,37,12|23|12,hub_localized,1225
fully-connected,50,0.01,0.03,0.0,0.2,0.1,3.0,0.3,0.12,35,77,0.0,0.061224489795918366,36,7,1,0,36,11|23|13,hub_localized,1225
fully-connected,50,0.01,0.03,0.0,0.2,0.1,3.0,0.3,0.12,36,78,0.0,0.061224489795918366,35,7,1,0,35,10|23|14,hub_localized,1225
fully-connected,50,0.01,0.03,0.0,0.2,0.1,3.0,0.3,0.12,37,79,0.0,0.08163265306122448,49,7,1,0,49,9|23|14,hub_localized,1225
fully-connected,50,0.01,0.03,0.0,0.2,0.1,3.0,0.3,0.12,38,80,0.0,0.061224489795918366,48,7,113,0,48,8|38|1,hub_localized,1225
fully-connected,50,0.01,0.03,0.0,0.2,0.1,3.0,0.3,0.12,39,81,0.0,0.08163265306122448,47,7,1,0,47,7|23|14|2,hub_localized,1225
fully-connected,50,0.01,0.03,0.0,0.2,0.1,3.0,0.3,0.12,40,82,0.0,0.061224489795918366,46,7,113,0,46,5|38|3,hub_localized,1225
fully-connected,50,0.01,0.03,0.0,0.2,0.1,3.0,0.3,0.12,41,83,0.0,0.08163265306122448,45,7,1,0,45,5|23|14|4,hub_localized,1225
fully-connected,50,0.01,0.03,0.0,0.2,0.1,3.0,0.3,0.12,42,84,0.0,0.061224489795918366,44,7,113,0,44,3|38|5,hub_localized,1225
fully-connected,50,0.01,0.03,0.0,0.2,0.1,3.0,0.3,0.12,43,85,0.0,0.08163265306122448,43,7,1,0,43,2|23|14|6,hub_localized,1225
fully-connected,50,0.01,0.03,0.0,0.2,0.1,3.0,0.3,0.12,44,86,0.0,0.061224489795918366,42,7,113,0,42,2|38|7,hub_localized,1225
fully-connected,50,0.01,0.03,0.0,0.2,0.1,3.0,0.3,0.12,45,87,0.0,0.08163265306122448,41,7,1,0,41,1|23|14|8,hub_localized,1225
fully-connected,50,0.01,0.03,0.0,0.2,0.1,3.0,0.3,0.12,46,88,0.0,0.04081632653061224,40,4,113,0,40,38|9,hub_localized,1225
fully-connected,50,0.01,0.03,0.0,0.2,0.1,3.0,0.3,0.12,47,89,0.0,0.04081632653061224,39,4,3,0,39,23|14|10,hub_localized,1225
fully-connected,50,0.01,0.03,0.0,0.2,0.1,3.0,0.3,0.12,48,90,0.0,0.061224489795918366,49,7,1,0,49,23|14|10,hub_localized,1225
fully-connected,50,0.01,0.03,0.0,0.2,0.1,3.0,0.3,0.12,49,91,0.0,0.061224489795918366,48,7,1,0,48,22|14|10|1,hub_localized,1225
