topology,chain_length,k_D,k_C,k_T,intrinsic_decay,run_index,seed,failure_rate,affected_share,cascade_depth,sustained_failure_steps,time_to_collapse,propagated,last_affected_node,survival_cluster_sizes,spatial_distribution,edge_count
chain,50,0.01,0.02,0.0,0.06,0,42,0.0,0.3469387755102041,49,20,4,1,49,3|3|2|2|1|2|4|2|4|3|5|1,network_wide,49
chain,50,0.01,0.02,0.0,0.06,1,43,0.0,0.30612244897959184,46,20,5,1,46,2|4|5|1|2|4|2|3|3|5|3,network_wide,49
chain,50,0.01,0.02,0.0,0.06,2,44,0.0,0.30612244897959184,47,20,4,1,47,2|4|5|1|2|4|2|4|3|5|1|2,network_wide,49
chain,50,0.01,0.02,0.0,0.06,3,45,0.0,0.3469387755102041,46,27,4,1,46,1|3|2|2|1|2|4|2|4|3|5|1|3,network_wide,49
chain,50,0.01,0.02,0.0,0.06,4,46,0.0,0.32653061224489793,49,27,4,1,49,3|5|1|2|4|2|4|3|5|1|3,network_wide,49
chain,50,0.01,0.02,0.0,0.06,5,47,0.0,0.32653061224489793,48,20,5,1,48,3|5|1|2|4|2|3|3|5|1|3|1,network_wide,49
chain,50,0.01,0.02,0.0,0.06,6,48,0.0,0.32653061224489793,47,20,4,1,47,3|2|2|1|2|4|2|4|3|5|1|3|2,network_wide,49
chain,50,0.01,0.02,0.0,0.06,7,49,0.0,0.3469387755102041,46,20,4,1,46,1|2|2|1|2|4|2|3|3|5|1|3|3,network_wide,49
chain,50,0.01,0.02,0.0,0.06,8,50,0.0,0.3469387755102041,45,20,4,1,45,1|2|2|1|2|4|2|3|3|5|1|3|4,network_wide,49
chain,50,0.01,0.02,0.0,0.06,9,51,0.0,0.2857142857142857,44,20,5,1,44,5|1|2|4|2|4|3|5|1|3|5,network_wide,49
chain,50,0.01,0.02,0.0,0.06,10,52,0.0,0.2857142857142857,43,20,5,1,43,4|1|2|4|2|4|3|5|1|3|6,network_wide,49
chain,50,0.01,0.02,0.0,0.06,11,53,0.0,0.30612244897959184,42,20,4,1,42,3|1|2|4|2|3|3|5|1|3|7,network_wide,49
chain,50,0.01,0.02,0.0,0.06,12,54,0.0,0.30612244897959184,46,20,5,1,46,3|1|2|4|2|4|3|5|1|3|4|3,network_wide,49
chain,50,0.01,0.02,0.0,0.06,13,55,0.0,0.32653061224489793,45,20,5,1,45,1|1|2|4|2|3|3|5|1|3|4|4,network_wide,49
chain,50,0.01,0.02,0.0,0.06,14,56,0.0,0.30612244897959184,39,20,5,1,39,1|2|4|2|3|3|5|1|3|10,network_wide,49
chain,50,0.01,0.02,0.0,0.06,15,57,0.0,0.30612244897959184,43,20,15,1,43,1|2|4|2|3|3|5|1|3|4|6,network_wide,49
chain,50,0.01,0.02,0.0,0.06,16,58,0.0,0.2857142857142857,42,20,15,1,42,1|2|4|2|4|3|5|1|3|4|7,network_wide,49
chain,50,0.01,0.02,0.0,0.06,17,59,0.0,0.2857142857142857,41,20,15,1,41,2|4|2|3|3|5|1|3|4|8,network_wide,49
chain,50,0.01,0.02,0.0,0.06,18,60,0.0,0.2653061224489796,40,20,15,1,40,2|4|2|4|3|5|1|3|4|9,network_wide,49
chain,50,0.01,0.02,0.0,0.06,19,61,0.0,0.2653061224489796,34,20,15,1,34,1|4|2|3|3|5|1|3|15,network_wide,49
chain,50,0.01,0.02,0.0,0.06,20,62,0.0,0.2653061224489796,38,20,15,1,38,4|2|3|3|5|1|3|4|11,network_wide,49
chain,50,0.01,0.02,0.0,0.06,21,63,0.0,0.2857142857142857,49,20,15,1,49,4|2|3|3|5|1|3|15,network_wide,49
chain,50,0.01,0.02,0.0,0.06,22,64,0.0,0.2857142857142857,49,20,1,1,49,3|2|3|3|5|1|3|16,network_wide,49
chain,50,0.01,0.02,0.0,0.06,23,65,0.0,0.32653061224489793,48,20,3,1,48,2|2|3|3|5|1|3|4|10|1,network_wide,49
chain,50,0.01,0.02,0.0,0.06,24,66,0.0,0.30612244897959184,47,20,3,1,47,1|2|3|3|5|1|3|15|2,network_wide,49
chain,50,0.01,0.02,0.0,0.06,25,67,0.0,0.2653061224489796,46,20,1,1,46,2|4|3|5|1|3|15|3,network_wide,49
chain,50,0.01,0.02,0.0,0.06,26,68,0.0,0.2857142857142857,45,20,1,1,45,1|3|3|5|1|3|15|4,network_wide,49
chain,50,0.01,0.02,0.0,0.06,27,69,0.0,0.2857142857142857,44,20,1,1,44,1|4|3|5|1|3|4|10|5,network_wide,49
chain,50,0.01,0.02,0.0,0.06,28,70,0.0,0.2857142857142857,49,20,1,1,49,3|3|5|1|3|4|11|5,network_wide,49
chain,50,0.01,0.02,0.0,0.06,29,71,0.0,0.2857142857142857,49,20,3,1,49,2|3|5|1|3|16|5,network_wide,49
chain,50,0.01,0.02,0.0,0.06,30,72,0.0,0.2653061224489796,48,20,1,1,48,2|3|5|1|3|16|5|1,network_wide,49
chain,50,0.01,0.02,0.0,0.06,31,73,0.0,0.2857142857142857,47,20,3,1,47,2|3|5|1|3|4|11|5|2,network_wide,49
chain,50,0.01,0.02,0.0,0.06,32,74,0.0,0.2653061224489796,46,20,1,1,46,3|5|1|3|16|5|3,network_wide,49
chain,50,0.01,0.02,0.0,0.06,33,75,0.0,0.2653061224489796,45,20,1,1,45,3|5|1|3|4|11|5|4,network_wide,49
chain,50,0.01,0.02,0.0,0.06,34,76,0.0,0.24489795918367346,44,20,1,1,44,3|5|1|3|4|11|5|5,network_wide,49
chain,50,0.01,0.02,0.0,0.06,35,77,0.0,0.20408163265306123,43,20,1,1,43,3|5|1|3|16|5|6,network_wide,49
chain,50,0.01,0.02,0.0,0.06,36,78,0.0,0.24489795918367346,42,20,1,1,42,2|5|1|3|4|10|5|7,network_wide,49
chain,50,0.01,0.02,0.0,0.06,37,79,0.0,0.24489795918367346,49,20,1,1,49,2|5|1|3|15|5|7,network_wide,49
chain,50,0.01,0.02,0.0,0.06,38,80,0.0,0.24489795918367346,48,20,4,1,48,5|1|3|4|11|5|7|1,network_wide,49
chain,50,0.01,0.02,0.0,0.06,39,81,0.0,0.20408163265306123,47,20,1,1,47,5|1|3|16|5|7|2,network_wide,49
chain,50,0.01,0.02,0.0,0.06,40,82,0.0,0.22448979591836735,46,20,3,1,46,4|1|3|15|5|7|3,network_wide,49
chain,50,0.01,0.02,0.0,0.06,41,83,0.0,0.20408163265306123,45,20,1,1,45,4|1|3|16|5|7|4,network_wide,49
chain,50,0.01,0.02,0.0,0.06,42,84,0.0,0.22448979591836735,44,20,3,1,44,2|1|3|4|11|5|7|5,network_wide,49
chain,50,0.01,0.02,0.0,0.06,43,85,0.0,0.22448979591836735,43,20,1,1,43,1|1|3|15|5|7|6,network_wide,49
chain,50,0.01,0.02,0.0,0.06,44,86,0.0,0.20408163265306123,42,20,3,1,42,1|1|3|16|5|7|7,network_wide,49
chain,50,0.01,0.02,0.0,0.06,45,87,0.0,0.20408163265306123,41,20,1,1,41,1|3|15|5|7|8,network_wide,49
chain,50,0.01,0.02,0.0,0.06,46,88,0.0,0.16326530612244897,40,14,4,0,40,1|3|16|5|7|9,network_wide,49
chain,50,0.01,0.02,0.0,0.06,47,89,0.0,0.16326530612244897,39,14,3,0,39,1|3|4|11|5|7|10,network_wide,49
chain,50,0.01,0.02,0.0,0.06,48,90,0.0,0.20408163265306123,49,11,1,1,49,3|4|10|5|7|10,network_wide,49
chain,50,0.01,0.02,0.0,0.06,49,91,0.0,0.14285714285714285,48,11,1,0,48,3|16|5|7|10|1,network_wide,49
chain,50,0.01,0.02,0.0,0.062,0,42,0.0,0.32653061224489793,47,20,4,1,47,3|3|2|2|1|2|4|2|4|3|5|2,network_wide,49
chain,50,0.01,0.02,0.0,0.062,1,43,0.0,0.32653061224489793,48,20,5,1,48,2|3|5|1|2|4|2|4|3|5|1|1,network_wide,49
chain,50,0.01,0.02,0.0,0.062,2,44,0.0,0.32653061224489793,47,20,4,1,47,2|3|5|1|2|4|2|4|3|5|1|2,network_wide,49
chain,50,0.01,0.02,0.0,0.062,3,45,0.0,0.3469387755102041,46,27,4,1,46,1|3|2|2|1|2|4|2|4|3|5|1|3,network_wide,49
chain,50,0.01,0.02,0.0,0.062,4,46,0.0,0.32653061224489793,49,27,4,1,49,3|5|1|2|4|2|4|3|5|1|3,network_wide,49
chain,50,0.01,0.02,0.0,0.062,5,47,0.0,0.30612244897959184,48,20,5,1,48,3|5|1|2|4|2|4|3|5|1|3|1,network_wide,49
chain,50,0.01,0.02,0.0,0.062,6,48,0.0,0.32653061224489793,47,20,4,1,47,3|2|2|1|2|4|2|4|3|5|1|3|2,network_wide,49
chain,50,0.01,0.02,0.0,0.062,7,49,0.0,0.32653061224489793,46,20,4,1,46,1|2|2|1|2|4|2|4|3|5|1|3|3,network_wide,49
chain,50,0.01,0.02,0.0,0.062,8,50,0.0,0.32653061224489793,45,20,4,1,45,1|2|2|1|2|4|2|4|3|5|1|3|4,network_wide,49
chain,50,0.01,0.02,0.0,0.062,9,51,0.0,0.2857142857142857,44,20,5,1,44,5|1|2|4|2|4|3|5|1|3|5,network_wide,49
chain,50,0.01,0.02,0.0,0.062,10,52,0.0,0.2857142857142857,43,20,6,1,43,4|1|2|4|2|4|3|5|1|3|6,network_wide,49
chain,50,0.01,0.02,0.0,0.062,11,53,0.0,0.2857142857142857,42,20,4,1,42,3|1|2|4|2|4|3|5|1|3|7,network_wide,49
chain,50,0.01,0.02,0.0,0.062,12,54,0.0,0.2857142857142857,41,20,5,1,41,3|1|2|4|2|4|3|5|1|3|8,network_wide,49
chain,50,0.01,0.02,0.0,0.062,13,55,0.0,0.2857142857142857,40,20,5,1,40,1|1|2|4|2|4|3|5|1|3|9,network_wide,49
chain,50,0.01,0.02,0.0,0.062,14,56,0.0,0.2857142857142857,39,20,5,1,39,1|2|4|2|4|3|5|1|3|10,network_wide,49
chain,50,0.01,0.02,0.0,0.062,15,57,0.0,0.2653061224489796,38,20,15,1,38,1|2|4|2|4|3|5|1|3|11,network_wide,49
chain,50,0.01,0.02,0.0,0.062,16,58,0.0,0.2653061224489796,37,20,15,1,37,1|2|4|2|4|3|5|1|3|12,network_wide,49
chain,50,0.01,0.02,0.0,0.062,17,59,0.0,0.24489795918367346,36,20,15,1,36,2|4|2|4|3|5|1|3|13,network_wide,49
chain,50,0.01,0.02,0.0,0.062,18,60,0.0,0.24489795918367346,35,20,15,1,35,2|4|2|4|3|5|1|3|14,network_wide,49
chain,50,0.01,0.02,0.0,0.062,19,61,0.0,0.24489795918367346,34,20,15,1,34,1|4|2|4|3|5|1|3|15,network_wide,49
chain,50,0.01,0.02,0.0,0.062,20,62,0.0,0.22448979591836735,33,20,15,1,33,4|2|4|3|5|1|3|16,network_wide,49
chain,50,0.01,0.02,0.0,0.062,21,63,0.0,0.24489795918367346,49,20,15,1,49,4|2|4|3|5|1|3|16,network_wide,49
chain,50,0.01,0.02,0.0,0.062,22,64,0.0,0.2653061224489796,49,20,1,1,49,3|2|4|3|5|1|3|16,network_wide,49
chain,50,0.01,0.02,0.0,0.062,23,65,0.0,0.24489795918367346,48,20,3,1,48,2|2|4|3|5|1|3|17|1,core_weighted,49
chain,50,0.01,0.02,0.0,0.062,24,66,0.0,0.24489795918367346,47,20,3,1,47,1|2|4|3|5|1|3|17|2,core_weighted,49
chain,50,0.01,0.02,0.0,0.062,25,67,0.0,0.22448979591836735,46,20,1,1,46,2|4|3|5|1|3|17|3,core_weighted,49
chain,50,0.01,0.02,0.0,0.062,26,68,0.0,0.22448979591836735,45,20,1,1,45,1|4|3|5|1|3|17|4,core_weighted,49
chain,50,0.01,0.02,0.0,0.062,27,69,0.0,0.22448979591836735,44,20,1,1,44,1|4|3|5|1|3|17|5,core_weighted,49
chain,50,0.01,0.02,0.0,0.062,28,70,0.0,0.20408163265306123,43,20,1,1,43,4|3|5|1|3|17|6,core_weighted,49
chain,50,0.01,0.02,0.0,0.062,29,71,0.0,0.24489795918367346,49,20,3,1,49,3|3|5|1|3|17|5,network_wide,49
chain,50,0.01,0.02,0.0,0.062,30,72,0.0,0.24489795918367346,48,20,1,1,48,2|3|5|1|3|17|5|1,core_weighted,49
chain,50,0.01,0.02,0.0,0.062,31,73,0.0,0.24489795918367346,47,20,3,1,47,2|3|5|1|3|17|5|2,network_wide,49
chain,50,0.01,0.02,0.0,0.062,32,74,0.0,0.22448979591836735,46,20,1,1,46,3|5|1|3|17|6|3,core_weighted,49
chain,50,0.01,0.02,0.0,0.062,33,75,0.0,0.22448979591836735,45,20,1,1,45,3|5|1|3|17|5|4,core_weighted,49
chain,50,0.01,0.02,0.0,0.062,34,76,0.0,0.20408163265306123,44,20,1,1,44,3|5|1|3|17|5|5,network_wide,49
chain,50,0.01,0.02,0.0,0.062,35,77,0.0,0.1836734693877551,43,20,1,0,43,3|5|1|3|17|5|6,network_wide,49
chain,50,0.01,0.02,0.0,0.062,36,78,0.0,0.1836734693877551,42,20,1,0,42,2|5|1|3|17|5|7,network_wide,49
chain,50,0.01,0.02,0.0,0.062,37,79,0.0,0.20408163265306123,49,20,1,1,49,2|5|1|3|17|5|7,network_wide,49
chain,50,0.01,0.02,0.0,0.062,38,80,0.0,0.20408163265306123,48,20,4,1,48,5|1|3|17|5|7|1,core_weighted,49
chain,50,0.01,0.02,0.0,0.062,39,81,0.0,0.1836734693877551,47,20,1,0,47,5|1|3|17|5|7|2,network_wide,49
chain,50,0.01,0.02,0.0,0.062,40,82,0.0,0.1836734693877551,46,20,3,0,46,4|1|3|17|5|7|3,network_wide,49
chain,50,0.01,0.02,0.0,0.062,41,83,0.0,0.1836734693877551,45,20,1,0,45,4|1|3|17|5|7|4,network_wide,49
chain,50,0.01,0.02,0.0,0.062,42,84,0.0,0.1836734693877551,44,20,3,0,44,2|1|3|17|5|7|5,core_weighted,49
chain,50,0.01,0.02,0.0,0.062,43,85,0.0,0.1836734693877551,43,20,1,0,43,1|1|3|17|5|7|6,core_weighted,49
chain,50,0.01,0.02,0.0,0.062,44,86,0.0,0.1836734693877551,42,20,3,0,42,1|1|3|17|5|7|7,network_wide,49
chain,50,0.01,0.02,0.0,0.062,45,87,0.0,0.16326530612244897,41,20,1,0,41,1|3|17|5|7|8,core_weighted,49
chain,50,0.01,0.02,0.0,0.062,46,88,0.0,0.12244897959183673,40,14,4,0,40,1|3|17|6|7|9,core_weighted,49
chain,50,0.01,0.02,0.0,0.062,47,89,0.0,0.12244897959183673,39,14,3,0,39,1|3|17|5|7|10,network_wide,49
chain,50,0.01,0.02,0.0,0.062,48,90,0.0,0.14285714285714285,49,11,1,0,49,3|17|5|7|10,network_wide,49
chain,50,0.01,0.02,0.0,0.062,49,91,0.0,0.12244897959183673,48,11,1,0,48,3|17|5|7|10|1,network_wide,49
chain,50,0.01,0.02,0.0,0.064,0,42,0.0,0.2857142857142857,47,20,4,1,47,3|3|2|2|1|2|4|2|4|1|9|2,network_wide,49
chain,50,0.01,0.02,0.0,0.064,1,43,0.0,0.2653061224489796,46,20,5,1,46,2|3|5|1|2|4|2|4|1|9|3,network_wide,49
chain,50,0.01,0.02,0.0,0.064,2,44,0.0,0.2653061224489796,45,20,4,1,45,2|3|5|1|2|4|2|4|1|9|4,network_wide,49
chain,50,0.01,0.02,0.0,0.064,3,45,0.0,0.2857142857142857,44,27,4,1,44,1|3|2|2|1|2|4|2|4|1|9|5,network_wide,49
chain,50,0.01,0.02,0.0,0.064,4,46,0.0,0.2653061224489796,49,27,4,1,49,3|5|1|2|4|2|4|1|9|5,network_wide,49
chain,50,0.01,0.02,0.0,0.064,5,47,0.0,0.24489795918367346,48,20,5,1,48,3|5|1|2|4|2|4|1|9|5|1,network_wide,49
chain,50,0.01,0.02,0.0,0.064,6,48,0.0,0.2653061224489796,47,20,4,1,47,3|2|2|1|2|4|2|4|1|9|5|2,network_wide,49
chain,50,0.01,0.02,0.0,0.064,7,49,0.0,0.2653061224489796,46,20,4,1,46,1|2|2|1|2|4|2|4|1|9|5|3,network_wide,49
chain,50,0.01,0.02,0.0,0.064,8,50,0.0,0.2653061224489796,45,20,4,1,45,1|2|2|1|2|4|2|4|1|9|5|4,network_wide,49
chain,50,0.01,0.02,0.0,0.064,9,51,0.0,0.22448979591836735,44,20,5,1,44,5|1|2|4|2|4|1|9|5|5,network_wide,49
chain,50,0.01,0.02,0.0,0.064,10,52,0.0,0.22448979591836735,43,20,6,1,43,4|1|2|4|2|4|1|9|5|6,network_wide,49
chain,50,0.01,0.02,0.0,0.064,11,53,0.0,0.22448979591836735,42,20,4,1,42,3|1|2|4|2|4|1|9|5|7,network_wide,49
chain,50,0.01,0.02,0.0,0.064,12,54,0.0,0.22448979591836735,41,20,5,1,41,3|1|2|4|2|4|1|9|5|8,network_wide,49
chain,50,0.01,0.02,0.0,0.064,13,55,0.0,0.22448979591836735,40,20,5,1,40,1|1|2|4|2|4|1|9|5|9,network_wide,49
chain,50,0.01,0.02,0.0,0.064,14,56,0.0,0.22448979591836735,39,20,5,1,39,1|2|4|2|4|1|9|5|10,network_wide,49
chain,50,0.01,0.02,0.0,0.064,15,57,0.0,0.20408163265306123,38,20,15,1,38,1|2|4|2|4|1|9|5|11,network_wide,49
chain,50,0.01,0.02,0.0,0.064,16,58,0.0,0.20408163265306123,37,20,15,1,37,1|2|4|2|4|1|9|5|12,network_wide,49
chain,50,0.01,0.02,0.0,0.064,17,59,0.0,0.1836734693877551,36,20,15,0,36,2|4|2|4|1|9|5|13,network_wide,49
chain,50,0.01,0.02,0.0,0.064,18,60,0.0,0.1836734693877551,35,20,15,0,35,2|4|2|4|1|9|5|14,network_wide,49
chain,50,0.01,0.02,0.0,0.064,19,61,0.0,0.1836734693877551,34,20,15,0,34,1|4|2|4|1|9|5|15,network_wide,49
chain,50,0.01,0.02,0.0,0.064,20,62,0.0,0.16326530612244897,33,20,15,0,33,4|2|4|1|9|5|16,network_wide,49
chain,50,0.01,0.02,0.0,0.064,21,63,0.0,0.16326530612244897,32,20,15,0,32,4|2|4|1|9|5|17,network_wide,49
chain,50,0.01,0.02,0.0,0.064,22,64,0.0,0.1836734693877551,49,20,1,0,49,3|2|4|1|9|5|17,network_wide,49
chain,50,0.01,0.02,0.0,0.064,23,65,0.0,0.1836734693877551,48,20,3,0,48,2|2|4|1|9|5|17|1,network_wide,49
chain,50,0.01,0.02,0.0,0.064,24,66,0.0,0.1836734693877551,47,20,3,0,47,1|2|4|1|9|5|17|2,core_weighted,49
chain,50,0.01,0.02,0.0,0.064,25,67,0.0,0.16326530612244897,46,20,1,0,46,2|4|1|9|5|17|3,core_weighted,49
chain,50,0.01,0.02,0.0,0.064,26,68,0.0,0.16326530612244897,45,20,1,0,45,1|4|1|9|5|17|4,core_weighted,49
chain,50,0.01,0.02,0.0,0.064,27,69,0.0,0.16326530612244897,44,20,1,0,44,1|4|1|9|5|17|5,network_wide,49
chain,50,0.01,0.02,0.0,0.064,28,70,0.0,0.14285714285714285,43,20,1,0,43,4|1|9|5|17|6,core_weighted,49
chain,50,0.01,0.02,0.0,0.064,29,71,0.0,0.1836734693877551,49,20,3,0,49,3|1|9|5|17|5,network_wide,49
chain,50,0.01,0.02,0.0,0.064,30,72,0.0,0.1836734693877551,48,20,1,0,48,2|1|9|5|17|5|1,network_wide,49
chain,50,0.01,0.02,0.0,0.064,31,73,0.0,0.1836734693877551,47,20,3,0,47,2|1|9|5|17|5|2,network_wide,49
chain,50,0.01,0.02,0.0,0.064,32,74,0.0,0.16326530612244897,46,20,1,0,46,1|9|5|17|6|3,core_weighted,49
chain,50,0.01,0.02,0.0,0.064,33,75,0.0,0.1836734693877551,45,20,1,0,45,9|5|17|5|4,network_wide,49
chain,50,0.01,0.02,0.0,0.064,34,76,0.0,0.16326530612244897,44,20,1,0,44,9|5|17|5|5,network_wide,49
chain,50,0.01,0.02,0.0,0.064,35,77,0.0,0.14285714285714285,43,20,1,0,43,9|5|17|5|6,network_wide,49
chain,50,0.01,0.02,0.0,0.064,36,78,0.0,0.14285714285714285,42,20,1,0,42,8|5|17|5|7,network_wide,49
chain,50,0.01,0.02,0.0,0.064,37,79,0.0,0.16326530612244897,49,20,1,0,49,8|5|17|5|7,network_wide,49
chain,50,0.01,0.02,0.0,0.064,38,80,0.0,0.16326530612244897,48,20,4,0,48,6|5|17|5|7|1,network_wide,49
chain,50,0.01,0.02,0.0,0.064,39,81,0.0,0.16326530612244897,47,20,1,0,47,5|5|17|5|7|2,network_wide,49
chain,50,0.01,0.02,0.0,0.064,40,82,0.0,0.16326530612244897,46,20,3,0,46,4|5|17|5|7|3,network_wide,49
chain,50,0.01,0.02,0.0,0.064,41,83,0.0,0.16326530612244897,45,20,1,0,45,4|5|17|5|7|4,network_wide,49
chain,50,0.01,0.02,0.0,0.064,42,84,0.0,0.16326530612244897,44,20,3,0,44,2|5|17|5|7|5,network_wide,49
chain,50,0.01,0.02,0.0,0.064,43,85,0.0,0.16326530612244897,43,20,1,0,43,1|5|17|5|7|6,network_wide,49
chain,50,0.01,0.02,0.0,0.064,44,86,0.0,0.16326530612244897,42,20,3,0,42,1|5|17|5|7|7,network_wide,49
chain,50,0.01,0.02,0.0,0.064,45,87,0.0,0.14285714285714285,41,20,1,0,41,5|17|5|7|8,network_wide,49
chain,50,0.01,0.02,0.0,0.064,46,88,0.0,0.10204081632653061,40,13,4,0,40,5|17|6|7|9,network_wide,49
chain,50,0.01,0.02,0.0,0.064,47,89,0.0,0.10204081632653061,39,13,3,0,39,5|17|5|7|10,network_wide,49
chain,50,0.01,0.02,0.0,0.064,48,90,0.0,0.12244897959183673,49,10,1,0,49,4|17|5|7|10,network_wide,49
chain,50,0.01,0.02,0.0,0.064,49,91,0.0,0.12244897959183673,48,9,1,0,48,3|17|5|7|10|1,network_wide,49
chain,50,0.01,0.02,0.0,0.066,0,42,0.0,0.30612244897959184,47,20,4,1,47,3|3|2|2|1|2|4|2|4|9|2,network_wide,49
chain,50,0.01,0.02,0.0,0.066,1,43,0.0,0.2653061224489796,46,20,5,1,46,2|3|5|1|2|4|2|4|1|9|3,network_wide,49
chain,50,0.01,0.02,0.0,0.066,2,44,0.0,0.2857142857142857,45,20,4,1,45,2|3|5|1|2|4|2|4|9|4,network_wide,49
chain,50,0.01,0.02,0.0,0.066,3,45,0.0,0.30612244897959184,44,27,4,1,44,1|3|2|2|1|2|4|2|4|9|5,network_wide,49
chain,50,0.01,0.02,0.0,0.066,4,46,0.0,0.2857142857142857,49,27,4,1,49,3|5|1|2|4|2|4|9|5,network_wide,49
chain,50,0.01,0.02,0.0,0.066,5,47,0.0,0.24489795918367346,48,20,5,1,48,3|5|1|2|4|2|4|1|9|5|1,network_wide,49
chain,50,0.01,0.02,0.0,0.066,6,48,0.0,0.2857142857142857,47,20,4,1,47,3|2|2|1|2|4|2|4|9|5|2,network_wide,49
chain,50,0.01,0.02,0.0,0.066,7,49,0.0,0.2653061224489796,46,20,4,1,46,1|2|2|1|2|4|2|4|1|9|5|3,network_wide,49
chain,50,0.01,0.02,0.0,0.066,8,50,0.0,0.2653061224489796,45,20,4,1,45,1|2|2|1|2|4|2|4|1|9|5|4,network_wide,49
chain,50,0.01,0.02,0.0,0.066,9,51,0.0,0.24489795918367346,44,20,5,1,44,5|1|2|4|2|4|9|5|5,network_wide,49
chain,50,0.01,0.02,0.0,0.066,10,52,0.0,0.24489795918367346,43,20,6,1,43,4|1|2|4|2|4|9|5|6,network_wide,49
chain,50,0.01,0.02,0.0,0.066,11,53,0.0,0.22448979591836735,42,20,5,1,42,3|1|2|4|2|4|1|9|5|7,network_wide,49
chain,50,0.01,0.02,0.0,0.066,12,54,0.0,0.24489795918367346,41,20,5,1,41,3|1|2|4|2|4|9|5|8,network_wide,49
chain,50,0.01,0.02,0.0,0.066,13,55,0.0,0.22448979591836735,40,20,5,1,40,1|1|2|4|2|4|1|9|5|9,network_wide,49
chain,50,0.01,0.02,0.0,0.066,14,56,0.0,0.22448979591836735,39,20,5,1,39,1|1|2|4|2|4|1|9|5|10,network_wide,49
chain,50,0.01,0.02,0.0,0.066,15,57,0.0,0.20408163265306123,38,20,15,1,38,1|2|4|2|4|1|9|5|11,network_wide,49
chain,50,0.01,0.02,0.0,0.066,16,58,0.0,0.22448979591836735,37,20,15,1,37,1|2|4|2|4|9|5|12,network_wide,49
chain,50,0.01,0.02,0.0,0.066,17,59,0.0,0.1836734693877551,36,20,15,0,36,2|4|2|4|1|9|5|13,network_wide,49
chain,50,0.01,0.02,0.0,0.066,18,60,0.0,0.20408163265306123,35,20,15,1,35,2|4|2|4|9|5|14,network_wide,49
chain,50,0.01,0.02,0.0,0.066,19,61,0.0,0.1836734693877551,34,20,15,0,34,1|4|2|4|1|9|5|15,network_wide,49
chain,50,0.01,0.02,0.0,0.066,20,62,0.0,0.16326530612244897,33,20,15,0,33,4|2|4|1|9|5|16,network_wide,49
chain,50,0.01,0.02,0.0,0.066,21,63,0.0,0.16326530612244897,32,20,15,0,32,4|2|4|1|9|5|17,network_wide,49
chain,50,0.01,0.02,0.0,0.066,22,64,0.0,0.1836734693877551,49,20,1,0,49,3|2|4|1|9|5|17,network_wide,49
chain,50,0.01,0.02,0.0,0.066,23,65,0.0,0.1836734693877551,48,20,3,0,48,2|2|4|1|9|5|17|1,network_wide,49
chain,50,0.01,0.02,0.0,0.066,24,66,0.0,0.1836734693877551,47,20,3,0,47,1|2|4|1|9|5|17|2,core_weighted,49
chain,50,0.01,0.02,0.0,0.066,25,67,0.0,0.1836734693877551,46,20,1,0,46,2|4|9|5|17|3,core_weighted,49
chain,50,0.01,0.02,0.0,0.066,26,68,0.0,0.16326530612244897,45,20,1,0,45,1|4|1|9|5|17|4,core_weighted,49
chain,50,0.01,0.02,0.0,0.066,27,69,0.0,0.1836734693877551,44,20,1,0,44,1|4|9|5|17|5,core_weighted,49
chain,50,0.01,0.02,0.0,0.066,28,70,0.0,0.16326530612244897,49,20,1,0,49,4|1|9|5|17|5,network_wide,49
chain,50,0.01,0.02,0.0,0.066,29,71,0.0,0.1836734693877551,49,20,3,0,49,3|1|9|5|17|5,network_wide,49
chain,50,0.01,0.02,0.0,0.066,30,72,0.0,0.20408163265306123,48,20,1,1,48,2|9|5|17|5|1,network_wide,49
chain,50,0.01,0.02,0.0,0.066,31,73,0.0,0.1836734693877551,47,20,3,0,47,2|1|9|5|17|5|2,network_wide,49
chain,50,0.01,0.02,0.0,0.066,32,74,0.0,0.1836734693877551,46,20,1,0,46,9|5|17|6|3,core_weighted,49
chain,50,0.01,0.02,0.0,0.066,33,75,0.0,0.1836734693877551,45,20,1,0,45,9|5|17|5|4,network_wide,49
chain,50,0.01,0.02,0.0,0.066,34,76,0.0,0.16326530612244897,44,20,1,0,44,9|5|17|5|5,network_wide,49
chain,50,0.01,0.02,0.0,0.066,35,77,0.0,0.14285714285714285,43,20,1,0,43,9|5|17|5|6,network_wide,49
chain,50,0.01,0.02,0.0,0.066,36,78,0.0,0.14285714285714285,42,20,1,0,42,8|5|17|5|7,network_wide,49
chain,50,0.01,0.02,0.0,0.066,37,79,0.0,0.16326530612244897,49,20,1,0,49,8|5|17|5|7,network_wide,49
chain,50,0.01,0.02,0.0,0.066,38,80,0.0,0.16326530612244897,48,20,4,0,48,6|5|17|5|7|1,network_wide,49
chain,50,0.01,0.02,0.0,0.066,39,81,0.0,0.16326530612244897,47,20,1,0,47,5|5|17|5|7|2,network_wide,49
chain,50,0.01,0.02,0.0,0.066,40,82,0.0,0.16326530612244897,46,20,3,0,46,4|5|17|5|7|3,network_wide,49
chain,50,0.01,0.02,0.0,0.066,41,83,0.0,0.16326530612244897,45,20,1,0,45,4|5|17|5|7|4,network_wide,49
chain,50,0.01,0.02,0.0,0.066,42,84,0.0,0.16326530612244897,44,20,3,0,44,2|5|17|5|7|5,network_wide,49
chain,50,0.01,0.02,0.0,0.066,43,85,0.0,0.16326530612244897,43,20,1,0,43,1|5|17|5|7|6,network_wide,49
chain,50,0.01,0.02,0.0,0.066,44,86,0.0,0.16326530612244897,42,20,3,0,42,1|5|17|5|7|7,network_wide,49
chain,50,0.01,0.02,0.0,0.066,45,87,0.0,0.14285714285714285,41,20,1,0,41,5|17|5|7|8,network_wide,49
chain,50,0.01,0.02,0.0,0.066,46,88,0.0,0.12244897959183673,40,8,4,0,40,5|17|5|7|9,network_wide,49
chain,50,0.01,0.02,0.0,0.066,47,89,0.0,0.10204081632653061,39,8,3,0,39,5|17|5|7|10,network_wide,49
chain,50,0.01,0.02,0.0,0.066,48,90,0.0,0.12244897959183673,49,8,1,0,49,4|17|5|7|10,network_wide,49
chain,50,0.01,0.02,0.0,0.066,49,91,0.0,0.12244897959183673,48,9,1,0,48,3|17|5|7|10|1,network_wide,49
chain,50,0.01,0.02,0.0,0.068,0,42,0.0,0.2857142857142857,47,20,4,1,47,3|4|2|2|1|2|4|2|4|9|2,network_wide,49
chain,50,0.01,0.02,0.0,0.068,1,43,0.0,0.2653061224489796,46,20,5,1,46,2|3|5|1|2|4|2|4|1|9|3,network_wide,49
chain,50,0.01,0.02,0.0,0.068,2,44,0.0,0.2857142857142857,45,20,4,1,45,2|3|5|1|2|4|2|4|9|4,network_wide,49
chain,50,0.01,0.02,0.0,0.068,3,45,0.0,0.2857142857142857,44,26,4,1,44,1|3|5|1|2|4|2|4|9|5,network_wide,49
chain,50,0.01,0.02,0.0,0.068,4,46,0.0,0.2857142857142857,49,27,4,1,49,3|5|1|2|4|2|4|9|5,network_wide,49
chain,50,0.01,0.02,0.0,0.068,5,47,0.0,0.24489795918367346,48,20,5,1,48,3|5|1|2|4|2|4|1|9|5|1,network_wide,49
chain,50,0.01,0.02,0.0,0.068,6,48,0.0,0.2653061224489796,47,20,4,1,47,3|5|1|2|4|2|4|9|5|2,network_wide,49
chain,50,0.01,0.02,0.0,0.068,7,49,0.0,0.2653061224489796,46,20,5,1,46,1|2|2|1|2|4|2|4|1|9|5|3,network_wide,49
chain,50,0.01,0.02,0.0,0.068,8,50,0.0,0.2653061224489796,45,20,5,1,45,1|2|2|1|2|4|2|4|1|9|5|4,network_wide,49
chain,50,0.01,0.02,0.0,0.068,9,51,0.0,0.24489795918367346,44,20,5,1,44,5|1|2|4|2|4|9|5|5,network_wide,49
chain,50,0.01,0.02,0.0,0.068,10,52,0.0,0.24489795918367346,43,20,6,1,43,4|1|2|4|2|4|9|5|6,network_wide,49
chain,50,0.01,0.02,0.0,0.068,11,53,0.0,0.22448979591836735,42,20,5,1,42,3|1|2|4|2|4|1|9|5|7,network_wide,49
chain,50,0.01,0.02,0.0,0.068,12,54,0.0,0.24489795918367346,41,20,5,1,41,3|1|2|4|2|4|9|5|8,network_wide,49
chain,50,0.01,0.02,0.0,0.068,13,55,0.0,0.22448979591836735,40,20,5,1,40,1|1|2|4|2|4|1|9|5|9,network_wide,49
chain,50,0.01,0.02,0.0,0.068,14,56,0.0,0.22448979591836735,39,20,5,1,39,1|1|2|4|2|4|1|9|5|10,network_wide,49
chain,50,0.01,0.02,0.0,0.068,15,57,0.0,0.20408163265306123,38,20,15,1,38,1|2|4|2|4|1|9|5|11,network_wide,49
chain,50,0.01,0.02,0.0,0.068,16,58,0.0,0.22448979591836735,37,20,15,1,37,1|2|4|2|4|9|5|12,network_wide,49
chain,50,0.01,0.02,0.0,0.068,17,59,0.0,0.1836734693877551,36,20,16,0,36,2|4|2|4|1|9|5|13,network_wide,49
chain,50,0.01,0.02,0.0,0.068,18,60,0.0,0.20408163265306123,35,20,16,1,35,2|4|2|4|9|5|14,network_wide,49
chain,50,0.01,0.02,0.0,0.068,19,61,0.0,0.1836734693877551,34,20,15,0,34,1|4|2|4|1|9|5|15,network_wide,49
chain,50,0.01,0.02,0.0,0.068,20,62,0.0,0.16326530612244897,33,20,16,0,33,4|2|4|1|9|5|16,network_wide,49
chain,50,0.01,0.02,0.0,0.068,21,63,0.0,0.16326530612244897,32,20,15,0,32,4|2|4|1|9|5|17,network_wide,49
chain,50,0.01,0.02,0.0,0.068,22,64,0.0,0.1836734693877551,49,20,1,0,49,3|2|4|1|9|5|17,network_wide,49
chain,50,0.01,0.02,0.0,0.068,23,65,0.0,0.1836734693877551,48,20,3,0,48,2|2|4|1|9|5|17|1,network_wide,49
chain,50,0.01,0.02,0.0,0.068,24,66,0.0,0.1836734693877551,47,20,3,0,47,1|2|4|1|9|5|17|2,core_weighted,49
chain,50,0.01,0.02,0.0,0.068,25,67,0.0,0.1836734693877551,46,20,1,0,46,2|4|9|5|17|3,core_weighted,49
chain,50,0.01,0.02,0.0,0.068,26,68,0.0,0.16326530612244897,45,20,1,0,45,1|4|1|9|5|17|4,core_weighted,49
chain,50,0.01,0.02,0.0,0.068,27,69,0.0,0.1836734693877551,44,20,1,0,44,1|4|9|5|17|5,core_weighted,49
chain,50,0.01,0.02,0.0,0.068,28,70,0.0,0.16326530612244897,49,20,1,0,49,4|1|9|5|17|5,network_wide,49
chain,50,0.01,0.02,0.0,0.068,29,71,0.0,0.1836734693877551,49,20,3,0,49,3|1|9|5|17|5,network_wide,49
chain,50,0.01,0.02,0.0,0.068,30,72,0.0,0.20408163265306123,48,20,1,1,48,2|9|5|17|5|1,network_wide,49
chain,50,0.01,0.02,0.0,0.068,31,73,0.0,0.1836734693877551,47,20,3,0,47,2|1|9|5|17|5|2,network_wide,49
chain,50,0.01,0.02,0.0,0.068,32,74,0.0,0.1836734693877551,46,20,1,0,46,9|5|17|6|3,core_weighted,49
chain,50,0.01,0.02,0.0,0.068,33,75,0.0,0.16326530612244897,45,20,1,0,45,1|9|5|17|5|4,network_wide,49
chain,50,0.01,0.02,0.0,0.068,34,76,0.0,0.16326530612244897,44,20,1,0,44,9|5|17|5|5,network_wide,49
chain,50,0.01,0.02,0.0,0.068,35,77,0.0,0.14285714285714285,43,20,1,0,43,9|5|17|5|6,network_wide,49
chain,50,0.01,0.02,0.0,0.068,36,78,0.0,0.14285714285714285,42,20,1,0,42,8|5|17|5|7,network_wide,49
chain,50,0.01,0.02,0.0,0.068,37,79,0.0,0.16326530612244897,49,20,1,0,49,8|5|17|5|7,network_wide,49
chain,50,0.01,0.02,0.0,0.068,38,80,0.0,0.16326530612244897,48,20,4,0,48,6|5|17|5|7|1,network_wide,49
chain,50,0.01,0.02,0.0,0.068,39,81,0.0,0.16326530612244897,47,20,1,0,47,5|5|17|5|7|2,network_wide,49
chain,50,0.01,0.02,0.0,0.068,40,82,0.0,0.16326530612244897,46,20,3,0,46,4|5|17|5|7|3,network_wide,49
chain,50,0.01,0.02,0.0,0.068,41,83,0.0,0.16326530612244897,45,20,1,0,45,4|5|17|5|7|4,network_wide,49
chain,50,0.01,0.02,0.0,0.068,42,84,0.0,0.16326530612244897,44,20,3,0,44,2|5|17|5|7|5,network_wide,49
chain,50,0.01,0.02,0.0,0.068,43,85,0.0,0.16326530612244897,43,20,1,0,43,1|5|17|5|7|6,network_wide,49
chain,50,0.01,0.02,0.0,0.068,44,86,0.0,0.16326530612244897,42,20,3,0,42,1|5|17|5|7|7,network_wide,49
chain,50,0.01,0.02,0.0,0.068,45,87,0.0,0.14285714285714285,41,20,1,0,41,5|17|5|7|8,network_wide,49
chain,50,0.01,0.02,0.0,0.068,46,88,0.0,0.12244897959183673,40,8,4,0,40,5|17|5|7|9,network_wide,49
chain,50,0.01,0.02,0.0,0.068,47,89,0.0,0.10204081632653061,39,8,3,0,39,5|17|5|7|10,network_wide,49
chain,50,0.01,0.02,0.0,0.068,48,90,0.0,0.12244897959183673,49,8,1,0,49,4|17|5|7|10,network_wide,49
chain,50,0.01,0.02,0.0,0.068,49,91,0.0,0.12244897959183673,48,8,1,0,48,3|17|5|7|10|1,network_wide,49
chain,50,0.01,0.02,0.0,0.07,0,42,0.0,0.2857142857142857,47,20,4,1,47,3|4|2|2|1|2|4|2|4|9|2,network_wide,49
chain,50,0.01,0.02,0.0,0.07,1,43,0.0,0.2857142857142857,46,20,5,1,46,2|3|5|1|2|4|2|4|9|3,network_wide,49
chain,50,0.01,0.02,0.0,0.07,2,44,0.0,0.2857142857142857,45,20,4,1,45,2|3|5|1|2|4|2|4|9|4,network_wide,49
chain,50,0.01,0.02,0.0,0.07,3,45,0.0,0.2857142857142857,44,20,4,1,44,1|3|5|1|2|4|2|4|9|5,network_wide,49
chain,50,0.01,0.02,0.0,0.07,4,46,0.0,0.2857142857142857,49,26,4,1,49,3|5|1|2|4|2|4|9|5,network_wide,49
chain,50,0.01,0.02,0.0,0.07,5,47,0.0,0.2653061224489796,48,20,5,1,48,3|5|1|2|4|2|4|9|5|1,network_wide,49
chain,50,0.01,0.02,0.0,0.07,6,48,0.0,0.2653061224489796,47,20,4,1,47,3|5|1|2|4|2|4|9|5|2,network_wide,49
chain,50,0.01,0.02,0.0,0.07,7,49,0.0,0.2653061224489796,46,20,5,1,46,1|5|1|2|4|2|4|9|5|3,network_wide,49
chain,50,0.01,0.02,0.0,0.07,8,50,0.0,0.2653061224489796,45,20,5,1,45,1|5|1|2|4|2|4|9|5|4,network_wide,49
chain,50,0.01,0.02,0.0,0.07,9,51,0.0,0.24489795918367346,44,20,5,1,44,5|1|2|4|2|4|9|5|5,network_wide,49
chain,50,0.01,0.02,0.0,0.07,10,52,0.0,0.24489795918367346,43,20,6,1,43,4|1|2|4|2|4|9|5|6,network_wide,49
chain,50,0.01,0.02,0.0,0.07,11,53,0.0,0.24489795918367346,42,20,5,1,42,3|1|2|4|2|4|9|5|7,network_wide,49
chain,50,0.01,0.02,0.0,0.07,12,54,0.0,0.24489795918367346,41,20,5,1,41,3|1|2|4|2|4|9|5|8,network_wide,49
chain,50,0.01,0.02,0.0,0.07,13,55,0.0,0.24489795918367346,40,20,5,1,40,1|1|2|4|2|4|9|5|9,network_wide,49
chain,50,0.01,0.02,0.0,0.07,14,56,0.0,0.24489795918367346,39,20,5,1,39,1|1|2|4|2|4|9|5|10,network_wide,49
chain,50,0.01,0.02,0.0,0.07,15,57,0.0,0.22448979591836735,38,20,15,1,38,1|2|4|2|4|9|5|11,network_wide,49
chain,50,0.01,0.02,0.0,0.07,16,58,0.0,0.22448979591836735,37,20,15,1,37,1|2|4|2|4|9|5|12,network_wide,49
chain,50,0.01,0.02,0.0,0.07,17,59,0.0,0.20408163265306123,36,20,16,1,36,2|4|2|4|9|5|13,network_wide,49
chain,50,0.01,0.02,0.0,0.07,18,60,0.0,0.20408163265306123,35,20,16,1,35,2|4|2|4|9|5|14,network_wide,49
chain,50,0.01,0.02,0.0,0.07,19,61,0.0,0.20408163265306123,34,20,15,1,34,1|4|2|4|9|5|15,network_wide,49
chain,50,0.01,0.02,0.0,0.07,20,62,0.0,0.1836734693877551,33,20,16,0,33,4|2|4|9|5|16,network_wide,49
chain,50,0.01,0.02,0.0,0.07,21,63,0.0,0.1836734693877551,32,20,15,0,32,4|2|4|9|5|17,network_wide,49
chain,50,0.01,0.02,0.0,0.07,22,64,0.0,0.20408163265306123,49,20,1,1,49,3|2|4|9|5|17,network_wide,49
chain,50,0.01,0.02,0.0,0.07,23,65,0.0,0.20408163265306123,48,20,3,1,48,2|2|4|9|5|17|1,core_weighted,49
chain,50,0.01,0.02,0.0,0.07,24,66,0.0,0.20408163265306123,47,20,3,1,47,1|2|4|9|5|17|2,core_weighted,49
chain,50,0.01,0.02,0.0,0.07,25,67,0.0,0.1836734693877551,46,20,1,0,46,2|4|9|5|17|3,core_weighted,49
chain,50,0.01,0.02,0.0,0.07,26,68,0.0,0.1836734693877551,45,20,1,0,45,1|4|9|5|17|4,core_weighted,49
chain,50,0.01,0.02,0.0,0.07,27,69,0.0,0.1836734693877551,44,20,1,0,44,1|4|9|5|17|5,core_weighted,49
chain,50,0.01,0.02,0.0,0.07,28,70,0.0,0.1836734693877551,49,20,1,0,49,4|9|5|17|5,core_weighted,49
chain,50,0.01,0.02,0.0,0.07,29,71,0.0,0.20408163265306123,49,20,3,1,49,3|9|5|17|5,network_wide,49
chain,50,0.01,0.02,0.0,0.07,30,72,0.0,0.20408163265306123,48,20,1,1,48,2|9|5|17|5|1,network_wide,49
chain,50,0.01,0.02,0.0,0.07,31,73,0.0,0.20408163265306123,47,20,3,1,47,2|9|5|17|5|2,network_wide,49
chain,50,0.01,0.02,0.0,0.07,32,74,0.0,0.1836734693877551,46,20,1,0,46,9|5|17|6|3,core_weighted,49
chain,50,0.01,0.02,0.0,0.07,33,75,0.0,0.1836734693877551,45,20,1,0,45,9|5|17|5|4,network_wide,49
chain,50,0.01,0.02,0.0,0.07,34,76,0.0,0.16326530612244897,44,20,1,0,44,9|5|17|5|5,network_wide,49
chain,50,0.01,0.02,0.0,0.07,35,77,0.0,0.14285714285714285,43,20,1,0,43,9|5|17|5|6,network_wide,49
chain,50,0.01,0.02,0.0,0.07,36,78,0.0,0.14285714285714285,42,20,1,0,42,8|5|17|5|7,network_wide,49
chain,50,0.01,0.02,0.0,0.07,37,79,0.0,0.16326530612244897,49,20,1,0,49,8|5|17|5|7,network_wide,49
chain,50,0.01,0.02,0.0,0.07,38,80,0.0,0.16326530612244897,48,20,4,0,48,6|5|17|5|7|1,network_wide,49
chain,50,0.01,0.02,0.0,0.07,39,81,0.0,0.16326530612244897,47,20,1,0,47,5|5|17|5|7|2,network_wide,49
chain,50,0.01,0.02,0.0,0.07,40,82,0.0,0.16326530612244897,46,20,3,0,46,4|5|17|5|7|3,network_wide,49
chain,50,0.01,0.02,0.0,0.07,41,83,0.0,0.16326530612244897,45,20,1,0,45,4|5|17|5|7|4,network_wide,49
chain,50,0.01,0.02,0.0,0.07,42,84,0.0,0.16326530612244897,44,20,3,0,44,2|5|17|5|7|5,network_wide,49
chain,50,0.01,0.02,0.0,0.07,43,85,0.0,0.16326530612244897,43,20,1,0,43,1|5|17|5|7|6,network_wide,49
chain,50,0.01,0.02,0.0,0.07,44,86,0.0,0.16326530612244897,42,20,3,0,42,1|5|17|5|7|7,network_wide,49
chain,50,0.01,0.02,0.0,0.07,45,87,0.0,0.14285714285714285,41,20,1,0,41,5|17|5|7|8,network_wide,49
chain,50,0.01,0.02,0.0,0.07,46,88,0.0,0.12244897959183673,40,8,4,0,40,5|17|5|7|9,network_wide,49
chain,50,0.01,0.02,0.0,0.07,47,89,0.0,0.10204081632653061,39,8,3,0,39,5|17|5|7|10,network_wide,49
chain,50,0.01,0.02,0.0,0.07,48,90,0.0,0.12244897959183673,49,8,1,0,49,4|17|5|7|10,network_wide,49
chain,50,0.01,0.02,0.0,0.07,49,91,0.0,0.12244897959183673,48,8,1,0,48,3|17|5|7|10|1,network_wide,49
chain,50,0.01,0.02,0.0,0.072,0,42,0.0,0.2653061224489796,47,20,4,1,47,3|4|5|1|2|4|2|4|9|2,network_wide,49
chain,50,0.01,0.02,0.0,0.072,1,43,0.0,0.2857142857142857,46,20,5,1,46,2|3|5|1|2|4|2|4|9|3,network_wide,49
chain,50,0.01,0.02,0.0,0.072,2,44,0.0,0.2857142857142857,45,20,4,1,45,2|3|5|1|2|4|2|4|9|4,network_wide,49
chain,50,0.01,0.02,0.0,0.072,3,45,0.0,0.2857142857142857,44,20,4,1,44,1|3|5|1|2|4|2|4|9|5,network_wide,49
chain,50,0.01,0.02,0.0,0.072,4,46,0.0,0.2857142857142857,49,20,4,1,49,3|5|1|2|4|2|4|9|5,network_wide,49
chain,50,0.01,0.02,0.0,0.072,5,47,0.0,0.2653061224489796,48,20,5,1,48,3|5|1|2|4|2|4|9|5|1,network_wide,49
chain,50,0.01,0.02,0.0,0.072,6,48,0.0,0.2653061224489796,47,20,4,1,47,3|5|1|2|4|2|4|9|5|2,network_wide,49
chain,50,0.01,0.02,0.0,0.072,7,49,0.0,0.2653061224489796,46,20,5,1,46,1|5|1|2|4|2|4|9|5|3,network_wide,49
chain,50,0.01,0.02,0.0,0.072,8,50,0.0,0.2653061224489796,45,20,5,1,45,1|5|1|2|4|2|4|9|5|4,network_wide,49
chain,50,0.01,0.02,0.0,0.072,9,51,0.0,0.24489795918367346,44,20,5,1,44,5|1|2|4|2|4|9|5|5,network_wide,49
chain,50,0.01,0.02,0.0,0.072,10,52,0.0,0.24489795918367346,43,20,6,1,43,4|1|2|4|2|4|9|5|6,network_wide,49
chain,50,0.01,0.02,0.0,0.072,11,53,0.0,0.24489795918367346,42,20,5,1,42,3|1|2|4|2|4|9|5|7,network_wide,49
chain,50,0.01,0.02,0.0,0.072,12,54,0.0,0.24489795918367346,41,20,5,1,41,3|1|2|4|2|4|9|5|8,network_wide,49
chain,50,0.01,0.02,0.0,0.072,13,55,0.0,0.24489795918367346,40,20,5,1,40,1|1|2|4|2|4|9|5|9,network_wide,49
chain,50,0.01,0.02,0.0,0.072,14,56,0.0,0.24489795918367346,39,20,5,1,39,1|1|2|4|2|4|9|5|10,network_wide,49
chain,50,0.01,0.02,0.0,0.072,15,57,0.0,0.22448979591836735,38,20,16,1,38,1|2|4|2|4|9|5|11,network_wide,49
chain,50,0.01,0.02,0.0,0.072,16,58,0.0,0.22448979591836735,37,20,15,1,37,1|2|4|2|4|9|5|12,network_wide,49
chain,50,0.01,0.02,0.0,0.072,17,59,0.0,0.20408163265306123,36,20,16,1,36,2|4|2|4|9|5|13,network_wide,49
chain,50,0.01,0.02,0.0,0.072,18,60,0.0,0.20408163265306123,35,20,16,1,35,2|4|2|4|9|5|14,network_wide,49
chain,50,0.01,0.02,0.0,0.072,19,61,0.0,0.20408163265306123,34,20,15,1,34,1|4|2|4|9|5|15,network_wide,49
chain,50,0.01,0.02,0.0,0.072,20,62,0.0,0.1836734693877551,33,20,16,0,33,4|2|4|9|5|16,network_wide,49
chain,50,0.01,0.02,0.0,0.072,21,63,0.0,0.1836734693877551,32,20,15,0,32,4|2|4|9|5|17,network_wide,49
chain,50,0.01,0.02,0.0,0.072,22,64,0.0,0.20408163265306123,49,20,1,1,49,3|2|4|9|5|17,network_wide,49
chain,50,0.01,0.02,0.0,0.072,23,65,0.0,0.20408163265306123,48,20,3,1,48,2|2|4|9|5|17|1,core_weighted,49
chain,50,0.01,0.02,0.0,0.072,24,66,0.0,0.20408163265306123,47,20,3,1,47,1|2|4|9|5|17|2,core_weighted,49
chain,50,0.01,0.02,0.0,0.072,25,67,0.0,0.1836734693877551,46,20,1,0,46,2|4|9|5|17|3,core_weighted,49
chain,50,0.01,0.02,0.0,0.072,26,68,0.0,0.1836734693877551,45,20,1,0,45,1|4|9|5|17|4,core_weighted,49
chain,50,0.01,0.02,0.0,0.072,27,69,0.0,0.1836734693877551,44,20,1,0,44,1|4|9|5|17|5,core_weighted,49
chain,50,0.01,0.02,0.0,0.072,28,70,0.0,0.1836734693877551,49,20,1,0,49,4|9|5|17|5,core_weighted,49
chain,50,0.01,0.02,0.0,0.072,29,71,0.0,0.20408163265306123,49,20,3,1,49,3|9|5|17|5,network_wide,49
chain,50,0.01,0.02,0.0,0.072,30,72,0.0,0.20408163265306123,48,20,1,1,48,2|9|5|17|5|1,network_wide,49
chain,50,0.01,0.02,0.0,0.072,31,73,0.0,0.20408163265306123,47,20,3,1,47,2|9|5|17|5|2,network_wide,49
chain,50,0.01,0.02,0.0,0.072,32,74,0.0,0.1836734693877551,46,20,1,0,46,9|5|17|6|3,core_weighted,49
chain,50,0.01,0.02,0.0,0.072,33,75,0.0,0.1836734693877551,45,20,1,0,45,9|5|17|5|4,network_wide,49
chain,50,0.01,0.02,0.0,0.072,34,76,0.0,0.16326530612244897,44,20,1,0,44,9|5|17|5|5,network_wide,49
chain,50,0.01,0.02,0.0,0.072,35,77,0.0,0.14285714285714285,43,20,1,0,43,9|5|17|5|6,network_wide,49
chain,50,0.01,0.02,0.0,0.072,36,78,0.0,0.14285714285714285,42,20,1,0,42,8|5|17|5|7,network_wide,49
chain,50,0.01,0.02,0.0,0.072,37,79,0.0,0.16326530612244897,49,20,1,0,49,8|5|17|5|7,network_wide,49
chain,50,0.01,0.02,0.0,0.072,38,80,0.0,0.16326530612244897,48,20,4,0,48,6|5|17|5|7|1,network_wide,49
chain,50,0.01,0.02,0.0,0.072,39,81,0.0,0.16326530612244897,47,20,1,0,47,5|5|17|5|7|2,network_wide,49
chain,50,0.01,0.02,0.0,0.072,40,82,0.0,0.16326530612244897,46,20,3,0,46,4|5|17|5|7|3,network_wide,49
chain,50,0.01,0.02,0.0,0.072,41,83,0.0,0.16326530612244897,45,20,1,0,45,4|5|17|5|7|4,network_wide,49
chain,50,0.01,0.02,0.0,0.072,42,84,0.0,0.16326530612244897,44,20,3,0,44,2|5|17|5|7|5,network_wide,49
chain,50,0.01,0.02,0.0,0.072,43,85,0.0,0.16326530612244897,43,20,1,0,43,1|5|17|5|7|6,network_wide,49
chain,50,0.01,0.02,0.0,0.072,44,86,0.0,0.16326530612244897,42,20,3,0,42,1|5|17|5|7|7,network_wide,49
chain,50,0.01,0.02,0.0,0.072,45,87,0.0,0.14285714285714285,41,20,1,0,41,5|17|5|7|8,network_wide,49
chain,50,0.01,0.02,0.0,0.072,46,88,0.0,0.12244897959183673,40,8,4,0,40,5|17|5|7|9,network_wide,49
chain,50,0.01,0.02,0.0,0.072,47,89,0.0,0.10204081632653061,39,8,3,0,39,5|17|5|7|10,network_wide,49
chain,50,0.01,0.02,0.0,0.072,48,90,0.0,0.12244897959183673,49,8,1,0,49,4|17|5|7|10,network_wide,49
chain,50,0.01,0.02,0.0,0.072,49,91,0.0,0.12244897959183673,48,8,1,0,48,3|17|5|7|10|1,network_wide,49
chain,50,0.01,0.02,0.0,0.074,0,42,0.0,0.24489795918367346,47,19,4,1,47,3|4|5|1|2|4|2|4|10|2,network_wide,49
chain,50,0.01,0.02,0.0,0.074,1,43,0.0,0.2653061224489796,46,19,5,1,46,2|3|5|1|2|4|2|4|10|3,network_wide,49
chain,50,0.01,0.02,0.0,0.074,2,44,0.0,0.2653061224489796,45,19,4,1,45,2|3|5|1|2|4|2|4|10|4,network_wide,49
chain,50,0.01,0.02,0.0,0.074,3,45,0.0,0.2653061224489796,44,19,4,1,44,1|3|5|1|2|4|2|4|10|5,network_wide,49
chain,50,0.01,0.02,0.0,0.074,4,46,0.0,0.2653061224489796,49,19,4,1,49,3|5|1|2|4|2|4|10|5,network_wide,49
chain,50,0.01,0.02,0.0,0.074,5,47,0.0,0.24489795918367346,48,19,5,1,48,3|5|1|2|4|2|4|10|5|1,network_wide,49
chain,50,0.01,0.02,0.0,0.074,6,48,0.0,0.24489795918367346,47,19,4,1,47,3|5|1|2|4|2|4|10|5|2,network_wide,49
chain,50,0.01,0.02,0.0,0.074,7,49,0.0,0.24489795918367346,46,19,5,1,46,1|5|1|2|4|2|4|10|5|3,network_wide,49
chain,50,0.01,0.02,0.0,0.074,8,50,0.0,0.24489795918367346,45,19,5,1,45,1|5|1|2|4|2|4|10|5|4,network_wide,49
chain,50,0.01,0.02,0.0,0.074,9,51,0.0,0.22448979591836735,44,19,5,1,44,5|1|2|4|2|4|10|5|5,network_wide,49
chain,50,0.01,0.02,0.0,0.074,10,52,0.0,0.22448979591836735,43,19,6,1,43,4|1|2|4|2|4|10|5|6,network_wide,49
chain,50,0.01,0.02,0.0,0.074,11,53,0.0,0.22448979591836735,42,19,5,1,42,3|1|2|4|2|4|10|5|7,network_wide,49
chain,50,0.01,0.02,0.0,0.074,12,54,0.0,0.22448979591836735,41,19,6,1,41,3|1|2|4|2|4|10|5|8,network_wide,49
chain,50,0.01,0.02,0.0,0.074,13,55,0.0,0.22448979591836735,40,19,5,1,40,1|1|2|4|2|4|10|5|9,network_wide,49
chain,50,0.01,0.02,0.0,0.074,14,56,0.0,0.22448979591836735,39,19,5,1,39,1|1|2|4|2|4|10|5|10,network_wide,49
chain,50,0.01,0.02,0.0,0.074,15,57,0.0,0.20408163265306123,38,19,16,1,38,1|2|4|2|4|10|5|11,network_wide,49
chain,50,0.01,0.02,0.0,0.074,16,58,0.0,0.20408163265306123,37,19,16,1,37,1|2|4|2|4|10|5|12,network_wide,49
chain,50,0.01,0.02,0.0,0.074,17,59,0.0,0.1836734693877551,36,19,16,0,36,2|4|2|4|10|5|13,network_wide,49
chain,50,0.01,0.02,0.0,0.074,18,60,0.0,0.1836734693877551,35,19,16,0,35,2|4|2|4|10|5|14,network_wide,49
chain,50,0.01,0.02,0.0,0.074,19,61,0.0,0.1836734693877551,34,19,15,0,34,1|4|2|4|10|5|15,network_wide,49
chain,50,0.01,0.02,0.0,0.074,20,62,0.0,0.16326530612244897,33,19,16,0,33,4|2|4|10|5|16,network_wide,49
chain,50,0.01,0.02,0.0,0.074,21,63,0.0,0.16326530612244897,32,19,16,0,32,4|2|4|10|5|17,network_wide,49
chain,50,0.01,0.02,0.0,0.074,22,64,0.0,0.1836734693877551,49,19,1,0,49,3|2|4|10|5|17,core_weighted,49
chain,50,0.01,0.02,0.0,0.074,23,65,0.0,0.1836734693877551,48,19,3,0,48,2|2|4|10|5|17|1,core_weighted,49
chain,50,0.01,0.02,0.0,0.074,24,66,0.0,0.1836734693877551,47,19,3,0,47,1|2|4|10|5|17|2,core_weighted,49
chain,50,0.01,0.02,0.0,0.074,25,67,0.0,0.16326530612244897,46,19,1,0,46,2|4|10|5|17|3,core_weighted,49
chain,50,0.01,0.02,0.0,0.074,26,68,0.0,0.16326530612244897,45,19,1,0,45,1|4|10|5|17|4,core_weighted,49
chain,50,0.01,0.02,0.0,0.074,27,69,0.0,0.16326530612244897,44,19,1,0,44,1|4|10|5|17|5,core_weighted,49
chain,50,0.01,0.02,0.0,0.074,28,70,0.0,0.16326530612244897,49,19,1,0,49,4|10|5|17|5,core_weighted,49
chain,50,0.01,0.02,0.0,0.074,29,71,0.0,0.1836734693877551,49,19,3,0,49,3|10|5|17|5,network_wide,49
chain,50,0.01,0.02,0.0,0.074,30,72,0.0,0.1836734693877551,48,19,1,0,48,2|10|5|17|5|1,network_wide,49
chain,50,0.01,0.02,0.0,0.074,31,73,0.0,0.1836734693877551,47,19,3,0,47,2|10|5|17|5|2,network_wide,49
chain,50,0.01,0.02,0.0,0.074,32,74,0.0,0.16326530612244897,46,19,1,0,46,10|5|17|6|3,core_weighted,49
chain,50,0.01,0.02,0.0,0.074,33,75,0.0,0.16326530612244897,45,19,1,0,45,10|5|17|5|4,network_wide,49
chain,50,0.01,0.02,0.0,0.074,34,76,0.0,0.14285714285714285,44,19,1,0,44,10|5|17|5|5,network_wide,49
chain,50,0.01,0.02,0.0,0.074,35,77,0.0,0.12244897959183673,43,19,1,0,43,10|5|17|5|6,network_wide,49
chain,50,0.01,0.02,0.0,0.074,36,78,0.0,0.12244897959183673,42,19,1,0,42,9|5|17|5|7,network_wide,49
chain,50,0.01,0.02,0.0,0.074,37,79,0.0,0.14285714285714285,49,19,1,0,49,9|5|17|5|7,network_wide,49
chain,50,0.01,0.02,0.0,0.074,38,80,0.0,0.14285714285714285,48,19,4,0,48,7|5|17|5|7|1,network_wide,49
chain,50,0.01,0.02,0.0,0.074,39,81,0.0,0.14285714285714285,47,19,1,0,47,6|5|17|5|7|2,network_wide,49
chain,50,0.01,0.02,0.0,0.074,40,82,0.0,0.14285714285714285,46,19,3,0,46,5|5|17|5|7|3,network_wide,49
chain,50,0.01,0.02,0.0,0.074,41,83,0.0,0.14285714285714285,45,19,1,0,45,5|5|17|5|7|4,network_wide,49
chain,50,0.01,0.02,0.0,0.074,42,84,0.0,0.14285714285714285,44,19,3,0,44,3|5|17|5|7|5,network_wide,49
chain,50,0.01,0.02,0.0,0.074,43,85,0.0,0.14285714285714285,43,19,1,0,43,2|5|17|5|7|6,network_wide,49
chain,50,0.01,0.02,0.0,0.074,44,86,0.0,0.14285714285714285,42,19,3,0,42,2|5|17|5|7|7,network_wide,49
chain,50,0.01,0.02,0.0,0.074,45,87,0.0,0.14285714285714285,41,19,1,0,41,5|17|5|7|8,network_wide,49
chain,50,0.01,0.02,0.0,0.074,46,88,0.0,0.12244897959183673,40,8,4,0,40,5|17|5|7|9,network_wide,49
chain,50,0.01,0.02,0.0,0.074,47,89,0.0,0.10204081632653061,39,8,3,0,39,5|17|5|7|10,network_wide,49
chain,50,0.01,0.02,0.0,0.074,48,90,0.0,0.12244897959183673,49,8,1,0,49,4|17|5|7|10,network_wide,49
chain,50,0.01,0.02,0.0,0.074,49,91,0.0,0.12244897959183673,48,8,1,0,48,3|17|5|7|10|1,network_wide,49
chain,50,0.01,0.02,0.0,0.076,0,42,0.0,0.24489795918367346,47,19,4,1,47,3|4|5|1|7|2|4|1|8|2,network_wide,49
chain,50,0.01,0.02,0.0,0.076,1,43,0.0,0.2653061224489796,46,19,5,1,46,2|3|5|1|7|2|4|1|8|3,network_wide,49
chain,50,0.01,0.02,0.0,0.076,2,44,0.0,0.2653061224489796,45,19,4,1,45,2|3|5|1|7|2|4|1|8|4,network_wide,49
chain,50,0.01,0.02,0.0,0.076,3,45,0.0,0.24489795918367346,44,19,4,1,44,1|4|5|1|7|2|4|1|8|5,network_wide,49
chain,50,0.01,0.02,0.0,0.076,4,46,0.0,0.2653061224489796,49,19,4,1,49,3|5|1|7|2|4|1|8|5,network_wide,49
chain,50,0.01,0.02,0.0,0.076,5,47,0.0,0.24489795918367346,48,19,5,1,48,3|5|1|7|2|4|1|8|5|1,network_wide,49
chain,50,0.01,0.02,0.0,0.076,6,48,0.0,0.24489795918367346,47,19,4,1,47,3|5|1|7|2|4|1|8|5|2,network_wide,49
chain,50,0.01,0.02,0.0,0.076,7,49,0.0,0.24489795918367346,46,19,5,1,46,1|5|1|7|2|4|1|8|5|3,network_wide,49
chain,50,0.01,0.02,0.0,0.076,8,50,0.0,0.24489795918367346,45,19,5,1,45,1|5|1|7|2|4|1|8|5|4,network_wide,49
chain,50,0.01,0.02,0.0,0.076,9,51,0.0,0.22448979591836735,44,19,5,1,44,5|1|7|2|4|1|8|5|5,network_wide,49
chain,50,0.01,0.02,0.0,0.076,10,52,0.0,0.22448979591836735,43,19,6,1,43,4|1|7|2|4|1|8|5|6,network_wide,49
chain,50,0.01,0.02,0.0,0.076,11,53,0.0,0.22448979591836735,42,19,5,1,42,3|1|7|2|4|1|8|5|7,network_wide,49
chain,50,0.01,0.02,0.0,0.076,12,54,0.0,0.22448979591836735,41,19,6,1,41,3|1|7|2|4|1|8|5|8,network_wide,49
chain,50,0.01,0.02,0.0,0.076,13,55,0.0,0.22448979591836735,40,19,5,1,40,1|1|7|2|4|1|8|5|9,network_wide,49
chain,50,0.01,0.02,0.0,0.076,14,56,0.0,0.22448979591836735,39,19,5,1,39,1|1|7|2|4|1|8|5|10,network_wide,49
chain,50,0.01,0.02,0.0,0.076,15,57,0.0,0.20408163265306123,38,19,16,1,38,1|7|2|4|1|8|5|11,network_wide,49
chain,50,0.01,0.02,0.0,0.076,16,58,0.0,0.20408163265306123,37,19,16,1,37,1|7|2|4|1|8|5|12,network_wide,49
chain,50,0.01,0.02,0.0,0.076,17,59,0.0,0.1836734693877551,36,19,16,0,36,7|2|4|1|8|5|13,network_wide,49
chain,50,0.01,0.02,0.0,0.076,18,60,0.0,0.1836734693877551,35,19,16,0,35,7|2|4|1|8|5|14,network_wide,49
chain,50,0.01,0.02,0.0,0.076,19,61,0.0,0.1836734693877551,34,19,16,0,34,6|2|4|1|8|5|15,network_wide,49
chain,50,0.01,0.02,0.0,0.076,20,62,0.0,0.1836734693877551,33,19,16,0,33,5|2|4|1|8|5|16,network_wide,49
chain,50,0.01,0.02,0.0,0.076,21,63,0.0,0.1836734693877551,32,19,16,0,32,4|2|4|1|8|5|17,network_wide,49
chain,50,0.01,0.02,0.0,0.076,22,64,0.0,0.20408163265306123,49,19,1,1,49,3|2|4|1|8|5|17,core_weighted,49
chain,50,0.01,0.02,0.0,0.076,23,65,0.0,0.20408163265306123,48,19,3,1,48,2|2|4|1|8|5|17|1,core_weighted,49
chain,50,0.01,0.02,0.0,0.076,24,66,0.0,0.20408163265306123,47,19,3,1,47,1|2|4|1|8|5|17|2,core_weighted,49
chain,50,0.01,0.02,0.0,0.076,25,67,0.0,0.1836734693877551,46,19,1,0,46,2|4|1|8|5|17|3,core_weighted,49
chain,50,0.01,0.02,0.0,0.076,26,68,0.0,0.1836734693877551,45,19,1,0,45,1|4|1|8|5|17|4,core_weighted,49
chain,50,0.01,0.02,0.0,0.076,27,69,0.0,0.1836734693877551,44,19,1,0,44,1|4|1|8|5|17|5,core_weighted,49
chain,50,0.01,0.02,0.0,0.076,28,70,0.0,0.16326530612244897,43,19,1,0,43,4|1|8|5|17|6,core_weighted,49
chain,50,0.01,0.02,0.0,0.076,29,71,0.0,0.1836734693877551,48,19,3,0,48,3|1|8|5|17|5|1,core_weighted,49
chain,50,0.01,0.02,0.0,0.076,30,72,0.0,0.20408163265306123,48,19,1,1,48,2|1|8|5|17|5|1,core_weighted,49
chain,50,0.01,0.02,0.0,0.076,31,73,0.0,0.20408163265306123,47,19,3,1,47,2|1|8|5|17|5|2,network_wide,49
chain,50,0.01,0.02,0.0,0.076,32,74,0.0,0.1836734693877551,46,19,1,0,46,1|8|5|17|6|3,core_weighted,49
chain,50,0.01,0.02,0.0,0.076,33,75,0.0,0.1836734693877551,45,19,1,0,45,1|8|5|17|5|4,network_wide,49
chain,50,0.01,0.02,0.0,0.076,34,76,0.0,0.16326530612244897,44,19,1,0,44,1|8|5|17|5|5,network_wide,49
chain,50,0.01,0.02,0.0,0.076,35,77,0.0,0.14285714285714285,43,19,1,0,43,1|8|5|17|5|6,network_wide,49
chain,50,0.01,0.02,0.0,0.076,36,78,0.0,0.12244897959183673,42,19,1,0,42,9|5|17|5|7,network_wide,49
chain,50,0.01,0.02,0.0,0.076,37,79,0.0,0.14285714285714285,49,19,1,0,49,9|5|17|5|7,network_wide,49
chain,50,0.01,0.02,0.0,0.076,38,80,0.0,0.14285714285714285,48,19,28,0,48,7|5|17|5|7|1,network_wide,49
chain,50,0.01,0.02,0.0,0.076,39,81,0.0,0.14285714285714285,47,19,1,0,47,6|5|17|5|7|2,network_wide,49
chain,50,0.01,0.02,0.0,0.076,40,82,0.0,0.14285714285714285,46,19,3,0,46,5|5|17|5|7|3,network_wide,49
chain,50,0.01,0.02,0.0,0.076,41,83,0.0,0.14285714285714285,45,19,1,0,45,5|5|17|5|7|4,network_wide,49
chain,50,0.01,0.02,0.0,0.076,42,84,0.0,0.14285714285714285,44,19,3,0,44,3|5|17|5|7|5,network_wide,49
chain,50,0.01,0.02,0.0,0.076,43,85,0.0,0.14285714285714285,43,19,1,0,43,2|5|17|5|7|6,network_wide,49
chain,50,0.01,0.02,0.0,0.076,44,86,0.0,0.14285714285714285,42,19,3,0,42,2|5|17|5|7|7,network_wide,49
chain,50,0.01,0.02,0.0,0.076,45,87,0.0,0.14285714285714285,41,19,1,0,41,5|17|5|7|8,network_wide,49
chain,50,0.01,0.02,0.0,0.076,46,88,0.0,0.12244897959183673,40,8,4,0,40,5|17|5|7|9,network_wide,49
chain,50,0.01,0.02,0.0,0.076,47,89,0.0,0.10204081632653061,39,8,3,0,39,5|17|5|7|10,network_wide,49
chain,50,0.01,0.02,0.0,0.076,48,90,0.0,0.12244897959183673,49,8,1,0,49,4|17|5|7|10,network_wide,49
chain,50,0.01,0.02,0.0,0.076,49,91,0.0,0.12244897959183673,48,8,1,0,48,3|17|5|7|10|1,network_wide,49
chain,50,0.01,0.03,0.0,0.06,0,42,0.0,0.30612244897959184,47,20,4,1,47,3|4|2|2|1|2|4|2|4|3|5|2,network_wide,49
chain,50,0.01,0.03,0.0,0.06,1,43,0.0,0.2857142857142857,46,20,4,1,46,2|4|5|1|2|4|2|4|3|5|3,network_wide,49
chain,50,0.01,0.03,0.0,0.06,2,44,0.0,0.30612244897959184,49,20,4,1,49,2|4|5|1|2|4|2|4|3|5|3,network_wide,49
chain,50,0.01,0.03,0.0,0.06,3,45,0.0,0.32653061224489793,48,20,4,1,48,1|3|5|1|2|4|2|4|3|5|3|1,network_wide,49
chain,50,0.01,0.03,0.0,0.06,4,46,0.0,0.32653061224489793,49,27,4,1,49,3|5|1|2|4|2|4|3|5|3|1,network_wide,49
chain,50,0.01,0.03,0.0,0.06,5,47,0.0,0.30612244897959184,48,20,5,1,48,3|5|1|2|4|2|4|3|5|3|1|1,network_wide,49
chain,50,0.01,0.03,0.0,0.06,6,48,0.0,0.30612244897959184,47,20,4,1,47,3|5|1|2|4|2|4|3|5|3|1|2,network_wide,49
chain,50,0.01,0.03,0.0,0.06,7,49,0.0,0.32653061224489793,46,20,4,1,46,1|2|2|1|2|4|2|4|3|5|3|1|3,network_wide,49
chain,50,0.01,0.03,0.0,0.06,8,50,0.0,0.32653061224489793,45,20,4,1,45,1|2|2|1|2|4|2|4|3|5|3|1|4,network_wide,49
chain,50,0.01,0.03,0.0,0.06,9,51,0.0,0.30612244897959184,49,20,5,1,49,5|1|2|4|2|4|3|5|3|1|4,network_wide,49
chain,50,0.01,0.03,0.0,0.06,10,52,0.0,0.2857142857142857,43,20,5,1,43,4|1|2|4|2|4|3|5|3|1|6,network_wide,49
chain,50,0.01,0.03,0.0,0.06,11,53,0.0,0.2857142857142857,42,20,4,1,42,3|1|2|4|2|4|3|5|3|1|7,network_wide,49
chain,50,0.01,0.03,0.0,0.06,12,54,0.0,0.2857142857142857,41,20,5,1,41,2|1|2|4|2|4|3|5|3|1|8,network_wide,49
chain,50,0.01,0.03,0.0,0.06,13,55,0.0,0.2857142857142857,40,20,5,1,40,1|1|2|4|2|4|3|5|3|1|9,network_wide,49
chain,50,0.01,0.03,0.0,0.06,14,56,0.0,0.2857142857142857,39,20,4,1,39,1|2|4|2|4|3|5|3|1|10,network_wide,49
chain,50,0.01,0.03,0.0,0.06,15,57,0.0,0.2653061224489796,38,20,15,1,38,1|2|4|2|4|3|5|3|1|11,network_wide,49
chain,50,0.01,0.03,0.0,0.06,16,58,0.0,0.2653061224489796,37,20,15,1,37,1|2|4|2|4|3|5|3|1|12,network_wide,49
chain,50,0.01,0.03,0.0,0.06,17,59,0.0,0.24489795918367346,36,20,15,1,36,2|4|2|4|3|5|3|1|13,network_wide,49
chain,50,0.01,0.03,0.0,0.06,18,60,0.0,0.24489795918367346,35,20,15,1,35,2|4|2|4|3|5|3|1|14,network_wide,49
chain,50,0.01,0.03,0.0,0.06,19,61,0.0,0.24489795918367346,34,20,15,1,34,1|4|2|4|3|5|3|1|15,network_wide,49
chain,50,0.01,0.03,0.0,0.06,20,62,0.0,0.22448979591836735,33,20,15,1,33,5|2|4|3|5|3|1|16,network_wide,49
chain,50,0.01,0.03,0.0,0.06,21,63,0.0,0.24489795918367346,49,20,15,1,49,4|2|4|3|5|3|1|16,network_wide,49
chain,50,0.01,0.03,0.0,0.06,22,64,0.0,0.2653061224489796,49,20,1,1,49,3|2|4|3|5|3|1|16,network_wide,49
chain,50,0.01,0.03,0.0,0.06,23,65,0.0,0.2653061224489796,48,20,3,1,48,2|2|4|3|5|3|1|16|1,network_wide,49
chain,50,0.01,0.03,0.0,0.06,24,66,0.0,0.2653061224489796,47,20,3,1,47,1|2|4|3|5|3|1|16|2,network_wide,49
chain,50,0.01,0.03,0.0,0.06,25,67,0.0,0.24489795918367346,46,20,1,1,46,2|4|3|5|3|1|16|3,network_wide,49
chain,50,0.01,0.03,0.0,0.06,26,68,0.0,0.24489795918367346,45,20,1,1,45,1|4|3|5|3|1|16|4,network_wide,49
chain,50,0.01,0.03,0.0,0.06,27,69,0.0,0.24489795918367346,44,20,1,1,44,1|4|3|5|3|1|16|5,network_wide,49
chain,50,0.01,0.03,0.0,0.06,28,70,0.0,0.24489795918367346,49,20,1,1,49,4|3|5|3|1|16|5,network_wide,49
chain,50,0.01,0.03,0.0,0.06,29,71,0.0,0.2653061224489796,49,20,3,1,49,3|3|5|3|1|16|5,network_wide,49
chain,50,0.01,0.03,0.0,0.06,30,72,0.0,0.2653061224489796,48,20,1,1,48,2|3|5|3|1|16|5|1,network_wide,49
chain,50,0.01,0.03,0.0,0.06,31,73,0.0,0.2653061224489796,47,20,3,1,47,2|3|5|3|1|16|5|2,network_wide,49
chain,50,0.01,0.03,0.0,0.06,32,74,0.0,0.2653061224489796,46,20,1,1,46,3|5|3|1|16|5|3,network_wide,49
chain,50,0.01,0.03,0.0,0.06,33,75,0.0,0.24489795918367346,45,20,1,1,45,3|5|3|1|16|5|4,network_wide,49
chain,50,0.01,0.03,0.0,0.06,34,76,0.0,0.22448979591836735,44,20,1,1,44,3|5|3|1|16|5|5,network_wide,49
chain,50,0.01,0.03,0.0,0.06,35,77,0.0,0.20408163265306123,43,20,1,1,43,3|5|3|1|16|5|6,network_wide,49
chain,50,0.01,0.03,0.0,0.06,36,78,0.0,0.20408163265306123,42,20,1,1,42,2|5|3|1|16|5|7,network_wide,49
chain,50,0.01,0.03,0.0,0.06,37,79,0.0,0.22448979591836735,49,20,1,1,49,2|5|3|1|16|5|7,network_wide,49
chain,50,0.01,0.03,0.0,0.06,38,80,0.0,0.22448979591836735,48,20,4,1,48,5|3|1|16|5|7|1,network_wide,49
chain,50,0.01,0.03,0.0,0.06,39,81,0.0,0.20408163265306123,47,20,1,1,47,5|3|1|16|5|7|2,network_wide,49
chain,50,0.01,0.03,0.0,0.06,40,82,0.0,0.20408163265306123,46,20,3,1,46,4|3|1|16|5|7|3,network_wide,49
chain,50,0.01,0.03,0.0,0.06,41,83,0.0,0.20408163265306123,45,20,1,1,45,4|3|1|16|5|7|4,network_wide,49
chain,50,0.01,0.03,0.0,0.06,42,84,0.0,0.20408163265306123,44,20,3,1,44,2|3|1|16|5|7|5,network_wide,49
chain,50,0.01,0.03,0.0,0.06,43,85,0.0,0.20408163265306123,43,20,1,1,43,1|3|1|16|5|7|6,network_wide,49
chain,50,0.01,0.03,0.0,0.06,44,86,0.0,0.20408163265306123,42,20,3,1,42,1|3|1|16|5|7|7,network_wide,49
chain,50,0.01,0.03,0.0,0.06,45,87,0.0,0.1836734693877551,41,20,1,0,41,3|1|16|5|7|8,network_wide,49
chain,50,0.01,0.03,0.0,0.06,46,88,0.0,0.16326530612244897,40,15,4,0,40,3|1|16|5|7|9,network_wide,49
chain,50,0.01,0.03,0.0,0.06,47,89,0.0,0.14285714285714285,39,11,3,0,39,3|1|16|5|7|10,network_wide,49
chain,50,0.01,0.03,0.0,0.06,48,90,0.0,0.16326530612244897,49,11,1,0,49,2|1|16|5|7|10,network_wide,49
chain,50,0.01,0.03,0.0,0.06,49,91,0.0,0.16326530612244897,48,11,1,0,48,1|1|16|5|7|10|1,network_wide,49
chain,50,0.01,0.03,0.0,0.062,0,42,0.0,0.30612244897959184,47,20,4,1,47,3|4|2|2|1|2|4|2|4|3|5|2,network_wide,49
chain,50,0.01,0.03,0.0,0.062,1,43,0.0,0.2857142857142857,46,20,5,1,46,2|4|5|1|2|4|2|4|3|5|3,network_wide,49
chain,50,0.01,0.03,0.0,0.062,2,44,0.0,0.30612244897959184,45,20,4,1,45,2|3|5|1|2|4|2|4|3|5|4,network_wide,49
chain,50,0.01,0.03,0.0,0.062,3,45,0.0,0.30612244897959184,44,27,4,1,44,1|3|5|1|2|4|2|4|3|5|5,network_wide,49
chain,50,0.01,0.03,0.0,0.062,4,46,0.0,0.30612244897959184,49,27,4,1,49,3|5|1|2|4|2|4|3|5|5,network_wide,49
chain,50,0.01,0.03,0.0,0.062,5,47,0.0,0.2857142857142857,48,20,5,1,48,3|5|1|2|4|2|4|3|5|5|1,network_wide,49
chain,50,0.01,0.03,0.0,0.062,6,48,0.0,0.2857142857142857,47,20,4,1,47,3|5|1|2|4|2|4|3|5|5|2,network_wide,49
chain,50,0.01,0.03,0.0,0.062,7,49,0.0,0.30612244897959184,46,20,4,1,46,1|2|2|1|2|4|2|4|3|5|5|3,network_wide,49
chain,50,0.01,0.03,0.0,0.062,8,50,0.0,0.30612244897959184,45,20,4,1,45,1|2|2|1|2|4|2|4|3|5|5|4,network_wide,49
chain,50,0.01,0.03,0.0,0.062,9,51,0.0,0.2857142857142857,49,20,5,1,49,5|1|2|4|2|4|3|5|5|4,network_wide,49
chain,50,0.01,0.03,0.0,0.062,10,52,0.0,0.2653061224489796,43,20,5,1,43,4|1|2|4|2|4|3|5|5|6,network_wide,49
chain,50,0.01,0.03,0.0,0.062,11,53,0.0,0.2653061224489796,42,20,4,1,42,3|1|2|4|2|4|3|5|5|7,network_wide,49
chain,50,0.01,0.03,0.0,0.062,12,54,0.0,0.2653061224489796,41,20,5,1,41,2|1|2|4|2|4|3|5|5|8,network_wide,49
chain,50,0.01,0.03,0.0,0.062,13,55,0.0,0.2653061224489796,40,20,5,1,40,1|1|2|4|2|4|3|5|5|9,network_wide,49
chain,50,0.01,0.03,0.0,0.062,14,56,0.0,0.2653061224489796,39,20,4,1,39,1|2|4|2|4|3|5|5|10,network_wide,49
chain,50,0.01,0.03,0.0,0.062,15,57,0.0,0.24489795918367346,38,20,15,1,38,1|2|4|2|4|3|5|5|11,network_wide,49
chain,50,0.01,0.03,0.0,0.062,16,58,0.0,0.24489795918367346,37,20,15,1,37,1|2|4|2|4|3|5|5|12,network_wide,49
chain,50,0.01,0.03,0.0,0.062,17,59,0.0,0.22448979591836735,36,20,15,1,36,2|4|2|4|3|5|5|13,network_wide,49
chain,50,0.01,0.03,0.0,0.062,18,60,0.0,0.22448979591836735,35,20,15,1,35,2|4|2|4|3|5|5|14,network_wide,49
chain,50,0.01,0.03,0.0,0.062,19,61,0.0,0.22448979591836735,34,20,15,1,34,1|4|2|4|3|5|5|15,network_wide,49
chain,50,0.01,0.03,0.0,0.062,20,62,0.0,0.22448979591836735,38,20,15,1,38,5|2|4|3|5|5|4|11,network_wide,49
chain,50,0.01,0.03,0.0,0.062,21,63,0.0,0.22448979591836735,49,20,15,1,49,4|2|4|3|5|5|16,network_wide,49
chain,50,0.01,0.03,0.0,0.062,22,64,0.0,0.24489795918367346,49,20,1,1,49,3|2|4|3|5|5|16,network_wide,49
chain,50,0.01,0.03,0.0,0.062,23,65,0.0,0.24489795918367346,48,20,3,1,48,2|2|4|3|5|5|16|1,network_wide,49
chain,50,0.01,0.03,0.0,0.062,24,66,0.0,0.24489795918367346,47,20,3,1,47,1|2|4|3|5|5|16|2,network_wide,49
chain,50,0.01,0.03,0.0,0.062,25,67,0.0,0.22448979591836735,46,20,1,1,46,2|4|3|5|5|16|3,network_wide,49
chain,50,0.01,0.03,0.0,0.062,26,68,0.0,0.22448979591836735,45,20,1,1,45,1|4|3|5|5|16|4,core_weighted,49
chain,50,0.01,0.03,0.0,0.062,27,69,0.0,0.24489795918367346,44,20,1,1,44,1|4|3|5|5|4|11|5,network_wide,49
chain,50,0.01,0.03,0.0,0.062,28,70,0.0,0.22448979591836735,49,20,1,1,49,4|3|5|5|16|5,network_wide,49
chain,50,0.01,0.03,0.0,0.062,29,71,0.0,0.24489795918367346,49,20,3,1,49,3|3|5|5|16|5,network_wide,49
chain,50,0.01,0.03,0.0,0.062,30,72,0.0,0.24489795918367346,48,20,1,1,48,2|3|5|5|16|5|1,network_wide,49
chain,50,0.01,0.03,0.0,0.062,31,73,0.0,0.24489795918367346,47,20,3,1,47,2|3|5|5|16|5|2,network_wide,49
chain,50,0.01,0.03,0.0,0.062,32,74,0.0,0.24489795918367346,46,20,1,1,46,3|5|5|16|5|3,network_wide,49
chain,50,0.01,0.03,0.0,0.062,33,75,0.0,0.22448979591836735,45,20,1,1,45,3|5|5|16|5|4,network_wide,49
chain,50,0.01,0.03,0.0,0.062,34,76,0.0,0.20408163265306123,44,20,1,1,44,3|5|5|16|5|5,network_wide,49
chain,50,0.01,0.03,0.0,0.062,35,77,0.0,0.1836734693877551,43,20,1,0,43,3|5|5|16|5|6,network_wide,49
chain,50,0.01,0.03,0.0,0.062,36,78,0.0,0.1836734693877551,42,20,1,0,42,2|5|5|16|5|7,network_wide,49
chain,50,0.01,0.03,0.0,0.062,37,79,0.0,0.20408163265306123,49,20,1,1,49,2|5|5|16|5|7,network_wide,49
chain,50,0.01,0.03,0.0,0.062,38,80,0.0,0.20408163265306123,48,20,4,1,48,5|5|16|5|7|1,network_wide,49
chain,50,0.01,0.03,0.0,0.062,39,81,0.0,0.1836734693877551,47,20,1,0,47,5|5|16|5|7|2,network_wide,49
chain,50,0.01,0.03,0.0,0.062,40,82,0.0,0.1836734693877551,46,20,3,0,46,4|5|16|5|7|3,network_wide,49
chain,50,0.01,0.03,0.0,0.062,41,83,0.0,0.1836734693877551,45,20,1,0,45,4|5|16|5|7|4,network_wide,49
chain,50,0.01,0.03,0.0,0.062,42,84,0.0,0.1836734693877551,44,20,3,0,44,2|5|16|5|7|5,network_wide,49
chain,50,0.01,0.03,0.0,0.062,43,85,0.0,0.1836734693877551,43,20,1,0,43,1|5|16|5|7|6,network_wide,49
chain,50,0.01,0.03,0.0,0.062,44,86,0.0,0.1836734693877551,42,20,3,0,42,1|5|16|5|7|7,network_wide,49
chain,50,0.01,0.03,0.0,0.062,45,87,0.0,0.16326530612244897,41,20,1,0,41,5|16|5|7|8,network_wide,49
chain,50,0.01,0.03,0.0,0.062,46,88,0.0,0.14285714285714285,40,14,4,0,40,5|16|5|7|9,network_wide,49
chain,50,0.01,0.03,0.0,0.062,47,89,0.0,0.12244897959183673,39,11,3,0,39,5|16|5|7|10,network_wide,49
chain,50,0.01,0.03,0.0,0.062,48,90,0.0,0.14285714285714285,49,11,1,0,49,4|16|5|7|10,network_wide,49
chain,50,0.01,0.03,0.0,0.062,49,91,0.0,0.14285714285714285,48,11,1,0,48,3|16|5|7|10|1,network_wide,49
chain,50,0.01,0.03,0.0,0.064,0,42,0.0,0.32653061224489793,47,20,4,1,47,3|3|2|2|1|2|4|2|4|3|5|2,network_wide,49
chain,50,0.01,0.03,0.0,0.064,1,43,0.0,0.32653061224489793,48,20,5,1,48,2|4|5|1|2|4|2|3|3|5|1|1,network_wide,49
chain,50,0.01,0.03,0.0,0.064,2,44,0.0,0.32653061224489793,47,20,4,1,47,2|3|5|1|2|4|2|4|3|5|1|2,network_wide,49
chain,50,0.01,0.03,0.0,0.064,3,45,0.0,0.32653061224489793,46,27,4,1,46,1|3|5|1|2|4|2|4|3|5|1|3,network_wide,49
chain,50,0.01,0.03,0.0,0.064,4,46,0.0,0.30612244897959184,49,27,4,1,49,3|5|1|2|4|2|4|3|5|5,network_wide,49
chain,50,0.01,0.03,0.0,0.064,5,47,0.0,0.32653061224489793,48,20,5,1,48,3|5|1|2|4|2|3|3|5|1|3|1,network_wide,49
chain,50,0.01,0.03,0.0,0.064,6,48,0.0,0.30612244897959184,47,20,4,1,47,3|2|2|1|2|4|2|4|3|5|5|2,network_wide,49
chain,50,0.01,0.03,0.0,0.064,7,49,0.0,0.32653061224489793,46,20,4,1,46,1|2|2|1|2|4|2|3|3|5|5|3,network_wide,49
chain,50,0.01,0.03,0.0,0.064,8,50,0.0,0.3469387755102041,45,20,4,1,45,1|2|2|1|2|4|2|3|3|5|1|3|4,network_wide,49
chain,50,0.01,0.03,0.0,0.064,9,51,0.0,0.2653061224489796,44,20,5,1,44,5|1|2|4|2|4|3|5|5|5,network_wide,49
chain,50,0.01,0.03,0.0,0.064,10,52,0.0,0.2653061224489796,43,20,5,1,43,4|1|2|4|2|4|3|5|5|6,network_wide,49
chain,50,0.01,0.03,0.0,0.064,11,53,0.0,0.30612244897959184,42,20,4,1,42,3|1|2|4|2|3|3|5|1|3|7,network_wide,49
chain,50,0.01,0.03,0.0,0.064,12,54,0.0,0.2653061224489796,41,20,5,1,41,3|1|2|4|2|4|3|5|5|8,network_wide,49
chain,50,0.01,0.03,0.0,0.064,13,55,0.0,0.2857142857142857,40,20,5,1,40,1|1|2|4|2|3|3|5|5|9,network_wide,49
chain,50,0.01,0.03,0.0,0.064,14,56,0.0,0.30612244897959184,39,20,5,1,39,1|2|4|2|3|3|5|1|3|10,network_wide,49
chain,50,0.01,0.03,0.0,0.064,15,57,0.0,0.2857142857142857,38,20,15,1,38,1|2|4|2|3|3|5|1|3|11,network_wide,49
chain,50,0.01,0.03,0.0,0.064,16,58,0.0,0.2653061224489796,37,20,15,1,37,1|2|4|2|4|3|5|1|3|12,network_wide,49
chain,50,0.01,0.03,0.0,0.064,17,59,0.0,0.24489795918367346,36,20,15,1,36,2|4|2|3|3|5|5|13,network_wide,49
chain,50,0.01,0.03,0.0,0.064,18,60,0.0,0.24489795918367346,35,20,15,1,35,2|4|2|4|3|5|1|3|14,network_wide,49
chain,50,0.01,0.03,0.0,0.064,19,61,0.0,0.24489795918367346,34,20,15,1,34,1|4|2|3|3|5|5|15,network_wide,49
chain,50,0.01,0.03,0.0,0.064,20,62,0.0,0.24489795918367346,33,20,15,1,33,5|2|3|3|5|1|3|16,network_wide,49
chain,50,0.01,0.03,0.0,0.064,21,63,0.0,0.24489795918367346,49,20,15,1,49,4|2|3|3|5|5|16,core_weighted,49
chain,50,0.01,0.03,0.0,0.064,22,64,0.0,0.24489795918367346,49,20,1,1,49,3|2|3|3|5|5|17,core_weighted,49
chain,50,0.01,0.03,0.0,0.064,23,65,0.0,0.2653061224489796,48,20,3,1,48,2|2|3|3|5|5|16|1,network_wide,49
chain,50,0.01,0.03,0.0,0.064,24,66,0.0,0.2857142857142857,47,20,3,1,47,1|2|3|3|5|1|3|16|2,network_wide,49
chain,50,0.01,0.03,0.0,0.064,25,67,0.0,0.24489795918367346,46,20,1,1,46,2|4|3|5|1|3|16|3,network_wide,49
chain,50,0.01,0.03,0.0,0.064,26,68,0.0,0.24489795918367346,45,20,1,1,45,1|3|3|5|5|16|4,core_weighted,49
chain,50,0.01,0.03,0.0,0.064,27,69,0.0,0.24489795918367346,44,20,1,1,44,1|4|3|5|1|3|16|5,network_wide,49
chain,50,0.01,0.03,0.0,0.064,28,70,0.0,0.22448979591836735,43,20,1,1,43,3|3|5|5|16|6,core_weighted,49
chain,50,0.01,0.03,0.0,0.064,29,71,0.0,0.2857142857142857,49,20,3,1,49,2|3|5|1|3|16|5,network_wide,49
chain,50,0.01,0.03,0.0,0.064,30,72,0.0,0.24489795918367346,48,20,1,1,48,2|3|5|5|16|5|1,network_wide,49
chain,50,0.01,0.03,0.0,0.064,31,73,0.0,0.2857142857142857,47,20,3,1,47,1|3|5|1|3|16|5|2,network_wide,49
chain,50,0.01,0.03,0.0,0.064,32,74,0.0,0.22448979591836735,46,20,1,1,46,3|5|5|16|6|3,core_weighted,49
chain,50,0.01,0.03,0.0,0.064,33,75,0.0,0.24489795918367346,45,20,1,1,45,3|5|1|3|16|5|4,network_wide,49
chain,50,0.01,0.03,0.0,0.064,34,76,0.0,0.20408163265306123,44,20,1,1,44,3|5|5|16|5|5,network_wide,49
chain,50,0.01,0.03,0.0,0.064,35,77,0.0,0.20408163265306123,43,20,1,1,43,3|5|1|3|16|5|6,network_wide,49
chain,50,0.01,0.03,0.0,0.064,36,78,0.0,0.20408163265306123,42,20,1,1,42,2|5|1|3|16|5|7,network_wide,49
chain,50,0.01,0.03,0.0,0.064,37,79,0.0,0.20408163265306123,49,20,1,1,49,2|5|5|16|5|7,network_wide,49
chain,50,0.01,0.03,0.0,0.064,38,80,0.0,0.20408163265306123,48,20,4,1,48,5|5|16|5|7|1,network_wide,49
chain,50,0.01,0.03,0.0,0.064,39,81,0.0,0.1836734693877551,47,20,1,0,47,5|5|16|5|7|2,network_wide,49
chain,50,0.01,0.03,0.0,0.064,40,82,0.0,0.1836734693877551,46,20,3,0,46,4|5|16|5|7|3,network_wide,49
chain,50,0.01,0.03,0.0,0.064,41,83,0.0,0.1836734693877551,45,20,1,0,45,4|5|16|5|7|4,network_wide,49
chain,50,0.01,0.03,0.0,0.064,42,84,0.0,0.20408163265306123,44,20,3,1,44,2|1|3|16|5|7|5,network_wide,49
chain,50,0.01,0.03,0.0,0.064,43,85,0.0,0.20408163265306123,43,20,1,1,43,1|1|3|16|5|7|6,network_wide,49
chain,50,0.01,0.03,0.0,0.064,44,86,0.0,0.1836734693877551,42,20,3,0,42,1|5|16|5|7|7,network_wide,49
chain,50,0.01,0.03,0.0,0.064,45,87,0.0,0.16326530612244897,41,20,1,0,41,5|16|5|7|8,network_wide,49
chain,50,0.01,0.03,0.0,0.064,46,88,0.0,0.16326530612244897,40,14,4,0,40,1|3|16|5|7|9,network_wide,49
chain,50,0.01,0.03,0.0,0.064,47,89,0.0,0.14285714285714285,39,14,3,0,39,1|3|16|5|7|10,network_wide,49
chain,50,0.01,0.03,0.0,0.064,48,90,0.0,0.14285714285714285,49,11,1,0,49,4|16|5|7|10,network_wide,49
chain,50,0.01,0.03,0.0,0.064,49,91,0.0,0.14285714285714285,48,11,1,0,48,3|16|5|7|10|1,network_wide,49
chain,50,0.01,0.03,0.0,0.066,0,42,0.0,0.30612244897959184,47,20,4,1,47,3|3|2|2|1|2|4|2|4|9|2,network_wide,49
chain,50,0.01,0.03,0.0,0.066,1,43,0.0,0.2857142857142857,46,20,5,1,46,2|3|5|1|2|4|2|4|9|3,network_wide,49
chain,50,0.01,0.03,0.0,0.066,2,44,0.0,0.2857142857142857,45,20,4,1,45,2|3|5|1|2|4|2|4|9|4,network_wide,49
chain,50,0.01,0.03,0.0,0.066,3,45,0.0,0.30612244897959184,44,27,4,1,44,1|3|2|2|1|2|4|2|4|9|5,network_wide,49
chain,50,0.01,0.03,0.0,0.066,4,46,0.0,0.2857142857142857,49,27,4,1,49,3|5|1|2|4|2|4|9|5,network_wide,49
chain,50,0.01,0.03,0.0,0.066,5,47,0.0,0.2653061224489796,48,20,5,1,48,3|5|1|2|4|2|4|9|5|1,network_wide,49
chain,50,0.01,0.03,0.0,0.066,6,48,0.0,0.2857142857142857,47,20,4,1,47,3|2|2|1|2|4|2|4|9|5|2,network_wide,49
chain,50,0.01,0.03,0.0,0.066,7,49,0.0,0.2857142857142857,46,20,4,1,46,1|2|2|1|2|4|2|4|9|5|3,network_wide,49
chain,50,0.01,0.03,0.0,0.066,8,50,0.0,0.2857142857142857,45,20,4,1,45,1|2|2|1|2|4|2|4|9|5|4,network_wide,49
chain,50,0.01,0.03,0.0,0.066,9,51,0.0,0.24489795918367346,44,20,5,1,44,5|1|2|4|2|4|9|5|5,network_wide,49
chain,50,0.01,0.03,0.0,0.066,10,52,0.0,0.24489795918367346,43,20,6,1,43,4|1|2|4|2|4|9|5|6,network_wide,49
chain,50,0.01,0.03,0.0,0.066,11,53,0.0,0.24489795918367346,42,20,4,1,42,3|1|2|4|2|4|9|5|7,network_wide,49
chain,50,0.01,0.03,0.0,0.066,12,54,0.0,0.24489795918367346,41,20,5,1,41,3|1|2|4|2|4|9|5|8,network_wide,49
chain,50,0.01,0.03,0.0,0.066,13,55,0.0,0.24489795918367346,40,20,5,1,40,1|1|2|4|2|4|9|5|9,network_wide,49
chain,50,0.01,0.03,0.0,0.066,14,56,0.0,0.24489795918367346,39,20,5,1,39,1|2|4|2|4|9|5|10,network_wide,49
chain,50,0.01,0.03,0.0,0.066,15,57,0.0,0.22448979591836735,38,20,15,1,38,1|2|4|2|4|9|5|11,network_wide,49
chain,50,0.01,0.03,0.0,0.066,16,58,0.0,0.22448979591836735,37,20,15,1,37,1|2|4|2|4|9|5|12,network_wide,49
chain,50,0.01,0.03,0.0,0.066,17,59,0.0,0.20408163265306123,36,20,15,1,36,2|4|2|4|9|5|13,network_wide,49
chain,50,0.01,0.03,0.0,0.066,18,60,0.0,0.20408163265306123,35,20,15,1,35,2|4|2|4|9|5|14,network_wide,49
chain,50,0.01,0.03,0.0,0.066,19,61,0.0,0.20408163265306123,34,20,15,1,34,1|4|2|4|9|5|15,network_wide,49
chain,50,0.01,0.03,0.0,0.066,20,62,0.0,0.1836734693877551,33,20,15,0,33,5|2|4|9|5|16,network_wide,49
chain,50,0.01,0.03,0.0,0.066,21,63,0.0,0.20408163265306123,49,20,15,1,49,4|2|4|9|5|16,network_wide,49
chain,50,0.01,0.03,0.0,0.066,22,64,0.0,0.20408163265306123,49,20,1,1,49,3|2|4|9|5|17,network_wide,49
chain,50,0.01,0.03,0.0,0.066,23,65,0.0,0.22448979591836735,48,20,3,1,48,2|2|4|9|5|16|1,network_wide,49
chain,50,0.01,0.03,0.0,0.066,24,66,0.0,0.22448979591836735,47,20,3,1,47,1|2|4|9|5|16|2,network_wide,49
chain,50,0.01,0.03,0.0,0.066,25,67,0.0,0.20408163265306123,46,20,1,1,46,2|4|9|5|16|3,network_wide,49
chain,50,0.01,0.03,0.0,0.066,26,68,0.0,0.20408163265306123,45,20,1,1,45,1|4|9|5|16|4,network_wide,49
chain,50,0.01,0.03,0.0,0.066,27,69,0.0,0.20408163265306123,44,20,1,1,44,1|4|9|5|16|5,network_wide,49
chain,50,0.01,0.03,0.0,0.066,28,70,0.0,0.1836734693877551,43,20,1,0,43,4|9|5|16|6,network_wide,49
chain,50,0.01,0.03,0.0,0.066,29,71,0.0,0.22448979591836735,49,20,3,1,49,3|9|5|16|5,network_wide,49
chain,50,0.01,0.03,0.0,0.066,30,72,0.0,0.22448979591836735,48,20,1,1,48,2|9|5|16|5|1,network_wide,49
chain,50,0.01,0.03,0.0,0.066,31,73,0.0,0.22448979591836735,47,20,3,1,47,2|9|5|16|5|2,network_wide,49
chain,50,0.01,0.03,0.0,0.066,32,74,0.0,0.20408163265306123,46,20,1,1,46,9|5|16|6|3,core_weighted,49
chain,50,0.01,0.03,0.0,0.066,33,75,0.0,0.20408163265306123,45,20,1,1,45,9|5|16|5|4,network_wide,49
chain,50,0.01,0.03,0.0,0.066,34,76,0.0,0.1836734693877551,44,20,1,0,44,9|5|16|5|5,network_wide,49
chain,50,0.01,0.03,0.0,0.066,35,77,0.0,0.16326530612244897,43,20,1,0,43,9|5|16|5|6,network_wide,49
chain,50,0.01,0.03,0.0,0.066,36,78,0.0,0.16326530612244897,42,20,1,0,42,8|5|16|5|7,network_wide,49
chain,50,0.01,0.03,0.0,0.066,37,79,0.0,0.1836734693877551,49,20,1,0,49,8|5|16|5|7,network_wide,49
chain,50,0.01,0.03,0.0,0.066,38,80,0.0,0.1836734693877551,48,20,4,0,48,6|5|16|5|7|1,network_wide,49
chain,50,0.01,0.03,0.0,0.066,39,81,0.0,0.1836734693877551,47,20,1,0,47,5|5|16|5|7|2,network_wide,49
chain,50,0.01,0.03,0.0,0.066,40,82,0.0,0.1836734693877551,46,20,3,0,46,4|5|16|5|7|3,network_wide,49
chain,50,0.01,0.03,0.0,0.066,41,83,0.0,0.1836734693877551,45,20,1,0,45,4|5|16|5|7|4,network_wide,49
chain,50,0.01,0.03,0.0,0.066,42,84,0.0,0.1836734693877551,44,20,3,0,44,2|5|16|5|7|5,network_wide,49
chain,50,0.01,0.03,0.0,0.066,43,85,0.0,0.1836734693877551,43,20,1,0,43,1|5|16|5|7|6,network_wide,49
chain,50,0.01,0.03,0.0,0.066,44,86,0.0,0.1836734693877551,42,20,3,0,42,1|5|16|5|7|7,network_wide,49
chain,50,0.01,0.03,0.0,0.066,45,87,0.0,0.16326530612244897,41,20,1,0,41,5|16|5|7|8,network_wide,49
chain,50,0.01,0.03,0.0,0.066,46,88,0.0,0.12244897959183673,40,13,4,0,40,5|16|6|7|9,network_wide,49
chain,50,0.01,0.03,0.0,0.066,47,89,0.0,0.12244897959183673,39,10,3,0,39,5|16|5|7|10,network_wide,49
chain,50,0.01,0.03,0.0,0.066,48,90,0.0,0.14285714285714285,49,10,1,0,49,4|16|5|7|10,network_wide,49
chain,50,0.01,0.03,0.0,0.066,49,91,0.0,0.14285714285714285,48,10,1,0,48,3|16|5|7|10|1,network_wide,49
chain,50,0.01,0.03,0.0,0.068,0,42,0.0,0.30612244897959184,47,20,4,1,47,3|3|2|2|1|2|4|2|4|9|2,network_wide,49
chain,50,0.01,0.03,0.0,0.068,1,43,0.0,0.2857142857142857,46,20,5,1,46,2|3|5|1|2|4|2|4|9|3,network_wide,49
chain,50,0.01,0.03,0.0,0.068,2,44,0.0,0.2857142857142857,45,20,4,1,45,2|3|5|1|2|4|2|4|9|4,network_wide,49
chain,50,0.01,0.03,0.0,0.068,3,45,0.0,0.30612244897959184,44,27,4,1,44,1|3|2|2|1|2|4|2|4|9|5,network_wide,49
chain,50,0.01,0.03,0.0,0.068,4,46,0.0,0.2857142857142857,49,27,4,1,49,3|5|1|2|4|2|4|9|5,network_wide,49
chain,50,0.01,0.03,0.0,0.068,5,47,0.0,0.2653061224489796,48,20,5,1,48,3|5|1|2|4|2|4|9|5|1,network_wide,49
chain,50,0.01,0.03,0.0,0.068,6,48,0.0,0.2857142857142857,47,20,4,1,47,3|2|2|1|2|4|2|4|9|5|2,network_wide,49
chain,50,0.01,0.03,0.0,0.068,7,49,0.0,0.2857142857142857,46,20,4,1,46,1|2|2|1|2|4|2|4|9|5|3,network_wide,49
chain,50,0.01,0.03,0.0,0.068,8,50,0.0,0.2857142857142857,45,20,4,1,45,1|2|2|1|2|4|2|4|9|5|4,network_wide,49
chain,50,0.01,0.03,0.0,0.068,9,51,0.0,0.24489795918367346,44,20,5,1,44,5|1|2|4|2|4|9|5|5,network_wide,49
chain,50,0.01,0.03,0.0,0.068,10,52,0.0,0.24489795918367346,43,20,6,1,43,4|1|2|4|2|4|9|5|6,network_wide,49
chain,50,0.01,0.03,0.0,0.068,11,53,0.0,0.24489795918367346,42,20,5,1,42,3|1|2|4|2|4|9|5|7,network_wide,49
chain,50,0.01,0.03,0.0,0.068,12,54,0.0,0.24489795918367346,41,20,5,1,41,3|1|2|4|2|4|9|5|8,network_wide,49
chain,50,0.01,0.03,0.0,0.068,13,55,0.0,0.24489795918367346,40,20,5,1,40,1|1|2|4|2|4|9|5|9,network_wide,49
chain,50,0.01,0.03,0.0,0.068,14,56,0.0,0.24489795918367346,39,20,5,1,39,1|1|2|4|2|4|9|5|10,network_wide,49
chain,50,0.01,0.03,0.0,0.068,15,57,0.0,0.22448979591836735,38,20,15,1,38,1|2|4|2|4|9|5|11,network_wide,49
chain,50,0.01,0.03,0.0,0.068,16,58,0.0,0.22448979591836735,37,20,15,1,37,1|2|4|2|4|9|5|12,network_wide,49
chain,50,0.01,0.03,0.0,0.068,17,59,0.0,0.20408163265306123,36,20,15,1,36,2|4|2|4|9|5|13,network_wide,49
chain,50,0.01,0.03,0.0,0.068,18,60,0.0,0.20408163265306123,35,20,15,1,35,2|4|2|4|9|5|14,network_wide,49
chain,50,0.01,0.03,0.0,0.068,19,61,0.0,0.20408163265306123,34,20,15,1,34,1|4|2|4|9|5|15,network_wide,49
chain,50,0.01,0.03,0.0,0.068,20,62,0.0,0.1836734693877551,33,20,15,0,33,5|2|4|9|5|16,network_wide,49
chain,50,0.01,0.03,0.0,0.068,21,63,0.0,0.20408163265306123,49,20,15,1,49,4|2|4|9|5|16,network_wide,49
chain,50,0.01,0.03,0.0,0.068,22,64,0.0,0.20408163265306123,49,20,1,1,49,3|2|4|9|5|17,network_wide,49
chain,50,0.01,0.03,0.0,0.068,23,65,0.0,0.22448979591836735,48,20,3,1,48,2|2|4|9|5|16|1,network_wide,49
chain,50,0.01,0.03,0.0,0.068,24,66,0.0,0.22448979591836735,47,20,3,1,47,1|2|4|9|5|16|2,network_wide,49
chain,50,0.01,0.03,0.0,0.068,25,67,0.0,0.20408163265306123,46,20,1,1,46,2|4|9|5|16|3,network_wide,49
chain,50,0.01,0.03,0.0,0.068,26,68,0.0,0.20408163265306123,45,20,1,1,45,1|4|9|5|16|4,network_wide,49
chain,50,0.01,0.03,0.0,0.068,27,69,0.0,0.20408163265306123,44,20,1,1,44,1|4|9|5|16|5,network_wide,49
chain,50,0.01,0.03,0.0,0.068,28,70,0.0,0.1836734693877551,43,20,1,0,43,4|9|5|16|6,network_wide,49
chain,50,0.01,0.03,0.0,0.068,29,71,0.0,0.22448979591836735,49,20,3,1,49,3|9|5|16|5,network_wide,49
chain,50,0.01,0.03,0.0,0.068,30,72,0.0,0.22448979591836735,48,20,1,1,48,2|9|5|16|5|1,network_wide,49
chain,50,0.01,0.03,0.0,0.068,31,73,0.0,0.22448979591836735,47,20,3,1,47,2|9|5|16|5|2,network_wide,49
chain,50,0.01,0.03,0.0,0.068,32,74,0.0,0.20408163265306123,46,20,1,1,46,9|5|16|6|3,core_weighted,49
chain,50,0.01,0.03,0.0,0.068,33,75,0.0,0.20408163265306123,45,20,1,1,45,9|5|16|5|4,network_wide,49
chain,50,0.01,0.03,0.0,0.068,34,76,0.0,0.1836734693877551,44,20,1,0,44,9|5|16|5|5,network_wide,49
chain,50,0.01,0.03,0.0,0.068,35,77,0.0,0.16326530612244897,43,20,1,0,43,9|5|16|5|6,network_wide,49
chain,50,0.01,0.03,0.0,0.068,36,78,0.0,0.16326530612244897,42,20,1,0,42,8|5|16|5|7,network_wide,49
chain,50,0.01,0.03,0.0,0.068,37,79,0.0,0.1836734693877551,49,20,1,0,49,8|5|16|5|7,network_wide,49
chain,50,0.01,0.03,0.0,0.068,38,80,0.0,0.1836734693877551,48,20,4,0,48,6|5|16|5|7|1,network_wide,49
chain,50,0.01,0.03,0.0,0.068,39,81,0.0,0.1836734693877551,47,20,1,0,47,5|5|16|5|7|2,network_wide,49
chain,50,0.01,0.03,0.0,0.068,40,82,0.0,0.1836734693877551,46,20,3,0,46,4|5|16|5|7|3,network_wide,49
chain,50,0.01,0.03,0.0,0.068,41,83,0.0,0.1836734693877551,45,20,1,0,45,4|5|16|5|7|4,network_wide,49
chain,50,0.01,0.03,0.0,0.068,42,84,0.0,0.1836734693877551,44,20,3,0,44,2|5|16|5|7|5,network_wide,49
chain,50,0.01,0.03,0.0,0.068,43,85,0.0,0.1836734693877551,43,20,1,0,43,1|5|16|5|7|6,network_wide,49
chain,50,0.01,0.03,0.0,0.068,44,86,0.0,0.1836734693877551,42,20,3,0,42,1|5|16|5|7|7,network_wide,49
chain,50,0.01,0.03,0.0,0.068,45,87,0.0,0.16326530612244897,41,20,1,0,41,5|16|5|7|8,network_wide,49
chain,50,0.01,0.03,0.0,0.068,46,88,0.0,0.12244897959183673,40,8,4,0,40,5|16|6|7|9,network_wide,49
chain,50,0.01,0.03,0.0,0.068,47,89,0.0,0.12244897959183673,39,10,3,0,39,5|16|5|7|10,network_wide,49
chain,50,0.01,0.03,0.0,0.068,48,90,0.0,0.14285714285714285,49,10,1,0,49,4|16|5|7|10,network_wide,49
chain,50,0.01,0.03,0.0,0.068,49,91,0.0,0.14285714285714285,48,10,1,0,48,3|16|5|7|10|1,network_wide,49
chain,50,0.01,0.03,0.0,0.07,0,42,0.0,0.2857142857142857,47,20,4,1,47,3|4|2|2|1|2|4|2|4|9|2,network_wide,49
chain,50,0.01,0.03,0.0,0.07,1,43,0.0,0.2857142857142857,46,20,5,1,46,2|3|5|1|2|4|2|4|9|3,network_wide,49
chain,50,0.01,0.03,0.0,0.07,2,44,0.0,0.2857142857142857,45,20,4,1,45,2|3|5|1|2|4|2|4|9|4,network_wide,49
chain,50,0.01,0.03,0.0,0.07,3,45,0.0,0.30612244897959184,44,26,4,1,44,1|3|2|2|1|2|4|2|4|9|5,network_wide,49
chain,50,0.01,0.03,0.0,0.07,4,46,0.0,0.2857142857142857,49,27,4,1,49,3|5|1|2|4|2|4|9|5,network_wide,49
chain,50,0.01,0.03,0.0,0.07,5,47,0.0,0.2653061224489796,48,20,5,1,48,3|5|1|2|4|2|4|9|5|1,network_wide,49
chain,50,0.01,0.03,0.0,0.07,6,48,0.0,0.2653061224489796,47,20,4,1,47,3|5|1|2|4|2|4|9|5|2,network_wide,49
chain,50,0.01,0.03,0.0,0.07,7,49,0.0,0.2857142857142857,46,20,4,1,46,1|2|2|1|2|4|2|4|9|5|3,network_wide,49
chain,50,0.01,0.03,0.0,0.07,8,50,0.0,0.2857142857142857,45,20,5,1,45,1|2|2|1|2|4|2|4|9|5|4,network_wide,49
chain,50,0.01,0.03,0.0,0.07,9,51,0.0,0.24489795918367346,44,20,5,1,44,5|1|2|4|2|4|9|5|5,network_wide,49
chain,50,0.01,0.03,0.0,0.07,10,52,0.0,0.24489795918367346,43,20,6,1,43,4|1|2|4|2|4|9|5|6,network_wide,49
chain,50,0.01,0.03,0.0,0.07,11,53,0.0,0.24489795918367346,42,20,5,1,42,3|1|2|4|2|4|9|5|7,network_wide,49
chain,50,0.01,0.03,0.0,0.07,12,54,0.0,0.24489795918367346,41,20,5,1,41,3|1|2|4|2|4|9|5|8,network_wide,49
chain,50,0.01,0.03,0.0,0.07,13,55,0.0,0.24489795918367346,40,20,5,1,40,1|1|2|4|2|4|9|5|9,network_wide,49
chain,50,0.01,0.03,0.0,0.07,14,56,0.0,0.24489795918367346,39,20,5,1,39,1|1|2|4|2|4|9|5|10,network_wide,49
chain,50,0.01,0.03,0.0,0.07,15,57,0.0,0.22448979591836735,38,20,15,1,38,1|2|4|2|4|9|5|11,network_wide,49
chain,50,0.01,0.03,0.0,0.07,16,58,0.0,0.22448979591836735,37,20,15,1,37,1|2|4|2|4|9|5|12,network_wide,49
chain,50,0.01,0.03,0.0,0.07,17,59,0.0,0.20408163265306123,36,20,15,1,36,2|4|2|4|9|5|13,network_wide,49
chain,50,0.01,0.03,0.0,0.07,18,60,0.0,0.20408163265306123,35,20,15,1,35,2|4|2|4|9|5|14,network_wide,49
chain,50,0.01,0.03,0.0,0.07,19,61,0.0,0.20408163265306123,34,20,15,1,34,1|4|2|4|9|5|15,network_wide,49
chain,50,0.01,0.03,0.0,0.07,20,62,0.0,0.1836734693877551,33,20,15,0,33,5|2|4|9|5|16,network_wide,49
chain,50,0.01,0.03,0.0,0.07,21,63,0.0,0.20408163265306123,49,20,15,1,49,4|2|4|9|5|16,network_wide,49
chain,50,0.01,0.03,0.0,0.07,22,64,0.0,0.20408163265306123,49,20,1,1,49,3|2|4|9|5|17,network_wide,49
chain,50,0.01,0.03,0.0,0.07,23,65,0.0,0.20408163265306123,48,20,3,1,48,2|2|4|9|5|17|1,core_weighted,49
chain,50,0.01,0.03,0.0,0.07,24,66,0.0,0.20408163265306123,47,20,3,1,47,1|2|4|9|5|17|2,core_weighted,49
chain,50,0.01,0.03,0.0,0.07,25,67,0.0,0.1836734693877551,46,20,1,0,46,2|4|9|5|17|3,core_weighted,49
chain,50,0.01,0.03,0.0,0.07,26,68,0.0,0.1836734693877551,45,20,1,0,45,1|4|9|5|17|4,core_weighted,49
chain,50,0.01,0.03,0.0,0.07,27,69,0.0,0.1836734693877551,44,20,1,0,44,1|4|9|5|17|5,core_weighted,49
chain,50,0.01,0.03,0.0,0.07,28,70,0.0,0.16326530612244897,43,20,1,0,43,4|9|5|17|6,core_weighted,49
chain,50,0.01,0.03,0.0,0.07,29,71,0.0,0.20408163265306123,49,20,3,1,49,3|9|5|17|5,network_wide,49
chain,50,0.01,0.03,0.0,0.07,30,72,0.0,0.20408163265306123,48,20,1,1,48,2|9|5|17|5|1,network_wide,49
chain,50,0.01,0.03,0.0,0.07,31,73,0.0,0.20408163265306123,47,20,3,1,47,2|9|5|17|5|2,network_wide,49
chain,50,0.01,0.03,0.0,0.07,32,74,0.0,0.1836734693877551,46,20,1,0,46,9|5|17|6|3,core_weighted,49
chain,50,0.01,0.03,0.0,0.07,33,75,0.0,0.1836734693877551,45,20,1,0,45,9|5|17|5|4,network_wide,49
chain,50,0.01,0.03,0.0,0.07,34,76,0.0,0.16326530612244897,44,20,1,0,44,9|5|17|5|5,network_wide,49
chain,50,0.01,0.03,0.0,0.07,35,77,0.0,0.14285714285714285,43,20,1,0,43,9|5|17|5|6,network_wide,49
chain,50,0.01,0.03,0.0,0.07,36,78,0.0,0.14285714285714285,42,20,1,0,42,8|5|17|5|7,network_wide,49
chain,50,0.01,0.03,0.0,0.07,37,79,0.0,0.16326530612244897,49,20,1,0,49,8|5|17|5|7,network_wide,49
chain,50,0.01,0.03,0.0,0.07,38,80,0.0,0.16326530612244897,48,20,4,0,48,6|5|17|5|7|1,network_wide,49
chain,50,0.01,0.03,0.0,0.07,39,81,0.0,0.16326530612244897,47,20,1,0,47,5|5|17|5|7|2,network_wide,49
chain,50,0.01,0.03,0.0,0.07,40,82,0.0,0.16326530612244897,46,20,3,0,46,4|5|17|5|7|3,network_wide,49
chain,50,0.01,0.03,0.0,0.07,41,83,0.0,0.16326530612244897,45,20,1,0,45,4|5|17|5|7|4,network_wide,49
chain,50,0.01,0.03,0.0,0.07,42,84,0.0,0.16326530612244897,44,20,3,0,44,2|5|17|5|7|5,network_wide,49
chain,50,0.01,0.03,0.0,0.07,43,85,0.0,0.16326530612244897,43,20,1,0,43,1|5|17|5|7|6,network_wide,49
chain,50,0.01,0.03,0.0,0.07,44,86,0.0,0.16326530612244897,42,20,3,0,42,1|5|17|5|7|7,network_wide,49
chain,50,0.01,0.03,0.0,0.07,45,87,0.0,0.14285714285714285,41,20,1,0,41,5|17|5|7|8,network_wide,49
chain,50,0.01,0.03,0.0,0.07,46,88,0.0,0.12244897959183673,40,8,4,0,40,5|17|5|7|9,network_wide,49
chain,50,0.01,0.03,0.0,0.07,47,89,0.0,0.10204081632653061,39,8,3,0,39,5|17|5|7|10,network_wide,49
chain,50,0.01,0.03,0.0,0.07,48,90,0.0,0.12244897959183673,49,8,1,0,49,4|17|5|7|10,network_wide,49
chain,50,0.01,0.03,0.0,0.07,49,91,0.0,0.12244897959183673,48,8,1,0,48,3|17|5|7|10|1,network_wide,49
chain,50,0.01,0.03,0.0,0.072,0,42,0.0,0.2857142857142857,47,20,4,1,47,3|4|2|2|1|2|4|2|4|9|2,network_wide,49
chain,50,0.01,0.03,0.0,0.072,1,43,0.0,0.2857142857142857,46,20,5,1,46,2|3|5|1|2|4|2|4|9|3,network_wide,49
chain,50,0.01,0.03,0.0,0.072,2,44,0.0,0.2857142857142857,45,20,4,1,45,2|3|5|1|2|4|2|4|9|4,network_wide,49
chain,50,0.01,0.03,0.0,0.072,3,45,0.0,0.2857142857142857,44,20,4,1,44,1|3|5|1|2|4|2|4|9|5,network_wide,49
chain,50,0.01,0.03,0.0,0.072,4,46,0.0,0.2857142857142857,49,27,4,1,49,3|5|1|2|4|2|4|9|5,network_wide,49
chain,50,0.01,0.03,0.0,0.072,5,47,0.0,0.2653061224489796,48,20,5,1,48,3|5|1|2|4|2|4|9|5|1,network_wide,49
chain,50,0.01,0.03,0.0,0.072,6,48,0.0,0.2653061224489796,47,20,4,1,47,3|5|1|2|4|2|4|9|5|2,network_wide,49
chain,50,0.01,0.03,0.0,0.072,7,49,0.0,0.2857142857142857,46,20,5,1,46,1|2|2|1|2|4|2|4|9|5|3,network_wide,49
chain,50,0.01,0.03,0.0,0.072,8,50,0.0,0.2857142857142857,45,20,5,1,45,1|2|2|1|2|4|2|4|9|5|4,network_wide,49
chain,50,0.01,0.03,0.0,0.072,9,51,0.0,0.24489795918367346,44,20,5,1,44,5|1|2|4|2|4|9|5|5,network_wide,49
chain,50,0.01,0.03,0.0,0.072,10,52,0.0,0.24489795918367346,43,20,6,1,43,4|1|2|4|2|4|9|5|6,network_wide,49
chain,50,0.01,0.03,0.0,0.072,11,53,0.0,0.24489795918367346,42,20,5,1,42,3|1|2|4|2|4|9|5|7,network_wide,49
chain,50,0.01,0.03,0.0,0.072,12,54,0.0,0.24489795918367346,41,20,5,1,41,3|1|2|4|2|4|9|5|8,network_wide,49
chain,50,0.01,0.03,0.0,0.072,13,55,0.0,0.24489795918367346,40,20,5,1,40,1|1|2|4|2|4|9|5|9,network_wide,49
chain,50,0.01,0.03,0.0,0.072,14,56,0.0,0.24489795918367346,39,20,5,1,39,1|1|2|4|2|4|9|5|10,network_wide,49
chain,50,0.01,0.03,0.0,0.072,15,57,0.0,0.22448979591836735,38,20,15,1,38,1|2|4|2|4|9|5|11,network_wide,49
chain,50,0.01,0.03,0.0,0.072,16,58,0.0,0.22448979591836735,37,20,15,1,37,1|2|4|2|4|9|5|12,network_wide,49
chain,50,0.01,0.03,0.0,0.072,17,59,0.0,0.20408163265306123,36,20,16,1,36,2|4|2|4|9|5|13,network_wide,49
chain,50,0.01,0.03,0.0,0.072,18,60,0.0,0.20408163265306123,35,20,16,1,35,2|4|2|4|9|5|14,network_wide,49
chain,50,0.01,0.03,0.0,0.072,19,61,0.0,0.20408163265306123,34,20,15,1,34,1|4|2|4|9|5|15,network_wide,49
chain,50,0.01,0.03,0.0,0.072,20,62,0.0,0.1836734693877551,33,20,16,0,33,5|2|4|9|5|16,network_wide,49
chain,50,0.01,0.03,0.0,0.072,21,63,0.0,0.1836734693877551,32,20,15,0,32,4|2|4|9|5|17,network_wide,49
chain,50,0.01,0.03,0.0,0.072,22,64,0.0,0.20408163265306123,49,20,1,1,49,3|2|4|9|5|17,network_wide,49
chain,50,0.01,0.03,0.0,0.072,23,65,0.0,0.20408163265306123,48,20,3,1,48,2|2|4|9|5|17|1,core_weighted,49
chain,50,0.01,0.03,0.0,0.072,24,66,0.0,0.20408163265306123,47,20,3,1,47,1|2|4|9|5|17|2,core_weighted,49
chain,50,0.01,0.03,0.0,0.072,25,67,0.0,0.1836734693877551,46,20,1,0,46,2|4|9|5|17|3,core_weighted,49
chain,50,0.01,0.03,0.0,0.072,26,68,0.0,0.1836734693877551,45,20,1,0,45,1|4|9|5|17|4,core_weighted,49
chain,50,0.01,0.03,0.0,0.072,27,69,0.0,0.1836734693877551,44,20,1,0,44,1|4|9|5|17|5,core_weighted,49
chain,50,0.01,0.03,0.0,0.072,28,70,0.0,0.1836734693877551,49,20,1,0,49,4|9|5|17|5,core_weighted,49
chain,50,0.01,0.03,0.0,0.072,29,71,0.0,0.20408163265306123,49,20,3,1,49,3|9|5|17|5,network_wide,49
chain,50,0.01,0.03,0.0,0.072,30,72,0.0,0.20408163265306123,48,20,1,1,48,2|9|5|17|5|1,network_wide,49
chain,50,0.01,0.03,0.0,0.072,31,73,0.0,0.20408163265306123,47,20,3,1,47,2|9|5|17|5|2,network_wide,49
chain,50,0.01,0.03,0.0,0.072,32,74,0.0,0.1836734693877551,46,20,1,0,46,9|5|17|6|3,core_weighted,49
chain,50,0.01,0.03,0.0,0.072,33,75,0.0,0.1836734693877551,45,20,1,0,45,9|5|17|5|4,network_wide,49
chain,50,0.01,0.03,0.0,0.072,34,76,0.0,0.16326530612244897,44,20,1,0,44,9|5|17|5|5,network_wide,49
chain,50,0.01,0.03,0.0,0.072,35,77,0.0,0.14285714285714285,43,20,1,0,43,9|5|17|5|6,network_wide,49
chain,50,0.01,0.03,0.0,0.072,36,78,0.0,0.14285714285714285,42,20,1,0,42,8|5|17|5|7,network_wide,49
chain,50,0.01,0.03,0.0,0.072,37,79,0.0,0.16326530612244897,49,20,1,0,49,8|5|17|5|7,network_wide,49
chain,50,0.01,0.03,0.0,0.072,38,80,0.0,0.16326530612244897,48,20,4,0,48,6|5|17|5|7|1,network_wide,49
chain,50,0.01,0.03,0.0,0.072,39,81,0.0,0.16326530612244897,47,20,1,0,47,5|5|17|5|7|2,network_wide,49
chain,50,0.01,0.03,0.0,0.072,40,82,0.0,0.16326530612244897,46,20,3,0,46,4|5|17|5|7|3,network_wide,49
chain,50,0.01,0.03,0.0,0.072,41,83,0.0,0.16326530612244897,45,20,1,0,45,4|5|17|5|7|4,network_wide,49
chain,50,0.01,0.03,0.0,0.072,42,84,0.0,0.16326530612244897,44,20,3,0,44,2|5|17|5|7|5,network_wide,49
chain,50,0.01,0.03,0.0,0.072,43,85,0.0,0.16326530612244897,43,20,1,0,43,1|5|17|5|7|6,network_wide,49
chain,50,0.01,0.03,0.0,0.072,44,86,0.0,0.16326530612244897,42,20,3,0,42,1|5|17|5|7|7,network_wide,49
chain,50,0.01,0.03,0.0,0.072,45,87,0.0,0.14285714285714285,41,20,1,0,41,5|17|5|7|8,network_wide,49
chain,50,0.01,0.03,0.0,0.072,46,88,0.0,0.12244897959183673,40,8,4,0,40,5|17|5|7|9,network_wide,49
chain,50,0.01,0.03,0.0,0.072,47,89,0.0,0.10204081632653061,39,8,3,0,39,5|17|5|7|10,network_wide,49
chain,50,0.01,0.03,0.0,0.072,48,90,0.0,0.12244897959183673,49,8,1,0,49,4|17|5|7|10,network_wide,49
chain,50,0.01,0.03,0.0,0.072,49,91,0.0,0.12244897959183673,48,8,1,0,48,3|17|5|7|10|1,network_wide,49
chain,50,0.01,0.03,0.0,0.074,0,42,0.0,0.2653061224489796,47,20,4,1,47,3|4|5|1|2|4|2|4|9|2,network_wide,49
chain,50,0.01,0.03,0.0,0.074,1,43,0.0,0.2857142857142857,46,20,5,1,46,2|3|5|1|2|4|2|4|9|3,network_wide,49
chain,50,0.01,0.03,0.0,0.074,2,44,0.0,0.2857142857142857,45,20,4,1,45,2|3|5|1|2|4|2|4|9|4,network_wide,49
chain,50,0.01,0.03,0.0,0.074,3,45,0.0,0.2857142857142857,44,20,4,1,44,1|3|5|1|2|4|2|4|9|5,network_wide,49
chain,50,0.01,0.03,0.0,0.074,4,46,0.0,0.2857142857142857,49,20,4,1,49,3|5|1|2|4|2|4|9|5,network_wide,49
chain,50,0.01,0.03,0.0,0.074,5,47,0.0,0.2653061224489796,48,20,5,1,48,3|5|1|2|4|2|4|9|5|1,network_wide,49
chain,50,0.01,0.03,0.0,0.074,6,48,0.0,0.2653061224489796,47,20,4,1,47,3|5|1|2|4|2|4|9|5|2,network_wide,49
chain,50,0.01,0.03,0.0,0.074,7,49,0.0,0.2653061224489796,46,20,5,1,46,1|5|1|2|4|2|4|9|5|3,network_wide,49
chain,50,0.01,0.03,0.0,0.074,8,50,0.0,0.2653061224489796,45,20,5,1,45,1|5|1|2|4|2|4|9|5|4,network_wide,49
chain,50,0.01,0.03,0.0,0.074,9,51,0.0,0.24489795918367346,44,20,5,1,44,5|1|2|4|2|4|9|5|5,network_wide,49
chain,50,0.01,0.03,0.0,0.074,10,52,0.0,0.24489795918367346,43,20,6,1,43,4|1|2|4|2|4|9|5|6,network_wide,49
chain,50,0.01,0.03,0.0,0.074,11,53,0.0,0.24489795918367346,42,20,5,1,42,3|1|2|4|2|4|9|5|7,network_wide,49
chain,50,0.01,0.03,0.0,0.074,12,54,0.0,0.24489795918367346,41,20,5,1,41,3|1|2|4|2|4|9|5|8,network_wide,49
chain,50,0.01,0.03,0.0,0.074,13,55,0.0,0.24489795918367346,40,20,5,1,40,1|1|2|4|2|4|9|5|9,network_wide,49
chain,50,0.01,0.03,0.0,0.074,14,56,0.0,0.24489795918367346,39,20,5,1,39,1|1|2|4|2|4|9|5|10,network_wide,49
chain,50,0.01,0.03,0.0,0.074,15,57,0.0,0.22448979591836735,38,20,15,1,38,1|2|4|2|4|9|5|11,network_wide,49
chain,50,0.01,0.03,0.0,0.074,16,58,0.0,0.22448979591836735,37,20,15,1,37,1|2|4|2|4|9|5|12,network_wide,49
chain,50,0.01,0.03,0.0,0.074,17,59,0.0,0.20408163265306123,36,20,16,1,36,2|4|2|4|9|5|13,network_wide,49
chain,50,0.01,0.03,0.0,0.074,18,60,0.0,0.20408163265306123,35,20,16,1,35,2|4|2|4|9|5|14,network_wide,49
chain,50,0.01,0.03,0.0,0.074,19,61,0.0,0.20408163265306123,34,20,15,1,34,1|4|2|4|9|5|15,network_wide,49
chain,50,0.01,0.03,0.0,0.074,20,62,0.0,0.1836734693877551,33,20,16,0,33,5|2|4|9|5|16,network_wide,49
chain,50,0.01,0.03,0.0,0.074,21,63,0.0,0.1836734693877551,32,20,15,0,32,4|2|4|9|5|17,network_wide,49
chain,50,0.01,0.03,0.0,0.074,22,64,0.0,0.20408163265306123,49,20,1,1,49,3|2|4|9|5|17,network_wide,49
chain,50,0.01,0.03,0.0,0.074,23,65,0.0,0.20408163265306123,48,20,3,1,48,2|2|4|9|5|17|1,core_weighted,49
chain,50,0.01,0.03,0.0,0.074,24,66,0.0,0.20408163265306123,47,20,3,1,47,1|2|4|9|5|17|2,core_weighted,49
chain,50,0.01,0.03,0.0,0.074,25,67,0.0,0.1836734693877551,46,20,1,0,46,2|4|9|5|17|3,core_weighted,49
chain,50,0.01,0.03,0.0,0.074,26,68,0.0,0.1836734693877551,45,20,1,0,45,1|4|9|5|17|4,core_weighted,49
chain,50,0.01,0.03,0.0,0.074,27,69,0.0,0.1836734693877551,44,20,1,0,44,1|4|9|5|17|5,core_weighted,49
chain,50,0.01,0.03,0.0,0.074,28,70,0.0,0.1836734693877551,49,20,1,0,49,4|9|5|17|5,core_weighted,49
chain,50,0.01,0.03,0.0,0.074,29,71,0.0,0.20408163265306123,49,20,3,1,49,3|9|5|17|5,network_wide,49
chain,50,0.01,0.03,0.0,0.074,30,72,0.0,0.20408163265306123,48,20,1,1,48,2|9|5|17|5|1,network_wide,49
chain,50,0.01,0.03,0.0,0.074,31,73,0.0,0.20408163265306123,47,20,3,1,47,2|9|5|17|5|2,network_wide,49
chain,50,0.01,0.03,0.0,0.074,32,74,0.0,0.1836734693877551,46,20,1,0,46,9|5|17|6|3,core_weighted,49
chain,50,0.01,0.03,0.0,0.074,33,75,0.0,0.1836734693877551,45,20,1,0,45,9|5|17|5|4,network_wide,49
chain,50,0.01,0.03,0.0,0.074,34,76,0.0,0.16326530612244897,44,20,1,0,44,9|5|17|5|5,network_wide,49
chain,50,0.01,0.03,0.0,0.074,35,77,0.0,0.14285714285714285,43,20,1,0,43,9|5|17|5|6,network_wide,49
chain,50,0.01,0.03,0.0,0.074,36,78,0.0,0.14285714285714285,42,20,1,0,42,8|5|17|5|7,network_wide,49
chain,50,0.01,0.03,0.0,0.074,37,79,0.0,0.16326530612244897,49,20,1,0,49,8|5|17|5|7,network_wide,49
chain,50,0.01,0.03,0.0,0.074,38,80,0.0,0.16326530612244897,48,20,4,0,48,6|5|17|5|7|1,network_wide,49
chain,50,0.01,0.03,0.0,0.074,39,81,0.0,0.16326530612244897,47,20,1,0,47,5|5|17|5|7|2,network_wide,49
chain,50,0.01,0.03,0.0,0.074,40,82,0.0,0.16326530612244897,46,20,3,0,46,4|5|17|5|7|3,network_wide,49
chain,50,0.01,0.03,0.0,0.074,41,83,0.0,0.16326530612244897,45,20,1,0,45,4|5|17|5|7|4,network_wide,49
chain,50,0.01,0.03,0.0,0.074,42,84,0.0,0.16326530612244897,44,20,3,0,44,2|5|17|5|7|5,network_wide,49
chain,50,0.01,0.03,0.0,0.074,43,85,0.0,0.16326530612244897,43,20,1,0,43,1|5|17|5|7|6,network_wide,49
chain,50,0.01,0.03,0.0,0.074,44,86,0.0,0.14285714285714285,42,20,3,0,42,2|5|17|5|7|7,network_wide,49
chain,50,0.01,0.03,0.0,0.074,45,87,0.0,0.14285714285714285,41,20,1,0,41,5|17|5|7|8,network_wide,49
chain,50,0.01,0.03,0.0,0.074,46,88,0.0,0.12244897959183673,40,8,4,0,40,5|17|5|7|9,network_wide,49
chain,50,0.01,0.03,0.0,0.074,47,89,0.0,0.10204081632653061,39,8,3,0,39,5|17|5|7|10,network_wide,49
chain,50,0.01,0.03,0.0,0.074,48,90,0.0,0.12244897959183673,49,8,1,0,49,4|17|5|7|10,network_wide,49
chain,50,0.01,0.03,0.0,0.074,49,91,0.0,0.12244897959183673,48,8,1,0,48,3|17|5|7|10|1,network_wide,49
chain,50,0.01,0.03,0.0,0.076,0,42,0.0,0.24489795918367346,47,19,4,1,47,3|4|5|1|2|4|2|4|10|2,network_wide,49
chain,50,0.01,0.03,0.0,0.076,1,43,0.0,0.2653061224489796,46,19,5,1,46,2|3|5|1|2|4|2|4|10|3,network_wide,49
chain,50,0.01,0.03,0.0,0.076,2,44,0.0,0.2653061224489796,45,19,4,1,45,2|3|5|1|2|4|2|4|10|4,network_wide,49
chain,50,0.01,0.03,0.0,0.076,3,45,0.0,0.2653061224489796,44,19,4,1,44,1|3|5|1|2|4|2|4|10|5,network_wide,49
chain,50,0.01,0.03,0.0,0.076,4,46,0.0,0.2653061224489796,49,19,4,1,49,3|5|1|2|4|2|4|10|5,network_wide,49
chain,50,0.01,0.03,0.0,0.076,5,47,0.0,0.24489795918367346,48,19,5,1,48,3|5|1|2|4|2|4|10|5|1,network_wide,49
chain,50,0.01,0.03,0.0,0.076,6,48,0.0,0.24489795918367346,47,19,4,1,47,3|5|1|2|4|2|4|10|5|2,network_wide,49
chain,50,0.01,0.03,0.0,0.076,7,49,0.0,0.24489795918367346,46,19,5,1,46,1|5|1|2|4|2|4|10|5|3,network_wide,49
chain,50,0.01,0.03,0.0,0.076,8,50,0.0,0.24489795918367346,45,19,5,1,45,1|5|1|2|4|2|4|10|5|4,network_wide,49
chain,50,0.01,0.03,0.0,0.076,9,51,0.0,0.22448979591836735,44,19,5,1,44,5|1|2|4|2|4|10|5|5,network_wide,49
chain,50,0.01,0.03,0.0,0.076,10,52,0.0,0.22448979591836735,43,19,6,1,43,4|1|2|4|2|4|10|5|6,network_wide,49
chain,50,0.01,0.03,0.0,0.076,11,53,0.0,0.22448979591836735,42,19,5,1,42,3|1|2|4|2|4|10|5|7,network_wide,49
chain,50,0.01,0.03,0.0,0.076,12,54,0.0,0.22448979591836735,41,19,5,1,41,3|1|2|4|2|4|10|5|8,network_wide,49
chain,50,0.01,0.03,0.0,0.076,13,55,0.0,0.22448979591836735,40,19,5,1,40,1|1|2|4|2|4|10|5|9,network_wide,49
chain,50,0.01,0.03,0.0,0.076,14,56,0.0,0.22448979591836735,39,19,5,1,39,1|1|2|4|2|4|10|5|10,network_wide,49
chain,50,0.01,0.03,0.0,0.076,15,57,0.0,0.20408163265306123,38,19,16,1,38,1|2|4|2|4|10|5|11,network_wide,49
chain,50,0.01,0.03,0.0,0.076,16,58,0.0,0.20408163265306123,37,19,15,1,37,1|2|4|2|4|10|5|12,network_wide,49
chain,50,0.01,0.03,0.0,0.076,17,59,0.0,0.1836734693877551,36,19,16,0,36,2|4|2|4|10|5|13,network_wide,49
chain,50,0.01,0.03,0.0,0.076,18,60,0.0,0.1836734693877551,35,19,16,0,35,2|4|2|4|10|5|14,network_wide,49
chain,50,0.01,0.03,0.0,0.076,19,61,0.0,0.1836734693877551,34,19,15,0,34,1|4|2|4|10|5|15,network_wide,49
chain,50,0.01,0.03,0.0,0.076,20,62,0.0,0.16326530612244897,33,19,16,0,33,5|2|4|10|5|16,network_wide,49
chain,50,0.01,0.03,0.0,0.076,21,63,0.0,0.16326530612244897,32,19,15,0,32,4|2|4|10|5|17,network_wide,49
chain,50,0.01,0.03,0.0,0.076,22,64,0.0,0.1836734693877551,49,19,1,0,49,3|2|4|10|5|17,core_weighted,49
chain,50,0.01,0.03,0.0,0.076,23,65,0.0,0.1836734693877551,48,19,3,0,48,2|2|4|10|5|17|1,core_weighted,49
chain,50,0.01,0.03,0.0,0.076,24,66,0.0,0.1836734693877551,47,19,3,0,47,1|2|4|10|5|17|2,core_weighted,49
chain,50,0.01,0.03,0.0,0.076,25,67,0.0,0.16326530612244897,46,19,1,0,46,2|4|10|5|17|3,core_weighted,49
chain,50,0.01,0.03,0.0,0.076,26,68,0.0,0.16326530612244897,45,19,1,0,45,1|4|10|5|17|4,core_weighted,49
chain,50,0.01,0.03,0.0,0.076,27,69,0.0,0.16326530612244897,44,19,1,0,44,1|4|10|5|17|5,core_weighted,49
chain,50,0.01,0.03,0.0,0.076,28,70,0.0,0.16326530612244897,49,19,1,0,49,4|10|5|17|5,core_weighted,49
chain,50,0.01,0.03,0.0,0.076,29,71,0.0,0.1836734693877551,49,19,3,0,49,3|10|5|17|5,network_wide,49
chain,50,0.01,0.03,0.0,0.076,30,72,0.0,0.16326530612244897,47,19,1,0,47,2|10|5|17|5|2,core_weighted,49
chain,50,0.01,0.03,0.0,0.076,31,73,0.0,0.16326530612244897,46,19,3,0,46,2|10|5|17|5|3,network_wide,49
chain,50,0.01,0.03,0.0,0.076,32,74,0.0,0.14285714285714285,39,19,1,0,39,10|5|17|10,core_weighted,49
chain,50,0.01,0.03,0.0,0.076,33,75,0.0,0.14285714285714285,44,19,1,0,44,10|5|17|5|5,core_weighted,49
chain,50,0.01,0.03,0.0,0.076,34,76,0.0,0.12244897959183673,43,19,1,0,43,10|5|17|5|6,network_wide,49
chain,50,0.01,0.03,0.0,0.076,35,77,0.0,0.10204081632653061,42,19,1,0,42,10|5|17|5|7,network_wide,49
chain,50,0.01,0.03,0.0,0.076,36,78,0.0,0.10204081632653061,41,19,1,0,41,9|5|17|5|8,network_wide,49
chain,50,0.01,0.03,0.0,0.076,37,79,0.0,0.12244897959183673,49,19,1,0,49,9|5|17|5|8,network_wide,49
chain,50,0.01,0.03,0.0,0.076,38,80,0.0,0.12244897959183673,48,19,4,0,48,7|5|17|5|8|1,network_wide,49
chain,50,0.01,0.03,0.0,0.076,39,81,0.0,0.12244897959183673,47,19,1,0,47,6|5|17|5|8|2,network_wide,49
chain,50,0.01,0.03,0.0,0.076,40,82,0.0,0.12244897959183673,46,19,3,0,46,5|5|17|5|8|3,network_wide,49
chain,50,0.01,0.03,0.0,0.076,41,83,0.0,0.12244897959183673,45,19,1,0,45,5|5|17|5|8|4,network_wide,49
chain,50,0.01,0.03,0.0,0.076,42,84,0.0,0.12244897959183673,44,19,3,0,44,3|5|17|5|8|5,network_wide,49
chain,50,0.01,0.03,0.0,0.076,43,85,0.0,0.12244897959183673,43,19,1,0,43,2|5|17|5|8|6,network_wide,49
chain,50,0.01,0.03,0.0,0.076,44,86,0.0,0.12244897959183673,42,19,3,0,42,2|5|17|5|8|7,network_wide,49
chain,50,0.01,0.03,0.0,0.076,45,87,0.0,0.12244897959183673,41,19,1,0,41,5|17|5|8|8,core_weighted,49
chain,50,0.01,0.03,0.0,0.076,46,88,0.0,0.10204081632653061,40,8,4,0,40,5|17|5|8|9,network_wide,49
chain,50,0.01,0.03,0.0,0.076,47,89,0.0,0.08163265306122448,39,8,3,0,39,5|17|5|8|10,network_wide,49
chain,50,0.01,0.03,0.0,0.076,48,90,0.0,0.10204081632653061,49,8,1,0,49,4|17|5|8|10,network_wide,49
chain,50,0.01,0.03,0.0,0.076,49,91,0.0,0.10204081632653061,48,8,1,0,48,3|17|5|8|10|1,network_wide,49
star,50,0.01,0.02,0.0,0.06,0,42,0.0,0.32653061224489793,47,11,4,1,47,3|3|2|2|1|7|2|3|3|5|2,hub_localized,49
star,50,0.01,0.02,0.0,0.06,1,43,0.0,0.2653061224489796,46,12,4,1,46,2|4|5|1|7|2|4|3|5|3,hub_localized,49
star,50,0.01,0.02,0.0,0.06,2,44,0.0,0.2857142857142857,45,20,4,1,45,2|4|5|1|7|2|3|3|5|4,hub_localized,49
star,50,0.01,0.02,0.0,0.06,3,45,0.0,0.3469387755102041,48,20,4,1,48,1|3|2|2|1|2|4|2|4|3|5|3|1,hub_localized,49
star,50,0.01,0.02,0.0,0.06,4,46,0.0,0.30612244897959184,49,20,4,1,49,3|5|1|2|4|2|4|3|5|5,hub_localized,49
star,50,0.01,0.02,0.0,0.06,5,47,0.0,0.2857142857142857,48,20,4,1,48,3|5|1|2|4|2|4|3|5|5|1,hub_localized,49
star,50,0.01,0.02,0.0,0.06,6,48,0.0,0.32653061224489793,47,20,4,1,47,3|2|2|1|2|4|2|3|3|5|5|2,hub_localized,49
star,50,0.01,0.02,0.0,0.06,7,49,0.0,0.32653061224489793,46,20,4,1,46,1|2|2|1|2|4|2|4|3|5|3|1|3,hub_localized,49
star,50,0.01,0.02,0.0,0.06,8,50,0.0,0.32653061224489793,45,20,4,1,45,1|2|2|1|2|4|2|4|3|5|1|3|4,hub_localized,49
star,50,0.01,0.02,0.0,0.06,9,51,0.0,0.24489795918367346,44,12,5,1,44,5|1|7|2|4|3|5|5|5,hub_localized,49
star,50,0.01,0.02,0.0,0.06,10,52,0.0,0.2857142857142857,43,10,5,1,43,4|1|2|4|2|4|3|5|1|3|6,hub_localized,49
star,50,0.01,0.02,0.0,0.06,11,53,0.0,0.2653061224489796,42,20,4,1,42,3|1|2|4|2|4|3|5|5|7,hub_localized,49
star,50,0.01,0.02,0.0,0.06,12,54,0.0,0.22448979591836735,41,20,5,1,41,2|1|2|4|2|4|1|9|5|8,hub_localized,49
star,50,0.01,0.02,0.0,0.06,13,55,0.0,0.2653061224489796,40,20,5,1,40,1|1|2|4|2|4|3|5|5|9,hub_localized,49
star,50,0.01,0.02,0.0,0.06,14,56,0.0,0.2653061224489796,39,20,4,1,39,1|2|4|2|4|3|5|5|10,hub_localized,49
star,50,0.01,0.02,0.0,0.06,15,57,0.0,0.24489795918367346,38,20,15,1,38,1|2|4|2|4|3|5|5|11,hub_localized,49
star,50,0.01,0.02,0.0,0.06,16,58,0.0,0.24489795918367346,37,20,15,1,37,1|2|4|2|4|3|5|5|12,hub_localized,49
star,50,0.01,0.02,0.0,0.06,17,59,0.0,0.24489795918367346,41,20,15,1,41,7|2|4|9|1|1|1|4|8,hub_localized,49
star,50,0.01,0.02,0.0,0.06,18,60,0.0,0.24489795918367346,35,20,15,1,35,2|1|2|2|4|3|5|5|14,hub_localized,49
star,50,0.01,0.02,0.0,0.06,19,61,0.0,0.24489795918367346,34,20,15,1,34,1|4|2|4|3|5|3|1|15,hub_localized,49
star,50,0.01,0.02,0.0,0.06,20,62,0.0,0.1836734693877551,33,20,15,0,33,4|2|4|9|5|16,hub_localized,49
star,50,0.01,0.02,0.0,0.06,21,63,0.0,0.24489795918367346,49,12,15,1,49,4|2|4|3|5|5|15,hub_localized,49
star,50,0.01,0.02,0.0,0.06,22,64,0.0,0.2653061224489796,49,20,1,1,49,3|2|4|3|5|1|3|16,hub_localized,49
star,50,0.01,0.02,0.0,0.06,23,65,0.0,0.24489795918367346,48,20,3,1,48,2|2|4|3|5|5|15|1|1,hub_localized,49
star,50,0.01,0.02,0.0,0.06,24,66,0.0,0.2653061224489796,47,11,3,1,47,1|2|4|3|5|3|1|4|12|2,hub_localized,49
star,50,0.01,0.02,0.0,0.06,25,67,0.0,0.24489795918367346,46,20,1,1,46,2|4|3|5|1|3|16|3,hub_localized,49
star,50,0.01,0.02,0.0,0.06,26,68,0.0,0.24489795918367346,45,20,1,1,45,1|4|3|5|3|1|16|4,hub_localized,49
star,50,0.01,0.02,0.0,0.06,27,69,0.0,0.24489795918367346,44,20,1,1,44,1|4|3|5|1|3|16|5,hub_localized,49
star,50,0.01,0.02,0.0,0.06,28,70,0.0,0.2857142857142857,49,20,1,1,49,3|3|5|3|1|4|11|5,hub_localized,49
star,50,0.01,0.02,0.0,0.06,29,71,0.0,0.22448979591836735,49,20,3,1,49,3|9|1|3|17|5,hub_localized,49
star,50,0.01,0.02,0.0,0.06,30,72,0.0,0.2653061224489796,48,20,1,1,48,2|3|5|1|3|16|5|1,hub_localized,49
star,50,0.01,0.02,0.0,0.06,31,73,0.0,0.2857142857142857,47,20,3,1,47,2|3|5|1|1|1|16|5|2,hub_localized,49
star,50,0.01,0.02,0.0,0.06,32,74,0.0,0.20408163265306123,46,12,1,1,46,3|5|5|17|6|3,hub_localized,49
star,50,0.01,0.02,0.0,0.06,33,75,0.0,0.22448979591836735,45,20,1,1,45,3|5|5|16|5|4,hub_localized,49
star,50,0.01,0.02,0.0,0.06,34,76,0.0,0.2653061224489796,44,21,1,1,44,3|5|1|1|1|4|11|5|5,hub_localized,49
star,50,0.01,0.02,0.0,0.06,35,77,0.0,0.20408163265306123,43,20,1,1,43,3|5|1|3|16|5|6,hub_localized,49
star,50,0.01,0.02,0.0,0.06,36,78,0.0,0.1836734693877551,42,20,1,0,42,2|5|5|16|5|7,hub_localized,49
star,50,0.01,0.02,0.0,0.06,37,79,0.0,0.22448979591836735,49,20,1,1,49,2|5|3|1|16|5|7,hub_localized,49
star,50,0.01,0.02,0.0,0.06,38,80,0.0,0.1836734693877551,48,20,4,0,48,5|5|17|5|7|1,hub_localized,49
star,50,0.01,0.02,0.0,0.06,39,81,0.0,0.22448979591836735,47,20,1,1,47,5|1|1|1|16|5|7|2,hub_localized,49
star,50,0.01,0.02,0.0,0.06,40,82,0.0,0.16326530612244897,46,20,3,0,46,4|5|17|5|7|3,hub_localized,49
star,50,0.01,0.02,0.0,0.06,41,83,0.0,0.24489795918367346,45,20,1,1,45,4|1|1|1|15|5|7|4,hub_localized,49
star,50,0.01,0.02,0.0,0.06,42,84,0.0,0.20408163265306123,44,20,3,1,44,2|5|15|5|7|5,hub_localized,49
star,50,0.01,0.02,0.0,0.06,43,85,0.0,0.22448979591836735,47,10,1,1,47,1|1|3|15|1|5|7|3|2,hub_localized,49
star,50,0.01,0.02,0.0,0.06,44,86,0.0,0.22448979591836735,46,20,3,1,46,1|1|3|16|5|7|3|3,hub_localized,49
star,50,0.01,0.02,0.0,0.06,45,87,0.0,0.1836734693877551,49,20,1,0,49,5|15|1|5|7|7,hub_localized,49
star,50,0.01,0.02,0.0,0.06,46,88,0.0,0.20408163265306123,48,14,4,1,48,1|1|1|4|12|5|7|7|1,hub_localized,49
star,50,0.01,0.02,0.0,0.06,47,89,0.0,0.16326530612244897,47,10,3,0,47,5|15|5|7|7|2,hub_localized,49
star,50,0.01,0.02,0.0,0.06,48,90,0.0,0.24489795918367346,49,11,1,1,49,3|15|5|6|3|3|2,hub_localized,49
star,50,0.01,0.02,0.0,0.06,49,91,0.0,0.16326530612244897,48,10,1,0,48,3|16|5|7|3|6|1,hub_localized,49
star,50,0.01,0.02,0.0,0.062,0,42,0.0,0.2857142857142857,47,20,4,1,47,3|3|2|2|1|7|2|4|9|2,hub_localized,49
star,50,0.01,0.02,0.0,0.062,1,43,0.0,0.2653061224489796,46,11,4,1,46,2|4|5|1|2|4|2|4|9|3,hub_localized,49
star,50,0.01,0.02,0.0,0.062,2,44,0.0,0.2857142857142857,45,10,4,1,45,2|4|5|1|7|2|3|3|5|4,hub_localized,49
star,50,0.01,0.02,0.0,0.062,3,45,0.0,0.32653061224489793,44,27,4,1,44,1|3|2|2|1|2|4|2|4|3|5|5,hub_localized,49
star,50,0.01,0.02,0.0,0.062,4,46,0.0,0.30612244897959184,49,20,4,1,49,3|5|1|2|4|2|4|3|5|5,hub_localized,49
star,50,0.01,0.02,0.0,0.062,5,47,0.0,0.2857142857142857,48,20,4,1,48,3|5|1|2|4|2|4|3|5|5|1,hub_localized,49
star,50,0.01,0.02,0.0,0.062,6,48,0.0,0.2857142857142857,47,20,4,1,47,3|2|2|1|2|4|2|4|1|3|5|5|2,hub_localized,49
star,50,0.01,0.02,0.0,0.062,7,49,0.0,0.30612244897959184,46,20,4,1,46,1|2|2|1|2|4|2|4|3|5|5|3,hub_localized,49
star,50,0.01,0.02,0.0,0.062,8,50,0.0,0.2653061224489796,45,20,4,1,45,1|2|2|1|2|4|2|4|1|9|5|4,hub_localized,49
star,50,0.01,0.02,0.0,0.062,9,51,0.0,0.24489795918367346,44,11,5,1,44,5|1|7|2|4|3|5|5|5,hub_localized,49
star,50,0.01,0.02,0.0,0.062,10,52,0.0,0.2653061224489796,43,10,5,1,43,4|1|2|4|2|4|9|1|3|6,hub_localized,49
star,50,0.01,0.02,0.0,0.062,11,53,0.0,0.24489795918367346,42,20,4,1,42,3|1|2|4|2|4|1|3|5|5|7,hub_localized,49
star,50,0.01,0.02,0.0,0.062,12,54,0.0,0.22448979591836735,41,20,5,1,41,3|1|2|4|2|4|1|9|5|8,hub_localized,49
star,50,0.01,0.02,0.0,0.062,13,55,0.0,0.2857142857142857,40,20,5,1,40,1|1|2|4|2|4|3|5|1|3|9,hub_localized,49
star,50,0.01,0.02,0.0,0.062,14,56,0.0,0.2653061224489796,39,20,4,1,39,1|1|2|4|2|4|3|5|5|10,hub_localized,49
star,50,0.01,0.02,0.0,0.062,15,57,0.0,0.24489795918367346,38,20,15,1,38,1|2|4|2|4|3|5|5|11,hub_localized,49
star,50,0.01,0.02,0.0,0.062,16,58,0.0,0.20408163265306123,37,20,15,1,37,1|2|4|2|4|1|9|5|12,hub_localized,49
star,50,0.01,0.02,0.0,0.062,17,59,0.0,0.24489795918367346,41,11,15,1,41,7|2|4|9|1|1|1|4|8,hub_localized,49
star,50,0.01,0.02,0.0,0.062,18,60,0.0,0.24489795918367346,35,20,15,1,35,2|1|2|2|4|3|5|5|14,hub_localized,49
star,50,0.01,0.02,0.0,0.062,19,61,0.0,0.22448979591836735,34,20,15,1,34,1|4|2|4|3|5|5|15,hub_localized,49
star,50,0.01,0.02,0.0,0.062,20,62,0.0,0.20408163265306123,33,20,15,1,33,4|2|4|9|1|3|16,hub_localized,49
star,50,0.01,0.02,0.0,0.062,21,63,0.0,0.1836734693877551,49,11,15,0,49,4|2|4|1|9|5|16,hub_localized,49
star,50,0.01,0.02,0.0,0.062,22,64,0.0,0.22448979591836735,49,20,1,1,49,3|2|4|1|3|5|5|16,hub_localized,49
star,50,0.01,0.02,0.0,0.062,23,65,0.0,0.24489795918367346,48,20,3,1,48,2|2|4|3|5|5|15|1|1,hub_localized,49
star,50,0.01,0.02,0.0,0.062,24,66,0.0,0.24489795918367346,47,11,3,1,47,1|2|4|3|5|5|4|12|2,hub_localized,49
star,50,0.01,0.02,0.0,0.062,25,67,0.0,0.24489795918367346,46,20,1,1,46,2|4|3|5|5|15|3,hub_localized,49
star,50,0.01,0.02,0.0,0.062,26,68,0.0,0.24489795918367346,45,20,1,1,45,1|4|3|5|1|3|16|4,hub_localized,49
star,50,0.01,0.02,0.0,0.062,27,69,0.0,0.20408163265306123,44,20,1,1,44,1|4|9|5|16|5,hub_localized,49
star,50,0.01,0.02,0.0,0.062,28,70,0.0,0.22448979591836735,49,20,1,1,49,4|3|5|5|16|5,hub_localized,49
star,50,0.01,0.02,0.0,0.062,29,71,0.0,0.20408163265306123,49,20,3,1,49,3|9|5|17|5,hub_localized,49
star,50,0.01,0.02,0.0,0.062,30,72,0.0,0.2653061224489796,48,20,1,1,48,2|3|5|1|3|16|5|1,hub_localized,49
star,50,0.01,0.02,0.0,0.062,31,73,0.0,0.24489795918367346,47,20,3,1,47,2|3|5|5|16|5|2,hub_localized,49
star,50,0.01,0.02,0.0,0.062,32,74,0.0,0.20408163265306123,46,12,1,1,46,3|5|5|17|6|3,hub_localized,49
star,50,0.01,0.02,0.0,0.062,33,75,0.0,0.20408163265306123,45,20,1,1,45,1|3|5|5|16|5|4,hub_localized,49
star,50,0.01,0.02,0.0,0.062,34,76,0.0,0.20408163265306123,44,20,1,1,44,3|5|5|16|5|5,hub_localized,49
star,50,0.01,0.02,0.0,0.062,35,77,0.0,0.20408163265306123,43,20,1,1,43,3|5|1|3|16|5|6,hub_localized,49
star,50,0.01,0.02,0.0,0.062,36,78,0.0,0.16326530612244897,42,20,1,0,42,2|5|5|17|5|7,hub_localized,49
star,50,0.01,0.02,0.0,0.062,37,79,0.0,0.1836734693877551,49,20,1,0,49,2|5|5|17|5|7,hub_localized,49
star,50,0.01,0.02,0.0,0.062,38,80,0.0,0.16326530612244897,48,20,4,0,48,6|5|17|5|7|1,hub_localized,49
star,50,0.01,0.02,0.0,0.062,39,81,0.0,0.1836734693877551,47,20,1,0,47,5|5|16|5|7|2,hub_localized,49
star,50,0.01,0.02,0.0,0.062,40,82,0.0,0.16326530612244897,46,20,3,0,46,4|5|17|5|7|3,hub_localized,49
star,50,0.01,0.02,0.0,0.062,41,83,0.0,0.20408163265306123,45,20,1,1,45,4|1|3|16|5|7|4,hub_localized,49
star,50,0.01,0.02,0.0,0.062,42,84,0.0,0.20408163265306123,44,20,3,1,44,2|5|15|5|7|5,hub_localized,49
star,50,0.01,0.02,0.0,0.062,43,85,0.0,0.22448979591836735,43,11,1,1,43,1|1|3|12|2|1|5|7|6,hub_localized,49
star,50,0.01,0.02,0.0,0.062,44,86,0.0,0.22448979591836735,46,20,3,1,46,1|1|3|16|5|7|3|3,hub_localized,49
star,50,0.01,0.02,0.0,0.062,45,87,0.0,0.16326530612244897,41,20,1,0,41,5|15|1|5|7|8,hub_localized,49
star,50,0.01,0.02,0.0,0.062,46,88,0.0,0.16326530612244897,40,14,4,0,40,3|1|4|12|5|7|9,hub_localized,49
star,50,0.01,0.02,0.0,0.062,47,89,0.0,0.16326530612244897,47,11,3,0,47,5|15|5|7|7|2,hub_localized,49
star,50,0.01,0.02,0.0,0.062,48,90,0.0,0.1836734693877551,49,10,1,0,49,4|15|1|5|6|7|2,hub_localized,49
star,50,0.01,0.02,0.0,0.062,49,91,0.0,0.16326530612244897,48,10,1,0,48,3|16|5|7|3|6|1,hub_localized,49
star,50,0.01,0.02,0.0,0.064,0,42,0.0,0.2653061224489796,47,20,4,1,47,3|3|2|2|1|7|2|4|1|9|2,hub_localized,49
star,50,0.01,0.02,0.0,0.064,1,43,0.0,0.2653061224489796,46,10,4,1,46,2|4|5|1|2|4|2|4|9|3,hub_localized,49
star,50,0.01,0.02,0.0,0.064,2,44,0.0,0.2857142857142857,45,20,4,1,45,2|4|5|1|2|4|2|3|9|4,hub_localized,49
star,50,0.01,0.02,0.0,0.064,3,45,0.0,0.32653061224489793,44,27,4,1,44,1|3|2|2|1|2|4|2|4|3|5|5,hub_localized,49
star,50,0.01,0.02,0.0,0.064,4,46,0.0,0.2653061224489796,49,20,4,1,49,4|5|1|2|4|2|4|9|5,hub_localized,49
star,50,0.01,0.02,0.0,0.064,5,47,0.0,0.2653061224489796,48,20,5,1,48,3|5|1|2|4|2|4|9|5|1,hub_localized,49
star,50,0.01,0.02,0.0,0.064,6,48,0.0,0.24489795918367346,47,20,4,1,47,6|2|1|2|4|2|4|1|9|5|2,hub_localized,49
star,50,0.01,0.02,0.0,0.064,7,49,0.0,0.2857142857142857,46,20,4,1,46,1|2|2|1|2|4|2|4|9|5|3,hub_localized,49
star,50,0.01,0.02,0.0,0.064,8,50,0.0,0.2653061224489796,45,20,4,1,45,1|2|2|1|2|4|2|4|1|9|5|4,hub_localized,49
star,50,0.01,0.02,0.0,0.064,9,51,0.0,0.22448979591836735,44,10,5,1,44,5|1|7|2|4|3|6|5|5,hub_localized,49
star,50,0.01,0.02,0.0,0.064,10,52,0.0,0.24489795918367346,43,10,5,1,43,4|1|2|4|2|4|1|9|1|3|6,hub_localized,49
star,50,0.01,0.02,0.0,0.064,11,53,0.0,0.24489795918367346,42,20,4,1,42,3|1|2|4|2|4|9|5|7,hub_localized,49
star,50,0.01,0.02,0.0,0.064,12,54,0.0,0.22448979591836735,41,20,5,1,41,3|1|2|4|2|4|1|9|5|8,hub_localized,49
star,50,0.01,0.02,0.0,0.064,13,55,0.0,0.24489795918367346,40,20,5,1,40,1|1|2|4|2|4|1|9|1|3|9,hub_localized,49
star,50,0.01,0.02,0.0,0.064,14,56,0.0,0.24489795918367346,39,20,5,1,39,1|1|2|4|2|4|9|5|10,hub_localized,49
star,50,0.01,0.02,0.0,0.064,15,57,0.0,0.22448979591836735,38,20,15,1,38,1|2|4|2|4|1|3|5|5|11,hub_localized,49
star,50,0.01,0.02,0.0,0.064,16,58,0.0,0.20408163265306123,37,20,15,1,37,1|2|4|2|4|1|9|5|12,hub_localized,49
star,50,0.01,0.02,0.0,0.064,17,59,0.0,0.22448979591836735,41,20,15,1,41,2|4|2|4|9|5|4|8,hub_localized,49
star,50,0.01,0.02,0.0,0.064,18,60,0.0,0.20408163265306123,35,20,15,1,35,2|4|2|4|9|5|14,hub_localized,49
star,50,0.01,0.02,0.0,0.064,19,61,0.0,0.20408163265306123,34,20,15,1,34,1|4|2|4|9|5|15,hub_localized,49
star,50,0.01,0.02,0.0,0.064,20,62,0.0,0.1836734693877551,33,20,15,0,33,4|2|4|9|5|16,hub_localized,49
star,50,0.01,0.02,0.0,0.064,21,63,0.0,0.1836734693877551,49,20,15,0,49,4|2|4|1|9|5|16,hub_localized,49
star,50,0.01,0.02,0.0,0.064,22,64,0.0,0.22448979591836735,49,20,1,1,49,3|2|4|1|3|5|5|16,hub_localized,49
star,50,0.01,0.02,0.0,0.064,23,65,0.0,0.20408163265306123,48,20,3,1,48,2|2|4|9|5|17|1,hub_localized,49
star,50,0.01,0.02,0.0,0.064,24,66,0.0,0.22448979591836735,47,20,3,1,47,1|2|4|1|3|5|5|4|12|2,hub_localized,49
star,50,0.01,0.02,0.0,0.064,25,67,0.0,0.22448979591836735,46,20,1,1,46,2|4|9|5|15|3,hub_localized,49
star,50,0.01,0.02,0.0,0.064,26,68,0.0,0.22448979591836735,45,20,1,1,45,1|4|3|5|5|16|4,hub_localized,49
star,50,0.01,0.02,0.0,0.064,27,69,0.0,0.1836734693877551,44,20,1,0,44,1|4|9|5|17|5,hub_localized,49
star,50,0.01,0.02,0.0,0.064,28,70,0.0,0.20408163265306123,49,20,1,1,49,4|9|5|16|5,hub_localized,49
star,50,0.01,0.02,0.0,0.064,29,71,0.0,0.20408163265306123,49,20,3,1,49,3|9|5|17|5,hub_localized,49
star,50,0.01,0.02,0.0,0.064,30,72,0.0,0.22448979591836735,48,20,1,1,48,2|9|5|16|5|1,hub_localized,49
star,50,0.01,0.02,0.0,0.064,31,73,0.0,0.24489795918367346,47,20,3,1,47,2|3|5|5|16|5|2,hub_localized,49
star,50,0.01,0.02,0.0,0.064,32,74,0.0,0.1836734693877551,46,11,1,0,46,9|5|17|6|3,hub_localized,49
star,50,0.01,0.02,0.0,0.064,33,75,0.0,0.20408163265306123,45,20,1,1,45,1|9|1|3|16|5|4,hub_localized,49
star,50,0.01,0.02,0.0,0.064,34,76,0.0,0.22448979591836735,44,20,1,1,44,3|5|5|12|3|5|5,hub_localized,49
star,50,0.01,0.02,0.0,0.064,35,77,0.0,0.20408163265306123,43,20,1,1,43,3|5|1|3|16|5|6,hub_localized,49
star,50,0.01,0.02,0.0,0.064,36,78,0.0,0.14285714285714285,42,20,1,0,42,8|5|17|5|7,hub_localized,49
star,50,0.01,0.02,0.0,0.064,37,79,0.0,0.16326530612244897,49,20,1,0,49,8|5|17|5|7,hub_localized,49
star,50,0.01,0.02,0.0,0.064,38,80,0.0,0.16326530612244897,48,20,4,0,48,6|5|17|5|7|1,hub_localized,49
star,50,0.01,0.02,0.0,0.064,39,81,0.0,0.16326530612244897,47,20,1,0,47,5|5|17|5|7|2,hub_localized,49
star,50,0.01,0.02,0.0,0.064,40,82,0.0,0.14285714285714285,46,20,3,0,46,5|5|17|5|7|3,hub_localized,49
star,50,0.01,0.02,0.0,0.064,41,83,0.0,0.16326530612244897,45,20,1,0,45,4|5|17|5|7|4,hub_localized,49
star,50,0.01,0.02,0.0,0.064,42,84,0.0,0.20408163265306123,44,20,3,1,44,2|5|15|5|7|5,hub_localized,49
star,50,0.01,0.02,0.0,0.064,43,85,0.0,0.20408163265306123,43,10,1,1,43,1|5|12|2|1|5|7|6,hub_localized,49
star,50,0.01,0.02,0.0,0.064,44,86,0.0,0.20408163265306123,46,20,3,1,46,1|5|16|5|7|3|3,hub_localized,49
star,50,0.01,0.02,0.0,0.064,45,87,0.0,0.16326530612244897,41,20,1,0,41,5|15|1|5|7|8,hub_localized,49
star,50,0.01,0.02,0.0,0.064,46,88,0.0,0.14285714285714285,40,13,4,0,40,5|4|12|5|7|9,hub_localized,49
star,50,0.01,0.02,0.0,0.064,47,89,0.0,0.14285714285714285,39,10,3,0,39,5|15|5|7|10,hub_localized,49
star,50,0.01,0.02,0.0,0.064,48,90,0.0,0.16326530612244897,49,10,1,0,49,4|15|5|7|10,hub_localized,49
star,50,0.01,0.02,0.0,0.064,49,91,0.0,0.16326530612244897,48,10,1,0,48,3|16|5|7|3|6|1,hub_localized,49
star,50,0.01,0.02,0.0,0.066,0,42,0.0,0.2653061224489796,47,20,4,1,47,3|3|2|2|1|7|2|4|1|9|2,hub_localized,49
star,50,0.01,0.02,0.0,0.066,1,43,0.0,0.2653061224489796,46,10,4,1,46,2|4|5|1|2|4|2|4|9|3,hub_localized,49
star,50,0.01,0.02,0.0,0.066,2,44,0.0,0.2857142857142857,45,20,4,1,45,2|4|5|1|2|4|2|3|9|4,hub_localized,49
star,50,0.01,0.02,0.0,0.066,3,45,0.0,0.30612244897959184,44,27,4,1,44,1|3|2|2|1|2|4|2|4|9|5,hub_localized,49
star,50,0.01,0.02,0.0,0.066,4,46,0.0,0.2857142857142857,49,27,4,1,49,3|5|1|2|4|2|4|9|5,hub_localized,49
star,50,0.01,0.02,0.0,0.066,5,47,0.0,0.2653061224489796,48,20,5,1,48,3|5|1|2|4|2|4|9|5|1,hub_localized,49
star,50,0.01,0.02,0.0,0.066,6,48,0.0,0.24489795918367346,47,20,4,1,47,6|2|1|2|4|2|4|1|9|5|2,hub_localized,49
star,50,0.01,0.02,0.0,0.066,7,49,0.0,0.24489795918367346,46,20,4,1,46,4|2|1|7|2|4|9|5|3,hub_localized,49
star,50,0.01,0.02,0.0,0.066,8,50,0.0,0.2653061224489796,45,20,4,1,45,1|2|2|1|2|4|2|4|1|9|5|4,hub_localized,49
star,50,0.01,0.02,0.0,0.066,9,51,0.0,0.22448979591836735,44,10,5,1,44,5|1|7|2|4|1|8|5|5,hub_localized,49
star,50,0.01,0.02,0.0,0.066,10,52,0.0,0.24489795918367346,43,20,6,1,43,4|1|2|4|2|4|9|5|6,hub_localized,49
star,50,0.01,0.02,0.0,0.066,11,53,0.0,0.24489795918367346,42,20,4,1,42,3|1|2|4|2|4|9|5|7,hub_localized,49
star,50,0.01,0.02,0.0,0.066,12,54,0.0,0.24489795918367346,41,20,5,1,41,3|1|2|4|2|4|9|5|8,hub_localized,49
star,50,0.01,0.02,0.0,0.066,13,55,0.0,0.22448979591836735,40,20,5,1,40,1|1|2|4|2|4|1|9|5|9,hub_localized,49
star,50,0.01,0.02,0.0,0.066,14,56,0.0,0.24489795918367346,39,20,5,1,39,1|1|2|4|2|4|9|5|10,hub_localized,49
star,50,0.01,0.02,0.0,0.066,15,57,0.0,0.22448979591836735,38,20,15,1,38,1|2|4|2|4|1|3|5|5|11,hub_localized,49
star,50,0.01,0.02,0.0,0.066,16,58,0.0,0.20408163265306123,37,20,15,1,37,1|2|4|2|4|1|9|5|12,hub_localized,49
star,50,0.01,0.02,0.0,0.066,17,59,0.0,0.22448979591836735,41,20,15,1,41,2|4|2|4|9|5|4|8,hub_localized,49
star,50,0.01,0.02,0.0,0.066,18,60,0.0,0.20408163265306123,35,20,15,1,35,2|4|2|4|9|5|14,hub_localized,49
star,50,0.01,0.02,0.0,0.066,19,61,0.0,0.20408163265306123,34,20,15,1,34,1|4|2|4|9|5|15,hub_localized,49
star,50,0.01,0.02,0.0,0.066,20,62,0.0,0.16326530612244897,33,20,15,0,33,4|2|4|10|5|16,hub_localized,49
star,50,0.01,0.02,0.0,0.066,21,63,0.0,0.1836734693877551,32,20,15,0,32,4|2|4|9|5|17,hub_localized,49
star,50,0.01,0.02,0.0,0.066,22,64,0.0,0.20408163265306123,49,20,1,1,49,3|2|4|1|9|5|16,hub_localized,49
star,50,0.01,0.02,0.0,0.066,23,65,0.0,0.20408163265306123,48,20,3,1,48,2|2|4|9|5|17|1,hub_localized,49
star,50,0.01,0.02,0.0,0.066,24,66,0.0,0.1836734693877551,47,20,3,0,47,1|2|4|1|9|5|17|2,hub_localized,49
star,50,0.01,0.02,0.0,0.066,25,67,0.0,0.20408163265306123,46,20,1,1,46,2|4|9|5|16|3,hub_localized,49
star,50,0.01,0.02,0.0,0.066,26,68,0.0,0.22448979591836735,45,20,1,1,45,1|4|3|5|5|16|4,hub_localized,49
star,50,0.01,0.02,0.0,0.066,27,69,0.0,0.16326530612244897,44,20,1,0,44,1|4|10|5|17|5,hub_localized,49
star,50,0.01,0.02,0.0,0.066,28,70,0.0,0.20408163265306123,49,20,1,1,49,4|9|5|16|5,hub_localized,49
star,50,0.01,0.02,0.0,0.066,29,71,0.0,0.20408163265306123,49,20,3,1,49,3|9|5|17|5,hub_localized,49
star,50,0.01,0.02,0.0,0.066,30,72,0.0,0.22448979591836735,48,20,1,1,48,2|9|5|16|5|1,hub_localized,49
star,50,0.01,0.02,0.0,0.066,31,73,0.0,0.20408163265306123,47,20,3,1,47,2|9|5|17|5|2,hub_localized,49
star,50,0.01,0.02,0.0,0.066,32,74,0.0,0.1836734693877551,46,10,1,0,46,9|5|17|6|3,hub_localized,49
star,50,0.01,0.02,0.0,0.066,33,75,0.0,0.20408163265306123,45,20,1,1,45,1|1|7|5|16|5|4,hub_localized,49
star,50,0.01,0.02,0.0,0.066,34,76,0.0,0.22448979591836735,44,20,1,1,44,3|5|5|12|3|5|5,hub_localized,49
star,50,0.01,0.02,0.0,0.066,35,77,0.0,0.1836734693877551,43,20,1,0,43,3|5|5|16|5|6,hub_localized,49
star,50,0.01,0.02,0.0,0.066,36,78,0.0,0.14285714285714285,42,20,1,0,42,8|5|17|5|7,hub_localized,49
star,50,0.01,0.02,0.0,0.066,37,79,0.0,0.16326530612244897,49,20,1,0,49,8|5|17|5|7,hub_localized,49
star,50,0.01,0.02,0.0,0.066,38,80,0.0,0.16326530612244897,48,20,4,0,48,6|5|17|5|7|1,hub_localized,49
star,50,0.01,0.02,0.0,0.066,39,81,0.0,0.16326530612244897,47,20,1,0,47,5|5|17|5|7|2,hub_localized,49
star,50,0.01,0.02,0.0,0.066,40,82,0.0,0.14285714285714285,46,20,3,0,46,5|5|17|5|7|3,hub_localized,49
star,50,0.01,0.02,0.0,0.066,41,83,0.0,0.16326530612244897,45,20,1,0,45,4|5|17|5|7|4,hub_localized,49
star,50,0.01,0.02,0.0,0.066,42,84,0.0,0.20408163265306123,44,20,3,1,44,2|5|15|5|7|5,hub_localized,49
star,50,0.01,0.02,0.0,0.066,43,85,0.0,0.20408163265306123,43,10,1,1,43,1|5|12|2|1|5|7|6,hub_localized,49
star,50,0.01,0.02,0.0,0.066,44,86,0.0,0.16326530612244897,42,20,3,0,42,2|5|16|5|7|7,hub_localized,49
star,50,0.01,0.02,0.0,0.066,45,87,0.0,0.16326530612244897,41,20,1,0,41,5|15|1|5|7|8,hub_localized,49
star,50,0.01,0.02,0.0,0.066,46,88,0.0,0.14285714285714285,40,8,4,0,40,5|4|12|5|7|9,hub_localized,49
star,50,0.01,0.02,0.0,0.066,47,89,0.0,0.12244897959183673,39,10,3,0,39,5|16|5|7|10,hub_localized,49
star,50,0.01,0.02,0.0,0.066,48,90,0.0,0.16326530612244897,49,10,1,0,49,4|15|5|7|10,hub_localized,49
star,50,0.01,0.02,0.0,0.066,49,91,0.0,0.14285714285714285,48,10,1,0,48,3|16|5|7|10|1,hub_localized,49
star,50,0.01,0.02,0.0,0.068,0,42,0.0,0.2653061224489796,47,19,4,1,47,3|3|2|2|1|7|2|4|1|9|2,hub_localized,49
star,50,0.01,0.02,0.0,0.068,1,43,0.0,0.2653061224489796,46,11,4,1,46,2|4|5|1|2|4|2|4|9|3,hub_localized,49
star,50,0.01,0.02,0.0,0.068,2,44,0.0,0.2857142857142857,45,20,4,1,45,2|4|5|1|2|4|2|3|9|4,hub_localized,49
star,50,0.01,0.02,0.0,0.068,3,45,0.0,0.2857142857142857,44,27,4,1,44,1|3|5|1|2|4|2|4|9|5,hub_localized,49
star,50,0.01,0.02,0.0,0.068,4,46,0.0,0.2857142857142857,49,27,4,1,49,3|5|1|2|4|2|4|9|5,hub_localized,49
star,50,0.01,0.02,0.0,0.068,5,47,0.0,0.2653061224489796,48,20,5,1,48,3|5|1|2|4|2|4|9|5|1,hub_localized,49
star,50,0.01,0.02,0.0,0.068,6,48,0.0,0.22448979591836735,47,20,4,1,47,9|1|2|4|2|4|1|9|5|2,hub_localized,49
star,50,0.01,0.02,0.0,0.068,7,49,0.0,0.2653061224489796,46,19,4,1,46,4|2|1|2|4|2|4|9|5|3,hub_localized,49
star,50,0.01,0.02,0.0,0.068,8,50,0.0,0.24489795918367346,45,20,4,1,45,1|2|2|1|2|4|2|6|9|5|4,hub_localized,49
star,50,0.01,0.02,0.0,0.068,9,51,0.0,0.22448979591836735,44,10,5,1,44,5|1|7|2|4|1|8|5|5,hub_localized,49
star,50,0.01,0.02,0.0,0.068,10,52,0.0,0.24489795918367346,43,19,6,1,43,4|1|2|4|2|4|9|5|6,hub_localized,49
star,50,0.01,0.02,0.0,0.068,11,53,0.0,0.24489795918367346,42,20,4,1,42,3|1|2|4|2|4|9|5|7,hub_localized,49
star,50,0.01,0.02,0.0,0.068,12,54,0.0,0.24489795918367346,41,20,5,1,41,3|1|2|4|2|4|9|5|8,hub_localized,49
star,50,0.01,0.02,0.0,0.068,13,55,0.0,0.22448979591836735,40,20,5,1,40,1|1|2|4|2|4|1|9|5|9,hub_localized,49
star,50,0.01,0.02,0.0,0.068,14,56,0.0,0.24489795918367346,39,20,5,1,39,1|1|2|4|2|4|9|5|10,hub_localized,49
star,50,0.01,0.02,0.0,0.068,15,57,0.0,0.20408163265306123,38,20,15,1,38,1|2|4|2|4|1|9|5|11,hub_localized,49
star,50,0.01,0.02,0.0,0.068,16,58,0.0,0.20408163265306123,37,19,15,1,37,1|2|4|2|4|1|9|5|12,hub_localized,49
star,50,0.01,0.02,0.0,0.068,17,59,0.0,0.22448979591836735,41,20,15,1,41,2|4|2|4|9|5|4|8,hub_localized,49
star,50,0.01,0.02,0.0,0.068,18,60,0.0,0.1836734693877551,35,20,16,0,35,2|4|2|4|10|5|14,hub_localized,49
star,50,0.01,0.02,0.0,0.068,19,61,0.0,0.22448979591836735,34,19,15,1,34,1|4|2|4|1|7|5|15,hub_localized,49
star,50,0.01,0.02,0.0,0.068,20,62,0.0,0.16326530612244897,33,20,16,0,33,4|2|4|10|5|16,hub_localized,49
star,50,0.01,0.02,0.0,0.068,21,63,0.0,0.20408163265306123,49,19,15,1,49,4|2|4|9|5|16,hub_localized,49
star,50,0.01,0.02,0.0,0.068,22,64,0.0,0.20408163265306123,49,19,1,1,49,3|2|4|1|9|5|16,hub_localized,49
star,50,0.01,0.02,0.0,0.068,23,65,0.0,0.20408163265306123,48,20,3,1,48,2|2|4|9|5|17|1,hub_localized,49
star,50,0.01,0.02,0.0,0.068,24,66,0.0,0.22448979591836735,47,20,3,1,47,1|2|4|9|5|12|4|2,hub_localized,49
star,50,0.01,0.02,0.0,0.068,25,67,0.0,0.20408163265306123,46,20,1,1,46,2|4|1|7|5|17|3,hub_localized,49
star,50,0.01,0.02,0.0,0.068,26,68,0.0,0.22448979591836735,45,19,1,1,45,1|4|3|5|5|16|4,hub_localized,49
star,50,0.01,0.02,0.0,0.068,27,69,0.0,0.16326530612244897,44,20,1,0,44,1|4|10|5|17|5,hub_localized,49
star,50,0.01,0.02,0.0,0.068,28,70,0.0,0.20408163265306123,49,20,1,1,49,4|9|5|16|5,hub_localized,49
star,50,0.01,0.02,0.0,0.068,29,71,0.0,0.22448979591836735,49,20,3,1,49,3|1|7|5|17|5,hub_localized,49
star,50,0.01,0.02,0.0,0.068,30,72,0.0,0.22448979591836735,48,20,1,1,48,2|9|5|16|5|1,hub_localized,49
star,50,0.01,0.02,0.0,0.068,31,73,0.0,0.20408163265306123,47,20,3,1,47,2|9|5|17|5|2,hub_localized,49
star,50,0.01,0.02,0.0,0.068,32,74,0.0,0.1836734693877551,46,20,1,0,46,9|5|17|6|3,hub_localized,49
star,50,0.01,0.02,0.0,0.068,33,75,0.0,0.16326530612244897,45,20,1,0,45,1|1|8|5|17|5|4,hub_localized,49
star,50,0.01,0.02,0.0,0.068,34,76,0.0,0.20408163265306123,44,20,1,1,44,9|5|12|3|5|5,hub_localized,49
star,50,0.01,0.02,0.0,0.068,35,77,0.0,0.1836734693877551,43,20,1,0,43,1|7|5|16|5|6,hub_localized,49
star,50,0.01,0.02,0.0,0.068,36,78,0.0,0.14285714285714285,42,20,1,0,42,8|5|17|5|7,hub_localized,49
star,50,0.01,0.02,0.0,0.068,37,79,0.0,0.16326530612244897,49,20,1,0,49,8|5|17|5|7,hub_localized,49
star,50,0.01,0.02,0.0,0.068,38,80,0.0,0.16326530612244897,48,20,4,0,48,6|5|17|5|7|1,hub_localized,49
star,50,0.01,0.02,0.0,0.068,39,81,0.0,0.16326530612244897,47,20,1,0,47,5|5|17|5|7|2,hub_localized,49
star,50,0.01,0.02,0.0,0.068,40,82,0.0,0.14285714285714285,46,20,3,0,46,5|5|17|5|7|3,hub_localized,49
star,50,0.01,0.02,0.0,0.068,41,83,0.0,0.16326530612244897,45,20,1,0,45,4|5|17|5|7|4,hub_localized,49
star,50,0.01,0.02,0.0,0.068,42,84,0.0,0.20408163265306123,44,20,3,1,44,2|5|15|5|7|5,hub_localized,49
star,50,0.01,0.02,0.0,0.068,43,85,0.0,0.20408163265306123,43,10,1,1,43,1|5|12|2|1|5|7|6,hub_localized,49
star,50,0.01,0.02,0.0,0.068,44,86,0.0,0.14285714285714285,42,20,3,0,42,2|5|17|5|7|7,hub_localized,49
star,50,0.01,0.02,0.0,0.068,45,87,0.0,0.16326530612244897,41,20,1,0,41,5|15|1|5|7|8,hub_localized,49
star,50,0.01,0.02,0.0,0.068,46,88,0.0,0.14285714285714285,40,8,4,0,40,5|4|12|5|7|9,hub_localized,49
star,50,0.01,0.02,0.0,0.068,47,89,0.0,0.12244897959183673,39,10,3,0,39,5|16|5|7|10,hub_localized,49
star,50,0.01,0.02,0.0,0.068,48,90,0.0,0.16326530612244897,49,8,1,0,49,4|15|5|7|10,hub_localized,49
star,50,0.01,0.02,0.0,0.068,49,91,0.0,0.12244897959183673,48,10,1,0,48,3|17|5|7|10|1,hub_localized,49
star,50,0.01,0.02,0.0,0.07,0,42,0.0,0.22448979591836735,47,19,4,1,47,3|4|5|1|7|2|4|1|9|2,hub_localized,49
star,50,0.01,0.02,0.0,0.07,1,43,0.0,0.2857142857142857,46,10,5,1,46,2|4|5|1|2|4|2|4|1|7|3,hub_localized,49
star,50,0.01,0.02,0.0,0.07,2,44,0.0,0.2653061224489796,45,20,4,1,45,2|4|5|1|2|4|2|4|9|4,hub_localized,49
star,50,0.01,0.02,0.0,0.07,3,45,0.0,0.30612244897959184,44,26,4,1,44,1|3|5|1|2|1|2|2|4|9|5,hub_localized,49
star,50,0.01,0.02,0.0,0.07,4,46,0.0,0.2857142857142857,49,27,4,1,49,3|5|1|2|4|2|4|9|5,hub_localized,49
star,50,0.01,0.02,0.0,0.07,5,47,0.0,0.2653061224489796,48,20,5,1,48,3|5|1|2|4|2|4|9|5|1,hub_localized,49
star,50,0.01,0.02,0.0,0.07,6,48,0.0,0.24489795918367346,47,19,4,1,47,9|1|2|4|2|4|9|5|2,hub_localized,49
star,50,0.01,0.02,0.0,0.07,7,49,0.0,0.2857142857142857,46,19,4,1,46,4|2|1|4|2|2|4|1|7|5|3,hub_localized,49
star,50,0.01,0.02,0.0,0.07,8,50,0.0,0.2857142857142857,45,19,4,1,45,1|2|2|1|2|4|2|4|9|5|4,hub_localized,49
star,50,0.01,0.02,0.0,0.07,9,51,0.0,0.22448979591836735,44,10,5,1,44,5|1|7|2|4|1|8|5|5,hub_localized,49
star,50,0.01,0.02,0.0,0.07,10,52,0.0,0.24489795918367346,43,19,6,1,43,4|1|2|4|2|4|9|5|6,hub_localized,49
star,50,0.01,0.02,0.0,0.07,11,53,0.0,0.24489795918367346,42,20,4,1,42,3|1|2|4|2|4|9|5|7,hub_localized,49
star,50,0.01,0.02,0.0,0.07,12,54,0.0,0.24489795918367346,41,19,5,1,41,3|1|2|4|2|4|9|5|8,hub_localized,49
star,50,0.01,0.02,0.0,0.07,13,55,0.0,0.24489795918367346,40,20,5,1,40,1|1|2|1|2|2|4|1|9|5|9,hub_localized,49
star,50,0.01,0.02,0.0,0.07,14,56,0.0,0.24489795918367346,39,19,5,1,39,1|1|2|4|2|4|9|5|10,hub_localized,49
star,50,0.01,0.02,0.0,0.07,15,57,0.0,0.22448979591836735,38,19,15,1,38,1|2|4|2|4|9|5|11,hub_localized,49
star,50,0.01,0.02,0.0,0.07,16,58,0.0,0.22448979591836735,37,19,15,1,37,1|2|4|2|4|1|1|7|5|12,hub_localized,49
star,50,0.01,0.02,0.0,0.07,17,59,0.0,0.20408163265306123,36,19,16,1,36,2|4|2|4|9|5|13,hub_localized,49
star,50,0.01,0.02,0.0,0.07,18,60,0.0,0.1836734693877551,35,20,16,0,35,2|4|2|4|10|5|14,hub_localized,49
star,50,0.01,0.02,0.0,0.07,19,61,0.0,0.20408163265306123,34,19,15,1,34,1|4|2|4|1|8|5|15,hub_localized,49
star,50,0.01,0.02,0.0,0.07,20,62,0.0,0.1836734693877551,33,20,16,0,33,4|2|4|1|8|5|16,hub_localized,49
star,50,0.01,0.02,0.0,0.07,21,63,0.0,0.1836734693877551,32,19,15,0,32,4|2|4|9|5|17,hub_localized,49
star,50,0.01,0.02,0.0,0.07,22,64,0.0,0.20408163265306123,49,19,1,1,49,3|2|4|1|9|5|16,hub_localized,49
star,50,0.01,0.02,0.0,0.07,23,65,0.0,0.22448979591836735,48,19,3,1,48,2|2|4|9|5|15|1|1,hub_localized,49
star,50,0.01,0.02,0.0,0.07,24,66,0.0,0.22448979591836735,47,19,3,1,47,1|2|4|9|5|12|4|2,hub_localized,49
star,50,0.01,0.02,0.0,0.07,25,67,0.0,0.20408163265306123,46,19,1,1,46,2|5|1|7|5|16|3,hub_localized,49
star,50,0.01,0.02,0.0,0.07,26,68,0.0,0.20408163265306123,45,19,1,1,45,1|4|9|5|16|4,hub_localized,49
star,50,0.01,0.02,0.0,0.07,27,69,0.0,0.16326530612244897,44,19,1,0,44,1|4|10|5|17|5,hub_localized,49
star,50,0.01,0.02,0.0,0.07,28,70,0.0,0.20408163265306123,49,19,1,1,49,4|9|5|16|5,hub_localized,49
star,50,0.01,0.02,0.0,0.07,29,71,0.0,0.22448979591836735,49,19,3,1,49,3|1|7|5|17|5,hub_localized,49
star,50,0.01,0.02,0.0,0.07,30,72,0.0,0.24489795918367346,48,20,1,1,48,2|1|7|5|16|5|1,hub_localized,49
star,50,0.01,0.02,0.0,0.07,31,73,0.0,0.20408163265306123,47,20,3,1,47,2|9|5|17|5|2,hub_localized,49
star,50,0.01,0.02,0.0,0.07,32,74,0.0,0.20408163265306123,46,20,1,1,46,1|7|5|17|6|3,hub_localized,49
star,50,0.01,0.02,0.0,0.07,33,75,0.0,0.16326530612244897,45,20,1,0,45,1|1|8|5|17|5|4,hub_localized,49
star,50,0.01,0.02,0.0,0.07,34,76,0.0,0.20408163265306123,44,20,1,1,44,9|5|12|3|5|5,hub_localized,49
star,50,0.01,0.02,0.0,0.07,35,77,0.0,0.1836734693877551,43,20,1,0,43,1|7|5|16|5|6,hub_localized,49
star,50,0.01,0.02,0.0,0.07,36,78,0.0,0.16326530612244897,42,20,1,0,42,7|5|17|5|7,hub_localized,49
star,50,0.01,0.02,0.0,0.07,37,79,0.0,0.16326530612244897,49,19,1,0,49,8|5|17|5|7,hub_localized,49
star,50,0.01,0.02,0.0,0.07,38,80,0.0,0.16326530612244897,48,19,4,0,48,6|5|17|5|7|1,hub_localized,49
star,50,0.01,0.02,0.0,0.07,39,81,0.0,0.16326530612244897,47,19,1,0,47,5|5|17|5|7|2,hub_localized,49
star,50,0.01,0.02,0.0,0.07,40,82,0.0,0.14285714285714285,46,19,3,0,46,5|5|17|5|7|3,hub_localized,49
star,50,0.01,0.02,0.0,0.07,41,83,0.0,0.14285714285714285,45,20,1,0,45,5|5|17|5|7|4,hub_localized,49
star,50,0.01,0.02,0.0,0.07,42,84,0.0,0.20408163265306123,44,19,3,1,44,2|5|15|5|7|5,hub_localized,49
star,50,0.01,0.02,0.0,0.07,43,85,0.0,0.1836734693877551,43,10,1,0,43,1|5|15|1|5|7|6,hub_localized,49
star,50,0.01,0.02,0.0,0.07,44,86,0.0,0.14285714285714285,42,19,3,0,42,2|5|17|5|7|7,hub_localized,49
star,50,0.01,0.02,0.0,0.07,45,87,0.0,0.14285714285714285,41,20,1,0,41,5|17|5|7|8,hub_localized,49
star,50,0.01,0.02,0.0,0.07,46,88,0.0,0.14285714285714285,40,8,4,0,40,5|4|12|5|7|9,hub_localized,49
star,50,0.01,0.02,0.0,0.07,47,89,0.0,0.12244897959183673,39,10,3,0,39,5|16|5|7|10,hub_localized,49
star,50,0.01,0.02,0.0,0.07,48,90,0.0,0.14285714285714285,49,8,1,0,49,4|15|1|5|7|10,hub_localized,49
star,50,0.01,0.02,0.0,0.07,49,91,0.0,0.12244897959183673,48,10,1,0,48,3|17|5|7|10|1,hub_localized,49
star,50,0.01,0.02,0.0,0.072,0,42,0.0,0.24489795918367346,47,19,4,1,47,3|4|5|1|7|2|4|9|2,hub_localized,49
star,50,0.01,0.02,0.0,0.072,1,43,0.0,0.2857142857142857,46,10,5,1,46,2|4|5|1|2|4|2|4|1|7|3,hub_localized,49
star,50,0.01,0.02,0.0,0.072,2,44,0.0,0.2653061224489796,45,19,4,1,45,2|4|5|1|2|4|2|4|9|4,hub_localized,49
star,50,0.01,0.02,0.0,0.072,3,45,0.0,0.2857142857142857,44,19,4,1,44,1|3|5|1|2|4|2|4|9|5,hub_localized,49
star,50,0.01,0.02,0.0,0.072,4,46,0.0,0.30612244897959184,49,20,4,1,49,3|5|1|2|1|2|2|4|9|5,hub_localized,49
star,50,0.01,0.02,0.0,0.072,5,47,0.0,0.2857142857142857,48,19,5,1,48,3|5|1|2|4|2|4|1|7|5|1,hub_localized,49
star,50,0.01,0.02,0.0,0.072,6,48,0.0,0.24489795918367346,47,19,4,1,47,9|1|2|4|2|4|1|1|7|5|2,hub_localized,49
star,50,0.01,0.02,0.0,0.072,7,49,0.0,0.22448979591836735,46,19,4,1,46,7|1|7|2|4|1|1|7|5|3,hub_localized,49
star,50,0.01,0.02,0.0,0.072,8,50,0.0,0.24489795918367346,45,19,4,1,45,1|5|1|2|4|2|4|10|5|4,hub_localized,49
star,50,0.01,0.02,0.0,0.072,9,51,0.0,0.22448979591836735,44,10,5,1,44,5|1|7|2|4|1|8|5|5,hub_localized,49
star,50,0.01,0.02,0.0,0.072,10,52,0.0,0.20408163265306123,43,19,6,1,43,4|1|2|4|2|4|1|10|5|6,hub_localized,49
star,50,0.01,0.02,0.0,0.072,11,53,0.0,0.22448979591836735,42,20,4,1,42,3|1|2|4|2|4|1|9|5|7,hub_localized,49
star,50,0.01,0.02,0.0,0.072,12,54,0.0,0.24489795918367346,41,19,5,1,41,3|1|2|4|2|4|9|5|8,hub_localized,49
star,50,0.01,0.02,0.0,0.072,13,55,0.0,0.24489795918367346,40,19,5,1,40,1|1|2|4|2|4|9|5|9,hub_localized,49
star,50,0.01,0.02,0.0,0.072,14,56,0.0,0.24489795918367346,39,19,5,1,39,1|1|2|4|2|4|9|5|10,hub_localized,49
star,50,0.01,0.02,0.0,0.072,15,57,0.0,0.20408163265306123,38,19,15,1,38,1|2|4|2|4|10|5|11,hub_localized,49
star,50,0.01,0.02,0.0,0.072,16,58,0.0,0.24489795918367346,37,19,15,1,37,1|2|4|2|4|1|7|5|12,hub_localized,49
star,50,0.01,0.02,0.0,0.072,17,59,0.0,0.20408163265306123,36,19,16,1,36,2|4|2|4|9|5|13,hub_localized,49
star,50,0.01,0.02,0.0,0.072,18,60,0.0,0.1836734693877551,35,19,16,0,35,2|4|2|4|1|1|8|5|14,hub_localized,49
star,50,0.01,0.02,0.0,0.072,19,61,0.0,0.20408163265306123,34,19,15,1,34,1|4|2|4|1|8|5|15,hub_localized,49
star,50,0.01,0.02,0.0,0.072,20,62,0.0,0.1836734693877551,33,19,16,0,33,4|2|4|1|8|5|16,hub_localized,49
star,50,0.01,0.02,0.0,0.072,21,63,0.0,0.1836734693877551,32,19,15,0,32,4|2|4|9|5|17,hub_localized,49
star,50,0.01,0.02,0.0,0.072,22,64,0.0,0.22448979591836735,49,19,1,1,49,3|2|4|9|5|16,hub_localized,49
star,50,0.01,0.02,0.0,0.072,23,65,0.0,0.20408163265306123,48,19,3,1,48,2|2|4|9|5|17|1,hub_localized,49
star,50,0.01,0.02,0.0,0.072,24,66,0.0,0.22448979591836735,47,19,3,1,47,1|2|4|9|5|12|4|2,hub_localized,49
star,50,0.01,0.02,0.0,0.072,25,67,0.0,0.20408163265306123,46,19,1,1,46,2|5|1|7|5|16|3,hub_localized,49
star,50,0.01,0.02,0.0,0.072,26,68,0.0,0.22448979591836735,45,19,1,1,45,1|4|1|7|5|16|4,hub_localized,49
star,50,0.01,0.02,0.0,0.072,27,69,0.0,0.20408163265306123,44,19,1,1,44,1|4|1|7|5|17|5,hub_localized,49
star,50,0.01,0.02,0.0,0.072,28,70,0.0,0.20408163265306123,49,19,1,1,49,4|1|8|5|16|5,hub_localized,49
star,50,0.01,0.02,0.0,0.072,29,71,0.0,0.22448979591836735,49,19,3,1,49,3|1|7|5|17|5,hub_localized,49
star,50,0.01,0.02,0.0,0.072,30,72,0.0,0.24489795918367346,48,19,1,1,48,2|1|7|5|16|5|1,hub_localized,49
star,50,0.01,0.02,0.0,0.072,31,73,0.0,0.1836734693877551,47,19,3,0,47,2|1|9|5|17|5|2,hub_localized,49
star,50,0.01,0.02,0.0,0.072,32,74,0.0,0.20408163265306123,46,19,1,1,46,1|7|5|17|6|3,hub_localized,49
star,50,0.01,0.02,0.0,0.072,33,75,0.0,0.1836734693877551,45,19,1,0,45,1|1|7|5|17|5|4,hub_localized,49
star,50,0.01,0.02,0.0,0.072,34,76,0.0,0.20408163265306123,44,20,1,1,44,9|5|12|3|5|5,hub_localized,49
star,50,0.01,0.02,0.0,0.072,35,77,0.0,0.16326530612244897,43,19,1,0,43,1|7|5|17|5|6,hub_localized,49
star,50,0.01,0.02,0.0,0.072,36,78,0.0,0.16326530612244897,42,19,1,0,42,7|5|17|5|7,hub_localized,49
star,50,0.01,0.02,0.0,0.072,37,79,0.0,0.16326530612244897,49,19,1,0,49,8|5|17|5|7,hub_localized,49
star,50,0.01,0.02,0.0,0.072,38,80,0.0,0.16326530612244897,48,19,4,0,48,6|5|17|5|7|1,hub_localized,49
star,50,0.01,0.02,0.0,0.072,39,81,0.0,0.1836734693877551,47,19,1,0,47,5|5|12|4|5|7|2,hub_localized,49
star,50,0.01,0.02,0.0,0.072,40,82,0.0,0.14285714285714285,46,19,3,0,46,5|5|17|5|7|3,hub_localized,49
star,50,0.01,0.02,0.0,0.072,41,83,0.0,0.14285714285714285,45,19,1,0,45,5|5|17|5|7|4,hub_localized,49
star,50,0.01,0.02,0.0,0.072,42,84,0.0,0.20408163265306123,44,19,3,1,44,2|5|15|5|7|5,hub_localized,49
star,50,0.01,0.02,0.0,0.072,43,85,0.0,0.1836734693877551,43,19,1,0,43,1|5|15|1|5|7|6,hub_localized,49
star,50,0.01,0.02,0.0,0.072,44,86,0.0,0.14285714285714285,42,19,3,0,42,2|5|17|5|7|7,hub_localized,49
star,50,0.01,0.02,0.0,0.072,45,87,0.0,0.14285714285714285,41,19,1,0,41,5|17|5|7|8,hub_localized,49
star,50,0.01,0.02,0.0,0.072,46,88,0.0,0.14285714285714285,40,8,4,0,40,5|4|12|5|7|9,hub_localized,49
star,50,0.01,0.02,0.0,0.072,47,89,0.0,0.12244897959183673,39,8,3,0,39,5|16|5|7|10,hub_localized,49
star,50,0.01,0.02,0.0,0.072,48,90,0.0,0.12244897959183673,49,8,1,0,49,4|17|5|7|10,hub_localized,49
star,50,0.01,0.02,0.0,0.072,49,91,0.0,0.12244897959183673,48,10,1,0,48,3|17|5|7|10|1,hub_localized,49
star,50,0.01,0.02,0.0,0.074,0,42,0.0,0.2653061224489796,47,19,4,1,47,3|4|5|1|2|4|2|4|9|2,hub_localized,49
star,50,0.01,0.02,0.0,0.074,1,43,0.0,0.2857142857142857,46,10,5,1,46,2|4|5|1|2|4|2|4|1|7|3,hub_localized,49
star,50,0.01,0.02,0.0,0.074,2,44,0.0,0.2653061224489796,45,19,4,1,45,2|3|5|1|7|2|4|9|4,hub_localized,49
star,50,0.01,0.02,0.0,0.074,3,45,0.0,0.2653061224489796,44,19,4,1,44,1|3|5|1|2|4|2|4|1|9|5,hub_localized,49
star,50,0.01,0.02,0.0,0.074,4,46,0.0,0.30612244897959184,49,19,4,1,49,3|5|1|2|4|2|4|1|7|5,hub_localized,49
star,50,0.01,0.02,0.0,0.074,5,47,0.0,0.2653061224489796,48,19,5,1,48,9|1|2|4|2|4|1|7|5|1,hub_localized,49
star,50,0.01,0.02,0.0,0.074,6,48,0.0,0.20408163265306123,47,10,4,1,47,9|1|7|2|4|1|1|8|5|2,hub_localized,49
star,50,0.01,0.02,0.0,0.074,7,49,0.0,0.2653061224489796,46,19,4,1,46,1|5|1|7|2|4|1|7|5|3,hub_localized,49
star,50,0.01,0.02,0.0,0.074,8,50,0.0,0.24489795918367346,45,19,5,1,45,1|5|1|2|4|2|4|1|1|8|5|4,hub_localized,49
star,50,0.01,0.02,0.0,0.074,9,51,0.0,0.22448979591836735,44,10,5,1,44,5|1|7|2|4|1|1|7|5|5,hub_localized,49
star,50,0.01,0.02,0.0,0.074,10,52,0.0,0.22448979591836735,43,19,6,1,43,4|1|7|2|4|1|1|7|5|6,hub_localized,49
star,50,0.01,0.02,0.0,0.074,11,53,0.0,0.22448979591836735,42,19,5,1,42,3|1|7|2|4|1|1|7|5|7,hub_localized,49
star,50,0.01,0.02,0.0,0.074,12,54,0.0,0.24489795918367346,41,19,5,1,41,3|1|2|4|2|4|1|1|7|5|8,hub_localized,49
star,50,0.01,0.02,0.0,0.074,13,55,0.0,0.24489795918367346,40,19,5,1,40,1|1|2|4|2|4|1|1|7|5|9,hub_localized,49
star,50,0.01,0.02,0.0,0.074,14,56,0.0,0.24489795918367346,39,19,5,1,39,1|1|7|2|4|1|7|5|10,hub_localized,49
star,50,0.01,0.02,0.0,0.074,15,57,0.0,0.16326530612244897,38,19,16,0,38,1|7|2|4|1|10|5|11,hub_localized,49
star,50,0.01,0.02,0.0,0.074,16,58,0.0,0.22448979591836735,37,19,16,1,37,1|2|4|2|4|1|1|7|5|12,hub_localized,49
star,50,0.01,0.02,0.0,0.074,17,59,0.0,0.20408163265306123,36,19,16,1,36,2|4|2|4|9|5|13,hub_localized,49
star,50,0.01,0.02,0.0,0.074,18,60,0.0,0.1836734693877551,35,19,16,0,35,2|4|2|4|1|1|8|5|14,hub_localized,49
star,50,0.01,0.02,0.0,0.074,19,61,0.0,0.20408163265306123,34,19,16,1,34,1|4|2|4|1|8|5|15,hub_localized,49
star,50,0.01,0.02,0.0,0.074,20,62,0.0,0.1836734693877551,33,19,16,0,33,4|2|4|1|8|5|16,hub_localized,49
star,50,0.01,0.02,0.0,0.074,21,63,0.0,0.1836734693877551,32,19,16,0,32,4|2|4|9|5|17,hub_localized,49
star,50,0.01,0.02,0.0,0.074,22,64,0.0,0.22448979591836735,49,9,1,1,49,3|2|4|9|5|16,hub_localized,49
star,50,0.01,0.02,0.0,0.074,23,65,0.0,0.22448979591836735,48,19,3,1,48,2|2|4|1|7|5|17|1,hub_localized,49
star,50,0.01,0.02,0.0,0.074,24,66,0.0,0.20408163265306123,47,19,3,1,47,1|2|4|1|9|5|12|4|2,hub_localized,49
star,50,0.01,0.02,0.0,0.074,25,67,0.0,0.22448979591836735,46,19,1,1,46,2|4|1|7|5|16|3,hub_localized,49
star,50,0.01,0.02,0.0,0.074,26,68,0.0,0.22448979591836735,45,19,1,1,45,1|4|1|7|5|16|4,hub_localized,49
star,50,0.01,0.02,0.0,0.074,27,69,0.0,0.20408163265306123,44,10,1,1,44,1|4|1|7|5|17|5,hub_localized,49
star,50,0.01,0.02,0.0,0.074,28,70,0.0,0.20408163265306123,49,19,1,1,49,4|1|8|5|16|5,hub_localized,49
star,50,0.01,0.02,0.0,0.074,29,71,0.0,0.22448979591836735,49,19,3,1,49,3|1|7|5|17|5,hub_localized,49
star,50,0.01,0.02,0.0,0.074,30,72,0.0,0.22448979591836735,47,19,1,1,47,2|1|7|5|16|5|2,hub_localized,49
star,50,0.01,0.02,0.0,0.074,31,73,0.0,0.16326530612244897,47,19,3,0,47,2|1|10|5|17|5|2,hub_localized,49
star,50,0.01,0.02,0.0,0.074,32,74,0.0,0.20408163265306123,46,10,1,1,46,1|7|5|17|6|3,hub_localized,49
star,50,0.01,0.02,0.0,0.074,33,75,0.0,0.1836734693877551,45,19,1,0,45,1|1|7|5|17|5|4,hub_localized,49
star,50,0.01,0.02,0.0,0.074,34,76,0.0,0.16326530612244897,43,19,1,0,43,9|5|16|5|6,hub_localized,49
star,50,0.01,0.02,0.0,0.074,35,77,0.0,0.16326530612244897,43,19,1,0,43,1|7|5|17|5|6,hub_localized,49
star,50,0.01,0.02,0.0,0.074,36,78,0.0,0.16326530612244897,42,19,1,0,42,7|5|17|5|7,hub_localized,49
star,50,0.01,0.02,0.0,0.074,37,79,0.0,0.16326530612244897,49,19,1,0,49,7|5|17|5|7,hub_localized,49
star,50,0.01,0.02,0.0,0.074,38,80,0.0,0.16326530612244897,48,19,4,0,48,6|5|17|5|7|1,hub_localized,49
star,50,0.01,0.02,0.0,0.074,39,81,0.0,0.1836734693877551,47,19,1,0,47,5|5|12|4|5|7|2,hub_localized,49
star,50,0.01,0.02,0.0,0.074,40,82,0.0,0.14285714285714285,46,19,3,0,46,5|5|17|5|7|3,hub_localized,49
star,50,0.01,0.02,0.0,0.074,41,83,0.0,0.14285714285714285,45,19,1,0,45,5|5|17|5|7|4,hub_localized,49
star,50,0.01,0.02,0.0,0.074,42,84,0.0,0.20408163265306123,44,19,3,1,44,2|5|15|5|7|5,hub_localized,49
star,50,0.01,0.02,0.0,0.074,43,85,0.0,0.12244897959183673,43,10,1,0,43,2|5|17|5|8|6,hub_localized,49
star,50,0.01,0.02,0.0,0.074,44,86,0.0,0.14285714285714285,42,19,3,0,42,2|5|17|5|7|7,hub_localized,49
star,50,0.01,0.02,0.0,0.074,45,87,0.0,0.14285714285714285,41,19,1,0,41,5|17|5|7|8,hub_localized,49
star,50,0.01,0.02,0.0,0.074,46,88,0.0,0.12244897959183673,40,8,4,0,40,5|17|5|7|9,hub_localized,49
star,50,0.01,0.02,0.0,0.074,47,89,0.0,0.12244897959183673,39,8,3,0,39,5|16|5|7|10,hub_localized,49
star,50,0.01,0.02,0.0,0.074,48,90,0.0,0.12244897959183673,49,8,1,0,49,4|17|5|7|10,hub_localized,49
star,50,0.01,0.02,0.0,0.074,49,91,0.0,0.10204081632653061,48,9,1,0,48,3|17|5|8|10|1,hub_localized,49
star,50,0.01,0.02,0.0,0.076,0,42,0.0,0.22448979591836735,47,19,4,1,47,3|4|5|1|7|2|4|1|9|2,hub_localized,49
star,50,0.01,0.02,0.0,0.076,1,43,0.0,0.2653061224489796,46,10,5,1,46,2|4|5|1|2|4|2|4|1|8|3,hub_localized,49
star,50,0.01,0.02,0.0,0.076,2,44,0.0,0.2653061224489796,45,19,4,1,45,2|3|5|1|7|2|4|9|4,hub_localized,49
star,50,0.01,0.02,0.0,0.076,3,45,0.0,0.24489795918367346,44,19,4,1,44,1|3|5|1|7|2|4|1|9|5,hub_localized,49
star,50,0.01,0.02,0.0,0.076,4,46,0.0,0.2653061224489796,49,19,4,1,49,10|1|2|4|2|4|1|7|5,hub_localized,49
star,50,0.01,0.02,0.0,0.076,5,47,0.0,0.2653061224489796,48,19,5,1,48,9|1|2|4|2|4|1|7|5|1,hub_localized,49
star,50,0.01,0.02,0.0,0.076,6,48,0.0,0.24489795918367346,47,9,4,1,47,3|5|1|7|2|4|9|5|2,hub_localized,49
star,50,0.01,0.02,0.0,0.076,7,49,0.0,0.24489795918367346,46,19,5,1,46,7|1|7|2|4|1|7|5|3,hub_localized,49
star,50,0.01,0.02,0.0,0.076,8,50,0.0,0.22448979591836735,45,19,5,1,45,1|5|1|7|2|4|1|1|8|5|4,hub_localized,49
star,50,0.01,0.02,0.0,0.076,9,51,0.0,0.22448979591836735,44,10,5,1,44,5|1|7|2|4|1|1|7|5|5,hub_localized,49
star,50,0.01,0.02,0.0,0.076,10,52,0.0,0.22448979591836735,43,19,6,1,43,4|1|7|2|4|1|1|7|5|6,hub_localized,49
star,50,0.01,0.02,0.0,0.076,11,53,0.0,0.20408163265306123,42,19,5,1,42,3|1|7|2|4|1|9|5|7,hub_localized,49
star,50,0.01,0.02,0.0,0.076,12,54,0.0,0.22448979591836735,41,19,5,1,41,3|1|7|2|4|1|1|7|5|8,hub_localized,49
star,50,0.01,0.02,0.0,0.076,13,55,0.0,0.20408163265306123,40,19,5,1,40,1|1|7|2|4|1|1|8|5|9,hub_localized,49
star,50,0.01,0.02,0.0,0.076,14,56,0.0,0.24489795918367346,39,19,5,1,39,1|1|7|2|4|1|7|5|10,hub_localized,49
star,50,0.01,0.02,0.0,0.076,15,57,0.0,0.1836734693877551,38,19,16,0,38,1|7|2|4|1|9|5|11,hub_localized,49
star,50,0.01,0.02,0.0,0.076,16,58,0.0,0.20408163265306123,37,19,16,1,37,1|7|2|4|1|1|7|5|12,hub_localized,49
star,50,0.01,0.02,0.0,0.076,17,59,0.0,0.20408163265306123,36,19,16,1,36,2|4|2|4|9|5|13,hub_localized,49
star,50,0.01,0.02,0.0,0.076,18,60,0.0,0.16326530612244897,35,19,16,0,35,7|2|4|1|1|8|5|14,hub_localized,49
star,50,0.01,0.02,0.0,0.076,19,61,0.0,0.16326530612244897,34,19,16,0,34,6|2|4|10|5|15,hub_localized,49
star,50,0.01,0.02,0.0,0.076,20,62,0.0,0.1836734693877551,33,19,16,0,33,5|2|4|1|8|5|16,hub_localized,49
star,50,0.01,0.02,0.0,0.076,21,63,0.0,0.20408163265306123,32,9,16,1,32,4|2|4|1|7|5|17,hub_localized,49
star,50,0.01,0.02,0.0,0.076,22,64,0.0,0.20408163265306123,49,9,1,1,49,3|2|4|9|5|17,hub_localized,49
star,50,0.01,0.02,0.0,0.076,23,65,0.0,0.20408163265306123,48,19,3,1,48,2|2|4|9|5|17|1,hub_localized,49
star,50,0.01,0.02,0.0,0.076,24,66,0.0,0.20408163265306123,47,19,3,1,47,1|2|4|1|9|5|12|4|2,hub_localized,49
star,50,0.01,0.02,0.0,0.076,25,67,0.0,0.20408163265306123,46,10,1,1,46,2|4|1|7|5|17|3,hub_localized,49
star,50,0.01,0.02,0.0,0.076,26,68,0.0,0.20408163265306123,45,19,1,1,45,1|4|9|5|16|4,hub_localized,49
star,50,0.01,0.02,0.0,0.076,27,69,0.0,0.20408163265306123,44,19,1,1,44,1|4|1|7|5|17|5,hub_localized,49
star,50,0.01,0.02,0.0,0.076,28,70,0.0,0.22448979591836735,49,19,1,1,49,4|1|7|5|16|5,hub_localized,49
star,50,0.01,0.02,0.0,0.076,29,71,0.0,0.1836734693877551,48,19,3,0,48,3|9|5|17|5|1,hub_localized,49
star,50,0.01,0.02,0.0,0.076,30,72,0.0,0.22448979591836735,47,19,1,1,47,2|1|7|5|16|5|2,hub_localized,49
star,50,0.01,0.02,0.0,0.076,31,73,0.0,0.16326530612244897,47,19,3,0,47,2|1|1|8|5|17|6|2,hub_localized,49
star,50,0.01,0.02,0.0,0.076,32,74,0.0,0.20408163265306123,46,9,1,1,46,1|7|5|17|6|3,hub_localized,49
star,50,0.01,0.02,0.0,0.076,33,75,0.0,0.1836734693877551,45,19,1,0,45,1|1|7|5|17|5|4,hub_localized,49
star,50,0.01,0.02,0.0,0.076,34,76,0.0,0.16326530612244897,43,19,1,0,43,9|5|12|4|5|6,hub_localized,49
star,50,0.01,0.02,0.0,0.076,35,77,0.0,0.14285714285714285,43,19,1,0,43,1|7|5|17|6|6,hub_localized,49
star,50,0.01,0.02,0.0,0.076,36,78,0.0,0.16326530612244897,42,19,1,0,42,7|5|17|5|7,hub_localized,49
star,50,0.01,0.02,0.0,0.076,37,79,0.0,0.12244897959183673,49,19,1,0,49,8|5|17|5|8,hub_localized,49
star,50,0.01,0.02,0.0,0.076,38,80,0.0,0.16326530612244897,48,19,4,0,48,6|5|17|5|7|1,hub_localized,49
star,50,0.01,0.02,0.0,0.076,39,81,0.0,0.14285714285714285,47,19,1,0,47,6|5|17|5|7|2,hub_localized,49
star,50,0.01,0.02,0.0,0.076,40,82,0.0,0.12244897959183673,46,19,3,0,46,4|5|17|14|3,hub_localized,49
star,50,0.01,0.02,0.0,0.076,41,83,0.0,0.12244897959183673,45,19,1,0,45,5|5|17|5|8|4,hub_localized,49
star,50,0.01,0.02,0.0,0.076,42,84,0.0,0.20408163265306123,44,19,3,1,44,2|5|15|5|7|5,hub_localized,49
star,50,0.01,0.02,0.0,0.076,43,85,0.0,0.12244897959183673,43,19,1,0,43,2|5|17|5|8|6,hub_localized,49
star,50,0.01,0.02,0.0,0.076,44,86,0.0,0.14285714285714285,42,19,3,0,42,2|5|17|5|7|7,hub_localized,49
star,50,0.01,0.02,0.0,0.076,45,87,0.0,0.14285714285714285,41,19,1,0,41,5|17|5|7|8,hub_localized,49
star,50,0.01,0.02,0.0,0.076,46,88,0.0,0.12244897959183673,40,7,4,0,40,5|17|5|7|9,hub_localized,49
star,50,0.01,0.02,0.0,0.076,47,89,0.0,0.10204081632653061,39,7,3,0,39,5|16|5|8|10,hub_localized,49
star,50,0.01,0.02,0.0,0.076,48,90,0.0,0.12244897959183673,49,8,1,0,49,4|17|5|7|10,hub_localized,49
star,50,0.01,0.02,0.0,0.076,49,91,0.0,0.10204081632653061,48,9,1,0,48,3|17|5|8|10|1,hub_localized,49
star,50,0.01,0.03,0.0,0.06,0,42,0.0,0.32653061224489793,47,10,4,1,47,3|3|2|2|1|7|2|3|3|5|2,hub_localized,49
star,50,0.01,0.03,0.0,0.06,1,43,0.0,0.2653061224489796,46,12,4,1,46,2|4|5|1|7|2|4|3|5|3,hub_localized,49
star,50,0.01,0.03,0.0,0.06,2,44,0.0,0.30612244897959184,45,20,4,1,45,2|4|5|1|2|4|2|3|3|5|4,hub_localized,49
star,50,0.01,0.03,0.0,0.06,3,45,0.0,0.3673469387755102,48,20,4,1,48,1|3|2|2|1|7|2|3|3|5|1|1|1,hub_localized,49
star,50,0.01,0.03,0.0,0.06,4,46,0.0,0.30612244897959184,49,20,4,1,49,3|5|1|2|4|2|4|3|5|5,hub_localized,49
star,50,0.01,0.03,0.0,0.06,5,47,0.0,0.2857142857142857,48,20,4,1,48,3|5|1|7|2|4|3|5|3|1|1,hub_localized,49
star,50,0.01,0.03,0.0,0.06,6,48,0.0,0.30612244897959184,47,20,4,1,47,3|5|1|2|4|2|3|3|5|5|2,hub_localized,49
star,50,0.01,0.03,0.0,0.06,7,49,0.0,0.3469387755102041,46,20,4,1,46,1|2|2|1|2|4|2|3|3|5|3|1|3,hub_localized,49
star,50,0.01,0.03,0.0,0.06,8,50,0.0,0.32653061224489793,45,11,4,1,45,1|2|2|1|2|4|2|4|3|5|1|3|4,hub_localized,49
star,50,0.01,0.03,0.0,0.06,9,51,0.0,0.2857142857142857,44,12,5,1,44,5|1|7|2|4|3|5|1|1|1|5,hub_localized,49
star,50,0.01,0.03,0.0,0.06,10,52,0.0,0.2857142857142857,43,9,5,1,43,4|1|2|4|2|4|3|5|3|1|6,hub_localized,49
star,50,0.01,0.03,0.0,0.06,11,53,0.0,0.2653061224489796,42,20,4,1,42,3|1|2|4|2|4|3|5|5|7,hub_localized,49
star,50,0.01,0.03,0.0,0.06,12,54,0.0,0.24489795918367346,41,20,5,1,41,2|1|2|4|2|4|9|5|8,hub_localized,49
star,50,0.01,0.03,0.0,0.06,13,55,0.0,0.2857142857142857,40,20,5,1,40,1|1|2|4|2|3|3|5|5|9,hub_localized,49
star,50,0.01,0.03,0.0,0.06,14,56,0.0,0.30612244897959184,39,20,4,1,39,1|2|4|2|3|3|5|1|3|10,hub_localized,49
star,50,0.01,0.03,0.0,0.06,15,57,0.0,0.2653061224489796,38,20,15,1,38,1|2|4|2|3|3|5|5|11,hub_localized,49
star,50,0.01,0.03,0.0,0.06,16,58,0.0,0.2857142857142857,37,20,15,1,37,1|2|4|2|3|3|5|3|1|12,hub_localized,49
star,50,0.01,0.03,0.0,0.06,17,59,0.0,0.24489795918367346,41,20,15,1,41,7|2|4|3|5|3|1|4|8,hub_localized,49
star,50,0.01,0.03,0.0,0.06,18,60,0.0,0.2653061224489796,35,20,15,1,35,2|1|2|2|4|3|5|3|1|14,hub_localized,49
star,50,0.01,0.03,0.0,0.06,19,61,0.0,0.22448979591836735,34,20,15,1,34,1|4|2|4|3|5|4|1|15,hub_localized,49
star,50,0.01,0.03,0.0,0.06,20,62,0.0,0.20408163265306123,33,20,15,1,33,4|2|4|3|5|2|3|16,hub_localized,49
star,50,0.01,0.03,0.0,0.06,21,63,0.0,0.2857142857142857,49,11,15,1,49,4|2|3|3|5|3|1|4|11,hub_localized,49
star,50,0.01,0.03,0.0,0.06,22,64,0.0,0.2857142857142857,49,12,1,1,49,3|2|4|3|5|1|1|1|16,hub_localized,49
star,50,0.01,0.03,0.0,0.06,23,65,0.0,0.2857142857142857,48,20,3,1,48,2|2|4|3|5|1|3|15|1,hub_localized,49
star,50,0.01,0.03,0.0,0.06,24,66,0.0,0.2857142857142857,47,10,3,1,47,1|2|3|3|5|3|1|4|12|2,hub_localized,49
star,50,0.01,0.03,0.0,0.06,25,67,0.0,0.2653061224489796,46,12,1,1,46,2|4|3|5|1|1|1|16|3,hub_localized,49
star,50,0.01,0.03,0.0,0.06,26,68,0.0,0.2857142857142857,45,20,1,1,45,1|4|3|5|1|1|1|4|11|4,hub_localized,49
star,50,0.01,0.03,0.0,0.06,27,69,0.0,0.24489795918367346,44,20,1,1,44,1|4|3|5|1|3|16|5,hub_localized,49
star,50,0.01,0.03,0.0,0.06,28,70,0.0,0.2653061224489796,49,20,1,1,49,3|3|5|3|1|16|5,hub_localized,49
star,50,0.01,0.03,0.0,0.06,29,71,0.0,0.2653061224489796,49,20,3,1,49,3|3|5|1|3|16|5,hub_localized,49
star,50,0.01,0.03,0.0,0.06,30,72,0.0,0.30612244897959184,48,20,1,1,48,1|3|5|1|1|1|16|5|1,hub_localized,49
star,50,0.01,0.03,0.0,0.06,31,73,0.0,0.30612244897959184,47,11,3,1,47,1|3|5|1|1|1|16|5|2,hub_localized,49
star,50,0.01,0.03,0.0,0.06,32,74,0.0,0.2653061224489796,47,12,1,1,47,3|5|5|16|5|2,hub_localized,49
star,50,0.01,0.03,0.0,0.06,33,75,0.0,0.2857142857142857,46,13,1,1,46,3|5|1|1|1|16|5|3,hub_localized,49
star,50,0.01,0.03,0.0,0.06,34,76,0.0,0.2653061224489796,44,21,1,1,44,3|5|1|1|1|4|11|5|5,hub_localized,49
star,50,0.01,0.03,0.0,0.06,35,77,0.0,0.22448979591836735,44,20,1,1,44,3|5|3|1|16|5|5,hub_localized,49
star,50,0.01,0.03,0.0,0.06,36,78,0.0,0.20408163265306123,42,20,1,1,42,2|5|3|1|4|12|5|7,hub_localized,49
star,50,0.01,0.03,0.0,0.06,37,79,0.0,0.2653061224489796,49,20,1,1,49,2|5|1|1|1|4|11|5|7,hub_localized,49
star,50,0.01,0.03,0.0,0.06,38,80,0.0,0.20408163265306123,48,10,4,1,48,5|5|16|5|7|1,hub_localized,49
star,50,0.01,0.03,0.0,0.06,39,81,0.0,0.24489795918367346,47,20,1,1,47,5|3|1|4|11|5|6|2,hub_localized,49
star,50,0.01,0.03,0.0,0.06,40,82,0.0,0.22448979591836735,46,20,3,1,46,4|3|1|4|11|5|7|3,hub_localized,49
star,50,0.01,0.03,0.0,0.06,41,83,0.0,0.22448979591836735,45,20,1,1,45,4|1|3|15|5|7|4,hub_localized,49
star,50,0.01,0.03,0.0,0.06,42,84,0.0,0.1836734693877551,44,20,3,0,44,2|3|1|17|5|7|5,hub_localized,49
star,50,0.01,0.03,0.0,0.06,43,85,0.0,0.24489795918367346,47,10,1,1,47,1|3|1|15|5|7|3|2,hub_localized,49
star,50,0.01,0.03,0.0,0.06,44,86,0.0,0.2857142857142857,47,11,3,1,47,1|1|1|1|16|5|6|3|2,hub_localized,49
star,50,0.01,0.03,0.0,0.06,45,87,0.0,0.20408163265306123,49,20,1,1,49,5|15|1|5|7|4|2,hub_localized,49
star,50,0.01,0.03,0.0,0.06,46,88,0.0,0.20408163265306123,48,14,4,1,48,1|1|1|4|12|5|7|7|1,hub_localized,49
star,50,0.01,0.03,0.0,0.06,47,89,0.0,0.1836734693877551,47,10,3,0,47,3|1|15|5|7|7|2,hub_localized,49
star,50,0.01,0.03,0.0,0.06,48,90,0.0,0.2653061224489796,49,11,1,1,49,3|15|5|6|3|2|2,hub_localized,49
star,50,0.01,0.03,0.0,0.06,49,91,0.0,0.20408163265306123,48,11,1,1,48,3|16|5|6|4|2|2|1,hub_localized,49
star,50,0.01,0.03,0.0,0.062,0,42,0.0,0.32653061224489793,47,10,4,1,47,3|3|2|2|1|7|2|3|3|5|2,hub_localized,49
star,50,0.01,0.03,0.0,0.062,1,43,0.0,0.2653061224489796,46,12,4,1,46,2|4|5|1|7|2|4|3|5|3,hub_localized,49
star,50,0.01,0.03,0.0,0.062,2,44,0.0,0.30612244897959184,45,11,4,1,45,2|4|5|1|2|4|2|3|3|5|4,hub_localized,49
star,50,0.01,0.03,0.0,0.062,3,45,0.0,0.3469387755102041,48,20,4,1,48,1|3|2|2|1|2|4|2|3|3|6|3|1,hub_localized,49
star,50,0.01,0.03,0.0,0.062,4,46,0.0,0.30612244897959184,49,20,4,1,49,3|5|1|2|4|2|4|3|5|5,hub_localized,49
star,50,0.01,0.03,0.0,0.062,5,47,0.0,0.24489795918367346,48,20,4,1,48,3|5|1|7|2|4|9|5|1,hub_localized,49
star,50,0.01,0.03,0.0,0.062,6,48,0.0,0.32653061224489793,47,20,4,1,47,3|2|2|1|2|4|2|3|3|5|5|2,hub_localized,49
star,50,0.01,0.03,0.0,0.062,7,49,0.0,0.32653061224489793,46,20,4,1,46,1|2|2|1|2|4|2|4|3|5|3|1|3,hub_localized,49
star,50,0.01,0.03,0.0,0.062,8,50,0.0,0.3469387755102041,45,20,4,1,45,1|2|2|1|2|4|2|3|3|5|1|3|4,hub_localized,49
star,50,0.01,0.03,0.0,0.062,9,51,0.0,0.2857142857142857,44,12,5,1,44,5|1|7|2|4|3|5|1|1|1|5,hub_localized,49
star,50,0.01,0.03,0.0,0.062,10,52,0.0,0.2653061224489796,43,9,5,1,43,4|1|2|4|2|4|3|5|5|6,hub_localized,49
star,50,0.01,0.03,0.0,0.062,11,53,0.0,0.2653061224489796,42,20,4,1,42,3|1|2|4|2|4|3|5|5|7,hub_localized,49
star,50,0.01,0.03,0.0,0.062,12,54,0.0,0.22448979591836735,41,20,5,1,41,2|1|2|4|2|4|1|9|5|8,hub_localized,49
star,50,0.01,0.03,0.0,0.062,13,55,0.0,0.2653061224489796,40,20,5,1,40,1|1|2|4|2|4|3|5|5|9,hub_localized,49
star,50,0.01,0.03,0.0,0.062,14,56,0.0,0.2653061224489796,39,20,4,1,39,1|2|4|2|4|3|5|5|10,hub_localized,49
star,50,0.01,0.03,0.0,0.062,15,57,0.0,0.24489795918367346,38,20,15,1,38,1|2|4|2|4|3|5|5|11,hub_localized,49
star,50,0.01,0.03,0.0,0.062,16,58,0.0,0.24489795918367346,37,20,15,1,37,1|2|4|2|4|3|5|5|12,hub_localized,49
star,50,0.01,0.03,0.0,0.062,17,59,0.0,0.2857142857142857,41,10,15,1,41,2|4|2|3|3|5|3|1|4|8,hub_localized,49
star,50,0.01,0.03,0.0,0.062,18,60,0.0,0.24489795918367346,35,20,15,1,35,2|1|2|2|4|3|5|5|14,hub_localized,49
star,50,0.01,0.03,0.0,0.062,19,61,0.0,0.24489795918367346,34,20,15,1,34,1|4|2|4|3|5|2|1|1|15,hub_localized,49
star,50,0.01,0.03,0.0,0.062,20,62,0.0,0.1836734693877551,33,20,15,0,33,4|2|4|9|2|3|16,hub_localized,49
star,50,0.01,0.03,0.0,0.062,21,63,0.0,0.24489795918367346,49,10,15,1,49,4|2|4|3|5|5|4|11,hub_localized,49
star,50,0.01,0.03,0.0,0.062,22,64,0.0,0.2653061224489796,49,11,1,1,49,3|2|4|3|5|1|3|16,hub_localized,49
star,50,0.01,0.03,0.0,0.062,23,65,0.0,0.22448979591836735,48,20,3,1,48,2|2|4|3|5|5|17|1,hub_localized,49
star,50,0.01,0.03,0.0,0.062,24,66,0.0,0.2857142857142857,47,10,3,1,47,1|2|4|3|5|3|1|4|11|2,hub_localized,49
star,50,0.01,0.03,0.0,0.062,25,67,0.0,0.2653061224489796,46,20,1,1,46,2|4|3|5|1|1|1|16|3,hub_localized,49
star,50,0.01,0.03,0.0,0.062,26,68,0.0,0.2857142857142857,45,20,1,1,45,1|4|3|5|1|1|1|4|11|4,hub_localized,49
star,50,0.01,0.03,0.0,0.062,27,69,0.0,0.24489795918367346,44,20,1,1,44,1|4|3|5|1|3|16|5,hub_localized,49
star,50,0.01,0.03,0.0,0.062,28,70,0.0,0.2857142857142857,49,20,1,1,49,3|3|5|3|1|4|11|5,hub_localized,49
star,50,0.01,0.03,0.0,0.062,29,71,0.0,0.22448979591836735,49,20,3,1,49,3|3|5|5|17|5,hub_localized,49
star,50,0.01,0.03,0.0,0.062,30,72,0.0,0.2857142857142857,48,20,1,1,48,2|3|5|1|1|1|16|5|1,hub_localized,49
star,50,0.01,0.03,0.0,0.062,31,73,0.0,0.2857142857142857,47,20,3,1,47,2|3|5|1|1|1|16|5|2,hub_localized,49
star,50,0.01,0.03,0.0,0.062,32,74,0.0,0.22448979591836735,47,12,1,1,47,3|5|5|17|6|2,hub_localized,49
star,50,0.01,0.03,0.0,0.062,33,75,0.0,0.2653061224489796,46,13,1,1,46,3|5|1|3|16|5|3,hub_localized,49
star,50,0.01,0.03,0.0,0.062,34,76,0.0,0.2653061224489796,44,21,1,1,44,3|5|1|1|1|4|11|5|5,hub_localized,49
star,50,0.01,0.03,0.0,0.062,35,77,0.0,0.20408163265306123,43,20,1,1,43,3|5|3|1|16|5|6,hub_localized,49
star,50,0.01,0.03,0.0,0.062,36,78,0.0,0.22448979591836735,42,20,1,1,42,2|5|3|1|4|11|5|7,hub_localized,49
star,50,0.01,0.03,0.0,0.062,37,79,0.0,0.22448979591836735,49,20,1,1,49,2|5|3|1|16|5|7,hub_localized,49
star,50,0.01,0.03,0.0,0.062,38,80,0.0,0.1836734693877551,48,20,4,0,48,5|5|17|5|7|1,hub_localized,49
star,50,0.01,0.03,0.0,0.062,39,81,0.0,0.22448979591836735,47,20,1,1,47,5|3|1|4|11|5|7|2,hub_localized,49
star,50,0.01,0.03,0.0,0.062,40,82,0.0,0.22448979591836735,46,20,3,1,46,4|1|3|4|11|5|7|3,hub_localized,49
star,50,0.01,0.03,0.0,0.062,41,83,0.0,0.20408163265306123,45,20,1,1,45,4|1|3|16|5|7|4,hub_localized,49
star,50,0.01,0.03,0.0,0.062,42,84,0.0,0.1836734693877551,44,20,3,0,44,2|5|4|12|5|7|5,hub_localized,49
star,50,0.01,0.03,0.0,0.062,43,85,0.0,0.20408163265306123,47,10,1,1,47,1|5|16|5|7|3|2,hub_localized,49
star,50,0.01,0.03,0.0,0.062,44,86,0.0,0.24489795918367346,46,11,3,1,46,1|1|1|1|16|5|7|3|3,hub_localized,49
star,50,0.01,0.03,0.0,0.062,45,87,0.0,0.1836734693877551,49,20,1,0,49,5|15|1|5|7|7,hub_localized,49
star,50,0.01,0.03,0.0,0.062,46,88,0.0,0.20408163265306123,48,11,4,1,48,1|1|1|4|12|5|7|7|1,hub_localized,49
star,50,0.01,0.03,0.0,0.062,47,89,0.0,0.1836734693877551,47,10,3,0,47,1|3|15|5|7|7|2,hub_localized,49
star,50,0.01,0.03,0.0,0.062,48,90,0.0,0.24489795918367346,49,11,1,1,49,3|15|5|6|3|3|2,hub_localized,49
star,50,0.01,0.03,0.0,0.062,49,91,0.0,0.16326530612244897,48,10,1,0,48,3|16|5|6|10|1,hub_localized,49
star,50,0.01,0.03,0.0,0.064,0,42,0.0,0.2653061224489796,47,10,4,1,47,3|3|2|2|1|7|2|4|1|9|2,hub_localized,49
star,50,0.01,0.03,0.0,0.064,1,43,0.0,0.24489795918367346,46,12,4,1,46,2|4|5|1|7|2|4|9|3,hub_localized,49
star,50,0.01,0.03,0.0,0.064,2,44,0.0,0.2857142857142857,45,20,4,1,45,2|4|5|1|2|4|2|3|9|4,hub_localized,49
star,50,0.01,0.03,0.0,0.064,3,45,0.0,0.30612244897959184,44,20,4,1,44,1|3|2|2|1|2|4|2|4|3|6|5,hub_localized,49
star,50,0.01,0.03,0.0,0.064,4,46,0.0,0.30612244897959184,49,20,4,1,49,3|5|1|2|4|2|4|3|5|5,hub_localized,49
star,50,0.01,0.03,0.0,0.064,5,47,0.0,0.24489795918367346,48,20,4,1,48,3|5|1|7|2|4|9|5|1,hub_localized,49
star,50,0.01,0.03,0.0,0.064,6,48,0.0,0.30612244897959184,47,20,4,1,47,3|2|2|1|2|4|2|4|3|5|5|2,hub_localized,49
star,50,0.01,0.03,0.0,0.064,7,49,0.0,0.2857142857142857,46,20,4,1,46,1|2|2|1|7|2|4|3|5|5|3,hub_localized,49
star,50,0.01,0.03,0.0,0.064,8,50,0.0,0.2653061224489796,45,20,4,1,45,1|2|2|1|2|4|2|4|1|9|5|4,hub_localized,49
star,50,0.01,0.03,0.0,0.064,9,51,0.0,0.24489795918367346,44,11,5,1,44,5|1|7|2|4|3|5|5|5,hub_localized,49
star,50,0.01,0.03,0.0,0.064,10,52,0.0,0.24489795918367346,43,10,5,1,43,4|1|2|4|2|4|9|5|6,hub_localized,49
star,50,0.01,0.03,0.0,0.064,11,53,0.0,0.2653061224489796,42,20,4,1,42,3|1|2|4|2|4|3|5|5|7,hub_localized,49
star,50,0.01,0.03,0.0,0.064,12,54,0.0,0.24489795918367346,41,20,5,1,41,3|1|2|4|2|4|9|5|8,hub_localized,49
star,50,0.01,0.03,0.0,0.064,13,55,0.0,0.2653061224489796,40,20,5,1,40,1|1|2|4|2|4|3|5|5|9,hub_localized,49
star,50,0.01,0.03,0.0,0.064,14,56,0.0,0.2653061224489796,39,20,4,1,39,1|1|2|4|2|4|3|5|5|10,hub_localized,49
star,50,0.01,0.03,0.0,0.064,15,57,0.0,0.24489795918367346,38,20,15,1,38,1|2|4|2|4|3|5|5|11,hub_localized,49
star,50,0.01,0.03,0.0,0.064,16,58,0.0,0.20408163265306123,37,20,15,1,37,1|2|4|2|4|1|9|5|12,hub_localized,49
star,50,0.01,0.03,0.0,0.064,17,59,0.0,0.24489795918367346,41,20,15,1,41,2|4|2|4|9|3|1|4|8,hub_localized,49
star,50,0.01,0.03,0.0,0.064,18,60,0.0,0.20408163265306123,35,20,15,1,35,2|4|2|4|9|5|14,hub_localized,49
star,50,0.01,0.03,0.0,0.064,19,61,0.0,0.20408163265306123,34,20,15,1,34,1|4|2|4|3|5|6|15,hub_localized,49
star,50,0.01,0.03,0.0,0.064,20,62,0.0,0.20408163265306123,33,10,15,1,33,4|2|4|9|1|3|16,hub_localized,49
star,50,0.01,0.03,0.0,0.064,21,63,0.0,0.20408163265306123,49,10,15,1,49,4|2|4|9|5|16,hub_localized,49
star,50,0.01,0.03,0.0,0.064,22,64,0.0,0.24489795918367346,49,20,1,1,49,3|2|4|3|5|5|16,hub_localized,49
star,50,0.01,0.03,0.0,0.064,23,65,0.0,0.22448979591836735,48,20,3,1,48,2|2|4|3|5|5|17|1,hub_localized,49
star,50,0.01,0.03,0.0,0.064,24,66,0.0,0.2857142857142857,47,20,3,1,47,1|2|4|3|5|1|1|1|4|12|2,hub_localized,49
star,50,0.01,0.03,0.0,0.064,25,67,0.0,0.22448979591836735,46,20,1,1,46,2|4|3|5|5|16|3,hub_localized,49
star,50,0.01,0.03,0.0,0.064,26,68,0.0,0.2653061224489796,45,20,1,1,45,1|4|3|5|1|1|1|16|4,hub_localized,49
star,50,0.01,0.03,0.0,0.064,27,69,0.0,0.20408163265306123,44,20,1,1,44,1|4|9|5|16|5,hub_localized,49
star,50,0.01,0.03,0.0,0.064,28,70,0.0,0.2653061224489796,49,20,1,1,49,4|3|5|3|1|4|11|5,hub_localized,49
star,50,0.01,0.03,0.0,0.064,29,71,0.0,0.20408163265306123,49,20,3,1,49,3|9|5|17|5,hub_localized,49
star,50,0.01,0.03,0.0,0.064,30,72,0.0,0.2653061224489796,48,20,1,1,48,2|3|5|1|3|16|5|1,hub_localized,49
star,50,0.01,0.03,0.0,0.064,31,73,0.0,0.2653061224489796,47,20,3,1,47,2|3|5|3|1|16|5|2,hub_localized,49
star,50,0.01,0.03,0.0,0.064,32,74,0.0,0.22448979591836735,47,12,1,1,47,3|5|5|17|6|2,hub_localized,49
star,50,0.01,0.03,0.0,0.064,33,75,0.0,0.24489795918367346,46,12,1,1,46,1|3|5|1|3|16|5|3,hub_localized,49
star,50,0.01,0.03,0.0,0.064,34,76,0.0,0.22448979591836735,44,20,1,1,44,3|5|3|1|16|5|5,hub_localized,49
star,50,0.01,0.03,0.0,0.064,35,77,0.0,0.20408163265306123,43,20,1,1,43,3|5|1|3|16|5|6,hub_localized,49
star,50,0.01,0.03,0.0,0.064,36,78,0.0,0.20408163265306123,42,20,1,1,42,2|5|5|4|11|5|7,hub_localized,49
star,50,0.01,0.03,0.0,0.064,37,79,0.0,0.20408163265306123,49,20,1,1,49,2|5|5|16|5|7,hub_localized,49
star,50,0.01,0.03,0.0,0.064,38,80,0.0,0.16326530612244897,48,20,4,0,48,6|5|17|5|7|1,hub_localized,49
star,50,0.01,0.03,0.0,0.064,39,81,0.0,0.22448979591836735,47,20,1,1,47,5|3|1|4|11|5|7|2,hub_localized,49
star,50,0.01,0.03,0.0,0.064,40,82,0.0,0.1836734693877551,46,20,3,0,46,4|5|16|5|7|3,hub_localized,49
star,50,0.01,0.03,0.0,0.064,41,83,0.0,0.20408163265306123,45,20,1,1,45,4|1|3|16|5|7|4,hub_localized,49
star,50,0.01,0.03,0.0,0.064,42,84,0.0,0.16326530612244897,44,20,3,0,44,2|5|17|5|7|5,hub_localized,49
star,50,0.01,0.03,0.0,0.064,43,85,0.0,0.22448979591836735,43,10,1,1,43,1|1|3|12|3|5|7|6,hub_localized,49
star,50,0.01,0.03,0.0,0.064,44,86,0.0,0.22448979591836735,46,10,3,1,46,1|1|3|16|5|7|3|3,hub_localized,49
star,50,0.01,0.03,0.0,0.064,45,87,0.0,0.16326530612244897,41,20,1,0,41,5|15|1|5|7|8,hub_localized,49
star,50,0.01,0.03,0.0,0.064,46,88,0.0,0.16326530612244897,40,10,4,0,40,3|1|4|12|5|7|9,hub_localized,49
star,50,0.01,0.03,0.0,0.064,47,89,0.0,0.16326530612244897,47,10,3,0,47,5|15|5|7|7|2,hub_localized,49
star,50,0.01,0.03,0.0,0.064,48,90,0.0,0.1836734693877551,49,10,1,0,49,4|16|5|6|7|2,hub_localized,49
star,50,0.01,0.03,0.0,0.064,49,91,0.0,0.14285714285714285,48,10,1,0,48,3|16|5|7|10|1,hub_localized,49
star,50,0.01,0.03,0.0,0.066,0,42,0.0,0.30612244897959184,49,10,4,1,49,3|3|2|2|1|7|2|3|1|9|1,hub_localized,49
star,50,0.01,0.03,0.0,0.066,1,43,0.0,0.24489795918367346,46,11,4,1,46,2|4|5|1|7|2|4|9|3,hub_localized,49
star,50,0.01,0.03,0.0,0.066,2,44,0.0,0.2857142857142857,45,20,4,1,45,2|4|5|1|2|4|2|3|9|4,hub_localized,49
star,50,0.01,0.03,0.0,0.066,3,45,0.0,0.30612244897959184,44,20,4,1,44,1|3|2|2|1|2|4|2|4|9|5,hub_localized,49
star,50,0.01,0.03,0.0,0.066,4,46,0.0,0.2857142857142857,49,27,4,1,49,3|5|1|2|4|2|4|9|5,hub_localized,49
star,50,0.01,0.03,0.0,0.066,5,47,0.0,0.24489795918367346,48,20,4,1,48,3|5|1|7|2|4|9|5|1,hub_localized,49
star,50,0.01,0.03,0.0,0.066,6,48,0.0,0.2653061224489796,47,20,4,1,47,6|2|1|2|4|2|4|9|5|2,hub_localized,49
star,50,0.01,0.03,0.0,0.066,7,49,0.0,0.2653061224489796,46,20,4,1,46,4|2|1|2|4|2|4|9|5|3,hub_localized,49
star,50,0.01,0.03,0.0,0.066,8,50,0.0,0.2653061224489796,45,20,4,1,45,1|2|2|1|2|4|2|4|1|9|5|4,hub_localized,49
star,50,0.01,0.03,0.0,0.066,9,51,0.0,0.22448979591836735,44,10,5,1,44,5|1|7|2|4|3|6|5|5,hub_localized,49
star,50,0.01,0.03,0.0,0.066,10,52,0.0,0.2653061224489796,43,10,5,1,43,4|1|2|4|2|4|9|1|3|6,hub_localized,49
star,50,0.01,0.03,0.0,0.066,11,53,0.0,0.24489795918367346,42,20,4,1,42,3|1|2|4|2|4|9|5|7,hub_localized,49
star,50,0.01,0.03,0.0,0.066,12,54,0.0,0.24489795918367346,41,20,5,1,41,3|1|2|4|2|4|9|5|8,hub_localized,49
star,50,0.01,0.03,0.0,0.066,13,55,0.0,0.2653061224489796,40,20,5,1,40,1|1|2|4|2|4|3|5|5|9,hub_localized,49
star,50,0.01,0.03,0.0,0.066,14,56,0.0,0.2653061224489796,39,20,4,1,39,1|1|2|4|2|4|3|5|5|10,hub_localized,49
star,50,0.01,0.03,0.0,0.066,15,57,0.0,0.22448979591836735,38,20,15,1,38,1|2|4|2|4|1|3|5|5|11,hub_localized,49
star,50,0.01,0.03,0.0,0.066,16,58,0.0,0.20408163265306123,37,20,15,1,37,1|2|4|2|4|1|9|5|12,hub_localized,49
star,50,0.01,0.03,0.0,0.066,17,59,0.0,0.24489795918367346,41,20,15,1,41,2|4|2|4|9|3|1|4|8,hub_localized,49
star,50,0.01,0.03,0.0,0.066,18,60,0.0,0.20408163265306123,35,20,15,1,35,2|4|2|4|9|5|14,hub_localized,49
star,50,0.01,0.03,0.0,0.066,19,61,0.0,0.1836734693877551,34,20,15,0,34,1|4|2|4|9|6|15,hub_localized,49
star,50,0.01,0.03,0.0,0.066,20,62,0.0,0.1836734693877551,33,20,15,0,33,4|2|4|9|5|16,hub_localized,49
star,50,0.01,0.03,0.0,0.066,21,63,0.0,0.20408163265306123,49,11,15,1,49,4|2|4|9|5|16,hub_localized,49
star,50,0.01,0.03,0.0,0.066,22,64,0.0,0.22448979591836735,49,20,1,1,49,3|2|4|1|3|5|5|16,hub_localized,49
star,50,0.01,0.03,0.0,0.066,23,65,0.0,0.22448979591836735,48,20,3,1,48,2|2|4|9|5|12|4|1,hub_localized,49
star,50,0.01,0.03,0.0,0.066,24,66,0.0,0.24489795918367346,47,20,3,1,47,1|2|4|3|5|5|4|12|2,hub_localized,49
star,50,0.01,0.03,0.0,0.066,25,67,0.0,0.20408163265306123,46,20,1,1,46,2|4|9|5|16|3,hub_localized,49
star,50,0.01,0.03,0.0,0.066,26,68,0.0,0.24489795918367346,45,20,1,1,45,1|4|3|5|1|3|16|4,hub_localized,49
star,50,0.01,0.03,0.0,0.066,27,69,0.0,0.20408163265306123,44,20,1,1,44,1|4|9|5|16|5,hub_localized,49
star,50,0.01,0.03,0.0,0.066,28,70,0.0,0.22448979591836735,49,20,1,1,49,4|3|5|5|16|5,hub_localized,49
star,50,0.01,0.03,0.0,0.066,29,71,0.0,0.22448979591836735,49,20,3,1,49,3|1|7|5|17|5,hub_localized,49
star,50,0.01,0.03,0.0,0.066,30,72,0.0,0.2653061224489796,48,20,1,1,48,2|3|5|1|3|16|5|1,hub_localized,49
star,50,0.01,0.03,0.0,0.066,31,73,0.0,0.2653061224489796,47,20,3,1,47,2|3|5|5|12|3|5|2,hub_localized,49
star,50,0.01,0.03,0.0,0.066,32,74,0.0,0.1836734693877551,46,12,1,0,46,9|5|17|6|3,hub_localized,49
star,50,0.01,0.03,0.0,0.066,33,75,0.0,0.20408163265306123,46,20,1,1,46,1|9|2|3|16|5|3,hub_localized,49
star,50,0.01,0.03,0.0,0.066,34,76,0.0,0.20408163265306123,44,20,1,1,44,3|5|5|16|5|5,hub_localized,49
star,50,0.01,0.03,0.0,0.066,35,77,0.0,0.20408163265306123,43,20,1,1,43,3|5|1|3|16|5|6,hub_localized,49
star,50,0.01,0.03,0.0,0.066,36,78,0.0,0.1836734693877551,42,20,1,0,42,8|5|4|11|5|7,hub_localized,49
star,50,0.01,0.03,0.0,0.066,37,79,0.0,0.1836734693877551,49,20,1,0,49,8|5|16|5|7,hub_localized,49
star,50,0.01,0.03,0.0,0.066,38,80,0.0,0.16326530612244897,48,20,4,0,48,6|5|17|5|7|1,hub_localized,49
star,50,0.01,0.03,0.0,0.066,39,81,0.0,0.22448979591836735,47,20,1,1,47,5|5|4|7|3|5|7|2,hub_localized,49
star,50,0.01,0.03,0.0,0.066,40,82,0.0,0.16326530612244897,46,20,3,0,46,5|5|16|5|7|3,hub_localized,49
star,50,0.01,0.03,0.0,0.066,41,83,0.0,0.1836734693877551,45,20,1,0,45,4|5|16|5|7|4,hub_localized,49
star,50,0.01,0.03,0.0,0.066,42,84,0.0,0.1836734693877551,44,20,3,0,44,2|5|15|1|5|7|5,hub_localized,49
star,50,0.01,0.03,0.0,0.066,43,85,0.0,0.1836734693877551,43,10,1,0,43,1|5|12|4|5|7|6,hub_localized,49
star,50,0.01,0.03,0.0,0.066,44,86,0.0,0.22448979591836735,46,20,3,1,46,1|1|3|16|5|7|3|3,hub_localized,49
star,50,0.01,0.03,0.0,0.066,45,87,0.0,0.16326530612244897,41,20,1,0,41,5|15|1|5|7|8,hub_localized,49
star,50,0.01,0.03,0.0,0.066,46,88,0.0,0.14285714285714285,40,10,4,0,40,5|4|12|5|7|9,hub_localized,49
star,50,0.01,0.03,0.0,0.066,47,89,0.0,0.14285714285714285,39,10,3,0,39,5|15|5|7|10,hub_localized,49
star,50,0.01,0.03,0.0,0.066,48,90,0.0,0.14285714285714285,49,10,1,0,49,4|17|5|6|10,hub_localized,49
star,50,0.01,0.03,0.0,0.066,49,91,0.0,0.14285714285714285,48,11,1,0,48,3|16|5|7|10|1,hub_localized,49
star,50,0.01,0.03,0.0,0.068,0,42,0.0,0.2653061224489796,47,10,4,1,47,3|3|2|2|1|7|2|4|1|9|2,hub_localized,49
star,50,0.01,0.03,0.0,0.068,1,43,0.0,0.2653061224489796,46,10,4,1,46,2|4|5|1|2|4|2|4|9|3,hub_localized,49
star,50,0.01,0.03,0.0,0.068,2,44,0.0,0.2857142857142857,45,20,4,1,45,2|4|5|1|2|4|2|3|9|4,hub_localized,49
star,50,0.01,0.03,0.0,0.068,3,45,0.0,0.30612244897959184,44,27,4,1,44,1|3|2|2|1|2|4|2|4|9|5,hub_localized,49
star,50,0.01,0.03,0.0,0.068,4,46,0.0,0.2857142857142857,49,27,4,1,49,3|5|1|2|4|2|4|9|5,hub_localized,49
star,50,0.01,0.03,0.0,0.068,5,47,0.0,0.24489795918367346,48,20,5,1,48,3|5|1|7|2|4|9|5|1,hub_localized,49
star,50,0.01,0.03,0.0,0.068,6,48,0.0,0.2653061224489796,47,20,4,1,47,6|2|1|2|4|2|4|9|5|2,hub_localized,49
star,50,0.01,0.03,0.0,0.068,7,49,0.0,0.2653061224489796,46,20,4,1,46,4|2|1|2|4|2|4|9|5|3,hub_localized,49
star,50,0.01,0.03,0.0,0.068,8,50,0.0,0.2653061224489796,45,20,4,1,45,1|2|2|1|2|4|2|4|1|9|5|4,hub_localized,49
star,50,0.01,0.03,0.0,0.068,9,51,0.0,0.24489795918367346,44,10,5,1,44,5|1|4|2|2|4|3|6|5|5,hub_localized,49
star,50,0.01,0.03,0.0,0.068,10,52,0.0,0.24489795918367346,43,10,5,1,43,4|1|2|4|2|4|9|5|6,hub_localized,49
star,50,0.01,0.03,0.0,0.068,11,53,0.0,0.24489795918367346,42,20,4,1,42,3|1|2|4|2|4|9|5|7,hub_localized,49
star,50,0.01,0.03,0.0,0.068,12,54,0.0,0.24489795918367346,41,20,5,1,41,3|1|2|4|2|4|9|5|8,hub_localized,49
star,50,0.01,0.03,0.0,0.068,13,55,0.0,0.24489795918367346,40,20,5,1,40,1|1|2|4|2|4|9|5|9,hub_localized,49
star,50,0.01,0.03,0.0,0.068,14,56,0.0,0.24489795918367346,39,20,5,1,39,1|1|2|4|2|4|9|5|10,hub_localized,49
star,50,0.01,0.03,0.0,0.068,15,57,0.0,0.22448979591836735,38,20,15,1,38,1|2|4|2|4|1|3|5|5|11,hub_localized,49
star,50,0.01,0.03,0.0,0.068,16,58,0.0,0.20408163265306123,37,20,15,1,37,1|2|4|2|4|1|9|5|12,hub_localized,49
star,50,0.01,0.03,0.0,0.068,17,59,0.0,0.22448979591836735,41,20,15,1,41,2|4|2|4|9|5|4|8,hub_localized,49
star,50,0.01,0.03,0.0,0.068,18,60,0.0,0.20408163265306123,35,20,15,1,35,2|4|2|4|9|5|14,hub_localized,49
star,50,0.01,0.03,0.0,0.068,19,61,0.0,0.1836734693877551,34,20,15,0,34,1|4|2|4|9|6|15,hub_localized,49
star,50,0.01,0.03,0.0,0.068,20,62,0.0,0.16326530612244897,33,20,15,0,33,4|2|4|10|5|16,hub_localized,49
star,50,0.01,0.03,0.0,0.068,21,63,0.0,0.20408163265306123,49,9,15,1,49,4|2|4|9|5|16,hub_localized,49
star,50,0.01,0.03,0.0,0.068,22,64,0.0,0.20408163265306123,49,20,1,1,49,3|2|4|1|9|5|16,hub_localized,49
star,50,0.01,0.03,0.0,0.068,23,65,0.0,0.22448979591836735,48,20,3,1,48,2|2|4|9|5|12|4|1,hub_localized,49
star,50,0.01,0.03,0.0,0.068,24,66,0.0,0.2653061224489796,47,20,3,1,47,1|2|4|3|5|5|4|7|4|2,hub_localized,49
star,50,0.01,0.03,0.0,0.068,25,67,0.0,0.22448979591836735,46,20,1,1,46,2|4|1|7|5|16|3,hub_localized,49
star,50,0.01,0.03,0.0,0.068,26,68,0.0,0.22448979591836735,45,20,1,1,45,1|4|3|5|5|16|4,hub_localized,49
star,50,0.01,0.03,0.0,0.068,27,69,0.0,0.1836734693877551,44,20,1,0,44,1|4|10|5|16|5,hub_localized,49
star,50,0.01,0.03,0.0,0.068,28,70,0.0,0.20408163265306123,49,20,1,1,49,4|9|5|16|5,hub_localized,49
star,50,0.01,0.03,0.0,0.068,29,71,0.0,0.22448979591836735,49,20,3,1,49,3|1|7|5|17|5,hub_localized,49
star,50,0.01,0.03,0.0,0.068,30,72,0.0,0.22448979591836735,48,20,1,1,48,2|9|5|16|5|1,hub_localized,49
star,50,0.01,0.03,0.0,0.068,31,73,0.0,0.2653061224489796,47,20,3,1,47,2|3|5|5|12|3|5|2,hub_localized,49
star,50,0.01,0.03,0.0,0.068,32,74,0.0,0.1836734693877551,46,11,1,0,46,9|5|17|6|3,hub_localized,49
star,50,0.01,0.03,0.0,0.068,33,75,0.0,0.20408163265306123,46,20,1,1,46,1|1|7|6|16|5|3,hub_localized,49
star,50,0.01,0.03,0.0,0.068,34,76,0.0,0.20408163265306123,44,20,1,1,44,9|5|12|3|5|5,hub_localized,49
star,50,0.01,0.03,0.0,0.068,35,77,0.0,0.1836734693877551,43,20,1,0,43,3|5|5|16|5|6,hub_localized,49
star,50,0.01,0.03,0.0,0.068,36,78,0.0,0.16326530612244897,42,20,1,0,42,8|5|4|12|5|7,hub_localized,49
star,50,0.01,0.03,0.0,0.068,37,79,0.0,0.1836734693877551,49,20,1,0,49,8|5|16|5|7,hub_localized,49
star,50,0.01,0.03,0.0,0.068,38,80,0.0,0.16326530612244897,48,20,4,0,48,6|5|17|5|7|1,hub_localized,49
star,50,0.01,0.03,0.0,0.068,39,81,0.0,0.22448979591836735,47,20,1,1,47,5|5|4|7|3|5|7|2,hub_localized,49
star,50,0.01,0.03,0.0,0.068,40,82,0.0,0.16326530612244897,46,20,3,0,46,5|5|12|4|5|7|3,hub_localized,49
star,50,0.01,0.03,0.0,0.068,41,83,0.0,0.16326530612244897,45,20,1,0,45,4|5|17|5|7|4,hub_localized,49
star,50,0.01,0.03,0.0,0.068,42,84,0.0,0.1836734693877551,44,20,3,0,44,2|5|15|1|5|7|5,hub_localized,49
star,50,0.01,0.03,0.0,0.068,43,85,0.0,0.1836734693877551,43,9,1,0,43,1|5|12|4|5|7|6,hub_localized,49
star,50,0.01,0.03,0.0,0.068,44,86,0.0,0.1836734693877551,42,20,3,0,42,1|5|16|5|7|7,hub_localized,49
star,50,0.01,0.03,0.0,0.068,45,87,0.0,0.14285714285714285,41,20,1,0,41,5|17|5|7|8,hub_localized,49
star,50,0.01,0.03,0.0,0.068,46,88,0.0,0.14285714285714285,40,10,4,0,40,5|4|12|5|7|9,hub_localized,49
star,50,0.01,0.03,0.0,0.068,47,89,0.0,0.12244897959183673,39,10,3,0,39,5|16|5|7|10,hub_localized,49
star,50,0.01,0.03,0.0,0.068,48,90,0.0,0.14285714285714285,49,10,1,0,49,4|17|5|6|10,hub_localized,49
star,50,0.01,0.03,0.0,0.068,49,91,0.0,0.14285714285714285,48,11,1,0,48,3|16|5|7|10|1,hub_localized,49
star,50,0.01,0.03,0.0,0.07,0,42,0.0,0.24489795918367346,47,19,4,1,47,3|4|2|2|1|7|2|4|1|9|2,hub_localized,49
star,50,0.01,0.03,0.0,0.07,1,43,0.0,0.2857142857142857,46,11,4,1,46,2|4|5|1|2|4|2|4|1|7|3,hub_localized,49
star,50,0.01,0.03,0.0,0.07,2,44,0.0,0.2857142857142857,45,20,4,1,45,2|4|5|1|2|4|2|3|9|4,hub_localized,49
star,50,0.01,0.03,0.0,0.07,3,45,0.0,0.32653061224489793,44,27,4,1,44,1|3|2|2|1|2|1|2|2|4|9|5,hub_localized,49
star,50,0.01,0.03,0.0,0.07,4,46,0.0,0.2857142857142857,49,27,4,1,49,3|5|1|2|4|2|4|9|5,hub_localized,49
star,50,0.01,0.03,0.0,0.07,5,47,0.0,0.24489795918367346,48,20,5,1,48,3|5|1|7|2|4|9|5|1,hub_localized,49
star,50,0.01,0.03,0.0,0.07,6,48,0.0,0.2857142857142857,47,20,4,1,47,6|2|1|2|1|2|2|4|9|5|2,hub_localized,49
star,50,0.01,0.03,0.0,0.07,7,49,0.0,0.2857142857142857,46,19,4,1,46,4|2|1|2|1|2|2|4|9|5|3,hub_localized,49
star,50,0.01,0.03,0.0,0.07,8,50,0.0,0.2653061224489796,45,19,4,1,45,1|2|2|1|2|4|2|5|9|5|4,hub_localized,49
star,50,0.01,0.03,0.0,0.07,9,51,0.0,0.24489795918367346,44,19,5,1,44,5|1|2|1|2|2|4|10|5|5,hub_localized,49
star,50,0.01,0.03,0.0,0.07,10,52,0.0,0.24489795918367346,43,9,6,1,43,4|1|2|4|2|4|9|5|6,hub_localized,49
star,50,0.01,0.03,0.0,0.07,11,53,0.0,0.24489795918367346,42,20,4,1,42,3|1|2|4|2|4|9|5|7,hub_localized,49
star,50,0.01,0.03,0.0,0.07,12,54,0.0,0.24489795918367346,41,20,5,1,41,3|1|2|4|2|4|9|5|8,hub_localized,49
star,50,0.01,0.03,0.0,0.07,13,55,0.0,0.20408163265306123,40,20,5,1,40,1|1|2|4|2|4|1|9|6|9,hub_localized,49
star,50,0.01,0.03,0.0,0.07,14,56,0.0,0.24489795918367346,39,20,5,1,39,1|1|2|4|2|4|9|5|10,hub_localized,49
star,50,0.01,0.03,0.0,0.07,15,57,0.0,0.22448979591836735,38,20,15,1,38,1|2|4|2|4|9|5|11,hub_localized,49
star,50,0.01,0.03,0.0,0.07,16,58,0.0,0.22448979591836735,37,19,15,1,37,1|2|1|2|2|4|1|9|5|12,hub_localized,49
star,50,0.01,0.03,0.0,0.07,17,59,0.0,0.22448979591836735,41,20,15,1,41,2|4|2|4|9|5|4|8,hub_localized,49
star,50,0.01,0.03,0.0,0.07,18,60,0.0,0.20408163265306123,35,20,15,1,35,2|1|2|2|4|10|5|14,hub_localized,49
star,50,0.01,0.03,0.0,0.07,19,61,0.0,0.20408163265306123,34,19,15,1,34,1|1|2|2|4|9|6|15,hub_localized,49
star,50,0.01,0.03,0.0,0.07,20,62,0.0,0.20408163265306123,33,20,15,1,33,1|2|2|3|10|5|16,hub_localized,49
star,50,0.01,0.03,0.0,0.07,21,63,0.0,0.20408163265306123,49,9,15,1,49,4|2|4|9|5|16,hub_localized,49
star,50,0.01,0.03,0.0,0.07,22,64,0.0,0.20408163265306123,49,19,1,1,49,3|2|4|1|9|5|16,hub_localized,49
star,50,0.01,0.03,0.0,0.07,23,65,0.0,0.22448979591836735,48,20,3,1,48,2|2|4|9|5|12|4|1,hub_localized,49
star,50,0.01,0.03,0.0,0.07,24,66,0.0,0.24489795918367346,47,20,3,1,47,1|2|4|3|5|5|12|4|2,hub_localized,49
star,50,0.01,0.03,0.0,0.07,25,67,0.0,0.22448979591836735,46,19,1,1,46,2|4|1|7|5|16|3,hub_localized,49
star,50,0.01,0.03,0.0,0.07,26,68,0.0,0.24489795918367346,45,19,1,1,45,1|4|3|5|5|12|3|4,hub_localized,49
star,50,0.01,0.03,0.0,0.07,27,69,0.0,0.1836734693877551,44,20,1,0,44,1|4|10|5|16|5,hub_localized,49
star,50,0.01,0.03,0.0,0.07,28,70,0.0,0.20408163265306123,49,20,1,1,49,4|9|5|16|5,hub_localized,49
star,50,0.01,0.03,0.0,0.07,29,71,0.0,0.22448979591836735,49,20,3,1,49,3|1|7|5|17|5,hub_localized,49
star,50,0.01,0.03,0.0,0.07,30,72,0.0,0.24489795918367346,48,20,1,1,48,2|1|7|5|16|5|1,hub_localized,49
star,50,0.01,0.03,0.0,0.07,31,73,0.0,0.24489795918367346,47,20,3,1,47,2|9|5|12|3|5|2,hub_localized,49
star,50,0.01,0.03,0.0,0.07,32,74,0.0,0.1836734693877551,46,10,1,0,46,9|5|17|6|3,hub_localized,49
star,50,0.01,0.03,0.0,0.07,33,75,0.0,0.20408163265306123,46,20,1,1,46,1|1|7|6|16|5|3,hub_localized,49
star,50,0.01,0.03,0.0,0.07,34,76,0.0,0.20408163265306123,44,20,1,1,44,9|5|12|3|5|5,hub_localized,49
star,50,0.01,0.03,0.0,0.07,35,77,0.0,0.20408163265306123,43,20,1,1,43,1|1|5|5|16|5|6,hub_localized,49
star,50,0.01,0.03,0.0,0.07,36,78,0.0,0.16326530612244897,42,20,1,0,42,8|5|4|12|5|7,hub_localized,49
star,50,0.01,0.03,0.0,0.07,37,79,0.0,0.1836734693877551,49,20,1,0,49,8|5|16|5|7,hub_localized,49
star,50,0.01,0.03,0.0,0.07,38,80,0.0,0.16326530612244897,48,19,4,0,48,6|5|17|5|7|1,hub_localized,49
star,50,0.01,0.03,0.0,0.07,39,81,0.0,0.22448979591836735,47,19,1,1,47,5|5|4|7|3|5|7|2,hub_localized,49
star,50,0.01,0.03,0.0,0.07,40,82,0.0,0.16326530612244897,46,19,3,0,46,5|5|12|4|5|7|3,hub_localized,49
star,50,0.01,0.03,0.0,0.07,41,83,0.0,0.14285714285714285,45,20,1,0,45,5|5|17|5|7|4,hub_localized,49
star,50,0.01,0.03,0.0,0.07,42,84,0.0,0.20408163265306123,44,19,3,1,44,2|5|15|5|7|5,hub_localized,49
star,50,0.01,0.03,0.0,0.07,43,85,0.0,0.20408163265306123,43,10,1,1,43,1|5|12|2|1|5|7|6,hub_localized,49
star,50,0.01,0.03,0.0,0.07,44,86,0.0,0.1836734693877551,42,20,3,0,42,1|5|16|5|7|7,hub_localized,49
star,50,0.01,0.03,0.0,0.07,45,87,0.0,0.14285714285714285,41,20,1,0,41,5|17|5|7|8,hub_localized,49
star,50,0.01,0.03,0.0,0.07,46,88,0.0,0.14285714285714285,40,8,4,0,40,5|4|12|5|7|9,hub_localized,49
star,50,0.01,0.03,0.0,0.07,47,89,0.0,0.12244897959183673,39,9,3,0,39,5|16|5|7|10,hub_localized,49
star,50,0.01,0.03,0.0,0.07,48,90,0.0,0.14285714285714285,49,10,1,0,49,4|17|5|6|10,hub_localized,49
star,50,0.01,0.03,0.0,0.07,49,91,0.0,0.16326530612244897,48,10,1,0,48,3|12|3|5|7|10|1,hub_localized,49
star,50,0.01,0.03,0.0,0.072,0,42,0.0,0.24489795918367346,47,19,4,1,47,3|4|5|1|7|2|4|9|2,hub_localized,49
star,50,0.01,0.03,0.0,0.072,1,43,0.0,0.2653061224489796,46,10,4,1,46,2|4|5|1|4|2|2|4|1|8|3,hub_localized,49
star,50,0.01,0.03,0.0,0.072,2,44,0.0,0.2653061224489796,45,20,4,1,45,2|4|5|1|2|4|2|4|9|4,hub_localized,49
star,50,0.01,0.03,0.0,0.072,3,45,0.0,0.30612244897959184,44,26,4,1,44,1|3|5|1|2|1|2|2|4|9|5,hub_localized,49
star,50,0.01,0.03,0.0,0.072,4,46,0.0,0.30612244897959184,49,27,4,1,49,3|5|1|2|1|2|2|4|9|5,hub_localized,49
star,50,0.01,0.03,0.0,0.072,5,47,0.0,0.2653061224489796,48,20,5,1,48,9|1|2|1|2|2|4|9|5|1,hub_localized,49
star,50,0.01,0.03,0.0,0.072,6,48,0.0,0.24489795918367346,47,19,4,1,47,9|1|2|4|2|4|9|5|2,hub_localized,49
star,50,0.01,0.03,0.0,0.072,7,49,0.0,0.2857142857142857,46,19,4,1,46,4|2|1|4|2|2|4|1|7|5|3,hub_localized,49
star,50,0.01,0.03,0.0,0.072,8,50,0.0,0.2857142857142857,45,19,4,1,45,1|2|2|1|2|1|2|2|4|10|5|4,hub_localized,49
star,50,0.01,0.03,0.0,0.072,9,51,0.0,0.22448979591836735,44,19,5,1,44,5|1|2|4|2|4|10|5|5,hub_localized,49
star,50,0.01,0.03,0.0,0.072,10,52,0.0,0.24489795918367346,43,19,6,1,43,4|1|2|4|2|4|9|5|6,hub_localized,49
star,50,0.01,0.03,0.0,0.072,11,53,0.0,0.24489795918367346,42,20,4,1,42,3|1|2|4|2|4|9|5|7,hub_localized,49
star,50,0.01,0.03,0.0,0.072,12,54,0.0,0.2653061224489796,41,19,5,1,41,3|1|2|1|2|2|4|9|5|8,hub_localized,49
star,50,0.01,0.03,0.0,0.072,13,55,0.0,0.22448979591836735,40,20,5,1,40,1|1|2|4|2|4|9|6|9,hub_localized,49
star,50,0.01,0.03,0.0,0.072,14,56,0.0,0.24489795918367346,39,19,5,1,39,1|1|2|4|2|4|9|5|10,hub_localized,49
star,50,0.01,0.03,0.0,0.072,15,57,0.0,0.22448979591836735,38,19,15,1,38,1|2|4|2|4|9|5|11,hub_localized,49
star,50,0.01,0.03,0.0,0.072,16,58,0.0,0.24489795918367346,37,19,15,1,37,1|2|4|2|4|1|7|5|12,hub_localized,49
star,50,0.01,0.03,0.0,0.072,17,59,0.0,0.22448979591836735,41,19,15,1,41,2|4|2|4|9|5|4|8,hub_localized,49
star,50,0.01,0.03,0.0,0.072,18,60,0.0,0.1836734693877551,35,20,16,0,35,2|4|2|4|10|5|14,hub_localized,49
star,50,0.01,0.03,0.0,0.072,19,61,0.0,0.1836734693877551,34,19,15,0,34,1|4|2|4|9|6|15,hub_localized,49
star,50,0.01,0.03,0.0,0.072,20,62,0.0,0.20408163265306123,33,19,15,1,33,4|2|4|1|7|5|16,hub_localized,49
star,50,0.01,0.03,0.0,0.072,21,63,0.0,0.20408163265306123,49,9,15,1,49,4|2|4|9|5|16,hub_localized,49
star,50,0.01,0.03,0.0,0.072,22,64,0.0,0.22448979591836735,49,19,1,1,49,2|2|4|9|5|16,hub_localized,49
star,50,0.01,0.03,0.0,0.072,23,65,0.0,0.20408163265306123,48,19,3,1,48,2|2|4|9|5|17|1,hub_localized,49
star,50,0.01,0.03,0.0,0.072,24,66,0.0,0.22448979591836735,47,19,3,1,47,1|2|4|9|5|12|4|2,hub_localized,49
star,50,0.01,0.03,0.0,0.072,25,67,0.0,0.22448979591836735,46,19,1,1,46,2|4|1|7|5|16|3,hub_localized,49
star,50,0.01,0.03,0.0,0.072,26,68,0.0,0.22448979591836735,45,19,1,1,45,1|4|9|5|12|3|4,hub_localized,49
star,50,0.01,0.03,0.0,0.072,27,69,0.0,0.1836734693877551,44,19,1,0,44,1|4|10|5|16|5,hub_localized,49
star,50,0.01,0.03,0.0,0.072,28,70,0.0,0.1836734693877551,49,19,1,0,49,4|9|5|17|5,hub_localized,49
star,50,0.01,0.03,0.0,0.072,29,71,0.0,0.20408163265306123,48,19,3,1,48,3|1|7|5|17|5|1,hub_localized,49
star,50,0.01,0.03,0.0,0.072,30,72,0.0,0.24489795918367346,48,20,1,1,48,2|1|7|5|16|5|1,hub_localized,49
star,50,0.01,0.03,0.0,0.072,31,73,0.0,0.24489795918367346,47,20,3,1,47,2|9|5|12|3|5|2,hub_localized,49
star,50,0.01,0.03,0.0,0.072,32,74,0.0,0.20408163265306123,46,10,1,1,46,1|7|5|17|6|3,hub_localized,49
star,50,0.01,0.03,0.0,0.072,33,75,0.0,0.20408163265306123,45,20,1,1,45,1|1|7|5|16|5|4,hub_localized,49
star,50,0.01,0.03,0.0,0.072,34,76,0.0,0.20408163265306123,44,20,1,1,44,9|5|12|3|5|5,hub_localized,49
star,50,0.01,0.03,0.0,0.072,35,77,0.0,0.1836734693877551,43,20,1,0,43,1|7|5|16|5|6,hub_localized,49
star,50,0.01,0.03,0.0,0.072,36,78,0.0,0.14285714285714285,42,20,1,0,42,8|5|17|5|7,hub_localized,49
star,50,0.01,0.03,0.0,0.072,37,79,0.0,0.16326530612244897,49,19,1,0,49,8|5|17|5|7,hub_localized,49
star,50,0.01,0.03,0.0,0.072,38,80,0.0,0.16326530612244897,48,19,4,0,48,6|5|17|5|7|1,hub_localized,49
star,50,0.01,0.03,0.0,0.072,39,81,0.0,0.1836734693877551,47,19,1,0,47,5|5|12|4|5|7|2,hub_localized,49
star,50,0.01,0.03,0.0,0.072,40,82,0.0,0.16326530612244897,46,19,3,0,46,5|5|12|4|5|7|3,hub_localized,49
star,50,0.01,0.03,0.0,0.072,41,83,0.0,0.14285714285714285,45,20,1,0,45,5|5|17|5|7|4,hub_localized,49
star,50,0.01,0.03,0.0,0.072,42,84,0.0,0.20408163265306123,44,19,3,1,44,2|5|15|5|7|5,hub_localized,49
star,50,0.01,0.03,0.0,0.072,43,85,0.0,0.1836734693877551,43,10,1,0,43,1|5|12|2|1|5|8|6,hub_localized,49
star,50,0.01,0.03,0.0,0.072,44,86,0.0,0.1836734693877551,42,19,3,0,42,1|5|16|5|7|7,hub_localized,49
star,50,0.01,0.03,0.0,0.072,45,87,0.0,0.14285714285714285,41,20,1,0,41,5|17|5|7|8,hub_localized,49
star,50,0.01,0.03,0.0,0.072,46,88,0.0,0.14285714285714285,40,8,4,0,40,5|4|12|5|7|9,hub_localized,49
star,50,0.01,0.03,0.0,0.072,47,89,0.0,0.12244897959183673,39,9,3,0,39,5|16|5|7|10,hub_localized,49
star,50,0.01,0.03,0.0,0.072,48,90,0.0,0.12244897959183673,49,9,1,0,49,4|17|5|7|10,hub_localized,49
star,50,0.01,0.03,0.0,0.072,49,91,0.0,0.14285714285714285,48,10,1,0,48,3|16|5|7|10|1,hub_localized,49
star,50,0.01,0.03,0.0,0.074,0,42,0.0,0.2653061224489796,47,19,4,1,47,3|4|5|1|4|2|2|4|9|2,hub_localized,49
star,50,0.01,0.03,0.0,0.074,1,43,0.0,0.2653061224489796,46,10,5,1,46,2|4|5|1|2|4|2|4|1|8|3,hub_localized,49
star,50,0.01,0.03,0.0,0.074,2,44,0.0,0.2857142857142857,45,19,4,1,45,2|3|5|1|2|4|2|4|9|4,hub_localized,49
star,50,0.01,0.03,0.0,0.074,3,45,0.0,0.2857142857142857,44,19,4,1,44,1|3|5|1|2|4|2|4|9|5,hub_localized,49
star,50,0.01,0.03,0.0,0.074,4,46,0.0,0.32653061224489793,49,27,4,1,49,3|5|1|2|1|2|2|4|1|7|5,hub_localized,49
star,50,0.01,0.03,0.0,0.074,5,47,0.0,0.2653061224489796,48,19,5,1,48,9|1|2|4|2|4|1|7|5|1,hub_localized,49
star,50,0.01,0.03,0.0,0.074,6,48,0.0,0.22448979591836735,47,19,4,1,47,9|1|2|4|2|4|1|9|5|2,hub_localized,49
star,50,0.01,0.03,0.0,0.074,7,49,0.0,0.24489795918367346,46,19,4,1,46,7|1|7|2|4|1|7|5|3,hub_localized,49
star,50,0.01,0.03,0.0,0.074,8,50,0.0,0.2653061224489796,45,19,4,1,45,1|2|2|1|2|4|2|4|10|5|4,hub_localized,49
star,50,0.01,0.03,0.0,0.074,9,51,0.0,0.22448979591836735,44,19,5,1,44,5|1|2|4|2|4|10|5|5,hub_localized,49
star,50,0.01,0.03,0.0,0.074,10,52,0.0,0.22448979591836735,43,19,6,1,43,4|1|2|4|2|4|1|9|5|6,hub_localized,49
star,50,0.01,0.03,0.0,0.074,11,53,0.0,0.24489795918367346,42,20,4,1,42,3|1|2|4|2|4|9|5|7,hub_localized,49
star,50,0.01,0.03,0.0,0.074,12,54,0.0,0.24489795918367346,41,19,5,1,41,3|1|2|4|2|4|9|5|8,hub_localized,49
star,50,0.01,0.03,0.0,0.074,13,55,0.0,0.22448979591836735,40,19,5,1,40,1|1|2|4|2|4|9|6|9,hub_localized,49
star,50,0.01,0.03,0.0,0.074,14,56,0.0,0.24489795918367346,39,19,5,1,39,1|1|2|4|2|4|9|5|10,hub_localized,49
star,50,0.01,0.03,0.0,0.074,15,57,0.0,0.22448979591836735,38,19,15,1,38,1|2|4|2|4|9|5|11,hub_localized,49
star,50,0.01,0.03,0.0,0.074,16,58,0.0,0.24489795918367346,37,19,15,1,37,1|2|4|2|4|1|7|5|12,hub_localized,49
star,50,0.01,0.03,0.0,0.074,17,59,0.0,0.20408163265306123,41,19,16,1,41,7|2|4|9|5|4|8,hub_localized,49
star,50,0.01,0.03,0.0,0.074,18,60,0.0,0.20408163265306123,35,19,16,1,35,2|4|2|4|1|8|5|14,hub_localized,49
star,50,0.01,0.03,0.0,0.074,19,61,0.0,0.20408163265306123,34,19,15,1,34,1|4|2|4|9|5|15,hub_localized,49
star,50,0.01,0.03,0.0,0.074,20,62,0.0,0.20408163265306123,33,19,16,1,33,4|2|4|1|7|5|16,hub_localized,49
star,50,0.01,0.03,0.0,0.074,21,63,0.0,0.1836734693877551,32,9,15,0,32,4|2|4|9|5|17,hub_localized,49
star,50,0.01,0.03,0.0,0.074,22,64,0.0,0.22448979591836735,49,19,1,1,49,3|2|4|9|5|16,hub_localized,49
star,50,0.01,0.03,0.0,0.074,23,65,0.0,0.20408163265306123,48,19,3,1,48,2|2|4|9|5|17|1,hub_localized,49
star,50,0.01,0.03,0.0,0.074,24,66,0.0,0.22448979591836735,47,19,3,1,47,1|2|4|9|5|12|4|2,hub_localized,49
star,50,0.01,0.03,0.0,0.074,25,67,0.0,0.22448979591836735,46,19,1,1,46,2|4|1|7|5|16|3,hub_localized,49
star,50,0.01,0.03,0.0,0.074,26,68,0.0,0.24489795918367346,45,19,1,1,45,1|4|1|7|5|12|3|4,hub_localized,49
star,50,0.01,0.03,0.0,0.074,27,69,0.0,0.1836734693877551,44,19,1,0,44,1|4|1|8|5|17|5,hub_localized,49
star,50,0.01,0.03,0.0,0.074,28,70,0.0,0.1836734693877551,49,19,1,0,49,4|1|8|5|17|5,hub_localized,49
star,50,0.01,0.03,0.0,0.074,29,71,0.0,0.20408163265306123,48,19,3,1,48,3|1|7|5|17|5|1,hub_localized,49
star,50,0.01,0.03,0.0,0.074,30,72,0.0,0.24489795918367346,48,19,1,1,48,2|1|7|5|16|5|1,hub_localized,49
star,50,0.01,0.03,0.0,0.074,31,73,0.0,0.22448979591836735,47,19,3,1,47,2|9|5|16|5|2,hub_localized,49
star,50,0.01,0.03,0.0,0.074,32,74,0.0,0.20408163265306123,46,19,1,1,46,1|7|5|17|6|3,hub_localized,49
star,50,0.01,0.03,0.0,0.074,33,75,0.0,0.20408163265306123,45,20,1,1,45,1|1|7|5|16|5|4,hub_localized,49
star,50,0.01,0.03,0.0,0.074,34,76,0.0,0.20408163265306123,44,20,1,1,44,9|5|12|3|5|5,hub_localized,49
star,50,0.01,0.03,0.0,0.074,35,77,0.0,0.1836734693877551,43,19,1,0,43,1|7|5|16|5|6,hub_localized,49
star,50,0.01,0.03,0.0,0.074,36,78,0.0,0.16326530612244897,42,19,1,0,42,7|5|17|5|7,hub_localized,49
star,50,0.01,0.03,0.0,0.074,37,79,0.0,0.16326530612244897,49,19,1,0,49,8|5|17|5|7,hub_localized,49
star,50,0.01,0.03,0.0,0.074,38,80,0.0,0.16326530612244897,48,19,4,0,48,6|5|17|5|7|1,hub_localized,49
star,50,0.01,0.03,0.0,0.074,39,81,0.0,0.1836734693877551,47,19,1,0,47,5|5|12|4|5|7|2,hub_localized,49
star,50,0.01,0.03,0.0,0.074,40,82,0.0,0.16326530612244897,46,19,3,0,46,5|5|12|4|5|7|3,hub_localized,49
star,50,0.01,0.03,0.0,0.074,41,83,0.0,0.16326530612244897,45,19,1,0,45,4|5|17|5|7|4,hub_localized,49
star,50,0.01,0.03,0.0,0.074,42,84,0.0,0.1836734693877551,44,19,3,0,44,3|5|15|5|7|5,hub_localized,49
star,50,0.01,0.03,0.0,0.074,43,85,0.0,0.16326530612244897,43,10,1,0,43,2|5|12|2|1|5|8|6,hub_localized,49
star,50,0.01,0.03,0.0,0.074,44,86,0.0,0.1836734693877551,42,19,3,0,42,1|5|16|5|7|7,hub_localized,49
star,50,0.01,0.03,0.0,0.074,45,87,0.0,0.14285714285714285,41,19,1,0,41,5|17|5|7|8,hub_localized,49
star,50,0.01,0.03,0.0,0.074,46,88,0.0,0.14285714285714285,40,8,4,0,40,5|4|12|5|7|9,hub_localized,49
star,50,0.01,0.03,0.0,0.074,47,89,0.0,0.12244897959183673,39,9,3,0,39,5|16|5|7|10,hub_localized,49
star,50,0.01,0.03,0.0,0.074,48,90,0.0,0.12244897959183673,49,9,1,0,49,4|17|5|7|10,hub_localized,49
star,50,0.01,0.03,0.0,0.074,49,91,0.0,0.14285714285714285,48,10,1,0,48,3|16|5|7|10|1,hub_localized,49
star,50,0.01,0.03,0.0,0.076,0,42,0.0,0.24489795918367346,47,19,4,1,47,3|4|5|1|7|2|4|9|2,hub_localized,49
star,50,0.01,0.03,0.0,0.076,1,43,0.0,0.2653061224489796,46,10,5,1,46,2|4|5|1|2|4|2|4|1|8|3,hub_localized,49
star,50,0.01,0.03,0.0,0.076,2,44,0.0,0.2653061224489796,45,19,4,1,45,2|3|5|1|7|2|4|9|4,hub_localized,49
star,50,0.01,0.03,0.0,0.076,3,45,0.0,0.2857142857142857,44,19,4,1,44,1|3|5|1|2|4|2|4|9|5,hub_localized,49
star,50,0.01,0.03,0.0,0.076,4,46,0.0,0.30612244897959184,49,19,4,1,49,3|5|1|2|4|2|4|1|7|5,hub_localized,49
star,50,0.01,0.03,0.0,0.076,5,47,0.0,0.2653061224489796,48,19,5,1,48,9|1|2|4|2|4|1|7|5|1,hub_localized,49
star,50,0.01,0.03,0.0,0.076,6,48,0.0,0.20408163265306123,47,10,4,1,47,9|1|2|4|2|4|1|10|5|2,hub_localized,49
star,50,0.01,0.03,0.0,0.076,7,49,0.0,0.2653061224489796,46,19,4,1,46,1|5|1|7|2|4|1|7|5|3,hub_localized,49
star,50,0.01,0.03,0.0,0.076,8,50,0.0,0.22448979591836735,45,19,4,1,45,1|5|1|2|4|2|4|1|10|5|4,hub_localized,49
star,50,0.01,0.03,0.0,0.076,9,51,0.0,0.22448979591836735,44,19,5,1,44,5|1|2|4|2|4|10|5|5,hub_localized,49
star,50,0.01,0.03,0.0,0.076,10,52,0.0,0.22448979591836735,43,9,6,1,43,4|1|7|2|4|1|1|7|5|6,hub_localized,49
star,50,0.01,0.03,0.0,0.076,11,53,0.0,0.20408163265306123,42,19,4,1,42,3|1|7|2|4|1|9|5|7,hub_localized,49
star,50,0.01,0.03,0.0,0.076,12,54,0.0,0.2653061224489796,41,19,5,1,41,3|1|2|4|2|4|1|7|5|8,hub_localized,49
star,50,0.01,0.03,0.0,0.076,13,55,0.0,0.2653061224489796,40,19,5,1,40,1|1|2|4|2|4|1|7|5|9,hub_localized,49
star,50,0.01,0.03,0.0,0.076,14,56,0.0,0.24489795918367346,39,19,5,1,39,1|1|7|2|4|1|7|5|10,hub_localized,49
star,50,0.01,0.03,0.0,0.076,15,57,0.0,0.20408163265306123,38,19,15,1,38,1|2|4|2|4|1|9|5|11,hub_localized,49
star,50,0.01,0.03,0.0,0.076,16,58,0.0,0.22448979591836735,37,19,16,1,37,1|2|4|2|4|1|1|7|5|12,hub_localized,49
star,50,0.01,0.03,0.0,0.076,17,59,0.0,0.22448979591836735,41,19,16,1,41,2|4|2|4|9|5|4|8,hub_localized,49
star,50,0.01,0.03,0.0,0.076,18,60,0.0,0.20408163265306123,35,19,16,1,35,2|4|2|4|1|8|5|14,hub_localized,49
star,50,0.01,0.03,0.0,0.076,19,61,0.0,0.1836734693877551,34,19,15,0,34,1|4|2|4|10|5|15,hub_localized,49
star,50,0.01,0.03,0.0,0.076,20,62,0.0,0.20408163265306123,33,19,16,1,33,4|2|4|1|7|5|16,hub_localized,49
star,50,0.01,0.03,0.0,0.076,21,63,0.0,0.1836734693877551,32,19,15,0,32,4|2|4|9|5|17,hub_localized,49
star,50,0.01,0.03,0.0,0.076,22,64,0.0,0.22448979591836735,49,10,1,1,49,3|2|4|9|5|16,hub_localized,49
star,50,0.01,0.03,0.0,0.076,23,65,0.0,0.20408163265306123,48,19,3,1,48,2|2|4|9|5|17|1,hub_localized,49
star,50,0.01,0.03,0.0,0.076,24,66,0.0,0.20408163265306123,47,19,3,1,47,1|2|4|1|9|5|12|4|2,hub_localized,49
star,50,0.01,0.03,0.0,0.076,25,67,0.0,0.22448979591836735,46,10,1,1,46,2|4|1|7|5|16|3,hub_localized,49
star,50,0.01,0.03,0.0,0.076,26,68,0.0,0.24489795918367346,45,19,1,1,45,1|4|1|7|5|12|3|4,hub_localized,49
star,50,0.01,0.03,0.0,0.076,27,69,0.0,0.20408163265306123,44,10,1,1,44,1|4|1|7|5|17|5,hub_localized,49
star,50,0.01,0.03,0.0,0.076,28,70,0.0,0.1836734693877551,49,19,1,0,49,4|1|8|5|17|5,hub_localized,49
star,50,0.01,0.03,0.0,0.076,29,71,0.0,0.20408163265306123,48,19,3,1,48,3|1|7|5|17|5|1,hub_localized,49
star,50,0.01,0.03,0.0,0.076,30,72,0.0,0.22448979591836735,47,19,1,1,47,2|1|7|5|16|5|2,hub_localized,49
star,50,0.01,0.03,0.0,0.076,31,73,0.0,0.1836734693877551,47,19,3,0,47,2|1|9|5|17|5|2,hub_localized,49
star,50,0.01,0.03,0.0,0.076,32,74,0.0,0.20408163265306123,46,19,1,1,46,1|7|5|17|6|3,hub_localized,49
star,50,0.01,0.03,0.0,0.076,33,75,0.0,0.20408163265306123,45,19,1,1,45,1|1|7|5|16|5|4,hub_localized,49
star,50,0.01,0.03,0.0,0.076,34,76,0.0,0.20408163265306123,44,19,1,1,44,9|5|12|3|5|5,hub_localized,49
star,50,0.01,0.03,0.0,0.076,35,77,0.0,0.1836734693877551,43,19,1,0,43,1|7|5|16|5|6,hub_localized,49
star,50,0.01,0.03,0.0,0.076,36,78,0.0,0.16326530612244897,42,19,1,0,42,7|5|17|5|7,hub_localized,49
star,50,0.01,0.03,0.0,0.076,37,79,0.0,0.14285714285714285,49,19,1,0,49,7|5|17|5|8,hub_localized,49
star,50,0.01,0.03,0.0,0.076,38,80,0.0,0.16326530612244897,48,19,4,0,48,6|5|17|5|7|1,hub_localized,49
star,50,0.01,0.03,0.0,0.076,39,81,0.0,0.14285714285714285,47,19,1,0,47,6|5|12|4|5|8|2,hub_localized,49
star,50,0.01,0.03,0.0,0.076,40,82,0.0,0.16326530612244897,46,19,3,0,46,5|5|12|4|5|7|3,hub_localized,49
star,50,0.01,0.03,0.0,0.076,41,83,0.0,0.14285714285714285,45,19,1,0,45,5|5|17|5|7|4,hub_localized,49
star,50,0.01,0.03,0.0,0.076,42,84,0.0,0.14285714285714285,44,19,3,0,44,3|5|16|5|8|5,hub_localized,49
star,50,0.01,0.03,0.0,0.076,43,85,0.0,0.14285714285714285,43,10,1,0,43,2|5|12|4|5|8|6,hub_localized,49
star,50,0.01,0.03,0.0,0.076,44,86,0.0,0.1836734693877551,42,19,3,0,42,1|5|16|5|7|7,hub_localized,49
star,50,0.01,0.03,0.0,0.076,45,87,0.0,0.14285714285714285,41,19,1,0,41,5|17|5|7|8,hub_localized,49
star,50,0.01,0.03,0.0,0.076,46,88,0.0,0.14285714285714285,40,8,4,0,40,5|4|12|5|7|9,hub_localized,49
star,50,0.01,0.03,0.0,0.076,47,89,0.0,0.12244897959183673,39,9,3,0,39,5|16|5|7|10,hub_localized,49
star,50,0.01,0.03,0.0,0.076,48,90,0.0,0.12244897959183673,49,8,1,0,49,4|17|5|7|10,hub_localized,49
star,50,0.01,0.03,0.0,0.076,49,91,0.0,0.10204081632653061,48,9,1,0,48,3|17|5|8|10|1,hub_localized,49
random-sparse,50,0.01,0.02,0.0,0.06,0,42,0.0,0.3469387755102041,49,20,4,1,49,3|3|2|2|1|2|4|2|4|3|5|1,network_wide,111
random-sparse,50,0.01,0.02,0.0,0.06,1,43,0.0,0.30612244897959184,48,20,5,1,48,2|4|5|1|2|4|2|4|3|5|1|1,network_wide,125
random-sparse,50,0.01,0.02,0.0,0.06,2,44,0.0,0.30612244897959184,47,12,4,1,47,2|4|5|1|2|4|2|4|3|5|1|2,network_wide,133
random-sparse,50,0.01,0.02,0.0,0.06,3,45,0.0,0.32653061224489793,44,27,4,1,44,1|3|2|2|1|2|4|2|4|3|5|5,network_wide,120
random-sparse,50,0.01,0.02,0.0,0.06,4,46,0.0,0.3469387755102041,49,27,4,1,49,3|5|1|2|4|2|4|3|5|1|1|1,network_wide,123
random-sparse,50,0.01,0.02,0.0,0.06,5,47,0.0,0.2857142857142857,48,20,5,1,48,3|5|1|2|4|2|4|3|5|5|1,network_wide,125
random-sparse,50,0.01,0.02,0.0,0.06,6,48,0.0,0.30612244897959184,47,20,4,1,47,3|2|2|1|2|4|2|4|3|5|5|2,network_wide,111
random-sparse,50,0.01,0.02,0.0,0.06,7,49,0.0,0.32653061224489793,46,20,4,1,46,1|2|2|1|2|4|2|4|3|5|1|3|3,network_wide,116
random-sparse,50,0.01,0.02,0.0,0.06,8,50,0.0,0.30612244897959184,45,20,4,1,45,1|2|2|1|2|4|2|4|3|5|5|4,network_wide,110
random-sparse,50,0.01,0.02,0.0,0.06,9,51,0.0,0.2653061224489796,44,20,5,1,44,5|1|2|4|2|4|3|5|5|5,network_wide,132
random-sparse,50,0.01,0.02,0.0,0.06,10,52,0.0,0.2857142857142857,43,20,5,1,43,4|1|2|4|2|4|3|5|1|3|6,network_wide,127
random-sparse,50,0.01,0.02,0.0,0.06,11,53,0.0,0.30612244897959184,42,20,4,1,42,3|1|2|4|2|3|3|5|1|3|7,network_wide,114
random-sparse,50,0.01,0.02,0.0,0.06,12,54,0.0,0.30612244897959184,46,20,5,1,46,3|1|2|4|2|4|3|5|1|3|4|3,network_wide,128
random-sparse,50,0.01,0.02,0.0,0.06,13,55,0.0,0.30612244897959184,40,20,5,1,40,1|1|2|4|2|3|3|5|1|3|9,network_wide,116
random-sparse,50,0.01,0.02,0.0,0.06,14,56,0.0,0.30612244897959184,39,20,5,1,39,1|2|4|2|3|3|5|1|3|10,network_wide,114
random-sparse,50,0.01,0.02,0.0,0.06,15,57,0.0,0.24489795918367346,38,20,15,1,38,1|2|4|2|4|3|5|5|11,network_wide,119
random-sparse,50,0.01,0.02,0.0,0.06,16,58,0.0,0.2857142857142857,42,20,15,1,42,1|2|4|2|4|3|5|1|3|4|7,network_wide,98
random-sparse,50,0.01,0.02,0.0,0.06,17,59,0.0,0.22448979591836735,36,20,15,1,36,2|4|2|3|9|5|13,network_wide,120
random-sparse,50,0.01,0.02,0.0,0.06,18,60,0.0,0.2653061224489796,40,20,15,1,40,2|4|2|4|3|5|1|3|4|9,network_wide,106
random-sparse,50,0.01,0.02,0.0,0.06,19,61,0.0,0.24489795918367346,34,20,15,1,34,1|4|2|4|3|5|1|3|15,network_wide,110
random-sparse,50,0.01,0.02,0.0,0.06,20,62,0.0,0.24489795918367346,33,20,15,1,33,4|2|4|3|5|1|1|1|16,network_wide,114
random-sparse,50,0.01,0.02,0.0,0.06,21,63,0.0,0.2653061224489796,49,20,15,1,49,4|2|4|3|5|1|3|15,network_wide,114
random-sparse,50,0.01,0.02,0.0,0.06,22,64,0.0,0.2653061224489796,49,20,1,1,49,3|2|4|3|5|1|3|16,network_wide,122
random-sparse,50,0.01,0.02,0.0,0.06,23,65,0.0,0.30612244897959184,48,20,3,1,48,2|2|3|3|5|1|3|15|1,network_wide,120
random-sparse,50,0.01,0.02,0.0,0.06,24,66,0.0,0.30612244897959184,47,20,3,1,47,1|2|3|3|5|1|3|15|2,network_wide,103
random-sparse,50,0.01,0.02,0.0,0.06,25,67,0.0,0.2653061224489796,46,20,1,1,46,2|4|3|5|1|3|15|3,network_wide,127
random-sparse,50,0.01,0.02,0.0,0.06,26,68,0.0,0.2653061224489796,45,20,1,1,45,1|4|3|5|1|3|15|4,network_wide,114
random-sparse,50,0.01,0.02,0.0,0.06,27,69,0.0,0.24489795918367346,44,20,1,1,44,1|4|3|5|5|15|5,network_wide,105
random-sparse,50,0.01,0.02,0.0,0.06,28,70,0.0,0.22448979591836735,49,20,1,1,49,4|9|1|3|16|5,network_wide,125
random-sparse,50,0.01,0.02,0.0,0.06,29,71,0.0,0.24489795918367346,49,20,3,1,49,3|9|5|15|5,network_wide,116
random-sparse,50,0.01,0.02,0.0,0.06,30,72,0.0,0.22448979591836735,48,20,1,1,48,2|9|5|16|5|1,network_wide,108
random-sparse,50,0.01,0.02,0.0,0.06,31,73,0.0,0.24489795918367346,47,20,3,1,47,2|3|5|5|16|5|2,network_wide,111
random-sparse,50,0.01,0.02,0.0,0.06,32,74,0.0,0.2653061224489796,46,20,1,1,46,3|5|3|1|16|5|3,network_wide,108
random-sparse,50,0.01,0.02,0.0,0.06,33,75,0.0,0.22448979591836735,45,20,1,1,45,3|5|5|16|5|4,network_wide,128
random-sparse,50,0.01,0.02,0.0,0.06,34,76,0.0,0.24489795918367346,44,20,1,1,44,3|5|1|1|1|16|5|5,network_wide,111
random-sparse,50,0.01,0.02,0.0,0.06,35,77,0.0,0.20408163265306123,43,20,1,1,43,3|5|1|3|16|5|6,network_wide,131
random-sparse,50,0.01,0.02,0.0,0.06,36,78,0.0,0.22448979591836735,42,20,1,1,42,2|5|1|3|15|5|7,network_wide,110
random-sparse,50,0.01,0.02,0.0,0.06,37,79,0.0,0.24489795918367346,49,20,1,1,49,2|5|1|3|15|5|7,network_wide,111
random-sparse,50,0.01,0.02,0.0,0.06,38,80,0.0,0.22448979591836735,48,20,4,1,48,5|1|3|16|5|7|1,network_wide,110
random-sparse,50,0.01,0.02,0.0,0.06,39,81,0.0,0.20408163265306123,47,20,1,1,47,5|1|3|16|5|7|2,network_wide,117
random-sparse,50,0.01,0.02,0.0,0.06,40,82,0.0,0.22448979591836735,46,20,3,1,46,4|1|1|1|16|5|7|3,network_wide,108
random-sparse,50,0.01,0.02,0.0,0.06,41,83,0.0,0.22448979591836735,45,20,1,1,45,4|5|4|10|5|7|4,network_wide,105
random-sparse,50,0.01,0.02,0.0,0.06,42,84,0.0,0.1836734693877551,44,20,3,0,44,2|1|3|17|5|7|5,network_wide,131
random-sparse,50,0.01,0.02,0.0,0.06,43,85,0.0,0.22448979591836735,43,20,1,1,43,1|5|4|10|5|7|6,network_wide,110
random-sparse,50,0.01,0.02,0.0,0.06,44,86,0.0,0.1836734693877551,42,20,3,0,42,1|5|16|5|7|7,network_wide,124
random-sparse,50,0.01,0.02,0.0,0.06,45,87,0.0,0.20408163265306123,41,20,1,1,41,1|3|15|5|7|8,network_wide,126
random-sparse,50,0.01,0.02,0.0,0.06,46,88,0.0,0.1836734693877551,40,13,4,0,40,1|1|1|16|5|7|9,network_wide,107
random-sparse,50,0.01,0.02,0.0,0.06,47,89,0.0,0.14285714285714285,39,11,3,0,39,1|3|16|5|7|10,network_wide,117
random-sparse,50,0.01,0.02,0.0,0.06,48,90,0.0,0.16326530612244897,49,11,1,0,49,3|16|5|7|10,network_wide,124
random-sparse,50,0.01,0.02,0.0,0.06,49,91,0.0,0.12244897959183673,48,11,1,0,48,3|17|5|7|10|1,network_wide,116
random-sparse,50,0.01,0.02,0.0,0.062,0,42,0.0,0.3469387755102041,49,20,4,1,49,3|3|2|2|1|2|4|2|4|3|5|1,network_wide,111
random-sparse,50,0.01,0.02,0.0,0.062,1,43,0.0,0.30612244897959184,48,20,5,1,48,2|4|5|1|2|4|2|4|3|5|1|1,network_wide,125
random-sparse,50,0.01,0.02,0.0,0.062,2,44,0.0,0.30612244897959184,45,11,4,1,45,2|3|5|1|2|4|2|4|3|5|4,network_wide,133
random-sparse,50,0.01,0.02,0.0,0.062,3,45,0.0,0.32653061224489793,44,27,4,1,44,1|3|2|2|1|2|4|2|4|3|5|5,network_wide,120
random-sparse,50,0.01,0.02,0.0,0.062,4,46,0.0,0.30612244897959184,49,27,4,1,49,3|5|1|2|4|2|4|3|5|5,network_wide,123
random-sparse,50,0.01,0.02,0.0,0.062,5,47,0.0,0.2857142857142857,48,20,5,1,48,3|5|1|2|4|2|4|3|5|5|1,network_wide,125
random-sparse,50,0.01,0.02,0.0,0.062,6,48,0.0,0.2857142857142857,47,20,4,1,47,3|2|2|1|2|4|2|4|1|3|5|5|2,network_wide,111
random-sparse,50,0.01,0.02,0.0,0.062,7,49,0.0,0.32653061224489793,46,20,4,1,46,1|2|2|1|2|4|2|4|3|5|1|3|3,network_wide,116
random-sparse,50,0.01,0.02,0.0,0.062,8,50,0.0,0.32653061224489793,45,20,4,1,45,1|2|2|1|2|4|2|4|3|5|1|3|4,network_wide,110
random-sparse,50,0.01,0.02,0.0,0.062,9,51,0.0,0.2857142857142857,44,20,5,1,44,5|1|2|4|2|4|3|5|1|3|5,network_wide,132
random-sparse,50,0.01,0.02,0.0,0.062,10,52,0.0,0.2857142857142857,43,20,6,1,43,4|1|2|4|2|4|3|5|1|3|6,network_wide,127
random-sparse,50,0.01,0.02,0.0,0.062,11,53,0.0,0.2857142857142857,42,20,4,1,42,3|1|2|4|2|4|3|5|1|3|7,network_wide,114
random-sparse,50,0.01,0.02,0.0,0.062,12,54,0.0,0.2857142857142857,41,20,5,1,41,3|1|2|4|2|4|3|5|1|3|8,network_wide,128
random-sparse,50,0.01,0.02,0.0,0.062,13,55,0.0,0.2857142857142857,40,20,5,1,40,1|1|2|4|2|4|3|5|1|3|9,network_wide,116
random-sparse,50,0.01,0.02,0.0,0.062,14,56,0.0,0.30612244897959184,39,20,5,1,39,1|1|2|4|2|3|3|5|1|3|10,network_wide,114
random-sparse,50,0.01,0.02,0.0,0.062,15,57,0.0,0.24489795918367346,38,20,15,1,38,1|2|4|2|4|3|5|5|11,network_wide,119
random-sparse,50,0.01,0.02,0.0,0.062,16,58,0.0,0.2653061224489796,37,20,15,1,37,1|2|4|2|4|3|5|1|3|12,network_wide,98
random-sparse,50,0.01,0.02,0.0,0.062,17,59,0.0,0.22448979591836735,36,20,15,1,36,2|4|2|4|9|1|3|13,network_wide,120
random-sparse,50,0.01,0.02,0.0,0.062,18,60,0.0,0.22448979591836735,35,20,15,1,35,2|4|2|4|9|1|3|14,network_wide,106
random-sparse,50,0.01,0.02,0.0,0.062,19,61,0.0,0.24489795918367346,34,20,15,1,34,1|4|2|4|3|5|1|3|15,network_wide,110
random-sparse,50,0.01,0.02,0.0,0.062,20,62,0.0,0.22448979591836735,33,20,15,1,33,4|2|4|3|5|1|3|16,network_wide,114
random-sparse,50,0.01,0.02,0.0,0.062,21,63,0.0,0.24489795918367346,48,20,15,1,48,4|2|4|3|5|1|3|15|1,network_wide,114
random-sparse,50,0.01,0.02,0.0,0.062,22,64,0.0,0.2653061224489796,49,20,1,1,49,3|2|4|3|5|1|3|16,network_wide,122
random-sparse,50,0.01,0.02,0.0,0.062,23,65,0.0,0.2857142857142857,48,20,3,1,48,2|2|4|3|5|1|3|15|1,network_wide,120
random-sparse,50,0.01,0.02,0.0,0.062,24,66,0.0,0.2857142857142857,47,20,3,1,47,1|2|3|3|5|1|3|15|1|2,network_wide,103
random-sparse,50,0.01,0.02,0.0,0.062,25,67,0.0,0.2653061224489796,46,20,1,1,46,2|4|3|5|1|3|15|3,network_wide,127
random-sparse,50,0.01,0.02,0.0,0.062,26,68,0.0,0.2653061224489796,45,20,1,1,45,1|4|3|5|1|3|15|4,network_wide,114
random-sparse,50,0.01,0.02,0.0,0.062,27,69,0.0,0.20408163265306123,44,20,1,1,44,1|4|3|5|5|17|5,network_wide,105
random-sparse,50,0.01,0.02,0.0,0.062,28,70,0.0,0.1836734693877551,43,20,1,0,43,4|9|1|3|17|6,network_wide,125
random-sparse,50,0.01,0.02,0.0,0.062,29,71,0.0,0.20408163265306123,49,20,3,1,49,3|9|5|17|5,network_wide,116
random-sparse,50,0.01,0.02,0.0,0.062,30,72,0.0,0.22448979591836735,48,20,1,1,48,2|9|1|3|17|5|1,network_wide,108
random-sparse,50,0.01,0.02,0.0,0.062,31,73,0.0,0.22448979591836735,47,20,3,1,47,2|3|5|5|17|5|2,network_wide,111
random-sparse,50,0.01,0.02,0.0,0.062,32,74,0.0,0.20408163265306123,46,20,1,1,46,3|5|5|17|6|3,network_wide,108
random-sparse,50,0.01,0.02,0.0,0.062,33,75,0.0,0.22448979591836735,45,20,1,1,45,3|5|5|16|5|4,network_wide,128
random-sparse,50,0.01,0.02,0.0,0.062,34,76,0.0,0.22448979591836735,44,20,1,1,44,3|5|1|3|16|5|5,network_wide,111
random-sparse,50,0.01,0.02,0.0,0.062,35,77,0.0,0.1836734693877551,43,20,1,0,43,3|5|1|3|17|5|6,network_wide,131
random-sparse,50,0.01,0.02,0.0,0.062,36,78,0.0,0.1836734693877551,42,20,1,0,42,2|5|1|3|17|5|7,network_wide,110
random-sparse,50,0.01,0.02,0.0,0.062,37,79,0.0,0.24489795918367346,49,20,1,1,49,2|5|1|3|15|5|7,network_wide,111
random-sparse,50,0.01,0.02,0.0,0.062,38,80,0.0,0.22448979591836735,48,20,4,1,48,5|1|3|16|5|7|1,network_wide,110
random-sparse,50,0.01,0.02,0.0,0.062,39,81,0.0,0.20408163265306123,47,20,1,1,47,5|1|3|16|5|7|2,network_wide,117
random-sparse,50,0.01,0.02,0.0,0.062,40,82,0.0,0.20408163265306123,46,20,3,1,46,4|1|3|16|5|7|3,network_wide,108
random-sparse,50,0.01,0.02,0.0,0.062,41,83,0.0,0.16326530612244897,45,20,1,0,45,4|5|17|5|7|4,network_wide,105
random-sparse,50,0.01,0.02,0.0,0.062,42,84,0.0,0.1836734693877551,44,20,3,0,44,2|1|3|17|5|7|5,network_wide,131
random-sparse,50,0.01,0.02,0.0,0.062,43,85,0.0,0.22448979591836735,43,20,1,1,43,1|1|3|15|5|7|6,network_wide,110
random-sparse,50,0.01,0.02,0.0,0.062,44,86,0.0,0.1836734693877551,42,20,3,0,42,1|5|16|5|7|7,network_wide,124
random-sparse,50,0.01,0.02,0.0,0.062,45,87,0.0,0.1836734693877551,41,20,1,0,41,1|3|15|1|5|7|8,network_wide,126
random-sparse,50,0.01,0.02,0.0,0.062,46,88,0.0,0.12244897959183673,40,13,4,0,40,5|16|6|7|9,network_wide,107
random-sparse,50,0.01,0.02,0.0,0.062,47,89,0.0,0.12244897959183673,39,11,3,0,39,1|3|17|5|7|10,network_wide,117
random-sparse,50,0.01,0.02,0.0,0.062,48,90,0.0,0.16326530612244897,49,11,1,0,49,3|16|5|7|10,network_wide,124
random-sparse,50,0.01,0.02,0.0,0.062,49,91,0.0,0.12244897959183673,48,11,1,0,48,3|17|5|7|10|1,network_wide,116
random-sparse,50,0.01,0.02,0.0,0.064,0,42,0.0,0.30612244897959184,47,20,4,1,47,3|3|2|2|1|2|4|2|4|1|3|5|2,network_wide,111
random-sparse,50,0.01,0.02,0.0,0.064,1,43,0.0,0.2857142857142857,46,20,5,1,46,2|3|5|1|2|4|2|4|9|3,network_wide,125
random-sparse,50,0.01,0.02,0.0,0.064,2,44,0.0,0.2857142857142857,45,20,4,1,45,2|3|5|1|2|4|2|4|9|4,network_wide,133
random-sparse,50,0.01,0.02,0.0,0.064,3,45,0.0,0.30612244897959184,44,27,4,1,44,1|3|2|2|1|2|4|2|4|9|5,network_wide,120
random-sparse,50,0.01,0.02,0.0,0.064,4,46,0.0,0.2857142857142857,49,27,4,1,49,3|5|1|2|1|2|2|4|1|9|5,network_wide,123
random-sparse,50,0.01,0.02,0.0,0.064,5,47,0.0,0.2653061224489796,48,20,5,1,48,3|5|1|2|4|2|4|9|5|1,network_wide,125
random-sparse,50,0.01,0.02,0.0,0.064,6,48,0.0,0.2653061224489796,47,20,4,1,47,3|2|2|1|2|4|2|4|1|9|5|2,network_wide,111
random-sparse,50,0.01,0.02,0.0,0.064,7,49,0.0,0.2857142857142857,46,20,4,1,46,1|2|2|1|2|4|2|4|9|5|3,network_wide,116
random-sparse,50,0.01,0.02,0.0,0.064,8,50,0.0,0.2857142857142857,45,20,4,1,45,1|2|2|1|2|4|2|4|9|5|4,network_wide,110
random-sparse,50,0.01,0.02,0.0,0.064,9,51,0.0,0.22448979591836735,44,20,5,1,44,5|1|2|4|2|4|1|9|5|5,network_wide,132
random-sparse,50,0.01,0.02,0.0,0.064,10,52,0.0,0.24489795918367346,43,20,6,1,43,4|1|2|4|2|4|9|5|6,network_wide,127
random-sparse,50,0.01,0.02,0.0,0.064,11,53,0.0,0.22448979591836735,42,20,5,1,42,3|1|2|4|2|4|1|9|5|7,network_wide,114
random-sparse,50,0.01,0.02,0.0,0.064,12,54,0.0,0.24489795918367346,41,20,5,1,41,3|1|2|4|2|4|9|5|8,network_wide,128
random-sparse,50,0.01,0.02,0.0,0.064,13,55,0.0,0.24489795918367346,40,20,5,1,40,1|1|2|4|2|4|9|5|9,network_wide,116
random-sparse,50,0.01,0.02,0.0,0.064,14,56,0.0,0.2653061224489796,39,20,5,1,39,1|1|2|4|2|4|3|5|5|10,network_wide,114
random-sparse,50,0.01,0.02,0.0,0.064,15,57,0.0,0.22448979591836735,38,20,15,1,38,1|2|4|2|4|9|5|11,network_wide,119
random-sparse,50,0.01,0.02,0.0,0.064,16,58,0.0,0.20408163265306123,37,20,15,1,37,1|2|4|2|4|1|9|5|12,network_wide,98
random-sparse,50,0.01,0.02,0.0,0.064,17,59,0.0,0.1836734693877551,36,20,15,0,36,2|4|2|4|1|9|5|13,network_wide,120
random-sparse,50,0.01,0.02,0.0,0.064,18,60,0.0,0.20408163265306123,35,20,15,1,35,2|4|2|4|9|5|14,network_wide,106
random-sparse,50,0.01,0.02,0.0,0.064,19,61,0.0,0.20408163265306123,34,20,15,1,34,1|4|2|4|9|5|15,network_wide,110
random-sparse,50,0.01,0.02,0.0,0.064,20,62,0.0,0.1836734693877551,33,20,15,0,33,4|2|4|9|5|16,network_wide,114
random-sparse,50,0.01,0.02,0.0,0.064,21,63,0.0,0.1836734693877551,32,20,15,0,32,4|2|4|1|3|5|5|17,network_wide,114
random-sparse,50,0.01,0.02,0.0,0.064,22,64,0.0,0.22448979591836735,49,20,1,1,49,3|2|4|9|5|16,network_wide,122
random-sparse,50,0.01,0.02,0.0,0.064,23,65,0.0,0.22448979591836735,48,20,3,1,48,2|2|4|9|5|16|1,network_wide,120
random-sparse,50,0.01,0.02,0.0,0.064,24,66,0.0,0.20408163265306123,47,20,3,1,47,1|2|4|1|3|5|5|17|2,network_wide,103
random-sparse,50,0.01,0.02,0.0,0.064,25,67,0.0,0.20408163265306123,46,20,1,1,46,2|4|1|9|5|15|3,network_wide,127
random-sparse,50,0.01,0.02,0.0,0.064,26,68,0.0,0.1836734693877551,45,20,1,0,45,1|4|1|9|5|15|1|4,network_wide,114
random-sparse,50,0.01,0.02,0.0,0.064,27,69,0.0,0.16326530612244897,44,20,1,0,44,1|4|1|9|5|17|5,network_wide,105
random-sparse,50,0.01,0.02,0.0,0.064,28,70,0.0,0.16326530612244897,49,20,1,0,49,4|1|9|5|17|5,network_wide,125
random-sparse,50,0.01,0.02,0.0,0.064,29,71,0.0,0.1836734693877551,49,20,3,0,49,3|1|9|5|17|5,network_wide,116
random-sparse,50,0.01,0.02,0.0,0.064,30,72,0.0,0.1836734693877551,48,20,1,0,48,2|1|9|5|17|5|1,network_wide,108
random-sparse,50,0.01,0.02,0.0,0.064,31,73,0.0,0.1836734693877551,47,20,3,0,47,2|1|9|5|17|5|2,network_wide,111
random-sparse,50,0.01,0.02,0.0,0.064,32,74,0.0,0.1836734693877551,46,20,1,0,46,9|5|17|6|3,network_wide,108
random-sparse,50,0.01,0.02,0.0,0.064,33,75,0.0,0.22448979591836735,45,20,1,1,45,3|5|5|16|5|4,network_wide,128
random-sparse,50,0.01,0.02,0.0,0.064,34,76,0.0,0.1836734693877551,44,20,1,0,44,9|5|16|5|5,network_wide,111
random-sparse,50,0.01,0.02,0.0,0.064,35,77,0.0,0.14285714285714285,43,20,1,0,43,9|5|17|5|6,network_wide,131
random-sparse,50,0.01,0.02,0.0,0.064,36,78,0.0,0.16326530612244897,42,20,1,0,42,2|5|5|17|5|7,network_wide,110
random-sparse,50,0.01,0.02,0.0,0.064,37,79,0.0,0.20408163265306123,49,20,1,1,49,8|5|15|5|7,network_wide,111
random-sparse,50,0.01,0.02,0.0,0.064,38,80,0.0,0.1836734693877551,48,20,4,0,48,6|5|16|5|7|1,network_wide,110
random-sparse,50,0.01,0.02,0.0,0.064,39,81,0.0,0.1836734693877551,47,20,1,0,47,5|5|16|5|7|2,network_wide,117
random-sparse,50,0.01,0.02,0.0,0.064,40,82,0.0,0.1836734693877551,46,20,3,0,46,4|5|16|5|7|3,network_wide,108
random-sparse,50,0.01,0.02,0.0,0.064,41,83,0.0,0.16326530612244897,45,20,1,0,45,4|5|17|5|7|4,network_wide,105
random-sparse,50,0.01,0.02,0.0,0.064,42,84,0.0,0.16326530612244897,44,20,3,0,44,2|5|17|5|7|5,network_wide,131
random-sparse,50,0.01,0.02,0.0,0.064,43,85,0.0,0.1836734693877551,43,20,1,0,43,1|5|16|5|7|6,network_wide,110
random-sparse,50,0.01,0.02,0.0,0.064,44,86,0.0,0.16326530612244897,42,20,3,0,42,1|5|17|5|7|7,network_wide,124
random-sparse,50,0.01,0.02,0.0,0.064,45,87,0.0,0.16326530612244897,41,20,1,0,41,5|15|1|5|7|8,network_wide,126
random-sparse,50,0.01,0.02,0.0,0.064,46,88,0.0,0.10204081632653061,40,10,4,0,40,5|17|6|7|9,network_wide,107
random-sparse,50,0.01,0.02,0.0,0.064,47,89,0.0,0.10204081632653061,39,10,3,0,39,5|17|5|7|10,network_wide,117
random-sparse,50,0.01,0.02,0.0,0.064,48,90,0.0,0.14285714285714285,49,10,1,0,49,4|16|5|7|10,network_wide,124
random-sparse,50,0.01,0.02,0.0,0.064,49,91,0.0,0.12244897959183673,48,10,1,0,48,3|17|5|7|10|1,network_wide,116
random-sparse,50,0.01,0.02,0.0,0.066,0,42,0.0,0.2857142857142857,47,20,4,1,47,3|3|2|2|1|2|4|2|4|1|9|2,network_wide,111
random-sparse,50,0.01,0.02,0.0,0.066,1,43,0.0,0.2857142857142857,46,20,5,1,46,2|3|5|1|2|4|2|4|9|3,network_wide,125
random-sparse,50,0.01,0.02,0.0,0.066,2,44,0.0,0.2857142857142857,45,20,4,1,45,2|3|5|1|2|4|2|4|9|4,network_wide,133
random-sparse,50,0.01,0.02,0.0,0.066,3,45,0.0,0.30612244897959184,44,27,4,1,44,1|3|2|2|1|2|4|2|4|9|5,network_wide,120
random-sparse,50,0.01,0.02,0.0,0.066,4,46,0.0,0.2857142857142857,49,27,4,1,49,3|5|1|2|1|2|2|4|1|9|5,network_wide,123
random-sparse,50,0.01,0.02,0.0,0.066,5,47,0.0,0.2653061224489796,48,20,5,1,48,3|5|1|2|4|2|4|9|5|1,network_wide,125
random-sparse,50,0.01,0.02,0.0,0.066,6,48,0.0,0.2653061224489796,47,20,4,1,47,3|2|2|1|2|4|2|4|1|9|5|2,network_wide,111
random-sparse,50,0.01,0.02,0.0,0.066,7,49,0.0,0.2857142857142857,46,20,4,1,46,1|2|2|1|2|4|2|4|9|5|3,network_wide,116
random-sparse,50,0.01,0.02,0.0,0.066,8,50,0.0,0.2857142857142857,45,20,4,1,45,1|2|2|1|2|4|2|4|9|5|4,network_wide,110
random-sparse,50,0.01,0.02,0.0,0.066,9,51,0.0,0.22448979591836735,44,20,5,1,44,5|1|2|4|2|4|1|9|5|5,network_wide,132
random-sparse,50,0.01,0.02,0.0,0.066,10,52,0.0,0.24489795918367346,43,20,6,1,43,4|1|2|4|2|4|9|5|6,network_wide,127
random-sparse,50,0.01,0.02,0.0,0.066,11,53,0.0,0.22448979591836735,42,20,5,1,42,3|1|2|4|2|4|1|9|5|7,network_wide,114
random-sparse,50,0.01,0.02,0.0,0.066,12,54,0.0,0.24489795918367346,41,20,5,1,41,3|1|2|4|2|4|9|5|8,network_wide,128
random-sparse,50,0.01,0.02,0.0,0.066,13,55,0.0,0.24489795918367346,40,20,5,1,40,1|1|2|4|2|4|9|5|9,network_wide,116
random-sparse,50,0.01,0.02,0.0,0.066,14,56,0.0,0.24489795918367346,39,20,5,1,39,1|1|2|4|2|4|9|5|10,network_wide,114
random-sparse,50,0.01,0.02,0.0,0.066,15,57,0.0,0.22448979591836735,38,20,15,1,38,1|2|4|2|4|9|5|11,network_wide,119
random-sparse,50,0.01,0.02,0.0,0.066,16,58,0.0,0.20408163265306123,37,20,15,1,37,1|2|4|2|4|1|9|5|12,network_wide,98
random-sparse,50,0.01,0.02,0.0,0.066,17,59,0.0,0.1836734693877551,36,20,15,0,36,2|4|2|4|1|9|5|13,network_wide,120
random-sparse,50,0.01,0.02,0.0,0.066,18,60,0.0,0.20408163265306123,35,20,15,1,35,2|4|2|4|9|5|14,network_wide,106
random-sparse,50,0.01,0.02,0.0,0.066,19,61,0.0,0.20408163265306123,34,20,15,1,34,1|4|2|4|9|5|15,network_wide,110
random-sparse,50,0.01,0.02,0.0,0.066,20,62,0.0,0.1836734693877551,33,20,15,0,33,4|2|4|9|5|16,network_wide,114
random-sparse,50,0.01,0.02,0.0,0.066,21,63,0.0,0.16326530612244897,32,20,15,0,32,4|2|4|1|9|5|17,network_wide,114
random-sparse,50,0.01,0.02,0.0,0.066,22,64,0.0,0.22448979591836735,49,20,1,1,49,3|2|4|9|5|16,network_wide,122
random-sparse,50,0.01,0.02,0.0,0.066,23,65,0.0,0.22448979591836735,48,20,3,1,48,2|2|4|9|5|16|1,network_wide,120
random-sparse,50,0.01,0.02,0.0,0.066,24,66,0.0,0.20408163265306123,47,20,3,1,47,1|2|4|9|5|17|2,network_wide,103
random-sparse,50,0.01,0.02,0.0,0.066,25,67,0.0,0.1836734693877551,46,20,1,0,46,2|4|1|9|5|16|3,network_wide,127
random-sparse,50,0.01,0.02,0.0,0.066,26,68,0.0,0.16326530612244897,45,20,1,0,45,1|4|1|9|5|17|4,network_wide,114
random-sparse,50,0.01,0.02,0.0,0.066,27,69,0.0,0.16326530612244897,44,20,1,0,44,1|4|1|9|5|17|5,network_wide,105
random-sparse,50,0.01,0.02,0.0,0.066,28,70,0.0,0.1836734693877551,49,20,1,0,49,4|9|5|17|5,network_wide,125
random-sparse,50,0.01,0.02,0.0,0.066,29,71,0.0,0.1836734693877551,49,20,3,0,49,3|1|9|5|17|5,network_wide,116
random-sparse,50,0.01,0.02,0.0,0.066,30,72,0.0,0.20408163265306123,48,20,1,1,48,2|9|5|17|5|1,network_wide,108
random-sparse,50,0.01,0.02,0.0,0.066,31,73,0.0,0.1836734693877551,47,20,3,0,47,2|1|9|5|17|5|2,network_wide,111
random-sparse,50,0.01,0.02,0.0,0.066,32,74,0.0,0.1836734693877551,46,20,1,0,46,9|5|17|6|3,network_wide,108
random-sparse,50,0.01,0.02,0.0,0.066,33,75,0.0,0.1836734693877551,45,20,1,0,45,1|9|5|16|5|4,network_wide,128
random-sparse,50,0.01,0.02,0.0,0.066,34,76,0.0,0.1836734693877551,44,20,1,0,44,9|5|16|5|5,network_wide,111
random-sparse,50,0.01,0.02,0.0,0.066,35,77,0.0,0.14285714285714285,43,20,1,0,43,9|5|17|5|6,network_wide,131
random-sparse,50,0.01,0.02,0.0,0.066,36,78,0.0,0.14285714285714285,42,20,1,0,42,8|5|17|5|7,network_wide,110
random-sparse,50,0.01,0.02,0.0,0.066,37,79,0.0,0.20408163265306123,49,20,1,1,49,8|5|15|5|7,network_wide,111
random-sparse,50,0.01,0.02,0.0,0.066,38,80,0.0,0.16326530612244897,48,20,4,0,48,6|5|17|5|7|1,network_wide,110
random-sparse,50,0.01,0.02,0.0,0.066,39,81,0.0,0.1836734693877551,47,20,1,0,47,5|5|16|5|7|2,network_wide,117
random-sparse,50,0.01,0.02,0.0,0.066,40,82,0.0,0.16326530612244897,46,20,3,0,46,4|5|17|5|7|3,network_wide,108
random-sparse,50,0.01,0.02,0.0,0.066,41,83,0.0,0.16326530612244897,45,20,1,0,45,4|5|17|5|7|4,network_wide,105
random-sparse,50,0.01,0.02,0.0,0.066,42,84,0.0,0.16326530612244897,44,20,3,0,44,2|5|17|5|7|5,network_wide,131
random-sparse,50,0.01,0.02,0.0,0.066,43,85,0.0,0.16326530612244897,43,20,1,0,43,1|5|17|5|7|6,network_wide,110
random-sparse,50,0.01,0.02,0.0,0.066,44,86,0.0,0.16326530612244897,42,20,3,0,42,1|5|17|5|7|7,network_wide,124
random-sparse,50,0.01,0.02,0.0,0.066,45,87,0.0,0.16326530612244897,41,20,1,0,41,5|15|1|5|7|8,network_wide,126
random-sparse,50,0.01,0.02,0.0,0.066,46,88,0.0,0.12244897959183673,40,8,4,0,40,5|17|5|7|9,network_wide,107
random-sparse,50,0.01,0.02,0.0,0.066,47,89,0.0,0.10204081632653061,39,8,3,0,39,5|17|5|7|10,network_wide,117
random-sparse,50,0.01,0.02,0.0,0.066,48,90,0.0,0.14285714285714285,49,10,1,0,49,4|16|5|7|10,network_wide,124
random-sparse,50,0.01,0.02,0.0,0.066,49,91,0.0,0.12244897959183673,48,10,1,0,48,3|17|5|7|10|1,network_wide,116
random-sparse,50,0.01,0.02,0.0,0.068,0,42,0.0,0.2653061224489796,47,20,4,1,47,3|4|2|2|1|2|4|2|4|1|9|2,network_wide,111
random-sparse,50,0.01,0.02,0.0,0.068,1,43,0.0,0.2857142857142857,46,20,5,1,46,2|3|5|1|2|4|2|4|9|3,network_wide,125
random-sparse,50,0.01,0.02,0.0,0.068,2,44,0.0,0.2857142857142857,45,20,4,1,45,2|3|5|1|2|4|2|4|9|4,network_wide,133
random-sparse,50,0.01,0.02,0.0,0.068,3,45,0.0,0.2857142857142857,44,26,4,1,44,1|3|5|1|2|4|2|4|9|5,network_wide,120
random-sparse,50,0.01,0.02,0.0,0.068,4,46,0.0,0.2653061224489796,49,27,4,1,49,3|5|1|2|4|2|4|1|9|5,network_wide,123
random-sparse,50,0.01,0.02,0.0,0.068,5,47,0.0,0.2653061224489796,48,20,5,1,48,3|5|1|2|4|2|4|9|5|1,network_wide,125
random-sparse,50,0.01,0.02,0.0,0.068,6,48,0.0,0.24489795918367346,47,20,4,1,47,3|5|1|2|4|2|4|1|9|5|2,network_wide,111
random-sparse,50,0.01,0.02,0.0,0.068,7,49,0.0,0.2857142857142857,46,20,4,1,46,1|2|2|1|2|4|2|4|9|5|3,network_wide,116
random-sparse,50,0.01,0.02,0.0,0.068,8,50,0.0,0.30612244897959184,45,20,5,1,45,1|2|2|1|2|1|2|2|4|9|5|4,network_wide,110
random-sparse,50,0.01,0.02,0.0,0.068,9,51,0.0,0.22448979591836735,44,20,5,1,44,5|1|2|4|2|4|1|9|5|5,network_wide,132
random-sparse,50,0.01,0.02,0.0,0.068,10,52,0.0,0.24489795918367346,43,20,6,1,43,4|1|2|4|2|4|9|5|6,network_wide,127
random-sparse,50,0.01,0.02,0.0,0.068,11,53,0.0,0.22448979591836735,42,20,5,1,42,3|1|2|4|2|4|1|9|5|7,network_wide,114
random-sparse,50,0.01,0.02,0.0,0.068,12,54,0.0,0.24489795918367346,41,20,5,1,41,3|1|2|4|2|4|9|5|8,network_wide,128
random-sparse,50,0.01,0.02,0.0,0.068,13,55,0.0,0.24489795918367346,40,20,5,1,40,1|1|2|4|2|4|9|5|9,network_wide,116
random-sparse,50,0.01,0.02,0.0,0.068,14,56,0.0,0.24489795918367346,39,20,5,1,39,1|1|2|4|2|4|9|5|10,network_wide,114
random-sparse,50,0.01,0.02,0.0,0.068,15,57,0.0,0.22448979591836735,38,20,15,1,38,1|2|4|2|4|9|5|11,network_wide,119
random-sparse,50,0.01,0.02,0.0,0.068,16,58,0.0,0.20408163265306123,37,20,15,1,37,1|2|4|2|4|1|9|5|12,network_wide,98
random-sparse,50,0.01,0.02,0.0,0.068,17,59,0.0,0.20408163265306123,36,20,16,1,36,2|4|2|4|9|5|13,network_wide,120
random-sparse,50,0.01,0.02,0.0,0.068,18,60,0.0,0.20408163265306123,35,20,16,1,35,2|4|2|4|9|5|14,network_wide,106
random-sparse,50,0.01,0.02,0.0,0.068,19,61,0.0,0.20408163265306123,34,20,15,1,34,1|4|2|4|9|5|15,network_wide,110
random-sparse,50,0.01,0.02,0.0,0.068,20,62,0.0,0.1836734693877551,33,20,16,0,33,4|2|4|9|5|16,network_wide,114
random-sparse,50,0.01,0.02,0.0,0.068,21,63,0.0,0.1836734693877551,32,20,15,0,32,4|2|4|9|5|17,network_wide,114
random-sparse,50,0.01,0.02,0.0,0.068,22,64,0.0,0.22448979591836735,49,20,1,1,49,3|2|4|9|5|16,network_wide,122
random-sparse,50,0.01,0.02,0.0,0.068,23,65,0.0,0.22448979591836735,48,20,3,1,48,2|2|4|9|5|16|1,network_wide,120
random-sparse,50,0.01,0.02,0.0,0.068,24,66,0.0,0.20408163265306123,47,20,3,1,47,1|2|4|9|5|17|2,network_wide,103
random-sparse,50,0.01,0.02,0.0,0.068,25,67,0.0,0.16326530612244897,46,20,1,0,46,2|4|1|9|5|17|3,network_wide,127
random-sparse,50,0.01,0.02,0.0,0.068,26,68,0.0,0.16326530612244897,45,20,1,0,45,1|4|1|9|5|17|4,network_wide,114
random-sparse,50,0.01,0.02,0.0,0.068,27,69,0.0,0.16326530612244897,44,20,1,0,44,1|4|1|9|5|17|5,network_wide,105
random-sparse,50,0.01,0.02,0.0,0.068,28,70,0.0,0.16326530612244897,49,20,1,0,49,4|1|9|5|17|5,network_wide,125
random-sparse,50,0.01,0.02,0.0,0.068,29,71,0.0,0.1836734693877551,49,20,3,0,49,3|1|9|5|17|5,network_wide,116
random-sparse,50,0.01,0.02,0.0,0.068,30,72,0.0,0.20408163265306123,48,20,1,1,48,2|9|5|17|5|1,network_wide,108
random-sparse,50,0.01,0.02,0.0,0.068,31,73,0.0,0.1836734693877551,47,20,3,0,47,2|1|9|5|17|5|2,network_wide,111
random-sparse,50,0.01,0.02,0.0,0.068,32,74,0.0,0.1836734693877551,46,20,1,0,46,9|5|17|6|3,network_wide,108
random-sparse,50,0.01,0.02,0.0,0.068,33,75,0.0,0.1836734693877551,45,20,1,0,45,1|9|5|16|5|4,network_wide,128
random-sparse,50,0.01,0.02,0.0,0.068,34,76,0.0,0.1836734693877551,44,20,1,0,44,9|5|16|5|5,network_wide,111
random-sparse,50,0.01,0.02,0.0,0.068,35,77,0.0,0.14285714285714285,43,20,1,0,43,9|5|17|5|6,network_wide,131
random-sparse,50,0.01,0.02,0.0,0.068,36,78,0.0,0.14285714285714285,42,20,1,0,42,8|5|17|5|7,network_wide,110
random-sparse,50,0.01,0.02,0.0,0.068,37,79,0.0,0.16326530612244897,49,20,1,0,49,8|5|17|5|7,network_wide,111
random-sparse,50,0.01,0.02,0.0,0.068,38,80,0.0,0.14285714285714285,48,20,4,0,48,7|5|17|5|7|1,network_wide,110
random-sparse,50,0.01,0.02,0.0,0.068,39,81,0.0,0.16326530612244897,47,20,1,0,47,5|5|17|5|7|2,network_wide,117
random-sparse,50,0.01,0.02,0.0,0.068,40,82,0.0,0.16326530612244897,46,20,3,0,46,4|5|17|5|7|3,network_wide,108
random-sparse,50,0.01,0.02,0.0,0.068,41,83,0.0,0.16326530612244897,45,20,1,0,45,4|5|17|5|7|4,network_wide,105
random-sparse,50,0.01,0.02,0.0,0.068,42,84,0.0,0.16326530612244897,44,20,3,0,44,2|5|17|5|7|5,network_wide,131
random-sparse,50,0.01,0.02,0.0,0.068,43,85,0.0,0.16326530612244897,43,20,1,0,43,1|5|17|5|7|6,network_wide,110
random-sparse,50,0.01,0.02,0.0,0.068,44,86,0.0,0.16326530612244897,42,20,3,0,42,1|5|17|5|7|7,network_wide,124
random-sparse,50,0.01,0.02,0.0,0.068,45,87,0.0,0.16326530612244897,41,20,1,0,41,5|15|1|5|7|8,network_wide,126
random-sparse,50,0.01,0.02,0.0,0.068,46,88,0.0,0.12244897959183673,40,8,4,0,40,5|17|5|7|9,network_wide,107
random-sparse,50,0.01,0.02,0.0,0.068,47,89,0.0,0.10204081632653061,39,8,3,0,39,5|17|5|7|10,network_wide,117
random-sparse,50,0.01,0.02,0.0,0.068,48,90,0.0,0.12244897959183673,49,10,1,0,49,4|17|5|7|10,network_wide,124
random-sparse,50,0.01,0.02,0.0,0.068,49,91,0.0,0.12244897959183673,48,8,1,0,48,3|17|5|7|10|1,network_wide,116
random-sparse,50,0.01,0.02,0.0,0.07,0,42,0.0,0.2857142857142857,47,20,4,1,47,3|4|2|2|1|2|4|2|4|9|2,network_wide,111
random-sparse,50,0.01,0.02,0.0,0.07,1,43,0.0,0.2857142857142857,46,20,5,1,46,2|3|5|1|2|4|2|4|9|3,network_wide,125
random-sparse,50,0.01,0.02,0.0,0.07,2,44,0.0,0.2857142857142857,45,20,4,1,45,2|3|5|1|2|4|2|4|9|4,network_wide,133
random-sparse,50,0.01,0.02,0.0,0.07,3,45,0.0,0.2857142857142857,44,20,4,1,44,1|3|5|1|2|4|2|4|9|5,network_wide,120
random-sparse,50,0.01,0.02,0.0,0.07,4,46,0.0,0.2653061224489796,49,26,4,1,49,3|5|1|2|4|2|4|1|9|5,network_wide,123
random-sparse,50,0.01,0.02,0.0,0.07,5,47,0.0,0.2653061224489796,48,20,5,1,48,3|5|1|2|4|2|4|9|5|1,network_wide,125
random-sparse,50,0.01,0.02,0.0,0.07,6,48,0.0,0.24489795918367346,47,19,4,1,47,3|5|1|2|4|2|4|1|9|5|2,network_wide,111
random-sparse,50,0.01,0.02,0.0,0.07,7,49,0.0,0.2857142857142857,46,20,5,1,46,1|2|2|1|2|4|2|4|9|5|3,network_wide,116
random-sparse,50,0.01,0.02,0.0,0.07,8,50,0.0,0.2653061224489796,45,20,5,1,45,1|5|1|2|4|2|4|9|5|4,network_wide,110
random-sparse,50,0.01,0.02,0.0,0.07,9,51,0.0,0.22448979591836735,44,19,5,1,44,5|1|2|4|2|4|1|9|5|5,network_wide,132
random-sparse,50,0.01,0.02,0.0,0.07,10,52,0.0,0.24489795918367346,43,20,6,1,43,4|1|2|4|2|4|9|5|6,network_wide,127
random-sparse,50,0.01,0.02,0.0,0.07,11,53,0.0,0.22448979591836735,42,20,5,1,42,3|1|2|4|2|4|1|9|5|7,network_wide,114
random-sparse,50,0.01,0.02,0.0,0.07,12,54,0.0,0.24489795918367346,41,20,5,1,41,3|1|2|4|2|4|9|5|8,network_wide,128
random-sparse,50,0.01,0.02,0.0,0.07,13,55,0.0,0.24489795918367346,40,20,5,1,40,1|1|2|4|2|4|9|5|9,network_wide,116
random-sparse,50,0.01,0.02,0.0,0.07,14,56,0.0,0.22448979591836735,39,20,5,1,39,1|1|2|4|2|4|10|5|10,network_wide,114
random-sparse,50,0.01,0.02,0.0,0.07,15,57,0.0,0.22448979591836735,38,20,15,1,38,1|2|4|2|4|9|5|11,network_wide,119
random-sparse,50,0.01,0.02,0.0,0.07,16,58,0.0,0.20408163265306123,37,20,15,1,37,1|2|4|2|4|1|9|5|12,network_wide,98
random-sparse,50,0.01,0.02,0.0,0.07,17,59,0.0,0.1836734693877551,36,20,16,0,36,2|4|2|5|9|5|13,network_wide,120
random-sparse,50,0.01,0.02,0.0,0.07,18,60,0.0,0.1836734693877551,35,20,16,0,35,2|4|2|4|1|9|5|14,network_wide,106
random-sparse,50,0.01,0.02,0.0,0.07,19,61,0.0,0.20408163265306123,34,20,15,1,34,1|4|2|4|9|5|15,network_wide,110
random-sparse,50,0.01,0.02,0.0,0.07,20,62,0.0,0.16326530612244897,33,20,16,0,33,4|2|4|1|9|5|16,network_wide,114
random-sparse,50,0.01,0.02,0.0,0.07,21,63,0.0,0.16326530612244897,32,20,15,0,32,4|2|5|9|5|17,network_wide,114
random-sparse,50,0.01,0.02,0.0,0.07,22,64,0.0,0.20408163265306123,49,20,1,1,49,3|2|4|1|9|5|16,network_wide,122
random-sparse,50,0.01,0.02,0.0,0.07,23,65,0.0,0.20408163265306123,48,20,3,1,48,2|2|5|9|5|16|1,network_wide,120
random-sparse,50,0.01,0.02,0.0,0.07,24,66,0.0,0.1836734693877551,47,20,3,0,47,1|2|4|1|9|5|17|2,network_wide,103
random-sparse,50,0.01,0.02,0.0,0.07,25,67,0.0,0.16326530612244897,46,20,1,0,46,2|4|1|9|5|17|3,network_wide,127
random-sparse,50,0.01,0.02,0.0,0.07,26,68,0.0,0.14285714285714285,45,20,1,0,45,1|4|1|10|5|17|4,network_wide,114
random-sparse,50,0.01,0.02,0.0,0.07,27,69,0.0,0.16326530612244897,44,20,1,0,44,1|5|9|5|17|5,network_wide,105
random-sparse,50,0.01,0.02,0.0,0.07,28,70,0.0,0.16326530612244897,49,19,1,0,49,4|1|9|5|17|5,network_wide,125
random-sparse,50,0.01,0.02,0.0,0.07,29,71,0.0,0.1836734693877551,49,20,3,0,49,3|1|9|5|17|5,network_wide,116
random-sparse,50,0.01,0.02,0.0,0.07,30,72,0.0,0.20408163265306123,48,20,1,1,48,2|9|5|17|5|1,network_wide,108
random-sparse,50,0.01,0.02,0.0,0.07,31,73,0.0,0.1836734693877551,47,20,3,0,47,2|1|9|5|17|5|2,network_wide,111
random-sparse,50,0.01,0.02,0.0,0.07,32,74,0.0,0.1836734693877551,46,20,1,0,46,9|5|17|6|3,network_wide,108
random-sparse,50,0.01,0.02,0.0,0.07,33,75,0.0,0.16326530612244897,45,20,1,0,45,1|9|5|17|5|4,network_wide,128
random-sparse,50,0.01,0.02,0.0,0.07,34,76,0.0,0.1836734693877551,44,20,1,0,44,9|5|16|5|5,network_wide,111
random-sparse,50,0.01,0.02,0.0,0.07,35,77,0.0,0.14285714285714285,43,20,1,0,43,9|5|17|5|6,network_wide,131
random-sparse,50,0.01,0.02,0.0,0.07,36,78,0.0,0.14285714285714285,42,20,1,0,42,8|5|17|5|7,network_wide,110
random-sparse,50,0.01,0.02,0.0,0.07,37,79,0.0,0.16326530612244897,49,20,1,0,49,8|5|17|5|7,network_wide,111
random-sparse,50,0.01,0.02,0.0,0.07,38,80,0.0,0.14285714285714285,48,19,4,0,48,7|5|17|5|7|1,network_wide,110
random-sparse,50,0.01,0.02,0.0,0.07,39,81,0.0,0.16326530612244897,47,20,1,0,47,5|5|17|5|7|2,network_wide,117
random-sparse,50,0.01,0.02,0.0,0.07,40,82,0.0,0.16326530612244897,46,20,3,0,46,4|5|17|5|7|3,network_wide,108
random-sparse,50,0.01,0.02,0.0,0.07,41,83,0.0,0.16326530612244897,45,20,1,0,45,4|5|17|5|7|4,network_wide,105
random-sparse,50,0.01,0.02,0.0,0.07,42,84,0.0,0.16326530612244897,44,20,3,0,44,2|5|17|5|7|5,network_wide,131
random-sparse,50,0.01,0.02,0.0,0.07,43,85,0.0,0.16326530612244897,43,20,1,0,43,1|5|17|5|7|6,network_wide,110
random-sparse,50,0.01,0.02,0.0,0.07,44,86,0.0,0.16326530612244897,42,19,3,0,42,1|5|17|5|7|7,network_wide,124
random-sparse,50,0.01,0.02,0.0,0.07,45,87,0.0,0.14285714285714285,41,20,1,0,41,5|17|5|7|8,network_wide,126
random-sparse,50,0.01,0.02,0.0,0.07,46,88,0.0,0.12244897959183673,40,8,4,0,40,5|17|5|7|9,network_wide,107
random-sparse,50,0.01,0.02,0.0,0.07,47,89,0.0,0.10204081632653061,39,8,3,0,39,5|17|5|7|10,network_wide,117
random-sparse,50,0.01,0.02,0.0,0.07,48,90,0.0,0.12244897959183673,49,8,1,0,49,4|17|5|7|10,network_wide,124
random-sparse,50,0.01,0.02,0.0,0.07,49,91,0.0,0.12244897959183673,48,8,1,0,48,3|17|5|7|10|1,network_wide,116
random-sparse,50,0.01,0.02,0.0,0.072,0,42,0.0,0.2653061224489796,47,19,4,1,47,3|4|5|1|2|4|2|4|9|2,network_wide,111
random-sparse,50,0.01,0.02,0.0,0.072,1,43,0.0,0.2857142857142857,46,20,5,1,46,2|3|5|1|2|4|2|4|9|3,network_wide,125
random-sparse,50,0.01,0.02,0.0,0.072,2,44,0.0,0.2857142857142857,45,19,4,1,45,2|3|5|1|2|4|2|4|9|4,network_wide,133
random-sparse,50,0.01,0.02,0.0,0.072,3,45,0.0,0.2857142857142857,44,19,4,1,44,1|3|5|1|2|4|2|4|9|5,network_wide,120
random-sparse,50,0.01,0.02,0.0,0.072,4,46,0.0,0.2653061224489796,49,19,4,1,49,3|5|1|2|4|2|4|1|9|5,network_wide,123
random-sparse,50,0.01,0.02,0.0,0.072,5,47,0.0,0.2653061224489796,48,19,5,1,48,3|5|1|2|4|2|4|9|5|1,network_wide,125
random-sparse,50,0.01,0.02,0.0,0.072,6,48,0.0,0.2653061224489796,47,19,4,1,47,3|5|1|2|4|2|4|9|5|2,network_wide,111
random-sparse,50,0.01,0.02,0.0,0.072,7,49,0.0,0.2653061224489796,46,19,5,1,46,1|5|1|2|4|2|4|9|5|3,network_wide,116
random-sparse,50,0.01,0.02,0.0,0.072,8,50,0.0,0.2653061224489796,45,20,5,1,45,1|5|1|2|4|2|4|9|5|4,network_wide,110
random-sparse,50,0.01,0.02,0.0,0.072,9,51,0.0,0.22448979591836735,44,19,5,1,44,5|1|2|4|2|4|1|9|5|5,network_wide,132
random-sparse,50,0.01,0.02,0.0,0.072,10,52,0.0,0.24489795918367346,43,20,6,1,43,4|1|2|4|2|4|9|5|6,network_wide,127
random-sparse,50,0.01,0.02,0.0,0.072,11,53,0.0,0.22448979591836735,42,19,5,1,42,3|1|2|4|2|4|1|9|5|7,network_wide,114
random-sparse,50,0.01,0.02,0.0,0.072,12,54,0.0,0.22448979591836735,41,19,5,1,41,3|1|2|4|2|4|10|5|8,network_wide,128
random-sparse,50,0.01,0.02,0.0,0.072,13,55,0.0,0.2653061224489796,40,19,5,1,40,1|1|2|4|2|4|1|7|5|9,network_wide,116
random-sparse,50,0.01,0.02,0.0,0.072,14,56,0.0,0.22448979591836735,39,20,5,1,39,1|1|2|4|2|4|10|5|10,network_wide,114
random-sparse,50,0.01,0.02,0.0,0.072,15,57,0.0,0.22448979591836735,38,19,15,1,38,1|2|4|2|4|9|5|11,network_wide,119
random-sparse,50,0.01,0.02,0.0,0.072,16,58,0.0,0.20408163265306123,37,19,15,1,37,1|2|4|2|4|1|9|5|12,network_wide,98
random-sparse,50,0.01,0.02,0.0,0.072,17,59,0.0,0.20408163265306123,36,19,16,1,36,2|4|2|4|9|5|13,network_wide,120
random-sparse,50,0.01,0.02,0.0,0.072,18,60,0.0,0.16326530612244897,35,19,16,0,35,2|4|2|4|1|10|5|14,network_wide,106
random-sparse,50,0.01,0.02,0.0,0.072,19,61,0.0,0.20408163265306123,34,19,15,1,34,1|4|2|4|9|5|15,network_wide,110
random-sparse,50,0.01,0.02,0.0,0.072,20,62,0.0,0.16326530612244897,33,19,16,0,33,4|2|4|1|9|5|16,network_wide,114
random-sparse,50,0.01,0.02,0.0,0.072,21,63,0.0,0.1836734693877551,32,19,15,0,32,4|2|4|9|5|17,network_wide,114
random-sparse,50,0.01,0.02,0.0,0.072,22,64,0.0,0.20408163265306123,49,19,1,1,49,3|2|4|1|1|7|5|17,network_wide,122
random-sparse,50,0.01,0.02,0.0,0.072,23,65,0.0,0.22448979591836735,48,19,3,1,48,2|2|4|9|5|16|1,network_wide,120
random-sparse,50,0.01,0.02,0.0,0.072,24,66,0.0,0.16326530612244897,47,20,3,0,47,1|2|4|1|10|5|17|2,network_wide,103
random-sparse,50,0.01,0.02,0.0,0.072,25,67,0.0,0.16326530612244897,46,19,1,0,46,2|4|1|9|5|17|3,network_wide,127
random-sparse,50,0.01,0.02,0.0,0.072,26,68,0.0,0.14285714285714285,45,20,1,0,45,1|4|1|10|5|17|4,network_wide,114
random-sparse,50,0.01,0.02,0.0,0.072,27,69,0.0,0.16326530612244897,44,19,1,0,44,1|4|1|9|5|17|5,network_wide,105
random-sparse,50,0.01,0.02,0.0,0.072,28,70,0.0,0.1836734693877551,49,19,1,0,49,4|9|5|17|5,network_wide,125
random-sparse,50,0.01,0.02,0.0,0.072,29,71,0.0,0.1836734693877551,49,19,3,0,49,3|1|9|5|17|5,network_wide,116
random-sparse,50,0.01,0.02,0.0,0.072,30,72,0.0,0.20408163265306123,48,19,1,1,48,2|9|5|17|5|1,network_wide,108
random-sparse,50,0.01,0.02,0.0,0.072,31,73,0.0,0.16326530612244897,47,19,3,0,47,2|1|10|5|17|5|2,network_wide,111
random-sparse,50,0.01,0.02,0.0,0.072,32,74,0.0,0.1836734693877551,46,19,1,0,46,9|5|17|6|3,network_wide,108
random-sparse,50,0.01,0.02,0.0,0.072,33,75,0.0,0.1836734693877551,45,19,1,0,45,1|1|7|5|17|5|4,network_wide,128
random-sparse,50,0.01,0.02,0.0,0.072,34,76,0.0,0.14285714285714285,44,19,1,0,44,10|5|17|5|5,network_wide,111
random-sparse,50,0.01,0.02,0.0,0.072,35,77,0.0,0.14285714285714285,43,19,1,0,43,9|5|17|5|6,network_wide,131
random-sparse,50,0.01,0.02,0.0,0.072,36,78,0.0,0.16326530612244897,42,20,1,0,42,7|5|17|5|7,network_wide,110
random-sparse,50,0.01,0.02,0.0,0.072,37,79,0.0,0.16326530612244897,49,19,1,0,49,8|5|17|5|7,network_wide,111
random-sparse,50,0.01,0.02,0.0,0.072,38,80,0.0,0.14285714285714285,48,19,4,0,48,7|5|17|5|7|1,network_wide,110
random-sparse,50,0.01,0.02,0.0,0.072,39,81,0.0,0.14285714285714285,47,19,1,0,47,6|5|17|5|7|2,network_wide,117
random-sparse,50,0.01,0.02,0.0,0.072,40,82,0.0,0.16326530612244897,46,19,3,0,46,4|5|17|5|7|3,network_wide,108
random-sparse,50,0.01,0.02,0.0,0.072,41,83,0.0,0.16326530612244897,45,19,1,0,45,4|5|17|5|7|4,network_wide,105
random-sparse,50,0.01,0.02,0.0,0.072,42,84,0.0,0.16326530612244897,44,19,3,0,44,2|5|17|5|7|5,network_wide,131
random-sparse,50,0.01,0.02,0.0,0.072,43,85,0.0,0.16326530612244897,43,19,1,0,43,1|5|17|5|7|6,network_wide,110
random-sparse,50,0.01,0.02,0.0,0.072,44,86,0.0,0.16326530612244897,42,19,3,0,42,1|5|17|5|7|7,network_wide,124
random-sparse,50,0.01,0.02,0.0,0.072,45,87,0.0,0.14285714285714285,41,19,1,0,41,1|5|17|5|7|8,network_wide,126
random-sparse,50,0.01,0.02,0.0,0.072,46,88,0.0,0.12244897959183673,40,8,4,0,40,5|17|5|7|9,network_wide,107
random-sparse,50,0.01,0.02,0.0,0.072,47,89,0.0,0.10204081632653061,39,8,3,0,39,5|17|5|7|10,network_wide,117
random-sparse,50,0.01,0.02,0.0,0.072,48,90,0.0,0.12244897959183673,49,8,1,0,49,4|17|5|7|10,network_wide,124
random-sparse,50,0.01,0.02,0.0,0.072,49,91,0.0,0.12244897959183673,48,8,1,0,48,3|17|5|7|10|1,network_wide,116
random-sparse,50,0.01,0.02,0.0,0.074,0,42,0.0,0.2653061224489796,47,10,4,1,47,3|4|5|1|2|4|2|4|9|2,network_wide,111
random-sparse,50,0.01,0.02,0.0,0.074,1,43,0.0,0.2857142857142857,46,19,5,1,46,2|3|5|1|2|4|2|4|9|3,network_wide,125
random-sparse,50,0.01,0.02,0.0,0.074,2,44,0.0,0.2857142857142857,45,10,4,1,45,2|3|5|1|2|4|2|4|9|4,network_wide,133
random-sparse,50,0.01,0.02,0.0,0.074,3,45,0.0,0.2857142857142857,44,19,4,1,44,1|3|5|1|2|4|2|4|9|5,network_wide,120
random-sparse,50,0.01,0.02,0.0,0.074,4,46,0.0,0.2653061224489796,49,19,4,1,49,3|5|1|2|4|2|4|1|1|8|5,network_wide,123
random-sparse,50,0.01,0.02,0.0,0.074,5,47,0.0,0.2857142857142857,48,10,5,1,48,3|5|1|2|4|2|4|1|7|5|1,network_wide,125
random-sparse,50,0.01,0.02,0.0,0.074,6,48,0.0,0.2653061224489796,47,10,4,1,47,3|5|1|2|4|2|4|9|5|2,network_wide,111
random-sparse,50,0.01,0.02,0.0,0.074,7,49,0.0,0.2653061224489796,46,19,5,1,46,1|5|1|2|4|2|4|9|5|3,network_wide,116
random-sparse,50,0.01,0.02,0.0,0.074,8,50,0.0,0.2653061224489796,45,19,5,1,45,1|5|1|2|4|2|4|9|5|4,network_wide,110
random-sparse,50,0.01,0.02,0.0,0.074,9,51,0.0,0.2653061224489796,44,19,5,1,44,5|1|2|4|2|4|1|7|5|5,network_wide,132
random-sparse,50,0.01,0.02,0.0,0.074,10,52,0.0,0.24489795918367346,43,19,6,1,43,4|1|2|4|2|4|9|5|6,network_wide,127
random-sparse,50,0.01,0.02,0.0,0.074,11,53,0.0,0.22448979591836735,42,19,5,1,42,3|1|2|4|2|4|1|9|5|7,network_wide,114
random-sparse,50,0.01,0.02,0.0,0.074,12,54,0.0,0.24489795918367346,41,10,6,1,41,3|1|2|4|2|4|1|8|5|8,network_wide,128
random-sparse,50,0.01,0.02,0.0,0.074,13,55,0.0,0.2653061224489796,40,19,5,1,40,1|1|2|4|2|4|1|7|5|9,network_wide,116
random-sparse,50,0.01,0.02,0.0,0.074,14,56,0.0,0.24489795918367346,39,19,5,1,39,1|1|2|4|2|4|1|8|5|10,network_wide,114
random-sparse,50,0.01,0.02,0.0,0.074,15,57,0.0,0.20408163265306123,38,19,16,1,38,1|2|4|2|4|1|9|5|11,network_wide,119
random-sparse,50,0.01,0.02,0.0,0.074,16,58,0.0,0.22448979591836735,37,19,16,1,37,1|2|4|2|4|1|8|5|12,network_wide,98
random-sparse,50,0.01,0.02,0.0,0.074,17,59,0.0,0.20408163265306123,36,19,16,1,36,2|4|2|4|1|8|5|13,network_wide,120
random-sparse,50,0.01,0.02,0.0,0.074,18,60,0.0,0.16326530612244897,35,19,16,0,35,2|4|2|4|1|10|5|14,network_wide,106
random-sparse,50,0.01,0.02,0.0,0.074,19,61,0.0,0.1836734693877551,34,19,16,0,34,1|4|2|4|10|5|15,network_wide,110
random-sparse,50,0.01,0.02,0.0,0.074,20,62,0.0,0.14285714285714285,33,10,16,0,33,4|2|4|1|10|5|16,network_wide,114
random-sparse,50,0.01,0.02,0.0,0.074,21,63,0.0,0.1836734693877551,32,10,16,0,32,4|2|4|9|5|17,network_wide,114
random-sparse,50,0.01,0.02,0.0,0.074,22,64,0.0,0.22448979591836735,49,10,1,1,49,3|2|4|1|7|5|17,network_wide,122
random-sparse,50,0.01,0.02,0.0,0.074,23,65,0.0,0.20408163265306123,48,19,3,1,48,2|2|4|10|5|16|1,network_wide,120
random-sparse,50,0.01,0.02,0.0,0.074,24,66,0.0,0.16326530612244897,47,19,3,0,47,1|2|4|1|10|5|17|2,network_wide,103
random-sparse,50,0.01,0.02,0.0,0.074,25,67,0.0,0.1836734693877551,46,19,1,0,46,2|4|1|1|7|5|17|3,network_wide,127
random-sparse,50,0.01,0.02,0.0,0.074,26,68,0.0,0.14285714285714285,45,10,1,0,45,1|4|1|10|5|17|4,network_wide,114
random-sparse,50,0.01,0.02,0.0,0.074,27,69,0.0,0.1836734693877551,44,19,1,0,44,1|4|9|5|17|5,network_wide,105
random-sparse,50,0.01,0.02,0.0,0.074,28,70,0.0,0.16326530612244897,49,19,1,0,49,4|1|1|8|5|17|5,network_wide,125
random-sparse,50,0.01,0.02,0.0,0.074,29,71,0.0,0.16326530612244897,49,19,3,0,49,3|1|10|5|17|5,network_wide,116
random-sparse,50,0.01,0.02,0.0,0.074,30,72,0.0,0.1836734693877551,48,10,1,0,48,2|10|5|17|5|1,network_wide,108
random-sparse,50,0.01,0.02,0.0,0.074,31,73,0.0,0.1836734693877551,47,19,3,0,47,2|1|1|8|5|17|5|2,network_wide,111
random-sparse,50,0.01,0.02,0.0,0.074,32,74,0.0,0.16326530612244897,46,10,1,0,46,10|5|17|6|3,network_wide,108
random-sparse,50,0.01,0.02,0.0,0.074,33,75,0.0,0.1836734693877551,45,19,1,0,45,1|1|7|5|17|5|4,network_wide,128
random-sparse,50,0.01,0.02,0.0,0.074,34,76,0.0,0.14285714285714285,44,19,1,0,44,10|5|17|5|5,network_wide,111
random-sparse,50,0.01,0.02,0.0,0.074,35,77,0.0,0.12244897959183673,43,19,1,0,43,10|5|17|5|6,network_wide,131
random-sparse,50,0.01,0.02,0.0,0.074,36,78,0.0,0.14285714285714285,42,19,1,0,42,8|5|17|5|7,network_wide,110
random-sparse,50,0.01,0.02,0.0,0.074,37,79,0.0,0.16326530612244897,49,19,1,0,49,8|5|17|5|7,network_wide,111
random-sparse,50,0.01,0.02,0.0,0.074,38,80,0.0,0.14285714285714285,48,19,4,0,48,7|5|17|5|7|1,network_wide,110
random-sparse,50,0.01,0.02,0.0,0.074,39,81,0.0,0.14285714285714285,47,19,1,0,47,6|5|17|5|7|2,network_wide,117
random-sparse,50,0.01,0.02,0.0,0.074,40,82,0.0,0.16326530612244897,46,19,3,0,46,4|5|17|5|7|3,network_wide,108
random-sparse,50,0.01,0.02,0.0,0.074,41,83,0.0,0.16326530612244897,45,19,1,0,45,4|5|17|5|7|4,network_wide,105
random-sparse,50,0.01,0.02,0.0,0.074,42,84,0.0,0.16326530612244897,44,19,3,0,44,2|5|17|5|7|5,network_wide,131
random-sparse,50,0.01,0.02,0.0,0.074,43,85,0.0,0.16326530612244897,43,19,1,0,43,1|5|17|5|7|6,network_wide,110
random-sparse,50,0.01,0.02,0.0,0.074,44,86,0.0,0.16326530612244897,42,19,3,0,42,1|5|17|5|7|7,network_wide,124
random-sparse,50,0.01,0.02,0.0,0.074,45,87,0.0,0.14285714285714285,41,19,1,0,41,1|5|17|5|7|8,network_wide,126
random-sparse,50,0.01,0.02,0.0,0.074,46,88,0.0,0.12244897959183673,40,8,4,0,40,5|17|5|7|9,network_wide,107
random-sparse,50,0.01,0.02,0.0,0.074,47,89,0.0,0.10204081632653061,39,8,3,0,39,5|17|5|7|10,network_wide,117
random-sparse,50,0.01,0.02,0.0,0.074,48,90,0.0,0.12244897959183673,49,8,1,0,49,4|17|5|7|10,network_wide,124
random-sparse,50,0.01,0.02,0.0,0.074,49,91,0.0,0.12244897959183673,48,8,1,0,48,3|17|5|7|10|1,network_wide,116
random-sparse,50,0.01,0.02,0.0,0.076,0,42,0.0,0.24489795918367346,47,9,4,1,47,3|4|5|1|7|2|4|1|8|2,network_wide,111
random-sparse,50,0.01,0.02,0.0,0.076,1,43,0.0,0.2653061224489796,46,19,5,1,46,2|3|5|1|7|2|4|1|8|3,network_wide,125
random-sparse,50,0.01,0.02,0.0,0.076,2,44,0.0,0.2653061224489796,45,19,4,1,45,2|3|5|1|7|2|4|1|8|4,network_wide,133
random-sparse,50,0.01,0.02,0.0,0.076,3,45,0.0,0.24489795918367346,44,9,4,1,44,1|4|5|1|7|2|4|1|1|7|5,network_wide,120
random-sparse,50,0.01,0.02,0.0,0.076,4,46,0.0,0.24489795918367346,49,19,4,1,49,3|5|1|7|2|4|1|1|8|5,network_wide,123
random-sparse,50,0.01,0.02,0.0,0.076,5,47,0.0,0.24489795918367346,48,9,5,1,48,3|5|1|7|2|4|1|8|5|1,network_wide,125
random-sparse,50,0.01,0.02,0.0,0.076,6,48,0.0,0.24489795918367346,47,19,4,1,47,3|5|1|7|2|4|1|8|5|2,network_wide,111
random-sparse,50,0.01,0.02,0.0,0.076,7,49,0.0,0.24489795918367346,46,19,5,1,46,1|5|1|7|2|4|9|5|3,network_wide,116
random-sparse,50,0.01,0.02,0.0,0.076,8,50,0.0,0.24489795918367346,45,19,5,1,45,1|5|1|7|2|4|1|8|5|4,network_wide,110
random-sparse,50,0.01,0.02,0.0,0.076,9,51,0.0,0.24489795918367346,44,19,5,1,44,5|1|7|2|4|1|7|5|5,network_wide,132
random-sparse,50,0.01,0.02,0.0,0.076,10,52,0.0,0.22448979591836735,43,19,6,1,43,4|1|7|2|4|1|8|5|6,network_wide,127
random-sparse,50,0.01,0.02,0.0,0.076,11,53,0.0,0.22448979591836735,42,19,5,1,42,3|1|7|2|4|1|1|7|5|7,network_wide,114
random-sparse,50,0.01,0.02,0.0,0.076,12,54,0.0,0.22448979591836735,41,10,6,1,41,3|1|7|2|4|1|8|5|8,network_wide,128
random-sparse,50,0.01,0.02,0.0,0.076,13,55,0.0,0.24489795918367346,40,19,5,1,40,1|1|7|2|4|1|7|5|9,network_wide,116
random-sparse,50,0.01,0.02,0.0,0.076,14,56,0.0,0.22448979591836735,39,19,5,1,39,1|1|7|2|4|1|8|5|10,network_wide,114
random-sparse,50,0.01,0.02,0.0,0.076,15,57,0.0,0.20408163265306123,38,19,16,1,38,1|7|2|4|1|1|7|5|11,network_wide,119
random-sparse,50,0.01,0.02,0.0,0.076,16,58,0.0,0.1836734693877551,37,19,16,0,37,1|7|2|4|1|1|8|5|12,network_wide,98
random-sparse,50,0.01,0.02,0.0,0.076,17,59,0.0,0.20408163265306123,36,19,16,1,36,2|4|2|4|1|8|5|13,network_wide,120
random-sparse,50,0.01,0.02,0.0,0.076,18,60,0.0,0.16326530612244897,35,19,16,0,35,2|4|2|4|1|10|5|14,network_wide,106
random-sparse,50,0.01,0.02,0.0,0.076,19,61,0.0,0.1836734693877551,34,19,16,0,34,6|2|4|1|8|5|15,network_wide,110
random-sparse,50,0.01,0.02,0.0,0.076,20,62,0.0,0.16326530612244897,33,19,16,0,33,4|2|4|1|1|8|5|16,network_wide,114
random-sparse,50,0.01,0.02,0.0,0.076,21,63,0.0,0.16326530612244897,32,9,16,0,32,4|2|4|10|5|17,network_wide,114
random-sparse,50,0.01,0.02,0.0,0.076,22,64,0.0,0.22448979591836735,49,10,1,1,49,3|2|4|1|7|5|17,network_wide,122
random-sparse,50,0.01,0.02,0.0,0.076,23,65,0.0,0.1836734693877551,48,19,3,0,48,2|2|4|10|5|17|1,network_wide,120
random-sparse,50,0.01,0.02,0.0,0.076,24,66,0.0,0.16326530612244897,47,19,3,0,47,1|2|4|1|10|5|17|2,network_wide,103
random-sparse,50,0.01,0.02,0.0,0.076,25,67,0.0,0.1836734693877551,46,9,1,0,46,2|4|1|1|7|5|17|3,network_wide,127
random-sparse,50,0.01,0.02,0.0,0.076,26,68,0.0,0.16326530612244897,45,9,1,0,45,1|4|1|1|8|5|17|4,network_wide,114
random-sparse,50,0.01,0.02,0.0,0.076,27,69,0.0,0.1836734693877551,44,19,1,0,44,1|4|9|5|17|5,network_wide,105
random-sparse,50,0.01,0.02,0.0,0.076,28,70,0.0,0.16326530612244897,49,19,1,0,49,4|1|1|8|5|17|5,network_wide,125
random-sparse,50,0.01,0.02,0.0,0.076,29,71,0.0,0.1836734693877551,49,19,3,0,49,3|10|5|17|5,network_wide,116
random-sparse,50,0.01,0.02,0.0,0.076,30,72,0.0,0.20408163265306123,48,9,1,1,48,2|1|8|5|17|5|1,network_wide,108
random-sparse,50,0.01,0.02,0.0,0.076,31,73,0.0,0.1836734693877551,46,19,3,0,46,2|1|8|5|17|5|3,network_wide,111
random-sparse,50,0.01,0.02,0.0,0.076,32,74,0.0,0.16326530612244897,46,10,1,0,46,10|5|17|6|3,network_wide,108
random-sparse,50,0.01,0.02,0.0,0.076,33,75,0.0,0.16326530612244897,45,19,1,0,45,1|1|8|5|17|5|4,network_wide,128
random-sparse,50,0.01,0.02,0.0,0.076,34,76,0.0,0.16326530612244897,44,19,1,0,44,1|8|5|17|5|5,network_wide,111
random-sparse,50,0.01,0.02,0.0,0.076,35,77,0.0,0.10204081632653061,42,19,1,0,42,10|5|17|5|7,network_wide,131
random-sparse,50,0.01,0.02,0.0,0.076,36,78,0.0,0.14285714285714285,42,19,1,0,42,8|5|17|5|7,network_wide,110
random-sparse,50,0.01,0.02,0.0,0.076,37,79,0.0,0.12244897959183673,49,9,1,0,49,8|5|17|5|8,network_wide,111
random-sparse,50,0.01,0.02,0.0,0.076,38,80,0.0,0.12244897959183673,48,19,28,0,48,7|5|17|5|8|1,network_wide,110
random-sparse,50,0.01,0.02,0.0,0.076,39,81,0.0,0.14285714285714285,47,19,1,0,47,6|5|17|5|7|2,network_wide,117
random-sparse,50,0.01,0.02,0.0,0.076,40,82,0.0,0.14285714285714285,46,19,3,0,46,5|5|17|5|7|3,network_wide,108
random-sparse,50,0.01,0.02,0.0,0.076,41,83,0.0,0.14285714285714285,45,19,1,0,45,4|5|17|5|8|4,network_wide,105
random-sparse,50,0.01,0.02,0.0,0.076,42,84,0.0,0.16326530612244897,44,19,3,0,44,2|5|17|5|7|5,network_wide,131
random-sparse,50,0.01,0.02,0.0,0.076,43,85,0.0,0.16326530612244897,43,19,1,0,43,1|5|17|5|7|6,network_wide,110
random-sparse,50,0.01,0.02,0.0,0.076,44,86,0.0,0.14285714285714285,42,19,3,0,42,2|5|17|5|7|7,network_wide,124
random-sparse,50,0.01,0.02,0.0,0.076,45,87,0.0,0.12244897959183673,41,19,1,0,41,1|5|17|6|7|8,network_wide,126
random-sparse,50,0.01,0.02,0.0,0.076,46,88,0.0,0.12244897959183673,40,8,4,0,40,5|17|5|7|9,network_wide,107
random-sparse,50,0.01,0.02,0.0,0.076,47,89,0.0,0.08163265306122448,39,8,3,0,39,5|17|6|7|10,network_wide,117
random-sparse,50,0.01,0.02,0.0,0.076,48,90,0.0,0.12244897959183673,49,8,1,0,49,4|17|5|7|10,network_wide,124
random-sparse,50,0.01,0.02,0.0,0.076,49,91,0.0,0.08163265306122448,48,8,1,0,48,3|17|14|10|1,network_wide,116
random-sparse,50,0.01,0.03,0.0,0.06,0,42,0.0,0.3673469387755102,49,20,4,1,49,3|3|2|2|1|2|4|2|3|3|5|1,network_wide,111
random-sparse,50,0.01,0.03,0.0,0.06,1,43,0.0,0.30612244897959184,48,20,4,1,48,2|4|5|1|2|4|2|4|3|5|1|1,network_wide,125
random-sparse,50,0.01,0.03,0.0,0.06,2,44,0.0,0.32653061224489793,49,11,4,1,49,2|4|5|1|2|4|2|4|3|5|1|1,network_wide,133
random-sparse,50,0.01,0.03,0.0,0.06,3,45,0.0,0.3469387755102041,48,10,4,1,48,1|3|5|1|2|4|2|3|3|5|3|1,network_wide,120
random-sparse,50,0.01,0.03,0.0,0.06,4,46,0.0,0.3673469387755102,49,27,4,1,49,3|5|1|2|4|2|3|3|5|1|1|1,network_wide,123
random-sparse,50,0.01,0.03,0.0,0.06,5,47,0.0,0.32653061224489793,48,20,4,1,48,3|5|1|2|4|2|3|3|5|3|1|1,network_wide,125
random-sparse,50,0.01,0.03,0.0,0.06,6,48,0.0,0.32653061224489793,47,20,4,1,47,3|5|1|2|4|2|3|3|5|3|1|2,network_wide,111
random-sparse,50,0.01,0.03,0.0,0.06,7,49,0.0,0.3469387755102041,46,20,4,1,46,1|2|2|1|2|4|2|4|3|5|1|1|1|3,network_wide,116
random-sparse,50,0.01,0.03,0.0,0.06,8,50,0.0,0.3469387755102041,45,20,4,1,45,1|2|2|1|2|4|2|3|3|5|3|1|4,network_wide,110
random-sparse,50,0.01,0.03,0.0,0.06,9,51,0.0,0.2857142857142857,44,20,5,1,44,5|1|2|4|2|4|3|5|3|1|5,network_wide,132
random-sparse,50,0.01,0.03,0.0,0.06,10,52,0.0,0.30612244897959184,43,20,5,1,43,4|1|2|4|2|4|3|5|1|1|1|6,network_wide,127
random-sparse,50,0.01,0.03,0.0,0.06,11,53,0.0,0.32653061224489793,42,20,4,1,42,3|1|2|4|2|3|3|5|1|1|1|7,network_wide,114
random-sparse,50,0.01,0.03,0.0,0.06,12,54,0.0,0.32653061224489793,46,20,5,1,46,2|1|2|4|2|4|3|5|1|1|1|4|3,network_wide,128
random-sparse,50,0.01,0.03,0.0,0.06,13,55,0.0,0.2857142857142857,40,20,5,1,40,1|1|2|4|2|4|3|5|3|1|9,network_wide,116
random-sparse,50,0.01,0.03,0.0,0.06,14,56,0.0,0.30612244897959184,39,20,4,1,39,1|2|4|2|3|3|5|3|1|10,network_wide,114
random-sparse,50,0.01,0.03,0.0,0.06,15,57,0.0,0.2857142857142857,38,20,15,1,38,1|2|4|2|3|3|5|3|1|11,network_wide,119
random-sparse,50,0.01,0.03,0.0,0.06,16,58,0.0,0.2857142857142857,37,20,15,1,37,1|2|4|2|4|3|5|1|1|1|12,network_wide,98
random-sparse,50,0.01,0.03,0.0,0.06,17,59,0.0,0.24489795918367346,36,20,15,1,36,2|4|2|3|9|3|1|13,network_wide,120
random-sparse,50,0.01,0.03,0.0,0.06,18,60,0.0,0.2857142857142857,35,10,15,1,35,2|4|2|3|3|5|1|1|1|14,network_wide,106
random-sparse,50,0.01,0.03,0.0,0.06,19,61,0.0,0.24489795918367346,34,20,15,1,34,1|4|2|4|3|5|3|1|15,network_wide,110
random-sparse,50,0.01,0.03,0.0,0.06,20,62,0.0,0.2653061224489796,33,20,15,1,33,4|2|3|3|5|1|1|1|16,network_wide,114
random-sparse,50,0.01,0.03,0.0,0.06,21,63,0.0,0.2857142857142857,49,20,15,1,49,4|2|3|3|5|1|1|1|16,network_wide,114
random-sparse,50,0.01,0.03,0.0,0.06,22,64,0.0,0.2857142857142857,49,20,1,1,49,3|2|3|3|5|3|1|16,network_wide,122
random-sparse,50,0.01,0.03,0.0,0.06,23,65,0.0,0.32653061224489793,48,10,3,1,48,2|2|3|3|5|1|1|1|15|1,network_wide,120
random-sparse,50,0.01,0.03,0.0,0.06,24,66,0.0,0.30612244897959184,47,20,3,1,47,1|2|3|3|5|1|1|1|16|2,network_wide,103
random-sparse,50,0.01,0.03,0.0,0.06,25,67,0.0,0.30612244897959184,46,10,1,1,46,2|3|3|5|1|1|1|15|3,network_wide,127
random-sparse,50,0.01,0.03,0.0,0.06,26,68,0.0,0.2653061224489796,45,10,1,1,45,1|4|3|5|3|1|15|4,network_wide,114
random-sparse,50,0.01,0.03,0.0,0.06,27,69,0.0,0.2857142857142857,44,20,1,1,44,1|3|3|5|3|1|4|11|5,network_wide,105
random-sparse,50,0.01,0.03,0.0,0.06,28,70,0.0,0.2857142857142857,49,20,1,1,49,3|3|5|1|1|1|16|5,network_wide,125
random-sparse,50,0.01,0.03,0.0,0.06,29,71,0.0,0.2857142857142857,49,20,3,1,49,3|3|5|3|1|15|5,network_wide,116
random-sparse,50,0.01,0.03,0.0,0.06,30,72,0.0,0.2857142857142857,48,20,1,1,48,2|3|5|1|1|1|16|5|1,network_wide,108
random-sparse,50,0.01,0.03,0.0,0.06,31,73,0.0,0.2857142857142857,47,20,3,1,47,2|3|5|3|1|4|11|5|2,network_wide,111
random-sparse,50,0.01,0.03,0.0,0.06,32,74,0.0,0.2653061224489796,46,20,1,1,46,3|5|3|1|16|5|3,network_wide,108
random-sparse,50,0.01,0.03,0.0,0.06,33,75,0.0,0.24489795918367346,45,20,1,1,45,3|5|3|1|16|5|4,network_wide,128
random-sparse,50,0.01,0.03,0.0,0.06,34,76,0.0,0.22448979591836735,44,20,1,1,44,3|5|3|1|16|5|5,network_wide,111
random-sparse,50,0.01,0.03,0.0,0.06,35,77,0.0,0.22448979591836735,43,20,1,1,43,3|5|1|1|1|16|5|6,network_wide,131
random-sparse,50,0.01,0.03,0.0,0.06,36,78,0.0,0.20408163265306123,42,20,1,1,42,2|5|3|1|16|5|7,network_wide,110
random-sparse,50,0.01,0.03,0.0,0.06,37,79,0.0,0.24489795918367346,49,11,1,1,49,2|5|3|1|15|5|7,network_wide,111
random-sparse,50,0.01,0.03,0.0,0.06,38,80,0.0,0.22448979591836735,48,20,4,1,48,5|3|1|16|5|7|1,network_wide,110
random-sparse,50,0.01,0.03,0.0,0.06,39,81,0.0,0.20408163265306123,47,10,1,1,47,5|3|1|16|5|7|2,network_wide,117
random-sparse,50,0.01,0.03,0.0,0.06,40,82,0.0,0.22448979591836735,46,20,3,1,46,4|1|1|1|16|5|7|3,network_wide,108
random-sparse,50,0.01,0.03,0.0,0.06,41,83,0.0,0.20408163265306123,45,20,1,1,45,4|3|1|16|5|7|4,network_wide,105
random-sparse,50,0.01,0.03,0.0,0.06,42,84,0.0,0.22448979591836735,44,20,3,1,44,2|1|1|1|16|5|7|5,network_wide,131
random-sparse,50,0.01,0.03,0.0,0.06,43,85,0.0,0.20408163265306123,43,20,1,1,43,1|3|1|16|5|7|6,network_wide,110
random-sparse,50,0.01,0.03,0.0,0.06,44,86,0.0,0.20408163265306123,42,20,3,1,42,1|3|1|16|5|7|7,network_wide,124
random-sparse,50,0.01,0.03,0.0,0.06,45,87,0.0,0.22448979591836735,41,20,1,1,41,1|1|1|15|5|7|8,network_wide,126
random-sparse,50,0.01,0.03,0.0,0.06,46,88,0.0,0.20408163265306123,48,14,4,1,48,1|1|1|16|5|7|7|1,network_wide,107
random-sparse,50,0.01,0.03,0.0,0.06,47,89,0.0,0.16326530612244897,39,10,3,0,39,1|1|1|16|5|7|10,network_wide,117
random-sparse,50,0.01,0.03,0.0,0.06,48,90,0.0,0.16326530612244897,49,10,1,0,49,2|1|16|5|7|10,network_wide,124
random-sparse,50,0.01,0.03,0.0,0.06,49,91,0.0,0.1836734693877551,48,10,1,0,48,1|1|16|5|7|7|2|1,network_wide,116
random-sparse,50,0.01,0.03,0.0,0.062,0,42,0.0,0.3469387755102041,49,20,4,1,49,3|3|2|2|1|2|4|2|4|3|5|1,network_wide,111
random-sparse,50,0.01,0.03,0.0,0.062,1,43,0.0,0.30612244897959184,48,20,5,1,48,2|4|5|1|2|4|2|4|3|5|1|1,network_wide,125
random-sparse,50,0.01,0.03,0.0,0.062,2,44,0.0,0.30612244897959184,47,10,4,1,47,2|4|5|1|2|4|2|4|3|5|1|2,network_wide,133
random-sparse,50,0.01,0.03,0.0,0.062,3,45,0.0,0.32653061224489793,48,10,4,1,48,1|3|5|1|2|4|2|4|3|5|3|1,network_wide,120
random-sparse,50,0.01,0.03,0.0,0.062,4,46,0.0,0.3469387755102041,49,27,4,1,49,3|5|1|2|4|2|4|3|5|1|1|1,network_wide,123
random-sparse,50,0.01,0.03,0.0,0.062,5,47,0.0,0.2857142857142857,48,20,5,1,48,3|5|1|7|2|3|3|5|5|1,network_wide,125
random-sparse,50,0.01,0.03,0.0,0.062,6,48,0.0,0.2857142857142857,47,20,4,1,47,3|5|1|2|4|2|4|3|5|5|2,network_wide,111
random-sparse,50,0.01,0.03,0.0,0.062,7,49,0.0,0.32653061224489793,46,20,4,1,46,1|2|2|1|2|4|2|4|3|5|1|3|3,network_wide,116
random-sparse,50,0.01,0.03,0.0,0.062,8,50,0.0,0.32653061224489793,45,20,4,1,45,1|2|2|1|2|4|2|4|3|5|3|1|4,network_wide,110
random-sparse,50,0.01,0.03,0.0,0.062,9,51,0.0,0.2653061224489796,44,20,5,1,44,5|1|2|4|2|4|3|5|5|5,network_wide,132
random-sparse,50,0.01,0.03,0.0,0.062,10,52,0.0,0.2857142857142857,43,20,5,1,43,4|1|2|4|2|4|3|5|1|3|6,network_wide,127
random-sparse,50,0.01,0.03,0.0,0.062,11,53,0.0,0.30612244897959184,42,20,4,1,42,3|1|2|4|2|3|3|5|1|3|7,network_wide,114
random-sparse,50,0.01,0.03,0.0,0.062,12,54,0.0,0.30612244897959184,46,20,5,1,46,2|1|2|4|2|4|3|5|1|3|4|3,network_wide,128
random-sparse,50,0.01,0.03,0.0,0.062,13,55,0.0,0.2857142857142857,40,20,5,1,40,1|1|2|4|2|4|3|5|1|3|9,network_wide,116
random-sparse,50,0.01,0.03,0.0,0.062,14,56,0.0,0.2857142857142857,39,20,5,1,39,1|2|4|2|4|3|5|3|1|10,network_wide,114
random-sparse,50,0.01,0.03,0.0,0.062,15,57,0.0,0.2653061224489796,38,20,15,1,38,1|2|4|2|4|3|5|3|1|11,network_wide,119
random-sparse,50,0.01,0.03,0.0,0.062,16,58,0.0,0.24489795918367346,37,20,15,1,37,1|2|4|2|4|3|5|5|12,network_wide,98
random-sparse,50,0.01,0.03,0.0,0.062,17,59,0.0,0.24489795918367346,36,20,15,1,36,2|4|2|3|9|3|1|13,network_wide,120
random-sparse,50,0.01,0.03,0.0,0.062,18,60,0.0,0.2653061224489796,40,10,15,1,40,2|4|2|4|3|5|1|3|4|9,network_wide,106
random-sparse,50,0.01,0.03,0.0,0.062,19,61,0.0,0.2653061224489796,34,20,15,1,34,1|4|2|4|3|5|1|1|1|15,network_wide,110
random-sparse,50,0.01,0.03,0.0,0.062,20,62,0.0,0.2653061224489796,33,20,15,1,33,4|2|3|3|5|1|1|1|16,network_wide,114
random-sparse,50,0.01,0.03,0.0,0.062,21,63,0.0,0.2653061224489796,49,20,15,1,49,4|2|3|3|5|1|3|16,network_wide,114
random-sparse,50,0.01,0.03,0.0,0.062,22,64,0.0,0.2653061224489796,49,20,1,1,49,3|2|4|3|5|1|3|16,network_wide,122
random-sparse,50,0.01,0.03,0.0,0.062,23,65,0.0,0.30612244897959184,48,10,3,1,48,2|2|3|3|5|1|3|15|1,network_wide,120
random-sparse,50,0.01,0.03,0.0,0.062,24,66,0.0,0.2857142857142857,47,20,3,1,47,1|2|4|3|5|1|1|1|16|2,network_wide,103
random-sparse,50,0.01,0.03,0.0,0.062,25,67,0.0,0.2653061224489796,46,20,1,1,46,2|4|3|5|1|1|1|16|3,network_wide,127
random-sparse,50,0.01,0.03,0.0,0.062,26,68,0.0,0.2653061224489796,45,10,1,1,45,1|4|3|5|3|1|15|4,network_wide,114
random-sparse,50,0.01,0.03,0.0,0.062,27,69,0.0,0.2653061224489796,44,20,1,1,44,1|4|3|5|3|1|4|11|5,network_wide,105
random-sparse,50,0.01,0.03,0.0,0.062,28,70,0.0,0.24489795918367346,49,20,1,1,49,4|3|5|1|3|16|5,network_wide,125
random-sparse,50,0.01,0.03,0.0,0.062,29,71,0.0,0.2653061224489796,49,20,3,1,49,2|9|5|15|5,network_wide,116
random-sparse,50,0.01,0.03,0.0,0.062,30,72,0.0,0.2653061224489796,48,20,1,1,48,2|9|1|1|1|16|5|1,network_wide,108
random-sparse,50,0.01,0.03,0.0,0.062,31,73,0.0,0.24489795918367346,47,20,3,1,47,2|3|5|5|16|5|2,network_wide,111
random-sparse,50,0.01,0.03,0.0,0.062,32,74,0.0,0.2653061224489796,46,20,1,1,46,3|5|3|1|16|5|3,network_wide,108
random-sparse,50,0.01,0.03,0.0,0.062,33,75,0.0,0.24489795918367346,45,20,1,1,45,3|5|3|1|16|5|4,network_wide,128
random-sparse,50,0.01,0.03,0.0,0.062,34,76,0.0,0.22448979591836735,44,20,1,1,44,3|5|3|1|16|5|5,network_wide,111
random-sparse,50,0.01,0.03,0.0,0.062,35,77,0.0,0.20408163265306123,43,20,1,1,43,3|5|1|3|16|5|6,network_wide,131
random-sparse,50,0.01,0.03,0.0,0.062,36,78,0.0,0.1836734693877551,42,20,1,0,42,2|5|5|16|5|7,network_wide,110
random-sparse,50,0.01,0.03,0.0,0.062,37,79,0.0,0.22448979591836735,49,20,1,1,49,2|5|5|15|5|7,network_wide,111
random-sparse,50,0.01,0.03,0.0,0.062,38,80,0.0,0.22448979591836735,48,20,4,1,48,5|1|3|16|5|7|1,network_wide,110
random-sparse,50,0.01,0.03,0.0,0.062,39,81,0.0,0.1836734693877551,47,10,1,0,47,5|5|16|5|7|2,network_wide,117
random-sparse,50,0.01,0.03,0.0,0.062,40,82,0.0,0.22448979591836735,46,20,3,1,46,4|1|1|1|16|5|7|3,network_wide,108
random-sparse,50,0.01,0.03,0.0,0.062,41,83,0.0,0.1836734693877551,45,20,1,0,45,4|5|16|5|7|4,network_wide,105
random-sparse,50,0.01,0.03,0.0,0.062,42,84,0.0,0.20408163265306123,44,20,3,1,44,2|1|3|16|5|7|5,network_wide,131
random-sparse,50,0.01,0.03,0.0,0.062,43,85,0.0,0.1836734693877551,43,20,1,0,43,1|5|16|5|7|6,network_wide,110
random-sparse,50,0.01,0.03,0.0,0.062,44,86,0.0,0.20408163265306123,42,20,3,1,42,1|3|1|16|5|7|7,network_wide,124
random-sparse,50,0.01,0.03,0.0,0.062,45,87,0.0,0.20408163265306123,41,20,1,1,41,1|3|15|5|7|8,network_wide,126
random-sparse,50,0.01,0.03,0.0,0.062,46,88,0.0,0.1836734693877551,40,13,4,0,40,1|1|1|16|5|7|9,network_wide,107
random-sparse,50,0.01,0.03,0.0,0.062,47,89,0.0,0.14285714285714285,39,11,3,0,39,1|3|16|5|7|10,network_wide,117
random-sparse,50,0.01,0.03,0.0,0.062,48,90,0.0,0.16326530612244897,49,11,1,0,49,2|1|16|5|7|10,network_wide,124
random-sparse,50,0.01,0.03,0.0,0.062,49,91,0.0,0.14285714285714285,48,11,1,0,48,3|16|5|7|10|1,network_wide,116
random-sparse,50,0.01,0.03,0.0,0.064,0,42,0.0,0.3469387755102041,49,20,4,1,49,3|3|2|2|1|2|4|2|4|3|5|1,network_wide,111
random-sparse,50,0.01,0.03,0.0,0.064,1,43,0.0,0.30612244897959184,48,20,5,1,48,2|4|5|1|2|4|2|4|3|5|1|1,network_wide,125
random-sparse,50,0.01,0.03,0.0,0.064,2,44,0.0,0.32653061224489793,47,10,4,1,47,2|3|5|1|2|4|2|4|3|5|1|2,network_wide,133
random-sparse,50,0.01,0.03,0.0,0.064,3,45,0.0,0.32653061224489793,44,27,4,1,44,1|3|2|2|1|2|4|2|4|3|5|5,network_wide,120
random-sparse,50,0.01,0.03,0.0,0.064,4,46,0.0,0.30612244897959184,49,27,4,1,49,3|5|1|2|4|2|4|3|5|5,network_wide,123
random-sparse,50,0.01,0.03,0.0,0.064,5,47,0.0,0.2653061224489796,48,20,5,1,48,3|5|1|7|2|4|3|5|5|1,network_wide,125
random-sparse,50,0.01,0.03,0.0,0.064,6,48,0.0,0.30612244897959184,47,20,4,1,47,3|2|2|1|2|4|2|4|3|5|5|2,network_wide,111
random-sparse,50,0.01,0.03,0.0,0.064,7,49,0.0,0.32653061224489793,46,20,4,1,46,1|2|2|1|2|4|2|4|3|5|1|3|3,network_wide,116
random-sparse,50,0.01,0.03,0.0,0.064,8,50,0.0,0.30612244897959184,45,20,4,1,45,1|2|2|1|2|4|2|4|3|5|5|4,network_wide,110
random-sparse,50,0.01,0.03,0.0,0.064,9,51,0.0,0.2653061224489796,44,20,5,1,44,5|1|2|4|2|4|3|5|5|5,network_wide,132
random-sparse,50,0.01,0.03,0.0,0.064,10,52,0.0,0.2857142857142857,43,20,5,1,43,4|1|2|4|2|4|3|5|1|3|6,network_wide,127
random-sparse,50,0.01,0.03,0.0,0.064,11,53,0.0,0.30612244897959184,42,20,4,1,42,3|1|2|4|2|3|3|5|1|3|7,network_wide,114
random-sparse,50,0.01,0.03,0.0,0.064,12,54,0.0,0.2857142857142857,41,20,5,1,41,3|1|2|4|2|4|3|5|1|3|8,network_wide,128
random-sparse,50,0.01,0.03,0.0,0.064,13,55,0.0,0.2857142857142857,40,20,5,1,40,1|1|2|4|2|4|3|5|1|3|9,network_wide,116
random-sparse,50,0.01,0.03,0.0,0.064,14,56,0.0,0.2857142857142857,39,20,5,1,39,1|2|4|2|4|3|5|1|3|10,network_wide,114
random-sparse,50,0.01,0.03,0.0,0.064,15,57,0.0,0.24489795918367346,38,20,15,1,38,1|2|4|2|4|3|5|5|11,network_wide,119
random-sparse,50,0.01,0.03,0.0,0.064,16,58,0.0,0.24489795918367346,37,20,15,1,37,1|2|4|2|4|3|5|5|12,network_wide,98
random-sparse,50,0.01,0.03,0.0,0.064,17,59,0.0,0.22448979591836735,36,20,15,1,36,2|4|2|3|9|5|13,network_wide,120
random-sparse,50,0.01,0.03,0.0,0.064,18,60,0.0,0.24489795918367346,35,10,15,1,35,2|4|2|4|3|5|1|3|14,network_wide,106
random-sparse,50,0.01,0.03,0.0,0.064,19,61,0.0,0.22448979591836735,34,20,15,1,34,1|4|2|4|3|5|5|15,network_wide,110
random-sparse,50,0.01,0.03,0.0,0.064,20,62,0.0,0.22448979591836735,33,20,15,1,33,4|2|4|3|5|1|3|16,network_wide,114
random-sparse,50,0.01,0.03,0.0,0.064,21,63,0.0,0.24489795918367346,49,20,15,1,49,4|2|4|3|5|1|3|16,network_wide,114
random-sparse,50,0.01,0.03,0.0,0.064,22,64,0.0,0.24489795918367346,49,20,1,1,49,3|2|4|9|1|3|16,network_wide,122
random-sparse,50,0.01,0.03,0.0,0.064,23,65,0.0,0.2857142857142857,48,20,3,1,48,2|2|4|3|5|1|3|15|1,network_wide,120
random-sparse,50,0.01,0.03,0.0,0.064,24,66,0.0,0.2857142857142857,47,20,3,1,47,1|2|3|3|5|1|3|16|2,network_wide,103
random-sparse,50,0.01,0.03,0.0,0.064,25,67,0.0,0.24489795918367346,46,20,1,1,46,2|4|3|5|1|3|16|3,network_wide,127
random-sparse,50,0.01,0.03,0.0,0.064,26,68,0.0,0.2653061224489796,45,20,1,1,45,1|4|3|5|1|3|15|4,network_wide,114
random-sparse,50,0.01,0.03,0.0,0.064,27,69,0.0,0.22448979591836735,44,20,1,1,44,1|4|3|5|5|16|5,network_wide,105
random-sparse,50,0.01,0.03,0.0,0.064,28,70,0.0,0.24489795918367346,49,20,1,1,49,4|3|5|1|3|16|5,network_wide,125
random-sparse,50,0.01,0.03,0.0,0.064,29,71,0.0,0.22448979591836735,49,20,3,1,49,3|9|5|16|5,network_wide,116
random-sparse,50,0.01,0.03,0.0,0.064,30,72,0.0,0.24489795918367346,48,20,1,1,48,2|9|1|3|16|5|1,network_wide,108
random-sparse,50,0.01,0.03,0.0,0.064,31,73,0.0,0.24489795918367346,47,20,3,1,47,2|3|5|5|16|5|2,network_wide,111
random-sparse,50,0.01,0.03,0.0,0.064,32,74,0.0,0.22448979591836735,46,20,1,1,46,3|5|5|16|6|3,network_wide,108
random-sparse,50,0.01,0.03,0.0,0.064,33,75,0.0,0.22448979591836735,45,20,1,1,45,3|5|5|16|5|4,network_wide,128
random-sparse,50,0.01,0.03,0.0,0.064,34,76,0.0,0.22448979591836735,44,20,1,1,44,3|5|1|3|16|5|5,network_wide,111
random-sparse,50,0.01,0.03,0.0,0.064,35,77,0.0,0.20408163265306123,43,20,1,1,43,3|5|1|3|16|5|6,network_wide,131
random-sparse,50,0.01,0.03,0.0,0.064,36,78,0.0,0.1836734693877551,42,20,1,0,42,2|5|5|16|5|7,network_wide,110
random-sparse,50,0.01,0.03,0.0,0.064,37,79,0.0,0.22448979591836735,49,20,1,1,49,8|1|3|15|5|7,network_wide,111
random-sparse,50,0.01,0.03,0.0,0.064,38,80,0.0,0.22448979591836735,48,20,4,1,48,5|1|3|16|5|7|1,network_wide,110
random-sparse,50,0.01,0.03,0.0,0.064,39,81,0.0,0.20408163265306123,47,20,1,1,47,5|1|3|16|5|7|2,network_wide,117
random-sparse,50,0.01,0.03,0.0,0.064,40,82,0.0,0.20408163265306123,46,20,3,1,46,4|1|3|16|5|7|3,network_wide,108
random-sparse,50,0.01,0.03,0.0,0.064,41,83,0.0,0.1836734693877551,45,20,1,0,45,4|5|16|5|7|4,network_wide,105
random-sparse,50,0.01,0.03,0.0,0.064,42,84,0.0,0.1836734693877551,44,20,3,0,44,2|1|3|17|5|7|5,network_wide,131
random-sparse,50,0.01,0.03,0.0,0.064,43,85,0.0,0.1836734693877551,43,20,1,0,43,1|5|16|5|7|6,network_wide,110
random-sparse,50,0.01,0.03,0.0,0.064,44,86,0.0,0.1836734693877551,42,20,3,0,42,1|5|16|5|7|7,network_wide,124
random-sparse,50,0.01,0.03,0.0,0.064,45,87,0.0,0.20408163265306123,41,20,1,1,41,1|3|15|5|7|8,network_wide,126
random-sparse,50,0.01,0.03,0.0,0.064,46,88,0.0,0.14285714285714285,40,11,4,0,40,5|16|5|7|9,network_wide,107
random-sparse,50,0.01,0.03,0.0,0.064,47,89,0.0,0.14285714285714285,39,11,3,0,39,1|3|16|5|7|10,network_wide,117
random-sparse,50,0.01,0.03,0.0,0.064,48,90,0.0,0.16326530612244897,49,11,1,0,49,3|16|5|7|10,network_wide,124
random-sparse,50,0.01,0.03,0.0,0.064,49,91,0.0,0.14285714285714285,48,11,1,0,48,3|16|5|7|10|1,network_wide,116
random-sparse,50,0.01,0.03,0.0,0.066,0,42,0.0,0.32653061224489793,47,20,4,1,47,3|3|2|2|1|2|4|2|4|3|5|2,network_wide,111
random-sparse,50,0.01,0.03,0.0,0.066,1,43,0.0,0.2857142857142857,46,26,5,1,46,2|3|5|1|2|4|2|4|9|3,network_wide,125
random-sparse,50,0.01,0.03,0.0,0.066,2,44,0.0,0.30612244897959184,45,10,4,1,45,2|3|5|1|2|4|2|4|3|5|4,network_wide,133
random-sparse,50,0.01,0.03,0.0,0.066,3,45,0.0,0.32653061224489793,44,27,4,1,44,1|3|2|2|1|2|4|2|4|3|5|5,network_wide,120
random-sparse,50,0.01,0.03,0.0,0.066,4,46,0.0,0.30612244897959184,49,27,4,1,49,3|5|1|2|4|2|4|3|5|5,network_wide,123
random-sparse,50,0.01,0.03,0.0,0.066,5,47,0.0,0.24489795918367346,48,20,5,1,48,3|5|1|7|2|4|9|5|1,network_wide,125
random-sparse,50,0.01,0.03,0.0,0.066,6,48,0.0,0.2857142857142857,47,20,4,1,47,3|2|2|1|2|4|2|4|9|5|2,network_wide,111
random-sparse,50,0.01,0.03,0.0,0.066,7,49,0.0,0.2857142857142857,46,20,4,1,46,1|2|2|1|2|4|2|4|9|5|3,network_wide,116
random-sparse,50,0.01,0.03,0.0,0.066,8,50,0.0,0.2857142857142857,45,20,4,1,45,1|2|2|1|2|4|2|4|9|5|4,network_wide,110
random-sparse,50,0.01,0.03,0.0,0.066,9,51,0.0,0.24489795918367346,44,20,5,1,44,5|1|2|4|2|4|9|5|5,network_wide,132
random-sparse,50,0.01,0.03,0.0,0.066,10,52,0.0,0.2653061224489796,43,20,6,1,43,4|1|2|4|2|4|3|5|5|6,network_wide,127
random-sparse,50,0.01,0.03,0.0,0.066,11,53,0.0,0.24489795918367346,42,20,4,1,42,3|1|2|4|2|4|9|5|7,network_wide,114
random-sparse,50,0.01,0.03,0.0,0.066,12,54,0.0,0.2653061224489796,41,20,5,1,41,3|1|2|4|2|4|3|5|5|8,network_wide,128
random-sparse,50,0.01,0.03,0.0,0.066,13,55,0.0,0.24489795918367346,40,20,5,1,40,1|1|2|4|2|4|9|5|9,network_wide,116
random-sparse,50,0.01,0.03,0.0,0.066,14,56,0.0,0.2653061224489796,39,20,5,1,39,1|1|2|4|2|4|3|5|5|10,network_wide,114
random-sparse,50,0.01,0.03,0.0,0.066,15,57,0.0,0.22448979591836735,38,20,15,1,38,1|2|4|2|4|9|5|11,network_wide,119
random-sparse,50,0.01,0.03,0.0,0.066,16,58,0.0,0.22448979591836735,37,20,15,1,37,1|2|4|2|4|9|5|12,network_wide,98
random-sparse,50,0.01,0.03,0.0,0.066,17,59,0.0,0.20408163265306123,36,20,15,1,36,2|4|2|4|9|5|13,network_wide,120
random-sparse,50,0.01,0.03,0.0,0.066,18,60,0.0,0.20408163265306123,35,20,15,1,35,2|4|2|4|9|5|14,network_wide,106
random-sparse,50,0.01,0.03,0.0,0.066,19,61,0.0,0.22448979591836735,34,20,15,1,34,1|4|2|4|3|5|5|15,network_wide,110
random-sparse,50,0.01,0.03,0.0,0.066,20,62,0.0,0.20408163265306123,33,20,15,1,33,4|2|4|3|5|5|16,network_wide,114
random-sparse,50,0.01,0.03,0.0,0.066,21,63,0.0,0.22448979591836735,49,20,15,1,49,4|2|4|3|5|5|16,network_wide,114
random-sparse,50,0.01,0.03,0.0,0.066,22,64,0.0,0.22448979591836735,49,20,1,1,49,3|2|4|9|5|16,network_wide,122
random-sparse,50,0.01,0.03,0.0,0.066,23,65,0.0,0.24489795918367346,48,20,3,1,48,2|2|4|3|5|5|16|1,network_wide,120
random-sparse,50,0.01,0.03,0.0,0.066,24,66,0.0,0.24489795918367346,47,20,3,1,47,1|2|4|3|5|5|16|2,network_wide,103
random-sparse,50,0.01,0.03,0.0,0.066,25,67,0.0,0.20408163265306123,46,20,1,1,46,2|4|1|3|5|5|16|3,network_wide,127
random-sparse,50,0.01,0.03,0.0,0.066,26,68,0.0,0.22448979591836735,45,20,1,1,45,1|4|1|3|5|5|15|4,network_wide,114
random-sparse,50,0.01,0.03,0.0,0.066,27,69,0.0,0.20408163265306123,44,20,1,1,44,1|4|9|5|16|5,network_wide,105
random-sparse,50,0.01,0.03,0.0,0.066,28,70,0.0,0.1836734693877551,43,20,1,0,43,4|9|5|16|6,network_wide,125
random-sparse,50,0.01,0.03,0.0,0.066,29,71,0.0,0.20408163265306123,49,20,3,1,49,3|1|9|5|16|5,network_wide,116
random-sparse,50,0.01,0.03,0.0,0.066,30,72,0.0,0.24489795918367346,48,20,1,1,48,2|3|5|5|16|5|1,network_wide,108
random-sparse,50,0.01,0.03,0.0,0.066,31,73,0.0,0.22448979591836735,47,20,3,1,47,2|9|5|16|5|2,network_wide,111
random-sparse,50,0.01,0.03,0.0,0.066,32,74,0.0,0.20408163265306123,46,20,1,1,46,9|5|16|6|3,network_wide,108
random-sparse,50,0.01,0.03,0.0,0.066,33,75,0.0,0.22448979591836735,45,20,1,1,45,3|5|5|16|5|4,network_wide,128
random-sparse,50,0.01,0.03,0.0,0.066,34,76,0.0,0.1836734693877551,44,20,1,0,44,9|5|16|5|5,network_wide,111
random-sparse,50,0.01,0.03,0.0,0.066,35,77,0.0,0.1836734693877551,43,20,1,0,43,9|1|3|16|5|6,network_wide,131
random-sparse,50,0.01,0.03,0.0,0.066,36,78,0.0,0.1836734693877551,42,20,1,0,42,2|5|5|16|5|7,network_wide,110
random-sparse,50,0.01,0.03,0.0,0.066,37,79,0.0,0.20408163265306123,49,20,1,1,49,8|5|15|5|7,network_wide,111
random-sparse,50,0.01,0.03,0.0,0.066,38,80,0.0,0.16326530612244897,48,20,4,0,48,6|5|17|5|7|1,network_wide,110
random-sparse,50,0.01,0.03,0.0,0.066,39,81,0.0,0.1836734693877551,47,20,1,0,47,5|5|16|5|7|2,network_wide,117
random-sparse,50,0.01,0.03,0.0,0.066,40,82,0.0,0.1836734693877551,46,20,3,0,46,4|5|16|5|7|3,network_wide,108
random-sparse,50,0.01,0.03,0.0,0.066,41,83,0.0,0.1836734693877551,45,20,1,0,45,4|5|16|5|7|4,network_wide,105
random-sparse,50,0.01,0.03,0.0,0.066,42,84,0.0,0.16326530612244897,44,20,3,0,44,2|5|17|5|7|5,network_wide,131
random-sparse,50,0.01,0.03,0.0,0.066,43,85,0.0,0.1836734693877551,43,20,1,0,43,1|5|16|5|7|6,network_wide,110
random-sparse,50,0.01,0.03,0.0,0.066,44,86,0.0,0.1836734693877551,42,20,3,0,42,1|5|16|5|7|7,network_wide,124
random-sparse,50,0.01,0.03,0.0,0.066,45,87,0.0,0.1836734693877551,41,20,1,0,41,5|15|5|7|8,network_wide,126
random-sparse,50,0.01,0.03,0.0,0.066,46,88,0.0,0.12244897959183673,40,10,4,0,40,5|16|6|7|9,network_wide,107
random-sparse,50,0.01,0.03,0.0,0.066,47,89,0.0,0.12244897959183673,39,10,3,0,39,5|16|5|7|10,network_wide,117
random-sparse,50,0.01,0.03,0.0,0.066,48,90,0.0,0.14285714285714285,49,10,1,0,49,4|16|5|7|10,network_wide,124
random-sparse,50,0.01,0.03,0.0,0.066,49,91,0.0,0.12244897959183673,48,10,1,0,48,3|17|5|7|10|1,network_wide,116
random-sparse,50,0.01,0.03,0.0,0.068,0,42,0.0,0.30612244897959184,47,20,4,1,47,3|3|2|2|1|2|4|2|4|9|2,network_wide,111
random-sparse,50,0.01,0.03,0.0,0.068,1,43,0.0,0.2857142857142857,46,20,5,1,46,2|3|5|1|2|4|2|4|9|3,network_wide,125
random-sparse,50,0.01,0.03,0.0,0.068,2,44,0.0,0.2857142857142857,45,20,4,1,45,2|3|5|1|2|4|2|4|9|4,network_wide,133
random-sparse,50,0.01,0.03,0.0,0.068,3,45,0.0,0.30612244897959184,44,27,4,1,44,1|3|2|2|1|2|4|2|4|9|5,network_wide,120
random-sparse,50,0.01,0.03,0.0,0.068,4,46,0.0,0.2857142857142857,49,27,4,1,49,3|5|1|2|4|2|4|9|5,network_wide,123
random-sparse,50,0.01,0.03,0.0,0.068,5,47,0.0,0.24489795918367346,48,20,5,1,48,3|5|1|7|2|4|9|5|1,network_wide,125
random-sparse,50,0.01,0.03,0.0,0.068,6,48,0.0,0.2857142857142857,47,20,4,1,47,3|2|2|1|2|4|2|4|9|5|2,network_wide,111
random-sparse,50,0.01,0.03,0.0,0.068,7,49,0.0,0.2857142857142857,46,20,4,1,46,1|2|2|1|2|4|2|4|9|5|3,network_wide,116
random-sparse,50,0.01,0.03,0.0,0.068,8,50,0.0,0.2857142857142857,45,20,4,1,45,1|2|2|1|2|4|2|4|9|5|4,network_wide,110
random-sparse,50,0.01,0.03,0.0,0.068,9,51,0.0,0.24489795918367346,44,20,5,1,44,5|1|2|4|2|4|9|5|5,network_wide,132
random-sparse,50,0.01,0.03,0.0,0.068,10,52,0.0,0.24489795918367346,43,20,6,1,43,4|1|2|4|2|4|9|5|6,network_wide,127
random-sparse,50,0.01,0.03,0.0,0.068,11,53,0.0,0.24489795918367346,42,20,5,1,42,3|1|2|4|2|4|9|5|7,network_wide,114
random-sparse,50,0.01,0.03,0.0,0.068,12,54,0.0,0.24489795918367346,41,20,5,1,41,3|1|2|4|2|4|9|5|8,network_wide,128
random-sparse,50,0.01,0.03,0.0,0.068,13,55,0.0,0.24489795918367346,40,20,5,1,40,1|1|2|4|2|4|9|5|9,network_wide,116
random-sparse,50,0.01,0.03,0.0,0.068,14,56,0.0,0.24489795918367346,39,20,5,1,39,1|1|2|4|2|4|9|5|10,network_wide,114
random-sparse,50,0.01,0.03,0.0,0.068,15,57,0.0,0.22448979591836735,38,20,15,1,38,1|2|4|2|4|9|5|11,network_wide,119
random-sparse,50,0.01,0.03,0.0,0.068,16,58,0.0,0.22448979591836735,37,20,15,1,37,1|2|4|2|4|9|5|12,network_wide,98
random-sparse,50,0.01,0.03,0.0,0.068,17,59,0.0,0.20408163265306123,36,20,15,1,36,2|4|2|4|9|5|13,network_wide,120
random-sparse,50,0.01,0.03,0.0,0.068,18,60,0.0,0.20408163265306123,35,20,15,1,35,2|4|2|4|9|5|14,network_wide,106
random-sparse,50,0.01,0.03,0.0,0.068,19,61,0.0,0.20408163265306123,34,20,15,1,34,1|4|2|4|9|5|15,network_wide,110
random-sparse,50,0.01,0.03,0.0,0.068,20,62,0.0,0.1836734693877551,33,20,15,0,33,4|2|4|9|5|16,network_wide,114
random-sparse,50,0.01,0.03,0.0,0.068,21,63,0.0,0.20408163265306123,49,20,15,1,49,4|2|4|9|5|16,network_wide,114
random-sparse,50,0.01,0.03,0.0,0.068,22,64,0.0,0.22448979591836735,49,20,1,1,49,3|2|4|9|5|16,network_wide,122
random-sparse,50,0.01,0.03,0.0,0.068,23,65,0.0,0.22448979591836735,48,20,3,1,48,2|2|4|9|5|16|1,network_wide,120
random-sparse,50,0.01,0.03,0.0,0.068,24,66,0.0,0.24489795918367346,47,20,3,1,47,1|2|4|3|5|5|16|2,network_wide,103
random-sparse,50,0.01,0.03,0.0,0.068,25,67,0.0,0.1836734693877551,46,20,1,0,46,2|4|1|9|5|16|3,network_wide,127
random-sparse,50,0.01,0.03,0.0,0.068,26,68,0.0,0.1836734693877551,45,20,1,0,45,1|4|1|9|5|15|1|4,network_wide,114
random-sparse,50,0.01,0.03,0.0,0.068,27,69,0.0,0.20408163265306123,44,20,1,1,44,1|4|9|5|16|5,network_wide,105
random-sparse,50,0.01,0.03,0.0,0.068,28,70,0.0,0.1836734693877551,43,20,1,0,43,4|9|5|16|6,network_wide,125
random-sparse,50,0.01,0.03,0.0,0.068,29,71,0.0,0.20408163265306123,49,20,3,1,49,3|1|9|5|16|5,network_wide,116
random-sparse,50,0.01,0.03,0.0,0.068,30,72,0.0,0.22448979591836735,48,20,1,1,48,2|9|5|16|5|1,network_wide,108
random-sparse,50,0.01,0.03,0.0,0.068,31,73,0.0,0.20408163265306123,47,20,3,1,47,2|9|5|17|5|2,network_wide,111
random-sparse,50,0.01,0.03,0.0,0.068,32,74,0.0,0.1836734693877551,46,20,1,0,46,9|5|17|6|3,network_wide,108
random-sparse,50,0.01,0.03,0.0,0.068,33,75,0.0,0.20408163265306123,45,20,1,1,45,9|5|16|5|4,network_wide,128
random-sparse,50,0.01,0.03,0.0,0.068,34,76,0.0,0.1836734693877551,44,20,1,0,44,9|5|16|5|5,network_wide,111
random-sparse,50,0.01,0.03,0.0,0.068,35,77,0.0,0.16326530612244897,43,20,1,0,43,9|5|16|5|6,network_wide,131
random-sparse,50,0.01,0.03,0.0,0.068,36,78,0.0,0.16326530612244897,42,20,1,0,42,8|5|16|5|7,network_wide,110
random-sparse,50,0.01,0.03,0.0,0.068,37,79,0.0,0.20408163265306123,49,20,1,1,49,8|5|15|5|7,network_wide,111
random-sparse,50,0.01,0.03,0.0,0.068,38,80,0.0,0.1836734693877551,48,20,4,0,48,6|5|15|1|5|7|1,network_wide,110
random-sparse,50,0.01,0.03,0.0,0.068,39,81,0.0,0.1836734693877551,47,20,1,0,47,5|5|16|5|7|2,network_wide,117
random-sparse,50,0.01,0.03,0.0,0.068,40,82,0.0,0.16326530612244897,46,20,3,0,46,4|5|17|5|7|3,network_wide,108
random-sparse,50,0.01,0.03,0.0,0.068,41,83,0.0,0.16326530612244897,45,20,1,0,45,4|5|17|5|7|4,network_wide,105
random-sparse,50,0.01,0.03,0.0,0.068,42,84,0.0,0.16326530612244897,44,20,3,0,44,2|5|17|5|7|5,network_wide,131
random-sparse,50,0.01,0.03,0.0,0.068,43,85,0.0,0.1836734693877551,43,20,1,0,43,1|5|16|5|7|6,network_wide,110
random-sparse,50,0.01,0.03,0.0,0.068,44,86,0.0,0.1836734693877551,42,20,3,0,42,1|5|16|5|7|7,network_wide,124
random-sparse,50,0.01,0.03,0.0,0.068,45,87,0.0,0.1836734693877551,41,20,1,0,41,5|15|5|7|8,network_wide,126
random-sparse,50,0.01,0.03,0.0,0.068,46,88,0.0,0.12244897959183673,40,10,4,0,40,5|16|6|7|9,network_wide,107
random-sparse,50,0.01,0.03,0.0,0.068,47,89,0.0,0.10204081632653061,39,10,3,0,39,5|17|5|7|10,network_wide,117
random-sparse,50,0.01,0.03,0.0,0.068,48,90,0.0,0.14285714285714285,49,10,1,0,49,4|16|5|7|10,network_wide,124
random-sparse,50,0.01,0.03,0.0,0.068,49,91,0.0,0.12244897959183673,48,9,1,0,48,3|17|5|7|10|1,network_wide,116
random-sparse,50,0.01,0.03,0.0,0.07,0,42,0.0,0.2857142857142857,47,20,4,1,47,3|4|2|2|1|2|4|2|4|9|2,network_wide,111
random-sparse,50,0.01,0.03,0.0,0.07,1,43,0.0,0.2857142857142857,46,20,5,1,46,2|3|5|1|2|4|2|4|9|3,network_wide,125
random-sparse,50,0.01,0.03,0.0,0.07,2,44,0.0,0.2857142857142857,45,10,4,1,45,2|3|5|1|2|4|2|4|9|4,network_wide,133
random-sparse,50,0.01,0.03,0.0,0.07,3,45,0.0,0.30612244897959184,44,27,4,1,44,1|3|2|2|1|2|4|2|4|9|5,network_wide,120
random-sparse,50,0.01,0.03,0.0,0.07,4,46,0.0,0.30612244897959184,49,27,4,1,49,3|5|1|2|1|2|2|4|9|5,network_wide,123
random-sparse,50,0.01,0.03,0.0,0.07,5,47,0.0,0.24489795918367346,48,20,5,1,48,3|5|1|7|2|4|9|5|1,network_wide,125
random-sparse,50,0.01,0.03,0.0,0.07,6,48,0.0,0.2653061224489796,47,20,4,1,47,3|5|1|2|4|2|4|9|5|2,network_wide,111
random-sparse,50,0.01,0.03,0.0,0.07,7,49,0.0,0.2857142857142857,46,20,4,1,46,1|2|2|1|2|4|2|4|9|5|3,network_wide,116
random-sparse,50,0.01,0.03,0.0,0.07,8,50,0.0,0.30612244897959184,45,20,5,1,45,1|2|2|1|2|1|2|2|4|9|5|4,network_wide,110
random-sparse,50,0.01,0.03,0.0,0.07,9,51,0.0,0.24489795918367346,44,20,5,1,44,5|1|2|4|2|4|9|5|5,network_wide,132
random-sparse,50,0.01,0.03,0.0,0.07,10,52,0.0,0.24489795918367346,43,20,6,1,43,4|1|2|4|2|4|9|5|6,network_wide,127
random-sparse,50,0.01,0.03,0.0,0.07,11,53,0.0,0.24489795918367346,42,20,5,1,42,3|1|2|4|2|4|9|5|7,network_wide,114
random-sparse,50,0.01,0.03,0.0,0.07,12,54,0.0,0.24489795918367346,41,20,5,1,41,3|1|2|4|2|4|9|5|8,network_wide,128
random-sparse,50,0.01,0.03,0.0,0.07,13,55,0.0,0.24489795918367346,40,20,5,1,40,1|1|2|4|2|4|9|5|9,network_wide,116
random-sparse,50,0.01,0.03,0.0,0.07,14,56,0.0,0.24489795918367346,39,20,5,1,39,1|1|2|4|2|4|9|5|10,network_wide,114
random-sparse,50,0.01,0.03,0.0,0.07,15,57,0.0,0.22448979591836735,38,20,15,1,38,1|2|4|2|4|9|5|11,network_wide,119
random-sparse,50,0.01,0.03,0.0,0.07,16,58,0.0,0.22448979591836735,37,20,15,1,37,1|2|4|2|4|9|5|12,network_wide,98
random-sparse,50,0.01,0.03,0.0,0.07,17,59,0.0,0.20408163265306123,36,20,15,1,36,2|4|2|4|9|5|13,network_wide,120
random-sparse,50,0.01,0.03,0.0,0.07,18,60,0.0,0.20408163265306123,35,20,15,1,35,2|4|2|4|9|5|14,network_wide,106
random-sparse,50,0.01,0.03,0.0,0.07,19,61,0.0,0.20408163265306123,34,20,15,1,34,1|4|2|4|9|5|15,network_wide,110
random-sparse,50,0.01,0.03,0.0,0.07,20,62,0.0,0.1836734693877551,33,20,16,0,33,4|2|4|9|5|16,network_wide,114
random-sparse,50,0.01,0.03,0.0,0.07,21,63,0.0,0.1836734693877551,32,20,15,0,32,4|2|4|9|5|17,network_wide,114
random-sparse,50,0.01,0.03,0.0,0.07,22,64,0.0,0.20408163265306123,49,20,1,1,49,3|2|4|9|5|17,network_wide,122
random-sparse,50,0.01,0.03,0.0,0.07,23,65,0.0,0.20408163265306123,48,20,3,1,48,2|2|4|9|5|17|1,network_wide,120
random-sparse,50,0.01,0.03,0.0,0.07,24,66,0.0,0.20408163265306123,47,20,3,1,47,1|2|4|9|5|17|2,network_wide,103
random-sparse,50,0.01,0.03,0.0,0.07,25,67,0.0,0.1836734693877551,46,20,1,0,46,2|4|1|9|5|16|3,network_wide,127
random-sparse,50,0.01,0.03,0.0,0.07,26,68,0.0,0.14285714285714285,45,20,1,0,45,1|4|1|10|5|17|4,network_wide,114
random-sparse,50,0.01,0.03,0.0,0.07,27,69,0.0,0.1836734693877551,44,20,1,0,44,1|4|9|5|17|5,network_wide,105
random-sparse,50,0.01,0.03,0.0,0.07,28,70,0.0,0.1836734693877551,49,20,1,0,49,4|9|5|17|5,network_wide,125
random-sparse,50,0.01,0.03,0.0,0.07,29,71,0.0,0.1836734693877551,49,20,3,0,49,3|1|9|5|17|5,network_wide,116
random-sparse,50,0.01,0.03,0.0,0.07,30,72,0.0,0.20408163265306123,48,20,1,1,48,2|9|5|17|5|1,network_wide,108
random-sparse,50,0.01,0.03,0.0,0.07,31,73,0.0,0.20408163265306123,47,20,3,1,47,2|9|5|17|5|2,network_wide,111
random-sparse,50,0.01,0.03,0.0,0.07,32,74,0.0,0.1836734693877551,46,20,1,0,46,9|5|17|6|3,network_wide,108
random-sparse,50,0.01,0.03,0.0,0.07,33,75,0.0,0.20408163265306123,45,20,1,1,45,9|5|16|5|4,network_wide,128
random-sparse,50,0.01,0.03,0.0,0.07,34,76,0.0,0.16326530612244897,44,20,1,0,44,9|5|17|5|5,network_wide,111
random-sparse,50,0.01,0.03,0.0,0.07,35,77,0.0,0.14285714285714285,43,20,1,0,43,9|5|17|5|6,network_wide,131
random-sparse,50,0.01,0.03,0.0,0.07,36,78,0.0,0.14285714285714285,42,20,1,0,42,8|5|17|5|7,network_wide,110
random-sparse,50,0.01,0.03,0.0,0.07,37,79,0.0,0.1836734693877551,49,20,1,0,49,8|5|16|5|7,network_wide,111
random-sparse,50,0.01,0.03,0.0,0.07,38,80,0.0,0.14285714285714285,48,20,4,0,48,7|5|17|5|7|1,network_wide,110
random-sparse,50,0.01,0.03,0.0,0.07,39,81,0.0,0.1836734693877551,47,20,1,0,47,5|5|16|5|7|2,network_wide,117
random-sparse,50,0.01,0.03,0.0,0.07,40,82,0.0,0.16326530612244897,46,20,3,0,46,4|5|17|5|7|3,network_wide,108
random-sparse,50,0.01,0.03,0.0,0.07,41,83,0.0,0.16326530612244897,45,20,1,0,45,4|5|17|5|7|4,network_wide,105
random-sparse,50,0.01,0.03,0.0,0.07,42,84,0.0,0.16326530612244897,44,20,3,0,44,2|5|17|5|7|5,network_wide,131
random-sparse,50,0.01,0.03,0.0,0.07,43,85,0.0,0.1836734693877551,43,20,1,0,43,1|5|16|5|7|6,network_wide,110
random-sparse,50,0.01,0.03,0.0,0.07,44,86,0.0,0.1836734693877551,42,20,3,0,42,1|5|16|5|7|7,network_wide,124
random-sparse,50,0.01,0.03,0.0,0.07,45,87,0.0,0.16326530612244897,41,20,1,0,41,5|15|1|5|7|8,network_wide,126
random-sparse,50,0.01,0.03,0.0,0.07,46,88,0.0,0.14285714285714285,40,10,4,0,40,5|16|5|7|9,network_wide,107
random-sparse,50,0.01,0.03,0.0,0.07,47,89,0.0,0.10204081632653061,39,8,3,0,39,5|17|5|7|10,network_wide,117
random-sparse,50,0.01,0.03,0.0,0.07,48,90,0.0,0.14285714285714285,49,9,1,0,49,4|16|5|7|10,network_wide,124
random-sparse,50,0.01,0.03,0.0,0.07,49,91,0.0,0.12244897959183673,48,8,1,0,48,3|17|5|7|10|1,network_wide,116
random-sparse,50,0.01,0.03,0.0,0.072,0,42,0.0,0.30612244897959184,47,20,4,1,47,3|4|2|2|1|2|1|2|2|4|9|2,network_wide,111
random-sparse,50,0.01,0.03,0.0,0.072,1,43,0.0,0.30612244897959184,46,20,5,1,46,2|3|5|1|2|1|2|2|4|9|3,network_wide,125
random-sparse,50,0.01,0.03,0.0,0.072,2,44,0.0,0.30612244897959184,45,10,4,1,45,2|3|5|1|2|1|2|2|4|9|4,network_wide,133
random-sparse,50,0.01,0.03,0.0,0.072,3,45,0.0,0.30612244897959184,44,20,4,1,44,1|3|5|1|2|1|2|2|4|9|5,network_wide,120
random-sparse,50,0.01,0.03,0.0,0.072,4,46,0.0,0.30612244897959184,49,26,4,1,49,3|5|1|2|1|2|2|4|9|5,network_wide,123
random-sparse,50,0.01,0.03,0.0,0.072,5,47,0.0,0.2653061224489796,48,20,5,1,48,3|5|1|2|4|2|4|9|5|1,network_wide,125
random-sparse,50,0.01,0.03,0.0,0.072,6,48,0.0,0.2653061224489796,47,19,4,1,47,3|5|1|2|4|2|4|9|5|2,network_wide,111
random-sparse,50,0.01,0.03,0.0,0.072,7,49,0.0,0.30612244897959184,46,19,4,1,46,1|2|2|1|2|1|2|2|4|9|5|3,network_wide,116
random-sparse,50,0.01,0.03,0.0,0.072,8,50,0.0,0.2857142857142857,45,20,5,1,45,1|2|2|1|2|4|2|4|9|5|4,network_wide,110
random-sparse,50,0.01,0.03,0.0,0.072,9,51,0.0,0.2653061224489796,44,19,5,1,44,5|1|2|1|2|2|4|9|5|5,network_wide,132
random-sparse,50,0.01,0.03,0.0,0.072,10,52,0.0,0.2653061224489796,43,20,6,1,43,4|1|2|1|2|2|4|9|5|6,network_wide,127
random-sparse,50,0.01,0.03,0.0,0.072,11,53,0.0,0.24489795918367346,42,20,5,1,42,3|1|2|1|2|2|4|1|9|5|7,network_wide,114
random-sparse,50,0.01,0.03,0.0,0.072,12,54,0.0,0.2653061224489796,41,20,5,1,41,3|1|2|1|2|2|4|9|5|8,network_wide,128
random-sparse,50,0.01,0.03,0.0,0.072,13,55,0.0,0.24489795918367346,40,19,5,1,40,1|1|2|4|2|4|9|5|9,network_wide,116
random-sparse,50,0.01,0.03,0.0,0.072,14,56,0.0,0.2653061224489796,39,20,5,1,39,1|1|2|1|2|2|4|9|5|10,network_wide,114
random-sparse,50,0.01,0.03,0.0,0.072,15,57,0.0,0.22448979591836735,38,20,15,1,38,1|2|4|2|4|9|5|11,network_wide,119
random-sparse,50,0.01,0.03,0.0,0.072,16,58,0.0,0.22448979591836735,37,20,15,1,37,1|2|4|2|4|9|5|12,network_wide,98
random-sparse,50,0.01,0.03,0.0,0.072,17,59,0.0,0.20408163265306123,36,20,16,1,36,2|4|2|4|9|5|13,network_wide,120
random-sparse,50,0.01,0.03,0.0,0.072,18,60,0.0,0.20408163265306123,35,20,16,1,35,2|4|2|4|9|5|14,network_wide,106
random-sparse,50,0.01,0.03,0.0,0.072,19,61,0.0,0.20408163265306123,34,20,15,1,34,1|4|2|4|9|5|15,network_wide,110
random-sparse,50,0.01,0.03,0.0,0.072,20,62,0.0,0.1836734693877551,33,19,16,0,33,4|2|4|9|5|16,network_wide,114
random-sparse,50,0.01,0.03,0.0,0.072,21,63,0.0,0.20408163265306123,32,19,15,1,32,1|2|2|4|9|5|17,network_wide,114
random-sparse,50,0.01,0.03,0.0,0.072,22,64,0.0,0.20408163265306123,49,19,1,1,49,2|2|4|9|5|17,network_wide,122
random-sparse,50,0.01,0.03,0.0,0.072,23,65,0.0,0.20408163265306123,48,20,3,1,48,2|2|4|9|5|17|1,network_wide,120
random-sparse,50,0.01,0.03,0.0,0.072,24,66,0.0,0.20408163265306123,47,20,3,1,47,1|2|4|9|5|17|2,network_wide,103
random-sparse,50,0.01,0.03,0.0,0.072,25,67,0.0,0.1836734693877551,46,20,1,0,46,2|4|1|9|5|16|3,network_wide,127
random-sparse,50,0.01,0.03,0.0,0.072,26,68,0.0,0.14285714285714285,45,20,1,0,45,1|4|1|10|5|17|4,network_wide,114
random-sparse,50,0.01,0.03,0.0,0.072,27,69,0.0,0.1836734693877551,44,20,1,0,44,1|4|9|5|17|5,network_wide,105
random-sparse,50,0.01,0.03,0.0,0.072,28,70,0.0,0.1836734693877551,49,19,1,0,49,4|9|5|17|5,network_wide,125
random-sparse,50,0.01,0.03,0.0,0.072,29,71,0.0,0.1836734693877551,49,20,3,0,49,3|1|9|5|17|5,network_wide,116
random-sparse,50,0.01,0.03,0.0,0.072,30,72,0.0,0.20408163265306123,48,20,1,1,48,2|9|5|17|5|1,network_wide,108
random-sparse,50,0.01,0.03,0.0,0.072,31,73,0.0,0.16326530612244897,47,20,3,0,47,2|1|10|5|17|5|2,network_wide,111
random-sparse,50,0.01,0.03,0.0,0.072,32,74,0.0,0.1836734693877551,46,19,1,0,46,9|5|17|6|3,network_wide,108
random-sparse,50,0.01,0.03,0.0,0.072,33,75,0.0,0.20408163265306123,45,20,1,1,45,9|5|16|5|4,network_wide,128
random-sparse,50,0.01,0.03,0.0,0.072,34,76,0.0,0.16326530612244897,44,20,1,0,44,9|5|17|5|5,network_wide,111
random-sparse,50,0.01,0.03,0.0,0.072,35,77,0.0,0.14285714285714285,43,20,1,0,43,9|5|17|5|6,network_wide,131
random-sparse,50,0.01,0.03,0.0,0.072,36,78,0.0,0.14285714285714285,42,20,1,0,42,8|5|17|5|7,network_wide,110
random-sparse,50,0.01,0.03,0.0,0.072,37,79,0.0,0.1836734693877551,49,20,1,0,49,8|5|16|5|7,network_wide,111
random-sparse,50,0.01,0.03,0.0,0.072,38,80,0.0,0.14285714285714285,48,19,4,0,48,7|5|17|5|7|1,network_wide,110
random-sparse,50,0.01,0.03,0.0,0.072,39,81,0.0,0.16326530612244897,47,20,1,0,47,6|5|16|5|7|2,network_wide,117
random-sparse,50,0.01,0.03,0.0,0.072,40,82,0.0,0.16326530612244897,46,20,3,0,46,4|5|17|5|7|3,network_wide,108
random-sparse,50,0.01,0.03,0.0,0.072,41,83,0.0,0.16326530612244897,45,20,1,0,45,4|5|17|5|7|4,network_wide,105
random-sparse,50,0.01,0.03,0.0,0.072,42,84,0.0,0.16326530612244897,44,19,3,0,44,2|5|17|5|7|5,network_wide,131
random-sparse,50,0.01,0.03,0.0,0.072,43,85,0.0,0.1836734693877551,43,20,1,0,43,1|5|16|5|7|6,network_wide,110
random-sparse,50,0.01,0.03,0.0,0.072,44,86,0.0,0.16326530612244897,42,19,3,0,42,1|5|17|5|7|7,network_wide,124
random-sparse,50,0.01,0.03,0.0,0.072,45,87,0.0,0.14285714285714285,41,20,1,0,41,1|5|17|5|7|8,network_wide,126
random-sparse,50,0.01,0.03,0.0,0.072,46,88,0.0,0.12244897959183673,40,9,4,0,40,5|17|5|7|9,network_wide,107
random-sparse,50,0.01,0.03,0.0,0.072,47,89,0.0,0.10204081632653061,39,8,3,0,39,5|17|5|7|10,network_wide,117
random-sparse,50,0.01,0.03,0.0,0.072,48,90,0.0,0.14285714285714285,49,9,1,0,49,4|16|5|7|10,network_wide,124
random-sparse,50,0.01,0.03,0.0,0.072,49,91,0.0,0.12244897959183673,48,8,1,0,48,3|17|5|7|10|1,network_wide,116
random-sparse,50,0.01,0.03,0.0,0.074,0,42,0.0,0.2857142857142857,47,19,4,1,47,3|4|2|2|1|2|4|2|4|9|2,network_wide,111
random-sparse,50,0.01,0.03,0.0,0.074,1,43,0.0,0.2857142857142857,46,20,5,1,46,2|3|5|1|2|4|2|4|9|3,network_wide,125
random-sparse,50,0.01,0.03,0.0,0.074,2,44,0.0,0.2857142857142857,45,10,4,1,45,2|3|5|1|2|4|2|4|9|4,network_wide,133
random-sparse,50,0.01,0.03,0.0,0.074,3,45,0.0,0.2857142857142857,44,19,4,1,44,1|3|5|1|2|4|2|4|9|5,network_wide,120
random-sparse,50,0.01,0.03,0.0,0.074,4,46,0.0,0.2857142857142857,49,19,4,1,49,3|5|1|2|4|2|4|9|5,network_wide,123
random-sparse,50,0.01,0.03,0.0,0.074,5,47,0.0,0.2653061224489796,48,19,5,1,48,3|5|1|2|4|2|4|9|5|1,network_wide,125
random-sparse,50,0.01,0.03,0.0,0.074,6,48,0.0,0.2653061224489796,47,19,4,1,47,3|5|1|2|4|2|4|9|5|2,network_wide,111
random-sparse,50,0.01,0.03,0.0,0.074,7,49,0.0,0.2653061224489796,46,19,5,1,46,1|5|1|2|4|2|4|9|5|3,network_wide,116
random-sparse,50,0.01,0.03,0.0,0.074,8,50,0.0,0.2653061224489796,45,20,5,1,45,1|5|1|2|4|2|4|9|5|4,network_wide,110
random-sparse,50,0.01,0.03,0.0,0.074,9,51,0.0,0.24489795918367346,44,19,5,1,44,5|1|2|4|2|4|9|5|5,network_wide,132
random-sparse,50,0.01,0.03,0.0,0.074,10,52,0.0,0.24489795918367346,43,20,6,1,43,4|1|2|4|2|4|9|5|6,network_wide,127
random-sparse,50,0.01,0.03,0.0,0.074,11,53,0.0,0.24489795918367346,42,19,5,1,42,3|1|2|4|2|4|9|5|7,network_wide,114
random-sparse,50,0.01,0.03,0.0,0.074,12,54,0.0,0.22448979591836735,41,19,5,1,41,3|1|2|4|2|4|10|5|8,network_wide,128
random-sparse,50,0.01,0.03,0.0,0.074,13,55,0.0,0.2653061224489796,40,19,5,1,40,1|1|2|4|2|4|1|7|5|9,network_wide,116
random-sparse,50,0.01,0.03,0.0,0.074,14,56,0.0,0.22448979591836735,39,20,5,1,39,1|1|2|4|2|4|10|5|10,network_wide,114
random-sparse,50,0.01,0.03,0.0,0.074,15,57,0.0,0.22448979591836735,38,19,15,1,38,1|2|4|2|4|9|5|11,network_wide,119
random-sparse,50,0.01,0.03,0.0,0.074,16,58,0.0,0.22448979591836735,37,19,15,1,37,1|2|4|2|4|9|5|12,network_wide,98
random-sparse,50,0.01,0.03,0.0,0.074,17,59,0.0,0.1836734693877551,36,19,16,0,36,2|4|2|4|10|5|13,network_wide,120
random-sparse,50,0.01,0.03,0.0,0.074,18,60,0.0,0.20408163265306123,35,19,16,1,35,2|4|2|4|9|5|14,network_wide,106
random-sparse,50,0.01,0.03,0.0,0.074,19,61,0.0,0.20408163265306123,34,19,15,1,34,1|4|2|4|9|5|15,network_wide,110
random-sparse,50,0.01,0.03,0.0,0.074,20,62,0.0,0.1836734693877551,33,19,16,0,33,4|2|4|9|5|16,network_wide,114
random-sparse,50,0.01,0.03,0.0,0.074,21,63,0.0,0.1836734693877551,32,19,15,0,32,4|2|4|9|5|17,network_wide,114
random-sparse,50,0.01,0.03,0.0,0.074,22,64,0.0,0.22448979591836735,49,19,1,1,49,3|2|4|1|7|5|17,network_wide,122
random-sparse,50,0.01,0.03,0.0,0.074,23,65,0.0,0.20408163265306123,48,19,3,1,48,2|2|4|9|5|17|1,network_wide,120
random-sparse,50,0.01,0.03,0.0,0.074,24,66,0.0,0.1836734693877551,47,20,3,0,47,1|2|4|10|5|17|2,network_wide,103
random-sparse,50,0.01,0.03,0.0,0.074,25,67,0.0,0.16326530612244897,46,19,1,0,46,2|4|1|9|5|17|3,network_wide,127
random-sparse,50,0.01,0.03,0.0,0.074,26,68,0.0,0.14285714285714285,45,19,1,0,45,1|4|1|10|5|17|4,network_wide,114
random-sparse,50,0.01,0.03,0.0,0.074,27,69,0.0,0.1836734693877551,44,19,1,0,44,1|4|9|5|17|5,network_wide,105
random-sparse,50,0.01,0.03,0.0,0.074,28,70,0.0,0.1836734693877551,49,19,1,0,49,4|9|5|17|5,network_wide,125
random-sparse,50,0.01,0.03,0.0,0.074,29,71,0.0,0.20408163265306123,49,19,3,1,49,3|9|5|17|5,network_wide,116
random-sparse,50,0.01,0.03,0.0,0.074,30,72,0.0,0.1836734693877551,48,19,1,0,48,2|1|9|5|17|5|1,network_wide,108
random-sparse,50,0.01,0.03,0.0,0.074,31,73,0.0,0.1836734693877551,47,19,3,0,47,2|10|5|17|5|2,network_wide,111
random-sparse,50,0.01,0.03,0.0,0.074,32,74,0.0,0.16326530612244897,46,19,1,0,46,10|5|17|6|3,network_wide,108
random-sparse,50,0.01,0.03,0.0,0.074,33,75,0.0,0.22448979591836735,45,19,1,1,45,1|7|5|16|5|4,network_wide,128
random-sparse,50,0.01,0.03,0.0,0.074,34,76,0.0,0.1836734693877551,44,19,1,0,44,9|5|16|5|5,network_wide,111
random-sparse,50,0.01,0.03,0.0,0.074,35,77,0.0,0.14285714285714285,43,19,1,0,43,9|5|17|5|6,network_wide,131
random-sparse,50,0.01,0.03,0.0,0.074,36,78,0.0,0.16326530612244897,42,20,1,0,42,7|5|17|5|7,network_wide,110
random-sparse,50,0.01,0.03,0.0,0.074,37,79,0.0,0.1836734693877551,49,19,1,0,49,8|5|16|5|7,network_wide,111
random-sparse,50,0.01,0.03,0.0,0.074,38,80,0.0,0.16326530612244897,48,19,4,0,48,7|5|16|5|7|1,network_wide,110
random-sparse,50,0.01,0.03,0.0,0.074,39,81,0.0,0.16326530612244897,47,19,1,0,47,6|5|16|5|7|2,network_wide,117
random-sparse,50,0.01,0.03,0.0,0.074,40,82,0.0,0.1836734693877551,46,19,3,0,46,4|5|16|5|7|3,network_wide,108
random-sparse,50,0.01,0.03,0.0,0.074,41,83,0.0,0.16326530612244897,45,19,1,0,45,4|5|17|5|7|4,network_wide,105
random-sparse,50,0.01,0.03,0.0,0.074,42,84,0.0,0.16326530612244897,44,19,3,0,44,2|5|17|5|7|5,network_wide,131
random-sparse,50,0.01,0.03,0.0,0.074,43,85,0.0,0.16326530612244897,43,19,1,0,43,1|5|17|5|7|6,network_wide,110
random-sparse,50,0.01,0.03,0.0,0.074,44,86,0.0,0.16326530612244897,42,19,3,0,42,1|5|17|5|7|7,network_wide,124
random-sparse,50,0.01,0.03,0.0,0.074,45,87,0.0,0.14285714285714285,41,19,1,0,41,1|5|17|5|7|8,network_wide,126
random-sparse,50,0.01,0.03,0.0,0.074,46,88,0.0,0.12244897959183673,40,9,4,0,40,5|17|5|7|9,network_wide,107
random-sparse,50,0.01,0.03,0.0,0.074,47,89,0.0,0.10204081632653061,39,8,3,0,39,5|17|5|7|10,network_wide,117
random-sparse,50,0.01,0.03,0.0,0.074,48,90,0.0,0.14285714285714285,49,8,1,0,49,4|16|5|7|10,network_wide,124
random-sparse,50,0.01,0.03,0.0,0.074,49,91,0.0,0.12244897959183673,48,8,1,0,48,3|17|5|7|10|1,network_wide,116
random-sparse,50,0.01,0.03,0.0,0.076,0,42,0.0,0.24489795918367346,47,19,4,1,47,3|4|5|1|2|4|2|4|10|2,network_wide,111
random-sparse,50,0.01,0.03,0.0,0.076,1,43,0.0,0.2857142857142857,46,19,5,1,46,2|3|5|1|2|4|2|4|9|3,network_wide,125
random-sparse,50,0.01,0.03,0.0,0.076,2,44,0.0,0.2653061224489796,45,10,4,1,45,2|3|5|1|2|4|2|4|10|4,network_wide,133
random-sparse,50,0.01,0.03,0.0,0.076,3,45,0.0,0.2857142857142857,44,19,4,1,44,1|3|5|1|2|4|2|4|9|5,network_wide,120
random-sparse,50,0.01,0.03,0.0,0.076,4,46,0.0,0.2857142857142857,49,19,4,1,49,3|5|1|2|4|2|4|1|8|5,network_wide,123
random-sparse,50,0.01,0.03,0.0,0.076,5,47,0.0,0.2653061224489796,48,19,5,1,48,3|5|1|2|4|2|4|1|8|5|1,network_wide,125
random-sparse,50,0.01,0.03,0.0,0.076,6,48,0.0,0.2653061224489796,47,10,4,1,47,3|5|1|2|4|2|4|9|5|2,network_wide,111
random-sparse,50,0.01,0.03,0.0,0.076,7,49,0.0,0.2653061224489796,46,19,5,1,46,1|5|1|2|4|2|4|9|5|3,network_wide,116
random-sparse,50,0.01,0.03,0.0,0.076,8,50,0.0,0.2653061224489796,45,19,5,1,45,1|5|1|2|4|2|4|9|5|4,network_wide,110
random-sparse,50,0.01,0.03,0.0,0.076,9,51,0.0,0.2653061224489796,44,19,5,1,44,5|1|2|4|2|4|1|7|5|5,network_wide,132
random-sparse,50,0.01,0.03,0.0,0.076,10,52,0.0,0.22448979591836735,43,19,6,1,43,4|1|2|4|2|4|10|5|6,network_wide,127
random-sparse,50,0.01,0.03,0.0,0.076,11,53,0.0,0.24489795918367346,42,19,5,1,42,3|1|2|4|2|4|9|5|7,network_wide,114
random-sparse,50,0.01,0.03,0.0,0.076,12,54,0.0,0.24489795918367346,41,19,5,1,41,3|1|2|4|2|4|1|8|5|8,network_wide,128
random-sparse,50,0.01,0.03,0.0,0.076,13,55,0.0,0.2653061224489796,40,19,5,1,40,1|1|2|4|2|4|1|7|5|9,network_wide,116
random-sparse,50,0.01,0.03,0.0,0.076,14,56,0.0,0.24489795918367346,39,19,5,1,39,1|1|2|4|2|4|1|8|5|10,network_wide,114
random-sparse,50,0.01,0.03,0.0,0.076,15,57,0.0,0.22448979591836735,38,19,15,1,38,1|2|4|2|4|9|5|11,network_wide,119
random-sparse,50,0.01,0.03,0.0,0.076,16,58,0.0,0.22448979591836735,37,19,15,1,37,1|2|4|2|4|1|8|5|12,network_wide,98
random-sparse,50,0.01,0.03,0.0,0.076,17,59,0.0,0.20408163265306123,36,19,16,1,36,2|4|2|4|1|8|5|13,network_wide,120
random-sparse,50,0.01,0.03,0.0,0.076,18,60,0.0,0.1836734693877551,35,10,16,0,35,2|4|2|4|1|9|5|14,network_wide,106
random-sparse,50,0.01,0.03,0.0,0.076,19,61,0.0,0.1836734693877551,34,19,15,0,34,1|4|2|4|10|5|15,network_wide,110
random-sparse,50,0.01,0.03,0.0,0.076,20,62,0.0,0.16326530612244897,33,10,16,0,33,4|2|4|10|5|16,network_wide,114
random-sparse,50,0.01,0.03,0.0,0.076,21,63,0.0,0.1836734693877551,32,10,15,0,32,4|2|4|9|5|17,network_wide,114
random-sparse,50,0.01,0.03,0.0,0.076,22,64,0.0,0.22448979591836735,49,19,1,1,49,3|2|4|1|7|5|17,network_wide,122
random-sparse,50,0.01,0.03,0.0,0.076,23,65,0.0,0.20408163265306123,48,19,3,1,48,2|2|4|10|5|16|1,network_wide,120
random-sparse,50,0.01,0.03,0.0,0.076,24,66,0.0,0.1836734693877551,47,19,3,0,47,1|2|4|10|5|17|2,network_wide,103
random-sparse,50,0.01,0.03,0.0,0.076,25,67,0.0,0.1836734693877551,46,19,1,0,46,2|4|1|1|7|5|17|3,network_wide,127
random-sparse,50,0.01,0.03,0.0,0.076,26,68,0.0,0.14285714285714285,45,10,1,0,45,1|4|1|10|5|17|4,network_wide,114
random-sparse,50,0.01,0.03,0.0,0.076,27,69,0.0,0.1836734693877551,44,10,1,0,44,1|4|9|5|17|5,network_wide,105
random-sparse,50,0.01,0.03,0.0,0.076,28,70,0.0,0.1836734693877551,49,19,1,0,49,4|1|8|5|17|5,network_wide,125
random-sparse,50,0.01,0.03,0.0,0.076,29,71,0.0,0.1836734693877551,49,19,3,0,49,3|10|5|17|5,network_wide,116
random-sparse,50,0.01,0.03,0.0,0.076,30,72,0.0,0.16326530612244897,48,10,1,0,48,2|1|10|5|17|5|1,network_wide,108
random-sparse,50,0.01,0.03,0.0,0.076,31,73,0.0,0.1836734693877551,46,19,3,0,46,2|1|8|5|17|5|3,network_wide,111
random-sparse,50,0.01,0.03,0.0,0.076,32,74,0.0,0.16326530612244897,46,10,1,0,46,10|5|17|6|3,network_wide,108
random-sparse,50,0.01,0.03,0.0,0.076,33,75,0.0,0.22448979591836735,45,10,1,1,45,1|7|5|16|5|4,network_wide,128
random-sparse,50,0.01,0.03,0.0,0.076,34,76,0.0,0.14285714285714285,43,19,1,0,43,10|5|16|5|6,network_wide,111
random-sparse,50,0.01,0.03,0.0,0.076,35,77,0.0,0.12244897959183673,43,10,1,0,43,10|5|17|5|6,network_wide,131
random-sparse,50,0.01,0.03,0.0,0.076,36,78,0.0,0.14285714285714285,42,19,1,0,42,8|5|17|5|7,network_wide,110
random-sparse,50,0.01,0.03,0.0,0.076,37,79,0.0,0.1836734693877551,49,10,1,0,49,8|5|16|5|7,network_wide,111
random-sparse,50,0.01,0.03,0.0,0.076,38,80,0.0,0.14285714285714285,48,19,4,0,48,7|5|17|5|7|1,network_wide,110
random-sparse,50,0.01,0.03,0.0,0.076,39,81,0.0,0.14285714285714285,47,19,1,0,47,6|5|16|5|8|2,network_wide,117
random-sparse,50,0.01,0.03,0.0,0.076,40,82,0.0,0.14285714285714285,46,19,3,0,46,5|5|17|5|7|3,network_wide,108
random-sparse,50,0.01,0.03,0.0,0.076,41,83,0.0,0.16326530612244897,45,19,1,0,45,4|5|17|5|7|4,network_wide,105
random-sparse,50,0.01,0.03,0.0,0.076,42,84,0.0,0.16326530612244897,44,10,3,0,44,2|5|17|5|7|5,network_wide,131
random-sparse,50,0.01,0.03,0.0,0.076,43,85,0.0,0.16326530612244897,43,19,1,0,43,1|5|17|5|7|6,network_wide,110
random-sparse,50,0.01,0.03,0.0,0.076,44,86,0.0,0.16326530612244897,42,19,3,0,42,1|5|17|5|7|7,network_wide,124
random-sparse,50,0.01,0.03,0.0,0.076,45,87,0.0,0.14285714285714285,41,19,1,0,41,1|5|17|5|7|8,network_wide,126
random-sparse,50,0.01,0.03,0.0,0.076,46,88,0.0,0.12244897959183673,40,8,4,0,40,5|17|5|7|9,network_wide,107
random-sparse,50,0.01,0.03,0.0,0.076,47,89,0.0,0.10204081632653061,39,8,3,0,39,5|17|5|7|10,network_wide,117
random-sparse,50,0.01,0.03,0.0,0.076,48,90,0.0,0.10204081632653061,49,8,1,0,49,4|17|5|8|10,network_wide,124
random-sparse,50,0.01,0.03,0.0,0.076,49,91,0.0,0.12244897959183673,48,8,1,0,48,3|17|5|7|10|1,network_wide,116
fully-connected,50,0.01,0.02,0.0,0.06,0,42,0.0,0.32653061224489793,47,20,4,1,47,3|3|2|2|1|2|4|2|4|3|5|2,hub_localized,1225
fully-connected,50,0.01,0.02,0.0,0.06,1,43,0.0,0.2857142857142857,46,20,5,1,46,2|4|5|1|2|4|2|4|3|5|3,hub_localized,1225
fully-connected,50,0.01,0.02,0.0,0.06,2,44,0.0,0.2857142857142857,45,20,4,1,45,2|4|5|1|2|4|2|4|3|5|4,hub_localized,1225
fully-connected,50,0.01,0.02,0.0,0.06,3,45,0.0,0.32653061224489793,44,27,4,1,44,1|3|2|2|1|2|4|2|4|3|5|5,hub_localized,1225
fully-connected,50,0.01,0.02,0.0,0.06,4,46,0.0,0.30612244897959184,49,27,4,1,49,3|5|1|2|4|2|4|3|5|5,hub_localized,1225
fully-connected,50,0.01,0.02,0.0,0.06,5,47,0.0,0.2857142857142857,48,20,5,1,48,3|5|1|2|4|2|4|3|5|5|1,hub_localized,1225
fully-connected,50,0.01,0.02,0.0,0.06,6,48,0.0,0.30612244897959184,47,20,4,1,47,3|2|2|1|2|4|2|4|3|5|5|2,hub_localized,1225
fully-connected,50,0.01,0.02,0.0,0.06,7,49,0.0,0.30612244897959184,46,20,4,1,46,1|2|2|1|2|4|2|4|3|5|5|3,hub_localized,1225
fully-connected,50,0.01,0.02,0.0,0.06,8,50,0.0,0.30612244897959184,45,20,4,1,45,1|2|2|1|2|4|2|4|3|5|5|4,hub_localized,1225
fully-connected,50,0.01,0.02,0.0,0.06,9,51,0.0,0.2653061224489796,44,20,5,1,44,5|1|2|4|2|4|3|5|5|5,hub_localized,1225
fully-connected,50,0.01,0.02,0.0,0.06,10,52,0.0,0.2653061224489796,43,20,5,1,43,4|1|2|4|2|4|3|5|5|6,hub_localized,1225
fully-connected,50,0.01,0.02,0.0,0.06,11,53,0.0,0.2857142857142857,42,20,4,1,42,3|1|2|4|2|3|3|5|5|7,hub_localized,1225
fully-connected,50,0.01,0.02,0.0,0.06,12,54,0.0,0.2653061224489796,41,20,5,1,41,2|1|2|4|2|4|3|5|5|8,hub_localized,1225
fully-connected,50,0.01,0.02,0.0,0.06,13,55,0.0,0.30612244897959184,40,20,5,1,40,1|1|2|4|2|3|3|5|1|3|9,hub_localized,1225
fully-connected,50,0.01,0.02,0.0,0.06,14,56,0.0,0.30612244897959184,39,20,5,1,39,1|2|4|2|3|3|5|1|3|10,hub_localized,1225
fully-connected,50,0.01,0.02,0.0,0.06,15,57,0.0,0.2653061224489796,38,20,15,1,38,1|2|4|2|3|3|5|5|11,hub_localized,1225
fully-connected,50,0.01,0.02,0.0,0.06,16,58,0.0,0.2653061224489796,37,20,15,1,37,1|2|4|2|4|3|5|1|3|12,hub_localized,1225
fully-connected,50,0.01,0.02,0.0,0.06,17,59,0.0,0.24489795918367346,36,20,15,1,36,2|4|2|3|9|1|3|13,hub_localized,1225
fully-connected,50,0.01,0.02,0.0,0.06,18,60,0.0,0.24489795918367346,35,20,15,1,35,2|4|2|4|3|5|1|3|14,hub_localized,1225
fully-connected,50,0.01,0.02,0.0,0.06,19,61,0.0,0.2653061224489796,34,20,15,1,34,1|4|2|3|3|5|1|3|15,hub_localized,1225
fully-connected,50,0.01,0.02,0.0,0.06,20,62,0.0,0.24489795918367346,33,20,15,1,33,4|2|3|3|5|1|3|16,hub_localized,1225
fully-connected,50,0.01,0.02,0.0,0.06,21,63,0.0,0.2857142857142857,49,20,15,1,49,4|2|3|3|5|1|3|15,hub_localized,1225
fully-connected,50,0.01,0.02,0.0,0.06,22,64,0.0,0.2653061224489796,49,20,1,1,49,3|2|3|9|1|3|16,hub_localized,1225
fully-connected,50,0.01,0.02,0.0,0.06,23,65,0.0,0.30612244897959184,48,20,3,1,48,2|2|3|3|5|1|3|15|1,hub_localized,1225
fully-connected,50,0.01,0.02,0.0,0.06,24,66,0.0,0.30612244897959184,47,20,3,1,47,1|2|3|3|5|1|3|15|2,hub_localized,1225
fully-connected,50,0.01,0.02,0.0,0.06,25,67,0.0,0.2653061224489796,46,20,1,1,46,2|4|3|5|1|3|15|3,hub_localized,1225
fully-connected,50,0.01,0.02,0.0,0.06,26,68,0.0,0.2857142857142857,45,20,1,1,45,1|3|3|5|1|3|15|4,hub_localized,1225
fully-connected,50,0.01,0.02,0.0,0.06,27,69,0.0,0.2653061224489796,44,20,1,1,44,1|4|3|5|1|3|15|5,hub_localized,1225
fully-connected,50,0.01,0.02,0.0,0.06,28,70,0.0,0.24489795918367346,49,20,1,1,49,3|9|1|3|16|5,hub_localized,1225
fully-connected,50,0.01,0.02,0.0,0.06,29,71,0.0,0.2653061224489796,49,20,3,1,49,2|9|1|3|16|5,hub_localized,1225
fully-connected,50,0.01,0.02,0.0,0.06,30,72,0.0,0.24489795918367346,48,20,1,1,48,2|9|1|3|16|5|1,hub_localized,1225
fully-connected,50,0.01,0.02,0.0,0.06,31,73,0.0,0.2857142857142857,47,20,3,1,47,1|3|5|1|3|16|5|2,hub_localized,1225
fully-connected,50,0.01,0.02,0.0,0.06,32,74,0.0,0.2653061224489796,46,20,1,1,46,3|5|1|3|16|5|3,hub_localized,1225
fully-connected,50,0.01,0.02,0.0,0.06,33,75,0.0,0.24489795918367346,45,20,1,1,45,3|5|1|3|16|5|4,hub_localized,1225
fully-connected,50,0.01,0.02,0.0,0.06,34,76,0.0,0.22448979591836735,44,20,1,1,44,3|5|1|3|16|5|5,hub_localized,1225
fully-connected,50,0.01,0.02,0.0,0.06,35,77,0.0,0.1836734693877551,43,20,1,0,43,3|5|5|16|5|6,hub_localized,1225
fully-connected,50,0.01,0.02,0.0,0.06,36,78,0.0,0.22448979591836735,42,20,1,1,42,2|5|1|3|15|5|7,hub_localized,1225
fully-connected,50,0.01,0.02,0.0,0.06,37,79,0.0,0.22448979591836735,49,20,1,1,49,2|5|5|15|5|7,hub_localized,1225
fully-connected,50,0.01,0.02,0.0,0.06,38,80,0.0,0.20408163265306123,48,20,4,1,48,5|5|16|5|7|1,hub_localized,1225
fully-connected,50,0.01,0.02,0.0,0.06,39,81,0.0,0.1836734693877551,47,20,1,0,47,5|5|16|5|7|2,hub_localized,1225
fully-connected,50,0.01,0.02,0.0,0.06,40,82,0.0,0.1836734693877551,46,20,3,0,46,4|5|16|5|7|3,hub_localized,1225
fully-connected,50,0.01,0.02,0.0,0.06,41,83,0.0,0.1836734693877551,45,20,1,0,45,4|5|16|5|7|4,hub_localized,1225
fully-connected,50,0.01,0.02,0.0,0.06,42,84,0.0,0.1836734693877551,44,20,3,0,44,2|5|16|5|7|5,hub_localized,1225
fully-connected,50,0.01,0.02,0.0,0.06,43,85,0.0,0.20408163265306123,43,20,1,1,43,1|5|15|5|7|6,hub_localized,1225
fully-connected,50,0.01,0.02,0.0,0.06,44,86,0.0,0.1836734693877551,42,20,3,0,42,1|5|16|5|7|7,hub_localized,1225
fully-connected,50,0.01,0.02,0.0,0.06,45,87,0.0,0.1836734693877551,41,20,1,0,41,5|15|5|7|8,hub_localized,1225
fully-connected,50,0.01,0.02,0.0,0.06,46,88,0.0,0.14285714285714285,40,14,4,0,40,5|16|5|7|9,hub_localized,1225
fully-connected,50,0.01,0.02,0.0,0.06,47,89,0.0,0.12244897959183673,39,11,3,0,39,5|16|5|7|10,hub_localized,1225
fully-connected,50,0.01,0.02,0.0,0.06,48,90,0.0,0.16326530612244897,49,11,1,0,49,4|15|5|7|10,hub_localized,1225
fully-connected,50,0.01,0.02,0.0,0.06,49,91,0.0,0.14285714285714285,48,11,1,0,48,3|16|5|7|10|1,hub_localized,1225
fully-connected,50,0.01,0.02,0.0,0.062,0,42,0.0,0.32653061224489793,47,20,4,1,47,3|3|2|2|1|2|4|2|4|3|5|2,hub_localized,1225
fully-connected,50,0.01,0.02,0.0,0.062,1,43,0.0,0.30612244897959184,48,20,5,1,48,2|4|5|1|2|4|2|4|3|5|1|1,hub_localized,1225
fully-connected,50,0.01,0.02,0.0,0.062,2,44,0.0,0.30612244897959184,47,20,4,1,47,2|4|5|1|2|4|2|4|3|5|1|2,hub_localized,1225
fully-connected,50,0.01,0.02,0.0,0.062,3,45,0.0,0.3469387755102041,46,27,4,1,46,1|3|2|2|1|2|4|2|4|3|5|1|3,hub_localized,1225
fully-connected,50,0.01,0.02,0.0,0.062,4,46,0.0,0.30612244897959184,49,27,4,1,49,3|5|1|2|4|2|4|3|5|5,hub_localized,1225
fully-connected,50,0.01,0.02,0.0,0.062,5,47,0.0,0.2857142857142857,48,20,5,1,48,3|5|1|2|4|2|4|3|5|5|1,hub_localized,1225
fully-connected,50,0.01,0.02,0.0,0.062,6,48,0.0,0.30612244897959184,47,20,4,1,47,3|2|2|1|2|4|2|4|3|5|5|2,hub_localized,1225
fully-connected,50,0.01,0.02,0.0,0.062,7,49,0.0,0.32653061224489793,46,20,4,1,46,1|2|2|1|2|4|2|4|3|5|1|3|3,hub_localized,1225
fully-connected,50,0.01,0.02,0.0,0.062,8,50,0.0,0.32653061224489793,45,20,4,1,45,1|2|2|1|2|4|2|4|3|5|1|3|4,hub_localized,1225
fully-connected,50,0.01,0.02,0.0,0.062,9,51,0.0,0.2653061224489796,44,20,5,1,44,5|1|2|4|2|4|3|5|5|5,hub_localized,1225
fully-connected,50,0.01,0.02,0.0,0.062,10,52,0.0,0.2857142857142857,43,20,6,1,43,4|1|2|4|2|4|3|5|1|3|6,hub_localized,1225
fully-connected,50,0.01,0.02,0.0,0.062,11,53,0.0,0.2857142857142857,42,20,4,1,42,3|1|2|4|2|4|3|5|1|3|7,hub_localized,1225
fully-connected,50,0.01,0.02,0.0,0.062,12,54,0.0,0.2857142857142857,41,20,5,1,41,3|1|2|4|2|4|3|5|1|3|8,hub_localized,1225
fully-connected,50,0.01,0.02,0.0,0.062,13,55,0.0,0.30612244897959184,40,20,5,1,40,1|1|2|4|2|3|3|5|1|3|9,hub_localized,1225
fully-connected,50,0.01,0.02,0.0,0.062,14,56,0.0,0.2857142857142857,39,20,5,1,39,1|1|2|4|2|4|3|5|1|3|10,hub_localized,1225
fully-connected,50,0.01,0.02,0.0,0.062,15,57,0.0,0.2653061224489796,38,20,15,1,38,1|2|4|2|4|3|5|1|3|11,hub_localized,1225
fully-connected,50,0.01,0.02,0.0,0.062,16,58,0.0,0.2653061224489796,37,20,15,1,37,1|2|4|2|4|3|5|1|3|12,hub_localized,1225
fully-connected,50,0.01,0.02,0.0,0.062,17,59,0.0,0.22448979591836735,36,20,15,1,36,2|4|2|4|9|1|3|13,hub_localized,1225
fully-connected,50,0.01,0.02,0.0,0.062,18,60,0.0,0.24489795918367346,35,20,15,1,35,2|4|2|4|3|5|1|3|14,hub_localized,1225
fully-connected,50,0.01,0.02,0.0,0.062,19,61,0.0,0.24489795918367346,34,20,15,1,34,1|4|2|4|3|5|1|3|15,hub_localized,1225
fully-connected,50,0.01,0.02,0.0,0.062,20,62,0.0,0.22448979591836735,33,20,15,1,33,4|2|4|3|5|1|3|16,hub_localized,1225
fully-connected,50,0.01,0.02,0.0,0.062,21,63,0.0,0.2857142857142857,49,20,15,1,49,4|2|3|3|5|1|3|15,hub_localized,1225
fully-connected,50,0.01,0.02,0.0,0.062,22,64,0.0,0.24489795918367346,49,20,1,1,49,3|2|3|9|5|16,hub_localized,1225
fully-connected,50,0.01,0.02,0.0,0.062,23,65,0.0,0.2857142857142857,48,20,3,1,48,2|2|3|3|5|5|15|1,hub_localized,1225
fully-connected,50,0.01,0.02,0.0,0.062,24,66,0.0,0.30612244897959184,47,20,3,1,47,1|2|3|3|5|1|3|15|2,hub_localized,1225
fully-connected,50,0.01,0.02,0.0,0.062,25,67,0.0,0.2653061224489796,46,20,1,1,46,2|4|3|5|1|3|15|3,hub_localized,1225
fully-connected,50,0.01,0.02,0.0,0.062,26,68,0.0,0.2857142857142857,45,20,1,1,45,1|3|3|5|1|3|15|4,hub_localized,1225
fully-connected,50,0.01,0.02,0.0,0.062,27,69,0.0,0.2653061224489796,44,20,1,1,44,1|4|3|5|1|3|15|5,hub_localized,1225
fully-connected,50,0.01,0.02,0.0,0.062,28,70,0.0,0.24489795918367346,49,20,1,1,49,3|9|1|3|16|5,hub_localized,1225
fully-connected,50,0.01,0.02,0.0,0.062,29,71,0.0,0.2857142857142857,49,20,3,1,49,2|9|1|3|15|5,hub_localized,1225
fully-connected,50,0.01,0.02,0.0,0.062,30,72,0.0,0.24489795918367346,48,20,1,1,48,2|9|1|3|16|5|1,hub_localized,1225
fully-connected,50,0.01,0.02,0.0,0.062,31,73,0.0,0.2857142857142857,47,20,3,1,47,1|3|5|1|3|16|5|2,hub_localized,1225
fully-connected,50,0.01,0.02,0.0,0.062,32,74,0.0,0.24489795918367346,46,20,1,1,46,3|5|1|3|16|6|3,hub_localized,1225
fully-connected,50,0.01,0.02,0.0,0.062,33,75,0.0,0.24489795918367346,45,20,1,1,45,3|5|1|3|16|5|4,hub_localized,1225
fully-connected,50,0.01,0.02,0.0,0.062,34,76,0.0,0.22448979591836735,44,20,1,1,44,3|5|1|3|16|5|5,hub_localized,1225
fully-connected,50,0.01,0.02,0.0,0.062,35,77,0.0,0.20408163265306123,43,20,1,1,43,3|5|1|3|16|5|6,hub_localized,1225
fully-connected,50,0.01,0.02,0.0,0.062,36,78,0.0,0.22448979591836735,42,20,1,1,42,2|5|1|3|15|5|7,hub_localized,1225
fully-connected,50,0.01,0.02,0.0,0.062,37,79,0.0,0.24489795918367346,49,20,1,1,49,2|5|1|3|15|5|7,hub_localized,1225
fully-connected,50,0.01,0.02,0.0,0.062,38,80,0.0,0.22448979591836735,48,20,4,1,48,5|1|3|16|5|7|1,hub_localized,1225
fully-connected,50,0.01,0.02,0.0,0.062,39,81,0.0,0.20408163265306123,47,20,1,1,47,5|1|3|16|5|7|2,hub_localized,1225
fully-connected,50,0.01,0.02,0.0,0.062,40,82,0.0,0.1836734693877551,46,20,3,0,46,4|5|16|5|7|3,hub_localized,1225
fully-connected,50,0.01,0.02,0.0,0.062,41,83,0.0,0.1836734693877551,45,20,1,0,45,4|5|16|5|7|4,hub_localized,1225
fully-connected,50,0.01,0.02,0.0,0.062,42,84,0.0,0.1836734693877551,44,20,3,0,44,2|5|16|5|7|5,hub_localized,1225
fully-connected,50,0.01,0.02,0.0,0.062,43,85,0.0,0.20408163265306123,43,20,1,1,43,1|5|15|5|7|6,hub_localized,1225
fully-connected,50,0.01,0.02,0.0,0.062,44,86,0.0,0.1836734693877551,42,20,3,0,42,1|5|16|5|7|7,hub_localized,1225
fully-connected,50,0.01,0.02,0.0,0.062,45,87,0.0,0.1836734693877551,41,20,1,0,41,5|15|5|7|8,hub_localized,1225
fully-connected,50,0.01,0.02,0.0,0.062,46,88,0.0,0.12244897959183673,40,14,4,0,40,5|16|6|7|9,hub_localized,1225
fully-connected,50,0.01,0.02,0.0,0.062,47,89,0.0,0.12244897959183673,39,11,3,0,39,5|16|5|7|10,hub_localized,1225
fully-connected,50,0.01,0.02,0.0,0.062,48,90,0.0,0.16326530612244897,49,11,1,0,49,4|15|5|7|10,hub_localized,1225
fully-connected,50,0.01,0.02,0.0,0.062,49,91,0.0,0.14285714285714285,48,11,1,0,48,3|16|5|7|10|1,hub_localized,1225
fully-connected,50,0.01,0.02,0.0,0.064,0,42,0.0,0.30612244897959184,47,20,4,1,47,3|3|2|2|1|2|4|2|4|9|2,hub_localized,1225
fully-connected,50,0.01,0.02,0.0,0.064,1,43,0.0,0.2857142857142857,46,20,5,1,46,2|3|5|1|2|4|2|4|9|3,hub_localized,1225
fully-connected,50,0.01,0.02,0.0,0.064,2,44,0.0,0.2857142857142857,45,20,4,1,45,2|3|5|1|2|4|2|4|9|4,hub_localized,1225
fully-connected,50,0.01,0.02,0.0,0.064,3,45,0.0,0.30612244897959184,44,27,4,1,44,1|3|2|2|1|2|4|2|4|9|5,hub_localized,1225
fully-connected,50,0.01,0.02,0.0,0.064,4,46,0.0,0.2857142857142857,49,27,4,1,49,3|5|1|2|4|2|4|9|5,hub_localized,1225
fully-connected,50,0.01,0.02,0.0,0.064,5,47,0.0,0.2653061224489796,48,20,5,1,48,3|5|1|2|4|2|4|9|5|1,hub_localized,1225
fully-connected,50,0.01,0.02,0.0,0.064,6,48,0.0,0.2857142857142857,47,20,4,1,47,3|2|2|1|2|4|2|4|9|5|2,hub_localized,1225
fully-connected,50,0.01,0.02,0.0,0.064,7,49,0.0,0.2857142857142857,46,20,4,1,46,1|2|2|1|2|4|2|4|9|5|3,hub_localized,1225
fully-connected,50,0.01,0.02,0.0,0.064,8,50,0.0,0.2857142857142857,45,20,4,1,45,1|2|2|1|2|4|2|4|9|5|4,hub_localized,1225
fully-connected,50,0.01,0.02,0.0,0.064,9,51,0.0,0.24489795918367346,44,20,5,1,44,5|1|2|4|2|4|9|5|5,hub_localized,1225
fully-connected,50,0.01,0.02,0.0,0.064,10,52,0.0,0.24489795918367346,43,20,6,1,43,4|1|2|4|2|4|9|5|6,hub_localized,1225
fully-connected,50,0.01,0.02,0.0,0.064,11,53,0.0,0.24489795918367346,42,20,4,1,42,3|1|2|4|2|4|9|5|7,hub_localized,1225
fully-connected,50,0.01,0.02,0.0,0.064,12,54,0.0,0.24489795918367346,41,20,5,1,41,3|1|2|4|2|4|9|5|8,hub_localized,1225
fully-connected,50,0.01,0.02,0.0,0.064,13,55,0.0,0.24489795918367346,40,20,5,1,40,1|1|2|4|2|4|9|5|9,hub_localized,1225
fully-connected,50,0.01,0.02,0.0,0.064,14,56,0.0,0.24489795918367346,39,20,5,1,39,1|1|2|4|2|4|9|5|10,hub_localized,1225
fully-connected,50,0.01,0.02,0.0,0.064,15,57,0.0,0.22448979591836735,38,20,15,1,38,1|2|4|2|4|9|5|11,hub_localized,1225
fully-connected,50,0.01,0.02,0.0,0.064,16,58,0.0,0.22448979591836735,37,20,15,1,37,1|2|4|2|4|9|5|12,hub_localized,1225
fully-connected,50,0.01,0.02,0.0,0.064,17,59,0.0,0.20408163265306123,36,20,15,1,36,2|4|2|4|9|5|13,hub_localized,1225
fully-connected,50,0.01,0.02,0.0,0.064,18,60,0.0,0.20408163265306123,35,20,15,1,35,2|4|2|4|9|5|14,hub_localized,1225
fully-connected,50,0.01,0.02,0.0,0.064,19,61,0.0,0.20408163265306123,34,20,15,1,34,1|4|2|4|9|5|15,hub_localized,1225
fully-connected,50,0.01,0.02,0.0,0.064,20,62,0.0,0.1836734693877551,33,20,15,0,33,4|2|4|9|5|16,hub_localized,1225
fully-connected,50,0.01,0.02,0.0,0.064,21,63,0.0,0.20408163265306123,48,20,15,1,48,4|2|4|9|5|15|1,hub_localized,1225
fully-connected,50,0.01,0.02,0.0,0.064,22,64,0.0,0.22448979591836735,49,20,1,1,49,3|2|4|9|5|15|1,hub_localized,1225
fully-connected,50,0.01,0.02,0.0,0.064,23,65,0.0,0.22448979591836735,48,20,3,1,48,2|2|4|9|5|15|1|1,hub_localized,1225
fully-connected,50,0.01,0.02,0.0,0.064,24,66,0.0,0.22448979591836735,47,20,3,1,47,1|2|4|9|5|15|1|2,hub_localized,1225
fully-connected,50,0.01,0.02,0.0,0.064,25,67,0.0,0.20408163265306123,46,20,1,1,46,2|4|9|5|15|1|3,hub_localized,1225
fully-connected,50,0.01,0.02,0.0,0.064,26,68,0.0,0.20408163265306123,45,20,1,1,45,1|4|9|5|15|1|4,hub_localized,1225
fully-connected,50,0.01,0.02,0.0,0.064,27,69,0.0,0.20408163265306123,44,20,1,1,44,1|4|9|5|15|1|5,hub_localized,1225
fully-connected,50,0.01,0.02,0.0,0.064,28,70,0.0,0.1836734693877551,49,20,1,0,49,4|9|5|17|5,hub_localized,1225
fully-connected,50,0.01,0.02,0.0,0.064,29,71,0.0,0.22448979591836735,49,20,3,1,49,3|9|5|15|1|5,hub_localized,1225
fully-connected,50,0.01,0.02,0.0,0.064,30,72,0.0,0.20408163265306123,48,20,1,1,48,2|9|5|17|5|1,hub_localized,1225
fully-connected,50,0.01,0.02,0.0,0.064,31,73,0.0,0.20408163265306123,47,20,3,1,47,2|9|5|17|5|2,hub_localized,1225
fully-connected,50,0.01,0.02,0.0,0.064,32,74,0.0,0.1836734693877551,46,20,1,0,46,9|5|17|6|3,hub_localized,1225
fully-connected,50,0.01,0.02,0.0,0.064,33,75,0.0,0.1836734693877551,45,20,1,0,45,9|5|17|5|4,hub_localized,1225
fully-connected,50,0.01,0.02,0.0,0.064,34,76,0.0,0.16326530612244897,44,20,1,0,44,9|5|17|5|5,hub_localized,1225
fully-connected,50,0.01,0.02,0.0,0.064,35,77,0.0,0.16326530612244897,43,20,1,0,43,9|5|16|5|6,hub_localized,1225
fully-connected,50,0.01,0.02,0.0,0.064,36,78,0.0,0.16326530612244897,42,20,1,0,42,8|5|15|1|5|7,hub_localized,1225
fully-connected,50,0.01,0.02,0.0,0.064,37,79,0.0,0.20408163265306123,49,20,1,1,49,8|5|15|5|7,hub_localized,1225
fully-connected,50,0.01,0.02,0.0,0.064,38,80,0.0,0.1836734693877551,48,20,4,0,48,6|5|16|5|7|1,hub_localized,1225
fully-connected,50,0.01,0.02,0.0,0.064,39,81,0.0,0.1836734693877551,47,20,1,0,47,5|5|16|5|7|2,hub_localized,1225
fully-connected,50,0.01,0.02,0.0,0.064,40,82,0.0,0.1836734693877551,46,20,3,0,46,4|5|16|5|7|3,hub_localized,1225
fully-connected,50,0.01,0.02,0.0,0.064,41,83,0.0,0.1836734693877551,45,20,1,0,45,4|5|16|5|7|4,hub_localized,1225
fully-connected,50,0.01,0.02,0.0,0.064,42,84,0.0,0.1836734693877551,44,20,3,0,44,2|5|16|5|7|5,hub_localized,1225
fully-connected,50,0.01,0.02,0.0,0.064,43,85,0.0,0.20408163265306123,43,20,1,1,43,1|5|15|5|7|6,hub_localized,1225
fully-connected,50,0.01,0.02,0.0,0.064,44,86,0.0,0.1836734693877551,42,20,3,0,42,1|5|16|5|7|7,hub_localized,1225
fully-connected,50,0.01,0.02,0.0,0.064,45,87,0.0,0.1836734693877551,41,20,1,0,41,5|15|5|7|8,hub_localized,1225
fully-connected,50,0.01,0.02,0.0,0.064,46,88,0.0,0.14285714285714285,40,8,4,0,40,5|16|5|7|9,hub_localized,1225
fully-connected,50,0.01,0.02,0.0,0.064,47,89,0.0,0.12244897959183673,39,10,3,0,39,5|16|5|7|10,hub_localized,1225
fully-connected,50,0.01,0.02,0.0,0.064,48,90,0.0,0.16326530612244897,49,10,1,0,49,4|15|5|7|10,hub_localized,1225
fully-connected,50,0.01,0.02,0.0,0.064,49,91,0.0,0.14285714285714285,48,10,1,0,48,3|16|5|7|10|1,hub_localized,1225
fully-connected,50,0.01,0.02,0.0,0.066,0,42,0.0,0.30612244897959184,47,20,4,1,47,3|3|2|2|1|2|4|2|4|9|2,hub_localized,1225
fully-connected,50,0.01,0.02,0.0,0.066,1,43,0.0,0.2857142857142857,46,20,5,1,46,2|3|5|1|2|4|2|4|9|3,hub_localized,1225
fully-connected,50,0.01,0.02,0.0,0.066,2,44,0.0,0.2857142857142857,45,20,4,1,45,2|3|5|1|2|4|2|4|9|4,hub_localized,1225
fully-connected,50,0.01,0.02,0.0,0.066,3,45,0.0,0.30612244897959184,44,27,4,1,44,1|3|2|2|1|2|4|2|4|9|5,hub_localized,1225
fully-connected,50,0.01,0.02,0.0,0.066,4,46,0.0,0.2857142857142857,49,27,4,1,49,3|5|1|2|4|2|4|9|5,hub_localized,1225
fully-connected,50,0.01,0.02,0.0,0.066,5,47,0.0,0.2653061224489796,48,20,5,1,48,3|5|1|2|4|2|4|9|5|1,hub_localized,1225
fully-connected,50,0.01,0.02,0.0,0.066,6,48,0.0,0.2857142857142857,47,20,4,1,47,3|2|2|1|2|4|2|4|9|5|2,hub_localized,1225
fully-connected,50,0.01,0.02,0.0,0.066,7,49,0.0,0.2857142857142857,46,20,4,1,46,1|2|2|1|2|4|2|4|9|5|3,hub_localized,1225
fully-connected,50,0.01,0.02,0.0,0.066,8,50,0.0,0.2857142857142857,45,20,4,1,45,1|2|2|1|2|4|2|4|9|5|4,hub_localized,1225
fully-connected,50,0.01,0.02,0.0,0.066,9,51,0.0,0.24489795918367346,44,20,5,1,44,5|1|2|4|2|4|9|5|5,hub_localized,1225
fully-connected,50,0.01,0.02,0.0,0.066,10,52,0.0,0.24489795918367346,43,20,6,1,43,4|1|2|4|2|4|9|5|6,hub_localized,1225
fully-connected,50,0.01,0.02,0.0,0.066,11,53,0.0,0.24489795918367346,42,20,5,1,42,3|1|2|4|2|4|9|5|7,hub_localized,1225
fully-connected,50,0.01,0.02,0.0,0.066,12,54,0.0,0.24489795918367346,41,20,5,1,41,3|1|2|4|2|4|9|5|8,hub_localized,1225
fully-connected,50,0.01,0.02,0.0,0.066,13,55,0.0,0.24489795918367346,40,20,5,1,40,1|1|2|4|2|4|9|5|9,hub_localized,1225
fully-connected,50,0.01,0.02,0.0,0.066,14,56,0.0,0.24489795918367346,39,20,5,1,39,1|1|2|4|2|4|9|5|10,hub_localized,1225
fully-connected,50,0.01,0.02,0.0,0.066,15,57,0.0,0.22448979591836735,38,20,15,1,38,1|2|4|2|4|9|5|11,hub_localized,1225
fully-connected,50,0.01,0.02,0.0,0.066,16,58,0.0,0.22448979591836735,37,20,15,1,37,1|2|4|2|4|9|5|12,hub_localized,1225
fully-connected,50,0.01,0.02,0.0,0.066,17,59,0.0,0.20408163265306123,36,20,15,1,36,2|4|2|4|9|5|13,hub_localized,1225
fully-connected,50,0.01,0.02,0.0,0.066,18,60,0.0,0.20408163265306123,35,20,15,1,35,2|4|2|4|9|5|14,hub_localized,1225
fully-connected,50,0.01,0.02,0.0,0.066,19,61,0.0,0.20408163265306123,34,20,15,1,34,1|4|2|4|9|5|15,hub_localized,1225
fully-connected,50,0.01,0.02,0.0,0.066,20,62,0.0,0.1836734693877551,33,20,15,0,33,4|2|4|9|5|16,hub_localized,1225
fully-connected,50,0.01,0.02,0.0,0.066,21,63,0.0,0.20408163265306123,48,20,15,1,48,4|2|4|9|5|15|1,hub_localized,1225
fully-connected,50,0.01,0.02,0.0,0.066,22,64,0.0,0.22448979591836735,49,20,1,1,49,3|2|4|9|5|15|1,hub_localized,1225
fully-connected,50,0.01,0.02,0.0,0.066,23,65,0.0,0.22448979591836735,48,20,3,1,48,2|2|4|9|5|15|1|1,hub_localized,1225
fully-connected,50,0.01,0.02,0.0,0.066,24,66,0.0,0.22448979591836735,47,20,3,1,47,1|2|4|9|5|15|1|2,hub_localized,1225
fully-connected,50,0.01,0.02,0.0,0.066,25,67,0.0,0.20408163265306123,46,20,1,1,46,2|4|9|5|15|1|3,hub_localized,1225
fully-connected,50,0.01,0.02,0.0,0.066,26,68,0.0,0.20408163265306123,45,20,1,1,45,1|4|9|5|15|1|4,hub_localized,1225
fully-connected,50,0.01,0.02,0.0,0.066,27,69,0.0,0.20408163265306123,44,20,1,1,44,1|4|9|5|15|1|5,hub_localized,1225
fully-connected,50,0.01,0.02,0.0,0.066,28,70,0.0,0.1836734693877551,49,20,1,0,49,4|9|5|17|5,hub_localized,1225
fully-connected,50,0.01,0.02,0.0,0.066,29,71,0.0,0.22448979591836735,49,20,3,1,49,3|9|5|15|1|5,hub_localized,1225
fully-connected,50,0.01,0.02,0.0,0.066,30,72,0.0,0.20408163265306123,48,20,1,1,48,2|9|5|17|5|1,hub_localized,1225
fully-connected,50,0.01,0.02,0.0,0.066,31,73,0.0,0.20408163265306123,47,20,3,1,47,2|9|5|17|5|2,hub_localized,1225
fully-connected,50,0.01,0.02,0.0,0.066,32,74,0.0,0.1836734693877551,46,20,1,0,46,9|5|17|6|3,hub_localized,1225
fully-connected,50,0.01,0.02,0.0,0.066,33,75,0.0,0.1836734693877551,45,20,1,0,45,9|5|17|5|4,hub_localized,1225
fully-connected,50,0.01,0.02,0.0,0.066,34,76,0.0,0.16326530612244897,44,20,1,0,44,9|5|17|5|5,hub_localized,1225
fully-connected,50,0.01,0.02,0.0,0.066,35,77,0.0,0.14285714285714285,43,20,1,0,43,9|5|17|5|6,hub_localized,1225
fully-connected,50,0.01,0.02,0.0,0.066,36,78,0.0,0.16326530612244897,42,20,1,0,42,8|5|15|1|5|7,hub_localized,1225
fully-connected,50,0.01,0.02,0.0,0.066,37,79,0.0,0.1836734693877551,49,20,1,0,49,8|5|15|1|5|7,hub_localized,1225
fully-connected,50,0.01,0.02,0.0,0.066,38,80,0.0,0.16326530612244897,48,20,4,0,48,6|5|17|5|7|1,hub_localized,1225
fully-connected,50,0.01,0.02,0.0,0.066,39,81,0.0,0.16326530612244897,47,20,1,0,47,5|5|17|5|7|2,hub_localized,1225
fully-connected,50,0.01,0.02,0.0,0.066,40,82,0.0,0.16326530612244897,46,20,3,0,46,4|5|17|5|7|3,hub_localized,1225
fully-connected,50,0.01,0.02,0.0,0.066,41,83,0.0,0.16326530612244897,45,20,1,0,45,4|5|17|5|7|4,hub_localized,1225
fully-connected,50,0.01,0.02,0.0,0.066,42,84,0.0,0.16326530612244897,44,20,3,0,44,2|5|17|5|7|5,hub_localized,1225
fully-connected,50,0.01,0.02,0.0,0.066,43,85,0.0,0.16326530612244897,43,20,1,0,43,1|5|17|5|7|6,hub_localized,1225
fully-connected,50,0.01,0.02,0.0,0.066,44,86,0.0,0.16326530612244897,42,20,3,0,42,1|5|17|5|7|7,hub_localized,1225
fully-connected,50,0.01,0.02,0.0,0.066,45,87,0.0,0.16326530612244897,41,20,1,0,41,5|15|1|5|7|8,hub_localized,1225
fully-connected,50,0.01,0.02,0.0,0.066,46,88,0.0,0.12244897959183673,40,8,4,0,40,5|17|5|7|9,hub_localized,1225
fully-connected,50,0.01,0.02,0.0,0.066,47,89,0.0,0.12244897959183673,39,10,3,0,39,5|16|5|7|10,hub_localized,1225
fully-connected,50,0.01,0.02,0.0,0.066,48,90,0.0,0.14285714285714285,49,10,1,0,49,4|15|1|5|7|10,hub_localized,1225
fully-connected,50,0.01,0.02,0.0,0.066,49,91,0.0,0.12244897959183673,48,10,1,0,48,3|17|5|7|10|1,hub_localized,1225
fully-connected,50,0.01,0.02,0.0,0.068,0,42,0.0,0.2857142857142857,47,20,4,1,47,3|4|2|2|1|2|4|2|4|9|2,hub_localized,1225
fully-connected,50,0.01,0.02,0.0,0.068,1,43,0.0,0.2857142857142857,46,20,5,1,46,2|3|5|1|2|4|2|4|9|3,hub_localized,1225
fully-connected,50,0.01,0.02,0.0,0.068,2,44,0.0,0.2857142857142857,45,20,4,1,45,2|3|5|1|2|4|2|4|9|4,hub_localized,1225
fully-connected,50,0.01,0.02,0.0,0.068,3,45,0.0,0.2857142857142857,44,27,4,1,44,1|3|5|1|2|4|2|4|9|5,hub_localized,1225
fully-connected,50,0.01,0.02,0.0,0.068,4,46,0.0,0.2857142857142857,49,27,4,1,49,3|5|1|2|4|2|4|9|5,hub_localized,1225
fully-connected,50,0.01,0.02,0.0,0.068,5,47,0.0,0.2653061224489796,48,20,5,1,48,3|5|1|2|4|2|4|9|5|1,hub_localized,1225
fully-connected,50,0.01,0.02,0.0,0.068,6,48,0.0,0.2653061224489796,47,20,4,1,47,3|5|1|2|4|2|4|9|5|2,hub_localized,1225
fully-connected,50,0.01,0.02,0.0,0.068,7,49,0.0,0.2857142857142857,46,20,4,1,46,1|2|2|1|2|4|2|4|9|5|3,hub_localized,1225
fully-connected,50,0.01,0.02,0.0,0.068,8,50,0.0,0.2857142857142857,45,20,5,1,45,1|2|2|1|2|4|2|4|9|5|4,hub_localized,1225
fully-connected,50,0.01,0.02,0.0,0.068,9,51,0.0,0.24489795918367346,44,20,5,1,44,5|1|2|4|2|4|9|5|5,hub_localized,1225
fully-connected,50,0.01,0.02,0.0,0.068,10,52,0.0,0.24489795918367346,43,20,6,1,43,4|1|2|4|2|4|9|5|6,hub_localized,1225
fully-connected,50,0.01,0.02,0.0,0.068,11,53,0.0,0.24489795918367346,42,20,5,1,42,3|1|2|4|2|4|9|5|7,hub_localized,1225
fully-connected,50,0.01,0.02,0.0,0.068,12,54,0.0,0.24489795918367346,41,20,5,1,41,3|1|2|4|2|4|9|5|8,hub_localized,1225
fully-connected,50,0.01,0.02,0.0,0.068,13,55,0.0,0.24489795918367346,40,20,5,1,40,1|1|2|4|2|4|9|5|9,hub_localized,1225
fully-connected,50,0.01,0.02,0.0,0.068,14,56,0.0,0.24489795918367346,39,20,5,1,39,1|1|2|4|2|4|9|5|10,hub_localized,1225
fully-connected,50,0.01,0.02,0.0,0.068,15,57,0.0,0.22448979591836735,38,20,15,1,38,1|2|4|2|4|9|5|11,hub_localized,1225
fully-connected,50,0.01,0.02,0.0,0.068,16,58,0.0,0.22448979591836735,37,20,15,1,37,1|2|4|2|4|9|5|12,hub_localized,1225
fully-connected,50,0.01,0.02,0.0,0.068,17,59,0.0,0.20408163265306123,36,20,16,1,36,2|4|2|4|9|5|13,hub_localized,1225
fully-connected,50,0.01,0.02,0.0,0.068,18,60,0.0,0.20408163265306123,35,20,16,1,35,2|4|2|4|9|5|14,hub_localized,1225
fully-connected,50,0.01,0.02,0.0,0.068,19,61,0.0,0.20408163265306123,34,20,15,1,34,1|4|2|4|9|5|15,hub_localized,1225
fully-connected,50,0.01,0.02,0.0,0.068,20,62,0.0,0.1836734693877551,33,20,16,0,33,4|2|4|9|5|16,hub_localized,1225
fully-connected,50,0.01,0.02,0.0,0.068,21,63,0.0,0.20408163265306123,48,20,15,1,48,4|2|4|9|5|15|1,hub_localized,1225
fully-connected,50,0.01,0.02,0.0,0.068,22,64,0.0,0.22448979591836735,49,20,1,1,49,3|2|4|9|5|15|1,hub_localized,1225
fully-connected,50,0.01,0.02,0.0,0.068,23,65,0.0,0.22448979591836735,48,20,3,1,48,2|2|4|9|5|15|1|1,hub_localized,1225
fully-connected,50,0.01,0.02,0.0,0.068,24,66,0.0,0.22448979591836735,47,20,3,1,47,1|2|4|9|5|15|1|2,hub_localized,1225
fully-connected,50,0.01,0.02,0.0,0.068,25,67,0.0,0.20408163265306123,46,20,1,1,46,2|4|9|5|15|1|3,hub_localized,1225
fully-connected,50,0.01,0.02,0.0,0.068,26,68,0.0,0.20408163265306123,45,20,1,1,45,1|4|9|5|15|1|4,hub_localized,1225
fully-connected,50,0.01,0.02,0.0,0.068,27,69,0.0,0.20408163265306123,44,20,1,1,44,1|4|9|5|15|1|5,hub_localized,1225
fully-connected,50,0.01,0.02,0.0,0.068,28,70,0.0,0.1836734693877551,49,20,1,0,49,4|9|5|17|5,hub_localized,1225
fully-connected,50,0.01,0.02,0.0,0.068,29,71,0.0,0.22448979591836735,49,20,3,1,49,3|9|5|15|1|5,hub_localized,1225
fully-connected,50,0.01,0.02,0.0,0.068,30,72,0.0,0.20408163265306123,48,20,1,1,48,2|9|5|17|5|1,hub_localized,1225
fully-connected,50,0.01,0.02,0.0,0.068,31,73,0.0,0.20408163265306123,47,20,3,1,47,2|9|5|17|5|2,hub_localized,1225
fully-connected,50,0.01,0.02,0.0,0.068,32,74,0.0,0.1836734693877551,46,20,1,0,46,9|5|17|6|3,hub_localized,1225
fully-connected,50,0.01,0.02,0.0,0.068,33,75,0.0,0.1836734693877551,45,20,1,0,45,9|5|17|5|4,hub_localized,1225
fully-connected,50,0.01,0.02,0.0,0.068,34,76,0.0,0.16326530612244897,44,20,1,0,44,9|5|17|5|5,hub_localized,1225
fully-connected,50,0.01,0.02,0.0,0.068,35,77,0.0,0.14285714285714285,43,20,1,0,43,9|5|17|5|6,hub_localized,1225
fully-connected,50,0.01,0.02,0.0,0.068,36,78,0.0,0.16326530612244897,42,20,1,0,42,8|5|15|1|5|7,hub_localized,1225
fully-connected,50,0.01,0.02,0.0,0.068,37,79,0.0,0.1836734693877551,49,20,1,0,49,8|5|15|1|5|7,hub_localized,1225
fully-connected,50,0.01,0.02,0.0,0.068,38,80,0.0,0.16326530612244897,48,20,4,0,48,6|5|17|5|7|1,hub_localized,1225
fully-connected,50,0.01,0.02,0.0,0.068,39,81,0.0,0.1836734693877551,47,20,1,0,47,5|5|15|1|5|7|2,hub_localized,1225
fully-connected,50,0.01,0.02,0.0,0.068,40,82,0.0,0.16326530612244897,46,20,3,0,46,4|5|17|5|7|3,hub_localized,1225
fully-connected,50,0.01,0.02,0.0,0.068,41,83,0.0,0.16326530612244897,45,20,1,0,45,4|5|17|5|7|4,hub_localized,1225
fully-connected,50,0.01,0.02,0.0,0.068,42,84,0.0,0.16326530612244897,44,20,3,0,44,2|5|17|5|7|5,hub_localized,1225
fully-connected,50,0.01,0.02,0.0,0.068,43,85,0.0,0.16326530612244897,43,20,1,0,43,1|5|17|5|7|6,hub_localized,1225
fully-connected,50,0.01,0.02,0.0,0.068,44,86,0.0,0.1836734693877551,42,20,3,0,42,1|5|15|1|5|7|7,hub_localized,1225
fully-connected,50,0.01,0.02,0.0,0.068,45,87,0.0,0.16326530612244897,41,20,1,0,41,5|15|1|5|7|8,hub_localized,1225
fully-connected,50,0.01,0.02,0.0,0.068,46,88,0.0,0.12244897959183673,40,8,4,0,40,5|17|5|7|9,hub_localized,1225
fully-connected,50,0.01,0.02,0.0,0.068,47,89,0.0,0.10204081632653061,39,10,3,0,39,5|17|5|7|10,hub_localized,1225
fully-connected,50,0.01,0.02,0.0,0.068,48,90,0.0,0.14285714285714285,49,10,1,0,49,4|15|1|5|7|10,hub_localized,1225
fully-connected,50,0.01,0.02,0.0,0.068,49,91,0.0,0.12244897959183673,48,10,1,0,48,3|17|5|7|10|1,hub_localized,1225
fully-connected,50,0.01,0.02,0.0,0.07,0,42,0.0,0.2857142857142857,47,19,4,1,47,3|4|2|2|1|2|4|2|4|9|2,hub_localized,1225
fully-connected,50,0.01,0.02,0.0,0.07,1,43,0.0,0.2857142857142857,46,19,5,1,46,2|3|5|1|2|4|2|4|9|3,hub_localized,1225
fully-connected,50,0.01,0.02,0.0,0.07,2,44,0.0,0.2857142857142857,45,19,4,1,45,2|3|5|1|2|4|2|4|9|4,hub_localized,1225
fully-connected,50,0.01,0.02,0.0,0.07,3,45,0.0,0.2857142857142857,44,19,4,1,44,1|3|5|1|2|4|2|4|9|5,hub_localized,1225
fully-connected,50,0.01,0.02,0.0,0.07,4,46,0.0,0.2857142857142857,49,26,4,1,49,3|5|1|2|4|2|4|9|5,hub_localized,1225
fully-connected,50,0.01,0.02,0.0,0.07,5,47,0.0,0.2653061224489796,48,19,5,1,48,3|5|1|2|4|2|4|9|5|1,hub_localized,1225
fully-connected,50,0.01,0.02,0.0,0.07,6,48,0.0,0.2653061224489796,47,19,4,1,47,3|5|1|2|4|2|4|9|5|2,hub_localized,1225
fully-connected,50,0.01,0.02,0.0,0.07,7,49,0.0,0.2857142857142857,46,19,5,1,46,1|2|2|1|2|4|2|4|9|5|3,hub_localized,1225
fully-connected,50,0.01,0.02,0.0,0.07,8,50,0.0,0.2857142857142857,45,19,5,1,45,1|2|2|1|2|4|2|4|9|5|4,hub_localized,1225
fully-connected,50,0.01,0.02,0.0,0.07,9,51,0.0,0.24489795918367346,44,19,5,1,44,5|1|2|4|2|4|9|5|5,hub_localized,1225
fully-connected,50,0.01,0.02,0.0,0.07,10,52,0.0,0.24489795918367346,43,19,6,1,43,4|1|2|4|2|4|9|5|6,hub_localized,1225
fully-connected,50,0.01,0.02,0.0,0.07,11,53,0.0,0.24489795918367346,42,19,5,1,42,3|1|2|4|2|4|9|5|7,hub_localized,1225
fully-connected,50,0.01,0.02,0.0,0.07,12,54,0.0,0.24489795918367346,41,19,5,1,41,3|1|2|4|2|4|9|5|8,hub_localized,1225
fully-connected,50,0.01,0.02,0.0,0.07,13,55,0.0,0.24489795918367346,40,19,5,1,40,1|1|2|4|2|4|9|5|9,hub_localized,1225
fully-connected,50,0.01,0.02,0.0,0.07,14,56,0.0,0.24489795918367346,39,19,5,1,39,1|1|2|4|2|4|9|5|10,hub_localized,1225
fully-connected,50,0.01,0.02,0.0,0.07,15,57,0.0,0.22448979591836735,38,19,15,1,38,1|2|4|2|4|9|5|11,hub_localized,1225
fully-connected,50,0.01,0.02,0.0,0.07,16,58,0.0,0.22448979591836735,37,19,15,1,37,1|2|4|2|4|9|5|12,hub_localized,1225
fully-connected,50,0.01,0.02,0.0,0.07,17,59,0.0,0.20408163265306123,36,19,16,1,36,2|4|2|4|9|5|13,hub_localized,1225
fully-connected,50,0.01,0.02,0.0,0.07,18,60,0.0,0.20408163265306123,35,19,16,1,35,2|4|2|4|9|5|14,hub_localized,1225
fully-connected,50,0.01,0.02,0.0,0.07,19,61,0.0,0.20408163265306123,34,19,15,1,34,1|4|2|4|9|5|15,hub_localized,1225
fully-connected,50,0.01,0.02,0.0,0.07,20,62,0.0,0.1836734693877551,33,19,16,0,33,4|2|4|9|5|16,hub_localized,1225
fully-connected,50,0.01,0.02,0.0,0.07,21,63,0.0,0.1836734693877551,32,19,15,0,32,4|2|4|9|5|17,hub_localized,1225
fully-connected,50,0.01,0.02,0.0,0.07,22,64,0.0,0.20408163265306123,49,19,1,1,49,3|2|4|9|5|17,hub_localized,1225
fully-connected,50,0.01,0.02,0.0,0.07,23,65,0.0,0.20408163265306123,48,19,3,1,48,2|2|4|9|5|17|1,hub_localized,1225
fully-connected,50,0.01,0.02,0.0,0.07,24,66,0.0,0.20408163265306123,47,19,3,1,47,1|2|4|9|5|17|2,hub_localized,1225
fully-connected,50,0.01,0.02,0.0,0.07,25,67,0.0,0.1836734693877551,46,19,1,0,46,2|4|9|5|17|3,hub_localized,1225
fully-connected,50,0.01,0.02,0.0,0.07,26,68,0.0,0.1836734693877551,45,19,1,0,45,1|4|9|5|17|4,hub_localized,1225
fully-connected,50,0.01,0.02,0.0,0.07,27,69,0.0,0.1836734693877551,44,19,1,0,44,1|4|9|5|17|5,hub_localized,1225
fully-connected,50,0.01,0.02,0.0,0.07,28,70,0.0,0.1836734693877551,49,19,1,0,49,4|9|5|17|5,hub_localized,1225
fully-connected,50,0.01,0.02,0.0,0.07,29,71,0.0,0.20408163265306123,49,19,3,1,49,3|9|5|17|5,hub_localized,1225
fully-connected,50,0.01,0.02,0.0,0.07,30,72,0.0,0.20408163265306123,48,19,1,1,48,2|9|5|17|5|1,hub_localized,1225
fully-connected,50,0.01,0.02,0.0,0.07,31,73,0.0,0.20408163265306123,47,19,3,1,47,2|9|5|17|5|2,hub_localized,1225
fully-connected,50,0.01,0.02,0.0,0.07,32,74,0.0,0.1836734693877551,46,19,1,0,46,9|5|17|6|3,hub_localized,1225
fully-connected,50,0.01,0.02,0.0,0.07,33,75,0.0,0.1836734693877551,45,19,1,0,45,9|5|17|5|4,hub_localized,1225
fully-connected,50,0.01,0.02,0.0,0.07,34,76,0.0,0.16326530612244897,44,19,1,0,44,9|5|17|5|5,hub_localized,1225
fully-connected,50,0.01,0.02,0.0,0.07,35,77,0.0,0.14285714285714285,43,19,1,0,43,9|5|17|5|6,hub_localized,1225
fully-connected,50,0.01,0.02,0.0,0.07,36,78,0.0,0.14285714285714285,42,19,1,0,42,8|5|17|5|7,hub_localized,1225
fully-connected,50,0.01,0.02,0.0,0.07,37,79,0.0,0.16326530612244897,49,19,1,0,49,8|5|17|5|7,hub_localized,1225
fully-connected,50,0.01,0.02,0.0,0.07,38,80,0.0,0.16326530612244897,48,19,4,0,48,6|5|17|5|7|1,hub_localized,1225
fully-connected,50,0.01,0.02,0.0,0.07,39,81,0.0,0.1836734693877551,47,19,1,0,47,5|5|15|1|5|7|2,hub_localized,1225
fully-connected,50,0.01,0.02,0.0,0.07,40,82,0.0,0.16326530612244897,46,19,3,0,46,4|5|17|5|7|3,hub_localized,1225
fully-connected,50,0.01,0.02,0.0,0.07,41,83,0.0,0.1836734693877551,45,19,1,0,45,4|5|15|1|5|7|4,hub_localized,1225
fully-connected,50,0.01,0.02,0.0,0.07,42,84,0.0,0.16326530612244897,44,19,3,0,44,2|5|17|5|7|5,hub_localized,1225
fully-connected,50,0.01,0.02,0.0,0.07,43,85,0.0,0.16326530612244897,43,19,1,0,43,1|5|17|5|7|6,hub_localized,1225
fully-connected,50,0.01,0.02,0.0,0.07,44,86,0.0,0.16326530612244897,42,19,3,0,42,1|5|17|5|7|7,hub_localized,1225
fully-connected,50,0.01,0.02,0.0,0.07,45,87,0.0,0.14285714285714285,41,19,1,0,41,5|17|5|7|8,hub_localized,1225
fully-connected,50,0.01,0.02,0.0,0.07,46,88,0.0,0.12244897959183673,40,8,4,0,40,5|17|5|7|9,hub_localized,1225
fully-connected,50,0.01,0.02,0.0,0.07,47,89,0.0,0.10204081632653061,39,8,3,0,39,5|17|5|7|10,hub_localized,1225
fully-connected,50,0.01,0.02,0.0,0.07,48,90,0.0,0.12244897959183673,49,8,1,0,49,4|17|5|7|10,hub_localized,1225
fully-connected,50,0.01,0.02,0.0,0.07,49,91,0.0,0.12244897959183673,48,8,1,0,48,3|17|5|7|10|1,hub_localized,1225
fully-connected,50,0.01,0.02,0.0,0.072,0,42,0.0,0.2653061224489796,47,19,4,1,47,3|4|5|1|2|4|2|4|9|2,hub_localized,1225
fully-connected,50,0.01,0.02,0.0,0.072,1,43,0.0,0.2857142857142857,46,19,5,1,46,2|3|5|1|2|4|2|4|9|3,hub_localized,1225
fully-connected,50,0.01,0.02,0.0,0.072,2,44,0.0,0.2857142857142857,45,19,4,1,45,2|3|5|1|2|4|2|4|9|4,hub_localized,1225
fully-connected,50,0.01,0.02,0.0,0.072,3,45,0.0,0.2857142857142857,44,19,4,1,44,1|3|5|1|2|4|2|4|9|5,hub_localized,1225
fully-connected,50,0.01,0.02,0.0,0.072,4,46,0.0,0.2857142857142857,49,19,4,1,49,3|5|1|2|4|2|4|9|5,hub_localized,1225
fully-connected,50,0.01,0.02,0.0,0.072,5,47,0.0,0.2653061224489796,48,19,5,1,48,3|5|1|2|4|2|4|9|5|1,hub_localized,1225
fully-connected,50,0.01,0.02,0.0,0.072,6,48,0.0,0.2653061224489796,47,19,4,1,47,3|5|1|2|4|2|4|9|5|2,hub_localized,1225
fully-connected,50,0.01,0.02,0.0,0.072,7,49,0.0,0.2653061224489796,46,19,5,1,46,1|5|1|2|4|2|4|9|5|3,hub_localized,1225
fully-connected,50,0.01,0.02,0.0,0.072,8,50,0.0,0.2653061224489796,45,19,5,1,45,1|5|1|2|4|2|4|9|5|4,hub_localized,1225
fully-connected,50,0.01,0.02,0.0,0.072,9,51,0.0,0.24489795918367346,44,19,5,1,44,5|1|2|4|2|4|9|5|5,hub_localized,1225
fully-connected,50,0.01,0.02,0.0,0.072,10,52,0.0,0.24489795918367346,43,19,6,1,43,4|1|2|4|2|4|9|5|6,hub_localized,1225
fully-connected,50,0.01,0.02,0.0,0.072,11,53,0.0,0.24489795918367346,42,19,5,1,42,3|1|2|4|2|4|9|5|7,hub_localized,1225
fully-connected,50,0.01,0.02,0.0,0.072,12,54,0.0,0.24489795918367346,41,19,5,1,41,3|1|2|4|2|4|9|5|8,hub_localized,1225
fully-connected,50,0.01,0.02,0.0,0.072,13,55,0.0,0.24489795918367346,40,19,5,1,40,1|1|2|4|2|4|9|5|9,hub_localized,1225
fully-connected,50,0.01,0.02,0.0,0.072,14,56,0.0,0.24489795918367346,39,19,5,1,39,1|1|2|4|2|4|9|5|10,hub_localized,1225
fully-connected,50,0.01,0.02,0.0,0.072,15,57,0.0,0.22448979591836735,38,19,16,1,38,1|2|4|2|4|9|5|11,hub_localized,1225
fully-connected,50,0.01,0.02,0.0,0.072,16,58,0.0,0.22448979591836735,37,19,15,1,37,1|2|4|2|4|9|5|12,hub_localized,1225
fully-connected,50,0.01,0.02,0.0,0.072,17,59,0.0,0.20408163265306123,36,19,16,1,36,2|4|2|4|9|5|13,hub_localized,1225
fully-connected,50,0.01,0.02,0.0,0.072,18,60,0.0,0.20408163265306123,35,19,16,1,35,2|4|2|4|9|5|14,hub_localized,1225
fully-connected,50,0.01,0.02,0.0,0.072,19,61,0.0,0.20408163265306123,34,19,15,1,34,1|4|2|4|9|5|15,hub_localized,1225
fully-connected,50,0.01,0.02,0.0,0.072,20,62,0.0,0.1836734693877551,33,19,16,0,33,4|2|4|9|5|16,hub_localized,1225
fully-connected,50,0.01,0.02,0.0,0.072,21,63,0.0,0.1836734693877551,32,19,15,0,32,4|2|4|9|5|17,hub_localized,1225
fully-connected,50,0.01,0.02,0.0,0.072,22,64,0.0,0.20408163265306123,49,19,1,1,49,3|2|4|9|5|17,hub_localized,1225
fully-connected,50,0.01,0.02,0.0,0.072,23,65,0.0,0.20408163265306123,48,19,3,1,48,2|2|4|9|5|17|1,hub_localized,1225
fully-connected,50,0.01,0.02,0.0,0.072,24,66,0.0,0.20408163265306123,47,19,3,1,47,1|2|4|9|5|17|2,hub_localized,1225
fully-connected,50,0.01,0.02,0.0,0.072,25,67,0.0,0.1836734693877551,46,19,1,0,46,2|4|9|5|17|3,hub_localized,1225
fully-connected,50,0.01,0.02,0.0,0.072,26,68,0.0,0.1836734693877551,45,19,1,0,45,1|4|9|5|17|4,hub_localized,1225
fully-connected,50,0.01,0.02,0.0,0.072,27,69,0.0,0.1836734693877551,44,19,1,0,44,1|4|9|5|17|5,hub_localized,1225
fully-connected,50,0.01,0.02,0.0,0.072,28,70,0.0,0.1836734693877551,49,19,1,0,49,4|9|5|17|5,hub_localized,1225
fully-connected,50,0.01,0.02,0.0,0.072,29,71,0.0,0.20408163265306123,49,19,3,1,49,3|9|5|17|5,hub_localized,1225
fully-connected,50,0.01,0.02,0.0,0.072,30,72,0.0,0.20408163265306123,48,19,1,1,48,2|9|5|17|5|1,hub_localized,1225
fully-connected,50,0.01,0.02,0.0,0.072,31,73,0.0,0.20408163265306123,47,19,3,1,47,2|9|5|17|5|2,hub_localized,1225
fully-connected,50,0.01,0.02,0.0,0.072,32,74,0.0,0.1836734693877551,46,19,1,0,46,9|5|17|6|3,hub_localized,1225
fully-connected,50,0.01,0.02,0.0,0.072,33,75,0.0,0.1836734693877551,45,19,1,0,45,9|5|17|5|4,hub_localized,1225
fully-connected,50,0.01,0.02,0.0,0.072,34,76,0.0,0.16326530612244897,44,19,1,0,44,9|5|17|5|5,hub_localized,1225
fully-connected,50,0.01,0.02,0.0,0.072,35,77,0.0,0.14285714285714285,43,19,1,0,43,9|5|17|5|6,hub_localized,1225
fully-connected,50,0.01,0.02,0.0,0.072,36,78,0.0,0.14285714285714285,42,19,1,0,42,8|5|17|5|7,hub_localized,1225
fully-connected,50,0.01,0.02,0.0,0.072,37,79,0.0,0.16326530612244897,49,19,1,0,49,8|5|17|5|7,hub_localized,1225
fully-connected,50,0.01,0.02,0.0,0.072,38,80,0.0,0.16326530612244897,48,19,4,0,48,6|5|17|5|7|1,hub_localized,1225
fully-connected,50,0.01,0.02,0.0,0.072,39,81,0.0,0.16326530612244897,47,19,1,0,47,5|5|17|5|7|2,hub_localized,1225
fully-connected,50,0.01,0.02,0.0,0.072,40,82,0.0,0.16326530612244897,46,19,3,0,46,4|5|17|5|7|3,hub_localized,1225
fully-connected,50,0.01,0.02,0.0,0.072,41,83,0.0,0.16326530612244897,45,19,1,0,45,4|5|17|5|7|4,hub_localized,1225
fully-connected,50,0.01,0.02,0.0,0.072,42,84,0.0,0.16326530612244897,44,19,3,0,44,2|5|17|5|7|5,hub_localized,1225
fully-connected,50,0.01,0.02,0.0,0.072,43,85,0.0,0.16326530612244897,43,19,1,0,43,1|5|17|5|7|6,hub_localized,1225
fully-connected,50,0.01,0.02,0.0,0.072,44,86,0.0,0.16326530612244897,42,19,3,0,42,1|5|17|5|7|7,hub_localized,1225
fully-connected,50,0.01,0.02,0.0,0.072,45,87,0.0,0.14285714285714285,41,19,1,0,41,5|17|5|7|8,hub_localized,1225
fully-connected,50,0.01,0.02,0.0,0.072,46,88,0.0,0.12244897959183673,40,8,4,0,40,5|17|5|7|9,hub_localized,1225
fully-connected,50,0.01,0.02,0.0,0.072,47,89,0.0,0.10204081632653061,39,8,3,0,39,5|17|5|7|10,hub_localized,1225
fully-connected,50,0.01,0.02,0.0,0.072,48,90,0.0,0.12244897959183673,49,8,1,0,49,4|17|5|7|10,hub_localized,1225
fully-connected,50,0.01,0.02,0.0,0.072,49,91,0.0,0.12244897959183673,48,8,1,0,48,3|17|5|7|10|1,hub_localized,1225
fully-connected,50,0.01,0.02,0.0,0.074,0,42,0.0,0.2857142857142857,47,19,4,1,47,3|4|5|1|2|4|2|4|1|7|2,hub_localized,1225
fully-connected,50,0.01,0.02,0.0,0.074,1,43,0.0,0.30612244897959184,46,19,5,1,46,2|3|5|1|2|4|2|4|1|7|3,hub_localized,1225
fully-connected,50,0.01,0.02,0.0,0.074,2,44,0.0,0.30612244897959184,45,19,4,1,45,2|3|5|1|2|4|2|4|1|7|4,hub_localized,1225
fully-connected,50,0.01,0.02,0.0,0.074,3,45,0.0,0.30612244897959184,44,19,4,1,44,1|3|5|1|2|4|2|4|1|7|5,hub_localized,1225
fully-connected,50,0.01,0.02,0.0,0.074,4,46,0.0,0.30612244897959184,49,19,4,1,49,3|5|1|2|4|2|4|1|7|5,hub_localized,1225
fully-connected,50,0.01,0.02,0.0,0.074,5,47,0.0,0.2653061224489796,48,19,5,1,48,3|5|1|2|4|2|4|1|1|7|5|1,hub_localized,1225
fully-connected,50,0.01,0.02,0.0,0.074,6,48,0.0,0.2653061224489796,47,19,4,1,47,3|5|1|2|4|2|4|1|1|7|5|2,hub_localized,1225
fully-connected,50,0.01,0.02,0.0,0.074,7,49,0.0,0.2653061224489796,46,19,5,1,46,1|5|1|2|4|2|4|1|1|7|5|3,hub_localized,1225
fully-connected,50,0.01,0.02,0.0,0.074,8,50,0.0,0.2857142857142857,45,19,5,1,45,1|5|1|2|4|2|4|1|7|5|4,hub_localized,1225
fully-connected,50,0.01,0.02,0.0,0.074,9,51,0.0,0.2653061224489796,44,19,5,1,44,5|1|2|4|2|4|1|7|5|5,hub_localized,1225
fully-connected,50,0.01,0.02,0.0,0.074,10,52,0.0,0.2653061224489796,43,19,6,1,43,4|1|2|4|2|4|1|7|5|6,hub_localized,1225
fully-connected,50,0.01,0.02,0.0,0.074,11,53,0.0,0.2653061224489796,42,19,5,1,42,3|1|2|4|2|4|1|7|5|7,hub_localized,1225
fully-connected,50,0.01,0.02,0.0,0.074,12,54,0.0,0.2653061224489796,41,19,6,1,41,3|1|2|4|2|4|1|7|5|8,hub_localized,1225
fully-connected,50,0.01,0.02,0.0,0.074,13,55,0.0,0.2653061224489796,40,19,5,1,40,1|1|2|4|2|4|1|7|5|9,hub_localized,1225
fully-connected,50,0.01,0.02,0.0,0.074,14,56,0.0,0.2653061224489796,39,19,5,1,39,1|1|2|4|2|4|1|7|5|10,hub_localized,1225
fully-connected,50,0.01,0.02,0.0,0.074,15,57,0.0,0.24489795918367346,38,19,16,1,38,1|2|4|2|4|1|7|5|11,hub_localized,1225
fully-connected,50,0.01,0.02,0.0,0.074,16,58,0.0,0.24489795918367346,37,19,16,1,37,1|2|4|2|4|1|7|5|12,hub_localized,1225
fully-connected,50,0.01,0.02,0.0,0.074,17,59,0.0,0.22448979591836735,36,19,16,1,36,2|4|2|4|1|7|5|13,hub_localized,1225
fully-connected,50,0.01,0.02,0.0,0.074,18,60,0.0,0.22448979591836735,35,19,16,1,35,2|4|2|4|1|7|5|14,hub_localized,1225
fully-connected,50,0.01,0.02,0.0,0.074,19,61,0.0,0.22448979591836735,34,19,16,1,34,1|4|2|4|1|7|5|15,hub_localized,1225
fully-connected,50,0.01,0.02,0.0,0.074,20,62,0.0,0.20408163265306123,33,19,16,1,33,4|2|4|1|7|5|16,hub_localized,1225
fully-connected,50,0.01,0.02,0.0,0.074,21,63,0.0,0.20408163265306123,32,10,16,1,32,4|2|4|1|7|5|17,hub_localized,1225
fully-connected,50,0.01,0.02,0.0,0.074,22,64,0.0,0.22448979591836735,49,10,1,1,49,3|2|4|1|7|5|17,hub_localized,1225
fully-connected,50,0.01,0.02,0.0,0.074,23,65,0.0,0.22448979591836735,48,10,3,1,48,2|2|4|1|7|5|17|1,hub_localized,1225
fully-connected,50,0.01,0.02,0.0,0.074,24,66,0.0,0.22448979591836735,47,10,3,1,47,1|2|4|1|7|5|17|2,hub_localized,1225
fully-connected,50,0.01,0.02,0.0,0.074,25,67,0.0,0.20408163265306123,46,10,1,1,46,2|4|1|7|5|17|3,hub_localized,1225
fully-connected,50,0.01,0.02,0.0,0.074,26,68,0.0,0.20408163265306123,45,10,1,1,45,1|4|1|7|5|17|4,hub_localized,1225
fully-connected,50,0.01,0.02,0.0,0.074,27,69,0.0,0.20408163265306123,44,10,1,1,44,1|4|1|7|5|17|5,hub_localized,1225
fully-connected,50,0.01,0.02,0.0,0.074,28,70,0.0,0.20408163265306123,49,10,1,1,49,4|1|7|5|17|5,hub_localized,1225
fully-connected,50,0.01,0.02,0.0,0.074,29,71,0.0,0.22448979591836735,49,10,3,1,49,3|1|7|5|17|5,hub_localized,1225
fully-connected,50,0.01,0.02,0.0,0.074,30,72,0.0,0.22448979591836735,48,10,1,1,48,2|1|7|5|17|5|1,hub_localized,1225
fully-connected,50,0.01,0.02,0.0,0.074,31,73,0.0,0.22448979591836735,47,10,3,1,47,2|1|7|5|17|5|2,hub_localized,1225
fully-connected,50,0.01,0.02,0.0,0.074,32,74,0.0,0.20408163265306123,46,10,1,1,46,1|7|5|17|6|3,hub_localized,1225
fully-connected,50,0.01,0.02,0.0,0.074,33,75,0.0,0.20408163265306123,45,10,1,1,45,1|7|5|17|5|4,hub_localized,1225
fully-connected,50,0.01,0.02,0.0,0.074,34,76,0.0,0.1836734693877551,44,10,1,0,44,1|7|5|17|5|5,hub_localized,1225
fully-connected,50,0.01,0.02,0.0,0.074,35,77,0.0,0.16326530612244897,43,10,1,0,43,1|7|5|17|5|6,hub_localized,1225
fully-connected,50,0.01,0.02,0.0,0.074,36,78,0.0,0.16326530612244897,42,19,1,0,42,7|5|17|5|7,hub_localized,1225
fully-connected,50,0.01,0.02,0.0,0.074,37,79,0.0,0.16326530612244897,49,19,1,0,49,7|5|17|5|7,hub_localized,1225
fully-connected,50,0.01,0.02,0.0,0.074,38,80,0.0,0.16326530612244897,48,19,4,0,48,6|5|17|5|7|1,hub_localized,1225
fully-connected,50,0.01,0.02,0.0,0.074,39,81,0.0,0.16326530612244897,47,19,1,0,47,5|5|17|5|7|2,hub_localized,1225
fully-connected,50,0.01,0.02,0.0,0.074,40,82,0.0,0.16326530612244897,46,19,3,0,46,4|5|17|5|7|3,hub_localized,1225
fully-connected,50,0.01,0.02,0.0,0.074,41,83,0.0,0.16326530612244897,45,19,1,0,45,4|5|17|5|7|4,hub_localized,1225
fully-connected,50,0.01,0.02,0.0,0.074,42,84,0.0,0.16326530612244897,44,19,3,0,44,2|5|17|5|7|5,hub_localized,1225
fully-connected,50,0.01,0.02,0.0,0.074,43,85,0.0,0.16326530612244897,43,19,1,0,43,1|5|17|5|7|6,hub_localized,1225
fully-connected,50,0.01,0.02,0.0,0.074,44,86,0.0,0.16326530612244897,42,19,3,0,42,1|5|17|5|7|7,hub_localized,1225
fully-connected,50,0.01,0.02,0.0,0.074,45,87,0.0,0.14285714285714285,41,19,1,0,41,5|17|5|7|8,hub_localized,1225
fully-connected,50,0.01,0.02,0.0,0.074,46,88,0.0,0.12244897959183673,40,8,4,0,40,5|17|5|7|9,hub_localized,1225
fully-connected,50,0.01,0.02,0.0,0.074,47,89,0.0,0.10204081632653061,39,8,3,0,39,5|17|5|7|10,hub_localized,1225
fully-connected,50,0.01,0.02,0.0,0.074,48,90,0.0,0.12244897959183673,49,8,1,0,49,4|17|5|7|10,hub_localized,1225
fully-connected,50,0.01,0.02,0.0,0.074,49,91,0.0,0.12244897959183673,48,8,1,0,48,3|17|5|7|10|1,hub_localized,1225
fully-connected,50,0.01,0.02,0.0,0.076,0,42,0.0,0.2653061224489796,47,19,4,1,47,3|4|5|1|7|2|4|1|7|2,hub_localized,1225
fully-connected,50,0.01,0.02,0.0,0.076,1,43,0.0,0.2857142857142857,46,19,5,1,46,2|3|5|1|7|2|4|1|7|3,hub_localized,1225
fully-connected,50,0.01,0.02,0.0,0.076,2,44,0.0,0.2857142857142857,45,19,4,1,45,2|3|5|1|7|2|4|1|7|4,hub_localized,1225
fully-connected,50,0.01,0.02,0.0,0.076,3,45,0.0,0.2857142857142857,44,19,4,1,44,1|3|5|1|7|2|4|1|7|5,hub_localized,1225
fully-connected,50,0.01,0.02,0.0,0.076,4,46,0.0,0.2653061224489796,49,19,4,1,49,3|5|1|7|2|4|1|1|7|5,hub_localized,1225
fully-connected,50,0.01,0.02,0.0,0.076,5,47,0.0,0.24489795918367346,48,19,5,1,48,3|5|1|7|2|4|1|1|7|5|1,hub_localized,1225
fully-connected,50,0.01,0.02,0.0,0.076,6,48,0.0,0.24489795918367346,47,19,4,1,47,3|5|1|7|2|4|1|1|7|5|2,hub_localized,1225
fully-connected,50,0.01,0.02,0.0,0.076,7,49,0.0,0.24489795918367346,46,19,5,1,46,1|5|1|7|2|4|1|1|7|5|3,hub_localized,1225
fully-connected,50,0.01,0.02,0.0,0.076,8,50,0.0,0.24489795918367346,45,19,5,1,45,1|5|1|7|2|4|1|1|7|5|4,hub_localized,1225
fully-connected,50,0.01,0.02,0.0,0.076,9,51,0.0,0.24489795918367346,44,19,5,1,44,5|1|7|2|4|1|7|5|5,hub_localized,1225
fully-connected,50,0.01,0.02,0.0,0.076,10,52,0.0,0.24489795918367346,43,19,6,1,43,4|1|7|2|4|1|7|5|6,hub_localized,1225
fully-connected,50,0.01,0.02,0.0,0.076,11,53,0.0,0.24489795918367346,42,19,5,1,42,3|1|7|2|4|1|7|5|7,hub_localized,1225
fully-connected,50,0.01,0.02,0.0,0.076,12,54,0.0,0.24489795918367346,41,19,6,1,41,3|1|7|2|4|1|7|5|8,hub_localized,1225
fully-connected,50,0.01,0.02,0.0,0.076,13,55,0.0,0.24489795918367346,40,19,5,1,40,1|1|7|2|4|1|7|5|9,hub_localized,1225
fully-connected,50,0.01,0.02,0.0,0.076,14,56,0.0,0.24489795918367346,39,19,5,1,39,1|1|7|2|4|1|7|5|10,hub_localized,1225
fully-connected,50,0.01,0.02,0.0,0.076,15,57,0.0,0.22448979591836735,38,19,16,1,38,1|7|2|4|1|7|5|11,hub_localized,1225
fully-connected,50,0.01,0.02,0.0,0.076,16,58,0.0,0.20408163265306123,37,19,16,1,37,1|7|2|4|1|8|5|12,hub_localized,1225
fully-connected,50,0.01,0.02,0.0,0.076,17,59,0.0,0.1836734693877551,36,19,16,0,36,7|2|4|1|8|5|13,hub_localized,1225
fully-connected,50,0.01,0.02,0.0,0.076,18,60,0.0,0.1836734693877551,35,19,16,0,35,7|2|4|1|8|5|14,hub_localized,1225
fully-connected,50,0.01,0.02,0.0,0.076,19,61,0.0,0.1836734693877551,34,19,16,0,34,6|2|4|1|8|5|15,hub_localized,1225
fully-connected,50,0.01,0.02,0.0,0.076,20,62,0.0,0.1836734693877551,33,19,16,0,33,5|2|4|1|8|5|16,hub_localized,1225
fully-connected,50,0.01,0.02,0.0,0.076,21,63,0.0,0.1836734693877551,32,10,16,0,32,4|2|4|1|8|5|17,hub_localized,1225
fully-connected,50,0.01,0.02,0.0,0.076,22,64,0.0,0.20408163265306123,49,10,1,1,49,3|2|4|1|8|5|17,hub_localized,1225
fully-connected,50,0.01,0.02,0.0,0.076,23,65,0.0,0.20408163265306123,48,10,3,1,48,2|2|4|1|8|5|17|1,hub_localized,1225
fully-connected,50,0.01,0.02,0.0,0.076,24,66,0.0,0.20408163265306123,47,10,3,1,47,1|2|4|1|8|5|17|2,hub_localized,1225
fully-connected,50,0.01,0.02,0.0,0.076,25,67,0.0,0.1836734693877551,46,10,1,0,46,2|4|1|8|5|17|3,hub_localized,1225
fully-connected,50,0.01,0.02,0.0,0.076,26,68,0.0,0.1836734693877551,45,10,1,0,45,1|4|1|8|5|17|4,hub_localized,1225
fully-connected,50,0.01,0.02,0.0,0.076,27,69,0.0,0.1836734693877551,44,10,1,0,44,1|4|1|8|5|17|5,hub_localized,1225
fully-connected,50,0.01,0.02,0.0,0.076,28,70,0.0,0.1836734693877551,43,10,1,0,43,4|1|7|5|17|6,hub_localized,1225
fully-connected,50,0.01,0.02,0.0,0.076,29,71,0.0,0.20408163265306123,48,10,3,1,48,3|1|7|5|17|5|1,hub_localized,1225
fully-connected,50,0.01,0.02,0.0,0.076,30,72,0.0,0.20408163265306123,47,10,1,1,47,2|1|7|5|17|5|2,hub_localized,1225
fully-connected,50,0.01,0.02,0.0,0.076,31,73,0.0,0.20408163265306123,46,10,3,1,46,2|1|7|5|17|5|3,hub_localized,1225
fully-connected,50,0.01,0.02,0.0,0.076,32,74,0.0,0.1836734693877551,39,10,1,0,39,1|7|5|17|10,hub_localized,1225
fully-connected,50,0.01,0.02,0.0,0.076,33,75,0.0,0.16326530612244897,44,10,1,0,44,1|1|7|5|17|5|5,hub_localized,1225
fully-connected,50,0.01,0.02,0.0,0.076,34,76,0.0,0.16326530612244897,43,10,1,0,43,1|7|5|17|5|6,hub_localized,1225
fully-connected,50,0.01,0.02,0.0,0.076,35,77,0.0,0.14285714285714285,42,10,1,0,42,1|7|5|17|5|7,hub_localized,1225
fully-connected,50,0.01,0.02,0.0,0.076,36,78,0.0,0.14285714285714285,41,10,1,0,41,7|5|17|5|8,hub_localized,1225
fully-connected,50,0.01,0.02,0.0,0.076,37,79,0.0,0.12244897959183673,49,10,1,0,49,8|5|17|5|8,hub_localized,1225
fully-connected,50,0.01,0.02,0.0,0.076,38,80,0.0,0.12244897959183673,48,10,28,0,48,7|5|17|5|8|1,hub_localized,1225
fully-connected,50,0.01,0.02,0.0,0.076,39,81,0.0,0.12244897959183673,47,10,1,0,47,6|5|17|5|8|2,hub_localized,1225
fully-connected,50,0.01,0.02,0.0,0.076,40,82,0.0,0.12244897959183673,46,10,3,0,46,5|5|17|5|8|3,hub_localized,1225
fully-connected,50,0.01,0.02,0.0,0.076,41,83,0.0,0.14285714285714285,45,10,1,0,45,4|5|17|5|8|4,hub_localized,1225
fully-connected,50,0.01,0.02,0.0,0.076,42,84,0.0,0.14285714285714285,44,10,3,0,44,2|5|17|5|8|5,hub_localized,1225
fully-connected,50,0.01,0.02,0.0,0.076,43,85,0.0,0.14285714285714285,43,19,1,0,43,1|5|17|5|8|6,hub_localized,1225
fully-connected,50,0.01,0.02,0.0,0.076,44,86,0.0,0.14285714285714285,42,19,3,0,42,1|5|17|5|8|7,hub_localized,1225
fully-connected,50,0.01,0.02,0.0,0.076,45,87,0.0,0.12244897959183673,41,10,1,0,41,5|17|5|8|8,hub_localized,1225
fully-connected,50,0.01,0.02,0.0,0.076,46,88,0.0,0.10204081632653061,40,8,4,0,40,5|17|5|8|9,hub_localized,1225
fully-connected,50,0.01,0.02,0.0,0.076,47,89,0.0,0.08163265306122448,39,8,3,0,39,5|17|5|8|10,hub_localized,1225
fully-connected,50,0.01,0.02,0.0,0.076,48,90,0.0,0.10204081632653061,49,8,1,0,49,4|17|5|8|10,hub_localized,1225
fully-connected,50,0.01,0.02,0.0,0.076,49,91,0.0,0.10204081632653061,48,8,1,0,48,3|17|5|8|10|1,hub_localized,1225
fully-connected,50,0.01,0.03,0.0,0.06,0,42,0.0,0.3469387755102041,47,10,4,1,47,3|3|2|2|1|2|4|2|3|3|5|2,hub_localized,1225
fully-connected,50,0.01,0.03,0.0,0.06,1,43,0.0,0.30612244897959184,46,10,4,1,46,2|4|5|1|2|4|2|3|3|5|3,hub_localized,1225
fully-connected,50,0.01,0.03,0.0,0.06,2,44,0.0,0.32653061224489793,49,10,4,1,49,2|4|5|1|2|4|2|3|3|5|3,hub_localized,1225
fully-connected,50,0.01,0.03,0.0,0.06,3,45,0.0,0.3469387755102041,48,10,4,1,48,1|3|5|1|2|4|2|3|3|5|3|1,hub_localized,1225
fully-connected,50,0.01,0.03,0.0,0.06,4,46,0.0,0.3469387755102041,49,27,4,1,49,3|5|1|2|4|2|3|3|5|3|1,hub_localized,1225
fully-connected,50,0.01,0.03,0.0,0.06,5,47,0.0,0.32653061224489793,48,10,5,1,48,3|5|1|2|4|2|3|3|5|3|1|1,hub_localized,1225
fully-connected,50,0.01,0.03,0.0,0.06,6,48,0.0,0.3469387755102041,47,10,4,1,47,3|2|2|1|2|4|2|3|3|5|3|1|2,hub_localized,1225
fully-connected,50,0.01,0.03,0.0,0.06,7,49,0.0,0.3469387755102041,46,10,4,1,46,1|2|2|1|2|4|2|3|3|5|3|1|3,hub_localized,1225
fully-connected,50,0.01,0.03,0.0,0.06,8,50,0.0,0.3469387755102041,45,10,4,1,45,1|2|2|1|2|4|2|3|3|5|3|1|4,hub_localized,1225
fully-connected,50,0.01,0.03,0.0,0.06,9,51,0.0,0.30612244897959184,44,10,5,1,44,5|1|2|4|2|3|3|5|3|1|5,hub_localized,1225
fully-connected,50,0.01,0.03,0.0,0.06,10,52,0.0,0.30612244897959184,43,10,5,1,43,4|1|2|4|2|3|3|5|3|1|6,hub_localized,1225
fully-connected,50,0.01,0.03,0.0,0.06,11,53,0.0,0.32653061224489793,42,20,4,1,42,3|1|2|4|2|3|3|5|1|1|1|7,hub_localized,1225
fully-connected,50,0.01,0.03,0.0,0.06,12,54,0.0,0.30612244897959184,41,20,5,1,41,2|1|2|4|2|3|3|5|3|1|8,hub_localized,1225
fully-connected,50,0.01,0.03,0.0,0.06,13,55,0.0,0.30612244897959184,40,20,5,1,40,1|1|2|4|2|3|3|5|3|1|9,hub_localized,1225
fully-connected,50,0.01,0.03,0.0,0.06,14,56,0.0,0.30612244897959184,39,20,5,1,39,1|2|4|2|3|3|5|3|1|10,hub_localized,1225
fully-connected,50,0.01,0.03,0.0,0.06,15,57,0.0,0.30612244897959184,38,20,15,1,38,1|2|4|2|3|3|5|1|1|1|11,hub_localized,1225
fully-connected,50,0.01,0.03,0.0,0.06,16,58,0.0,0.30612244897959184,37,10,15,1,37,1|2|4|2|3|3|5|1|1|1|12,hub_localized,1225
fully-connected,50,0.01,0.03,0.0,0.06,17,59,0.0,0.2653061224489796,36,10,15,1,36,2|4|2|3|3|5|3|1|13,hub_localized,1225
fully-connected,50,0.01,0.03,0.0,0.06,18,60,0.0,0.2653061224489796,35,20,15,1,35,2|4|2|3|3|5|3|1|14,hub_localized,1225
fully-connected,50,0.01,0.03,0.0,0.06,19,61,0.0,0.2653061224489796,34,20,15,1,34,1|4|2|3|3|5|3|1|15,hub_localized,1225
fully-connected,50,0.01,0.03,0.0,0.06,20,62,0.0,0.24489795918367346,33,20,15,1,33,4|2|3|3|5|3|1|16,hub_localized,1225
fully-connected,50,0.01,0.03,0.0,0.06,21,63,0.0,0.2857142857142857,49,20,15,1,49,4|2|3|3|5|3|1|15,hub_localized,1225
fully-connected,50,0.01,0.03,0.0,0.06,22,64,0.0,0.2857142857142857,49,20,1,1,49,3|2|3|3|5|3|1|16,hub_localized,1225
fully-connected,50,0.01,0.03,0.0,0.06,23,65,0.0,0.30612244897959184,48,20,3,1,48,2|2|3|3|5|3|1|15|1,hub_localized,1225
fully-connected,50,0.01,0.03,0.0,0.06,24,66,0.0,0.30612244897959184,47,20,3,1,47,1|2|3|3|5|3|1|15|2,hub_localized,1225
fully-connected,50,0.01,0.03,0.0,0.06,25,67,0.0,0.2857142857142857,46,20,1,1,46,2|3|3|5|3|1|15|3,hub_localized,1225
fully-connected,50,0.01,0.03,0.0,0.06,26,68,0.0,0.2857142857142857,45,20,1,1,45,1|3|3|5|3|1|15|4,hub_localized,1225
fully-connected,50,0.01,0.03,0.0,0.06,27,69,0.0,0.2857142857142857,44,20,1,1,44,1|3|3|5|3|1|15|5,hub_localized,1225
fully-connected,50,0.01,0.03,0.0,0.06,28,70,0.0,0.2653061224489796,49,20,1,1,49,3|3|5|3|1|16|5,hub_localized,1225
fully-connected,50,0.01,0.03,0.0,0.06,29,71,0.0,0.2857142857142857,49,20,3,1,49,2|3|5|3|1|16|5,hub_localized,1225
fully-connected,50,0.01,0.03,0.0,0.06,30,72,0.0,0.2857142857142857,48,20,1,1,48,1|3|5|3|1|16|5|1,hub_localized,1225
fully-connected,50,0.01,0.03,0.0,0.06,31,73,0.0,0.2857142857142857,47,20,3,1,47,1|3|5|3|1|16|5|2,hub_localized,1225
fully-connected,50,0.01,0.03,0.0,0.06,32,74,0.0,0.2653061224489796,46,20,1,1,46,3|5|3|1|16|5|3,hub_localized,1225
fully-connected,50,0.01,0.03,0.0,0.06,33,75,0.0,0.24489795918367346,45,20,1,1,45,3|5|3|1|16|5|4,hub_localized,1225
fully-connected,50,0.01,0.03,0.0,0.06,34,76,0.0,0.22448979591836735,44,20,1,1,44,3|5|3|1|16|5|5,hub_localized,1225
fully-connected,50,0.01,0.03,0.0,0.06,35,77,0.0,0.20408163265306123,43,20,1,1,43,3|5|3|1|16|5|6,hub_localized,1225
fully-connected,50,0.01,0.03,0.0,0.06,36,78,0.0,0.24489795918367346,42,20,1,1,42,2|5|1|1|1|15|5|7,hub_localized,1225
fully-connected,50,0.01,0.03,0.0,0.06,37,79,0.0,0.24489795918367346,49,11,1,1,49,2|5|3|1|15|5|7,hub_localized,1225
fully-connected,50,0.01,0.03,0.0,0.06,38,80,0.0,0.22448979591836735,48,11,4,1,48,5|3|1|16|5|7|1,hub_localized,1225
fully-connected,50,0.01,0.03,0.0,0.06,39,81,0.0,0.20408163265306123,47,11,1,1,47,5|3|1|16|5|7|2,hub_localized,1225
fully-connected,50,0.01,0.03,0.0,0.06,40,82,0.0,0.22448979591836735,46,11,3,1,46,4|3|1|15|5|7|3,hub_localized,1225
fully-connected,50,0.01,0.03,0.0,0.06,41,83,0.0,0.20408163265306123,45,11,1,1,45,4|3|1|16|5|7|4,hub_localized,1225
fully-connected,50,0.01,0.03,0.0,0.06,42,84,0.0,0.20408163265306123,44,11,3,1,44,2|3|1|16|5|7|5,hub_localized,1225
fully-connected,50,0.01,0.03,0.0,0.06,43,85,0.0,0.22448979591836735,43,20,1,1,43,1|3|1|15|5|7|6,hub_localized,1225
fully-connected,50,0.01,0.03,0.0,0.06,44,86,0.0,0.20408163265306123,42,20,3,1,42,1|3|1|16|5|7|7,hub_localized,1225
fully-connected,50,0.01,0.03,0.0,0.06,45,87,0.0,0.22448979591836735,49,20,1,1,49,3|1|15|5|7|7,hub_localized,1225
fully-connected,50,0.01,0.03,0.0,0.06,46,88,0.0,0.1836734693877551,48,11,4,0,48,3|1|16|5|7|7|1,hub_localized,1225
fully-connected,50,0.01,0.03,0.0,0.06,47,89,0.0,0.16326530612244897,47,11,3,0,47,3|1|16|5|7|7|2,hub_localized,1225
fully-connected,50,0.01,0.03,0.0,0.06,48,90,0.0,0.20408163265306123,49,11,1,1,49,2|1|15|5|7|7|2,hub_localized,1225
fully-connected,50,0.01,0.03,0.0,0.06,49,91,0.0,0.1836734693877551,48,11,1,0,48,1|1|16|5|7|7|2|1,hub_localized,1225
fully-connected,50,0.01,0.03,0.0,0.062,0,42,0.0,0.32653061224489793,47,20,4,1,47,3|3|2|2|1|2|4|2|4|3|5|2,hub_localized,1225
fully-connected,50,0.01,0.03,0.0,0.062,1,43,0.0,0.30612244897959184,46,20,5,1,46,2|4|5|1|2|4|2|3|3|5|3,hub_localized,1225
fully-connected,50,0.01,0.03,0.0,0.062,2,44,0.0,0.30612244897959184,47,20,4,1,47,2|4|5|1|2|4|2|4|3|5|1|2,hub_localized,1225
fully-connected,50,0.01,0.03,0.0,0.062,3,45,0.0,0.32653061224489793,44,20,4,1,44,1|3|2|2|1|2|4|2|4|3|5|5,hub_localized,1225
fully-connected,50,0.01,0.03,0.0,0.062,4,46,0.0,0.30612244897959184,49,27,4,1,49,3|5|1|2|4|2|4|3|5|5,hub_localized,1225
fully-connected,50,0.01,0.03,0.0,0.062,5,47,0.0,0.30612244897959184,48,20,5,1,48,3|5|1|2|4|2|3|3|5|5|1,hub_localized,1225
fully-connected,50,0.01,0.03,0.0,0.062,6,48,0.0,0.30612244897959184,47,20,4,1,47,3|2|2|1|2|4|2|4|3|5|5|2,hub_localized,1225
fully-connected,50,0.01,0.03,0.0,0.062,7,49,0.0,0.32653061224489793,46,20,4,1,46,1|2|2|1|2|4|2|3|3|5|5|3,hub_localized,1225
fully-connected,50,0.01,0.03,0.0,0.062,8,50,0.0,0.32653061224489793,45,20,4,1,45,1|2|2|1|2|4|2|3|3|5|5|4,hub_localized,1225
fully-connected,50,0.01,0.03,0.0,0.062,9,51,0.0,0.2653061224489796,44,20,5,1,44,5|1|2|4|2|4|3|5|5|5,hub_localized,1225
fully-connected,50,0.01,0.03,0.0,0.062,10,52,0.0,0.2653061224489796,43,20,5,1,43,4|1|2|4|2|4|3|5|5|6,hub_localized,1225
fully-connected,50,0.01,0.03,0.0,0.062,11,53,0.0,0.2857142857142857,42,20,4,1,42,3|1|2|4|2|3|3|5|5|7,hub_localized,1225
fully-connected,50,0.01,0.03,0.0,0.062,12,54,0.0,0.2653061224489796,41,20,5,1,41,2|1|2|4|2|4|3|5|5|8,hub_localized,1225
fully-connected,50,0.01,0.03,0.0,0.062,13,55,0.0,0.30612244897959184,40,20,5,1,40,1|1|2|4|2|3|3|5|3|1|9,hub_localized,1225
fully-connected,50,0.01,0.03,0.0,0.062,14,56,0.0,0.2653061224489796,39,20,5,1,39,1|2|4|2|4|3|5|5|10,hub_localized,1225
fully-connected,50,0.01,0.03,0.0,0.062,15,57,0.0,0.2653061224489796,38,20,15,1,38,1|2|4|2|4|3|5|1|3|11,hub_localized,1225
fully-connected,50,0.01,0.03,0.0,0.062,16,58,0.0,0.2653061224489796,37,20,15,1,37,1|2|4|2|4|3|5|1|3|12,hub_localized,1225
fully-connected,50,0.01,0.03,0.0,0.062,17,59,0.0,0.22448979591836735,36,20,15,1,36,2|4|2|4|3|5|5|13,hub_localized,1225
fully-connected,50,0.01,0.03,0.0,0.062,18,60,0.0,0.22448979591836735,35,20,15,1,35,2|4|2|4|3|5|5|14,hub_localized,1225
fully-connected,50,0.01,0.03,0.0,0.062,19,61,0.0,0.22448979591836735,34,20,15,1,34,1|4|2|4|3|5|5|15,hub_localized,1225
fully-connected,50,0.01,0.03,0.0,0.062,20,62,0.0,0.20408163265306123,33,20,15,1,33,4|2|4|3|5|5|16,hub_localized,1225
fully-connected,50,0.01,0.03,0.0,0.062,21,63,0.0,0.2653061224489796,49,20,15,1,49,4|2|3|3|5|5|15,hub_localized,1225
fully-connected,50,0.01,0.03,0.0,0.062,22,64,0.0,0.2857142857142857,49,20,1,1,49,3|2|3|3|5|1|3|16,hub_localized,1225
fully-connected,50,0.01,0.03,0.0,0.062,23,65,0.0,0.30612244897959184,48,20,3,1,48,2|2|3|3|5|1|3|15|1,hub_localized,1225
fully-connected,50,0.01,0.03,0.0,0.062,24,66,0.0,0.30612244897959184,47,20,3,1,47,1|2|3|3|5|3|1|15|2,hub_localized,1225
fully-connected,50,0.01,0.03,0.0,0.062,25,67,0.0,0.2653061224489796,46,20,1,1,46,2|4|3|5|3|1|15|3,hub_localized,1225
fully-connected,50,0.01,0.03,0.0,0.062,26,68,0.0,0.2857142857142857,45,20,1,1,45,1|3|3|5|3|1|15|4,hub_localized,1225
fully-connected,50,0.01,0.03,0.0,0.062,27,69,0.0,0.24489795918367346,44,20,1,1,44,1|4|3|5|5|15|5,hub_localized,1225
fully-connected,50,0.01,0.03,0.0,0.062,28,70,0.0,0.24489795918367346,49,20,1,1,49,3|3|5|5|16|5,hub_localized,1225
fully-connected,50,0.01,0.03,0.0,0.062,29,71,0.0,0.2857142857142857,49,20,3,1,49,2|3|5|5|15|5,hub_localized,1225
fully-connected,50,0.01,0.03,0.0,0.062,30,72,0.0,0.24489795918367346,48,20,1,1,48,2|3|5|5|16|5|1,hub_localized,1225
fully-connected,50,0.01,0.03,0.0,0.062,31,73,0.0,0.2653061224489796,47,20,3,1,47,1|3|5|5|16|5|2,hub_localized,1225
fully-connected,50,0.01,0.03,0.0,0.062,32,74,0.0,0.24489795918367346,46,20,1,1,46,3|5|5|16|5|3,hub_localized,1225
fully-connected,50,0.01,0.03,0.0,0.062,33,75,0.0,0.22448979591836735,45,20,1,1,45,3|5|5|16|5|4,hub_localized,1225
fully-connected,50,0.01,0.03,0.0,0.062,34,76,0.0,0.20408163265306123,44,20,1,1,44,3|5|5|16|5|5,hub_localized,1225
fully-connected,50,0.01,0.03,0.0,0.062,35,77,0.0,0.1836734693877551,43,20,1,0,43,3|5|5|16|5|6,hub_localized,1225
fully-connected,50,0.01,0.03,0.0,0.062,36,78,0.0,0.22448979591836735,42,20,1,1,42,2|5|1|3|15|5|7,hub_localized,1225
fully-connected,50,0.01,0.03,0.0,0.062,37,79,0.0,0.22448979591836735,49,20,1,1,49,2|5|5|15|5|7,hub_localized,1225
fully-connected,50,0.01,0.03,0.0,0.062,38,80,0.0,0.20408163265306123,48,20,4,1,48,5|5|16|5|7|1,hub_localized,1225
fully-connected,50,0.01,0.03,0.0,0.062,39,81,0.0,0.1836734693877551,47,20,1,0,47,5|5|16|5|7|2,hub_localized,1225
fully-connected,50,0.01,0.03,0.0,0.062,40,82,0.0,0.1836734693877551,46,20,3,0,46,4|5|16|5|7|3,hub_localized,1225
fully-connected,50,0.01,0.03,0.0,0.062,41,83,0.0,0.1836734693877551,45,20,1,0,45,4|5|16|5|7|4,hub_localized,1225
fully-connected,50,0.01,0.03,0.0,0.062,42,84,0.0,0.1836734693877551,44,20,3,0,44,2|5|16|5|7|5,hub_localized,1225
fully-connected,50,0.01,0.03,0.0,0.062,43,85,0.0,0.20408163265306123,43,20,1,1,43,1|5|15|5|7|6,hub_localized,1225
fully-connected,50,0.01,0.03,0.0,0.062,44,86,0.0,0.1836734693877551,42,20,3,0,42,1|5|16|5|7|7,hub_localized,1225
fully-connected,50,0.01,0.03,0.0,0.062,45,87,0.0,0.1836734693877551,41,20,1,0,41,5|15|5|7|8,hub_localized,1225
fully-connected,50,0.01,0.03,0.0,0.062,46,88,0.0,0.14285714285714285,40,14,4,0,40,5|16|5|7|9,hub_localized,1225
fully-connected,50,0.01,0.03,0.0,0.062,47,89,0.0,0.12244897959183673,39,11,3,0,39,5|16|5|7|10,hub_localized,1225
fully-connected,50,0.01,0.03,0.0,0.062,48,90,0.0,0.16326530612244897,49,11,1,0,49,4|15|5|7|10,hub_localized,1225
fully-connected,50,0.01,0.03,0.0,0.062,49,91,0.0,0.14285714285714285,48,11,1,0,48,3|16|5|7|10|1,hub_localized,1225
fully-connected,50,0.01,0.03,0.0,0.064,0,42,0.0,0.32653061224489793,47,20,4,1,47,3|3|2|2|1|2|4|2|4|3|5|2,hub_localized,1225
fully-connected,50,0.01,0.03,0.0,0.064,1,43,0.0,0.30612244897959184,46,20,5,1,46,2|4|5|1|2|4|2|3|3|5|3,hub_localized,1225
fully-connected,50,0.01,0.03,0.0,0.064,2,44,0.0,0.2857142857142857,45,20,4,1,45,2|4|5|1|2|4|2|4|3|5|4,hub_localized,1225
fully-connected,50,0.01,0.03,0.0,0.064,3,45,0.0,0.32653061224489793,44,27,4,1,44,1|3|2|2|1|2|4|2|4|3|5|5,hub_localized,1225
fully-connected,50,0.01,0.03,0.0,0.064,4,46,0.0,0.30612244897959184,49,27,4,1,49,3|5|1|2|4|2|4|3|5|5,hub_localized,1225
fully-connected,50,0.01,0.03,0.0,0.064,5,47,0.0,0.30612244897959184,48,20,5,1,48,3|5|1|2|4|2|3|3|5|5|1,hub_localized,1225
fully-connected,50,0.01,0.03,0.0,0.064,6,48,0.0,0.30612244897959184,47,20,4,1,47,3|2|2|1|2|4|2|4|3|5|5|2,hub_localized,1225
fully-connected,50,0.01,0.03,0.0,0.064,7,49,0.0,0.32653061224489793,46,20,4,1,46,1|2|2|1|2|4|2|3|3|5|5|3,hub_localized,1225
fully-connected,50,0.01,0.03,0.0,0.064,8,50,0.0,0.32653061224489793,45,20,4,1,45,1|2|2|1|2|4|2|3|3|5|5|4,hub_localized,1225
fully-connected,50,0.01,0.03,0.0,0.064,9,51,0.0,0.2653061224489796,44,20,5,1,44,5|1|2|4|2|4|3|5|5|5,hub_localized,1225
fully-connected,50,0.01,0.03,0.0,0.064,10,52,0.0,0.2653061224489796,43,20,5,1,43,4|1|2|4|2|4|3|5|5|6,hub_localized,1225
fully-connected,50,0.01,0.03,0.0,0.064,11,53,0.0,0.2857142857142857,42,20,4,1,42,3|1|2|4|2|3|3|5|5|7,hub_localized,1225
fully-connected,50,0.01,0.03,0.0,0.064,12,54,0.0,0.2653061224489796,41,20,5,1,41,3|1|2|4|2|4|3|5|5|8,hub_localized,1225
fully-connected,50,0.01,0.03,0.0,0.064,13,55,0.0,0.2857142857142857,40,20,5,1,40,1|1|2|4|2|3|3|5|5|9,hub_localized,1225
fully-connected,50,0.01,0.03,0.0,0.064,14,56,0.0,0.2857142857142857,39,20,5,1,39,1|1|2|4|2|3|3|5|5|10,hub_localized,1225
fully-connected,50,0.01,0.03,0.0,0.064,15,57,0.0,0.2653061224489796,38,20,15,1,38,1|2|4|2|3|3|5|5|11,hub_localized,1225
fully-connected,50,0.01,0.03,0.0,0.064,16,58,0.0,0.24489795918367346,37,20,15,1,37,1|2|4|2|4|3|5|5|12,hub_localized,1225
fully-connected,50,0.01,0.03,0.0,0.064,17,59,0.0,0.22448979591836735,36,20,15,1,36,2|4|2|3|9|5|13,hub_localized,1225
fully-connected,50,0.01,0.03,0.0,0.064,18,60,0.0,0.22448979591836735,35,20,15,1,35,2|4|2|4|3|5|5|14,hub_localized,1225
fully-connected,50,0.01,0.03,0.0,0.064,19,61,0.0,0.2653061224489796,34,20,15,1,34,1|4|2|3|3|5|1|3|15,hub_localized,1225
fully-connected,50,0.01,0.03,0.0,0.064,20,62,0.0,0.24489795918367346,33,20,15,1,33,4|2|3|3|5|1|3|16,hub_localized,1225
fully-connected,50,0.01,0.03,0.0,0.064,21,63,0.0,0.2857142857142857,49,20,15,1,49,4|2|3|3|5|1|3|15,hub_localized,1225
fully-connected,50,0.01,0.03,0.0,0.064,22,64,0.0,0.2857142857142857,49,20,1,1,49,3|2|3|9|1|3|15,hub_localized,1225
fully-connected,50,0.01,0.03,0.0,0.064,23,65,0.0,0.30612244897959184,48,20,3,1,48,2|2|3|3|5|1|3|15|1,hub_localized,1225
fully-connected,50,0.01,0.03,0.0,0.064,24,66,0.0,0.30612244897959184,47,20,3,1,47,1|2|3|3|5|1|3|15|2,hub_localized,1225
fully-connected,50,0.01,0.03,0.0,0.064,25,67,0.0,0.2653061224489796,46,20,1,1,46,2|4|3|5|1|3|15|3,hub_localized,1225
fully-connected,50,0.01,0.03,0.0,0.064,26,68,0.0,0.2857142857142857,45,20,1,1,45,1|3|3|5|1|3|15|4,hub_localized,1225
fully-connected,50,0.01,0.03,0.0,0.064,27,69,0.0,0.2653061224489796,44,20,1,1,44,1|4|3|5|1|3|15|5,hub_localized,1225
fully-connected,50,0.01,0.03,0.0,0.064,28,70,0.0,0.24489795918367346,43,20,1,1,43,3|3|5|1|3|16|6,hub_localized,1225
fully-connected,50,0.01,0.03,0.0,0.064,29,71,0.0,0.30612244897959184,49,20,3,1,49,2|3|5|1|3|15|5,hub_localized,1225
fully-connected,50,0.01,0.03,0.0,0.064,30,72,0.0,0.22448979591836735,48,20,1,1,48,2|9|5|16|5|1,hub_localized,1225
fully-connected,50,0.01,0.03,0.0,0.064,31,73,0.0,0.2857142857142857,47,20,3,1,47,1|3|5|1|3|16|5|2,hub_localized,1225
fully-connected,50,0.01,0.03,0.0,0.064,32,74,0.0,0.22448979591836735,46,20,1,1,46,3|5|5|16|6|3,hub_localized,1225
fully-connected,50,0.01,0.03,0.0,0.064,33,75,0.0,0.22448979591836735,45,20,1,1,45,3|5|5|16|5|4,hub_localized,1225
fully-connected,50,0.01,0.03,0.0,0.064,34,76,0.0,0.20408163265306123,44,20,1,1,44,3|5|5|16|5|5,hub_localized,1225
fully-connected,50,0.01,0.03,0.0,0.064,35,77,0.0,0.1836734693877551,43,20,1,0,43,3|5|5|16|5|6,hub_localized,1225
fully-connected,50,0.01,0.03,0.0,0.064,36,78,0.0,0.20408163265306123,42,20,1,1,42,2|5|5|15|5|7,hub_localized,1225
fully-connected,50,0.01,0.03,0.0,0.064,37,79,0.0,0.22448979591836735,49,20,1,1,49,2|5|5|15|5|7,hub_localized,1225
fully-connected,50,0.01,0.03,0.0,0.064,38,80,0.0,0.20408163265306123,48,20,4,1,48,5|5|16|5|7|1,hub_localized,1225
fully-connected,50,0.01,0.03,0.0,0.064,39,81,0.0,0.1836734693877551,47,20,1,0,47,5|5|16|5|7|2,hub_localized,1225
fully-connected,50,0.01,0.03,0.0,0.064,40,82,0.0,0.1836734693877551,46,20,3,0,46,4|5|16|5|7|3,hub_localized,1225
fully-connected,50,0.01,0.03,0.0,0.064,41,83,0.0,0.1836734693877551,45,20,1,0,45,4|5|16|5|7|4,hub_localized,1225
fully-connected,50,0.01,0.03,0.0,0.064,42,84,0.0,0.1836734693877551,44,20,3,0,44,2|5|16|5|7|5,hub_localized,1225
fully-connected,50,0.01,0.03,0.0,0.064,43,85,0.0,0.20408163265306123,43,20,1,1,43,1|5|15|5|7|6,hub_localized,1225
fully-connected,50,0.01,0.03,0.0,0.064,44,86,0.0,0.1836734693877551,42,20,3,0,42,1|5|16|5|7|7,hub_localized,1225
fully-connected,50,0.01,0.03,0.0,0.064,45,87,0.0,0.1836734693877551,41,20,1,0,41,5|15|5|7|8,hub_localized,1225
fully-connected,50,0.01,0.03,0.0,0.064,46,88,0.0,0.12244897959183673,40,14,4,0,40,5|16|6|7|9,hub_localized,1225
fully-connected,50,0.01,0.03,0.0,0.064,47,89,0.0,0.12244897959183673,39,11,3,0,39,5|16|5|7|10,hub_localized,1225
fully-connected,50,0.01,0.03,0.0,0.064,48,90,0.0,0.14285714285714285,49,11,1,0,49,4|16|5|7|10,hub_localized,1225
fully-connected,50,0.01,0.03,0.0,0.064,49,91,0.0,0.14285714285714285,48,11,1,0,48,3|16|5|7|10|1,hub_localized,1225
fully-connected,50,0.01,0.03,0.0,0.066,0,42,0.0,0.30612244897959184,47,20,4,1,47,3|3|2|2|1|2|4|2|4|9|2,hub_localized,1225
fully-connected,50,0.01,0.03,0.0,0.066,1,43,0.0,0.2653061224489796,46,20,5,1,46,2|4|5|1|2|4|2|4|9|3,hub_localized,1225
fully-connected,50,0.01,0.03,0.0,0.066,2,44,0.0,0.30612244897959184,45,20,4,1,45,2|3|5|1|2|4|2|4|3|5|4,hub_localized,1225
fully-connected,50,0.01,0.03,0.0,0.066,3,45,0.0,0.32653061224489793,44,27,4,1,44,1|3|2|2|1|2|4|2|4|3|5|5,hub_localized,1225
fully-connected,50,0.01,0.03,0.0,0.066,4,46,0.0,0.2857142857142857,49,27,4,1,49,3|5|1|2|4|2|4|9|5,hub_localized,1225
fully-connected,50,0.01,0.03,0.0,0.066,5,47,0.0,0.2653061224489796,48,20,5,1,48,3|5|1|2|4|2|4|9|5|1,hub_localized,1225
fully-connected,50,0.01,0.03,0.0,0.066,6,48,0.0,0.2857142857142857,47,20,4,1,47,3|2|2|1|2|4|2|4|9|5|2,hub_localized,1225
fully-connected,50,0.01,0.03,0.0,0.066,7,49,0.0,0.2857142857142857,46,20,4,1,46,1|2|2|1|2|4|2|4|9|5|3,hub_localized,1225
fully-connected,50,0.01,0.03,0.0,0.066,8,50,0.0,0.2857142857142857,45,20,4,1,45,1|2|2|1|2|4|2|4|9|5|4,hub_localized,1225
fully-connected,50,0.01,0.03,0.0,0.066,9,51,0.0,0.24489795918367346,44,20,5,1,44,5|1|2|4|2|4|9|5|5,hub_localized,1225
fully-connected,50,0.01,0.03,0.0,0.066,10,52,0.0,0.24489795918367346,43,20,6,1,43,4|1|2|4|2|4|9|5|6,hub_localized,1225
fully-connected,50,0.01,0.03,0.0,0.066,11,53,0.0,0.24489795918367346,42,20,4,1,42,3|1|2|4|2|4|9|5|7,hub_localized,1225
fully-connected,50,0.01,0.03,0.0,0.066,12,54,0.0,0.24489795918367346,41,20,5,1,41,3|1|2|4|2|4|9|5|8,hub_localized,1225
fully-connected,50,0.01,0.03,0.0,0.066,13,55,0.0,0.2653061224489796,40,20,5,1,40,1|1|2|4|2|4|3|5|5|9,hub_localized,1225
fully-connected,50,0.01,0.03,0.0,0.066,14,56,0.0,0.24489795918367346,39,20,5,1,39,1|1|2|4|2|4|9|5|10,hub_localized,1225
fully-connected,50,0.01,0.03,0.0,0.066,15,57,0.0,0.22448979591836735,38,20,15,1,38,1|2|4|2|4|9|5|11,hub_localized,1225
fully-connected,50,0.01,0.03,0.0,0.066,16,58,0.0,0.22448979591836735,37,20,15,1,37,1|2|4|2|4|9|5|12,hub_localized,1225
fully-connected,50,0.01,0.03,0.0,0.066,17,59,0.0,0.20408163265306123,36,20,15,1,36,2|4|2|4|9|5|13,hub_localized,1225
fully-connected,50,0.01,0.03,0.0,0.066,18,60,0.0,0.20408163265306123,35,20,15,1,35,2|4|2|4|9|5|14,hub_localized,1225
fully-connected,50,0.01,0.03,0.0,0.066,19,61,0.0,0.20408163265306123,34,20,15,1,34,1|4|2|4|9|5|15,hub_localized,1225
fully-connected,50,0.01,0.03,0.0,0.066,20,62,0.0,0.1836734693877551,33,20,15,0,33,4|2|4|9|5|16,hub_localized,1225
fully-connected,50,0.01,0.03,0.0,0.066,21,63,0.0,0.20408163265306123,49,20,15,1,49,4|2|4|9|5|16,hub_localized,1225
fully-connected,50,0.01,0.03,0.0,0.066,22,64,0.0,0.24489795918367346,49,20,1,1,49,3|2|4|9|5|15,hub_localized,1225
fully-connected,50,0.01,0.03,0.0,0.066,23,65,0.0,0.24489795918367346,48,20,3,1,48,2|2|4|9|5|15|1,hub_localized,1225
fully-connected,50,0.01,0.03,0.0,0.066,24,66,0.0,0.24489795918367346,47,20,3,1,47,1|2|4|3|5|5|16|2,hub_localized,1225
fully-connected,50,0.01,0.03,0.0,0.066,25,67,0.0,0.22448979591836735,46,20,1,1,46,2|4|3|5|5|16|3,hub_localized,1225
fully-connected,50,0.01,0.03,0.0,0.066,26,68,0.0,0.24489795918367346,45,20,1,1,45,1|4|3|5|5|15|4,hub_localized,1225
fully-connected,50,0.01,0.03,0.0,0.066,27,69,0.0,0.22448979591836735,44,20,1,1,44,1|4|9|5|15|5,hub_localized,1225
fully-connected,50,0.01,0.03,0.0,0.066,28,70,0.0,0.1836734693877551,43,20,1,0,43,4|9|5|16|6,hub_localized,1225
fully-connected,50,0.01,0.03,0.0,0.066,29,71,0.0,0.24489795918367346,49,20,3,1,49,3|9|5|15|5,hub_localized,1225
fully-connected,50,0.01,0.03,0.0,0.066,30,72,0.0,0.22448979591836735,48,20,1,1,48,2|9|5|16|5|1,hub_localized,1225
fully-connected,50,0.01,0.03,0.0,0.066,31,73,0.0,0.22448979591836735,47,20,3,1,47,2|9|5|16|5|2,hub_localized,1225
fully-connected,50,0.01,0.03,0.0,0.066,32,74,0.0,0.20408163265306123,46,20,1,1,46,9|5|16|6|3,hub_localized,1225
fully-connected,50,0.01,0.03,0.0,0.066,33,75,0.0,0.20408163265306123,45,20,1,1,45,9|5|16|5|4,hub_localized,1225
fully-connected,50,0.01,0.03,0.0,0.066,34,76,0.0,0.1836734693877551,44,20,1,0,44,9|5|16|5|5,hub_localized,1225
fully-connected,50,0.01,0.03,0.0,0.066,35,77,0.0,0.16326530612244897,43,20,1,0,43,9|5|16|5|6,hub_localized,1225
fully-connected,50,0.01,0.03,0.0,0.066,36,78,0.0,0.1836734693877551,42,20,1,0,42,8|5|15|5|7,hub_localized,1225
fully-connected,50,0.01,0.03,0.0,0.066,37,79,0.0,0.20408163265306123,49,20,1,1,49,8|5|15|5|7,hub_localized,1225
fully-connected,50,0.01,0.03,0.0,0.066,38,80,0.0,0.1836734693877551,48,20,4,0,48,6|5|16|5|7|1,hub_localized,1225
fully-connected,50,0.01,0.03,0.0,0.066,39,81,0.0,0.1836734693877551,47,20,1,0,47,5|5|16|5|7|2,hub_localized,1225
fully-connected,50,0.01,0.03,0.0,0.066,40,82,0.0,0.1836734693877551,46,20,3,0,46,4|5|16|5|7|3,hub_localized,1225
fully-connected,50,0.01,0.03,0.0,0.066,41,83,0.0,0.1836734693877551,45,20,1,0,45,4|5|16|5|7|4,hub_localized,1225
fully-connected,50,0.01,0.03,0.0,0.066,42,84,0.0,0.1836734693877551,44,20,3,0,44,2|5|16|5|7|5,hub_localized,1225
fully-connected,50,0.01,0.03,0.0,0.066,43,85,0.0,0.20408163265306123,43,20,1,1,43,1|5|15|5|7|6,hub_localized,1225
fully-connected,50,0.01,0.03,0.0,0.066,44,86,0.0,0.1836734693877551,42,20,3,0,42,1|5|16|5|7|7,hub_localized,1225
fully-connected,50,0.01,0.03,0.0,0.066,45,87,0.0,0.16326530612244897,41,20,1,0,41,5|16|5|7|8,hub_localized,1225
fully-connected,50,0.01,0.03,0.0,0.066,46,88,0.0,0.12244897959183673,40,8,4,0,40,5|16|6|7|9,hub_localized,1225
fully-connected,50,0.01,0.03,0.0,0.066,47,89,0.0,0.12244897959183673,39,10,3,0,39,5|16|5|7|10,hub_localized,1225
fully-connected,50,0.01,0.03,0.0,0.066,48,90,0.0,0.14285714285714285,49,10,1,0,49,4|16|5|7|10,hub_localized,1225
fully-connected,50,0.01,0.03,0.0,0.066,49,91,0.0,0.14285714285714285,48,10,1,0,48,3|16|5|7|10|1,hub_localized,1225
fully-connected,50,0.01,0.03,0.0,0.068,0,42,0.0,0.30612244897959184,47,20,4,1,47,3|3|2|2|1|2|4|2|4|9|2,hub_localized,1225
fully-connected,50,0.01,0.03,0.0,0.068,1,43,0.0,0.2857142857142857,46,20,5,1,46,2|3|5|1|2|4|2|4|9|3,hub_localized,1225
fully-connected,50,0.01,0.03,0.0,0.068,2,44,0.0,0.2857142857142857,45,20,4,1,45,2|3|5|1|2|4|2|4|9|4,hub_localized,1225
fully-connected,50,0.01,0.03,0.0,0.068,3,45,0.0,0.30612244897959184,44,27,4,1,44,1|3|2|2|1|2|4|2|4|9|5,hub_localized,1225
fully-connected,50,0.01,0.03,0.0,0.068,4,46,0.0,0.2857142857142857,49,27,4,1,49,3|5|1|2|4|2|4|9|5,hub_localized,1225
fully-connected,50,0.01,0.03,0.0,0.068,5,47,0.0,0.2653061224489796,48,20,5,1,48,3|5|1|2|4|2|4|9|5|1,hub_localized,1225
fully-connected,50,0.01,0.03,0.0,0.068,6,48,0.0,0.2857142857142857,47,20,4,1,47,3|2|2|1|2|4|2|4|9|5|2,hub_localized,1225
fully-connected,50,0.01,0.03,0.0,0.068,7,49,0.0,0.2857142857142857,46,20,4,1,46,1|2|2|1|2|4|2|4|9|5|3,hub_localized,1225
fully-connected,50,0.01,0.03,0.0,0.068,8,50,0.0,0.2857142857142857,45,20,4,1,45,1|2|2|1|2|4|2|4|9|5|4,hub_localized,1225
fully-connected,50,0.01,0.03,0.0,0.068,9,51,0.0,0.24489795918367346,44,20,5,1,44,5|1|2|4|2|4|9|5|5,hub_localized,1225
fully-connected,50,0.01,0.03,0.0,0.068,10,52,0.0,0.24489795918367346,43,20,6,1,43,4|1|2|4|2|4|9|5|6,hub_localized,1225
fully-connected,50,0.01,0.03,0.0,0.068,11,53,0.0,0.24489795918367346,42,20,4,1,42,3|1|2|4|2|4|9|5|7,hub_localized,1225
fully-connected,50,0.01,0.03,0.0,0.068,12,54,0.0,0.24489795918367346,41,20,5,1,41,3|1|2|4|2|4|9|5|8,hub_localized,1225
fully-connected,50,0.01,0.03,0.0,0.068,13,55,0.0,0.24489795918367346,40,20,5,1,40,1|1|2|4|2|4|9|5|9,hub_localized,1225
fully-connected,50,0.01,0.03,0.0,0.068,14,56,0.0,0.24489795918367346,39,20,5,1,39,1|1|2|4|2|4|9|5|10,hub_localized,1225
fully-connected,50,0.01,0.03,0.0,0.068,15,57,0.0,0.22448979591836735,38,20,15,1,38,1|2|4|2|4|9|5|11,hub_localized,1225
fully-connected,50,0.01,0.03,0.0,0.068,16,58,0.0,0.22448979591836735,37,20,15,1,37,1|2|4|2|4|9|5|12,hub_localized,1225
fully-connected,50,0.01,0.03,0.0,0.068,17,59,0.0,0.20408163265306123,36,20,15,1,36,2|4|2|4|9|5|13,hub_localized,1225
fully-connected,50,0.01,0.03,0.0,0.068,18,60,0.0,0.20408163265306123,35,20,15,1,35,2|4|2|4|9|5|14,hub_localized,1225
fully-connected,50,0.01,0.03,0.0,0.068,19,61,0.0,0.20408163265306123,34,20,15,1,34,1|4|2|4|9|5|15,hub_localized,1225
fully-connected,50,0.01,0.03,0.0,0.068,20,62,0.0,0.1836734693877551,33,20,15,0,33,4|2|4|9|5|16,hub_localized,1225
fully-connected,50,0.01,0.03,0.0,0.068,21,63,0.0,0.20408163265306123,49,20,15,1,49,4|2|4|9|5|16,hub_localized,1225
fully-connected,50,0.01,0.03,0.0,0.068,22,64,0.0,0.22448979591836735,49,20,1,1,49,3|2|4|9|5|16,hub_localized,1225
fully-connected,50,0.01,0.03,0.0,0.068,23,65,0.0,0.22448979591836735,48,20,3,1,48,2|2|4|9|5|16|1,hub_localized,1225
fully-connected,50,0.01,0.03,0.0,0.068,24,66,0.0,0.22448979591836735,47,20,3,1,47,1|2|4|9|5|16|2,hub_localized,1225
fully-connected,50,0.01,0.03,0.0,0.068,25,67,0.0,0.20408163265306123,46,20,1,1,46,2|4|9|5|16|3,hub_localized,1225
fully-connected,50,0.01,0.03,0.0,0.068,26,68,0.0,0.20408163265306123,45,20,1,1,45,1|4|9|5|16|4,hub_localized,1225
fully-connected,50,0.01,0.03,0.0,0.068,27,69,0.0,0.20408163265306123,44,20,1,1,44,1|4|9|5|16|5,hub_localized,1225
fully-connected,50,0.01,0.03,0.0,0.068,28,70,0.0,0.20408163265306123,49,20,1,1,49,4|9|5|16|5,hub_localized,1225
fully-connected,50,0.01,0.03,0.0,0.068,29,71,0.0,0.24489795918367346,49,20,3,1,49,3|9|5|15|5,hub_localized,1225
fully-connected,50,0.01,0.03,0.0,0.068,30,72,0.0,0.22448979591836735,48,20,1,1,48,2|9|5|16|5|1,hub_localized,1225
fully-connected,50,0.01,0.03,0.0,0.068,31,73,0.0,0.22448979591836735,47,20,3,1,47,2|9|5|16|5|2,hub_localized,1225
fully-connected,50,0.01,0.03,0.0,0.068,32,74,0.0,0.20408163265306123,46,20,1,1,46,9|5|16|6|3,hub_localized,1225
fully-connected,50,0.01,0.03,0.0,0.068,33,75,0.0,0.20408163265306123,45,20,1,1,45,9|5|16|5|4,hub_localized,1225
fully-connected,50,0.01,0.03,0.0,0.068,34,76,0.0,0.1836734693877551,44,20,1,0,44,9|5|16|5|5,hub_localized,1225
fully-connected,50,0.01,0.03,0.0,0.068,35,77,0.0,0.16326530612244897,43,20,1,0,43,9|5|16|5|6,hub_localized,1225
fully-connected,50,0.01,0.03,0.0,0.068,36,78,0.0,0.1836734693877551,42,20,1,0,42,8|5|15|5|7,hub_localized,1225
fully-connected,50,0.01,0.03,0.0,0.068,37,79,0.0,0.20408163265306123,49,20,1,1,49,8|5|15|5|7,hub_localized,1225
fully-connected,50,0.01,0.03,0.0,0.068,38,80,0.0,0.1836734693877551,48,20,4,0,48,6|5|16|5|7|1,hub_localized,1225
fully-connected,50,0.01,0.03,0.0,0.068,39,81,0.0,0.20408163265306123,47,20,1,1,47,5|5|15|5|7|2,hub_localized,1225
fully-connected,50,0.01,0.03,0.0,0.068,40,82,0.0,0.1836734693877551,46,20,3,0,46,4|5|16|5|7|3,hub_localized,1225
fully-connected,50,0.01,0.03,0.0,0.068,41,83,0.0,0.1836734693877551,45,20,1,0,45,4|5|16|5|7|4,hub_localized,1225
fully-connected,50,0.01,0.03,0.0,0.068,42,84,0.0,0.1836734693877551,44,20,3,0,44,2|5|16|5|7|5,hub_localized,1225
fully-connected,50,0.01,0.03,0.0,0.068,43,85,0.0,0.1836734693877551,43,20,1,0,43,1|5|16|5|7|6,hub_localized,1225
fully-connected,50,0.01,0.03,0.0,0.068,44,86,0.0,0.1836734693877551,42,20,3,0,42,1|5|16|5|7|7,hub_localized,1225
fully-connected,50,0.01,0.03,0.0,0.068,45,87,0.0,0.16326530612244897,41,20,1,0,41,5|16|5|7|8,hub_localized,1225
fully-connected,50,0.01,0.03,0.0,0.068,46,88,0.0,0.14285714285714285,40,8,4,0,40,5|16|5|7|9,hub_localized,1225
fully-connected,50,0.01,0.03,0.0,0.068,47,89,0.0,0.12244897959183673,39,10,3,0,39,5|16|5|7|10,hub_localized,1225
fully-connected,50,0.01,0.03,0.0,0.068,48,90,0.0,0.14285714285714285,49,10,1,0,49,4|16|5|7|10,hub_localized,1225
fully-connected,50,0.01,0.03,0.0,0.068,49,91,0.0,0.14285714285714285,48,10,1,0,48,3|16|5|7|10|1,hub_localized,1225
fully-connected,50,0.01,0.03,0.0,0.07,0,42,0.0,0.30612244897959184,47,20,4,1,47,3|3|2|2|1|2|4|2|4|9|2,hub_localized,1225
fully-connected,50,0.01,0.03,0.0,0.07,1,43,0.0,0.2857142857142857,46,20,5,1,46,2|3|5|1|2|4|2|4|9|3,hub_localized,1225
fully-connected,50,0.01,0.03,0.0,0.07,2,44,0.0,0.2857142857142857,45,20,4,1,45,2|3|5|1|2|4|2|4|9|4,hub_localized,1225
fully-connected,50,0.01,0.03,0.0,0.07,3,45,0.0,0.30612244897959184,44,27,4,1,44,1|3|2|2|1|2|4|2|4|9|5,hub_localized,1225
fully-connected,50,0.01,0.03,0.0,0.07,4,46,0.0,0.2857142857142857,49,27,4,1,49,3|5|1|2|4|2|4|9|5,hub_localized,1225
fully-connected,50,0.01,0.03,0.0,0.07,5,47,0.0,0.2653061224489796,48,20,5,1,48,3|5|1|2|4|2|4|9|5|1,hub_localized,1225
fully-connected,50,0.01,0.03,0.0,0.07,6,48,0.0,0.2857142857142857,47,20,4,1,47,3|2|2|1|2|4|2|4|9|5|2,hub_localized,1225
fully-connected,50,0.01,0.03,0.0,0.07,7,49,0.0,0.2857142857142857,46,20,4,1,46,1|2|2|1|2|4|2|4|9|5|3,hub_localized,1225
fully-connected,50,0.01,0.03,0.0,0.07,8,50,0.0,0.2857142857142857,45,20,4,1,45,1|2|2|1|2|4|2|4|9|5|4,hub_localized,1225
fully-connected,50,0.01,0.03,0.0,0.07,9,51,0.0,0.24489795918367346,44,20,5,1,44,5|1|2|4|2|4|9|5|5,hub_localized,1225
fully-connected,50,0.01,0.03,0.0,0.07,10,52,0.0,0.24489795918367346,43,20,6,1,43,4|1|2|4|2|4|9|5|6,hub_localized,1225
fully-connected,50,0.01,0.03,0.0,0.07,11,53,0.0,0.24489795918367346,42,20,5,1,42,3|1|2|4|2|4|9|5|7,hub_localized,1225
fully-connected,50,0.01,0.03,0.0,0.07,12,54,0.0,0.24489795918367346,41,20,5,1,41,3|1|2|4|2|4|9|5|8,hub_localized,1225
fully-connected,50,0.01,0.03,0.0,0.07,13,55,0.0,0.24489795918367346,40,20,5,1,40,1|1|2|4|2|4|9|5|9,hub_localized,1225
fully-connected,50,0.01,0.03,0.0,0.07,14,56,0.0,0.24489795918367346,39,20,5,1,39,1|1|2|4|2|4|9|5|10,hub_localized,1225
fully-connected,50,0.01,0.03,0.0,0.07,15,57,0.0,0.22448979591836735,38,20,15,1,38,1|2|4|2|4|9|5|11,hub_localized,1225
fully-connected,50,0.01,0.03,0.0,0.07,16,58,0.0,0.22448979591836735,37,20,15,1,37,1|2|4|2|4|9|5|12,hub_localized,1225
fully-connected,50,0.01,0.03,0.0,0.07,17,59,0.0,0.20408163265306123,36,20,15,1,36,2|4|2|4|9|5|13,hub_localized,1225
fully-connected,50,0.01,0.03,0.0,0.07,18,60,0.0,0.20408163265306123,35,20,16,1,35,2|4|2|4|9|5|14,hub_localized,1225
fully-connected,50,0.01,0.03,0.0,0.07,19,61,0.0,0.20408163265306123,34,20,15,1,34,1|4|2|4|9|5|15,hub_localized,1225
fully-connected,50,0.01,0.03,0.0,0.07,20,62,0.0,0.1836734693877551,33,20,16,0,33,4|2|4|9|5|16,hub_localized,1225
fully-connected,50,0.01,0.03,0.0,0.07,21,63,0.0,0.20408163265306123,49,20,15,1,49,4|2|4|9|5|16,hub_localized,1225
fully-connected,50,0.01,0.03,0.0,0.07,22,64,0.0,0.22448979591836735,49,20,1,1,49,3|2|4|9|5|16,hub_localized,1225
fully-connected,50,0.01,0.03,0.0,0.07,23,65,0.0,0.22448979591836735,48,20,3,1,48,2|2|4|9|5|16|1,hub_localized,1225
fully-connected,50,0.01,0.03,0.0,0.07,24,66,0.0,0.22448979591836735,47,20,3,1,47,1|2|4|9|5|16|2,hub_localized,1225
fully-connected,50,0.01,0.03,0.0,0.07,25,67,0.0,0.20408163265306123,46,20,1,1,46,2|4|9|5|16|3,hub_localized,1225
fully-connected,50,0.01,0.03,0.0,0.07,26,68,0.0,0.20408163265306123,45,20,1,1,45,1|4|9|5|16|4,hub_localized,1225
fully-connected,50,0.01,0.03,0.0,0.07,27,69,0.0,0.20408163265306123,44,20,1,1,44,1|4|9|5|16|5,hub_localized,1225
fully-connected,50,0.01,0.03,0.0,0.07,28,70,0.0,0.20408163265306123,49,20,1,1,49,4|9|5|16|5,hub_localized,1225
fully-connected,50,0.01,0.03,0.0,0.07,29,71,0.0,0.22448979591836735,49,20,3,1,49,3|9|5|16|5,hub_localized,1225
fully-connected,50,0.01,0.03,0.0,0.07,30,72,0.0,0.22448979591836735,48,20,1,1,48,2|9|5|16|5|1,hub_localized,1225
fully-connected,50,0.01,0.03,0.0,0.07,31,73,0.0,0.22448979591836735,47,20,3,1,47,2|9|5|16|5|2,hub_localized,1225
fully-connected,50,0.01,0.03,0.0,0.07,32,74,0.0,0.20408163265306123,46,20,1,1,46,9|5|16|6|3,hub_localized,1225
fully-connected,50,0.01,0.03,0.0,0.07,33,75,0.0,0.20408163265306123,45,20,1,1,45,9|5|16|5|4,hub_localized,1225
fully-connected,50,0.01,0.03,0.0,0.07,34,76,0.0,0.1836734693877551,44,20,1,0,44,9|5|16|5|5,hub_localized,1225
fully-connected,50,0.01,0.03,0.0,0.07,35,77,0.0,0.16326530612244897,43,20,1,0,43,9|5|16|5|6,hub_localized,1225
fully-connected,50,0.01,0.03,0.0,0.07,36,78,0.0,0.16326530612244897,42,20,1,0,42,8|5|16|5|7,hub_localized,1225
fully-connected,50,0.01,0.03,0.0,0.07,37,79,0.0,0.1836734693877551,49,20,1,0,49,8|5|16|5|7,hub_localized,1225
fully-connected,50,0.01,0.03,0.0,0.07,38,80,0.0,0.1836734693877551,48,20,4,0,48,6|5|16|5|7|1,hub_localized,1225
fully-connected,50,0.01,0.03,0.0,0.07,39,81,0.0,0.20408163265306123,47,20,1,1,47,5|5|15|5|7|2,hub_localized,1225
fully-connected,50,0.01,0.03,0.0,0.07,40,82,0.0,0.1836734693877551,46,20,3,0,46,4|5|16|5|7|3,hub_localized,1225
fully-connected,50,0.01,0.03,0.0,0.07,41,83,0.0,0.1836734693877551,45,20,1,0,45,4|5|16|5|7|4,hub_localized,1225
fully-connected,50,0.01,0.03,0.0,0.07,42,84,0.0,0.1836734693877551,44,20,3,0,44,2|5|16|5|7|5,hub_localized,1225
fully-connected,50,0.01,0.03,0.0,0.07,43,85,0.0,0.1836734693877551,43,20,1,0,43,1|5|16|5|7|6,hub_localized,1225
fully-connected,50,0.01,0.03,0.0,0.07,44,86,0.0,0.1836734693877551,42,20,3,0,42,1|5|16|5|7|7,hub_localized,1225
fully-connected,50,0.01,0.03,0.0,0.07,45,87,0.0,0.16326530612244897,41,20,1,0,41,5|16|5|7|8,hub_localized,1225
fully-connected,50,0.01,0.03,0.0,0.07,46,88,0.0,0.14285714285714285,40,8,4,0,40,5|16|5|7|9,hub_localized,1225
fully-connected,50,0.01,0.03,0.0,0.07,47,89,0.0,0.12244897959183673,39,9,3,0,39,5|16|5|7|10,hub_localized,1225
fully-connected,50,0.01,0.03,0.0,0.07,48,90,0.0,0.14285714285714285,49,9,1,0,49,4|16|5|7|10,hub_localized,1225
fully-connected,50,0.01,0.03,0.0,0.07,49,91,0.0,0.14285714285714285,48,9,1,0,48,3|16|5|7|10|1,hub_localized,1225
fully-connected,50,0.01,0.03,0.0,0.072,0,42,0.0,0.30612244897959184,47,19,4,1,47,3|4|2|2|1|2|1|2|2|4|9|2,hub_localized,1225
fully-connected,50,0.01,0.03,0.0,0.072,1,43,0.0,0.30612244897959184,46,19,5,1,46,2|3|5|1|2|1|2|2|4|9|3,hub_localized,1225
fully-connected,50,0.01,0.03,0.0,0.072,2,44,0.0,0.30612244897959184,45,19,4,1,45,2|3|5|1|2|1|2|2|4|9|4,hub_localized,1225
fully-connected,50,0.01,0.03,0.0,0.072,3,45,0.0,0.30612244897959184,44,26,4,1,44,1|3|5|1|2|1|2|2|4|9|5,hub_localized,1225
fully-connected,50,0.01,0.03,0.0,0.072,4,46,0.0,0.30612244897959184,49,27,4,1,49,3|5|1|2|1|2|2|4|9|5,hub_localized,1225
fully-connected,50,0.01,0.03,0.0,0.072,5,47,0.0,0.2857142857142857,48,19,5,1,48,3|5|1|2|1|2|2|4|9|5|1,hub_localized,1225
fully-connected,50,0.01,0.03,0.0,0.072,6,48,0.0,0.2857142857142857,47,19,4,1,47,3|5|1|2|1|2|2|4|9|5|2,hub_localized,1225
fully-connected,50,0.01,0.03,0.0,0.072,7,49,0.0,0.30612244897959184,46,19,5,1,46,1|2|2|1|2|1|2|2|4|9|5|3,hub_localized,1225
fully-connected,50,0.01,0.03,0.0,0.072,8,50,0.0,0.30612244897959184,45,19,5,1,45,1|2|2|1|2|1|2|2|4|9|5|4,hub_localized,1225
fully-connected,50,0.01,0.03,0.0,0.072,9,51,0.0,0.2653061224489796,44,19,5,1,44,5|1|2|1|2|2|4|9|5|5,hub_localized,1225
fully-connected,50,0.01,0.03,0.0,0.072,10,52,0.0,0.2653061224489796,43,19,6,1,43,4|1|2|1|2|2|4|9|5|6,hub_localized,1225
fully-connected,50,0.01,0.03,0.0,0.072,11,53,0.0,0.2653061224489796,42,19,5,1,42,3|1|2|1|2|2|4|9|5|7,hub_localized,1225
fully-connected,50,0.01,0.03,0.0,0.072,12,54,0.0,0.2653061224489796,41,19,5,1,41,3|1|2|1|2|2|4|9|5|8,hub_localized,1225
fully-connected,50,0.01,0.03,0.0,0.072,13,55,0.0,0.2653061224489796,40,19,5,1,40,1|1|2|1|2|2|4|9|5|9,hub_localized,1225
fully-connected,50,0.01,0.03,0.0,0.072,14,56,0.0,0.2653061224489796,39,19,5,1,39,1|1|2|1|2|2|4|9|5|10,hub_localized,1225
fully-connected,50,0.01,0.03,0.0,0.072,15,57,0.0,0.24489795918367346,38,19,15,1,38,1|2|1|2|2|4|9|5|11,hub_localized,1225
fully-connected,50,0.01,0.03,0.0,0.072,16,58,0.0,0.24489795918367346,37,19,15,1,37,1|2|1|2|2|4|9|5|12,hub_localized,1225
fully-connected,50,0.01,0.03,0.0,0.072,17,59,0.0,0.22448979591836735,36,19,16,1,36,2|1|2|2|4|9|5|13,hub_localized,1225
fully-connected,50,0.01,0.03,0.0,0.072,18,60,0.0,0.22448979591836735,35,19,16,1,35,2|1|2|2|4|9|5|14,hub_localized,1225
fully-connected,50,0.01,0.03,0.0,0.072,19,61,0.0,0.22448979591836735,34,19,15,1,34,1|1|2|2|4|9|5|15,hub_localized,1225
fully-connected,50,0.01,0.03,0.0,0.072,20,62,0.0,0.20408163265306123,33,19,16,1,33,1|2|2|4|9|5|16,hub_localized,1225
fully-connected,50,0.01,0.03,0.0,0.072,21,63,0.0,0.20408163265306123,32,19,15,1,32,1|2|2|4|9|5|17,hub_localized,1225
fully-connected,50,0.01,0.03,0.0,0.072,22,64,0.0,0.20408163265306123,49,19,1,1,49,2|2|4|9|5|17,hub_localized,1225
fully-connected,50,0.01,0.03,0.0,0.072,23,65,0.0,0.20408163265306123,48,19,3,1,48,2|2|4|9|5|17|1,hub_localized,1225
fully-connected,50,0.01,0.03,0.0,0.072,24,66,0.0,0.20408163265306123,47,19,3,1,47,1|2|4|9|5|17|2,hub_localized,1225
fully-connected,50,0.01,0.03,0.0,0.072,25,67,0.0,0.1836734693877551,46,19,1,0,46,2|4|9|5|17|3,hub_localized,1225
fully-connected,50,0.01,0.03,0.0,0.072,26,68,0.0,0.1836734693877551,45,19,1,0,45,1|4|9|5|17|4,hub_localized,1225
fully-connected,50,0.01,0.03,0.0,0.072,27,69,0.0,0.1836734693877551,44,19,1,0,44,1|4|9|5|17|5,hub_localized,1225
fully-connected,50,0.01,0.03,0.0,0.072,28,70,0.0,0.1836734693877551,49,19,1,0,49,4|9|5|17|5,hub_localized,1225
fully-connected,50,0.01,0.03,0.0,0.072,29,71,0.0,0.20408163265306123,49,19,3,1,49,3|9|5|17|5,hub_localized,1225
fully-connected,50,0.01,0.03,0.0,0.072,30,72,0.0,0.20408163265306123,48,19,1,1,48,2|9|5|17|5|1,hub_localized,1225
fully-connected,50,0.01,0.03,0.0,0.072,31,73,0.0,0.20408163265306123,47,19,3,1,47,2|9|5|17|5|2,hub_localized,1225
fully-connected,50,0.01,0.03,0.0,0.072,32,74,0.0,0.1836734693877551,46,19,1,0,46,9|5|17|6|3,hub_localized,1225
fully-connected,50,0.01,0.03,0.0,0.072,33,75,0.0,0.20408163265306123,45,19,1,1,45,9|5|16|5|4,hub_localized,1225
fully-connected,50,0.01,0.03,0.0,0.072,34,76,0.0,0.1836734693877551,44,19,1,0,44,9|5|16|5|5,hub_localized,1225
fully-connected,50,0.01,0.03,0.0,0.072,35,77,0.0,0.16326530612244897,43,19,1,0,43,9|5|16|5|6,hub_localized,1225
fully-connected,50,0.01,0.03,0.0,0.072,36,78,0.0,0.16326530612244897,42,19,1,0,42,8|5|16|5|7,hub_localized,1225
fully-connected,50,0.01,0.03,0.0,0.072,37,79,0.0,0.1836734693877551,49,19,1,0,49,8|5|16|5|7,hub_localized,1225
fully-connected,50,0.01,0.03,0.0,0.072,38,80,0.0,0.1836734693877551,48,19,4,0,48,6|5|16|5|7|1,hub_localized,1225
fully-connected,50,0.01,0.03,0.0,0.072,39,81,0.0,0.1836734693877551,47,19,1,0,47,5|5|16|5|7|2,hub_localized,1225
fully-connected,50,0.01,0.03,0.0,0.072,40,82,0.0,0.1836734693877551,46,19,3,0,46,4|5|16|5|7|3,hub_localized,1225
fully-connected,50,0.01,0.03,0.0,0.072,41,83,0.0,0.1836734693877551,45,19,1,0,45,4|5|16|5|7|4,hub_localized,1225
fully-connected,50,0.01,0.03,0.0,0.072,42,84,0.0,0.1836734693877551,44,19,3,0,44,2|5|16|5|7|5,hub_localized,1225
fully-connected,50,0.01,0.03,0.0,0.072,43,85,0.0,0.1836734693877551,43,19,1,0,43,1|5|16|5|7|6,hub_localized,1225
fully-connected,50,0.01,0.03,0.0,0.072,44,86,0.0,0.1836734693877551,42,19,3,0,42,1|5|16|5|7|7,hub_localized,1225
fully-connected,50,0.01,0.03,0.0,0.072,45,87,0.0,0.16326530612244897,41,19,1,0,41,5|16|5|7|8,hub_localized,1225
fully-connected,50,0.01,0.03,0.0,0.072,46,88,0.0,0.14285714285714285,40,8,4,0,40,5|16|5|7|9,hub_localized,1225
fully-connected,50,0.01,0.03,0.0,0.072,47,89,0.0,0.12244897959183673,39,10,3,0,39,5|16|5|7|10,hub_localized,1225
fully-connected,50,0.01,0.03,0.0,0.072,48,90,0.0,0.14285714285714285,49,10,1,0,49,4|16|5|7|10,hub_localized,1225
fully-connected,50,0.01,0.03,0.0,0.072,49,91,0.0,0.14285714285714285,48,9,1,0,48,3|16|5|7|10|1,hub_localized,1225
fully-connected,50,0.01,0.03,0.0,0.074,0,42,0.0,0.2857142857142857,47,19,4,1,47,3|4|2|2|1|2|4|2|4|9|2,hub_localized,1225
fully-connected,50,0.01,0.03,0.0,0.074,1,43,0.0,0.2857142857142857,46,19,5,1,46,2|3|5|1|2|4|2|4|9|3,hub_localized,1225
fully-connected,50,0.01,0.03,0.0,0.074,2,44,0.0,0.2857142857142857,45,19,4,1,45,2|3|5|1|2|4|2|4|9|4,hub_localized,1225
fully-connected,50,0.01,0.03,0.0,0.074,3,45,0.0,0.2857142857142857,44,19,4,1,44,1|3|5|1|2|4|2|4|9|5,hub_localized,1225
fully-connected,50,0.01,0.03,0.0,0.074,4,46,0.0,0.2857142857142857,49,19,4,1,49,3|5|1|2|4|2|4|9|5,hub_localized,1225
fully-connected,50,0.01,0.03,0.0,0.074,5,47,0.0,0.2653061224489796,48,19,5,1,48,3|5|1|2|4|2|4|9|5|1,hub_localized,1225
fully-connected,50,0.01,0.03,0.0,0.074,6,48,0.0,0.2653061224489796,47,19,4,1,47,3|5|1|2|4|2|4|9|5|2,hub_localized,1225
fully-connected,50,0.01,0.03,0.0,0.074,7,49,0.0,0.2653061224489796,46,19,5,1,46,1|5|1|2|4|2|4|9|5|3,hub_localized,1225
fully-connected,50,0.01,0.03,0.0,0.074,8,50,0.0,0.2653061224489796,45,19,5,1,45,1|5|1|2|4|2|4|9|5|4,hub_localized,1225
fully-connected,50,0.01,0.03,0.0,0.074,9,51,0.0,0.24489795918367346,44,19,5,1,44,5|1|2|4|2|4|9|5|5,hub_localized,1225
fully-connected,50,0.01,0.03,0.0,0.074,10,52,0.0,0.24489795918367346,43,19,6,1,43,4|1|2|4|2|4|9|5|6,hub_localized,1225
fully-connected,50,0.01,0.03,0.0,0.074,11,53,0.0,0.24489795918367346,42,19,5,1,42,3|1|2|4|2|4|9|5|7,hub_localized,1225
fully-connected,50,0.01,0.03,0.0,0.074,12,54,0.0,0.24489795918367346,41,19,5,1,41,3|1|2|4|2|4|9|5|8,hub_localized,1225
fully-connected,50,0.01,0.03,0.0,0.074,13,55,0.0,0.24489795918367346,40,19,5,1,40,1|1|2|4|2|4|9|5|9,hub_localized,1225
fully-connected,50,0.01,0.03,0.0,0.074,14,56,0.0,0.24489795918367346,39,19,5,1,39,1|1|2|4|2|4|9|5|10,hub_localized,1225
fully-connected,50,0.01,0.03,0.0,0.074,15,57,0.0,0.22448979591836735,38,19,15,1,38,1|2|4|2|4|9|5|11,hub_localized,1225
fully-connected,50,0.01,0.03,0.0,0.074,16,58,0.0,0.22448979591836735,37,19,15,1,37,1|2|4|2|4|9|5|12,hub_localized,1225
fully-connected,50,0.01,0.03,0.0,0.074,17,59,0.0,0.20408163265306123,36,19,16,1,36,2|4|2|4|9|5|13,hub_localized,1225
fully-connected,50,0.01,0.03,0.0,0.074,18,60,0.0,0.20408163265306123,35,19,16,1,35,2|4|2|4|9|5|14,hub_localized,1225
fully-connected,50,0.01,0.03,0.0,0.074,19,61,0.0,0.20408163265306123,34,19,15,1,34,1|4|2|4|9|5|15,hub_localized,1225
fully-connected,50,0.01,0.03,0.0,0.074,20,62,0.0,0.1836734693877551,33,19,16,0,33,4|2|4|9|5|16,hub_localized,1225
fully-connected,50,0.01,0.03,0.0,0.074,21,63,0.0,0.1836734693877551,32,19,15,0,32,4|2|4|9|5|17,hub_localized,1225
fully-connected,50,0.01,0.03,0.0,0.074,22,64,0.0,0.20408163265306123,49,19,1,1,49,3|2|4|9|5|17,hub_localized,1225
fully-connected,50,0.01,0.03,0.0,0.074,23,65,0.0,0.20408163265306123,48,19,3,1,48,2|2|4|9|5|17|1,hub_localized,1225
fully-connected,50,0.01,0.03,0.0,0.074,24,66,0.0,0.20408163265306123,47,19,3,1,47,1|2|4|9|5|17|2,hub_localized,1225
fully-connected,50,0.01,0.03,0.0,0.074,25,67,0.0,0.1836734693877551,46,19,1,0,46,2|4|9|5|17|3,hub_localized,1225
fully-connected,50,0.01,0.03,0.0,0.074,26,68,0.0,0.1836734693877551,45,19,1,0,45,1|4|9|5|17|4,hub_localized,1225
fully-connected,50,0.01,0.03,0.0,0.074,27,69,0.0,0.1836734693877551,44,19,1,0,44,1|4|9|5|17|5,hub_localized,1225
fully-connected,50,0.01,0.03,0.0,0.074,28,70,0.0,0.1836734693877551,49,19,1,0,49,4|9|5|17|5,hub_localized,1225
fully-connected,50,0.01,0.03,0.0,0.074,29,71,0.0,0.20408163265306123,49,19,3,1,49,3|9|5|17|5,hub_localized,1225
fully-connected,50,0.01,0.03,0.0,0.074,30,72,0.0,0.20408163265306123,48,19,1,1,48,2|9|5|17|5|1,hub_localized,1225
fully-connected,50,0.01,0.03,0.0,0.074,31,73,0.0,0.20408163265306123,47,19,3,1,47,2|9|5|17|5|2,hub_localized,1225
fully-connected,50,0.01,0.03,0.0,0.074,32,74,0.0,0.1836734693877551,46,19,1,0,46,9|5|17|6|3,hub_localized,1225
fully-connected,50,0.01,0.03,0.0,0.074,33,75,0.0,0.1836734693877551,45,19,1,0,45,9|5|17|5|4,hub_localized,1225
fully-connected,50,0.01,0.03,0.0,0.074,34,76,0.0,0.16326530612244897,44,19,1,0,44,9|5|17|5|5,hub_localized,1225
fully-connected,50,0.01,0.03,0.0,0.074,35,77,0.0,0.14285714285714285,43,19,1,0,43,9|5|17|5|6,hub_localized,1225
fully-connected,50,0.01,0.03,0.0,0.074,36,78,0.0,0.14285714285714285,42,19,1,0,42,8|5|17|5|7,hub_localized,1225
fully-connected,50,0.01,0.03,0.0,0.074,37,79,0.0,0.16326530612244897,49,19,1,0,49,8|5|17|5|7,hub_localized,1225
fully-connected,50,0.01,0.03,0.0,0.074,38,80,0.0,0.16326530612244897,48,19,4,0,48,6|5|17|5|7|1,hub_localized,1225
fully-connected,50,0.01,0.03,0.0,0.074,39,81,0.0,0.16326530612244897,47,19,1,0,47,5|5|17|5|7|2,hub_localized,1225
fully-connected,50,0.01,0.03,0.0,0.074,40,82,0.0,0.16326530612244897,46,19,3,0,46,4|5|17|5|7|3,hub_localized,1225
fully-connected,50,0.01,0.03,0.0,0.074,41,83,0.0,0.16326530612244897,45,19,1,0,45,4|5|17|5|7|4,hub_localized,1225
fully-connected,50,0.01,0.03,0.0,0.074,42,84,0.0,0.1836734693877551,44,19,3,0,44,2|5|16|5|7|5,hub_localized,1225
fully-connected,50,0.01,0.03,0.0,0.074,43,85,0.0,0.1836734693877551,43,19,1,0,43,1|5|16|5|7|6,hub_localized,1225
fully-connected,50,0.01,0.03,0.0,0.074,44,86,0.0,0.1836734693877551,42,19,3,0,42,1|5|16|5|7|7,hub_localized,1225
fully-connected,50,0.01,0.03,0.0,0.074,45,87,0.0,0.16326530612244897,41,19,1,0,41,5|16|5|7|8,hub_localized,1225
fully-connected,50,0.01,0.03,0.0,0.074,46,88,0.0,0.14285714285714285,40,8,4,0,40,5|16|5|7|9,hub_localized,1225
fully-connected,50,0.01,0.03,0.0,0.074,47,89,0.0,0.12244897959183673,39,10,3,0,39,5|16|5|7|10,hub_localized,1225
fully-connected,50,0.01,0.03,0.0,0.074,48,90,0.0,0.14285714285714285,49,10,1,0,49,4|16|5|7|10,hub_localized,1225
fully-connected,50,0.01,0.03,0.0,0.074,49,91,0.0,0.14285714285714285,48,9,1,0,48,3|16|5|7|10|1,hub_localized,1225
fully-connected,50,0.01,0.03,0.0,0.076,0,42,0.0,0.2857142857142857,47,19,4,1,47,3|4|5|1|2|4|2|4|1|7|2,hub_localized,1225
fully-connected,50,0.01,0.03,0.0,0.076,1,43,0.0,0.30612244897959184,46,19,5,1,46,2|3|5|1|2|4|2|4|1|7|3,hub_localized,1225
fully-connected,50,0.01,0.03,0.0,0.076,2,44,0.0,0.30612244897959184,45,19,4,1,45,2|3|5|1|2|4|2|4|1|7|4,hub_localized,1225
fully-connected,50,0.01,0.03,0.0,0.076,3,45,0.0,0.30612244897959184,44,19,4,1,44,1|3|5|1|2|4|2|4|1|7|5,hub_localized,1225
fully-connected,50,0.01,0.03,0.0,0.076,4,46,0.0,0.30612244897959184,49,19,4,1,49,3|5|1|2|4|2|4|1|7|5,hub_localized,1225
fully-connected,50,0.01,0.03,0.0,0.076,5,47,0.0,0.2857142857142857,48,19,5,1,48,3|5|1|2|4|2|4|1|7|5|1,hub_localized,1225
fully-connected,50,0.01,0.03,0.0,0.076,6,48,0.0,0.2857142857142857,47,19,4,1,47,3|5|1|2|4|2|4|1|7|5|2,hub_localized,1225
fully-connected,50,0.01,0.03,0.0,0.076,7,49,0.0,0.2857142857142857,46,19,5,1,46,1|5|1|2|4|2|4|1|7|5|3,hub_localized,1225
fully-connected,50,0.01,0.03,0.0,0.076,8,50,0.0,0.2857142857142857,45,19,5,1,45,1|5|1|2|4|2|4|1|7|5|4,hub_localized,1225
fully-connected,50,0.01,0.03,0.0,0.076,9,51,0.0,0.2653061224489796,44,19,5,1,44,5|1|2|4|2|4|1|7|5|5,hub_localized,1225
fully-connected,50,0.01,0.03,0.0,0.076,10,52,0.0,0.2653061224489796,43,19,6,1,43,4|1|2|4|2|4|1|7|5|6,hub_localized,1225
fully-connected,50,0.01,0.03,0.0,0.076,11,53,0.0,0.2653061224489796,42,19,5,1,42,3|1|2|4|2|4|1|7|5|7,hub_localized,1225
fully-connected,50,0.01,0.03,0.0,0.076,12,54,0.0,0.2653061224489796,41,19,5,1,41,3|1|2|4|2|4|1|7|5|8,hub_localized,1225
fully-connected,50,0.01,0.03,0.0,0.076,13,55,0.0,0.2653061224489796,40,19,5,1,40,1|1|2|4|2|4|1|7|5|9,hub_localized,1225
fully-connected,50,0.01,0.03,0.0,0.076,14,56,0.0,0.2653061224489796,39,19,5,1,39,1|1|2|4|2|4|1|7|5|10,hub_localized,1225
fully-connected,50,0.01,0.03,0.0,0.076,15,57,0.0,0.24489795918367346,38,19,16,1,38,1|2|4|2|4|1|7|5|11,hub_localized,1225
fully-connected,50,0.01,0.03,0.0,0.076,16,58,0.0,0.24489795918367346,37,19,15,1,37,1|2|4|2|4|1|7|5|12,hub_localized,1225
fully-connected,50,0.01,0.03,0.0,0.076,17,59,0.0,0.22448979591836735,36,19,16,1,36,2|4|2|4|1|7|5|13,hub_localized,1225
fully-connected,50,0.01,0.03,0.0,0.076,18,60,0.0,0.22448979591836735,35,19,16,1,35,2|4|2|4|1|7|5|14,hub_localized,1225
fully-connected,50,0.01,0.03,0.0,0.076,19,61,0.0,0.22448979591836735,34,19,15,1,34,1|4|2|4|1|7|5|15,hub_localized,1225
fully-connected,50,0.01,0.03,0.0,0.076,20,62,0.0,0.20408163265306123,33,19,16,1,33,4|2|4|1|7|5|16,hub_localized,1225
fully-connected,50,0.01,0.03,0.0,0.076,21,63,0.0,0.20408163265306123,32,19,16,1,32,4|2|4|1|7|5|17,hub_localized,1225
fully-connected,50,0.01,0.03,0.0,0.076,22,64,0.0,0.22448979591836735,49,19,1,1,49,3|2|4|1|7|5|17,hub_localized,1225
fully-connected,50,0.01,0.03,0.0,0.076,23,65,0.0,0.22448979591836735,48,19,3,1,48,2|2|4|1|7|5|17|1,hub_localized,1225
fully-connected,50,0.01,0.03,0.0,0.076,24,66,0.0,0.22448979591836735,47,19,3,1,47,1|2|4|1|7|5|17|2,hub_localized,1225
fully-connected,50,0.01,0.03,0.0,0.076,25,67,0.0,0.20408163265306123,46,19,1,1,46,2|4|1|7|5|17|3,hub_localized,1225
fully-connected,50,0.01,0.03,0.0,0.076,26,68,0.0,0.20408163265306123,45,19,1,1,45,1|4|1|7|5|17|4,hub_localized,1225
fully-connected,50,0.01,0.03,0.0,0.076,27,69,0.0,0.20408163265306123,44,19,1,1,44,1|4|1|7|5|17|5,hub_localized,1225
fully-connected,50,0.01,0.03,0.0,0.076,28,70,0.0,0.20408163265306123,49,19,1,1,49,4|1|7|5|17|5,hub_localized,1225
fully-connected,50,0.01,0.03,0.0,0.076,29,71,0.0,0.22448979591836735,49,19,3,1,49,3|1|7|5|17|5,hub_localized,1225
fully-connected,50,0.01,0.03,0.0,0.076,30,72,0.0,0.22448979591836735,48,19,1,1,48,2|1|7|5|17|5|1,hub_localized,1225
fully-connected,50,0.01,0.03,0.0,0.076,31,73,0.0,0.22448979591836735,47,19,3,1,47,2|1|7|5|17|5|2,hub_localized,1225
fully-connected,50,0.01,0.03,0.0,0.076,32,74,0.0,0.20408163265306123,46,19,1,1,46,1|7|5|17|6|3,hub_localized,1225
fully-connected,50,0.01,0.03,0.0,0.076,33,75,0.0,0.20408163265306123,45,19,1,1,45,1|7|5|17|5|4,hub_localized,1225
fully-connected,50,0.01,0.03,0.0,0.076,34,76,0.0,0.1836734693877551,44,19,1,0,44,1|7|5|17|5|5,hub_localized,1225
fully-connected,50,0.01,0.03,0.0,0.076,35,77,0.0,0.16326530612244897,43,19,1,0,43,1|7|5|17|5|6,hub_localized,1225
fully-connected,50,0.01,0.03,0.0,0.076,36,78,0.0,0.16326530612244897,42,19,1,0,42,7|5|17|5|7,hub_localized,1225
fully-connected,50,0.01,0.03,0.0,0.076,37,79,0.0,0.16326530612244897,49,19,1,0,49,7|5|17|5|7,hub_localized,1225
fully-connected,50,0.01,0.03,0.0,0.076,38,80,0.0,0.16326530612244897,48,19,4,0,48,6|5|17|5|7|1,hub_localized,1225
fully-connected,50,0.01,0.03,0.0,0.076,39,81,0.0,0.16326530612244897,47,19,1,0,47,5|5|17|5|7|2,hub_localized,1225
fully-connected,50,0.01,0.03,0.0,0.076,40,82,0.0,0.16326530612244897,46,19,3,0,46,4|5|17|5|7|3,hub_localized,1225
fully-connected,50,0.01,0.03,0.0,0.076,41,83,0.0,0.16326530612244897,45,19,1,0,45,4|5|17|5|7|4,hub_localized,1225
fully-connected,50,0.01,0.03,0.0,0.076,42,84,0.0,0.16326530612244897,44,19,3,0,44,2|5|17|5|7|5,hub_localized,1225
fully-connected,50,0.01,0.03,0.0,0.076,43,85,0.0,0.16326530612244897,43,19,1,0,43,1|5|17|5|7|6,hub_localized,1225
fully-connected,50,0.01,0.03,0.0,0.076,44,86,0.0,0.16326530612244897,42,19,3,0,42,1|5|17|5|7|7,hub_localized,1225
fully-connected,50,0.01,0.03,0.0,0.076,45,87,0.0,0.14285714285714285,41,19,1,0,41,5|17|5|7|8,hub_localized,1225
fully-connected,50,0.01,0.03,0.0,0.076,46,88,0.0,0.12244897959183673,40,8,4,0,40,5|17|5|7|9,hub_localized,1225
fully-connected,50,0.01,0.03,0.0,0.076,47,89,0.0,0.10204081632653061,39,8,3,0,39,5|17|5|7|10,hub_localized,1225
fully-connected,50,0.01,0.03,0.0,0.076,48,90,0.0,0.12244897959183673,49,8,1,0,49,4|17|5|7|10,hub_localized,1225
fully-connected,50,0.01,0.03,0.0,0.076,49,91,0.0,0.12244897959183673,48,8,1,0,48,3|17|5|7|10|1,hub_localized,1225
