disturbance_level,coupling_delay,trust_coupling,run_index,seed,node_a_final_stability,node_b_final_stability,node_a_stability_rate,node_b_stability_rate,node_a_failure,node_b_failure,node_a_recovered,node_b_recovered,node_a_final_trust,node_b_final_trust,propagated_breach,propagated_failure,synchronization_correlation,avg_stability_gap,simultaneous_breach
0.2,0,0.0,0,42,0.9999999999999948,0.8282707616138721,1.0,0.88,0,0,0,1,0.9604372430926673,0.6542453637356801,1,0,-0.4676144442607373,0.1412017888720075,0
0.2,0,0.0,1,43,0.9781286240598177,0.7924015231235714,1.0,0.78,0,1,0,1,0.8466438738107431,0.642776106085311,1,1,-0.0657554710594751,0.14770410250455954,0
0.2,0,0.0,2,44,0.9967296433002795,0.9049626638380738,1.0,0.7,0,0,0,1,0.8796292374442056,0.7607338635883362,1,0,-0.1856971503285666,0.14950362889960483,0
0.2,0,0.0,3,45,0.999999925477241,0.9686742772494008,1.0,0.62,0,0,0,1,1.0,0.832502379238149,1,0,-0.1702974805796117,0.15121017146322566,0
0.2,0,0.0,4,46,0.9999999940003601,0.807853238033353,1.0,0.88,0,0,0,1,1.0,0.6873304027406967,1,0,-0.10492257765391944,0.13182089820039755,0
0.2,0,0.0,5,47,0.9999973938290554,0.8011013358298901,1.0,0.63,0,0,0,1,1.0,0.6428638257323929,1,0,-0.6818225402193904,0.15537079279981697,0
0.2,0,0.0,6,48,0.9999998787927619,0.8996549823450674,1.0,0.41,0,0,0,1,0.954013732879933,0.7409282787302557,1,0,-0.05406124159765669,0.228364225550578,0
0.2,0,0.0,7,49,0.9999999940920031,0.8297848928166797,1.0,0.8,0,0,0,1,0.9849716337162451,0.6881383379710193,1,0,-0.11385383450894732,0.14756699879932555,0
0.2,0,0.0,8,50,0.9999999996981742,0.5726210540499791,1.0,0.46,0,1,0,1,1.0,0.33880283684250234,1,1,-0.34699846216046537,0.25658729123539153,0
0.2,0,0.0,9,51,0.9790020479987597,0.7218078443233837,1.0,0.39,0,1,0,1,0.8170638115634076,0.5071409304879948,1,1,0.487092668959856,0.23766386437123974,0
0.2,0,0.0,10,52,0.9999999999999986,0.8466194476697327,1.0,0.71,0,0,0,1,0.9956514415332253,0.6940507972751411,1,0,-0.29377723543018536,0.142466014369341,0
0.2,0,0.0,11,53,0.999999999999996,0.9586797385110564,1.0,0.8,0,0,0,1,0.9374439563647153,0.8297763941704196,1,0,-0.2696190984704274,0.13786819647584797,0
0.2,0,0.0,12,54,0.9962748222591061,0.9270041096938333,1.0,0.9,0,0,0,1,0.8659970772078986,0.7669509446369326,1,0,0.05748000454125085,0.08295332210600596,0
0.2,0,0.0,13,55,0.9999999610465728,0.918152144628892,1.0,1.0,0,0,0,0,0.9860011950943142,0.8012804808350568,0,0,-0.06415114081900578,0.091577595554013,0
0.2,0,0.0,14,56,0.9999999999999933,0.7885699930109896,1.0,0.72,0,1,0,1,0.8979483970787406,0.5898518924531653,1,1,-0.1888288732386978,0.14352691902318543,0
0.2,0,0.0,15,57,0.9776289177147476,0.8921928729370668,1.0,1.0,0,0,0,0,0.826026381941475,0.7500251149196163,0,0,-0.1980923821621658,0.08763498083992605,0
0.2,0,0.0,16,58,0.9999999757478475,0.8954741069698409,1.0,0.42,0,0,0,1,1.0,0.7880101080281454,1,0,-0.42043995433180903,0.19880799747587857,0
0.2,0,0.0,17,59,0.9999538083132,0.9114300836959643,1.0,0.77,0,0,0,1,1.0,0.7858515143670747,1,0,-0.08869416776986237,0.13150358446449348,0
0.2,0,0.0,18,60,0.9966486535150926,0.6334246264575595,1.0,0.47,0,1,0,1,0.8641965574099811,0.3878408006459209,1,1,-0.19163934488756673,0.164174130266306,0
0.2,0,0.0,19,61,0.9999614322491689,0.8805081575980447,1.0,0.63,0,0,0,1,1.0,0.7278413639762166,1,0,-0.3335284835894471,0.16186279875131868,0
0.2,0,0.01,0,42,0.9999999999999961,0.8767384335324969,1.0,1.0,0,0,0,0,0.9677292750961312,0.7284309934318388,0,0,-0.16996591337733466,0.09795631113497602,0
0.2,0,0.01,1,43,0.9817668063013283,0.8533223923707745,1.0,0.9,0,0,0,1,0.8742025860212842,0.7347142158116163,1,0,0.05564941174189378,0.10492987005920348,0
0.2,0,0.01,2,44,0.9993999148175282,0.9569653995606983,1.0,0.95,0,0,0,1,0.9333650716127337,0.8512760485079969,1,0,-0.05494735072410293,0.10064475570886884,0
0.2,0,0.01,3,45,0.999999999999999,0.9997283084086711,1.0,0.89,0,0,0,1,1.0,0.9466320535056105,1,0,-0.03666964732665571,0.09949211543719766,0
0.2,0,0.01,4,46,0.9999999982564851,0.8733374365168183,1.0,0.93,0,0,0,1,1.0,0.7877855168903194,1,0,-0.019028675241150875,0.0869223339935451,0
0.2,0,0.01,5,47,0.9999999999739314,0.8530392036671706,1.0,0.96,0,0,0,1,1.0,0.72182851440222,1,0,-0.5563483997697801,0.11614989463377556,0
0.2,0,0.01,6,48,0.9999999996349846,0.9806666587563364,1.0,0.58,0,0,0,1,1.0,0.8774642765568544,1,0,-0.2104800949225576,0.1731652238794868,0
0.2,0,0.01,7,49,0.999999998812046,0.8805874018836303,1.0,0.93,0,0,0,1,1.0,0.7645336192041273,1,0,-0.023303804549738433,0.09989144659462339,0
0.2,0,0.01,8,50,0.9999999999969549,0.6614778197793831,1.0,0.57,0,1,0,1,1.0,0.4898019997600263,1,1,-0.25863198449111174,0.20268426087185404,0
0.2,0,0.01,9,51,0.9991932356055038,0.7676537080590281,1.0,0.45,0,1,0,1,0.904425774932308,0.5889496403800352,1,1,0.48181067279535006,0.19354276098353526,0
0.2,0,0.01,10,52,0.9999999999999988,0.9016921248843927,1.0,1.0,0,0,0,0,1.0,0.772836765163388,0,0,-0.07991672196387635,0.08853457130392364,0
0.2,0,0.01,11,53,0.9999999999999967,0.9975489784123273,1.0,0.89,0,0,0,1,1.0,0.9574066078641608,1,0,-0.10104213229266916,0.08565848153375966,0
0.2,0,0.01,12,54,0.9996621319766726,0.9939705496854,1.0,1.0,0,0,0,0,0.9209918128765466,0.9174846614814913,0,0,0.28623789499477714,0.04327390523687037,0
0.2,0,0.01,13,55,0.9999999994806809,0.9873898742594873,1.0,1.0,0,0,0,0,1.0,0.927916331047324,0,0,0.32128271506701067,0.044450128639707244,0
0.2,0,0.01,14,56,0.9999999999999964,0.8560456378589606,1.0,1.0,0,0,0,0,0.972481195772795,0.6880453027034437,0,0,0.0330741262117738,0.09350991933775084,0
0.2,0,0.01,15,57,0.9977567557984945,0.9673551561197354,1.0,1.0,0,0,0,0,0.9167577441605715,0.8607541534516145,0,0,0.11582179413703046,0.04597011411916459,0
0.2,0,0.01,16,58,0.999999999999999,0.9626355413522114,1.0,0.74,0,0,0,1,1.0,0.8847639723606089,1,0,-0.28070046505905205,0.1425022248025949,0
0.2,0,0.01,17,59,0.9999830858672716,0.9745950405108649,1.0,0.94,0,0,0,1,1.0,0.8891588383039251,1,0,0.1896584568244357,0.0910128554791153,0
0.2,0,0.01,18,60,0.9998577093542187,0.6948000015489431,1.0,0.85,0,1,0,1,0.9135692288739191,0.4974271533661881,1,1,-0.149278177719034,0.11303819529333406,0
0.2,0,0.01,19,61,0.9999971964103429,0.9356848102713076,1.0,0.98,0,0,0,1,1.0,0.8160704981005736,1,0,-0.1853411079357656,0.10994348334037937,0
0.2,0,0.02,0,42,0.9999999999999973,0.9728834124164168,1.0,1.0,0,0,0,0,0.9776142019317027,0.8865294315290726,0,0,0.30747125604732234,0.0391522684921635,0
0.2,0,0.02,1,43,0.9835046150792981,0.9082686817073223,1.0,1.0,0,0,0,0,0.8925199801059704,0.8166892851194304,0,0,0.26746841513199404,0.05167438820020334,0
0.2,0,0.02,2,44,0.9999999782250726,0.9990579803853185,1.0,1.0,0,0,0,0,0.9883762452276802,0.9994283883189674,0,0,0.12501620840926903,0.05489322056958087,0
0.2,0,0.02,3,45,0.999999999999999,0.9999757658649019,1.0,1.0,0,0,0,0,1.0,0.989319645211701,0,0,0.1309850394401416,0.054941105057701056,0
0.2,0,0.02,4,46,0.9999999992419248,0.9390520306487096,1.0,1.0,0,0,0,0,1.0,0.8827061133579751,0,0,0.2600895535196059,0.036263568001748334,0
0.2,0,0.02,5,47,0.9999999999997304,0.9202999637177576,1.0,1.0,0,0,0,0,1.0,0.8223526381560012,0,0,-0.10737800279361012,0.07403083201414547,0
0.2,0,0.02,6,48,0.9999999999147038,0.999958022591939,1.0,0.73,0,0,0,1,1.0,0.9820483785649449,1,0,-0.11894587529081646,0.11886011123796257,0
0.2,0,0.02,7,49,0.9999999999555443,0.9435127893329979,1.0,1.0,0,0,0,0,1.0,0.8646806230486858,0,0,0.21897924390033446,0.04763418820382451,0
0.2,0,0.02,8,50,0.9999999999982989,0.7581747170388362,1.0,0.67,0,1,0,0,1.0,0.6496202595905519,1,1,-0.14548087529825773,0.1389856792563403,0
0.2,0,0.02,9,51,0.9999999767725157,0.843547389563496,1.0,0.62,0,0,0,1,0.9944421461325249,0.6986565841459598,1,0,0.2184764193917594,0.14171660727206958,0
0.2,0,0.02,10,52,0.9999999999999989,0.961125311070587,1.0,1.0,0,0,0,0,1.0,0.8857754704094918,0,0,0.11950623870361529,0.04677652292399356,0
0.2,0,0.02,11,53,0.9999999999999972,0.9999310144223664,1.0,0.95,0,0,0,1,1.0,1.0,1,0,0.08852910297567405,0.042735278753902144,0
0.2,0,0.02,12,54,0.9999999999999915,0.9999989433110406,1.0,1.0,0,0,0,0,0.9788385196955958,0.9722025667642247,0,0,0.4175207696625796,0.022430591591410035,0
0.2,0,0.02,13,55,0.9999999999999986,0.9979377803564564,1.0,1.0,0,0,0,0,1.0,1.0,0,0,0.8048960455374661,0.009526157554530578,0
0.2,0,0.02,14,56,0.9999999999999984,0.9335161831395408,1.0,1.0,0,0,0,0,1.0,0.8281109254221733,0,0,0.2134229060653571,0.04692480753731765,0
0.2,0,0.02,15,57,0.9999385183206193,0.9998603838828155,1.0,1.0,0,0,0,0,1.0,1.0,0,0,0.898643278877374,0.007903020069939218,0
0.2,0,0.02,16,58,0.999999999999999,0.9936551549439782,1.0,0.97,0,0,0,1,1.0,1.0,1,0,-0.09945263289149904,0.09000454015782028,0
0.2,0,0.02,17,59,0.9999923127857279,0.997162626099523,1.0,1.0,0,0,0,0,1.0,1.0,0,0,0.44815225619521804,0.04954430296542549,0
0.2,0,0.02,18,60,0.9999999999999988,0.7540615589701805,1.0,0.95,0,1,0,0,0.9600499852934142,0.6016947788682085,1,1,-0.029914861687144443,0.07291970372121814,0
0.2,0,0.02,19,61,0.9999984436592864,0.999767002800093,1.0,1.0,0,0,0,0,1.0,0.9794701136508401,0,0,0.034976501999174923,0.061014117498287036,0
0.2,0,0.05,0,42,0.9999999999999988,0.9873340026123384,1.0,1.0,0,0,0,0,1.0,0.9775932441856954,0,0,0.9133315164125148,0.005090626252902639,0
0.2,0,0.05,1,43,0.989526161193306,0.9945620332913891,1.0,1.0,0,0,0,0,0.9608835892470354,1.0,0,0,0.65785116240059,0.010575936457892912,0
0.2,0,0.05,2,44,0.9999999968876209,0.9999888663812376,1.0,1.0,0,0,0,0,1.0,1.0,0,0,0.8338700566459768,0.007254535358601143,0
0.2,0,0.05,3,45,0.999999999999999,0.9999988026316852,1.0,1.0,0,0,0,0,1.0,1.0,0,0,0.6352830601044096,0.012092653026017626,0
0.2,0,0.05,4,46,0.9999999999204989,0.9945033481768567,1.0,1.0,0,0,0,0,1.0,1.0,0,0,0.7076454370909745,0.007989186285431013,0
0.2,0,0.05,5,47,0.9999999999999987,0.997293925767499,1.0,1.0,0,0,0,0,1.0,1.0,0,0,0.8651970232019995,0.007758345425977992,0
0.2,0,0.05,6,48,0.999999999916678,0.9999997733467082,1.0,1.0,0,0,0,0,1.0,1.0,0,0,0.19438439778571037,0.029924429500776117,0
0.2,0,0.05,7,49,0.9999999999999987,0.9999153615801245,1.0,1.0,0,0,0,0,1.0,1.0,0,0,0.5408084404319632,0.010569852594359505,0
0.2,0,0.05,8,50,0.999999999999554,0.9853949333448835,1.0,1.0,0,0,0,0,1.0,1.0,0,0,0.2157354485007553,0.03656791675423534,0
0.2,0,0.05,9,51,0.9999999998013533,0.9450063273630702,1.0,1.0,0,0,0,0,1.0,0.9315192312140824,0,0,0.3348322639421066,0.04050237779203786,0
0.2,0,0.05,10,52,0.999999999999999,0.9985072194751046,1.0,1.0,0,0,0,0,1.0,1.0,0,0,0.8839522325062587,0.005810882451574292,0
0.2,0,0.05,11,53,0.9999999999999984,0.999992901782894,1.0,1.0,0,0,0,0,1.0,1.0,0,0,0.4833596381248435,0.01297369121054125,0
0.2,0,0.05,12,54,0.9999999999999972,0.9999999827146422,1.0,1.0,0,0,0,0,1.0,1.0,0,0,0.8249032933578971,0.00459753201367288,0
0.2,0,0.05,13,55,0.9999999999999988,0.999999985796819,1.0,1.0,0,0,0,0,1.0,1.0,0,0,0.9988004251643897,0.000931650802483307,0
0.2,0,0.05,14,56,0.9999999999999989,0.9724158413716626,1.0,1.0,0,0,0,0,1.0,0.9734890840056576,0,0,0.9384571016353568,0.003713006699983502,0
0.2,0,0.05,15,57,0.9999999999999973,0.999999999999999,1.0,1.0,0,0,0,0,1.0,1.0,0,0,0.961013085918049,0.004243685590435556,0
0.2,0,0.05,16,58,0.999999999999999,0.9995738448901783,1.0,1.0,0,0,0,0,1.0,1.0,0,0,0.5142785920904757,0.017846507268949624,0
0.2,0,0.05,17,59,0.9999989428568228,0.9998178518139965,1.0,1.0,0,0,0,0,1.0,1.0,0,0,0.8991015858681368,0.008932901766892092,0
0.2,0,0.05,18,60,0.999999999999999,0.8970035074211875,1.0,1.0,0,0,0,0,1.0,0.8663187568031159,0,0,0.5174503320412048,0.012607391657644431,0
0.2,0,0.05,19,61,0.9999999999999989,0.9999939207949277,1.0,1.0,0,0,0,0,1.0,1.0,0,0,0.7760708564377455,0.00907946357562289,0
0.2,0,0.1,0,42,0.999999999999999,0.9873342062284539,1.0,1.0,0,0,0,0,1.0,1.0,0,0,0.9498916149833735,0.003571876394394693,0
0.2,0,0.1,1,43,0.9904882403422242,0.9973818784833598,1.0,1.0,0,0,0,0,1.0,1.0,0,0,0.848566484696593,0.006252627215527769,0
0.2,0,0.1,2,44,0.9999999975360641,0.99999361366471,1.0,1.0,0,0,0,0,1.0,1.0,0,0,0.9186104784113419,0.004767718048325855,0
0.2,0,0.1,3,45,0.999999999999999,0.9999993336195583,1.0,1.0,0,0,0,0,1.0,1.0,0,0,0.828460204367386,0.006602817429110997,0
0.2,0,0.1,4,46,0.9999999999354346,0.9982955098493372,1.0,1.0,0,0,0,0,1.0,1.0,0,0,0.8840313921685372,0.004440795820713856,0
0.2,0,0.1,5,47,0.999999999999999,0.9978668140256216,1.0,1.0,0,0,0,0,1.0,1.0,0,0,0.9410049730250872,0.004773543837600889,0
0.2,0,0.1,6,48,0.9999999998436139,0.999999939868352,1.0,1.0,0,0,0,0,1.0,1.0,0,0,0.4782644606885544,0.013995487079003808,0
0.2,0,0.1,7,49,0.999999999999999,0.9999381078912364,1.0,1.0,0,0,0,0,1.0,1.0,0,0,0.8221354657941256,0.004462837382887335,0
0.2,0,0.1,8,50,0.9999999999995606,0.9927022832385728,1.0,1.0,0,0,0,0,1.0,1.0,0,0,0.6544276467385747,0.014074563557319272,0
0.2,0,0.1,9,51,0.9999999997961242,0.9779064554842024,1.0,1.0,0,0,0,0,1.0,1.0,0,0,0.6738766157231205,0.016754329248574007,0
0.2,0,0.1,10,52,0.999999999999999,0.9985344889421393,1.0,1.0,0,0,0,0,1.0,1.0,0,0,0.9379236282192168,0.003978968166216139,0
0.2,0,0.1,11,53,0.9999999999999989,0.9999959234268375,1.0,1.0,0,0,0,0,1.0,1.0,0,0,0.80197117615586,0.005736709313219378,0
0.2,0,0.1,12,54,0.9999999999999972,0.9999999932126343,1.0,1.0,0,0,0,0,1.0,1.0,0,0,0.9309876177015207,0.002752495240199644,0
0.2,0,0.1,13,55,0.9999999999999989,0.9999999857968189,1.0,1.0,0,0,0,0,1.0,1.0,0,0,0.9990066128826126,0.000852600832098489,0
0.2,0,0.1,14,56,0.999999999999999,0.9870420527662116,1.0,1.0,0,0,0,0,1.0,1.0,0,0,0.9618746910180882,0.002867933694218171,0
0.2,0,0.1,15,57,0.9999999999999984,0.999999999999999,1.0,1.0,0,0,0,0,1.0,1.0,0,0,0.9932788506062529,0.002331973485793448,0
0.2,0,0.1,16,58,0.999999999999999,0.9998657754366251,1.0,1.0,0,0,0,0,1.0,1.0,0,0,0.7901141672279127,0.008898285239269343,0
0.2,0,0.1,17,59,0.9999990394591433,0.9999515663744445,1.0,1.0,0,0,0,0,1.0,1.0,0,0,0.9594230880586486,0.003982184008836432,0
0.2,0,0.1,18,60,0.999999999999999,0.9721325341767743,1.0,1.0,0,0,0,0,1.0,1.0,0,0,0.756477270071433,0.007757921325753602,0
0.2,0,0.1,19,61,0.999999999999999,0.9999971644805691,1.0,1.0,0,0,0,0,1.0,1.0,0,0,0.9046429301757271,0.005468994768283978,0
0.2,0,0.2,0,42,0.999999999999999,0.9873342062284539,1.0,1.0,0,0,0,0,1.0,1.0,0,0,0.9498175975820274,0.00357554453050668,0
0.2,0,0.2,1,43,0.9904882403415923,0.9973818784768879,1.0,1.0,0,0,0,0,1.0,1.0,0,0,0.847985230261947,0.005892887087310589,0
0.2,0,0.2,2,44,0.9999999975360641,0.99999361366471,1.0,1.0,0,0,0,0,1.0,1.0,0,0,0.9164227801579583,0.004844654953813174,0
0.2,0,0.2,3,45,0.999999999999999,0.9999993356245102,1.0,1.0,0,0,0,0,1.0,1.0,0,0,0.8293963968981294,0.0064313136558744755,0
0.2,0,0.2,4,46,0.9999999999354346,0.9982955098493372,1.0,1.0,0,0,0,0,1.0,1.0,0,0,0.8840313921685372,0.004440795820713856,0
0.2,0,0.2,5,47,0.999999999999999,0.9978668140256216,1.0,1.0,0,0,0,0,1.0,1.0,0,0,0.9412131433678801,0.004731946917280373,0
0.2,0,0.2,6,48,0.9999999998401918,0.9999999398597094,1.0,1.0,0,0,0,0,1.0,1.0,0,0,0.5483916626786761,0.012493576654726706,0
0.2,0,0.2,7,49,0.999999999999999,0.9999381078573324,1.0,1.0,0,0,0,0,1.0,1.0,0,0,0.8364273947755754,0.00419412406284402,0
0.2,0,0.2,8,50,0.9999999999995606,0.992702236857976,1.0,1.0,0,0,0,0,1.0,1.0,0,0,0.6441879165430594,0.014133613326903084,0
0.2,0,0.2,9,51,0.9999999997961218,0.9779064554842838,1.0,1.0,0,0,0,0,1.0,1.0,0,0,0.6695325597113492,0.01519522140769945,0
0.2,0,0.2,10,52,0.999999999999999,0.9985344889421393,1.0,1.0,0,0,0,0,1.0,1.0,0,0,0.9383582973726952,0.003886022388674906,0
0.2,0,0.2,11,53,0.999999999999999,0.9999959234268292,1.0,1.0,0,0,0,0,1.0,1.0,0,0,0.8045057629068295,0.00540269034458752,0
0.2,0,0.2,12,54,0.9999999999999973,0.9999999932126343,1.0,1.0,0,0,0,0,1.0,1.0,0,0,0.9308074075833841,0.00266391663878645,0
0.2,0,0.2,13,55,0.999999999999999,0.9999999857968188,1.0,1.0,0,0,0,0,1.0,1.0,0,0,0.9999733550965384,0.0005461599992637023,0
0.2,0,0.2,14,56,0.999999999999999,0.9870420527662116,1.0,1.0,0,0,0,0,1.0,1.0,0,0,0.9598215269507787,0.0028192291461043495,0
0.2,0,0.2,15,57,0.9999999999999987,0.999999999999999,1.0,1.0,0,0,0,0,1.0,1.0,0,0,0.9986225292163594,0.0017029382427159933,0
0.2,0,0.2,16,58,0.999999999999999,0.9998657754366251,1.0,1.0,0,0,0,0,1.0,1.0,0,0,0.7901141672279127,0.008898285239269343,0
0.2,0,0.2,17,59,0.9999990394591436,0.9999515663744428,1.0,1.0,0,0,0,0,1.0,1.0,0,0,0.9462430259986214,0.0037578708381034464,0
0.2,0,0.2,18,60,0.999999999999999,0.973683736980255,1.0,1.0,0,0,0,0,1.0,1.0,0,0,0.7704878215509873,0.007617508021860033,0
0.2,0,0.2,19,61,0.999999999999999,0.999997164480569,1.0,1.0,0,0,0,0,1.0,1.0,0,0,0.9050288166066687,0.00539655604155003,0
0.2,1,0.0,0,42,0.999999999999995,0.8027834680097006,1.0,0.68,0,0,0,1,0.9583684089430933,0.6255126506072528,1,0,-0.6408251747843612,0.16777566618977915,0
0.2,1,0.0,1,43,0.9726746341102556,0.7646159151594016,1.0,0.56,0,1,0,1,0.8276551568776613,0.6025493143360572,1,1,-0.16287131030380703,0.1757120823389366,0
0.2,1,0.0,2,44,0.9881228231955459,0.8766977764552147,1.0,0.41,0,0,0,1,0.8356817438893874,0.7358143975805351,1,0,-0.24989405272303067,0.18063211640127574,0
0.2,1,0.0,3,45,0.9999986240052499,0.9384372193392027,1.0,0.52,0,0,0,1,1.0,0.7815084043095707,1,0,-0.24461316509745373,0.1855531032606035,0
0.2,1,0.0,4,46,0.9999999905688617,0.7579652386709113,1.0,0.78,0,1,0,1,0.967503612679111,0.6134572443509176,1,1,-0.136228496858142,0.1537329593022632,0
0.2,1,0.0,5,47,0.9999807299338068,0.7541941765130131,1.0,0.37,0,1,0,1,0.9934426931290216,0.5788023242732009,1,1,-0.7095159680820176,0.1888015717637056,0
0.2,1,0.0,6,48,0.9999996867801111,0.8753160225873136,1.0,0.31,0,0,0,1,0.9451012022420835,0.716118318228313,1,0,0.057566214135492295,0.27005536579281736,0
0.2,1,0.0,7,49,0.9999996779462349,0.7882153003282538,1.0,0.58,0,1,0,1,0.9798162093556988,0.6354663729487068,1,1,-0.16980989700167906,0.17556336247848453,0
0.2,1,0.0,8,50,0.9999882578222983,0.4975681416634239,1.0,0.36,0,1,0,1,0.9680984856999184,0.22984040180871002,1,1,-0.37154111468488327,0.29234682570769677,0
0.2,1,0.0,9,51,0.9660824732762845,0.6890835857941277,1.0,0.22,0,1,0,1,0.8095277751498443,0.4580312788280494,1,1,0.4784286476142194,0.2772355176632837,0
0.2,1,0.0,10,52,0.9999999999999984,0.7877921981421665,1.0,0.51,0,1,0,1,0.9971979840601247,0.6295811874265652,1,1,-0.3478193332969914,0.1736665221772335,0
0.2,1,0.0,11,53,0.999999999999996,0.9339281848587154,1.0,0.68,0,0,0,1,0.9121205385588691,0.7974838815037782,1,0,-0.36403968414373,0.1678641409326652,0
0.2,1,0.0,12,54,0.9944472866784473,0.9078319750340863,1.0,0.83,0,0,0,1,0.8595327426212235,0.7444718228157355,1,0,-0.1232162506382973,0.10930509844205336,0
0.2,1,0.0,13,55,0.9999999392248375,0.8887771490681857,1.0,0.96,0,0,0,1,0.9687610670581919,0.7699515640369272,1,0,-0.22283350927965773,0.11072510360064887,0
0.2,1,0.0,14,56,0.9999999999997179,0.7651693745618849,1.0,0.63,0,1,0,1,0.8793001222130162,0.5580242911207318,1,1,-0.33257164948487045,0.1728141534369445,0
0.2,1,0.0,15,57,0.9667854489702632,0.8634709361643597,1.0,1.0,0,0,0,0,0.8187166436695674,0.7166494036737938,0,0,-0.36214119814239576,0.10836357393465683,0
0.2,1,0.0,16,58,0.9999999057492732,0.8336473977676668,1.0,0.21,0,0,0,1,0.9963533307486521,0.7251287325000316,1,0,-0.4784728664415646,0.23970341174575766,0
0.2,1,0.0,17,59,0.9999391151210659,0.8720240689578257,1.0,0.7,0,0,0,1,1.0,0.7496694006005318,1,0,-0.2622461713552646,0.1549395202432044,0
0.2,1,0.0,18,60,0.9926847159221629,0.5851097954159798,1.0,0.39,0,1,0,1,0.8451459790898266,0.3158938886365629,1,1,-0.2083327936893473,0.19949795803857245,0
0.2,1,0.0,19,61,0.9998939527281221,0.850284882961881,1.0,0.37,0,0,0,1,1.0,0.6986247673699139,1,0,-0.3370509380096884,0.1985928381872371,0
0.2,1,0.01,0,42,0.9999999999999961,0.851208289467492,1.0,0.98,0,0,0,1,0.9659425237127989,0.7016742526398599,1,0,-0.3944820460975452,0.12181603533382729,0
0.2,1,0.01,1,43,0.9790298868471192,0.824043712009681,1.0,0.86,0,0,0,1,0.8665685918855888,0.7044193096607759,1,0,-0.044015347123600924,0.1299241228756426,0
0.2,1,0.01,2,44,0.9986853128466795,0.9289041428660209,1.0,0.83,0,0,0,1,0.924734992722497,0.8137176475364338,1,0,-0.1480982747906766,0.12542833034647877,0
0.2,1,0.01,3,45,0.999999999999999,0.9973604091364926,1.0,0.69,0,0,0,1,1.0,0.9270781915555648,1,0,-0.11980616712322063,0.12603376734775623,0
0.2,1,0.01,4,46,0.9999999975425298,0.8272520059449748,1.0,0.89,0,0,0,1,1.0,0.7326606055250213,1,0,-0.11124673640783074,0.11180799762209494,0
0.2,1,0.01,5,47,0.9999999999505597,0.8242550697367326,1.0,0.68,0,0,0,1,1.0,0.6894275080141916,1,0,-0.6812327576551623,0.14230856581253526,0
0.2,1,0.01,6,48,0.9999999802738828,0.9404010387608993,1.0,0.46,0,0,0,1,1.0,0.8183594775469563,1,0,-0.2444149681876789,0.21471741181742465,0
0.2,1,0.01,7,49,0.9999999978127198,0.850783526802908,1.0,0.86,0,0,0,1,0.9983603718299429,0.7337161935102093,1,0,-0.14942293646242175,0.1275709656147156,0
0.2,1,0.01,8,50,0.9999999999961552,0.5835265709769726,1.0,0.5,0,1,0,1,1.0,0.3765382228727118,1,1,-0.3055937071538464,0.23851484919755975,0
0.2,1,0.01,9,51,0.9973109255562255,0.7394603802426172,1.0,0.4,0,1,0,1,0.8862647694066172,0.5476780397706889,1,1,0.5167969832103869,0.2325978056188312,0
0.2,1,0.01,10,52,0.9999999999999988,0.8713158625382228,1.0,0.81,0,0,0,1,1.0,0.7413182067566283,1,0,-0.18370950310813364,0.11600064315597378,0
0.2,1,0.01,11,53,0.9999999999999966,0.9893860906594972,1.0,0.85,0,0,0,1,0.992631154222055,0.9069769397072578,1,0,-0.2137768965475054,0.11392167448426432,0
0.2,1,0.01,12,54,0.9989988613625578,0.9738607654751581,1.0,1.0,0,0,0,0,0.9138341145156803,0.8656532893421164,0,0,0.142574993676672,0.05912783384554082,0
0.2,1,0.01,13,55,0.9999999974425656,0.9550046607446963,1.0,1.0,0,0,0,0,1.0,0.8606915963682116,0,0,0.08767620804052459,0.06975944206403324,0
0.2,1,0.01,14,56,0.9999999999999964,0.8201344377562912,1.0,0.85,0,0,0,1,0.9635314358417005,0.644861803232666,1,0,-0.12688032083740908,0.1205206587881412,0
0.2,1,0.01,15,57,0.9945646291581232,0.9248433168189125,1.0,1.0,0,0,0,0,0.8882756590553789,0.7988061781709436,0,0,-0.11917326099887406,0.06705073599862915,0
0.2,1,0.01,16,58,0.9999999968190395,0.9214409030239744,1.0,0.54,0,0,0,1,1.0,0.8378609094259613,1,0,-0.36383864081977635,0.17332575941272388,0
0.2,1,0.01,17,59,0.999981731327005,0.9327824697317741,1.0,0.85,0,0,0,1,1.0,0.8348357123758561,1,0,-0.03046621519783729,0.11739732488949935,0
0.2,1,0.01,18,60,0.9993366559465995,0.6612075338516374,1.0,0.62,0,1,0,1,0.8975711016997128,0.44668828502632746,1,1,-0.20879109033378457,0.1416162339694966,0
0.2,1,0.01,19,61,0.9999950154844653,0.9009776625569198,1.0,0.76,0,0,0,1,1.0,0.7731241741004586,1,0,-0.2783079923236237,0.1376449165656235,0
0.2,1,0.02,0,42,0.9999999999999972,0.9268879363010529,1.0,1.0,0,0,0,0,0.9756543545189237,0.8191648847285118,0,0,0.038902643267041494,0.06691347030603993,0
0.2,1,0.02,1,43,0.9807538668878908,0.8890640035508692,1.0,1.0,0,0,0,0,0.8849548840247392,0.7962985136033334,0,0,0.13172504313786682,0.07744089789578167,0
0.2,1,0.02,2,44,0.9993497331211711,0.995686096178204,1.0,1.0,0,0,0,0,0.9774369043355813,0.9476889942007215,0,0,0.0002452454165927921,0.07845383802998257,0
0.2,1,0.02,3,45,0.999999999999999,0.9999478772526833,1.0,1.0,0,0,0,0,1.0,0.9731623209050739,0,0,0.038432357469569745,0.0738515201889228,0
0.2,1,0.02,4,46,0.9999999991565471,0.8976028380448979,1.0,0.96,0,0,0,1,1.0,0.8338273407902536,1,0,0.08677169799831055,0.05734362342016707,0
0.2,1,0.02,5,47,0.999999999997578,0.8837175765922304,1.0,1.0,0,0,0,0,1.0,0.7761912385821356,0,0,-0.3740885060315097,0.10259991234817285,0
0.2,1,0.02,6,48,0.9999999999987658,0.9998623076722941,1.0,0.67,0,0,0,1,1.0,0.9678611802626536,1,0,-0.18195171075818362,0.15190056107934244,0
0.2,1,0.02,7,49,0.9999999995088742,0.9040559037866963,1.0,1.0,0,0,0,0,1.0,0.8137829043857941,0,0,0.07882966958399798,0.06973532002397992,0
0.2,1,0.02,8,50,0.9999999999978005,0.6809268380335796,1.0,0.62,0,1,0,1,1.0,0.538973737749895,1,1,-0.20803073269837533,0.17562014359195838,0
0.2,1,0.02,9,51,0.9999999564469593,0.7966818168693865,1.0,0.47,0,1,0,1,0.9714646705138952,0.6420252945088979,1,1,0.3096612285702957,0.18100813387916642,0
0.2,1,0.02,10,52,0.9999999999999988,0.9287097373828934,1.0,1.0,0,0,0,0,1.0,0.8390521674189537,0,0,0.013183468027515062,0.0643678129118993,0
0.2,1,0.02,11,53,0.999999999999997,0.9996295327184199,1.0,0.91,0,0,0,1,1.0,1.0,1,0,-0.00984348045136565,0.05981192521526355,0
0.2,1,0.02,12,54,0.9999999999999842,0.9999904014659198,1.0,1.0,0,0,0,0,0.977711292429036,0.9701221193747861,0,0,0.30889264382806864,0.03016234891307046,0
0.2,1,0.02,13,55,0.9999999999999986,0.9941158496103734,1.0,1.0,0,0,0,0,1.0,0.9967643562086221,0,0,0.6268965350518886,0.016977003794363694,0
0.2,1,0.02,14,56,0.9999999999999982,0.9131589980431448,1.0,1.0,0,0,0,0,1.0,0.7921442302852967,0,0,0.11404558210280585,0.06598158950784577,0
0.2,1,0.02,15,57,0.9996655511569893,0.9958418536844628,1.0,1.0,0,0,0,0,1.0,0.9407480832845005,0,0,0.5359957522365508,0.020408184580489142,0
0.2,1,0.02,16,58,0.999999999999999,0.9801539569359276,1.0,0.86,0,0,0,1,1.0,0.962596430314455,1,0,-0.20710066739690836,0.11783161135232394,0
0.2,1,0.02,17,59,0.9999916593458896,0.9930415083192083,1.0,1.0,0,0,0,0,1.0,0.9698573981487709,0,0,0.31381905485739203,0.06568152609877773,0
0.2,1,0.02,18,60,0.9999999999999987,0.7217317166511591,1.0,0.94,0,1,0,0,0.9486183410067931,0.5553284710259083,1,1,-0.10733607969811854,0.0951602418209265,0
0.2,1,0.02,19,61,0.9999969941410752,0.9811948717651497,1.0,1.0,0,0,0,0,1.0,0.9098807474288225,0,0,-0.08830341764483261,0.08523666141441591,0
0.2,1,0.05,0,42,0.9999999999999984,0.9852519324410567,1.0,1.0,0,0,0,0,1.0,0.9755629879186307,0,0,0.8602951943618067,0.007264445923096912,0
0.2,1,0.05,1,43,0.9870062477180576,0.9914332891066473,1.0,1.0,0,0,0,0,0.9558360794047376,1.0,0,0,0.6029369642099233,0.012857879802712979,0
0.2,1,0.05,2,44,0.9999999960236039,0.9999810036850263,1.0,1.0,0,0,0,0,1.0,1.0,0,0,0.7334385463582606,0.010782170316732554,0
0.2,1,0.05,3,45,0.999999999999999,0.9999983251252358,1.0,1.0,0,0,0,0,1.0,1.0,0,0,0.5765713975797485,0.015340303900145744,0
0.2,1,0.05,4,46,0.9999999999132123,0.9915565874517669,1.0,1.0,0,0,0,0,1.0,1.0,0,0,0.6267058848594288,0.010346912985612832,0
0.2,1,0.05,5,47,0.9999999999999984,0.9958540521416531,1.0,1.0,0,0,0,0,1.0,1.0,0,0,0.7816090981214422,0.011606296143497058,0
0.2,1,0.05,6,48,0.9999999999996851,0.9999996301043518,1.0,0.97,0,0,0,1,1.0,1.0,1,0,0.13214099544456215,0.03996732500127109,0
0.2,1,0.05,7,49,0.9999999999999984,0.9995609929312639,1.0,1.0,0,0,0,0,1.0,1.0,0,0,0.47822355666876354,0.01344032597206386,0
0.2,1,0.05,8,50,0.999999999999412,0.956228602310593,1.0,1.0,0,0,0,0,1.0,0.9792071485185214,0,0,0.11206594859373085,0.05136461249687966,0
0.2,1,0.05,9,51,0.9999999995661769,0.9318908119850202,1.0,1.0,0,0,0,0,1.0,0.9081042399195154,0,0,0.2711796741756314,0.05362559229749273,0
0.2,1,0.05,10,52,0.9999999999999989,0.9963430482582398,1.0,1.0,0,0,0,0,1.0,1.0,0,0,0.8229821206720902,0.008288973719289126,0
0.2,1,0.05,11,53,0.999999999999998,0.9999864416058253,1.0,1.0,0,0,0,0,1.0,1.0,0,0,0.3893217056654654,0.017023294151638137,0
0.2,1,0.05,12,54,0.9999999999999968,0.999999972204877,1.0,1.0,0,0,0,0,1.0,1.0,0,0,0.7494536171683075,0.006314936628451415,0
0.2,1,0.05,13,55,0.9999999999999987,0.9999998589391731,1.0,1.0,0,0,0,0,1.0,1.0,0,0,0.9967005402433875,0.0013547905756398882,0
0.2,1,0.05,14,56,0.9999999999999987,0.9608540179318767,1.0,1.0,0,0,0,0,1.0,0.9539815339787113,0,0,0.9030567131849943,0.005179280297962638,0
0.2,1,0.05,15,57,0.9999999999999968,0.999999999999999,1.0,1.0,0,0,0,0,1.0,1.0,0,0,0.9430218733887904,0.005146327258488599,0
0.2,1,0.05,16,58,0.999999999999999,0.9992839081586298,1.0,1.0,0,0,0,0,1.0,1.0,0,0,0.3888919940563941,0.024511201736892266,0
0.2,1,0.05,17,59,0.9999987986804878,0.9996329911752293,1.0,1.0,0,0,0,0,1.0,1.0,0,0,0.8407627037914481,0.012699342543764182,0
0.2,1,0.05,18,60,0.9999999999999989,0.8807712410201409,1.0,1.0,0,0,0,0,1.0,0.8411434788367677,0,0,0.45223059421169814,0.016638726523067315,0
0.2,1,0.05,19,61,0.9999999999999989,0.9999903140243607,1.0,1.0,0,0,0,0,1.0,1.0,0,0,0.6547460384986771,0.013071393513652742,0
0.2,1,0.1,0,42,0.9999999999999989,0.9852521420893,1.0,1.0,0,0,0,0,1.0,1.0,0,0,0.9341565119736011,0.004501336882647233,0
0.2,1,0.1,1,43,0.9885328650109818,0.9963786939974831,1.0,1.0,0,0,0,0,1.0,1.0,0,0,0.8296777610631194,0.007609050048596112,0
0.2,1,0.1,2,44,0.9999999966203822,0.9999895342012496,1.0,1.0,0,0,0,0,1.0,1.0,0,0,0.8866399409285264,0.006302291474672364,0
0.2,1,0.1,3,45,0.999999999999999,0.9999991379594682,1.0,1.0,0,0,0,0,1.0,1.0,0,0,0.8126231802259392,0.008201482868113336,0
0.2,1,0.1,4,46,0.9999999999191134,0.9978595435354377,1.0,1.0,0,0,0,0,1.0,1.0,0,0,0.8584563266359326,0.00564388804403099,0
0.2,1,0.1,5,47,0.9999999999999987,0.997286927767924,1.0,1.0,0,0,0,0,1.0,1.0,0,0,0.9040967077588582,0.007322965282647274,0
0.2,1,0.1,6,48,0.9999999999996805,0.9999999236358627,1.0,1.0,0,0,0,0,1.0,1.0,0,0,0.42062894263809425,0.016898878275328353,0
0.2,1,0.1,7,49,0.9999999999999987,0.9996144768342843,1.0,1.0,0,0,0,0,1.0,1.0,0,0,0.7864103509971797,0.0061888661376969445,0
0.2,1,0.1,8,50,0.9999999999994358,0.9893729451134843,1.0,1.0,0,0,0,0,1.0,1.0,0,0,0.6011149262365937,0.017734312484864224,0
0.2,1,0.1,9,51,0.9999999995558799,0.9694856162945743,1.0,1.0,0,0,0,0,1.0,1.0,0,0,0.6746066380896073,0.020630444008919797,0
0.2,1,0.1,10,52,0.9999999999999989,0.9968916772740648,1.0,1.0,0,0,0,0,1.0,1.0,0,0,0.9190180995501747,0.005151898018581966,0
0.2,1,0.1,11,53,0.9999999999999986,0.9999941848091849,1.0,1.0,0,0,0,0,1.0,1.0,0,0,0.768550355872218,0.007256252634409981,0
0.2,1,0.1,12,54,0.9999999999999969,0.9999999908704306,1.0,1.0,0,0,0,0,1.0,1.0,0,0,0.9079133798439285,0.0033920302202080487,0
0.2,1,0.1,13,55,0.9999999999999987,0.9999998589391716,1.0,1.0,0,0,0,0,1.0,1.0,0,0,0.9969735214944729,0.00126687468488751,0
0.2,1,0.1,14,56,0.9999999999999988,0.982426225980868,1.0,1.0,0,0,0,0,1.0,1.0,0,0,0.9474617164699478,0.003767931812297137,0
0.2,1,0.1,15,57,0.9999999999999979,0.999999999999999,1.0,1.0,0,0,0,0,1.0,1.0,0,0,0.9759767761672336,0.0036332884699981915,0
0.2,1,0.1,16,58,0.999999999999999,0.9997981823490228,1.0,1.0,0,0,0,0,1.0,1.0,0,0,0.7339287385966609,0.011365119605572117,0
0.2,1,0.1,17,59,0.9999988394241814,0.9999237771473659,1.0,1.0,0,0,0,0,1.0,1.0,0,0,0.948381853062102,0.005154003244037091,0
0.2,1,0.1,18,60,0.9999999999999989,0.9631758923844501,1.0,1.0,0,0,0,0,1.0,1.0,0,0,0.7184019636130702,0.009799154652407584,0
0.2,1,0.1,19,61,0.9999999999999989,0.9999964975230375,1.0,1.0,0,0,0,0,1.0,1.0,0,0,0.8594188944903711,0.007422877338213093,0
0.2,1,0.2,0,42,0.9999999999999989,0.9852521420893,1.0,1.0,0,0,0,0,1.0,1.0,0,0,0.9341565119736011,0.004501336882647233,0
0.2,1,0.2,1,43,0.9885328650073341,0.9963786939454694,1.0,1.0,0,0,0,0,1.0,1.0,0,0,0.8308416866896667,0.007347925490742622,0
0.2,1,0.2,2,44,0.9999999966203821,0.9999895342012494,1.0,1.0,0,0,0,0,1.0,1.0,0,0,0.8832634212687664,0.006423771367456243,0
0.2,1,0.2,3,45,0.999999999999999,0.9999991397278085,1.0,1.0,0,0,0,0,1.0,1.0,0,0,0.8201777355786812,0.007937143161353626,0
0.2,1,0.2,4,46,0.9999999999191134,0.9978595435354377,1.0,1.0,0,0,0,0,1.0,1.0,0,0,0.8584563266359326,0.00564388804403099,0
0.2,1,0.2,5,47,0.9999999999999989,0.997286927767924,1.0,1.0,0,0,0,0,1.0,1.0,0,0,0.9118739732015492,0.006932751613178725,0
0.2,1,0.2,6,48,0.9999999999996805,0.9999999235209782,1.0,1.0,0,0,0,0,1.0,1.0,0,0,0.5005556050770645,0.014994377835010658,0
0.2,1,0.2,7,49,0.9999999999999989,0.9996144761639404,1.0,1.0,0,0,0,0,1.0,1.0,0,0,0.8115954918193643,0.005473278190402585,0
0.2,1,0.2,8,50,0.9999999999994358,0.9893727564686697,1.0,1.0,0,0,0,0,1.0,1.0,0,0,0.5901299128347862,0.017625356494175643,0
0.2,1,0.2,9,51,0.9999999995558738,0.9694856162951015,1.0,1.0,0,0,0,0,1.0,1.0,0,0,0.6815842553781984,0.01912270103897398,0
0.2,1,0.2,10,52,0.9999999999999989,0.9968916772740648,1.0,1.0,0,0,0,0,1.0,1.0,0,0,0.9190180995501747,0.005151898018581966,0
0.2,1,0.2,11,53,0.9999999999999987,0.9999941848089292,1.0,1.0,0,0,0,0,1.0,1.0,0,0,0.7783535814687941,0.006768414614741533,0
0.2,1,0.2,12,54,0.9999999999999969,0.9999999908704305,1.0,1.0,0,0,0,0,1.0,1.0,0,0,0.9071564671468408,0.003425650186578908,0
0.2,1,0.2,13,55,0.9999999999999987,0.9999998589391716,1.0,1.0,0,0,0,0,1.0,1.0,0,0,0.9969735214944729,0.00126687468488751,0
0.2,1,0.2,14,56,0.9999999999999988,0.9824262259808677,1.0,1.0,0,0,0,0,1.0,1.0,0,0,0.9463393527022311,0.0038213395600695333,0
0.2,1,0.2,15,57,0.9999999999999983,0.999999999999999,1.0,1.0,0,0,0,0,1.0,1.0,0,0,0.9921617152776738,0.0025632668290552574,0
0.2,1,0.2,16,58,0.999999999999999,0.9997981823490228,1.0,1.0,0,0,0,0,1.0,1.0,0,0,0.7339287385966609,0.011365119605572117,0
0.2,1,0.2,17,59,0.9999988394241813,0.999923777147353,1.0,1.0,0,0,0,0,1.0,1.0,0,0,0.9392440156717925,0.004740690337916492,0
0.2,1,0.2,18,60,0.9999999999999989,0.965373363210158,1.0,1.0,0,0,0,0,1.0,1.0,0,0,0.7364843021124932,0.009603039576441215,0
0.2,1,0.2,19,61,0.9999999999999989,0.9999964975230375,1.0,1.0,0,0,0,0,1.0,1.0,0,0,0.8594188944903711,0.007422877338213093,0
0.2,2,0.0,0,42,0.9999999999999956,0.8026992715370198,1.0,0.73,0,0,0,1,0.9583127814581316,0.6258666191218096,1,0,-0.6494727382989823,0.16647692228105487,0
0.2,2,0.0,1,43,0.9716847429475702,0.7690946267802801,1.0,0.59,0,1,0,1,0.8257261339235166,0.6095891811875166,1,1,-0.2013093214380361,0.17455839615715704,0
0.2,2,0.0,2,44,0.9870332803566929,0.8787321153667786,1.0,0.42,0,0,0,1,0.8342913690936706,0.7414573055280519,1,0,-0.24202689916297387,0.17638231001427573,0
0.2,2,0.0,3,45,0.9999979649432768,0.9350507044748808,1.0,0.51,0,0,0,1,1.0,0.7763759897707743,1,0,-0.24580914087430109,0.18320628402257658,0
0.2,2,0.0,4,46,0.9999999901166411,0.7579334172532143,1.0,0.8,0,1,0,1,0.9671125151738097,0.6117948340559093,1,1,-0.1481230732301723,0.15141437963216028,0
0.2,2,0.0,5,47,0.9999813587761366,0.7541094167224879,1.0,0.4,0,1,0,1,0.9908159067717497,0.5794063684436558,1,1,-0.7349083958574049,0.187772382647755,0
0.2,2,0.0,6,48,0.99999957162235,0.8765908211527872,1.0,0.31,0,0,0,1,0.9467545736966261,0.7176051509343568,1,0,0.037344506743787614,0.2669709178346928,0
0.2,2,0.0,7,49,0.9999995465017798,0.7872156372498986,1.0,0.56,0,1,0,1,0.9786391760943934,0.6334062669790493,1,1,-0.2048298854896283,0.17433074999654002,0
0.2,2,0.0,8,50,0.9999912589516164,0.49452099287530477,1.0,0.36,0,1,0,1,0.9665153294581793,0.22470024850392295,1,1,-0.37179632022370934,0.2899251668611922,0
0.2,2,0.0,9,51,0.9703136812600845,0.6917410503243182,1.0,0.2,0,1,0,1,0.813247961714185,0.46128501550294776,1,1,0.47868136612633344,0.2750315343104954,0
0.2,2,0.0,10,52,0.9999999999999987,0.7848189271483339,1.0,0.52,0,1,0,1,0.9958124664177608,0.6251251578225985,1,1,-0.32994923635901485,0.17201333932818105,0
0.2,2,0.0,11,53,0.9999999999999963,0.9344128823677248,1.0,0.68,0,0,0,1,0.9108236250261819,0.7984607605673696,1,0,-0.3692607537008655,0.16573627610843303,0
0.2,2,0.0,12,54,0.9949439100268198,0.912783227734616,1.0,0.84,0,0,0,1,0.8614752723150452,0.7530780282621096,1,0,-0.17925107058794992,0.10794584658162043,0
0.2,2,0.0,13,55,0.9999999388480231,0.8892926741256099,1.0,0.96,0,0,0,1,0.9679641389454737,0.7697672035078579,1,0,-0.2314003977670903,0.10900552102557323,0
0.2,2,0.0,14,56,0.9999999999997433,0.7673228018089319,1.0,0.63,0,1,0,1,0.8881349595512289,0.5602782429950213,1,1,-0.35742147989927253,0.1700368840497527,0
0.2,2,0.0,15,57,0.9683068927744397,0.863485481291766,1.0,1.0,0,0,0,0,0.8195237791445917,0.7141045415010193,0,0,-0.3865079364809173,0.10741573223941753,0
0.2,2,0.0,16,58,0.9999999051923442,0.8301879756890634,1.0,0.22,0,0,0,1,0.9964049841359668,0.7214596645675802,1,0,-0.4721633461301845,0.23627086022702679,0
0.2,2,0.0,17,59,0.9999520798639489,0.8694592419960284,1.0,0.71,0,0,0,1,1.0,0.747900062608641,1,0,-0.3201579578730169,0.15370731505342472,0
0.2,2,0.0,18,60,0.9957195392029433,0.5926366222635735,1.0,0.39,0,1,0,1,0.8491130591329835,0.3284127416914888,1,1,-0.22215074281962974,0.19794505625904218,0
0.2,2,0.0,19,61,0.9998969255036515,0.8476873713681775,1.0,0.37,0,0,0,1,1.0,0.6962873889444059,1,0,-0.32689361687501023,0.19558268944042864,0
0.2,2,0.01,0,42,0.9999999999999964,0.8511307347367248,1.0,0.99,0,0,0,1,0.9658017421911657,0.7020184054185753,1,0,-0.4151233868137983,0.1208281169732513,0
0.2,2,0.01,1,43,0.9782793709295463,0.82757578206045,1.0,0.86,0,0,0,1,0.8645416353761941,0.7097087743512687,1,0,-0.08774099722098835,0.1286649783014533,0
0.2,2,0.01,2,44,0.9984918262358365,0.9308857944185613,1.0,0.87,0,0,0,1,0.9245739496755337,0.8186867928825002,1,0,-0.1536931496176564,0.12336508501334524,0
0.2,2,0.01,3,45,0.9999997500328207,0.9966803401449494,1.0,0.7,0,0,0,1,1.0,0.9238518880576437,1,0,-0.11801345496911134,0.12364351933686214,0
0.2,2,0.01,4,46,0.9999999978088174,0.8266606797154656,1.0,0.89,0,0,0,1,1.0,0.7302611952151029,1,0,-0.13516999379065625,0.11050469662578843,0
0.2,2,0.01,5,47,0.9999999999511922,0.8256981706840082,1.0,0.68,0,0,0,1,1.0,0.6919506209199942,1,0,-0.7168421639984167,0.14170584939659847,0
0.2,2,0.01,6,48,0.9999999914596696,0.9411515816826648,1.0,0.48,0,0,0,1,1.0,0.819543845597759,1,0,-0.26962225639527393,0.21305686633181714,0
0.2,2,0.01,7,49,0.9999999982375106,0.849339727259646,1.0,0.87,0,0,0,1,0.9993902372020254,0.7313271196375009,1,0,-0.1763778094170249,0.12602014117383223,0
0.2,2,0.01,8,50,0.9999999999958963,0.580981807113752,1.0,0.51,0,1,0,1,1.0,0.3718352139254002,1,1,-0.3059801527690096,0.23589129930887057,0
0.2,2,0.01,9,51,0.9974259418825718,0.7423163751689174,1.0,0.4,0,1,0,1,0.8936755947145824,0.5508260332439407,1,1,0.4980536552779232,0.23044139722858595,0
0.2,2,0.01,10,52,0.9999999999999988,0.8689107133584903,1.0,0.82,0,0,0,1,1.0,0.7386555155566346,1,0,-0.17695330692747696,0.11452135978407728,0
0.2,2,0.01,11,53,0.9999999999999967,0.9891307629908708,1.0,0.85,0,0,0,1,0.9922216373336389,0.906864534872081,1,0,-0.22245499212329908,0.11314216896715862,0
0.2,2,0.01,12,54,0.9990435509941221,0.9778565057120593,1.0,1.0,0,0,0,0,0.916873408049047,0.8751377716790314,0,0,0.10413781694832568,0.057797149495324496,0
0.2,2,0.01,13,55,0.9999999976783769,0.955316860600761,1.0,1.0,0,0,0,0,1.0,0.8604779552724612,0,0,0.07838957187452716,0.06808466620692762,0
0.2,2,0.01,14,56,0.999999999999997,0.8226514362541698,1.0,0.89,0,0,0,1,0.972065333035383,0.6472242385053258,1,0,-0.14285837852121044,0.11887229952598588,0
0.2,2,0.01,15,57,0.9952859099121191,0.927902708813602,1.0,1.0,0,0,0,0,0.8940753168356975,0.8010034489469584,0,0,-0.13876861140281432,0.06619201106433167,0
0.2,2,0.01,16,58,0.999999999999999,0.9185114329175593,1.0,0.55,0,0,0,1,1.0,0.835718808776721,1,0,-0.36105478526211654,0.1711323911552203,0
0.2,2,0.01,17,59,0.9999839625730452,0.9300983436890014,1.0,0.88,0,0,0,1,1.0,0.8318698408749192,1,0,-0.07538798955209124,0.1163098230663698,0
0.2,2,0.01,18,60,0.9999999999998925,0.6688543980540139,1.0,0.62,0,1,0,1,0.9041044101456791,0.45989591596680846,1,1,-0.2148999285858402,0.14101561202673948,0
0.2,2,0.01,19,61,0.9999933555011781,0.8983818894091588,1.0,0.77,0,0,0,1,1.0,0.7710396422971976,1,0,-0.2723841877897205,0.1355960900720752,0
0.2,2,0.02,0,42,0.999999999999997,0.9261200557890857,1.0,1.0,0,0,0,0,0.9754425319125386,0.8184411593944866,0,0,0.02061512090687429,0.0662239733833959,0
0.2,2,0.02,1,43,0.9800339441669189,0.8938324695517457,1.0,1.0,0,0,0,0,0.8831846943756042,0.8023903820807948,0,0,0.10241668214080643,0.07670648049686658,0
0.2,2,0.02,2,44,0.9991566807323939,0.9951408100289976,1.0,1.0,0,0,0,0,0.9765541576543414,0.9523995830989836,0,0,-0.00408943323751145,0.07812133442991617,0
0.2,2,0.02,3,45,0.999999999999999,0.9999492519611233,1.0,1.0,0,0,0,0,1.0,0.9699536028303295,0,0,0.041682213514012474,0.07268889468878405,0
0.2,2,0.02,4,46,0.9999999993064607,0.8962761678923136,1.0,0.97,0,0,0,1,1.0,0.830460208004987,1,0,0.07631457451977064,0.0565494432150655,0
0.2,2,0.02,5,47,0.9999999999977144,0.8844995097679327,1.0,1.0,0,0,0,0,1.0,0.7780495862036279,0,0,-0.39649888240762254,0.10208750110376158,0
0.2,2,0.02,6,48,0.9999999999985595,0.9998565992891884,1.0,0.67,0,0,0,1,1.0,0.9664868460939677,1,0,-0.18428463129044256,0.15064800742976986,0
0.2,2,0.02,7,49,0.9999999998176179,0.9020769487534469,1.0,1.0,0,0,0,0,1.0,0.8104873179526749,0,0,0.05619306095738261,0.06938942668983192,0
0.2,2,0.02,8,50,0.9999999999975305,0.6781112713763502,1.0,0.63,0,1,0,1,1.0,0.5341092063513398,1,1,-0.20878846193144204,0.17354658795230515,0
0.2,2,0.02,9,51,0.9999999601283975,0.7999400917396684,1.0,0.48,0,1,0,1,0.9810024637759512,0.6447344969562427,1,1,0.2649663301691564,0.17945142666996555,0
0.2,2,0.02,10,52,0.9999999999999988,0.9260723506821243,1.0,1.0,0,0,0,0,1.0,0.8353372212964892,0,0,0.011350357512013133,0.06446457024530615,0
0.2,2,0.02,11,53,0.999999999999997,0.9996675795222066,1.0,0.91,0,0,0,1,1.0,1.0,1,0,-0.010721430510732809,0.059174500712902214,0
0.2,2,0.02,12,54,0.9999999999999839,0.9999853603389743,1.0,1.0,0,0,0,0,0.9806969093582085,0.9764308217559078,0,0,0.3080497801854554,0.028609378258181706,0
0.2,2,0.02,13,55,0.9999999999999984,0.9948772503889961,1.0,1.0,0,0,0,0,1.0,0.9988823793875444,0,0,0.6297681838654222,0.01582887162024016,0
0.2,2,0.02,14,56,0.9999999999999981,0.9143083339220871,1.0,1.0,0,0,0,0,1.0,0.7931106820843031,0,0,0.1136751710570334,0.06489356586845517,0
0.2,2,0.02,15,57,0.9994946914431264,0.9960038353907117,1.0,1.0,0,0,0,0,1.0,0.9406261366868985,0,0,0.5448227045806119,0.01953390505920467,0
0.2,2,0.02,16,58,0.999999999999999,0.977594108855868,1.0,0.89,0,0,0,1,1.0,0.9579434764819821,1,0,-0.20777022513273516,0.1168116631076603,0
0.2,2,0.02,17,59,0.9999920062177061,0.9916413493904271,1.0,1.0,0,0,0,0,1.0,0.9646074286507149,0,0,0.30378960139844685,0.06489379465534978,0
0.2,2,0.02,18,60,0.9999999999999987,0.7289150432543945,1.0,0.94,0,1,0,0,0.959345288060594,0.5680520246656603,1,1,-0.10993010434725901,0.09513811641617358,0
0.2,2,0.02,19,61,0.99999617389459,0.9767100322999193,1.0,1.0,0,0,0,0,1.0,0.9039831989480125,0,0,-0.08989038205985045,0.08460207323520798,0
0.2,2,0.05,0,42,0.9999999999999981,0.985418743956349,1.0,1.0,0,0,0,0,1.0,0.9758976566015596,0,0,0.8577705186892431,0.007535437448736908,0
0.2,2,0.05,1,43,0.9863255645686639,0.9923030774396135,1.0,1.0,0,0,0,0,0.9544708293284864,1.0,0,0,0.6397524987457738,0.012020188099134735,0
0.2,2,0.05,2,44,0.9999999962524276,0.9999798465542064,1.0,1.0,0,0,0,0,1.0,1.0,0,0,0.7598132584429048,0.010585805330686546,0
0.2,2,0.05,3,45,0.999999999999999,0.9999982854700744,1.0,1.0,0,0,0,0,1.0,1.0,0,0,0.6049872874139407,0.015374402749312604,0
0.2,2,0.05,4,46,0.9999999999220681,0.9917180017136626,1.0,1.0,0,0,0,0,1.0,1.0,0,0,0.6307681429598464,0.009840906319473746,0
0.2,2,0.05,5,47,0.9999999999999982,0.9958262431794263,1.0,1.0,0,0,0,0,1.0,1.0,0,0,0.7807227621612824,0.011391126731333943,0
0.2,2,0.05,6,48,0.9999999999996364,0.9999996411638263,1.0,0.97,0,0,0,1,1.0,1.0,1,0,0.13654581423505227,0.03998951248905684,0
0.2,2,0.05,7,49,0.9999999999999981,0.999495302473232,1.0,1.0,0,0,0,0,1.0,1.0,0,0,0.5003944082662473,0.013498816008202984,0
0.2,2,0.05,8,50,0.9999999999993211,0.952112755137015,1.0,1.0,0,0,0,0,1.0,0.9729408061592426,0,0,0.12391100072725506,0.051503830425986885,0
0.2,2,0.05,9,51,0.9999999996209212,0.9321672810134644,1.0,1.0,0,0,0,0,1.0,0.908398901548587,0,0,0.2892911459202559,0.053521760860360076,0
0.2,2,0.05,10,52,0.9999999999999988,0.9960967024545737,1.0,1.0,0,0,0,0,1.0,1.0,0,0,0.8367843908527494,0.00809329507767712,0
0.2,2,0.05,11,53,0.9999999999999976,0.9999858907052428,1.0,1.0,0,0,0,0,1.0,1.0,0,0,0.39710204068855715,0.017117696101615877,0
0.2,2,0.05,12,54,0.9999999999999968,0.9999999747784385,1.0,1.0,0,0,0,0,1.0,1.0,0,0,0.7913115049845333,0.005937983805547213,0
0.2,2,0.05,13,55,0.9999999999999986,0.999999895522651,1.0,1.0,0,0,0,0,1.0,1.0,0,0,0.9973367541938658,0.0012426694333890608,0
0.2,2,0.05,14,56,0.9999999999999987,0.960435600740342,1.0,1.0,0,0,0,0,1.0,0.9531455309015435,0,0,0.9013033942802607,0.005406873765968179,0
0.2,2,0.05,15,57,0.9999999999999963,0.999999999999999,1.0,1.0,0,0,0,0,1.0,1.0,0,0,0.9276045038932486,0.005766732720495559,0
0.2,2,0.05,16,58,0.999999999999999,0.9992971734428551,1.0,1.0,0,0,0,0,1.0,1.0,0,0,0.40716424959592473,0.023655102296689625,0
0.2,2,0.05,17,59,0.9999988770767456,0.9996118789810093,1.0,1.0,0,0,0,0,1.0,1.0,0,0,0.8484261283852127,0.012683081450140004,0
0.2,2,0.05,18,60,0.9999999999999987,0.8872234484914702,1.0,1.0,0,0,0,0,1.0,0.8521020074060869,0,0,0.4688419251221739,0.016413282986837138,0
0.2,2,0.05,19,61,0.9999995610261332,0.9999909892336535,1.0,1.0,0,0,0,0,1.0,1.0,0,0,0.6585484280816268,0.013201856456351685,0
0.2,2,0.1,0,42,0.9999999999999987,0.9854188285885751,1.0,1.0,0,0,0,0,1.0,1.0,0,0,0.9345928164454593,0.004622137886096761,0
0.2,2,0.1,1,43,0.9879232203106049,0.9965756940724384,1.0,1.0,0,0,0,0,1.0,1.0,0,0,0.8518699905351496,0.007227966955506726,0
0.2,2,0.1,2,44,0.9999999968419803,0.9999889701318696,1.0,1.0,0,0,0,0,1.0,1.0,0,0,0.8959395265484087,0.006390777548260752,0
0.2,2,0.1,3,45,0.999999999999999,0.999999119956898,1.0,1.0,0,0,0,0,1.0,1.0,0,0,0.8283237688561291,0.00843798592841562,0
0.2,2,0.1,4,46,0.9999999999286064,0.9979741067683365,1.0,1.0,0,0,0,0,1.0,1.0,0,0,0.8680630132218397,0.005244700956610382,0
0.2,2,0.1,5,47,0.9999999999999984,0.9973112067889179,1.0,1.0,0,0,0,0,1.0,1.0,0,0,0.8920591491658649,0.0076116036279389645,0
0.2,2,0.1,6,48,0.9999999999996317,0.9999999310458516,1.0,1.0,0,0,0,0,1.0,1.0,0,0,0.42511258708605515,0.016796676315077842,0
0.2,2,0.1,7,49,0.9999999999999983,0.9995653910722887,1.0,1.0,0,0,0,0,1.0,1.0,0,0,0.7881706049246309,0.0065579831515740475,0
0.2,2,0.1,8,50,0.999999999999373,0.9881608018055917,1.0,1.0,0,0,0,0,1.0,1.0,0,0,0.6401690211439751,0.018301061462832502,0
0.2,2,0.1,9,51,0.9999999996114954,0.9691964413629014,1.0,1.0,0,0,0,0,1.0,1.0,0,0,0.705173831462881,0.021394499820098997,0
0.2,2,0.1,10,52,0.9999999999999988,0.9967116575782152,1.0,1.0,0,0,0,0,1.0,1.0,0,0,0.9244052383411496,0.005157791101777826,0
0.2,2,0.1,11,53,0.9999999999999981,0.999993915650337,1.0,1.0,0,0,0,0,1.0,1.0,0,0,0.7632585617668686,0.007928720315110849,0
0.2,2,0.1,12,54,0.9999999999999968,0.999999991152888,1.0,1.0,0,0,0,0,1.0,1.0,0,0,0.9237422539608223,0.003095874153524122,0
0.2,2,0.1,13,55,0.9999999999999987,0.9999998955226442,1.0,1.0,0,0,0,0,1.0,1.0,0,0,0.9967089117784321,0.0013962288048092574,0
0.2,2,0.1,14,56,0.9999999999999987,0.9821087382405411,1.0,1.0,0,0,0,0,1.0,1.0,0,0,0.9519716886100237,0.003594725903464461,0
0.2,2,0.1,15,57,0.9999999999999972,0.999999999999999,1.0,1.0,0,0,0,0,1.0,1.0,0,0,0.9525367238989247,0.004729346065540958,0
0.2,2,0.1,16,58,0.999999999999999,0.9998035667339691,1.0,1.0,0,0,0,0,1.0,1.0,0,0,0.7442387992712747,0.01105493012883051,0
0.2,2,0.1,17,59,0.9999988781860636,0.9999250601186769,1.0,1.0,0,0,0,0,1.0,1.0,0,0,0.9565856200788787,0.005232636299455946,0
0.2,2,0.1,18,60,0.9999999999999987,0.9655960815500086,1.0,1.0,0,0,0,0,1.0,1.0,0,0,0.7242580411291396,0.010094941561146334,0
0.2,2,0.1,19,61,0.9999995266920736,0.999996491961174,1.0,1.0,0,0,0,0,1.0,1.0,0,0,0.8596714306600034,0.00760052986722154,0
0.2,2,0.2,0,42,0.9999999999999989,0.9854188285885737,1.0,1.0,0,0,0,0,1.0,1.0,0,0,0.9370575298754141,0.004464102232120391,0
0.2,2,0.2,1,43,0.987923220293444,0.9965756939105094,1.0,1.0,0,0,0,0,1.0,1.0,0,0,0.8523696563138456,0.007292162583499384,0
0.2,2,0.2,2,44,0.9999999968419803,0.9999889701318696,1.0,1.0,0,0,0,0,1.0,1.0,0,0,0.8959395265484087,0.006390777548260752,0
0.2,2,0.2,3,45,0.999999999999999,0.9999991215543831,1.0,1.0,0,0,0,0,1.0,1.0,0,0,0.8374633270310518,0.008277348787698756,0
0.2,2,0.2,4,46,0.9999999999286064,0.9979741067683365,1.0,1.0,0,0,0,0,1.0,1.0,0,0,0.8680630132218397,0.005244700956610382,0
0.2,2,0.2,5,47,0.9999999999999984,0.9973112067889042,1.0,1.0,0,0,0,0,1.0,1.0,0,0,0.8965518612359133,0.007473648477678302,0
0.2,2,0.2,6,48,0.9999999999996317,0.9999999309209066,1.0,1.0,0,0,0,0,1.0,1.0,0,0,0.4984834727355698,0.015006054514381435,0
0.2,2,0.2,7,49,0.9999999999999986,0.9995653895055376,1.0,1.0,0,0,0,0,1.0,1.0,0,0,0.8007669841179738,0.006264114184229523,0
0.2,2,0.2,8,50,0.999999999999373,0.9881605655766759,1.0,1.0,0,0,0,0,1.0,1.0,0,0,0.6274006287228833,0.017914297565676068,0
0.2,2,0.2,9,51,0.9999999996114846,0.9691964413623588,1.0,1.0,0,0,0,0,1.0,1.0,0,0,0.7189736820489481,0.020117843479441587,0
0.2,2,0.2,10,52,0.9999999999999988,0.9967116575782152,1.0,1.0,0,0,0,0,1.0,1.0,0,0,0.9244052383411496,0.005157791101777826,0
0.2,2,0.2,11,53,0.9999999999999983,0.9999939156495958,1.0,1.0,0,0,0,0,1.0,1.0,0,0,0.7778965433244805,0.00740790169695919,0
0.2,2,0.2,12,54,0.9999999999999968,0.9999999911528874,1.0,1.0,0,0,0,0,1.0,1.0,0,0,0.9232099786553173,0.0031295823091822194,0
0.2,2,0.2,13,55,0.9999999999999987,0.9999998955226442,1.0,1.0,0,0,0,0,1.0,1.0,0,0,0.9967089117784321,0.0013962288048092574,0
0.2,2,0.2,14,56,0.9999999999999987,0.9821087382405411,1.0,1.0,0,0,0,0,1.0,1.0,0,0,0.9519716886100237,0.003594725903464461,0
0.2,2,0.2,15,57,0.9999999999999977,0.999999999999999,1.0,1.0,0,0,0,0,1.0,1.0,0,0,0.9700765307723573,0.003933013198031878,0
0.2,2,0.2,16,58,0.999999999999999,0.9998035667339691,1.0,1.0,0,0,0,0,1.0,1.0,0,0,0.7442387992712747,0.01105493012883051,0
0.2,2,0.2,17,59,0.9999988781860608,0.9999250601186055,1.0,1.0,0,0,0,0,1.0,1.0,0,0,0.952712945914186,0.0047306796242789625,0
0.2,2,0.2,18,60,0.9999999999999987,0.967873260358236,1.0,1.0,0,0,0,0,1.0,1.0,0,0,0.742550953963023,0.009893594883586316,0
0.2,2,0.2,19,61,0.9999995266920736,0.999996491961174,1.0,1.0,0,0,0,0,1.0,1.0,0,0,0.8596714306600034,0.00760052986722154,0
0.4,0,0.0,0,42,0.9999999999999946,0.8282707616747595,1.0,0.88,0,0,0,1,0.9604372430975316,0.6542453641739943,1,0,-0.4634750229565087,0.14128333599249554,0
0.4,0,0.0,1,43,0.9781286240032059,0.7924015154794377,1.0,0.78,0,1,0,1,0.8466438736062223,0.6427760970245727,1,1,-0.07764313014890853,0.14786548246049447,0
0.4,0,0.0,2,44,0.9967296519823463,0.9049626667214065,1.0,0.7,0,0,0,1,0.8796292875991659,0.7607338640455868,1,0,-0.19172561369400837,0.14961360957716685,0
0.4,0,0.0,3,45,0.9999999254793597,0.9686742923061448,1.0,0.62,0,0,0,1,1.0,0.8325024021133001,1,0,-0.16954201922230563,0.15119046219313137,0
0.4,0,0.0,4,46,0.9999999940004076,0.8078532373677663,1.0,0.88,0,0,0,1,1.0,0.6873304019411202,1,0,-0.1121844354750179,0.1318694440267591,0
0.4,0,0.0,5,47,0.9999973938318206,0.8011013393911087,1.0,0.63,0,0,0,1,1.0,0.6428638274036531,1,0,-0.6840205490114917,0.15561790022065347,0
0.4,0,0.0,6,48,0.9999998787900873,0.8996549292586381,1.0,0.41,0,0,0,1,0.9540137394041301,0.7409282872141019,1,0,-0.06690260203037113,0.22852087519438302,0
0.4,0,0.0,7,49,0.9999999940920175,0.829784891772718,1.0,0.8,0,0,0,1,0.984971633706769,0.6881383369959722,1,0,-0.1171126896595624,0.1477221873055994,0
0.4,0,0.0,8,50,0.999999999694395,0.5726212645312948,1.0,0.46,0,1,0,1,1.0,0.3388031151206637,1,1,-0.3467147261561259,0.25658060439722746,0
0.4,0,0.0,9,51,0.9790020296110346,0.721807765505599,1.0,0.39,0,1,0,1,0.8170637988533042,0.5071408112278131,1,1,0.4743674620291324,0.23739030368581177,0
0.4,0,0.0,10,52,0.9999999999999983,0.8466194537361796,1.0,0.71,0,0,0,1,0.9956514415467231,0.6940508018312672,1,0,-0.2990462684045152,0.14256598746472168,0
0.4,0,0.0,11,53,0.999999999999996,0.9586797370066504,1.0,0.8,0,0,0,1,0.9374439561345246,0.8297763929929978,1,0,-0.26424706629960865,0.13803196771058052,0
0.4,0,0.0,12,54,0.9962748222192492,0.9270041005441833,1.0,0.9,0,0,0,1,0.8659970770842574,0.7669509333172262,1,0,0.05988972377815004,0.08292017220790956,0
0.4,0,0.0,13,55,0.9999999610464418,0.9181521450526228,1.0,1.0,0,0,0,0,0.9860011951013867,0.8012804811068281,0,0,-0.059223998879309216,0.09173769981308659,0
0.4,0,0.0,14,56,0.9999999999999933,0.7885699932325878,1.0,0.72,0,1,0,1,0.897948397512568,0.5898518935885193,1,1,-0.18765008144518408,0.14362203423784603,0
0.4,0,0.0,15,57,0.9776289179486674,0.8921928703868427,1.0,1.0,0,0,0,0,0.8260263819867475,0.7500251140426052,0,0,-0.19334159026206035,0.08821548599299373,0
0.4,0,0.0,16,58,0.9999999757473811,0.8954737435439948,1.0,0.42,0,0,0,1,1.0,0.7880098390596841,1,0,-0.42606612004872496,0.19904430547617596,0
0.4,0,0.0,17,59,0.9999538083124496,0.9114300846666671,1.0,0.77,0,0,0,1,1.0,0.7858515149065737,1,0,-0.08342389066089143,0.1313730748683448,0
0.4,0,0.0,18,60,0.9966486526900419,0.6334245248476662,1.0,0.47,0,1,0,1,0.8641965502311693,0.38784067224688057,1,1,-0.19649797103477976,0.16435726265110145,0
0.4,0,0.0,19,61,0.9999614322372721,0.8805081578846584,1.0,0.63,0,0,0,1,1.0,0.7278413641842062,1,0,-0.33533924897817224,0.1620580097351884,0
0.4,0,0.01,0,42,0.9999999999999959,0.8767384302251551,1.0,1.0,0,0,0,0,0.9677292750845348,0.728430991541339,0,0,-0.1641187899620985,0.09806022617540361,0
0.4,0,0.01,1,43,0.9817668062880399,0.8533223878961397,1.0,0.9,0,0,0,1,0.8742025859244125,0.7347142121552979,1,0,0.04925922128539353,0.10525843818360164,0
0.4,0,0.01,2,44,0.9993999147774311,0.9569654025742144,1.0,0.95,0,0,0,1,0.9333650712158873,0.851276049520623,1,0,-0.055386064751729115,0.10078941216279094,0
0.4,0,0.01,3,45,0.9999999999999989,0.9997283085948564,1.0,0.89,0,0,0,1,1.0,0.94663205299978,1,0,-0.03553128519415958,0.09959148029256185,0
0.4,0,0.01,4,46,0.999999998256504,0.873337437231402,1.0,0.93,0,0,0,1,1.0,0.7877855171525553,1,0,-0.01999960767157698,0.08703441455485579,0
0.4,0,0.01,5,47,0.9999999999739329,0.8530392033838177,1.0,0.96,0,0,0,1,1.0,0.721828514203972,1,0,-0.5554283546727193,0.11647452584955907,0
0.4,0,0.01,6,48,0.9999999996349724,0.9806665782658641,1.0,0.58,0,0,0,1,1.0,0.8774640950578085,1,0,-0.2105888482533534,0.17338479669649362,0
0.4,0,0.01,7,49,0.9999999988120492,0.8805874000109594,1.0,0.93,0,0,0,1,1.0,0.764533618129581,1,0,-0.02143297050130003,0.100071163944818,0
0.4,0,0.01,8,50,0.9999999999969551,0.6614778506547316,1.0,0.57,0,1,0,1,1.0,0.4898020404175185,1,1,-0.25844842468103035,0.2027801502258012,0
0.4,0,0.01,9,51,0.9991932347039093,0.7676537317488366,1.0,0.45,0,1,0,1,0.9044257640830222,0.5889496133254869,1,1,0.4699246404299588,0.1932365494926771,0
0.4,0,0.01,10,52,0.9999999999999987,0.9016921277441722,1.0,1.0,0,0,0,0,1.0,0.7728367560163377,0,0,-0.08054536649242554,0.08884865616934659,0
0.4,0,0.01,11,53,0.9999999999999967,0.9975489784267582,1.0,0.89,0,0,0,1,1.0,0.957406607707915,1,0,-0.09554713671898915,0.08580172933442036,0
0.4,0,0.01,12,54,0.9996621319773554,0.9939705498100915,1.0,1.0,0,0,0,0,0.9209918129056806,0.9174846620731044,0,0,0.29201252043253756,0.04306224857030364,0
0.4,0,0.01,13,55,0.9999999994807005,0.9873898821060462,1.0,1.0,0,0,0,0,1.0,0.9279163577771373,0,0,0.3250502768578366,0.044593131267846024,0
0.4,0,0.01,14,56,0.9999999999999963,0.8560456360285098,1.0,1.0,0,0,0,0,0.9724811957117805,0.6880453010630981,0,0,0.03538588841173361,0.09351493859206386,0
0.4,0,0.01,15,57,0.9977567557336767,0.9673551541869267,1.0,1.0,0,0,0,0,0.916757743096666,0.8607541508517964,0,0,0.12234996250974503,0.04666368473588502,0
0.4,0,0.01,16,58,0.9999999999999989,0.962635544285277,1.0,0.74,0,0,0,1,1.0,0.8847639759323672,1,0,-0.28273330858530166,0.14288299326059478,0
0.4,0,0.01,17,59,0.9999830858669153,0.974595045471242,1.0,0.94,0,0,0,1,1.0,0.8891588437227362,1,0,0.19382487577954216,0.09090365472188397,0
0.4,0,0.01,18,60,0.9998577093478952,0.694800000823523,1.0,0.85,0,1,0,1,0.9135692287452666,0.4974271525453098,1,1,-0.14891349262224565,0.11324295229271211,0
0.4,0,0.01,19,61,0.9999971964101511,0.9356848070736495,1.0,0.98,0,0,0,1,1.0,0.8160704941776685,1,0,-0.18574704365880018,0.1102346655244721,0
0.4,0,0.02,0,42,0.9999999999999971,0.972883481336938,1.0,1.0,0,0,0,0,0.9776142056577143,0.8865296234860105,0,0,0.3122598119869798,0.03947850581901057,0
0.4,0,0.02,1,43,0.9835046154254793,0.9082687161334719,1.0,1.0,0,0,0,0,0.8925199822200622,0.8166893235039147,0,0,0.26595376795008385,0.05219565950546954,0
0.4,0,0.02,2,44,0.9999999782250749,0.9990579804045135,1.0,1.0,0,0,0,0,0.9883762451818494,0.9994283883074656,0,0,0.12743836040954934,0.0549251269469885,0
0.4,0,0.02,3,45,0.9999999999999989,0.9999757658614885,1.0,1.0,0,0,0,0,1.0,0.9893196452095532,0,0,0.1336055770951071,0.054974931444633404,0
0.4,0,0.02,4,46,0.9999999992419494,0.9390520293018695,1.0,1.0,0,0,0,0,1.0,0.8827061123147045,0,0,0.26096564538054245,0.03643839201343281,0
0.4,0,0.02,5,47,0.9999999999996895,0.920300102009372,1.0,1.0,0,0,0,0,1.0,0.8223527993431714,0,0,-0.11027575133750372,0.07436721889584444,0
0.4,0,0.02,6,48,0.9999999999147016,0.999958022472084,1.0,0.73,0,0,0,1,1.0,0.9820483788238843,1,0,-0.11922917441198745,0.11913498072025698,0
0.4,0,0.02,7,49,0.999999999955547,0.9435127964441653,1.0,1.0,0,0,0,0,1.0,0.864680631160694,0,0,0.22309973693701726,0.04790727493658511,0
0.4,0,0.02,8,50,0.9999999999982987,0.7581747740008721,1.0,0.67,0,1,0,0,1.0,0.6496203331573464,1,1,-0.1450315237667576,0.13918272124564002,0
0.4,0,0.02,9,51,0.9999999767613109,0.8435476613077546,1.0,0.62,0,0,0,1,0.9944422388585658,0.6986568604718543,1,0,0.21060381672583203,0.14157423553495257,0
0.4,0,0.02,10,52,0.9999999999999987,0.9611253110603363,1.0,1.0,0,0,0,0,1.0,0.8857754703907841,0,0,0.12070268171437117,0.047029037056168385,0
0.4,0,0.02,11,53,0.9999999999999971,0.9999310144177929,1.0,0.95,0,0,0,1,1.0,1.0,1,0,0.09248658871146558,0.04292743568829596,0
0.4,0,0.02,12,54,0.9999999999999905,0.9999989433114705,1.0,1.0,0,0,0,0,0.9788385196953239,0.9722025667634859,0,0,0.4227497634955531,0.022425921039091464,0
0.4,0,0.02,13,55,0.9999999999999986,0.9979377803566954,1.0,1.0,0,0,0,0,1.0,1.0,0,0,0.8043054933628625,0.009698572145142388,0
0.4,0,0.02,14,56,0.9999999999999983,0.9335161825209711,1.0,1.0,0,0,0,0,1.0,0.8281109240522726,0,0,0.2174364252380005,0.04692404180202053,0
0.4,0,0.02,15,57,0.9999385183203904,0.9998603838804598,1.0,1.0,0,0,0,0,1.0,1.0,0,0,0.8965880577878615,0.008519266828451097,0
0.4,0,0.02,16,58,0.9999999999999989,0.9936551547800666,1.0,0.97,0,0,0,1,1.0,1.0,1,0,-0.10004509366022091,0.09020611228331336,0
0.4,0,0.02,17,59,0.9999923127856774,0.9971626260579285,1.0,1.0,0,0,0,0,1.0,1.0,0,0,0.4507408927630815,0.049462179684788846,0
0.4,0,0.02,18,60,0.9999999999999987,0.754061557779465,1.0,0.95,0,1,0,0,0.9600499851697214,0.6016947777087084,1,1,-0.02944012212637705,0.07315612434361904,0
0.4,0,0.02,19,61,0.9999984436592334,0.9997670027651725,1.0,1.0,0,0,0,0,1.0,0.9794701106330926,0,0,0.03595586850489927,0.06123312953746659,0
0.4,0,0.05,0,42,0.9999999999999987,0.9873340026123383,1.0,1.0,0,0,0,0,1.0,0.9775932441856954,0,0,0.9129836102553761,0.005369584422393775,0
0.4,0,0.05,1,43,0.9895261611933058,0.9945620332913832,1.0,1.0,0,0,0,0,0.960883589247035,1.0,0,0,0.6614572617291206,0.010883996558373212,0
0.4,0,0.05,2,44,0.9999999968876209,0.999988866381237,1.0,1.0,0,0,0,0,1.0,1.0,0,0,0.8357384358966526,0.0073078510675491145,0
0.4,0,0.05,3,45,0.999999999999999,0.9999988026316844,1.0,1.0,0,0,0,0,1.0,1.0,0,0,0.638027821259443,0.011990505027972302,0
0.4,0,0.05,4,46,0.9999999999204989,0.9945033481768567,1.0,1.0,0,0,0,0,1.0,1.0,0,0,0.7101105790764044,0.00814345042092101,0
0.4,0,0.05,5,47,0.9999999999999987,0.9972939257674989,1.0,1.0,0,0,0,0,1.0,1.0,0,0,0.8655189901866948,0.007990217375334525,0
0.4,0,0.05,6,48,0.999999999916678,0.9999997733467257,1.0,1.0,0,0,0,0,1.0,1.0,0,0,0.1965909878169564,0.03009993030667419,0
0.4,0,0.05,7,49,0.9999999999999987,0.9999153615801225,1.0,1.0,0,0,0,0,1.0,1.0,0,0,0.5433067273551073,0.01083369590061959,0
0.4,0,0.05,8,50,0.9999999999995539,0.9853949333445047,1.0,1.0,0,0,0,0,1.0,1.0,0,0,0.21899605354063348,0.03658948959083188,0
0.4,0,0.05,9,51,0.9999999998013528,0.9450063273732203,1.0,1.0,0,0,0,0,1.0,0.9315192312339791,0,0,0.33819221976504493,0.04034036769328155,0
0.4,0,0.05,10,52,0.9999999999999989,0.9985072194751046,1.0,1.0,0,0,0,0,1.0,1.0,0,0,0.8842820460503367,0.006052693579916189,0
0.4,0,0.05,11,53,0.9999999999999983,0.9999929017828937,1.0,1.0,0,0,0,0,1.0,1.0,0,0,0.4846891604382033,0.013227185808654262,0
0.4,0,0.05,12,54,0.9999999999999971,0.9999999827146431,1.0,1.0,0,0,0,0,1.0,1.0,0,0,0.8274128323350481,0.004788762320869308,0
0.4,0,0.05,13,55,0.9999999999999987,0.999999985796819,1.0,1.0,0,0,0,0,1.0,1.0,0,0,0.9987867019177625,0.001142448987699185,0
0.4,0,0.05,14,56,0.9999999999999988,0.9724158413716621,1.0,1.0,0,0,0,0,1.0,0.9734890840056565,0,0,0.9393349818496228,0.003743604468569899,0
0.4,0,0.05,15,57,0.999999999999997,0.999999999999999,1.0,1.0,0,0,0,0,1.0,1.0,0,0,0.9572225787035509,0.004746493445012675,0
0.4,0,0.05,16,58,0.999999999999999,0.999573844890186,1.0,1.0,0,0,0,0,1.0,1.0,0,0,0.5154385915044902,0.01805466011856149,0
0.4,0,0.05,17,59,0.9999989428568226,0.9998178518139962,1.0,1.0,0,0,0,0,1.0,1.0,0,0,0.8996968554663448,0.008845820372103982,0
0.4,0,0.05,18,60,0.9999999999999989,0.8970035074211863,1.0,1.0,0,0,0,0,1.0,0.8663187568031147,0,0,0.5188903295658158,0.012832297652747276,0
0.4,0,0.05,19,61,0.9999999999999989,0.9999939207949271,1.0,1.0,0,0,0,0,1.0,1.0,0,0,0.7770220370762453,0.009301739378518314,0
0.4,0,0.1,0,42,0.999999999999999,0.9873342062284539,1.0,1.0,0,0,0,0,1.0,1.0,0,0,0.950222332989527,0.003776854443857435,0
0.4,0,0.1,1,43,0.9904882403422242,0.9973818784833598,1.0,1.0,0,0,0,0,1.0,1.0,0,0,0.8494317719818257,0.006480972363734568,0
0.4,0,0.1,2,44,0.999999997536064,0.99999361366471,1.0,1.0,0,0,0,0,1.0,1.0,0,0,0.9192688222792667,0.004932782433409421,0
0.4,0,0.1,3,45,0.999999999999999,0.9999993336195583,1.0,1.0,0,0,0,0,1.0,1.0,0,0,0.8295513946179526,0.006550133068799431,0
0.4,0,0.1,4,46,0.9999999999354346,0.9982955098493372,1.0,1.0,0,0,0,0,1.0,1.0,0,0,0.8841304107820924,0.00458746446898473,0
0.4,0,0.1,5,47,0.9999999999999989,0.9978668140256218,1.0,1.0,0,0,0,0,1.0,1.0,0,0,0.9404726713136633,0.005032946207524285,0
0.4,0,0.1,6,48,0.9999999998436138,0.9999999398683522,1.0,1.0,0,0,0,0,1.0,1.0,0,0,0.47760847422279745,0.014247199860369882,0
0.4,0,0.1,7,49,0.999999999999999,0.9999381078912365,1.0,1.0,0,0,0,0,1.0,1.0,0,0,0.8219998643642104,0.004676720857893267,0
0.4,0,0.1,8,50,0.9999999999995605,0.9927022832385727,1.0,1.0,0,0,0,0,1.0,1.0,0,0,0.6560204307862874,0.014305244671483952,0
0.4,0,0.1,9,51,0.9999999997961242,0.9779064554842026,1.0,1.0,0,0,0,0,1.0,1.0,0,0,0.6765890698715155,0.016580668161285485,0
0.4,0,0.1,10,52,0.999999999999999,0.9985344889421394,1.0,1.0,0,0,0,0,1.0,1.0,0,0,0.9373970791599069,0.004242793950288831,0
0.4,0,0.1,11,53,0.9999999999999989,0.9999959234268376,1.0,1.0,0,0,0,0,1.0,1.0,0,0,0.8031235232921382,0.005941849147403891,0
0.4,0,0.1,12,54,0.9999999999999972,0.9999999932126344,1.0,1.0,0,0,0,0,1.0,1.0,0,0,0.9315398546733878,0.00298804300684417,0
0.4,0,0.1,13,55,0.9999999999999989,0.9999999857968189,1.0,1.0,0,0,0,0,1.0,1.0,0,0,0.9987342279061157,0.0010837892157810204,0
0.4,0,0.1,14,56,0.9999999999999989,0.9870420527662116,1.0,1.0,0,0,0,0,1.0,1.0,0,0,0.9622631454131816,0.003013706295437428,0
0.4,0,0.1,15,57,0.9999999999999983,0.999999999999999,1.0,1.0,0,0,0,0,1.0,1.0,0,0,0.9913576296675781,0.002719348399825866,0
0.4,0,0.1,16,58,0.999999999999999,0.9998657754366251,1.0,1.0,0,0,0,0,1.0,1.0,0,0,0.7901360471903531,0.009054133809052114,0
0.4,0,0.1,17,59,0.9999990394591433,0.9999515663744447,1.0,1.0,0,0,0,0,1.0,1.0,0,0,0.9599630820334115,0.0038801528024248466,0
0.4,0,0.1,18,60,0.999999999999999,0.9721325341767739,1.0,1.0,0,0,0,0,1.0,1.0,0,0,0.7560577187109669,0.007997772848568072,0
0.4,0,0.1,19,61,0.9999999999999989,0.9999971644805691,1.0,1.0,0,0,0,0,1.0,1.0,0,0,0.9042205252275047,0.005713832185501506,0
0.4,0,0.2,0,42,0.999999999999999,0.9873342062284539,1.0,1.0,0,0,0,0,1.0,1.0,0,0,0.9499199296282251,0.003738999544484395,0
0.4,0,0.2,1,43,0.9904882403415922,0.997381878476888,1.0,1.0,0,0,0,0,1.0,1.0,0,0,0.847478122305011,0.006144488529093122,0
0.4,0,0.2,2,44,0.999999997536064,0.99999361366471,1.0,1.0,0,0,0,0,1.0,1.0,0,0,0.9164343146704733,0.005019328257848969,0
0.4,0,0.2,3,45,0.999999999999999,0.9999993356245102,1.0,1.0,0,0,0,0,1.0,1.0,0,0,0.8293940280029312,0.006596903222115346,0
0.4,0,0.2,4,46,0.9999999999354346,0.9982955098493372,1.0,1.0,0,0,0,0,1.0,1.0,0,0,0.8841572939164364,0.004577750757526006,0
0.4,0,0.2,5,47,0.999999999999999,0.9978668140256216,1.0,1.0,0,0,0,0,1.0,1.0,0,0,0.94126803950712,0.0048875423203651736,0
0.4,0,0.2,6,48,0.9999999998401918,0.9999999398597095,1.0,1.0,0,0,0,0,1.0,1.0,0,0,0.5484416677488619,0.012661914085099304,0
0.4,0,0.2,7,49,0.999999999999999,0.9999381078573324,1.0,1.0,0,0,0,0,1.0,1.0,0,0,0.8365976269531438,0.004357136669481498,0
0.4,0,0.2,8,50,0.9999999999995605,0.992702236857976,1.0,1.0,0,0,0,0,1.0,1.0,0,0,0.6443743659551017,0.014309013606616103,0
0.4,0,0.2,9,51,0.9999999997961216,0.9779064554842838,1.0,1.0,0,0,0,0,1.0,1.0,0,0,0.6714052767201824,0.015046151825130605,0
0.4,0,0.2,10,52,0.999999999999999,0.9985344889421394,1.0,1.0,0,0,0,0,1.0,1.0,0,0,0.9383582984086469,0.004061499788873973,0
0.4,0,0.2,11,53,0.999999999999999,0.9999959234268292,1.0,1.0,0,0,0,0,1.0,1.0,0,0,0.8045103243799571,0.005575985818498942,0
0.4,0,0.2,12,54,0.9999999999999972,0.9999999932126343,1.0,1.0,0,0,0,0,1.0,1.0,0,0,0.931043190061382,0.00283986840212332,0
0.4,0,0.2,13,55,0.999999999999999,0.9999999857968189,1.0,1.0,0,0,0,0,1.0,1.0,0,0,0.9999733550967468,0.0007216378203013817,0
0.4,0,0.2,14,56,0.999999999999999,0.9870420527662115,1.0,1.0,0,0,0,0,1.0,1.0,0,0,0.9599612103772583,0.0029393361018877364,0
0.4,0,0.2,15,57,0.9999999999999987,0.999999999999999,1.0,1.0,0,0,0,0,1.0,1.0,0,0,0.9981619191470416,0.0019706152731481874,0
0.4,0,0.2,16,58,0.999999999999999,0.9998657754366251,1.0,1.0,0,0,0,0,1.0,1.0,0,0,0.7901360471903531,0.009054133809052114,0
0.4,0,0.2,17,59,0.9999990394591436,0.9999515663744428,1.0,1.0,0,0,0,0,1.0,1.0,0,0,0.9468765418860237,0.0038356044395098567,0
0.4,0,0.2,18,60,0.999999999999999,0.9736837369802548,1.0,1.0,0,0,0,0,1.0,1.0,0,0,0.770488006541763,0.007792952468302207,0
0.4,0,0.2,19,61,0.999999999999999,0.999997164480569,1.0,1.0,0,0,0,0,1.0,1.0,0,0,0.9050347230178676,0.005571194903282392,0
0.4,1,0.0,0,42,0.9999999999999947,0.8027834669149505,1.0,0.67,0,0,0,1,0.9583684089654709,0.6255126515986653,1,0,-0.6411900541826436,0.16795381846529633,0
0.4,1,0.0,1,43,0.9726746330940678,0.7646159160638101,1.0,0.56,0,1,0,1,0.8276551542556129,0.6025493077998791,1,1,-0.18135248165423898,0.17589015668384245,0
0.4,1,0.0,2,44,0.9881225602854262,0.8766965087942052,1.0,0.41,0,0,0,1,0.8356809520448435,0.7358136263424511,1,0,-0.259708323354401,0.180822250887466,0
0.4,1,0.0,3,45,0.9999986240123448,0.9384373197991128,1.0,0.52,0,0,0,1,1.0,0.7815085279168854,1,0,-0.24528928475366885,0.18556770703986308,0
0.4,1,0.0,4,46,0.9999999905689981,0.7579652334283068,1.0,0.78,0,1,0,1,0.9675036108077587,0.6134572373737847,1,1,-0.15012944564569672,0.15387985342927338,0
0.4,1,0.0,5,47,0.9999807300873407,0.7541942515260135,1.0,0.37,0,1,0,1,0.9934427180318615,0.5788024229023663,1,1,-0.714745263160352,0.18916405905792036,0
0.4,1,0.0,6,48,0.9999996867631039,0.8753151124040189,1.0,0.31,0,0,0,1,0.9451011970911453,0.7161179841643072,1,0,0.03749994984466516,0.27028895116853774,0
0.4,1,0.0,7,49,0.999999677952092,0.7882153238787393,1.0,0.58,0,1,0,1,0.9798162104677943,0.635466402300428,1,1,-0.17797302783098073,0.17580882009002566,0
0.4,1,0.0,8,50,0.9999882582887692,0.4975693191512995,1.0,0.36,0,1,0,1,0.9680992398258215,0.22984195412880293,1,1,-0.375316196287755,0.29230546542602304,0
0.4,1,0.0,9,51,0.9660824965447604,0.6890837689049314,1.0,0.22,0,1,0,1,0.8095277823437224,0.4580315097432883,1,1,0.4589431466415113,0.27687029133874064,0
0.4,1,0.0,10,52,0.9999999999999981,0.7877924455282612,1.0,0.51,0,1,0,1,0.9971979857196406,0.6295814996150607,1,1,-0.3577724306275195,0.17389592555405947,0
0.4,1,0.0,11,53,0.9999999999999961,0.9339281823143077,1.0,0.68,0,0,0,1,0.9121205373200673,0.7974838793284472,1,0,-0.35937263925306284,0.16807391831690474,0
0.4,1,0.0,12,54,0.9944472865393413,0.9078319735161978,1.0,0.83,0,0,0,1,0.8595327421120867,0.7444718199519378,1,0,-0.12197816801233086,0.10926403734281954,0
0.4,1,0.0,13,55,0.9999999392248705,0.8887771487873212,1.0,0.96,0,0,0,1,0.9687610522030548,0.769951564094762,1,0,-0.22178507519079085,0.11092389387390324,0
0.4,1,0.0,14,56,0.9999999999997212,0.7651693818051534,1.0,0.63,0,1,0,1,0.8793001265876311,0.5580242935051184,1,1,-0.33157627565934195,0.17295382526209285,0
0.4,1,0.0,15,57,0.9667854491148062,0.8634709341640552,1.0,1.0,0,0,0,0,0.8187166437146413,0.7166494031253956,0,0,-0.36386011353589887,0.10889301224134126,0
0.4,1,0.0,16,58,0.9999999057346982,0.8336364530596422,1.0,0.21,0,0,0,1,0.99635321793437,0.7251160850203944,1,0,-0.4856370111078908,0.24013955068279239,0
0.4,1,0.0,17,59,0.9999391151282664,0.8720240792176148,1.0,0.7,0,0,0,1,1.0,0.7496694082529775,1,0,-0.25937078453881146,0.15493141804772753,0
0.4,1,0.0,18,60,0.9926846912223325,0.5851091366888455,1.0,0.39,0,1,0,1,0.8451459168802592,0.3158930302054974,1,1,-0.21739389639614634,0.19978828550955313,0
0.4,1,0.0,19,61,0.9998939508276956,0.8502842924009668,1.0,0.37,0,0,0,1,1.0,0.6986244427485465,1,0,-0.34493928107834104,0.19886705486598985,0
0.4,1,0.01,0,42,0.9999999999999959,0.8512082882080445,1.0,0.98,0,0,0,1,0.9659425237114022,0.7016742521656377,1,0,-0.39359169272684424,0.12202592387482028,0
0.4,1,0.01,1,43,0.9790298867872267,0.8240436958541486,1.0,0.86,0,0,0,1,0.8665685914732768,0.7044192972465054,1,0,-0.05706508873141481,0.13026974629295288,0
0.4,1,0.01,2,44,0.9986853128219098,0.9289041647961122,1.0,0.83,0,0,0,1,0.924734993056144,0.8137176627147187,1,0,-0.1503674684107884,0.12563144585595862,0
0.4,1,0.01,3,45,0.9999999999999989,0.9973604075013838,1.0,0.69,0,0,0,1,1.0,0.9270782023045387,1,0,-0.11999927810231632,0.12615393546028433,0
0.4,1,0.01,4,46,0.9999999975425685,0.8272520017186138,1.0,0.89,0,0,0,1,1.0,0.7326606006356681,1,0,-0.11690765676759558,0.11203458791983972,0
0.4,1,0.01,5,47,0.999999999950553,0.824255115437854,1.0,0.68,0,0,0,1,1.0,0.6894275296595304,1,0,-0.6827378800582501,0.1427272699967804,0
0.4,1,0.01,6,48,0.9999999802049044,0.9403992383242264,1.0,0.46,0,0,0,1,1.0,0.8183573990921797,1,0,-0.24841734990533612,0.2150166739735705,0
0.4,1,0.01,7,49,0.9999999978127367,0.8507835204382396,1.0,0.86,0,0,0,1,0.9983603715904631,0.7337161875885572,1,0,-0.15002314401754438,0.12783836427762765,0
0.4,1,0.01,8,50,0.9999999999961554,0.5835267084237066,1.0,0.5,0,1,0,1,1.0,0.3765384061204266,1,1,-0.3063638301452136,0.2386699672058683,0
0.4,1,0.01,9,51,0.9973109275947674,0.7394604251529979,1.0,0.4,0,1,0,1,0.8862647959877392,0.5476781236768007,1,1,0.5018818701511362,0.23228564550620429,0
0.4,1,0.01,10,52,0.9999999999999987,0.8713159815517132,1.0,0.81,0,0,0,1,1.0,0.7413182887767872,1,0,-0.18789169847060727,0.1165002638980555,0
0.4,1,0.01,11,53,0.9999999999999966,0.9893860940380683,1.0,0.85,0,0,0,1,0.9926311548485138,0.9069769477255645,1,0,-0.20882971119965787,0.11412074677970693,0
0.4,1,0.01,12,54,0.9989988614832896,0.9738608230405404,1.0,1.0,0,0,0,0,0.9138341197680816,0.8656533916560863,0,0,0.14717508041212132,0.05903979445305698,0
0.4,1,0.01,13,55,0.9999999974425878,0.9550046553449105,1.0,1.0,0,0,0,0,1.0,0.8606915906045192,0,0,0.09086449595114508,0.06995763629307394,0
0.4,1,0.01,14,56,0.9999999999999964,0.8201344415449886,1.0,0.85,0,0,0,1,0.9635314359369305,0.6448618062677391,1,0,-0.12505904224841904,0.12065688388638346,0
0.4,1,0.01,15,57,0.9945646299641278,0.9248433453054223,1.0,1.0,0,0,0,0,0.888275665993317,0.7988062099620823,0,0,-0.11484074615626988,0.06766337277169047,0
0.4,1,0.01,16,58,0.9999999968183108,0.9214407375864543,1.0,0.54,0,0,0,1,1.0,0.8378607747959671,1,0,-0.3678422891977038,0.1738250217027373,0
0.4,1,0.01,17,59,0.9999817313276367,0.9327824763121669,1.0,0.85,0,0,0,1,1.0,0.8348357185637034,1,0,-0.024738474392929605,0.11739021570326555,0
0.4,1,0.01,18,60,0.9993366567258701,0.6612074227315932,1.0,0.62,0,1,0,1,0.8975711054163434,0.44668819247339553,1,1,-0.2105411436675175,0.1419535421727449,0
0.4,1,0.01,19,61,0.9999950154974528,0.9009776801534076,1.0,0.75,0,0,0,1,1.0,0.7731241817071379,1,0,-0.28109040679496256,0.13804476880465566,0
0.4,1,0.02,0,42,0.9999999999999969,0.9268879529361691,1.0,1.0,0,0,0,0,0.9756543547653905,0.8191649025164071,0,0,0.04234245195842653,0.06726588644271522,0
0.4,1,0.02,1,43,0.9807538664786924,0.8890639758058414,1.0,1.0,0,0,0,0,0.8849548818740208,0.7962984846632462,0,0,0.12477091387560972,0.07796981097337427,0
0.4,1,0.02,2,44,0.999349733122477,0.995686095628087,1.0,1.0,0,0,0,0,0.9774369041084965,0.9476889916689836,0,0,0.0004801144221381438,0.07847980461134738,0
0.4,1,0.02,3,45,0.9999999999999989,0.9999478782344633,1.0,1.0,0,0,0,0,1.0,0.97316231786021,0,0,0.03914889066272366,0.07399412332306611,0
0.4,1,0.02,4,46,0.9999999991566161,0.8976029233108378,1.0,0.96,0,0,0,1,1.0,0.8338274031872586,1,0,0.08638405779923071,0.05766206868231039,0
0.4,1,0.02,5,47,0.9999999999974993,0.8837175975299955,1.0,1.0,0,0,0,0,1.0,0.776191248568605,0,0,-0.37696470491616596,0.10295148864516751,0
0.4,1,0.02,6,48,0.9999999999987657,0.9998623089613842,1.0,0.67,0,0,0,1,1.0,0.9678611759496305,1,0,-0.18298363461334854,0.15223288044014532,0
0.4,1,0.02,7,49,0.9999999995088923,0.9040559071785228,1.0,1.0,0,0,0,0,1.0,0.8137829053395069,0,0,0.08075343505916743,0.07013416075881863,0
0.4,1,0.02,8,50,0.9999999999978004,0.6809268630660589,1.0,0.62,0,1,0,1,1.0,0.53897377071185,1,1,-0.20864832465105135,0.1758911178377925,0
0.4,1,0.02,9,51,0.9999999563540156,0.7966781386479287,1.0,0.47,0,1,0,1,0.971463768421902,0.642022772631138,1,1,0.3006038866303635,0.18083602143078362,0
0.4,1,0.02,10,52,0.9999999999999987,0.9287097335956082,1.0,1.0,0,0,0,0,1.0,0.8390521632450363,0,0,0.012498849004343606,0.06465027567476148,0
0.4,1,0.02,11,53,0.999999999999997,0.9996295461202075,1.0,0.91,0,0,0,1,1.0,1.0,1,0,-0.005762846314479383,0.05994748529354425,0
0.4,1,0.02,12,54,0.9999999999999822,0.9999904014881829,1.0,1.0,0,0,0,0,0.9777112923913968,0.9701221193050619,0,0,0.3129269414168517,0.030245512374351195,0
0.4,1,0.02,13,55,0.9999999999999984,0.9941158496285999,1.0,1.0,0,0,0,0,1.0,0.9967643563331475,0,0,0.6265798513977712,0.017198068832295226,0
0.4,1,0.02,14,56,0.9999999999999981,0.9131589926499936,1.0,1.0,0,0,0,0,1.0,0.7921442204500836,0,0,0.11621781976127506,0.06611446181358419,0
0.4,1,0.02,15,57,0.9996655513363703,0.9958418714896802,1.0,1.0,0,0,0,0,1.0,0.9407481348890782,0,0,0.5308331395754244,0.02120618537945558,0
0.4,1,0.02,16,58,0.9999999999999989,0.980153957593856,1.0,0.86,0,0,0,1,1.0,0.9625964315805742,1,0,-0.2090621311893897,0.11807599717738686,0
0.4,1,0.02,17,59,0.9999916593444608,0.9930415061459879,1.0,1.0,0,0,0,0,1.0,0.9698573909261118,0,0,0.31678426694866,0.06569521510531706,0
0.4,1,0.02,18,60,0.9999999999999987,0.7217317161147659,1.0,0.94,0,1,0,0,0.9486183409794737,0.5553284706004928,1,1,-0.10826999544352765,0.0954292727015186,0
0.4,1,0.02,19,61,0.9999969941415149,0.9811948759941,1.0,1.0,0,0,0,0,1.0,0.9098807497074687,0,0,-0.08975281984359149,0.08559947895531314,0
0.4,1,0.05,0,42,0.9999999999999983,0.9852519324410566,1.0,1.0,0,0,0,0,1.0,0.9755629879186312,0,0,0.8592349582231619,0.007595969237578176,0
0.4,1,0.05,1,43,0.9870062477180557,0.9914332891065962,1.0,1.0,0,0,0,0,0.9558360794047329,1.0,0,0,0.6054376637531702,0.013242953272560263,0
0.4,1,0.05,2,44,0.9999999960236037,0.9999810036850134,1.0,1.0,0,0,0,0,1.0,1.0,0,0,0.7353696430798059,0.010791353475167026,0
0.4,1,0.05,3,45,0.9999999999999989,0.9999983251252321,1.0,1.0,0,0,0,0,1.0,1.0,0,0,0.5787141226367286,0.01523518791600963,0
0.4,1,0.05,4,46,0.9999999999132122,0.9915565874517676,1.0,1.0,0,0,0,0,1.0,1.0,0,0,0.6276534797142199,0.010548919353476254,0
0.4,1,0.05,5,47,0.9999999999999983,0.9958540521416492,1.0,1.0,0,0,0,0,1.0,1.0,0,0,0.7800579475180565,0.011886974765132776,0
0.4,1,0.05,6,48,0.9999999999996849,0.9999996301041629,1.0,0.97,0,0,0,1,1.0,1.0,1,0,0.13241758430105208,0.04010353283075384,0
0.4,1,0.05,7,49,0.9999999999999983,0.9995609929312046,1.0,1.0,0,0,0,0,1.0,1.0,0,0,0.48085311378219636,0.013669070447654847,0
0.4,1,0.05,8,50,0.999999999999412,0.9562286023051169,1.0,1.0,0,0,0,0,1.0,0.9792071485142584,0,0,0.113453887569685,0.051344942949742435,0
0.4,1,0.05,9,51,0.9999999995661747,0.9318908120609235,1.0,1.0,0,0,0,0,1.0,0.9081042400488197,0,0,0.2736042934543519,0.05341310634131686,0
0.4,1,0.05,10,52,0.9999999999999988,0.996343048258238,1.0,1.0,0,0,0,0,1.0,1.0,0,0,0.822082756344931,0.008606108838030663,0
0.4,1,0.05,11,53,0.9999999999999979,0.9999864416058105,1.0,1.0,0,0,0,0,1.0,1.0,0,0,0.39069069820472824,0.017289861848085716,0
0.4,1,0.05,12,54,0.9999999999999968,0.9999999722048828,1.0,1.0,0,0,0,0,1.0,1.0,0,0,0.7520027358031952,0.006413717667659058,0
0.4,1,0.05,13,55,0.9999999999999987,0.9999998589391741,1.0,1.0,0,0,0,0,1.0,1.0,0,0,0.996704516868553,0.0015661314361528212,0
0.4,1,0.05,14,56,0.9999999999999987,0.9608540179318735,1.0,1.0,0,0,0,0,1.0,0.9539815339787052,0,0,0.9039385301731274,0.005281371841723367,0
0.4,1,0.05,15,57,0.9999999999999966,0.999999999999999,1.0,1.0,0,0,0,0,1.0,1.0,0,0,0.9378553039851467,0.0057237664153960135,0
0.4,1,0.05,16,58,0.9999999999999989,0.9992839081585738,1.0,1.0,0,0,0,0,1.0,1.0,0,0,0.38793521676195486,0.024746951060622892,0
0.4,1,0.05,17,59,0.9999987986804877,0.9996329911752234,1.0,1.0,0,0,0,0,1.0,1.0,0,0,0.8416428178477239,0.012666268749143806,0
0.4,1,0.05,18,60,0.9999999999999987,0.8807712410201384,1.0,1.0,0,0,0,0,1.0,0.8411434788367709,0,0,0.45117060617780547,0.016932158377505634,0
0.4,1,0.05,19,61,0.9999999999999988,0.9999903140243592,1.0,1.0,0,0,0,0,1.0,1.0,0,0,0.6535834039456795,0.013353863198774595,0
0.4,1,0.1,0,42,0.9999999999999988,0.9852521420893,1.0,1.0,0,0,0,0,1.0,1.0,0,0,0.9338855980387352,0.004766260185894412,0
0.4,1,0.1,1,43,0.9885328650109818,0.9963786939974842,1.0,1.0,0,0,0,0,1.0,1.0,0,0,0.8295833962507196,0.007945907846645249,0
0.4,1,0.1,2,44,0.9999999966203821,0.9999895342012498,1.0,1.0,0,0,0,0,1.0,1.0,0,0,0.8872493119498278,0.006525548592404071,0
0.4,1,0.1,3,45,0.9999999999999989,0.9999991379594685,1.0,1.0,0,0,0,0,1.0,1.0,0,0,0.8136360962560456,0.008072361476230016,0
0.4,1,0.1,4,46,0.9999999999191131,0.9978595435354384,1.0,1.0,0,0,0,0,1.0,1.0,0,0,0.8585982787118532,0.005837689641531442,0
0.4,1,0.1,5,47,0.9999999999999986,0.997286927767924,1.0,1.0,0,0,0,0,1.0,1.0,0,0,0.9029018457329755,0.007584377176734766,0
0.4,1,0.1,6,48,0.9999999999996804,0.9999999236358631,1.0,1.0,0,0,0,0,1.0,1.0,0,0,0.420072087282244,0.017154068644819994,0
0.4,1,0.1,7,49,0.9999999999999987,0.9996144768342846,1.0,1.0,0,0,0,0,1.0,1.0,0,0,0.7853929249525835,0.006494552555751614,0
0.4,1,0.1,8,50,0.9999999999994357,0.9893729451134835,1.0,1.0,0,0,0,0,1.0,1.0,0,0,0.6025755996137041,0.017715514387051077,0
0.4,1,0.1,9,51,0.9999999995558799,0.9694856162945733,1.0,1.0,0,0,0,0,1.0,1.0,0,0,0.6764989131454261,0.020427313060225178,0
0.4,1,0.1,10,52,0.9999999999999988,0.9968916772740651,1.0,1.0,0,0,0,0,1.0,1.0,0,0,0.9184231193000217,0.005422437053238753,0
0.4,1,0.1,11,53,0.9999999999999984,0.999994184809185,1.0,1.0,0,0,0,0,1.0,1.0,0,0,0.7678655394011535,0.007532336782541563,0
0.4,1,0.1,12,54,0.9999999999999968,0.999999990870431,1.0,1.0,0,0,0,0,1.0,1.0,0,0,0.9085384593623629,0.0036349943561194077,0
0.4,1,0.1,13,55,0.9999999999999987,0.9999998589391723,1.0,1.0,0,0,0,0,1.0,1.0,0,0,0.9966693884020242,0.0015171473105380928,0
0.4,1,0.1,14,56,0.9999999999999987,0.9824262259808683,1.0,1.0,0,0,0,0,1.0,1.0,0,0,0.947710359074605,0.003925013499789417,0
0.4,1,0.1,15,57,0.9999999999999977,0.999999999999999,1.0,1.0,0,0,0,0,1.0,1.0,0,0,0.9735533444567143,0.004045417878005937,0
0.4,1,0.1,16,58,0.9999999999999989,0.9997981823490231,1.0,1.0,0,0,0,0,1.0,1.0,0,0,0.7332452693619071,0.011599769228561443,0
0.4,1,0.1,17,59,0.9999988394241814,0.999923777147368,1.0,1.0,0,0,0,0,1.0,1.0,0,0,0.9488519750750283,0.005085574311751464,0
0.4,1,0.1,18,60,0.9999999999999989,0.9631758923844482,1.0,1.0,0,0,0,0,1.0,1.0,0,0,0.7179989084985813,0.010048297198809784,0
0.4,1,0.1,19,61,0.9999999999999988,0.9999964975230377,1.0,1.0,0,0,0,0,1.0,1.0,0,0,0.8588830424264192,0.00767124808789199,0
0.4,1,0.2,0,42,0.9999999999999988,0.9852521420893,1.0,1.0,0,0,0,0,1.0,1.0,0,0,0.9338855980387352,0.004766260185894412,0
0.4,1,0.2,1,43,0.9885328650073341,0.9963786939454702,1.0,1.0,0,0,0,0,1.0,1.0,0,0,0.8302224199385945,0.007630606695760895,0
0.4,1,0.2,2,44,0.9999999966203821,0.9999895342012496,1.0,1.0,0,0,0,0,1.0,1.0,0,0,0.8831166661305023,0.006672474798770229,0
0.4,1,0.2,3,45,0.9999999999999989,0.9999991397278086,1.0,1.0,0,0,0,0,1.0,1.0,0,0,0.8202816899687124,0.007782840158154553,0
0.4,1,0.2,4,46,0.9999999999191131,0.9978595435354384,1.0,1.0,0,0,0,0,1.0,1.0,0,0,0.8583540742860101,0.00584259828958599,0
0.4,1,0.2,5,47,0.9999999999999988,0.997286927767924,1.0,1.0,0,0,0,0,1.0,1.0,0,0,0.9108793072002149,0.007194188988151713,0
0.4,1,0.2,6,48,0.9999999999996804,0.9999999235209786,1.0,1.0,0,0,0,0,1.0,1.0,0,0,0.49996326600334956,0.015249570598819427,0
0.4,1,0.2,7,49,0.9999999999999988,0.9996144761639408,1.0,1.0,0,0,0,0,1.0,1.0,0,0,0.810753272194848,0.005778992090317172,0
0.4,1,0.2,8,50,0.9999999999994357,0.9893727564686693,1.0,1.0,0,0,0,0,1.0,1.0,0,0,0.5899019718732809,0.01788615594525645,0
0.4,1,0.2,9,51,0.9999999995558738,0.9694856162950988,1.0,1.0,0,0,0,0,1.0,1.0,0,0,0.6827516640405507,0.018897665474509672,0
0.4,1,0.2,10,52,0.9999999999999988,0.9968916772740651,1.0,1.0,0,0,0,0,1.0,1.0,0,0,0.9184231193000217,0.005422437053238753,0
0.4,1,0.2,11,53,0.9999999999999987,0.9999941848089294,1.0,1.0,0,0,0,0,1.0,1.0,0,0,0.7781156093564555,0.007002333558685214,0
0.4,1,0.2,12,54,0.9999999999999968,0.9999999908704308,1.0,1.0,0,0,0,0,1.0,1.0,0,0,0.9071887630312514,0.0036938318358337953,0
0.4,1,0.2,13,55,0.9999999999999987,0.9999998589391723,1.0,1.0,0,0,0,0,1.0,1.0,0,0,0.9967508616020904,0.001502146609780407,0
0.4,1,0.2,14,56,0.9999999999999987,0.9824262259808677,1.0,1.0,0,0,0,0,1.0,1.0,0,0,0.9463107545105431,0.003990630659785936,0
0.4,1,0.2,15,57,0.9999999999999982,0.999999999999999,1.0,1.0,0,0,0,0,1.0,1.0,0,0,0.9905802798005844,0.0029375214074602598,0
0.4,1,0.2,16,58,0.9999999999999989,0.9997981823490231,1.0,1.0,0,0,0,0,1.0,1.0,0,0,0.7332452693619071,0.011599769228561443,0
0.4,1,0.2,17,59,0.9999988394241813,0.999923777147354,1.0,1.0,0,0,0,0,1.0,1.0,0,0,0.9394742982422364,0.004851419029787023,0
0.4,1,0.2,18,60,0.9999999999999989,0.9653733632101564,1.0,1.0,0,0,0,0,1.0,1.0,0,0,0.7360789369729168,0.009852182122843396,0
0.4,1,0.2,19,61,0.9999999999999988,0.9999964975230377,1.0,1.0,0,0,0,0,1.0,1.0,0,0,0.8588830424264192,0.00767124808789199,0
0.4,2,0.0,0,42,0.9999999999999952,0.8026992763611874,1.0,0.72,0,0,0,1,0.9583127813952804,0.6258666176626403,1,0,-0.6524789655079585,0.16678076528768404,0
0.4,2,0.0,1,43,0.9716847408281463,0.769094629886664,1.0,0.58,0,1,0,1,0.825726128699082,0.6095891685905114,1,1,-0.222473578647397,0.17477949791296638,0
0.4,2,0.0,2,44,0.9870328048402991,0.8787299711481674,1.0,0.42,0,0,0,1,0.8342899417593181,0.7414559696220104,1,0,-0.2492650373467751,0.1766327820647698,0
0.4,2,0.0,3,45,0.9999979649508488,0.9350508479557323,1.0,0.51,0,0,0,1,1.0,0.776376160052155,1,0,-0.24718293902437868,0.18328518319481726,0
0.4,2,0.0,4,46,0.9999999901168098,0.7579334109907867,1.0,0.8,0,1,0,1,0.9671125124118732,0.6117948257118587,1,1,-0.16273359229908738,0.15161580692617124,0
0.4,2,0.0,5,47,0.9999813589784753,0.7541096407212952,1.0,0.4,0,1,0,1,0.9908159631358128,0.57940666282896,1,1,-0.7393066915222657,0.18815615136001426,0
0.4,2,0.0,6,48,0.9999995715765049,0.8765894916557662,1.0,0.31,0,0,0,1,0.9467532579528846,0.7176046211043472,1,0,0.017241437733538846,0.2672264311521527,0
0.4,2,0.0,7,49,0.9999995465123698,0.7872156933124175,1.0,0.56,0,1,0,1,0.9786391812089538,0.633406337995691,1,1,-0.21355012356977499,0.1746082700468753,0
0.4,2,0.0,8,50,0.9999912598466614,0.4945232101582183,1.0,0.36,0,1,0,1,0.9665167933245347,0.2247031723433479,1,1,-0.37456875588372673,0.28989604527735807,0
0.4,2,0.0,9,51,0.9703135601467782,0.691740153800428,1.0,0.2,0,1,0,1,0.813247928702622,0.46128387423708755,1,1,0.45840460176578146,0.27470718379572373,0
0.4,2,0.0,10,52,0.9999999999999986,0.7848192989274844,1.0,0.52,0,1,0,1,0.9958124688572447,0.6251256285459295,1,1,-0.33622156008500664,0.1724507877701672,0
0.4,2,0.0,11,53,0.9999999999999962,0.9344128816110869,1.0,0.68,0,0,0,1,0.9108236245641554,0.7984607598674983,1,0,-0.36487952223757353,0.16598044990191257,0
0.4,2,0.0,12,54,0.9949439098024807,0.9127832256547121,1.0,0.84,0,0,0,1,0.8614752714933572,0.7530780243125327,1,0,-0.1777709854539328,0.10791767032875965,0
0.4,2,0.0,13,55,0.9999999388482773,0.8892926735288532,1.0,0.96,0,0,0,1,0.9679640993945461,0.7697672035396053,1,0,-0.23236651459413327,0.109218252777073,0
0.4,2,0.0,14,56,0.9999999999997458,0.7673228211295164,1.0,0.63,0,1,0,1,0.8881349751567222,0.560278254513344,1,1,-0.3567933645877638,0.1702264785475986,0
0.4,2,0.0,15,57,0.9683068925162706,0.8634854775865437,1.0,1.0,0,0,0,0,0.8195237791558382,0.7141045397642365,0,0,-0.39187885382472554,0.10802172724674242,0
0.4,2,0.0,16,58,0.9999999051534572,0.830173804761845,1.0,0.22,0,0,0,1,0.9964048419257978,0.7214432220111203,1,0,-0.47707742940933157,0.23683225890937107,0
0.4,2,0.0,17,59,0.9999520798717653,0.8694592537660406,1.0,0.71,0,0,0,1,1.0,0.7479000713701616,1,0,-0.3179383733390981,0.15372558268653858,0
0.4,2,0.0,18,60,0.9957195057830021,0.5926356676002782,1.0,0.39,0,1,0,1,0.8491129725437959,0.3284114943410237,1,1,-0.23085407030515182,0.19828392399470526,0
0.4,2,0.0,19,61,0.9998969201616996,0.8476857676805045,1.0,0.37,0,0,0,1,1.0,0.696286472702745,1,0,-0.33565274557721164,0.19596260122797518,0
0.4,2,0.01,0,42,0.9999999999999961,0.8511307322548205,1.0,0.99,0,0,0,1,0.9658017421711061,0.7020184040797091,1,0,-0.41730227492605315,0.1212062054242529,0
0.4,2,0.01,1,43,0.9782793706279376,0.8275757651798039,1.0,0.86,0,0,0,1,0.8645416336428964,0.7097087607232313,1,0,-0.10276857081222225,0.12911819061414778,0
0.4,2,0.01,2,44,0.9984918262424844,0.9308858304504514,1.0,0.87,0,0,0,1,0.9245739510498993,0.8186868197595143,1,0,-0.15642222260887528,0.12354661358377467,0
0.4,2,0.01,3,45,0.9999997500225057,0.9966803364030423,1.0,0.7,0,0,0,1,1.0,0.923851914593511,1,0,-0.11885377609648372,0.12379135938054418,0
0.4,2,0.01,4,46,0.9999999978088757,0.8266606749127814,1.0,0.89,0,0,0,1,1.0,0.730261189525749,1,0,-0.14127165800291505,0.11075974212492992,0
0.4,2,0.01,5,47,0.9999999999511845,0.825698248624664,1.0,0.68,0,0,0,1,1.0,0.6919506598747966,1,0,-0.7160864403579259,0.14213638196921263,0
0.4,2,0.01,6,48,0.9999999914093307,0.94114978288309,1.0,0.48,0,0,0,1,1.0,0.81954175434818,1,0,-0.2724355982322186,0.21336269566765387,0
0.4,2,0.01,7,49,0.9999999982375354,0.8493397203762666,1.0,0.87,0,0,0,1,0.9993902368852198,0.7313271131007164,1,0,-0.1776047348937901,0.1263235252080255,0
0.4,2,0.01,8,50,0.9999999999958965,0.5809819088763631,1.0,0.51,0,1,0,1,1.0,0.3718353503211293,1,1,-0.3070767129574166,0.23605326799912227,0
0.4,2,0.01,9,51,0.9974259463680364,0.7423164272743417,1.0,0.4,0,1,0,1,0.8936756533452425,0.5508262287443951,1,1,0.48243400119781477,0.23016182519933967,0
0.4,2,0.01,10,52,0.9999999999999987,0.8689108982605178,1.0,0.82,0,0,0,1,1.0,0.7386556462075068,1,0,-0.1811107236815295,0.11508307259631904,0
0.4,2,0.01,11,53,0.9999999999999967,0.9891307694468997,1.0,0.85,0,0,0,1,0.9922216390408506,0.9068645531439595,1,0,-0.218104049767388,0.11331154405255336,0
0.4,2,0.01,12,54,0.9990435513131583,0.9778566271342839,1.0,1.0,0,0,0,0,0.9168734192606014,0.8751379685654187,0,0,0.10839927304438729,0.05779505053739449,0
0.4,2,0.01,13,55,0.9999999976784306,0.9553168547309232,1.0,1.0,0,0,0,0,1.0,0.860477948901051,0,0,0.08028367204836498,0.06831152747583548,0
0.4,2,0.01,14,56,0.9999999999999968,0.8226514361187981,1.0,0.88,0,0,0,1,0.9720653329999399,0.6472242383350593,1,0,-0.14181304835732114,0.11904024382476308,0
0.4,2,0.01,15,57,0.9952859119010597,0.9279027751368334,1.0,1.0,0,0,0,0,0.8940753341865307,0.8010035324151944,0,0,-0.1380386664247576,0.06688505425918889,0
0.4,2,0.01,16,58,0.9999999999999989,0.9185112564860534,1.0,0.55,0,0,0,1,1.0,0.8357186640632241,1,0,-0.3657352312047532,0.17169804495916194,0
0.4,2,0.01,17,59,0.9999839625728644,0.9300983480481817,1.0,0.87,0,0,0,1,1.0,0.8318698449071941,1,0,-0.06996113672739544,0.11631654127290116,0
0.4,2,0.01,18,60,0.9999999999998925,0.6688544006838012,1.0,0.62,0,1,0,1,0.9041044100993356,0.45989591840598787,1,1,-0.21624794659255955,0.14128447491461504,0
0.4,2,0.01,19,61,0.9999933555130489,0.8983819027341181,1.0,0.77,0,0,0,1,1.0,0.7710396493727906,1,0,-0.2757903251752212,0.13602512487935073,0
0.4,2,0.02,0,42,0.9999999999999967,0.9261200809371336,1.0,1.0,0,0,0,0,0.9754425323305166,0.8184411862890213,0,0,0.020962514272155452,0.0667226188453846,0
0.4,2,0.02,1,43,0.9800339435999055,0.8938324338878911,1.0,1.0,0,0,0,0,0.8831846913218723,0.8023903450833962,0,0,0.09409676843228225,0.07735158801216793,0
0.4,2,0.02,2,44,0.9991566807323424,0.995140809641197,1.0,1.0,0,0,0,0,0.9765541574722357,0.9523995812857923,0,0,-0.0044994874842149745,0.07812573925220753,0
0.4,2,0.02,3,45,0.9999999999999989,0.9999492532212727,1.0,1.0,0,0,0,0,1.0,0.9699535981299207,0,0,0.04165990895782013,0.07285139296998455,0
0.4,2,0.02,4,46,0.9999999993065608,0.8962762831722954,1.0,0.97,0,0,0,1,1.0,0.8304602793969486,1,0,0.07520913923109435,0.0569820866686788,0
0.4,2,0.02,5,47,0.9999999999977092,0.8844995192787015,1.0,1.0,0,0,0,0,1.0,0.7780495899424037,0,0,-0.3941143506133089,0.10255496421729936,0
0.4,2,0.02,6,48,0.9999999999985593,0.9998566002477458,1.0,0.67,0,0,0,1,1.0,0.9664868425789435,1,0,-0.1851550155498337,0.15098321327199427,0
0.4,2,0.02,7,49,0.9999999998176435,0.9020769526839375,1.0,1.0,0,0,0,0,1.0,0.8104873185545027,0,0,0.057814802219832366,0.06979816973759484,0
0.4,2,0.02,8,50,0.9999999999975302,0.6781114174434034,1.0,0.63,0,1,0,1,1.0,0.5341093990306797,1,1,-0.20963365751196925,0.1738376662016385,0
0.4,2,0.02,9,51,0.9999999599267863,0.7999319650277719,1.0,0.48,0,1,0,1,0.9810001287830727,0.6447283861029934,1,1,0.2540390669801408,0.17937589211313473,0
0.4,2,0.02,10,52,0.9999999999999987,0.9260723509911579,1.0,1.0,0,0,0,0,1.0,0.8353372216381153,0,0,0.009472211481552289,0.06478733528878348,0
0.4,2,0.02,11,53,0.999999999999997,0.9996675847814498,1.0,0.91,0,0,0,1,1.0,1.0,1,0,-0.008699320932959985,0.05938772125592846,0
0.4,2,0.02,12,54,0.9999999999999822,0.9999853603763768,1.0,1.0,0,0,0,0,0.9806969093240255,0.9764308216434694,0,0,0.3109813634415609,0.028685382427375013,0
0.4,2,0.02,13,55,0.9999999999999984,0.994877250434785,1.0,1.0,0,0,0,0,1.0,0.9988823797770484,0,0,0.6281771131814387,0.01609330299432121,0
0.4,2,0.02,14,56,0.9999999999999981,0.9143083283852046,1.0,1.0,0,0,0,0,1.0,0.793110671960363,0,0,0.1146658876175147,0.06509855806811692,0
0.4,2,0.02,15,57,0.9994946920014077,0.9960038818097731,1.0,1.0,0,0,0,0,1.0,0.9406262727429782,0,0,0.5331251101019792,0.020440868421900692,0
0.4,2,0.02,16,58,0.9999999999999989,0.9775941107876631,1.0,0.89,0,0,0,1,1.0,0.9579434800375026,1,0,-0.21071501423612612,0.11709493595673369,0
0.4,2,0.02,17,59,0.9999920062196747,0.9916413528970321,1.0,1.0,0,0,0,0,1.0,0.9646074383612907,0,0,0.306032207880793,0.0649264408368842,0
0.4,2,0.02,18,60,0.9999999999999987,0.7289150428130111,1.0,0.94,0,1,0,0,0.9593452880294626,0.5680520243059468,1,1,-0.11136443645656179,0.09542807117781349,0
0.4,2,0.02,19,61,0.99999617389527,0.9767100399959276,1.0,1.0,0,0,0,0,1.0,0.9039832045277949,0,0,-0.09207605743859547,0.08499616525318088,0
0.4,2,0.05,0,42,0.9999999999999979,0.9854187439563495,1.0,1.0,0,0,0,0,1.0,0.9758976566015574,0,0,0.8568021502687663,0.007875242234329881,0
0.4,2,0.05,1,43,0.986325564568655,0.9923030774394599,1.0,1.0,0,0,0,0,0.9544708293284639,1.0,0,0,0.6417975750938806,0.012389977397133661,0
0.4,2,0.05,2,44,0.9999999962524274,0.9999798465541994,1.0,1.0,0,0,0,0,1.0,1.0,0,0,0.7606192400662983,0.010568813855924262,0
0.4,2,0.05,3,45,0.9999999999999989,0.9999982854700733,1.0,1.0,0,0,0,0,1.0,1.0,0,0,0.6066531639790497,0.015271109461715091,0
0.4,2,0.05,4,46,0.9999999999220679,0.9917180017136845,1.0,1.0,0,0,0,0,1.0,1.0,0,0,0.6306653882130562,0.010081058280821127,0
0.4,2,0.05,5,47,0.9999999999999981,0.9958262431793958,1.0,1.0,0,0,0,0,1.0,1.0,0,0,0.7788304680181051,0.011690229495462444,0
0.4,2,0.05,6,48,0.9999999999996364,0.9999996411641352,1.0,0.97,0,0,0,1,1.0,1.0,1,0,0.13730641399811186,0.04015812897102292,0
0.4,2,0.05,7,49,0.999999999999998,0.9994953024730243,1.0,1.0,0,0,0,0,1.0,1.0,0,0,0.5032471503183874,0.013765611090644366,0
0.4,2,0.05,8,50,0.999999999999321,0.9521127551300109,1.0,1.0,0,0,0,0,1.0,0.972940806153492,0,0,0.1251487846432317,0.051487368862674604,0
0.4,2,0.05,9,51,0.999999999620918,0.9321672811318902,1.0,1.0,0,0,0,0,1.0,0.9083989017450863,0,0,0.2914336749968863,0.05329225218164488,0
0.4,2,0.05,10,52,0.9999999999999987,0.996096702454574,1.0,1.0,0,0,0,0,1.0,1.0,0,0,0.8354355985742818,0.008421102485978726,0
0.4,2,0.05,11,53,0.9999999999999976,0.9999858907052176,1.0,1.0,0,0,0,0,1.0,1.0,0,0,0.3982589394653667,0.017363235729188454,0
0.4,2,0.05,12,54,0.9999999999999967,0.9999999747784505,1.0,1.0,0,0,0,0,1.0,1.0,0,0,0.7928422305053221,0.005994497660861073,0
0.4,2,0.05,13,55,0.9999999999999986,0.9999998955226557,1.0,1.0,0,0,0,0,1.0,1.0,0,0,0.9971464243443725,0.0014439338382076683,0
0.4,2,0.05,14,56,0.9999999999999987,0.960435600740371,1.0,1.0,0,0,0,0,1.0,0.9531455309015934,0,0,0.9001604892334616,0.005546056503202437,0
0.4,2,0.05,15,57,0.9999999999999961,0.999999999999999,1.0,1.0,0,0,0,0,1.0,1.0,0,0,0.9233812256243624,0.006329771296809179,0
0.4,2,0.05,16,58,0.9999999999999989,0.9992971734424738,1.0,1.0,0,0,0,0,1.0,1.0,0,0,0.4057213294632474,0.023914378571610887,0
0.4,2,0.05,17,59,0.9999988770767462,0.999611878981112,1.0,1.0,0,0,0,0,1.0,1.0,0,0,0.84832681315431,0.012656988817060778,0
0.4,2,0.05,18,60,0.9999999999999987,0.8872234484914263,1.0,1.0,0,0,0,0,1.0,0.8521020074060515,0,0,0.4679353873877376,0.016703963129399414,0
0.4,2,0.05,19,61,0.999999561026133,0.9999909892336531,1.0,1.0,0,0,0,0,1.0,1.0,0,0,0.6573862813312956,0.013485147529327592,0
0.4,2,0.1,0,42,0.9999999999999986,0.9854188285885757,1.0,1.0,0,0,0,0,1.0,1.0,0,0,0.9325099767003019,0.00497737513699543,0
0.4,2,0.1,1,43,0.9879232203106054,0.9965756940724452,1.0,1.0,0,0,0,0,1.0,1.0,0,0,0.851038888223259,0.007680738462762202,0
0.4,2,0.1,2,44,0.99999999684198,0.9999889701318707,1.0,1.0,0,0,0,0,1.0,1.0,0,0,0.8963052144375014,0.006362004973610518,0
0.4,2,0.1,3,45,0.9999999999999989,0.9999991199568983,1.0,1.0,0,0,0,0,1.0,1.0,0,0,0.8288129314990088,0.008284262108976153,0
0.4,2,0.1,4,46,0.9999999999286064,0.9979741067683389,1.0,1.0,0,0,0,0,1.0,1.0,0,0,0.8681107378864706,0.005482080583942291,0
0.4,2,0.1,5,47,0.9999999999999982,0.9973112067889301,1.0,1.0,0,0,0,0,1.0,1.0,0,0,0.8905460473334689,0.007894783166915149,0
0.4,2,0.1,6,48,0.9999999999996317,0.999999931045853,1.0,1.0,0,0,0,0,1.0,1.0,0,0,0.4255602738782664,0.01706701249545303,0
0.4,2,0.1,7,49,0.9999999999999982,0.9995653910722925,1.0,1.0,0,0,0,0,1.0,1.0,0,0,0.7882755869222621,0.0068756873006349285,0
0.4,2,0.1,8,50,0.999999999999373,0.988160801805593,1.0,1.0,0,0,0,0,1.0,1.0,0,0,0.6414110291858711,0.018230550503078174,0
0.4,2,0.1,9,51,0.9999999996114955,0.9691964413629011,1.0,1.0,0,0,0,0,1.0,1.0,0,0,0.7078069153361713,0.02114160662118257,0
0.4,2,0.1,10,52,0.9999999999999987,0.9967116575782161,1.0,1.0,0,0,0,0,1.0,1.0,0,0,0.9232608819738022,0.0054855985786535465,0
0.4,2,0.1,11,53,0.999999999999998,0.9999939156503385,1.0,1.0,0,0,0,0,1.0,1.0,0,0,0.7637800674911693,0.008178562835416877,0
0.4,2,0.1,12,54,0.9999999999999967,0.999999991152889,1.0,1.0,0,0,0,0,1.0,1.0,0,0,0.9242204280144323,0.003384785054183599,0
0.4,2,0.1,13,55,0.9999999999999986,0.9999998955226472,1.0,1.0,0,0,0,0,1.0,1.0,0,0,0.9964870187592928,0.001645392890928734,0
0.4,2,0.1,14,56,0.9999999999999987,0.9821087382405523,1.0,1.0,0,0,0,0,1.0,1.0,0,0,0.9520174637043435,0.0037823066299637865,0
0.4,2,0.1,15,57,0.999999999999997,0.999999999999999,1.0,1.0,0,0,0,0,1.0,1.0,0,0,0.9480858464417524,0.005259719096319307,0
0.4,2,0.1,16,58,0.9999999999999989,0.999803566733971,1.0,1.0,0,0,0,0,1.0,1.0,0,0,0.7432207774497227,0.011308572768213518,0
0.4,2,0.1,17,59,0.9999988781860638,0.999925060118685,1.0,1.0,0,0,0,0,1.0,1.0,0,0,0.9566382938282012,0.005185958049085233,0
0.4,2,0.1,18,60,0.9999999999999987,0.9655960815500136,1.0,1.0,0,0,0,0,1.0,1.0,0,0,0.7233446150556082,0.010385674932488351,0
0.4,2,0.1,19,61,0.9999995266920736,0.9999964919611746,1.0,1.0,0,0,0,0,1.0,1.0,0,0,0.8586334768683218,0.00788379566351991,0
0.4,2,0.2,0,42,0.9999999999999988,0.9854188285885735,1.0,1.0,0,0,0,0,1.0,1.0,0,0,0.9369466741328235,0.004622128155690265,0
0.4,2,0.2,1,43,0.9879232202934436,0.9965756939105059,1.0,1.0,0,0,0,0,1.0,1.0,0,0,0.8511133037275125,0.007681372434856978,0
0.4,2,0.2,2,44,0.99999999684198,0.9999889701318706,1.0,1.0,0,0,0,0,1.0,1.0,0,0,0.8961642511069671,0.006351556541613176,0
0.4,2,0.2,3,45,0.9999999999999989,0.9999991215543833,1.0,1.0,0,0,0,0,1.0,1.0,0,0,0.8379638223086093,0.008123624969530119,0
0.4,2,0.2,4,46,0.9999999999286064,0.9979741067683389,1.0,1.0,0,0,0,0,1.0,1.0,0,0,0.8681107378864706,0.005482080583942291,0
0.4,2,0.2,5,47,0.9999999999999984,0.9973112067889142,1.0,1.0,0,0,0,0,1.0,1.0,0,0,0.8955419354061225,0.007736767138425625,0
0.4,2,0.2,6,48,0.9999999999996317,0.9999999309209077,1.0,1.0,0,0,0,0,1.0,1.0,0,0,0.4971483617991372,0.015310349750583638,0
0.4,2,0.2,7,49,0.9999999999999984,0.9995653895055395,1.0,1.0,0,0,0,0,1.0,1.0,0,0,0.7998611400719635,0.006573892762321245,0
0.4,2,0.2,8,50,0.999999999999373,0.9881605655766772,1.0,1.0,0,0,0,0,1.0,1.0,0,0,0.6272619637574263,0.017818489566671668,0
0.4,2,0.2,9,51,0.9999999996114847,0.9691964413623604,1.0,1.0,0,0,0,0,1.0,1.0,0,0,0.7209823131672763,0.019841052464188307,0
0.4,2,0.2,10,52,0.9999999999999987,0.9967116575782161,1.0,1.0,0,0,0,0,1.0,1.0,0,0,0.9232608819738022,0.0054855985786535465,0
0.4,2,0.2,11,53,0.9999999999999982,0.9999939156495972,1.0,1.0,0,0,0,0,1.0,1.0,0,0,0.777892414741549,0.00765779846747667,0
0.4,2,0.2,12,54,0.9999999999999967,0.9999999911528883,1.0,1.0,0,0,0,0,1.0,1.0,0,0,0.9233093957071484,0.0034515264829004843,0
0.4,2,0.2,13,55,0.9999999999999986,0.9999998955226472,1.0,1.0,0,0,0,0,1.0,1.0,0,0,0.9964870187592928,0.001645392890928734,0
0.4,2,0.2,14,56,0.9999999999999987,0.9821087382405523,1.0,1.0,0,0,0,0,1.0,1.0,0,0,0.9520174637043435,0.0037823066299637865,0
0.4,2,0.2,15,57,0.9999999999999976,0.999999999999999,1.0,1.0,0,0,0,0,1.0,1.0,0,0,0.9667614654874019,0.0043920259010277185,0
0.4,2,0.2,16,58,0.9999999999999989,0.999803566733971,1.0,1.0,0,0,0,0,1.0,1.0,0,0,0.7432207774497227,0.011308572768213518,0
0.4,2,0.2,17,59,0.9999988781860608,0.999925060118609,1.0,1.0,0,0,0,0,1.0,1.0,0,0,0.9528428305695935,0.004631480192731032,0
0.4,2,0.2,18,60,0.9999999999999987,0.9678732603582403,1.0,1.0,0,0,0,0,1.0,1.0,0,0,0.741628525276667,0.01018432825492837,0
0.4,2,0.2,19,61,0.9999995266920736,0.9999964919611746,1.0,1.0,0,0,0,0,1.0,1.0,0,0,0.8586334768683218,0.00788379566351991,0
0.6,0,0.0,0,42,0.9999999999999949,0.8282707618746457,1.0,0.88,0,0,0,1,0.9604372431015752,0.6542453646319507,1,0,-0.4622554113045708,0.14123619591714884,0
0.6,0,0.0,1,43,0.9781286240220695,0.7924015180038351,1.0,0.78,0,1,0,1,0.8466438736744976,0.64277610002041,1,1,-0.07729337157902107,0.1478429207687903,0
0.6,0,0.0,2,44,0.9967296319351472,0.9049626602064732,1.0,0.7,0,0,0,1,0.8796291717903376,0.7607338629997747,1,0,-0.18642000494219038,0.14945845463354634,0
0.6,0,0.0,3,45,0.9999999254776819,0.9686742803812332,1.0,0.62,0,0,0,1,1.0,0.832502383994915,1,0,-0.16897974927414824,0.1510383118141406,0
0.6,0,0.0,4,46,0.9999999940002829,0.8078532397077948,1.0,0.88,0,0,0,1,1.0,0.6873304048431862,1,0,-0.10629665419223344,0.13179008198318987,0
0.6,0,0.0,5,47,0.9999973938000261,0.8011012811049594,1.0,0.63,0,0,0,1,1.0,0.6428638000067142,1,0,-0.6783819867051052,0.15540885858581252,0
0.6,0,0.0,6,48,0.999999878805021,0.8996552292796589,1.0,0.41,0,0,0,1,0.9540137025335856,0.7409282392724822,1,0,-0.06158286567297593,0.2282999723942153,0
0.6,0,0.0,7,49,0.9999999940919103,0.8297848977996423,1.0,0.8,0,0,0,1,0.9849716337621763,0.688138342651564,1,0,-0.1110218429350279,0.14769876318246888,0
0.6,0,0.0,8,50,0.9999999997359226,0.572619287494933,1.0,0.46,0,1,0,1,1.0,0.33880050122573113,1,1,-0.3409951890201048,0.2566884423032188,0
0.6,0,0.0,9,51,0.9790019966895263,0.7218076244063262,1.0,0.39,0,1,0,1,0.8170637760969877,0.5071405977213083,1,1,0.48616393896044274,0.23759578464295075,0
0.6,0,0.0,10,52,0.9999999999999986,0.8466194212296573,1.0,0.71,0,0,0,1,0.9956514414742971,0.694050777410671,1,0,-0.28635599101716996,0.14247139703173706,0
0.6,0,0.0,11,53,0.9999999999999961,0.9586797302372642,1.0,0.8,0,0,0,1,0.9374439551137778,0.8297763877292046,1,0,-0.2625498455993712,0.1378441224737887,0
0.6,0,0.0,12,54,0.9962748221774439,0.9270040906631946,1.0,0.9,0,0,0,1,0.8659970769549711,0.7669509211204623,1,0,0.055720920500455184,0.08321446968476857,0
0.6,0,0.0,13,55,0.9999999610459119,0.918152146313928,1.0,1.0,0,0,0,0,0.986001194959441,0.8012804817398101,0,0,-0.05830197637470059,0.09168572052174571,0
0.6,0,0.0,14,56,0.9999999999999938,0.7885699949162018,1.0,0.72,0,1,0,1,0.897948400781066,0.5898519021446808,1,1,-0.18913989116133964,0.1437201844195359,0
0.6,0,0.0,15,57,0.977628917904098,0.8921928710876704,1.0,1.0,0,0,0,0,0.8260263819762671,0.7500251143073776,0,0,-0.19361504070283095,0.08815589704747943,0
0.6,0,0.0,16,58,0.9999999757484106,0.895474545638491,1.0,0.42,0,0,0,1,1.0,0.7880104326832391,1,0,-0.4192896233605689,0.19876153803825802,0
0.6,0,0.0,17,59,0.9999538083137246,0.9114300823970216,1.0,0.77,0,0,0,1,1.0,0.7858515136363095,1,0,-0.08411929460130509,0.13134617035054535,0
0.6,0,0.0,18,60,0.9966486547374109,0.6334247770728543,1.0,0.47,0,1,0,1,0.8641965680350058,0.38784099093448376,1,1,-0.1907771328485466,0.1643156971586372,0
0.6,0,0.0,19,61,0.999961432394562,0.8805081542897588,1.0,0.63,0,0,0,1,1.0,0.7278413614756342,1,0,-0.33219739551994404,0.161867250545527,0
0.6,0,0.01,0,42,0.9999999999999963,0.8767384368119421,1.0,1.0,0,0,0,0,0.9677292751115125,0.7284309954530682,0,0,-0.16254059794660003,0.09798084636827192,0
0.6,0,0.01,1,43,0.9817668062890095,0.8533223880039488,1.0,0.9,0,0,0,1,0.8742025859287492,0.7347142122670454,1,0,0.04941884502384459,0.10520650575449812,0
0.6,0,0.01,2,44,0.9993999148518294,0.9569653968579315,1.0,0.95,0,0,0,1,0.9333650719460479,0.8512760474888558,1,0,-0.05486411109887849,0.10060565179117587,0
0.6,0,0.01,3,45,0.999999999999999,0.9997283081999879,1.0,0.89,0,0,0,1,1.0,0.9466320540260356,1,0,-0.034912203362076316,0.09924228360617132,0
0.6,0,0.01,4,46,0.9999999982564945,0.8733374356573096,1.0,0.93,0,0,0,1,1.0,0.7877855159801768,1,0,-0.01749158836717082,0.0868502312511373,0
0.6,0,0.01,5,47,0.9999999999739008,0.8530392061799307,1.0,0.96,0,0,0,1,1.0,0.7218285164632047,1,0,-0.5510640324995071,0.11623987498963033,0
0.6,0,0.01,6,48,0.9999999996350145,0.9806668555475597,1.0,0.58,0,0,0,1,1.0,0.8774647203048794,1,0,-0.20872130757944551,0.1731231454734101,0
0.6,0,0.01,7,49,0.9999999988120458,0.8805873957121152,1.0,0.93,0,0,0,1,1.0,0.764533615850918,1,0,-0.02013850176073717,0.09994971196455892,0
0.6,0,0.01,8,50,0.9999999999969549,0.661477798925272,1.0,0.57,0,1,0,1,1.0,0.48980197229650163,1,1,-0.2563973346857494,0.20259890956879123,0
0.6,0,0.01,9,51,0.9991932284323649,0.7676539016403344,1.0,0.45,0,1,0,1,0.9044256885933128,0.5889494258581079,1,1,0.4726704735060901,0.19342053474259785,0
0.6,0,0.01,10,52,0.9999999999999987,0.9016921216847379,1.0,1.0,0,0,0,0,1.0,0.7728367748935018,0,0,-0.07674985139414905,0.0884557106377509,0
0.6,0,0.01,11,53,0.9999999999999968,0.9975489775427246,1.0,0.89,0,0,0,1,1.0,0.9574065878006707,1,0,-0.09370282535408715,0.08558801132592755,0
0.6,0,0.01,12,54,0.9996621319755868,0.9939705494834954,1.0,1.0,0,0,0,0,0.9209918128296019,0.9174846605248109,0,0,0.28502756834899057,0.043413214129105614,0
0.6,0,0.01,13,55,0.9999999994807911,0.9873899216071741,1.0,1.0,0,0,0,0,1.0,0.9279164921084326,0,0,0.325289952229201,0.04439713802270217,0
0.6,0,0.01,14,56,0.9999999999999967,0.8560456445116105,1.0,1.0,0,0,0,0,0.9724811962165494,0.688045309237647,0,0,0.032533829544429786,0.09358234650172553,0
0.6,0,0.01,15,57,0.9977567557503799,0.9673551546894895,1.0,1.0,0,0,0,0,0.9167577433714179,0.8607541515285059,0,0,0.12246423996020983,0.04657493279245659,0
0.6,0,0.01,16,58,0.9999999999999989,0.9626355392609031,1.0,0.74,0,0,0,1,1.0,0.8847639697759756,1,0,-0.2797510032994877,0.14255774717810887,0
0.6,0,0.01,17,59,0.9999830858669716,0.9745950424686162,1.0,0.94,0,0,0,1,1.0,0.8891588404230253,1,0,0.19303500391706255,0.09087688421467281,0
0.6,0,0.01,18,60,0.999857709345632,0.6948000005563552,1.0,0.85,0,1,0,1,0.9135692286988607,0.4974271522457832,1,1,-0.14701784353251648,0.11316721267700243,0
0.6,0,0.01,19,61,0.9999971964104936,0.9356848133272168,1.0,0.98,0,0,0,1,1.0,0.816070502015462,1,0,-0.18275220842279954,0.10997914720781482,0
0.6,0,0.02,0,42,0.9999999999999974,0.9728833584996521,1.0,1.0,0,0,0,0,0.9776141990167839,0.886529281359312,0,0,0.31403789734423326,0.03913144503015278,0
0.6,0,0.02,1,43,0.9835046153346332,0.9082687071001235,1.0,1.0,0,0,0,0,0.8925199816652963,0.8166893134315438,0,0,0.2661165197514452,0.05210801387597564,0
0.6,0,0.02,2,44,0.9999999782250754,0.9990579804041488,1.0,1.0,0,0,0,0,0.9883762451637086,0.9994283883053389,0,0,0.12709638653766955,0.05491225458391587,0
0.6,0,0.02,3,45,0.999999999999999,0.9999757658664062,1.0,1.0,0,0,0,0,1.0,0.9893196452141443,0,0,0.13267125513075015,0.05482339463614428,0
0.6,0,0.02,4,46,0.999999999241903,0.9390520318440266,1.0,1.0,0,0,0,0,1.0,0.882706114283881,0,0,0.26260811640837234,0.036171765911565554,0
0.6,0,0.02,5,47,0.9999999999997767,0.9202997978766567,1.0,1.0,0,0,0,0,1.0,0.8223524448400918,0,0,-0.09880511265524226,0.07411021303716323,0
0.6,0,0.02,6,48,0.9999999999147282,0.9999580238090267,1.0,0.73,0,0,0,1,1.0,0.9820483759371371,1,0,-0.11745936542145902,0.11883310431367965,0
0.6,0,0.02,7,49,0.9999999999555415,0.9435127815575464,1.0,1.0,0,0,0,0,1.0,0.8646806141788012,0,0,0.22201739355730618,0.047628781098585794,0
0.6,0,0.02,8,50,0.9999999999982989,0.7581746865568828,1.0,0.67,0,1,0,0,1.0,0.6496202202117323,1,1,-0.14313936140230332,0.1388399614997596,0
0.6,0,0.02,9,51,0.9999999768070914,0.8435465603254204,1.0,0.62,0,0,0,1,0.9944418631724328,0.6986557409268017,1,0,0.20873616106428666,0.14134130969941683,0
0.6,0,0.02,10,52,0.9999999999999988,0.9611253110560163,1.0,1.0,0,0,0,0,1.0,0.8857754703831201,0,0,0.12231130640172187,0.04692629954065297,0
0.6,0,0.02,11,53,0.9999999999999972,0.9999310144163918,1.0,0.95,0,0,0,1,1.0,1.0,1,0,0.09459209792304195,0.04275741065499795,0
0.6,0,0.02,12,54,0.9999999999999915,0.9999989433108232,1.0,1.0,0,0,0,0,0.9788385196957335,0.9722025667645985,0,0,0.4187648909818104,0.02242020789673038,0
0.6,0,0.02,13,55,0.9999999999999986,0.9979377803560601,1.0,1.0,0,0,0,0,1.0,1.0,0,0,0.8096040471191153,0.009507586390562978,0
0.6,0,0.02,14,56,0.9999999999999986,0.9335161837743128,1.0,1.0,0,0,0,0,1.0,0.8281109268285786,0,0,0.2150469220885036,0.04687541735772829,0
0.6,0,0.02,15,57,0.9999385183204536,0.9998603838811108,1.0,1.0,0,0,0,0,1.0,1.0,0,0,0.8983916511237687,0.008450676077119683,0
0.6,0,0.02,16,58,0.999999999999999,0.9936551540555112,1.0,0.97,0,0,0,1,1.0,1.0,1,0,-0.09864615173703979,0.09010463062729795,0
0.6,0,0.02,17,59,0.9999923127857431,0.9971626261118433,1.0,1.0,0,0,0,0,1.0,1.0,0,0,0.45023461186030506,0.04942521451475329,0
0.6,0,0.02,18,60,0.9999999999999987,0.754061557178835,1.0,0.95,0,1,0,0,0.9600499851075329,0.6016947771245035,1,1,-0.027589351204734734,0.07305923736516505,0
0.6,0,0.02,19,61,0.9999984436591824,0.9997670027210944,1.0,1.0,0,0,0,0,1.0,0.979470107263176,0,0,0.03747080996956412,0.06116881190004861,0
0.6,0,0.05,0,42,0.9999999999999988,0.9873340026123382,1.0,1.0,0,0,0,0,1.0,0.9775932441856954,0,0,0.9143987458531156,0.0052644518890454985,0
0.6,0,0.05,1,43,0.9895261611933058,0.9945620332913829,1.0,1.0,0,0,0,0,0.960883589247035,1.0,0,0,0.6614429787448785,0.010868682773018971,0
0.6,0,0.05,2,44,0.9999999968876209,0.9999888663812362,1.0,1.0,0,0,0,0,1.0,1.0,0,0,0.835634645405703,0.007284079872081595,0
0.6,0,0.05,3,45,0.999999999999999,0.9999988026316832,1.0,1.0,0,0,0,0,1.0,1.0,0,0,0.6376421267404234,0.012039277046519565,0
0.6,0,0.05,4,46,0.9999999999204989,0.9945033481768574,1.0,1.0,0,0,0,0,1.0,1.0,0,0,0.7100755112702323,0.008095917606520689,0
0.6,0,0.05,5,47,0.9999999999999987,0.9972939257674991,1.0,1.0,0,0,0,0,1.0,1.0,0,0,0.868145698923826,0.007881451900287419,0
0.6,0,0.05,6,48,0.9999999999166785,0.9999997733467816,1.0,1.0,0,0,0,0,1.0,1.0,0,0,0.196350176903347,0.030077311249180904,0
0.6,0,0.05,7,49,0.9999999999999987,0.9999153615801228,1.0,1.0,0,0,0,0,1.0,1.0,0,0,0.5440781342442071,0.010667856150788907,0
0.6,0,0.05,8,50,0.9999999999995539,0.9853949333442581,1.0,1.0,0,0,0,0,1.0,1.0,0,0,0.2186820069608975,0.03659329419668463,0
0.6,0,0.05,9,51,0.9999999998013528,0.9450063273755315,1.0,1.0,0,0,0,0,1.0,0.9315192312385089,0,0,0.33716280371397805,0.04031360557064823,0
0.6,0,0.05,10,52,0.9999999999999989,0.9985072194751046,1.0,1.0,0,0,0,0,1.0,1.0,0,0,0.8848055834844902,0.006003185095067686,0
0.6,0,0.05,11,53,0.9999999999999984,0.9999929017828932,1.0,1.0,0,0,0,0,1.0,1.0,0,0,0.48675355507501356,0.01310547662544429,0
0.6,0,0.05,12,54,0.9999999999999972,0.9999999827146434,1.0,1.0,0,0,0,0,1.0,1.0,0,0,0.8269909572070324,0.004758483507019917,0
0.6,0,0.05,13,55,0.9999999999999988,0.9999999857968191,1.0,1.0,0,0,0,0,1.0,1.0,0,0,0.9991583288894307,0.0010694378678521765,0
0.6,0,0.05,14,56,0.9999999999999988,0.9724158413716615,1.0,1.0,0,0,0,0,1.0,0.9734890840056551,0,0,0.9398247484956802,0.003698567594917208,0
0.6,0,0.05,15,57,0.9999999999999971,0.999999999999999,1.0,1.0,0,0,0,0,1.0,1.0,0,0,0.9584899778893805,0.00469853176796342,0
0.6,0,0.05,16,58,0.999999999999999,0.9995738448902397,1.0,1.0,0,0,0,0,1.0,1.0,0,0,0.5163291748583425,0.017996399483947392,0
0.6,0,0.05,17,59,0.9999989428568226,0.9998178518139957,1.0,1.0,0,0,0,0,1.0,1.0,0,0,0.8994382256942013,0.008839575254237115,0
0.6,0,0.05,18,60,0.9999999999999989,0.8970035074211856,1.0,1.0,0,0,0,0,1.0,0.8663187568031141,0,0,0.5193502496815592,0.012784336446395341,0
0.6,0,0.05,19,61,0.9999999999999989,0.999993920794926,1.0,1.0,0,0,0,0,1.0,1.0,0,0,0.777522667749736,0.009271797545840697,0
0.6,0,0.1,0,42,0.999999999999999,0.9873342062284539,1.0,1.0,0,0,0,0,1.0,1.0,0,0,0.9506059114026146,0.0037138154054862592,0
0.6,0,0.1,1,43,0.9904882403422242,0.9973818784833598,1.0,1.0,0,0,0,0,1.0,1.0,0,0,0.8495788801886237,0.00648018019367628,0
0.6,0,0.1,2,44,0.999999997536064,0.9999936136647098,1.0,1.0,0,0,0,0,1.0,1.0,0,0,0.9193388155245564,0.004924588430173457,0
0.6,0,0.1,3,45,0.999999999999999,0.9999993336195584,1.0,1.0,0,0,0,0,1.0,1.0,0,0,0.8295970961079054,0.006545588469226701,0
0.6,0,0.1,4,46,0.9999999999354346,0.9982955098493371,1.0,1.0,0,0,0,0,1.0,1.0,0,0,0.8842666536761842,0.004573123259262278,0
0.6,0,0.1,5,47,0.999999999999999,0.9978668140256217,1.0,1.0,0,0,0,0,1.0,1.0,0,0,0.9413102501909836,0.0049356181959119534,0
0.6,0,0.1,6,48,0.9999999998436138,0.9999999398683521,1.0,1.0,0,0,0,0,1.0,1.0,0,0,0.47811006945028944,0.014199590429202252,0
0.6,0,0.1,7,49,0.999999999999999,0.9999381078912365,1.0,1.0,0,0,0,0,1.0,1.0,0,0,0.8222492385653056,0.004625147032249212,0
0.6,0,0.1,8,50,0.9999999999995605,0.9927022832385726,1.0,1.0,0,0,0,0,1.0,1.0,0,0,0.6565291444982853,0.014260173351211746,0
0.6,0,0.1,9,51,0.9999999997961242,0.9779064554842032,1.0,1.0,0,0,0,0,1.0,1.0,0,0,0.6764032380138839,0.016602463796454185,0
0.6,0,0.1,10,52,0.999999999999999,0.9985344889421394,1.0,1.0,0,0,0,0,1.0,1.0,0,0,0.9377709483111356,0.004194214743534841,0
0.6,0,0.1,11,53,0.9999999999999989,0.9999959234268376,1.0,1.0,0,0,0,0,1.0,1.0,0,0,0.8034934923590228,0.005915098714154783,0
0.6,0,0.1,12,54,0.9999999999999972,0.9999999932126344,1.0,1.0,0,0,0,0,1.0,1.0,0,0,0.9317866526660922,0.002936374241633857,0
0.6,0,0.1,13,55,0.9999999999999989,0.9999999857968189,1.0,1.0,0,0,0,0,1.0,1.0,0,0,0.9989968150902155,0.0010506989377115105,0
0.6,0,0.1,14,56,0.9999999999999989,0.9870420527662116,1.0,1.0,0,0,0,0,1.0,1.0,0,0,0.9626262735457887,0.0029772642670834928,0
0.6,0,0.1,15,57,0.9999999999999983,0.999999999999999,1.0,1.0,0,0,0,0,1.0,1.0,0,0,0.9917851262327987,0.0026928234522360537,0
0.6,0,0.1,16,58,0.999999999999999,0.999865775436625,1.0,1.0,0,0,0,0,1.0,1.0,0,0,0.7902954286899098,0.009052440035688638,0
0.6,0,0.1,17,59,0.9999990394591433,0.9999515663744446,1.0,1.0,0,0,0,0,1.0,1.0,0,0,0.9599324169311946,0.0038794925429051384,0
0.6,0,0.1,18,60,0.999999999999999,0.9721325341767736,1.0,1.0,0,0,0,0,1.0,1.0,0,0,0.7564267343144817,0.00795078794465907,0
0.6,0,0.1,19,61,0.999999999999999,0.999997164480569,1.0,1.0,0,0,0,0,1.0,1.0,0,0,0.9044799343990617,0.005685475334078503,0
0.6,0,0.2,0,42,0.999999999999999,0.9873342062284539,1.0,1.0,0,0,0,0,1.0,1.0,0,0,0.9500541195137794,0.0037357629799428427,0
0.6,0,0.2,1,43,0.9904882403415922,0.997381878476888,1.0,1.0,0,0,0,0,1.0,1.0,0,0,0.8475424709287828,0.006144765717215332,0
0.6,0,0.2,2,44,0.999999997536064,0.9999936136647098,1.0,1.0,0,0,0,0,1.0,1.0,0,0,0.9164458551071615,0.005028091915753603,0
0.6,0,0.2,3,45,0.999999999999999,0.9999993356245102,1.0,1.0,0,0,0,0,1.0,1.0,0,0,0.8293835244264584,0.0066036479823339865,0
0.6,0,0.2,4,46,0.9999999999354346,0.9982955098493371,1.0,1.0,0,0,0,0,1.0,1.0,0,0,0.8842666536761842,0.004573123259262278,0
0.6,0,0.2,5,47,0.999999999999999,0.9978668140256216,1.0,1.0,0,0,0,0,1.0,1.0,0,0,0.9414990065742146,0.004888874570831972,0
0.6,0,0.2,6,48,0.9999999998401918,0.9999999398597095,1.0,1.0,0,0,0,0,1.0,1.0,0,0,0.5484729087950622,0.012667887112829034,0
0.6,0,0.2,7,49,0.999999999999999,0.9999381078573325,1.0,1.0,0,0,0,0,1.0,1.0,0,0,0.8363319987371013,0.0043771066076777445,0
0.6,0,0.2,8,50,0.9999999999995605,0.9927022368579758,1.0,1.0,0,0,0,0,1.0,1.0,0,0,0.6443835133696779,0.014318073764227699,0
0.6,0,0.2,9,51,0.9999999997961216,0.9779064554842838,1.0,1.0,0,0,0,0,1.0,1.0,0,0,0.671677481411266,0.015034289373059668,0
0.6,0,0.2,10,52,0.999999999999999,0.9985344889421394,1.0,1.0,0,0,0,0,1.0,1.0,0,0,0.9383583013097063,0.00407057603051845,0
0.6,0,0.2,11,53,0.999999999999999,0.9999959234268292,1.0,1.0,0,0,0,0,1.0,1.0,0,0,0.8045163494682281,0.005584502396429389,0
0.6,0,0.2,12,54,0.9999999999999972,0.9999999932126344,1.0,1.0,0,0,0,0,1.0,1.0,0,0,0.9310558932201368,0.0028489129464829123,0
0.6,0,0.2,13,55,0.999999999999999,0.9999999857968189,1.0,1.0,0,0,0,0,1.0,1.0,0,0,0.9999733550969372,0.0007307142591977644,0
0.6,0,0.2,14,56,0.999999999999999,0.9870420527662115,1.0,1.0,0,0,0,0,1.0,1.0,0,0,0.9602836754270653,0.002930921322893767,0
0.6,0,0.2,15,57,0.9999999999999987,0.999999999999999,1.0,1.0,0,0,0,0,1.0,1.0,0,0,0.9982462166251455,0.001966618446543058,0
0.6,0,0.2,16,58,0.999999999999999,0.999865775436625,1.0,1.0,0,0,0,0,1.0,1.0,0,0,0.7902954286899098,0.009052440035688638,0
0.6,0,0.2,17,59,0.9999990394591435,0.9999515663744428,1.0,1.0,0,0,0,0,1.0,1.0,0,0,0.9468735159583264,0.003842258515380467,0
0.6,0,0.2,18,60,0.999999999999999,0.9736837369802546,1.0,1.0,0,0,0,0,1.0,1.0,0,0,0.7704883104408804,0.007802014831290187,0
0.6,0,0.2,19,61,0.999999999999999,0.999997164480569,1.0,1.0,0,0,0,0,1.0,1.0,0,0,0.9050486060780953,0.005579872310827667,0
0.6,1,0.0,0,42,0.999999999999995,0.8027834704928623,1.0,0.68,0,0,0,1,0.9583684088940607,0.6255126484846933,1,0,-0.635400724680586,0.16782627293095476,0
0.6,1,0.0,1,43,0.9726746332361961,0.7646159159313236,1.0,0.56,0,1,0,1,0.8276551546224011,0.6025493087075231,1,1,-0.18024326802240298,0.1758496305665062,0
0.6,1,0.0,2,44,0.9881231496151238,0.8766993501139126,1.0,0.41,0,0,0,1,0.8356827270155227,0.7358153549901062,1,0,-0.2518804474669783,0.18060339442252787,0
0.6,1,0.0,3,45,0.9999986240165212,0.9384373789376278,1.0,0.52,0,0,0,1,1.0,0.7815086006807346,1,0,-0.24372648682069784,0.18537996192614392,0
0.6,1,0.0,4,46,0.9999999905687705,0.7579652449055341,1.0,0.78,0,1,0,1,0.9675036151335172,0.6134572526851438,1,1,-0.1394467834161745,0.1537728037132114,0
0.6,1,0.0,5,47,0.9999807297484221,0.7541939243684451,1.0,0.37,0,1,0,1,0.9934426275341705,0.5788019926288089,1,1,-0.7056026292507483,0.1888132593594623,0
0.6,1,0.0,6,48,0.9999996868169806,0.8753180169496775,1.0,0.31,0,0,0,1,0.9451012135359212,0.7161190502558701,1,0,0.04494129656749259,0.2699862601549243,0
0.6,1,0.0,7,49,0.999999677933401,0.7882152534431088,1.0,0.58,0,1,0,1,0.9798162071699664,0.6354663145140979,1,1,-0.16724382228223228,0.17567450060563608,0
0.6,1,0.0,8,50,0.9999882570197478,0.4975664941695037,1.0,0.36,0,1,0,1,0.9680972159824157,0.22983823000323456,1,1,-0.36916338108532876,0.29242056564296076,0
0.6,1,0.0,9,51,0.9660828451687249,0.6890865123232292,1.0,0.22,0,1,0,1,0.8095278901263027,0.4580349693972202,1,1,0.47812771159358985,0.2771503938819505,0
0.6,1,0.0,10,52,0.9999999999999986,0.7877920068464465,1.0,0.51,0,1,0,1,0.9971979827768686,0.6295809460207646,1,1,-0.3401484365208431,0.17377103493445314,0
0.6,1,0.0,11,53,0.9999999999999961,0.933928144553034,1.0,0.68,0,0,0,1,0.9121205189721096,0.797483847133293,1,0,-0.35581156642173895,0.1677539911756909,0
0.6,1,0.0,12,54,0.9944472867529917,0.907831975628968,1.0,0.83,0,0,0,1,0.8595327428942106,0.744471824231836,1,0,-0.12398379226136579,0.10953698900905673,0
0.6,1,0.0,13,55,0.9999999392242805,0.8887771506029676,1.0,0.96,0,0,0,1,0.9687611291459725,0.769951564731214,1,0,-0.21482599243760564,0.11083647396948734,0
0.6,1,0.0,14,56,0.9999999999997299,0.7651693425131604,1.0,0.63,0,1,0,1,0.8793001028663935,0.55802428086871,1,1,-0.32904015085824007,0.17299843116526778,0
0.6,1,0.0,15,57,0.9667854491197945,0.8634709350582267,1.0,1.0,0,0,0,0,0.818716643701806,0.7166494034934753,0,0,-0.36296821312324806,0.10882535945182786,0
0.6,1,0.0,16,58,0.9999999057577499,0.8336537696913646,1.0,0.22,0,0,0,1,0.9963533964326611,0.7251360957133937,1,0,-0.47842128432038394,0.23971596749120674,0
0.6,1,0.0,17,59,0.9999391151312812,0.8720240692056302,1.0,0.7,0,0,0,1,1.0,0.7496694009937707,1,0,-0.25943470264106844,0.15491552445931245,0
0.6,1,0.0,18,60,0.992684738431931,0.5851103959599929,1.0,0.39,0,1,0,1,0.8451460357797054,0.31589467122205755,1,1,-0.2086946514781031,0.1996451602887695,0
0.6,1,0.0,19,61,0.9998939589767685,0.8502868238870771,1.0,0.37,0,0,0,1,1.0,0.6986258342746363,1,0,-0.3392025657949314,0.1986040097896279,0
0.6,1,0.01,0,42,0.9999999999999961,0.8512082902065465,1.0,0.98,0,0,0,1,0.9659425237305795,0.7016742535531948,1,0,-0.38674171220042547,0.12189286856011046,0
0.6,1,0.01,1,43,0.9790298868020522,0.824043699705051,1.0,0.86,0,0,0,1,0.8665685915732061,0.7044193002234265,1,0,-0.056236480838080166,0.13021021898540794,0
0.6,1,0.01,2,44,0.9986853128610486,0.928904129741752,1.0,0.83,0,0,0,1,0.9247349925161972,0.8137176384181131,1,0,-0.1489315860126067,0.12540422396616488,0
0.6,1,0.01,3,45,0.999999999999999,0.9973604145827063,1.0,0.69,0,0,0,1,1.0,0.9270781557682878,1,0,-0.11865057063468738,0.12585485007315836,0
0.6,1,0.01,4,46,0.9999999975425027,0.827252007185447,1.0,0.89,0,0,0,1,1.0,0.7326606071923042,1,0,-0.1115368053621679,0.11180742416437203,0
0.6,1,0.01,5,47,0.9999999999505226,0.8242549745483717,1.0,0.68,0,0,0,1,1.0,0.6894274629354469,1,0,-0.6753331455332403,0.14242955830169932,0
0.6,1,0.01,6,48,0.9999999803502585,0.9404028868879015,1.0,0.47,0,0,0,1,1.0,0.8183616115564601,1,0,-0.2452208979579396,0.21470110767498846,0
0.6,1,0.01,7,49,0.9999999978127063,0.850783514535407,1.0,0.86,0,0,0,1,0.998360371380417,0.7337161823124362,1,0,-0.1448685593166254,0.12764078749541866,0
0.6,1,0.01,8,50,0.9999999999961553,0.5835266085120945,1.0,0.5,0,1,0,1,1.0,0.3765382728987854,1,1,-0.3034536580968876,0.23846659280822277,0
0.6,1,0.01,9,51,0.9973109114078922,0.7394600666791512,1.0,0.4,0,1,0,1,0.8862645850304907,0.547677457697636,1,1,0.5095686977706663,0.23251046561359742,0
0.6,1,0.01,10,52,0.9999999999999987,0.8713157911563411,1.0,0.81,0,0,0,1,1.0,0.7413181575514183,1,0,-0.18149133246487978,0.11603079732129677,0
0.6,1,0.01,11,53,0.9999999999999967,0.9893860611239939,1.0,0.85,0,0,0,1,0.9926311486486049,0.9069768692127393,1,0,-0.20553754824583165,0.11383997467984941,0
0.6,1,0.01,12,54,0.9989988610152988,0.9738606013687203,1.0,1.0,0,0,0,0,0.913834099515428,0.8656529975892634,0,0,0.14279396581683182,0.05932444270337276,0
0.6,1,0.01,13,55,0.9999999974424568,0.9550046333596146,1.0,1.0,0,0,0,0,1.0,0.8606915682463291,0,0,0.09292339673217015,0.06973176552560383,0
0.6,1,0.01,14,56,0.9999999999999968,0.8201343880274042,1.0,0.86,0,0,0,1,0.963531434469229,0.6448617631180329,1,0,-0.12398571198218829,0.12066807318336412,0
0.6,1,0.01,15,57,0.9945646295543431,0.9248433318545515,1.0,1.0,0,0,0,0,0.8882756625620506,0.7988061949265004,0,0,-0.11443138266535656,0.06758159555928202,0
0.6,1,0.01,16,58,0.9999999968193389,0.921440971161224,1.0,0.54,0,0,0,1,1.0,0.8378609648760377,1,0,-0.36386971123060463,0.17342484138999611,0
0.6,1,0.01,17,59,0.999981731324973,0.9327824604467571,1.0,0.85,0,0,0,1,1.0,0.8348357035369138,1,0,-0.025853232239308074,0.11735045000878593,0
0.6,1,0.01,18,60,0.9993366551118082,0.6612076530767315,1.0,0.62,0,1,0,1,0.897571097730514,0.44668838436161684,1,1,-0.2067571126745486,0.14163884397830712,0
0.6,1,0.01,19,61,0.9999950154750544,0.9009776498453983,1.0,0.77,0,0,0,1,1.0,0.7731241685125558,1,0,-0.2764850223181428,0.13766978800889235,0
0.6,1,0.02,0,42,0.9999999999999972,0.926887928680277,1.0,1.0,0,0,0,0,0.9756543543505908,0.8191648752841251,0,0,0.04655118423555868,0.06698426877920877,0
0.6,1,0.02,1,43,0.9807538665960633,0.8890639837461856,1.0,1.0,0,0,0,0,0.8849548824904665,0.7962984929546463,0,0,0.12538350945500723,0.0778746948164553,0
0.6,1,0.02,2,44,0.9993497331248996,0.9956860948830004,1.0,1.0,0,0,0,0,0.9774369038146078,0.9476889883205589,0,0,0.0008355946476328056,0.07847929754470499,0
0.6,1,0.02,3,45,0.999999999999999,0.9999478763778494,1.0,1.0,0,0,0,0,1.0,0.973162323565732,0,0,0.039886711510794697,0.07369003573356384,0
0.6,1,0.02,4,46,0.9999999991565046,0.8976027848073284,1.0,0.96,0,0,0,1,1.0,0.8338273018279013,1,0,0.08938204007598945,0.057319913097323844,0
0.6,1,0.02,5,47,0.9999999999977127,0.8837175337015132,1.0,1.0,0,0,0,0,1.0,0.7761912160034782,0,0,-0.35909131021619695,0.10279393108395904,0
0.6,1,0.02,6,48,0.9999999999987662,0.9998623114733489,1.0,0.67,0,0,0,1,1.0,0.9678611675421496,1,0,-0.18079613585493615,0.15192929758991588,0
0.6,1,0.02,7,49,0.9999999995088622,0.9040559015392357,1.0,1.0,0,0,0,0,1.0,0.8137829037498578,0,0,0.08269632113160277,0.06976260744571328,0
0.6,1,0.02,8,50,0.9999999999978011,0.6809269166048613,1.0,0.62,0,1,0,1,1.0,0.5389738411093253,1,1,-0.20591198661561522,0.17553214703727132,0
0.6,1,0.02,9,51,0.9999999566641701,0.7966906459683396,1.0,0.47,0,1,0,1,0.9714668370617726,0.6420313498196639,1,1,0.2933942523538873,0.18080359166977097,0
0.6,1,0.02,10,52,0.9999999999999987,0.9287097250137325,1.0,1.0,0,0,0,0,1.0,0.8390521537893281,0,0,0.014628038523303286,0.06453998406770728,0
0.6,1,0.02,11,53,0.9999999999999971,0.9996295483753013,1.0,0.91,0,0,0,1,1.0,1.0,1,0,-0.003469514447328565,0.05980107362959279,0
0.6,1,0.02,12,54,0.9999999999999856,0.9999904014577217,1.0,1.0,0,0,0,0,0.9777112924428827,0.9701221194004391,0,0,0.3104335871290305,0.03032954773487271,0
0.6,1,0.02,13,55,0.9999999999999986,0.994115849581469,1.0,1.0,0,0,0,0,1.0,0.9967643560111257,0,0,0.6315414939344668,0.016975777614963404,0
0.6,1,0.02,14,56,0.9999999999999983,0.9131590041718284,1.0,1.0,0,0,0,0,1.0,0.7921442414724411,0,0,0.1153929784538611,0.06600597585811639,0
0.6,1,0.02,15,57,0.9996655512807718,0.9958418659710326,1.0,1.0,0,0,0,0,1.0,0.9407481188944232,0,0,0.534199567834919,0.021082639154256302,0
0.6,1,0.02,16,58,0.9999999999999989,0.9801539511930148,1.0,0.86,0,0,0,1,1.0,0.9625964191012607,1,0,-0.2073305980702714,0.11792984636971482,0
0.6,1,0.02,17,59,0.9999916593420484,0.9930415025092139,1.0,1.0,0,0,0,0,1.0,0.9698573788776034,0,0,0.3160682870117803,0.06564726728211344,0
0.6,1,0.02,18,60,0.9999999999999987,0.7217317149391261,1.0,0.94,0,1,0,0,0.9486183409271156,0.5553284696916053,1,1,-0.10567932524274083,0.09530821368760148,0
0.6,1,0.02,19,61,0.9999969941407686,0.9811948680784951,1.0,1.0,0,0,0,0,1.0,0.9098807442152216,0,0,-0.08672132915435904,0.08535453028916741,0
0.6,1,0.05,0,42,0.9999999999999984,0.9852519324410557,1.0,1.0,0,0,0,0,1.0,0.9755629879186327,0,0,0.8625612774798193,0.007436020672068193,0
0.6,1,0.05,1,43,0.9870062477180552,0.991433289106586,1.0,1.0,0,0,0,0,0.9558360794047319,1.0,0,0,0.6054325421678654,0.013232341607178438,0
0.6,1,0.05,2,44,0.9999999960236031,0.9999810036849809,1.0,1.0,0,0,0,0,1.0,1.0,0,0,0.7353984927933198,0.01080101455108979,0
0.6,1,0.05,3,45,0.999999999999999,0.9999983251252229,1.0,1.0,0,0,0,0,1.0,1.0,0,0,0.5783944459656336,0.015282876867134143,0
0.6,1,0.05,4,46,0.9999999999132123,0.9915565874517633,1.0,1.0,0,0,0,0,1.0,1.0,0,0,0.6280686822154011,0.010438144596787078,0
0.6,1,0.05,5,47,0.9999999999999984,0.9958540521416601,1.0,1.0,0,0,0,0,1.0,1.0,0,0,0.785299743368657,0.011706386633724348,0
0.6,1,0.05,6,48,0.999999999999685,0.9999996301020022,1.0,0.97,0,0,0,1,1.0,1.0,1,0,0.1331786460145567,0.04006086788273481,0
0.6,1,0.05,7,49,0.9999999999999984,0.9995609929312128,1.0,1.0,0,0,0,0,1.0,1.0,0,0,0.481260411574171,0.01353388988064636,0
0.6,1,0.05,8,50,0.999999999999412,0.9562286022990605,1.0,1.0,0,0,0,0,1.0,0.9792071485097067,0,0,0.11399204820152643,0.05140775445708721,0
0.6,1,0.05,9,51,0.9999999995661737,0.9318908120981496,1.0,1.0,0,0,0,0,1.0,0.9081042401122248,0,0,0.2727300820019085,0.05342224041694669,0
0.6,1,0.05,10,52,0.9999999999999989,0.9963430482582334,1.0,1.0,0,0,0,0,1.0,1.0,0,0,0.8235835086215523,0.008491506429869016,0
0.6,1,0.05,11,53,0.999999999999998,0.9999864416057908,1.0,1.0,0,0,0,0,1.0,1.0,0,0,0.39383408397278413,0.017116104287525063,0
0.6,1,0.05,12,54,0.9999999999999968,0.9999999722048851,1.0,1.0,0,0,0,0,1.0,1.0,0,0,0.7515270025492086,0.0064186850671569505,0
0.6,1,0.05,13,55,0.9999999999999987,0.9999998589391751,1.0,1.0,0,0,0,0,1.0,1.0,0,0,0.9972569877244093,0.0014795479526220423,0
0.6,1,0.05,14,56,0.9999999999999987,0.960854017931866,1.0,1.0,0,0,0,0,1.0,0.9539815339786917,0,0,0.9043454149221986,0.005195645089249487,0
0.6,1,0.05,15,57,0.9999999999999966,0.999999999999999,1.0,1.0,0,0,0,0,1.0,1.0,0,0,0.9389222962909696,0.005690336292152575,0
0.6,1,0.05,16,58,0.9999999999999989,0.9992839081589683,1.0,1.0,0,0,0,0,1.0,1.0,0,0,0.38888257736954895,0.02467605340806884,0
0.6,1,0.05,17,59,0.9999987986804877,0.9996329911752205,1.0,1.0,0,0,0,0,1.0,1.0,0,0,0.8408766023536413,0.012679153114802857,0
0.6,1,0.05,18,60,0.9999999999999988,0.8807712410201398,1.0,1.0,0,0,0,0,1.0,0.8411434788367828,0,0,0.45273878363311026,0.016811317252117465,0
0.6,1,0.05,19,61,0.9999999999999988,0.999990314024354,1.0,1.0,0,0,0,0,1.0,1.0,0,0,0.6547235104778587,0.013286192620567929,0
0.6,1,0.1,0,42,0.9999999999999989,0.9852521420892999,1.0,1.0,0,0,0,0,1.0,1.0,0,0,0.9343177596613464,0.004708106562850428,0
0.6,1,0.1,1,43,0.9885328650109818,0.9963786939974841,1.0,1.0,0,0,0,0,1.0,1.0,0,0,0.8297947058385777,0.007938682203869911,0
0.6,1,0.1,2,44,0.9999999966203821,0.9999895342012491,1.0,1.0,0,0,0,0,1.0,1.0,0,0,0.8873564854292965,0.006493493822921796,0
0.6,1,0.1,3,45,0.999999999999999,0.9999991379594686,1.0,1.0,0,0,0,0,1.0,1.0,0,0,0.8134829183858671,0.00812984885231938,0
0.6,1,0.1,4,46,0.9999999999191134,0.9978595435354374,1.0,1.0,0,0,0,0,1.0,1.0,0,0,0.8589679492760405,0.005782319331966632,0
0.6,1,0.1,5,47,0.9999999999999987,0.9972869277679235,1.0,1.0,0,0,0,0,1.0,1.0,0,0,0.9053475328505471,0.007472793394728347,0
0.6,1,0.1,6,48,0.9999999999996804,0.9999999236358627,1.0,1.0,0,0,0,0,1.0,1.0,0,0,0.42063188061139806,0.01710427084638491,0
0.6,1,0.1,7,49,0.9999999999999987,0.9996144768342843,1.0,1.0,0,0,0,0,1.0,1.0,0,0,0.7872664450740064,0.006366855998095908,0
0.6,1,0.1,8,50,0.9999999999994357,0.9893729451134815,1.0,1.0,0,0,0,0,1.0,1.0,0,0,0.6029289464700076,0.01774204019698697,0
0.6,1,0.1,9,51,0.9999999995558798,0.969485616294579,1.0,1.0,0,0,0,0,1.0,1.0,0,0,0.6763183985068574,0.0204602207355834,0
0.6,1,0.1,10,52,0.9999999999999989,0.9968916772740659,1.0,1.0,0,0,0,0,1.0,1.0,0,0,0.9188637825579749,0.005378329723560149,0
0.6,1,0.1,11,53,0.9999999999999986,0.9999941848091848,1.0,1.0,0,0,0,0,1.0,1.0,0,0,0.7697558180535157,0.007407766065429546,0
0.6,1,0.1,12,54,0.9999999999999968,0.9999999908704316,1.0,1.0,0,0,0,0,1.0,1.0,0,0,0.9087411831386432,0.0035868661067643024,0
0.6,1,0.1,13,55,0.9999999999999987,0.9999998589391734,1.0,1.0,0,0,0,0,1.0,1.0,0,0,0.997058474337317,0.0014676484330248551,0
0.6,1,0.1,14,56,0.9999999999999987,0.9824262259808657,1.0,1.0,0,0,0,0,1.0,1.0,0,0,0.9482183103787166,0.00387456174148076,0
0.6,1,0.1,15,57,0.9999999999999977,0.999999999999999,1.0,1.0,0,0,0,0,1.0,1.0,0,0,0.9740648358219467,0.004029803710306919,0
0.6,1,0.1,16,58,0.9999999999999989,0.999798182349022,1.0,1.0,0,0,0,0,1.0,1.0,0,0,0.7340135874271904,0.011538824412513098,0
0.6,1,0.1,17,59,0.9999988394241814,0.9999237771473677,1.0,1.0,0,0,0,0,1.0,1.0,0,0,0.9487448988488061,0.0051086827677812975,0
0.6,1,0.1,18,60,0.9999999999999989,0.9631758923844429,1.0,1.0,0,0,0,0,1.0,1.0,0,0,0.7184220193151324,0.009998711222726582,0
0.6,1,0.1,19,61,0.9999999999999988,0.9999964975230371,1.0,1.0,0,0,0,0,1.0,1.0,0,0,0.8593320441225188,0.007639357101402922,0
0.6,1,0.2,0,42,0.9999999999999989,0.9852521420892999,1.0,1.0,0,0,0,0,1.0,1.0,0,0,0.9343177596613464,0.004708106562850428,0
0.6,1,0.2,1,43,0.9885328650073341,0.99637869394547,1.0,1.0,0,0,0,0,1.0,1.0,0,0,0.8302865129669116,0.00763236937135978,0
0.6,1,0.2,2,44,0.9999999966203821,0.9999895342012489,1.0,1.0,0,0,0,0,1.0,1.0,0,0,0.8832686078589858,0.006641733299006252,0
0.6,1,0.2,3,45,0.999999999999999,0.9999991397278089,1.0,1.0,0,0,0,0,1.0,1.0,0,0,0.8201717907952814,0.007839024520958532,0
0.6,1,0.2,4,46,0.9999999999191134,0.9978595435354374,1.0,1.0,0,0,0,0,1.0,1.0,0,0,0.8586889544459725,0.005788058542890817,0
0.6,1,0.2,5,47,0.9999999999999988,0.9972869277679235,1.0,1.0,0,0,0,0,1.0,1.0,0,0,0.9125140187019778,0.00708233879107784,0
0.6,1,0.2,6,48,0.9999999999996804,0.9999999235209783,1.0,1.0,0,0,0,0,1.0,1.0,0,0,0.5005704437000185,0.01519977393765668,0
0.6,1,0.2,7,49,0.9999999999999989,0.999614476163941,1.0,1.0,0,0,0,0,1.0,1.0,0,0,0.8118617371945869,0.00565095797186576,0
0.6,1,0.2,8,50,0.9999999999994357,0.9893727564686673,1.0,1.0,0,0,0,0,1.0,1.0,0,0,0.5903274798318302,0.017836984347450256,0
0.6,1,0.2,9,51,0.9999999995558737,0.9694856162950991,1.0,1.0,0,0,0,0,1.0,1.0,0,0,0.6828665467474831,0.01894484999200247,0
0.6,1,0.2,10,52,0.9999999999999989,0.9968916772740659,1.0,1.0,0,0,0,0,1.0,1.0,0,0,0.9188637825579749,0.005378329723560149,0
0.6,1,0.2,11,53,0.9999999999999987,0.9999941848089294,1.0,1.0,0,0,0,0,1.0,1.0,0,0,0.7784071303954999,0.0069751247120011664,0
0.6,1,0.2,12,54,0.9999999999999968,0.9999999908704313,1.0,1.0,0,0,0,0,1.0,1.0,0,0,0.9074043910251888,0.0036470058178235077,0
0.6,1,0.2,13,55,0.9999999999999987,0.9999998589391734,1.0,1.0,0,0,0,0,1.0,1.0,0,0,0.997058474337317,0.0014676484330248551,0
0.6,1,0.2,14,56,0.9999999999999987,0.982426225980865,1.0,1.0,0,0,0,0,1.0,1.0,0,0,0.9468982679014479,0.003940240724656986,0
0.6,1,0.2,15,57,0.9999999999999982,0.999999999999999,1.0,1.0,0,0,0,0,1.0,1.0,0,0,0.9908585335672754,0.0029226215181243687,0
0.6,1,0.2,16,58,0.9999999999999989,0.999798182349022,1.0,1.0,0,0,0,0,1.0,1.0,0,0,0.7340135874271904,0.011538824412513098,0
0.6,1,0.2,17,59,0.9999988394241813,0.999923777147354,1.0,1.0,0,0,0,0,1.0,1.0,0,0,0.9396354887975397,0.004814523799099111,0
0.6,1,0.2,18,60,0.9999999999999989,0.965373363210152,1.0,1.0,0,0,0,0,1.0,1.0,0,0,0.7365045265929658,0.009802596146760123,0
0.6,1,0.2,19,61,0.9999999999999988,0.9999964975230371,1.0,1.0,0,0,0,0,1.0,1.0,0,0,0.8593320441225188,0.007639357101402922,0
0.6,2,0.0,0,42,0.9999999999999956,0.8026992726912618,1.0,0.73,0,0,0,1,0.9583127814354785,0.6258666182902481,1,0,-0.6433498320610685,0.1665337779842661,0
0.6,2,0.0,1,43,0.9716847411371448,0.769094629425189,1.0,0.58,0,1,0,1,0.825726129460836,0.6095891704178565,1,1,-0.22060672799803857,0.17474822420319025,0
0.6,2,0.0,2,44,0.9870337487279487,0.8787342268217693,1.0,0.42,0,0,0,1,0.8342927749828425,0.741458621028241,1,0,-0.2458825754029523,0.17632457996251236,0
0.6,2,0.0,3,45,0.9999979649663654,0.9350511420650407,1.0,0.51,0,0,0,1,1.0,0.7763765090926693,1,0,-0.24517820843934085,0.18305070215209981,0
0.6,2,0.0,4,46,0.9999999901165926,0.7579334225405457,1.0,0.8,0,1,0,1,0.9671125178570782,0.6117948411732874,1,1,-0.1522855136286948,0.1514622267522792,0
0.6,2,0.0,5,47,0.9999813585508198,0.7541090745929011,1.0,0.4,0,1,0,1,0.9908158239767931,0.5794059187820617,1,1,-0.7299166744956262,0.18778302967983077,0
0.6,2,0.0,6,48,0.999999571710716,0.8765934022047126,1.0,0.31,0,0,0,1,0.9467571311536184,0.7176061796000125,1,0,0.02465428801563098,0.26689828258464415,0
0.6,2,0.0,7,49,0.9999995464867237,0.7872155628542683,1.0,0.56,0,1,0,1,0.9786391693275057,0.6334061727379152,1,1,-0.2018481623545003,0.17445539854533848,0
0.6,2,0.0,8,50,0.999991257844861,0.4945186867267981,1.0,0.36,0,1,0,1,0.9665135583466753,0.22469720761868817,1,1,-0.36944243980671226,0.2900118946153017,0
0.6,2,0.0,9,51,0.9703142491038934,0.6917452534204798,1.0,0.2,0,1,0,1,0.8132481164852057,0.46129036600661866,1,1,0.47630821145007396,0.2749338072327438,0
0.6,2,0.0,10,52,0.9999999999999987,0.7848187855264434,1.0,0.52,0,1,0,1,0.9958124654884648,0.6251249785090354,1,1,-0.32667710466607264,0.1721083461789236,0
0.6,2,0.0,11,53,0.9999999999999964,0.9344128308333279,1.0,0.68,0,0,0,1,0.9108235939734703,0.7984607138181148,1,0,-0.3603274731975076,0.16564051027657312,0
0.6,2,0.0,12,54,0.9949439101232745,0.9127832282257741,1.0,0.84,0,0,0,1,0.8614752726682126,0.753078029768306,1,0,-0.17831362277510004,0.10818816710258802,0
0.6,2,0.0,13,55,0.9999999388472794,0.8892926753583672,1.0,0.96,0,0,0,1,0.9679641809821833,0.7697672044051788,1,0,-0.2242770226728996,0.1090873410660216,0
0.6,2,0.0,14,56,0.999999999999767,0.767322746975077,1.0,0.63,0,1,0,1,0.8881349152031708,0.5602782106593822,1,1,-0.35201739775770824,0.17022902668060166,0
0.6,2,0.0,15,57,0.9683068926939328,0.863485479008425,1.0,1.0,0,0,0,0,0.8195237791742527,0.714104540559691,0,0,-0.39022833896783116,0.10793563570534973,0
0.6,2,0.0,16,58,0.9999999052048679,0.8301925379195212,1.0,0.22,0,0,0,1,0.9964050299227541,0.7214649580969743,1,0,-0.4726856317760707,0.23639290217821468,0
0.6,2,0.0,17,59,0.9999520798682608,0.8694592397801753,1.0,0.71,0,0,0,1,1.0,0.7479000611241549,1,0,-0.3174208284015091,0.15368156638893618,0
0.6,2,0.0,18,60,0.9957195666430309,0.5926374067132828,1.0,0.39,0,1,0,1,0.8491131302252584,0.32841376658476146,1,1,-0.22362542954436324,0.19809873163887676,0
0.6,2,0.0,19,61,0.9998969335530586,0.8476897864821209,1.0,0.37,0,0,0,1,1.0,0.6962887688036764,1,0,-0.3297197235454729,0.19563811587137547,0
0.6,2,0.01,0,42,0.9999999999999964,0.851130735511953,1.0,0.99,0,0,0,1,0.9658017422183581,0.7020184065587093,1,0,-0.40785445334595805,0.12089859047419163,0
0.6,2,0.01,1,43,0.9782793706869298,0.8275757683197161,1.0,0.86,0,0,0,1,0.8645416339772574,0.7097087633028183,1,0,-0.10147929203694935,0.12904387397614867,0
0.6,2,0.01,2,44,0.9984918262320736,0.9308857784208302,1.0,0.87,0,0,0,1,0.9245739490539533,0.8186867808954591,1,0,-0.15486509039777954,0.12334815507450651,0
0.6,2,0.01,3,45,0.9999997500547373,0.9966803480952391,1.0,0.7,0,0,0,1,1.0,0.9238518317135431,1,0,-0.11710707503008602,0.12346816576997792,0
0.6,2,0.01,4,46,0.9999999978088004,0.8266606788950883,1.0,0.89,0,0,0,1,1.0,0.7302611945585218,1,0,-0.13558457088288844,0.11052254048673978,0
0.6,2,0.01,5,47,0.9999999999511593,0.8256980543652472,1.0,0.68,0,0,0,1,1.0,0.6919505627960207,1,0,-0.7084393056675181,0.14180417069080384,0
0.6,2,0.01,6,48,0.9999999915362611,0.9411541179648848,1.0,0.48,0,0,0,1,1.0,0.8195467955270543,1,0,-0.2694696562205942,0.21305614409274803,0
0.6,2,0.01,7,49,0.9999999982374845,0.849339708090503,1.0,0.87,0,0,0,1,0.9993902363509269,0.7313271019491124,1,0,-0.1713676784776298,0.12611374637310943,0
0.6,2,0.01,8,50,0.9999999999958968,0.5809818809560517,1.0,0.51,0,1,0,1,1.0,0.3718353128198836,1,1,-0.30406047534786085,0.23584981387815693,0
0.6,2,0.01,9,51,0.9974259308838289,0.7423162463404063,1.0,0.4,0,1,0,1,0.8936754509827617,0.5508255544220129,1,1,0.489244936629437,0.23027385384390622,0
0.6,2,0.01,10,52,0.9999999999999987,0.8689106395244722,1.0,0.82,0,0,0,1,1.0,0.7386554633618707,1,0,-0.17580672181694576,0.11462070099518286,0
0.6,2,0.01,11,53,0.9999999999999968,0.989130734046363,1.0,0.85,0,0,0,1,0.9922216295499452,0.9068644524372004,1,0,-0.2141647898017613,0.11299968865262372,0
0.6,2,0.01,12,54,0.9990435503725459,0.9778562718571807,1.0,1.0,0,0,0,0,0.9168733863961593,0.8751373923395667,0,0,0.106193642057801,0.05802027173454691,0
0.6,2,0.01,13,55,0.9999999976782169,0.9553168247187841,1.0,1.0,0,0,0,0,1.0,0.8604779190526866,0,0,0.0833372629316712,0.06804858000765182,0
0.6,2,0.01,14,56,0.9999999999999972,0.8226513867275337,1.0,0.89,0,0,0,1,0.9720653309573345,0.6472241978110992,1,0,-0.13930497983631387,0.11903205035141816,0
0.6,2,0.01,15,57,0.995285911015021,0.9279027470007375,1.0,1.0,0,0,0,0,0.8940753266022063,0.8010034969742826,0,0,-0.13680386580898818,0.06678109386822863,0
0.6,2,0.01,16,58,0.9999999999999989,0.9185114861004018,1.0,0.55,0,0,0,1,1.0,0.8357188524032207,1,0,-0.361597431489117,0.17128195947338917,0
0.6,2,0.01,17,59,0.9999839625706162,0.9300983360653449,1.0,0.88,0,0,0,1,1.0,0.8318698335028277,1,0,-0.0705358306415324,0.11627424070668736,0
0.6,2,0.01,18,60,0.9999999999998931,0.6688544195786957,1.0,0.62,0,1,0,1,0.9041044097615061,0.45989593592470784,1,1,-0.21339641704994436,0.1411584507398412,0
0.6,2,0.01,19,61,0.9999933554909471,0.8983818779911817,1.0,0.77,0,0,0,1,1.0,0.7710396361408766,1,0,-0.2709359012530214,0.13564364871394907,0
0.6,2,0.02,0,42,0.999999999999997,0.9261200424322906,1.0,1.0,0,0,0,0,0.9754425315780942,0.8184411427297962,0,0,0.028130837840179734,0.06630122644768066,0
0.6,2,0.02,1,43,0.98003394376837,0.8938324444540792,1.0,1.0,0,0,0,0,0.8831846922282868,0.8023903560613995,0,0,0.09505344892850133,0.07723931107892733,0
0.6,2,0.02,2,44,0.9991566807346022,0.9951408075395801,1.0,1.0,0,0,0,0,0.9765541565334753,0.952399571719189,0,0,-0.003927301569355389,0.07813117553283744,0
0.6,2,0.02,3,45,0.999999999999999,0.9999492510164996,1.0,1.0,0,0,0,0,1.0,0.9699536061985091,0,0,0.04278822163681231,0.07253996744155822,0
0.6,2,0.02,4,46,0.9999999993064203,0.8962761203514582,1.0,0.97,0,0,0,1,1.0,0.830460178553904,1,0,0.07849408516398995,0.05654917977928247,0
0.6,2,0.02,5,47,0.9999999999978183,0.8844994358294264,1.0,1.0,0,0,0,0,1.0,0.7780495431126312,0,0,-0.3775778723556401,0.10225323855357361,0
0.6,2,0.02,6,48,0.9999999999985605,0.9998566066658635,1.0,0.67,0,0,0,1,1.0,0.966486819018308,1,0,-0.182885692801933,0.15068772556034854,0
0.6,2,0.02,7,49,0.9999999998175992,0.9020769458537411,1.0,1.0,0,0,0,0,1.0,0.8104873174955699,0,0,0.06032004472085395,0.0694448404270126,0
0.6,2,0.02,8,50,0.9999999999975315,0.6781112813883953,1.0,0.63,0,1,0,1,1.0,0.534109219480311,1,1,-0.20681071272461707,0.17346280731055302,0
0.6,2,0.02,9,51,0.9999999604226473,0.7999519369931457,1.0,0.48,0,1,0,1,0.9810058690380359,0.6447434067372774,1,1,0.25344408135438196,0.17917255558381606,0
0.6,2,0.02,10,52,0.9999999999999987,0.9260723291797538,1.0,1.0,0,0,0,0,1.0,0.8353371974553115,0,0,0.01165100182504517,0.06467422469169379,0
0.6,2,0.02,11,53,0.999999999999997,0.9996676003572644,1.0,0.91,0,0,0,1,1.0,1.0,1,0,-0.00578063181585541,0.05919090543098394,0
0.6,2,0.02,12,54,0.9999999999999853,0.9999853603305348,1.0,1.0,0,0,0,0,0.9806969093658728,0.9764308217811353,0,0,0.31055537368542907,0.028845008386793408,0
0.6,2,0.02,13,55,0.9999999999999984,0.9948772503465361,1.0,1.0,0,0,0,0,1.0,0.998882379026301,0,0,0.6335615657343241,0.015851629912889922,0
0.6,2,0.02,14,56,0.9999999999999983,0.914308338108401,1.0,1.0,0,0,0,0,1.0,0.7931106897614565,0,0,0.11463877430063542,0.06499837829168327,0
0.6,2,0.02,15,57,0.9994946918265747,0.9960038672729657,1.0,1.0,0,0,0,0,1.0,0.940626230134831,0,0,0.5379705006758804,0.020288137435462743,0
0.6,2,0.02,16,58,0.9999999999999989,0.9775941033583875,1.0,0.89,0,0,0,1,1.0,0.9579434661855655,1,0,-0.20799228205513778,0.11690969053262532,0
0.6,2,0.02,17,59,0.9999920062113565,0.9916413379184721,1.0,1.0,0,0,0,0,1.0,0.9646073967934253,0,0,0.3057802982797155,0.06487152129710447,0
0.6,2,0.02,18,60,0.9999999999999987,0.7289150395737448,1.0,0.94,0,1,0,0,0.9593452878305588,0.5680520217580916,1,1,-0.10886034741632461,0.09530719000962208,0
0.6,2,0.02,19,61,0.9999961738940363,0.9767100262892809,1.0,1.0,0,0,0,0,1.0,0.903983193056227,0,0,-0.08890480120050506,0.0847400527570589,0
0.6,2,0.05,0,42,0.999999999999998,0.9854187439563482,1.0,1.0,0,0,0,0,1.0,0.975897656601557,0,0,0.8622382491462491,0.0076140306431395745,0
0.6,2,0.05,1,43,0.9863255645686491,0.9923030774393525,1.0,1.0,0,0,0,0,0.9544708293284486,1.0,0,0,0.6417265459071446,0.01238234765840847,0
0.6,2,0.05,2,44,0.9999999962524259,0.9999798465540438,1.0,1.0,0,0,0,0,1.0,1.0,0,0,0.7608139094087406,0.010580931189249156,0
0.6,2,0.05,3,45,0.999999999999999,0.9999982854700559,1.0,1.0,0,0,0,0,1.0,1.0,0,0,0.6062290880410593,0.015319633822344487,0
0.6,2,0.05,4,46,0.9999999999220681,0.9917180017136787,1.0,1.0,0,0,0,0,1.0,1.0,0,0,0.6309811499230148,0.009964354607351324,0
0.6,2,0.05,5,47,0.9999999999999982,0.995826243179433,1.0,1.0,0,0,0,0,1.0,1.0,0,0,0.785383558565254,0.011473766258306685,0
0.6,2,0.05,6,48,0.9999999999996364,0.9999996411623854,1.0,0.97,0,0,0,1,1.0,1.0,1,0,0.13825683907452543,0.040107875651531656,0
0.6,2,0.05,7,49,0.9999999999999981,0.999495302472948,1.0,1.0,0,0,0,0,1.0,1.0,0,0,0.5044685876142454,0.013635450142854761,0
0.6,2,0.05,8,50,0.9999999999993212,0.9521127551074872,1.0,1.0,0,0,0,0,1.0,0.9729408061357289,0,0,0.12562103889341306,0.05156003684970045,0
0.6,2,0.05,9,51,0.9999999996209135,0.9321672813077583,1.0,1.0,0,0,0,0,1.0,0.9083989020368549,0,0,0.2907228397124271,0.05333122761238169,0
0.6,2,0.05,10,52,0.9999999999999987,0.996096702454549,1.0,1.0,0,0,0,0,1.0,1.0,0,0,0.8368117508579517,0.008312265124762366,0
0.6,2,0.05,11,53,0.9999999999999977,0.9999858907051149,1.0,1.0,0,0,0,0,1.0,1.0,0,0,0.40126781710173565,0.017194673728693544,0
0.6,2,0.05,12,54,0.9999999999999968,0.9999999747784658,1.0,1.0,0,0,0,0,1.0,1.0,0,0,0.7920875348833668,0.006062379791644628,0
0.6,2,0.05,13,55,0.9999999999999986,0.9999998955226643,1.0,1.0,0,0,0,0,1.0,1.0,0,0,0.9975626640437719,0.0013208553167028758,0
0.6,2,0.05,14,56,0.9999999999999987,0.9604356007403091,1.0,1.0,0,0,0,0,1.0,0.9531455309014834,0,0,0.9015339776798742,0.00549329820061276,0
0.6,2,0.05,15,57,0.9999999999999961,0.999999999999999,1.0,1.0,0,0,0,0,1.0,1.0,0,0,0.9245578896315099,0.006291550419328657,0
0.6,2,0.05,16,58,0.9999999999999989,0.9992971734436633,1.0,1.0,0,0,0,0,1.0,1.0,0,0,0.4072142176483622,0.023816314476735788,0
0.6,2,0.05,17,59,0.9999988770767458,0.9996118789810461,1.0,1.0,0,0,0,0,1.0,1.0,0,0,0.8478717233312457,0.012676339037002889,0
0.6,2,0.05,18,60,0.9999999999999987,0.8872234484912239,1.0,1.0,0,0,0,0,1.0,0.8521020074058998,0,0,0.46947441011553837,0.016587174973975508,0
0.6,2,0.05,19,61,0.9999995610261317,0.9999909892336158,1.0,1.0,0,0,0,0,1.0,1.0,0,0,0.6590032203092336,0.013400704189328901,0
0.6,2,0.1,0,42,0.9999999999999987,0.9854188285885787,1.0,1.0,0,0,0,0,1.0,1.0,0,0,0.9349393184168536,0.004758564729573669,0
0.6,2,0.1,1,43,0.9879232203106062,0.9965756940724542,1.0,1.0,0,0,0,0,1.0,1.0,0,0,0.8512646546233934,0.0076634144206797795,0
0.6,2,0.1,2,44,0.9999999968419803,0.9999889701318734,1.0,1.0,0,0,0,0,1.0,1.0,0,0,0.896255657954325,0.006378506926330356,0
0.6,2,0.1,3,45,0.999999999999999,0.9999991199569038,1.0,1.0,0,0,0,0,1.0,1.0,0,0,0.8283443676220603,0.008339114813489076,0
0.6,2,0.1,4,46,0.9999999999286066,0.9979741067683614,1.0,1.0,0,0,0,0,1.0,1.0,0,0,0.8683001301711019,0.005382042347477499,0
0.6,2,0.1,5,47,0.9999999999999983,0.9973112067889305,1.0,1.0,0,0,0,0,1.0,1.0,0,0,0.8949917081902692,0.007735206564272604,0
0.6,2,0.1,6,48,0.9999999999996317,0.9999999310458544,1.0,1.0,0,0,0,0,1.0,1.0,0,0,0.42678362695426697,0.016957409432487875,0
0.6,2,0.1,7,49,0.9999999999999983,0.9995653910723032,1.0,1.0,0,0,0,0,1.0,1.0,0,0,0.7915833202736783,0.006675621872919457,0
0.6,2,0.1,8,50,0.999999999999373,0.9881608018055901,1.0,1.0,0,0,0,0,1.0,1.0,0,0,0.6414431808979657,0.018323653071405203,0
0.6,2,0.1,9,51,0.9999999996114954,0.9691964413628789,1.0,1.0,0,0,0,0,1.0,1.0,0,0,0.7058212669047619,0.021244841633426326,0
0.6,2,0.1,10,52,0.9999999999999987,0.9967116575782378,1.0,1.0,0,0,0,0,1.0,1.0,0,0,0.9244122016994593,0.005376765666268543,0
0.6,2,0.1,11,53,0.9999999999999981,0.9999939156503403,1.0,1.0,0,0,0,0,1.0,1.0,0,0,0.7661817575261471,0.008056886106213045,0
0.6,2,0.1,12,54,0.9999999999999968,0.9999999911528921,1.0,1.0,0,0,0,0,1.0,1.0,0,0,0.9242838434214368,0.003269120063712234,0
0.6,2,0.1,13,55,0.9999999999999986,0.9999998955226563,1.0,1.0,0,0,0,0,1.0,1.0,0,0,0.9971896236833336,0.0015572690423033952,0
0.6,2,0.1,14,56,0.9999999999999987,0.9821087382405539,1.0,1.0,0,0,0,0,1.0,1.0,0,0,0.952220592022011,0.0037003074895900854,0
0.6,2,0.1,15,57,0.999999999999997,0.999999999999999,1.0,1.0,0,0,0,0,1.0,1.0,0,0,0.948935460178533,0.005234298446381108,0
0.6,2,0.1,16,58,0.9999999999999989,0.9998035667339713,1.0,1.0,0,0,0,0,1.0,1.0,0,0,0.7443352244979967,0.011231225112104322,0
0.6,2,0.1,17,59,0.999998878186064,0.9999250601186874,1.0,1.0,0,0,0,0,1.0,1.0,0,0,0.9564746858976978,0.0052112918481942334,0
0.6,2,0.1,18,60,0.9999999999999987,0.9655960815500174,1.0,1.0,0,0,0,0,1.0,1.0,0,0,0.7248723095864946,0.010269177216453464,0
0.6,2,0.1,19,61,0.9999995266920735,0.9999964919611756,1.0,1.0,0,0,0,0,1.0,1.0,0,0,0.859937109728161,0.007802082863261417,0
0.6,2,0.2,0,42,0.9999999999999989,0.9854188285885772,1.0,1.0,0,0,0,0,1.0,1.0,0,0,0.9372413753181942,0.004518659316659743,0
0.6,2,0.2,1,43,0.9879232202934445,0.9965756939105164,1.0,1.0,0,0,0,0,1.0,1.0,0,0,0.8512615151468017,0.007674296531904301,0
0.6,2,0.2,2,44,0.9999999968419803,0.999988970131873,1.0,1.0,0,0,0,0,1.0,1.0,0,0,0.8961012754318182,0.006366737101589527,0
0.6,2,0.2,3,45,0.999999999999999,0.9999991215543885,1.0,1.0,0,0,0,0,1.0,1.0,0,0,0.8374848869808118,0.008178477703517106,0
0.6,2,0.2,4,46,0.9999999999286066,0.9979741067683614,1.0,1.0,0,0,0,0,1.0,1.0,0,0,0.8683001301711019,0.005382042347477499,0
0.6,2,0.2,5,47,0.9999999999999984,0.9973112067889193,1.0,1.0,0,0,0,0,1.0,1.0,0,0,0.8983471818548094,0.007624340799776589,0
0.6,2,0.2,6,48,0.9999999999996317,0.9999999309209106,1.0,1.0,0,0,0,0,1.0,1.0,0,0,0.49887335642193725,0.015196264876292003,0
0.6,2,0.2,7,49,0.9999999999999984,0.9995653895055548,1.0,1.0,0,0,0,0,1.0,1.0,0,0,0.8021251311538582,0.006447608828937481,0
0.6,2,0.2,8,50,0.999999999999373,0.9881605655766752,1.0,1.0,0,0,0,0,1.0,1.0,0,0,0.6277624576856882,0.01791028518568991,0
0.6,2,0.2,9,51,0.9999999996114847,0.969196441362344,1.0,1.0,0,0,0,0,1.0,1.0,0,0,0.7195242030078733,0.019958576140676858,0
0.6,2,0.2,10,52,0.9999999999999987,0.9967116575782378,1.0,1.0,0,0,0,0,1.0,1.0,0,0,0.9244122016994593,0.005376765666268543,0
0.6,2,0.2,11,53,0.9999999999999983,0.9999939156495993,1.0,1.0,0,0,0,0,1.0,1.0,0,0,0.7798993513577797,0.007535944927621791,0
0.6,2,0.2,12,54,0.9999999999999968,0.9999999911528913,1.0,1.0,0,0,0,0,1.0,1.0,0,0,0.9234639416630659,0.0033371712546690223,0
0.6,2,0.2,13,55,0.9999999999999986,0.9999998955226563,1.0,1.0,0,0,0,0,1.0,1.0,0,0,0.9971896236833336,0.0015572690423033952,0
0.6,2,0.2,14,56,0.9999999999999987,0.9821087382405539,1.0,1.0,0,0,0,0,1.0,1.0,0,0,0.952220592022011,0.0037003074895900854,0
0.6,2,0.2,15,57,0.9999999999999976,0.999999999999999,1.0,1.0,0,0,0,0,1.0,1.0,0,0,0.9673145883026603,0.0043763503885593915,0
0.6,2,0.2,16,58,0.9999999999999989,0.9998035667339713,1.0,1.0,0,0,0,0,1.0,1.0,0,0,0.7443352244979967,0.011231225112104322,0
0.6,2,0.2,17,59,0.999998878186061,0.9999250601186126,1.0,1.0,0,0,0,0,1.0,1.0,0,0,0.9529177187335516,0.004660560475506326,0
0.6,2,0.2,18,60,0.9999999999999987,0.9678732603582446,1.0,1.0,0,0,0,0,1.0,1.0,0,0,0.7431706154570655,0.01006783053889344,0
0.6,2,0.2,19,61,0.9999995266920735,0.9999964919611756,1.0,1.0,0,0,0,0,1.0,1.0,0,0,0.859937109728161,0.007802082863261417,0
