topology,chain_length,k_D,k_C,k_T,activation_threshold,deactivation_threshold,propagation_exponent,neighbor_feedback_strength,intrinsic_decay,run_index,seed,failure_rate,affected_share,cascade_depth,sustained_failure_steps,time_to_collapse,propagated,last_affected_node,survival_cluster_sizes,spatial_distribution,edge_count
chain,50,0.01,0.02,0.0,0.2,0.1,3.0,0.3,0.06,0,42,0.0,0.24489795918367346,47,20,4,1,47,3|4|5|1|2|4|2|4|1|9|2,network_wide,49
chain,50,0.01,0.02,0.0,0.2,0.1,3.0,0.3,0.06,1,43,0.0,0.2653061224489796,46,20,5,1,46,2|3|5|1|2|4|2|4|1|9|3,network_wide,49
chain,50,0.01,0.02,0.0,0.2,0.1,3.0,0.3,0.06,2,44,0.0,0.2653061224489796,45,20,4,1,45,2|3|5|1|2|4|2|4|1|9|4,network_wide,49
chain,50,0.01,0.02,0.0,0.2,0.1,3.0,0.3,0.06,3,45,0.0,0.2653061224489796,44,20,4,1,44,1|3|5|1|2|4|2|4|1|9|5,network_wide,49
chain,50,0.01,0.02,0.0,0.2,0.1,3.0,0.3,0.06,4,46,0.0,0.2653061224489796,49,26,4,1,49,3|5|1|2|4|2|4|1|9|5,network_wide,49
chain,50,0.01,0.02,0.0,0.2,0.1,3.0,0.3,0.06,5,47,0.0,0.24489795918367346,48,20,5,1,48,3|5|1|2|4|2|4|1|9|5|1,network_wide,49
chain,50,0.01,0.02,0.0,0.2,0.1,3.0,0.3,0.06,6,48,0.0,0.24489795918367346,47,20,4,1,47,3|5|1|2|4|2|4|1|9|5|2,network_wide,49
chain,50,0.01,0.02,0.0,0.2,0.1,3.0,0.3,0.06,7,49,0.0,0.24489795918367346,46,20,5,1,46,1|5|1|2|4|2|4|1|9|5|3,network_wide,49
chain,50,0.01,0.02,0.0,0.2,0.1,3.0,0.3,0.06,8,50,0.0,0.24489795918367346,45,20,5,1,45,1|5|1|2|4|2|4|1|9|5|4,network_wide,49
chain,50,0.01,0.02,0.0,0.2,0.1,3.0,0.3,0.06,9,51,0.0,0.22448979591836735,44,20,5,1,44,5|1|2|4|2|4|1|9|5|5,network_wide,49
chain,50,0.01,0.02,0.0,0.2,0.1,3.0,0.3,0.06,10,52,0.0,0.22448979591836735,43,20,6,1,43,4|1|2|4|2|4|1|9|5|6,network_wide,49
chain,50,0.01,0.02,0.0,0.2,0.1,3.0,0.3,0.06,11,53,0.0,0.22448979591836735,42,20,5,1,42,3|1|2|4|2|4|1|9|5|7,network_wide,49
chain,50,0.01,0.02,0.0,0.2,0.1,3.0,0.3,0.06,12,54,0.0,0.22448979591836735,41,20,5,1,41,3|1|2|4|2|4|1|9|5|8,network_wide,49
chain,50,0.01,0.02,0.0,0.2,0.1,3.0,0.3,0.06,13,55,0.0,0.22448979591836735,40,20,5,1,40,1|1|2|4|2|4|1|9|5|9,network_wide,49
chain,50,0.01,0.02,0.0,0.2,0.1,3.0,0.3,0.06,14,56,0.0,0.22448979591836735,39,20,5,1,39,1|1|2|4|2|4|1|9|5|10,network_wide,49
chain,50,0.01,0.02,0.0,0.2,0.1,3.0,0.3,0.06,15,57,0.0,0.20408163265306123,38,20,15,1,38,1|2|4|2|4|1|9|5|11,network_wide,49
chain,50,0.01,0.02,0.0,0.2,0.1,3.0,0.3,0.06,16,58,0.0,0.20408163265306123,37,20,15,1,37,1|2|4|2|4|1|9|5|12,network_wide,49
chain,50,0.01,0.02,0.0,0.2,0.1,3.0,0.3,0.06,17,59,0.0,0.1836734693877551,36,20,16,0,36,2|4|2|4|1|9|5|13,network_wide,49
chain,50,0.01,0.02,0.0,0.2,0.1,3.0,0.3,0.06,18,60,0.0,0.1836734693877551,35,20,16,0,35,2|4|2|4|1|9|5|14,network_wide,49
chain,50,0.01,0.02,0.0,0.2,0.1,3.0,0.3,0.06,19,61,0.0,0.1836734693877551,34,20,15,0,34,1|4|2|4|1|9|5|15,network_wide,49
chain,50,0.01,0.02,0.0,0.2,0.1,3.0,0.3,0.06,20,62,0.0,0.16326530612244897,33,20,16,0,33,4|2|4|1|9|5|16,network_wide,49
chain,50,0.01,0.02,0.0,0.2,0.1,3.0,0.3,0.06,21,63,0.0,0.1836734693877551,49,20,15,0,49,4|2|4|1|9|5|16,network_wide,49
chain,50,0.01,0.02,0.0,0.2,0.1,3.0,0.3,0.06,22,64,0.0,0.20408163265306123,49,20,1,1,49,3|2|4|1|9|5|16,network_wide,49
chain,50,0.01,0.02,0.0,0.2,0.1,3.0,0.3,0.06,23,65,0.0,0.20408163265306123,48,20,3,1,48,2|2|4|1|9|5|16|1,network_wide,49
chain,50,0.01,0.02,0.0,0.2,0.1,3.0,0.3,0.06,24,66,0.0,0.20408163265306123,47,20,3,1,47,1|2|4|1|9|5|16|2,network_wide,49
chain,50,0.01,0.02,0.0,0.2,0.1,3.0,0.3,0.06,25,67,0.0,0.1836734693877551,46,20,1,0,46,2|4|1|9|5|16|3,network_wide,49
chain,50,0.01,0.02,0.0,0.2,0.1,3.0,0.3,0.06,26,68,0.0,0.1836734693877551,45,20,1,0,45,1|4|1|9|5|16|4,network_wide,49
chain,50,0.01,0.02,0.0,0.2,0.1,3.0,0.3,0.06,27,69,0.0,0.1836734693877551,44,20,1,0,44,1|4|1|9|5|16|5,network_wide,49
chain,50,0.01,0.02,0.0,0.2,0.1,3.0,0.3,0.06,28,70,0.0,0.1836734693877551,49,20,1,0,49,4|1|9|5|16|5,network_wide,49
chain,50,0.01,0.02,0.0,0.2,0.1,3.0,0.3,0.06,29,71,0.0,0.20408163265306123,49,20,3,1,49,3|1|9|5|16|5,network_wide,49
chain,50,0.01,0.02,0.0,0.2,0.1,3.0,0.3,0.06,30,72,0.0,0.20408163265306123,48,20,1,1,48,2|1|9|5|16|5|1,network_wide,49
chain,50,0.01,0.02,0.0,0.2,0.1,3.0,0.3,0.06,31,73,0.0,0.20408163265306123,47,20,3,1,47,2|1|9|5|16|5|2,network_wide,49
chain,50,0.01,0.02,0.0,0.2,0.1,3.0,0.3,0.06,32,74,0.0,0.1836734693877551,46,20,1,0,46,1|9|5|16|6|3,network_wide,49
chain,50,0.01,0.02,0.0,0.2,0.1,3.0,0.3,0.06,33,75,0.0,0.1836734693877551,45,20,1,0,45,1|9|5|16|5|4,network_wide,49
chain,50,0.01,0.02,0.0,0.2,0.1,3.0,0.3,0.06,34,76,0.0,0.1836734693877551,44,20,1,0,44,9|5|16|5|5,network_wide,49
chain,50,0.01,0.02,0.0,0.2,0.1,3.0,0.3,0.06,35,77,0.0,0.16326530612244897,43,20,1,0,43,9|5|16|5|6,network_wide,49
chain,50,0.01,0.02,0.0,0.2,0.1,3.0,0.3,0.06,36,78,0.0,0.16326530612244897,42,20,1,0,42,8|5|16|5|7,network_wide,49
chain,50,0.01,0.02,0.0,0.2,0.1,3.0,0.3,0.06,37,79,0.0,0.1836734693877551,49,20,1,0,49,8|5|16|5|7,network_wide,49
chain,50,0.01,0.02,0.0,0.2,0.1,3.0,0.3,0.06,38,80,0.0,0.1836734693877551,48,20,4,0,48,6|5|16|5|7|1,network_wide,49
chain,50,0.01,0.02,0.0,0.2,0.1,3.0,0.3,0.06,39,81,0.0,0.1836734693877551,47,20,1,0,47,5|5|16|5|7|2,network_wide,49
chain,50,0.01,0.02,0.0,0.2,0.1,3.0,0.3,0.06,40,82,0.0,0.1836734693877551,46,20,3,0,46,4|5|16|5|7|3,network_wide,49
chain,50,0.01,0.02,0.0,0.2,0.1,3.0,0.3,0.06,41,83,0.0,0.1836734693877551,45,20,1,0,45,4|5|16|5|7|4,network_wide,49
chain,50,0.01,0.02,0.0,0.2,0.1,3.0,0.3,0.06,42,84,0.0,0.1836734693877551,44,20,3,0,44,2|5|16|5|7|5,network_wide,49
chain,50,0.01,0.02,0.0,0.2,0.1,3.0,0.3,0.06,43,85,0.0,0.1836734693877551,43,20,1,0,43,1|5|16|5|7|6,network_wide,49
chain,50,0.01,0.02,0.0,0.2,0.1,3.0,0.3,0.06,44,86,0.0,0.1836734693877551,42,20,3,0,42,1|5|16|5|7|7,network_wide,49
chain,50,0.01,0.02,0.0,0.2,0.1,3.0,0.3,0.06,45,87,0.0,0.16326530612244897,41,20,1,0,41,5|16|5|7|8,network_wide,49
chain,50,0.01,0.02,0.0,0.2,0.1,3.0,0.3,0.06,46,88,0.0,0.14285714285714285,40,9,4,0,40,5|16|5|7|9,network_wide,49
chain,50,0.01,0.02,0.0,0.2,0.1,3.0,0.3,0.06,47,89,0.0,0.12244897959183673,39,9,3,0,39,5|16|5|7|10,network_wide,49
chain,50,0.01,0.02,0.0,0.2,0.1,3.0,0.3,0.06,48,90,0.0,0.14285714285714285,49,9,1,0,49,4|16|5|7|10,network_wide,49
chain,50,0.01,0.02,0.0,0.2,0.1,3.0,0.3,0.06,49,91,0.0,0.14285714285714285,48,9,1,0,48,3|16|5|7|10|1,network_wide,49
chain,50,0.01,0.02,0.0,0.2,0.1,3.0,0.3,0.062,0,42,0.0,0.24489795918367346,47,19,4,1,47,3|4|5|1|2|4|2|4|1|9|2,network_wide,49
chain,50,0.01,0.02,0.0,0.2,0.1,3.0,0.3,0.062,1,43,0.0,0.2653061224489796,46,19,5,1,46,2|3|5|1|2|4|2|4|1|9|3,network_wide,49
chain,50,0.01,0.02,0.0,0.2,0.1,3.0,0.3,0.062,2,44,0.0,0.2653061224489796,45,19,4,1,45,2|3|5|1|2|4|2|4|1|9|4,network_wide,49
chain,50,0.01,0.02,0.0,0.2,0.1,3.0,0.3,0.062,3,45,0.0,0.2653061224489796,44,19,4,1,44,1|3|5|1|2|4|2|4|1|9|5,network_wide,49
chain,50,0.01,0.02,0.0,0.2,0.1,3.0,0.3,0.062,4,46,0.0,0.2653061224489796,49,19,4,1,49,3|5|1|2|4|2|4|1|9|5,network_wide,49
chain,50,0.01,0.02,0.0,0.2,0.1,3.0,0.3,0.062,5,47,0.0,0.24489795918367346,48,19,5,1,48,3|5|1|2|4|2|4|1|9|5|1,network_wide,49
chain,50,0.01,0.02,0.0,0.2,0.1,3.0,0.3,0.062,6,48,0.0,0.24489795918367346,47,19,4,1,47,3|5|1|2|4|2|4|1|9|5|2,network_wide,49
chain,50,0.01,0.02,0.0,0.2,0.1,3.0,0.3,0.062,7,49,0.0,0.24489795918367346,46,19,5,1,46,1|5|1|2|4|2|4|1|9|5|3,network_wide,49
chain,50,0.01,0.02,0.0,0.2,0.1,3.0,0.3,0.062,8,50,0.0,0.24489795918367346,45,19,5,1,45,1|5|1|2|4|2|4|1|9|5|4,network_wide,49
chain,50,0.01,0.02,0.0,0.2,0.1,3.0,0.3,0.062,9,51,0.0,0.22448979591836735,44,19,5,1,44,5|1|2|4|2|4|1|9|5|5,network_wide,49
chain,50,0.01,0.02,0.0,0.2,0.1,3.0,0.3,0.062,10,52,0.0,0.22448979591836735,43,19,6,1,43,4|1|2|4|2|4|1|9|5|6,network_wide,49
chain,50,0.01,0.02,0.0,0.2,0.1,3.0,0.3,0.062,11,53,0.0,0.22448979591836735,42,19,5,1,42,3|1|2|4|2|4|1|9|5|7,network_wide,49
chain,50,0.01,0.02,0.0,0.2,0.1,3.0,0.3,0.062,12,54,0.0,0.22448979591836735,41,19,5,1,41,3|1|2|4|2|4|1|9|5|8,network_wide,49
chain,50,0.01,0.02,0.0,0.2,0.1,3.0,0.3,0.062,13,55,0.0,0.22448979591836735,40,19,5,1,40,1|1|2|4|2|4|1|9|5|9,network_wide,49
chain,50,0.01,0.02,0.0,0.2,0.1,3.0,0.3,0.062,14,56,0.0,0.22448979591836735,39,19,5,1,39,1|1|2|4|2|4|1|9|5|10,network_wide,49
chain,50,0.01,0.02,0.0,0.2,0.1,3.0,0.3,0.062,15,57,0.0,0.20408163265306123,38,19,16,1,38,1|2|4|2|4|1|9|5|11,network_wide,49
chain,50,0.01,0.02,0.0,0.2,0.1,3.0,0.3,0.062,16,58,0.0,0.20408163265306123,37,19,15,1,37,1|2|4|2|4|1|9|5|12,network_wide,49
chain,50,0.01,0.02,0.0,0.2,0.1,3.0,0.3,0.062,17,59,0.0,0.1836734693877551,36,19,16,0,36,2|4|2|4|1|9|5|13,network_wide,49
chain,50,0.01,0.02,0.0,0.2,0.1,3.0,0.3,0.062,18,60,0.0,0.1836734693877551,35,19,16,0,35,2|4|2|4|1|9|5|14,network_wide,49
chain,50,0.01,0.02,0.0,0.2,0.1,3.0,0.3,0.062,19,61,0.0,0.1836734693877551,34,19,15,0,34,1|4|2|4|1|9|5|15,network_wide,49
chain,50,0.01,0.02,0.0,0.2,0.1,3.0,0.3,0.062,20,62,0.0,0.16326530612244897,33,19,16,0,33,4|2|4|1|9|5|16,network_wide,49
chain,50,0.01,0.02,0.0,0.2,0.1,3.0,0.3,0.062,21,63,0.0,0.16326530612244897,32,19,16,0,32,4|2|4|1|9|5|17,network_wide,49
chain,50,0.01,0.02,0.0,0.2,0.1,3.0,0.3,0.062,22,64,0.0,0.20408163265306123,49,19,1,1,49,3|2|4|1|9|5|16,network_wide,49
chain,50,0.01,0.02,0.0,0.2,0.1,3.0,0.3,0.062,23,65,0.0,0.20408163265306123,48,19,3,1,48,2|2|4|1|9|5|16|1,network_wide,49
chain,50,0.01,0.02,0.0,0.2,0.1,3.0,0.3,0.062,24,66,0.0,0.20408163265306123,47,19,3,1,47,1|2|4|1|9|5|16|2,network_wide,49
chain,50,0.01,0.02,0.0,0.2,0.1,3.0,0.3,0.062,25,67,0.0,0.1836734693877551,46,19,1,0,46,2|4|1|9|5|16|3,network_wide,49
chain,50,0.01,0.02,0.0,0.2,0.1,3.0,0.3,0.062,26,68,0.0,0.1836734693877551,45,19,1,0,45,1|4|1|9|5|16|4,network_wide,49
chain,50,0.01,0.02,0.0,0.2,0.1,3.0,0.3,0.062,27,69,0.0,0.1836734693877551,44,19,1,0,44,1|4|1|9|5|16|5,network_wide,49
chain,50,0.01,0.02,0.0,0.2,0.1,3.0,0.3,0.062,28,70,0.0,0.16326530612244897,43,19,1,0,43,4|1|9|5|16|6,network_wide,49
chain,50,0.01,0.02,0.0,0.2,0.1,3.0,0.3,0.062,29,71,0.0,0.20408163265306123,49,19,3,1,49,3|1|9|5|16|5,network_wide,49
chain,50,0.01,0.02,0.0,0.2,0.1,3.0,0.3,0.062,30,72,0.0,0.20408163265306123,48,19,1,1,48,2|1|9|5|16|5|1,network_wide,49
chain,50,0.01,0.02,0.0,0.2,0.1,3.0,0.3,0.062,31,73,0.0,0.20408163265306123,47,19,3,1,47,2|1|9|5|16|5|2,network_wide,49
chain,50,0.01,0.02,0.0,0.2,0.1,3.0,0.3,0.062,32,74,0.0,0.1836734693877551,46,19,1,0,46,1|9|5|16|6|3,network_wide,49
chain,50,0.01,0.02,0.0,0.2,0.1,3.0,0.3,0.062,33,75,0.0,0.1836734693877551,45,19,1,0,45,1|9|5|16|5|4,network_wide,49
chain,50,0.01,0.02,0.0,0.2,0.1,3.0,0.3,0.062,34,76,0.0,0.1836734693877551,44,19,1,0,44,9|5|16|5|5,network_wide,49
chain,50,0.01,0.02,0.0,0.2,0.1,3.0,0.3,0.062,35,77,0.0,0.16326530612244897,43,19,1,0,43,9|5|16|5|6,network_wide,49
chain,50,0.01,0.02,0.0,0.2,0.1,3.0,0.3,0.062,36,78,0.0,0.16326530612244897,42,19,1,0,42,8|5|16|5|7,network_wide,49
chain,50,0.01,0.02,0.0,0.2,0.1,3.0,0.3,0.062,37,79,0.0,0.1836734693877551,49,19,1,0,49,8|5|16|5|7,network_wide,49
chain,50,0.01,0.02,0.0,0.2,0.1,3.0,0.3,0.062,38,80,0.0,0.1836734693877551,48,19,4,0,48,6|5|16|5|7|1,network_wide,49
chain,50,0.01,0.02,0.0,0.2,0.1,3.0,0.3,0.062,39,81,0.0,0.1836734693877551,47,19,1,0,47,5|5|16|5|7|2,network_wide,49
chain,50,0.01,0.02,0.0,0.2,0.1,3.0,0.3,0.062,40,82,0.0,0.1836734693877551,46,19,3,0,46,4|5|16|5|7|3,network_wide,49
chain,50,0.01,0.02,0.0,0.2,0.1,3.0,0.3,0.062,41,83,0.0,0.1836734693877551,45,19,1,0,45,4|5|16|5|7|4,network_wide,49
chain,50,0.01,0.02,0.0,0.2,0.1,3.0,0.3,0.062,42,84,0.0,0.1836734693877551,44,19,3,0,44,2|5|16|5|7|5,network_wide,49
chain,50,0.01,0.02,0.0,0.2,0.1,3.0,0.3,0.062,43,85,0.0,0.1836734693877551,43,19,1,0,43,1|5|16|5|7|6,network_wide,49
chain,50,0.01,0.02,0.0,0.2,0.1,3.0,0.3,0.062,44,86,0.0,0.1836734693877551,42,19,3,0,42,1|5|16|5|7|7,network_wide,49
chain,50,0.01,0.02,0.0,0.2,0.1,3.0,0.3,0.062,45,87,0.0,0.16326530612244897,41,19,1,0,41,5|16|5|7|8,network_wide,49
chain,50,0.01,0.02,0.0,0.2,0.1,3.0,0.3,0.062,46,88,0.0,0.14285714285714285,40,10,4,0,40,5|16|5|7|9,network_wide,49
chain,50,0.01,0.02,0.0,0.2,0.1,3.0,0.3,0.062,47,89,0.0,0.12244897959183673,39,10,3,0,39,5|16|5|7|10,network_wide,49
chain,50,0.01,0.02,0.0,0.2,0.1,3.0,0.3,0.062,48,90,0.0,0.14285714285714285,49,10,1,0,49,4|16|5|7|10,network_wide,49
chain,50,0.01,0.02,0.0,0.2,0.1,3.0,0.3,0.062,49,91,0.0,0.14285714285714285,48,10,1,0,48,3|16|5|7|10|1,network_wide,49
chain,50,0.01,0.02,0.0,0.2,0.1,3.0,0.3,0.064,0,42,0.0,0.22448979591836735,47,19,4,1,47,3|4|5|1|7|2|4|1|1|8|2,network_wide,49
chain,50,0.01,0.02,0.0,0.2,0.1,3.0,0.3,0.064,1,43,0.0,0.24489795918367346,46,19,5,1,46,2|3|5|1|7|2|4|1|1|8|3,network_wide,49
chain,50,0.01,0.02,0.0,0.2,0.1,3.0,0.3,0.064,2,44,0.0,0.24489795918367346,45,19,4,1,45,2|3|5|1|7|2|4|1|1|8|4,network_wide,49
chain,50,0.01,0.02,0.0,0.2,0.1,3.0,0.3,0.064,3,45,0.0,0.24489795918367346,44,19,4,1,44,1|3|5|1|7|2|4|1|1|8|5,network_wide,49
chain,50,0.01,0.02,0.0,0.2,0.1,3.0,0.3,0.064,4,46,0.0,0.24489795918367346,49,19,4,1,49,3|5|1|7|2|4|1|1|8|5,network_wide,49
chain,50,0.01,0.02,0.0,0.2,0.1,3.0,0.3,0.064,5,47,0.0,0.22448979591836735,48,19,5,1,48,3|5|1|7|2|4|1|1|8|5|1,network_wide,49
chain,50,0.01,0.02,0.0,0.2,0.1,3.0,0.3,0.064,6,48,0.0,0.22448979591836735,47,19,4,1,47,3|5|1|7|2|4|1|1|8|5|2,network_wide,49
chain,50,0.01,0.02,0.0,0.2,0.1,3.0,0.3,0.064,7,49,0.0,0.22448979591836735,46,19,5,1,46,1|5|1|7|2|4|1|1|8|5|3,network_wide,49
chain,50,0.01,0.02,0.0,0.2,0.1,3.0,0.3,0.064,8,50,0.0,0.22448979591836735,45,19,5,1,45,1|5|1|7|2|4|1|1|8|5|4,network_wide,49
chain,50,0.01,0.02,0.0,0.2,0.1,3.0,0.3,0.064,9,51,0.0,0.20408163265306123,44,19,5,1,44,5|1|7|2|4|1|1|8|5|5,network_wide,49
chain,50,0.01,0.02,0.0,0.2,0.1,3.0,0.3,0.064,10,52,0.0,0.20408163265306123,43,19,6,1,43,4|1|7|2|4|1|1|8|5|6,network_wide,49
chain,50,0.01,0.02,0.0,0.2,0.1,3.0,0.3,0.064,11,53,0.0,0.20408163265306123,42,19,5,1,42,3|1|7|2|4|1|1|8|5|7,network_wide,49
chain,50,0.01,0.02,0.0,0.2,0.1,3.0,0.3,0.064,12,54,0.0,0.20408163265306123,41,19,6,1,41,3|1|7|2|4|1|1|8|5|8,network_wide,49
chain,50,0.01,0.02,0.0,0.2,0.1,3.0,0.3,0.064,13,55,0.0,0.20408163265306123,40,19,5,1,40,1|1|7|2|4|1|1|8|5|9,network_wide,49
chain,50,0.01,0.02,0.0,0.2,0.1,3.0,0.3,0.064,14,56,0.0,0.20408163265306123,39,19,5,1,39,1|1|7|2|4|1|1|8|5|10,network_wide,49
chain,50,0.01,0.02,0.0,0.2,0.1,3.0,0.3,0.064,15,57,0.0,0.1836734693877551,38,19,16,0,38,1|7|2|4|1|1|8|5|11,network_wide,49
chain,50,0.01,0.02,0.0,0.2,0.1,3.0,0.3,0.064,16,58,0.0,0.1836734693877551,37,19,16,0,37,1|7|2|4|1|1|8|5|12,network_wide,49
chain,50,0.01,0.02,0.0,0.2,0.1,3.0,0.3,0.064,17,59,0.0,0.16326530612244897,36,19,16,0,36,7|2|4|1|1|8|5|13,network_wide,49
chain,50,0.01,0.02,0.0,0.2,0.1,3.0,0.3,0.064,18,60,0.0,0.16326530612244897,35,19,16,0,35,7|2|4|1|1|8|5|14,network_wide,49
chain,50,0.01,0.02,0.0,0.2,0.1,3.0,0.3,0.064,19,61,0.0,0.16326530612244897,34,19,16,0,34,6|2|4|1|1|8|5|15,network_wide,49
chain,50,0.01,0.02,0.0,0.2,0.1,3.0,0.3,0.064,20,62,0.0,0.16326530612244897,33,19,16,0,33,5|2|4|1|1|8|5|16,network_wide,49
chain,50,0.01,0.02,0.0,0.2,0.1,3.0,0.3,0.064,21,63,0.0,0.1836734693877551,49,19,16,0,49,4|2|4|1|1|8|5|16,network_wide,49
chain,50,0.01,0.02,0.0,0.2,0.1,3.0,0.3,0.064,22,64,0.0,0.20408163265306123,49,19,1,1,49,3|2|4|1|1|8|5|16,network_wide,49
chain,50,0.01,0.02,0.0,0.2,0.1,3.0,0.3,0.064,23,65,0.0,0.20408163265306123,48,19,3,1,48,2|2|4|1|1|8|5|16|1,network_wide,49
chain,50,0.01,0.02,0.0,0.2,0.1,3.0,0.3,0.064,24,66,0.0,0.20408163265306123,47,19,3,1,47,1|2|4|1|1|8|5|16|2,network_wide,49
chain,50,0.01,0.02,0.0,0.2,0.1,3.0,0.3,0.064,25,67,0.0,0.1836734693877551,46,19,1,0,46,2|4|1|1|8|5|16|3,network_wide,49
chain,50,0.01,0.02,0.0,0.2,0.1,3.0,0.3,0.064,26,68,0.0,0.1836734693877551,45,19,1,0,45,1|4|1|1|8|5|16|4,network_wide,49
chain,50,0.01,0.02,0.0,0.2,0.1,3.0,0.3,0.064,27,69,0.0,0.1836734693877551,44,19,1,0,44,1|4|1|1|8|5|16|5,network_wide,49
chain,50,0.01,0.02,0.0,0.2,0.1,3.0,0.3,0.064,28,70,0.0,0.16326530612244897,43,19,1,0,43,4|1|1|8|5|16|6,network_wide,49
chain,50,0.01,0.02,0.0,0.2,0.1,3.0,0.3,0.064,29,71,0.0,0.20408163265306123,49,19,3,1,49,3|1|1|8|5|16|5,network_wide,49
chain,50,0.01,0.02,0.0,0.2,0.1,3.0,0.3,0.064,30,72,0.0,0.20408163265306123,48,19,1,1,48,2|1|1|8|5|16|5|1,network_wide,49
chain,50,0.01,0.02,0.0,0.2,0.1,3.0,0.3,0.064,31,73,0.0,0.20408163265306123,47,19,3,1,47,2|1|1|8|5|16|5|2,network_wide,49
chain,50,0.01,0.02,0.0,0.2,0.1,3.0,0.3,0.064,32,74,0.0,0.1836734693877551,46,19,1,0,46,1|1|8|5|16|6|3,core_weighted,49
chain,50,0.01,0.02,0.0,0.2,0.1,3.0,0.3,0.064,33,75,0.0,0.1836734693877551,45,19,1,0,45,1|1|8|5|16|5|4,network_wide,49
chain,50,0.01,0.02,0.0,0.2,0.1,3.0,0.3,0.064,34,76,0.0,0.1836734693877551,44,19,1,0,44,1|8|5|16|5|5,network_wide,49
chain,50,0.01,0.02,0.0,0.2,0.1,3.0,0.3,0.064,35,77,0.0,0.16326530612244897,43,19,1,0,43,1|8|5|16|5|6,network_wide,49
chain,50,0.01,0.02,0.0,0.2,0.1,3.0,0.3,0.064,36,78,0.0,0.16326530612244897,42,19,1,0,42,8|5|16|5|7,network_wide,49
chain,50,0.01,0.02,0.0,0.2,0.1,3.0,0.3,0.064,37,79,0.0,0.16326530612244897,49,19,1,0,49,9|5|16|5|7,network_wide,49
chain,50,0.01,0.02,0.0,0.2,0.1,3.0,0.3,0.064,38,80,0.0,0.16326530612244897,48,19,4,0,48,7|5|16|5|7|1,network_wide,49
chain,50,0.01,0.02,0.0,0.2,0.1,3.0,0.3,0.064,39,81,0.0,0.16326530612244897,47,19,1,0,47,6|5|16|5|7|2,network_wide,49
chain,50,0.01,0.02,0.0,0.2,0.1,3.0,0.3,0.064,40,82,0.0,0.16326530612244897,46,19,3,0,46,5|5|16|5|7|3,network_wide,49
chain,50,0.01,0.02,0.0,0.2,0.1,3.0,0.3,0.064,41,83,0.0,0.16326530612244897,45,19,1,0,45,5|5|16|5|7|4,network_wide,49
chain,50,0.01,0.02,0.0,0.2,0.1,3.0,0.3,0.064,42,84,0.0,0.16326530612244897,44,19,3,0,44,3|5|16|5|7|5,network_wide,49
chain,50,0.01,0.02,0.0,0.2,0.1,3.0,0.3,0.064,43,85,0.0,0.16326530612244897,43,19,1,0,43,2|5|16|5|7|6,network_wide,49
chain,50,0.01,0.02,0.0,0.2,0.1,3.0,0.3,0.064,44,86,0.0,0.16326530612244897,42,19,3,0,42,2|5|16|5|7|7,network_wide,49
chain,50,0.01,0.02,0.0,0.2,0.1,3.0,0.3,0.064,45,87,0.0,0.16326530612244897,41,19,1,0,41,5|16|5|7|8,network_wide,49
chain,50,0.01,0.02,0.0,0.2,0.1,3.0,0.3,0.064,46,88,0.0,0.14285714285714285,40,10,4,0,40,5|16|5|7|9,network_wide,49
chain,50,0.01,0.02,0.0,0.2,0.1,3.0,0.3,0.064,47,89,0.0,0.12244897959183673,39,10,3,0,39,5|16|5|7|10,network_wide,49
chain,50,0.01,0.02,0.0,0.2,0.1,3.0,0.3,0.064,48,90,0.0,0.14285714285714285,49,10,1,0,49,4|16|5|7|10,network_wide,49
chain,50,0.01,0.02,0.0,0.2,0.1,3.0,0.3,0.064,49,91,0.0,0.14285714285714285,48,10,1,0,48,3|16|5|7|10|1,network_wide,49
chain,50,0.01,0.02,0.0,0.2,0.1,3.0,0.3,0.066,0,42,0.0,0.24489795918367346,47,19,4,1,47,3|3|5|1|7|2|4|1|9|2,network_wide,49
chain,50,0.01,0.02,0.0,0.2,0.1,3.0,0.3,0.066,1,43,0.0,0.24489795918367346,46,19,5,1,46,2|3|5|1|7|2|4|1|9|3,network_wide,49
chain,50,0.01,0.02,0.0,0.2,0.1,3.0,0.3,0.066,2,44,0.0,0.24489795918367346,45,19,4,1,45,2|3|5|1|7|2|4|1|9|4,network_wide,49
chain,50,0.01,0.02,0.0,0.2,0.1,3.0,0.3,0.066,3,45,0.0,0.24489795918367346,44,19,4,1,44,1|3|5|1|7|2|4|1|9|5,network_wide,49
chain,50,0.01,0.02,0.0,0.2,0.1,3.0,0.3,0.066,4,46,0.0,0.24489795918367346,49,19,4,1,49,3|5|1|7|2|4|1|9|5,network_wide,49
chain,50,0.01,0.02,0.0,0.2,0.1,3.0,0.3,0.066,5,47,0.0,0.22448979591836735,48,19,5,1,48,3|5|1|7|2|4|1|9|5|1,network_wide,49
chain,50,0.01,0.02,0.0,0.2,0.1,3.0,0.3,0.066,6,48,0.0,0.22448979591836735,47,19,4,1,47,3|5|1|7|2|4|1|9|5|2,network_wide,49
chain,50,0.01,0.02,0.0,0.2,0.1,3.0,0.3,0.066,7,49,0.0,0.22448979591836735,46,19,5,1,46,1|5|1|7|2|4|1|9|5|3,network_wide,49
chain,50,0.01,0.02,0.0,0.2,0.1,3.0,0.3,0.066,8,50,0.0,0.22448979591836735,45,19,5,1,45,1|5|1|7|2|4|1|9|5|4,network_wide,49
chain,50,0.01,0.02,0.0,0.2,0.1,3.0,0.3,0.066,9,51,0.0,0.20408163265306123,44,19,5,1,44,5|1|7|2|4|1|9|5|5,network_wide,49
chain,50,0.01,0.02,0.0,0.2,0.1,3.0,0.3,0.066,10,52,0.0,0.20408163265306123,43,19,6,1,43,4|1|7|2|4|1|9|5|6,network_wide,49
chain,50,0.01,0.02,0.0,0.2,0.1,3.0,0.3,0.066,11,53,0.0,0.20408163265306123,42,19,5,1,42,3|1|7|2|4|1|9|5|7,network_wide,49
chain,50,0.01,0.02,0.0,0.2,0.1,3.0,0.3,0.066,12,54,0.0,0.20408163265306123,41,19,6,1,41,3|1|7|2|4|1|9|5|8,network_wide,49
chain,50,0.01,0.02,0.0,0.2,0.1,3.0,0.3,0.066,13,55,0.0,0.20408163265306123,40,19,5,1,40,1|1|7|2|4|1|9|5|9,network_wide,49
chain,50,0.01,0.02,0.0,0.2,0.1,3.0,0.3,0.066,14,56,0.0,0.20408163265306123,39,19,5,1,39,1|1|7|2|4|1|9|5|10,network_wide,49
chain,50,0.01,0.02,0.0,0.2,0.1,3.0,0.3,0.066,15,57,0.0,0.1836734693877551,38,19,16,0,38,1|7|2|4|1|9|5|11,network_wide,49
chain,50,0.01,0.02,0.0,0.2,0.1,3.0,0.3,0.066,16,58,0.0,0.1836734693877551,37,19,16,0,37,1|7|2|4|1|9|5|12,network_wide,49
chain,50,0.01,0.02,0.0,0.2,0.1,3.0,0.3,0.066,17,59,0.0,0.16326530612244897,36,19,16,0,36,7|2|4|1|9|5|13,network_wide,49
chain,50,0.01,0.02,0.0,0.2,0.1,3.0,0.3,0.066,18,60,0.0,0.16326530612244897,35,19,16,0,35,7|2|4|1|9|5|14,network_wide,49
chain,50,0.01,0.02,0.0,0.2,0.1,3.0,0.3,0.066,19,61,0.0,0.16326530612244897,34,19,16,0,34,6|2|4|1|9|5|15,network_wide,49
chain,50,0.01,0.02,0.0,0.2,0.1,3.0,0.3,0.066,20,62,0.0,0.16326530612244897,33,19,16,0,33,5|2|4|1|9|5|16,network_wide,49
chain,50,0.01,0.02,0.0,0.2,0.1,3.0,0.3,0.066,21,63,0.0,0.1836734693877551,49,19,16,0,49,4|2|4|1|9|5|16,network_wide,49
chain,50,0.01,0.02,0.0,0.2,0.1,3.0,0.3,0.066,22,64,0.0,0.1836734693877551,49,19,1,0,49,3|2|4|1|9|5|17,network_wide,49
chain,50,0.01,0.02,0.0,0.2,0.1,3.0,0.3,0.066,23,65,0.0,0.1836734693877551,48,19,3,0,48,2|2|4|1|9|5|17|1,network_wide,49
chain,50,0.01,0.02,0.0,0.2,0.1,3.0,0.3,0.066,24,66,0.0,0.1836734693877551,47,19,3,0,47,1|2|4|1|9|5|17|2,core_weighted,49
chain,50,0.01,0.02,0.0,0.2,0.1,3.0,0.3,0.066,25,67,0.0,0.16326530612244897,46,19,1,0,46,2|4|1|9|5|17|3,core_weighted,49
chain,50,0.01,0.02,0.0,0.2,0.1,3.0,0.3,0.066,26,68,0.0,0.16326530612244897,45,19,1,0,45,1|4|1|9|5|17|4,core_weighted,49
chain,50,0.01,0.02,0.0,0.2,0.1,3.0,0.3,0.066,27,69,0.0,0.16326530612244897,44,19,1,0,44,1|4|1|9|5|17|5,network_wide,49
chain,50,0.01,0.02,0.0,0.2,0.1,3.0,0.3,0.066,28,70,0.0,0.14285714285714285,43,19,1,0,43,4|1|9|5|17|6,core_weighted,49
chain,50,0.01,0.02,0.0,0.2,0.1,3.0,0.3,0.066,29,71,0.0,0.1836734693877551,49,19,3,0,49,3|1|9|5|17|5,network_wide,49
chain,50,0.01,0.02,0.0,0.2,0.1,3.0,0.3,0.066,30,72,0.0,0.1836734693877551,48,19,1,0,48,2|1|9|5|17|5|1,network_wide,49
chain,50,0.01,0.02,0.0,0.2,0.1,3.0,0.3,0.066,31,73,0.0,0.1836734693877551,47,19,3,0,47,2|1|9|5|17|5|2,network_wide,49
chain,50,0.01,0.02,0.0,0.2,0.1,3.0,0.3,0.066,32,74,0.0,0.16326530612244897,46,19,1,0,46,1|9|5|17|6|3,core_weighted,49
chain,50,0.01,0.02,0.0,0.2,0.1,3.0,0.3,0.066,33,75,0.0,0.16326530612244897,45,19,1,0,45,1|9|5|17|5|4,network_wide,49
chain,50,0.01,0.02,0.0,0.2,0.1,3.0,0.3,0.066,34,76,0.0,0.16326530612244897,44,19,1,0,44,9|5|17|5|5,network_wide,49
chain,50,0.01,0.02,0.0,0.2,0.1,3.0,0.3,0.066,35,77,0.0,0.14285714285714285,43,19,1,0,43,9|5|17|5|6,network_wide,49
chain,50,0.01,0.02,0.0,0.2,0.1,3.0,0.3,0.066,36,78,0.0,0.14285714285714285,42,19,1,0,42,8|5|17|5|7,network_wide,49
chain,50,0.01,0.02,0.0,0.2,0.1,3.0,0.3,0.066,37,79,0.0,0.16326530612244897,49,19,1,0,49,8|5|17|5|7,network_wide,49
chain,50,0.01,0.02,0.0,0.2,0.1,3.0,0.3,0.066,38,80,0.0,0.16326530612244897,48,19,4,0,48,6|5|17|5|7|1,network_wide,49
chain,50,0.01,0.02,0.0,0.2,0.1,3.0,0.3,0.066,39,81,0.0,0.16326530612244897,47,19,1,0,47,5|5|17|5|7|2,network_wide,49
chain,50,0.01,0.02,0.0,0.2,0.1,3.0,0.3,0.066,40,82,0.0,0.16326530612244897,46,19,3,0,46,4|5|17|5|7|3,network_wide,49
chain,50,0.01,0.02,0.0,0.2,0.1,3.0,0.3,0.066,41,83,0.0,0.16326530612244897,45,19,1,0,45,4|5|17|5|7|4,network_wide,49
chain,50,0.01,0.02,0.0,0.2,0.1,3.0,0.3,0.066,42,84,0.0,0.16326530612244897,44,19,3,0,44,2|5|17|5|7|5,network_wide,49
chain,50,0.01,0.02,0.0,0.2,0.1,3.0,0.3,0.066,43,85,0.0,0.16326530612244897,43,19,1,0,43,1|5|17|5|7|6,network_wide,49
chain,50,0.01,0.02,0.0,0.2,0.1,3.0,0.3,0.066,44,86,0.0,0.16326530612244897,42,19,3,0,42,1|5|17|5|7|7,network_wide,49
chain,50,0.01,0.02,0.0,0.2,0.1,3.0,0.3,0.066,45,87,0.0,0.14285714285714285,41,19,1,0,41,5|17|5|7|8,network_wide,49
chain,50,0.01,0.02,0.0,0.2,0.1,3.0,0.3,0.066,46,88,0.0,0.12244897959183673,40,8,4,0,40,5|17|5|7|9,network_wide,49
chain,50,0.01,0.02,0.0,0.2,0.1,3.0,0.3,0.066,47,89,0.0,0.10204081632653061,39,10,3,0,39,5|17|5|7|10,network_wide,49
chain,50,0.01,0.02,0.0,0.2,0.1,3.0,0.3,0.066,48,90,0.0,0.12244897959183673,49,10,1,0,49,4|17|5|7|10,network_wide,49
chain,50,0.01,0.02,0.0,0.2,0.1,3.0,0.3,0.066,49,91,0.0,0.12244897959183673,48,10,1,0,48,3|17|5|7|10|1,network_wide,49
chain,50,0.01,0.02,0.0,0.2,0.1,3.0,0.3,0.068,0,42,0.0,0.22448979591836735,47,19,4,1,47,3|4|5|1|7|2|4|1|9|2,network_wide,49
chain,50,0.01,0.02,0.0,0.2,0.1,3.0,0.3,0.068,1,43,0.0,0.24489795918367346,46,19,5,1,46,2|3|5|1|7|2|4|1|9|3,network_wide,49
chain,50,0.01,0.02,0.0,0.2,0.1,3.0,0.3,0.068,2,44,0.0,0.24489795918367346,45,19,4,1,45,2|3|5|1|7|2|4|1|9|4,network_wide,49
chain,50,0.01,0.02,0.0,0.2,0.1,3.0,0.3,0.068,3,45,0.0,0.22448979591836735,44,19,4,1,44,1|4|5|1|7|2|4|1|9|5,network_wide,49
chain,50,0.01,0.02,0.0,0.2,0.1,3.0,0.3,0.068,4,46,0.0,0.24489795918367346,49,19,4,1,49,3|5|1|7|2|4|1|9|5,network_wide,49
chain,50,0.01,0.02,0.0,0.2,0.1,3.0,0.3,0.068,5,47,0.0,0.22448979591836735,48,19,5,1,48,3|5|1|7|2|4|1|9|5|1,network_wide,49
chain,50,0.01,0.02,0.0,0.2,0.1,3.0,0.3,0.068,6,48,0.0,0.22448979591836735,47,19,4,1,47,3|5|1|7|2|4|1|9|5|2,network_wide,49
chain,50,0.01,0.02,0.0,0.2,0.1,3.0,0.3,0.068,7,49,0.0,0.22448979591836735,46,19,5,1,46,1|5|1|7|2|4|1|9|5|3,network_wide,49
chain,50,0.01,0.02,0.0,0.2,0.1,3.0,0.3,0.068,8,50,0.0,0.22448979591836735,45,19,5,1,45,1|5|1|7|2|4|1|9|5|4,network_wide,49
chain,50,0.01,0.02,0.0,0.2,0.1,3.0,0.3,0.068,9,51,0.0,0.20408163265306123,44,19,5,1,44,5|1|7|2|4|1|9|5|5,network_wide,49
chain,50,0.01,0.02,0.0,0.2,0.1,3.0,0.3,0.068,10,52,0.0,0.20408163265306123,43,19,6,1,43,4|1|7|2|4|1|9|5|6,network_wide,49
chain,50,0.01,0.02,0.0,0.2,0.1,3.0,0.3,0.068,11,53,0.0,0.20408163265306123,42,19,5,1,42,3|1|7|2|4|1|9|5|7,network_wide,49
chain,50,0.01,0.02,0.0,0.2,0.1,3.0,0.3,0.068,12,54,0.0,0.20408163265306123,41,19,6,1,41,3|1|7|2|4|1|9|5|8,network_wide,49
chain,50,0.01,0.02,0.0,0.2,0.1,3.0,0.3,0.068,13,55,0.0,0.20408163265306123,40,19,5,1,40,1|1|7|2|4|1|9|5|9,network_wide,49
chain,50,0.01,0.02,0.0,0.2,0.1,3.0,0.3,0.068,14,56,0.0,0.20408163265306123,39,19,5,1,39,1|1|7|2|4|1|9|5|10,network_wide,49
chain,50,0.01,0.02,0.0,0.2,0.1,3.0,0.3,0.068,15,57,0.0,0.1836734693877551,38,19,16,0,38,1|7|2|4|1|9|5|11,network_wide,49
chain,50,0.01,0.02,0.0,0.2,0.1,3.0,0.3,0.068,16,58,0.0,0.1836734693877551,37,19,16,0,37,1|7|2|4|1|9|5|12,network_wide,49
chain,50,0.01,0.02,0.0,0.2,0.1,3.0,0.3,0.068,17,59,0.0,0.16326530612244897,36,19,16,0,36,7|2|4|1|9|5|13,network_wide,49
chain,50,0.01,0.02,0.0,0.2,0.1,3.0,0.3,0.068,18,60,0.0,0.16326530612244897,35,19,16,0,35,7|2|4|1|9|5|14,network_wide,49
chain,50,0.01,0.02,0.0,0.2,0.1,3.0,0.3,0.068,19,61,0.0,0.16326530612244897,34,19,16,0,34,6|2|4|1|9|5|15,network_wide,49
chain,50,0.01,0.02,0.0,0.2,0.1,3.0,0.3,0.068,20,62,0.0,0.16326530612244897,33,19,16,0,33,5|2|4|1|9|5|16,network_wide,49
chain,50,0.01,0.02,0.0,0.2,0.1,3.0,0.3,0.068,21,63,0.0,0.16326530612244897,32,19,16,0,32,4|2|4|1|9|5|17,network_wide,49
chain,50,0.01,0.02,0.0,0.2,0.1,3.0,0.3,0.068,22,64,0.0,0.1836734693877551,49,19,1,0,49,3|2|4|1|9|5|17,network_wide,49
chain,50,0.01,0.02,0.0,0.2,0.1,3.0,0.3,0.068,23,65,0.0,0.1836734693877551,48,19,3,0,48,2|2|4|1|9|5|17|1,network_wide,49
chain,50,0.01,0.02,0.0,0.2,0.1,3.0,0.3,0.068,24,66,0.0,0.1836734693877551,47,19,3,0,47,1|2|4|1|9|5|17|2,core_weighted,49
chain,50,0.01,0.02,0.0,0.2,0.1,3.0,0.3,0.068,25,67,0.0,0.16326530612244897,46,19,1,0,46,2|4|1|9|5|17|3,core_weighted,49
chain,50,0.01,0.02,0.0,0.2,0.1,3.0,0.3,0.068,26,68,0.0,0.16326530612244897,45,19,1,0,45,1|4|1|9|5|17|4,core_weighted,49
chain,50,0.01,0.02,0.0,0.2,0.1,3.0,0.3,0.068,27,69,0.0,0.16326530612244897,44,19,1,0,44,1|4|1|9|5|17|5,network_wide,49
chain,50,0.01,0.02,0.0,0.2,0.1,3.0,0.3,0.068,28,70,0.0,0.14285714285714285,43,19,1,0,43,4|1|9|5|17|6,core_weighted,49
chain,50,0.01,0.02,0.0,0.2,0.1,3.0,0.3,0.068,29,71,0.0,0.16326530612244897,49,19,3,0,49,3|1|9|5|17|6,core_weighted,49
chain,50,0.01,0.02,0.0,0.2,0.1,3.0,0.3,0.068,30,72,0.0,0.16326530612244897,48,19,1,0,48,2|1|9|5|17|6|1,core_weighted,49
chain,50,0.01,0.02,0.0,0.2,0.1,3.0,0.3,0.068,31,73,0.0,0.16326530612244897,47,19,3,0,47,2|1|9|5|17|6|2,network_wide,49
chain,50,0.01,0.02,0.0,0.2,0.1,3.0,0.3,0.068,32,74,0.0,0.16326530612244897,46,19,1,0,46,1|9|5|17|6|3,core_weighted,49
chain,50,0.01,0.02,0.0,0.2,0.1,3.0,0.3,0.068,33,75,0.0,0.14285714285714285,45,19,1,0,45,1|9|5|17|6|4,core_weighted,49
chain,50,0.01,0.02,0.0,0.2,0.1,3.0,0.3,0.068,34,76,0.0,0.14285714285714285,44,19,1,0,44,9|5|17|6|5,core_weighted,49
chain,50,0.01,0.02,0.0,0.2,0.1,3.0,0.3,0.068,35,77,0.0,0.12244897959183673,43,19,1,0,43,9|5|17|6|6,network_wide,49
chain,50,0.01,0.02,0.0,0.2,0.1,3.0,0.3,0.068,36,78,0.0,0.12244897959183673,42,19,1,0,42,8|5|17|6|7,network_wide,49
chain,50,0.01,0.02,0.0,0.2,0.1,3.0,0.3,0.068,37,79,0.0,0.14285714285714285,49,19,1,0,49,8|5|17|6|7,network_wide,49
chain,50,0.01,0.02,0.0,0.2,0.1,3.0,0.3,0.068,38,80,0.0,0.12244897959183673,48,19,75,0,48,6|5|24|7|1,core_weighted,49
chain,50,0.01,0.02,0.0,0.2,0.1,3.0,0.3,0.068,39,81,0.0,0.14285714285714285,47,19,1,0,47,5|5|17|6|7|2,network_wide,49
chain,50,0.01,0.02,0.0,0.2,0.1,3.0,0.3,0.068,40,82,0.0,0.14285714285714285,46,19,3,0,46,4|5|17|6|7|3,core_weighted,49
chain,50,0.01,0.02,0.0,0.2,0.1,3.0,0.3,0.068,41,83,0.0,0.14285714285714285,45,19,1,0,45,4|5|17|6|7|4,network_wide,49
chain,50,0.01,0.02,0.0,0.2,0.1,3.0,0.3,0.068,42,84,0.0,0.14285714285714285,44,19,3,0,44,2|5|17|6|7|5,core_weighted,49
chain,50,0.01,0.02,0.0,0.2,0.1,3.0,0.3,0.068,43,85,0.0,0.14285714285714285,43,19,1,0,43,1|5|17|6|7|6,core_weighted,49
chain,50,0.01,0.02,0.0,0.2,0.1,3.0,0.3,0.068,44,86,0.0,0.14285714285714285,42,19,3,0,42,1|5|17|6|7|7,network_wide,49
chain,50,0.01,0.02,0.0,0.2,0.1,3.0,0.3,0.068,45,87,0.0,0.12244897959183673,41,19,1,0,41,5|17|6|7|8,core_weighted,49
chain,50,0.01,0.02,0.0,0.2,0.1,3.0,0.3,0.068,46,88,0.0,0.10204081632653061,40,8,4,0,40,5|17|6|7|9,network_wide,49
chain,50,0.01,0.02,0.0,0.2,0.1,3.0,0.3,0.068,47,89,0.0,0.08163265306122448,39,8,3,0,39,5|17|6|7|10,network_wide,49
chain,50,0.01,0.02,0.0,0.2,0.1,3.0,0.3,0.068,48,90,0.0,0.10204081632653061,49,8,1,0,49,4|17|6|7|10,network_wide,49
chain,50,0.01,0.02,0.0,0.2,0.1,3.0,0.3,0.068,49,91,0.0,0.10204081632653061,48,8,1,0,48,3|17|6|7|10|1,network_wide,49
chain,50,0.01,0.02,0.0,0.2,0.1,3.0,0.3,0.07,0,42,0.0,0.20408163265306123,47,19,4,1,47,3|4|5|1|7|2|4|1|10|2,network_wide,49
chain,50,0.01,0.02,0.0,0.2,0.1,3.0,0.3,0.07,1,43,0.0,0.20408163265306123,46,19,5,1,46,2|4|5|1|7|2|4|1|10|3,network_wide,49
chain,50,0.01,0.02,0.0,0.2,0.1,3.0,0.3,0.07,2,44,0.0,0.20408163265306123,45,19,4,1,45,2|4|5|1|7|2|4|1|10|4,network_wide,49
chain,50,0.01,0.02,0.0,0.2,0.1,3.0,0.3,0.07,3,45,0.0,0.20408163265306123,44,19,4,1,44,1|4|5|1|7|2|4|1|10|5,network_wide,49
chain,50,0.01,0.02,0.0,0.2,0.1,3.0,0.3,0.07,4,46,0.0,0.20408163265306123,49,19,5,1,49,4|5|1|7|2|4|1|10|5,network_wide,49
chain,50,0.01,0.02,0.0,0.2,0.1,3.0,0.3,0.07,5,47,0.0,0.20408163265306123,48,19,5,1,48,3|5|1|7|2|4|1|10|5|1,network_wide,49
chain,50,0.01,0.02,0.0,0.2,0.1,3.0,0.3,0.07,6,48,0.0,0.20408163265306123,47,19,4,1,47,3|5|1|7|2|4|1|10|5|2,network_wide,49
chain,50,0.01,0.02,0.0,0.2,0.1,3.0,0.3,0.07,7,49,0.0,0.20408163265306123,46,19,5,1,46,1|5|1|7|2|4|1|10|5|3,network_wide,49
chain,50,0.01,0.02,0.0,0.2,0.1,3.0,0.3,0.07,8,50,0.0,0.20408163265306123,45,19,5,1,45,1|5|1|7|2|4|1|10|5|4,network_wide,49
chain,50,0.01,0.02,0.0,0.2,0.1,3.0,0.3,0.07,9,51,0.0,0.1836734693877551,44,19,5,0,44,5|1|7|2|4|1|10|5|5,network_wide,49
chain,50,0.01,0.02,0.0,0.2,0.1,3.0,0.3,0.07,10,52,0.0,0.16326530612244897,43,19,16,0,43,6|7|2|4|1|10|5|6,network_wide,49
chain,50,0.01,0.02,0.0,0.2,0.1,3.0,0.3,0.07,11,53,0.0,0.1836734693877551,42,19,5,0,42,3|1|7|2|4|1|10|5|7,network_wide,49
chain,50,0.01,0.02,0.0,0.2,0.1,3.0,0.3,0.07,12,54,0.0,0.1836734693877551,41,19,6,0,41,3|1|7|2|4|1|10|5|8,network_wide,49
chain,50,0.01,0.02,0.0,0.2,0.1,3.0,0.3,0.07,13,55,0.0,0.1836734693877551,40,19,6,0,40,1|1|7|2|4|1|10|5|9,network_wide,49
chain,50,0.01,0.02,0.0,0.2,0.1,3.0,0.3,0.07,14,56,0.0,0.1836734693877551,39,19,5,0,39,1|1|7|2|4|1|10|5|10,network_wide,49
chain,50,0.01,0.02,0.0,0.2,0.1,3.0,0.3,0.07,15,57,0.0,0.16326530612244897,38,19,16,0,38,1|7|2|4|1|10|5|11,network_wide,49
chain,50,0.01,0.02,0.0,0.2,0.1,3.0,0.3,0.07,16,58,0.0,0.16326530612244897,37,19,16,0,37,1|7|2|4|1|10|5|12,network_wide,49
chain,50,0.01,0.02,0.0,0.2,0.1,3.0,0.3,0.07,17,59,0.0,0.14285714285714285,36,19,47,0,36,7|2|4|1|10|5|13,network_wide,49
chain,50,0.01,0.02,0.0,0.2,0.1,3.0,0.3,0.07,18,60,0.0,0.14285714285714285,35,19,47,0,35,7|2|4|1|10|5|14,network_wide,49
chain,50,0.01,0.02,0.0,0.2,0.1,3.0,0.3,0.07,19,61,0.0,0.14285714285714285,34,19,16,0,34,6|2|4|1|10|5|15,network_wide,49
chain,50,0.01,0.02,0.0,0.2,0.1,3.0,0.3,0.07,20,62,0.0,0.14285714285714285,33,19,47,0,33,5|2|4|1|10|5|16,network_wide,49
chain,50,0.01,0.02,0.0,0.2,0.1,3.0,0.3,0.07,21,63,0.0,0.14285714285714285,32,19,16,0,32,4|2|4|1|10|5|17,network_wide,49
chain,50,0.01,0.02,0.0,0.2,0.1,3.0,0.3,0.07,22,64,0.0,0.16326530612244897,49,19,1,0,49,3|2|4|1|10|5|17,network_wide,49
chain,50,0.01,0.02,0.0,0.2,0.1,3.0,0.3,0.07,23,65,0.0,0.16326530612244897,48,19,3,0,48,2|2|4|1|10|5|17|1,network_wide,49
chain,50,0.01,0.02,0.0,0.2,0.1,3.0,0.3,0.07,24,66,0.0,0.16326530612244897,47,19,3,0,47,1|2|4|1|10|5|17|2,core_weighted,49
chain,50,0.01,0.02,0.0,0.2,0.1,3.0,0.3,0.07,25,67,0.0,0.14285714285714285,46,19,1,0,46,2|4|1|10|5|17|3,core_weighted,49
chain,50,0.01,0.02,0.0,0.2,0.1,3.0,0.3,0.07,26,68,0.0,0.14285714285714285,45,19,1,0,45,1|4|1|10|5|17|4,core_weighted,49
chain,50,0.01,0.02,0.0,0.2,0.1,3.0,0.3,0.07,27,69,0.0,0.14285714285714285,44,19,1,0,44,1|4|1|10|5|17|5,network_wide,49
chain,50,0.01,0.02,0.0,0.2,0.1,3.0,0.3,0.07,28,70,0.0,0.12244897959183673,43,19,1,0,43,4|1|10|5|17|6,core_weighted,49
chain,50,0.01,0.02,0.0,0.2,0.1,3.0,0.3,0.07,29,71,0.0,0.14285714285714285,49,19,3,0,49,3|1|10|5|17|6,network_wide,49
chain,50,0.01,0.02,0.0,0.2,0.1,3.0,0.3,0.07,30,72,0.0,0.14285714285714285,48,19,1,0,48,2|1|10|5|17|6|1,core_weighted,49
chain,50,0.01,0.02,0.0,0.2,0.1,3.0,0.3,0.07,31,73,0.0,0.14285714285714285,47,19,3,0,47,2|1|10|5|17|6|2,network_wide,49
chain,50,0.01,0.02,0.0,0.2,0.1,3.0,0.3,0.07,32,74,0.0,0.14285714285714285,46,19,1,0,46,1|10|5|17|6|3,core_weighted,49
chain,50,0.01,0.02,0.0,0.2,0.1,3.0,0.3,0.07,33,75,0.0,0.12244897959183673,45,19,1,0,45,1|10|5|17|6|4,network_wide,49
chain,50,0.01,0.02,0.0,0.2,0.1,3.0,0.3,0.07,34,76,0.0,0.12244897959183673,44,19,1,0,44,10|5|17|6|5,network_wide,49
chain,50,0.01,0.02,0.0,0.2,0.1,3.0,0.3,0.07,35,77,0.0,0.10204081632653061,43,19,1,0,43,10|5|17|6|6,network_wide,49
chain,50,0.01,0.02,0.0,0.2,0.1,3.0,0.3,0.07,36,78,0.0,0.10204081632653061,42,19,1,0,42,9|5|17|6|7,network_wide,49
chain,50,0.01,0.02,0.0,0.2,0.1,3.0,0.3,0.07,37,79,0.0,0.12244897959183673,49,19,1,0,49,9|5|17|6|7,network_wide,49
chain,50,0.01,0.02,0.0,0.2,0.1,3.0,0.3,0.07,38,80,0.0,0.10204081632653061,48,19,75,0,48,7|5|24|7|1,network_wide,49
chain,50,0.01,0.02,0.0,0.2,0.1,3.0,0.3,0.07,39,81,0.0,0.12244897959183673,47,19,1,0,47,6|5|17|6|7|2,network_wide,49
chain,50,0.01,0.02,0.0,0.2,0.1,3.0,0.3,0.07,40,82,0.0,0.12244897959183673,46,19,3,0,46,5|5|17|6|7|3,network_wide,49
chain,50,0.01,0.02,0.0,0.2,0.1,3.0,0.3,0.07,41,83,0.0,0.12244897959183673,45,19,1,0,45,5|5|17|6|7|4,network_wide,49
chain,50,0.01,0.02,0.0,0.2,0.1,3.0,0.3,0.07,42,84,0.0,0.12244897959183673,44,19,3,0,44,3|5|17|6|7|5,network_wide,49
chain,50,0.01,0.02,0.0,0.2,0.1,3.0,0.3,0.07,43,85,0.0,0.12244897959183673,43,19,1,0,43,2|5|17|6|7|6,network_wide,49
chain,50,0.01,0.02,0.0,0.2,0.1,3.0,0.3,0.07,44,86,0.0,0.12244897959183673,42,19,3,0,42,2|5|17|6|7|7,network_wide,49
chain,50,0.01,0.02,0.0,0.2,0.1,3.0,0.3,0.07,45,87,0.0,0.12244897959183673,41,19,1,0,41,1|5|17|6|7|8,network_wide,49
chain,50,0.01,0.02,0.0,0.2,0.1,3.0,0.3,0.07,46,88,0.0,0.10204081632653061,40,7,4,0,40,5|17|6|7|9,network_wide,49
chain,50,0.01,0.02,0.0,0.2,0.1,3.0,0.3,0.07,47,89,0.0,0.08163265306122448,39,7,3,0,39,5|17|6|7|10,network_wide,49
chain,50,0.01,0.02,0.0,0.2,0.1,3.0,0.3,0.07,48,90,0.0,0.10204081632653061,49,8,1,0,49,4|17|6|7|10,network_wide,49
chain,50,0.01,0.02,0.0,0.2,0.1,3.0,0.3,0.07,49,91,0.0,0.10204081632653061,48,8,1,0,48,3|17|6|7|10|1,network_wide,49
chain,50,0.01,0.02,0.0,0.2,0.1,3.0,0.3,0.072,0,42,0.0,0.1836734693877551,46,12,4,0,46,3|4|5|1|7|2|4|1|10|3,network_wide,49
chain,50,0.01,0.02,0.0,0.2,0.1,3.0,0.3,0.072,1,43,0.0,0.1836734693877551,45,12,5,0,45,2|4|5|1|7|2|4|1|10|4,network_wide,49
chain,50,0.01,0.02,0.0,0.2,0.1,3.0,0.3,0.072,2,44,0.0,0.1836734693877551,44,12,4,0,44,2|4|5|1|7|2|4|1|10|5,network_wide,49
chain,50,0.01,0.02,0.0,0.2,0.1,3.0,0.3,0.072,3,45,0.0,0.1836734693877551,43,12,4,0,43,1|4|5|1|7|2|4|1|10|6,network_wide,49
chain,50,0.01,0.02,0.0,0.2,0.1,3.0,0.3,0.072,4,46,0.0,0.16326530612244897,49,12,5,0,49,4|5|9|2|4|1|10|6,network_wide,49
chain,50,0.01,0.02,0.0,0.2,0.1,3.0,0.3,0.072,5,47,0.0,0.1836734693877551,48,12,5,0,48,3|5|1|7|2|4|1|10|6|1,network_wide,49
chain,50,0.01,0.02,0.0,0.2,0.1,3.0,0.3,0.072,6,48,0.0,0.16326530612244897,47,12,4,0,47,3|5|9|2|4|1|10|6|2,network_wide,49
chain,50,0.01,0.02,0.0,0.2,0.1,3.0,0.3,0.072,7,49,0.0,0.16326530612244897,46,12,5,0,46,1|5|9|2|4|1|10|6|3,network_wide,49
chain,50,0.01,0.02,0.0,0.2,0.1,3.0,0.3,0.072,8,50,0.0,0.16326530612244897,45,12,5,0,45,1|5|9|2|4|1|10|6|4,network_wide,49
chain,50,0.01,0.02,0.0,0.2,0.1,3.0,0.3,0.072,9,51,0.0,0.14285714285714285,44,12,5,0,44,5|9|2|4|1|10|6|5,network_wide,49
chain,50,0.01,0.02,0.0,0.2,0.1,3.0,0.3,0.072,10,52,0.0,0.14285714285714285,43,12,38,0,43,6|7|2|4|1|10|6|6,network_wide,49
chain,50,0.01,0.02,0.0,0.2,0.1,3.0,0.3,0.072,11,53,0.0,0.14285714285714285,42,12,5,0,42,3|9|2|4|1|10|6|7,network_wide,49
chain,50,0.01,0.02,0.0,0.2,0.1,3.0,0.3,0.072,12,54,0.0,0.16326530612244897,41,12,6,0,41,3|1|7|2|4|1|10|6|8,network_wide,49
chain,50,0.01,0.02,0.0,0.2,0.1,3.0,0.3,0.072,13,55,0.0,0.16326530612244897,40,12,6,0,40,1|1|7|2|4|1|10|6|9,network_wide,49
chain,50,0.01,0.02,0.0,0.2,0.1,3.0,0.3,0.072,14,56,0.0,0.16326530612244897,39,12,5,0,39,1|1|7|2|4|1|10|6|10,network_wide,49
chain,50,0.01,0.02,0.0,0.2,0.1,3.0,0.3,0.072,15,57,0.0,0.14285714285714285,38,12,16,0,38,1|7|2|4|1|10|6|11,network_wide,49
chain,50,0.01,0.02,0.0,0.2,0.1,3.0,0.3,0.072,16,58,0.0,0.14285714285714285,37,12,16,0,37,1|7|2|4|1|10|6|12,network_wide,49
chain,50,0.01,0.02,0.0,0.2,0.1,3.0,0.3,0.072,17,59,0.0,0.12244897959183673,36,12,47,0,36,7|2|4|1|10|6|13,network_wide,49
chain,50,0.01,0.02,0.0,0.2,0.1,3.0,0.3,0.072,18,60,0.0,0.12244897959183673,35,12,47,0,35,7|2|4|1|10|6|14,network_wide,49
chain,50,0.01,0.02,0.0,0.2,0.1,3.0,0.3,0.072,19,61,0.0,0.12244897959183673,34,12,16,0,34,6|2|4|1|10|6|15,network_wide,49
chain,50,0.01,0.02,0.0,0.2,0.1,3.0,0.3,0.072,20,62,0.0,0.12244897959183673,33,12,47,0,33,5|2|4|1|10|6|16,network_wide,49
chain,50,0.01,0.02,0.0,0.2,0.1,3.0,0.3,0.072,21,63,0.0,0.12244897959183673,32,12,16,0,32,4|2|4|1|10|6|17,network_wide,49
chain,50,0.01,0.02,0.0,0.2,0.1,3.0,0.3,0.072,22,64,0.0,0.14285714285714285,49,12,1,0,49,3|2|4|1|10|6|17,core_weighted,49
chain,50,0.01,0.02,0.0,0.2,0.1,3.0,0.3,0.072,23,65,0.0,0.14285714285714285,48,12,3,0,48,2|2|4|1|10|6|17|1,core_weighted,49
chain,50,0.01,0.02,0.0,0.2,0.1,3.0,0.3,0.072,24,66,0.0,0.14285714285714285,47,12,3,0,47,1|2|4|1|10|6|17|2,core_weighted,49
chain,50,0.01,0.02,0.0,0.2,0.1,3.0,0.3,0.072,25,67,0.0,0.12244897959183673,46,12,1,0,46,2|4|1|10|6|17|3,core_weighted,49
chain,50,0.01,0.02,0.0,0.2,0.1,3.0,0.3,0.072,26,68,0.0,0.12244897959183673,45,12,1,0,45,1|4|1|10|6|17|4,core_weighted,49
chain,50,0.01,0.02,0.0,0.2,0.1,3.0,0.3,0.072,27,69,0.0,0.12244897959183673,44,12,1,0,44,1|4|1|10|6|17|5,core_weighted,49
chain,50,0.01,0.02,0.0,0.2,0.1,3.0,0.3,0.072,28,70,0.0,0.10204081632653061,43,12,1,0,43,4|1|10|6|17|6,core_weighted,49
chain,50,0.01,0.02,0.0,0.2,0.1,3.0,0.3,0.072,29,71,0.0,0.12244897959183673,49,12,3,0,49,3|1|10|6|17|6,network_wide,49
chain,50,0.01,0.02,0.0,0.2,0.1,3.0,0.3,0.072,30,72,0.0,0.12244897959183673,48,12,1,0,48,2|1|10|6|17|6|1,network_wide,49
chain,50,0.01,0.02,0.0,0.2,0.1,3.0,0.3,0.072,31,73,0.0,0.12244897959183673,47,12,3,0,47,2|1|10|6|17|6|2,network_wide,49
chain,50,0.01,0.02,0.0,0.2,0.1,3.0,0.3,0.072,32,74,0.0,0.12244897959183673,46,12,1,0,46,1|10|6|17|6|3,core_weighted,49
chain,50,0.01,0.02,0.0,0.2,0.1,3.0,0.3,0.072,33,75,0.0,0.10204081632653061,45,12,1,0,45,1|10|6|17|6|4,network_wide,49
chain,50,0.01,0.02,0.0,0.2,0.1,3.0,0.3,0.072,34,76,0.0,0.10204081632653061,44,12,1,0,44,1|10|6|17|6|5,network_wide,49
chain,50,0.01,0.02,0.0,0.2,0.1,3.0,0.3,0.072,35,77,0.0,0.08163265306122448,43,12,1,0,43,10|6|17|6|6,network_wide,49
chain,50,0.01,0.02,0.0,0.2,0.1,3.0,0.3,0.072,36,78,0.0,0.08163265306122448,42,12,1,0,42,9|6|17|6|7,network_wide,49
chain,50,0.01,0.02,0.0,0.2,0.1,3.0,0.3,0.072,37,79,0.0,0.10204081632653061,49,12,1,0,49,9|6|17|6|7,network_wide,49
chain,50,0.01,0.02,0.0,0.2,0.1,3.0,0.3,0.072,38,80,0.0,0.08163265306122448,48,12,75,0,48,8|6|24|7|1,network_wide,49
chain,50,0.01,0.02,0.0,0.2,0.1,3.0,0.3,0.072,39,81,0.0,0.10204081632653061,47,12,1,0,47,6|6|17|6|7|2,network_wide,49
chain,50,0.01,0.02,0.0,0.2,0.1,3.0,0.3,0.072,40,82,0.0,0.10204081632653061,46,12,4,0,46,5|6|17|6|7|3,network_wide,49
chain,50,0.01,0.02,0.0,0.2,0.1,3.0,0.3,0.072,41,83,0.0,0.10204081632653061,45,12,1,0,45,5|6|17|6|7|4,network_wide,49
chain,50,0.01,0.02,0.0,0.2,0.1,3.0,0.3,0.072,42,84,0.0,0.10204081632653061,44,12,3,0,44,3|6|17|6|7|5,network_wide,49
chain,50,0.01,0.02,0.0,0.2,0.1,3.0,0.3,0.072,43,85,0.0,0.10204081632653061,43,12,1,0,43,2|6|17|6|7|6,network_wide,49
chain,50,0.01,0.02,0.0,0.2,0.1,3.0,0.3,0.072,44,86,0.0,0.10204081632653061,42,12,3,0,42,2|6|17|6|7|7,network_wide,49
chain,50,0.01,0.02,0.0,0.2,0.1,3.0,0.3,0.072,45,87,0.0,0.10204081632653061,41,12,1,0,41,1|6|17|6|7|8,network_wide,49
chain,50,0.01,0.02,0.0,0.2,0.1,3.0,0.3,0.072,46,88,0.0,0.08163265306122448,40,7,4,0,40,6|17|6|7|9,network_wide,49
chain,50,0.01,0.02,0.0,0.2,0.1,3.0,0.3,0.072,47,89,0.0,0.08163265306122448,39,7,3,0,39,5|17|6|7|10,network_wide,49
chain,50,0.01,0.02,0.0,0.2,0.1,3.0,0.3,0.072,48,90,0.0,0.10204081632653061,49,8,1,0,49,4|17|6|7|10,network_wide,49
chain,50,0.01,0.02,0.0,0.2,0.1,3.0,0.3,0.072,49,91,0.0,0.10204081632653061,48,8,1,0,48,3|17|6|7|10|1,network_wide,49
chain,50,0.01,0.02,0.0,0.2,0.1,3.0,0.3,0.074,0,42,0.0,0.16326530612244897,46,12,4,0,46,3|4|5|9|2|4|1|10|3,network_wide,49
chain,50,0.01,0.02,0.0,0.2,0.1,3.0,0.3,0.074,1,43,0.0,0.1836734693877551,45,12,5,0,45,2|4|5|1|7|2|4|1|10|4,network_wide,49
chain,50,0.01,0.02,0.0,0.2,0.1,3.0,0.3,0.074,2,44,0.0,0.1836734693877551,44,12,4,0,44,2|4|5|1|7|2|4|1|10|5,network_wide,49
chain,50,0.01,0.02,0.0,0.2,0.1,3.0,0.3,0.074,3,45,0.0,0.16326530612244897,43,12,4,0,43,1|4|5|9|2|4|1|10|6,network_wide,49
chain,50,0.01,0.02,0.0,0.2,0.1,3.0,0.3,0.074,4,46,0.0,0.16326530612244897,49,12,5,0,49,4|5|9|2|4|1|10|6,network_wide,49
chain,50,0.01,0.02,0.0,0.2,0.1,3.0,0.3,0.074,5,47,0.0,0.16326530612244897,48,12,5,0,48,3|5|9|2|4|1|10|6|1,network_wide,49
chain,50,0.01,0.02,0.0,0.2,0.1,3.0,0.3,0.074,6,48,0.0,0.16326530612244897,47,12,4,0,47,3|5|9|2|4|1|10|6|2,network_wide,49
chain,50,0.01,0.02,0.0,0.2,0.1,3.0,0.3,0.074,7,49,0.0,0.16326530612244897,46,12,5,0,46,1|5|9|2|4|1|10|6|3,network_wide,49
chain,50,0.01,0.02,0.0,0.2,0.1,3.0,0.3,0.074,8,50,0.0,0.16326530612244897,45,12,5,0,45,1|5|9|2|4|1|10|6|4,network_wide,49
chain,50,0.01,0.02,0.0,0.2,0.1,3.0,0.3,0.074,9,51,0.0,0.14285714285714285,44,12,5,0,44,5|9|2|4|1|10|6|5,network_wide,49
chain,50,0.01,0.02,0.0,0.2,0.1,3.0,0.3,0.074,10,52,0.0,0.14285714285714285,43,12,38,0,43,6|7|2|4|1|10|6|6,network_wide,49
chain,50,0.01,0.02,0.0,0.2,0.1,3.0,0.3,0.074,11,53,0.0,0.14285714285714285,42,12,5,0,42,3|9|2|4|1|10|6|7,network_wide,49
chain,50,0.01,0.02,0.0,0.2,0.1,3.0,0.3,0.074,12,54,0.0,0.16326530612244897,41,12,6,0,41,3|1|7|2|4|1|10|6|8,network_wide,49
chain,50,0.01,0.02,0.0,0.2,0.1,3.0,0.3,0.074,13,55,0.0,0.14285714285714285,40,12,6,0,40,1|9|2|4|1|10|6|9,network_wide,49
chain,50,0.01,0.02,0.0,0.2,0.1,3.0,0.3,0.074,14,56,0.0,0.14285714285714285,39,12,5,0,39,1|9|2|4|1|10|6|10,network_wide,49
chain,50,0.01,0.02,0.0,0.2,0.1,3.0,0.3,0.074,15,57,0.0,0.14285714285714285,38,12,38,0,38,1|7|2|4|1|10|6|11,network_wide,49
chain,50,0.01,0.02,0.0,0.2,0.1,3.0,0.3,0.074,16,58,0.0,0.14285714285714285,37,12,16,0,37,1|7|2|4|1|10|6|12,network_wide,49
chain,50,0.01,0.02,0.0,0.2,0.1,3.0,0.3,0.074,17,59,0.0,0.12244897959183673,36,12,47,0,36,7|2|4|1|10|6|13,network_wide,49
chain,50,0.01,0.02,0.0,0.2,0.1,3.0,0.3,0.074,18,60,0.0,0.12244897959183673,35,12,47,0,35,7|2|4|1|10|6|14,network_wide,49
chain,50,0.01,0.02,0.0,0.2,0.1,3.0,0.3,0.074,19,61,0.0,0.12244897959183673,34,12,16,0,34,6|2|4|1|10|6|15,network_wide,49
chain,50,0.01,0.02,0.0,0.2,0.1,3.0,0.3,0.074,20,62,0.0,0.12244897959183673,33,12,47,0,33,5|2|4|1|10|6|16,network_wide,49
chain,50,0.01,0.02,0.0,0.2,0.1,3.0,0.3,0.074,21,63,0.0,0.12244897959183673,32,12,47,0,32,4|2|4|1|10|6|17,network_wide,49
chain,50,0.01,0.02,0.0,0.2,0.1,3.0,0.3,0.074,22,64,0.0,0.14285714285714285,49,12,1,0,49,3|2|4|1|10|6|17,core_weighted,49
chain,50,0.01,0.02,0.0,0.2,0.1,3.0,0.3,0.074,23,65,0.0,0.14285714285714285,48,12,3,0,48,2|2|4|1|10|6|17|1,core_weighted,49
chain,50,0.01,0.02,0.0,0.2,0.1,3.0,0.3,0.074,24,66,0.0,0.14285714285714285,47,12,3,0,47,1|2|4|1|10|6|17|2,core_weighted,49
chain,50,0.01,0.02,0.0,0.2,0.1,3.0,0.3,0.074,25,67,0.0,0.12244897959183673,46,12,1,0,46,2|4|1|10|6|17|3,core_weighted,49
chain,50,0.01,0.02,0.0,0.2,0.1,3.0,0.3,0.074,26,68,0.0,0.12244897959183673,45,12,1,0,45,1|4|1|10|6|17|4,core_weighted,49
chain,50,0.01,0.02,0.0,0.2,0.1,3.0,0.3,0.074,27,69,0.0,0.12244897959183673,44,12,1,0,44,1|4|1|10|6|17|5,core_weighted,49
chain,50,0.01,0.02,0.0,0.2,0.1,3.0,0.3,0.074,28,70,0.0,0.10204081632653061,43,12,1,0,43,4|1|10|6|17|6,core_weighted,49
chain,50,0.01,0.02,0.0,0.2,0.1,3.0,0.3,0.074,29,71,0.0,0.12244897959183673,49,12,3,0,49,3|1|10|6|17|6,network_wide,49
chain,50,0.01,0.02,0.0,0.2,0.1,3.0,0.3,0.074,30,72,0.0,0.12244897959183673,48,12,1,0,48,2|1|10|6|17|6|1,network_wide,49
chain,50,0.01,0.02,0.0,0.2,0.1,3.0,0.3,0.074,31,73,0.0,0.12244897959183673,47,12,3,0,47,2|1|10|6|17|6|2,network_wide,49
chain,50,0.01,0.02,0.0,0.2,0.1,3.0,0.3,0.074,32,74,0.0,0.12244897959183673,46,12,1,0,46,1|10|6|17|6|3,core_weighted,49
chain,50,0.01,0.02,0.0,0.2,0.1,3.0,0.3,0.074,33,75,0.0,0.10204081632653061,45,12,1,0,45,1|10|6|17|6|4,network_wide,49
chain,50,0.01,0.02,0.0,0.2,0.1,3.0,0.3,0.074,34,76,0.0,0.10204081632653061,44,12,1,0,44,1|10|6|17|6|5,network_wide,49
chain,50,0.01,0.02,0.0,0.2,0.1,3.0,0.3,0.074,35,77,0.0,0.08163265306122448,43,12,1,0,43,10|6|17|6|6,network_wide,49
chain,50,0.01,0.02,0.0,0.2,0.1,3.0,0.3,0.074,36,78,0.0,0.08163265306122448,42,12,1,0,42,9|6|17|6|7,network_wide,49
chain,50,0.01,0.02,0.0,0.2,0.1,3.0,0.3,0.074,37,79,0.0,0.10204081632653061,49,12,1,0,49,9|6|17|6|7,network_wide,49
chain,50,0.01,0.02,0.0,0.2,0.1,3.0,0.3,0.074,38,80,0.0,0.08163265306122448,48,12,75,0,48,8|6|24|7|1,network_wide,49
chain,50,0.01,0.02,0.0,0.2,0.1,3.0,0.3,0.074,39,81,0.0,0.10204081632653061,47,12,1,0,47,7|6|17|6|7|2,network_wide,49
chain,50,0.01,0.02,0.0,0.2,0.1,3.0,0.3,0.074,40,82,0.0,0.10204081632653061,46,12,4,0,46,5|6|17|6|7|3,network_wide,49
chain,50,0.01,0.02,0.0,0.2,0.1,3.0,0.3,0.074,41,83,0.0,0.10204081632653061,45,12,1,0,45,5|6|17|6|7|4,network_wide,49
chain,50,0.01,0.02,0.0,0.2,0.1,3.0,0.3,0.074,42,84,0.0,0.10204081632653061,44,12,3,0,44,3|6|17|6|7|5,network_wide,49
chain,50,0.01,0.02,0.0,0.2,0.1,3.0,0.3,0.074,43,85,0.0,0.10204081632653061,43,12,1,0,43,2|6|17|6|7|6,network_wide,49
chain,50,0.01,0.02,0.0,0.2,0.1,3.0,0.3,0.074,44,86,0.0,0.10204081632653061,42,12,3,0,42,2|6|17|6|7|7,network_wide,49
chain,50,0.01,0.02,0.0,0.2,0.1,3.0,0.3,0.074,45,87,0.0,0.10204081632653061,41,12,1,0,41,1|6|17|6|7|8,network_wide,49
chain,50,0.01,0.02,0.0,0.2,0.1,3.0,0.3,0.074,46,88,0.0,0.08163265306122448,40,7,4,0,40,6|17|6|7|9,network_wide,49
chain,50,0.01,0.02,0.0,0.2,0.1,3.0,0.3,0.074,47,89,0.0,0.08163265306122448,39,7,3,0,39,5|17|6|7|10,network_wide,49
chain,50,0.01,0.02,0.0,0.2,0.1,3.0,0.3,0.074,48,90,0.0,0.10204081632653061,49,8,1,0,49,4|17|6|7|10,network_wide,49
chain,50,0.01,0.02,0.0,0.2,0.1,3.0,0.3,0.074,49,91,0.0,0.10204081632653061,48,8,1,0,48,3|17|6|7|10|1,network_wide,49
chain,50,0.01,0.02,0.0,0.2,0.1,3.0,0.3,0.076,0,42,0.0,0.14285714285714285,46,11,4,0,46,3|4|5|12|4|1|10|3,network_wide,49
chain,50,0.01,0.02,0.0,0.2,0.1,3.0,0.3,0.076,1,43,0.0,0.16326530612244897,45,11,5,0,45,2|4|5|1|10|4|1|10|4,network_wide,49
chain,50,0.01,0.02,0.0,0.2,0.1,3.0,0.3,0.076,2,44,0.0,0.16326530612244897,44,11,4,0,44,2|4|5|1|10|4|1|10|5,network_wide,49
chain,50,0.01,0.02,0.0,0.2,0.1,3.0,0.3,0.076,3,45,0.0,0.14285714285714285,43,11,4,0,43,1|4|5|12|4|1|10|6,network_wide,49
chain,50,0.01,0.02,0.0,0.2,0.1,3.0,0.3,0.076,4,46,0.0,0.14285714285714285,49,11,5,0,49,4|5|12|4|1|10|6,network_wide,49
chain,50,0.01,0.02,0.0,0.2,0.1,3.0,0.3,0.076,5,47,0.0,0.14285714285714285,48,11,5,0,48,3|5|12|4|1|10|6|1,network_wide,49
chain,50,0.01,0.02,0.0,0.2,0.1,3.0,0.3,0.076,6,48,0.0,0.14285714285714285,47,11,4,0,47,3|5|12|4|1|10|6|2,network_wide,49
chain,50,0.01,0.02,0.0,0.2,0.1,3.0,0.3,0.076,7,49,0.0,0.14285714285714285,46,11,5,0,46,1|5|12|4|1|10|6|3,network_wide,49
chain,50,0.01,0.02,0.0,0.2,0.1,3.0,0.3,0.076,8,50,0.0,0.14285714285714285,45,11,5,0,45,1|5|12|4|1|10|6|4,network_wide,49
chain,50,0.01,0.02,0.0,0.2,0.1,3.0,0.3,0.076,9,51,0.0,0.12244897959183673,44,11,5,0,44,5|12|4|1|10|6|5,network_wide,49
chain,50,0.01,0.02,0.0,0.2,0.1,3.0,0.3,0.076,10,52,0.0,0.12244897959183673,43,11,38,0,43,6|10|4|1|10|6|6,network_wide,49
chain,50,0.01,0.02,0.0,0.2,0.1,3.0,0.3,0.076,11,53,0.0,0.12244897959183673,42,11,5,0,42,3|12|4|1|10|6|7,network_wide,49
chain,50,0.01,0.02,0.0,0.2,0.1,3.0,0.3,0.076,12,54,0.0,0.14285714285714285,41,11,6,0,41,3|1|10|4|1|10|6|8,network_wide,49
chain,50,0.01,0.02,0.0,0.2,0.1,3.0,0.3,0.076,13,55,0.0,0.12244897959183673,40,11,6,0,40,1|12|4|1|10|6|9,network_wide,49
chain,50,0.01,0.02,0.0,0.2,0.1,3.0,0.3,0.076,14,56,0.0,0.12244897959183673,39,11,5,0,39,1|12|4|1|10|6|10,network_wide,49
chain,50,0.01,0.02,0.0,0.2,0.1,3.0,0.3,0.076,15,57,0.0,0.12244897959183673,38,11,38,0,38,1|10|4|1|10|6|11,network_wide,49
chain,50,0.01,0.02,0.0,0.2,0.1,3.0,0.3,0.076,16,58,0.0,0.12244897959183673,37,11,38,0,37,1|10|4|1|10|6|12,network_wide,49
chain,50,0.01,0.02,0.0,0.2,0.1,3.0,0.3,0.076,17,59,0.0,0.10204081632653061,36,11,75,0,36,10|4|1|10|6|13,network_wide,49
chain,50,0.01,0.02,0.0,0.2,0.1,3.0,0.3,0.076,18,60,0.0,0.10204081632653061,35,11,75,0,35,10|4|1|10|6|14,network_wide,49
chain,50,0.01,0.02,0.0,0.2,0.1,3.0,0.3,0.076,19,61,0.0,0.10204081632653061,34,11,75,0,34,9|4|1|10|6|15,network_wide,49
chain,50,0.01,0.02,0.0,0.2,0.1,3.0,0.3,0.076,20,62,0.0,0.10204081632653061,33,11,75,0,33,8|4|1|10|6|16,network_wide,49
chain,50,0.01,0.02,0.0,0.2,0.1,3.0,0.3,0.076,21,63,0.0,0.10204081632653061,32,11,75,0,32,7|4|1|10|6|17,network_wide,49
chain,50,0.01,0.02,0.0,0.2,0.1,3.0,0.3,0.076,22,64,0.0,0.12244897959183673,49,11,1,0,49,6|4|1|10|6|17,network_wide,49
chain,50,0.01,0.02,0.0,0.2,0.1,3.0,0.3,0.076,23,65,0.0,0.12244897959183673,48,11,3,0,48,5|4|1|10|6|17|1,network_wide,49
chain,50,0.01,0.02,0.0,0.2,0.1,3.0,0.3,0.076,24,66,0.0,0.12244897959183673,47,11,3,0,47,4|4|1|10|6|17|2,network_wide,49
chain,50,0.01,0.02,0.0,0.2,0.1,3.0,0.3,0.076,25,67,0.0,0.12244897959183673,46,11,1,0,46,2|4|1|10|6|17|3,core_weighted,49
chain,50,0.01,0.02,0.0,0.2,0.1,3.0,0.3,0.076,26,68,0.0,0.12244897959183673,45,11,1,0,45,1|4|1|10|6|17|4,core_weighted,49
chain,50,0.01,0.02,0.0,0.2,0.1,3.0,0.3,0.076,27,69,0.0,0.12244897959183673,44,11,1,0,44,1|4|1|10|6|17|5,core_weighted,49
chain,50,0.01,0.02,0.0,0.2,0.1,3.0,0.3,0.076,28,70,0.0,0.10204081632653061,43,11,1,0,43,4|1|10|6|17|6,core_weighted,49
chain,50,0.01,0.02,0.0,0.2,0.1,3.0,0.3,0.076,29,71,0.0,0.10204081632653061,42,11,3,0,42,3|1|10|6|17|7,core_weighted,49
chain,50,0.01,0.02,0.0,0.2,0.1,3.0,0.3,0.076,30,72,0.0,0.10204081632653061,41,11,1,0,41,2|1|10|6|17|8,core_weighted,49
chain,50,0.01,0.02,0.0,0.2,0.1,3.0,0.3,0.076,31,73,0.0,0.10204081632653061,40,11,3,0,40,2|1|10|6|17|9,network_wide,49
chain,50,0.01,0.02,0.0,0.2,0.1,3.0,0.3,0.076,32,74,0.0,0.10204081632653061,39,11,1,0,39,1|10|6|17|10,core_weighted,49
chain,50,0.01,0.02,0.0,0.2,0.1,3.0,0.3,0.076,33,75,0.0,0.08163265306122448,38,11,1,0,38,1|10|6|17|11,core_weighted,49
chain,50,0.01,0.02,0.0,0.2,0.1,3.0,0.3,0.076,34,76,0.0,0.08163265306122448,37,11,1,0,37,1|10|6|17|12,network_wide,49
chain,50,0.01,0.02,0.0,0.2,0.1,3.0,0.3,0.076,35,77,0.0,0.061224489795918366,36,11,1,0,36,10|6|17|13,network_wide,49
chain,50,0.01,0.02,0.0,0.2,0.1,3.0,0.3,0.076,36,78,0.0,0.061224489795918366,35,11,1,0,35,9|6|17|14,network_wide,49
chain,50,0.01,0.02,0.0,0.2,0.1,3.0,0.3,0.076,37,79,0.0,0.08163265306122448,49,11,1,0,49,9|6|17|14,network_wide,49
chain,50,0.01,0.02,0.0,0.2,0.1,3.0,0.3,0.076,38,80,0.0,0.061224489795918366,48,11,75,0,48,8|6|32|1,network_wide,49
chain,50,0.01,0.02,0.0,0.2,0.1,3.0,0.3,0.076,39,81,0.0,0.08163265306122448,47,11,1,0,47,7|6|17|14|2,network_wide,49
chain,50,0.01,0.02,0.0,0.2,0.1,3.0,0.3,0.076,40,82,0.0,0.08163265306122448,46,11,4,0,46,5|6|17|14|3,network_wide,49
chain,50,0.01,0.02,0.0,0.2,0.1,3.0,0.3,0.076,41,83,0.0,0.08163265306122448,45,11,1,0,45,5|6|17|14|4,network_wide,49
chain,50,0.01,0.02,0.0,0.2,0.1,3.0,0.3,0.076,42,84,0.0,0.08163265306122448,44,11,3,0,44,3|6|17|14|5,core_weighted,49
chain,50,0.01,0.02,0.0,0.2,0.1,3.0,0.3,0.076,43,85,0.0,0.08163265306122448,43,11,1,0,43,2|6|17|14|6,core_weighted,49
chain,50,0.01,0.02,0.0,0.2,0.1,3.0,0.3,0.076,44,86,0.0,0.08163265306122448,42,11,3,0,42,2|6|17|14|7,network_wide,49
chain,50,0.01,0.02,0.0,0.2,0.1,3.0,0.3,0.076,45,87,0.0,0.08163265306122448,41,11,1,0,41,1|6|17|14|8,network_wide,49
chain,50,0.01,0.02,0.0,0.2,0.1,3.0,0.3,0.076,46,88,0.0,0.061224489795918366,40,9,4,0,40,6|17|14|9,network_wide,49
chain,50,0.01,0.02,0.0,0.2,0.1,3.0,0.3,0.076,47,89,0.0,0.061224489795918366,39,9,3,0,39,5|17|14|10,network_wide,49
chain,50,0.01,0.02,0.0,0.2,0.1,3.0,0.3,0.076,48,90,0.0,0.08163265306122448,49,9,1,0,49,4|17|14|10,network_wide,49
chain,50,0.01,0.02,0.0,0.2,0.1,3.0,0.3,0.076,49,91,0.0,0.08163265306122448,48,9,1,0,48,3|17|14|10|1,network_wide,49
chain,50,0.01,0.02,0.0,0.2,0.1,3.0,0.3,0.078,0,42,0.0,0.16326530612244897,46,9,4,0,46,3|4|5|12|4|10|3,network_wide,49
chain,50,0.01,0.02,0.0,0.2,0.1,3.0,0.3,0.078,1,43,0.0,0.16326530612244897,45,9,5,0,45,2|10|1|10|4|10|4,network_wide,49
chain,50,0.01,0.02,0.0,0.2,0.1,3.0,0.3,0.078,2,44,0.0,0.16326530612244897,44,9,4,0,44,2|10|1|10|4|10|5,network_wide,49
chain,50,0.01,0.02,0.0,0.2,0.1,3.0,0.3,0.078,3,45,0.0,0.14285714285714285,43,9,4,0,43,1|10|12|4|10|6,network_wide,49
chain,50,0.01,0.02,0.0,0.2,0.1,3.0,0.3,0.078,4,46,0.0,0.14285714285714285,49,9,5,0,49,10|12|4|10|6,network_wide,49
chain,50,0.01,0.02,0.0,0.2,0.1,3.0,0.3,0.078,5,47,0.0,0.16326530612244897,48,9,5,0,48,3|5|12|4|10|6|1,network_wide,49
chain,50,0.01,0.02,0.0,0.2,0.1,3.0,0.3,0.078,6,48,0.0,0.14285714285714285,47,9,4,0,47,9|12|4|10|6|2,network_wide,49
chain,50,0.01,0.02,0.0,0.2,0.1,3.0,0.3,0.078,7,49,0.0,0.14285714285714285,46,9,5,0,46,7|12|4|10|6|3,network_wide,49
chain,50,0.01,0.02,0.0,0.2,0.1,3.0,0.3,0.078,8,50,0.0,0.16326530612244897,45,9,5,0,45,1|5|12|4|10|6|4,network_wide,49
chain,50,0.01,0.02,0.0,0.2,0.1,3.0,0.3,0.078,9,51,0.0,0.14285714285714285,44,9,5,0,44,5|12|4|10|6|5,network_wide,49
chain,50,0.01,0.02,0.0,0.2,0.1,3.0,0.3,0.078,10,52,0.0,0.14285714285714285,43,9,38,0,43,6|10|4|10|6|6,network_wide,49
chain,50,0.01,0.02,0.0,0.2,0.1,3.0,0.3,0.078,11,53,0.0,0.14285714285714285,42,9,5,0,42,3|12|4|10|6|7,network_wide,49
chain,50,0.01,0.02,0.0,0.2,0.1,3.0,0.3,0.078,12,54,0.0,0.14285714285714285,41,9,38,0,41,5|10|4|10|6|8,network_wide,49
chain,50,0.01,0.02,0.0,0.2,0.1,3.0,0.3,0.078,13,55,0.0,0.14285714285714285,40,9,6,0,40,1|12|4|10|6|9,network_wide,49
chain,50,0.01,0.02,0.0,0.2,0.1,3.0,0.3,0.078,14,56,0.0,0.14285714285714285,39,9,5,0,39,1|12|4|10|6|10,network_wide,49
chain,50,0.01,0.02,0.0,0.2,0.1,3.0,0.3,0.078,15,57,0.0,0.14285714285714285,38,9,38,0,38,1|10|4|10|6|11,network_wide,49
chain,50,0.01,0.02,0.0,0.2,0.1,3.0,0.3,0.078,16,58,0.0,0.14285714285714285,37,9,38,0,37,1|10|4|10|6|12,network_wide,49
chain,50,0.01,0.02,0.0,0.2,0.1,3.0,0.3,0.078,17,59,0.0,0.12244897959183673,36,9,75,0,36,10|4|10|6|13,network_wide,49
chain,50,0.01,0.02,0.0,0.2,0.1,3.0,0.3,0.078,18,60,0.0,0.12244897959183673,35,9,75,0,35,10|4|10|6|14,network_wide,49
chain,50,0.01,0.02,0.0,0.2,0.1,3.0,0.3,0.078,19,61,0.0,0.12244897959183673,34,9,75,0,34,9|4|10|6|15,network_wide,49
chain,50,0.01,0.02,0.0,0.2,0.1,3.0,0.3,0.078,20,62,0.0,0.12244897959183673,33,9,75,0,33,8|4|10|6|16,network_wide,49
chain,50,0.01,0.02,0.0,0.2,0.1,3.0,0.3,0.078,21,63,0.0,0.12244897959183673,32,9,75,0,32,7|4|10|6|17,network_wide,49
chain,50,0.01,0.02,0.0,0.2,0.1,3.0,0.3,0.078,22,64,0.0,0.14285714285714285,49,9,1,0,49,6|4|10|6|17,network_wide,49
chain,50,0.01,0.02,0.0,0.2,0.1,3.0,0.3,0.078,23,65,0.0,0.14285714285714285,48,9,3,0,48,5|4|10|6|17|1,network_wide,49
chain,50,0.01,0.02,0.0,0.2,0.1,3.0,0.3,0.078,24,66,0.0,0.14285714285714285,47,9,3,0,47,4|4|10|6|17|2,network_wide,49
chain,50,0.01,0.02,0.0,0.2,0.1,3.0,0.3,0.078,25,67,0.0,0.14285714285714285,46,9,1,0,46,2|4|10|6|17|3,core_weighted,49
chain,50,0.01,0.02,0.0,0.2,0.1,3.0,0.3,0.078,26,68,0.0,0.14285714285714285,45,9,1,0,45,1|4|10|6|17|4,core_weighted,49
chain,50,0.01,0.02,0.0,0.2,0.1,3.0,0.3,0.078,27,69,0.0,0.14285714285714285,44,9,1,0,44,1|4|10|6|17|5,core_weighted,49
chain,50,0.01,0.02,0.0,0.2,0.1,3.0,0.3,0.078,28,70,0.0,0.12244897959183673,43,9,1,0,43,4|10|6|17|6,core_weighted,49
chain,50,0.01,0.02,0.0,0.2,0.1,3.0,0.3,0.078,29,71,0.0,0.12244897959183673,42,9,3,0,42,3|10|6|17|7,core_weighted,49
chain,50,0.01,0.02,0.0,0.2,0.1,3.0,0.3,0.078,30,72,0.0,0.12244897959183673,41,9,1,0,41,2|10|6|17|8,core_weighted,49
chain,50,0.01,0.02,0.0,0.2,0.1,3.0,0.3,0.078,31,73,0.0,0.12244897959183673,40,9,3,0,40,2|10|6|17|9,core_weighted,49
chain,50,0.01,0.02,0.0,0.2,0.1,3.0,0.3,0.078,32,74,0.0,0.12244897959183673,39,9,1,0,39,10|6|17|10,core_weighted,49
chain,50,0.01,0.02,0.0,0.2,0.1,3.0,0.3,0.078,33,75,0.0,0.10204081632653061,38,9,1,0,38,10|6|17|11,core_weighted,49
chain,50,0.01,0.02,0.0,0.2,0.1,3.0,0.3,0.078,34,76,0.0,0.08163265306122448,37,9,1,0,37,10|6|17|12,core_weighted,49
chain,50,0.01,0.02,0.0,0.2,0.1,3.0,0.3,0.078,35,77,0.0,0.061224489795918366,36,9,1,0,36,10|6|17|13,network_wide,49
chain,50,0.01,0.02,0.0,0.2,0.1,3.0,0.3,0.078,36,78,0.0,0.061224489795918366,35,9,1,0,35,9|6|17|14,network_wide,49
chain,50,0.01,0.02,0.0,0.2,0.1,3.0,0.3,0.078,37,79,0.0,0.08163265306122448,49,9,1,0,49,9|6|17|14,network_wide,49
chain,50,0.01,0.02,0.0,0.2,0.1,3.0,0.3,0.078,38,80,0.0,0.061224489795918366,48,9,75,0,48,8|6|32|1,network_wide,49
chain,50,0.01,0.02,0.0,0.2,0.1,3.0,0.3,0.078,39,81,0.0,0.08163265306122448,47,9,1,0,47,7|6|17|14|2,network_wide,49
chain,50,0.01,0.02,0.0,0.2,0.1,3.0,0.3,0.078,40,82,0.0,0.08163265306122448,46,9,4,0,46,5|6|17|14|3,network_wide,49
chain,50,0.01,0.02,0.0,0.2,0.1,3.0,0.3,0.078,41,83,0.0,0.08163265306122448,45,9,1,0,45,5|6|17|14|4,network_wide,49
chain,50,0.01,0.02,0.0,0.2,0.1,3.0,0.3,0.078,42,84,0.0,0.08163265306122448,44,9,3,0,44,3|6|17|14|5,core_weighted,49
chain,50,0.01,0.02,0.0,0.2,0.1,3.0,0.3,0.078,43,85,0.0,0.08163265306122448,43,9,1,0,43,2|6|17|14|6,core_weighted,49
chain,50,0.01,0.02,0.0,0.2,0.1,3.0,0.3,0.078,44,86,0.0,0.08163265306122448,42,9,3,0,42,2|6|17|14|7,network_wide,49
chain,50,0.01,0.02,0.0,0.2,0.1,3.0,0.3,0.078,45,87,0.0,0.08163265306122448,41,9,1,0,41,1|6|17|14|8,network_wide,49
chain,50,0.01,0.02,0.0,0.2,0.1,3.0,0.3,0.078,46,88,0.0,0.061224489795918366,40,8,4,0,40,6|17|14|9,network_wide,49
chain,50,0.01,0.02,0.0,0.2,0.1,3.0,0.3,0.078,47,89,0.0,0.061224489795918366,39,8,3,0,39,5|17|14|10,network_wide,49
chain,50,0.01,0.02,0.0,0.2,0.1,3.0,0.3,0.078,48,90,0.0,0.08163265306122448,49,8,1,0,49,4|17|14|10,network_wide,49
chain,50,0.01,0.02,0.0,0.2,0.1,3.0,0.3,0.078,49,91,0.0,0.08163265306122448,48,8,1,0,48,3|17|14|10|1,network_wide,49
chain,50,0.01,0.02,0.0,0.2,0.1,3.0,0.3,0.08,0,42,0.0,0.16326530612244897,46,9,4,0,46,3|4|5|12|4|10|3,network_wide,49
chain,50,0.01,0.02,0.0,0.2,0.1,3.0,0.3,0.08,1,43,0.0,0.16326530612244897,45,9,5,0,45,2|4|5|12|4|10|4,network_wide,49
chain,50,0.01,0.02,0.0,0.2,0.1,3.0,0.3,0.08,2,44,0.0,0.16326530612244897,44,9,5,0,44,2|4|5|12|4|10|5,network_wide,49
chain,50,0.01,0.02,0.0,0.2,0.1,3.0,0.3,0.08,3,45,0.0,0.16326530612244897,43,9,4,0,43,1|4|5|12|4|10|6,network_wide,49
chain,50,0.01,0.02,0.0,0.2,0.1,3.0,0.3,0.08,4,46,0.0,0.16326530612244897,49,9,5,0,49,4|5|12|4|10|6,network_wide,49
chain,50,0.01,0.02,0.0,0.2,0.1,3.0,0.3,0.08,5,47,0.0,0.16326530612244897,48,9,5,0,48,3|5|12|4|10|6|1,network_wide,49
chain,50,0.01,0.02,0.0,0.2,0.1,3.0,0.3,0.08,6,48,0.0,0.16326530612244897,47,9,4,0,47,3|5|12|4|10|6|2,network_wide,49
chain,50,0.01,0.02,0.0,0.2,0.1,3.0,0.3,0.08,7,49,0.0,0.16326530612244897,46,9,5,0,46,1|5|12|4|10|6|3,network_wide,49
chain,50,0.01,0.02,0.0,0.2,0.1,3.0,0.3,0.08,8,50,0.0,0.16326530612244897,45,9,5,0,45,1|5|12|4|10|6|4,network_wide,49
chain,50,0.01,0.02,0.0,0.2,0.1,3.0,0.3,0.08,9,51,0.0,0.14285714285714285,44,9,6,0,44,5|12|4|10|6|5,network_wide,49
chain,50,0.01,0.02,0.0,0.2,0.1,3.0,0.3,0.08,10,52,0.0,0.12244897959183673,43,9,75,0,43,17|4|10|6|6,network_wide,49
chain,50,0.01,0.02,0.0,0.2,0.1,3.0,0.3,0.08,11,53,0.0,0.14285714285714285,42,9,5,0,42,3|12|4|10|6|7,network_wide,49
chain,50,0.01,0.02,0.0,0.2,0.1,3.0,0.3,0.08,12,54,0.0,0.12244897959183673,41,9,75,0,41,16|4|10|6|8,network_wide,49
chain,50,0.01,0.02,0.0,0.2,0.1,3.0,0.3,0.08,13,55,0.0,0.12244897959183673,40,9,75,0,40,14|4|10|6|9,network_wide,49
chain,50,0.01,0.02,0.0,0.2,0.1,3.0,0.3,0.08,14,56,0.0,0.14285714285714285,39,9,5,0,39,1|12|4|10|6|10,network_wide,49
chain,50,0.01,0.02,0.0,0.2,0.1,3.0,0.3,0.08,15,57,0.0,0.12244897959183673,38,9,75,0,38,12|4|10|6|11,network_wide,49
chain,50,0.01,0.02,0.0,0.2,0.1,3.0,0.3,0.08,16,58,0.0,0.12244897959183673,37,9,75,0,37,12|4|10|6|12,network_wide,49
chain,50,0.01,0.02,0.0,0.2,0.1,3.0,0.3,0.08,17,59,0.0,0.12244897959183673,36,9,75,0,36,10|4|10|6|13,network_wide,49
chain,50,0.01,0.02,0.0,0.2,0.1,3.0,0.3,0.08,18,60,0.0,0.12244897959183673,35,9,75,0,35,10|4|10|6|14,network_wide,49
chain,50,0.01,0.02,0.0,0.2,0.1,3.0,0.3,0.08,19,61,0.0,0.12244897959183673,34,9,75,0,34,9|4|10|6|15,network_wide,49
chain,50,0.01,0.02,0.0,0.2,0.1,3.0,0.3,0.08,20,62,0.0,0.12244897959183673,33,9,75,0,33,8|4|10|6|16,network_wide,49
chain,50,0.01,0.02,0.0,0.2,0.1,3.0,0.3,0.08,21,63,0.0,0.12244897959183673,32,9,75,0,32,7|4|10|6|17,network_wide,49
chain,50,0.01,0.02,0.0,0.2,0.1,3.0,0.3,0.08,22,64,0.0,0.14285714285714285,49,9,1,0,49,6|4|10|6|17,network_wide,49
chain,50,0.01,0.02,0.0,0.2,0.1,3.0,0.3,0.08,23,65,0.0,0.14285714285714285,48,9,3,0,48,5|4|10|6|17|1,network_wide,49
chain,50,0.01,0.02,0.0,0.2,0.1,3.0,0.3,0.08,24,66,0.0,0.14285714285714285,47,9,4,0,47,4|4|10|6|17|2,network_wide,49
chain,50,0.01,0.02,0.0,0.2,0.1,3.0,0.3,0.08,25,67,0.0,0.14285714285714285,46,9,1,0,46,2|4|10|6|17|3,core_weighted,49
chain,50,0.01,0.02,0.0,0.2,0.1,3.0,0.3,0.08,26,68,0.0,0.14285714285714285,45,9,1,0,45,1|4|10|6|17|4,core_weighted,49
chain,50,0.01,0.02,0.0,0.2,0.1,3.0,0.3,0.08,27,69,0.0,0.14285714285714285,44,9,1,0,44,1|4|10|6|17|5,core_weighted,49
chain,50,0.01,0.02,0.0,0.2,0.1,3.0,0.3,0.08,28,70,0.0,0.12244897959183673,43,9,1,0,43,4|10|6|17|6,core_weighted,49
chain,50,0.01,0.02,0.0,0.2,0.1,3.0,0.3,0.08,29,71,0.0,0.12244897959183673,42,9,4,0,42,3|10|6|17|7,core_weighted,49
chain,50,0.01,0.02,0.0,0.2,0.1,3.0,0.3,0.08,30,72,0.0,0.12244897959183673,41,9,1,0,41,2|10|6|17|8,core_weighted,49
chain,50,0.01,0.02,0.0,0.2,0.1,3.0,0.3,0.08,31,73,0.0,0.12244897959183673,40,9,3,0,40,2|10|6|17|9,core_weighted,49
chain,50,0.01,0.02,0.0,0.2,0.1,3.0,0.3,0.08,32,74,0.0,0.12244897959183673,39,9,1,0,39,10|6|17|10,core_weighted,49
chain,50,0.01,0.02,0.0,0.2,0.1,3.0,0.3,0.08,33,75,0.0,0.10204081632653061,38,9,1,0,38,10|6|17|11,core_weighted,49
chain,50,0.01,0.02,0.0,0.2,0.1,3.0,0.3,0.08,34,76,0.0,0.08163265306122448,37,9,1,0,37,10|6|17|12,core_weighted,49
chain,50,0.01,0.02,0.0,0.2,0.1,3.0,0.3,0.08,35,77,0.0,0.061224489795918366,36,9,1,0,36,10|6|17|13,network_wide,49
chain,50,0.01,0.02,0.0,0.2,0.1,3.0,0.3,0.08,36,78,0.0,0.061224489795918366,35,9,1,0,35,9|6|17|14,network_wide,49
chain,50,0.01,0.02,0.0,0.2,0.1,3.0,0.3,0.08,37,79,0.0,0.08163265306122448,49,9,1,0,49,9|6|17|14,network_wide,49
chain,50,0.01,0.02,0.0,0.2,0.1,3.0,0.3,0.08,38,80,0.0,0.061224489795918366,48,9,75,0,48,8|6|32|1,network_wide,49
chain,50,0.01,0.02,0.0,0.2,0.1,3.0,0.3,0.08,39,81,0.0,0.08163265306122448,47,9,1,0,47,7|6|17|14|2,network_wide,49
chain,50,0.01,0.02,0.0,0.2,0.1,3.0,0.3,0.08,40,82,0.0,0.08163265306122448,46,9,4,0,46,5|6|17|14|3,network_wide,49
chain,50,0.01,0.02,0.0,0.2,0.1,3.0,0.3,0.08,41,83,0.0,0.08163265306122448,45,9,1,0,45,5|6|17|14|4,network_wide,49
chain,50,0.01,0.02,0.0,0.2,0.1,3.0,0.3,0.08,42,84,0.0,0.08163265306122448,44,9,3,0,44,3|6|17|14|5,core_weighted,49
chain,50,0.01,0.02,0.0,0.2,0.1,3.0,0.3,0.08,43,85,0.0,0.08163265306122448,43,9,1,0,43,2|6|17|14|6,core_weighted,49
chain,50,0.01,0.02,0.0,0.2,0.1,3.0,0.3,0.08,44,86,0.0,0.08163265306122448,42,9,3,0,42,2|6|17|14|7,network_wide,49
chain,50,0.01,0.02,0.0,0.2,0.1,3.0,0.3,0.08,45,87,0.0,0.08163265306122448,41,9,1,0,41,1|6|17|14|8,network_wide,49
chain,50,0.01,0.02,0.0,0.2,0.1,3.0,0.3,0.08,46,88,0.0,0.061224489795918366,40,8,4,0,40,6|17|14|9,network_wide,49
chain,50,0.01,0.02,0.0,0.2,0.1,3.0,0.3,0.08,47,89,0.0,0.061224489795918366,39,8,3,0,39,5|17|14|10,network_wide,49
chain,50,0.01,0.02,0.0,0.2,0.1,3.0,0.3,0.08,48,90,0.0,0.08163265306122448,49,8,1,0,49,4|17|14|10,network_wide,49
chain,50,0.01,0.02,0.0,0.2,0.1,3.0,0.3,0.08,49,91,0.0,0.08163265306122448,48,8,1,0,48,3|17|14|10|1,network_wide,49
chain,50,0.01,0.02,0.0,0.2,0.1,3.0,0.3,0.082,0,42,0.0,0.16326530612244897,47,9,4,0,47,3|4|5|12|4|1|10|2,network_wide,49
chain,50,0.01,0.02,0.0,0.2,0.1,3.0,0.3,0.082,1,43,0.0,0.16326530612244897,46,9,5,0,46,2|4|5|12|4|1|10|3,network_wide,49
chain,50,0.01,0.02,0.0,0.2,0.1,3.0,0.3,0.082,2,44,0.0,0.16326530612244897,45,9,5,0,45,2|4|5|12|4|1|10|4,network_wide,49
chain,50,0.01,0.02,0.0,0.2,0.1,3.0,0.3,0.082,3,45,0.0,0.16326530612244897,44,9,4,0,44,1|4|5|12|4|1|10|5,network_wide,49
chain,50,0.01,0.02,0.0,0.2,0.1,3.0,0.3,0.082,4,46,0.0,0.16326530612244897,49,9,5,0,49,4|5|12|4|1|10|5,network_wide,49
chain,50,0.01,0.02,0.0,0.2,0.1,3.0,0.3,0.082,5,47,0.0,0.16326530612244897,48,9,5,0,48,3|5|12|4|1|10|5|1,network_wide,49
chain,50,0.01,0.02,0.0,0.2,0.1,3.0,0.3,0.082,6,48,0.0,0.16326530612244897,47,9,4,0,47,3|5|12|4|1|10|5|2,network_wide,49
chain,50,0.01,0.02,0.0,0.2,0.1,3.0,0.3,0.082,7,49,0.0,0.16326530612244897,46,9,5,0,46,1|5|12|4|1|10|5|3,network_wide,49
chain,50,0.01,0.02,0.0,0.2,0.1,3.0,0.3,0.082,8,50,0.0,0.16326530612244897,45,9,5,0,45,1|5|12|4|1|10|5|4,network_wide,49
chain,50,0.01,0.02,0.0,0.2,0.1,3.0,0.3,0.082,9,51,0.0,0.14285714285714285,44,9,6,0,44,5|12|4|1|10|5|5,network_wide,49
chain,50,0.01,0.02,0.0,0.2,0.1,3.0,0.3,0.082,10,52,0.0,0.12244897959183673,43,9,75,0,43,17|4|1|10|5|6,network_wide,49
chain,50,0.01,0.02,0.0,0.2,0.1,3.0,0.3,0.082,11,53,0.0,0.14285714285714285,42,9,5,0,42,3|12|4|1|10|5|7,network_wide,49
chain,50,0.01,0.02,0.0,0.2,0.1,3.0,0.3,0.082,12,54,0.0,0.12244897959183673,41,9,75,0,41,16|4|1|10|5|8,network_wide,49
chain,50,0.01,0.02,0.0,0.2,0.1,3.0,0.3,0.082,13,55,0.0,0.12244897959183673,40,9,75,0,40,14|4|1|10|5|9,network_wide,49
chain,50,0.01,0.02,0.0,0.2,0.1,3.0,0.3,0.082,14,56,0.0,0.14285714285714285,39,9,5,0,39,1|12|4|1|10|5|10,network_wide,49
chain,50,0.01,0.02,0.0,0.2,0.1,3.0,0.3,0.082,15,57,0.0,0.12244897959183673,38,9,75,0,38,12|4|1|10|5|11,network_wide,49
chain,50,0.01,0.02,0.0,0.2,0.1,3.0,0.3,0.082,16,58,0.0,0.12244897959183673,37,9,75,0,37,12|4|1|10|5|12,network_wide,49
chain,50,0.01,0.02,0.0,0.2,0.1,3.0,0.3,0.082,17,59,0.0,0.12244897959183673,36,9,75,0,36,10|4|1|10|5|13,network_wide,49
chain,50,0.01,0.02,0.0,0.2,0.1,3.0,0.3,0.082,18,60,0.0,0.12244897959183673,35,9,75,0,35,10|4|1|10|5|14,network_wide,49
chain,50,0.01,0.02,0.0,0.2,0.1,3.0,0.3,0.082,19,61,0.0,0.14285714285714285,34,9,48,0,34,6|2|4|1|10|5|15,network_wide,49
chain,50,0.01,0.02,0.0,0.2,0.1,3.0,0.3,0.082,20,62,0.0,0.12244897959183673,33,9,75,0,33,8|4|1|10|5|16,network_wide,49
chain,50,0.01,0.02,0.0,0.2,0.1,3.0,0.3,0.082,21,63,0.0,0.12244897959183673,32,9,75,0,32,7|4|1|10|5|17,network_wide,49
chain,50,0.01,0.02,0.0,0.2,0.1,3.0,0.3,0.082,22,64,0.0,0.14285714285714285,49,9,1,0,49,6|4|1|10|5|17,network_wide,49
chain,50,0.01,0.02,0.0,0.2,0.1,3.0,0.3,0.082,23,65,0.0,0.16326530612244897,48,9,3,0,48,2|2|4|1|10|5|17|1,network_wide,49
chain,50,0.01,0.02,0.0,0.2,0.1,3.0,0.3,0.082,24,66,0.0,0.14285714285714285,47,9,4,0,47,4|4|1|10|5|17|2,network_wide,49
chain,50,0.01,0.02,0.0,0.2,0.1,3.0,0.3,0.082,25,67,0.0,0.14285714285714285,46,9,1,0,46,2|4|1|10|5|17|3,core_weighted,49
chain,50,0.01,0.02,0.0,0.2,0.1,3.0,0.3,0.082,26,68,0.0,0.14285714285714285,45,9,1,0,45,1|4|1|10|5|17|4,core_weighted,49
chain,50,0.01,0.02,0.0,0.2,0.1,3.0,0.3,0.082,27,69,0.0,0.14285714285714285,44,9,1,0,44,1|4|1|10|5|17|5,network_wide,49
chain,50,0.01,0.02,0.0,0.2,0.1,3.0,0.3,0.082,28,70,0.0,0.12244897959183673,43,9,1,0,43,4|1|10|5|17|6,core_weighted,49
chain,50,0.01,0.02,0.0,0.2,0.1,3.0,0.3,0.082,29,71,0.0,0.12244897959183673,42,9,4,0,42,3|1|10|5|17|7,core_weighted,49
chain,50,0.01,0.02,0.0,0.2,0.1,3.0,0.3,0.082,30,72,0.0,0.12244897959183673,41,9,1,0,41,2|1|10|5|17|8,core_weighted,49
chain,50,0.01,0.02,0.0,0.2,0.1,3.0,0.3,0.082,31,73,0.0,0.12244897959183673,40,9,3,0,40,2|1|10|5|17|9,network_wide,49
chain,50,0.01,0.02,0.0,0.2,0.1,3.0,0.3,0.082,32,74,0.0,0.12244897959183673,39,9,1,0,39,1|10|5|17|10,core_weighted,49
chain,50,0.01,0.02,0.0,0.2,0.1,3.0,0.3,0.082,33,75,0.0,0.10204081632653061,38,9,1,0,38,1|10|5|17|11,core_weighted,49
chain,50,0.01,0.02,0.0,0.2,0.1,3.0,0.3,0.082,34,76,0.0,0.10204081632653061,37,9,1,0,37,1|10|5|17|12,network_wide,49
chain,50,0.01,0.02,0.0,0.2,0.1,3.0,0.3,0.082,35,77,0.0,0.08163265306122448,36,9,1,0,36,10|5|17|13,network_wide,49
chain,50,0.01,0.02,0.0,0.2,0.1,3.0,0.3,0.082,36,78,0.0,0.08163265306122448,35,9,1,0,35,9|5|17|14,network_wide,49
chain,50,0.01,0.02,0.0,0.2,0.1,3.0,0.3,0.082,37,79,0.0,0.10204081632653061,49,9,1,0,49,9|5|17|14,network_wide,49
chain,50,0.01,0.02,0.0,0.2,0.1,3.0,0.3,0.082,38,80,0.0,0.08163265306122448,48,9,75,0,48,8|5|32|1,network_wide,49
chain,50,0.01,0.02,0.0,0.2,0.1,3.0,0.3,0.082,39,81,0.0,0.10204081632653061,47,9,1,0,47,7|5|17|14|2,network_wide,49
chain,50,0.01,0.02,0.0,0.2,0.1,3.0,0.3,0.082,40,82,0.0,0.10204081632653061,46,9,4,0,46,5|5|17|14|3,core_weighted,49
chain,50,0.01,0.02,0.0,0.2,0.1,3.0,0.3,0.082,41,83,0.0,0.10204081632653061,45,9,1,0,45,5|5|17|14|4,network_wide,49
chain,50,0.01,0.02,0.0,0.2,0.1,3.0,0.3,0.082,42,84,0.0,0.10204081632653061,44,9,4,0,44,3|5|17|14|5,core_weighted,49
chain,50,0.01,0.02,0.0,0.2,0.1,3.0,0.3,0.082,43,85,0.0,0.10204081632653061,43,9,1,0,43,2|5|17|14|6,core_weighted,49
chain,50,0.01,0.02,0.0,0.2,0.1,3.0,0.3,0.082,44,86,0.0,0.10204081632653061,42,9,3,0,42,2|5|17|14|7,core_weighted,49
chain,50,0.01,0.02,0.0,0.2,0.1,3.0,0.3,0.082,45,87,0.0,0.10204081632653061,41,9,1,0,41,1|5|17|14|8,core_weighted,49
chain,50,0.01,0.02,0.0,0.2,0.1,3.0,0.3,0.082,46,88,0.0,0.061224489795918366,40,6,112,0,40,5|32|9,core_weighted,49
chain,50,0.01,0.02,0.0,0.2,0.1,3.0,0.3,0.082,47,89,0.0,0.061224489795918366,39,8,3,0,39,5|17|14|10,network_wide,49
chain,50,0.01,0.02,0.0,0.2,0.1,3.0,0.3,0.082,48,90,0.0,0.08163265306122448,49,8,1,0,49,4|17|14|10,network_wide,49
chain,50,0.01,0.02,0.0,0.2,0.1,3.0,0.3,0.082,49,91,0.0,0.08163265306122448,48,8,1,0,48,3|17|14|10|1,network_wide,49
chain,50,0.01,0.02,0.0,0.2,0.1,3.0,0.3,0.084,0,42,0.0,0.16326530612244897,47,11,4,0,47,3|4|5|12|4|1|10|2,network_wide,49
chain,50,0.01,0.02,0.0,0.2,0.1,3.0,0.3,0.084,1,43,0.0,0.16326530612244897,46,11,5,0,46,2|4|5|12|4|1|10|3,network_wide,49
chain,50,0.01,0.02,0.0,0.2,0.1,3.0,0.3,0.084,2,44,0.0,0.16326530612244897,45,11,5,0,45,2|4|5|12|4|1|10|4,network_wide,49
chain,50,0.01,0.02,0.0,0.2,0.1,3.0,0.3,0.084,3,45,0.0,0.16326530612244897,44,11,4,0,44,1|4|5|12|4|1|10|5,network_wide,49
chain,50,0.01,0.02,0.0,0.2,0.1,3.0,0.3,0.084,4,46,0.0,0.16326530612244897,49,11,5,0,49,4|5|12|4|1|10|5,network_wide,49
chain,50,0.01,0.02,0.0,0.2,0.1,3.0,0.3,0.084,5,47,0.0,0.16326530612244897,48,11,5,0,48,3|5|12|4|1|10|5|1,network_wide,49
chain,50,0.01,0.02,0.0,0.2,0.1,3.0,0.3,0.084,6,48,0.0,0.16326530612244897,47,11,4,0,47,3|5|12|4|1|10|5|2,network_wide,49
chain,50,0.01,0.02,0.0,0.2,0.1,3.0,0.3,0.084,7,49,0.0,0.16326530612244897,46,11,5,0,46,1|5|12|4|1|10|5|3,network_wide,49
chain,50,0.01,0.02,0.0,0.2,0.1,3.0,0.3,0.084,8,50,0.0,0.16326530612244897,45,11,5,0,45,1|5|12|4|1|10|5|4,network_wide,49
chain,50,0.01,0.02,0.0,0.2,0.1,3.0,0.3,0.084,9,51,0.0,0.14285714285714285,44,11,6,0,44,5|12|4|1|10|5|5,network_wide,49
chain,50,0.01,0.02,0.0,0.2,0.1,3.0,0.3,0.084,10,52,0.0,0.12244897959183673,43,11,102,0,43,17|4|1|10|5|6,network_wide,49
chain,50,0.01,0.02,0.0,0.2,0.1,3.0,0.3,0.084,11,53,0.0,0.14285714285714285,42,11,5,0,42,3|12|4|1|10|5|7,network_wide,49
chain,50,0.01,0.02,0.0,0.2,0.1,3.0,0.3,0.084,12,54,0.0,0.12244897959183673,41,11,102,0,41,16|4|1|10|5|8,network_wide,49
chain,50,0.01,0.02,0.0,0.2,0.1,3.0,0.3,0.084,13,55,0.0,0.12244897959183673,40,11,102,0,40,14|4|1|10|5|9,network_wide,49
chain,50,0.01,0.02,0.0,0.2,0.1,3.0,0.3,0.084,14,56,0.0,0.14285714285714285,39,11,5,0,39,1|12|4|1|10|5|10,network_wide,49
chain,50,0.01,0.02,0.0,0.2,0.1,3.0,0.3,0.084,15,57,0.0,0.12244897959183673,38,11,102,0,38,12|4|1|10|5|11,network_wide,49
chain,50,0.01,0.02,0.0,0.2,0.1,3.0,0.3,0.084,16,58,0.0,0.12244897959183673,37,11,102,0,37,12|4|1|10|5|12,network_wide,49
chain,50,0.01,0.02,0.0,0.2,0.1,3.0,0.3,0.084,17,59,0.0,0.12244897959183673,36,11,102,0,36,10|4|1|10|5|13,network_wide,49
chain,50,0.01,0.02,0.0,0.2,0.1,3.0,0.3,0.084,18,60,0.0,0.12244897959183673,35,11,102,0,35,10|4|1|10|5|14,network_wide,49
chain,50,0.01,0.02,0.0,0.2,0.1,3.0,0.3,0.084,19,61,0.0,0.12244897959183673,34,11,102,0,34,9|4|1|10|5|15,network_wide,49
chain,50,0.01,0.02,0.0,0.2,0.1,3.0,0.3,0.084,20,62,0.0,0.12244897959183673,33,11,102,0,33,8|4|1|10|5|16,network_wide,49
chain,50,0.01,0.02,0.0,0.2,0.1,3.0,0.3,0.084,21,63,0.0,0.12244897959183673,32,11,102,0,32,7|4|1|10|5|17,network_wide,49
chain,50,0.01,0.02,0.0,0.2,0.1,3.0,0.3,0.084,22,64,0.0,0.14285714285714285,49,11,1,0,49,6|4|1|10|5|17,network_wide,49
chain,50,0.01,0.02,0.0,0.2,0.1,3.0,0.3,0.084,23,65,0.0,0.14285714285714285,48,11,4,0,48,5|4|1|10|5|17|1,network_wide,49
chain,50,0.01,0.02,0.0,0.2,0.1,3.0,0.3,0.084,24,66,0.0,0.14285714285714285,47,11,4,0,47,4|4|1|10|5|17|2,network_wide,49
chain,50,0.01,0.02,0.0,0.2,0.1,3.0,0.3,0.084,25,67,0.0,0.14285714285714285,46,11,1,0,46,2|4|1|10|5|17|3,core_weighted,49
chain,50,0.01,0.02,0.0,0.2,0.1,3.0,0.3,0.084,26,68,0.0,0.14285714285714285,45,11,1,0,45,1|4|1|10|5|17|4,core_weighted,49
chain,50,0.01,0.02,0.0,0.2,0.1,3.0,0.3,0.084,27,69,0.0,0.14285714285714285,44,11,1,0,44,1|4|1|10|5|17|5,network_wide,49
chain,50,0.01,0.02,0.0,0.2,0.1,3.0,0.3,0.084,28,70,0.0,0.12244897959183673,43,11,1,0,43,4|1|10|5|17|6,core_weighted,49
chain,50,0.01,0.02,0.0,0.2,0.1,3.0,0.3,0.084,29,71,0.0,0.12244897959183673,42,11,4,0,42,3|1|10|5|17|7,core_weighted,49
chain,50,0.01,0.02,0.0,0.2,0.1,3.0,0.3,0.084,30,72,0.0,0.12244897959183673,41,11,1,0,41,2|1|10|5|17|8,core_weighted,49
chain,50,0.01,0.02,0.0,0.2,0.1,3.0,0.3,0.084,31,73,0.0,0.12244897959183673,40,11,3,0,40,2|1|10|5|17|9,network_wide,49
chain,50,0.01,0.02,0.0,0.2,0.1,3.0,0.3,0.084,32,74,0.0,0.12244897959183673,39,11,1,0,39,1|10|5|17|10,core_weighted,49
chain,50,0.01,0.02,0.0,0.2,0.1,3.0,0.3,0.084,33,75,0.0,0.10204081632653061,38,11,1,0,38,1|10|5|17|11,core_weighted,49
chain,50,0.01,0.02,0.0,0.2,0.1,3.0,0.3,0.084,34,76,0.0,0.10204081632653061,37,11,1,0,37,1|10|5|17|12,network_wide,49
chain,50,0.01,0.02,0.0,0.2,0.1,3.0,0.3,0.084,35,77,0.0,0.08163265306122448,36,11,1,0,36,10|5|17|13,network_wide,49
chain,50,0.01,0.02,0.0,0.2,0.1,3.0,0.3,0.084,36,78,0.0,0.08163265306122448,35,11,1,0,35,9|5|17|14,network_wide,49
chain,50,0.01,0.02,0.0,0.2,0.1,3.0,0.3,0.084,37,79,0.0,0.10204081632653061,49,11,1,0,49,9|5|17|14,network_wide,49
chain,50,0.01,0.02,0.0,0.2,0.1,3.0,0.3,0.084,38,80,0.0,0.08163265306122448,48,11,113,0,48,8|5|32|1,network_wide,49
chain,50,0.01,0.02,0.0,0.2,0.1,3.0,0.3,0.084,39,81,0.0,0.10204081632653061,47,11,1,0,47,7|5|17|14|2,network_wide,49
chain,50,0.01,0.02,0.0,0.2,0.1,3.0,0.3,0.084,40,82,0.0,0.10204081632653061,46,11,4,0,46,5|5|17|14|3,core_weighted,49
chain,50,0.01,0.02,0.0,0.2,0.1,3.0,0.3,0.084,41,83,0.0,0.10204081632653061,45,11,1,0,45,5|5|17|14|4,network_wide,49
chain,50,0.01,0.02,0.0,0.2,0.1,3.0,0.3,0.084,42,84,0.0,0.10204081632653061,44,11,4,0,44,3|5|17|14|5,core_weighted,49
chain,50,0.01,0.02,0.0,0.2,0.1,3.0,0.3,0.084,43,85,0.0,0.10204081632653061,43,11,1,0,43,2|5|17|14|6,core_weighted,49
chain,50,0.01,0.02,0.0,0.2,0.1,3.0,0.3,0.084,44,86,0.0,0.10204081632653061,42,11,3,0,42,2|5|17|14|7,core_weighted,49
chain,50,0.01,0.02,0.0,0.2,0.1,3.0,0.3,0.084,45,87,0.0,0.10204081632653061,41,11,1,0,41,1|5|17|14|8,core_weighted,49
chain,50,0.01,0.02,0.0,0.2,0.1,3.0,0.3,0.084,46,88,0.0,0.061224489795918366,40,5,113,0,40,5|32|9,core_weighted,49
chain,50,0.01,0.02,0.0,0.2,0.1,3.0,0.3,0.084,47,89,0.0,0.061224489795918366,39,8,3,0,39,5|17|14|10,network_wide,49
chain,50,0.01,0.02,0.0,0.2,0.1,3.0,0.3,0.084,48,90,0.0,0.08163265306122448,49,8,1,0,49,4|17|14|10,network_wide,49
chain,50,0.01,0.02,0.0,0.2,0.1,3.0,0.3,0.084,49,91,0.0,0.08163265306122448,48,8,1,0,48,3|17|14|10|1,network_wide,49
chain,50,0.01,0.02,0.0,0.2,0.1,3.0,0.3,0.086,0,42,0.0,0.16326530612244897,47,8,4,0,47,3|4|5|12|4|1|10|2,network_wide,49
chain,50,0.01,0.02,0.0,0.2,0.1,3.0,0.3,0.086,1,43,0.0,0.16326530612244897,46,8,6,0,46,2|4|5|12|4|1|10|3,network_wide,49
chain,50,0.01,0.02,0.0,0.2,0.1,3.0,0.3,0.086,2,44,0.0,0.16326530612244897,45,8,5,0,45,2|4|5|12|4|1|10|4,network_wide,49
chain,50,0.01,0.02,0.0,0.2,0.1,3.0,0.3,0.086,3,45,0.0,0.16326530612244897,44,8,4,0,44,1|4|5|12|4|1|10|5,network_wide,49
chain,50,0.01,0.02,0.0,0.2,0.1,3.0,0.3,0.086,4,46,0.0,0.16326530612244897,49,8,5,0,49,4|5|12|4|1|10|5,network_wide,49
chain,50,0.01,0.02,0.0,0.2,0.1,3.0,0.3,0.086,5,47,0.0,0.16326530612244897,48,8,5,0,48,3|5|12|4|1|10|5|1,network_wide,49
chain,50,0.01,0.02,0.0,0.2,0.1,3.0,0.3,0.086,6,48,0.0,0.16326530612244897,47,8,5,0,47,3|5|12|4|1|10|5|2,network_wide,49
chain,50,0.01,0.02,0.0,0.2,0.1,3.0,0.3,0.086,7,49,0.0,0.16326530612244897,46,8,5,0,46,1|5|12|4|1|10|5|3,network_wide,49
chain,50,0.01,0.02,0.0,0.2,0.1,3.0,0.3,0.086,8,50,0.0,0.16326530612244897,45,8,5,0,45,1|5|12|4|1|10|5|4,network_wide,49
chain,50,0.01,0.02,0.0,0.2,0.1,3.0,0.3,0.086,9,51,0.0,0.14285714285714285,44,8,6,0,44,5|12|4|1|10|5|5,network_wide,49
chain,50,0.01,0.02,0.0,0.2,0.1,3.0,0.3,0.086,10,52,0.0,0.12244897959183673,43,8,102,0,43,17|4|1|10|5|6,network_wide,49
chain,50,0.01,0.02,0.0,0.2,0.1,3.0,0.3,0.086,11,53,0.0,0.14285714285714285,42,8,5,0,42,3|12|4|1|10|5|7,network_wide,49
chain,50,0.01,0.02,0.0,0.2,0.1,3.0,0.3,0.086,12,54,0.0,0.12244897959183673,41,8,102,0,41,16|4|1|10|5|8,network_wide,49
chain,50,0.01,0.02,0.0,0.2,0.1,3.0,0.3,0.086,13,55,0.0,0.12244897959183673,40,8,102,0,40,14|4|1|10|5|9,network_wide,49
chain,50,0.01,0.02,0.0,0.2,0.1,3.0,0.3,0.086,14,56,0.0,0.14285714285714285,39,8,5,0,39,1|12|4|1|10|5|10,network_wide,49
chain,50,0.01,0.02,0.0,0.2,0.1,3.0,0.3,0.086,15,57,0.0,0.12244897959183673,38,8,102,0,38,12|4|1|10|5|11,network_wide,49
chain,50,0.01,0.02,0.0,0.2,0.1,3.0,0.3,0.086,16,58,0.0,0.12244897959183673,37,8,102,0,37,12|4|1|10|5|12,network_wide,49
chain,50,0.01,0.02,0.0,0.2,0.1,3.0,0.3,0.086,17,59,0.0,0.12244897959183673,36,8,102,0,36,10|4|1|10|5|13,network_wide,49
chain,50,0.01,0.02,0.0,0.2,0.1,3.0,0.3,0.086,18,60,0.0,0.12244897959183673,35,8,102,0,35,10|4|1|10|5|14,network_wide,49
chain,50,0.01,0.02,0.0,0.2,0.1,3.0,0.3,0.086,19,61,0.0,0.12244897959183673,34,8,102,0,34,9|4|1|10|5|15,network_wide,49
chain,50,0.01,0.02,0.0,0.2,0.1,3.0,0.3,0.086,20,62,0.0,0.12244897959183673,33,8,102,0,33,8|4|1|10|5|16,network_wide,49
chain,50,0.01,0.02,0.0,0.2,0.1,3.0,0.3,0.086,21,63,0.0,0.12244897959183673,32,8,102,0,32,7|4|1|10|5|17,network_wide,49
chain,50,0.01,0.02,0.0,0.2,0.1,3.0,0.3,0.086,22,64,0.0,0.14285714285714285,49,8,1,0,49,6|4|1|10|5|17,network_wide,49
chain,50,0.01,0.02,0.0,0.2,0.1,3.0,0.3,0.086,23,65,0.0,0.14285714285714285,48,8,4,0,48,5|4|1|10|5|17|1,network_wide,49
chain,50,0.01,0.02,0.0,0.2,0.1,3.0,0.3,0.086,24,66,0.0,0.14285714285714285,47,8,4,0,47,4|4|1|10|5|17|2,network_wide,49
chain,50,0.01,0.02,0.0,0.2,0.1,3.0,0.3,0.086,25,67,0.0,0.14285714285714285,46,8,1,0,46,2|4|1|10|5|17|3,core_weighted,49
chain,50,0.01,0.02,0.0,0.2,0.1,3.0,0.3,0.086,26,68,0.0,0.14285714285714285,45,8,1,0,45,1|4|1|10|5|17|4,core_weighted,49
chain,50,0.01,0.02,0.0,0.2,0.1,3.0,0.3,0.086,27,69,0.0,0.14285714285714285,44,8,1,0,44,1|4|1|10|5|17|5,network_wide,49
chain,50,0.01,0.02,0.0,0.2,0.1,3.0,0.3,0.086,28,70,0.0,0.12244897959183673,43,8,1,0,43,4|1|10|5|17|6,core_weighted,49
chain,50,0.01,0.02,0.0,0.2,0.1,3.0,0.3,0.086,29,71,0.0,0.12244897959183673,42,8,4,0,42,3|1|10|5|17|7,core_weighted,49
chain,50,0.01,0.02,0.0,0.2,0.1,3.0,0.3,0.086,30,72,0.0,0.12244897959183673,41,8,1,0,41,2|1|10|5|17|8,core_weighted,49
chain,50,0.01,0.02,0.0,0.2,0.1,3.0,0.3,0.086,31,73,0.0,0.12244897959183673,40,8,3,0,40,2|1|10|5|17|9,network_wide,49
chain,50,0.01,0.02,0.0,0.2,0.1,3.0,0.3,0.086,32,74,0.0,0.12244897959183673,39,8,1,0,39,1|10|5|17|10,core_weighted,49
chain,50,0.01,0.02,0.0,0.2,0.1,3.0,0.3,0.086,33,75,0.0,0.10204081632653061,38,8,1,0,38,1|10|5|17|11,core_weighted,49
chain,50,0.01,0.02,0.0,0.2,0.1,3.0,0.3,0.086,34,76,0.0,0.10204081632653061,37,8,1,0,37,1|10|5|17|12,network_wide,49
chain,50,0.01,0.02,0.0,0.2,0.1,3.0,0.3,0.086,35,77,0.0,0.08163265306122448,36,8,1,0,36,10|5|17|13,network_wide,49
chain,50,0.01,0.02,0.0,0.2,0.1,3.0,0.3,0.086,36,78,0.0,0.08163265306122448,35,8,1,0,35,9|5|17|14,network_wide,49
chain,50,0.01,0.02,0.0,0.2,0.1,3.0,0.3,0.086,37,79,0.0,0.10204081632653061,49,8,1,0,49,9|5|17|14,network_wide,49
chain,50,0.01,0.02,0.0,0.2,0.1,3.0,0.3,0.086,38,80,0.0,0.08163265306122448,48,8,113,0,48,8|5|32|1,network_wide,49
chain,50,0.01,0.02,0.0,0.2,0.1,3.0,0.3,0.086,39,81,0.0,0.10204081632653061,47,8,1,0,47,7|5|17|14|2,network_wide,49
chain,50,0.01,0.02,0.0,0.2,0.1,3.0,0.3,0.086,40,82,0.0,0.10204081632653061,46,8,4,0,46,5|5|17|14|3,core_weighted,49
chain,50,0.01,0.02,0.0,0.2,0.1,3.0,0.3,0.086,41,83,0.0,0.10204081632653061,45,8,1,0,45,5|5|17|14|4,network_wide,49
chain,50,0.01,0.02,0.0,0.2,0.1,3.0,0.3,0.086,42,84,0.0,0.10204081632653061,44,8,4,0,44,3|5|17|14|5,core_weighted,49
chain,50,0.01,0.02,0.0,0.2,0.1,3.0,0.3,0.086,43,85,0.0,0.10204081632653061,43,8,1,0,43,2|5|17|14|6,core_weighted,49
chain,50,0.01,0.02,0.0,0.2,0.1,3.0,0.3,0.086,44,86,0.0,0.10204081632653061,42,8,4,0,42,2|5|17|14|7,core_weighted,49
chain,50,0.01,0.02,0.0,0.2,0.1,3.0,0.3,0.086,45,87,0.0,0.10204081632653061,41,8,1,0,41,1|5|17|14|8,core_weighted,49
chain,50,0.01,0.02,0.0,0.2,0.1,3.0,0.3,0.086,46,88,0.0,0.061224489795918366,40,5,113,0,40,5|32|9,core_weighted,49
chain,50,0.01,0.02,0.0,0.2,0.1,3.0,0.3,0.086,47,89,0.0,0.061224489795918366,39,8,3,0,39,5|17|14|10,network_wide,49
chain,50,0.01,0.02,0.0,0.2,0.1,3.0,0.3,0.086,48,90,0.0,0.08163265306122448,49,8,1,0,49,4|17|14|10,network_wide,49
chain,50,0.01,0.02,0.0,0.2,0.1,3.0,0.3,0.086,49,91,0.0,0.08163265306122448,48,8,1,0,48,4|17|14|10|1,network_wide,49
chain,50,0.01,0.02,0.0,0.2,0.1,3.0,0.3,0.088,0,42,0.0,0.14285714285714285,46,8,4,0,46,3|4|5|12|4|1|10|3,network_wide,49
chain,50,0.01,0.02,0.0,0.2,0.1,3.0,0.3,0.088,1,43,0.0,0.14285714285714285,45,8,6,0,45,2|4|5|12|4|1|10|4,network_wide,49
chain,50,0.01,0.02,0.0,0.2,0.1,3.0,0.3,0.088,2,44,0.0,0.14285714285714285,44,8,5,0,44,2|4|5|12|4|1|10|5,network_wide,49
chain,50,0.01,0.02,0.0,0.2,0.1,3.0,0.3,0.088,3,45,0.0,0.14285714285714285,43,8,4,0,43,1|4|5|12|4|1|10|6,network_wide,49
chain,50,0.01,0.02,0.0,0.2,0.1,3.0,0.3,0.088,4,46,0.0,0.14285714285714285,49,8,5,0,49,4|5|12|4|1|10|6,network_wide,49
chain,50,0.01,0.02,0.0,0.2,0.1,3.0,0.3,0.088,5,47,0.0,0.14285714285714285,48,8,6,0,48,3|5|12|4|1|10|6|1,network_wide,49
chain,50,0.01,0.02,0.0,0.2,0.1,3.0,0.3,0.088,6,48,0.0,0.14285714285714285,47,8,5,0,47,3|5|12|4|1|10|6|2,network_wide,49
chain,50,0.01,0.02,0.0,0.2,0.1,3.0,0.3,0.088,7,49,0.0,0.14285714285714285,46,8,5,0,46,1|5|12|4|1|10|6|3,network_wide,49
chain,50,0.01,0.02,0.0,0.2,0.1,3.0,0.3,0.088,8,50,0.0,0.14285714285714285,45,8,5,0,45,1|5|12|4|1|10|6|4,network_wide,49
chain,50,0.01,0.02,0.0,0.2,0.1,3.0,0.3,0.088,9,51,0.0,0.10204081632653061,44,8,102,0,44,18|4|1|10|6|5,network_wide,49
chain,50,0.01,0.02,0.0,0.2,0.1,3.0,0.3,0.088,10,52,0.0,0.10204081632653061,43,8,102,0,43,17|4|1|10|6|6,network_wide,49
chain,50,0.01,0.02,0.0,0.2,0.1,3.0,0.3,0.088,11,53,0.0,0.12244897959183673,42,8,5,0,42,3|12|4|1|10|6|7,network_wide,49
chain,50,0.01,0.02,0.0,0.2,0.1,3.0,0.3,0.088,12,54,0.0,0.10204081632653061,41,8,102,0,41,16|4|1|10|6|8,network_wide,49
chain,50,0.01,0.02,0.0,0.2,0.1,3.0,0.3,0.088,13,55,0.0,0.10204081632653061,40,8,102,0,40,14|4|1|10|6|9,network_wide,49
chain,50,0.01,0.02,0.0,0.2,0.1,3.0,0.3,0.088,14,56,0.0,0.12244897959183673,39,8,6,0,39,1|12|4|1|10|6|10,network_wide,49
chain,50,0.01,0.02,0.0,0.2,0.1,3.0,0.3,0.088,15,57,0.0,0.10204081632653061,38,8,102,0,38,12|4|1|10|6|11,network_wide,49
chain,50,0.01,0.02,0.0,0.2,0.1,3.0,0.3,0.088,16,58,0.0,0.10204081632653061,37,8,102,0,37,12|4|1|10|6|12,network_wide,49
chain,50,0.01,0.02,0.0,0.2,0.1,3.0,0.3,0.088,17,59,0.0,0.10204081632653061,36,8,102,0,36,10|4|1|10|6|13,network_wide,49
chain,50,0.01,0.02,0.0,0.2,0.1,3.0,0.3,0.088,18,60,0.0,0.10204081632653061,35,8,102,0,35,10|4|1|10|6|14,network_wide,49
chain,50,0.01,0.02,0.0,0.2,0.1,3.0,0.3,0.088,19,61,0.0,0.10204081632653061,34,8,102,0,34,9|4|1|10|6|15,network_wide,49
chain,50,0.01,0.02,0.0,0.2,0.1,3.0,0.3,0.088,20,62,0.0,0.10204081632653061,33,8,102,0,33,8|4|1|10|6|16,network_wide,49
chain,50,0.01,0.02,0.0,0.2,0.1,3.0,0.3,0.088,21,63,0.0,0.10204081632653061,32,8,102,0,32,7|4|1|10|6|17,network_wide,49
chain,50,0.01,0.02,0.0,0.2,0.1,3.0,0.3,0.088,22,64,0.0,0.12244897959183673,49,8,1,0,49,6|4|1|10|6|17,network_wide,49
chain,50,0.01,0.02,0.0,0.2,0.1,3.0,0.3,0.088,23,65,0.0,0.12244897959183673,48,8,4,0,48,5|4|1|10|6|17|1,network_wide,49
chain,50,0.01,0.02,0.0,0.2,0.1,3.0,0.3,0.088,24,66,0.0,0.12244897959183673,47,8,4,0,47,4|4|1|10|6|17|2,network_wide,49
chain,50,0.01,0.02,0.0,0.2,0.1,3.0,0.3,0.088,25,67,0.0,0.12244897959183673,46,8,1,0,46,2|4|1|10|6|17|3,core_weighted,49
chain,50,0.01,0.02,0.0,0.2,0.1,3.0,0.3,0.088,26,68,0.0,0.12244897959183673,45,8,1,0,45,1|4|1|10|6|17|4,core_weighted,49
chain,50,0.01,0.02,0.0,0.2,0.1,3.0,0.3,0.088,27,69,0.0,0.12244897959183673,44,8,1,0,44,1|4|1|10|6|17|5,core_weighted,49
chain,50,0.01,0.02,0.0,0.2,0.1,3.0,0.3,0.088,28,70,0.0,0.10204081632653061,43,8,1,0,43,4|1|10|6|17|6,core_weighted,49
chain,50,0.01,0.02,0.0,0.2,0.1,3.0,0.3,0.088,29,71,0.0,0.10204081632653061,42,8,4,0,42,3|1|10|6|17|7,core_weighted,49
chain,50,0.01,0.02,0.0,0.2,0.1,3.0,0.3,0.088,30,72,0.0,0.10204081632653061,41,8,1,0,41,2|1|10|6|17|8,core_weighted,49
chain,50,0.01,0.02,0.0,0.2,0.1,3.0,0.3,0.088,31,73,0.0,0.10204081632653061,40,8,3,0,40,2|1|10|6|17|9,network_wide,49
chain,50,0.01,0.02,0.0,0.2,0.1,3.0,0.3,0.088,32,74,0.0,0.10204081632653061,39,8,1,0,39,1|10|6|17|10,core_weighted,49
chain,50,0.01,0.02,0.0,0.2,0.1,3.0,0.3,0.088,33,75,0.0,0.08163265306122448,38,8,1,0,38,1|10|6|17|11,core_weighted,49
chain,50,0.01,0.02,0.0,0.2,0.1,3.0,0.3,0.088,34,76,0.0,0.08163265306122448,37,8,1,0,37,1|10|6|17|12,network_wide,49
chain,50,0.01,0.02,0.0,0.2,0.1,3.0,0.3,0.088,35,77,0.0,0.061224489795918366,36,8,1,0,36,10|6|17|13,network_wide,49
chain,50,0.01,0.02,0.0,0.2,0.1,3.0,0.3,0.088,36,78,0.0,0.061224489795918366,35,8,1,0,35,9|6|17|14,network_wide,49
chain,50,0.01,0.02,0.0,0.2,0.1,3.0,0.3,0.088,37,79,0.0,0.08163265306122448,49,8,1,0,49,9|6|17|14,network_wide,49
chain,50,0.01,0.02,0.0,0.2,0.1,3.0,0.3,0.088,38,80,0.0,0.061224489795918366,48,8,113,0,48,8|6|32|1,network_wide,49
chain,50,0.01,0.02,0.0,0.2,0.1,3.0,0.3,0.088,39,81,0.0,0.08163265306122448,47,8,1,0,47,7|6|17|14|2,network_wide,49
chain,50,0.01,0.02,0.0,0.2,0.1,3.0,0.3,0.088,40,82,0.0,0.08163265306122448,46,8,4,0,46,5|6|17|14|3,network_wide,49
chain,50,0.01,0.02,0.0,0.2,0.1,3.0,0.3,0.088,41,83,0.0,0.08163265306122448,45,8,1,0,45,5|6|17|14|4,network_wide,49
chain,50,0.01,0.02,0.0,0.2,0.1,3.0,0.3,0.088,42,84,0.0,0.08163265306122448,44,8,4,0,44,3|6|17|14|5,core_weighted,49
chain,50,0.01,0.02,0.0,0.2,0.1,3.0,0.3,0.088,43,85,0.0,0.08163265306122448,43,8,1,0,43,2|6|17|14|6,core_weighted,49
chain,50,0.01,0.02,0.0,0.2,0.1,3.0,0.3,0.088,44,86,0.0,0.08163265306122448,42,8,4,0,42,2|6|17|14|7,network_wide,49
chain,50,0.01,0.02,0.0,0.2,0.1,3.0,0.3,0.088,45,87,0.0,0.08163265306122448,41,8,1,0,41,1|6|17|14|8,network_wide,49
chain,50,0.01,0.02,0.0,0.2,0.1,3.0,0.3,0.088,46,88,0.0,0.04081632653061224,40,5,113,0,40,6|32|9,core_weighted,49
chain,50,0.01,0.02,0.0,0.2,0.1,3.0,0.3,0.088,47,89,0.0,0.061224489795918366,39,5,3,0,39,5|17|14|10,network_wide,49
chain,50,0.01,0.02,0.0,0.2,0.1,3.0,0.3,0.088,48,90,0.0,0.08163265306122448,49,8,1,0,49,4|17|14|10,network_wide,49
chain,50,0.01,0.02,0.0,0.2,0.1,3.0,0.3,0.088,49,91,0.0,0.08163265306122448,48,8,1,0,48,4|17|14|10|1,network_wide,49
chain,50,0.01,0.02,0.0,0.2,0.1,3.0,0.3,0.09,0,42,0.0,0.14285714285714285,46,8,5,0,46,3|4|5|12|4|1|10|3,network_wide,49
chain,50,0.01,0.02,0.0,0.2,0.1,3.0,0.3,0.09,1,43,0.0,0.14285714285714285,45,8,6,0,45,2|4|5|12|4|1|10|4,network_wide,49
chain,50,0.01,0.02,0.0,0.2,0.1,3.0,0.3,0.09,2,44,0.0,0.14285714285714285,44,8,5,0,44,2|4|5|12|4|1|10|5,network_wide,49
chain,50,0.01,0.02,0.0,0.2,0.1,3.0,0.3,0.09,3,45,0.0,0.14285714285714285,43,8,4,0,43,1|4|5|12|4|1|10|6,network_wide,49
chain,50,0.01,0.02,0.0,0.2,0.1,3.0,0.3,0.09,4,46,0.0,0.14285714285714285,49,8,5,0,49,4|5|12|4|1|10|6,network_wide,49
chain,50,0.01,0.02,0.0,0.2,0.1,3.0,0.3,0.09,5,47,0.0,0.14285714285714285,48,8,6,0,48,3|5|12|4|1|10|6|1,network_wide,49
chain,50,0.01,0.02,0.0,0.2,0.1,3.0,0.3,0.09,6,48,0.0,0.14285714285714285,47,8,5,0,47,3|5|12|4|1|10|6|2,network_wide,49
chain,50,0.01,0.02,0.0,0.2,0.1,3.0,0.3,0.09,7,49,0.0,0.14285714285714285,46,8,5,0,46,1|5|12|4|1|10|6|3,network_wide,49
chain,50,0.01,0.02,0.0,0.2,0.1,3.0,0.3,0.09,8,50,0.0,0.14285714285714285,45,8,5,0,45,1|5|12|4|1|10|6|4,network_wide,49
chain,50,0.01,0.02,0.0,0.2,0.1,3.0,0.3,0.09,9,51,0.0,0.10204081632653061,44,8,102,0,44,18|4|1|10|6|5,network_wide,49
chain,50,0.01,0.02,0.0,0.2,0.1,3.0,0.3,0.09,10,52,0.0,0.10204081632653061,43,8,102,0,43,17|4|1|10|6|6,network_wide,49
chain,50,0.01,0.02,0.0,0.2,0.1,3.0,0.3,0.09,11,53,0.0,0.12244897959183673,42,8,6,0,42,3|12|4|1|10|6|7,network_wide,49
chain,50,0.01,0.02,0.0,0.2,0.1,3.0,0.3,0.09,12,54,0.0,0.10204081632653061,41,8,102,0,41,16|4|1|10|6|8,network_wide,49
chain,50,0.01,0.02,0.0,0.2,0.1,3.0,0.3,0.09,13,55,0.0,0.10204081632653061,40,8,102,0,40,14|4|1|10|6|9,network_wide,49
chain,50,0.01,0.02,0.0,0.2,0.1,3.0,0.3,0.09,14,56,0.0,0.12244897959183673,39,8,6,0,39,1|12|4|1|10|6|10,network_wide,49
chain,50,0.01,0.02,0.0,0.2,0.1,3.0,0.3,0.09,15,57,0.0,0.10204081632653061,38,8,102,0,38,12|4|1|10|6|11,network_wide,49
chain,50,0.01,0.02,0.0,0.2,0.1,3.0,0.3,0.09,16,58,0.0,0.10204081632653061,37,8,102,0,37,12|4|1|10|6|12,network_wide,49
chain,50,0.01,0.02,0.0,0.2,0.1,3.0,0.3,0.09,17,59,0.0,0.10204081632653061,36,8,102,0,36,10|4|1|10|6|13,network_wide,49
chain,50,0.01,0.02,0.0,0.2,0.1,3.0,0.3,0.09,18,60,0.0,0.10204081632653061,35,8,102,0,35,10|4|1|10|6|14,network_wide,49
chain,50,0.01,0.02,0.0,0.2,0.1,3.0,0.3,0.09,19,61,0.0,0.10204081632653061,34,8,102,0,34,9|4|1|10|6|15,network_wide,49
chain,50,0.01,0.02,0.0,0.2,0.1,3.0,0.3,0.09,20,62,0.0,0.10204081632653061,33,8,102,0,33,8|4|1|10|6|16,network_wide,49
chain,50,0.01,0.02,0.0,0.2,0.1,3.0,0.3,0.09,21,63,0.0,0.10204081632653061,32,8,102,0,32,7|4|1|10|6|17,network_wide,49
chain,50,0.01,0.02,0.0,0.2,0.1,3.0,0.3,0.09,22,64,0.0,0.12244897959183673,49,8,1,0,49,6|4|1|10|6|17,network_wide,49
chain,50,0.01,0.02,0.0,0.2,0.1,3.0,0.3,0.09,23,65,0.0,0.12244897959183673,48,8,4,0,48,5|4|1|10|6|17|1,network_wide,49
chain,50,0.01,0.02,0.0,0.2,0.1,3.0,0.3,0.09,24,66,0.0,0.12244897959183673,47,8,4,0,47,4|4|1|10|6|17|2,network_wide,49
chain,50,0.01,0.02,0.0,0.2,0.1,3.0,0.3,0.09,25,67,0.0,0.12244897959183673,46,8,1,0,46,2|4|1|10|6|17|3,core_weighted,49
chain,50,0.01,0.02,0.0,0.2,0.1,3.0,0.3,0.09,26,68,0.0,0.12244897959183673,45,8,1,0,45,1|4|1|10|6|17|4,core_weighted,49
chain,50,0.01,0.02,0.0,0.2,0.1,3.0,0.3,0.09,27,69,0.0,0.12244897959183673,44,8,1,0,44,1|4|1|10|6|17|5,core_weighted,49
chain,50,0.01,0.02,0.0,0.2,0.1,3.0,0.3,0.09,28,70,0.0,0.10204081632653061,43,8,1,0,43,4|1|10|6|17|6,core_weighted,49
chain,50,0.01,0.02,0.0,0.2,0.1,3.0,0.3,0.09,29,71,0.0,0.10204081632653061,42,8,4,0,42,3|1|10|6|17|7,core_weighted,49
chain,50,0.01,0.02,0.0,0.2,0.1,3.0,0.3,0.09,30,72,0.0,0.10204081632653061,41,8,1,0,41,2|1|10|6|17|8,core_weighted,49
chain,50,0.01,0.02,0.0,0.2,0.1,3.0,0.3,0.09,31,73,0.0,0.10204081632653061,40,8,3,0,40,2|1|10|6|17|9,network_wide,49
chain,50,0.01,0.02,0.0,0.2,0.1,3.0,0.3,0.09,32,74,0.0,0.10204081632653061,39,8,1,0,39,1|10|6|17|10,core_weighted,49
chain,50,0.01,0.02,0.0,0.2,0.1,3.0,0.3,0.09,33,75,0.0,0.08163265306122448,38,8,1,0,38,1|10|6|17|11,core_weighted,49
chain,50,0.01,0.02,0.0,0.2,0.1,3.0,0.3,0.09,34,76,0.0,0.08163265306122448,37,8,1,0,37,1|10|6|17|12,network_wide,49
chain,50,0.01,0.02,0.0,0.2,0.1,3.0,0.3,0.09,35,77,0.0,0.061224489795918366,36,8,1,0,36,10|6|17|13,network_wide,49
chain,50,0.01,0.02,0.0,0.2,0.1,3.0,0.3,0.09,36,78,0.0,0.061224489795918366,35,8,1,0,35,9|6|17|14,network_wide,49
chain,50,0.01,0.02,0.0,0.2,0.1,3.0,0.3,0.09,37,79,0.0,0.08163265306122448,49,8,1,0,49,9|6|17|14,network_wide,49
chain,50,0.01,0.02,0.0,0.2,0.1,3.0,0.3,0.09,38,80,0.0,0.061224489795918366,48,8,113,0,48,8|6|32|1,network_wide,49
chain,50,0.01,0.02,0.0,0.2,0.1,3.0,0.3,0.09,39,81,0.0,0.08163265306122448,47,8,1,0,47,7|6|17|14|2,network_wide,49
chain,50,0.01,0.02,0.0,0.2,0.1,3.0,0.3,0.09,40,82,0.0,0.08163265306122448,46,8,4,0,46,5|6|17|14|3,network_wide,49
chain,50,0.01,0.02,0.0,0.2,0.1,3.0,0.3,0.09,41,83,0.0,0.08163265306122448,45,8,1,0,45,5|6|17|14|4,network_wide,49
chain,50,0.01,0.02,0.0,0.2,0.1,3.0,0.3,0.09,42,84,0.0,0.08163265306122448,44,8,4,0,44,3|6|17|14|5,core_weighted,49
chain,50,0.01,0.02,0.0,0.2,0.1,3.0,0.3,0.09,43,85,0.0,0.08163265306122448,43,8,1,0,43,2|6|17|14|6,core_weighted,49
chain,50,0.01,0.02,0.0,0.2,0.1,3.0,0.3,0.09,44,86,0.0,0.08163265306122448,42,8,4,0,42,2|6|17|14|7,network_wide,49
chain,50,0.01,0.02,0.0,0.2,0.1,3.0,0.3,0.09,45,87,0.0,0.08163265306122448,41,8,1,0,41,1|6|17|14|8,network_wide,49
chain,50,0.01,0.02,0.0,0.2,0.1,3.0,0.3,0.09,46,88,0.0,0.04081632653061224,40,5,113,0,40,6|32|9,core_weighted,49
chain,50,0.01,0.02,0.0,0.2,0.1,3.0,0.3,0.09,47,89,0.0,0.061224489795918366,39,5,3,0,39,5|17|14|10,network_wide,49
chain,50,0.01,0.02,0.0,0.2,0.1,3.0,0.3,0.09,48,90,0.0,0.08163265306122448,49,8,1,0,49,4|17|14|10,network_wide,49
chain,50,0.01,0.02,0.0,0.2,0.1,3.0,0.3,0.09,49,91,0.0,0.08163265306122448,48,8,1,0,48,4|17|14|10|1,network_wide,49
chain,50,0.01,0.03,0.0,0.2,0.1,3.0,0.3,0.06,0,42,0.0,0.24489795918367346,47,20,4,1,47,3|4|5|1|2|4|2|4|1|9|2,network_wide,49
chain,50,0.01,0.03,0.0,0.2,0.1,3.0,0.3,0.06,1,43,0.0,0.2653061224489796,46,20,5,1,46,2|3|5|1|2|4|2|4|1|9|3,network_wide,49
chain,50,0.01,0.03,0.0,0.2,0.1,3.0,0.3,0.06,2,44,0.0,0.2653061224489796,45,20,4,1,45,2|3|5|1|2|4|2|4|1|9|4,network_wide,49
chain,50,0.01,0.03,0.0,0.2,0.1,3.0,0.3,0.06,3,45,0.0,0.2653061224489796,44,20,4,1,44,1|3|5|1|2|4|2|4|1|9|5,network_wide,49
chain,50,0.01,0.03,0.0,0.2,0.1,3.0,0.3,0.06,4,46,0.0,0.2653061224489796,49,26,4,1,49,3|5|1|2|4|2|4|1|9|5,network_wide,49
chain,50,0.01,0.03,0.0,0.2,0.1,3.0,0.3,0.06,5,47,0.0,0.24489795918367346,48,20,5,1,48,3|5|1|2|4|2|4|1|9|5|1,network_wide,49
chain,50,0.01,0.03,0.0,0.2,0.1,3.0,0.3,0.06,6,48,0.0,0.24489795918367346,47,20,4,1,47,3|5|1|2|4|2|4|1|9|5|2,network_wide,49
chain,50,0.01,0.03,0.0,0.2,0.1,3.0,0.3,0.06,7,49,0.0,0.24489795918367346,46,20,5,1,46,1|5|1|2|4|2|4|1|9|5|3,network_wide,49
chain,50,0.01,0.03,0.0,0.2,0.1,3.0,0.3,0.06,8,50,0.0,0.24489795918367346,45,20,5,1,45,1|5|1|2|4|2|4|1|9|5|4,network_wide,49
chain,50,0.01,0.03,0.0,0.2,0.1,3.0,0.3,0.06,9,51,0.0,0.22448979591836735,44,20,5,1,44,5|1|2|4|2|4|1|9|5|5,network_wide,49
chain,50,0.01,0.03,0.0,0.2,0.1,3.0,0.3,0.06,10,52,0.0,0.22448979591836735,43,20,6,1,43,4|1|2|4|2|4|1|9|5|6,network_wide,49
chain,50,0.01,0.03,0.0,0.2,0.1,3.0,0.3,0.06,11,53,0.0,0.22448979591836735,42,20,5,1,42,3|1|2|4|2|4|1|9|5|7,network_wide,49
chain,50,0.01,0.03,0.0,0.2,0.1,3.0,0.3,0.06,12,54,0.0,0.22448979591836735,41,20,5,1,41,3|1|2|4|2|4|1|9|5|8,network_wide,49
chain,50,0.01,0.03,0.0,0.2,0.1,3.0,0.3,0.06,13,55,0.0,0.22448979591836735,40,20,5,1,40,1|1|2|4|2|4|1|9|5|9,network_wide,49
chain,50,0.01,0.03,0.0,0.2,0.1,3.0,0.3,0.06,14,56,0.0,0.22448979591836735,39,20,5,1,39,1|1|2|4|2|4|1|9|5|10,network_wide,49
chain,50,0.01,0.03,0.0,0.2,0.1,3.0,0.3,0.06,15,57,0.0,0.20408163265306123,38,20,15,1,38,1|2|4|2|4|1|9|5|11,network_wide,49
chain,50,0.01,0.03,0.0,0.2,0.1,3.0,0.3,0.06,16,58,0.0,0.20408163265306123,37,20,15,1,37,1|2|4|2|4|1|9|5|12,network_wide,49
chain,50,0.01,0.03,0.0,0.2,0.1,3.0,0.3,0.06,17,59,0.0,0.1836734693877551,36,20,16,0,36,2|4|2|4|1|9|5|13,network_wide,49
chain,50,0.01,0.03,0.0,0.2,0.1,3.0,0.3,0.06,18,60,0.0,0.1836734693877551,35,20,16,0,35,2|4|2|4|1|9|5|14,network_wide,49
chain,50,0.01,0.03,0.0,0.2,0.1,3.0,0.3,0.06,19,61,0.0,0.1836734693877551,34,20,15,0,34,1|4|2|4|1|9|5|15,network_wide,49
chain,50,0.01,0.03,0.0,0.2,0.1,3.0,0.3,0.06,20,62,0.0,0.16326530612244897,33,20,16,0,33,4|2|4|1|9|5|16,network_wide,49
chain,50,0.01,0.03,0.0,0.2,0.1,3.0,0.3,0.06,21,63,0.0,0.1836734693877551,49,20,15,0,49,4|2|4|1|9|5|16,network_wide,49
chain,50,0.01,0.03,0.0,0.2,0.1,3.0,0.3,0.06,22,64,0.0,0.20408163265306123,49,20,1,1,49,3|2|4|1|9|5|16,network_wide,49
chain,50,0.01,0.03,0.0,0.2,0.1,3.0,0.3,0.06,23,65,0.0,0.20408163265306123,48,20,3,1,48,2|2|4|1|9|5|16|1,network_wide,49
chain,50,0.01,0.03,0.0,0.2,0.1,3.0,0.3,0.06,24,66,0.0,0.20408163265306123,47,20,3,1,47,1|2|4|1|9|5|16|2,network_wide,49
chain,50,0.01,0.03,0.0,0.2,0.1,3.0,0.3,0.06,25,67,0.0,0.1836734693877551,46,20,1,0,46,2|4|1|9|5|16|3,network_wide,49
chain,50,0.01,0.03,0.0,0.2,0.1,3.0,0.3,0.06,26,68,0.0,0.1836734693877551,45,20,1,0,45,1|4|1|9|5|16|4,network_wide,49
chain,50,0.01,0.03,0.0,0.2,0.1,3.0,0.3,0.06,27,69,0.0,0.1836734693877551,44,20,1,0,44,1|4|1|9|5|16|5,network_wide,49
chain,50,0.01,0.03,0.0,0.2,0.1,3.0,0.3,0.06,28,70,0.0,0.1836734693877551,49,20,1,0,49,4|1|9|5|16|5,network_wide,49
chain,50,0.01,0.03,0.0,0.2,0.1,3.0,0.3,0.06,29,71,0.0,0.20408163265306123,49,20,3,1,49,3|1|9|5|16|5,network_wide,49
chain,50,0.01,0.03,0.0,0.2,0.1,3.0,0.3,0.06,30,72,0.0,0.20408163265306123,48,20,1,1,48,2|1|9|5|16|5|1,network_wide,49
chain,50,0.01,0.03,0.0,0.2,0.1,3.0,0.3,0.06,31,73,0.0,0.20408163265306123,47,20,3,1,47,2|1|9|5|16|5|2,network_wide,49
chain,50,0.01,0.03,0.0,0.2,0.1,3.0,0.3,0.06,32,74,0.0,0.1836734693877551,46,20,1,0,46,1|9|5|16|6|3,network_wide,49
chain,50,0.01,0.03,0.0,0.2,0.1,3.0,0.3,0.06,33,75,0.0,0.1836734693877551,45,20,1,0,45,1|9|5|16|5|4,network_wide,49
chain,50,0.01,0.03,0.0,0.2,0.1,3.0,0.3,0.06,34,76,0.0,0.1836734693877551,44,20,1,0,44,9|5|16|5|5,network_wide,49
chain,50,0.01,0.03,0.0,0.2,0.1,3.0,0.3,0.06,35,77,0.0,0.16326530612244897,43,20,1,0,43,9|5|16|5|6,network_wide,49
chain,50,0.01,0.03,0.0,0.2,0.1,3.0,0.3,0.06,36,78,0.0,0.16326530612244897,42,20,1,0,42,8|5|16|5|7,network_wide,49
chain,50,0.01,0.03,0.0,0.2,0.1,3.0,0.3,0.06,37,79,0.0,0.1836734693877551,49,20,1,0,49,8|5|16|5|7,network_wide,49
chain,50,0.01,0.03,0.0,0.2,0.1,3.0,0.3,0.06,38,80,0.0,0.1836734693877551,48,20,4,0,48,6|5|16|5|7|1,network_wide,49
chain,50,0.01,0.03,0.0,0.2,0.1,3.0,0.3,0.06,39,81,0.0,0.1836734693877551,47,20,1,0,47,5|5|16|5|7|2,network_wide,49
chain,50,0.01,0.03,0.0,0.2,0.1,3.0,0.3,0.06,40,82,0.0,0.1836734693877551,46,20,3,0,46,4|5|16|5|7|3,network_wide,49
chain,50,0.01,0.03,0.0,0.2,0.1,3.0,0.3,0.06,41,83,0.0,0.1836734693877551,45,20,1,0,45,4|5|16|5|7|4,network_wide,49
chain,50,0.01,0.03,0.0,0.2,0.1,3.0,0.3,0.06,42,84,0.0,0.1836734693877551,44,20,3,0,44,2|5|16|5|7|5,network_wide,49
chain,50,0.01,0.03,0.0,0.2,0.1,3.0,0.3,0.06,43,85,0.0,0.1836734693877551,43,20,1,0,43,1|5|16|5|7|6,network_wide,49
chain,50,0.01,0.03,0.0,0.2,0.1,3.0,0.3,0.06,44,86,0.0,0.1836734693877551,42,20,3,0,42,1|5|16|5|7|7,network_wide,49
chain,50,0.01,0.03,0.0,0.2,0.1,3.0,0.3,0.06,45,87,0.0,0.16326530612244897,41,20,1,0,41,5|16|5|7|8,network_wide,49
chain,50,0.01,0.03,0.0,0.2,0.1,3.0,0.3,0.06,46,88,0.0,0.14285714285714285,40,9,4,0,40,5|16|5|7|9,network_wide,49
chain,50,0.01,0.03,0.0,0.2,0.1,3.0,0.3,0.06,47,89,0.0,0.12244897959183673,39,9,3,0,39,5|16|5|7|10,network_wide,49
chain,50,0.01,0.03,0.0,0.2,0.1,3.0,0.3,0.06,48,90,0.0,0.14285714285714285,49,9,1,0,49,4|16|5|7|10,network_wide,49
chain,50,0.01,0.03,0.0,0.2,0.1,3.0,0.3,0.06,49,91,0.0,0.14285714285714285,48,9,1,0,48,3|16|5|7|10|1,network_wide,49
chain,50,0.01,0.03,0.0,0.2,0.1,3.0,0.3,0.062,0,42,0.0,0.24489795918367346,47,19,4,1,47,3|4|5|1|2|4|2|4|1|9|2,network_wide,49
chain,50,0.01,0.03,0.0,0.2,0.1,3.0,0.3,0.062,1,43,0.0,0.2653061224489796,46,19,5,1,46,2|3|5|1|2|4|2|4|1|9|3,network_wide,49
chain,50,0.01,0.03,0.0,0.2,0.1,3.0,0.3,0.062,2,44,0.0,0.2653061224489796,45,19,4,1,45,2|3|5|1|2|4|2|4|1|9|4,network_wide,49
chain,50,0.01,0.03,0.0,0.2,0.1,3.0,0.3,0.062,3,45,0.0,0.2653061224489796,44,19,4,1,44,1|3|5|1|2|4|2|4|1|9|5,network_wide,49
chain,50,0.01,0.03,0.0,0.2,0.1,3.0,0.3,0.062,4,46,0.0,0.2653061224489796,49,19,4,1,49,3|5|1|2|4|2|4|1|9|5,network_wide,49
chain,50,0.01,0.03,0.0,0.2,0.1,3.0,0.3,0.062,5,47,0.0,0.24489795918367346,48,19,5,1,48,3|5|1|2|4|2|4|1|9|5|1,network_wide,49
chain,50,0.01,0.03,0.0,0.2,0.1,3.0,0.3,0.062,6,48,0.0,0.24489795918367346,47,19,4,1,47,3|5|1|2|4|2|4|1|9|5|2,network_wide,49
chain,50,0.01,0.03,0.0,0.2,0.1,3.0,0.3,0.062,7,49,0.0,0.24489795918367346,46,19,5,1,46,1|5|1|2|4|2|4|1|9|5|3,network_wide,49
chain,50,0.01,0.03,0.0,0.2,0.1,3.0,0.3,0.062,8,50,0.0,0.24489795918367346,45,19,5,1,45,1|5|1|2|4|2|4|1|9|5|4,network_wide,49
chain,50,0.01,0.03,0.0,0.2,0.1,3.0,0.3,0.062,9,51,0.0,0.22448979591836735,44,19,5,1,44,5|1|2|4|2|4|1|9|5|5,network_wide,49
chain,50,0.01,0.03,0.0,0.2,0.1,3.0,0.3,0.062,10,52,0.0,0.22448979591836735,43,19,6,1,43,4|1|2|4|2|4|1|9|5|6,network_wide,49
chain,50,0.01,0.03,0.0,0.2,0.1,3.0,0.3,0.062,11,53,0.0,0.22448979591836735,42,19,5,1,42,3|1|2|4|2|4|1|9|5|7,network_wide,49
chain,50,0.01,0.03,0.0,0.2,0.1,3.0,0.3,0.062,12,54,0.0,0.22448979591836735,41,19,5,1,41,3|1|2|4|2|4|1|9|5|8,network_wide,49
chain,50,0.01,0.03,0.0,0.2,0.1,3.0,0.3,0.062,13,55,0.0,0.22448979591836735,40,19,5,1,40,1|1|2|4|2|4|1|9|5|9,network_wide,49
chain,50,0.01,0.03,0.0,0.2,0.1,3.0,0.3,0.062,14,56,0.0,0.22448979591836735,39,19,5,1,39,1|1|2|4|2|4|1|9|5|10,network_wide,49
chain,50,0.01,0.03,0.0,0.2,0.1,3.0,0.3,0.062,15,57,0.0,0.20408163265306123,38,19,16,1,38,1|2|4|2|4|1|9|5|11,network_wide,49
chain,50,0.01,0.03,0.0,0.2,0.1,3.0,0.3,0.062,16,58,0.0,0.20408163265306123,37,19,15,1,37,1|2|4|2|4|1|9|5|12,network_wide,49
chain,50,0.01,0.03,0.0,0.2,0.1,3.0,0.3,0.062,17,59,0.0,0.1836734693877551,36,19,16,0,36,2|4|2|4|1|9|5|13,network_wide,49
chain,50,0.01,0.03,0.0,0.2,0.1,3.0,0.3,0.062,18,60,0.0,0.1836734693877551,35,19,16,0,35,2|4|2|4|1|9|5|14,network_wide,49
chain,50,0.01,0.03,0.0,0.2,0.1,3.0,0.3,0.062,19,61,0.0,0.1836734693877551,34,19,15,0,34,1|4|2|4|1|9|5|15,network_wide,49
chain,50,0.01,0.03,0.0,0.2,0.1,3.0,0.3,0.062,20,62,0.0,0.16326530612244897,33,19,16,0,33,4|2|4|1|9|5|16,network_wide,49
chain,50,0.01,0.03,0.0,0.2,0.1,3.0,0.3,0.062,21,63,0.0,0.1836734693877551,49,19,16,0,49,4|2|4|1|9|5|16,network_wide,49
chain,50,0.01,0.03,0.0,0.2,0.1,3.0,0.3,0.062,22,64,0.0,0.20408163265306123,49,19,1,1,49,3|2|4|1|9|5|16,network_wide,49
chain,50,0.01,0.03,0.0,0.2,0.1,3.0,0.3,0.062,23,65,0.0,0.20408163265306123,48,19,3,1,48,2|2|4|1|9|5|16|1,network_wide,49
chain,50,0.01,0.03,0.0,0.2,0.1,3.0,0.3,0.062,24,66,0.0,0.20408163265306123,47,19,3,1,47,1|2|4|1|9|5|16|2,network_wide,49
chain,50,0.01,0.03,0.0,0.2,0.1,3.0,0.3,0.062,25,67,0.0,0.1836734693877551,46,19,1,0,46,2|4|1|9|5|16|3,network_wide,49
chain,50,0.01,0.03,0.0,0.2,0.1,3.0,0.3,0.062,26,68,0.0,0.1836734693877551,45,19,1,0,45,1|4|1|9|5|16|4,network_wide,49
chain,50,0.01,0.03,0.0,0.2,0.1,3.0,0.3,0.062,27,69,0.0,0.1836734693877551,44,19,1,0,44,1|4|1|9|5|16|5,network_wide,49
chain,50,0.01,0.03,0.0,0.2,0.1,3.0,0.3,0.062,28,70,0.0,0.16326530612244897,43,19,1,0,43,4|1|9|5|16|6,network_wide,49
chain,50,0.01,0.03,0.0,0.2,0.1,3.0,0.3,0.062,29,71,0.0,0.20408163265306123,49,19,3,1,49,3|1|9|5|16|5,network_wide,49
chain,50,0.01,0.03,0.0,0.2,0.1,3.0,0.3,0.062,30,72,0.0,0.20408163265306123,48,19,1,1,48,2|1|9|5|16|5|1,network_wide,49
chain,50,0.01,0.03,0.0,0.2,0.1,3.0,0.3,0.062,31,73,0.0,0.20408163265306123,47,19,3,1,47,2|1|9|5|16|5|2,network_wide,49
chain,50,0.01,0.03,0.0,0.2,0.1,3.0,0.3,0.062,32,74,0.0,0.1836734693877551,46,19,1,0,46,1|9|5|16|6|3,network_wide,49
chain,50,0.01,0.03,0.0,0.2,0.1,3.0,0.3,0.062,33,75,0.0,0.1836734693877551,45,19,1,0,45,1|9|5|16|5|4,network_wide,49
chain,50,0.01,0.03,0.0,0.2,0.1,3.0,0.3,0.062,34,76,0.0,0.1836734693877551,44,19,1,0,44,9|5|16|5|5,network_wide,49
chain,50,0.01,0.03,0.0,0.2,0.1,3.0,0.3,0.062,35,77,0.0,0.16326530612244897,43,19,1,0,43,9|5|16|5|6,network_wide,49
chain,50,0.01,0.03,0.0,0.2,0.1,3.0,0.3,0.062,36,78,0.0,0.16326530612244897,42,19,1,0,42,8|5|16|5|7,network_wide,49
chain,50,0.01,0.03,0.0,0.2,0.1,3.0,0.3,0.062,37,79,0.0,0.1836734693877551,49,19,1,0,49,8|5|16|5|7,network_wide,49
chain,50,0.01,0.03,0.0,0.2,0.1,3.0,0.3,0.062,38,80,0.0,0.1836734693877551,48,19,4,0,48,6|5|16|5|7|1,network_wide,49
chain,50,0.01,0.03,0.0,0.2,0.1,3.0,0.3,0.062,39,81,0.0,0.1836734693877551,47,19,1,0,47,5|5|16|5|7|2,network_wide,49
chain,50,0.01,0.03,0.0,0.2,0.1,3.0,0.3,0.062,40,82,0.0,0.1836734693877551,46,19,3,0,46,4|5|16|5|7|3,network_wide,49
chain,50,0.01,0.03,0.0,0.2,0.1,3.0,0.3,0.062,41,83,0.0,0.1836734693877551,45,19,1,0,45,4|5|16|5|7|4,network_wide,49
chain,50,0.01,0.03,0.0,0.2,0.1,3.0,0.3,0.062,42,84,0.0,0.1836734693877551,44,19,3,0,44,2|5|16|5|7|5,network_wide,49
chain,50,0.01,0.03,0.0,0.2,0.1,3.0,0.3,0.062,43,85,0.0,0.1836734693877551,43,19,1,0,43,1|5|16|5|7|6,network_wide,49
chain,50,0.01,0.03,0.0,0.2,0.1,3.0,0.3,0.062,44,86,0.0,0.1836734693877551,42,19,3,0,42,1|5|16|5|7|7,network_wide,49
chain,50,0.01,0.03,0.0,0.2,0.1,3.0,0.3,0.062,45,87,0.0,0.16326530612244897,41,19,1,0,41,5|16|5|7|8,network_wide,49
chain,50,0.01,0.03,0.0,0.2,0.1,3.0,0.3,0.062,46,88,0.0,0.14285714285714285,40,10,4,0,40,5|16|5|7|9,network_wide,49
chain,50,0.01,0.03,0.0,0.2,0.1,3.0,0.3,0.062,47,89,0.0,0.12244897959183673,39,10,3,0,39,5|16|5|7|10,network_wide,49
chain,50,0.01,0.03,0.0,0.2,0.1,3.0,0.3,0.062,48,90,0.0,0.14285714285714285,49,10,1,0,49,4|16|5|7|10,network_wide,49
chain,50,0.01,0.03,0.0,0.2,0.1,3.0,0.3,0.062,49,91,0.0,0.14285714285714285,48,10,1,0,48,3|16|5|7|10|1,network_wide,49
chain,50,0.01,0.03,0.0,0.2,0.1,3.0,0.3,0.064,0,42,0.0,0.20408163265306123,47,19,4,1,47,3|4|5|1|7|2|4|1|10|2,network_wide,49
chain,50,0.01,0.03,0.0,0.2,0.1,3.0,0.3,0.064,1,43,0.0,0.22448979591836735,46,19,5,1,46,2|3|5|1|7|2|4|1|10|3,network_wide,49
chain,50,0.01,0.03,0.0,0.2,0.1,3.0,0.3,0.064,2,44,0.0,0.22448979591836735,45,19,4,1,45,2|3|5|1|7|2|4|1|10|4,network_wide,49
chain,50,0.01,0.03,0.0,0.2,0.1,3.0,0.3,0.064,3,45,0.0,0.22448979591836735,44,19,4,1,44,1|3|5|1|7|2|4|1|10|5,network_wide,49
chain,50,0.01,0.03,0.0,0.2,0.1,3.0,0.3,0.064,4,46,0.0,0.22448979591836735,49,19,4,1,49,3|5|1|7|2|4|1|10|5,network_wide,49
chain,50,0.01,0.03,0.0,0.2,0.1,3.0,0.3,0.064,5,47,0.0,0.20408163265306123,48,19,5,1,48,3|5|1|7|2|4|1|10|5|1,network_wide,49
chain,50,0.01,0.03,0.0,0.2,0.1,3.0,0.3,0.064,6,48,0.0,0.20408163265306123,47,19,4,1,47,3|5|1|7|2|4|1|10|5|2,network_wide,49
chain,50,0.01,0.03,0.0,0.2,0.1,3.0,0.3,0.064,7,49,0.0,0.20408163265306123,46,19,5,1,46,1|5|1|7|2|4|1|10|5|3,network_wide,49
chain,50,0.01,0.03,0.0,0.2,0.1,3.0,0.3,0.064,8,50,0.0,0.20408163265306123,45,19,5,1,45,1|5|1|7|2|4|1|10|5|4,network_wide,49
chain,50,0.01,0.03,0.0,0.2,0.1,3.0,0.3,0.064,9,51,0.0,0.1836734693877551,44,19,5,0,44,5|1|7|2|4|1|10|5|5,network_wide,49
chain,50,0.01,0.03,0.0,0.2,0.1,3.0,0.3,0.064,10,52,0.0,0.1836734693877551,43,19,6,0,43,4|1|7|2|4|1|10|5|6,network_wide,49
chain,50,0.01,0.03,0.0,0.2,0.1,3.0,0.3,0.064,11,53,0.0,0.1836734693877551,42,19,5,0,42,3|1|7|2|4|1|10|5|7,network_wide,49
chain,50,0.01,0.03,0.0,0.2,0.1,3.0,0.3,0.064,12,54,0.0,0.1836734693877551,41,19,6,0,41,3|1|7|2|4|1|10|5|8,network_wide,49
chain,50,0.01,0.03,0.0,0.2,0.1,3.0,0.3,0.064,13,55,0.0,0.1836734693877551,40,19,5,0,40,1|1|7|2|4|1|10|5|9,network_wide,49
chain,50,0.01,0.03,0.0,0.2,0.1,3.0,0.3,0.064,14,56,0.0,0.1836734693877551,39,19,5,0,39,1|1|7|2|4|1|10|5|10,network_wide,49
chain,50,0.01,0.03,0.0,0.2,0.1,3.0,0.3,0.064,15,57,0.0,0.16326530612244897,38,19,16,0,38,1|7|2|4|1|10|5|11,network_wide,49
chain,50,0.01,0.03,0.0,0.2,0.1,3.0,0.3,0.064,16,58,0.0,0.16326530612244897,37,19,16,0,37,1|7|2|4|1|10|5|12,network_wide,49
chain,50,0.01,0.03,0.0,0.2,0.1,3.0,0.3,0.064,17,59,0.0,0.14285714285714285,36,19,16,0,36,7|2|4|1|10|5|13,network_wide,49
chain,50,0.01,0.03,0.0,0.2,0.1,3.0,0.3,0.064,18,60,0.0,0.14285714285714285,35,19,16,0,35,7|2|4|1|10|5|14,network_wide,49
chain,50,0.01,0.03,0.0,0.2,0.1,3.0,0.3,0.064,19,61,0.0,0.14285714285714285,34,19,16,0,34,6|2|4|1|10|5|15,network_wide,49
chain,50,0.01,0.03,0.0,0.2,0.1,3.0,0.3,0.064,20,62,0.0,0.14285714285714285,33,19,16,0,33,5|2|4|1|10|5|16,network_wide,49
chain,50,0.01,0.03,0.0,0.2,0.1,3.0,0.3,0.064,21,63,0.0,0.16326530612244897,49,19,16,0,49,4|2|4|1|10|5|16,network_wide,49
chain,50,0.01,0.03,0.0,0.2,0.1,3.0,0.3,0.064,22,64,0.0,0.1836734693877551,49,19,1,0,49,3|2|4|1|10|5|16,network_wide,49
chain,50,0.01,0.03,0.0,0.2,0.1,3.0,0.3,0.064,23,65,0.0,0.1836734693877551,48,19,3,0,48,2|2|4|1|10|5|16|1,network_wide,49
chain,50,0.01,0.03,0.0,0.2,0.1,3.0,0.3,0.064,24,66,0.0,0.1836734693877551,47,19,3,0,47,1|2|4|1|10|5|16|2,network_wide,49
chain,50,0.01,0.03,0.0,0.2,0.1,3.0,0.3,0.064,25,67,0.0,0.16326530612244897,46,19,1,0,46,2|4|1|10|5|16|3,network_wide,49
chain,50,0.01,0.03,0.0,0.2,0.1,3.0,0.3,0.064,26,68,0.0,0.16326530612244897,45,19,1,0,45,1|4|1|10|5|16|4,network_wide,49
chain,50,0.01,0.03,0.0,0.2,0.1,3.0,0.3,0.064,27,69,0.0,0.16326530612244897,44,19,1,0,44,1|4|1|10|5|16|5,network_wide,49
chain,50,0.01,0.03,0.0,0.2,0.1,3.0,0.3,0.064,28,70,0.0,0.14285714285714285,43,19,1,0,43,4|1|10|5|16|6,network_wide,49
chain,50,0.01,0.03,0.0,0.2,0.1,3.0,0.3,0.064,29,71,0.0,0.1836734693877551,49,19,3,0,49,3|1|10|5|16|5,network_wide,49
chain,50,0.01,0.03,0.0,0.2,0.1,3.0,0.3,0.064,30,72,0.0,0.1836734693877551,48,19,1,0,48,2|1|10|5|16|5|1,network_wide,49
chain,50,0.01,0.03,0.0,0.2,0.1,3.0,0.3,0.064,31,73,0.0,0.1836734693877551,47,19,3,0,47,2|1|10|5|16|5|2,network_wide,49
chain,50,0.01,0.03,0.0,0.2,0.1,3.0,0.3,0.064,32,74,0.0,0.16326530612244897,46,19,1,0,46,1|10|5|16|6|3,network_wide,49
chain,50,0.01,0.03,0.0,0.2,0.1,3.0,0.3,0.064,33,75,0.0,0.16326530612244897,45,19,1,0,45,1|10|5|16|5|4,network_wide,49
chain,50,0.01,0.03,0.0,0.2,0.1,3.0,0.3,0.064,34,76,0.0,0.16326530612244897,44,19,1,0,44,10|5|16|5|5,network_wide,49
chain,50,0.01,0.03,0.0,0.2,0.1,3.0,0.3,0.064,35,77,0.0,0.14285714285714285,43,19,1,0,43,10|5|16|5|6,network_wide,49
chain,50,0.01,0.03,0.0,0.2,0.1,3.0,0.3,0.064,36,78,0.0,0.14285714285714285,42,19,1,0,42,9|5|16|5|7,network_wide,49
chain,50,0.01,0.03,0.0,0.2,0.1,3.0,0.3,0.064,37,79,0.0,0.16326530612244897,49,19,1,0,49,9|5|16|5|7,network_wide,49
chain,50,0.01,0.03,0.0,0.2,0.1,3.0,0.3,0.064,38,80,0.0,0.16326530612244897,48,19,4,0,48,7|5|16|5|7|1,network_wide,49
chain,50,0.01,0.03,0.0,0.2,0.1,3.0,0.3,0.064,39,81,0.0,0.16326530612244897,47,19,1,0,47,6|5|16|5|7|2,network_wide,49
chain,50,0.01,0.03,0.0,0.2,0.1,3.0,0.3,0.064,40,82,0.0,0.16326530612244897,46,19,3,0,46,5|5|16|5|7|3,network_wide,49
chain,50,0.01,0.03,0.0,0.2,0.1,3.0,0.3,0.064,41,83,0.0,0.16326530612244897,45,19,1,0,45,5|5|16|5|7|4,network_wide,49
chain,50,0.01,0.03,0.0,0.2,0.1,3.0,0.3,0.064,42,84,0.0,0.16326530612244897,44,19,3,0,44,3|5|16|5|7|5,network_wide,49
chain,50,0.01,0.03,0.0,0.2,0.1,3.0,0.3,0.064,43,85,0.0,0.16326530612244897,43,19,1,0,43,2|5|16|5|7|6,network_wide,49
chain,50,0.01,0.03,0.0,0.2,0.1,3.0,0.3,0.064,44,86,0.0,0.16326530612244897,42,19,3,0,42,2|5|16|5|7|7,network_wide,49
chain,50,0.01,0.03,0.0,0.2,0.1,3.0,0.3,0.064,45,87,0.0,0.16326530612244897,41,19,1,0,41,5|16|5|7|8,network_wide,49
chain,50,0.01,0.03,0.0,0.2,0.1,3.0,0.3,0.064,46,88,0.0,0.14285714285714285,40,10,4,0,40,5|16|5|7|9,network_wide,49
chain,50,0.01,0.03,0.0,0.2,0.1,3.0,0.3,0.064,47,89,0.0,0.12244897959183673,39,10,3,0,39,5|16|5|7|10,network_wide,49
chain,50,0.01,0.03,0.0,0.2,0.1,3.0,0.3,0.064,48,90,0.0,0.14285714285714285,49,10,1,0,49,4|16|5|7|10,network_wide,49
chain,50,0.01,0.03,0.0,0.2,0.1,3.0,0.3,0.064,49,91,0.0,0.14285714285714285,48,10,1,0,48,3|16|5|7|10|1,network_wide,49
chain,50,0.01,0.03,0.0,0.2,0.1,3.0,0.3,0.066,0,42,0.0,0.24489795918367346,47,19,4,1,47,3|3|5|1|7|2|4|1|9|2,network_wide,49
chain,50,0.01,0.03,0.0,0.2,0.1,3.0,0.3,0.066,1,43,0.0,0.24489795918367346,46,19,5,1,46,2|3|5|1|7|2|4|1|9|3,network_wide,49
chain,50,0.01,0.03,0.0,0.2,0.1,3.0,0.3,0.066,2,44,0.0,0.24489795918367346,45,19,4,1,45,2|3|5|1|7|2|4|1|9|4,network_wide,49
chain,50,0.01,0.03,0.0,0.2,0.1,3.0,0.3,0.066,3,45,0.0,0.24489795918367346,44,19,4,1,44,1|3|5|1|7|2|4|1|9|5,network_wide,49
chain,50,0.01,0.03,0.0,0.2,0.1,3.0,0.3,0.066,4,46,0.0,0.24489795918367346,49,19,4,1,49,3|5|1|7|2|4|1|9|5,network_wide,49
chain,50,0.01,0.03,0.0,0.2,0.1,3.0,0.3,0.066,5,47,0.0,0.22448979591836735,48,19,5,1,48,3|5|1|7|2|4|1|9|5|1,network_wide,49
chain,50,0.01,0.03,0.0,0.2,0.1,3.0,0.3,0.066,6,48,0.0,0.22448979591836735,47,19,4,1,47,3|5|1|7|2|4|1|9|5|2,network_wide,49
chain,50,0.01,0.03,0.0,0.2,0.1,3.0,0.3,0.066,7,49,0.0,0.22448979591836735,46,19,5,1,46,1|5|1|7|2|4|1|9|5|3,network_wide,49
chain,50,0.01,0.03,0.0,0.2,0.1,3.0,0.3,0.066,8,50,0.0,0.22448979591836735,45,19,5,1,45,1|5|1|7|2|4|1|9|5|4,network_wide,49
chain,50,0.01,0.03,0.0,0.2,0.1,3.0,0.3,0.066,9,51,0.0,0.20408163265306123,44,19,5,1,44,5|1|7|2|4|1|9|5|5,network_wide,49
chain,50,0.01,0.03,0.0,0.2,0.1,3.0,0.3,0.066,10,52,0.0,0.20408163265306123,43,19,6,1,43,4|1|7|2|4|1|9|5|6,network_wide,49
chain,50,0.01,0.03,0.0,0.2,0.1,3.0,0.3,0.066,11,53,0.0,0.20408163265306123,42,19,5,1,42,3|1|7|2|4|1|9|5|7,network_wide,49
chain,50,0.01,0.03,0.0,0.2,0.1,3.0,0.3,0.066,12,54,0.0,0.20408163265306123,41,19,6,1,41,3|1|7|2|4|1|9|5|8,network_wide,49
chain,50,0.01,0.03,0.0,0.2,0.1,3.0,0.3,0.066,13,55,0.0,0.20408163265306123,40,19,5,1,40,1|1|7|2|4|1|9|5|9,network_wide,49
chain,50,0.01,0.03,0.0,0.2,0.1,3.0,0.3,0.066,14,56,0.0,0.20408163265306123,39,19,5,1,39,1|1|7|2|4|1|9|5|10,network_wide,49
chain,50,0.01,0.03,0.0,0.2,0.1,3.0,0.3,0.066,15,57,0.0,0.1836734693877551,38,19,16,0,38,1|7|2|4|1|9|5|11,network_wide,49
chain,50,0.01,0.03,0.0,0.2,0.1,3.0,0.3,0.066,16,58,0.0,0.1836734693877551,37,19,16,0,37,1|7|2|4|1|9|5|12,network_wide,49
chain,50,0.01,0.03,0.0,0.2,0.1,3.0,0.3,0.066,17,59,0.0,0.16326530612244897,36,19,16,0,36,7|2|4|1|9|5|13,network_wide,49
chain,50,0.01,0.03,0.0,0.2,0.1,3.0,0.3,0.066,18,60,0.0,0.16326530612244897,35,19,16,0,35,7|2|4|1|9|5|14,network_wide,49
chain,50,0.01,0.03,0.0,0.2,0.1,3.0,0.3,0.066,19,61,0.0,0.16326530612244897,34,19,16,0,34,6|2|4|1|9|5|15,network_wide,49
chain,50,0.01,0.03,0.0,0.2,0.1,3.0,0.3,0.066,20,62,0.0,0.16326530612244897,33,19,16,0,33,5|2|4|1|9|5|16,network_wide,49
chain,50,0.01,0.03,0.0,0.2,0.1,3.0,0.3,0.066,21,63,0.0,0.1836734693877551,49,19,16,0,49,4|2|4|1|9|5|16,network_wide,49
chain,50,0.01,0.03,0.0,0.2,0.1,3.0,0.3,0.066,22,64,0.0,0.20408163265306123,49,19,1,1,49,3|2|4|1|9|5|16,network_wide,49
chain,50,0.01,0.03,0.0,0.2,0.1,3.0,0.3,0.066,23,65,0.0,0.20408163265306123,48,19,3,1,48,2|2|4|1|9|5|16|1,network_wide,49
chain,50,0.01,0.03,0.0,0.2,0.1,3.0,0.3,0.066,24,66,0.0,0.20408163265306123,47,19,3,1,47,1|2|4|1|9|5|16|2,network_wide,49
chain,50,0.01,0.03,0.0,0.2,0.1,3.0,0.3,0.066,25,67,0.0,0.1836734693877551,46,19,1,0,46,2|4|1|9|5|16|3,network_wide,49
chain,50,0.01,0.03,0.0,0.2,0.1,3.0,0.3,0.066,26,68,0.0,0.1836734693877551,45,19,1,0,45,1|4|1|9|5|16|4,network_wide,49
chain,50,0.01,0.03,0.0,0.2,0.1,3.0,0.3,0.066,27,69,0.0,0.1836734693877551,44,19,1,0,44,1|4|1|9|5|16|5,network_wide,49
chain,50,0.01,0.03,0.0,0.2,0.1,3.0,0.3,0.066,28,70,0.0,0.16326530612244897,43,19,1,0,43,4|1|9|5|16|6,network_wide,49
chain,50,0.01,0.03,0.0,0.2,0.1,3.0,0.3,0.066,29,71,0.0,0.20408163265306123,49,19,3,1,49,3|1|9|5|16|5,network_wide,49
chain,50,0.01,0.03,0.0,0.2,0.1,3.0,0.3,0.066,30,72,0.0,0.20408163265306123,48,19,1,1,48,2|1|9|5|16|5|1,network_wide,49
chain,50,0.01,0.03,0.0,0.2,0.1,3.0,0.3,0.066,31,73,0.0,0.20408163265306123,47,19,3,1,47,2|1|9|5|16|5|2,network_wide,49
chain,50,0.01,0.03,0.0,0.2,0.1,3.0,0.3,0.066,32,74,0.0,0.1836734693877551,46,19,1,0,46,1|9|5|16|6|3,network_wide,49
chain,50,0.01,0.03,0.0,0.2,0.1,3.0,0.3,0.066,33,75,0.0,0.1836734693877551,45,19,1,0,45,1|9|5|16|5|4,network_wide,49
chain,50,0.01,0.03,0.0,0.2,0.1,3.0,0.3,0.066,34,76,0.0,0.1836734693877551,44,19,1,0,44,9|5|16|5|5,network_wide,49
chain,50,0.01,0.03,0.0,0.2,0.1,3.0,0.3,0.066,35,77,0.0,0.16326530612244897,43,19,1,0,43,9|5|16|5|6,network_wide,49
chain,50,0.01,0.03,0.0,0.2,0.1,3.0,0.3,0.066,36,78,0.0,0.16326530612244897,42,19,1,0,42,8|5|16|5|7,network_wide,49
chain,50,0.01,0.03,0.0,0.2,0.1,3.0,0.3,0.066,37,79,0.0,0.1836734693877551,49,19,1,0,49,8|5|16|5|7,network_wide,49
chain,50,0.01,0.03,0.0,0.2,0.1,3.0,0.3,0.066,38,80,0.0,0.1836734693877551,48,19,4,0,48,6|5|16|5|7|1,network_wide,49
chain,50,0.01,0.03,0.0,0.2,0.1,3.0,0.3,0.066,39,81,0.0,0.1836734693877551,47,19,1,0,47,5|5|16|5|7|2,network_wide,49
chain,50,0.01,0.03,0.0,0.2,0.1,3.0,0.3,0.066,40,82,0.0,0.1836734693877551,46,19,3,0,46,4|5|16|5|7|3,network_wide,49
chain,50,0.01,0.03,0.0,0.2,0.1,3.0,0.3,0.066,41,83,0.0,0.1836734693877551,45,19,1,0,45,4|5|16|5|7|4,network_wide,49
chain,50,0.01,0.03,0.0,0.2,0.1,3.0,0.3,0.066,42,84,0.0,0.1836734693877551,44,19,3,0,44,2|5|16|5|7|5,network_wide,49
chain,50,0.01,0.03,0.0,0.2,0.1,3.0,0.3,0.066,43,85,0.0,0.1836734693877551,43,19,1,0,43,1|5|16|5|7|6,network_wide,49
chain,50,0.01,0.03,0.0,0.2,0.1,3.0,0.3,0.066,44,86,0.0,0.1836734693877551,42,19,3,0,42,1|5|16|5|7|7,network_wide,49
chain,50,0.01,0.03,0.0,0.2,0.1,3.0,0.3,0.066,45,87,0.0,0.16326530612244897,41,19,1,0,41,1|5|16|5|7|8,network_wide,49
chain,50,0.01,0.03,0.0,0.2,0.1,3.0,0.3,0.066,46,88,0.0,0.14285714285714285,40,8,4,0,40,5|16|5|7|9,network_wide,49
chain,50,0.01,0.03,0.0,0.2,0.1,3.0,0.3,0.066,47,89,0.0,0.12244897959183673,39,10,3,0,39,5|16|5|7|10,network_wide,49
chain,50,0.01,0.03,0.0,0.2,0.1,3.0,0.3,0.066,48,90,0.0,0.14285714285714285,49,8,1,0,49,4|16|5|7|10,network_wide,49
chain,50,0.01,0.03,0.0,0.2,0.1,3.0,0.3,0.066,49,91,0.0,0.14285714285714285,48,8,1,0,48,3|16|5|7|10|1,network_wide,49
chain,50,0.01,0.03,0.0,0.2,0.1,3.0,0.3,0.068,0,42,0.0,0.22448979591836735,47,19,4,1,47,3|4|5|1|7|2|4|1|9|2,network_wide,49
chain,50,0.01,0.03,0.0,0.2,0.1,3.0,0.3,0.068,1,43,0.0,0.24489795918367346,46,19,5,1,46,2|3|5|1|7|2|4|1|9|3,network_wide,49
chain,50,0.01,0.03,0.0,0.2,0.1,3.0,0.3,0.068,2,44,0.0,0.24489795918367346,45,19,4,1,45,2|3|5|1|7|2|4|1|9|4,network_wide,49
chain,50,0.01,0.03,0.0,0.2,0.1,3.0,0.3,0.068,3,45,0.0,0.22448979591836735,44,19,4,1,44,1|4|5|1|7|2|4|1|9|5,network_wide,49
chain,50,0.01,0.03,0.0,0.2,0.1,3.0,0.3,0.068,4,46,0.0,0.24489795918367346,49,19,4,1,49,3|5|1|7|2|4|1|9|5,network_wide,49
chain,50,0.01,0.03,0.0,0.2,0.1,3.0,0.3,0.068,5,47,0.0,0.22448979591836735,48,19,5,1,48,3|5|1|7|2|4|1|9|5|1,network_wide,49
chain,50,0.01,0.03,0.0,0.2,0.1,3.0,0.3,0.068,6,48,0.0,0.22448979591836735,47,19,4,1,47,3|5|1|7|2|4|1|9|5|2,network_wide,49
chain,50,0.01,0.03,0.0,0.2,0.1,3.0,0.3,0.068,7,49,0.0,0.22448979591836735,46,19,5,1,46,1|5|1|7|2|4|1|9|5|3,network_wide,49
chain,50,0.01,0.03,0.0,0.2,0.1,3.0,0.3,0.068,8,50,0.0,0.22448979591836735,45,19,5,1,45,1|5|1|7|2|4|1|9|5|4,network_wide,49
chain,50,0.01,0.03,0.0,0.2,0.1,3.0,0.3,0.068,9,51,0.0,0.20408163265306123,44,19,5,1,44,5|1|7|2|4|1|9|5|5,network_wide,49
chain,50,0.01,0.03,0.0,0.2,0.1,3.0,0.3,0.068,10,52,0.0,0.20408163265306123,43,19,6,1,43,4|1|7|2|4|1|9|5|6,network_wide,49
chain,50,0.01,0.03,0.0,0.2,0.1,3.0,0.3,0.068,11,53,0.0,0.20408163265306123,42,19,5,1,42,3|1|7|2|4|1|9|5|7,network_wide,49
chain,50,0.01,0.03,0.0,0.2,0.1,3.0,0.3,0.068,12,54,0.0,0.20408163265306123,41,19,6,1,41,3|1|7|2|4|1|9|5|8,network_wide,49
chain,50,0.01,0.03,0.0,0.2,0.1,3.0,0.3,0.068,13,55,0.0,0.20408163265306123,40,19,5,1,40,1|1|7|2|4|1|9|5|9,network_wide,49
chain,50,0.01,0.03,0.0,0.2,0.1,3.0,0.3,0.068,14,56,0.0,0.20408163265306123,39,19,5,1,39,1|1|7|2|4|1|9|5|10,network_wide,49
chain,50,0.01,0.03,0.0,0.2,0.1,3.0,0.3,0.068,15,57,0.0,0.1836734693877551,38,19,16,0,38,1|7|2|4|1|9|5|11,network_wide,49
chain,50,0.01,0.03,0.0,0.2,0.1,3.0,0.3,0.068,16,58,0.0,0.1836734693877551,37,19,16,0,37,1|7|2|4|1|9|5|12,network_wide,49
chain,50,0.01,0.03,0.0,0.2,0.1,3.0,0.3,0.068,17,59,0.0,0.16326530612244897,36,19,16,0,36,7|2|4|1|9|5|13,network_wide,49
chain,50,0.01,0.03,0.0,0.2,0.1,3.0,0.3,0.068,18,60,0.0,0.16326530612244897,35,19,16,0,35,7|2|4|1|9|5|14,network_wide,49
chain,50,0.01,0.03,0.0,0.2,0.1,3.0,0.3,0.068,19,61,0.0,0.16326530612244897,34,19,16,0,34,6|2|4|1|9|5|15,network_wide,49
chain,50,0.01,0.03,0.0,0.2,0.1,3.0,0.3,0.068,20,62,0.0,0.16326530612244897,33,19,16,0,33,5|2|4|1|9|5|16,network_wide,49
chain,50,0.01,0.03,0.0,0.2,0.1,3.0,0.3,0.068,21,63,0.0,0.1836734693877551,49,19,16,0,49,4|2|4|1|9|5|16,network_wide,49
chain,50,0.01,0.03,0.0,0.2,0.1,3.0,0.3,0.068,22,64,0.0,0.20408163265306123,49,19,1,1,49,3|2|4|1|9|5|16,network_wide,49
chain,50,0.01,0.03,0.0,0.2,0.1,3.0,0.3,0.068,23,65,0.0,0.20408163265306123,48,19,3,1,48,2|2|4|1|9|5|16|1,network_wide,49
chain,50,0.01,0.03,0.0,0.2,0.1,3.0,0.3,0.068,24,66,0.0,0.20408163265306123,47,19,3,1,47,1|2|4|1|9|5|16|2,network_wide,49
chain,50,0.01,0.03,0.0,0.2,0.1,3.0,0.3,0.068,25,67,0.0,0.1836734693877551,46,19,1,0,46,2|4|1|9|5|16|3,network_wide,49
chain,50,0.01,0.03,0.0,0.2,0.1,3.0,0.3,0.068,26,68,0.0,0.1836734693877551,45,19,1,0,45,1|4|1|9|5|16|4,network_wide,49
chain,50,0.01,0.03,0.0,0.2,0.1,3.0,0.3,0.068,27,69,0.0,0.1836734693877551,44,19,1,0,44,1|4|1|9|5|16|5,network_wide,49
chain,50,0.01,0.03,0.0,0.2,0.1,3.0,0.3,0.068,28,70,0.0,0.16326530612244897,43,19,1,0,43,4|1|9|5|16|6,network_wide,49
chain,50,0.01,0.03,0.0,0.2,0.1,3.0,0.3,0.068,29,71,0.0,0.1836734693877551,49,19,3,0,49,3|1|9|5|16|6,network_wide,49
chain,50,0.01,0.03,0.0,0.2,0.1,3.0,0.3,0.068,30,72,0.0,0.1836734693877551,48,19,1,0,48,2|1|9|5|16|6|1,network_wide,49
chain,50,0.01,0.03,0.0,0.2,0.1,3.0,0.3,0.068,31,73,0.0,0.1836734693877551,47,19,3,0,47,2|1|9|5|16|6|2,network_wide,49
chain,50,0.01,0.03,0.0,0.2,0.1,3.0,0.3,0.068,32,74,0.0,0.1836734693877551,46,19,1,0,46,1|9|5|16|6|3,network_wide,49
chain,50,0.01,0.03,0.0,0.2,0.1,3.0,0.3,0.068,33,75,0.0,0.16326530612244897,45,19,1,0,45,1|9|5|16|6|4,network_wide,49
chain,50,0.01,0.03,0.0,0.2,0.1,3.0,0.3,0.068,34,76,0.0,0.16326530612244897,44,19,1,0,44,9|5|16|6|5,network_wide,49
chain,50,0.01,0.03,0.0,0.2,0.1,3.0,0.3,0.068,35,77,0.0,0.14285714285714285,43,19,1,0,43,9|5|16|6|6,network_wide,49
chain,50,0.01,0.03,0.0,0.2,0.1,3.0,0.3,0.068,36,78,0.0,0.14285714285714285,42,19,1,0,42,8|5|16|6|7,network_wide,49
chain,50,0.01,0.03,0.0,0.2,0.1,3.0,0.3,0.068,37,79,0.0,0.16326530612244897,49,19,1,0,49,8|5|16|6|7,network_wide,49
chain,50,0.01,0.03,0.0,0.2,0.1,3.0,0.3,0.068,38,80,0.0,0.14285714285714285,48,19,75,0,48,6|5|16|7|7|1,network_wide,49
chain,50,0.01,0.03,0.0,0.2,0.1,3.0,0.3,0.068,39,81,0.0,0.16326530612244897,47,19,1,0,47,5|5|16|6|7|2,network_wide,49
chain,50,0.01,0.03,0.0,0.2,0.1,3.0,0.3,0.068,40,82,0.0,0.16326530612244897,46,19,3,0,46,4|5|16|6|7|3,network_wide,49
chain,50,0.01,0.03,0.0,0.2,0.1,3.0,0.3,0.068,41,83,0.0,0.16326530612244897,45,19,1,0,45,4|5|16|6|7|4,network_wide,49
chain,50,0.01,0.03,0.0,0.2,0.1,3.0,0.3,0.068,42,84,0.0,0.16326530612244897,44,19,3,0,44,2|5|16|6|7|5,network_wide,49
chain,50,0.01,0.03,0.0,0.2,0.1,3.0,0.3,0.068,43,85,0.0,0.16326530612244897,43,19,1,0,43,1|5|16|6|7|6,core_weighted,49
chain,50,0.01,0.03,0.0,0.2,0.1,3.0,0.3,0.068,44,86,0.0,0.16326530612244897,42,19,3,0,42,1|5|16|6|7|7,network_wide,49
chain,50,0.01,0.03,0.0,0.2,0.1,3.0,0.3,0.068,45,87,0.0,0.14285714285714285,41,19,1,0,41,5|16|6|7|8,network_wide,49
chain,50,0.01,0.03,0.0,0.2,0.1,3.0,0.3,0.068,46,88,0.0,0.12244897959183673,40,8,4,0,40,5|16|6|7|9,network_wide,49
chain,50,0.01,0.03,0.0,0.2,0.1,3.0,0.3,0.068,47,89,0.0,0.10204081632653061,39,8,3,0,39,5|16|6|7|10,network_wide,49
chain,50,0.01,0.03,0.0,0.2,0.1,3.0,0.3,0.068,48,90,0.0,0.12244897959183673,49,8,1,0,49,4|16|6|7|10,network_wide,49
chain,50,0.01,0.03,0.0,0.2,0.1,3.0,0.3,0.068,49,91,0.0,0.12244897959183673,48,8,1,0,48,3|16|6|7|10|1,network_wide,49
chain,50,0.01,0.03,0.0,0.2,0.1,3.0,0.3,0.07,0,42,0.0,0.20408163265306123,47,19,4,1,47,3|4|5|1|7|2|4|1|10|2,network_wide,49
chain,50,0.01,0.03,0.0,0.2,0.1,3.0,0.3,0.07,1,43,0.0,0.20408163265306123,46,19,5,1,46,2|4|5|1|7|2|4|1|10|3,network_wide,49
chain,50,0.01,0.03,0.0,0.2,0.1,3.0,0.3,0.07,2,44,0.0,0.20408163265306123,45,19,4,1,45,2|4|5|1|7|2|4|1|10|4,network_wide,49
chain,50,0.01,0.03,0.0,0.2,0.1,3.0,0.3,0.07,3,45,0.0,0.20408163265306123,44,19,4,1,44,1|4|5|1|7|2|4|1|10|5,network_wide,49
chain,50,0.01,0.03,0.0,0.2,0.1,3.0,0.3,0.07,4,46,0.0,0.20408163265306123,49,19,5,1,49,4|5|1|7|2|4|1|10|5,network_wide,49
chain,50,0.01,0.03,0.0,0.2,0.1,3.0,0.3,0.07,5,47,0.0,0.20408163265306123,48,19,5,1,48,3|5|1|7|2|4|1|10|5|1,network_wide,49
chain,50,0.01,0.03,0.0,0.2,0.1,3.0,0.3,0.07,6,48,0.0,0.20408163265306123,47,19,4,1,47,3|5|1|7|2|4|1|10|5|2,network_wide,49
chain,50,0.01,0.03,0.0,0.2,0.1,3.0,0.3,0.07,7,49,0.0,0.20408163265306123,46,19,5,1,46,1|5|1|7|2|4|1|10|5|3,network_wide,49
chain,50,0.01,0.03,0.0,0.2,0.1,3.0,0.3,0.07,8,50,0.0,0.20408163265306123,45,19,5,1,45,1|5|1|7|2|4|1|10|5|4,network_wide,49
chain,50,0.01,0.03,0.0,0.2,0.1,3.0,0.3,0.07,9,51,0.0,0.1836734693877551,44,19,5,0,44,5|1|7|2|4|1|10|5|5,network_wide,49
chain,50,0.01,0.03,0.0,0.2,0.1,3.0,0.3,0.07,10,52,0.0,0.16326530612244897,43,19,16,0,43,6|7|2|4|1|10|5|6,network_wide,49
chain,50,0.01,0.03,0.0,0.2,0.1,3.0,0.3,0.07,11,53,0.0,0.1836734693877551,42,19,5,0,42,3|1|7|2|4|1|10|5|7,network_wide,49
chain,50,0.01,0.03,0.0,0.2,0.1,3.0,0.3,0.07,12,54,0.0,0.1836734693877551,41,19,6,0,41,3|1|7|2|4|1|10|5|8,network_wide,49
chain,50,0.01,0.03,0.0,0.2,0.1,3.0,0.3,0.07,13,55,0.0,0.1836734693877551,40,19,6,0,40,1|1|7|2|4|1|10|5|9,network_wide,49
chain,50,0.01,0.03,0.0,0.2,0.1,3.0,0.3,0.07,14,56,0.0,0.1836734693877551,39,19,5,0,39,1|1|7|2|4|1|10|5|10,network_wide,49
chain,50,0.01,0.03,0.0,0.2,0.1,3.0,0.3,0.07,15,57,0.0,0.16326530612244897,38,19,16,0,38,1|7|2|4|1|10|5|11,network_wide,49
chain,50,0.01,0.03,0.0,0.2,0.1,3.0,0.3,0.07,16,58,0.0,0.16326530612244897,37,19,16,0,37,1|7|2|4|1|10|5|12,network_wide,49
chain,50,0.01,0.03,0.0,0.2,0.1,3.0,0.3,0.07,17,59,0.0,0.14285714285714285,36,19,47,0,36,7|2|4|1|10|5|13,network_wide,49
chain,50,0.01,0.03,0.0,0.2,0.1,3.0,0.3,0.07,18,60,0.0,0.14285714285714285,35,19,47,0,35,7|2|4|1|10|5|14,network_wide,49
chain,50,0.01,0.03,0.0,0.2,0.1,3.0,0.3,0.07,19,61,0.0,0.14285714285714285,34,19,16,0,34,6|2|4|1|10|5|15,network_wide,49
chain,50,0.01,0.03,0.0,0.2,0.1,3.0,0.3,0.07,20,62,0.0,0.14285714285714285,33,19,47,0,33,5|2|4|1|10|5|16,network_wide,49
chain,50,0.01,0.03,0.0,0.2,0.1,3.0,0.3,0.07,21,63,0.0,0.16326530612244897,49,19,16,0,49,4|2|4|1|10|5|16,network_wide,49
chain,50,0.01,0.03,0.0,0.2,0.1,3.0,0.3,0.07,22,64,0.0,0.1836734693877551,49,19,1,0,49,3|2|4|1|10|5|16,network_wide,49
chain,50,0.01,0.03,0.0,0.2,0.1,3.0,0.3,0.07,23,65,0.0,0.1836734693877551,48,19,3,0,48,2|2|4|1|10|5|16|1,network_wide,49
chain,50,0.01,0.03,0.0,0.2,0.1,3.0,0.3,0.07,24,66,0.0,0.1836734693877551,47,19,3,0,47,1|2|4|1|10|5|16|2,network_wide,49
chain,50,0.01,0.03,0.0,0.2,0.1,3.0,0.3,0.07,25,67,0.0,0.16326530612244897,46,19,1,0,46,2|4|1|10|5|16|3,network_wide,49
chain,50,0.01,0.03,0.0,0.2,0.1,3.0,0.3,0.07,26,68,0.0,0.16326530612244897,45,19,1,0,45,1|4|1|10|5|16|4,network_wide,49
chain,50,0.01,0.03,0.0,0.2,0.1,3.0,0.3,0.07,27,69,0.0,0.16326530612244897,44,19,1,0,44,1|4|1|10|5|16|5,network_wide,49
chain,50,0.01,0.03,0.0,0.2,0.1,3.0,0.3,0.07,28,70,0.0,0.14285714285714285,43,19,1,0,43,4|1|10|5|16|6,network_wide,49
chain,50,0.01,0.03,0.0,0.2,0.1,3.0,0.3,0.07,29,71,0.0,0.16326530612244897,49,19,3,0,49,3|1|10|5|16|6,network_wide,49
chain,50,0.01,0.03,0.0,0.2,0.1,3.0,0.3,0.07,30,72,0.0,0.16326530612244897,48,19,1,0,48,2|1|10|5|16|6|1,network_wide,49
chain,50,0.01,0.03,0.0,0.2,0.1,3.0,0.3,0.07,31,73,0.0,0.16326530612244897,47,19,3,0,47,2|1|10|5|16|6|2,network_wide,49
chain,50,0.01,0.03,0.0,0.2,0.1,3.0,0.3,0.07,32,74,0.0,0.16326530612244897,46,19,1,0,46,1|10|5|16|6|3,network_wide,49
chain,50,0.01,0.03,0.0,0.2,0.1,3.0,0.3,0.07,33,75,0.0,0.14285714285714285,45,19,1,0,45,1|10|5|16|6|4,network_wide,49
chain,50,0.01,0.03,0.0,0.2,0.1,3.0,0.3,0.07,34,76,0.0,0.14285714285714285,44,19,1,0,44,10|5|16|6|5,network_wide,49
chain,50,0.01,0.03,0.0,0.2,0.1,3.0,0.3,0.07,35,77,0.0,0.12244897959183673,43,19,1,0,43,10|5|16|6|6,network_wide,49
chain,50,0.01,0.03,0.0,0.2,0.1,3.0,0.3,0.07,36,78,0.0,0.12244897959183673,42,19,1,0,42,9|5|16|6|7,network_wide,49
chain,50,0.01,0.03,0.0,0.2,0.1,3.0,0.3,0.07,37,79,0.0,0.14285714285714285,49,19,1,0,49,9|5|16|6|7,network_wide,49
chain,50,0.01,0.03,0.0,0.2,0.1,3.0,0.3,0.07,38,80,0.0,0.12244897959183673,48,19,75,0,48,7|5|16|7|7|1,network_wide,49
chain,50,0.01,0.03,0.0,0.2,0.1,3.0,0.3,0.07,39,81,0.0,0.14285714285714285,47,19,1,0,47,6|5|16|6|7|2,network_wide,49
chain,50,0.01,0.03,0.0,0.2,0.1,3.0,0.3,0.07,40,82,0.0,0.14285714285714285,46,19,3,0,46,5|5|16|6|7|3,network_wide,49
chain,50,0.01,0.03,0.0,0.2,0.1,3.0,0.3,0.07,41,83,0.0,0.14285714285714285,45,19,1,0,45,5|5|16|6|7|4,network_wide,49
chain,50,0.01,0.03,0.0,0.2,0.1,3.0,0.3,0.07,42,84,0.0,0.14285714285714285,44,19,3,0,44,3|5|16|6|7|5,network_wide,49
chain,50,0.01,0.03,0.0,0.2,0.1,3.0,0.3,0.07,43,85,0.0,0.14285714285714285,43,19,1,0,43,2|5|16|6|7|6,network_wide,49
chain,50,0.01,0.03,0.0,0.2,0.1,3.0,0.3,0.07,44,86,0.0,0.14285714285714285,42,19,3,0,42,2|5|16|6|7|7,network_wide,49
chain,50,0.01,0.03,0.0,0.2,0.1,3.0,0.3,0.07,45,87,0.0,0.14285714285714285,41,19,1,0,41,1|5|16|6|7|8,network_wide,49
chain,50,0.01,0.03,0.0,0.2,0.1,3.0,0.3,0.07,46,88,0.0,0.12244897959183673,40,7,4,0,40,5|16|6|7|9,network_wide,49
chain,50,0.01,0.03,0.0,0.2,0.1,3.0,0.3,0.07,47,89,0.0,0.10204081632653061,39,7,3,0,39,5|16|6|7|10,network_wide,49
chain,50,0.01,0.03,0.0,0.2,0.1,3.0,0.3,0.07,48,90,0.0,0.12244897959183673,49,8,1,0,49,4|16|6|7|10,network_wide,49
chain,50,0.01,0.03,0.0,0.2,0.1,3.0,0.3,0.07,49,91,0.0,0.12244897959183673,48,8,1,0,48,3|16|6|7|10|1,network_wide,49
chain,50,0.01,0.03,0.0,0.2,0.1,3.0,0.3,0.072,0,42,0.0,0.1836734693877551,46,12,4,0,46,3|4|5|1|7|2|4|1|10|3,network_wide,49
chain,50,0.01,0.03,0.0,0.2,0.1,3.0,0.3,0.072,1,43,0.0,0.1836734693877551,45,12,5,0,45,2|4|5|1|7|2|4|1|10|4,network_wide,49
chain,50,0.01,0.03,0.0,0.2,0.1,3.0,0.3,0.072,2,44,0.0,0.1836734693877551,44,12,4,0,44,2|4|5|1|7|2|4|1|10|5,network_wide,49
chain,50,0.01,0.03,0.0,0.2,0.1,3.0,0.3,0.072,3,45,0.0,0.1836734693877551,43,12,4,0,43,1|4|5|1|7|2|4|1|10|6,network_wide,49
chain,50,0.01,0.03,0.0,0.2,0.1,3.0,0.3,0.072,4,46,0.0,0.16326530612244897,49,12,5,0,49,4|5|9|2|4|1|10|6,network_wide,49
chain,50,0.01,0.03,0.0,0.2,0.1,3.0,0.3,0.072,5,47,0.0,0.1836734693877551,48,12,5,0,48,3|5|1|7|2|4|1|10|6|1,network_wide,49
chain,50,0.01,0.03,0.0,0.2,0.1,3.0,0.3,0.072,6,48,0.0,0.16326530612244897,47,12,4,0,47,3|5|9|2|4|1|10|6|2,network_wide,49
chain,50,0.01,0.03,0.0,0.2,0.1,3.0,0.3,0.072,7,49,0.0,0.16326530612244897,46,12,5,0,46,1|5|9|2|4|1|10|6|3,network_wide,49
chain,50,0.01,0.03,0.0,0.2,0.1,3.0,0.3,0.072,8,50,0.0,0.16326530612244897,45,12,5,0,45,1|5|9|2|4|1|10|6|4,network_wide,49
chain,50,0.01,0.03,0.0,0.2,0.1,3.0,0.3,0.072,9,51,0.0,0.14285714285714285,44,12,5,0,44,5|9|2|4|1|10|6|5,network_wide,49
chain,50,0.01,0.03,0.0,0.2,0.1,3.0,0.3,0.072,10,52,0.0,0.14285714285714285,43,12,38,0,43,6|7|2|4|1|10|6|6,network_wide,49
chain,50,0.01,0.03,0.0,0.2,0.1,3.0,0.3,0.072,11,53,0.0,0.14285714285714285,42,12,5,0,42,3|9|2|4|1|10|6|7,network_wide,49
chain,50,0.01,0.03,0.0,0.2,0.1,3.0,0.3,0.072,12,54,0.0,0.16326530612244897,41,12,6,0,41,3|1|7|2|4|1|10|6|8,network_wide,49
chain,50,0.01,0.03,0.0,0.2,0.1,3.0,0.3,0.072,13,55,0.0,0.16326530612244897,40,12,6,0,40,1|1|7|2|4|1|10|6|9,network_wide,49
chain,50,0.01,0.03,0.0,0.2,0.1,3.0,0.3,0.072,14,56,0.0,0.16326530612244897,39,12,5,0,39,1|1|7|2|4|1|10|6|10,network_wide,49
chain,50,0.01,0.03,0.0,0.2,0.1,3.0,0.3,0.072,15,57,0.0,0.14285714285714285,38,12,16,0,38,1|7|2|4|1|10|6|11,network_wide,49
chain,50,0.01,0.03,0.0,0.2,0.1,3.0,0.3,0.072,16,58,0.0,0.14285714285714285,37,12,16,0,37,1|7|2|4|1|10|6|12,network_wide,49
chain,50,0.01,0.03,0.0,0.2,0.1,3.0,0.3,0.072,17,59,0.0,0.12244897959183673,36,12,47,0,36,7|2|4|1|10|6|13,network_wide,49
chain,50,0.01,0.03,0.0,0.2,0.1,3.0,0.3,0.072,18,60,0.0,0.12244897959183673,35,12,47,0,35,7|2|4|1|10|6|14,network_wide,49
chain,50,0.01,0.03,0.0,0.2,0.1,3.0,0.3,0.072,19,61,0.0,0.12244897959183673,34,12,16,0,34,6|2|4|1|10|6|15,network_wide,49
chain,50,0.01,0.03,0.0,0.2,0.1,3.0,0.3,0.072,20,62,0.0,0.12244897959183673,33,12,47,0,33,5|2|4|1|10|6|16,network_wide,49
chain,50,0.01,0.03,0.0,0.2,0.1,3.0,0.3,0.072,21,63,0.0,0.14285714285714285,49,12,16,0,49,4|2|4|1|10|6|16,network_wide,49
chain,50,0.01,0.03,0.0,0.2,0.1,3.0,0.3,0.072,22,64,0.0,0.14285714285714285,49,12,1,0,49,3|2|4|1|10|6|17,core_weighted,49
chain,50,0.01,0.03,0.0,0.2,0.1,3.0,0.3,0.072,23,65,0.0,0.14285714285714285,48,12,3,0,48,2|2|4|1|10|6|17|1,core_weighted,49
chain,50,0.01,0.03,0.0,0.2,0.1,3.0,0.3,0.072,24,66,0.0,0.14285714285714285,47,12,3,0,47,1|2|4|1|10|6|17|2,core_weighted,49
chain,50,0.01,0.03,0.0,0.2,0.1,3.0,0.3,0.072,25,67,0.0,0.12244897959183673,46,12,1,0,46,2|4|1|10|6|17|3,core_weighted,49
chain,50,0.01,0.03,0.0,0.2,0.1,3.0,0.3,0.072,26,68,0.0,0.12244897959183673,45,12,1,0,45,1|4|1|10|6|17|4,core_weighted,49
chain,50,0.01,0.03,0.0,0.2,0.1,3.0,0.3,0.072,27,69,0.0,0.12244897959183673,44,12,1,0,44,1|4|1|10|6|17|5,core_weighted,49
chain,50,0.01,0.03,0.0,0.2,0.1,3.0,0.3,0.072,28,70,0.0,0.10204081632653061,43,12,1,0,43,4|1|10|6|17|6,core_weighted,49
chain,50,0.01,0.03,0.0,0.2,0.1,3.0,0.3,0.072,29,71,0.0,0.12244897959183673,49,12,3,0,49,3|1|10|6|17|6,network_wide,49
chain,50,0.01,0.03,0.0,0.2,0.1,3.0,0.3,0.072,30,72,0.0,0.12244897959183673,48,12,1,0,48,2|1|10|6|17|6|1,network_wide,49
chain,50,0.01,0.03,0.0,0.2,0.1,3.0,0.3,0.072,31,73,0.0,0.12244897959183673,47,12,3,0,47,2|1|10|6|17|6|2,network_wide,49
chain,50,0.01,0.03,0.0,0.2,0.1,3.0,0.3,0.072,32,74,0.0,0.12244897959183673,46,12,1,0,46,1|10|6|17|6|3,core_weighted,49
chain,50,0.01,0.03,0.0,0.2,0.1,3.0,0.3,0.072,33,75,0.0,0.10204081632653061,45,12,1,0,45,1|10|6|17|6|4,network_wide,49
chain,50,0.01,0.03,0.0,0.2,0.1,3.0,0.3,0.072,34,76,0.0,0.10204081632653061,44,12,1,0,44,1|10|6|17|6|5,network_wide,49
chain,50,0.01,0.03,0.0,0.2,0.1,3.0,0.3,0.072,35,77,0.0,0.08163265306122448,43,12,1,0,43,10|6|17|6|6,network_wide,49
chain,50,0.01,0.03,0.0,0.2,0.1,3.0,0.3,0.072,36,78,0.0,0.08163265306122448,42,12,1,0,42,9|6|17|6|7,network_wide,49
chain,50,0.01,0.03,0.0,0.2,0.1,3.0,0.3,0.072,37,79,0.0,0.10204081632653061,49,12,1,0,49,9|6|17|6|7,network_wide,49
chain,50,0.01,0.03,0.0,0.2,0.1,3.0,0.3,0.072,38,80,0.0,0.08163265306122448,48,12,75,0,48,8|6|24|7|1,network_wide,49
chain,50,0.01,0.03,0.0,0.2,0.1,3.0,0.3,0.072,39,81,0.0,0.10204081632653061,47,12,1,0,47,6|6|17|6|7|2,network_wide,49
chain,50,0.01,0.03,0.0,0.2,0.1,3.0,0.3,0.072,40,82,0.0,0.10204081632653061,46,12,4,0,46,5|6|17|6|7|3,network_wide,49
chain,50,0.01,0.03,0.0,0.2,0.1,3.0,0.3,0.072,41,83,0.0,0.10204081632653061,45,12,1,0,45,5|6|17|6|7|4,network_wide,49
chain,50,0.01,0.03,0.0,0.2,0.1,3.0,0.3,0.072,42,84,0.0,0.10204081632653061,44,12,3,0,44,3|6|17|6|7|5,network_wide,49
chain,50,0.01,0.03,0.0,0.2,0.1,3.0,0.3,0.072,43,85,0.0,0.10204081632653061,43,12,1,0,43,2|6|17|6|7|6,network_wide,49
chain,50,0.01,0.03,0.0,0.2,0.1,3.0,0.3,0.072,44,86,0.0,0.10204081632653061,42,12,3,0,42,2|6|17|6|7|7,network_wide,49
chain,50,0.01,0.03,0.0,0.2,0.1,3.0,0.3,0.072,45,87,0.0,0.10204081632653061,41,12,1,0,41,1|6|17|6|7|8,network_wide,49
chain,50,0.01,0.03,0.0,0.2,0.1,3.0,0.3,0.072,46,88,0.0,0.08163265306122448,40,7,4,0,40,6|17|6|7|9,network_wide,49
chain,50,0.01,0.03,0.0,0.2,0.1,3.0,0.3,0.072,47,89,0.0,0.08163265306122448,39,7,3,0,39,5|17|6|7|10,network_wide,49
chain,50,0.01,0.03,0.0,0.2,0.1,3.0,0.3,0.072,48,90,0.0,0.10204081632653061,49,8,1,0,49,4|17|6|7|10,network_wide,49
chain,50,0.01,0.03,0.0,0.2,0.1,3.0,0.3,0.072,49,91,0.0,0.10204081632653061,48,8,1,0,48,3|17|6|7|10|1,network_wide,49
chain,50,0.01,0.03,0.0,0.2,0.1,3.0,0.3,0.074,0,42,0.0,0.16326530612244897,46,12,4,0,46,3|4|5|9|2|4|1|10|3,network_wide,49
chain,50,0.01,0.03,0.0,0.2,0.1,3.0,0.3,0.074,1,43,0.0,0.16326530612244897,45,12,5,0,45,2|4|5|9|2|4|1|10|4,network_wide,49
chain,50,0.01,0.03,0.0,0.2,0.1,3.0,0.3,0.074,2,44,0.0,0.1836734693877551,44,12,4,0,44,2|4|5|1|7|2|4|1|10|5,network_wide,49
chain,50,0.01,0.03,0.0,0.2,0.1,3.0,0.3,0.074,3,45,0.0,0.16326530612244897,43,12,4,0,43,1|4|5|9|2|4|1|10|6,network_wide,49
chain,50,0.01,0.03,0.0,0.2,0.1,3.0,0.3,0.074,4,46,0.0,0.16326530612244897,49,12,5,0,49,4|5|9|2|4|1|10|6,network_wide,49
chain,50,0.01,0.03,0.0,0.2,0.1,3.0,0.3,0.074,5,47,0.0,0.16326530612244897,48,12,5,0,48,3|5|9|2|4|1|10|6|1,network_wide,49
chain,50,0.01,0.03,0.0,0.2,0.1,3.0,0.3,0.074,6,48,0.0,0.16326530612244897,47,12,4,0,47,3|5|9|2|4|1|10|6|2,network_wide,49
chain,50,0.01,0.03,0.0,0.2,0.1,3.0,0.3,0.074,7,49,0.0,0.16326530612244897,46,12,5,0,46,1|5|9|2|4|1|10|6|3,network_wide,49
chain,50,0.01,0.03,0.0,0.2,0.1,3.0,0.3,0.074,8,50,0.0,0.16326530612244897,45,12,5,0,45,1|5|9|2|4|1|10|6|4,network_wide,49
chain,50,0.01,0.03,0.0,0.2,0.1,3.0,0.3,0.074,9,51,0.0,0.14285714285714285,44,12,5,0,44,5|9|2|4|1|10|6|5,network_wide,49
chain,50,0.01,0.03,0.0,0.2,0.1,3.0,0.3,0.074,10,52,0.0,0.14285714285714285,43,12,38,0,43,6|7|2|4|1|10|6|6,network_wide,49
chain,50,0.01,0.03,0.0,0.2,0.1,3.0,0.3,0.074,11,53,0.0,0.14285714285714285,42,12,5,0,42,3|9|2|4|1|10|6|7,network_wide,49
chain,50,0.01,0.03,0.0,0.2,0.1,3.0,0.3,0.074,12,54,0.0,0.16326530612244897,41,12,6,0,41,3|1|7|2|4|1|10|6|8,network_wide,49
chain,50,0.01,0.03,0.0,0.2,0.1,3.0,0.3,0.074,13,55,0.0,0.14285714285714285,40,12,6,0,40,1|9|2|4|1|10|6|9,network_wide,49
chain,50,0.01,0.03,0.0,0.2,0.1,3.0,0.3,0.074,14,56,0.0,0.14285714285714285,39,12,5,0,39,1|9|2|4|1|10|6|10,network_wide,49
chain,50,0.01,0.03,0.0,0.2,0.1,3.0,0.3,0.074,15,57,0.0,0.14285714285714285,38,12,38,0,38,1|7|2|4|1|10|6|11,network_wide,49
chain,50,0.01,0.03,0.0,0.2,0.1,3.0,0.3,0.074,16,58,0.0,0.14285714285714285,37,12,16,0,37,1|7|2|4|1|10|6|12,network_wide,49
chain,50,0.01,0.03,0.0,0.2,0.1,3.0,0.3,0.074,17,59,0.0,0.12244897959183673,36,12,47,0,36,7|2|4|1|10|6|13,network_wide,49
chain,50,0.01,0.03,0.0,0.2,0.1,3.0,0.3,0.074,18,60,0.0,0.12244897959183673,35,12,47,0,35,7|2|4|1|10|6|14,network_wide,49
chain,50,0.01,0.03,0.0,0.2,0.1,3.0,0.3,0.074,19,61,0.0,0.12244897959183673,34,12,16,0,34,6|2|4|1|10|6|15,network_wide,49
chain,50,0.01,0.03,0.0,0.2,0.1,3.0,0.3,0.074,20,62,0.0,0.12244897959183673,33,12,47,0,33,5|2|4|1|10|6|16,network_wide,49
chain,50,0.01,0.03,0.0,0.2,0.1,3.0,0.3,0.074,21,63,0.0,0.12244897959183673,32,12,47,0,32,4|2|4|1|10|6|17,network_wide,49
chain,50,0.01,0.03,0.0,0.2,0.1,3.0,0.3,0.074,22,64,0.0,0.14285714285714285,49,12,1,0,49,3|2|4|1|10|6|17,core_weighted,49
chain,50,0.01,0.03,0.0,0.2,0.1,3.0,0.3,0.074,23,65,0.0,0.14285714285714285,48,12,3,0,48,2|2|4|1|10|6|17|1,core_weighted,49
chain,50,0.01,0.03,0.0,0.2,0.1,3.0,0.3,0.074,24,66,0.0,0.14285714285714285,47,12,3,0,47,1|2|4|1|10|6|17|2,core_weighted,49
chain,50,0.01,0.03,0.0,0.2,0.1,3.0,0.3,0.074,25,67,0.0,0.12244897959183673,46,12,1,0,46,2|4|1|10|6|17|3,core_weighted,49
chain,50,0.01,0.03,0.0,0.2,0.1,3.0,0.3,0.074,26,68,0.0,0.12244897959183673,45,12,1,0,45,1|4|1|10|6|17|4,core_weighted,49
chain,50,0.01,0.03,0.0,0.2,0.1,3.0,0.3,0.074,27,69,0.0,0.12244897959183673,44,12,1,0,44,1|4|1|10|6|17|5,core_weighted,49
chain,50,0.01,0.03,0.0,0.2,0.1,3.0,0.3,0.074,28,70,0.0,0.10204081632653061,43,12,1,0,43,4|1|10|6|17|6,core_weighted,49
chain,50,0.01,0.03,0.0,0.2,0.1,3.0,0.3,0.074,29,71,0.0,0.12244897959183673,49,12,3,0,49,3|1|10|6|17|6,network_wide,49
chain,50,0.01,0.03,0.0,0.2,0.1,3.0,0.3,0.074,30,72,0.0,0.12244897959183673,48,12,1,0,48,2|1|10|6|17|6|1,network_wide,49
chain,50,0.01,0.03,0.0,0.2,0.1,3.0,0.3,0.074,31,73,0.0,0.12244897959183673,47,12,3,0,47,2|1|10|6|17|6|2,network_wide,49
chain,50,0.01,0.03,0.0,0.2,0.1,3.0,0.3,0.074,32,74,0.0,0.12244897959183673,46,12,1,0,46,1|10|6|17|6|3,core_weighted,49
chain,50,0.01,0.03,0.0,0.2,0.1,3.0,0.3,0.074,33,75,0.0,0.10204081632653061,45,12,1,0,45,1|10|6|17|6|4,network_wide,49
chain,50,0.01,0.03,0.0,0.2,0.1,3.0,0.3,0.074,34,76,0.0,0.10204081632653061,44,12,1,0,44,1|10|6|17|6|5,network_wide,49
chain,50,0.01,0.03,0.0,0.2,0.1,3.0,0.3,0.074,35,77,0.0,0.08163265306122448,43,12,1,0,43,10|6|17|6|6,network_wide,49
chain,50,0.01,0.03,0.0,0.2,0.1,3.0,0.3,0.074,36,78,0.0,0.08163265306122448,42,12,1,0,42,9|6|17|6|7,network_wide,49
chain,50,0.01,0.03,0.0,0.2,0.1,3.0,0.3,0.074,37,79,0.0,0.10204081632653061,49,12,1,0,49,9|6|17|6|7,network_wide,49
chain,50,0.01,0.03,0.0,0.2,0.1,3.0,0.3,0.074,38,80,0.0,0.08163265306122448,48,12,75,0,48,8|6|24|7|1,network_wide,49
chain,50,0.01,0.03,0.0,0.2,0.1,3.0,0.3,0.074,39,81,0.0,0.10204081632653061,47,12,1,0,47,7|6|17|6|7|2,network_wide,49
chain,50,0.01,0.03,0.0,0.2,0.1,3.0,0.3,0.074,40,82,0.0,0.10204081632653061,46,12,4,0,46,5|6|17|6|7|3,network_wide,49
chain,50,0.01,0.03,0.0,0.2,0.1,3.0,0.3,0.074,41,83,0.0,0.10204081632653061,45,12,1,0,45,5|6|17|6|7|4,network_wide,49
chain,50,0.01,0.03,0.0,0.2,0.1,3.0,0.3,0.074,42,84,0.0,0.10204081632653061,44,12,3,0,44,3|6|17|6|7|5,network_wide,49
chain,50,0.01,0.03,0.0,0.2,0.1,3.0,0.3,0.074,43,85,0.0,0.10204081632653061,43,12,1,0,43,2|6|17|6|7|6,network_wide,49
chain,50,0.01,0.03,0.0,0.2,0.1,3.0,0.3,0.074,44,86,0.0,0.10204081632653061,42,12,3,0,42,2|6|17|6|7|7,network_wide,49
chain,50,0.01,0.03,0.0,0.2,0.1,3.0,0.3,0.074,45,87,0.0,0.10204081632653061,41,12,1,0,41,1|6|17|6|7|8,network_wide,49
chain,50,0.01,0.03,0.0,0.2,0.1,3.0,0.3,0.074,46,88,0.0,0.08163265306122448,40,7,4,0,40,6|17|6|7|9,network_wide,49
chain,50,0.01,0.03,0.0,0.2,0.1,3.0,0.3,0.074,47,89,0.0,0.08163265306122448,39,7,3,0,39,5|17|6|7|10,network_wide,49
chain,50,0.01,0.03,0.0,0.2,0.1,3.0,0.3,0.074,48,90,0.0,0.10204081632653061,49,8,1,0,49,4|17|6|7|10,network_wide,49
chain,50,0.01,0.03,0.0,0.2,0.1,3.0,0.3,0.074,49,91,0.0,0.10204081632653061,48,8,1,0,48,3|17|6|7|10|1,network_wide,49
chain,50,0.01,0.03,0.0,0.2,0.1,3.0,0.3,0.076,0,42,0.0,0.14285714285714285,46,11,4,0,46,3|4|5|12|4|1|10|3,network_wide,49
chain,50,0.01,0.03,0.0,0.2,0.1,3.0,0.3,0.076,1,43,0.0,0.14285714285714285,45,11,5,0,45,2|4|5|12|4|1|10|4,network_wide,49
chain,50,0.01,0.03,0.0,0.2,0.1,3.0,0.3,0.076,2,44,0.0,0.16326530612244897,44,11,4,0,44,2|4|5|1|10|4|1|10|5,network_wide,49
chain,50,0.01,0.03,0.0,0.2,0.1,3.0,0.3,0.076,3,45,0.0,0.14285714285714285,43,11,4,0,43,1|4|5|12|4|1|10|6,network_wide,49
chain,50,0.01,0.03,0.0,0.2,0.1,3.0,0.3,0.076,4,46,0.0,0.14285714285714285,49,11,5,0,49,4|5|12|4|1|10|6,network_wide,49
chain,50,0.01,0.03,0.0,0.2,0.1,3.0,0.3,0.076,5,47,0.0,0.14285714285714285,48,11,5,0,48,3|5|12|4|1|10|6|1,network_wide,49
chain,50,0.01,0.03,0.0,0.2,0.1,3.0,0.3,0.076,6,48,0.0,0.14285714285714285,47,11,4,0,47,3|5|12|4|1|10|6|2,network_wide,49
chain,50,0.01,0.03,0.0,0.2,0.1,3.0,0.3,0.076,7,49,0.0,0.14285714285714285,46,11,5,0,46,1|5|12|4|1|10|6|3,network_wide,49
chain,50,0.01,0.03,0.0,0.2,0.1,3.0,0.3,0.076,8,50,0.0,0.14285714285714285,45,11,5,0,45,1|5|12|4|1|10|6|4,network_wide,49
chain,50,0.01,0.03,0.0,0.2,0.1,3.0,0.3,0.076,9,51,0.0,0.12244897959183673,44,11,5,0,44,5|12|4|1|10|6|5,network_wide,49
chain,50,0.01,0.03,0.0,0.2,0.1,3.0,0.3,0.076,10,52,0.0,0.12244897959183673,43,11,38,0,43,6|10|4|1|10|6|6,network_wide,49
chain,50,0.01,0.03,0.0,0.2,0.1,3.0,0.3,0.076,11,53,0.0,0.12244897959183673,42,11,5,0,42,3|12|4|1|10|6|7,network_wide,49
chain,50,0.01,0.03,0.0,0.2,0.1,3.0,0.3,0.076,12,54,0.0,0.14285714285714285,41,11,6,0,41,3|1|10|4|1|10|6|8,network_wide,49
chain,50,0.01,0.03,0.0,0.2,0.1,3.0,0.3,0.076,13,55,0.0,0.12244897959183673,40,11,6,0,40,1|12|4|1|10|6|9,network_wide,49
chain,50,0.01,0.03,0.0,0.2,0.1,3.0,0.3,0.076,14,56,0.0,0.12244897959183673,39,11,5,0,39,1|12|4|1|10|6|10,network_wide,49
chain,50,0.01,0.03,0.0,0.2,0.1,3.0,0.3,0.076,15,57,0.0,0.12244897959183673,38,11,38,0,38,1|10|4|1|10|6|11,network_wide,49
chain,50,0.01,0.03,0.0,0.2,0.1,3.0,0.3,0.076,16,58,0.0,0.12244897959183673,37,11,38,0,37,1|10|4|1|10|6|12,network_wide,49
chain,50,0.01,0.03,0.0,0.2,0.1,3.0,0.3,0.076,17,59,0.0,0.10204081632653061,36,11,75,0,36,10|4|1|10|6|13,network_wide,49
chain,50,0.01,0.03,0.0,0.2,0.1,3.0,0.3,0.076,18,60,0.0,0.10204081632653061,35,11,75,0,35,10|4|1|10|6|14,network_wide,49
chain,50,0.01,0.03,0.0,0.2,0.1,3.0,0.3,0.076,19,61,0.0,0.10204081632653061,34,11,75,0,34,9|4|1|10|6|15,network_wide,49
chain,50,0.01,0.03,0.0,0.2,0.1,3.0,0.3,0.076,20,62,0.0,0.10204081632653061,33,11,75,0,33,8|4|1|10|6|16,network_wide,49
chain,50,0.01,0.03,0.0,0.2,0.1,3.0,0.3,0.076,21,63,0.0,0.10204081632653061,32,11,75,0,32,7|4|1|10|6|17,network_wide,49
chain,50,0.01,0.03,0.0,0.2,0.1,3.0,0.3,0.076,22,64,0.0,0.12244897959183673,49,11,1,0,49,6|4|1|10|6|17,network_wide,49
chain,50,0.01,0.03,0.0,0.2,0.1,3.0,0.3,0.076,23,65,0.0,0.12244897959183673,48,11,3,0,48,5|4|1|10|6|17|1,network_wide,49
chain,50,0.01,0.03,0.0,0.2,0.1,3.0,0.3,0.076,24,66,0.0,0.12244897959183673,47,11,3,0,47,4|4|1|10|6|17|2,network_wide,49
chain,50,0.01,0.03,0.0,0.2,0.1,3.0,0.3,0.076,25,67,0.0,0.12244897959183673,46,11,1,0,46,2|4|1|10|6|17|3,core_weighted,49
chain,50,0.01,0.03,0.0,0.2,0.1,3.0,0.3,0.076,26,68,0.0,0.12244897959183673,45,11,1,0,45,1|4|1|10|6|17|4,core_weighted,49
chain,50,0.01,0.03,0.0,0.2,0.1,3.0,0.3,0.076,27,69,0.0,0.12244897959183673,44,11,1,0,44,1|4|1|10|6|17|5,core_weighted,49
chain,50,0.01,0.03,0.0,0.2,0.1,3.0,0.3,0.076,28,70,0.0,0.10204081632653061,43,11,1,0,43,4|1|10|6|17|6,core_weighted,49
chain,50,0.01,0.03,0.0,0.2,0.1,3.0,0.3,0.076,29,71,0.0,0.10204081632653061,42,11,3,0,42,3|1|10|6|17|7,core_weighted,49
chain,50,0.01,0.03,0.0,0.2,0.1,3.0,0.3,0.076,30,72,0.0,0.10204081632653061,41,11,1,0,41,2|1|10|6|17|8,core_weighted,49
chain,50,0.01,0.03,0.0,0.2,0.1,3.0,0.3,0.076,31,73,0.0,0.10204081632653061,40,11,3,0,40,2|1|10|6|17|9,network_wide,49
chain,50,0.01,0.03,0.0,0.2,0.1,3.0,0.3,0.076,32,74,0.0,0.10204081632653061,39,11,1,0,39,1|10|6|17|10,core_weighted,49
chain,50,0.01,0.03,0.0,0.2,0.1,3.0,0.3,0.076,33,75,0.0,0.08163265306122448,38,11,1,0,38,1|10|6|17|11,core_weighted,49
chain,50,0.01,0.03,0.0,0.2,0.1,3.0,0.3,0.076,34,76,0.0,0.08163265306122448,37,11,1,0,37,1|10|6|17|12,network_wide,49
chain,50,0.01,0.03,0.0,0.2,0.1,3.0,0.3,0.076,35,77,0.0,0.061224489795918366,36,11,1,0,36,10|6|17|13,network_wide,49
chain,50,0.01,0.03,0.0,0.2,0.1,3.0,0.3,0.076,36,78,0.0,0.061224489795918366,35,11,1,0,35,9|6|17|14,network_wide,49
chain,50,0.01,0.03,0.0,0.2,0.1,3.0,0.3,0.076,37,79,0.0,0.08163265306122448,49,11,1,0,49,9|6|17|14,network_wide,49
chain,50,0.01,0.03,0.0,0.2,0.1,3.0,0.3,0.076,38,80,0.0,0.061224489795918366,48,11,75,0,48,8|6|32|1,network_wide,49
chain,50,0.01,0.03,0.0,0.2,0.1,3.0,0.3,0.076,39,81,0.0,0.08163265306122448,47,11,1,0,47,7|6|17|14|2,network_wide,49
chain,50,0.01,0.03,0.0,0.2,0.1,3.0,0.3,0.076,40,82,0.0,0.08163265306122448,46,11,4,0,46,5|6|17|14|3,network_wide,49
chain,50,0.01,0.03,0.0,0.2,0.1,3.0,0.3,0.076,41,83,0.0,0.08163265306122448,45,11,1,0,45,5|6|17|14|4,network_wide,49
chain,50,0.01,0.03,0.0,0.2,0.1,3.0,0.3,0.076,42,84,0.0,0.08163265306122448,44,11,3,0,44,3|6|17|14|5,core_weighted,49
chain,50,0.01,0.03,0.0,0.2,0.1,3.0,0.3,0.076,43,85,0.0,0.08163265306122448,43,11,1,0,43,2|6|17|14|6,core_weighted,49
chain,50,0.01,0.03,0.0,0.2,0.1,3.0,0.3,0.076,44,86,0.0,0.08163265306122448,42,11,3,0,42,2|6|17|14|7,network_wide,49
chain,50,0.01,0.03,0.0,0.2,0.1,3.0,0.3,0.076,45,87,0.0,0.08163265306122448,41,11,1,0,41,1|6|17|14|8,network_wide,49
chain,50,0.01,0.03,0.0,0.2,0.1,3.0,0.3,0.076,46,88,0.0,0.061224489795918366,40,9,4,0,40,6|17|14|9,network_wide,49
chain,50,0.01,0.03,0.0,0.2,0.1,3.0,0.3,0.076,47,89,0.0,0.061224489795918366,39,9,3,0,39,5|17|14|10,network_wide,49
chain,50,0.01,0.03,0.0,0.2,0.1,3.0,0.3,0.076,48,90,0.0,0.08163265306122448,49,9,1,0,49,4|17|14|10,network_wide,49
chain,50,0.01,0.03,0.0,0.2,0.1,3.0,0.3,0.076,49,91,0.0,0.08163265306122448,48,9,1,0,48,3|17|14|10|1,network_wide,49
chain,50,0.01,0.03,0.0,0.2,0.1,3.0,0.3,0.078,0,42,0.0,0.16326530612244897,46,9,4,0,46,3|4|5|12|4|10|3,network_wide,49
chain,50,0.01,0.03,0.0,0.2,0.1,3.0,0.3,0.078,1,43,0.0,0.14285714285714285,45,9,5,0,45,2|10|12|4|10|4,network_wide,49
chain,50,0.01,0.03,0.0,0.2,0.1,3.0,0.3,0.078,2,44,0.0,0.16326530612244897,44,9,4,0,44,2|10|1|10|4|10|5,network_wide,49
chain,50,0.01,0.03,0.0,0.2,0.1,3.0,0.3,0.078,3,45,0.0,0.14285714285714285,43,9,4,0,43,1|10|12|4|10|6,network_wide,49
chain,50,0.01,0.03,0.0,0.2,0.1,3.0,0.3,0.078,4,46,0.0,0.14285714285714285,49,9,5,0,49,10|12|4|10|6,network_wide,49
chain,50,0.01,0.03,0.0,0.2,0.1,3.0,0.3,0.078,5,47,0.0,0.16326530612244897,48,9,5,0,48,3|5|12|4|10|6|1,network_wide,49
chain,50,0.01,0.03,0.0,0.2,0.1,3.0,0.3,0.078,6,48,0.0,0.14285714285714285,47,9,4,0,47,9|12|4|10|6|2,network_wide,49
chain,50,0.01,0.03,0.0,0.2,0.1,3.0,0.3,0.078,7,49,0.0,0.14285714285714285,46,9,5,0,46,7|12|4|10|6|3,network_wide,49
chain,50,0.01,0.03,0.0,0.2,0.1,3.0,0.3,0.078,8,50,0.0,0.16326530612244897,45,9,5,0,45,1|5|12|4|10|6|4,network_wide,49
chain,50,0.01,0.03,0.0,0.2,0.1,3.0,0.3,0.078,9,51,0.0,0.14285714285714285,44,9,5,0,44,5|12|4|10|6|5,network_wide,49
chain,50,0.01,0.03,0.0,0.2,0.1,3.0,0.3,0.078,10,52,0.0,0.14285714285714285,43,9,38,0,43,6|10|4|10|6|6,network_wide,49
chain,50,0.01,0.03,0.0,0.2,0.1,3.0,0.3,0.078,11,53,0.0,0.14285714285714285,42,9,5,0,42,3|12|4|10|6|7,network_wide,49
chain,50,0.01,0.03,0.0,0.2,0.1,3.0,0.3,0.078,12,54,0.0,0.14285714285714285,41,9,38,0,41,5|10|4|10|6|8,network_wide,49
chain,50,0.01,0.03,0.0,0.2,0.1,3.0,0.3,0.078,13,55,0.0,0.14285714285714285,40,9,6,0,40,1|12|4|10|6|9,network_wide,49
chain,50,0.01,0.03,0.0,0.2,0.1,3.0,0.3,0.078,14,56,0.0,0.14285714285714285,39,9,5,0,39,1|12|4|10|6|10,network_wide,49
chain,50,0.01,0.03,0.0,0.2,0.1,3.0,0.3,0.078,15,57,0.0,0.14285714285714285,38,9,38,0,38,1|10|4|10|6|11,network_wide,49
chain,50,0.01,0.03,0.0,0.2,0.1,3.0,0.3,0.078,16,58,0.0,0.14285714285714285,37,9,38,0,37,1|10|4|10|6|12,network_wide,49
chain,50,0.01,0.03,0.0,0.2,0.1,3.0,0.3,0.078,17,59,0.0,0.12244897959183673,36,9,75,0,36,10|4|10|6|13,network_wide,49
chain,50,0.01,0.03,0.0,0.2,0.1,3.0,0.3,0.078,18,60,0.0,0.12244897959183673,35,9,75,0,35,10|4|10|6|14,network_wide,49
chain,50,0.01,0.03,0.0,0.2,0.1,3.0,0.3,0.078,19,61,0.0,0.12244897959183673,34,9,75,0,34,9|4|10|6|15,network_wide,49
chain,50,0.01,0.03,0.0,0.2,0.1,3.0,0.3,0.078,20,62,0.0,0.12244897959183673,33,9,75,0,33,8|4|10|6|16,network_wide,49
chain,50,0.01,0.03,0.0,0.2,0.1,3.0,0.3,0.078,21,63,0.0,0.12244897959183673,32,9,75,0,32,7|4|10|6|17,network_wide,49
chain,50,0.01,0.03,0.0,0.2,0.1,3.0,0.3,0.078,22,64,0.0,0.14285714285714285,49,9,1,0,49,6|4|10|6|17,network_wide,49
chain,50,0.01,0.03,0.0,0.2,0.1,3.0,0.3,0.078,23,65,0.0,0.14285714285714285,48,9,3,0,48,5|4|10|6|17|1,network_wide,49
chain,50,0.01,0.03,0.0,0.2,0.1,3.0,0.3,0.078,24,66,0.0,0.14285714285714285,47,9,3,0,47,4|4|10|6|17|2,network_wide,49
chain,50,0.01,0.03,0.0,0.2,0.1,3.0,0.3,0.078,25,67,0.0,0.14285714285714285,46,9,1,0,46,2|4|10|6|17|3,core_weighted,49
chain,50,0.01,0.03,0.0,0.2,0.1,3.0,0.3,0.078,26,68,0.0,0.14285714285714285,45,9,1,0,45,1|4|10|6|17|4,core_weighted,49
chain,50,0.01,0.03,0.0,0.2,0.1,3.0,0.3,0.078,27,69,0.0,0.14285714285714285,44,9,1,0,44,1|4|10|6|17|5,core_weighted,49
chain,50,0.01,0.03,0.0,0.2,0.1,3.0,0.3,0.078,28,70,0.0,0.12244897959183673,43,9,1,0,43,4|10|6|17|6,core_weighted,49
chain,50,0.01,0.03,0.0,0.2,0.1,3.0,0.3,0.078,29,71,0.0,0.12244897959183673,42,9,3,0,42,3|10|6|17|7,core_weighted,49
chain,50,0.01,0.03,0.0,0.2,0.1,3.0,0.3,0.078,30,72,0.0,0.12244897959183673,41,9,1,0,41,2|10|6|17|8,core_weighted,49
chain,50,0.01,0.03,0.0,0.2,0.1,3.0,0.3,0.078,31,73,0.0,0.12244897959183673,40,9,3,0,40,2|10|6|17|9,core_weighted,49
chain,50,0.01,0.03,0.0,0.2,0.1,3.0,0.3,0.078,32,74,0.0,0.12244897959183673,39,9,1,0,39,10|6|17|10,core_weighted,49
chain,50,0.01,0.03,0.0,0.2,0.1,3.0,0.3,0.078,33,75,0.0,0.10204081632653061,38,9,1,0,38,10|6|17|11,core_weighted,49
chain,50,0.01,0.03,0.0,0.2,0.1,3.0,0.3,0.078,34,76,0.0,0.08163265306122448,37,9,1,0,37,10|6|17|12,core_weighted,49
chain,50,0.01,0.03,0.0,0.2,0.1,3.0,0.3,0.078,35,77,0.0,0.061224489795918366,36,9,1,0,36,10|6|17|13,network_wide,49
chain,50,0.01,0.03,0.0,0.2,0.1,3.0,0.3,0.078,36,78,0.0,0.061224489795918366,35,9,1,0,35,9|6|17|14,network_wide,49
chain,50,0.01,0.03,0.0,0.2,0.1,3.0,0.3,0.078,37,79,0.0,0.08163265306122448,49,9,1,0,49,9|6|17|14,network_wide,49
chain,50,0.01,0.03,0.0,0.2,0.1,3.0,0.3,0.078,38,80,0.0,0.061224489795918366,48,9,75,0,48,8|6|32|1,network_wide,49
chain,50,0.01,0.03,0.0,0.2,0.1,3.0,0.3,0.078,39,81,0.0,0.08163265306122448,47,9,1,0,47,7|6|17|14|2,network_wide,49
chain,50,0.01,0.03,0.0,0.2,0.1,3.0,0.3,0.078,40,82,0.0,0.08163265306122448,46,9,4,0,46,5|6|17|14|3,network_wide,49
chain,50,0.01,0.03,0.0,0.2,0.1,3.0,0.3,0.078,41,83,0.0,0.08163265306122448,45,9,1,0,45,5|6|17|14|4,network_wide,49
chain,50,0.01,0.03,0.0,0.2,0.1,3.0,0.3,0.078,42,84,0.0,0.08163265306122448,44,9,3,0,44,3|6|17|14|5,core_weighted,49
chain,50,0.01,0.03,0.0,0.2,0.1,3.0,0.3,0.078,43,85,0.0,0.08163265306122448,43,9,1,0,43,2|6|17|14|6,core_weighted,49
chain,50,0.01,0.03,0.0,0.2,0.1,3.0,0.3,0.078,44,86,0.0,0.08163265306122448,42,9,3,0,42,2|6|17|14|7,network_wide,49
chain,50,0.01,0.03,0.0,0.2,0.1,3.0,0.3,0.078,45,87,0.0,0.08163265306122448,41,9,1,0,41,1|6|17|14|8,network_wide,49
chain,50,0.01,0.03,0.0,0.2,0.1,3.0,0.3,0.078,46,88,0.0,0.061224489795918366,40,8,4,0,40,6|17|14|9,network_wide,49
chain,50,0.01,0.03,0.0,0.2,0.1,3.0,0.3,0.078,47,89,0.0,0.061224489795918366,39,8,3,0,39,5|17|14|10,network_wide,49
chain,50,0.01,0.03,0.0,0.2,0.1,3.0,0.3,0.078,48,90,0.0,0.08163265306122448,49,8,1,0,49,4|17|14|10,network_wide,49
chain,50,0.01,0.03,0.0,0.2,0.1,3.0,0.3,0.078,49,91,0.0,0.08163265306122448,48,8,1,0,48,3|17|14|10|1,network_wide,49
chain,50,0.01,0.03,0.0,0.2,0.1,3.0,0.3,0.08,0,42,0.0,0.16326530612244897,46,9,4,0,46,3|4|5|12|4|10|3,network_wide,49
chain,50,0.01,0.03,0.0,0.2,0.1,3.0,0.3,0.08,1,43,0.0,0.16326530612244897,45,9,5,0,45,2|4|5|12|4|10|4,network_wide,49
chain,50,0.01,0.03,0.0,0.2,0.1,3.0,0.3,0.08,2,44,0.0,0.16326530612244897,44,9,5,0,44,2|4|5|12|4|10|5,network_wide,49
chain,50,0.01,0.03,0.0,0.2,0.1,3.0,0.3,0.08,3,45,0.0,0.16326530612244897,43,9,4,0,43,1|4|5|12|4|10|6,network_wide,49
chain,50,0.01,0.03,0.0,0.2,0.1,3.0,0.3,0.08,4,46,0.0,0.16326530612244897,49,9,5,0,49,4|5|12|4|10|6,network_wide,49
chain,50,0.01,0.03,0.0,0.2,0.1,3.0,0.3,0.08,5,47,0.0,0.16326530612244897,48,9,5,0,48,3|5|12|4|10|6|1,network_wide,49
chain,50,0.01,0.03,0.0,0.2,0.1,3.0,0.3,0.08,6,48,0.0,0.16326530612244897,47,9,4,0,47,3|5|12|4|10|6|2,network_wide,49
chain,50,0.01,0.03,0.0,0.2,0.1,3.0,0.3,0.08,7,49,0.0,0.16326530612244897,46,9,5,0,46,1|5|12|4|10|6|3,network_wide,49
chain,50,0.01,0.03,0.0,0.2,0.1,3.0,0.3,0.08,8,50,0.0,0.16326530612244897,45,9,5,0,45,1|5|12|4|10|6|4,network_wide,49
chain,50,0.01,0.03,0.0,0.2,0.1,3.0,0.3,0.08,9,51,0.0,0.14285714285714285,44,9,6,0,44,5|12|4|10|6|5,network_wide,49
chain,50,0.01,0.03,0.0,0.2,0.1,3.0,0.3,0.08,10,52,0.0,0.12244897959183673,43,9,75,0,43,17|4|10|6|6,network_wide,49
chain,50,0.01,0.03,0.0,0.2,0.1,3.0,0.3,0.08,11,53,0.0,0.14285714285714285,42,9,5,0,42,3|12|4|10|6|7,network_wide,49
chain,50,0.01,0.03,0.0,0.2,0.1,3.0,0.3,0.08,12,54,0.0,0.12244897959183673,41,9,75,0,41,16|4|10|6|8,network_wide,49
chain,50,0.01,0.03,0.0,0.2,0.1,3.0,0.3,0.08,13,55,0.0,0.12244897959183673,40,9,75,0,40,14|4|10|6|9,network_wide,49
chain,50,0.01,0.03,0.0,0.2,0.1,3.0,0.3,0.08,14,56,0.0,0.14285714285714285,39,9,5,0,39,1|12|4|10|6|10,network_wide,49
chain,50,0.01,0.03,0.0,0.2,0.1,3.0,0.3,0.08,15,57,0.0,0.12244897959183673,38,9,75,0,38,12|4|10|6|11,network_wide,49
chain,50,0.01,0.03,0.0,0.2,0.1,3.0,0.3,0.08,16,58,0.0,0.12244897959183673,37,9,75,0,37,12|4|10|6|12,network_wide,49
chain,50,0.01,0.03,0.0,0.2,0.1,3.0,0.3,0.08,17,59,0.0,0.12244897959183673,36,9,75,0,36,10|4|10|6|13,network_wide,49
chain,50,0.01,0.03,0.0,0.2,0.1,3.0,0.3,0.08,18,60,0.0,0.12244897959183673,35,9,75,0,35,10|4|10|6|14,network_wide,49
chain,50,0.01,0.03,0.0,0.2,0.1,3.0,0.3,0.08,19,61,0.0,0.12244897959183673,34,9,75,0,34,9|4|10|6|15,network_wide,49
chain,50,0.01,0.03,0.0,0.2,0.1,3.0,0.3,0.08,20,62,0.0,0.12244897959183673,33,9,75,0,33,8|4|10|6|16,network_wide,49
chain,50,0.01,0.03,0.0,0.2,0.1,3.0,0.3,0.08,21,63,0.0,0.12244897959183673,32,9,75,0,32,7|4|10|6|17,network_wide,49
chain,50,0.01,0.03,0.0,0.2,0.1,3.0,0.3,0.08,22,64,0.0,0.14285714285714285,49,9,1,0,49,6|4|10|6|17,network_wide,49
chain,50,0.01,0.03,0.0,0.2,0.1,3.0,0.3,0.08,23,65,0.0,0.14285714285714285,48,9,3,0,48,5|4|10|6|17|1,network_wide,49
chain,50,0.01,0.03,0.0,0.2,0.1,3.0,0.3,0.08,24,66,0.0,0.14285714285714285,47,9,4,0,47,4|4|10|6|17|2,network_wide,49
chain,50,0.01,0.03,0.0,0.2,0.1,3.0,0.3,0.08,25,67,0.0,0.14285714285714285,46,9,1,0,46,2|4|10|6|17|3,core_weighted,49
chain,50,0.01,0.03,0.0,0.2,0.1,3.0,0.3,0.08,26,68,0.0,0.14285714285714285,45,9,1,0,45,1|4|10|6|17|4,core_weighted,49
chain,50,0.01,0.03,0.0,0.2,0.1,3.0,0.3,0.08,27,69,0.0,0.14285714285714285,44,9,1,0,44,1|4|10|6|17|5,core_weighted,49
chain,50,0.01,0.03,0.0,0.2,0.1,3.0,0.3,0.08,28,70,0.0,0.12244897959183673,43,9,1,0,43,4|10|6|17|6,core_weighted,49
chain,50,0.01,0.03,0.0,0.2,0.1,3.0,0.3,0.08,29,71,0.0,0.12244897959183673,42,9,4,0,42,3|10|6|17|7,core_weighted,49
chain,50,0.01,0.03,0.0,0.2,0.1,3.0,0.3,0.08,30,72,0.0,0.12244897959183673,41,9,1,0,41,2|10|6|17|8,core_weighted,49
chain,50,0.01,0.03,0.0,0.2,0.1,3.0,0.3,0.08,31,73,0.0,0.12244897959183673,40,9,3,0,40,2|10|6|17|9,core_weighted,49
chain,50,0.01,0.03,0.0,0.2,0.1,3.0,0.3,0.08,32,74,0.0,0.12244897959183673,39,9,1,0,39,10|6|17|10,core_weighted,49
chain,50,0.01,0.03,0.0,0.2,0.1,3.0,0.3,0.08,33,75,0.0,0.10204081632653061,38,9,1,0,38,10|6|17|11,core_weighted,49
chain,50,0.01,0.03,0.0,0.2,0.1,3.0,0.3,0.08,34,76,0.0,0.08163265306122448,37,9,1,0,37,10|6|17|12,core_weighted,49
chain,50,0.01,0.03,0.0,0.2,0.1,3.0,0.3,0.08,35,77,0.0,0.061224489795918366,36,9,1,0,36,10|6|17|13,network_wide,49
chain,50,0.01,0.03,0.0,0.2,0.1,3.0,0.3,0.08,36,78,0.0,0.061224489795918366,35,9,1,0,35,9|6|17|14,network_wide,49
chain,50,0.01,0.03,0.0,0.2,0.1,3.0,0.3,0.08,37,79,0.0,0.08163265306122448,49,9,1,0,49,9|6|17|14,network_wide,49
chain,50,0.01,0.03,0.0,0.2,0.1,3.0,0.3,0.08,38,80,0.0,0.061224489795918366,48,9,75,0,48,8|6|32|1,network_wide,49
chain,50,0.01,0.03,0.0,0.2,0.1,3.0,0.3,0.08,39,81,0.0,0.08163265306122448,47,9,1,0,47,7|6|17|14|2,network_wide,49
chain,50,0.01,0.03,0.0,0.2,0.1,3.0,0.3,0.08,40,82,0.0,0.08163265306122448,46,9,4,0,46,5|6|17|14|3,network_wide,49
chain,50,0.01,0.03,0.0,0.2,0.1,3.0,0.3,0.08,41,83,0.0,0.08163265306122448,45,9,1,0,45,5|6|17|14|4,network_wide,49
chain,50,0.01,0.03,0.0,0.2,0.1,3.0,0.3,0.08,42,84,0.0,0.08163265306122448,44,9,3,0,44,3|6|17|14|5,core_weighted,49
chain,50,0.01,0.03,0.0,0.2,0.1,3.0,0.3,0.08,43,85,0.0,0.08163265306122448,43,9,1,0,43,2|6|17|14|6,core_weighted,49
chain,50,0.01,0.03,0.0,0.2,0.1,3.0,0.3,0.08,44,86,0.0,0.08163265306122448,42,9,3,0,42,2|6|17|14|7,network_wide,49
chain,50,0.01,0.03,0.0,0.2,0.1,3.0,0.3,0.08,45,87,0.0,0.08163265306122448,41,9,1,0,41,1|6|17|14|8,network_wide,49
chain,50,0.01,0.03,0.0,0.2,0.1,3.0,0.3,0.08,46,88,0.0,0.061224489795918366,40,8,4,0,40,6|17|14|9,network_wide,49
chain,50,0.01,0.03,0.0,0.2,0.1,3.0,0.3,0.08,47,89,0.0,0.061224489795918366,39,8,3,0,39,5|17|14|10,network_wide,49
chain,50,0.01,0.03,0.0,0.2,0.1,3.0,0.3,0.08,48,90,0.0,0.08163265306122448,49,8,1,0,49,4|17|14|10,network_wide,49
chain,50,0.01,0.03,0.0,0.2,0.1,3.0,0.3,0.08,49,91,0.0,0.08163265306122448,48,8,1,0,48,3|17|14|10|1,network_wide,49
chain,50,0.01,0.03,0.0,0.2,0.1,3.0,0.3,0.082,0,42,0.0,0.16326530612244897,47,9,4,0,47,3|4|5|12|4|1|10|2,network_wide,49
chain,50,0.01,0.03,0.0,0.2,0.1,3.0,0.3,0.082,1,43,0.0,0.16326530612244897,46,9,5,0,46,2|4|5|12|4|1|10|3,network_wide,49
chain,50,0.01,0.03,0.0,0.2,0.1,3.0,0.3,0.082,2,44,0.0,0.16326530612244897,45,9,5,0,45,2|4|5|12|4|1|10|4,network_wide,49
chain,50,0.01,0.03,0.0,0.2,0.1,3.0,0.3,0.082,3,45,0.0,0.16326530612244897,44,9,4,0,44,1|4|5|12|4|1|10|5,network_wide,49
chain,50,0.01,0.03,0.0,0.2,0.1,3.0,0.3,0.082,4,46,0.0,0.16326530612244897,49,9,5,0,49,4|5|12|4|1|10|5,network_wide,49
chain,50,0.01,0.03,0.0,0.2,0.1,3.0,0.3,0.082,5,47,0.0,0.16326530612244897,48,9,5,0,48,3|5|12|4|1|10|5|1,network_wide,49
chain,50,0.01,0.03,0.0,0.2,0.1,3.0,0.3,0.082,6,48,0.0,0.16326530612244897,47,9,4,0,47,3|5|12|4|1|10|5|2,network_wide,49
chain,50,0.01,0.03,0.0,0.2,0.1,3.0,0.3,0.082,7,49,0.0,0.16326530612244897,46,9,5,0,46,1|5|12|4|1|10|5|3,network_wide,49
chain,50,0.01,0.03,0.0,0.2,0.1,3.0,0.3,0.082,8,50,0.0,0.16326530612244897,45,9,5,0,45,1|5|12|4|1|10|5|4,network_wide,49
chain,50,0.01,0.03,0.0,0.2,0.1,3.0,0.3,0.082,9,51,0.0,0.14285714285714285,44,9,6,0,44,5|12|4|1|10|5|5,network_wide,49
chain,50,0.01,0.03,0.0,0.2,0.1,3.0,0.3,0.082,10,52,0.0,0.12244897959183673,43,9,75,0,43,17|4|1|10|5|6,network_wide,49
chain,50,0.01,0.03,0.0,0.2,0.1,3.0,0.3,0.082,11,53,0.0,0.14285714285714285,42,9,5,0,42,3|12|4|1|10|5|7,network_wide,49
chain,50,0.01,0.03,0.0,0.2,0.1,3.0,0.3,0.082,12,54,0.0,0.12244897959183673,41,9,75,0,41,16|4|1|10|5|8,network_wide,49
chain,50,0.01,0.03,0.0,0.2,0.1,3.0,0.3,0.082,13,55,0.0,0.12244897959183673,40,9,75,0,40,14|4|1|10|5|9,network_wide,49
chain,50,0.01,0.03,0.0,0.2,0.1,3.0,0.3,0.082,14,56,0.0,0.14285714285714285,39,9,5,0,39,1|12|4|1|10|5|10,network_wide,49
chain,50,0.01,0.03,0.0,0.2,0.1,3.0,0.3,0.082,15,57,0.0,0.12244897959183673,38,9,75,0,38,12|4|1|10|5|11,network_wide,49
chain,50,0.01,0.03,0.0,0.2,0.1,3.0,0.3,0.082,16,58,0.0,0.12244897959183673,37,9,75,0,37,12|4|1|10|5|12,network_wide,49
chain,50,0.01,0.03,0.0,0.2,0.1,3.0,0.3,0.082,17,59,0.0,0.12244897959183673,36,9,75,0,36,10|4|1|10|5|13,network_wide,49
chain,50,0.01,0.03,0.0,0.2,0.1,3.0,0.3,0.082,18,60,0.0,0.12244897959183673,35,9,75,0,35,10|4|1|10|5|14,network_wide,49
chain,50,0.01,0.03,0.0,0.2,0.1,3.0,0.3,0.082,19,61,0.0,0.14285714285714285,34,9,48,0,34,6|2|4|1|10|5|15,network_wide,49
chain,50,0.01,0.03,0.0,0.2,0.1,3.0,0.3,0.082,20,62,0.0,0.12244897959183673,33,9,75,0,33,8|4|1|10|5|16,network_wide,49
chain,50,0.01,0.03,0.0,0.2,0.1,3.0,0.3,0.082,21,63,0.0,0.12244897959183673,32,9,75,0,32,7|4|1|10|5|17,network_wide,49
chain,50,0.01,0.03,0.0,0.2,0.1,3.0,0.3,0.082,22,64,0.0,0.14285714285714285,49,9,1,0,49,6|4|1|10|5|17,network_wide,49
chain,50,0.01,0.03,0.0,0.2,0.1,3.0,0.3,0.082,23,65,0.0,0.16326530612244897,48,9,3,0,48,2|2|4|1|10|5|17|1,network_wide,49
chain,50,0.01,0.03,0.0,0.2,0.1,3.0,0.3,0.082,24,66,0.0,0.14285714285714285,47,9,4,0,47,4|4|1|10|5|17|2,network_wide,49
chain,50,0.01,0.03,0.0,0.2,0.1,3.0,0.3,0.082,25,67,0.0,0.14285714285714285,46,9,1,0,46,2|4|1|10|5|17|3,core_weighted,49
chain,50,0.01,0.03,0.0,0.2,0.1,3.0,0.3,0.082,26,68,0.0,0.14285714285714285,45,9,1,0,45,1|4|1|10|5|17|4,core_weighted,49
chain,50,0.01,0.03,0.0,0.2,0.1,3.0,0.3,0.082,27,69,0.0,0.14285714285714285,44,9,1,0,44,1|4|1|10|5|17|5,network_wide,49
chain,50,0.01,0.03,0.0,0.2,0.1,3.0,0.3,0.082,28,70,0.0,0.12244897959183673,43,9,1,0,43,4|1|10|5|17|6,core_weighted,49
chain,50,0.01,0.03,0.0,0.2,0.1,3.0,0.3,0.082,29,71,0.0,0.12244897959183673,42,9,4,0,42,3|1|10|5|17|7,core_weighted,49
chain,50,0.01,0.03,0.0,0.2,0.1,3.0,0.3,0.082,30,72,0.0,0.12244897959183673,41,9,1,0,41,2|1|10|5|17|8,core_weighted,49
chain,50,0.01,0.03,0.0,0.2,0.1,3.0,0.3,0.082,31,73,0.0,0.12244897959183673,40,9,3,0,40,2|1|10|5|17|9,network_wide,49
chain,50,0.01,0.03,0.0,0.2,0.1,3.0,0.3,0.082,32,74,0.0,0.12244897959183673,39,9,1,0,39,1|10|5|17|10,core_weighted,49
chain,50,0.01,0.03,0.0,0.2,0.1,3.0,0.3,0.082,33,75,0.0,0.10204081632653061,38,9,1,0,38,1|10|5|17|11,core_weighted,49
chain,50,0.01,0.03,0.0,0.2,0.1,3.0,0.3,0.082,34,76,0.0,0.10204081632653061,37,9,1,0,37,1|10|5|17|12,network_wide,49
chain,50,0.01,0.03,0.0,0.2,0.1,3.0,0.3,0.082,35,77,0.0,0.08163265306122448,36,9,1,0,36,10|5|17|13,network_wide,49
chain,50,0.01,0.03,0.0,0.2,0.1,3.0,0.3,0.082,36,78,0.0,0.08163265306122448,35,9,1,0,35,9|5|17|14,network_wide,49
chain,50,0.01,0.03,0.0,0.2,0.1,3.0,0.3,0.082,37,79,0.0,0.10204081632653061,49,9,1,0,49,9|5|17|14,network_wide,49
chain,50,0.01,0.03,0.0,0.2,0.1,3.0,0.3,0.082,38,80,0.0,0.08163265306122448,48,9,75,0,48,8|5|32|1,network_wide,49
chain,50,0.01,0.03,0.0,0.2,0.1,3.0,0.3,0.082,39,81,0.0,0.10204081632653061,47,9,1,0,47,7|5|17|14|2,network_wide,49
chain,50,0.01,0.03,0.0,0.2,0.1,3.0,0.3,0.082,40,82,0.0,0.10204081632653061,46,9,4,0,46,5|5|17|14|3,core_weighted,49
chain,50,0.01,0.03,0.0,0.2,0.1,3.0,0.3,0.082,41,83,0.0,0.10204081632653061,45,9,1,0,45,5|5|17|14|4,network_wide,49
chain,50,0.01,0.03,0.0,0.2,0.1,3.0,0.3,0.082,42,84,0.0,0.10204081632653061,44,9,4,0,44,3|5|17|14|5,core_weighted,49
chain,50,0.01,0.03,0.0,0.2,0.1,3.0,0.3,0.082,43,85,0.0,0.10204081632653061,43,9,1,0,43,2|5|17|14|6,core_weighted,49
chain,50,0.01,0.03,0.0,0.2,0.1,3.0,0.3,0.082,44,86,0.0,0.10204081632653061,42,9,3,0,42,2|5|17|14|7,core_weighted,49
chain,50,0.01,0.03,0.0,0.2,0.1,3.0,0.3,0.082,45,87,0.0,0.10204081632653061,41,9,1,0,41,1|5|17|14|8,core_weighted,49
chain,50,0.01,0.03,0.0,0.2,0.1,3.0,0.3,0.082,46,88,0.0,0.061224489795918366,40,6,112,0,40,5|32|9,core_weighted,49
chain,50,0.01,0.03,0.0,0.2,0.1,3.0,0.3,0.082,47,89,0.0,0.061224489795918366,39,8,3,0,39,5|17|14|10,network_wide,49
chain,50,0.01,0.03,0.0,0.2,0.1,3.0,0.3,0.082,48,90,0.0,0.08163265306122448,49,8,1,0,49,4|17|14|10,network_wide,49
chain,50,0.01,0.03,0.0,0.2,0.1,3.0,0.3,0.082,49,91,0.0,0.08163265306122448,48,8,1,0,48,3|17|14|10|1,network_wide,49
chain,50,0.01,0.03,0.0,0.2,0.1,3.0,0.3,0.084,0,42,0.0,0.16326530612244897,47,11,4,0,47,3|4|5|12|4|1|10|2,network_wide,49
chain,50,0.01,0.03,0.0,0.2,0.1,3.0,0.3,0.084,1,43,0.0,0.16326530612244897,46,11,5,0,46,2|4|5|12|4|1|10|3,network_wide,49
chain,50,0.01,0.03,0.0,0.2,0.1,3.0,0.3,0.084,2,44,0.0,0.16326530612244897,45,11,5,0,45,2|4|5|12|4|1|10|4,network_wide,49
chain,50,0.01,0.03,0.0,0.2,0.1,3.0,0.3,0.084,3,45,0.0,0.16326530612244897,44,11,4,0,44,1|4|5|12|4|1|10|5,network_wide,49
chain,50,0.01,0.03,0.0,0.2,0.1,3.0,0.3,0.084,4,46,0.0,0.16326530612244897,49,11,5,0,49,4|5|12|4|1|10|5,network_wide,49
chain,50,0.01,0.03,0.0,0.2,0.1,3.0,0.3,0.084,5,47,0.0,0.16326530612244897,48,11,5,0,48,3|5|12|4|1|10|5|1,network_wide,49
chain,50,0.01,0.03,0.0,0.2,0.1,3.0,0.3,0.084,6,48,0.0,0.16326530612244897,47,11,4,0,47,3|5|12|4|1|10|5|2,network_wide,49
chain,50,0.01,0.03,0.0,0.2,0.1,3.0,0.3,0.084,7,49,0.0,0.16326530612244897,46,11,5,0,46,1|5|12|4|1|10|5|3,network_wide,49
chain,50,0.01,0.03,0.0,0.2,0.1,3.0,0.3,0.084,8,50,0.0,0.16326530612244897,45,11,5,0,45,1|5|12|4|1|10|5|4,network_wide,49
chain,50,0.01,0.03,0.0,0.2,0.1,3.0,0.3,0.084,9,51,0.0,0.14285714285714285,44,11,6,0,44,5|12|4|1|10|5|5,network_wide,49
chain,50,0.01,0.03,0.0,0.2,0.1,3.0,0.3,0.084,10,52,0.0,0.12244897959183673,43,11,102,0,43,17|4|1|10|5|6,network_wide,49
chain,50,0.01,0.03,0.0,0.2,0.1,3.0,0.3,0.084,11,53,0.0,0.14285714285714285,42,11,5,0,42,3|12|4|1|10|5|7,network_wide,49
chain,50,0.01,0.03,0.0,0.2,0.1,3.0,0.3,0.084,12,54,0.0,0.12244897959183673,41,11,102,0,41,16|4|1|10|5|8,network_wide,49
chain,50,0.01,0.03,0.0,0.2,0.1,3.0,0.3,0.084,13,55,0.0,0.12244897959183673,40,11,102,0,40,14|4|1|10|5|9,network_wide,49
chain,50,0.01,0.03,0.0,0.2,0.1,3.0,0.3,0.084,14,56,0.0,0.14285714285714285,39,11,5,0,39,1|12|4|1|10|5|10,network_wide,49
chain,50,0.01,0.03,0.0,0.2,0.1,3.0,0.3,0.084,15,57,0.0,0.12244897959183673,38,11,102,0,38,12|4|1|10|5|11,network_wide,49
chain,50,0.01,0.03,0.0,0.2,0.1,3.0,0.3,0.084,16,58,0.0,0.12244897959183673,37,11,102,0,37,12|4|1|10|5|12,network_wide,49
chain,50,0.01,0.03,0.0,0.2,0.1,3.0,0.3,0.084,17,59,0.0,0.12244897959183673,36,11,102,0,36,10|4|1|10|5|13,network_wide,49
chain,50,0.01,0.03,0.0,0.2,0.1,3.0,0.3,0.084,18,60,0.0,0.12244897959183673,35,11,102,0,35,10|4|1|10|5|14,network_wide,49
chain,50,0.01,0.03,0.0,0.2,0.1,3.0,0.3,0.084,19,61,0.0,0.12244897959183673,34,11,102,0,34,9|4|1|10|5|15,network_wide,49
chain,50,0.01,0.03,0.0,0.2,0.1,3.0,0.3,0.084,20,62,0.0,0.12244897959183673,33,11,102,0,33,8|4|1|10|5|16,network_wide,49
chain,50,0.01,0.03,0.0,0.2,0.1,3.0,0.3,0.084,21,63,0.0,0.12244897959183673,32,11,102,0,32,7|4|1|10|5|17,network_wide,49
chain,50,0.01,0.03,0.0,0.2,0.1,3.0,0.3,0.084,22,64,0.0,0.14285714285714285,49,11,1,0,49,6|4|1|10|5|17,network_wide,49
chain,50,0.01,0.03,0.0,0.2,0.1,3.0,0.3,0.084,23,65,0.0,0.14285714285714285,48,11,4,0,48,5|4|1|10|5|17|1,network_wide,49
chain,50,0.01,0.03,0.0,0.2,0.1,3.0,0.3,0.084,24,66,0.0,0.14285714285714285,47,11,4,0,47,4|4|1|10|5|17|2,network_wide,49
chain,50,0.01,0.03,0.0,0.2,0.1,3.0,0.3,0.084,25,67,0.0,0.14285714285714285,46,11,1,0,46,2|4|1|10|5|17|3,core_weighted,49
chain,50,0.01,0.03,0.0,0.2,0.1,3.0,0.3,0.084,26,68,0.0,0.14285714285714285,45,11,1,0,45,1|4|1|10|5|17|4,core_weighted,49
chain,50,0.01,0.03,0.0,0.2,0.1,3.0,0.3,0.084,27,69,0.0,0.14285714285714285,44,11,1,0,44,1|4|1|10|5|17|5,network_wide,49
chain,50,0.01,0.03,0.0,0.2,0.1,3.0,0.3,0.084,28,70,0.0,0.12244897959183673,43,11,1,0,43,4|1|10|5|17|6,core_weighted,49
chain,50,0.01,0.03,0.0,0.2,0.1,3.0,0.3,0.084,29,71,0.0,0.12244897959183673,42,11,4,0,42,3|1|10|5|17|7,core_weighted,49
chain,50,0.01,0.03,0.0,0.2,0.1,3.0,0.3,0.084,30,72,0.0,0.12244897959183673,41,11,1,0,41,2|1|10|5|17|8,core_weighted,49
chain,50,0.01,0.03,0.0,0.2,0.1,3.0,0.3,0.084,31,73,0.0,0.12244897959183673,40,11,3,0,40,2|1|10|5|17|9,network_wide,49
chain,50,0.01,0.03,0.0,0.2,0.1,3.0,0.3,0.084,32,74,0.0,0.12244897959183673,39,11,1,0,39,1|10|5|17|10,core_weighted,49
chain,50,0.01,0.03,0.0,0.2,0.1,3.0,0.3,0.084,33,75,0.0,0.10204081632653061,38,11,1,0,38,1|10|5|17|11,core_weighted,49
chain,50,0.01,0.03,0.0,0.2,0.1,3.0,0.3,0.084,34,76,0.0,0.10204081632653061,37,11,1,0,37,1|10|5|17|12,network_wide,49
chain,50,0.01,0.03,0.0,0.2,0.1,3.0,0.3,0.084,35,77,0.0,0.08163265306122448,36,11,1,0,36,10|5|17|13,network_wide,49
chain,50,0.01,0.03,0.0,0.2,0.1,3.0,0.3,0.084,36,78,0.0,0.08163265306122448,35,11,1,0,35,9|5|17|14,network_wide,49
chain,50,0.01,0.03,0.0,0.2,0.1,3.0,0.3,0.084,37,79,0.0,0.10204081632653061,49,11,1,0,49,9|5|17|14,network_wide,49
chain,50,0.01,0.03,0.0,0.2,0.1,3.0,0.3,0.084,38,80,0.0,0.08163265306122448,48,11,113,0,48,8|5|32|1,network_wide,49
chain,50,0.01,0.03,0.0,0.2,0.1,3.0,0.3,0.084,39,81,0.0,0.10204081632653061,47,11,1,0,47,7|5|17|14|2,network_wide,49
chain,50,0.01,0.03,0.0,0.2,0.1,3.0,0.3,0.084,40,82,0.0,0.10204081632653061,46,11,4,0,46,5|5|17|14|3,core_weighted,49
chain,50,0.01,0.03,0.0,0.2,0.1,3.0,0.3,0.084,41,83,0.0,0.10204081632653061,45,11,1,0,45,5|5|17|14|4,network_wide,49
chain,50,0.01,0.03,0.0,0.2,0.1,3.0,0.3,0.084,42,84,0.0,0.10204081632653061,44,11,4,0,44,3|5|17|14|5,core_weighted,49
chain,50,0.01,0.03,0.0,0.2,0.1,3.0,0.3,0.084,43,85,0.0,0.10204081632653061,43,11,1,0,43,2|5|17|14|6,core_weighted,49
chain,50,0.01,0.03,0.0,0.2,0.1,3.0,0.3,0.084,44,86,0.0,0.10204081632653061,42,11,3,0,42,2|5|17|14|7,core_weighted,49
chain,50,0.01,0.03,0.0,0.2,0.1,3.0,0.3,0.084,45,87,0.0,0.10204081632653061,41,11,1,0,41,1|5|17|14|8,core_weighted,49
chain,50,0.01,0.03,0.0,0.2,0.1,3.0,0.3,0.084,46,88,0.0,0.061224489795918366,40,5,113,0,40,5|32|9,core_weighted,49
chain,50,0.01,0.03,0.0,0.2,0.1,3.0,0.3,0.084,47,89,0.0,0.061224489795918366,39,8,3,0,39,5|17|14|10,network_wide,49
chain,50,0.01,0.03,0.0,0.2,0.1,3.0,0.3,0.084,48,90,0.0,0.08163265306122448,49,8,1,0,49,4|17|14|10,network_wide,49
chain,50,0.01,0.03,0.0,0.2,0.1,3.0,0.3,0.084,49,91,0.0,0.08163265306122448,48,8,1,0,48,3|17|14|10|1,network_wide,49
chain,50,0.01,0.03,0.0,0.2,0.1,3.0,0.3,0.086,0,42,0.0,0.16326530612244897,47,8,4,0,47,3|4|5|12|4|1|10|2,network_wide,49
chain,50,0.01,0.03,0.0,0.2,0.1,3.0,0.3,0.086,1,43,0.0,0.16326530612244897,46,8,6,0,46,2|4|5|12|4|1|10|3,network_wide,49
chain,50,0.01,0.03,0.0,0.2,0.1,3.0,0.3,0.086,2,44,0.0,0.16326530612244897,45,8,5,0,45,2|4|5|12|4|1|10|4,network_wide,49
chain,50,0.01,0.03,0.0,0.2,0.1,3.0,0.3,0.086,3,45,0.0,0.16326530612244897,44,8,4,0,44,1|4|5|12|4|1|10|5,network_wide,49
chain,50,0.01,0.03,0.0,0.2,0.1,3.0,0.3,0.086,4,46,0.0,0.16326530612244897,49,8,5,0,49,4|5|12|4|1|10|5,network_wide,49
chain,50,0.01,0.03,0.0,0.2,0.1,3.0,0.3,0.086,5,47,0.0,0.16326530612244897,48,8,5,0,48,3|5|12|4|1|10|5|1,network_wide,49
chain,50,0.01,0.03,0.0,0.2,0.1,3.0,0.3,0.086,6,48,0.0,0.16326530612244897,47,8,5,0,47,3|5|12|4|1|10|5|2,network_wide,49
chain,50,0.01,0.03,0.0,0.2,0.1,3.0,0.3,0.086,7,49,0.0,0.16326530612244897,46,8,5,0,46,1|5|12|4|1|10|5|3,network_wide,49
chain,50,0.01,0.03,0.0,0.2,0.1,3.0,0.3,0.086,8,50,0.0,0.16326530612244897,45,8,5,0,45,1|5|12|4|1|10|5|4,network_wide,49
chain,50,0.01,0.03,0.0,0.2,0.1,3.0,0.3,0.086,9,51,0.0,0.14285714285714285,44,8,6,0,44,5|12|4|1|10|5|5,network_wide,49
chain,50,0.01,0.03,0.0,0.2,0.1,3.0,0.3,0.086,10,52,0.0,0.12244897959183673,43,8,102,0,43,17|4|1|10|5|6,network_wide,49
chain,50,0.01,0.03,0.0,0.2,0.1,3.0,0.3,0.086,11,53,0.0,0.14285714285714285,42,8,5,0,42,3|12|4|1|10|5|7,network_wide,49
chain,50,0.01,0.03,0.0,0.2,0.1,3.0,0.3,0.086,12,54,0.0,0.12244897959183673,41,8,102,0,41,16|4|1|10|5|8,network_wide,49
chain,50,0.01,0.03,0.0,0.2,0.1,3.0,0.3,0.086,13,55,0.0,0.12244897959183673,40,8,102,0,40,14|4|1|10|5|9,network_wide,49
chain,50,0.01,0.03,0.0,0.2,0.1,3.0,0.3,0.086,14,56,0.0,0.14285714285714285,39,8,5,0,39,1|12|4|1|10|5|10,network_wide,49
chain,50,0.01,0.03,0.0,0.2,0.1,3.0,0.3,0.086,15,57,0.0,0.12244897959183673,38,8,102,0,38,12|4|1|10|5|11,network_wide,49
chain,50,0.01,0.03,0.0,0.2,0.1,3.0,0.3,0.086,16,58,0.0,0.12244897959183673,37,8,102,0,37,12|4|1|10|5|12,network_wide,49
chain,50,0.01,0.03,0.0,0.2,0.1,3.0,0.3,0.086,17,59,0.0,0.12244897959183673,36,8,102,0,36,10|4|1|10|5|13,network_wide,49
chain,50,0.01,0.03,0.0,0.2,0.1,3.0,0.3,0.086,18,60,0.0,0.12244897959183673,35,8,102,0,35,10|4|1|10|5|14,network_wide,49
chain,50,0.01,0.03,0.0,0.2,0.1,3.0,0.3,0.086,19,61,0.0,0.12244897959183673,34,8,102,0,34,9|4|1|10|5|15,network_wide,49
chain,50,0.01,0.03,0.0,0.2,0.1,3.0,0.3,0.086,20,62,0.0,0.12244897959183673,33,8,102,0,33,8|4|1|10|5|16,network_wide,49
chain,50,0.01,0.03,0.0,0.2,0.1,3.0,0.3,0.086,21,63,0.0,0.12244897959183673,32,8,102,0,32,7|4|1|10|5|17,network_wide,49
chain,50,0.01,0.03,0.0,0.2,0.1,3.0,0.3,0.086,22,64,0.0,0.14285714285714285,49,8,1,0,49,6|4|1|10|5|17,network_wide,49
chain,50,0.01,0.03,0.0,0.2,0.1,3.0,0.3,0.086,23,65,0.0,0.14285714285714285,48,8,4,0,48,5|4|1|10|5|17|1,network_wide,49
chain,50,0.01,0.03,0.0,0.2,0.1,3.0,0.3,0.086,24,66,0.0,0.14285714285714285,47,8,4,0,47,4|4|1|10|5|17|2,network_wide,49
chain,50,0.01,0.03,0.0,0.2,0.1,3.0,0.3,0.086,25,67,0.0,0.14285714285714285,46,8,1,0,46,2|4|1|10|5|17|3,core_weighted,49
chain,50,0.01,0.03,0.0,0.2,0.1,3.0,0.3,0.086,26,68,0.0,0.14285714285714285,45,8,1,0,45,1|4|1|10|5|17|4,core_weighted,49
chain,50,0.01,0.03,0.0,0.2,0.1,3.0,0.3,0.086,27,69,0.0,0.14285714285714285,44,8,1,0,44,1|4|1|10|5|17|5,network_wide,49
chain,50,0.01,0.03,0.0,0.2,0.1,3.0,0.3,0.086,28,70,0.0,0.12244897959183673,43,8,1,0,43,4|1|10|5|17|6,core_weighted,49
chain,50,0.01,0.03,0.0,0.2,0.1,3.0,0.3,0.086,29,71,0.0,0.12244897959183673,42,8,4,0,42,3|1|10|5|17|7,core_weighted,49
chain,50,0.01,0.03,0.0,0.2,0.1,3.0,0.3,0.086,30,72,0.0,0.12244897959183673,41,8,1,0,41,2|1|10|5|17|8,core_weighted,49
chain,50,0.01,0.03,0.0,0.2,0.1,3.0,0.3,0.086,31,73,0.0,0.12244897959183673,40,8,3,0,40,2|1|10|5|17|9,network_wide,49
chain,50,0.01,0.03,0.0,0.2,0.1,3.0,0.3,0.086,32,74,0.0,0.12244897959183673,39,8,1,0,39,1|10|5|17|10,core_weighted,49
chain,50,0.01,0.03,0.0,0.2,0.1,3.0,0.3,0.086,33,75,0.0,0.10204081632653061,38,8,1,0,38,1|10|5|17|11,core_weighted,49
chain,50,0.01,0.03,0.0,0.2,0.1,3.0,0.3,0.086,34,76,0.0,0.10204081632653061,37,8,1,0,37,1|10|5|17|12,network_wide,49
chain,50,0.01,0.03,0.0,0.2,0.1,3.0,0.3,0.086,35,77,0.0,0.08163265306122448,36,8,1,0,36,10|5|17|13,network_wide,49
chain,50,0.01,0.03,0.0,0.2,0.1,3.0,0.3,0.086,36,78,0.0,0.08163265306122448,35,8,1,0,35,9|5|17|14,network_wide,49
chain,50,0.01,0.03,0.0,0.2,0.1,3.0,0.3,0.086,37,79,0.0,0.10204081632653061,49,8,1,0,49,9|5|17|14,network_wide,49
chain,50,0.01,0.03,0.0,0.2,0.1,3.0,0.3,0.086,38,80,0.0,0.08163265306122448,48,8,113,0,48,8|5|32|1,network_wide,49
chain,50,0.01,0.03,0.0,0.2,0.1,3.0,0.3,0.086,39,81,0.0,0.10204081632653061,47,8,1,0,47,7|5|17|14|2,network_wide,49
chain,50,0.01,0.03,0.0,0.2,0.1,3.0,0.3,0.086,40,82,0.0,0.10204081632653061,46,8,4,0,46,5|5|17|14|3,core_weighted,49
chain,50,0.01,0.03,0.0,0.2,0.1,3.0,0.3,0.086,41,83,0.0,0.10204081632653061,45,8,1,0,45,5|5|17|14|4,network_wide,49
chain,50,0.01,0.03,0.0,0.2,0.1,3.0,0.3,0.086,42,84,0.0,0.10204081632653061,44,8,4,0,44,3|5|17|14|5,core_weighted,49
chain,50,0.01,0.03,0.0,0.2,0.1,3.0,0.3,0.086,43,85,0.0,0.10204081632653061,43,8,1,0,43,2|5|17|14|6,core_weighted,49
chain,50,0.01,0.03,0.0,0.2,0.1,3.0,0.3,0.086,44,86,0.0,0.10204081632653061,42,8,4,0,42,2|5|17|14|7,core_weighted,49
chain,50,0.01,0.03,0.0,0.2,0.1,3.0,0.3,0.086,45,87,0.0,0.10204081632653061,41,8,1,0,41,1|5|17|14|8,core_weighted,49
chain,50,0.01,0.03,0.0,0.2,0.1,3.0,0.3,0.086,46,88,0.0,0.061224489795918366,40,5,113,0,40,5|32|9,core_weighted,49
chain,50,0.01,0.03,0.0,0.2,0.1,3.0,0.3,0.086,47,89,0.0,0.061224489795918366,39,8,3,0,39,5|17|14|10,network_wide,49
chain,50,0.01,0.03,0.0,0.2,0.1,3.0,0.3,0.086,48,90,0.0,0.08163265306122448,49,8,1,0,49,4|17|14|10,network_wide,49
chain,50,0.01,0.03,0.0,0.2,0.1,3.0,0.3,0.086,49,91,0.0,0.08163265306122448,48,8,1,0,48,4|17|14|10|1,network_wide,49
chain,50,0.01,0.03,0.0,0.2,0.1,3.0,0.3,0.088,0,42,0.0,0.14285714285714285,46,8,4,0,46,3|4|5|12|4|1|10|3,network_wide,49
chain,50,0.01,0.03,0.0,0.2,0.1,3.0,0.3,0.088,1,43,0.0,0.14285714285714285,45,8,6,0,45,2|4|5|12|4|1|10|4,network_wide,49
chain,50,0.01,0.03,0.0,0.2,0.1,3.0,0.3,0.088,2,44,0.0,0.14285714285714285,44,8,5,0,44,2|4|5|12|4|1|10|5,network_wide,49
chain,50,0.01,0.03,0.0,0.2,0.1,3.0,0.3,0.088,3,45,0.0,0.14285714285714285,43,8,4,0,43,1|4|5|12|4|1|10|6,network_wide,49
chain,50,0.01,0.03,0.0,0.2,0.1,3.0,0.3,0.088,4,46,0.0,0.14285714285714285,49,8,5,0,49,4|5|12|4|1|10|6,network_wide,49
chain,50,0.01,0.03,0.0,0.2,0.1,3.0,0.3,0.088,5,47,0.0,0.14285714285714285,48,8,6,0,48,3|5|12|4|1|10|6|1,network_wide,49
chain,50,0.01,0.03,0.0,0.2,0.1,3.0,0.3,0.088,6,48,0.0,0.14285714285714285,47,8,5,0,47,3|5|12|4|1|10|6|2,network_wide,49
chain,50,0.01,0.03,0.0,0.2,0.1,3.0,0.3,0.088,7,49,0.0,0.14285714285714285,46,8,5,0,46,1|5|12|4|1|10|6|3,network_wide,49
chain,50,0.01,0.03,0.0,0.2,0.1,3.0,0.3,0.088,8,50,0.0,0.14285714285714285,45,8,5,0,45,1|5|12|4|1|10|6|4,network_wide,49
chain,50,0.01,0.03,0.0,0.2,0.1,3.0,0.3,0.088,9,51,0.0,0.10204081632653061,44,8,102,0,44,18|4|1|10|6|5,network_wide,49
chain,50,0.01,0.03,0.0,0.2,0.1,3.0,0.3,0.088,10,52,0.0,0.10204081632653061,43,8,102,0,43,17|4|1|10|6|6,network_wide,49
chain,50,0.01,0.03,0.0,0.2,0.1,3.0,0.3,0.088,11,53,0.0,0.12244897959183673,42,8,5,0,42,3|12|4|1|10|6|7,network_wide,49
chain,50,0.01,0.03,0.0,0.2,0.1,3.0,0.3,0.088,12,54,0.0,0.10204081632653061,41,8,102,0,41,16|4|1|10|6|8,network_wide,49
chain,50,0.01,0.03,0.0,0.2,0.1,3.0,0.3,0.088,13,55,0.0,0.10204081632653061,40,8,102,0,40,14|4|1|10|6|9,network_wide,49
chain,50,0.01,0.03,0.0,0.2,0.1,3.0,0.3,0.088,14,56,0.0,0.12244897959183673,39,8,6,0,39,1|12|4|1|10|6|10,network_wide,49
chain,50,0.01,0.03,0.0,0.2,0.1,3.0,0.3,0.088,15,57,0.0,0.10204081632653061,38,8,102,0,38,12|4|1|10|6|11,network_wide,49
chain,50,0.01,0.03,0.0,0.2,0.1,3.0,0.3,0.088,16,58,0.0,0.10204081632653061,37,8,102,0,37,12|4|1|10|6|12,network_wide,49
chain,50,0.01,0.03,0.0,0.2,0.1,3.0,0.3,0.088,17,59,0.0,0.10204081632653061,36,8,102,0,36,10|4|1|10|6|13,network_wide,49
chain,50,0.01,0.03,0.0,0.2,0.1,3.0,0.3,0.088,18,60,0.0,0.10204081632653061,35,8,102,0,35,10|4|1|10|6|14,network_wide,49
chain,50,0.01,0.03,0.0,0.2,0.1,3.0,0.3,0.088,19,61,0.0,0.10204081632653061,34,8,102,0,34,9|4|1|10|6|15,network_wide,49
chain,50,0.01,0.03,0.0,0.2,0.1,3.0,0.3,0.088,20,62,0.0,0.10204081632653061,33,8,102,0,33,8|4|1|10|6|16,network_wide,49
chain,50,0.01,0.03,0.0,0.2,0.1,3.0,0.3,0.088,21,63,0.0,0.10204081632653061,32,8,102,0,32,7|4|1|10|6|17,network_wide,49
chain,50,0.01,0.03,0.0,0.2,0.1,3.0,0.3,0.088,22,64,0.0,0.12244897959183673,49,8,1,0,49,6|4|1|10|6|17,network_wide,49
chain,50,0.01,0.03,0.0,0.2,0.1,3.0,0.3,0.088,23,65,0.0,0.12244897959183673,48,8,4,0,48,5|4|1|10|6|17|1,network_wide,49
chain,50,0.01,0.03,0.0,0.2,0.1,3.0,0.3,0.088,24,66,0.0,0.12244897959183673,47,8,4,0,47,4|4|1|10|6|17|2,network_wide,49
chain,50,0.01,0.03,0.0,0.2,0.1,3.0,0.3,0.088,25,67,0.0,0.12244897959183673,46,8,1,0,46,2|4|1|10|6|17|3,core_weighted,49
chain,50,0.01,0.03,0.0,0.2,0.1,3.0,0.3,0.088,26,68,0.0,0.12244897959183673,45,8,1,0,45,1|4|1|10|6|17|4,core_weighted,49
chain,50,0.01,0.03,0.0,0.2,0.1,3.0,0.3,0.088,27,69,0.0,0.12244897959183673,44,8,1,0,44,1|4|1|10|6|17|5,core_weighted,49
chain,50,0.01,0.03,0.0,0.2,0.1,3.0,0.3,0.088,28,70,0.0,0.10204081632653061,43,8,1,0,43,4|1|10|6|17|6,core_weighted,49
chain,50,0.01,0.03,0.0,0.2,0.1,3.0,0.3,0.088,29,71,0.0,0.10204081632653061,42,8,4,0,42,3|1|10|6|17|7,core_weighted,49
chain,50,0.01,0.03,0.0,0.2,0.1,3.0,0.3,0.088,30,72,0.0,0.10204081632653061,41,8,1,0,41,2|1|10|6|17|8,core_weighted,49
chain,50,0.01,0.03,0.0,0.2,0.1,3.0,0.3,0.088,31,73,0.0,0.10204081632653061,40,8,3,0,40,2|1|10|6|17|9,network_wide,49
chain,50,0.01,0.03,0.0,0.2,0.1,3.0,0.3,0.088,32,74,0.0,0.10204081632653061,39,8,1,0,39,1|10|6|17|10,core_weighted,49
chain,50,0.01,0.03,0.0,0.2,0.1,3.0,0.3,0.088,33,75,0.0,0.08163265306122448,38,8,1,0,38,1|10|6|17|11,core_weighted,49
chain,50,0.01,0.03,0.0,0.2,0.1,3.0,0.3,0.088,34,76,0.0,0.08163265306122448,37,8,1,0,37,1|10|6|17|12,network_wide,49
chain,50,0.01,0.03,0.0,0.2,0.1,3.0,0.3,0.088,35,77,0.0,0.061224489795918366,36,8,1,0,36,10|6|17|13,network_wide,49
chain,50,0.01,0.03,0.0,0.2,0.1,3.0,0.3,0.088,36,78,0.0,0.061224489795918366,35,8,1,0,35,9|6|17|14,network_wide,49
chain,50,0.01,0.03,0.0,0.2,0.1,3.0,0.3,0.088,37,79,0.0,0.08163265306122448,49,8,1,0,49,9|6|17|14,network_wide,49
chain,50,0.01,0.03,0.0,0.2,0.1,3.0,0.3,0.088,38,80,0.0,0.061224489795918366,48,8,113,0,48,8|6|32|1,network_wide,49
chain,50,0.01,0.03,0.0,0.2,0.1,3.0,0.3,0.088,39,81,0.0,0.08163265306122448,47,8,1,0,47,7|6|17|14|2,network_wide,49
chain,50,0.01,0.03,0.0,0.2,0.1,3.0,0.3,0.088,40,82,0.0,0.08163265306122448,46,8,4,0,46,5|6|17|14|3,network_wide,49
chain,50,0.01,0.03,0.0,0.2,0.1,3.0,0.3,0.088,41,83,0.0,0.08163265306122448,45,8,1,0,45,5|6|17|14|4,network_wide,49
chain,50,0.01,0.03,0.0,0.2,0.1,3.0,0.3,0.088,42,84,0.0,0.08163265306122448,44,8,4,0,44,3|6|17|14|5,core_weighted,49
chain,50,0.01,0.03,0.0,0.2,0.1,3.0,0.3,0.088,43,85,0.0,0.08163265306122448,43,8,1,0,43,2|6|17|14|6,core_weighted,49
chain,50,0.01,0.03,0.0,0.2,0.1,3.0,0.3,0.088,44,86,0.0,0.08163265306122448,42,8,4,0,42,2|6|17|14|7,network_wide,49
chain,50,0.01,0.03,0.0,0.2,0.1,3.0,0.3,0.088,45,87,0.0,0.08163265306122448,41,8,1,0,41,1|6|17|14|8,network_wide,49
chain,50,0.01,0.03,0.0,0.2,0.1,3.0,0.3,0.088,46,88,0.0,0.04081632653061224,40,5,113,0,40,6|32|9,core_weighted,49
chain,50,0.01,0.03,0.0,0.2,0.1,3.0,0.3,0.088,47,89,0.0,0.061224489795918366,39,5,3,0,39,5|17|14|10,network_wide,49
chain,50,0.01,0.03,0.0,0.2,0.1,3.0,0.3,0.088,48,90,0.0,0.08163265306122448,49,8,1,0,49,4|17|14|10,network_wide,49
chain,50,0.01,0.03,0.0,0.2,0.1,3.0,0.3,0.088,49,91,0.0,0.08163265306122448,48,8,1,0,48,4|17|14|10|1,network_wide,49
chain,50,0.01,0.03,0.0,0.2,0.1,3.0,0.3,0.09,0,42,0.0,0.14285714285714285,46,8,5,0,46,3|4|5|12|4|1|10|3,network_wide,49
chain,50,0.01,0.03,0.0,0.2,0.1,3.0,0.3,0.09,1,43,0.0,0.14285714285714285,45,8,6,0,45,2|4|5|12|4|1|10|4,network_wide,49
chain,50,0.01,0.03,0.0,0.2,0.1,3.0,0.3,0.09,2,44,0.0,0.14285714285714285,44,8,5,0,44,2|4|5|12|4|1|10|5,network_wide,49
chain,50,0.01,0.03,0.0,0.2,0.1,3.0,0.3,0.09,3,45,0.0,0.14285714285714285,43,8,4,0,43,1|4|5|12|4|1|10|6,network_wide,49
chain,50,0.01,0.03,0.0,0.2,0.1,3.0,0.3,0.09,4,46,0.0,0.14285714285714285,49,8,5,0,49,4|5|12|4|1|10|6,network_wide,49
chain,50,0.01,0.03,0.0,0.2,0.1,3.0,0.3,0.09,5,47,0.0,0.14285714285714285,48,8,6,0,48,3|5|12|4|1|10|6|1,network_wide,49
chain,50,0.01,0.03,0.0,0.2,0.1,3.0,0.3,0.09,6,48,0.0,0.14285714285714285,47,8,5,0,47,3|5|12|4|1|10|6|2,network_wide,49
chain,50,0.01,0.03,0.0,0.2,0.1,3.0,0.3,0.09,7,49,0.0,0.14285714285714285,46,8,5,0,46,1|5|12|4|1|10|6|3,network_wide,49
chain,50,0.01,0.03,0.0,0.2,0.1,3.0,0.3,0.09,8,50,0.0,0.14285714285714285,45,8,5,0,45,1|5|12|4|1|10|6|4,network_wide,49
chain,50,0.01,0.03,0.0,0.2,0.1,3.0,0.3,0.09,9,51,0.0,0.10204081632653061,44,8,102,0,44,18|4|1|10|6|5,network_wide,49
chain,50,0.01,0.03,0.0,0.2,0.1,3.0,0.3,0.09,10,52,0.0,0.10204081632653061,43,8,102,0,43,17|4|1|10|6|6,network_wide,49
chain,50,0.01,0.03,0.0,0.2,0.1,3.0,0.3,0.09,11,53,0.0,0.12244897959183673,42,8,6,0,42,3|12|4|1|10|6|7,network_wide,49
chain,50,0.01,0.03,0.0,0.2,0.1,3.0,0.3,0.09,12,54,0.0,0.10204081632653061,41,8,102,0,41,16|4|1|10|6|8,network_wide,49
chain,50,0.01,0.03,0.0,0.2,0.1,3.0,0.3,0.09,13,55,0.0,0.10204081632653061,40,8,102,0,40,14|4|1|10|6|9,network_wide,49
chain,50,0.01,0.03,0.0,0.2,0.1,3.0,0.3,0.09,14,56,0.0,0.12244897959183673,39,8,6,0,39,1|12|4|1|10|6|10,network_wide,49
chain,50,0.01,0.03,0.0,0.2,0.1,3.0,0.3,0.09,15,57,0.0,0.10204081632653061,38,8,102,0,38,12|4|1|10|6|11,network_wide,49
chain,50,0.01,0.03,0.0,0.2,0.1,3.0,0.3,0.09,16,58,0.0,0.10204081632653061,37,8,102,0,37,12|4|1|10|6|12,network_wide,49
chain,50,0.01,0.03,0.0,0.2,0.1,3.0,0.3,0.09,17,59,0.0,0.10204081632653061,36,8,102,0,36,10|4|1|10|6|13,network_wide,49
chain,50,0.01,0.03,0.0,0.2,0.1,3.0,0.3,0.09,18,60,0.0,0.10204081632653061,35,8,102,0,35,10|4|1|10|6|14,network_wide,49
chain,50,0.01,0.03,0.0,0.2,0.1,3.0,0.3,0.09,19,61,0.0,0.10204081632653061,34,8,102,0,34,9|4|1|10|6|15,network_wide,49
chain,50,0.01,0.03,0.0,0.2,0.1,3.0,0.3,0.09,20,62,0.0,0.10204081632653061,33,8,102,0,33,8|4|1|10|6|16,network_wide,49
chain,50,0.01,0.03,0.0,0.2,0.1,3.0,0.3,0.09,21,63,0.0,0.10204081632653061,32,8,102,0,32,7|4|1|10|6|17,network_wide,49
chain,50,0.01,0.03,0.0,0.2,0.1,3.0,0.3,0.09,22,64,0.0,0.12244897959183673,49,8,1,0,49,6|4|1|10|6|17,network_wide,49
chain,50,0.01,0.03,0.0,0.2,0.1,3.0,0.3,0.09,23,65,0.0,0.12244897959183673,48,8,4,0,48,5|4|1|10|6|17|1,network_wide,49
chain,50,0.01,0.03,0.0,0.2,0.1,3.0,0.3,0.09,24,66,0.0,0.12244897959183673,47,8,4,0,47,4|4|1|10|6|17|2,network_wide,49
chain,50,0.01,0.03,0.0,0.2,0.1,3.0,0.3,0.09,25,67,0.0,0.12244897959183673,46,8,1,0,46,2|4|1|10|6|17|3,core_weighted,49
chain,50,0.01,0.03,0.0,0.2,0.1,3.0,0.3,0.09,26,68,0.0,0.12244897959183673,45,8,1,0,45,1|4|1|10|6|17|4,core_weighted,49
chain,50,0.01,0.03,0.0,0.2,0.1,3.0,0.3,0.09,27,69,0.0,0.12244897959183673,44,8,1,0,44,1|4|1|10|6|17|5,core_weighted,49
chain,50,0.01,0.03,0.0,0.2,0.1,3.0,0.3,0.09,28,70,0.0,0.10204081632653061,43,8,1,0,43,4|1|10|6|17|6,core_weighted,49
chain,50,0.01,0.03,0.0,0.2,0.1,3.0,0.3,0.09,29,71,0.0,0.10204081632653061,42,8,4,0,42,3|1|10|6|17|7,core_weighted,49
chain,50,0.01,0.03,0.0,0.2,0.1,3.0,0.3,0.09,30,72,0.0,0.10204081632653061,41,8,1,0,41,2|1|10|6|17|8,core_weighted,49
chain,50,0.01,0.03,0.0,0.2,0.1,3.0,0.3,0.09,31,73,0.0,0.10204081632653061,40,8,3,0,40,2|1|10|6|17|9,network_wide,49
chain,50,0.01,0.03,0.0,0.2,0.1,3.0,0.3,0.09,32,74,0.0,0.10204081632653061,39,8,1,0,39,1|10|6|17|10,core_weighted,49
chain,50,0.01,0.03,0.0,0.2,0.1,3.0,0.3,0.09,33,75,0.0,0.08163265306122448,38,8,1,0,38,1|10|6|17|11,core_weighted,49
chain,50,0.01,0.03,0.0,0.2,0.1,3.0,0.3,0.09,34,76,0.0,0.08163265306122448,37,8,1,0,37,1|10|6|17|12,network_wide,49
chain,50,0.01,0.03,0.0,0.2,0.1,3.0,0.3,0.09,35,77,0.0,0.061224489795918366,36,8,1,0,36,10|6|17|13,network_wide,49
chain,50,0.01,0.03,0.0,0.2,0.1,3.0,0.3,0.09,36,78,0.0,0.061224489795918366,35,8,1,0,35,9|6|17|14,network_wide,49
chain,50,0.01,0.03,0.0,0.2,0.1,3.0,0.3,0.09,37,79,0.0,0.08163265306122448,49,8,1,0,49,9|6|17|14,network_wide,49
chain,50,0.01,0.03,0.0,0.2,0.1,3.0,0.3,0.09,38,80,0.0,0.061224489795918366,48,8,113,0,48,8|6|32|1,network_wide,49
chain,50,0.01,0.03,0.0,0.2,0.1,3.0,0.3,0.09,39,81,0.0,0.08163265306122448,47,8,1,0,47,7|6|17|14|2,network_wide,49
chain,50,0.01,0.03,0.0,0.2,0.1,3.0,0.3,0.09,40,82,0.0,0.08163265306122448,46,8,4,0,46,5|6|17|14|3,network_wide,49
chain,50,0.01,0.03,0.0,0.2,0.1,3.0,0.3,0.09,41,83,0.0,0.08163265306122448,45,8,1,0,45,5|6|17|14|4,network_wide,49
chain,50,0.01,0.03,0.0,0.2,0.1,3.0,0.3,0.09,42,84,0.0,0.08163265306122448,44,8,4,0,44,3|6|17|14|5,core_weighted,49
chain,50,0.01,0.03,0.0,0.2,0.1,3.0,0.3,0.09,43,85,0.0,0.08163265306122448,43,8,1,0,43,2|6|17|14|6,core_weighted,49
chain,50,0.01,0.03,0.0,0.2,0.1,3.0,0.3,0.09,44,86,0.0,0.08163265306122448,42,8,4,0,42,2|6|17|14|7,network_wide,49
chain,50,0.01,0.03,0.0,0.2,0.1,3.0,0.3,0.09,45,87,0.0,0.08163265306122448,41,8,1,0,41,1|6|17|14|8,network_wide,49
chain,50,0.01,0.03,0.0,0.2,0.1,3.0,0.3,0.09,46,88,0.0,0.04081632653061224,40,5,113,0,40,6|32|9,core_weighted,49
chain,50,0.01,0.03,0.0,0.2,0.1,3.0,0.3,0.09,47,89,0.0,0.061224489795918366,39,5,3,0,39,5|17|14|10,network_wide,49
chain,50,0.01,0.03,0.0,0.2,0.1,3.0,0.3,0.09,48,90,0.0,0.08163265306122448,49,8,1,0,49,4|17|14|10,network_wide,49
chain,50,0.01,0.03,0.0,0.2,0.1,3.0,0.3,0.09,49,91,0.0,0.08163265306122448,48,8,1,0,48,4|17|14|10|1,network_wide,49
star,50,0.01,0.02,0.0,0.2,0.1,3.0,0.3,0.06,0,42,0.0,0.2857142857142857,47,20,4,1,47,3|4|2|2|1|2|4|2|4|9|2,hub_localized,49
star,50,0.01,0.02,0.0,0.2,0.1,3.0,0.3,0.06,1,43,0.0,0.2653061224489796,46,20,5,1,46,2|4|5|1|2|4|2|4|9|3,hub_localized,49
star,50,0.01,0.02,0.0,0.2,0.1,3.0,0.3,0.06,2,44,0.0,0.2653061224489796,45,20,4,1,45,2|3|5|1|2|4|2|4|1|9|4,hub_localized,49
star,50,0.01,0.02,0.0,0.2,0.1,3.0,0.3,0.06,3,45,0.0,0.2857142857142857,44,26,4,1,44,1|3|5|1|2|4|2|4|9|5,hub_localized,49
star,50,0.01,0.02,0.0,0.2,0.1,3.0,0.3,0.06,4,46,0.0,0.2857142857142857,49,26,4,1,49,3|5|1|2|4|2|4|9|5,hub_localized,49
star,50,0.01,0.02,0.0,0.2,0.1,3.0,0.3,0.06,5,47,0.0,0.2653061224489796,48,20,5,1,48,3|5|1|2|4|2|4|9|5|1,hub_localized,49
star,50,0.01,0.02,0.0,0.2,0.1,3.0,0.3,0.06,6,48,0.0,0.24489795918367346,47,20,4,1,47,3|5|1|2|4|2|4|1|9|5|2,hub_localized,49
star,50,0.01,0.02,0.0,0.2,0.1,3.0,0.3,0.06,7,49,0.0,0.2653061224489796,46,20,4,1,46,1|5|1|2|4|2|4|9|5|3,hub_localized,49
star,50,0.01,0.02,0.0,0.2,0.1,3.0,0.3,0.06,8,50,0.0,0.2653061224489796,45,20,5,1,45,1|5|1|2|4|2|4|9|5|4,hub_localized,49
star,50,0.01,0.02,0.0,0.2,0.1,3.0,0.3,0.06,9,51,0.0,0.24489795918367346,44,20,5,1,44,5|1|2|4|2|4|9|5|5,hub_localized,49
star,50,0.01,0.02,0.0,0.2,0.1,3.0,0.3,0.06,10,52,0.0,0.22448979591836735,43,20,6,1,43,4|1|2|4|2|4|1|9|5|6,hub_localized,49
star,50,0.01,0.02,0.0,0.2,0.1,3.0,0.3,0.06,11,53,0.0,0.24489795918367346,42,20,5,1,42,3|1|2|4|2|4|9|5|7,hub_localized,49
star,50,0.01,0.02,0.0,0.2,0.1,3.0,0.3,0.06,12,54,0.0,0.24489795918367346,41,20,5,1,41,3|1|2|4|2|4|9|5|8,hub_localized,49
star,50,0.01,0.02,0.0,0.2,0.1,3.0,0.3,0.06,13,55,0.0,0.22448979591836735,40,20,5,1,40,1|1|2|4|2|4|1|9|5|9,hub_localized,49
star,50,0.01,0.02,0.0,0.2,0.1,3.0,0.3,0.06,14,56,0.0,0.22448979591836735,39,20,5,1,39,1|1|2|4|2|4|1|9|5|10,hub_localized,49
star,50,0.01,0.02,0.0,0.2,0.1,3.0,0.3,0.06,15,57,0.0,0.22448979591836735,38,20,15,1,38,1|2|4|2|4|9|5|11,hub_localized,49
star,50,0.01,0.02,0.0,0.2,0.1,3.0,0.3,0.06,16,58,0.0,0.22448979591836735,37,20,15,1,37,1|2|4|2|4|9|5|12,hub_localized,49
star,50,0.01,0.02,0.0,0.2,0.1,3.0,0.3,0.06,17,59,0.0,0.20408163265306123,36,20,16,1,36,2|4|2|4|9|5|13,hub_localized,49
star,50,0.01,0.02,0.0,0.2,0.1,3.0,0.3,0.06,18,60,0.0,0.20408163265306123,35,20,16,1,35,2|4|2|4|9|5|14,hub_localized,49
star,50,0.01,0.02,0.0,0.2,0.1,3.0,0.3,0.06,19,61,0.0,0.20408163265306123,34,20,15,1,34,1|4|2|4|9|5|15,hub_localized,49
star,50,0.01,0.02,0.0,0.2,0.1,3.0,0.3,0.06,20,62,0.0,0.1836734693877551,33,20,16,0,33,4|2|4|9|5|16,hub_localized,49
star,50,0.01,0.02,0.0,0.2,0.1,3.0,0.3,0.06,21,63,0.0,0.1836734693877551,32,20,15,0,32,4|2|4|9|5|17,hub_localized,49
star,50,0.01,0.02,0.0,0.2,0.1,3.0,0.3,0.06,22,64,0.0,0.20408163265306123,49,20,1,1,49,3|2|4|9|5|17,hub_localized,49
star,50,0.01,0.02,0.0,0.2,0.1,3.0,0.3,0.06,23,65,0.0,0.20408163265306123,48,20,3,1,48,2|2|4|9|5|17|1,hub_localized,49
star,50,0.01,0.02,0.0,0.2,0.1,3.0,0.3,0.06,24,66,0.0,0.20408163265306123,47,20,3,1,47,1|2|4|9|5|17|2,hub_localized,49
star,50,0.01,0.02,0.0,0.2,0.1,3.0,0.3,0.06,25,67,0.0,0.1836734693877551,46,20,1,0,46,2|4|9|5|17|3,hub_localized,49
star,50,0.01,0.02,0.0,0.2,0.1,3.0,0.3,0.06,26,68,0.0,0.1836734693877551,45,20,1,0,45,1|4|9|5|17|4,hub_localized,49
star,50,0.01,0.02,0.0,0.2,0.1,3.0,0.3,0.06,27,69,0.0,0.1836734693877551,44,20,1,0,44,1|4|9|5|17|5,hub_localized,49
star,50,0.01,0.02,0.0,0.2,0.1,3.0,0.3,0.06,28,70,0.0,0.1836734693877551,49,20,1,0,49,4|9|5|17|5,hub_localized,49
star,50,0.01,0.02,0.0,0.2,0.1,3.0,0.3,0.06,29,71,0.0,0.20408163265306123,49,20,3,1,49,3|9|5|17|5,hub_localized,49
star,50,0.01,0.02,0.0,0.2,0.1,3.0,0.3,0.06,30,72,0.0,0.20408163265306123,48,20,1,1,48,2|9|5|17|5|1,hub_localized,49
star,50,0.01,0.02,0.0,0.2,0.1,3.0,0.3,0.06,31,73,0.0,0.20408163265306123,47,20,3,1,47,2|9|5|17|5|2,hub_localized,49
star,50,0.01,0.02,0.0,0.2,0.1,3.0,0.3,0.06,32,74,0.0,0.1836734693877551,46,20,1,0,46,9|5|17|6|3,hub_localized,49
star,50,0.01,0.02,0.0,0.2,0.1,3.0,0.3,0.06,33,75,0.0,0.1836734693877551,45,20,1,0,45,9|5|17|5|4,hub_localized,49
star,50,0.01,0.02,0.0,0.2,0.1,3.0,0.3,0.06,34,76,0.0,0.14285714285714285,44,20,1,0,44,9|6|17|5|5,hub_localized,49
star,50,0.01,0.02,0.0,0.2,0.1,3.0,0.3,0.06,35,77,0.0,0.14285714285714285,43,20,1,0,43,9|5|17|5|6,hub_localized,49
star,50,0.01,0.02,0.0,0.2,0.1,3.0,0.3,0.06,36,78,0.0,0.14285714285714285,42,20,1,0,42,8|5|17|5|7,hub_localized,49
star,50,0.01,0.02,0.0,0.2,0.1,3.0,0.3,0.06,37,79,0.0,0.16326530612244897,49,20,1,0,49,8|5|17|5|7,hub_localized,49
star,50,0.01,0.02,0.0,0.2,0.1,3.0,0.3,0.06,38,80,0.0,0.16326530612244897,48,20,4,0,48,6|5|17|5|7|1,hub_localized,49
star,50,0.01,0.02,0.0,0.2,0.1,3.0,0.3,0.06,39,81,0.0,0.16326530612244897,47,20,1,0,47,5|5|17|5|7|2,hub_localized,49
star,50,0.01,0.02,0.0,0.2,0.1,3.0,0.3,0.06,40,82,0.0,0.16326530612244897,46,20,3,0,46,4|5|17|5|7|3,hub_localized,49
star,50,0.01,0.02,0.0,0.2,0.1,3.0,0.3,0.06,41,83,0.0,0.16326530612244897,45,20,1,0,45,4|5|17|5|7|4,hub_localized,49
star,50,0.01,0.02,0.0,0.2,0.1,3.0,0.3,0.06,42,84,0.0,0.16326530612244897,44,20,3,0,44,2|5|17|5|7|5,hub_localized,49
star,50,0.01,0.02,0.0,0.2,0.1,3.0,0.3,0.06,43,85,0.0,0.16326530612244897,43,20,1,0,43,1|5|17|5|7|6,hub_localized,49
star,50,0.01,0.02,0.0,0.2,0.1,3.0,0.3,0.06,44,86,0.0,0.16326530612244897,42,20,3,0,42,1|5|17|5|7|7,hub_localized,49
star,50,0.01,0.02,0.0,0.2,0.1,3.0,0.3,0.06,45,87,0.0,0.14285714285714285,41,20,1,0,41,5|17|5|7|8,hub_localized,49
star,50,0.01,0.02,0.0,0.2,0.1,3.0,0.3,0.06,46,88,0.0,0.12244897959183673,40,9,4,0,40,5|17|5|7|9,hub_localized,49
star,50,0.01,0.02,0.0,0.2,0.1,3.0,0.3,0.06,47,89,0.0,0.10204081632653061,39,9,3,0,39,5|17|5|7|10,hub_localized,49
star,50,0.01,0.02,0.0,0.2,0.1,3.0,0.3,0.06,48,90,0.0,0.12244897959183673,49,9,1,0,49,4|17|5|7|10,hub_localized,49
star,50,0.01,0.02,0.0,0.2,0.1,3.0,0.3,0.06,49,91,0.0,0.12244897959183673,48,9,1,0,48,3|17|5|7|10|1,hub_localized,49
star,50,0.01,0.02,0.0,0.2,0.1,3.0,0.3,0.062,0,42,0.0,0.2653061224489796,47,19,4,1,47,3|4|5|1|2|4|2|4|9|2,hub_localized,49
star,50,0.01,0.02,0.0,0.2,0.1,3.0,0.3,0.062,1,43,0.0,0.2653061224489796,46,19,5,1,46,2|4|5|1|2|4|2|4|9|3,hub_localized,49
star,50,0.01,0.02,0.0,0.2,0.1,3.0,0.3,0.062,2,44,0.0,0.24489795918367346,45,19,4,1,45,2|3|5|1|7|2|4|1|9|4,hub_localized,49
star,50,0.01,0.02,0.0,0.2,0.1,3.0,0.3,0.062,3,45,0.0,0.2857142857142857,44,19,4,1,44,1|3|5|1|2|4|2|4|9|5,hub_localized,49
star,50,0.01,0.02,0.0,0.2,0.1,3.0,0.3,0.062,4,46,0.0,0.2857142857142857,49,19,4,1,49,3|5|1|2|4|2|4|9|5,hub_localized,49
star,50,0.01,0.02,0.0,0.2,0.1,3.0,0.3,0.062,5,47,0.0,0.2653061224489796,48,19,5,1,48,3|5|1|2|4|2|4|9|5|1,hub_localized,49
star,50,0.01,0.02,0.0,0.2,0.1,3.0,0.3,0.062,6,48,0.0,0.24489795918367346,47,19,4,1,47,3|5|1|2|4|2|4|1|9|5|2,hub_localized,49
star,50,0.01,0.02,0.0,0.2,0.1,3.0,0.3,0.062,7,49,0.0,0.24489795918367346,46,19,5,1,46,1|5|1|7|2|4|9|5|3,hub_localized,49
star,50,0.01,0.02,0.0,0.2,0.1,3.0,0.3,0.062,8,50,0.0,0.24489795918367346,45,19,5,1,45,1|5|1|7|2|4|9|5|4,hub_localized,49
star,50,0.01,0.02,0.0,0.2,0.1,3.0,0.3,0.062,9,51,0.0,0.24489795918367346,44,19,5,1,44,5|1|2|4|2|4|9|5|5,hub_localized,49
star,50,0.01,0.02,0.0,0.2,0.1,3.0,0.3,0.062,10,52,0.0,0.22448979591836735,43,19,6,1,43,4|1|7|2|4|9|5|6,hub_localized,49
star,50,0.01,0.02,0.0,0.2,0.1,3.0,0.3,0.062,11,53,0.0,0.24489795918367346,42,19,5,1,42,3|1|2|4|2|4|9|5|7,hub_localized,49
star,50,0.01,0.02,0.0,0.2,0.1,3.0,0.3,0.062,12,54,0.0,0.24489795918367346,41,19,5,1,41,3|1|2|4|2|4|9|5|8,hub_localized,49
star,50,0.01,0.02,0.0,0.2,0.1,3.0,0.3,0.062,13,55,0.0,0.22448979591836735,40,19,5,1,40,1|1|2|4|2|4|1|9|5|9,hub_localized,49
star,50,0.01,0.02,0.0,0.2,0.1,3.0,0.3,0.062,14,56,0.0,0.20408163265306123,39,19,5,1,39,1|1|7|2|4|1|9|5|10,hub_localized,49
star,50,0.01,0.02,0.0,0.2,0.1,3.0,0.3,0.062,15,57,0.0,0.22448979591836735,38,19,16,1,38,1|2|4|2|4|9|5|11,hub_localized,49
star,50,0.01,0.02,0.0,0.2,0.1,3.0,0.3,0.062,16,58,0.0,0.22448979591836735,37,19,15,1,37,1|2|4|2|4|9|5|12,hub_localized,49
star,50,0.01,0.02,0.0,0.2,0.1,3.0,0.3,0.062,17,59,0.0,0.20408163265306123,36,19,16,1,36,2|4|2|4|9|5|13,hub_localized,49
star,50,0.01,0.02,0.0,0.2,0.1,3.0,0.3,0.062,18,60,0.0,0.20408163265306123,35,19,16,1,35,2|4|2|4|9|5|14,hub_localized,49
star,50,0.01,0.02,0.0,0.2,0.1,3.0,0.3,0.062,19,61,0.0,0.20408163265306123,34,19,15,1,34,1|4|2|4|9|5|15,hub_localized,49
star,50,0.01,0.02,0.0,0.2,0.1,3.0,0.3,0.062,20,62,0.0,0.1836734693877551,33,19,16,0,33,4|2|4|9|5|16,hub_localized,49
star,50,0.01,0.02,0.0,0.2,0.1,3.0,0.3,0.062,21,63,0.0,0.1836734693877551,32,19,16,0,32,4|2|4|9|5|17,hub_localized,49
star,50,0.01,0.02,0.0,0.2,0.1,3.0,0.3,0.062,22,64,0.0,0.20408163265306123,49,19,1,1,49,3|2|4|9|5|17,hub_localized,49
star,50,0.01,0.02,0.0,0.2,0.1,3.0,0.3,0.062,23,65,0.0,0.20408163265306123,48,19,3,1,48,2|2|4|9|5|17|1,hub_localized,49
star,50,0.01,0.02,0.0,0.2,0.1,3.0,0.3,0.062,24,66,0.0,0.20408163265306123,47,19,3,1,47,1|2|4|9|5|17|2,hub_localized,49
star,50,0.01,0.02,0.0,0.2,0.1,3.0,0.3,0.062,25,67,0.0,0.1836734693877551,46,19,1,0,46,2|4|9|5|17|3,hub_localized,49
star,50,0.01,0.02,0.0,0.2,0.1,3.0,0.3,0.062,26,68,0.0,0.1836734693877551,45,19,1,0,45,1|4|9|5|17|4,hub_localized,49
star,50,0.01,0.02,0.0,0.2,0.1,3.0,0.3,0.062,27,69,0.0,0.1836734693877551,44,19,1,0,44,1|4|9|5|17|5,hub_localized,49
star,50,0.01,0.02,0.0,0.2,0.1,3.0,0.3,0.062,28,70,0.0,0.1836734693877551,49,19,1,0,49,4|9|5|17|5,hub_localized,49
star,50,0.01,0.02,0.0,0.2,0.1,3.0,0.3,0.062,29,71,0.0,0.20408163265306123,49,19,3,1,49,3|9|5|17|5,hub_localized,49
star,50,0.01,0.02,0.0,0.2,0.1,3.0,0.3,0.062,30,72,0.0,0.20408163265306123,48,19,1,1,48,2|9|5|17|5|1,hub_localized,49
star,50,0.01,0.02,0.0,0.2,0.1,3.0,0.3,0.062,31,73,0.0,0.20408163265306123,47,19,3,1,47,2|9|5|17|5|2,hub_localized,49
star,50,0.01,0.02,0.0,0.2,0.1,3.0,0.3,0.062,32,74,0.0,0.1836734693877551,46,19,1,0,46,9|5|17|6|3,hub_localized,49
star,50,0.01,0.02,0.0,0.2,0.1,3.0,0.3,0.062,33,75,0.0,0.1836734693877551,45,19,1,0,45,9|5|17|5|4,hub_localized,49
star,50,0.01,0.02,0.0,0.2,0.1,3.0,0.3,0.062,34,76,0.0,0.16326530612244897,44,19,1,0,44,9|5|17|5|5,hub_localized,49
star,50,0.01,0.02,0.0,0.2,0.1,3.0,0.3,0.062,35,77,0.0,0.14285714285714285,43,19,1,0,43,9|5|17|5|6,hub_localized,49
star,50,0.01,0.02,0.0,0.2,0.1,3.0,0.3,0.062,36,78,0.0,0.14285714285714285,42,19,1,0,42,8|5|17|5|7,hub_localized,49
star,50,0.01,0.02,0.0,0.2,0.1,3.0,0.3,0.062,37,79,0.0,0.16326530612244897,49,19,1,0,49,8|5|17|5|7,hub_localized,49
star,50,0.01,0.02,0.0,0.2,0.1,3.0,0.3,0.062,38,80,0.0,0.16326530612244897,48,19,4,0,48,6|5|17|5|7|1,hub_localized,49
star,50,0.01,0.02,0.0,0.2,0.1,3.0,0.3,0.062,39,81,0.0,0.16326530612244897,47,19,1,0,47,5|5|17|5|7|2,hub_localized,49
star,50,0.01,0.02,0.0,0.2,0.1,3.0,0.3,0.062,40,82,0.0,0.16326530612244897,46,19,3,0,46,4|5|17|5|7|3,hub_localized,49
star,50,0.01,0.02,0.0,0.2,0.1,3.0,0.3,0.062,41,83,0.0,0.16326530612244897,45,19,1,0,45,4|5|17|5|7|4,hub_localized,49
star,50,0.01,0.02,0.0,0.2,0.1,3.0,0.3,0.062,42,84,0.0,0.16326530612244897,44,19,3,0,44,2|5|17|5|7|5,hub_localized,49
star,50,0.01,0.02,0.0,0.2,0.1,3.0,0.3,0.062,43,85,0.0,0.16326530612244897,43,19,1,0,43,1|5|17|5|7|6,hub_localized,49
star,50,0.01,0.02,0.0,0.2,0.1,3.0,0.3,0.062,44,86,0.0,0.16326530612244897,42,19,3,0,42,1|5|17|5|7|7,hub_localized,49
star,50,0.01,0.02,0.0,0.2,0.1,3.0,0.3,0.062,45,87,0.0,0.14285714285714285,41,19,1,0,41,5|17|5|7|8,hub_localized,49
star,50,0.01,0.02,0.0,0.2,0.1,3.0,0.3,0.062,46,88,0.0,0.12244897959183673,40,9,4,0,40,5|17|5|7|9,hub_localized,49
star,50,0.01,0.02,0.0,0.2,0.1,3.0,0.3,0.062,47,89,0.0,0.10204081632653061,39,9,3,0,39,5|17|5|7|10,hub_localized,49
star,50,0.01,0.02,0.0,0.2,0.1,3.0,0.3,0.062,48,90,0.0,0.12244897959183673,49,9,1,0,49,4|17|5|7|10,hub_localized,49
star,50,0.01,0.02,0.0,0.2,0.1,3.0,0.3,0.062,49,91,0.0,0.12244897959183673,48,9,1,0,48,3|17|5|7|10|1,hub_localized,49
star,50,0.01,0.02,0.0,0.2,0.1,3.0,0.3,0.064,0,42,0.0,0.2653061224489796,47,19,4,1,47,3|4|5|1|7|2|4|1|7|2,hub_localized,49
star,50,0.01,0.02,0.0,0.2,0.1,3.0,0.3,0.064,1,43,0.0,0.2653061224489796,46,19,5,1,46,2|4|5|1|7|2|4|1|7|3,hub_localized,49
star,50,0.01,0.02,0.0,0.2,0.1,3.0,0.3,0.064,2,44,0.0,0.24489795918367346,45,19,4,1,45,2|3|5|1|7|2|4|1|9|4,hub_localized,49
star,50,0.01,0.02,0.0,0.2,0.1,3.0,0.3,0.064,3,45,0.0,0.2857142857142857,44,19,4,1,44,1|3|5|1|7|2|4|1|7|5,hub_localized,49
star,50,0.01,0.02,0.0,0.2,0.1,3.0,0.3,0.064,4,46,0.0,0.2857142857142857,49,19,4,1,49,3|5|1|7|2|4|1|7|5,hub_localized,49
star,50,0.01,0.02,0.0,0.2,0.1,3.0,0.3,0.064,5,47,0.0,0.2653061224489796,48,19,5,1,48,3|5|1|7|2|4|1|7|5|1,hub_localized,49
star,50,0.01,0.02,0.0,0.2,0.1,3.0,0.3,0.064,6,48,0.0,0.2653061224489796,47,19,4,1,47,3|5|1|7|2|4|1|7|5|2,hub_localized,49
star,50,0.01,0.02,0.0,0.2,0.1,3.0,0.3,0.064,7,49,0.0,0.2653061224489796,46,19,5,1,46,1|5|1|7|2|4|1|7|5|3,hub_localized,49
star,50,0.01,0.02,0.0,0.2,0.1,3.0,0.3,0.064,8,50,0.0,0.2653061224489796,45,19,5,1,45,1|5|1|7|2|4|1|7|5|4,hub_localized,49
star,50,0.01,0.02,0.0,0.2,0.1,3.0,0.3,0.064,9,51,0.0,0.24489795918367346,44,19,5,1,44,5|1|7|2|4|1|7|5|5,hub_localized,49
star,50,0.01,0.02,0.0,0.2,0.1,3.0,0.3,0.064,10,52,0.0,0.24489795918367346,43,19,6,1,43,4|1|7|2|4|1|7|5|6,hub_localized,49
star,50,0.01,0.02,0.0,0.2,0.1,3.0,0.3,0.064,11,53,0.0,0.24489795918367346,42,19,5,1,42,3|1|7|2|4|1|7|5|7,hub_localized,49
star,50,0.01,0.02,0.0,0.2,0.1,3.0,0.3,0.064,12,54,0.0,0.24489795918367346,41,19,5,1,41,3|1|7|2|4|1|7|5|8,hub_localized,49
star,50,0.01,0.02,0.0,0.2,0.1,3.0,0.3,0.064,13,55,0.0,0.22448979591836735,40,19,5,1,40,1|1|7|2|4|1|1|7|5|9,hub_localized,49
star,50,0.01,0.02,0.0,0.2,0.1,3.0,0.3,0.064,14,56,0.0,0.22448979591836735,39,19,5,1,39,1|1|7|2|4|1|1|7|5|10,hub_localized,49
star,50,0.01,0.02,0.0,0.2,0.1,3.0,0.3,0.064,15,57,0.0,0.22448979591836735,38,19,16,1,38,1|7|2|4|1|7|5|11,hub_localized,49
star,50,0.01,0.02,0.0,0.2,0.1,3.0,0.3,0.064,16,58,0.0,0.22448979591836735,37,19,16,1,37,1|7|2|4|1|7|5|12,hub_localized,49
star,50,0.01,0.02,0.0,0.2,0.1,3.0,0.3,0.064,17,59,0.0,0.20408163265306123,36,19,16,1,36,7|2|4|1|7|5|13,hub_localized,49
star,50,0.01,0.02,0.0,0.2,0.1,3.0,0.3,0.064,18,60,0.0,0.20408163265306123,35,19,16,1,35,7|2|4|1|7|5|14,hub_localized,49
star,50,0.01,0.02,0.0,0.2,0.1,3.0,0.3,0.064,19,61,0.0,0.20408163265306123,34,19,16,1,34,6|2|4|1|7|5|15,hub_localized,49
star,50,0.01,0.02,0.0,0.2,0.1,3.0,0.3,0.064,20,62,0.0,0.20408163265306123,33,19,16,1,33,5|2|4|1|7|5|16,hub_localized,49
star,50,0.01,0.02,0.0,0.2,0.1,3.0,0.3,0.064,21,63,0.0,0.1836734693877551,32,19,16,0,32,4|2|4|9|5|17,hub_localized,49
star,50,0.01,0.02,0.0,0.2,0.1,3.0,0.3,0.064,22,64,0.0,0.20408163265306123,49,19,1,1,49,3|2|4|9|5|17,hub_localized,49
star,50,0.01,0.02,0.0,0.2,0.1,3.0,0.3,0.064,23,65,0.0,0.22448979591836735,48,19,3,1,48,2|2|4|1|7|5|17|1,hub_localized,49
star,50,0.01,0.02,0.0,0.2,0.1,3.0,0.3,0.064,24,66,0.0,0.20408163265306123,47,19,3,1,47,1|2|4|9|5|17|2,hub_localized,49
star,50,0.01,0.02,0.0,0.2,0.1,3.0,0.3,0.064,25,67,0.0,0.20408163265306123,46,19,1,1,46,2|4|1|7|5|17|3,hub_localized,49
star,50,0.01,0.02,0.0,0.2,0.1,3.0,0.3,0.064,26,68,0.0,0.20408163265306123,45,19,1,1,45,1|4|1|7|5|17|4,hub_localized,49
star,50,0.01,0.02,0.0,0.2,0.1,3.0,0.3,0.064,27,69,0.0,0.20408163265306123,44,19,1,1,44,1|4|1|7|5|17|5,hub_localized,49
star,50,0.01,0.02,0.0,0.2,0.1,3.0,0.3,0.064,28,70,0.0,0.20408163265306123,49,19,1,1,49,4|1|7|5|17|5,hub_localized,49
star,50,0.01,0.02,0.0,0.2,0.1,3.0,0.3,0.064,29,71,0.0,0.22448979591836735,49,19,3,1,49,3|1|7|5|17|5,hub_localized,49
star,50,0.01,0.02,0.0,0.2,0.1,3.0,0.3,0.064,30,72,0.0,0.22448979591836735,48,19,1,1,48,2|1|7|5|17|5|1,hub_localized,49
star,50,0.01,0.02,0.0,0.2,0.1,3.0,0.3,0.064,31,73,0.0,0.22448979591836735,47,19,3,1,47,2|1|7|5|17|5|2,hub_localized,49
star,50,0.01,0.02,0.0,0.2,0.1,3.0,0.3,0.064,32,74,0.0,0.20408163265306123,46,19,1,1,46,1|7|5|17|6|3,hub_localized,49
star,50,0.01,0.02,0.0,0.2,0.1,3.0,0.3,0.064,33,75,0.0,0.20408163265306123,45,19,1,1,45,1|7|5|17|5|4,hub_localized,49
star,50,0.01,0.02,0.0,0.2,0.1,3.0,0.3,0.064,34,76,0.0,0.16326530612244897,44,19,1,0,44,9|5|17|5|5,hub_localized,49
star,50,0.01,0.02,0.0,0.2,0.1,3.0,0.3,0.064,35,77,0.0,0.14285714285714285,43,19,1,0,43,1|8|5|17|5|6,hub_localized,49
star,50,0.01,0.02,0.0,0.2,0.1,3.0,0.3,0.064,36,78,0.0,0.16326530612244897,42,19,1,0,42,7|5|17|5|7,hub_localized,49
star,50,0.01,0.02,0.0,0.2,0.1,3.0,0.3,0.064,37,79,0.0,0.16326530612244897,49,19,1,0,49,7|5|17|5|7,hub_localized,49
star,50,0.01,0.02,0.0,0.2,0.1,3.0,0.3,0.064,38,80,0.0,0.16326530612244897,48,19,4,0,48,6|5|17|5|7|1,hub_localized,49
star,50,0.01,0.02,0.0,0.2,0.1,3.0,0.3,0.064,39,81,0.0,0.16326530612244897,47,19,1,0,47,5|5|17|5|7|2,hub_localized,49
star,50,0.01,0.02,0.0,0.2,0.1,3.0,0.3,0.064,40,82,0.0,0.16326530612244897,46,19,3,0,46,4|5|17|5|7|3,hub_localized,49
star,50,0.01,0.02,0.0,0.2,0.1,3.0,0.3,0.064,41,83,0.0,0.16326530612244897,45,19,1,0,45,4|5|17|5|7|4,hub_localized,49
star,50,0.01,0.02,0.0,0.2,0.1,3.0,0.3,0.064,42,84,0.0,0.16326530612244897,44,19,3,0,44,2|5|17|5|7|5,hub_localized,49
star,50,0.01,0.02,0.0,0.2,0.1,3.0,0.3,0.064,43,85,0.0,0.16326530612244897,43,19,1,0,43,1|5|17|5|7|6,hub_localized,49
star,50,0.01,0.02,0.0,0.2,0.1,3.0,0.3,0.064,44,86,0.0,0.14285714285714285,42,19,3,0,42,2|5|17|5|7|7,hub_localized,49
star,50,0.01,0.02,0.0,0.2,0.1,3.0,0.3,0.064,45,87,0.0,0.14285714285714285,41,19,1,0,41,5|17|5|7|8,hub_localized,49
star,50,0.01,0.02,0.0,0.2,0.1,3.0,0.3,0.064,46,88,0.0,0.12244897959183673,40,9,4,0,40,5|17|5|7|9,hub_localized,49
star,50,0.01,0.02,0.0,0.2,0.1,3.0,0.3,0.064,47,89,0.0,0.10204081632653061,39,10,3,0,39,5|17|5|7|10,hub_localized,49
star,50,0.01,0.02,0.0,0.2,0.1,3.0,0.3,0.064,48,90,0.0,0.12244897959183673,49,10,1,0,49,4|17|5|7|10,hub_localized,49
star,50,0.01,0.02,0.0,0.2,0.1,3.0,0.3,0.064,49,91,0.0,0.12244897959183673,48,9,1,0,48,3|17|5|7|10|1,hub_localized,49
star,50,0.01,0.02,0.0,0.2,0.1,3.0,0.3,0.066,0,42,0.0,0.2653061224489796,47,19,4,1,47,3|4|5|1|7|2|4|1|7|2,hub_localized,49
star,50,0.01,0.02,0.0,0.2,0.1,3.0,0.3,0.066,1,43,0.0,0.24489795918367346,46,19,5,1,46,2|4|5|1|7|2|4|9|3,hub_localized,49
star,50,0.01,0.02,0.0,0.2,0.1,3.0,0.3,0.066,2,44,0.0,0.24489795918367346,45,19,4,1,45,2|3|5|1|7|2|4|1|9|4,hub_localized,49
star,50,0.01,0.02,0.0,0.2,0.1,3.0,0.3,0.066,3,45,0.0,0.2653061224489796,44,19,4,1,44,1|3|5|1|7|2|4|9|5,hub_localized,49
star,50,0.01,0.02,0.0,0.2,0.1,3.0,0.3,0.066,4,46,0.0,0.2653061224489796,49,19,4,1,49,3|5|1|7|2|4|9|5,hub_localized,49
star,50,0.01,0.02,0.0,0.2,0.1,3.0,0.3,0.066,5,47,0.0,0.22448979591836735,48,19,5,1,48,9|1|7|2|4|9|5|1,hub_localized,49
star,50,0.01,0.02,0.0,0.2,0.1,3.0,0.3,0.066,6,48,0.0,0.24489795918367346,47,19,4,1,47,3|5|1|7|2|4|9|5|2,hub_localized,49
star,50,0.01,0.02,0.0,0.2,0.1,3.0,0.3,0.066,7,49,0.0,0.24489795918367346,46,19,5,1,46,1|5|1|7|2|4|9|5|3,hub_localized,49
star,50,0.01,0.02,0.0,0.2,0.1,3.0,0.3,0.066,8,50,0.0,0.24489795918367346,45,19,5,1,45,1|5|1|7|2|4|9|5|4,hub_localized,49
star,50,0.01,0.02,0.0,0.2,0.1,3.0,0.3,0.066,9,51,0.0,0.24489795918367346,44,19,5,1,44,5|1|7|2|4|1|7|5|5,hub_localized,49
star,50,0.01,0.02,0.0,0.2,0.1,3.0,0.3,0.066,10,52,0.0,0.22448979591836735,43,19,6,1,43,4|1|7|2|4|9|5|6,hub_localized,49
star,50,0.01,0.02,0.0,0.2,0.1,3.0,0.3,0.066,11,53,0.0,0.22448979591836735,42,19,5,1,42,3|1|7|2|4|9|5|7,hub_localized,49
star,50,0.01,0.02,0.0,0.2,0.1,3.0,0.3,0.066,12,54,0.0,0.24489795918367346,41,19,6,1,41,3|1|7|2|4|1|7|5|8,hub_localized,49
star,50,0.01,0.02,0.0,0.2,0.1,3.0,0.3,0.066,13,55,0.0,0.22448979591836735,40,19,5,1,40,1|1|7|2|4|9|5|9,hub_localized,49
star,50,0.01,0.02,0.0,0.2,0.1,3.0,0.3,0.066,14,56,0.0,0.20408163265306123,39,19,5,1,39,1|1|7|2|4|1|9|5|10,hub_localized,49
star,50,0.01,0.02,0.0,0.2,0.1,3.0,0.3,0.066,15,57,0.0,0.20408163265306123,38,19,16,1,38,1|7|2|4|9|5|11,hub_localized,49
star,50,0.01,0.02,0.0,0.2,0.1,3.0,0.3,0.066,16,58,0.0,0.20408163265306123,37,19,16,1,37,1|7|2|4|9|5|12,hub_localized,49
star,50,0.01,0.02,0.0,0.2,0.1,3.0,0.3,0.066,17,59,0.0,0.16326530612244897,36,19,16,0,36,7|2|4|10|5|13,hub_localized,49
star,50,0.01,0.02,0.0,0.2,0.1,3.0,0.3,0.066,18,60,0.0,0.1836734693877551,35,19,16,0,35,7|2|4|9|5|14,hub_localized,49
star,50,0.01,0.02,0.0,0.2,0.1,3.0,0.3,0.066,19,61,0.0,0.1836734693877551,34,19,16,0,34,6|2|4|9|5|15,hub_localized,49
star,50,0.01,0.02,0.0,0.2,0.1,3.0,0.3,0.066,20,62,0.0,0.1836734693877551,33,19,16,0,33,5|2|4|9|5|16,hub_localized,49
star,50,0.01,0.02,0.0,0.2,0.1,3.0,0.3,0.066,21,63,0.0,0.1836734693877551,32,19,16,0,32,4|2|4|9|5|17,hub_localized,49
star,50,0.01,0.02,0.0,0.2,0.1,3.0,0.3,0.066,22,64,0.0,0.22448979591836735,49,19,1,1,49,3|2|4|1|7|5|17,hub_localized,49
star,50,0.01,0.02,0.0,0.2,0.1,3.0,0.3,0.066,23,65,0.0,0.20408163265306123,48,19,3,1,48,2|2|4|9|5|17|1,hub_localized,49
star,50,0.01,0.02,0.0,0.2,0.1,3.0,0.3,0.066,24,66,0.0,0.20408163265306123,47,19,3,1,47,1|2|4|9|5|17|2,hub_localized,49
star,50,0.01,0.02,0.0,0.2,0.1,3.0,0.3,0.066,25,67,0.0,0.1836734693877551,46,19,1,0,46,2|4|9|5|17|3,hub_localized,49
star,50,0.01,0.02,0.0,0.2,0.1,3.0,0.3,0.066,26,68,0.0,0.1836734693877551,45,19,1,0,45,1|4|9|5|17|4,hub_localized,49
star,50,0.01,0.02,0.0,0.2,0.1,3.0,0.3,0.066,27,69,0.0,0.1836734693877551,44,19,1,0,44,1|4|9|5|17|5,hub_localized,49
star,50,0.01,0.02,0.0,0.2,0.1,3.0,0.3,0.066,28,70,0.0,0.1836734693877551,49,19,1,0,49,4|9|5|17|5,hub_localized,49
star,50,0.01,0.02,0.0,0.2,0.1,3.0,0.3,0.066,29,71,0.0,0.20408163265306123,49,19,3,1,49,3|9|5|17|5,hub_localized,49
star,50,0.01,0.02,0.0,0.2,0.1,3.0,0.3,0.066,30,72,0.0,0.20408163265306123,48,19,1,1,48,2|9|5|17|5|1,hub_localized,49
star,50,0.01,0.02,0.0,0.2,0.1,3.0,0.3,0.066,31,73,0.0,0.20408163265306123,47,19,3,1,47,2|9|5|17|5|2,hub_localized,49
star,50,0.01,0.02,0.0,0.2,0.1,3.0,0.3,0.066,32,74,0.0,0.20408163265306123,46,19,1,1,46,1|7|5|17|6|3,hub_localized,49
star,50,0.01,0.02,0.0,0.2,0.1,3.0,0.3,0.066,33,75,0.0,0.1836734693877551,45,19,1,0,45,9|5|17|5|4,hub_localized,49
star,50,0.01,0.02,0.0,0.2,0.1,3.0,0.3,0.066,34,76,0.0,0.16326530612244897,44,19,1,0,44,9|5|17|5|5,hub_localized,49
star,50,0.01,0.02,0.0,0.2,0.1,3.0,0.3,0.066,35,77,0.0,0.14285714285714285,43,19,1,0,43,9|5|17|5|6,hub_localized,49
star,50,0.01,0.02,0.0,0.2,0.1,3.0,0.3,0.066,36,78,0.0,0.14285714285714285,42,19,1,0,42,8|5|17|5|7,hub_localized,49
star,50,0.01,0.02,0.0,0.2,0.1,3.0,0.3,0.066,37,79,0.0,0.16326530612244897,49,19,1,0,49,8|5|17|5|7,hub_localized,49
star,50,0.01,0.02,0.0,0.2,0.1,3.0,0.3,0.066,38,80,0.0,0.16326530612244897,48,19,4,0,48,6|5|17|5|7|1,hub_localized,49
star,50,0.01,0.02,0.0,0.2,0.1,3.0,0.3,0.066,39,81,0.0,0.16326530612244897,47,19,1,0,47,5|5|17|5|7|2,hub_localized,49
star,50,0.01,0.02,0.0,0.2,0.1,3.0,0.3,0.066,40,82,0.0,0.16326530612244897,46,19,3,0,46,4|5|17|5|7|3,hub_localized,49
star,50,0.01,0.02,0.0,0.2,0.1,3.0,0.3,0.066,41,83,0.0,0.16326530612244897,45,19,1,0,45,4|5|17|5|7|4,hub_localized,49
star,50,0.01,0.02,0.0,0.2,0.1,3.0,0.3,0.066,42,84,0.0,0.16326530612244897,44,19,3,0,44,2|5|17|5|7|5,hub_localized,49
star,50,0.01,0.02,0.0,0.2,0.1,3.0,0.3,0.066,43,85,0.0,0.16326530612244897,43,19,1,0,43,1|5|17|5|7|6,hub_localized,49
star,50,0.01,0.02,0.0,0.2,0.1,3.0,0.3,0.066,44,86,0.0,0.16326530612244897,42,19,3,0,42,1|5|17|5|7|7,hub_localized,49
star,50,0.01,0.02,0.0,0.2,0.1,3.0,0.3,0.066,45,87,0.0,0.14285714285714285,41,19,1,0,41,5|17|5|7|8,hub_localized,49
star,50,0.01,0.02,0.0,0.2,0.1,3.0,0.3,0.066,46,88,0.0,0.12244897959183673,40,9,4,0,40,5|17|5|7|9,hub_localized,49
star,50,0.01,0.02,0.0,0.2,0.1,3.0,0.3,0.066,47,89,0.0,0.10204081632653061,39,10,3,0,39,5|17|5|7|10,hub_localized,49
star,50,0.01,0.02,0.0,0.2,0.1,3.0,0.3,0.066,48,90,0.0,0.12244897959183673,49,10,1,0,49,4|17|5|7|10,hub_localized,49
star,50,0.01,0.02,0.0,0.2,0.1,3.0,0.3,0.066,49,91,0.0,0.12244897959183673,48,10,1,0,48,3|17|5|7|10|1,hub_localized,49
star,50,0.01,0.02,0.0,0.2,0.1,3.0,0.3,0.068,0,42,0.0,0.24489795918367346,47,19,4,1,47,3|4|5|1|7|2|4|9|2,hub_localized,49
star,50,0.01,0.02,0.0,0.2,0.1,3.0,0.3,0.068,1,43,0.0,0.24489795918367346,46,19,5,1,46,2|4|5|1|7|2|4|9|3,hub_localized,49
star,50,0.01,0.02,0.0,0.2,0.1,3.0,0.3,0.068,2,44,0.0,0.24489795918367346,45,19,4,1,45,2|3|5|1|7|2|4|1|9|4,hub_localized,49
star,50,0.01,0.02,0.0,0.2,0.1,3.0,0.3,0.068,3,45,0.0,0.24489795918367346,44,19,4,1,44,1|4|5|1|7|2|4|9|5,hub_localized,49
star,50,0.01,0.02,0.0,0.2,0.1,3.0,0.3,0.068,4,46,0.0,0.2653061224489796,49,19,4,1,49,3|5|1|7|2|4|9|5,hub_localized,49
star,50,0.01,0.02,0.0,0.2,0.1,3.0,0.3,0.068,5,47,0.0,0.22448979591836735,48,19,5,1,48,9|1|7|2|4|9|5|1,hub_localized,49
star,50,0.01,0.02,0.0,0.2,0.1,3.0,0.3,0.068,6,48,0.0,0.24489795918367346,47,19,4,1,47,3|5|1|7|2|4|9|5|2,hub_localized,49
star,50,0.01,0.02,0.0,0.2,0.1,3.0,0.3,0.068,7,49,0.0,0.24489795918367346,46,19,5,1,46,1|5|1|7|2|4|9|5|3,hub_localized,49
star,50,0.01,0.02,0.0,0.2,0.1,3.0,0.3,0.068,8,50,0.0,0.24489795918367346,45,19,5,1,45,1|5|1|7|2|4|9|5|4,hub_localized,49
star,50,0.01,0.02,0.0,0.2,0.1,3.0,0.3,0.068,9,51,0.0,0.22448979591836735,44,19,5,1,44,5|1|7|2|4|9|5|5,hub_localized,49
star,50,0.01,0.02,0.0,0.2,0.1,3.0,0.3,0.068,10,52,0.0,0.22448979591836735,43,19,6,1,43,4|1|7|2|4|9|5|6,hub_localized,49
star,50,0.01,0.02,0.0,0.2,0.1,3.0,0.3,0.068,11,53,0.0,0.22448979591836735,42,19,5,1,42,3|1|7|2|4|9|5|7,hub_localized,49
star,50,0.01,0.02,0.0,0.2,0.1,3.0,0.3,0.068,12,54,0.0,0.22448979591836735,41,19,6,1,41,3|1|7|2|4|9|5|8,hub_localized,49
star,50,0.01,0.02,0.0,0.2,0.1,3.0,0.3,0.068,13,55,0.0,0.22448979591836735,40,19,5,1,40,1|1|7|2|4|9|5|9,hub_localized,49
star,50,0.01,0.02,0.0,0.2,0.1,3.0,0.3,0.068,14,56,0.0,0.20408163265306123,39,19,5,1,39,1|1|7|2|4|1|9|5|10,hub_localized,49
star,50,0.01,0.02,0.0,0.2,0.1,3.0,0.3,0.068,15,57,0.0,0.20408163265306123,38,19,16,1,38,1|7|2|4|9|5|11,hub_localized,49
star,50,0.01,0.02,0.0,0.2,0.1,3.0,0.3,0.068,16,58,0.0,0.20408163265306123,37,19,16,1,37,1|7|2|4|9|5|12,hub_localized,49
star,50,0.01,0.02,0.0,0.2,0.1,3.0,0.3,0.068,17,59,0.0,0.16326530612244897,36,19,16,0,36,7|2|4|10|5|13,hub_localized,49
star,50,0.01,0.02,0.0,0.2,0.1,3.0,0.3,0.068,18,60,0.0,0.1836734693877551,35,19,16,0,35,7|2|4|9|5|14,hub_localized,49
star,50,0.01,0.02,0.0,0.2,0.1,3.0,0.3,0.068,19,61,0.0,0.1836734693877551,34,19,16,0,34,6|2|4|9|5|15,hub_localized,49
star,50,0.01,0.02,0.0,0.2,0.1,3.0,0.3,0.068,20,62,0.0,0.1836734693877551,33,19,16,0,33,5|2|4|9|5|16,hub_localized,49
star,50,0.01,0.02,0.0,0.2,0.1,3.0,0.3,0.068,21,63,0.0,0.1836734693877551,32,19,16,0,32,4|2|4|9|5|17,hub_localized,49
star,50,0.01,0.02,0.0,0.2,0.1,3.0,0.3,0.068,22,64,0.0,0.20408163265306123,49,19,1,1,49,3|2|4|9|5|17,hub_localized,49
star,50,0.01,0.02,0.0,0.2,0.1,3.0,0.3,0.068,23,65,0.0,0.20408163265306123,48,19,3,1,48,2|2|4|9|5|17|1,hub_localized,49
star,50,0.01,0.02,0.0,0.2,0.1,3.0,0.3,0.068,24,66,0.0,0.20408163265306123,47,19,3,1,47,1|2|4|9|5|17|2,hub_localized,49
star,50,0.01,0.02,0.0,0.2,0.1,3.0,0.3,0.068,25,67,0.0,0.1836734693877551,46,19,1,0,46,2|4|9|5|17|3,hub_localized,49
star,50,0.01,0.02,0.0,0.2,0.1,3.0,0.3,0.068,26,68,0.0,0.1836734693877551,45,19,1,0,45,1|4|9|5|17|4,hub_localized,49
star,50,0.01,0.02,0.0,0.2,0.1,3.0,0.3,0.068,27,69,0.0,0.1836734693877551,44,19,1,0,44,1|4|9|5|17|5,hub_localized,49
star,50,0.01,0.02,0.0,0.2,0.1,3.0,0.3,0.068,28,70,0.0,0.16326530612244897,43,19,1,0,43,4|9|5|17|6,hub_localized,49
star,50,0.01,0.02,0.0,0.2,0.1,3.0,0.3,0.068,29,71,0.0,0.1836734693877551,49,19,3,0,49,3|9|5|17|6,hub_localized,49
star,50,0.01,0.02,0.0,0.2,0.1,3.0,0.3,0.068,30,72,0.0,0.1836734693877551,48,19,1,0,48,2|9|5|17|6|1,hub_localized,49
star,50,0.01,0.02,0.0,0.2,0.1,3.0,0.3,0.068,31,73,0.0,0.1836734693877551,47,19,3,0,47,2|9|5|17|6|2,hub_localized,49
star,50,0.01,0.02,0.0,0.2,0.1,3.0,0.3,0.068,32,74,0.0,0.1836734693877551,46,19,1,0,46,9|5|17|6|3,hub_localized,49
star,50,0.01,0.02,0.0,0.2,0.1,3.0,0.3,0.068,33,75,0.0,0.16326530612244897,45,19,1,0,45,9|5|17|6|4,hub_localized,49
star,50,0.01,0.02,0.0,0.2,0.1,3.0,0.3,0.068,34,76,0.0,0.14285714285714285,44,19,1,0,44,9|5|17|6|5,hub_localized,49
star,50,0.01,0.02,0.0,0.2,0.1,3.0,0.3,0.068,35,77,0.0,0.12244897959183673,43,19,1,0,43,9|5|17|6|6,hub_localized,49
star,50,0.01,0.02,0.0,0.2,0.1,3.0,0.3,0.068,36,78,0.0,0.10204081632653061,42,19,1,0,42,9|5|17|6|7,hub_localized,49
star,50,0.01,0.02,0.0,0.2,0.1,3.0,0.3,0.068,37,79,0.0,0.14285714285714285,49,19,1,0,49,8|5|17|6|7,hub_localized,49
star,50,0.01,0.02,0.0,0.2,0.1,3.0,0.3,0.068,38,80,0.0,0.14285714285714285,48,19,4,0,48,6|5|17|6|7|1,hub_localized,49
star,50,0.01,0.02,0.0,0.2,0.1,3.0,0.3,0.068,39,81,0.0,0.14285714285714285,47,19,1,0,47,5|5|17|6|7|2,hub_localized,49
star,50,0.01,0.02,0.0,0.2,0.1,3.0,0.3,0.068,40,82,0.0,0.14285714285714285,46,19,3,0,46,4|5|17|6|7|3,hub_localized,49
star,50,0.01,0.02,0.0,0.2,0.1,3.0,0.3,0.068,41,83,0.0,0.14285714285714285,45,19,1,0,45,4|5|17|6|7|4,hub_localized,49
star,50,0.01,0.02,0.0,0.2,0.1,3.0,0.3,0.068,42,84,0.0,0.14285714285714285,44,19,3,0,44,2|5|17|6|7|5,hub_localized,49
star,50,0.01,0.02,0.0,0.2,0.1,3.0,0.3,0.068,43,85,0.0,0.14285714285714285,43,19,1,0,43,1|5|17|6|7|6,hub_localized,49
star,50,0.01,0.02,0.0,0.2,0.1,3.0,0.3,0.068,44,86,0.0,0.14285714285714285,42,19,3,0,42,1|5|17|6|7|7,hub_localized,49
star,50,0.01,0.02,0.0,0.2,0.1,3.0,0.3,0.068,45,87,0.0,0.12244897959183673,41,19,1,0,41,5|17|6|7|8,hub_localized,49
star,50,0.01,0.02,0.0,0.2,0.1,3.0,0.3,0.068,46,88,0.0,0.10204081632653061,40,9,4,0,40,5|17|6|7|9,hub_localized,49
star,50,0.01,0.02,0.0,0.2,0.1,3.0,0.3,0.068,47,89,0.0,0.08163265306122448,39,10,3,0,39,5|17|6|7|10,hub_localized,49
star,50,0.01,0.02,0.0,0.2,0.1,3.0,0.3,0.068,48,90,0.0,0.10204081632653061,49,10,1,0,49,4|17|6|7|10,hub_localized,49
star,50,0.01,0.02,0.0,0.2,0.1,3.0,0.3,0.068,49,91,0.0,0.10204081632653061,48,10,1,0,48,3|17|6|7|10|1,hub_localized,49
star,50,0.01,0.02,0.0,0.2,0.1,3.0,0.3,0.07,0,42,0.0,0.20408163265306123,46,19,4,1,46,3|4|5|1|7|2|4|10|3,hub_localized,49
star,50,0.01,0.02,0.0,0.2,0.1,3.0,0.3,0.07,1,43,0.0,0.22448979591836735,46,19,5,1,46,2|4|5|1|7|2|4|10|3,hub_localized,49
star,50,0.01,0.02,0.0,0.2,0.1,3.0,0.3,0.07,2,44,0.0,0.22448979591836735,45,19,4,1,45,2|4|5|1|7|2|4|1|9|4,hub_localized,49
star,50,0.01,0.02,0.0,0.2,0.1,3.0,0.3,0.07,3,45,0.0,0.20408163265306123,43,19,4,1,43,1|4|5|1|7|2|4|10|6,hub_localized,49
star,50,0.01,0.02,0.0,0.2,0.1,3.0,0.3,0.07,4,46,0.0,0.24489795918367346,49,19,4,1,49,4|5|1|7|2|4|9|5,hub_localized,49
star,50,0.01,0.02,0.0,0.2,0.1,3.0,0.3,0.07,5,47,0.0,0.22448979591836735,48,19,5,1,48,3|5|1|7|2|4|10|5|1,hub_localized,49
star,50,0.01,0.02,0.0,0.2,0.1,3.0,0.3,0.07,6,48,0.0,0.22448979591836735,47,19,4,1,47,3|5|1|7|2|4|10|5|2,hub_localized,49
star,50,0.01,0.02,0.0,0.2,0.1,3.0,0.3,0.07,7,49,0.0,0.22448979591836735,46,19,5,1,46,1|5|1|7|2|4|10|5|3,hub_localized,49
star,50,0.01,0.02,0.0,0.2,0.1,3.0,0.3,0.07,8,50,0.0,0.20408163265306123,45,19,5,1,45,1|5|1|7|2|4|10|6|4,hub_localized,49
star,50,0.01,0.02,0.0,0.2,0.1,3.0,0.3,0.07,9,51,0.0,0.20408163265306123,44,19,5,1,44,5|1|7|2|4|9|6|5,hub_localized,49
star,50,0.01,0.02,0.0,0.2,0.1,3.0,0.3,0.07,10,52,0.0,0.16326530612244897,43,19,16,0,43,6|7|2|4|10|6|6,hub_localized,49
star,50,0.01,0.02,0.0,0.2,0.1,3.0,0.3,0.07,11,53,0.0,0.22448979591836735,42,19,5,1,42,3|1|7|2|4|9|5|7,hub_localized,49
star,50,0.01,0.02,0.0,0.2,0.1,3.0,0.3,0.07,12,54,0.0,0.1836734693877551,41,19,6,0,41,3|1|7|2|4|10|6|8,hub_localized,49
star,50,0.01,0.02,0.0,0.2,0.1,3.0,0.3,0.07,13,55,0.0,0.20408163265306123,40,19,5,1,40,1|1|7|2|4|10|5|9,hub_localized,49
star,50,0.01,0.02,0.0,0.2,0.1,3.0,0.3,0.07,14,56,0.0,0.16326530612244897,39,19,5,0,39,1|1|7|2|4|1|10|6|10,hub_localized,49
star,50,0.01,0.02,0.0,0.2,0.1,3.0,0.3,0.07,15,57,0.0,0.20408163265306123,38,19,16,1,38,1|7|2|4|9|5|11,hub_localized,49
star,50,0.01,0.02,0.0,0.2,0.1,3.0,0.3,0.07,16,58,0.0,0.1836734693877551,37,19,16,0,37,1|7|2|4|9|6|12,hub_localized,49
star,50,0.01,0.02,0.0,0.2,0.1,3.0,0.3,0.07,17,59,0.0,0.16326530612244897,36,19,16,0,36,7|2|4|10|5|13,hub_localized,49
star,50,0.01,0.02,0.0,0.2,0.1,3.0,0.3,0.07,18,60,0.0,0.16326530612244897,35,19,47,0,35,7|2|4|10|5|14,hub_localized,49
star,50,0.01,0.02,0.0,0.2,0.1,3.0,0.3,0.07,19,61,0.0,0.14285714285714285,34,19,16,0,34,6|2|4|10|6|15,hub_localized,49
star,50,0.01,0.02,0.0,0.2,0.1,3.0,0.3,0.07,20,62,0.0,0.16326530612244897,33,19,47,0,33,5|2|4|10|5|16,hub_localized,49
star,50,0.01,0.02,0.0,0.2,0.1,3.0,0.3,0.07,21,63,0.0,0.14285714285714285,32,19,16,0,32,4|2|4|10|6|17,hub_localized,49
star,50,0.01,0.02,0.0,0.2,0.1,3.0,0.3,0.07,22,64,0.0,0.16326530612244897,49,19,1,0,49,3|2|4|10|6|17,hub_localized,49
star,50,0.01,0.02,0.0,0.2,0.1,3.0,0.3,0.07,23,65,0.0,0.1836734693877551,48,19,3,0,48,2|2|4|10|5|17|1,hub_localized,49
star,50,0.01,0.02,0.0,0.2,0.1,3.0,0.3,0.07,24,66,0.0,0.1836734693877551,47,19,3,0,47,1|2|4|10|5|17|2,hub_localized,49
star,50,0.01,0.02,0.0,0.2,0.1,3.0,0.3,0.07,25,67,0.0,0.14285714285714285,46,19,1,0,46,2|4|10|6|17|3,hub_localized,49
star,50,0.01,0.02,0.0,0.2,0.1,3.0,0.3,0.07,26,68,0.0,0.16326530612244897,45,19,1,0,45,1|4|9|6|17|4,hub_localized,49
star,50,0.01,0.02,0.0,0.2,0.1,3.0,0.3,0.07,27,69,0.0,0.16326530612244897,44,19,1,0,44,1|4|10|5|17|5,hub_localized,49
star,50,0.01,0.02,0.0,0.2,0.1,3.0,0.3,0.07,28,70,0.0,0.14285714285714285,43,19,1,0,43,4|10|5|17|6,hub_localized,49
star,50,0.01,0.02,0.0,0.2,0.1,3.0,0.3,0.07,29,71,0.0,0.14285714285714285,49,19,3,0,49,3|10|6|17|6,hub_localized,49
star,50,0.01,0.02,0.0,0.2,0.1,3.0,0.3,0.07,30,72,0.0,0.1836734693877551,48,19,1,0,48,2|9|5|17|6|1,hub_localized,49
star,50,0.01,0.02,0.0,0.2,0.1,3.0,0.3,0.07,31,73,0.0,0.16326530612244897,47,19,3,0,47,2|10|5|17|6|2,hub_localized,49
star,50,0.01,0.02,0.0,0.2,0.1,3.0,0.3,0.07,32,74,0.0,0.16326530612244897,46,19,1,0,46,10|5|17|6|3,hub_localized,49
star,50,0.01,0.02,0.0,0.2,0.1,3.0,0.3,0.07,33,75,0.0,0.14285714285714285,45,19,1,0,45,10|5|17|6|4,hub_localized,49
star,50,0.01,0.02,0.0,0.2,0.1,3.0,0.3,0.07,34,76,0.0,0.14285714285714285,44,19,1,0,44,9|5|17|6|5,hub_localized,49
star,50,0.01,0.02,0.0,0.2,0.1,3.0,0.3,0.07,35,77,0.0,0.10204081632653061,43,19,1,0,43,10|5|17|6|6,hub_localized,49
star,50,0.01,0.02,0.0,0.2,0.1,3.0,0.3,0.07,36,78,0.0,0.10204081632653061,42,19,1,0,42,9|5|17|6|7,hub_localized,49
star,50,0.01,0.02,0.0,0.2,0.1,3.0,0.3,0.07,37,79,0.0,0.10204081632653061,49,19,1,0,49,9|6|17|6|7,hub_localized,49
star,50,0.01,0.02,0.0,0.2,0.1,3.0,0.3,0.07,38,80,0.0,0.10204081632653061,48,19,75,0,48,7|5|24|7|1,hub_localized,49
star,50,0.01,0.02,0.0,0.2,0.1,3.0,0.3,0.07,39,81,0.0,0.10204081632653061,47,19,1,0,47,6|6|17|6|7|2,hub_localized,49
star,50,0.01,0.02,0.0,0.2,0.1,3.0,0.3,0.07,40,82,0.0,0.10204081632653061,46,19,3,0,46,5|6|17|6|7|3,hub_localized,49
star,50,0.01,0.02,0.0,0.2,0.1,3.0,0.3,0.07,41,83,0.0,0.12244897959183673,45,19,1,0,45,5|5|17|6|7|4,hub_localized,49
star,50,0.01,0.02,0.0,0.2,0.1,3.0,0.3,0.07,42,84,0.0,0.12244897959183673,44,19,3,0,44,2|6|17|6|7|5,hub_localized,49
star,50,0.01,0.02,0.0,0.2,0.1,3.0,0.3,0.07,43,85,0.0,0.10204081632653061,43,19,1,0,43,2|6|17|6|7|6,hub_localized,49
star,50,0.01,0.02,0.0,0.2,0.1,3.0,0.3,0.07,44,86,0.0,0.12244897959183673,42,19,3,0,42,2|5|17|6|7|7,hub_localized,49
star,50,0.01,0.02,0.0,0.2,0.1,3.0,0.3,0.07,45,87,0.0,0.12244897959183673,41,19,1,0,41,1|5|17|6|7|8,hub_localized,49
star,50,0.01,0.02,0.0,0.2,0.1,3.0,0.3,0.07,46,88,0.0,0.10204081632653061,40,8,4,0,40,5|17|6|7|9,hub_localized,49
star,50,0.01,0.02,0.0,0.2,0.1,3.0,0.3,0.07,47,89,0.0,0.08163265306122448,39,10,3,0,39,5|17|6|7|10,hub_localized,49
star,50,0.01,0.02,0.0,0.2,0.1,3.0,0.3,0.07,48,90,0.0,0.10204081632653061,49,10,1,0,49,4|17|6|7|10,hub_localized,49
star,50,0.01,0.02,0.0,0.2,0.1,3.0,0.3,0.07,49,91,0.0,0.10204081632653061,48,10,1,0,48,3|17|6|7|10|1,hub_localized,49
star,50,0.01,0.02,0.0,0.2,0.1,3.0,0.3,0.072,0,42,0.0,0.20408163265306123,46,12,4,1,46,3|4|5|1|7|2|4|10|3,hub_localized,49
star,50,0.01,0.02,0.0,0.2,0.1,3.0,0.3,0.072,1,43,0.0,0.20408163265306123,45,12,5,1,45,2|4|5|1|7|2|4|10|4,hub_localized,49
star,50,0.01,0.02,0.0,0.2,0.1,3.0,0.3,0.072,2,44,0.0,0.1836734693877551,44,12,4,0,44,2|4|5|1|7|2|4|1|10|5,hub_localized,49
star,50,0.01,0.02,0.0,0.2,0.1,3.0,0.3,0.072,3,45,0.0,0.20408163265306123,43,12,4,1,43,1|4|5|1|7|2|4|10|6,hub_localized,49
star,50,0.01,0.02,0.0,0.2,0.1,3.0,0.3,0.072,4,46,0.0,0.1836734693877551,49,12,4,0,49,4|5|9|2|4|10|6,hub_localized,49
star,50,0.01,0.02,0.0,0.2,0.1,3.0,0.3,0.072,5,47,0.0,0.1836734693877551,48,12,5,0,48,3|5|9|2|4|10|6|1,hub_localized,49
star,50,0.01,0.02,0.0,0.2,0.1,3.0,0.3,0.072,6,48,0.0,0.1836734693877551,47,12,4,0,47,3|5|9|2|4|10|6|2,hub_localized,49
star,50,0.01,0.02,0.0,0.2,0.1,3.0,0.3,0.072,7,49,0.0,0.1836734693877551,46,12,5,0,46,1|5|9|2|4|10|6|3,hub_localized,49
star,50,0.01,0.02,0.0,0.2,0.1,3.0,0.3,0.072,8,50,0.0,0.1836734693877551,45,12,5,0,45,1|5|9|2|4|10|6|4,hub_localized,49
star,50,0.01,0.02,0.0,0.2,0.1,3.0,0.3,0.072,9,51,0.0,0.16326530612244897,44,12,5,0,44,5|9|2|4|10|6|5,hub_localized,49
star,50,0.01,0.02,0.0,0.2,0.1,3.0,0.3,0.072,10,52,0.0,0.16326530612244897,43,12,38,0,43,6|7|2|4|10|6|6,hub_localized,49
star,50,0.01,0.02,0.0,0.2,0.1,3.0,0.3,0.072,11,53,0.0,0.16326530612244897,42,12,5,0,42,3|9|2|4|10|6|7,hub_localized,49
star,50,0.01,0.02,0.0,0.2,0.1,3.0,0.3,0.072,12,54,0.0,0.16326530612244897,41,12,6,0,41,3|9|2|4|10|6|8,hub_localized,49
star,50,0.01,0.02,0.0,0.2,0.1,3.0,0.3,0.072,13,55,0.0,0.1836734693877551,40,12,6,0,40,1|1|7|2|4|10|6|9,hub_localized,49
star,50,0.01,0.02,0.0,0.2,0.1,3.0,0.3,0.072,14,56,0.0,0.16326530612244897,39,12,5,0,39,1|1|7|2|4|1|10|6|10,hub_localized,49
star,50,0.01,0.02,0.0,0.2,0.1,3.0,0.3,0.072,15,57,0.0,0.16326530612244897,38,12,16,0,38,1|7|2|4|10|6|11,hub_localized,49
star,50,0.01,0.02,0.0,0.2,0.1,3.0,0.3,0.072,16,58,0.0,0.16326530612244897,37,12,16,0,37,1|7|2|4|10|6|12,hub_localized,49
star,50,0.01,0.02,0.0,0.2,0.1,3.0,0.3,0.072,17,59,0.0,0.14285714285714285,36,12,47,0,36,7|2|4|10|6|13,hub_localized,49
star,50,0.01,0.02,0.0,0.2,0.1,3.0,0.3,0.072,18,60,0.0,0.14285714285714285,35,12,47,0,35,7|2|4|10|6|14,hub_localized,49
star,50,0.01,0.02,0.0,0.2,0.1,3.0,0.3,0.072,19,61,0.0,0.14285714285714285,34,12,16,0,34,6|2|4|10|6|15,hub_localized,49
star,50,0.01,0.02,0.0,0.2,0.1,3.0,0.3,0.072,20,62,0.0,0.14285714285714285,33,12,47,0,33,5|2|4|10|6|16,hub_localized,49
star,50,0.01,0.02,0.0,0.2,0.1,3.0,0.3,0.072,21,63,0.0,0.14285714285714285,32,12,16,0,32,4|2|4|10|6|17,hub_localized,49
star,50,0.01,0.02,0.0,0.2,0.1,3.0,0.3,0.072,22,64,0.0,0.16326530612244897,49,12,1,0,49,3|2|4|10|6|17,hub_localized,49
star,50,0.01,0.02,0.0,0.2,0.1,3.0,0.3,0.072,23,65,0.0,0.16326530612244897,48,12,3,0,48,2|2|4|10|6|17|1,hub_localized,49
star,50,0.01,0.02,0.0,0.2,0.1,3.0,0.3,0.072,24,66,0.0,0.16326530612244897,47,12,3,0,47,1|2|4|10|6|17|2,hub_localized,49
star,50,0.01,0.02,0.0,0.2,0.1,3.0,0.3,0.072,25,67,0.0,0.14285714285714285,46,12,1,0,46,2|4|10|6|17|3,hub_localized,49
star,50,0.01,0.02,0.0,0.2,0.1,3.0,0.3,0.072,26,68,0.0,0.14285714285714285,45,12,1,0,45,1|4|10|6|17|4,hub_localized,49
star,50,0.01,0.02,0.0,0.2,0.1,3.0,0.3,0.072,27,69,0.0,0.14285714285714285,44,12,1,0,44,1|4|10|6|17|5,hub_localized,49
star,50,0.01,0.02,0.0,0.2,0.1,3.0,0.3,0.072,28,70,0.0,0.12244897959183673,43,12,1,0,43,4|10|6|17|6,hub_localized,49
star,50,0.01,0.02,0.0,0.2,0.1,3.0,0.3,0.072,29,71,0.0,0.14285714285714285,49,12,3,0,49,3|10|6|17|6,hub_localized,49
star,50,0.01,0.02,0.0,0.2,0.1,3.0,0.3,0.072,30,72,0.0,0.14285714285714285,48,12,1,0,48,2|10|6|17|6|1,hub_localized,49
star,50,0.01,0.02,0.0,0.2,0.1,3.0,0.3,0.072,31,73,0.0,0.14285714285714285,47,12,3,0,47,2|10|6|17|6|2,hub_localized,49
star,50,0.01,0.02,0.0,0.2,0.1,3.0,0.3,0.072,32,74,0.0,0.14285714285714285,46,12,1,0,46,10|6|17|6|3,hub_localized,49
star,50,0.01,0.02,0.0,0.2,0.1,3.0,0.3,0.072,33,75,0.0,0.12244897959183673,45,12,1,0,45,10|6|17|6|4,hub_localized,49
star,50,0.01,0.02,0.0,0.2,0.1,3.0,0.3,0.072,34,76,0.0,0.10204081632653061,44,12,1,0,44,10|6|17|6|5,hub_localized,49
star,50,0.01,0.02,0.0,0.2,0.1,3.0,0.3,0.072,35,77,0.0,0.08163265306122448,43,12,1,0,43,10|6|17|6|6,hub_localized,49
star,50,0.01,0.02,0.0,0.2,0.1,3.0,0.3,0.072,36,78,0.0,0.08163265306122448,42,12,1,0,42,9|6|17|6|7,hub_localized,49
star,50,0.01,0.02,0.0,0.2,0.1,3.0,0.3,0.072,37,79,0.0,0.10204081632653061,49,12,1,0,49,9|6|17|6|7,hub_localized,49
star,50,0.01,0.02,0.0,0.2,0.1,3.0,0.3,0.072,38,80,0.0,0.08163265306122448,48,12,75,0,48,8|6|24|7|1,hub_localized,49
star,50,0.01,0.02,0.0,0.2,0.1,3.0,0.3,0.072,39,81,0.0,0.10204081632653061,47,12,1,0,47,6|6|17|6|7|2,hub_localized,49
star,50,0.01,0.02,0.0,0.2,0.1,3.0,0.3,0.072,40,82,0.0,0.10204081632653061,46,12,3,0,46,5|6|17|6|7|3,hub_localized,49
star,50,0.01,0.02,0.0,0.2,0.1,3.0,0.3,0.072,41,83,0.0,0.10204081632653061,45,12,1,0,45,5|6|17|6|7|4,hub_localized,49
star,50,0.01,0.02,0.0,0.2,0.1,3.0,0.3,0.072,42,84,0.0,0.10204081632653061,44,12,3,0,44,3|6|17|6|7|5,hub_localized,49
star,50,0.01,0.02,0.0,0.2,0.1,3.0,0.3,0.072,43,85,0.0,0.10204081632653061,43,12,1,0,43,2|6|17|6|7|6,hub_localized,49
star,50,0.01,0.02,0.0,0.2,0.1,3.0,0.3,0.072,44,86,0.0,0.10204081632653061,42,12,3,0,42,2|6|17|6|7|7,hub_localized,49
star,50,0.01,0.02,0.0,0.2,0.1,3.0,0.3,0.072,45,87,0.0,0.10204081632653061,41,12,1,0,41,1|6|17|6|7|8,hub_localized,49
star,50,0.01,0.02,0.0,0.2,0.1,3.0,0.3,0.072,46,88,0.0,0.08163265306122448,40,7,4,0,40,6|17|6|7|9,hub_localized,49
star,50,0.01,0.02,0.0,0.2,0.1,3.0,0.3,0.072,47,89,0.0,0.08163265306122448,39,7,3,0,39,5|17|6|7|10,hub_localized,49
star,50,0.01,0.02,0.0,0.2,0.1,3.0,0.3,0.072,48,90,0.0,0.10204081632653061,49,8,1,0,49,4|17|6|7|10,hub_localized,49
star,50,0.01,0.02,0.0,0.2,0.1,3.0,0.3,0.072,49,91,0.0,0.10204081632653061,48,8,1,0,48,3|17|6|7|10|1,hub_localized,49
star,50,0.01,0.02,0.0,0.2,0.1,3.0,0.3,0.074,0,42,0.0,0.20408163265306123,46,11,4,1,46,3|4|5|1|7|2|4|10|3,hub_localized,49
star,50,0.01,0.02,0.0,0.2,0.1,3.0,0.3,0.074,1,43,0.0,0.20408163265306123,45,11,5,1,45,2|4|5|1|7|2|4|10|4,hub_localized,49
star,50,0.01,0.02,0.0,0.2,0.1,3.0,0.3,0.074,2,44,0.0,0.1836734693877551,44,12,4,0,44,2|4|5|1|7|2|4|1|10|5,hub_localized,49
star,50,0.01,0.02,0.0,0.2,0.1,3.0,0.3,0.074,3,45,0.0,0.1836734693877551,43,11,4,0,43,1|4|5|9|2|4|10|6,hub_localized,49
star,50,0.01,0.02,0.0,0.2,0.1,3.0,0.3,0.074,4,46,0.0,0.1836734693877551,49,11,5,0,49,4|5|9|2|4|10|6,hub_localized,49
star,50,0.01,0.02,0.0,0.2,0.1,3.0,0.3,0.074,5,47,0.0,0.1836734693877551,48,12,5,0,48,3|5|9|2|4|10|6|1,hub_localized,49
star,50,0.01,0.02,0.0,0.2,0.1,3.0,0.3,0.074,6,48,0.0,0.16326530612244897,47,11,4,0,47,3|5|12|4|10|6|2,hub_localized,49
star,50,0.01,0.02,0.0,0.2,0.1,3.0,0.3,0.074,7,49,0.0,0.1836734693877551,46,11,5,0,46,1|5|9|2|4|10|6|3,hub_localized,49
star,50,0.01,0.02,0.0,0.2,0.1,3.0,0.3,0.074,8,50,0.0,0.16326530612244897,45,11,5,0,45,1|5|12|4|10|6|4,hub_localized,49
star,50,0.01,0.02,0.0,0.2,0.1,3.0,0.3,0.074,9,51,0.0,0.16326530612244897,44,11,5,0,44,5|9|2|4|10|6|5,hub_localized,49
star,50,0.01,0.02,0.0,0.2,0.1,3.0,0.3,0.074,10,52,0.0,0.16326530612244897,43,11,38,0,43,6|7|2|4|10|6|6,hub_localized,49
star,50,0.01,0.02,0.0,0.2,0.1,3.0,0.3,0.074,11,53,0.0,0.16326530612244897,42,11,5,0,42,3|9|2|4|10|6|7,hub_localized,49
star,50,0.01,0.02,0.0,0.2,0.1,3.0,0.3,0.074,12,54,0.0,0.16326530612244897,41,11,6,0,41,3|9|2|4|10|6|8,hub_localized,49
star,50,0.01,0.02,0.0,0.2,0.1,3.0,0.3,0.074,13,55,0.0,0.1836734693877551,40,11,6,0,40,1|1|7|2|4|10|6|9,hub_localized,49
star,50,0.01,0.02,0.0,0.2,0.1,3.0,0.3,0.074,14,56,0.0,0.1836734693877551,39,11,5,0,39,1|1|7|2|4|10|6|10,hub_localized,49
star,50,0.01,0.02,0.0,0.2,0.1,3.0,0.3,0.074,15,57,0.0,0.16326530612244897,38,11,16,0,38,1|7|2|4|10|6|11,hub_localized,49
star,50,0.01,0.02,0.0,0.2,0.1,3.0,0.3,0.074,16,58,0.0,0.16326530612244897,37,11,16,0,37,1|7|2|4|10|6|12,hub_localized,49
star,50,0.01,0.02,0.0,0.2,0.1,3.0,0.3,0.074,17,59,0.0,0.14285714285714285,36,11,47,0,36,7|2|4|10|6|13,hub_localized,49
star,50,0.01,0.02,0.0,0.2,0.1,3.0,0.3,0.074,18,60,0.0,0.12244897959183673,35,11,75,0,35,10|4|10|6|14,hub_localized,49
star,50,0.01,0.02,0.0,0.2,0.1,3.0,0.3,0.074,19,61,0.0,0.14285714285714285,34,11,16,0,34,6|2|4|10|6|15,hub_localized,49
star,50,0.01,0.02,0.0,0.2,0.1,3.0,0.3,0.074,20,62,0.0,0.14285714285714285,33,12,47,0,33,5|2|4|10|6|16,hub_localized,49
star,50,0.01,0.02,0.0,0.2,0.1,3.0,0.3,0.074,21,63,0.0,0.14285714285714285,32,11,47,0,32,4|2|4|10|6|17,hub_localized,49
star,50,0.01,0.02,0.0,0.2,0.1,3.0,0.3,0.074,22,64,0.0,0.16326530612244897,49,11,1,0,49,3|2|4|10|6|17,hub_localized,49
star,50,0.01,0.02,0.0,0.2,0.1,3.0,0.3,0.074,23,65,0.0,0.16326530612244897,48,11,3,0,48,2|2|4|10|6|17|1,hub_localized,49
star,50,0.01,0.02,0.0,0.2,0.1,3.0,0.3,0.074,24,66,0.0,0.16326530612244897,47,11,3,0,47,1|2|4|10|6|17|2,hub_localized,49
star,50,0.01,0.02,0.0,0.2,0.1,3.0,0.3,0.074,25,67,0.0,0.14285714285714285,46,11,1,0,46,2|4|10|6|17|3,hub_localized,49
star,50,0.01,0.02,0.0,0.2,0.1,3.0,0.3,0.074,26,68,0.0,0.14285714285714285,45,11,1,0,45,1|4|10|6|17|4,hub_localized,49
star,50,0.01,0.02,0.0,0.2,0.1,3.0,0.3,0.074,27,69,0.0,0.14285714285714285,44,12,1,0,44,1|4|10|6|17|5,hub_localized,49
star,50,0.01,0.02,0.0,0.2,0.1,3.0,0.3,0.074,28,70,0.0,0.12244897959183673,43,11,1,0,43,4|10|6|17|6,hub_localized,49
star,50,0.01,0.02,0.0,0.2,0.1,3.0,0.3,0.074,29,71,0.0,0.12244897959183673,42,11,3,0,42,3|10|6|17|7,hub_localized,49
star,50,0.01,0.02,0.0,0.2,0.1,3.0,0.3,0.074,30,72,0.0,0.12244897959183673,41,11,1,0,41,2|10|6|17|8,hub_localized,49
star,50,0.01,0.02,0.0,0.2,0.1,3.0,0.3,0.074,31,73,0.0,0.14285714285714285,47,12,3,0,47,2|10|6|17|6|2,hub_localized,49
star,50,0.01,0.02,0.0,0.2,0.1,3.0,0.3,0.074,32,74,0.0,0.14285714285714285,46,12,1,0,46,10|6|17|6|3,hub_localized,49
star,50,0.01,0.02,0.0,0.2,0.1,3.0,0.3,0.074,33,75,0.0,0.10204081632653061,38,11,1,0,38,10|6|17|11,hub_localized,49
star,50,0.01,0.02,0.0,0.2,0.1,3.0,0.3,0.074,34,76,0.0,0.08163265306122448,37,11,1,0,37,10|6|17|12,hub_localized,49
star,50,0.01,0.02,0.0,0.2,0.1,3.0,0.3,0.074,35,77,0.0,0.061224489795918366,36,12,1,0,36,10|6|17|13,hub_localized,49
star,50,0.01,0.02,0.0,0.2,0.1,3.0,0.3,0.074,36,78,0.0,0.08163265306122448,42,12,1,0,42,9|6|17|6|7,hub_localized,49
star,50,0.01,0.02,0.0,0.2,0.1,3.0,0.3,0.074,37,79,0.0,0.08163265306122448,49,11,1,0,49,9|6|17|14,hub_localized,49
star,50,0.01,0.02,0.0,0.2,0.1,3.0,0.3,0.074,38,80,0.0,0.061224489795918366,48,11,75,0,48,8|6|32|1,hub_localized,49
star,50,0.01,0.02,0.0,0.2,0.1,3.0,0.3,0.074,39,81,0.0,0.08163265306122448,47,11,1,0,47,7|6|17|14|2,hub_localized,49
star,50,0.01,0.02,0.0,0.2,0.1,3.0,0.3,0.074,40,82,0.0,0.08163265306122448,46,11,3,0,46,5|6|17|14|3,hub_localized,49
star,50,0.01,0.02,0.0,0.2,0.1,3.0,0.3,0.074,41,83,0.0,0.08163265306122448,45,11,1,0,45,5|6|17|14|4,hub_localized,49
star,50,0.01,0.02,0.0,0.2,0.1,3.0,0.3,0.074,42,84,0.0,0.08163265306122448,44,11,3,0,44,3|6|17|14|5,hub_localized,49
star,50,0.01,0.02,0.0,0.2,0.1,3.0,0.3,0.074,43,85,0.0,0.08163265306122448,43,11,1,0,43,2|6|17|14|6,hub_localized,49
star,50,0.01,0.02,0.0,0.2,0.1,3.0,0.3,0.074,44,86,0.0,0.08163265306122448,42,11,3,0,42,2|6|17|14|7,hub_localized,49
star,50,0.01,0.02,0.0,0.2,0.1,3.0,0.3,0.074,45,87,0.0,0.10204081632653061,41,12,1,0,41,1|6|17|6|7|8,hub_localized,49
star,50,0.01,0.02,0.0,0.2,0.1,3.0,0.3,0.074,46,88,0.0,0.08163265306122448,40,7,4,0,40,6|17|6|7|9,hub_localized,49
star,50,0.01,0.02,0.0,0.2,0.1,3.0,0.3,0.074,47,89,0.0,0.061224489795918366,39,7,3,0,39,5|17|14|10,hub_localized,49
star,50,0.01,0.02,0.0,0.2,0.1,3.0,0.3,0.074,48,90,0.0,0.10204081632653061,49,8,1,0,49,4|17|6|7|10,hub_localized,49
star,50,0.01,0.02,0.0,0.2,0.1,3.0,0.3,0.074,49,91,0.0,0.08163265306122448,48,8,1,0,48,3|17|14|10|1,hub_localized,49
star,50,0.01,0.02,0.0,0.2,0.1,3.0,0.3,0.076,0,42,0.0,0.16326530612244897,46,11,4,0,46,3|10|1|10|4|10|3,hub_localized,49
star,50,0.01,0.02,0.0,0.2,0.1,3.0,0.3,0.076,1,43,0.0,0.1836734693877551,45,11,5,0,45,2|4|5|1|10|4|10|4,hub_localized,49
star,50,0.01,0.02,0.0,0.2,0.1,3.0,0.3,0.076,2,44,0.0,0.14285714285714285,44,11,4,0,44,2|10|1|10|4|1|10|5,hub_localized,49
star,50,0.01,0.02,0.0,0.2,0.1,3.0,0.3,0.076,3,45,0.0,0.14285714285714285,43,11,4,0,43,1|10|12|4|10|6,hub_localized,49
star,50,0.01,0.02,0.0,0.2,0.1,3.0,0.3,0.076,4,46,0.0,0.16326530612244897,49,11,5,0,49,4|5|12|4|10|6,hub_localized,49
star,50,0.01,0.02,0.0,0.2,0.1,3.0,0.3,0.076,5,47,0.0,0.1836734693877551,48,11,5,0,48,3|5|9|2|4|10|6|1,hub_localized,49
star,50,0.01,0.02,0.0,0.2,0.1,3.0,0.3,0.076,6,48,0.0,0.16326530612244897,47,11,4,0,47,3|5|12|4|10|6|2,hub_localized,49
star,50,0.01,0.02,0.0,0.2,0.1,3.0,0.3,0.076,7,49,0.0,0.16326530612244897,46,11,5,0,46,1|5|12|4|10|6|3,hub_localized,49
star,50,0.01,0.02,0.0,0.2,0.1,3.0,0.3,0.076,8,50,0.0,0.16326530612244897,45,11,5,0,45,1|5|12|4|10|6|4,hub_localized,49
star,50,0.01,0.02,0.0,0.2,0.1,3.0,0.3,0.076,9,51,0.0,0.14285714285714285,44,11,5,0,44,5|12|4|10|6|5,hub_localized,49
star,50,0.01,0.02,0.0,0.2,0.1,3.0,0.3,0.076,10,52,0.0,0.16326530612244897,43,11,38,0,43,6|7|2|4|10|6|6,hub_localized,49
star,50,0.01,0.02,0.0,0.2,0.1,3.0,0.3,0.076,11,53,0.0,0.14285714285714285,42,11,5,0,42,3|12|4|10|6|7,hub_localized,49
star,50,0.01,0.02,0.0,0.2,0.1,3.0,0.3,0.076,12,54,0.0,0.16326530612244897,41,11,6,0,41,3|1|10|4|10|6|8,hub_localized,49
star,50,0.01,0.02,0.0,0.2,0.1,3.0,0.3,0.076,13,55,0.0,0.1836734693877551,40,11,6,0,40,1|1|7|2|4|10|6|9,hub_localized,49
star,50,0.01,0.02,0.0,0.2,0.1,3.0,0.3,0.076,14,56,0.0,0.16326530612244897,39,11,5,0,39,1|1|10|4|10|6|10,hub_localized,49
star,50,0.01,0.02,0.0,0.2,0.1,3.0,0.3,0.076,15,57,0.0,0.14285714285714285,38,11,38,0,38,1|10|4|10|6|11,hub_localized,49
star,50,0.01,0.02,0.0,0.2,0.1,3.0,0.3,0.076,16,58,0.0,0.14285714285714285,37,11,38,0,37,1|10|4|10|6|12,hub_localized,49
star,50,0.01,0.02,0.0,0.2,0.1,3.0,0.3,0.076,17,59,0.0,0.14285714285714285,36,11,47,0,36,7|2|4|10|6|13,hub_localized,49
star,50,0.01,0.02,0.0,0.2,0.1,3.0,0.3,0.076,18,60,0.0,0.12244897959183673,35,11,75,0,35,10|4|10|6|14,hub_localized,49
star,50,0.01,0.02,0.0,0.2,0.1,3.0,0.3,0.076,19,61,0.0,0.12244897959183673,34,11,75,0,34,9|4|10|6|15,hub_localized,49
star,50,0.01,0.02,0.0,0.2,0.1,3.0,0.3,0.076,20,62,0.0,0.12244897959183673,33,11,75,0,33,8|4|10|6|16,hub_localized,49
star,50,0.01,0.02,0.0,0.2,0.1,3.0,0.3,0.076,21,63,0.0,0.12244897959183673,32,11,75,0,32,7|4|10|6|17,hub_localized,49
star,50,0.01,0.02,0.0,0.2,0.1,3.0,0.3,0.076,22,64,0.0,0.14285714285714285,49,11,1,0,49,6|4|10|6|17,hub_localized,49
star,50,0.01,0.02,0.0,0.2,0.1,3.0,0.3,0.076,23,65,0.0,0.14285714285714285,48,11,3,0,48,5|4|10|6|17|1,hub_localized,49
star,50,0.01,0.02,0.0,0.2,0.1,3.0,0.3,0.076,24,66,0.0,0.14285714285714285,47,11,3,0,47,4|4|10|6|17|2,hub_localized,49
star,50,0.01,0.02,0.0,0.2,0.1,3.0,0.3,0.076,25,67,0.0,0.14285714285714285,46,11,1,0,46,2|4|10|6|17|3,hub_localized,49
star,50,0.01,0.02,0.0,0.2,0.1,3.0,0.3,0.076,26,68,0.0,0.14285714285714285,45,11,1,0,45,1|4|10|6|17|4,hub_localized,49
star,50,0.01,0.02,0.0,0.2,0.1,3.0,0.3,0.076,27,69,0.0,0.14285714285714285,44,11,1,0,44,1|4|10|6|17|5,hub_localized,49
star,50,0.01,0.02,0.0,0.2,0.1,3.0,0.3,0.076,28,70,0.0,0.12244897959183673,43,11,1,0,43,4|10|6|17|6,hub_localized,49
star,50,0.01,0.02,0.0,0.2,0.1,3.0,0.3,0.076,29,71,0.0,0.12244897959183673,42,11,3,0,42,3|10|6|17|7,hub_localized,49
star,50,0.01,0.02,0.0,0.2,0.1,3.0,0.3,0.076,30,72,0.0,0.12244897959183673,41,11,1,0,41,2|10|6|17|8,hub_localized,49
star,50,0.01,0.02,0.0,0.2,0.1,3.0,0.3,0.076,31,73,0.0,0.12244897959183673,40,11,3,0,40,2|10|6|17|9,hub_localized,49
star,50,0.01,0.02,0.0,0.2,0.1,3.0,0.3,0.076,32,74,0.0,0.12244897959183673,39,11,1,0,39,10|6|17|10,hub_localized,49
star,50,0.01,0.02,0.0,0.2,0.1,3.0,0.3,0.076,33,75,0.0,0.10204081632653061,38,11,1,0,38,10|6|17|11,hub_localized,49
star,50,0.01,0.02,0.0,0.2,0.1,3.0,0.3,0.076,34,76,0.0,0.08163265306122448,37,11,1,0,37,10|6|17|12,hub_localized,49
star,50,0.01,0.02,0.0,0.2,0.1,3.0,0.3,0.076,35,77,0.0,0.08163265306122448,36,11,1,0,36,10|5|17|13,hub_localized,49
star,50,0.01,0.02,0.0,0.2,0.1,3.0,0.3,0.076,36,78,0.0,0.061224489795918366,35,11,1,0,35,9|6|17|14,hub_localized,49
star,50,0.01,0.02,0.0,0.2,0.1,3.0,0.3,0.076,37,79,0.0,0.08163265306122448,49,11,1,0,49,9|6|17|14,hub_localized,49
star,50,0.01,0.02,0.0,0.2,0.1,3.0,0.3,0.076,38,80,0.0,0.061224489795918366,48,11,75,0,48,8|6|32|1,hub_localized,49
star,50,0.01,0.02,0.0,0.2,0.1,3.0,0.3,0.076,39,81,0.0,0.08163265306122448,47,11,1,0,47,7|6|17|14|2,hub_localized,49
star,50,0.01,0.02,0.0,0.2,0.1,3.0,0.3,0.076,40,82,0.0,0.08163265306122448,46,11,4,0,46,5|6|17|14|3,hub_localized,49
star,50,0.01,0.02,0.0,0.2,0.1,3.0,0.3,0.076,41,83,0.0,0.08163265306122448,45,11,1,0,45,5|6|17|14|4,hub_localized,49
star,50,0.01,0.02,0.0,0.2,0.1,3.0,0.3,0.076,42,84,0.0,0.08163265306122448,44,11,3,0,44,3|6|17|14|5,hub_localized,49
star,50,0.01,0.02,0.0,0.2,0.1,3.0,0.3,0.076,43,85,0.0,0.08163265306122448,43,11,1,0,43,2|6|17|14|6,hub_localized,49
star,50,0.01,0.02,0.0,0.2,0.1,3.0,0.3,0.076,44,86,0.0,0.08163265306122448,42,11,3,0,42,2|6|17|14|7,hub_localized,49
star,50,0.01,0.02,0.0,0.2,0.1,3.0,0.3,0.076,45,87,0.0,0.08163265306122448,41,11,1,0,41,1|6|17|14|8,hub_localized,49
star,50,0.01,0.02,0.0,0.2,0.1,3.0,0.3,0.076,46,88,0.0,0.061224489795918366,40,8,4,0,40,6|17|14|9,hub_localized,49
star,50,0.01,0.02,0.0,0.2,0.1,3.0,0.3,0.076,47,89,0.0,0.061224489795918366,39,8,3,0,39,5|17|14|10,hub_localized,49
star,50,0.01,0.02,0.0,0.2,0.1,3.0,0.3,0.076,48,90,0.0,0.08163265306122448,49,9,1,0,49,4|17|14|10,hub_localized,49
star,50,0.01,0.02,0.0,0.2,0.1,3.0,0.3,0.076,49,91,0.0,0.08163265306122448,48,9,1,0,48,3|17|14|10|1,hub_localized,49
star,50,0.01,0.02,0.0,0.2,0.1,3.0,0.3,0.078,0,42,0.0,0.16326530612244897,46,9,4,0,46,3|10|1|10|4|10|3,hub_localized,49
star,50,0.01,0.02,0.0,0.2,0.1,3.0,0.3,0.078,1,43,0.0,0.1836734693877551,45,9,5,0,45,2|4|5|1|10|4|10|4,hub_localized,49
star,50,0.01,0.02,0.0,0.2,0.1,3.0,0.3,0.078,2,44,0.0,0.14285714285714285,44,9,4,0,44,2|10|1|10|4|1|10|5,hub_localized,49
star,50,0.01,0.02,0.0,0.2,0.1,3.0,0.3,0.078,3,45,0.0,0.14285714285714285,43,9,4,0,43,1|10|12|4|10|6,hub_localized,49
star,50,0.01,0.02,0.0,0.2,0.1,3.0,0.3,0.078,4,46,0.0,0.14285714285714285,49,9,5,0,49,10|12|4|10|6,hub_localized,49
star,50,0.01,0.02,0.0,0.2,0.1,3.0,0.3,0.078,5,47,0.0,0.1836734693877551,48,9,5,0,48,3|5|9|2|4|10|6|1,hub_localized,49
star,50,0.01,0.02,0.0,0.2,0.1,3.0,0.3,0.078,6,48,0.0,0.14285714285714285,47,9,4,0,47,9|12|4|10|6|2,hub_localized,49
star,50,0.01,0.02,0.0,0.2,0.1,3.0,0.3,0.078,7,49,0.0,0.14285714285714285,46,9,5,0,46,7|12|4|10|6|3,hub_localized,49
star,50,0.01,0.02,0.0,0.2,0.1,3.0,0.3,0.078,8,50,0.0,0.16326530612244897,45,9,5,0,45,1|5|12|4|10|6|4,hub_localized,49
star,50,0.01,0.02,0.0,0.2,0.1,3.0,0.3,0.078,9,51,0.0,0.14285714285714285,44,9,5,0,44,5|12|4|10|6|5,hub_localized,49
star,50,0.01,0.02,0.0,0.2,0.1,3.0,0.3,0.078,10,52,0.0,0.14285714285714285,43,9,38,0,43,6|10|4|10|6|6,hub_localized,49
star,50,0.01,0.02,0.0,0.2,0.1,3.0,0.3,0.078,11,53,0.0,0.14285714285714285,42,9,5,0,42,3|12|4|10|6|7,hub_localized,49
star,50,0.01,0.02,0.0,0.2,0.1,3.0,0.3,0.078,12,54,0.0,0.14285714285714285,41,9,38,0,41,5|10|4|10|6|8,hub_localized,49
star,50,0.01,0.02,0.0,0.2,0.1,3.0,0.3,0.078,13,55,0.0,0.16326530612244897,40,9,6,0,40,1|1|10|4|10|6|9,hub_localized,49
star,50,0.01,0.02,0.0,0.2,0.1,3.0,0.3,0.078,14,56,0.0,0.16326530612244897,39,9,5,0,39,1|1|10|4|10|6|10,hub_localized,49
star,50,0.01,0.02,0.0,0.2,0.1,3.0,0.3,0.078,15,57,0.0,0.14285714285714285,38,9,38,0,38,1|10|4|10|6|11,hub_localized,49
star,50,0.01,0.02,0.0,0.2,0.1,3.0,0.3,0.078,16,58,0.0,0.14285714285714285,37,9,38,0,37,1|10|4|10|6|12,hub_localized,49
star,50,0.01,0.02,0.0,0.2,0.1,3.0,0.3,0.078,17,59,0.0,0.14285714285714285,36,9,47,0,36,7|2|4|10|6|13,hub_localized,49
star,50,0.01,0.02,0.0,0.2,0.1,3.0,0.3,0.078,18,60,0.0,0.12244897959183673,35,9,75,0,35,10|4|10|6|14,hub_localized,49
star,50,0.01,0.02,0.0,0.2,0.1,3.0,0.3,0.078,19,61,0.0,0.12244897959183673,34,9,75,0,34,9|4|10|6|15,hub_localized,49
star,50,0.01,0.02,0.0,0.2,0.1,3.0,0.3,0.078,20,62,0.0,0.12244897959183673,33,9,75,0,33,8|4|10|6|16,hub_localized,49
star,50,0.01,0.02,0.0,0.2,0.1,3.0,0.3,0.078,21,63,0.0,0.12244897959183673,32,9,75,0,32,7|4|10|6|17,hub_localized,49
star,50,0.01,0.02,0.0,0.2,0.1,3.0,0.3,0.078,22,64,0.0,0.14285714285714285,49,9,1,0,49,6|4|10|6|17,hub_localized,49
star,50,0.01,0.02,0.0,0.2,0.1,3.0,0.3,0.078,23,65,0.0,0.14285714285714285,48,9,3,0,48,5|4|10|6|17|1,hub_localized,49
star,50,0.01,0.02,0.0,0.2,0.1,3.0,0.3,0.078,24,66,0.0,0.14285714285714285,47,9,3,0,47,4|4|10|6|17|2,hub_localized,49
star,50,0.01,0.02,0.0,0.2,0.1,3.0,0.3,0.078,25,67,0.0,0.14285714285714285,46,9,1,0,46,2|4|10|6|17|3,hub_localized,49
star,50,0.01,0.02,0.0,0.2,0.1,3.0,0.3,0.078,26,68,0.0,0.14285714285714285,45,9,1,0,45,1|4|10|6|17|4,hub_localized,49
star,50,0.01,0.02,0.0,0.2,0.1,3.0,0.3,0.078,27,69,0.0,0.14285714285714285,44,9,1,0,44,1|4|10|6|17|5,hub_localized,49
star,50,0.01,0.02,0.0,0.2,0.1,3.0,0.3,0.078,28,70,0.0,0.12244897959183673,43,9,1,0,43,4|10|6|17|6,hub_localized,49
star,50,0.01,0.02,0.0,0.2,0.1,3.0,0.3,0.078,29,71,0.0,0.12244897959183673,42,9,3,0,42,3|10|6|17|7,hub_localized,49
star,50,0.01,0.02,0.0,0.2,0.1,3.0,0.3,0.078,30,72,0.0,0.12244897959183673,41,9,1,0,41,2|10|6|17|8,hub_localized,49
star,50,0.01,0.02,0.0,0.2,0.1,3.0,0.3,0.078,31,73,0.0,0.12244897959183673,40,9,3,0,40,2|10|6|17|9,hub_localized,49
star,50,0.01,0.02,0.0,0.2,0.1,3.0,0.3,0.078,32,74,0.0,0.12244897959183673,39,9,1,0,39,10|6|17|10,hub_localized,49
star,50,0.01,0.02,0.0,0.2,0.1,3.0,0.3,0.078,33,75,0.0,0.10204081632653061,38,9,1,0,38,10|6|17|11,hub_localized,49
star,50,0.01,0.02,0.0,0.2,0.1,3.0,0.3,0.078,34,76,0.0,0.08163265306122448,37,9,1,0,37,10|6|17|12,hub_localized,49
star,50,0.01,0.02,0.0,0.2,0.1,3.0,0.3,0.078,35,77,0.0,0.08163265306122448,36,9,1,0,36,10|5|17|13,hub_localized,49
star,50,0.01,0.02,0.0,0.2,0.1,3.0,0.3,0.078,36,78,0.0,0.061224489795918366,35,9,1,0,35,9|6|17|14,hub_localized,49
star,50,0.01,0.02,0.0,0.2,0.1,3.0,0.3,0.078,37,79,0.0,0.08163265306122448,49,9,1,0,49,9|6|17|14,hub_localized,49
star,50,0.01,0.02,0.0,0.2,0.1,3.0,0.3,0.078,38,80,0.0,0.061224489795918366,48,9,75,0,48,8|6|32|1,hub_localized,49
star,50,0.01,0.02,0.0,0.2,0.1,3.0,0.3,0.078,39,81,0.0,0.08163265306122448,47,9,1,0,47,7|6|17|14|2,hub_localized,49
star,50,0.01,0.02,0.0,0.2,0.1,3.0,0.3,0.078,40,82,0.0,0.08163265306122448,46,9,4,0,46,5|6|17|14|3,hub_localized,49
star,50,0.01,0.02,0.0,0.2,0.1,3.0,0.3,0.078,41,83,0.0,0.08163265306122448,45,9,1,0,45,5|6|17|14|4,hub_localized,49
star,50,0.01,0.02,0.0,0.2,0.1,3.0,0.3,0.078,42,84,0.0,0.08163265306122448,44,9,3,0,44,3|6|17|14|5,hub_localized,49
star,50,0.01,0.02,0.0,0.2,0.1,3.0,0.3,0.078,43,85,0.0,0.08163265306122448,43,9,1,0,43,2|6|17|14|6,hub_localized,49
star,50,0.01,0.02,0.0,0.2,0.1,3.0,0.3,0.078,44,86,0.0,0.08163265306122448,42,9,3,0,42,2|6|17|14|7,hub_localized,49
star,50,0.01,0.02,0.0,0.2,0.1,3.0,0.3,0.078,45,87,0.0,0.08163265306122448,41,9,1,0,41,1|6|17|14|8,hub_localized,49
star,50,0.01,0.02,0.0,0.2,0.1,3.0,0.3,0.078,46,88,0.0,0.061224489795918366,40,8,4,0,40,6|17|14|9,hub_localized,49
star,50,0.01,0.02,0.0,0.2,0.1,3.0,0.3,0.078,47,89,0.0,0.061224489795918366,39,8,3,0,39,5|17|14|10,hub_localized,49
star,50,0.01,0.02,0.0,0.2,0.1,3.0,0.3,0.078,48,90,0.0,0.08163265306122448,49,8,1,0,49,4|17|14|10,hub_localized,49
star,50,0.01,0.02,0.0,0.2,0.1,3.0,0.3,0.078,49,91,0.0,0.08163265306122448,48,8,1,0,48,3|17|14|10|1,hub_localized,49
star,50,0.01,0.02,0.0,0.2,0.1,3.0,0.3,0.08,0,42,0.0,0.16326530612244897,46,9,4,0,46,3|4|5|12|4|10|3,hub_localized,49
star,50,0.01,0.02,0.0,0.2,0.1,3.0,0.3,0.08,1,43,0.0,0.1836734693877551,46,9,5,0,46,2|4|5|12|4|10|3,hub_localized,49
star,50,0.01,0.02,0.0,0.2,0.1,3.0,0.3,0.08,2,44,0.0,0.12244897959183673,44,9,4,0,44,2|10|12|4|1|10|5,hub_localized,49
star,50,0.01,0.02,0.0,0.2,0.1,3.0,0.3,0.08,3,45,0.0,0.14285714285714285,43,9,4,0,43,1|10|12|4|10|6,hub_localized,49
star,50,0.01,0.02,0.0,0.2,0.1,3.0,0.3,0.08,4,46,0.0,0.16326530612244897,49,9,5,0,49,4|5|12|4|10|6,hub_localized,49
star,50,0.01,0.02,0.0,0.2,0.1,3.0,0.3,0.08,5,47,0.0,0.14285714285714285,48,9,5,0,48,9|12|4|10|6|1,hub_localized,49
star,50,0.01,0.02,0.0,0.2,0.1,3.0,0.3,0.08,6,48,0.0,0.14285714285714285,47,9,4,0,47,9|12|4|10|6|2,hub_localized,49
star,50,0.01,0.02,0.0,0.2,0.1,3.0,0.3,0.08,7,49,0.0,0.16326530612244897,46,9,5,0,46,1|5|12|4|10|6|3,hub_localized,49
star,50,0.01,0.02,0.0,0.2,0.1,3.0,0.3,0.08,8,50,0.0,0.16326530612244897,45,9,5,0,45,1|5|12|4|10|6|4,hub_localized,49
star,50,0.01,0.02,0.0,0.2,0.1,3.0,0.3,0.08,9,51,0.0,0.14285714285714285,44,9,5,0,44,5|12|4|10|6|5,hub_localized,49
star,50,0.01,0.02,0.0,0.2,0.1,3.0,0.3,0.08,10,52,0.0,0.12244897959183673,43,9,75,0,43,17|4|10|6|6,hub_localized,49
star,50,0.01,0.02,0.0,0.2,0.1,3.0,0.3,0.08,11,53,0.0,0.14285714285714285,42,9,5,0,42,3|12|4|10|6|7,hub_localized,49
star,50,0.01,0.02,0.0,0.2,0.1,3.0,0.3,0.08,12,54,0.0,0.12244897959183673,41,9,75,0,41,16|4|10|6|8,hub_localized,49
star,50,0.01,0.02,0.0,0.2,0.1,3.0,0.3,0.08,13,55,0.0,0.14285714285714285,40,9,6,0,40,1|12|4|10|6|9,hub_localized,49
star,50,0.01,0.02,0.0,0.2,0.1,3.0,0.3,0.08,14,56,0.0,0.14285714285714285,39,9,5,0,39,1|12|4|10|6|10,hub_localized,49
star,50,0.01,0.02,0.0,0.2,0.1,3.0,0.3,0.08,15,57,0.0,0.14285714285714285,38,9,75,0,38,12|4|10|5|11,hub_localized,49
star,50,0.01,0.02,0.0,0.2,0.1,3.0,0.3,0.08,16,58,0.0,0.12244897959183673,37,9,75,0,37,12|4|10|6|12,hub_localized,49
star,50,0.01,0.02,0.0,0.2,0.1,3.0,0.3,0.08,17,59,0.0,0.12244897959183673,36,9,75,0,36,10|4|10|6|13,hub_localized,49
star,50,0.01,0.02,0.0,0.2,0.1,3.0,0.3,0.08,18,60,0.0,0.14285714285714285,35,9,75,0,35,10|4|10|5|14,hub_localized,49
star,50,0.01,0.02,0.0,0.2,0.1,3.0,0.3,0.08,19,61,0.0,0.12244897959183673,34,9,75,0,34,9|4|10|6|15,hub_localized,49
star,50,0.01,0.02,0.0,0.2,0.1,3.0,0.3,0.08,20,62,0.0,0.12244897959183673,33,9,75,0,33,8|4|10|6|16,hub_localized,49
star,50,0.01,0.02,0.0,0.2,0.1,3.0,0.3,0.08,21,63,0.0,0.12244897959183673,32,9,75,0,32,7|4|10|6|17,hub_localized,49
star,50,0.01,0.02,0.0,0.2,0.1,3.0,0.3,0.08,22,64,0.0,0.14285714285714285,49,9,1,0,49,6|4|10|6|17,hub_localized,49
star,50,0.01,0.02,0.0,0.2,0.1,3.0,0.3,0.08,23,65,0.0,0.14285714285714285,48,9,3,0,48,5|4|10|6|17|1,hub_localized,49
star,50,0.01,0.02,0.0,0.2,0.1,3.0,0.3,0.08,24,66,0.0,0.14285714285714285,47,9,3,0,47,4|4|10|6|17|2,hub_localized,49
star,50,0.01,0.02,0.0,0.2,0.1,3.0,0.3,0.08,25,67,0.0,0.14285714285714285,46,9,1,0,46,2|4|10|6|17|3,hub_localized,49
star,50,0.01,0.02,0.0,0.2,0.1,3.0,0.3,0.08,26,68,0.0,0.14285714285714285,45,9,1,0,45,1|4|10|6|17|4,hub_localized,49
star,50,0.01,0.02,0.0,0.2,0.1,3.0,0.3,0.08,27,69,0.0,0.14285714285714285,44,9,1,0,44,1|4|10|6|17|5,hub_localized,49
star,50,0.01,0.02,0.0,0.2,0.1,3.0,0.3,0.08,28,70,0.0,0.12244897959183673,43,9,1,0,43,4|10|6|17|6,hub_localized,49
star,50,0.01,0.02,0.0,0.2,0.1,3.0,0.3,0.08,29,71,0.0,0.12244897959183673,42,9,3,0,42,3|10|6|17|7,hub_localized,49
star,50,0.01,0.02,0.0,0.2,0.1,3.0,0.3,0.08,30,72,0.0,0.12244897959183673,41,9,1,0,41,2|10|6|17|8,hub_localized,49
star,50,0.01,0.02,0.0,0.2,0.1,3.0,0.3,0.08,31,73,0.0,0.12244897959183673,40,9,3,0,40,2|10|6|17|9,hub_localized,49
star,50,0.01,0.02,0.0,0.2,0.1,3.0,0.3,0.08,32,74,0.0,0.12244897959183673,39,9,1,0,39,10|6|17|10,hub_localized,49
star,50,0.01,0.02,0.0,0.2,0.1,3.0,0.3,0.08,33,75,0.0,0.10204081632653061,38,9,1,0,38,10|6|17|11,hub_localized,49
star,50,0.01,0.02,0.0,0.2,0.1,3.0,0.3,0.08,34,76,0.0,0.08163265306122448,37,9,1,0,37,10|6|17|12,hub_localized,49
star,50,0.01,0.02,0.0,0.2,0.1,3.0,0.3,0.08,35,77,0.0,0.08163265306122448,36,9,1,0,36,10|5|17|13,hub_localized,49
star,50,0.01,0.02,0.0,0.2,0.1,3.0,0.3,0.08,36,78,0.0,0.061224489795918366,35,9,1,0,35,9|6|17|14,hub_localized,49
star,50,0.01,0.02,0.0,0.2,0.1,3.0,0.3,0.08,37,79,0.0,0.08163265306122448,49,9,1,0,49,9|6|17|14,hub_localized,49
star,50,0.01,0.02,0.0,0.2,0.1,3.0,0.3,0.08,38,80,0.0,0.061224489795918366,48,9,75,0,48,8|6|32|1,hub_localized,49
star,50,0.01,0.02,0.0,0.2,0.1,3.0,0.3,0.08,39,81,0.0,0.08163265306122448,47,9,1,0,47,7|6|17|14|2,hub_localized,49
star,50,0.01,0.02,0.0,0.2,0.1,3.0,0.3,0.08,40,82,0.0,0.08163265306122448,46,9,4,0,46,5|6|17|14|3,hub_localized,49
star,50,0.01,0.02,0.0,0.2,0.1,3.0,0.3,0.08,41,83,0.0,0.08163265306122448,45,9,1,0,45,5|6|17|14|4,hub_localized,49
star,50,0.01,0.02,0.0,0.2,0.1,3.0,0.3,0.08,42,84,0.0,0.08163265306122448,44,9,3,0,44,3|6|17|14|5,hub_localized,49
star,50,0.01,0.02,0.0,0.2,0.1,3.0,0.3,0.08,43,85,0.0,0.08163265306122448,43,9,1,0,43,2|6|17|14|6,hub_localized,49
star,50,0.01,0.02,0.0,0.2,0.1,3.0,0.3,0.08,44,86,0.0,0.08163265306122448,42,9,3,0,42,2|6|17|14|7,hub_localized,49
star,50,0.01,0.02,0.0,0.2,0.1,3.0,0.3,0.08,45,87,0.0,0.08163265306122448,41,9,1,0,41,1|6|17|14|8,hub_localized,49
star,50,0.01,0.02,0.0,0.2,0.1,3.0,0.3,0.08,46,88,0.0,0.061224489795918366,40,8,4,0,40,6|17|14|9,hub_localized,49
star,50,0.01,0.02,0.0,0.2,0.1,3.0,0.3,0.08,47,89,0.0,0.061224489795918366,39,8,3,0,39,5|17|14|10,hub_localized,49
star,50,0.01,0.02,0.0,0.2,0.1,3.0,0.3,0.08,48,90,0.0,0.08163265306122448,49,8,1,0,49,4|17|14|10,hub_localized,49
star,50,0.01,0.02,0.0,0.2,0.1,3.0,0.3,0.08,49,91,0.0,0.08163265306122448,48,8,1,0,48,3|17|14|10|1,hub_localized,49
star,50,0.01,0.02,0.0,0.2,0.1,3.0,0.3,0.082,0,42,0.0,0.14285714285714285,46,9,4,0,46,3|4|5|12|4|1|10|3,hub_localized,49
star,50,0.01,0.02,0.0,0.2,0.1,3.0,0.3,0.082,1,43,0.0,0.16326530612244897,46,9,5,0,46,2|4|5|12|4|1|10|3,hub_localized,49
star,50,0.01,0.02,0.0,0.2,0.1,3.0,0.3,0.082,2,44,0.0,0.14285714285714285,44,9,4,0,44,2|4|5|12|4|1|10|5,hub_localized,49
star,50,0.01,0.02,0.0,0.2,0.1,3.0,0.3,0.082,3,45,0.0,0.1836734693877551,44,9,4,0,44,1|4|5|12|4|10|5,hub_localized,49
star,50,0.01,0.02,0.0,0.2,0.1,3.0,0.3,0.082,4,46,0.0,0.16326530612244897,49,9,5,0,49,4|5|12|4|1|10|5,hub_localized,49
star,50,0.01,0.02,0.0,0.2,0.1,3.0,0.3,0.082,5,47,0.0,0.16326530612244897,48,9,5,0,48,3|5|12|4|10|6|1,hub_localized,49
star,50,0.01,0.02,0.0,0.2,0.1,3.0,0.3,0.082,6,48,0.0,0.16326530612244897,47,9,4,0,47,3|5|12|4|1|10|5|2,hub_localized,49
star,50,0.01,0.02,0.0,0.2,0.1,3.0,0.3,0.082,7,49,0.0,0.1836734693877551,46,9,5,0,46,1|5|12|4|10|5|3,hub_localized,49
star,50,0.01,0.02,0.0,0.2,0.1,3.0,0.3,0.082,8,50,0.0,0.16326530612244897,45,9,5,0,45,1|5|12|4|1|10|5|4,hub_localized,49
star,50,0.01,0.02,0.0,0.2,0.1,3.0,0.3,0.082,9,51,0.0,0.14285714285714285,44,9,6,0,44,5|12|4|1|10|5|5,hub_localized,49
star,50,0.01,0.02,0.0,0.2,0.1,3.0,0.3,0.082,10,52,0.0,0.12244897959183673,43,9,75,0,43,17|4|1|10|5|6,hub_localized,49
star,50,0.01,0.02,0.0,0.2,0.1,3.0,0.3,0.082,11,53,0.0,0.14285714285714285,42,9,5,0,42,3|12|4|1|10|5|7,hub_localized,49
star,50,0.01,0.02,0.0,0.2,0.1,3.0,0.3,0.082,12,54,0.0,0.10204081632653061,41,9,75,0,41,16|4|1|10|6|8,hub_localized,49
star,50,0.01,0.02,0.0,0.2,0.1,3.0,0.3,0.082,13,55,0.0,0.12244897959183673,40,9,75,0,40,14|4|1|10|5|9,hub_localized,49
star,50,0.01,0.02,0.0,0.2,0.1,3.0,0.3,0.082,14,56,0.0,0.14285714285714285,39,9,5,0,39,1|12|4|1|10|5|10,hub_localized,49
star,50,0.01,0.02,0.0,0.2,0.1,3.0,0.3,0.082,15,57,0.0,0.10204081632653061,38,9,75,0,38,12|4|1|10|6|11,hub_localized,49
star,50,0.01,0.02,0.0,0.2,0.1,3.0,0.3,0.082,16,58,0.0,0.12244897959183673,37,9,75,0,37,12|4|1|10|5|12,hub_localized,49
star,50,0.01,0.02,0.0,0.2,0.1,3.0,0.3,0.082,17,59,0.0,0.14285714285714285,36,9,75,0,36,10|4|10|5|13,hub_localized,49
star,50,0.01,0.02,0.0,0.2,0.1,3.0,0.3,0.082,18,60,0.0,0.12244897959183673,35,9,75,0,35,10|4|1|10|5|14,hub_localized,49
star,50,0.01,0.02,0.0,0.2,0.1,3.0,0.3,0.082,19,61,0.0,0.16326530612244897,34,9,48,0,34,6|2|4|10|5|15,hub_localized,49
star,50,0.01,0.02,0.0,0.2,0.1,3.0,0.3,0.082,20,62,0.0,0.14285714285714285,33,9,75,0,33,8|4|10|5|16,hub_localized,49
star,50,0.01,0.02,0.0,0.2,0.1,3.0,0.3,0.082,21,63,0.0,0.10204081632653061,32,9,75,0,32,7|4|1|10|6|17,hub_localized,49
star,50,0.01,0.02,0.0,0.2,0.1,3.0,0.3,0.082,22,64,0.0,0.14285714285714285,49,9,1,0,49,6|4|1|10|5|17,hub_localized,49
star,50,0.01,0.02,0.0,0.2,0.1,3.0,0.3,0.082,23,65,0.0,0.16326530612244897,48,9,3,0,48,2|2|4|1|10|5|17|1,hub_localized,49
star,50,0.01,0.02,0.0,0.2,0.1,3.0,0.3,0.082,24,66,0.0,0.14285714285714285,47,9,3,0,47,4|4|10|6|17|2,hub_localized,49
star,50,0.01,0.02,0.0,0.2,0.1,3.0,0.3,0.082,25,67,0.0,0.14285714285714285,46,9,1,0,46,2|4|1|10|5|17|3,hub_localized,49
star,50,0.01,0.02,0.0,0.2,0.1,3.0,0.3,0.082,26,68,0.0,0.14285714285714285,45,9,1,0,45,1|4|10|6|17|4,hub_localized,49
star,50,0.01,0.02,0.0,0.2,0.1,3.0,0.3,0.082,27,69,0.0,0.14285714285714285,44,9,1,0,44,1|4|1|10|5|17|5,hub_localized,49
star,50,0.01,0.02,0.0,0.2,0.1,3.0,0.3,0.082,28,70,0.0,0.14285714285714285,43,9,1,0,43,4|10|5|17|6,hub_localized,49
star,50,0.01,0.02,0.0,0.2,0.1,3.0,0.3,0.082,29,71,0.0,0.12244897959183673,42,9,3,0,42,3|1|10|5|17|7,hub_localized,49
star,50,0.01,0.02,0.0,0.2,0.1,3.0,0.3,0.082,30,72,0.0,0.12244897959183673,41,9,1,0,41,2|1|10|5|17|8,hub_localized,49
star,50,0.01,0.02,0.0,0.2,0.1,3.0,0.3,0.082,31,73,0.0,0.14285714285714285,40,9,3,0,40,2|10|5|17|9,hub_localized,49
star,50,0.01,0.02,0.0,0.2,0.1,3.0,0.3,0.082,32,74,0.0,0.12244897959183673,39,9,1,0,39,1|10|5|17|10,hub_localized,49
star,50,0.01,0.02,0.0,0.2,0.1,3.0,0.3,0.082,33,75,0.0,0.08163265306122448,38,9,1,0,38,1|10|6|17|11,hub_localized,49
star,50,0.01,0.02,0.0,0.2,0.1,3.0,0.3,0.082,34,76,0.0,0.10204081632653061,37,9,1,0,37,10|5|17|12,hub_localized,49
star,50,0.01,0.02,0.0,0.2,0.1,3.0,0.3,0.082,35,77,0.0,0.10204081632653061,36,9,1,0,36,8|1|5|17|13,hub_localized,49
star,50,0.01,0.02,0.0,0.2,0.1,3.0,0.3,0.082,36,78,0.0,0.08163265306122448,35,9,1,0,35,9|5|17|14,hub_localized,49
star,50,0.01,0.02,0.0,0.2,0.1,3.0,0.3,0.082,37,79,0.0,0.10204081632653061,49,9,1,0,49,9|5|17|14,hub_localized,49
star,50,0.01,0.02,0.0,0.2,0.1,3.0,0.3,0.082,38,80,0.0,0.08163265306122448,48,9,75,0,48,8|5|32|1,hub_localized,49
star,50,0.01,0.02,0.0,0.2,0.1,3.0,0.3,0.082,39,81,0.0,0.10204081632653061,47,9,1,0,47,7|5|17|14|2,hub_localized,49
star,50,0.01,0.02,0.0,0.2,0.1,3.0,0.3,0.082,40,82,0.0,0.10204081632653061,46,9,4,0,46,5|5|17|14|3,hub_localized,49
star,50,0.01,0.02,0.0,0.2,0.1,3.0,0.3,0.082,41,83,0.0,0.10204081632653061,45,9,1,0,45,5|5|17|14|4,hub_localized,49
star,50,0.01,0.02,0.0,0.2,0.1,3.0,0.3,0.082,42,84,0.0,0.10204081632653061,44,11,3,0,44,3|5|17|14|5,hub_localized,49
star,50,0.01,0.02,0.0,0.2,0.1,3.0,0.3,0.082,43,85,0.0,0.10204081632653061,43,9,1,0,43,2|5|17|14|6,hub_localized,49
star,50,0.01,0.02,0.0,0.2,0.1,3.0,0.3,0.082,44,86,0.0,0.08163265306122448,42,9,3,0,42,2|6|17|14|7,hub_localized,49
star,50,0.01,0.02,0.0,0.2,0.1,3.0,0.3,0.082,45,87,0.0,0.10204081632653061,41,9,1,0,41,1|5|17|14|8,hub_localized,49
star,50,0.01,0.02,0.0,0.2,0.1,3.0,0.3,0.082,46,88,0.0,0.08163265306122448,40,6,4,0,40,5|17|14|9,hub_localized,49
star,50,0.01,0.02,0.0,0.2,0.1,3.0,0.3,0.082,47,89,0.0,0.061224489795918366,39,8,3,0,39,5|17|14|10,hub_localized,49
star,50,0.01,0.02,0.0,0.2,0.1,3.0,0.3,0.082,48,90,0.0,0.08163265306122448,49,8,1,0,49,4|17|14|10,hub_localized,49
star,50,0.01,0.02,0.0,0.2,0.1,3.0,0.3,0.082,49,91,0.0,0.08163265306122448,48,8,1,0,48,3|17|14|10|1,hub_localized,49
star,50,0.01,0.02,0.0,0.2,0.1,3.0,0.3,0.084,0,42,0.0,0.14285714285714285,46,11,4,0,46,3|4|5|12|4|1|10|3,hub_localized,49
star,50,0.01,0.02,0.0,0.2,0.1,3.0,0.3,0.084,1,43,0.0,0.16326530612244897,46,8,5,0,46,2|4|5|12|4|1|10|3,hub_localized,49
star,50,0.01,0.02,0.0,0.2,0.1,3.0,0.3,0.084,2,44,0.0,0.14285714285714285,44,11,5,0,44,2|4|5|12|4|1|10|5,hub_localized,49
star,50,0.01,0.02,0.0,0.2,0.1,3.0,0.3,0.084,3,45,0.0,0.16326530612244897,44,11,4,0,44,1|4|5|12|4|1|10|5,hub_localized,49
star,50,0.01,0.02,0.0,0.2,0.1,3.0,0.3,0.084,4,46,0.0,0.16326530612244897,49,11,5,0,49,4|5|12|4|1|10|5,hub_localized,49
star,50,0.01,0.02,0.0,0.2,0.1,3.0,0.3,0.084,5,47,0.0,0.14285714285714285,48,11,5,0,48,3|5|12|4|1|10|6|1,hub_localized,49
star,50,0.01,0.02,0.0,0.2,0.1,3.0,0.3,0.084,6,48,0.0,0.16326530612244897,47,11,4,0,47,3|5|12|4|1|10|5|2,hub_localized,49
star,50,0.01,0.02,0.0,0.2,0.1,3.0,0.3,0.084,7,49,0.0,0.16326530612244897,46,11,5,0,46,1|5|12|4|1|10|5|3,hub_localized,49
star,50,0.01,0.02,0.0,0.2,0.1,3.0,0.3,0.084,8,50,0.0,0.16326530612244897,45,11,5,0,45,1|5|12|4|1|10|5|4,hub_localized,49
star,50,0.01,0.02,0.0,0.2,0.1,3.0,0.3,0.084,9,51,0.0,0.12244897959183673,44,11,6,0,44,5|12|4|1|10|6|5,hub_localized,49
star,50,0.01,0.02,0.0,0.2,0.1,3.0,0.3,0.084,10,52,0.0,0.12244897959183673,43,11,76,0,43,17|4|1|10|5|6,hub_localized,49
star,50,0.01,0.02,0.0,0.2,0.1,3.0,0.3,0.084,11,53,0.0,0.14285714285714285,42,11,5,0,42,3|12|4|1|10|5|7,hub_localized,49
star,50,0.01,0.02,0.0,0.2,0.1,3.0,0.3,0.084,12,54,0.0,0.10204081632653061,41,11,76,0,41,16|4|1|10|6|8,hub_localized,49
star,50,0.01,0.02,0.0,0.2,0.1,3.0,0.3,0.084,13,55,0.0,0.14285714285714285,40,11,48,0,40,11|2|4|1|10|5|9,hub_localized,49
star,50,0.01,0.02,0.0,0.2,0.1,3.0,0.3,0.084,14,56,0.0,0.14285714285714285,39,11,5,0,39,1|12|4|1|10|5|10,hub_localized,49
star,50,0.01,0.02,0.0,0.2,0.1,3.0,0.3,0.084,15,57,0.0,0.14285714285714285,38,11,48,0,38,9|2|4|1|8|1|6|11,hub_localized,49
star,50,0.01,0.02,0.0,0.2,0.1,3.0,0.3,0.084,16,58,0.0,0.12244897959183673,37,11,76,0,37,12|4|1|10|5|12,hub_localized,49
star,50,0.01,0.02,0.0,0.2,0.1,3.0,0.3,0.084,17,59,0.0,0.12244897959183673,36,9,75,0,36,10|4|1|10|5|13,hub_localized,49
star,50,0.01,0.02,0.0,0.2,0.1,3.0,0.3,0.084,18,60,0.0,0.12244897959183673,35,11,76,0,35,10|4|1|10|5|14,hub_localized,49
star,50,0.01,0.02,0.0,0.2,0.1,3.0,0.3,0.084,19,61,0.0,0.12244897959183673,34,11,102,0,34,9|4|1|10|5|15,hub_localized,49
star,50,0.01,0.02,0.0,0.2,0.1,3.0,0.3,0.084,20,62,0.0,0.12244897959183673,33,11,76,0,33,8|4|1|10|5|16,hub_localized,49
star,50,0.01,0.02,0.0,0.2,0.1,3.0,0.3,0.084,21,63,0.0,0.12244897959183673,32,11,76,0,32,7|4|1|10|5|17,hub_localized,49
star,50,0.01,0.02,0.0,0.2,0.1,3.0,0.3,0.084,22,64,0.0,0.12244897959183673,49,11,1,0,49,6|4|1|10|6|17,hub_localized,49
star,50,0.01,0.02,0.0,0.2,0.1,3.0,0.3,0.084,23,65,0.0,0.14285714285714285,48,11,3,0,48,5|4|1|10|5|17|1,hub_localized,49
star,50,0.01,0.02,0.0,0.2,0.1,3.0,0.3,0.084,24,66,0.0,0.14285714285714285,47,11,4,0,47,4|4|1|10|5|17|2,hub_localized,49
star,50,0.01,0.02,0.0,0.2,0.1,3.0,0.3,0.084,25,67,0.0,0.14285714285714285,46,11,1,0,46,2|4|1|10|5|17|3,hub_localized,49
star,50,0.01,0.02,0.0,0.2,0.1,3.0,0.3,0.084,26,68,0.0,0.12244897959183673,45,9,1,0,45,1|4|1|10|6|17|4,hub_localized,49
star,50,0.01,0.02,0.0,0.2,0.1,3.0,0.3,0.084,27,69,0.0,0.14285714285714285,44,11,1,0,44,1|4|1|10|5|17|5,hub_localized,49
star,50,0.01,0.02,0.0,0.2,0.1,3.0,0.3,0.084,28,70,0.0,0.12244897959183673,43,11,1,0,43,4|1|10|5|17|6,hub_localized,49
star,50,0.01,0.02,0.0,0.2,0.1,3.0,0.3,0.084,29,71,0.0,0.12244897959183673,42,11,4,0,42,3|1|10|5|17|7,hub_localized,49
star,50,0.01,0.02,0.0,0.2,0.1,3.0,0.3,0.084,30,72,0.0,0.12244897959183673,41,11,1,0,41,2|1|10|5|17|8,hub_localized,49
star,50,0.01,0.02,0.0,0.2,0.1,3.0,0.3,0.084,31,73,0.0,0.12244897959183673,40,11,3,0,40,2|1|10|5|17|9,hub_localized,49
star,50,0.01,0.02,0.0,0.2,0.1,3.0,0.3,0.084,32,74,0.0,0.12244897959183673,39,11,1,0,39,1|10|5|17|10,hub_localized,49
star,50,0.01,0.02,0.0,0.2,0.1,3.0,0.3,0.084,33,75,0.0,0.10204081632653061,38,11,1,0,38,1|10|5|17|11,hub_localized,49
star,50,0.01,0.02,0.0,0.2,0.1,3.0,0.3,0.084,34,76,0.0,0.10204081632653061,37,11,1,0,37,1|10|5|17|12,hub_localized,49
star,50,0.01,0.02,0.0,0.2,0.1,3.0,0.3,0.084,35,77,0.0,0.08163265306122448,36,8,1,0,36,10|5|17|13,hub_localized,49
star,50,0.01,0.02,0.0,0.2,0.1,3.0,0.3,0.084,36,78,0.0,0.08163265306122448,35,11,1,0,35,9|5|17|14,hub_localized,49
star,50,0.01,0.02,0.0,0.2,0.1,3.0,0.3,0.084,37,79,0.0,0.10204081632653061,49,11,1,0,49,9|5|17|14,hub_localized,49
star,50,0.01,0.02,0.0,0.2,0.1,3.0,0.3,0.084,38,80,0.0,0.08163265306122448,48,11,76,0,48,8|5|32|1,hub_localized,49
star,50,0.01,0.02,0.0,0.2,0.1,3.0,0.3,0.084,39,81,0.0,0.08163265306122448,47,11,1,0,47,7|6|17|14|2,hub_localized,49
star,50,0.01,0.02,0.0,0.2,0.1,3.0,0.3,0.084,40,82,0.0,0.10204081632653061,46,11,4,0,46,5|5|17|14|3,hub_localized,49
star,50,0.01,0.02,0.0,0.2,0.1,3.0,0.3,0.084,41,83,0.0,0.10204081632653061,45,9,1,0,45,5|5|17|14|4,hub_localized,49
star,50,0.01,0.02,0.0,0.2,0.1,3.0,0.3,0.084,42,84,0.0,0.10204081632653061,44,11,3,0,44,3|5|17|14|5,hub_localized,49
star,50,0.01,0.02,0.0,0.2,0.1,3.0,0.3,0.084,43,85,0.0,0.10204081632653061,43,11,1,0,43,2|5|17|14|6,hub_localized,49
star,50,0.01,0.02,0.0,0.2,0.1,3.0,0.3,0.084,44,86,0.0,0.08163265306122448,42,11,3,0,42,2|6|17|14|7,hub_localized,49
star,50,0.01,0.02,0.0,0.2,0.1,3.0,0.3,0.084,45,87,0.0,0.10204081632653061,41,11,1,0,41,1|5|17|14|8,hub_localized,49
star,50,0.01,0.02,0.0,0.2,0.1,3.0,0.3,0.084,46,88,0.0,0.08163265306122448,40,5,4,0,40,5|17|14|9,hub_localized,49
star,50,0.01,0.02,0.0,0.2,0.1,3.0,0.3,0.084,47,89,0.0,0.061224489795918366,39,8,3,0,39,5|17|14|10,hub_localized,49
star,50,0.01,0.02,0.0,0.2,0.1,3.0,0.3,0.084,48,90,0.0,0.08163265306122448,49,8,1,0,49,4|17|14|10,hub_localized,49
star,50,0.01,0.02,0.0,0.2,0.1,3.0,0.3,0.084,49,91,0.0,0.08163265306122448,48,8,1,0,48,3|17|14|10|1,hub_localized,49
star,50,0.01,0.02,0.0,0.2,0.1,3.0,0.3,0.086,0,42,0.0,0.14285714285714285,46,8,4,0,46,3|4|5|12|4|1|10|3,hub_localized,49
star,50,0.01,0.02,0.0,0.2,0.1,3.0,0.3,0.086,1,43,0.0,0.16326530612244897,46,8,5,0,46,2|4|5|12|4|1|10|3,hub_localized,49
star,50,0.01,0.02,0.0,0.2,0.1,3.0,0.3,0.086,2,44,0.0,0.14285714285714285,44,8,5,0,44,2|4|5|12|4|1|10|5,hub_localized,49
star,50,0.01,0.02,0.0,0.2,0.1,3.0,0.3,0.086,3,45,0.0,0.14285714285714285,43,8,4,0,43,1|4|5|12|4|1|10|6,hub_localized,49
star,50,0.01,0.02,0.0,0.2,0.1,3.0,0.3,0.086,4,46,0.0,0.16326530612244897,49,8,5,0,49,4|5|12|4|1|10|5,hub_localized,49
star,50,0.01,0.02,0.0,0.2,0.1,3.0,0.3,0.086,5,47,0.0,0.16326530612244897,48,8,5,0,48,3|5|12|4|1|10|5|1,hub_localized,49
star,50,0.01,0.02,0.0,0.2,0.1,3.0,0.3,0.086,6,48,0.0,0.16326530612244897,47,8,4,0,47,3|5|12|4|1|10|5|2,hub_localized,49
star,50,0.01,0.02,0.0,0.2,0.1,3.0,0.3,0.086,7,49,0.0,0.16326530612244897,46,8,5,0,46,1|5|12|4|1|10|5|3,hub_localized,49
star,50,0.01,0.02,0.0,0.2,0.1,3.0,0.3,0.086,8,50,0.0,0.16326530612244897,45,8,5,0,45,1|5|12|4|1|10|5|4,hub_localized,49
star,50,0.01,0.02,0.0,0.2,0.1,3.0,0.3,0.086,9,51,0.0,0.12244897959183673,44,8,6,0,44,5|12|4|1|10|6|5,hub_localized,49
star,50,0.01,0.02,0.0,0.2,0.1,3.0,0.3,0.086,10,52,0.0,0.12244897959183673,43,8,102,0,43,17|4|1|10|5|6,hub_localized,49
star,50,0.01,0.02,0.0,0.2,0.1,3.0,0.3,0.086,11,53,0.0,0.12244897959183673,42,8,5,0,42,3|12|4|1|10|6|7,hub_localized,49
star,50,0.01,0.02,0.0,0.2,0.1,3.0,0.3,0.086,12,54,0.0,0.10204081632653061,41,8,76,0,41,16|4|1|10|6|8,hub_localized,49
star,50,0.01,0.02,0.0,0.2,0.1,3.0,0.3,0.086,13,55,0.0,0.12244897959183673,40,8,102,0,40,14|4|1|10|5|9,hub_localized,49
star,50,0.01,0.02,0.0,0.2,0.1,3.0,0.3,0.086,14,56,0.0,0.12244897959183673,39,8,5,0,39,1|12|4|1|10|6|10,hub_localized,49
star,50,0.01,0.02,0.0,0.2,0.1,3.0,0.3,0.086,15,57,0.0,0.10204081632653061,38,8,76,0,38,12|4|1|10|6|11,hub_localized,49
star,50,0.01,0.02,0.0,0.2,0.1,3.0,0.3,0.086,16,58,0.0,0.12244897959183673,37,8,76,0,37,12|4|1|10|5|12,hub_localized,49
star,50,0.01,0.02,0.0,0.2,0.1,3.0,0.3,0.086,17,59,0.0,0.12244897959183673,36,8,102,0,36,10|4|1|10|5|13,hub_localized,49
star,50,0.01,0.02,0.0,0.2,0.1,3.0,0.3,0.086,18,60,0.0,0.12244897959183673,35,8,102,0,35,10|4|1|10|5|14,hub_localized,49
star,50,0.01,0.02,0.0,0.2,0.1,3.0,0.3,0.086,19,61,0.0,0.12244897959183673,34,8,102,0,34,9|4|1|10|5|15,hub_localized,49
star,50,0.01,0.02,0.0,0.2,0.1,3.0,0.3,0.086,20,62,0.0,0.12244897959183673,33,8,76,0,33,8|4|1|10|5|16,hub_localized,49
star,50,0.01,0.02,0.0,0.2,0.1,3.0,0.3,0.086,21,63,0.0,0.12244897959183673,32,8,102,0,32,7|4|1|10|5|17,hub_localized,49
star,50,0.01,0.02,0.0,0.2,0.1,3.0,0.3,0.086,22,64,0.0,0.12244897959183673,49,8,1,0,49,6|4|1|10|6|17,hub_localized,49
star,50,0.01,0.02,0.0,0.2,0.1,3.0,0.3,0.086,23,65,0.0,0.12244897959183673,48,8,3,0,48,5|4|1|10|6|17|1,hub_localized,49
star,50,0.01,0.02,0.0,0.2,0.1,3.0,0.3,0.086,24,66,0.0,0.14285714285714285,47,8,4,0,47,4|4|1|10|5|17|2,hub_localized,49
star,50,0.01,0.02,0.0,0.2,0.1,3.0,0.3,0.086,25,67,0.0,0.14285714285714285,46,8,1,0,46,2|4|1|10|5|17|3,hub_localized,49
star,50,0.01,0.02,0.0,0.2,0.1,3.0,0.3,0.086,26,68,0.0,0.12244897959183673,45,8,1,0,45,1|4|1|10|6|17|4,hub_localized,49
star,50,0.01,0.02,0.0,0.2,0.1,3.0,0.3,0.086,27,69,0.0,0.14285714285714285,44,8,1,0,44,1|4|1|10|5|17|5,hub_localized,49
star,50,0.01,0.02,0.0,0.2,0.1,3.0,0.3,0.086,28,70,0.0,0.12244897959183673,43,8,1,0,43,4|1|10|5|17|6,hub_localized,49
star,50,0.01,0.02,0.0,0.2,0.1,3.0,0.3,0.086,29,71,0.0,0.12244897959183673,42,8,4,0,42,3|1|10|5|17|7,hub_localized,49
star,50,0.01,0.02,0.0,0.2,0.1,3.0,0.3,0.086,30,72,0.0,0.12244897959183673,41,8,1,0,41,2|1|10|5|17|8,hub_localized,49
star,50,0.01,0.02,0.0,0.2,0.1,3.0,0.3,0.086,31,73,0.0,0.12244897959183673,40,8,3,0,40,2|1|10|5|17|9,hub_localized,49
star,50,0.01,0.02,0.0,0.2,0.1,3.0,0.3,0.086,32,74,0.0,0.12244897959183673,39,8,1,0,39,1|10|5|17|10,hub_localized,49
star,50,0.01,0.02,0.0,0.2,0.1,3.0,0.3,0.086,33,75,0.0,0.10204081632653061,38,8,1,0,38,1|10|5|17|11,hub_localized,49
star,50,0.01,0.02,0.0,0.2,0.1,3.0,0.3,0.086,34,76,0.0,0.10204081632653061,37,8,1,0,37,1|10|5|17|12,hub_localized,49
star,50,0.01,0.02,0.0,0.2,0.1,3.0,0.3,0.086,35,77,0.0,0.08163265306122448,36,8,1,0,36,10|5|17|13,hub_localized,49
star,50,0.01,0.02,0.0,0.2,0.1,3.0,0.3,0.086,36,78,0.0,0.061224489795918366,35,8,1,0,35,9|6|17|14,hub_localized,49
star,50,0.01,0.02,0.0,0.2,0.1,3.0,0.3,0.086,37,79,0.0,0.10204081632653061,49,8,1,0,49,9|5|17|14,hub_localized,49
star,50,0.01,0.02,0.0,0.2,0.1,3.0,0.3,0.086,38,80,0.0,0.08163265306122448,48,8,76,0,48,8|5|32|1,hub_localized,49
star,50,0.01,0.02,0.0,0.2,0.1,3.0,0.3,0.086,39,81,0.0,0.08163265306122448,47,8,1,0,47,7|6|17|14|2,hub_localized,49
star,50,0.01,0.02,0.0,0.2,0.1,3.0,0.3,0.086,40,82,0.0,0.08163265306122448,46,8,4,0,46,5|6|17|14|3,hub_localized,49
star,50,0.01,0.02,0.0,0.2,0.1,3.0,0.3,0.086,41,83,0.0,0.10204081632653061,45,8,1,0,45,5|5|17|14|4,hub_localized,49
star,50,0.01,0.02,0.0,0.2,0.1,3.0,0.3,0.086,42,84,0.0,0.10204081632653061,44,8,3,0,44,3|5|17|14|5,hub_localized,49
star,50,0.01,0.02,0.0,0.2,0.1,3.0,0.3,0.086,43,85,0.0,0.10204081632653061,43,8,1,0,43,2|5|17|14|6,hub_localized,49
star,50,0.01,0.02,0.0,0.2,0.1,3.0,0.3,0.086,44,86,0.0,0.08163265306122448,42,8,3,0,42,2|6|17|14|7,hub_localized,49
star,50,0.01,0.02,0.0,0.2,0.1,3.0,0.3,0.086,45,87,0.0,0.10204081632653061,41,8,1,0,41,1|5|17|14|8,hub_localized,49
star,50,0.01,0.02,0.0,0.2,0.1,3.0,0.3,0.086,46,88,0.0,0.061224489795918366,40,5,113,0,40,5|32|9,hub_localized,49
star,50,0.01,0.02,0.0,0.2,0.1,3.0,0.3,0.086,47,89,0.0,0.061224489795918366,39,5,3,0,39,5|17|14|10,hub_localized,49
star,50,0.01,0.02,0.0,0.2,0.1,3.0,0.3,0.086,48,90,0.0,0.08163265306122448,49,8,1,0,49,4|17|14|10,hub_localized,49
star,50,0.01,0.02,0.0,0.2,0.1,3.0,0.3,0.086,49,91,0.0,0.08163265306122448,48,8,1,0,48,4|17|14|10|1,hub_localized,49
star,50,0.01,0.02,0.0,0.2,0.1,3.0,0.3,0.088,0,42,0.0,0.14285714285714285,46,8,4,0,46,3|4|5|12|4|1|10|3,hub_localized,49
star,50,0.01,0.02,0.0,0.2,0.1,3.0,0.3,0.088,1,43,0.0,0.16326530612244897,46,8,5,0,46,2|4|5|12|4|1|10|3,hub_localized,49
star,50,0.01,0.02,0.0,0.2,0.1,3.0,0.3,0.088,2,44,0.0,0.14285714285714285,44,8,5,0,44,2|4|5|12|4|1|10|5,hub_localized,49
star,50,0.01,0.02,0.0,0.2,0.1,3.0,0.3,0.088,3,45,0.0,0.14285714285714285,43,8,4,0,43,1|4|5|12|4|1|10|6,hub_localized,49
star,50,0.01,0.02,0.0,0.2,0.1,3.0,0.3,0.088,4,46,0.0,0.14285714285714285,49,8,5,0,49,4|5|12|4|1|10|6,hub_localized,49
star,50,0.01,0.02,0.0,0.2,0.1,3.0,0.3,0.088,5,47,0.0,0.14285714285714285,48,8,5,0,48,3|5|12|4|1|10|6|1,hub_localized,49
star,50,0.01,0.02,0.0,0.2,0.1,3.0,0.3,0.088,6,48,0.0,0.16326530612244897,47,8,5,0,47,3|5|12|4|1|10|5|2,hub_localized,49
star,50,0.01,0.02,0.0,0.2,0.1,3.0,0.3,0.088,7,49,0.0,0.14285714285714285,46,8,5,0,46,1|5|12|4|1|10|6|3,hub_localized,49
star,50,0.01,0.02,0.0,0.2,0.1,3.0,0.3,0.088,8,50,0.0,0.14285714285714285,45,8,5,0,45,1|5|12|4|1|10|6|4,hub_localized,49
star,50,0.01,0.02,0.0,0.2,0.1,3.0,0.3,0.088,9,51,0.0,0.12244897959183673,44,8,6,0,44,5|12|4|1|10|6|5,hub_localized,49
star,50,0.01,0.02,0.0,0.2,0.1,3.0,0.3,0.088,10,52,0.0,0.10204081632653061,43,8,102,0,43,17|4|1|10|6|6,hub_localized,49
star,50,0.01,0.02,0.0,0.2,0.1,3.0,0.3,0.088,11,53,0.0,0.12244897959183673,42,8,5,0,42,3|12|4|1|10|6|7,hub_localized,49
star,50,0.01,0.02,0.0,0.2,0.1,3.0,0.3,0.088,12,54,0.0,0.10204081632653061,41,8,102,0,41,16|4|1|10|6|8,hub_localized,49
star,50,0.01,0.02,0.0,0.2,0.1,3.0,0.3,0.088,13,55,0.0,0.12244897959183673,40,8,102,0,40,14|4|1|10|5|9,hub_localized,49
star,50,0.01,0.02,0.0,0.2,0.1,3.0,0.3,0.088,14,56,0.0,0.12244897959183673,39,8,6,0,39,1|12|4|1|10|6|10,hub_localized,49
star,50,0.01,0.02,0.0,0.2,0.1,3.0,0.3,0.088,15,57,0.0,0.10204081632653061,38,8,102,0,38,12|4|1|10|6|11,hub_localized,49
star,50,0.01,0.02,0.0,0.2,0.1,3.0,0.3,0.088,16,58,0.0,0.12244897959183673,37,8,102,0,37,12|4|1|10|5|12,hub_localized,49
star,50,0.01,0.02,0.0,0.2,0.1,3.0,0.3,0.088,17,59,0.0,0.10204081632653061,36,8,102,0,36,10|4|1|10|6|13,hub_localized,49
star,50,0.01,0.02,0.0,0.2,0.1,3.0,0.3,0.088,18,60,0.0,0.12244897959183673,35,8,102,0,35,10|4|1|10|5|14,hub_localized,49
star,50,0.01,0.02,0.0,0.2,0.1,3.0,0.3,0.088,19,61,0.0,0.10204081632653061,34,8,102,0,34,9|4|1|10|6|15,hub_localized,49
star,50,0.01,0.02,0.0,0.2,0.1,3.0,0.3,0.088,20,62,0.0,0.10204081632653061,33,8,102,0,33,8|4|1|10|6|16,hub_localized,49
star,50,0.01,0.02,0.0,0.2,0.1,3.0,0.3,0.088,21,63,0.0,0.10204081632653061,32,8,102,0,32,7|4|1|10|6|17,hub_localized,49
star,50,0.01,0.02,0.0,0.2,0.1,3.0,0.3,0.088,22,64,0.0,0.12244897959183673,49,8,1,0,49,6|4|1|10|6|17,hub_localized,49
star,50,0.01,0.02,0.0,0.2,0.1,3.0,0.3,0.088,23,65,0.0,0.12244897959183673,48,8,4,0,48,5|4|1|10|6|17|1,hub_localized,49
star,50,0.01,0.02,0.0,0.2,0.1,3.0,0.3,0.088,24,66,0.0,0.12244897959183673,47,8,4,0,47,4|4|1|10|6|17|2,hub_localized,49
star,50,0.01,0.02,0.0,0.2,0.1,3.0,0.3,0.088,25,67,0.0,0.12244897959183673,46,8,1,0,46,2|4|1|10|6|17|3,hub_localized,49
star,50,0.01,0.02,0.0,0.2,0.1,3.0,0.3,0.088,26,68,0.0,0.12244897959183673,45,8,1,0,45,1|4|1|10|6|17|4,hub_localized,49
star,50,0.01,0.02,0.0,0.2,0.1,3.0,0.3,0.088,27,69,0.0,0.14285714285714285,44,8,1,0,44,1|4|1|10|5|17|5,hub_localized,49
star,50,0.01,0.02,0.0,0.2,0.1,3.0,0.3,0.088,28,70,0.0,0.10204081632653061,43,8,1,0,43,4|1|10|6|17|6,hub_localized,49
star,50,0.01,0.02,0.0,0.2,0.1,3.0,0.3,0.088,29,71,0.0,0.10204081632653061,42,8,4,0,42,3|1|10|6|17|7,hub_localized,49
star,50,0.01,0.02,0.0,0.2,0.1,3.0,0.3,0.088,30,72,0.0,0.12244897959183673,41,8,1,0,41,2|1|10|5|17|8,hub_localized,49
star,50,0.01,0.02,0.0,0.2,0.1,3.0,0.3,0.088,31,73,0.0,0.10204081632653061,40,8,3,0,40,2|1|10|6|17|9,hub_localized,49
star,50,0.01,0.02,0.0,0.2,0.1,3.0,0.3,0.088,32,74,0.0,0.12244897959183673,39,8,1,0,39,1|10|5|17|10,hub_localized,49
star,50,0.01,0.02,0.0,0.2,0.1,3.0,0.3,0.088,33,75,0.0,0.08163265306122448,38,8,1,0,38,1|10|6|17|11,hub_localized,49
star,50,0.01,0.02,0.0,0.2,0.1,3.0,0.3,0.088,34,76,0.0,0.08163265306122448,37,8,1,0,37,1|10|6|17|12,hub_localized,49
star,50,0.01,0.02,0.0,0.2,0.1,3.0,0.3,0.088,35,77,0.0,0.08163265306122448,36,8,1,0,36,10|5|17|13,hub_localized,49
star,50,0.01,0.02,0.0,0.2,0.1,3.0,0.3,0.088,36,78,0.0,0.061224489795918366,35,8,1,0,35,9|6|17|14,hub_localized,49
star,50,0.01,0.02,0.0,0.2,0.1,3.0,0.3,0.088,37,79,0.0,0.08163265306122448,49,8,1,0,49,9|6|17|14,hub_localized,49
star,50,0.01,0.02,0.0,0.2,0.1,3.0,0.3,0.088,38,80,0.0,0.061224489795918366,48,8,113,0,48,8|6|32|1,hub_localized,49
star,50,0.01,0.02,0.0,0.2,0.1,3.0,0.3,0.088,39,81,0.0,0.08163265306122448,47,8,1,0,47,7|6|17|14|2,hub_localized,49
star,50,0.01,0.02,0.0,0.2,0.1,3.0,0.3,0.088,40,82,0.0,0.08163265306122448,46,8,4,0,46,5|6|17|14|3,hub_localized,49
star,50,0.01,0.02,0.0,0.2,0.1,3.0,0.3,0.088,41,83,0.0,0.08163265306122448,45,8,1,0,45,5|6|17|14|4,hub_localized,49
star,50,0.01,0.02,0.0,0.2,0.1,3.0,0.3,0.088,42,84,0.0,0.08163265306122448,44,8,3,0,44,3|6|17|14|5,hub_localized,49
star,50,0.01,0.02,0.0,0.2,0.1,3.0,0.3,0.088,43,85,0.0,0.08163265306122448,43,8,1,0,43,2|6|17|14|6,hub_localized,49
star,50,0.01,0.02,0.0,0.2,0.1,3.0,0.3,0.088,44,86,0.0,0.08163265306122448,42,8,4,0,42,2|6|17|14|7,hub_localized,49
star,50,0.01,0.02,0.0,0.2,0.1,3.0,0.3,0.088,45,87,0.0,0.10204081632653061,41,8,1,0,41,1|5|17|14|8,hub_localized,49
star,50,0.01,0.02,0.0,0.2,0.1,3.0,0.3,0.088,46,88,0.0,0.04081632653061224,40,5,113,0,40,6|32|9,hub_localized,49
star,50,0.01,0.02,0.0,0.2,0.1,3.0,0.3,0.088,47,89,0.0,0.061224489795918366,39,5,3,0,39,5|17|14|10,hub_localized,49
star,50,0.01,0.02,0.0,0.2,0.1,3.0,0.3,0.088,48,90,0.0,0.08163265306122448,49,8,1,0,49,4|17|14|10,hub_localized,49
star,50,0.01,0.02,0.0,0.2,0.1,3.0,0.3,0.088,49,91,0.0,0.08163265306122448,48,8,1,0,48,4|17|14|10|1,hub_localized,49
star,50,0.01,0.02,0.0,0.2,0.1,3.0,0.3,0.09,0,42,0.0,0.16326530612244897,47,8,4,0,47,3|4|5|12|4|1|10|2,hub_localized,49
star,50,0.01,0.02,0.0,0.2,0.1,3.0,0.3,0.09,1,43,0.0,0.16326530612244897,46,8,5,0,46,2|4|5|12|4|1|10|3,hub_localized,49
star,50,0.01,0.02,0.0,0.2,0.1,3.0,0.3,0.09,2,44,0.0,0.14285714285714285,44,8,5,0,44,2|4|5|12|4|1|10|5,hub_localized,49
star,50,0.01,0.02,0.0,0.2,0.1,3.0,0.3,0.09,3,45,0.0,0.14285714285714285,43,8,4,0,43,1|4|5|12|4|1|10|6,hub_localized,49
star,50,0.01,0.02,0.0,0.2,0.1,3.0,0.3,0.09,4,46,0.0,0.14285714285714285,49,8,5,0,49,4|5|12|4|1|10|6,hub_localized,49
star,50,0.01,0.02,0.0,0.2,0.1,3.0,0.3,0.09,5,47,0.0,0.14285714285714285,48,8,6,0,48,3|5|12|4|1|10|6|1,hub_localized,49
star,50,0.01,0.02,0.0,0.2,0.1,3.0,0.3,0.09,6,48,0.0,0.16326530612244897,47,8,5,0,47,3|5|12|4|1|10|5|2,hub_localized,49
star,50,0.01,0.02,0.0,0.2,0.1,3.0,0.3,0.09,7,49,0.0,0.14285714285714285,46,8,5,0,46,1|5|12|4|1|10|6|3,hub_localized,49
star,50,0.01,0.02,0.0,0.2,0.1,3.0,0.3,0.09,8,50,0.0,0.14285714285714285,45,8,5,0,45,1|5|12|4|1|10|6|4,hub_localized,49
star,50,0.01,0.02,0.0,0.2,0.1,3.0,0.3,0.09,9,51,0.0,0.10204081632653061,44,8,102,0,44,18|4|1|10|6|5,hub_localized,49
star,50,0.01,0.02,0.0,0.2,0.1,3.0,0.3,0.09,10,52,0.0,0.10204081632653061,43,8,102,0,43,17|4|1|10|6|6,hub_localized,49
star,50,0.01,0.02,0.0,0.2,0.1,3.0,0.3,0.09,11,53,0.0,0.12244897959183673,42,8,5,0,42,3|12|4|1|10|6|7,hub_localized,49
star,50,0.01,0.02,0.0,0.2,0.1,3.0,0.3,0.09,12,54,0.0,0.10204081632653061,41,8,102,0,41,16|4|1|10|6|8,hub_localized,49
star,50,0.01,0.02,0.0,0.2,0.1,3.0,0.3,0.09,13,55,0.0,0.12244897959183673,40,8,102,0,40,14|4|1|10|5|9,hub_localized,49
star,50,0.01,0.02,0.0,0.2,0.1,3.0,0.3,0.09,14,56,0.0,0.12244897959183673,39,8,6,0,39,1|12|4|1|10|6|10,hub_localized,49
star,50,0.01,0.02,0.0,0.2,0.1,3.0,0.3,0.09,15,57,0.0,0.10204081632653061,38,8,102,0,38,12|4|1|10|6|11,hub_localized,49
star,50,0.01,0.02,0.0,0.2,0.1,3.0,0.3,0.09,16,58,0.0,0.10204081632653061,37,8,102,0,37,12|4|1|10|6|12,hub_localized,49
star,50,0.01,0.02,0.0,0.2,0.1,3.0,0.3,0.09,17,59,0.0,0.10204081632653061,36,8,102,0,36,10|4|1|10|6|13,hub_localized,49
star,50,0.01,0.02,0.0,0.2,0.1,3.0,0.3,0.09,18,60,0.0,0.12244897959183673,35,8,102,0,35,10|4|1|10|5|14,hub_localized,49
star,50,0.01,0.02,0.0,0.2,0.1,3.0,0.3,0.09,19,61,0.0,0.10204081632653061,34,8,102,0,34,9|4|1|10|6|15,hub_localized,49
star,50,0.01,0.02,0.0,0.2,0.1,3.0,0.3,0.09,20,62,0.0,0.10204081632653061,33,8,102,0,33,8|4|1|10|6|16,hub_localized,49
star,50,0.01,0.02,0.0,0.2,0.1,3.0,0.3,0.09,21,63,0.0,0.10204081632653061,32,8,102,0,32,7|4|1|10|6|17,hub_localized,49
star,50,0.01,0.02,0.0,0.2,0.1,3.0,0.3,0.09,22,64,0.0,0.12244897959183673,49,8,1,0,49,6|4|1|10|6|17,hub_localized,49
star,50,0.01,0.02,0.0,0.2,0.1,3.0,0.3,0.09,23,65,0.0,0.12244897959183673,48,8,4,0,48,5|4|1|10|6|17|1,hub_localized,49
star,50,0.01,0.02,0.0,0.2,0.1,3.0,0.3,0.09,24,66,0.0,0.12244897959183673,47,8,4,0,47,4|4|1|10|6|17|2,hub_localized,49
star,50,0.01,0.02,0.0,0.2,0.1,3.0,0.3,0.09,25,67,0.0,0.12244897959183673,46,8,1,0,46,2|4|1|10|6|17|3,hub_localized,49
star,50,0.01,0.02,0.0,0.2,0.1,3.0,0.3,0.09,26,68,0.0,0.12244897959183673,45,8,1,0,45,1|4|1|10|6|17|4,hub_localized,49
star,50,0.01,0.02,0.0,0.2,0.1,3.0,0.3,0.09,27,69,0.0,0.14285714285714285,44,8,1,0,44,1|4|1|10|5|17|5,hub_localized,49
star,50,0.01,0.02,0.0,0.2,0.1,3.0,0.3,0.09,28,70,0.0,0.10204081632653061,43,8,1,0,43,4|1|10|6|17|6,hub_localized,49
star,50,0.01,0.02,0.0,0.2,0.1,3.0,0.3,0.09,29,71,0.0,0.10204081632653061,42,8,4,0,42,3|1|10|6|17|7,hub_localized,49
star,50,0.01,0.02,0.0,0.2,0.1,3.0,0.3,0.09,30,72,0.0,0.10204081632653061,41,8,1,0,41,2|1|10|6|17|8,hub_localized,49
star,50,0.01,0.02,0.0,0.2,0.1,3.0,0.3,0.09,31,73,0.0,0.10204081632653061,40,8,3,0,40,2|1|10|6|17|9,hub_localized,49
star,50,0.01,0.02,0.0,0.2,0.1,3.0,0.3,0.09,32,74,0.0,0.12244897959183673,39,8,1,0,39,1|10|5|17|10,hub_localized,49
star,50,0.01,0.02,0.0,0.2,0.1,3.0,0.3,0.09,33,75,0.0,0.08163265306122448,38,8,1,0,38,1|10|6|17|11,hub_localized,49
star,50,0.01,0.02,0.0,0.2,0.1,3.0,0.3,0.09,34,76,0.0,0.08163265306122448,37,8,1,0,37,1|10|6|17|12,hub_localized,49
star,50,0.01,0.02,0.0,0.2,0.1,3.0,0.3,0.09,35,77,0.0,0.08163265306122448,36,8,1,0,36,10|5|17|13,hub_localized,49
star,50,0.01,0.02,0.0,0.2,0.1,3.0,0.3,0.09,36,78,0.0,0.061224489795918366,35,8,1,0,35,9|6|17|14,hub_localized,49
star,50,0.01,0.02,0.0,0.2,0.1,3.0,0.3,0.09,37,79,0.0,0.08163265306122448,49,8,1,0,49,9|6|17|14,hub_localized,49
star,50,0.01,0.02,0.0,0.2,0.1,3.0,0.3,0.09,38,80,0.0,0.061224489795918366,48,8,113,0,48,8|6|32|1,hub_localized,49
star,50,0.01,0.02,0.0,0.2,0.1,3.0,0.3,0.09,39,81,0.0,0.08163265306122448,47,8,1,0,47,7|6|17|14|2,hub_localized,49
star,50,0.01,0.02,0.0,0.2,0.1,3.0,0.3,0.09,40,82,0.0,0.08163265306122448,46,8,4,0,46,5|6|17|14|3,hub_localized,49
star,50,0.01,0.02,0.0,0.2,0.1,3.0,0.3,0.09,41,83,0.0,0.08163265306122448,45,8,1,0,45,5|6|17|14|4,hub_localized,49
star,50,0.01,0.02,0.0,0.2,0.1,3.0,0.3,0.09,42,84,0.0,0.08163265306122448,44,8,4,0,44,3|6|17|14|5,hub_localized,49
star,50,0.01,0.02,0.0,0.2,0.1,3.0,0.3,0.09,43,85,0.0,0.08163265306122448,43,8,1,0,43,2|6|17|14|6,hub_localized,49
star,50,0.01,0.02,0.0,0.2,0.1,3.0,0.3,0.09,44,86,0.0,0.08163265306122448,42,8,4,0,42,2|6|17|14|7,hub_localized,49
star,50,0.01,0.02,0.0,0.2,0.1,3.0,0.3,0.09,45,87,0.0,0.08163265306122448,41,8,1,0,41,1|6|17|14|8,hub_localized,49
star,50,0.01,0.02,0.0,0.2,0.1,3.0,0.3,0.09,46,88,0.0,0.04081632653061224,40,5,113,0,40,6|32|9,hub_localized,49
star,50,0.01,0.02,0.0,0.2,0.1,3.0,0.3,0.09,47,89,0.0,0.061224489795918366,39,5,3,0,39,5|17|14|10,hub_localized,49
star,50,0.01,0.02,0.0,0.2,0.1,3.0,0.3,0.09,48,90,0.0,0.08163265306122448,49,8,1,0,49,4|17|14|10,hub_localized,49
star,50,0.01,0.02,0.0,0.2,0.1,3.0,0.3,0.09,49,91,0.0,0.08163265306122448,48,8,1,0,48,4|17|14|10|1,hub_localized,49
star,50,0.01,0.03,0.0,0.2,0.1,3.0,0.3,0.06,0,42,0.0,0.2857142857142857,47,20,4,1,47,3|4|2|2|1|2|4|2|4|9|2,hub_localized,49
star,50,0.01,0.03,0.0,0.2,0.1,3.0,0.3,0.06,1,43,0.0,0.2653061224489796,46,20,4,1,46,2|4|5|1|2|4|2|4|9|3,hub_localized,49
star,50,0.01,0.03,0.0,0.2,0.1,3.0,0.3,0.06,2,44,0.0,0.2653061224489796,45,20,4,1,45,2|3|5|1|2|4|2|4|1|9|4,hub_localized,49
star,50,0.01,0.03,0.0,0.2,0.1,3.0,0.3,0.06,3,45,0.0,0.2857142857142857,44,26,4,1,44,1|3|5|1|2|4|2|4|9|5,hub_localized,49
star,50,0.01,0.03,0.0,0.2,0.1,3.0,0.3,0.06,4,46,0.0,0.2857142857142857,49,26,4,1,49,3|5|1|2|4|2|4|9|5,hub_localized,49
star,50,0.01,0.03,0.0,0.2,0.1,3.0,0.3,0.06,5,47,0.0,0.2653061224489796,48,20,5,1,48,3|5|1|2|4|2|4|9|5|1,hub_localized,49
star,50,0.01,0.03,0.0,0.2,0.1,3.0,0.3,0.06,6,48,0.0,0.24489795918367346,47,20,4,1,47,3|5|1|2|4|2|4|1|9|5|2,hub_localized,49
star,50,0.01,0.03,0.0,0.2,0.1,3.0,0.3,0.06,7,49,0.0,0.2653061224489796,46,20,4,1,46,1|5|1|2|4|2|4|9|5|3,hub_localized,49
star,50,0.01,0.03,0.0,0.2,0.1,3.0,0.3,0.06,8,50,0.0,0.2653061224489796,45,20,4,1,45,1|5|1|2|4|2|4|9|5|4,hub_localized,49
star,50,0.01,0.03,0.0,0.2,0.1,3.0,0.3,0.06,9,51,0.0,0.24489795918367346,44,20,5,1,44,5|1|2|4|2|4|9|5|5,hub_localized,49
star,50,0.01,0.03,0.0,0.2,0.1,3.0,0.3,0.06,10,52,0.0,0.22448979591836735,43,20,6,1,43,4|1|2|4|2|4|1|9|5|6,hub_localized,49
star,50,0.01,0.03,0.0,0.2,0.1,3.0,0.3,0.06,11,53,0.0,0.24489795918367346,42,20,5,1,42,3|1|2|4|2|4|9|5|7,hub_localized,49
star,50,0.01,0.03,0.0,0.2,0.1,3.0,0.3,0.06,12,54,0.0,0.24489795918367346,41,20,5,1,41,3|1|2|4|2|4|9|5|8,hub_localized,49
star,50,0.01,0.03,0.0,0.2,0.1,3.0,0.3,0.06,13,55,0.0,0.22448979591836735,40,20,5,1,40,1|1|2|4|2|4|1|9|5|9,hub_localized,49
star,50,0.01,0.03,0.0,0.2,0.1,3.0,0.3,0.06,14,56,0.0,0.22448979591836735,39,20,5,1,39,1|1|2|4|2|4|1|9|5|10,hub_localized,49
star,50,0.01,0.03,0.0,0.2,0.1,3.0,0.3,0.06,15,57,0.0,0.22448979591836735,38,20,15,1,38,1|2|4|2|4|9|5|11,hub_localized,49
star,50,0.01,0.03,0.0,0.2,0.1,3.0,0.3,0.06,16,58,0.0,0.22448979591836735,37,20,15,1,37,1|2|4|2|4|9|5|12,hub_localized,49
star,50,0.01,0.03,0.0,0.2,0.1,3.0,0.3,0.06,17,59,0.0,0.20408163265306123,36,20,16,1,36,2|4|2|4|9|5|13,hub_localized,49
star,50,0.01,0.03,0.0,0.2,0.1,3.0,0.3,0.06,18,60,0.0,0.20408163265306123,35,20,16,1,35,2|4|2|4|9|5|14,hub_localized,49
star,50,0.01,0.03,0.0,0.2,0.1,3.0,0.3,0.06,19,61,0.0,0.20408163265306123,34,20,15,1,34,1|4|2|4|9|5|15,hub_localized,49
star,50,0.01,0.03,0.0,0.2,0.1,3.0,0.3,0.06,20,62,0.0,0.1836734693877551,33,20,16,0,33,4|2|4|9|5|16,hub_localized,49
star,50,0.01,0.03,0.0,0.2,0.1,3.0,0.3,0.06,21,63,0.0,0.1836734693877551,32,20,15,0,32,4|2|4|9|5|17,hub_localized,49
star,50,0.01,0.03,0.0,0.2,0.1,3.0,0.3,0.06,22,64,0.0,0.20408163265306123,49,20,1,1,49,3|2|4|9|5|17,hub_localized,49
star,50,0.01,0.03,0.0,0.2,0.1,3.0,0.3,0.06,23,65,0.0,0.20408163265306123,48,20,3,1,48,2|2|4|9|5|17|1,hub_localized,49
star,50,0.01,0.03,0.0,0.2,0.1,3.0,0.3,0.06,24,66,0.0,0.20408163265306123,47,20,3,1,47,1|2|4|9|5|17|2,hub_localized,49
star,50,0.01,0.03,0.0,0.2,0.1,3.0,0.3,0.06,25,67,0.0,0.1836734693877551,46,20,1,0,46,2|4|9|5|17|3,hub_localized,49
star,50,0.01,0.03,0.0,0.2,0.1,3.0,0.3,0.06,26,68,0.0,0.1836734693877551,45,20,1,0,45,1|4|9|5|17|4,hub_localized,49
star,50,0.01,0.03,0.0,0.2,0.1,3.0,0.3,0.06,27,69,0.0,0.1836734693877551,44,20,1,0,44,1|4|9|5|17|5,hub_localized,49
star,50,0.01,0.03,0.0,0.2,0.1,3.0,0.3,0.06,28,70,0.0,0.1836734693877551,49,20,1,0,49,4|9|5|17|5,hub_localized,49
star,50,0.01,0.03,0.0,0.2,0.1,3.0,0.3,0.06,29,71,0.0,0.20408163265306123,49,20,3,1,49,3|9|5|17|5,hub_localized,49
star,50,0.01,0.03,0.0,0.2,0.1,3.0,0.3,0.06,30,72,0.0,0.20408163265306123,48,20,1,1,48,2|9|5|17|5|1,hub_localized,49
star,50,0.01,0.03,0.0,0.2,0.1,3.0,0.3,0.06,31,73,0.0,0.20408163265306123,47,20,3,1,47,2|9|5|17|5|2,hub_localized,49
star,50,0.01,0.03,0.0,0.2,0.1,3.0,0.3,0.06,32,74,0.0,0.1836734693877551,46,20,1,0,46,9|5|17|6|3,hub_localized,49
star,50,0.01,0.03,0.0,0.2,0.1,3.0,0.3,0.06,33,75,0.0,0.1836734693877551,45,20,1,0,45,9|5|17|5|4,hub_localized,49
star,50,0.01,0.03,0.0,0.2,0.1,3.0,0.3,0.06,34,76,0.0,0.16326530612244897,44,20,1,0,44,9|6|16|5|5,hub_localized,49
star,50,0.01,0.03,0.0,0.2,0.1,3.0,0.3,0.06,35,77,0.0,0.14285714285714285,43,20,1,0,43,9|5|17|5|6,hub_localized,49
star,50,0.01,0.03,0.0,0.2,0.1,3.0,0.3,0.06,36,78,0.0,0.14285714285714285,42,20,1,0,42,8|5|17|5|7,hub_localized,49
star,50,0.01,0.03,0.0,0.2,0.1,3.0,0.3,0.06,37,79,0.0,0.16326530612244897,49,20,1,0,49,8|5|17|5|7,hub_localized,49
star,50,0.01,0.03,0.0,0.2,0.1,3.0,0.3,0.06,38,80,0.0,0.16326530612244897,48,20,4,0,48,6|5|17|5|7|1,hub_localized,49
star,50,0.01,0.03,0.0,0.2,0.1,3.0,0.3,0.06,39,81,0.0,0.16326530612244897,47,20,1,0,47,5|5|17|5|7|2,hub_localized,49
star,50,0.01,0.03,0.0,0.2,0.1,3.0,0.3,0.06,40,82,0.0,0.16326530612244897,46,20,3,0,46,4|5|17|5|7|3,hub_localized,49
star,50,0.01,0.03,0.0,0.2,0.1,3.0,0.3,0.06,41,83,0.0,0.16326530612244897,45,20,1,0,45,4|5|17|5|7|4,hub_localized,49
star,50,0.01,0.03,0.0,0.2,0.1,3.0,0.3,0.06,42,84,0.0,0.16326530612244897,44,20,3,0,44,2|5|17|5|7|5,hub_localized,49
star,50,0.01,0.03,0.0,0.2,0.1,3.0,0.3,0.06,43,85,0.0,0.16326530612244897,43,20,1,0,43,1|5|17|5|7|6,hub_localized,49
star,50,0.01,0.03,0.0,0.2,0.1,3.0,0.3,0.06,44,86,0.0,0.16326530612244897,42,20,3,0,42,1|5|17|5|7|7,hub_localized,49
star,50,0.01,0.03,0.0,0.2,0.1,3.0,0.3,0.06,45,87,0.0,0.14285714285714285,41,20,1,0,41,5|17|5|7|8,hub_localized,49
star,50,0.01,0.03,0.0,0.2,0.1,3.0,0.3,0.06,46,88,0.0,0.12244897959183673,40,9,4,0,40,5|17|5|7|9,hub_localized,49
star,50,0.01,0.03,0.0,0.2,0.1,3.0,0.3,0.06,47,89,0.0,0.10204081632653061,39,9,3,0,39,5|17|5|7|10,hub_localized,49
star,50,0.01,0.03,0.0,0.2,0.1,3.0,0.3,0.06,48,90,0.0,0.12244897959183673,49,9,1,0,49,4|17|5|7|10,hub_localized,49
star,50,0.01,0.03,0.0,0.2,0.1,3.0,0.3,0.06,49,91,0.0,0.12244897959183673,48,9,1,0,48,3|17|5|7|10|1,hub_localized,49
star,50,0.01,0.03,0.0,0.2,0.1,3.0,0.3,0.062,0,42,0.0,0.2653061224489796,47,19,4,1,47,3|4|5|1|2|4|2|4|9|2,hub_localized,49
star,50,0.01,0.03,0.0,0.2,0.1,3.0,0.3,0.062,1,43,0.0,0.2653061224489796,46,19,5,1,46,2|4|5|1|2|4|2|4|9|3,hub_localized,49
star,50,0.01,0.03,0.0,0.2,0.1,3.0,0.3,0.062,2,44,0.0,0.24489795918367346,45,19,4,1,45,2|3|5|1|7|2|4|1|9|4,hub_localized,49
star,50,0.01,0.03,0.0,0.2,0.1,3.0,0.3,0.062,3,45,0.0,0.2857142857142857,44,19,4,1,44,1|3|5|1|2|4|2|4|9|5,hub_localized,49
star,50,0.01,0.03,0.0,0.2,0.1,3.0,0.3,0.062,4,46,0.0,0.2857142857142857,49,19,4,1,49,3|5|1|2|4|2|4|9|5,hub_localized,49
star,50,0.01,0.03,0.0,0.2,0.1,3.0,0.3,0.062,5,47,0.0,0.2653061224489796,48,19,5,1,48,3|5|1|2|4|2|4|9|5|1,hub_localized,49
star,50,0.01,0.03,0.0,0.2,0.1,3.0,0.3,0.062,6,48,0.0,0.24489795918367346,47,19,4,1,47,3|5|1|2|4|2|4|1|9|5|2,hub_localized,49
star,50,0.01,0.03,0.0,0.2,0.1,3.0,0.3,0.062,7,49,0.0,0.24489795918367346,46,19,4,1,46,1|5|1|7|2|4|9|5|3,hub_localized,49
star,50,0.01,0.03,0.0,0.2,0.1,3.0,0.3,0.062,8,50,0.0,0.24489795918367346,45,19,5,1,45,1|5|1|7|2|4|9|5|4,hub_localized,49
star,50,0.01,0.03,0.0,0.2,0.1,3.0,0.3,0.062,9,51,0.0,0.24489795918367346,44,19,5,1,44,5|1|2|4|2|4|9|5|5,hub_localized,49
star,50,0.01,0.03,0.0,0.2,0.1,3.0,0.3,0.062,10,52,0.0,0.22448979591836735,43,19,6,1,43,4|1|7|2|4|9|5|6,hub_localized,49
star,50,0.01,0.03,0.0,0.2,0.1,3.0,0.3,0.062,11,53,0.0,0.24489795918367346,42,19,5,1,42,3|1|2|4|2|4|9|5|7,hub_localized,49
star,50,0.01,0.03,0.0,0.2,0.1,3.0,0.3,0.062,12,54,0.0,0.24489795918367346,41,19,5,1,41,3|1|2|4|2|4|9|5|8,hub_localized,49
star,50,0.01,0.03,0.0,0.2,0.1,3.0,0.3,0.062,13,55,0.0,0.22448979591836735,40,19,5,1,40,1|1|2|4|2|4|1|9|5|9,hub_localized,49
star,50,0.01,0.03,0.0,0.2,0.1,3.0,0.3,0.062,14,56,0.0,0.20408163265306123,39,19,5,1,39,1|1|7|2|4|1|9|5|10,hub_localized,49
star,50,0.01,0.03,0.0,0.2,0.1,3.0,0.3,0.062,15,57,0.0,0.22448979591836735,38,19,15,1,38,1|2|4|2|4|9|5|11,hub_localized,49
star,50,0.01,0.03,0.0,0.2,0.1,3.0,0.3,0.062,16,58,0.0,0.22448979591836735,37,19,15,1,37,1|2|4|2|4|9|5|12,hub_localized,49
star,50,0.01,0.03,0.0,0.2,0.1,3.0,0.3,0.062,17,59,0.0,0.20408163265306123,36,19,16,1,36,2|4|2|4|9|5|13,hub_localized,49
star,50,0.01,0.03,0.0,0.2,0.1,3.0,0.3,0.062,18,60,0.0,0.20408163265306123,35,19,16,1,35,2|4|2|4|9|5|14,hub_localized,49
star,50,0.01,0.03,0.0,0.2,0.1,3.0,0.3,0.062,19,61,0.0,0.20408163265306123,34,19,15,1,34,1|4|2|4|9|5|15,hub_localized,49
star,50,0.01,0.03,0.0,0.2,0.1,3.0,0.3,0.062,20,62,0.0,0.1836734693877551,33,19,16,0,33,4|2|4|9|5|16,hub_localized,49
star,50,0.01,0.03,0.0,0.2,0.1,3.0,0.3,0.062,21,63,0.0,0.1836734693877551,32,19,16,0,32,4|2|4|9|5|17,hub_localized,49
star,50,0.01,0.03,0.0,0.2,0.1,3.0,0.3,0.062,22,64,0.0,0.20408163265306123,49,19,1,1,49,3|2|4|9|5|17,hub_localized,49
star,50,0.01,0.03,0.0,0.2,0.1,3.0,0.3,0.062,23,65,0.0,0.20408163265306123,48,19,3,1,48,2|2|4|9|5|17|1,hub_localized,49
star,50,0.01,0.03,0.0,0.2,0.1,3.0,0.3,0.062,24,66,0.0,0.20408163265306123,47,19,3,1,47,1|2|4|9|5|17|2,hub_localized,49
star,50,0.01,0.03,0.0,0.2,0.1,3.0,0.3,0.062,25,67,0.0,0.1836734693877551,46,19,1,0,46,2|4|9|5|17|3,hub_localized,49
star,50,0.01,0.03,0.0,0.2,0.1,3.0,0.3,0.062,26,68,0.0,0.1836734693877551,45,19,1,0,45,1|4|9|5|17|4,hub_localized,49
star,50,0.01,0.03,0.0,0.2,0.1,3.0,0.3,0.062,27,69,0.0,0.1836734693877551,44,19,1,0,44,1|4|9|5|17|5,hub_localized,49
star,50,0.01,0.03,0.0,0.2,0.1,3.0,0.3,0.062,28,70,0.0,0.1836734693877551,49,19,1,0,49,4|9|5|17|5,hub_localized,49
star,50,0.01,0.03,0.0,0.2,0.1,3.0,0.3,0.062,29,71,0.0,0.20408163265306123,49,19,3,1,49,3|9|5|17|5,hub_localized,49
star,50,0.01,0.03,0.0,0.2,0.1,3.0,0.3,0.062,30,72,0.0,0.1836734693877551,47,19,1,0,47,2|9|5|17|5|2,hub_localized,49
star,50,0.01,0.03,0.0,0.2,0.1,3.0,0.3,0.062,31,73,0.0,0.20408163265306123,47,19,3,1,47,2|9|5|17|5|2,hub_localized,49
star,50,0.01,0.03,0.0,0.2,0.1,3.0,0.3,0.062,32,74,0.0,0.1836734693877551,46,19,1,0,46,9|5|17|6|3,hub_localized,49
star,50,0.01,0.03,0.0,0.2,0.1,3.0,0.3,0.062,33,75,0.0,0.1836734693877551,45,19,1,0,45,9|5|17|5|4,hub_localized,49
star,50,0.01,0.03,0.0,0.2,0.1,3.0,0.3,0.062,34,76,0.0,0.16326530612244897,44,19,1,0,44,9|5|17|5|5,hub_localized,49
star,50,0.01,0.03,0.0,0.2,0.1,3.0,0.3,0.062,35,77,0.0,0.12244897959183673,43,19,1,0,43,10|5|17|5|6,hub_localized,49
star,50,0.01,0.03,0.0,0.2,0.1,3.0,0.3,0.062,36,78,0.0,0.14285714285714285,42,19,1,0,42,8|5|17|5|7,hub_localized,49
star,50,0.01,0.03,0.0,0.2,0.1,3.0,0.3,0.062,37,79,0.0,0.16326530612244897,49,19,1,0,49,8|5|17|5|7,hub_localized,49
star,50,0.01,0.03,0.0,0.2,0.1,3.0,0.3,0.062,38,80,0.0,0.16326530612244897,48,19,4,0,48,6|5|17|5|7|1,hub_localized,49
star,50,0.01,0.03,0.0,0.2,0.1,3.0,0.3,0.062,39,81,0.0,0.16326530612244897,47,19,1,0,47,5|5|17|5|7|2,hub_localized,49
star,50,0.01,0.03,0.0,0.2,0.1,3.0,0.3,0.062,40,82,0.0,0.16326530612244897,46,19,3,0,46,4|5|17|5|7|3,hub_localized,49
star,50,0.01,0.03,0.0,0.2,0.1,3.0,0.3,0.062,41,83,0.0,0.16326530612244897,45,19,1,0,45,4|5|17|5|7|4,hub_localized,49
star,50,0.01,0.03,0.0,0.2,0.1,3.0,0.3,0.062,42,84,0.0,0.16326530612244897,44,19,3,0,44,2|5|17|5|7|5,hub_localized,49
star,50,0.01,0.03,0.0,0.2,0.1,3.0,0.3,0.062,43,85,0.0,0.16326530612244897,43,19,1,0,43,1|5|17|5|7|6,hub_localized,49
star,50,0.01,0.03,0.0,0.2,0.1,3.0,0.3,0.062,44,86,0.0,0.16326530612244897,42,19,3,0,42,1|5|17|5|7|7,hub_localized,49
star,50,0.01,0.03,0.0,0.2,0.1,3.0,0.3,0.062,45,87,0.0,0.14285714285714285,41,19,1,0,41,5|17|5|7|8,hub_localized,49
star,50,0.01,0.03,0.0,0.2,0.1,3.0,0.3,0.062,46,88,0.0,0.12244897959183673,40,9,4,0,40,5|17|5|7|9,hub_localized,49
star,50,0.01,0.03,0.0,0.2,0.1,3.0,0.3,0.062,47,89,0.0,0.10204081632653061,39,9,3,0,39,5|17|5|7|10,hub_localized,49
star,50,0.01,0.03,0.0,0.2,0.1,3.0,0.3,0.062,48,90,0.0,0.12244897959183673,49,9,1,0,49,4|17|5|7|10,hub_localized,49
star,50,0.01,0.03,0.0,0.2,0.1,3.0,0.3,0.062,49,91,0.0,0.12244897959183673,48,9,1,0,48,3|17|5|7|10|1,hub_localized,49
star,50,0.01,0.03,0.0,0.2,0.1,3.0,0.3,0.064,0,42,0.0,0.2653061224489796,47,19,4,1,47,3|4|5|1|7|2|4|1|7|2,hub_localized,49
star,50,0.01,0.03,0.0,0.2,0.1,3.0,0.3,0.064,1,43,0.0,0.2653061224489796,46,19,5,1,46,2|4|5|1|7|2|4|1|7|3,hub_localized,49
star,50,0.01,0.03,0.0,0.2,0.1,3.0,0.3,0.064,2,44,0.0,0.24489795918367346,45,19,4,1,45,2|3|5|1|7|2|4|1|9|4,hub_localized,49
star,50,0.01,0.03,0.0,0.2,0.1,3.0,0.3,0.064,3,45,0.0,0.2857142857142857,44,19,4,1,44,1|3|5|1|7|2|4|1|7|5,hub_localized,49
star,50,0.01,0.03,0.0,0.2,0.1,3.0,0.3,0.064,4,46,0.0,0.2857142857142857,49,19,4,1,49,3|5|1|7|2|4|1|7|5,hub_localized,49
star,50,0.01,0.03,0.0,0.2,0.1,3.0,0.3,0.064,5,47,0.0,0.2653061224489796,48,19,5,1,48,3|5|1|7|2|4|1|7|5|1,hub_localized,49
star,50,0.01,0.03,0.0,0.2,0.1,3.0,0.3,0.064,6,48,0.0,0.2653061224489796,47,19,4,1,47,3|5|1|7|2|4|1|7|5|2,hub_localized,49
star,50,0.01,0.03,0.0,0.2,0.1,3.0,0.3,0.064,7,49,0.0,0.2653061224489796,46,19,5,1,46,1|5|1|7|2|4|1|7|5|3,hub_localized,49
star,50,0.01,0.03,0.0,0.2,0.1,3.0,0.3,0.064,8,50,0.0,0.2653061224489796,45,19,5,1,45,1|5|1|7|2|4|1|7|5|4,hub_localized,49
star,50,0.01,0.03,0.0,0.2,0.1,3.0,0.3,0.064,9,51,0.0,0.24489795918367346,44,19,5,1,44,5|1|7|2|4|1|7|5|5,hub_localized,49
star,50,0.01,0.03,0.0,0.2,0.1,3.0,0.3,0.064,10,52,0.0,0.24489795918367346,43,19,6,1,43,4|1|7|2|4|1|7|5|6,hub_localized,49
star,50,0.01,0.03,0.0,0.2,0.1,3.0,0.3,0.064,11,53,0.0,0.24489795918367346,42,19,5,1,42,3|1|7|2|4|1|7|5|7,hub_localized,49
star,50,0.01,0.03,0.0,0.2,0.1,3.0,0.3,0.064,12,54,0.0,0.24489795918367346,41,19,5,1,41,3|1|7|2|4|1|7|5|8,hub_localized,49
star,50,0.01,0.03,0.0,0.2,0.1,3.0,0.3,0.064,13,55,0.0,0.22448979591836735,40,19,5,1,40,1|1|7|2|4|1|1|7|5|9,hub_localized,49
star,50,0.01,0.03,0.0,0.2,0.1,3.0,0.3,0.064,14,56,0.0,0.22448979591836735,39,19,5,1,39,1|1|7|2|4|1|1|7|5|10,hub_localized,49
star,50,0.01,0.03,0.0,0.2,0.1,3.0,0.3,0.064,15,57,0.0,0.22448979591836735,38,19,16,1,38,1|7|2|4|1|7|5|11,hub_localized,49
star,50,0.01,0.03,0.0,0.2,0.1,3.0,0.3,0.064,16,58,0.0,0.22448979591836735,37,19,16,1,37,1|7|2|4|1|7|5|12,hub_localized,49
star,50,0.01,0.03,0.0,0.2,0.1,3.0,0.3,0.064,17,59,0.0,0.20408163265306123,36,19,16,1,36,7|2|4|1|7|5|13,hub_localized,49
star,50,0.01,0.03,0.0,0.2,0.1,3.0,0.3,0.064,18,60,0.0,0.20408163265306123,35,19,16,1,35,7|2|4|1|7|5|14,hub_localized,49
star,50,0.01,0.03,0.0,0.2,0.1,3.0,0.3,0.064,19,61,0.0,0.20408163265306123,34,19,16,1,34,6|2|4|1|7|5|15,hub_localized,49
star,50,0.01,0.03,0.0,0.2,0.1,3.0,0.3,0.064,20,62,0.0,0.20408163265306123,33,19,16,1,33,5|2|4|1|7|5|16,hub_localized,49
star,50,0.01,0.03,0.0,0.2,0.1,3.0,0.3,0.064,21,63,0.0,0.1836734693877551,32,19,16,0,32,4|2|4|9|5|17,hub_localized,49
star,50,0.01,0.03,0.0,0.2,0.1,3.0,0.3,0.064,22,64,0.0,0.20408163265306123,49,19,1,1,49,3|2|4|9|5|17,hub_localized,49
star,50,0.01,0.03,0.0,0.2,0.1,3.0,0.3,0.064,23,65,0.0,0.22448979591836735,48,19,3,1,48,2|2|4|1|7|5|17|1,hub_localized,49
star,50,0.01,0.03,0.0,0.2,0.1,3.0,0.3,0.064,24,66,0.0,0.20408163265306123,47,19,3,1,47,1|2|4|9|5|17|2,hub_localized,49
star,50,0.01,0.03,0.0,0.2,0.1,3.0,0.3,0.064,25,67,0.0,0.20408163265306123,46,19,1,1,46,2|4|1|7|5|17|3,hub_localized,49
star,50,0.01,0.03,0.0,0.2,0.1,3.0,0.3,0.064,26,68,0.0,0.20408163265306123,45,19,1,1,45,1|4|1|7|5|17|4,hub_localized,49
star,50,0.01,0.03,0.0,0.2,0.1,3.0,0.3,0.064,27,69,0.0,0.20408163265306123,44,19,1,1,44,1|4|1|7|5|17|5,hub_localized,49
star,50,0.01,0.03,0.0,0.2,0.1,3.0,0.3,0.064,28,70,0.0,0.20408163265306123,49,19,1,1,49,4|1|7|5|17|5,hub_localized,49
star,50,0.01,0.03,0.0,0.2,0.1,3.0,0.3,0.064,29,71,0.0,0.22448979591836735,49,19,3,1,49,3|1|7|5|17|5,hub_localized,49
star,50,0.01,0.03,0.0,0.2,0.1,3.0,0.3,0.064,30,72,0.0,0.22448979591836735,48,19,1,1,48,2|1|7|5|17|5|1,hub_localized,49
star,50,0.01,0.03,0.0,0.2,0.1,3.0,0.3,0.064,31,73,0.0,0.22448979591836735,47,19,3,1,47,2|1|7|5|17|5|2,hub_localized,49
star,50,0.01,0.03,0.0,0.2,0.1,3.0,0.3,0.064,32,74,0.0,0.20408163265306123,46,19,1,1,46,1|7|5|17|6|3,hub_localized,49
star,50,0.01,0.03,0.0,0.2,0.1,3.0,0.3,0.064,33,75,0.0,0.20408163265306123,45,19,1,1,45,1|7|5|17|5|4,hub_localized,49
star,50,0.01,0.03,0.0,0.2,0.1,3.0,0.3,0.064,34,76,0.0,0.16326530612244897,44,19,1,0,44,9|5|17|5|5,hub_localized,49
star,50,0.01,0.03,0.0,0.2,0.1,3.0,0.3,0.064,35,77,0.0,0.14285714285714285,43,19,1,0,43,1|8|5|17|5|6,hub_localized,49
star,50,0.01,0.03,0.0,0.2,0.1,3.0,0.3,0.064,36,78,0.0,0.16326530612244897,42,19,1,0,42,7|5|17|5|7,hub_localized,49
star,50,0.01,0.03,0.0,0.2,0.1,3.0,0.3,0.064,37,79,0.0,0.16326530612244897,49,19,1,0,49,7|5|17|5|7,hub_localized,49
star,50,0.01,0.03,0.0,0.2,0.1,3.0,0.3,0.064,38,80,0.0,0.16326530612244897,48,19,4,0,48,6|5|17|5|7|1,hub_localized,49
star,50,0.01,0.03,0.0,0.2,0.1,3.0,0.3,0.064,39,81,0.0,0.16326530612244897,47,19,1,0,47,5|5|17|5|7|2,hub_localized,49
star,50,0.01,0.03,0.0,0.2,0.1,3.0,0.3,0.064,40,82,0.0,0.16326530612244897,46,19,3,0,46,4|5|17|5|7|3,hub_localized,49
star,50,0.01,0.03,0.0,0.2,0.1,3.0,0.3,0.064,41,83,0.0,0.16326530612244897,45,19,1,0,45,4|5|17|5|7|4,hub_localized,49
star,50,0.01,0.03,0.0,0.2,0.1,3.0,0.3,0.064,42,84,0.0,0.16326530612244897,44,19,3,0,44,2|5|17|5|7|5,hub_localized,49
star,50,0.01,0.03,0.0,0.2,0.1,3.0,0.3,0.064,43,85,0.0,0.16326530612244897,43,19,1,0,43,1|5|17|5|7|6,hub_localized,49
star,50,0.01,0.03,0.0,0.2,0.1,3.0,0.3,0.064,44,86,0.0,0.14285714285714285,42,19,3,0,42,2|5|17|5|7|7,hub_localized,49
star,50,0.01,0.03,0.0,0.2,0.1,3.0,0.3,0.064,45,87,0.0,0.14285714285714285,41,19,1,0,41,5|17|5|7|8,hub_localized,49
star,50,0.01,0.03,0.0,0.2,0.1,3.0,0.3,0.064,46,88,0.0,0.12244897959183673,40,9,4,0,40,5|17|5|7|9,hub_localized,49
star,50,0.01,0.03,0.0,0.2,0.1,3.0,0.3,0.064,47,89,0.0,0.10204081632653061,39,10,3,0,39,5|17|5|7|10,hub_localized,49
star,50,0.01,0.03,0.0,0.2,0.1,3.0,0.3,0.064,48,90,0.0,0.12244897959183673,49,10,1,0,49,4|17|5|7|10,hub_localized,49
star,50,0.01,0.03,0.0,0.2,0.1,3.0,0.3,0.064,49,91,0.0,0.12244897959183673,48,9,1,0,48,3|17|5|7|10|1,hub_localized,49
star,50,0.01,0.03,0.0,0.2,0.1,3.0,0.3,0.066,0,42,0.0,0.2653061224489796,47,19,4,1,47,3|4|5|1|7|2|4|1|7|2,hub_localized,49
star,50,0.01,0.03,0.0,0.2,0.1,3.0,0.3,0.066,1,43,0.0,0.24489795918367346,46,19,5,1,46,2|4|5|1|7|2|4|9|3,hub_localized,49
star,50,0.01,0.03,0.0,0.2,0.1,3.0,0.3,0.066,2,44,0.0,0.24489795918367346,45,19,4,1,45,2|3|5|1|7|2|4|1|9|4,hub_localized,49
star,50,0.01,0.03,0.0,0.2,0.1,3.0,0.3,0.066,3,45,0.0,0.2653061224489796,44,19,4,1,44,1|3|5|1|7|2|4|9|5,hub_localized,49
star,50,0.01,0.03,0.0,0.2,0.1,3.0,0.3,0.066,4,46,0.0,0.2653061224489796,49,19,4,1,49,3|5|1|7|2|4|9|5,hub_localized,49
star,50,0.01,0.03,0.0,0.2,0.1,3.0,0.3,0.066,5,47,0.0,0.22448979591836735,48,19,5,1,48,9|1|7|2|4|9|5|1,hub_localized,49
star,50,0.01,0.03,0.0,0.2,0.1,3.0,0.3,0.066,6,48,0.0,0.24489795918367346,47,19,4,1,47,3|5|1|7|2|4|9|5|2,hub_localized,49
star,50,0.01,0.03,0.0,0.2,0.1,3.0,0.3,0.066,7,49,0.0,0.24489795918367346,46,19,5,1,46,1|5|1|7|2|4|9|5|3,hub_localized,49
star,50,0.01,0.03,0.0,0.2,0.1,3.0,0.3,0.066,8,50,0.0,0.24489795918367346,45,19,5,1,45,1|5|1|7|2|4|9|5|4,hub_localized,49
star,50,0.01,0.03,0.0,0.2,0.1,3.0,0.3,0.066,9,51,0.0,0.24489795918367346,44,19,5,1,44,5|1|7|2|4|1|7|5|5,hub_localized,49
star,50,0.01,0.03,0.0,0.2,0.1,3.0,0.3,0.066,10,52,0.0,0.22448979591836735,43,19,6,1,43,4|1|7|2|4|9|5|6,hub_localized,49
star,50,0.01,0.03,0.0,0.2,0.1,3.0,0.3,0.066,11,53,0.0,0.22448979591836735,42,19,5,1,42,3|1|7|2|4|9|5|7,hub_localized,49
star,50,0.01,0.03,0.0,0.2,0.1,3.0,0.3,0.066,12,54,0.0,0.24489795918367346,41,19,6,1,41,3|1|7|2|4|1|7|5|8,hub_localized,49
star,50,0.01,0.03,0.0,0.2,0.1,3.0,0.3,0.066,13,55,0.0,0.22448979591836735,40,19,5,1,40,1|1|7|2|4|9|5|9,hub_localized,49
star,50,0.01,0.03,0.0,0.2,0.1,3.0,0.3,0.066,14,56,0.0,0.20408163265306123,39,19,5,1,39,1|1|7|2|4|1|9|5|10,hub_localized,49
star,50,0.01,0.03,0.0,0.2,0.1,3.0,0.3,0.066,15,57,0.0,0.20408163265306123,38,19,16,1,38,1|7|2|4|9|5|11,hub_localized,49
star,50,0.01,0.03,0.0,0.2,0.1,3.0,0.3,0.066,16,58,0.0,0.20408163265306123,37,19,16,1,37,1|7|2|4|9|5|12,hub_localized,49
star,50,0.01,0.03,0.0,0.2,0.1,3.0,0.3,0.066,17,59,0.0,0.16326530612244897,36,19,16,0,36,7|2|4|10|5|13,hub_localized,49
star,50,0.01,0.03,0.0,0.2,0.1,3.0,0.3,0.066,18,60,0.0,0.1836734693877551,35,19,16,0,35,7|2|4|9|5|14,hub_localized,49
star,50,0.01,0.03,0.0,0.2,0.1,3.0,0.3,0.066,19,61,0.0,0.1836734693877551,34,19,16,0,34,6|2|4|9|5|15,hub_localized,49
star,50,0.01,0.03,0.0,0.2,0.1,3.0,0.3,0.066,20,62,0.0,0.1836734693877551,33,19,16,0,33,5|2|4|9|5|16,hub_localized,49
star,50,0.01,0.03,0.0,0.2,0.1,3.0,0.3,0.066,21,63,0.0,0.1836734693877551,32,19,16,0,32,4|2|4|9|5|17,hub_localized,49
star,50,0.01,0.03,0.0,0.2,0.1,3.0,0.3,0.066,22,64,0.0,0.20408163265306123,49,19,1,1,49,3|2|4|9|5|17,hub_localized,49
star,50,0.01,0.03,0.0,0.2,0.1,3.0,0.3,0.066,23,65,0.0,0.20408163265306123,48,19,3,1,48,2|2|4|9|5|17|1,hub_localized,49
star,50,0.01,0.03,0.0,0.2,0.1,3.0,0.3,0.066,24,66,0.0,0.20408163265306123,47,19,3,1,47,1|2|4|9|5|17|2,hub_localized,49
star,50,0.01,0.03,0.0,0.2,0.1,3.0,0.3,0.066,25,67,0.0,0.1836734693877551,46,19,1,0,46,2|4|9|5|17|3,hub_localized,49
star,50,0.01,0.03,0.0,0.2,0.1,3.0,0.3,0.066,26,68,0.0,0.1836734693877551,45,19,1,0,45,1|4|9|5|17|4,hub_localized,49
star,50,0.01,0.03,0.0,0.2,0.1,3.0,0.3,0.066,27,69,0.0,0.1836734693877551,44,19,1,0,44,1|4|9|5|17|5,hub_localized,49
star,50,0.01,0.03,0.0,0.2,0.1,3.0,0.3,0.066,28,70,0.0,0.1836734693877551,49,19,1,0,49,4|9|5|17|5,hub_localized,49
star,50,0.01,0.03,0.0,0.2,0.1,3.0,0.3,0.066,29,71,0.0,0.20408163265306123,49,19,3,1,49,3|9|5|17|5,hub_localized,49
star,50,0.01,0.03,0.0,0.2,0.1,3.0,0.3,0.066,30,72,0.0,0.20408163265306123,48,19,1,1,48,2|9|5|17|5|1,hub_localized,49
star,50,0.01,0.03,0.0,0.2,0.1,3.0,0.3,0.066,31,73,0.0,0.20408163265306123,47,19,3,1,47,2|9|5|17|5|2,hub_localized,49
star,50,0.01,0.03,0.0,0.2,0.1,3.0,0.3,0.066,32,74,0.0,0.20408163265306123,46,19,1,1,46,1|7|5|17|6|3,hub_localized,49
star,50,0.01,0.03,0.0,0.2,0.1,3.0,0.3,0.066,33,75,0.0,0.1836734693877551,45,19,1,0,45,9|5|17|5|4,hub_localized,49
star,50,0.01,0.03,0.0,0.2,0.1,3.0,0.3,0.066,34,76,0.0,0.16326530612244897,44,19,1,0,44,9|5|17|5|5,hub_localized,49
star,50,0.01,0.03,0.0,0.2,0.1,3.0,0.3,0.066,35,77,0.0,0.12244897959183673,43,19,1,0,43,10|5|17|5|6,hub_localized,49
star,50,0.01,0.03,0.0,0.2,0.1,3.0,0.3,0.066,36,78,0.0,0.14285714285714285,42,19,1,0,42,8|5|17|5|7,hub_localized,49
star,50,0.01,0.03,0.0,0.2,0.1,3.0,0.3,0.066,37,79,0.0,0.16326530612244897,49,19,1,0,49,8|5|17|5|7,hub_localized,49
star,50,0.01,0.03,0.0,0.2,0.1,3.0,0.3,0.066,38,80,0.0,0.16326530612244897,48,19,4,0,48,6|5|17|5|7|1,hub_localized,49
star,50,0.01,0.03,0.0,0.2,0.1,3.0,0.3,0.066,39,81,0.0,0.16326530612244897,47,19,1,0,47,5|5|17|5|7|2,hub_localized,49
star,50,0.01,0.03,0.0,0.2,0.1,3.0,0.3,0.066,40,82,0.0,0.16326530612244897,46,19,3,0,46,4|5|17|5|7|3,hub_localized,49
star,50,0.01,0.03,0.0,0.2,0.1,3.0,0.3,0.066,41,83,0.0,0.16326530612244897,45,19,1,0,45,4|5|17|5|7|4,hub_localized,49
star,50,0.01,0.03,0.0,0.2,0.1,3.0,0.3,0.066,42,84,0.0,0.16326530612244897,44,19,3,0,44,2|5|17|5|7|5,hub_localized,49
star,50,0.01,0.03,0.0,0.2,0.1,3.0,0.3,0.066,43,85,0.0,0.16326530612244897,43,19,1,0,43,1|5|17|5|7|6,hub_localized,49
star,50,0.01,0.03,0.0,0.2,0.1,3.0,0.3,0.066,44,86,0.0,0.16326530612244897,42,19,3,0,42,1|5|17|5|7|7,hub_localized,49
star,50,0.01,0.03,0.0,0.2,0.1,3.0,0.3,0.066,45,87,0.0,0.14285714285714285,41,19,1,0,41,5|17|5|7|8,hub_localized,49
star,50,0.01,0.03,0.0,0.2,0.1,3.0,0.3,0.066,46,88,0.0,0.12244897959183673,40,9,4,0,40,5|17|5|7|9,hub_localized,49
star,50,0.01,0.03,0.0,0.2,0.1,3.0,0.3,0.066,47,89,0.0,0.10204081632653061,39,10,3,0,39,5|17|5|7|10,hub_localized,49
star,50,0.01,0.03,0.0,0.2,0.1,3.0,0.3,0.066,48,90,0.0,0.12244897959183673,49,10,1,0,49,4|17|5|7|10,hub_localized,49
star,50,0.01,0.03,0.0,0.2,0.1,3.0,0.3,0.066,49,91,0.0,0.12244897959183673,48,10,1,0,48,3|17|5|7|10|1,hub_localized,49
star,50,0.01,0.03,0.0,0.2,0.1,3.0,0.3,0.068,0,42,0.0,0.24489795918367346,47,19,4,1,47,3|4|5|1|7|2|4|9|2,hub_localized,49
star,50,0.01,0.03,0.0,0.2,0.1,3.0,0.3,0.068,1,43,0.0,0.24489795918367346,46,19,5,1,46,2|4|5|1|7|2|4|9|3,hub_localized,49
star,50,0.01,0.03,0.0,0.2,0.1,3.0,0.3,0.068,2,44,0.0,0.24489795918367346,45,19,4,1,45,2|3|5|1|7|2|4|1|9|4,hub_localized,49
star,50,0.01,0.03,0.0,0.2,0.1,3.0,0.3,0.068,3,45,0.0,0.24489795918367346,44,19,4,1,44,1|4|5|1|7|2|4|9|5,hub_localized,49
star,50,0.01,0.03,0.0,0.2,0.1,3.0,0.3,0.068,4,46,0.0,0.2653061224489796,49,19,4,1,49,3|5|1|7|2|4|9|5,hub_localized,49
star,50,0.01,0.03,0.0,0.2,0.1,3.0,0.3,0.068,5,47,0.0,0.22448979591836735,48,19,5,1,48,9|1|7|2|4|9|5|1,hub_localized,49
star,50,0.01,0.03,0.0,0.2,0.1,3.0,0.3,0.068,6,48,0.0,0.24489795918367346,47,19,4,1,47,3|5|1|7|2|4|9|5|2,hub_localized,49
star,50,0.01,0.03,0.0,0.2,0.1,3.0,0.3,0.068,7,49,0.0,0.24489795918367346,46,19,5,1,46,1|5|1|7|2|4|9|5|3,hub_localized,49
star,50,0.01,0.03,0.0,0.2,0.1,3.0,0.3,0.068,8,50,0.0,0.24489795918367346,45,19,5,1,45,1|5|1|7|2|4|9|5|4,hub_localized,49
star,50,0.01,0.03,0.0,0.2,0.1,3.0,0.3,0.068,9,51,0.0,0.22448979591836735,44,19,5,1,44,5|1|7|2|4|9|5|5,hub_localized,49
star,50,0.01,0.03,0.0,0.2,0.1,3.0,0.3,0.068,10,52,0.0,0.22448979591836735,43,19,6,1,43,4|1|7|2|4|9|5|6,hub_localized,49
star,50,0.01,0.03,0.0,0.2,0.1,3.0,0.3,0.068,11,53,0.0,0.22448979591836735,42,19,5,1,42,3|1|7|2|4|9|5|7,hub_localized,49
star,50,0.01,0.03,0.0,0.2,0.1,3.0,0.3,0.068,12,54,0.0,0.22448979591836735,41,19,6,1,41,3|1|7|2|4|9|5|8,hub_localized,49
star,50,0.01,0.03,0.0,0.2,0.1,3.0,0.3,0.068,13,55,0.0,0.22448979591836735,40,19,5,1,40,1|1|7|2|4|9|5|9,hub_localized,49
star,50,0.01,0.03,0.0,0.2,0.1,3.0,0.3,0.068,14,56,0.0,0.20408163265306123,39,19,5,1,39,1|1|7|2|4|1|9|5|10,hub_localized,49
star,50,0.01,0.03,0.0,0.2,0.1,3.0,0.3,0.068,15,57,0.0,0.20408163265306123,38,19,16,1,38,1|7|2|4|9|5|11,hub_localized,49
star,50,0.01,0.03,0.0,0.2,0.1,3.0,0.3,0.068,16,58,0.0,0.20408163265306123,37,19,16,1,37,1|7|2|4|9|5|12,hub_localized,49
star,50,0.01,0.03,0.0,0.2,0.1,3.0,0.3,0.068,17,59,0.0,0.16326530612244897,36,19,16,0,36,7|2|4|10|5|13,hub_localized,49
star,50,0.01,0.03,0.0,0.2,0.1,3.0,0.3,0.068,18,60,0.0,0.1836734693877551,35,19,16,0,35,7|2|4|9|5|14,hub_localized,49
star,50,0.01,0.03,0.0,0.2,0.1,3.0,0.3,0.068,19,61,0.0,0.1836734693877551,34,19,16,0,34,6|2|4|9|5|15,hub_localized,49
star,50,0.01,0.03,0.0,0.2,0.1,3.0,0.3,0.068,20,62,0.0,0.1836734693877551,33,19,16,0,33,5|2|4|9|5|16,hub_localized,49
star,50,0.01,0.03,0.0,0.2,0.1,3.0,0.3,0.068,21,63,0.0,0.1836734693877551,32,19,16,0,32,4|2|4|9|5|17,hub_localized,49
star,50,0.01,0.03,0.0,0.2,0.1,3.0,0.3,0.068,22,64,0.0,0.20408163265306123,49,19,1,1,49,3|2|4|9|5|17,hub_localized,49
star,50,0.01,0.03,0.0,0.2,0.1,3.0,0.3,0.068,23,65,0.0,0.20408163265306123,48,19,3,1,48,2|2|4|9|5|17|1,hub_localized,49
star,50,0.01,0.03,0.0,0.2,0.1,3.0,0.3,0.068,24,66,0.0,0.20408163265306123,47,19,3,1,47,1|2|4|9|5|17|2,hub_localized,49
star,50,0.01,0.03,0.0,0.2,0.1,3.0,0.3,0.068,25,67,0.0,0.1836734693877551,46,19,1,0,46,2|4|9|5|17|3,hub_localized,49
star,50,0.01,0.03,0.0,0.2,0.1,3.0,0.3,0.068,26,68,0.0,0.1836734693877551,45,19,1,0,45,1|4|9|5|17|4,hub_localized,49
star,50,0.01,0.03,0.0,0.2,0.1,3.0,0.3,0.068,27,69,0.0,0.1836734693877551,44,19,1,0,44,1|4|9|5|17|5,hub_localized,49
star,50,0.01,0.03,0.0,0.2,0.1,3.0,0.3,0.068,28,70,0.0,0.16326530612244897,43,19,1,0,43,4|9|5|17|6,hub_localized,49
star,50,0.01,0.03,0.0,0.2,0.1,3.0,0.3,0.068,29,71,0.0,0.1836734693877551,49,19,3,0,49,3|9|5|17|6,hub_localized,49
star,50,0.01,0.03,0.0,0.2,0.1,3.0,0.3,0.068,30,72,0.0,0.1836734693877551,48,19,1,0,48,2|9|5|17|6|1,hub_localized,49
star,50,0.01,0.03,0.0,0.2,0.1,3.0,0.3,0.068,31,73,0.0,0.1836734693877551,47,19,3,0,47,2|9|5|17|6|2,hub_localized,49
star,50,0.01,0.03,0.0,0.2,0.1,3.0,0.3,0.068,32,74,0.0,0.1836734693877551,46,19,1,0,46,9|5|17|6|3,hub_localized,49
star,50,0.01,0.03,0.0,0.2,0.1,3.0,0.3,0.068,33,75,0.0,0.16326530612244897,45,19,1,0,45,9|5|17|6|4,hub_localized,49
star,50,0.01,0.03,0.0,0.2,0.1,3.0,0.3,0.068,34,76,0.0,0.14285714285714285,44,19,1,0,44,9|5|17|6|5,hub_localized,49
star,50,0.01,0.03,0.0,0.2,0.1,3.0,0.3,0.068,35,77,0.0,0.10204081632653061,43,19,1,0,43,10|5|17|6|6,hub_localized,49
star,50,0.01,0.03,0.0,0.2,0.1,3.0,0.3,0.068,36,78,0.0,0.10204081632653061,42,19,1,0,42,9|5|17|6|7,hub_localized,49
star,50,0.01,0.03,0.0,0.2,0.1,3.0,0.3,0.068,37,79,0.0,0.14285714285714285,49,19,1,0,49,8|5|17|6|7,hub_localized,49
star,50,0.01,0.03,0.0,0.2,0.1,3.0,0.3,0.068,38,80,0.0,0.14285714285714285,48,19,4,0,48,6|5|17|6|7|1,hub_localized,49
star,50,0.01,0.03,0.0,0.2,0.1,3.0,0.3,0.068,39,81,0.0,0.14285714285714285,47,19,1,0,47,5|5|17|6|7|2,hub_localized,49
star,50,0.01,0.03,0.0,0.2,0.1,3.0,0.3,0.068,40,82,0.0,0.14285714285714285,46,19,3,0,46,4|5|17|6|7|3,hub_localized,49
star,50,0.01,0.03,0.0,0.2,0.1,3.0,0.3,0.068,41,83,0.0,0.14285714285714285,45,19,1,0,45,4|5|17|6|7|4,hub_localized,49
star,50,0.01,0.03,0.0,0.2,0.1,3.0,0.3,0.068,42,84,0.0,0.14285714285714285,44,19,3,0,44,2|5|17|6|7|5,hub_localized,49
star,50,0.01,0.03,0.0,0.2,0.1,3.0,0.3,0.068,43,85,0.0,0.14285714285714285,43,19,1,0,43,1|5|17|6|7|6,hub_localized,49
star,50,0.01,0.03,0.0,0.2,0.1,3.0,0.3,0.068,44,86,0.0,0.14285714285714285,42,19,3,0,42,1|5|17|6|7|7,hub_localized,49
star,50,0.01,0.03,0.0,0.2,0.1,3.0,0.3,0.068,45,87,0.0,0.12244897959183673,41,19,1,0,41,5|17|6|7|8,hub_localized,49
star,50,0.01,0.03,0.0,0.2,0.1,3.0,0.3,0.068,46,88,0.0,0.10204081632653061,40,9,4,0,40,5|17|6|7|9,hub_localized,49
star,50,0.01,0.03,0.0,0.2,0.1,3.0,0.3,0.068,47,89,0.0,0.08163265306122448,39,10,3,0,39,5|17|6|7|10,hub_localized,49
star,50,0.01,0.03,0.0,0.2,0.1,3.0,0.3,0.068,48,90,0.0,0.10204081632653061,49,10,1,0,49,4|17|6|7|10,hub_localized,49
star,50,0.01,0.03,0.0,0.2,0.1,3.0,0.3,0.068,49,91,0.0,0.10204081632653061,48,10,1,0,48,3|17|6|7|10|1,hub_localized,49
star,50,0.01,0.03,0.0,0.2,0.1,3.0,0.3,0.07,0,42,0.0,0.20408163265306123,46,19,4,1,46,3|4|5|1|7|2|4|10|3,hub_localized,49
star,50,0.01,0.03,0.0,0.2,0.1,3.0,0.3,0.07,1,43,0.0,0.22448979591836735,46,19,5,1,46,2|4|5|1|7|2|4|10|3,hub_localized,49
star,50,0.01,0.03,0.0,0.2,0.1,3.0,0.3,0.07,2,44,0.0,0.22448979591836735,45,19,4,1,45,2|4|5|1|7|2|4|1|9|4,hub_localized,49
star,50,0.01,0.03,0.0,0.2,0.1,3.0,0.3,0.07,3,45,0.0,0.20408163265306123,43,19,4,1,43,1|4|5|1|7|2|4|10|6,hub_localized,49
star,50,0.01,0.03,0.0,0.2,0.1,3.0,0.3,0.07,4,46,0.0,0.24489795918367346,49,19,4,1,49,4|5|1|7|2|4|9|5,hub_localized,49
star,50,0.01,0.03,0.0,0.2,0.1,3.0,0.3,0.07,5,47,0.0,0.22448979591836735,48,19,5,1,48,3|5|1|7|2|4|10|5|1,hub_localized,49
star,50,0.01,0.03,0.0,0.2,0.1,3.0,0.3,0.07,6,48,0.0,0.22448979591836735,47,19,4,1,47,3|5|1|7|2|4|10|5|2,hub_localized,49
star,50,0.01,0.03,0.0,0.2,0.1,3.0,0.3,0.07,7,49,0.0,0.22448979591836735,46,19,5,1,46,1|5|1|7|2|4|10|5|3,hub_localized,49
star,50,0.01,0.03,0.0,0.2,0.1,3.0,0.3,0.07,8,50,0.0,0.20408163265306123,45,19,5,1,45,1|5|1|7|2|4|10|6|4,hub_localized,49
star,50,0.01,0.03,0.0,0.2,0.1,3.0,0.3,0.07,9,51,0.0,0.20408163265306123,44,19,5,1,44,5|1|7|2|4|9|6|5,hub_localized,49
star,50,0.01,0.03,0.0,0.2,0.1,3.0,0.3,0.07,10,52,0.0,0.16326530612244897,43,19,16,0,43,6|7|2|4|10|6|6,hub_localized,49
star,50,0.01,0.03,0.0,0.2,0.1,3.0,0.3,0.07,11,53,0.0,0.22448979591836735,42,19,5,1,42,3|1|7|2|4|9|5|7,hub_localized,49
star,50,0.01,0.03,0.0,0.2,0.1,3.0,0.3,0.07,12,54,0.0,0.1836734693877551,41,19,6,0,41,3|1|7|2|4|10|6|8,hub_localized,49
star,50,0.01,0.03,0.0,0.2,0.1,3.0,0.3,0.07,13,55,0.0,0.20408163265306123,40,19,5,1,40,1|1|7|2|4|10|5|9,hub_localized,49
star,50,0.01,0.03,0.0,0.2,0.1,3.0,0.3,0.07,14,56,0.0,0.16326530612244897,39,19,5,0,39,1|1|7|2|4|1|10|6|10,hub_localized,49
star,50,0.01,0.03,0.0,0.2,0.1,3.0,0.3,0.07,15,57,0.0,0.20408163265306123,38,19,16,1,38,1|7|2|4|9|5|11,hub_localized,49
star,50,0.01,0.03,0.0,0.2,0.1,3.0,0.3,0.07,16,58,0.0,0.1836734693877551,37,19,16,0,37,1|7|2|4|9|6|12,hub_localized,49
star,50,0.01,0.03,0.0,0.2,0.1,3.0,0.3,0.07,17,59,0.0,0.16326530612244897,36,19,16,0,36,7|2|4|10|5|13,hub_localized,49
star,50,0.01,0.03,0.0,0.2,0.1,3.0,0.3,0.07,18,60,0.0,0.16326530612244897,35,19,47,0,35,7|2|4|10|5|14,hub_localized,49
star,50,0.01,0.03,0.0,0.2,0.1,3.0,0.3,0.07,19,61,0.0,0.14285714285714285,34,19,16,0,34,6|2|4|10|6|15,hub_localized,49
star,50,0.01,0.03,0.0,0.2,0.1,3.0,0.3,0.07,20,62,0.0,0.16326530612244897,33,19,47,0,33,5|2|4|10|5|16,hub_localized,49
star,50,0.01,0.03,0.0,0.2,0.1,3.0,0.3,0.07,21,63,0.0,0.14285714285714285,32,19,16,0,32,4|2|4|10|6|17,hub_localized,49
star,50,0.01,0.03,0.0,0.2,0.1,3.0,0.3,0.07,22,64,0.0,0.16326530612244897,49,19,1,0,49,3|2|4|10|6|17,hub_localized,49
star,50,0.01,0.03,0.0,0.2,0.1,3.0,0.3,0.07,23,65,0.0,0.1836734693877551,48,19,3,0,48,2|2|4|10|5|17|1,hub_localized,49
star,50,0.01,0.03,0.0,0.2,0.1,3.0,0.3,0.07,24,66,0.0,0.1836734693877551,47,19,3,0,47,1|2|4|10|5|17|2,hub_localized,49
star,50,0.01,0.03,0.0,0.2,0.1,3.0,0.3,0.07,25,67,0.0,0.16326530612244897,46,19,1,0,46,2|4|10|5|17|3,hub_localized,49
star,50,0.01,0.03,0.0,0.2,0.1,3.0,0.3,0.07,26,68,0.0,0.16326530612244897,45,19,1,0,45,1|4|9|6|17|4,hub_localized,49
star,50,0.01,0.03,0.0,0.2,0.1,3.0,0.3,0.07,27,69,0.0,0.16326530612244897,44,19,1,0,44,1|4|10|5|17|5,hub_localized,49
star,50,0.01,0.03,0.0,0.2,0.1,3.0,0.3,0.07,28,70,0.0,0.14285714285714285,43,19,1,0,43,4|10|5|17|6,hub_localized,49
star,50,0.01,0.03,0.0,0.2,0.1,3.0,0.3,0.07,29,71,0.0,0.14285714285714285,49,19,3,0,49,3|10|6|17|6,hub_localized,49
star,50,0.01,0.03,0.0,0.2,0.1,3.0,0.3,0.07,30,72,0.0,0.1836734693877551,48,19,1,0,48,2|9|5|17|6|1,hub_localized,49
star,50,0.01,0.03,0.0,0.2,0.1,3.0,0.3,0.07,31,73,0.0,0.16326530612244897,47,19,3,0,47,2|10|5|17|6|2,hub_localized,49
star,50,0.01,0.03,0.0,0.2,0.1,3.0,0.3,0.07,32,74,0.0,0.16326530612244897,46,19,1,0,46,10|5|17|6|3,hub_localized,49
star,50,0.01,0.03,0.0,0.2,0.1,3.0,0.3,0.07,33,75,0.0,0.14285714285714285,45,19,1,0,45,10|5|17|6|4,hub_localized,49
star,50,0.01,0.03,0.0,0.2,0.1,3.0,0.3,0.07,34,76,0.0,0.14285714285714285,44,19,1,0,44,9|5|17|6|5,hub_localized,49
star,50,0.01,0.03,0.0,0.2,0.1,3.0,0.3,0.07,35,77,0.0,0.10204081632653061,43,19,1,0,43,10|5|17|6|6,hub_localized,49
star,50,0.01,0.03,0.0,0.2,0.1,3.0,0.3,0.07,36,78,0.0,0.10204081632653061,42,19,1,0,42,9|5|17|6|7,hub_localized,49
star,50,0.01,0.03,0.0,0.2,0.1,3.0,0.3,0.07,37,79,0.0,0.10204081632653061,49,19,1,0,49,9|6|17|6|7,hub_localized,49
star,50,0.01,0.03,0.0,0.2,0.1,3.0,0.3,0.07,38,80,0.0,0.10204081632653061,48,19,75,0,48,7|5|24|7|1,hub_localized,49
star,50,0.01,0.03,0.0,0.2,0.1,3.0,0.3,0.07,39,81,0.0,0.10204081632653061,47,19,1,0,47,6|6|17|6|7|2,hub_localized,49
star,50,0.01,0.03,0.0,0.2,0.1,3.0,0.3,0.07,40,82,0.0,0.10204081632653061,46,19,3,0,46,5|6|17|6|7|3,hub_localized,49
star,50,0.01,0.03,0.0,0.2,0.1,3.0,0.3,0.07,41,83,0.0,0.12244897959183673,45,19,1,0,45,5|5|17|6|7|4,hub_localized,49
star,50,0.01,0.03,0.0,0.2,0.1,3.0,0.3,0.07,42,84,0.0,0.12244897959183673,44,19,3,0,44,2|6|17|6|7|5,hub_localized,49
star,50,0.01,0.03,0.0,0.2,0.1,3.0,0.3,0.07,43,85,0.0,0.10204081632653061,43,19,1,0,43,2|6|17|6|7|6,hub_localized,49
star,50,0.01,0.03,0.0,0.2,0.1,3.0,0.3,0.07,44,86,0.0,0.12244897959183673,42,19,3,0,42,2|5|17|6|7|7,hub_localized,49
star,50,0.01,0.03,0.0,0.2,0.1,3.0,0.3,0.07,45,87,0.0,0.12244897959183673,41,19,1,0,41,1|5|17|6|7|8,hub_localized,49
star,50,0.01,0.03,0.0,0.2,0.1,3.0,0.3,0.07,46,88,0.0,0.10204081632653061,40,8,4,0,40,5|17|6|7|9,hub_localized,49
star,50,0.01,0.03,0.0,0.2,0.1,3.0,0.3,0.07,47,89,0.0,0.08163265306122448,39,10,3,0,39,5|17|6|7|10,hub_localized,49
star,50,0.01,0.03,0.0,0.2,0.1,3.0,0.3,0.07,48,90,0.0,0.10204081632653061,49,10,1,0,49,4|17|6|7|10,hub_localized,49
star,50,0.01,0.03,0.0,0.2,0.1,3.0,0.3,0.07,49,91,0.0,0.10204081632653061,48,10,1,0,48,3|17|6|7|10|1,hub_localized,49
star,50,0.01,0.03,0.0,0.2,0.1,3.0,0.3,0.072,0,42,0.0,0.20408163265306123,46,12,4,1,46,3|4|5|1|7|2|4|10|3,hub_localized,49
star,50,0.01,0.03,0.0,0.2,0.1,3.0,0.3,0.072,1,43,0.0,0.20408163265306123,45,12,5,1,45,2|4|5|1|7|2|4|10|4,hub_localized,49
star,50,0.01,0.03,0.0,0.2,0.1,3.0,0.3,0.072,2,44,0.0,0.1836734693877551,44,12,4,0,44,2|4|5|1|7|2|4|1|10|5,hub_localized,49
star,50,0.01,0.03,0.0,0.2,0.1,3.0,0.3,0.072,3,45,0.0,0.20408163265306123,43,12,4,1,43,1|4|5|1|7|2|4|10|6,hub_localized,49
star,50,0.01,0.03,0.0,0.2,0.1,3.0,0.3,0.072,4,46,0.0,0.1836734693877551,49,12,4,0,49,4|5|9|2|4|10|6,hub_localized,49
star,50,0.01,0.03,0.0,0.2,0.1,3.0,0.3,0.072,5,47,0.0,0.20408163265306123,48,12,5,1,48,3|5|1|7|2|4|10|6|1,hub_localized,49
star,50,0.01,0.03,0.0,0.2,0.1,3.0,0.3,0.072,6,48,0.0,0.1836734693877551,47,12,4,0,47,3|5|9|2|4|10|6|2,hub_localized,49
star,50,0.01,0.03,0.0,0.2,0.1,3.0,0.3,0.072,7,49,0.0,0.1836734693877551,46,12,5,0,46,1|5|9|2|4|10|6|3,hub_localized,49
star,50,0.01,0.03,0.0,0.2,0.1,3.0,0.3,0.072,8,50,0.0,0.1836734693877551,45,12,5,0,45,1|5|9|2|4|10|6|4,hub_localized,49
star,50,0.01,0.03,0.0,0.2,0.1,3.0,0.3,0.072,9,51,0.0,0.1836734693877551,44,12,5,0,44,5|1|7|2|4|10|6|5,hub_localized,49
star,50,0.01,0.03,0.0,0.2,0.1,3.0,0.3,0.072,10,52,0.0,0.16326530612244897,43,12,38,0,43,6|7|2|4|10|6|6,hub_localized,49
star,50,0.01,0.03,0.0,0.2,0.1,3.0,0.3,0.072,11,53,0.0,0.1836734693877551,42,12,5,0,42,3|9|2|4|9|6|7,hub_localized,49
star,50,0.01,0.03,0.0,0.2,0.1,3.0,0.3,0.072,12,54,0.0,0.16326530612244897,41,12,6,0,41,3|9|2|4|10|6|8,hub_localized,49
star,50,0.01,0.03,0.0,0.2,0.1,3.0,0.3,0.072,13,55,0.0,0.1836734693877551,40,12,5,0,40,1|1|7|2|4|10|6|9,hub_localized,49
star,50,0.01,0.03,0.0,0.2,0.1,3.0,0.3,0.072,14,56,0.0,0.16326530612244897,39,12,5,0,39,1|1|7|2|4|1|10|6|10,hub_localized,49
star,50,0.01,0.03,0.0,0.2,0.1,3.0,0.3,0.072,15,57,0.0,0.16326530612244897,38,12,16,0,38,1|7|2|4|10|6|11,hub_localized,49
star,50,0.01,0.03,0.0,0.2,0.1,3.0,0.3,0.072,16,58,0.0,0.16326530612244897,37,12,16,0,37,1|7|2|4|10|6|12,hub_localized,49
star,50,0.01,0.03,0.0,0.2,0.1,3.0,0.3,0.072,17,59,0.0,0.14285714285714285,36,12,47,0,36,7|2|4|10|6|13,hub_localized,49
star,50,0.01,0.03,0.0,0.2,0.1,3.0,0.3,0.072,18,60,0.0,0.14285714285714285,35,12,47,0,35,7|2|4|10|6|14,hub_localized,49
star,50,0.01,0.03,0.0,0.2,0.1,3.0,0.3,0.072,19,61,0.0,0.14285714285714285,34,12,16,0,34,6|2|4|10|6|15,hub_localized,49
star,50,0.01,0.03,0.0,0.2,0.1,3.0,0.3,0.072,20,62,0.0,0.14285714285714285,33,12,47,0,33,5|2|4|10|6|16,hub_localized,49
star,50,0.01,0.03,0.0,0.2,0.1,3.0,0.3,0.072,21,63,0.0,0.14285714285714285,32,12,16,0,32,4|2|4|10|6|17,hub_localized,49
star,50,0.01,0.03,0.0,0.2,0.1,3.0,0.3,0.072,22,64,0.0,0.16326530612244897,49,12,1,0,49,3|2|4|10|6|17,hub_localized,49
star,50,0.01,0.03,0.0,0.2,0.1,3.0,0.3,0.072,23,65,0.0,0.16326530612244897,48,12,3,0,48,2|2|4|10|6|17|1,hub_localized,49
star,50,0.01,0.03,0.0,0.2,0.1,3.0,0.3,0.072,24,66,0.0,0.16326530612244897,47,12,3,0,47,1|2|4|10|6|17|2,hub_localized,49
star,50,0.01,0.03,0.0,0.2,0.1,3.0,0.3,0.072,25,67,0.0,0.14285714285714285,46,12,1,0,46,2|4|10|6|17|3,hub_localized,49
star,50,0.01,0.03,0.0,0.2,0.1,3.0,0.3,0.072,26,68,0.0,0.14285714285714285,45,12,1,0,45,1|4|10|6|17|4,hub_localized,49
star,50,0.01,0.03,0.0,0.2,0.1,3.0,0.3,0.072,27,69,0.0,0.14285714285714285,44,12,1,0,44,1|4|10|6|17|5,hub_localized,49
star,50,0.01,0.03,0.0,0.2,0.1,3.0,0.3,0.072,28,70,0.0,0.12244897959183673,43,12,1,0,43,4|10|6|17|6,hub_localized,49
star,50,0.01,0.03,0.0,0.2,0.1,3.0,0.3,0.072,29,71,0.0,0.14285714285714285,49,12,3,0,49,3|10|6|17|6,hub_localized,49
star,50,0.01,0.03,0.0,0.2,0.1,3.0,0.3,0.072,30,72,0.0,0.14285714285714285,48,12,1,0,48,2|10|6|17|6|1,hub_localized,49
star,50,0.01,0.03,0.0,0.2,0.1,3.0,0.3,0.072,31,73,0.0,0.14285714285714285,47,12,3,0,47,2|10|6|17|6|2,hub_localized,49
star,50,0.01,0.03,0.0,0.2,0.1,3.0,0.3,0.072,32,74,0.0,0.14285714285714285,46,12,1,0,46,10|6|17|6|3,hub_localized,49
star,50,0.01,0.03,0.0,0.2,0.1,3.0,0.3,0.072,33,75,0.0,0.12244897959183673,45,12,1,0,45,10|6|17|6|4,hub_localized,49
star,50,0.01,0.03,0.0,0.2,0.1,3.0,0.3,0.072,34,76,0.0,0.10204081632653061,44,12,1,0,44,10|6|17|6|5,hub_localized,49
star,50,0.01,0.03,0.0,0.2,0.1,3.0,0.3,0.072,35,77,0.0,0.08163265306122448,43,12,1,0,43,10|6|17|6|6,hub_localized,49
star,50,0.01,0.03,0.0,0.2,0.1,3.0,0.3,0.072,36,78,0.0,0.08163265306122448,42,12,1,0,42,9|6|17|6|7,hub_localized,49
star,50,0.01,0.03,0.0,0.2,0.1,3.0,0.3,0.072,37,79,0.0,0.10204081632653061,49,12,1,0,49,9|6|17|6|7,hub_localized,49
star,50,0.01,0.03,0.0,0.2,0.1,3.0,0.3,0.072,38,80,0.0,0.08163265306122448,48,12,75,0,48,8|6|24|7|1,hub_localized,49
star,50,0.01,0.03,0.0,0.2,0.1,3.0,0.3,0.072,39,81,0.0,0.10204081632653061,47,12,1,0,47,6|6|17|6|7|2,hub_localized,49
star,50,0.01,0.03,0.0,0.2,0.1,3.0,0.3,0.072,40,82,0.0,0.10204081632653061,46,12,3,0,46,5|6|17|6|7|3,hub_localized,49
star,50,0.01,0.03,0.0,0.2,0.1,3.0,0.3,0.072,41,83,0.0,0.10204081632653061,45,12,1,0,45,5|6|17|6|7|4,hub_localized,49
star,50,0.01,0.03,0.0,0.2,0.1,3.0,0.3,0.072,42,84,0.0,0.10204081632653061,44,12,3,0,44,3|6|17|6|7|5,hub_localized,49
star,50,0.01,0.03,0.0,0.2,0.1,3.0,0.3,0.072,43,85,0.0,0.10204081632653061,43,12,1,0,43,2|6|17|6|7|6,hub_localized,49
star,50,0.01,0.03,0.0,0.2,0.1,3.0,0.3,0.072,44,86,0.0,0.10204081632653061,42,12,3,0,42,2|6|17|6|7|7,hub_localized,49
star,50,0.01,0.03,0.0,0.2,0.1,3.0,0.3,0.072,45,87,0.0,0.10204081632653061,41,12,1,0,41,1|6|17|6|7|8,hub_localized,49
star,50,0.01,0.03,0.0,0.2,0.1,3.0,0.3,0.072,46,88,0.0,0.08163265306122448,40,7,4,0,40,6|17|6|7|9,hub_localized,49
star,50,0.01,0.03,0.0,0.2,0.1,3.0,0.3,0.072,47,89,0.0,0.08163265306122448,39,7,3,0,39,5|17|6|7|10,hub_localized,49
star,50,0.01,0.03,0.0,0.2,0.1,3.0,0.3,0.072,48,90,0.0,0.10204081632653061,49,8,1,0,49,4|17|6|7|10,hub_localized,49
star,50,0.01,0.03,0.0,0.2,0.1,3.0,0.3,0.072,49,91,0.0,0.10204081632653061,48,8,1,0,48,3|17|6|7|10|1,hub_localized,49
star,50,0.01,0.03,0.0,0.2,0.1,3.0,0.3,0.074,0,42,0.0,0.20408163265306123,46,11,4,1,46,3|4|5|1|7|2|4|10|3,hub_localized,49
star,50,0.01,0.03,0.0,0.2,0.1,3.0,0.3,0.074,1,43,0.0,0.20408163265306123,45,11,5,1,45,2|4|5|1|7|2|4|10|4,hub_localized,49
star,50,0.01,0.03,0.0,0.2,0.1,3.0,0.3,0.074,2,44,0.0,0.1836734693877551,44,12,4,0,44,2|4|5|1|7|2|4|1|10|5,hub_localized,49
star,50,0.01,0.03,0.0,0.2,0.1,3.0,0.3,0.074,3,45,0.0,0.20408163265306123,43,11,4,1,43,1|4|5|1|7|2|4|10|6,hub_localized,49
star,50,0.01,0.03,0.0,0.2,0.1,3.0,0.3,0.074,4,46,0.0,0.1836734693877551,49,12,5,0,49,4|5|9|2|4|10|6,hub_localized,49
star,50,0.01,0.03,0.0,0.2,0.1,3.0,0.3,0.074,5,47,0.0,0.1836734693877551,48,12,5,0,48,3|5|9|2|4|10|6|1,hub_localized,49
star,50,0.01,0.03,0.0,0.2,0.1,3.0,0.3,0.074,6,48,0.0,0.1836734693877551,47,11,4,0,47,3|5|1|10|4|10|6|2,hub_localized,49
star,50,0.01,0.03,0.0,0.2,0.1,3.0,0.3,0.074,7,49,0.0,0.1836734693877551,46,12,5,0,46,1|5|9|2|4|10|6|3,hub_localized,49
star,50,0.01,0.03,0.0,0.2,0.1,3.0,0.3,0.074,8,50,0.0,0.16326530612244897,45,11,5,0,45,1|5|12|4|10|6|4,hub_localized,49
star,50,0.01,0.03,0.0,0.2,0.1,3.0,0.3,0.074,9,51,0.0,0.16326530612244897,44,11,5,0,44,5|9|2|4|10|6|5,hub_localized,49
star,50,0.01,0.03,0.0,0.2,0.1,3.0,0.3,0.074,10,52,0.0,0.16326530612244897,43,11,38,0,43,6|7|2|4|10|6|6,hub_localized,49
star,50,0.01,0.03,0.0,0.2,0.1,3.0,0.3,0.074,11,53,0.0,0.16326530612244897,42,11,5,0,42,3|9|2|4|10|6|7,hub_localized,49
star,50,0.01,0.03,0.0,0.2,0.1,3.0,0.3,0.074,12,54,0.0,0.16326530612244897,41,11,6,0,41,3|9|2|4|10|6|8,hub_localized,49
star,50,0.01,0.03,0.0,0.2,0.1,3.0,0.3,0.074,13,55,0.0,0.1836734693877551,40,11,6,0,40,1|1|7|2|4|10|6|9,hub_localized,49
star,50,0.01,0.03,0.0,0.2,0.1,3.0,0.3,0.074,14,56,0.0,0.1836734693877551,39,11,5,0,39,1|1|7|2|4|10|6|10,hub_localized,49
star,50,0.01,0.03,0.0,0.2,0.1,3.0,0.3,0.074,15,57,0.0,0.16326530612244897,38,11,16,0,38,1|7|2|4|10|6|11,hub_localized,49
star,50,0.01,0.03,0.0,0.2,0.1,3.0,0.3,0.074,16,58,0.0,0.16326530612244897,37,11,16,0,37,1|7|2|4|10|6|12,hub_localized,49
star,50,0.01,0.03,0.0,0.2,0.1,3.0,0.3,0.074,17,59,0.0,0.14285714285714285,36,11,47,0,36,7|2|4|10|6|13,hub_localized,49
star,50,0.01,0.03,0.0,0.2,0.1,3.0,0.3,0.074,18,60,0.0,0.12244897959183673,35,11,75,0,35,10|4|10|6|14,hub_localized,49
star,50,0.01,0.03,0.0,0.2,0.1,3.0,0.3,0.074,19,61,0.0,0.14285714285714285,34,11,16,0,34,6|2|4|10|6|15,hub_localized,49
star,50,0.01,0.03,0.0,0.2,0.1,3.0,0.3,0.074,20,62,0.0,0.14285714285714285,33,12,47,0,33,5|2|4|10|6|16,hub_localized,49
star,50,0.01,0.03,0.0,0.2,0.1,3.0,0.3,0.074,21,63,0.0,0.14285714285714285,32,11,47,0,32,4|2|4|10|6|17,hub_localized,49
star,50,0.01,0.03,0.0,0.2,0.1,3.0,0.3,0.074,22,64,0.0,0.16326530612244897,49,11,1,0,49,3|2|4|10|6|17,hub_localized,49
star,50,0.01,0.03,0.0,0.2,0.1,3.0,0.3,0.074,23,65,0.0,0.16326530612244897,48,11,3,0,48,2|2|4|10|6|17|1,hub_localized,49
star,50,0.01,0.03,0.0,0.2,0.1,3.0,0.3,0.074,24,66,0.0,0.16326530612244897,47,11,3,0,47,1|2|4|10|6|17|2,hub_localized,49
star,50,0.01,0.03,0.0,0.2,0.1,3.0,0.3,0.074,25,67,0.0,0.14285714285714285,46,11,1,0,46,2|4|10|6|17|3,hub_localized,49
star,50,0.01,0.03,0.0,0.2,0.1,3.0,0.3,0.074,26,68,0.0,0.14285714285714285,45,11,1,0,45,1|4|10|6|17|4,hub_localized,49
star,50,0.01,0.03,0.0,0.2,0.1,3.0,0.3,0.074,27,69,0.0,0.14285714285714285,44,12,1,0,44,1|4|10|6|17|5,hub_localized,49
star,50,0.01,0.03,0.0,0.2,0.1,3.0,0.3,0.074,28,70,0.0,0.12244897959183673,43,11,1,0,43,4|10|6|17|6,hub_localized,49
star,50,0.01,0.03,0.0,0.2,0.1,3.0,0.3,0.074,29,71,0.0,0.12244897959183673,42,11,3,0,42,3|10|6|17|7,hub_localized,49
star,50,0.01,0.03,0.0,0.2,0.1,3.0,0.3,0.074,30,72,0.0,0.12244897959183673,41,11,1,0,41,2|10|6|17|8,hub_localized,49
star,50,0.01,0.03,0.0,0.2,0.1,3.0,0.3,0.074,31,73,0.0,0.14285714285714285,47,12,3,0,47,2|10|6|17|6|2,hub_localized,49
star,50,0.01,0.03,0.0,0.2,0.1,3.0,0.3,0.074,32,74,0.0,0.14285714285714285,46,12,1,0,46,10|6|17|6|3,hub_localized,49
star,50,0.01,0.03,0.0,0.2,0.1,3.0,0.3,0.074,33,75,0.0,0.10204081632653061,38,11,1,0,38,10|6|17|11,hub_localized,49
star,50,0.01,0.03,0.0,0.2,0.1,3.0,0.3,0.074,34,76,0.0,0.08163265306122448,37,11,1,0,37,10|6|17|12,hub_localized,49
star,50,0.01,0.03,0.0,0.2,0.1,3.0,0.3,0.074,35,77,0.0,0.061224489795918366,36,12,1,0,36,10|6|17|13,hub_localized,49
star,50,0.01,0.03,0.0,0.2,0.1,3.0,0.3,0.074,36,78,0.0,0.08163265306122448,42,12,1,0,42,9|6|17|6|7,hub_localized,49
star,50,0.01,0.03,0.0,0.2,0.1,3.0,0.3,0.074,37,79,0.0,0.08163265306122448,49,11,1,0,49,9|6|17|14,hub_localized,49
star,50,0.01,0.03,0.0,0.2,0.1,3.0,0.3,0.074,38,80,0.0,0.061224489795918366,48,11,75,0,48,8|6|32|1,hub_localized,49
star,50,0.01,0.03,0.0,0.2,0.1,3.0,0.3,0.074,39,81,0.0,0.08163265306122448,47,11,1,0,47,7|6|17|14|2,hub_localized,49
star,50,0.01,0.03,0.0,0.2,0.1,3.0,0.3,0.074,40,82,0.0,0.08163265306122448,46,11,3,0,46,5|6|17|14|3,hub_localized,49
star,50,0.01,0.03,0.0,0.2,0.1,3.0,0.3,0.074,41,83,0.0,0.08163265306122448,45,11,1,0,45,5|6|17|14|4,hub_localized,49
star,50,0.01,0.03,0.0,0.2,0.1,3.0,0.3,0.074,42,84,0.0,0.08163265306122448,44,11,3,0,44,3|6|17|14|5,hub_localized,49
star,50,0.01,0.03,0.0,0.2,0.1,3.0,0.3,0.074,43,85,0.0,0.08163265306122448,43,11,1,0,43,2|6|17|14|6,hub_localized,49
star,50,0.01,0.03,0.0,0.2,0.1,3.0,0.3,0.074,44,86,0.0,0.08163265306122448,42,11,3,0,42,2|6|17|14|7,hub_localized,49
star,50,0.01,0.03,0.0,0.2,0.1,3.0,0.3,0.074,45,87,0.0,0.10204081632653061,41,12,1,0,41,1|6|17|6|7|8,hub_localized,49
star,50,0.01,0.03,0.0,0.2,0.1,3.0,0.3,0.074,46,88,0.0,0.08163265306122448,40,7,4,0,40,6|17|6|7|9,hub_localized,49
star,50,0.01,0.03,0.0,0.2,0.1,3.0,0.3,0.074,47,89,0.0,0.061224489795918366,39,7,3,0,39,5|17|14|10,hub_localized,49
star,50,0.01,0.03,0.0,0.2,0.1,3.0,0.3,0.074,48,90,0.0,0.10204081632653061,49,8,1,0,49,4|17|6|7|10,hub_localized,49
star,50,0.01,0.03,0.0,0.2,0.1,3.0,0.3,0.074,49,91,0.0,0.08163265306122448,48,8,1,0,48,3|17|14|10|1,hub_localized,49
star,50,0.01,0.03,0.0,0.2,0.1,3.0,0.3,0.076,0,42,0.0,0.16326530612244897,46,11,4,0,46,3|10|1|10|4|10|3,hub_localized,49
star,50,0.01,0.03,0.0,0.2,0.1,3.0,0.3,0.076,1,43,0.0,0.1836734693877551,45,11,5,0,45,2|4|5|1|10|4|10|4,hub_localized,49
star,50,0.01,0.03,0.0,0.2,0.1,3.0,0.3,0.076,2,44,0.0,0.14285714285714285,44,11,4,0,44,2|10|1|10|4|1|10|5,hub_localized,49
star,50,0.01,0.03,0.0,0.2,0.1,3.0,0.3,0.076,3,45,0.0,0.16326530612244897,43,11,4,0,43,1|10|1|10|4|10|6,hub_localized,49
star,50,0.01,0.03,0.0,0.2,0.1,3.0,0.3,0.076,4,46,0.0,0.16326530612244897,49,11,5,0,49,4|5|12|4|10|6,hub_localized,49
star,50,0.01,0.03,0.0,0.2,0.1,3.0,0.3,0.076,5,47,0.0,0.1836734693877551,48,11,5,0,48,3|5|9|2|4|10|6|1,hub_localized,49
star,50,0.01,0.03,0.0,0.2,0.1,3.0,0.3,0.076,6,48,0.0,0.16326530612244897,47,11,4,0,47,3|5|12|4|10|6|2,hub_localized,49
star,50,0.01,0.03,0.0,0.2,0.1,3.0,0.3,0.076,7,49,0.0,0.16326530612244897,46,11,5,0,46,1|5|12|4|10|6|3,hub_localized,49
star,50,0.01,0.03,0.0,0.2,0.1,3.0,0.3,0.076,8,50,0.0,0.16326530612244897,45,11,5,0,45,1|5|12|4|10|6|4,hub_localized,49
star,50,0.01,0.03,0.0,0.2,0.1,3.0,0.3,0.076,9,51,0.0,0.14285714285714285,44,11,5,0,44,5|12|4|10|6|5,hub_localized,49
star,50,0.01,0.03,0.0,0.2,0.1,3.0,0.3,0.076,10,52,0.0,0.16326530612244897,43,11,38,0,43,6|7|2|4|10|6|6,hub_localized,49
star,50,0.01,0.03,0.0,0.2,0.1,3.0,0.3,0.076,11,53,0.0,0.16326530612244897,42,11,5,0,42,3|9|2|4|10|6|7,hub_localized,49
star,50,0.01,0.03,0.0,0.2,0.1,3.0,0.3,0.076,12,54,0.0,0.14285714285714285,41,11,6,0,41,3|12|4|10|6|8,hub_localized,49
star,50,0.01,0.03,0.0,0.2,0.1,3.0,0.3,0.076,13,55,0.0,0.1836734693877551,40,11,6,0,40,1|1|7|2|4|10|6|9,hub_localized,49
star,50,0.01,0.03,0.0,0.2,0.1,3.0,0.3,0.076,14,56,0.0,0.16326530612244897,39,11,5,0,39,1|1|10|4|10|6|10,hub_localized,49
star,50,0.01,0.03,0.0,0.2,0.1,3.0,0.3,0.076,15,57,0.0,0.14285714285714285,38,11,38,0,38,1|10|4|10|6|11,hub_localized,49
star,50,0.01,0.03,0.0,0.2,0.1,3.0,0.3,0.076,16,58,0.0,0.14285714285714285,37,11,38,0,37,1|10|4|10|6|12,hub_localized,49
star,50,0.01,0.03,0.0,0.2,0.1,3.0,0.3,0.076,17,59,0.0,0.14285714285714285,36,11,47,0,36,7|2|4|10|6|13,hub_localized,49
star,50,0.01,0.03,0.0,0.2,0.1,3.0,0.3,0.076,18,60,0.0,0.12244897959183673,35,11,75,0,35,10|4|10|6|14,hub_localized,49
star,50,0.01,0.03,0.0,0.2,0.1,3.0,0.3,0.076,19,61,0.0,0.12244897959183673,34,11,75,0,34,9|4|10|6|15,hub_localized,49
star,50,0.01,0.03,0.0,0.2,0.1,3.0,0.3,0.076,20,62,0.0,0.12244897959183673,33,11,75,0,33,8|4|10|6|16,hub_localized,49
star,50,0.01,0.03,0.0,0.2,0.1,3.0,0.3,0.076,21,63,0.0,0.12244897959183673,32,11,75,0,32,7|4|10|6|17,hub_localized,49
star,50,0.01,0.03,0.0,0.2,0.1,3.0,0.3,0.076,22,64,0.0,0.14285714285714285,49,11,1,0,49,6|4|10|6|17,hub_localized,49
star,50,0.01,0.03,0.0,0.2,0.1,3.0,0.3,0.076,23,65,0.0,0.14285714285714285,48,11,3,0,48,5|4|10|6|17|1,hub_localized,49
star,50,0.01,0.03,0.0,0.2,0.1,3.0,0.3,0.076,24,66,0.0,0.14285714285714285,47,11,3,0,47,4|4|10|6|17|2,hub_localized,49
star,50,0.01,0.03,0.0,0.2,0.1,3.0,0.3,0.076,25,67,0.0,0.14285714285714285,46,11,1,0,46,2|4|10|6|17|3,hub_localized,49
star,50,0.01,0.03,0.0,0.2,0.1,3.0,0.3,0.076,26,68,0.0,0.14285714285714285,45,11,1,0,45,1|4|10|6|17|4,hub_localized,49
star,50,0.01,0.03,0.0,0.2,0.1,3.0,0.3,0.076,27,69,0.0,0.14285714285714285,44,11,1,0,44,1|4|10|6|17|5,hub_localized,49
star,50,0.01,0.03,0.0,0.2,0.1,3.0,0.3,0.076,28,70,0.0,0.12244897959183673,43,11,1,0,43,4|10|6|17|6,hub_localized,49
star,50,0.01,0.03,0.0,0.2,0.1,3.0,0.3,0.076,29,71,0.0,0.12244897959183673,42,11,3,0,42,3|10|6|17|7,hub_localized,49
star,50,0.01,0.03,0.0,0.2,0.1,3.0,0.3,0.076,30,72,0.0,0.12244897959183673,41,11,1,0,41,2|10|6|17|8,hub_localized,49
star,50,0.01,0.03,0.0,0.2,0.1,3.0,0.3,0.076,31,73,0.0,0.12244897959183673,40,11,3,0,40,2|10|6|17|9,hub_localized,49
star,50,0.01,0.03,0.0,0.2,0.1,3.0,0.3,0.076,32,74,0.0,0.12244897959183673,39,11,1,0,39,10|6|17|10,hub_localized,49
star,50,0.01,0.03,0.0,0.2,0.1,3.0,0.3,0.076,33,75,0.0,0.10204081632653061,38,11,1,0,38,10|6|17|11,hub_localized,49
star,50,0.01,0.03,0.0,0.2,0.1,3.0,0.3,0.076,34,76,0.0,0.08163265306122448,37,11,1,0,37,10|6|17|12,hub_localized,49
star,50,0.01,0.03,0.0,0.2,0.1,3.0,0.3,0.076,35,77,0.0,0.08163265306122448,36,11,1,0,36,10|5|17|13,hub_localized,49
star,50,0.01,0.03,0.0,0.2,0.1,3.0,0.3,0.076,36,78,0.0,0.061224489795918366,35,11,1,0,35,9|6|17|14,hub_localized,49
star,50,0.01,0.03,0.0,0.2,0.1,3.0,0.3,0.076,37,79,0.0,0.08163265306122448,49,11,1,0,49,9|6|17|14,hub_localized,49
star,50,0.01,0.03,0.0,0.2,0.1,3.0,0.3,0.076,38,80,0.0,0.061224489795918366,48,11,75,0,48,8|6|32|1,hub_localized,49
star,50,0.01,0.03,0.0,0.2,0.1,3.0,0.3,0.076,39,81,0.0,0.08163265306122448,47,11,1,0,47,7|6|17|14|2,hub_localized,49
star,50,0.01,0.03,0.0,0.2,0.1,3.0,0.3,0.076,40,82,0.0,0.08163265306122448,46,11,4,0,46,5|6|17|14|3,hub_localized,49
star,50,0.01,0.03,0.0,0.2,0.1,3.0,0.3,0.076,41,83,0.0,0.08163265306122448,45,11,1,0,45,5|6|17|14|4,hub_localized,49
star,50,0.01,0.03,0.0,0.2,0.1,3.0,0.3,0.076,42,84,0.0,0.08163265306122448,44,11,3,0,44,3|6|17|14|5,hub_localized,49
star,50,0.01,0.03,0.0,0.2,0.1,3.0,0.3,0.076,43,85,0.0,0.08163265306122448,43,11,1,0,43,2|6|17|14|6,hub_localized,49
star,50,0.01,0.03,0.0,0.2,0.1,3.0,0.3,0.076,44,86,0.0,0.08163265306122448,42,11,3,0,42,2|6|17|14|7,hub_localized,49
star,50,0.01,0.03,0.0,0.2,0.1,3.0,0.3,0.076,45,87,0.0,0.08163265306122448,41,11,1,0,41,1|6|17|14|8,hub_localized,49
star,50,0.01,0.03,0.0,0.2,0.1,3.0,0.3,0.076,46,88,0.0,0.08163265306122448,40,8,4,0,40,6|17|6|7|9,hub_localized,49
star,50,0.01,0.03,0.0,0.2,0.1,3.0,0.3,0.076,47,89,0.0,0.061224489795918366,39,8,3,0,39,5|17|14|10,hub_localized,49
star,50,0.01,0.03,0.0,0.2,0.1,3.0,0.3,0.076,48,90,0.0,0.08163265306122448,49,9,1,0,49,4|17|14|10,hub_localized,49
star,50,0.01,0.03,0.0,0.2,0.1,3.0,0.3,0.076,49,91,0.0,0.08163265306122448,48,9,1,0,48,3|17|14|10|1,hub_localized,49
star,50,0.01,0.03,0.0,0.2,0.1,3.0,0.3,0.078,0,42,0.0,0.16326530612244897,46,9,4,0,46,3|10|1|10|4|10|3,hub_localized,49
star,50,0.01,0.03,0.0,0.2,0.1,3.0,0.3,0.078,1,43,0.0,0.1836734693877551,45,9,5,0,45,2|4|5|1|10|4|10|4,hub_localized,49
star,50,0.01,0.03,0.0,0.2,0.1,3.0,0.3,0.078,2,44,0.0,0.14285714285714285,44,9,4,0,44,2|10|1|10|4|1|10|5,hub_localized,49
star,50,0.01,0.03,0.0,0.2,0.1,3.0,0.3,0.078,3,45,0.0,0.14285714285714285,43,9,4,0,43,1|10|12|4|10|6,hub_localized,49
star,50,0.01,0.03,0.0,0.2,0.1,3.0,0.3,0.078,4,46,0.0,0.16326530612244897,49,9,5,0,49,4|5|12|4|10|6,hub_localized,49
star,50,0.01,0.03,0.0,0.2,0.1,3.0,0.3,0.078,5,47,0.0,0.1836734693877551,48,9,5,0,48,3|5|9|2|4|10|6|1,hub_localized,49
star,50,0.01,0.03,0.0,0.2,0.1,3.0,0.3,0.078,6,48,0.0,0.14285714285714285,47,9,4,0,47,9|12|4|10|6|2,hub_localized,49
star,50,0.01,0.03,0.0,0.2,0.1,3.0,0.3,0.078,7,49,0.0,0.14285714285714285,46,11,5,0,46,7|12|4|10|6|3,hub_localized,49
star,50,0.01,0.03,0.0,0.2,0.1,3.0,0.3,0.078,8,50,0.0,0.16326530612244897,45,9,5,0,45,1|5|12|4|10|6|4,hub_localized,49
star,50,0.01,0.03,0.0,0.2,0.1,3.0,0.3,0.078,9,51,0.0,0.14285714285714285,44,9,5,0,44,5|12|4|10|6|5,hub_localized,49
star,50,0.01,0.03,0.0,0.2,0.1,3.0,0.3,0.078,10,52,0.0,0.14285714285714285,43,9,38,0,43,6|10|4|10|6|6,hub_localized,49
star,50,0.01,0.03,0.0,0.2,0.1,3.0,0.3,0.078,11,53,0.0,0.14285714285714285,42,9,5,0,42,3|12|4|10|6|7,hub_localized,49
star,50,0.01,0.03,0.0,0.2,0.1,3.0,0.3,0.078,12,54,0.0,0.14285714285714285,41,11,38,0,41,5|10|4|10|6|8,hub_localized,49
star,50,0.01,0.03,0.0,0.2,0.1,3.0,0.3,0.078,13,55,0.0,0.16326530612244897,40,9,6,0,40,1|1|10|4|10|6|9,hub_localized,49
star,50,0.01,0.03,0.0,0.2,0.1,3.0,0.3,0.078,14,56,0.0,0.16326530612244897,39,9,5,0,39,1|1|10|4|10|6|10,hub_localized,49
star,50,0.01,0.03,0.0,0.2,0.1,3.0,0.3,0.078,15,57,0.0,0.14285714285714285,38,9,38,0,38,1|10|4|10|6|11,hub_localized,49
star,50,0.01,0.03,0.0,0.2,0.1,3.0,0.3,0.078,16,58,0.0,0.14285714285714285,37,9,38,0,37,1|10|4|10|6|12,hub_localized,49
star,50,0.01,0.03,0.0,0.2,0.1,3.0,0.3,0.078,17,59,0.0,0.14285714285714285,36,9,47,0,36,7|2|4|10|6|13,hub_localized,49
star,50,0.01,0.03,0.0,0.2,0.1,3.0,0.3,0.078,18,60,0.0,0.12244897959183673,35,9,75,0,35,10|4|10|6|14,hub_localized,49
star,50,0.01,0.03,0.0,0.2,0.1,3.0,0.3,0.078,19,61,0.0,0.12244897959183673,34,9,75,0,34,9|4|10|6|15,hub_localized,49
star,50,0.01,0.03,0.0,0.2,0.1,3.0,0.3,0.078,20,62,0.0,0.12244897959183673,33,9,75,0,33,8|4|10|6|16,hub_localized,49
star,50,0.01,0.03,0.0,0.2,0.1,3.0,0.3,0.078,21,63,0.0,0.12244897959183673,32,9,75,0,32,7|4|10|6|17,hub_localized,49
star,50,0.01,0.03,0.0,0.2,0.1,3.0,0.3,0.078,22,64,0.0,0.14285714285714285,49,9,1,0,49,6|4|10|6|17,hub_localized,49
star,50,0.01,0.03,0.0,0.2,0.1,3.0,0.3,0.078,23,65,0.0,0.14285714285714285,48,9,3,0,48,5|4|10|6|17|1,hub_localized,49
star,50,0.01,0.03,0.0,0.2,0.1,3.0,0.3,0.078,24,66,0.0,0.14285714285714285,47,9,3,0,47,4|4|10|6|17|2,hub_localized,49
star,50,0.01,0.03,0.0,0.2,0.1,3.0,0.3,0.078,25,67,0.0,0.14285714285714285,46,9,1,0,46,2|4|10|6|17|3,hub_localized,49
star,50,0.01,0.03,0.0,0.2,0.1,3.0,0.3,0.078,26,68,0.0,0.14285714285714285,45,9,1,0,45,1|4|10|6|17|4,hub_localized,49
star,50,0.01,0.03,0.0,0.2,0.1,3.0,0.3,0.078,27,69,0.0,0.14285714285714285,44,9,1,0,44,1|4|10|6|17|5,hub_localized,49
star,50,0.01,0.03,0.0,0.2,0.1,3.0,0.3,0.078,28,70,0.0,0.12244897959183673,43,9,1,0,43,4|10|6|17|6,hub_localized,49
star,50,0.01,0.03,0.0,0.2,0.1,3.0,0.3,0.078,29,71,0.0,0.12244897959183673,42,9,3,0,42,3|10|6|17|7,hub_localized,49
star,50,0.01,0.03,0.0,0.2,0.1,3.0,0.3,0.078,30,72,0.0,0.12244897959183673,41,11,1,0,41,2|10|6|17|8,hub_localized,49
star,50,0.01,0.03,0.0,0.2,0.1,3.0,0.3,0.078,31,73,0.0,0.12244897959183673,40,9,3,0,40,2|10|6|17|9,hub_localized,49
star,50,0.01,0.03,0.0,0.2,0.1,3.0,0.3,0.078,32,74,0.0,0.12244897959183673,39,9,1,0,39,10|6|17|10,hub_localized,49
star,50,0.01,0.03,0.0,0.2,0.1,3.0,0.3,0.078,33,75,0.0,0.10204081632653061,38,9,1,0,38,10|6|17|11,hub_localized,49
star,50,0.01,0.03,0.0,0.2,0.1,3.0,0.3,0.078,34,76,0.0,0.08163265306122448,37,9,1,0,37,10|6|17|12,hub_localized,49
star,50,0.01,0.03,0.0,0.2,0.1,3.0,0.3,0.078,35,77,0.0,0.08163265306122448,36,9,1,0,36,10|5|17|13,hub_localized,49
star,50,0.01,0.03,0.0,0.2,0.1,3.0,0.3,0.078,36,78,0.0,0.061224489795918366,35,9,1,0,35,9|6|17|14,hub_localized,49
star,50,0.01,0.03,0.0,0.2,0.1,3.0,0.3,0.078,37,79,0.0,0.08163265306122448,49,9,1,0,49,9|6|17|14,hub_localized,49
star,50,0.01,0.03,0.0,0.2,0.1,3.0,0.3,0.078,38,80,0.0,0.061224489795918366,48,9,75,0,48,8|6|32|1,hub_localized,49
star,50,0.01,0.03,0.0,0.2,0.1,3.0,0.3,0.078,39,81,0.0,0.08163265306122448,47,9,1,0,47,7|6|17|14|2,hub_localized,49
star,50,0.01,0.03,0.0,0.2,0.1,3.0,0.3,0.078,40,82,0.0,0.08163265306122448,46,9,4,0,46,5|6|17|14|3,hub_localized,49
star,50,0.01,0.03,0.0,0.2,0.1,3.0,0.3,0.078,41,83,0.0,0.08163265306122448,45,9,1,0,45,5|6|17|14|4,hub_localized,49
star,50,0.01,0.03,0.0,0.2,0.1,3.0,0.3,0.078,42,84,0.0,0.08163265306122448,44,9,3,0,44,3|6|17|14|5,hub_localized,49
star,50,0.01,0.03,0.0,0.2,0.1,3.0,0.3,0.078,43,85,0.0,0.08163265306122448,43,9,1,0,43,2|6|17|14|6,hub_localized,49
star,50,0.01,0.03,0.0,0.2,0.1,3.0,0.3,0.078,44,86,0.0,0.08163265306122448,42,9,3,0,42,2|6|17|14|7,hub_localized,49
star,50,0.01,0.03,0.0,0.2,0.1,3.0,0.3,0.078,45,87,0.0,0.08163265306122448,41,9,1,0,41,1|6|17|14|8,hub_localized,49
star,50,0.01,0.03,0.0,0.2,0.1,3.0,0.3,0.078,46,88,0.0,0.061224489795918366,40,8,4,0,40,6|17|14|9,hub_localized,49
star,50,0.01,0.03,0.0,0.2,0.1,3.0,0.3,0.078,47,89,0.0,0.061224489795918366,39,8,3,0,39,5|17|14|10,hub_localized,49
star,50,0.01,0.03,0.0,0.2,0.1,3.0,0.3,0.078,48,90,0.0,0.08163265306122448,49,8,1,0,49,4|17|14|10,hub_localized,49
star,50,0.01,0.03,0.0,0.2,0.1,3.0,0.3,0.078,49,91,0.0,0.08163265306122448,48,8,1,0,48,3|17|14|10|1,hub_localized,49
star,50,0.01,0.03,0.0,0.2,0.1,3.0,0.3,0.08,0,42,0.0,0.16326530612244897,46,9,4,0,46,3|4|5|12|4|10|3,hub_localized,49
star,50,0.01,0.03,0.0,0.2,0.1,3.0,0.3,0.08,1,43,0.0,0.1836734693877551,46,9,5,0,46,2|4|5|12|4|10|3,hub_localized,49
star,50,0.01,0.03,0.0,0.2,0.1,3.0,0.3,0.08,2,44,0.0,0.12244897959183673,44,9,4,0,44,2|10|12|4|1|10|5,hub_localized,49
star,50,0.01,0.03,0.0,0.2,0.1,3.0,0.3,0.08,3,45,0.0,0.14285714285714285,43,9,4,0,43,1|10|12|4|10|6,hub_localized,49
star,50,0.01,0.03,0.0,0.2,0.1,3.0,0.3,0.08,4,46,0.0,0.16326530612244897,49,9,5,0,49,4|5|12|4|10|6,hub_localized,49
star,50,0.01,0.03,0.0,0.2,0.1,3.0,0.3,0.08,5,47,0.0,0.14285714285714285,48,9,5,0,48,9|12|4|10|6|1,hub_localized,49
star,50,0.01,0.03,0.0,0.2,0.1,3.0,0.3,0.08,6,48,0.0,0.14285714285714285,47,9,4,0,47,9|12|4|10|6|2,hub_localized,49
star,50,0.01,0.03,0.0,0.2,0.1,3.0,0.3,0.08,7,49,0.0,0.16326530612244897,46,9,5,0,46,1|5|12|4|10|6|3,hub_localized,49
star,50,0.01,0.03,0.0,0.2,0.1,3.0,0.3,0.08,8,50,0.0,0.16326530612244897,45,9,5,0,45,1|5|12|4|10|6|4,hub_localized,49
star,50,0.01,0.03,0.0,0.2,0.1,3.0,0.3,0.08,9,51,0.0,0.14285714285714285,44,9,5,0,44,5|12|4|10|6|5,hub_localized,49
star,50,0.01,0.03,0.0,0.2,0.1,3.0,0.3,0.08,10,52,0.0,0.12244897959183673,43,9,75,0,43,17|4|10|6|6,hub_localized,49
star,50,0.01,0.03,0.0,0.2,0.1,3.0,0.3,0.08,11,53,0.0,0.14285714285714285,42,9,5,0,42,3|12|4|10|6|7,hub_localized,49
star,50,0.01,0.03,0.0,0.2,0.1,3.0,0.3,0.08,12,54,0.0,0.12244897959183673,41,9,75,0,41,16|4|10|6|8,hub_localized,49
star,50,0.01,0.03,0.0,0.2,0.1,3.0,0.3,0.08,13,55,0.0,0.14285714285714285,40,9,6,0,40,1|12|4|10|6|9,hub_localized,49
star,50,0.01,0.03,0.0,0.2,0.1,3.0,0.3,0.08,14,56,0.0,0.14285714285714285,39,9,5,0,39,1|12|4|10|6|10,hub_localized,49
star,50,0.01,0.03,0.0,0.2,0.1,3.0,0.3,0.08,15,57,0.0,0.12244897959183673,38,9,75,0,38,12|4|10|6|11,hub_localized,49
star,50,0.01,0.03,0.0,0.2,0.1,3.0,0.3,0.08,16,58,0.0,0.12244897959183673,37,9,75,0,37,12|4|10|6|12,hub_localized,49
star,50,0.01,0.03,0.0,0.2,0.1,3.0,0.3,0.08,17,59,0.0,0.14285714285714285,36,9,47,0,36,7|2|4|10|6|13,hub_localized,49
star,50,0.01,0.03,0.0,0.2,0.1,3.0,0.3,0.08,18,60,0.0,0.14285714285714285,35,9,75,0,35,10|4|10|5|14,hub_localized,49
star,50,0.01,0.03,0.0,0.2,0.1,3.0,0.3,0.08,19,61,0.0,0.12244897959183673,34,9,75,0,34,9|4|10|6|15,hub_localized,49
star,50,0.01,0.03,0.0,0.2,0.1,3.0,0.3,0.08,20,62,0.0,0.12244897959183673,33,9,75,0,33,8|4|10|6|16,hub_localized,49
star,50,0.01,0.03,0.0,0.2,0.1,3.0,0.3,0.08,21,63,0.0,0.12244897959183673,32,9,75,0,32,7|4|10|6|17,hub_localized,49
star,50,0.01,0.03,0.0,0.2,0.1,3.0,0.3,0.08,22,64,0.0,0.14285714285714285,49,9,1,0,49,6|4|10|6|17,hub_localized,49
star,50,0.01,0.03,0.0,0.2,0.1,3.0,0.3,0.08,23,65,0.0,0.14285714285714285,48,9,3,0,48,5|4|10|6|17|1,hub_localized,49
star,50,0.01,0.03,0.0,0.2,0.1,3.0,0.3,0.08,24,66,0.0,0.14285714285714285,47,9,3,0,47,4|4|10|6|17|2,hub_localized,49
star,50,0.01,0.03,0.0,0.2,0.1,3.0,0.3,0.08,25,67,0.0,0.14285714285714285,46,9,1,0,46,2|4|10|6|17|3,hub_localized,49
star,50,0.01,0.03,0.0,0.2,0.1,3.0,0.3,0.08,26,68,0.0,0.14285714285714285,45,9,1,0,45,1|4|10|6|17|4,hub_localized,49
star,50,0.01,0.03,0.0,0.2,0.1,3.0,0.3,0.08,27,69,0.0,0.14285714285714285,44,9,1,0,44,1|4|10|6|17|5,hub_localized,49
star,50,0.01,0.03,0.0,0.2,0.1,3.0,0.3,0.08,28,70,0.0,0.12244897959183673,43,9,1,0,43,4|10|6|17|6,hub_localized,49
star,50,0.01,0.03,0.0,0.2,0.1,3.0,0.3,0.08,29,71,0.0,0.12244897959183673,42,9,3,0,42,3|10|6|17|7,hub_localized,49
star,50,0.01,0.03,0.0,0.2,0.1,3.0,0.3,0.08,30,72,0.0,0.12244897959183673,41,9,1,0,41,2|10|6|17|8,hub_localized,49
star,50,0.01,0.03,0.0,0.2,0.1,3.0,0.3,0.08,31,73,0.0,0.12244897959183673,40,9,3,0,40,2|10|6|17|9,hub_localized,49
star,50,0.01,0.03,0.0,0.2,0.1,3.0,0.3,0.08,32,74,0.0,0.12244897959183673,39,9,1,0,39,10|6|17|10,hub_localized,49
star,50,0.01,0.03,0.0,0.2,0.1,3.0,0.3,0.08,33,75,0.0,0.10204081632653061,38,9,1,0,38,10|6|17|11,hub_localized,49
star,50,0.01,0.03,0.0,0.2,0.1,3.0,0.3,0.08,34,76,0.0,0.08163265306122448,37,9,1,0,37,10|6|17|12,hub_localized,49
star,50,0.01,0.03,0.0,0.2,0.1,3.0,0.3,0.08,35,77,0.0,0.08163265306122448,36,9,1,0,36,10|5|17|13,hub_localized,49
star,50,0.01,0.03,0.0,0.2,0.1,3.0,0.3,0.08,36,78,0.0,0.061224489795918366,35,9,1,0,35,9|6|17|14,hub_localized,49
star,50,0.01,0.03,0.0,0.2,0.1,3.0,0.3,0.08,37,79,0.0,0.08163265306122448,49,9,1,0,49,9|6|17|14,hub_localized,49
star,50,0.01,0.03,0.0,0.2,0.1,3.0,0.3,0.08,38,80,0.0,0.061224489795918366,48,9,75,0,48,8|6|32|1,hub_localized,49
star,50,0.01,0.03,0.0,0.2,0.1,3.0,0.3,0.08,39,81,0.0,0.08163265306122448,47,9,1,0,47,7|6|17|14|2,hub_localized,49
star,50,0.01,0.03,0.0,0.2,0.1,3.0,0.3,0.08,40,82,0.0,0.08163265306122448,46,9,4,0,46,5|6|17|14|3,hub_localized,49
star,50,0.01,0.03,0.0,0.2,0.1,3.0,0.3,0.08,41,83,0.0,0.08163265306122448,45,9,1,0,45,5|6|17|14|4,hub_localized,49
star,50,0.01,0.03,0.0,0.2,0.1,3.0,0.3,0.08,42,84,0.0,0.08163265306122448,44,10,3,0,44,3|6|17|14|5,hub_localized,49
star,50,0.01,0.03,0.0,0.2,0.1,3.0,0.3,0.08,43,85,0.0,0.08163265306122448,43,9,1,0,43,2|6|17|14|6,hub_localized,49
star,50,0.01,0.03,0.0,0.2,0.1,3.0,0.3,0.08,44,86,0.0,0.08163265306122448,42,9,3,0,42,2|6|17|14|7,hub_localized,49
star,50,0.01,0.03,0.0,0.2,0.1,3.0,0.3,0.08,45,87,0.0,0.08163265306122448,41,9,1,0,41,1|6|17|14|8,hub_localized,49
star,50,0.01,0.03,0.0,0.2,0.1,3.0,0.3,0.08,46,88,0.0,0.061224489795918366,40,8,4,0,40,6|17|14|9,hub_localized,49
star,50,0.01,0.03,0.0,0.2,0.1,3.0,0.3,0.08,47,89,0.0,0.061224489795918366,39,8,3,0,39,5|17|14|10,hub_localized,49
star,50,0.01,0.03,0.0,0.2,0.1,3.0,0.3,0.08,48,90,0.0,0.08163265306122448,49,8,1,0,49,4|17|14|10,hub_localized,49
star,50,0.01,0.03,0.0,0.2,0.1,3.0,0.3,0.08,49,91,0.0,0.08163265306122448,48,8,1,0,48,3|17|14|10|1,hub_localized,49
star,50,0.01,0.03,0.0,0.2,0.1,3.0,0.3,0.082,0,42,0.0,0.14285714285714285,46,9,4,0,46,3|4|5|12|4|1|10|3,hub_localized,49
star,50,0.01,0.03,0.0,0.2,0.1,3.0,0.3,0.082,1,43,0.0,0.16326530612244897,46,9,5,0,46,2|4|5|12|4|1|10|3,hub_localized,49
star,50,0.01,0.03,0.0,0.2,0.1,3.0,0.3,0.082,2,44,0.0,0.14285714285714285,44,9,4,0,44,2|4|5|12|4|1|10|5,hub_localized,49
star,50,0.01,0.03,0.0,0.2,0.1,3.0,0.3,0.082,3,45,0.0,0.1836734693877551,44,9,4,0,44,1|4|5|12|4|10|5,hub_localized,49
star,50,0.01,0.03,0.0,0.2,0.1,3.0,0.3,0.082,4,46,0.0,0.16326530612244897,49,9,5,0,49,4|5|12|4|1|10|5,hub_localized,49
star,50,0.01,0.03,0.0,0.2,0.1,3.0,0.3,0.082,5,47,0.0,0.16326530612244897,48,9,5,0,48,3|5|12|4|10|6|1,hub_localized,49
star,50,0.01,0.03,0.0,0.2,0.1,3.0,0.3,0.082,6,48,0.0,0.16326530612244897,47,9,4,0,47,3|5|12|4|1|10|5|2,hub_localized,49
star,50,0.01,0.03,0.0,0.2,0.1,3.0,0.3,0.082,7,49,0.0,0.1836734693877551,46,9,5,0,46,1|5|12|4|10|5|3,hub_localized,49
star,50,0.01,0.03,0.0,0.2,0.1,3.0,0.3,0.082,8,50,0.0,0.16326530612244897,45,9,5,0,45,1|5|12|4|1|10|5|4,hub_localized,49
star,50,0.01,0.03,0.0,0.2,0.1,3.0,0.3,0.082,9,51,0.0,0.12244897959183673,44,9,5,0,44,5|12|4|1|10|6|5,hub_localized,49
star,50,0.01,0.03,0.0,0.2,0.1,3.0,0.3,0.082,10,52,0.0,0.12244897959183673,43,9,75,0,43,17|4|1|10|5|6,hub_localized,49
star,50,0.01,0.03,0.0,0.2,0.1,3.0,0.3,0.082,11,53,0.0,0.14285714285714285,42,9,5,0,42,3|12|4|1|10|5|7,hub_localized,49
star,50,0.01,0.03,0.0,0.2,0.1,3.0,0.3,0.082,12,54,0.0,0.10204081632653061,41,9,75,0,41,16|4|1|10|6|8,hub_localized,49
star,50,0.01,0.03,0.0,0.2,0.1,3.0,0.3,0.082,13,55,0.0,0.12244897959183673,40,9,75,0,40,14|4|1|10|5|9,hub_localized,49
star,50,0.01,0.03,0.0,0.2,0.1,3.0,0.3,0.082,14,56,0.0,0.14285714285714285,39,9,5,0,39,1|12|4|1|10|5|10,hub_localized,49
star,50,0.01,0.03,0.0,0.2,0.1,3.0,0.3,0.082,15,57,0.0,0.12244897959183673,38,9,75,0,38,12|4|10|6|11,hub_localized,49
star,50,0.01,0.03,0.0,0.2,0.1,3.0,0.3,0.082,16,58,0.0,0.12244897959183673,37,9,75,0,37,12|4|1|10|5|12,hub_localized,49
star,50,0.01,0.03,0.0,0.2,0.1,3.0,0.3,0.082,17,59,0.0,0.14285714285714285,36,9,75,0,36,10|4|10|5|13,hub_localized,49
star,50,0.01,0.03,0.0,0.2,0.1,3.0,0.3,0.082,18,60,0.0,0.12244897959183673,35,9,75,0,35,10|4|1|10|5|14,hub_localized,49
star,50,0.01,0.03,0.0,0.2,0.1,3.0,0.3,0.082,19,61,0.0,0.16326530612244897,34,9,48,0,34,6|2|4|10|5|15,hub_localized,49
star,50,0.01,0.03,0.0,0.2,0.1,3.0,0.3,0.082,20,62,0.0,0.14285714285714285,33,9,75,0,33,8|4|10|5|16,hub_localized,49
star,50,0.01,0.03,0.0,0.2,0.1,3.0,0.3,0.082,21,63,0.0,0.10204081632653061,32,9,75,0,32,7|4|1|10|6|17,hub_localized,49
star,50,0.01,0.03,0.0,0.2,0.1,3.0,0.3,0.082,22,64,0.0,0.14285714285714285,49,9,1,0,49,6|4|1|10|5|17,hub_localized,49
star,50,0.01,0.03,0.0,0.2,0.1,3.0,0.3,0.082,23,65,0.0,0.16326530612244897,48,9,3,0,48,2|2|4|1|10|5|17|1,hub_localized,49
star,50,0.01,0.03,0.0,0.2,0.1,3.0,0.3,0.082,24,66,0.0,0.14285714285714285,47,9,3,0,47,4|4|10|6|17|2,hub_localized,49
star,50,0.01,0.03,0.0,0.2,0.1,3.0,0.3,0.082,25,67,0.0,0.16326530612244897,46,9,1,0,46,2|4|10|5|17|3,hub_localized,49
star,50,0.01,0.03,0.0,0.2,0.1,3.0,0.3,0.082,26,68,0.0,0.14285714285714285,45,9,1,0,45,1|4|10|6|17|4,hub_localized,49
star,50,0.01,0.03,0.0,0.2,0.1,3.0,0.3,0.082,27,69,0.0,0.14285714285714285,44,9,1,0,44,1|4|1|10|5|17|5,hub_localized,49
star,50,0.01,0.03,0.0,0.2,0.1,3.0,0.3,0.082,28,70,0.0,0.14285714285714285,43,9,1,0,43,4|10|5|17|6,hub_localized,49
star,50,0.01,0.03,0.0,0.2,0.1,3.0,0.3,0.082,29,71,0.0,0.12244897959183673,42,9,3,0,42,3|1|10|5|17|7,hub_localized,49
star,50,0.01,0.03,0.0,0.2,0.1,3.0,0.3,0.082,30,72,0.0,0.14285714285714285,41,9,1,0,41,2|10|5|17|8,hub_localized,49
star,50,0.01,0.03,0.0,0.2,0.1,3.0,0.3,0.082,31,73,0.0,0.14285714285714285,40,9,3,0,40,2|10|5|17|9,hub_localized,49
star,50,0.01,0.03,0.0,0.2,0.1,3.0,0.3,0.082,32,74,0.0,0.12244897959183673,39,9,1,0,39,1|10|5|17|10,hub_localized,49
star,50,0.01,0.03,0.0,0.2,0.1,3.0,0.3,0.082,33,75,0.0,0.08163265306122448,38,9,1,0,38,1|10|6|17|11,hub_localized,49
star,50,0.01,0.03,0.0,0.2,0.1,3.0,0.3,0.082,34,76,0.0,0.10204081632653061,37,9,1,0,37,10|5|17|12,hub_localized,49
star,50,0.01,0.03,0.0,0.2,0.1,3.0,0.3,0.082,35,77,0.0,0.10204081632653061,36,9,1,0,36,8|1|5|17|13,hub_localized,49
star,50,0.01,0.03,0.0,0.2,0.1,3.0,0.3,0.082,36,78,0.0,0.08163265306122448,35,9,1,0,35,9|5|17|14,hub_localized,49
star,50,0.01,0.03,0.0,0.2,0.1,3.0,0.3,0.082,37,79,0.0,0.10204081632653061,49,9,1,0,49,9|5|17|14,hub_localized,49
star,50,0.01,0.03,0.0,0.2,0.1,3.0,0.3,0.082,38,80,0.0,0.08163265306122448,48,9,75,0,48,8|5|32|1,hub_localized,49
star,50,0.01,0.03,0.0,0.2,0.1,3.0,0.3,0.082,39,81,0.0,0.10204081632653061,47,9,1,0,47,7|5|17|14|2,hub_localized,49
star,50,0.01,0.03,0.0,0.2,0.1,3.0,0.3,0.082,40,82,0.0,0.10204081632653061,46,9,4,0,46,5|5|17|14|3,hub_localized,49
star,50,0.01,0.03,0.0,0.2,0.1,3.0,0.3,0.082,41,83,0.0,0.10204081632653061,45,9,1,0,45,5|5|17|14|4,hub_localized,49
star,50,0.01,0.03,0.0,0.2,0.1,3.0,0.3,0.082,42,84,0.0,0.10204081632653061,44,11,3,0,44,3|5|17|14|5,hub_localized,49
star,50,0.01,0.03,0.0,0.2,0.1,3.0,0.3,0.082,43,85,0.0,0.10204081632653061,43,9,1,0,43,2|5|17|14|6,hub_localized,49
star,50,0.01,0.03,0.0,0.2,0.1,3.0,0.3,0.082,44,86,0.0,0.08163265306122448,42,9,3,0,42,2|6|17|14|7,hub_localized,49
star,50,0.01,0.03,0.0,0.2,0.1,3.0,0.3,0.082,45,87,0.0,0.10204081632653061,41,9,1,0,41,1|5|17|14|8,hub_localized,49
star,50,0.01,0.03,0.0,0.2,0.1,3.0,0.3,0.082,46,88,0.0,0.08163265306122448,40,6,4,0,40,5|17|14|9,hub_localized,49
star,50,0.01,0.03,0.0,0.2,0.1,3.0,0.3,0.082,47,89,0.0,0.061224489795918366,39,8,3,0,39,5|17|14|10,hub_localized,49
star,50,0.01,0.03,0.0,0.2,0.1,3.0,0.3,0.082,48,90,0.0,0.08163265306122448,49,8,1,0,49,4|17|14|10,hub_localized,49
star,50,0.01,0.03,0.0,0.2,0.1,3.0,0.3,0.082,49,91,0.0,0.08163265306122448,48,8,1,0,48,3|17|14|10|1,hub_localized,49
star,50,0.01,0.03,0.0,0.2,0.1,3.0,0.3,0.084,0,42,0.0,0.14285714285714285,46,11,4,0,46,3|4|5|12|4|1|10|3,hub_localized,49
star,50,0.01,0.03,0.0,0.2,0.1,3.0,0.3,0.084,1,43,0.0,0.16326530612244897,46,9,5,0,46,2|4|5|12|4|1|10|3,hub_localized,49
star,50,0.01,0.03,0.0,0.2,0.1,3.0,0.3,0.084,2,44,0.0,0.14285714285714285,44,11,5,0,44,2|4|5|12|4|1|10|5,hub_localized,49
star,50,0.01,0.03,0.0,0.2,0.1,3.0,0.3,0.084,3,45,0.0,0.14285714285714285,43,11,4,0,43,1|4|5|12|4|1|10|6,hub_localized,49
star,50,0.01,0.03,0.0,0.2,0.1,3.0,0.3,0.084,4,46,0.0,0.16326530612244897,49,11,5,0,49,4|5|12|4|1|10|5,hub_localized,49
star,50,0.01,0.03,0.0,0.2,0.1,3.0,0.3,0.084,5,47,0.0,0.14285714285714285,48,11,5,0,48,3|5|12|4|1|10|6|1,hub_localized,49
star,50,0.01,0.03,0.0,0.2,0.1,3.0,0.3,0.084,6,48,0.0,0.16326530612244897,47,11,4,0,47,3|5|12|4|1|10|5|2,hub_localized,49
star,50,0.01,0.03,0.0,0.2,0.1,3.0,0.3,0.084,7,49,0.0,0.16326530612244897,46,11,5,0,46,1|5|12|4|1|10|5|3,hub_localized,49
star,50,0.01,0.03,0.0,0.2,0.1,3.0,0.3,0.084,8,50,0.0,0.16326530612244897,45,11,5,0,45,1|5|12|4|1|10|5|4,hub_localized,49
star,50,0.01,0.03,0.0,0.2,0.1,3.0,0.3,0.084,9,51,0.0,0.12244897959183673,44,11,6,0,44,5|12|4|1|10|6|5,hub_localized,49
star,50,0.01,0.03,0.0,0.2,0.1,3.0,0.3,0.084,10,52,0.0,0.12244897959183673,43,11,76,0,43,17|4|1|10|5|6,hub_localized,49
star,50,0.01,0.03,0.0,0.2,0.1,3.0,0.3,0.084,11,53,0.0,0.14285714285714285,42,11,5,0,42,3|12|4|1|10|5|7,hub_localized,49
star,50,0.01,0.03,0.0,0.2,0.1,3.0,0.3,0.084,12,54,0.0,0.10204081632653061,41,11,76,0,41,16|4|1|10|6|8,hub_localized,49
star,50,0.01,0.03,0.0,0.2,0.1,3.0,0.3,0.084,13,55,0.0,0.14285714285714285,40,11,48,0,40,11|2|4|1|10|5|9,hub_localized,49
star,50,0.01,0.03,0.0,0.2,0.1,3.0,0.3,0.084,14,56,0.0,0.14285714285714285,39,11,5,0,39,1|12|4|1|10|5|10,hub_localized,49
star,50,0.01,0.03,0.0,0.2,0.1,3.0,0.3,0.084,15,57,0.0,0.14285714285714285,38,11,48,0,38,9|2|4|1|8|1|6|11,hub_localized,49
star,50,0.01,0.03,0.0,0.2,0.1,3.0,0.3,0.084,16,58,0.0,0.12244897959183673,37,11,76,0,37,12|4|1|10|5|12,hub_localized,49
star,50,0.01,0.03,0.0,0.2,0.1,3.0,0.3,0.084,17,59,0.0,0.12244897959183673,36,9,75,0,36,10|4|1|10|5|13,hub_localized,49
star,50,0.01,0.03,0.0,0.2,0.1,3.0,0.3,0.084,18,60,0.0,0.12244897959183673,35,11,76,0,35,10|4|1|10|5|14,hub_localized,49
star,50,0.01,0.03,0.0,0.2,0.1,3.0,0.3,0.084,19,61,0.0,0.12244897959183673,34,11,102,0,34,9|4|1|10|5|15,hub_localized,49
star,50,0.01,0.03,0.0,0.2,0.1,3.0,0.3,0.084,20,62,0.0,0.12244897959183673,33,11,76,0,33,8|4|1|10|5|16,hub_localized,49
star,50,0.01,0.03,0.0,0.2,0.1,3.0,0.3,0.084,21,63,0.0,0.12244897959183673,32,11,76,0,32,7|4|1|10|5|17,hub_localized,49
star,50,0.01,0.03,0.0,0.2,0.1,3.0,0.3,0.084,22,64,0.0,0.12244897959183673,49,11,1,0,49,6|4|1|10|6|17,hub_localized,49
star,50,0.01,0.03,0.0,0.2,0.1,3.0,0.3,0.084,23,65,0.0,0.14285714285714285,48,11,3,0,48,5|4|1|10|5|17|1,hub_localized,49
star,50,0.01,0.03,0.0,0.2,0.1,3.0,0.3,0.084,24,66,0.0,0.14285714285714285,47,11,4,0,47,4|4|1|10|5|17|2,hub_localized,49
star,50,0.01,0.03,0.0,0.2,0.1,3.0,0.3,0.084,25,67,0.0,0.14285714285714285,46,11,1,0,46,2|4|1|10|5|17|3,hub_localized,49
star,50,0.01,0.03,0.0,0.2,0.1,3.0,0.3,0.084,26,68,0.0,0.12244897959183673,45,9,1,0,45,1|4|1|10|6|17|4,hub_localized,49
star,50,0.01,0.03,0.0,0.2,0.1,3.0,0.3,0.084,27,69,0.0,0.14285714285714285,44,11,1,0,44,1|4|1|10|5|17|5,hub_localized,49
star,50,0.01,0.03,0.0,0.2,0.1,3.0,0.3,0.084,28,70,0.0,0.12244897959183673,43,11,1,0,43,4|1|10|5|17|6,hub_localized,49
star,50,0.01,0.03,0.0,0.2,0.1,3.0,0.3,0.084,29,71,0.0,0.12244897959183673,42,11,4,0,42,3|1|10|5|17|7,hub_localized,49
star,50,0.01,0.03,0.0,0.2,0.1,3.0,0.3,0.084,30,72,0.0,0.12244897959183673,41,11,1,0,41,2|1|10|5|17|8,hub_localized,49
star,50,0.01,0.03,0.0,0.2,0.1,3.0,0.3,0.084,31,73,0.0,0.12244897959183673,40,11,3,0,40,2|1|10|5|17|9,hub_localized,49
star,50,0.01,0.03,0.0,0.2,0.1,3.0,0.3,0.084,32,74,0.0,0.12244897959183673,39,11,1,0,39,1|10|5|17|10,hub_localized,49
star,50,0.01,0.03,0.0,0.2,0.1,3.0,0.3,0.084,33,75,0.0,0.10204081632653061,38,11,1,0,38,1|10|5|17|11,hub_localized,49
star,50,0.01,0.03,0.0,0.2,0.1,3.0,0.3,0.084,34,76,0.0,0.10204081632653061,37,11,1,0,37,1|10|5|17|12,hub_localized,49
star,50,0.01,0.03,0.0,0.2,0.1,3.0,0.3,0.084,35,77,0.0,0.08163265306122448,36,8,1,0,36,10|5|17|13,hub_localized,49
star,50,0.01,0.03,0.0,0.2,0.1,3.0,0.3,0.084,36,78,0.0,0.08163265306122448,35,11,1,0,35,9|5|17|14,hub_localized,49
star,50,0.01,0.03,0.0,0.2,0.1,3.0,0.3,0.084,37,79,0.0,0.10204081632653061,49,11,1,0,49,9|5|17|14,hub_localized,49
star,50,0.01,0.03,0.0,0.2,0.1,3.0,0.3,0.084,38,80,0.0,0.08163265306122448,48,11,76,0,48,8|5|32|1,hub_localized,49
star,50,0.01,0.03,0.0,0.2,0.1,3.0,0.3,0.084,39,81,0.0,0.08163265306122448,47,11,1,0,47,7|6|17|14|2,hub_localized,49
star,50,0.01,0.03,0.0,0.2,0.1,3.0,0.3,0.084,40,82,0.0,0.10204081632653061,46,11,4,0,46,5|5|17|14|3,hub_localized,49
star,50,0.01,0.03,0.0,0.2,0.1,3.0,0.3,0.084,41,83,0.0,0.10204081632653061,45,9,1,0,45,5|5|17|14|4,hub_localized,49
star,50,0.01,0.03,0.0,0.2,0.1,3.0,0.3,0.084,42,84,0.0,0.10204081632653061,44,11,3,0,44,3|5|17|14|5,hub_localized,49
star,50,0.01,0.03,0.0,0.2,0.1,3.0,0.3,0.084,43,85,0.0,0.10204081632653061,43,11,1,0,43,2|5|17|14|6,hub_localized,49
star,50,0.01,0.03,0.0,0.2,0.1,3.0,0.3,0.084,44,86,0.0,0.08163265306122448,42,11,3,0,42,2|6|17|14|7,hub_localized,49
star,50,0.01,0.03,0.0,0.2,0.1,3.0,0.3,0.084,45,87,0.0,0.10204081632653061,41,11,1,0,41,1|5|17|14|8,hub_localized,49
star,50,0.01,0.03,0.0,0.2,0.1,3.0,0.3,0.084,46,88,0.0,0.08163265306122448,40,5,4,0,40,5|17|14|9,hub_localized,49
star,50,0.01,0.03,0.0,0.2,0.1,3.0,0.3,0.084,47,89,0.0,0.061224489795918366,39,8,3,0,39,5|17|14|10,hub_localized,49
star,50,0.01,0.03,0.0,0.2,0.1,3.0,0.3,0.084,48,90,0.0,0.08163265306122448,49,8,1,0,49,4|17|14|10,hub_localized,49
star,50,0.01,0.03,0.0,0.2,0.1,3.0,0.3,0.084,49,91,0.0,0.08163265306122448,48,8,1,0,48,3|17|14|10|1,hub_localized,49
star,50,0.01,0.03,0.0,0.2,0.1,3.0,0.3,0.086,0,42,0.0,0.14285714285714285,46,8,4,0,46,3|4|5|12|4|1|10|3,hub_localized,49
star,50,0.01,0.03,0.0,0.2,0.1,3.0,0.3,0.086,1,43,0.0,0.16326530612244897,46,9,5,0,46,2|4|5|12|4|1|10|3,hub_localized,49
star,50,0.01,0.03,0.0,0.2,0.1,3.0,0.3,0.086,2,44,0.0,0.14285714285714285,44,8,5,0,44,2|4|5|12|4|1|10|5,hub_localized,49
star,50,0.01,0.03,0.0,0.2,0.1,3.0,0.3,0.086,3,45,0.0,0.14285714285714285,43,8,4,0,43,1|4|5|12|4|1|10|6,hub_localized,49
star,50,0.01,0.03,0.0,0.2,0.1,3.0,0.3,0.086,4,46,0.0,0.16326530612244897,49,8,5,0,49,4|5|12|4|1|10|5,hub_localized,49
star,50,0.01,0.03,0.0,0.2,0.1,3.0,0.3,0.086,5,47,0.0,0.16326530612244897,48,8,5,0,48,3|5|12|4|1|10|5|1,hub_localized,49
star,50,0.01,0.03,0.0,0.2,0.1,3.0,0.3,0.086,6,48,0.0,0.16326530612244897,47,8,4,0,47,3|5|12|4|1|10|5|2,hub_localized,49
star,50,0.01,0.03,0.0,0.2,0.1,3.0,0.3,0.086,7,49,0.0,0.14285714285714285,46,8,5,0,46,1|5|12|4|1|10|6|3,hub_localized,49
star,50,0.01,0.03,0.0,0.2,0.1,3.0,0.3,0.086,8,50,0.0,0.16326530612244897,45,8,5,0,45,1|5|12|4|1|10|5|4,hub_localized,49
star,50,0.01,0.03,0.0,0.2,0.1,3.0,0.3,0.086,9,51,0.0,0.12244897959183673,44,8,6,0,44,5|12|4|1|10|6|5,hub_localized,49
star,50,0.01,0.03,0.0,0.2,0.1,3.0,0.3,0.086,10,52,0.0,0.12244897959183673,43,8,102,0,43,17|4|1|10|5|6,hub_localized,49
star,50,0.01,0.03,0.0,0.2,0.1,3.0,0.3,0.086,11,53,0.0,0.12244897959183673,42,8,5,0,42,3|12|4|1|10|6|7,hub_localized,49
star,50,0.01,0.03,0.0,0.2,0.1,3.0,0.3,0.086,12,54,0.0,0.10204081632653061,41,8,76,0,41,16|4|1|10|6|8,hub_localized,49
star,50,0.01,0.03,0.0,0.2,0.1,3.0,0.3,0.086,13,55,0.0,0.12244897959183673,40,8,102,0,40,14|4|1|10|5|9,hub_localized,49
star,50,0.01,0.03,0.0,0.2,0.1,3.0,0.3,0.086,14,56,0.0,0.12244897959183673,39,8,5,0,39,1|12|4|1|10|6|10,hub_localized,49
star,50,0.01,0.03,0.0,0.2,0.1,3.0,0.3,0.086,15,57,0.0,0.10204081632653061,38,8,76,0,38,12|4|1|10|6|11,hub_localized,49
star,50,0.01,0.03,0.0,0.2,0.1,3.0,0.3,0.086,16,58,0.0,0.12244897959183673,37,8,76,0,37,12|4|1|10|5|12,hub_localized,49
star,50,0.01,0.03,0.0,0.2,0.1,3.0,0.3,0.086,17,59,0.0,0.12244897959183673,36,8,102,0,36,10|4|1|10|5|13,hub_localized,49
star,50,0.01,0.03,0.0,0.2,0.1,3.0,0.3,0.086,18,60,0.0,0.12244897959183673,35,8,102,0,35,10|4|1|10|5|14,hub_localized,49
star,50,0.01,0.03,0.0,0.2,0.1,3.0,0.3,0.086,19,61,0.0,0.12244897959183673,34,8,102,0,34,9|4|1|10|5|15,hub_localized,49
star,50,0.01,0.03,0.0,0.2,0.1,3.0,0.3,0.086,20,62,0.0,0.12244897959183673,33,8,76,0,33,8|4|1|10|5|16,hub_localized,49
star,50,0.01,0.03,0.0,0.2,0.1,3.0,0.3,0.086,21,63,0.0,0.12244897959183673,32,8,102,0,32,7|4|1|10|5|17,hub_localized,49
star,50,0.01,0.03,0.0,0.2,0.1,3.0,0.3,0.086,22,64,0.0,0.12244897959183673,49,8,1,0,49,6|4|1|10|6|17,hub_localized,49
star,50,0.01,0.03,0.0,0.2,0.1,3.0,0.3,0.086,23,65,0.0,0.12244897959183673,48,8,3,0,48,5|4|1|10|6|17|1,hub_localized,49
star,50,0.01,0.03,0.0,0.2,0.1,3.0,0.3,0.086,24,66,0.0,0.14285714285714285,47,8,4,0,47,4|4|1|10|5|17|2,hub_localized,49
star,50,0.01,0.03,0.0,0.2,0.1,3.0,0.3,0.086,25,67,0.0,0.14285714285714285,46,8,1,0,46,2|4|1|10|5|17|3,hub_localized,49
star,50,0.01,0.03,0.0,0.2,0.1,3.0,0.3,0.086,26,68,0.0,0.12244897959183673,45,8,1,0,45,1|4|1|10|6|17|4,hub_localized,49
star,50,0.01,0.03,0.0,0.2,0.1,3.0,0.3,0.086,27,69,0.0,0.14285714285714285,44,8,1,0,44,1|4|1|10|5|17|5,hub_localized,49
star,50,0.01,0.03,0.0,0.2,0.1,3.0,0.3,0.086,28,70,0.0,0.12244897959183673,43,8,1,0,43,4|1|10|5|17|6,hub_localized,49
star,50,0.01,0.03,0.0,0.2,0.1,3.0,0.3,0.086,29,71,0.0,0.12244897959183673,42,8,4,0,42,3|1|10|5|17|7,hub_localized,49
star,50,0.01,0.03,0.0,0.2,0.1,3.0,0.3,0.086,30,72,0.0,0.12244897959183673,41,8,1,0,41,2|1|10|5|17|8,hub_localized,49
star,50,0.01,0.03,0.0,0.2,0.1,3.0,0.3,0.086,31,73,0.0,0.12244897959183673,40,8,3,0,40,2|1|10|5|17|9,hub_localized,49
star,50,0.01,0.03,0.0,0.2,0.1,3.0,0.3,0.086,32,74,0.0,0.12244897959183673,39,8,1,0,39,1|10|5|17|10,hub_localized,49
star,50,0.01,0.03,0.0,0.2,0.1,3.0,0.3,0.086,33,75,0.0,0.08163265306122448,38,8,1,0,38,1|10|6|17|11,hub_localized,49
star,50,0.01,0.03,0.0,0.2,0.1,3.0,0.3,0.086,34,76,0.0,0.10204081632653061,37,8,1,0,37,1|10|5|17|12,hub_localized,49
star,50,0.01,0.03,0.0,0.2,0.1,3.0,0.3,0.086,35,77,0.0,0.08163265306122448,36,8,1,0,36,10|5|17|13,hub_localized,49
star,50,0.01,0.03,0.0,0.2,0.1,3.0,0.3,0.086,36,78,0.0,0.061224489795918366,35,8,1,0,35,9|6|17|14,hub_localized,49
star,50,0.01,0.03,0.0,0.2,0.1,3.0,0.3,0.086,37,79,0.0,0.10204081632653061,49,8,1,0,49,9|5|17|14,hub_localized,49
star,50,0.01,0.03,0.0,0.2,0.1,3.0,0.3,0.086,38,80,0.0,0.08163265306122448,48,8,76,0,48,8|5|32|1,hub_localized,49
star,50,0.01,0.03,0.0,0.2,0.1,3.0,0.3,0.086,39,81,0.0,0.08163265306122448,47,8,1,0,47,7|6|17|14|2,hub_localized,49
star,50,0.01,0.03,0.0,0.2,0.1,3.0,0.3,0.086,40,82,0.0,0.08163265306122448,46,8,4,0,46,5|6|17|14|3,hub_localized,49
star,50,0.01,0.03,0.0,0.2,0.1,3.0,0.3,0.086,41,83,0.0,0.10204081632653061,45,8,1,0,45,5|5|17|14|4,hub_localized,49
star,50,0.01,0.03,0.0,0.2,0.1,3.0,0.3,0.086,42,84,0.0,0.10204081632653061,44,8,3,0,44,3|5|17|14|5,hub_localized,49
star,50,0.01,0.03,0.0,0.2,0.1,3.0,0.3,0.086,43,85,0.0,0.10204081632653061,43,8,1,0,43,2|5|17|14|6,hub_localized,49
star,50,0.01,0.03,0.0,0.2,0.1,3.0,0.3,0.086,44,86,0.0,0.08163265306122448,42,8,3,0,42,2|6|17|14|7,hub_localized,49
star,50,0.01,0.03,0.0,0.2,0.1,3.0,0.3,0.086,45,87,0.0,0.10204081632653061,41,8,1,0,41,1|5|17|14|8,hub_localized,49
star,50,0.01,0.03,0.0,0.2,0.1,3.0,0.3,0.086,46,88,0.0,0.061224489795918366,40,5,113,0,40,5|32|9,hub_localized,49
star,50,0.01,0.03,0.0,0.2,0.1,3.0,0.3,0.086,47,89,0.0,0.061224489795918366,39,5,3,0,39,5|17|14|10,hub_localized,49
star,50,0.01,0.03,0.0,0.2,0.1,3.0,0.3,0.086,48,90,0.0,0.08163265306122448,49,8,1,0,49,4|17|14|10,hub_localized,49
star,50,0.01,0.03,0.0,0.2,0.1,3.0,0.3,0.086,49,91,0.0,0.08163265306122448,48,8,1,0,48,4|17|14|10|1,hub_localized,49
star,50,0.01,0.03,0.0,0.2,0.1,3.0,0.3,0.088,0,42,0.0,0.14285714285714285,46,8,4,0,46,3|4|5|12|4|1|10|3,hub_localized,49
star,50,0.01,0.03,0.0,0.2,0.1,3.0,0.3,0.088,1,43,0.0,0.16326530612244897,46,9,5,0,46,2|4|5|12|4|1|10|3,hub_localized,49
star,50,0.01,0.03,0.0,0.2,0.1,3.0,0.3,0.088,2,44,0.0,0.14285714285714285,44,8,5,0,44,2|4|5|12|4|1|10|5,hub_localized,49
star,50,0.01,0.03,0.0,0.2,0.1,3.0,0.3,0.088,3,45,0.0,0.14285714285714285,43,8,4,0,43,1|4|5|12|4|1|10|6,hub_localized,49
star,50,0.01,0.03,0.0,0.2,0.1,3.0,0.3,0.088,4,46,0.0,0.14285714285714285,49,8,5,0,49,4|5|12|4|1|10|6,hub_localized,49
star,50,0.01,0.03,0.0,0.2,0.1,3.0,0.3,0.088,5,47,0.0,0.14285714285714285,48,8,5,0,48,3|5|12|4|1|10|6|1,hub_localized,49
star,50,0.01,0.03,0.0,0.2,0.1,3.0,0.3,0.088,6,48,0.0,0.16326530612244897,47,8,5,0,47,3|5|12|4|1|10|5|2,hub_localized,49
star,50,0.01,0.03,0.0,0.2,0.1,3.0,0.3,0.088,7,49,0.0,0.14285714285714285,46,8,5,0,46,1|5|12|4|1|10|6|3,hub_localized,49
star,50,0.01,0.03,0.0,0.2,0.1,3.0,0.3,0.088,8,50,0.0,0.14285714285714285,45,8,5,0,45,1|5|12|4|1|10|6|4,hub_localized,49
star,50,0.01,0.03,0.0,0.2,0.1,3.0,0.3,0.088,9,51,0.0,0.12244897959183673,44,8,6,0,44,5|12|4|1|10|6|5,hub_localized,49
star,50,0.01,0.03,0.0,0.2,0.1,3.0,0.3,0.088,10,52,0.0,0.10204081632653061,43,8,102,0,43,17|4|1|10|6|6,hub_localized,49
star,50,0.01,0.03,0.0,0.2,0.1,3.0,0.3,0.088,11,53,0.0,0.12244897959183673,42,8,5,0,42,3|12|4|1|10|6|7,hub_localized,49
star,50,0.01,0.03,0.0,0.2,0.1,3.0,0.3,0.088,12,54,0.0,0.10204081632653061,41,8,102,0,41,16|4|1|10|6|8,hub_localized,49
star,50,0.01,0.03,0.0,0.2,0.1,3.0,0.3,0.088,13,55,0.0,0.12244897959183673,40,8,102,0,40,14|4|1|10|5|9,hub_localized,49
star,50,0.01,0.03,0.0,0.2,0.1,3.0,0.3,0.088,14,56,0.0,0.12244897959183673,39,8,5,0,39,1|12|4|1|10|6|10,hub_localized,49
star,50,0.01,0.03,0.0,0.2,0.1,3.0,0.3,0.088,15,57,0.0,0.10204081632653061,38,8,102,0,38,12|4|1|10|6|11,hub_localized,49
star,50,0.01,0.03,0.0,0.2,0.1,3.0,0.3,0.088,16,58,0.0,0.12244897959183673,37,8,102,0,37,12|4|1|10|5|12,hub_localized,49
star,50,0.01,0.03,0.0,0.2,0.1,3.0,0.3,0.088,17,59,0.0,0.10204081632653061,36,8,102,0,36,10|4|1|10|6|13,hub_localized,49
star,50,0.01,0.03,0.0,0.2,0.1,3.0,0.3,0.088,18,60,0.0,0.12244897959183673,35,8,102,0,35,10|4|1|10|5|14,hub_localized,49
star,50,0.01,0.03,0.0,0.2,0.1,3.0,0.3,0.088,19,61,0.0,0.10204081632653061,34,8,102,0,34,9|4|1|10|6|15,hub_localized,49
star,50,0.01,0.03,0.0,0.2,0.1,3.0,0.3,0.088,20,62,0.0,0.10204081632653061,33,8,102,0,33,8|4|1|10|6|16,hub_localized,49
star,50,0.01,0.03,0.0,0.2,0.1,3.0,0.3,0.088,21,63,0.0,0.10204081632653061,32,8,102,0,32,7|4|1|10|6|17,hub_localized,49
star,50,0.01,0.03,0.0,0.2,0.1,3.0,0.3,0.088,22,64,0.0,0.12244897959183673,49,8,1,0,49,6|4|1|10|6|17,hub_localized,49
star,50,0.01,0.03,0.0,0.2,0.1,3.0,0.3,0.088,23,65,0.0,0.12244897959183673,48,8,4,0,48,5|4|1|10|6|17|1,hub_localized,49
star,50,0.01,0.03,0.0,0.2,0.1,3.0,0.3,0.088,24,66,0.0,0.12244897959183673,47,8,4,0,47,4|4|1|10|6|17|2,hub_localized,49
star,50,0.01,0.03,0.0,0.2,0.1,3.0,0.3,0.088,25,67,0.0,0.12244897959183673,46,8,1,0,46,2|4|1|10|6|17|3,hub_localized,49
star,50,0.01,0.03,0.0,0.2,0.1,3.0,0.3,0.088,26,68,0.0,0.12244897959183673,45,8,1,0,45,1|4|1|10|6|17|4,hub_localized,49
star,50,0.01,0.03,0.0,0.2,0.1,3.0,0.3,0.088,27,69,0.0,0.14285714285714285,44,8,1,0,44,1|4|1|10|5|17|5,hub_localized,49
star,50,0.01,0.03,0.0,0.2,0.1,3.0,0.3,0.088,28,70,0.0,0.10204081632653061,43,8,1,0,43,4|1|10|6|17|6,hub_localized,49
star,50,0.01,0.03,0.0,0.2,0.1,3.0,0.3,0.088,29,71,0.0,0.10204081632653061,42,8,4,0,42,3|1|10|6|17|7,hub_localized,49
star,50,0.01,0.03,0.0,0.2,0.1,3.0,0.3,0.088,30,72,0.0,0.12244897959183673,41,8,1,0,41,2|1|10|5|17|8,hub_localized,49
star,50,0.01,0.03,0.0,0.2,0.1,3.0,0.3,0.088,31,73,0.0,0.10204081632653061,40,8,3,0,40,2|1|10|6|17|9,hub_localized,49
star,50,0.01,0.03,0.0,0.2,0.1,3.0,0.3,0.088,32,74,0.0,0.12244897959183673,39,8,1,0,39,1|10|5|17|10,hub_localized,49
star,50,0.01,0.03,0.0,0.2,0.1,3.0,0.3,0.088,33,75,0.0,0.08163265306122448,38,8,1,0,38,1|10|6|17|11,hub_localized,49
star,50,0.01,0.03,0.0,0.2,0.1,3.0,0.3,0.088,34,76,0.0,0.08163265306122448,37,8,1,0,37,1|10|6|17|12,hub_localized,49
star,50,0.01,0.03,0.0,0.2,0.1,3.0,0.3,0.088,35,77,0.0,0.08163265306122448,36,8,1,0,36,10|5|17|13,hub_localized,49
star,50,0.01,0.03,0.0,0.2,0.1,3.0,0.3,0.088,36,78,0.0,0.061224489795918366,35,8,1,0,35,9|6|17|14,hub_localized,49
star,50,0.01,0.03,0.0,0.2,0.1,3.0,0.3,0.088,37,79,0.0,0.08163265306122448,49,8,1,0,49,9|6|17|14,hub_localized,49
star,50,0.01,0.03,0.0,0.2,0.1,3.0,0.3,0.088,38,80,0.0,0.061224489795918366,48,8,113,0,48,8|6|32|1,hub_localized,49
star,50,0.01,0.03,0.0,0.2,0.1,3.0,0.3,0.088,39,81,0.0,0.08163265306122448,47,8,1,0,47,7|6|17|14|2,hub_localized,49
star,50,0.01,0.03,0.0,0.2,0.1,3.0,0.3,0.088,40,82,0.0,0.08163265306122448,46,8,4,0,46,5|6|17|14|3,hub_localized,49
star,50,0.01,0.03,0.0,0.2,0.1,3.0,0.3,0.088,41,83,0.0,0.08163265306122448,45,8,1,0,45,5|6|17|14|4,hub_localized,49
star,50,0.01,0.03,0.0,0.2,0.1,3.0,0.3,0.088,42,84,0.0,0.08163265306122448,44,8,3,0,44,3|6|17|14|5,hub_localized,49
star,50,0.01,0.03,0.0,0.2,0.1,3.0,0.3,0.088,43,85,0.0,0.08163265306122448,43,8,1,0,43,2|6|17|14|6,hub_localized,49
star,50,0.01,0.03,0.0,0.2,0.1,3.0,0.3,0.088,44,86,0.0,0.08163265306122448,42,8,4,0,42,2|6|17|14|7,hub_localized,49
star,50,0.01,0.03,0.0,0.2,0.1,3.0,0.3,0.088,45,87,0.0,0.08163265306122448,41,8,1,0,41,1|6|17|14|8,hub_localized,49
star,50,0.01,0.03,0.0,0.2,0.1,3.0,0.3,0.088,46,88,0.0,0.04081632653061224,40,5,113,0,40,6|32|9,hub_localized,49
star,50,0.01,0.03,0.0,0.2,0.1,3.0,0.3,0.088,47,89,0.0,0.061224489795918366,39,5,3,0,39,5|17|14|10,hub_localized,49
star,50,0.01,0.03,0.0,0.2,0.1,3.0,0.3,0.088,48,90,0.0,0.08163265306122448,49,8,1,0,49,4|17|14|10,hub_localized,49
star,50,0.01,0.03,0.0,0.2,0.1,3.0,0.3,0.088,49,91,0.0,0.08163265306122448,48,8,1,0,48,4|17|14|10|1,hub_localized,49
star,50,0.01,0.03,0.0,0.2,0.1,3.0,0.3,0.09,0,42,0.0,0.16326530612244897,47,8,4,0,47,3|4|5|12|4|1|10|2,hub_localized,49
star,50,0.01,0.03,0.0,0.2,0.1,3.0,0.3,0.09,1,43,0.0,0.16326530612244897,46,9,5,0,46,2|4|5|12|4|1|10|3,hub_localized,49
star,50,0.01,0.03,0.0,0.2,0.1,3.0,0.3,0.09,2,44,0.0,0.14285714285714285,44,8,5,0,44,2|4|5|12|4|1|10|5,hub_localized,49
star,50,0.01,0.03,0.0,0.2,0.1,3.0,0.3,0.09,3,45,0.0,0.14285714285714285,43,8,4,0,43,1|4|5|12|4|1|10|6,hub_localized,49
star,50,0.01,0.03,0.0,0.2,0.1,3.0,0.3,0.09,4,46,0.0,0.14285714285714285,49,8,5,0,49,4|5|12|4|1|10|6,hub_localized,49
star,50,0.01,0.03,0.0,0.2,0.1,3.0,0.3,0.09,5,47,0.0,0.14285714285714285,48,8,6,0,48,3|5|12|4|1|10|6|1,hub_localized,49
star,50,0.01,0.03,0.0,0.2,0.1,3.0,0.3,0.09,6,48,0.0,0.16326530612244897,47,8,5,0,47,3|5|12|4|1|10|5|2,hub_localized,49
star,50,0.01,0.03,0.0,0.2,0.1,3.0,0.3,0.09,7,49,0.0,0.14285714285714285,46,8,5,0,46,1|5|12|4|1|10|6|3,hub_localized,49
star,50,0.01,0.03,0.0,0.2,0.1,3.0,0.3,0.09,8,50,0.0,0.14285714285714285,45,8,5,0,45,1|5|12|4|1|10|6|4,hub_localized,49
star,50,0.01,0.03,0.0,0.2,0.1,3.0,0.3,0.09,9,51,0.0,0.10204081632653061,44,8,102,0,44,18|4|1|10|6|5,hub_localized,49
star,50,0.01,0.03,0.0,0.2,0.1,3.0,0.3,0.09,10,52,0.0,0.10204081632653061,43,8,102,0,43,17|4|1|10|6|6,hub_localized,49
star,50,0.01,0.03,0.0,0.2,0.1,3.0,0.3,0.09,11,53,0.0,0.12244897959183673,42,8,5,0,42,3|12|4|1|10|6|7,hub_localized,49
star,50,0.01,0.03,0.0,0.2,0.1,3.0,0.3,0.09,12,54,0.0,0.10204081632653061,41,8,102,0,41,16|4|1|10|6|8,hub_localized,49
star,50,0.01,0.03,0.0,0.2,0.1,3.0,0.3,0.09,13,55,0.0,0.12244897959183673,40,8,102,0,40,14|4|1|10|5|9,hub_localized,49
star,50,0.01,0.03,0.0,0.2,0.1,3.0,0.3,0.09,14,56,0.0,0.12244897959183673,39,8,6,0,39,1|12|4|1|10|6|10,hub_localized,49
star,50,0.01,0.03,0.0,0.2,0.1,3.0,0.3,0.09,15,57,0.0,0.10204081632653061,38,8,102,0,38,12|4|1|10|6|11,hub_localized,49
star,50,0.01,0.03,0.0,0.2,0.1,3.0,0.3,0.09,16,58,0.0,0.12244897959183673,37,8,102,0,37,12|4|1|10|5|12,hub_localized,49
star,50,0.01,0.03,0.0,0.2,0.1,3.0,0.3,0.09,17,59,0.0,0.10204081632653061,36,8,102,0,36,10|4|1|10|6|13,hub_localized,49
star,50,0.01,0.03,0.0,0.2,0.1,3.0,0.3,0.09,18,60,0.0,0.12244897959183673,35,8,102,0,35,10|4|1|10|5|14,hub_localized,49
star,50,0.01,0.03,0.0,0.2,0.1,3.0,0.3,0.09,19,61,0.0,0.10204081632653061,34,8,102,0,34,9|4|1|10|6|15,hub_localized,49
star,50,0.01,0.03,0.0,0.2,0.1,3.0,0.3,0.09,20,62,0.0,0.10204081632653061,33,8,102,0,33,8|4|1|10|6|16,hub_localized,49
star,50,0.01,0.03,0.0,0.2,0.1,3.0,0.3,0.09,21,63,0.0,0.10204081632653061,32,8,102,0,32,7|4|1|10|6|17,hub_localized,49
star,50,0.01,0.03,0.0,0.2,0.1,3.0,0.3,0.09,22,64,0.0,0.12244897959183673,49,8,1,0,49,6|4|1|10|6|17,hub_localized,49
star,50,0.01,0.03,0.0,0.2,0.1,3.0,0.3,0.09,23,65,0.0,0.12244897959183673,48,8,4,0,48,5|4|1|10|6|17|1,hub_localized,49
star,50,0.01,0.03,0.0,0.2,0.1,3.0,0.3,0.09,24,66,0.0,0.12244897959183673,47,8,4,0,47,4|4|1|10|6|17|2,hub_localized,49
star,50,0.01,0.03,0.0,0.2,0.1,3.0,0.3,0.09,25,67,0.0,0.12244897959183673,46,8,1,0,46,2|4|1|10|6|17|3,hub_localized,49
star,50,0.01,0.03,0.0,0.2,0.1,3.0,0.3,0.09,26,68,0.0,0.12244897959183673,45,8,1,0,45,1|4|1|10|6|17|4,hub_localized,49
star,50,0.01,0.03,0.0,0.2,0.1,3.0,0.3,0.09,27,69,0.0,0.14285714285714285,44,8,1,0,44,1|4|1|10|5|17|5,hub_localized,49
star,50,0.01,0.03,0.0,0.2,0.1,3.0,0.3,0.09,28,70,0.0,0.10204081632653061,43,8,1,0,43,4|1|10|6|17|6,hub_localized,49
star,50,0.01,0.03,0.0,0.2,0.1,3.0,0.3,0.09,29,71,0.0,0.10204081632653061,42,8,4,0,42,3|1|10|6|17|7,hub_localized,49
star,50,0.01,0.03,0.0,0.2,0.1,3.0,0.3,0.09,30,72,0.0,0.12244897959183673,41,8,1,0,41,2|1|10|5|17|8,hub_localized,49
star,50,0.01,0.03,0.0,0.2,0.1,3.0,0.3,0.09,31,73,0.0,0.10204081632653061,40,8,3,0,40,2|1|10|6|17|9,hub_localized,49
star,50,0.01,0.03,0.0,0.2,0.1,3.0,0.3,0.09,32,74,0.0,0.12244897959183673,39,8,1,0,39,1|10|5|17|10,hub_localized,49
star,50,0.01,0.03,0.0,0.2,0.1,3.0,0.3,0.09,33,75,0.0,0.08163265306122448,38,8,1,0,38,1|10|6|17|11,hub_localized,49
star,50,0.01,0.03,0.0,0.2,0.1,3.0,0.3,0.09,34,76,0.0,0.08163265306122448,37,8,1,0,37,1|10|6|17|12,hub_localized,49
star,50,0.01,0.03,0.0,0.2,0.1,3.0,0.3,0.09,35,77,0.0,0.08163265306122448,36,8,1,0,36,10|5|17|13,hub_localized,49
star,50,0.01,0.03,0.0,0.2,0.1,3.0,0.3,0.09,36,78,0.0,0.061224489795918366,35,8,1,0,35,9|6|17|14,hub_localized,49
star,50,0.01,0.03,0.0,0.2,0.1,3.0,0.3,0.09,37,79,0.0,0.08163265306122448,49,8,1,0,49,9|6|17|14,hub_localized,49
star,50,0.01,0.03,0.0,0.2,0.1,3.0,0.3,0.09,38,80,0.0,0.061224489795918366,48,8,113,0,48,8|6|32|1,hub_localized,49
star,50,0.01,0.03,0.0,0.2,0.1,3.0,0.3,0.09,39,81,0.0,0.08163265306122448,47,8,1,0,47,7|6|17|14|2,hub_localized,49
star,50,0.01,0.03,0.0,0.2,0.1,3.0,0.3,0.09,40,82,0.0,0.08163265306122448,46,8,4,0,46,5|6|17|14|3,hub_localized,49
star,50,0.01,0.03,0.0,0.2,0.1,3.0,0.3,0.09,41,83,0.0,0.08163265306122448,45,8,1,0,45,5|6|17|14|4,hub_localized,49
star,50,0.01,0.03,0.0,0.2,0.1,3.0,0.3,0.09,42,84,0.0,0.08163265306122448,44,8,4,0,44,3|6|17|14|5,hub_localized,49
star,50,0.01,0.03,0.0,0.2,0.1,3.0,0.3,0.09,43,85,0.0,0.08163265306122448,43,8,1,0,43,2|6|17|14|6,hub_localized,49
star,50,0.01,0.03,0.0,0.2,0.1,3.0,0.3,0.09,44,86,0.0,0.08163265306122448,42,8,4,0,42,2|6|17|14|7,hub_localized,49
star,50,0.01,0.03,0.0,0.2,0.1,3.0,0.3,0.09,45,87,0.0,0.08163265306122448,41,8,1,0,41,1|6|17|14|8,hub_localized,49
star,50,0.01,0.03,0.0,0.2,0.1,3.0,0.3,0.09,46,88,0.0,0.04081632653061224,40,5,113,0,40,6|32|9,hub_localized,49
star,50,0.01,0.03,0.0,0.2,0.1,3.0,0.3,0.09,47,89,0.0,0.061224489795918366,39,5,3,0,39,5|17|14|10,hub_localized,49
star,50,0.01,0.03,0.0,0.2,0.1,3.0,0.3,0.09,48,90,0.0,0.08163265306122448,49,8,1,0,49,4|17|14|10,hub_localized,49
star,50,0.01,0.03,0.0,0.2,0.1,3.0,0.3,0.09,49,91,0.0,0.08163265306122448,48,8,1,0,48,4|17|14|10|1,hub_localized,49
random-sparse,50,0.01,0.02,0.0,0.2,0.1,3.0,0.3,0.06,0,42,0.0,0.24489795918367346,47,20,4,1,47,3|4|5|1|2|4|2|4|1|9|2,network_wide,111
random-sparse,50,0.01,0.02,0.0,0.2,0.1,3.0,0.3,0.06,1,43,0.0,0.2653061224489796,46,20,5,1,46,2|3|5|1|2|4|2|4|1|9|3,network_wide,125
random-sparse,50,0.01,0.02,0.0,0.2,0.1,3.0,0.3,0.06,2,44,0.0,0.2653061224489796,45,20,4,1,45,2|3|5|1|2|4|2|4|1|9|4,network_wide,133
random-sparse,50,0.01,0.02,0.0,0.2,0.1,3.0,0.3,0.06,3,45,0.0,0.2653061224489796,44,20,4,1,44,1|3|5|1|2|4|2|4|1|9|5,network_wide,120
random-sparse,50,0.01,0.02,0.0,0.2,0.1,3.0,0.3,0.06,4,46,0.0,0.2653061224489796,49,26,4,1,49,3|5|1|2|4|2|4|1|9|5,network_wide,123
random-sparse,50,0.01,0.02,0.0,0.2,0.1,3.0,0.3,0.06,5,47,0.0,0.24489795918367346,48,20,5,1,48,3|5|1|2|4|2|4|1|9|5|1,network_wide,125
random-sparse,50,0.01,0.02,0.0,0.2,0.1,3.0,0.3,0.06,6,48,0.0,0.24489795918367346,47,20,4,1,47,3|5|1|2|4|2|4|1|9|5|2,network_wide,111
random-sparse,50,0.01,0.02,0.0,0.2,0.1,3.0,0.3,0.06,7,49,0.0,0.24489795918367346,46,20,5,1,46,1|5|1|2|4|2|4|1|9|5|3,network_wide,116
random-sparse,50,0.01,0.02,0.0,0.2,0.1,3.0,0.3,0.06,8,50,0.0,0.24489795918367346,45,20,5,1,45,1|5|1|2|4|2|4|1|9|5|4,network_wide,110
random-sparse,50,0.01,0.02,0.0,0.2,0.1,3.0,0.3,0.06,9,51,0.0,0.22448979591836735,44,20,5,1,44,5|1|2|4|2|4|1|9|5|5,network_wide,132
random-sparse,50,0.01,0.02,0.0,0.2,0.1,3.0,0.3,0.06,10,52,0.0,0.22448979591836735,43,20,6,1,43,4|1|2|4|2|4|1|9|5|6,network_wide,127
random-sparse,50,0.01,0.02,0.0,0.2,0.1,3.0,0.3,0.06,11,53,0.0,0.22448979591836735,42,20,5,1,42,3|1|2|4|2|4|1|9|5|7,network_wide,114
random-sparse,50,0.01,0.02,0.0,0.2,0.1,3.0,0.3,0.06,12,54,0.0,0.22448979591836735,41,20,5,1,41,3|1|2|4|2|4|1|9|5|8,network_wide,128
random-sparse,50,0.01,0.02,0.0,0.2,0.1,3.0,0.3,0.06,13,55,0.0,0.22448979591836735,40,20,5,1,40,1|1|2|4|2|4|1|9|5|9,network_wide,116
random-sparse,50,0.01,0.02,0.0,0.2,0.1,3.0,0.3,0.06,14,56,0.0,0.22448979591836735,39,20,5,1,39,1|1|2|4|2|4|1|9|5|10,network_wide,114
random-sparse,50,0.01,0.02,0.0,0.2,0.1,3.0,0.3,0.06,15,57,0.0,0.20408163265306123,38,20,15,1,38,1|2|4|2|4|1|9|5|11,network_wide,119
random-sparse,50,0.01,0.02,0.0,0.2,0.1,3.0,0.3,0.06,16,58,0.0,0.20408163265306123,37,20,15,1,37,1|2|4|2|4|1|9|5|12,network_wide,98
random-sparse,50,0.01,0.02,0.0,0.2,0.1,3.0,0.3,0.06,17,59,0.0,0.1836734693877551,36,20,16,0,36,2|4|2|4|1|9|5|13,network_wide,120
random-sparse,50,0.01,0.02,0.0,0.2,0.1,3.0,0.3,0.06,18,60,0.0,0.1836734693877551,35,20,16,0,35,2|4|2|4|1|9|5|14,network_wide,106
random-sparse,50,0.01,0.02,0.0,0.2,0.1,3.0,0.3,0.06,19,61,0.0,0.20408163265306123,34,20,15,1,34,1|4|2|4|9|5|15,network_wide,110
random-sparse,50,0.01,0.02,0.0,0.2,0.1,3.0,0.3,0.06,20,62,0.0,0.16326530612244897,33,20,16,0,33,4|2|4|1|9|5|16,network_wide,114
random-sparse,50,0.01,0.02,0.0,0.2,0.1,3.0,0.3,0.06,21,63,0.0,0.16326530612244897,32,20,15,0,32,4|2|4|1|9|5|17,network_wide,114
random-sparse,50,0.01,0.02,0.0,0.2,0.1,3.0,0.3,0.06,22,64,0.0,0.1836734693877551,49,20,1,0,49,3|2|4|1|9|5|17,network_wide,122
random-sparse,50,0.01,0.02,0.0,0.2,0.1,3.0,0.3,0.06,23,65,0.0,0.20408163265306123,48,20,3,1,48,2|2|4|1|9|5|16|1,network_wide,120
random-sparse,50,0.01,0.02,0.0,0.2,0.1,3.0,0.3,0.06,24,66,0.0,0.20408163265306123,47,20,3,1,47,1|2|4|1|9|5|16|2,network_wide,103
random-sparse,50,0.01,0.02,0.0,0.2,0.1,3.0,0.3,0.06,25,67,0.0,0.16326530612244897,46,20,1,0,46,2|4|1|9|5|17|3,network_wide,127
random-sparse,50,0.01,0.02,0.0,0.2,0.1,3.0,0.3,0.06,26,68,0.0,0.16326530612244897,45,20,1,0,45,1|4|1|9|5|17|4,network_wide,114
random-sparse,50,0.01,0.02,0.0,0.2,0.1,3.0,0.3,0.06,27,69,0.0,0.1836734693877551,44,20,1,0,44,1|4|1|9|5|16|5,network_wide,105
random-sparse,50,0.01,0.02,0.0,0.2,0.1,3.0,0.3,0.06,28,70,0.0,0.16326530612244897,43,20,1,0,43,4|1|9|5|16|6,network_wide,125
random-sparse,50,0.01,0.02,0.0,0.2,0.1,3.0,0.3,0.06,29,71,0.0,0.20408163265306123,49,20,3,1,49,3|9|5|17|5,network_wide,116
random-sparse,50,0.01,0.02,0.0,0.2,0.1,3.0,0.3,0.06,30,72,0.0,0.20408163265306123,48,20,1,1,48,2|1|9|5|16|5|1,network_wide,108
random-sparse,50,0.01,0.02,0.0,0.2,0.1,3.0,0.3,0.06,31,73,0.0,0.1836734693877551,47,20,3,0,47,2|1|9|5|17|5|2,network_wide,111
random-sparse,50,0.01,0.02,0.0,0.2,0.1,3.0,0.3,0.06,32,74,0.0,0.16326530612244897,46,20,1,0,46,1|9|5|17|6|3,network_wide,108
random-sparse,50,0.01,0.02,0.0,0.2,0.1,3.0,0.3,0.06,33,75,0.0,0.1836734693877551,45,20,1,0,45,9|5|17|5|4,network_wide,128
random-sparse,50,0.01,0.02,0.0,0.2,0.1,3.0,0.3,0.06,34,76,0.0,0.1836734693877551,44,20,1,0,44,9|5|16|5|5,network_wide,111
random-sparse,50,0.01,0.02,0.0,0.2,0.1,3.0,0.3,0.06,35,77,0.0,0.16326530612244897,43,20,1,0,43,9|5|16|5|6,network_wide,131
random-sparse,50,0.01,0.02,0.0,0.2,0.1,3.0,0.3,0.06,36,78,0.0,0.16326530612244897,42,20,1,0,42,8|5|16|5|7,network_wide,110
random-sparse,50,0.01,0.02,0.0,0.2,0.1,3.0,0.3,0.06,37,79,0.0,0.16326530612244897,49,20,1,0,49,8|5|17|5|7,network_wide,111
random-sparse,50,0.01,0.02,0.0,0.2,0.1,3.0,0.3,0.06,38,80,0.0,0.1836734693877551,48,20,4,0,48,6|5|16|5|7|1,network_wide,110
random-sparse,50,0.01,0.02,0.0,0.2,0.1,3.0,0.3,0.06,39,81,0.0,0.16326530612244897,47,20,1,0,47,5|5|17|5|7|2,network_wide,117
random-sparse,50,0.01,0.02,0.0,0.2,0.1,3.0,0.3,0.06,40,82,0.0,0.1836734693877551,46,20,3,0,46,4|5|16|5|7|3,network_wide,108
random-sparse,50,0.01,0.02,0.0,0.2,0.1,3.0,0.3,0.06,41,83,0.0,0.16326530612244897,45,20,1,0,45,4|5|17|5|7|4,network_wide,105
random-sparse,50,0.01,0.02,0.0,0.2,0.1,3.0,0.3,0.06,42,84,0.0,0.16326530612244897,44,20,3,0,44,2|5|17|5|7|5,network_wide,131
random-sparse,50,0.01,0.02,0.0,0.2,0.1,3.0,0.3,0.06,43,85,0.0,0.16326530612244897,43,20,1,0,43,1|5|17|5|7|6,network_wide,110
random-sparse,50,0.01,0.02,0.0,0.2,0.1,3.0,0.3,0.06,44,86,0.0,0.16326530612244897,42,20,3,0,42,1|5|17|5|7|7,network_wide,124
random-sparse,50,0.01,0.02,0.0,0.2,0.1,3.0,0.3,0.06,45,87,0.0,0.14285714285714285,41,20,1,0,41,5|17|5|7|8,network_wide,126
random-sparse,50,0.01,0.02,0.0,0.2,0.1,3.0,0.3,0.06,46,88,0.0,0.12244897959183673,40,9,4,0,40,5|17|5|7|9,network_wide,107
random-sparse,50,0.01,0.02,0.0,0.2,0.1,3.0,0.3,0.06,47,89,0.0,0.10204081632653061,39,9,3,0,39,5|17|5|7|10,network_wide,117
random-sparse,50,0.01,0.02,0.0,0.2,0.1,3.0,0.3,0.06,48,90,0.0,0.12244897959183673,49,9,1,0,49,4|17|5|7|10,network_wide,124
random-sparse,50,0.01,0.02,0.0,0.2,0.1,3.0,0.3,0.06,49,91,0.0,0.14285714285714285,48,9,1,0,48,3|17|5|7|5|4|1,network_wide,116
random-sparse,50,0.01,0.02,0.0,0.2,0.1,3.0,0.3,0.062,0,42,0.0,0.24489795918367346,47,19,4,1,47,3|4|5|1|2|4|2|4|1|9|2,network_wide,111
random-sparse,50,0.01,0.02,0.0,0.2,0.1,3.0,0.3,0.062,1,43,0.0,0.2653061224489796,46,19,5,1,46,2|3|5|1|2|4|2|4|1|9|3,network_wide,125
random-sparse,50,0.01,0.02,0.0,0.2,0.1,3.0,0.3,0.062,2,44,0.0,0.2653061224489796,45,19,4,1,45,2|3|5|1|2|4|2|4|1|9|4,network_wide,133
random-sparse,50,0.01,0.02,0.0,0.2,0.1,3.0,0.3,0.062,3,45,0.0,0.2653061224489796,44,19,4,1,44,1|3|5|1|2|4|2|4|1|9|5,network_wide,120
random-sparse,50,0.01,0.02,0.0,0.2,0.1,3.0,0.3,0.062,4,46,0.0,0.2653061224489796,49,19,4,1,49,3|5|1|2|4|2|4|1|9|5,network_wide,123
random-sparse,50,0.01,0.02,0.0,0.2,0.1,3.0,0.3,0.062,5,47,0.0,0.24489795918367346,48,19,5,1,48,3|5|1|2|4|2|4|1|9|5|1,network_wide,125
random-sparse,50,0.01,0.02,0.0,0.2,0.1,3.0,0.3,0.062,6,48,0.0,0.24489795918367346,47,19,4,1,47,3|5|1|2|4|2|4|1|9|5|2,network_wide,111
random-sparse,50,0.01,0.02,0.0,0.2,0.1,3.0,0.3,0.062,7,49,0.0,0.24489795918367346,46,19,5,1,46,1|5|1|2|4|2|4|1|9|5|3,network_wide,116
random-sparse,50,0.01,0.02,0.0,0.2,0.1,3.0,0.3,0.062,8,50,0.0,0.24489795918367346,45,19,5,1,45,1|5|1|2|4|2|4|1|9|5|4,network_wide,110
random-sparse,50,0.01,0.02,0.0,0.2,0.1,3.0,0.3,0.062,9,51,0.0,0.22448979591836735,44,19,5,1,44,5|1|2|4|2|4|1|9|5|5,network_wide,132
random-sparse,50,0.01,0.02,0.0,0.2,0.1,3.0,0.3,0.062,10,52,0.0,0.24489795918367346,43,19,6,1,43,4|1|2|4|2|4|9|5|6,network_wide,127
random-sparse,50,0.01,0.02,0.0,0.2,0.1,3.0,0.3,0.062,11,53,0.0,0.22448979591836735,42,19,5,1,42,3|1|2|4|2|4|1|9|5|7,network_wide,114
random-sparse,50,0.01,0.02,0.0,0.2,0.1,3.0,0.3,0.062,12,54,0.0,0.22448979591836735,41,19,5,1,41,3|1|2|4|2|4|1|9|5|8,network_wide,128
random-sparse,50,0.01,0.02,0.0,0.2,0.1,3.0,0.3,0.062,13,55,0.0,0.22448979591836735,40,19,5,1,40,1|1|2|4|2|4|1|9|5|9,network_wide,116
random-sparse,50,0.01,0.02,0.0,0.2,0.1,3.0,0.3,0.062,14,56,0.0,0.22448979591836735,39,19,5,1,39,1|1|2|4|2|4|1|9|5|10,network_wide,114
random-sparse,50,0.01,0.02,0.0,0.2,0.1,3.0,0.3,0.062,15,57,0.0,0.20408163265306123,38,19,16,1,38,1|2|4|2|4|1|9|5|11,network_wide,119
random-sparse,50,0.01,0.02,0.0,0.2,0.1,3.0,0.3,0.062,16,58,0.0,0.20408163265306123,37,19,15,1,37,1|2|4|2|4|1|9|5|12,network_wide,98
random-sparse,50,0.01,0.02,0.0,0.2,0.1,3.0,0.3,0.062,17,59,0.0,0.1836734693877551,36,19,16,0,36,2|4|2|4|1|9|5|13,network_wide,120
random-sparse,50,0.01,0.02,0.0,0.2,0.1,3.0,0.3,0.062,18,60,0.0,0.1836734693877551,35,19,16,0,35,2|4|2|4|1|9|5|14,network_wide,106
random-sparse,50,0.01,0.02,0.0,0.2,0.1,3.0,0.3,0.062,19,61,0.0,0.20408163265306123,34,19,15,1,34,1|4|2|4|9|5|15,network_wide,110
random-sparse,50,0.01,0.02,0.0,0.2,0.1,3.0,0.3,0.062,20,62,0.0,0.16326530612244897,33,19,16,0,33,4|2|4|1|9|5|16,network_wide,114
random-sparse,50,0.01,0.02,0.0,0.2,0.1,3.0,0.3,0.062,21,63,0.0,0.14285714285714285,32,19,16,0,32,4|2|4|1|10|5|17,network_wide,114
random-sparse,50,0.01,0.02,0.0,0.2,0.1,3.0,0.3,0.062,22,64,0.0,0.20408163265306123,49,19,1,1,49,3|2|4|9|5|17,network_wide,122
random-sparse,50,0.01,0.02,0.0,0.2,0.1,3.0,0.3,0.062,23,65,0.0,0.1836734693877551,48,19,3,0,48,2|2|4|1|9|5|17|1,network_wide,120
random-sparse,50,0.01,0.02,0.0,0.2,0.1,3.0,0.3,0.062,24,66,0.0,0.20408163265306123,47,19,3,1,47,1|2|4|1|9|5|16|2,network_wide,103
random-sparse,50,0.01,0.02,0.0,0.2,0.1,3.0,0.3,0.062,25,67,0.0,0.16326530612244897,46,19,1,0,46,2|4|1|9|5|17|3,network_wide,127
random-sparse,50,0.01,0.02,0.0,0.2,0.1,3.0,0.3,0.062,26,68,0.0,0.16326530612244897,45,19,1,0,45,1|4|1|9|5|17|4,network_wide,114
random-sparse,50,0.01,0.02,0.0,0.2,0.1,3.0,0.3,0.062,27,69,0.0,0.1836734693877551,44,19,1,0,44,1|4|1|9|5|16|5,network_wide,105
random-sparse,50,0.01,0.02,0.0,0.2,0.1,3.0,0.3,0.062,28,70,0.0,0.16326530612244897,43,19,1,0,43,4|1|9|5|16|6,network_wide,125
random-sparse,50,0.01,0.02,0.0,0.2,0.1,3.0,0.3,0.062,29,71,0.0,0.20408163265306123,49,19,3,1,49,3|9|5|17|5,network_wide,116
random-sparse,50,0.01,0.02,0.0,0.2,0.1,3.0,0.3,0.062,30,72,0.0,0.20408163265306123,48,19,1,1,48,2|1|9|5|16|5|1,network_wide,108
random-sparse,50,0.01,0.02,0.0,0.2,0.1,3.0,0.3,0.062,31,73,0.0,0.1836734693877551,47,19,3,0,47,2|1|9|5|17|5|2,network_wide,111
random-sparse,50,0.01,0.02,0.0,0.2,0.1,3.0,0.3,0.062,32,74,0.0,0.16326530612244897,46,19,1,0,46,1|9|5|17|6|3,network_wide,108
random-sparse,50,0.01,0.02,0.0,0.2,0.1,3.0,0.3,0.062,33,75,0.0,0.1836734693877551,45,19,1,0,45,9|5|17|5|4,network_wide,128
random-sparse,50,0.01,0.02,0.0,0.2,0.1,3.0,0.3,0.062,34,76,0.0,0.14285714285714285,44,19,1,0,44,10|5|17|5|5,network_wide,111
random-sparse,50,0.01,0.02,0.0,0.2,0.1,3.0,0.3,0.062,35,77,0.0,0.16326530612244897,43,19,1,0,43,9|5|16|5|6,network_wide,131
random-sparse,50,0.01,0.02,0.0,0.2,0.1,3.0,0.3,0.062,36,78,0.0,0.16326530612244897,42,19,1,0,42,8|5|16|5|7,network_wide,110
random-sparse,50,0.01,0.02,0.0,0.2,0.1,3.0,0.3,0.062,37,79,0.0,0.16326530612244897,49,19,1,0,49,8|5|17|5|7,network_wide,111
random-sparse,50,0.01,0.02,0.0,0.2,0.1,3.0,0.3,0.062,38,80,0.0,0.1836734693877551,48,19,4,0,48,6|5|16|5|7|1,network_wide,110
random-sparse,50,0.01,0.02,0.0,0.2,0.1,3.0,0.3,0.062,39,81,0.0,0.16326530612244897,47,19,1,0,47,5|5|17|5|7|2,network_wide,117
random-sparse,50,0.01,0.02,0.0,0.2,0.1,3.0,0.3,0.062,40,82,0.0,0.1836734693877551,46,19,3,0,46,4|5|16|5|7|3,network_wide,108
random-sparse,50,0.01,0.02,0.0,0.2,0.1,3.0,0.3,0.062,41,83,0.0,0.16326530612244897,45,19,1,0,45,4|5|17|5|7|4,network_wide,105
random-sparse,50,0.01,0.02,0.0,0.2,0.1,3.0,0.3,0.062,42,84,0.0,0.16326530612244897,44,19,3,0,44,2|5|17|5|7|5,network_wide,131
random-sparse,50,0.01,0.02,0.0,0.2,0.1,3.0,0.3,0.062,43,85,0.0,0.16326530612244897,43,19,1,0,43,1|5|17|5|7|6,network_wide,110
random-sparse,50,0.01,0.02,0.0,0.2,0.1,3.0,0.3,0.062,44,86,0.0,0.16326530612244897,42,19,3,0,42,1|5|17|5|7|7,network_wide,124
random-sparse,50,0.01,0.02,0.0,0.2,0.1,3.0,0.3,0.062,45,87,0.0,0.14285714285714285,41,19,1,0,41,5|17|5|7|8,network_wide,126
random-sparse,50,0.01,0.02,0.0,0.2,0.1,3.0,0.3,0.062,46,88,0.0,0.12244897959183673,40,10,4,0,40,5|17|5|7|9,network_wide,107
random-sparse,50,0.01,0.02,0.0,0.2,0.1,3.0,0.3,0.062,47,89,0.0,0.10204081632653061,39,9,3,0,39,5|17|5|7|10,network_wide,117
random-sparse,50,0.01,0.02,0.0,0.2,0.1,3.0,0.3,0.062,48,90,0.0,0.12244897959183673,49,9,1,0,49,4|17|5|7|10,network_wide,124
random-sparse,50,0.01,0.02,0.0,0.2,0.1,3.0,0.3,0.062,49,91,0.0,0.12244897959183673,48,9,1,0,48,3|17|5|7|10|1,network_wide,116
random-sparse,50,0.01,0.02,0.0,0.2,0.1,3.0,0.3,0.064,0,42,0.0,0.22448979591836735,47,19,4,1,47,3|4|5|1|7|2|4|1|1|8|2,network_wide,111
random-sparse,50,0.01,0.02,0.0,0.2,0.1,3.0,0.3,0.064,1,43,0.0,0.2653061224489796,46,19,5,1,46,2|3|5|1|7|2|4|1|1|7|3,network_wide,125
random-sparse,50,0.01,0.02,0.0,0.2,0.1,3.0,0.3,0.064,2,44,0.0,0.24489795918367346,45,19,4,1,45,2|3|5|1|7|2|4|1|1|8|4,network_wide,133
random-sparse,50,0.01,0.02,0.0,0.2,0.1,3.0,0.3,0.064,3,45,0.0,0.2653061224489796,44,19,4,1,44,1|3|5|1|7|2|4|1|1|7|5,network_wide,120
random-sparse,50,0.01,0.02,0.0,0.2,0.1,3.0,0.3,0.064,4,46,0.0,0.2653061224489796,49,19,4,1,49,3|5|1|7|2|4|1|1|7|5,network_wide,123
random-sparse,50,0.01,0.02,0.0,0.2,0.1,3.0,0.3,0.064,5,47,0.0,0.22448979591836735,48,19,5,1,48,3|5|1|7|2|4|1|1|8|5|1,network_wide,125
random-sparse,50,0.01,0.02,0.0,0.2,0.1,3.0,0.3,0.064,6,48,0.0,0.24489795918367346,47,19,4,1,47,3|5|1|7|2|4|1|1|7|5|2,network_wide,111
random-sparse,50,0.01,0.02,0.0,0.2,0.1,3.0,0.3,0.064,7,49,0.0,0.24489795918367346,46,19,5,1,46,1|5|1|7|2|4|1|1|7|5|3,network_wide,116
random-sparse,50,0.01,0.02,0.0,0.2,0.1,3.0,0.3,0.064,8,50,0.0,0.24489795918367346,45,19,5,1,45,1|5|1|7|2|4|1|1|7|5|4,network_wide,110
random-sparse,50,0.01,0.02,0.0,0.2,0.1,3.0,0.3,0.064,9,51,0.0,0.22448979591836735,44,19,5,1,44,5|1|7|2|4|1|1|7|5|5,network_wide,132
random-sparse,50,0.01,0.02,0.0,0.2,0.1,3.0,0.3,0.064,10,52,0.0,0.22448979591836735,43,19,6,1,43,4|1|7|2|4|9|5|6,network_wide,127
random-sparse,50,0.01,0.02,0.0,0.2,0.1,3.0,0.3,0.064,11,53,0.0,0.22448979591836735,42,19,5,1,42,3|1|7|2|4|9|5|7,network_wide,114
random-sparse,50,0.01,0.02,0.0,0.2,0.1,3.0,0.3,0.064,12,54,0.0,0.22448979591836735,41,19,6,1,41,3|1|7|2|4|1|1|7|5|8,network_wide,128
random-sparse,50,0.01,0.02,0.0,0.2,0.1,3.0,0.3,0.064,13,55,0.0,0.22448979591836735,40,19,5,1,40,1|1|7|2|4|1|1|7|5|9,network_wide,116
random-sparse,50,0.01,0.02,0.0,0.2,0.1,3.0,0.3,0.064,14,56,0.0,0.22448979591836735,39,19,5,1,39,1|1|7|2|4|1|1|7|5|10,network_wide,114
random-sparse,50,0.01,0.02,0.0,0.2,0.1,3.0,0.3,0.064,15,57,0.0,0.20408163265306123,38,19,16,1,38,1|7|2|4|1|1|7|5|11,network_wide,119
random-sparse,50,0.01,0.02,0.0,0.2,0.1,3.0,0.3,0.064,16,58,0.0,0.20408163265306123,37,19,16,1,37,1|7|2|4|1|8|5|12,network_wide,98
random-sparse,50,0.01,0.02,0.0,0.2,0.1,3.0,0.3,0.064,17,59,0.0,0.16326530612244897,36,19,16,0,36,7|2|4|1|1|8|5|13,network_wide,120
random-sparse,50,0.01,0.02,0.0,0.2,0.1,3.0,0.3,0.064,18,60,0.0,0.1836734693877551,35,19,16,0,35,7|2|4|1|1|7|5|14,network_wide,106
random-sparse,50,0.01,0.02,0.0,0.2,0.1,3.0,0.3,0.064,19,61,0.0,0.16326530612244897,34,19,16,0,34,6|2|4|10|5|15,network_wide,110
random-sparse,50,0.01,0.02,0.0,0.2,0.1,3.0,0.3,0.064,20,62,0.0,0.1836734693877551,33,19,16,0,33,5|2|4|1|1|7|5|16,network_wide,114
random-sparse,50,0.01,0.02,0.0,0.2,0.1,3.0,0.3,0.064,21,63,0.0,0.14285714285714285,32,19,16,0,32,4|2|4|1|10|5|17,network_wide,114
random-sparse,50,0.01,0.02,0.0,0.2,0.1,3.0,0.3,0.064,22,64,0.0,0.22448979591836735,49,19,1,1,49,3|2|4|1|7|5|17,network_wide,122
random-sparse,50,0.01,0.02,0.0,0.2,0.1,3.0,0.3,0.064,23,65,0.0,0.1836734693877551,48,19,3,0,48,2|2|4|1|9|5|17|1,network_wide,120
random-sparse,50,0.01,0.02,0.0,0.2,0.1,3.0,0.3,0.064,24,66,0.0,0.20408163265306123,47,19,3,1,47,1|2|4|1|9|5|16|2,network_wide,103
random-sparse,50,0.01,0.02,0.0,0.2,0.1,3.0,0.3,0.064,25,67,0.0,0.1836734693877551,46,19,1,0,46,2|4|1|1|7|5|17|3,network_wide,127
random-sparse,50,0.01,0.02,0.0,0.2,0.1,3.0,0.3,0.064,26,68,0.0,0.1836734693877551,45,19,1,0,45,1|4|1|1|7|5|17|4,network_wide,114
random-sparse,50,0.01,0.02,0.0,0.2,0.1,3.0,0.3,0.064,27,69,0.0,0.1836734693877551,44,19,1,0,44,1|4|1|9|5|16|5,network_wide,105
random-sparse,50,0.01,0.02,0.0,0.2,0.1,3.0,0.3,0.064,28,70,0.0,0.1836734693877551,43,19,1,0,43,4|1|1|7|5|16|6,network_wide,125
random-sparse,50,0.01,0.02,0.0,0.2,0.1,3.0,0.3,0.064,29,71,0.0,0.1836734693877551,49,19,3,0,49,3|10|5|17|5,network_wide,116
random-sparse,50,0.01,0.02,0.0,0.2,0.1,3.0,0.3,0.064,30,72,0.0,0.22448979591836735,48,19,1,1,48,2|1|1|7|5|16|5|1,network_wide,108
random-sparse,50,0.01,0.02,0.0,0.2,0.1,3.0,0.3,0.064,31,73,0.0,0.20408163265306123,47,19,3,1,47,2|1|1|7|5|17|5|2,network_wide,111
random-sparse,50,0.01,0.02,0.0,0.2,0.1,3.0,0.3,0.064,32,74,0.0,0.16326530612244897,46,19,1,0,46,1|9|5|17|6|3,network_wide,108
random-sparse,50,0.01,0.02,0.0,0.2,0.1,3.0,0.3,0.064,33,75,0.0,0.20408163265306123,45,19,1,1,45,1|7|5|17|5|4,network_wide,128
random-sparse,50,0.01,0.02,0.0,0.2,0.1,3.0,0.3,0.064,34,76,0.0,0.14285714285714285,44,19,1,0,44,10|5|17|5|5,network_wide,111
random-sparse,50,0.01,0.02,0.0,0.2,0.1,3.0,0.3,0.064,35,77,0.0,0.16326530612244897,43,19,1,0,43,9|5|16|5|6,network_wide,131
random-sparse,50,0.01,0.02,0.0,0.2,0.1,3.0,0.3,0.064,36,78,0.0,0.16326530612244897,42,19,1,0,42,8|5|16|5|7,network_wide,110
random-sparse,50,0.01,0.02,0.0,0.2,0.1,3.0,0.3,0.064,37,79,0.0,0.16326530612244897,49,19,1,0,49,8|5|17|5|7,network_wide,111
random-sparse,50,0.01,0.02,0.0,0.2,0.1,3.0,0.3,0.064,38,80,0.0,0.1836734693877551,48,19,4,0,48,6|5|16|5|7|1,network_wide,110
random-sparse,50,0.01,0.02,0.0,0.2,0.1,3.0,0.3,0.064,39,81,0.0,0.16326530612244897,47,19,1,0,47,5|5|17|5|7|2,network_wide,117
random-sparse,50,0.01,0.02,0.0,0.2,0.1,3.0,0.3,0.064,40,82,0.0,0.1836734693877551,46,19,3,0,46,4|5|16|5|7|3,network_wide,108
random-sparse,50,0.01,0.02,0.0,0.2,0.1,3.0,0.3,0.064,41,83,0.0,0.16326530612244897,45,19,1,0,45,4|5|17|5|7|4,network_wide,105
random-sparse,50,0.01,0.02,0.0,0.2,0.1,3.0,0.3,0.064,42,84,0.0,0.16326530612244897,44,19,3,0,44,2|5|17|5|7|5,network_wide,131
random-sparse,50,0.01,0.02,0.0,0.2,0.1,3.0,0.3,0.064,43,85,0.0,0.16326530612244897,43,19,1,0,43,1|5|17|5|7|6,network_wide,110
random-sparse,50,0.01,0.02,0.0,0.2,0.1,3.0,0.3,0.064,44,86,0.0,0.16326530612244897,42,19,3,0,42,1|5|17|5|7|7,network_wide,124
random-sparse,50,0.01,0.02,0.0,0.2,0.1,3.0,0.3,0.064,45,87,0.0,0.14285714285714285,41,19,1,0,41,5|17|5|7|8,network_wide,126
random-sparse,50,0.01,0.02,0.0,0.2,0.1,3.0,0.3,0.064,46,88,0.0,0.12244897959183673,40,10,4,0,40,5|17|5|7|9,network_wide,107
random-sparse,50,0.01,0.02,0.0,0.2,0.1,3.0,0.3,0.064,47,89,0.0,0.10204081632653061,39,10,3,0,39,5|17|5|7|10,network_wide,117
random-sparse,50,0.01,0.02,0.0,0.2,0.1,3.0,0.3,0.064,48,90,0.0,0.12244897959183673,49,10,1,0,49,4|17|5|7|10,network_wide,124
random-sparse,50,0.01,0.02,0.0,0.2,0.1,3.0,0.3,0.064,49,91,0.0,0.12244897959183673,48,10,1,0,48,3|17|5|7|10|1,network_wide,116
random-sparse,50,0.01,0.02,0.0,0.2,0.1,3.0,0.3,0.066,0,42,0.0,0.24489795918367346,47,19,4,1,47,3|3|5|1|7|2|4|1|9|2,network_wide,111
random-sparse,50,0.01,0.02,0.0,0.2,0.1,3.0,0.3,0.066,1,43,0.0,0.24489795918367346,46,19,5,1,46,2|3|5|1|7|2|4|1|9|3,network_wide,125
random-sparse,50,0.01,0.02,0.0,0.2,0.1,3.0,0.3,0.066,2,44,0.0,0.2653061224489796,45,19,4,1,45,2|3|5|1|7|2|4|9|4,network_wide,133
random-sparse,50,0.01,0.02,0.0,0.2,0.1,3.0,0.3,0.066,3,45,0.0,0.24489795918367346,44,19,4,1,44,1|3|5|1|7|2|4|1|9|5,network_wide,120
random-sparse,50,0.01,0.02,0.0,0.2,0.1,3.0,0.3,0.066,4,46,0.0,0.24489795918367346,49,19,4,1,49,3|5|1|7|2|4|1|9|5,network_wide,123
random-sparse,50,0.01,0.02,0.0,0.2,0.1,3.0,0.3,0.066,5,47,0.0,0.22448979591836735,48,19,5,1,48,3|5|1|7|2|4|1|9|5|1,network_wide,125
random-sparse,50,0.01,0.02,0.0,0.2,0.1,3.0,0.3,0.066,6,48,0.0,0.22448979591836735,47,19,4,1,47,3|5|1|7|2|4|1|9|5|2,network_wide,111
random-sparse,50,0.01,0.02,0.0,0.2,0.1,3.0,0.3,0.066,7,49,0.0,0.22448979591836735,46,19,5,1,46,1|5|1|7|2|4|1|9|5|3,network_wide,116
random-sparse,50,0.01,0.02,0.0,0.2,0.1,3.0,0.3,0.066,8,50,0.0,0.22448979591836735,45,19,5,1,45,1|5|1|7|2|4|1|9|5|4,network_wide,110
random-sparse,50,0.01,0.02,0.0,0.2,0.1,3.0,0.3,0.066,9,51,0.0,0.20408163265306123,44,19,5,1,44,5|1|7|2|4|1|9|5|5,network_wide,132
random-sparse,50,0.01,0.02,0.0,0.2,0.1,3.0,0.3,0.066,10,52,0.0,0.22448979591836735,43,19,6,1,43,4|1|7|2|4|9|5|6,network_wide,127
random-sparse,50,0.01,0.02,0.0,0.2,0.1,3.0,0.3,0.066,11,53,0.0,0.20408163265306123,42,19,5,1,42,3|1|7|2|4|10|5|7,network_wide,114
random-sparse,50,0.01,0.02,0.0,0.2,0.1,3.0,0.3,0.066,12,54,0.0,0.20408163265306123,41,19,6,1,41,3|1|7|2|4|1|9|5|8,network_wide,128
random-sparse,50,0.01,0.02,0.0,0.2,0.1,3.0,0.3,0.066,13,55,0.0,0.20408163265306123,40,19,5,1,40,1|1|7|2|4|1|9|5|9,network_wide,116
random-sparse,50,0.01,0.02,0.0,0.2,0.1,3.0,0.3,0.066,14,56,0.0,0.20408163265306123,39,19,5,1,39,1|1|7|2|4|1|9|5|10,network_wide,114
random-sparse,50,0.01,0.02,0.0,0.2,0.1,3.0,0.3,0.066,15,57,0.0,0.20408163265306123,38,19,16,1,38,1|7|2|4|9|5|11,network_wide,119
random-sparse,50,0.01,0.02,0.0,0.2,0.1,3.0,0.3,0.066,16,58,0.0,0.20408163265306123,37,19,16,1,37,1|7|2|4|9|5|12,network_wide,98
random-sparse,50,0.01,0.02,0.0,0.2,0.1,3.0,0.3,0.066,17,59,0.0,0.16326530612244897,36,19,16,0,36,7|2|4|1|9|5|13,network_wide,120
random-sparse,50,0.01,0.02,0.0,0.2,0.1,3.0,0.3,0.066,18,60,0.0,0.1836734693877551,35,19,16,0,35,7|2|4|9|5|14,network_wide,106
random-sparse,50,0.01,0.02,0.0,0.2,0.1,3.0,0.3,0.066,19,61,0.0,0.1836734693877551,34,19,16,0,34,6|2|4|9|5|15,network_wide,110
random-sparse,50,0.01,0.02,0.0,0.2,0.1,3.0,0.3,0.066,20,62,0.0,0.16326530612244897,33,19,16,0,33,5|2|4|1|9|5|16,network_wide,114
random-sparse,50,0.01,0.02,0.0,0.2,0.1,3.0,0.3,0.066,21,63,0.0,0.16326530612244897,32,19,16,0,32,4|2|4|1|9|5|17,network_wide,114
random-sparse,50,0.01,0.02,0.0,0.2,0.1,3.0,0.3,0.066,22,64,0.0,0.20408163265306123,49,19,1,1,49,3|2|4|9|5|17,network_wide,122
random-sparse,50,0.01,0.02,0.0,0.2,0.1,3.0,0.3,0.066,23,65,0.0,0.20408163265306123,48,19,3,1,48,2|2|4|1|1|7|5|17|1,network_wide,120
random-sparse,50,0.01,0.02,0.0,0.2,0.1,3.0,0.3,0.066,24,66,0.0,0.1836734693877551,47,19,3,0,47,1|2|4|1|9|5|17|2,network_wide,103
random-sparse,50,0.01,0.02,0.0,0.2,0.1,3.0,0.3,0.066,25,67,0.0,0.16326530612244897,46,19,1,0,46,2|4|1|9|5|17|3,network_wide,127
random-sparse,50,0.01,0.02,0.0,0.2,0.1,3.0,0.3,0.066,26,68,0.0,0.16326530612244897,45,19,1,0,45,1|4|1|9|5|17|4,network_wide,114
random-sparse,50,0.01,0.02,0.0,0.2,0.1,3.0,0.3,0.066,27,69,0.0,0.14285714285714285,44,19,1,0,44,1|4|1|10|5|17|5,network_wide,105
random-sparse,50,0.01,0.02,0.0,0.2,0.1,3.0,0.3,0.066,28,70,0.0,0.14285714285714285,43,19,1,0,43,4|1|9|5|17|6,network_wide,125
random-sparse,50,0.01,0.02,0.0,0.2,0.1,3.0,0.3,0.066,29,71,0.0,0.20408163265306123,49,19,3,1,49,3|9|5|17|5,network_wide,116
random-sparse,50,0.01,0.02,0.0,0.2,0.1,3.0,0.3,0.066,30,72,0.0,0.16326530612244897,48,19,1,0,48,2|1|10|5|17|5|1,network_wide,108
random-sparse,50,0.01,0.02,0.0,0.2,0.1,3.0,0.3,0.066,31,73,0.0,0.1836734693877551,47,19,3,0,47,2|1|9|5|17|5|2,network_wide,111
random-sparse,50,0.01,0.02,0.0,0.2,0.1,3.0,0.3,0.066,32,74,0.0,0.16326530612244897,46,19,1,0,46,1|9|5|17|6|3,network_wide,108
random-sparse,50,0.01,0.02,0.0,0.2,0.1,3.0,0.3,0.066,33,75,0.0,0.1836734693877551,45,19,1,0,45,9|5|17|5|4,network_wide,128
random-sparse,50,0.01,0.02,0.0,0.2,0.1,3.0,0.3,0.066,34,76,0.0,0.14285714285714285,44,19,1,0,44,10|5|17|5|5,network_wide,111
random-sparse,50,0.01,0.02,0.0,0.2,0.1,3.0,0.3,0.066,35,77,0.0,0.14285714285714285,43,19,1,0,43,9|5|17|5|6,network_wide,131
random-sparse,50,0.01,0.02,0.0,0.2,0.1,3.0,0.3,0.066,36,78,0.0,0.14285714285714285,42,19,1,0,42,8|5|17|5|7,network_wide,110
random-sparse,50,0.01,0.02,0.0,0.2,0.1,3.0,0.3,0.066,37,79,0.0,0.16326530612244897,49,19,1,0,49,8|5|17|5|7,network_wide,111
random-sparse,50,0.01,0.02,0.0,0.2,0.1,3.0,0.3,0.066,38,80,0.0,0.16326530612244897,48,19,4,0,48,6|5|17|5|7|1,network_wide,110
random-sparse,50,0.01,0.02,0.0,0.2,0.1,3.0,0.3,0.066,39,81,0.0,0.16326530612244897,47,19,1,0,47,5|5|17|5|7|2,network_wide,117
random-sparse,50,0.01,0.02,0.0,0.2,0.1,3.0,0.3,0.066,40,82,0.0,0.16326530612244897,46,19,3,0,46,4|5|17|5|7|3,network_wide,108
random-sparse,50,0.01,0.02,0.0,0.2,0.1,3.0,0.3,0.066,41,83,0.0,0.14285714285714285,45,19,1,0,45,5|5|17|5|7|4,network_wide,105
random-sparse,50,0.01,0.02,0.0,0.2,0.1,3.0,0.3,0.066,42,84,0.0,0.14285714285714285,44,19,3,0,44,3|5|17|5|7|5,network_wide,131
random-sparse,50,0.01,0.02,0.0,0.2,0.1,3.0,0.3,0.066,43,85,0.0,0.16326530612244897,43,19,1,0,43,1|5|17|5|7|6,network_wide,110
random-sparse,50,0.01,0.02,0.0,0.2,0.1,3.0,0.3,0.066,44,86,0.0,0.16326530612244897,42,19,3,0,42,1|5|17|5|7|7,network_wide,124
random-sparse,50,0.01,0.02,0.0,0.2,0.1,3.0,0.3,0.066,45,87,0.0,0.14285714285714285,41,19,1,0,41,5|17|5|7|8,network_wide,126
random-sparse,50,0.01,0.02,0.0,0.2,0.1,3.0,0.3,0.066,46,88,0.0,0.12244897959183673,40,10,4,0,40,5|17|5|7|9,network_wide,107
random-sparse,50,0.01,0.02,0.0,0.2,0.1,3.0,0.3,0.066,47,89,0.0,0.10204081632653061,39,10,3,0,39,5|17|5|7|10,network_wide,117
random-sparse,50,0.01,0.02,0.0,0.2,0.1,3.0,0.3,0.066,48,90,0.0,0.12244897959183673,49,10,1,0,49,4|17|5|7|10,network_wide,124
random-sparse,50,0.01,0.02,0.0,0.2,0.1,3.0,0.3,0.066,49,91,0.0,0.12244897959183673,48,10,1,0,48,3|17|5|7|10|1,network_wide,116
random-sparse,50,0.01,0.02,0.0,0.2,0.1,3.0,0.3,0.068,0,42,0.0,0.22448979591836735,47,19,4,1,47,3|4|5|1|7|2|4|1|9|2,network_wide,111
random-sparse,50,0.01,0.02,0.0,0.2,0.1,3.0,0.3,0.068,1,43,0.0,0.24489795918367346,46,19,5,1,46,2|3|5|1|7|2|4|1|9|3,network_wide,125
random-sparse,50,0.01,0.02,0.0,0.2,0.1,3.0,0.3,0.068,2,44,0.0,0.24489795918367346,45,19,4,1,45,2|3|5|1|7|2|4|1|9|4,network_wide,133
random-sparse,50,0.01,0.02,0.0,0.2,0.1,3.0,0.3,0.068,3,45,0.0,0.22448979591836735,44,19,4,1,44,1|4|5|1|7|2|4|1|9|5,network_wide,120
random-sparse,50,0.01,0.02,0.0,0.2,0.1,3.0,0.3,0.068,4,46,0.0,0.24489795918367346,49,19,4,1,49,3|5|1|7|2|4|1|9|5,network_wide,123
random-sparse,50,0.01,0.02,0.0,0.2,0.1,3.0,0.3,0.068,5,47,0.0,0.22448979591836735,48,19,5,1,48,3|5|1|7|2|4|1|9|5|1,network_wide,125
random-sparse,50,0.01,0.02,0.0,0.2,0.1,3.0,0.3,0.068,6,48,0.0,0.22448979591836735,47,19,4,1,47,3|5|1|7|2|4|1|9|5|2,network_wide,111
random-sparse,50,0.01,0.02,0.0,0.2,0.1,3.0,0.3,0.068,7,49,0.0,0.22448979591836735,46,19,5,1,46,1|5|1|7|2|4|1|9|5|3,network_wide,116
random-sparse,50,0.01,0.02,0.0,0.2,0.1,3.0,0.3,0.068,8,50,0.0,0.22448979591836735,45,19,5,1,45,1|5|1|7|2|4|1|9|5|4,network_wide,110
random-sparse,50,0.01,0.02,0.0,0.2,0.1,3.0,0.3,0.068,9,51,0.0,0.20408163265306123,44,19,5,1,44,5|1|7|2|4|1|9|5|5,network_wide,132
random-sparse,50,0.01,0.02,0.0,0.2,0.1,3.0,0.3,0.068,10,52,0.0,0.22448979591836735,43,19,6,1,43,4|1|7|2|4|9|5|6,network_wide,127
random-sparse,50,0.01,0.02,0.0,0.2,0.1,3.0,0.3,0.068,11,53,0.0,0.20408163265306123,42,19,5,1,42,3|1|7|2|4|1|9|5|7,network_wide,114
random-sparse,50,0.01,0.02,0.0,0.2,0.1,3.0,0.3,0.068,12,54,0.0,0.20408163265306123,41,19,6,1,41,3|1|7|2|4|1|9|5|8,network_wide,128
random-sparse,50,0.01,0.02,0.0,0.2,0.1,3.0,0.3,0.068,13,55,0.0,0.20408163265306123,40,19,5,1,40,1|1|7|2|4|1|9|5|9,network_wide,116
random-sparse,50,0.01,0.02,0.0,0.2,0.1,3.0,0.3,0.068,14,56,0.0,0.20408163265306123,39,19,5,1,39,1|1|7|2|4|1|9|5|10,network_wide,114
random-sparse,50,0.01,0.02,0.0,0.2,0.1,3.0,0.3,0.068,15,57,0.0,0.1836734693877551,38,19,16,0,38,1|7|2|4|1|9|5|11,network_wide,119
random-sparse,50,0.01,0.02,0.0,0.2,0.1,3.0,0.3,0.068,16,58,0.0,0.20408163265306123,37,19,16,1,37,1|7|2|4|9|5|12,network_wide,98
random-sparse,50,0.01,0.02,0.0,0.2,0.1,3.0,0.3,0.068,17,59,0.0,0.16326530612244897,36,19,16,0,36,7|2|4|1|9|5|13,network_wide,120
random-sparse,50,0.01,0.02,0.0,0.2,0.1,3.0,0.3,0.068,18,60,0.0,0.1836734693877551,35,19,16,0,35,7|2|4|9|5|14,network_wide,106
random-sparse,50,0.01,0.02,0.0,0.2,0.1,3.0,0.3,0.068,19,61,0.0,0.1836734693877551,34,19,16,0,34,6|2|4|9|5|15,network_wide,110
random-sparse,50,0.01,0.02,0.0,0.2,0.1,3.0,0.3,0.068,20,62,0.0,0.16326530612244897,33,19,16,0,33,5|2|4|1|9|5|16,network_wide,114
random-sparse,50,0.01,0.02,0.0,0.2,0.1,3.0,0.3,0.068,21,63,0.0,0.16326530612244897,32,19,16,0,32,4|2|4|1|9|5|17,network_wide,114
random-sparse,50,0.01,0.02,0.0,0.2,0.1,3.0,0.3,0.068,22,64,0.0,0.1836734693877551,49,19,1,0,49,3|2|4|1|9|5|17,network_wide,122
random-sparse,50,0.01,0.02,0.0,0.2,0.1,3.0,0.3,0.068,23,65,0.0,0.1836734693877551,48,19,3,0,48,2|2|4|1|9|5|17|1,network_wide,120
random-sparse,50,0.01,0.02,0.0,0.2,0.1,3.0,0.3,0.068,24,66,0.0,0.1836734693877551,47,19,3,0,47,1|2|4|1|9|5|17|2,network_wide,103
random-sparse,50,0.01,0.02,0.0,0.2,0.1,3.0,0.3,0.068,25,67,0.0,0.16326530612244897,46,19,1,0,46,2|4|1|9|5|17|3,network_wide,127
random-sparse,50,0.01,0.02,0.0,0.2,0.1,3.0,0.3,0.068,26,68,0.0,0.16326530612244897,45,19,1,0,45,1|4|1|9|5|17|4,network_wide,114
random-sparse,50,0.01,0.02,0.0,0.2,0.1,3.0,0.3,0.068,27,69,0.0,0.16326530612244897,44,19,1,0,44,1|4|1|9|5|17|5,network_wide,105
random-sparse,50,0.01,0.02,0.0,0.2,0.1,3.0,0.3,0.068,28,70,0.0,0.14285714285714285,43,19,1,0,43,4|1|9|5|17|6,network_wide,125
random-sparse,50,0.01,0.02,0.0,0.2,0.1,3.0,0.3,0.068,29,71,0.0,0.1836734693877551,49,19,3,0,49,3|9|5|17|6,network_wide,116
random-sparse,50,0.01,0.02,0.0,0.2,0.1,3.0,0.3,0.068,30,72,0.0,0.16326530612244897,48,19,1,0,48,2|1|9|5|17|6|1,network_wide,108
random-sparse,50,0.01,0.02,0.0,0.2,0.1,3.0,0.3,0.068,31,73,0.0,0.16326530612244897,47,19,3,0,47,2|1|9|5|17|6|2,network_wide,111
random-sparse,50,0.01,0.02,0.0,0.2,0.1,3.0,0.3,0.068,32,74,0.0,0.16326530612244897,46,19,1,0,46,1|9|5|17|6|3,network_wide,108
random-sparse,50,0.01,0.02,0.0,0.2,0.1,3.0,0.3,0.068,33,75,0.0,0.16326530612244897,45,19,1,0,45,9|5|17|6|4,network_wide,128
random-sparse,50,0.01,0.02,0.0,0.2,0.1,3.0,0.3,0.068,34,76,0.0,0.14285714285714285,44,19,1,0,44,9|5|17|6|5,network_wide,111
random-sparse,50,0.01,0.02,0.0,0.2,0.1,3.0,0.3,0.068,35,77,0.0,0.12244897959183673,43,19,1,0,43,9|5|17|6|6,network_wide,131
random-sparse,50,0.01,0.02,0.0,0.2,0.1,3.0,0.3,0.068,36,78,0.0,0.12244897959183673,42,19,1,0,42,8|5|17|6|7,network_wide,110
random-sparse,50,0.01,0.02,0.0,0.2,0.1,3.0,0.3,0.068,37,79,0.0,0.14285714285714285,49,19,1,0,49,8|5|17|6|7,network_wide,111
random-sparse,50,0.01,0.02,0.0,0.2,0.1,3.0,0.3,0.068,38,80,0.0,0.12244897959183673,48,19,75,0,48,6|5|24|7|1,network_wide,110
random-sparse,50,0.01,0.02,0.0,0.2,0.1,3.0,0.3,0.068,39,81,0.0,0.14285714285714285,47,19,1,0,47,5|5|17|6|7|2,network_wide,117
random-sparse,50,0.01,0.02,0.0,0.2,0.1,3.0,0.3,0.068,40,82,0.0,0.14285714285714285,46,19,3,0,46,4|5|17|6|7|3,network_wide,108
random-sparse,50,0.01,0.02,0.0,0.2,0.1,3.0,0.3,0.068,41,83,0.0,0.14285714285714285,45,19,1,0,45,4|5|17|6|7|4,network_wide,105
random-sparse,50,0.01,0.02,0.0,0.2,0.1,3.0,0.3,0.068,42,84,0.0,0.14285714285714285,44,19,3,0,44,2|5|17|6|7|5,network_wide,131
random-sparse,50,0.01,0.02,0.0,0.2,0.1,3.0,0.3,0.068,43,85,0.0,0.14285714285714285,43,19,1,0,43,1|5|17|6|7|6,network_wide,110
random-sparse,50,0.01,0.02,0.0,0.2,0.1,3.0,0.3,0.068,44,86,0.0,0.14285714285714285,42,19,3,0,42,1|5|17|6|7|7,network_wide,124
random-sparse,50,0.01,0.02,0.0,0.2,0.1,3.0,0.3,0.068,45,87,0.0,0.12244897959183673,41,19,1,0,41,5|17|6|7|8,network_wide,126
random-sparse,50,0.01,0.02,0.0,0.2,0.1,3.0,0.3,0.068,46,88,0.0,0.10204081632653061,40,8,4,0,40,5|17|6|7|9,network_wide,107
random-sparse,50,0.01,0.02,0.0,0.2,0.1,3.0,0.3,0.068,47,89,0.0,0.08163265306122448,39,10,3,0,39,5|17|6|7|10,network_wide,117
random-sparse,50,0.01,0.02,0.0,0.2,0.1,3.0,0.3,0.068,48,90,0.0,0.10204081632653061,49,10,1,0,49,4|17|6|7|10,network_wide,124
random-sparse,50,0.01,0.02,0.0,0.2,0.1,3.0,0.3,0.068,49,91,0.0,0.10204081632653061,48,10,1,0,48,3|17|6|7|10|1,network_wide,116
random-sparse,50,0.01,0.02,0.0,0.2,0.1,3.0,0.3,0.07,0,42,0.0,0.20408163265306123,47,19,4,1,47,3|4|5|1|7|2|4|1|10|2,network_wide,111
random-sparse,50,0.01,0.02,0.0,0.2,0.1,3.0,0.3,0.07,1,43,0.0,0.20408163265306123,46,19,5,1,46,2|4|5|1|7|2|4|1|10|3,network_wide,125
random-sparse,50,0.01,0.02,0.0,0.2,0.1,3.0,0.3,0.07,2,44,0.0,0.22448979591836735,45,19,4,1,45,2|4|5|1|7|2|4|10|4,network_wide,133
random-sparse,50,0.01,0.02,0.0,0.2,0.1,3.0,0.3,0.07,3,45,0.0,0.20408163265306123,44,19,4,1,44,1|4|5|1|7|2|4|1|10|5,network_wide,120
random-sparse,50,0.01,0.02,0.0,0.2,0.1,3.0,0.3,0.07,4,46,0.0,0.20408163265306123,49,19,5,1,49,4|5|1|7|2|4|1|10|5,network_wide,123
random-sparse,50,0.01,0.02,0.0,0.2,0.1,3.0,0.3,0.07,5,47,0.0,0.20408163265306123,48,19,5,1,48,3|5|1|7|2|4|1|10|5|1,network_wide,125
random-sparse,50,0.01,0.02,0.0,0.2,0.1,3.0,0.3,0.07,6,48,0.0,0.20408163265306123,47,19,4,1,47,3|5|1|7|2|4|1|10|5|2,network_wide,111
random-sparse,50,0.01,0.02,0.0,0.2,0.1,3.0,0.3,0.07,7,49,0.0,0.22448979591836735,46,19,5,1,46,1|5|1|7|2|4|1|9|5|3,network_wide,116
random-sparse,50,0.01,0.02,0.0,0.2,0.1,3.0,0.3,0.07,8,50,0.0,0.20408163265306123,45,19,5,1,45,1|5|1|7|2|4|1|10|5|4,network_wide,110
random-sparse,50,0.01,0.02,0.0,0.2,0.1,3.0,0.3,0.07,9,51,0.0,0.1836734693877551,44,19,5,0,44,5|1|7|2|4|1|10|5|5,network_wide,132
random-sparse,50,0.01,0.02,0.0,0.2,0.1,3.0,0.3,0.07,10,52,0.0,0.1836734693877551,43,19,16,0,43,6|7|2|4|10|5|6,network_wide,127
random-sparse,50,0.01,0.02,0.0,0.2,0.1,3.0,0.3,0.07,11,53,0.0,0.1836734693877551,42,19,5,0,42,3|1|7|2|4|1|10|5|7,network_wide,114
random-sparse,50,0.01,0.02,0.0,0.2,0.1,3.0,0.3,0.07,12,54,0.0,0.1836734693877551,41,19,6,0,41,3|1|7|2|4|1|10|5|8,network_wide,128
random-sparse,50,0.01,0.02,0.0,0.2,0.1,3.0,0.3,0.07,13,55,0.0,0.22448979591836735,40,19,6,1,40,1|1|7|2|4|9|5|9,network_wide,116
random-sparse,50,0.01,0.02,0.0,0.2,0.1,3.0,0.3,0.07,14,56,0.0,0.1836734693877551,39,19,5,0,39,1|1|7|2|4|1|10|5|10,network_wide,114
random-sparse,50,0.01,0.02,0.0,0.2,0.1,3.0,0.3,0.07,15,57,0.0,0.16326530612244897,38,19,16,0,38,1|7|2|4|1|10|5|11,network_wide,119
random-sparse,50,0.01,0.02,0.0,0.2,0.1,3.0,0.3,0.07,16,58,0.0,0.1836734693877551,37,19,16,0,37,1|7|2|4|10|5|12,network_wide,98
random-sparse,50,0.01,0.02,0.0,0.2,0.1,3.0,0.3,0.07,17,59,0.0,0.14285714285714285,36,19,47,0,36,7|2|4|1|10|5|13,network_wide,120
random-sparse,50,0.01,0.02,0.0,0.2,0.1,3.0,0.3,0.07,18,60,0.0,0.16326530612244897,35,19,47,0,35,7|2|4|10|5|14,network_wide,106
random-sparse,50,0.01,0.02,0.0,0.2,0.1,3.0,0.3,0.07,19,61,0.0,0.16326530612244897,34,19,16,0,34,6|2|4|10|5|15,network_wide,110
random-sparse,50,0.01,0.02,0.0,0.2,0.1,3.0,0.3,0.07,20,62,0.0,0.14285714285714285,33,19,47,0,33,5|2|4|1|10|5|16,network_wide,114
random-sparse,50,0.01,0.02,0.0,0.2,0.1,3.0,0.3,0.07,21,63,0.0,0.14285714285714285,32,19,16,0,32,4|2|4|1|10|5|17,network_wide,114
random-sparse,50,0.01,0.02,0.0,0.2,0.1,3.0,0.3,0.07,22,64,0.0,0.1836734693877551,49,19,1,0,49,3|2|4|10|5|17,network_wide,122
random-sparse,50,0.01,0.02,0.0,0.2,0.1,3.0,0.3,0.07,23,65,0.0,0.1836734693877551,48,19,3,0,48,2|2|4|10|5|17|1,network_wide,120
random-sparse,50,0.01,0.02,0.0,0.2,0.1,3.0,0.3,0.07,24,66,0.0,0.16326530612244897,47,19,3,0,47,1|2|4|1|10|5|17|2,network_wide,103
random-sparse,50,0.01,0.02,0.0,0.2,0.1,3.0,0.3,0.07,25,67,0.0,0.14285714285714285,46,19,1,0,46,2|4|1|10|5|17|3,network_wide,127
random-sparse,50,0.01,0.02,0.0,0.2,0.1,3.0,0.3,0.07,26,68,0.0,0.14285714285714285,45,19,1,0,45,1|4|1|10|5|17|4,network_wide,114
random-sparse,50,0.01,0.02,0.0,0.2,0.1,3.0,0.3,0.07,27,69,0.0,0.14285714285714285,44,19,1,0,44,1|4|1|10|5|17|5,network_wide,105
random-sparse,50,0.01,0.02,0.0,0.2,0.1,3.0,0.3,0.07,28,70,0.0,0.14285714285714285,43,19,1,0,43,4|1|9|5|17|6,network_wide,125
random-sparse,50,0.01,0.02,0.0,0.2,0.1,3.0,0.3,0.07,29,71,0.0,0.16326530612244897,49,19,3,0,49,3|10|5|17|6,network_wide,116
random-sparse,50,0.01,0.02,0.0,0.2,0.1,3.0,0.3,0.07,30,72,0.0,0.14285714285714285,48,19,1,0,48,2|1|10|5|17|6|1,network_wide,108
random-sparse,50,0.01,0.02,0.0,0.2,0.1,3.0,0.3,0.07,31,73,0.0,0.14285714285714285,47,19,3,0,47,2|1|10|5|17|6|2,network_wide,111
random-sparse,50,0.01,0.02,0.0,0.2,0.1,3.0,0.3,0.07,32,74,0.0,0.14285714285714285,46,19,1,0,46,1|10|5|17|6|3,network_wide,108
random-sparse,50,0.01,0.02,0.0,0.2,0.1,3.0,0.3,0.07,33,75,0.0,0.14285714285714285,45,19,1,0,45,10|5|17|6|4,network_wide,128
random-sparse,50,0.01,0.02,0.0,0.2,0.1,3.0,0.3,0.07,34,76,0.0,0.12244897959183673,44,19,1,0,44,10|5|17|6|5,network_wide,111
random-sparse,50,0.01,0.02,0.0,0.2,0.1,3.0,0.3,0.07,35,77,0.0,0.10204081632653061,43,19,1,0,43,10|5|17|6|6,network_wide,131
random-sparse,50,0.01,0.02,0.0,0.2,0.1,3.0,0.3,0.07,36,78,0.0,0.10204081632653061,42,19,1,0,42,9|5|17|6|7,network_wide,110
random-sparse,50,0.01,0.02,0.0,0.2,0.1,3.0,0.3,0.07,37,79,0.0,0.12244897959183673,49,19,1,0,49,9|5|17|6|7,network_wide,111
random-sparse,50,0.01,0.02,0.0,0.2,0.1,3.0,0.3,0.07,38,80,0.0,0.10204081632653061,48,19,75,0,48,7|5|24|7|1,network_wide,110
random-sparse,50,0.01,0.02,0.0,0.2,0.1,3.0,0.3,0.07,39,81,0.0,0.12244897959183673,47,19,1,0,47,6|5|17|6|7|2,network_wide,117
random-sparse,50,0.01,0.02,0.0,0.2,0.1,3.0,0.3,0.07,40,82,0.0,0.12244897959183673,46,19,3,0,46,5|5|17|6|7|3,network_wide,108
random-sparse,50,0.01,0.02,0.0,0.2,0.1,3.0,0.3,0.07,41,83,0.0,0.12244897959183673,45,19,1,0,45,5|5|17|6|7|4,network_wide,105
random-sparse,50,0.01,0.02,0.0,0.2,0.1,3.0,0.3,0.07,42,84,0.0,0.12244897959183673,44,19,3,0,44,3|5|17|6|7|5,network_wide,131
random-sparse,50,0.01,0.02,0.0,0.2,0.1,3.0,0.3,0.07,43,85,0.0,0.12244897959183673,43,19,1,0,43,2|5|17|6|7|6,network_wide,110
random-sparse,50,0.01,0.02,0.0,0.2,0.1,3.0,0.3,0.07,44,86,0.0,0.12244897959183673,42,19,3,0,42,2|5|17|6|7|7,network_wide,124
random-sparse,50,0.01,0.02,0.0,0.2,0.1,3.0,0.3,0.07,45,87,0.0,0.12244897959183673,41,19,1,0,41,1|5|17|6|7|8,network_wide,126
random-sparse,50,0.01,0.02,0.0,0.2,0.1,3.0,0.3,0.07,46,88,0.0,0.10204081632653061,40,7,4,0,40,5|17|6|7|9,network_wide,107
random-sparse,50,0.01,0.02,0.0,0.2,0.1,3.0,0.3,0.07,47,89,0.0,0.08163265306122448,39,10,3,0,39,5|17|6|7|10,network_wide,117
random-sparse,50,0.01,0.02,0.0,0.2,0.1,3.0,0.3,0.07,48,90,0.0,0.10204081632653061,49,10,1,0,49,4|17|6|7|10,network_wide,124
random-sparse,50,0.01,0.02,0.0,0.2,0.1,3.0,0.3,0.07,49,91,0.0,0.10204081632653061,48,10,1,0,48,3|17|6|7|10|1,network_wide,116
random-sparse,50,0.01,0.02,0.0,0.2,0.1,3.0,0.3,0.072,0,42,0.0,0.1836734693877551,46,12,4,0,46,3|4|5|1|7|2|4|1|10|3,network_wide,111
random-sparse,50,0.01,0.02,0.0,0.2,0.1,3.0,0.3,0.072,1,43,0.0,0.1836734693877551,45,12,5,0,45,2|4|5|1|7|2|4|1|10|4,network_wide,125
random-sparse,50,0.01,0.02,0.0,0.2,0.1,3.0,0.3,0.072,2,44,0.0,0.20408163265306123,44,12,4,1,44,2|4|5|1|7|2|4|10|5,network_wide,133
random-sparse,50,0.01,0.02,0.0,0.2,0.1,3.0,0.3,0.072,3,45,0.0,0.1836734693877551,43,12,4,0,43,1|4|5|1|7|2|4|1|10|6,network_wide,120
random-sparse,50,0.01,0.02,0.0,0.2,0.1,3.0,0.3,0.072,4,46,0.0,0.16326530612244897,49,12,5,0,49,4|5|9|2|4|1|10|6,network_wide,123
random-sparse,50,0.01,0.02,0.0,0.2,0.1,3.0,0.3,0.072,5,47,0.0,0.16326530612244897,48,12,5,0,48,3|5|9|2|4|1|10|6|1,network_wide,125
random-sparse,50,0.01,0.02,0.0,0.2,0.1,3.0,0.3,0.072,6,48,0.0,0.16326530612244897,47,12,4,0,47,3|5|9|2|4|1|10|6|2,network_wide,111
random-sparse,50,0.01,0.02,0.0,0.2,0.1,3.0,0.3,0.072,7,49,0.0,0.16326530612244897,46,12,5,0,46,1|5|9|2|4|1|10|6|3,network_wide,116
random-sparse,50,0.01,0.02,0.0,0.2,0.1,3.0,0.3,0.072,8,50,0.0,0.1836734693877551,45,12,5,0,45,1|5|9|2|4|10|6|4,network_wide,110
random-sparse,50,0.01,0.02,0.0,0.2,0.1,3.0,0.3,0.072,9,51,0.0,0.16326530612244897,44,12,5,0,44,5|9|2|4|10|6|5,network_wide,132
random-sparse,50,0.01,0.02,0.0,0.2,0.1,3.0,0.3,0.072,10,52,0.0,0.16326530612244897,43,12,38,0,43,6|7|2|4|10|6|6,network_wide,127
random-sparse,50,0.01,0.02,0.0,0.2,0.1,3.0,0.3,0.072,11,53,0.0,0.16326530612244897,42,12,5,0,42,3|9|2|4|10|6|7,network_wide,114
random-sparse,50,0.01,0.02,0.0,0.2,0.1,3.0,0.3,0.072,12,54,0.0,0.16326530612244897,41,12,6,0,41,3|1|7|2|4|1|10|6|8,network_wide,128
random-sparse,50,0.01,0.02,0.0,0.2,0.1,3.0,0.3,0.072,13,55,0.0,0.1836734693877551,40,12,6,0,40,1|1|7|2|4|10|6|9,network_wide,116
random-sparse,50,0.01,0.02,0.0,0.2,0.1,3.0,0.3,0.072,14,56,0.0,0.1836734693877551,39,12,5,0,39,1|1|7|2|4|10|6|10,network_wide,114
random-sparse,50,0.01,0.02,0.0,0.2,0.1,3.0,0.3,0.072,15,57,0.0,0.16326530612244897,38,12,16,0,38,1|7|2|4|10|6|11,network_wide,119
random-sparse,50,0.01,0.02,0.0,0.2,0.1,3.0,0.3,0.072,16,58,0.0,0.16326530612244897,37,12,16,0,37,1|7|2|4|10|6|12,network_wide,98
random-sparse,50,0.01,0.02,0.0,0.2,0.1,3.0,0.3,0.072,17,59,0.0,0.12244897959183673,36,12,47,0,36,7|2|4|1|10|6|13,network_wide,120
random-sparse,50,0.01,0.02,0.0,0.2,0.1,3.0,0.3,0.072,18,60,0.0,0.14285714285714285,35,12,47,0,35,7|2|4|10|6|14,network_wide,106
random-sparse,50,0.01,0.02,0.0,0.2,0.1,3.0,0.3,0.072,19,61,0.0,0.14285714285714285,34,12,16,0,34,6|2|4|10|6|15,network_wide,110
random-sparse,50,0.01,0.02,0.0,0.2,0.1,3.0,0.3,0.072,20,62,0.0,0.12244897959183673,33,12,47,0,33,5|2|4|1|10|6|16,network_wide,114
random-sparse,50,0.01,0.02,0.0,0.2,0.1,3.0,0.3,0.072,21,63,0.0,0.12244897959183673,32,12,16,0,32,4|2|4|1|10|6|17,network_wide,114
random-sparse,50,0.01,0.02,0.0,0.2,0.1,3.0,0.3,0.072,22,64,0.0,0.14285714285714285,49,12,1,0,49,3|2|4|1|10|6|17,network_wide,122
random-sparse,50,0.01,0.02,0.0,0.2,0.1,3.0,0.3,0.072,23,65,0.0,0.16326530612244897,48,12,3,0,48,2|2|4|10|6|17|1,network_wide,120
random-sparse,50,0.01,0.02,0.0,0.2,0.1,3.0,0.3,0.072,24,66,0.0,0.14285714285714285,47,12,3,0,47,1|2|4|1|10|6|17|2,network_wide,103
random-sparse,50,0.01,0.02,0.0,0.2,0.1,3.0,0.3,0.072,25,67,0.0,0.12244897959183673,46,12,1,0,46,2|4|1|10|6|17|3,network_wide,127
random-sparse,50,0.01,0.02,0.0,0.2,0.1,3.0,0.3,0.072,26,68,0.0,0.12244897959183673,45,12,1,0,45,1|4|1|10|6|17|4,network_wide,114
random-sparse,50,0.01,0.02,0.0,0.2,0.1,3.0,0.3,0.072,27,69,0.0,0.12244897959183673,44,12,1,0,44,1|4|1|10|6|17|5,network_wide,105
random-sparse,50,0.01,0.02,0.0,0.2,0.1,3.0,0.3,0.072,28,70,0.0,0.10204081632653061,43,12,1,0,43,4|1|10|6|17|6,network_wide,125
random-sparse,50,0.01,0.02,0.0,0.2,0.1,3.0,0.3,0.072,29,71,0.0,0.14285714285714285,49,12,3,0,49,3|10|6|17|6,network_wide,116
random-sparse,50,0.01,0.02,0.0,0.2,0.1,3.0,0.3,0.072,30,72,0.0,0.12244897959183673,48,12,1,0,48,2|1|10|6|17|6|1,network_wide,108
random-sparse,50,0.01,0.02,0.0,0.2,0.1,3.0,0.3,0.072,31,73,0.0,0.12244897959183673,47,12,3,0,47,2|1|10|6|17|6|2,network_wide,111
random-sparse,50,0.01,0.02,0.0,0.2,0.1,3.0,0.3,0.072,32,74,0.0,0.12244897959183673,46,12,1,0,46,1|10|6|17|6|3,network_wide,108
random-sparse,50,0.01,0.02,0.0,0.2,0.1,3.0,0.3,0.072,33,75,0.0,0.12244897959183673,45,12,1,0,45,10|6|17|6|4,network_wide,128
random-sparse,50,0.01,0.02,0.0,0.2,0.1,3.0,0.3,0.072,34,76,0.0,0.10204081632653061,44,12,1,0,44,1|10|6|17|6|5,network_wide,111
random-sparse,50,0.01,0.02,0.0,0.2,0.1,3.0,0.3,0.072,35,77,0.0,0.08163265306122448,43,12,1,0,43,10|6|17|6|6,network_wide,131
random-sparse,50,0.01,0.02,0.0,0.2,0.1,3.0,0.3,0.072,36,78,0.0,0.08163265306122448,42,12,1,0,42,9|6|17|6|7,network_wide,110
random-sparse,50,0.01,0.02,0.0,0.2,0.1,3.0,0.3,0.072,37,79,0.0,0.10204081632653061,49,12,1,0,49,9|6|17|6|7,network_wide,111
random-sparse,50,0.01,0.02,0.0,0.2,0.1,3.0,0.3,0.072,38,80,0.0,0.08163265306122448,48,12,75,0,48,8|6|24|7|1,network_wide,110
random-sparse,50,0.01,0.02,0.0,0.2,0.1,3.0,0.3,0.072,39,81,0.0,0.10204081632653061,47,12,1,0,47,6|6|17|6|7|2,network_wide,117
random-sparse,50,0.01,0.02,0.0,0.2,0.1,3.0,0.3,0.072,40,82,0.0,0.10204081632653061,46,12,4,0,46,5|6|17|6|7|3,network_wide,108
random-sparse,50,0.01,0.02,0.0,0.2,0.1,3.0,0.3,0.072,41,83,0.0,0.10204081632653061,45,12,1,0,45,5|6|17|6|7|4,network_wide,105
random-sparse,50,0.01,0.02,0.0,0.2,0.1,3.0,0.3,0.072,42,84,0.0,0.10204081632653061,44,12,3,0,44,3|6|17|6|7|5,network_wide,131
random-sparse,50,0.01,0.02,0.0,0.2,0.1,3.0,0.3,0.072,43,85,0.0,0.10204081632653061,43,12,1,0,43,2|6|17|6|7|6,network_wide,110
random-sparse,50,0.01,0.02,0.0,0.2,0.1,3.0,0.3,0.072,44,86,0.0,0.10204081632653061,42,12,3,0,42,2|6|17|6|7|7,network_wide,124
random-sparse,50,0.01,0.02,0.0,0.2,0.1,3.0,0.3,0.072,45,87,0.0,0.10204081632653061,41,12,1,0,41,1|6|17|6|7|8,network_wide,126
random-sparse,50,0.01,0.02,0.0,0.2,0.1,3.0,0.3,0.072,46,88,0.0,0.08163265306122448,40,7,4,0,40,6|17|6|7|9,network_wide,107
random-sparse,50,0.01,0.02,0.0,0.2,0.1,3.0,0.3,0.072,47,89,0.0,0.08163265306122448,39,7,3,0,39,5|17|6|7|10,network_wide,117
random-sparse,50,0.01,0.02,0.0,0.2,0.1,3.0,0.3,0.072,48,90,0.0,0.10204081632653061,49,8,1,0,49,4|17|6|7|10,network_wide,124
random-sparse,50,0.01,0.02,0.0,0.2,0.1,3.0,0.3,0.072,49,91,0.0,0.10204081632653061,48,8,1,0,48,3|17|6|7|10|1,network_wide,116
random-sparse,50,0.01,0.02,0.0,0.2,0.1,3.0,0.3,0.074,0,42,0.0,0.16326530612244897,46,12,4,0,46,3|4|5|9|2|4|1|10|3,network_wide,111
random-sparse,50,0.01,0.02,0.0,0.2,0.1,3.0,0.3,0.074,1,43,0.0,0.1836734693877551,45,12,5,0,45,2|4|5|1|7|2|4|1|10|4,network_wide,125
random-sparse,50,0.01,0.02,0.0,0.2,0.1,3.0,0.3,0.074,2,44,0.0,0.20408163265306123,44,12,4,1,44,2|4|5|1|7|2|4|10|5,network_wide,133
random-sparse,50,0.01,0.02,0.0,0.2,0.1,3.0,0.3,0.074,3,45,0.0,0.16326530612244897,43,12,4,0,43,1|4|5|9|2|4|1|10|6,network_wide,120
random-sparse,50,0.01,0.02,0.0,0.2,0.1,3.0,0.3,0.074,4,46,0.0,0.16326530612244897,49,12,5,0,49,4|5|9|2|4|1|10|6,network_wide,123
random-sparse,50,0.01,0.02,0.0,0.2,0.1,3.0,0.3,0.074,5,47,0.0,0.14285714285714285,48,12,5,0,48,3|5|12|4|1|10|6|1,network_wide,125
random-sparse,50,0.01,0.02,0.0,0.2,0.1,3.0,0.3,0.074,6,48,0.0,0.16326530612244897,47,12,4,0,47,3|5|9|2|4|1|10|6|2,network_wide,111
random-sparse,50,0.01,0.02,0.0,0.2,0.1,3.0,0.3,0.074,7,49,0.0,0.16326530612244897,46,12,5,0,46,1|5|9|2|4|1|10|6|3,network_wide,116
random-sparse,50,0.01,0.02,0.0,0.2,0.1,3.0,0.3,0.074,8,50,0.0,0.16326530612244897,45,12,5,0,45,1|5|9|2|4|1|10|6|4,network_wide,110
random-sparse,50,0.01,0.02,0.0,0.2,0.1,3.0,0.3,0.074,9,51,0.0,0.16326530612244897,44,12,5,0,44,5|9|2|4|10|6|5,network_wide,132
random-sparse,50,0.01,0.02,0.0,0.2,0.1,3.0,0.3,0.074,10,52,0.0,0.16326530612244897,43,12,38,0,43,6|7|2|4|10|6|6,network_wide,127
random-sparse,50,0.01,0.02,0.0,0.2,0.1,3.0,0.3,0.074,11,53,0.0,0.16326530612244897,42,12,5,0,42,3|9|2|4|10|6|7,network_wide,114
random-sparse,50,0.01,0.02,0.0,0.2,0.1,3.0,0.3,0.074,12,54,0.0,0.16326530612244897,41,12,6,0,41,3|1|7|2|4|1|10|6|8,network_wide,128
random-sparse,50,0.01,0.02,0.0,0.2,0.1,3.0,0.3,0.074,13,55,0.0,0.16326530612244897,40,12,6,0,40,1|9|2|4|10|6|9,network_wide,116
random-sparse,50,0.01,0.02,0.0,0.2,0.1,3.0,0.3,0.074,14,56,0.0,0.16326530612244897,39,12,5,0,39,1|1|7|2|4|1|10|6|10,network_wide,114
random-sparse,50,0.01,0.02,0.0,0.2,0.1,3.0,0.3,0.074,15,57,0.0,0.16326530612244897,38,12,38,0,38,1|7|2|4|10|6|11,network_wide,119
random-sparse,50,0.01,0.02,0.0,0.2,0.1,3.0,0.3,0.074,16,58,0.0,0.16326530612244897,37,12,16,0,37,1|7|2|4|10|6|12,network_wide,98
random-sparse,50,0.01,0.02,0.0,0.2,0.1,3.0,0.3,0.074,17,59,0.0,0.12244897959183673,36,12,47,0,36,7|2|4|1|10|6|13,network_wide,120
random-sparse,50,0.01,0.02,0.0,0.2,0.1,3.0,0.3,0.074,18,60,0.0,0.14285714285714285,35,12,47,0,35,7|2|4|10|6|14,network_wide,106
random-sparse,50,0.01,0.02,0.0,0.2,0.1,3.0,0.3,0.074,19,61,0.0,0.14285714285714285,34,12,16,0,34,6|2|4|10|6|15,network_wide,110
random-sparse,50,0.01,0.02,0.0,0.2,0.1,3.0,0.3,0.074,20,62,0.0,0.12244897959183673,33,12,47,0,33,5|2|4|1|10|6|16,network_wide,114
random-sparse,50,0.01,0.02,0.0,0.2,0.1,3.0,0.3,0.074,21,63,0.0,0.12244897959183673,32,12,47,0,32,4|2|4|1|10|6|17,network_wide,114
random-sparse,50,0.01,0.02,0.0,0.2,0.1,3.0,0.3,0.074,22,64,0.0,0.14285714285714285,49,12,1,0,49,3|2|4|1|10|6|17,network_wide,122
random-sparse,50,0.01,0.02,0.0,0.2,0.1,3.0,0.3,0.074,23,65,0.0,0.16326530612244897,48,12,3,0,48,2|2|4|10|6|17|1,network_wide,120
random-sparse,50,0.01,0.02,0.0,0.2,0.1,3.0,0.3,0.074,24,66,0.0,0.14285714285714285,47,12,3,0,47,1|2|4|1|10|6|17|2,network_wide,103
random-sparse,50,0.01,0.02,0.0,0.2,0.1,3.0,0.3,0.074,25,67,0.0,0.14285714285714285,46,12,1,0,46,2|4|10|6|17|3,network_wide,127
random-sparse,50,0.01,0.02,0.0,0.2,0.1,3.0,0.3,0.074,26,68,0.0,0.12244897959183673,45,12,1,0,45,1|4|1|10|6|17|4,network_wide,114
random-sparse,50,0.01,0.02,0.0,0.2,0.1,3.0,0.3,0.074,27,69,0.0,0.12244897959183673,44,12,1,0,44,1|4|1|10|6|17|5,network_wide,105
random-sparse,50,0.01,0.02,0.0,0.2,0.1,3.0,0.3,0.074,28,70,0.0,0.10204081632653061,43,12,1,0,43,4|1|10|6|17|6,network_wide,125
random-sparse,50,0.01,0.02,0.0,0.2,0.1,3.0,0.3,0.074,29,71,0.0,0.14285714285714285,49,12,3,0,49,3|10|6|17|6,network_wide,116
random-sparse,50,0.01,0.02,0.0,0.2,0.1,3.0,0.3,0.074,30,72,0.0,0.12244897959183673,48,12,1,0,48,2|1|10|6|17|6|1,network_wide,108
random-sparse,50,0.01,0.02,0.0,0.2,0.1,3.0,0.3,0.074,31,73,0.0,0.10204081632653061,40,12,3,0,40,2|1|10|6|17|9,network_wide,111
random-sparse,50,0.01,0.02,0.0,0.2,0.1,3.0,0.3,0.074,32,74,0.0,0.12244897959183673,46,12,1,0,46,1|10|6|17|6|3,network_wide,108
random-sparse,50,0.01,0.02,0.0,0.2,0.1,3.0,0.3,0.074,33,75,0.0,0.12244897959183673,45,12,1,0,45,10|6|17|6|4,network_wide,128
random-sparse,50,0.01,0.02,0.0,0.2,0.1,3.0,0.3,0.074,34,76,0.0,0.10204081632653061,44,12,1,0,44,1|10|6|17|6|5,network_wide,111
random-sparse,50,0.01,0.02,0.0,0.2,0.1,3.0,0.3,0.074,35,77,0.0,0.061224489795918366,36,12,1,0,36,10|6|17|13,network_wide,131
random-sparse,50,0.01,0.02,0.0,0.2,0.1,3.0,0.3,0.074,36,78,0.0,0.08163265306122448,42,12,1,0,42,9|6|17|6|7,network_wide,110
random-sparse,50,0.01,0.02,0.0,0.2,0.1,3.0,0.3,0.074,37,79,0.0,0.08163265306122448,49,12,1,0,49,9|6|17|14,network_wide,111
random-sparse,50,0.01,0.02,0.0,0.2,0.1,3.0,0.3,0.074,38,80,0.0,0.061224489795918366,48,12,75,0,48,8|6|32|1,network_wide,110
random-sparse,50,0.01,0.02,0.0,0.2,0.1,3.0,0.3,0.074,39,81,0.0,0.10204081632653061,47,12,1,0,47,7|6|17|6|7|2,network_wide,117
random-sparse,50,0.01,0.02,0.0,0.2,0.1,3.0,0.3,0.074,40,82,0.0,0.08163265306122448,46,12,4,0,46,5|6|17|14|3,network_wide,108
random-sparse,50,0.01,0.02,0.0,0.2,0.1,3.0,0.3,0.074,41,83,0.0,0.08163265306122448,45,12,1,0,45,5|6|17|14|4,network_wide,105
random-sparse,50,0.01,0.02,0.0,0.2,0.1,3.0,0.3,0.074,42,84,0.0,0.10204081632653061,44,12,3,0,44,3|6|17|6|7|5,network_wide,131
random-sparse,50,0.01,0.02,0.0,0.2,0.1,3.0,0.3,0.074,43,85,0.0,0.10204081632653061,43,12,1,0,43,2|6|17|6|7|6,network_wide,110
random-sparse,50,0.01,0.02,0.0,0.2,0.1,3.0,0.3,0.074,44,86,0.0,0.10204081632653061,42,12,3,0,42,2|6|17|6|7|7,network_wide,124
random-sparse,50,0.01,0.02,0.0,0.2,0.1,3.0,0.3,0.074,45,87,0.0,0.08163265306122448,41,12,1,0,41,1|6|17|14|8,network_wide,126
random-sparse,50,0.01,0.02,0.0,0.2,0.1,3.0,0.3,0.074,46,88,0.0,0.08163265306122448,40,7,4,0,40,6|17|6|7|9,network_wide,107
random-sparse,50,0.01,0.02,0.0,0.2,0.1,3.0,0.3,0.074,47,89,0.0,0.061224489795918366,39,7,3,0,39,5|17|14|10,network_wide,117
random-sparse,50,0.01,0.02,0.0,0.2,0.1,3.0,0.3,0.074,48,90,0.0,0.10204081632653061,49,8,1,0,49,4|17|6|7|10,network_wide,124
random-sparse,50,0.01,0.02,0.0,0.2,0.1,3.0,0.3,0.074,49,91,0.0,0.08163265306122448,48,8,1,0,48,3|17|14|10|1,network_wide,116
random-sparse,50,0.01,0.02,0.0,0.2,0.1,3.0,0.3,0.076,0,42,0.0,0.14285714285714285,46,11,4,0,46,3|4|5|12|4|1|10|3,network_wide,111
random-sparse,50,0.01,0.02,0.0,0.2,0.1,3.0,0.3,0.076,1,43,0.0,0.16326530612244897,45,11,5,0,45,2|4|5|1|10|4|1|10|4,network_wide,125
random-sparse,50,0.01,0.02,0.0,0.2,0.1,3.0,0.3,0.076,2,44,0.0,0.1836734693877551,44,11,4,0,44,2|4|5|1|10|4|10|5,network_wide,133
random-sparse,50,0.01,0.02,0.0,0.2,0.1,3.0,0.3,0.076,3,45,0.0,0.16326530612244897,43,11,4,0,43,1|4|5|9|2|4|1|10|6,network_wide,120
random-sparse,50,0.01,0.02,0.0,0.2,0.1,3.0,0.3,0.076,4,46,0.0,0.16326530612244897,49,11,5,0,49,4|5|9|2|4|1|10|6,network_wide,123
random-sparse,50,0.01,0.02,0.0,0.2,0.1,3.0,0.3,0.076,5,47,0.0,0.14285714285714285,48,11,5,0,48,3|5|12|4|1|10|6|1,network_wide,125
random-sparse,50,0.01,0.02,0.0,0.2,0.1,3.0,0.3,0.076,6,48,0.0,0.16326530612244897,47,11,4,0,47,3|5|12|4|10|6|2,network_wide,111
random-sparse,50,0.01,0.02,0.0,0.2,0.1,3.0,0.3,0.076,7,49,0.0,0.14285714285714285,46,11,5,0,46,1|5|12|4|1|10|6|3,network_wide,116
random-sparse,50,0.01,0.02,0.0,0.2,0.1,3.0,0.3,0.076,8,50,0.0,0.16326530612244897,45,11,5,0,45,1|5|12|4|10|6|4,network_wide,110
random-sparse,50,0.01,0.02,0.0,0.2,0.1,3.0,0.3,0.076,9,51,0.0,0.14285714285714285,44,11,5,0,44,5|12|4|10|6|5,network_wide,132
random-sparse,50,0.01,0.02,0.0,0.2,0.1,3.0,0.3,0.076,10,52,0.0,0.14285714285714285,43,11,38,0,43,6|10|4|10|6|6,network_wide,127
random-sparse,50,0.01,0.02,0.0,0.2,0.1,3.0,0.3,0.076,11,53,0.0,0.16326530612244897,42,11,5,0,42,3|9|2|4|10|6|7,network_wide,114
random-sparse,50,0.01,0.02,0.0,0.2,0.1,3.0,0.3,0.076,12,54,0.0,0.16326530612244897,41,11,6,0,41,3|1|7|2|4|1|10|6|8,network_wide,128
random-sparse,50,0.01,0.02,0.0,0.2,0.1,3.0,0.3,0.076,13,55,0.0,0.14285714285714285,40,11,6,0,40,1|12|4|10|6|9,network_wide,116
random-sparse,50,0.01,0.02,0.0,0.2,0.1,3.0,0.3,0.076,14,56,0.0,0.16326530612244897,39,11,5,0,39,1|1|10|4|10|6|10,network_wide,114
random-sparse,50,0.01,0.02,0.0,0.2,0.1,3.0,0.3,0.076,15,57,0.0,0.14285714285714285,38,11,38,0,38,1|10|4|10|6|11,network_wide,119
random-sparse,50,0.01,0.02,0.0,0.2,0.1,3.0,0.3,0.076,16,58,0.0,0.16326530612244897,37,11,38,0,37,1|7|2|4|10|6|12,network_wide,98
random-sparse,50,0.01,0.02,0.0,0.2,0.1,3.0,0.3,0.076,17,59,0.0,0.10204081632653061,36,11,75,0,36,10|4|1|10|6|13,network_wide,120
random-sparse,50,0.01,0.02,0.0,0.2,0.1,3.0,0.3,0.076,18,60,0.0,0.12244897959183673,35,11,75,0,35,10|4|10|6|14,network_wide,106
random-sparse,50,0.01,0.02,0.0,0.2,0.1,3.0,0.3,0.076,19,61,0.0,0.12244897959183673,34,11,75,0,34,9|4|10|6|15,network_wide,110
random-sparse,50,0.01,0.02,0.0,0.2,0.1,3.0,0.3,0.076,20,62,0.0,0.12244897959183673,33,11,47,0,33,5|2|4|1|10|6|16,network_wide,114
random-sparse,50,0.01,0.02,0.0,0.2,0.1,3.0,0.3,0.076,21,63,0.0,0.10204081632653061,32,11,75,0,32,7|4|1|10|6|17,network_wide,114
random-sparse,50,0.01,0.02,0.0,0.2,0.1,3.0,0.3,0.076,22,64,0.0,0.12244897959183673,49,11,1,0,49,6|4|1|10|6|17,network_wide,122
random-sparse,50,0.01,0.02,0.0,0.2,0.1,3.0,0.3,0.076,23,65,0.0,0.14285714285714285,48,11,3,0,48,5|4|10|6|17|1,network_wide,120
random-sparse,50,0.01,0.02,0.0,0.2,0.1,3.0,0.3,0.076,24,66,0.0,0.12244897959183673,47,11,3,0,47,4|4|1|10|6|17|2,network_wide,103
random-sparse,50,0.01,0.02,0.0,0.2,0.1,3.0,0.3,0.076,25,67,0.0,0.14285714285714285,46,11,1,0,46,2|4|10|6|17|3,network_wide,127
random-sparse,50,0.01,0.02,0.0,0.2,0.1,3.0,0.3,0.076,26,68,0.0,0.12244897959183673,45,11,1,0,45,1|4|1|10|6|17|4,network_wide,114
random-sparse,50,0.01,0.02,0.0,0.2,0.1,3.0,0.3,0.076,27,69,0.0,0.12244897959183673,44,11,1,0,44,1|4|1|10|6|17|5,network_wide,105
random-sparse,50,0.01,0.02,0.0,0.2,0.1,3.0,0.3,0.076,28,70,0.0,0.12244897959183673,43,11,1,0,43,4|10|6|17|6,network_wide,125
random-sparse,50,0.01,0.02,0.0,0.2,0.1,3.0,0.3,0.076,29,71,0.0,0.12244897959183673,42,11,3,0,42,3|10|6|17|7,network_wide,116
random-sparse,50,0.01,0.02,0.0,0.2,0.1,3.0,0.3,0.076,30,72,0.0,0.10204081632653061,41,11,1,0,41,2|1|10|6|17|8,network_wide,108
random-sparse,50,0.01,0.02,0.0,0.2,0.1,3.0,0.3,0.076,31,73,0.0,0.10204081632653061,40,11,3,0,40,2|1|10|6|17|9,network_wide,111
random-sparse,50,0.01,0.02,0.0,0.2,0.1,3.0,0.3,0.076,32,74,0.0,0.10204081632653061,39,11,1,0,39,1|10|6|17|10,network_wide,108
random-sparse,50,0.01,0.02,0.0,0.2,0.1,3.0,0.3,0.076,33,75,0.0,0.10204081632653061,38,11,1,0,38,10|6|17|11,network_wide,128
random-sparse,50,0.01,0.02,0.0,0.2,0.1,3.0,0.3,0.076,34,76,0.0,0.08163265306122448,37,11,1,0,37,1|10|6|17|12,network_wide,111
random-sparse,50,0.01,0.02,0.0,0.2,0.1,3.0,0.3,0.076,35,77,0.0,0.061224489795918366,36,11,1,0,36,10|6|17|13,network_wide,131
random-sparse,50,0.01,0.02,0.0,0.2,0.1,3.0,0.3,0.076,36,78,0.0,0.061224489795918366,35,11,1,0,35,9|6|17|14,network_wide,110
random-sparse,50,0.01,0.02,0.0,0.2,0.1,3.0,0.3,0.076,37,79,0.0,0.08163265306122448,49,11,1,0,49,9|6|17|14,network_wide,111
random-sparse,50,0.01,0.02,0.0,0.2,0.1,3.0,0.3,0.076,38,80,0.0,0.061224489795918366,48,11,75,0,48,8|6|32|1,network_wide,110
random-sparse,50,0.01,0.02,0.0,0.2,0.1,3.0,0.3,0.076,39,81,0.0,0.08163265306122448,47,11,1,0,47,7|6|17|14|2,network_wide,117
random-sparse,50,0.01,0.02,0.0,0.2,0.1,3.0,0.3,0.076,40,82,0.0,0.08163265306122448,46,11,4,0,46,5|6|17|14|3,network_wide,108
random-sparse,50,0.01,0.02,0.0,0.2,0.1,3.0,0.3,0.076,41,83,0.0,0.08163265306122448,45,11,1,0,45,5|6|17|14|4,network_wide,105
random-sparse,50,0.01,0.02,0.0,0.2,0.1,3.0,0.3,0.076,42,84,0.0,0.08163265306122448,44,11,3,0,44,3|6|17|14|5,network_wide,131
random-sparse,50,0.01,0.02,0.0,0.2,0.1,3.0,0.3,0.076,43,85,0.0,0.08163265306122448,43,11,1,0,43,2|6|17|14|6,network_wide,110
random-sparse,50,0.01,0.02,0.0,0.2,0.1,3.0,0.3,0.076,44,86,0.0,0.08163265306122448,42,11,3,0,42,2|6|17|14|7,network_wide,124
random-sparse,50,0.01,0.02,0.0,0.2,0.1,3.0,0.3,0.076,45,87,0.0,0.08163265306122448,41,11,1,0,41,1|6|17|14|8,network_wide,126
random-sparse,50,0.01,0.02,0.0,0.2,0.1,3.0,0.3,0.076,46,88,0.0,0.061224489795918366,40,9,4,0,40,6|17|14|9,network_wide,107
random-sparse,50,0.01,0.02,0.0,0.2,0.1,3.0,0.3,0.076,47,89,0.0,0.061224489795918366,39,9,3,0,39,5|17|14|10,network_wide,117
random-sparse,50,0.01,0.02,0.0,0.2,0.1,3.0,0.3,0.076,48,90,0.0,0.08163265306122448,49,9,1,0,49,4|17|14|10,network_wide,124
random-sparse,50,0.01,0.02,0.0,0.2,0.1,3.0,0.3,0.076,49,91,0.0,0.08163265306122448,48,9,1,0,48,3|17|14|10|1,network_wide,116
random-sparse,50,0.01,0.02,0.0,0.2,0.1,3.0,0.3,0.078,0,42,0.0,0.14285714285714285,46,9,4,0,46,3|10|12|4|10|3,network_wide,111
random-sparse,50,0.01,0.02,0.0,0.2,0.1,3.0,0.3,0.078,1,43,0.0,0.14285714285714285,45,9,5,0,45,2|10|1|10|4|1|10|4,network_wide,125
random-sparse,50,0.01,0.02,0.0,0.2,0.1,3.0,0.3,0.078,2,44,0.0,0.16326530612244897,44,9,4,0,44,2|10|1|10|4|10|5,network_wide,133
random-sparse,50,0.01,0.02,0.0,0.2,0.1,3.0,0.3,0.078,3,45,0.0,0.14285714285714285,43,9,4,0,43,1|10|9|2|4|1|10|6,network_wide,120
random-sparse,50,0.01,0.02,0.0,0.2,0.1,3.0,0.3,0.078,4,46,0.0,0.16326530612244897,49,9,5,0,49,10|9|2|4|10|6,network_wide,123
random-sparse,50,0.01,0.02,0.0,0.2,0.1,3.0,0.3,0.078,5,47,0.0,0.12244897959183673,48,9,5,0,48,9|12|4|1|10|6|1,network_wide,125
random-sparse,50,0.01,0.02,0.0,0.2,0.1,3.0,0.3,0.078,6,48,0.0,0.14285714285714285,47,9,4,0,47,9|12|4|10|6|2,network_wide,111
random-sparse,50,0.01,0.02,0.0,0.2,0.1,3.0,0.3,0.078,7,49,0.0,0.14285714285714285,46,9,5,0,46,1|5|12|4|1|10|6|3,network_wide,116
random-sparse,50,0.01,0.02,0.0,0.2,0.1,3.0,0.3,0.078,8,50,0.0,0.14285714285714285,45,9,5,0,45,7|12|4|10|6|4,network_wide,110
random-sparse,50,0.01,0.02,0.0,0.2,0.1,3.0,0.3,0.078,9,51,0.0,0.14285714285714285,44,9,5,0,44,5|12|4|10|6|5,network_wide,132
random-sparse,50,0.01,0.02,0.0,0.2,0.1,3.0,0.3,0.078,10,52,0.0,0.14285714285714285,43,9,38,0,43,6|10|4|10|6|6,network_wide,127
random-sparse,50,0.01,0.02,0.0,0.2,0.1,3.0,0.3,0.078,11,53,0.0,0.14285714285714285,42,9,5,0,42,3|12|4|10|6|7,network_wide,114
random-sparse,50,0.01,0.02,0.0,0.2,0.1,3.0,0.3,0.078,12,54,0.0,0.14285714285714285,41,9,38,0,41,5|10|4|10|6|8,network_wide,128
random-sparse,50,0.01,0.02,0.0,0.2,0.1,3.0,0.3,0.078,13,55,0.0,0.14285714285714285,40,9,6,0,40,1|12|4|10|6|9,network_wide,116
random-sparse,50,0.01,0.02,0.0,0.2,0.1,3.0,0.3,0.078,14,56,0.0,0.16326530612244897,39,9,5,0,39,1|1|10|4|10|6|10,network_wide,114
random-sparse,50,0.01,0.02,0.0,0.2,0.1,3.0,0.3,0.078,15,57,0.0,0.14285714285714285,38,11,38,0,38,1|10|4|10|6|11,network_wide,119
random-sparse,50,0.01,0.02,0.0,0.2,0.1,3.0,0.3,0.078,16,58,0.0,0.16326530612244897,37,9,38,0,37,1|7|2|4|10|6|12,network_wide,98
random-sparse,50,0.01,0.02,0.0,0.2,0.1,3.0,0.3,0.078,17,59,0.0,0.12244897959183673,36,9,75,0,36,10|4|10|6|13,network_wide,120
random-sparse,50,0.01,0.02,0.0,0.2,0.1,3.0,0.3,0.078,18,60,0.0,0.12244897959183673,35,9,75,0,35,10|4|10|6|14,network_wide,106
random-sparse,50,0.01,0.02,0.0,0.2,0.1,3.0,0.3,0.078,19,61,0.0,0.12244897959183673,34,9,75,0,34,9|4|10|6|15,network_wide,110
random-sparse,50,0.01,0.02,0.0,0.2,0.1,3.0,0.3,0.078,20,62,0.0,0.12244897959183673,33,9,47,0,33,5|2|4|1|10|6|16,network_wide,114
random-sparse,50,0.01,0.02,0.0,0.2,0.1,3.0,0.3,0.078,21,63,0.0,0.12244897959183673,32,9,75,0,32,7|4|10|6|17,network_wide,114
random-sparse,50,0.01,0.02,0.0,0.2,0.1,3.0,0.3,0.078,22,64,0.0,0.12244897959183673,49,9,1,0,49,6|4|1|10|6|17,network_wide,122
random-sparse,50,0.01,0.02,0.0,0.2,0.1,3.0,0.3,0.078,23,65,0.0,0.14285714285714285,48,9,3,0,48,5|4|10|6|17|1,network_wide,120
random-sparse,50,0.01,0.02,0.0,0.2,0.1,3.0,0.3,0.078,24,66,0.0,0.12244897959183673,47,11,3,0,47,4|4|1|10|6|17|2,network_wide,103
random-sparse,50,0.01,0.02,0.0,0.2,0.1,3.0,0.3,0.078,25,67,0.0,0.14285714285714285,46,9,1,0,46,2|4|10|6|17|3,network_wide,127
random-sparse,50,0.01,0.02,0.0,0.2,0.1,3.0,0.3,0.078,26,68,0.0,0.12244897959183673,45,9,1,0,45,1|4|1|10|6|17|4,network_wide,114
random-sparse,50,0.01,0.02,0.0,0.2,0.1,3.0,0.3,0.078,27,69,0.0,0.12244897959183673,44,9,1,0,44,1|4|1|10|6|17|5,network_wide,105
random-sparse,50,0.01,0.02,0.0,0.2,0.1,3.0,0.3,0.078,28,70,0.0,0.12244897959183673,43,9,1,0,43,4|10|6|17|6,network_wide,125
random-sparse,50,0.01,0.02,0.0,0.2,0.1,3.0,0.3,0.078,29,71,0.0,0.12244897959183673,42,9,3,0,42,3|10|6|17|7,network_wide,116
random-sparse,50,0.01,0.02,0.0,0.2,0.1,3.0,0.3,0.078,30,72,0.0,0.12244897959183673,41,9,1,0,41,2|10|6|17|8,network_wide,108
random-sparse,50,0.01,0.02,0.0,0.2,0.1,3.0,0.3,0.078,31,73,0.0,0.12244897959183673,40,9,3,0,40,2|10|6|17|9,network_wide,111
random-sparse,50,0.01,0.02,0.0,0.2,0.1,3.0,0.3,0.078,32,74,0.0,0.10204081632653061,39,9,1,0,39,1|10|6|17|10,network_wide,108
random-sparse,50,0.01,0.02,0.0,0.2,0.1,3.0,0.3,0.078,33,75,0.0,0.10204081632653061,38,9,1,0,38,10|6|17|11,network_wide,128
random-sparse,50,0.01,0.02,0.0,0.2,0.1,3.0,0.3,0.078,34,76,0.0,0.08163265306122448,37,9,1,0,37,1|10|6|17|12,network_wide,111
random-sparse,50,0.01,0.02,0.0,0.2,0.1,3.0,0.3,0.078,35,77,0.0,0.061224489795918366,36,9,1,0,36,10|6|17|13,network_wide,131
random-sparse,50,0.01,0.02,0.0,0.2,0.1,3.0,0.3,0.078,36,78,0.0,0.061224489795918366,35,9,1,0,35,9|6|17|14,network_wide,110
random-sparse,50,0.01,0.02,0.0,0.2,0.1,3.0,0.3,0.078,37,79,0.0,0.08163265306122448,49,9,1,0,49,9|6|17|14,network_wide,111
random-sparse,50,0.01,0.02,0.0,0.2,0.1,3.0,0.3,0.078,38,80,0.0,0.061224489795918366,48,9,75,0,48,8|6|32|1,network_wide,110
random-sparse,50,0.01,0.02,0.0,0.2,0.1,3.0,0.3,0.078,39,81,0.0,0.08163265306122448,47,9,1,0,47,7|6|17|14|2,network_wide,117
random-sparse,50,0.01,0.02,0.0,0.2,0.1,3.0,0.3,0.078,40,82,0.0,0.08163265306122448,46,9,4,0,46,5|6|17|14|3,network_wide,108
random-sparse,50,0.01,0.02,0.0,0.2,0.1,3.0,0.3,0.078,41,83,0.0,0.08163265306122448,45,9,1,0,45,5|6|17|14|4,network_wide,105
random-sparse,50,0.01,0.02,0.0,0.2,0.1,3.0,0.3,0.078,42,84,0.0,0.08163265306122448,44,9,3,0,44,3|6|17|14|5,network_wide,131
random-sparse,50,0.01,0.02,0.0,0.2,0.1,3.0,0.3,0.078,43,85,0.0,0.08163265306122448,43,9,1,0,43,2|6|17|14|6,network_wide,110
random-sparse,50,0.01,0.02,0.0,0.2,0.1,3.0,0.3,0.078,44,86,0.0,0.08163265306122448,42,9,3,0,42,2|6|17|14|7,network_wide,124
random-sparse,50,0.01,0.02,0.0,0.2,0.1,3.0,0.3,0.078,45,87,0.0,0.08163265306122448,41,9,1,0,41,1|6|17|14|8,network_wide,126
random-sparse,50,0.01,0.02,0.0,0.2,0.1,3.0,0.3,0.078,46,88,0.0,0.061224489795918366,40,8,4,0,40,6|17|14|9,network_wide,107
random-sparse,50,0.01,0.02,0.0,0.2,0.1,3.0,0.3,0.078,47,89,0.0,0.061224489795918366,39,8,3,0,39,5|17|14|10,network_wide,117
random-sparse,50,0.01,0.02,0.0,0.2,0.1,3.0,0.3,0.078,48,90,0.0,0.08163265306122448,49,8,1,0,49,4|17|14|10,network_wide,124
random-sparse,50,0.01,0.02,0.0,0.2,0.1,3.0,0.3,0.078,49,91,0.0,0.08163265306122448,48,8,1,0,48,3|17|14|10|1,network_wide,116
random-sparse,50,0.01,0.02,0.0,0.2,0.1,3.0,0.3,0.08,0,42,0.0,0.16326530612244897,46,9,4,0,46,3|4|5|12|4|10|3,network_wide,111
random-sparse,50,0.01,0.02,0.0,0.2,0.1,3.0,0.3,0.08,1,43,0.0,0.16326530612244897,45,9,5,0,45,2|4|5|12|4|10|4,network_wide,125
random-sparse,50,0.01,0.02,0.0,0.2,0.1,3.0,0.3,0.08,2,44,0.0,0.16326530612244897,44,9,5,0,44,2|4|5|12|4|10|5,network_wide,133
random-sparse,50,0.01,0.02,0.0,0.2,0.1,3.0,0.3,0.08,3,45,0.0,0.1836734693877551,44,9,4,0,44,1|4|5|12|4|10|5,network_wide,120
random-sparse,50,0.01,0.02,0.0,0.2,0.1,3.0,0.3,0.08,4,46,0.0,0.14285714285714285,49,9,5,0,49,10|12|4|10|6,network_wide,123
random-sparse,50,0.01,0.02,0.0,0.2,0.1,3.0,0.3,0.08,5,47,0.0,0.16326530612244897,48,9,5,0,48,3|5|12|4|10|6|1,network_wide,125
random-sparse,50,0.01,0.02,0.0,0.2,0.1,3.0,0.3,0.08,6,48,0.0,0.16326530612244897,47,9,4,0,47,3|5|12|4|10|6|2,network_wide,111
random-sparse,50,0.01,0.02,0.0,0.2,0.1,3.0,0.3,0.08,7,49,0.0,0.1836734693877551,46,9,5,0,46,1|5|12|4|10|5|3,network_wide,116
random-sparse,50,0.01,0.02,0.0,0.2,0.1,3.0,0.3,0.08,8,50,0.0,0.16326530612244897,45,9,5,0,45,1|5|12|4|10|6|4,network_wide,110
random-sparse,50,0.01,0.02,0.0,0.2,0.1,3.0,0.3,0.08,9,51,0.0,0.14285714285714285,44,9,6,0,44,5|12|4|10|6|5,network_wide,132
random-sparse,50,0.01,0.02,0.0,0.2,0.1,3.0,0.3,0.08,10,52,0.0,0.12244897959183673,43,9,75,0,43,17|4|10|6|6,network_wide,127
random-sparse,50,0.01,0.02,0.0,0.2,0.1,3.0,0.3,0.08,11,53,0.0,0.16326530612244897,42,9,5,0,42,3|12|4|10|5|7,network_wide,114
random-sparse,50,0.01,0.02,0.0,0.2,0.1,3.0,0.3,0.08,12,54,0.0,0.12244897959183673,41,9,75,0,41,16|4|10|6|8,network_wide,128
random-sparse,50,0.01,0.02,0.0,0.2,0.1,3.0,0.3,0.08,13,55,0.0,0.12244897959183673,40,9,75,0,40,14|4|10|6|9,network_wide,116
random-sparse,50,0.01,0.02,0.0,0.2,0.1,3.0,0.3,0.08,14,56,0.0,0.12244897959183673,39,9,5,0,39,1|12|4|1|10|6|10,network_wide,114
random-sparse,50,0.01,0.02,0.0,0.2,0.1,3.0,0.3,0.08,15,57,0.0,0.14285714285714285,38,9,75,0,38,12|4|10|5|11,network_wide,119
random-sparse,50,0.01,0.02,0.0,0.2,0.1,3.0,0.3,0.08,16,58,0.0,0.14285714285714285,37,9,48,0,37,9|2|4|10|6|12,network_wide,98
random-sparse,50,0.01,0.02,0.0,0.2,0.1,3.0,0.3,0.08,17,59,0.0,0.12244897959183673,36,9,75,0,36,10|4|10|6|13,network_wide,120
random-sparse,50,0.01,0.02,0.0,0.2,0.1,3.0,0.3,0.08,18,60,0.0,0.12244897959183673,35,9,75,0,35,10|4|10|6|14,network_wide,106
random-sparse,50,0.01,0.02,0.0,0.2,0.1,3.0,0.3,0.08,19,61,0.0,0.12244897959183673,34,9,75,0,34,9|4|10|6|15,network_wide,110
random-sparse,50,0.01,0.02,0.0,0.2,0.1,3.0,0.3,0.08,20,62,0.0,0.14285714285714285,33,9,48,0,33,5|2|4|10|6|16,network_wide,114
random-sparse,50,0.01,0.02,0.0,0.2,0.1,3.0,0.3,0.08,21,63,0.0,0.12244897959183673,32,9,75,0,32,7|4|10|6|17,network_wide,114
random-sparse,50,0.01,0.02,0.0,0.2,0.1,3.0,0.3,0.08,22,64,0.0,0.14285714285714285,49,9,1,0,49,6|4|10|6|17,network_wide,122
random-sparse,50,0.01,0.02,0.0,0.2,0.1,3.0,0.3,0.08,23,65,0.0,0.14285714285714285,48,9,3,0,48,5|4|10|6|17|1,network_wide,120
random-sparse,50,0.01,0.02,0.0,0.2,0.1,3.0,0.3,0.08,24,66,0.0,0.14285714285714285,47,9,4,0,47,4|4|10|6|17|2,network_wide,103
random-sparse,50,0.01,0.02,0.0,0.2,0.1,3.0,0.3,0.08,25,67,0.0,0.14285714285714285,46,9,1,0,46,2|4|10|6|17|3,network_wide,127
random-sparse,50,0.01,0.02,0.0,0.2,0.1,3.0,0.3,0.08,26,68,0.0,0.14285714285714285,45,9,1,0,45,1|4|10|6|17|4,network_wide,114
random-sparse,50,0.01,0.02,0.0,0.2,0.1,3.0,0.3,0.08,27,69,0.0,0.14285714285714285,44,9,1,0,44,1|4|10|6|17|5,network_wide,105
random-sparse,50,0.01,0.02,0.0,0.2,0.1,3.0,0.3,0.08,28,70,0.0,0.12244897959183673,43,9,1,0,43,4|10|6|17|6,network_wide,125
random-sparse,50,0.01,0.02,0.0,0.2,0.1,3.0,0.3,0.08,29,71,0.0,0.12244897959183673,42,9,4,0,42,3|10|6|17|7,network_wide,116
random-sparse,50,0.01,0.02,0.0,0.2,0.1,3.0,0.3,0.08,30,72,0.0,0.12244897959183673,41,9,1,0,41,2|10|6|17|8,network_wide,108
random-sparse,50,0.01,0.02,0.0,0.2,0.1,3.0,0.3,0.08,31,73,0.0,0.12244897959183673,40,9,3,0,40,2|10|6|17|9,network_wide,111
random-sparse,50,0.01,0.02,0.0,0.2,0.1,3.0,0.3,0.08,32,74,0.0,0.14285714285714285,39,9,1,0,39,10|5|17|10,network_wide,108
random-sparse,50,0.01,0.02,0.0,0.2,0.1,3.0,0.3,0.08,33,75,0.0,0.10204081632653061,38,9,1,0,38,10|6|17|11,network_wide,128
random-sparse,50,0.01,0.02,0.0,0.2,0.1,3.0,0.3,0.08,34,76,0.0,0.08163265306122448,37,9,1,0,37,10|6|17|12,network_wide,111
random-sparse,50,0.01,0.02,0.0,0.2,0.1,3.0,0.3,0.08,35,77,0.0,0.061224489795918366,36,9,1,0,36,10|6|17|13,network_wide,131
random-sparse,50,0.01,0.02,0.0,0.2,0.1,3.0,0.3,0.08,36,78,0.0,0.061224489795918366,35,9,1,0,35,9|6|17|14,network_wide,110
random-sparse,50,0.01,0.02,0.0,0.2,0.1,3.0,0.3,0.08,37,79,0.0,0.08163265306122448,49,9,1,0,49,9|6|17|14,network_wide,111
random-sparse,50,0.01,0.02,0.0,0.2,0.1,3.0,0.3,0.08,38,80,0.0,0.061224489795918366,48,9,75,0,48,8|6|32|1,network_wide,110
random-sparse,50,0.01,0.02,0.0,0.2,0.1,3.0,0.3,0.08,39,81,0.0,0.08163265306122448,47,9,1,0,47,7|6|17|14|2,network_wide,117
random-sparse,50,0.01,0.02,0.0,0.2,0.1,3.0,0.3,0.08,40,82,0.0,0.08163265306122448,46,9,4,0,46,5|6|17|14|3,network_wide,108
random-sparse,50,0.01,0.02,0.0,0.2,0.1,3.0,0.3,0.08,41,83,0.0,0.08163265306122448,45,9,1,0,45,5|6|17|14|4,network_wide,105
random-sparse,50,0.01,0.02,0.0,0.2,0.1,3.0,0.3,0.08,42,84,0.0,0.08163265306122448,44,9,3,0,44,3|6|17|14|5,network_wide,131
random-sparse,50,0.01,0.02,0.0,0.2,0.1,3.0,0.3,0.08,43,85,0.0,0.08163265306122448,43,9,1,0,43,2|6|17|14|6,network_wide,110
random-sparse,50,0.01,0.02,0.0,0.2,0.1,3.0,0.3,0.08,44,86,0.0,0.08163265306122448,42,9,3,0,42,2|6|17|14|7,network_wide,124
random-sparse,50,0.01,0.02,0.0,0.2,0.1,3.0,0.3,0.08,45,87,0.0,0.08163265306122448,41,9,1,0,41,1|6|17|14|8,network_wide,126
random-sparse,50,0.01,0.02,0.0,0.2,0.1,3.0,0.3,0.08,46,88,0.0,0.061224489795918366,40,8,4,0,40,6|17|14|9,network_wide,107
random-sparse,50,0.01,0.02,0.0,0.2,0.1,3.0,0.3,0.08,47,89,0.0,0.061224489795918366,39,8,3,0,39,5|17|14|10,network_wide,117
random-sparse,50,0.01,0.02,0.0,0.2,0.1,3.0,0.3,0.08,48,90,0.0,0.08163265306122448,49,8,1,0,49,4|17|14|10,network_wide,124
random-sparse,50,0.01,0.02,0.0,0.2,0.1,3.0,0.3,0.08,49,91,0.0,0.08163265306122448,48,8,1,0,48,3|17|14|10|1,network_wide,116
random-sparse,50,0.01,0.02,0.0,0.2,0.1,3.0,0.3,0.082,0,42,0.0,0.14285714285714285,46,9,4,0,46,3|4|5|12|4|1|10|3,network_wide,111
random-sparse,50,0.01,0.02,0.0,0.2,0.1,3.0,0.3,0.082,1,43,0.0,0.1836734693877551,46,9,5,0,46,2|4|5|12|4|10|3,network_wide,125
random-sparse,50,0.01,0.02,0.0,0.2,0.1,3.0,0.3,0.082,2,44,0.0,0.1836734693877551,45,9,5,0,45,2|4|5|12|4|10|4,network_wide,133
random-sparse,50,0.01,0.02,0.0,0.2,0.1,3.0,0.3,0.082,3,45,0.0,0.16326530612244897,44,9,4,0,44,1|4|5|12|4|1|10|5,network_wide,120
random-sparse,50,0.01,0.02,0.0,0.2,0.1,3.0,0.3,0.082,4,46,0.0,0.1836734693877551,49,9,5,0,49,4|5|12|4|10|5,network_wide,123
random-sparse,50,0.01,0.02,0.0,0.2,0.1,3.0,0.3,0.082,5,47,0.0,0.14285714285714285,48,9,5,0,48,3|5|12|4|1|10|6|1,network_wide,125
random-sparse,50,0.01,0.02,0.0,0.2,0.1,3.0,0.3,0.082,6,48,0.0,0.16326530612244897,47,9,4,0,47,3|5|12|4|10|6|2,network_wide,111
random-sparse,50,0.01,0.02,0.0,0.2,0.1,3.0,0.3,0.082,7,49,0.0,0.1836734693877551,46,9,5,0,46,1|5|12|4|10|5|3,network_wide,116
random-sparse,50,0.01,0.02,0.0,0.2,0.1,3.0,0.3,0.082,8,50,0.0,0.1836734693877551,45,9,5,0,45,1|5|12|4|10|5|4,network_wide,110
random-sparse,50,0.01,0.02,0.0,0.2,0.1,3.0,0.3,0.082,9,51,0.0,0.16326530612244897,44,9,6,0,44,5|12|4|10|5|5,network_wide,132
random-sparse,50,0.01,0.02,0.0,0.2,0.1,3.0,0.3,0.082,10,52,0.0,0.14285714285714285,43,9,75,0,43,17|4|10|5|6,network_wide,127
random-sparse,50,0.01,0.02,0.0,0.2,0.1,3.0,0.3,0.082,11,53,0.0,0.16326530612244897,42,9,5,0,42,3|12|4|10|5|7,network_wide,114
random-sparse,50,0.01,0.02,0.0,0.2,0.1,3.0,0.3,0.082,12,54,0.0,0.14285714285714285,41,9,75,0,41,16|4|10|5|8,network_wide,128
random-sparse,50,0.01,0.02,0.0,0.2,0.1,3.0,0.3,0.082,13,55,0.0,0.14285714285714285,40,9,75,0,40,14|4|10|5|9,network_wide,116
random-sparse,50,0.01,0.02,0.0,0.2,0.1,3.0,0.3,0.082,14,56,0.0,0.16326530612244897,39,9,5,0,39,1|12|4|10|5|10,network_wide,114
random-sparse,50,0.01,0.02,0.0,0.2,0.1,3.0,0.3,0.082,15,57,0.0,0.14285714285714285,38,9,75,0,38,12|4|10|5|11,network_wide,119
random-sparse,50,0.01,0.02,0.0,0.2,0.1,3.0,0.3,0.082,16,58,0.0,0.14285714285714285,37,9,75,0,37,12|4|10|5|12,network_wide,98
random-sparse,50,0.01,0.02,0.0,0.2,0.1,3.0,0.3,0.082,17,59,0.0,0.12244897959183673,36,9,75,0,36,10|4|1|10|5|13,network_wide,120
random-sparse,50,0.01,0.02,0.0,0.2,0.1,3.0,0.3,0.082,18,60,0.0,0.14285714285714285,35,9,75,0,35,10|4|10|5|14,network_wide,106
random-sparse,50,0.01,0.02,0.0,0.2,0.1,3.0,0.3,0.082,19,61,0.0,0.14285714285714285,34,9,48,0,34,6|2|4|10|6|15,network_wide,110
random-sparse,50,0.01,0.02,0.0,0.2,0.1,3.0,0.3,0.082,20,62,0.0,0.14285714285714285,33,9,75,0,33,8|4|10|5|16,network_wide,114
random-sparse,50,0.01,0.02,0.0,0.2,0.1,3.0,0.3,0.082,21,63,0.0,0.12244897959183673,32,9,75,0,32,7|4|1|10|5|17,network_wide,114
random-sparse,50,0.01,0.02,0.0,0.2,0.1,3.0,0.3,0.082,22,64,0.0,0.14285714285714285,49,9,1,0,49,6|4|1|10|5|17,network_wide,122
random-sparse,50,0.01,0.02,0.0,0.2,0.1,3.0,0.3,0.082,23,65,0.0,0.16326530612244897,48,9,3,0,48,2|2|4|10|6|17|1,network_wide,120
random-sparse,50,0.01,0.02,0.0,0.2,0.1,3.0,0.3,0.082,24,66,0.0,0.14285714285714285,47,9,4,0,47,4|4|1|10|5|17|2,network_wide,103
random-sparse,50,0.01,0.02,0.0,0.2,0.1,3.0,0.3,0.082,25,67,0.0,0.14285714285714285,46,9,1,0,46,2|4|10|6|17|3,network_wide,127
random-sparse,50,0.01,0.02,0.0,0.2,0.1,3.0,0.3,0.082,26,68,0.0,0.14285714285714285,45,9,1,0,45,1|4|1|10|5|17|4,network_wide,114
random-sparse,50,0.01,0.02,0.0,0.2,0.1,3.0,0.3,0.082,27,69,0.0,0.14285714285714285,44,9,1,0,44,1|4|1|10|5|17|5,network_wide,105
random-sparse,50,0.01,0.02,0.0,0.2,0.1,3.0,0.3,0.082,28,70,0.0,0.14285714285714285,43,9,1,0,43,4|10|5|17|6,network_wide,125
random-sparse,50,0.01,0.02,0.0,0.2,0.1,3.0,0.3,0.082,29,71,0.0,0.14285714285714285,42,9,4,0,42,3|10|5|17|7,network_wide,116
random-sparse,50,0.01,0.02,0.0,0.2,0.1,3.0,0.3,0.082,30,72,0.0,0.12244897959183673,41,9,1,0,41,2|1|10|5|17|8,network_wide,108
random-sparse,50,0.01,0.02,0.0,0.2,0.1,3.0,0.3,0.082,31,73,0.0,0.10204081632653061,40,9,3,0,40,2|1|10|6|17|9,network_wide,111
random-sparse,50,0.01,0.02,0.0,0.2,0.1,3.0,0.3,0.082,32,74,0.0,0.12244897959183673,39,9,1,0,39,1|10|5|17|10,network_wide,108
random-sparse,50,0.01,0.02,0.0,0.2,0.1,3.0,0.3,0.082,33,75,0.0,0.12244897959183673,38,9,1,0,38,10|5|17|11,network_wide,128
random-sparse,50,0.01,0.02,0.0,0.2,0.1,3.0,0.3,0.082,34,76,0.0,0.10204081632653061,37,9,1,0,37,1|10|5|17|12,network_wide,111
random-sparse,50,0.01,0.02,0.0,0.2,0.1,3.0,0.3,0.082,35,77,0.0,0.08163265306122448,36,9,1,0,36,10|5|17|13,network_wide,131
random-sparse,50,0.01,0.02,0.0,0.2,0.1,3.0,0.3,0.082,36,78,0.0,0.061224489795918366,35,9,1,0,35,9|6|17|14,network_wide,110
random-sparse,50,0.01,0.02,0.0,0.2,0.1,3.0,0.3,0.082,37,79,0.0,0.08163265306122448,49,9,1,0,49,9|6|17|14,network_wide,111
random-sparse,50,0.01,0.02,0.0,0.2,0.1,3.0,0.3,0.082,38,80,0.0,0.08163265306122448,48,9,75,0,48,8|5|32|1,network_wide,110
random-sparse,50,0.01,0.02,0.0,0.2,0.1,3.0,0.3,0.082,39,81,0.0,0.10204081632653061,47,9,1,0,47,7|5|17|14|2,network_wide,117
random-sparse,50,0.01,0.02,0.0,0.2,0.1,3.0,0.3,0.082,40,82,0.0,0.10204081632653061,46,9,4,0,46,5|5|17|14|3,network_wide,108
random-sparse,50,0.01,0.02,0.0,0.2,0.1,3.0,0.3,0.082,41,83,0.0,0.10204081632653061,45,9,1,0,45,5|5|17|14|4,network_wide,105
random-sparse,50,0.01,0.02,0.0,0.2,0.1,3.0,0.3,0.082,42,84,0.0,0.10204081632653061,44,9,4,0,44,3|5|17|14|5,network_wide,131
random-sparse,50,0.01,0.02,0.0,0.2,0.1,3.0,0.3,0.082,43,85,0.0,0.08163265306122448,43,9,1,0,43,2|6|17|14|6,network_wide,110
random-sparse,50,0.01,0.02,0.0,0.2,0.1,3.0,0.3,0.082,44,86,0.0,0.08163265306122448,42,9,3,0,42,2|6|17|14|7,network_wide,124
random-sparse,50,0.01,0.02,0.0,0.2,0.1,3.0,0.3,0.082,45,87,0.0,0.10204081632653061,41,9,1,0,41,1|5|17|14|8,network_wide,126
random-sparse,50,0.01,0.02,0.0,0.2,0.1,3.0,0.3,0.082,46,88,0.0,0.061224489795918366,40,6,112,0,40,5|32|9,network_wide,107
random-sparse,50,0.01,0.02,0.0,0.2,0.1,3.0,0.3,0.082,47,89,0.0,0.061224489795918366,39,8,3,0,39,5|17|14|10,network_wide,117
random-sparse,50,0.01,0.02,0.0,0.2,0.1,3.0,0.3,0.082,48,90,0.0,0.08163265306122448,49,8,1,0,49,4|17|14|10,network_wide,124
random-sparse,50,0.01,0.02,0.0,0.2,0.1,3.0,0.3,0.082,49,91,0.0,0.08163265306122448,48,8,1,0,48,3|17|14|10|1,network_wide,116
random-sparse,50,0.01,0.02,0.0,0.2,0.1,3.0,0.3,0.084,0,42,0.0,0.14285714285714285,46,11,4,0,46,3|4|5|12|4|1|10|3,network_wide,111
random-sparse,50,0.01,0.02,0.0,0.2,0.1,3.0,0.3,0.084,1,43,0.0,0.16326530612244897,46,11,5,0,46,2|4|5|12|4|1|10|3,network_wide,125
random-sparse,50,0.01,0.02,0.0,0.2,0.1,3.0,0.3,0.084,2,44,0.0,0.16326530612244897,45,11,5,0,45,2|4|5|12|4|1|10|4,network_wide,133
random-sparse,50,0.01,0.02,0.0,0.2,0.1,3.0,0.3,0.084,3,45,0.0,0.16326530612244897,44,11,4,0,44,1|4|5|12|4|1|10|5,network_wide,120
random-sparse,50,0.01,0.02,0.0,0.2,0.1,3.0,0.3,0.084,4,46,0.0,0.16326530612244897,49,11,5,0,49,4|5|12|4|1|10|5,network_wide,123
random-sparse,50,0.01,0.02,0.0,0.2,0.1,3.0,0.3,0.084,5,47,0.0,0.16326530612244897,48,11,5,0,48,3|5|12|4|1|10|5|1,network_wide,125
random-sparse,50,0.01,0.02,0.0,0.2,0.1,3.0,0.3,0.084,6,48,0.0,0.16326530612244897,47,11,4,0,47,3|5|12|4|1|10|5|2,network_wide,111
random-sparse,50,0.01,0.02,0.0,0.2,0.1,3.0,0.3,0.084,7,49,0.0,0.16326530612244897,46,11,5,0,46,1|5|12|4|1|10|5|3,network_wide,116
random-sparse,50,0.01,0.02,0.0,0.2,0.1,3.0,0.3,0.084,8,50,0.0,0.16326530612244897,45,11,5,0,45,1|5|12|4|1|10|5|4,network_wide,110
random-sparse,50,0.01,0.02,0.0,0.2,0.1,3.0,0.3,0.084,9,51,0.0,0.14285714285714285,44,11,6,0,44,5|12|4|1|10|5|5,network_wide,132
random-sparse,50,0.01,0.02,0.0,0.2,0.1,3.0,0.3,0.084,10,52,0.0,0.12244897959183673,43,11,102,0,43,17|4|1|10|5|6,network_wide,127
random-sparse,50,0.01,0.02,0.0,0.2,0.1,3.0,0.3,0.084,11,53,0.0,0.14285714285714285,42,11,5,0,42,3|12|4|1|10|5|7,network_wide,114
random-sparse,50,0.01,0.02,0.0,0.2,0.1,3.0,0.3,0.084,12,54,0.0,0.12244897959183673,41,11,102,0,41,16|4|1|10|5|8,network_wide,128
random-sparse,50,0.01,0.02,0.0,0.2,0.1,3.0,0.3,0.084,13,55,0.0,0.12244897959183673,40,11,76,0,40,14|4|1|10|5|9,network_wide,116
random-sparse,50,0.01,0.02,0.0,0.2,0.1,3.0,0.3,0.084,14,56,0.0,0.14285714285714285,39,11,5,0,39,1|12|4|1|10|5|10,network_wide,114
random-sparse,50,0.01,0.02,0.0,0.2,0.1,3.0,0.3,0.084,15,57,0.0,0.12244897959183673,38,11,76,0,38,12|4|1|10|5|11,network_wide,119
random-sparse,50,0.01,0.02,0.0,0.2,0.1,3.0,0.3,0.084,16,58,0.0,0.12244897959183673,37,11,102,0,37,12|4|1|10|5|12,network_wide,98
random-sparse,50,0.01,0.02,0.0,0.2,0.1,3.0,0.3,0.084,17,59,0.0,0.12244897959183673,36,11,76,0,36,10|4|1|10|5|13,network_wide,120
random-sparse,50,0.01,0.02,0.0,0.2,0.1,3.0,0.3,0.084,18,60,0.0,0.12244897959183673,35,11,76,0,35,10|4|1|10|5|14,network_wide,106
random-sparse,50,0.01,0.02,0.0,0.2,0.1,3.0,0.3,0.084,19,61,0.0,0.12244897959183673,34,11,102,0,34,9|4|1|10|5|15,network_wide,110
random-sparse,50,0.01,0.02,0.0,0.2,0.1,3.0,0.3,0.084,20,62,0.0,0.12244897959183673,33,11,76,0,33,8|4|1|10|5|16,network_wide,114
random-sparse,50,0.01,0.02,0.0,0.2,0.1,3.0,0.3,0.084,21,63,0.0,0.12244897959183673,32,11,102,0,32,7|4|1|10|5|17,network_wide,114
random-sparse,50,0.01,0.02,0.0,0.2,0.1,3.0,0.3,0.084,22,64,0.0,0.14285714285714285,49,11,1,0,49,6|4|1|10|5|17,network_wide,122
random-sparse,50,0.01,0.02,0.0,0.2,0.1,3.0,0.3,0.084,23,65,0.0,0.14285714285714285,48,11,4,0,48,5|4|1|10|5|17|1,network_wide,120
random-sparse,50,0.01,0.02,0.0,0.2,0.1,3.0,0.3,0.084,24,66,0.0,0.14285714285714285,47,11,4,0,47,4|4|1|10|5|17|2,network_wide,103
random-sparse,50,0.01,0.02,0.0,0.2,0.1,3.0,0.3,0.084,25,67,0.0,0.14285714285714285,46,11,1,0,46,2|4|1|10|5|17|3,network_wide,127
random-sparse,50,0.01,0.02,0.0,0.2,0.1,3.0,0.3,0.084,26,68,0.0,0.14285714285714285,45,11,1,0,45,1|4|1|10|5|17|4,network_wide,114
random-sparse,50,0.01,0.02,0.0,0.2,0.1,3.0,0.3,0.084,27,69,0.0,0.14285714285714285,44,11,1,0,44,1|4|1|10|5|17|5,network_wide,105
random-sparse,50,0.01,0.02,0.0,0.2,0.1,3.0,0.3,0.084,28,70,0.0,0.12244897959183673,43,11,1,0,43,4|1|10|5|17|6,network_wide,125
random-sparse,50,0.01,0.02,0.0,0.2,0.1,3.0,0.3,0.084,29,71,0.0,0.12244897959183673,42,11,4,0,42,3|1|10|5|17|7,network_wide,116
random-sparse,50,0.01,0.02,0.0,0.2,0.1,3.0,0.3,0.084,30,72,0.0,0.12244897959183673,41,11,1,0,41,2|1|10|5|17|8,network_wide,108
random-sparse,50,0.01,0.02,0.0,0.2,0.1,3.0,0.3,0.084,31,73,0.0,0.10204081632653061,40,11,3,0,40,2|1|10|6|17|9,network_wide,111
random-sparse,50,0.01,0.02,0.0,0.2,0.1,3.0,0.3,0.084,32,74,0.0,0.12244897959183673,39,11,1,0,39,1|10|5|17|10,network_wide,108
random-sparse,50,0.01,0.02,0.0,0.2,0.1,3.0,0.3,0.084,33,75,0.0,0.10204081632653061,38,11,1,0,38,1|10|5|17|11,network_wide,128
random-sparse,50,0.01,0.02,0.0,0.2,0.1,3.0,0.3,0.084,34,76,0.0,0.10204081632653061,37,11,1,0,37,1|10|5|17|12,network_wide,111
random-sparse,50,0.01,0.02,0.0,0.2,0.1,3.0,0.3,0.084,35,77,0.0,0.08163265306122448,36,11,1,0,36,10|5|17|13,network_wide,131
random-sparse,50,0.01,0.02,0.0,0.2,0.1,3.0,0.3,0.084,36,78,0.0,0.08163265306122448,35,11,1,0,35,9|5|17|14,network_wide,110
random-sparse,50,0.01,0.02,0.0,0.2,0.1,3.0,0.3,0.084,37,79,0.0,0.10204081632653061,49,11,1,0,49,9|5|17|14,network_wide,111
random-sparse,50,0.01,0.02,0.0,0.2,0.1,3.0,0.3,0.084,38,80,0.0,0.08163265306122448,48,11,113,0,48,8|5|32|1,network_wide,110
random-sparse,50,0.01,0.02,0.0,0.2,0.1,3.0,0.3,0.084,39,81,0.0,0.10204081632653061,47,11,1,0,47,7|5|17|14|2,network_wide,117
random-sparse,50,0.01,0.02,0.0,0.2,0.1,3.0,0.3,0.084,40,82,0.0,0.10204081632653061,46,11,4,0,46,5|5|17|14|3,network_wide,108
random-sparse,50,0.01,0.02,0.0,0.2,0.1,3.0,0.3,0.084,41,83,0.0,0.10204081632653061,45,11,1,0,45,5|5|17|14|4,network_wide,105
random-sparse,50,0.01,0.02,0.0,0.2,0.1,3.0,0.3,0.084,42,84,0.0,0.10204081632653061,44,11,4,0,44,3|5|17|14|5,network_wide,131
random-sparse,50,0.01,0.02,0.0,0.2,0.1,3.0,0.3,0.084,43,85,0.0,0.10204081632653061,43,11,1,0,43,2|5|17|14|6,network_wide,110
random-sparse,50,0.01,0.02,0.0,0.2,0.1,3.0,0.3,0.084,44,86,0.0,0.08163265306122448,42,11,3,0,42,2|6|17|14|7,network_wide,124
random-sparse,50,0.01,0.02,0.0,0.2,0.1,3.0,0.3,0.084,45,87,0.0,0.10204081632653061,41,11,1,0,41,1|5|17|14|8,network_wide,126
random-sparse,50,0.01,0.02,0.0,0.2,0.1,3.0,0.3,0.084,46,88,0.0,0.061224489795918366,40,5,113,0,40,5|32|9,network_wide,107
random-sparse,50,0.01,0.02,0.0,0.2,0.1,3.0,0.3,0.084,47,89,0.0,0.061224489795918366,39,8,3,0,39,5|17|14|10,network_wide,117
random-sparse,50,0.01,0.02,0.0,0.2,0.1,3.0,0.3,0.084,48,90,0.0,0.08163265306122448,49,8,1,0,49,4|17|14|10,network_wide,124
random-sparse,50,0.01,0.02,0.0,0.2,0.1,3.0,0.3,0.084,49,91,0.0,0.08163265306122448,48,8,1,0,48,3|17|14|10|1,network_wide,116
random-sparse,50,0.01,0.02,0.0,0.2,0.1,3.0,0.3,0.086,0,42,0.0,0.14285714285714285,46,8,4,0,46,3|4|5|12|4|1|10|3,network_wide,111
random-sparse,50,0.01,0.02,0.0,0.2,0.1,3.0,0.3,0.086,1,43,0.0,0.16326530612244897,46,8,6,0,46,2|4|5|12|4|1|10|3,network_wide,125
random-sparse,50,0.01,0.02,0.0,0.2,0.1,3.0,0.3,0.086,2,44,0.0,0.16326530612244897,45,8,5,0,45,2|4|5|12|4|1|10|4,network_wide,133
random-sparse,50,0.01,0.02,0.0,0.2,0.1,3.0,0.3,0.086,3,45,0.0,0.16326530612244897,44,8,4,0,44,1|4|5|12|4|1|10|5,network_wide,120
random-sparse,50,0.01,0.02,0.0,0.2,0.1,3.0,0.3,0.086,4,46,0.0,0.16326530612244897,49,8,5,0,49,4|5|12|4|1|10|5,network_wide,123
random-sparse,50,0.01,0.02,0.0,0.2,0.1,3.0,0.3,0.086,5,47,0.0,0.16326530612244897,48,8,5,0,48,3|5|12|4|1|10|5|1,network_wide,125
random-sparse,50,0.01,0.02,0.0,0.2,0.1,3.0,0.3,0.086,6,48,0.0,0.16326530612244897,47,8,5,0,47,3|5|12|4|1|10|5|2,network_wide,111
random-sparse,50,0.01,0.02,0.0,0.2,0.1,3.0,0.3,0.086,7,49,0.0,0.16326530612244897,46,8,5,0,46,1|5|12|4|1|10|5|3,network_wide,116
random-sparse,50,0.01,0.02,0.0,0.2,0.1,3.0,0.3,0.086,8,50,0.0,0.14285714285714285,45,8,5,0,45,1|5|12|4|1|10|6|4,network_wide,110
random-sparse,50,0.01,0.02,0.0,0.2,0.1,3.0,0.3,0.086,9,51,0.0,0.14285714285714285,44,8,6,0,44,5|12|4|1|10|5|5,network_wide,132
random-sparse,50,0.01,0.02,0.0,0.2,0.1,3.0,0.3,0.086,10,52,0.0,0.12244897959183673,43,8,102,0,43,17|4|1|10|5|6,network_wide,127
random-sparse,50,0.01,0.02,0.0,0.2,0.1,3.0,0.3,0.086,11,53,0.0,0.14285714285714285,42,8,5,0,42,3|12|4|1|10|5|7,network_wide,114
random-sparse,50,0.01,0.02,0.0,0.2,0.1,3.0,0.3,0.086,12,54,0.0,0.12244897959183673,41,8,102,0,41,16|4|1|10|5|8,network_wide,128
random-sparse,50,0.01,0.02,0.0,0.2,0.1,3.0,0.3,0.086,13,55,0.0,0.12244897959183673,40,8,102,0,40,14|4|1|10|5|9,network_wide,116
random-sparse,50,0.01,0.02,0.0,0.2,0.1,3.0,0.3,0.086,14,56,0.0,0.14285714285714285,39,8,6,0,39,1|12|4|1|10|5|10,network_wide,114
random-sparse,50,0.01,0.02,0.0,0.2,0.1,3.0,0.3,0.086,15,57,0.0,0.12244897959183673,38,8,102,0,38,12|4|1|10|5|11,network_wide,119
random-sparse,50,0.01,0.02,0.0,0.2,0.1,3.0,0.3,0.086,16,58,0.0,0.12244897959183673,37,8,102,0,37,12|4|1|10|5|12,network_wide,98
random-sparse,50,0.01,0.02,0.0,0.2,0.1,3.0,0.3,0.086,17,59,0.0,0.12244897959183673,36,8,102,0,36,10|4|1|10|5|13,network_wide,120
random-sparse,50,0.01,0.02,0.0,0.2,0.1,3.0,0.3,0.086,18,60,0.0,0.12244897959183673,35,8,102,0,35,10|4|1|10|5|14,network_wide,106
random-sparse,50,0.01,0.02,0.0,0.2,0.1,3.0,0.3,0.086,19,61,0.0,0.10204081632653061,34,8,102,0,34,9|4|1|10|6|15,network_wide,110
random-sparse,50,0.01,0.02,0.0,0.2,0.1,3.0,0.3,0.086,20,62,0.0,0.12244897959183673,33,8,102,0,33,8|4|1|10|5|16,network_wide,114
random-sparse,50,0.01,0.02,0.0,0.2,0.1,3.0,0.3,0.086,21,63,0.0,0.12244897959183673,32,8,102,0,32,7|4|1|10|5|17,network_wide,114
random-sparse,50,0.01,0.02,0.0,0.2,0.1,3.0,0.3,0.086,22,64,0.0,0.12244897959183673,49,8,1,0,49,6|4|1|10|6|17,network_wide,122
random-sparse,50,0.01,0.02,0.0,0.2,0.1,3.0,0.3,0.086,23,65,0.0,0.12244897959183673,48,8,4,0,48,5|4|1|10|6|17|1,network_wide,120
random-sparse,50,0.01,0.02,0.0,0.2,0.1,3.0,0.3,0.086,24,66,0.0,0.14285714285714285,47,8,4,0,47,4|4|1|10|5|17|2,network_wide,103
random-sparse,50,0.01,0.02,0.0,0.2,0.1,3.0,0.3,0.086,25,67,0.0,0.14285714285714285,46,8,1,0,46,2|4|1|10|5|17|3,network_wide,127
random-sparse,50,0.01,0.02,0.0,0.2,0.1,3.0,0.3,0.086,26,68,0.0,0.14285714285714285,45,8,1,0,45,1|4|1|10|5|17|4,network_wide,114
random-sparse,50,0.01,0.02,0.0,0.2,0.1,3.0,0.3,0.086,27,69,0.0,0.14285714285714285,44,8,1,0,44,1|4|1|10|5|17|5,network_wide,105
random-sparse,50,0.01,0.02,0.0,0.2,0.1,3.0,0.3,0.086,28,70,0.0,0.12244897959183673,43,8,1,0,43,4|1|10|5|17|6,network_wide,125
random-sparse,50,0.01,0.02,0.0,0.2,0.1,3.0,0.3,0.086,29,71,0.0,0.12244897959183673,42,8,4,0,42,3|1|10|5|17|7,network_wide,116
random-sparse,50,0.01,0.02,0.0,0.2,0.1,3.0,0.3,0.086,30,72,0.0,0.12244897959183673,41,8,1,0,41,2|1|10|5|17|8,network_wide,108
random-sparse,50,0.01,0.02,0.0,0.2,0.1,3.0,0.3,0.086,31,73,0.0,0.10204081632653061,40,8,3,0,40,2|1|10|6|17|9,network_wide,111
random-sparse,50,0.01,0.02,0.0,0.2,0.1,3.0,0.3,0.086,32,74,0.0,0.12244897959183673,39,8,1,0,39,1|10|5|17|10,network_wide,108
random-sparse,50,0.01,0.02,0.0,0.2,0.1,3.0,0.3,0.086,33,75,0.0,0.08163265306122448,38,8,1,0,38,1|10|6|17|11,network_wide,128
random-sparse,50,0.01,0.02,0.0,0.2,0.1,3.0,0.3,0.086,34,76,0.0,0.10204081632653061,37,8,1,0,37,1|10|5|17|12,network_wide,111
random-sparse,50,0.01,0.02,0.0,0.2,0.1,3.0,0.3,0.086,35,77,0.0,0.061224489795918366,36,8,1,0,36,10|6|17|13,network_wide,131
random-sparse,50,0.01,0.02,0.0,0.2,0.1,3.0,0.3,0.086,36,78,0.0,0.08163265306122448,35,8,1,0,35,9|5|17|14,network_wide,110
random-sparse,50,0.01,0.02,0.0,0.2,0.1,3.0,0.3,0.086,37,79,0.0,0.08163265306122448,49,8,1,0,49,9|6|17|14,network_wide,111
random-sparse,50,0.01,0.02,0.0,0.2,0.1,3.0,0.3,0.086,38,80,0.0,0.08163265306122448,48,8,113,0,48,8|5|32|1,network_wide,110
random-sparse,50,0.01,0.02,0.0,0.2,0.1,3.0,0.3,0.086,39,81,0.0,0.10204081632653061,47,8,1,0,47,7|5|17|14|2,network_wide,117
random-sparse,50,0.01,0.02,0.0,0.2,0.1,3.0,0.3,0.086,40,82,0.0,0.10204081632653061,46,8,4,0,46,5|5|17|14|3,network_wide,108
random-sparse,50,0.01,0.02,0.0,0.2,0.1,3.0,0.3,0.086,41,83,0.0,0.10204081632653061,45,8,1,0,45,5|5|17|14|4,network_wide,105
random-sparse,50,0.01,0.02,0.0,0.2,0.1,3.0,0.3,0.086,42,84,0.0,0.10204081632653061,44,8,4,0,44,3|5|17|14|5,network_wide,131
random-sparse,50,0.01,0.02,0.0,0.2,0.1,3.0,0.3,0.086,43,85,0.0,0.10204081632653061,43,8,1,0,43,2|5|17|14|6,network_wide,110
random-sparse,50,0.01,0.02,0.0,0.2,0.1,3.0,0.3,0.086,44,86,0.0,0.08163265306122448,42,8,4,0,42,2|6|17|14|7,network_wide,124
random-sparse,50,0.01,0.02,0.0,0.2,0.1,3.0,0.3,0.086,45,87,0.0,0.10204081632653061,41,8,1,0,41,1|5|17|14|8,network_wide,126
random-sparse,50,0.01,0.02,0.0,0.2,0.1,3.0,0.3,0.086,46,88,0.0,0.04081632653061224,40,5,113,0,40,6|32|9,network_wide,107
random-sparse,50,0.01,0.02,0.0,0.2,0.1,3.0,0.3,0.086,47,89,0.0,0.061224489795918366,39,8,3,0,39,5|17|14|10,network_wide,117
random-sparse,50,0.01,0.02,0.0,0.2,0.1,3.0,0.3,0.086,48,90,0.0,0.08163265306122448,49,8,1,0,49,4|17|14|10,network_wide,124
random-sparse,50,0.01,0.02,0.0,0.2,0.1,3.0,0.3,0.086,49,91,0.0,0.08163265306122448,48,8,1,0,48,4|17|14|10|1,network_wide,116
random-sparse,50,0.01,0.02,0.0,0.2,0.1,3.0,0.3,0.088,0,42,0.0,0.12244897959183673,46,8,4,0,46,8|5|12|4|1|10|3,network_wide,111
random-sparse,50,0.01,0.02,0.0,0.2,0.1,3.0,0.3,0.088,1,43,0.0,0.14285714285714285,45,8,6,0,45,2|4|5|12|4|1|10|4,network_wide,125
random-sparse,50,0.01,0.02,0.0,0.2,0.1,3.0,0.3,0.088,2,44,0.0,0.16326530612244897,45,8,5,0,45,2|4|5|12|4|1|10|4,network_wide,133
random-sparse,50,0.01,0.02,0.0,0.2,0.1,3.0,0.3,0.088,3,45,0.0,0.16326530612244897,44,8,4,0,44,1|4|5|12|4|1|10|5,network_wide,120
random-sparse,50,0.01,0.02,0.0,0.2,0.1,3.0,0.3,0.088,4,46,0.0,0.16326530612244897,49,8,5,0,49,4|5|12|4|1|10|5,network_wide,123
random-sparse,50,0.01,0.02,0.0,0.2,0.1,3.0,0.3,0.088,5,47,0.0,0.14285714285714285,48,8,6,0,48,3|5|12|4|1|10|6|1,network_wide,125
random-sparse,50,0.01,0.02,0.0,0.2,0.1,3.0,0.3,0.088,6,48,0.0,0.16326530612244897,47,8,5,0,47,3|5|12|4|1|10|5|2,network_wide,111
random-sparse,50,0.01,0.02,0.0,0.2,0.1,3.0,0.3,0.088,7,49,0.0,0.16326530612244897,46,8,5,0,46,1|5|12|4|1|10|5|3,network_wide,116
random-sparse,50,0.01,0.02,0.0,0.2,0.1,3.0,0.3,0.088,8,50,0.0,0.14285714285714285,45,8,5,0,45,1|5|12|4|1|10|6|4,network_wide,110
random-sparse,50,0.01,0.02,0.0,0.2,0.1,3.0,0.3,0.088,9,51,0.0,0.10204081632653061,44,8,102,0,44,18|4|1|10|6|5,network_wide,132
random-sparse,50,0.01,0.02,0.0,0.2,0.1,3.0,0.3,0.088,10,52,0.0,0.12244897959183673,43,8,102,0,43,17|4|1|10|5|6,network_wide,127
random-sparse,50,0.01,0.02,0.0,0.2,0.1,3.0,0.3,0.088,11,53,0.0,0.14285714285714285,42,8,5,0,42,3|12|4|1|10|5|7,network_wide,114
random-sparse,50,0.01,0.02,0.0,0.2,0.1,3.0,0.3,0.088,12,54,0.0,0.12244897959183673,41,8,102,0,41,16|4|1|10|5|8,network_wide,128
random-sparse,50,0.01,0.02,0.0,0.2,0.1,3.0,0.3,0.088,13,55,0.0,0.10204081632653061,40,8,102,0,40,14|4|1|10|6|9,network_wide,116
random-sparse,50,0.01,0.02,0.0,0.2,0.1,3.0,0.3,0.088,14,56,0.0,0.14285714285714285,39,8,6,0,39,1|12|4|1|10|5|10,network_wide,114
random-sparse,50,0.01,0.02,0.0,0.2,0.1,3.0,0.3,0.088,15,57,0.0,0.10204081632653061,38,8,102,0,38,12|4|1|10|6|11,network_wide,119
random-sparse,50,0.01,0.02,0.0,0.2,0.1,3.0,0.3,0.088,16,58,0.0,0.12244897959183673,37,8,102,0,37,12|4|1|10|5|12,network_wide,98
random-sparse,50,0.01,0.02,0.0,0.2,0.1,3.0,0.3,0.088,17,59,0.0,0.12244897959183673,36,8,102,0,36,10|4|1|10|5|13,network_wide,120
random-sparse,50,0.01,0.02,0.0,0.2,0.1,3.0,0.3,0.088,18,60,0.0,0.10204081632653061,35,8,102,0,35,10|4|1|10|6|14,network_wide,106
random-sparse,50,0.01,0.02,0.0,0.2,0.1,3.0,0.3,0.088,19,61,0.0,0.10204081632653061,34,8,102,0,34,9|4|1|10|6|15,network_wide,110
random-sparse,50,0.01,0.02,0.0,0.2,0.1,3.0,0.3,0.088,20,62,0.0,0.10204081632653061,33,8,102,0,33,8|4|1|10|6|16,network_wide,114
random-sparse,50,0.01,0.02,0.0,0.2,0.1,3.0,0.3,0.088,21,63,0.0,0.12244897959183673,32,8,102,0,32,7|4|1|10|5|17,network_wide,114
random-sparse,50,0.01,0.02,0.0,0.2,0.1,3.0,0.3,0.088,22,64,0.0,0.12244897959183673,49,8,1,0,49,6|4|1|10|6|17,network_wide,122
random-sparse,50,0.01,0.02,0.0,0.2,0.1,3.0,0.3,0.088,23,65,0.0,0.12244897959183673,48,8,4,0,48,5|4|1|10|6|17|1,network_wide,120
random-sparse,50,0.01,0.02,0.0,0.2,0.1,3.0,0.3,0.088,24,66,0.0,0.12244897959183673,47,8,4,0,47,4|4|1|10|6|17|2,network_wide,103
random-sparse,50,0.01,0.02,0.0,0.2,0.1,3.0,0.3,0.088,25,67,0.0,0.12244897959183673,46,8,1,0,46,2|4|1|10|6|17|3,network_wide,127
random-sparse,50,0.01,0.02,0.0,0.2,0.1,3.0,0.3,0.088,26,68,0.0,0.12244897959183673,45,8,1,0,45,1|4|1|10|6|17|4,network_wide,114
random-sparse,50,0.01,0.02,0.0,0.2,0.1,3.0,0.3,0.088,27,69,0.0,0.12244897959183673,44,8,1,0,44,1|4|1|10|6|17|5,network_wide,105
random-sparse,50,0.01,0.02,0.0,0.2,0.1,3.0,0.3,0.088,28,70,0.0,0.10204081632653061,43,8,1,0,43,4|1|10|6|17|6,network_wide,125
random-sparse,50,0.01,0.02,0.0,0.2,0.1,3.0,0.3,0.088,29,71,0.0,0.10204081632653061,42,8,4,0,42,3|1|10|6|17|7,network_wide,116
random-sparse,50,0.01,0.02,0.0,0.2,0.1,3.0,0.3,0.088,30,72,0.0,0.10204081632653061,41,8,1,0,41,2|1|10|6|17|8,network_wide,108
random-sparse,50,0.01,0.02,0.0,0.2,0.1,3.0,0.3,0.088,31,73,0.0,0.10204081632653061,40,8,3,0,40,2|1|10|6|17|9,network_wide,111
random-sparse,50,0.01,0.02,0.0,0.2,0.1,3.0,0.3,0.088,32,74,0.0,0.12244897959183673,39,8,1,0,39,1|10|5|17|10,network_wide,108
random-sparse,50,0.01,0.02,0.0,0.2,0.1,3.0,0.3,0.088,33,75,0.0,0.08163265306122448,38,8,1,0,38,1|10|6|17|11,network_wide,128
random-sparse,50,0.01,0.02,0.0,0.2,0.1,3.0,0.3,0.088,34,76,0.0,0.08163265306122448,37,8,1,0,37,1|10|6|17|12,network_wide,111
random-sparse,50,0.01,0.02,0.0,0.2,0.1,3.0,0.3,0.088,35,77,0.0,0.061224489795918366,36,8,1,0,36,10|6|17|13,network_wide,131
random-sparse,50,0.01,0.02,0.0,0.2,0.1,3.0,0.3,0.088,36,78,0.0,0.061224489795918366,35,8,1,0,35,9|6|17|14,network_wide,110
random-sparse,50,0.01,0.02,0.0,0.2,0.1,3.0,0.3,0.088,37,79,0.0,0.08163265306122448,49,8,1,0,49,9|6|17|14,network_wide,111
random-sparse,50,0.01,0.02,0.0,0.2,0.1,3.0,0.3,0.088,38,80,0.0,0.061224489795918366,48,8,113,0,48,8|6|32|1,network_wide,110
random-sparse,50,0.01,0.02,0.0,0.2,0.1,3.0,0.3,0.088,39,81,0.0,0.08163265306122448,47,8,1,0,47,7|6|17|14|2,network_wide,117
random-sparse,50,0.01,0.02,0.0,0.2,0.1,3.0,0.3,0.088,40,82,0.0,0.08163265306122448,46,8,4,0,46,5|6|17|14|3,network_wide,108
random-sparse,50,0.01,0.02,0.0,0.2,0.1,3.0,0.3,0.088,41,83,0.0,0.08163265306122448,45,8,1,0,45,5|6|17|14|4,network_wide,105
random-sparse,50,0.01,0.02,0.0,0.2,0.1,3.0,0.3,0.088,42,84,0.0,0.08163265306122448,44,8,4,0,44,3|6|17|14|5,network_wide,131
random-sparse,50,0.01,0.02,0.0,0.2,0.1,3.0,0.3,0.088,43,85,0.0,0.08163265306122448,43,8,1,0,43,2|6|17|14|6,network_wide,110
random-sparse,50,0.01,0.02,0.0,0.2,0.1,3.0,0.3,0.088,44,86,0.0,0.08163265306122448,42,8,4,0,42,2|6|17|14|7,network_wide,124
random-sparse,50,0.01,0.02,0.0,0.2,0.1,3.0,0.3,0.088,45,87,0.0,0.08163265306122448,41,8,1,0,41,1|6|17|14|8,network_wide,126
random-sparse,50,0.01,0.02,0.0,0.2,0.1,3.0,0.3,0.088,46,88,0.0,0.04081632653061224,40,5,113,0,40,6|32|9,network_wide,107
random-sparse,50,0.01,0.02,0.0,0.2,0.1,3.0,0.3,0.088,47,89,0.0,0.061224489795918366,39,5,3,0,39,5|17|14|10,network_wide,117
random-sparse,50,0.01,0.02,0.0,0.2,0.1,3.0,0.3,0.088,48,90,0.0,0.08163265306122448,49,8,1,0,49,4|17|14|10,network_wide,124
random-sparse,50,0.01,0.02,0.0,0.2,0.1,3.0,0.3,0.088,49,91,0.0,0.08163265306122448,48,8,1,0,48,4|17|14|10|1,network_wide,116
random-sparse,50,0.01,0.02,0.0,0.2,0.1,3.0,0.3,0.09,0,42,0.0,0.14285714285714285,46,8,5,0,46,3|4|5|12|4|1|10|3,network_wide,111
random-sparse,50,0.01,0.02,0.0,0.2,0.1,3.0,0.3,0.09,1,43,0.0,0.14285714285714285,45,8,6,0,45,2|4|5|12|4|1|10|4,network_wide,125
random-sparse,50,0.01,0.02,0.0,0.2,0.1,3.0,0.3,0.09,2,44,0.0,0.16326530612244897,45,8,5,0,45,2|4|5|12|4|1|10|4,network_wide,133
random-sparse,50,0.01,0.02,0.0,0.2,0.1,3.0,0.3,0.09,3,45,0.0,0.16326530612244897,44,8,4,0,44,1|4|5|12|4|1|10|5,network_wide,120
random-sparse,50,0.01,0.02,0.0,0.2,0.1,3.0,0.3,0.09,4,46,0.0,0.16326530612244897,49,8,5,0,49,4|5|12|4|1|10|5,network_wide,123
random-sparse,50,0.01,0.02,0.0,0.2,0.1,3.0,0.3,0.09,5,47,0.0,0.14285714285714285,48,8,6,0,48,3|5|12|4|1|10|6|1,network_wide,125
random-sparse,50,0.01,0.02,0.0,0.2,0.1,3.0,0.3,0.09,6,48,0.0,0.16326530612244897,47,8,5,0,47,3|5|12|4|1|10|5|2,network_wide,111
random-sparse,50,0.01,0.02,0.0,0.2,0.1,3.0,0.3,0.09,7,49,0.0,0.16326530612244897,46,8,5,0,46,1|5|12|4|1|10|5|3,network_wide,116
random-sparse,50,0.01,0.02,0.0,0.2,0.1,3.0,0.3,0.09,8,50,0.0,0.14285714285714285,45,8,5,0,45,1|5|12|4|1|10|6|4,network_wide,110
random-sparse,50,0.01,0.02,0.0,0.2,0.1,3.0,0.3,0.09,9,51,0.0,0.10204081632653061,44,8,102,0,44,18|4|1|10|6|5,network_wide,132
random-sparse,50,0.01,0.02,0.0,0.2,0.1,3.0,0.3,0.09,10,52,0.0,0.12244897959183673,43,8,102,0,43,17|4|1|10|5|6,network_wide,127
random-sparse,50,0.01,0.02,0.0,0.2,0.1,3.0,0.3,0.09,11,53,0.0,0.14285714285714285,42,8,6,0,42,3|12|4|1|10|5|7,network_wide,114
random-sparse,50,0.01,0.02,0.0,0.2,0.1,3.0,0.3,0.09,12,54,0.0,0.12244897959183673,41,8,102,0,41,16|4|1|10|5|8,network_wide,128
random-sparse,50,0.01,0.02,0.0,0.2,0.1,3.0,0.3,0.09,13,55,0.0,0.10204081632653061,40,8,102,0,40,14|4|1|10|6|9,network_wide,116
random-sparse,50,0.01,0.02,0.0,0.2,0.1,3.0,0.3,0.09,14,56,0.0,0.14285714285714285,39,8,6,0,39,1|12|4|1|10|5|10,network_wide,114
random-sparse,50,0.01,0.02,0.0,0.2,0.1,3.0,0.3,0.09,15,57,0.0,0.10204081632653061,38,8,102,0,38,12|4|1|10|6|11,network_wide,119
random-sparse,50,0.01,0.02,0.0,0.2,0.1,3.0,0.3,0.09,16,58,0.0,0.12244897959183673,37,8,102,0,37,12|4|1|10|5|12,network_wide,98
random-sparse,50,0.01,0.02,0.0,0.2,0.1,3.0,0.3,0.09,17,59,0.0,0.10204081632653061,36,8,102,0,36,10|4|1|10|6|13,network_wide,120
random-sparse,50,0.01,0.02,0.0,0.2,0.1,3.0,0.3,0.09,18,60,0.0,0.10204081632653061,35,8,102,0,35,10|4|1|10|6|14,network_wide,106
random-sparse,50,0.01,0.02,0.0,0.2,0.1,3.0,0.3,0.09,19,61,0.0,0.10204081632653061,34,8,102,0,34,9|4|1|10|6|15,network_wide,110
random-sparse,50,0.01,0.02,0.0,0.2,0.1,3.0,0.3,0.09,20,62,0.0,0.10204081632653061,33,8,102,0,33,8|4|1|10|6|16,network_wide,114
random-sparse,50,0.01,0.02,0.0,0.2,0.1,3.0,0.3,0.09,21,63,0.0,0.10204081632653061,32,8,102,0,32,7|4|1|10|6|17,network_wide,114
random-sparse,50,0.01,0.02,0.0,0.2,0.1,3.0,0.3,0.09,22,64,0.0,0.12244897959183673,49,8,1,0,49,6|4|1|10|6|17,network_wide,122
random-sparse,50,0.01,0.02,0.0,0.2,0.1,3.0,0.3,0.09,23,65,0.0,0.12244897959183673,48,8,4,0,48,5|4|1|10|6|17|1,network_wide,120
random-sparse,50,0.01,0.02,0.0,0.2,0.1,3.0,0.3,0.09,24,66,0.0,0.12244897959183673,47,8,4,0,47,4|4|1|10|6|17|2,network_wide,103
random-sparse,50,0.01,0.02,0.0,0.2,0.1,3.0,0.3,0.09,25,67,0.0,0.12244897959183673,46,8,1,0,46,2|4|1|10|6|17|3,network_wide,127
random-sparse,50,0.01,0.02,0.0,0.2,0.1,3.0,0.3,0.09,26,68,0.0,0.12244897959183673,45,8,1,0,45,1|4|1|10|6|17|4,network_wide,114
random-sparse,50,0.01,0.02,0.0,0.2,0.1,3.0,0.3,0.09,27,69,0.0,0.12244897959183673,44,8,1,0,44,1|4|1|10|6|17|5,network_wide,105
random-sparse,50,0.01,0.02,0.0,0.2,0.1,3.0,0.3,0.09,28,70,0.0,0.10204081632653061,43,8,1,0,43,4|1|10|6|17|6,network_wide,125
random-sparse,50,0.01,0.02,0.0,0.2,0.1,3.0,0.3,0.09,29,71,0.0,0.10204081632653061,42,8,4,0,42,3|1|10|6|17|7,network_wide,116
random-sparse,50,0.01,0.02,0.0,0.2,0.1,3.0,0.3,0.09,30,72,0.0,0.10204081632653061,41,8,1,0,41,2|1|10|6|17|8,network_wide,108
random-sparse,50,0.01,0.02,0.0,0.2,0.1,3.0,0.3,0.09,31,73,0.0,0.10204081632653061,40,8,3,0,40,2|1|10|6|17|9,network_wide,111
random-sparse,50,0.01,0.02,0.0,0.2,0.1,3.0,0.3,0.09,32,74,0.0,0.12244897959183673,39,8,1,0,39,1|10|5|17|10,network_wide,108
random-sparse,50,0.01,0.02,0.0,0.2,0.1,3.0,0.3,0.09,33,75,0.0,0.08163265306122448,38,8,1,0,38,1|10|6|17|11,network_wide,128
random-sparse,50,0.01,0.02,0.0,0.2,0.1,3.0,0.3,0.09,34,76,0.0,0.08163265306122448,37,8,1,0,37,1|10|6|17|12,network_wide,111
random-sparse,50,0.01,0.02,0.0,0.2,0.1,3.0,0.3,0.09,35,77,0.0,0.061224489795918366,36,8,1,0,36,10|6|17|13,network_wide,131
random-sparse,50,0.01,0.02,0.0,0.2,0.1,3.0,0.3,0.09,36,78,0.0,0.061224489795918366,35,8,1,0,35,9|6|17|14,network_wide,110
random-sparse,50,0.01,0.02,0.0,0.2,0.1,3.0,0.3,0.09,37,79,0.0,0.08163265306122448,49,8,1,0,49,9|6|17|14,network_wide,111
random-sparse,50,0.01,0.02,0.0,0.2,0.1,3.0,0.3,0.09,38,80,0.0,0.061224489795918366,48,8,113,0,48,8|6|32|1,network_wide,110
random-sparse,50,0.01,0.02,0.0,0.2,0.1,3.0,0.3,0.09,39,81,0.0,0.08163265306122448,47,8,1,0,47,7|6|17|14|2,network_wide,117
random-sparse,50,0.01,0.02,0.0,0.2,0.1,3.0,0.3,0.09,40,82,0.0,0.08163265306122448,46,8,4,0,46,5|6|17|14|3,network_wide,108
random-sparse,50,0.01,0.02,0.0,0.2,0.1,3.0,0.3,0.09,41,83,0.0,0.08163265306122448,45,8,1,0,45,5|6|17|14|4,network_wide,105
random-sparse,50,0.01,0.02,0.0,0.2,0.1,3.0,0.3,0.09,42,84,0.0,0.08163265306122448,44,8,4,0,44,3|6|17|14|5,network_wide,131
random-sparse,50,0.01,0.02,0.0,0.2,0.1,3.0,0.3,0.09,43,85,0.0,0.08163265306122448,43,8,1,0,43,2|6|17|14|6,network_wide,110
random-sparse,50,0.01,0.02,0.0,0.2,0.1,3.0,0.3,0.09,44,86,0.0,0.08163265306122448,42,8,4,0,42,2|6|17|14|7,network_wide,124
random-sparse,50,0.01,0.02,0.0,0.2,0.1,3.0,0.3,0.09,45,87,0.0,0.08163265306122448,41,8,1,0,41,1|6|17|14|8,network_wide,126
random-sparse,50,0.01,0.02,0.0,0.2,0.1,3.0,0.3,0.09,46,88,0.0,0.04081632653061224,40,5,113,0,40,6|32|9,network_wide,107
random-sparse,50,0.01,0.02,0.0,0.2,0.1,3.0,0.3,0.09,47,89,0.0,0.061224489795918366,39,5,3,0,39,5|17|14|10,network_wide,117
random-sparse,50,0.01,0.02,0.0,0.2,0.1,3.0,0.3,0.09,48,90,0.0,0.08163265306122448,49,8,1,0,49,4|17|14|10,network_wide,124
random-sparse,50,0.01,0.02,0.0,0.2,0.1,3.0,0.3,0.09,49,91,0.0,0.08163265306122448,48,8,1,0,48,4|17|14|10|1,network_wide,116
random-sparse,50,0.01,0.03,0.0,0.2,0.1,3.0,0.3,0.06,0,42,0.0,0.2653061224489796,47,20,4,1,47,3|4|2|2|1|2|4|2|4|1|9|2,network_wide,111
random-sparse,50,0.01,0.03,0.0,0.2,0.1,3.0,0.3,0.06,1,43,0.0,0.2653061224489796,46,20,5,1,46,2|3|5|1|2|4|2|4|1|9|3,network_wide,125
random-sparse,50,0.01,0.03,0.0,0.2,0.1,3.0,0.3,0.06,2,44,0.0,0.2653061224489796,45,20,4,1,45,2|3|5|1|2|4|2|4|1|9|4,network_wide,133
random-sparse,50,0.01,0.03,0.0,0.2,0.1,3.0,0.3,0.06,3,45,0.0,0.2653061224489796,44,20,4,1,44,1|3|5|1|2|4|2|4|1|9|5,network_wide,120
random-sparse,50,0.01,0.03,0.0,0.2,0.1,3.0,0.3,0.06,4,46,0.0,0.2653061224489796,49,26,4,1,49,3|5|1|2|4|2|4|1|9|5,network_wide,123
random-sparse,50,0.01,0.03,0.0,0.2,0.1,3.0,0.3,0.06,5,47,0.0,0.24489795918367346,48,20,5,1,48,3|5|1|2|4|2|4|1|9|5|1,network_wide,125
random-sparse,50,0.01,0.03,0.0,0.2,0.1,3.0,0.3,0.06,6,48,0.0,0.24489795918367346,47,20,4,1,47,3|5|1|2|4|2|4|1|9|5|2,network_wide,111
random-sparse,50,0.01,0.03,0.0,0.2,0.1,3.0,0.3,0.06,7,49,0.0,0.24489795918367346,46,20,5,1,46,1|5|1|2|4|2|4|1|9|5|3,network_wide,116
random-sparse,50,0.01,0.03,0.0,0.2,0.1,3.0,0.3,0.06,8,50,0.0,0.24489795918367346,45,20,5,1,45,1|5|1|2|4|2|4|1|9|5|4,network_wide,110
random-sparse,50,0.01,0.03,0.0,0.2,0.1,3.0,0.3,0.06,9,51,0.0,0.22448979591836735,44,20,5,1,44,5|1|2|4|2|4|1|9|5|5,network_wide,132
random-sparse,50,0.01,0.03,0.0,0.2,0.1,3.0,0.3,0.06,10,52,0.0,0.22448979591836735,43,20,6,1,43,4|1|2|4|2|4|1|9|5|6,network_wide,127
random-sparse,50,0.01,0.03,0.0,0.2,0.1,3.0,0.3,0.06,11,53,0.0,0.22448979591836735,42,20,5,1,42,3|1|2|4|2|4|1|9|5|7,network_wide,114
random-sparse,50,0.01,0.03,0.0,0.2,0.1,3.0,0.3,0.06,12,54,0.0,0.22448979591836735,41,20,5,1,41,3|1|2|4|2|4|1|9|5|8,network_wide,128
random-sparse,50,0.01,0.03,0.0,0.2,0.1,3.0,0.3,0.06,13,55,0.0,0.22448979591836735,40,20,5,1,40,1|1|2|4|2|4|1|9|5|9,network_wide,116
random-sparse,50,0.01,0.03,0.0,0.2,0.1,3.0,0.3,0.06,14,56,0.0,0.22448979591836735,39,20,5,1,39,1|1|2|4|2|4|1|9|5|10,network_wide,114
random-sparse,50,0.01,0.03,0.0,0.2,0.1,3.0,0.3,0.06,15,57,0.0,0.20408163265306123,38,20,15,1,38,1|2|4|2|4|1|9|5|11,network_wide,119
random-sparse,50,0.01,0.03,0.0,0.2,0.1,3.0,0.3,0.06,16,58,0.0,0.20408163265306123,37,20,15,1,37,1|2|4|2|4|1|9|5|12,network_wide,98
random-sparse,50,0.01,0.03,0.0,0.2,0.1,3.0,0.3,0.06,17,59,0.0,0.1836734693877551,36,20,16,0,36,2|4|2|4|1|9|5|13,network_wide,120
random-sparse,50,0.01,0.03,0.0,0.2,0.1,3.0,0.3,0.06,18,60,0.0,0.1836734693877551,35,20,16,0,35,2|4|2|4|1|9|5|14,network_wide,106
random-sparse,50,0.01,0.03,0.0,0.2,0.1,3.0,0.3,0.06,19,61,0.0,0.20408163265306123,34,20,15,1,34,1|4|2|4|9|5|15,network_wide,110
random-sparse,50,0.01,0.03,0.0,0.2,0.1,3.0,0.3,0.06,20,62,0.0,0.16326530612244897,33,20,16,0,33,4|2|4|1|9|5|16,network_wide,114
random-sparse,50,0.01,0.03,0.0,0.2,0.1,3.0,0.3,0.06,21,63,0.0,0.16326530612244897,32,20,15,0,32,4|2|4|1|9|5|17,network_wide,114
random-sparse,50,0.01,0.03,0.0,0.2,0.1,3.0,0.3,0.06,22,64,0.0,0.1836734693877551,49,20,1,0,49,3|2|4|1|9|5|17,network_wide,122
random-sparse,50,0.01,0.03,0.0,0.2,0.1,3.0,0.3,0.06,23,65,0.0,0.20408163265306123,48,20,3,1,48,2|2|4|1|9|5|16|1,network_wide,120
random-sparse,50,0.01,0.03,0.0,0.2,0.1,3.0,0.3,0.06,24,66,0.0,0.20408163265306123,47,20,3,1,47,1|2|4|1|9|5|16|2,network_wide,103
random-sparse,50,0.01,0.03,0.0,0.2,0.1,3.0,0.3,0.06,25,67,0.0,0.1836734693877551,46,20,1,0,46,2|4|1|9|5|16|3,network_wide,127
random-sparse,50,0.01,0.03,0.0,0.2,0.1,3.0,0.3,0.06,26,68,0.0,0.16326530612244897,45,20,1,0,45,1|4|1|9|5|17|4,network_wide,114
random-sparse,50,0.01,0.03,0.0,0.2,0.1,3.0,0.3,0.06,27,69,0.0,0.1836734693877551,44,20,1,0,44,1|4|1|9|5|16|5,network_wide,105
random-sparse,50,0.01,0.03,0.0,0.2,0.1,3.0,0.3,0.06,28,70,0.0,0.16326530612244897,43,20,1,0,43,4|1|9|5|16|6,network_wide,125
random-sparse,50,0.01,0.03,0.0,0.2,0.1,3.0,0.3,0.06,29,71,0.0,0.20408163265306123,49,20,3,1,49,3|9|5|17|5,network_wide,116
random-sparse,50,0.01,0.03,0.0,0.2,0.1,3.0,0.3,0.06,30,72,0.0,0.20408163265306123,48,20,1,1,48,2|1|9|5|16|5|1,network_wide,108
random-sparse,50,0.01,0.03,0.0,0.2,0.1,3.0,0.3,0.06,31,73,0.0,0.20408163265306123,47,20,3,1,47,2|1|9|5|16|5|2,network_wide,111
random-sparse,50,0.01,0.03,0.0,0.2,0.1,3.0,0.3,0.06,32,74,0.0,0.16326530612244897,46,20,1,0,46,1|9|5|17|6|3,network_wide,108
random-sparse,50,0.01,0.03,0.0,0.2,0.1,3.0,0.3,0.06,33,75,0.0,0.20408163265306123,45,20,1,1,45,9|5|16|5|4,network_wide,128
random-sparse,50,0.01,0.03,0.0,0.2,0.1,3.0,0.3,0.06,34,76,0.0,0.1836734693877551,44,20,1,0,44,9|5|16|5|5,network_wide,111
random-sparse,50,0.01,0.03,0.0,0.2,0.1,3.0,0.3,0.06,35,77,0.0,0.16326530612244897,43,20,1,0,43,9|5|16|5|6,network_wide,131
random-sparse,50,0.01,0.03,0.0,0.2,0.1,3.0,0.3,0.06,36,78,0.0,0.16326530612244897,42,20,1,0,42,8|5|16|5|7,network_wide,110
random-sparse,50,0.01,0.03,0.0,0.2,0.1,3.0,0.3,0.06,37,79,0.0,0.1836734693877551,49,20,1,0,49,8|5|16|5|7,network_wide,111
random-sparse,50,0.01,0.03,0.0,0.2,0.1,3.0,0.3,0.06,38,80,0.0,0.1836734693877551,48,20,4,0,48,6|5|16|5|7|1,network_wide,110
random-sparse,50,0.01,0.03,0.0,0.2,0.1,3.0,0.3,0.06,39,81,0.0,0.16326530612244897,47,20,1,0,47,5|5|17|5|7|2,network_wide,117
random-sparse,50,0.01,0.03,0.0,0.2,0.1,3.0,0.3,0.06,40,82,0.0,0.1836734693877551,46,20,3,0,46,4|5|16|5|7|3,network_wide,108
random-sparse,50,0.01,0.03,0.0,0.2,0.1,3.0,0.3,0.06,41,83,0.0,0.16326530612244897,45,20,1,0,45,4|5|17|5|7|4,network_wide,105
random-sparse,50,0.01,0.03,0.0,0.2,0.1,3.0,0.3,0.06,42,84,0.0,0.1836734693877551,44,20,3,0,44,2|5|16|5|7|5,network_wide,131
random-sparse,50,0.01,0.03,0.0,0.2,0.1,3.0,0.3,0.06,43,85,0.0,0.1836734693877551,43,20,1,0,43,1|5|16|5|7|6,network_wide,110
random-sparse,50,0.01,0.03,0.0,0.2,0.1,3.0,0.3,0.06,44,86,0.0,0.16326530612244897,42,20,3,0,42,1|5|17|5|7|7,network_wide,124
random-sparse,50,0.01,0.03,0.0,0.2,0.1,3.0,0.3,0.06,45,87,0.0,0.14285714285714285,41,20,1,0,41,5|17|5|7|8,network_wide,126
random-sparse,50,0.01,0.03,0.0,0.2,0.1,3.0,0.3,0.06,46,88,0.0,0.12244897959183673,40,9,4,0,40,5|17|5|7|9,network_wide,107
random-sparse,50,0.01,0.03,0.0,0.2,0.1,3.0,0.3,0.06,47,89,0.0,0.10204081632653061,39,9,3,0,39,5|17|5|7|10,network_wide,117
random-sparse,50,0.01,0.03,0.0,0.2,0.1,3.0,0.3,0.06,48,90,0.0,0.14285714285714285,49,9,1,0,49,4|16|5|7|10,network_wide,124
random-sparse,50,0.01,0.03,0.0,0.2,0.1,3.0,0.3,0.06,49,91,0.0,0.14285714285714285,48,9,1,0,48,3|17|5|7|5|4|1,network_wide,116
random-sparse,50,0.01,0.03,0.0,0.2,0.1,3.0,0.3,0.062,0,42,0.0,0.24489795918367346,47,19,4,1,47,3|4|5|1|2|4|2|4|1|9|2,network_wide,111
random-sparse,50,0.01,0.03,0.0,0.2,0.1,3.0,0.3,0.062,1,43,0.0,0.2653061224489796,46,19,5,1,46,2|3|5|1|2|4|2|4|1|9|3,network_wide,125
random-sparse,50,0.01,0.03,0.0,0.2,0.1,3.0,0.3,0.062,2,44,0.0,0.2653061224489796,45,19,4,1,45,2|3|5|1|2|4|2|4|1|9|4,network_wide,133
random-sparse,50,0.01,0.03,0.0,0.2,0.1,3.0,0.3,0.062,3,45,0.0,0.2653061224489796,44,19,4,1,44,1|3|5|1|2|4|2|4|1|9|5,network_wide,120
random-sparse,50,0.01,0.03,0.0,0.2,0.1,3.0,0.3,0.062,4,46,0.0,0.2653061224489796,49,20,4,1,49,3|5|1|2|4|2|4|1|9|5,network_wide,123
random-sparse,50,0.01,0.03,0.0,0.2,0.1,3.0,0.3,0.062,5,47,0.0,0.24489795918367346,48,19,5,1,48,3|5|1|2|4|2|4|1|9|5|1,network_wide,125
random-sparse,50,0.01,0.03,0.0,0.2,0.1,3.0,0.3,0.062,6,48,0.0,0.24489795918367346,47,19,4,1,47,3|5|1|2|4|2|4|1|9|5|2,network_wide,111
random-sparse,50,0.01,0.03,0.0,0.2,0.1,3.0,0.3,0.062,7,49,0.0,0.24489795918367346,46,19,5,1,46,1|5|1|2|4|2|4|1|9|5|3,network_wide,116
random-sparse,50,0.01,0.03,0.0,0.2,0.1,3.0,0.3,0.062,8,50,0.0,0.24489795918367346,45,19,5,1,45,1|5|1|2|4|2|4|1|9|5|4,network_wide,110
random-sparse,50,0.01,0.03,0.0,0.2,0.1,3.0,0.3,0.062,9,51,0.0,0.22448979591836735,44,19,5,1,44,5|1|2|4|2|4|1|9|5|5,network_wide,132
random-sparse,50,0.01,0.03,0.0,0.2,0.1,3.0,0.3,0.062,10,52,0.0,0.24489795918367346,43,19,6,1,43,4|1|2|4|2|4|9|5|6,network_wide,127
random-sparse,50,0.01,0.03,0.0,0.2,0.1,3.0,0.3,0.062,11,53,0.0,0.22448979591836735,42,19,5,1,42,3|1|2|4|2|4|1|9|5|7,network_wide,114
random-sparse,50,0.01,0.03,0.0,0.2,0.1,3.0,0.3,0.062,12,54,0.0,0.22448979591836735,41,19,5,1,41,3|1|2|4|2|4|1|9|5|8,network_wide,128
random-sparse,50,0.01,0.03,0.0,0.2,0.1,3.0,0.3,0.062,13,55,0.0,0.22448979591836735,40,19,5,1,40,1|1|2|4|2|4|1|9|5|9,network_wide,116
random-sparse,50,0.01,0.03,0.0,0.2,0.1,3.0,0.3,0.062,14,56,0.0,0.22448979591836735,39,19,5,1,39,1|1|2|4|2|4|1|9|5|10,network_wide,114
random-sparse,50,0.01,0.03,0.0,0.2,0.1,3.0,0.3,0.062,15,57,0.0,0.20408163265306123,38,19,16,1,38,1|2|4|2|4|1|9|5|11,network_wide,119
random-sparse,50,0.01,0.03,0.0,0.2,0.1,3.0,0.3,0.062,16,58,0.0,0.20408163265306123,37,19,15,1,37,1|2|4|2|4|1|9|5|12,network_wide,98
random-sparse,50,0.01,0.03,0.0,0.2,0.1,3.0,0.3,0.062,17,59,0.0,0.1836734693877551,36,19,16,0,36,2|4|2|4|1|9|5|13,network_wide,120
random-sparse,50,0.01,0.03,0.0,0.2,0.1,3.0,0.3,0.062,18,60,0.0,0.1836734693877551,35,20,16,0,35,2|4|2|4|1|9|5|14,network_wide,106
random-sparse,50,0.01,0.03,0.0,0.2,0.1,3.0,0.3,0.062,19,61,0.0,0.20408163265306123,34,19,15,1,34,1|4|2|4|9|5|15,network_wide,110
random-sparse,50,0.01,0.03,0.0,0.2,0.1,3.0,0.3,0.062,20,62,0.0,0.16326530612244897,33,19,16,0,33,4|2|4|1|9|5|16,network_wide,114
random-sparse,50,0.01,0.03,0.0,0.2,0.1,3.0,0.3,0.062,21,63,0.0,0.14285714285714285,32,19,16,0,32,4|2|4|1|10|5|17,network_wide,114
random-sparse,50,0.01,0.03,0.0,0.2,0.1,3.0,0.3,0.062,22,64,0.0,0.20408163265306123,49,19,1,1,49,3|2|4|9|5|17,network_wide,122
random-sparse,50,0.01,0.03,0.0,0.2,0.1,3.0,0.3,0.062,23,65,0.0,0.20408163265306123,48,19,3,1,48,2|2|4|1|9|5|16|1,network_wide,120
random-sparse,50,0.01,0.03,0.0,0.2,0.1,3.0,0.3,0.062,24,66,0.0,0.20408163265306123,47,19,3,1,47,1|2|4|1|9|5|16|2,network_wide,103
random-sparse,50,0.01,0.03,0.0,0.2,0.1,3.0,0.3,0.062,25,67,0.0,0.16326530612244897,46,19,1,0,46,2|4|1|9|5|17|3,network_wide,127
random-sparse,50,0.01,0.03,0.0,0.2,0.1,3.0,0.3,0.062,26,68,0.0,0.16326530612244897,45,20,1,0,45,1|4|1|9|5|17|4,network_wide,114
random-sparse,50,0.01,0.03,0.0,0.2,0.1,3.0,0.3,0.062,27,69,0.0,0.1836734693877551,44,19,1,0,44,1|4|1|9|5|16|5,network_wide,105
random-sparse,50,0.01,0.03,0.0,0.2,0.1,3.0,0.3,0.062,28,70,0.0,0.16326530612244897,43,19,1,0,43,4|1|9|5|16|6,network_wide,125
random-sparse,50,0.01,0.03,0.0,0.2,0.1,3.0,0.3,0.062,29,71,0.0,0.20408163265306123,49,19,3,1,49,3|9|5|17|5,network_wide,116
random-sparse,50,0.01,0.03,0.0,0.2,0.1,3.0,0.3,0.062,30,72,0.0,0.20408163265306123,48,19,1,1,48,2|1|9|5|16|5|1,network_wide,108
random-sparse,50,0.01,0.03,0.0,0.2,0.1,3.0,0.3,0.062,31,73,0.0,0.1836734693877551,47,20,3,0,47,2|1|9|5|17|5|2,network_wide,111
random-sparse,50,0.01,0.03,0.0,0.2,0.1,3.0,0.3,0.062,32,74,0.0,0.16326530612244897,46,19,1,0,46,1|9|5|17|6|3,network_wide,108
random-sparse,50,0.01,0.03,0.0,0.2,0.1,3.0,0.3,0.062,33,75,0.0,0.1836734693877551,45,19,1,0,45,9|5|17|5|4,network_wide,128
random-sparse,50,0.01,0.03,0.0,0.2,0.1,3.0,0.3,0.062,34,76,0.0,0.16326530612244897,44,19,1,0,44,10|5|16|5|5,network_wide,111
random-sparse,50,0.01,0.03,0.0,0.2,0.1,3.0,0.3,0.062,35,77,0.0,0.16326530612244897,43,19,1,0,43,9|5|16|5|6,network_wide,131
random-sparse,50,0.01,0.03,0.0,0.2,0.1,3.0,0.3,0.062,36,78,0.0,0.16326530612244897,42,19,1,0,42,8|5|16|5|7,network_wide,110
random-sparse,50,0.01,0.03,0.0,0.2,0.1,3.0,0.3,0.062,37,79,0.0,0.16326530612244897,49,19,1,0,49,8|5|17|5|7,network_wide,111
random-sparse,50,0.01,0.03,0.0,0.2,0.1,3.0,0.3,0.062,38,80,0.0,0.1836734693877551,48,19,4,0,48,6|5|16|5|7|1,network_wide,110
random-sparse,50,0.01,0.03,0.0,0.2,0.1,3.0,0.3,0.062,39,81,0.0,0.16326530612244897,47,19,1,0,47,5|5|17|5|7|2,network_wide,117
random-sparse,50,0.01,0.03,0.0,0.2,0.1,3.0,0.3,0.062,40,82,0.0,0.1836734693877551,46,19,3,0,46,4|5|16|5|7|3,network_wide,108
random-sparse,50,0.01,0.03,0.0,0.2,0.1,3.0,0.3,0.062,41,83,0.0,0.16326530612244897,45,19,1,0,45,4|5|17|5|7|4,network_wide,105
random-sparse,50,0.01,0.03,0.0,0.2,0.1,3.0,0.3,0.062,42,84,0.0,0.16326530612244897,44,19,3,0,44,2|5|17|5|7|5,network_wide,131
random-sparse,50,0.01,0.03,0.0,0.2,0.1,3.0,0.3,0.062,43,85,0.0,0.1836734693877551,43,19,1,0,43,1|5|16|5|7|6,network_wide,110
random-sparse,50,0.01,0.03,0.0,0.2,0.1,3.0,0.3,0.062,44,86,0.0,0.16326530612244897,42,20,3,0,42,1|5|17|5|7|7,network_wide,124
random-sparse,50,0.01,0.03,0.0,0.2,0.1,3.0,0.3,0.062,45,87,0.0,0.14285714285714285,41,19,1,0,41,5|17|5|7|8,network_wide,126
random-sparse,50,0.01,0.03,0.0,0.2,0.1,3.0,0.3,0.062,46,88,0.0,0.12244897959183673,40,10,4,0,40,5|17|5|7|9,network_wide,107
random-sparse,50,0.01,0.03,0.0,0.2,0.1,3.0,0.3,0.062,47,89,0.0,0.10204081632653061,39,9,3,0,39,5|17|5|7|10,network_wide,117
random-sparse,50,0.01,0.03,0.0,0.2,0.1,3.0,0.3,0.062,48,90,0.0,0.12244897959183673,49,9,1,0,49,4|17|5|7|10,network_wide,124
random-sparse,50,0.01,0.03,0.0,0.2,0.1,3.0,0.3,0.062,49,91,0.0,0.12244897959183673,48,10,1,0,48,3|17|5|7|10|1,network_wide,116
random-sparse,50,0.01,0.03,0.0,0.2,0.1,3.0,0.3,0.064,0,42,0.0,0.22448979591836735,47,19,4,1,47,3|4|5|1|7|2|4|1|1|8|2,network_wide,111
random-sparse,50,0.01,0.03,0.0,0.2,0.1,3.0,0.3,0.064,1,43,0.0,0.2653061224489796,46,19,5,1,46,2|3|5|1|7|2|4|1|1|7|3,network_wide,125
random-sparse,50,0.01,0.03,0.0,0.2,0.1,3.0,0.3,0.064,2,44,0.0,0.24489795918367346,45,19,4,1,45,2|3|5|1|7|2|4|1|1|8|4,network_wide,133
random-sparse,50,0.01,0.03,0.0,0.2,0.1,3.0,0.3,0.064,3,45,0.0,0.2653061224489796,44,19,4,1,44,1|3|5|1|7|2|4|1|1|7|5,network_wide,120
random-sparse,50,0.01,0.03,0.0,0.2,0.1,3.0,0.3,0.064,4,46,0.0,0.2653061224489796,49,19,4,1,49,3|5|1|7|2|4|1|1|7|5,network_wide,123
random-sparse,50,0.01,0.03,0.0,0.2,0.1,3.0,0.3,0.064,5,47,0.0,0.22448979591836735,48,19,5,1,48,3|5|1|7|2|4|1|1|8|5|1,network_wide,125
random-sparse,50,0.01,0.03,0.0,0.2,0.1,3.0,0.3,0.064,6,48,0.0,0.24489795918367346,47,19,4,1,47,3|5|1|7|2|4|1|1|7|5|2,network_wide,111
random-sparse,50,0.01,0.03,0.0,0.2,0.1,3.0,0.3,0.064,7,49,0.0,0.22448979591836735,46,19,5,1,46,1|5|1|7|2|4|1|9|5|3,network_wide,116
random-sparse,50,0.01,0.03,0.0,0.2,0.1,3.0,0.3,0.064,8,50,0.0,0.24489795918367346,45,19,5,1,45,1|5|1|7|2|4|1|1|7|5|4,network_wide,110
random-sparse,50,0.01,0.03,0.0,0.2,0.1,3.0,0.3,0.064,9,51,0.0,0.22448979591836735,44,19,5,1,44,5|1|7|2|4|1|1|7|5|5,network_wide,132
random-sparse,50,0.01,0.03,0.0,0.2,0.1,3.0,0.3,0.064,10,52,0.0,0.22448979591836735,43,19,6,1,43,4|1|7|2|4|9|5|6,network_wide,127
random-sparse,50,0.01,0.03,0.0,0.2,0.1,3.0,0.3,0.064,11,53,0.0,0.22448979591836735,42,19,5,1,42,3|1|7|2|4|9|5|7,network_wide,114
random-sparse,50,0.01,0.03,0.0,0.2,0.1,3.0,0.3,0.064,12,54,0.0,0.22448979591836735,41,19,6,1,41,3|1|7|2|4|1|1|7|5|8,network_wide,128
random-sparse,50,0.01,0.03,0.0,0.2,0.1,3.0,0.3,0.064,13,55,0.0,0.22448979591836735,40,19,5,1,40,1|1|7|2|4|1|1|7|5|9,network_wide,116
random-sparse,50,0.01,0.03,0.0,0.2,0.1,3.0,0.3,0.064,14,56,0.0,0.22448979591836735,39,19,5,1,39,1|1|7|2|4|1|1|7|5|10,network_wide,114
random-sparse,50,0.01,0.03,0.0,0.2,0.1,3.0,0.3,0.064,15,57,0.0,0.20408163265306123,38,19,16,1,38,1|7|2|4|1|1|7|5|11,network_wide,119
random-sparse,50,0.01,0.03,0.0,0.2,0.1,3.0,0.3,0.064,16,58,0.0,0.20408163265306123,37,19,16,1,37,1|7|2|4|1|8|5|12,network_wide,98
random-sparse,50,0.01,0.03,0.0,0.2,0.1,3.0,0.3,0.064,17,59,0.0,0.16326530612244897,36,19,16,0,36,7|2|4|1|1|8|5|13,network_wide,120
random-sparse,50,0.01,0.03,0.0,0.2,0.1,3.0,0.3,0.064,18,60,0.0,0.1836734693877551,35,19,16,0,35,7|2|4|1|1|7|5|14,network_wide,106
random-sparse,50,0.01,0.03,0.0,0.2,0.1,3.0,0.3,0.064,19,61,0.0,0.16326530612244897,34,19,16,0,34,6|2|4|10|5|15,network_wide,110
random-sparse,50,0.01,0.03,0.0,0.2,0.1,3.0,0.3,0.064,20,62,0.0,0.16326530612244897,33,19,16,0,33,5|2|4|1|9|5|16,network_wide,114
random-sparse,50,0.01,0.03,0.0,0.2,0.1,3.0,0.3,0.064,21,63,0.0,0.14285714285714285,32,19,16,0,32,4|2|4|1|10|5|17,network_wide,114
random-sparse,50,0.01,0.03,0.0,0.2,0.1,3.0,0.3,0.064,22,64,0.0,0.22448979591836735,49,19,1,1,49,3|2|4|1|7|5|17,network_wide,122
random-sparse,50,0.01,0.03,0.0,0.2,0.1,3.0,0.3,0.064,23,65,0.0,0.20408163265306123,48,19,3,1,48,2|2|4|1|9|5|16|1,network_wide,120
random-sparse,50,0.01,0.03,0.0,0.2,0.1,3.0,0.3,0.064,24,66,0.0,0.20408163265306123,47,19,3,1,47,1|2|4|1|9|5|16|2,network_wide,103
random-sparse,50,0.01,0.03,0.0,0.2,0.1,3.0,0.3,0.064,25,67,0.0,0.1836734693877551,46,19,1,0,46,2|4|1|1|7|5|17|3,network_wide,127
random-sparse,50,0.01,0.03,0.0,0.2,0.1,3.0,0.3,0.064,26,68,0.0,0.1836734693877551,45,19,1,0,45,1|4|1|1|7|5|17|4,network_wide,114
random-sparse,50,0.01,0.03,0.0,0.2,0.1,3.0,0.3,0.064,27,69,0.0,0.1836734693877551,44,19,1,0,44,1|4|1|9|5|16|5,network_wide,105
random-sparse,50,0.01,0.03,0.0,0.2,0.1,3.0,0.3,0.064,28,70,0.0,0.1836734693877551,43,19,1,0,43,4|1|1|7|5|16|6,network_wide,125
random-sparse,50,0.01,0.03,0.0,0.2,0.1,3.0,0.3,0.064,29,71,0.0,0.1836734693877551,49,19,3,0,49,3|10|5|17|5,network_wide,116
random-sparse,50,0.01,0.03,0.0,0.2,0.1,3.0,0.3,0.064,30,72,0.0,0.20408163265306123,48,19,1,1,48,2|1|9|5|16|5|1,network_wide,108
random-sparse,50,0.01,0.03,0.0,0.2,0.1,3.0,0.3,0.064,31,73,0.0,0.20408163265306123,47,19,3,1,47,2|1|1|7|5|17|5|2,network_wide,111
random-sparse,50,0.01,0.03,0.0,0.2,0.1,3.0,0.3,0.064,32,74,0.0,0.16326530612244897,46,19,1,0,46,1|9|5|17|6|3,network_wide,108
random-sparse,50,0.01,0.03,0.0,0.2,0.1,3.0,0.3,0.064,33,75,0.0,0.20408163265306123,45,19,1,1,45,1|7|5|17|5|4,network_wide,128
random-sparse,50,0.01,0.03,0.0,0.2,0.1,3.0,0.3,0.064,34,76,0.0,0.16326530612244897,44,19,1,0,44,10|5|16|5|5,network_wide,111
random-sparse,50,0.01,0.03,0.0,0.2,0.1,3.0,0.3,0.064,35,77,0.0,0.16326530612244897,43,19,1,0,43,9|5|16|5|6,network_wide,131
random-sparse,50,0.01,0.03,0.0,0.2,0.1,3.0,0.3,0.064,36,78,0.0,0.16326530612244897,42,19,1,0,42,8|5|16|5|7,network_wide,110
random-sparse,50,0.01,0.03,0.0,0.2,0.1,3.0,0.3,0.064,37,79,0.0,0.16326530612244897,49,19,1,0,49,8|5|17|5|7,network_wide,111
random-sparse,50,0.01,0.03,0.0,0.2,0.1,3.0,0.3,0.064,38,80,0.0,0.1836734693877551,48,19,4,0,48,6|5|16|5|7|1,network_wide,110
random-sparse,50,0.01,0.03,0.0,0.2,0.1,3.0,0.3,0.064,39,81,0.0,0.16326530612244897,47,19,1,0,47,5|5|17|5|7|2,network_wide,117
random-sparse,50,0.01,0.03,0.0,0.2,0.1,3.0,0.3,0.064,40,82,0.0,0.1836734693877551,46,19,3,0,46,4|5|16|5|7|3,network_wide,108
random-sparse,50,0.01,0.03,0.0,0.2,0.1,3.0,0.3,0.064,41,83,0.0,0.16326530612244897,45,19,1,0,45,4|5|17|5|7|4,network_wide,105
random-sparse,50,0.01,0.03,0.0,0.2,0.1,3.0,0.3,0.064,42,84,0.0,0.16326530612244897,44,19,3,0,44,2|5|17|5|7|5,network_wide,131
random-sparse,50,0.01,0.03,0.0,0.2,0.1,3.0,0.3,0.064,43,85,0.0,0.16326530612244897,43,19,1,0,43,1|5|17|5|7|6,network_wide,110
random-sparse,50,0.01,0.03,0.0,0.2,0.1,3.0,0.3,0.064,44,86,0.0,0.16326530612244897,42,19,3,0,42,1|5|17|5|7|7,network_wide,124
random-sparse,50,0.01,0.03,0.0,0.2,0.1,3.0,0.3,0.064,45,87,0.0,0.14285714285714285,41,19,1,0,41,5|17|5|7|8,network_wide,126
random-sparse,50,0.01,0.03,0.0,0.2,0.1,3.0,0.3,0.064,46,88,0.0,0.12244897959183673,40,10,4,0,40,5|17|5|7|9,network_wide,107
random-sparse,50,0.01,0.03,0.0,0.2,0.1,3.0,0.3,0.064,47,89,0.0,0.10204081632653061,39,10,3,0,39,5|17|5|7|10,network_wide,117
random-sparse,50,0.01,0.03,0.0,0.2,0.1,3.0,0.3,0.064,48,90,0.0,0.12244897959183673,49,10,1,0,49,4|17|5|7|10,network_wide,124
random-sparse,50,0.01,0.03,0.0,0.2,0.1,3.0,0.3,0.064,49,91,0.0,0.12244897959183673,48,10,1,0,48,3|17|5|7|10|1,network_wide,116
random-sparse,50,0.01,0.03,0.0,0.2,0.1,3.0,0.3,0.066,0,42,0.0,0.24489795918367346,47,19,4,1,47,3|3|5|1|7|2|4|1|9|2,network_wide,111
random-sparse,50,0.01,0.03,0.0,0.2,0.1,3.0,0.3,0.066,1,43,0.0,0.24489795918367346,46,19,5,1,46,2|3|5|1|7|2|4|1|9|3,network_wide,125
random-sparse,50,0.01,0.03,0.0,0.2,0.1,3.0,0.3,0.066,2,44,0.0,0.2653061224489796,45,19,4,1,45,2|3|5|1|7|2|4|9|4,network_wide,133
random-sparse,50,0.01,0.03,0.0,0.2,0.1,3.0,0.3,0.066,3,45,0.0,0.24489795918367346,44,19,4,1,44,1|3|5|1|7|2|4|1|9|5,network_wide,120
random-sparse,50,0.01,0.03,0.0,0.2,0.1,3.0,0.3,0.066,4,46,0.0,0.24489795918367346,49,19,4,1,49,3|5|1|7|2|4|1|9|5,network_wide,123
random-sparse,50,0.01,0.03,0.0,0.2,0.1,3.0,0.3,0.066,5,47,0.0,0.22448979591836735,48,19,5,1,48,3|5|1|7|2|4|1|9|5|1,network_wide,125
random-sparse,50,0.01,0.03,0.0,0.2,0.1,3.0,0.3,0.066,6,48,0.0,0.24489795918367346,47,19,4,1,47,3|5|1|7|2|4|1|1|7|5|2,network_wide,111
random-sparse,50,0.01,0.03,0.0,0.2,0.1,3.0,0.3,0.066,7,49,0.0,0.22448979591836735,46,19,5,1,46,1|5|1|7|2|4|1|9|5|3,network_wide,116
random-sparse,50,0.01,0.03,0.0,0.2,0.1,3.0,0.3,0.066,8,50,0.0,0.22448979591836735,45,19,5,1,45,1|5|1|7|2|4|1|9|5|4,network_wide,110
random-sparse,50,0.01,0.03,0.0,0.2,0.1,3.0,0.3,0.066,9,51,0.0,0.20408163265306123,44,19,5,1,44,5|1|7|2|4|1|9|5|5,network_wide,132
random-sparse,50,0.01,0.03,0.0,0.2,0.1,3.0,0.3,0.066,10,52,0.0,0.22448979591836735,43,19,6,1,43,4|1|7|2|4|9|5|6,network_wide,127
random-sparse,50,0.01,0.03,0.0,0.2,0.1,3.0,0.3,0.066,11,53,0.0,0.20408163265306123,42,19,5,1,42,3|1|7|2|4|10|5|7,network_wide,114
random-sparse,50,0.01,0.03,0.0,0.2,0.1,3.0,0.3,0.066,12,54,0.0,0.20408163265306123,41,19,6,1,41,3|1|7|2|4|1|9|5|8,network_wide,128
random-sparse,50,0.01,0.03,0.0,0.2,0.1,3.0,0.3,0.066,13,55,0.0,0.20408163265306123,40,19,5,1,40,1|1|7|2|4|1|9|5|9,network_wide,116
random-sparse,50,0.01,0.03,0.0,0.2,0.1,3.0,0.3,0.066,14,56,0.0,0.20408163265306123,39,19,5,1,39,1|1|7|2|4|1|9|5|10,network_wide,114
random-sparse,50,0.01,0.03,0.0,0.2,0.1,3.0,0.3,0.066,15,57,0.0,0.22448979591836735,38,19,16,1,38,1|7|2|4|1|7|5|11,network_wide,119
random-sparse,50,0.01,0.03,0.0,0.2,0.1,3.0,0.3,0.066,16,58,0.0,0.20408163265306123,37,19,16,1,37,1|7|2|4|9|5|12,network_wide,98
random-sparse,50,0.01,0.03,0.0,0.2,0.1,3.0,0.3,0.066,17,59,0.0,0.16326530612244897,36,19,16,0,36,7|2|4|1|9|5|13,network_wide,120
random-sparse,50,0.01,0.03,0.0,0.2,0.1,3.0,0.3,0.066,18,60,0.0,0.20408163265306123,35,19,16,1,35,7|2|4|1|7|5|14,network_wide,106
random-sparse,50,0.01,0.03,0.0,0.2,0.1,3.0,0.3,0.066,19,61,0.0,0.1836734693877551,34,19,16,0,34,6|2|4|9|5|15,network_wide,110
random-sparse,50,0.01,0.03,0.0,0.2,0.1,3.0,0.3,0.066,20,62,0.0,0.16326530612244897,33,19,16,0,33,5|2|4|1|9|5|16,network_wide,114
random-sparse,50,0.01,0.03,0.0,0.2,0.1,3.0,0.3,0.066,21,63,0.0,0.16326530612244897,32,19,16,0,32,4|2|4|1|9|5|17,network_wide,114
random-sparse,50,0.01,0.03,0.0,0.2,0.1,3.0,0.3,0.066,22,64,0.0,0.20408163265306123,49,19,1,1,49,3|2|4|9|5|17,network_wide,122
random-sparse,50,0.01,0.03,0.0,0.2,0.1,3.0,0.3,0.066,23,65,0.0,0.20408163265306123,48,19,3,1,48,2|2|4|1|1|7|5|17|1,network_wide,120
random-sparse,50,0.01,0.03,0.0,0.2,0.1,3.0,0.3,0.066,24,66,0.0,0.20408163265306123,47,19,3,1,47,1|2|4|1|9|5|16|2,network_wide,103
random-sparse,50,0.01,0.03,0.0,0.2,0.1,3.0,0.3,0.066,25,67,0.0,0.16326530612244897,46,19,1,0,46,2|4|1|9|5|17|3,network_wide,127
random-sparse,50,0.01,0.03,0.0,0.2,0.1,3.0,0.3,0.066,26,68,0.0,0.16326530612244897,45,19,1,0,45,1|4|1|9|5|17|4,network_wide,114
random-sparse,50,0.01,0.03,0.0,0.2,0.1,3.0,0.3,0.066,27,69,0.0,0.16326530612244897,44,19,1,0,44,1|4|1|10|5|16|5,network_wide,105
random-sparse,50,0.01,0.03,0.0,0.2,0.1,3.0,0.3,0.066,28,70,0.0,0.16326530612244897,43,19,1,0,43,4|1|9|5|16|6,network_wide,125
random-sparse,50,0.01,0.03,0.0,0.2,0.1,3.0,0.3,0.066,29,71,0.0,0.20408163265306123,49,19,3,1,49,3|9|5|17|5,network_wide,116
random-sparse,50,0.01,0.03,0.0,0.2,0.1,3.0,0.3,0.066,30,72,0.0,0.1836734693877551,48,19,1,0,48,2|1|10|5|16|5|1,network_wide,108
random-sparse,50,0.01,0.03,0.0,0.2,0.1,3.0,0.3,0.066,31,73,0.0,0.1836734693877551,47,19,3,0,47,2|1|9|5|17|5|2,network_wide,111
random-sparse,50,0.01,0.03,0.0,0.2,0.1,3.0,0.3,0.066,32,74,0.0,0.16326530612244897,46,19,1,0,46,1|9|5|17|6|3,network_wide,108
random-sparse,50,0.01,0.03,0.0,0.2,0.1,3.0,0.3,0.066,33,75,0.0,0.1836734693877551,45,19,1,0,45,9|5|17|5|4,network_wide,128
random-sparse,50,0.01,0.03,0.0,0.2,0.1,3.0,0.3,0.066,34,76,0.0,0.14285714285714285,44,19,1,0,44,10|5|17|5|5,network_wide,111
random-sparse,50,0.01,0.03,0.0,0.2,0.1,3.0,0.3,0.066,35,77,0.0,0.16326530612244897,43,19,1,0,43,9|5|16|5|6,network_wide,131
random-sparse,50,0.01,0.03,0.0,0.2,0.1,3.0,0.3,0.066,36,78,0.0,0.16326530612244897,42,19,1,0,42,8|5|16|5|7,network_wide,110
random-sparse,50,0.01,0.03,0.0,0.2,0.1,3.0,0.3,0.066,37,79,0.0,0.16326530612244897,49,19,1,0,49,8|5|17|5|7,network_wide,111
random-sparse,50,0.01,0.03,0.0,0.2,0.1,3.0,0.3,0.066,38,80,0.0,0.1836734693877551,48,19,4,0,48,6|5|16|5|7|1,network_wide,110
random-sparse,50,0.01,0.03,0.0,0.2,0.1,3.0,0.3,0.066,39,81,0.0,0.16326530612244897,47,19,1,0,47,5|5|17|5|7|2,network_wide,117
random-sparse,50,0.01,0.03,0.0,0.2,0.1,3.0,0.3,0.066,40,82,0.0,0.1836734693877551,46,19,3,0,46,4|5|16|5|7|3,network_wide,108
random-sparse,50,0.01,0.03,0.0,0.2,0.1,3.0,0.3,0.066,41,83,0.0,0.14285714285714285,45,19,1,0,45,5|5|17|5|7|4,network_wide,105
random-sparse,50,0.01,0.03,0.0,0.2,0.1,3.0,0.3,0.066,42,84,0.0,0.14285714285714285,44,19,3,0,44,3|5|17|5|7|5,network_wide,131
random-sparse,50,0.01,0.03,0.0,0.2,0.1,3.0,0.3,0.066,43,85,0.0,0.16326530612244897,43,19,1,0,43,1|5|17|5|7|6,network_wide,110
random-sparse,50,0.01,0.03,0.0,0.2,0.1,3.0,0.3,0.066,44,86,0.0,0.16326530612244897,42,19,3,0,42,1|5|17|5|7|7,network_wide,124
random-sparse,50,0.01,0.03,0.0,0.2,0.1,3.0,0.3,0.066,45,87,0.0,0.14285714285714285,41,19,1,0,41,5|17|5|7|8,network_wide,126
random-sparse,50,0.01,0.03,0.0,0.2,0.1,3.0,0.3,0.066,46,88,0.0,0.12244897959183673,40,8,4,0,40,5|17|5|7|9,network_wide,107
random-sparse,50,0.01,0.03,0.0,0.2,0.1,3.0,0.3,0.066,47,89,0.0,0.10204081632653061,39,10,3,0,39,5|17|5|7|10,network_wide,117
random-sparse,50,0.01,0.03,0.0,0.2,0.1,3.0,0.3,0.066,48,90,0.0,0.12244897959183673,49,10,1,0,49,4|17|5|7|10,network_wide,124
random-sparse,50,0.01,0.03,0.0,0.2,0.1,3.0,0.3,0.066,49,91,0.0,0.12244897959183673,48,10,1,0,48,3|17|5|7|10|1,network_wide,116
random-sparse,50,0.01,0.03,0.0,0.2,0.1,3.0,0.3,0.068,0,42,0.0,0.22448979591836735,47,19,4,1,47,3|4|5|1|7|2|4|1|9|2,network_wide,111
random-sparse,50,0.01,0.03,0.0,0.2,0.1,3.0,0.3,0.068,1,43,0.0,0.24489795918367346,46,19,5,1,46,2|3|5|1|7|2|4|1|9|3,network_wide,125
random-sparse,50,0.01,0.03,0.0,0.2,0.1,3.0,0.3,0.068,2,44,0.0,0.24489795918367346,45,19,4,1,45,2|3|5|1|7|2|4|1|9|4,network_wide,133
random-sparse,50,0.01,0.03,0.0,0.2,0.1,3.0,0.3,0.068,3,45,0.0,0.22448979591836735,44,19,4,1,44,1|4|5|1|7|2|4|1|9|5,network_wide,120
random-sparse,50,0.01,0.03,0.0,0.2,0.1,3.0,0.3,0.068,4,46,0.0,0.24489795918367346,49,19,4,1,49,3|5|1|7|2|4|1|9|5,network_wide,123
random-sparse,50,0.01,0.03,0.0,0.2,0.1,3.0,0.3,0.068,5,47,0.0,0.22448979591836735,48,19,5,1,48,3|5|1|7|2|4|1|9|5|1,network_wide,125
random-sparse,50,0.01,0.03,0.0,0.2,0.1,3.0,0.3,0.068,6,48,0.0,0.22448979591836735,47,19,4,1,47,3|5|1|7|2|4|1|9|5|2,network_wide,111
random-sparse,50,0.01,0.03,0.0,0.2,0.1,3.0,0.3,0.068,7,49,0.0,0.22448979591836735,46,19,5,1,46,1|5|1|7|2|4|1|9|5|3,network_wide,116
random-sparse,50,0.01,0.03,0.0,0.2,0.1,3.0,0.3,0.068,8,50,0.0,0.22448979591836735,45,19,5,1,45,1|5|1|7|2|4|1|9|5|4,network_wide,110
random-sparse,50,0.01,0.03,0.0,0.2,0.1,3.0,0.3,0.068,9,51,0.0,0.20408163265306123,44,19,5,1,44,5|1|7|2|4|1|9|5|5,network_wide,132
random-sparse,50,0.01,0.03,0.0,0.2,0.1,3.0,0.3,0.068,10,52,0.0,0.22448979591836735,43,19,6,1,43,4|1|7|2|4|9|5|6,network_wide,127
random-sparse,50,0.01,0.03,0.0,0.2,0.1,3.0,0.3,0.068,11,53,0.0,0.20408163265306123,42,19,5,1,42,3|1|7|2|4|1|9|5|7,network_wide,114
random-sparse,50,0.01,0.03,0.0,0.2,0.1,3.0,0.3,0.068,12,54,0.0,0.20408163265306123,41,19,6,1,41,3|1|7|2|4|1|9|5|8,network_wide,128
random-sparse,50,0.01,0.03,0.0,0.2,0.1,3.0,0.3,0.068,13,55,0.0,0.20408163265306123,40,19,5,1,40,1|1|7|2|4|1|9|5|9,network_wide,116
random-sparse,50,0.01,0.03,0.0,0.2,0.1,3.0,0.3,0.068,14,56,0.0,0.20408163265306123,39,19,5,1,39,1|1|7|2|4|1|9|5|10,network_wide,114
random-sparse,50,0.01,0.03,0.0,0.2,0.1,3.0,0.3,0.068,15,57,0.0,0.1836734693877551,38,19,16,0,38,1|7|2|4|1|9|5|11,network_wide,119
random-sparse,50,0.01,0.03,0.0,0.2,0.1,3.0,0.3,0.068,16,58,0.0,0.20408163265306123,37,19,16,1,37,1|7|2|4|9|5|12,network_wide,98
random-sparse,50,0.01,0.03,0.0,0.2,0.1,3.0,0.3,0.068,17,59,0.0,0.16326530612244897,36,19,16,0,36,7|2|4|1|9|5|13,network_wide,120
random-sparse,50,0.01,0.03,0.0,0.2,0.1,3.0,0.3,0.068,18,60,0.0,0.1836734693877551,35,19,16,0,35,7|2|4|9|5|14,network_wide,106
random-sparse,50,0.01,0.03,0.0,0.2,0.1,3.0,0.3,0.068,19,61,0.0,0.1836734693877551,34,19,16,0,34,6|2|4|9|5|15,network_wide,110
random-sparse,50,0.01,0.03,0.0,0.2,0.1,3.0,0.3,0.068,20,62,0.0,0.16326530612244897,33,19,16,0,33,5|2|4|1|9|5|16,network_wide,114
random-sparse,50,0.01,0.03,0.0,0.2,0.1,3.0,0.3,0.068,21,63,0.0,0.16326530612244897,32,19,16,0,32,4|2|4|1|9|5|17,network_wide,114
random-sparse,50,0.01,0.03,0.0,0.2,0.1,3.0,0.3,0.068,22,64,0.0,0.1836734693877551,49,19,1,0,49,3|2|4|1|9|5|17,network_wide,122
random-sparse,50,0.01,0.03,0.0,0.2,0.1,3.0,0.3,0.068,23,65,0.0,0.1836734693877551,48,19,3,0,48,2|2|4|1|9|5|17|1,network_wide,120
random-sparse,50,0.01,0.03,0.0,0.2,0.1,3.0,0.3,0.068,24,66,0.0,0.20408163265306123,47,19,3,1,47,1|2|4|1|9|5|16|2,network_wide,103
random-sparse,50,0.01,0.03,0.0,0.2,0.1,3.0,0.3,0.068,25,67,0.0,0.16326530612244897,46,19,1,0,46,2|4|1|9|5|17|3,network_wide,127
random-sparse,50,0.01,0.03,0.0,0.2,0.1,3.0,0.3,0.068,26,68,0.0,0.16326530612244897,45,19,1,0,45,1|4|1|9|5|17|4,network_wide,114
random-sparse,50,0.01,0.03,0.0,0.2,0.1,3.0,0.3,0.068,27,69,0.0,0.1836734693877551,44,19,1,0,44,1|4|1|9|5|16|5,network_wide,105
random-sparse,50,0.01,0.03,0.0,0.2,0.1,3.0,0.3,0.068,28,70,0.0,0.16326530612244897,43,19,1,0,43,4|1|9|5|16|6,network_wide,125
random-sparse,50,0.01,0.03,0.0,0.2,0.1,3.0,0.3,0.068,29,71,0.0,0.1836734693877551,49,19,3,0,49,3|9|5|17|6,network_wide,116
random-sparse,50,0.01,0.03,0.0,0.2,0.1,3.0,0.3,0.068,30,72,0.0,0.1836734693877551,48,19,1,0,48,2|1|9|5|16|6|1,network_wide,108
random-sparse,50,0.01,0.03,0.0,0.2,0.1,3.0,0.3,0.068,31,73,0.0,0.16326530612244897,47,19,3,0,47,2|1|9|5|17|6|2,network_wide,111
random-sparse,50,0.01,0.03,0.0,0.2,0.1,3.0,0.3,0.068,32,74,0.0,0.16326530612244897,46,19,1,0,46,1|9|5|17|6|3,network_wide,108
random-sparse,50,0.01,0.03,0.0,0.2,0.1,3.0,0.3,0.068,33,75,0.0,0.16326530612244897,45,19,1,0,45,9|5|17|6|4,network_wide,128
random-sparse,50,0.01,0.03,0.0,0.2,0.1,3.0,0.3,0.068,34,76,0.0,0.14285714285714285,44,19,1,0,44,9|5|17|6|5,network_wide,111
random-sparse,50,0.01,0.03,0.0,0.2,0.1,3.0,0.3,0.068,35,77,0.0,0.14285714285714285,43,19,1,0,43,9|5|16|6|6,network_wide,131
random-sparse,50,0.01,0.03,0.0,0.2,0.1,3.0,0.3,0.068,36,78,0.0,0.14285714285714285,42,19,1,0,42,8|5|16|6|7,network_wide,110
random-sparse,50,0.01,0.03,0.0,0.2,0.1,3.0,0.3,0.068,37,79,0.0,0.14285714285714285,49,19,1,0,49,8|5|17|6|7,network_wide,111
random-sparse,50,0.01,0.03,0.0,0.2,0.1,3.0,0.3,0.068,38,80,0.0,0.14285714285714285,48,19,75,0,48,6|5|16|7|7|1,network_wide,110
random-sparse,50,0.01,0.03,0.0,0.2,0.1,3.0,0.3,0.068,39,81,0.0,0.14285714285714285,47,19,1,0,47,5|5|17|6|7|2,network_wide,117
random-sparse,50,0.01,0.03,0.0,0.2,0.1,3.0,0.3,0.068,40,82,0.0,0.16326530612244897,46,19,3,0,46,4|5|16|6|7|3,network_wide,108
random-sparse,50,0.01,0.03,0.0,0.2,0.1,3.0,0.3,0.068,41,83,0.0,0.14285714285714285,45,19,1,0,45,4|5|17|6|7|4,network_wide,105
random-sparse,50,0.01,0.03,0.0,0.2,0.1,3.0,0.3,0.068,42,84,0.0,0.14285714285714285,44,19,3,0,44,2|5|17|6|7|5,network_wide,131
random-sparse,50,0.01,0.03,0.0,0.2,0.1,3.0,0.3,0.068,43,85,0.0,0.14285714285714285,43,19,1,0,43,1|5|17|6|7|6,network_wide,110
random-sparse,50,0.01,0.03,0.0,0.2,0.1,3.0,0.3,0.068,44,86,0.0,0.14285714285714285,42,19,3,0,42,1|5|17|6|7|7,network_wide,124
random-sparse,50,0.01,0.03,0.0,0.2,0.1,3.0,0.3,0.068,45,87,0.0,0.12244897959183673,41,19,1,0,41,5|17|6|7|8,network_wide,126
random-sparse,50,0.01,0.03,0.0,0.2,0.1,3.0,0.3,0.068,46,88,0.0,0.10204081632653061,40,8,4,0,40,5|17|6|7|9,network_wide,107
random-sparse,50,0.01,0.03,0.0,0.2,0.1,3.0,0.3,0.068,47,89,0.0,0.08163265306122448,39,10,3,0,39,5|17|6|7|10,network_wide,117
random-sparse,50,0.01,0.03,0.0,0.2,0.1,3.0,0.3,0.068,48,90,0.0,0.10204081632653061,49,10,1,0,49,4|17|6|7|10,network_wide,124
random-sparse,50,0.01,0.03,0.0,0.2,0.1,3.0,0.3,0.068,49,91,0.0,0.10204081632653061,48,10,1,0,48,3|17|6|7|10|1,network_wide,116
random-sparse,50,0.01,0.03,0.0,0.2,0.1,3.0,0.3,0.07,0,42,0.0,0.20408163265306123,47,19,4,1,47,3|4|5|1|7|2|4|1|10|2,network_wide,111
random-sparse,50,0.01,0.03,0.0,0.2,0.1,3.0,0.3,0.07,1,43,0.0,0.20408163265306123,46,19,5,1,46,2|4|5|1|7|2|4|1|10|3,network_wide,125
random-sparse,50,0.01,0.03,0.0,0.2,0.1,3.0,0.3,0.07,2,44,0.0,0.22448979591836735,45,19,4,1,45,2|4|5|1|7|2|4|10|4,network_wide,133
random-sparse,50,0.01,0.03,0.0,0.2,0.1,3.0,0.3,0.07,3,45,0.0,0.20408163265306123,44,19,4,1,44,1|4|5|1|7|2|4|1|10|5,network_wide,120
random-sparse,50,0.01,0.03,0.0,0.2,0.1,3.0,0.3,0.07,4,46,0.0,0.20408163265306123,49,19,5,1,49,4|5|1|7|2|4|1|10|5,network_wide,123
random-sparse,50,0.01,0.03,0.0,0.2,0.1,3.0,0.3,0.07,5,47,0.0,0.20408163265306123,48,19,5,1,48,3|5|1|7|2|4|1|10|5|1,network_wide,125
random-sparse,50,0.01,0.03,0.0,0.2,0.1,3.0,0.3,0.07,6,48,0.0,0.20408163265306123,47,19,4,1,47,3|5|1|7|2|4|1|10|5|2,network_wide,111
random-sparse,50,0.01,0.03,0.0,0.2,0.1,3.0,0.3,0.07,7,49,0.0,0.22448979591836735,46,19,5,1,46,1|5|1|7|2|4|1|9|5|3,network_wide,116
random-sparse,50,0.01,0.03,0.0,0.2,0.1,3.0,0.3,0.07,8,50,0.0,0.20408163265306123,45,19,5,1,45,1|5|1|7|2|4|1|10|5|4,network_wide,110
random-sparse,50,0.01,0.03,0.0,0.2,0.1,3.0,0.3,0.07,9,51,0.0,0.1836734693877551,44,19,5,0,44,5|1|7|2|4|1|10|5|5,network_wide,132
random-sparse,50,0.01,0.03,0.0,0.2,0.1,3.0,0.3,0.07,10,52,0.0,0.1836734693877551,43,19,16,0,43,6|7|2|4|10|5|6,network_wide,127
random-sparse,50,0.01,0.03,0.0,0.2,0.1,3.0,0.3,0.07,11,53,0.0,0.1836734693877551,42,19,5,0,42,3|1|7|2|4|1|10|5|7,network_wide,114
random-sparse,50,0.01,0.03,0.0,0.2,0.1,3.0,0.3,0.07,12,54,0.0,0.1836734693877551,41,19,6,0,41,3|1|7|2|4|1|10|5|8,network_wide,128
random-sparse,50,0.01,0.03,0.0,0.2,0.1,3.0,0.3,0.07,13,55,0.0,0.22448979591836735,40,19,6,1,40,1|1|7|2|4|9|5|9,network_wide,116
random-sparse,50,0.01,0.03,0.0,0.2,0.1,3.0,0.3,0.07,14,56,0.0,0.1836734693877551,39,19,5,0,39,1|1|7|2|4|1|10|5|10,network_wide,114
random-sparse,50,0.01,0.03,0.0,0.2,0.1,3.0,0.3,0.07,15,57,0.0,0.16326530612244897,38,19,16,0,38,1|7|2|4|1|10|5|11,network_wide,119
random-sparse,50,0.01,0.03,0.0,0.2,0.1,3.0,0.3,0.07,16,58,0.0,0.1836734693877551,37,19,16,0,37,1|7|2|4|10|5|12,network_wide,98
random-sparse,50,0.01,0.03,0.0,0.2,0.1,3.0,0.3,0.07,17,59,0.0,0.14285714285714285,36,19,47,0,36,7|2|4|1|10|5|13,network_wide,120
random-sparse,50,0.01,0.03,0.0,0.2,0.1,3.0,0.3,0.07,18,60,0.0,0.16326530612244897,35,19,47,0,35,7|2|4|10|5|14,network_wide,106
random-sparse,50,0.01,0.03,0.0,0.2,0.1,3.0,0.3,0.07,19,61,0.0,0.16326530612244897,34,19,16,0,34,6|2|4|10|5|15,network_wide,110
random-sparse,50,0.01,0.03,0.0,0.2,0.1,3.0,0.3,0.07,20,62,0.0,0.14285714285714285,33,19,47,0,33,5|2|4|1|10|5|16,network_wide,114
random-sparse,50,0.01,0.03,0.0,0.2,0.1,3.0,0.3,0.07,21,63,0.0,0.16326530612244897,49,19,16,0,49,4|2|4|1|10|5|16,network_wide,114
random-sparse,50,0.01,0.03,0.0,0.2,0.1,3.0,0.3,0.07,22,64,0.0,0.1836734693877551,49,19,1,0,49,3|2|4|10|5|17,network_wide,122
random-sparse,50,0.01,0.03,0.0,0.2,0.1,3.0,0.3,0.07,23,65,0.0,0.1836734693877551,48,19,3,0,48,2|2|4|10|5|17|1,network_wide,120
random-sparse,50,0.01,0.03,0.0,0.2,0.1,3.0,0.3,0.07,24,66,0.0,0.1836734693877551,47,19,3,0,47,1|2|4|1|10|5|16|2,network_wide,103
random-sparse,50,0.01,0.03,0.0,0.2,0.1,3.0,0.3,0.07,25,67,0.0,0.14285714285714285,46,19,1,0,46,2|4|1|10|5|17|3,network_wide,127
random-sparse,50,0.01,0.03,0.0,0.2,0.1,3.0,0.3,0.07,26,68,0.0,0.14285714285714285,45,19,1,0,45,1|4|1|10|5|17|4,network_wide,114
random-sparse,50,0.01,0.03,0.0,0.2,0.1,3.0,0.3,0.07,27,69,0.0,0.16326530612244897,44,19,1,0,44,1|4|1|10|5|16|5,network_wide,105
random-sparse,50,0.01,0.03,0.0,0.2,0.1,3.0,0.3,0.07,28,70,0.0,0.16326530612244897,43,19,1,0,43,4|1|9|5|16|6,network_wide,125
random-sparse,50,0.01,0.03,0.0,0.2,0.1,3.0,0.3,0.07,29,71,0.0,0.16326530612244897,49,19,3,0,49,3|10|5|17|6,network_wide,116
random-sparse,50,0.01,0.03,0.0,0.2,0.1,3.0,0.3,0.07,30,72,0.0,0.16326530612244897,48,19,1,0,48,2|1|10|5|16|6|1,network_wide,108
random-sparse,50,0.01,0.03,0.0,0.2,0.1,3.0,0.3,0.07,31,73,0.0,0.14285714285714285,47,19,3,0,47,2|1|10|5|17|6|2,network_wide,111
random-sparse,50,0.01,0.03,0.0,0.2,0.1,3.0,0.3,0.07,32,74,0.0,0.14285714285714285,46,19,1,0,46,1|10|5|17|6|3,network_wide,108
random-sparse,50,0.01,0.03,0.0,0.2,0.1,3.0,0.3,0.07,33,75,0.0,0.14285714285714285,45,19,1,0,45,10|5|17|6|4,network_wide,128
random-sparse,50,0.01,0.03,0.0,0.2,0.1,3.0,0.3,0.07,34,76,0.0,0.12244897959183673,44,19,1,0,44,10|5|17|6|5,network_wide,111
random-sparse,50,0.01,0.03,0.0,0.2,0.1,3.0,0.3,0.07,35,77,0.0,0.12244897959183673,43,19,1,0,43,10|5|16|6|6,network_wide,131
random-sparse,50,0.01,0.03,0.0,0.2,0.1,3.0,0.3,0.07,36,78,0.0,0.12244897959183673,42,19,1,0,42,9|5|16|6|7,network_wide,110
random-sparse,50,0.01,0.03,0.0,0.2,0.1,3.0,0.3,0.07,37,79,0.0,0.12244897959183673,49,19,1,0,49,9|5|17|6|7,network_wide,111
random-sparse,50,0.01,0.03,0.0,0.2,0.1,3.0,0.3,0.07,38,80,0.0,0.10204081632653061,48,19,75,0,48,7|5|24|7|1,network_wide,110
random-sparse,50,0.01,0.03,0.0,0.2,0.1,3.0,0.3,0.07,39,81,0.0,0.12244897959183673,47,19,1,0,47,6|5|17|6|7|2,network_wide,117
random-sparse,50,0.01,0.03,0.0,0.2,0.1,3.0,0.3,0.07,40,82,0.0,0.12244897959183673,46,19,3,0,46,5|5|17|6|7|3,network_wide,108
random-sparse,50,0.01,0.03,0.0,0.2,0.1,3.0,0.3,0.07,41,83,0.0,0.12244897959183673,45,19,1,0,45,5|5|17|6|7|4,network_wide,105
random-sparse,50,0.01,0.03,0.0,0.2,0.1,3.0,0.3,0.07,42,84,0.0,0.12244897959183673,44,19,3,0,44,3|5|17|6|7|5,network_wide,131
random-sparse,50,0.01,0.03,0.0,0.2,0.1,3.0,0.3,0.07,43,85,0.0,0.12244897959183673,43,19,1,0,43,2|5|17|6|7|6,network_wide,110
random-sparse,50,0.01,0.03,0.0,0.2,0.1,3.0,0.3,0.07,44,86,0.0,0.12244897959183673,42,19,3,0,42,2|5|17|6|7|7,network_wide,124
random-sparse,50,0.01,0.03,0.0,0.2,0.1,3.0,0.3,0.07,45,87,0.0,0.12244897959183673,41,19,1,0,41,5|17|6|7|8,network_wide,126
random-sparse,50,0.01,0.03,0.0,0.2,0.1,3.0,0.3,0.07,46,88,0.0,0.10204081632653061,40,7,4,0,40,5|17|6|7|9,network_wide,107
random-sparse,50,0.01,0.03,0.0,0.2,0.1,3.0,0.3,0.07,47,89,0.0,0.08163265306122448,39,7,3,0,39,5|17|6|7|10,network_wide,117
random-sparse,50,0.01,0.03,0.0,0.2,0.1,3.0,0.3,0.07,48,90,0.0,0.10204081632653061,49,10,1,0,49,4|17|6|7|10,network_wide,124
random-sparse,50,0.01,0.03,0.0,0.2,0.1,3.0,0.3,0.07,49,91,0.0,0.10204081632653061,48,10,1,0,48,3|17|6|7|10|1,network_wide,116
random-sparse,50,0.01,0.03,0.0,0.2,0.1,3.0,0.3,0.072,0,42,0.0,0.1836734693877551,46,12,4,0,46,3|4|5|1|7|2|4|1|10|3,network_wide,111
random-sparse,50,0.01,0.03,0.0,0.2,0.1,3.0,0.3,0.072,1,43,0.0,0.1836734693877551,45,12,5,0,45,2|4|5|1|7|2|4|1|10|4,network_wide,125
random-sparse,50,0.01,0.03,0.0,0.2,0.1,3.0,0.3,0.072,2,44,0.0,0.20408163265306123,44,12,4,1,44,2|4|5|1|7|2|4|10|5,network_wide,133
random-sparse,50,0.01,0.03,0.0,0.2,0.1,3.0,0.3,0.072,3,45,0.0,0.1836734693877551,43,12,4,0,43,1|4|5|1|7|2|4|1|10|6,network_wide,120
random-sparse,50,0.01,0.03,0.0,0.2,0.1,3.0,0.3,0.072,4,46,0.0,0.16326530612244897,49,12,5,0,49,4|5|9|2|4|1|10|6,network_wide,123
random-sparse,50,0.01,0.03,0.0,0.2,0.1,3.0,0.3,0.072,5,47,0.0,0.16326530612244897,48,12,5,0,48,3|5|9|2|4|1|10|6|1,network_wide,125
random-sparse,50,0.01,0.03,0.0,0.2,0.1,3.0,0.3,0.072,6,48,0.0,0.16326530612244897,47,12,4,0,47,3|5|9|2|4|1|10|6|2,network_wide,111
random-sparse,50,0.01,0.03,0.0,0.2,0.1,3.0,0.3,0.072,7,49,0.0,0.16326530612244897,46,12,5,0,46,1|5|9|2|4|1|10|6|3,network_wide,116
random-sparse,50,0.01,0.03,0.0,0.2,0.1,3.0,0.3,0.072,8,50,0.0,0.1836734693877551,45,12,5,0,45,1|5|9|2|4|10|6|4,network_wide,110
random-sparse,50,0.01,0.03,0.0,0.2,0.1,3.0,0.3,0.072,9,51,0.0,0.16326530612244897,44,12,5,0,44,5|9|2|4|10|6|5,network_wide,132
random-sparse,50,0.01,0.03,0.0,0.2,0.1,3.0,0.3,0.072,10,52,0.0,0.16326530612244897,43,12,38,0,43,6|7|2|4|10|6|6,network_wide,127
random-sparse,50,0.01,0.03,0.0,0.2,0.1,3.0,0.3,0.072,11,53,0.0,0.16326530612244897,42,12,5,0,42,3|9|2|4|10|6|7,network_wide,114
random-sparse,50,0.01,0.03,0.0,0.2,0.1,3.0,0.3,0.072,12,54,0.0,0.16326530612244897,41,12,6,0,41,3|1|7|2|4|1|10|6|8,network_wide,128
random-sparse,50,0.01,0.03,0.0,0.2,0.1,3.0,0.3,0.072,13,55,0.0,0.1836734693877551,40,12,6,0,40,1|1|7|2|4|10|6|9,network_wide,116
random-sparse,50,0.01,0.03,0.0,0.2,0.1,3.0,0.3,0.072,14,56,0.0,0.1836734693877551,39,12,5,0,39,1|1|7|2|4|10|6|10,network_wide,114
random-sparse,50,0.01,0.03,0.0,0.2,0.1,3.0,0.3,0.072,15,57,0.0,0.16326530612244897,38,12,16,0,38,1|7|2|4|10|6|11,network_wide,119
random-sparse,50,0.01,0.03,0.0,0.2,0.1,3.0,0.3,0.072,16,58,0.0,0.16326530612244897,37,12,16,0,37,1|7|2|4|10|6|12,network_wide,98
random-sparse,50,0.01,0.03,0.0,0.2,0.1,3.0,0.3,0.072,17,59,0.0,0.12244897959183673,36,12,47,0,36,7|2|4|1|10|6|13,network_wide,120
random-sparse,50,0.01,0.03,0.0,0.2,0.1,3.0,0.3,0.072,18,60,0.0,0.14285714285714285,35,12,47,0,35,7|2|4|10|6|14,network_wide,106
random-sparse,50,0.01,0.03,0.0,0.2,0.1,3.0,0.3,0.072,19,61,0.0,0.14285714285714285,34,12,16,0,34,6|2|4|10|6|15,network_wide,110
random-sparse,50,0.01,0.03,0.0,0.2,0.1,3.0,0.3,0.072,20,62,0.0,0.12244897959183673,33,12,47,0,33,5|2|4|1|10|6|16,network_wide,114
random-sparse,50,0.01,0.03,0.0,0.2,0.1,3.0,0.3,0.072,21,63,0.0,0.12244897959183673,32,12,16,0,32,4|2|4|1|10|6|17,network_wide,114
random-sparse,50,0.01,0.03,0.0,0.2,0.1,3.0,0.3,0.072,22,64,0.0,0.14285714285714285,49,12,1,0,49,3|2|4|1|10|6|17,network_wide,122
random-sparse,50,0.01,0.03,0.0,0.2,0.1,3.0,0.3,0.072,23,65,0.0,0.16326530612244897,48,12,3,0,48,2|2|4|10|6|17|1,network_wide,120
random-sparse,50,0.01,0.03,0.0,0.2,0.1,3.0,0.3,0.072,24,66,0.0,0.14285714285714285,47,12,3,0,47,1|2|4|1|10|6|17|2,network_wide,103
random-sparse,50,0.01,0.03,0.0,0.2,0.1,3.0,0.3,0.072,25,67,0.0,0.12244897959183673,46,12,1,0,46,2|4|1|10|6|17|3,network_wide,127
random-sparse,50,0.01,0.03,0.0,0.2,0.1,3.0,0.3,0.072,26,68,0.0,0.12244897959183673,45,12,1,0,45,1|4|1|10|6|17|4,network_wide,114
random-sparse,50,0.01,0.03,0.0,0.2,0.1,3.0,0.3,0.072,27,69,0.0,0.12244897959183673,44,12,1,0,44,1|4|1|10|6|17|5,network_wide,105
random-sparse,50,0.01,0.03,0.0,0.2,0.1,3.0,0.3,0.072,28,70,0.0,0.10204081632653061,43,12,1,0,43,4|1|10|6|17|6,network_wide,125
random-sparse,50,0.01,0.03,0.0,0.2,0.1,3.0,0.3,0.072,29,71,0.0,0.14285714285714285,49,12,3,0,49,3|10|6|17|6,network_wide,116
random-sparse,50,0.01,0.03,0.0,0.2,0.1,3.0,0.3,0.072,30,72,0.0,0.12244897959183673,48,12,1,0,48,2|1|10|6|17|6|1,network_wide,108
random-sparse,50,0.01,0.03,0.0,0.2,0.1,3.0,0.3,0.072,31,73,0.0,0.12244897959183673,47,12,3,0,47,2|1|10|6|17|6|2,network_wide,111
random-sparse,50,0.01,0.03,0.0,0.2,0.1,3.0,0.3,0.072,32,74,0.0,0.12244897959183673,46,12,1,0,46,1|10|6|17|6|3,network_wide,108
random-sparse,50,0.01,0.03,0.0,0.2,0.1,3.0,0.3,0.072,33,75,0.0,0.12244897959183673,45,12,1,0,45,10|6|17|6|4,network_wide,128
random-sparse,50,0.01,0.03,0.0,0.2,0.1,3.0,0.3,0.072,34,76,0.0,0.10204081632653061,44,12,1,0,44,1|10|6|17|6|5,network_wide,111
random-sparse,50,0.01,0.03,0.0,0.2,0.1,3.0,0.3,0.072,35,77,0.0,0.08163265306122448,43,12,1,0,43,10|6|17|6|6,network_wide,131
random-sparse,50,0.01,0.03,0.0,0.2,0.1,3.0,0.3,0.072,36,78,0.0,0.08163265306122448,42,12,1,0,42,9|6|17|6|7,network_wide,110
random-sparse,50,0.01,0.03,0.0,0.2,0.1,3.0,0.3,0.072,37,79,0.0,0.10204081632653061,49,12,1,0,49,9|6|17|6|7,network_wide,111
random-sparse,50,0.01,0.03,0.0,0.2,0.1,3.0,0.3,0.072,38,80,0.0,0.08163265306122448,48,12,75,0,48,8|6|24|7|1,network_wide,110
random-sparse,50,0.01,0.03,0.0,0.2,0.1,3.0,0.3,0.072,39,81,0.0,0.10204081632653061,47,12,1,0,47,6|6|17|6|7|2,network_wide,117
random-sparse,50,0.01,0.03,0.0,0.2,0.1,3.0,0.3,0.072,40,82,0.0,0.10204081632653061,46,12,4,0,46,5|6|17|6|7|3,network_wide,108
random-sparse,50,0.01,0.03,0.0,0.2,0.1,3.0,0.3,0.072,41,83,0.0,0.10204081632653061,45,12,1,0,45,5|6|17|6|7|4,network_wide,105
random-sparse,50,0.01,0.03,0.0,0.2,0.1,3.0,0.3,0.072,42,84,0.0,0.10204081632653061,44,12,3,0,44,3|6|17|6|7|5,network_wide,131
random-sparse,50,0.01,0.03,0.0,0.2,0.1,3.0,0.3,0.072,43,85,0.0,0.10204081632653061,43,12,1,0,43,2|6|17|6|7|6,network_wide,110
random-sparse,50,0.01,0.03,0.0,0.2,0.1,3.0,0.3,0.072,44,86,0.0,0.10204081632653061,42,12,3,0,42,2|6|17|6|7|7,network_wide,124
random-sparse,50,0.01,0.03,0.0,0.2,0.1,3.0,0.3,0.072,45,87,0.0,0.10204081632653061,41,12,1,0,41,1|6|17|6|7|8,network_wide,126
random-sparse,50,0.01,0.03,0.0,0.2,0.1,3.0,0.3,0.072,46,88,0.0,0.08163265306122448,40,7,4,0,40,6|17|6|7|9,network_wide,107
random-sparse,50,0.01,0.03,0.0,0.2,0.1,3.0,0.3,0.072,47,89,0.0,0.08163265306122448,39,7,3,0,39,5|17|6|7|10,network_wide,117
random-sparse,50,0.01,0.03,0.0,0.2,0.1,3.0,0.3,0.072,48,90,0.0,0.10204081632653061,49,8,1,0,49,4|17|6|7|10,network_wide,124
random-sparse,50,0.01,0.03,0.0,0.2,0.1,3.0,0.3,0.072,49,91,0.0,0.10204081632653061,48,8,1,0,48,3|17|6|7|10|1,network_wide,116
random-sparse,50,0.01,0.03,0.0,0.2,0.1,3.0,0.3,0.074,0,42,0.0,0.16326530612244897,46,12,4,0,46,3|4|5|9|2|4|1|10|3,network_wide,111
random-sparse,50,0.01,0.03,0.0,0.2,0.1,3.0,0.3,0.074,1,43,0.0,0.1836734693877551,45,12,5,0,45,2|4|5|1|7|2|4|1|10|4,network_wide,125
random-sparse,50,0.01,0.03,0.0,0.2,0.1,3.0,0.3,0.074,2,44,0.0,0.20408163265306123,44,12,4,1,44,2|4|5|1|7|2|4|10|5,network_wide,133
random-sparse,50,0.01,0.03,0.0,0.2,0.1,3.0,0.3,0.074,3,45,0.0,0.16326530612244897,43,12,4,0,43,1|4|5|9|2|4|1|10|6,network_wide,120
random-sparse,50,0.01,0.03,0.0,0.2,0.1,3.0,0.3,0.074,4,46,0.0,0.16326530612244897,49,12,5,0,49,4|5|9|2|4|1|10|6,network_wide,123
random-sparse,50,0.01,0.03,0.0,0.2,0.1,3.0,0.3,0.074,5,47,0.0,0.14285714285714285,48,12,5,0,48,3|5|12|4|1|10|6|1,network_wide,125
random-sparse,50,0.01,0.03,0.0,0.2,0.1,3.0,0.3,0.074,6,48,0.0,0.16326530612244897,47,12,4,0,47,3|5|9|2|4|1|10|6|2,network_wide,111
random-sparse,50,0.01,0.03,0.0,0.2,0.1,3.0,0.3,0.074,7,49,0.0,0.16326530612244897,46,12,5,0,46,1|5|9|2|4|1|10|6|3,network_wide,116
random-sparse,50,0.01,0.03,0.0,0.2,0.1,3.0,0.3,0.074,8,50,0.0,0.16326530612244897,45,12,5,0,45,1|5|9|2|4|1|10|6|4,network_wide,110
random-sparse,50,0.01,0.03,0.0,0.2,0.1,3.0,0.3,0.074,9,51,0.0,0.16326530612244897,44,12,5,0,44,5|9|2|4|10|6|5,network_wide,132
random-sparse,50,0.01,0.03,0.0,0.2,0.1,3.0,0.3,0.074,10,52,0.0,0.16326530612244897,43,12,38,0,43,6|7|2|4|10|6|6,network_wide,127
random-sparse,50,0.01,0.03,0.0,0.2,0.1,3.0,0.3,0.074,11,53,0.0,0.16326530612244897,42,12,5,0,42,3|9|2|4|10|6|7,network_wide,114
random-sparse,50,0.01,0.03,0.0,0.2,0.1,3.0,0.3,0.074,12,54,0.0,0.16326530612244897,41,12,6,0,41,3|1|7|2|4|1|10|6|8,network_wide,128
random-sparse,50,0.01,0.03,0.0,0.2,0.1,3.0,0.3,0.074,13,55,0.0,0.16326530612244897,40,12,6,0,40,1|9|2|4|10|6|9,network_wide,116
random-sparse,50,0.01,0.03,0.0,0.2,0.1,3.0,0.3,0.074,14,56,0.0,0.16326530612244897,39,12,5,0,39,1|1|7|2|4|1|10|6|10,network_wide,114
random-sparse,50,0.01,0.03,0.0,0.2,0.1,3.0,0.3,0.074,15,57,0.0,0.16326530612244897,38,12,38,0,38,1|7|2|4|10|6|11,network_wide,119
random-sparse,50,0.01,0.03,0.0,0.2,0.1,3.0,0.3,0.074,16,58,0.0,0.16326530612244897,37,12,16,0,37,1|7|2|4|10|6|12,network_wide,98
random-sparse,50,0.01,0.03,0.0,0.2,0.1,3.0,0.3,0.074,17,59,0.0,0.12244897959183673,36,12,47,0,36,7|2|4|1|10|6|13,network_wide,120
random-sparse,50,0.01,0.03,0.0,0.2,0.1,3.0,0.3,0.074,18,60,0.0,0.14285714285714285,35,12,47,0,35,7|2|4|10|6|14,network_wide,106
random-sparse,50,0.01,0.03,0.0,0.2,0.1,3.0,0.3,0.074,19,61,0.0,0.14285714285714285,34,12,16,0,34,6|2|4|10|6|15,network_wide,110
random-sparse,50,0.01,0.03,0.0,0.2,0.1,3.0,0.3,0.074,20,62,0.0,0.12244897959183673,33,12,47,0,33,5|2|4|1|10|6|16,network_wide,114
random-sparse,50,0.01,0.03,0.0,0.2,0.1,3.0,0.3,0.074,21,63,0.0,0.12244897959183673,32,12,47,0,32,4|2|4|1|10|6|17,network_wide,114
random-sparse,50,0.01,0.03,0.0,0.2,0.1,3.0,0.3,0.074,22,64,0.0,0.14285714285714285,49,12,1,0,49,3|2|4|1|10|6|17,network_wide,122
random-sparse,50,0.01,0.03,0.0,0.2,0.1,3.0,0.3,0.074,23,65,0.0,0.16326530612244897,48,12,3,0,48,2|2|4|10|6|17|1,network_wide,120
random-sparse,50,0.01,0.03,0.0,0.2,0.1,3.0,0.3,0.074,24,66,0.0,0.12244897959183673,47,12,3,0,47,4|4|1|10|6|17|2,network_wide,103
random-sparse,50,0.01,0.03,0.0,0.2,0.1,3.0,0.3,0.074,25,67,0.0,0.14285714285714285,46,12,1,0,46,2|4|10|6|17|3,network_wide,127
random-sparse,50,0.01,0.03,0.0,0.2,0.1,3.0,0.3,0.074,26,68,0.0,0.12244897959183673,45,12,1,0,45,1|4|1|10|6|17|4,network_wide,114
random-sparse,50,0.01,0.03,0.0,0.2,0.1,3.0,0.3,0.074,27,69,0.0,0.12244897959183673,44,12,1,0,44,1|4|1|10|6|17|5,network_wide,105
random-sparse,50,0.01,0.03,0.0,0.2,0.1,3.0,0.3,0.074,28,70,0.0,0.10204081632653061,43,12,1,0,43,4|1|10|6|17|6,network_wide,125
random-sparse,50,0.01,0.03,0.0,0.2,0.1,3.0,0.3,0.074,29,71,0.0,0.14285714285714285,49,12,3,0,49,3|10|6|17|6,network_wide,116
random-sparse,50,0.01,0.03,0.0,0.2,0.1,3.0,0.3,0.074,30,72,0.0,0.12244897959183673,48,12,1,0,48,2|1|10|6|17|6|1,network_wide,108
random-sparse,50,0.01,0.03,0.0,0.2,0.1,3.0,0.3,0.074,31,73,0.0,0.10204081632653061,40,12,3,0,40,2|1|10|6|17|9,network_wide,111
random-sparse,50,0.01,0.03,0.0,0.2,0.1,3.0,0.3,0.074,32,74,0.0,0.12244897959183673,46,12,1,0,46,1|10|6|17|6|3,network_wide,108
random-sparse,50,0.01,0.03,0.0,0.2,0.1,3.0,0.3,0.074,33,75,0.0,0.12244897959183673,45,12,1,0,45,10|6|17|6|4,network_wide,128
random-sparse,50,0.01,0.03,0.0,0.2,0.1,3.0,0.3,0.074,34,76,0.0,0.10204081632653061,44,12,1,0,44,1|10|6|17|6|5,network_wide,111
random-sparse,50,0.01,0.03,0.0,0.2,0.1,3.0,0.3,0.074,35,77,0.0,0.061224489795918366,36,12,1,0,36,10|6|17|13,network_wide,131
random-sparse,50,0.01,0.03,0.0,0.2,0.1,3.0,0.3,0.074,36,78,0.0,0.08163265306122448,42,12,1,0,42,9|6|17|6|7,network_wide,110
random-sparse,50,0.01,0.03,0.0,0.2,0.1,3.0,0.3,0.074,37,79,0.0,0.08163265306122448,49,12,1,0,49,9|6|17|14,network_wide,111
random-sparse,50,0.01,0.03,0.0,0.2,0.1,3.0,0.3,0.074,38,80,0.0,0.061224489795918366,48,12,75,0,48,8|6|32|1,network_wide,110
random-sparse,50,0.01,0.03,0.0,0.2,0.1,3.0,0.3,0.074,39,81,0.0,0.10204081632653061,47,12,1,0,47,7|6|17|6|7|2,network_wide,117
random-sparse,50,0.01,0.03,0.0,0.2,0.1,3.0,0.3,0.074,40,82,0.0,0.08163265306122448,46,12,4,0,46,5|6|17|14|3,network_wide,108
random-sparse,50,0.01,0.03,0.0,0.2,0.1,3.0,0.3,0.074,41,83,0.0,0.08163265306122448,45,12,1,0,45,5|6|17|14|4,network_wide,105
random-sparse,50,0.01,0.03,0.0,0.2,0.1,3.0,0.3,0.074,42,84,0.0,0.10204081632653061,44,12,3,0,44,3|6|17|6|7|5,network_wide,131
random-sparse,50,0.01,0.03,0.0,0.2,0.1,3.0,0.3,0.074,43,85,0.0,0.10204081632653061,43,12,1,0,43,2|6|17|6|7|6,network_wide,110
random-sparse,50,0.01,0.03,0.0,0.2,0.1,3.0,0.3,0.074,44,86,0.0,0.10204081632653061,42,12,3,0,42,2|6|17|6|7|7,network_wide,124
random-sparse,50,0.01,0.03,0.0,0.2,0.1,3.0,0.3,0.074,45,87,0.0,0.08163265306122448,41,12,1,0,41,1|6|17|14|8,network_wide,126
random-sparse,50,0.01,0.03,0.0,0.2,0.1,3.0,0.3,0.074,46,88,0.0,0.08163265306122448,40,7,4,0,40,6|17|6|7|9,network_wide,107
random-sparse,50,0.01,0.03,0.0,0.2,0.1,3.0,0.3,0.074,47,89,0.0,0.061224489795918366,39,7,3,0,39,5|17|14|10,network_wide,117
random-sparse,50,0.01,0.03,0.0,0.2,0.1,3.0,0.3,0.074,48,90,0.0,0.10204081632653061,49,8,1,0,49,4|17|6|7|10,network_wide,124
random-sparse,50,0.01,0.03,0.0,0.2,0.1,3.0,0.3,0.074,49,91,0.0,0.08163265306122448,48,8,1,0,48,3|17|14|10|1,network_wide,116
random-sparse,50,0.01,0.03,0.0,0.2,0.1,3.0,0.3,0.076,0,42,0.0,0.14285714285714285,46,11,4,0,46,3|4|5|12|4|1|10|3,network_wide,111
random-sparse,50,0.01,0.03,0.0,0.2,0.1,3.0,0.3,0.076,1,43,0.0,0.16326530612244897,45,11,5,0,45,2|4|5|1|10|4|1|10|4,network_wide,125
random-sparse,50,0.01,0.03,0.0,0.2,0.1,3.0,0.3,0.076,2,44,0.0,0.1836734693877551,44,11,4,0,44,2|4|5|1|10|4|10|5,network_wide,133
random-sparse,50,0.01,0.03,0.0,0.2,0.1,3.0,0.3,0.076,3,45,0.0,0.16326530612244897,43,11,4,0,43,1|4|5|9|2|4|1|10|6,network_wide,120
random-sparse,50,0.01,0.03,0.0,0.2,0.1,3.0,0.3,0.076,4,46,0.0,0.16326530612244897,49,11,5,0,49,4|5|9|2|4|1|10|6,network_wide,123
random-sparse,50,0.01,0.03,0.0,0.2,0.1,3.0,0.3,0.076,5,47,0.0,0.14285714285714285,48,11,5,0,48,3|5|12|4|1|10|6|1,network_wide,125
random-sparse,50,0.01,0.03,0.0,0.2,0.1,3.0,0.3,0.076,6,48,0.0,0.16326530612244897,47,11,4,0,47,3|5|12|4|10|6|2,network_wide,111
random-sparse,50,0.01,0.03,0.0,0.2,0.1,3.0,0.3,0.076,7,49,0.0,0.14285714285714285,46,11,5,0,46,1|5|12|4|1|10|6|3,network_wide,116
random-sparse,50,0.01,0.03,0.0,0.2,0.1,3.0,0.3,0.076,8,50,0.0,0.16326530612244897,45,11,5,0,45,1|5|12|4|10|6|4,network_wide,110
random-sparse,50,0.01,0.03,0.0,0.2,0.1,3.0,0.3,0.076,9,51,0.0,0.14285714285714285,44,11,5,0,44,5|12|4|10|6|5,network_wide,132
random-sparse,50,0.01,0.03,0.0,0.2,0.1,3.0,0.3,0.076,10,52,0.0,0.14285714285714285,43,11,38,0,43,6|10|4|10|6|6,network_wide,127
random-sparse,50,0.01,0.03,0.0,0.2,0.1,3.0,0.3,0.076,11,53,0.0,0.16326530612244897,42,11,5,0,42,3|9|2|4|10|6|7,network_wide,114
random-sparse,50,0.01,0.03,0.0,0.2,0.1,3.0,0.3,0.076,12,54,0.0,0.16326530612244897,41,11,6,0,41,3|1|7|2|4|1|10|6|8,network_wide,128
random-sparse,50,0.01,0.03,0.0,0.2,0.1,3.0,0.3,0.076,13,55,0.0,0.14285714285714285,40,11,6,0,40,1|12|4|10|6|9,network_wide,116
random-sparse,50,0.01,0.03,0.0,0.2,0.1,3.0,0.3,0.076,14,56,0.0,0.16326530612244897,39,11,5,0,39,1|1|10|4|10|6|10,network_wide,114
random-sparse,50,0.01,0.03,0.0,0.2,0.1,3.0,0.3,0.076,15,57,0.0,0.14285714285714285,38,11,38,0,38,1|10|4|10|6|11,network_wide,119
random-sparse,50,0.01,0.03,0.0,0.2,0.1,3.0,0.3,0.076,16,58,0.0,0.16326530612244897,37,11,38,0,37,1|7|2|4|10|6|12,network_wide,98
random-sparse,50,0.01,0.03,0.0,0.2,0.1,3.0,0.3,0.076,17,59,0.0,0.10204081632653061,36,11,75,0,36,10|4|1|10|6|13,network_wide,120
random-sparse,50,0.01,0.03,0.0,0.2,0.1,3.0,0.3,0.076,18,60,0.0,0.12244897959183673,35,11,75,0,35,10|4|10|6|14,network_wide,106
random-sparse,50,0.01,0.03,0.0,0.2,0.1,3.0,0.3,0.076,19,61,0.0,0.12244897959183673,34,11,75,0,34,9|4|10|6|15,network_wide,110
random-sparse,50,0.01,0.03,0.0,0.2,0.1,3.0,0.3,0.076,20,62,0.0,0.12244897959183673,33,11,47,0,33,5|2|4|1|10|6|16,network_wide,114
random-sparse,50,0.01,0.03,0.0,0.2,0.1,3.0,0.3,0.076,21,63,0.0,0.10204081632653061,32,11,75,0,32,7|4|1|10|6|17,network_wide,114
random-sparse,50,0.01,0.03,0.0,0.2,0.1,3.0,0.3,0.076,22,64,0.0,0.12244897959183673,49,11,1,0,49,6|4|1|10|6|17,network_wide,122
random-sparse,50,0.01,0.03,0.0,0.2,0.1,3.0,0.3,0.076,23,65,0.0,0.14285714285714285,48,11,3,0,48,5|4|10|6|17|1,network_wide,120
random-sparse,50,0.01,0.03,0.0,0.2,0.1,3.0,0.3,0.076,24,66,0.0,0.12244897959183673,47,11,3,0,47,4|4|1|10|6|17|2,network_wide,103
random-sparse,50,0.01,0.03,0.0,0.2,0.1,3.0,0.3,0.076,25,67,0.0,0.14285714285714285,46,11,1,0,46,2|4|10|6|17|3,network_wide,127
random-sparse,50,0.01,0.03,0.0,0.2,0.1,3.0,0.3,0.076,26,68,0.0,0.12244897959183673,45,11,1,0,45,1|4|1|10|6|17|4,network_wide,114
random-sparse,50,0.01,0.03,0.0,0.2,0.1,3.0,0.3,0.076,27,69,0.0,0.12244897959183673,44,11,1,0,44,1|4|1|10|6|17|5,network_wide,105
random-sparse,50,0.01,0.03,0.0,0.2,0.1,3.0,0.3,0.076,28,70,0.0,0.12244897959183673,43,11,1,0,43,4|10|6|17|6,network_wide,125
random-sparse,50,0.01,0.03,0.0,0.2,0.1,3.0,0.3,0.076,29,71,0.0,0.12244897959183673,42,11,3,0,42,3|10|6|17|7,network_wide,116
random-sparse,50,0.01,0.03,0.0,0.2,0.1,3.0,0.3,0.076,30,72,0.0,0.10204081632653061,41,11,1,0,41,2|1|10|6|17|8,network_wide,108
random-sparse,50,0.01,0.03,0.0,0.2,0.1,3.0,0.3,0.076,31,73,0.0,0.10204081632653061,40,11,3,0,40,2|1|10|6|17|9,network_wide,111
random-sparse,50,0.01,0.03,0.0,0.2,0.1,3.0,0.3,0.076,32,74,0.0,0.10204081632653061,39,11,1,0,39,1|10|6|17|10,network_wide,108
random-sparse,50,0.01,0.03,0.0,0.2,0.1,3.0,0.3,0.076,33,75,0.0,0.10204081632653061,38,11,1,0,38,10|6|17|11,network_wide,128
random-sparse,50,0.01,0.03,0.0,0.2,0.1,3.0,0.3,0.076,34,76,0.0,0.08163265306122448,37,11,1,0,37,1|10|6|17|12,network_wide,111
random-sparse,50,0.01,0.03,0.0,0.2,0.1,3.0,0.3,0.076,35,77,0.0,0.061224489795918366,36,11,1,0,36,10|6|17|13,network_wide,131
random-sparse,50,0.01,0.03,0.0,0.2,0.1,3.0,0.3,0.076,36,78,0.0,0.061224489795918366,35,11,1,0,35,9|6|17|14,network_wide,110
random-sparse,50,0.01,0.03,0.0,0.2,0.1,3.0,0.3,0.076,37,79,0.0,0.08163265306122448,49,11,1,0,49,9|6|17|14,network_wide,111
random-sparse,50,0.01,0.03,0.0,0.2,0.1,3.0,0.3,0.076,38,80,0.0,0.061224489795918366,48,11,75,0,48,8|6|32|1,network_wide,110
random-sparse,50,0.01,0.03,0.0,0.2,0.1,3.0,0.3,0.076,39,81,0.0,0.08163265306122448,47,11,1,0,47,7|6|17|14|2,network_wide,117
random-sparse,50,0.01,0.03,0.0,0.2,0.1,3.0,0.3,0.076,40,82,0.0,0.08163265306122448,46,11,4,0,46,5|6|17|14|3,network_wide,108
random-sparse,50,0.01,0.03,0.0,0.2,0.1,3.0,0.3,0.076,41,83,0.0,0.08163265306122448,45,11,1,0,45,5|6|17|14|4,network_wide,105
random-sparse,50,0.01,0.03,0.0,0.2,0.1,3.0,0.3,0.076,42,84,0.0,0.08163265306122448,44,11,3,0,44,3|6|17|14|5,network_wide,131
random-sparse,50,0.01,0.03,0.0,0.2,0.1,3.0,0.3,0.076,43,85,0.0,0.08163265306122448,43,11,1,0,43,2|6|17|14|6,network_wide,110
random-sparse,50,0.01,0.03,0.0,0.2,0.1,3.0,0.3,0.076,44,86,0.0,0.08163265306122448,42,11,3,0,42,2|6|17|14|7,network_wide,124
random-sparse,50,0.01,0.03,0.0,0.2,0.1,3.0,0.3,0.076,45,87,0.0,0.08163265306122448,41,11,1,0,41,1|6|17|14|8,network_wide,126
random-sparse,50,0.01,0.03,0.0,0.2,0.1,3.0,0.3,0.076,46,88,0.0,0.061224489795918366,40,9,4,0,40,6|17|14|9,network_wide,107
random-sparse,50,0.01,0.03,0.0,0.2,0.1,3.0,0.3,0.076,47,89,0.0,0.061224489795918366,39,9,3,0,39,5|17|14|10,network_wide,117
random-sparse,50,0.01,0.03,0.0,0.2,0.1,3.0,0.3,0.076,48,90,0.0,0.08163265306122448,49,9,1,0,49,4|17|14|10,network_wide,124
random-sparse,50,0.01,0.03,0.0,0.2,0.1,3.0,0.3,0.076,49,91,0.0,0.08163265306122448,48,9,1,0,48,3|17|14|10|1,network_wide,116
random-sparse,50,0.01,0.03,0.0,0.2,0.1,3.0,0.3,0.078,0,42,0.0,0.14285714285714285,46,9,4,0,46,3|10|12|4|10|3,network_wide,111
random-sparse,50,0.01,0.03,0.0,0.2,0.1,3.0,0.3,0.078,1,43,0.0,0.14285714285714285,45,9,5,0,45,2|10|1|10|4|1|10|4,network_wide,125
random-sparse,50,0.01,0.03,0.0,0.2,0.1,3.0,0.3,0.078,2,44,0.0,0.16326530612244897,44,9,4,0,44,2|10|1|10|4|10|5,network_wide,133
random-sparse,50,0.01,0.03,0.0,0.2,0.1,3.0,0.3,0.078,3,45,0.0,0.14285714285714285,43,9,4,0,43,1|10|9|2|4|1|10|6,network_wide,120
random-sparse,50,0.01,0.03,0.0,0.2,0.1,3.0,0.3,0.078,4,46,0.0,0.16326530612244897,49,9,5,0,49,10|9|2|4|10|6,network_wide,123
random-sparse,50,0.01,0.03,0.0,0.2,0.1,3.0,0.3,0.078,5,47,0.0,0.12244897959183673,48,9,5,0,48,9|12|4|1|10|6|1,network_wide,125
random-sparse,50,0.01,0.03,0.0,0.2,0.1,3.0,0.3,0.078,6,48,0.0,0.14285714285714285,47,9,4,0,47,9|12|4|10|6|2,network_wide,111
random-sparse,50,0.01,0.03,0.0,0.2,0.1,3.0,0.3,0.078,7,49,0.0,0.14285714285714285,46,9,5,0,46,1|5|12|4|1|10|6|3,network_wide,116
random-sparse,50,0.01,0.03,0.0,0.2,0.1,3.0,0.3,0.078,8,50,0.0,0.14285714285714285,45,9,5,0,45,7|12|4|10|6|4,network_wide,110
random-sparse,50,0.01,0.03,0.0,0.2,0.1,3.0,0.3,0.078,9,51,0.0,0.14285714285714285,44,9,5,0,44,5|12|4|10|6|5,network_wide,132
random-sparse,50,0.01,0.03,0.0,0.2,0.1,3.0,0.3,0.078,10,52,0.0,0.14285714285714285,43,9,38,0,43,6|10|4|10|6|6,network_wide,127
random-sparse,50,0.01,0.03,0.0,0.2,0.1,3.0,0.3,0.078,11,53,0.0,0.16326530612244897,42,9,5,0,42,3|12|4|10|5|7,network_wide,114
random-sparse,50,0.01,0.03,0.0,0.2,0.1,3.0,0.3,0.078,12,54,0.0,0.14285714285714285,41,9,38,0,41,5|10|4|10|6|8,network_wide,128
random-sparse,50,0.01,0.03,0.0,0.2,0.1,3.0,0.3,0.078,13,55,0.0,0.14285714285714285,40,9,6,0,40,1|12|4|10|6|9,network_wide,116
random-sparse,50,0.01,0.03,0.0,0.2,0.1,3.0,0.3,0.078,14,56,0.0,0.16326530612244897,39,9,5,0,39,1|1|10|4|10|6|10,network_wide,114
random-sparse,50,0.01,0.03,0.0,0.2,0.1,3.0,0.3,0.078,15,57,0.0,0.14285714285714285,38,11,38,0,38,1|10|4|10|6|11,network_wide,119
random-sparse,50,0.01,0.03,0.0,0.2,0.1,3.0,0.3,0.078,16,58,0.0,0.16326530612244897,37,9,38,0,37,1|7|2|4|10|6|12,network_wide,98
random-sparse,50,0.01,0.03,0.0,0.2,0.1,3.0,0.3,0.078,17,59,0.0,0.12244897959183673,36,9,75,0,36,10|4|10|6|13,network_wide,120
random-sparse,50,0.01,0.03,0.0,0.2,0.1,3.0,0.3,0.078,18,60,0.0,0.12244897959183673,35,9,75,0,35,10|4|10|6|14,network_wide,106
random-sparse,50,0.01,0.03,0.0,0.2,0.1,3.0,0.3,0.078,19,61,0.0,0.12244897959183673,34,9,75,0,34,9|4|10|6|15,network_wide,110
random-sparse,50,0.01,0.03,0.0,0.2,0.1,3.0,0.3,0.078,20,62,0.0,0.12244897959183673,33,9,47,0,33,5|2|4|1|10|6|16,network_wide,114
random-sparse,50,0.01,0.03,0.0,0.2,0.1,3.0,0.3,0.078,21,63,0.0,0.12244897959183673,32,9,75,0,32,7|4|10|6|17,network_wide,114
random-sparse,50,0.01,0.03,0.0,0.2,0.1,3.0,0.3,0.078,22,64,0.0,0.12244897959183673,49,9,1,0,49,6|4|1|10|6|17,network_wide,122
random-sparse,50,0.01,0.03,0.0,0.2,0.1,3.0,0.3,0.078,23,65,0.0,0.14285714285714285,48,9,3,0,48,5|4|10|6|17|1,network_wide,120
random-sparse,50,0.01,0.03,0.0,0.2,0.1,3.0,0.3,0.078,24,66,0.0,0.12244897959183673,47,11,3,0,47,4|4|1|10|6|17|2,network_wide,103
random-sparse,50,0.01,0.03,0.0,0.2,0.1,3.0,0.3,0.078,25,67,0.0,0.14285714285714285,46,9,1,0,46,2|4|10|6|17|3,network_wide,127
random-sparse,50,0.01,0.03,0.0,0.2,0.1,3.0,0.3,0.078,26,68,0.0,0.12244897959183673,45,9,1,0,45,1|4|1|10|6|17|4,network_wide,114
random-sparse,50,0.01,0.03,0.0,0.2,0.1,3.0,0.3,0.078,27,69,0.0,0.12244897959183673,44,9,1,0,44,1|4|1|10|6|17|5,network_wide,105
random-sparse,50,0.01,0.03,0.0,0.2,0.1,3.0,0.3,0.078,28,70,0.0,0.12244897959183673,43,9,1,0,43,4|10|6|17|6,network_wide,125
random-sparse,50,0.01,0.03,0.0,0.2,0.1,3.0,0.3,0.078,29,71,0.0,0.12244897959183673,42,9,3,0,42,3|10|6|17|7,network_wide,116
random-sparse,50,0.01,0.03,0.0,0.2,0.1,3.0,0.3,0.078,30,72,0.0,0.12244897959183673,41,9,1,0,41,2|10|6|17|8,network_wide,108
random-sparse,50,0.01,0.03,0.0,0.2,0.1,3.0,0.3,0.078,31,73,0.0,0.12244897959183673,40,9,3,0,40,2|10|6|17|9,network_wide,111
random-sparse,50,0.01,0.03,0.0,0.2,0.1,3.0,0.3,0.078,32,74,0.0,0.10204081632653061,39,9,1,0,39,1|10|6|17|10,network_wide,108
random-sparse,50,0.01,0.03,0.0,0.2,0.1,3.0,0.3,0.078,33,75,0.0,0.10204081632653061,38,9,1,0,38,10|6|17|11,network_wide,128
random-sparse,50,0.01,0.03,0.0,0.2,0.1,3.0,0.3,0.078,34,76,0.0,0.08163265306122448,37,9,1,0,37,1|10|6|17|12,network_wide,111
random-sparse,50,0.01,0.03,0.0,0.2,0.1,3.0,0.3,0.078,35,77,0.0,0.061224489795918366,36,9,1,0,36,10|6|17|13,network_wide,131
random-sparse,50,0.01,0.03,0.0,0.2,0.1,3.0,0.3,0.078,36,78,0.0,0.061224489795918366,35,9,1,0,35,9|6|17|14,network_wide,110
random-sparse,50,0.01,0.03,0.0,0.2,0.1,3.0,0.3,0.078,37,79,0.0,0.08163265306122448,49,9,1,0,49,9|6|17|14,network_wide,111
random-sparse,50,0.01,0.03,0.0,0.2,0.1,3.0,0.3,0.078,38,80,0.0,0.061224489795918366,48,9,75,0,48,8|6|32|1,network_wide,110
random-sparse,50,0.01,0.03,0.0,0.2,0.1,3.0,0.3,0.078,39,81,0.0,0.08163265306122448,47,9,1,0,47,7|6|17|14|2,network_wide,117
random-sparse,50,0.01,0.03,0.0,0.2,0.1,3.0,0.3,0.078,40,82,0.0,0.08163265306122448,46,9,4,0,46,5|6|17|14|3,network_wide,108
random-sparse,50,0.01,0.03,0.0,0.2,0.1,3.0,0.3,0.078,41,83,0.0,0.08163265306122448,45,9,1,0,45,5|6|17|14|4,network_wide,105
random-sparse,50,0.01,0.03,0.0,0.2,0.1,3.0,0.3,0.078,42,84,0.0,0.08163265306122448,44,9,3,0,44,3|6|17|14|5,network_wide,131
random-sparse,50,0.01,0.03,0.0,0.2,0.1,3.0,0.3,0.078,43,85,0.0,0.08163265306122448,43,9,1,0,43,2|6|17|14|6,network_wide,110
random-sparse,50,0.01,0.03,0.0,0.2,0.1,3.0,0.3,0.078,44,86,0.0,0.08163265306122448,42,9,3,0,42,2|6|17|14|7,network_wide,124
random-sparse,50,0.01,0.03,0.0,0.2,0.1,3.0,0.3,0.078,45,87,0.0,0.08163265306122448,41,9,1,0,41,1|6|17|14|8,network_wide,126
random-sparse,50,0.01,0.03,0.0,0.2,0.1,3.0,0.3,0.078,46,88,0.0,0.061224489795918366,40,8,4,0,40,6|17|14|9,network_wide,107
random-sparse,50,0.01,0.03,0.0,0.2,0.1,3.0,0.3,0.078,47,89,0.0,0.061224489795918366,39,8,3,0,39,5|17|14|10,network_wide,117
random-sparse,50,0.01,0.03,0.0,0.2,0.1,3.0,0.3,0.078,48,90,0.0,0.08163265306122448,49,8,1,0,49,4|17|14|10,network_wide,124
random-sparse,50,0.01,0.03,0.0,0.2,0.1,3.0,0.3,0.078,49,91,0.0,0.08163265306122448,48,8,1,0,48,3|17|14|10|1,network_wide,116
random-sparse,50,0.01,0.03,0.0,0.2,0.1,3.0,0.3,0.08,0,42,0.0,0.16326530612244897,46,9,4,0,46,3|4|5|12|4|10|3,network_wide,111
random-sparse,50,0.01,0.03,0.0,0.2,0.1,3.0,0.3,0.08,1,43,0.0,0.16326530612244897,45,9,5,0,45,2|4|5|12|4|10|4,network_wide,125
random-sparse,50,0.01,0.03,0.0,0.2,0.1,3.0,0.3,0.08,2,44,0.0,0.16326530612244897,44,9,5,0,44,2|4|5|12|4|10|5,network_wide,133
random-sparse,50,0.01,0.03,0.0,0.2,0.1,3.0,0.3,0.08,3,45,0.0,0.1836734693877551,44,9,4,0,44,1|4|5|12|4|10|5,network_wide,120
random-sparse,50,0.01,0.03,0.0,0.2,0.1,3.0,0.3,0.08,4,46,0.0,0.16326530612244897,49,9,5,0,49,10|9|2|4|10|6,network_wide,123
random-sparse,50,0.01,0.03,0.0,0.2,0.1,3.0,0.3,0.08,5,47,0.0,0.16326530612244897,48,9,5,0,48,3|5|12|4|10|6|1,network_wide,125
random-sparse,50,0.01,0.03,0.0,0.2,0.1,3.0,0.3,0.08,6,48,0.0,0.16326530612244897,47,9,4,0,47,3|5|12|4|10|6|2,network_wide,111
random-sparse,50,0.01,0.03,0.0,0.2,0.1,3.0,0.3,0.08,7,49,0.0,0.1836734693877551,46,9,5,0,46,1|5|12|4|10|5|3,network_wide,116
random-sparse,50,0.01,0.03,0.0,0.2,0.1,3.0,0.3,0.08,8,50,0.0,0.16326530612244897,45,9,5,0,45,1|5|12|4|10|6|4,network_wide,110
random-sparse,50,0.01,0.03,0.0,0.2,0.1,3.0,0.3,0.08,9,51,0.0,0.14285714285714285,44,9,6,0,44,5|12|4|10|6|5,network_wide,132
random-sparse,50,0.01,0.03,0.0,0.2,0.1,3.0,0.3,0.08,10,52,0.0,0.12244897959183673,43,9,75,0,43,17|4|10|6|6,network_wide,127
random-sparse,50,0.01,0.03,0.0,0.2,0.1,3.0,0.3,0.08,11,53,0.0,0.16326530612244897,42,9,5,0,42,3|12|4|10|5|7,network_wide,114
random-sparse,50,0.01,0.03,0.0,0.2,0.1,3.0,0.3,0.08,12,54,0.0,0.12244897959183673,41,9,75,0,41,16|4|10|6|8,network_wide,128
random-sparse,50,0.01,0.03,0.0,0.2,0.1,3.0,0.3,0.08,13,55,0.0,0.12244897959183673,40,9,75,0,40,14|4|10|6|9,network_wide,116
random-sparse,50,0.01,0.03,0.0,0.2,0.1,3.0,0.3,0.08,14,56,0.0,0.12244897959183673,39,9,5,0,39,1|12|4|1|10|6|10,network_wide,114
random-sparse,50,0.01,0.03,0.0,0.2,0.1,3.0,0.3,0.08,15,57,0.0,0.14285714285714285,38,9,75,0,38,12|4|10|5|11,network_wide,119
random-sparse,50,0.01,0.03,0.0,0.2,0.1,3.0,0.3,0.08,16,58,0.0,0.14285714285714285,37,9,48,0,37,9|2|4|10|6|12,network_wide,98
random-sparse,50,0.01,0.03,0.0,0.2,0.1,3.0,0.3,0.08,17,59,0.0,0.12244897959183673,36,9,75,0,36,10|4|10|6|13,network_wide,120
random-sparse,50,0.01,0.03,0.0,0.2,0.1,3.0,0.3,0.08,18,60,0.0,0.12244897959183673,35,9,75,0,35,10|4|10|6|14,network_wide,106
random-sparse,50,0.01,0.03,0.0,0.2,0.1,3.0,0.3,0.08,19,61,0.0,0.12244897959183673,34,9,75,0,34,9|4|10|6|15,network_wide,110
random-sparse,50,0.01,0.03,0.0,0.2,0.1,3.0,0.3,0.08,20,62,0.0,0.14285714285714285,33,9,48,0,33,5|2|4|10|6|16,network_wide,114
random-sparse,50,0.01,0.03,0.0,0.2,0.1,3.0,0.3,0.08,21,63,0.0,0.12244897959183673,32,9,75,0,32,7|4|10|6|17,network_wide,114
random-sparse,50,0.01,0.03,0.0,0.2,0.1,3.0,0.3,0.08,22,64,0.0,0.14285714285714285,49,9,1,0,49,6|4|10|6|17,network_wide,122
random-sparse,50,0.01,0.03,0.0,0.2,0.1,3.0,0.3,0.08,23,65,0.0,0.14285714285714285,48,9,3,0,48,5|4|10|6|17|1,network_wide,120
random-sparse,50,0.01,0.03,0.0,0.2,0.1,3.0,0.3,0.08,24,66,0.0,0.14285714285714285,47,9,4,0,47,4|4|10|6|17|2,network_wide,103
random-sparse,50,0.01,0.03,0.0,0.2,0.1,3.0,0.3,0.08,25,67,0.0,0.14285714285714285,46,9,1,0,46,2|4|10|6|17|3,network_wide,127
random-sparse,50,0.01,0.03,0.0,0.2,0.1,3.0,0.3,0.08,26,68,0.0,0.14285714285714285,45,9,1,0,45,1|4|10|6|17|4,network_wide,114
random-sparse,50,0.01,0.03,0.0,0.2,0.1,3.0,0.3,0.08,27,69,0.0,0.14285714285714285,44,9,1,0,44,1|4|10|6|17|5,network_wide,105
random-sparse,50,0.01,0.03,0.0,0.2,0.1,3.0,0.3,0.08,28,70,0.0,0.12244897959183673,43,9,1,0,43,4|10|6|17|6,network_wide,125
random-sparse,50,0.01,0.03,0.0,0.2,0.1,3.0,0.3,0.08,29,71,0.0,0.12244897959183673,42,9,4,0,42,3|10|6|17|7,network_wide,116
random-sparse,50,0.01,0.03,0.0,0.2,0.1,3.0,0.3,0.08,30,72,0.0,0.12244897959183673,41,9,1,0,41,2|10|6|17|8,network_wide,108
random-sparse,50,0.01,0.03,0.0,0.2,0.1,3.0,0.3,0.08,31,73,0.0,0.12244897959183673,40,9,3,0,40,2|10|6|17|9,network_wide,111
random-sparse,50,0.01,0.03,0.0,0.2,0.1,3.0,0.3,0.08,32,74,0.0,0.14285714285714285,39,9,1,0,39,10|5|17|10,network_wide,108
random-sparse,50,0.01,0.03,0.0,0.2,0.1,3.0,0.3,0.08,33,75,0.0,0.10204081632653061,38,9,1,0,38,10|6|17|11,network_wide,128
random-sparse,50,0.01,0.03,0.0,0.2,0.1,3.0,0.3,0.08,34,76,0.0,0.08163265306122448,37,9,1,0,37,10|6|17|12,network_wide,111
random-sparse,50,0.01,0.03,0.0,0.2,0.1,3.0,0.3,0.08,35,77,0.0,0.061224489795918366,36,9,1,0,36,10|6|17|13,network_wide,131
random-sparse,50,0.01,0.03,0.0,0.2,0.1,3.0,0.3,0.08,36,78,0.0,0.061224489795918366,35,9,1,0,35,9|6|17|14,network_wide,110
random-sparse,50,0.01,0.03,0.0,0.2,0.1,3.0,0.3,0.08,37,79,0.0,0.08163265306122448,49,9,1,0,49,9|6|17|14,network_wide,111
random-sparse,50,0.01,0.03,0.0,0.2,0.1,3.0,0.3,0.08,38,80,0.0,0.061224489795918366,48,9,75,0,48,8|6|32|1,network_wide,110
random-sparse,50,0.01,0.03,0.0,0.2,0.1,3.0,0.3,0.08,39,81,0.0,0.08163265306122448,47,9,1,0,47,7|6|17|14|2,network_wide,117
random-sparse,50,0.01,0.03,0.0,0.2,0.1,3.0,0.3,0.08,40,82,0.0,0.08163265306122448,46,9,4,0,46,5|6|17|14|3,network_wide,108
random-sparse,50,0.01,0.03,0.0,0.2,0.1,3.0,0.3,0.08,41,83,0.0,0.08163265306122448,45,9,1,0,45,5|6|17|14|4,network_wide,105
random-sparse,50,0.01,0.03,0.0,0.2,0.1,3.0,0.3,0.08,42,84,0.0,0.08163265306122448,44,9,3,0,44,3|6|17|14|5,network_wide,131
random-sparse,50,0.01,0.03,0.0,0.2,0.1,3.0,0.3,0.08,43,85,0.0,0.08163265306122448,43,9,1,0,43,2|6|17|14|6,network_wide,110
random-sparse,50,0.01,0.03,0.0,0.2,0.1,3.0,0.3,0.08,44,86,0.0,0.08163265306122448,42,9,3,0,42,2|6|17|14|7,network_wide,124
random-sparse,50,0.01,0.03,0.0,0.2,0.1,3.0,0.3,0.08,45,87,0.0,0.08163265306122448,41,9,1,0,41,1|6|17|14|8,network_wide,126
random-sparse,50,0.01,0.03,0.0,0.2,0.1,3.0,0.3,0.08,46,88,0.0,0.061224489795918366,40,8,4,0,40,6|17|14|9,network_wide,107
random-sparse,50,0.01,0.03,0.0,0.2,0.1,3.0,0.3,0.08,47,89,0.0,0.061224489795918366,39,8,3,0,39,5|17|14|10,network_wide,117
random-sparse,50,0.01,0.03,0.0,0.2,0.1,3.0,0.3,0.08,48,90,0.0,0.08163265306122448,49,8,1,0,49,4|17|14|10,network_wide,124
random-sparse,50,0.01,0.03,0.0,0.2,0.1,3.0,0.3,0.08,49,91,0.0,0.08163265306122448,48,8,1,0,48,3|17|14|10|1,network_wide,116
random-sparse,50,0.01,0.03,0.0,0.2,0.1,3.0,0.3,0.082,0,42,0.0,0.14285714285714285,46,9,4,0,46,3|4|5|12|4|1|10|3,network_wide,111
random-sparse,50,0.01,0.03,0.0,0.2,0.1,3.0,0.3,0.082,1,43,0.0,0.1836734693877551,46,9,5,0,46,2|4|5|12|4|10|3,network_wide,125
random-sparse,50,0.01,0.03,0.0,0.2,0.1,3.0,0.3,0.082,2,44,0.0,0.1836734693877551,45,9,5,0,45,2|4|5|12|4|10|4,network_wide,133
random-sparse,50,0.01,0.03,0.0,0.2,0.1,3.0,0.3,0.082,3,45,0.0,0.16326530612244897,44,9,4,0,44,1|4|5|12|4|1|10|5,network_wide,120
random-sparse,50,0.01,0.03,0.0,0.2,0.1,3.0,0.3,0.082,4,46,0.0,0.20408163265306123,49,9,5,1,49,4|5|9|2|4|10|5,network_wide,123
random-sparse,50,0.01,0.03,0.0,0.2,0.1,3.0,0.3,0.082,5,47,0.0,0.14285714285714285,48,9,5,0,48,3|5|12|4|1|10|6|1,network_wide,125
random-sparse,50,0.01,0.03,0.0,0.2,0.1,3.0,0.3,0.082,6,48,0.0,0.16326530612244897,47,9,4,0,47,3|5|12|4|10|6|2,network_wide,111
random-sparse,50,0.01,0.03,0.0,0.2,0.1,3.0,0.3,0.082,7,49,0.0,0.1836734693877551,46,9,5,0,46,1|5|12|4|10|5|3,network_wide,116
random-sparse,50,0.01,0.03,0.0,0.2,0.1,3.0,0.3,0.082,8,50,0.0,0.1836734693877551,45,9,5,0,45,1|5|12|4|10|5|4,network_wide,110
random-sparse,50,0.01,0.03,0.0,0.2,0.1,3.0,0.3,0.082,9,51,0.0,0.16326530612244897,44,9,6,0,44,5|12|4|10|5|5,network_wide,132
random-sparse,50,0.01,0.03,0.0,0.2,0.1,3.0,0.3,0.082,10,52,0.0,0.14285714285714285,43,9,75,0,43,17|4|10|5|6,network_wide,127
random-sparse,50,0.01,0.03,0.0,0.2,0.1,3.0,0.3,0.082,11,53,0.0,0.16326530612244897,42,9,5,0,42,3|12|4|10|5|7,network_wide,114
random-sparse,50,0.01,0.03,0.0,0.2,0.1,3.0,0.3,0.082,12,54,0.0,0.14285714285714285,41,9,75,0,41,16|4|10|5|8,network_wide,128
random-sparse,50,0.01,0.03,0.0,0.2,0.1,3.0,0.3,0.082,13,55,0.0,0.14285714285714285,40,9,75,0,40,14|4|10|5|9,network_wide,116
random-sparse,50,0.01,0.03,0.0,0.2,0.1,3.0,0.3,0.082,14,56,0.0,0.16326530612244897,39,9,5,0,39,1|12|4|10|5|10,network_wide,114
random-sparse,50,0.01,0.03,0.0,0.2,0.1,3.0,0.3,0.082,15,57,0.0,0.14285714285714285,38,9,75,0,38,12|4|10|5|11,network_wide,119
random-sparse,50,0.01,0.03,0.0,0.2,0.1,3.0,0.3,0.082,16,58,0.0,0.16326530612244897,37,9,48,0,37,9|2|4|10|5|12,network_wide,98
random-sparse,50,0.01,0.03,0.0,0.2,0.1,3.0,0.3,0.082,17,59,0.0,0.12244897959183673,36,9,75,0,36,10|4|1|10|5|13,network_wide,120
random-sparse,50,0.01,0.03,0.0,0.2,0.1,3.0,0.3,0.082,18,60,0.0,0.14285714285714285,35,9,75,0,35,10|4|10|5|14,network_wide,106
random-sparse,50,0.01,0.03,0.0,0.2,0.1,3.0,0.3,0.082,19,61,0.0,0.14285714285714285,34,9,48,0,34,6|2|4|10|6|15,network_wide,110
random-sparse,50,0.01,0.03,0.0,0.2,0.1,3.0,0.3,0.082,20,62,0.0,0.16326530612244897,33,9,48,0,33,5|2|4|10|5|16,network_wide,114
random-sparse,50,0.01,0.03,0.0,0.2,0.1,3.0,0.3,0.082,21,63,0.0,0.12244897959183673,32,9,75,0,32,7|4|1|10|5|17,network_wide,114
random-sparse,50,0.01,0.03,0.0,0.2,0.1,3.0,0.3,0.082,22,64,0.0,0.14285714285714285,49,9,1,0,49,6|4|1|10|5|17,network_wide,122
random-sparse,50,0.01,0.03,0.0,0.2,0.1,3.0,0.3,0.082,23,65,0.0,0.16326530612244897,48,9,3,0,48,2|2|4|10|6|17|1,network_wide,120
random-sparse,50,0.01,0.03,0.0,0.2,0.1,3.0,0.3,0.082,24,66,0.0,0.14285714285714285,47,9,4,0,47,4|4|1|10|5|17|2,network_wide,103
random-sparse,50,0.01,0.03,0.0,0.2,0.1,3.0,0.3,0.082,25,67,0.0,0.14285714285714285,46,9,1,0,46,2|4|10|6|17|3,network_wide,127
random-sparse,50,0.01,0.03,0.0,0.2,0.1,3.0,0.3,0.082,26,68,0.0,0.14285714285714285,45,9,1,0,45,1|4|1|10|5|17|4,network_wide,114
random-sparse,50,0.01,0.03,0.0,0.2,0.1,3.0,0.3,0.082,27,69,0.0,0.14285714285714285,44,9,1,0,44,1|4|1|10|5|17|5,network_wide,105
random-sparse,50,0.01,0.03,0.0,0.2,0.1,3.0,0.3,0.082,28,70,0.0,0.14285714285714285,43,9,1,0,43,4|10|5|17|6,network_wide,125
random-sparse,50,0.01,0.03,0.0,0.2,0.1,3.0,0.3,0.082,29,71,0.0,0.14285714285714285,42,9,4,0,42,3|10|5|17|7,network_wide,116
random-sparse,50,0.01,0.03,0.0,0.2,0.1,3.0,0.3,0.082,30,72,0.0,0.12244897959183673,41,9,1,0,41,2|1|10|5|17|8,network_wide,108
random-sparse,50,0.01,0.03,0.0,0.2,0.1,3.0,0.3,0.082,31,73,0.0,0.10204081632653061,40,9,3,0,40,2|1|10|6|17|9,network_wide,111
random-sparse,50,0.01,0.03,0.0,0.2,0.1,3.0,0.3,0.082,32,74,0.0,0.12244897959183673,39,9,1,0,39,1|10|5|17|10,network_wide,108
random-sparse,50,0.01,0.03,0.0,0.2,0.1,3.0,0.3,0.082,33,75,0.0,0.12244897959183673,38,9,1,0,38,10|5|17|11,network_wide,128
random-sparse,50,0.01,0.03,0.0,0.2,0.1,3.0,0.3,0.082,34,76,0.0,0.10204081632653061,37,9,1,0,37,1|10|5|17|12,network_wide,111
random-sparse,50,0.01,0.03,0.0,0.2,0.1,3.0,0.3,0.082,35,77,0.0,0.08163265306122448,36,9,1,0,36,10|5|17|13,network_wide,131
random-sparse,50,0.01,0.03,0.0,0.2,0.1,3.0,0.3,0.082,36,78,0.0,0.061224489795918366,35,9,1,0,35,9|6|17|14,network_wide,110
random-sparse,50,0.01,0.03,0.0,0.2,0.1,3.0,0.3,0.082,37,79,0.0,0.08163265306122448,49,9,1,0,49,9|6|17|14,network_wide,111
random-sparse,50,0.01,0.03,0.0,0.2,0.1,3.0,0.3,0.082,38,80,0.0,0.08163265306122448,48,9,75,0,48,8|5|32|1,network_wide,110
random-sparse,50,0.01,0.03,0.0,0.2,0.1,3.0,0.3,0.082,39,81,0.0,0.10204081632653061,47,9,1,0,47,7|5|17|14|2,network_wide,117
random-sparse,50,0.01,0.03,0.0,0.2,0.1,3.0,0.3,0.082,40,82,0.0,0.10204081632653061,46,9,4,0,46,5|5|17|14|3,network_wide,108
random-sparse,50,0.01,0.03,0.0,0.2,0.1,3.0,0.3,0.082,41,83,0.0,0.10204081632653061,45,9,1,0,45,5|5|17|14|4,network_wide,105
random-sparse,50,0.01,0.03,0.0,0.2,0.1,3.0,0.3,0.082,42,84,0.0,0.10204081632653061,44,11,4,0,44,3|5|17|14|5,network_wide,131
random-sparse,50,0.01,0.03,0.0,0.2,0.1,3.0,0.3,0.082,43,85,0.0,0.08163265306122448,43,9,1,0,43,2|6|17|14|6,network_wide,110
random-sparse,50,0.01,0.03,0.0,0.2,0.1,3.0,0.3,0.082,44,86,0.0,0.08163265306122448,42,9,3,0,42,2|6|17|14|7,network_wide,124
random-sparse,50,0.01,0.03,0.0,0.2,0.1,3.0,0.3,0.082,45,87,0.0,0.10204081632653061,41,9,1,0,41,1|5|17|14|8,network_wide,126
random-sparse,50,0.01,0.03,0.0,0.2,0.1,3.0,0.3,0.082,46,88,0.0,0.061224489795918366,40,6,112,0,40,5|32|9,network_wide,107
random-sparse,50,0.01,0.03,0.0,0.2,0.1,3.0,0.3,0.082,47,89,0.0,0.061224489795918366,39,8,3,0,39,5|17|14|10,network_wide,117
random-sparse,50,0.01,0.03,0.0,0.2,0.1,3.0,0.3,0.082,48,90,0.0,0.08163265306122448,49,8,1,0,49,4|17|14|10,network_wide,124
random-sparse,50,0.01,0.03,0.0,0.2,0.1,3.0,0.3,0.082,49,91,0.0,0.08163265306122448,48,8,1,0,48,3|17|14|10|1,network_wide,116
random-sparse,50,0.01,0.03,0.0,0.2,0.1,3.0,0.3,0.084,0,42,0.0,0.14285714285714285,46,11,4,0,46,3|4|5|12|4|1|10|3,network_wide,111
random-sparse,50,0.01,0.03,0.0,0.2,0.1,3.0,0.3,0.084,1,43,0.0,0.16326530612244897,46,11,5,0,46,2|4|5|12|4|1|10|3,network_wide,125
random-sparse,50,0.01,0.03,0.0,0.2,0.1,3.0,0.3,0.084,2,44,0.0,0.16326530612244897,45,11,5,0,45,2|4|5|12|4|1|10|4,network_wide,133
random-sparse,50,0.01,0.03,0.0,0.2,0.1,3.0,0.3,0.084,3,45,0.0,0.16326530612244897,44,11,4,0,44,1|4|5|12|4|1|10|5,network_wide,120
random-sparse,50,0.01,0.03,0.0,0.2,0.1,3.0,0.3,0.084,4,46,0.0,0.16326530612244897,49,11,5,0,49,4|5|12|4|1|10|5,network_wide,123
random-sparse,50,0.01,0.03,0.0,0.2,0.1,3.0,0.3,0.084,5,47,0.0,0.16326530612244897,48,11,5,0,48,3|5|12|4|1|10|5|1,network_wide,125
random-sparse,50,0.01,0.03,0.0,0.2,0.1,3.0,0.3,0.084,6,48,0.0,0.16326530612244897,47,11,4,0,47,3|5|12|4|1|10|5|2,network_wide,111
random-sparse,50,0.01,0.03,0.0,0.2,0.1,3.0,0.3,0.084,7,49,0.0,0.16326530612244897,46,11,5,0,46,1|5|12|4|1|10|5|3,network_wide,116
random-sparse,50,0.01,0.03,0.0,0.2,0.1,3.0,0.3,0.084,8,50,0.0,0.16326530612244897,45,11,5,0,45,1|5|12|4|1|10|5|4,network_wide,110
random-sparse,50,0.01,0.03,0.0,0.2,0.1,3.0,0.3,0.084,9,51,0.0,0.14285714285714285,44,11,6,0,44,5|12|4|1|10|5|5,network_wide,132
random-sparse,50,0.01,0.03,0.0,0.2,0.1,3.0,0.3,0.084,10,52,0.0,0.12244897959183673,43,11,102,0,43,17|4|1|10|5|6,network_wide,127
random-sparse,50,0.01,0.03,0.0,0.2,0.1,3.0,0.3,0.084,11,53,0.0,0.14285714285714285,42,11,5,0,42,3|12|4|1|10|5|7,network_wide,114
random-sparse,50,0.01,0.03,0.0,0.2,0.1,3.0,0.3,0.084,12,54,0.0,0.12244897959183673,41,11,102,0,41,16|4|1|10|5|8,network_wide,128
random-sparse,50,0.01,0.03,0.0,0.2,0.1,3.0,0.3,0.084,13,55,0.0,0.12244897959183673,40,11,76,0,40,14|4|1|10|5|9,network_wide,116
random-sparse,50,0.01,0.03,0.0,0.2,0.1,3.0,0.3,0.084,14,56,0.0,0.14285714285714285,39,11,5,0,39,1|12|4|1|10|5|10,network_wide,114
random-sparse,50,0.01,0.03,0.0,0.2,0.1,3.0,0.3,0.084,15,57,0.0,0.12244897959183673,38,11,102,0,38,12|4|1|10|5|11,network_wide,119
random-sparse,50,0.01,0.03,0.0,0.2,0.1,3.0,0.3,0.084,16,58,0.0,0.12244897959183673,37,11,102,0,37,12|4|1|10|5|12,network_wide,98
random-sparse,50,0.01,0.03,0.0,0.2,0.1,3.0,0.3,0.084,17,59,0.0,0.12244897959183673,36,11,102,0,36,10|4|1|10|5|13,network_wide,120
random-sparse,50,0.01,0.03,0.0,0.2,0.1,3.0,0.3,0.084,18,60,0.0,0.12244897959183673,35,11,76,0,35,10|4|1|10|5|14,network_wide,106
random-sparse,50,0.01,0.03,0.0,0.2,0.1,3.0,0.3,0.084,19,61,0.0,0.12244897959183673,34,11,102,0,34,9|4|1|10|5|15,network_wide,110
random-sparse,50,0.01,0.03,0.0,0.2,0.1,3.0,0.3,0.084,20,62,0.0,0.12244897959183673,33,11,102,0,33,8|4|1|10|5|16,network_wide,114
random-sparse,50,0.01,0.03,0.0,0.2,0.1,3.0,0.3,0.084,21,63,0.0,0.12244897959183673,32,11,102,0,32,7|4|1|10|5|17,network_wide,114
random-sparse,50,0.01,0.03,0.0,0.2,0.1,3.0,0.3,0.084,22,64,0.0,0.14285714285714285,49,11,1,0,49,6|4|1|10|5|17,network_wide,122
random-sparse,50,0.01,0.03,0.0,0.2,0.1,3.0,0.3,0.084,23,65,0.0,0.12244897959183673,48,11,4,0,48,5|4|1|10|6|17|1,network_wide,120
random-sparse,50,0.01,0.03,0.0,0.2,0.1,3.0,0.3,0.084,24,66,0.0,0.14285714285714285,47,11,4,0,47,4|4|1|10|5|17|2,network_wide,103
random-sparse,50,0.01,0.03,0.0,0.2,0.1,3.0,0.3,0.084,25,67,0.0,0.14285714285714285,46,11,1,0,46,2|4|1|10|5|17|3,network_wide,127
random-sparse,50,0.01,0.03,0.0,0.2,0.1,3.0,0.3,0.084,26,68,0.0,0.14285714285714285,45,11,1,0,45,1|4|1|10|5|17|4,network_wide,114
random-sparse,50,0.01,0.03,0.0,0.2,0.1,3.0,0.3,0.084,27,69,0.0,0.14285714285714285,44,11,1,0,44,1|4|1|10|5|17|5,network_wide,105
random-sparse,50,0.01,0.03,0.0,0.2,0.1,3.0,0.3,0.084,28,70,0.0,0.12244897959183673,43,11,1,0,43,4|1|10|5|17|6,network_wide,125
random-sparse,50,0.01,0.03,0.0,0.2,0.1,3.0,0.3,0.084,29,71,0.0,0.12244897959183673,42,11,4,0,42,3|1|10|5|17|7,network_wide,116
random-sparse,50,0.01,0.03,0.0,0.2,0.1,3.0,0.3,0.084,30,72,0.0,0.12244897959183673,41,11,1,0,41,2|1|10|5|17|8,network_wide,108
random-sparse,50,0.01,0.03,0.0,0.2,0.1,3.0,0.3,0.084,31,73,0.0,0.10204081632653061,40,11,3,0,40,2|1|10|6|17|9,network_wide,111
random-sparse,50,0.01,0.03,0.0,0.2,0.1,3.0,0.3,0.084,32,74,0.0,0.12244897959183673,39,11,1,0,39,1|10|5|17|10,network_wide,108
random-sparse,50,0.01,0.03,0.0,0.2,0.1,3.0,0.3,0.084,33,75,0.0,0.10204081632653061,38,11,1,0,38,1|10|5|17|11,network_wide,128
random-sparse,50,0.01,0.03,0.0,0.2,0.1,3.0,0.3,0.084,34,76,0.0,0.10204081632653061,37,11,1,0,37,1|10|5|17|12,network_wide,111
random-sparse,50,0.01,0.03,0.0,0.2,0.1,3.0,0.3,0.084,35,77,0.0,0.08163265306122448,36,11,1,0,36,10|5|17|13,network_wide,131
random-sparse,50,0.01,0.03,0.0,0.2,0.1,3.0,0.3,0.084,36,78,0.0,0.08163265306122448,35,11,1,0,35,9|5|17|14,network_wide,110
random-sparse,50,0.01,0.03,0.0,0.2,0.1,3.0,0.3,0.084,37,79,0.0,0.08163265306122448,49,11,1,0,49,9|6|17|14,network_wide,111
random-sparse,50,0.01,0.03,0.0,0.2,0.1,3.0,0.3,0.084,38,80,0.0,0.08163265306122448,48,11,113,0,48,8|5|32|1,network_wide,110
random-sparse,50,0.01,0.03,0.0,0.2,0.1,3.0,0.3,0.084,39,81,0.0,0.10204081632653061,47,11,1,0,47,7|5|17|14|2,network_wide,117
random-sparse,50,0.01,0.03,0.0,0.2,0.1,3.0,0.3,0.084,40,82,0.0,0.10204081632653061,46,11,4,0,46,5|5|17|14|3,network_wide,108
random-sparse,50,0.01,0.03,0.0,0.2,0.1,3.0,0.3,0.084,41,83,0.0,0.10204081632653061,45,11,1,0,45,5|5|17|14|4,network_wide,105
random-sparse,50,0.01,0.03,0.0,0.2,0.1,3.0,0.3,0.084,42,84,0.0,0.10204081632653061,44,11,4,0,44,3|5|17|14|5,network_wide,131
random-sparse,50,0.01,0.03,0.0,0.2,0.1,3.0,0.3,0.084,43,85,0.0,0.10204081632653061,43,11,1,0,43,2|5|17|14|6,network_wide,110
random-sparse,50,0.01,0.03,0.0,0.2,0.1,3.0,0.3,0.084,44,86,0.0,0.08163265306122448,42,11,3,0,42,2|6|17|14|7,network_wide,124
random-sparse,50,0.01,0.03,0.0,0.2,0.1,3.0,0.3,0.084,45,87,0.0,0.10204081632653061,41,11,1,0,41,1|5|17|14|8,network_wide,126
random-sparse,50,0.01,0.03,0.0,0.2,0.1,3.0,0.3,0.084,46,88,0.0,0.061224489795918366,40,5,113,0,40,5|32|9,network_wide,107
random-sparse,50,0.01,0.03,0.0,0.2,0.1,3.0,0.3,0.084,47,89,0.0,0.061224489795918366,39,8,3,0,39,5|17|14|10,network_wide,117
random-sparse,50,0.01,0.03,0.0,0.2,0.1,3.0,0.3,0.084,48,90,0.0,0.08163265306122448,49,8,1,0,49,4|17|14|10,network_wide,124
random-sparse,50,0.01,0.03,0.0,0.2,0.1,3.0,0.3,0.084,49,91,0.0,0.08163265306122448,48,8,1,0,48,3|17|14|10|1,network_wide,116
random-sparse,50,0.01,0.03,0.0,0.2,0.1,3.0,0.3,0.086,0,42,0.0,0.14285714285714285,46,8,4,0,46,3|4|5|12|4|1|10|3,network_wide,111
random-sparse,50,0.01,0.03,0.0,0.2,0.1,3.0,0.3,0.086,1,43,0.0,0.16326530612244897,46,8,6,0,46,2|4|5|12|4|1|10|3,network_wide,125
random-sparse,50,0.01,0.03,0.0,0.2,0.1,3.0,0.3,0.086,2,44,0.0,0.16326530612244897,45,8,5,0,45,2|4|5|12|4|1|10|4,network_wide,133
random-sparse,50,0.01,0.03,0.0,0.2,0.1,3.0,0.3,0.086,3,45,0.0,0.16326530612244897,44,8,4,0,44,1|4|5|12|4|1|10|5,network_wide,120
random-sparse,50,0.01,0.03,0.0,0.2,0.1,3.0,0.3,0.086,4,46,0.0,0.16326530612244897,49,8,5,0,49,4|5|12|4|1|10|5,network_wide,123
random-sparse,50,0.01,0.03,0.0,0.2,0.1,3.0,0.3,0.086,5,47,0.0,0.14285714285714285,48,8,5,0,48,3|5|12|4|1|10|6|1,network_wide,125
random-sparse,50,0.01,0.03,0.0,0.2,0.1,3.0,0.3,0.086,6,48,0.0,0.16326530612244897,47,8,5,0,47,3|5|12|4|1|10|5|2,network_wide,111
random-sparse,50,0.01,0.03,0.0,0.2,0.1,3.0,0.3,0.086,7,49,0.0,0.16326530612244897,46,8,5,0,46,1|5|12|4|1|10|5|3,network_wide,116
random-sparse,50,0.01,0.03,0.0,0.2,0.1,3.0,0.3,0.086,8,50,0.0,0.14285714285714285,45,8,5,0,45,1|5|12|4|1|10|6|4,network_wide,110
random-sparse,50,0.01,0.03,0.0,0.2,0.1,3.0,0.3,0.086,9,51,0.0,0.14285714285714285,44,8,6,0,44,5|12|4|1|10|5|5,network_wide,132
random-sparse,50,0.01,0.03,0.0,0.2,0.1,3.0,0.3,0.086,10,52,0.0,0.12244897959183673,43,8,102,0,43,17|4|1|10|5|6,network_wide,127
random-sparse,50,0.01,0.03,0.0,0.2,0.1,3.0,0.3,0.086,11,53,0.0,0.14285714285714285,42,8,5,0,42,3|12|4|1|10|5|7,network_wide,114
random-sparse,50,0.01,0.03,0.0,0.2,0.1,3.0,0.3,0.086,12,54,0.0,0.12244897959183673,41,8,102,0,41,16|4|1|10|5|8,network_wide,128
random-sparse,50,0.01,0.03,0.0,0.2,0.1,3.0,0.3,0.086,13,55,0.0,0.10204081632653061,40,8,102,0,40,14|4|1|10|6|9,network_wide,116
random-sparse,50,0.01,0.03,0.0,0.2,0.1,3.0,0.3,0.086,14,56,0.0,0.14285714285714285,39,8,5,0,39,1|12|4|1|10|5|10,network_wide,114
random-sparse,50,0.01,0.03,0.0,0.2,0.1,3.0,0.3,0.086,15,57,0.0,0.10204081632653061,38,8,102,0,38,12|4|1|10|6|11,network_wide,119
random-sparse,50,0.01,0.03,0.0,0.2,0.1,3.0,0.3,0.086,16,58,0.0,0.12244897959183673,37,8,102,0,37,12|4|1|10|5|12,network_wide,98
random-sparse,50,0.01,0.03,0.0,0.2,0.1,3.0,0.3,0.086,17,59,0.0,0.12244897959183673,36,8,102,0,36,10|4|1|10|5|13,network_wide,120
random-sparse,50,0.01,0.03,0.0,0.2,0.1,3.0,0.3,0.086,18,60,0.0,0.10204081632653061,35,8,102,0,35,10|4|1|10|6|14,network_wide,106
random-sparse,50,0.01,0.03,0.0,0.2,0.1,3.0,0.3,0.086,19,61,0.0,0.10204081632653061,34,8,102,0,34,9|4|1|10|6|15,network_wide,110
random-sparse,50,0.01,0.03,0.0,0.2,0.1,3.0,0.3,0.086,20,62,0.0,0.12244897959183673,33,8,102,0,33,8|4|1|10|5|16,network_wide,114
random-sparse,50,0.01,0.03,0.0,0.2,0.1,3.0,0.3,0.086,21,63,0.0,0.12244897959183673,32,8,102,0,32,7|4|1|10|5|17,network_wide,114
random-sparse,50,0.01,0.03,0.0,0.2,0.1,3.0,0.3,0.086,22,64,0.0,0.12244897959183673,49,8,1,0,49,6|4|1|10|6|17,network_wide,122
random-sparse,50,0.01,0.03,0.0,0.2,0.1,3.0,0.3,0.086,23,65,0.0,0.12244897959183673,48,8,4,0,48,5|4|1|10|6|17|1,network_wide,120
random-sparse,50,0.01,0.03,0.0,0.2,0.1,3.0,0.3,0.086,24,66,0.0,0.14285714285714285,47,8,4,0,47,4|4|1|10|5|17|2,network_wide,103
random-sparse,50,0.01,0.03,0.0,0.2,0.1,3.0,0.3,0.086,25,67,0.0,0.12244897959183673,46,8,1,0,46,2|4|1|10|6|17|3,network_wide,127
random-sparse,50,0.01,0.03,0.0,0.2,0.1,3.0,0.3,0.086,26,68,0.0,0.12244897959183673,45,8,1,0,45,1|4|1|10|6|17|4,network_wide,114
random-sparse,50,0.01,0.03,0.0,0.2,0.1,3.0,0.3,0.086,27,69,0.0,0.14285714285714285,44,8,1,0,44,1|4|1|10|5|17|5,network_wide,105
random-sparse,50,0.01,0.03,0.0,0.2,0.1,3.0,0.3,0.086,28,70,0.0,0.12244897959183673,43,8,1,0,43,4|1|10|5|17|6,network_wide,125
random-sparse,50,0.01,0.03,0.0,0.2,0.1,3.0,0.3,0.086,29,71,0.0,0.12244897959183673,42,8,4,0,42,3|1|10|5|17|7,network_wide,116
random-sparse,50,0.01,0.03,0.0,0.2,0.1,3.0,0.3,0.086,30,72,0.0,0.12244897959183673,41,8,1,0,41,2|1|10|5|17|8,network_wide,108
random-sparse,50,0.01,0.03,0.0,0.2,0.1,3.0,0.3,0.086,31,73,0.0,0.10204081632653061,40,8,3,0,40,2|1|10|6|17|9,network_wide,111
random-sparse,50,0.01,0.03,0.0,0.2,0.1,3.0,0.3,0.086,32,74,0.0,0.12244897959183673,39,8,1,0,39,1|10|5|17|10,network_wide,108
random-sparse,50,0.01,0.03,0.0,0.2,0.1,3.0,0.3,0.086,33,75,0.0,0.08163265306122448,38,8,1,0,38,1|10|6|17|11,network_wide,128
random-sparse,50,0.01,0.03,0.0,0.2,0.1,3.0,0.3,0.086,34,76,0.0,0.10204081632653061,37,8,1,0,37,1|10|5|17|12,network_wide,111
random-sparse,50,0.01,0.03,0.0,0.2,0.1,3.0,0.3,0.086,35,77,0.0,0.061224489795918366,36,8,1,0,36,10|6|17|13,network_wide,131
random-sparse,50,0.01,0.03,0.0,0.2,0.1,3.0,0.3,0.086,36,78,0.0,0.08163265306122448,35,8,1,0,35,9|5|17|14,network_wide,110
random-sparse,50,0.01,0.03,0.0,0.2,0.1,3.0,0.3,0.086,37,79,0.0,0.08163265306122448,49,8,1,0,49,9|6|17|14,network_wide,111
random-sparse,50,0.01,0.03,0.0,0.2,0.1,3.0,0.3,0.086,38,80,0.0,0.061224489795918366,48,8,113,0,48,8|6|32|1,network_wide,110
random-sparse,50,0.01,0.03,0.0,0.2,0.1,3.0,0.3,0.086,39,81,0.0,0.08163265306122448,47,8,1,0,47,7|6|17|14|2,network_wide,117
random-sparse,50,0.01,0.03,0.0,0.2,0.1,3.0,0.3,0.086,40,82,0.0,0.10204081632653061,46,8,4,0,46,5|5|17|14|3,network_wide,108
random-sparse,50,0.01,0.03,0.0,0.2,0.1,3.0,0.3,0.086,41,83,0.0,0.10204081632653061,45,8,1,0,45,5|5|17|14|4,network_wide,105
random-sparse,50,0.01,0.03,0.0,0.2,0.1,3.0,0.3,0.086,42,84,0.0,0.10204081632653061,44,8,4,0,44,3|5|17|14|5,network_wide,131
random-sparse,50,0.01,0.03,0.0,0.2,0.1,3.0,0.3,0.086,43,85,0.0,0.10204081632653061,43,8,1,0,43,2|5|17|14|6,network_wide,110
random-sparse,50,0.01,0.03,0.0,0.2,0.1,3.0,0.3,0.086,44,86,0.0,0.08163265306122448,42,8,4,0,42,2|6|17|14|7,network_wide,124
random-sparse,50,0.01,0.03,0.0,0.2,0.1,3.0,0.3,0.086,45,87,0.0,0.10204081632653061,41,8,1,0,41,1|5|17|14|8,network_wide,126
random-sparse,50,0.01,0.03,0.0,0.2,0.1,3.0,0.3,0.086,46,88,0.0,0.04081632653061224,40,5,113,0,40,6|32|9,network_wide,107
random-sparse,50,0.01,0.03,0.0,0.2,0.1,3.0,0.3,0.086,47,89,0.0,0.061224489795918366,39,8,3,0,39,5|17|14|10,network_wide,117
random-sparse,50,0.01,0.03,0.0,0.2,0.1,3.0,0.3,0.086,48,90,0.0,0.08163265306122448,49,8,1,0,49,4|17|14|10,network_wide,124
random-sparse,50,0.01,0.03,0.0,0.2,0.1,3.0,0.3,0.086,49,91,0.0,0.08163265306122448,48,8,1,0,48,4|17|14|10|1,network_wide,116
random-sparse,50,0.01,0.03,0.0,0.2,0.1,3.0,0.3,0.088,0,42,0.0,0.12244897959183673,46,8,4,0,46,8|5|12|4|1|10|3,network_wide,111
random-sparse,50,0.01,0.03,0.0,0.2,0.1,3.0,0.3,0.088,1,43,0.0,0.14285714285714285,45,8,6,0,45,2|4|5|12|4|1|10|4,network_wide,125
random-sparse,50,0.01,0.03,0.0,0.2,0.1,3.0,0.3,0.088,2,44,0.0,0.16326530612244897,45,8,5,0,45,2|4|5|12|4|1|10|4,network_wide,133
random-sparse,50,0.01,0.03,0.0,0.2,0.1,3.0,0.3,0.088,3,45,0.0,0.16326530612244897,44,8,4,0,44,1|4|5|12|4|1|10|5,network_wide,120
random-sparse,50,0.01,0.03,0.0,0.2,0.1,3.0,0.3,0.088,4,46,0.0,0.16326530612244897,49,8,5,0,49,4|5|12|4|1|10|5,network_wide,123
random-sparse,50,0.01,0.03,0.0,0.2,0.1,3.0,0.3,0.088,5,47,0.0,0.14285714285714285,48,8,6,0,48,3|5|12|4|1|10|6|1,network_wide,125
random-sparse,50,0.01,0.03,0.0,0.2,0.1,3.0,0.3,0.088,6,48,0.0,0.16326530612244897,47,8,5,0,47,3|5|12|4|1|10|5|2,network_wide,111
random-sparse,50,0.01,0.03,0.0,0.2,0.1,3.0,0.3,0.088,7,49,0.0,0.16326530612244897,46,8,5,0,46,1|5|12|4|1|10|5|3,network_wide,116
random-sparse,50,0.01,0.03,0.0,0.2,0.1,3.0,0.3,0.088,8,50,0.0,0.14285714285714285,45,8,5,0,45,1|5|12|4|1|10|6|4,network_wide,110
random-sparse,50,0.01,0.03,0.0,0.2,0.1,3.0,0.3,0.088,9,51,0.0,0.10204081632653061,44,8,102,0,44,18|4|1|10|6|5,network_wide,132
random-sparse,50,0.01,0.03,0.0,0.2,0.1,3.0,0.3,0.088,10,52,0.0,0.12244897959183673,43,8,102,0,43,17|4|1|10|5|6,network_wide,127
random-sparse,50,0.01,0.03,0.0,0.2,0.1,3.0,0.3,0.088,11,53,0.0,0.14285714285714285,42,8,5,0,42,3|12|4|1|10|5|7,network_wide,114
random-sparse,50,0.01,0.03,0.0,0.2,0.1,3.0,0.3,0.088,12,54,0.0,0.12244897959183673,41,8,102,0,41,16|4|1|10|5|8,network_wide,128
random-sparse,50,0.01,0.03,0.0,0.2,0.1,3.0,0.3,0.088,13,55,0.0,0.10204081632653061,40,8,102,0,40,14|4|1|10|6|9,network_wide,116
random-sparse,50,0.01,0.03,0.0,0.2,0.1,3.0,0.3,0.088,14,56,0.0,0.14285714285714285,39,8,6,0,39,1|12|4|1|10|5|10,network_wide,114
random-sparse,50,0.01,0.03,0.0,0.2,0.1,3.0,0.3,0.088,15,57,0.0,0.10204081632653061,38,8,102,0,38,12|4|1|10|6|11,network_wide,119
random-sparse,50,0.01,0.03,0.0,0.2,0.1,3.0,0.3,0.088,16,58,0.0,0.12244897959183673,37,8,102,0,37,12|4|1|10|5|12,network_wide,98
random-sparse,50,0.01,0.03,0.0,0.2,0.1,3.0,0.3,0.088,17,59,0.0,0.12244897959183673,36,8,102,0,36,10|4|1|10|5|13,network_wide,120
random-sparse,50,0.01,0.03,0.0,0.2,0.1,3.0,0.3,0.088,18,60,0.0,0.10204081632653061,35,8,102,0,35,10|4|1|10|6|14,network_wide,106
random-sparse,50,0.01,0.03,0.0,0.2,0.1,3.0,0.3,0.088,19,61,0.0,0.10204081632653061,34,8,102,0,34,9|4|1|10|6|15,network_wide,110
random-sparse,50,0.01,0.03,0.0,0.2,0.1,3.0,0.3,0.088,20,62,0.0,0.10204081632653061,33,8,102,0,33,8|4|1|10|6|16,network_wide,114
random-sparse,50,0.01,0.03,0.0,0.2,0.1,3.0,0.3,0.088,21,63,0.0,0.12244897959183673,32,8,102,0,32,7|4|1|10|5|17,network_wide,114
random-sparse,50,0.01,0.03,0.0,0.2,0.1,3.0,0.3,0.088,22,64,0.0,0.12244897959183673,49,8,1,0,49,6|4|1|10|6|17,network_wide,122
random-sparse,50,0.01,0.03,0.0,0.2,0.1,3.0,0.3,0.088,23,65,0.0,0.12244897959183673,48,8,4,0,48,5|4|1|10|6|17|1,network_wide,120
random-sparse,50,0.01,0.03,0.0,0.2,0.1,3.0,0.3,0.088,24,66,0.0,0.12244897959183673,47,8,4,0,47,4|4|1|10|6|17|2,network_wide,103
random-sparse,50,0.01,0.03,0.0,0.2,0.1,3.0,0.3,0.088,25,67,0.0,0.12244897959183673,46,8,1,0,46,2|4|1|10|6|17|3,network_wide,127
random-sparse,50,0.01,0.03,0.0,0.2,0.1,3.0,0.3,0.088,26,68,0.0,0.12244897959183673,45,8,1,0,45,1|4|1|10|6|17|4,network_wide,114
random-sparse,50,0.01,0.03,0.0,0.2,0.1,3.0,0.3,0.088,27,69,0.0,0.12244897959183673,44,8,1,0,44,1|4|1|10|6|17|5,network_wide,105
random-sparse,50,0.01,0.03,0.0,0.2,0.1,3.0,0.3,0.088,28,70,0.0,0.10204081632653061,43,8,1,0,43,4|1|10|6|17|6,network_wide,125
random-sparse,50,0.01,0.03,0.0,0.2,0.1,3.0,0.3,0.088,29,71,0.0,0.10204081632653061,42,8,4,0,42,3|1|10|6|17|7,network_wide,116
random-sparse,50,0.01,0.03,0.0,0.2,0.1,3.0,0.3,0.088,30,72,0.0,0.10204081632653061,41,8,1,0,41,2|1|10|6|17|8,network_wide,108
random-sparse,50,0.01,0.03,0.0,0.2,0.1,3.0,0.3,0.088,31,73,0.0,0.10204081632653061,40,8,3,0,40,2|1|10|6|17|9,network_wide,111
random-sparse,50,0.01,0.03,0.0,0.2,0.1,3.0,0.3,0.088,32,74,0.0,0.12244897959183673,39,8,1,0,39,1|10|5|17|10,network_wide,108
random-sparse,50,0.01,0.03,0.0,0.2,0.1,3.0,0.3,0.088,33,75,0.0,0.08163265306122448,38,8,1,0,38,1|10|6|17|11,network_wide,128
random-sparse,50,0.01,0.03,0.0,0.2,0.1,3.0,0.3,0.088,34,76,0.0,0.08163265306122448,37,8,1,0,37,1|10|6|17|12,network_wide,111
random-sparse,50,0.01,0.03,0.0,0.2,0.1,3.0,0.3,0.088,35,77,0.0,0.061224489795918366,36,8,1,0,36,10|6|17|13,network_wide,131
random-sparse,50,0.01,0.03,0.0,0.2,0.1,3.0,0.3,0.088,36,78,0.0,0.061224489795918366,35,8,1,0,35,9|6|17|14,network_wide,110
random-sparse,50,0.01,0.03,0.0,0.2,0.1,3.0,0.3,0.088,37,79,0.0,0.08163265306122448,49,8,1,0,49,9|6|17|14,network_wide,111
random-sparse,50,0.01,0.03,0.0,0.2,0.1,3.0,0.3,0.088,38,80,0.0,0.061224489795918366,48,8,113,0,48,8|6|32|1,network_wide,110
random-sparse,50,0.01,0.03,0.0,0.2,0.1,3.0,0.3,0.088,39,81,0.0,0.08163265306122448,47,8,1,0,47,7|6|17|14|2,network_wide,117
random-sparse,50,0.01,0.03,0.0,0.2,0.1,3.0,0.3,0.088,40,82,0.0,0.08163265306122448,46,8,4,0,46,5|6|17|14|3,network_wide,108
random-sparse,50,0.01,0.03,0.0,0.2,0.1,3.0,0.3,0.088,41,83,0.0,0.08163265306122448,45,8,1,0,45,5|6|17|14|4,network_wide,105
random-sparse,50,0.01,0.03,0.0,0.2,0.1,3.0,0.3,0.088,42,84,0.0,0.10204081632653061,44,8,4,0,44,3|5|17|14|5,network_wide,131
random-sparse,50,0.01,0.03,0.0,0.2,0.1,3.0,0.3,0.088,43,85,0.0,0.08163265306122448,43,8,1,0,43,2|6|17|14|6,network_wide,110
random-sparse,50,0.01,0.03,0.0,0.2,0.1,3.0,0.3,0.088,44,86,0.0,0.08163265306122448,42,8,4,0,42,2|6|17|14|7,network_wide,124
random-sparse,50,0.01,0.03,0.0,0.2,0.1,3.0,0.3,0.088,45,87,0.0,0.08163265306122448,41,8,1,0,41,1|6|17|14|8,network_wide,126
random-sparse,50,0.01,0.03,0.0,0.2,0.1,3.0,0.3,0.088,46,88,0.0,0.04081632653061224,40,5,113,0,40,6|32|9,network_wide,107
random-sparse,50,0.01,0.03,0.0,0.2,0.1,3.0,0.3,0.088,47,89,0.0,0.061224489795918366,39,5,3,0,39,5|17|14|10,network_wide,117
random-sparse,50,0.01,0.03,0.0,0.2,0.1,3.0,0.3,0.088,48,90,0.0,0.08163265306122448,49,8,1,0,49,4|17|14|10,network_wide,124
random-sparse,50,0.01,0.03,0.0,0.2,0.1,3.0,0.3,0.088,49,91,0.0,0.08163265306122448,48,8,1,0,48,4|17|14|10|1,network_wide,116
random-sparse,50,0.01,0.03,0.0,0.2,0.1,3.0,0.3,0.09,0,42,0.0,0.14285714285714285,46,8,5,0,46,3|4|5|12|4|1|10|3,network_wide,111
random-sparse,50,0.01,0.03,0.0,0.2,0.1,3.0,0.3,0.09,1,43,0.0,0.14285714285714285,45,8,6,0,45,2|4|5|12|4|1|10|4,network_wide,125
random-sparse,50,0.01,0.03,0.0,0.2,0.1,3.0,0.3,0.09,2,44,0.0,0.16326530612244897,45,8,5,0,45,2|4|5|12|4|1|10|4,network_wide,133
random-sparse,50,0.01,0.03,0.0,0.2,0.1,3.0,0.3,0.09,3,45,0.0,0.16326530612244897,44,8,4,0,44,1|4|5|12|4|1|10|5,network_wide,120
random-sparse,50,0.01,0.03,0.0,0.2,0.1,3.0,0.3,0.09,4,46,0.0,0.16326530612244897,49,8,5,0,49,4|5|12|4|1|10|5,network_wide,123
random-sparse,50,0.01,0.03,0.0,0.2,0.1,3.0,0.3,0.09,5,47,0.0,0.14285714285714285,48,8,6,0,48,3|5|12|4|1|10|6|1,network_wide,125
random-sparse,50,0.01,0.03,0.0,0.2,0.1,3.0,0.3,0.09,6,48,0.0,0.16326530612244897,47,8,5,0,47,3|5|12|4|1|10|5|2,network_wide,111
random-sparse,50,0.01,0.03,0.0,0.2,0.1,3.0,0.3,0.09,7,49,0.0,0.16326530612244897,46,8,5,0,46,1|5|12|4|1|10|5|3,network_wide,116
random-sparse,50,0.01,0.03,0.0,0.2,0.1,3.0,0.3,0.09,8,50,0.0,0.14285714285714285,45,8,5,0,45,1|5|12|4|1|10|6|4,network_wide,110
random-sparse,50,0.01,0.03,0.0,0.2,0.1,3.0,0.3,0.09,9,51,0.0,0.10204081632653061,44,8,102,0,44,18|4|1|10|6|5,network_wide,132
random-sparse,50,0.01,0.03,0.0,0.2,0.1,3.0,0.3,0.09,10,52,0.0,0.12244897959183673,43,8,102,0,43,17|4|1|10|5|6,network_wide,127
random-sparse,50,0.01,0.03,0.0,0.2,0.1,3.0,0.3,0.09,11,53,0.0,0.14285714285714285,42,8,6,0,42,3|12|4|1|10|5|7,network_wide,114
random-sparse,50,0.01,0.03,0.0,0.2,0.1,3.0,0.3,0.09,12,54,0.0,0.12244897959183673,41,8,102,0,41,16|4|1|10|5|8,network_wide,128
random-sparse,50,0.01,0.03,0.0,0.2,0.1,3.0,0.3,0.09,13,55,0.0,0.10204081632653061,40,8,102,0,40,14|4|1|10|6|9,network_wide,116
random-sparse,50,0.01,0.03,0.0,0.2,0.1,3.0,0.3,0.09,14,56,0.0,0.14285714285714285,39,8,6,0,39,1|12|4|1|10|5|10,network_wide,114
random-sparse,50,0.01,0.03,0.0,0.2,0.1,3.0,0.3,0.09,15,57,0.0,0.10204081632653061,38,8,102,0,38,12|4|1|10|6|11,network_wide,119
random-sparse,50,0.01,0.03,0.0,0.2,0.1,3.0,0.3,0.09,16,58,0.0,0.12244897959183673,37,8,102,0,37,12|4|1|10|5|12,network_wide,98
random-sparse,50,0.01,0.03,0.0,0.2,0.1,3.0,0.3,0.09,17,59,0.0,0.12244897959183673,36,8,102,0,36,10|4|1|10|5|13,network_wide,120
random-sparse,50,0.01,0.03,0.0,0.2,0.1,3.0,0.3,0.09,18,60,0.0,0.10204081632653061,35,8,102,0,35,10|4|1|10|6|14,network_wide,106
random-sparse,50,0.01,0.03,0.0,0.2,0.1,3.0,0.3,0.09,19,61,0.0,0.10204081632653061,34,8,102,0,34,9|4|1|10|6|15,network_wide,110
random-sparse,50,0.01,0.03,0.0,0.2,0.1,3.0,0.3,0.09,20,62,0.0,0.10204081632653061,33,8,102,0,33,8|4|1|10|6|16,network_wide,114
random-sparse,50,0.01,0.03,0.0,0.2,0.1,3.0,0.3,0.09,21,63,0.0,0.10204081632653061,32,8,102,0,32,7|4|1|10|6|17,network_wide,114
random-sparse,50,0.01,0.03,0.0,0.2,0.1,3.0,0.3,0.09,22,64,0.0,0.12244897959183673,49,8,1,0,49,6|4|1|10|6|17,network_wide,122
random-sparse,50,0.01,0.03,0.0,0.2,0.1,3.0,0.3,0.09,23,65,0.0,0.12244897959183673,48,8,4,0,48,5|4|1|10|6|17|1,network_wide,120
random-sparse,50,0.01,0.03,0.0,0.2,0.1,3.0,0.3,0.09,24,66,0.0,0.12244897959183673,47,8,4,0,47,4|4|1|10|6|17|2,network_wide,103
random-sparse,50,0.01,0.03,0.0,0.2,0.1,3.0,0.3,0.09,25,67,0.0,0.12244897959183673,46,8,1,0,46,2|4|1|10|6|17|3,network_wide,127
random-sparse,50,0.01,0.03,0.0,0.2,0.1,3.0,0.3,0.09,26,68,0.0,0.12244897959183673,45,8,1,0,45,1|4|1|10|6|17|4,network_wide,114
random-sparse,50,0.01,0.03,0.0,0.2,0.1,3.0,0.3,0.09,27,69,0.0,0.12244897959183673,44,8,1,0,44,1|4|1|10|6|17|5,network_wide,105
random-sparse,50,0.01,0.03,0.0,0.2,0.1,3.0,0.3,0.09,28,70,0.0,0.10204081632653061,43,8,1,0,43,4|1|10|6|17|6,network_wide,125
random-sparse,50,0.01,0.03,0.0,0.2,0.1,3.0,0.3,0.09,29,71,0.0,0.10204081632653061,42,8,4,0,42,3|1|10|6|17|7,network_wide,116
random-sparse,50,0.01,0.03,0.0,0.2,0.1,3.0,0.3,0.09,30,72,0.0,0.10204081632653061,41,8,1,0,41,2|1|10|6|17|8,network_wide,108
random-sparse,50,0.01,0.03,0.0,0.2,0.1,3.0,0.3,0.09,31,73,0.0,0.10204081632653061,40,8,3,0,40,2|1|10|6|17|9,network_wide,111
random-sparse,50,0.01,0.03,0.0,0.2,0.1,3.0,0.3,0.09,32,74,0.0,0.10204081632653061,39,8,1,0,39,1|10|6|17|10,network_wide,108
random-sparse,50,0.01,0.03,0.0,0.2,0.1,3.0,0.3,0.09,33,75,0.0,0.08163265306122448,38,8,1,0,38,1|10|6|17|11,network_wide,128
random-sparse,50,0.01,0.03,0.0,0.2,0.1,3.0,0.3,0.09,34,76,0.0,0.08163265306122448,37,8,1,0,37,1|10|6|17|12,network_wide,111
random-sparse,50,0.01,0.03,0.0,0.2,0.1,3.0,0.3,0.09,35,77,0.0,0.061224489795918366,36,8,1,0,36,10|6|17|13,network_wide,131
random-sparse,50,0.01,0.03,0.0,0.2,0.1,3.0,0.3,0.09,36,78,0.0,0.061224489795918366,35,8,1,0,35,9|6|17|14,network_wide,110
random-sparse,50,0.01,0.03,0.0,0.2,0.1,3.0,0.3,0.09,37,79,0.0,0.08163265306122448,49,8,1,0,49,9|6|17|14,network_wide,111
random-sparse,50,0.01,0.03,0.0,0.2,0.1,3.0,0.3,0.09,38,80,0.0,0.061224489795918366,48,8,113,0,48,8|6|32|1,network_wide,110
random-sparse,50,0.01,0.03,0.0,0.2,0.1,3.0,0.3,0.09,39,81,0.0,0.08163265306122448,47,8,1,0,47,7|6|17|14|2,network_wide,117
random-sparse,50,0.01,0.03,0.0,0.2,0.1,3.0,0.3,0.09,40,82,0.0,0.08163265306122448,46,8,4,0,46,5|6|17|14|3,network_wide,108
random-sparse,50,0.01,0.03,0.0,0.2,0.1,3.0,0.3,0.09,41,83,0.0,0.08163265306122448,45,8,1,0,45,5|6|17|14|4,network_wide,105
random-sparse,50,0.01,0.03,0.0,0.2,0.1,3.0,0.3,0.09,42,84,0.0,0.08163265306122448,44,8,4,0,44,3|6|17|14|5,network_wide,131
random-sparse,50,0.01,0.03,0.0,0.2,0.1,3.0,0.3,0.09,43,85,0.0,0.08163265306122448,43,8,1,0,43,2|6|17|14|6,network_wide,110
random-sparse,50,0.01,0.03,0.0,0.2,0.1,3.0,0.3,0.09,44,86,0.0,0.08163265306122448,42,8,4,0,42,2|6|17|14|7,network_wide,124
random-sparse,50,0.01,0.03,0.0,0.2,0.1,3.0,0.3,0.09,45,87,0.0,0.08163265306122448,41,8,1,0,41,1|6|17|14|8,network_wide,126
random-sparse,50,0.01,0.03,0.0,0.2,0.1,3.0,0.3,0.09,46,88,0.0,0.04081632653061224,40,5,113,0,40,6|32|9,network_wide,107
random-sparse,50,0.01,0.03,0.0,0.2,0.1,3.0,0.3,0.09,47,89,0.0,0.061224489795918366,39,5,3,0,39,5|17|14|10,network_wide,117
random-sparse,50,0.01,0.03,0.0,0.2,0.1,3.0,0.3,0.09,48,90,0.0,0.08163265306122448,49,8,1,0,49,4|17|14|10,network_wide,124
random-sparse,50,0.01,0.03,0.0,0.2,0.1,3.0,0.3,0.09,49,91,0.0,0.08163265306122448,48,8,1,0,48,4|17|14|10|1,network_wide,116
fully-connected,50,0.01,0.02,0.0,0.2,0.1,3.0,0.3,0.06,0,42,0.0,0.2653061224489796,47,20,4,1,47,3|4|5|1|2|4|2|4|9|2,hub_localized,1225
fully-connected,50,0.01,0.02,0.0,0.2,0.1,3.0,0.3,0.06,1,43,0.0,0.2857142857142857,46,20,5,1,46,2|3|5|1|2|4|2|4|9|3,hub_localized,1225
fully-connected,50,0.01,0.02,0.0,0.2,0.1,3.0,0.3,0.06,2,44,0.0,0.2857142857142857,45,20,4,1,45,2|3|5|1|2|4|2|4|9|4,hub_localized,1225
fully-connected,50,0.01,0.02,0.0,0.2,0.1,3.0,0.3,0.06,3,45,0.0,0.2857142857142857,44,26,4,1,44,1|3|5|1|2|4|2|4|9|5,hub_localized,1225
fully-connected,50,0.01,0.02,0.0,0.2,0.1,3.0,0.3,0.06,4,46,0.0,0.2857142857142857,49,26,4,1,49,3|5|1|2|4|2|4|9|5,hub_localized,1225
fully-connected,50,0.01,0.02,0.0,0.2,0.1,3.0,0.3,0.06,5,47,0.0,0.2653061224489796,48,20,5,1,48,3|5|1|2|4|2|4|9|5|1,hub_localized,1225
fully-connected,50,0.01,0.02,0.0,0.2,0.1,3.0,0.3,0.06,6,48,0.0,0.2653061224489796,47,20,4,1,47,3|5|1|2|4|2|4|9|5|2,hub_localized,1225
fully-connected,50,0.01,0.02,0.0,0.2,0.1,3.0,0.3,0.06,7,49,0.0,0.2653061224489796,46,20,5,1,46,1|5|1|2|4|2|4|9|5|3,hub_localized,1225
fully-connected,50,0.01,0.02,0.0,0.2,0.1,3.0,0.3,0.06,8,50,0.0,0.2653061224489796,45,20,5,1,45,1|5|1|2|4|2|4|9|5|4,hub_localized,1225
fully-connected,50,0.01,0.02,0.0,0.2,0.1,3.0,0.3,0.06,9,51,0.0,0.24489795918367346,44,20,5,1,44,5|1|2|4|2|4|9|5|5,hub_localized,1225
fully-connected,50,0.01,0.02,0.0,0.2,0.1,3.0,0.3,0.06,10,52,0.0,0.24489795918367346,43,20,6,1,43,4|1|2|4|2|4|9|5|6,hub_localized,1225
fully-connected,50,0.01,0.02,0.0,0.2,0.1,3.0,0.3,0.06,11,53,0.0,0.24489795918367346,42,20,5,1,42,3|1|2|4|2|4|9|5|7,hub_localized,1225
fully-connected,50,0.01,0.02,0.0,0.2,0.1,3.0,0.3,0.06,12,54,0.0,0.24489795918367346,41,20,5,1,41,3|1|2|4|2|4|9|5|8,hub_localized,1225
fully-connected,50,0.01,0.02,0.0,0.2,0.1,3.0,0.3,0.06,13,55,0.0,0.24489795918367346,40,20,5,1,40,1|1|2|4|2|4|9|5|9,hub_localized,1225
fully-connected,50,0.01,0.02,0.0,0.2,0.1,3.0,0.3,0.06,14,56,0.0,0.24489795918367346,39,20,5,1,39,1|1|2|4|2|4|9|5|10,hub_localized,1225
fully-connected,50,0.01,0.02,0.0,0.2,0.1,3.0,0.3,0.06,15,57,0.0,0.22448979591836735,38,20,15,1,38,1|2|4|2|4|9|5|11,hub_localized,1225
fully-connected,50,0.01,0.02,0.0,0.2,0.1,3.0,0.3,0.06,16,58,0.0,0.22448979591836735,37,20,15,1,37,1|2|4|2|4|9|5|12,hub_localized,1225
fully-connected,50,0.01,0.02,0.0,0.2,0.1,3.0,0.3,0.06,17,59,0.0,0.20408163265306123,36,20,16,1,36,2|4|2|4|9|5|13,hub_localized,1225
fully-connected,50,0.01,0.02,0.0,0.2,0.1,3.0,0.3,0.06,18,60,0.0,0.20408163265306123,35,20,16,1,35,2|4|2|4|9|5|14,hub_localized,1225
fully-connected,50,0.01,0.02,0.0,0.2,0.1,3.0,0.3,0.06,19,61,0.0,0.20408163265306123,34,20,15,1,34,1|4|2|4|9|5|15,hub_localized,1225
fully-connected,50,0.01,0.02,0.0,0.2,0.1,3.0,0.3,0.06,20,62,0.0,0.1836734693877551,33,20,16,0,33,4|2|4|9|5|16,hub_localized,1225
fully-connected,50,0.01,0.02,0.0,0.2,0.1,3.0,0.3,0.06,21,63,0.0,0.1836734693877551,32,20,15,0,32,4|2|4|9|5|17,hub_localized,1225
fully-connected,50,0.01,0.02,0.0,0.2,0.1,3.0,0.3,0.06,22,64,0.0,0.20408163265306123,49,20,1,1,49,3|2|4|9|5|17,hub_localized,1225
fully-connected,50,0.01,0.02,0.0,0.2,0.1,3.0,0.3,0.06,23,65,0.0,0.20408163265306123,48,20,3,1,48,2|2|4|9|5|17|1,hub_localized,1225
fully-connected,50,0.01,0.02,0.0,0.2,0.1,3.0,0.3,0.06,24,66,0.0,0.20408163265306123,47,20,3,1,47,1|2|4|9|5|17|2,hub_localized,1225
fully-connected,50,0.01,0.02,0.0,0.2,0.1,3.0,0.3,0.06,25,67,0.0,0.1836734693877551,46,20,1,0,46,2|4|9|5|17|3,hub_localized,1225
fully-connected,50,0.01,0.02,0.0,0.2,0.1,3.0,0.3,0.06,26,68,0.0,0.1836734693877551,45,20,1,0,45,1|4|9|5|17|4,hub_localized,1225
fully-connected,50,0.01,0.02,0.0,0.2,0.1,3.0,0.3,0.06,27,69,0.0,0.1836734693877551,44,20,1,0,44,1|4|9|5|17|5,hub_localized,1225
fully-connected,50,0.01,0.02,0.0,0.2,0.1,3.0,0.3,0.06,28,70,0.0,0.16326530612244897,43,20,1,0,43,4|9|5|17|6,hub_localized,1225
fully-connected,50,0.01,0.02,0.0,0.2,0.1,3.0,0.3,0.06,29,71,0.0,0.20408163265306123,49,20,3,1,49,3|9|5|17|5,hub_localized,1225
fully-connected,50,0.01,0.02,0.0,0.2,0.1,3.0,0.3,0.06,30,72,0.0,0.20408163265306123,48,20,1,1,48,2|9|5|17|5|1,hub_localized,1225
fully-connected,50,0.01,0.02,0.0,0.2,0.1,3.0,0.3,0.06,31,73,0.0,0.20408163265306123,47,20,3,1,47,2|9|5|17|5|2,hub_localized,1225
fully-connected,50,0.01,0.02,0.0,0.2,0.1,3.0,0.3,0.06,32,74,0.0,0.1836734693877551,46,20,1,0,46,9|5|17|6|3,hub_localized,1225
fully-connected,50,0.01,0.02,0.0,0.2,0.1,3.0,0.3,0.06,33,75,0.0,0.1836734693877551,45,20,1,0,45,9|5|17|5|4,hub_localized,1225
fully-connected,50,0.01,0.02,0.0,0.2,0.1,3.0,0.3,0.06,34,76,0.0,0.16326530612244897,44,20,1,0,44,9|5|17|5|5,hub_localized,1225
fully-connected,50,0.01,0.02,0.0,0.2,0.1,3.0,0.3,0.06,35,77,0.0,0.14285714285714285,43,20,1,0,43,9|5|17|5|6,hub_localized,1225
fully-connected,50,0.01,0.02,0.0,0.2,0.1,3.0,0.3,0.06,36,78,0.0,0.14285714285714285,42,20,1,0,42,8|5|17|5|7,hub_localized,1225
fully-connected,50,0.01,0.02,0.0,0.2,0.1,3.0,0.3,0.06,37,79,0.0,0.16326530612244897,49,20,1,0,49,8|5|17|5|7,hub_localized,1225
fully-connected,50,0.01,0.02,0.0,0.2,0.1,3.0,0.3,0.06,38,80,0.0,0.16326530612244897,48,20,4,0,48,6|5|17|5|7|1,hub_localized,1225
fully-connected,50,0.01,0.02,0.0,0.2,0.1,3.0,0.3,0.06,39,81,0.0,0.16326530612244897,47,20,1,0,47,5|5|17|5|7|2,hub_localized,1225
fully-connected,50,0.01,0.02,0.0,0.2,0.1,3.0,0.3,0.06,40,82,0.0,0.16326530612244897,46,20,3,0,46,4|5|17|5|7|3,hub_localized,1225
fully-connected,50,0.01,0.02,0.0,0.2,0.1,3.0,0.3,0.06,41,83,0.0,0.16326530612244897,45,20,1,0,45,4|5|17|5|7|4,hub_localized,1225
fully-connected,50,0.01,0.02,0.0,0.2,0.1,3.0,0.3,0.06,42,84,0.0,0.16326530612244897,44,20,3,0,44,2|5|17|5|7|5,hub_localized,1225
fully-connected,50,0.01,0.02,0.0,0.2,0.1,3.0,0.3,0.06,43,85,0.0,0.16326530612244897,43,20,1,0,43,1|5|17|5|7|6,hub_localized,1225
fully-connected,50,0.01,0.02,0.0,0.2,0.1,3.0,0.3,0.06,44,86,0.0,0.16326530612244897,42,20,3,0,42,1|5|17|5|7|7,hub_localized,1225
fully-connected,50,0.01,0.02,0.0,0.2,0.1,3.0,0.3,0.06,45,87,0.0,0.14285714285714285,41,20,1,0,41,5|17|5|7|8,hub_localized,1225
fully-connected,50,0.01,0.02,0.0,0.2,0.1,3.0,0.3,0.06,46,88,0.0,0.12244897959183673,40,9,4,0,40,5|17|5|7|9,hub_localized,1225
fully-connected,50,0.01,0.02,0.0,0.2,0.1,3.0,0.3,0.06,47,89,0.0,0.10204081632653061,39,9,3,0,39,5|17|5|7|10,hub_localized,1225
fully-connected,50,0.01,0.02,0.0,0.2,0.1,3.0,0.3,0.06,48,90,0.0,0.12244897959183673,49,9,1,0,49,4|17|5|7|10,hub_localized,1225
fully-connected,50,0.01,0.02,0.0,0.2,0.1,3.0,0.3,0.06,49,91,0.0,0.14285714285714285,48,9,1,0,48,3|17|5|7|5|4|1,hub_localized,1225
fully-connected,50,0.01,0.02,0.0,0.2,0.1,3.0,0.3,0.062,0,42,0.0,0.2653061224489796,47,19,4,1,47,3|4|5|1|2|4|2|4|9|2,hub_localized,1225
fully-connected,50,0.01,0.02,0.0,0.2,0.1,3.0,0.3,0.062,1,43,0.0,0.2857142857142857,46,19,5,1,46,2|3|5|1|2|4|2|4|9|3,hub_localized,1225
fully-connected,50,0.01,0.02,0.0,0.2,0.1,3.0,0.3,0.062,2,44,0.0,0.2857142857142857,45,19,4,1,45,2|3|5|1|2|4|2|4|9|4,hub_localized,1225
fully-connected,50,0.01,0.02,0.0,0.2,0.1,3.0,0.3,0.062,3,45,0.0,0.2857142857142857,44,19,4,1,44,1|3|5|1|2|4|2|4|9|5,hub_localized,1225
fully-connected,50,0.01,0.02,0.0,0.2,0.1,3.0,0.3,0.062,4,46,0.0,0.2857142857142857,49,19,4,1,49,3|5|1|2|4|2|4|9|5,hub_localized,1225
fully-connected,50,0.01,0.02,0.0,0.2,0.1,3.0,0.3,0.062,5,47,0.0,0.2653061224489796,48,19,5,1,48,3|5|1|2|4|2|4|9|5|1,hub_localized,1225
fully-connected,50,0.01,0.02,0.0,0.2,0.1,3.0,0.3,0.062,6,48,0.0,0.2653061224489796,47,19,4,1,47,3|5|1|2|4|2|4|9|5|2,hub_localized,1225
fully-connected,50,0.01,0.02,0.0,0.2,0.1,3.0,0.3,0.062,7,49,0.0,0.2653061224489796,46,19,5,1,46,1|5|1|2|4|2|4|9|5|3,hub_localized,1225
fully-connected,50,0.01,0.02,0.0,0.2,0.1,3.0,0.3,0.062,8,50,0.0,0.2653061224489796,45,19,5,1,45,1|5|1|2|4|2|4|9|5|4,hub_localized,1225
fully-connected,50,0.01,0.02,0.0,0.2,0.1,3.0,0.3,0.062,9,51,0.0,0.24489795918367346,44,19,5,1,44,5|1|2|4|2|4|9|5|5,hub_localized,1225
fully-connected,50,0.01,0.02,0.0,0.2,0.1,3.0,0.3,0.062,10,52,0.0,0.24489795918367346,43,19,6,1,43,4|1|2|4|2|4|9|5|6,hub_localized,1225
fully-connected,50,0.01,0.02,0.0,0.2,0.1,3.0,0.3,0.062,11,53,0.0,0.24489795918367346,42,19,5,1,42,3|1|2|4|2|4|9|5|7,hub_localized,1225
fully-connected,50,0.01,0.02,0.0,0.2,0.1,3.0,0.3,0.062,12,54,0.0,0.24489795918367346,41,19,5,1,41,3|1|2|4|2|4|9|5|8,hub_localized,1225
fully-connected,50,0.01,0.02,0.0,0.2,0.1,3.0,0.3,0.062,13,55,0.0,0.24489795918367346,40,19,5,1,40,1|1|2|4|2|4|9|5|9,hub_localized,1225
fully-connected,50,0.01,0.02,0.0,0.2,0.1,3.0,0.3,0.062,14,56,0.0,0.24489795918367346,39,19,5,1,39,1|1|2|4|2|4|9|5|10,hub_localized,1225
fully-connected,50,0.01,0.02,0.0,0.2,0.1,3.0,0.3,0.062,15,57,0.0,0.22448979591836735,38,19,16,1,38,1|2|4|2|4|9|5|11,hub_localized,1225
fully-connected,50,0.01,0.02,0.0,0.2,0.1,3.0,0.3,0.062,16,58,0.0,0.22448979591836735,37,19,15,1,37,1|2|4|2|4|9|5|12,hub_localized,1225
fully-connected,50,0.01,0.02,0.0,0.2,0.1,3.0,0.3,0.062,17,59,0.0,0.20408163265306123,36,19,16,1,36,2|4|2|4|9|5|13,hub_localized,1225
fully-connected,50,0.01,0.02,0.0,0.2,0.1,3.0,0.3,0.062,18,60,0.0,0.20408163265306123,35,19,16,1,35,2|4|2|4|9|5|14,hub_localized,1225
fully-connected,50,0.01,0.02,0.0,0.2,0.1,3.0,0.3,0.062,19,61,0.0,0.20408163265306123,34,19,15,1,34,1|4|2|4|9|5|15,hub_localized,1225
fully-connected,50,0.01,0.02,0.0,0.2,0.1,3.0,0.3,0.062,20,62,0.0,0.1836734693877551,33,19,16,0,33,4|2|4|9|5|16,hub_localized,1225
fully-connected,50,0.01,0.02,0.0,0.2,0.1,3.0,0.3,0.062,21,63,0.0,0.1836734693877551,32,19,16,0,32,4|2|4|9|5|17,hub_localized,1225
fully-connected,50,0.01,0.02,0.0,0.2,0.1,3.0,0.3,0.062,22,64,0.0,0.20408163265306123,49,19,1,1,49,3|2|4|9|5|17,hub_localized,1225
fully-connected,50,0.01,0.02,0.0,0.2,0.1,3.0,0.3,0.062,23,65,0.0,0.20408163265306123,48,19,3,1,48,2|2|4|9|5|17|1,hub_localized,1225
fully-connected,50,0.01,0.02,0.0,0.2,0.1,3.0,0.3,0.062,24,66,0.0,0.20408163265306123,47,19,3,1,47,1|2|4|9|5|17|2,hub_localized,1225
fully-connected,50,0.01,0.02,0.0,0.2,0.1,3.0,0.3,0.062,25,67,0.0,0.1836734693877551,46,19,1,0,46,2|4|9|5|17|3,hub_localized,1225
fully-connected,50,0.01,0.02,0.0,0.2,0.1,3.0,0.3,0.062,26,68,0.0,0.1836734693877551,45,19,1,0,45,1|4|9|5|17|4,hub_localized,1225
fully-connected,50,0.01,0.02,0.0,0.2,0.1,3.0,0.3,0.062,27,69,0.0,0.1836734693877551,44,19,1,0,44,1|4|9|5|17|5,hub_localized,1225
fully-connected,50,0.01,0.02,0.0,0.2,0.1,3.0,0.3,0.062,28,70,0.0,0.16326530612244897,43,19,1,0,43,4|9|5|17|6,hub_localized,1225
fully-connected,50,0.01,0.02,0.0,0.2,0.1,3.0,0.3,0.062,29,71,0.0,0.20408163265306123,49,19,3,1,49,3|9|5|17|5,hub_localized,1225
fully-connected,50,0.01,0.02,0.0,0.2,0.1,3.0,0.3,0.062,30,72,0.0,0.20408163265306123,48,19,1,1,48,2|9|5|17|5|1,hub_localized,1225
fully-connected,50,0.01,0.02,0.0,0.2,0.1,3.0,0.3,0.062,31,73,0.0,0.20408163265306123,47,19,3,1,47,2|9|5|17|5|2,hub_localized,1225
fully-connected,50,0.01,0.02,0.0,0.2,0.1,3.0,0.3,0.062,32,74,0.0,0.1836734693877551,46,19,1,0,46,9|5|17|6|3,hub_localized,1225
fully-connected,50,0.01,0.02,0.0,0.2,0.1,3.0,0.3,0.062,33,75,0.0,0.1836734693877551,45,19,1,0,45,9|5|17|5|4,hub_localized,1225
fully-connected,50,0.01,0.02,0.0,0.2,0.1,3.0,0.3,0.062,34,76,0.0,0.16326530612244897,44,19,1,0,44,9|5|17|5|5,hub_localized,1225
fully-connected,50,0.01,0.02,0.0,0.2,0.1,3.0,0.3,0.062,35,77,0.0,0.14285714285714285,43,19,1,0,43,9|5|17|5|6,hub_localized,1225
fully-connected,50,0.01,0.02,0.0,0.2,0.1,3.0,0.3,0.062,36,78,0.0,0.14285714285714285,42,19,1,0,42,8|5|17|5|7,hub_localized,1225
fully-connected,50,0.01,0.02,0.0,0.2,0.1,3.0,0.3,0.062,37,79,0.0,0.16326530612244897,49,19,1,0,49,8|5|17|5|7,hub_localized,1225
fully-connected,50,0.01,0.02,0.0,0.2,0.1,3.0,0.3,0.062,38,80,0.0,0.16326530612244897,48,19,4,0,48,6|5|17|5|7|1,hub_localized,1225
fully-connected,50,0.01,0.02,0.0,0.2,0.1,3.0,0.3,0.062,39,81,0.0,0.16326530612244897,47,19,1,0,47,5|5|17|5|7|2,hub_localized,1225
fully-connected,50,0.01,0.02,0.0,0.2,0.1,3.0,0.3,0.062,40,82,0.0,0.16326530612244897,46,19,3,0,46,4|5|17|5|7|3,hub_localized,1225
fully-connected,50,0.01,0.02,0.0,0.2,0.1,3.0,0.3,0.062,41,83,0.0,0.16326530612244897,45,19,1,0,45,4|5|17|5|7|4,hub_localized,1225
fully-connected,50,0.01,0.02,0.0,0.2,0.1,3.0,0.3,0.062,42,84,0.0,0.16326530612244897,44,19,3,0,44,2|5|17|5|7|5,hub_localized,1225
fully-connected,50,0.01,0.02,0.0,0.2,0.1,3.0,0.3,0.062,43,85,0.0,0.16326530612244897,43,19,1,0,43,1|5|17|5|7|6,hub_localized,1225
fully-connected,50,0.01,0.02,0.0,0.2,0.1,3.0,0.3,0.062,44,86,0.0,0.16326530612244897,42,19,3,0,42,1|5|17|5|7|7,hub_localized,1225
fully-connected,50,0.01,0.02,0.0,0.2,0.1,3.0,0.3,0.062,45,87,0.0,0.14285714285714285,41,19,1,0,41,5|17|5|7|8,hub_localized,1225
fully-connected,50,0.01,0.02,0.0,0.2,0.1,3.0,0.3,0.062,46,88,0.0,0.12244897959183673,40,9,4,0,40,5|17|5|7|9,hub_localized,1225
fully-connected,50,0.01,0.02,0.0,0.2,0.1,3.0,0.3,0.062,47,89,0.0,0.10204081632653061,39,9,3,0,39,5|17|5|7|10,hub_localized,1225
fully-connected,50,0.01,0.02,0.0,0.2,0.1,3.0,0.3,0.062,48,90,0.0,0.12244897959183673,49,9,1,0,49,4|17|5|7|10,hub_localized,1225
fully-connected,50,0.01,0.02,0.0,0.2,0.1,3.0,0.3,0.062,49,91,0.0,0.12244897959183673,48,9,1,0,48,3|17|5|7|10|1,hub_localized,1225
fully-connected,50,0.01,0.02,0.0,0.2,0.1,3.0,0.3,0.064,0,42,0.0,0.2653061224489796,47,19,4,1,47,3|4|5|1|7|2|4|1|7|2,hub_localized,1225
fully-connected,50,0.01,0.02,0.0,0.2,0.1,3.0,0.3,0.064,1,43,0.0,0.2857142857142857,46,19,5,1,46,2|3|5|1|7|2|4|1|7|3,hub_localized,1225
fully-connected,50,0.01,0.02,0.0,0.2,0.1,3.0,0.3,0.064,2,44,0.0,0.2857142857142857,45,19,4,1,45,2|3|5|1|7|2|4|1|7|4,hub_localized,1225
fully-connected,50,0.01,0.02,0.0,0.2,0.1,3.0,0.3,0.064,3,45,0.0,0.2857142857142857,44,19,4,1,44,1|3|5|1|7|2|4|1|7|5,hub_localized,1225
fully-connected,50,0.01,0.02,0.0,0.2,0.1,3.0,0.3,0.064,4,46,0.0,0.2857142857142857,49,19,4,1,49,3|5|1|7|2|4|1|7|5,hub_localized,1225
fully-connected,50,0.01,0.02,0.0,0.2,0.1,3.0,0.3,0.064,5,47,0.0,0.2653061224489796,48,19,5,1,48,3|5|1|7|2|4|1|7|5|1,hub_localized,1225
fully-connected,50,0.01,0.02,0.0,0.2,0.1,3.0,0.3,0.064,6,48,0.0,0.2653061224489796,47,19,4,1,47,3|5|1|7|2|4|1|7|5|2,hub_localized,1225
fully-connected,50,0.01,0.02,0.0,0.2,0.1,3.0,0.3,0.064,7,49,0.0,0.2653061224489796,46,19,5,1,46,1|5|1|7|2|4|1|7|5|3,hub_localized,1225
fully-connected,50,0.01,0.02,0.0,0.2,0.1,3.0,0.3,0.064,8,50,0.0,0.2653061224489796,45,19,5,1,45,1|5|1|7|2|4|1|7|5|4,hub_localized,1225
fully-connected,50,0.01,0.02,0.0,0.2,0.1,3.0,0.3,0.064,9,51,0.0,0.24489795918367346,44,19,5,1,44,5|1|7|2|4|1|7|5|5,hub_localized,1225
fully-connected,50,0.01,0.02,0.0,0.2,0.1,3.0,0.3,0.064,10,52,0.0,0.24489795918367346,43,19,6,1,43,4|1|7|2|4|1|7|5|6,hub_localized,1225
fully-connected,50,0.01,0.02,0.0,0.2,0.1,3.0,0.3,0.064,11,53,0.0,0.24489795918367346,42,19,5,1,42,3|1|7|2|4|1|7|5|7,hub_localized,1225
fully-connected,50,0.01,0.02,0.0,0.2,0.1,3.0,0.3,0.064,12,54,0.0,0.24489795918367346,41,19,6,1,41,3|1|7|2|4|1|7|5|8,hub_localized,1225
fully-connected,50,0.01,0.02,0.0,0.2,0.1,3.0,0.3,0.064,13,55,0.0,0.24489795918367346,40,19,5,1,40,1|1|7|2|4|1|7|5|9,hub_localized,1225
fully-connected,50,0.01,0.02,0.0,0.2,0.1,3.0,0.3,0.064,14,56,0.0,0.24489795918367346,39,19,5,1,39,1|1|7|2|4|1|7|5|10,hub_localized,1225
fully-connected,50,0.01,0.02,0.0,0.2,0.1,3.0,0.3,0.064,15,57,0.0,0.22448979591836735,38,19,16,1,38,1|7|2|4|1|7|5|11,hub_localized,1225
fully-connected,50,0.01,0.02,0.0,0.2,0.1,3.0,0.3,0.064,16,58,0.0,0.22448979591836735,37,19,16,1,37,1|7|2|4|1|7|5|12,hub_localized,1225
fully-connected,50,0.01,0.02,0.0,0.2,0.1,3.0,0.3,0.064,17,59,0.0,0.20408163265306123,36,19,16,1,36,7|2|4|1|7|5|13,hub_localized,1225
fully-connected,50,0.01,0.02,0.0,0.2,0.1,3.0,0.3,0.064,18,60,0.0,0.20408163265306123,35,19,16,1,35,7|2|4|1|7|5|14,hub_localized,1225
fully-connected,50,0.01,0.02,0.0,0.2,0.1,3.0,0.3,0.064,19,61,0.0,0.20408163265306123,34,19,16,1,34,6|2|4|1|7|5|15,hub_localized,1225
fully-connected,50,0.01,0.02,0.0,0.2,0.1,3.0,0.3,0.064,20,62,0.0,0.20408163265306123,33,19,16,1,33,5|2|4|1|7|5|16,hub_localized,1225
fully-connected,50,0.01,0.02,0.0,0.2,0.1,3.0,0.3,0.064,21,63,0.0,0.20408163265306123,32,19,16,1,32,4|2|4|1|7|5|17,hub_localized,1225
fully-connected,50,0.01,0.02,0.0,0.2,0.1,3.0,0.3,0.064,22,64,0.0,0.22448979591836735,49,19,1,1,49,3|2|4|1|7|5|17,hub_localized,1225
fully-connected,50,0.01,0.02,0.0,0.2,0.1,3.0,0.3,0.064,23,65,0.0,0.22448979591836735,48,19,3,1,48,2|2|4|1|7|5|17|1,hub_localized,1225
fully-connected,50,0.01,0.02,0.0,0.2,0.1,3.0,0.3,0.064,24,66,0.0,0.22448979591836735,47,19,3,1,47,1|2|4|1|7|5|17|2,hub_localized,1225
fully-connected,50,0.01,0.02,0.0,0.2,0.1,3.0,0.3,0.064,25,67,0.0,0.20408163265306123,46,19,1,1,46,2|4|1|7|5|17|3,hub_localized,1225
fully-connected,50,0.01,0.02,0.0,0.2,0.1,3.0,0.3,0.064,26,68,0.0,0.20408163265306123,45,19,1,1,45,1|4|1|7|5|17|4,hub_localized,1225
fully-connected,50,0.01,0.02,0.0,0.2,0.1,3.0,0.3,0.064,27,69,0.0,0.20408163265306123,44,19,1,1,44,1|4|1|7|5|17|5,hub_localized,1225
fully-connected,50,0.01,0.02,0.0,0.2,0.1,3.0,0.3,0.064,28,70,0.0,0.16326530612244897,43,19,1,0,43,4|9|5|17|6,hub_localized,1225
fully-connected,50,0.01,0.02,0.0,0.2,0.1,3.0,0.3,0.064,29,71,0.0,0.20408163265306123,49,19,3,1,49,3|9|5|17|5,hub_localized,1225
fully-connected,50,0.01,0.02,0.0,0.2,0.1,3.0,0.3,0.064,30,72,0.0,0.20408163265306123,48,19,1,1,48,2|9|5|17|5|1,hub_localized,1225
fully-connected,50,0.01,0.02,0.0,0.2,0.1,3.0,0.3,0.064,31,73,0.0,0.20408163265306123,47,19,3,1,47,2|9|5|17|5|2,hub_localized,1225
fully-connected,50,0.01,0.02,0.0,0.2,0.1,3.0,0.3,0.064,32,74,0.0,0.1836734693877551,46,19,1,0,46,9|5|17|6|3,hub_localized,1225
fully-connected,50,0.01,0.02,0.0,0.2,0.1,3.0,0.3,0.064,33,75,0.0,0.1836734693877551,45,19,1,0,45,9|5|17|5|4,hub_localized,1225
fully-connected,50,0.01,0.02,0.0,0.2,0.1,3.0,0.3,0.064,34,76,0.0,0.16326530612244897,44,19,1,0,44,9|5|17|5|5,hub_localized,1225
fully-connected,50,0.01,0.02,0.0,0.2,0.1,3.0,0.3,0.064,35,77,0.0,0.16326530612244897,43,19,1,0,43,1|7|5|17|5|6,hub_localized,1225
fully-connected,50,0.01,0.02,0.0,0.2,0.1,3.0,0.3,0.064,36,78,0.0,0.16326530612244897,42,19,1,0,42,7|5|17|5|7,hub_localized,1225
fully-connected,50,0.01,0.02,0.0,0.2,0.1,3.0,0.3,0.064,37,79,0.0,0.16326530612244897,49,19,1,0,49,7|5|17|5|7,hub_localized,1225
fully-connected,50,0.01,0.02,0.0,0.2,0.1,3.0,0.3,0.064,38,80,0.0,0.16326530612244897,48,19,4,0,48,6|5|17|5|7|1,hub_localized,1225
fully-connected,50,0.01,0.02,0.0,0.2,0.1,3.0,0.3,0.064,39,81,0.0,0.16326530612244897,47,19,1,0,47,5|5|17|5|7|2,hub_localized,1225
fully-connected,50,0.01,0.02,0.0,0.2,0.1,3.0,0.3,0.064,40,82,0.0,0.16326530612244897,46,19,3,0,46,4|5|17|5|7|3,hub_localized,1225
fully-connected,50,0.01,0.02,0.0,0.2,0.1,3.0,0.3,0.064,41,83,0.0,0.16326530612244897,45,19,1,0,45,4|5|17|5|7|4,hub_localized,1225
fully-connected,50,0.01,0.02,0.0,0.2,0.1,3.0,0.3,0.064,42,84,0.0,0.16326530612244897,44,19,3,0,44,2|5|17|5|7|5,hub_localized,1225
fully-connected,50,0.01,0.02,0.0,0.2,0.1,3.0,0.3,0.064,43,85,0.0,0.16326530612244897,43,19,1,0,43,1|5|17|5|7|6,hub_localized,1225
fully-connected,50,0.01,0.02,0.0,0.2,0.1,3.0,0.3,0.064,44,86,0.0,0.16326530612244897,42,19,3,0,42,1|5|17|5|7|7,hub_localized,1225
fully-connected,50,0.01,0.02,0.0,0.2,0.1,3.0,0.3,0.064,45,87,0.0,0.14285714285714285,41,19,1,0,41,5|17|5|7|8,hub_localized,1225
fully-connected,50,0.01,0.02,0.0,0.2,0.1,3.0,0.3,0.064,46,88,0.0,0.12244897959183673,40,10,4,0,40,5|17|5|7|9,hub_localized,1225
fully-connected,50,0.01,0.02,0.0,0.2,0.1,3.0,0.3,0.064,47,89,0.0,0.10204081632653061,39,10,3,0,39,5|17|5|7|10,hub_localized,1225
fully-connected,50,0.01,0.02,0.0,0.2,0.1,3.0,0.3,0.064,48,90,0.0,0.12244897959183673,49,10,1,0,49,4|17|5|7|10,hub_localized,1225
fully-connected,50,0.01,0.02,0.0,0.2,0.1,3.0,0.3,0.064,49,91,0.0,0.12244897959183673,48,10,1,0,48,3|17|5|7|10|1,hub_localized,1225
fully-connected,50,0.01,0.02,0.0,0.2,0.1,3.0,0.3,0.066,0,42,0.0,0.24489795918367346,47,19,4,1,47,3|4|5|1|7|2|4|9|2,hub_localized,1225
fully-connected,50,0.01,0.02,0.0,0.2,0.1,3.0,0.3,0.066,1,43,0.0,0.2653061224489796,46,19,5,1,46,2|3|5|1|7|2|4|9|3,hub_localized,1225
fully-connected,50,0.01,0.02,0.0,0.2,0.1,3.0,0.3,0.066,2,44,0.0,0.2653061224489796,45,19,4,1,45,2|3|5|1|7|2|4|9|4,hub_localized,1225
fully-connected,50,0.01,0.02,0.0,0.2,0.1,3.0,0.3,0.066,3,45,0.0,0.2653061224489796,44,19,4,1,44,1|3|5|1|7|2|4|9|5,hub_localized,1225
fully-connected,50,0.01,0.02,0.0,0.2,0.1,3.0,0.3,0.066,4,46,0.0,0.2653061224489796,49,19,4,1,49,3|5|1|7|2|4|9|5,hub_localized,1225
fully-connected,50,0.01,0.02,0.0,0.2,0.1,3.0,0.3,0.066,5,47,0.0,0.24489795918367346,48,19,5,1,48,3|5|1|7|2|4|9|5|1,hub_localized,1225
fully-connected,50,0.01,0.02,0.0,0.2,0.1,3.0,0.3,0.066,6,48,0.0,0.24489795918367346,47,19,4,1,47,3|5|1|7|2|4|9|5|2,hub_localized,1225
fully-connected,50,0.01,0.02,0.0,0.2,0.1,3.0,0.3,0.066,7,49,0.0,0.24489795918367346,46,19,5,1,46,1|5|1|7|2|4|9|5|3,hub_localized,1225
fully-connected,50,0.01,0.02,0.0,0.2,0.1,3.0,0.3,0.066,8,50,0.0,0.24489795918367346,45,19,5,1,45,1|5|1|7|2|4|9|5|4,hub_localized,1225
fully-connected,50,0.01,0.02,0.0,0.2,0.1,3.0,0.3,0.066,9,51,0.0,0.22448979591836735,44,19,5,1,44,5|1|7|2|4|9|5|5,hub_localized,1225
fully-connected,50,0.01,0.02,0.0,0.2,0.1,3.0,0.3,0.066,10,52,0.0,0.22448979591836735,43,19,6,1,43,4|1|7|2|4|9|5|6,hub_localized,1225
fully-connected,50,0.01,0.02,0.0,0.2,0.1,3.0,0.3,0.066,11,53,0.0,0.22448979591836735,42,19,5,1,42,3|1|7|2|4|9|5|7,hub_localized,1225
fully-connected,50,0.01,0.02,0.0,0.2,0.1,3.0,0.3,0.066,12,54,0.0,0.22448979591836735,41,19,6,1,41,3|1|7|2|4|9|5|8,hub_localized,1225
fully-connected,50,0.01,0.02,0.0,0.2,0.1,3.0,0.3,0.066,13,55,0.0,0.22448979591836735,40,19,5,1,40,1|1|7|2|4|9|5|9,hub_localized,1225
fully-connected,50,0.01,0.02,0.0,0.2,0.1,3.0,0.3,0.066,14,56,0.0,0.22448979591836735,39,19,5,1,39,1|1|7|2|4|9|5|10,hub_localized,1225
fully-connected,50,0.01,0.02,0.0,0.2,0.1,3.0,0.3,0.066,15,57,0.0,0.20408163265306123,38,19,16,1,38,1|7|2|4|9|5|11,hub_localized,1225
fully-connected,50,0.01,0.02,0.0,0.2,0.1,3.0,0.3,0.066,16,58,0.0,0.20408163265306123,37,19,16,1,37,1|7|2|4|9|5|12,hub_localized,1225
fully-connected,50,0.01,0.02,0.0,0.2,0.1,3.0,0.3,0.066,17,59,0.0,0.1836734693877551,36,19,16,0,36,7|2|4|9|5|13,hub_localized,1225
fully-connected,50,0.01,0.02,0.0,0.2,0.1,3.0,0.3,0.066,18,60,0.0,0.1836734693877551,35,19,16,0,35,7|2|4|9|5|14,hub_localized,1225
fully-connected,50,0.01,0.02,0.0,0.2,0.1,3.0,0.3,0.066,19,61,0.0,0.1836734693877551,34,19,16,0,34,6|2|4|9|5|15,hub_localized,1225
fully-connected,50,0.01,0.02,0.0,0.2,0.1,3.0,0.3,0.066,20,62,0.0,0.1836734693877551,33,19,16,0,33,5|2|4|9|5|16,hub_localized,1225
fully-connected,50,0.01,0.02,0.0,0.2,0.1,3.0,0.3,0.066,21,63,0.0,0.1836734693877551,32,19,16,0,32,4|2|4|9|5|17,hub_localized,1225
fully-connected,50,0.01,0.02,0.0,0.2,0.1,3.0,0.3,0.066,22,64,0.0,0.20408163265306123,49,19,1,1,49,3|2|4|9|5|17,hub_localized,1225
fully-connected,50,0.01,0.02,0.0,0.2,0.1,3.0,0.3,0.066,23,65,0.0,0.20408163265306123,48,19,3,1,48,2|2|4|9|5|17|1,hub_localized,1225
fully-connected,50,0.01,0.02,0.0,0.2,0.1,3.0,0.3,0.066,24,66,0.0,0.20408163265306123,47,19,3,1,47,1|2|4|9|5|17|2,hub_localized,1225
fully-connected,50,0.01,0.02,0.0,0.2,0.1,3.0,0.3,0.066,25,67,0.0,0.1836734693877551,46,19,1,0,46,2|4|9|5|17|3,hub_localized,1225
fully-connected,50,0.01,0.02,0.0,0.2,0.1,3.0,0.3,0.066,26,68,0.0,0.1836734693877551,45,19,1,0,45,1|4|9|5|17|4,hub_localized,1225
fully-connected,50,0.01,0.02,0.0,0.2,0.1,3.0,0.3,0.066,27,69,0.0,0.1836734693877551,44,19,1,0,44,1|4|9|5|17|5,hub_localized,1225
fully-connected,50,0.01,0.02,0.0,0.2,0.1,3.0,0.3,0.066,28,70,0.0,0.16326530612244897,43,19,1,0,43,4|9|5|17|6,hub_localized,1225
fully-connected,50,0.01,0.02,0.0,0.2,0.1,3.0,0.3,0.066,29,71,0.0,0.20408163265306123,49,19,3,1,49,3|9|5|17|5,hub_localized,1225
fully-connected,50,0.01,0.02,0.0,0.2,0.1,3.0,0.3,0.066,30,72,0.0,0.20408163265306123,48,19,1,1,48,2|9|5|17|5|1,hub_localized,1225
fully-connected,50,0.01,0.02,0.0,0.2,0.1,3.0,0.3,0.066,31,73,0.0,0.20408163265306123,47,19,3,1,47,2|9|5|17|5|2,hub_localized,1225
fully-connected,50,0.01,0.02,0.0,0.2,0.1,3.0,0.3,0.066,32,74,0.0,0.1836734693877551,46,19,1,0,46,9|5|17|6|3,hub_localized,1225
fully-connected,50,0.01,0.02,0.0,0.2,0.1,3.0,0.3,0.066,33,75,0.0,0.1836734693877551,45,19,1,0,45,9|5|17|5|4,hub_localized,1225
fully-connected,50,0.01,0.02,0.0,0.2,0.1,3.0,0.3,0.066,34,76,0.0,0.16326530612244897,44,19,1,0,44,9|5|17|5|5,hub_localized,1225
fully-connected,50,0.01,0.02,0.0,0.2,0.1,3.0,0.3,0.066,35,77,0.0,0.14285714285714285,43,19,1,0,43,9|5|17|5|6,hub_localized,1225
fully-connected,50,0.01,0.02,0.0,0.2,0.1,3.0,0.3,0.066,36,78,0.0,0.14285714285714285,42,19,1,0,42,8|5|17|5|7,hub_localized,1225
fully-connected,50,0.01,0.02,0.0,0.2,0.1,3.0,0.3,0.066,37,79,0.0,0.16326530612244897,49,19,1,0,49,8|5|17|5|7,hub_localized,1225
fully-connected,50,0.01,0.02,0.0,0.2,0.1,3.0,0.3,0.066,38,80,0.0,0.16326530612244897,48,19,4,0,48,6|5|17|5|7|1,hub_localized,1225
fully-connected,50,0.01,0.02,0.0,0.2,0.1,3.0,0.3,0.066,39,81,0.0,0.16326530612244897,47,19,1,0,47,5|5|17|5|7|2,hub_localized,1225
fully-connected,50,0.01,0.02,0.0,0.2,0.1,3.0,0.3,0.066,40,82,0.0,0.16326530612244897,46,19,3,0,46,4|5|17|5|7|3,hub_localized,1225
fully-connected,50,0.01,0.02,0.0,0.2,0.1,3.0,0.3,0.066,41,83,0.0,0.16326530612244897,45,19,1,0,45,4|5|17|5|7|4,hub_localized,1225
fully-connected,50,0.01,0.02,0.0,0.2,0.1,3.0,0.3,0.066,42,84,0.0,0.16326530612244897,44,19,3,0,44,2|5|17|5|7|5,hub_localized,1225
fully-connected,50,0.01,0.02,0.0,0.2,0.1,3.0,0.3,0.066,43,85,0.0,0.16326530612244897,43,19,1,0,43,1|5|17|5|7|6,hub_localized,1225
fully-connected,50,0.01,0.02,0.0,0.2,0.1,3.0,0.3,0.066,44,86,0.0,0.16326530612244897,42,19,3,0,42,1|5|17|5|7|7,hub_localized,1225
fully-connected,50,0.01,0.02,0.0,0.2,0.1,3.0,0.3,0.066,45,87,0.0,0.14285714285714285,41,19,1,0,41,5|17|5|7|8,hub_localized,1225
fully-connected,50,0.01,0.02,0.0,0.2,0.1,3.0,0.3,0.066,46,88,0.0,0.12244897959183673,40,10,4,0,40,5|17|5|7|9,hub_localized,1225
fully-connected,50,0.01,0.02,0.0,0.2,0.1,3.0,0.3,0.066,47,89,0.0,0.10204081632653061,39,10,3,0,39,5|17|5|7|10,hub_localized,1225
fully-connected,50,0.01,0.02,0.0,0.2,0.1,3.0,0.3,0.066,48,90,0.0,0.12244897959183673,49,10,1,0,49,4|17|5|7|10,hub_localized,1225
fully-connected,50,0.01,0.02,0.0,0.2,0.1,3.0,0.3,0.066,49,91,0.0,0.12244897959183673,48,10,1,0,48,3|17|5|7|10|1,hub_localized,1225
fully-connected,50,0.01,0.02,0.0,0.2,0.1,3.0,0.3,0.068,0,42,0.0,0.24489795918367346,47,19,4,1,47,3|4|5|1|7|2|4|9|2,hub_localized,1225
fully-connected,50,0.01,0.02,0.0,0.2,0.1,3.0,0.3,0.068,1,43,0.0,0.2653061224489796,46,19,5,1,46,2|3|5|1|7|2|4|9|3,hub_localized,1225
fully-connected,50,0.01,0.02,0.0,0.2,0.1,3.0,0.3,0.068,2,44,0.0,0.2653061224489796,45,19,4,1,45,2|3|5|1|7|2|4|9|4,hub_localized,1225
fully-connected,50,0.01,0.02,0.0,0.2,0.1,3.0,0.3,0.068,3,45,0.0,0.24489795918367346,44,19,4,1,44,1|4|5|1|7|2|4|9|5,hub_localized,1225
fully-connected,50,0.01,0.02,0.0,0.2,0.1,3.0,0.3,0.068,4,46,0.0,0.2653061224489796,49,19,4,1,49,3|5|1|7|2|4|9|5,hub_localized,1225
fully-connected,50,0.01,0.02,0.0,0.2,0.1,3.0,0.3,0.068,5,47,0.0,0.24489795918367346,48,19,5,1,48,3|5|1|7|2|4|9|5|1,hub_localized,1225
fully-connected,50,0.01,0.02,0.0,0.2,0.1,3.0,0.3,0.068,6,48,0.0,0.24489795918367346,47,19,4,1,47,3|5|1|7|2|4|9|5|2,hub_localized,1225
fully-connected,50,0.01,0.02,0.0,0.2,0.1,3.0,0.3,0.068,7,49,0.0,0.24489795918367346,46,19,5,1,46,1|5|1|7|2|4|9|5|3,hub_localized,1225
fully-connected,50,0.01,0.02,0.0,0.2,0.1,3.0,0.3,0.068,8,50,0.0,0.24489795918367346,45,19,5,1,45,1|5|1|7|2|4|9|5|4,hub_localized,1225
fully-connected,50,0.01,0.02,0.0,0.2,0.1,3.0,0.3,0.068,9,51,0.0,0.22448979591836735,44,19,5,1,44,5|1|7|2|4|9|5|5,hub_localized,1225
fully-connected,50,0.01,0.02,0.0,0.2,0.1,3.0,0.3,0.068,10,52,0.0,0.22448979591836735,43,19,6,1,43,4|1|7|2|4|9|5|6,hub_localized,1225
fully-connected,50,0.01,0.02,0.0,0.2,0.1,3.0,0.3,0.068,11,53,0.0,0.22448979591836735,42,19,5,1,42,3|1|7|2|4|9|5|7,hub_localized,1225
fully-connected,50,0.01,0.02,0.0,0.2,0.1,3.0,0.3,0.068,12,54,0.0,0.22448979591836735,41,19,6,1,41,3|1|7|2|4|9|5|8,hub_localized,1225
fully-connected,50,0.01,0.02,0.0,0.2,0.1,3.0,0.3,0.068,13,55,0.0,0.22448979591836735,40,19,5,1,40,1|1|7|2|4|9|5|9,hub_localized,1225
fully-connected,50,0.01,0.02,0.0,0.2,0.1,3.0,0.3,0.068,14,56,0.0,0.22448979591836735,39,19,5,1,39,1|1|7|2|4|9|5|10,hub_localized,1225
fully-connected,50,0.01,0.02,0.0,0.2,0.1,3.0,0.3,0.068,15,57,0.0,0.20408163265306123,38,19,16,1,38,1|7|2|4|9|5|11,hub_localized,1225
fully-connected,50,0.01,0.02,0.0,0.2,0.1,3.0,0.3,0.068,16,58,0.0,0.20408163265306123,37,19,16,1,37,1|7|2|4|9|5|12,hub_localized,1225
fully-connected,50,0.01,0.02,0.0,0.2,0.1,3.0,0.3,0.068,17,59,0.0,0.1836734693877551,36,19,16,0,36,7|2|4|9|5|13,hub_localized,1225
fully-connected,50,0.01,0.02,0.0,0.2,0.1,3.0,0.3,0.068,18,60,0.0,0.1836734693877551,35,19,16,0,35,7|2|4|9|5|14,hub_localized,1225
fully-connected,50,0.01,0.02,0.0,0.2,0.1,3.0,0.3,0.068,19,61,0.0,0.1836734693877551,34,19,16,0,34,6|2|4|9|5|15,hub_localized,1225
fully-connected,50,0.01,0.02,0.0,0.2,0.1,3.0,0.3,0.068,20,62,0.0,0.1836734693877551,33,19,16,0,33,5|2|4|9|5|16,hub_localized,1225
fully-connected,50,0.01,0.02,0.0,0.2,0.1,3.0,0.3,0.068,21,63,0.0,0.1836734693877551,32,19,16,0,32,4|2|4|9|5|17,hub_localized,1225
fully-connected,50,0.01,0.02,0.0,0.2,0.1,3.0,0.3,0.068,22,64,0.0,0.20408163265306123,49,19,1,1,49,3|2|4|9|5|17,hub_localized,1225
fully-connected,50,0.01,0.02,0.0,0.2,0.1,3.0,0.3,0.068,23,65,0.0,0.20408163265306123,48,19,3,1,48,2|2|4|9|5|17|1,hub_localized,1225
fully-connected,50,0.01,0.02,0.0,0.2,0.1,3.0,0.3,0.068,24,66,0.0,0.20408163265306123,47,19,3,1,47,1|2|4|9|5|17|2,hub_localized,1225
fully-connected,50,0.01,0.02,0.0,0.2,0.1,3.0,0.3,0.068,25,67,0.0,0.1836734693877551,46,19,1,0,46,2|4|9|5|17|3,hub_localized,1225
fully-connected,50,0.01,0.02,0.0,0.2,0.1,3.0,0.3,0.068,26,68,0.0,0.1836734693877551,45,19,1,0,45,1|4|9|5|17|4,hub_localized,1225
fully-connected,50,0.01,0.02,0.0,0.2,0.1,3.0,0.3,0.068,27,69,0.0,0.1836734693877551,44,19,1,0,44,1|4|9|5|17|5,hub_localized,1225
fully-connected,50,0.01,0.02,0.0,0.2,0.1,3.0,0.3,0.068,28,70,0.0,0.16326530612244897,43,19,1,0,43,4|9|5|17|6,hub_localized,1225
fully-connected,50,0.01,0.02,0.0,0.2,0.1,3.0,0.3,0.068,29,71,0.0,0.1836734693877551,49,19,3,0,49,3|9|5|17|6,hub_localized,1225
fully-connected,50,0.01,0.02,0.0,0.2,0.1,3.0,0.3,0.068,30,72,0.0,0.1836734693877551,48,19,1,0,48,2|9|5|17|6|1,hub_localized,1225
fully-connected,50,0.01,0.02,0.0,0.2,0.1,3.0,0.3,0.068,31,73,0.0,0.1836734693877551,47,19,3,0,47,2|9|5|17|6|2,hub_localized,1225
fully-connected,50,0.01,0.02,0.0,0.2,0.1,3.0,0.3,0.068,32,74,0.0,0.1836734693877551,46,19,1,0,46,9|5|17|6|3,hub_localized,1225
fully-connected,50,0.01,0.02,0.0,0.2,0.1,3.0,0.3,0.068,33,75,0.0,0.16326530612244897,45,19,1,0,45,9|5|17|6|4,hub_localized,1225
fully-connected,50,0.01,0.02,0.0,0.2,0.1,3.0,0.3,0.068,34,76,0.0,0.14285714285714285,44,19,1,0,44,9|5|17|6|5,hub_localized,1225
fully-connected,50,0.01,0.02,0.0,0.2,0.1,3.0,0.3,0.068,35,77,0.0,0.12244897959183673,43,19,1,0,43,9|5|17|6|6,hub_localized,1225
fully-connected,50,0.01,0.02,0.0,0.2,0.1,3.0,0.3,0.068,36,78,0.0,0.12244897959183673,42,19,1,0,42,8|5|17|6|7,hub_localized,1225
fully-connected,50,0.01,0.02,0.0,0.2,0.1,3.0,0.3,0.068,37,79,0.0,0.14285714285714285,49,19,1,0,49,8|5|17|6|7,hub_localized,1225
fully-connected,50,0.01,0.02,0.0,0.2,0.1,3.0,0.3,0.068,38,80,0.0,0.12244897959183673,48,19,75,0,48,6|5|24|7|1,hub_localized,1225
fully-connected,50,0.01,0.02,0.0,0.2,0.1,3.0,0.3,0.068,39,81,0.0,0.14285714285714285,47,19,1,0,47,5|5|17|6|7|2,hub_localized,1225
fully-connected,50,0.01,0.02,0.0,0.2,0.1,3.0,0.3,0.068,40,82,0.0,0.14285714285714285,46,19,3,0,46,4|5|17|6|7|3,hub_localized,1225
fully-connected,50,0.01,0.02,0.0,0.2,0.1,3.0,0.3,0.068,41,83,0.0,0.14285714285714285,45,19,1,0,45,4|5|17|6|7|4,hub_localized,1225
fully-connected,50,0.01,0.02,0.0,0.2,0.1,3.0,0.3,0.068,42,84,0.0,0.14285714285714285,44,19,3,0,44,2|5|17|6|7|5,hub_localized,1225
fully-connected,50,0.01,0.02,0.0,0.2,0.1,3.0,0.3,0.068,43,85,0.0,0.14285714285714285,43,19,1,0,43,1|5|17|6|7|6,hub_localized,1225
fully-connected,50,0.01,0.02,0.0,0.2,0.1,3.0,0.3,0.068,44,86,0.0,0.14285714285714285,42,19,3,0,42,1|5|17|6|7|7,hub_localized,1225
fully-connected,50,0.01,0.02,0.0,0.2,0.1,3.0,0.3,0.068,45,87,0.0,0.12244897959183673,41,19,1,0,41,5|17|6|7|8,hub_localized,1225
fully-connected,50,0.01,0.02,0.0,0.2,0.1,3.0,0.3,0.068,46,88,0.0,0.10204081632653061,40,10,4,0,40,5|17|6|7|9,hub_localized,1225
fully-connected,50,0.01,0.02,0.0,0.2,0.1,3.0,0.3,0.068,47,89,0.0,0.08163265306122448,39,10,3,0,39,5|17|6|7|10,hub_localized,1225
fully-connected,50,0.01,0.02,0.0,0.2,0.1,3.0,0.3,0.068,48,90,0.0,0.10204081632653061,49,10,1,0,49,4|17|6|7|10,hub_localized,1225
fully-connected,50,0.01,0.02,0.0,0.2,0.1,3.0,0.3,0.068,49,91,0.0,0.10204081632653061,48,10,1,0,48,3|17|6|7|10|1,hub_localized,1225
fully-connected,50,0.01,0.02,0.0,0.2,0.1,3.0,0.3,0.07,0,42,0.0,0.24489795918367346,47,19,4,1,47,3|4|5|1|7|2|4|9|2,hub_localized,1225
fully-connected,50,0.01,0.02,0.0,0.2,0.1,3.0,0.3,0.07,1,43,0.0,0.24489795918367346,46,19,5,1,46,2|4|5|1|7|2|4|9|3,hub_localized,1225
fully-connected,50,0.01,0.02,0.0,0.2,0.1,3.0,0.3,0.07,2,44,0.0,0.24489795918367346,45,19,4,1,45,2|4|5|1|7|2|4|9|4,hub_localized,1225
fully-connected,50,0.01,0.02,0.0,0.2,0.1,3.0,0.3,0.07,3,45,0.0,0.24489795918367346,44,19,4,1,44,1|4|5|1|7|2|4|9|5,hub_localized,1225
fully-connected,50,0.01,0.02,0.0,0.2,0.1,3.0,0.3,0.07,4,46,0.0,0.24489795918367346,49,19,5,1,49,4|5|1|7|2|4|9|5,hub_localized,1225
fully-connected,50,0.01,0.02,0.0,0.2,0.1,3.0,0.3,0.07,5,47,0.0,0.24489795918367346,48,19,5,1,48,3|5|1|7|2|4|9|5|1,hub_localized,1225
fully-connected,50,0.01,0.02,0.0,0.2,0.1,3.0,0.3,0.07,6,48,0.0,0.24489795918367346,47,19,4,1,47,3|5|1|7|2|4|9|5|2,hub_localized,1225
fully-connected,50,0.01,0.02,0.0,0.2,0.1,3.0,0.3,0.07,7,49,0.0,0.24489795918367346,46,19,5,1,46,1|5|1|7|2|4|9|5|3,hub_localized,1225
fully-connected,50,0.01,0.02,0.0,0.2,0.1,3.0,0.3,0.07,8,50,0.0,0.24489795918367346,45,19,5,1,45,1|5|1|7|2|4|9|5|4,hub_localized,1225
fully-connected,50,0.01,0.02,0.0,0.2,0.1,3.0,0.3,0.07,9,51,0.0,0.22448979591836735,44,19,5,1,44,5|1|7|2|4|9|5|5,hub_localized,1225
fully-connected,50,0.01,0.02,0.0,0.2,0.1,3.0,0.3,0.07,10,52,0.0,0.20408163265306123,43,19,16,1,43,6|7|2|4|9|5|6,hub_localized,1225
fully-connected,50,0.01,0.02,0.0,0.2,0.1,3.0,0.3,0.07,11,53,0.0,0.22448979591836735,42,19,5,1,42,3|1|7|2|4|9|5|7,hub_localized,1225
fully-connected,50,0.01,0.02,0.0,0.2,0.1,3.0,0.3,0.07,12,54,0.0,0.22448979591836735,41,19,6,1,41,3|1|7|2|4|9|5|8,hub_localized,1225
fully-connected,50,0.01,0.02,0.0,0.2,0.1,3.0,0.3,0.07,13,55,0.0,0.22448979591836735,40,19,6,1,40,1|1|7|2|4|9|5|9,hub_localized,1225
fully-connected,50,0.01,0.02,0.0,0.2,0.1,3.0,0.3,0.07,14,56,0.0,0.22448979591836735,39,19,5,1,39,1|1|7|2|4|9|5|10,hub_localized,1225
fully-connected,50,0.01,0.02,0.0,0.2,0.1,3.0,0.3,0.07,15,57,0.0,0.20408163265306123,38,19,16,1,38,1|7|2|4|9|5|11,hub_localized,1225
fully-connected,50,0.01,0.02,0.0,0.2,0.1,3.0,0.3,0.07,16,58,0.0,0.1836734693877551,37,19,16,0,37,1|7|2|4|10|5|12,hub_localized,1225
fully-connected,50,0.01,0.02,0.0,0.2,0.1,3.0,0.3,0.07,17,59,0.0,0.16326530612244897,36,19,47,0,36,7|2|4|10|5|13,hub_localized,1225
fully-connected,50,0.01,0.02,0.0,0.2,0.1,3.0,0.3,0.07,18,60,0.0,0.16326530612244897,35,19,47,0,35,7|2|4|10|5|14,hub_localized,1225
fully-connected,50,0.01,0.02,0.0,0.2,0.1,3.0,0.3,0.07,19,61,0.0,0.16326530612244897,34,19,16,0,34,6|2|4|10|5|15,hub_localized,1225
fully-connected,50,0.01,0.02,0.0,0.2,0.1,3.0,0.3,0.07,20,62,0.0,0.16326530612244897,33,19,47,0,33,5|2|4|10|5|16,hub_localized,1225
fully-connected,50,0.01,0.02,0.0,0.2,0.1,3.0,0.3,0.07,21,63,0.0,0.16326530612244897,32,19,16,0,32,4|2|4|10|5|17,hub_localized,1225
fully-connected,50,0.01,0.02,0.0,0.2,0.1,3.0,0.3,0.07,22,64,0.0,0.1836734693877551,49,19,1,0,49,3|2|4|10|5|17,hub_localized,1225
fully-connected,50,0.01,0.02,0.0,0.2,0.1,3.0,0.3,0.07,23,65,0.0,0.1836734693877551,48,19,3,0,48,2|2|4|10|5|17|1,hub_localized,1225
fully-connected,50,0.01,0.02,0.0,0.2,0.1,3.0,0.3,0.07,24,66,0.0,0.1836734693877551,47,19,3,0,47,1|2|4|10|5|17|2,hub_localized,1225
fully-connected,50,0.01,0.02,0.0,0.2,0.1,3.0,0.3,0.07,25,67,0.0,0.16326530612244897,46,19,1,0,46,2|4|10|5|17|3,hub_localized,1225
fully-connected,50,0.01,0.02,0.0,0.2,0.1,3.0,0.3,0.07,26,68,0.0,0.16326530612244897,45,19,1,0,45,1|4|10|5|17|4,hub_localized,1225
fully-connected,50,0.01,0.02,0.0,0.2,0.1,3.0,0.3,0.07,27,69,0.0,0.16326530612244897,44,19,1,0,44,1|4|10|5|17|5,hub_localized,1225
fully-connected,50,0.01,0.02,0.0,0.2,0.1,3.0,0.3,0.07,28,70,0.0,0.14285714285714285,43,19,1,0,43,4|10|5|17|6,hub_localized,1225
fully-connected,50,0.01,0.02,0.0,0.2,0.1,3.0,0.3,0.07,29,71,0.0,0.16326530612244897,49,19,3,0,49,3|10|5|17|6,hub_localized,1225
fully-connected,50,0.01,0.02,0.0,0.2,0.1,3.0,0.3,0.07,30,72,0.0,0.16326530612244897,48,19,1,0,48,2|10|5|17|6|1,hub_localized,1225
fully-connected,50,0.01,0.02,0.0,0.2,0.1,3.0,0.3,0.07,31,73,0.0,0.16326530612244897,47,19,3,0,47,2|10|5|17|6|2,hub_localized,1225
fully-connected,50,0.01,0.02,0.0,0.2,0.1,3.0,0.3,0.07,32,74,0.0,0.16326530612244897,46,19,1,0,46,10|5|17|6|3,hub_localized,1225
fully-connected,50,0.01,0.02,0.0,0.2,0.1,3.0,0.3,0.07,33,75,0.0,0.14285714285714285,45,19,1,0,45,10|5|17|6|4,hub_localized,1225
fully-connected,50,0.01,0.02,0.0,0.2,0.1,3.0,0.3,0.07,34,76,0.0,0.12244897959183673,44,19,1,0,44,10|5|17|6|5,hub_localized,1225
fully-connected,50,0.01,0.02,0.0,0.2,0.1,3.0,0.3,0.07,35,77,0.0,0.10204081632653061,43,19,1,0,43,10|5|17|6|6,hub_localized,1225
fully-connected,50,0.01,0.02,0.0,0.2,0.1,3.0,0.3,0.07,36,78,0.0,0.10204081632653061,42,19,1,0,42,9|5|17|6|7,hub_localized,1225
fully-connected,50,0.01,0.02,0.0,0.2,0.1,3.0,0.3,0.07,37,79,0.0,0.12244897959183673,49,19,1,0,49,9|5|17|6|7,hub_localized,1225
fully-connected,50,0.01,0.02,0.0,0.2,0.1,3.0,0.3,0.07,38,80,0.0,0.10204081632653061,48,19,75,0,48,7|5|24|7|1,hub_localized,1225
fully-connected,50,0.01,0.02,0.0,0.2,0.1,3.0,0.3,0.07,39,81,0.0,0.12244897959183673,47,19,1,0,47,6|5|17|6|7|2,hub_localized,1225
fully-connected,50,0.01,0.02,0.0,0.2,0.1,3.0,0.3,0.07,40,82,0.0,0.12244897959183673,46,19,3,0,46,5|5|17|6|7|3,hub_localized,1225
fully-connected,50,0.01,0.02,0.0,0.2,0.1,3.0,0.3,0.07,41,83,0.0,0.12244897959183673,45,19,1,0,45,5|5|17|6|7|4,hub_localized,1225
fully-connected,50,0.01,0.02,0.0,0.2,0.1,3.0,0.3,0.07,42,84,0.0,0.12244897959183673,44,19,3,0,44,3|5|17|6|7|5,hub_localized,1225
fully-connected,50,0.01,0.02,0.0,0.2,0.1,3.0,0.3,0.07,43,85,0.0,0.12244897959183673,43,19,1,0,43,2|5|17|6|7|6,hub_localized,1225
fully-connected,50,0.01,0.02,0.0,0.2,0.1,3.0,0.3,0.07,44,86,0.0,0.12244897959183673,42,19,3,0,42,2|5|17|6|7|7,hub_localized,1225
fully-connected,50,0.01,0.02,0.0,0.2,0.1,3.0,0.3,0.07,45,87,0.0,0.12244897959183673,41,19,1,0,41,1|5|17|6|7|8,hub_localized,1225
fully-connected,50,0.01,0.02,0.0,0.2,0.1,3.0,0.3,0.07,46,88,0.0,0.10204081632653061,40,10,4,0,40,5|17|6|7|9,hub_localized,1225
fully-connected,50,0.01,0.02,0.0,0.2,0.1,3.0,0.3,0.07,47,89,0.0,0.08163265306122448,39,10,3,0,39,5|17|6|7|10,hub_localized,1225
fully-connected,50,0.01,0.02,0.0,0.2,0.1,3.0,0.3,0.07,48,90,0.0,0.10204081632653061,49,10,1,0,49,4|17|6|7|10,hub_localized,1225
fully-connected,50,0.01,0.02,0.0,0.2,0.1,3.0,0.3,0.07,49,91,0.0,0.10204081632653061,48,10,1,0,48,3|17|6|7|10|1,hub_localized,1225
fully-connected,50,0.01,0.02,0.0,0.2,0.1,3.0,0.3,0.072,0,42,0.0,0.1836734693877551,46,12,4,0,46,3|4|5|9|2|4|10|3,hub_localized,1225
fully-connected,50,0.01,0.02,0.0,0.2,0.1,3.0,0.3,0.072,1,43,0.0,0.20408163265306123,45,12,5,1,45,2|4|5|1|7|2|4|10|4,hub_localized,1225
fully-connected,50,0.01,0.02,0.0,0.2,0.1,3.0,0.3,0.072,2,44,0.0,0.20408163265306123,44,12,4,1,44,2|4|5|1|7|2|4|10|5,hub_localized,1225
fully-connected,50,0.01,0.02,0.0,0.2,0.1,3.0,0.3,0.072,3,45,0.0,0.1836734693877551,43,12,4,0,43,1|4|5|9|2|4|10|6,hub_localized,1225
fully-connected,50,0.01,0.02,0.0,0.2,0.1,3.0,0.3,0.072,4,46,0.0,0.1836734693877551,49,12,5,0,49,4|5|9|2|4|10|6,hub_localized,1225
fully-connected,50,0.01,0.02,0.0,0.2,0.1,3.0,0.3,0.072,5,47,0.0,0.1836734693877551,48,12,5,0,48,3|5|9|2|4|10|6|1,hub_localized,1225
fully-connected,50,0.01,0.02,0.0,0.2,0.1,3.0,0.3,0.072,6,48,0.0,0.1836734693877551,47,12,4,0,47,3|5|9|2|4|10|6|2,hub_localized,1225
fully-connected,50,0.01,0.02,0.0,0.2,0.1,3.0,0.3,0.072,7,49,0.0,0.1836734693877551,46,12,5,0,46,1|5|9|2|4|10|6|3,hub_localized,1225
fully-connected,50,0.01,0.02,0.0,0.2,0.1,3.0,0.3,0.072,8,50,0.0,0.1836734693877551,45,12,5,0,45,1|5|9|2|4|10|6|4,hub_localized,1225
fully-connected,50,0.01,0.02,0.0,0.2,0.1,3.0,0.3,0.072,9,51,0.0,0.16326530612244897,44,12,5,0,44,5|9|2|4|10|6|5,hub_localized,1225
fully-connected,50,0.01,0.02,0.0,0.2,0.1,3.0,0.3,0.072,10,52,0.0,0.16326530612244897,43,12,38,0,43,6|7|2|4|10|6|6,hub_localized,1225
fully-connected,50,0.01,0.02,0.0,0.2,0.1,3.0,0.3,0.072,11,53,0.0,0.16326530612244897,42,12,5,0,42,3|9|2|4|10|6|7,hub_localized,1225
fully-connected,50,0.01,0.02,0.0,0.2,0.1,3.0,0.3,0.072,12,54,0.0,0.1836734693877551,41,12,6,0,41,3|1|7|2|4|10|6|8,hub_localized,1225
fully-connected,50,0.01,0.02,0.0,0.2,0.1,3.0,0.3,0.072,13,55,0.0,0.1836734693877551,40,12,6,0,40,1|1|7|2|4|10|6|9,hub_localized,1225
fully-connected,50,0.01,0.02,0.0,0.2,0.1,3.0,0.3,0.072,14,56,0.0,0.1836734693877551,39,12,5,0,39,1|1|7|2|4|10|6|10,hub_localized,1225
fully-connected,50,0.01,0.02,0.0,0.2,0.1,3.0,0.3,0.072,15,57,0.0,0.16326530612244897,38,12,16,0,38,1|7|2|4|10|6|11,hub_localized,1225
fully-connected,50,0.01,0.02,0.0,0.2,0.1,3.0,0.3,0.072,16,58,0.0,0.16326530612244897,37,12,16,0,37,1|7|2|4|10|6|12,hub_localized,1225
fully-connected,50,0.01,0.02,0.0,0.2,0.1,3.0,0.3,0.072,17,59,0.0,0.14285714285714285,36,12,47,0,36,7|2|4|10|6|13,hub_localized,1225
fully-connected,50,0.01,0.02,0.0,0.2,0.1,3.0,0.3,0.072,18,60,0.0,0.14285714285714285,35,12,47,0,35,7|2|4|10|6|14,hub_localized,1225
fully-connected,50,0.01,0.02,0.0,0.2,0.1,3.0,0.3,0.072,19,61,0.0,0.14285714285714285,34,12,16,0,34,6|2|4|10|6|15,hub_localized,1225
fully-connected,50,0.01,0.02,0.0,0.2,0.1,3.0,0.3,0.072,20,62,0.0,0.14285714285714285,33,12,47,0,33,5|2|4|10|6|16,hub_localized,1225
fully-connected,50,0.01,0.02,0.0,0.2,0.1,3.0,0.3,0.072,21,63,0.0,0.14285714285714285,32,12,16,0,32,4|2|4|10|6|17,hub_localized,1225
fully-connected,50,0.01,0.02,0.0,0.2,0.1,3.0,0.3,0.072,22,64,0.0,0.16326530612244897,49,12,1,0,49,3|2|4|10|6|17,hub_localized,1225
fully-connected,50,0.01,0.02,0.0,0.2,0.1,3.0,0.3,0.072,23,65,0.0,0.16326530612244897,48,12,3,0,48,2|2|4|10|6|17|1,hub_localized,1225
fully-connected,50,0.01,0.02,0.0,0.2,0.1,3.0,0.3,0.072,24,66,0.0,0.16326530612244897,47,12,3,0,47,1|2|4|10|6|17|2,hub_localized,1225
fully-connected,50,0.01,0.02,0.0,0.2,0.1,3.0,0.3,0.072,25,67,0.0,0.14285714285714285,46,12,1,0,46,2|4|10|6|17|3,hub_localized,1225
fully-connected,50,0.01,0.02,0.0,0.2,0.1,3.0,0.3,0.072,26,68,0.0,0.14285714285714285,45,12,1,0,45,1|4|10|6|17|4,hub_localized,1225
fully-connected,50,0.01,0.02,0.0,0.2,0.1,3.0,0.3,0.072,27,69,0.0,0.14285714285714285,44,12,1,0,44,1|4|10|6|17|5,hub_localized,1225
fully-connected,50,0.01,0.02,0.0,0.2,0.1,3.0,0.3,0.072,28,70,0.0,0.12244897959183673,43,12,1,0,43,4|10|6|17|6,hub_localized,1225
fully-connected,50,0.01,0.02,0.0,0.2,0.1,3.0,0.3,0.072,29,71,0.0,0.14285714285714285,49,12,3,0,49,3|10|6|17|6,hub_localized,1225
fully-connected,50,0.01,0.02,0.0,0.2,0.1,3.0,0.3,0.072,30,72,0.0,0.14285714285714285,48,12,1,0,48,2|10|6|17|6|1,hub_localized,1225
fully-connected,50,0.01,0.02,0.0,0.2,0.1,3.0,0.3,0.072,31,73,0.0,0.14285714285714285,47,12,3,0,47,2|10|6|17|6|2,hub_localized,1225
fully-connected,50,0.01,0.02,0.0,0.2,0.1,3.0,0.3,0.072,32,74,0.0,0.14285714285714285,46,12,1,0,46,10|6|17|6|3,hub_localized,1225
fully-connected,50,0.01,0.02,0.0,0.2,0.1,3.0,0.3,0.072,33,75,0.0,0.12244897959183673,45,12,1,0,45,10|6|17|6|4,hub_localized,1225
fully-connected,50,0.01,0.02,0.0,0.2,0.1,3.0,0.3,0.072,34,76,0.0,0.10204081632653061,44,12,1,0,44,10|6|17|6|5,hub_localized,1225
fully-connected,50,0.01,0.02,0.0,0.2,0.1,3.0,0.3,0.072,35,77,0.0,0.08163265306122448,43,12,1,0,43,10|6|17|6|6,hub_localized,1225
fully-connected,50,0.01,0.02,0.0,0.2,0.1,3.0,0.3,0.072,36,78,0.0,0.08163265306122448,42,12,1,0,42,9|6|17|6|7,hub_localized,1225
fully-connected,50,0.01,0.02,0.0,0.2,0.1,3.0,0.3,0.072,37,79,0.0,0.10204081632653061,49,12,1,0,49,9|6|17|6|7,hub_localized,1225
fully-connected,50,0.01,0.02,0.0,0.2,0.1,3.0,0.3,0.072,38,80,0.0,0.08163265306122448,48,12,75,0,48,8|6|24|7|1,hub_localized,1225
fully-connected,50,0.01,0.02,0.0,0.2,0.1,3.0,0.3,0.072,39,81,0.0,0.10204081632653061,47,12,1,0,47,6|6|17|6|7|2,hub_localized,1225
fully-connected,50,0.01,0.02,0.0,0.2,0.1,3.0,0.3,0.072,40,82,0.0,0.10204081632653061,46,12,4,0,46,5|6|17|6|7|3,hub_localized,1225
fully-connected,50,0.01,0.02,0.0,0.2,0.1,3.0,0.3,0.072,41,83,0.0,0.10204081632653061,45,12,1,0,45,5|6|17|6|7|4,hub_localized,1225
fully-connected,50,0.01,0.02,0.0,0.2,0.1,3.0,0.3,0.072,42,84,0.0,0.10204081632653061,44,12,3,0,44,3|6|17|6|7|5,hub_localized,1225
fully-connected,50,0.01,0.02,0.0,0.2,0.1,3.0,0.3,0.072,43,85,0.0,0.10204081632653061,43,12,1,0,43,2|6|17|6|7|6,hub_localized,1225
fully-connected,50,0.01,0.02,0.0,0.2,0.1,3.0,0.3,0.072,44,86,0.0,0.10204081632653061,42,12,3,0,42,2|6|17|6|7|7,hub_localized,1225
fully-connected,50,0.01,0.02,0.0,0.2,0.1,3.0,0.3,0.072,45,87,0.0,0.10204081632653061,41,12,1,0,41,1|6|17|6|7|8,hub_localized,1225
fully-connected,50,0.01,0.02,0.0,0.2,0.1,3.0,0.3,0.072,46,88,0.0,0.08163265306122448,40,7,4,0,40,6|17|6|7|9,hub_localized,1225
fully-connected,50,0.01,0.02,0.0,0.2,0.1,3.0,0.3,0.072,47,89,0.0,0.08163265306122448,39,7,3,0,39,5|17|6|7|10,hub_localized,1225
fully-connected,50,0.01,0.02,0.0,0.2,0.1,3.0,0.3,0.072,48,90,0.0,0.10204081632653061,49,9,1,0,49,4|17|6|7|10,hub_localized,1225
fully-connected,50,0.01,0.02,0.0,0.2,0.1,3.0,0.3,0.072,49,91,0.0,0.10204081632653061,48,9,1,0,48,3|17|6|7|10|1,hub_localized,1225
fully-connected,50,0.01,0.02,0.0,0.2,0.1,3.0,0.3,0.074,0,42,0.0,0.1836734693877551,46,12,4,0,46,3|4|5|9|2|4|10|3,hub_localized,1225
fully-connected,50,0.01,0.02,0.0,0.2,0.1,3.0,0.3,0.074,1,43,0.0,0.20408163265306123,45,12,5,1,45,2|4|5|1|7|2|4|10|4,hub_localized,1225
fully-connected,50,0.01,0.02,0.0,0.2,0.1,3.0,0.3,0.074,2,44,0.0,0.20408163265306123,44,12,4,1,44,2|4|5|1|7|2|4|10|5,hub_localized,1225
fully-connected,50,0.01,0.02,0.0,0.2,0.1,3.0,0.3,0.074,3,45,0.0,0.1836734693877551,43,12,4,0,43,1|4|5|9|2|4|10|6,hub_localized,1225
fully-connected,50,0.01,0.02,0.0,0.2,0.1,3.0,0.3,0.074,4,46,0.0,0.1836734693877551,49,12,5,0,49,4|5|9|2|4|10|6,hub_localized,1225
fully-connected,50,0.01,0.02,0.0,0.2,0.1,3.0,0.3,0.074,5,47,0.0,0.20408163265306123,48,12,5,1,48,3|5|1|7|2|4|10|6|1,hub_localized,1225
fully-connected,50,0.01,0.02,0.0,0.2,0.1,3.0,0.3,0.074,6,48,0.0,0.1836734693877551,47,12,4,0,47,3|5|9|2|4|10|6|2,hub_localized,1225
fully-connected,50,0.01,0.02,0.0,0.2,0.1,3.0,0.3,0.074,7,49,0.0,0.1836734693877551,46,12,5,0,46,1|5|9|2|4|10|6|3,hub_localized,1225
fully-connected,50,0.01,0.02,0.0,0.2,0.1,3.0,0.3,0.074,8,50,0.0,0.1836734693877551,45,12,5,0,45,1|5|9|2|4|10|6|4,hub_localized,1225
fully-connected,50,0.01,0.02,0.0,0.2,0.1,3.0,0.3,0.074,9,51,0.0,0.16326530612244897,44,12,5,0,44,5|9|2|4|10|6|5,hub_localized,1225
fully-connected,50,0.01,0.02,0.0,0.2,0.1,3.0,0.3,0.074,10,52,0.0,0.16326530612244897,43,12,38,0,43,6|7|2|4|10|6|6,hub_localized,1225
fully-connected,50,0.01,0.02,0.0,0.2,0.1,3.0,0.3,0.074,11,53,0.0,0.16326530612244897,42,12,5,0,42,3|9|2|4|10|6|7,hub_localized,1225
fully-connected,50,0.01,0.02,0.0,0.2,0.1,3.0,0.3,0.074,12,54,0.0,0.1836734693877551,41,12,6,0,41,3|1|7|2|4|10|6|8,hub_localized,1225
fully-connected,50,0.01,0.02,0.0,0.2,0.1,3.0,0.3,0.074,13,55,0.0,0.1836734693877551,40,12,6,0,40,1|1|7|2|4|10|6|9,hub_localized,1225
fully-connected,50,0.01,0.02,0.0,0.2,0.1,3.0,0.3,0.074,14,56,0.0,0.1836734693877551,39,12,5,0,39,1|1|7|2|4|10|6|10,hub_localized,1225
fully-connected,50,0.01,0.02,0.0,0.2,0.1,3.0,0.3,0.074,15,57,0.0,0.16326530612244897,38,12,38,0,38,1|7|2|4|10|6|11,hub_localized,1225
fully-connected,50,0.01,0.02,0.0,0.2,0.1,3.0,0.3,0.074,16,58,0.0,0.16326530612244897,37,12,16,0,37,1|7|2|4|10|6|12,hub_localized,1225
fully-connected,50,0.01,0.02,0.0,0.2,0.1,3.0,0.3,0.074,17,59,0.0,0.14285714285714285,36,12,47,0,36,7|2|4|10|6|13,hub_localized,1225
fully-connected,50,0.01,0.02,0.0,0.2,0.1,3.0,0.3,0.074,18,60,0.0,0.14285714285714285,35,12,47,0,35,7|2|4|10|6|14,hub_localized,1225
fully-connected,50,0.01,0.02,0.0,0.2,0.1,3.0,0.3,0.074,19,61,0.0,0.14285714285714285,34,12,16,0,34,6|2|4|10|6|15,hub_localized,1225
fully-connected,50,0.01,0.02,0.0,0.2,0.1,3.0,0.3,0.074,20,62,0.0,0.14285714285714285,33,12,47,0,33,5|2|4|10|6|16,hub_localized,1225
fully-connected,50,0.01,0.02,0.0,0.2,0.1,3.0,0.3,0.074,21,63,0.0,0.14285714285714285,32,12,47,0,32,4|2|4|10|6|17,hub_localized,1225
fully-connected,50,0.01,0.02,0.0,0.2,0.1,3.0,0.3,0.074,22,64,0.0,0.16326530612244897,49,12,1,0,49,3|2|4|10|6|17,hub_localized,1225
fully-connected,50,0.01,0.02,0.0,0.2,0.1,3.0,0.3,0.074,23,65,0.0,0.16326530612244897,48,12,3,0,48,2|2|4|10|6|17|1,hub_localized,1225
fully-connected,50,0.01,0.02,0.0,0.2,0.1,3.0,0.3,0.074,24,66,0.0,0.16326530612244897,47,12,3,0,47,1|2|4|10|6|17|2,hub_localized,1225
fully-connected,50,0.01,0.02,0.0,0.2,0.1,3.0,0.3,0.074,25,67,0.0,0.14285714285714285,46,12,1,0,46,2|4|10|6|17|3,hub_localized,1225
fully-connected,50,0.01,0.02,0.0,0.2,0.1,3.0,0.3,0.074,26,68,0.0,0.14285714285714285,45,12,1,0,45,1|4|10|6|17|4,hub_localized,1225
fully-connected,50,0.01,0.02,0.0,0.2,0.1,3.0,0.3,0.074,27,69,0.0,0.14285714285714285,44,12,1,0,44,1|4|10|6|17|5,hub_localized,1225
fully-connected,50,0.01,0.02,0.0,0.2,0.1,3.0,0.3,0.074,28,70,0.0,0.12244897959183673,43,12,1,0,43,4|10|6|17|6,hub_localized,1225
fully-connected,50,0.01,0.02,0.0,0.2,0.1,3.0,0.3,0.074,29,71,0.0,0.12244897959183673,42,12,3,0,42,3|10|6|17|7,hub_localized,1225
fully-connected,50,0.01,0.02,0.0,0.2,0.1,3.0,0.3,0.074,30,72,0.0,0.12244897959183673,41,12,1,0,41,2|10|6|17|8,hub_localized,1225
fully-connected,50,0.01,0.02,0.0,0.2,0.1,3.0,0.3,0.074,31,73,0.0,0.12244897959183673,40,12,3,0,40,2|10|6|17|9,hub_localized,1225
fully-connected,50,0.01,0.02,0.0,0.2,0.1,3.0,0.3,0.074,32,74,0.0,0.12244897959183673,39,12,1,0,39,10|6|17|10,hub_localized,1225
fully-connected,50,0.01,0.02,0.0,0.2,0.1,3.0,0.3,0.074,33,75,0.0,0.10204081632653061,38,12,1,0,38,10|6|17|11,hub_localized,1225
fully-connected,50,0.01,0.02,0.0,0.2,0.1,3.0,0.3,0.074,34,76,0.0,0.08163265306122448,37,12,1,0,37,10|6|17|12,hub_localized,1225
fully-connected,50,0.01,0.02,0.0,0.2,0.1,3.0,0.3,0.074,35,77,0.0,0.061224489795918366,36,12,1,0,36,10|6|17|13,hub_localized,1225
fully-connected,50,0.01,0.02,0.0,0.2,0.1,3.0,0.3,0.074,36,78,0.0,0.061224489795918366,35,12,1,0,35,9|6|17|14,hub_localized,1225
fully-connected,50,0.01,0.02,0.0,0.2,0.1,3.0,0.3,0.074,37,79,0.0,0.08163265306122448,49,12,1,0,49,9|6|17|14,hub_localized,1225
fully-connected,50,0.01,0.02,0.0,0.2,0.1,3.0,0.3,0.074,38,80,0.0,0.061224489795918366,48,12,75,0,48,8|6|32|1,hub_localized,1225
fully-connected,50,0.01,0.02,0.0,0.2,0.1,3.0,0.3,0.074,39,81,0.0,0.08163265306122448,47,12,1,0,47,7|6|17|14|2,hub_localized,1225
fully-connected,50,0.01,0.02,0.0,0.2,0.1,3.0,0.3,0.074,40,82,0.0,0.08163265306122448,46,12,4,0,46,5|6|17|14|3,hub_localized,1225
fully-connected,50,0.01,0.02,0.0,0.2,0.1,3.0,0.3,0.074,41,83,0.0,0.08163265306122448,45,12,1,0,45,5|6|17|14|4,hub_localized,1225
fully-connected,50,0.01,0.02,0.0,0.2,0.1,3.0,0.3,0.074,42,84,0.0,0.08163265306122448,44,12,3,0,44,3|6|17|14|5,hub_localized,1225
fully-connected,50,0.01,0.02,0.0,0.2,0.1,3.0,0.3,0.074,43,85,0.0,0.08163265306122448,43,12,1,0,43,2|6|17|14|6,hub_localized,1225
fully-connected,50,0.01,0.02,0.0,0.2,0.1,3.0,0.3,0.074,44,86,0.0,0.08163265306122448,42,12,3,0,42,2|6|17|14|7,hub_localized,1225
fully-connected,50,0.01,0.02,0.0,0.2,0.1,3.0,0.3,0.074,45,87,0.0,0.08163265306122448,41,12,1,0,41,1|6|17|14|8,hub_localized,1225
fully-connected,50,0.01,0.02,0.0,0.2,0.1,3.0,0.3,0.074,46,88,0.0,0.061224489795918366,40,7,4,0,40,6|17|14|9,hub_localized,1225
fully-connected,50,0.01,0.02,0.0,0.2,0.1,3.0,0.3,0.074,47,89,0.0,0.061224489795918366,39,7,3,0,39,5|17|14|10,hub_localized,1225
fully-connected,50,0.01,0.02,0.0,0.2,0.1,3.0,0.3,0.074,48,90,0.0,0.08163265306122448,49,8,1,0,49,4|17|14|10,hub_localized,1225
fully-connected,50,0.01,0.02,0.0,0.2,0.1,3.0,0.3,0.074,49,91,0.0,0.08163265306122448,48,8,1,0,48,3|17|14|10|1,hub_localized,1225
fully-connected,50,0.01,0.02,0.0,0.2,0.1,3.0,0.3,0.076,0,42,0.0,0.16326530612244897,46,11,4,0,46,3|4|5|12|4|10|3,hub_localized,1225
fully-connected,50,0.01,0.02,0.0,0.2,0.1,3.0,0.3,0.076,1,43,0.0,0.1836734693877551,45,11,5,0,45,2|4|5|1|10|4|10|4,hub_localized,1225
fully-connected,50,0.01,0.02,0.0,0.2,0.1,3.0,0.3,0.076,2,44,0.0,0.1836734693877551,44,11,4,0,44,2|4|5|1|10|4|10|5,hub_localized,1225
fully-connected,50,0.01,0.02,0.0,0.2,0.1,3.0,0.3,0.076,3,45,0.0,0.16326530612244897,43,11,4,0,43,1|4|5|12|4|10|6,hub_localized,1225
fully-connected,50,0.01,0.02,0.0,0.2,0.1,3.0,0.3,0.076,4,46,0.0,0.16326530612244897,49,11,5,0,49,4|5|12|4|10|6,hub_localized,1225
fully-connected,50,0.01,0.02,0.0,0.2,0.1,3.0,0.3,0.076,5,47,0.0,0.1836734693877551,48,11,5,0,48,3|5|1|10|4|10|6|1,hub_localized,1225
fully-connected,50,0.01,0.02,0.0,0.2,0.1,3.0,0.3,0.076,6,48,0.0,0.16326530612244897,47,11,4,0,47,3|5|12|4|10|6|2,hub_localized,1225
fully-connected,50,0.01,0.02,0.0,0.2,0.1,3.0,0.3,0.076,7,49,0.0,0.16326530612244897,46,11,5,0,46,1|5|12|4|10|6|3,hub_localized,1225
fully-connected,50,0.01,0.02,0.0,0.2,0.1,3.0,0.3,0.076,8,50,0.0,0.16326530612244897,45,11,5,0,45,1|5|12|4|10|6|4,hub_localized,1225
fully-connected,50,0.01,0.02,0.0,0.2,0.1,3.0,0.3,0.076,9,51,0.0,0.14285714285714285,44,11,5,0,44,5|12|4|10|6|5,hub_localized,1225
fully-connected,50,0.01,0.02,0.0,0.2,0.1,3.0,0.3,0.076,10,52,0.0,0.14285714285714285,43,11,38,0,43,6|10|4|10|6|6,hub_localized,1225
fully-connected,50,0.01,0.02,0.0,0.2,0.1,3.0,0.3,0.076,11,53,0.0,0.14285714285714285,42,11,5,0,42,3|12|4|10|6|7,hub_localized,1225
fully-connected,50,0.01,0.02,0.0,0.2,0.1,3.0,0.3,0.076,12,54,0.0,0.1836734693877551,41,11,6,0,41,3|1|7|2|4|10|6|8,hub_localized,1225
fully-connected,50,0.01,0.02,0.0,0.2,0.1,3.0,0.3,0.076,13,55,0.0,0.1836734693877551,40,11,6,0,40,1|1|7|2|4|10|6|9,hub_localized,1225
fully-connected,50,0.01,0.02,0.0,0.2,0.1,3.0,0.3,0.076,14,56,0.0,0.1836734693877551,39,11,5,0,39,1|1|7|2|4|10|6|10,hub_localized,1225
fully-connected,50,0.01,0.02,0.0,0.2,0.1,3.0,0.3,0.076,15,57,0.0,0.16326530612244897,38,11,38,0,38,1|7|2|4|10|6|11,hub_localized,1225
fully-connected,50,0.01,0.02,0.0,0.2,0.1,3.0,0.3,0.076,16,58,0.0,0.16326530612244897,37,11,38,0,37,1|7|2|4|10|6|12,hub_localized,1225
fully-connected,50,0.01,0.02,0.0,0.2,0.1,3.0,0.3,0.076,17,59,0.0,0.14285714285714285,36,11,47,0,36,7|2|4|10|6|13,hub_localized,1225
fully-connected,50,0.01,0.02,0.0,0.2,0.1,3.0,0.3,0.076,18,60,0.0,0.14285714285714285,35,11,47,0,35,7|2|4|10|6|14,hub_localized,1225
fully-connected,50,0.01,0.02,0.0,0.2,0.1,3.0,0.3,0.076,19,61,0.0,0.14285714285714285,34,11,47,0,34,6|2|4|10|6|15,hub_localized,1225
fully-connected,50,0.01,0.02,0.0,0.2,0.1,3.0,0.3,0.076,20,62,0.0,0.14285714285714285,33,11,47,0,33,5|2|4|10|6|16,hub_localized,1225
fully-connected,50,0.01,0.02,0.0,0.2,0.1,3.0,0.3,0.076,21,63,0.0,0.14285714285714285,32,11,47,0,32,4|2|4|10|6|17,hub_localized,1225
fully-connected,50,0.01,0.02,0.0,0.2,0.1,3.0,0.3,0.076,22,64,0.0,0.16326530612244897,49,11,1,0,49,3|2|4|10|6|17,hub_localized,1225
fully-connected,50,0.01,0.02,0.0,0.2,0.1,3.0,0.3,0.076,23,65,0.0,0.16326530612244897,48,11,3,0,48,2|2|4|10|6|17|1,hub_localized,1225
fully-connected,50,0.01,0.02,0.0,0.2,0.1,3.0,0.3,0.076,24,66,0.0,0.16326530612244897,47,11,3,0,47,1|2|4|10|6|17|2,hub_localized,1225
fully-connected,50,0.01,0.02,0.0,0.2,0.1,3.0,0.3,0.076,25,67,0.0,0.14285714285714285,46,11,1,0,46,2|4|10|6|17|3,hub_localized,1225
fully-connected,50,0.01,0.02,0.0,0.2,0.1,3.0,0.3,0.076,26,68,0.0,0.14285714285714285,45,11,1,0,45,1|4|10|6|17|4,hub_localized,1225
fully-connected,50,0.01,0.02,0.0,0.2,0.1,3.0,0.3,0.076,27,69,0.0,0.14285714285714285,44,11,1,0,44,1|4|10|6|17|5,hub_localized,1225
fully-connected,50,0.01,0.02,0.0,0.2,0.1,3.0,0.3,0.076,28,70,0.0,0.12244897959183673,43,11,1,0,43,4|10|6|17|6,hub_localized,1225
fully-connected,50,0.01,0.02,0.0,0.2,0.1,3.0,0.3,0.076,29,71,0.0,0.12244897959183673,42,11,3,0,42,3|10|6|17|7,hub_localized,1225
fully-connected,50,0.01,0.02,0.0,0.2,0.1,3.0,0.3,0.076,30,72,0.0,0.12244897959183673,41,11,1,0,41,2|10|6|17|8,hub_localized,1225
fully-connected,50,0.01,0.02,0.0,0.2,0.1,3.0,0.3,0.076,31,73,0.0,0.12244897959183673,40,11,3,0,40,2|10|6|17|9,hub_localized,1225
fully-connected,50,0.01,0.02,0.0,0.2,0.1,3.0,0.3,0.076,32,74,0.0,0.12244897959183673,39,11,1,0,39,10|6|17|10,hub_localized,1225
fully-connected,50,0.01,0.02,0.0,0.2,0.1,3.0,0.3,0.076,33,75,0.0,0.10204081632653061,38,11,1,0,38,10|6|17|11,hub_localized,1225
fully-connected,50,0.01,0.02,0.0,0.2,0.1,3.0,0.3,0.076,34,76,0.0,0.08163265306122448,37,11,1,0,37,10|6|17|12,hub_localized,1225
fully-connected,50,0.01,0.02,0.0,0.2,0.1,3.0,0.3,0.076,35,77,0.0,0.061224489795918366,36,11,1,0,36,10|6|17|13,hub_localized,1225
fully-connected,50,0.01,0.02,0.0,0.2,0.1,3.0,0.3,0.076,36,78,0.0,0.061224489795918366,35,11,1,0,35,9|6|17|14,hub_localized,1225
fully-connected,50,0.01,0.02,0.0,0.2,0.1,3.0,0.3,0.076,37,79,0.0,0.08163265306122448,49,11,1,0,49,9|6|17|14,hub_localized,1225
fully-connected,50,0.01,0.02,0.0,0.2,0.1,3.0,0.3,0.076,38,80,0.0,0.061224489795918366,48,11,75,0,48,8|6|32|1,hub_localized,1225
fully-connected,50,0.01,0.02,0.0,0.2,0.1,3.0,0.3,0.076,39,81,0.0,0.08163265306122448,47,11,1,0,47,7|6|17|14|2,hub_localized,1225
fully-connected,50,0.01,0.02,0.0,0.2,0.1,3.0,0.3,0.076,40,82,0.0,0.08163265306122448,46,11,4,0,46,5|6|17|14|3,hub_localized,1225
fully-connected,50,0.01,0.02,0.0,0.2,0.1,3.0,0.3,0.076,41,83,0.0,0.08163265306122448,45,11,1,0,45,5|6|17|14|4,hub_localized,1225
fully-connected,50,0.01,0.02,0.0,0.2,0.1,3.0,0.3,0.076,42,84,0.0,0.08163265306122448,44,11,3,0,44,3|6|17|14|5,hub_localized,1225
fully-connected,50,0.01,0.02,0.0,0.2,0.1,3.0,0.3,0.076,43,85,0.0,0.08163265306122448,43,11,1,0,43,2|6|17|14|6,hub_localized,1225
fully-connected,50,0.01,0.02,0.0,0.2,0.1,3.0,0.3,0.076,44,86,0.0,0.08163265306122448,42,11,3,0,42,2|6|17|14|7,hub_localized,1225
fully-connected,50,0.01,0.02,0.0,0.2,0.1,3.0,0.3,0.076,45,87,0.0,0.08163265306122448,41,11,1,0,41,1|6|17|14|8,hub_localized,1225
fully-connected,50,0.01,0.02,0.0,0.2,0.1,3.0,0.3,0.076,46,88,0.0,0.061224489795918366,40,9,4,0,40,6|17|14|9,hub_localized,1225
fully-connected,50,0.01,0.02,0.0,0.2,0.1,3.0,0.3,0.076,47,89,0.0,0.061224489795918366,39,9,3,0,39,5|17|14|10,hub_localized,1225
fully-connected,50,0.01,0.02,0.0,0.2,0.1,3.0,0.3,0.076,48,90,0.0,0.08163265306122448,49,9,1,0,49,4|17|14|10,hub_localized,1225
fully-connected,50,0.01,0.02,0.0,0.2,0.1,3.0,0.3,0.076,49,91,0.0,0.08163265306122448,48,9,1,0,48,3|17|14|10|1,hub_localized,1225
fully-connected,50,0.01,0.02,0.0,0.2,0.1,3.0,0.3,0.078,0,42,0.0,0.14285714285714285,46,9,4,0,46,3|10|12|4|10|3,hub_localized,1225
fully-connected,50,0.01,0.02,0.0,0.2,0.1,3.0,0.3,0.078,1,43,0.0,0.16326530612244897,45,9,5,0,45,2|10|1|10|4|10|4,hub_localized,1225
fully-connected,50,0.01,0.02,0.0,0.2,0.1,3.0,0.3,0.078,2,44,0.0,0.16326530612244897,44,9,4,0,44,2|10|1|10|4|10|5,hub_localized,1225
fully-connected,50,0.01,0.02,0.0,0.2,0.1,3.0,0.3,0.078,3,45,0.0,0.14285714285714285,43,9,4,0,43,1|10|12|4|10|6,hub_localized,1225
fully-connected,50,0.01,0.02,0.0,0.2,0.1,3.0,0.3,0.078,4,46,0.0,0.14285714285714285,49,9,5,0,49,10|12|4|10|6,hub_localized,1225
fully-connected,50,0.01,0.02,0.0,0.2,0.1,3.0,0.3,0.078,5,47,0.0,0.16326530612244897,48,9,5,0,48,9|1|10|4|10|6|1,hub_localized,1225
fully-connected,50,0.01,0.02,0.0,0.2,0.1,3.0,0.3,0.078,6,48,0.0,0.14285714285714285,47,9,4,0,47,9|12|4|10|6|2,hub_localized,1225
fully-connected,50,0.01,0.02,0.0,0.2,0.1,3.0,0.3,0.078,7,49,0.0,0.14285714285714285,46,9,5,0,46,7|12|4|10|6|3,hub_localized,1225
fully-connected,50,0.01,0.02,0.0,0.2,0.1,3.0,0.3,0.078,8,50,0.0,0.14285714285714285,45,9,5,0,45,7|12|4|10|6|4,hub_localized,1225
fully-connected,50,0.01,0.02,0.0,0.2,0.1,3.0,0.3,0.078,9,51,0.0,0.14285714285714285,44,9,5,0,44,5|12|4|10|6|5,hub_localized,1225
fully-connected,50,0.01,0.02,0.0,0.2,0.1,3.0,0.3,0.078,10,52,0.0,0.14285714285714285,43,9,38,0,43,6|10|4|10|6|6,hub_localized,1225
fully-connected,50,0.01,0.02,0.0,0.2,0.1,3.0,0.3,0.078,11,53,0.0,0.14285714285714285,42,9,5,0,42,3|12|4|10|6|7,hub_localized,1225
fully-connected,50,0.01,0.02,0.0,0.2,0.1,3.0,0.3,0.078,12,54,0.0,0.14285714285714285,41,9,38,0,41,5|10|4|10|6|8,hub_localized,1225
fully-connected,50,0.01,0.02,0.0,0.2,0.1,3.0,0.3,0.078,13,55,0.0,0.16326530612244897,40,9,6,0,40,1|1|10|4|10|6|9,hub_localized,1225
fully-connected,50,0.01,0.02,0.0,0.2,0.1,3.0,0.3,0.078,14,56,0.0,0.16326530612244897,39,9,5,0,39,1|1|10|4|10|6|10,hub_localized,1225
fully-connected,50,0.01,0.02,0.0,0.2,0.1,3.0,0.3,0.078,15,57,0.0,0.14285714285714285,38,9,38,0,38,1|10|4|10|6|11,hub_localized,1225
fully-connected,50,0.01,0.02,0.0,0.2,0.1,3.0,0.3,0.078,16,58,0.0,0.14285714285714285,37,9,38,0,37,1|10|4|10|6|12,hub_localized,1225
fully-connected,50,0.01,0.02,0.0,0.2,0.1,3.0,0.3,0.078,17,59,0.0,0.12244897959183673,36,9,75,0,36,10|4|10|6|13,hub_localized,1225
fully-connected,50,0.01,0.02,0.0,0.2,0.1,3.0,0.3,0.078,18,60,0.0,0.12244897959183673,35,9,75,0,35,10|4|10|6|14,hub_localized,1225
fully-connected,50,0.01,0.02,0.0,0.2,0.1,3.0,0.3,0.078,19,61,0.0,0.12244897959183673,34,9,75,0,34,9|4|10|6|15,hub_localized,1225
fully-connected,50,0.01,0.02,0.0,0.2,0.1,3.0,0.3,0.078,20,62,0.0,0.12244897959183673,33,9,75,0,33,8|4|10|6|16,hub_localized,1225
fully-connected,50,0.01,0.02,0.0,0.2,0.1,3.0,0.3,0.078,21,63,0.0,0.12244897959183673,32,9,75,0,32,7|4|10|6|17,hub_localized,1225
fully-connected,50,0.01,0.02,0.0,0.2,0.1,3.0,0.3,0.078,22,64,0.0,0.14285714285714285,49,9,1,0,49,6|4|10|6|17,hub_localized,1225
fully-connected,50,0.01,0.02,0.0,0.2,0.1,3.0,0.3,0.078,23,65,0.0,0.14285714285714285,48,9,3,0,48,5|4|10|6|17|1,hub_localized,1225
fully-connected,50,0.01,0.02,0.0,0.2,0.1,3.0,0.3,0.078,24,66,0.0,0.14285714285714285,47,9,3,0,47,4|4|10|6|17|2,hub_localized,1225
fully-connected,50,0.01,0.02,0.0,0.2,0.1,3.0,0.3,0.078,25,67,0.0,0.14285714285714285,46,9,1,0,46,2|4|10|6|17|3,hub_localized,1225
fully-connected,50,0.01,0.02,0.0,0.2,0.1,3.0,0.3,0.078,26,68,0.0,0.14285714285714285,45,9,1,0,45,1|4|10|6|17|4,hub_localized,1225
fully-connected,50,0.01,0.02,0.0,0.2,0.1,3.0,0.3,0.078,27,69,0.0,0.14285714285714285,44,9,1,0,44,1|4|10|6|17|5,hub_localized,1225
fully-connected,50,0.01,0.02,0.0,0.2,0.1,3.0,0.3,0.078,28,70,0.0,0.12244897959183673,43,9,1,0,43,4|10|6|17|6,hub_localized,1225
fully-connected,50,0.01,0.02,0.0,0.2,0.1,3.0,0.3,0.078,29,71,0.0,0.12244897959183673,42,9,3,0,42,3|10|6|17|7,hub_localized,1225
fully-connected,50,0.01,0.02,0.0,0.2,0.1,3.0,0.3,0.078,30,72,0.0,0.12244897959183673,41,9,1,0,41,2|10|6|17|8,hub_localized,1225
fully-connected,50,0.01,0.02,0.0,0.2,0.1,3.0,0.3,0.078,31,73,0.0,0.12244897959183673,40,9,3,0,40,2|10|6|17|9,hub_localized,1225
fully-connected,50,0.01,0.02,0.0,0.2,0.1,3.0,0.3,0.078,32,74,0.0,0.12244897959183673,39,9,1,0,39,10|6|17|10,hub_localized,1225
fully-connected,50,0.01,0.02,0.0,0.2,0.1,3.0,0.3,0.078,33,75,0.0,0.10204081632653061,38,9,1,0,38,10|6|17|11,hub_localized,1225
fully-connected,50,0.01,0.02,0.0,0.2,0.1,3.0,0.3,0.078,34,76,0.0,0.08163265306122448,37,9,1,0,37,10|6|17|12,hub_localized,1225
fully-connected,50,0.01,0.02,0.0,0.2,0.1,3.0,0.3,0.078,35,77,0.0,0.061224489795918366,36,9,1,0,36,10|6|17|13,hub_localized,1225
fully-connected,50,0.01,0.02,0.0,0.2,0.1,3.0,0.3,0.078,36,78,0.0,0.061224489795918366,35,9,1,0,35,9|6|17|14,hub_localized,1225
fully-connected,50,0.01,0.02,0.0,0.2,0.1,3.0,0.3,0.078,37,79,0.0,0.08163265306122448,49,9,1,0,49,9|6|17|14,hub_localized,1225
fully-connected,50,0.01,0.02,0.0,0.2,0.1,3.0,0.3,0.078,38,80,0.0,0.061224489795918366,48,9,75,0,48,8|6|32|1,hub_localized,1225
fully-connected,50,0.01,0.02,0.0,0.2,0.1,3.0,0.3,0.078,39,81,0.0,0.08163265306122448,47,9,1,0,47,7|6|17|14|2,hub_localized,1225
fully-connected,50,0.01,0.02,0.0,0.2,0.1,3.0,0.3,0.078,40,82,0.0,0.08163265306122448,46,9,4,0,46,5|6|17|14|3,hub_localized,1225
fully-connected,50,0.01,0.02,0.0,0.2,0.1,3.0,0.3,0.078,41,83,0.0,0.08163265306122448,45,9,1,0,45,5|6|17|14|4,hub_localized,1225
fully-connected,50,0.01,0.02,0.0,0.2,0.1,3.0,0.3,0.078,42,84,0.0,0.08163265306122448,44,9,3,0,44,3|6|17|14|5,hub_localized,1225
fully-connected,50,0.01,0.02,0.0,0.2,0.1,3.0,0.3,0.078,43,85,0.0,0.08163265306122448,43,9,1,0,43,2|6|17|14|6,hub_localized,1225
fully-connected,50,0.01,0.02,0.0,0.2,0.1,3.0,0.3,0.078,44,86,0.0,0.08163265306122448,42,9,3,0,42,2|6|17|14|7,hub_localized,1225
fully-connected,50,0.01,0.02,0.0,0.2,0.1,3.0,0.3,0.078,45,87,0.0,0.08163265306122448,41,9,1,0,41,1|6|17|14|8,hub_localized,1225
fully-connected,50,0.01,0.02,0.0,0.2,0.1,3.0,0.3,0.078,46,88,0.0,0.061224489795918366,40,8,4,0,40,6|17|14|9,hub_localized,1225
fully-connected,50,0.01,0.02,0.0,0.2,0.1,3.0,0.3,0.078,47,89,0.0,0.061224489795918366,39,8,3,0,39,5|17|14|10,hub_localized,1225
fully-connected,50,0.01,0.02,0.0,0.2,0.1,3.0,0.3,0.078,48,90,0.0,0.08163265306122448,49,8,1,0,49,4|17|14|10,hub_localized,1225
fully-connected,50,0.01,0.02,0.0,0.2,0.1,3.0,0.3,0.078,49,91,0.0,0.08163265306122448,48,8,1,0,48,3|17|14|10|1,hub_localized,1225
fully-connected,50,0.01,0.02,0.0,0.2,0.1,3.0,0.3,0.08,0,42,0.0,0.16326530612244897,46,9,4,0,46,3|4|5|12|4|10|3,hub_localized,1225
fully-connected,50,0.01,0.02,0.0,0.2,0.1,3.0,0.3,0.08,1,43,0.0,0.14285714285714285,45,9,5,0,45,2|10|12|4|10|4,hub_localized,1225
fully-connected,50,0.01,0.02,0.0,0.2,0.1,3.0,0.3,0.08,2,44,0.0,0.14285714285714285,44,9,5,0,44,2|10|12|4|10|5,hub_localized,1225
fully-connected,50,0.01,0.02,0.0,0.2,0.1,3.0,0.3,0.08,3,45,0.0,0.14285714285714285,43,9,4,0,43,1|10|12|4|10|6,hub_localized,1225
fully-connected,50,0.01,0.02,0.0,0.2,0.1,3.0,0.3,0.08,4,46,0.0,0.14285714285714285,49,9,5,0,49,10|12|4|10|6,hub_localized,1225
fully-connected,50,0.01,0.02,0.0,0.2,0.1,3.0,0.3,0.08,5,47,0.0,0.16326530612244897,48,9,5,0,48,3|5|12|4|10|6|1,hub_localized,1225
fully-connected,50,0.01,0.02,0.0,0.2,0.1,3.0,0.3,0.08,6,48,0.0,0.14285714285714285,47,9,4,0,47,9|12|4|10|6|2,hub_localized,1225
fully-connected,50,0.01,0.02,0.0,0.2,0.1,3.0,0.3,0.08,7,49,0.0,0.14285714285714285,46,9,5,0,46,7|12|4|10|6|3,hub_localized,1225
fully-connected,50,0.01,0.02,0.0,0.2,0.1,3.0,0.3,0.08,8,50,0.0,0.16326530612244897,45,9,5,0,45,1|5|12|4|10|6|4,hub_localized,1225
fully-connected,50,0.01,0.02,0.0,0.2,0.1,3.0,0.3,0.08,9,51,0.0,0.14285714285714285,44,9,6,0,44,5|12|4|10|6|5,hub_localized,1225
fully-connected,50,0.01,0.02,0.0,0.2,0.1,3.0,0.3,0.08,10,52,0.0,0.12244897959183673,43,9,75,0,43,17|4|10|6|6,hub_localized,1225
fully-connected,50,0.01,0.02,0.0,0.2,0.1,3.0,0.3,0.08,11,53,0.0,0.14285714285714285,42,9,5,0,42,3|12|4|10|6|7,hub_localized,1225
fully-connected,50,0.01,0.02,0.0,0.2,0.1,3.0,0.3,0.08,12,54,0.0,0.12244897959183673,41,9,75,0,41,16|4|10|6|8,hub_localized,1225
fully-connected,50,0.01,0.02,0.0,0.2,0.1,3.0,0.3,0.08,13,55,0.0,0.12244897959183673,40,9,75,0,40,14|4|10|6|9,hub_localized,1225
fully-connected,50,0.01,0.02,0.0,0.2,0.1,3.0,0.3,0.08,14,56,0.0,0.14285714285714285,39,9,5,0,39,1|12|4|10|6|10,hub_localized,1225
fully-connected,50,0.01,0.02,0.0,0.2,0.1,3.0,0.3,0.08,15,57,0.0,0.12244897959183673,38,9,75,0,38,12|4|10|6|11,hub_localized,1225
fully-connected,50,0.01,0.02,0.0,0.2,0.1,3.0,0.3,0.08,16,58,0.0,0.12244897959183673,37,9,75,0,37,12|4|10|6|12,hub_localized,1225
fully-connected,50,0.01,0.02,0.0,0.2,0.1,3.0,0.3,0.08,17,59,0.0,0.12244897959183673,36,9,75,0,36,10|4|10|6|13,hub_localized,1225
fully-connected,50,0.01,0.02,0.0,0.2,0.1,3.0,0.3,0.08,18,60,0.0,0.12244897959183673,35,9,75,0,35,10|4|10|6|14,hub_localized,1225
fully-connected,50,0.01,0.02,0.0,0.2,0.1,3.0,0.3,0.08,19,61,0.0,0.12244897959183673,34,9,75,0,34,9|4|10|6|15,hub_localized,1225
fully-connected,50,0.01,0.02,0.0,0.2,0.1,3.0,0.3,0.08,20,62,0.0,0.12244897959183673,33,9,75,0,33,8|4|10|6|16,hub_localized,1225
fully-connected,50,0.01,0.02,0.0,0.2,0.1,3.0,0.3,0.08,21,63,0.0,0.12244897959183673,32,9,75,0,32,7|4|10|6|17,hub_localized,1225
fully-connected,50,0.01,0.02,0.0,0.2,0.1,3.0,0.3,0.08,22,64,0.0,0.14285714285714285,49,9,1,0,49,6|4|10|6|17,hub_localized,1225
fully-connected,50,0.01,0.02,0.0,0.2,0.1,3.0,0.3,0.08,23,65,0.0,0.14285714285714285,48,9,3,0,48,5|4|10|6|17|1,hub_localized,1225
fully-connected,50,0.01,0.02,0.0,0.2,0.1,3.0,0.3,0.08,24,66,0.0,0.14285714285714285,47,9,4,0,47,4|4|10|6|17|2,hub_localized,1225
fully-connected,50,0.01,0.02,0.0,0.2,0.1,3.0,0.3,0.08,25,67,0.0,0.14285714285714285,46,9,1,0,46,2|4|10|6|17|3,hub_localized,1225
fully-connected,50,0.01,0.02,0.0,0.2,0.1,3.0,0.3,0.08,26,68,0.0,0.14285714285714285,45,9,1,0,45,1|4|10|6|17|4,hub_localized,1225
fully-connected,50,0.01,0.02,0.0,0.2,0.1,3.0,0.3,0.08,27,69,0.0,0.14285714285714285,44,9,1,0,44,1|4|10|6|17|5,hub_localized,1225
fully-connected,50,0.01,0.02,0.0,0.2,0.1,3.0,0.3,0.08,28,70,0.0,0.12244897959183673,43,9,1,0,43,4|10|6|17|6,hub_localized,1225
fully-connected,50,0.01,0.02,0.0,0.2,0.1,3.0,0.3,0.08,29,71,0.0,0.12244897959183673,42,9,4,0,42,3|10|6|17|7,hub_localized,1225
fully-connected,50,0.01,0.02,0.0,0.2,0.1,3.0,0.3,0.08,30,72,0.0,0.12244897959183673,41,9,1,0,41,2|10|6|17|8,hub_localized,1225
fully-connected,50,0.01,0.02,0.0,0.2,0.1,3.0,0.3,0.08,31,73,0.0,0.12244897959183673,40,9,3,0,40,2|10|6|17|9,hub_localized,1225
fully-connected,50,0.01,0.02,0.0,0.2,0.1,3.0,0.3,0.08,32,74,0.0,0.12244897959183673,39,9,1,0,39,10|6|17|10,hub_localized,1225
fully-connected,50,0.01,0.02,0.0,0.2,0.1,3.0,0.3,0.08,33,75,0.0,0.10204081632653061,38,9,1,0,38,10|6|17|11,hub_localized,1225
fully-connected,50,0.01,0.02,0.0,0.2,0.1,3.0,0.3,0.08,34,76,0.0,0.08163265306122448,37,9,1,0,37,10|6|17|12,hub_localized,1225
fully-connected,50,0.01,0.02,0.0,0.2,0.1,3.0,0.3,0.08,35,77,0.0,0.061224489795918366,36,9,1,0,36,10|6|17|13,hub_localized,1225
fully-connected,50,0.01,0.02,0.0,0.2,0.1,3.0,0.3,0.08,36,78,0.0,0.061224489795918366,35,9,1,0,35,9|6|17|14,hub_localized,1225
fully-connected,50,0.01,0.02,0.0,0.2,0.1,3.0,0.3,0.08,37,79,0.0,0.08163265306122448,49,9,1,0,49,9|6|17|14,hub_localized,1225
fully-connected,50,0.01,0.02,0.0,0.2,0.1,3.0,0.3,0.08,38,80,0.0,0.061224489795918366,48,9,75,0,48,8|6|32|1,hub_localized,1225
fully-connected,50,0.01,0.02,0.0,0.2,0.1,3.0,0.3,0.08,39,81,0.0,0.08163265306122448,47,9,1,0,47,7|6|17|14|2,hub_localized,1225
fully-connected,50,0.01,0.02,0.0,0.2,0.1,3.0,0.3,0.08,40,82,0.0,0.08163265306122448,46,9,4,0,46,5|6|17|14|3,hub_localized,1225
fully-connected,50,0.01,0.02,0.0,0.2,0.1,3.0,0.3,0.08,41,83,0.0,0.08163265306122448,45,9,1,0,45,5|6|17|14|4,hub_localized,1225
fully-connected,50,0.01,0.02,0.0,0.2,0.1,3.0,0.3,0.08,42,84,0.0,0.08163265306122448,44,9,3,0,44,3|6|17|14|5,hub_localized,1225
fully-connected,50,0.01,0.02,0.0,0.2,0.1,3.0,0.3,0.08,43,85,0.0,0.08163265306122448,43,9,1,0,43,2|6|17|14|6,hub_localized,1225
fully-connected,50,0.01,0.02,0.0,0.2,0.1,3.0,0.3,0.08,44,86,0.0,0.08163265306122448,42,9,3,0,42,2|6|17|14|7,hub_localized,1225
fully-connected,50,0.01,0.02,0.0,0.2,0.1,3.0,0.3,0.08,45,87,0.0,0.08163265306122448,41,9,1,0,41,1|6|17|14|8,hub_localized,1225
fully-connected,50,0.01,0.02,0.0,0.2,0.1,3.0,0.3,0.08,46,88,0.0,0.061224489795918366,40,8,4,0,40,6|17|14|9,hub_localized,1225
fully-connected,50,0.01,0.02,0.0,0.2,0.1,3.0,0.3,0.08,47,89,0.0,0.061224489795918366,39,8,3,0,39,5|17|14|10,hub_localized,1225
fully-connected,50,0.01,0.02,0.0,0.2,0.1,3.0,0.3,0.08,48,90,0.0,0.08163265306122448,49,8,1,0,49,4|17|14|10,hub_localized,1225
fully-connected,50,0.01,0.02,0.0,0.2,0.1,3.0,0.3,0.08,49,91,0.0,0.08163265306122448,48,8,1,0,48,3|17|14|10|1,hub_localized,1225
fully-connected,50,0.01,0.02,0.0,0.2,0.1,3.0,0.3,0.082,0,42,0.0,0.16326530612244897,46,9,4,0,46,3|4|5|12|4|10|3,hub_localized,1225
fully-connected,50,0.01,0.02,0.0,0.2,0.1,3.0,0.3,0.082,1,43,0.0,0.1836734693877551,46,9,5,0,46,2|4|5|12|4|10|3,hub_localized,1225
fully-connected,50,0.01,0.02,0.0,0.2,0.1,3.0,0.3,0.082,2,44,0.0,0.1836734693877551,45,9,5,0,45,2|4|5|12|4|10|4,hub_localized,1225
fully-connected,50,0.01,0.02,0.0,0.2,0.1,3.0,0.3,0.082,3,45,0.0,0.1836734693877551,44,9,4,0,44,1|4|5|12|4|10|5,hub_localized,1225
fully-connected,50,0.01,0.02,0.0,0.2,0.1,3.0,0.3,0.082,4,46,0.0,0.1836734693877551,49,9,5,0,49,4|5|12|4|10|5,hub_localized,1225
fully-connected,50,0.01,0.02,0.0,0.2,0.1,3.0,0.3,0.082,5,47,0.0,0.1836734693877551,48,9,5,0,48,3|5|12|4|10|5|1,hub_localized,1225
fully-connected,50,0.01,0.02,0.0,0.2,0.1,3.0,0.3,0.082,6,48,0.0,0.1836734693877551,47,9,4,0,47,3|5|12|4|10|5|2,hub_localized,1225
fully-connected,50,0.01,0.02,0.0,0.2,0.1,3.0,0.3,0.082,7,49,0.0,0.1836734693877551,46,9,5,0,46,1|5|12|4|10|5|3,hub_localized,1225
fully-connected,50,0.01,0.02,0.0,0.2,0.1,3.0,0.3,0.082,8,50,0.0,0.1836734693877551,45,9,5,0,45,1|5|12|4|10|5|4,hub_localized,1225
fully-connected,50,0.01,0.02,0.0,0.2,0.1,3.0,0.3,0.082,9,51,0.0,0.16326530612244897,44,9,6,0,44,5|12|4|10|5|5,hub_localized,1225
fully-connected,50,0.01,0.02,0.0,0.2,0.1,3.0,0.3,0.082,10,52,0.0,0.14285714285714285,43,9,75,0,43,17|4|10|5|6,hub_localized,1225
fully-connected,50,0.01,0.02,0.0,0.2,0.1,3.0,0.3,0.082,11,53,0.0,0.16326530612244897,42,9,5,0,42,3|12|4|10|5|7,hub_localized,1225
fully-connected,50,0.01,0.02,0.0,0.2,0.1,3.0,0.3,0.082,12,54,0.0,0.14285714285714285,41,9,75,0,41,16|4|10|5|8,hub_localized,1225
fully-connected,50,0.01,0.02,0.0,0.2,0.1,3.0,0.3,0.082,13,55,0.0,0.14285714285714285,40,9,75,0,40,14|4|10|5|9,hub_localized,1225
fully-connected,50,0.01,0.02,0.0,0.2,0.1,3.0,0.3,0.082,14,56,0.0,0.14285714285714285,39,9,5,0,39,1|12|4|10|6|10,hub_localized,1225
fully-connected,50,0.01,0.02,0.0,0.2,0.1,3.0,0.3,0.082,15,57,0.0,0.14285714285714285,38,9,75,0,38,12|4|10|5|11,hub_localized,1225
fully-connected,50,0.01,0.02,0.0,0.2,0.1,3.0,0.3,0.082,16,58,0.0,0.12244897959183673,37,9,75,0,37,12|4|10|6|12,hub_localized,1225
fully-connected,50,0.01,0.02,0.0,0.2,0.1,3.0,0.3,0.082,17,59,0.0,0.14285714285714285,36,9,75,0,36,10|4|10|5|13,hub_localized,1225
fully-connected,50,0.01,0.02,0.0,0.2,0.1,3.0,0.3,0.082,18,60,0.0,0.14285714285714285,35,9,75,0,35,10|4|10|5|14,hub_localized,1225
fully-connected,50,0.01,0.02,0.0,0.2,0.1,3.0,0.3,0.082,19,61,0.0,0.14285714285714285,34,9,48,0,34,6|2|4|10|6|15,hub_localized,1225
fully-connected,50,0.01,0.02,0.0,0.2,0.1,3.0,0.3,0.082,20,62,0.0,0.14285714285714285,33,9,75,0,33,8|4|10|5|16,hub_localized,1225
fully-connected,50,0.01,0.02,0.0,0.2,0.1,3.0,0.3,0.082,21,63,0.0,0.14285714285714285,32,9,75,0,32,7|4|10|5|17,hub_localized,1225
fully-connected,50,0.01,0.02,0.0,0.2,0.1,3.0,0.3,0.082,22,64,0.0,0.14285714285714285,49,9,1,0,49,6|4|10|6|17,hub_localized,1225
fully-connected,50,0.01,0.02,0.0,0.2,0.1,3.0,0.3,0.082,23,65,0.0,0.1836734693877551,48,9,3,0,48,2|2|4|10|5|17|1,hub_localized,1225
fully-connected,50,0.01,0.02,0.0,0.2,0.1,3.0,0.3,0.082,24,66,0.0,0.14285714285714285,47,9,4,0,47,4|4|10|6|17|2,hub_localized,1225
fully-connected,50,0.01,0.02,0.0,0.2,0.1,3.0,0.3,0.082,25,67,0.0,0.14285714285714285,46,9,1,0,46,2|4|10|6|17|3,hub_localized,1225
fully-connected,50,0.01,0.02,0.0,0.2,0.1,3.0,0.3,0.082,26,68,0.0,0.14285714285714285,45,9,1,0,45,1|4|10|6|17|4,hub_localized,1225
fully-connected,50,0.01,0.02,0.0,0.2,0.1,3.0,0.3,0.082,27,69,0.0,0.16326530612244897,44,9,1,0,44,1|4|10|5|17|5,hub_localized,1225
fully-connected,50,0.01,0.02,0.0,0.2,0.1,3.0,0.3,0.082,28,70,0.0,0.14285714285714285,43,9,1,0,43,4|10|5|17|6,hub_localized,1225
fully-connected,50,0.01,0.02,0.0,0.2,0.1,3.0,0.3,0.082,29,71,0.0,0.14285714285714285,42,9,4,0,42,3|10|5|17|7,hub_localized,1225
fully-connected,50,0.01,0.02,0.0,0.2,0.1,3.0,0.3,0.082,30,72,0.0,0.12244897959183673,41,9,1,0,41,2|10|6|17|8,hub_localized,1225
fully-connected,50,0.01,0.02,0.0,0.2,0.1,3.0,0.3,0.082,31,73,0.0,0.14285714285714285,40,9,3,0,40,2|10|5|17|9,hub_localized,1225
fully-connected,50,0.01,0.02,0.0,0.2,0.1,3.0,0.3,0.082,32,74,0.0,0.14285714285714285,39,9,1,0,39,10|5|17|10,hub_localized,1225
fully-connected,50,0.01,0.02,0.0,0.2,0.1,3.0,0.3,0.082,33,75,0.0,0.10204081632653061,38,9,1,0,38,10|6|17|11,hub_localized,1225
fully-connected,50,0.01,0.02,0.0,0.2,0.1,3.0,0.3,0.082,34,76,0.0,0.10204081632653061,37,9,1,0,37,10|5|17|12,hub_localized,1225
fully-connected,50,0.01,0.02,0.0,0.2,0.1,3.0,0.3,0.082,35,77,0.0,0.08163265306122448,36,9,1,0,36,10|5|17|13,hub_localized,1225
fully-connected,50,0.01,0.02,0.0,0.2,0.1,3.0,0.3,0.082,36,78,0.0,0.061224489795918366,35,9,1,0,35,9|6|17|14,hub_localized,1225
fully-connected,50,0.01,0.02,0.0,0.2,0.1,3.0,0.3,0.082,37,79,0.0,0.08163265306122448,49,9,1,0,49,9|6|17|14,hub_localized,1225
fully-connected,50,0.01,0.02,0.0,0.2,0.1,3.0,0.3,0.082,38,80,0.0,0.061224489795918366,48,9,75,0,48,8|6|32|1,hub_localized,1225
fully-connected,50,0.01,0.02,0.0,0.2,0.1,3.0,0.3,0.082,39,81,0.0,0.10204081632653061,47,9,1,0,47,7|5|17|14|2,hub_localized,1225
fully-connected,50,0.01,0.02,0.0,0.2,0.1,3.0,0.3,0.082,40,82,0.0,0.08163265306122448,46,9,4,0,46,5|6|17|14|3,hub_localized,1225
fully-connected,50,0.01,0.02,0.0,0.2,0.1,3.0,0.3,0.082,41,83,0.0,0.10204081632653061,45,9,1,0,45,5|5|17|14|4,hub_localized,1225
fully-connected,50,0.01,0.02,0.0,0.2,0.1,3.0,0.3,0.082,42,84,0.0,0.10204081632653061,44,9,4,0,44,3|5|17|14|5,hub_localized,1225
fully-connected,50,0.01,0.02,0.0,0.2,0.1,3.0,0.3,0.082,43,85,0.0,0.08163265306122448,43,9,1,0,43,2|6|17|14|6,hub_localized,1225
fully-connected,50,0.01,0.02,0.0,0.2,0.1,3.0,0.3,0.082,44,86,0.0,0.10204081632653061,42,9,3,0,42,2|5|17|14|7,hub_localized,1225
fully-connected,50,0.01,0.02,0.0,0.2,0.1,3.0,0.3,0.082,45,87,0.0,0.08163265306122448,41,9,1,0,41,1|6|17|14|8,hub_localized,1225
fully-connected,50,0.01,0.02,0.0,0.2,0.1,3.0,0.3,0.082,46,88,0.0,0.061224489795918366,40,6,112,0,40,5|32|9,hub_localized,1225
fully-connected,50,0.01,0.02,0.0,0.2,0.1,3.0,0.3,0.082,47,89,0.0,0.061224489795918366,39,8,3,0,39,5|17|14|10,hub_localized,1225
fully-connected,50,0.01,0.02,0.0,0.2,0.1,3.0,0.3,0.082,48,90,0.0,0.08163265306122448,49,8,1,0,49,4|17|14|10,hub_localized,1225
fully-connected,50,0.01,0.02,0.0,0.2,0.1,3.0,0.3,0.082,49,91,0.0,0.08163265306122448,48,8,1,0,48,3|17|14|10|1,hub_localized,1225
fully-connected,50,0.01,0.02,0.0,0.2,0.1,3.0,0.3,0.084,0,42,0.0,0.16326530612244897,47,11,4,0,47,3|4|5|12|4|1|10|2,hub_localized,1225
fully-connected,50,0.01,0.02,0.0,0.2,0.1,3.0,0.3,0.084,1,43,0.0,0.16326530612244897,46,11,5,0,46,2|4|5|12|4|1|10|3,hub_localized,1225
fully-connected,50,0.01,0.02,0.0,0.2,0.1,3.0,0.3,0.084,2,44,0.0,0.16326530612244897,45,11,5,0,45,2|4|5|12|4|1|10|4,hub_localized,1225
fully-connected,50,0.01,0.02,0.0,0.2,0.1,3.0,0.3,0.084,3,45,0.0,0.16326530612244897,44,11,4,0,44,1|4|5|12|4|1|10|5,hub_localized,1225
fully-connected,50,0.01,0.02,0.0,0.2,0.1,3.0,0.3,0.084,4,46,0.0,0.16326530612244897,49,11,5,0,49,4|5|12|4|1|10|5,hub_localized,1225
fully-connected,50,0.01,0.02,0.0,0.2,0.1,3.0,0.3,0.084,5,47,0.0,0.16326530612244897,48,11,5,0,48,3|5|12|4|1|10|5|1,hub_localized,1225
fully-connected,50,0.01,0.02,0.0,0.2,0.1,3.0,0.3,0.084,6,48,0.0,0.16326530612244897,47,11,4,0,47,3|5|12|4|1|10|5|2,hub_localized,1225
fully-connected,50,0.01,0.02,0.0,0.2,0.1,3.0,0.3,0.084,7,49,0.0,0.16326530612244897,46,11,5,0,46,1|5|12|4|1|10|5|3,hub_localized,1225
fully-connected,50,0.01,0.02,0.0,0.2,0.1,3.0,0.3,0.084,8,50,0.0,0.16326530612244897,45,11,5,0,45,1|5|12|4|1|10|5|4,hub_localized,1225
fully-connected,50,0.01,0.02,0.0,0.2,0.1,3.0,0.3,0.084,9,51,0.0,0.14285714285714285,44,11,6,0,44,5|12|4|1|10|5|5,hub_localized,1225
fully-connected,50,0.01,0.02,0.0,0.2,0.1,3.0,0.3,0.084,10,52,0.0,0.12244897959183673,43,11,76,0,43,17|4|1|10|5|6,hub_localized,1225
fully-connected,50,0.01,0.02,0.0,0.2,0.1,3.0,0.3,0.084,11,53,0.0,0.14285714285714285,42,11,5,0,42,3|12|4|1|10|5|7,hub_localized,1225
fully-connected,50,0.01,0.02,0.0,0.2,0.1,3.0,0.3,0.084,12,54,0.0,0.12244897959183673,41,11,76,0,41,16|4|1|10|5|8,hub_localized,1225
fully-connected,50,0.01,0.02,0.0,0.2,0.1,3.0,0.3,0.084,13,55,0.0,0.12244897959183673,40,11,76,0,40,14|4|1|10|5|9,hub_localized,1225
fully-connected,50,0.01,0.02,0.0,0.2,0.1,3.0,0.3,0.084,14,56,0.0,0.14285714285714285,39,11,5,0,39,1|12|4|1|10|5|10,hub_localized,1225
fully-connected,50,0.01,0.02,0.0,0.2,0.1,3.0,0.3,0.084,15,57,0.0,0.12244897959183673,38,11,76,0,38,12|4|1|10|5|11,hub_localized,1225
fully-connected,50,0.01,0.02,0.0,0.2,0.1,3.0,0.3,0.084,16,58,0.0,0.12244897959183673,37,11,76,0,37,12|4|1|10|5|12,hub_localized,1225
fully-connected,50,0.01,0.02,0.0,0.2,0.1,3.0,0.3,0.084,17,59,0.0,0.12244897959183673,36,11,76,0,36,10|4|1|10|5|13,hub_localized,1225
fully-connected,50,0.01,0.02,0.0,0.2,0.1,3.0,0.3,0.084,18,60,0.0,0.12244897959183673,35,11,76,0,35,10|4|1|10|5|14,hub_localized,1225
fully-connected,50,0.01,0.02,0.0,0.2,0.1,3.0,0.3,0.084,19,61,0.0,0.12244897959183673,34,11,76,0,34,9|4|1|10|5|15,hub_localized,1225
fully-connected,50,0.01,0.02,0.0,0.2,0.1,3.0,0.3,0.084,20,62,0.0,0.12244897959183673,33,11,76,0,33,8|4|1|10|5|16,hub_localized,1225
fully-connected,50,0.01,0.02,0.0,0.2,0.1,3.0,0.3,0.084,21,63,0.0,0.12244897959183673,32,11,76,0,32,7|4|1|10|5|17,hub_localized,1225
fully-connected,50,0.01,0.02,0.0,0.2,0.1,3.0,0.3,0.084,22,64,0.0,0.14285714285714285,49,11,1,0,49,6|4|1|10|5|17,hub_localized,1225
fully-connected,50,0.01,0.02,0.0,0.2,0.1,3.0,0.3,0.084,23,65,0.0,0.14285714285714285,48,11,4,0,48,5|4|1|10|5|17|1,hub_localized,1225
fully-connected,50,0.01,0.02,0.0,0.2,0.1,3.0,0.3,0.084,24,66,0.0,0.14285714285714285,47,11,4,0,47,4|4|1|10|5|17|2,hub_localized,1225
fully-connected,50,0.01,0.02,0.0,0.2,0.1,3.0,0.3,0.084,25,67,0.0,0.14285714285714285,46,11,1,0,46,2|4|1|10|5|17|3,hub_localized,1225
fully-connected,50,0.01,0.02,0.0,0.2,0.1,3.0,0.3,0.084,26,68,0.0,0.14285714285714285,45,11,1,0,45,1|4|1|10|5|17|4,hub_localized,1225
fully-connected,50,0.01,0.02,0.0,0.2,0.1,3.0,0.3,0.084,27,69,0.0,0.14285714285714285,44,11,1,0,44,1|4|1|10|5|17|5,hub_localized,1225
fully-connected,50,0.01,0.02,0.0,0.2,0.1,3.0,0.3,0.084,28,70,0.0,0.12244897959183673,43,11,1,0,43,4|1|10|5|17|6,hub_localized,1225
fully-connected,50,0.01,0.02,0.0,0.2,0.1,3.0,0.3,0.084,29,71,0.0,0.12244897959183673,42,11,4,0,42,3|1|10|5|17|7,hub_localized,1225
fully-connected,50,0.01,0.02,0.0,0.2,0.1,3.0,0.3,0.084,30,72,0.0,0.12244897959183673,41,11,1,0,41,2|1|10|5|17|8,hub_localized,1225
fully-connected,50,0.01,0.02,0.0,0.2,0.1,3.0,0.3,0.084,31,73,0.0,0.12244897959183673,40,11,3,0,40,2|1|10|5|17|9,hub_localized,1225
fully-connected,50,0.01,0.02,0.0,0.2,0.1,3.0,0.3,0.084,32,74,0.0,0.12244897959183673,39,11,1,0,39,1|10|5|17|10,hub_localized,1225
fully-connected,50,0.01,0.02,0.0,0.2,0.1,3.0,0.3,0.084,33,75,0.0,0.10204081632653061,38,11,1,0,38,1|10|5|17|11,hub_localized,1225
fully-connected,50,0.01,0.02,0.0,0.2,0.1,3.0,0.3,0.084,34,76,0.0,0.10204081632653061,37,11,1,0,37,1|10|5|17|12,hub_localized,1225
fully-connected,50,0.01,0.02,0.0,0.2,0.1,3.0,0.3,0.084,35,77,0.0,0.08163265306122448,36,11,1,0,36,10|5|17|13,hub_localized,1225
fully-connected,50,0.01,0.02,0.0,0.2,0.1,3.0,0.3,0.084,36,78,0.0,0.08163265306122448,35,11,1,0,35,9|5|17|14,hub_localized,1225
fully-connected,50,0.01,0.02,0.0,0.2,0.1,3.0,0.3,0.084,37,79,0.0,0.10204081632653061,49,11,1,0,49,9|5|17|14,hub_localized,1225
fully-connected,50,0.01,0.02,0.0,0.2,0.1,3.0,0.3,0.084,38,80,0.0,0.08163265306122448,48,11,76,0,48,8|5|32|1,hub_localized,1225
fully-connected,50,0.01,0.02,0.0,0.2,0.1,3.0,0.3,0.084,39,81,0.0,0.10204081632653061,47,11,1,0,47,7|5|17|14|2,hub_localized,1225
fully-connected,50,0.01,0.02,0.0,0.2,0.1,3.0,0.3,0.084,40,82,0.0,0.10204081632653061,46,11,4,0,46,5|5|17|14|3,hub_localized,1225
fully-connected,50,0.01,0.02,0.0,0.2,0.1,3.0,0.3,0.084,41,83,0.0,0.10204081632653061,45,11,1,0,45,5|5|17|14|4,hub_localized,1225
fully-connected,50,0.01,0.02,0.0,0.2,0.1,3.0,0.3,0.084,42,84,0.0,0.10204081632653061,44,11,4,0,44,3|5|17|14|5,hub_localized,1225
fully-connected,50,0.01,0.02,0.0,0.2,0.1,3.0,0.3,0.084,43,85,0.0,0.10204081632653061,43,11,1,0,43,2|5|17|14|6,hub_localized,1225
fully-connected,50,0.01,0.02,0.0,0.2,0.1,3.0,0.3,0.084,44,86,0.0,0.10204081632653061,42,11,3,0,42,2|5|17|14|7,hub_localized,1225
fully-connected,50,0.01,0.02,0.0,0.2,0.1,3.0,0.3,0.084,45,87,0.0,0.10204081632653061,41,11,1,0,41,1|5|17|14|8,hub_localized,1225
fully-connected,50,0.01,0.02,0.0,0.2,0.1,3.0,0.3,0.084,46,88,0.0,0.061224489795918366,40,5,113,0,40,5|32|9,hub_localized,1225
fully-connected,50,0.01,0.02,0.0,0.2,0.1,3.0,0.3,0.084,47,89,0.0,0.061224489795918366,39,8,3,0,39,5|17|14|10,hub_localized,1225
fully-connected,50,0.01,0.02,0.0,0.2,0.1,3.0,0.3,0.084,48,90,0.0,0.08163265306122448,49,8,1,0,49,4|17|14|10,hub_localized,1225
fully-connected,50,0.01,0.02,0.0,0.2,0.1,3.0,0.3,0.084,49,91,0.0,0.08163265306122448,48,8,1,0,48,3|17|14|10|1,hub_localized,1225
fully-connected,50,0.01,0.02,0.0,0.2,0.1,3.0,0.3,0.086,0,42,0.0,0.16326530612244897,47,8,4,0,47,3|4|5|12|4|1|10|2,hub_localized,1225
fully-connected,50,0.01,0.02,0.0,0.2,0.1,3.0,0.3,0.086,1,43,0.0,0.16326530612244897,46,8,6,0,46,2|4|5|12|4|1|10|3,hub_localized,1225
fully-connected,50,0.01,0.02,0.0,0.2,0.1,3.0,0.3,0.086,2,44,0.0,0.16326530612244897,45,8,5,0,45,2|4|5|12|4|1|10|4,hub_localized,1225
fully-connected,50,0.01,0.02,0.0,0.2,0.1,3.0,0.3,0.086,3,45,0.0,0.16326530612244897,44,8,4,0,44,1|4|5|12|4|1|10|5,hub_localized,1225
fully-connected,50,0.01,0.02,0.0,0.2,0.1,3.0,0.3,0.086,4,46,0.0,0.16326530612244897,49,8,5,0,49,4|5|12|4|1|10|5,hub_localized,1225
fully-connected,50,0.01,0.02,0.0,0.2,0.1,3.0,0.3,0.086,5,47,0.0,0.16326530612244897,48,8,5,0,48,3|5|12|4|1|10|5|1,hub_localized,1225
fully-connected,50,0.01,0.02,0.0,0.2,0.1,3.0,0.3,0.086,6,48,0.0,0.16326530612244897,47,8,5,0,47,3|5|12|4|1|10|5|2,hub_localized,1225
fully-connected,50,0.01,0.02,0.0,0.2,0.1,3.0,0.3,0.086,7,49,0.0,0.16326530612244897,46,8,5,0,46,1|5|12|4|1|10|5|3,hub_localized,1225
fully-connected,50,0.01,0.02,0.0,0.2,0.1,3.0,0.3,0.086,8,50,0.0,0.16326530612244897,45,8,5,0,45,1|5|12|4|1|10|5|4,hub_localized,1225
fully-connected,50,0.01,0.02,0.0,0.2,0.1,3.0,0.3,0.086,9,51,0.0,0.14285714285714285,44,8,6,0,44,5|12|4|1|10|5|5,hub_localized,1225
fully-connected,50,0.01,0.02,0.0,0.2,0.1,3.0,0.3,0.086,10,52,0.0,0.12244897959183673,43,8,76,0,43,17|4|1|10|5|6,hub_localized,1225
fully-connected,50,0.01,0.02,0.0,0.2,0.1,3.0,0.3,0.086,11,53,0.0,0.14285714285714285,42,8,5,0,42,3|12|4|1|10|5|7,hub_localized,1225
fully-connected,50,0.01,0.02,0.0,0.2,0.1,3.0,0.3,0.086,12,54,0.0,0.12244897959183673,41,8,76,0,41,16|4|1|10|5|8,hub_localized,1225
fully-connected,50,0.01,0.02,0.0,0.2,0.1,3.0,0.3,0.086,13,55,0.0,0.12244897959183673,40,8,102,0,40,14|4|1|10|5|9,hub_localized,1225
fully-connected,50,0.01,0.02,0.0,0.2,0.1,3.0,0.3,0.086,14,56,0.0,0.14285714285714285,39,8,6,0,39,1|12|4|1|10|5|10,hub_localized,1225
fully-connected,50,0.01,0.02,0.0,0.2,0.1,3.0,0.3,0.086,15,57,0.0,0.12244897959183673,38,8,102,0,38,12|4|1|10|5|11,hub_localized,1225
fully-connected,50,0.01,0.02,0.0,0.2,0.1,3.0,0.3,0.086,16,58,0.0,0.12244897959183673,37,8,102,0,37,12|4|1|10|5|12,hub_localized,1225
fully-connected,50,0.01,0.02,0.0,0.2,0.1,3.0,0.3,0.086,17,59,0.0,0.12244897959183673,36,8,102,0,36,10|4|1|10|5|13,hub_localized,1225
fully-connected,50,0.01,0.02,0.0,0.2,0.1,3.0,0.3,0.086,18,60,0.0,0.12244897959183673,35,8,76,0,35,10|4|1|10|5|14,hub_localized,1225
fully-connected,50,0.01,0.02,0.0,0.2,0.1,3.0,0.3,0.086,19,61,0.0,0.12244897959183673,34,8,102,0,34,9|4|1|10|5|15,hub_localized,1225
fully-connected,50,0.01,0.02,0.0,0.2,0.1,3.0,0.3,0.086,20,62,0.0,0.12244897959183673,33,8,102,0,33,8|4|1|10|5|16,hub_localized,1225
fully-connected,50,0.01,0.02,0.0,0.2,0.1,3.0,0.3,0.086,21,63,0.0,0.12244897959183673,32,8,102,0,32,7|4|1|10|5|17,hub_localized,1225
fully-connected,50,0.01,0.02,0.0,0.2,0.1,3.0,0.3,0.086,22,64,0.0,0.14285714285714285,49,8,1,0,49,6|4|1|10|5|17,hub_localized,1225
fully-connected,50,0.01,0.02,0.0,0.2,0.1,3.0,0.3,0.086,23,65,0.0,0.14285714285714285,48,8,4,0,48,5|4|1|10|5|17|1,hub_localized,1225
fully-connected,50,0.01,0.02,0.0,0.2,0.1,3.0,0.3,0.086,24,66,0.0,0.14285714285714285,47,8,4,0,47,4|4|1|10|5|17|2,hub_localized,1225
fully-connected,50,0.01,0.02,0.0,0.2,0.1,3.0,0.3,0.086,25,67,0.0,0.14285714285714285,46,8,1,0,46,2|4|1|10|5|17|3,hub_localized,1225
fully-connected,50,0.01,0.02,0.0,0.2,0.1,3.0,0.3,0.086,26,68,0.0,0.14285714285714285,45,8,1,0,45,1|4|1|10|5|17|4,hub_localized,1225
fully-connected,50,0.01,0.02,0.0,0.2,0.1,3.0,0.3,0.086,27,69,0.0,0.14285714285714285,44,8,1,0,44,1|4|1|10|5|17|5,hub_localized,1225
fully-connected,50,0.01,0.02,0.0,0.2,0.1,3.0,0.3,0.086,28,70,0.0,0.12244897959183673,43,8,1,0,43,4|1|10|5|17|6,hub_localized,1225
fully-connected,50,0.01,0.02,0.0,0.2,0.1,3.0,0.3,0.086,29,71,0.0,0.12244897959183673,42,8,4,0,42,3|1|10|5|17|7,hub_localized,1225
fully-connected,50,0.01,0.02,0.0,0.2,0.1,3.0,0.3,0.086,30,72,0.0,0.12244897959183673,41,8,1,0,41,2|1|10|5|17|8,hub_localized,1225
fully-connected,50,0.01,0.02,0.0,0.2,0.1,3.0,0.3,0.086,31,73,0.0,0.12244897959183673,40,8,3,0,40,2|1|10|5|17|9,hub_localized,1225
fully-connected,50,0.01,0.02,0.0,0.2,0.1,3.0,0.3,0.086,32,74,0.0,0.12244897959183673,39,8,1,0,39,1|10|5|17|10,hub_localized,1225
fully-connected,50,0.01,0.02,0.0,0.2,0.1,3.0,0.3,0.086,33,75,0.0,0.10204081632653061,38,8,1,0,38,1|10|5|17|11,hub_localized,1225
fully-connected,50,0.01,0.02,0.0,0.2,0.1,3.0,0.3,0.086,34,76,0.0,0.10204081632653061,37,8,1,0,37,1|10|5|17|12,hub_localized,1225
fully-connected,50,0.01,0.02,0.0,0.2,0.1,3.0,0.3,0.086,35,77,0.0,0.08163265306122448,36,8,1,0,36,10|5|17|13,hub_localized,1225
fully-connected,50,0.01,0.02,0.0,0.2,0.1,3.0,0.3,0.086,36,78,0.0,0.061224489795918366,35,8,1,0,35,9|6|17|14,hub_localized,1225
fully-connected,50,0.01,0.02,0.0,0.2,0.1,3.0,0.3,0.086,37,79,0.0,0.08163265306122448,49,8,1,0,49,9|6|17|14,hub_localized,1225
fully-connected,50,0.01,0.02,0.0,0.2,0.1,3.0,0.3,0.086,38,80,0.0,0.061224489795918366,48,8,113,0,48,8|6|32|1,hub_localized,1225
fully-connected,50,0.01,0.02,0.0,0.2,0.1,3.0,0.3,0.086,39,81,0.0,0.08163265306122448,47,8,1,0,47,7|6|17|14|2,hub_localized,1225
fully-connected,50,0.01,0.02,0.0,0.2,0.1,3.0,0.3,0.086,40,82,0.0,0.08163265306122448,46,8,4,0,46,5|6|17|14|3,hub_localized,1225
fully-connected,50,0.01,0.02,0.0,0.2,0.1,3.0,0.3,0.086,41,83,0.0,0.08163265306122448,45,8,1,0,45,5|6|17|14|4,hub_localized,1225
fully-connected,50,0.01,0.02,0.0,0.2,0.1,3.0,0.3,0.086,42,84,0.0,0.08163265306122448,44,8,4,0,44,3|6|17|14|5,hub_localized,1225
fully-connected,50,0.01,0.02,0.0,0.2,0.1,3.0,0.3,0.086,43,85,0.0,0.08163265306122448,43,8,1,0,43,2|6|17|14|6,hub_localized,1225
fully-connected,50,0.01,0.02,0.0,0.2,0.1,3.0,0.3,0.086,44,86,0.0,0.08163265306122448,42,8,4,0,42,2|6|17|14|7,hub_localized,1225
fully-connected,50,0.01,0.02,0.0,0.2,0.1,3.0,0.3,0.086,45,87,0.0,0.10204081632653061,41,8,1,0,41,1|5|17|14|8,hub_localized,1225
fully-connected,50,0.01,0.02,0.0,0.2,0.1,3.0,0.3,0.086,46,88,0.0,0.061224489795918366,40,5,113,0,40,5|32|9,hub_localized,1225
fully-connected,50,0.01,0.02,0.0,0.2,0.1,3.0,0.3,0.086,47,89,0.0,0.061224489795918366,39,8,3,0,39,5|17|14|10,hub_localized,1225
fully-connected,50,0.01,0.02,0.0,0.2,0.1,3.0,0.3,0.086,48,90,0.0,0.08163265306122448,49,8,1,0,49,4|17|14|10,hub_localized,1225
fully-connected,50,0.01,0.02,0.0,0.2,0.1,3.0,0.3,0.086,49,91,0.0,0.08163265306122448,48,8,1,0,48,4|17|14|10|1,hub_localized,1225
fully-connected,50,0.01,0.02,0.0,0.2,0.1,3.0,0.3,0.088,0,42,0.0,0.16326530612244897,47,8,4,0,47,3|4|5|12|4|1|10|2,hub_localized,1225
fully-connected,50,0.01,0.02,0.0,0.2,0.1,3.0,0.3,0.088,1,43,0.0,0.16326530612244897,46,8,6,0,46,2|4|5|12|4|1|10|3,hub_localized,1225
fully-connected,50,0.01,0.02,0.0,0.2,0.1,3.0,0.3,0.088,2,44,0.0,0.14285714285714285,44,8,5,0,44,2|4|5|12|4|1|10|5,hub_localized,1225
fully-connected,50,0.01,0.02,0.0,0.2,0.1,3.0,0.3,0.088,3,45,0.0,0.14285714285714285,43,8,4,0,43,1|4|5|12|4|1|10|6,hub_localized,1225
fully-connected,50,0.01,0.02,0.0,0.2,0.1,3.0,0.3,0.088,4,46,0.0,0.14285714285714285,49,8,5,0,49,4|5|12|4|1|10|6,hub_localized,1225
fully-connected,50,0.01,0.02,0.0,0.2,0.1,3.0,0.3,0.088,5,47,0.0,0.14285714285714285,48,8,6,0,48,3|5|12|4|1|10|6|1,hub_localized,1225
fully-connected,50,0.01,0.02,0.0,0.2,0.1,3.0,0.3,0.088,6,48,0.0,0.14285714285714285,47,8,5,0,47,3|5|12|4|1|10|6|2,hub_localized,1225
fully-connected,50,0.01,0.02,0.0,0.2,0.1,3.0,0.3,0.088,7,49,0.0,0.14285714285714285,46,8,5,0,46,1|5|12|4|1|10|6|3,hub_localized,1225
fully-connected,50,0.01,0.02,0.0,0.2,0.1,3.0,0.3,0.088,8,50,0.0,0.14285714285714285,45,8,5,0,45,1|5|12|4|1|10|6|4,hub_localized,1225
fully-connected,50,0.01,0.02,0.0,0.2,0.1,3.0,0.3,0.088,9,51,0.0,0.10204081632653061,44,8,102,0,44,18|4|1|10|6|5,hub_localized,1225
fully-connected,50,0.01,0.02,0.0,0.2,0.1,3.0,0.3,0.088,10,52,0.0,0.10204081632653061,43,8,102,0,43,17|4|1|10|6|6,hub_localized,1225
fully-connected,50,0.01,0.02,0.0,0.2,0.1,3.0,0.3,0.088,11,53,0.0,0.12244897959183673,42,8,5,0,42,3|12|4|1|10|6|7,hub_localized,1225
fully-connected,50,0.01,0.02,0.0,0.2,0.1,3.0,0.3,0.088,12,54,0.0,0.10204081632653061,41,8,102,0,41,16|4|1|10|6|8,hub_localized,1225
fully-connected,50,0.01,0.02,0.0,0.2,0.1,3.0,0.3,0.088,13,55,0.0,0.10204081632653061,40,8,102,0,40,14|4|1|10|6|9,hub_localized,1225
fully-connected,50,0.01,0.02,0.0,0.2,0.1,3.0,0.3,0.088,14,56,0.0,0.12244897959183673,39,8,6,0,39,1|12|4|1|10|6|10,hub_localized,1225
fully-connected,50,0.01,0.02,0.0,0.2,0.1,3.0,0.3,0.088,15,57,0.0,0.12244897959183673,38,8,102,0,38,12|4|1|10|5|11,hub_localized,1225
fully-connected,50,0.01,0.02,0.0,0.2,0.1,3.0,0.3,0.088,16,58,0.0,0.10204081632653061,37,8,102,0,37,12|4|1|10|6|12,hub_localized,1225
fully-connected,50,0.01,0.02,0.0,0.2,0.1,3.0,0.3,0.088,17,59,0.0,0.12244897959183673,36,8,102,0,36,10|4|1|10|5|13,hub_localized,1225
fully-connected,50,0.01,0.02,0.0,0.2,0.1,3.0,0.3,0.088,18,60,0.0,0.12244897959183673,35,8,102,0,35,10|4|1|10|5|14,hub_localized,1225
fully-connected,50,0.01,0.02,0.0,0.2,0.1,3.0,0.3,0.088,19,61,0.0,0.10204081632653061,34,8,102,0,34,9|4|1|10|6|15,hub_localized,1225
fully-connected,50,0.01,0.02,0.0,0.2,0.1,3.0,0.3,0.088,20,62,0.0,0.10204081632653061,33,8,102,0,33,8|4|1|10|6|16,hub_localized,1225
fully-connected,50,0.01,0.02,0.0,0.2,0.1,3.0,0.3,0.088,21,63,0.0,0.10204081632653061,32,8,102,0,32,7|4|1|10|6|17,hub_localized,1225
fully-connected,50,0.01,0.02,0.0,0.2,0.1,3.0,0.3,0.088,22,64,0.0,0.12244897959183673,49,8,1,0,49,6|4|1|10|6|17,hub_localized,1225
fully-connected,50,0.01,0.02,0.0,0.2,0.1,3.0,0.3,0.088,23,65,0.0,0.12244897959183673,48,8,4,0,48,5|4|1|10|6|17|1,hub_localized,1225
fully-connected,50,0.01,0.02,0.0,0.2,0.1,3.0,0.3,0.088,24,66,0.0,0.12244897959183673,47,8,4,0,47,4|4|1|10|6|17|2,hub_localized,1225
fully-connected,50,0.01,0.02,0.0,0.2,0.1,3.0,0.3,0.088,25,67,0.0,0.12244897959183673,46,8,1,0,46,2|4|1|10|6|17|3,hub_localized,1225
fully-connected,50,0.01,0.02,0.0,0.2,0.1,3.0,0.3,0.088,26,68,0.0,0.12244897959183673,45,8,1,0,45,1|4|1|10|6|17|4,hub_localized,1225
fully-connected,50,0.01,0.02,0.0,0.2,0.1,3.0,0.3,0.088,27,69,0.0,0.12244897959183673,44,8,1,0,44,1|4|1|10|6|17|5,hub_localized,1225
fully-connected,50,0.01,0.02,0.0,0.2,0.1,3.0,0.3,0.088,28,70,0.0,0.10204081632653061,43,8,1,0,43,4|1|10|6|17|6,hub_localized,1225
fully-connected,50,0.01,0.02,0.0,0.2,0.1,3.0,0.3,0.088,29,71,0.0,0.10204081632653061,42,8,4,0,42,3|1|10|6|17|7,hub_localized,1225
fully-connected,50,0.01,0.02,0.0,0.2,0.1,3.0,0.3,0.088,30,72,0.0,0.10204081632653061,41,8,1,0,41,2|1|10|6|17|8,hub_localized,1225
fully-connected,50,0.01,0.02,0.0,0.2,0.1,3.0,0.3,0.088,31,73,0.0,0.10204081632653061,40,8,3,0,40,2|1|10|6|17|9,hub_localized,1225
fully-connected,50,0.01,0.02,0.0,0.2,0.1,3.0,0.3,0.088,32,74,0.0,0.10204081632653061,39,8,1,0,39,1|10|6|17|10,hub_localized,1225
fully-connected,50,0.01,0.02,0.0,0.2,0.1,3.0,0.3,0.088,33,75,0.0,0.08163265306122448,38,8,1,0,38,1|10|6|17|11,hub_localized,1225
fully-connected,50,0.01,0.02,0.0,0.2,0.1,3.0,0.3,0.088,34,76,0.0,0.08163265306122448,37,8,1,0,37,1|10|6|17|12,hub_localized,1225
fully-connected,50,0.01,0.02,0.0,0.2,0.1,3.0,0.3,0.088,35,77,0.0,0.061224489795918366,36,8,1,0,36,10|6|17|13,hub_localized,1225
fully-connected,50,0.01,0.02,0.0,0.2,0.1,3.0,0.3,0.088,36,78,0.0,0.061224489795918366,35,8,1,0,35,9|6|17|14,hub_localized,1225
fully-connected,50,0.01,0.02,0.0,0.2,0.1,3.0,0.3,0.088,37,79,0.0,0.08163265306122448,49,8,1,0,49,9|6|17|14,hub_localized,1225
fully-connected,50,0.01,0.02,0.0,0.2,0.1,3.0,0.3,0.088,38,80,0.0,0.061224489795918366,48,8,113,0,48,8|6|32|1,hub_localized,1225
fully-connected,50,0.01,0.02,0.0,0.2,0.1,3.0,0.3,0.088,39,81,0.0,0.08163265306122448,47,8,1,0,47,7|6|17|14|2,hub_localized,1225
fully-connected,50,0.01,0.02,0.0,0.2,0.1,3.0,0.3,0.088,40,82,0.0,0.08163265306122448,46,8,4,0,46,5|6|17|14|3,hub_localized,1225
fully-connected,50,0.01,0.02,0.0,0.2,0.1,3.0,0.3,0.088,41,83,0.0,0.08163265306122448,45,8,1,0,45,5|6|17|14|4,hub_localized,1225
fully-connected,50,0.01,0.02,0.0,0.2,0.1,3.0,0.3,0.088,42,84,0.0,0.08163265306122448,44,8,4,0,44,3|6|17|14|5,hub_localized,1225
fully-connected,50,0.01,0.02,0.0,0.2,0.1,3.0,0.3,0.088,43,85,0.0,0.08163265306122448,43,8,1,0,43,2|6|17|14|6,hub_localized,1225
fully-connected,50,0.01,0.02,0.0,0.2,0.1,3.0,0.3,0.088,44,86,0.0,0.08163265306122448,42,8,4,0,42,2|6|17|14|7,hub_localized,1225
fully-connected,50,0.01,0.02,0.0,0.2,0.1,3.0,0.3,0.088,45,87,0.0,0.08163265306122448,41,8,1,0,41,1|6|17|14|8,hub_localized,1225
fully-connected,50,0.01,0.02,0.0,0.2,0.1,3.0,0.3,0.088,46,88,0.0,0.04081632653061224,40,5,113,0,40,6|32|9,hub_localized,1225
fully-connected,50,0.01,0.02,0.0,0.2,0.1,3.0,0.3,0.088,47,89,0.0,0.061224489795918366,39,5,3,0,39,5|17|14|10,hub_localized,1225
fully-connected,50,0.01,0.02,0.0,0.2,0.1,3.0,0.3,0.088,48,90,0.0,0.08163265306122448,49,8,1,0,49,4|17|14|10,hub_localized,1225
fully-connected,50,0.01,0.02,0.0,0.2,0.1,3.0,0.3,0.088,49,91,0.0,0.08163265306122448,48,8,1,0,48,4|17|14|10|1,hub_localized,1225
fully-connected,50,0.01,0.02,0.0,0.2,0.1,3.0,0.3,0.09,0,42,0.0,0.14285714285714285,46,8,5,0,46,3|4|5|12|4|1|10|3,hub_localized,1225
fully-connected,50,0.01,0.02,0.0,0.2,0.1,3.0,0.3,0.09,1,43,0.0,0.14285714285714285,45,8,6,0,45,2|4|5|12|4|1|10|4,hub_localized,1225
fully-connected,50,0.01,0.02,0.0,0.2,0.1,3.0,0.3,0.09,2,44,0.0,0.14285714285714285,44,8,5,0,44,2|4|5|12|4|1|10|5,hub_localized,1225
fully-connected,50,0.01,0.02,0.0,0.2,0.1,3.0,0.3,0.09,3,45,0.0,0.14285714285714285,43,8,4,0,43,1|4|5|12|4|1|10|6,hub_localized,1225
fully-connected,50,0.01,0.02,0.0,0.2,0.1,3.0,0.3,0.09,4,46,0.0,0.14285714285714285,49,8,5,0,49,4|5|12|4|1|10|6,hub_localized,1225
fully-connected,50,0.01,0.02,0.0,0.2,0.1,3.0,0.3,0.09,5,47,0.0,0.14285714285714285,48,8,6,0,48,3|5|12|4|1|10|6|1,hub_localized,1225
fully-connected,50,0.01,0.02,0.0,0.2,0.1,3.0,0.3,0.09,6,48,0.0,0.14285714285714285,47,8,5,0,47,3|5|12|4|1|10|6|2,hub_localized,1225
fully-connected,50,0.01,0.02,0.0,0.2,0.1,3.0,0.3,0.09,7,49,0.0,0.14285714285714285,46,8,5,0,46,1|5|12|4|1|10|6|3,hub_localized,1225
fully-connected,50,0.01,0.02,0.0,0.2,0.1,3.0,0.3,0.09,8,50,0.0,0.14285714285714285,45,8,5,0,45,1|5|12|4|1|10|6|4,hub_localized,1225
fully-connected,50,0.01,0.02,0.0,0.2,0.1,3.0,0.3,0.09,9,51,0.0,0.10204081632653061,44,8,102,0,44,18|4|1|10|6|5,hub_localized,1225
fully-connected,50,0.01,0.02,0.0,0.2,0.1,3.0,0.3,0.09,10,52,0.0,0.10204081632653061,43,8,102,0,43,17|4|1|10|6|6,hub_localized,1225
fully-connected,50,0.01,0.02,0.0,0.2,0.1,3.0,0.3,0.09,11,53,0.0,0.12244897959183673,42,8,6,0,42,3|12|4|1|10|6|7,hub_localized,1225
fully-connected,50,0.01,0.02,0.0,0.2,0.1,3.0,0.3,0.09,12,54,0.0,0.10204081632653061,41,8,102,0,41,16|4|1|10|6|8,hub_localized,1225
fully-connected,50,0.01,0.02,0.0,0.2,0.1,3.0,0.3,0.09,13,55,0.0,0.10204081632653061,40,8,102,0,40,14|4|1|10|6|9,hub_localized,1225
fully-connected,50,0.01,0.02,0.0,0.2,0.1,3.0,0.3,0.09,14,56,0.0,0.12244897959183673,39,8,6,0,39,1|12|4|1|10|6|10,hub_localized,1225
fully-connected,50,0.01,0.02,0.0,0.2,0.1,3.0,0.3,0.09,15,57,0.0,0.10204081632653061,38,8,102,0,38,12|4|1|10|6|11,hub_localized,1225
fully-connected,50,0.01,0.02,0.0,0.2,0.1,3.0,0.3,0.09,16,58,0.0,0.10204081632653061,37,8,102,0,37,12|4|1|10|6|12,hub_localized,1225
fully-connected,50,0.01,0.02,0.0,0.2,0.1,3.0,0.3,0.09,17,59,0.0,0.10204081632653061,36,8,102,0,36,10|4|1|10|6|13,hub_localized,1225
fully-connected,50,0.01,0.02,0.0,0.2,0.1,3.0,0.3,0.09,18,60,0.0,0.10204081632653061,35,8,102,0,35,10|4|1|10|6|14,hub_localized,1225
fully-connected,50,0.01,0.02,0.0,0.2,0.1,3.0,0.3,0.09,19,61,0.0,0.10204081632653061,34,8,102,0,34,9|4|1|10|6|15,hub_localized,1225
fully-connected,50,0.01,0.02,0.0,0.2,0.1,3.0,0.3,0.09,20,62,0.0,0.10204081632653061,33,8,102,0,33,8|4|1|10|6|16,hub_localized,1225
fully-connected,50,0.01,0.02,0.0,0.2,0.1,3.0,0.3,0.09,21,63,0.0,0.10204081632653061,32,8,102,0,32,7|4|1|10|6|17,hub_localized,1225
fully-connected,50,0.01,0.02,0.0,0.2,0.1,3.0,0.3,0.09,22,64,0.0,0.12244897959183673,49,8,1,0,49,6|4|1|10|6|17,hub_localized,1225
fully-connected,50,0.01,0.02,0.0,0.2,0.1,3.0,0.3,0.09,23,65,0.0,0.12244897959183673,48,8,4,0,48,5|4|1|10|6|17|1,hub_localized,1225
fully-connected,50,0.01,0.02,0.0,0.2,0.1,3.0,0.3,0.09,24,66,0.0,0.12244897959183673,47,8,4,0,47,4|4|1|10|6|17|2,hub_localized,1225
fully-connected,50,0.01,0.02,0.0,0.2,0.1,3.0,0.3,0.09,25,67,0.0,0.12244897959183673,46,8,1,0,46,2|4|1|10|6|17|3,hub_localized,1225
fully-connected,50,0.01,0.02,0.0,0.2,0.1,3.0,0.3,0.09,26,68,0.0,0.12244897959183673,45,8,1,0,45,1|4|1|10|6|17|4,hub_localized,1225
fully-connected,50,0.01,0.02,0.0,0.2,0.1,3.0,0.3,0.09,27,69,0.0,0.12244897959183673,44,8,1,0,44,1|4|1|10|6|17|5,hub_localized,1225
fully-connected,50,0.01,0.02,0.0,0.2,0.1,3.0,0.3,0.09,28,70,0.0,0.10204081632653061,43,8,1,0,43,4|1|10|6|17|6,hub_localized,1225
fully-connected,50,0.01,0.02,0.0,0.2,0.1,3.0,0.3,0.09,29,71,0.0,0.10204081632653061,42,8,4,0,42,3|1|10|6|17|7,hub_localized,1225
fully-connected,50,0.01,0.02,0.0,0.2,0.1,3.0,0.3,0.09,30,72,0.0,0.10204081632653061,41,8,1,0,41,2|1|10|6|17|8,hub_localized,1225
fully-connected,50,0.01,0.02,0.0,0.2,0.1,3.0,0.3,0.09,31,73,0.0,0.10204081632653061,40,8,3,0,40,2|1|10|6|17|9,hub_localized,1225
fully-connected,50,0.01,0.02,0.0,0.2,0.1,3.0,0.3,0.09,32,74,0.0,0.10204081632653061,39,8,1,0,39,1|10|6|17|10,hub_localized,1225
fully-connected,50,0.01,0.02,0.0,0.2,0.1,3.0,0.3,0.09,33,75,0.0,0.08163265306122448,38,8,1,0,38,1|10|6|17|11,hub_localized,1225
fully-connected,50,0.01,0.02,0.0,0.2,0.1,3.0,0.3,0.09,34,76,0.0,0.08163265306122448,37,8,1,0,37,1|10|6|17|12,hub_localized,1225
fully-connected,50,0.01,0.02,0.0,0.2,0.1,3.0,0.3,0.09,35,77,0.0,0.061224489795918366,36,8,1,0,36,10|6|17|13,hub_localized,1225
fully-connected,50,0.01,0.02,0.0,0.2,0.1,3.0,0.3,0.09,36,78,0.0,0.061224489795918366,35,8,1,0,35,9|6|17|14,hub_localized,1225
fully-connected,50,0.01,0.02,0.0,0.2,0.1,3.0,0.3,0.09,37,79,0.0,0.08163265306122448,49,8,1,0,49,9|6|17|14,hub_localized,1225
fully-connected,50,0.01,0.02,0.0,0.2,0.1,3.0,0.3,0.09,38,80,0.0,0.061224489795918366,48,8,113,0,48,8|6|32|1,hub_localized,1225
fully-connected,50,0.01,0.02,0.0,0.2,0.1,3.0,0.3,0.09,39,81,0.0,0.08163265306122448,47,8,1,0,47,7|6|17|14|2,hub_localized,1225
fully-connected,50,0.01,0.02,0.0,0.2,0.1,3.0,0.3,0.09,40,82,0.0,0.08163265306122448,46,8,4,0,46,5|6|17|14|3,hub_localized,1225
fully-connected,50,0.01,0.02,0.0,0.2,0.1,3.0,0.3,0.09,41,83,0.0,0.08163265306122448,45,8,1,0,45,5|6|17|14|4,hub_localized,1225
fully-connected,50,0.01,0.02,0.0,0.2,0.1,3.0,0.3,0.09,42,84,0.0,0.08163265306122448,44,8,4,0,44,3|6|17|14|5,hub_localized,1225
fully-connected,50,0.01,0.02,0.0,0.2,0.1,3.0,0.3,0.09,43,85,0.0,0.08163265306122448,43,8,1,0,43,2|6|17|14|6,hub_localized,1225
fully-connected,50,0.01,0.02,0.0,0.2,0.1,3.0,0.3,0.09,44,86,0.0,0.08163265306122448,42,8,4,0,42,2|6|17|14|7,hub_localized,1225
fully-connected,50,0.01,0.02,0.0,0.2,0.1,3.0,0.3,0.09,45,87,0.0,0.08163265306122448,41,8,1,0,41,1|6|17|14|8,hub_localized,1225
fully-connected,50,0.01,0.02,0.0,0.2,0.1,3.0,0.3,0.09,46,88,0.0,0.04081632653061224,40,5,113,0,40,6|32|9,hub_localized,1225
fully-connected,50,0.01,0.02,0.0,0.2,0.1,3.0,0.3,0.09,47,89,0.0,0.061224489795918366,39,5,3,0,39,5|17|14|10,hub_localized,1225
fully-connected,50,0.01,0.02,0.0,0.2,0.1,3.0,0.3,0.09,48,90,0.0,0.08163265306122448,49,8,1,0,49,4|17|14|10,hub_localized,1225
fully-connected,50,0.01,0.02,0.0,0.2,0.1,3.0,0.3,0.09,49,91,0.0,0.08163265306122448,48,8,1,0,48,4|17|14|10|1,hub_localized,1225
fully-connected,50,0.01,0.03,0.0,0.2,0.1,3.0,0.3,0.06,0,42,0.0,0.2653061224489796,47,20,4,1,47,3|4|5|1|2|4|2|4|9|2,hub_localized,1225
fully-connected,50,0.01,0.03,0.0,0.2,0.1,3.0,0.3,0.06,1,43,0.0,0.2857142857142857,46,20,5,1,46,2|3|5|1|2|4|2|4|9|3,hub_localized,1225
fully-connected,50,0.01,0.03,0.0,0.2,0.1,3.0,0.3,0.06,2,44,0.0,0.2857142857142857,45,20,4,1,45,2|3|5|1|2|4|2|4|9|4,hub_localized,1225
fully-connected,50,0.01,0.03,0.0,0.2,0.1,3.0,0.3,0.06,3,45,0.0,0.2857142857142857,44,26,4,1,44,1|3|5|1|2|4|2|4|9|5,hub_localized,1225
fully-connected,50,0.01,0.03,0.0,0.2,0.1,3.0,0.3,0.06,4,46,0.0,0.2857142857142857,49,26,4,1,49,3|5|1|2|4|2|4|9|5,hub_localized,1225
fully-connected,50,0.01,0.03,0.0,0.2,0.1,3.0,0.3,0.06,5,47,0.0,0.2653061224489796,48,20,5,1,48,3|5|1|2|4|2|4|9|5|1,hub_localized,1225
fully-connected,50,0.01,0.03,0.0,0.2,0.1,3.0,0.3,0.06,6,48,0.0,0.2653061224489796,47,20,4,1,47,3|5|1|2|4|2|4|9|5|2,hub_localized,1225
fully-connected,50,0.01,0.03,0.0,0.2,0.1,3.0,0.3,0.06,7,49,0.0,0.2653061224489796,46,20,5,1,46,1|5|1|2|4|2|4|9|5|3,hub_localized,1225
fully-connected,50,0.01,0.03,0.0,0.2,0.1,3.0,0.3,0.06,8,50,0.0,0.2653061224489796,45,20,5,1,45,1|5|1|2|4|2|4|9|5|4,hub_localized,1225
fully-connected,50,0.01,0.03,0.0,0.2,0.1,3.0,0.3,0.06,9,51,0.0,0.24489795918367346,44,20,5,1,44,5|1|2|4|2|4|9|5|5,hub_localized,1225
fully-connected,50,0.01,0.03,0.0,0.2,0.1,3.0,0.3,0.06,10,52,0.0,0.24489795918367346,43,20,6,1,43,4|1|2|4|2|4|9|5|6,hub_localized,1225
fully-connected,50,0.01,0.03,0.0,0.2,0.1,3.0,0.3,0.06,11,53,0.0,0.24489795918367346,42,20,5,1,42,3|1|2|4|2|4|9|5|7,hub_localized,1225
fully-connected,50,0.01,0.03,0.0,0.2,0.1,3.0,0.3,0.06,12,54,0.0,0.24489795918367346,41,20,5,1,41,3|1|2|4|2|4|9|5|8,hub_localized,1225
fully-connected,50,0.01,0.03,0.0,0.2,0.1,3.0,0.3,0.06,13,55,0.0,0.24489795918367346,40,20,5,1,40,1|1|2|4|2|4|9|5|9,hub_localized,1225
fully-connected,50,0.01,0.03,0.0,0.2,0.1,3.0,0.3,0.06,14,56,0.0,0.24489795918367346,39,20,5,1,39,1|1|2|4|2|4|9|5|10,hub_localized,1225
fully-connected,50,0.01,0.03,0.0,0.2,0.1,3.0,0.3,0.06,15,57,0.0,0.22448979591836735,38,20,15,1,38,1|2|4|2|4|9|5|11,hub_localized,1225
fully-connected,50,0.01,0.03,0.0,0.2,0.1,3.0,0.3,0.06,16,58,0.0,0.22448979591836735,37,20,15,1,37,1|2|4|2|4|9|5|12,hub_localized,1225
fully-connected,50,0.01,0.03,0.0,0.2,0.1,3.0,0.3,0.06,17,59,0.0,0.20408163265306123,36,20,16,1,36,2|4|2|4|9|5|13,hub_localized,1225
fully-connected,50,0.01,0.03,0.0,0.2,0.1,3.0,0.3,0.06,18,60,0.0,0.20408163265306123,35,20,16,1,35,2|4|2|4|9|5|14,hub_localized,1225
fully-connected,50,0.01,0.03,0.0,0.2,0.1,3.0,0.3,0.06,19,61,0.0,0.20408163265306123,34,20,15,1,34,1|4|2|4|9|5|15,hub_localized,1225
fully-connected,50,0.01,0.03,0.0,0.2,0.1,3.0,0.3,0.06,20,62,0.0,0.1836734693877551,33,20,16,0,33,4|2|4|9|5|16,hub_localized,1225
fully-connected,50,0.01,0.03,0.0,0.2,0.1,3.0,0.3,0.06,21,63,0.0,0.1836734693877551,32,20,15,0,32,4|2|4|9|5|17,hub_localized,1225
fully-connected,50,0.01,0.03,0.0,0.2,0.1,3.0,0.3,0.06,22,64,0.0,0.20408163265306123,49,20,1,1,49,3|2|4|9|5|17,hub_localized,1225
fully-connected,50,0.01,0.03,0.0,0.2,0.1,3.0,0.3,0.06,23,65,0.0,0.20408163265306123,48,20,3,1,48,2|2|4|9|5|17|1,hub_localized,1225
fully-connected,50,0.01,0.03,0.0,0.2,0.1,3.0,0.3,0.06,24,66,0.0,0.20408163265306123,47,20,3,1,47,1|2|4|9|5|17|2,hub_localized,1225
fully-connected,50,0.01,0.03,0.0,0.2,0.1,3.0,0.3,0.06,25,67,0.0,0.1836734693877551,46,20,1,0,46,2|4|9|5|17|3,hub_localized,1225
fully-connected,50,0.01,0.03,0.0,0.2,0.1,3.0,0.3,0.06,26,68,0.0,0.1836734693877551,45,20,1,0,45,1|4|9|5|17|4,hub_localized,1225
fully-connected,50,0.01,0.03,0.0,0.2,0.1,3.0,0.3,0.06,27,69,0.0,0.1836734693877551,44,20,1,0,44,1|4|9|5|17|5,hub_localized,1225
fully-connected,50,0.01,0.03,0.0,0.2,0.1,3.0,0.3,0.06,28,70,0.0,0.1836734693877551,49,20,1,0,49,4|9|5|17|5,hub_localized,1225
fully-connected,50,0.01,0.03,0.0,0.2,0.1,3.0,0.3,0.06,29,71,0.0,0.20408163265306123,49,20,3,1,49,3|9|5|17|5,hub_localized,1225
fully-connected,50,0.01,0.03,0.0,0.2,0.1,3.0,0.3,0.06,30,72,0.0,0.20408163265306123,48,20,1,1,48,2|9|5|17|5|1,hub_localized,1225
fully-connected,50,0.01,0.03,0.0,0.2,0.1,3.0,0.3,0.06,31,73,0.0,0.20408163265306123,47,20,3,1,47,2|9|5|17|5|2,hub_localized,1225
fully-connected,50,0.01,0.03,0.0,0.2,0.1,3.0,0.3,0.06,32,74,0.0,0.1836734693877551,46,20,1,0,46,9|5|17|6|3,hub_localized,1225
fully-connected,50,0.01,0.03,0.0,0.2,0.1,3.0,0.3,0.06,33,75,0.0,0.1836734693877551,45,20,1,0,45,9|5|17|5|4,hub_localized,1225
fully-connected,50,0.01,0.03,0.0,0.2,0.1,3.0,0.3,0.06,34,76,0.0,0.16326530612244897,44,20,1,0,44,9|5|17|5|5,hub_localized,1225
fully-connected,50,0.01,0.03,0.0,0.2,0.1,3.0,0.3,0.06,35,77,0.0,0.14285714285714285,43,20,1,0,43,9|5|17|5|6,hub_localized,1225
fully-connected,50,0.01,0.03,0.0,0.2,0.1,3.0,0.3,0.06,36,78,0.0,0.14285714285714285,42,20,1,0,42,8|5|17|5|7,hub_localized,1225
fully-connected,50,0.01,0.03,0.0,0.2,0.1,3.0,0.3,0.06,37,79,0.0,0.16326530612244897,49,20,1,0,49,8|5|17|5|7,hub_localized,1225
fully-connected,50,0.01,0.03,0.0,0.2,0.1,3.0,0.3,0.06,38,80,0.0,0.16326530612244897,48,20,4,0,48,6|5|17|5|7|1,hub_localized,1225
fully-connected,50,0.01,0.03,0.0,0.2,0.1,3.0,0.3,0.06,39,81,0.0,0.16326530612244897,47,20,1,0,47,5|5|17|5|7|2,hub_localized,1225
fully-connected,50,0.01,0.03,0.0,0.2,0.1,3.0,0.3,0.06,40,82,0.0,0.16326530612244897,46,20,3,0,46,4|5|17|5|7|3,hub_localized,1225
fully-connected,50,0.01,0.03,0.0,0.2,0.1,3.0,0.3,0.06,41,83,0.0,0.16326530612244897,45,20,1,0,45,4|5|17|5|7|4,hub_localized,1225
fully-connected,50,0.01,0.03,0.0,0.2,0.1,3.0,0.3,0.06,42,84,0.0,0.16326530612244897,44,20,3,0,44,2|5|17|5|7|5,hub_localized,1225
fully-connected,50,0.01,0.03,0.0,0.2,0.1,3.0,0.3,0.06,43,85,0.0,0.16326530612244897,43,20,1,0,43,1|5|17|5|7|6,hub_localized,1225
fully-connected,50,0.01,0.03,0.0,0.2,0.1,3.0,0.3,0.06,44,86,0.0,0.16326530612244897,42,20,3,0,42,1|5|17|5|7|7,hub_localized,1225
fully-connected,50,0.01,0.03,0.0,0.2,0.1,3.0,0.3,0.06,45,87,0.0,0.14285714285714285,41,20,1,0,41,5|17|5|7|8,hub_localized,1225
fully-connected,50,0.01,0.03,0.0,0.2,0.1,3.0,0.3,0.06,46,88,0.0,0.12244897959183673,40,9,4,0,40,5|17|5|7|9,hub_localized,1225
fully-connected,50,0.01,0.03,0.0,0.2,0.1,3.0,0.3,0.06,47,89,0.0,0.10204081632653061,39,9,3,0,39,5|17|5|7|10,hub_localized,1225
fully-connected,50,0.01,0.03,0.0,0.2,0.1,3.0,0.3,0.06,48,90,0.0,0.12244897959183673,49,9,1,0,49,4|17|5|7|10,hub_localized,1225
fully-connected,50,0.01,0.03,0.0,0.2,0.1,3.0,0.3,0.06,49,91,0.0,0.14285714285714285,48,9,1,0,48,3|17|5|7|5|4|1,hub_localized,1225
fully-connected,50,0.01,0.03,0.0,0.2,0.1,3.0,0.3,0.062,0,42,0.0,0.2653061224489796,47,19,4,1,47,3|4|5|1|2|4|2|4|9|2,hub_localized,1225
fully-connected,50,0.01,0.03,0.0,0.2,0.1,3.0,0.3,0.062,1,43,0.0,0.2857142857142857,46,19,5,1,46,2|3|5|1|2|4|2|4|9|3,hub_localized,1225
fully-connected,50,0.01,0.03,0.0,0.2,0.1,3.0,0.3,0.062,2,44,0.0,0.2857142857142857,45,19,4,1,45,2|3|5|1|2|4|2|4|9|4,hub_localized,1225
fully-connected,50,0.01,0.03,0.0,0.2,0.1,3.0,0.3,0.062,3,45,0.0,0.2857142857142857,44,19,4,1,44,1|3|5|1|2|4|2|4|9|5,hub_localized,1225
fully-connected,50,0.01,0.03,0.0,0.2,0.1,3.0,0.3,0.062,4,46,0.0,0.2857142857142857,49,19,4,1,49,3|5|1|2|4|2|4|9|5,hub_localized,1225
fully-connected,50,0.01,0.03,0.0,0.2,0.1,3.0,0.3,0.062,5,47,0.0,0.2653061224489796,48,19,5,1,48,3|5|1|2|4|2|4|9|5|1,hub_localized,1225
fully-connected,50,0.01,0.03,0.0,0.2,0.1,3.0,0.3,0.062,6,48,0.0,0.2653061224489796,47,19,4,1,47,3|5|1|2|4|2|4|9|5|2,hub_localized,1225
fully-connected,50,0.01,0.03,0.0,0.2,0.1,3.0,0.3,0.062,7,49,0.0,0.2653061224489796,46,19,5,1,46,1|5|1|2|4|2|4|9|5|3,hub_localized,1225
fully-connected,50,0.01,0.03,0.0,0.2,0.1,3.0,0.3,0.062,8,50,0.0,0.2653061224489796,45,19,5,1,45,1|5|1|2|4|2|4|9|5|4,hub_localized,1225
fully-connected,50,0.01,0.03,0.0,0.2,0.1,3.0,0.3,0.062,9,51,0.0,0.24489795918367346,44,19,5,1,44,5|1|2|4|2|4|9|5|5,hub_localized,1225
fully-connected,50,0.01,0.03,0.0,0.2,0.1,3.0,0.3,0.062,10,52,0.0,0.24489795918367346,43,19,6,1,43,4|1|2|4|2|4|9|5|6,hub_localized,1225
fully-connected,50,0.01,0.03,0.0,0.2,0.1,3.0,0.3,0.062,11,53,0.0,0.24489795918367346,42,19,5,1,42,3|1|2|4|2|4|9|5|7,hub_localized,1225
fully-connected,50,0.01,0.03,0.0,0.2,0.1,3.0,0.3,0.062,12,54,0.0,0.24489795918367346,41,19,5,1,41,3|1|2|4|2|4|9|5|8,hub_localized,1225
fully-connected,50,0.01,0.03,0.0,0.2,0.1,3.0,0.3,0.062,13,55,0.0,0.24489795918367346,40,19,5,1,40,1|1|2|4|2|4|9|5|9,hub_localized,1225
fully-connected,50,0.01,0.03,0.0,0.2,0.1,3.0,0.3,0.062,14,56,0.0,0.24489795918367346,39,19,5,1,39,1|1|2|4|2|4|9|5|10,hub_localized,1225
fully-connected,50,0.01,0.03,0.0,0.2,0.1,3.0,0.3,0.062,15,57,0.0,0.22448979591836735,38,19,16,1,38,1|2|4|2|4|9|5|11,hub_localized,1225
fully-connected,50,0.01,0.03,0.0,0.2,0.1,3.0,0.3,0.062,16,58,0.0,0.22448979591836735,37,19,15,1,37,1|2|4|2|4|9|5|12,hub_localized,1225
fully-connected,50,0.01,0.03,0.0,0.2,0.1,3.0,0.3,0.062,17,59,0.0,0.20408163265306123,36,19,16,1,36,2|4|2|4|9|5|13,hub_localized,1225
fully-connected,50,0.01,0.03,0.0,0.2,0.1,3.0,0.3,0.062,18,60,0.0,0.20408163265306123,35,19,16,1,35,2|4|2|4|9|5|14,hub_localized,1225
fully-connected,50,0.01,0.03,0.0,0.2,0.1,3.0,0.3,0.062,19,61,0.0,0.20408163265306123,34,19,15,1,34,1|4|2|4|9|5|15,hub_localized,1225
fully-connected,50,0.01,0.03,0.0,0.2,0.1,3.0,0.3,0.062,20,62,0.0,0.1836734693877551,33,19,16,0,33,4|2|4|9|5|16,hub_localized,1225
fully-connected,50,0.01,0.03,0.0,0.2,0.1,3.0,0.3,0.062,21,63,0.0,0.1836734693877551,32,19,16,0,32,4|2|4|9|5|17,hub_localized,1225
fully-connected,50,0.01,0.03,0.0,0.2,0.1,3.0,0.3,0.062,22,64,0.0,0.20408163265306123,49,19,1,1,49,3|2|4|9|5|17,hub_localized,1225
fully-connected,50,0.01,0.03,0.0,0.2,0.1,3.0,0.3,0.062,23,65,0.0,0.20408163265306123,48,19,3,1,48,2|2|4|9|5|17|1,hub_localized,1225
fully-connected,50,0.01,0.03,0.0,0.2,0.1,3.0,0.3,0.062,24,66,0.0,0.20408163265306123,47,19,3,1,47,1|2|4|9|5|17|2,hub_localized,1225
fully-connected,50,0.01,0.03,0.0,0.2,0.1,3.0,0.3,0.062,25,67,0.0,0.1836734693877551,46,19,1,0,46,2|4|9|5|17|3,hub_localized,1225
fully-connected,50,0.01,0.03,0.0,0.2,0.1,3.0,0.3,0.062,26,68,0.0,0.1836734693877551,45,19,1,0,45,1|4|9|5|17|4,hub_localized,1225
fully-connected,50,0.01,0.03,0.0,0.2,0.1,3.0,0.3,0.062,27,69,0.0,0.1836734693877551,44,19,1,0,44,1|4|9|5|17|5,hub_localized,1225
fully-connected,50,0.01,0.03,0.0,0.2,0.1,3.0,0.3,0.062,28,70,0.0,0.16326530612244897,43,19,1,0,43,4|9|5|17|6,hub_localized,1225
fully-connected,50,0.01,0.03,0.0,0.2,0.1,3.0,0.3,0.062,29,71,0.0,0.20408163265306123,49,19,3,1,49,3|9|5|17|5,hub_localized,1225
fully-connected,50,0.01,0.03,0.0,0.2,0.1,3.0,0.3,0.062,30,72,0.0,0.20408163265306123,48,19,1,1,48,2|9|5|17|5|1,hub_localized,1225
fully-connected,50,0.01,0.03,0.0,0.2,0.1,3.0,0.3,0.062,31,73,0.0,0.20408163265306123,47,19,3,1,47,2|9|5|17|5|2,hub_localized,1225
fully-connected,50,0.01,0.03,0.0,0.2,0.1,3.0,0.3,0.062,32,74,0.0,0.1836734693877551,46,19,1,0,46,9|5|17|6|3,hub_localized,1225
fully-connected,50,0.01,0.03,0.0,0.2,0.1,3.0,0.3,0.062,33,75,0.0,0.1836734693877551,45,19,1,0,45,9|5|17|5|4,hub_localized,1225
fully-connected,50,0.01,0.03,0.0,0.2,0.1,3.0,0.3,0.062,34,76,0.0,0.16326530612244897,44,19,1,0,44,9|5|17|5|5,hub_localized,1225
fully-connected,50,0.01,0.03,0.0,0.2,0.1,3.0,0.3,0.062,35,77,0.0,0.14285714285714285,43,19,1,0,43,9|5|17|5|6,hub_localized,1225
fully-connected,50,0.01,0.03,0.0,0.2,0.1,3.0,0.3,0.062,36,78,0.0,0.14285714285714285,42,19,1,0,42,8|5|17|5|7,hub_localized,1225
fully-connected,50,0.01,0.03,0.0,0.2,0.1,3.0,0.3,0.062,37,79,0.0,0.16326530612244897,49,19,1,0,49,8|5|17|5|7,hub_localized,1225
fully-connected,50,0.01,0.03,0.0,0.2,0.1,3.0,0.3,0.062,38,80,0.0,0.16326530612244897,48,19,4,0,48,6|5|17|5|7|1,hub_localized,1225
fully-connected,50,0.01,0.03,0.0,0.2,0.1,3.0,0.3,0.062,39,81,0.0,0.16326530612244897,47,19,1,0,47,5|5|17|5|7|2,hub_localized,1225
fully-connected,50,0.01,0.03,0.0,0.2,0.1,3.0,0.3,0.062,40,82,0.0,0.16326530612244897,46,19,3,0,46,4|5|17|5|7|3,hub_localized,1225
fully-connected,50,0.01,0.03,0.0,0.2,0.1,3.0,0.3,0.062,41,83,0.0,0.16326530612244897,45,19,1,0,45,4|5|17|5|7|4,hub_localized,1225
fully-connected,50,0.01,0.03,0.0,0.2,0.1,3.0,0.3,0.062,42,84,0.0,0.16326530612244897,44,19,3,0,44,2|5|17|5|7|5,hub_localized,1225
fully-connected,50,0.01,0.03,0.0,0.2,0.1,3.0,0.3,0.062,43,85,0.0,0.16326530612244897,43,19,1,0,43,1|5|17|5|7|6,hub_localized,1225
fully-connected,50,0.01,0.03,0.0,0.2,0.1,3.0,0.3,0.062,44,86,0.0,0.16326530612244897,42,19,3,0,42,1|5|17|5|7|7,hub_localized,1225
fully-connected,50,0.01,0.03,0.0,0.2,0.1,3.0,0.3,0.062,45,87,0.0,0.14285714285714285,41,19,1,0,41,5|17|5|7|8,hub_localized,1225
fully-connected,50,0.01,0.03,0.0,0.2,0.1,3.0,0.3,0.062,46,88,0.0,0.12244897959183673,40,9,4,0,40,5|17|5|7|9,hub_localized,1225
fully-connected,50,0.01,0.03,0.0,0.2,0.1,3.0,0.3,0.062,47,89,0.0,0.10204081632653061,39,9,3,0,39,5|17|5|7|10,hub_localized,1225
fully-connected,50,0.01,0.03,0.0,0.2,0.1,3.0,0.3,0.062,48,90,0.0,0.12244897959183673,49,9,1,0,49,4|17|5|7|10,hub_localized,1225
fully-connected,50,0.01,0.03,0.0,0.2,0.1,3.0,0.3,0.062,49,91,0.0,0.12244897959183673,48,9,1,0,48,3|17|5|7|10|1,hub_localized,1225
fully-connected,50,0.01,0.03,0.0,0.2,0.1,3.0,0.3,0.064,0,42,0.0,0.2653061224489796,47,19,4,1,47,3|4|5|1|7|2|4|1|7|2,hub_localized,1225
fully-connected,50,0.01,0.03,0.0,0.2,0.1,3.0,0.3,0.064,1,43,0.0,0.2857142857142857,46,19,5,1,46,2|3|5|1|7|2|4|1|7|3,hub_localized,1225
fully-connected,50,0.01,0.03,0.0,0.2,0.1,3.0,0.3,0.064,2,44,0.0,0.2857142857142857,45,19,4,1,45,2|3|5|1|7|2|4|1|7|4,hub_localized,1225
fully-connected,50,0.01,0.03,0.0,0.2,0.1,3.0,0.3,0.064,3,45,0.0,0.2857142857142857,44,19,4,1,44,1|3|5|1|7|2|4|1|7|5,hub_localized,1225
fully-connected,50,0.01,0.03,0.0,0.2,0.1,3.0,0.3,0.064,4,46,0.0,0.2857142857142857,49,19,4,1,49,3|5|1|7|2|4|1|7|5,hub_localized,1225
fully-connected,50,0.01,0.03,0.0,0.2,0.1,3.0,0.3,0.064,5,47,0.0,0.2653061224489796,48,19,5,1,48,3|5|1|7|2|4|1|7|5|1,hub_localized,1225
fully-connected,50,0.01,0.03,0.0,0.2,0.1,3.0,0.3,0.064,6,48,0.0,0.2653061224489796,47,19,4,1,47,3|5|1|7|2|4|1|7|5|2,hub_localized,1225
fully-connected,50,0.01,0.03,0.0,0.2,0.1,3.0,0.3,0.064,7,49,0.0,0.2653061224489796,46,19,5,1,46,1|5|1|7|2|4|1|7|5|3,hub_localized,1225
fully-connected,50,0.01,0.03,0.0,0.2,0.1,3.0,0.3,0.064,8,50,0.0,0.2653061224489796,45,19,5,1,45,1|5|1|7|2|4|1|7|5|4,hub_localized,1225
fully-connected,50,0.01,0.03,0.0,0.2,0.1,3.0,0.3,0.064,9,51,0.0,0.24489795918367346,44,19,5,1,44,5|1|7|2|4|1|7|5|5,hub_localized,1225
fully-connected,50,0.01,0.03,0.0,0.2,0.1,3.0,0.3,0.064,10,52,0.0,0.24489795918367346,43,19,6,1,43,4|1|7|2|4|1|7|5|6,hub_localized,1225
fully-connected,50,0.01,0.03,0.0,0.2,0.1,3.0,0.3,0.064,11,53,0.0,0.24489795918367346,42,19,5,1,42,3|1|7|2|4|1|7|5|7,hub_localized,1225
fully-connected,50,0.01,0.03,0.0,0.2,0.1,3.0,0.3,0.064,12,54,0.0,0.24489795918367346,41,19,6,1,41,3|1|7|2|4|1|7|5|8,hub_localized,1225
fully-connected,50,0.01,0.03,0.0,0.2,0.1,3.0,0.3,0.064,13,55,0.0,0.24489795918367346,40,19,5,1,40,1|1|7|2|4|1|7|5|9,hub_localized,1225
fully-connected,50,0.01,0.03,0.0,0.2,0.1,3.0,0.3,0.064,14,56,0.0,0.24489795918367346,39,19,5,1,39,1|1|7|2|4|1|7|5|10,hub_localized,1225
fully-connected,50,0.01,0.03,0.0,0.2,0.1,3.0,0.3,0.064,15,57,0.0,0.22448979591836735,38,19,16,1,38,1|7|2|4|1|7|5|11,hub_localized,1225
fully-connected,50,0.01,0.03,0.0,0.2,0.1,3.0,0.3,0.064,16,58,0.0,0.22448979591836735,37,19,16,1,37,1|7|2|4|1|7|5|12,hub_localized,1225
fully-connected,50,0.01,0.03,0.0,0.2,0.1,3.0,0.3,0.064,17,59,0.0,0.20408163265306123,36,19,16,1,36,7|2|4|1|7|5|13,hub_localized,1225
fully-connected,50,0.01,0.03,0.0,0.2,0.1,3.0,0.3,0.064,18,60,0.0,0.20408163265306123,35,19,16,1,35,7|2|4|1|7|5|14,hub_localized,1225
fully-connected,50,0.01,0.03,0.0,0.2,0.1,3.0,0.3,0.064,19,61,0.0,0.20408163265306123,34,19,16,1,34,6|2|4|1|7|5|15,hub_localized,1225
fully-connected,50,0.01,0.03,0.0,0.2,0.1,3.0,0.3,0.064,20,62,0.0,0.20408163265306123,33,19,16,1,33,5|2|4|1|7|5|16,hub_localized,1225
fully-connected,50,0.01,0.03,0.0,0.2,0.1,3.0,0.3,0.064,21,63,0.0,0.1836734693877551,32,19,16,0,32,4|2|4|9|5|17,hub_localized,1225
fully-connected,50,0.01,0.03,0.0,0.2,0.1,3.0,0.3,0.064,22,64,0.0,0.20408163265306123,49,19,1,1,49,3|2|4|9|5|17,hub_localized,1225
fully-connected,50,0.01,0.03,0.0,0.2,0.1,3.0,0.3,0.064,23,65,0.0,0.22448979591836735,48,19,3,1,48,2|2|4|1|7|5|17|1,hub_localized,1225
fully-connected,50,0.01,0.03,0.0,0.2,0.1,3.0,0.3,0.064,24,66,0.0,0.20408163265306123,47,19,3,1,47,1|2|4|9|5|17|2,hub_localized,1225
fully-connected,50,0.01,0.03,0.0,0.2,0.1,3.0,0.3,0.064,25,67,0.0,0.20408163265306123,46,19,1,1,46,2|4|1|7|5|17|3,hub_localized,1225
fully-connected,50,0.01,0.03,0.0,0.2,0.1,3.0,0.3,0.064,26,68,0.0,0.20408163265306123,45,19,1,1,45,1|4|1|7|5|17|4,hub_localized,1225
fully-connected,50,0.01,0.03,0.0,0.2,0.1,3.0,0.3,0.064,27,69,0.0,0.1836734693877551,44,19,1,0,44,1|4|9|5|17|5,hub_localized,1225
fully-connected,50,0.01,0.03,0.0,0.2,0.1,3.0,0.3,0.064,28,70,0.0,0.16326530612244897,43,19,1,0,43,4|9|5|17|6,hub_localized,1225
fully-connected,50,0.01,0.03,0.0,0.2,0.1,3.0,0.3,0.064,29,71,0.0,0.20408163265306123,49,19,3,1,49,3|9|5|17|5,hub_localized,1225
fully-connected,50,0.01,0.03,0.0,0.2,0.1,3.0,0.3,0.064,30,72,0.0,0.20408163265306123,48,19,1,1,48,2|9|5|17|5|1,hub_localized,1225
fully-connected,50,0.01,0.03,0.0,0.2,0.1,3.0,0.3,0.064,31,73,0.0,0.20408163265306123,47,19,3,1,47,2|9|5|17|5|2,hub_localized,1225
fully-connected,50,0.01,0.03,0.0,0.2,0.1,3.0,0.3,0.064,32,74,0.0,0.1836734693877551,46,19,1,0,46,9|5|17|6|3,hub_localized,1225
fully-connected,50,0.01,0.03,0.0,0.2,0.1,3.0,0.3,0.064,33,75,0.0,0.1836734693877551,45,19,1,0,45,9|5|17|5|4,hub_localized,1225
fully-connected,50,0.01,0.03,0.0,0.2,0.1,3.0,0.3,0.064,34,76,0.0,0.16326530612244897,44,19,1,0,44,9|5|17|5|5,hub_localized,1225
fully-connected,50,0.01,0.03,0.0,0.2,0.1,3.0,0.3,0.064,35,77,0.0,0.16326530612244897,43,19,1,0,43,1|7|5|17|5|6,hub_localized,1225
fully-connected,50,0.01,0.03,0.0,0.2,0.1,3.0,0.3,0.064,36,78,0.0,0.16326530612244897,42,19,1,0,42,7|5|17|5|7,hub_localized,1225
fully-connected,50,0.01,0.03,0.0,0.2,0.1,3.0,0.3,0.064,37,79,0.0,0.16326530612244897,49,19,1,0,49,7|5|17|5|7,hub_localized,1225
fully-connected,50,0.01,0.03,0.0,0.2,0.1,3.0,0.3,0.064,38,80,0.0,0.16326530612244897,48,19,4,0,48,6|5|17|5|7|1,hub_localized,1225
fully-connected,50,0.01,0.03,0.0,0.2,0.1,3.0,0.3,0.064,39,81,0.0,0.16326530612244897,47,19,1,0,47,5|5|17|5|7|2,hub_localized,1225
fully-connected,50,0.01,0.03,0.0,0.2,0.1,3.0,0.3,0.064,40,82,0.0,0.16326530612244897,46,19,3,0,46,4|5|17|5|7|3,hub_localized,1225
fully-connected,50,0.01,0.03,0.0,0.2,0.1,3.0,0.3,0.064,41,83,0.0,0.16326530612244897,45,19,1,0,45,4|5|17|5|7|4,hub_localized,1225
fully-connected,50,0.01,0.03,0.0,0.2,0.1,3.0,0.3,0.064,42,84,0.0,0.16326530612244897,44,19,3,0,44,2|5|17|5|7|5,hub_localized,1225
fully-connected,50,0.01,0.03,0.0,0.2,0.1,3.0,0.3,0.064,43,85,0.0,0.16326530612244897,43,19,1,0,43,1|5|17|5|7|6,hub_localized,1225
fully-connected,50,0.01,0.03,0.0,0.2,0.1,3.0,0.3,0.064,44,86,0.0,0.16326530612244897,42,19,3,0,42,1|5|17|5|7|7,hub_localized,1225
fully-connected,50,0.01,0.03,0.0,0.2,0.1,3.0,0.3,0.064,45,87,0.0,0.14285714285714285,41,19,1,0,41,5|17|5|7|8,hub_localized,1225
fully-connected,50,0.01,0.03,0.0,0.2,0.1,3.0,0.3,0.064,46,88,0.0,0.12244897959183673,40,10,4,0,40,5|17|5|7|9,hub_localized,1225
fully-connected,50,0.01,0.03,0.0,0.2,0.1,3.0,0.3,0.064,47,89,0.0,0.10204081632653061,39,10,3,0,39,5|17|5|7|10,hub_localized,1225
fully-connected,50,0.01,0.03,0.0,0.2,0.1,3.0,0.3,0.064,48,90,0.0,0.12244897959183673,49,10,1,0,49,4|17|5|7|10,hub_localized,1225
fully-connected,50,0.01,0.03,0.0,0.2,0.1,3.0,0.3,0.064,49,91,0.0,0.12244897959183673,48,10,1,0,48,3|17|5|7|10|1,hub_localized,1225
fully-connected,50,0.01,0.03,0.0,0.2,0.1,3.0,0.3,0.066,0,42,0.0,0.24489795918367346,47,19,4,1,47,3|4|5|1|7|2|4|9|2,hub_localized,1225
fully-connected,50,0.01,0.03,0.0,0.2,0.1,3.0,0.3,0.066,1,43,0.0,0.2653061224489796,46,19,5,1,46,2|3|5|1|7|2|4|9|3,hub_localized,1225
fully-connected,50,0.01,0.03,0.0,0.2,0.1,3.0,0.3,0.066,2,44,0.0,0.2653061224489796,45,19,4,1,45,2|3|5|1|7|2|4|9|4,hub_localized,1225
fully-connected,50,0.01,0.03,0.0,0.2,0.1,3.0,0.3,0.066,3,45,0.0,0.2653061224489796,44,19,4,1,44,1|3|5|1|7|2|4|9|5,hub_localized,1225
fully-connected,50,0.01,0.03,0.0,0.2,0.1,3.0,0.3,0.066,4,46,0.0,0.2653061224489796,49,19,4,1,49,3|5|1|7|2|4|9|5,hub_localized,1225
fully-connected,50,0.01,0.03,0.0,0.2,0.1,3.0,0.3,0.066,5,47,0.0,0.24489795918367346,48,19,5,1,48,3|5|1|7|2|4|9|5|1,hub_localized,1225
fully-connected,50,0.01,0.03,0.0,0.2,0.1,3.0,0.3,0.066,6,48,0.0,0.24489795918367346,47,19,4,1,47,3|5|1|7|2|4|9|5|2,hub_localized,1225
fully-connected,50,0.01,0.03,0.0,0.2,0.1,3.0,0.3,0.066,7,49,0.0,0.24489795918367346,46,19,5,1,46,1|5|1|7|2|4|9|5|3,hub_localized,1225
fully-connected,50,0.01,0.03,0.0,0.2,0.1,3.0,0.3,0.066,8,50,0.0,0.24489795918367346,45,19,5,1,45,1|5|1|7|2|4|9|5|4,hub_localized,1225
fully-connected,50,0.01,0.03,0.0,0.2,0.1,3.0,0.3,0.066,9,51,0.0,0.22448979591836735,44,19,5,1,44,5|1|7|2|4|9|5|5,hub_localized,1225
fully-connected,50,0.01,0.03,0.0,0.2,0.1,3.0,0.3,0.066,10,52,0.0,0.22448979591836735,43,19,6,1,43,4|1|7|2|4|9|5|6,hub_localized,1225
fully-connected,50,0.01,0.03,0.0,0.2,0.1,3.0,0.3,0.066,11,53,0.0,0.22448979591836735,42,19,5,1,42,3|1|7|2|4|9|5|7,hub_localized,1225
fully-connected,50,0.01,0.03,0.0,0.2,0.1,3.0,0.3,0.066,12,54,0.0,0.22448979591836735,41,19,6,1,41,3|1|7|2|4|9|5|8,hub_localized,1225
fully-connected,50,0.01,0.03,0.0,0.2,0.1,3.0,0.3,0.066,13,55,0.0,0.22448979591836735,40,19,5,1,40,1|1|7|2|4|9|5|9,hub_localized,1225
fully-connected,50,0.01,0.03,0.0,0.2,0.1,3.0,0.3,0.066,14,56,0.0,0.22448979591836735,39,19,5,1,39,1|1|7|2|4|9|5|10,hub_localized,1225
fully-connected,50,0.01,0.03,0.0,0.2,0.1,3.0,0.3,0.066,15,57,0.0,0.20408163265306123,38,19,16,1,38,1|7|2|4|9|5|11,hub_localized,1225
fully-connected,50,0.01,0.03,0.0,0.2,0.1,3.0,0.3,0.066,16,58,0.0,0.20408163265306123,37,19,16,1,37,1|7|2|4|9|5|12,hub_localized,1225
fully-connected,50,0.01,0.03,0.0,0.2,0.1,3.0,0.3,0.066,17,59,0.0,0.1836734693877551,36,19,16,0,36,7|2|4|9|5|13,hub_localized,1225
fully-connected,50,0.01,0.03,0.0,0.2,0.1,3.0,0.3,0.066,18,60,0.0,0.1836734693877551,35,19,16,0,35,7|2|4|9|5|14,hub_localized,1225
fully-connected,50,0.01,0.03,0.0,0.2,0.1,3.0,0.3,0.066,19,61,0.0,0.1836734693877551,34,19,16,0,34,6|2|4|9|5|15,hub_localized,1225
fully-connected,50,0.01,0.03,0.0,0.2,0.1,3.0,0.3,0.066,20,62,0.0,0.1836734693877551,33,19,16,0,33,5|2|4|9|5|16,hub_localized,1225
fully-connected,50,0.01,0.03,0.0,0.2,0.1,3.0,0.3,0.066,21,63,0.0,0.1836734693877551,32,19,16,0,32,4|2|4|9|5|17,hub_localized,1225
fully-connected,50,0.01,0.03,0.0,0.2,0.1,3.0,0.3,0.066,22,64,0.0,0.20408163265306123,49,19,1,1,49,3|2|4|9|5|17,hub_localized,1225
fully-connected,50,0.01,0.03,0.0,0.2,0.1,3.0,0.3,0.066,23,65,0.0,0.20408163265306123,48,19,3,1,48,2|2|4|9|5|17|1,hub_localized,1225
fully-connected,50,0.01,0.03,0.0,0.2,0.1,3.0,0.3,0.066,24,66,0.0,0.20408163265306123,47,19,3,1,47,1|2|4|9|5|17|2,hub_localized,1225
fully-connected,50,0.01,0.03,0.0,0.2,0.1,3.0,0.3,0.066,25,67,0.0,0.1836734693877551,46,19,1,0,46,2|4|9|5|17|3,hub_localized,1225
fully-connected,50,0.01,0.03,0.0,0.2,0.1,3.0,0.3,0.066,26,68,0.0,0.1836734693877551,45,19,1,0,45,1|4|9|5|17|4,hub_localized,1225
fully-connected,50,0.01,0.03,0.0,0.2,0.1,3.0,0.3,0.066,27,69,0.0,0.1836734693877551,44,19,1,0,44,1|4|9|5|17|5,hub_localized,1225
fully-connected,50,0.01,0.03,0.0,0.2,0.1,3.0,0.3,0.066,28,70,0.0,0.16326530612244897,43,19,1,0,43,4|9|5|17|6,hub_localized,1225
fully-connected,50,0.01,0.03,0.0,0.2,0.1,3.0,0.3,0.066,29,71,0.0,0.20408163265306123,49,19,3,1,49,3|9|5|17|5,hub_localized,1225
fully-connected,50,0.01,0.03,0.0,0.2,0.1,3.0,0.3,0.066,30,72,0.0,0.20408163265306123,48,19,1,1,48,2|9|5|17|5|1,hub_localized,1225
fully-connected,50,0.01,0.03,0.0,0.2,0.1,3.0,0.3,0.066,31,73,0.0,0.20408163265306123,47,19,3,1,47,2|9|5|17|5|2,hub_localized,1225
fully-connected,50,0.01,0.03,0.0,0.2,0.1,3.0,0.3,0.066,32,74,0.0,0.1836734693877551,46,19,1,0,46,9|5|17|6|3,hub_localized,1225
fully-connected,50,0.01,0.03,0.0,0.2,0.1,3.0,0.3,0.066,33,75,0.0,0.1836734693877551,45,19,1,0,45,9|5|17|5|4,hub_localized,1225
fully-connected,50,0.01,0.03,0.0,0.2,0.1,3.0,0.3,0.066,34,76,0.0,0.16326530612244897,44,19,1,0,44,9|5|17|5|5,hub_localized,1225
fully-connected,50,0.01,0.03,0.0,0.2,0.1,3.0,0.3,0.066,35,77,0.0,0.14285714285714285,43,19,1,0,43,9|5|17|5|6,hub_localized,1225
fully-connected,50,0.01,0.03,0.0,0.2,0.1,3.0,0.3,0.066,36,78,0.0,0.14285714285714285,42,19,1,0,42,8|5|17|5|7,hub_localized,1225
fully-connected,50,0.01,0.03,0.0,0.2,0.1,3.0,0.3,0.066,37,79,0.0,0.16326530612244897,49,19,1,0,49,8|5|17|5|7,hub_localized,1225
fully-connected,50,0.01,0.03,0.0,0.2,0.1,3.0,0.3,0.066,38,80,0.0,0.16326530612244897,48,19,4,0,48,6|5|17|5|7|1,hub_localized,1225
fully-connected,50,0.01,0.03,0.0,0.2,0.1,3.0,0.3,0.066,39,81,0.0,0.16326530612244897,47,19,1,0,47,5|5|17|5|7|2,hub_localized,1225
fully-connected,50,0.01,0.03,0.0,0.2,0.1,3.0,0.3,0.066,40,82,0.0,0.16326530612244897,46,19,3,0,46,4|5|17|5|7|3,hub_localized,1225
fully-connected,50,0.01,0.03,0.0,0.2,0.1,3.0,0.3,0.066,41,83,0.0,0.16326530612244897,45,19,1,0,45,4|5|17|5|7|4,hub_localized,1225
fully-connected,50,0.01,0.03,0.0,0.2,0.1,3.0,0.3,0.066,42,84,0.0,0.16326530612244897,44,19,3,0,44,2|5|17|5|7|5,hub_localized,1225
fully-connected,50,0.01,0.03,0.0,0.2,0.1,3.0,0.3,0.066,43,85,0.0,0.16326530612244897,43,19,1,0,43,1|5|17|5|7|6,hub_localized,1225
fully-connected,50,0.01,0.03,0.0,0.2,0.1,3.0,0.3,0.066,44,86,0.0,0.16326530612244897,42,19,3,0,42,1|5|17|5|7|7,hub_localized,1225
fully-connected,50,0.01,0.03,0.0,0.2,0.1,3.0,0.3,0.066,45,87,0.0,0.14285714285714285,41,19,1,0,41,5|17|5|7|8,hub_localized,1225
fully-connected,50,0.01,0.03,0.0,0.2,0.1,3.0,0.3,0.066,46,88,0.0,0.12244897959183673,40,10,4,0,40,5|17|5|7|9,hub_localized,1225
fully-connected,50,0.01,0.03,0.0,0.2,0.1,3.0,0.3,0.066,47,89,0.0,0.10204081632653061,39,10,3,0,39,5|17|5|7|10,hub_localized,1225
fully-connected,50,0.01,0.03,0.0,0.2,0.1,3.0,0.3,0.066,48,90,0.0,0.12244897959183673,49,10,1,0,49,4|17|5|7|10,hub_localized,1225
fully-connected,50,0.01,0.03,0.0,0.2,0.1,3.0,0.3,0.066,49,91,0.0,0.12244897959183673,48,10,1,0,48,3|17|5|7|10|1,hub_localized,1225
fully-connected,50,0.01,0.03,0.0,0.2,0.1,3.0,0.3,0.068,0,42,0.0,0.24489795918367346,47,19,4,1,47,3|4|5|1|7|2|4|9|2,hub_localized,1225
fully-connected,50,0.01,0.03,0.0,0.2,0.1,3.0,0.3,0.068,1,43,0.0,0.2653061224489796,46,19,5,1,46,2|3|5|1|7|2|4|9|3,hub_localized,1225
fully-connected,50,0.01,0.03,0.0,0.2,0.1,3.0,0.3,0.068,2,44,0.0,0.2653061224489796,45,19,4,1,45,2|3|5|1|7|2|4|9|4,hub_localized,1225
fully-connected,50,0.01,0.03,0.0,0.2,0.1,3.0,0.3,0.068,3,45,0.0,0.24489795918367346,44,19,4,1,44,1|4|5|1|7|2|4|9|5,hub_localized,1225
fully-connected,50,0.01,0.03,0.0,0.2,0.1,3.0,0.3,0.068,4,46,0.0,0.2653061224489796,49,19,4,1,49,3|5|1|7|2|4|9|5,hub_localized,1225
fully-connected,50,0.01,0.03,0.0,0.2,0.1,3.0,0.3,0.068,5,47,0.0,0.24489795918367346,48,19,5,1,48,3|5|1|7|2|4|9|5|1,hub_localized,1225
fully-connected,50,0.01,0.03,0.0,0.2,0.1,3.0,0.3,0.068,6,48,0.0,0.24489795918367346,47,19,4,1,47,3|5|1|7|2|4|9|5|2,hub_localized,1225
fully-connected,50,0.01,0.03,0.0,0.2,0.1,3.0,0.3,0.068,7,49,0.0,0.24489795918367346,46,19,5,1,46,1|5|1|7|2|4|9|5|3,hub_localized,1225
fully-connected,50,0.01,0.03,0.0,0.2,0.1,3.0,0.3,0.068,8,50,0.0,0.24489795918367346,45,19,5,1,45,1|5|1|7|2|4|9|5|4,hub_localized,1225
fully-connected,50,0.01,0.03,0.0,0.2,0.1,3.0,0.3,0.068,9,51,0.0,0.22448979591836735,44,19,5,1,44,5|1|7|2|4|9|5|5,hub_localized,1225
fully-connected,50,0.01,0.03,0.0,0.2,0.1,3.0,0.3,0.068,10,52,0.0,0.22448979591836735,43,19,6,1,43,4|1|7|2|4|9|5|6,hub_localized,1225
fully-connected,50,0.01,0.03,0.0,0.2,0.1,3.0,0.3,0.068,11,53,0.0,0.22448979591836735,42,19,5,1,42,3|1|7|2|4|9|5|7,hub_localized,1225
fully-connected,50,0.01,0.03,0.0,0.2,0.1,3.0,0.3,0.068,12,54,0.0,0.22448979591836735,41,19,6,1,41,3|1|7|2|4|9|5|8,hub_localized,1225
fully-connected,50,0.01,0.03,0.0,0.2,0.1,3.0,0.3,0.068,13,55,0.0,0.22448979591836735,40,19,5,1,40,1|1|7|2|4|9|5|9,hub_localized,1225
fully-connected,50,0.01,0.03,0.0,0.2,0.1,3.0,0.3,0.068,14,56,0.0,0.22448979591836735,39,19,5,1,39,1|1|7|2|4|9|5|10,hub_localized,1225
fully-connected,50,0.01,0.03,0.0,0.2,0.1,3.0,0.3,0.068,15,57,0.0,0.20408163265306123,38,19,16,1,38,1|7|2|4|9|5|11,hub_localized,1225
fully-connected,50,0.01,0.03,0.0,0.2,0.1,3.0,0.3,0.068,16,58,0.0,0.20408163265306123,37,19,16,1,37,1|7|2|4|9|5|12,hub_localized,1225
fully-connected,50,0.01,0.03,0.0,0.2,0.1,3.0,0.3,0.068,17,59,0.0,0.1836734693877551,36,19,16,0,36,7|2|4|9|5|13,hub_localized,1225
fully-connected,50,0.01,0.03,0.0,0.2,0.1,3.0,0.3,0.068,18,60,0.0,0.1836734693877551,35,19,16,0,35,7|2|4|9|5|14,hub_localized,1225
fully-connected,50,0.01,0.03,0.0,0.2,0.1,3.0,0.3,0.068,19,61,0.0,0.1836734693877551,34,19,16,0,34,6|2|4|9|5|15,hub_localized,1225
fully-connected,50,0.01,0.03,0.0,0.2,0.1,3.0,0.3,0.068,20,62,0.0,0.1836734693877551,33,19,16,0,33,5|2|4|9|5|16,hub_localized,1225
fully-connected,50,0.01,0.03,0.0,0.2,0.1,3.0,0.3,0.068,21,63,0.0,0.1836734693877551,32,19,16,0,32,4|2|4|9|5|17,hub_localized,1225
fully-connected,50,0.01,0.03,0.0,0.2,0.1,3.0,0.3,0.068,22,64,0.0,0.20408163265306123,49,19,1,1,49,3|2|4|9|5|17,hub_localized,1225
fully-connected,50,0.01,0.03,0.0,0.2,0.1,3.0,0.3,0.068,23,65,0.0,0.20408163265306123,48,19,3,1,48,2|2|4|9|5|17|1,hub_localized,1225
fully-connected,50,0.01,0.03,0.0,0.2,0.1,3.0,0.3,0.068,24,66,0.0,0.20408163265306123,47,19,3,1,47,1|2|4|9|5|17|2,hub_localized,1225
fully-connected,50,0.01,0.03,0.0,0.2,0.1,3.0,0.3,0.068,25,67,0.0,0.1836734693877551,46,19,1,0,46,2|4|9|5|17|3,hub_localized,1225
fully-connected,50,0.01,0.03,0.0,0.2,0.1,3.0,0.3,0.068,26,68,0.0,0.1836734693877551,45,19,1,0,45,1|4|9|5|17|4,hub_localized,1225
fully-connected,50,0.01,0.03,0.0,0.2,0.1,3.0,0.3,0.068,27,69,0.0,0.1836734693877551,44,19,1,0,44,1|4|9|5|17|5,hub_localized,1225
fully-connected,50,0.01,0.03,0.0,0.2,0.1,3.0,0.3,0.068,28,70,0.0,0.16326530612244897,43,19,1,0,43,4|9|5|17|6,hub_localized,1225
fully-connected,50,0.01,0.03,0.0,0.2,0.1,3.0,0.3,0.068,29,71,0.0,0.1836734693877551,49,19,3,0,49,3|9|5|17|6,hub_localized,1225
fully-connected,50,0.01,0.03,0.0,0.2,0.1,3.0,0.3,0.068,30,72,0.0,0.1836734693877551,48,19,1,0,48,2|9|5|17|6|1,hub_localized,1225
fully-connected,50,0.01,0.03,0.0,0.2,0.1,3.0,0.3,0.068,31,73,0.0,0.1836734693877551,47,19,3,0,47,2|9|5|17|6|2,hub_localized,1225
fully-connected,50,0.01,0.03,0.0,0.2,0.1,3.0,0.3,0.068,32,74,0.0,0.1836734693877551,46,19,1,0,46,9|5|17|6|3,hub_localized,1225
fully-connected,50,0.01,0.03,0.0,0.2,0.1,3.0,0.3,0.068,33,75,0.0,0.16326530612244897,45,19,1,0,45,9|5|17|6|4,hub_localized,1225
fully-connected,50,0.01,0.03,0.0,0.2,0.1,3.0,0.3,0.068,34,76,0.0,0.14285714285714285,44,19,1,0,44,9|5|17|6|5,hub_localized,1225
fully-connected,50,0.01,0.03,0.0,0.2,0.1,3.0,0.3,0.068,35,77,0.0,0.12244897959183673,43,19,1,0,43,9|5|17|6|6,hub_localized,1225
fully-connected,50,0.01,0.03,0.0,0.2,0.1,3.0,0.3,0.068,36,78,0.0,0.12244897959183673,42,19,1,0,42,8|5|17|6|7,hub_localized,1225
fully-connected,50,0.01,0.03,0.0,0.2,0.1,3.0,0.3,0.068,37,79,0.0,0.14285714285714285,49,19,1,0,49,8|5|17|6|7,hub_localized,1225
fully-connected,50,0.01,0.03,0.0,0.2,0.1,3.0,0.3,0.068,38,80,0.0,0.12244897959183673,48,19,75,0,48,6|5|24|7|1,hub_localized,1225
fully-connected,50,0.01,0.03,0.0,0.2,0.1,3.0,0.3,0.068,39,81,0.0,0.14285714285714285,47,19,1,0,47,5|5|17|6|7|2,hub_localized,1225
fully-connected,50,0.01,0.03,0.0,0.2,0.1,3.0,0.3,0.068,40,82,0.0,0.14285714285714285,46,19,3,0,46,4|5|17|6|7|3,hub_localized,1225
fully-connected,50,0.01,0.03,0.0,0.2,0.1,3.0,0.3,0.068,41,83,0.0,0.14285714285714285,45,19,1,0,45,4|5|17|6|7|4,hub_localized,1225
fully-connected,50,0.01,0.03,0.0,0.2,0.1,3.0,0.3,0.068,42,84,0.0,0.14285714285714285,44,19,3,0,44,2|5|17|6|7|5,hub_localized,1225
fully-connected,50,0.01,0.03,0.0,0.2,0.1,3.0,0.3,0.068,43,85,0.0,0.14285714285714285,43,19,1,0,43,1|5|17|6|7|6,hub_localized,1225
fully-connected,50,0.01,0.03,0.0,0.2,0.1,3.0,0.3,0.068,44,86,0.0,0.14285714285714285,42,19,3,0,42,1|5|17|6|7|7,hub_localized,1225
fully-connected,50,0.01,0.03,0.0,0.2,0.1,3.0,0.3,0.068,45,87,0.0,0.12244897959183673,41,19,1,0,41,5|17|6|7|8,hub_localized,1225
fully-connected,50,0.01,0.03,0.0,0.2,0.1,3.0,0.3,0.068,46,88,0.0,0.10204081632653061,40,10,4,0,40,5|17|6|7|9,hub_localized,1225
fully-connected,50,0.01,0.03,0.0,0.2,0.1,3.0,0.3,0.068,47,89,0.0,0.08163265306122448,39,10,3,0,39,5|17|6|7|10,hub_localized,1225
fully-connected,50,0.01,0.03,0.0,0.2,0.1,3.0,0.3,0.068,48,90,0.0,0.10204081632653061,49,10,1,0,49,4|17|6|7|10,hub_localized,1225
fully-connected,50,0.01,0.03,0.0,0.2,0.1,3.0,0.3,0.068,49,91,0.0,0.10204081632653061,48,10,1,0,48,3|17|6|7|10|1,hub_localized,1225
fully-connected,50,0.01,0.03,0.0,0.2,0.1,3.0,0.3,0.07,0,42,0.0,0.24489795918367346,47,19,4,1,47,3|4|5|1|7|2|4|9|2,hub_localized,1225
fully-connected,50,0.01,0.03,0.0,0.2,0.1,3.0,0.3,0.07,1,43,0.0,0.24489795918367346,46,19,5,1,46,2|4|5|1|7|2|4|9|3,hub_localized,1225
fully-connected,50,0.01,0.03,0.0,0.2,0.1,3.0,0.3,0.07,2,44,0.0,0.24489795918367346,45,19,4,1,45,2|4|5|1|7|2|4|9|4,hub_localized,1225
fully-connected,50,0.01,0.03,0.0,0.2,0.1,3.0,0.3,0.07,3,45,0.0,0.24489795918367346,44,19,4,1,44,1|4|5|1|7|2|4|9|5,hub_localized,1225
fully-connected,50,0.01,0.03,0.0,0.2,0.1,3.0,0.3,0.07,4,46,0.0,0.24489795918367346,49,19,5,1,49,4|5|1|7|2|4|9|5,hub_localized,1225
fully-connected,50,0.01,0.03,0.0,0.2,0.1,3.0,0.3,0.07,5,47,0.0,0.24489795918367346,48,19,5,1,48,3|5|1|7|2|4|9|5|1,hub_localized,1225
fully-connected,50,0.01,0.03,0.0,0.2,0.1,3.0,0.3,0.07,6,48,0.0,0.24489795918367346,47,19,4,1,47,3|5|1|7|2|4|9|5|2,hub_localized,1225
fully-connected,50,0.01,0.03,0.0,0.2,0.1,3.0,0.3,0.07,7,49,0.0,0.24489795918367346,46,19,5,1,46,1|5|1|7|2|4|9|5|3,hub_localized,1225
fully-connected,50,0.01,0.03,0.0,0.2,0.1,3.0,0.3,0.07,8,50,0.0,0.24489795918367346,45,19,5,1,45,1|5|1|7|2|4|9|5|4,hub_localized,1225
fully-connected,50,0.01,0.03,0.0,0.2,0.1,3.0,0.3,0.07,9,51,0.0,0.22448979591836735,44,19,5,1,44,5|1|7|2|4|9|5|5,hub_localized,1225
fully-connected,50,0.01,0.03,0.0,0.2,0.1,3.0,0.3,0.07,10,52,0.0,0.20408163265306123,43,19,16,1,43,6|7|2|4|9|5|6,hub_localized,1225
fully-connected,50,0.01,0.03,0.0,0.2,0.1,3.0,0.3,0.07,11,53,0.0,0.22448979591836735,42,19,5,1,42,3|1|7|2|4|9|5|7,hub_localized,1225
fully-connected,50,0.01,0.03,0.0,0.2,0.1,3.0,0.3,0.07,12,54,0.0,0.22448979591836735,41,19,6,1,41,3|1|7|2|4|9|5|8,hub_localized,1225
fully-connected,50,0.01,0.03,0.0,0.2,0.1,3.0,0.3,0.07,13,55,0.0,0.22448979591836735,40,19,6,1,40,1|1|7|2|4|9|5|9,hub_localized,1225
fully-connected,50,0.01,0.03,0.0,0.2,0.1,3.0,0.3,0.07,14,56,0.0,0.22448979591836735,39,19,5,1,39,1|1|7|2|4|9|5|10,hub_localized,1225
fully-connected,50,0.01,0.03,0.0,0.2,0.1,3.0,0.3,0.07,15,57,0.0,0.20408163265306123,38,19,16,1,38,1|7|2|4|9|5|11,hub_localized,1225
fully-connected,50,0.01,0.03,0.0,0.2,0.1,3.0,0.3,0.07,16,58,0.0,0.1836734693877551,37,19,16,0,37,1|7|2|4|10|5|12,hub_localized,1225
fully-connected,50,0.01,0.03,0.0,0.2,0.1,3.0,0.3,0.07,17,59,0.0,0.16326530612244897,36,19,47,0,36,7|2|4|10|5|13,hub_localized,1225
fully-connected,50,0.01,0.03,0.0,0.2,0.1,3.0,0.3,0.07,18,60,0.0,0.16326530612244897,35,19,47,0,35,7|2|4|10|5|14,hub_localized,1225
fully-connected,50,0.01,0.03,0.0,0.2,0.1,3.0,0.3,0.07,19,61,0.0,0.16326530612244897,34,19,16,0,34,6|2|4|10|5|15,hub_localized,1225
fully-connected,50,0.01,0.03,0.0,0.2,0.1,3.0,0.3,0.07,20,62,0.0,0.16326530612244897,33,19,47,0,33,5|2|4|10|5|16,hub_localized,1225
fully-connected,50,0.01,0.03,0.0,0.2,0.1,3.0,0.3,0.07,21,63,0.0,0.16326530612244897,32,19,16,0,32,4|2|4|10|5|17,hub_localized,1225
fully-connected,50,0.01,0.03,0.0,0.2,0.1,3.0,0.3,0.07,22,64,0.0,0.1836734693877551,49,19,1,0,49,3|2|4|10|5|17,hub_localized,1225
fully-connected,50,0.01,0.03,0.0,0.2,0.1,3.0,0.3,0.07,23,65,0.0,0.1836734693877551,48,19,3,0,48,2|2|4|10|5|17|1,hub_localized,1225
fully-connected,50,0.01,0.03,0.0,0.2,0.1,3.0,0.3,0.07,24,66,0.0,0.1836734693877551,47,19,3,0,47,1|2|4|10|5|17|2,hub_localized,1225
fully-connected,50,0.01,0.03,0.0,0.2,0.1,3.0,0.3,0.07,25,67,0.0,0.16326530612244897,46,19,1,0,46,2|4|10|5|17|3,hub_localized,1225
fully-connected,50,0.01,0.03,0.0,0.2,0.1,3.0,0.3,0.07,26,68,0.0,0.16326530612244897,45,19,1,0,45,1|4|10|5|17|4,hub_localized,1225
fully-connected,50,0.01,0.03,0.0,0.2,0.1,3.0,0.3,0.07,27,69,0.0,0.16326530612244897,44,19,1,0,44,1|4|10|5|17|5,hub_localized,1225
fully-connected,50,0.01,0.03,0.0,0.2,0.1,3.0,0.3,0.07,28,70,0.0,0.14285714285714285,43,19,1,0,43,4|10|5|17|6,hub_localized,1225
fully-connected,50,0.01,0.03,0.0,0.2,0.1,3.0,0.3,0.07,29,71,0.0,0.16326530612244897,49,19,3,0,49,3|10|5|17|6,hub_localized,1225
fully-connected,50,0.01,0.03,0.0,0.2,0.1,3.0,0.3,0.07,30,72,0.0,0.16326530612244897,48,19,1,0,48,2|10|5|17|6|1,hub_localized,1225
fully-connected,50,0.01,0.03,0.0,0.2,0.1,3.0,0.3,0.07,31,73,0.0,0.16326530612244897,47,19,3,0,47,2|10|5|17|6|2,hub_localized,1225
fully-connected,50,0.01,0.03,0.0,0.2,0.1,3.0,0.3,0.07,32,74,0.0,0.16326530612244897,46,19,1,0,46,10|5|17|6|3,hub_localized,1225
fully-connected,50,0.01,0.03,0.0,0.2,0.1,3.0,0.3,0.07,33,75,0.0,0.14285714285714285,45,19,1,0,45,10|5|17|6|4,hub_localized,1225
fully-connected,50,0.01,0.03,0.0,0.2,0.1,3.0,0.3,0.07,34,76,0.0,0.12244897959183673,44,19,1,0,44,10|5|17|6|5,hub_localized,1225
fully-connected,50,0.01,0.03,0.0,0.2,0.1,3.0,0.3,0.07,35,77,0.0,0.10204081632653061,43,19,1,0,43,10|5|17|6|6,hub_localized,1225
fully-connected,50,0.01,0.03,0.0,0.2,0.1,3.0,0.3,0.07,36,78,0.0,0.10204081632653061,42,19,1,0,42,9|5|17|6|7,hub_localized,1225
fully-connected,50,0.01,0.03,0.0,0.2,0.1,3.0,0.3,0.07,37,79,0.0,0.12244897959183673,49,19,1,0,49,9|5|17|6|7,hub_localized,1225
fully-connected,50,0.01,0.03,0.0,0.2,0.1,3.0,0.3,0.07,38,80,0.0,0.10204081632653061,48,19,75,0,48,7|5|24|7|1,hub_localized,1225
fully-connected,50,0.01,0.03,0.0,0.2,0.1,3.0,0.3,0.07,39,81,0.0,0.12244897959183673,47,19,1,0,47,6|5|17|6|7|2,hub_localized,1225
fully-connected,50,0.01,0.03,0.0,0.2,0.1,3.0,0.3,0.07,40,82,0.0,0.12244897959183673,46,19,3,0,46,5|5|17|6|7|3,hub_localized,1225
fully-connected,50,0.01,0.03,0.0,0.2,0.1,3.0,0.3,0.07,41,83,0.0,0.12244897959183673,45,19,1,0,45,5|5|17|6|7|4,hub_localized,1225
fully-connected,50,0.01,0.03,0.0,0.2,0.1,3.0,0.3,0.07,42,84,0.0,0.12244897959183673,44,19,3,0,44,3|5|17|6|7|5,hub_localized,1225
fully-connected,50,0.01,0.03,0.0,0.2,0.1,3.0,0.3,0.07,43,85,0.0,0.12244897959183673,43,19,1,0,43,2|5|17|6|7|6,hub_localized,1225
fully-connected,50,0.01,0.03,0.0,0.2,0.1,3.0,0.3,0.07,44,86,0.0,0.12244897959183673,42,19,3,0,42,2|5|17|6|7|7,hub_localized,1225
fully-connected,50,0.01,0.03,0.0,0.2,0.1,3.0,0.3,0.07,45,87,0.0,0.12244897959183673,41,19,1,0,41,1|5|17|6|7|8,hub_localized,1225
fully-connected,50,0.01,0.03,0.0,0.2,0.1,3.0,0.3,0.07,46,88,0.0,0.10204081632653061,40,10,4,0,40,5|17|6|7|9,hub_localized,1225
fully-connected,50,0.01,0.03,0.0,0.2,0.1,3.0,0.3,0.07,47,89,0.0,0.08163265306122448,39,10,3,0,39,5|17|6|7|10,hub_localized,1225
fully-connected,50,0.01,0.03,0.0,0.2,0.1,3.0,0.3,0.07,48,90,0.0,0.10204081632653061,49,10,1,0,49,4|17|6|7|10,hub_localized,1225
fully-connected,50,0.01,0.03,0.0,0.2,0.1,3.0,0.3,0.07,49,91,0.0,0.10204081632653061,48,10,1,0,48,3|17|6|7|10|1,hub_localized,1225
fully-connected,50,0.01,0.03,0.0,0.2,0.1,3.0,0.3,0.072,0,42,0.0,0.1836734693877551,46,12,4,0,46,3|4|5|9|2|4|10|3,hub_localized,1225
fully-connected,50,0.01,0.03,0.0,0.2,0.1,3.0,0.3,0.072,1,43,0.0,0.20408163265306123,45,12,5,1,45,2|4|5|1|7|2|4|10|4,hub_localized,1225
fully-connected,50,0.01,0.03,0.0,0.2,0.1,3.0,0.3,0.072,2,44,0.0,0.20408163265306123,44,12,4,1,44,2|4|5|1|7|2|4|10|5,hub_localized,1225
fully-connected,50,0.01,0.03,0.0,0.2,0.1,3.0,0.3,0.072,3,45,0.0,0.1836734693877551,43,12,4,0,43,1|4|5|9|2|4|10|6,hub_localized,1225
fully-connected,50,0.01,0.03,0.0,0.2,0.1,3.0,0.3,0.072,4,46,0.0,0.1836734693877551,49,12,5,0,49,4|5|9|2|4|10|6,hub_localized,1225
fully-connected,50,0.01,0.03,0.0,0.2,0.1,3.0,0.3,0.072,5,47,0.0,0.1836734693877551,48,12,5,0,48,3|5|9|2|4|10|6|1,hub_localized,1225
fully-connected,50,0.01,0.03,0.0,0.2,0.1,3.0,0.3,0.072,6,48,0.0,0.1836734693877551,47,12,4,0,47,3|5|9|2|4|10|6|2,hub_localized,1225
fully-connected,50,0.01,0.03,0.0,0.2,0.1,3.0,0.3,0.072,7,49,0.0,0.1836734693877551,46,12,5,0,46,1|5|9|2|4|10|6|3,hub_localized,1225
fully-connected,50,0.01,0.03,0.0,0.2,0.1,3.0,0.3,0.072,8,50,0.0,0.1836734693877551,45,12,5,0,45,1|5|9|2|4|10|6|4,hub_localized,1225
fully-connected,50,0.01,0.03,0.0,0.2,0.1,3.0,0.3,0.072,9,51,0.0,0.16326530612244897,44,12,5,0,44,5|9|2|4|10|6|5,hub_localized,1225
fully-connected,50,0.01,0.03,0.0,0.2,0.1,3.0,0.3,0.072,10,52,0.0,0.16326530612244897,43,12,38,0,43,6|7|2|4|10|6|6,hub_localized,1225
fully-connected,50,0.01,0.03,0.0,0.2,0.1,3.0,0.3,0.072,11,53,0.0,0.16326530612244897,42,12,5,0,42,3|9|2|4|10|6|7,hub_localized,1225
fully-connected,50,0.01,0.03,0.0,0.2,0.1,3.0,0.3,0.072,12,54,0.0,0.1836734693877551,41,12,6,0,41,3|1|7|2|4|10|6|8,hub_localized,1225
fully-connected,50,0.01,0.03,0.0,0.2,0.1,3.0,0.3,0.072,13,55,0.0,0.1836734693877551,40,12,6,0,40,1|1|7|2|4|10|6|9,hub_localized,1225
fully-connected,50,0.01,0.03,0.0,0.2,0.1,3.0,0.3,0.072,14,56,0.0,0.1836734693877551,39,12,5,0,39,1|1|7|2|4|10|6|10,hub_localized,1225
fully-connected,50,0.01,0.03,0.0,0.2,0.1,3.0,0.3,0.072,15,57,0.0,0.16326530612244897,38,12,16,0,38,1|7|2|4|10|6|11,hub_localized,1225
fully-connected,50,0.01,0.03,0.0,0.2,0.1,3.0,0.3,0.072,16,58,0.0,0.16326530612244897,37,12,16,0,37,1|7|2|4|10|6|12,hub_localized,1225
fully-connected,50,0.01,0.03,0.0,0.2,0.1,3.0,0.3,0.072,17,59,0.0,0.14285714285714285,36,12,47,0,36,7|2|4|10|6|13,hub_localized,1225
fully-connected,50,0.01,0.03,0.0,0.2,0.1,3.0,0.3,0.072,18,60,0.0,0.14285714285714285,35,12,47,0,35,7|2|4|10|6|14,hub_localized,1225
fully-connected,50,0.01,0.03,0.0,0.2,0.1,3.0,0.3,0.072,19,61,0.0,0.14285714285714285,34,12,16,0,34,6|2|4|10|6|15,hub_localized,1225
fully-connected,50,0.01,0.03,0.0,0.2,0.1,3.0,0.3,0.072,20,62,0.0,0.14285714285714285,33,12,47,0,33,5|2|4|10|6|16,hub_localized,1225
fully-connected,50,0.01,0.03,0.0,0.2,0.1,3.0,0.3,0.072,21,63,0.0,0.14285714285714285,32,12,16,0,32,4|2|4|10|6|17,hub_localized,1225
fully-connected,50,0.01,0.03,0.0,0.2,0.1,3.0,0.3,0.072,22,64,0.0,0.16326530612244897,49,12,1,0,49,3|2|4|10|6|17,hub_localized,1225
fully-connected,50,0.01,0.03,0.0,0.2,0.1,3.0,0.3,0.072,23,65,0.0,0.16326530612244897,48,12,3,0,48,2|2|4|10|6|17|1,hub_localized,1225
fully-connected,50,0.01,0.03,0.0,0.2,0.1,3.0,0.3,0.072,24,66,0.0,0.16326530612244897,47,12,3,0,47,1|2|4|10|6|17|2,hub_localized,1225
fully-connected,50,0.01,0.03,0.0,0.2,0.1,3.0,0.3,0.072,25,67,0.0,0.14285714285714285,46,12,1,0,46,2|4|10|6|17|3,hub_localized,1225
fully-connected,50,0.01,0.03,0.0,0.2,0.1,3.0,0.3,0.072,26,68,0.0,0.14285714285714285,45,12,1,0,45,1|4|10|6|17|4,hub_localized,1225
fully-connected,50,0.01,0.03,0.0,0.2,0.1,3.0,0.3,0.072,27,69,0.0,0.14285714285714285,44,12,1,0,44,1|4|10|6|17|5,hub_localized,1225
fully-connected,50,0.01,0.03,0.0,0.2,0.1,3.0,0.3,0.072,28,70,0.0,0.12244897959183673,43,12,1,0,43,4|10|6|17|6,hub_localized,1225
fully-connected,50,0.01,0.03,0.0,0.2,0.1,3.0,0.3,0.072,29,71,0.0,0.14285714285714285,49,12,3,0,49,3|10|6|17|6,hub_localized,1225
fully-connected,50,0.01,0.03,0.0,0.2,0.1,3.0,0.3,0.072,30,72,0.0,0.14285714285714285,48,12,1,0,48,2|10|6|17|6|1,hub_localized,1225
fully-connected,50,0.01,0.03,0.0,0.2,0.1,3.0,0.3,0.072,31,73,0.0,0.14285714285714285,47,12,3,0,47,2|10|6|17|6|2,hub_localized,1225
fully-connected,50,0.01,0.03,0.0,0.2,0.1,3.0,0.3,0.072,32,74,0.0,0.14285714285714285,46,12,1,0,46,10|6|17|6|3,hub_localized,1225
fully-connected,50,0.01,0.03,0.0,0.2,0.1,3.0,0.3,0.072,33,75,0.0,0.12244897959183673,45,12,1,0,45,10|6|17|6|4,hub_localized,1225
fully-connected,50,0.01,0.03,0.0,0.2,0.1,3.0,0.3,0.072,34,76,0.0,0.10204081632653061,44,12,1,0,44,10|6|17|6|5,hub_localized,1225
fully-connected,50,0.01,0.03,0.0,0.2,0.1,3.0,0.3,0.072,35,77,0.0,0.08163265306122448,43,12,1,0,43,10|6|17|6|6,hub_localized,1225
fully-connected,50,0.01,0.03,0.0,0.2,0.1,3.0,0.3,0.072,36,78,0.0,0.08163265306122448,42,12,1,0,42,9|6|17|6|7,hub_localized,1225
fully-connected,50,0.01,0.03,0.0,0.2,0.1,3.0,0.3,0.072,37,79,0.0,0.10204081632653061,49,12,1,0,49,9|6|17|6|7,hub_localized,1225
fully-connected,50,0.01,0.03,0.0,0.2,0.1,3.0,0.3,0.072,38,80,0.0,0.08163265306122448,48,12,75,0,48,8|6|24|7|1,hub_localized,1225
fully-connected,50,0.01,0.03,0.0,0.2,0.1,3.0,0.3,0.072,39,81,0.0,0.10204081632653061,47,12,1,0,47,6|6|17|6|7|2,hub_localized,1225
fully-connected,50,0.01,0.03,0.0,0.2,0.1,3.0,0.3,0.072,40,82,0.0,0.10204081632653061,46,12,4,0,46,5|6|17|6|7|3,hub_localized,1225
fully-connected,50,0.01,0.03,0.0,0.2,0.1,3.0,0.3,0.072,41,83,0.0,0.10204081632653061,45,12,1,0,45,5|6|17|6|7|4,hub_localized,1225
fully-connected,50,0.01,0.03,0.0,0.2,0.1,3.0,0.3,0.072,42,84,0.0,0.10204081632653061,44,12,3,0,44,3|6|17|6|7|5,hub_localized,1225
fully-connected,50,0.01,0.03,0.0,0.2,0.1,3.0,0.3,0.072,43,85,0.0,0.10204081632653061,43,12,1,0,43,2|6|17|6|7|6,hub_localized,1225
fully-connected,50,0.01,0.03,0.0,0.2,0.1,3.0,0.3,0.072,44,86,0.0,0.10204081632653061,42,12,3,0,42,2|6|17|6|7|7,hub_localized,1225
fully-connected,50,0.01,0.03,0.0,0.2,0.1,3.0,0.3,0.072,45,87,0.0,0.10204081632653061,41,12,1,0,41,1|6|17|6|7|8,hub_localized,1225
fully-connected,50,0.01,0.03,0.0,0.2,0.1,3.0,0.3,0.072,46,88,0.0,0.08163265306122448,40,7,4,0,40,6|17|6|7|9,hub_localized,1225
fully-connected,50,0.01,0.03,0.0,0.2,0.1,3.0,0.3,0.072,47,89,0.0,0.08163265306122448,39,7,3,0,39,5|17|6|7|10,hub_localized,1225
fully-connected,50,0.01,0.03,0.0,0.2,0.1,3.0,0.3,0.072,48,90,0.0,0.10204081632653061,49,9,1,0,49,4|17|6|7|10,hub_localized,1225
fully-connected,50,0.01,0.03,0.0,0.2,0.1,3.0,0.3,0.072,49,91,0.0,0.10204081632653061,48,8,1,0,48,3|17|6|7|10|1,hub_localized,1225
fully-connected,50,0.01,0.03,0.0,0.2,0.1,3.0,0.3,0.074,0,42,0.0,0.1836734693877551,46,12,4,0,46,3|4|5|9|2|4|10|3,hub_localized,1225
fully-connected,50,0.01,0.03,0.0,0.2,0.1,3.0,0.3,0.074,1,43,0.0,0.20408163265306123,45,12,5,1,45,2|4|5|1|7|2|4|10|4,hub_localized,1225
fully-connected,50,0.01,0.03,0.0,0.2,0.1,3.0,0.3,0.074,2,44,0.0,0.20408163265306123,44,12,4,1,44,2|4|5|1|7|2|4|10|5,hub_localized,1225
fully-connected,50,0.01,0.03,0.0,0.2,0.1,3.0,0.3,0.074,3,45,0.0,0.1836734693877551,43,12,4,0,43,1|4|5|9|2|4|10|6,hub_localized,1225
fully-connected,50,0.01,0.03,0.0,0.2,0.1,3.0,0.3,0.074,4,46,0.0,0.1836734693877551,49,12,5,0,49,4|5|9|2|4|10|6,hub_localized,1225
fully-connected,50,0.01,0.03,0.0,0.2,0.1,3.0,0.3,0.074,5,47,0.0,0.20408163265306123,48,12,5,1,48,3|5|1|7|2|4|10|6|1,hub_localized,1225
fully-connected,50,0.01,0.03,0.0,0.2,0.1,3.0,0.3,0.074,6,48,0.0,0.1836734693877551,47,12,4,0,47,3|5|9|2|4|10|6|2,hub_localized,1225
fully-connected,50,0.01,0.03,0.0,0.2,0.1,3.0,0.3,0.074,7,49,0.0,0.1836734693877551,46,12,5,0,46,1|5|9|2|4|10|6|3,hub_localized,1225
fully-connected,50,0.01,0.03,0.0,0.2,0.1,3.0,0.3,0.074,8,50,0.0,0.1836734693877551,45,12,5,0,45,1|5|9|2|4|10|6|4,hub_localized,1225
fully-connected,50,0.01,0.03,0.0,0.2,0.1,3.0,0.3,0.074,9,51,0.0,0.16326530612244897,44,12,5,0,44,5|9|2|4|10|6|5,hub_localized,1225
fully-connected,50,0.01,0.03,0.0,0.2,0.1,3.0,0.3,0.074,10,52,0.0,0.16326530612244897,43,12,38,0,43,6|7|2|4|10|6|6,hub_localized,1225
fully-connected,50,0.01,0.03,0.0,0.2,0.1,3.0,0.3,0.074,11,53,0.0,0.16326530612244897,42,12,5,0,42,3|9|2|4|10|6|7,hub_localized,1225
fully-connected,50,0.01,0.03,0.0,0.2,0.1,3.0,0.3,0.074,12,54,0.0,0.1836734693877551,41,12,6,0,41,3|1|7|2|4|10|6|8,hub_localized,1225
fully-connected,50,0.01,0.03,0.0,0.2,0.1,3.0,0.3,0.074,13,55,0.0,0.1836734693877551,40,12,6,0,40,1|1|7|2|4|10|6|9,hub_localized,1225
fully-connected,50,0.01,0.03,0.0,0.2,0.1,3.0,0.3,0.074,14,56,0.0,0.1836734693877551,39,12,5,0,39,1|1|7|2|4|10|6|10,hub_localized,1225
fully-connected,50,0.01,0.03,0.0,0.2,0.1,3.0,0.3,0.074,15,57,0.0,0.16326530612244897,38,12,38,0,38,1|7|2|4|10|6|11,hub_localized,1225
fully-connected,50,0.01,0.03,0.0,0.2,0.1,3.0,0.3,0.074,16,58,0.0,0.16326530612244897,37,12,16,0,37,1|7|2|4|10|6|12,hub_localized,1225
fully-connected,50,0.01,0.03,0.0,0.2,0.1,3.0,0.3,0.074,17,59,0.0,0.14285714285714285,36,12,47,0,36,7|2|4|10|6|13,hub_localized,1225
fully-connected,50,0.01,0.03,0.0,0.2,0.1,3.0,0.3,0.074,18,60,0.0,0.14285714285714285,35,12,47,0,35,7|2|4|10|6|14,hub_localized,1225
fully-connected,50,0.01,0.03,0.0,0.2,0.1,3.0,0.3,0.074,19,61,0.0,0.14285714285714285,34,12,16,0,34,6|2|4|10|6|15,hub_localized,1225
fully-connected,50,0.01,0.03,0.0,0.2,0.1,3.0,0.3,0.074,20,62,0.0,0.14285714285714285,33,12,47,0,33,5|2|4|10|6|16,hub_localized,1225
fully-connected,50,0.01,0.03,0.0,0.2,0.1,3.0,0.3,0.074,21,63,0.0,0.14285714285714285,32,12,47,0,32,4|2|4|10|6|17,hub_localized,1225
fully-connected,50,0.01,0.03,0.0,0.2,0.1,3.0,0.3,0.074,22,64,0.0,0.16326530612244897,49,12,1,0,49,3|2|4|10|6|17,hub_localized,1225
fully-connected,50,0.01,0.03,0.0,0.2,0.1,3.0,0.3,0.074,23,65,0.0,0.16326530612244897,48,12,3,0,48,2|2|4|10|6|17|1,hub_localized,1225
fully-connected,50,0.01,0.03,0.0,0.2,0.1,3.0,0.3,0.074,24,66,0.0,0.16326530612244897,47,12,3,0,47,1|2|4|10|6|17|2,hub_localized,1225
fully-connected,50,0.01,0.03,0.0,0.2,0.1,3.0,0.3,0.074,25,67,0.0,0.14285714285714285,46,12,1,0,46,2|4|10|6|17|3,hub_localized,1225
fully-connected,50,0.01,0.03,0.0,0.2,0.1,3.0,0.3,0.074,26,68,0.0,0.14285714285714285,45,12,1,0,45,1|4|10|6|17|4,hub_localized,1225
fully-connected,50,0.01,0.03,0.0,0.2,0.1,3.0,0.3,0.074,27,69,0.0,0.14285714285714285,44,12,1,0,44,1|4|10|6|17|5,hub_localized,1225
fully-connected,50,0.01,0.03,0.0,0.2,0.1,3.0,0.3,0.074,28,70,0.0,0.12244897959183673,43,12,1,0,43,4|10|6|17|6,hub_localized,1225
fully-connected,50,0.01,0.03,0.0,0.2,0.1,3.0,0.3,0.074,29,71,0.0,0.14285714285714285,49,12,3,0,49,3|10|6|17|6,hub_localized,1225
fully-connected,50,0.01,0.03,0.0,0.2,0.1,3.0,0.3,0.074,30,72,0.0,0.14285714285714285,48,12,1,0,48,2|10|6|17|6|1,hub_localized,1225
fully-connected,50,0.01,0.03,0.0,0.2,0.1,3.0,0.3,0.074,31,73,0.0,0.14285714285714285,47,12,3,0,47,2|10|6|17|6|2,hub_localized,1225
fully-connected,50,0.01,0.03,0.0,0.2,0.1,3.0,0.3,0.074,32,74,0.0,0.14285714285714285,46,12,1,0,46,10|6|17|6|3,hub_localized,1225
fully-connected,50,0.01,0.03,0.0,0.2,0.1,3.0,0.3,0.074,33,75,0.0,0.12244897959183673,45,12,1,0,45,10|6|17|6|4,hub_localized,1225
fully-connected,50,0.01,0.03,0.0,0.2,0.1,3.0,0.3,0.074,34,76,0.0,0.10204081632653061,44,12,1,0,44,10|6|17|6|5,hub_localized,1225
fully-connected,50,0.01,0.03,0.0,0.2,0.1,3.0,0.3,0.074,35,77,0.0,0.08163265306122448,43,12,1,0,43,10|6|17|6|6,hub_localized,1225
fully-connected,50,0.01,0.03,0.0,0.2,0.1,3.0,0.3,0.074,36,78,0.0,0.061224489795918366,35,12,1,0,35,9|6|17|14,hub_localized,1225
fully-connected,50,0.01,0.03,0.0,0.2,0.1,3.0,0.3,0.074,37,79,0.0,0.08163265306122448,49,12,1,0,49,9|6|17|14,hub_localized,1225
fully-connected,50,0.01,0.03,0.0,0.2,0.1,3.0,0.3,0.074,38,80,0.0,0.061224489795918366,48,12,75,0,48,8|6|32|1,hub_localized,1225
fully-connected,50,0.01,0.03,0.0,0.2,0.1,3.0,0.3,0.074,39,81,0.0,0.08163265306122448,47,12,1,0,47,7|6|17|14|2,hub_localized,1225
fully-connected,50,0.01,0.03,0.0,0.2,0.1,3.0,0.3,0.074,40,82,0.0,0.10204081632653061,46,12,4,0,46,5|6|17|6|7|3,hub_localized,1225
fully-connected,50,0.01,0.03,0.0,0.2,0.1,3.0,0.3,0.074,41,83,0.0,0.10204081632653061,45,12,1,0,45,5|6|17|6|7|4,hub_localized,1225
fully-connected,50,0.01,0.03,0.0,0.2,0.1,3.0,0.3,0.074,42,84,0.0,0.10204081632653061,44,12,3,0,44,3|6|17|6|7|5,hub_localized,1225
fully-connected,50,0.01,0.03,0.0,0.2,0.1,3.0,0.3,0.074,43,85,0.0,0.10204081632653061,43,12,1,0,43,2|6|17|6|7|6,hub_localized,1225
fully-connected,50,0.01,0.03,0.0,0.2,0.1,3.0,0.3,0.074,44,86,0.0,0.10204081632653061,42,12,3,0,42,2|6|17|6|7|7,hub_localized,1225
fully-connected,50,0.01,0.03,0.0,0.2,0.1,3.0,0.3,0.074,45,87,0.0,0.10204081632653061,41,12,1,0,41,1|6|17|6|7|8,hub_localized,1225
fully-connected,50,0.01,0.03,0.0,0.2,0.1,3.0,0.3,0.074,46,88,0.0,0.061224489795918366,40,7,4,0,40,6|17|14|9,hub_localized,1225
fully-connected,50,0.01,0.03,0.0,0.2,0.1,3.0,0.3,0.074,47,89,0.0,0.061224489795918366,39,7,3,0,39,5|17|14|10,hub_localized,1225
fully-connected,50,0.01,0.03,0.0,0.2,0.1,3.0,0.3,0.074,48,90,0.0,0.08163265306122448,49,8,1,0,49,4|17|14|10,hub_localized,1225
fully-connected,50,0.01,0.03,0.0,0.2,0.1,3.0,0.3,0.074,49,91,0.0,0.08163265306122448,48,8,1,0,48,3|17|14|10|1,hub_localized,1225
fully-connected,50,0.01,0.03,0.0,0.2,0.1,3.0,0.3,0.076,0,42,0.0,0.16326530612244897,46,11,4,0,46,3|4|5|12|4|10|3,hub_localized,1225
fully-connected,50,0.01,0.03,0.0,0.2,0.1,3.0,0.3,0.076,1,43,0.0,0.1836734693877551,45,11,5,0,45,2|4|5|1|10|4|10|4,hub_localized,1225
fully-connected,50,0.01,0.03,0.0,0.2,0.1,3.0,0.3,0.076,2,44,0.0,0.1836734693877551,44,11,4,0,44,2|4|5|1|10|4|10|5,hub_localized,1225
fully-connected,50,0.01,0.03,0.0,0.2,0.1,3.0,0.3,0.076,3,45,0.0,0.16326530612244897,43,11,4,0,43,1|4|5|12|4|10|6,hub_localized,1225
fully-connected,50,0.01,0.03,0.0,0.2,0.1,3.0,0.3,0.076,4,46,0.0,0.16326530612244897,49,11,5,0,49,4|5|12|4|10|6,hub_localized,1225
fully-connected,50,0.01,0.03,0.0,0.2,0.1,3.0,0.3,0.076,5,47,0.0,0.1836734693877551,48,11,5,0,48,3|5|1|10|4|10|6|1,hub_localized,1225
fully-connected,50,0.01,0.03,0.0,0.2,0.1,3.0,0.3,0.076,6,48,0.0,0.16326530612244897,47,11,4,0,47,3|5|12|4|10|6|2,hub_localized,1225
fully-connected,50,0.01,0.03,0.0,0.2,0.1,3.0,0.3,0.076,7,49,0.0,0.16326530612244897,46,11,5,0,46,1|5|12|4|10|6|3,hub_localized,1225
fully-connected,50,0.01,0.03,0.0,0.2,0.1,3.0,0.3,0.076,8,50,0.0,0.16326530612244897,45,11,5,0,45,1|5|12|4|10|6|4,hub_localized,1225
fully-connected,50,0.01,0.03,0.0,0.2,0.1,3.0,0.3,0.076,9,51,0.0,0.14285714285714285,44,11,5,0,44,5|12|4|10|6|5,hub_localized,1225
fully-connected,50,0.01,0.03,0.0,0.2,0.1,3.0,0.3,0.076,10,52,0.0,0.14285714285714285,43,11,38,0,43,6|10|4|10|6|6,hub_localized,1225
fully-connected,50,0.01,0.03,0.0,0.2,0.1,3.0,0.3,0.076,11,53,0.0,0.14285714285714285,42,11,5,0,42,3|12|4|10|6|7,hub_localized,1225
fully-connected,50,0.01,0.03,0.0,0.2,0.1,3.0,0.3,0.076,12,54,0.0,0.1836734693877551,41,11,6,0,41,3|1|7|2|4|10|6|8,hub_localized,1225
fully-connected,50,0.01,0.03,0.0,0.2,0.1,3.0,0.3,0.076,13,55,0.0,0.1836734693877551,40,11,6,0,40,1|1|7|2|4|10|6|9,hub_localized,1225
fully-connected,50,0.01,0.03,0.0,0.2,0.1,3.0,0.3,0.076,14,56,0.0,0.1836734693877551,39,11,5,0,39,1|1|7|2|4|10|6|10,hub_localized,1225
fully-connected,50,0.01,0.03,0.0,0.2,0.1,3.0,0.3,0.076,15,57,0.0,0.16326530612244897,38,11,38,0,38,1|7|2|4|10|6|11,hub_localized,1225
fully-connected,50,0.01,0.03,0.0,0.2,0.1,3.0,0.3,0.076,16,58,0.0,0.16326530612244897,37,11,38,0,37,1|7|2|4|10|6|12,hub_localized,1225
fully-connected,50,0.01,0.03,0.0,0.2,0.1,3.0,0.3,0.076,17,59,0.0,0.14285714285714285,36,11,47,0,36,7|2|4|10|6|13,hub_localized,1225
fully-connected,50,0.01,0.03,0.0,0.2,0.1,3.0,0.3,0.076,18,60,0.0,0.14285714285714285,35,11,47,0,35,7|2|4|10|6|14,hub_localized,1225
fully-connected,50,0.01,0.03,0.0,0.2,0.1,3.0,0.3,0.076,19,61,0.0,0.14285714285714285,34,11,47,0,34,6|2|4|10|6|15,hub_localized,1225
fully-connected,50,0.01,0.03,0.0,0.2,0.1,3.0,0.3,0.076,20,62,0.0,0.14285714285714285,33,11,47,0,33,5|2|4|10|6|16,hub_localized,1225
fully-connected,50,0.01,0.03,0.0,0.2,0.1,3.0,0.3,0.076,21,63,0.0,0.14285714285714285,32,11,47,0,32,4|2|4|10|6|17,hub_localized,1225
fully-connected,50,0.01,0.03,0.0,0.2,0.1,3.0,0.3,0.076,22,64,0.0,0.16326530612244897,49,11,1,0,49,3|2|4|10|6|17,hub_localized,1225
fully-connected,50,0.01,0.03,0.0,0.2,0.1,3.0,0.3,0.076,23,65,0.0,0.16326530612244897,48,11,3,0,48,2|2|4|10|6|17|1,hub_localized,1225
fully-connected,50,0.01,0.03,0.0,0.2,0.1,3.0,0.3,0.076,24,66,0.0,0.16326530612244897,47,11,3,0,47,1|2|4|10|6|17|2,hub_localized,1225
fully-connected,50,0.01,0.03,0.0,0.2,0.1,3.0,0.3,0.076,25,67,0.0,0.14285714285714285,46,11,1,0,46,2|4|10|6|17|3,hub_localized,1225
fully-connected,50,0.01,0.03,0.0,0.2,0.1,3.0,0.3,0.076,26,68,0.0,0.14285714285714285,45,11,1,0,45,1|4|10|6|17|4,hub_localized,1225
fully-connected,50,0.01,0.03,0.0,0.2,0.1,3.0,0.3,0.076,27,69,0.0,0.14285714285714285,44,11,1,0,44,1|4|10|6|17|5,hub_localized,1225
fully-connected,50,0.01,0.03,0.0,0.2,0.1,3.0,0.3,0.076,28,70,0.0,0.12244897959183673,43,11,1,0,43,4|10|6|17|6,hub_localized,1225
fully-connected,50,0.01,0.03,0.0,0.2,0.1,3.0,0.3,0.076,29,71,0.0,0.12244897959183673,42,11,3,0,42,3|10|6|17|7,hub_localized,1225
fully-connected,50,0.01,0.03,0.0,0.2,0.1,3.0,0.3,0.076,30,72,0.0,0.12244897959183673,41,11,1,0,41,2|10|6|17|8,hub_localized,1225
fully-connected,50,0.01,0.03,0.0,0.2,0.1,3.0,0.3,0.076,31,73,0.0,0.12244897959183673,40,11,3,0,40,2|10|6|17|9,hub_localized,1225
fully-connected,50,0.01,0.03,0.0,0.2,0.1,3.0,0.3,0.076,32,74,0.0,0.12244897959183673,39,11,1,0,39,10|6|17|10,hub_localized,1225
fully-connected,50,0.01,0.03,0.0,0.2,0.1,3.0,0.3,0.076,33,75,0.0,0.10204081632653061,38,11,1,0,38,10|6|17|11,hub_localized,1225
fully-connected,50,0.01,0.03,0.0,0.2,0.1,3.0,0.3,0.076,34,76,0.0,0.08163265306122448,37,11,1,0,37,10|6|17|12,hub_localized,1225
fully-connected,50,0.01,0.03,0.0,0.2,0.1,3.0,0.3,0.076,35,77,0.0,0.061224489795918366,36,11,1,0,36,10|6|17|13,hub_localized,1225
fully-connected,50,0.01,0.03,0.0,0.2,0.1,3.0,0.3,0.076,36,78,0.0,0.061224489795918366,35,11,1,0,35,9|6|17|14,hub_localized,1225
fully-connected,50,0.01,0.03,0.0,0.2,0.1,3.0,0.3,0.076,37,79,0.0,0.08163265306122448,49,11,1,0,49,9|6|17|14,hub_localized,1225
fully-connected,50,0.01,0.03,0.0,0.2,0.1,3.0,0.3,0.076,38,80,0.0,0.061224489795918366,48,11,75,0,48,8|6|32|1,hub_localized,1225
fully-connected,50,0.01,0.03,0.0,0.2,0.1,3.0,0.3,0.076,39,81,0.0,0.08163265306122448,47,11,1,0,47,7|6|17|14|2,hub_localized,1225
fully-connected,50,0.01,0.03,0.0,0.2,0.1,3.0,0.3,0.076,40,82,0.0,0.08163265306122448,46,11,4,0,46,5|6|17|14|3,hub_localized,1225
fully-connected,50,0.01,0.03,0.0,0.2,0.1,3.0,0.3,0.076,41,83,0.0,0.08163265306122448,45,11,1,0,45,5|6|17|14|4,hub_localized,1225
fully-connected,50,0.01,0.03,0.0,0.2,0.1,3.0,0.3,0.076,42,84,0.0,0.08163265306122448,44,11,3,0,44,3|6|17|14|5,hub_localized,1225
fully-connected,50,0.01,0.03,0.0,0.2,0.1,3.0,0.3,0.076,43,85,0.0,0.08163265306122448,43,11,1,0,43,2|6|17|14|6,hub_localized,1225
fully-connected,50,0.01,0.03,0.0,0.2,0.1,3.0,0.3,0.076,44,86,0.0,0.08163265306122448,42,11,3,0,42,2|6|17|14|7,hub_localized,1225
fully-connected,50,0.01,0.03,0.0,0.2,0.1,3.0,0.3,0.076,45,87,0.0,0.08163265306122448,41,11,1,0,41,1|6|17|14|8,hub_localized,1225
fully-connected,50,0.01,0.03,0.0,0.2,0.1,3.0,0.3,0.076,46,88,0.0,0.061224489795918366,40,9,4,0,40,6|17|14|9,hub_localized,1225
fully-connected,50,0.01,0.03,0.0,0.2,0.1,3.0,0.3,0.076,47,89,0.0,0.061224489795918366,39,9,3,0,39,5|17|14|10,hub_localized,1225
fully-connected,50,0.01,0.03,0.0,0.2,0.1,3.0,0.3,0.076,48,90,0.0,0.08163265306122448,49,9,1,0,49,4|17|14|10,hub_localized,1225
fully-connected,50,0.01,0.03,0.0,0.2,0.1,3.0,0.3,0.076,49,91,0.0,0.08163265306122448,48,9,1,0,48,3|17|14|10|1,hub_localized,1225
fully-connected,50,0.01,0.03,0.0,0.2,0.1,3.0,0.3,0.078,0,42,0.0,0.14285714285714285,46,9,4,0,46,3|10|12|4|10|3,hub_localized,1225
fully-connected,50,0.01,0.03,0.0,0.2,0.1,3.0,0.3,0.078,1,43,0.0,0.16326530612244897,45,9,5,0,45,2|10|1|10|4|10|4,hub_localized,1225
fully-connected,50,0.01,0.03,0.0,0.2,0.1,3.0,0.3,0.078,2,44,0.0,0.16326530612244897,44,9,4,0,44,2|10|1|10|4|10|5,hub_localized,1225
fully-connected,50,0.01,0.03,0.0,0.2,0.1,3.0,0.3,0.078,3,45,0.0,0.14285714285714285,43,9,4,0,43,1|10|12|4|10|6,hub_localized,1225
fully-connected,50,0.01,0.03,0.0,0.2,0.1,3.0,0.3,0.078,4,46,0.0,0.14285714285714285,49,9,5,0,49,10|12|4|10|6,hub_localized,1225
fully-connected,50,0.01,0.03,0.0,0.2,0.1,3.0,0.3,0.078,5,47,0.0,0.16326530612244897,48,9,5,0,48,9|1|10|4|10|6|1,hub_localized,1225
fully-connected,50,0.01,0.03,0.0,0.2,0.1,3.0,0.3,0.078,6,48,0.0,0.14285714285714285,47,9,4,0,47,9|12|4|10|6|2,hub_localized,1225
fully-connected,50,0.01,0.03,0.0,0.2,0.1,3.0,0.3,0.078,7,49,0.0,0.14285714285714285,46,9,5,0,46,7|12|4|10|6|3,hub_localized,1225
fully-connected,50,0.01,0.03,0.0,0.2,0.1,3.0,0.3,0.078,8,50,0.0,0.14285714285714285,45,9,5,0,45,7|12|4|10|6|4,hub_localized,1225
fully-connected,50,0.01,0.03,0.0,0.2,0.1,3.0,0.3,0.078,9,51,0.0,0.14285714285714285,44,9,5,0,44,5|12|4|10|6|5,hub_localized,1225
fully-connected,50,0.01,0.03,0.0,0.2,0.1,3.0,0.3,0.078,10,52,0.0,0.14285714285714285,43,9,38,0,43,6|10|4|10|6|6,hub_localized,1225
fully-connected,50,0.01,0.03,0.0,0.2,0.1,3.0,0.3,0.078,11,53,0.0,0.14285714285714285,42,9,5,0,42,3|12|4|10|6|7,hub_localized,1225
fully-connected,50,0.01,0.03,0.0,0.2,0.1,3.0,0.3,0.078,12,54,0.0,0.14285714285714285,41,9,38,0,41,5|10|4|10|6|8,hub_localized,1225
fully-connected,50,0.01,0.03,0.0,0.2,0.1,3.0,0.3,0.078,13,55,0.0,0.16326530612244897,40,9,6,0,40,1|1|10|4|10|6|9,hub_localized,1225
fully-connected,50,0.01,0.03,0.0,0.2,0.1,3.0,0.3,0.078,14,56,0.0,0.16326530612244897,39,9,5,0,39,1|1|10|4|10|6|10,hub_localized,1225
fully-connected,50,0.01,0.03,0.0,0.2,0.1,3.0,0.3,0.078,15,57,0.0,0.14285714285714285,38,9,38,0,38,1|10|4|10|6|11,hub_localized,1225
fully-connected,50,0.01,0.03,0.0,0.2,0.1,3.0,0.3,0.078,16,58,0.0,0.14285714285714285,37,9,38,0,37,1|10|4|10|6|12,hub_localized,1225
fully-connected,50,0.01,0.03,0.0,0.2,0.1,3.0,0.3,0.078,17,59,0.0,0.12244897959183673,36,9,75,0,36,10|4|10|6|13,hub_localized,1225
fully-connected,50,0.01,0.03,0.0,0.2,0.1,3.0,0.3,0.078,18,60,0.0,0.12244897959183673,35,9,75,0,35,10|4|10|6|14,hub_localized,1225
fully-connected,50,0.01,0.03,0.0,0.2,0.1,3.0,0.3,0.078,19,61,0.0,0.12244897959183673,34,9,75,0,34,9|4|10|6|15,hub_localized,1225
fully-connected,50,0.01,0.03,0.0,0.2,0.1,3.0,0.3,0.078,20,62,0.0,0.12244897959183673,33,9,75,0,33,8|4|10|6|16,hub_localized,1225
fully-connected,50,0.01,0.03,0.0,0.2,0.1,3.0,0.3,0.078,21,63,0.0,0.12244897959183673,32,9,75,0,32,7|4|10|6|17,hub_localized,1225
fully-connected,50,0.01,0.03,0.0,0.2,0.1,3.0,0.3,0.078,22,64,0.0,0.14285714285714285,49,9,1,0,49,6|4|10|6|17,hub_localized,1225
fully-connected,50,0.01,0.03,0.0,0.2,0.1,3.0,0.3,0.078,23,65,0.0,0.14285714285714285,48,9,3,0,48,5|4|10|6|17|1,hub_localized,1225
fully-connected,50,0.01,0.03,0.0,0.2,0.1,3.0,0.3,0.078,24,66,0.0,0.14285714285714285,47,9,3,0,47,4|4|10|6|17|2,hub_localized,1225
fully-connected,50,0.01,0.03,0.0,0.2,0.1,3.0,0.3,0.078,25,67,0.0,0.14285714285714285,46,9,1,0,46,2|4|10|6|17|3,hub_localized,1225
fully-connected,50,0.01,0.03,0.0,0.2,0.1,3.0,0.3,0.078,26,68,0.0,0.14285714285714285,45,9,1,0,45,1|4|10|6|17|4,hub_localized,1225
fully-connected,50,0.01,0.03,0.0,0.2,0.1,3.0,0.3,0.078,27,69,0.0,0.14285714285714285,44,9,1,0,44,1|4|10|6|17|5,hub_localized,1225
fully-connected,50,0.01,0.03,0.0,0.2,0.1,3.0,0.3,0.078,28,70,0.0,0.12244897959183673,43,9,1,0,43,4|10|6|17|6,hub_localized,1225
fully-connected,50,0.01,0.03,0.0,0.2,0.1,3.0,0.3,0.078,29,71,0.0,0.12244897959183673,42,9,3,0,42,3|10|6|17|7,hub_localized,1225
fully-connected,50,0.01,0.03,0.0,0.2,0.1,3.0,0.3,0.078,30,72,0.0,0.12244897959183673,41,9,1,0,41,2|10|6|17|8,hub_localized,1225
fully-connected,50,0.01,0.03,0.0,0.2,0.1,3.0,0.3,0.078,31,73,0.0,0.12244897959183673,40,9,3,0,40,2|10|6|17|9,hub_localized,1225
fully-connected,50,0.01,0.03,0.0,0.2,0.1,3.0,0.3,0.078,32,74,0.0,0.12244897959183673,39,9,1,0,39,10|6|17|10,hub_localized,1225
fully-connected,50,0.01,0.03,0.0,0.2,0.1,3.0,0.3,0.078,33,75,0.0,0.10204081632653061,38,9,1,0,38,10|6|17|11,hub_localized,1225
fully-connected,50,0.01,0.03,0.0,0.2,0.1,3.0,0.3,0.078,34,76,0.0,0.08163265306122448,37,9,1,0,37,10|6|17|12,hub_localized,1225
fully-connected,50,0.01,0.03,0.0,0.2,0.1,3.0,0.3,0.078,35,77,0.0,0.061224489795918366,36,9,1,0,36,10|6|17|13,hub_localized,1225
fully-connected,50,0.01,0.03,0.0,0.2,0.1,3.0,0.3,0.078,36,78,0.0,0.061224489795918366,35,9,1,0,35,9|6|17|14,hub_localized,1225
fully-connected,50,0.01,0.03,0.0,0.2,0.1,3.0,0.3,0.078,37,79,0.0,0.08163265306122448,49,9,1,0,49,9|6|17|14,hub_localized,1225
fully-connected,50,0.01,0.03,0.0,0.2,0.1,3.0,0.3,0.078,38,80,0.0,0.061224489795918366,48,9,75,0,48,8|6|32|1,hub_localized,1225
fully-connected,50,0.01,0.03,0.0,0.2,0.1,3.0,0.3,0.078,39,81,0.0,0.08163265306122448,47,9,1,0,47,7|6|17|14|2,hub_localized,1225
fully-connected,50,0.01,0.03,0.0,0.2,0.1,3.0,0.3,0.078,40,82,0.0,0.08163265306122448,46,9,4,0,46,5|6|17|14|3,hub_localized,1225
fully-connected,50,0.01,0.03,0.0,0.2,0.1,3.0,0.3,0.078,41,83,0.0,0.08163265306122448,45,9,1,0,45,5|6|17|14|4,hub_localized,1225
fully-connected,50,0.01,0.03,0.0,0.2,0.1,3.0,0.3,0.078,42,84,0.0,0.08163265306122448,44,9,3,0,44,3|6|17|14|5,hub_localized,1225
fully-connected,50,0.01,0.03,0.0,0.2,0.1,3.0,0.3,0.078,43,85,0.0,0.08163265306122448,43,9,1,0,43,2|6|17|14|6,hub_localized,1225
fully-connected,50,0.01,0.03,0.0,0.2,0.1,3.0,0.3,0.078,44,86,0.0,0.08163265306122448,42,9,3,0,42,2|6|17|14|7,hub_localized,1225
fully-connected,50,0.01,0.03,0.0,0.2,0.1,3.0,0.3,0.078,45,87,0.0,0.08163265306122448,41,9,1,0,41,1|6|17|14|8,hub_localized,1225
fully-connected,50,0.01,0.03,0.0,0.2,0.1,3.0,0.3,0.078,46,88,0.0,0.061224489795918366,40,8,4,0,40,6|17|14|9,hub_localized,1225
fully-connected,50,0.01,0.03,0.0,0.2,0.1,3.0,0.3,0.078,47,89,0.0,0.061224489795918366,39,8,3,0,39,5|17|14|10,hub_localized,1225
fully-connected,50,0.01,0.03,0.0,0.2,0.1,3.0,0.3,0.078,48,90,0.0,0.08163265306122448,49,8,1,0,49,4|17|14|10,hub_localized,1225
fully-connected,50,0.01,0.03,0.0,0.2,0.1,3.0,0.3,0.078,49,91,0.0,0.08163265306122448,48,8,1,0,48,3|17|14|10|1,hub_localized,1225
fully-connected,50,0.01,0.03,0.0,0.2,0.1,3.0,0.3,0.08,0,42,0.0,0.16326530612244897,46,9,4,0,46,3|4|5|12|4|10|3,hub_localized,1225
fully-connected,50,0.01,0.03,0.0,0.2,0.1,3.0,0.3,0.08,1,43,0.0,0.14285714285714285,45,9,5,0,45,2|10|12|4|10|4,hub_localized,1225
fully-connected,50,0.01,0.03,0.0,0.2,0.1,3.0,0.3,0.08,2,44,0.0,0.14285714285714285,44,9,5,0,44,2|10|12|4|10|5,hub_localized,1225
fully-connected,50,0.01,0.03,0.0,0.2,0.1,3.0,0.3,0.08,3,45,0.0,0.14285714285714285,43,9,4,0,43,1|10|12|4|10|6,hub_localized,1225
fully-connected,50,0.01,0.03,0.0,0.2,0.1,3.0,0.3,0.08,4,46,0.0,0.14285714285714285,49,9,5,0,49,10|12|4|10|6,hub_localized,1225
fully-connected,50,0.01,0.03,0.0,0.2,0.1,3.0,0.3,0.08,5,47,0.0,0.16326530612244897,48,9,5,0,48,3|5|12|4|10|6|1,hub_localized,1225
fully-connected,50,0.01,0.03,0.0,0.2,0.1,3.0,0.3,0.08,6,48,0.0,0.14285714285714285,47,9,4,0,47,9|12|4|10|6|2,hub_localized,1225
fully-connected,50,0.01,0.03,0.0,0.2,0.1,3.0,0.3,0.08,7,49,0.0,0.14285714285714285,46,9,5,0,46,7|12|4|10|6|3,hub_localized,1225
fully-connected,50,0.01,0.03,0.0,0.2,0.1,3.0,0.3,0.08,8,50,0.0,0.16326530612244897,45,9,5,0,45,1|5|12|4|10|6|4,hub_localized,1225
fully-connected,50,0.01,0.03,0.0,0.2,0.1,3.0,0.3,0.08,9,51,0.0,0.14285714285714285,44,9,5,0,44,5|12|4|10|6|5,hub_localized,1225
fully-connected,50,0.01,0.03,0.0,0.2,0.1,3.0,0.3,0.08,10,52,0.0,0.12244897959183673,43,9,75,0,43,17|4|10|6|6,hub_localized,1225
fully-connected,50,0.01,0.03,0.0,0.2,0.1,3.0,0.3,0.08,11,53,0.0,0.14285714285714285,42,9,5,0,42,3|12|4|10|6|7,hub_localized,1225
fully-connected,50,0.01,0.03,0.0,0.2,0.1,3.0,0.3,0.08,12,54,0.0,0.12244897959183673,41,9,75,0,41,16|4|10|6|8,hub_localized,1225
fully-connected,50,0.01,0.03,0.0,0.2,0.1,3.0,0.3,0.08,13,55,0.0,0.12244897959183673,40,9,75,0,40,14|4|10|6|9,hub_localized,1225
fully-connected,50,0.01,0.03,0.0,0.2,0.1,3.0,0.3,0.08,14,56,0.0,0.14285714285714285,39,9,5,0,39,1|12|4|10|6|10,hub_localized,1225
fully-connected,50,0.01,0.03,0.0,0.2,0.1,3.0,0.3,0.08,15,57,0.0,0.12244897959183673,38,9,75,0,38,12|4|10|6|11,hub_localized,1225
fully-connected,50,0.01,0.03,0.0,0.2,0.1,3.0,0.3,0.08,16,58,0.0,0.12244897959183673,37,9,75,0,37,12|4|10|6|12,hub_localized,1225
fully-connected,50,0.01,0.03,0.0,0.2,0.1,3.0,0.3,0.08,17,59,0.0,0.12244897959183673,36,9,75,0,36,10|4|10|6|13,hub_localized,1225
fully-connected,50,0.01,0.03,0.0,0.2,0.1,3.0,0.3,0.08,18,60,0.0,0.12244897959183673,35,9,75,0,35,10|4|10|6|14,hub_localized,1225
fully-connected,50,0.01,0.03,0.0,0.2,0.1,3.0,0.3,0.08,19,61,0.0,0.12244897959183673,34,9,75,0,34,9|4|10|6|15,hub_localized,1225
fully-connected,50,0.01,0.03,0.0,0.2,0.1,3.0,0.3,0.08,20,62,0.0,0.12244897959183673,33,9,75,0,33,8|4|10|6|16,hub_localized,1225
fully-connected,50,0.01,0.03,0.0,0.2,0.1,3.0,0.3,0.08,21,63,0.0,0.12244897959183673,32,9,75,0,32,7|4|10|6|17,hub_localized,1225
fully-connected,50,0.01,0.03,0.0,0.2,0.1,3.0,0.3,0.08,22,64,0.0,0.14285714285714285,49,9,1,0,49,6|4|10|6|17,hub_localized,1225
fully-connected,50,0.01,0.03,0.0,0.2,0.1,3.0,0.3,0.08,23,65,0.0,0.14285714285714285,48,9,3,0,48,5|4|10|6|17|1,hub_localized,1225
fully-connected,50,0.01,0.03,0.0,0.2,0.1,3.0,0.3,0.08,24,66,0.0,0.14285714285714285,47,9,4,0,47,4|4|10|6|17|2,hub_localized,1225
fully-connected,50,0.01,0.03,0.0,0.2,0.1,3.0,0.3,0.08,25,67,0.0,0.14285714285714285,46,9,1,0,46,2|4|10|6|17|3,hub_localized,1225
fully-connected,50,0.01,0.03,0.0,0.2,0.1,3.0,0.3,0.08,26,68,0.0,0.14285714285714285,45,9,1,0,45,1|4|10|6|17|4,hub_localized,1225
fully-connected,50,0.01,0.03,0.0,0.2,0.1,3.0,0.3,0.08,27,69,0.0,0.14285714285714285,44,9,1,0,44,1|4|10|6|17|5,hub_localized,1225
fully-connected,50,0.01,0.03,0.0,0.2,0.1,3.0,0.3,0.08,28,70,0.0,0.12244897959183673,43,9,1,0,43,4|10|6|17|6,hub_localized,1225
fully-connected,50,0.01,0.03,0.0,0.2,0.1,3.0,0.3,0.08,29,71,0.0,0.12244897959183673,42,9,4,0,42,3|10|6|17|7,hub_localized,1225
fully-connected,50,0.01,0.03,0.0,0.2,0.1,3.0,0.3,0.08,30,72,0.0,0.12244897959183673,41,9,1,0,41,2|10|6|17|8,hub_localized,1225
fully-connected,50,0.01,0.03,0.0,0.2,0.1,3.0,0.3,0.08,31,73,0.0,0.12244897959183673,40,9,3,0,40,2|10|6|17|9,hub_localized,1225
fully-connected,50,0.01,0.03,0.0,0.2,0.1,3.0,0.3,0.08,32,74,0.0,0.12244897959183673,39,9,1,0,39,10|6|17|10,hub_localized,1225
fully-connected,50,0.01,0.03,0.0,0.2,0.1,3.0,0.3,0.08,33,75,0.0,0.10204081632653061,38,9,1,0,38,10|6|17|11,hub_localized,1225
fully-connected,50,0.01,0.03,0.0,0.2,0.1,3.0,0.3,0.08,34,76,0.0,0.08163265306122448,37,9,1,0,37,10|6|17|12,hub_localized,1225
fully-connected,50,0.01,0.03,0.0,0.2,0.1,3.0,0.3,0.08,35,77,0.0,0.061224489795918366,36,9,1,0,36,10|6|17|13,hub_localized,1225
fully-connected,50,0.01,0.03,0.0,0.2,0.1,3.0,0.3,0.08,36,78,0.0,0.061224489795918366,35,9,1,0,35,9|6|17|14,hub_localized,1225
fully-connected,50,0.01,0.03,0.0,0.2,0.1,3.0,0.3,0.08,37,79,0.0,0.08163265306122448,49,9,1,0,49,9|6|17|14,hub_localized,1225
fully-connected,50,0.01,0.03,0.0,0.2,0.1,3.0,0.3,0.08,38,80,0.0,0.061224489795918366,48,9,75,0,48,8|6|32|1,hub_localized,1225
fully-connected,50,0.01,0.03,0.0,0.2,0.1,3.0,0.3,0.08,39,81,0.0,0.08163265306122448,47,9,1,0,47,7|6|17|14|2,hub_localized,1225
fully-connected,50,0.01,0.03,0.0,0.2,0.1,3.0,0.3,0.08,40,82,0.0,0.08163265306122448,46,9,4,0,46,5|6|17|14|3,hub_localized,1225
fully-connected,50,0.01,0.03,0.0,0.2,0.1,3.0,0.3,0.08,41,83,0.0,0.08163265306122448,45,9,1,0,45,5|6|17|14|4,hub_localized,1225
fully-connected,50,0.01,0.03,0.0,0.2,0.1,3.0,0.3,0.08,42,84,0.0,0.08163265306122448,44,9,3,0,44,3|6|17|14|5,hub_localized,1225
fully-connected,50,0.01,0.03,0.0,0.2,0.1,3.0,0.3,0.08,43,85,0.0,0.08163265306122448,43,9,1,0,43,2|6|17|14|6,hub_localized,1225
fully-connected,50,0.01,0.03,0.0,0.2,0.1,3.0,0.3,0.08,44,86,0.0,0.08163265306122448,42,9,3,0,42,2|6|17|14|7,hub_localized,1225
fully-connected,50,0.01,0.03,0.0,0.2,0.1,3.0,0.3,0.08,45,87,0.0,0.08163265306122448,41,9,1,0,41,1|6|17|14|8,hub_localized,1225
fully-connected,50,0.01,0.03,0.0,0.2,0.1,3.0,0.3,0.08,46,88,0.0,0.061224489795918366,40,8,4,0,40,6|17|14|9,hub_localized,1225
fully-connected,50,0.01,0.03,0.0,0.2,0.1,3.0,0.3,0.08,47,89,0.0,0.061224489795918366,39,8,3,0,39,5|17|14|10,hub_localized,1225
fully-connected,50,0.01,0.03,0.0,0.2,0.1,3.0,0.3,0.08,48,90,0.0,0.08163265306122448,49,8,1,0,49,4|17|14|10,hub_localized,1225
fully-connected,50,0.01,0.03,0.0,0.2,0.1,3.0,0.3,0.08,49,91,0.0,0.08163265306122448,48,8,1,0,48,3|17|14|10|1,hub_localized,1225
fully-connected,50,0.01,0.03,0.0,0.2,0.1,3.0,0.3,0.082,0,42,0.0,0.1836734693877551,47,9,4,0,47,3|4|5|12|4|10|2,hub_localized,1225
fully-connected,50,0.01,0.03,0.0,0.2,0.1,3.0,0.3,0.082,1,43,0.0,0.1836734693877551,46,9,5,0,46,2|4|5|12|4|10|3,hub_localized,1225
fully-connected,50,0.01,0.03,0.0,0.2,0.1,3.0,0.3,0.082,2,44,0.0,0.1836734693877551,45,9,5,0,45,2|4|5|12|4|10|4,hub_localized,1225
fully-connected,50,0.01,0.03,0.0,0.2,0.1,3.0,0.3,0.082,3,45,0.0,0.1836734693877551,44,9,4,0,44,1|4|5|12|4|10|5,hub_localized,1225
fully-connected,50,0.01,0.03,0.0,0.2,0.1,3.0,0.3,0.082,4,46,0.0,0.1836734693877551,49,9,5,0,49,4|5|12|4|10|5,hub_localized,1225
fully-connected,50,0.01,0.03,0.0,0.2,0.1,3.0,0.3,0.082,5,47,0.0,0.1836734693877551,48,9,5,0,48,3|5|12|4|10|5|1,hub_localized,1225
fully-connected,50,0.01,0.03,0.0,0.2,0.1,3.0,0.3,0.082,6,48,0.0,0.1836734693877551,47,9,4,0,47,3|5|12|4|10|5|2,hub_localized,1225
fully-connected,50,0.01,0.03,0.0,0.2,0.1,3.0,0.3,0.082,7,49,0.0,0.1836734693877551,46,9,5,0,46,1|5|12|4|10|5|3,hub_localized,1225
fully-connected,50,0.01,0.03,0.0,0.2,0.1,3.0,0.3,0.082,8,50,0.0,0.1836734693877551,45,9,5,0,45,1|5|12|4|10|5|4,hub_localized,1225
fully-connected,50,0.01,0.03,0.0,0.2,0.1,3.0,0.3,0.082,9,51,0.0,0.16326530612244897,44,9,6,0,44,5|12|4|10|5|5,hub_localized,1225
fully-connected,50,0.01,0.03,0.0,0.2,0.1,3.0,0.3,0.082,10,52,0.0,0.14285714285714285,43,9,75,0,43,17|4|10|5|6,hub_localized,1225
fully-connected,50,0.01,0.03,0.0,0.2,0.1,3.0,0.3,0.082,11,53,0.0,0.16326530612244897,42,9,5,0,42,3|12|4|10|5|7,hub_localized,1225
fully-connected,50,0.01,0.03,0.0,0.2,0.1,3.0,0.3,0.082,12,54,0.0,0.14285714285714285,41,9,75,0,41,16|4|10|5|8,hub_localized,1225
fully-connected,50,0.01,0.03,0.0,0.2,0.1,3.0,0.3,0.082,13,55,0.0,0.14285714285714285,40,9,75,0,40,14|4|10|5|9,hub_localized,1225
fully-connected,50,0.01,0.03,0.0,0.2,0.1,3.0,0.3,0.082,14,56,0.0,0.14285714285714285,39,9,5,0,39,1|12|4|10|6|10,hub_localized,1225
fully-connected,50,0.01,0.03,0.0,0.2,0.1,3.0,0.3,0.082,15,57,0.0,0.14285714285714285,38,9,75,0,38,12|4|10|5|11,hub_localized,1225
fully-connected,50,0.01,0.03,0.0,0.2,0.1,3.0,0.3,0.082,16,58,0.0,0.12244897959183673,37,9,75,0,37,12|4|10|6|12,hub_localized,1225
fully-connected,50,0.01,0.03,0.0,0.2,0.1,3.0,0.3,0.082,17,59,0.0,0.14285714285714285,36,9,75,0,36,10|4|10|5|13,hub_localized,1225
fully-connected,50,0.01,0.03,0.0,0.2,0.1,3.0,0.3,0.082,18,60,0.0,0.14285714285714285,35,9,75,0,35,10|4|10|5|14,hub_localized,1225
fully-connected,50,0.01,0.03,0.0,0.2,0.1,3.0,0.3,0.082,19,61,0.0,0.14285714285714285,34,9,48,0,34,6|2|4|10|6|15,hub_localized,1225
fully-connected,50,0.01,0.03,0.0,0.2,0.1,3.0,0.3,0.082,20,62,0.0,0.14285714285714285,33,9,75,0,33,8|4|10|5|16,hub_localized,1225
fully-connected,50,0.01,0.03,0.0,0.2,0.1,3.0,0.3,0.082,21,63,0.0,0.14285714285714285,32,9,75,0,32,7|4|10|5|17,hub_localized,1225
fully-connected,50,0.01,0.03,0.0,0.2,0.1,3.0,0.3,0.082,22,64,0.0,0.16326530612244897,49,9,1,0,49,6|4|10|5|17,hub_localized,1225
fully-connected,50,0.01,0.03,0.0,0.2,0.1,3.0,0.3,0.082,23,65,0.0,0.1836734693877551,48,9,3,0,48,2|2|4|10|5|17|1,hub_localized,1225
fully-connected,50,0.01,0.03,0.0,0.2,0.1,3.0,0.3,0.082,24,66,0.0,0.14285714285714285,47,9,4,0,47,4|4|10|6|17|2,hub_localized,1225
fully-connected,50,0.01,0.03,0.0,0.2,0.1,3.0,0.3,0.082,25,67,0.0,0.14285714285714285,46,9,1,0,46,2|4|10|6|17|3,hub_localized,1225
fully-connected,50,0.01,0.03,0.0,0.2,0.1,3.0,0.3,0.082,26,68,0.0,0.14285714285714285,45,9,1,0,45,1|4|10|6|17|4,hub_localized,1225
fully-connected,50,0.01,0.03,0.0,0.2,0.1,3.0,0.3,0.082,27,69,0.0,0.16326530612244897,44,9,1,0,44,1|4|10|5|17|5,hub_localized,1225
fully-connected,50,0.01,0.03,0.0,0.2,0.1,3.0,0.3,0.082,28,70,0.0,0.14285714285714285,43,9,1,0,43,4|10|5|17|6,hub_localized,1225
fully-connected,50,0.01,0.03,0.0,0.2,0.1,3.0,0.3,0.082,29,71,0.0,0.14285714285714285,42,9,4,0,42,3|10|5|17|7,hub_localized,1225
fully-connected,50,0.01,0.03,0.0,0.2,0.1,3.0,0.3,0.082,30,72,0.0,0.12244897959183673,41,9,1,0,41,2|10|6|17|8,hub_localized,1225
fully-connected,50,0.01,0.03,0.0,0.2,0.1,3.0,0.3,0.082,31,73,0.0,0.14285714285714285,40,9,3,0,40,2|10|5|17|9,hub_localized,1225
fully-connected,50,0.01,0.03,0.0,0.2,0.1,3.0,0.3,0.082,32,74,0.0,0.14285714285714285,39,9,1,0,39,10|5|17|10,hub_localized,1225
fully-connected,50,0.01,0.03,0.0,0.2,0.1,3.0,0.3,0.082,33,75,0.0,0.10204081632653061,38,9,1,0,38,10|6|17|11,hub_localized,1225
fully-connected,50,0.01,0.03,0.0,0.2,0.1,3.0,0.3,0.082,34,76,0.0,0.10204081632653061,37,9,1,0,37,10|5|17|12,hub_localized,1225
fully-connected,50,0.01,0.03,0.0,0.2,0.1,3.0,0.3,0.082,35,77,0.0,0.08163265306122448,36,9,1,0,36,10|5|17|13,hub_localized,1225
fully-connected,50,0.01,0.03,0.0,0.2,0.1,3.0,0.3,0.082,36,78,0.0,0.061224489795918366,35,9,1,0,35,9|6|17|14,hub_localized,1225
fully-connected,50,0.01,0.03,0.0,0.2,0.1,3.0,0.3,0.082,37,79,0.0,0.08163265306122448,49,9,1,0,49,9|6|17|14,hub_localized,1225
fully-connected,50,0.01,0.03,0.0,0.2,0.1,3.0,0.3,0.082,38,80,0.0,0.061224489795918366,48,9,75,0,48,8|6|32|1,hub_localized,1225
fully-connected,50,0.01,0.03,0.0,0.2,0.1,3.0,0.3,0.082,39,81,0.0,0.10204081632653061,47,9,1,0,47,7|5|17|14|2,hub_localized,1225
fully-connected,50,0.01,0.03,0.0,0.2,0.1,3.0,0.3,0.082,40,82,0.0,0.08163265306122448,46,9,4,0,46,5|6|17|14|3,hub_localized,1225
fully-connected,50,0.01,0.03,0.0,0.2,0.1,3.0,0.3,0.082,41,83,0.0,0.10204081632653061,45,9,1,0,45,5|5|17|14|4,hub_localized,1225
fully-connected,50,0.01,0.03,0.0,0.2,0.1,3.0,0.3,0.082,42,84,0.0,0.10204081632653061,44,9,4,0,44,3|5|17|14|5,hub_localized,1225
fully-connected,50,0.01,0.03,0.0,0.2,0.1,3.0,0.3,0.082,43,85,0.0,0.08163265306122448,43,9,1,0,43,2|6|17|14|6,hub_localized,1225
fully-connected,50,0.01,0.03,0.0,0.2,0.1,3.0,0.3,0.082,44,86,0.0,0.10204081632653061,42,9,3,0,42,2|5|17|14|7,hub_localized,1225
fully-connected,50,0.01,0.03,0.0,0.2,0.1,3.0,0.3,0.082,45,87,0.0,0.08163265306122448,41,9,1,0,41,1|6|17|14|8,hub_localized,1225
fully-connected,50,0.01,0.03,0.0,0.2,0.1,3.0,0.3,0.082,46,88,0.0,0.061224489795918366,40,6,112,0,40,5|32|9,hub_localized,1225
fully-connected,50,0.01,0.03,0.0,0.2,0.1,3.0,0.3,0.082,47,89,0.0,0.061224489795918366,39,8,3,0,39,5|17|14|10,hub_localized,1225
fully-connected,50,0.01,0.03,0.0,0.2,0.1,3.0,0.3,0.082,48,90,0.0,0.08163265306122448,49,8,1,0,49,4|17|14|10,hub_localized,1225
fully-connected,50,0.01,0.03,0.0,0.2,0.1,3.0,0.3,0.082,49,91,0.0,0.08163265306122448,48,8,1,0,48,3|17|14|10|1,hub_localized,1225
fully-connected,50,0.01,0.03,0.0,0.2,0.1,3.0,0.3,0.084,0,42,0.0,0.16326530612244897,47,11,4,0,47,3|4|5|12|4|1|10|2,hub_localized,1225
fully-connected,50,0.01,0.03,0.0,0.2,0.1,3.0,0.3,0.084,1,43,0.0,0.16326530612244897,46,11,5,0,46,2|4|5|12|4|1|10|3,hub_localized,1225
fully-connected,50,0.01,0.03,0.0,0.2,0.1,3.0,0.3,0.084,2,44,0.0,0.16326530612244897,45,11,5,0,45,2|4|5|12|4|1|10|4,hub_localized,1225
fully-connected,50,0.01,0.03,0.0,0.2,0.1,3.0,0.3,0.084,3,45,0.0,0.16326530612244897,44,11,4,0,44,1|4|5|12|4|1|10|5,hub_localized,1225
fully-connected,50,0.01,0.03,0.0,0.2,0.1,3.0,0.3,0.084,4,46,0.0,0.16326530612244897,49,11,5,0,49,4|5|12|4|1|10|5,hub_localized,1225
fully-connected,50,0.01,0.03,0.0,0.2,0.1,3.0,0.3,0.084,5,47,0.0,0.16326530612244897,48,11,5,0,48,3|5|12|4|1|10|5|1,hub_localized,1225
fully-connected,50,0.01,0.03,0.0,0.2,0.1,3.0,0.3,0.084,6,48,0.0,0.16326530612244897,47,11,4,0,47,3|5|12|4|1|10|5|2,hub_localized,1225
fully-connected,50,0.01,0.03,0.0,0.2,0.1,3.0,0.3,0.084,7,49,0.0,0.16326530612244897,46,11,5,0,46,1|5|12|4|1|10|5|3,hub_localized,1225
fully-connected,50,0.01,0.03,0.0,0.2,0.1,3.0,0.3,0.084,8,50,0.0,0.16326530612244897,45,11,5,0,45,1|5|12|4|1|10|5|4,hub_localized,1225
fully-connected,50,0.01,0.03,0.0,0.2,0.1,3.0,0.3,0.084,9,51,0.0,0.14285714285714285,44,11,6,0,44,5|12|4|1|10|5|5,hub_localized,1225
fully-connected,50,0.01,0.03,0.0,0.2,0.1,3.0,0.3,0.084,10,52,0.0,0.12244897959183673,43,11,76,0,43,17|4|1|10|5|6,hub_localized,1225
fully-connected,50,0.01,0.03,0.0,0.2,0.1,3.0,0.3,0.084,11,53,0.0,0.14285714285714285,42,11,5,0,42,3|12|4|1|10|5|7,hub_localized,1225
fully-connected,50,0.01,0.03,0.0,0.2,0.1,3.0,0.3,0.084,12,54,0.0,0.12244897959183673,41,11,76,0,41,16|4|1|10|5|8,hub_localized,1225
fully-connected,50,0.01,0.03,0.0,0.2,0.1,3.0,0.3,0.084,13,55,0.0,0.12244897959183673,40,11,76,0,40,14|4|1|10|5|9,hub_localized,1225
fully-connected,50,0.01,0.03,0.0,0.2,0.1,3.0,0.3,0.084,14,56,0.0,0.14285714285714285,39,11,5,0,39,1|12|4|1|10|5|10,hub_localized,1225
fully-connected,50,0.01,0.03,0.0,0.2,0.1,3.0,0.3,0.084,15,57,0.0,0.12244897959183673,38,11,76,0,38,12|4|1|10|5|11,hub_localized,1225
fully-connected,50,0.01,0.03,0.0,0.2,0.1,3.0,0.3,0.084,16,58,0.0,0.12244897959183673,37,11,76,0,37,12|4|1|10|5|12,hub_localized,1225
fully-connected,50,0.01,0.03,0.0,0.2,0.1,3.0,0.3,0.084,17,59,0.0,0.12244897959183673,36,11,76,0,36,10|4|1|10|5|13,hub_localized,1225
fully-connected,50,0.01,0.03,0.0,0.2,0.1,3.0,0.3,0.084,18,60,0.0,0.12244897959183673,35,11,76,0,35,10|4|1|10|5|14,hub_localized,1225
fully-connected,50,0.01,0.03,0.0,0.2,0.1,3.0,0.3,0.084,19,61,0.0,0.12244897959183673,34,11,76,0,34,9|4|1|10|5|15,hub_localized,1225
fully-connected,50,0.01,0.03,0.0,0.2,0.1,3.0,0.3,0.084,20,62,0.0,0.12244897959183673,33,11,76,0,33,8|4|1|10|5|16,hub_localized,1225
fully-connected,50,0.01,0.03,0.0,0.2,0.1,3.0,0.3,0.084,21,63,0.0,0.12244897959183673,32,11,76,0,32,7|4|1|10|5|17,hub_localized,1225
fully-connected,50,0.01,0.03,0.0,0.2,0.1,3.0,0.3,0.084,22,64,0.0,0.14285714285714285,49,11,1,0,49,6|4|1|10|5|17,hub_localized,1225
fully-connected,50,0.01,0.03,0.0,0.2,0.1,3.0,0.3,0.084,23,65,0.0,0.14285714285714285,48,11,4,0,48,5|4|1|10|5|17|1,hub_localized,1225
fully-connected,50,0.01,0.03,0.0,0.2,0.1,3.0,0.3,0.084,24,66,0.0,0.14285714285714285,47,11,4,0,47,4|4|1|10|5|17|2,hub_localized,1225
fully-connected,50,0.01,0.03,0.0,0.2,0.1,3.0,0.3,0.084,25,67,0.0,0.14285714285714285,46,11,1,0,46,2|4|1|10|5|17|3,hub_localized,1225
fully-connected,50,0.01,0.03,0.0,0.2,0.1,3.0,0.3,0.084,26,68,0.0,0.14285714285714285,45,11,1,0,45,1|4|1|10|5|17|4,hub_localized,1225
fully-connected,50,0.01,0.03,0.0,0.2,0.1,3.0,0.3,0.084,27,69,0.0,0.14285714285714285,44,11,1,0,44,1|4|1|10|5|17|5,hub_localized,1225
fully-connected,50,0.01,0.03,0.0,0.2,0.1,3.0,0.3,0.084,28,70,0.0,0.12244897959183673,43,11,1,0,43,4|1|10|5|17|6,hub_localized,1225
fully-connected,50,0.01,0.03,0.0,0.2,0.1,3.0,0.3,0.084,29,71,0.0,0.12244897959183673,42,11,4,0,42,3|1|10|5|17|7,hub_localized,1225
fully-connected,50,0.01,0.03,0.0,0.2,0.1,3.0,0.3,0.084,30,72,0.0,0.12244897959183673,41,11,1,0,41,2|1|10|5|17|8,hub_localized,1225
fully-connected,50,0.01,0.03,0.0,0.2,0.1,3.0,0.3,0.084,31,73,0.0,0.12244897959183673,40,11,3,0,40,2|1|10|5|17|9,hub_localized,1225
fully-connected,50,0.01,0.03,0.0,0.2,0.1,3.0,0.3,0.084,32,74,0.0,0.12244897959183673,39,11,1,0,39,1|10|5|17|10,hub_localized,1225
fully-connected,50,0.01,0.03,0.0,0.2,0.1,3.0,0.3,0.084,33,75,0.0,0.10204081632653061,38,11,1,0,38,1|10|5|17|11,hub_localized,1225
fully-connected,50,0.01,0.03,0.0,0.2,0.1,3.0,0.3,0.084,34,76,0.0,0.10204081632653061,37,11,1,0,37,1|10|5|17|12,hub_localized,1225
fully-connected,50,0.01,0.03,0.0,0.2,0.1,3.0,0.3,0.084,35,77,0.0,0.08163265306122448,36,11,1,0,36,10|5|17|13,hub_localized,1225
fully-connected,50,0.01,0.03,0.0,0.2,0.1,3.0,0.3,0.084,36,78,0.0,0.08163265306122448,35,11,1,0,35,9|5|17|14,hub_localized,1225
fully-connected,50,0.01,0.03,0.0,0.2,0.1,3.0,0.3,0.084,37,79,0.0,0.10204081632653061,49,11,1,0,49,9|5|17|14,hub_localized,1225
fully-connected,50,0.01,0.03,0.0,0.2,0.1,3.0,0.3,0.084,38,80,0.0,0.08163265306122448,48,11,76,0,48,8|5|32|1,hub_localized,1225
fully-connected,50,0.01,0.03,0.0,0.2,0.1,3.0,0.3,0.084,39,81,0.0,0.10204081632653061,47,11,1,0,47,7|5|17|14|2,hub_localized,1225
fully-connected,50,0.01,0.03,0.0,0.2,0.1,3.0,0.3,0.084,40,82,0.0,0.10204081632653061,46,11,4,0,46,5|5|17|14|3,hub_localized,1225
fully-connected,50,0.01,0.03,0.0,0.2,0.1,3.0,0.3,0.084,41,83,0.0,0.10204081632653061,45,11,1,0,45,5|5|17|14|4,hub_localized,1225
fully-connected,50,0.01,0.03,0.0,0.2,0.1,3.0,0.3,0.084,42,84,0.0,0.10204081632653061,44,11,4,0,44,3|5|17|14|5,hub_localized,1225
fully-connected,50,0.01,0.03,0.0,0.2,0.1,3.0,0.3,0.084,43,85,0.0,0.10204081632653061,43,11,1,0,43,2|5|17|14|6,hub_localized,1225
fully-connected,50,0.01,0.03,0.0,0.2,0.1,3.0,0.3,0.084,44,86,0.0,0.10204081632653061,42,11,3,0,42,2|5|17|14|7,hub_localized,1225
fully-connected,50,0.01,0.03,0.0,0.2,0.1,3.0,0.3,0.084,45,87,0.0,0.10204081632653061,41,11,1,0,41,1|5|17|14|8,hub_localized,1225
fully-connected,50,0.01,0.03,0.0,0.2,0.1,3.0,0.3,0.084,46,88,0.0,0.061224489795918366,40,5,113,0,40,5|32|9,hub_localized,1225
fully-connected,50,0.01,0.03,0.0,0.2,0.1,3.0,0.3,0.084,47,89,0.0,0.061224489795918366,39,8,3,0,39,5|17|14|10,hub_localized,1225
fully-connected,50,0.01,0.03,0.0,0.2,0.1,3.0,0.3,0.084,48,90,0.0,0.08163265306122448,49,8,1,0,49,4|17|14|10,hub_localized,1225
fully-connected,50,0.01,0.03,0.0,0.2,0.1,3.0,0.3,0.084,49,91,0.0,0.08163265306122448,48,8,1,0,48,3|17|14|10|1,hub_localized,1225
fully-connected,50,0.01,0.03,0.0,0.2,0.1,3.0,0.3,0.086,0,42,0.0,0.16326530612244897,47,8,4,0,47,3|4|5|12|4|1|10|2,hub_localized,1225
fully-connected,50,0.01,0.03,0.0,0.2,0.1,3.0,0.3,0.086,1,43,0.0,0.16326530612244897,46,8,6,0,46,2|4|5|12|4|1|10|3,hub_localized,1225
fully-connected,50,0.01,0.03,0.0,0.2,0.1,3.0,0.3,0.086,2,44,0.0,0.16326530612244897,45,8,5,0,45,2|4|5|12|4|1|10|4,hub_localized,1225
fully-connected,50,0.01,0.03,0.0,0.2,0.1,3.0,0.3,0.086,3,45,0.0,0.16326530612244897,44,8,4,0,44,1|4|5|12|4|1|10|5,hub_localized,1225
fully-connected,50,0.01,0.03,0.0,0.2,0.1,3.0,0.3,0.086,4,46,0.0,0.16326530612244897,49,8,5,0,49,4|5|12|4|1|10|5,hub_localized,1225
fully-connected,50,0.01,0.03,0.0,0.2,0.1,3.0,0.3,0.086,5,47,0.0,0.16326530612244897,48,8,5,0,48,3|5|12|4|1|10|5|1,hub_localized,1225
fully-connected,50,0.01,0.03,0.0,0.2,0.1,3.0,0.3,0.086,6,48,0.0,0.16326530612244897,47,8,5,0,47,3|5|12|4|1|10|5|2,hub_localized,1225
fully-connected,50,0.01,0.03,0.0,0.2,0.1,3.0,0.3,0.086,7,49,0.0,0.16326530612244897,46,8,5,0,46,1|5|12|4|1|10|5|3,hub_localized,1225
fully-connected,50,0.01,0.03,0.0,0.2,0.1,3.0,0.3,0.086,8,50,0.0,0.16326530612244897,45,8,5,0,45,1|5|12|4|1|10|5|4,hub_localized,1225
fully-connected,50,0.01,0.03,0.0,0.2,0.1,3.0,0.3,0.086,9,51,0.0,0.14285714285714285,44,8,6,0,44,5|12|4|1|10|5|5,hub_localized,1225
fully-connected,50,0.01,0.03,0.0,0.2,0.1,3.0,0.3,0.086,10,52,0.0,0.12244897959183673,43,8,102,0,43,17|4|1|10|5|6,hub_localized,1225
fully-connected,50,0.01,0.03,0.0,0.2,0.1,3.0,0.3,0.086,11,53,0.0,0.14285714285714285,42,8,5,0,42,3|12|4|1|10|5|7,hub_localized,1225
fully-connected,50,0.01,0.03,0.0,0.2,0.1,3.0,0.3,0.086,12,54,0.0,0.12244897959183673,41,8,76,0,41,16|4|1|10|5|8,hub_localized,1225
fully-connected,50,0.01,0.03,0.0,0.2,0.1,3.0,0.3,0.086,13,55,0.0,0.12244897959183673,40,8,102,0,40,14|4|1|10|5|9,hub_localized,1225
fully-connected,50,0.01,0.03,0.0,0.2,0.1,3.0,0.3,0.086,14,56,0.0,0.14285714285714285,39,8,6,0,39,1|12|4|1|10|5|10,hub_localized,1225
fully-connected,50,0.01,0.03,0.0,0.2,0.1,3.0,0.3,0.086,15,57,0.0,0.12244897959183673,38,8,102,0,38,12|4|1|10|5|11,hub_localized,1225
fully-connected,50,0.01,0.03,0.0,0.2,0.1,3.0,0.3,0.086,16,58,0.0,0.12244897959183673,37,8,102,0,37,12|4|1|10|5|12,hub_localized,1225
fully-connected,50,0.01,0.03,0.0,0.2,0.1,3.0,0.3,0.086,17,59,0.0,0.12244897959183673,36,8,102,0,36,10|4|1|10|5|13,hub_localized,1225
fully-connected,50,0.01,0.03,0.0,0.2,0.1,3.0,0.3,0.086,18,60,0.0,0.12244897959183673,35,8,102,0,35,10|4|1|10|5|14,hub_localized,1225
fully-connected,50,0.01,0.03,0.0,0.2,0.1,3.0,0.3,0.086,19,61,0.0,0.12244897959183673,34,8,102,0,34,9|4|1|10|5|15,hub_localized,1225
fully-connected,50,0.01,0.03,0.0,0.2,0.1,3.0,0.3,0.086,20,62,0.0,0.12244897959183673,33,8,102,0,33,8|4|1|10|5|16,hub_localized,1225
fully-connected,50,0.01,0.03,0.0,0.2,0.1,3.0,0.3,0.086,21,63,0.0,0.12244897959183673,32,8,102,0,32,7|4|1|10|5|17,hub_localized,1225
fully-connected,50,0.01,0.03,0.0,0.2,0.1,3.0,0.3,0.086,22,64,0.0,0.14285714285714285,49,8,1,0,49,6|4|1|10|5|17,hub_localized,1225
fully-connected,50,0.01,0.03,0.0,0.2,0.1,3.0,0.3,0.086,23,65,0.0,0.14285714285714285,48,8,4,0,48,5|4|1|10|5|17|1,hub_localized,1225
fully-connected,50,0.01,0.03,0.0,0.2,0.1,3.0,0.3,0.086,24,66,0.0,0.14285714285714285,47,8,4,0,47,4|4|1|10|5|17|2,hub_localized,1225
fully-connected,50,0.01,0.03,0.0,0.2,0.1,3.0,0.3,0.086,25,67,0.0,0.14285714285714285,46,8,1,0,46,2|4|1|10|5|17|3,hub_localized,1225
fully-connected,50,0.01,0.03,0.0,0.2,0.1,3.0,0.3,0.086,26,68,0.0,0.14285714285714285,45,8,1,0,45,1|4|1|10|5|17|4,hub_localized,1225
fully-connected,50,0.01,0.03,0.0,0.2,0.1,3.0,0.3,0.086,27,69,0.0,0.14285714285714285,44,8,1,0,44,1|4|1|10|5|17|5,hub_localized,1225
fully-connected,50,0.01,0.03,0.0,0.2,0.1,3.0,0.3,0.086,28,70,0.0,0.10204081632653061,43,8,1,0,43,4|1|10|6|17|6,hub_localized,1225
fully-connected,50,0.01,0.03,0.0,0.2,0.1,3.0,0.3,0.086,29,71,0.0,0.10204081632653061,42,8,4,0,42,3|1|10|6|17|7,hub_localized,1225
fully-connected,50,0.01,0.03,0.0,0.2,0.1,3.0,0.3,0.086,30,72,0.0,0.10204081632653061,41,8,1,0,41,2|1|10|6|17|8,hub_localized,1225
fully-connected,50,0.01,0.03,0.0,0.2,0.1,3.0,0.3,0.086,31,73,0.0,0.10204081632653061,40,8,3,0,40,2|1|10|6|17|9,hub_localized,1225
fully-connected,50,0.01,0.03,0.0,0.2,0.1,3.0,0.3,0.086,32,74,0.0,0.10204081632653061,39,8,1,0,39,1|10|6|17|10,hub_localized,1225
fully-connected,50,0.01,0.03,0.0,0.2,0.1,3.0,0.3,0.086,33,75,0.0,0.08163265306122448,38,8,1,0,38,1|10|6|17|11,hub_localized,1225
fully-connected,50,0.01,0.03,0.0,0.2,0.1,3.0,0.3,0.086,34,76,0.0,0.08163265306122448,37,8,1,0,37,1|10|6|17|12,hub_localized,1225
fully-connected,50,0.01,0.03,0.0,0.2,0.1,3.0,0.3,0.086,35,77,0.0,0.061224489795918366,36,8,1,0,36,10|6|17|13,hub_localized,1225
fully-connected,50,0.01,0.03,0.0,0.2,0.1,3.0,0.3,0.086,36,78,0.0,0.061224489795918366,35,8,1,0,35,9|6|17|14,hub_localized,1225
fully-connected,50,0.01,0.03,0.0,0.2,0.1,3.0,0.3,0.086,37,79,0.0,0.08163265306122448,49,8,1,0,49,9|6|17|14,hub_localized,1225
fully-connected,50,0.01,0.03,0.0,0.2,0.1,3.0,0.3,0.086,38,80,0.0,0.061224489795918366,48,8,113,0,48,8|6|32|1,hub_localized,1225
fully-connected,50,0.01,0.03,0.0,0.2,0.1,3.0,0.3,0.086,39,81,0.0,0.08163265306122448,47,8,1,0,47,7|6|17|14|2,hub_localized,1225
fully-connected,50,0.01,0.03,0.0,0.2,0.1,3.0,0.3,0.086,40,82,0.0,0.08163265306122448,46,8,4,0,46,5|6|17|14|3,hub_localized,1225
fully-connected,50,0.01,0.03,0.0,0.2,0.1,3.0,0.3,0.086,41,83,0.0,0.08163265306122448,45,8,1,0,45,5|6|17|14|4,hub_localized,1225
fully-connected,50,0.01,0.03,0.0,0.2,0.1,3.0,0.3,0.086,42,84,0.0,0.08163265306122448,44,8,4,0,44,3|6|17|14|5,hub_localized,1225
fully-connected,50,0.01,0.03,0.0,0.2,0.1,3.0,0.3,0.086,43,85,0.0,0.08163265306122448,43,8,1,0,43,2|6|17|14|6,hub_localized,1225
fully-connected,50,0.01,0.03,0.0,0.2,0.1,3.0,0.3,0.086,44,86,0.0,0.08163265306122448,42,8,4,0,42,2|6|17|14|7,hub_localized,1225
fully-connected,50,0.01,0.03,0.0,0.2,0.1,3.0,0.3,0.086,45,87,0.0,0.08163265306122448,41,8,1,0,41,1|6|17|14|8,hub_localized,1225
fully-connected,50,0.01,0.03,0.0,0.2,0.1,3.0,0.3,0.086,46,88,0.0,0.04081632653061224,40,5,113,0,40,6|32|9,hub_localized,1225
fully-connected,50,0.01,0.03,0.0,0.2,0.1,3.0,0.3,0.086,47,89,0.0,0.061224489795918366,39,8,3,0,39,5|17|14|10,hub_localized,1225
fully-connected,50,0.01,0.03,0.0,0.2,0.1,3.0,0.3,0.086,48,90,0.0,0.08163265306122448,49,8,1,0,49,4|17|14|10,hub_localized,1225
fully-connected,50,0.01,0.03,0.0,0.2,0.1,3.0,0.3,0.086,49,91,0.0,0.08163265306122448,48,8,1,0,48,4|17|14|10|1,hub_localized,1225
fully-connected,50,0.01,0.03,0.0,0.2,0.1,3.0,0.3,0.088,0,42,0.0,0.14285714285714285,46,8,4,0,46,3|4|5|12|4|1|10|3,hub_localized,1225
fully-connected,50,0.01,0.03,0.0,0.2,0.1,3.0,0.3,0.088,1,43,0.0,0.16326530612244897,46,8,6,0,46,2|4|5|12|4|1|10|3,hub_localized,1225
fully-connected,50,0.01,0.03,0.0,0.2,0.1,3.0,0.3,0.088,2,44,0.0,0.14285714285714285,44,8,5,0,44,2|4|5|12|4|1|10|5,hub_localized,1225
fully-connected,50,0.01,0.03,0.0,0.2,0.1,3.0,0.3,0.088,3,45,0.0,0.14285714285714285,43,8,4,0,43,1|4|5|12|4|1|10|6,hub_localized,1225
fully-connected,50,0.01,0.03,0.0,0.2,0.1,3.0,0.3,0.088,4,46,0.0,0.14285714285714285,49,8,5,0,49,4|5|12|4|1|10|6,hub_localized,1225
fully-connected,50,0.01,0.03,0.0,0.2,0.1,3.0,0.3,0.088,5,47,0.0,0.14285714285714285,48,8,6,0,48,3|5|12|4|1|10|6|1,hub_localized,1225
fully-connected,50,0.01,0.03,0.0,0.2,0.1,3.0,0.3,0.088,6,48,0.0,0.14285714285714285,47,8,5,0,47,3|5|12|4|1|10|6|2,hub_localized,1225
fully-connected,50,0.01,0.03,0.0,0.2,0.1,3.0,0.3,0.088,7,49,0.0,0.14285714285714285,46,8,5,0,46,1|5|12|4|1|10|6|3,hub_localized,1225
fully-connected,50,0.01,0.03,0.0,0.2,0.1,3.0,0.3,0.088,8,50,0.0,0.14285714285714285,45,8,5,0,45,1|5|12|4|1|10|6|4,hub_localized,1225
fully-connected,50,0.01,0.03,0.0,0.2,0.1,3.0,0.3,0.088,9,51,0.0,0.10204081632653061,44,8,102,0,44,18|4|1|10|6|5,hub_localized,1225
fully-connected,50,0.01,0.03,0.0,0.2,0.1,3.0,0.3,0.088,10,52,0.0,0.10204081632653061,43,8,102,0,43,17|4|1|10|6|6,hub_localized,1225
fully-connected,50,0.01,0.03,0.0,0.2,0.1,3.0,0.3,0.088,11,53,0.0,0.12244897959183673,42,8,5,0,42,3|12|4|1|10|6|7,hub_localized,1225
fully-connected,50,0.01,0.03,0.0,0.2,0.1,3.0,0.3,0.088,12,54,0.0,0.10204081632653061,41,8,102,0,41,16|4|1|10|6|8,hub_localized,1225
fully-connected,50,0.01,0.03,0.0,0.2,0.1,3.0,0.3,0.088,13,55,0.0,0.10204081632653061,40,8,102,0,40,14|4|1|10|6|9,hub_localized,1225
fully-connected,50,0.01,0.03,0.0,0.2,0.1,3.0,0.3,0.088,14,56,0.0,0.12244897959183673,39,8,6,0,39,1|12|4|1|10|6|10,hub_localized,1225
fully-connected,50,0.01,0.03,0.0,0.2,0.1,3.0,0.3,0.088,15,57,0.0,0.10204081632653061,38,8,102,0,38,12|4|1|10|6|11,hub_localized,1225
fully-connected,50,0.01,0.03,0.0,0.2,0.1,3.0,0.3,0.088,16,58,0.0,0.10204081632653061,37,8,102,0,37,12|4|1|10|6|12,hub_localized,1225
fully-connected,50,0.01,0.03,0.0,0.2,0.1,3.0,0.3,0.088,17,59,0.0,0.12244897959183673,36,8,102,0,36,10|4|1|10|5|13,hub_localized,1225
fully-connected,50,0.01,0.03,0.0,0.2,0.1,3.0,0.3,0.088,18,60,0.0,0.12244897959183673,35,8,102,0,35,10|4|1|10|5|14,hub_localized,1225
fully-connected,50,0.01,0.03,0.0,0.2,0.1,3.0,0.3,0.088,19,61,0.0,0.10204081632653061,34,8,102,0,34,9|4|1|10|6|15,hub_localized,1225
fully-connected,50,0.01,0.03,0.0,0.2,0.1,3.0,0.3,0.088,20,62,0.0,0.10204081632653061,33,8,102,0,33,8|4|1|10|6|16,hub_localized,1225
fully-connected,50,0.01,0.03,0.0,0.2,0.1,3.0,0.3,0.088,21,63,0.0,0.10204081632653061,32,8,102,0,32,7|4|1|10|6|17,hub_localized,1225
fully-connected,50,0.01,0.03,0.0,0.2,0.1,3.0,0.3,0.088,22,64,0.0,0.12244897959183673,49,8,1,0,49,6|4|1|10|6|17,hub_localized,1225
fully-connected,50,0.01,0.03,0.0,0.2,0.1,3.0,0.3,0.088,23,65,0.0,0.12244897959183673,48,8,4,0,48,5|4|1|10|6|17|1,hub_localized,1225
fully-connected,50,0.01,0.03,0.0,0.2,0.1,3.0,0.3,0.088,24,66,0.0,0.12244897959183673,47,8,4,0,47,4|4|1|10|6|17|2,hub_localized,1225
fully-connected,50,0.01,0.03,0.0,0.2,0.1,3.0,0.3,0.088,25,67,0.0,0.12244897959183673,46,8,1,0,46,2|4|1|10|6|17|3,hub_localized,1225
fully-connected,50,0.01,0.03,0.0,0.2,0.1,3.0,0.3,0.088,26,68,0.0,0.12244897959183673,45,8,1,0,45,1|4|1|10|6|17|4,hub_localized,1225
fully-connected,50,0.01,0.03,0.0,0.2,0.1,3.0,0.3,0.088,27,69,0.0,0.12244897959183673,44,8,1,0,44,1|4|1|10|6|17|5,hub_localized,1225
fully-connected,50,0.01,0.03,0.0,0.2,0.1,3.0,0.3,0.088,28,70,0.0,0.10204081632653061,43,8,1,0,43,4|1|10|6|17|6,hub_localized,1225
fully-connected,50,0.01,0.03,0.0,0.2,0.1,3.0,0.3,0.088,29,71,0.0,0.10204081632653061,42,8,4,0,42,3|1|10|6|17|7,hub_localized,1225
fully-connected,50,0.01,0.03,0.0,0.2,0.1,3.0,0.3,0.088,30,72,0.0,0.10204081632653061,41,8,1,0,41,2|1|10|6|17|8,hub_localized,1225
fully-connected,50,0.01,0.03,0.0,0.2,0.1,3.0,0.3,0.088,31,73,0.0,0.10204081632653061,40,8,3,0,40,2|1|10|6|17|9,hub_localized,1225
fully-connected,50,0.01,0.03,0.0,0.2,0.1,3.0,0.3,0.088,32,74,0.0,0.10204081632653061,39,8,1,0,39,1|10|6|17|10,hub_localized,1225
fully-connected,50,0.01,0.03,0.0,0.2,0.1,3.0,0.3,0.088,33,75,0.0,0.08163265306122448,38,8,1,0,38,1|10|6|17|11,hub_localized,1225
fully-connected,50,0.01,0.03,0.0,0.2,0.1,3.0,0.3,0.088,34,76,0.0,0.08163265306122448,37,8,1,0,37,1|10|6|17|12,hub_localized,1225
fully-connected,50,0.01,0.03,0.0,0.2,0.1,3.0,0.3,0.088,35,77,0.0,0.061224489795918366,36,8,1,0,36,10|6|17|13,hub_localized,1225
fully-connected,50,0.01,0.03,0.0,0.2,0.1,3.0,0.3,0.088,36,78,0.0,0.061224489795918366,35,8,1,0,35,9|6|17|14,hub_localized,1225
fully-connected,50,0.01,0.03,0.0,0.2,0.1,3.0,0.3,0.088,37,79,0.0,0.08163265306122448,49,8,1,0,49,9|6|17|14,hub_localized,1225
fully-connected,50,0.01,0.03,0.0,0.2,0.1,3.0,0.3,0.088,38,80,0.0,0.061224489795918366,48,8,113,0,48,8|6|32|1,hub_localized,1225
fully-connected,50,0.01,0.03,0.0,0.2,0.1,3.0,0.3,0.088,39,81,0.0,0.08163265306122448,47,8,1,0,47,7|6|17|14|2,hub_localized,1225
fully-connected,50,0.01,0.03,0.0,0.2,0.1,3.0,0.3,0.088,40,82,0.0,0.08163265306122448,46,8,4,0,46,5|6|17|14|3,hub_localized,1225
fully-connected,50,0.01,0.03,0.0,0.2,0.1,3.0,0.3,0.088,41,83,0.0,0.08163265306122448,45,8,1,0,45,5|6|17|14|4,hub_localized,1225
fully-connected,50,0.01,0.03,0.0,0.2,0.1,3.0,0.3,0.088,42,84,0.0,0.08163265306122448,44,8,4,0,44,3|6|17|14|5,hub_localized,1225
fully-connected,50,0.01,0.03,0.0,0.2,0.1,3.0,0.3,0.088,43,85,0.0,0.08163265306122448,43,8,1,0,43,2|6|17|14|6,hub_localized,1225
fully-connected,50,0.01,0.03,0.0,0.2,0.1,3.0,0.3,0.088,44,86,0.0,0.08163265306122448,42,8,4,0,42,2|6|17|14|7,hub_localized,1225
fully-connected,50,0.01,0.03,0.0,0.2,0.1,3.0,0.3,0.088,45,87,0.0,0.08163265306122448,41,8,1,0,41,1|6|17|14|8,hub_localized,1225
fully-connected,50,0.01,0.03,0.0,0.2,0.1,3.0,0.3,0.088,46,88,0.0,0.04081632653061224,40,5,113,0,40,6|32|9,hub_localized,1225
fully-connected,50,0.01,0.03,0.0,0.2,0.1,3.0,0.3,0.088,47,89,0.0,0.061224489795918366,39,5,3,0,39,5|17|14|10,hub_localized,1225
fully-connected,50,0.01,0.03,0.0,0.2,0.1,3.0,0.3,0.088,48,90,0.0,0.08163265306122448,49,8,1,0,49,4|17|14|10,hub_localized,1225
fully-connected,50,0.01,0.03,0.0,0.2,0.1,3.0,0.3,0.088,49,91,0.0,0.08163265306122448,48,8,1,0,48,4|17|14|10|1,hub_localized,1225
fully-connected,50,0.01,0.03,0.0,0.2,0.1,3.0,0.3,0.09,0,42,0.0,0.14285714285714285,46,8,5,0,46,3|4|5|12|4|1|10|3,hub_localized,1225
fully-connected,50,0.01,0.03,0.0,0.2,0.1,3.0,0.3,0.09,1,43,0.0,0.14285714285714285,45,8,6,0,45,2|4|5|12|4|1|10|4,hub_localized,1225
fully-connected,50,0.01,0.03,0.0,0.2,0.1,3.0,0.3,0.09,2,44,0.0,0.14285714285714285,44,8,5,0,44,2|4|5|12|4|1|10|5,hub_localized,1225
fully-connected,50,0.01,0.03,0.0,0.2,0.1,3.0,0.3,0.09,3,45,0.0,0.14285714285714285,43,8,4,0,43,1|4|5|12|4|1|10|6,hub_localized,1225
fully-connected,50,0.01,0.03,0.0,0.2,0.1,3.0,0.3,0.09,4,46,0.0,0.14285714285714285,49,8,5,0,49,4|5|12|4|1|10|6,hub_localized,1225
fully-connected,50,0.01,0.03,0.0,0.2,0.1,3.0,0.3,0.09,5,47,0.0,0.14285714285714285,48,8,6,0,48,3|5|12|4|1|10|6|1,hub_localized,1225
fully-connected,50,0.01,0.03,0.0,0.2,0.1,3.0,0.3,0.09,6,48,0.0,0.14285714285714285,47,8,5,0,47,3|5|12|4|1|10|6|2,hub_localized,1225
fully-connected,50,0.01,0.03,0.0,0.2,0.1,3.0,0.3,0.09,7,49,0.0,0.14285714285714285,46,8,5,0,46,1|5|12|4|1|10|6|3,hub_localized,1225
fully-connected,50,0.01,0.03,0.0,0.2,0.1,3.0,0.3,0.09,8,50,0.0,0.14285714285714285,45,8,5,0,45,1|5|12|4|1|10|6|4,hub_localized,1225
fully-connected,50,0.01,0.03,0.0,0.2,0.1,3.0,0.3,0.09,9,51,0.0,0.10204081632653061,44,8,102,0,44,18|4|1|10|6|5,hub_localized,1225
fully-connected,50,0.01,0.03,0.0,0.2,0.1,3.0,0.3,0.09,10,52,0.0,0.10204081632653061,43,8,102,0,43,17|4|1|10|6|6,hub_localized,1225
fully-connected,50,0.01,0.03,0.0,0.2,0.1,3.0,0.3,0.09,11,53,0.0,0.12244897959183673,42,8,6,0,42,3|12|4|1|10|6|7,hub_localized,1225
fully-connected,50,0.01,0.03,0.0,0.2,0.1,3.0,0.3,0.09,12,54,0.0,0.10204081632653061,41,8,102,0,41,16|4|1|10|6|8,hub_localized,1225
fully-connected,50,0.01,0.03,0.0,0.2,0.1,3.0,0.3,0.09,13,55,0.0,0.10204081632653061,40,8,102,0,40,14|4|1|10|6|9,hub_localized,1225
fully-connected,50,0.01,0.03,0.0,0.2,0.1,3.0,0.3,0.09,14,56,0.0,0.12244897959183673,39,8,6,0,39,1|12|4|1|10|6|10,hub_localized,1225
fully-connected,50,0.01,0.03,0.0,0.2,0.1,3.0,0.3,0.09,15,57,0.0,0.10204081632653061,38,8,102,0,38,12|4|1|10|6|11,hub_localized,1225
fully-connected,50,0.01,0.03,0.0,0.2,0.1,3.0,0.3,0.09,16,58,0.0,0.10204081632653061,37,8,102,0,37,12|4|1|10|6|12,hub_localized,1225
fully-connected,50,0.01,0.03,0.0,0.2,0.1,3.0,0.3,0.09,17,59,0.0,0.10204081632653061,36,8,102,0,36,10|4|1|10|6|13,hub_localized,1225
fully-connected,50,0.01,0.03,0.0,0.2,0.1,3.0,0.3,0.09,18,60,0.0,0.10204081632653061,35,8,102,0,35,10|4|1|10|6|14,hub_localized,1225
fully-connected,50,0.01,0.03,0.0,0.2,0.1,3.0,0.3,0.09,19,61,0.0,0.10204081632653061,34,8,102,0,34,9|4|1|10|6|15,hub_localized,1225
fully-connected,50,0.01,0.03,0.0,0.2,0.1,3.0,0.3,0.09,20,62,0.0,0.10204081632653061,33,8,102,0,33,8|4|1|10|6|16,hub_localized,1225
fully-connected,50,0.01,0.03,0.0,0.2,0.1,3.0,0.3,0.09,21,63,0.0,0.10204081632653061,32,8,102,0,32,7|4|1|10|6|17,hub_localized,1225
fully-connected,50,0.01,0.03,0.0,0.2,0.1,3.0,0.3,0.09,22,64,0.0,0.12244897959183673,49,8,1,0,49,6|4|1|10|6|17,hub_localized,1225
fully-connected,50,0.01,0.03,0.0,0.2,0.1,3.0,0.3,0.09,23,65,0.0,0.12244897959183673,48,8,4,0,48,5|4|1|10|6|17|1,hub_localized,1225
fully-connected,50,0.01,0.03,0.0,0.2,0.1,3.0,0.3,0.09,24,66,0.0,0.12244897959183673,47,8,4,0,47,4|4|1|10|6|17|2,hub_localized,1225
fully-connected,50,0.01,0.03,0.0,0.2,0.1,3.0,0.3,0.09,25,67,0.0,0.12244897959183673,46,8,1,0,46,2|4|1|10|6|17|3,hub_localized,1225
fully-connected,50,0.01,0.03,0.0,0.2,0.1,3.0,0.3,0.09,26,68,0.0,0.12244897959183673,45,8,1,0,45,1|4|1|10|6|17|4,hub_localized,1225
fully-connected,50,0.01,0.03,0.0,0.2,0.1,3.0,0.3,0.09,27,69,0.0,0.12244897959183673,44,8,1,0,44,1|4|1|10|6|17|5,hub_localized,1225
fully-connected,50,0.01,0.03,0.0,0.2,0.1,3.0,0.3,0.09,28,70,0.0,0.10204081632653061,43,8,1,0,43,4|1|10|6|17|6,hub_localized,1225
fully-connected,50,0.01,0.03,0.0,0.2,0.1,3.0,0.3,0.09,29,71,0.0,0.10204081632653061,42,8,4,0,42,3|1|10|6|17|7,hub_localized,1225
fully-connected,50,0.01,0.03,0.0,0.2,0.1,3.0,0.3,0.09,30,72,0.0,0.10204081632653061,41,8,1,0,41,2|1|10|6|17|8,hub_localized,1225
fully-connected,50,0.01,0.03,0.0,0.2,0.1,3.0,0.3,0.09,31,73,0.0,0.10204081632653061,40,8,3,0,40,2|1|10|6|17|9,hub_localized,1225
fully-connected,50,0.01,0.03,0.0,0.2,0.1,3.0,0.3,0.09,32,74,0.0,0.10204081632653061,39,8,1,0,39,1|10|6|17|10,hub_localized,1225
fully-connected,50,0.01,0.03,0.0,0.2,0.1,3.0,0.3,0.09,33,75,0.0,0.08163265306122448,38,8,1,0,38,1|10|6|17|11,hub_localized,1225
fully-connected,50,0.01,0.03,0.0,0.2,0.1,3.0,0.3,0.09,34,76,0.0,0.08163265306122448,37,8,1,0,37,1|10|6|17|12,hub_localized,1225
fully-connected,50,0.01,0.03,0.0,0.2,0.1,3.0,0.3,0.09,35,77,0.0,0.061224489795918366,36,8,1,0,36,10|6|17|13,hub_localized,1225
fully-connected,50,0.01,0.03,0.0,0.2,0.1,3.0,0.3,0.09,36,78,0.0,0.061224489795918366,35,8,1,0,35,9|6|17|14,hub_localized,1225
fully-connected,50,0.01,0.03,0.0,0.2,0.1,3.0,0.3,0.09,37,79,0.0,0.08163265306122448,49,8,1,0,49,9|6|17|14,hub_localized,1225
fully-connected,50,0.01,0.03,0.0,0.2,0.1,3.0,0.3,0.09,38,80,0.0,0.061224489795918366,48,8,113,0,48,8|6|32|1,hub_localized,1225
fully-connected,50,0.01,0.03,0.0,0.2,0.1,3.0,0.3,0.09,39,81,0.0,0.08163265306122448,47,8,1,0,47,7|6|17|14|2,hub_localized,1225
fully-connected,50,0.01,0.03,0.0,0.2,0.1,3.0,0.3,0.09,40,82,0.0,0.08163265306122448,46,8,4,0,46,5|6|17|14|3,hub_localized,1225
fully-connected,50,0.01,0.03,0.0,0.2,0.1,3.0,0.3,0.09,41,83,0.0,0.08163265306122448,45,8,1,0,45,5|6|17|14|4,hub_localized,1225
fully-connected,50,0.01,0.03,0.0,0.2,0.1,3.0,0.3,0.09,42,84,0.0,0.08163265306122448,44,8,4,0,44,3|6|17|14|5,hub_localized,1225
fully-connected,50,0.01,0.03,0.0,0.2,0.1,3.0,0.3,0.09,43,85,0.0,0.08163265306122448,43,8,1,0,43,2|6|17|14|6,hub_localized,1225
fully-connected,50,0.01,0.03,0.0,0.2,0.1,3.0,0.3,0.09,44,86,0.0,0.08163265306122448,42,8,4,0,42,2|6|17|14|7,hub_localized,1225
fully-connected,50,0.01,0.03,0.0,0.2,0.1,3.0,0.3,0.09,45,87,0.0,0.08163265306122448,41,8,1,0,41,1|6|17|14|8,hub_localized,1225
fully-connected,50,0.01,0.03,0.0,0.2,0.1,3.0,0.3,0.09,46,88,0.0,0.04081632653061224,40,5,113,0,40,6|32|9,hub_localized,1225
fully-connected,50,0.01,0.03,0.0,0.2,0.1,3.0,0.3,0.09,47,89,0.0,0.061224489795918366,39,5,3,0,39,5|17|14|10,hub_localized,1225
fully-connected,50,0.01,0.03,0.0,0.2,0.1,3.0,0.3,0.09,48,90,0.0,0.08163265306122448,49,8,1,0,49,4|17|14|10,hub_localized,1225
fully-connected,50,0.01,0.03,0.0,0.2,0.1,3.0,0.3,0.09,49,91,0.0,0.08163265306122448,48,8,1,0,48,4|17|14|10|1,hub_localized,1225
