disturbance_level,coupling_delay,trust_coupling,run_index,seed,node_a_final_stability,node_b_final_stability,node_a_stability_rate,node_b_stability_rate,node_a_failure,node_b_failure,node_a_recovered,node_b_recovered,node_a_final_trust,node_b_final_trust,propagated_breach,propagated_failure,synchronization_correlation,avg_stability_gap,simultaneous_breach
0.2,0,0.0,0,42,0.9999999999999947,0.8480022642191879,1.0,0.93,0,0,0,1,0.9611225121157274,0.6768196701236746,1,0,-0.37307301568497386,0.12537669492065795,0
0.2,0,0.0,1,43,0.9781792804863516,0.8165018172681191,1.0,0.85,0,0,0,1,0.8511742920742347,0.6772628414711971,1,0,-0.022711164865626018,0.1275425717414244,0
0.2,0,0.0,2,44,0.9986451901371378,0.9330604624718344,1.0,0.89,0,0,0,1,0.8890867558892014,0.7924284243448825,1,0,-0.10683752746160272,0.12441980435036959,0
0.2,0,0.0,3,45,0.9999991057257418,0.9959828019787554,1.0,0.66,0,0,0,1,1.0,0.8966000760734338,1,0,-0.12201416902550763,0.13213414551707964,0
0.2,0,0.0,4,46,0.9999999946812069,0.8309124301971669,1.0,0.9,0,0,0,1,1.0,0.7166657664294007,1,0,-0.1114271638925902,0.11224411618434442,0
0.2,0,0.0,5,47,0.9999997473665914,0.8179981170566362,1.0,0.77,0,0,0,1,1.0,0.6589082000113802,1,0,-0.6714025356590737,0.128817874240887,0
0.2,0,0.0,6,48,0.9999999692245745,0.9318467283488955,1.0,0.48,0,0,0,1,0.9566582247062574,0.7778082766690061,1,0,-0.21576154250711846,0.20205393863306978,0
0.2,0,0.0,7,49,0.9999999953139689,0.8543531985857207,1.0,0.88,0,0,0,1,0.9903140198420672,0.713277706479966,1,0,-0.08979692815101065,0.12707135613092363,0
0.2,0,0.0,8,50,0.9999999999372072,0.6048673200930328,1.0,0.52,0,1,0,1,1.0,0.3824015221614526,1,1,-0.3050756841696145,0.2335521152193955,0
0.2,0,0.0,9,51,0.9829887047590913,0.7530885090428112,1.0,0.42,0,1,0,1,0.8243438300261356,0.5491970605769387,1,1,0.49988070960162395,0.20077986815055696,0
0.2,0,0.0,10,52,0.9999999999999987,0.8626833427508002,1.0,0.81,0,0,0,1,0.9997261447843454,0.7085018680691417,1,0,-0.23264774104256167,0.1246987686701511,0
0.2,0,0.0,11,53,0.9999999999999961,0.9902991470103966,1.0,0.84,0,0,0,1,0.9406475265330332,0.879854153700004,1,0,-0.2132805147539037,0.11735505894666978,0
0.2,0,0.0,12,54,0.9953589714548704,0.9591330784889135,1.0,0.97,0,0,0,1,0.8624575961917358,0.8151226144746708,1,0,0.11912103452549148,0.0591689842793923,0
0.2,0,0.0,13,55,0.9999999585131747,0.9496006630134154,1.0,1.0,0,0,0,0,0.9919554998805129,0.8319313466441993,0,0,0.0025689191782999245,0.06964425200901857,0
0.2,0,0.0,14,56,0.9999999999999937,0.81048403576135,1.0,0.86,0,0,0,1,0.9167500780169656,0.6137309390777372,1,0,-0.09865528179383262,0.1217836370734877,0
0.2,0,0.0,15,57,0.9754969630445177,0.9368686400264851,1.0,1.0,0,0,0,0,0.8259521745727674,0.7955044618074989,0,0,-0.15552011844390032,0.06623881223327582,0
0.2,0,0.0,16,58,0.9999999904710707,0.9268702154551746,1.0,0.54,0,0,0,1,1.0,0.8170658447889518,1,0,-0.36614406391525184,0.17494507484690666,0
0.2,0,0.0,17,59,0.9999622498330956,0.9317197127471623,1.0,0.84,0,0,0,1,1.0,0.803139763019626,1,0,-0.05390242351305428,0.10686867743184755,0
0.2,0,0.0,18,60,0.9987221471224347,0.6666565131833174,1.0,0.64,0,1,0,1,0.8751059456183302,0.4365085462134839,1,1,-0.18205827102880673,0.13650150216840937,0
0.2,0,0.0,19,61,0.9999688292108012,0.8982345184308026,1.0,0.75,0,0,0,1,1.0,0.7449795586841681,1,0,-0.28039139616126163,0.13794910269971822,0
0.2,0,0.01,0,42,0.9999999999999961,0.9066440261894492,1.0,1.0,0,0,0,0,0.9686995199964161,0.7624767462677573,0,0,-0.04312657502226345,0.07881368487152499,0
0.2,0,0.01,1,43,0.9806966847404303,0.8816878161996078,1.0,0.95,0,0,0,1,0.8726027407963007,0.7668199251123637,1,0,0.12357368977591138,0.08340126431171548,0
0.2,0,0.01,2,44,0.9995948570208776,0.9950476879455039,1.0,1.0,0,0,0,0,0.9333921318820014,0.9096285891169946,0,0,0.03764021688334598,0.07865552397374415,0
0.2,0,0.01,3,45,0.999999999999999,0.9999456065304161,1.0,0.96,0,0,0,1,1.0,0.960428074119938,1,0,0.014176837981415719,0.08310630915177031,0
0.2,0,0.01,4,46,0.9999999982506587,0.8937179857035434,1.0,0.95,0,0,0,1,1.0,0.8077185928431112,1,0,0.015968524437749092,0.06397884661953408,0
0.2,0,0.01,5,47,0.9999999999757729,0.8702529479718867,1.0,1.0,0,0,0,0,1.0,0.7392850831973858,0,0,-0.4966632918732127,0.09243090843017282,0
0.2,0,0.01,6,48,0.999999999997649,0.9998632373130252,1.0,0.68,0,0,0,1,1.0,0.949344502917426,1,0,-0.1817482338373788,0.1491521524292952,0
0.2,0,0.01,7,49,0.9999999992432766,0.9017980362246517,1.0,0.98,0,0,0,1,1.0,0.7842391347165901,1,0,0.06035963786504489,0.07687097449776284,0
0.2,0,0.01,8,50,0.9999999999967816,0.6952620881860078,1.0,0.63,0,1,0,1,1.0,0.535283299919032,1,1,-0.22129851426721353,0.1795555922637429,0
0.2,0,0.01,9,51,0.999349525771245,0.8014220338809398,1.0,0.52,0,0,0,1,0.9159573868532723,0.6278370905619093,1,0,0.438786058337269,0.15469558262600258,0
0.2,0,0.01,10,52,0.9999999999999988,0.9124710097155804,1.0,1.0,0,0,0,0,1.0,0.7862255360820083,0,0,-0.01285520706413762,0.07157327675160922,0
0.2,0,0.01,11,53,0.9999999999999967,0.9993091557493088,1.0,0.9,0,0,0,1,1.0,0.9994412503834731,1,0,-0.034189417764098826,0.0663056397456046,0
0.2,0,0.01,12,54,0.9995689233912798,0.9999306323975689,1.0,1.0,0,0,0,0,0.9199085587094857,0.9666744221552002,0,0,0.33032309821027134,0.0291751339528391,0
0.2,0,0.01,13,55,0.9999999997196679,0.9959262846205066,1.0,1.0,0,0,0,0,1.0,0.9770916889968096,0,0,0.5347807413473366,0.02249757032297003,0
0.2,0,0.01,14,56,0.9999999999999967,0.896487371518845,1.0,1.0,0,0,0,0,0.9900657310740004,0.7375576347886817,0,0,0.12615320956214426,0.0714072266882108,0
0.2,0,0.01,15,57,0.9974912655379227,0.9998442980802653,1.0,1.0,0,0,0,0,0.9209761221926486,0.9503050877702962,0,0,0.3511234337087854,0.02711798322703888,0
0.2,0,0.01,16,58,0.999999999999999,0.9794399514164295,1.0,0.83,0,0,0,1,1.0,0.9231242966663445,1,0,-0.21643256063146046,0.12229465703522341,0
0.2,0,0.01,17,59,0.9999829006251738,0.9911306555986771,1.0,1.0,0,0,0,0,1.0,0.9202314094297961,0,0,0.29487188806879855,0.06486666732191027,0
0.2,0,0.01,18,60,0.9999999999999987,0.7222102078553516,1.0,0.94,0,1,0,0,0.9268835849462049,0.5370615218915763,1,1,-0.10748741442637406,0.09545566543370983,0
0.2,0,0.01,19,61,0.9999969268168036,0.9680414403697023,1.0,1.0,0,0,0,0,1.0,0.8600464226817838,0,0,-0.09531251958606665,0.08821760158266971,0
0.2,0,0.02,0,42,0.9999999999999973,0.9870708856026075,1.0,1.0,0,0,0,0,0.9793252301424038,0.938744181534868,0,0,0.42508565583618174,0.026847884088439914,0
0.2,0,0.02,1,43,0.9824565182728809,0.9287803848620679,1.0,1.0,0,0,0,0,0.8912900255915,0.8446344039563495,0,0,0.3654701406536832,0.03349291343005793,0
0.2,0,0.02,2,44,0.9999999747025914,0.9998378931653555,1.0,1.0,0,0,0,0,0.9871973795895909,1.0,0,0,0.24647905407104026,0.03500056887951733,0
0.2,0,0.02,3,45,0.999999999999999,0.9999818878990892,1.0,1.0,0,0,0,0,1.0,0.9964883445098841,0,0,0.17866736800289398,0.0464259499554643,0
0.2,0,0.02,4,46,0.99999999919798,0.9579665448435858,1.0,1.0,0,0,0,0,1.0,0.9057241316692403,0,0,0.3250319116277276,0.024557429724375482,0
0.2,0,0.02,5,47,0.9999999999999891,0.9478209135729583,1.0,1.0,0,0,0,0,1.0,0.8614732420491314,0,0,0.0642504082406279,0.04973268956688944,0
0.2,0,0.02,6,48,0.999999999998907,0.9999830722801243,1.0,0.8,0,0,0,1,1.0,0.9966426152244041,1,0,-0.07561139689257598,0.09688315599030652,0
0.2,0,0.02,7,49,0.999999999999998,0.9745986747546772,1.0,1.0,0,0,0,0,1.0,0.9070929209947276,0,0,0.29992304021097893,0.03291367257057582,0
0.2,0,0.02,8,50,0.9999999999983015,0.7907906270835021,1.0,0.68,0,1,0,0,1.0,0.6924639147762411,1,1,-0.1017704050916317,0.11683457322245473,0
0.2,0,0.02,9,51,0.999999983282466,0.8905447659934619,1.0,0.72,0,0,0,1,1.0,0.7562360058381336,1,0,0.18562223301512445,0.11513706203843825,0
0.2,0,0.02,10,52,0.9999999999999989,0.9723583110966816,1.0,1.0,0,0,0,0,1.0,0.9037227936661935,0,0,0.20626219085944764,0.03700298404365664,0
0.2,0,0.02,11,53,0.9999999999999972,0.9999565350256822,1.0,1.0,0,0,0,0,1.0,1.0,0,0,0.13538697949590706,0.034235325392925293,0
0.2,0,0.02,12,54,0.9999999999999905,0.9999995419176744,1.0,1.0,0,0,0,0,0.9770170358868109,0.9887671159568361,0,0,0.4853798587434503,0.016260695342642646,0
0.2,0,0.02,13,55,0.9999999999999987,0.9999984468180942,1.0,1.0,0,0,0,0,1.0,1.0,0,0,0.8961908459843921,0.005429138375982243,0
0.2,0,0.02,14,56,0.9999999999999986,0.9461128494484418,1.0,1.0,0,0,0,0,1.0,0.850972156601233,0,0,0.2878505923643329,0.03682156906235201,0
0.2,0,0.02,15,57,0.9998498080007655,0.9999999999999953,1.0,1.0,0,0,0,0,1.0,1.0,0,0,0.899320115557037,0.007053190378074407,0
0.2,0,0.02,16,58,0.999999999999999,0.995733869391229,1.0,1.0,0,0,0,0,1.0,1.0,0,0,-0.019407412573966883,0.0713272741447074,0
0.2,0,0.02,17,59,0.9999917440759862,0.9980796552511204,1.0,1.0,0,0,0,0,1.0,1.0,0,0,0.5362716971917244,0.03748840811434155,0
0.2,0,0.02,18,60,0.9999999999999988,0.7861998052159884,1.0,0.97,0,1,0,0,0.9723096335392337,0.6449015177595511,1,1,0.04155221005226516,0.05655972224421315,0
0.2,0,0.02,19,61,0.9999982212162936,0.9999322708784761,1.0,1.0,0,0,0,0,1.0,0.9925575611670381,0,0,0.1474172205818732,0.043975942438176874,0
0.2,0,0.05,0,42,0.9999999999999988,0.9895255409297926,1.0,1.0,0,0,0,0,1.0,0.9816770721650249,0,0,0.9342657544206271,0.0042884750805415916,0
0.2,0,0.05,1,43,0.9883690931107048,0.9959683434681885,1.0,1.0,0,0,0,0,0.9590848083598956,1.0,0,0,0.7048589488471425,0.009248298269194634,0
0.2,0,0.05,2,44,0.9999999968078209,0.9999943824685993,1.0,1.0,0,0,0,0,1.0,1.0,0,0,0.8929344853358596,0.004901938686440036,0
0.2,0,0.05,3,45,0.999999999999999,0.9999991006719604,1.0,1.0,0,0,0,0,1.0,1.0,0,0,0.673956818957552,0.01037301763053304,0
0.2,0,0.05,4,46,0.9999999999239524,0.9956235779323311,1.0,1.0,0,0,0,0,1.0,1.0,0,0,0.7554102031677523,0.006253929209337022,0
0.2,0,0.05,5,47,0.9999999999999987,0.997584648091167,1.0,1.0,0,0,0,0,1.0,1.0,0,0,0.9204496818200282,0.005748952098734336,0
0.2,0,0.05,6,48,0.9999999999997183,0.9999998363721921,1.0,1.0,0,0,0,0,1.0,1.0,0,0,0.22901601875780328,0.02594768204375759,0
0.2,0,0.05,7,49,0.9999999999999987,0.9999409085128513,1.0,1.0,0,0,0,0,1.0,1.0,0,0,0.6136522983805034,0.008708517018581264,0
0.2,0,0.05,8,50,0.9999999999995731,0.9891293443330981,1.0,1.0,0,0,0,0,1.0,1.0,0,0,0.29247872398448604,0.03019137065364106,0
0.2,0,0.05,9,51,0.9999999998427285,0.9599367268250953,1.0,1.0,0,0,0,0,1.0,0.9559837087652666,0,0,0.41641445544916994,0.031057410042528967,0
0.2,0,0.05,10,52,0.999999999999999,0.9992126056077149,1.0,1.0,0,0,0,0,1.0,1.0,0,0,0.9241236281328185,0.004651668115779824,0
0.2,0,0.05,11,53,0.9999999999999984,0.9999957790194463,1.0,1.0,0,0,0,0,1.0,1.0,0,0,0.5243272058601516,0.011432840664900364,0
0.2,0,0.05,12,54,0.999999999999997,0.9999999880757305,1.0,1.0,0,0,0,0,1.0,1.0,0,0,0.893573227535979,0.003515541495358433,0
0.2,0,0.05,13,55,0.9999999999999988,0.999999999999999,1.0,1.0,0,0,0,0,1.0,1.0,0,0,0.9983113510711181,0.0009639971284018711,0
0.2,0,0.05,14,56,0.9999999999999989,0.9800483506547902,1.0,1.0,0,0,0,0,1.0,0.9863930241042012,0,0,0.9633226691722993,0.002428084900601757,0
0.2,0,0.05,15,57,0.9999999999999972,0.999999999999999,1.0,1.0,0,0,0,0,1.0,1.0,0,0,0.9570961706005757,0.004390368615449264,0
0.2,0,0.05,16,58,0.999999999999999,0.9997199863124697,1.0,1.0,0,0,0,0,1.0,1.0,0,0,0.6002967158641549,0.014079387649486392,0
0.2,0,0.05,17,59,0.9999988040221791,0.9998946053424812,1.0,1.0,0,0,0,0,1.0,1.0,0,0,0.9405609931705391,0.006094820454178033,0
0.2,0,0.05,18,60,0.999999999999999,0.9150336006215033,1.0,1.0,0,0,0,0,1.0,0.8951256246332899,0,0,0.5845413793228609,0.010285952600009139,0
0.2,0,0.05,19,61,0.9999999999999989,0.9999954859186067,1.0,1.0,0,0,0,0,1.0,1.0,0,0,0.8444205504602892,0.007121409096635794,0
0.2,0,0.1,0,42,0.999999999999999,0.9895256812108646,1.0,1.0,0,0,0,0,1.0,1.0,0,0,0.9612529221487879,0.00305611755129117,0
0.2,0,0.1,1,43,0.9892693507337681,0.9978461150301985,1.0,1.0,0,0,0,0,1.0,1.0,0,0,0.8671014333777437,0.0058568924695332845,0
0.2,0,0.1,2,44,0.9999999971256969,0.9999967071339718,1.0,1.0,0,0,0,0,1.0,1.0,0,0,0.9472199974189416,0.0034309812191007094,0
0.2,0,0.1,3,45,0.999999999999999,0.9999994478509219,1.0,1.0,0,0,0,0,1.0,1.0,0,0,0.8486377222403789,0.005776144659806863,0
0.2,0,0.1,4,46,0.9999999999366169,0.998533373404381,1.0,1.0,0,0,0,0,1.0,1.0,0,0,0.9023655973646475,0.00389038344834404,0
0.2,0,0.1,5,47,0.999999999999999,0.9980931291969484,1.0,1.0,0,0,0,0,1.0,1.0,0,0,0.9634368988098733,0.003600506199862681,0
0.2,0,0.1,6,48,0.9999999999997174,0.9999999490142176,1.0,1.0,0,0,0,0,1.0,1.0,0,0,0.5156409504208126,0.012692637356804582,0
0.2,0,0.1,7,49,0.999999999999999,0.9999561984935594,1.0,1.0,0,0,0,0,1.0,1.0,0,0,0.8557368674556579,0.0038011586989340805,0
0.2,0,0.1,8,50,0.9999999999995731,0.9939899090659798,1.0,1.0,0,0,0,0,1.0,1.0,0,0,0.6999355468585862,0.012402020844524195,0
0.2,0,0.1,9,51,0.9999999998401943,0.9841277999678805,1.0,1.0,0,0,0,0,1.0,1.0,0,0,0.7322021105040517,0.013801229067143978,0
0.2,0,0.1,10,52,0.999999999999999,0.9992335977314487,1.0,1.0,0,0,0,0,1.0,1.0,0,0,0.9571740764767886,0.003289362957511144,0
0.2,0,0.1,11,53,0.9999999999999989,0.9999971552889891,1.0,1.0,0,0,0,0,1.0,1.0,0,0,0.8224189362743599,0.005207073785778021,0
0.2,0,0.1,12,54,0.9999999999999971,0.9999999943494327,1.0,1.0,0,0,0,0,1.0,1.0,0,0,0.9509548878116764,0.0023637305146936628,0
0.2,0,0.1,13,55,0.9999999999999989,0.999999999999999,1.0,1.0,0,0,0,0,1.0,1.0,0,0,0.9990276731877016,0.00082038233414519,0
0.2,0,0.1,14,56,0.999999999999999,0.9888584730232376,1.0,1.0,0,0,0,0,1.0,1.0,0,0,0.9747967313206837,0.0020923161748365926,0
0.2,0,0.1,15,57,0.9999999999999984,0.999999999999999,1.0,1.0,0,0,0,0,1.0,1.0,0,0,0.9930811973647742,0.0023502005287396434,0
0.2,0,0.1,16,58,0.999999999999999,0.9998984987598071,1.0,1.0,0,0,0,0,1.0,1.0,0,0,0.8312508967255715,0.007448327158549497,0
0.2,0,0.1,17,59,0.9999988511202702,0.9999682727926128,1.0,1.0,0,0,0,0,1.0,1.0,0,0,0.9747319733276466,0.002836862946380071,0
0.2,0,0.1,18,60,0.999999999999999,0.9768040788462747,1.0,1.0,0,0,0,0,1.0,1.0,0,0,0.8046345489066274,0.006506394016453904,0
0.2,0,0.1,19,61,0.999999999999999,0.9999977061855212,1.0,1.0,0,0,0,0,1.0,1.0,0,0,0.9338081639045743,0.004391862600122781,0
0.2,0,0.2,0,42,0.999999999999999,0.9895256812108646,1.0,1.0,0,0,0,0,1.0,1.0,0,0,0.9612529221487879,0.00305611755129117,0
0.2,0,0.2,1,43,0.9892693507332743,0.9978461150300313,1.0,1.0,0,0,0,0,1.0,1.0,0,0,0.8714393639884132,0.005381933674712181,0
0.2,0,0.2,2,44,0.9999999971256969,0.9999967071339718,1.0,1.0,0,0,0,0,1.0,1.0,0,0,0.9463604336797328,0.003476280239296696,0
0.2,0,0.2,3,45,0.999999999999999,0.9999994493713615,1.0,1.0,0,0,0,0,1.0,1.0,0,0,0.8497659049626594,0.005678602324554963,0
0.2,0,0.2,4,46,0.9999999999366169,0.998533373404381,1.0,1.0,0,0,0,0,1.0,1.0,0,0,0.9023655973646475,0.00389038344834404,0
0.2,0,0.2,5,47,0.999999999999999,0.9980931291969483,1.0,1.0,0,0,0,0,1.0,1.0,0,0,0.9635725824225542,0.0035659963332021326,0
0.2,0,0.2,6,48,0.9999999999997176,0.9999999490222126,1.0,1.0,0,0,0,0,1.0,1.0,0,0,0.5802204660737018,0.011419024333670808,0
0.2,0,0.2,7,49,0.999999999999999,0.9999561985257451,1.0,1.0,0,0,0,0,1.0,1.0,0,0,0.8655165203488833,0.0035790065717400134,0
0.2,0,0.2,8,50,0.9999999999995731,0.9939898912716522,1.0,1.0,0,0,0,0,1.0,1.0,0,0,0.6913539179217749,0.012464167859874314,0
0.2,0,0.2,9,51,0.9999999998401926,0.9841277999678807,1.0,1.0,0,0,0,0,1.0,1.0,0,0,0.7235403475520547,0.012543274362098731,0
0.2,0,0.2,10,52,0.999999999999999,0.9992335977314488,1.0,1.0,0,0,0,0,1.0,1.0,0,0,0.9574997933898627,0.0032068004913556893,0
0.2,0,0.2,11,53,0.999999999999999,0.9999971552889891,1.0,1.0,0,0,0,0,1.0,1.0,0,0,0.8245382563508702,0.004872302149733398,0
0.2,0,0.2,12,54,0.9999999999999972,0.9999999943494327,1.0,1.0,0,0,0,0,1.0,1.0,0,0,0.9511281249006206,0.0022702853898860873,0
0.2,0,0.2,13,55,0.999999999999999,0.999999999999999,1.0,1.0,0,0,0,0,1.0,1.0,0,0,1.0,0.0005113789435544636,0
0.2,0,0.2,14,56,0.999999999999999,0.9888584730232376,1.0,1.0,0,0,0,0,1.0,1.0,0,0,0.973761563372363,0.0020239329749691393,0
0.2,0,0.2,15,57,0.9999999999999987,0.999999999999999,1.0,1.0,0,0,0,0,1.0,1.0,0,0,0.9985806079490567,0.001710075588504366,0
0.2,0,0.2,16,58,0.999999999999999,0.9998984987598071,1.0,1.0,0,0,0,0,1.0,1.0,0,0,0.8312508967255715,0.007448327158549497,0
0.2,0,0.2,17,59,0.9999988511202705,0.9999682727926124,1.0,1.0,0,0,0,0,1.0,1.0,0,0,0.9666276792839738,0.002838440911858291,0
0.2,0,0.2,18,60,0.999999999999999,0.9777325935458432,1.0,1.0,0,0,0,0,1.0,1.0,0,0,0.8138217263002518,0.006416124129296672,0
0.2,0,0.2,19,61,0.999999999999999,0.9999977061855212,1.0,1.0,0,0,0,0,1.0,1.0,0,0,0.9341409879986634,0.004316791713606347,0
0.2,1,0.0,0,42,0.999999999999995,0.827350937767486,1.0,0.85,0,0,0,1,0.9594661820497681,0.6531686749696612,1,0,-0.5172396508167901,0.14460439911554032,0
0.2,1,0.0,1,43,0.9747738339113733,0.7937849541084643,1.0,0.77,0,1,0,1,0.8386954898207302,0.6449568019780808,1,1,-0.08892598913781648,0.14677937997580376,0
0.2,1,0.0,2,44,0.9938152670272148,0.9153200285815606,1.0,0.71,0,0,0,1,0.8620302917611562,0.7755836619289613,1,0,-0.16284831859025223,0.14388403411795342,0
0.2,1,0.0,3,45,0.9999972924285424,0.9780250606813228,1.0,0.59,0,0,0,1,1.0,0.852048435416361,1,0,-0.1815123890502839,0.15515566141653872,0
0.2,1,0.0,4,46,0.9999999925368515,0.7943849894369212,1.0,0.87,0,1,0,0,1.0,0.6647704656889621,1,1,-0.14746866351628218,0.12903197399134803,0
0.2,1,0.0,5,47,0.9999944491102096,0.7937550827667462,1.0,0.58,0,1,0,1,1.0,0.6306839904432242,1,1,-0.7342864799271186,0.1509170685100024,0
0.2,1,0.0,6,48,0.9999999017839877,0.9075076584159687,1.0,0.41,0,0,0,1,0.9487562324652716,0.7500943650449128,1,0,-0.14600596302437857,0.23195009426565175,0
0.2,1,0.0,7,49,0.9999999931601267,0.8274176212245556,1.0,0.8,0,0,0,1,0.9889725118509418,0.683050602375728,1,0,-0.14446992492967492,0.14595168186477422,0
0.2,1,0.0,8,50,0.9999999994208042,0.5467904756206093,1.0,0.47,0,1,0,1,1.0,0.2962550717309007,1,1,-0.3508335911483409,0.2598972915371298,0
0.2,1,0.0,9,51,0.9744479284633205,0.7303340517576539,1.0,0.4,0,1,0,1,0.8168701441578572,0.5151777106500981,1,1,0.509586467771879,0.22953648301162288,0
0.2,1,0.0,10,52,0.9999999999999987,0.8273421732137746,1.0,0.67,0,0,0,1,1.0,0.6725160475713636,1,0,-0.2869767359535277,0.1461541067444321,0
0.2,1,0.0,11,53,0.9999999999999961,0.9722251690274846,1.0,0.77,0,0,0,1,0.9189362518172693,0.8489382955093767,1,0,-0.28586836334963783,0.1381011160162392,0
0.2,1,0.0,12,54,0.9932331261382894,0.9398543683551704,1.0,0.9,0,0,0,1,0.8555821558966274,0.7887703558239867,1,0,-0.02749930024049725,0.07740571119756932,0
0.2,1,0.0,13,55,0.9999999385075508,0.9242584056319374,1.0,1.0,0,0,0,0,0.9799481345673243,0.8058282738260075,0,0,-0.16070386379967805,0.08513711183618933,0
0.2,1,0.0,14,56,0.9999999999999939,0.7924886378953591,1.0,0.72,0,1,0,1,0.9032344486461543,0.5910096690052656,1,1,-0.23536385209367183,0.1420954165521703,0
0.2,1,0.0,15,57,0.9660760059833748,0.9129775160614371,1.0,1.0,0,0,0,0,0.820207520739216,0.7694130536162711,0,0,-0.2918160459320374,0.0814649034748434,0
0.2,1,0.0,16,58,0.9999999143967425,0.8891568200586827,1.0,0.41,0,0,0,1,0.9983200974449304,0.78373812102413,1,0,-0.4283207848529907,0.20279024581018704,0
0.2,1,0.0,17,59,0.9999532197477258,0.9048546112026127,1.0,0.78,0,0,0,1,1.0,0.7793609745452506,1,0,-0.20103550802315803,0.12448744057505765,0
0.2,1,0.0,18,60,0.9981566999559515,0.6339838134390028,1.0,0.48,0,1,0,1,0.8629046121275904,0.3868310246283284,1,1,-0.21896802611248067,0.16126941448153245,0
0.2,1,0.0,19,61,0.9999382769254169,0.8787903656103957,1.0,0.58,0,0,0,1,1.0,0.724218323161592,1,0,-0.32479982296823784,0.16070949999862358,0
0.2,1,0.01,0,42,0.9999999999999961,0.8771048735594394,1.0,1.0,0,0,0,0,0.9673118714810132,0.72951070813333,0,0,-0.23473584438077025,0.09919843619945912,0
0.2,1,0.01,1,43,0.9784980015820667,0.854984647471102,1.0,0.91,0,0,0,1,0.8666962477146011,0.7393201166204136,1,0,0.036407904611653746,0.10325814799580904,0
0.2,1,0.01,2,44,0.9990502763473829,0.9704933147374646,1.0,0.95,0,0,0,1,0.9248200039585275,0.8724681467599351,1,0,-0.04885928354167681,0.09719781913994886,0
0.2,1,0.01,3,45,0.9999993119135745,0.9998240054828909,1.0,0.84,0,0,0,1,1.0,0.9483197572087196,1,0,-0.04937027181507298,0.10082588039489972,0
0.2,1,0.01,4,46,0.9999999976147427,0.8611220082726914,1.0,0.92,0,0,0,1,1.0,0.7720985710057776,1,0,-0.07124736200412891,0.08427499073769294,0
0.2,1,0.01,5,47,0.9999999999548603,0.8466366854317143,1.0,0.93,0,0,0,1,1.0,0.7125934113677423,1,0,-0.6383577851737455,0.11036678781992769,0
0.2,1,0.01,6,48,0.9999999999961968,0.9876548412989684,1.0,0.56,0,0,0,1,1.0,0.8922286586207134,1,0,-0.22956431804070285,0.17514439857470676,0
0.2,1,0.01,7,49,0.9999999987493043,0.8790941381367137,1.0,0.93,0,0,0,1,1.0,0.761329950258148,1,0,-0.057415979798444344,0.09768964852525315,0
0.2,1,0.01,8,50,0.9999999999960236,0.6362559709292821,1.0,0.57,0,1,0,1,1.0,0.44828690039806174,1,1,-0.26279832082906246,0.20585568569657156,0
0.2,1,0.01,9,51,0.9978611190469255,0.7767220088145591,1.0,0.46,0,1,0,1,0.9000339390262287,0.5962859496248584,1,1,0.4753805999368702,0.18484279429384504,0
0.2,1,0.01,10,52,0.9999999999999988,0.8899903533911627,1.0,1.0,0,0,0,0,1.0,0.7591488375824959,0,0,-0.0913189420471658,0.09089886161087378,0
0.2,1,0.01,11,53,0.9999999999999967,0.9981227841160131,1.0,0.88,0,0,0,1,0.9974299648545419,0.9834460091152534,1,0,-0.12599031218652942,0.08722997228356956,0
0.2,1,0.01,12,54,0.9985783214721464,0.9995238618622924,1.0,1.0,0,0,0,0,0.9116049821875541,0.9427220545356181,0,0,0.2175216612755947,0.03786646708229304,0
0.2,1,0.01,13,55,0.9999999979423484,0.9913505003056546,1.0,1.0,0,0,0,0,1.0,0.9439486721262085,0,0,0.32429264624898685,0.03813066037439946,0
0.2,1,0.01,14,56,0.9999999999999967,0.8618189765769668,1.0,1.0,0,0,0,0,0.9823390672852389,0.6928045190736425,0,0,0.008226825435634294,0.0920865155767486,0
0.2,1,0.01,15,57,0.9945834738442011,0.9948524922835721,1.0,1.0,0,0,0,0,0.8972484776631229,0.9039202029253662,0,0,0.06799201339879743,0.0418714432609394,0
0.2,1,0.01,16,58,0.999999999999999,0.9591090369085351,1.0,0.72,0,0,0,1,1.0,0.8821106469553787,1,0,-0.29052116701132696,0.14535682914707973,0
0.2,1,0.01,17,59,0.9999801791462044,0.9676879492347368,1.0,0.95,0,0,0,1,1.0,0.8792384681780471,1,0,0.11530047821825515,0.08371043875943375,0
0.2,1,0.01,18,60,0.9999999999998708,0.6975327116612975,1.0,0.85,0,1,0,1,0.9159628351905855,0.500019084616049,1,1,-0.15701733067075627,0.11367925258189335,0
0.2,1,0.01,19,61,0.999993491893883,0.9359549658652005,1.0,0.96,0,0,0,1,1.0,0.8152625226432154,1,0,-0.17935922701325238,0.1083330660211107,0
0.2,1,0.02,0,42,0.999999999999997,0.9729482907857196,1.0,1.0,0,0,0,0,0.9779555944391745,0.8864980194639068,0,0,0.2271393652466659,0.04086908155840359,0
0.2,1,0.02,1,43,0.9802393807890635,0.910937896933956,1.0,1.0,0,0,0,0,0.8853434358175966,0.8237950326120883,0,0,0.25981800045505465,0.04920913627113434,0
0.2,1,0.02,2,44,0.9997306828010069,0.9993019135501288,1.0,1.0,0,0,0,0,0.9800947056486105,1.0,0,0,0.1260552114030273,0.05300811101483932,0
0.2,1,0.02,3,45,0.999999999999999,0.9999733285122083,1.0,1.0,0,0,0,0,1.0,0.9871536872387667,0,0,0.1019413901840752,0.05862742316198565,0
0.2,1,0.02,4,46,0.9999999990943893,0.9286373866510242,1.0,1.0,0,0,0,0,1.0,0.8680057539075993,0,0,0.21730040003251014,0.03437386648943408,0
0.2,1,0.02,5,47,0.9999999999988802,0.9138268448936216,1.0,1.0,0,0,0,0,1.0,0.8117331304157398,0,0,-0.10747119406730754,0.06663241518604128,0
0.2,1,0.02,6,48,0.9999999999983092,0.9999486114623221,1.0,0.72,0,0,0,1,1.0,0.986993485488498,1,0,-0.13414528817335036,0.12018595532304208,0
0.2,1,0.02,7,49,0.9999999999658149,0.9448236454075263,1.0,1.0,0,0,0,0,1.0,0.8651892456457068,0,0,0.2029332742108178,0.04580185621685812,0
0.2,1,0.02,8,50,0.9999999999977026,0.734158199719478,1.0,0.67,0,1,0,0,1.0,0.6106925508574446,1,1,-0.15326063594019185,0.14194555647685064,0
0.2,1,0.02,9,51,0.9999999714634756,0.8579077350344101,1.0,0.63,0,0,0,1,0.9960912970863539,0.7124831150554434,1,0,0.22788712948861892,0.13471258369922856,0
0.2,1,0.02,10,52,0.9999999999999989,0.9489618304583333,1.0,1.0,0,0,0,0,1.0,0.8656773373878249,0,0,0.0893192466054051,0.0506882012474528,0
0.2,1,0.02,11,53,0.999999999999997,0.999922646524395,1.0,0.94,0,0,0,1,1.0,1.0,1,0,0.06364408658467278,0.044693407746303704,0
0.2,1,0.02,12,54,0.9999999999999861,0.9999990266055427,1.0,1.0,0,0,0,0,0.9725757343473237,0.9861554410634751,0,0,0.3977909739576299,0.020319886273844623,0
0.2,1,0.02,13,55,0.9999999999999986,0.9992248808566584,1.0,1.0,0,0,0,0,1.0,1.0,0,0,0.7920522919863311,0.009001649566788282,0
0.2,1,0.02,14,56,0.9999999999999984,0.9364534800556217,1.0,1.0,0,0,0,0,1.0,0.8333142574019146,0,0,0.2120908193757141,0.04544904371652869,0
0.2,1,0.02,15,57,0.9994821724294419,0.9999829328795231,1.0,1.0,0,0,0,0,1.0,1.0,0,0,0.8755827474940816,0.008314151738047604,0
0.2,1,0.02,16,58,0.999999999999999,0.9927446248138295,1.0,0.97,0,0,0,1,1.0,1.0,1,0,-0.10752445719911277,0.09192350981229253,0
0.2,1,0.02,17,59,0.9999909338779017,0.9969072051794946,1.0,1.0,0,0,0,0,1.0,1.0,0,0,0.42849836766360094,0.046389479129726255,0
0.2,1,0.02,18,60,0.9999999999999987,0.7579249397914857,1.0,0.95,0,1,0,0,0.9655203334095747,0.6065036165360385,1,1,-0.03488721764945488,0.07306112876508918,0
0.2,1,0.02,19,61,0.999996871766036,0.9998301632609597,1.0,1.0,0,0,0,0,1.0,0.9838420845098548,0,0,0.032754653122621914,0.06011802860254397,0
0.2,1,0.05,0,42,0.9999999999999984,0.9879113292795726,1.0,1.0,0,0,0,0,1.0,0.9804873780095318,0,0,0.8988821360633182,0.005792659772718613,0
0.2,1,0.05,1,43,0.9863557472219942,0.9943992377505338,1.0,1.0,0,0,0,0,0.9551313013566346,1.0,0,0,0.6693663627661068,0.010564029462578825,0
0.2,1,0.05,2,44,0.9999999962404414,0.999990090006674,1.0,1.0,0,0,0,0,1.0,1.0,0,0,0.8535991443962426,0.006676647252951393,0
0.2,1,0.05,3,45,0.999999999999999,0.9999988167836898,1.0,1.0,0,0,0,0,1.0,1.0,0,0,0.6320157419421826,0.012858481803299182,0
0.2,1,0.05,4,46,0.9999999999181128,0.9938842919086194,1.0,1.0,0,0,0,0,1.0,1.0,0,0,0.6934202207703818,0.007938608412112835,0
0.2,1,0.05,5,47,0.9999999999999984,0.9967090306107571,1.0,1.0,0,0,0,0,1.0,1.0,0,0,0.8745906695588029,0.0077777630181188875,0
0.2,1,0.05,6,48,0.9999999999996262,0.9999997932845331,1.0,1.0,0,0,0,0,1.0,1.0,0,0,0.19411021388648678,0.03126959529050097,0
0.2,1,0.05,7,49,0.9999999999999984,0.9998995962693559,1.0,1.0,0,0,0,0,1.0,1.0,0,0,0.5623774012888033,0.01061826238494811,0
0.2,1,0.05,8,50,0.9999999999994587,0.9814920457902624,1.0,1.0,0,0,0,0,1.0,1.0,0,0,0.19516212107022843,0.040456580862528686,0
0.2,1,0.05,9,51,0.9999999996964428,0.9496267857841374,1.0,1.0,0,0,0,0,1.0,0.9376058169817247,0,0,0.38460337736843336,0.037799069320875366,0
0.2,1,0.05,10,52,0.9999999999999989,0.9980361509174667,1.0,1.0,0,0,0,0,1.0,1.0,0,0,0.8957238983621046,0.005860159097568076,0
0.2,1,0.05,11,53,0.999999999999998,0.9999936454881936,1.0,1.0,0,0,0,0,1.0,1.0,0,0,0.4484935215465569,0.01441661888248546,0
0.2,1,0.05,12,54,0.9999999999999968,0.9999999825260943,1.0,1.0,0,0,0,0,1.0,1.0,0,0,0.8495112576892521,0.004512945407904681,0
0.2,1,0.05,13,55,0.9999999999999987,0.9999999999112186,1.0,1.0,0,0,0,0,1.0,1.0,0,0,0.9974977345469457,0.0011479347493270986,0
0.2,1,0.05,14,56,0.9999999999999987,0.9718868498022778,1.0,1.0,0,0,0,0,1.0,0.9722861657540673,0,0,0.9466115007313121,0.003290776025116866,0
0.2,1,0.05,15,57,0.9999999999999968,0.999999999999999,1.0,1.0,0,0,0,0,1.0,1.0,0,0,0.9435032699547633,0.005127015455882655,0
0.2,1,0.05,16,58,0.999999999999999,0.9995602880052095,1.0,1.0,0,0,0,0,1.0,1.0,0,0,0.5040818686642445,0.018692103815812135,0
0.2,1,0.05,17,59,0.9999986229455748,0.9998153748144485,1.0,1.0,0,0,0,0,1.0,1.0,0,0,0.9104424069400504,0.008490236697433014,0
0.2,1,0.05,18,60,0.9999999999999989,0.903599955899498,1.0,1.0,0,0,0,0,1.0,0.8774569833262804,0,0,0.5422956608953428,0.012604657999344102,0
0.2,1,0.05,19,61,0.9999998082565332,0.9999941288499645,1.0,1.0,0,0,0,0,1.0,1.0,0,0,0.7694375990068832,0.009439052108771237,0
0.2,1,0.1,0,42,0.9999999999999989,0.9879115229983,1.0,1.0,0,0,0,0,1.0,1.0,0,0,0.9508048359751887,0.003800800620469289,0
0.2,1,0.1,1,43,0.9876090618009817,0.9973186275184754,1.0,1.0,0,0,0,0,1.0,1.0,0,0,0.8549284485450654,0.006777911955228694,0
0.2,1,0.1,2,44,0.9999999964835316,0.99999394608077,1.0,1.0,0,0,0,0,1.0,1.0,0,0,0.9335294130218659,0.004332139574589852,0
0.2,1,0.1,3,45,0.999999999999999,0.9999993507390669,1.0,1.0,0,0,0,0,1.0,1.0,0,0,0.8396581361495272,0.007032221747063957,0
0.2,1,0.1,4,46,0.9999999999230029,0.9982160183079912,1.0,1.0,0,0,0,0,1.0,1.0,0,0,0.8825471245639219,0.0047163895173326,0
0.2,1,0.1,5,47,0.9999999999999987,0.9976719070473125,1.0,1.0,0,0,0,0,1.0,1.0,0,0,0.9390101536519848,0.005268384686039136,0
0.2,1,0.1,6,48,0.9999999999996229,0.9999999427623268,1.0,1.0,0,0,0,0,1.0,1.0,0,0,0.4694887276509668,0.014792111951003318,0
0.2,1,0.1,7,49,0.9999999999999987,0.9999302306753133,1.0,1.0,0,0,0,0,1.0,1.0,0,0,0.8288721670883927,0.00498390010572195,0
0.2,1,0.1,8,50,0.9999999999994585,0.991774848451913,1.0,1.0,0,0,0,0,1.0,1.0,0,0,0.6697781226732498,0.014962436711252977,0
0.2,1,0.1,9,51,0.9999999996924389,0.9788007868283717,1.0,1.0,0,0,0,0,1.0,1.0,0,0,0.7361349148629505,0.016513075750255624,0
0.2,1,0.1,10,52,0.9999999999999989,0.9980658513840559,1.0,1.0,0,0,0,0,1.0,1.0,0,0,0.9460240925223327,0.004101704644571932,0
0.2,1,0.1,11,53,0.9999999999999986,0.9999963465687884,1.0,1.0,0,0,0,0,1.0,1.0,0,0,0.7998052727787576,0.006395516998425451,0
0.2,1,0.1,12,54,0.9999999999999968,0.9999999927685472,1.0,1.0,0,0,0,0,1.0,1.0,0,0,0.9402166736182483,0.00279521974096111,0
0.2,1,0.1,13,55,0.9999999999999987,0.9999999999112186,1.0,1.0,0,0,0,0,1.0,1.0,0,0,0.9983896824960483,0.000987905072647497,0
0.2,1,0.1,14,56,0.9999999999999988,0.9870575802233915,1.0,1.0,0,0,0,0,1.0,1.0,0,0,0.9694615022120872,0.0025933769071493674,0
0.2,1,0.1,15,57,0.9999999999999979,0.999999999999999,1.0,1.0,0,0,0,0,1.0,1.0,0,0,0.9762037692838162,0.0036222047901193146,0
0.2,1,0.1,16,58,0.999999999999999,0.9998681827356233,1.0,1.0,0,0,0,0,1.0,1.0,0,0,0.7922674674091157,0.00915364836428752,0
0.2,1,0.1,17,59,0.9999986229351973,0.9999520485698795,1.0,1.0,0,0,0,0,1.0,1.0,0,0,0.9697784715885821,0.0037838835727457853,0
0.2,1,0.1,18,60,0.9999999999999989,0.9740004266836755,1.0,1.0,0,0,0,0,1.0,1.0,0,0,0.7832221331967775,0.007892855359601728,0
0.2,1,0.1,19,61,0.9999997787651224,0.9999972815804299,1.0,1.0,0,0,0,0,1.0,1.0,0,0,0.9067876355250634,0.005779967566460369,0
0.2,1,0.2,0,42,0.9999999999999989,0.9879115229983,1.0,1.0,0,0,0,0,1.0,1.0,0,0,0.9508048359751887,0.003800800620469289,0
0.2,1,0.2,1,43,0.9876090617976968,0.9973186275013175,1.0,1.0,0,0,0,0,1.0,1.0,0,0,0.8596804980070093,0.006411669560918162,0
0.2,1,0.2,2,44,0.9999999964835316,0.9999939460807696,1.0,1.0,0,0,0,0,1.0,1.0,0,0,0.9320179111192249,0.004421367838317366,0
0.2,1,0.2,3,45,0.999999999999999,0.9999993525057124,1.0,1.0,0,0,0,0,1.0,1.0,0,0,0.84700974065034,0.006836361211582368,0
0.2,1,0.2,4,46,0.9999999999230029,0.9982160183079912,1.0,1.0,0,0,0,0,1.0,1.0,0,0,0.8825471245639219,0.0047163895173326,0
0.2,1,0.2,5,47,0.9999999999999989,0.9976719070473109,1.0,1.0,0,0,0,0,1.0,1.0,0,0,0.9460824296051573,0.004876940029183423,0
0.2,1,0.2,6,48,0.9999999999996229,0.9999999427418309,1.0,1.0,0,0,0,0,1.0,1.0,0,0,0.5458031587456527,0.01318247532181576,0
0.2,1,0.2,7,49,0.9999999999999989,0.9999302305957264,1.0,1.0,0,0,0,0,1.0,1.0,0,0,0.8488732995038085,0.004326079632981945,0
0.2,1,0.2,8,50,0.9999999999994585,0.9917747972764744,1.0,1.0,0,0,0,0,1.0,1.0,0,0,0.660009612111153,0.014915293412548998,0
0.2,1,0.2,9,51,0.9999999996924341,0.9788007868284234,1.0,1.0,0,0,0,0,1.0,1.0,0,0,0.7409701851080827,0.015290167700034966,0
0.2,1,0.2,10,52,0.9999999999999989,0.9980658513840559,1.0,1.0,0,0,0,0,1.0,1.0,0,0,0.9460240925223327,0.004101704644571932,0
0.2,1,0.2,11,53,0.9999999999999987,0.9999963465687629,1.0,1.0,0,0,0,0,1.0,1.0,0,0,0.8077347882030674,0.0059394211884102955,0
0.2,1,0.2,12,54,0.9999999999999968,0.9999999927685471,1.0,1.0,0,0,0,0,1.0,1.0,0,0,0.9400372462638263,0.0028062245561965506,0
0.2,1,0.2,13,55,0.9999999999999987,0.9999999999112186,1.0,1.0,0,0,0,0,1.0,1.0,0,0,0.9983896824960483,0.000987905072647497,0
0.2,1,0.2,14,56,0.9999999999999988,0.9870575802233914,1.0,1.0,0,0,0,0,1.0,1.0,0,0,0.9690357920177362,0.0026284644297424396,0
0.2,1,0.2,15,57,0.9999999999999983,0.999999999999999,1.0,1.0,0,0,0,0,1.0,1.0,0,0,0.9922661071948317,0.002551638217633254,0
0.2,1,0.2,16,58,0.999999999999999,0.9998681827356233,1.0,1.0,0,0,0,0,1.0,1.0,0,0,0.7922674674091157,0.00915364836428752,0
0.2,1,0.2,17,59,0.9999986229351971,0.9999520485698739,1.0,1.0,0,0,0,0,1.0,1.0,0,0,0.9650238531078748,0.003494048384681231,0
0.2,1,0.2,18,60,0.9999999999999989,0.9753209862143667,1.0,1.0,0,0,0,0,1.0,1.0,0,0,0.7950569756598458,0.007768500599632736,0
0.2,1,0.2,19,61,0.9999997787651224,0.9999972815804299,1.0,1.0,0,0,0,0,1.0,1.0,0,0,0.9067876355250634,0.005779967566460369,0
0.2,2,0.0,0,42,0.9999999999999956,0.8266332217757211,1.0,0.85,0,0,0,1,0.9594844629236902,0.6524969133175663,1,0,-0.528066156418744,0.14362379304172693,0
0.2,2,0.0,1,43,0.9743413884208151,0.7958448403550509,1.0,0.77,0,1,0,1,0.8368932548297449,0.6483362751488969,1,1,-0.11120169335151263,0.14568275074533787,0
0.2,2,0.0,2,44,0.9934043770584318,0.9164045715962418,1.0,0.72,0,0,0,1,0.8601637384161975,0.778286328501344,1,0,-0.15650772902705332,0.14072898467791395,0
0.2,2,0.0,3,45,0.9999966033957411,0.9765117393825717,1.0,0.59,0,0,0,1,1.0,0.8488316866292611,1,0,-0.18156183855732635,0.15275427164668273,0
0.2,2,0.0,4,46,0.999999992645367,0.793918169215809,1.0,0.87,0,1,0,0,1.0,0.663529014482525,1,1,-0.1518603678459371,0.12725732635200138,0
0.2,2,0.0,5,47,0.9999951236680038,0.794391701851327,1.0,0.58,0,1,0,1,1.0,0.632041817924977,1,1,-0.7580499875596226,0.14999558805748786,0
0.2,2,0.0,6,48,0.9999999076154154,0.9078632429047075,1.0,0.42,0,0,0,1,0.9496927294651798,0.7504079146463292,1,0,-0.1540368352626794,0.2296205306368924,0
0.2,2,0.0,7,49,0.9999999935457288,0.8268598543300462,1.0,0.8,0,0,0,1,0.9895677751882876,0.6818569710727436,1,0,-0.15961427245668508,0.14445714223055017,0
0.2,2,0.0,8,50,0.9999999993842027,0.546095340550205,1.0,0.47,0,1,0,1,1.0,0.29420102286304817,1,1,-0.35066686752143794,0.25762293211229315,0
0.2,2,0.0,9,51,0.9766512930217764,0.7320037816547881,1.0,0.39,0,1,0,1,0.8196679994453326,0.5169399830615393,1,1,0.5062335535157002,0.22728269828107323,0
0.2,2,0.0,10,52,0.9999999999999987,0.8260225943850907,1.0,0.67,0,0,0,1,0.9994139076964622,0.6706998272687265,1,0,-0.27527421392258933,0.1448350019568547,0
0.2,2,0.0,11,53,0.9999999999999964,0.9724281607244396,1.0,0.77,0,0,0,1,0.9166778916117636,0.8493827712646494,1,0,-0.2892847886600311,0.13638881372490771,0
0.2,2,0.0,12,54,0.9932038834494301,0.94203347998679,1.0,0.9,0,0,0,1,0.856297259509588,0.792665653742008,1,0,-0.07177103765354785,0.07675086150307038,0
0.2,2,0.0,13,55,0.9999999370760173,0.9246028957638464,1.0,1.0,0,0,0,0,0.9813602384083578,0.8059507768723417,0,0,-0.1713701451331304,0.08355784908475136,0
0.2,2,0.0,14,56,0.9999999999999949,0.7936131783833121,1.0,0.76,0,1,0,1,0.9078417645447275,0.5922594595248789,1,1,-0.2597657497114914,0.1400923116767635,0
0.2,2,0.0,15,57,0.9668110203563655,0.9133590400404673,1.0,1.0,0,0,0,0,0.8207569067720528,0.7679223727983523,0,0,-0.2951883895479617,0.08015029694110755,0
0.2,2,0.0,16,58,0.9999999055490834,0.887307102426502,1.0,0.41,0,0,0,1,0.9977152049241449,0.7821917766448248,1,0,-0.4243886730105116,0.20047974197565044,0
0.2,2,0.0,17,59,0.9999607678317218,0.9027232543425525,1.0,0.79,0,0,0,1,1.0,0.777197623081931,1,0,-0.24127789391592333,0.12329918785058687,0
0.2,2,0.0,18,60,0.9990462743428585,0.6380726135304179,1.0,0.49,0,1,0,1,0.8678026142392868,0.3939830961386418,1,1,-0.22722523529194052,0.16041715449633748,0
0.2,2,0.0,19,61,0.9999372723073117,0.878014861773425,1.0,0.6,0,0,0,1,1.0,0.7238474663443497,1,0,-0.3167351181534395,0.15898014724327258,0
0.2,2,0.01,0,42,0.9999999999999964,0.8763191044633736,1.0,1.0,0,0,0,0,0.9672310335126981,0.7288081090011663,0,0,-0.24946332287071563,0.09826058774922206,0
0.2,2,0.01,1,43,0.9782218088565684,0.8565122911270338,1.0,0.92,0,0,0,1,0.8657400151999827,0.7419649913351689,1,0,0.015073979683990161,0.10229067809475385,0
0.2,2,0.01,2,44,0.9990189412923027,0.9717743599736303,1.0,0.97,0,0,0,1,0.923825896315411,0.8755055651541976,1,0,-0.052238387897243346,0.09601916856603467,0
0.2,2,0.01,3,45,0.9999985762010817,0.9998262795409525,1.0,0.84,0,0,0,1,1.0,0.9467521975958958,1,0,-0.04751389005279354,0.09879018469081867,0
0.2,2,0.01,4,46,0.9999999978225994,0.8602042608138367,1.0,0.92,0,0,0,1,1.0,0.7704656690565987,1,0,-0.08359544634522344,0.08356075186912296,0
0.2,2,0.01,5,47,0.9999999999540438,0.8471548325595851,1.0,0.93,0,0,0,1,1.0,0.7138194744425576,1,0,-0.6673817865519064,0.11009768072501963,0
0.2,2,0.01,6,48,0.9999999999957558,0.9874651126778593,1.0,0.59,0,0,0,1,1.0,0.8921633585446299,1,0,-0.2324844587439288,0.1735718498824886,0
0.2,2,0.01,7,49,0.9999999990494443,0.8781376258101472,1.0,0.93,0,0,0,1,1.0,0.7597838120970722,1,0,-0.07311712203504656,0.09625543535213757,0
0.2,2,0.01,8,50,0.9999999999958574,0.6355542719831273,1.0,0.58,0,1,0,1,1.0,0.44614419924577436,1,1,-0.26414282085215,0.20413151081549152,0
0.2,2,0.01,9,51,0.997921509855052,0.7785412746325466,1.0,0.46,0,1,0,1,0.904961386949453,0.5979977716437861,1,1,0.4561897673426081,0.18303765008176334,0
0.2,2,0.01,10,52,0.9999999999999988,0.8888208069811402,1.0,1.0,0,0,0,0,1.0,0.7576193097359532,0,0,-0.08892650475917765,0.08998929390199266,0
0.2,2,0.01,11,53,0.9999999999999968,0.9981245811575393,1.0,0.88,0,0,0,1,0.9958351597330827,0.9842743015935921,1,0,-0.12710096216035152,0.08650983008767162,0
0.2,2,0.01,12,54,0.998461105155187,0.9995174061144372,1.0,1.0,0,0,0,0,0.9121546485493927,0.9474886156546619,0,0,0.18760686333068205,0.037483770495258896,0
0.2,2,0.01,13,55,0.9999999980705299,0.9916329557243434,1.0,1.0,0,0,0,0,1.0,0.9442077009418881,0,0,0.32996192073513725,0.03651341988870699,0
0.2,2,0.01,14,56,0.999999999999997,0.8632945986121227,1.0,1.0,0,0,0,0,0.9882445868517545,0.6944007859209066,0,0,-0.0027223167167270287,0.09109028492301674,0
0.2,2,0.01,15,57,0.9949661934848378,0.9957678419332926,1.0,1.0,0,0,0,0,0.9009397484734326,0.9060751594174475,0,0,0.08206965656629371,0.040742947787631094,0
0.2,2,0.01,16,58,0.999999999999999,0.9576298672740597,1.0,0.72,0,0,0,1,1.0,0.879933951675347,1,0,-0.2888488756095093,0.14401561482952435,0
0.2,2,0.01,17,59,0.9999816743072409,0.9647552544291249,1.0,0.95,0,0,0,1,1.0,0.8751836225788594,1,0,0.08778451091347485,0.0829541196953871,0
0.2,2,0.01,18,60,0.9999999999999987,0.7016627317226528,1.0,0.85,0,1,0,1,0.9227739612014652,0.5075959433682172,1,1,-0.1580405838540403,0.1136317762213606,0
0.2,2,0.01,19,61,0.9999921808569581,0.9339851399535484,1.0,0.96,0,0,0,1,1.0,0.8128490879108968,1,0,-0.17732556956018533,0.107310168697466,0
0.2,2,0.02,0,42,0.999999999999997,0.9723692360426114,1.0,1.0,0,0,0,0,0.9777927827808157,0.8848994351249715,0,0,0.22328473871653215,0.04023484430774477,0
0.2,2,0.02,1,43,0.9798932374852786,0.9131069836136745,1.0,1.0,0,0,0,0,0.8840128871975016,0.8273166468582411,0,0,0.2516576134713369,0.048503083898976236,0
0.2,2,0.02,2,44,0.9996934019221374,0.9992953668715424,1.0,1.0,0,0,0,0,0.979007547061038,1.0,0,0,0.12642336205464175,0.05285384437699148,0
0.2,2,0.02,3,45,0.999999999999999,0.9999733068421582,1.0,1.0,0,0,0,0,1.0,0.9858380878585054,0,0,0.10501297649132495,0.05835901709624334,0
0.2,2,0.02,4,46,0.999999999199523,0.9273976185396958,1.0,1.0,0,0,0,0,1.0,0.865692776401316,0,0,0.21673963694988502,0.03346889268335799,0
0.2,2,0.02,5,47,0.9999999999988476,0.9139581840064908,1.0,1.0,0,0,0,0,1.0,0.8124053534528857,0,0,-0.12097801814180494,0.06645742343200867,0
0.2,2,0.02,6,48,0.9999999999981215,0.9999460872321106,1.0,0.72,0,0,0,1,1.0,0.9861605974630944,1,0,-0.13602933989809204,0.11930966781290252,0
0.2,2,0.02,7,49,0.9999999999999979,0.9437827264248878,1.0,1.0,0,0,0,0,1.0,0.8633706582231128,0,0,0.19970301403384247,0.04545664503067503,0
0.2,2,0.02,8,50,0.9999999999975275,0.7332836939179674,1.0,0.67,0,1,0,0,1.0,0.6083096835092037,1,1,-0.15371406034364038,0.14061427184278855,0
0.2,2,0.02,9,51,0.9999999724506231,0.8607698590180911,1.0,0.64,0,0,0,1,1.0,0.7149158098899508,1,0,0.21297228928317113,0.13275179247480295,0
0.2,2,0.02,10,52,0.9999999999999988,0.9476305976475502,1.0,1.0,0,0,0,0,1.0,0.8637230938398427,0,0,0.0889010898693708,0.05067594797089061,0
0.2,2,0.02,11,53,0.999999999999997,0.9999186679810419,1.0,0.94,0,0,0,1,1.0,1.0,1,0,0.06474956401874585,0.044469174458294417,0
0.2,2,0.02,12,54,0.9999999999999847,0.9999990364235851,1.0,1.0,0,0,0,0,0.9732830623327077,0.9891411158590055,0,0,0.40470162996239517,0.01963631566263911,0
0.2,2,0.02,13,55,0.9999999999999984,0.9995092318635381,1.0,1.0,0,0,0,0,1.0,1.0,0,0,0.8009053148261319,0.008634159766455167,0
0.2,2,0.02,14,56,0.9999999999999982,0.9369850452649069,1.0,1.0,0,0,0,0,1.0,0.8341967600341287,0,0,0.21704240569785785,0.04478126332290024,0
0.2,2,0.02,15,57,0.9993924589703538,0.9999911891670614,1.0,1.0,0,0,0,0,1.0,1.0,0,0,0.8768442611385687,0.00830765519401072,0
0.2,2,0.02,16,58,0.999999999999999,0.9923377574046064,1.0,0.97,0,0,0,1,1.0,1.0,1,0,-0.10625963902066173,0.09123387639307394,0
0.2,2,0.02,17,59,0.9999913493528276,0.9968462849320217,1.0,1.0,0,0,0,0,1.0,1.0,0,0,0.4303420845645984,0.045145402480399985,0
0.2,2,0.02,18,60,0.9999999999999987,0.7619428860539503,1.0,0.96,0,1,0,0,0.9743521226904129,0.613896877137704,1,1,-0.03544140422058093,0.07295897305523384,0
0.2,2,0.02,19,61,0.9999962624184544,0.9998323913977877,1.0,1.0,0,0,0,0,1.0,0.9808087006800608,0,0,0.03258478379856017,0.05991028002552737,0
0.2,2,0.05,0,42,0.999999999999998,0.9879495401864707,1.0,1.0,0,0,0,0,1.0,0.980574599392547,0,0,0.8897685459624195,0.006228140773948249,0
0.2,2,0.05,1,43,0.9860965401274949,0.994536032370064,1.0,1.0,0,0,0,0,0.9545061952181644,1.0,0,0,0.6907023253960456,0.010397852669725247,0
0.2,2,0.05,2,44,0.9999999964114551,0.9999903056080478,1.0,1.0,0,0,0,0,1.0,1.0,0,0,0.8642899073485831,0.006722219352024047,0
0.2,2,0.05,3,45,0.999999999999999,0.9999988245123547,1.0,1.0,0,0,0,0,1.0,1.0,0,0,0.6549399214055663,0.01296519971985001,0
0.2,2,0.05,4,46,0.99999999992525,0.9938407649585198,1.0,1.0,0,0,0,0,1.0,1.0,0,0,0.695312860518146,0.007880784373627457,0
0.2,2,0.05,5,47,0.9999999999999982,0.996715509375821,1.0,1.0,0,0,0,0,1.0,1.0,0,0,0.8619741515025883,0.008005306360637308,0
0.2,2,0.05,6,48,0.9999999999996044,0.9999998020023393,1.0,1.0,0,0,0,0,1.0,1.0,0,0,0.19964689553798032,0.031394184052290504,0
0.2,2,0.05,7,49,0.9999999999999981,0.9998962917327069,1.0,1.0,0,0,0,0,1.0,1.0,0,0,0.5737647279381066,0.010668252605057327,0
0.2,2,0.05,8,50,0.9999999999994144,0.9808243939107388,1.0,1.0,0,0,0,0,1.0,1.0,0,0,0.21199000637122195,0.04066266651155358,0
0.2,2,0.05,9,51,0.9999999997410994,0.9495577681470935,1.0,1.0,0,0,0,0,1.0,0.9374758122368373,0,0,0.4121311257736087,0.03776398545275472,0
0.2,2,0.05,10,52,0.9999999999999988,0.997877363667734,1.0,1.0,0,0,0,0,1.0,1.0,0,0,0.9034517870286268,0.0058033336327907555,0
0.2,2,0.05,11,53,0.9999999999999976,0.9999934532875825,1.0,1.0,0,0,0,0,1.0,1.0,0,0,0.4516647772318874,0.014696775448154835,0
0.2,2,0.05,12,54,0.9999999999999968,0.9999999837493706,1.0,1.0,0,0,0,0,1.0,1.0,0,0,0.8761316559111116,0.004393485251546656,0
0.2,2,0.05,13,55,0.9999999999999986,0.9999999999999989,1.0,1.0,0,0,0,0,1.0,1.0,0,0,0.997851882159523,0.0011393560098908974,0
0.2,2,0.05,14,56,0.9999999999999987,0.9719194511027034,1.0,1.0,0,0,0,0,1.0,0.972306484499804,0,0,0.9467701560849787,0.003393652883850502,0
0.2,2,0.05,15,57,0.9999784676721596,0.999999999999999,1.0,1.0,0,0,0,0,1.0,1.0,0,0,0.9278050410474558,0.005769676127556741,0
0.2,2,0.05,16,58,0.999999999999999,0.9995637277800297,1.0,1.0,0,0,0,0,1.0,1.0,0,0,0.5167927603902414,0.01828967898659986,0
0.2,2,0.05,17,59,0.9999987069229139,0.999819516381215,1.0,1.0,0,0,0,0,1.0,1.0,0,0,0.9166841286639889,0.00854734396063245,0
0.2,2,0.05,18,60,0.9999999999999987,0.9072515148561136,1.0,1.0,0,0,0,0,1.0,0.8836005671428405,0,0,0.5527417282780804,0.012659748533639305,0
0.2,2,0.05,19,61,0.9999993147606797,0.9999944807666014,1.0,1.0,0,0,0,0,1.0,1.0,0,0,0.7727412394382573,0.009484474555312723,0
0.2,2,0.1,0,42,0.9999999999999987,0.9879496721371606,1.0,1.0,0,0,0,0,1.0,1.0,0,0,0.9505280492555324,0.003925440259163526,0
0.2,2,0.1,1,43,0.9874177948190821,0.997384193819666,1.0,1.0,0,0,0,0,1.0,1.0,0,0,0.8694991754427306,0.006722878731281115,0
0.2,2,0.1,2,44,0.9999999966620965,0.9999938616264549,1.0,1.0,0,0,0,0,1.0,1.0,0,0,0.9374415711300065,0.004425626869139531,0
0.2,2,0.1,3,45,0.999999999999999,0.9999993564159476,1.0,1.0,0,0,0,0,1.0,1.0,0,0,0.8528964354400848,0.007349510441815723,0
0.2,2,0.1,4,46,0.999999999929959,0.9982256775222189,1.0,1.0,0,0,0,0,1.0,1.0,0,0,0.8893313761891607,0.0045565643779685115,0
0.2,2,0.1,5,47,0.9999999999999984,0.9976990038747067,1.0,1.0,0,0,0,0,1.0,1.0,0,0,0.9249125208674228,0.005650892895839532,0
0.2,2,0.1,6,48,0.9999999999996008,0.9999999447758531,1.0,1.0,0,0,0,0,1.0,1.0,0,0,0.4701472069678891,0.014882680483755382,0
0.2,2,0.1,7,49,0.9999999999999983,0.9999297458798918,1.0,1.0,0,0,0,0,1.0,1.0,0,0,0.8225324964099692,0.005486433222073415,0
0.2,2,0.1,8,50,0.9999999999994144,0.9914647888713194,1.0,1.0,0,0,0,0,1.0,1.0,0,0,0.7040790147139236,0.015535147625312001,0
0.2,2,0.1,9,51,0.999999999736691,0.9785794132963709,1.0,1.0,0,0,0,0,1.0,1.0,0,0,0.7612984203258205,0.0172400773250168,0
0.2,2,0.1,10,52,0.9999999999999988,0.9979050176229175,1.0,1.0,0,0,0,0,1.0,1.0,0,0,0.9495435725786375,0.004106797105296447,0
0.2,2,0.1,11,53,0.9999999999999981,0.9999962499754756,1.0,1.0,0,0,0,0,1.0,1.0,0,0,0.7906703180975058,0.007153819135287572,0
0.2,2,0.1,12,54,0.9999999999999968,0.9999999930141749,1.0,1.0,0,0,0,0,1.0,1.0,0,0,0.950401583905807,0.0025298557360841035,0
0.2,2,0.1,13,55,0.9999999999999987,0.999999999999999,1.0,1.0,0,0,0,0,1.0,1.0,0,0,0.9975346104654591,0.0011859546267339017,0
0.2,2,0.1,14,56,0.9999999999999987,0.9870651639740764,1.0,1.0,0,0,0,0,1.0,1.0,0,0,0.9725613177772242,0.0024105753227754933,0
0.2,2,0.1,15,57,0.9999784676721566,0.999999999999999,1.0,1.0,0,0,0,0,1.0,1.0,0,0,0.9526497021759076,0.004736939810563151,0
0.2,2,0.1,16,58,0.999999999999999,0.9998689277149185,1.0,1.0,0,0,0,0,1.0,1.0,0,0,0.7979657185431622,0.008996518769980337,0
0.2,2,0.1,17,59,0.9999987069033102,0.9999517827633482,1.0,1.0,0,0,0,0,1.0,1.0,0,0,0.9745056241544432,0.0039117785569611355,0
0.2,2,0.1,18,60,0.9999999999999987,0.9750320017530434,1.0,1.0,0,0,0,0,1.0,1.0,0,0,0.7865983807761575,0.008140995394097301,0
0.2,2,0.1,19,61,0.9999992890828565,0.999997378943807,1.0,1.0,0,0,0,0,1.0,1.0,0,0,0.9073476037811755,0.0058699230626363865,0
0.2,2,0.2,0,42,0.9999999999999989,0.9879496721371599,1.0,1.0,0,0,0,0,1.0,1.0,0,0,0.9527184200036561,0.0037608895307881984,0
0.2,2,0.2,1,43,0.987417794803924,0.9973841937599509,1.0,1.0,0,0,0,0,1.0,1.0,0,0,0.871755379330821,0.006727561932568269,0
0.2,2,0.2,2,44,0.9999999966620965,0.9999938616264549,1.0,1.0,0,0,0,0,1.0,1.0,0,0,0.9374415711300065,0.004425626869139531,0
0.2,2,0.2,3,45,0.999999999999999,0.9999993579869938,1.0,1.0,0,0,0,0,1.0,1.0,0,0,0.8604395918169931,0.007219650436853212,0
0.2,2,0.2,4,46,0.999999999929959,0.9982256775222189,1.0,1.0,0,0,0,0,1.0,1.0,0,0,0.8893313761891607,0.0045565643779685115,0
0.2,2,0.2,5,47,0.9999999999999984,0.9976990038746968,1.0,1.0,0,0,0,0,1.0,1.0,0,0,0.9292102803657073,0.005510123777018423,0
0.2,2,0.2,6,48,0.9999999999996008,0.9999999447372664,1.0,1.0,0,0,0,0,1.0,1.0,0,0,0.5410768818300241,0.013363195472593797,0
0.2,2,0.2,7,49,0.9999999999999986,0.9999297455861135,1.0,1.0,0,0,0,0,1.0,1.0,0,0,0.8332459786402704,0.005203146476561232,0
0.2,2,0.2,8,50,0.9999999999994142,0.9914647452764033,1.0,1.0,0,0,0,0,1.0,1.0,0,0,0.6930333087900882,0.0151990370689837,0
0.2,2,0.2,9,51,0.9999999997366803,0.9785794132953023,1.0,1.0,0,0,0,0,1.0,1.0,0,0,0.7740218986733086,0.016154483219337563,0
0.2,2,0.2,10,52,0.9999999999999988,0.9979050176229175,1.0,1.0,0,0,0,0,1.0,1.0,0,0,0.9495435725786375,0.004106797105296447,0
0.2,2,0.2,11,53,0.9999999999999983,0.9999962499753537,1.0,1.0,0,0,0,0,1.0,1.0,0,0,0.8033887676993705,0.006655014597201275,0
0.2,2,0.2,12,54,0.9999999999999968,0.9999999930141747,1.0,1.0,0,0,0,0,1.0,1.0,0,0,0.9502428966680697,0.0025478438050521523,0
0.2,2,0.2,13,55,0.9999999999999987,0.999999999999999,1.0,1.0,0,0,0,0,1.0,1.0,0,0,0.9975346104654591,0.0011859546267339017,0
0.2,2,0.2,14,56,0.9999999999999987,0.9870651639740764,1.0,1.0,0,0,0,0,1.0,1.0,0,0,0.9725613177772242,0.0024105753227754933,0
0.2,2,0.2,15,57,0.9999784676721536,0.999999999999999,1.0,1.0,0,0,0,0,1.0,1.0,0,0,0.9702833285015138,0.003933650881082436,0
0.2,2,0.2,16,58,0.999999999999999,0.9998689277149185,1.0,1.0,0,0,0,0,1.0,1.0,0,0,0.7979657185431622,0.008996518769980337,0
0.2,2,0.2,17,59,0.9999987069033073,0.999951782763298,1.0,1.0,0,0,0,0,1.0,1.0,0,0,0.9726276326186738,0.00357389823067065,0
0.2,2,0.2,18,60,0.9999999999999987,0.9762968663087482,1.0,1.0,0,0,0,0,1.0,1.0,0,0,0.7978723919219923,0.008020953636113784,0
0.2,2,0.2,19,61,0.9999992890828565,0.999997378943807,1.0,1.0,0,0,0,0,1.0,1.0,0,0,0.9073476037811755,0.0058699230626363865,0
0.4,0,0.0,0,42,0.9999999999999944,0.8480022642416429,1.0,0.93,0,0,0,1,0.9611225121171337,0.6768196702471095,1,0,-0.37154517485133554,0.12552209545553267,0
0.4,0,0.0,1,43,0.9781792804821758,0.8165018140669726,1.0,0.85,0,0,0,1,0.8511742920701975,0.6772628385540334,1,0,-0.035151840486215086,0.12772054492896184,0
0.4,0,0.0,2,44,0.9986451901220287,0.933060461992763,1.0,0.89,0,0,0,1,0.8890867557701634,0.7924284233808491,1,0,-0.11287551973449682,0.12444381422985153,0
0.4,0,0.0,3,45,0.9999991057264954,0.9959828050577596,1.0,0.66,0,0,0,1,1.0,0.8966000898969,1,0,-0.12191846658653503,0.13206762172269992,0
0.4,0,0.0,4,46,0.9999999946812017,0.8309124296602483,1.0,0.9,0,0,0,1,1.0,0.7166657658903061,1,0,-0.11608164025755977,0.11227204256218229,0
0.4,0,0.0,5,47,0.9999997473680355,0.8179981173005463,1.0,0.77,0,0,0,1,1.0,0.658908199826048,1,0,-0.6721146482680721,0.1291133873649779,0
0.4,0,0.0,6,48,0.9999999692243287,0.9318466821475849,1.0,0.48,0,0,0,1,0.9566582293753366,0.7778082293485045,1,0,-0.22025365271589192,0.20214741371986908,0
0.4,0,0.0,7,49,0.9999999953139853,0.8543531981166875,1.0,0.88,0,0,0,1,0.9903140198401417,0.7132777061330771,1,0,-0.09403691190969098,0.12724765554013331,0
0.4,0,0.0,8,50,0.9999999999372199,0.6048673276298272,1.0,0.52,0,1,0,1,1.0,0.38240153212553035,1,1,-0.3054825542898408,0.23350660893958491,0
0.4,0,0.0,9,51,0.9829886904941202,0.7530884765482567,1.0,0.42,0,1,0,1,0.8243438209243108,0.549197008895235,1,1,0.4860520804348379,0.2004072888043745,0
0.4,0,0.0,10,52,0.9999999999999984,0.8626833473150244,1.0,0.81,0,0,0,1,0.9997261447857989,0.7085018709749973,1,0,-0.2354390197180303,0.12481893223716507,0
0.4,0,0.0,11,53,0.9999999999999961,0.9902991469391148,1.0,0.84,0,0,0,1,0.9406475265211108,0.8798541535847977,1,0,-0.2089857213252882,0.11753100727846628,0
0.4,0,0.0,12,54,0.995358971501809,0.9591330724951983,1.0,0.97,0,0,0,1,0.862457596361879,0.815122606820827,1,0,0.12280504198668167,0.05909482951088705,0
0.4,0,0.0,13,55,0.9999999585131037,0.9496006626764544,1.0,1.0,0,0,0,0,0.9919554999245263,0.8319313463860092,0,0,0.007522199571972578,0.06979866682052534,0
0.4,0,0.0,14,56,0.9999999999999938,0.8104840355074967,1.0,0.86,0,0,0,1,0.9167500781563475,0.6137309390932347,1,0,-0.09910160187785301,0.12184291775755478,0
0.4,0,0.0,15,57,0.9754969630094081,0.9368686383056924,1.0,1.0,0,0,0,0,0.8259521745947739,0.7955044603253696,0,0,-0.15172409946877272,0.06687640991776402,0
0.4,0,0.0,16,58,0.9999999904710029,0.9268702034999916,1.0,0.54,0,0,0,1,1.0,0.8170658374560836,1,0,-0.3717082903563785,0.1751846122841696,0
0.4,0,0.0,17,59,0.999962249833148,0.9317197141164976,1.0,0.84,0,0,0,1,1.0,0.8031397636416033,1,0,-0.04732857383108913,0.10673780853118593,0
0.4,0,0.0,18,60,0.9987221475818812,0.6666565365438896,1.0,0.64,0,1,0,1,0.875105949153734,0.43650858019806754,1,1,-0.18520714127417245,0.13678128782049273,0
0.4,0,0.0,19,61,0.9999688292116206,0.8982345188437807,1.0,0.75,0,0,0,1,1.0,0.7449795587150982,1,0,-0.28193684276242365,0.1381090900865872,0
0.4,0,0.01,0,42,0.9999999999999959,0.9066440216604112,1.0,1.0,0,0,0,0,0.96869951996383,0.7624767406356922,0,0,-0.04139815992207041,0.07903390374327952,0
0.4,0,0.01,1,43,0.9806966847540763,0.881687822346464,1.0,0.95,0,0,0,1,0.8726027409169089,0.7668199300754729,1,0,0.11623203675230195,0.08380898939685216,0
0.4,0,0.01,2,44,0.9995948570059329,0.9950476890795176,1.0,1.0,0,0,0,0,0.9333921317856906,0.9096285911013653,0,0,0.0362408442747768,0.07872037696731182,0
0.4,0,0.01,3,45,0.9999999999999989,0.999945606803592,1.0,0.96,0,0,0,1,1.0,0.9604280735563301,1,0,0.014563810044494915,0.08312530794294581,0
0.4,0,0.01,4,46,0.9999999982506462,0.8937179715911627,1.0,0.95,0,0,0,1,1.0,0.8077185849586834,1,0,0.017720733562650807,0.0640799024558991,0
0.4,0,0.01,5,47,0.9999999999757967,0.8702529485262928,1.0,1.0,0,0,0,0,1.0,0.7392850834400952,0,0,-0.4925821803737077,0.09280714980026382,0
0.4,0,0.01,6,48,0.999999999997649,0.9998632374703739,1.0,0.68,0,0,0,1,1.0,0.9493445192513937,1,0,-0.18217778754818165,0.14929467715256528,0
0.4,0,0.01,7,49,0.9999999992432705,0.9017980360393211,1.0,0.98,0,0,0,1,1.0,0.7842391352788852,1,0,0.06127848541911284,0.07707252015047,0
0.4,0,0.01,8,50,0.9999999999967817,0.6952621163509961,1.0,0.63,0,1,0,1,1.0,0.5352833368726421,1,1,-0.2214693806181124,0.17959483909813492,0
0.4,0,0.01,9,51,0.9993495249858297,0.8014218238428916,1.0,0.52,0,0,0,1,0.9159573682689464,0.6278369795578737,1,0,0.43005451808723816,0.15433405624132757,0
0.4,0,0.01,10,52,0.9999999999999987,0.9124710698466015,1.0,1.0,0,0,0,0,1.0,0.7862255852864445,0,0,-0.01395047208758322,0.07192514343910289,0
0.4,0,0.01,11,53,0.9999999999999967,0.9993091549261253,1.0,0.9,0,0,0,1,1.0,0.9994412505664565,1,0,-0.03003914614377597,0.06645934039156755,0
0.4,0,0.01,12,54,0.9995689233905838,0.9999306324068838,1.0,1.0,0,0,0,0,0.9199085587034319,0.9666744221443657,0,0,0.33572583183145355,0.029131769317726028,0
0.4,0,0.01,13,55,0.9999999997196629,0.9959262852234391,1.0,1.0,0,0,0,0,1.0,0.9770916947876169,0,0,0.5357436821210928,0.022637754176464547,0
0.4,0,0.01,14,56,0.9999999999999967,0.8964873964951257,1.0,1.0,0,0,0,0,0.9900657340124825,0.7375576687103038,0,0,0.1272901628391824,0.0713942575577879,0
0.4,0,0.01,15,57,0.9974912669200351,0.9998442982976407,1.0,1.0,0,0,0,0,0.9209761352664043,0.9503051123546598,0,0,0.35037141094743,0.027886283522721992,0
0.4,0,0.01,16,58,0.9999999999999989,0.9794399536811768,1.0,0.83,0,0,0,1,1.0,0.9231243010333899,1,0,-0.21871377439515105,0.12263982642443941,0
0.4,0,0.01,17,59,0.9999829006356529,0.991130677755286,1.0,1.0,0,0,0,0,1.0,0.9202314413401864,0,0,0.298043258635105,0.06475875408743333,0
0.4,0,0.01,18,60,0.9999999999999987,0.7222102076351147,1.0,0.94,0,1,0,0,0.9268835849381784,0.5370615217205618,1,1,-0.10806789330915402,0.09571742406382924,0
0.4,0,0.01,19,61,0.9999969268166078,0.9680414372076478,1.0,1.0,0,0,0,0,1.0,0.8600464185608189,0,0,-0.09639346559480641,0.08851700966154052,0
0.4,0,0.02,0,42,0.999999999999997,0.9870708838769481,1.0,1.0,0,0,0,0,0.9793252299115162,0.9387441704717043,0,0,0.4264772155074047,0.027190613081126944,0
0.4,0,0.02,1,43,0.9824565184248412,0.9287804031922806,1.0,1.0,0,0,0,0,0.8912900266926506,0.8446344260658064,0,0,0.3624143972476661,0.034080579855749825,0
0.4,0,0.02,2,44,0.9999999747025997,0.9998378934937925,1.0,1.0,0,0,0,0,0.9871973793499524,1.0,0,0,0.2486667588273035,0.035002871846488245,0
0.4,0,0.02,3,45,0.9999999999999989,0.9999818879022021,1.0,1.0,0,0,0,0,1.0,0.9964883445043861,0,0,0.18022653007660355,0.04634478887993832,0
0.4,0,0.02,4,46,0.9999999991979949,0.9579665446211176,1.0,1.0,0,0,0,0,1.0,0.9057241314486517,0,0,0.32651967885802896,0.024748761801734943,0
0.4,0,0.02,5,47,0.9999999999999885,0.9478209134856359,1.0,1.0,0,0,0,0,1.0,0.861473241909264,0,0,0.06075040542804602,0.04997611709067898,0
0.4,0,0.02,6,48,0.999999999998907,0.9999830719015363,1.0,0.8,0,0,0,1,1.0,0.9966426156175983,1,0,-0.07595707781361502,0.09708829151181363,0
0.4,0,0.02,7,49,0.9999999999999979,0.9745986744147987,1.0,1.0,0,0,0,0,1.0,0.9070929205556678,0,0,0.30148073258187463,0.03320421865394879,0
0.4,0,0.02,8,50,0.9999999999983011,0.7907908497942602,1.0,0.68,0,1,0,0,1.0,0.6924641980834173,1,1,-0.10144835121506526,0.11694855680306679,0
0.4,0,0.02,9,51,0.9999999832667967,0.8905448306067926,1.0,0.72,0,0,0,1,1.0,0.7562361013102825,1,0,0.18181289142962737,0.1149672226514474,0
0.4,0,0.02,10,52,0.9999999999999988,0.9723583111041478,1.0,1.0,0,0,0,0,1.0,0.9037227936713438,0,0,0.20548593472960425,0.03731521511596237,0
0.4,0,0.02,11,53,0.9999999999999971,0.9999565350252136,1.0,1.0,0,0,0,0,1.0,1.0,0,0,0.13697899611197417,0.03450673990471232,0
0.4,0,0.02,12,54,0.9999999999999902,0.9999995419177642,1.0,1.0,0,0,0,0,0.9770170358867504,0.9887671159567217,0,0,0.4899071761698554,0.016281035830410892,0
0.4,0,0.02,13,55,0.9999999999999986,0.9999984468181012,1.0,1.0,0,0,0,0,1.0,1.0,0,0,0.8944421102385032,0.005621142952969302,0
0.4,0,0.02,14,56,0.9999999999999984,0.9461128494486485,1.0,1.0,0,0,0,0,1.0,0.8509721566016937,0,0,0.28983425742267177,0.036857106032786184,0
0.4,0,0.02,15,57,0.9998498080007655,0.999999999999995,1.0,1.0,0,0,0,0,1.0,1.0,0,0,0.8963342038102781,0.007653209297106216,0
0.4,0,0.02,16,58,0.9999999999999989,0.9957338701156204,1.0,1.0,0,0,0,0,1.0,1.0,0,0,-0.020345928386367965,0.0715476312485589,0
0.4,0,0.02,17,59,0.9999917440759721,0.9980796552434587,1.0,1.0,0,0,0,0,1.0,1.0,0,0,0.5377643786652355,0.03741058166458337,0
0.4,0,0.02,18,60,0.9999999999999987,0.7861998050140497,1.0,0.97,0,1,0,0,0.9723096335175716,0.6449015175504046,1,1,0.040913453033498276,0.056841086466741846,0
0.4,0,0.02,19,61,0.9999982212162882,0.9999322708923352,1.0,1.0,0,0,0,0,1.0,0.99255756115605,0,0,0.1467727523520399,0.04425259919704147,0
0.4,0,0.05,0,42,0.9999999999999987,0.9895255409297926,1.0,1.0,0,0,0,0,1.0,0.9816770721650249,0,0,0.9334157898076961,0.00458746355601231,0
0.4,0,0.05,1,43,0.9883690931107046,0.9959683434681877,1.0,1.0,0,0,0,0,0.9590848083598956,1.0,0,0,0.706374545554125,0.009605856033692718,0
0.4,0,0.05,2,44,0.9999999968078208,0.9999943824685993,1.0,1.0,0,0,0,0,1.0,1.0,0,0,0.8937490986361628,0.005120344464664281,0
0.4,0,0.05,3,45,0.999999999999999,0.9999991006719603,1.0,1.0,0,0,0,0,1.0,1.0,0,0,0.6755008186054847,0.01024415217527117,0
0.4,0,0.05,4,46,0.9999999999239523,0.9956235779323312,1.0,1.0,0,0,0,0,1.0,1.0,0,0,0.756930043249597,0.006432606036407867,0
0.4,0,0.05,5,47,0.9999999999999987,0.997584648091167,1.0,1.0,0,0,0,0,1.0,1.0,0,0,0.9194802567962549,0.0060077576520704504,0
0.4,0,0.05,6,48,0.9999999999997182,0.9999998363721927,1.0,1.0,0,0,0,0,1.0,1.0,0,0,0.2299058325965884,0.026159379322167064,0
0.4,0,0.05,7,49,0.9999999999999986,0.9999409085128517,1.0,1.0,0,0,0,0,1.0,1.0,0,0,0.6135788549255801,0.009045770970070043,0
0.4,0,0.05,8,50,0.999999999999573,0.9891293443329898,1.0,1.0,0,0,0,0,1.0,1.0,0,0,0.29462258054051077,0.030187763183808145,0
0.4,0,0.05,9,51,0.9999999998427282,0.9599367268252167,1.0,1.0,0,0,0,0,1.0,0.9559837087655503,0,0,0.4192097902873287,0.030872537358192752,0
0.4,0,0.05,10,52,0.9999999999999989,0.9992126056077149,1.0,1.0,0,0,0,0,1.0,1.0,0,0,0.9238301380422344,0.004910852687009536,0
0.4,0,0.05,11,53,0.9999999999999983,0.9999957790194461,1.0,1.0,0,0,0,0,1.0,1.0,0,0,0.5244741701712194,0.011714648010691785,0
0.4,0,0.05,12,54,0.999999999999997,0.9999999880757309,1.0,1.0,0,0,0,0,1.0,1.0,0,0,0.8944391482304068,0.003754951571524966,0
0.4,0,0.05,13,55,0.9999999999999987,0.999999999999999,1.0,1.0,0,0,0,0,1.0,1.0,0,0,0.9979365800173472,0.0012217030963171105,0
0.4,0,0.05,14,56,0.9999999999999988,0.9800483506547902,1.0,1.0,0,0,0,0,1.0,0.9863930241042012,0,0,0.9635806575995929,0.00258220320745735,0
0.4,0,0.05,15,57,0.999999999999997,0.999999999999999,1.0,1.0,0,0,0,0,1.0,1.0,0,0,0.952771023358887,0.004909710133770259,0
0.4,0,0.05,16,58,0.999999999999999,0.9997199863124712,1.0,1.0,0,0,0,0,1.0,1.0,0,0,0.6004403756011326,0.014302937224512466,0
0.4,0,0.05,17,59,0.9999988040221791,0.9998946053424816,1.0,1.0,0,0,0,0,1.0,1.0,0,0,0.9409541220542613,0.006009744988890211,0
0.4,0,0.05,18,60,0.9999999999999989,0.9150336006215026,1.0,1.0,0,0,0,0,1.0,0.8951256246332893,0,0,0.58503255756772,0.010526293346737225,0
0.4,0,0.05,19,61,0.9999999999999989,0.9999954859186064,1.0,1.0,0,0,0,0,1.0,1.0,0,0,0.8444137960096713,0.0073602439865838075,0
0.4,0,0.1,0,42,0.999999999999999,0.9895256812108646,1.0,1.0,0,0,0,0,1.0,1.0,0,0,0.9610318069276518,0.003293176468738991,0
0.4,0,0.1,1,43,0.989269350733768,0.9978461150301985,1.0,1.0,0,0,0,0,1.0,1.0,0,0,0.8671967032940349,0.0061202529965274114,0
0.4,0,0.1,2,44,0.9999999971256969,0.9999967071339718,1.0,1.0,0,0,0,0,1.0,1.0,0,0,0.9474914048744708,0.0036128304594609862,0
0.4,0,0.1,3,45,0.999999999999999,0.9999994478509219,1.0,1.0,0,0,0,0,1.0,1.0,0,0,0.8492127657985767,0.005790624838750237,0
0.4,0,0.1,4,46,0.9999999999366168,0.998533373404381,1.0,1.0,0,0,0,0,1.0,1.0,0,0,0.9026455665629658,0.004036859391255582,0
0.4,0,0.1,5,47,0.9999999999999989,0.9980931291969485,1.0,1.0,0,0,0,0,1.0,1.0,0,0,0.9628756316943409,0.003871307156305578,0
0.4,0,0.1,6,48,0.9999999999997173,0.9999999490142177,1.0,1.0,0,0,0,0,1.0,1.0,0,0,0.5149956439174329,0.012949005931579447,0
0.4,0,0.1,7,49,0.999999999999999,0.9999561984935594,1.0,1.0,0,0,0,0,1.0,1.0,0,0,0.8553094504082546,0.004029323105031148,0
0.4,0,0.1,8,50,0.9999999999995731,0.9939899090659798,1.0,1.0,0,0,0,0,1.0,1.0,0,0,0.7005625052124077,0.012650012504987011,0
0.4,0,0.1,9,51,0.9999999998401942,0.9841277999678805,1.0,1.0,0,0,0,0,1.0,1.0,0,0,0.733876738052405,0.013626619772909566,0
0.4,0,0.1,10,52,0.999999999999999,0.9992335977314488,1.0,1.0,0,0,0,0,1.0,1.0,0,0,0.9566651063738623,0.003559983239391494,0
0.4,0,0.1,11,53,0.9999999999999989,0.9999971552889891,1.0,1.0,0,0,0,0,1.0,1.0,0,0,0.8219841570062334,0.005442939347412662,0
0.4,0,0.1,12,54,0.999999999999997,0.9999999943494327,1.0,1.0,0,0,0,0,1.0,1.0,0,0,0.9510904534950482,0.002621399658532112,0
0.4,0,0.1,13,55,0.9999999999999989,0.999999999999999,1.0,1.0,0,0,0,0,1.0,1.0,0,0,0.9987186986746017,0.0010571969622202337,0
0.4,0,0.1,14,56,0.9999999999999989,0.9888584730232376,1.0,1.0,0,0,0,0,1.0,1.0,0,0,0.9748533862991849,0.002253471385038701,0
0.4,0,0.1,15,57,0.9999999999999983,0.999999999999999,1.0,1.0,0,0,0,0,1.0,1.0,0,0,0.9910687662693544,0.0027439329507265397,0
0.4,0,0.1,16,58,0.999999999999999,0.9998984987598071,1.0,1.0,0,0,0,0,1.0,1.0,0,0,0.831264667415028,0.0076048358731338524,0
0.4,0,0.1,17,59,0.9999988511202702,0.9999682727926128,1.0,1.0,0,0,0,0,1.0,1.0,0,0,0.9749803892725031,0.0027403791673524247,0
0.4,0,0.1,18,60,0.999999999999999,0.9768040788462747,1.0,1.0,0,0,0,0,1.0,1.0,0,0,0.8042047021599332,0.006756062793816565,0
0.4,0,0.1,19,61,0.9999999999999989,0.9999977061855213,1.0,1.0,0,0,0,0,1.0,1.0,0,0,0.9334019923732286,0.004642246403425156,0
0.4,0,0.2,0,42,0.999999999999999,0.9895256812108646,1.0,1.0,0,0,0,0,1.0,1.0,0,0,0.9613269713578774,0.003221914884158649,0
0.4,0,0.2,1,43,0.9892693507332743,0.9978461150300313,1.0,1.0,0,0,0,0,1.0,1.0,0,0,0.8709304850015954,0.005653085113650172,0
0.4,0,0.2,2,44,0.9999999971256969,0.9999967071339718,1.0,1.0,0,0,0,0,1.0,1.0,0,0,0.9464004795059732,0.003651006348609509,0
0.4,0,0.2,3,45,0.999999999999999,0.9999994493713615,1.0,1.0,0,0,0,0,1.0,1.0,0,0,0.8497645020968653,0.005844445346697572,0
0.4,0,0.2,4,46,0.9999999999366168,0.998533373404381,1.0,1.0,0,0,0,0,1.0,1.0,0,0,0.9026540949329627,0.004029440688711223,0
0.4,0,0.2,5,47,0.999999999999999,0.9980931291969484,1.0,1.0,0,0,0,0,1.0,1.0,0,0,0.9635884799862415,0.00372247452431544,0
0.4,0,0.2,6,48,0.9999999999997174,0.9999999490222127,1.0,1.0,0,0,0,0,1.0,1.0,0,0,0.580295119504186,0.011587407868614697,0
0.4,0,0.2,7,49,0.999999999999999,0.9999561985257451,1.0,1.0,0,0,0,0,1.0,1.0,0,0,0.8655165219425166,0.003754484112411941,0
0.4,0,0.2,8,50,0.9999999999995731,0.9939898912716522,1.0,1.0,0,0,0,0,1.0,1.0,0,0,0.6915250512737335,0.012639570866267331,0
0.4,0,0.2,9,51,0.9999999998401926,0.9841277999678806,1.0,1.0,0,0,0,0,1.0,1.0,0,0,0.7247146546896318,0.012385907475818145,0
0.4,0,0.2,10,52,0.999999999999999,0.9992335977314487,1.0,1.0,0,0,0,0,1.0,1.0,0,0,0.9574997938613828,0.003382277920141682,0
0.4,0,0.2,11,53,0.999999999999999,0.9999971552889891,1.0,1.0,0,0,0,0,1.0,1.0,0,0,0.8245401510058967,0.005045767063056229,0
0.4,0,0.2,12,54,0.9999999999999971,0.9999999943494327,1.0,1.0,0,0,0,0,1.0,1.0,0,0,0.9513883917822641,0.0024462251036819326,0
0.4,0,0.2,13,55,0.999999999999999,0.999999999999999,1.0,1.0,0,0,0,0,1.0,1.0,0,0,0.9999999999999998,0.0006868567649944835,0
0.4,0,0.2,14,56,0.999999999999999,0.9888584730232376,1.0,1.0,0,0,0,0,1.0,1.0,0,0,0.9738066229980117,0.0021480284566679875,0
0.4,0,0.2,15,57,0.9999999999999987,0.999999999999999,1.0,1.0,0,0,0,0,1.0,1.0,0,0,0.9981064247295512,0.0019790860378867668,0
0.4,0,0.2,16,58,0.999999999999999,0.9998984987598071,1.0,1.0,0,0,0,0,1.0,1.0,0,0,0.831264667415028,0.0076048358731338524,0
0.4,0,0.2,17,59,0.9999988511202705,0.9999682727926124,1.0,1.0,0,0,0,0,1.0,1.0,0,0,0.9667340843896471,0.0029474612856412986,0
0.4,0,0.2,18,60,0.999999999999999,0.9777325935458431,1.0,1.0,0,0,0,0,1.0,1.0,0,0,0.8138218195174562,0.006591571851167004,0
0.4,0,0.2,19,61,0.999999999999999,0.9999977061855212,1.0,1.0,0,0,0,0,1.0,1.0,0,0,0.9341438383155346,0.004491499629602508,0
0.4,1,0.0,0,42,0.9999999999999947,0.8273509376802122,1.0,0.85,0,0,0,1,0.9594661820510081,0.653168675003565,1,0,-0.5180533053780739,0.14480972802169378,0
0.4,1,0.0,1,43,0.9747738338228287,0.7937849456429984,1.0,0.77,0,1,0,1,0.8386954895039433,0.6449567916236438,1,1,-0.10633361684921226,0.14700031313534465,0
0.4,1,0.0,2,44,0.99381527377496,0.9153200293041637,1.0,0.71,0,0,0,1,0.8620303304506152,0.7755836622876702,1,0,-0.16870017334164988,0.14398463799183317,0
0.4,1,0.0,3,45,0.999997292432549,0.9780250847836504,1.0,0.59,0,0,0,1,1.0,0.8520484831900841,1,0,-0.18214668756788585,0.15510018992223065,0
0.4,1,0.0,4,46,0.9999999925369145,0.7943849883557098,1.0,0.87,0,1,0,0,1.0,0.6647704643327993,1,1,-0.15651967071412995,0.12910113693205927,0
0.4,1,0.0,5,47,0.9999944491668913,0.7937550972295684,1.0,0.58,0,1,0,1,1.0,0.6306840025917609,1,1,-0.7365601958097986,0.15125383916023938,0
0.4,1,0.0,6,48,0.9999999017781507,0.9075075506968537,1.0,0.41,0,0,0,1,0.9487562406056674,0.7500943488811009,1,0,-0.15746699861361257,0.23207306499588426,0
0.4,1,0.0,7,49,0.9999999931601639,0.8274176199693564,1.0,0.8,0,0,0,1,0.9889725118331784,0.6830506010820518,1,0,-0.15125689874188217,0.1461599769477025,0
0.4,1,0.0,8,50,0.9999999994208334,0.5467905040370306,1.0,0.47,0,1,0,1,1.0,0.2962551093484544,1,1,-0.3509042423262313,0.25987918499668183,0
0.4,1,0.0,9,51,0.9744479178767997,0.7303340287367908,1.0,0.4,0,1,0,1,0.8168701402160967,0.5151776716074546,1,1,0.49318449827289207,0.22911600097758927,0
0.4,1,0.0,10,52,0.9999999999999986,0.8273422047422528,1.0,0.67,0,0,0,1,1.0,0.6725160741293463,1,0,-0.2925431706787177,0.1464539975508768,0
0.4,1,0.0,11,53,0.9999999999999961,0.9722251680731006,1.0,0.77,0,0,0,1,0.9189362514790057,0.84893829454805,1,0,-0.2816961357453221,0.13830301715134452,0
0.4,1,0.0,12,54,0.9932331261088924,0.9398543663573361,1.0,0.9,0,0,0,1,0.8555821558000337,0.7887703530063578,1,0,-0.024849549699818212,0.07732386974825683,0
0.4,1,0.0,13,55,0.9999999385075766,0.9242584055514133,1.0,1.0,0,0,0,0,0.9799481346460244,0.8058282738330265,0,0,-0.15694908570420352,0.08529132005351131,0
0.4,1,0.0,14,56,0.9999999999999939,0.7924886379944842,1.0,0.72,0,1,0,1,0.9032344485943778,0.5910096688728517,1,1,-0.2354437673399798,0.14215704839289414,0
0.4,1,0.0,15,57,0.9660760058548601,0.9129775142027309,1.0,1.0,0,0,0,0,0.8202075207468926,0.7694130526296505,0,0,-0.2925640641779571,0.08204833939376005,0
0.4,1,0.0,16,58,0.9999999143919217,0.8891562894908789,1.0,0.41,0,0,0,1,0.9983200927409347,0.7837377135236203,1,0,-0.43478907771278125,0.2031580473240923,0
0.4,1,0.0,17,59,0.9999532197476778,0.9048546176715776,1.0,0.78,0,0,0,1,1.0,0.7793609786168088,1,0,-0.19563647226484404,0.12442695073288355,0
0.4,1,0.0,18,60,0.9981566975040755,0.6339835841001092,1.0,0.48,0,1,0,1,0.8629045915224582,0.38683072956478737,1,1,-0.22440403614683957,0.16154307195760126,0
0.4,1,0.0,19,61,0.9999382763589804,0.8787903538632168,1.0,0.58,0,0,0,1,1.0,0.7242183222776437,1,0,-0.32868600194811176,0.16097599168109952,0
0.4,1,0.01,0,42,0.9999999999999958,0.8771048686946733,1.0,1.0,0,0,0,0,0.9673118714499451,0.7295107050426801,0,0,-0.23531823133031107,0.0994696256488162,0
0.4,1,0.01,1,43,0.9784980015693355,0.8549846449764221,1.0,0.91,0,0,0,1,0.8666962476384544,0.7393201144636388,1,0,0.02366463544867103,0.10365752209882867,0
0.4,1,0.01,2,44,0.9990502762779832,0.9704933250436841,1.0,0.95,0,0,0,1,0.9248200035043065,0.8724681570243091,1,0,-0.051495142185189836,0.0972754587920636,0
0.4,1,0.01,3,45,0.9999993119133744,0.9998240052718446,1.0,0.84,0,0,0,1,1.0,0.9483197577211856,1,0,-0.04971368126216397,0.1008621592799449,0
0.4,1,0.01,4,46,0.9999999976147594,0.8611220092068582,1.0,0.92,0,0,0,1,1.0,0.7720985717643845,1,0,-0.07237052716676218,0.08441487358414207,0
0.4,1,0.01,5,47,0.9999999999548567,0.8466366849778894,1.0,0.93,0,0,0,1,1.0,0.712593410774764,1,0,-0.6359337089144578,0.11074706017384849,0
0.4,1,0.01,6,48,0.9999999999961912,0.9876546547253883,1.0,0.56,0,0,0,1,1.0,0.8922282497836564,1,0,-0.23049969363378942,0.1753177667792864,0
0.4,1,0.01,7,49,0.9999999987493103,0.8790941370461185,1.0,0.93,0,0,0,1,1.0,0.7613299494049731,1,0,-0.057671467591148474,0.09791804462527502,0
0.4,1,0.01,8,50,0.9999999999960237,0.6362560064774009,1.0,0.57,0,1,0,1,1.0,0.4482869474581711,1,1,-0.2633714877654974,0.20590616131067932,0
0.4,1,0.01,9,51,0.9978611205347919,0.7767218761405921,1.0,0.46,0,1,0,1,0.9000339477997122,0.5962859143182031,1,1,0.4643559111786388,0.18451526559551698,0
0.4,1,0.01,10,52,0.9999999999999987,0.8899903677035104,1.0,1.0,0,0,0,0,1.0,0.7591488354130163,0,0,-0.09392507025570844,0.09133152077241767,0
0.4,1,0.01,11,53,0.9999999999999967,0.9981227838496216,1.0,0.88,0,0,0,1,0.997429965158147,0.9834460095926629,1,0,-0.12203157117335751,0.0873992017447188,0
0.4,1,0.01,12,54,0.9985783214723528,0.9995238619342877,1.0,1.0,0,0,0,0,0.911604982268848,0.9427220565035953,0,0,0.22283407479548886,0.03785135016468865,0
0.4,1,0.01,13,55,0.999999997942355,0.991350500931353,1.0,1.0,0,0,0,0,1.0,0.9439486749911477,0,0,0.3256567222533928,0.0382903006257302,0
0.4,1,0.01,14,56,0.9999999999999967,0.8618189746305189,1.0,1.0,0,0,0,0,0.9823390671411745,0.6928045171541088,0,0,0.008515278354017452,0.09215826763029858,0
0.4,1,0.01,15,57,0.9945834744545563,0.9948524942763511,1.0,1.0,0,0,0,0,0.8972484811662597,0.903920208863916,0,0,0.06856974719583399,0.04255078931094355,0
0.4,1,0.01,16,58,0.9999999999999989,0.9591090417757733,1.0,0.72,0,0,0,1,1.0,0.8821106529962782,1,0,-0.2940546880350801,0.145750106608292,0
0.4,1,0.01,17,59,0.9999801791460334,0.9676879577336848,1.0,0.95,0,0,0,1,1.0,0.8792384771709549,1,0,0.12018513332625433,0.0836497886832566,0
0.4,1,0.01,18,60,0.9999999999998708,0.6975327110414258,1.0,0.85,0,1,0,1,0.9159628350303695,0.5000190838670786,1,1,-0.1582437447187864,0.1139529684131051,0
0.4,1,0.01,19,61,0.9999934918937151,0.9359549645103603,1.0,0.96,0,0,0,1,1.0,0.8152625208117275,1,0,-0.18167208812008515,0.10866106411123161,0
0.4,1,0.02,0,42,0.9999999999999968,0.9729483500399473,1.0,1.0,0,0,0,0,0.9779555973069634,0.8864981604084885,0,0,0.22742608376964715,0.04126658066859589,0
0.4,1,0.02,1,43,0.9802393812146095,0.9109379262792915,1.0,1.0,0,0,0,0,0.8853434380312366,0.8237950657125002,0,0,0.25325684942020543,0.04984950337514744,0
0.4,1,0.02,2,44,0.9997306827972393,0.9993019135981315,1.0,1.0,0,0,0,0,0.9800947056039193,1.0,0,0,0.12652978617386584,0.05300342834870498,0
0.4,1,0.02,3,45,0.9999999999999989,0.9999733285126572,1.0,1.0,0,0,0,0,1.0,0.9871536872242318,0,0,0.10257716717964421,0.05858817580407728,0
0.4,1,0.02,4,46,0.9999999990944313,0.9286373851281012,1.0,1.0,0,0,0,0,1.0,0.8680057525803425,0,0,0.2176915330605809,0.03469164491765505,0
0.4,1,0.02,5,47,0.9999999999988377,0.9138270347242381,1.0,1.0,0,0,0,0,1.0,0.8117333549785161,0,0,-0.11025669243361756,0.06700145902754172,0
0.4,1,0.02,6,48,0.9999999999983092,0.9999486111500142,1.0,0.72,0,0,0,1,1.0,0.9869934862441928,1,0,-0.13476201557749456,0.12039896207322365,0
0.4,1,0.02,7,49,0.9999999999658197,0.9448236572715535,1.0,1.0,0,0,0,0,1.0,0.8651892593621276,0,0,0.2043577309433718,0.046119055517521976,0
0.4,1,0.02,8,50,0.9999999999977024,0.734158240906204,1.0,0.67,0,1,0,0,1.0,0.6106926047660827,1,1,-0.15343920664800198,0.1420834937393456,0
0.4,1,0.02,9,51,0.9999999714433011,0.8579081505481693,1.0,0.63,0,0,0,1,0.9960914528549222,0.7124835477096961,1,0,0.21999825199527606,0.13456505220178705,0
0.4,1,0.02,10,52,0.9999999999999987,0.9489618304427314,1.0,1.0,0,0,0,0,1.0,0.8656773373659814,0,0,0.08759952614500233,0.0510110344660839,0
0.4,1,0.02,11,53,0.999999999999997,0.9999226465186208,1.0,0.94,0,0,0,1,1.0,1.0,1,0,0.06574689376822226,0.044915658562466876,0
0.4,1,0.02,12,54,0.9999999999999842,0.9999990266060725,1.0,1.0,0,0,0,0,0.972575734345928,0.9861554410623702,0,0,0.3997279159476355,0.02037490630010981,0
0.4,1,0.02,13,55,0.9999999999999984,0.9992248808566211,1.0,1.0,0,0,0,0,1.0,1.0,0,0,0.7903996093510113,0.009203221991473928,0
0.4,1,0.02,14,56,0.9999999999999982,0.9364534796966681,1.0,1.0,0,0,0,0,1.0,0.8333142565495782,0,0,0.21338905089481422,0.04553605958630473,0
0.4,1,0.02,15,57,0.9994821724296412,0.9999829328797258,1.0,1.0,0,0,0,0,1.0,1.0,0,0,0.8697458164872631,0.008970397371654192,0
0.4,1,0.02,16,58,0.9999999999999989,0.9927446247985869,1.0,0.97,0,0,0,1,1.0,1.0,1,0,-0.10912338439138312,0.09215674484749194,0
0.4,1,0.02,17,59,0.9999909338775833,0.996907205081607,1.0,1.0,0,0,0,0,1.0,1.0,0,0,0.43013239362360584,0.046358949723804645,0
0.4,1,0.02,18,60,0.9999999999999987,0.7579249388775823,1.0,0.95,0,1,0,0,0.9655203333087975,0.6065036156302657,1,1,-0.03605078636988441,0.07334588996260831,0
0.4,1,0.02,19,61,0.9999968717660088,0.9998301632623232,1.0,1.0,0,0,0,0,1.0,0.9838420841808381,0,0,0.03115017936080011,0.060402818894464215,0
0.4,1,0.05,0,42,0.9999999999999983,0.9879113292795725,1.0,1.0,0,0,0,0,1.0,0.980487378009532,0,0,0.8967837481559161,0.006151130806489882,0
0.4,1,0.05,1,43,0.9863557472219937,0.9943992377505307,1.0,1.0,0,0,0,0,0.9551313013566338,1.0,0,0,0.6691452128287642,0.011029772161578405,0
0.4,1,0.05,2,44,0.9999999962404413,0.9999900900066734,1.0,1.0,0,0,0,0,1.0,1.0,0,0,0.8544031034395294,0.006664866940549146,0
0.4,1,0.05,3,45,0.9999999999999989,0.9999988167836894,1.0,1.0,0,0,0,0,1.0,1.0,0,0,0.6326630133840034,0.012715451225228259,0
0.4,1,0.05,4,46,0.9999999999181127,0.9938842919086207,1.0,1.0,0,0,0,0,1.0,1.0,0,0,0.6941376873545424,0.00816366920693321,0
0.4,1,0.05,5,47,0.9999999999999983,0.9967090306107551,1.0,1.0,0,0,0,0,1.0,1.0,0,0,0.8728456902313979,0.008065144310694543,0
0.4,1,0.05,6,48,0.9999999999996261,0.9999997932845299,1.0,1.0,0,0,0,0,1.0,1.0,0,0,0.1940396025407388,0.031397267056314924,0
0.4,1,0.05,7,49,0.9999999999999983,0.9998995962693537,1.0,1.0,0,0,0,0,1.0,1.0,0,0,0.5629380766066031,0.010924203864374342,0
0.4,1,0.05,8,50,0.9999999999994585,0.9814920457878381,1.0,1.0,0,0,0,0,1.0,1.0,0,0,0.1961228726162577,0.040412976388885066,0
0.4,1,0.05,9,51,0.9999999996964414,0.9496267857865822,1.0,1.0,0,0,0,0,1.0,0.9376058169862664,0,0,0.38662442846292117,0.03757980960380449,0
0.4,1,0.05,10,52,0.9999999999999988,0.9980361509174666,1.0,1.0,0,0,0,0,1.0,1.0,0,0,0.8943921658735452,0.006192736575529754,0
0.4,1,0.05,11,53,0.9999999999999979,0.9999936454881928,1.0,1.0,0,0,0,0,1.0,1.0,0,0,0.4482496860452512,0.014706996286263974,0
0.4,1,0.05,12,54,0.9999999999999967,0.9999999825260959,1.0,1.0,0,0,0,0,1.0,1.0,0,0,0.8505548507961822,0.004627451485916733,0
0.4,1,0.05,13,55,0.9999999999999987,0.9999999999112187,1.0,1.0,0,0,0,0,1.0,1.0,0,0,0.9972390619092589,0.0013977385388870246,0
0.4,1,0.05,14,56,0.9999999999999987,0.9718868498022778,1.0,1.0,0,0,0,0,1.0,0.9722861657540671,0,0,0.9469345871906498,0.003448112103208657,0
0.4,1,0.05,15,57,0.9999999999999966,0.999999999999999,1.0,1.0,0,0,0,0,1.0,1.0,0,0,0.9385364756051446,0.005695706323154971,0
0.4,1,0.05,16,58,0.9999999999999989,0.9995602880052016,1.0,1.0,0,0,0,0,1.0,1.0,0,0,0.5032603140126211,0.018924666652798974,0
0.4,1,0.05,17,59,0.9999986229455747,0.9998153748144568,1.0,1.0,0,0,0,0,1.0,1.0,0,0,0.9107285768883879,0.008416251499114343,0
0.4,1,0.05,18,60,0.9999999999999987,0.9035999558994937,1.0,1.0,0,0,0,0,1.0,0.8774569833262755,0,0,0.5413232925110903,0.01289953724552219,0
0.4,1,0.05,19,61,0.999999808256533,0.9999941288499639,1.0,1.0,0,0,0,0,1.0,1.0,0,0,0.768431019508905,0.009720046366591002,0
0.4,1,0.1,0,42,0.9999999999999988,0.9879115229983,1.0,1.0,0,0,0,0,1.0,1.0,0,0,0.950567386866782,0.004064997032794013,0
0.4,1,0.1,1,43,0.987609061800982,0.997318627518476,1.0,1.0,0,0,0,0,1.0,1.0,0,0,0.8541442803507331,0.007149408621121555,0
0.4,1,0.1,2,44,0.9999999964835314,0.99999394608077,1.0,1.0,0,0,0,0,1.0,1.0,0,0,0.9337982017434547,0.004566408477304189,0
0.4,1,0.1,3,45,0.9999999999999989,0.999999350739067,1.0,1.0,0,0,0,0,1.0,1.0,0,0,0.8402784418147281,0.006892295013420383,0
0.4,1,0.1,4,46,0.9999999999230028,0.9982160183079916,1.0,1.0,0,0,0,0,1.0,1.0,0,0,0.8827065802396284,0.004914813624318216,0
0.4,1,0.1,5,47,0.9999999999999986,0.9976719070473131,1.0,1.0,0,0,0,0,1.0,1.0,0,0,0.9378042305872514,0.005532448968856385,0
0.4,1,0.1,6,48,0.9999999999996227,0.9999999427623272,1.0,1.0,0,0,0,0,1.0,1.0,0,0,0.46895696961920225,0.015046953182024234,0
0.4,1,0.1,7,49,0.9999999999999987,0.9999302306753135,1.0,1.0,0,0,0,0,1.0,1.0,0,0,0.8278343920113657,0.005291943072315065,0
0.4,1,0.1,8,50,0.9999999999994585,0.9917748484519129,1.0,1.0,0,0,0,0,1.0,1.0,0,0,0.670546320599665,0.015002356227658793,0
0.4,1,0.1,9,51,0.9999999996924388,0.9788007868283709,1.0,1.0,0,0,0,0,1.0,1.0,0,0,0.7376779125488934,0.016292385694155576,0
0.4,1,0.1,10,52,0.9999999999999988,0.9980658513840561,1.0,1.0,0,0,0,0,1.0,1.0,0,0,0.9454706205305969,0.0043722437202678155,0
0.4,1,0.1,11,53,0.9999999999999984,0.9999963465687886,1.0,1.0,0,0,0,0,1.0,1.0,0,0,0.7990894658740255,0.006674075039552232,0
0.4,1,0.1,12,54,0.9999999999999967,0.9999999927685473,1.0,1.0,0,0,0,0,1.0,1.0,0,0,0.9405320848201426,0.003048939704245367,0
0.4,1,0.1,13,55,0.9999999999999987,0.9999999999112186,1.0,1.0,0,0,0,0,1.0,1.0,0,0,0.998098104979345,0.001237791256601567,0
0.4,1,0.1,14,56,0.9999999999999987,0.9870575802233916,1.0,1.0,0,0,0,0,1.0,1.0,0,0,0.9695087045526938,0.002757264140974134,0
0.4,1,0.1,15,57,0.9999999999999977,0.999999999999999,1.0,1.0,0,0,0,0,1.0,1.0,0,0,0.9737586081909834,0.004035399137309683,0
0.4,1,0.1,16,58,0.9999999999999989,0.9998681827356235,1.0,1.0,0,0,0,0,1.0,1.0,0,0,0.7917026459185231,0.009386091020643321,0
0.4,1,0.1,17,59,0.9999986229351971,0.9999520485698802,1.0,1.0,0,0,0,0,1.0,1.0,0,0,0.9699283656499627,0.0036754931639942524,0
0.4,1,0.1,18,60,0.9999999999999989,0.9740004266836751,1.0,1.0,0,0,0,0,1.0,1.0,0,0,0.7828609612582451,0.008142007695140667,0
0.4,1,0.1,19,61,0.9999997787651222,0.9999972815804299,1.0,1.0,0,0,0,0,1.0,1.0,0,0,0.9062951298270954,0.0060283568031947255,0
0.4,1,0.2,0,42,0.9999999999999988,0.9879115229983,1.0,1.0,0,0,0,0,1.0,1.0,0,0,0.950567386866782,0.004064997032794013,0
0.4,1,0.2,1,43,0.9876090617976968,0.9973186275013178,1.0,1.0,0,0,0,0,1.0,1.0,0,0,0.8590882713748186,0.006710576754377859,0
0.4,1,0.2,2,44,0.9999999964835314,0.9999939460807699,1.0,1.0,0,0,0,0,1.0,1.0,0,0,0.9319851504348382,0.00467012514294112,0
0.4,1,0.2,3,45,0.9999999999999989,0.9999993525057125,1.0,1.0,0,0,0,0,1.0,1.0,0,0,0.8471607393600002,0.006682022863962329,0
0.4,1,0.2,4,46,0.9999999999230028,0.9982160183079916,1.0,1.0,0,0,0,0,1.0,1.0,0,0,0.8827065802396284,0.004914813624318216,0
0.4,1,0.2,5,47,0.9999999999999988,0.9976719070473116,1.0,1.0,0,0,0,0,1.0,1.0,0,0,0.9451638508587614,0.005141036991303349,0
0.4,1,0.2,6,48,0.9999999999996227,0.9999999427418311,1.0,1.0,0,0,0,0,1.0,1.0,0,0,0.545243508914378,0.01343731872462037,0
0.4,1,0.2,7,49,0.9999999999999988,0.9999302305957265,1.0,1.0,0,0,0,0,1.0,1.0,0,0,0.8480887958325035,0.004634165339078688,0
0.4,1,0.2,8,50,0.9999999999994585,0.9917747972764742,1.0,1.0,0,0,0,0,1.0,1.0,0,0,0.6598205452980889,0.015176094572131336,0
0.4,1,0.2,9,51,0.9999999996924341,0.9788007868284223,1.0,1.0,0,0,0,0,1.0,1.0,0,0,0.7420423612600505,0.015055715755028594,0
0.4,1,0.2,10,52,0.9999999999999988,0.9980658513840561,1.0,1.0,0,0,0,0,1.0,1.0,0,0,0.9454706205305969,0.0043722437202678155,0
0.4,1,0.2,11,53,0.9999999999999987,0.9999963465687629,1.0,1.0,0,0,0,0,1.0,1.0,0,0,0.807497262145841,0.006173729944503622,0
0.4,1,0.2,12,54,0.9999999999999967,0.9999999927685472,1.0,1.0,0,0,0,0,1.0,1.0,0,0,0.9400996375369004,0.0030744914173489978,0
0.4,1,0.2,13,55,0.9999999999999987,0.9999999999112186,1.0,1.0,0,0,0,0,1.0,1.0,0,0,0.9981724303336561,0.0012231769988920616,0
0.4,1,0.2,14,56,0.9999999999999987,0.9870575802233915,1.0,1.0,0,0,0,0,1.0,1.0,0,0,0.9689711549324098,0.0027992157629128113,0
0.4,1,0.2,15,57,0.9999999999999982,0.999999999999999,1.0,1.0,0,0,0,0,1.0,1.0,0,0,0.9906841202436605,0.0029265118020209537,0
0.4,1,0.2,16,58,0.9999999999999989,0.9998681827356235,1.0,1.0,0,0,0,0,1.0,1.0,0,0,0.7917026459185231,0.009386091020643321,0
0.4,1,0.2,17,59,0.9999986229351971,0.9999520485698744,1.0,1.0,0,0,0,0,1.0,1.0,0,0,0.9650515539928153,0.0036245470740050934,0
0.4,1,0.2,18,60,0.9999999999999989,0.9753209862143665,1.0,1.0,0,0,0,0,1.0,1.0,0,0,0.7946953654391075,0.008017652935171664,0
0.4,1,0.2,19,61,0.9999997787651222,0.9999972815804299,1.0,1.0,0,0,0,0,1.0,1.0,0,0,0.9062951298270954,0.0060283568031947255,0
0.4,2,0.0,0,42,0.9999999999999952,0.8266332217821648,1.0,0.85,0,0,0,1,0.9594844629216971,0.6524969132028962,1,0,-0.5304941420848174,0.14386049394222852,0
0.4,2,0.0,1,43,0.9743413882903841,0.7958448304618179,1.0,0.77,0,1,0,1,0.8368932543433908,0.6483362628251725,1,1,-0.12959270991875904,0.14599894671710825,0
0.4,2,0.0,2,44,0.9934043870042173,0.9164045740211616,1.0,0.72,0,0,0,1,0.8601637954266856,0.7782863296313879,1,0,-0.16228721969378654,0.14082743672902323,0
0.4,2,0.0,3,45,0.9999966034000798,0.976511763693943,1.0,0.59,0,0,0,1,1.0,0.8488317337276363,1,0,-0.1825187553490826,0.15272431444269288,0
0.4,2,0.0,4,46,0.9999999926454558,0.7939181676243009,1.0,0.87,0,1,0,0,1.0,0.6635290124571525,1,1,-0.16180859009667756,0.1273701872185988,0
0.4,2,0.0,5,47,0.9999951237503832,0.7943917263051083,1.0,0.58,0,1,0,1,1.0,0.6320418390654696,1,1,-0.75947281157259,0.15033212941639,0
0.4,2,0.0,6,48,0.9999999076074465,0.9078631063373879,1.0,0.42,0,0,0,1,0.9496927340500474,0.75040788684498,1,0,-0.1654316619203478,0.22974965366061734,0
0.4,2,0.0,7,49,0.9999999935457884,0.826859852865209,1.0,0.8,0,0,0,1,0.9895677751597479,0.6818569695009462,1,0,-0.1668118359700051,0.14467999412630916,0
0.4,2,0.0,8,50,0.9999999993842394,0.5460953747982945,1.0,0.47,0,1,0,1,1.0,0.2942010682166878,1,1,-0.3509347650898202,0.25761192637181174,0
0.4,2,0.0,9,51,0.9766512908167553,0.7320037745530195,1.0,0.39,0,1,0,1,0.8196679973567875,0.5169399641809996,1,1,0.4901774357268254,0.2268569041458628,0
0.4,2,0.0,10,52,0.9999999999999987,0.8260226688648719,1.0,0.67,0,0,0,1,0.9994139080322774,0.670699890420143,1,0,-0.28111964577601717,0.14522115613989267,0
0.4,2,0.0,11,53,0.9999999999999964,0.9724281612413881,1.0,0.77,0,0,0,1,0.9166778918536441,0.84938277180023,1,0,-0.2852537106343098,0.13659957115864346,0
0.4,2,0.0,12,54,0.9932038835428332,0.9420334838733591,1.0,0.9,0,0,0,1,0.8562972598221414,0.7926656592462473,1,0,-0.06892104902528713,0.07670250987535016,0
0.4,2,0.0,13,55,0.9999999370761745,0.9246028952619999,1.0,1.0,0,0,0,0,0.9813602385543306,0.8059507766583017,0,0,-0.16835232814405013,0.08374713131798489,0
0.4,2,0.0,14,56,0.9999999999999947,0.7936131786553696,1.0,0.76,0,1,0,1,0.9078417645117304,0.5922594592862269,1,1,-0.2598897803270264,0.14018629818024614,0
0.4,2,0.0,15,57,0.966811019682993,0.9133590386787666,1.0,1.0,0,0,0,0,0.8207569067383936,0.7679223717552115,0,0,-0.29802773167708857,0.08077373207148554,0
0.4,2,0.0,16,58,0.9999999055433856,0.8873064316484712,1.0,0.41,0,0,0,1,0.9977151949763016,0.7821912230790887,1,0,-0.4283771409276057,0.20085341713237234,0
0.4,2,0.0,17,59,0.9999607678329017,0.9027232637242879,1.0,0.79,0,0,0,1,1.0,0.7771976290927525,1,0,-0.23605858962123868,0.12324146063560627,0
0.4,2,0.0,18,60,0.9990462720405935,0.6380722284291204,1.0,0.49,0,1,0,1,0.8678025794510813,0.39398259906036437,1,1,-0.23243151664004594,0.16075892993980687,0
0.4,2,0.0,19,61,0.999937271115078,0.8780148402045164,1.0,0.6,0,0,0,1,1.0,0.7238474636180154,1,0,-0.32118698032906895,0.15928476537824954,0
0.4,2,0.01,0,42,0.9999999999999961,0.8763190991185785,1.0,1.0,0,0,0,0,0.9672310334674586,0.7288081058190463,0,0,-0.2516182568868736,0.09857649440292184,0
0.4,2,0.01,1,43,0.9782218088383607,0.8565122901207426,1.0,0.92,0,0,0,1,0.8657400151317511,0.7419649902610918,1,0,0.0009495614187695365,0.10271757729602667,0
0.4,2,0.01,2,44,0.9990189412239593,0.9717743701211484,1.0,0.97,0,0,0,1,0.9238258958909946,0.8755055753238231,1,0,-0.05515239415675261,0.09608829153918434,0
0.4,2,0.01,3,45,0.9999985762009537,0.999826279400847,1.0,0.84,0,0,0,1,1.0,0.9467521980143554,1,0,-0.048148251771177195,0.09883081342036384,0
0.4,2,0.01,4,46,0.9999999978226204,0.8602042624654259,1.0,0.92,0,0,0,1,1.0,0.7704656706367099,1,0,-0.08482479927508654,0.0837449145496619,0
0.4,2,0.01,5,47,0.9999999999540352,0.8471548327401138,1.0,0.93,0,0,0,1,1.0,0.7138194743388941,1,0,-0.6628711499248707,0.1104740751437398,0
0.4,2,0.01,6,48,0.9999999999957504,0.9874649661706902,1.0,0.58,0,0,0,1,1.0,0.8921630364029326,1,0,-0.2333289481627003,0.17375011920171282,0
0.4,2,0.01,7,49,0.9999999990494504,0.8781376248963779,1.0,0.93,0,0,0,1,1.0,0.7597838112396136,1,0,-0.07364861293500038,0.09650293722406772,0
0.4,2,0.01,8,50,0.9999999999958576,0.6355543059450525,1.0,0.58,0,1,0,1,1.0,0.4461442442587254,1,1,-0.264790709109957,0.20417497541860738,0
0.4,2,0.01,9,51,0.9979215140286012,0.7785410146912755,1.0,0.46,0,1,0,1,0.9049614109509284,0.5979977146501574,1,1,0.4455364030950466,0.18270040389272968,0
0.4,2,0.01,10,52,0.9999999999999987,0.8888208318196896,1.0,1.0,0,0,0,0,1.0,0.7576193093653237,0,0,-0.0916934493361079,0.090424427678069,0
0.4,2,0.01,11,53,0.9999999999999968,0.9981245804577632,1.0,0.88,0,0,0,1,0.9958351610607328,0.984274305383275,1,0,-0.12447333367321185,0.08674087571255709,0
0.4,2,0.01,12,54,0.9984611051524664,0.999517406240096,1.0,1.0,0,0,0,0,0.9121546486705567,0.9474886190756288,0,0,0.19336244248469786,0.037509859743742754,0
0.4,2,0.01,13,55,0.9999999980705401,0.9916329453849114,1.0,1.0,0,0,0,0,1.0,0.9442076641010653,0,0,0.3306770356704181,0.0367192053060238,0
0.4,2,0.01,14,56,0.999999999999997,0.863294595671916,1.0,1.0,0,0,0,0,0.9882445865185074,0.6944007829036385,0,0,-0.002614803077044921,0.09120059167376461,0
0.4,2,0.01,15,57,0.9949661962496658,0.9957678497551783,1.0,1.0,0,0,0,0,0.900939764373103,0.906075182822867,0,0,0.07976029520126807,0.04148409893750348,0
0.4,2,0.01,16,58,0.9999999999999989,0.9576298743302604,1.0,0.72,0,0,0,1,1.0,0.8799339612058743,1,0,-0.2924925629068481,0.14441889566426314,0
0.4,2,0.01,17,59,0.99998167430752,0.9647552593811889,1.0,0.95,0,0,0,1,1.0,0.8751836278477171,1,0,0.09274683104021549,0.08290109288958085,0
0.4,2,0.01,18,60,0.9999999999999987,0.701662731126168,1.0,0.85,0,1,0,1,0.9227739610080375,0.5075959426134389,1,1,-0.15955590344365084,0.11392178938036096,0
0.4,2,0.01,19,61,0.9999921808572928,0.9339851399602219,1.0,0.96,0,0,0,1,1.0,0.8128490875564612,1,0,-0.17991067014473305,0.10765615822119846,0
0.4,2,0.02,0,42,0.9999999999999967,0.9723693048412682,1.0,1.0,0,0,0,0,0.9777927862875976,0.8848995987541807,0,0,0.22177642687738375,0.040735113281700375,0
0.4,2,0.02,1,43,0.9798932381213105,0.9131070177316062,1.0,1.0,0,0,0,0,0.884012890283393,0.8273166850306022,0,0,0.244260507012222,0.0491870546759806,0
0.4,2,0.02,2,44,0.999693401916996,0.9992953669037957,1.0,1.0,0,0,0,0,0.9790075469912084,1.0,0,0,0.12651382855944213,0.05283614668103943,0
0.4,2,0.02,3,45,0.9999999999999989,0.9999733068417727,1.0,1.0,0,0,0,0,1.0,0.9858380878374746,0,0,0.10528855604599627,0.058296447391267714,0
0.4,2,0.02,4,46,0.9999999991995916,0.9273976156083085,1.0,1.0,0,0,0,0,1.0,0.8656927738017426,0,0,0.216799306578511,0.03384518655816546,0
0.4,2,0.02,5,47,0.9999999999988702,0.9139580706834732,1.0,1.0,0,0,0,0,1.0,0.8124052185136267,0,0,-0.11841619681190728,0.06674924110793662,0
0.4,2,0.02,6,48,0.9999999999981214,0.9999460865426503,1.0,0.72,0,0,0,1,1.0,0.9861605995717158,1,0,-0.13647573467281188,0.11954859668612652,0
0.4,2,0.02,7,49,0.9999999999999977,0.9437827431950622,1.0,1.0,0,0,0,0,1.0,0.8633706775937642,0,0,0.2007959472466522,0.04576821778897067,0
0.4,2,0.02,8,50,0.9999999999975272,0.7332838006350427,1.0,0.67,0,1,0,0,1.0,0.6083098233796657,1,1,-0.15388276433705148,0.14074556924826337,0
0.4,2,0.02,9,51,0.9999999724245703,0.8607703600207254,1.0,0.64,0,0,0,1,1.0,0.7149163435784058,1,0,0.20550302978715565,0.13262030213243514,0
0.4,2,0.02,10,52,0.9999999999999987,0.9476305976228658,1.0,1.0,0,0,0,0,1.0,0.8637230938053815,0,0,0.08693090617263502,0.05100375258806023,0
0.4,2,0.02,11,53,0.999999999999997,0.9999186679740085,1.0,0.94,0,0,0,1,1.0,1.0,1,0,0.06658154743222013,0.0446955602731414,0
0.4,2,0.02,12,54,0.9999999999999832,0.999999036424615,1.0,1.0,0,0,0,0,0.9732830623272087,0.9891411158555404,0,0,0.40630344786925277,0.019693949940053402,0
0.4,2,0.02,13,55,0.9999999999999984,0.9995092318627836,1.0,1.0,0,0,0,0,1.0,1.0,0,0,0.7986051380584315,0.00884786080878317,0
0.4,2,0.02,14,56,0.9999999999999981,0.9369850438868774,1.0,1.0,0,0,0,0,1.0,0.8341967571306235,0,0,0.21722075836084864,0.044924627990158846,0
0.4,2,0.02,15,57,0.9993924589705095,0.9999911891672008,1.0,1.0,0,0,0,0,1.0,1.0,0,0,0.8731519725927941,0.008898394969317894,0
0.4,2,0.02,16,58,0.9999999999999989,0.9923377576804406,1.0,0.97,0,0,0,1,1.0,1.0,1,0,-0.10861655462206227,0.09149098288460208,0
0.4,2,0.02,17,59,0.9999913493525355,0.9968462847886529,1.0,1.0,0,0,0,0,1.0,1.0,0,0,0.43142190416802056,0.04512149060658561,0
0.4,2,0.02,18,60,0.9999999999999987,0.7619428850947185,1.0,0.96,0,1,0,0,0.9743521225737847,0.6138968762587228,1,1,-0.036767691304212924,0.07324934117542425,0
0.4,2,0.02,19,61,0.9999962624184247,0.9998323914029656,1.0,1.0,0,0,0,0,1.0,0.9808087005904965,0,0,0.030950256592025417,0.060193035041956645,0
0.4,2,0.05,0,42,0.9999999999999979,0.9879495401864711,1.0,1.0,0,0,0,0,1.0,0.9805745993925471,0,0,0.8863394551140287,0.006608459696276562,0
0.4,2,0.05,1,43,0.9860965401274959,0.9945360323700728,1.0,1.0,0,0,0,0,0.9545061952181668,1.0,0,0,0.690437311961478,0.01085408566627881,0
0.4,2,0.05,2,44,0.9999999964114551,0.9999903056080481,1.0,1.0,0,0,0,0,1.0,1.0,0,0,0.864810870070376,0.006694277622698725,0
0.4,2,0.05,3,45,0.9999999999999989,0.9999988245123546,1.0,1.0,0,0,0,0,1.0,1.0,0,0,0.6560066373838425,0.012839233956782216,0
0.4,2,0.05,4,46,0.9999999999252499,0.9938407649585301,1.0,1.0,0,0,0,0,1.0,1.0,0,0,0.6954360419799164,0.008117500612992353,0
0.4,2,0.05,5,47,0.9999999999999981,0.9967155093758183,1.0,1.0,0,0,0,0,1.0,1.0,0,0,0.8601581056464613,0.008303666791634532,0
0.4,2,0.05,6,48,0.9999999999996044,0.9999998020023236,1.0,1.0,0,0,0,0,1.0,1.0,0,0,0.19993421148372864,0.031536322954590405,0
0.4,2,0.05,7,49,0.999999999999998,0.9998962917326975,1.0,1.0,0,0,0,0,1.0,1.0,0,0,0.5745265828316141,0.011000138451385597,0
0.4,2,0.05,8,50,0.9999999999994144,0.9808243939085283,1.0,1.0,0,0,0,0,1.0,1.0,0,0,0.21287120961438472,0.04061401550959223,0
0.4,2,0.05,9,51,0.999999999741097,0.9495577681569406,1.0,1.0,0,0,0,0,1.0,0.9374758122541927,0,0,0.41444365133126343,0.037503587464487086,0
0.4,2,0.05,10,52,0.9999999999999987,0.9978773636677354,1.0,1.0,0,0,0,0,1.0,1.0,0,0,0.9022618677159955,0.00613114055157119,0
0.4,2,0.05,11,53,0.9999999999999976,0.9999934532875807,1.0,1.0,0,0,0,0,1.0,1.0,0,0,0.45283805003722805,0.01494266458674732,0
0.4,2,0.05,12,54,0.9999999999999967,0.999999983749375,1.0,1.0,0,0,0,0,1.0,1.0,0,0,0.8770988170377207,0.004432760149008907,0
0.4,2,0.05,13,55,0.9999999999999986,0.9999999999999989,1.0,1.0,0,0,0,0,1.0,1.0,0,0,0.997701353345891,0.0013774988477834981,0
0.4,2,0.05,14,56,0.9999999999999987,0.9719194511027366,1.0,1.0,0,0,0,0,1.0,0.9723064844998625,0,0,0.9463222899423797,0.003520747877104674,0
0.4,2,0.05,15,57,0.9999784676721587,0.999999999999999,1.0,1.0,0,0,0,0,1.0,1.0,0,0,0.923871220166733,0.006314846005256589,0
0.4,2,0.05,16,58,0.9999999999999989,0.9995637277799714,1.0,1.0,0,0,0,0,1.0,1.0,0,0,0.515575438900008,0.01853969488732591,0
0.4,2,0.05,17,59,0.9999987069229147,0.9998195163812953,1.0,1.0,0,0,0,0,1.0,1.0,0,0,0.9165258110332128,0.008478097395164396,0
0.4,2,0.05,18,60,0.9999999999999987,0.9072515148561008,1.0,1.0,0,0,0,0,1.0,0.883600567142822,0,0,0.5519043713798042,0.012950475071663393,0
0.4,2,0.05,19,61,0.9999993147606795,0.9999944807665996,1.0,1.0,0,0,0,0,1.0,1.0,0,0,0.7716924125393407,0.009767481704645909,0
0.4,2,0.1,0,42,0.9999999999999986,0.987949672137161,1.0,1.0,0,0,0,0,1.0,1.0,0,0,0.948592748506889,0.0042808430194599964,0
0.4,2,0.1,1,43,0.9874177948190822,0.9973841938196665,1.0,1.0,0,0,0,0,1.0,1.0,0,0,0.8680649343499858,0.007211887692280051,0
0.4,2,0.1,2,44,0.9999999966620965,0.9999938616264556,1.0,1.0,0,0,0,0,1.0,1.0,0,0,0.9377821692393561,0.004386329311654651,0
0.4,2,0.1,3,45,0.9999999999999989,0.9999993564159477,1.0,1.0,0,0,0,0,1.0,1.0,0,0,0.8534337636800022,0.007195324807989564,0
0.4,2,0.1,4,46,0.9999999999299588,0.9982256775222205,1.0,1.0,0,0,0,0,1.0,1.0,0,0,0.8895721488189772,0.004791589835832193,0
0.4,2,0.1,5,47,0.9999999999999982,0.9976990038747151,1.0,1.0,0,0,0,0,1.0,1.0,0,0,0.9234598621611426,0.0059336574435202225,0
0.4,2,0.1,6,48,0.9999999999996008,0.9999999447758541,1.0,1.0,0,0,0,0,1.0,1.0,0,0,0.46975882356868176,0.015172413565073492,0
0.4,2,0.1,7,49,0.9999999999999982,0.9999297458798928,1.0,1.0,0,0,0,0,1.0,1.0,0,0,0.8219906046075491,0.00581633232080889,0
0.4,2,0.1,8,50,0.9999999999994141,0.9914647888713234,1.0,1.0,0,0,0,0,1.0,1.0,0,0,0.7049382674715754,0.015453767673783403,0
0.4,2,0.1,9,51,0.9999999997366911,0.9785794132963807,1.0,1.0,0,0,0,0,1.0,1.0,0,0,0.7638235799778715,0.01696660892673893,0
0.4,2,0.1,10,52,0.9999999999999987,0.997905017622919,1.0,1.0,0,0,0,0,1.0,1.0,0,0,0.9484871685658745,0.004434604316937346,0
0.4,2,0.1,11,53,0.999999999999998,0.9999962499754762,1.0,1.0,0,0,0,0,1.0,1.0,0,0,0.7911710942127957,0.007404228133491777,0
0.4,2,0.1,12,54,0.9999999999999967,0.9999999930141754,1.0,1.0,0,0,0,0,1.0,1.0,0,0,0.950685294243321,0.0028373269402839985,0
0.4,2,0.1,13,55,0.9999999999999986,0.999999999999999,1.0,1.0,0,0,0,0,1.0,1.0,0,0,0.9973155352777732,0.0014351187190110848,0
0.4,2,0.1,14,56,0.9999999999999987,0.9870651639740806,1.0,1.0,0,0,0,0,1.0,1.0,0,0,0.972628704794324,0.002597116137133142,0
0.4,2,0.1,15,57,0.9999784676721563,0.999999999999999,1.0,1.0,0,0,0,0,1.0,1.0,0,0,0.9481989887504072,0.005267082603395547,0
0.4,2,0.1,16,58,0.9999999999999989,0.9998689277149194,1.0,1.0,0,0,0,0,1.0,1.0,0,0,0.7971468255544781,0.009245785658643594,0
0.4,2,0.1,17,59,0.9999987069033102,0.9999517827633505,1.0,1.0,0,0,0,0,1.0,1.0,0,0,0.9744918535957223,0.0038242341983830332,0
0.4,2,0.1,18,60,0.9999999999999987,0.9750320017530489,1.0,1.0,0,0,0,0,1.0,1.0,0,0,0.785746066269337,0.00843173648449559,0
0.4,2,0.1,19,61,0.9999992890828564,0.9999973789438074,1.0,1.0,0,0,0,0,1.0,1.0,0,0,0.9063955890658812,0.0061530824424107285,0
0.4,2,0.2,0,42,0.9999999999999988,0.9879496721371601,1.0,1.0,0,0,0,0,1.0,1.0,0,0,0.9526865033954993,0.003932092958193034,0
0.4,2,0.2,1,43,0.987417794803923,0.997384193759947,1.0,1.0,0,0,0,0,1.0,1.0,0,0,0.870507765594383,0.007134739195617251,0
0.4,2,0.2,2,44,0.9999999966620965,0.9999938616264556,1.0,1.0,0,0,0,0,1.0,1.0,0,0,0.9377821692393561,0.004386329311654651,0
0.4,2,0.2,3,45,0.9999999999999989,0.9999993579869939,1.0,1.0,0,0,0,0,1.0,1.0,0,0,0.8609864823021661,0.007065464803940047,0
0.4,2,0.2,4,46,0.9999999999299588,0.9982256775222205,1.0,1.0,0,0,0,0,1.0,1.0,0,0,0.8895721488189772,0.004791589835832193,0
0.4,2,0.2,5,47,0.9999999999999984,0.9976990038747038,1.0,1.0,0,0,0,0,1.0,1.0,0,0,0.9282498518678999,0.005772439845842023,0
0.4,2,0.2,6,48,0.9999999999996008,0.9999999447372673,1.0,1.0,0,0,0,0,1.0,1.0,0,0,0.539773756936141,0.013666689799418048,0
0.4,2,0.2,7,49,0.9999999999999984,0.999929745586114,1.0,1.0,0,0,0,0,1.0,1.0,0,0,0.8323503251591026,0.005512925093375088,0
0.4,2,0.2,8,50,0.9999999999994141,0.9914647452764067,1.0,1.0,0,0,0,0,1.0,1.0,0,0,0.6930243738038714,0.015103220985074892,0
0.4,2,0.2,9,51,0.9999999997366805,0.978579413295314,1.0,1.0,0,0,0,0,1.0,1.0,0,0,0.7760468755176111,0.01586700071689783,0
0.4,2,0.2,10,52,0.9999999999999987,0.997905017622919,1.0,1.0,0,0,0,0,1.0,1.0,0,0,0.9484871685658745,0.004434604316937346,0
0.4,2,0.2,11,53,0.9999999999999983,0.9999962499753543,1.0,1.0,0,0,0,0,1.0,1.0,0,0,0.8033669917858003,0.006905478449778267,0
0.4,2,0.2,12,54,0.9999999999999967,0.9999999930141753,1.0,1.0,0,0,0,0,1.0,1.0,0,0,0.9503662073142075,0.0028698898379240414,0
0.4,2,0.2,13,55,0.9999999999999986,0.999999999999999,1.0,1.0,0,0,0,0,1.0,1.0,0,0,0.9973155352777732,0.0014351187190110848,0
0.4,2,0.2,14,56,0.9999999999999987,0.9870651639740806,1.0,1.0,0,0,0,0,1.0,1.0,0,0,0.972628704794324,0.002597116137133142,0
0.4,2,0.2,15,57,0.999978467672153,0.999999999999999,1.0,1.0,0,0,0,0,1.0,1.0,0,0,0.9669669774877796,0.004392681448432297,0
0.4,2,0.2,16,58,0.9999999999999989,0.9998689277149194,1.0,1.0,0,0,0,0,1.0,1.0,0,0,0.7971468255544781,0.009245785658643594,0
0.4,2,0.2,17,59,0.9999987069033073,0.9999517827632997,1.0,1.0,0,0,0,0,1.0,1.0,0,0,0.9726620692097332,0.003463298187465259,0
0.4,2,0.2,18,60,0.9999999999999987,0.9762968663087531,1.0,1.0,0,0,0,0,1.0,1.0,0,0,0.7970162713820595,0.00831169472651213,0
0.4,2,0.2,19,61,0.9999992890828564,0.9999973789438074,1.0,1.0,0,0,0,0,1.0,1.0,0,0,0.9063955890658812,0.0061530824424107285,0
0.6,0,0.0,0,42,0.9999999999999948,0.8480022643271173,1.0,0.93,0,0,0,1,0.9611225121170771,0.676819670297026,1,0,-0.36845324328794954,0.1254656029306614,0
0.6,0,0.0,1,43,0.9781792804826055,0.8165018143966443,1.0,0.85,0,0,0,1,0.8511742920706118,0.6772628388544513,1,0,-0.034238741991613246,0.12773851204118494,0
0.6,0,0.0,2,44,0.9986451901417467,0.9330604625914373,1.0,0.89,0,0,0,1,0.8890867559255045,0.7924284246213004,1,0,-0.1093153521525367,0.12443159498907214,0
0.6,0,0.0,3,45,0.9999991057266935,0.9959828058666494,1.0,0.66,0,0,0,1,1.0,0.8966000935268106,1,0,-0.12141445394930347,0.1320124687508108,0
0.6,0,0.0,4,46,0.9999999946811913,0.8309124304765666,1.0,0.9,0,0,0,1,1.0,0.7166657667346484,1,0,-0.11223468730850648,0.11226583902989545,0
0.6,0,0.0,5,47,0.9999997473658293,0.8179981161944655,1.0,0.77,0,0,0,1,1.0,0.6589082006093737,1,0,-0.6671676134125812,0.12888738429323243,0
0.6,0,0.0,6,48,0.9999999692270937,0.9318469818813047,1.0,0.48,0,0,0,1,0.9566581990780642,0.7778085363347967,1,0,-0.21769077592223915,0.20206371920158717,0
0.6,0,0.0,7,49,0.9999999953139371,0.8543531991763945,1.0,0.88,0,0,0,1,0.9903140198448983,0.7132777069311886,1,0,-0.0886831334609208,0.12722580926370874,0
0.6,0,0.0,8,50,0.9999999999371985,0.6048673180325189,1.0,0.52,0,1,0,1,1.0,0.3824015194368201,1,1,-0.3026203763087245,0.23354336607527093,0
0.6,0,0.0,9,51,0.9829886767699323,0.7530884454147294,1.0,0.42,0,1,0,1,0.8243438121645634,0.5491969592774256,1,1,0.494778067568454,0.20073612745703465,0
0.6,0,0.0,10,52,0.9999999999999987,0.8626833368888794,1.0,0.81,0,0,0,1,0.9997261447824173,0.708501864332645,1,0,-0.22797056762178816,0.12475369444034935,0
0.6,0,0.0,11,53,0.9999999999999961,0.9902991456392246,1.0,0.84,0,0,0,1,0.9406475263684643,0.8798541515958685,1,0,-0.20714209442129913,0.11741886470782706,0
0.6,0,0.0,12,54,0.9953589717520549,0.95913304059926,1.0,0.97,0,0,0,1,0.862457597268839,0.8151225660973157,1,0,0.11946301103295767,0.05937210433010866,0
0.6,0,0.0,13,55,0.9999999585128134,0.949600663030357,1.0,1.0,0,0,0,0,0.9919554999877798,0.8319313467233969,0,0,0.007117603945588677,0.06980408865362073,0
0.6,0,0.0,14,56,0.9999999999999941,0.8104840347660521,1.0,0.86,0,0,0,1,0.9167500786029309,0.6137309391794182,1,0,-0.10001382713559495,0.12201236670541289,0
0.6,0,0.0,15,57,0.9754969630249295,0.9368686382845667,1.0,1.0,0,0,0,0,0.825952174596065,0.7955044603129515,0,0,-0.15092934633062016,0.06682900247871713,0
0.6,0,0.0,16,58,0.9999999904711147,0.9268702232464234,1.0,0.54,0,0,0,1,1.0,0.8170658495682078,1,0,-0.36661457909446116,0.17504237108379747,0
0.6,0,0.0,17,59,0.9999622498330053,0.9317197135822172,1.0,0.84,0,0,0,1,1.0,0.8031397633973593,1,0,-0.047610143884927604,0.10677455119595601,0
0.6,0,0.0,18,60,0.9987221468326083,0.6666564983214429,1.0,0.64,0,1,0,1,0.875105943381594,0.4365085246312801,1,1,-0.1800323838751003,0.13674944057640417,0
0.6,0,0.0,19,61,0.9999688292095019,0.8982345171905483,1.0,0.75,0,0,0,1,1.0,0.7449795585792715,1,0,-0.2799749496551432,0.13804025192027336,0
0.6,0,0.01,0,42,0.9999999999999961,0.9066440268545208,1.0,1.0,0,0,0,0,0.96869952000296,0.7624767471621057,0,0,-0.03762574616320794,0.07890167323806356,0
0.6,0,0.01,1,43,0.9806966847515398,0.8816878215592631,1.0,0.95,0,0,0,1,0.8726027408992336,0.7668199294197258,1,0,0.1168433221757429,0.08379949928160542,0
0.6,0,0.01,2,44,0.9995948570227657,0.9950476877348768,1.0,1.0,0,0,0,0,0.9333921318862411,0.9096285886669205,0,0,0.03674953161291967,0.07866034348022145,0
0.6,0,0.01,3,45,0.9999999999999989,0.9999456063676289,1.0,0.96,0,0,0,1,1.0,0.9604280744547927,1,0,0.015016308457363589,0.08297642694907097,0
0.6,0,0.01,4,46,0.999999998250677,0.8937180010073035,1.0,0.95,0,0,0,1,1.0,0.8077186014004926,1,0,0.018763449272646372,0.06397509751589397,0
0.6,0,0.01,5,47,0.9999999999757601,0.8702529492496471,1.0,1.0,0,0,0,0,1.0,0.7392850839749652,0,0,-0.4897141900749973,0.09256804361990767,0
0.6,0,0.01,6,48,0.9999999999976491,0.9998632380120887,1.0,0.68,0,0,0,1,1.0,0.9493445753350382,1,0,-0.18066426875018202,0.14917710702263468,0
0.6,0,0.01,7,49,0.9999999992433256,0.9017980379203485,1.0,0.98,0,0,0,1,1.0,0.7842391306076179,1,0,0.06273205051236277,0.07697043546826189,0
0.6,0,0.01,8,50,0.9999999999967816,0.695262078605351,1.0,0.63,0,1,0,1,1.0,0.5352832873478012,1,1,-0.21985662610109363,0.17952572562061053,0
0.6,0,0.01,9,51,0.9993495294260301,0.8014230140715642,1.0,0.52,0,0,0,1,0.9159574734956891,0.6278376084488859,1,0,0.42814740339589596,0.15459099565647855,0
0.6,0,0.01,10,52,0.9999999999999987,0.9124709778110358,1.0,1.0,0,0,0,0,1.0,0.7862255099668847,0,0,-0.011628140810423638,0.0717299896642782,0
0.6,0,0.01,11,53,0.9999999999999968,0.9993091613729707,1.0,0.9,0,0,0,1,1.0,0.9994412491341419,1,0,-0.027897027683559474,0.0662765473861985,0
0.6,0,0.01,12,54,0.9995689233915833,0.999930632393509,1.0,1.0,0,0,0,0,0.9199085587121205,0.9666744221599177,0,0,0.3328975608975188,0.029225559959886738,0
0.6,0,0.01,13,55,0.9999999997198633,0.9959262636177988,1.0,1.0,0,0,0,0,1.0,0.9770914872763464,0,0,0.5369287196001401,0.0225455934978335,0
0.6,0,0.01,14,56,0.9999999999999969,0.896487299399324,1.0,1.0,0,0,0,0,0.9900657225826272,0.7375575368311265,0,0,0.12455884054110883,0.07149513719745353,0
0.6,0,0.01,15,57,0.9974912667591432,0.9998442982723362,1.0,1.0,0,0,0,0,0.9209761337444882,0.9503051094927929,0,0,0.35195941059898267,0.027821880092676738,0
0.6,0,0.01,16,58,0.9999999999999989,0.9794399507940699,1.0,0.83,0,0,0,1,1.0,0.9231242954333239,1,0,-0.21647596110957618,0.12245869671662803,0
0.6,0,0.01,17,59,0.9999829006368991,0.9911306804149699,1.0,1.0,0,0,0,0,1.0,0.920231445168279,0,0,0.2977441944764323,0.06478824126687267,0
0.6,0,0.01,18,60,0.9999999999999987,0.7222102075704699,1.0,0.94,0,1,0,0,0.9268835849363901,0.5370615216717095,1,1,-0.10614208860427689,0.09562756487911261,0
0.6,0,0.01,19,61,0.9999969268168482,0.9680414410434444,1.0,1.0,0,0,0,0,1.0,0.8600464235901563,0,0,-0.09454292891717425,0.08838981654980951,0
0.6,0,0.02,0,42,0.9999999999999973,0.9870708861473313,1.0,1.0,0,0,0,0,0.9793252302152864,0.9387441850270939,0,0,0.43053334506264296,0.02691585685929946,0
0.6,0,0.02,1,43,0.982456518406628,0.9287804009952855,1.0,1.0,0,0,0,0,0.8912900265606708,0.8446344234158462,0,0,0.3628796677409687,0.03404693012733806,0
0.6,0,0.02,2,44,0.9999999747026023,0.9998378935960923,1.0,1.0,0,0,0,0,0.9871973792753049,1.0,0,0,0.24854062435000795,0.035005475330469465,0
0.6,0,0.02,3,45,0.999999999999999,0.9999818879008964,1.0,1.0,0,0,0,0,1.0,0.9964883445066826,0,0,0.1798390885114583,0.04635279747140211,0
0.6,0,0.02,4,46,0.9999999991979771,0.957966544886201,1.0,1.0,0,0,0,0,1.0,0.9057241317114957,0,0,0.32748685980030107,0.024560813689101516,0
0.6,0,0.02,5,47,0.9999999999999896,0.9478209137109426,1.0,1.0,0,0,0,0,1.0,0.8614732422851904,0,0,0.06890105679246449,0.049885620847622485,0
0.6,0,0.02,6,48,0.999999999998907,0.9999830726334485,1.0,0.8,0,0,0,1,1.0,0.9966426148574915,1,0,-0.07457284845250656,0.09692306176793966,0
0.6,0,0.02,7,49,0.999999999999998,0.9745986749137258,1.0,1.0,0,0,0,0,1.0,0.9070929212001897,0,0,0.3015833808157103,0.032996048742631914,0
0.6,0,0.02,8,50,0.9999999999983017,0.7907905487870096,1.0,0.68,0,1,0,0,1.0,0.6924638151763705,1,1,-0.10023563302829233,0.11681065232795267,0
0.6,0,0.02,9,51,0.9999999832986225,0.8905446994774507,1.0,0.72,0,0,0,1,1.0,0.756235907554557,1,0,0.17716207484426705,0.11489164713071774,0
0.6,0,0.02,10,52,0.9999999999999988,0.9723583111064933,1.0,1.0,0,0,0,0,1.0,0.903722793672919,0,0,0.20751715621495564,0.037202600903935984,0
0.6,0,0.02,11,53,0.9999999999999972,0.9999565350250105,1.0,1.0,0,0,0,0,1.0,1.0,0,0,0.13978118524033836,0.03433064188952657,0
0.6,0,0.02,12,54,0.9999999999999903,0.99999954191767,1.0,1.0,0,0,0,0,0.9770170358868137,0.9887671159568415,0,0,0.48687617473403844,0.016307394581055856,0
0.6,0,0.02,13,55,0.9999999999999986,0.9999984468180897,1.0,1.0,0,0,0,0,1.0,1.0,0,0,0.8971799494705943,0.005505358702714914,0
0.6,0,0.02,14,56,0.9999999999999986,0.9461128494477508,1.0,1.0,0,0,0,0,1.0,0.8509721565996804,0,0,0.28923154907386417,0.03681331629618366,0
0.6,0,0.02,15,57,0.9998498080007655,0.9999999999999952,1.0,1.0,0,0,0,0,1.0,1.0,0,0,0.8978200621277036,0.007605320199378454,0
0.6,0,0.02,16,58,0.999999999999999,0.9957338728245066,1.0,1.0,0,0,0,0,1.0,1.0,0,0,-0.0193199361631622,0.07148248452639555,0
0.6,0,0.02,17,59,0.9999917440759764,0.9980796552457255,1.0,1.0,0,0,0,0,1.0,1.0,0,0,0.5373402077231048,0.03743787927734573,0
0.6,0,0.02,18,60,0.9999999999999987,0.7861998049623481,1.0,0.97,0,1,0,0,0.9723096335120331,0.6449015174968804,1,1,0.04287368553872803,0.0567396493315476,0
0.6,0,0.02,19,61,0.9999982212162846,0.9999322708994874,1.0,1.0,0,0,0,0,1.0,0.9925575611503658,0,0,0.14825735731928283,0.04419026818957886,0
0.6,0,0.05,0,42,0.9999999999999987,0.9895255409297925,1.0,1.0,0,0,0,0,1.0,0.981677072165025,0,0,0.934714195453679,0.004490005983952779,0
0.6,0,0.05,1,43,0.9883690931107046,0.9959683434681877,1.0,1.0,0,0,0,0,0.9590848083598956,1.0,0,0,0.7066806924351964,0.009585639864521281,0
0.6,0,0.05,2,44,0.9999999968078208,0.999994382468599,1.0,1.0,0,0,0,0,1.0,1.0,0,0,0.8937145344811307,0.005098712923975182,0
0.6,0,0.05,3,45,0.999999999999999,0.99999910067196,1.0,1.0,0,0,0,0,1.0,1.0,0,0,0.6753143951737318,0.010292114431930033,0
0.6,0,0.05,4,46,0.9999999999239523,0.995623577932331,1.0,1.0,0,0,0,0,1.0,1.0,0,0,0.756966979832329,0.006398298281355413,0
0.6,0,0.05,5,47,0.9999999999999987,0.997584648091167,1.0,1.0,0,0,0,0,1.0,1.0,0,0,0.9215110778825077,0.00591856449908482,0
0.6,0,0.05,6,48,0.9999999999997182,0.999999836372198,1.0,1.0,0,0,0,0,1.0,1.0,0,0,0.22994356500011925,0.026132371929832764,0
0.6,0,0.05,7,49,0.9999999999999987,0.9999409085128517,1.0,1.0,0,0,0,0,1.0,1.0,0,0,0.615797787108608,0.008866891037040846,0
0.6,0,0.05,8,50,0.999999999999573,0.9891293443329471,1.0,1.0,0,0,0,0,1.0,1.0,0,0,0.29456812107813773,0.03019997695798387,0
0.6,0,0.05,9,51,0.9999999998427282,0.9599367268252427,1.0,1.0,0,0,0,0,1.0,0.955983708765611,0,0,0.4184279594543753,0.03087579064485327,0
0.6,0,0.05,10,52,0.9999999999999989,0.9992126056077149,1.0,1.0,0,0,0,0,1.0,1.0,0,0,0.9243017070830234,0.004864592795492995,0
0.6,0,0.05,11,53,0.9999999999999984,0.9999957790194461,1.0,1.0,0,0,0,0,1.0,1.0,0,0,0.5263770690738108,0.011605381282900165,0
0.6,0,0.05,12,54,0.999999999999997,0.999999988075731,1.0,1.0,0,0,0,0,1.0,1.0,0,0,0.8945100015698937,0.0037092434411219234,0
0.6,0,0.05,13,55,0.9999999999999988,0.999999999999999,1.0,1.0,0,0,0,0,1.0,1.0,0,0,0.9985072223337991,0.0011411603884913491,0
0.6,0,0.05,14,56,0.9999999999999988,0.9800483506547901,1.0,1.0,0,0,0,0,1.0,0.9863930241042008,0,0,0.963696209790112,0.002555769454139687,0
0.6,0,0.05,15,57,0.999999999999997,0.999999999999999,1.0,1.0,0,0,0,0,1.0,1.0,0,0,0.954012297585372,0.004865242607652769,0
0.6,0,0.05,16,58,0.999999999999999,0.9997199863124816,1.0,1.0,0,0,0,0,1.0,1.0,0,0,0.6011147625626787,0.014261223461686411,0
0.6,0,0.05,17,59,0.9999988040221791,0.9998946053424815,1.0,1.0,0,0,0,0,1.0,1.0,0,0,0.9405211874666813,0.006037269516027987,0
0.6,0,0.05,18,60,0.9999999999999989,0.9150336006215023,1.0,1.0,0,0,0,0,1.0,0.895125624633289,0,0,0.5854191649736455,0.01048445871808338,0
0.6,0,0.05,19,61,0.9999999999999989,0.9999954859186063,1.0,1.0,0,0,0,0,1.0,1.0,0,0,0.8447938140605656,0.007336823047375786,0
0.6,0,0.1,0,42,0.999999999999999,0.9895256812108645,1.0,1.0,0,0,0,0,1.0,1.0,0,0,0.9614256316584849,0.003231966261152117,0
0.6,0,0.1,1,43,0.989269350733768,0.9978461150301985,1.0,1.0,0,0,0,0,1.0,1.0,0,0,0.8673917366143555,0.0061142002251226716,0
0.6,0,0.1,2,44,0.9999999971256969,0.9999967071339718,1.0,1.0,0,0,0,0,1.0,1.0,0,0,0.947538339261769,0.003599446133803429,0
0.6,0,0.1,3,45,0.999999999999999,0.9999994478509219,1.0,1.0,0,0,0,0,1.0,1.0,0,0,0.8492347323829177,0.005797566115634468,0
0.6,0,0.1,4,46,0.9999999999366168,0.998533373404381,1.0,1.0,0,0,0,0,1.0,1.0,0,0,0.9027116762470948,0.004030583166558417,0
0.6,0,0.1,5,47,0.999999999999999,0.9980931291969484,1.0,1.0,0,0,0,0,1.0,1.0,0,0,0.9634879337071417,0.0037833575133699384,0
0.6,0,0.1,6,48,0.9999999999997173,0.9999999490142177,1.0,1.0,0,0,0,0,1.0,1.0,0,0,0.5154230219834884,0.012908600622499398,0
0.6,0,0.1,7,49,0.999999999999999,0.9999561984935594,1.0,1.0,0,0,0,0,1.0,1.0,0,0,0.8558821224526826,0.003971766107526181,0
0.6,0,0.1,8,50,0.9999999999995731,0.9939899090659798,1.0,1.0,0,0,0,0,1.0,1.0,0,0,0.7009919380847529,0.012608923949626117,0
0.6,0,0.1,9,51,0.9999999998401942,0.9841277999678805,1.0,1.0,0,0,0,0,1.0,1.0,0,0,0.733725561736649,0.013642094920096808,0
0.6,0,0.1,10,52,0.999999999999999,0.9992335977314489,1.0,1.0,0,0,0,0,1.0,1.0,0,0,0.9569896867265627,0.0035141163246519814,0
0.6,0,0.1,11,53,0.9999999999999989,0.9999971552889891,1.0,1.0,0,0,0,0,1.0,1.0,0,0,0.822257594421343,0.005421639311754259,0
0.6,0,0.1,12,54,0.999999999999997,0.9999999943494327,1.0,1.0,0,0,0,0,1.0,1.0,0,0,0.9513315527451516,0.002572196277771104,0
0.6,0,0.1,13,55,0.9999999999999989,0.999999999999999,1.0,1.0,0,0,0,0,1.0,1.0,0,0,0.9989631260153722,0.0010278781386550574,0
0.6,0,0.1,14,56,0.9999999999999989,0.9888584730232376,1.0,1.0,0,0,0,0,1.0,1.0,0,0,0.9750558273115987,0.002227731565807087,0
0.6,0,0.1,15,57,0.9999999999999983,0.999999999999999,1.0,1.0,0,0,0,0,1.0,1.0,0,0,0.9914833909970283,0.002719144753365419,0
0.6,0,0.1,16,58,0.999999999999999,0.9998984987598071,1.0,1.0,0,0,0,0,1.0,1.0,0,0,0.8313429082164981,0.0076082420930268435,0
0.6,0,0.1,17,59,0.9999988511202702,0.9999682727926128,1.0,1.0,0,0,0,0,1.0,1.0,0,0,0.9750076267022884,0.0027436835587408594,0
0.6,0,0.1,18,60,0.999999999999999,0.9768040788462747,1.0,1.0,0,0,0,0,1.0,1.0,0,0,0.8045068813547692,0.006714637392437157,0
0.6,0,0.1,19,61,0.999999999999999,0.9999977061855212,1.0,1.0,0,0,0,0,1.0,1.0,0,0,0.9335970712295361,0.004619460904071,0
0.6,0,0.2,0,42,0.999999999999999,0.9895256812108645,1.0,1.0,0,0,0,0,1.0,1.0,0,0,0.961488983705969,0.003214054512391685,0
0.6,0,0.2,1,43,0.9892693507332743,0.9978461150300313,1.0,1.0,0,0,0,0,1.0,1.0,0,0,0.8709947473263484,0.005654432407333756,0
0.6,0,0.2,2,44,0.9999999971256969,0.9999967071339718,1.0,1.0,0,0,0,0,1.0,1.0,0,0,0.946406216917417,0.0036599377782741116,0
0.6,0,0.2,3,45,0.999999999999999,0.9999994493713615,1.0,1.0,0,0,0,0,1.0,1.0,0,0,0.849756578015106,0.0058520744613679955,0
0.6,0,0.2,4,46,0.9999999999366168,0.998533373404381,1.0,1.0,0,0,0,0,1.0,1.0,0,0,0.9027116762470948,0.004030583166558417,0
0.6,0,0.2,5,47,0.999999999999999,0.9980931291969483,1.0,1.0,0,0,0,0,1.0,1.0,0,0,0.9636785535179886,0.003726634651130246,0
0.6,0,0.2,6,48,0.9999999999997174,0.9999999490222127,1.0,1.0,0,0,0,0,1.0,1.0,0,0,0.5803145389078269,0.011594636154862021,0
0.6,0,0.2,7,49,0.999999999999999,0.9999561985257451,1.0,1.0,0,0,0,0,1.0,1.0,0,0,0.8655165255709809,0.0037635604850400706,0
0.6,0,0.2,8,50,0.9999999999995731,0.9939898912716522,1.0,1.0,0,0,0,0,1.0,1.0,0,0,0.6915334831758324,0.01264863851341533,0
0.6,0,0.2,9,51,0.9999999998401926,0.9841277999678805,1.0,1.0,0,0,0,0,1.0,1.0,0,0,0.7248960608663013,0.012375382891550032,0
0.6,0,0.2,10,52,0.999999999999999,0.9992335977314488,1.0,1.0,0,0,0,0,1.0,1.0,0,0,0.957499794706147,0.003391354277461942,0
0.6,0,0.2,11,53,0.999999999999999,0.9999971552889891,1.0,1.0,0,0,0,0,1.0,1.0,0,0,0.8245422343683305,0.005054548091225992,0
0.6,0,0.2,12,54,0.9999999999999971,0.9999999943494327,1.0,1.0,0,0,0,0,1.0,1.0,0,0,0.9514006563120273,0.0024553497514162004,0
0.6,0,0.2,13,55,0.999999999999999,0.999999999999999,1.0,1.0,0,0,0,0,1.0,1.0,0,0,1.0,0.0006959332040344557,0
0.6,0,0.2,14,56,0.999999999999999,0.9888584730232376,1.0,1.0,0,0,0,0,1.0,1.0,0,0,0.9739234721256814,0.0021480469730979514,0
0.6,0,0.2,15,57,0.9999999999999987,0.999999999999999,1.0,1.0,0,0,0,0,1.0,1.0,0,0,0.9981882346904001,0.0019756369889151536,0
0.6,0,0.2,16,58,0.999999999999999,0.9998984987598071,1.0,1.0,0,0,0,0,1.0,1.0,0,0,0.8313429082164981,0.0076082420930268435,0
0.6,0,0.2,17,59,0.9999988511202705,0.9999682727926124,1.0,1.0,0,0,0,0,1.0,1.0,0,0,0.9667955280362224,0.002945530915282295,0
0.6,0,0.2,18,60,0.999999999999999,0.9777325935458431,1.0,1.0,0,0,0,0,1.0,1.0,0,0,0.8138219225188924,0.006600641993564816,0
0.6,0,0.2,19,61,0.999999999999999,0.9999977061855212,1.0,1.0,0,0,0,0,1.0,1.0,0,0,0.9341486640036029,0.004500396019325582,0
0.6,1,0.0,0,42,0.999999999999995,0.8273509374186518,1.0,0.85,0,0,0,1,0.959466182061254,0.65316867556294,1,0,-0.5122530879937744,0.14468905029423212,0
0.6,1,0.0,1,43,0.9747738338330001,0.7937849466149542,1.0,0.77,0,1,0,1,0.8386954895403377,0.6449567928125566,1,1,-0.10498096030572665,0.14702383439541702,0
0.6,1,0.0,2,44,0.9938152622081126,0.9153200283036246,1.0,0.71,0,0,0,1,0.8620302641296557,0.7755836617280392,1,0,-0.16651344407108978,0.1438650663154515,0
0.6,1,0.0,3,45,0.9999972924336431,0.9780250913646762,1.0,0.59,0,0,0,1,1.0,0.8520484962336546,1,0,-0.181019793015025,0.15502723439485996,0
0.6,1,0.0,4,46,0.9999999925368017,0.7943849902824986,1.0,0.87,0,1,0,0,1.0,0.6647704668015859,1,1,-0.14912203324394052,0.12909147546819402,0
0.6,1,0.0,5,47,0.9999944490647524,0.793755037392686,1.0,0.58,0,1,0,1,1.0,0.6306839519019259,1,1,-0.7290461528568053,0.1509515203000166,0
0.6,1,0.0,6,48,0.9999999017986912,0.9075079155655538,1.0,0.41,0,0,0,1,0.9487562130235017,0.7500944036118573,1,0,-0.15244805465771236,0.2319485006651749,0
0.6,1,0.0,7,49,0.999999993160045,0.8274176236626636,1.0,0.8,0,0,0,1,0.9889725118860386,0.6830506049090828,1,0,-0.1413144188367348,0.14612063936220265,0
0.6,1,0.0,8,50,0.9999999994207961,0.5467904898795515,1.0,0.47,0,1,0,1,1.0,0.2962550906065067,1,1,-0.3484570850585481,0.2598612914517357,0
0.6,1,0.0,9,51,0.9744478847675465,0.7303339569163034,1.0,0.4,0,1,0,1,0.8168701278833683,0.5151775496309607,1,1,0.506557716806898,0.22954201489656342,0
0.6,1,0.0,10,52,0.9999999999999987,0.82734213781198,1.0,0.67,0,0,0,1,1.0,0.672516017749725,1,0,-0.28335321649550976,0.14624986462436498,0
0.6,1,0.0,11,53,0.9999999999999962,0.9722251563614985,1.0,0.77,0,0,0,1,0.9189362473604048,0.8489382828028627,1,0,-0.27828360778810113,0.13809586762330114,0
0.6,1,0.0,12,54,0.9932331258879483,0.9398543506263031,1.0,0.9,0,0,0,1,0.8555821550755731,0.7887703309713224,1,0,-0.026441681873929836,0.07762342928627664,0
0.6,1,0.0,13,55,0.9999999385069704,0.9242584070292286,1.0,1.0,0,0,0,0,0.9799481345602239,0.8058282747101374,0,0,-0.1546154787771623,0.08526681398394441,0
0.6,1,0.0,14,56,0.9999999999999944,0.7924886351771917,1.0,0.72,0,1,0,1,0.903234449934516,0.5910096723390292,1,1,-0.23348784691729949,0.14235533815764684,0
0.6,1,0.0,15,57,0.9660760058950336,0.9129775144132686,1.0,1.0,0,0,0,0,0.8202075207473509,0.7694130527576012,0,0,-0.29132093282349747,0.08199744099670965,0
0.6,1,0.0,16,58,0.9999999143999896,0.8891571773392242,1.0,0.41,0,0,0,1,0.9983201006125799,0.7837383954320813,1,0,-0.428608057969734,0.2029156196685439,0
0.6,1,0.0,17,59,0.9999532197476092,0.9048546125352124,1.0,0.78,0,0,0,1,1.0,0.779360975382425,1,0,-0.19650360723024232,0.12447639341617688,0
0.6,1,0.0,18,60,0.9981567014035595,0.6339839490594198,1.0,0.48,0,1,0,1,0.8629046242909393,0.38683119908319946,1,1,-0.2170014805462729,0.16150394874526555,0
0.6,1,0.0,19,61,0.9999382781437847,0.8787903908714151,1.0,0.58,0,0,0,1,1.0,0.7242183250641466,1,0,-0.3247346836924182,0.16081650886627544,0
0.6,1,0.01,0,42,0.9999999999999961,0.8771048738939189,1.0,1.0,0,0,0,0,0.9673118714866857,0.7295107084638169,0,0,-0.22827774495440817,0.09929288123830865,0
0.6,1,0.01,1,43,0.978498001569369,0.8549846447342729,1.0,0.91,0,0,0,1,0.8666962476345949,0.7393201142822822,1,0,0.02466807972617058,0.10364643863551691,0
0.6,1,0.01,2,44,0.9990502763681628,0.9704933115491877,1.0,0.95,0,0,0,1,0.9248200040894577,0.8724681435557072,1,0,-0.05039891006640262,0.09719206615260009,0
0.6,1,0.01,3,45,0.999999311913968,0.9998240058230234,1.0,0.84,0,0,0,1,1.0,0.9483197563991155,1,0,-0.048667642932277745,0.10067948409827794,0
0.6,1,0.01,4,46,0.9999999976147471,0.8611220082977222,1.0,0.92,0,0,0,1,1.0,0.7720985706595431,1,0,-0.06974966058576533,0.0843025580319504,0
0.6,1,0.01,5,47,0.9999999999548291,0.8466366875116613,1.0,0.93,0,0,0,1,1.0,0.7125934133636579,1,0,-0.630358415245668,0.11045073674369828,0
0.6,1,0.01,6,48,0.9999999999962047,0.9876550623645093,1.0,0.57,0,0,0,1,1.0,0.8922291430404231,1,0,-0.22839193024362392,0.17516369099399254,0
0.6,1,0.01,7,49,0.9999999987492919,0.8790941336315211,1.0,0.93,0,0,0,1,1.0,0.7613299470792647,1,0,-0.05376319200371078,0.0978124970752072,0
0.6,1,0.01,8,50,0.9999999999960237,0.6362559712295708,1.0,0.57,0,1,0,1,1.0,0.44828690079267663,1,1,-0.2610780168933936,0.20583330552843093,0
0.6,1,0.01,9,51,0.9978611119021424,0.7767226395004021,1.0,0.46,0,1,0,1,0.9000338965763628,0.5962861163206178,1,1,0.4659351571268162,0.1847848203323553,0
0.6,1,0.01,10,52,0.9999999999999987,0.8899903466979509,1.0,1.0,0,0,0,0,1.0,0.7591488385315557,0,0,-0.0903994538873104,0.09103774269904889,0
0.6,1,0.01,11,53,0.9999999999999968,0.9981227861586194,1.0,0.88,0,0,0,1,0.9974299626796794,0.9834460068741127,1,0,-0.11851306927605869,0.08713034888900233,0
0.6,1,0.01,12,54,0.9985783214720197,0.9995238618318659,1.0,1.0,0,0,0,0,0.9116049821525352,0.9427220536955518,0,0,0.22069715825019137,0.03798737630224392,0
0.6,1,0.01,13,55,0.9999999979424795,0.9913504696058976,1.0,1.0,0,0,0,0,1.0,0.9439485314853657,0,0,0.3271655402230641,0.03815335372744439,0
0.6,1,0.01,14,56,0.999999999999997,0.8618189731818382,1.0,1.0,0,0,0,0,0.982339067453783,0.6928045165122745,0,0,0.007852871122680648,0.09228112269325969,0
0.6,1,0.01,15,57,0.9945834743560434,0.9948524939532799,1.0,1.0,0,0,0,0,0.8972484806004808,0.9039202079007154,0,0,0.06975115401507734,0.042490213419336655,0
0.6,1,0.01,16,58,0.9999999999999989,0.9591090357825176,1.0,0.72,0,0,0,1,1.0,0.8821106455384546,1,0,-0.2910430886824812,0.14552087618245024,0
0.6,1,0.01,17,59,0.999980179145857,0.9676879567849529,1.0,0.95,0,0,0,1,1.0,0.8792384761514064,1,0,0.11913881843959187,0.08369285647650289,0
0.6,1,0.01,18,60,0.9999999999998708,0.6975327102992399,1.0,0.85,0,1,0,1,0.9159628348406867,0.5000190829745759,1,1,-0.15553948353915015,0.11383318632371622,0
0.6,1,0.01,19,61,0.9999934918936091,0.9359549650788966,1.0,0.96,0,0,0,1,1.0,0.8152625218771343,1,0,-0.17837130811592583,0.10845560936577794,0
0.6,1,0.02,0,42,0.999999999999997,0.972948273651532,1.0,1.0,0,0,0,0,0.9779555936098877,0.8864979787072819,0,0,0.23245257098620645,0.040949099493055155,0
0.6,1,0.02,1,43,0.9802393811655244,0.9109379228908738,1.0,1.0,0,0,0,0,0.8853434377758055,0.8237950618921356,0,0,0.2538747111290309,0.049806966025794104,0
0.6,1,0.02,2,44,0.9997306827936819,0.9993019136382426,1.0,1.0,0,0,0,0,0.980094705561473,1.0,0,0,0.12679359863178546,0.05301290073568485,0
0.6,1,0.02,3,45,0.999999999999999,0.9999733285115298,1.0,1.0,0,0,0,0,1.0,0.9871536872422516,0,0,0.10264872545035204,0.058548988873309865,0
0.6,1,0.02,4,46,0.9999999990943741,0.928637387201057,1.0,1.0,0,0,0,0,1.0,0.8680057543869677,0,0,0.21953331531802256,0.03441141899375752,0
0.6,1,0.02,5,47,0.9999999999989744,0.913826519828593,1.0,1.0,0,0,0,0,1.0,0.811732745748125,0,0,-0.09609829427867361,0.06679838294760668,0
0.6,1,0.02,6,48,0.9999999999983095,0.9999486125965754,1.0,0.72,0,0,0,1,1.0,0.986993482744695,1,0,-0.1329902275803309,0.12023487343478458,0
0.6,1,0.02,7,49,0.9999999999658127,0.9448236397259723,1.0,1.0,0,0,0,0,1.0,0.8651892390769802,0,0,0.20576680916330073,0.045887526426190296,0
0.6,1,0.02,8,50,0.999999999997703,0.7341582054035147,1.0,0.67,0,1,0,0,1.0,0.6106925582773796,1,1,-0.15154804702657423,0.1419097259598279,0
0.6,1,0.02,9,51,0.9999999714998896,0.8579069864950666,1.0,0.63,0,0,0,1,0.996091016471465,0.7124823356376639,1,0,0.21797693137961466,0.1344442474786408,0
0.6,1,0.02,10,52,0.9999999999999988,0.9489618304282977,1.0,1.0,0,0,0,0,1.0,0.8656773373458735,0,0,0.08981468950486897,0.05089815224171924,0
0.6,1,0.02,11,53,0.9999999999999972,0.9999226465110976,1.0,0.94,0,0,0,1,1.0,1.0,1,0,0.06879981281387994,0.04471216310219745,0
0.6,1,0.02,12,54,0.9999999999999863,0.9999990266055493,1.0,1.0,0,0,0,0,0.972575734347306,0.986155441063461,0,0,0.3991468291935637,0.020436864395161708,0
0.6,1,0.02,13,55,0.9999999999999986,0.9992248808567521,1.0,1.0,0,0,0,0,1.0,1.0,0,0,0.7942141898358567,0.009053134428651076,0
0.6,1,0.02,14,56,0.9999999999999984,0.9364534801570478,1.0,1.0,0,0,0,0,1.0,0.8333142576437768,0,0,0.21238743584390457,0.04552243262099372,0
0.6,1,0.02,15,57,0.999482172429616,0.9999829328797002,1.0,1.0,0,0,0,0,1.0,1.0,0,0,0.8714654805609577,0.008918602141065497,0
0.6,1,0.02,16,58,0.9999999999999989,0.9927446238455818,1.0,0.97,0,0,0,1,1.0,1.0,1,0,-0.10781670104784834,0.09206757341352022,0
0.6,1,0.02,17,59,0.9999909338777904,0.9969072051451877,1.0,1.0,0,0,0,0,1.0,1.0,0,0,0.4294355626112734,0.04639039978669609,0
0.6,1,0.02,18,60,0.9999999999999987,0.7579249377021643,1.0,0.95,0,1,0,0,0.9655203331798153,0.6065036144669913,1,1,-0.033619706273311574,0.07322483216362137,0
0.6,1,0.02,19,61,0.9999968717659672,0.999830163258355,1.0,1.0,0,0,0,0,1.0,0.983842083289693,0,0,0.03326342318078085,0.06031799959925335,0
0.6,1,0.05,0,42,0.9999999999999984,0.9879113292795723,1.0,1.0,0,0,0,0,1.0,0.980487378009532,0,0,0.900186627065982,0.005989597735074396,0
0.6,1,0.05,1,43,0.9863557472219937,0.9943992377505303,1.0,1.0,0,0,0,0,0.9551313013566338,1.0,0,0,0.669386745343432,0.011014609527482651,0
0.6,1,0.05,2,44,0.9999999962404413,0.9999900900066717,1.0,1.0,0,0,0,0,1.0,1.0,0,0,0.8543310002568094,0.006679640814019933,0
0.6,1,0.05,3,45,0.999999999999999,0.9999988167836873,1.0,1.0,0,0,0,0,1.0,1.0,0,0,0.6325646671822357,0.012773800319731432,0
0.6,1,0.05,4,46,0.9999999999181127,0.9938842919086179,1.0,1.0,0,0,0,0,1.0,1.0,0,0,0.6943402167030857,0.008070943603686601,0
0.6,1,0.05,5,47,0.9999999999999984,0.9967090306107564,1.0,1.0,0,0,0,0,1.0,1.0,0,0,0.8771047379042297,0.007907291508986518,0
0.6,1,0.05,6,48,0.9999999999996262,0.9999997932845992,1.0,1.0,0,0,0,0,1.0,1.0,0,0,0.19487031481071518,0.03137220603624098,0
0.6,1,0.05,7,49,0.9999999999999984,0.9998995962693531,1.0,1.0,0,0,0,0,1.0,1.0,0,0,0.5651202482437776,0.010737017824837982,0
0.6,1,0.05,8,50,0.9999999999994587,0.9814920457860483,1.0,1.0,0,0,0,0,1.0,1.0,0,0,0.19656207545955262,0.04047486760655719,0
0.6,1,0.05,9,51,0.9999999996964405,0.9496267857882681,1.0,1.0,0,0,0,0,1.0,0.9376058169893968,0,0,0.3859885530192983,0.03760502290083423,0
0.6,1,0.05,10,52,0.9999999999999989,0.9980361509174662,1.0,1.0,0,0,0,0,1.0,1.0,0,0,0.8956172426332993,0.0060814501814762615,0
0.6,1,0.05,11,53,0.999999999999998,0.9999936454881919,1.0,1.0,0,0,0,0,1.0,1.0,0,0,0.45138961863863997,0.014535873717259427,0
0.6,1,0.05,12,54,0.9999999999999967,0.9999999825260961,1.0,1.0,0,0,0,0,1.0,1.0,0,0,0.8503957443480132,0.00459499172124581,0
0.6,1,0.05,13,55,0.9999999999999987,0.9999999999112188,1.0,1.0,0,0,0,0,1.0,1.0,0,0,0.9979789955002503,0.0013065075805556515,0
0.6,1,0.05,14,56,0.9999999999999987,0.9718868498022755,1.0,1.0,0,0,0,0,1.0,0.9722861657540629,0,0,0.9468245715440236,0.0033778451468503747,0
0.6,1,0.05,15,57,0.9999999999999966,0.999999999999999,1.0,1.0,0,0,0,0,1.0,1.0,0,0,0.9396056464608198,0.005662112652359424,0
0.6,1,0.05,16,58,0.9999999999999989,0.9995602880052938,1.0,1.0,0,0,0,0,1.0,1.0,0,0,0.5040441414303458,0.018870013558218247,0
0.6,1,0.05,17,59,0.9999986229455748,0.999815374814453,1.0,1.0,0,0,0,0,1.0,1.0,0,0,0.909898179398041,0.00847089731224832,0
0.6,1,0.05,18,60,0.9999999999999988,0.9035999558994906,1.0,1.0,0,0,0,0,1.0,0.8774569833262716,0,0,0.5427168415737501,0.0127793610059779,0
0.6,1,0.05,19,61,0.999999808256533,0.9999941288499624,1.0,1.0,0,0,0,0,1.0,1.0,0,0,0.7693669652037856,0.009655309490557174,0
0.6,1,0.1,0,42,0.9999999999999989,0.9879115229983,1.0,1.0,0,0,0,0,1.0,1.0,0,0,0.9509290288970454,0.004008654684584425,0
0.6,1,0.1,1,43,0.9876090618009818,0.997318627518476,1.0,1.0,0,0,0,0,1.0,1.0,0,0,0.8543484362683443,0.007144060871777895,0
0.6,1,0.1,2,44,0.9999999964835314,0.99999394608077,1.0,1.0,0,0,0,0,1.0,1.0,0,0,0.9338283622554999,0.004535501042359514,0
0.6,1,0.1,3,45,0.999999999999999,0.9999993507390671,1.0,1.0,0,0,0,0,1.0,1.0,0,0,0.8401036128140856,0.006950833641904587,0
0.6,1,0.1,4,46,0.9999999999230029,0.9982160183079914,1.0,1.0,0,0,0,0,1.0,1.0,0,0,0.882888164471392,0.00487248346854525,0
0.6,1,0.1,5,47,0.9999999999999987,0.9976719070473129,1.0,1.0,0,0,0,0,1.0,1.0,0,0,0.9399031147173341,0.00542828025285681,0
0.6,1,0.1,6,48,0.9999999999996227,0.9999999427623272,1.0,1.0,0,0,0,0,1.0,1.0,0,0,0.4694857694423346,0.015000568047358427,0
0.6,1,0.1,7,49,0.9999999999999987,0.9999302306753135,1.0,1.0,0,0,0,0,1.0,1.0,0,0,0.8296453384227525,0.005165130304208637,0
0.6,1,0.1,8,50,0.9999999999994585,0.9917748484519124,1.0,1.0,0,0,0,0,1.0,1.0,0,0,0.6708248719196691,0.014958854362014188,0
0.6,1,0.1,9,51,0.9999999996924388,0.9788007868283705,1.0,1.0,0,0,0,0,1.0,1.0,0,0,0.7371981763104095,0.01633623432447677,0
0.6,1,0.1,10,52,0.9999999999999989,0.9980658513840565,1.0,1.0,0,0,0,0,1.0,1.0,0,0,0.9458813452250648,0.004328136985193225,0
0.6,1,0.1,11,53,0.9999999999999986,0.9999963465687886,1.0,1.0,0,0,0,0,1.0,1.0,0,0,0.8008989887857301,0.006550860382236864,0
0.6,1,0.1,12,54,0.9999999999999967,0.9999999927685476,1.0,1.0,0,0,0,0,1.0,1.0,0,0,0.9407194370824543,0.0030016697423498493,0
0.6,1,0.1,13,55,0.9999999999999987,0.9999999999112187,1.0,1.0,0,0,0,0,1.0,1.0,0,0,0.998472473760968,0.0011886788241473678,0
0.6,1,0.1,14,56,0.9999999999999987,0.9870575802233915,1.0,1.0,0,0,0,0,1.0,1.0,0,0,0.9697355054989705,0.0027202554697241766,0
0.6,1,0.1,15,57,0.9999999999999977,0.999999999999999,1.0,1.0,0,0,0,0,1.0,1.0,0,0,0.9743114121644568,0.004017572535991653,0
0.6,1,0.1,16,58,0.9999999999999989,0.999868182735623,1.0,1.0,0,0,0,0,1.0,1.0,0,0,0.7922696609389646,0.009337825251237246,0
0.6,1,0.1,17,59,0.9999986229351971,0.9999520485698801,1.0,1.0,0,0,0,0,1.0,1.0,0,0,0.9698957499698747,0.0037081510495754833,0
0.6,1,0.1,18,60,0.9999999999999989,0.9740004266836744,1.0,1.0,0,0,0,0,1.0,1.0,0,0,0.7832392035266754,0.008092458805445513,0
0.6,1,0.1,19,61,0.9999997787651222,0.9999972815804299,1.0,1.0,0,0,0,0,1.0,1.0,0,0,0.9066883992457871,0.005997006119063325,0
0.6,1,0.2,0,42,0.9999999999999989,0.9879115229983,1.0,1.0,0,0,0,0,1.0,1.0,0,0,0.9509290288970454,0.004008654684584425,0
0.6,1,0.2,1,43,0.9876090617976968,0.9973186275013178,1.0,1.0,0,0,0,0,1.0,1.0,0,0,0.8591507850414702,0.006714700146976929,0
0.6,1,0.2,2,44,0.9999999964835314,0.9999939460807696,1.0,1.0,0,0,0,0,1.0,1.0,0,0,0.9320593218003015,0.004639966714339377,0
0.6,1,0.2,3,45,0.999999999999999,0.9999993525057125,1.0,1.0,0,0,0,0,1.0,1.0,0,0,0.8470119734641739,0.006739815916866947,0
0.6,1,0.2,4,46,0.9999999999230029,0.9982160183079914,1.0,1.0,0,0,0,0,1.0,1.0,0,0,0.882888164471392,0.00487248346854525,0
0.6,1,0.2,5,47,0.9999999999999989,0.9976719070473113,1.0,1.0,0,0,0,0,1.0,1.0,0,0,0.9463964280348419,0.0050366070448828355,0
0.6,1,0.2,6,48,0.9999999999996227,0.9999999427418312,1.0,1.0,0,0,0,0,1.0,1.0,0,0,0.5458060552042114,0.013390934820869576,0
0.6,1,0.2,7,49,0.9999999999999989,0.9999302305957266,1.0,1.0,0,0,0,0,1.0,1.0,0,0,0.8490787081837491,0.0045070209710650734,0
0.6,1,0.2,8,50,0.9999999999994585,0.9917747972764739,1.0,1.0,0,0,0,0,1.0,1.0,0,0,0.6601930056237317,0.015126954925298005,0
0.6,1,0.2,9,51,0.9999999996924341,0.9788007868284218,1.0,1.0,0,0,0,0,1.0,1.0,0,0,0.7418843594314396,0.01510659591860652,0
0.6,1,0.2,10,52,0.9999999999999989,0.9980658513840565,1.0,1.0,0,0,0,0,1.0,1.0,0,0,0.9458813452250648,0.004328136985193225,0
0.6,1,0.2,11,53,0.9999999999999987,0.999996346568763,1.0,1.0,0,0,0,0,1.0,1.0,0,0,0.8077695508409244,0.0061474130528107705,0
0.6,1,0.2,12,54,0.9999999999999967,0.9999999927685476,1.0,1.0,0,0,0,0,1.0,1.0,0,0,0.9402932304347873,0.003027973607648988,0
0.6,1,0.2,13,55,0.9999999999999987,0.9999999999112187,1.0,1.0,0,0,0,0,1.0,1.0,0,0,0.998472473760968,0.0011886788241473678,0
0.6,1,0.2,14,56,0.9999999999999987,0.9870575802233913,1.0,1.0,0,0,0,0,1.0,1.0,0,0,0.9692466046801711,0.0027625563225549933,0
0.6,1,0.2,15,57,0.9999999999999982,0.999999999999999,1.0,1.0,0,0,0,0,1.0,1.0,0,0,0.9909585191247641,0.0029116867560435343,0
0.6,1,0.2,16,58,0.9999999999999989,0.999868182735623,1.0,1.0,0,0,0,0,1.0,1.0,0,0,0.7922696609389646,0.009337825251237246,0
0.6,1,0.2,17,59,0.9999986229351971,0.9999520485698743,1.0,1.0,0,0,0,0,1.0,1.0,0,0,0.9651819138055188,0.0035895171411412176,0
0.6,1,0.2,18,60,0.9999999999999989,0.9753209862143658,1.0,1.0,0,0,0,0,1.0,1.0,0,0,0.7950740718592856,0.007968104045476508,0
0.6,1,0.2,19,61,0.9999997787651222,0.9999972815804299,1.0,1.0,0,0,0,0,1.0,1.0,0,0,0.9066883992457871,0.005997006119063325,0
0.6,2,0.0,0,42,0.9999999999999956,0.8266332210353187,1.0,0.85,0,0,0,1,0.959484462939937,0.6524969138736707,1,0,-0.5221757366593031,0.14371106295259514,0
0.6,2,0.0,1,43,0.9743413883053897,0.7958448316009181,1.0,0.77,0,1,0,1,0.8368932543993409,0.6483362642439853,1,1,-0.12813509349364108,0.14600911487575197,0
0.6,2,0.0,2,44,0.9934043700693798,0.9164045702065982,1.0,0.72,0,0,0,1,0.8601636983528689,0.7782863277865749,1,0,-0.16034916293953633,0.14070723410423275,0
0.6,2,0.0,3,45,0.9999966034051525,0.9765117921235785,1.0,0.59,0,0,0,1,1.0,0.8488317888006773,1,0,-0.1811825535472833,0.1526333063114049,0
0.6,2,0.0,4,46,0.9999999926453288,0.7939181699689759,1.0,0.87,0,1,0,0,1.0,0.6635290155169756,1,1,-0.1547736152836501,0.12729966053985795,0
0.6,2,0.0,5,47,0.999995123563903,0.7943916422052852,1.0,0.58,0,1,0,1,1.0,0.6320417659632721,1,1,-0.7517201669847634,0.15000113946570606,0
0.6,2,0.0,6,48,0.9999999076361614,0.9078635684185586,1.0,0.42,0,0,0,1,0.9496927185024346,0.7504079808355714,1,0,-0.1603900997994607,0.22962253214813103,0
0.6,2,0.0,7,49,0.9999999935456505,0.826859856192802,1.0,0.8,0,0,0,1,0.989567775225658,0.6818569731027921,1,0,-0.15739866768944652,0.14460024191650375,0
0.6,2,0.0,8,50,0.999999999384215,0.5460953785687767,1.0,0.47,0,1,0,1,1.0,0.29420107320859273,1,1,-0.34844334002153643,0.25758520083620995,0
0.6,2,0.0,9,51,0.976651280228926,0.7320037406197842,1.0,0.39,0,1,0,1,0.8196679871814403,0.5169398719650508,1,1,0.5010304054723945,0.22733753201780382,0
0.6,2,0.0,10,52,0.9999999999999987,0.8260225449644352,1.0,0.67,0,0,0,1,0.9994139074736099,0.6706997853636532,1,0,-0.27226041628441816,0.14496887381704485,0
0.6,2,0.0,11,53,0.9999999999999966,0.9724281411813931,1.0,0.77,0,0,0,1,0.916677882326021,0.8493827507459939,1,0,-0.2810839746019788,0.1363611962947421,0
0.6,2,0.0,12,54,0.9932038828578913,0.9420334563420065,1.0,0.9,0,0,0,1,0.8562972575277413,0.7926656199701135,1,0,-0.06938690189623223,0.07692260148380392,0
0.6,2,0.0,13,55,0.999999937075419,0.9246028973971193,1.0,1.0,0,0,0,0,0.9813602385513561,0.8059507779747367,0,0,-0.16459565349844496,0.08368679244295649,0
0.6,2,0.0,14,56,0.9999999999999953,0.7936131756199525,1.0,0.76,0,1,0,1,0.907841764777285,0.5922594616840076,1,1,-0.2554540360618979,0.1403849654543227,0
0.6,2,0.0,15,57,0.9668110197920718,0.9133590387936219,1.0,1.0,0,0,0,0,0.8207569067446057,0.7679223718720837,0,0,-0.2966776349536474,0.08072222303994243,0
0.6,2,0.0,16,58,0.9999999055516615,0.8873074056259963,1.0,0.41,0,0,0,1,0.9977152094207122,0.782192026863079,1,0,-0.4248897061236385,0.20063374218317204,0
0.6,2,0.0,17,59,0.9999607678321148,0.9027232583666494,1.0,0.79,0,0,0,1,1.0,0.7771976256584046,1,0,-0.23657165136827218,0.1232847166971172,0
0.6,2,0.0,18,60,0.9990462768092856,0.6380730259763834,1.0,0.49,0,1,0,1,0.8678026515082393,0.39398362852448876,1,1,-0.22695245278687218,0.16051739798231154,0
0.6,2,0.0,19,61,0.9999372737460201,0.8780148877945465,1.0,0.6,0,0,0,1,1.0,0.7238474696375896,1,0,-0.31706676159197,0.15910223126548032,0
0.6,2,0.01,0,42,0.9999999999999964,0.876319103918024,1.0,1.0,0,0,0,0,0.9672310335153576,0.7288081088968058,0,0,-0.24317536402581774,0.09835485610866217,0
0.6,2,0.01,1,43,0.9782218088389272,0.8565122896840223,1.0,0.92,0,0,0,1,0.8657400151245476,0.741964989938978,1,0,0.002146047967959615,0.10270553187290471,0
0.6,2,0.01,2,44,0.9990189413123653,0.9717743566563859,1.0,0.97,0,0,0,1,0.9238258964226358,0.8755055617477961,1,0,-0.053953691891602665,0.09601081910831766,0
0.6,2,0.01,3,45,0.9999985762017166,0.9998262799354167,1.0,0.84,0,0,0,1,1.0,0.9467521965180807,1,0,-0.04692170265816431,0.09864608916290665,0
0.6,2,0.01,4,46,0.9999999978226106,0.8602042595856078,1.0,0.92,0,0,0,1,1.0,0.7704656671838999,1,0,-0.0820439910806626,0.08359013281063009,0
0.6,2,0.01,5,47,0.9999999999540014,0.8471548362084906,1.0,0.93,0,0,0,1,1.0,0.7138194784852322,1,0,-0.6572746591127655,0.110173441427965,0
0.6,2,0.01,6,48,0.9999999999957656,0.9874653527815339,1.0,0.59,0,0,0,1,1.0,0.8921638864898197,1,0,-0.23116878768499247,0.17360532745513674,0
0.6,2,0.01,7,49,0.9999999990494299,0.8781376194237988,1.0,0.93,0,0,0,1,1.0,0.7597838073155032,1,0,-0.06905821893271046,0.09639098693240544,0
0.6,2,0.01,8,50,0.9999999999958578,0.635554277410282,1.0,0.58,0,1,0,1,1.0,0.44614420642714236,1,1,-0.26245350537524065,0.20410596006953402,0
0.6,2,0.01,9,51,0.997921499190541,0.7785419292292697,1.0,0.46,0,1,0,1,0.9049613249303313,0.5979979130461553,1,1,0.4460372622621389,0.18299123418790167,0
0.6,2,0.01,10,52,0.9999999999999987,0.888820796336765,1.0,1.0,0,0,0,0,1.0,0.7576193097951147,0,0,-0.08832217297034345,0.09014399911579923,0
0.6,2,0.01,11,53,0.9999999999999969,0.9981245832820101,1.0,0.88,0,0,0,1,0.9958351558948858,0.984274291592158,1,0,-0.12114122990486172,0.08646456697141978,0
0.6,2,0.01,12,54,0.9984611051559382,0.9995174060724841,1.0,1.0,0,0,0,0,0.9121546485065969,0.9474886144868752,0,0,0.19274069553132173,0.037584045992366893,0
0.6,2,0.01,13,55,0.9999999980707697,0.9916332878943958,1.0,1.0,0,0,0,0,1.0,0.9442088852549063,0,0,0.33281637865875907,0.03653539521192473,0
0.6,2,0.01,14,56,0.9999999999999973,0.8632945936593008,1.0,1.0,0,0,0,0,0.9882445870678422,0.694400782045095,0,0,-0.0022344080664052374,0.0912948620191103,0
0.6,2,0.01,15,57,0.9949661958499316,0.9957678486222319,1.0,1.0,0,0,0,0,0.9009397620738507,0.9060751794322925,0,0,0.08107478676079043,0.04141881053147785,0
0.6,2,0.01,16,58,0.9999999999999989,0.9576298663270867,1.0,0.72,0,0,0,1,1.0,0.8799339503501605,1,0,-0.2893884290167435,0.144185086480853,0
0.6,2,0.01,17,59,0.9999816743066746,0.9647552595040522,1.0,0.95,0,0,0,1,1.0,0.8751836279051715,1,0,0.09184078692041046,0.0829435222950412,0
0.6,2,0.01,18,60,0.9999999999999987,0.7016627288236259,1.0,0.85,0,1,0,1,0.9227739602693057,0.507595939715032,1,1,-0.15691528861227974,0.11380266311207078,0
0.6,2,0.01,19,61,0.9999921808561942,0.9339851375595435,1.0,0.96,0,0,0,1,1.0,0.8128490852822254,1,0,-0.1764870420382102,0.10744570644752144,0
0.6,2,0.02,0,42,0.999999999999997,0.9723692195143047,1.0,1.0,0,0,0,0,0.9777927819382931,0.884899395813692,0,0,0.22859170106439988,0.040319996147145265,0
0.6,2,0.02,1,43,0.9798932380369046,0.9131070132081862,1.0,1.0,0,0,0,0,0.884012889873986,0.8273166799668562,0,0,0.24497993982098387,0.04914135260454652,0
0.6,2,0.02,2,44,0.9996934019025375,0.999295366980538,1.0,1.0,0,0,0,0,0.9790075467848572,1.0,0,0,0.12688736704016126,0.05284829840011056,0
0.6,2,0.02,3,45,0.999999999999999,0.9999733068411798,1.0,1.0,0,0,0,0,1.0,0.9858380878516193,0,0,0.10549777897919684,0.05828983201519805,0
0.6,2,0.02,4,46,0.9999999991995031,0.9273976193924721,1.0,1.0,0,0,0,0,1.0,0.8656927771575766,0,0,0.2186727725027032,0.033555527911458244,0
0.6,2,0.02,5,47,0.9999999999989664,0.9139576843548746,1.0,1.0,0,0,0,0,1.0,0.8124047586843081,0,0,-0.10607622512663326,0.06647507175149647,0
0.6,2,0.02,6,48,0.999999999998122,0.9999460893206199,1.0,0.72,0,0,0,1,1.0,0.9861605910786225,1,0,-0.13467131600429916,0.1193629514342201,0
0.6,2,0.02,7,49,0.9999999999999979,0.943782717176499,1.0,1.0,0,0,0,0,1.0,0.863370647540382,0,0,0.20258831381024445,0.04555885850358957,0
0.6,2,0.02,8,50,0.9999999999975281,0.7332836769903419,1.0,0.67,0,1,0,0,1.0,0.6083096612858707,1,1,-0.15200303207075083,0.14057098983396396,0
0.6,2,0.02,9,51,0.9999999724904154,0.8607690957131169,1.0,0.64,0,0,0,1,1.0,0.7149149967856557,1,0,0.20495266918321095,0.13246974425475389,0
0.6,2,0.02,10,52,0.9999999999999987,0.94763059753093,1.0,1.0,0,0,0,0,1.0,0.8637230936774117,0,0,0.0890264841399968,0.050894911988103725,0
0.6,2,0.02,11,53,0.999999999999997,0.9999186679485608,1.0,0.94,0,0,0,1,1.0,1.0,1,0,0.06937302500307391,0.04450072094230556,0
0.6,2,0.02,12,54,0.9999999999999861,0.9999990364232472,1.0,1.0,0,0,0,0,0.9732830623344944,0.9891411158601326,0,0,0.40785727003416156,0.01975517362527139,0
0.6,2,0.02,13,55,0.9999999999999984,0.9995092318643707,1.0,1.0,0,0,0,0,1.0,1.0,0,0,0.8025202652430353,0.00870150194408282,0
0.6,2,0.02,14,56,0.9999999999999984,0.9369850453535904,1.0,1.0,0,0,0,0,1.0,0.8341967602255516,0,0,0.21641831538370382,0.04490814484529314,0
0.6,2,0.02,15,57,0.9993924589704631,0.9999911891671592,1.0,1.0,0,0,0,0,1.0,1.0,0,0,0.8747247745070883,0.00885012262875063,0
0.6,2,0.02,16,58,0.9999999999999989,0.9923377554103431,1.0,0.97,0,0,0,1,1.0,1.0,1,0,-0.1065141933517808,0.09136784337206753,0
0.6,2,0.02,17,59,0.9999913493527188,0.9968462848784885,1.0,1.0,0,0,0,0,1.0,1.0,0,0,0.43092348011542636,0.045151090774557305,0
0.6,2,0.02,18,60,0.9999999999999987,0.7619428816191826,1.0,0.96,0,1,0,0,0.9743521221544477,0.613896873082157,1,1,-0.03446581802928149,0.07313158980728321,0
0.6,2,0.02,19,61,0.9999962624182865,0.9998323914055405,1.0,1.0,0,0,0,0,1.0,0.9808086988117506,0,0,0.03296000611285583,0.06010978022926506,0
0.6,2,0.05,0,42,0.999999999999998,0.9879495401864703,1.0,1.0,0,0,0,0,1.0,0.9805745993925464,0,0,0.8926394806912471,0.006340387687681955,0
0.6,2,0.05,1,43,0.9860965401274953,0.9945360323700687,1.0,1.0,0,0,0,0,0.9545061952181656,1.0,0,0,0.690646995243628,0.010838098966039888,0
0.6,2,0.05,2,44,0.9999999964114551,0.9999903056080451,1.0,1.0,0,0,0,0,1.0,1.0,0,0,0.8646749431211779,0.006710673148930264,0
0.6,2,0.05,3,45,0.999999999999999,0.9999988245123494,1.0,1.0,0,0,0,0,1.0,1.0,0,0,0.6556149594065828,0.012893239769574762,0
0.6,2,0.05,4,46,0.9999999999252499,0.9938407649585249,1.0,1.0,0,0,0,0,1.0,1.0,0,0,0.6956329903594521,0.008020765532463375,0
0.6,2,0.05,5,47,0.9999999999999982,0.9967155093758189,1.0,1.0,0,0,0,0,1.0,1.0,0,0,0.8659762996043471,0.008114585138117334,0
0.6,2,0.05,6,48,0.9999999999996044,0.9999998020024063,1.0,1.0,0,0,0,0,1.0,1.0,0,0,0.20082983352429393,0.03150628705073968,0
0.6,2,0.05,7,49,0.9999999999999981,0.9998962917326886,1.0,1.0,0,0,0,0,1.0,1.0,0,0,0.5773621436080726,0.01074344870711399,0
0.6,2,0.05,8,50,0.9999999999994144,0.9808243939025656,1.0,1.0,0,0,0,0,1.0,1.0,0,0,0.2132388612190573,0.04069569210808335,0
0.6,2,0.05,9,51,0.9999999997410948,0.9495577681663067,1.0,1.0,0,0,0,0,1.0,0.937475812270696,0,0,0.4129200123479935,0.037585923048245526,0
0.6,2,0.05,10,52,0.9999999999999987,0.9978773636677386,1.0,1.0,0,0,0,0,1.0,1.0,0,0,0.9034633804322795,0.006022308481297021,0
0.6,2,0.05,11,53,0.9999999999999977,0.9999934532875748,1.0,1.0,0,0,0,0,1.0,1.0,0,0,0.45590822894419447,0.014775587551022382,0
0.6,2,0.05,12,54,0.9999999999999967,0.9999999837493776,1.0,1.0,0,0,0,0,1.0,1.0,0,0,0.8763539477363937,0.004495633954000694,0
0.6,2,0.05,13,55,0.9999999999999986,0.9999999999999989,1.0,1.0,0,0,0,0,1.0,1.0,0,0,0.9983645333048323,0.0012564370894409171,0
0.6,2,0.05,14,56,0.9999999999999987,0.9719194511027155,1.0,1.0,0,0,0,0,1.0,0.9723064844998246,0,0,0.946554784872283,0.0034621797535838604,0
0.6,2,0.05,15,57,0.9999784676721588,0.999999999999999,1.0,1.0,0,0,0,0,1.0,1.0,0,0,0.9249605982020266,0.006282671921012953,0
0.6,2,0.05,16,58,0.9999999999999989,0.999563727780204,1.0,1.0,0,0,0,0,1.0,1.0,0,0,0.5168239235474763,0.018467780116218267,0
0.6,2,0.05,17,59,0.9999987069229145,0.9998195163812682,1.0,1.0,0,0,0,0,1.0,1.0,0,0,0.9157540271019937,0.008535455915471342,0
0.6,2,0.05,18,60,0.9999999999999987,0.9072515148560611,1.0,1.0,0,0,0,0,1.0,0.8836005671427675,0,0,0.5533120114140585,0.012834013110611274,0
0.6,2,0.05,19,61,0.9999993147606788,0.9999944807665898,1.0,1.0,0,0,0,0,1.0,1.0,0,0,0.7730537801124274,0.00968576665185649,0
0.6,2,0.1,0,42,0.9999999999999987,0.9879496721371617,1.0,1.0,0,0,0,0,1.0,1.0,0,0,0.9508133353338271,0.004064621877812303,0
0.6,2,0.1,1,43,0.9874177948190823,0.9973841938196674,1.0,1.0,0,0,0,0,1.0,1.0,0,0,0.8683183574406002,0.0071950738178317465,0
0.6,2,0.1,2,44,0.9999999966620965,0.9999938616264579,1.0,1.0,0,0,0,0,1.0,1.0,0,0,0.9376209807450651,0.00440267870362686,0
0.6,2,0.1,3,45,0.999999999999999,0.9999993564159493,1.0,1.0,0,0,0,0,1.0,1.0,0,0,0.8529262337424333,0.007252422585990594,0
0.6,2,0.1,4,46,0.999999999929959,0.998225677522226,1.0,1.0,0,0,0,0,1.0,1.0,0,0,0.8896104635856845,0.004706116546219406,0
0.6,2,0.1,5,47,0.9999999999999983,0.9976990038747136,1.0,1.0,0,0,0,0,1.0,1.0,0,0,0.9275649219596204,0.005782987225737134,0
0.6,2,0.1,6,48,0.9999999999996008,0.9999999447758552,1.0,1.0,0,0,0,0,1.0,1.0,0,0,0.4711457889792348,0.015062497032277198,0
0.6,2,0.1,7,49,0.9999999999999983,0.9999297458798947,1.0,1.0,0,0,0,0,1.0,1.0,0,0,0.825391321973364,0.005616715002207757,0
0.6,2,0.1,8,50,0.9999999999994142,0.9914647888713282,1.0,1.0,0,0,0,0,1.0,1.0,0,0,0.7047739084127245,0.015546386957610021,0
0.6,2,0.1,9,51,0.999999999736691,0.9785794132963669,1.0,1.0,0,0,0,0,1.0,1.0,0,0,0.7612443963832363,0.01708274455350537,0
0.6,2,0.1,10,52,0.9999999999999987,0.9979050176229244,1.0,1.0,0,0,0,0,1.0,1.0,0,0,0.9495427083821014,0.004325773330298282,0
0.6,2,0.1,11,53,0.9999999999999981,0.9999962499754766,1.0,1.0,0,0,0,0,1.0,1.0,0,0,0.7935469662845097,0.00728391451449136,0
0.6,2,0.1,12,54,0.9999999999999967,0.9999999930141763,1.0,1.0,0,0,0,0,1.0,1.0,0,0,0.9507341626749118,0.0027228916808877345,0
0.6,2,0.1,13,55,0.9999999999999986,0.999999999999999,1.0,1.0,0,0,0,0,1.0,1.0,0,0,0.998002081977568,0.0013469948877846217,0
0.6,2,0.1,14,56,0.9999999999999987,0.9870651639740821,1.0,1.0,0,0,0,0,1.0,1.0,0,0,0.9725128711988621,0.0025297000718061367,0
0.6,2,0.1,15,57,0.9999784676721566,0.999999999999999,1.0,1.0,0,0,0,0,1.0,1.0,0,0,0.9490596679965306,0.005241170661972842,0
0.6,2,0.1,16,58,0.9999999999999989,0.9998689277149194,1.0,1.0,0,0,0,0,1.0,1.0,0,0,0.797994085171552,0.009179289388583787,0
0.6,2,0.1,17,59,0.9999987069033102,0.999951782763351,1.0,1.0,0,0,0,0,1.0,1.0,0,0,0.9744055089198738,0.00385387263537457,0
0.6,2,0.1,18,60,0.9999999999999987,0.9750320017530583,1.0,1.0,0,0,0,0,1.0,1.0,0,0,0.7871616416134698,0.008315317432113556,0
0.6,2,0.1,19,61,0.9999992890828564,0.9999973789438077,1.0,1.0,0,0,0,0,1.0,1.0,0,0,0.9075463555611617,0.006072422419483874,0
0.6,2,0.2,0,42,0.9999999999999989,0.987949672137161,1.0,1.0,0,0,0,0,1.0,1.0,0,0,0.9528546073503338,0.0038314865814421274,0
0.6,2,0.2,1,43,0.9874177948039232,0.9973841937599484,1.0,1.0,0,0,0,0,1.0,1.0,0,0,0.8706632979127361,0.007128955647141242,0
0.6,2,0.2,2,44,0.9999999966620965,0.9999938616264579,1.0,1.0,0,0,0,0,1.0,1.0,0,0,0.9376209807450651,0.00440267870362686,0
0.6,2,0.2,3,45,0.999999999999999,0.9999993579869954,1.0,1.0,0,0,0,0,1.0,1.0,0,0,0.860470127692197,0.007122562590742554,0
0.6,2,0.2,4,46,0.999999999929959,0.998225677522226,1.0,1.0,0,0,0,0,1.0,1.0,0,0,0.8896104635856845,0.004706116546219406,0
0.6,2,0.2,5,47,0.9999999999999984,0.9976990038747054,1.0,1.0,0,0,0,0,1.0,1.0,0,0,0.9307746848936747,0.0056692347594488575,0
0.6,2,0.2,6,48,0.9999999999996008,0.9999999447372687,1.0,1.0,0,0,0,0,1.0,1.0,0,0,0.5414234152646342,0.013557490450279706,0
0.6,2,0.2,7,49,0.9999999999999984,0.9999297455861166,1.0,1.0,0,0,0,0,1.0,1.0,0,0,0.8345919905881118,0.005386643026433222,0
0.6,2,0.2,8,50,0.9999999999994142,0.9914647452764118,1.0,1.0,0,0,0,0,1.0,1.0,0,0,0.6933214594023417,0.015195093767619006,0
0.6,2,0.2,9,51,0.9999999997366805,0.9785794132953085,1.0,1.0,0,0,0,0,1.0,1.0,0,0,0.7740329964124149,0.015990912201936602,0
0.6,2,0.2,10,52,0.9999999999999987,0.9979050176229244,1.0,1.0,0,0,0,0,1.0,1.0,0,0,0.9495427083821014,0.004325773330298282,0
0.6,2,0.2,11,53,0.9999999999999983,0.9999962499753547,1.0,1.0,0,0,0,0,1.0,1.0,0,0,0.8053206385109486,0.006784981440153801,0
0.6,2,0.2,12,54,0.9999999999999967,0.9999999930141761,1.0,1.0,0,0,0,0,1.0,1.0,0,0,0.9504617762752104,0.0027562081773778247,0
0.6,2,0.2,13,55,0.9999999999999986,0.999999999999999,1.0,1.0,0,0,0,0,1.0,1.0,0,0,0.998002081977568,0.0013469948877846217,0
0.6,2,0.2,14,56,0.9999999999999987,0.9870651639740821,1.0,1.0,0,0,0,0,1.0,1.0,0,0,0.9725128711988621,0.0025297000718061367,0
0.6,2,0.2,15,57,0.9999784676721534,0.999999999999999,1.0,1.0,0,0,0,0,1.0,1.0,0,0,0.9675218405170485,0.004376854370278128,0
0.6,2,0.2,16,58,0.9999999999999989,0.9998689277149194,1.0,1.0,0,0,0,0,1.0,1.0,0,0,0.797994085171552,0.009179289388583787,0
0.6,2,0.2,17,59,0.9999987069033073,0.9999517827633001,1.0,1.0,0,0,0,0,1.0,1.0,0,0,0.972708212033286,0.003496954548701925,0
0.6,2,0.2,18,60,0.9999999999999987,0.9762968663087614,1.0,1.0,0,0,0,0,1.0,1.0,0,0,0.798437638164986,0.008195275674130172,0
0.6,2,0.2,19,61,0.9999992890828564,0.9999973789438077,1.0,1.0,0,0,0,0,1.0,1.0,0,0,0.9075463555611617,0.006072422419483874,0
