name,run_index,seed,abundance_year,ai_year,peak_abundance,final_abundance,stability_break_year,final_stability,min_stability,final_nodes,disruption_events
baseline,1,42,,680,0.444,0.0,950,0.213,0.213,60,4
baseline,2,43,,710,0.384,0.0,990,0.409,0.409,55,1
baseline,3,44,,680,0.431,0.0,950,0.201,0.201,56,2
baseline,4,45,,690,0.42,0.0,960,0.265,0.265,56,4
baseline,5,46,,700,0.417,0.0,980,0.362,0.362,62,3
baseline,6,47,,680,0.411,0.0,950,0.245,0.245,54,3
baseline,7,48,,710,0.403,0.0,990,0.429,0.429,54,6
baseline,8,49,,680,0.475,0.0,950,0.225,0.225,62,3
baseline,9,50,,690,0.427,0.0,970,0.31,0.31,62,3
baseline,10,51,,670,0.431,0.0,960,0.285,0.285,61,3
baseline,11,52,,700,0.429,0.0,980,0.394,0.394,53,3
baseline,12,53,,710,0.398,0.0,990,0.407,0.407,59,5
baseline,13,54,,680,0.429,0.0,950,0.201,0.201,60,9
baseline,14,55,,690,0.41,0.0,970,0.288,0.288,58,5
baseline,15,56,,680,0.43,0.0,940,0.18,0.18,57,5
baseline,16,57,,680,0.444,0.0,960,0.222,0.222,57,5
baseline,17,58,,680,0.419,0.0,970,0.285,0.285,58,5
baseline,18,59,,680,0.402,0.0,950,0.226,0.226,56,4
baseline,19,60,,700,0.415,0.0,980,0.357,0.357,54,5
baseline,20,61,,700,0.388,0.0,980,0.373,0.373,57,6
baseline,21,62,,690,0.379,0.0,980,0.379,0.379,62,4
baseline,22,63,,680,0.407,0.0,950,0.218,0.218,60,3
baseline,23,64,,680,0.409,0.0,960,0.232,0.232,59,4
baseline,24,65,,690,0.418,0.0,970,0.326,0.326,57,5
baseline,25,66,,700,0.392,0.0,980,0.369,0.369,58,6
baseline,26,67,,690,0.4,0.0,970,0.269,0.269,57,3
baseline,27,68,,680,0.418,0.0,950,0.206,0.206,60,4
baseline,28,69,,680,0.442,0.0,960,0.225,0.225,60,3
baseline,29,70,,700,0.423,0.0,970,0.317,0.317,61,2
baseline,30,71,,670,0.419,0.0,950,0.159,0.159,53,4
baseline,31,72,,680,0.42,0.0,960,0.258,0.258,62,7
baseline,32,73,,680,0.421,0.0,960,0.229,0.229,58,2
baseline,33,74,,710,0.373,0.0,980,0.357,0.357,58,5
baseline,34,75,,680,0.441,0.0,960,0.221,0.221,53,8
baseline,35,76,,690,0.409,0.0,960,0.259,0.259,59,3
baseline,36,77,,680,0.425,0.0,960,0.273,0.273,61,0
baseline,37,78,,690,0.411,0.0,960,0.264,0.264,60,4
baseline,38,79,,690,0.454,0.0,970,0.304,0.304,57,4
baseline,39,80,,680,0.438,0.0,960,0.345,0.345,61,7
baseline,40,81,,680,0.434,0.0,960,0.257,0.257,62,2
baseline,41,82,,690,0.405,0.0,970,0.362,0.362,57,1
baseline,42,83,,700,0.382,0.0,970,0.316,0.316,59,6
baseline,43,84,,690,0.39,0.0,970,0.322,0.322,56,6
baseline,44,85,,690,0.43,0.0,960,0.272,0.272,55,7
baseline,45,86,,680,0.426,0.0,960,0.232,0.232,59,2
baseline,46,87,,690,0.401,0.0,960,0.237,0.237,51,11
baseline,47,88,,680,0.451,0.0,970,0.269,0.269,54,6
baseline,48,89,,680,0.436,0.0,960,0.237,0.237,55,6
baseline,49,90,,690,0.422,0.0,960,0.282,0.282,56,2
baseline,50,91,,670,0.407,0.0,940,0.203,0.203,60,3
baseline,51,92,,670,0.424,0.0,950,0.197,0.197,58,7
baseline,52,93,,690,0.43,0.0,960,0.257,0.257,61,0
baseline,53,94,,690,0.456,0.0,970,0.277,0.277,55,3
baseline,54,95,,690,0.404,0.0,960,0.224,0.224,60,5
baseline,55,96,,680,0.441,0.0,960,0.254,0.254,59,6
baseline,56,97,,690,0.455,0.0,960,0.298,0.298,60,5
baseline,57,98,,680,0.437,0.0,960,0.272,0.272,60,4
baseline,58,99,,690,0.391,0.0,970,0.327,0.327,62,1
baseline,59,100,,690,0.422,0.0,970,0.354,0.354,60,4
baseline,60,101,,680,0.404,0.0,970,0.317,0.317,48,6
baseline,61,102,,680,0.404,0.0,960,0.253,0.253,60,6
baseline,62,103,,730,0.396,0.0,,0.529,0.529,52,4
baseline,63,104,,690,0.424,0.0,960,0.254,0.254,62,3
baseline,64,105,,690,0.437,0.0,960,0.256,0.256,57,5
baseline,65,106,,670,0.415,0.0,940,0.106,0.106,69,2
baseline,66,107,,690,0.43,0.0,970,0.304,0.304,54,3
baseline,67,108,,700,0.36,0.0,970,0.325,0.325,62,3
baseline,68,109,,680,0.459,0.0,950,0.18,0.18,60,2
baseline,69,110,,690,0.417,0.0,960,0.292,0.292,58,4
baseline,70,111,,680,0.448,0.0,950,0.21,0.21,63,4
baseline,71,112,,670,0.43,0.0,950,0.225,0.225,59,6
baseline,72,113,,680,0.44,0.0,950,0.215,0.215,59,4
baseline,73,114,,690,0.437,0.0,970,0.354,0.354,55,6
baseline,74,115,,690,0.425,0.0,970,0.322,0.322,57,4
baseline,75,116,,690,0.411,0.0,980,0.381,0.381,52,6
baseline,76,117,,680,0.42,0.0,970,0.269,0.269,54,10
baseline,77,118,,690,0.433,0.0,980,0.349,0.349,55,5
baseline,78,119,,690,0.447,0.0,970,0.278,0.278,58,4
baseline,79,120,,700,0.423,0.0,990,0.4,0.4,54,7
baseline,80,121,,690,0.416,0.0,960,0.264,0.264,56,5
baseline,81,122,,680,0.417,0.0,960,0.248,0.248,56,6
baseline,82,123,,670,0.432,0.0,960,0.212,0.212,57,5
baseline,83,124,,680,0.412,0.0,950,0.182,0.182,59,2
baseline,84,125,,700,0.427,0.0,980,0.353,0.353,55,3
baseline,85,126,,680,0.4,0.0,960,0.239,0.239,59,5
baseline,86,127,,690,0.434,0.0,950,0.184,0.184,56,4
baseline,87,128,,690,0.43,0.0,970,0.301,0.301,56,3
baseline,88,129,,680,0.409,0.0,960,0.219,0.219,59,6
baseline,89,130,,680,0.418,0.0,960,0.276,0.276,58,5
baseline,90,131,,690,0.425,0.0,960,0.302,0.302,58,8
baseline,91,132,,680,0.424,0.0,950,0.199,0.199,63,2
baseline,92,133,,670,0.423,0.0,940,0.132,0.132,58,11
baseline,93,134,,690,0.392,0.0,970,0.316,0.316,58,4
baseline,94,135,,690,0.424,0.0,970,0.276,0.276,58,1
baseline,95,136,,680,0.401,0.0,970,0.286,0.286,57,6
baseline,96,137,,690,0.383,0.0,970,0.367,0.367,61,5
baseline,97,138,,680,0.412,0.0,960,0.244,0.244,60,4
baseline,98,139,,690,0.416,0.0,970,0.318,0.318,56,6
baseline,99,140,,680,0.409,0.0,960,0.214,0.214,54,6
baseline,100,141,,690,0.416,0.0,970,0.348,0.348,57,2
baseline,101,142,,690,0.428,0.0,960,0.318,0.318,56,3
baseline,102,143,,690,0.42,0.0,960,0.243,0.243,61,1
baseline,103,144,,690,0.398,0.0,960,0.272,0.272,55,2
baseline,104,145,,690,0.427,0.0,970,0.303,0.303,60,1
baseline,105,146,,690,0.392,0.0,960,0.256,0.256,54,6
baseline,106,147,,680,0.411,0.0,970,0.295,0.295,58,3
baseline,107,148,,680,0.421,0.0,950,0.223,0.223,61,3
baseline,108,149,,690,0.401,0.0,970,0.291,0.291,57,2
baseline,109,150,,710,0.4,0.0,980,0.377,0.377,55,6
baseline,110,151,,690,0.411,0.0,960,0.316,0.316,57,6
baseline,111,152,,690,0.414,0.0,960,0.286,0.286,61,4
baseline,112,153,,700,0.431,0.0,970,0.308,0.308,57,5
baseline,113,154,,690,0.419,0.0,970,0.366,0.366,56,3
baseline,114,155,,690,0.425,0.0,970,0.295,0.295,58,3
baseline,115,156,,680,0.409,0.0,960,0.281,0.281,59,2
baseline,116,157,,680,0.412,0.0,950,0.261,0.261,49,7
baseline,117,158,,670,0.435,0.0,960,0.238,0.238,54,4
baseline,118,159,,710,0.417,0.0,,0.513,0.513,51,4
baseline,119,160,,680,0.427,0.0,950,0.202,0.202,58,4
baseline,120,161,,680,0.409,0.0,960,0.278,0.278,53,4
baseline,121,162,,680,0.424,0.0,960,0.222,0.222,55,5
baseline,122,163,,690,0.441,0.0,970,0.303,0.303,54,5
baseline,123,164,,680,0.447,0.0,960,0.25,0.25,61,4
baseline,124,165,,700,0.428,0.0,990,0.386,0.386,55,7
baseline,125,166,,680,0.422,0.0,960,0.243,0.243,56,6
baseline,126,167,,690,0.419,0.0,970,0.328,0.328,60,5
baseline,127,168,,690,0.425,0.0,970,0.302,0.302,61,4
baseline,128,169,,690,0.403,0.0,970,0.381,0.381,54,7
baseline,129,170,,710,0.413,0.0,990,0.39,0.39,53,4
baseline,130,171,,720,0.441,0.0,1000,0.46,0.46,56,3
baseline,131,172,,680,0.435,0.0,960,0.247,0.247,64,4
baseline,132,173,,690,0.406,0.0,960,0.275,0.275,61,3
baseline,133,174,,690,0.434,0.0,950,0.232,0.232,53,8
baseline,134,175,,680,0.411,0.0,960,0.232,0.232,57,5
baseline,135,176,,690,0.421,0.0,950,0.283,0.283,59,2
baseline,136,177,,680,0.423,0.0,950,0.211,0.211,63,8
baseline,137,178,,690,0.407,0.0,960,0.338,0.338,57,3
baseline,138,179,,690,0.414,0.0,980,0.341,0.341,56,5
baseline,139,180,,710,0.399,0.0,980,0.364,0.364,60,4
baseline,140,181,,680,0.423,0.0,950,0.214,0.214,61,7
baseline,141,182,,690,0.429,0.0,970,0.293,0.293,58,2
baseline,142,183,,680,0.436,0.0,960,0.261,0.261,57,1
baseline,143,184,,710,0.383,0.0,990,0.392,0.392,58,7
baseline,144,185,,700,0.378,0.0,960,0.304,0.304,52,5
baseline,145,186,,700,0.411,0.0,970,0.293,0.293,61,5
baseline,146,187,,700,0.407,0.0,980,0.359,0.359,60,2
baseline,147,188,,700,0.455,0.0,960,0.272,0.272,60,4
baseline,148,189,,680,0.437,0.0,960,0.261,0.261,54,6
baseline,149,190,,690,0.396,0.0,970,0.351,0.351,56,2
baseline,150,191,,680,0.433,0.0,960,0.228,0.228,60,4
baseline,151,192,,670,0.426,0.0,940,0.181,0.181,56,4
baseline,152,193,,680,0.41,0.0,960,0.265,0.265,57,3
baseline,153,194,,670,0.436,0.0,960,0.232,0.232,59,2
baseline,154,195,,690,0.446,0.0,960,0.266,0.266,58,5
baseline,155,196,,680,0.432,0.0,950,0.203,0.203,60,4
baseline,156,197,,690,0.417,0.0,970,0.306,0.306,54,4
baseline,157,198,,700,0.38,0.0,980,0.34,0.34,54,6
baseline,158,199,,680,0.451,0.0,950,0.19,0.19,58,2
baseline,159,200,,690,0.437,0.0,970,0.289,0.289,53,2
baseline,160,201,,680,0.442,0.0,950,0.221,0.221,54,3
baseline,161,202,,680,0.423,0.0,950,0.264,0.264,69,2
baseline,162,203,,700,0.416,0.0,990,0.399,0.399,61,3
baseline,163,204,,690,0.431,0.0,970,0.284,0.284,64,4
baseline,164,205,,710,0.395,0.0,980,0.388,0.388,57,6
baseline,165,206,,720,0.407,0.0,990,0.432,0.432,59,6
baseline,166,207,,690,0.439,0.0,960,0.296,0.296,59,5
baseline,167,208,,680,0.434,0.0,960,0.272,0.272,57,2
baseline,168,209,,700,0.375,0.0,980,0.396,0.396,54,4
baseline,169,210,,690,0.418,0.0,970,0.324,0.324,57,5
baseline,170,211,,680,0.416,0.0,960,0.252,0.252,55,6
baseline,171,212,,710,0.427,0.0,,0.51,0.51,56,4
baseline,172,213,,690,0.43,0.0,960,0.259,0.259,59,2
baseline,173,214,,680,0.414,0.0,960,0.244,0.244,57,5
baseline,174,215,,680,0.448,0.0,960,0.236,0.236,55,5
baseline,175,216,,700,0.417,0.0,980,0.371,0.371,58,5
baseline,176,217,,680,0.442,0.0,950,0.212,0.212,56,2
baseline,177,218,,680,0.424,0.0,960,0.273,0.273,59,4
baseline,178,219,,670,0.445,0.0,950,0.178,0.178,56,2
baseline,179,220,,690,0.4,0.0,970,0.272,0.272,56,0
baseline,180,221,,680,0.456,0.0,970,0.318,0.318,63,3
baseline,181,222,,710,0.387,0.0,990,0.433,0.433,58,3
baseline,182,223,,680,0.422,0.0,950,0.172,0.172,56,8
baseline,183,224,,690,0.418,0.0,970,0.334,0.334,64,3
baseline,184,225,,690,0.427,0.0,960,0.297,0.297,54,11
baseline,185,226,,690,0.429,0.0,960,0.303,0.303,55,4
baseline,186,227,,690,0.381,0.0,970,0.262,0.262,58,1
baseline,187,228,,680,0.411,0.0,960,0.238,0.238,56,4
baseline,188,229,,700,0.419,0.0,990,0.397,0.397,58,4
baseline,189,230,,670,0.431,0.0,950,0.177,0.177,62,2
baseline,190,231,,690,0.42,0.0,980,0.351,0.351,50,6
baseline,191,232,,710,0.435,0.0,990,0.388,0.388,53,5
baseline,192,233,,680,0.426,0.0,960,0.271,0.271,62,6
baseline,193,234,,670,0.436,0.0,950,0.164,0.164,61,4
baseline,194,235,,690,0.436,0.0,960,0.285,0.285,58,5
baseline,195,236,,660,0.433,0.0,940,0.161,0.161,62,2
baseline,196,237,,690,0.433,0.0,970,0.304,0.304,59,4
baseline,197,238,,690,0.427,0.0,960,0.234,0.234,61,5
baseline,198,239,,680,0.411,0.0,960,0.203,0.203,54,6
baseline,199,240,,680,0.431,0.0,950,0.217,0.217,60,7
baseline,200,241,,700,0.399,0.0,990,0.418,0.418,54,3
baseline,201,242,,680,0.451,0.0,960,0.308,0.308,62,6
baseline,202,243,,680,0.464,0.0,950,0.229,0.229,66,3
baseline,203,244,,690,0.453,0.0,970,0.313,0.313,59,2
baseline,204,245,,720,0.376,0.0,1000,0.47,0.47,56,5
baseline,205,246,,710,0.388,0.0,990,0.425,0.425,58,3
baseline,206,247,,690,0.439,0.0,970,0.327,0.327,60,2
baseline,207,248,,710,0.395,0.0,990,0.424,0.424,59,6
baseline,208,249,,690,0.392,0.0,980,0.38,0.38,59,3
baseline,209,250,,690,0.417,0.0,970,0.32,0.32,56,7
baseline,210,251,,670,0.422,0.0,950,0.193,0.193,64,2
baseline,211,252,,690,0.424,0.0,970,0.315,0.315,58,3
baseline,212,253,,700,0.399,0.0,970,0.288,0.288,59,4
baseline,213,254,,710,0.381,0.0,980,0.396,0.396,64,6
baseline,214,255,,670,0.44,0.0,950,0.173,0.173,59,5
baseline,215,256,,690,0.443,0.0,970,0.3,0.3,68,0
baseline,216,257,,680,0.434,0.0,950,0.246,0.246,60,5
baseline,217,258,,690,0.41,0.0,960,0.299,0.299,65,1
baseline,218,259,,680,0.385,0.0,950,0.234,0.234,60,3
baseline,219,260,,690,0.414,0.0,970,0.312,0.312,64,2
baseline,220,261,,680,0.441,0.0,950,0.25,0.25,59,4
baseline,221,262,,710,0.432,0.0,990,0.437,0.437,52,7
baseline,222,263,,700,0.395,0.0,980,0.343,0.343,56,8
baseline,223,264,,680,0.428,0.0,970,0.282,0.282,58,2
baseline,224,265,,700,0.444,0.0,980,0.354,0.354,59,6
baseline,225,266,,690,0.409,0.0,960,0.344,0.344,58,5
baseline,226,267,,680,0.428,0.0,950,0.208,0.208,60,2
baseline,227,268,,680,0.438,0.0,960,0.208,0.208,55,3
baseline,228,269,,690,0.403,0.0,960,0.32,0.32,60,2
baseline,229,270,,670,0.423,0.0,950,0.226,0.226,63,1
baseline,230,271,,720,0.413,0.0,,0.529,0.529,56,2
baseline,231,272,,700,0.402,0.0,970,0.377,0.377,56,8
baseline,232,273,,680,0.468,0.0,950,0.196,0.196,59,4
baseline,233,274,,670,0.42,0.0,950,0.182,0.182,57,3
baseline,234,275,,690,0.42,0.0,970,0.344,0.344,61,1
baseline,235,276,,670,0.435,0.0,950,0.188,0.188,60,4
baseline,236,277,,680,0.454,0.0,960,0.318,0.318,58,2
baseline,237,278,,680,0.435,0.0,960,0.295,0.295,56,3
baseline,238,279,,680,0.442,0.0,960,0.296,0.296,58,5
baseline,239,280,,680,0.434,0.0,960,0.254,0.254,60,3
baseline,240,281,,680,0.415,0.0,960,0.244,0.244,55,3
baseline,241,282,,710,0.404,0.0,990,0.417,0.417,53,1
baseline,242,283,,680,0.424,0.0,960,0.284,0.284,51,10
baseline,243,284,,690,0.439,0.0,970,0.304,0.304,56,3
baseline,244,285,,700,0.377,0.0,980,0.413,0.413,54,6
baseline,245,286,,680,0.436,0.0,940,0.158,0.158,60,1
baseline,246,287,,680,0.445,0.0,950,0.216,0.216,59,4
baseline,247,288,,670,0.445,0.0,950,0.266,0.266,62,3
baseline,248,289,,690,0.391,0.0,960,0.254,0.254,56,3
baseline,249,290,,680,0.437,0.0,950,0.172,0.172,53,7
baseline,250,291,,680,0.447,0.0,960,0.222,0.222,62,4
baseline,251,292,,670,0.424,0.0,950,0.161,0.161,57,5
baseline,252,293,,690,0.459,0.0,960,0.241,0.241,59,2
baseline,253,294,,690,0.38,0.0,970,0.319,0.319,59,4
baseline,254,295,,710,0.377,0.0,990,0.413,0.413,60,5
baseline,255,296,,690,0.394,0.0,970,0.298,0.298,58,4
baseline,256,297,,700,0.404,0.0,1000,0.449,0.449,54,5
baseline,257,298,,670,0.439,0.0,950,0.158,0.158,65,6
baseline,258,299,,680,0.39,0.0,960,0.294,0.294,54,8
baseline,259,300,,700,0.417,0.0,980,0.34,0.34,55,5
baseline,260,301,,690,0.42,0.0,960,0.258,0.258,58,4
baseline,261,302,,690,0.403,0.0,970,0.308,0.308,60,1
baseline,262,303,,680,0.412,0.0,950,0.182,0.182,61,7
baseline,263,304,,680,0.433,0.0,960,0.284,0.284,55,6
baseline,264,305,,680,0.428,0.0,970,0.313,0.313,51,10
baseline,265,306,,690,0.41,0.0,970,0.309,0.309,61,3
baseline,266,307,,690,0.39,0.0,970,0.295,0.295,63,1
baseline,267,308,,690,0.386,0.0,950,0.209,0.209,62,3
baseline,268,309,,680,0.401,0.0,960,0.241,0.241,60,2
baseline,269,310,,710,0.402,0.0,990,0.397,0.397,60,2
baseline,270,311,,690,0.432,0.0,960,0.315,0.315,61,2
baseline,271,312,,690,0.454,0.0,960,0.274,0.274,57,4
baseline,272,313,,680,0.459,0.0,960,0.219,0.219,62,2
baseline,273,314,,700,0.418,0.0,980,0.365,0.365,61,6
baseline,274,315,,700,0.431,0.0,970,0.316,0.316,54,8
baseline,275,316,,670,0.436,0.0,930,0.16,0.16,65,3
baseline,276,317,,680,0.4,0.0,960,0.226,0.226,52,6
baseline,277,318,,690,0.425,0.0,960,0.254,0.254,59,4
baseline,278,319,,680,0.408,0.0,960,0.255,0.255,64,0
baseline,279,320,,680,0.395,0.0,950,0.21,0.21,53,7
baseline,280,321,,670,0.429,0.0,950,0.172,0.172,53,1
baseline,281,322,,700,0.415,0.0,980,0.388,0.388,53,2
baseline,282,323,,690,0.399,0.0,980,0.365,0.365,57,5
baseline,283,324,,700,0.419,0.0,970,0.316,0.316,61,5
baseline,284,325,,690,0.405,0.0,970,0.285,0.285,60,4
baseline,285,326,,690,0.42,0.0,970,0.288,0.288,56,1
baseline,286,327,,700,0.445,0.0,990,0.403,0.403,58,4
baseline,287,328,,680,0.417,0.0,960,0.257,0.257,61,4
baseline,288,329,,690,0.417,0.0,970,0.323,0.323,56,3
baseline,289,330,,690,0.374,0.0,960,0.242,0.242,57,3
baseline,290,331,,680,0.41,0.0,960,0.246,0.246,58,8
baseline,291,332,,690,0.434,0.0,970,0.312,0.312,55,10
baseline,292,333,,700,0.382,0.0,990,0.411,0.411,59,3
baseline,293,334,,690,0.422,0.0,960,0.272,0.272,60,6
baseline,294,335,,690,0.409,0.0,970,0.34,0.34,58,3
baseline,295,336,,690,0.403,0.0,950,0.213,0.213,64,6
baseline,296,337,,670,0.43,0.0,950,0.284,0.284,54,4
baseline,297,338,,670,0.414,0.0,950,0.188,0.188,59,3
baseline,298,339,,670,0.432,0.0,960,0.283,0.283,55,5
baseline,299,340,,680,0.412,0.0,960,0.236,0.236,60,1
baseline,300,341,,700,0.387,0.0,980,0.367,0.367,61,2
baseline,301,342,,680,0.45,0.0,950,0.191,0.191,62,1
baseline,302,343,,700,0.379,0.0,990,0.432,0.432,54,6
baseline,303,344,,700,0.39,0.0,980,0.372,0.372,55,4
baseline,304,345,,680,0.403,0.0,950,0.188,0.188,54,6
baseline,305,346,,670,0.407,0.0,950,0.171,0.171,55,2
baseline,306,347,,700,0.408,0.0,980,0.366,0.366,59,5
baseline,307,348,,700,0.405,0.0,980,0.373,0.373,59,1
baseline,308,349,,690,0.456,0.0,960,0.246,0.246,60,3
baseline,309,350,,680,0.411,0.0,960,0.268,0.268,56,3
baseline,310,351,,680,0.433,0.0,950,0.203,0.203,57,4
baseline,311,352,,680,0.43,0.0,960,0.235,0.235,62,6
baseline,312,353,,710,0.402,0.0,990,0.4,0.4,61,3
baseline,313,354,,680,0.428,0.0,960,0.23,0.23,59,6
baseline,314,355,,700,0.366,0.0,970,0.339,0.339,56,5
baseline,315,356,,700,0.4,0.0,980,0.355,0.355,56,5
baseline,316,357,,690,0.414,0.0,970,0.333,0.333,59,3
baseline,317,358,,690,0.435,0.0,970,0.269,0.269,57,1
baseline,318,359,,670,0.419,0.0,950,0.213,0.213,62,5
baseline,319,360,,700,0.418,0.0,980,0.358,0.358,61,3
baseline,320,361,,700,0.425,0.0,980,0.359,0.359,58,2
baseline,321,362,,670,0.433,0.0,950,0.191,0.191,58,4
baseline,322,363,,690,0.419,0.0,970,0.362,0.362,57,9
baseline,323,364,,710,0.392,0.0,980,0.381,0.381,56,6
baseline,324,365,,690,0.438,0.0,970,0.29,0.29,54,3
baseline,325,366,,710,0.424,0.0,980,0.395,0.395,58,7
baseline,326,367,,680,0.454,0.0,950,0.253,0.253,56,7
baseline,327,368,,690,0.399,0.0,970,0.303,0.303,59,3
baseline,328,369,,700,0.413,0.0,980,0.346,0.346,57,6
baseline,329,370,,700,0.413,0.0,980,0.343,0.343,56,5
baseline,330,371,,690,0.426,0.0,970,0.305,0.305,57,1
baseline,331,372,,700,0.439,0.0,980,0.373,0.373,58,3
baseline,332,373,,700,0.413,0.0,970,0.331,0.331,57,3
baseline,333,374,,710,0.408,0.0,1000,0.453,0.453,56,8
baseline,334,375,,680,0.451,0.0,950,0.223,0.223,59,1
baseline,335,376,,690,0.43,0.0,960,0.327,0.327,55,7
baseline,336,377,,700,0.43,0.0,970,0.34,0.34,61,3
baseline,337,378,,670,0.41,0.0,950,0.176,0.176,60,6
baseline,338,379,,700,0.419,0.0,980,0.364,0.364,57,5
baseline,339,380,,680,0.432,0.0,970,0.323,0.323,61,5
baseline,340,381,,680,0.44,0.0,950,0.196,0.196,59,2
baseline,341,382,,690,0.413,0.0,970,0.328,0.328,59,8
baseline,342,383,,670,0.406,0.0,950,0.26,0.26,55,4
baseline,343,384,,680,0.392,0.0,950,0.199,0.199,58,3
baseline,344,385,,690,0.437,0.0,970,0.292,0.292,58,7
baseline,345,386,,690,0.431,0.0,970,0.329,0.329,63,6
baseline,346,387,,690,0.418,0.0,960,0.238,0.238,55,7
baseline,347,388,,680,0.429,0.0,960,0.255,0.255,55,5
baseline,348,389,,680,0.436,0.0,970,0.325,0.325,58,3
baseline,349,390,,690,0.414,0.0,970,0.318,0.318,62,2
baseline,350,391,,690,0.43,0.0,970,0.327,0.327,55,3
baseline,351,392,,690,0.41,0.0,960,0.257,0.257,60,9
baseline,352,393,,670,0.425,0.0,940,0.151,0.151,61,3
baseline,353,394,,670,0.399,0.0,950,0.226,0.226,54,4
baseline,354,395,,690,0.436,0.0,970,0.354,0.354,57,5
baseline,355,396,,690,0.417,0.0,980,0.391,0.391,55,1
baseline,356,397,,700,0.423,0.0,980,0.375,0.375,59,4
baseline,357,398,,690,0.419,0.0,980,0.353,0.353,59,3
baseline,358,399,,690,0.419,0.0,960,0.31,0.31,62,4
baseline,359,400,,680,0.409,0.0,950,0.233,0.233,57,2
baseline,360,401,,680,0.415,0.0,940,0.164,0.164,56,7
baseline,361,402,,670,0.413,0.0,950,0.172,0.172,60,2
baseline,362,403,,730,0.361,0.0,,0.598,0.598,58,5
baseline,363,404,,680,0.428,0.0,950,0.23,0.23,58,4
baseline,364,405,,700,0.373,0.0,970,0.314,0.314,53,4
baseline,365,406,,680,0.423,0.0,970,0.321,0.321,52,6
baseline,366,407,,680,0.397,0.0,960,0.283,0.283,58,4
baseline,367,408,,670,0.414,0.0,940,0.098,0.098,61,4
baseline,368,409,,700,0.446,0.0,980,0.347,0.347,55,6
baseline,369,410,,680,0.422,0.0,950,0.194,0.194,61,3
baseline,370,411,,700,0.373,0.0,970,0.349,0.349,56,4
baseline,371,412,,680,0.439,0.0,960,0.231,0.231,58,1
baseline,372,413,,700,0.376,0.0,980,0.376,0.376,62,2
baseline,373,414,,700,0.402,0.0,990,0.419,0.419,56,5
baseline,374,415,,690,0.433,0.0,970,0.325,0.325,61,4
baseline,375,416,,700,0.389,0.0,980,0.335,0.335,52,5
baseline,376,417,,690,0.422,0.0,970,0.314,0.314,59,4
baseline,377,418,,700,0.427,0.0,970,0.318,0.318,55,4
baseline,378,419,,680,0.434,0.0,970,0.287,0.287,57,5
baseline,379,420,,690,0.411,0.0,970,0.284,0.284,60,2
baseline,380,421,,700,0.431,0.0,970,0.354,0.354,56,4
baseline,381,422,,690,0.42,0.0,960,0.275,0.275,55,3
baseline,382,423,,680,0.42,0.0,960,0.265,0.265,56,3
baseline,383,424,,680,0.424,0.0,960,0.257,0.257,58,2
baseline,384,425,,700,0.401,0.0,980,0.395,0.395,57,5
baseline,385,426,,690,0.451,0.0,980,0.345,0.345,58,4
baseline,386,427,,670,0.421,0.0,960,0.224,0.224,55,4
baseline,387,428,,680,0.434,0.0,950,0.193,0.193,61,5
baseline,388,429,,680,0.442,0.0,960,0.258,0.258,60,3
baseline,389,430,,690,0.467,0.0,970,0.319,0.319,60,4
baseline,390,431,,690,0.421,0.0,970,0.273,0.273,57,5
baseline,391,432,,690,0.425,0.0,970,0.311,0.311,55,4
baseline,392,433,,710,0.43,0.0,990,0.411,0.411,60,4
baseline,393,434,,690,0.399,0.0,960,0.27,0.27,60,1
baseline,394,435,,690,0.418,0.0,960,0.275,0.275,57,5
baseline,395,436,,700,0.428,0.0,980,0.364,0.364,59,4
baseline,396,437,,680,0.451,0.0,960,0.214,0.214,58,5
baseline,397,438,,700,0.412,0.0,980,0.349,0.349,56,5
baseline,398,439,,690,0.414,0.0,960,0.247,0.247,64,1
baseline,399,440,,690,0.41,0.0,970,0.399,0.399,61,3
baseline,400,441,,670,0.415,0.0,950,0.243,0.243,59,5
baseline,401,442,,670,0.428,0.0,950,0.183,0.183,60,3
baseline,402,443,,690,0.406,0.0,960,0.271,0.271,54,2
baseline,403,444,,690,0.408,0.0,960,0.298,0.298,60,3
baseline,404,445,,690,0.437,0.0,960,0.249,0.249,66,1
baseline,405,446,,690,0.422,0.0,970,0.326,0.326,55,10
baseline,406,447,,680,0.418,0.0,960,0.252,0.252,59,3
baseline,407,448,,700,0.408,0.0,990,0.4,0.4,51,8
baseline,408,449,,690,0.382,0.0,970,0.308,0.308,58,2
baseline,409,450,,670,0.423,0.0,950,0.168,0.168,55,3
baseline,410,451,,680,0.418,0.0,950,0.259,0.259,60,3
baseline,411,452,,670,0.423,0.0,950,0.183,0.183,57,3
baseline,412,453,,680,0.421,0.0,950,0.215,0.215,56,2
baseline,413,454,,690,0.399,0.0,970,0.281,0.281,58,5
baseline,414,455,,690,0.434,0.0,980,0.329,0.329,62,3
baseline,415,456,,680,0.399,0.0,950,0.21,0.21,58,4
baseline,416,457,,670,0.439,0.0,940,0.143,0.143,58,3
baseline,417,458,,690,0.4,0.0,970,0.331,0.331,56,3
baseline,418,459,,700,0.406,0.0,980,0.333,0.333,63,3
baseline,419,460,,700,0.435,0.0,980,0.35,0.35,60,2
baseline,420,461,,700,0.426,0.0,990,0.427,0.427,55,3
baseline,421,462,,680,0.404,0.0,950,0.202,0.202,64,7
baseline,422,463,,680,0.407,0.0,960,0.31,0.31,58,4
baseline,423,464,,670,0.451,0.0,950,0.157,0.157,58,2
baseline,424,465,,690,0.394,0.0,970,0.291,0.291,54,6
baseline,425,466,,680,0.443,0.0,960,0.226,0.226,63,4
baseline,426,467,,680,0.402,0.0,950,0.24,0.24,57,4
baseline,427,468,,690,0.421,0.0,970,0.39,0.39,56,6
baseline,428,469,,680,0.429,0.0,960,0.25,0.25,55,4
baseline,429,470,,690,0.423,0.0,970,0.335,0.335,59,4
baseline,430,471,,690,0.42,0.0,980,0.37,0.37,53,3
baseline,431,472,,680,0.431,0.0,960,0.254,0.254,54,2
baseline,432,473,,690,0.422,0.0,980,0.345,0.345,65,6
baseline,433,474,,670,0.438,0.0,940,0.161,0.161,58,1
baseline,434,475,,700,0.397,0.0,980,0.377,0.377,59,8
baseline,435,476,,700,0.394,0.0,990,0.397,0.397,57,3
baseline,436,477,,700,0.461,0.0,970,0.327,0.327,60,2
baseline,437,478,,680,0.437,0.0,960,0.216,0.216,57,4
baseline,438,479,,680,0.431,0.0,950,0.244,0.244,55,1
baseline,439,480,,690,0.427,0.0,960,0.303,0.303,60,3
baseline,440,481,,690,0.425,0.0,970,0.292,0.292,56,3
baseline,441,482,,690,0.43,0.0,980,0.337,0.337,51,4
baseline,442,483,,670,0.411,0.0,960,0.267,0.267,52,7
baseline,443,484,,680,0.437,0.0,960,0.229,0.229,59,2
baseline,444,485,,690,0.442,0.0,970,0.304,0.304,59,1
baseline,445,486,,700,0.375,0.0,970,0.315,0.315,60,5
baseline,446,487,,690,0.41,0.0,980,0.345,0.345,56,3
baseline,447,488,,670,0.423,0.0,940,0.145,0.145,58,5
baseline,448,489,,690,0.418,0.0,960,0.261,0.261,59,4
baseline,449,490,,690,0.424,0.0,970,0.315,0.315,53,4
baseline,450,491,,700,0.427,0.0,980,0.35,0.35,59,8
baseline,451,492,,690,0.421,0.0,960,0.244,0.244,56,4
baseline,452,493,,700,0.409,0.0,990,0.41,0.41,60,5
baseline,453,494,,680,0.438,0.0,960,0.245,0.245,57,6
baseline,454,495,,690,0.416,0.0,970,0.28,0.28,56,2
baseline,455,496,,680,0.44,0.0,960,0.275,0.275,59,3
baseline,456,497,,700,0.356,0.0,970,0.306,0.306,49,8
baseline,457,498,,680,0.421,0.0,950,0.224,0.224,55,7
baseline,458,499,,690,0.396,0.0,960,0.263,0.263,59,0
baseline,459,500,,730,0.378,0.0,1000,0.478,0.478,54,9
baseline,460,501,,700,0.392,0.0,980,0.382,0.382,65,3
baseline,461,502,,710,0.407,0.0,990,0.448,0.448,61,4
baseline,462,503,,690,0.428,0.0,950,0.24,0.24,61,7
baseline,463,504,,670,0.411,0.0,950,0.175,0.175,54,4
baseline,464,505,,680,0.432,0.0,950,0.208,0.208,55,3
baseline,465,506,,670,0.417,0.0,960,0.22,0.22,59,3
baseline,466,507,,680,0.404,0.0,960,0.229,0.229,58,5
baseline,467,508,,690,0.425,0.0,970,0.304,0.304,56,10
baseline,468,509,,720,0.398,0.0,1000,0.497,0.497,58,3
baseline,469,510,,690,0.418,0.0,960,0.29,0.29,58,4
baseline,470,511,,680,0.43,0.0,950,0.225,0.225,55,2
baseline,471,512,,690,0.439,0.0,960,0.27,0.27,53,7
baseline,472,513,,690,0.409,0.0,980,0.347,0.347,61,7
baseline,473,514,,700,0.425,0.0,990,0.442,0.442,58,5
baseline,474,515,,690,0.429,0.0,970,0.306,0.306,60,4
baseline,475,516,,690,0.41,0.0,960,0.239,0.239,56,7
baseline,476,517,,680,0.432,0.0,950,0.338,0.338,60,1
baseline,477,518,,690,0.405,0.0,970,0.319,0.319,64,2
baseline,478,519,,690,0.423,0.0,960,0.296,0.296,57,4
baseline,479,520,,680,0.414,0.0,960,0.235,0.235,58,5
baseline,480,521,,680,0.422,0.0,970,0.309,0.309,52,3
baseline,481,522,,680,0.415,0.0,950,0.158,0.158,57,3
baseline,482,523,,680,0.422,0.0,960,0.265,0.265,63,1
baseline,483,524,,670,0.405,0.0,950,0.22,0.22,59,1
baseline,484,525,,690,0.429,0.0,960,0.248,0.248,54,5
baseline,485,526,,710,0.432,0.0,990,0.396,0.396,53,7
baseline,486,527,,690,0.419,0.0,970,0.313,0.313,59,4
baseline,487,528,,690,0.424,0.0,980,0.359,0.359,55,4
baseline,488,529,,690,0.429,0.0,960,0.297,0.297,64,5
baseline,489,530,,690,0.426,0.0,960,0.306,0.306,59,4
baseline,490,531,,680,0.441,0.0,960,0.313,0.313,59,4
baseline,491,532,,690,0.441,0.0,960,0.27,0.27,54,8
baseline,492,533,,680,0.402,0.0,970,0.327,0.327,55,2
baseline,493,534,,680,0.434,0.0,950,0.26,0.26,62,4
baseline,494,535,,680,0.426,0.0,960,0.26,0.26,60,2
baseline,495,536,,680,0.391,0.0,950,0.259,0.259,60,3
baseline,496,537,,690,0.435,0.0,970,0.302,0.302,62,3
baseline,497,538,,670,0.422,0.0,950,0.206,0.206,62,2
baseline,498,539,,690,0.437,0.0,960,0.239,0.239,59,3
baseline,499,540,,710,0.385,0.0,980,0.363,0.363,52,5
baseline,500,541,,680,0.411,0.0,970,0.277,0.277,57,3
faster_automation,1,42,380,590,0.705,0.0,870,0.009,0.009,63,2
faster_automation,2,43,300,570,0.787,0.0,850,0.008,0.008,61,5
faster_automation,3,44,,580,0.688,0.0,870,0.018,0.009,56,6
faster_automation,4,45,280,570,0.822,0.0,850,0.006,0.006,61,1
faster_automation,5,46,310,570,0.727,0.0,850,0.008,0.008,61,5
faster_automation,6,47,290,570,0.742,0.0,840,0.0,0.0,56,4
faster_automation,7,48,370,590,0.707,0.0,870,0.017,0.006,60,1
faster_automation,8,49,290,570,0.815,0.0,850,0.0,0.0,51,6
faster_automation,9,50,280,580,0.738,0.0,850,0.006,0.006,57,5
faster_automation,10,51,290,570,0.793,0.0,850,0.014,0.0,55,7
faster_automation,11,52,290,570,0.795,0.0,860,0.054,0.018,59,1
faster_automation,12,53,,590,0.69,0.0,870,0.0,0.0,61,7
faster_automation,13,54,280,570,0.824,0.0,850,0.011,0.004,62,6
faster_automation,14,55,310,580,0.783,0.0,860,0.016,0.016,60,7
faster_automation,15,56,290,570,0.781,0.0,850,0.032,0.016,62,4
faster_automation,16,57,290,570,0.817,0.0,850,0.021,0.011,61,4
faster_automation,17,58,290,580,0.804,0.0,860,0.009,0.009,57,9
faster_automation,18,59,300,570,0.788,0.0,850,0.014,0.003,59,3
faster_automation,19,60,310,580,0.772,0.0,860,0.011,0.008,62,3
faster_automation,20,61,360,580,0.724,0.0,860,0.009,0.009,61,5
faster_automation,21,62,290,570,0.769,0.0,860,0.003,0.003,62,3
faster_automation,22,63,300,570,0.777,0.0,860,0.001,0.001,59,3
faster_automation,23,64,290,570,0.725,0.0,860,0.009,0.004,58,3
faster_automation,24,65,290,570,0.785,0.0,840,0.003,0.003,58,7
faster_automation,25,66,390,590,0.709,0.0,870,0.021,0.015,63,8
faster_automation,26,67,310,580,0.792,0.0,850,0.009,0.003,57,4
faster_automation,27,68,290,570,0.77,0.0,860,0.03,0.009,60,2
faster_automation,28,69,280,570,0.806,0.0,850,0.017,0.016,64,1
faster_automation,29,70,320,580,0.78,0.0,860,0.013,0.013,55,5
faster_automation,30,71,290,570,0.786,0.0,850,0.031,0.011,61,3
faster_automation,31,72,300,570,0.75,0.0,860,0.012,0.0,53,10
faster_automation,32,73,290,570,0.788,0.0,860,0.02,0.02,66,0
faster_automation,33,74,280,570,0.815,0.0,850,0.0,0.0,56,6
faster_automation,34,75,290,570,0.819,0.0,850,0.013,0.0,59,5
faster_automation,35,76,300,570,0.764,0.0,840,0.0,0.0,58,4
faster_automation,36,77,310,580,0.773,0.0,860,0.0,0.0,55,5
faster_automation,37,78,,590,0.656,0.0,870,0.001,0.001,57,6
faster_automation,38,79,300,580,0.784,0.0,860,0.016,0.016,64,5
faster_automation,39,80,300,570,0.814,0.0,860,0.003,0.003,60,5
faster_automation,40,81,320,580,0.787,0.0,860,0.008,0.008,65,4
faster_automation,41,82,300,580,0.821,0.0,850,0.014,0.014,62,5
faster_automation,42,83,350,580,0.724,0.0,860,0.001,0.001,62,5
faster_automation,43,84,330,580,0.754,0.0,850,0.04,0.0,62,9
faster_automation,44,85,300,570,0.803,0.0,860,0.014,0.014,61,6
faster_automation,45,86,320,580,0.738,0.0,870,0.0,0.0,58,6
faster_automation,46,87,310,570,0.766,0.0,870,0.0,0.0,58,5
faster_automation,47,88,280,570,0.833,0.0,850,0.017,0.009,62,10
faster_automation,48,89,290,570,0.789,0.0,850,0.001,0.001,60,7
faster_automation,49,90,290,570,0.745,0.0,860,0.001,0.001,61,1
faster_automation,50,91,310,570,0.762,0.0,850,0.014,0.0,60,5
faster_automation,51,92,290,570,0.795,0.0,850,0.007,0.007,59,4
faster_automation,52,93,350,580,0.71,0.0,860,0.005,0.005,59,10
faster_automation,53,94,310,580,0.793,0.0,860,0.019,0.007,58,6
faster_automation,54,95,310,580,0.763,0.0,860,0.022,0.021,58,3
faster_automation,55,96,280,570,0.815,0.0,840,0.014,0.01,62,4
faster_automation,56,97,290,580,0.786,0.0,860,0.004,0.004,54,7
faster_automation,57,98,310,570,0.792,0.0,850,0.003,0.003,55,7
faster_automation,58,99,,580,0.677,0.0,860,0.014,0.014,65,4
faster_automation,59,100,310,580,0.801,0.0,850,0.003,0.003,68,4
faster_automation,60,101,290,570,0.802,0.0,850,0.022,0.0,62,4
faster_automation,61,102,320,580,0.76,0.0,840,0.04,0.0,51,7
faster_automation,62,103,310,580,0.752,0.0,870,0.014,0.004,55,6
faster_automation,63,104,280,570,0.833,0.0,860,0.018,0.018,63,3
faster_automation,64,105,340,580,0.728,0.0,850,0.0,0.0,61,4
faster_automation,65,106,280,570,0.802,0.0,850,0.003,0.003,62,4
faster_automation,66,107,270,560,0.849,0.0,840,0.011,0.001,63,5
faster_automation,67,108,290,570,0.795,0.0,850,0.014,0.0,53,5
faster_automation,68,109,280,570,0.844,0.0,850,0.015,0.007,62,3
faster_automation,69,110,340,580,0.724,0.0,860,0.012,0.01,59,3
faster_automation,70,111,330,580,0.767,0.0,870,0.055,0.004,60,3
faster_automation,71,112,290,570,0.792,0.0,850,0.0,0.0,55,3
faster_automation,72,113,300,580,0.792,0.0,860,0.024,0.016,61,4
faster_automation,73,114,310,580,0.782,0.0,860,0.021,0.011,59,6
faster_automation,74,115,290,570,0.827,0.0,850,0.051,0.014,60,2
faster_automation,75,116,320,580,0.77,0.0,860,0.0,0.0,61,3
faster_automation,76,117,380,580,0.704,0.0,860,0.011,0.011,59,4
faster_automation,77,118,290,580,0.805,0.0,860,0.02,0.01,60,2
faster_automation,78,119,,590,0.691,0.0,870,0.012,0.001,62,3
faster_automation,79,120,350,590,0.731,0.0,860,0.027,0.019,63,3
faster_automation,80,121,320,580,0.793,0.0,850,0.01,0.01,62,7
faster_automation,81,122,290,570,0.801,0.0,850,0.008,0.008,62,7
faster_automation,82,123,290,570,0.778,0.0,860,0.004,0.004,58,5
faster_automation,83,124,390,580,0.704,0.0,860,0.039,0.017,60,6
faster_automation,84,125,290,570,0.793,0.0,860,0.008,0.008,58,4
faster_automation,85,126,310,570,0.762,0.0,850,0.042,0.004,64,4
faster_automation,86,127,310,580,0.779,0.0,860,0.006,0.006,64,0
faster_automation,87,128,360,580,0.708,0.0,860,0.002,0.002,59,3
faster_automation,88,129,310,570,0.752,0.0,850,0.01,0.01,57,8
faster_automation,89,130,300,570,0.774,0.0,860,0.015,0.008,53,6
faster_automation,90,131,290,570,0.796,0.0,850,0.021,0.0,57,5
faster_automation,91,132,290,570,0.795,0.0,850,0.009,0.002,58,4
faster_automation,92,133,290,570,0.794,0.0,850,0.026,0.017,61,8
faster_automation,93,134,310,580,0.709,0.0,860,0.011,0.011,63,4
faster_automation,94,135,290,570,0.788,0.0,850,0.0,0.0,65,1
faster_automation,95,136,330,570,0.749,0.0,840,0.042,0.002,56,5
faster_automation,96,137,340,570,0.723,0.0,850,0.008,0.008,58,10
faster_automation,97,138,300,570,0.789,0.0,850,0.008,0.008,58,4
faster_automation,98,139,,590,0.693,0.0,870,0.004,0.004,60,4
faster_automation,99,140,310,570,0.781,0.0,840,0.017,0.006,57,9
faster_automation,100,141,290,570,0.757,0.0,850,0.014,0.006,60,4
faster_automation,101,142,290,580,0.778,0.0,860,0.002,0.002,58,0
faster_automation,102,143,320,580,0.777,0.0,850,0.001,0.001,58,8
faster_automation,103,144,310,580,0.701,0.0,870,0.017,0.007,54,4
faster_automation,104,145,300,580,0.765,0.0,850,0.052,0.0,60,8
faster_automation,105,146,340,580,0.727,0.0,860,0.014,0.014,56,8
faster_automation,106,147,280,570,0.793,0.0,850,0.005,0.005,65,2
faster_automation,107,148,280,570,0.8,0.0,850,0.008,0.008,62,2
faster_automation,108,149,300,570,0.794,0.0,860,0.023,0.014,62,3
faster_automation,109,150,300,570,0.789,0.0,850,0.004,0.004,58,8
faster_automation,110,151,,590,0.649,0.0,880,0.033,0.024,58,1
faster_automation,111,152,,580,0.68,0.0,870,0.007,0.007,54,3
faster_automation,112,153,330,580,0.74,0.0,860,0.014,0.014,58,7
faster_automation,113,154,310,580,0.773,0.0,860,0.019,0.009,64,4
faster_automation,114,155,330,580,0.765,0.0,860,0.003,0.003,62,1
faster_automation,115,156,350,580,0.721,0.0,870,0.042,0.016,63,3
faster_automation,116,157,310,580,0.78,0.0,860,0.0,0.0,60,3
faster_automation,117,158,290,570,0.809,0.0,850,0.035,0.025,67,3
faster_automation,118,159,310,580,0.778,0.0,850,0.009,0.0,54,3
faster_automation,119,160,340,580,0.754,0.0,850,0.005,0.005,61,4
faster_automation,120,161,300,580,0.709,0.0,860,0.02,0.01,55,6
faster_automation,121,162,300,580,0.799,0.0,850,0.006,0.006,55,10
faster_automation,122,163,280,570,0.849,0.0,850,0.0,0.0,63,4
faster_automation,123,164,280,570,0.847,0.0,860,0.008,0.004,63,4
faster_automation,124,165,300,580,0.786,0.0,870,0.011,0.011,65,4
faster_automation,125,166,290,570,0.793,0.0,850,0.011,0.002,62,4
faster_automation,126,167,290,570,0.825,0.0,860,0.0,0.0,56,3
faster_automation,127,168,300,570,0.776,0.0,850,0.018,0.009,57,8
faster_automation,128,169,350,580,0.715,0.0,860,0.0,0.0,56,4
faster_automation,129,170,310,580,0.789,0.0,870,0.006,0.006,60,5
faster_automation,130,171,290,570,0.809,0.0,850,0.0,0.0,59,4
faster_automation,131,172,290,570,0.807,0.0,860,0.012,0.0,60,3
faster_automation,132,173,290,570,0.803,0.0,850,0.021,0.006,59,3
faster_automation,133,174,300,580,0.782,0.0,850,0.014,0.0,57,4
faster_automation,134,175,360,580,0.701,0.0,870,0.006,0.006,65,5
faster_automation,135,176,330,580,0.775,0.0,870,0.01,0.01,58,1
faster_automation,136,177,290,570,0.762,0.0,840,0.01,0.003,54,6
faster_automation,137,178,310,570,0.771,0.0,850,0.063,0.001,62,5
faster_automation,138,179,280,580,0.755,0.0,860,0.009,0.009,68,1
faster_automation,139,180,290,580,0.809,0.0,850,0.008,0.008,63,7
faster_automation,140,181,290,570,0.789,0.0,850,0.0,0.0,56,5
faster_automation,141,182,290,570,0.793,0.0,860,0.014,0.014,55,4
faster_automation,142,183,290,570,0.811,0.0,850,0.049,0.013,62,1
faster_automation,143,184,,590,0.662,0.0,880,0.003,0.003,57,5
faster_automation,144,185,350,580,0.713,0.0,850,0.046,0.034,62,6
faster_automation,145,186,310,580,0.782,0.0,860,0.009,0.009,53,5
faster_automation,146,187,330,580,0.77,0.0,870,0.017,0.014,64,3
faster_automation,147,188,280,570,0.83,0.0,850,0.005,0.005,62,2
faster_automation,148,189,280,570,0.797,0.0,850,0.019,0.019,62,7
faster_automation,149,190,330,570,0.721,0.0,850,0.009,0.002,55,4
faster_automation,150,191,290,570,0.81,0.0,860,0.0,0.0,53,5
faster_automation,151,192,320,570,0.763,0.0,850,0.003,0.003,58,4
faster_automation,152,193,290,570,0.775,0.0,850,0.016,0.011,60,5
faster_automation,153,194,270,570,0.816,0.0,850,0.047,0.009,63,3
faster_automation,154,195,290,570,0.809,0.0,860,0.013,0.013,59,3
faster_automation,155,196,300,570,0.783,0.0,850,0.045,0.009,59,4
faster_automation,156,197,290,570,0.801,0.0,850,0.042,0.004,59,1
faster_automation,157,198,300,580,0.814,0.0,860,0.019,0.019,68,3
faster_automation,158,199,290,570,0.826,0.0,860,0.03,0.011,60,5
faster_automation,159,200,300,580,0.805,0.0,860,0.018,0.009,62,4
faster_automation,160,201,290,570,0.793,0.0,860,0.016,0.004,59,5
faster_automation,161,202,290,570,0.801,0.0,860,0.013,0.013,60,5
faster_automation,162,203,380,590,0.711,0.0,870,0.015,0.015,57,7
faster_automation,163,204,320,580,0.777,0.0,860,0.009,0.009,57,5
faster_automation,164,205,,580,0.696,0.0,870,0.0,0.0,60,5
faster_automation,165,206,,590,0.699,0.0,870,0.059,0.013,64,3
faster_automation,166,207,280,570,0.806,0.0,850,0.014,0.004,57,7
faster_automation,167,208,280,570,0.805,0.0,850,0.047,0.009,58,4
faster_automation,168,209,290,570,0.805,0.0,850,0.03,0.03,62,3
faster_automation,169,210,360,590,0.725,0.0,860,0.01,0.01,59,5
faster_automation,170,211,290,570,0.779,0.0,860,0.014,0.001,60,1
faster_automation,171,212,290,580,0.829,0.0,860,0.005,0.005,63,6
faster_automation,172,213,290,570,0.812,0.0,860,0.015,0.015,62,3
faster_automation,173,214,290,570,0.779,0.0,840,0.006,0.006,58,4
faster_automation,174,215,280,570,0.822,0.0,850,0.022,0.013,60,4
faster_automation,175,216,390,590,0.705,0.0,880,0.029,0.029,61,4
faster_automation,176,217,280,570,0.809,0.0,840,0.017,0.01,56,2
faster_automation,177,218,300,580,0.793,0.0,860,0.003,0.003,64,5
faster_automation,178,219,280,570,0.791,0.0,840,0.014,0.014,60,7
faster_automation,179,220,310,570,0.787,0.0,850,0.013,0.004,63,2
faster_automation,180,221,290,570,0.819,0.0,860,0.035,0.023,64,6
faster_automation,181,222,290,570,0.804,0.0,850,0.008,0.008,64,2
faster_automation,182,223,290,570,0.788,0.0,860,0.023,0.009,60,3
faster_automation,183,224,290,570,0.779,0.0,850,0.004,0.004,63,4
faster_automation,184,225,290,570,0.783,0.0,850,0.0,0.0,57,8
faster_automation,185,226,290,570,0.777,0.0,850,0.001,0.001,61,2
faster_automation,186,227,310,580,0.757,0.0,850,0.011,0.002,56,4
faster_automation,187,228,,580,0.666,0.0,860,0.01,0.01,63,6
faster_automation,188,229,350,580,0.725,0.0,860,0.028,0.008,57,2
faster_automation,189,230,290,570,0.79,0.0,840,0.004,0.004,60,3
faster_automation,190,231,320,580,0.778,0.0,860,0.028,0.02,62,8
faster_automation,191,232,310,580,0.798,0.0,860,0.008,0.008,64,5
faster_automation,192,233,300,570,0.794,0.0,850,0.006,0.006,60,4
faster_automation,193,234,290,570,0.81,0.0,850,0.0,0.0,66,7
faster_automation,194,235,290,570,0.811,0.0,850,0.0,0.0,56,4
faster_automation,195,236,280,570,0.718,0.0,860,0.007,0.003,65,1
faster_automation,196,237,320,580,0.753,0.0,850,0.008,0.0,66,4
faster_automation,197,238,310,580,0.792,0.0,860,0.055,0.01,58,7
faster_automation,198,239,290,570,0.795,0.0,860,0.006,0.006,57,5
faster_automation,199,240,290,570,0.804,0.0,850,0.006,0.006,58,5
faster_automation,200,241,,580,0.676,0.0,860,0.011,0.006,60,3
faster_automation,201,242,280,570,0.821,0.0,850,0.007,0.007,58,6
faster_automation,202,243,280,570,0.831,0.0,850,0.0,0.0,58,5
faster_automation,203,244,300,580,0.804,0.0,860,0.024,0.024,57,4
faster_automation,204,245,,600,0.654,0.0,870,0.012,0.007,64,7
faster_automation,205,246,380,590,0.708,0.0,860,0.022,0.022,61,5
faster_automation,206,247,330,580,0.773,0.0,850,0.0,0.0,59,6
faster_automation,207,248,350,580,0.724,0.0,860,0.051,0.013,62,4
faster_automation,208,249,290,570,0.795,0.0,850,0.0,0.0,60,3
faster_automation,209,250,300,580,0.784,0.0,860,0.012,0.012,61,4
faster_automation,210,251,290,570,0.788,0.0,860,0.015,0.009,63,6
faster_automation,211,252,310,580,0.785,0.0,870,0.0,0.0,62,3
faster_automation,212,253,280,570,0.824,0.0,850,0.038,0.01,60,3
faster_automation,213,254,350,580,0.742,0.0,850,0.023,0.013,62,4
faster_automation,214,255,300,570,0.791,0.0,840,0.003,0.003,62,7
faster_automation,215,256,300,570,0.789,0.0,860,0.007,0.007,60,4
faster_automation,216,257,290,570,0.805,0.0,850,0.008,0.008,67,4
faster_automation,217,258,350,580,0.756,0.0,870,0.003,0.003,65,0
faster_automation,218,259,280,560,0.799,0.0,840,0.05,0.002,58,2
faster_automation,219,260,,590,0.654,0.0,860,0.004,0.004,55,5
faster_automation,220,261,300,570,0.823,0.0,840,0.027,0.026,69,2
faster_automation,221,262,310,580,0.801,0.0,870,0.01,0.01,60,8
faster_automation,222,263,,590,0.693,0.0,870,0.0,0.0,55,8
faster_automation,223,264,350,580,0.726,0.0,860,0.011,0.001,58,6
faster_automation,224,265,300,580,0.79,0.0,850,0.0,0.0,58,5
faster_automation,225,266,290,570,0.803,0.0,850,0.017,0.008,67,2
faster_automation,226,267,340,580,0.719,0.0,860,0.008,0.008,59,2
faster_automation,227,268,290,570,0.811,0.0,850,0.064,0.021,58,8
faster_automation,228,269,290,570,0.801,0.0,860,0.058,0.011,65,1
faster_automation,229,270,290,570,0.79,0.0,850,0.017,0.005,59,3
faster_automation,230,271,300,580,0.768,0.0,860,0.006,0.006,58,6
faster_automation,231,272,,580,0.684,0.0,860,0.0,0.0,48,9
faster_automation,232,273,280,570,0.851,0.0,850,0.057,0.006,62,3
faster_automation,233,274,280,570,0.804,0.0,840,0.011,0.001,62,4
faster_automation,234,275,290,570,0.773,0.0,860,0.002,0.002,63,3
faster_automation,235,276,290,570,0.798,0.0,860,0.025,0.022,58,2
faster_automation,236,277,280,580,0.795,0.0,860,0.002,0.002,62,7
faster_automation,237,278,370,580,0.714,0.0,860,0.021,0.008,56,9
faster_automation,238,279,290,570,0.794,0.0,850,0.008,0.008,59,8
faster_automation,239,280,290,570,0.811,0.0,860,0.0,0.0,56,6
faster_automation,240,281,,590,0.675,0.0,860,0.003,0.003,58,3
faster_automation,241,282,280,570,0.791,0.0,850,0.021,0.009,58,1
faster_automation,242,283,290,570,0.798,0.0,850,0.005,0.005,67,3
faster_automation,243,284,280,570,0.822,0.0,860,0.013,0.001,62,7
faster_automation,244,285,,590,0.687,0.0,860,0.0,0.0,53,6
faster_automation,245,286,290,580,0.79,0.0,850,0.013,0.006,66,6
faster_automation,246,287,280,570,0.807,0.0,840,0.011,0.004,60,9
faster_automation,247,288,,580,0.694,0.0,860,0.009,0.004,56,3
faster_automation,248,289,290,570,0.796,0.0,850,0.015,0.002,60,6
faster_automation,249,290,290,570,0.815,0.0,850,0.04,0.03,59,10
faster_automation,250,291,280,570,0.82,0.0,850,0.013,0.013,58,5
faster_automation,251,292,280,560,0.801,0.0,840,0.026,0.021,58,5
faster_automation,252,293,380,590,0.714,0.0,860,0.0,0.0,62,1
faster_automation,253,294,290,570,0.789,0.0,840,0.011,0.0,63,3
faster_automation,254,295,,590,0.686,0.0,870,0.025,0.015,61,5
faster_automation,255,296,,580,0.685,0.0,860,0.014,0.0,57,5
faster_automation,256,297,300,570,0.798,0.0,860,0.012,0.012,62,4
faster_automation,257,298,290,570,0.795,0.0,850,0.007,0.007,60,0
faster_automation,258,299,320,570,0.729,0.0,850,0.024,0.012,70,5
faster_automation,259,300,330,580,0.769,0.0,860,0.011,0.011,57,7
faster_automation,260,301,320,580,0.788,0.0,850,0.019,0.0,66,6
faster_automation,261,302,280,570,0.788,0.0,850,0.028,0.028,62,2
faster_automation,262,303,290,570,0.815,0.0,850,0.003,0.003,63,3
faster_automation,263,304,290,580,0.809,0.0,850,0.018,0.01,66,4
faster_automation,264,305,300,570,0.8,0.0,850,0.014,0.0,53,7
faster_automation,265,306,330,580,0.754,0.0,860,0.011,0.004,61,3
faster_automation,266,307,290,580,0.808,0.0,860,0.009,0.009,63,2
faster_automation,267,308,290,570,0.781,0.0,840,0.0,0.0,54,5
faster_automation,268,309,300,570,0.772,0.0,860,0.043,0.006,60,3
faster_automation,269,310,340,590,0.765,0.0,870,0.02,0.02,59,3
faster_automation,270,311,290,570,0.806,0.0,850,0.034,0.011,66,4
faster_automation,271,312,280,570,0.827,0.0,860,0.01,0.004,58,3
faster_automation,272,313,320,580,0.786,0.0,870,0.0,0.0,57,3
faster_automation,273,314,290,580,0.811,0.0,860,0.015,0.006,61,5
faster_automation,274,315,330,580,0.765,0.0,850,0.042,0.004,58,7
faster_automation,275,316,360,580,0.711,0.0,860,0.014,0.012,63,3
faster_automation,276,317,320,580,0.748,0.0,850,0.015,0.012,56,6
faster_automation,277,318,320,580,0.796,0.0,860,0.005,0.005,64,7
faster_automation,278,319,290,570,0.777,0.0,840,0.02,0.001,62,3
faster_automation,279,320,290,570,0.785,0.0,850,0.019,0.009,64,3
faster_automation,280,321,,580,0.696,0.0,860,0.0,0.0,56,6
faster_automation,281,322,360,590,0.705,0.0,870,0.005,0.005,63,6
faster_automation,282,323,290,570,0.796,0.0,850,0.0,0.0,52,2
faster_automation,283,324,310,570,0.787,0.0,850,0.0,0.0,61,5
faster_automation,284,325,280,570,0.809,0.0,860,0.006,0.006,68,2
faster_automation,285,326,290,580,0.787,0.0,860,0.003,0.003,63,6
faster_automation,286,327,290,570,0.791,0.0,850,0.013,0.004,63,1
faster_automation,287,328,280,570,0.822,0.0,840,0.007,0.007,64,4
faster_automation,288,329,320,580,0.775,0.0,860,0.001,0.001,59,3
faster_automation,289,330,290,570,0.794,0.0,850,0.007,0.007,65,7
faster_automation,290,331,320,570,0.74,0.0,850,0.014,0.0,56,5
faster_automation,291,332,300,580,0.798,0.0,860,0.045,0.008,60,5
faster_automation,292,333,,590,0.677,0.0,870,0.008,0.008,55,5
faster_automation,293,334,340,580,0.724,0.0,840,0.0,0.0,60,7
faster_automation,294,335,340,570,0.731,0.0,860,0.003,0.003,62,5
faster_automation,295,336,290,570,0.812,0.0,850,0.021,0.003,62,7
faster_automation,296,337,280,570,0.805,0.0,840,0.0,0.0,57,4
faster_automation,297,338,300,570,0.78,0.0,840,0.008,0.008,58,4
faster_automation,298,339,290,570,0.791,0.0,850,0.025,0.0,56,1
faster_automation,299,340,330,570,0.759,0.0,860,0.0,0.0,60,0
faster_automation,300,341,320,580,0.765,0.0,850,0.011,0.007,57,4
faster_automation,301,342,280,570,0.831,0.0,850,0.018,0.009,61,2
faster_automation,302,343,300,570,0.762,0.0,850,0.012,0.01,61,6
faster_automation,303,344,,580,0.69,0.0,860,0.025,0.017,61,7
faster_automation,304,345,300,570,0.776,0.0,850,0.008,0.007,57,5
faster_automation,305,346,290,570,0.772,0.0,840,0.007,0.007,65,4
faster_automation,306,347,290,570,0.794,0.0,860,0.029,0.02,59,3
faster_automation,307,348,280,570,0.825,0.0,850,0.019,0.01,65,3
faster_automation,308,349,290,570,0.817,0.0,850,0.0,0.0,58,12
faster_automation,309,350,290,570,0.772,0.0,850,0.007,0.007,58,3
faster_automation,310,351,290,570,0.805,0.0,850,0.008,0.002,60,3
faster_automation,311,352,290,570,0.807,0.0,850,0.005,0.005,59,1
faster_automation,312,353,310,580,0.788,0.0,860,0.0,0.0,60,5
faster_automation,313,354,370,580,0.713,0.0,860,0.009,0.006,62,3
faster_automation,314,355,330,580,0.746,0.0,870,0.016,0.016,61,6
faster_automation,315,356,350,590,0.747,0.0,860,0.014,0.014,63,5
faster_automation,316,357,300,570,0.766,0.0,850,0.0,0.0,56,7
faster_automation,317,358,300,580,0.797,0.0,860,0.0,0.0,64,5
faster_automation,318,359,290,570,0.784,0.0,840,0.009,0.002,67,3
faster_automation,319,360,310,580,0.792,0.0,860,0.007,0.007,56,9
faster_automation,320,361,300,580,0.775,0.0,860,0.007,0.007,63,4
faster_automation,321,362,280,570,0.815,0.0,850,0.0,0.0,65,6
faster_automation,322,363,380,590,0.715,0.0,880,0.006,0.006,59,5
faster_automation,323,364,330,580,0.762,0.0,850,0.033,0.011,57,6
faster_automation,324,365,290,570,0.803,0.0,860,0.02,0.008,63,4
faster_automation,325,366,340,590,0.774,0.0,860,0.013,0.001,58,3
faster_automation,326,367,280,570,0.838,0.0,860,0.004,0.004,61,4
faster_automation,327,368,310,570,0.763,0.0,850,0.02,0.007,55,8
faster_automation,328,369,330,580,0.766,0.0,850,0.022,0.017,58,5
faster_automation,329,370,340,590,0.754,0.0,860,0.002,0.002,62,6
faster_automation,330,371,300,570,0.793,0.0,850,0.053,0.003,61,2
faster_automation,331,372,290,580,0.825,0.0,850,0.009,0.009,60,4
faster_automation,332,373,290,580,0.824,0.0,870,0.076,0.017,65,3
faster_automation,333,374,310,580,0.774,0.0,860,0.003,0.003,68,8
faster_automation,334,375,280,570,0.828,0.0,850,0.047,0.007,60,2
faster_automation,335,376,300,570,0.79,0.0,850,0.006,0.006,60,5
faster_automation,336,377,300,580,0.776,0.0,860,0.0,0.0,60,3
faster_automation,337,378,300,570,0.772,0.0,850,0.009,0.009,58,5
faster_automation,338,379,280,570,0.811,0.0,850,0.04,0.0,59,8
faster_automation,339,380,290,570,0.81,0.0,840,0.007,0.003,61,3
faster_automation,340,381,280,570,0.807,0.0,850,0.014,0.008,65,2
faster_automation,341,382,310,580,0.758,0.0,860,0.036,0.031,59,3
faster_automation,342,383,290,570,0.74,0.0,850,0.003,0.003,64,4
faster_automation,343,384,320,570,0.741,0.0,860,0.0,0.0,61,4
faster_automation,344,385,310,570,0.81,0.0,850,0.002,0.002,62,9
faster_automation,345,386,290,580,0.718,0.0,870,0.005,0.005,57,9
faster_automation,346,387,310,580,0.801,0.0,870,0.016,0.016,60,4
faster_automation,347,388,290,580,0.761,0.0,870,0.01,0.008,55,1
faster_automation,348,389,280,570,0.802,0.0,850,0.006,0.006,61,8
faster_automation,349,390,320,580,0.773,0.0,860,0.007,0.007,64,7
faster_automation,350,391,300,580,0.803,0.0,850,0.002,0.002,57,6
faster_automation,351,392,310,580,0.781,0.0,860,0.008,0.008,58,5
faster_automation,352,393,290,570,0.784,0.0,850,0.007,0.007,62,1
faster_automation,353,394,300,570,0.769,0.0,860,0.003,0.003,52,6
faster_automation,354,395,290,570,0.826,0.0,860,0.009,0.009,57,5
faster_automation,355,396,290,580,0.801,0.0,860,0.0,0.0,63,2
faster_automation,356,397,320,580,0.791,0.0,870,0.013,0.013,60,6
faster_automation,357,398,290,570,0.794,0.0,860,0.04,0.016,66,4
faster_automation,358,399,310,580,0.767,0.0,860,0.069,0.031,67,4
faster_automation,359,400,340,570,0.723,0.0,850,0.01,0.01,60,3
faster_automation,360,401,290,570,0.765,0.0,850,0.029,0.029,59,9
faster_automation,361,402,340,570,0.72,0.0,850,0.011,0.011,65,2
faster_automation,362,403,,600,0.638,0.0,870,0.04,0.0,60,2
faster_automation,363,404,290,570,0.793,0.0,850,0.02,0.011,59,2
faster_automation,364,405,340,580,0.728,0.0,850,0.028,0.014,63,1
faster_automation,365,406,300,570,0.787,0.0,850,0.016,0.01,61,9
faster_automation,366,407,300,570,0.753,0.0,860,0.012,0.012,56,8
faster_automation,367,408,290,560,0.785,0.0,850,0.026,0.018,63,6
faster_automation,368,409,300,580,0.818,0.0,870,0.003,0.003,60,3
faster_automation,369,410,290,570,0.807,0.0,850,0.046,0.008,61,5
faster_automation,370,411,340,580,0.74,0.0,860,0.026,0.024,62,4
faster_automation,371,412,290,570,0.807,0.0,850,0.052,0.016,65,4
faster_automation,372,413,320,580,0.73,0.0,850,0.017,0.008,63,3
faster_automation,373,414,320,580,0.757,0.0,860,0.006,0.006,57,6
faster_automation,374,415,290,570,0.814,0.0,850,0.055,0.017,60,5
faster_automation,375,416,340,580,0.747,0.0,870,0.003,0.003,59,3
faster_automation,376,417,310,580,0.768,0.0,860,0.017,0.014,65,6
faster_automation,377,418,300,580,0.815,0.0,860,0.005,0.005,58,5
faster_automation,378,419,280,570,0.802,0.0,850,0.002,0.002,61,2
faster_automation,379,420,300,570,0.772,0.0,860,0.007,0.007,57,4
faster_automation,380,421,300,580,0.795,0.0,860,0.053,0.002,59,5
faster_automation,381,422,320,580,0.778,0.0,860,0.018,0.011,61,2
faster_automation,382,423,280,570,0.736,0.0,850,0.049,0.008,63,3
faster_automation,383,424,300,580,0.795,0.0,860,0.01,0.01,59,2
faster_automation,384,425,290,570,0.804,0.0,840,0.001,0.0,61,5
faster_automation,385,426,290,580,0.749,0.0,860,0.012,0.002,61,6
faster_automation,386,427,290,570,0.783,0.0,860,0.034,0.028,64,3
faster_automation,387,428,300,570,0.787,0.0,850,0.02,0.02,55,4
faster_automation,388,429,290,570,0.81,0.0,840,0.032,0.012,65,3
faster_automation,389,430,290,580,0.824,0.0,870,0.004,0.004,56,5
faster_automation,390,431,300,570,0.792,0.0,850,0.0,0.0,62,5
faster_automation,391,432,330,580,0.756,0.0,860,0.012,0.012,60,2
faster_automation,392,433,280,580,0.842,0.0,860,0.032,0.032,67,4
faster_automation,393,434,310,570,0.792,0.0,850,0.0,0.0,56,4
faster_automation,394,435,310,580,0.775,0.0,860,0.011,0.003,61,5
faster_automation,395,436,300,580,0.796,0.0,860,0.016,0.011,64,3
faster_automation,396,437,280,570,0.819,0.0,850,0.001,0.001,60,3
faster_automation,397,438,330,590,0.771,0.0,870,0.01,0.0,61,6
faster_automation,398,439,290,580,0.803,0.0,860,0.0,0.0,53,5
faster_automation,399,440,310,580,0.77,0.0,860,0.0,0.0,60,3
faster_automation,400,441,290,570,0.77,0.0,850,0.004,0.004,55,4
faster_automation,401,442,290,570,0.796,0.0,860,0.007,0.007,56,3
faster_automation,402,443,320,580,0.768,0.0,860,0.015,0.007,60,0
faster_automation,403,444,300,570,0.782,0.0,860,0.027,0.024,62,2
faster_automation,404,445,310,570,0.765,0.0,850,0.008,0.008,55,7
faster_automation,405,446,280,570,0.754,0.0,850,0.017,0.007,54,9
faster_automation,406,447,280,560,0.81,0.0,850,0.006,0.006,56,5
faster_automation,407,448,290,570,0.804,0.0,860,0.0,0.0,59,2
faster_automation,408,449,340,580,0.717,0.0,860,0.009,0.007,66,4
faster_automation,409,450,360,570,0.715,0.0,850,0.026,0.026,57,6
faster_automation,410,451,340,570,0.75,0.0,860,0.021,0.002,55,8
faster_automation,411,452,270,560,0.832,0.0,840,0.018,0.016,66,5
faster_automation,412,453,300,570,0.798,0.0,850,0.0,0.0,56,5
faster_automation,413,454,290,570,0.785,0.0,850,0.007,0.007,63,4
faster_automation,414,455,,590,0.661,0.0,880,0.003,0.003,58,1
faster_automation,415,456,360,580,0.708,0.0,850,0.022,0.006,65,3
faster_automation,416,457,280,570,0.811,0.0,840,0.0,0.0,55,6
faster_automation,417,458,340,570,0.725,0.0,850,0.0,0.0,52,6
faster_automation,418,459,290,570,0.795,0.0,860,0.021,0.0,63,4
faster_automation,419,460,290,570,0.728,0.0,850,0.02,0.02,65,2
faster_automation,420,461,290,570,0.785,0.0,850,0.063,0.013,61,4
faster_automation,421,462,,580,0.676,0.0,860,0.056,0.02,63,2
faster_automation,422,463,290,570,0.788,0.0,850,0.012,0.001,60,4
faster_automation,423,464,270,560,0.833,0.0,850,0.0,0.0,52,3
faster_automation,424,465,300,570,0.753,0.0,850,0.008,0.002,57,5
faster_automation,425,466,340,580,0.727,0.0,860,0.0,0.0,64,4
faster_automation,426,467,,580,0.69,0.0,860,0.0,0.0,54,6
faster_automation,427,468,300,580,0.785,0.0,850,0.04,0.036,62,6
faster_automation,428,469,290,570,0.795,0.0,850,0.01,0.0,59,3
faster_automation,429,470,280,570,0.813,0.0,840,0.003,0.003,61,8
faster_automation,430,471,300,580,0.799,0.0,870,0.023,0.023,55,1
faster_automation,431,472,290,570,0.792,0.0,860,0.011,0.011,61,3
faster_automation,432,473,290,570,0.801,0.0,850,0.0,0.0,62,7
faster_automation,433,474,280,560,0.816,0.0,850,0.007,0.006,60,4
faster_automation,434,475,290,570,0.788,0.0,860,0.0,0.0,58,4
faster_automation,435,476,320,580,0.764,0.0,860,0.032,0.032,60,4
faster_automation,436,477,290,580,0.844,0.0,870,0.053,0.0,59,8
faster_automation,437,478,280,570,0.813,0.0,850,0.01,0.0,60,3
faster_automation,438,479,290,570,0.78,0.0,860,0.009,0.005,63,3
faster_automation,439,480,320,580,0.783,0.0,860,0.0,0.0,58,1
faster_automation,440,481,340,580,0.741,0.0,850,0.007,0.007,59,6
faster_automation,441,482,290,570,0.798,0.0,860,0.044,0.007,59,4
faster_automation,442,483,300,570,0.771,0.0,850,0.005,0.005,60,3
faster_automation,443,484,280,570,0.81,0.0,850,0.021,0.009,62,1
faster_automation,444,485,280,570,0.824,0.0,850,0.0,0.0,57,4
faster_automation,445,486,,580,0.687,0.0,870,0.011,0.011,57,2
faster_automation,446,487,280,570,0.814,0.0,850,0.0,0.0,63,2
faster_automation,447,488,290,570,0.789,0.0,840,0.003,0.003,60,4
faster_automation,448,489,300,570,0.787,0.0,850,0.0,0.0,60,4
faster_automation,449,490,300,570,0.767,0.0,860,0.015,0.009,57,1
faster_automation,450,491,320,580,0.783,0.0,870,0.006,0.006,59,4
faster_automation,451,492,310,570,0.797,0.0,860,0.012,0.012,64,6
faster_automation,452,493,320,580,0.769,0.0,860,0.011,0.011,67,3
faster_automation,453,494,290,570,0.814,0.0,850,0.025,0.023,69,5
faster_automation,454,495,300,570,0.791,0.0,850,0.025,0.02,59,4
faster_automation,455,496,290,580,0.823,0.0,870,0.0,0.0,58,2
faster_automation,456,497,,590,0.676,0.0,870,0.032,0.013,54,8
faster_automation,457,498,,600,0.614,0.0,880,0.01,0.01,51,5
faster_automation,458,499,320,580,0.749,0.0,860,0.016,0.012,61,2
faster_automation,459,500,400,590,0.704,0.0,880,0.02,0.02,58,8
faster_automation,460,501,,580,0.694,0.0,860,0.037,0.037,60,7
faster_automation,461,502,300,570,0.789,0.0,860,0.011,0.007,57,6
faster_automation,462,503,290,570,0.788,0.0,850,0.022,0.017,57,8
faster_automation,463,504,290,570,0.789,0.0,850,0.021,0.008,62,4
faster_automation,464,505,300,580,0.807,0.0,850,0.026,0.026,61,4
faster_automation,465,506,290,570,0.793,0.0,850,0.004,0.004,56,3
faster_automation,466,507,330,580,0.75,0.0,860,0.009,0.009,57,5
faster_automation,467,508,290,570,0.793,0.0,850,0.002,0.002,59,7
faster_automation,468,509,,590,0.693,0.0,870,0.021,0.019,60,5
faster_automation,469,510,310,580,0.775,0.0,860,0.0,0.0,60,2
faster_automation,470,511,300,570,0.79,0.0,860,0.005,0.005,55,3
faster_automation,471,512,280,570,0.828,0.0,850,0.05,0.014,60,7
faster_automation,472,513,,580,0.681,0.0,860,0.005,0.005,58,4
faster_automation,473,514,300,570,0.78,0.0,860,0.022,0.003,60,7
faster_automation,474,515,290,570,0.788,0.0,860,0.0,0.0,59,6
faster_automation,475,516,320,580,0.75,0.0,860,0.0,0.0,55,5
faster_automation,476,517,300,570,0.798,0.0,840,0.002,0.002,59,4
faster_automation,477,518,,580,0.698,0.0,860,0.04,0.002,60,3
faster_automation,478,519,280,580,0.758,0.0,860,0.01,0.008,63,4
faster_automation,479,520,360,580,0.714,0.0,860,0.017,0.011,57,5
faster_automation,480,521,290,570,0.706,0.0,860,0.001,0.001,56,1
faster_automation,481,522,310,580,0.757,0.0,860,0.0,0.0,56,5
faster_automation,482,523,320,580,0.773,0.0,850,0.023,0.023,63,7
faster_automation,483,524,340,570,0.72,0.0,840,0.0,0.0,64,2
faster_automation,484,525,290,570,0.777,0.0,850,0.033,0.003,61,4
faster_automation,485,526,300,580,0.795,0.0,870,0.008,0.004,63,4
faster_automation,486,527,280,580,0.816,0.0,860,0.016,0.005,66,1
faster_automation,487,528,350,580,0.731,0.0,860,0.005,0.005,61,6
faster_automation,488,529,290,570,0.805,0.0,850,0.016,0.015,67,5
faster_automation,489,530,320,580,0.787,0.0,860,0.0,0.0,58,4
faster_automation,490,531,280,570,0.813,0.0,850,0.045,0.007,59,3
faster_automation,491,532,280,570,0.828,0.0,860,0.005,0.005,68,4
faster_automation,492,533,290,570,0.767,0.0,840,0.027,0.022,60,2
faster_automation,493,534,350,570,0.729,0.0,860,0.0,0.0,64,3
faster_automation,494,535,360,580,0.707,0.0,860,0.014,0.0,55,3
faster_automation,495,536,310,570,0.758,0.0,840,0.006,0.006,63,5
faster_automation,496,537,300,580,0.792,0.0,860,0.015,0.003,59,3
faster_automation,497,538,360,590,0.719,0.0,870,0.009,0.009,54,6
faster_automation,498,539,290,570,0.791,0.0,860,0.023,0.002,64,5
faster_automation,499,540,,600,0.669,0.0,870,0.015,0.015,59,3
faster_automation,500,541,300,570,0.775,0.0,850,0.014,0.014,59,5
slower_ai,1,42,,950,0.408,0.0,,0.979,0.718,55,5
slower_ai,2,43,,930,0.41,0.0,,0.989,0.734,52,4
slower_ai,3,44,,920,0.401,0.0,,0.989,0.73,49,6
slower_ai,4,45,,930,0.389,0.0,,0.978,0.664,56,4
slower_ai,5,46,,980,0.392,0.0,,0.993,0.775,54,4
slower_ai,6,47,,920,0.389,0.0,,0.979,0.759,59,5
slower_ai,7,48,,940,0.374,0.0,,0.979,0.723,57,4
slower_ai,8,49,,910,0.441,0.0,,0.982,0.668,57,3
slower_ai,9,50,,920,0.41,0.0,,0.965,0.695,53,4
slower_ai,10,51,,910,0.388,0.0,,0.952,0.758,55,5
slower_ai,11,52,,940,0.399,0.0,,0.979,0.728,52,4
slower_ai,12,53,,950,0.369,0.0,,0.982,0.719,57,3
slower_ai,13,54,,920,0.4,0.0,,0.986,0.725,56,6
slower_ai,14,55,,930,0.382,0.0,,0.984,0.726,53,4
slower_ai,15,56,,910,0.4,0.0,,0.975,0.745,56,3
slower_ai,16,57,,920,0.409,0.0,,0.983,0.677,50,6
slower_ai,17,58,,920,0.39,0.0,,0.983,0.726,52,5
slower_ai,18,59,,920,0.375,0.0,,0.975,0.77,52,3
slower_ai,19,60,,930,0.387,0.0,,0.982,0.698,52,5
slower_ai,20,61,,950,0.357,0.0,,0.985,0.748,60,2
slower_ai,21,62,,950,0.353,0.0,,0.986,0.767,52,5
slower_ai,22,63,,910,0.379,0.0,,0.976,0.76,57,3
slower_ai,23,64,,910,0.392,0.0,,0.979,0.733,58,3
slower_ai,24,65,,930,0.39,0.0,,0.991,0.752,54,5
slower_ai,25,66,,920,0.385,0.0,,0.986,0.696,53,6
slower_ai,26,67,,930,0.377,0.0,,0.982,0.702,56,1
slower_ai,27,68,,930,0.394,0.0,,0.973,0.726,61,2
slower_ai,28,69,,950,0.346,0.0,,0.982,0.756,54,7
slower_ai,29,70,,940,0.391,0.0,,0.988,0.716,52,5
slower_ai,30,71,,910,0.392,0.0,,0.97,0.741,52,3
slower_ai,31,72,,920,0.387,0.0,,0.967,0.745,53,10
slower_ai,32,73,,910,0.394,0.0,,0.98,0.738,60,1
slower_ai,33,74,,940,0.349,0.0,,0.992,0.712,54,2
slower_ai,34,75,,920,0.419,0.0,,0.987,0.703,56,5
slower_ai,35,76,,910,0.376,0.0,,0.98,0.786,52,5
slower_ai,36,77,,920,0.393,0.0,,0.989,0.734,55,0
slower_ai,37,78,,920,0.381,0.0,,0.979,0.706,58,4
slower_ai,38,79,,930,0.421,0.0,,0.99,0.637,55,3
slower_ai,39,80,,930,0.398,0.0,,0.967,0.73,56,6
slower_ai,40,81,,920,0.403,0.0,,0.974,0.71,55,4
slower_ai,41,82,,930,0.374,0.0,,0.982,0.698,57,1
slower_ai,42,83,,920,0.403,0.0,,0.97,0.683,56,4
slower_ai,43,84,,920,0.362,0.0,,0.983,0.707,50,4
slower_ai,44,85,,920,0.396,0.0,,0.977,0.7,63,5
slower_ai,45,86,,920,0.386,0.0,,0.979,0.733,53,5
slower_ai,46,87,,920,0.345,0.0,,0.986,0.75,52,6
slower_ai,47,88,,920,0.423,0.0,,0.97,0.691,53,5
slower_ai,48,89,,920,0.416,0.0,,0.987,0.672,52,3
slower_ai,49,90,,930,0.399,0.0,,0.978,0.754,57,1
slower_ai,50,91,,920,0.383,0.0,,0.977,0.765,53,3
slower_ai,51,92,,910,0.385,0.0,,0.964,0.758,56,5
slower_ai,52,93,,930,0.4,0.0,,0.976,0.725,52,3
slower_ai,53,94,,920,0.424,0.0,,0.983,0.687,57,3
slower_ai,54,95,,930,0.378,0.0,,0.988,0.743,54,4
slower_ai,55,96,,920,0.393,0.0,,0.984,0.718,53,5
slower_ai,56,97,,930,0.423,0.0,,0.976,0.669,52,7
slower_ai,57,98,,920,0.408,0.0,,0.989,0.737,55,3
slower_ai,58,99,,940,0.391,0.0,,0.98,0.764,55,5
slower_ai,59,100,,930,0.39,0.0,,0.985,0.721,59,1
slower_ai,60,101,,920,0.376,0.0,,0.978,0.715,48,9
slower_ai,61,102,,920,0.392,0.0,,0.942,0.748,58,5
slower_ai,62,103,,930,0.376,0.0,,0.977,0.755,49,7
slower_ai,63,104,,930,0.394,0.0,,0.97,0.667,55,4
slower_ai,64,105,,930,0.404,0.0,,0.983,0.688,56,3
slower_ai,65,106,,920,0.36,0.0,,0.975,0.768,55,0
slower_ai,66,107,,930,0.408,0.0,,0.969,0.669,55,2
slower_ai,67,108,,930,0.355,0.0,,0.981,0.761,51,2
slower_ai,68,109,,920,0.427,0.0,,0.982,0.665,59,2
slower_ai,69,110,,930,0.392,0.0,,0.985,0.735,53,2
slower_ai,70,111,,910,0.414,0.0,,0.982,0.706,58,3
slower_ai,71,112,,910,0.399,0.0,,0.984,0.747,54,4
slower_ai,72,113,,940,0.421,0.0,,0.987,0.692,55,8
slower_ai,73,114,,940,0.407,0.0,,0.982,0.681,54,8
slower_ai,74,115,,920,0.4,0.0,,0.984,0.714,54,3
slower_ai,75,116,,950,0.336,0.0,,0.99,0.719,50,4
slower_ai,76,117,,920,0.389,0.0,,0.969,0.692,50,8
slower_ai,77,118,,930,0.404,0.0,,0.982,0.692,52,2
slower_ai,78,119,,920,0.416,0.0,,0.966,0.719,58,3
slower_ai,79,120,,930,0.392,0.0,,0.979,0.672,52,6
slower_ai,80,121,,920,0.413,0.0,,0.977,0.682,55,3
slower_ai,81,122,,920,0.388,0.0,,0.98,0.721,55,5
slower_ai,82,123,,910,0.4,0.0,,0.978,0.746,56,4
slower_ai,83,124,,910,0.383,0.0,,0.977,0.756,59,2
slower_ai,84,125,,950,0.397,0.0,,0.974,0.736,56,3
slower_ai,85,126,,950,0.334,0.0,,0.985,0.743,57,3
slower_ai,86,127,,920,0.404,0.0,,0.977,0.755,55,2
slower_ai,87,128,,920,0.365,0.0,,0.982,0.72,54,3
slower_ai,88,129,,920,0.381,0.0,,0.986,0.735,54,4
slower_ai,89,130,,920,0.389,0.0,,0.98,0.727,53,4
slower_ai,90,131,,930,0.394,0.0,,0.948,0.717,55,5
slower_ai,91,132,,910,0.395,0.0,,0.978,0.713,54,3
slower_ai,92,133,,920,0.392,0.0,,0.982,0.741,58,5
slower_ai,93,134,,920,0.367,0.0,,0.981,0.792,56,3
slower_ai,94,135,,920,0.394,0.0,,0.973,0.755,55,1
slower_ai,95,136,,930,0.377,0.0,,0.981,0.751,52,6
slower_ai,96,137,,930,0.356,0.0,,0.981,0.716,55,3
slower_ai,97,138,,920,0.384,0.0,,0.965,0.732,51,6
slower_ai,98,139,,930,0.386,0.0,,0.977,0.718,54,7
slower_ai,99,140,,920,0.38,0.0,,0.986,0.724,52,7
slower_ai,100,141,,920,0.387,0.0,,0.993,0.767,52,4
slower_ai,101,142,,920,0.404,0.0,,0.969,0.688,61,3
slower_ai,102,143,,920,0.39,0.0,,0.972,0.718,54,2
slower_ai,103,144,,920,0.37,0.0,,0.982,0.755,53,4
slower_ai,104,145,,920,0.406,0.0,,0.95,0.685,52,5
slower_ai,105,146,,920,0.386,0.0,,0.988,0.718,51,7
slower_ai,106,147,,920,0.386,0.0,,0.981,0.745,54,2
slower_ai,107,148,,910,0.392,0.0,,0.982,0.705,51,6
slower_ai,108,149,,920,0.395,0.0,,0.957,0.725,54,3
slower_ai,109,150,,940,0.373,0.0,,0.986,0.72,45,7
slower_ai,110,151,,920,0.389,0.0,,0.972,0.705,49,8
slower_ai,111,152,,950,0.389,0.0,,0.982,0.743,56,6
slower_ai,112,153,,950,0.401,0.0,,0.99,0.746,54,7
slower_ai,113,154,,930,0.394,0.0,,0.981,0.7,54,2
slower_ai,114,155,,930,0.394,0.0,,0.988,0.727,55,5
slower_ai,115,156,,920,0.379,0.0,,0.984,0.758,56,2
slower_ai,116,157,,920,0.384,0.0,,0.974,0.742,50,5
slower_ai,117,158,,910,0.406,0.0,,0.983,0.702,52,4
slower_ai,118,159,,960,0.388,0.0,,0.985,0.731,52,3
slower_ai,119,160,,910,0.398,0.0,,0.987,0.712,53,2
slower_ai,120,161,,920,0.382,0.0,,0.977,0.724,53,4
slower_ai,121,162,,920,0.394,0.0,,0.984,0.71,56,6
slower_ai,122,163,,930,0.408,0.0,,0.979,0.693,56,3
slower_ai,123,164,,930,0.394,0.0,,0.984,0.666,55,3
slower_ai,124,165,,940,0.398,0.0,,0.989,0.724,54,6
slower_ai,125,166,,910,0.396,0.0,,0.974,0.745,54,6
slower_ai,126,167,,930,0.394,0.0,,0.98,0.698,53,6
slower_ai,127,168,,920,0.394,0.0,,0.983,0.729,58,5
slower_ai,128,169,,940,0.377,0.0,,0.988,0.765,52,5
slower_ai,129,170,,950,0.379,0.0,,0.97,0.63,52,5
slower_ai,130,171,,940,0.392,0.0,,0.992,0.688,49,7
slower_ai,131,172,,950,0.423,0.0,,0.987,0.687,60,4
slower_ai,132,173,,930,0.376,0.0,,0.975,0.712,51,4
slower_ai,133,174,,920,0.403,0.0,,0.975,0.683,48,9
slower_ai,134,175,,920,0.382,0.0,,0.972,0.757,54,6
slower_ai,135,176,,920,0.407,0.0,,0.982,0.687,48,7
slower_ai,136,177,,910,0.393,0.0,,0.975,0.775,57,8
slower_ai,137,178,,940,0.313,0.0,,0.985,0.755,61,2
slower_ai,138,179,,940,0.391,0.0,,0.98,0.708,53,6
slower_ai,139,180,,950,0.377,0.0,,0.981,0.684,57,3
slower_ai,140,181,,930,0.385,0.0,,0.968,0.731,53,5
slower_ai,141,182,,930,0.399,0.0,,0.976,0.722,53,2
slower_ai,142,183,,920,0.403,0.0,,0.965,0.721,52,4
slower_ai,143,184,,960,0.361,0.0,,0.992,0.704,53,5
slower_ai,144,185,,920,0.357,0.0,,0.971,0.788,54,6
slower_ai,145,186,,940,0.377,0.0,,0.977,0.691,59,3
slower_ai,146,187,,940,0.378,0.0,,0.968,0.664,50,4
slower_ai,147,188,,920,0.423,0.0,,0.97,0.684,55,4
slower_ai,148,189,,920,0.406,0.0,,0.981,0.73,57,2
slower_ai,149,190,,930,0.366,0.0,,0.98,0.751,54,3
slower_ai,150,191,,920,0.413,0.0,,0.983,0.687,56,4
slower_ai,151,192,,910,0.397,0.0,,0.975,0.754,57,4
slower_ai,152,193,,920,0.382,0.0,,0.987,0.756,54,1
slower_ai,153,194,,920,0.405,0.0,,0.978,0.756,53,2
slower_ai,154,195,,930,0.414,0.0,,0.982,0.717,55,5
slower_ai,155,196,,900,0.39,0.0,,0.979,0.74,53,4
slower_ai,156,197,,930,0.407,0.0,,0.977,0.717,53,4
slower_ai,157,198,,940,0.397,0.0,,0.976,0.701,52,5
slower_ai,158,199,,920,0.417,0.0,,0.977,0.699,55,3
slower_ai,159,200,,950,0.386,0.0,,0.988,0.686,49,10
slower_ai,160,201,,930,0.373,0.0,,0.981,0.712,56,1
slower_ai,161,202,,910,0.39,0.0,,0.981,0.739,61,1
slower_ai,162,203,,940,0.385,0.0,,0.972,0.702,61,2
slower_ai,163,204,,920,0.408,0.0,,0.981,0.729,60,2
slower_ai,164,205,,920,0.376,0.0,,0.979,0.742,50,5
slower_ai,165,206,,960,0.377,0.0,,0.993,0.687,53,3
slower_ai,166,207,,910,0.408,0.0,,0.981,0.713,55,1
slower_ai,167,208,,920,0.405,0.0,,0.983,0.692,53,1
slower_ai,168,209,,940,0.344,0.0,,0.991,0.705,52,4
slower_ai,169,210,,930,0.415,0.0,,0.979,0.698,52,6
slower_ai,170,211,,920,0.38,0.0,,0.983,0.774,55,1
slower_ai,171,212,,930,0.413,0.0,,0.981,0.64,60,1
slower_ai,172,213,,920,0.401,0.0,,0.983,0.695,55,0
slower_ai,173,214,,920,0.383,0.0,,0.969,0.789,52,3
slower_ai,174,215,,920,0.42,0.0,,0.96,0.724,54,6
slower_ai,175,216,,930,0.385,0.0,,0.981,0.689,50,4
slower_ai,176,217,,920,0.412,0.0,,0.972,0.761,57,1
slower_ai,177,218,,960,0.368,0.0,,0.995,0.752,50,4
slower_ai,178,219,,910,0.414,0.0,,0.979,0.7,55,1
slower_ai,179,220,,930,0.369,0.0,,0.966,0.764,57,2
slower_ai,180,221,,920,0.424,0.0,,0.984,0.68,58,3
slower_ai,181,222,,960,0.341,0.0,,0.99,0.743,50,5
slower_ai,182,223,,910,0.397,0.0,,0.985,0.73,53,7
slower_ai,183,224,,930,0.391,0.0,,0.992,0.734,57,4
slower_ai,184,225,,950,0.39,0.0,,0.994,0.762,54,2
slower_ai,185,226,,920,0.4,0.0,,0.986,0.716,52,4
slower_ai,186,227,,930,0.385,0.0,,0.986,0.734,50,3
slower_ai,187,228,,910,0.382,0.0,,0.963,0.718,56,2
slower_ai,188,229,,950,0.39,0.0,,0.993,0.709,50,5
slower_ai,189,230,,910,0.401,0.0,,0.971,0.744,56,1
slower_ai,190,231,,950,0.347,0.0,,0.996,0.678,56,2
slower_ai,191,232,,960,0.401,0.0,,0.965,0.66,54,7
slower_ai,192,233,,930,0.396,0.0,,0.975,0.753,52,6
slower_ai,193,234,,930,0.393,0.0,,0.989,0.764,62,2
slower_ai,194,235,,920,0.407,0.0,,0.989,0.699,51,5
slower_ai,195,236,,900,0.405,0.0,,0.96,0.731,59,4
slower_ai,196,237,,920,0.393,0.0,,0.965,0.732,59,4
slower_ai,197,238,,940,0.413,0.0,,0.985,0.706,56,6
slower_ai,198,239,,940,0.388,0.0,,0.976,0.717,59,1
slower_ai,199,240,,920,0.378,0.0,,0.966,0.732,55,5
slower_ai,200,241,,930,0.376,0.0,,0.982,0.69,60,2
slower_ai,201,242,,920,0.419,0.0,,0.983,0.713,58,4
slower_ai,202,243,,920,0.428,0.0,,0.983,0.753,58,5
slower_ai,203,244,,960,0.407,0.0,,0.988,0.644,49,8
slower_ai,204,245,,960,0.35,0.0,,0.993,0.732,55,4
slower_ai,205,246,,940,0.357,0.0,,0.99,0.716,54,3
slower_ai,206,247,,930,0.401,0.0,,0.989,0.682,56,4
slower_ai,207,248,,920,0.379,0.0,,0.986,0.711,57,3
slower_ai,208,249,,920,0.363,0.0,,0.983,0.732,50,2
slower_ai,209,250,,920,0.403,0.0,,0.981,0.711,59,6
slower_ai,210,251,,910,0.392,0.0,,0.967,0.804,56,4
slower_ai,211,252,,930,0.395,0.0,,0.981,0.679,53,7
slower_ai,212,253,,930,0.374,0.0,,0.982,0.678,54,4
slower_ai,213,254,,950,0.359,0.0,,0.975,0.766,56,5
slower_ai,214,255,,920,0.409,0.0,,0.974,0.742,55,5
slower_ai,215,256,,920,0.395,0.0,,0.983,0.723,54,7
slower_ai,216,257,,920,0.383,0.0,,0.982,0.745,53,5
slower_ai,217,258,,950,0.393,0.0,,0.987,0.717,53,2
slower_ai,218,259,,920,0.357,0.0,,0.974,0.77,53,4
slower_ai,219,260,,920,0.406,0.0,,0.971,0.717,58,2
slower_ai,220,261,,910,0.41,0.0,,0.977,0.729,59,2
slower_ai,221,262,,960,0.418,0.0,,0.977,0.63,51,4
slower_ai,222,263,,940,0.364,0.0,,0.98,0.703,57,9
slower_ai,223,264,,920,0.397,0.0,,0.986,0.7,57,1
slower_ai,224,265,,940,0.413,0.0,,0.987,0.692,53,3
slower_ai,225,266,,930,0.38,0.0,,0.954,0.725,52,7
slower_ai,226,267,,920,0.398,0.0,,0.987,0.763,55,2
slower_ai,227,268,,920,0.406,0.0,,0.972,0.706,54,4
slower_ai,228,269,,930,0.374,0.0,,0.98,0.753,57,3
slower_ai,229,270,,910,0.392,0.0,,0.978,0.751,56,0
slower_ai,230,271,,930,0.379,0.0,,0.973,0.739,53,4
slower_ai,231,272,,930,0.379,0.0,,0.975,0.749,52,6
slower_ai,232,273,,920,0.426,0.0,,0.973,0.688,55,3
slower_ai,233,274,,910,0.39,0.0,,0.983,0.759,53,2
slower_ai,234,275,,930,0.367,0.0,,0.987,0.762,55,4
slower_ai,235,276,,910,0.403,0.0,,0.98,0.721,53,4
slower_ai,236,277,,930,0.428,0.0,,0.988,0.709,57,5
slower_ai,237,278,,930,0.405,0.0,,0.962,0.713,50,6
slower_ai,238,279,,930,0.409,0.0,,0.984,0.718,53,6
slower_ai,239,280,,930,0.395,0.0,,0.975,0.707,55,6
slower_ai,240,281,,910,0.404,0.0,,0.987,0.749,61,1
slower_ai,241,282,,950,0.374,0.0,,0.99,0.757,54,1
slower_ai,242,283,,910,0.387,0.0,,0.983,0.746,52,4
slower_ai,243,284,,920,0.408,0.0,,0.977,0.757,55,3
slower_ai,244,285,,950,0.345,0.0,,0.993,0.695,49,7
slower_ai,245,286,,910,0.407,0.0,,0.982,0.729,57,3
slower_ai,246,287,,910,0.387,0.0,,0.977,0.766,56,3
slower_ai,247,288,,910,0.394,0.0,,0.968,0.705,51,6
slower_ai,248,289,,920,0.369,0.0,,0.979,0.732,53,4
slower_ai,249,290,,920,0.396,0.0,,0.984,0.717,54,3
slower_ai,250,291,,920,0.416,0.0,,0.971,0.705,61,3
slower_ai,251,292,,940,0.381,0.0,,0.989,0.781,57,2
slower_ai,252,293,,930,0.427,0.0,,0.988,0.683,56,2
slower_ai,253,294,,920,0.358,0.0,,0.981,0.78,53,8
slower_ai,254,295,,910,0.396,0.0,,0.983,0.737,53,1
slower_ai,255,296,,910,0.401,0.0,,0.982,0.716,52,6
slower_ai,256,297,,920,0.404,0.0,,0.979,0.686,55,1
slower_ai,257,298,,910,0.407,0.0,,0.974,0.752,56,8
slower_ai,258,299,,910,0.371,0.0,,0.953,0.773,56,2
slower_ai,259,300,,940,0.386,0.0,,0.982,0.711,53,4
slower_ai,260,301,,930,0.389,0.0,,0.986,0.719,55,5
slower_ai,261,302,,920,0.374,0.0,,0.984,0.761,55,2
slower_ai,262,303,,910,0.402,0.0,,0.958,0.709,56,4
slower_ai,263,304,,920,0.404,0.0,,0.985,0.717,56,4
slower_ai,264,305,,920,0.398,0.0,,0.975,0.718,50,8
slower_ai,265,306,,910,0.406,0.0,,0.985,0.714,52,6
slower_ai,266,307,,930,0.362,0.0,,0.976,0.722,56,1
slower_ai,267,308,,920,0.36,0.0,,0.984,0.786,55,1
slower_ai,268,309,,930,0.385,0.0,,0.985,0.733,51,4
slower_ai,269,310,,950,0.372,0.0,,0.985,0.632,54,1
slower_ai,270,311,,930,0.405,0.0,,0.974,0.705,53,5
slower_ai,271,312,,950,0.374,0.0,,0.987,0.694,53,4
slower_ai,272,313,,930,0.398,0.0,,0.979,0.666,60,4
slower_ai,273,314,,920,0.405,0.0,,0.986,0.681,50,6
slower_ai,274,315,,930,0.401,0.0,,0.982,0.714,50,7
slower_ai,275,316,,900,0.406,0.0,,0.965,0.755,62,3
slower_ai,276,317,,920,0.373,0.0,,0.98,0.734,53,3
slower_ai,277,318,,920,0.394,0.0,,0.981,0.68,57,6
slower_ai,278,319,,930,0.381,0.0,,0.972,0.769,55,2
slower_ai,279,320,,920,0.365,0.0,,0.984,0.738,51,5
slower_ai,280,321,,910,0.4,0.0,,0.975,0.706,52,2
slower_ai,281,322,,930,0.39,0.0,,0.988,0.696,58,6
slower_ai,282,323,,930,0.377,0.0,,0.975,0.739,51,3
slower_ai,283,324,,940,0.393,0.0,,0.984,0.728,56,3
slower_ai,284,325,,940,0.37,0.0,,0.989,0.741,53,5
slower_ai,285,326,,930,0.39,0.0,,0.979,0.652,53,3
slower_ai,286,327,,940,0.415,0.0,,0.981,0.702,56,4
slower_ai,287,328,,920,0.391,0.0,,0.983,0.748,59,3
slower_ai,288,329,,940,0.361,0.0,,0.985,0.68,55,4
slower_ai,289,330,,930,0.348,0.0,,0.969,0.756,51,5
slower_ai,290,331,,920,0.376,0.0,,0.984,0.778,55,6
slower_ai,291,332,,930,0.402,0.0,,0.97,0.713,56,10
slower_ai,292,333,,960,0.37,0.0,,0.981,0.692,51,8
slower_ai,293,334,,930,0.392,0.0,,0.986,0.736,50,6
slower_ai,294,335,,910,0.417,0.0,,0.974,0.713,58,4
slower_ai,295,336,,930,0.373,0.0,,0.963,0.754,56,5
slower_ai,296,337,,910,0.401,0.0,,0.977,0.729,53,5
slower_ai,297,338,,910,0.394,0.0,,0.979,0.749,52,2
slower_ai,298,339,,920,0.403,0.0,,0.976,0.72,51,6
slower_ai,299,340,,940,0.373,0.0,,0.992,0.737,52,1
slower_ai,300,341,,940,0.359,0.0,,0.986,0.733,55,2
slower_ai,301,342,,910,0.429,0.0,,0.958,0.71,58,5
slower_ai,302,343,,950,0.35,0.0,,0.993,0.758,48,6
slower_ai,303,344,,930,0.37,0.0,,0.971,0.756,53,6
slower_ai,304,345,,920,0.375,0.0,,0.972,0.741,56,5
slower_ai,305,346,,920,0.386,0.0,,0.982,0.745,54,3
slower_ai,306,347,,920,0.405,0.0,,0.981,0.726,55,4
slower_ai,307,348,,940,0.378,0.0,,0.966,0.668,57,5
slower_ai,308,349,,930,0.423,0.0,,0.98,0.662,60,4
slower_ai,309,350,,910,0.384,0.0,,0.981,0.784,58,1
slower_ai,310,351,,910,0.404,0.0,,0.981,0.723,51,7
slower_ai,311,352,,920,0.404,0.0,,0.985,0.702,54,8
slower_ai,312,353,,930,0.376,0.0,,0.992,0.718,52,4
slower_ai,313,354,,920,0.398,0.0,,0.981,0.737,57,6
slower_ai,314,355,,940,0.336,0.0,,0.977,0.74,54,3
slower_ai,315,356,,940,0.367,0.0,,0.99,0.67,51,4
slower_ai,316,357,,920,0.385,0.0,,0.982,0.786,57,3
slower_ai,317,358,,950,0.391,0.0,,0.973,0.672,55,3
slower_ai,318,359,,910,0.391,0.0,,0.967,0.75,57,5
slower_ai,319,360,,930,0.405,0.0,,0.977,0.674,57,4
slower_ai,320,361,,940,0.396,0.0,,0.984,0.72,57,1
slower_ai,321,362,,910,0.403,0.0,,0.983,0.76,53,2
slower_ai,322,363,,930,0.389,0.0,,0.963,0.67,50,8
slower_ai,323,364,,940,0.366,0.0,,0.987,0.732,55,5
slower_ai,324,365,,920,0.408,0.0,,0.982,0.691,52,3
slower_ai,325,366,,960,0.389,0.0,,0.985,0.691,53,5
slower_ai,326,367,,920,0.419,0.0,,0.968,0.682,51,9
slower_ai,327,368,,930,0.372,0.0,,0.977,0.763,55,2
slower_ai,328,369,,940,0.391,0.0,,0.981,0.711,57,3
slower_ai,329,370,,940,0.393,0.0,,0.98,0.684,57,2
slower_ai,330,371,,950,0.364,0.0,,0.986,0.72,53,1
slower_ai,331,372,,940,0.409,0.0,,0.984,0.679,56,2
slower_ai,332,373,,930,0.401,0.0,,0.986,0.704,56,4
slower_ai,333,374,,960,0.411,0.0,,0.99,0.714,57,6
slower_ai,334,375,,930,0.385,0.0,,0.987,0.712,58,2
slower_ai,335,376,,930,0.403,0.0,,0.986,0.733,54,5
slower_ai,336,377,,920,0.422,0.0,,0.984,0.636,53,1
slower_ai,337,378,,930,0.377,0.0,,0.969,0.754,55,7
slower_ai,338,379,,940,0.39,0.0,,0.986,0.731,53,5
slower_ai,339,380,,930,0.402,0.0,,0.926,0.758,56,7
slower_ai,340,381,,930,0.409,0.0,,0.988,0.701,54,6
slower_ai,341,382,,930,0.382,0.0,,0.985,0.745,56,4
slower_ai,342,383,,910,0.378,0.0,,0.982,0.754,49,7
slower_ai,343,384,,920,0.36,0.0,,0.965,0.789,57,3
slower_ai,344,385,,920,0.39,0.0,,0.974,0.73,47,8
slower_ai,345,386,,930,0.378,0.0,,0.981,0.732,53,6
slower_ai,346,387,,920,0.388,0.0,,0.986,0.687,51,5
slower_ai,347,388,,940,0.399,0.0,,0.993,0.732,52,2
slower_ai,348,389,,930,0.406,0.0,,0.986,0.691,54,5
slower_ai,349,390,,950,0.379,0.0,,0.99,0.745,53,5
slower_ai,350,391,,930,0.381,0.0,,0.983,0.739,55,5
slower_ai,351,392,,920,0.38,0.0,,0.973,0.718,56,7
slower_ai,352,393,,910,0.395,0.0,,0.958,0.74,55,3
slower_ai,353,394,,910,0.373,0.0,,0.972,0.761,53,3
slower_ai,354,395,,930,0.41,0.0,,0.981,0.673,52,4
slower_ai,355,396,,940,0.387,0.0,,0.983,0.715,54,0
slower_ai,356,397,,950,0.392,0.0,,0.988,0.704,54,4
slower_ai,357,398,,930,0.39,0.0,,0.977,0.732,54,3
slower_ai,358,399,,930,0.388,0.0,,0.976,0.756,57,2
slower_ai,359,400,,920,0.37,0.0,,0.984,0.715,57,2
slower_ai,360,401,,950,0.367,0.0,,0.986,0.738,60,2
slower_ai,361,402,,900,0.384,0.0,,0.965,0.773,56,2
slower_ai,362,403,,970,0.332,0.0,,0.991,0.685,57,4
slower_ai,363,404,,930,0.376,0.0,,0.972,0.748,58,2
slower_ai,364,405,,940,0.345,0.0,,0.977,0.728,53,3
slower_ai,365,406,,920,0.395,0.0,,0.977,0.701,53,6
slower_ai,366,407,,920,0.369,0.0,,0.983,0.727,51,5
slower_ai,367,408,,920,0.372,0.0,,0.982,0.757,53,4
slower_ai,368,409,,930,0.407,0.0,,0.977,0.643,53,8
slower_ai,369,410,,910,0.393,0.0,,0.938,0.741,58,4
slower_ai,370,411,,940,0.343,0.0,,0.989,0.694,50,4
slower_ai,371,412,,920,0.405,0.0,,0.968,0.716,56,3
slower_ai,372,413,,950,0.35,0.0,,0.993,0.77,59,2
slower_ai,373,414,,910,0.398,0.0,,0.984,0.728,57,2
slower_ai,374,415,,930,0.404,0.0,,0.982,0.723,59,4
slower_ai,375,416,,940,0.362,0.0,,0.988,0.717,51,6
slower_ai,376,417,,930,0.387,0.0,,0.985,0.642,53,7
slower_ai,377,418,,930,0.395,0.0,,0.988,0.667,53,4
slower_ai,378,419,,930,0.413,0.0,,0.988,0.768,60,2
slower_ai,379,420,,930,0.382,0.0,,0.979,0.774,55,4
slower_ai,380,421,,940,0.398,0.0,,0.986,0.685,53,5
slower_ai,381,422,,940,0.397,0.0,,0.982,0.669,49,3
slower_ai,382,423,,910,0.41,0.0,,0.98,0.745,60,1
slower_ai,383,424,,930,0.395,0.0,,0.983,0.699,55,4
slower_ai,384,425,,940,0.369,0.0,,0.988,0.75,54,4
slower_ai,385,426,,940,0.42,0.0,,0.983,0.669,52,6
slower_ai,386,427,,930,0.393,0.0,,0.977,0.769,58,2
slower_ai,387,428,,940,0.389,0.0,,0.981,0.716,56,4
slower_ai,388,429,,920,0.412,0.0,,0.978,0.722,53,3
slower_ai,389,430,,930,0.435,0.0,,0.987,0.645,57,4
slower_ai,390,431,,940,0.392,0.0,,0.984,0.721,55,4
slower_ai,391,432,,950,0.392,0.0,,0.99,0.683,56,3
slower_ai,392,433,,960,0.402,0.0,,0.984,0.677,56,4
slower_ai,393,434,,930,0.369,0.0,,0.981,0.711,56,0
slower_ai,394,435,,910,0.408,0.0,,0.978,0.708,55,0
slower_ai,395,436,,930,0.366,0.0,,0.983,0.746,54,0
slower_ai,396,437,,910,0.42,0.0,,0.97,0.691,56,9
slower_ai,397,438,,940,0.384,0.0,,0.989,0.705,58,6
slower_ai,398,439,,930,0.383,0.0,,0.982,0.715,60,1
slower_ai,399,440,,960,0.349,0.0,,0.977,0.739,55,5
slower_ai,400,441,,910,0.387,0.0,,0.98,0.751,58,5
slower_ai,401,442,,910,0.403,0.0,,0.974,0.724,52,2
slower_ai,402,443,,920,0.378,0.0,,0.981,0.745,56,2
slower_ai,403,444,,930,0.382,0.0,,0.99,0.744,54,3
slower_ai,404,445,,920,0.409,0.0,,0.984,0.704,51,2
slower_ai,405,446,,930,0.384,0.0,,0.982,0.74,55,10
slower_ai,406,447,,920,0.391,0.0,,0.975,0.748,53,3
slower_ai,407,448,,950,0.382,0.0,,0.992,0.721,49,7
slower_ai,408,449,,920,0.36,0.0,,0.977,0.765,54,2
slower_ai,409,450,,910,0.395,0.0,,0.961,0.745,54,4
slower_ai,410,451,,920,0.386,0.0,,0.979,0.702,59,3
slower_ai,411,452,,910,0.393,0.0,,0.983,0.705,54,3
slower_ai,412,453,,920,0.388,0.0,,0.977,0.747,52,4
slower_ai,413,454,,930,0.368,0.0,,0.984,0.753,53,5
slower_ai,414,455,,930,0.4,0.0,,0.986,0.671,59,1
slower_ai,415,456,,910,0.393,0.0,,0.984,0.73,55,5
slower_ai,416,457,,900,0.408,0.0,,0.981,0.752,56,3
slower_ai,417,458,,920,0.371,0.0,,0.982,0.786,53,3
slower_ai,418,459,,940,0.376,0.0,,0.982,0.736,56,5
slower_ai,419,460,,940,0.405,0.0,,0.988,0.693,59,1
slower_ai,420,461,,940,0.402,0.0,,0.982,0.696,52,3
slower_ai,421,462,,920,0.374,0.0,,0.976,0.75,57,3
slower_ai,422,463,,920,0.378,0.0,,0.988,0.728,53,5
slower_ai,423,464,,910,0.42,0.0,,0.975,0.703,57,1
slower_ai,424,465,,920,0.338,0.0,,0.984,0.781,52,5
slower_ai,425,466,,910,0.411,0.0,,0.972,0.734,61,2
slower_ai,426,467,,920,0.372,0.0,,0.986,0.724,52,3
slower_ai,427,468,,930,0.411,0.0,,0.984,0.702,58,4
slower_ai,428,469,,940,0.385,0.0,,0.99,0.719,53,2
slower_ai,429,470,,920,0.393,0.0,,0.965,0.732,55,4
slower_ai,430,471,,950,0.364,0.0,,0.994,0.65,53,3
slower_ai,431,472,,960,0.348,0.0,,0.992,0.725,51,5
slower_ai,432,473,,940,0.392,0.0,,0.992,0.705,53,6
slower_ai,433,474,,910,0.407,0.0,,0.982,0.756,55,1
slower_ai,434,475,,940,0.365,0.0,,0.973,0.784,56,7
slower_ai,435,476,,920,0.402,0.0,,0.974,0.698,52,3
slower_ai,436,477,,920,0.416,0.0,,0.982,0.674,54,4
slower_ai,437,478,,910,0.41,0.0,,0.975,0.727,54,4
slower_ai,438,479,,920,0.401,0.0,,0.982,0.731,53,3
slower_ai,439,480,,910,0.427,0.0,,0.98,0.696,52,3
slower_ai,440,481,,930,0.393,0.0,,0.988,0.704,58,2
slower_ai,441,482,,930,0.399,0.0,,0.978,0.749,53,3
slower_ai,442,483,,910,0.383,0.0,,0.973,0.729,53,4
slower_ai,443,484,,920,0.407,0.0,,0.967,0.726,55,5
slower_ai,444,485,,930,0.409,0.0,,0.962,0.692,52,3
slower_ai,445,486,,930,0.374,0.0,,0.986,0.749,53,5
slower_ai,446,487,,930,0.381,0.0,,0.988,0.736,55,3
slower_ai,447,488,,920,0.371,0.0,,0.986,0.738,49,4
slower_ai,448,489,,930,0.388,0.0,,0.985,0.717,53,7
slower_ai,449,490,,940,0.393,0.0,,0.982,0.759,55,5
slower_ai,450,491,,920,0.424,0.0,,0.983,0.66,54,7
slower_ai,451,492,,920,0.391,0.0,,0.98,0.703,57,5
slower_ai,452,493,,940,0.402,0.0,,0.99,0.736,55,2
slower_ai,453,494,,930,0.396,0.0,,0.989,0.753,53,5
slower_ai,454,495,,930,0.376,0.0,,0.986,0.735,53,5
slower_ai,455,496,,920,0.408,0.0,,0.982,0.675,54,6
slower_ai,456,497,,930,0.361,0.0,,0.971,0.735,52,7
slower_ai,457,498,,920,0.393,0.0,,0.977,0.727,52,6
slower_ai,458,499,,930,0.361,0.0,,0.959,0.775,53,4
slower_ai,459,500,,940,0.366,0.0,,0.994,0.715,54,5
slower_ai,460,501,,940,0.364,0.0,,0.99,0.744,60,4
slower_ai,461,502,,920,0.4,0.0,,0.985,0.717,54,3
slower_ai,462,503,,930,0.399,0.0,,0.986,0.723,57,6
slower_ai,463,504,,910,0.383,0.0,,0.97,0.761,56,4
slower_ai,464,505,,920,0.401,0.0,,0.961,0.699,52,7
slower_ai,465,506,,930,0.365,0.0,,0.98,0.757,53,5
slower_ai,466,507,,920,0.376,0.0,,0.969,0.765,51,6
slower_ai,467,508,,940,0.397,0.0,,0.991,0.745,57,2
slower_ai,468,509,,930,0.379,0.0,,0.988,0.696,49,4
slower_ai,469,510,,920,0.386,0.0,,0.977,0.717,56,2
slower_ai,470,511,,920,0.398,0.0,,0.981,0.713,53,2
slower_ai,471,512,,920,0.413,0.0,,0.967,0.674,50,8
slower_ai,472,513,,930,0.377,0.0,,0.977,0.745,56,7
slower_ai,473,514,,950,0.395,0.0,,0.991,0.73,51,3
slower_ai,474,515,,930,0.399,0.0,,0.984,0.71,57,4
slower_ai,475,516,,920,0.381,0.0,,0.983,0.747,52,5
slower_ai,476,517,,910,0.395,0.0,,0.979,0.702,52,2
slower_ai,477,518,,930,0.376,0.0,,0.977,0.733,55,3
slower_ai,478,519,,930,0.391,0.0,,0.985,0.701,55,3
slower_ai,479,520,,910,0.386,0.0,,0.982,0.754,51,5
slower_ai,480,521,,920,0.393,0.0,,0.976,0.74,51,4
slower_ai,481,522,,920,0.386,0.0,,0.979,0.723,56,2
slower_ai,482,523,,920,0.393,0.0,,0.952,0.74,55,5
slower_ai,483,524,,910,0.383,0.0,,0.959,0.744,58,2
slower_ai,484,525,,920,0.398,0.0,,0.985,0.739,51,4
slower_ai,485,526,,940,0.412,0.0,,0.994,0.609,52,3
slower_ai,486,527,,930,0.409,0.0,,0.98,0.71,59,3
slower_ai,487,528,,940,0.395,0.0,,0.986,0.716,53,5
slower_ai,488,529,,920,0.398,0.0,,0.986,0.703,55,4
slower_ai,489,530,,920,0.401,0.0,,0.983,0.709,52,3
slower_ai,490,531,,910,0.391,0.0,,0.981,0.75,53,4
slower_ai,491,532,,930,0.41,0.0,,0.98,0.681,53,6
slower_ai,492,533,,920,0.403,0.0,,0.96,0.757,56,5
slower_ai,493,534,,910,0.404,0.0,,0.977,0.729,55,2
slower_ai,494,535,,920,0.397,0.0,,0.973,0.715,54,4
slower_ai,495,536,,910,0.363,0.0,,0.982,0.765,55,4
slower_ai,496,537,,930,0.405,0.0,,0.964,0.733,54,8
slower_ai,497,538,,910,0.393,0.0,,0.982,0.735,53,2
slower_ai,498,539,,920,0.407,0.0,,0.983,0.716,55,2
slower_ai,499,540,,930,0.406,0.0,,0.985,0.681,54,4
slower_ai,500,541,,940,0.371,0.0,,0.99,0.747,56,1
stronger_cooperation,1,42,,660,0.414,0.0,930,0.117,0.117,62,0
stronger_cooperation,2,43,,660,0.427,0.0,940,0.145,0.145,60,0
stronger_cooperation,3,44,,660,0.42,0.0,940,0.112,0.112,61,0
stronger_cooperation,4,45,,690,0.411,0.0,960,0.296,0.296,54,0
stronger_cooperation,5,46,,670,0.419,0.0,950,0.17,0.17,59,0
stronger_cooperation,6,47,,670,0.417,0.0,960,0.212,0.212,61,0
stronger_cooperation,7,48,,670,0.389,0.0,950,0.161,0.161,54,0
stronger_cooperation,8,49,,660,0.451,0.0,930,0.084,0.084,55,0
stronger_cooperation,9,50,,670,0.429,0.0,940,0.117,0.117,55,0
stronger_cooperation,10,51,,670,0.422,0.0,940,0.135,0.135,56,0
stronger_cooperation,11,52,,680,0.41,0.0,960,0.251,0.251,55,0
stronger_cooperation,12,53,,670,0.416,0.0,940,0.133,0.133,61,0
stronger_cooperation,13,54,,650,0.42,0.0,930,0.067,0.067,59,0
stronger_cooperation,14,55,,670,0.409,0.0,950,0.199,0.199,54,0
stronger_cooperation,15,56,,660,0.404,0.0,930,0.115,0.115,56,0
stronger_cooperation,16,57,,670,0.432,0.0,950,0.156,0.156,63,0
stronger_cooperation,17,58,,670,0.422,0.0,950,0.233,0.233,59,0
stronger_cooperation,18,59,,660,0.414,0.0,930,0.086,0.086,57,0
stronger_cooperation,19,60,,660,0.423,0.0,940,0.139,0.139,56,1
stronger_cooperation,20,61,,670,0.417,0.0,950,0.147,0.147,63,0
stronger_cooperation,21,62,,670,0.377,0.0,940,0.162,0.162,55,0
stronger_cooperation,22,63,,670,0.415,0.0,960,0.212,0.212,61,0
stronger_cooperation,23,64,,670,0.395,0.0,960,0.227,0.227,60,0
stronger_cooperation,24,65,,660,0.406,0.0,930,0.117,0.117,60,0
stronger_cooperation,25,66,,670,0.391,0.0,950,0.189,0.189,60,0
stronger_cooperation,26,67,,670,0.414,0.0,950,0.211,0.211,56,0
stronger_cooperation,27,68,,660,0.428,0.0,940,0.108,0.108,59,0
stronger_cooperation,28,69,,690,0.379,0.0,980,0.377,0.377,54,0
stronger_cooperation,29,70,,670,0.407,0.0,950,0.211,0.211,57,1
stronger_cooperation,30,71,,660,0.426,0.0,930,0.135,0.135,57,0
stronger_cooperation,31,72,,670,0.417,0.0,950,0.165,0.165,57,0
stronger_cooperation,32,73,,660,0.419,0.0,930,0.107,0.107,58,0
stronger_cooperation,33,74,,660,0.421,0.0,930,0.112,0.112,56,0
stronger_cooperation,34,75,,660,0.432,0.0,940,0.113,0.113,55,0
stronger_cooperation,35,76,,660,0.405,0.0,940,0.219,0.219,59,0
stronger_cooperation,36,77,,680,0.396,0.0,950,0.191,0.191,59,0
stronger_cooperation,37,78,,660,0.408,0.0,940,0.182,0.182,63,0
stronger_cooperation,38,79,,670,0.434,0.0,950,0.196,0.196,61,0
stronger_cooperation,39,80,,700,0.432,0.0,980,0.376,0.376,65,0
stronger_cooperation,40,81,,660,0.431,0.0,930,0.079,0.079,63,0
stronger_cooperation,41,82,,660,0.432,0.0,930,0.12,0.12,57,0
stronger_cooperation,42,83,,680,0.412,0.0,950,0.207,0.207,57,0
stronger_cooperation,43,84,,660,0.432,0.0,940,0.14,0.14,60,0
stronger_cooperation,44,85,,670,0.423,0.0,940,0.157,0.157,60,0
stronger_cooperation,45,86,,680,0.373,0.0,950,0.215,0.215,62,0
stronger_cooperation,46,87,,660,0.402,0.0,930,0.104,0.104,56,0
stronger_cooperation,47,88,,660,0.424,0.0,940,0.129,0.129,59,0
stronger_cooperation,48,89,,670,0.429,0.0,950,0.16,0.16,55,0
stronger_cooperation,49,90,,690,0.391,0.0,970,0.306,0.306,56,0
stronger_cooperation,50,91,,680,0.396,0.0,950,0.251,0.251,58,0
stronger_cooperation,51,92,,680,0.392,0.0,950,0.198,0.198,54,0
stronger_cooperation,52,93,,680,0.394,0.0,950,0.209,0.209,59,0
stronger_cooperation,53,94,,670,0.432,0.0,950,0.164,0.164,65,0
stronger_cooperation,54,95,,690,0.386,0.0,970,0.305,0.305,58,0
stronger_cooperation,55,96,,650,0.418,0.0,930,0.067,0.067,55,0
stronger_cooperation,56,97,,660,0.441,0.0,940,0.146,0.146,59,0
stronger_cooperation,57,98,,660,0.42,0.0,950,0.143,0.143,59,0
stronger_cooperation,58,99,,670,0.388,0.0,950,0.168,0.168,57,0
stronger_cooperation,59,100,,670,0.404,0.0,950,0.178,0.178,55,0
stronger_cooperation,60,101,,670,0.413,0.0,950,0.216,0.216,56,0
stronger_cooperation,61,102,,680,0.379,0.0,960,0.229,0.229,57,0
stronger_cooperation,62,103,,700,0.364,0.0,980,0.345,0.345,56,0
stronger_cooperation,63,104,,670,0.413,0.0,940,0.168,0.168,52,0
stronger_cooperation,64,105,,670,0.421,0.0,950,0.157,0.157,57,0
stronger_cooperation,65,106,,670,0.416,0.0,950,0.223,0.223,58,0
stronger_cooperation,66,107,,650,0.453,0.0,930,0.075,0.075,59,0
stronger_cooperation,67,108,,660,0.417,0.0,940,0.152,0.152,60,0
stronger_cooperation,68,109,,660,0.442,0.0,930,0.168,0.168,58,0
stronger_cooperation,69,110,,670,0.384,0.0,940,0.181,0.181,60,0
stronger_cooperation,70,111,,660,0.432,0.0,940,0.203,0.203,58,0
stronger_cooperation,71,112,,680,0.415,0.0,970,0.364,0.364,53,0
stronger_cooperation,72,113,,660,0.42,0.0,950,0.169,0.169,59,0
stronger_cooperation,73,114,,670,0.43,0.0,950,0.256,0.256,57,0
stronger_cooperation,74,115,,660,0.43,0.0,930,0.148,0.148,57,0
stronger_cooperation,75,116,,680,0.415,0.0,960,0.24,0.24,59,0
stronger_cooperation,76,117,,680,0.407,0.0,950,0.151,0.151,63,0
stronger_cooperation,77,118,,670,0.429,0.0,950,0.222,0.222,61,0
stronger_cooperation,78,119,,660,0.426,0.0,940,0.173,0.173,59,0
stronger_cooperation,79,120,,680,0.409,0.0,960,0.276,0.276,57,0
stronger_cooperation,80,121,,660,0.433,0.0,940,0.111,0.111,58,0
stronger_cooperation,81,122,,670,0.389,0.0,950,0.179,0.179,58,0
stronger_cooperation,82,123,,670,0.419,0.0,950,0.195,0.195,55,0
stronger_cooperation,83,124,,660,0.398,0.0,940,0.192,0.192,54,0
stronger_cooperation,84,125,,670,0.398,0.0,950,0.182,0.182,59,0
stronger_cooperation,85,126,,660,0.409,0.0,930,0.063,0.063,62,0
stronger_cooperation,86,127,,670,0.411,0.0,950,0.202,0.202,61,0
stronger_cooperation,87,128,,670,0.399,0.0,940,0.132,0.132,62,0
stronger_cooperation,88,129,,670,0.428,0.0,960,0.262,0.262,60,0
stronger_cooperation,89,130,,660,0.407,0.0,940,0.124,0.124,60,0
stronger_cooperation,90,131,,660,0.427,0.0,930,0.078,0.078,56,0
stronger_cooperation,91,132,,670,0.419,0.0,950,0.187,0.187,53,0
stronger_cooperation,92,133,,660,0.414,0.0,930,0.092,0.092,61,0
stronger_cooperation,93,134,,660,0.391,0.0,940,0.139,0.139,57,0
stronger_cooperation,94,135,,660,0.425,0.0,930,0.115,0.115,60,0
stronger_cooperation,95,136,,650,0.429,0.0,930,0.087,0.087,59,0
stronger_cooperation,96,137,,670,0.424,0.0,950,0.151,0.151,54,0
stronger_cooperation,97,138,,670,0.413,0.0,960,0.219,0.219,64,0
stronger_cooperation,98,139,,660,0.433,0.0,940,0.158,0.158,56,0
stronger_cooperation,99,140,,660,0.424,0.0,940,0.207,0.207,59,0
stronger_cooperation,100,141,,670,0.405,0.0,950,0.187,0.187,60,0
stronger_cooperation,101,142,,670,0.405,0.0,950,0.195,0.195,60,0
stronger_cooperation,102,143,,670,0.42,0.0,940,0.154,0.154,56,0
stronger_cooperation,103,144,,670,0.422,0.0,950,0.224,0.224,67,0
stronger_cooperation,104,145,,680,0.426,0.0,960,0.227,0.227,54,0
stronger_cooperation,105,146,,660,0.42,0.0,950,0.19,0.19,58,0
stronger_cooperation,106,147,,660,0.423,0.0,930,0.164,0.164,56,0
stronger_cooperation,107,148,,660,0.433,0.0,930,0.066,0.066,60,0
stronger_cooperation,108,149,,670,0.412,0.0,940,0.145,0.145,58,0
stronger_cooperation,109,150,,670,0.399,0.0,940,0.178,0.178,58,0
stronger_cooperation,110,151,,660,0.413,0.0,940,0.144,0.144,60,0
stronger_cooperation,111,152,,680,0.41,0.0,960,0.242,0.242,59,0
stronger_cooperation,112,153,,680,0.4,0.0,950,0.189,0.189,55,0
stronger_cooperation,113,154,,670,0.419,0.0,940,0.161,0.161,54,0
stronger_cooperation,114,155,,670,0.428,0.0,940,0.172,0.172,60,0
stronger_cooperation,115,156,,680,0.403,0.0,960,0.206,0.206,59,0
stronger_cooperation,116,157,,670,0.415,0.0,950,0.216,0.216,58,0
stronger_cooperation,117,158,,650,0.434,0.0,940,0.141,0.141,57,0
stronger_cooperation,118,159,,660,0.416,0.0,930,0.076,0.076,57,0
stronger_cooperation,119,160,,670,0.427,0.0,950,0.169,0.169,59,0
stronger_cooperation,120,161,,660,0.424,0.0,940,0.192,0.192,57,0
stronger_cooperation,121,162,,680,0.377,0.0,950,0.212,0.212,53,0
stronger_cooperation,122,163,,670,0.413,0.0,950,0.233,0.233,56,0
stronger_cooperation,123,164,,660,0.442,0.0,940,0.135,0.135,63,0
stronger_cooperation,124,165,,690,0.393,0.0,960,0.268,0.268,56,0
stronger_cooperation,125,166,,660,0.423,0.0,940,0.162,0.162,55,0
stronger_cooperation,126,167,,670,0.42,0.0,940,0.155,0.155,65,0
stronger_cooperation,127,168,,660,0.419,0.0,930,0.104,0.104,61,0
stronger_cooperation,128,169,,650,0.412,0.0,930,0.084,0.084,60,0
stronger_cooperation,129,170,,680,0.428,0.0,960,0.242,0.242,59,0
stronger_cooperation,130,171,,660,0.427,0.0,940,0.128,0.128,56,0
stronger_cooperation,131,172,,660,0.432,0.0,940,0.144,0.144,62,0
stronger_cooperation,132,173,,670,0.399,0.0,940,0.128,0.128,58,0
stronger_cooperation,133,174,,670,0.42,0.0,950,0.187,0.187,57,0
stronger_cooperation,134,175,,680,0.411,0.0,950,0.176,0.176,57,0
stronger_cooperation,135,176,,670,0.437,0.0,950,0.199,0.199,59,0
stronger_cooperation,136,177,,650,0.409,0.0,930,0.118,0.118,57,0
stronger_cooperation,137,178,,660,0.399,0.0,940,0.141,0.141,55,0
stronger_cooperation,138,179,,660,0.427,0.0,940,0.165,0.165,58,0
stronger_cooperation,139,180,,680,0.427,0.0,960,0.248,0.248,56,0
stronger_cooperation,140,181,,660,0.422,0.0,940,0.115,0.115,58,0
stronger_cooperation,141,182,,710,0.38,0.0,980,0.386,0.386,55,0
stronger_cooperation,142,183,,680,0.408,0.0,960,0.222,0.222,58,0
stronger_cooperation,143,184,,690,0.405,0.0,960,0.264,0.264,59,0
stronger_cooperation,144,185,,670,0.413,0.0,950,0.181,0.181,59,0
stronger_cooperation,145,186,,680,0.389,0.0,970,0.29,0.29,56,0
stronger_cooperation,146,187,,670,0.394,0.0,940,0.168,0.168,56,0
stronger_cooperation,147,188,,670,0.424,0.0,940,0.144,0.144,58,0
stronger_cooperation,148,189,,670,0.421,0.0,950,0.158,0.158,59,0
stronger_cooperation,149,190,,650,0.421,0.0,920,0.053,0.053,53,0
stronger_cooperation,150,191,,660,0.426,0.0,930,0.096,0.096,57,0
stronger_cooperation,151,192,,680,0.406,0.0,960,0.25,0.25,56,0
stronger_cooperation,152,193,,670,0.414,0.0,960,0.242,0.242,56,0
stronger_cooperation,153,194,,660,0.427,0.0,930,0.091,0.091,60,0
stronger_cooperation,154,195,,670,0.429,0.0,950,0.199,0.199,64,0
stronger_cooperation,155,196,,660,0.429,0.0,940,0.175,0.175,54,0
stronger_cooperation,156,197,,670,0.418,0.0,950,0.224,0.224,55,0
stronger_cooperation,157,198,,700,0.422,0.0,960,0.277,0.277,57,0
stronger_cooperation,158,199,,660,0.425,0.0,940,0.175,0.175,59,0
stronger_cooperation,159,200,,680,0.408,0.0,950,0.169,0.169,63,0
stronger_cooperation,160,201,,680,0.38,0.0,950,0.221,0.221,62,0
stronger_cooperation,161,202,,660,0.409,0.0,940,0.102,0.102,56,0
stronger_cooperation,162,203,,680,0.425,0.0,960,0.3,0.3,58,0
stronger_cooperation,163,204,,660,0.438,0.0,950,0.181,0.181,62,0
stronger_cooperation,164,205,,660,0.412,0.0,930,0.108,0.108,56,0
stronger_cooperation,165,206,,660,0.417,0.0,940,0.113,0.113,64,0
stronger_cooperation,166,207,,660,0.433,0.0,940,0.167,0.167,60,0
stronger_cooperation,167,208,,660,0.434,0.0,940,0.118,0.118,59,0
stronger_cooperation,168,209,,660,0.43,0.0,930,0.123,0.123,58,0
stronger_cooperation,169,210,,670,0.398,0.0,940,0.163,0.163,59,0
stronger_cooperation,170,211,,660,0.407,0.0,950,0.147,0.147,60,0
stronger_cooperation,171,212,,660,0.447,0.0,940,0.095,0.095,61,0
stronger_cooperation,172,213,,660,0.43,0.0,940,0.141,0.141,60,0
stronger_cooperation,173,214,,650,0.416,0.0,920,0.096,0.096,60,0
stronger_cooperation,174,215,,660,0.427,0.0,950,0.141,0.141,57,0
stronger_cooperation,175,216,,660,0.425,0.0,940,0.162,0.162,55,0
stronger_cooperation,176,217,,680,0.382,0.0,960,0.194,0.194,57,0
stronger_cooperation,177,218,,660,0.411,0.0,940,0.145,0.145,55,0
stronger_cooperation,178,219,,660,0.433,0.0,940,0.147,0.147,59,0
stronger_cooperation,179,220,,670,0.388,0.0,950,0.171,0.171,57,0
stronger_cooperation,180,221,,660,0.421,0.0,940,0.135,0.135,53,0
stronger_cooperation,181,222,,670,0.41,0.0,950,0.165,0.165,62,0
stronger_cooperation,182,223,,670,0.415,0.0,950,0.177,0.177,57,0
stronger_cooperation,183,224,,660,0.434,0.0,930,0.103,0.103,58,0
stronger_cooperation,184,225,,690,0.373,0.0,970,0.319,0.319,59,0
stronger_cooperation,185,226,,680,0.406,0.0,970,0.285,0.285,55,0
stronger_cooperation,186,227,,660,0.421,0.0,940,0.119,0.119,60,0
stronger_cooperation,187,228,,660,0.414,0.0,940,0.141,0.141,59,0
stronger_cooperation,188,229,,660,0.433,0.0,940,0.097,0.097,54,0
stronger_cooperation,189,230,,670,0.415,0.0,940,0.125,0.125,56,0
stronger_cooperation,190,231,,660,0.444,0.0,940,0.121,0.121,61,0
stronger_cooperation,191,232,,680,0.422,0.0,960,0.223,0.223,55,0
stronger_cooperation,192,233,,660,0.429,0.0,930,0.123,0.123,62,0
stronger_cooperation,193,234,,660,0.393,0.0,940,0.127,0.127,53,0
stronger_cooperation,194,235,,660,0.418,0.0,930,0.088,0.088,60,0
stronger_cooperation,195,236,,660,0.423,0.0,950,0.203,0.203,60,0
stronger_cooperation,196,237,,660,0.421,0.0,940,0.132,0.132,55,0
stronger_cooperation,197,238,,660,0.418,0.0,950,0.144,0.144,58,0
stronger_cooperation,198,239,,660,0.417,0.0,940,0.137,0.137,57,0
stronger_cooperation,199,240,,690,0.385,0.0,980,0.348,0.348,57,0
stronger_cooperation,200,241,,660,0.438,0.0,930,0.104,0.104,58,1
stronger_cooperation,201,242,,660,0.431,0.0,930,0.092,0.092,60,0
stronger_cooperation,202,243,,670,0.384,0.0,950,0.188,0.188,58,0
stronger_cooperation,203,244,,670,0.426,0.0,950,0.157,0.157,56,1
stronger_cooperation,204,245,,670,0.405,0.0,960,0.257,0.257,63,0
stronger_cooperation,205,246,,690,0.418,0.0,970,0.317,0.317,60,0
stronger_cooperation,206,247,,670,0.394,0.0,950,0.197,0.197,58,0
stronger_cooperation,207,248,,670,0.434,0.0,970,0.274,0.274,61,0
stronger_cooperation,208,249,,670,0.422,0.0,950,0.172,0.172,57,0
stronger_cooperation,209,250,,680,0.4,0.0,970,0.297,0.297,57,0
stronger_cooperation,210,251,,680,0.381,0.0,960,0.286,0.286,58,0
stronger_cooperation,211,252,,680,0.412,0.0,950,0.27,0.27,60,0
stronger_cooperation,212,253,,670,0.426,0.0,950,0.176,0.176,59,0
stronger_cooperation,213,254,,660,0.427,0.0,930,0.095,0.095,61,0
stronger_cooperation,214,255,,650,0.438,0.0,930,0.08,0.08,54,0
stronger_cooperation,215,256,,680,0.389,0.0,950,0.17,0.17,57,0
stronger_cooperation,216,257,,660,0.43,0.0,940,0.156,0.156,60,0
stronger_cooperation,217,258,,680,0.384,0.0,960,0.303,0.303,55,0
stronger_cooperation,218,259,,660,0.386,0.0,950,0.213,0.213,55,0
stronger_cooperation,219,260,,680,0.415,0.0,940,0.188,0.188,66,0
stronger_cooperation,220,261,,670,0.4,0.0,960,0.22,0.22,59,0
stronger_cooperation,221,262,,680,0.411,0.0,960,0.284,0.284,58,0
stronger_cooperation,222,263,,670,0.408,0.0,960,0.244,0.244,59,0
stronger_cooperation,223,264,,670,0.388,0.0,940,0.134,0.134,57,0
stronger_cooperation,224,265,,660,0.433,0.0,940,0.098,0.098,60,0
stronger_cooperation,225,266,,660,0.403,0.0,930,0.114,0.114,58,0
stronger_cooperation,226,267,,660,0.412,0.0,930,0.137,0.137,56,0
stronger_cooperation,227,268,,660,0.402,0.0,940,0.102,0.102,57,0
stronger_cooperation,228,269,,660,0.413,0.0,940,0.126,0.126,62,0
stronger_cooperation,229,270,,680,0.399,0.0,960,0.219,0.219,59,0
stronger_cooperation,230,271,,680,0.414,0.0,950,0.204,0.204,54,0
stronger_cooperation,231,272,,670,0.424,0.0,950,0.149,0.149,58,0
stronger_cooperation,232,273,,660,0.447,0.0,940,0.138,0.138,67,0
stronger_cooperation,233,274,,660,0.394,0.0,940,0.131,0.131,59,0
stronger_cooperation,234,275,,660,0.421,0.0,940,0.154,0.154,56,0
stronger_cooperation,235,276,,660,0.421,0.0,940,0.112,0.112,57,0
stronger_cooperation,236,277,,650,0.444,0.0,930,0.086,0.086,61,0
stronger_cooperation,237,278,,680,0.414,0.0,960,0.234,0.234,59,0
stronger_cooperation,238,279,,660,0.426,0.0,940,0.183,0.183,67,0
stronger_cooperation,239,280,,660,0.419,0.0,940,0.186,0.186,57,0
stronger_cooperation,240,281,,670,0.411,0.0,950,0.182,0.182,58,0
stronger_cooperation,241,282,,680,0.428,0.0,960,0.251,0.251,52,0
stronger_cooperation,242,283,,670,0.396,0.0,950,0.154,0.154,58,0
stronger_cooperation,243,284,,700,0.402,0.0,970,0.332,0.332,59,0
stronger_cooperation,244,285,,670,0.404,0.0,960,0.26,0.26,57,0
stronger_cooperation,245,286,,680,0.41,0.0,960,0.247,0.247,57,0
stronger_cooperation,246,287,,660,0.424,0.0,950,0.145,0.145,56,0
stronger_cooperation,247,288,,680,0.422,0.0,960,0.233,0.233,58,0
stronger_cooperation,248,289,,680,0.396,0.0,950,0.182,0.182,56,0
stronger_cooperation,249,290,,660,0.422,0.0,940,0.095,0.095,57,0
stronger_cooperation,250,291,,690,0.412,0.0,980,0.39,0.39,64,0
stronger_cooperation,251,292,,660,0.435,0.0,940,0.113,0.113,61,0
stronger_cooperation,252,293,,670,0.426,0.0,950,0.171,0.171,56,0
stronger_cooperation,253,294,,680,0.385,0.0,960,0.331,0.331,56,0
stronger_cooperation,254,295,,670,0.388,0.0,940,0.161,0.161,57,0
stronger_cooperation,255,296,,650,0.43,0.0,930,0.117,0.117,58,0
stronger_cooperation,256,297,,680,0.377,0.0,950,0.199,0.199,55,0
stronger_cooperation,257,298,,660,0.436,0.0,930,0.141,0.141,62,0
stronger_cooperation,258,299,,680,0.403,0.0,960,0.229,0.229,60,0
stronger_cooperation,259,300,,670,0.421,0.0,940,0.158,0.158,57,0
stronger_cooperation,260,301,,660,0.44,0.0,940,0.149,0.149,58,0
stronger_cooperation,261,302,,660,0.391,0.0,940,0.099,0.099,58,0
stronger_cooperation,262,303,,680,0.402,0.0,960,0.232,0.232,56,0
stronger_cooperation,263,304,,670,0.392,0.0,950,0.199,0.199,59,0
stronger_cooperation,264,305,,670,0.429,0.0,940,0.175,0.175,55,0
stronger_cooperation,265,306,,670,0.421,0.0,940,0.135,0.135,60,0
stronger_cooperation,266,307,,670,0.395,0.0,940,0.186,0.186,52,0
stronger_cooperation,267,308,,650,0.408,0.0,940,0.133,0.133,56,0
stronger_cooperation,268,309,,670,0.388,0.0,950,0.206,0.206,53,0
stronger_cooperation,269,310,,670,0.41,0.0,950,0.221,0.221,61,0
stronger_cooperation,270,311,,660,0.423,0.0,940,0.16,0.16,54,0
stronger_cooperation,271,312,,670,0.425,0.0,940,0.133,0.133,57,0
stronger_cooperation,272,313,,680,0.399,0.0,960,0.249,0.249,55,0
stronger_cooperation,273,314,,660,0.408,0.0,940,0.122,0.122,61,0
stronger_cooperation,274,315,,660,0.423,0.0,940,0.122,0.122,59,0
stronger_cooperation,275,316,,670,0.395,0.0,950,0.184,0.184,57,0
stronger_cooperation,276,317,,660,0.41,0.0,930,0.106,0.106,56,0
stronger_cooperation,277,318,,660,0.439,0.0,930,0.117,0.117,61,0
stronger_cooperation,278,319,,660,0.421,0.0,930,0.139,0.139,58,0
stronger_cooperation,279,320,,660,0.415,0.0,950,0.18,0.18,54,0
stronger_cooperation,280,321,,680,0.4,0.0,960,0.258,0.258,62,0
stronger_cooperation,281,322,,680,0.412,0.0,960,0.31,0.31,58,0
stronger_cooperation,282,323,,680,0.418,0.0,960,0.221,0.221,58,0
stronger_cooperation,283,324,,670,0.407,0.0,950,0.216,0.216,57,0
stronger_cooperation,284,325,,660,0.424,0.0,930,0.088,0.088,60,0
stronger_cooperation,285,326,,670,0.397,0.0,950,0.248,0.248,57,0
stronger_cooperation,286,327,,670,0.427,0.0,940,0.186,0.186,63,0
stronger_cooperation,287,328,,670,0.408,0.0,940,0.129,0.129,53,0
stronger_cooperation,288,329,,680,0.404,0.0,960,0.279,0.279,62,0
stronger_cooperation,289,330,,660,0.4,0.0,940,0.097,0.097,58,0
stronger_cooperation,290,331,,660,0.41,0.0,940,0.138,0.138,59,0
stronger_cooperation,291,332,,670,0.381,0.0,950,0.216,0.216,55,0
stronger_cooperation,292,333,,660,0.409,0.0,940,0.142,0.142,55,0
stronger_cooperation,293,334,,650,0.43,0.0,930,0.099,0.099,56,0
stronger_cooperation,294,335,,660,0.428,0.0,940,0.162,0.162,56,0
stronger_cooperation,295,336,,650,0.427,0.0,930,0.094,0.094,56,1
stronger_cooperation,296,337,,650,0.445,0.0,930,0.112,0.112,58,0
stronger_cooperation,297,338,,660,0.417,0.0,930,0.068,0.068,56,0
stronger_cooperation,298,339,,670,0.399,0.0,950,0.216,0.216,59,0
stronger_cooperation,299,340,,660,0.417,0.0,930,0.077,0.077,53,0
stronger_cooperation,300,341,,670,0.398,0.0,940,0.128,0.128,56,0
stronger_cooperation,301,342,,660,0.439,0.0,940,0.162,0.162,59,1
stronger_cooperation,302,343,,660,0.421,0.0,930,0.082,0.082,60,0
stronger_cooperation,303,344,,670,0.431,0.0,940,0.135,0.135,54,0
stronger_cooperation,304,345,,670,0.401,0.0,950,0.172,0.172,55,0
stronger_cooperation,305,346,,670,0.411,0.0,950,0.194,0.194,58,0
stronger_cooperation,306,347,,660,0.421,0.0,940,0.096,0.096,62,0
stronger_cooperation,307,348,,660,0.397,0.0,950,0.175,0.175,56,0
stronger_cooperation,308,349,,670,0.415,0.0,950,0.209,0.209,60,0
stronger_cooperation,309,350,,660,0.413,0.0,940,0.11,0.11,54,0
stronger_cooperation,310,351,,660,0.422,0.0,930,0.07,0.07,51,0
stronger_cooperation,311,352,,680,0.393,0.0,960,0.212,0.212,61,0
stronger_cooperation,312,353,,690,0.405,0.0,970,0.268,0.268,61,0
stronger_cooperation,313,354,,670,0.404,0.0,950,0.174,0.174,58,0
stronger_cooperation,314,355,,690,0.359,0.0,960,0.268,0.268,61,0
stronger_cooperation,315,356,,660,0.427,0.0,940,0.117,0.117,59,0
stronger_cooperation,316,357,,670,0.386,0.0,950,0.224,0.224,55,0
stronger_cooperation,317,358,,670,0.424,0.0,940,0.116,0.116,58,0
stronger_cooperation,318,359,,680,0.389,0.0,950,0.218,0.218,54,0
stronger_cooperation,319,360,,660,0.42,0.0,930,0.091,0.091,64,0
stronger_cooperation,320,361,,670,0.421,0.0,960,0.229,0.229,59,0
stronger_cooperation,321,362,,670,0.421,0.0,940,0.139,0.139,60,0
stronger_cooperation,322,363,,680,0.42,0.0,960,0.219,0.219,56,0
stronger_cooperation,323,364,,680,0.4,0.0,960,0.315,0.315,55,0
stronger_cooperation,324,365,,660,0.419,0.0,930,0.091,0.091,55,0
stronger_cooperation,325,366,,680,0.421,0.0,960,0.274,0.274,56,0
stronger_cooperation,326,367,,670,0.445,0.0,940,0.168,0.168,63,0
stronger_cooperation,327,368,,660,0.412,0.0,930,0.127,0.127,57,0
stronger_cooperation,328,369,,670,0.42,0.0,950,0.152,0.152,59,0
stronger_cooperation,329,370,,670,0.399,0.0,950,0.195,0.195,54,0
stronger_cooperation,330,371,,680,0.373,0.0,950,0.205,0.205,56,0
stronger_cooperation,331,372,,670,0.426,0.0,950,0.221,0.221,63,0
stronger_cooperation,332,373,,670,0.439,0.0,950,0.206,0.206,58,0
stronger_cooperation,333,374,,670,0.4,0.0,950,0.171,0.171,58,0
stronger_cooperation,334,375,,660,0.432,0.0,930,0.174,0.174,60,0
stronger_cooperation,335,376,,660,0.409,0.0,940,0.127,0.127,59,0
stronger_cooperation,336,377,,670,0.426,0.0,950,0.179,0.179,59,0
stronger_cooperation,337,378,,670,0.404,0.0,940,0.143,0.143,61,0
stronger_cooperation,338,379,,680,0.426,0.0,960,0.254,0.254,61,0
stronger_cooperation,339,380,,660,0.405,0.0,940,0.106,0.106,59,0
stronger_cooperation,340,381,,660,0.425,0.0,940,0.199,0.199,60,0
stronger_cooperation,341,382,,660,0.408,0.0,940,0.17,0.17,61,0
stronger_cooperation,342,383,,650,0.413,0.0,930,0.083,0.083,57,0
stronger_cooperation,343,384,,650,0.414,0.0,930,0.072,0.072,57,0
stronger_cooperation,344,385,,660,0.426,0.0,930,0.1,0.1,56,0
stronger_cooperation,345,386,,680,0.4,0.0,950,0.173,0.173,60,0
stronger_cooperation,346,387,,680,0.404,0.0,960,0.259,0.259,56,0
stronger_cooperation,347,388,,660,0.418,0.0,940,0.189,0.189,56,0
stronger_cooperation,348,389,,660,0.423,0.0,940,0.122,0.122,56,0
stronger_cooperation,349,390,,670,0.403,0.0,950,0.182,0.182,59,0
stronger_cooperation,350,391,,660,0.418,0.0,930,0.117,0.117,52,0
stronger_cooperation,351,392,,680,0.399,0.0,950,0.223,0.223,59,0
stronger_cooperation,352,393,,660,0.417,0.0,930,0.126,0.126,62,0
stronger_cooperation,353,394,,680,0.371,0.0,950,0.222,0.222,58,0
stronger_cooperation,354,395,,660,0.427,0.0,930,0.11,0.11,59,0
stronger_cooperation,355,396,,670,0.413,0.0,950,0.209,0.209,57,0
stronger_cooperation,356,397,,670,0.417,0.0,950,0.144,0.144,56,0
stronger_cooperation,357,398,,660,0.415,0.0,940,0.138,0.138,63,0
stronger_cooperation,358,399,,670,0.397,0.0,950,0.214,0.214,54,0
stronger_cooperation,359,400,,680,0.389,0.0,960,0.229,0.229,58,0
stronger_cooperation,360,401,,660,0.42,0.0,930,0.126,0.126,58,0
stronger_cooperation,361,402,,680,0.398,0.0,950,0.186,0.186,56,0
stronger_cooperation,362,403,,680,0.412,0.0,960,0.252,0.252,61,0
stronger_cooperation,363,404,,670,0.409,0.0,950,0.172,0.172,55,0
stronger_cooperation,364,405,,670,0.41,0.0,950,0.156,0.156,57,0
stronger_cooperation,365,406,,660,0.43,0.0,930,0.075,0.075,57,0
stronger_cooperation,366,407,,650,0.417,0.0,930,0.082,0.082,57,0
stronger_cooperation,367,408,,650,0.41,0.0,930,0.096,0.096,58,0
stronger_cooperation,368,409,,660,0.421,0.0,940,0.142,0.142,59,0
stronger_cooperation,369,410,,680,0.402,0.0,960,0.246,0.246,56,0
stronger_cooperation,370,411,,660,0.427,0.0,930,0.076,0.076,59,0
stronger_cooperation,371,412,,680,0.432,0.0,960,0.253,0.253,55,0
stronger_cooperation,372,413,,680,0.393,0.0,960,0.281,0.281,64,0
stronger_cooperation,373,414,,680,0.398,0.0,950,0.181,0.181,57,0
stronger_cooperation,374,415,,670,0.431,0.0,950,0.22,0.22,59,0
stronger_cooperation,375,416,,680,0.383,0.0,960,0.233,0.233,56,0
stronger_cooperation,376,417,,660,0.428,0.0,940,0.14,0.14,58,0
stronger_cooperation,377,418,,680,0.418,0.0,960,0.231,0.231,59,0
stronger_cooperation,378,419,,670,0.39,0.0,950,0.186,0.186,58,0
stronger_cooperation,379,420,,670,0.406,0.0,960,0.276,0.276,55,0
stronger_cooperation,380,421,,700,0.382,0.0,970,0.327,0.327,59,0
stronger_cooperation,381,422,,690,0.415,0.0,970,0.285,0.285,58,0
stronger_cooperation,382,423,,670,0.394,0.0,950,0.193,0.193,61,0
stronger_cooperation,383,424,,660,0.415,0.0,940,0.149,0.149,57,0
stronger_cooperation,384,425,,670,0.428,0.0,940,0.203,0.203,58,0
stronger_cooperation,385,426,,680,0.434,0.0,950,0.256,0.256,57,0
stronger_cooperation,386,427,,660,0.417,0.0,930,0.115,0.115,56,0
stronger_cooperation,387,428,,670,0.399,0.0,940,0.148,0.148,57,1
stronger_cooperation,388,429,,690,0.406,0.0,970,0.279,0.279,60,0
stronger_cooperation,389,430,,660,0.447,0.0,940,0.171,0.171,59,0
stronger_cooperation,390,431,,660,0.427,0.0,940,0.136,0.136,54,0
stronger_cooperation,391,432,,680,0.4,0.0,950,0.197,0.197,60,0
stronger_cooperation,392,433,,700,0.424,0.0,970,0.304,0.304,58,0
stronger_cooperation,393,434,,660,0.408,0.0,940,0.167,0.167,59,0
stronger_cooperation,394,435,,660,0.43,0.0,940,0.146,0.146,64,0
stronger_cooperation,395,436,,670,0.412,0.0,940,0.105,0.105,56,0
stronger_cooperation,396,437,,660,0.431,0.0,930,0.086,0.086,57,0
stronger_cooperation,397,438,,680,0.42,0.0,970,0.305,0.305,54,0
stronger_cooperation,398,439,,670,0.408,0.0,950,0.23,0.23,55,0
stronger_cooperation,399,440,,670,0.395,0.0,940,0.131,0.131,59,0
stronger_cooperation,400,441,,670,0.413,0.0,940,0.123,0.123,54,0
stronger_cooperation,401,442,,650,0.428,0.0,920,0.048,0.048,58,0
stronger_cooperation,402,443,,660,0.424,0.0,940,0.179,0.179,54,0
stronger_cooperation,403,444,,670,0.404,0.0,950,0.269,0.269,60,0
stronger_cooperation,404,445,,670,0.415,0.0,940,0.14,0.14,57,0
stronger_cooperation,405,446,,660,0.426,0.0,940,0.168,0.168,56,0
stronger_cooperation,406,447,,650,0.441,0.0,930,0.092,0.092,63,0
stronger_cooperation,407,448,,660,0.419,0.0,950,0.151,0.151,58,0
stronger_cooperation,408,449,,680,0.393,0.0,960,0.27,0.27,58,0
stronger_cooperation,409,450,,650,0.415,0.0,940,0.097,0.097,57,0
stronger_cooperation,410,451,,660,0.443,0.0,930,0.064,0.064,61,0
stronger_cooperation,411,452,,650,0.433,0.0,930,0.085,0.085,60,0
stronger_cooperation,412,453,,660,0.405,0.0,940,0.124,0.124,64,0
stronger_cooperation,413,454,,660,0.416,0.0,940,0.093,0.093,61,0
stronger_cooperation,414,455,,680,0.412,0.0,950,0.216,0.216,56,0
stronger_cooperation,415,456,,680,0.433,0.0,960,0.262,0.262,60,0
stronger_cooperation,416,457,,670,0.4,0.0,950,0.189,0.189,55,0
stronger_cooperation,417,458,,680,0.37,0.0,950,0.215,0.215,57,0
stronger_cooperation,418,459,,680,0.41,0.0,960,0.254,0.254,61,0
stronger_cooperation,419,460,,660,0.422,0.0,940,0.134,0.134,60,0
stronger_cooperation,420,461,,670,0.418,0.0,950,0.198,0.198,59,0
stronger_cooperation,421,462,,680,0.37,0.0,950,0.185,0.185,60,0
stronger_cooperation,422,463,,670,0.408,0.0,940,0.172,0.172,60,0
stronger_cooperation,423,464,,670,0.411,0.0,940,0.123,0.123,57,0
stronger_cooperation,424,465,,670,0.402,0.0,950,0.189,0.189,63,0
stronger_cooperation,425,466,,680,0.402,0.0,960,0.258,0.258,53,0
stronger_cooperation,426,467,,660,0.413,0.0,930,0.112,0.112,59,0
stronger_cooperation,427,468,,670,0.43,0.0,950,0.225,0.225,59,0
stronger_cooperation,428,469,,670,0.392,0.0,940,0.173,0.173,60,0
stronger_cooperation,429,470,,680,0.4,0.0,950,0.233,0.233,60,0
stronger_cooperation,430,471,,670,0.427,0.0,940,0.141,0.141,62,0
stronger_cooperation,431,472,,670,0.402,0.0,940,0.144,0.144,57,0
stronger_cooperation,432,473,,660,0.42,0.0,930,0.098,0.098,60,0
stronger_cooperation,433,474,,660,0.424,0.0,930,0.1,0.1,54,0
stronger_cooperation,434,475,,680,0.411,0.0,960,0.236,0.236,57,0
stronger_cooperation,435,476,,670,0.398,0.0,950,0.17,0.17,58,0
stronger_cooperation,436,477,,670,0.431,0.0,950,0.17,0.17,54,0
stronger_cooperation,437,478,,660,0.425,0.0,940,0.136,0.136,60,0
stronger_cooperation,438,479,,680,0.412,0.0,950,0.243,0.243,56,0
stronger_cooperation,439,480,,670,0.448,0.0,940,0.099,0.099,60,0
stronger_cooperation,440,481,,660,0.403,0.0,940,0.144,0.144,57,0
stronger_cooperation,441,482,,670,0.421,0.0,950,0.234,0.234,56,0
stronger_cooperation,442,483,,670,0.387,0.0,950,0.163,0.163,53,0
stronger_cooperation,443,484,,660,0.435,0.0,940,0.12,0.12,60,0
stronger_cooperation,444,485,,670,0.443,0.0,950,0.235,0.235,61,0
stronger_cooperation,445,486,,660,0.399,0.0,940,0.121,0.121,53,0
stronger_cooperation,446,487,,660,0.423,0.0,940,0.104,0.104,61,0
stronger_cooperation,447,488,,670,0.414,0.0,940,0.111,0.111,58,0
stronger_cooperation,448,489,,660,0.421,0.0,940,0.125,0.125,58,0
stronger_cooperation,449,490,,650,0.417,0.0,940,0.128,0.128,56,0
stronger_cooperation,450,491,,660,0.431,0.0,940,0.134,0.134,56,0
stronger_cooperation,451,492,,660,0.417,0.0,940,0.164,0.164,55,0
stronger_cooperation,452,493,,670,0.412,0.0,940,0.156,0.156,60,0
stronger_cooperation,453,494,,670,0.399,0.0,950,0.151,0.151,58,0
stronger_cooperation,454,495,,660,0.421,0.0,940,0.122,0.122,57,0
stronger_cooperation,455,496,,670,0.429,0.0,940,0.196,0.196,64,0
stronger_cooperation,456,497,,670,0.412,0.0,940,0.166,0.166,65,0
stronger_cooperation,457,498,,660,0.418,0.0,950,0.15,0.15,59,0
stronger_cooperation,458,499,,680,0.383,0.0,960,0.23,0.23,55,0
stronger_cooperation,459,500,,660,0.42,0.0,940,0.106,0.106,58,0
stronger_cooperation,460,501,,670,0.395,0.0,940,0.174,0.174,57,0
stronger_cooperation,461,502,,670,0.421,0.0,950,0.209,0.209,57,0
stronger_cooperation,462,503,,660,0.411,0.0,940,0.229,0.229,56,0
stronger_cooperation,463,504,,660,0.392,0.0,940,0.145,0.145,56,0
stronger_cooperation,464,505,,660,0.416,0.0,940,0.133,0.133,58,0
stronger_cooperation,465,506,,660,0.415,0.0,930,0.075,0.075,59,0
stronger_cooperation,466,507,,680,0.397,0.0,950,0.208,0.208,55,0
stronger_cooperation,467,508,,660,0.434,0.0,940,0.132,0.132,63,0
stronger_cooperation,468,509,,670,0.411,0.0,940,0.117,0.117,56,0
stronger_cooperation,469,510,,670,0.426,0.0,950,0.191,0.191,57,0
stronger_cooperation,470,511,,680,0.42,0.0,960,0.225,0.225,54,0
stronger_cooperation,471,512,,660,0.44,0.0,950,0.195,0.195,55,0
stronger_cooperation,472,513,,670,0.404,0.0,950,0.195,0.195,57,0
stronger_cooperation,473,514,,660,0.416,0.0,940,0.149,0.149,62,0
stronger_cooperation,474,515,,670,0.396,0.0,960,0.21,0.21,56,0
stronger_cooperation,475,516,,680,0.392,0.0,960,0.286,0.286,56,0
stronger_cooperation,476,517,,670,0.426,0.0,940,0.188,0.188,56,0
stronger_cooperation,477,518,,670,0.401,0.0,940,0.147,0.147,60,0
stronger_cooperation,478,519,,700,0.432,0.0,980,0.351,0.351,53,0
stronger_cooperation,479,520,,660,0.416,0.0,930,0.184,0.184,55,0
stronger_cooperation,480,521,,670,0.431,0.0,950,0.185,0.185,56,0
stronger_cooperation,481,522,,670,0.435,0.0,950,0.167,0.167,58,0
stronger_cooperation,482,523,,680,0.388,0.0,950,0.253,0.253,57,0
stronger_cooperation,483,524,,650,0.416,0.0,930,0.119,0.119,56,0
stronger_cooperation,484,525,,670,0.413,0.0,960,0.206,0.206,55,0
stronger_cooperation,485,526,,680,0.4,0.0,960,0.274,0.274,60,0
stronger_cooperation,486,527,,670,0.434,0.0,950,0.176,0.176,56,0
stronger_cooperation,487,528,,660,0.424,0.0,940,0.158,0.158,58,1
stronger_cooperation,488,529,,680,0.372,0.0,970,0.322,0.322,56,0
stronger_cooperation,489,530,,690,0.372,0.0,970,0.258,0.258,59,0
stronger_cooperation,490,531,,660,0.42,0.0,930,0.117,0.117,61,0
stronger_cooperation,491,532,,660,0.435,0.0,940,0.132,0.132,61,0
stronger_cooperation,492,533,,660,0.406,0.0,930,0.087,0.087,59,0
stronger_cooperation,493,534,,680,0.4,0.0,960,0.244,0.244,59,0
stronger_cooperation,494,535,,660,0.425,0.0,940,0.156,0.156,57,0
stronger_cooperation,495,536,,670,0.384,0.0,940,0.213,0.213,61,0
stronger_cooperation,496,537,,690,0.398,0.0,970,0.353,0.353,58,0
stronger_cooperation,497,538,,690,0.389,0.0,970,0.272,0.272,56,0
stronger_cooperation,498,539,,680,0.4,0.0,970,0.307,0.307,53,0
stronger_cooperation,499,540,,660,0.413,0.0,940,0.137,0.137,59,0
stronger_cooperation,500,541,,680,0.368,0.0,950,0.181,0.181,58,0
balanced_path,1,42,,860,0.478,0.0,,0.961,0.775,55,0
balanced_path,2,43,,860,0.483,0.0,,0.968,0.789,52,0
balanced_path,3,44,,860,0.475,0.0,,0.953,0.787,57,0
balanced_path,4,45,,880,0.464,0.0,,0.968,0.734,53,0
balanced_path,5,46,,850,0.466,0.0,,0.964,0.815,52,0
balanced_path,6,47,,860,0.475,0.0,,0.95,0.797,56,0
balanced_path,7,48,,860,0.441,0.0,,0.947,0.783,54,0
balanced_path,8,49,,850,0.508,0.0,,0.951,0.742,54,0
balanced_path,9,50,,860,0.484,0.0,,0.95,0.777,54,0
balanced_path,10,51,,860,0.477,0.0,,0.96,0.825,56,0
balanced_path,11,52,,870,0.464,0.0,,0.976,0.781,55,0
balanced_path,12,53,,860,0.472,0.0,,0.953,0.757,53,0
balanced_path,13,54,,850,0.476,0.0,,0.954,0.79,53,0
balanced_path,14,55,,860,0.464,0.0,,0.958,0.782,54,0
balanced_path,15,56,,860,0.459,0.0,,0.943,0.798,53,0
balanced_path,16,57,,860,0.488,0.0,,0.95,0.762,59,0
balanced_path,17,58,,860,0.477,0.0,,0.965,0.798,59,0
balanced_path,18,59,,860,0.471,0.0,,0.931,0.815,57,0
balanced_path,19,60,,850,0.479,0.0,,0.947,0.783,56,0
balanced_path,20,61,,860,0.473,0.0,,0.961,0.808,59,0
balanced_path,21,62,,870,0.427,0.0,,0.965,0.793,55,0
balanced_path,22,63,,880,0.459,0.0,,0.971,0.809,55,0
balanced_path,23,64,,870,0.442,0.0,,0.964,0.797,55,0
balanced_path,24,65,,850,0.461,0.0,,0.951,0.801,52,0
balanced_path,25,66,,870,0.437,0.0,,0.969,0.778,56,0
balanced_path,26,67,,870,0.466,0.0,,0.966,0.765,56,0
balanced_path,27,68,,850,0.484,0.0,,0.953,0.78,55,0
balanced_path,28,69,,890,0.425,0.0,,0.957,0.802,54,0
balanced_path,29,70,,860,0.455,0.0,,0.949,0.778,56,0
balanced_path,30,71,,850,0.481,0.0,,0.961,0.79,57,0
balanced_path,31,72,,870,0.433,0.0,,0.968,0.825,52,0
balanced_path,32,73,,850,0.474,0.0,,0.948,0.775,51,0
balanced_path,33,74,,860,0.477,0.0,,0.953,0.768,54,0
balanced_path,34,75,,870,0.464,0.0,,0.965,0.77,57,0
balanced_path,35,76,,860,0.46,0.0,,0.965,0.814,54,0
balanced_path,36,77,,870,0.441,0.0,,0.966,0.801,56,0
balanced_path,37,78,,860,0.461,0.0,,0.945,0.759,54,0
balanced_path,38,79,,860,0.491,0.0,,0.956,0.76,59,0
balanced_path,39,80,,890,0.486,0.0,,0.968,0.791,63,0
balanced_path,40,81,,850,0.489,0.0,,0.954,0.771,55,0
balanced_path,41,82,,850,0.489,0.0,,0.968,0.762,52,0
balanced_path,42,83,,860,0.462,0.0,,0.967,0.742,52,0
balanced_path,43,84,,850,0.49,0.0,,0.957,0.787,56,0
balanced_path,44,85,,860,0.479,0.0,,0.966,0.77,54,0
balanced_path,45,86,,870,0.429,0.0,,0.961,0.794,56,0
balanced_path,46,87,,860,0.457,0.0,,0.953,0.812,53,0
balanced_path,47,88,,860,0.491,0.0,,0.967,0.772,55,0
balanced_path,48,89,,860,0.485,0.0,,0.955,0.778,58,0
balanced_path,49,90,,880,0.44,0.0,,0.958,0.799,54,0
balanced_path,50,91,,870,0.448,0.0,,0.969,0.807,55,0
balanced_path,51,92,,870,0.444,0.0,,0.965,0.801,54,0
balanced_path,52,93,,870,0.442,0.0,,0.966,0.791,54,0
balanced_path,53,94,,860,0.49,0.0,,0.95,0.765,61,0
balanced_path,54,95,,880,0.435,0.0,,0.966,0.784,55,0
balanced_path,55,96,,850,0.473,0.0,,0.96,0.78,54,0
balanced_path,56,97,,850,0.497,0.0,,0.944,0.778,58,0
balanced_path,57,98,,850,0.474,0.0,,0.959,0.791,53,0
balanced_path,58,99,,860,0.438,0.0,,0.953,0.82,54,0
balanced_path,59,100,,870,0.455,0.0,,0.955,0.781,54,0
balanced_path,60,101,,870,0.465,0.0,,0.966,0.778,52,0
balanced_path,61,102,,880,0.424,0.0,,0.965,0.801,55,0
balanced_path,62,103,,890,0.405,0.0,,0.97,0.803,54,0
balanced_path,63,104,,870,0.462,0.0,,0.969,0.739,54,0
balanced_path,64,105,,860,0.477,0.0,,0.968,0.771,55,0
balanced_path,65,106,,870,0.473,0.0,,0.947,0.807,53,0
balanced_path,66,107,,850,0.51,0.0,,0.956,0.749,55,0
balanced_path,67,108,,860,0.473,0.0,,0.957,0.818,55,0
balanced_path,68,109,,860,0.498,0.0,,0.941,0.728,58,0
balanced_path,69,110,,870,0.432,0.0,,0.958,0.799,54,0
balanced_path,70,111,,860,0.49,0.0,,0.965,0.781,54,0
balanced_path,71,112,,870,0.47,0.0,,0.97,0.787,51,0
balanced_path,72,113,,860,0.476,0.0,,0.954,0.776,58,0
balanced_path,73,114,,860,0.482,0.0,,0.967,0.783,55,0
balanced_path,74,115,,860,0.487,0.0,,0.952,0.776,55,0
balanced_path,75,116,,870,0.466,0.0,,0.961,0.796,54,0
balanced_path,76,117,,870,0.462,0.0,,0.953,0.787,58,0
balanced_path,77,118,,870,0.484,0.0,,0.961,0.776,53,0
balanced_path,78,119,,860,0.483,0.0,,0.969,0.788,57,0
balanced_path,79,120,,870,0.463,0.0,,0.965,0.751,56,0
balanced_path,80,121,,860,0.49,0.0,,0.957,0.733,57,0
balanced_path,81,122,,870,0.433,0.0,,0.971,0.782,53,0
balanced_path,82,123,,860,0.476,0.0,,0.961,0.796,56,0
balanced_path,83,124,,850,0.452,0.0,,0.953,0.801,54,0
balanced_path,84,125,,870,0.45,0.0,,0.957,0.794,53,0
balanced_path,85,126,,850,0.464,0.0,,0.963,0.777,54,0
balanced_path,86,127,,860,0.465,0.0,,0.959,0.804,55,0
balanced_path,87,128,,870,0.45,0.0,,0.961,0.782,54,0
balanced_path,88,129,,870,0.483,0.0,,0.958,0.801,55,0
balanced_path,89,130,,860,0.462,0.0,,0.959,0.783,52,0
balanced_path,90,131,,850,0.483,0.0,,0.946,0.784,56,0
balanced_path,91,132,,860,0.475,0.0,,0.965,0.768,52,0
balanced_path,92,133,,850,0.471,0.0,,0.949,0.792,61,0
balanced_path,93,134,,860,0.445,0.0,,0.956,0.823,53,0
balanced_path,94,135,,850,0.482,0.0,,0.955,0.789,55,0
balanced_path,95,136,,850,0.486,0.0,,0.939,0.802,56,0
balanced_path,96,137,,860,0.477,0.0,,0.945,0.782,58,0
balanced_path,97,138,,860,0.468,0.0,,0.955,0.786,55,0
balanced_path,98,139,,860,0.489,0.0,,0.964,0.769,56,0
balanced_path,99,140,,850,0.48,0.0,,0.952,0.773,52,0
balanced_path,100,141,,870,0.454,0.0,,0.966,0.804,58,0
balanced_path,101,142,,870,0.453,0.0,,0.95,0.761,54,0
balanced_path,102,143,,860,0.476,0.0,,0.965,0.8,54,0
balanced_path,103,144,,860,0.48,0.0,,0.937,0.812,62,0
balanced_path,104,145,,870,0.483,0.0,,0.966,0.757,53,0
balanced_path,105,146,,860,0.475,0.0,,0.941,0.783,56,0
balanced_path,106,147,,850,0.479,0.0,,0.96,0.801,53,0
balanced_path,107,148,,860,0.48,0.0,,0.953,0.776,55,0
balanced_path,108,149,,860,0.467,0.0,,0.962,0.784,54,0
balanced_path,109,150,,850,0.501,0.0,,0.96,0.798,57,0
balanced_path,110,151,,860,0.469,0.0,,0.95,0.773,53,0
balanced_path,111,152,,880,0.464,0.0,,0.966,0.803,54,0
balanced_path,112,153,,870,0.455,0.0,,0.973,0.794,52,0
balanced_path,113,154,,860,0.473,0.0,,0.952,0.766,51,0
balanced_path,114,155,,860,0.484,0.0,,0.946,0.783,53,0
balanced_path,115,156,,870,0.456,0.0,,0.966,0.808,53,0
balanced_path,116,157,,870,0.438,0.0,,0.962,0.792,59,0
balanced_path,117,158,,850,0.491,0.0,,0.958,0.761,55,0
balanced_path,118,159,,860,0.468,0.0,,0.958,0.786,58,0
balanced_path,119,160,,860,0.483,0.0,,0.961,0.775,54,0
balanced_path,120,161,,860,0.48,0.0,,0.939,0.791,58,0
balanced_path,121,162,,870,0.421,0.0,,0.967,0.799,53,0
balanced_path,122,163,,860,0.462,0.0,,0.963,0.762,54,0
balanced_path,123,164,,860,0.499,0.0,,0.953,0.74,59,0
balanced_path,124,165,,880,0.447,0.0,,0.966,0.8,54,0
balanced_path,125,166,,860,0.478,0.0,,0.954,0.794,63,0
balanced_path,126,167,,860,0.477,0.0,,0.956,0.778,57,0
balanced_path,127,168,,860,0.474,0.0,,0.954,0.798,51,0
balanced_path,128,169,,850,0.467,0.0,,0.955,0.809,54,0
balanced_path,129,170,,880,0.484,0.0,,0.971,0.732,52,0
balanced_path,130,171,,860,0.482,0.0,,0.949,0.778,55,0
balanced_path,131,172,,860,0.49,0.0,,0.959,0.767,56,0
balanced_path,132,173,,870,0.45,0.0,,0.95,0.775,55,0
balanced_path,133,174,,870,0.474,0.0,,0.949,0.777,54,0
balanced_path,134,175,,870,0.467,0.0,,0.971,0.819,55,0
balanced_path,135,176,,860,0.492,0.0,,0.963,0.758,54,0
balanced_path,136,177,,850,0.463,0.0,,0.942,0.81,54,0
balanced_path,137,178,,860,0.446,0.0,,0.96,0.798,53,0
balanced_path,138,179,,860,0.481,0.0,,0.953,0.771,55,0
balanced_path,139,180,,870,0.483,0.0,,0.965,0.778,54,0
balanced_path,140,181,,850,0.478,0.0,,0.951,0.779,56,0
balanced_path,141,182,,900,0.422,0.0,,0.974,0.778,57,0
balanced_path,142,183,,870,0.457,0.0,,0.95,0.775,57,0
balanced_path,143,184,,890,0.454,0.0,,0.976,0.785,56,0
balanced_path,144,185,,860,0.464,0.0,,0.958,0.809,55,0
balanced_path,145,186,,880,0.434,0.0,,0.959,0.781,56,0
balanced_path,146,187,,870,0.447,0.0,,0.966,0.803,54,0
balanced_path,147,188,,870,0.475,0.0,,0.967,0.767,55,0
balanced_path,148,189,,860,0.478,0.0,,0.956,0.779,56,0
balanced_path,149,190,,840,0.478,0.0,,0.941,0.79,54,0
balanced_path,150,191,,860,0.482,0.0,,0.952,0.792,55,0
balanced_path,151,192,,860,0.45,0.0,,0.952,0.794,58,0
balanced_path,152,193,,870,0.463,0.0,,0.957,0.8,56,0
balanced_path,153,194,,850,0.485,0.0,,0.931,0.803,60,0
balanced_path,154,195,,870,0.487,0.0,,0.967,0.802,53,0
balanced_path,155,196,,860,0.486,0.0,,0.948,0.788,52,0
balanced_path,156,197,,860,0.474,0.0,,0.945,0.782,55,0
balanced_path,157,198,,890,0.478,0.0,,0.966,0.769,54,0
balanced_path,158,199,,860,0.48,0.0,,0.959,0.799,54,0
balanced_path,159,200,,860,0.476,0.0,,0.955,0.774,60,0
balanced_path,160,201,,870,0.425,0.0,,0.968,0.776,53,0
balanced_path,161,202,,860,0.465,0.0,,0.936,0.783,54,0
balanced_path,162,203,,870,0.482,0.0,,0.966,0.788,57,0
balanced_path,163,204,,860,0.495,0.0,,0.947,0.778,58,0
balanced_path,164,205,,860,0.469,0.0,,0.951,0.789,54,0
balanced_path,165,206,,860,0.473,0.0,,0.948,0.786,59,0
balanced_path,166,207,,850,0.489,0.0,,0.94,0.784,57,0
balanced_path,167,208,,870,0.489,0.0,,0.967,0.761,56,0
balanced_path,168,209,,850,0.48,0.0,,0.948,0.769,53,0
balanced_path,169,210,,870,0.445,0.0,,0.954,0.782,53,0
balanced_path,170,211,,860,0.462,0.0,,0.954,0.8,57,0
balanced_path,171,212,,850,0.504,0.0,,0.941,0.754,54,0
balanced_path,172,213,,860,0.486,0.0,,0.946,0.76,55,0
balanced_path,173,214,,850,0.473,0.0,,0.949,0.837,53,0
balanced_path,174,215,,860,0.483,0.0,,0.941,0.778,55,0
balanced_path,175,216,,860,0.48,0.0,,0.952,0.785,54,0
balanced_path,176,217,,870,0.428,0.0,,0.971,0.796,54,0
balanced_path,177,218,,860,0.467,0.0,,0.959,0.796,58,0
balanced_path,178,219,,860,0.488,0.0,,0.954,0.772,57,0
balanced_path,179,220,,860,0.438,0.0,,0.971,0.801,52,0
balanced_path,180,221,,860,0.477,0.0,,0.964,0.802,52,0
balanced_path,181,222,,860,0.475,0.0,,0.957,0.8,59,0
balanced_path,182,223,,860,0.471,0.0,,0.96,0.81,53,0
balanced_path,183,224,,860,0.491,0.0,,0.946,0.797,57,0
balanced_path,184,225,,880,0.414,0.0,,0.959,0.821,54,0
balanced_path,185,226,,870,0.455,0.0,,0.962,0.776,56,0
balanced_path,186,227,,860,0.476,0.0,,0.948,0.791,54,0
balanced_path,187,228,,860,0.468,0.0,,0.963,0.778,53,0
balanced_path,188,229,,850,0.489,0.0,,0.959,0.776,52,0
balanced_path,189,230,,850,0.475,0.0,,0.948,0.787,55,0
balanced_path,190,231,,860,0.5,0.0,,0.957,0.769,57,0
balanced_path,191,232,,870,0.478,0.0,,0.96,0.748,52,0
balanced_path,192,233,,850,0.487,0.0,,0.964,0.796,57,0
balanced_path,193,234,,860,0.438,0.0,,0.951,0.823,53,0
balanced_path,194,235,,850,0.486,0.0,,0.948,0.787,60,0
balanced_path,195,236,,860,0.473,0.0,,0.961,0.76,52,0
balanced_path,196,237,,860,0.479,0.0,,0.954,0.787,55,0
balanced_path,197,238,,860,0.473,0.0,,0.951,0.779,53,0
balanced_path,198,239,,870,0.467,0.0,,0.971,0.771,55,0
balanced_path,199,240,,880,0.433,0.0,,0.95,0.8,57,0
balanced_path,200,241,,850,0.494,0.0,,0.955,0.762,56,0
balanced_path,201,242,,860,0.487,0.0,,0.947,0.76,58,0
balanced_path,202,243,,860,0.435,0.0,,0.948,0.81,52,0
balanced_path,203,244,,870,0.484,0.0,,0.964,0.76,54,0
balanced_path,204,245,,860,0.458,0.0,,0.962,0.789,54,0
balanced_path,205,246,,880,0.47,0.0,,0.969,0.788,55,0
balanced_path,206,247,,870,0.441,0.0,,0.954,0.763,57,0
balanced_path,207,248,,870,0.491,0.0,,0.965,0.78,58,0
balanced_path,208,249,,860,0.477,0.0,,0.958,0.797,55,0
balanced_path,209,250,,870,0.451,0.0,,0.969,0.775,52,0
balanced_path,210,251,,870,0.431,0.0,,0.948,0.818,52,0
balanced_path,211,252,,870,0.468,0.0,,0.973,0.766,55,0
balanced_path,212,253,,870,0.479,0.0,,0.966,0.744,54,0
balanced_path,213,254,,860,0.484,0.0,,0.956,0.812,55,0
balanced_path,214,255,,850,0.495,0.0,,0.957,0.797,55,0
balanced_path,215,256,,870,0.432,0.0,,0.967,0.795,54,0
balanced_path,216,257,,860,0.487,0.0,,0.953,0.804,55,0
balanced_path,217,258,,870,0.432,0.0,,0.951,0.789,51,0
balanced_path,218,259,,860,0.428,0.0,,0.941,0.81,55,0
balanced_path,219,260,,850,0.484,0.0,,0.953,0.768,60,0
balanced_path,220,261,,870,0.45,0.0,,0.936,0.785,57,0
balanced_path,221,262,,880,0.457,0.0,,0.959,0.774,54,0
balanced_path,222,263,,870,0.46,0.0,,0.968,0.763,55,0
balanced_path,223,264,,860,0.438,0.0,,0.972,0.772,53,0
balanced_path,224,265,,860,0.49,0.0,,0.945,0.763,60,0
balanced_path,225,266,,860,0.449,0.0,,0.961,0.802,58,0
balanced_path,226,267,,860,0.468,0.0,,0.955,0.811,54,0
balanced_path,227,268,,860,0.456,0.0,,0.945,0.794,55,0
balanced_path,228,269,,860,0.467,0.0,,0.967,0.81,56,0
balanced_path,229,270,,870,0.452,0.0,,0.966,0.802,53,0
balanced_path,230,271,,870,0.47,0.0,,0.944,0.797,51,0
balanced_path,231,272,,860,0.481,0.0,,0.963,0.804,55,0
balanced_path,232,273,,850,0.504,0.0,,0.955,0.764,60,0
balanced_path,233,274,,860,0.445,0.0,,0.948,0.814,58,0
balanced_path,234,275,,850,0.477,0.0,,0.951,0.806,55,0
balanced_path,235,276,,850,0.477,0.0,,0.947,0.808,55,0
balanced_path,236,277,,850,0.503,0.0,,0.948,0.793,60,0
balanced_path,237,278,,870,0.463,0.0,,0.96,0.781,55,0
balanced_path,238,279,,850,0.49,0.0,,0.956,0.772,59,0
balanced_path,239,280,,860,0.475,0.0,,0.951,0.799,57,0
balanced_path,240,281,,870,0.467,0.0,,0.951,0.803,56,0
balanced_path,241,282,,870,0.484,0.0,,0.958,0.81,51,0
balanced_path,242,283,,860,0.447,0.0,,0.949,0.806,55,0
balanced_path,243,284,,890,0.449,0.0,,0.973,0.802,59,0
balanced_path,244,285,,860,0.458,0.0,,0.974,0.785,53,0
balanced_path,245,286,,870,0.464,0.0,,0.951,0.789,56,0
balanced_path,246,287,,860,0.481,0.0,,0.967,0.802,56,0
balanced_path,247,288,,860,0.49,0.0,,0.952,0.756,54,0
balanced_path,248,289,,870,0.448,0.0,,0.971,0.782,52,0
balanced_path,249,290,,850,0.478,0.0,,0.957,0.781,52,0
balanced_path,250,291,,880,0.462,0.0,,0.96,0.769,61,0
balanced_path,251,292,,850,0.489,0.0,,0.957,0.819,56,0
balanced_path,252,293,,860,0.481,0.0,,0.967,0.75,56,0
balanced_path,253,294,,880,0.435,0.0,,0.971,0.829,55,0
balanced_path,254,295,,860,0.437,0.0,,0.938,0.801,53,0
balanced_path,255,296,,850,0.487,0.0,,0.935,0.8,61,0
balanced_path,256,297,,870,0.427,0.0,,0.95,0.799,60,0
balanced_path,257,298,,850,0.479,0.0,,0.943,0.797,53,0
balanced_path,258,299,,870,0.456,0.0,,0.957,0.834,56,0
balanced_path,259,300,,860,0.474,0.0,,0.966,0.793,52,0
balanced_path,260,301,,850,0.498,0.0,,0.937,0.793,55,0
balanced_path,261,302,,860,0.443,0.0,,0.95,0.801,57,0
balanced_path,262,303,,870,0.454,0.0,,0.958,0.78,55,0
balanced_path,263,304,,870,0.443,0.0,,0.951,0.786,56,0
balanced_path,264,305,,860,0.487,0.0,,0.953,0.762,56,0
balanced_path,265,306,,860,0.474,0.0,,0.956,0.786,55,0
balanced_path,266,307,,880,0.433,0.0,,0.975,0.787,54,0
balanced_path,267,308,,850,0.465,0.0,,0.956,0.805,55,0
balanced_path,268,309,,870,0.439,0.0,,0.969,0.798,52,0
balanced_path,269,310,,870,0.466,0.0,,0.962,0.776,52,0
balanced_path,270,311,,860,0.479,0.0,,0.934,0.768,55,0
balanced_path,271,312,,860,0.48,0.0,,0.948,0.763,55,0
balanced_path,272,313,,880,0.448,0.0,,0.955,0.743,54,0
balanced_path,273,314,,860,0.468,0.0,,0.951,0.8,57,0
balanced_path,274,315,,870,0.452,0.0,,0.943,0.774,61,0
balanced_path,275,316,,870,0.467,0.0,,0.952,0.799,59,0
balanced_path,276,317,,850,0.465,0.0,,0.959,0.788,52,0
balanced_path,277,318,,860,0.495,0.0,,0.945,0.782,57,0
balanced_path,278,319,,850,0.478,0.0,,0.949,0.823,57,0
balanced_path,279,320,,850,0.471,0.0,,0.948,0.787,55,0
balanced_path,280,321,,870,0.455,0.0,,0.974,0.798,54,0
balanced_path,281,322,,870,0.466,0.0,,0.961,0.799,54,0
balanced_path,282,323,,870,0.472,0.0,,0.967,0.796,54,0
balanced_path,283,324,,860,0.461,0.0,,0.951,0.774,53,0
balanced_path,284,325,,870,0.478,0.0,,0.968,0.799,53,0
balanced_path,285,326,,870,0.442,0.0,,0.97,0.754,55,0
balanced_path,286,327,,860,0.482,0.0,,0.962,0.779,51,0
balanced_path,287,328,,860,0.456,0.0,,0.966,0.803,54,0
balanced_path,288,329,,870,0.465,0.0,,0.962,0.746,59,0
balanced_path,289,330,,860,0.455,0.0,,0.946,0.799,59,0
balanced_path,290,331,,860,0.467,0.0,,0.943,0.816,53,0
balanced_path,291,332,,870,0.426,0.0,,0.958,0.786,54,0
balanced_path,292,333,,860,0.466,0.0,,0.969,0.784,54,0
balanced_path,293,334,,850,0.486,0.0,,0.95,0.802,56,0
balanced_path,294,335,,860,0.484,0.0,,0.954,0.794,54,0
balanced_path,295,336,,850,0.483,0.0,,0.942,0.784,59,0
balanced_path,296,337,,850,0.502,0.0,,0.937,0.793,59,0
balanced_path,297,338,,850,0.474,0.0,,0.945,0.783,54,0
balanced_path,298,339,,870,0.451,0.0,,0.958,0.776,55,0
balanced_path,299,340,,850,0.473,0.0,,0.949,0.792,53,0
balanced_path,300,341,,860,0.452,0.0,,0.961,0.791,55,0
balanced_path,301,342,,860,0.496,0.0,,0.95,0.766,58,0
balanced_path,302,343,,860,0.478,0.0,,0.954,0.815,54,0
balanced_path,303,344,,860,0.489,0.0,,0.962,0.812,55,0
balanced_path,304,345,,870,0.455,0.0,,0.964,0.791,56,0
balanced_path,305,346,,870,0.462,0.0,,0.961,0.788,52,0
balanced_path,306,347,,860,0.477,0.0,,0.947,0.792,58,0
balanced_path,307,348,,860,0.446,0.0,,0.957,0.766,52,0
balanced_path,308,349,,870,0.471,0.0,,0.95,0.77,57,0
balanced_path,309,350,,850,0.471,0.0,,0.96,0.83,50,0
balanced_path,310,351,,860,0.478,0.0,,0.95,0.777,54,0
balanced_path,311,352,,870,0.443,0.0,,0.965,0.79,55,0
balanced_path,312,353,,880,0.46,0.0,,0.976,0.789,57,0
balanced_path,313,354,,860,0.451,0.0,,0.972,0.796,54,0
balanced_path,314,355,,880,0.398,0.0,,0.948,0.812,53,0
balanced_path,315,356,,860,0.48,0.0,,0.958,0.768,52,0
balanced_path,316,357,,870,0.437,0.0,,0.964,0.816,57,0
balanced_path,317,358,,860,0.479,0.0,,0.953,0.786,59,0
balanced_path,318,359,,870,0.432,0.0,,0.955,0.788,56,0
balanced_path,319,360,,860,0.474,0.0,,0.961,0.757,55,0
balanced_path,320,361,,870,0.479,0.0,,0.962,0.78,55,0
balanced_path,321,362,,860,0.477,0.0,,0.955,0.817,53,0
balanced_path,322,363,,870,0.473,0.0,,0.967,0.777,54,0
balanced_path,323,364,,870,0.454,0.0,,0.957,0.807,53,0
balanced_path,324,365,,850,0.475,0.0,,0.958,0.776,54,0
balanced_path,325,366,,880,0.471,0.0,,0.97,0.753,56,0
balanced_path,326,367,,860,0.499,0.0,,0.964,0.749,53,0
balanced_path,327,368,,850,0.468,0.0,,0.959,0.807,55,0
balanced_path,328,369,,860,0.47,0.0,,0.96,0.776,55,0
balanced_path,329,370,,850,0.474,0.0,,0.941,0.816,56,0
balanced_path,330,371,,870,0.409,0.0,,0.951,0.788,55,0
balanced_path,331,372,,860,0.483,0.0,,0.948,0.763,61,0
balanced_path,332,373,,870,0.495,0.0,,0.948,0.791,57,0
balanced_path,333,374,,860,0.454,0.0,,0.945,0.798,59,0
balanced_path,334,375,,860,0.473,0.0,,0.94,0.783,54,0
balanced_path,335,376,,870,0.467,0.0,,0.965,0.781,55,0
balanced_path,336,377,,870,0.482,0.0,,0.962,0.751,52,0
balanced_path,337,378,,860,0.457,0.0,,0.947,0.815,56,0
balanced_path,338,379,,870,0.481,0.0,,0.963,0.778,54,0
balanced_path,339,380,,850,0.459,0.0,,0.933,0.79,53,0
balanced_path,340,381,,850,0.481,0.0,,0.956,0.767,55,0
balanced_path,341,382,,860,0.464,0.0,,0.957,0.782,54,0
balanced_path,342,383,,850,0.469,0.0,,0.948,0.799,53,0
balanced_path,343,384,,850,0.471,0.0,,0.936,0.818,58,0
balanced_path,344,385,,850,0.483,0.0,,0.937,0.768,52,0
balanced_path,345,386,,870,0.452,0.0,,0.954,0.792,58,0
balanced_path,346,387,,870,0.458,0.0,,0.967,0.762,54,0
balanced_path,347,388,,860,0.472,0.0,,0.951,0.775,54,0
balanced_path,348,389,,860,0.479,0.0,,0.95,0.763,59,0
balanced_path,349,390,,870,0.434,0.0,,0.966,0.813,53,0
balanced_path,350,391,,850,0.473,0.0,,0.947,0.795,57,0
balanced_path,351,392,,870,0.452,0.0,,0.958,0.79,56,0
balanced_path,352,393,,860,0.484,0.0,,0.949,0.783,56,0
balanced_path,353,394,,870,0.412,0.0,,0.964,0.801,56,0
balanced_path,354,395,,860,0.483,0.0,,0.959,0.763,53,0
balanced_path,355,396,,860,0.481,0.0,,0.964,0.783,57,0
balanced_path,356,397,,860,0.473,0.0,,0.967,0.752,52,0
balanced_path,357,398,,870,0.475,0.0,,0.962,0.801,56,0
balanced_path,358,399,,870,0.451,0.0,,0.95,0.801,57,0
balanced_path,359,400,,870,0.438,0.0,,0.968,0.79,52,0
balanced_path,360,401,,850,0.475,0.0,,0.948,0.795,56,0
balanced_path,361,402,,870,0.446,0.0,,0.962,0.816,58,0
balanced_path,362,403,,870,0.464,0.0,,0.965,0.768,57,0
balanced_path,363,404,,860,0.463,0.0,,0.959,0.791,56,0
balanced_path,364,405,,860,0.465,0.0,,0.956,0.788,56,0
balanced_path,365,406,,850,0.485,0.0,,0.946,0.784,52,0
balanced_path,366,407,,850,0.474,0.0,,0.955,0.782,56,0
balanced_path,367,408,,850,0.465,0.0,,0.964,0.799,54,0
balanced_path,368,409,,850,0.475,0.0,,0.961,0.768,55,0
balanced_path,369,410,,870,0.449,0.0,,0.953,0.801,52,0
balanced_path,370,411,,850,0.484,0.0,,0.955,0.758,58,0
balanced_path,371,412,,870,0.488,0.0,,0.961,0.755,55,0
balanced_path,372,413,,880,0.439,0.0,,0.973,0.825,56,0
balanced_path,373,414,,870,0.45,0.0,,0.964,0.785,56,0
balanced_path,374,415,,860,0.489,0.0,,0.946,0.791,59,0
balanced_path,375,416,,870,0.429,0.0,,0.953,0.778,56,0
balanced_path,376,417,,860,0.479,0.0,,0.921,0.748,54,0
balanced_path,377,418,,870,0.469,0.0,,0.976,0.747,55,0
balanced_path,378,419,,860,0.434,0.0,,0.973,0.812,55,0
balanced_path,379,420,,860,0.461,0.0,,0.956,0.816,52,0
balanced_path,380,421,,870,0.487,0.0,,0.97,0.768,55,0
balanced_path,381,422,,880,0.467,0.0,,0.967,0.745,55,0
balanced_path,382,423,,870,0.442,0.0,,0.953,0.8,53,0
balanced_path,383,424,,860,0.47,0.0,,0.953,0.761,57,0
balanced_path,384,425,,860,0.484,0.0,,0.961,0.786,58,0
balanced_path,385,426,,870,0.491,0.0,,0.962,0.77,56,0
balanced_path,386,427,,860,0.473,0.0,,0.945,0.802,56,0
balanced_path,387,428,,860,0.452,0.0,,0.958,0.796,53,0
balanced_path,388,429,,880,0.456,0.0,,0.974,0.789,53,0
balanced_path,389,430,,860,0.504,0.0,,0.944,0.764,59,0
balanced_path,390,431,,860,0.483,0.0,,0.95,0.78,54,0
balanced_path,391,432,,870,0.451,0.0,,0.965,0.765,56,0
balanced_path,392,433,,890,0.473,0.0,,0.965,0.753,56,0
balanced_path,393,434,,860,0.461,0.0,,0.936,0.765,56,0
balanced_path,394,435,,860,0.486,0.0,,0.937,0.77,53,0
balanced_path,395,436,,860,0.468,0.0,,0.968,0.801,51,0
balanced_path,396,437,,850,0.487,0.0,,0.952,0.766,57,0
balanced_path,397,438,,870,0.476,0.0,,0.966,0.769,54,0
balanced_path,398,439,,860,0.464,0.0,,0.953,0.77,53,0
balanced_path,399,440,,860,0.442,0.0,,0.96,0.794,54,0
balanced_path,400,441,,860,0.469,0.0,,0.953,0.795,55,0
balanced_path,401,442,,850,0.483,0.0,,0.938,0.792,52,0
balanced_path,402,443,,850,0.481,0.0,,0.953,0.797,55,0
balanced_path,403,444,,860,0.468,0.0,,0.955,0.79,56,0
balanced_path,404,445,,860,0.47,0.0,,0.948,0.75,53,0
balanced_path,405,446,,860,0.482,0.0,,0.95,0.785,56,0
balanced_path,406,447,,850,0.499,0.0,,0.953,0.783,56,0
balanced_path,407,448,,860,0.475,0.0,,0.943,0.778,58,0
balanced_path,408,449,,880,0.443,0.0,,0.958,0.804,56,0
balanced_path,409,450,,850,0.47,0.0,,0.952,0.804,53,0
balanced_path,410,451,,850,0.501,0.0,,0.952,0.772,58,0
balanced_path,411,452,,850,0.485,0.0,,0.951,0.765,55,0
balanced_path,412,453,,870,0.427,0.0,,0.953,0.825,57,0
balanced_path,413,454,,850,0.472,0.0,,0.946,0.796,54,0
balanced_path,414,455,,870,0.466,0.0,,0.948,0.763,52,0
balanced_path,415,456,,870,0.488,0.0,,0.973,0.782,52,0
balanced_path,416,457,,860,0.447,0.0,,0.957,0.814,54,0
balanced_path,417,458,,870,0.418,0.0,,0.952,0.811,50,0
balanced_path,418,459,,860,0.463,0.0,,0.951,0.792,56,0
balanced_path,419,460,,860,0.476,0.0,,0.967,0.76,54,0
balanced_path,420,461,,860,0.475,0.0,,0.958,0.792,57,0
balanced_path,421,462,,870,0.417,0.0,,0.959,0.795,58,0
balanced_path,422,463,,860,0.456,0.0,,0.952,0.775,56,0
balanced_path,423,464,,860,0.456,0.0,,0.942,0.764,55,0
balanced_path,424,465,,860,0.46,0.0,,0.958,0.816,55,0
balanced_path,425,466,,870,0.451,0.0,,0.954,0.803,54,0
balanced_path,426,467,,860,0.468,0.0,,0.95,0.772,54,0
balanced_path,427,468,,870,0.486,0.0,,0.961,0.769,58,0
balanced_path,428,469,,870,0.444,0.0,,0.968,0.774,56,0
balanced_path,429,470,,870,0.45,0.0,,0.96,0.801,55,0
balanced_path,430,471,,860,0.484,0.0,,0.952,0.748,57,0
balanced_path,431,472,,860,0.453,0.0,,0.958,0.809,55,0
balanced_path,432,473,,860,0.474,0.0,,0.956,0.792,55,0
balanced_path,433,474,,850,0.48,0.0,,0.931,0.802,56,0
balanced_path,434,475,,870,0.468,0.0,,0.956,0.81,56,0
balanced_path,435,476,,870,0.447,0.0,,0.962,0.773,53,0
balanced_path,436,477,,860,0.494,0.0,,0.953,0.764,56,0
balanced_path,437,478,,850,0.482,0.0,,0.967,0.769,55,0
balanced_path,438,479,,870,0.467,0.0,,0.95,0.807,58,0
balanced_path,439,480,,860,0.505,0.0,,0.967,0.773,53,0
balanced_path,440,481,,860,0.457,0.0,,0.963,0.775,54,0
balanced_path,441,482,,870,0.476,0.0,,0.946,0.806,54,0
balanced_path,442,483,,880,0.407,0.0,,0.965,0.77,57,0
balanced_path,443,484,,850,0.493,0.0,,0.95,0.778,55,0
balanced_path,444,485,,860,0.5,0.0,,0.955,0.763,55,0
balanced_path,445,486,,860,0.454,0.0,,0.959,0.803,54,0
balanced_path,446,487,,860,0.48,0.0,,0.956,0.794,61,0
balanced_path,447,488,,860,0.469,0.0,,0.953,0.782,54,0
balanced_path,448,489,,860,0.478,0.0,,0.958,0.773,54,0
balanced_path,449,490,,850,0.48,0.0,,0.943,0.805,59,0
balanced_path,450,491,,860,0.488,0.0,,0.962,0.773,50,0
balanced_path,451,492,,860,0.472,0.0,,0.956,0.785,53,0
balanced_path,452,493,,860,0.468,0.0,,0.934,0.814,60,0
balanced_path,453,494,,860,0.453,0.0,,0.962,0.81,55,0
balanced_path,454,495,,850,0.476,0.0,,0.96,0.797,56,0
balanced_path,455,496,,870,0.485,0.0,,0.961,0.769,53,0
balanced_path,456,497,,860,0.468,0.0,,0.931,0.787,53,0
balanced_path,457,498,,860,0.474,0.0,,0.966,0.77,54,0
balanced_path,458,499,,860,0.466,0.0,,0.963,0.828,53,0
balanced_path,459,500,,860,0.476,0.0,,0.952,0.786,56,0
balanced_path,460,501,,870,0.441,0.0,,0.965,0.796,55,0
balanced_path,461,502,,860,0.477,0.0,,0.96,0.782,57,0
balanced_path,462,503,,860,0.467,0.0,,0.959,0.785,53,0
balanced_path,463,504,,860,0.445,0.0,,0.968,0.795,55,0
balanced_path,464,505,,860,0.47,0.0,,0.948,0.768,54,0
balanced_path,465,506,,850,0.471,0.0,,0.944,0.806,56,0
balanced_path,466,507,,870,0.445,0.0,,0.945,0.806,54,0
balanced_path,467,508,,850,0.492,0.0,,0.94,0.801,55,0
balanced_path,468,509,,860,0.465,0.0,,0.949,0.767,53,0
balanced_path,469,510,,860,0.481,0.0,,0.964,0.78,57,0
balanced_path,470,511,,870,0.477,0.0,,0.952,0.782,56,0
balanced_path,471,512,,860,0.496,0.0,,0.947,0.745,54,0
balanced_path,472,513,,860,0.452,0.0,,0.952,0.793,55,0
balanced_path,473,514,,860,0.471,0.0,,0.952,0.779,57,0
balanced_path,474,515,,870,0.44,0.0,,0.966,0.762,56,0
balanced_path,475,516,,870,0.446,0.0,,0.962,0.794,59,0
balanced_path,476,517,,860,0.481,0.0,,0.969,0.767,51,0
balanced_path,477,518,,870,0.425,0.0,,0.966,0.781,56,0
balanced_path,478,519,,860,0.489,0.0,,0.946,0.767,57,0
balanced_path,479,520,,860,0.472,0.0,,0.953,0.817,55,0
balanced_path,480,521,,860,0.49,0.0,,0.957,0.803,56,0
balanced_path,481,522,,860,0.492,0.0,,0.943,0.782,59,0
balanced_path,482,523,,870,0.441,0.0,,0.947,0.813,55,0
balanced_path,483,524,,850,0.472,0.0,,0.947,0.785,56,0
balanced_path,484,525,,860,0.469,0.0,,0.954,0.794,54,0
balanced_path,485,526,,880,0.447,0.0,,0.954,0.735,61,0
balanced_path,486,527,,860,0.49,0.0,,0.958,0.789,53,0
balanced_path,487,528,,860,0.48,0.0,,0.935,0.783,57,0
balanced_path,488,529,,880,0.411,0.0,,0.971,0.772,55,0
balanced_path,489,530,,860,0.454,0.0,,0.943,0.778,55,0
balanced_path,490,531,,850,0.477,0.0,,0.944,0.791,63,0
balanced_path,491,532,,850,0.49,0.0,,0.96,0.77,53,0
balanced_path,492,533,,850,0.471,0.0,,0.954,0.801,54,0
balanced_path,493,534,,870,0.445,0.0,,0.964,0.776,53,0
balanced_path,494,535,,860,0.483,0.0,,0.951,0.759,55,0
balanced_path,495,536,,860,0.433,0.0,,0.933,0.81,57,0
balanced_path,496,537,,880,0.448,0.0,,0.963,0.822,54,0
balanced_path,497,538,,880,0.439,0.0,,0.967,0.792,58,0
balanced_path,498,539,,860,0.474,0.0,,0.966,0.771,54,0
balanced_path,499,540,,860,0.469,0.0,,0.96,0.794,53,0
balanced_path,500,541,,870,0.411,0.0,,0.966,0.783,54,0
