# v1.3 Round Raw Data Pack
# Generated: 2026-04-26
# Sources:
# - v13_blocking_diagnostic_summary.csv
# - v13_blocking_diagnostic_runs.csv

## BEGIN v13_blocking_diagnostic_summary.csv
test_name,scenario,stable_run_rate,failure_rate,recovered_run_rate,avg_final_stability,avg_min_stability,avg_final_trust,avg_min_trust,avg_final_disturbance,avg_max_disturbance,avg_final_cognitive_distortion,avg_max_cognitive_distortion,trust_first_rate,disturbance_first_rate,cognition_first_rate,tie_first_rate,no_stressor_rate,note
blocking_diagnostic_v13,disturbance_high_fmin_005_agov_060,0.06666666666666667,0.03333333333333333,0.9333333333333333,0.9523485913993714,0.7120351256358115,0.8710419244795599,0.4739494721427775,0.1747679888691107,0.8667530631793513,0.17467503994099579,0.36392277923185046,0.0,0.9333333333333333,0.0,0.06666666666666667,0.0,disturbance_high with disturbance_baseline(f_min)=0.05 and alpha(alpha_gov)=0.60.
blocking_diagnostic_v13,disturbance_high_fmin_005_agov_080,0.1,0.03333333333333333,0.9,0.9516243007858425,0.7139887842524726,0.8668486525012278,0.48059550252200084,0.17656449509230032,0.8594585619613859,0.17549779711726204,0.36423444213255995,0.0,0.9333333333333333,0.0,0.06666666666666667,0.0,disturbance_high with disturbance_baseline(f_min)=0.05 and alpha(alpha_gov)=0.80.
blocking_diagnostic_v13,disturbance_high_fmin_005_agov_100,0.1,0.03333333333333333,0.9,0.9505746564160588,0.7144531447227176,0.863392170417536,0.484120019365845,0.17840530768259144,0.8552578431825654,0.1760192741243541,0.3645434662165978,0.0,0.9333333333333333,0.0,0.06666666666666667,0.0,disturbance_high with disturbance_baseline(f_min)=0.05 and alpha(alpha_gov)=1.00.
blocking_diagnostic_v13,disturbance_high_fmin_010_agov_060,0.0,0.23333333333333334,1.0,0.8535588596370973,0.5847190482609987,0.7346677058091308,0.3308489617222797,0.2686766395918409,0.9473677426621009,0.21082392735415068,0.4022665249661596,0.0,0.5333333333333333,0.0,0.4666666666666667,0.0,disturbance_high with disturbance_baseline(f_min)=0.10 and alpha(alpha_gov)=0.60.
blocking_diagnostic_v13,disturbance_high_fmin_010_agov_080,0.0,0.23333333333333334,1.0,0.8508712585701288,0.5856519113089809,0.7307676881760133,0.3349142180146593,0.27069675898632145,0.9437710994574521,0.21109360230059016,0.4034885322612233,0.0,0.5666666666666667,0.0,0.43333333333333335,0.0,disturbance_high with disturbance_baseline(f_min)=0.10 and alpha(alpha_gov)=0.80.
blocking_diagnostic_v13,disturbance_high_fmin_010_agov_100,0.0,0.23333333333333334,1.0,0.8492053499559734,0.5860318597051355,0.7283713749041039,0.3374240969121349,0.27231112264729007,0.9413483145567593,0.21100640789728706,0.4040541976526505,0.0,0.5666666666666667,0.0,0.43333333333333335,0.0,disturbance_high with disturbance_baseline(f_min)=0.10 and alpha(alpha_gov)=1.00.
blocking_diagnostic_v13,disturbance_high_fmin_015_agov_060,0.0,0.8,0.9666666666666667,0.7170193684900492,0.4401780841758128,0.5795526447692914,0.15885134463288736,0.3687660723200919,0.9938826826120041,0.257283980973817,0.4499513095817575,0.0,0.0,0.0,1.0,0.0,disturbance_high with disturbance_baseline(f_min)=0.15 and alpha(alpha_gov)=0.60.
blocking_diagnostic_v13,disturbance_high_fmin_015_agov_080,0.0,0.8,0.9666666666666667,0.7164641351036884,0.4411532920599538,0.579048860039091,0.16248797465363857,0.37032055374464146,0.9933247108909911,0.2569407947576218,0.4504211423445254,0.0,0.0,0.0,1.0,0.0,disturbance_high with disturbance_baseline(f_min)=0.15 and alpha(alpha_gov)=0.80.
blocking_diagnostic_v13,disturbance_high_fmin_015_agov_100,0.0,0.8,0.9666666666666667,0.7155101886160323,0.44094336445134424,0.5780806678763054,0.16406562877351663,0.3720271465085744,0.9931276397476619,0.2567860532219061,0.4507119040245366,0.0,0.0,0.0,1.0,0.0,disturbance_high with disturbance_baseline(f_min)=0.15 and alpha(alpha_gov)=1.00.
blocking_diagnostic_v13,disturbance_high_fmin_020_agov_060,0.0,1.0,0.13333333333333333,0.5386945165941427,0.3092796174133688,0.3517244328722618,0.025050748675671263,0.4937331819588995,0.9992034011341534,0.32263255792446976,0.49119173389142606,0.43333333333333335,0.0,0.0,0.5666666666666667,0.0,disturbance_high with disturbance_baseline(f_min)=0.20 and alpha(alpha_gov)=0.60.
blocking_diagnostic_v13,disturbance_high_fmin_020_agov_080,0.0,1.0,0.13333333333333333,0.5382995197969904,0.3098259726691114,0.35154895117992324,0.026374426015453707,0.4952863021056332,0.9992231592331995,0.3225336627776563,0.490951332477826,0.4,0.0,0.0,0.6,0.0,disturbance_high with disturbance_baseline(f_min)=0.20 and alpha(alpha_gov)=0.80.
blocking_diagnostic_v13,disturbance_high_fmin_020_agov_100,0.0,1.0,0.13333333333333333,0.5373778041077947,0.3099184105564149,0.35060010065174313,0.027100140848244313,0.49707091066451525,0.9993453243137421,0.32265663179410614,0.4908074547314177,0.36666666666666664,0.0,0.0,0.6333333333333333,0.0,disturbance_high with disturbance_baseline(f_min)=0.20 and alpha(alpha_gov)=1.00.
blocking_diagnostic_v13,disturbance_high_fmin_025_agov_060,0.0,1.0,0.0,0.38725184650322986,0.2515291881920861,0.15252232181836614,0.00040214810260339834,0.6175630662723084,1.0,0.38231275860207925,0.5116650462929883,0.2,0.16666666666666666,0.0,0.6333333333333333,0.0,disturbance_high with disturbance_baseline(f_min)=0.25 and alpha(alpha_gov)=0.60.
blocking_diagnostic_v13,disturbance_high_fmin_025_agov_080,0.0,1.0,0.0,0.38691131413450164,0.25151482540751285,0.15223564684573346,0.00044311316601850225,0.6184981993923461,1.0,0.3824026700981662,0.5113232948836146,0.2,0.2,0.0,0.6,0.0,disturbance_high with disturbance_baseline(f_min)=0.25 and alpha(alpha_gov)=0.80.
blocking_diagnostic_v13,disturbance_high_fmin_025_agov_100,0.0,1.0,0.0,0.3866450682377155,0.2514787182427903,0.1519827684643483,0.00046448508630399324,0.6191513990230183,1.0,0.382488961541751,0.5110859267157736,0.13333333333333333,0.2,0.0,0.6666666666666666,0.0,disturbance_high with disturbance_baseline(f_min)=0.25 and alpha(alpha_gov)=1.00.
w_calibration_v13,capacity_050_w_060,0.9,0.0,0.1,0.9915285666661049,0.8515887635813706,0.9564064850303875,0.6977550058728812,0.15673632852435976,0.49348985930150335,0.19577489542801743,0.30546336526391005,0.16666666666666666,0.5666666666666667,0.0,0.03333333333333333,0.23333333333333334,Capacity fixed at 0.50 with activation_gain(W)=0.60.
w_calibration_v13,capacity_050_w_080,0.9,0.0,0.1,0.9920669766390343,0.8536265652001933,0.9577841560244171,0.7020654893668123,0.1561042175966615,0.4924766431572508,0.19408291541630873,0.304611710146542,0.16666666666666666,0.5666666666666667,0.0,0.03333333333333333,0.23333333333333334,Capacity fixed at 0.50 with activation_gain(W)=0.80.
w_calibration_v13,capacity_050_w_100,0.9333333333333333,0.0,0.06666666666666667,0.9920967505679351,0.8546747484271917,0.9577469366797258,0.7034443309719228,0.15608261208817462,0.4920877260727351,0.19401420802378996,0.30442516165732153,0.13333333333333333,0.5666666666666667,0.0,0.06666666666666667,0.23333333333333334,Capacity fixed at 0.50 with activation_gain(W)=1.00.
## END v13_blocking_diagnostic_summary.csv

## BEGIN v13_blocking_diagnostic_runs.csv
test_name,scenario,run_index,seed,final_stability,min_stability,max_stability,final_trust,final_disturbance,final_cognitive_distortion,stability_rate,first_breach_step,recovery_step,stable_run,recovered_run,failure_case,failure_reason,avg_intervention_utilization,first_stressor
blocking_diagnostic_v13,disturbance_high_fmin_005_agov_060,0,42,0.9880856847806194,0.7638697015046734,0.9998589254074293,0.8314664224211552,0.18969693383317204,0.21064235067488035,0.9733333333333334,114,118,0,1,0,,0.8438225826828262,disturbance
blocking_diagnostic_v13,disturbance_high_fmin_005_agov_060,1,43,0.9449011990122486,0.5829033978801383,0.9997839451657,0.8727334248648726,0.19962810255116523,0.17894646411144766,0.8266666666666667,45,49,0,1,0,,0.8894109129092593,disturbance
blocking_diagnostic_v13,disturbance_high_fmin_005_agov_060,2,44,0.9476836041411723,0.7217913821061661,0.9995550065558801,0.9184640947018584,0.11444994584161744,0.12311019112889321,0.8866666666666667,42,44,0,1,0,,0.8807616040287158,disturbance
blocking_diagnostic_v13,disturbance_high_fmin_005_agov_060,3,45,0.9918796140080997,0.7223933273794602,0.9999239927336734,0.8644874576597882,0.14729477531229335,0.15816609830569586,0.8666666666666667,10,16,0,1,0,,0.8670538372456099,disturbance
blocking_diagnostic_v13,disturbance_high_fmin_005_agov_060,4,46,0.7944883148824808,0.6742328060569611,0.9999791460739139,0.7217270407345884,0.19385986236143335,0.21706837907820212,0.86,41,51,0,1,1,ended_below_threshold,0.8752176892025936,disturbance
blocking_diagnostic_v13,disturbance_high_fmin_005_agov_060,5,47,0.985152439906524,0.6431993241652652,0.9993515322924457,0.8578692604009922,0.15690908049033903,0.16266988374385283,0.8266666666666667,7,13,0,1,0,,0.9012040175566777,disturbance
blocking_diagnostic_v13,disturbance_high_fmin_005_agov_060,6,48,0.9965624807347543,0.7419831748981582,0.9999978512247483,0.8987395666285634,0.11822975745261072,0.19040612349274205,0.94,30,34,0,1,0,,0.8680145952101919,disturbance
blocking_diagnostic_v13,disturbance_high_fmin_005_agov_060,7,49,0.9598801036828258,0.717537510016699,0.9968547659526421,0.8652980367036673,0.16318558239207312,0.14931305609165124,0.8866666666666667,2,5,0,1,0,,0.885599244542726,disturbance
blocking_diagnostic_v13,disturbance_high_fmin_005_agov_060,8,50,0.9547686758426843,0.7009701643182733,0.9999011136972036,0.9287883775855456,0.129203760950811,0.13177784143765206,0.9466666666666667,32,38,0,1,0,,0.8607954890400347,disturbance
blocking_diagnostic_v13,disturbance_high_fmin_005_agov_060,9,51,0.9999986109222774,0.7093417989408723,0.9999986109222774,1.0,0.11603387882267215,0.20238048396678965,0.9533333333333334,49,56,0,1,0,,0.8621263576359142,disturbance
blocking_diagnostic_v13,disturbance_high_fmin_005_agov_060,10,52,0.8748424931243012,0.8297499086654321,0.9999984689996161,0.783352254666443,0.11735162511367717,0.16576501694635065,1.0,,,1,0,0,,0.8282777637150176,disturbance
blocking_diagnostic_v13,disturbance_high_fmin_005_agov_060,11,53,0.9210173228192756,0.7513297490562921,0.9990560314727363,0.8994288570561583,0.09417657068333608,0.1374942894162721,0.9266666666666666,71,75,0,1,0,,0.8664063216782485,disturbance
blocking_diagnostic_v13,disturbance_high_fmin_005_agov_060,12,54,0.9991920501785654,0.6459019877087689,0.9991920501785654,1.0,0.11865511805870681,0.18423336774442442,0.8666666666666667,11,21,0,1,0,,0.8857139736378837,disturbance
blocking_diagnostic_v13,disturbance_high_fmin_005_agov_060,13,55,0.9276575897261088,0.7154280274642563,0.9999660316328279,0.8337467420389055,0.11377225450605696,0.12649928339475078,0.8666666666666667,47,54,0,1,0,,0.8896641096582838,disturbance
blocking_diagnostic_v13,disturbance_high_fmin_005_agov_060,14,56,0.9676604110773933,0.7264058637151254,0.9987952672982087,0.8665788303780828,0.11532420095732784,0.1289065181386031,0.96,31,37,0,1,0,,0.8649342748122751,disturbance
blocking_diagnostic_v13,disturbance_high_fmin_005_agov_060,15,57,0.8320583969829307,0.7390301265171311,0.9969124982100176,0.7261222347927191,0.17234484347288537,0.21774820261512262,0.82,3,6,0,1,0,,0.891795010004411,disturbance
blocking_diagnostic_v13,disturbance_high_fmin_005_agov_060,16,58,0.9983372615007544,0.616784039377506,0.9999055654558127,0.9666369856525348,0.10326384734747654,0.14600650753355165,0.9466666666666667,65,73,0,1,0,,0.8367045888278855,disturbance
blocking_diagnostic_v13,disturbance_high_fmin_005_agov_060,17,59,0.999686353507161,0.7199165884769277,0.9998286644432972,1.0,0.1727271863626323,0.14062840967277773,0.92,29,31,0,1,0,,0.8507872002020107,tie
blocking_diagnostic_v13,disturbance_high_fmin_005_agov_060,18,60,0.95045023509029,0.7387075357617642,0.9961501175128995,0.8617748145277404,0.19375412131588526,0.14912446311467462,0.9533333333333334,47,54,0,1,0,,0.8968858266172571,disturbance
blocking_diagnostic_v13,disturbance_high_fmin_005_agov_060,19,61,0.9516227946652341,0.7352057946208255,0.999986218806808,0.7748250807136066,0.26630516016838307,0.19894898754097656,0.94,34,37,0,1,0,,0.8528668955757924,disturbance
blocking_diagnostic_v13,disturbance_high_fmin_005_agov_060,20,62,0.9723820655357563,0.7915625851756741,0.9995159687388374,0.8845281847593256,0.12875282860654544,0.14565561201854488,0.9933333333333333,83,84,0,1,0,,0.8710081165517507,disturbance
blocking_diagnostic_v13,disturbance_high_fmin_005_agov_060,21,63,0.998652255536692,0.8061551751945153,0.9999971521263605,0.970775277991737,0.13264305149604852,0.1577405544908026,1.0,,,1,0,0,,0.8311321342818092,disturbance
blocking_diagnostic_v13,disturbance_high_fmin_005_agov_060,22,64,0.9712390844318322,0.6458705253444885,0.9993733464479955,0.8363563246030263,0.10347602013315262,0.19172106250102736,0.7533333333333333,7,18,0,1,0,,0.8965307253148314,disturbance
blocking_diagnostic_v13,disturbance_high_fmin_005_agov_060,23,65,0.966532046676892,0.798718954069091,0.9999972161416641,0.8556631669874573,0.6001779125224329,0.2394241429949541,0.9933333333333333,134,135,0,1,0,,0.8521624559425466,disturbance
blocking_diagnostic_v13,disturbance_high_fmin_005_agov_060,24,66,0.9876363488113714,0.7742987656134896,0.9999595923072357,0.9101768546259217,0.11398313090934731,0.18789150551010525,0.98,36,39,0,1,0,,0.8621562989959385,disturbance
blocking_diagnostic_v13,disturbance_high_fmin_005_agov_060,25,67,0.8648069096540147,0.6390468708288283,0.9998775692926117,0.6838517016751169,0.17465901711505644,0.22246363025637983,0.8866666666666667,3,5,0,1,0,,0.852136465023849,tie
blocking_diagnostic_v13,disturbance_high_fmin_005_agov_060,26,68,0.9977189332489046,0.7625755518522952,0.99999978297988,1.0,0.09537056708346352,0.14496082339172153,0.96,91,93,0,1,0,,0.8441902833591243,disturbance
blocking_diagnostic_v13,disturbance_high_fmin_005_agov_060,27,69,0.8662324199176121,0.7579521690311226,0.9999042505673171,0.8213620683796287,0.13189017847885143,0.18436306376182024,0.94,132,134,0,1,0,,0.8556207181067242,disturbance
blocking_diagnostic_v13,disturbance_high_fmin_005_agov_060,28,70,0.9716142759446466,0.5855834479434605,0.9999689256135094,0.8524798517840101,0.6102278093983604,0.23402338816560916,0.8333333333333334,6,16,0,1,0,,0.862732364351753,disturbance
blocking_diagnostic_v13,disturbance_high_fmin_005_agov_060,29,71,0.9877177656377222,0.6026075153906856,0.9999701657121225,0.8440248220533474,0.15569254233550767,0.2121714969895963,0.8866666666666667,12,16,0,1,0,,0.8441642820000931,disturbance
blocking_diagnostic_v13,disturbance_high_fmin_005_agov_080,0,42,0.9892634014154466,0.7694718296535746,0.9998285041377795,0.8374754485136657,0.19180925485742706,0.20704518235866176,0.9733333333333334,114,118,0,1,0,,0.8314617380121535,disturbance
blocking_diagnostic_v13,disturbance_high_fmin_005_agov_080,1,43,0.9373582161479364,0.5826193311298262,0.9997632434128103,0.8517927369642901,0.20181178052996696,0.18244838203802424,0.8266666666666667,45,49,0,1,0,,0.8737779988935583,disturbance
blocking_diagnostic_v13,disturbance_high_fmin_005_agov_080,2,44,0.944576683173275,0.719899435507194,0.9995556982522436,0.8957464663834315,0.11739631866825839,0.12603396969487643,0.8933333333333333,42,43,0,1,0,,0.8657945225906659,disturbance
blocking_diagnostic_v13,disturbance_high_fmin_005_agov_080,3,45,0.9917472191145206,0.7259415289406135,0.9999290511522998,0.8694988198726052,0.14539796799534574,0.15559196990853486,0.88,11,12,0,1,0,,0.8554548100867324,disturbance
blocking_diagnostic_v13,disturbance_high_fmin_005_agov_080,4,46,0.7962890683577671,0.6757949747201791,0.9999793866986845,0.7229249406566068,0.19231744694728997,0.21394770367859972,0.86,41,51,0,1,1,ended_below_threshold,0.8634754520140518,disturbance
blocking_diagnostic_v13,disturbance_high_fmin_005_agov_080,5,47,0.9813153258752916,0.6483414949341815,0.9992616976800408,0.8451493787074623,0.16010616056139684,0.161340553844721,0.8466666666666667,7,13,0,1,0,,0.8872425834533438,disturbance
blocking_diagnostic_v13,disturbance_high_fmin_005_agov_080,6,48,0.996396420322758,0.7407277600645918,0.9999975979399238,0.9031455483418737,0.11773705832899115,0.1897149488952567,0.94,30,34,0,1,0,,0.8545484887946266,disturbance
blocking_diagnostic_v13,disturbance_high_fmin_005_agov_080,7,49,0.9582080543522232,0.7185603725162123,0.9959469579885982,0.8561597834060282,0.16760730287666842,0.1513849747996594,0.9,3,4,0,1,0,,0.8671270371575311,disturbance
blocking_diagnostic_v13,disturbance_high_fmin_005_agov_080,8,50,0.95301446414768,0.7051407241739018,0.9998960438126242,0.9076822062878904,0.13179586015975883,0.13521534867267399,0.9466666666666667,32,38,0,1,0,,0.8475636237582116,disturbance
blocking_diagnostic_v13,disturbance_high_fmin_005_agov_080,9,51,0.9999985046121814,0.7079508014875284,0.9999985046121814,1.0,0.11500700253622254,0.2006110858764082,0.9533333333333334,49,56,0,1,0,,0.849665260828778,disturbance
blocking_diagnostic_v13,disturbance_high_fmin_005_agov_080,10,52,0.8803332829856949,0.8361856671167651,0.9999985673226885,0.7854872028665338,0.123151196046081,0.1669488642118208,1.0,,,1,0,0,,0.819139119849122,disturbance
blocking_diagnostic_v13,disturbance_high_fmin_005_agov_080,11,53,0.9214931146090545,0.7564466352432265,0.9990659564598774,0.884258003111864,0.09831863016666824,0.14047319806405384,0.9266666666666666,71,75,0,1,0,,0.8531702095149378,disturbance
blocking_diagnostic_v13,disturbance_high_fmin_005_agov_080,12,54,0.9992075489097427,0.6463237746507163,0.9992075489097427,1.0,0.1185736860754578,0.18378698222530987,0.8666666666666667,11,21,0,1,0,,0.8704033166396732,disturbance
blocking_diagnostic_v13,disturbance_high_fmin_005_agov_080,13,55,0.923516140827727,0.7134100365697498,0.9999625272159581,0.8276478695288454,0.11978955602995921,0.12984090619172411,0.88,47,51,0,1,0,,0.8754136580311308,disturbance
blocking_diagnostic_v13,disturbance_high_fmin_005_agov_080,14,56,0.9695918790110546,0.7311289782266774,0.9988080052417001,0.864484604742947,0.12090743017499578,0.13381352360911491,0.9666666666666667,31,36,0,1,0,,0.8492605928670152,disturbance
blocking_diagnostic_v13,disturbance_high_fmin_005_agov_080,15,57,0.8302429456754508,0.7405309754938364,0.9968877640554075,0.7175461083261966,0.1682593280283149,0.2186996331951802,0.84,4,5,0,1,0,,0.8773009973056444,disturbance
blocking_diagnostic_v13,disturbance_high_fmin_005_agov_080,16,58,0.9984422515965383,0.6175566733801577,0.9999008747173912,0.9652032935707201,0.103830852630049,0.14663691569127776,0.9466666666666667,65,73,0,1,0,,0.8257281337304095,disturbance
blocking_diagnostic_v13,disturbance_high_fmin_005_agov_080,17,59,0.9996848740726978,0.7194585752589554,0.9998340361114445,1.0,0.17173141959210458,0.14072389940373917,0.9333333333333333,35,43,0,1,0,,0.84094479280555,tie
blocking_diagnostic_v13,disturbance_high_fmin_005_agov_080,18,60,0.9483228069565743,0.7441756260331661,0.9956617792489408,0.8479050071724464,0.19626304935742253,0.1516464707015315,0.9533333333333334,48,54,0,1,0,,0.8805009713671316,disturbance
blocking_diagnostic_v13,disturbance_high_fmin_005_agov_080,19,61,0.9500895057566363,0.7408317696268423,0.9999841950126467,0.774447827107881,0.2589796869898294,0.19862309674263715,0.94,34,37,0,1,0,,0.8403455328262762,disturbance
blocking_diagnostic_v13,disturbance_high_fmin_005_agov_080,20,62,0.9714499831518709,0.7877830649444494,0.9995153839281742,0.8797199444291732,0.13313971907058433,0.14892838682704687,0.98,82,85,0,1,0,,0.8560704468513421,disturbance
blocking_diagnostic_v13,disturbance_high_fmin_005_agov_080,21,63,0.998546128641364,0.8138963818632924,0.9999972403677237,0.9726399792389726,0.13487344558999292,0.1598204695117679,1.0,,,1,0,0,,0.8209307520098599,disturbance
blocking_diagnostic_v13,disturbance_high_fmin_005_agov_080,22,64,0.9716857949244502,0.6513934237987361,0.99924615326516,0.8394223792162392,0.10878968341029535,0.19198405315061862,0.7466666666666667,7,18,0,1,0,,0.8821597141375092,disturbance
blocking_diagnostic_v13,disturbance_high_fmin_005_agov_080,23,65,0.963414978817352,0.8007981154888382,0.999997201522144,0.8480301194527414,0.6024422782273599,0.24144727293460796,1.0,,,1,0,0,,0.8384745233397713,disturbance
blocking_diagnostic_v13,disturbance_high_fmin_005_agov_080,24,66,0.986987917083146,0.7816975737342244,0.9999627332946613,0.9060834182047817,0.11624965525689701,0.1896774053870603,0.98,36,39,0,1,0,,0.8474871704466937,disturbance
blocking_diagnostic_v13,disturbance_high_fmin_005_agov_080,25,67,0.8676697572782412,0.6437736534932116,0.9998842094352446,0.6964491965613328,0.18084387418305253,0.22113219496354206,0.88,3,5,0,1,0,,0.8388017715796107,tie
blocking_diagnostic_v13,disturbance_high_fmin_005_agov_080,26,68,0.9975383564112694,0.7594531762057982,0.999999790389162,1.0,0.09590895261799223,0.1459858812580314,0.96,91,93,0,1,0,,0.8316658629403828,disturbance
blocking_diagnostic_v13,disturbance_high_fmin_005_agov_080,27,69,0.8631879499359839,0.7572888212202784,0.9999069842414577,0.810502333432348,0.13781915866640132,0.1876869078399312,0.9466666666666667,132,133,0,1,0,,0.8455492949490175,disturbance
blocking_diagnostic_v13,disturbance_high_fmin_005_agov_080,28,70,0.9713293407294,0.5803411751137368,0.9999688852943305,0.8467861688078481,0.6117500969924599,0.23529155188416384,0.8266666666666667,6,16,0,1,0,,0.8533759714447146,disturbance
blocking_diagnostic_v13,disturbance_high_fmin_005_agov_080,29,71,0.9878271086819396,0.6027411769837128,0.9999725282226481,0.8492707901321179,0.15432700020176424,0.2084521799572857,0.8866666666666667,12,16,0,1,0,,0.8341723552564021,disturbance
blocking_diagnostic_v13,disturbance_high_fmin_005_agov_100,0,42,0.9904856878243332,0.7732321710131134,0.9998158381381984,0.8407900495639561,0.19506814382363524,0.20593401353583884,0.9733333333333334,114,118,0,1,0,,0.8234100140570034,disturbance
blocking_diagnostic_v13,disturbance_high_fmin_005_agov_100,1,43,0.9309439314280847,0.5811195515692751,0.9997470734875065,0.8394267016140442,0.20214849750844538,0.1843637014927364,0.8333333333333334,45,49,0,1,0,,0.8621031068984384,disturbance
blocking_diagnostic_v13,disturbance_high_fmin_005_agov_100,2,44,0.9417208859068281,0.7180860714606824,0.9995600542487271,0.8830055248496113,0.118582314414967,0.12736364321629923,0.8866666666666667,42,43,0,1,0,,0.8549847307119837,disturbance
blocking_diagnostic_v13,disturbance_high_fmin_005_agov_100,3,45,0.9914885249168487,0.7263928672128829,0.9999302525214623,0.8714373595946097,0.1480395828566683,0.15497060154367498,0.8866666666666667,11,12,0,1,0,,0.8470923592327134,disturbance
blocking_diagnostic_v13,disturbance_high_fmin_005_agov_100,4,46,0.7963832556174071,0.6769312426922466,0.9999792219838577,0.7220179800468378,0.19569702553941065,0.21316182875106096,0.86,41,51,0,1,1,ended_below_threshold,0.8552561801947195,disturbance
blocking_diagnostic_v13,disturbance_high_fmin_005_agov_100,5,47,0.9789687336308679,0.6516294802254137,0.9991539480754065,0.8377931985177614,0.16421245592099407,0.16111875607937715,0.8466666666666667,7,13,0,1,0,,0.8768291443611756,disturbance
blocking_diagnostic_v13,disturbance_high_fmin_005_agov_100,6,48,0.9963033674538345,0.7381119354051923,0.9999972525832398,0.9058612702423866,0.1199675483901427,0.18967108724819226,0.9266666666666666,30,34,0,1,0,,0.8451272869607284,disturbance
blocking_diagnostic_v13,disturbance_high_fmin_005_agov_100,7,49,0.9561702475932515,0.7161055479554351,0.995269356885075,0.8489494086895947,0.17077198187014522,0.15327032138440258,0.9,3,4,0,1,0,,0.8536501161456255,disturbance
blocking_diagnostic_v13,disturbance_high_fmin_005_agov_100,8,50,0.9507047073476108,0.707150914730657,0.9998887798360881,0.8946203329087851,0.13258933034385367,0.13678963989069443,0.9466666666666667,32,38,0,1,0,,0.8385734230105408,disturbance
blocking_diagnostic_v13,disturbance_high_fmin_005_agov_100,9,51,0.999998415445551,0.7074430209082584,0.999998415445551,1.0,0.11450599670830888,0.19952655911731845,0.9533333333333334,49,56,0,1,0,,0.841230411423436,disturbance
blocking_diagnostic_v13,disturbance_high_fmin_005_agov_100,10,52,0.883276780199202,0.8401742868027587,0.9999985741668626,0.7847034839492051,0.1273935857308703,0.16767288244682182,1.0,,,1,0,0,,0.8128693625482792,disturbance
blocking_diagnostic_v13,disturbance_high_fmin_005_agov_100,11,53,0.9192225988359856,0.7591280916069973,0.9990482732167061,0.8701051565655061,0.10164060307522216,0.1426626767363139,0.9266666666666666,71,75,0,1,0,,0.8424362541937565,disturbance
blocking_diagnostic_v13,disturbance_high_fmin_005_agov_100,12,54,0.9991128675522983,0.6464708132643981,0.9991128675522983,1.0,0.11825306216864484,0.1834093664349993,0.86,11,22,0,1,0,,0.85957529442902,disturbance
blocking_diagnostic_v13,disturbance_high_fmin_005_agov_100,13,55,0.9185356772839548,0.7113719787449555,0.999956461055518,0.8222202821162375,0.12554121150242054,0.13273299838218833,0.8666666666666667,47,51,0,1,0,,0.8643231440469722,disturbance
blocking_diagnostic_v13,disturbance_high_fmin_005_agov_100,14,56,0.9706788536081297,0.7331549422191296,0.9987848376787472,0.8599215397015125,0.12364037104930004,0.13678142691247702,0.9666666666666667,31,36,0,1,0,,0.8392426721035102,disturbance
blocking_diagnostic_v13,disturbance_high_fmin_005_agov_100,15,57,0.8288357865534326,0.7398141587826653,0.9968228124916565,0.7145075364974551,0.16907751797633097,0.21843897259042375,0.8333333333333334,4,5,0,1,0,,0.8658796740621836,disturbance
blocking_diagnostic_v13,disturbance_high_fmin_005_agov_100,16,58,0.9985048282045741,0.6166250605546381,0.999892964335257,0.9636478889519289,0.10380824590663379,0.14669661756165386,0.9466666666666667,65,73,0,1,0,,0.8185637165871519,disturbance
blocking_diagnostic_v13,disturbance_high_fmin_005_agov_100,17,59,0.9996751626267988,0.7198443012237153,0.9998359807745358,1.0,0.17126060876867988,0.14070583793470265,0.9333333333333333,35,43,0,1,0,,0.8334825554633064,tie
blocking_diagnostic_v13,disturbance_high_fmin_005_agov_100,18,60,0.9434768217859549,0.7471832612012387,0.9951594663678562,0.8370877086117005,0.1967053136553812,0.15283919159087994,0.9466666666666667,48,54,0,1,0,,0.8677392236352902,disturbance
blocking_diagnostic_v13,disturbance_high_fmin_005_agov_100,19,61,0.9494450506478743,0.7431678080139542,0.9999823587370315,0.7759652522013945,0.2561759000642513,0.19857825364570558,0.94,34,37,0,1,0,,0.8313296812696822,disturbance
blocking_diagnostic_v13,disturbance_high_fmin_005_agov_100,20,62,0.9702921626404385,0.7858764852301331,0.9995055813735431,0.8732105952408757,0.13559309258117253,0.15064623102956992,0.98,82,85,0,1,0,,0.8454376959259668,disturbance
blocking_diagnostic_v13,disturbance_high_fmin_005_agov_100,21,63,0.9984834732346696,0.8166547166234405,0.9999972726841949,0.9730755767560811,0.13576403624277042,0.16116532651514204,1.0,,,1,0,0,,0.8140323937167608,disturbance
blocking_diagnostic_v13,disturbance_high_fmin_005_agov_100,22,64,0.9711880623076596,0.654324003083098,0.9990988445222105,0.8387221049082944,0.11299238659327632,0.19285891087034968,0.7533333333333333,7,11,0,1,0,,0.8709576996695141,disturbance
blocking_diagnostic_v13,disturbance_high_fmin_005_agov_100,23,65,0.9607588921218762,0.800081646588144,0.9999971358422469,0.8408592267306921,0.6036528298138055,0.24229402645257747,1.0,,,1,0,0,,0.8292705253659959,disturbance
blocking_diagnostic_v13,disturbance_high_fmin_005_agov_100,24,66,0.9863014254411591,0.7849853463232481,0.9999627513638888,0.9017512253034605,0.11724528032939899,0.19012827665376683,0.98,36,39,0,1,0,,0.8364859517157035,disturbance
blocking_diagnostic_v13,disturbance_high_fmin_005_agov_100,25,67,0.8695491593995986,0.6470167274872703,0.9998879299658748,0.7034525824860998,0.18646720298491992,0.21932099231301938,0.8666666666666667,3,5,0,1,0,,0.8303744510420805,tie
blocking_diagnostic_v13,disturbance_high_fmin_005_agov_100,26,68,0.9973915150136456,0.7568373340942903,0.9999997930208736,1.0,0.09586151048989493,0.14635893485307824,0.96,91,93,0,1,0,,0.8234651421077818,disturbance
blocking_diagnostic_v13,disturbance_high_fmin_005_agov_100,27,69,0.8600577721838429,0.7550204826304235,0.9999108980207658,0.8023760764568305,0.14122363923038211,0.18955780382834486,0.94,132,133,0,1,0,,0.8384669793147902,disturbance
blocking_diagnostic_v13,disturbance_high_fmin_005_agov_100,28,70,0.9710757080260656,0.577611209513731,0.9999682539313006,0.8436804443472287,0.6126678273118802,0.23606791024321438,0.8266666666666667,6,16,0,1,0,,0.8473370267539767,disturbance
blocking_diagnostic_v13,disturbance_high_fmin_005_agov_100,29,71,0.9882093376499812,0.6020488845201419,0.999973331353298,0.8525766056739881,0.1556121276259343,0.20549143447579932,0.8866666666666667,12,16,0,1,0,,0.8279877812896819,disturbance
blocking_diagnostic_v13,disturbance_high_fmin_010_agov_060,0,42,0.8694578608365098,0.6593778013354135,0.998440290922777,0.6799917789097072,0.2812910724442843,0.24971601154050635,0.88,5,8,0,1,0,,0.9228437550206953,disturbance
blocking_diagnostic_v13,disturbance_high_fmin_010_agov_060,1,43,0.8069765568962712,0.47323453976038865,0.9915690107061161,0.7525802493359105,0.2837684474120199,0.2108516341017378,0.54,14,17,0,1,0,,0.9530574586737836,tie
blocking_diagnostic_v13,disturbance_high_fmin_010_agov_060,2,44,0.8086114039579554,0.5903882943291515,0.9813587239227577,0.7816131571398505,0.20528068905931707,0.15457821087408405,0.58,11,15,0,1,0,,0.9444959003818375,disturbance
blocking_diagnostic_v13,disturbance_high_fmin_010_agov_060,3,45,0.8656734514389051,0.6076540245690327,0.9805384381232066,0.7043926240833842,0.22536051022851677,0.18766549077341577,0.5666666666666667,7,20,0,1,0,,0.9341843816034747,disturbance
blocking_diagnostic_v13,disturbance_high_fmin_010_agov_060,4,46,0.6362006385989213,0.5718285965692951,0.999168478797495,0.4956513812439557,0.3174287082736622,0.28333338941606273,0.5333333333333333,6,19,0,1,1,ended_below_threshold,0.9396814953763999,tie
blocking_diagnostic_v13,disturbance_high_fmin_010_agov_060,5,47,0.8717776075365076,0.5068788274151047,0.9642794207263178,0.7461471303070932,0.23691029001731362,0.18823209521411488,0.5,3,22,0,1,0,,0.9568354267530744,disturbance
blocking_diagnostic_v13,disturbance_high_fmin_010_agov_060,6,48,0.8835045252558379,0.6387595439845241,0.9699568949673125,0.7052335029681012,0.2062216190664202,0.22680978231156482,0.5466666666666666,8,12,0,1,0,,0.9445672642611561,disturbance
blocking_diagnostic_v13,disturbance_high_fmin_010_agov_060,7,49,0.8645333105809438,0.5739567457450917,0.9410364845882829,0.7959161028940827,0.2500030851608973,0.17865437585773952,0.6,2,7,0,1,0,,0.9470570196780606,disturbance
blocking_diagnostic_v13,disturbance_high_fmin_010_agov_060,8,50,0.8494585863484664,0.5994536615265653,0.9944951442987757,0.8156283531939797,0.21888151830736874,0.16139632699599848,0.6466666666666666,3,9,0,1,0,,0.9343072091495073,disturbance
blocking_diagnostic_v13,disturbance_high_fmin_010_agov_060,9,51,0.99992397252385,0.5755152020883565,0.99992397252385,0.85803499993511,0.20639179800972227,0.22872064316695753,0.62,33,59,0,1,0,,0.9403264302207056,tie
blocking_diagnostic_v13,disturbance_high_fmin_010_agov_060,10,52,0.748683483302667,0.7111517670930614,0.9999573365888652,0.632544826513108,0.22467777563434643,0.21875932443012178,0.9066666666666666,12,13,0,1,1,ended_below_threshold,0.922375130665481,disturbance
blocking_diagnostic_v13,disturbance_high_fmin_010_agov_060,11,53,0.7703338246240352,0.6125261213005533,0.9922503828114785,0.7290144737849428,0.20032440528336334,0.18037465441696182,0.6533333333333333,43,49,0,1,1,ended_below_threshold,0.9373835161562545,tie
blocking_diagnostic_v13,disturbance_high_fmin_010_agov_060,12,54,0.9838847502999508,0.5278311026185442,0.9838847502999508,0.8435395654771475,0.21333541964401107,0.21525010333109124,0.6,10,30,0,1,0,,0.9456453741502784,tie
blocking_diagnostic_v13,disturbance_high_fmin_010_agov_060,13,55,0.7849651531718744,0.5367041299602668,0.986617799324259,0.7104716902372354,0.2125385014856685,0.17200581279695348,0.5133333333333333,12,15,0,1,1,ended_below_threshold,0.9558231600529645,tie
blocking_diagnostic_v13,disturbance_high_fmin_010_agov_060,14,56,0.8508191968554195,0.5889465976715695,0.9857818983256502,0.7889318012257771,0.20765645703615518,0.1633365603338001,0.68,6,11,0,1,0,,0.9360076182072328,tie
blocking_diagnostic_v13,disturbance_high_fmin_010_agov_060,15,57,0.6897330674524292,0.5871263856660748,0.9819795909955494,0.5394145377384005,0.296180250742967,0.2803328881411525,0.42,3,9,0,1,1,ended_below_threshold,0.9538367023564067,disturbance
blocking_diagnostic_v13,disturbance_high_fmin_010_agov_060,16,58,0.9532178426169929,0.5155671412040661,0.9997374841674256,0.8255607173128385,0.19279547485995707,0.17420717087061593,0.8266666666666667,24,27,0,1,0,,0.9222400822440467,disturbance
blocking_diagnostic_v13,disturbance_high_fmin_010_agov_060,17,59,0.972353428547101,0.5586381721828161,0.9926789603109382,0.7949833643356088,0.2557725456767826,0.16774205596086234,0.6666666666666666,24,55,0,1,0,,0.9288588551562494,tie
blocking_diagnostic_v13,disturbance_high_fmin_010_agov_060,18,60,0.8456908112711115,0.6326060992027751,0.9547693912050124,0.7830629414126467,0.2754480308635162,0.17557176836002694,0.5533333333333333,15,22,0,1,0,,0.9521806817354459,disturbance
blocking_diagnostic_v13,disturbance_high_fmin_010_agov_060,19,61,0.8566752778145024,0.6225362886237203,0.9881857801819782,0.6820414617597108,0.33601107031017674,0.22642874597970397,0.7466666666666667,17,24,0,1,0,,0.9276114243140343,disturbance
blocking_diagnostic_v13,disturbance_high_fmin_010_agov_060,20,62,0.873838088240939,0.6747757204496478,0.984614951577502,0.8141955277818316,0.2225634714622977,0.1754296424428452,0.6066666666666667,32,37,0,1,0,,0.9350351028893386,tie
blocking_diagnostic_v13,disturbance_high_fmin_010_agov_060,21,63,0.9383889412394711,0.680408839687482,0.99947896229525,0.8051617527284014,0.22480536396499368,0.1856916705857765,0.8666666666666667,29,39,0,1,0,,0.9191731063928434,disturbance
blocking_diagnostic_v13,disturbance_high_fmin_010_agov_060,22,64,0.8791253425446005,0.5273508377099329,0.9934004375913342,0.7658469372066516,0.19436839293674835,0.22100674608891477,0.42,6,46,0,1,0,,0.9602139590407358,tie
blocking_diagnostic_v13,disturbance_high_fmin_010_agov_060,23,65,0.8982828320030044,0.6759964529272132,0.9997016723565043,0.7444217661543117,0.7016417055540203,0.2719819579965169,0.6933333333333334,5,12,0,1,0,,0.9328152163885132,tie
blocking_diagnostic_v13,disturbance_high_fmin_010_agov_060,24,66,0.927247709203716,0.6501251535614451,0.9985480301427474,0.8180494230142958,0.20552837571835733,0.21663636794131247,0.72,34,57,0,1,0,,0.9372470514260535,disturbance
blocking_diagnostic_v13,disturbance_high_fmin_010_agov_060,25,67,0.7516862773241131,0.4956344104286138,0.9943862483921113,0.5642392391664346,0.2695143808167466,0.26339782036639353,0.5933333333333334,2,38,0,1,1,ended_below_threshold,0.9359157305268043,tie
blocking_diagnostic_v13,disturbance_high_fmin_010_agov_060,26,68,0.9826973778388586,0.633054011588575,0.996925184791545,0.88046608870418,0.19741202551238238,0.18196965215463998,0.7466666666666667,73,104,0,1,0,,0.9324612815135076,tie
blocking_diagnostic_v13,disturbance_high_fmin_010_agov_060,27,69,0.6793481394647544,0.5866136707772548,0.9976489167065256,0.5786178278673613,0.2501426004884555,0.2503332215451751,0.84,15,19,0,1,1,ended_below_threshold,0.929197908219204,disturbance
blocking_diagnostic_v13,disturbance_high_fmin_010_agov_060,28,70,0.8914611366849813,0.4478435985038932,0.997447690632681,0.7363743189608953,0.7049834818621973,0.2644094265460435,0.66,4,42,0,1,0,,0.9394084323058416,tie
blocking_diagnostic_v13,disturbance_high_fmin_010_agov_060,29,71,0.8722151946382326,0.47908770934953093,0.9965172007634464,0.6679036328809762,0.24306171992256076,0.24989427008342868,0.7466666666666667,8,20,0,1,0,,0.9259408503222427,disturbance
blocking_diagnostic_v13,disturbance_high_fmin_010_agov_080,0,42,0.8692645076181548,0.6615412685829183,0.9979774223045058,0.6885525406795192,0.28681131367412666,0.24899602729451442,0.8866666666666667,5,8,0,1,0,,0.911960983334061,disturbance
blocking_diagnostic_v13,disturbance_high_fmin_010_agov_080,1,43,0.8054486969394457,0.4732276098514211,0.9890941463036746,0.7443743955599544,0.2831781342017199,0.21098003435912124,0.54,14,17,0,1,0,,0.9444112436813278,tie
blocking_diagnostic_v13,disturbance_high_fmin_010_agov_080,2,44,0.8072948299578242,0.5925816102489126,0.9745383391022207,0.7714419087749604,0.20577049696387328,0.1539739500139364,0.5666666666666667,11,15,0,1,0,,0.9349138705920895,disturbance
blocking_diagnostic_v13,disturbance_high_fmin_010_agov_080,3,45,0.8619681677142467,0.6083974826551369,0.9746220752282972,0.7068688114369557,0.2289965096749158,0.18885208389262048,0.5666666666666667,7,20,0,1,0,,0.9254646443691876,disturbance
blocking_diagnostic_v13,disturbance_high_fmin_010_agov_080,4,46,0.6371925524764569,0.572030194027106,0.9980970966019573,0.4975468171054126,0.31747258509007714,0.2819343499523811,0.5333333333333333,6,19,0,1,1,ended_below_threshold,0.9312623975886186,disturbance
blocking_diagnostic_v13,disturbance_high_fmin_010_agov_080,5,47,0.8668885467814041,0.5077837346794699,0.9592814463936603,0.7485275226545188,0.2432874761947629,0.1883766138231417,0.49333333333333335,3,22,0,1,0,,0.9489573974448249,disturbance
blocking_diagnostic_v13,disturbance_high_fmin_010_agov_080,6,48,0.8841834626004849,0.6330223770758653,0.9678688688450927,0.7137121279143865,0.2081094268591811,0.22653012302132805,0.5333333333333333,8,12,0,1,0,,0.9370273188578748,disturbance
blocking_diagnostic_v13,disturbance_high_fmin_010_agov_080,7,49,0.8607574481849392,0.5721417233107559,0.9342564011496192,0.7853994100186485,0.25566634009209244,0.18043680203102574,0.6,2,7,0,1,0,,0.9350988875966739,disturbance
blocking_diagnostic_v13,disturbance_high_fmin_010_agov_080,8,50,0.8479703504480559,0.5975436301314161,0.9921476461545636,0.8016524914023389,0.21982285019456432,0.16260306783047002,0.6466666666666666,3,9,0,1,0,,0.9247809263645871,disturbance
blocking_diagnostic_v13,disturbance_high_fmin_010_agov_080,9,51,0.9999063463354317,0.5788660571213032,0.9999063463354317,0.859570792697369,0.20599079546557322,0.22768852325168074,0.62,33,59,0,1,0,,0.9345963314214196,tie
blocking_diagnostic_v13,disturbance_high_fmin_010_agov_080,10,52,0.7520579561839268,0.7141163898957181,0.999914715759108,0.6393831845545301,0.22856424544972936,0.21682859213303093,0.9066666666666666,12,13,0,1,1,ended_below_threshold,0.9129368063944677,disturbance
blocking_diagnostic_v13,disturbance_high_fmin_010_agov_080,11,53,0.7722937336873684,0.6153496256232989,0.9857606218595019,0.728560043365197,0.20133323154643396,0.17698603516272376,0.6466666666666666,43,48,0,1,1,ended_below_threshold,0.9284344230420742,tie
blocking_diagnostic_v13,disturbance_high_fmin_010_agov_080,12,54,0.9771881406204023,0.5263139326286709,0.9771881406204023,0.8327920773912467,0.21245391179119413,0.2142869604999406,0.5933333333333334,10,30,0,1,0,,0.9359990033663621,tie
blocking_diagnostic_v13,disturbance_high_fmin_010_agov_080,13,55,0.7848175035508301,0.5385224705540723,0.9834498082444265,0.710992645520109,0.21453170548665157,0.17023936017252306,0.49333333333333335,12,15,0,1,1,ended_below_threshold,0.9484942920481482,tie
blocking_diagnostic_v13,disturbance_high_fmin_010_agov_080,14,56,0.8494022500901842,0.5866016671553625,0.9786136046525805,0.7809209643575401,0.21235951035943862,0.16682083565141403,0.6866666666666666,6,11,0,1,0,,0.9253547412435204,tie
blocking_diagnostic_v13,disturbance_high_fmin_010_agov_080,15,57,0.6906008077251243,0.5893080666989637,0.978054771076561,0.5399195390677802,0.29149483618258776,0.27898930749004835,0.41333333333333333,3,9,0,1,1,ended_below_threshold,0.9463543492485682,disturbance
blocking_diagnostic_v13,disturbance_high_fmin_010_agov_080,16,58,0.9461684395770641,0.5171993194388439,0.9997399608513405,0.8144366645482192,0.19282707687370151,0.1746092291866002,0.8266666666666667,24,27,0,1,0,,0.9141995010245779,disturbance
blocking_diagnostic_v13,disturbance_high_fmin_010_agov_080,17,59,0.9636833570067851,0.5639210061418093,0.9909980416855297,0.7912949285615495,0.25471319900085615,0.1678496724884491,0.6533333333333333,24,55,0,1,0,,0.9193354449070926,tie
blocking_diagnostic_v13,disturbance_high_fmin_010_agov_080,18,60,0.843323582535108,0.6359883685380884,0.9560934347773729,0.7719123043795437,0.27668121287344283,0.17675112495880108,0.5533333333333333,15,22,0,1,0,,0.9435215505433365,disturbance
blocking_diagnostic_v13,disturbance_high_fmin_010_agov_080,19,61,0.8497144269125874,0.6220003711630385,0.9890156054145833,0.6774423674002933,0.3346987304083216,0.22942177919652854,0.7466666666666667,17,24,0,1,0,,0.9179522567334514,disturbance
blocking_diagnostic_v13,disturbance_high_fmin_010_agov_080,20,62,0.8692061899998758,0.6772530606701046,0.9753242464818519,0.7993317658956287,0.22733829170174769,0.17845512198809166,0.6066666666666667,32,37,0,1,0,,0.925372697563655,tie
blocking_diagnostic_v13,disturbance_high_fmin_010_agov_080,21,63,0.936298393251151,0.6793396774459596,0.9992039890747252,0.800360408841786,0.22681209361359378,0.18798342368678383,0.8666666666666667,29,39,0,1,0,,0.9089039677605293,disturbance
blocking_diagnostic_v13,disturbance_high_fmin_010_agov_080,22,64,0.8771145241831512,0.5283646690882436,0.9899695099113619,0.7674957752353938,0.20076534392201728,0.22035900588549892,0.42,6,46,0,1,0,,0.954673725353532,tie
blocking_diagnostic_v13,disturbance_high_fmin_010_agov_080,23,65,0.88738407681846,0.6721431697984512,0.999117453574189,0.729115889211969,0.70381879256239,0.27384988213737926,0.6933333333333334,5,12,0,1,0,,0.9212998301481424,tie
blocking_diagnostic_v13,disturbance_high_fmin_010_agov_080,24,66,0.9208505975281351,0.6548605873064475,0.9981087081024533,0.8070958020602662,0.2072019393808613,0.21791513951606614,0.7066666666666667,34,57,0,1,0,,0.9269501849766784,disturbance
blocking_diagnostic_v13,disturbance_high_fmin_010_agov_080,25,67,0.7483923407763687,0.498746128923051,0.9875376488602307,0.5699413151744117,0.2777328656715051,0.2639467343717713,0.5933333333333334,2,38,0,1,1,ended_below_threshold,0.9261141601354628,tie
blocking_diagnostic_v13,disturbance_high_fmin_010_agov_080,26,68,0.980534686954827,0.6352837774468627,0.9948727526855556,0.8670916630321923,0.19730359459011707,0.18252641086388227,0.7466666666666667,73,104,0,1,0,,0.9234368970861209,tie
blocking_diagnostic_v13,disturbance_high_fmin_010_agov_080,27,69,0.6816969515628201,0.5888272696847584,0.9969779323145486,0.5821315131282573,0.2519456844059777,0.24936006215382484,0.84,15,19,0,1,1,ended_below_threshold,0.9217831194341598,disturbance
blocking_diagnostic_v13,disturbance_high_fmin_010_agov_080,28,70,0.8820403822229561,0.44876519519435915,0.9968165177200482,0.7184147087444438,0.7067528528467472,0.26585554408785056,0.66,4,42,0,1,0,,0.9317551684742216,tie
blocking_diagnostic_v13,disturbance_high_fmin_010_agov_080,29,71,0.8724945068602916,0.4795168981890191,0.9955235567689086,0.6767502665659773,0.2464677225114395,0.24940227191627692,0.7466666666666667,8,20,0,1,0,,0.9185434837469442,disturbance
blocking_diagnostic_v13,disturbance_high_fmin_010_agov_100,0,42,0.8691460352382893,0.6639654260118596,0.9975318375858497,0.69292308841551,0.29078657958634685,0.2481566783951169,0.8866666666666667,5,8,0,1,0,,0.9058664701147476,disturbance
blocking_diagnostic_v13,disturbance_high_fmin_010_agov_100,1,43,0.804505122503593,0.4729131246568972,0.9869128674123694,0.7390282530482725,0.28219585413281806,0.21134555772205407,0.54,14,17,0,1,0,,0.9383801158337283,tie
blocking_diagnostic_v13,disturbance_high_fmin_010_agov_100,2,44,0.8059153155298188,0.5934531122495553,0.9686102128397056,0.7646135890995054,0.205627133934271,0.15357860170891377,0.56,11,15,0,1,0,,0.9293957529343614,disturbance
blocking_diagnostic_v13,disturbance_high_fmin_010_agov_100,3,45,0.8602318445248224,0.608686034969744,0.9716644719296466,0.7094398233439061,0.23320796087543486,0.18879446434517408,0.5666666666666667,7,20,0,1,0,,0.9214927291467596,disturbance
blocking_diagnostic_v13,disturbance_high_fmin_010_agov_100,4,46,0.6371393264226335,0.572463216626144,0.9978800201762184,0.4986237607876016,0.3210589542489267,0.28116011472676056,0.5333333333333333,6,19,0,1,1,ended_below_threshold,0.9265855218909794,disturbance
blocking_diagnostic_v13,disturbance_high_fmin_010_agov_100,5,47,0.8646149763517482,0.5084869703928016,0.9548960454441359,0.7484326528592942,0.24853736992356787,0.1882798005285789,0.48,3,22,0,1,0,,0.9440800950265382,disturbance
blocking_diagnostic_v13,disturbance_high_fmin_010_agov_100,6,48,0.8854970377971721,0.6307260263393574,0.9668309564224429,0.7197050174493054,0.21121837752411285,0.225418626501806,0.5333333333333333,8,12,0,1,0,,0.9332886848967322,disturbance
blocking_diagnostic_v13,disturbance_high_fmin_010_agov_100,7,49,0.8574019646090055,0.5696617753665613,0.9308841438490474,0.7777343487206175,0.2589697794760737,0.18199516023235987,0.58,2,7,0,1,0,,0.9282298608024542,disturbance
blocking_diagnostic_v13,disturbance_high_fmin_010_agov_100,8,50,0.84558380595588,0.5962778883297535,0.9907781918590598,0.7925605561649135,0.21992471270014335,0.1632085409848257,0.6466666666666666,3,9,0,1,0,,0.9194068386693848,disturbance
blocking_diagnostic_v13,disturbance_high_fmin_010_agov_100,9,51,0.9999033273090087,0.5800906252230023,0.9999033273090087,0.8608814084798093,0.20589855360843126,0.2268089554836933,0.6133333333333333,33,59,0,1,0,,0.9314436309674179,tie
blocking_diagnostic_v13,disturbance_high_fmin_010_agov_100,10,52,0.7545351201391548,0.7164870133446147,0.9998921144537963,0.6437728707338467,0.23112118760974493,0.21504625222207313,0.9133333333333333,60,63,0,1,1,ended_below_threshold,0.9074815774458993,disturbance
blocking_diagnostic_v13,disturbance_high_fmin_010_agov_100,11,53,0.7732021234595889,0.6169867747947962,0.9809233432251766,0.7267459168431791,0.201649109482328,0.17450973742302414,0.6333333333333333,43,49,0,1,1,ended_below_threshold,0.9223980320050983,tie
blocking_diagnostic_v13,disturbance_high_fmin_010_agov_100,12,54,0.9713383324018477,0.5260219329123973,0.9713383324018477,0.8257827560131955,0.21160226465943133,0.213631845182239,0.5866666666666667,10,30,0,1,0,,0.930112597575266,tie
blocking_diagnostic_v13,disturbance_high_fmin_010_agov_100,13,55,0.7833661397906712,0.5389255070119241,0.9825235236097891,0.7098864827295206,0.21710001749708957,0.16940118006083338,0.49333333333333335,12,15,0,1,1,ended_below_threshold,0.9443767138406808,tie
blocking_diagnostic_v13,disturbance_high_fmin_010_agov_100,14,56,0.8487730152088444,0.5837423414619138,0.9745333234599087,0.7746568100712895,0.21398336252982728,0.16873007600013845,0.6866666666666666,6,11,0,1,0,,0.9192401645790144,tie
blocking_diagnostic_v13,disturbance_high_fmin_010_agov_100,15,57,0.6914851505462916,0.5907174887650015,0.9759361802837763,0.5414283686107335,0.2909297109375129,0.27717645132401925,0.41333333333333333,3,9,0,1,1,ended_below_threshold,0.9414689927120962,disturbance
blocking_diagnostic_v13,disturbance_high_fmin_010_agov_100,16,58,0.9426201437957651,0.5187022481183499,0.9997419834437111,0.8093125640013666,0.1923140002321979,0.17446691378731113,0.82,25,27,0,1,0,,0.9100391230696092,disturbance
blocking_diagnostic_v13,disturbance_high_fmin_010_agov_100,17,59,0.9627790182483698,0.5672167535799324,0.9888123726081329,0.7923547034954396,0.2544738089169313,0.16785652962423142,0.66,25,55,0,1,0,,0.914369740563367,tie
blocking_diagnostic_v13,disturbance_high_fmin_010_agov_100,18,60,0.8409339660941829,0.637869504173985,0.9569916876977682,0.7647610901958218,0.2763723039650436,0.1773793826745811,0.5333333333333333,15,22,0,1,0,,0.9382442707745613,disturbance
blocking_diagnostic_v13,disturbance_high_fmin_010_agov_100,19,61,0.8454145636553089,0.6213278760513006,0.9895363609879699,0.6761845599600943,0.3356858872377041,0.23115912848602396,0.7466666666666667,17,24,0,1,0,,0.9127420625099095,disturbance
blocking_diagnostic_v13,disturbance_high_fmin_010_agov_100,20,62,0.8664030834388764,0.6783436481091669,0.9704182648148763,0.7899951733641793,0.22975152066101806,0.17990675700793113,0.6066666666666667,32,37,0,1,0,,0.9199521686008789,tie
blocking_diagnostic_v13,disturbance_high_fmin_010_agov_100,21,63,0.9343867817348966,0.6783337120672547,0.9989462014590522,0.796369257187604,0.22732179119420662,0.18932344346979402,0.8666666666666667,29,39,0,1,0,,0.9029850649754096,disturbance
blocking_diagnostic_v13,disturbance_high_fmin_010_agov_100,22,64,0.8748698527396742,0.5273620633628878,0.9867638378621123,0.7650168685844547,0.2050666853283918,0.22074695521727966,0.42,6,46,0,1,0,,0.9509444097297733,tie
blocking_diagnostic_v13,disturbance_high_fmin_010_agov_100,23,65,0.880548537855137,0.6700181334986821,0.9987010509234271,0.720024091553551,0.7048210960020754,0.27438086908360143,0.6933333333333334,5,12,0,1,0,,0.9146053271340713,tie
blocking_diagnostic_v13,disturbance_high_fmin_010_agov_100,24,66,0.9167518603404454,0.6584607986356467,0.9981344672659239,0.8007483169634515,0.20775952503580977,0.2178876175069365,0.7066666666666667,34,57,0,1,0,,0.9211226791923927,disturbance
blocking_diagnostic_v13,disturbance_high_fmin_010_agov_100,25,67,0.7465537363402704,0.5010278681734295,0.9830443110234534,0.5738519037799805,0.28415915714725754,0.26329181942440116,0.5933333333333334,2,11,0,1,1,ended_below_threshold,0.9203655829884367,tie
blocking_diagnostic_v13,disturbance_high_fmin_010_agov_100,26,68,0.9789653282016203,0.6355801717247439,0.9951250258840343,0.8599290446301416,0.1965209112629562,0.18254349341776546,0.7466666666666667,73,104,0,1,0,,0.918184529547013,tie
blocking_diagnostic_v13,disturbance_high_fmin_010_agov_100,27,69,0.6825324435844073,0.5892799791850837,0.9966045089990069,0.5831093203667803,0.25273535992666063,0.24872476417813116,0.84,15,19,0,1,1,ended_below_threshold,0.9174340425871249,disturbance
blocking_diagnostic_v13,disturbance_high_fmin_010_agov_100,28,70,0.8779984427619156,0.4490223200537461,0.9962387420127983,0.7108723231959818,0.7079723230283979,0.26677940536902184,0.66,4,42,0,1,0,,0.9272753792286907,tie
blocking_diagnostic_v13,disturbance_high_fmin_010_agov_100,29,71,0.8727641020999691,0.47880545596353186,0.99517612700626,0.6823963264737694,0.25056838075399224,0.24850311482999335,0.7466666666666667,8,20,0,1,0,,0.9138323427036736,disturbance
blocking_diagnostic_v13,disturbance_high_fmin_015_agov_060,0,42,0.7640951017803526,0.5447044666800168,0.9140999837357514,0.581279646429405,0.3711213126060188,0.28692028651335166,0.4066666666666667,4,19,0,1,1,ended_below_threshold,0.9745863837307007,tie
blocking_diagnostic_v13,disturbance_high_fmin_015_agov_060,1,43,0.5979998571700973,0.375579779414557,0.8997208161535546,0.46961542107106596,0.4117356823909234,0.28434624738905423,0.15333333333333332,1,6,0,1,1,ended_below_threshold,0.9895136017114499,tie
blocking_diagnostic_v13,disturbance_high_fmin_015_agov_060,2,44,0.610770559208382,0.41757295670089434,0.8796680660709393,0.5075347770962698,0.32871192977924957,0.2249754730893369,0.12666666666666668,4,6,0,1,1,ended_below_threshold,0.9851247128250382,tie
blocking_diagnostic_v13,disturbance_high_fmin_015_agov_060,3,45,0.7727790752110318,0.4382890040141906,0.9128272278477554,0.6256799427063913,0.3097361495549066,0.22004071072222722,0.21333333333333335,6,49,0,1,1,ended_below_threshold,0.9821403471590241,tie
blocking_diagnostic_v13,disturbance_high_fmin_015_agov_060,4,46,0.46555855455167405,0.4176326091603168,0.9169801888926329,0.261870902285042,0.44164609615909883,0.34744681978454167,0.26,5,24,0,1,1,ended_below_threshold,0.9807265356680465,tie
blocking_diagnostic_v13,disturbance_high_fmin_015_agov_060,5,47,0.7174902882533614,0.3294969929931613,0.8800083986237249,0.5889760738515643,0.35052566084542636,0.24509865503171466,0.07333333333333333,3,80,0,1,1,ended_below_threshold,0.9890432301417604,tie
blocking_diagnostic_v13,disturbance_high_fmin_015_agov_060,6,48,0.7989549682650914,0.46359274718330046,0.8958826521294312,0.6375553198958556,0.28555929546371406,0.25551360636331866,0.22,7,122,0,1,1,ended_below_threshold,0.9896624270481418,tie
blocking_diagnostic_v13,disturbance_high_fmin_015_agov_060,7,49,0.6822254561747096,0.4185916496591445,0.8269038154785132,0.5687995564383803,0.36776291587636745,0.24181076154258285,0.04,2,35,0,1,1,ended_below_threshold,0.9949556504299316,tie
blocking_diagnostic_v13,disturbance_high_fmin_015_agov_060,8,50,0.6723644383880056,0.4540210113034813,0.914114702465145,0.5800054795162882,0.3327773293585661,0.22324487728742934,0.29333333333333333,3,15,0,1,1,ended_below_threshold,0.9843526134119016,tie
blocking_diagnostic_v13,disturbance_high_fmin_015_agov_060,9,51,0.8897483444577662,0.3962970240662135,0.9309560432392935,0.7216991353748897,0.289166051627336,0.258760903842724,0.25333333333333335,7,26,0,1,0,,0.9845432048013171,tie
blocking_diagnostic_v13,disturbance_high_fmin_015_agov_060,10,52,0.6145511850652452,0.5913381533609049,0.9342188047356769,0.43883098738052934,0.339689120084147,0.27911106402940195,0.5266666666666666,8,40,0,1,1,ended_below_threshold,0.9726198948495925,tie
blocking_diagnostic_v13,disturbance_high_fmin_015_agov_060,11,53,0.5997877384825816,0.47751058462286505,0.885014595873577,0.48092841251517054,0.31964713057880056,0.24753931440903632,0.26666666666666666,4,16,0,1,1,ended_below_threshold,0.9824420170105003,tie
blocking_diagnostic_v13,disturbance_high_fmin_015_agov_060,12,54,0.8740113909247947,0.4010402708234059,0.8831717734462619,0.7659627956259976,0.2859316203517269,0.23562855907453684,0.14666666666666667,5,53,0,1,0,,0.9867658892470369,tie
blocking_diagnostic_v13,disturbance_high_fmin_015_agov_060,13,55,0.6205490109059357,0.3600983499792993,0.89543109076184,0.4766984236102121,0.3384812849882968,0.23806259394805498,0.18,1,6,0,1,1,ended_below_threshold,0.9910766041518203,tie
blocking_diagnostic_v13,disturbance_high_fmin_015_agov_060,14,56,0.743572529685913,0.49817542478092935,0.8765403142317583,0.638026669786181,0.3106684237927783,0.21285486028772155,0.20666666666666667,4,15,0,1,1,ended_below_threshold,0.9821037134077341,tie
blocking_diagnostic_v13,disturbance_high_fmin_015_agov_060,15,57,0.5332687126441819,0.410937587689184,0.8818499278810469,0.3216923216024964,0.4212379105171363,0.3445449593084889,0.08,1,13,0,1,1,ended_below_threshold,0.9893734217752498,tie
blocking_diagnostic_v13,disturbance_high_fmin_015_agov_060,16,58,0.8575940343473846,0.4102379319663995,0.9255453942768346,0.7685814026794162,0.26325021143698024,0.19496945181577394,0.35333333333333333,22,34,0,1,0,,0.9787749363113389,tie
blocking_diagnostic_v13,disturbance_high_fmin_015_agov_060,17,59,0.8829057286911357,0.37819059566680874,0.8980254802963373,0.7409334331736022,0.32644921867263577,0.18989667373451308,0.35333333333333333,2,9,0,1,0,,0.978931106554832,tie
blocking_diagnostic_v13,disturbance_high_fmin_015_agov_060,18,60,0.6604165999870226,0.46794868362701,0.8936765508089339,0.5403797762400772,0.39575871449588124,0.24293991180515895,0.07333333333333333,11,,0,0,1,never_recovered,0.9907758045679903,tie
blocking_diagnostic_v13,disturbance_high_fmin_015_agov_060,19,61,0.740745985732145,0.4880255757992827,0.9105059362836756,0.5798637700054416,0.4300840698462479,0.26607145047569486,0.29333333333333333,15,48,0,1,1,ended_below_threshold,0.9817025675693386,tie
blocking_diagnostic_v13,disturbance_high_fmin_015_agov_060,20,62,0.7424548516187909,0.485860676396825,0.8852731402076162,0.6486037234429709,0.32595468126423377,0.2255815451746312,0.2,5,10,0,1,1,ended_below_threshold,0.9850801375801198,tie
blocking_diagnostic_v13,disturbance_high_fmin_015_agov_060,21,63,0.8343870695591863,0.5695228791777548,0.9167516909531146,0.7356803074353818,0.3057991830483736,0.21577994049447696,0.49333333333333335,4,10,0,1,0,,0.9737894860865889,tie
blocking_diagnostic_v13,disturbance_high_fmin_015_agov_060,22,64,0.7388060749185236,0.3758472461106418,0.8808229369435613,0.6231635834194056,0.2999394336033173,0.2722209896875501,0.08666666666666667,5,53,0,1,1,ended_below_threshold,0.9882187165656257,tie
blocking_diagnostic_v13,disturbance_high_fmin_015_agov_060,23,65,0.730911658730684,0.5535355164880786,0.9155819797899807,0.6050008096290781,0.7883995105956206,0.3052749059223414,0.26,4,31,0,1,1,ended_below_threshold,0.9848443126408536,tie
blocking_diagnostic_v13,disturbance_high_fmin_015_agov_060,24,66,0.7810188755149938,0.5293026964633302,0.9255097948349628,0.7009134715797234,0.2929338901982751,0.25298364580062765,0.25333333333333335,2,4,0,1,1,ended_below_threshold,0.9862833707379666,tie
blocking_diagnostic_v13,disturbance_high_fmin_015_agov_060,25,67,0.6485038975097992,0.4087362187129286,0.8904400229696361,0.4379501716538251,0.3753708363923325,0.3099845032493129,0.22,1,59,0,1,1,ended_below_threshold,0.9858728451638414,tie
blocking_diagnostic_v13,disturbance_high_fmin_015_agov_060,26,68,0.8849124951932842,0.4362628551948028,0.9085083918643693,0.791318098313124,0.2743660590586323,0.20675261829721253,0.41333333333333333,6,13,0,1,0,,0.9798853706138969,tie
blocking_diagnostic_v13,disturbance_high_fmin_015_agov_060,27,69,0.4935588423480116,0.4165086479507748,0.9179193233236032,0.3188444327510258,0.37305456632945116,0.3177575359672588,0.49333333333333335,8,25,0,1,1,ended_below_threshold,0.9738241966247434,tie
blocking_diagnostic_v13,disturbance_high_fmin_015_agov_060,28,70,0.7738985616555668,0.33096608574350966,0.8999510589425669,0.6429498098424595,0.7837620238479523,0.29180302098414074,0.4266666666666667,3,54,0,1,1,ended_below_threshold,0.9812941432419374,tie
blocking_diagnostic_v13,disturbance_high_fmin_015_agov_060,29,71,0.7827391677258227,0.3595183035443718,0.9085004483716124,0.5872406877274727,0.32346185683833,0.2806035431822965,0.44,7,26,0,1,1,ended_below_threshold,0.9768519906975577,tie
blocking_diagnostic_v13,disturbance_high_fmin_015_agov_080,0,42,0.7658415088875123,0.5461610308265907,0.9111865960727273,0.5896529547744025,0.3768945022397632,0.2861077923017967,0.42,4,19,0,1,1,ended_below_threshold,0.9720710905725601,tie
blocking_diagnostic_v13,disturbance_high_fmin_015_agov_080,1,43,0.5981087816029536,0.37750891100743156,0.8966020617208822,0.4677882585086649,0.41025109379886165,0.2842099690092085,0.15333333333333332,1,5,0,1,1,ended_below_threshold,0.9884151338331043,tie
blocking_diagnostic_v13,disturbance_high_fmin_015_agov_080,2,44,0.6103971973617187,0.41901781682581046,0.8801329281622524,0.504463593662484,0.32815419520847455,0.22400771394225355,0.12666666666666668,4,6,0,1,1,ended_below_threshold,0.9837011598019778,tie
blocking_diagnostic_v13,disturbance_high_fmin_015_agov_080,3,45,0.7701254195613311,0.43926260109607534,0.9140372158547229,0.624421591072664,0.31480037060856514,0.22161730935491955,0.21333333333333335,6,49,0,1,1,ended_below_threshold,0.9802701758588553,tie
blocking_diagnostic_v13,disturbance_high_fmin_015_agov_080,4,46,0.467204136007786,0.4210648172448818,0.9153837219952028,0.264453200053109,0.44466197314567113,0.3471919892058293,0.25333333333333335,5,24,0,1,1,ended_below_threshold,0.9793854760837661,tie
blocking_diagnostic_v13,disturbance_high_fmin_015_agov_080,5,47,0.7168798210979309,0.3306363589313075,0.8803322644130938,0.5901337864222039,0.35482441780253826,0.24322006380056918,0.06666666666666667,3,80,0,1,1,ended_below_threshold,0.9881965424072636,tie
blocking_diagnostic_v13,disturbance_high_fmin_015_agov_080,6,48,0.7994280957165506,0.46392232946750145,0.8999863079372338,0.6435142439034769,0.2894358890240948,0.25622692270077796,0.22,7,122,0,1,1,ended_below_threshold,0.9897737812372335,tie
blocking_diagnostic_v13,disturbance_high_fmin_015_agov_080,7,49,0.683572500008438,0.4170984233559867,0.8258069004359759,0.5703593517047771,0.3692597865676323,0.2403174453599855,0.04,2,35,0,1,1,ended_below_threshold,0.9945866754198099,tie
blocking_diagnostic_v13,disturbance_high_fmin_015_agov_080,8,50,0.6722458199278559,0.4561055511303026,0.9080557208858189,0.5768066730821179,0.33141495032270585,0.22255847889094948,0.29333333333333333,3,15,0,1,1,ended_below_threshold,0.9826224581084638,tie
blocking_diagnostic_v13,disturbance_high_fmin_015_agov_080,9,51,0.8901523161561283,0.39747308635080164,0.9269096376166814,0.7234220089139607,0.2897380497214684,0.2584861164603944,0.26,7,25,0,1,0,,0.984116011554929,tie
blocking_diagnostic_v13,disturbance_high_fmin_015_agov_080,10,52,0.6162907116425819,0.5929441120249485,0.9324015927552798,0.44345389200163776,0.3444294056441211,0.27884668198837387,0.5333333333333333,8,39,0,1,1,ended_below_threshold,0.9709286639333703,tie
blocking_diagnostic_v13,disturbance_high_fmin_015_agov_080,11,53,0.5992266914161832,0.47722271775450237,0.8795842710637329,0.4795601762780608,0.321794546510629,0.2468429124335428,0.26666666666666666,4,16,0,1,1,ended_below_threshold,0.9806625342914841,tie
blocking_diagnostic_v13,disturbance_high_fmin_015_agov_080,12,54,0.8681153821376728,0.40410871470701126,0.8830077502223287,0.7576747518338602,0.28514203054513315,0.23517826401556174,0.14,5,53,0,1,0,,0.9863568387380176,tie
blocking_diagnostic_v13,disturbance_high_fmin_015_agov_080,13,55,0.6194098208958179,0.35873795994183266,0.8939823265999199,0.4767549636284039,0.34128913068936795,0.2375177591453197,0.17333333333333334,1,6,0,1,1,ended_below_threshold,0.989565528454786,tie
blocking_diagnostic_v13,disturbance_high_fmin_015_agov_080,14,56,0.7442709193002445,0.4951464323497056,0.8782003034823361,0.6395732774654264,0.3113275253904758,0.21338211195340112,0.20666666666666667,4,15,0,1,1,ended_below_threshold,0.9806931086456577,tie
blocking_diagnostic_v13,disturbance_high_fmin_015_agov_080,15,57,0.5330795920016033,0.41098641382823115,0.8777124317853924,0.32141384792857336,0.4214248829897402,0.3444768162955619,0.08666666666666667,2,13,0,1,1,ended_below_threshold,0.9887311276814598,tie
blocking_diagnostic_v13,disturbance_high_fmin_015_agov_080,16,58,0.8538660349552409,0.41283814936141144,0.9282584145967008,0.7607940799432489,0.26348301523640105,0.19542358520996048,0.3466666666666667,22,34,0,1,0,,0.9772350115415241,tie
blocking_diagnostic_v13,disturbance_high_fmin_015_agov_080,17,59,0.8811103008491752,0.38063302823410194,0.894521541492977,0.7436815677038928,0.325331597009588,0.18992025990699107,0.35333333333333333,2,9,0,1,0,,0.9775001235954871,tie
blocking_diagnostic_v13,disturbance_high_fmin_015_agov_080,18,60,0.6614952496875862,0.47052039682333596,0.8980966867404768,0.5399093130755723,0.3947254015088094,0.24225096239358732,0.07333333333333333,11,,0,0,1,never_recovered,0.9911910669059025,tie
blocking_diagnostic_v13,disturbance_high_fmin_015_agov_080,19,61,0.7411884857093245,0.4871702327155978,0.9111658009200293,0.5789596947963679,0.42659240648274976,0.2664950641733197,0.2733333333333333,15,48,0,1,1,ended_below_threshold,0.9796052427180044,tie
blocking_diagnostic_v13,disturbance_high_fmin_015_agov_080,20,62,0.7424574834579457,0.4870716324927055,0.8853508531388615,0.6474225042841695,0.3268933577041473,0.22446752550254717,0.20666666666666667,6,10,0,1,1,ended_below_threshold,0.9840469131894564,tie
blocking_diagnostic_v13,disturbance_high_fmin_015_agov_080,21,63,0.834783710595265,0.5687830688960512,0.9165955689162674,0.7345439164832578,0.30524093669122543,0.21562060800242952,0.49333333333333335,4,10,0,1,0,,0.9712457776752766,tie
blocking_diagnostic_v13,disturbance_high_fmin_015_agov_080,22,64,0.7401279359745251,0.3749751140420839,0.8820613348457347,0.6264334728925759,0.3042986162250997,0.2697600158203667,0.08666666666666667,5,53,0,1,1,ended_below_threshold,0.9885416919970441,tie
blocking_diagnostic_v13,disturbance_high_fmin_015_agov_080,23,65,0.7296332875058338,0.5519797598977002,0.9140105820381306,0.5999530810398043,0.7872755011154755,0.30321361536939534,0.26666666666666666,4,30,0,1,1,ended_below_threshold,0.9839967427575118,tie
blocking_diagnostic_v13,disturbance_high_fmin_015_agov_080,24,66,0.7819642602570938,0.5319578188155467,0.9233794530468628,0.6988629866537449,0.2915512847464012,0.2507810382380699,0.25333333333333335,2,4,0,1,1,ended_below_threshold,0.9849403608697603,tie
blocking_diagnostic_v13,disturbance_high_fmin_015_agov_080,25,67,0.6446066589740143,0.41247560357543006,0.8883178278961142,0.4376762603509493,0.3861073726429318,0.31208886103761285,0.22,1,59,0,1,1,ended_below_threshold,0.9841865728219057,tie
blocking_diagnostic_v13,disturbance_high_fmin_015_agov_080,26,68,0.8782443872104141,0.43712814124074817,0.9074462996101836,0.7787675043383506,0.27428227305239095,0.20769994228498356,0.4066666666666667,6,13,0,1,0,,0.9770230456285951,tie
blocking_diagnostic_v13,disturbance_high_fmin_015_agov_080,27,69,0.49404229058666344,0.4171969826339971,0.9148997044467299,0.3203439597347324,0.3758410325658444,0.3181993851201136,0.49333333333333335,8,25,0,1,1,ended_below_threshold,0.9719565889758134,tie
blocking_diagnostic_v13,disturbance_high_fmin_015_agov_080,28,70,0.7729338364593201,0.33299964066789445,0.8968667642147855,0.6366967160061734,0.7845401935970019,0.29131735705289574,0.44,3,54,0,1,1,ended_below_threshold,0.9790626599306965,tie
blocking_diagnostic_v13,disturbance_high_fmin_015_agov_080,29,71,0.7831214171659425,0.36147191555908864,0.9065734420254712,0.5939741726360671,0.3286108735519338,0.2807972757579378,0.43333333333333335,7,26,0,1,1,ended_below_threshold,0.9755767177340975,tie
blocking_diagnostic_v13,disturbance_high_fmin_015_agov_100,0,42,0.766990176816774,0.5455285947619821,0.9095684783765056,0.5946425324764879,0.3807709620172625,0.2853497845246251,0.41333333333333333,4,19,0,1,1,ended_below_threshold,0.9706459255003148,tie
blocking_diagnostic_v13,disturbance_high_fmin_015_agov_100,1,43,0.5962528531494584,0.3791440498426022,0.8949884432392213,0.4641431257881854,0.4091836101556621,0.28467184885332436,0.15333333333333332,1,5,0,1,1,ended_below_threshold,0.9874961117255471,tie
blocking_diagnostic_v13,disturbance_high_fmin_015_agov_100,2,44,0.6092906480799042,0.4186695873163294,0.8805982169621468,0.5013394276701709,0.3275954321969019,0.2235548861805874,0.13333333333333333,5,6,0,1,1,ended_below_threshold,0.9830008532103928,tie
blocking_diagnostic_v13,disturbance_high_fmin_015_agov_100,3,45,0.7695335452489867,0.4396363018681458,0.9148627686709753,0.6262287293302181,0.3197909613107331,0.2219821561523402,0.21333333333333335,6,49,0,1,1,ended_below_threshold,0.9796070638921356,tie
blocking_diagnostic_v13,disturbance_high_fmin_015_agov_100,4,46,0.46778436689461256,0.4226634264798237,0.9142719960657194,0.2662523864465979,0.4492807678214661,0.3470646658340284,0.24666666666666667,5,24,0,1,1,ended_below_threshold,0.978950934068755,tie
blocking_diagnostic_v13,disturbance_high_fmin_015_agov_100,5,47,0.7157977238380404,0.3308297215609168,0.8806562744836334,0.589999809083541,0.35872946888085566,0.24200052119677723,0.06666666666666667,3,80,0,1,1,ended_below_threshold,0.98780662323411,tie
blocking_diagnostic_v13,disturbance_high_fmin_015_agov_100,6,48,0.7997497949028531,0.46232886715898286,0.9024138045921639,0.6479742325731352,0.29383356921083514,0.2559272995844847,0.22,7,122,0,1,1,ended_below_threshold,0.9896937100380512,tie
blocking_diagnostic_v13,disturbance_high_fmin_015_agov_100,7,49,0.6840889232213663,0.4164455941306312,0.8247275520897225,0.5706102460004643,0.3697462328980347,0.2395698808321911,0.04,2,35,0,1,1,ended_below_threshold,0.9941642415579598,tie
blocking_diagnostic_v13,disturbance_high_fmin_015_agov_100,8,50,0.6710626556967278,0.4573905578204426,0.9041790717357878,0.5732552510032687,0.330598209347854,0.22229043638364993,0.29333333333333333,3,15,0,1,1,ended_below_threshold,0.9816140744214857,tie
blocking_diagnostic_v13,disturbance_high_fmin_015_agov_100,9,51,0.8899347501057076,0.39707867506209205,0.9243530708147482,0.7244099233856647,0.2904826025741146,0.2583520490626353,0.26666666666666666,8,25,0,1,0,,0.9838049702571361,tie
blocking_diagnostic_v13,disturbance_high_fmin_015_agov_100,10,52,0.615969549547548,0.5927170361827401,0.9310655739073304,0.44429342936199245,0.34858135353737474,0.2791788017756418,0.54,9,39,0,1,1,ended_below_threshold,0.9695707037208278,tie
blocking_diagnostic_v13,disturbance_high_fmin_015_agov_100,11,53,0.5972807623369258,0.47550952931796325,0.8766152897083429,0.47605206536076317,0.32322171119107806,0.24653969202492546,0.26,4,16,0,1,1,ended_below_threshold,0.9797416599505667,tie
blocking_diagnostic_v13,disturbance_high_fmin_015_agov_100,12,54,0.8650734132140422,0.4053644769543359,0.8840096278366754,0.7549427599161562,0.2841464693769262,0.2346745224841889,0.13333333333333333,5,54,0,1,0,,0.986214170727204,tie
blocking_diagnostic_v13,disturbance_high_fmin_015_agov_100,13,55,0.6180026584621995,0.3567320164524083,0.8935855834596858,0.47582428397221055,0.3447354248708405,0.23774039098169547,0.17333333333333334,1,6,0,1,1,ended_below_threshold,0.9888937622321218,tie
blocking_diagnostic_v13,disturbance_high_fmin_015_agov_100,14,56,0.744132596430287,0.49388378544271905,0.8796178089347544,0.6387788626992329,0.3108194946740211,0.21375655282301276,0.20666666666666667,4,15,0,1,1,ended_below_threshold,0.9802023146390394,tie
blocking_diagnostic_v13,disturbance_high_fmin_015_agov_100,15,57,0.5310576802209425,0.41027866886670256,0.8746771044626567,0.31975602097207745,0.427888316241822,0.34430433473894273,0.08666666666666667,2,13,0,1,1,ended_below_threshold,0.9883540141857959,tie
blocking_diagnostic_v13,disturbance_high_fmin_015_agov_100,16,58,0.8509972860124937,0.41414275783086685,0.9294464628048468,0.7562366860332808,0.2629506737374542,0.1955370332340421,0.34,22,35,0,1,0,,0.976143959075569,tie
blocking_diagnostic_v13,disturbance_high_fmin_015_agov_100,17,59,0.88007460281319,0.3800078740432935,0.8936122913356368,0.7450562734825815,0.32492201969676837,0.18967435299484034,0.35333333333333333,2,9,0,1,0,,0.9768068054383928,tie
blocking_diagnostic_v13,disturbance_high_fmin_015_agov_100,18,60,0.6601779284677571,0.47049077059088795,0.9001867270417315,0.5367738991743558,0.3939209640572988,0.24232325828042817,0.07333333333333333,11,,0,0,1,never_recovered,0.9914420051188889,tie
blocking_diagnostic_v13,disturbance_high_fmin_015_agov_100,19,61,0.7415230958093648,0.4855258087557585,0.91163626529622,0.5796886903565892,0.42665180763150035,0.2668770520284856,0.28,15,48,0,1,1,ended_below_threshold,0.9784964584377942,tie
blocking_diagnostic_v13,disturbance_high_fmin_015_agov_100,20,62,0.7419721182727649,0.48501143857072543,0.8863109740514166,0.6455119043061476,0.32725704862396066,0.22351780476417304,0.20666666666666667,6,9,0,1,1,ended_below_threshold,0.9837447178182005,tie
blocking_diagnostic_v13,disturbance_high_fmin_015_agov_100,21,63,0.8347637490895919,0.5674611864345608,0.9165034291515317,0.7319639304714349,0.305687264958418,0.2166146353172474,0.49333333333333335,4,9,0,1,0,,0.9697770483387901,tie
blocking_diagnostic_v13,disturbance_high_fmin_015_agov_100,22,64,0.7399239781752861,0.37517800960036185,0.8830867005288133,0.6264107019703696,0.3069987813609213,0.26876939892685076,0.08666666666666667,5,53,0,1,1,ended_below_threshold,0.9887880090162569,tie
blocking_diagnostic_v13,disturbance_high_fmin_015_agov_100,23,65,0.7282322442002265,0.5500345254101023,0.9128779005283596,0.595925387572339,0.7867333739114358,0.30186117781713595,0.2733333333333333,5,30,0,1,1,ended_below_threshold,0.9837620575162426,tie
blocking_diagnostic_v13,disturbance_high_fmin_015_agov_100,24,66,0.781373991264017,0.5326422707414764,0.9219322554422542,0.695957945966973,0.2911498613967661,0.2493812732620966,0.25333333333333335,2,4,0,1,1,ended_below_threshold,0.9838331752531756,tie
blocking_diagnostic_v13,disturbance_high_fmin_015_agov_100,25,67,0.641662851063334,0.414463218395392,0.887458656707183,0.4369886621404644,0.39515624341538047,0.31334775076465193,0.20666666666666667,1,59,0,1,1,ended_below_threshold,0.9831761378401336,tie
blocking_diagnostic_v13,disturbance_high_fmin_015_agov_100,26,68,0.8743568649949836,0.43560432856191267,0.9066943584941742,0.7733065088837008,0.27292767156453024,0.20763840093119826,0.3933333333333333,6,13,0,1,0,,0.9755750009384455,tie
blocking_diagnostic_v13,disturbance_high_fmin_015_agov_100,27,69,0.49285385794535935,0.41592776573600615,0.9131731297943064,0.3191200356407223,0.3775459144426353,0.31879907414637515,0.5,8,25,0,1,1,ended_below_threshold,0.9708739509935064,tie
blocking_diagnostic_v13,disturbance_high_fmin_015_agov_100,28,70,0.7719944593929783,0.3347606638205685,0.8949631457334777,0.6322993640315078,0.7857880452285602,0.29186638135622095,0.44666666666666666,3,54,0,1,1,ended_below_threshold,0.9776687243742879,tie
blocking_diagnostic_v13,disturbance_high_fmin_015_agov_100,29,71,0.7833965328132408,0.3628494258295955,0.9053953287043546,0.5986769602185265,0.3337201389258212,0.28041617940038605,0.43333333333333335,7,26,0,1,1,ended_below_threshold,0.9743218759031795,tie
blocking_diagnostic_v13,disturbance_high_fmin_020_agov_060,0,42,0.6329784873463465,0.33862333141665757,0.8707685746873678,0.4260379374638484,0.48395594365302963,0.3410519995161627,0.02666666666666667,4,,0,0,1,never_recovered,0.9921188737183134,tie
blocking_diagnostic_v13,disturbance_high_fmin_020_agov_060,1,43,0.42402736347317954,0.2786243943166473,0.8119588011686563,0.23019524427915924,0.5316635068413812,0.34755590079727733,0.006666666666666667,1,,0,0,1,never_recovered,0.9959333333333332,tie
blocking_diagnostic_v13,disturbance_high_fmin_020_agov_060,2,44,0.44959707050463116,0.2827472338710643,0.865542086092753,0.27798932191478665,0.4463046991074719,0.2864687845786843,0.02,3,,0,0,1,never_recovered,0.9928135673866236,tie
blocking_diagnostic_v13,disturbance_high_fmin_020_agov_060,3,45,0.5917314045242037,0.29201596846987854,0.8786434410134414,0.38823888435534537,0.4499857088714802,0.29457187920157635,0.03333333333333333,5,,0,0,1,never_recovered,0.9914130325357162,tie
blocking_diagnostic_v13,disturbance_high_fmin_020_agov_060,4,46,0.33871336645277944,0.28150105726855734,0.867965385274614,0.09673350660079105,0.565707113938627,0.3987661804384813,0.02666666666666667,4,,0,0,1,never_recovered,0.9926104312353743,tie
blocking_diagnostic_v13,disturbance_high_fmin_020_agov_060,5,47,0.5030071584631588,0.2575009770825135,0.8658349851131408,0.304497477091203,0.48841425090833374,0.3215418951005561,0.02,3,,0,0,1,never_recovered,0.9926695271773602,tie
blocking_diagnostic_v13,disturbance_high_fmin_020_agov_060,6,48,0.6525273327729079,0.31393107912323426,0.8665479093458608,0.462661805434996,0.4055953695874167,0.3158018561481551,0.04,6,,0,0,1,never_recovered,0.9926369671033405,trust
blocking_diagnostic_v13,disturbance_high_fmin_020_agov_060,7,49,0.4748097554883862,0.2927854912974299,0.8150857775995539,0.28769074841571396,0.49668915616764653,0.31213270904394397,0.006666666666666667,1,,0,0,1,never_recovered,0.9958116243404816,tie
blocking_diagnostic_v13,disturbance_high_fmin_020_agov_060,8,50,0.4953611570051288,0.32264095642621576,0.8656224425579634,0.33393982698480645,0.4529787023138651,0.28643988458405184,0.02,3,,0,0,1,never_recovered,0.9927174668595018,tie
blocking_diagnostic_v13,disturbance_high_fmin_020_agov_060,9,51,0.7969523088337477,0.28077317552739806,0.8689410145872875,0.6547279900966237,0.36706889898166695,0.2876692895935161,0.09333333333333334,6,141,0,1,1,ended_below_threshold,0.9924802753924876,trust
blocking_diagnostic_v13,disturbance_high_fmin_020_agov_060,10,52,0.4938266302064066,0.4848211709634197,0.8673121066400782,0.26407790346792015,0.45343623065792343,0.33563431430506213,0.11333333333333333,6,89,0,1,1,ended_below_threshold,0.9926111935382598,trust
blocking_diagnostic_v13,disturbance_high_fmin_020_agov_060,11,53,0.41925347767804183,0.3088353771563828,0.8595139126214177,0.23138730405496213,0.44084737451530076,0.3132537674219755,0.02,3,,0,0,1,never_recovered,0.9934307718263886,trust
blocking_diagnostic_v13,disturbance_high_fmin_020_agov_060,12,54,0.6670143171454137,0.2827808405394707,0.8670954069863563,0.5415216781571338,0.40752171496507095,0.30214298006188645,0.02666666666666667,4,,0,0,1,never_recovered,0.9926066247191708,trust
blocking_diagnostic_v13,disturbance_high_fmin_020_agov_060,13,55,0.4558131270810317,0.25968248937158184,0.8092412571772197,0.2483467749473348,0.4636775654853634,0.30152627838686,0.006666666666666667,1,,0,0,1,never_recovered,0.9959333333333332,tie
blocking_diagnostic_v13,disturbance_high_fmin_020_agov_060,14,56,0.5462505794181494,0.37549244388844955,0.8629453406153571,0.3685644739805607,0.4376762690687215,0.28415439294366446,0.02,3,,0,0,1,never_recovered,0.9931013963118291,tie
blocking_diagnostic_v13,disturbance_high_fmin_020_agov_060,15,57,0.35095534243592014,0.27729882500720066,0.8135732140367163,0.09381983546710343,0.5691272913647598,0.40768444108223834,0.006666666666666667,1,,0,0,1,never_recovered,0.9958737241977277,tie
blocking_diagnostic_v13,disturbance_high_fmin_020_agov_060,16,58,0.6433399442402683,0.2914722107585979,0.8732741771666355,0.5078000414118343,0.3971065804336602,0.27194588942688314,0.14,21,,0,0,1,never_recovered,0.9920705748989375,trust
blocking_diagnostic_v13,disturbance_high_fmin_020_agov_060,17,59,0.7049948142464965,0.26594214325731713,0.8571548241617779,0.5725620459388386,0.4418324942378556,0.2500243598308588,0.006666666666666667,1,,0,0,1,never_recovered,0.993961175983726,tie
blocking_diagnostic_v13,disturbance_high_fmin_020_agov_060,18,60,0.4498174034665138,0.2992305189064784,0.8652556232170832,0.25629793706524845,0.5232517610078141,0.3139090690684367,0.05333333333333334,8,,0,0,1,never_recovered,0.9926881168502293,trust
blocking_diagnostic_v13,disturbance_high_fmin_020_agov_060,19,61,0.5310312611386011,0.31942508791117086,0.8620303168535899,0.30769349224861825,0.5823654778776286,0.3471149307217272,0.08666666666666667,13,,0,0,1,never_recovered,0.9930110348441247,trust
blocking_diagnostic_v13,disturbance_high_fmin_020_agov_060,20,62,0.5168480974925219,0.30343054360887484,0.8653658492338651,0.34402231152688867,0.45699271677579567,0.3019566713389046,0.02666666666666667,4,,0,0,1,never_recovered,0.9927880022487339,trust
blocking_diagnostic_v13,disturbance_high_fmin_020_agov_060,21,63,0.6815631466139817,0.43786371142227387,0.8682214103222512,0.5385228024958885,0.42455213804736835,0.2806541994534077,0.02,3,,0,0,1,never_recovered,0.992671931469528,tie
blocking_diagnostic_v13,disturbance_high_fmin_020_agov_060,22,64,0.5244063443108157,0.2628057710631591,0.8656030907403731,0.33554066852525444,0.43348209915346836,0.35061711352287916,0.02666666666666667,4,,0,0,1,never_recovered,0.99277813115029,trust
blocking_diagnostic_v13,disturbance_high_fmin_020_agov_060,23,65,0.5273528866620907,0.37107313349208243,0.864870241603894,0.3341055106942743,0.9174889160034199,0.3783764462574037,0.02,3,,0,0,1,never_recovered,0.9927887370271319,tie
blocking_diagnostic_v13,disturbance_high_fmin_020_agov_060,24,66,0.5587655189771773,0.3690947970104669,0.8301849101190582,0.4033664410468314,0.42760532792765754,0.3304612119859767,0.04,1,24,0,1,1,ended_below_threshold,0.9958557868850149,tie
blocking_diagnostic_v13,disturbance_high_fmin_020_agov_060,25,67,0.46153370314369496,0.31522145050811184,0.8079885263402834,0.20038507969367308,0.5173930353789661,0.38111125493196096,0.006666666666666667,1,,0,0,1,never_recovered,0.9959333333333332,tie
blocking_diagnostic_v13,disturbance_high_fmin_020_agov_060,26,68,0.6857478080289489,0.297943524320588,0.8584639905967344,0.5802052503464937,0.3853866951880694,0.2636695583109698,0.04666666666666667,5,46,0,1,1,ended_below_threshold,0.9932798030418483,trust
blocking_diagnostic_v13,disturbance_high_fmin_020_agov_060,27,69,0.3456815756384175,0.27629873478105776,0.873652941833349,0.1214892397450073,0.49573961747883083,0.37877783881402455,0.04,6,,0,0,1,never_recovered,0.9921529576210683,trust
blocking_diagnostic_v13,disturbance_high_fmin_020_agov_060,28,70,0.5904561875380536,0.27081135239800713,0.865814195848614,0.4011722194249949,0.9100137522442163,0.36104449273460976,0.013333333333333334,2,,0,0,1,never_recovered,0.9935325912680243,tie
blocking_diagnostic_v13,disturbance_high_fmin_020_agov_060,29,71,0.6464779274972628,0.26772073123677426,0.8641222255907619,0.43813923329172394,0.43813505058417795,0.33291714813195855,0.04,6,,0,0,1,never_recovered,0.9929175295559896,trust
blocking_diagnostic_v13,disturbance_high_fmin_020_agov_080,0,42,0.6323505771382995,0.3401887626151745,0.871118189301922,0.42875518559114256,0.4899924965216223,0.34129351680765885,0.02666666666666667,4,,0,0,1,never_recovered,0.9928063846322518,tie
blocking_diagnostic_v13,disturbance_high_fmin_020_agov_080,1,43,0.42453547253388324,0.2792860652449641,0.8119588011686563,0.22999712088164712,0.5307634601165623,0.34759116967909487,0.006666666666666667,1,,0,0,1,never_recovered,0.9959333333333332,tie
blocking_diagnostic_v13,disturbance_high_fmin_020_agov_080,2,44,0.4488768159389703,0.2826890283276943,0.8663384746277203,0.2759935110548505,0.4465522748514152,0.28614497012394274,0.02,3,,0,0,1,never_recovered,0.993416527326709,tie
blocking_diagnostic_v13,disturbance_high_fmin_020_agov_080,3,45,0.5924190891186117,0.2932124140926669,0.8818419838047035,0.3909023940340225,0.4526236327627353,0.29417930494222777,0.03333333333333333,5,,0,0,1,never_recovered,0.9920716092111114,tie
blocking_diagnostic_v13,disturbance_high_fmin_020_agov_080,4,46,0.3385690352011183,0.28257018209454976,0.8686099252388998,0.09670610781393427,0.5657422350141654,0.39911242896146265,0.02666666666666667,4,,0,0,1,never_recovered,0.9931825235863656,tie
blocking_diagnostic_v13,disturbance_high_fmin_020_agov_080,5,47,0.5023707071661654,0.2573290710668595,0.8664756688776833,0.30461329760900996,0.4931202221624061,0.32066400839894876,0.02,3,,0,0,1,never_recovered,0.9932712859569004,tie
blocking_diagnostic_v13,disturbance_high_fmin_020_agov_080,6,48,0.653029195712813,0.3141680259102085,0.8665479093458608,0.46656301005583,0.408799759742995,0.3161637646054397,0.04,6,,0,0,1,never_recovered,0.9932548903031496,trust
blocking_diagnostic_v13,disturbance_high_fmin_020_agov_080,7,49,0.47457777315343175,0.2936172711124417,0.8150857775995539,0.2876966656274666,0.49931891522766564,0.31206444961356833,0.006666666666666667,1,,0,0,1,never_recovered,0.9959333333333332,tie
blocking_diagnostic_v13,disturbance_high_fmin_020_agov_080,8,50,0.49513883862080177,0.32380049290998525,0.8661821472571466,0.3322352934479592,0.452312498432959,0.28612317983732627,0.02,3,,0,0,1,never_recovered,0.9933473711009355,tie
blocking_diagnostic_v13,disturbance_high_fmin_020_agov_080,9,51,0.7963979815563833,0.28091929619691225,0.8695877032585653,0.6562180243839143,0.3679741546010761,0.2874452062641659,0.09333333333333334,6,141,0,1,1,ended_below_threshold,0.9930218636957439,trust
blocking_diagnostic_v13,disturbance_high_fmin_020_agov_080,10,52,0.49361009858015986,0.4846210150617597,0.8673121066400782,0.26615742557026334,0.4596252058431327,0.3369655271267306,0.11333333333333333,6,89,0,1,1,ended_below_threshold,0.9931369229966018,tie
blocking_diagnostic_v13,disturbance_high_fmin_020_agov_080,11,53,0.42092844620664266,0.31109993377425005,0.8595139126214177,0.2335282965288807,0.4428238575881489,0.312534164652954,0.02,3,,0,0,1,never_recovered,0.9941447227962684,trust
blocking_diagnostic_v13,disturbance_high_fmin_020_agov_080,12,54,0.6647464510093931,0.2827364987882374,0.8670954069863563,0.5365519771522483,0.4064669772575351,0.3011262868147872,0.02666666666666667,4,,0,0,1,never_recovered,0.9932249223354442,trust
blocking_diagnostic_v13,disturbance_high_fmin_020_agov_080,13,55,0.4558480895450925,0.25993108804725573,0.8092412571772197,0.24961275355421564,0.46754606740515026,0.30182513103896375,0.006666666666666667,1,,0,0,1,never_recovered,0.9959333333333332,tie
blocking_diagnostic_v13,disturbance_high_fmin_020_agov_080,14,56,0.5463496053156468,0.3773706524541994,0.8629453406153571,0.369899505307747,0.43966047128420804,0.28558357246006805,0.02,3,,0,0,1,never_recovered,0.9938422732894088,tie
blocking_diagnostic_v13,disturbance_high_fmin_020_agov_080,15,57,0.35203160019289026,0.27774482802710265,0.8135732140367163,0.09563779182288623,0.5705396885116394,0.4069822465227457,0.006666666666666667,1,,0,0,1,never_recovered,0.9959333333333334,tie
blocking_diagnostic_v13,disturbance_high_fmin_020_agov_080,16,58,0.6427341738928983,0.29145037961572295,0.873799816405318,0.5055751065996734,0.39622259755912786,0.2712703830901726,0.14,21,,0,0,1,never_recovered,0.9927993744473508,trust
blocking_diagnostic_v13,disturbance_high_fmin_020_agov_080,17,59,0.7031257785253311,0.2662307828252804,0.8571548241617779,0.5698222678705724,0.44123473503144783,0.2501623512141794,0.006666666666666667,1,,0,0,1,never_recovered,0.9943401128134974,tie
blocking_diagnostic_v13,disturbance_high_fmin_020_agov_080,18,60,0.4498849144384846,0.29994617299501697,0.8659712544678074,0.2557869343326682,0.5233548552849172,0.3138582345430834,0.05333333333333334,8,,0,0,1,never_recovered,0.9932880402313219,trust
blocking_diagnostic_v13,disturbance_high_fmin_020_agov_080,19,61,0.5309341773010876,0.32090705109843937,0.8628232990101764,0.30707825249388787,0.5795940198011797,0.3468516159126629,0.08666666666666667,13,,0,0,1,never_recovered,0.9936893239132235,trust
blocking_diagnostic_v13,disturbance_high_fmin_020_agov_080,20,62,0.515461843094737,0.3026668244810846,0.8659260379148495,0.3423079299278765,0.4591274244949233,0.3022093370285091,0.02666666666666667,4,,0,0,1,never_recovered,0.993431414154132,trust
blocking_diagnostic_v13,disturbance_high_fmin_020_agov_080,21,63,0.6821259628296489,0.4388244571814596,0.868852554536878,0.5393547948753534,0.42419729483115465,0.28086674892532754,0.02,3,,0,0,1,never_recovered,0.9932564509206145,tie
blocking_diagnostic_v13,disturbance_high_fmin_020_agov_080,22,64,0.5230160060445023,0.26259607016926134,0.866380681052551,0.33491976615841473,0.4386785456068303,0.35002163001982217,0.02666666666666667,4,,0,0,1,never_recovered,0.9933891051432211,trust
blocking_diagnostic_v13,disturbance_high_fmin_020_agov_080,23,65,0.5262194202637404,0.3712614685384582,0.8654820388880045,0.331230503923932,0.9173848821110047,0.37761264695015967,0.02,3,,0,0,1,never_recovered,0.9934254991033103,tie
blocking_diagnostic_v13,disturbance_high_fmin_020_agov_080,24,66,0.5573437809024596,0.3686185440508476,0.8294615884826109,0.40041324068357537,0.4278551585806015,0.32993397406134684,0.04,1,24,0,1,1,ended_below_threshold,0.9958661192654663,tie
blocking_diagnostic_v13,disturbance_high_fmin_020_agov_080,25,67,0.4596913469298948,0.31595835861946564,0.8079885263402834,0.20112586989179598,0.5246629360458352,0.38225504105515046,0.006666666666666667,1,,0,0,1,never_recovered,0.9959333333333332,tie
blocking_diagnostic_v13,disturbance_high_fmin_020_agov_080,26,68,0.684065912062749,0.29872368617806344,0.859543285914459,0.5753633033628957,0.38364909386660995,0.2626432603941065,0.04666666666666667,5,46,0,1,1,ended_below_threshold,0.9939991481822398,trust
blocking_diagnostic_v13,disturbance_high_fmin_020_agov_080,27,69,0.34580198115708666,0.2766959418981068,0.8740303023454657,0.12195907625430588,0.4965318494295331,0.37921053484040346,0.04,6,,0,0,1,never_recovered,0.9926362398916883,trust
blocking_diagnostic_v13,disturbance_high_fmin_020_agov_080,28,70,0.5903271520192451,0.2716083244564709,0.865814195848614,0.39956016457369,0.9096007013842837,0.36028674659250226,0.013333333333333334,2,,0,0,1,never_recovered,0.9937494234777023,tie
blocking_diagnostic_v13,disturbance_high_fmin_020_agov_080,29,71,0.6464733674575454,0.26800649224140244,0.8641222255907619,0.4409029640130382,0.44263305181812684,0.3330284508521769,0.04,6,,0,0,1,never_recovered,0.9936176085088503,trust
blocking_diagnostic_v13,disturbance_high_fmin_020_agov_100,0,42,0.6305614204646641,0.3407214649789253,0.8726145491062514,0.42822516356987456,0.49537080280913603,0.3423213301838149,0.02666666666666667,4,,0,0,1,never_recovered,0.9932673108912521,tie
blocking_diagnostic_v13,disturbance_high_fmin_020_agov_100,1,43,0.42458395704331425,0.2795654813291842,0.8119588011686563,0.22941755510791417,0.529771573169391,0.34781690425484857,0.006666666666666667,1,,0,0,1,never_recovered,0.9959333333333332,tie
blocking_diagnostic_v13,disturbance_high_fmin_020_agov_100,2,44,0.4482618443021834,0.28246286750859545,0.867136249032479,0.27437498606911115,0.44631520907144334,0.285964191517105,0.02,3,,0,0,1,never_recovered,0.9938737871588726,tie
blocking_diagnostic_v13,disturbance_high_fmin_020_agov_100,3,45,0.5908946009242095,0.29367174510395044,0.8840847205613761,0.3907664217732316,0.4588684433470019,0.29481437417471396,0.03333333333333333,5,,0,0,1,never_recovered,0.9924488292082401,tie
blocking_diagnostic_v13,disturbance_high_fmin_020_agov_100,4,46,0.33820464898553376,0.2830966197178931,0.8692553210405539,0.09673653535784738,0.567226970308937,0.39934998696453944,0.02666666666666667,4,,0,0,1,never_recovered,0.9936344090028585,tie
blocking_diagnostic_v13,disturbance_high_fmin_020_agov_100,5,47,0.5015546226446073,0.2571393168490861,0.8671171796697472,0.30422200680170963,0.496963583248353,0.3201668673996797,0.02,3,,0,0,1,never_recovered,0.9937557786274982,tie
blocking_diagnostic_v13,disturbance_high_fmin_020_agov_100,6,48,0.6524853837440118,0.31421300682694375,0.8665751594400168,0.46825623768237934,0.41484861890572733,0.31667871479150694,0.04,6,,0,0,1,never_recovered,0.9937725540658374,trust
blocking_diagnostic_v13,disturbance_high_fmin_020_agov_100,7,49,0.47411961364075356,0.29433442462759557,0.8150857775995539,0.28708799775911636,0.5006336238810762,0.31224713074185595,0.006666666666666667,1,,0,0,1,never_recovered,0.9959333333333332,tie
blocking_diagnostic_v13,disturbance_high_fmin_020_agov_100,8,50,0.4947591868890596,0.32405983128849686,0.8667424940048186,0.33076732442704165,0.4517848401725949,0.28593067106667014,0.02,3,,0,0,1,never_recovered,0.9938676613919224,tie
blocking_diagnostic_v13,disturbance_high_fmin_020_agov_100,9,51,0.7958913114447952,0.28116268146317097,0.8702351760665065,0.6571846754186849,0.3689230253083198,0.287235211679204,0.08,6,142,0,1,1,ended_below_threshold,0.9934516385840529,trust
blocking_diagnostic_v13,disturbance_high_fmin_020_agov_100,10,52,0.4923474492326657,0.4833918203675135,0.8673121066400782,0.2658990053294159,0.46427034532104877,0.33815498687127526,0.10666666666666667,6,89,0,1,1,ended_below_threshold,0.9934598199331662,tie
blocking_diagnostic_v13,disturbance_high_fmin_020_agov_100,11,53,0.4215330368810481,0.31181503772135344,0.8595139126214177,0.23397001498473616,0.4438616607345428,0.3119472597425682,0.02,3,,0,0,1,never_recovered,0.9944708803076332,trust
blocking_diagnostic_v13,disturbance_high_fmin_020_agov_100,12,54,0.6631402440499472,0.2825574133051088,0.8670954069863563,0.5334021779083392,0.40574244737791354,0.3007352951275517,0.02666666666666667,4,,0,0,1,never_recovered,0.9937491263412865,trust
blocking_diagnostic_v13,disturbance_high_fmin_020_agov_100,13,55,0.4559183116856342,0.25998930341741255,0.8092412571772197,0.2505616358899232,0.47055403081305425,0.30204792302287964,0.006666666666666667,1,,0,0,1,never_recovered,0.9959333333333334,tie
blocking_diagnostic_v13,disturbance_high_fmin_020_agov_100,14,56,0.5446306406000542,0.378100192534687,0.8629453406153571,0.3678059305103033,0.44048931891091225,0.28692087316421194,0.02,3,,0,0,1,never_recovered,0.9941979196580742,tie
blocking_diagnostic_v13,disturbance_high_fmin_020_agov_100,15,57,0.35227938134909204,0.27792027652188916,0.8135732140367163,0.09621431445131112,0.5721976502832659,0.4065955086065042,0.006666666666666667,1,,0,0,1,never_recovered,0.9959333333333332,tie
blocking_diagnostic_v13,disturbance_high_fmin_020_agov_100,16,58,0.6412458160566973,0.29118800690184343,0.8747422223872537,0.5028556954300596,0.3957394199855919,0.2710670443995088,0.14,21,,0,0,1,never_recovered,0.9931818343592577,trust
blocking_diagnostic_v13,disturbance_high_fmin_020_agov_100,17,59,0.7020880483300943,0.26620886241028147,0.8571548241617779,0.5683657996478593,0.4412918294765776,0.2500899678563583,0.013333333333333334,2,,0,0,1,never_recovered,0.9947190496432686,tie
blocking_diagnostic_v13,disturbance_high_fmin_020_agov_100,18,60,0.44967606644393465,0.300238186320804,0.8666878942851829,0.254894438910314,0.5228544807742308,0.3139004897079777,0.05333333333333334,8,,0,0,1,never_recovered,0.9937645356786223,trust
blocking_diagnostic_v13,disturbance_high_fmin_020_agov_100,19,61,0.5289118968928953,0.3217386500649574,0.8636176596307136,0.3054185751287784,0.5840725068047707,0.34713100576598116,0.08666666666666667,13,,0,0,1,never_recovered,0.9942228480833414,trust
blocking_diagnostic_v13,disturbance_high_fmin_020_agov_100,20,62,0.5139240042318162,0.3020446606832625,0.866486911713653,0.340006685535059,0.460334215797569,0.3022685126932655,0.02666666666666667,4,,0,0,1,never_recovered,0.9939594512077925,tie
blocking_diagnostic_v13,disturbance_high_fmin_020_agov_100,21,63,0.6803861286486766,0.4377923208225839,0.8694845641567192,0.5369862156632577,0.424128065866108,0.28168260520447597,0.02,3,,0,0,1,never_recovered,0.9937168603088177,tie
blocking_diagnostic_v13,disturbance_high_fmin_020_agov_100,22,64,0.5216883178226103,0.262398248882112,0.8671595032815562,0.33367844654023393,0.4417892735649232,0.34991707251085263,0.02666666666666667,4,,0,0,1,never_recovered,0.993865706776524,trust
blocking_diagnostic_v13,disturbance_high_fmin_020_agov_100,23,65,0.525385974207234,0.3711911783684829,0.8660946454849754,0.32910466024959245,0.9172885747864327,0.37693094354043455,0.02,3,,0,0,1,never_recovered,0.9939416278319929,tie
blocking_diagnostic_v13,disturbance_high_fmin_020_agov_100,24,66,0.5560130759886476,0.3677610182166224,0.8287315077597566,0.3978281665654154,0.42807677048829035,0.32938362620341755,0.04,1,24,0,1,1,ended_below_threshold,0.9957841179251864,tie
blocking_diagnostic_v13,disturbance_high_fmin_020_agov_100,25,67,0.4591756383970141,0.3165606509670664,0.8079885263402834,0.20269396675866277,0.5291036878473174,0.38268400327503077,0.006666666666666667,1,,0,0,1,never_recovered,0.9959333333333334,tie
blocking_diagnostic_v13,disturbance_high_fmin_020_agov_100,26,68,0.6826433935607702,0.2991235688180536,0.8606250893139851,0.5718721573270259,0.38235747011399707,0.26213505111218693,0.04666666666666667,5,46,0,1,1,ended_below_threshold,0.9945387726629694,trust
blocking_diagnostic_v13,disturbance_high_fmin_020_agov_100,27,69,0.3458696475538837,0.2771099160014464,0.8744078631856839,0.1221841289046299,0.49731520936488105,0.3794711502049098,0.04,6,,0,0,1,never_recovered,0.9930456860381044,trust
blocking_diagnostic_v13,disturbance_high_fmin_020_agov_100,28,70,0.588413432119578,0.27214028180900246,0.865814195848614,0.39657574129026246,0.9097369852395372,0.3602820203141109,0.013333333333333334,2,,0,0,1,never_recovered,0.9939662556873801,tie
blocking_diagnostic_v13,disturbance_high_fmin_020_agov_100,29,71,0.6447470290984133,0.26785528286412,0.8641222255907619,0.4406463585602027,0.4502166861625112,0.33382823172574333,0.04,6,,0,0,1,never_recovered,0.9940474124058026,trust
blocking_diagnostic_v13,disturbance_high_fmin_025_agov_060,0,42,0.4297420297058422,0.25637330213853454,0.8640883469190314,0.16425372968985583,0.6265059565686629,0.41878188191381654,0.02,3,,0,0,1,never_recovered,0.9930894896440546,trust
blocking_diagnostic_v13,disturbance_high_fmin_025_agov_060,1,43,0.3414315273329253,0.2494262092145967,0.8066642117286563,0.10746445865154153,0.6386540186677029,0.39586635065240433,0.006666666666666667,1,,0,0,1,never_recovered,0.9959333333333332,tie
blocking_diagnostic_v13,disturbance_high_fmin_025_agov_060,2,44,0.3618489177842972,0.2414116377763421,0.8563237074815446,0.1442575117164931,0.5549597259575308,0.33708779205395534,0.013333333333333334,2,,0,0,1,never_recovered,0.9936202696890601,tie
blocking_diagnostic_v13,disturbance_high_fmin_025_agov_060,3,45,0.38849003046051817,0.2512264572112201,0.8599390243344553,0.13205400836722347,0.60667202325541,0.36605484008288874,0.02666666666666667,4,,0,0,1,never_recovered,0.9930123685312479,trust
blocking_diagnostic_v13,disturbance_high_fmin_025_agov_060,4,46,0.2815570759445779,0.23554626956579477,0.8588939776253784,0.02642878267168383,0.6714372052924857,0.43171678788032636,0.02,3,,0,0,1,never_recovered,0.9934198020035423,tie
blocking_diagnostic_v13,disturbance_high_fmin_025_agov_060,5,47,0.36987289607594387,0.23457963877124993,0.8591008295812943,0.1250933791321926,0.6152458301154371,0.377963261671367,0.013333333333333334,2,,0,0,1,never_recovered,0.9934786198177218,tie
blocking_diagnostic_v13,disturbance_high_fmin_025_agov_060,6,48,0.4396619934955971,0.2511722080719339,0.8612533199058608,0.18911524324222773,0.5531296676218707,0.3939932998460851,0.03333333333333333,5,,0,0,1,never_recovered,0.9934505338943738,disturbance
blocking_diagnostic_v13,disturbance_high_fmin_025_agov_060,7,49,0.33315751662435245,0.25257804637068343,0.8097911881595539,0.09656641769862084,0.6211149268825503,0.3719342027586063,0.006666666666666667,1,,0,0,1,never_recovered,0.9959333333333332,tie
blocking_diagnostic_v13,disturbance_high_fmin_025_agov_060,8,50,0.38175320944849683,0.25218302597336373,0.8601206511098392,0.17134212568268065,0.5634199379129718,0.33941447185917434,0.013333333333333334,2,,0,0,1,never_recovered,0.9935289663249796,tie
blocking_diagnostic_v13,disturbance_high_fmin_025_agov_060,9,51,0.5853702849091648,0.23795820537437545,0.8594764824558218,0.38828115603892577,0.5100695443096983,0.37258081168499435,0.02666666666666667,4,,0,0,1,never_recovered,0.993288580944653,trust
blocking_diagnostic_v13,disturbance_high_fmin_025_agov_060,10,52,0.33485919841166256,0.30550507749713485,0.8620175172000782,0.06762522501887788,0.5874357931090946,0.39500131156493706,0.03333333333333333,5,,0,0,1,never_recovered,0.9934259919677582,disturbance
blocking_diagnostic_v13,disturbance_high_fmin_025_agov_060,11,53,0.3449295616489096,0.2575371844185265,0.8542193231814178,0.12311081850073768,0.5485970325083227,0.35934892198360846,0.02,3,,0,0,1,never_recovered,0.9940590696219703,tie
blocking_diagnostic_v13,disturbance_high_fmin_025_agov_060,12,54,0.4862626653399764,0.24887189387759373,0.8618008175463563,0.2935291689997518,0.5328160183333781,0.36874268360635576,0.02666666666666667,4,,0,0,1,never_recovered,0.9934203213836645,disturbance
blocking_diagnostic_v13,disturbance_high_fmin_025_agov_060,13,55,0.315949014782623,0.2367948345648128,0.8039466677372198,0.06933883686242218,0.6000336839428501,0.35712411836192715,0.006666666666666667,1,,0,0,1,never_recovered,0.9959333333333332,tie
blocking_diagnostic_v13,disturbance_high_fmin_025_agov_060,14,56,0.3729938707756121,0.28236820842221655,0.8576507511753572,0.1409822484490423,0.5606557621134022,0.34747707193805066,0.02,3,,0,0,1,never_recovered,0.9939044437068854,disturbance
blocking_diagnostic_v13,disturbance_high_fmin_025_agov_060,15,57,0.279913522048611,0.2465136354093005,0.8082786245967164,0.015503322996894858,0.6629266572798101,0.4370221012318412,0.006666666666666667,1,,0,0,1,never_recovered,0.9959333333333332,tie
blocking_diagnostic_v13,disturbance_high_fmin_025_agov_060,16,58,0.445701578583438,0.2397639415655444,0.8607429783827308,0.24235042623467445,0.5243458569552677,0.34030630955237007,0.03333333333333333,5,,0,0,1,never_recovered,0.9931250884973705,trust
blocking_diagnostic_v13,disturbance_high_fmin_025_agov_060,17,59,0.5060707056168201,0.23893319012954273,0.8518602347217779,0.3058776415515684,0.5760758545039737,0.32202173424303876,0.006666666666666667,1,,0,0,1,never_recovered,0.9942016803207927,tie
blocking_diagnostic_v13,disturbance_high_fmin_025_agov_060,18,60,0.3383309512466137,0.24827807190784887,0.8582698128259718,0.1034492494316909,0.6364087628883421,0.3663922020918208,0.02666666666666667,4,,0,0,1,never_recovered,0.9934950837985947,tie
blocking_diagnostic_v13,disturbance_high_fmin_025_agov_060,19,61,0.3469998755261796,0.25941649475767287,0.8563718831803673,0.07802610946012611,0.7392877590695714,0.41262465523373193,0.02666666666666667,4,,0,0,1,never_recovered,0.9938176115674755,trust
blocking_diagnostic_v13,disturbance_high_fmin_025_agov_060,20,62,0.36851445521793297,0.24607281812272674,0.8598068169353272,0.14198372121959982,0.5751550121136765,0.3618593862295949,0.02666666666666667,4,,0,0,1,never_recovered,0.9936005439469427,tie
blocking_diagnostic_v13,disturbance_high_fmin_025_agov_060,21,63,0.4696906954432168,0.287530088872863,0.858763670600133,0.2572769551153893,0.5557221924285204,0.3549810879542814,0.013333333333333334,2,,0,0,1,never_recovered,0.9934825658943568,tie
blocking_diagnostic_v13,disturbance_high_fmin_025_agov_060,22,64,0.36819543318678827,0.24066949667895987,0.8571766094672809,0.13076382803712996,0.5576060457703215,0.4109173665368374,0.02666666666666667,4,,0,0,1,never_recovered,0.9935840557215708,tie
blocking_diagnostic_v13,disturbance_high_fmin_025_agov_060,23,65,0.36872675846350866,0.2734520773451717,0.8590838350466568,0.12396720535140021,1.0,0.434532998059966,0.02,3,,0,0,1,never_recovered,0.9935995993245177,tie
blocking_diagnostic_v13,disturbance_high_fmin_025_agov_060,24,66,0.3981200989950557,0.25738510124188024,0.809035499131405,0.18328561020695106,0.5462229419264417,0.39173755811277566,0.006666666666666667,1,,0,0,1,never_recovered,0.9959333333333332,tie
blocking_diagnostic_v13,disturbance_high_fmin_025_agov_060,25,67,0.323670975799192,0.2574740500477571,0.8026939369002835,0.04087177995463406,0.6489138033172425,0.4268112580262195,0.006666666666666667,1,,0,0,1,never_recovered,0.9959333333333332,tie
blocking_diagnostic_v13,disturbance_high_fmin_025_agov_060,26,68,0.5000230973407416,0.2497383518637678,0.8525476928756235,0.3244185815415903,0.511649902090407,0.32957992940847997,0.02666666666666667,4,,0,0,1,never_recovered,0.9940802642885089,trust
blocking_diagnostic_v13,disturbance_high_fmin_025_agov_060,27,69,0.293823626947902,0.24309280172498104,0.8637602039784336,0.050846416100888664,0.6090588246664201,0.4177883822211435,0.02666666666666667,4,,0,0,1,never_recovered,0.9929677937933286,tie
blocking_diagnostic_v13,disturbance_high_fmin_025_agov_060,28,70,0.40402593492232186,0.2367599622974963,0.8605196064086139,0.16043707609124175,1.0,0.421715625531896,0.006666666666666667,1,,0,0,1,never_recovered,0.9937730956050911,tie
blocking_diagnostic_v13,disturbance_high_fmin_025_agov_060,29,71,0.43786789301807166,0.22726336454869053,0.8588276361507619,0.17716862053492838,0.592771248567893,0.4080043557698803,0.02666666666666667,4,,0,0,1,never_recovered,0.9937242367817889,disturbance
blocking_diagnostic_v13,disturbance_high_fmin_025_agov_080,0,42,0.42840964348815114,0.25608565190344534,0.8640883469190314,0.16453711369364102,0.6319505955468697,0.4195275472796718,0.02,3,,0,0,1,never_recovered,0.9938399713146621,trust
blocking_diagnostic_v13,disturbance_high_fmin_025_agov_080,1,43,0.3413217809972112,0.24941776133794738,0.8066642117286563,0.10696195597035876,0.6375752950928338,0.3961401747799489,0.006666666666666667,1,,0,0,1,never_recovered,0.9959333333333332,tie
blocking_diagnostic_v13,disturbance_high_fmin_025_agov_080,2,44,0.3616333466475542,0.24137031140570223,0.8563237074815446,0.1436260260159773,0.5551227845930881,0.33686173225628363,0.013333333333333334,2,,0,0,1,never_recovered,0.9943842103025372,tie
blocking_diagnostic_v13,disturbance_high_fmin_025_agov_080,3,45,0.3880446201292974,0.2512679369957647,0.8605597535400662,0.1322446135513125,0.6091366915303085,0.3664947327003308,0.02666666666666667,4,,0,0,1,never_recovered,0.9936811240652756,trust
blocking_diagnostic_v13,disturbance_high_fmin_025_agov_080,4,46,0.2815208940766673,0.2355954919886384,0.8588939776253784,0.026465265014075923,0.6713794101299345,0.4321980515506342,0.02,3,,0,0,1,never_recovered,0.9941964127734928,tie
blocking_diagnostic_v13,disturbance_high_fmin_025_agov_080,5,47,0.3692785230849622,0.23457637737950418,0.8591008295812943,0.12460145780350168,0.6168789205774913,0.3778258986190233,0.013333333333333334,2,,0,0,1,never_recovered,0.9941703874857234,tie
blocking_diagnostic_v13,disturbance_high_fmin_025_agov_080,6,48,0.43928524539598707,0.2511396407331502,0.8612533199058608,0.1905990356722975,0.557892236144117,0.39466373044833775,0.03333333333333333,5,,0,0,1,never_recovered,0.9940601496148207,disturbance
blocking_diagnostic_v13,disturbance_high_fmin_025_agov_080,7,49,0.33303968140361345,0.25245349582238985,0.8097911881595539,0.0962474131944058,0.6214212640911878,0.3720141828090185,0.006666666666666667,1,,0,0,1,never_recovered,0.9959333333333332,tie
blocking_diagnostic_v13,disturbance_high_fmin_025_agov_080,8,50,0.38136876344173015,0.25249887631032386,0.8601206511098392,0.1702484828162385,0.5632361451984137,0.33928782333433494,0.013333333333333334,2,,0,0,1,never_recovered,0.9941241057259412,tie
blocking_diagnostic_v13,disturbance_high_fmin_025_agov_080,9,51,0.5847357287607542,0.23795487916907376,0.8594764824558218,0.38776973056129305,0.5108036177063874,0.3724001370722547,0.03333333333333333,5,,0,0,1,never_recovered,0.9940517345573175,trust
blocking_diagnostic_v13,disturbance_high_fmin_025_agov_080,10,52,0.3361438630661127,0.30545171343791144,0.8620175172000782,0.07025506152245553,0.5880900336810871,0.3959501960448577,0.03333333333333333,5,,0,0,1,never_recovered,0.9940135306090735,disturbance
blocking_diagnostic_v13,disturbance_high_fmin_025_agov_080,11,53,0.3449691461605458,0.25743506146357203,0.8542193231814178,0.12346069228619319,0.5502662930034307,0.3590167512918188,0.02,3,,0,0,1,never_recovered,0.9944771610000018,disturbance
blocking_diagnostic_v13,disturbance_high_fmin_025_agov_080,12,54,0.48511361582130086,0.2487357325312344,0.8618008175463563,0.29087204851699366,0.5319819910598779,0.3680558184006937,0.02666666666666667,4,,0,0,1,never_recovered,0.9940107526240469,disturbance
blocking_diagnostic_v13,disturbance_high_fmin_025_agov_080,13,55,0.31632786321713646,0.23681508973320464,0.8039466677372198,0.0698721295450005,0.5999367521496426,0.35766172276450764,0.006666666666666667,1,,0,0,1,never_recovered,0.9959333333333332,tie
blocking_diagnostic_v13,disturbance_high_fmin_025_agov_080,14,56,0.37319861341371674,0.2823871782529898,0.8576507511753572,0.14219017985119142,0.5617703822106253,0.34849577892973194,0.02,3,,0,0,1,never_recovered,0.9942633677176798,disturbance
blocking_diagnostic_v13,disturbance_high_fmin_025_agov_080,15,57,0.2796452484506947,0.24644956626116898,0.8082786245967164,0.015287431785109967,0.6643746693592139,0.43677597950003577,0.006666666666666667,1,,0,0,1,never_recovered,0.9959333333333334,tie
blocking_diagnostic_v13,disturbance_high_fmin_025_agov_080,16,58,0.44493540238537554,0.23959963040462354,0.8607429783827308,0.24061695467832414,0.5238875528616488,0.3400250850063995,0.04,6,,0,0,1,never_recovered,0.9938367443898319,tie
blocking_diagnostic_v13,disturbance_high_fmin_025_agov_080,17,59,0.5054268719706393,0.2389316012484105,0.8518602347217779,0.3048671931041,0.5753960060299753,0.3219889031733124,0.006666666666666667,1,,0,0,1,never_recovered,0.9946725510172306,tie
blocking_diagnostic_v13,disturbance_high_fmin_025_agov_080,18,60,0.33804349619510776,0.248273202618737,0.8582698128259718,0.10247836572381458,0.6354562081024306,0.3662915664215185,0.02666666666666667,4,,0,0,1,never_recovered,0.994204397885048,tie
blocking_diagnostic_v13,disturbance_high_fmin_025_agov_080,19,61,0.3465987127391987,0.2595207142837298,0.8563718831803673,0.07774654309850679,0.7417294314628439,0.4123549618490426,0.03333333333333333,5,,0,0,1,never_recovered,0.9943761333408371,trust
blocking_diagnostic_v13,disturbance_high_fmin_025_agov_080,20,62,0.3682955434228313,0.24599820244046855,0.8598068169353272,0.1419502355332425,0.5766425506435939,0.36175836132722017,0.02666666666666667,4,,0,0,1,never_recovered,0.9941760028906276,trust
blocking_diagnostic_v13,disturbance_high_fmin_025_agov_080,21,63,0.46863592584797964,0.2875514103620339,0.858763670600133,0.2562550027565586,0.5564677370477774,0.355844888388717,0.013333333333333334,2,,0,0,1,never_recovered,0.9942355877466995,tie
blocking_diagnostic_v13,disturbance_high_fmin_025_agov_080,22,64,0.36784158870898165,0.24058867281111793,0.8571766094672809,0.13054800108114564,0.5600218322003567,0.410252305249637,0.02666666666666667,4,,0,0,1,never_recovered,0.9942864035154685,tie
blocking_diagnostic_v13,disturbance_high_fmin_025_agov_080,23,65,0.3682949763061058,0.2733823416969786,0.8590838350466568,0.1228118836855305,1.0,0.4340224539705174,0.02,3,,0,0,1,never_recovered,0.9942092329272098,tie
blocking_diagnostic_v13,disturbance_high_fmin_025_agov_080,24,66,0.3976032656458307,0.2572107604086945,0.809035499131405,0.18208405452924128,0.5467357747153279,0.39125896543893357,0.006666666666666667,1,,0,0,1,never_recovered,0.9959333333333332,tie
blocking_diagnostic_v13,disturbance_high_fmin_025_agov_080,25,67,0.32349533920956786,0.25752281698933155,0.8026939369002835,0.04231374574489907,0.6514654238094547,0.4275248398180726,0.006666666666666667,1,,0,0,1,never_recovered,0.9959333333333332,tie
blocking_diagnostic_v13,disturbance_high_fmin_025_agov_080,26,68,0.499216523674831,0.24974008759238966,0.8525476928756235,0.3219189408752633,0.5103903529649964,0.32901189974075096,0.02666666666666667,4,,0,0,1,never_recovered,0.9946102251168105,trust
blocking_diagnostic_v13,disturbance_high_fmin_025_agov_080,27,69,0.2939860310051479,0.24307031516636787,0.8637602039784336,0.051240799055666114,0.608027679014985,0.4185366333066042,0.02666666666666667,4,,0,0,1,never_recovered,0.9936780747399411,tie
blocking_diagnostic_v13,disturbance_high_fmin_025_agov_080,28,70,0.40405031342955144,0.23694588110234682,0.8605196064086139,0.15983848845021428,1.0,0.4213502180150343,0.006666666666666667,1,,0,0,1,never_recovered,0.9940818616814355,tie
blocking_diagnostic_v13,disturbance_high_fmin_025_agov_080,29,71,0.4368788559384658,0.22747436037413335,0.8588276361507619,0.17716055925544932,0.5969083508424788,0.4084887634577413,0.03333333333333333,5,,0,0,1,never_recovered,0.9941445310958299,disturbance
blocking_diagnostic_v13,disturbance_high_fmin_025_agov_100,0,42,0.42736568309035494,0.2558418823210531,0.8640883469190314,0.16432916712736131,0.6351693667391759,0.4203339669477898,0.02,3,,0,0,1,never_recovered,0.9940823168984626,tie
blocking_diagnostic_v13,disturbance_high_fmin_025_agov_100,1,43,0.3412165391600972,0.24943824799528785,0.8066642117286563,0.10665828826302834,0.6368624887982661,0.3964207889580929,0.006666666666666667,1,,0,0,1,never_recovered,0.9959333333333332,tie
blocking_diagnostic_v13,disturbance_high_fmin_025_agov_100,2,44,0.36142462696040845,0.24134098616771557,0.8563237074815446,0.1430411192483632,0.5549455833971584,0.33676791910992954,0.013333333333333334,2,,0,0,1,never_recovered,0.9947755566990357,tie
blocking_diagnostic_v13,disturbance_high_fmin_025_agov_100,3,45,0.3876106510365842,0.2512673909453087,0.8615647279641173,0.13228646459120966,0.6106124527182348,0.3672218406730142,0.02666666666666667,4,,0,0,1,never_recovered,0.9941940670202651,tie
blocking_diagnostic_v13,disturbance_high_fmin_025_agov_100,4,46,0.2814835957402891,0.2356080898050543,0.8588939776253784,0.026463965433100506,0.6712373394255456,0.43261593718152674,0.02,3,,0,0,1,never_recovered,0.9945365260041571,tie
blocking_diagnostic_v13,disturbance_high_fmin_025_agov_100,5,47,0.36883601741836936,0.23454674588228036,0.8591008295812943,0.12444171656078148,0.6192798236925374,0.3774809194557659,0.013333333333333334,2,,0,0,1,never_recovered,0.9945036496411855,tie
blocking_diagnostic_v13,disturbance_high_fmin_025_agov_100,6,48,0.4390257394804849,0.2511348728569611,0.8612533199058608,0.19177561410099817,0.5616880117247678,0.395271374344098,0.03333333333333333,5,,0,0,1,never_recovered,0.9943622648186828,disturbance
blocking_diagnostic_v13,disturbance_high_fmin_025_agov_100,7,49,0.33282311008966925,0.25239568321797495,0.8097911881595539,0.0958024709711792,0.6214522649674817,0.3721493752339869,0.006666666666666667,1,,0,0,1,never_recovered,0.9959333333333332,tie
blocking_diagnostic_v13,disturbance_high_fmin_025_agov_100,8,50,0.3811513574589028,0.2527467175373977,0.8601206511098392,0.16954787346092828,0.5629411034924483,0.33913052816281486,0.013333333333333334,2,,0,0,1,never_recovered,0.99444409773891,tie
blocking_diagnostic_v13,disturbance_high_fmin_025_agov_100,9,51,0.5843959521726324,0.2379489890501019,0.8594764824558218,0.38764076033377104,0.5115912972661834,0.3722357313380957,0.03333333333333333,5,,0,0,1,never_recovered,0.9944383099780035,trust
blocking_diagnostic_v13,disturbance_high_fmin_025_agov_100,10,52,0.33675177799403677,0.3052123588974785,0.8620175172000782,0.0718497172771855,0.5896900560787541,0.39636461402085077,0.03333333333333333,5,,0,0,1,never_recovered,0.9943027173993416,disturbance
blocking_diagnostic_v13,disturbance_high_fmin_025_agov_100,11,53,0.3449817063056677,0.25735351866419104,0.8542193231814178,0.1233826058987175,0.551097395017131,0.3585892550427056,0.02,3,,0,0,1,never_recovered,0.9948952523780334,disturbance
blocking_diagnostic_v13,disturbance_high_fmin_025_agov_100,12,54,0.4843145625644177,0.24859780090125994,0.8618008175463563,0.28919586155139476,0.5313313624938213,0.36775095133878166,0.02666666666666667,4,,0,0,1,never_recovered,0.9942996060841481,disturbance
blocking_diagnostic_v13,disturbance_high_fmin_025_agov_100,13,55,0.31659215593655654,0.23681956796915227,0.8039466677372198,0.07015716956042861,0.5996594612318102,0.35804642878828746,0.006666666666666667,1,,0,0,1,never_recovered,0.9959333333333332,tie
blocking_diagnostic_v13,disturbance_high_fmin_025_agov_100,14,56,0.3733081830443439,0.2823831965656881,0.8576507511753572,0.1425697647239441,0.5617447093713739,0.3490627524763205,0.02,3,,0,0,1,never_recovered,0.9946222917284742,disturbance
blocking_diagnostic_v13,disturbance_high_fmin_025_agov_100,15,57,0.2793879307219404,0.24638205595467186,0.8082786245967164,0.015050951503536109,0.6657616537846118,0.43651501398293413,0.006666666666666667,1,,0,0,1,never_recovered,0.9959333333333334,tie
blocking_diagnostic_v13,disturbance_high_fmin_025_agov_100,16,58,0.4443746639955209,0.23947227762666953,0.86094128627477,0.2393593776819224,0.5233774347531152,0.33981958155289604,0.04,6,,0,0,1,never_recovered,0.9943947674056026,tie
blocking_diagnostic_v13,disturbance_high_fmin_025_agov_100,17,59,0.5051269770662817,0.2389092933874648,0.8518602347217779,0.30443033199373004,0.5753395604217868,0.3218470257359674,0.006666666666666667,1,,0,0,1,never_recovered,0.9951434217136685,tie
blocking_diagnostic_v13,disturbance_high_fmin_025_agov_100,18,60,0.3378371739298005,0.24821947540335376,0.8582698128259718,0.1018385965501048,0.6348326134587249,0.36621619235323594,0.03333333333333333,5,,0,0,1,never_recovered,0.9945475476682668,tie
blocking_diagnostic_v13,disturbance_high_fmin_025_agov_100,19,61,0.346264416264856,0.2595829940266141,0.8563718831803673,0.07773852678994225,0.7436198045810968,0.41249839042444697,0.03333333333333333,5,,0,0,1,never_recovered,0.9947653802040789,trust
blocking_diagnostic_v13,disturbance_high_fmin_025_agov_100,20,62,0.36818552973418905,0.24590236944688407,0.8598068169353272,0.14182264266282335,0.5777282250560225,0.36151456989880676,0.02666666666666667,4,,0,0,1,never_recovered,0.9945094922517257,trust
blocking_diagnostic_v13,disturbance_high_fmin_025_agov_100,21,63,0.46784717953423577,0.28732539711139227,0.858763670600133,0.25538799004531665,0.5566354719996354,0.35650005325397166,0.013333333333333334,2,,0,0,1,never_recovered,0.9945857118990411,tie
blocking_diagnostic_v13,disturbance_high_fmin_025_agov_100,22,64,0.3674066079212149,0.24052055212927775,0.8571766094672809,0.13027890364839356,0.5622807900403798,0.4099169893001029,0.02666666666666667,4,,0,0,1,never_recovered,0.99465187671189,tie
blocking_diagnostic_v13,disturbance_high_fmin_025_agov_100,23,65,0.3679073624167456,0.2732878805766946,0.8590838350466568,0.12176703070310882,1.0,0.4335328383226954,0.02,3,,0,0,1,never_recovered,0.9945522347672677,tie
blocking_diagnostic_v13,disturbance_high_fmin_025_agov_100,24,66,0.3971154110163664,0.2571144095574671,0.809035499131405,0.18096118718018556,0.5470672779189091,0.3907615652666536,0.006666666666666667,1,,0,0,1,never_recovered,0.9959333333333332,tie
blocking_diagnostic_v13,disturbance_high_fmin_025_agov_100,25,67,0.3235166838300772,0.2575719037817565,0.8026939369002835,0.043283426338701414,0.6525604199059832,0.4280646569745857,0.006666666666666667,1,,0,0,1,never_recovered,0.9959333333333332,tie
blocking_diagnostic_v13,disturbance_high_fmin_025_agov_100,26,68,0.49874837929561666,0.24973585155146716,0.8525476928756235,0.3202896157735128,0.5092424601946698,0.3286463339285684,0.02666666666666667,4,,0,0,1,never_recovered,0.9950643685745539,trust
blocking_diagnostic_v13,disturbance_high_fmin_025_agov_100,27,69,0.2940886085034822,0.24301831555966547,0.8637602039784336,0.05145399246686025,0.6072627142497882,0.4190448609305029,0.03333333333333333,5,,0,0,1,never_recovered,0.9940955620872907,tie
blocking_diagnostic_v13,disturbance_high_fmin_025_agov_100,28,70,0.4040865351361548,0.2371087714749205,0.8605196064086139,0.1595543433029315,1.0,0.42120074618434167,0.013333333333333334,2,,0,0,1,never_recovered,0.99439062775778,tie
blocking_diagnostic_v13,disturbance_high_fmin_025_agov_100,29,71,0.4361769293121672,0.22757395091850272,0.8588276361507619,0.17712357818698835,0.5995308279111354,0.4091476450707592,0.03333333333333333,5,,0,0,1,never_recovered,0.9944717844762025,disturbance
w_calibration_v13,capacity_050_w_060,0,42,0.9999816359523966,0.8356070968949749,0.9999999999971638,0.9890525859524482,0.20713181913615547,0.23501017330100055,1.0,,,1,0,0,,0.479850792850321,disturbance
w_calibration_v13,capacity_050_w_060,1,43,0.95030838181863,0.8508702474881699,0.999996283319941,0.8194618541109888,0.2259298391076249,0.21833546920456456,1.0,,,1,0,0,,0.48207948113427646,disturbance
w_calibration_v13,capacity_050_w_060,2,44,0.9983632584696963,0.8751157139290582,0.9999999253664514,0.9539397941070803,0.13973465896218676,0.16565170729171888,1.0,,,1,0,0,,0.4841796660963551,disturbance
w_calibration_v13,capacity_050_w_060,3,45,0.9999976698346187,0.878731030781969,0.9999999999982001,1.0,0.13284618687091063,0.14673343388289603,1.0,,,1,0,0,,0.48563260882573056,none
w_calibration_v13,capacity_050_w_060,4,46,0.8913587089100572,0.8186607114049484,0.9999999900335947,0.7623600714936465,0.19553019405373698,0.23014165259794941,1.0,,,1,0,0,,0.47968360786154485,disturbance
w_calibration_v13,capacity_050_w_060,5,47,0.9578253681791553,0.7925727540319925,0.9999913803635841,0.8146279457492716,0.20312262597928674,0.2105585637923784,0.9866666666666667,30,32,0,1,0,,0.4840289300796242,trust
w_calibration_v13,capacity_050_w_060,6,48,0.999999969210112,0.8619279056523398,0.999999969210112,1.0,0.07840976375547647,0.18010032708939858,1.0,,,1,0,0,,0.4876582789297265,disturbance
w_calibration_v13,capacity_050_w_060,7,49,0.9999595727629219,0.8794112532310675,0.9999999683707443,1.0,0.17563951329639324,0.15765365598060133,1.0,,,1,0,0,,0.4786882029352297,none
w_calibration_v13,capacity_050_w_060,8,50,0.9999999999999979,0.8789126575573528,0.9999999999999979,1.0,0.14900817390553261,0.16521675551405168,1.0,,,1,0,0,,0.4824326066931846,disturbance
w_calibration_v13,capacity_050_w_060,9,51,0.9999895316261912,0.7624591481357286,0.9999895316261912,1.0,0.13309478365570634,0.24429520918375838,0.9533333333333334,50,57,0,1,0,,0.4813677421081604,trust
w_calibration_v13,capacity_050_w_060,10,52,0.9999997823149221,0.8808095236475918,0.9999999999999887,1.0,0.12223361900584873,0.18115573402518703,1.0,,,1,0,0,,0.47747259075472753,none
w_calibration_v13,capacity_050_w_060,11,53,0.966001971250071,0.8730113296289314,0.9999998091108725,0.8628766495804334,0.11236716520360661,0.17510985537901333,1.0,,,1,0,0,,0.48324968271406293,disturbance
w_calibration_v13,capacity_050_w_060,12,54,0.9999577690029587,0.8261877033480547,0.9999998376959498,1.0,0.13312053489910403,0.21528910482107144,1.0,,,1,0,0,,0.47986237660807934,disturbance
w_calibration_v13,capacity_050_w_060,13,55,0.9926804442400331,0.8327020312783838,0.9999994433194237,0.8914631602569821,0.1449446592638826,0.15050070395502055,1.0,,,1,0,0,,0.48668782316012615,trust
w_calibration_v13,capacity_050_w_060,14,56,0.9999999872512215,0.8764427576228707,0.9999999872512215,0.9921697561296249,0.1402881759797377,0.1670838633385042,1.0,,,1,0,0,,0.48341595197199533,none
w_calibration_v13,capacity_050_w_060,15,57,0.9998380137677119,0.8031536960535951,0.9999834320873225,1.0,0.12466403915436876,0.20019597426736915,1.0,,,1,0,0,,0.48051753602767017,tie
w_calibration_v13,capacity_050_w_060,16,58,0.9999999999986836,0.8795349848302444,0.9999999999986836,1.0,0.1252281458646182,0.18636412884030132,1.0,,,1,0,0,,0.48194663494878065,disturbance
w_calibration_v13,capacity_050_w_060,17,59,0.9999971216359587,0.804350350333257,0.9999971216359587,1.0,0.1968774361819302,0.17910354028768194,1.0,,,1,0,0,,0.4823797082141249,disturbance
w_calibration_v13,capacity_050_w_060,18,60,0.9993210105416679,0.8588727926536507,0.999999993866889,0.9078706218122832,0.22525075868320177,0.19219686480776282,1.0,,,1,0,0,,0.4869081992123009,trust
w_calibration_v13,capacity_050_w_060,19,61,0.9999999999265002,0.8751638896278808,0.9999999999265002,0.9216524951287681,0.27763989347350265,0.22195698038439915,1.0,,,1,0,0,,0.47949706827684174,disturbance
w_calibration_v13,capacity_050_w_060,20,62,0.9998232387187499,0.8785988233828409,0.9999939456189841,1.0,0.15416113568858664,0.18621822075136013,1.0,,,1,0,0,,0.4810945415765229,disturbance
w_calibration_v13,capacity_050_w_060,21,63,0.9999993562893493,0.8775556770476466,0.9999999999943755,1.0,0.14679534041061712,0.18905736534912884,1.0,,,1,0,0,,0.47869276899802155,disturbance
w_calibration_v13,capacity_050_w_060,22,64,0.9999986475817787,0.8462433769663978,0.9999999474965935,1.0,0.12901311288273598,0.2278095241187821,1.0,,,1,0,0,,0.4871795701000303,disturbance
w_calibration_v13,capacity_050_w_060,23,65,0.9999999998300008,0.8778758414941703,0.9999999999999716,1.0,0.13578232004326815,0.1950610244414048,1.0,,,1,0,0,,0.4872578590164076,none
w_calibration_v13,capacity_050_w_060,24,66,0.9999944098145964,0.8786555642029187,0.9999999150086549,1.0,0.13467875610392027,0.2234436815735183,1.0,,,1,0,0,,0.48333863319791837,disturbance
w_calibration_v13,capacity_050_w_060,25,67,0.9918200449973126,0.7963715306017314,0.9999999996889158,0.8679458096938918,0.1925486199478074,0.2399949207236758,0.9866666666666667,15,17,0,1,0,,0.48116503163073504,trust
w_calibration_v13,capacity_050_w_060,26,68,0.9999999860145371,0.8375850042799022,0.9999999860145371,1.0,0.10685050944490512,0.17022592646174975,1.0,,,1,0,0,,0.481456947661221,disturbance
w_calibration_v13,capacity_050_w_060,27,69,0.9986411202080947,0.8825522104259471,0.999999987023603,0.9087738068962061,0.16442746708037456,0.22135983162732362,1.0,,,1,0,0,,0.48094211276055643,none
w_calibration_v13,capacity_050_w_060,28,70,0.9999999998352198,0.850107658309228,0.9999999998352198,1.0,0.14890186506500871,0.1909158394626468,1.0,,,1,0,0,,0.48631490324120763,disturbance
w_calibration_v13,capacity_050_w_060,29,71,0.9999999999999987,0.8776196425982755,0.9999999999999987,1.0,0.14586874263075722,0.2065068303863059,1.0,,,1,0,0,,0.4812843986147024,none
w_calibration_v13,capacity_050_w_080,0,42,0.9999863637148175,0.8372758815660994,0.9999999999974177,0.9907537726124255,0.20650636737927258,0.2334748347187557,1.0,,,1,0,0,,0.49810727621166395,disturbance
w_calibration_v13,capacity_050_w_080,1,43,0.9539677328364261,0.8520634231444131,0.9999973733173801,0.8227587222897096,0.22461986886784163,0.21601134575024072,1.0,,,1,0,0,,0.4987295304004464,disturbance
w_calibration_v13,capacity_050_w_080,2,44,0.9984022739845547,0.8763088895853014,0.999999998122552,0.963223711999621,0.13955523055282754,0.16493681596162202,1.0,,,1,0,0,,0.49835441784668527,disturbance
w_calibration_v13,capacity_050_w_080,3,45,0.9999978393684396,0.8799242064382122,0.9999999999982687,1.0,0.13172392051546666,0.1442852259869515,1.0,,,1,0,0,,0.49732745308669546,none
w_calibration_v13,capacity_050_w_080,4,46,0.8923994948465296,0.8213583462527893,0.9999999915869774,0.7631322169921017,0.19561415833275297,0.22993146512817358,1.0,,,1,0,0,,0.4983128179549442,disturbance
w_calibration_v13,capacity_050_w_080,5,47,0.9652796335870935,0.7926397073986224,0.9999917859225848,0.8252388028243949,0.20344724426985222,0.209942132238151,0.9866666666666667,30,32,0,1,0,,0.4980850774236771,trust
w_calibration_v13,capacity_050_w_080,6,48,0.9999999701084609,0.8645006221318663,0.9999999701084609,1.0,0.07800724268707047,0.17716663900268542,1.0,,,1,0,0,,0.49829857445461206,disturbance
w_calibration_v13,capacity_050_w_080,7,49,0.9999616385333304,0.8806044288873107,0.9999999832278573,1.0,0.17152953129541818,0.1494824259194878,1.0,,,1,0,0,,0.49709663225800965,none
w_calibration_v13,capacity_050_w_080,8,50,0.9999999999999997,0.880105833213596,0.9999999999999997,1.0,0.14783197220057337,0.16269640460163368,1.0,,,1,0,0,,0.4983400155864748,disturbance
w_calibration_v13,capacity_050_w_080,9,51,0.9999919608156841,0.7630316198704782,0.9999919608156841,1.0,0.13249183745326826,0.2426928596533454,0.9533333333333334,50,57,0,1,0,,0.49823816957834005,trust
w_calibration_v13,capacity_050_w_080,10,52,0.9999997936728142,0.882002699303835,0.9999999999999931,1.0,0.12214107936434089,0.18043684234955581,1.0,,,1,0,0,,0.49826797118029426,none
w_calibration_v13,capacity_050_w_080,11,53,0.9683915595849341,0.8742045052851746,0.9999998163734787,0.8657349954614646,0.11076147483163257,0.16934128037440999,1.0,,,1,0,0,,0.4985710463017204,disturbance
w_calibration_v13,capacity_050_w_080,12,54,0.9999621500769177,0.8302456559210809,0.9999999676770585,1.0,0.13233732144896615,0.2132332397771268,1.0,,,1,0,0,,0.4982644573781784,disturbance
w_calibration_v13,capacity_050_w_080,13,55,0.9934842195485876,0.8335479904388424,0.9999995082730266,0.8931958892103589,0.14508766368416712,0.15082201291224043,1.0,,,1,0,0,,0.4985254813109348,trust
w_calibration_v13,capacity_050_w_080,14,56,0.9999999892004763,0.8776359332791138,0.9999999892004763,0.992519735756189,0.14032903469474903,0.16718968552830327,1.0,,,1,0,0,,0.49843022914523905,none
w_calibration_v13,capacity_050_w_080,15,57,0.9998522622612044,0.807057959168996,0.9999884352170357,1.0,0.12415780366107898,0.19919561034386218,1.0,,,1,0,0,,0.4986915555081477,tie
w_calibration_v13,capacity_050_w_080,16,58,0.9999999999989484,0.8807281604864875,0.9999999999989484,1.0,0.12527490774669853,0.1863004282644929,1.0,,,1,0,0,,0.4979998387530669,disturbance
w_calibration_v13,capacity_050_w_080,17,59,0.9999975023271314,0.8055463132686824,0.9999975023271314,1.0,0.19669452905129248,0.1791731716056022,1.0,,,1,0,0,,0.4987047496617485,disturbance
w_calibration_v13,capacity_050_w_080,18,60,0.9995396985933872,0.8601443070212339,0.9999999957705685,0.9115197238904656,0.22521373803299918,0.19233584072154788,1.0,,,1,0,0,,0.49838927777936876,trust
w_calibration_v13,capacity_050_w_080,19,61,0.9999999999311829,0.876357065284124,0.9999999999311829,0.9233079313684402,0.2765324053805149,0.220587526918261,1.0,,,1,0,0,,0.49850792609122974,disturbance
w_calibration_v13,capacity_050_w_080,20,62,0.9998328483914432,0.8797919990390841,0.9999955653239707,1.0,0.15416999265723086,0.18565568262850263,1.0,,,1,0,0,,0.4983775440786845,disturbance
w_calibration_v13,capacity_050_w_080,21,63,0.9999994879005082,0.8787488527038899,0.9999999999947372,1.0,0.14530066237127473,0.18472385234420255,1.0,,,1,0,0,,0.49829595495438367,disturbance
w_calibration_v13,capacity_050_w_080,22,64,0.9999987917986507,0.8534804046702459,0.9999999516099267,1.0,0.12924263474970196,0.2273976396178305,1.0,,,1,0,0,,0.498444728951206,disturbance
w_calibration_v13,capacity_050_w_080,23,65,0.9999999998503573,0.8790690171504135,0.999999999999978,1.0,0.1347696283379488,0.19180637153077154,1.0,,,1,0,0,,0.49839820916019517,none
w_calibration_v13,capacity_050_w_080,24,66,0.9999952094091886,0.8798487398591618,0.9999999713460584,1.0,0.1345574520858255,0.22306701165914686,1.0,,,1,0,0,,0.4983099401198469,disturbance
w_calibration_v13,capacity_050_w_080,25,67,0.9922062741911517,0.7997554918996951,0.9999999997465125,0.868765203683358,0.19255247534847889,0.23955471594656758,0.9933333333333333,15,16,0,1,0,,0.49853464523315544,trust
w_calibration_v13,capacity_050_w_080,26,68,0.9999999869255324,0.8402705589892288,0.9999999882914655,1.0,0.1043587314695893,0.1641984006095231,1.0,,,1,0,0,,0.49866168144205036,disturbance
w_calibration_v13,capacity_050_w_080,27,69,0.9987626178681455,0.8837453860821903,0.9999999883998544,0.9133739746439901,0.16426203441166046,0.2213059961957193,1.0,,,1,0,0,,0.4979969575795501,none
w_calibration_v13,capacity_050_w_080,28,70,0.9999999998451361,0.8599901394111071,0.9999999998451361,1.0,0.14858276188060687,0.18983141737158618,1.0,,,1,0,0,,0.49831039243574765,disturbance
w_calibration_v13,capacity_050_w_080,29,71,0.9999999999999989,0.8788128182545187,0.9999999999999989,1.0,0.14547282313674315,0.205710586828963,1.0,,,1,0,0,,0.4983421979402061,none
w_calibration_v13,capacity_050_w_100,0,42,0.9999862762564494,0.8378531914068161,0.9999999999974725,0.9908650006816275,0.20643709231216653,0.2333250175086981,1.0,,,1,0,0,,0.4992666666666667,disturbance
w_calibration_v13,capacity_050_w_100,1,43,0.9540851360460335,0.8532565988006563,0.9999972959606993,0.822187662495401,0.22446053429181084,0.21622681331830312,1.0,,,1,0,0,,0.4992666666666667,disturbance
w_calibration_v13,capacity_050_w_100,2,44,0.9984094368557408,0.8775020652415447,0.9999999981656006,0.9625171523173726,0.13960637849446722,0.164899985964871,1.0,,,1,0,0,,0.4992666666666667,disturbance
w_calibration_v13,capacity_050_w_100,3,45,0.9999978722651438,0.8811173820944553,0.9999999999982924,1.0,0.1316539063050319,0.14429192144673122,1.0,,,1,0,0,,0.4992666666666667,none
w_calibration_v13,capacity_050_w_100,4,46,0.8929287207042569,0.8220073580583459,0.9999999917929719,0.7635178468992768,0.19566321947129356,0.22979621252897328,1.0,,,1,0,0,,0.4992666666666667,disturbance
w_calibration_v13,capacity_050_w_100,5,47,0.9648480078131119,0.7927170787134737,0.9999918179170336,0.8245876461268258,0.20343114008233418,0.20956281660699266,0.9866666666666667,30,32,0,1,0,,0.4992666666666667,trust
w_calibration_v13,capacity_050_w_100,6,48,0.9999999706067306,0.8651190430405828,0.9999999706067306,1.0,0.07811803025152046,0.17720558212774867,1.0,,,1,0,0,,0.4992666666666667,disturbance
w_calibration_v13,capacity_050_w_100,7,49,0.999962383575251,0.8817976045435539,0.9999999833058937,1.0,0.17120826439613873,0.14874582939088057,1.0,,,1,0,0,,0.4992666666666667,none
w_calibration_v13,capacity_050_w_100,8,50,0.9999999999999997,0.8812990088698391,0.9999999999999997,1.0,0.14778410761099964,0.16268208970461379,1.0,,,1,0,0,,0.4992666666666667,disturbance
w_calibration_v13,capacity_050_w_100,9,51,0.999991771993041,0.7633912933466177,0.999991771993041,1.0,0.13241265841539876,0.24255178312576806,0.9533333333333334,50,57,0,1,0,,0.4992666666666667,trust
w_calibration_v13,capacity_050_w_100,10,52,0.9999997960055668,0.8831958749600782,0.9999999999999943,1.0,0.12219981047557453,0.18028422375786612,1.0,,,1,0,0,,0.4992666666666667,none
w_calibration_v13,capacity_050_w_100,11,53,0.9687235050092105,0.8753976809414177,0.9999998197485747,0.865329924692396,0.11090914664930132,0.16932777123778342,1.0,,,1,0,0,,0.4992666666666667,disturbance
w_calibration_v13,capacity_050_w_100,12,54,0.9999622649553156,0.8305841497892834,0.9999999816569356,1.0,0.13234291273314738,0.21321771955399696,1.0,,,1,0,0,,0.4992666666666667,disturbance
w_calibration_v13,capacity_050_w_100,13,55,0.9936286143778836,0.8340480750390026,0.9999995084532961,0.8935486722245278,0.14513983758072366,0.15096565757315042,1.0,,,1,0,0,,0.4992666666666667,trust
w_calibration_v13,capacity_050_w_100,14,56,0.9999999893462058,0.878829108935357,0.9999999893462058,0.9926784630012191,0.1403535966409678,0.1672830104828128,1.0,,,1,0,0,,0.4992666666666667,none
w_calibration_v13,capacity_050_w_100,15,57,0.9998530168030427,0.8091302575871098,0.9999884958551806,1.0,0.1240850183777861,0.19912843593144475,1.0,,,1,0,0,,0.4992666666666667,tie
w_calibration_v13,capacity_050_w_100,16,58,0.9999999999989768,0.8819213361427307,0.9999999999989768,1.0,0.12529864020449044,0.186269092732727,1.0,,,1,0,0,,0.4992666666666667,disturbance
w_calibration_v13,capacity_050_w_100,17,59,0.9999975724635374,0.8060777653811725,0.9999975724635374,1.0,0.19658608611761175,0.17921387345169468,1.0,,,1,0,0,,0.4992666666666667,disturbance
w_calibration_v13,capacity_050_w_100,18,60,0.9995354572925701,0.8605849082909761,0.999999995662081,0.9114331887426045,0.22513379127677094,0.1923341190492788,1.0,,,1,0,0,,0.4992666666666667,trust
w_calibration_v13,capacity_050_w_100,19,61,0.9999999999315495,0.8775502409403673,0.9999999999315495,0.9235124659572664,0.2760591911318634,0.2205226463442954,1.0,,,1,0,0,,0.4992666666666667,disturbance
w_calibration_v13,capacity_050_w_100,20,62,0.9998345531093311,0.8809851746953272,0.9999954912367377,1.0,0.1542751628398594,0.18551595558535106,1.0,,,1,0,0,,0.4992666666666667,disturbance
w_calibration_v13,capacity_050_w_100,21,63,0.9999994886913259,0.879942028360133,0.9999999999948139,1.0,0.14517768772124562,0.18474980261182272,1.0,,,1,0,0,,0.4992666666666667,disturbance
w_calibration_v13,capacity_050_w_100,22,64,0.9999988206306705,0.8558518624751554,0.9999999520044774,1.0,0.12940109615737372,0.22715744705036023,1.0,,,1,0,0,,0.4992666666666667,disturbance
w_calibration_v13,capacity_050_w_100,23,65,0.9999999998536275,0.8802621928066567,0.9999999999999793,1.0,0.1348777257766053,0.19176187245577517,1.0,,,1,0,0,,0.4992666666666667,none
w_calibration_v13,capacity_050_w_100,24,66,0.9999952881240656,0.881041915515405,0.9999999679525715,1.0,0.13458307302561465,0.22299954749055803,1.0,,,1,0,0,,0.4992666666666667,disturbance
w_calibration_v13,capacity_050_w_100,25,67,0.992390866426549,0.8006734330965151,0.9999999997491631,0.8691565650714509,0.19257698224124745,0.2393086631331681,1.0,,,1,0,0,,0.4992666666666667,tie
w_calibration_v13,capacity_050_w_100,26,68,0.9999999869543815,0.8403931913038188,0.9999999886090518,1.0,0.10438818248702414,0.16425895146072256,1.0,,,1,0,0,,0.4992666666666667,disturbance
w_calibration_v13,capacity_050_w_100,27,69,0.9987737211022615,0.8849385617384334,0.9999999886627523,0.9130735121818022,0.1641994081397411,0.22137509146707593,1.0,,,1,0,0,,0.4992666666666667,none
w_calibration_v13,capacity_050_w_100,28,70,0.9999999998462255,0.8627680767901696,0.9999999998462255,1.0,0.1487011705685508,0.18980020601186398,1.0,,,1,0,0,,0.4992666666666667,disturbance
w_calibration_v13,capacity_050_w_100,29,71,0.9999999999999989,0.880005993910762,0.9999999999999989,1.0,0.14541451086857712,0.20566410160837043,1.0,,,1,0,0,,0.4992666666666667,none
## END v13_blocking_diagnostic_runs.csv
