batch_id,scenario,scenario_family,profile,run_index,seed,topology_initial,topology_final_detected,steps,a,b,c,lambda_damping,alpha_cognition,mu_cognition,k_D,k_C,k_T,k_b,break_condition_margin,f_min,kappa_min_protected,psi_lambda,psi_weight_profile,psi_threshold,psi_w_t,psi_w_d,psi_w_g,psi_w_s,psi_w_regime,message_loss,final_T_mean,final_T_min,final_D_mean,final_C_mean,final_I_mean,final_S_network,final_G_formal,final_G_effective,collapse_share_peak,sustained_ignition,ignition_onset_step,trigger_A_count,trigger_A_first_step,trigger_A_source,collapse30_event_first_step,collapse40_event_first_step,cluster35_event_first_step,t_mean30_event_first_step,s_network35_event_first_step,trigger_A_lead_to_collapse30,trigger_A_lead_to_collapse40,trigger_A_lead_to_cluster35,trigger_A_lead_to_t_mean30,trigger_A_lead_to_s_network35,trigger_A_before_collapse30,trigger_A_false_positive_no_collapse30,trigger_B_count,trigger_B_first_step,trigger_C_count,trigger_D_count,false_stability_steps,async_false_stability_steps,final_hub1_S,final_hub2_S,final_hub3_S,min_hub1_S,min_hub2_S,min_hub3_S,external_intervention_count,resource_exhaustion_step,resource_floor_steps,max_unmet_recovery_demand,max_routing_delay_loss,routing_delay_steps,reclassification_latency_steps,star_adjacency_persist_steps,topology_wrong_monitoring_steps,centralizing_wrong_monitoring_steps,star_wrong_monitoring_steps,topology_false_stability_steps,max_wrong_monitoring_window,hub_degree_min,hub_degree_max,hub_degree_imbalance
grand_sim_v0_6,ring_baseline,baseline,low_stress,0,9800,ring_mesh,ring_mesh,160,0.06,0.1,0.04,0.32,1.2,0.2,0.08,0.06,0.12,0.0075,0.006735,0.3,0.25,0.1,,0.3,,,,,,0.03,1.0,1.0,0.0691,0.0,1.0,0.988253,1.0,1.0,0.0,0,,0,,,,,,,,,,,,,0,0,0,,0,0,0,0,,,,,,,0,,0,0.0,0.0,0,,0,0,0,0,0,0,,,
grand_sim_v0_6,ring_baseline,baseline,low_stress,1,9801,ring_mesh,ring_mesh,160,0.06,0.1,0.04,0.32,1.2,0.2,0.08,0.06,0.12,0.0075,0.006735,0.3,0.25,0.1,,0.3,,,,,,0.03,1.0,1.0,0.07038,0.0,1.0,0.988035,1.0,1.0,0.0,0,,0,,,,,,,,,,,,,0,0,0,,0,0,0,0,,,,,,,0,,0,0.0,0.0,0,,0,0,0,0,0,0,,,
grand_sim_v0_6,ring_baseline,baseline,low_stress,2,9802,ring_mesh,ring_mesh,160,0.06,0.1,0.04,0.32,1.2,0.2,0.08,0.06,0.12,0.0075,0.006735,0.3,0.25,0.1,,0.3,,,,,,0.03,1.0,1.0,0.071112,0.0,1.0,0.987911,1.0,1.0,0.0,0,,0,,,,,,,,,,,,,0,0,0,,0,0,0,0,,,,,,,0,,0,0.0,0.0,0,,0,0,0,0,0,0,,,
grand_sim_v0_6,ring_baseline,baseline,low_stress,3,9803,ring_mesh,ring_mesh,160,0.06,0.1,0.04,0.32,1.2,0.2,0.08,0.06,0.12,0.0075,0.006735,0.3,0.25,0.1,,0.3,,,,,,0.03,1.0,1.0,0.06904,0.0,1.0,0.988263,1.0,1.0,0.0,0,,0,,,,,,,,,,,,,0,0,0,,0,0,0,0,,,,,,,0,,0,0.0,0.0,0,,0,0,0,0,0,0,,,
grand_sim_v0_6,ring_baseline,baseline,low_stress,4,9804,ring_mesh,ring_mesh,160,0.06,0.1,0.04,0.32,1.2,0.2,0.08,0.06,0.12,0.0075,0.006735,0.3,0.25,0.1,,0.3,,,,,,0.03,1.0,1.0,0.070915,0.0,1.0,0.987944,1.0,1.0,0.0,0,,0,,,,,,,,,,,,,0,0,0,,0,0,0,0,,,,,,,0,,0,0.0,0.0,0,,0,0,0,0,0,0,,,
grand_sim_v0_6,ring_baseline,baseline,low_stress,5,9805,ring_mesh,ring_mesh,160,0.06,0.1,0.04,0.32,1.2,0.2,0.08,0.06,0.12,0.0075,0.006735,0.3,0.25,0.1,,0.3,,,,,,0.03,1.0,1.0,0.067043,0.0,1.0,0.988603,1.0,1.0,0.0,0,,0,,,,,,,,,,,,,0,0,0,,0,0,0,0,,,,,,,0,,0,0.0,0.0,0,,0,0,0,0,0,0,,,
grand_sim_v0_6,ring_baseline,baseline,low_stress,6,9806,ring_mesh,ring_mesh,160,0.06,0.1,0.04,0.32,1.2,0.2,0.08,0.06,0.12,0.0075,0.006735,0.3,0.25,0.1,,0.3,,,,,,0.03,1.0,1.0,0.068704,0.0,1.0,0.98832,1.0,1.0,0.0,0,,0,,,,,,,,,,,,,0,0,0,,0,0,0,0,,,,,,,0,,0,0.0,0.0,0,,0,0,0,0,0,0,,,
grand_sim_v0_6,ring_baseline,baseline,low_stress,7,9807,ring_mesh,ring_mesh,160,0.06,0.1,0.04,0.32,1.2,0.2,0.08,0.06,0.12,0.0075,0.006735,0.3,0.25,0.1,,0.3,,,,,,0.03,1.0,1.0,0.0682,0.0,1.0,0.988406,1.0,1.0,0.0,0,,0,,,,,,,,,,,,,0,0,0,,0,0,0,0,,,,,,,0,,0,0.0,0.0,0,,0,0,0,0,0,0,,,
grand_sim_v0_6,ring_baseline,baseline,low_stress,8,9808,ring_mesh,ring_mesh,160,0.06,0.1,0.04,0.32,1.2,0.2,0.08,0.06,0.12,0.0075,0.006735,0.3,0.25,0.1,,0.3,,,,,,0.03,1.0,1.0,0.069194,0.0,1.0,0.988237,1.0,1.0,0.0,0,,0,,,,,,,,,,,,,0,0,0,,0,0,0,0,,,,,,,0,,0,0.0,0.0,0,,0,0,0,0,0,0,,,
grand_sim_v0_6,ring_baseline,baseline,low_stress,9,9809,ring_mesh,ring_mesh,160,0.06,0.1,0.04,0.32,1.2,0.2,0.08,0.06,0.12,0.0075,0.006735,0.3,0.25,0.1,,0.3,,,,,,0.03,1.0,1.0,0.070244,0.0,1.0,0.988059,1.0,1.0,0.0,0,,0,,,,,,,,,,,,,0,0,0,,0,0,0,0,,,,,,,0,,0,0.0,0.0,0,,0,0,0,0,0,0,,,
grand_sim_v0_6,ring_baseline,baseline,mid_stress,0,9810,ring_mesh,ring_mesh,160,0.1,0.08,0.06,0.29,1.6,0.12,0.1,0.08,0.16,0.0095,0.00791,0.3,0.25,0.1,,0.3,,,,,,0.06,1.0,1.0,0.075822,0.0,1.0,0.98711,1.0,1.0,0.0,0,,0,,,,,,,,,,,,,0,0,0,,0,0,0,0,,,,,,,0,,0,0.0,0.0,0,,0,0,0,0,0,0,,,
grand_sim_v0_6,ring_baseline,baseline,mid_stress,1,9811,ring_mesh,ring_mesh,160,0.1,0.08,0.06,0.29,1.6,0.12,0.1,0.08,0.16,0.0095,0.00791,0.3,0.25,0.1,,0.3,,,,,,0.06,1.0,1.0,0.075543,0.0,1.0,0.987158,1.0,1.0,0.0,0,,0,,,,,,,,,,,,,0,0,0,,0,0,0,0,,,,,,,0,,0,0.0,0.0,0,,0,0,0,0,0,0,,,
grand_sim_v0_6,ring_baseline,baseline,mid_stress,2,9812,ring_mesh,ring_mesh,160,0.1,0.08,0.06,0.29,1.6,0.12,0.1,0.08,0.16,0.0095,0.00791,0.3,0.25,0.1,,0.3,,,,,,0.06,1.0,1.0,0.077422,0.0,1.0,0.986838,1.0,1.0,0.0,0,,0,,,,,,,,,,,,,0,0,0,,0,0,0,0,,,,,,,0,,0,0.0,0.0,0,,0,0,0,0,0,0,,,
grand_sim_v0_6,ring_baseline,baseline,mid_stress,3,9813,ring_mesh,ring_mesh,160,0.1,0.08,0.06,0.29,1.6,0.12,0.1,0.08,0.16,0.0095,0.00791,0.3,0.25,0.1,,0.3,,,,,,0.06,1.0,1.0,0.077916,0.0,1.0,0.986754,1.0,1.0,0.0,0,,0,,,,,,,,,,,,,0,0,0,,0,0,0,0,,,,,,,0,,0,0.0,0.0,0,,0,0,0,0,0,0,,,
grand_sim_v0_6,ring_baseline,baseline,mid_stress,4,9814,ring_mesh,ring_mesh,160,0.1,0.08,0.06,0.29,1.6,0.12,0.1,0.08,0.16,0.0095,0.00791,0.3,0.25,0.1,,0.3,,,,,,0.06,1.0,1.0,0.078955,0.0,1.0,0.986578,1.0,1.0,0.0,0,,0,,,,,,,,,,,,,0,0,0,,0,0,0,0,,,,,,,0,,0,0.0,0.0,0,,0,0,0,0,0,0,,,
grand_sim_v0_6,ring_baseline,baseline,mid_stress,5,9815,ring_mesh,ring_mesh,160,0.1,0.08,0.06,0.29,1.6,0.12,0.1,0.08,0.16,0.0095,0.00791,0.3,0.25,0.1,,0.3,,,,,,0.06,1.0,1.0,0.076638,0.0,1.0,0.986972,1.0,1.0,0.0,0,,0,,,,,,,,,,,,,0,0,0,,0,0,0,0,,,,,,,0,,0,0.0,0.0,0,,0,0,0,0,0,0,,,
grand_sim_v0_6,ring_baseline,baseline,mid_stress,6,9816,ring_mesh,ring_mesh,160,0.1,0.08,0.06,0.29,1.6,0.12,0.1,0.08,0.16,0.0095,0.00791,0.3,0.25,0.1,,0.3,,,,,,0.06,1.0,1.0,0.076218,0.0,1.0,0.987043,1.0,1.0,0.0,0,,0,,,,,,,,,,,,,0,0,0,,0,0,0,0,,,,,,,0,,0,0.0,0.0,0,,0,0,0,0,0,0,,,
grand_sim_v0_6,ring_baseline,baseline,mid_stress,7,9817,ring_mesh,ring_mesh,160,0.1,0.08,0.06,0.29,1.6,0.12,0.1,0.08,0.16,0.0095,0.00791,0.3,0.25,0.1,,0.3,,,,,,0.06,1.0,1.0,0.072631,0.0,1.0,0.987653,1.0,1.0,0.0,0,,0,,,,,,,,,,,,,0,0,0,,0,0,0,0,,,,,,,0,,0,0.0,0.0,0,,0,0,0,0,0,0,,,
grand_sim_v0_6,ring_baseline,baseline,mid_stress,8,9818,ring_mesh,ring_mesh,160,0.1,0.08,0.06,0.29,1.6,0.12,0.1,0.08,0.16,0.0095,0.00791,0.3,0.25,0.1,,0.3,,,,,,0.06,1.0,1.0,0.07882,0.0,1.0,0.986601,1.0,1.0,0.0,0,,0,,,,,,,,,,,,,0,0,0,,0,0,0,0,,,,,,,0,,0,0.0,0.0,0,,0,0,0,0,0,0,,,
grand_sim_v0_6,ring_baseline,baseline,mid_stress,9,9819,ring_mesh,ring_mesh,160,0.1,0.08,0.06,0.29,1.6,0.12,0.1,0.08,0.16,0.0095,0.00791,0.3,0.25,0.1,,0.3,,,,,,0.06,1.0,1.0,0.076353,0.0,1.0,0.98702,1.0,1.0,0.0,0,,0,,,,,,,,,,,,,0,0,0,,0,0,0,0,,,,,,,0,,0,0.0,0.0,0,,0,0,0,0,0,0,,,
grand_sim_v0_6,ring_baseline,baseline,high_stress,0,9820,ring_mesh,ring_mesh,160,0.14,0.05,0.09,0.26,2.0,0.06,0.13,0.1,0.2,0.012,0.00998,0.3,0.25,0.1,,0.3,,,,,,0.09,0.03,0.03,0.087358,1.0,0.0,0.169549,0.0,0.0,1.0,1,37,122,38,C04_S_THRESHOLD,36,37,,38,44,-2,-1,,0,6,0,0,0,,0,116,0,0,,,,,,,0,,0,0.0,0.0,0,,0,0,0,0,0,0,,,
grand_sim_v0_6,ring_baseline,baseline,high_stress,1,9821,ring_mesh,ring_mesh,160,0.14,0.05,0.09,0.26,2.0,0.06,0.13,0.1,0.2,0.012,0.00998,0.3,0.25,0.1,,0.3,,,,,,0.09,0.03,0.03,0.087932,1.0,0.0,0.169451,0.0,0.0,1.0,1,37,122,38,C04_S_THRESHOLD,36,37,,38,44,-2,-1,,0,6,0,0,0,,0,116,0,0,,,,,,,0,,0,0.0,0.0,0,,0,0,0,0,0,0,,,
grand_sim_v0_6,ring_baseline,baseline,high_stress,2,9822,ring_mesh,ring_mesh,160,0.14,0.05,0.09,0.26,2.0,0.06,0.13,0.1,0.2,0.012,0.00998,0.3,0.25,0.1,,0.3,,,,,,0.09,0.03,0.03,0.088855,1.0,0.0,0.169295,0.0,0.0,1.0,1,41,120,40,C04_S_THRESHOLD,38,41,,41,47,-2,1,,1,7,0,0,0,,0,113,0,0,,,,,,,0,,0,0.0,0.0,0,,0,0,0,0,0,0,,,
grand_sim_v0_6,ring_baseline,baseline,high_stress,3,9823,ring_mesh,ring_mesh,160,0.14,0.05,0.09,0.26,2.0,0.06,0.13,0.1,0.2,0.012,0.00998,0.3,0.25,0.1,,0.3,,,,,,0.09,0.03,0.03,0.090628,1.0,0.0,0.168993,0.0,0.0,1.0,1,37,122,38,C04_S_THRESHOLD,36,37,,39,45,-2,-1,,1,7,0,0,0,,0,116,1,0,,,,,,,0,,0,0.0,0.0,0,,0,0,0,0,0,0,,,
grand_sim_v0_6,ring_baseline,baseline,high_stress,4,9824,ring_mesh,ring_mesh,160,0.14,0.05,0.09,0.26,2.0,0.06,0.13,0.1,0.2,0.012,0.00998,0.3,0.25,0.1,,0.3,,,,,,0.09,0.03,0.03,0.089307,1.0,0.0,0.169218,0.0,0.0,1.0,1,38,120,40,C04_S_THRESHOLD,37,38,,40,46,-3,-2,,0,6,0,0,0,,0,114,0,0,,,,,,,0,,0,0.0,0.0,0,,0,0,0,0,0,0,,,
grand_sim_v0_6,ring_baseline,baseline,high_stress,5,9825,ring_mesh,ring_mesh,160,0.14,0.05,0.09,0.26,2.0,0.06,0.13,0.1,0.2,0.012,0.00998,0.3,0.25,0.1,,0.3,,,,,,0.09,0.03,0.03,0.087757,1.0,0.0,0.169481,0.0,0.0,1.0,1,39,120,40,C04_S_THRESHOLD,38,39,,40,46,-2,-1,,0,6,0,0,0,,0,116,0,0,,,,,,,0,,0,0.0,0.0,0,,0,0,0,0,0,0,,,
grand_sim_v0_6,ring_baseline,baseline,high_stress,6,9826,ring_mesh,ring_mesh,160,0.14,0.05,0.09,0.26,2.0,0.06,0.13,0.1,0.2,0.012,0.00998,0.3,0.25,0.1,,0.3,,,,,,0.09,0.03,0.03,0.088596,1.0,0.0,0.169339,0.0,0.0,1.0,1,39,120,40,C04_S_THRESHOLD,38,39,,41,47,-2,-1,,1,7,0,0,0,,0,113,0,0,,,,,,,0,,0,0.0,0.0,0,,0,0,0,0,0,0,,,
grand_sim_v0_6,ring_baseline,baseline,high_stress,7,9827,ring_mesh,ring_mesh,160,0.14,0.05,0.09,0.26,2.0,0.06,0.13,0.1,0.2,0.012,0.00998,0.3,0.25,0.1,,0.3,,,,,,0.09,0.03,0.03,0.090436,1.0,0.0,0.169026,0.0,0.0,1.0,1,40,120,40,C04_S_THRESHOLD,38,40,,41,47,-2,0,,1,7,0,0,0,,0,114,0,0,,,,,,,0,,0,0.0,0.0,0,,0,0,0,0,0,0,,,
grand_sim_v0_6,ring_baseline,baseline,high_stress,8,9828,ring_mesh,ring_mesh,160,0.14,0.05,0.09,0.26,2.0,0.06,0.13,0.1,0.2,0.012,0.00998,0.3,0.25,0.1,,0.3,,,,,,0.09,0.03,0.03,0.091545,1.0,0.0,0.168837,0.0,0.0,1.0,1,41,118,42,C04_S_THRESHOLD,39,41,,43,49,-3,-1,,1,7,0,0,0,,0,112,0,0,,,,,,,0,,0,0.0,0.0,0,,0,0,0,0,0,0,,,
grand_sim_v0_6,ring_baseline,baseline,high_stress,9,9829,ring_mesh,ring_mesh,160,0.14,0.05,0.09,0.26,2.0,0.06,0.13,0.1,0.2,0.012,0.00998,0.3,0.25,0.1,,0.3,,,,,,0.09,0.03,0.03,0.084237,1.0,0.0,0.17008,0.0,0.0,1.0,1,43,115,45,C04_S_THRESHOLD,42,43,,45,51,-3,-2,,0,6,0,0,0,,0,108,0,0,,,,,,,0,,0,0.0,0.0,0,,0,0,0,0,0,0,,,
grand_sim_v0_6,federation_cluster_attack,federation,low_stress,0,9830,federation,federation,160,0.06,0.1,0.04,0.32,1.2,0.2,0.08,0.06,0.12,0.0075,0.006735,0.3,0.25,0.1,stability_heavy_no_regime,0.3,0.2,0.2,0.15,0.35,0.0,0.03,0.676685,0.03,0.094535,0.0,0.814215,0.392523,0.977764,0.977764,0.333333,0,,72,79,C07_PSI_EXTENDED,99,,81,,82,20,,2,,3,1,0,0,,0,0,0,0,,,,,,,0,122,38,0.003249,0.0,0,,0,0,0,0,0,0,,,
grand_sim_v0_6,federation_cluster_attack,federation,low_stress,1,9831,federation,federation,160,0.06,0.1,0.04,0.32,1.2,0.2,0.08,0.06,0.12,0.0075,0.006735,0.3,0.25,0.1,stability_heavy_no_regime,0.3,0.2,0.2,0.15,0.35,0.0,0.03,0.67669,0.03,0.094418,0.0,0.815538,0.393245,0.97605,0.97605,0.333333,0,,71,80,C07_PSI_EXTENDED,92,,81,,83,12,,1,,3,1,0,0,,0,0,0,0,,,,,,,0,125,35,0.003193,0.0,0,,0,0,0,0,0,0,,,
grand_sim_v0_6,federation_cluster_attack,federation,low_stress,2,9832,federation,federation,160,0.06,0.1,0.04,0.32,1.2,0.2,0.08,0.06,0.12,0.0075,0.006735,0.3,0.25,0.1,stability_heavy_no_regime,0.3,0.2,0.2,0.15,0.35,0.0,0.03,0.676778,0.03,0.094131,0.0,0.815109,0.394633,0.965511,0.965511,0.333333,0,,70,79,C07_PSI_EXTENDED,100,,81,,82,21,,2,,3,1,0,0,,0,0,0,0,,,,,,,0,125,35,0.003195,0.0,0,,0,0,0,0,0,0,,,
grand_sim_v0_6,federation_cluster_attack,federation,low_stress,3,9833,federation,federation,160,0.06,0.1,0.04,0.32,1.2,0.2,0.08,0.06,0.12,0.0075,0.006735,0.3,0.25,0.1,stability_heavy_no_regime,0.3,0.2,0.2,0.15,0.35,0.0,0.03,0.676724,0.03,0.098067,0.0,0.815679,0.391336,0.977778,0.977778,0.333333,0,,70,80,C07_PSI_EXTENDED,99,,81,,82,19,,1,,2,1,0,0,,0,0,0,0,,,,,,,0,129,31,0.003188,0.0,0,,0,0,0,0,0,0,,,
grand_sim_v0_6,federation_cluster_attack,federation,low_stress,4,9834,federation,federation,160,0.06,0.1,0.04,0.32,1.2,0.2,0.08,0.06,0.12,0.0075,0.006735,0.3,0.25,0.1,stability_heavy_no_regime,0.3,0.2,0.2,0.15,0.35,0.0,0.03,0.677335,0.03,0.092754,0.0,0.816398,0.395692,0.964063,0.964063,0.333333,0,,71,78,C07_PSI_EXTENDED,90,,79,,81,12,,1,,3,1,0,0,,0,0,0,0,,,,,,,0,120,40,0.003178,0.0,0,,0,0,0,0,0,0,,,
grand_sim_v0_6,federation_cluster_attack,federation,low_stress,5,9835,federation,federation,160,0.06,0.1,0.04,0.32,1.2,0.2,0.08,0.06,0.12,0.0075,0.006735,0.3,0.25,0.1,stability_heavy_no_regime,0.3,0.2,0.2,0.15,0.35,0.0,0.03,0.67715,0.03,0.096034,0.0,0.814608,0.391929,0.977921,0.977921,0.333333,0,,73,80,C07_PSI_EXTENDED,98,,82,,82,18,,2,,2,1,0,0,,0,0,0,0,,,,,,,0,125,35,0.003215,0.0,0,,0,0,0,0,0,0,,,
grand_sim_v0_6,federation_cluster_attack,federation,low_stress,6,9836,federation,federation,160,0.06,0.1,0.04,0.32,1.2,0.2,0.08,0.06,0.12,0.0075,0.006735,0.3,0.25,0.1,stability_heavy_no_regime,0.3,0.2,0.2,0.15,0.35,0.0,0.03,0.676807,0.03,0.095682,0.0,0.814627,0.393157,0.972449,0.972449,0.333333,0,,75,78,C07_PSI_EXTENDED,96,,80,,81,18,,2,,3,1,0,0,,0,0,0,0,,,,,,,0,119,41,0.003213,0.0,0,,0,0,0,0,0,0,,,
grand_sim_v0_6,federation_cluster_attack,federation,low_stress,7,9837,federation,federation,160,0.06,0.1,0.04,0.32,1.2,0.2,0.08,0.06,0.12,0.0075,0.006735,0.3,0.25,0.1,stability_heavy_no_regime,0.3,0.2,0.2,0.15,0.35,0.0,0.03,0.677057,0.03,0.103609,0.0,0.814382,0.39036,0.994362,0.994362,0.333333,0,,77,80,C07_PSI_EXTENDED,98,,82,,83,18,,2,,3,1,0,0,,0,0,0,0,,,,,,,0,132,28,0.003223,0.0,0,,0,0,0,0,0,0,,,
grand_sim_v0_6,federation_cluster_attack,federation,low_stress,8,9838,federation,federation,160,0.06,0.1,0.04,0.32,1.2,0.2,0.08,0.06,0.12,0.0075,0.006735,0.3,0.25,0.1,stability_heavy_no_regime,0.3,0.2,0.2,0.15,0.35,0.0,0.03,0.67673,0.03,0.102157,0.0,0.814576,0.389421,0.98774,0.98774,0.333333,0,,71,79,C07_PSI_EXTENDED,98,,81,,82,19,,2,,3,1,0,0,,0,0,0,0,,,,,,,0,127,33,0.003243,0.0,0,,0,0,0,0,0,0,,,
grand_sim_v0_6,federation_cluster_attack,federation,low_stress,9,9839,federation,federation,160,0.06,0.1,0.04,0.32,1.2,0.2,0.08,0.06,0.12,0.0075,0.006735,0.3,0.25,0.1,stability_heavy_no_regime,0.3,0.2,0.2,0.15,0.35,0.0,0.03,0.676672,0.03,0.097521,0.0,0.814168,0.392052,0.977759,0.977759,0.333333,0,,72,81,C07_PSI_EXTENDED,98,,89,,84,17,,8,,3,1,0,0,,0,0,0,0,,,,,,,0,139,21,0.003224,0.0,0,,0,0,0,0,0,0,,,
grand_sim_v0_6,federation_cluster_attack,federation,mid_stress,0,9840,federation,federation,160,0.1,0.08,0.06,0.29,1.6,0.12,0.1,0.08,0.16,0.0095,0.00791,0.3,0.25,0.1,stability_heavy_no_regime,0.3,0.2,0.2,0.15,0.35,0.0,0.06,0.676667,0.03,0.102483,0.0,0.787073,0.37634,1.0,1.0,0.333333,0,,104,56,C07_PSI_EXTENDED,67,,56,,57,11,,0,,1,1,0,0,,0,0,0,0,,,,,,,0,84,76,0.002664,0.0,0,,0,0,0,0,0,0,,,
grand_sim_v0_6,federation_cluster_attack,federation,mid_stress,1,9841,federation,federation,160,0.1,0.08,0.06,0.29,1.6,0.12,0.1,0.08,0.16,0.0095,0.00791,0.3,0.25,0.1,stability_heavy_no_regime,0.3,0.2,0.2,0.15,0.35,0.0,0.06,0.676667,0.03,0.105716,8.2e-05,0.786119,0.372582,1.0,1.0,0.333333,0,,105,55,C07_PSI_EXTENDED,67,,55,,57,12,,0,,2,1,0,0,,0,0,0,0,,,,,,,0,83,77,0.002655,0.0,0,,0,0,0,0,0,0,,,
grand_sim_v0_6,federation_cluster_attack,federation,mid_stress,2,9842,federation,federation,160,0.1,0.08,0.06,0.29,1.6,0.12,0.1,0.08,0.16,0.0095,0.00791,0.3,0.25,0.1,stability_heavy_no_regime,0.3,0.2,0.2,0.15,0.35,0.0,0.06,0.676667,0.03,0.107294,0.000101,0.785678,0.370267,1.0,1.0,0.333333,0,,105,55,C07_PSI_EXTENDED,66,,55,,57,11,,0,,2,1,0,0,,0,0,0,0,,,,,,,0,73,87,0.003092,0.0,0,,0,0,0,0,0,0,,,
grand_sim_v0_6,federation_cluster_attack,federation,mid_stress,3,9843,federation,federation,160,0.1,0.08,0.06,0.29,1.6,0.12,0.1,0.08,0.16,0.0095,0.00791,0.3,0.25,0.1,stability_heavy_no_regime,0.3,0.2,0.2,0.15,0.35,0.0,0.06,0.676667,0.03,0.106136,8e-06,0.786363,0.373255,1.0,1.0,0.333333,0,,105,55,C07_PSI_EXTENDED,66,,55,,57,11,,0,,2,1,0,0,,0,0,0,0,,,,,,,0,76,84,0.002637,0.0,0,,0,0,0,0,0,0,,,
grand_sim_v0_6,federation_cluster_attack,federation,mid_stress,4,9844,federation,federation,160,0.1,0.08,0.06,0.29,1.6,0.12,0.1,0.08,0.16,0.0095,0.00791,0.3,0.25,0.1,stability_heavy_no_regime,0.3,0.2,0.2,0.15,0.35,0.0,0.06,0.676667,0.03,0.108838,0.0,0.784951,0.369782,1.0,1.0,0.333333,0,,105,55,C07_PSI_EXTENDED,66,,55,,56,11,,0,,1,1,0,0,,0,0,0,0,,,,,,,0,73,87,0.003225,0.0,0,,0,0,0,0,0,0,,,
grand_sim_v0_6,federation_cluster_attack,federation,mid_stress,5,9845,federation,federation,160,0.1,0.08,0.06,0.29,1.6,0.12,0.1,0.08,0.16,0.0095,0.00791,0.3,0.25,0.1,stability_heavy_no_regime,0.3,0.2,0.2,0.15,0.35,0.0,0.06,0.676667,0.03,0.112644,0.0,0.783954,0.370468,1.0,1.0,0.333333,0,,104,56,C07_PSI_EXTENDED,67,,56,,57,11,,0,,1,1,0,0,,0,0,0,0,,,,,,,0,86,74,0.002559,0.0,0,,0,0,0,0,0,0,,,
grand_sim_v0_6,federation_cluster_attack,federation,mid_stress,6,9846,federation,federation,160,0.1,0.08,0.06,0.29,1.6,0.12,0.1,0.08,0.16,0.0095,0.00791,0.3,0.25,0.1,stability_heavy_no_regime,0.3,0.2,0.2,0.15,0.35,0.0,0.06,0.676667,0.03,0.104034,0.0,0.785985,0.372389,1.0,1.0,0.333333,0,,105,55,C07_PSI_EXTENDED,62,,55,,56,7,,0,,1,1,0,0,,0,0,0,0,,,,,,,0,71,89,0.003332,0.0,0,,0,0,0,0,0,0,,,
grand_sim_v0_6,federation_cluster_attack,federation,mid_stress,7,9847,federation,federation,160,0.1,0.08,0.06,0.29,1.6,0.12,0.1,0.08,0.16,0.0095,0.00791,0.3,0.25,0.1,stability_heavy_no_regime,0.3,0.2,0.2,0.15,0.35,0.0,0.06,0.676667,0.03,0.107416,0.0,0.78451,0.371371,1.0,1.0,0.333333,0,,105,55,C07_PSI_EXTENDED,67,,55,,57,12,,0,,2,1,0,0,,0,0,0,0,,,,,,,0,77,83,0.002549,0.0,0,,0,0,0,0,0,0,,,
grand_sim_v0_6,federation_cluster_attack,federation,mid_stress,8,9848,federation,federation,160,0.1,0.08,0.06,0.29,1.6,0.12,0.1,0.08,0.16,0.0095,0.00791,0.3,0.25,0.1,stability_heavy_no_regime,0.3,0.2,0.2,0.15,0.35,0.0,0.06,0.676667,0.03,0.108903,0.0,0.784005,0.367291,1.0,1.0,0.333333,0,,104,56,C07_PSI_EXTENDED,62,,56,,57,6,,0,,1,1,0,0,,0,0,0,0,,,,,,,0,80,80,0.002593,0.0,0,,0,0,0,0,0,0,,,
grand_sim_v0_6,federation_cluster_attack,federation,mid_stress,9,9849,federation,federation,160,0.1,0.08,0.06,0.29,1.6,0.12,0.1,0.08,0.16,0.0095,0.00791,0.3,0.25,0.1,stability_heavy_no_regime,0.3,0.2,0.2,0.15,0.35,0.0,0.06,0.676667,0.03,0.102784,0.0,0.785482,0.37217,1.0,1.0,0.333333,0,,105,55,C07_PSI_EXTENDED,65,,55,,57,10,,0,,2,1,0,0,,0,0,0,0,,,,,,,0,74,86,0.002825,0.0,0,,0,0,0,0,0,0,,,
grand_sim_v0_6,federation_cluster_attack,federation,high_stress,0,9850,federation,federation,160,0.14,0.05,0.09,0.26,2.0,0.06,0.13,0.1,0.2,0.012,0.00998,0.3,0.25,0.1,stability_heavy_no_regime,0.3,0.2,0.2,0.15,0.35,0.0,0.09,0.03,0.03,0.121736,1.0,0.0,0.160979,0.0,0.0,1.0,1,28,141,19,C07_PSI_EXTENDED,27,28,25,29,29,8,9,6,10,10,1,0,0,,0,126,0,0,,,,,,,0,,0,0.0,0.0,0,,0,0,0,0,0,0,,,
grand_sim_v0_6,federation_cluster_attack,federation,high_stress,1,9851,federation,federation,160,0.14,0.05,0.09,0.26,2.0,0.06,0.13,0.1,0.2,0.012,0.00998,0.3,0.25,0.1,stability_heavy_no_regime,0.3,0.2,0.2,0.15,0.35,0.0,0.09,0.03,0.03,0.121551,1.0,0.0,0.160714,0.0,0.0,1.0,1,27,141,19,C07_PSI_EXTENDED,26,27,26,29,29,7,8,7,10,10,1,0,0,,0,126,0,0,,,,,,,0,,0,0.0,0.0,0,,0,0,0,0,0,0,,,
grand_sim_v0_6,federation_cluster_attack,federation,high_stress,2,9852,federation,federation,160,0.14,0.05,0.09,0.26,2.0,0.06,0.13,0.1,0.2,0.012,0.00998,0.3,0.25,0.1,stability_heavy_no_regime,0.3,0.2,0.2,0.15,0.35,0.0,0.09,0.03,0.03,0.127295,1.0,0.0,0.156235,0.0,0.0,1.0,1,28,141,19,C07_PSI_EXTENDED,26,28,25,29,29,7,9,6,10,10,1,0,0,,0,126,0,0,,,,,,,0,,0,0.0,0.0,0,,0,0,0,0,0,0,,,
grand_sim_v0_6,federation_cluster_attack,federation,high_stress,3,9853,federation,federation,160,0.14,0.05,0.09,0.26,2.0,0.06,0.13,0.1,0.2,0.012,0.00998,0.3,0.25,0.1,stability_heavy_no_regime,0.3,0.2,0.2,0.15,0.35,0.0,0.09,0.03,0.03,0.121999,1.0,0.0,0.160998,0.0,0.0,1.0,1,27,142,18,C07_PSI_EXTENDED,26,27,25,29,28,8,9,7,11,10,1,0,0,,0,125,0,0,,,,,,,0,,0,0.0,0.0,0,,0,0,0,0,0,0,,,
grand_sim_v0_6,federation_cluster_attack,federation,high_stress,4,9854,federation,federation,160,0.14,0.05,0.09,0.26,2.0,0.06,0.13,0.1,0.2,0.012,0.00998,0.3,0.25,0.1,stability_heavy_no_regime,0.3,0.2,0.2,0.15,0.35,0.0,0.09,0.03,0.03,0.128321,1.0,0.0,0.158649,0.0,0.0,1.0,1,27,142,18,C07_PSI_EXTENDED,27,27,25,28,29,9,9,7,10,11,1,0,0,,0,128,0,0,,,,,,,0,,0,0.0,0.0,0,,0,0,0,0,0,0,,,
grand_sim_v0_6,federation_cluster_attack,federation,high_stress,5,9855,federation,federation,160,0.14,0.05,0.09,0.26,2.0,0.06,0.13,0.1,0.2,0.012,0.00998,0.3,0.25,0.1,stability_heavy_no_regime,0.3,0.2,0.2,0.15,0.35,0.0,0.09,0.03,0.03,0.118951,1.0,0.0,0.161297,0.0,0.0,1.0,1,29,140,20,C07_PSI_EXTENDED,28,29,26,31,29,8,9,6,11,9,1,0,0,,0,124,0,0,,,,,,,0,,0,0.0,0.0,0,,0,0,0,0,0,0,,,
grand_sim_v0_6,federation_cluster_attack,federation,high_stress,6,9856,federation,federation,160,0.14,0.05,0.09,0.26,2.0,0.06,0.13,0.1,0.2,0.012,0.00998,0.3,0.25,0.1,stability_heavy_no_regime,0.3,0.2,0.2,0.15,0.35,0.0,0.09,0.03,0.03,0.123963,1.0,0.0,0.159725,0.0,0.0,1.0,1,29,141,19,C07_PSI_EXTENDED,27,29,26,30,29,8,10,7,11,10,1,0,0,,0,125,0,0,,,,,,,0,,0,0.0,0.0,0,,0,0,0,0,0,0,,,
grand_sim_v0_6,federation_cluster_attack,federation,high_stress,7,9857,federation,federation,160,0.14,0.05,0.09,0.26,2.0,0.06,0.13,0.1,0.2,0.012,0.00998,0.3,0.25,0.1,stability_heavy_no_regime,0.3,0.2,0.2,0.15,0.35,0.0,0.09,0.03,0.03,0.120805,1.0,0.0,0.160421,0.0,0.0,1.0,1,27,141,19,C07_PSI_EXTENDED,26,27,25,29,28,7,8,6,10,9,1,0,0,,0,128,0,0,,,,,,,0,,0,0.0,0.0,0,,0,0,0,0,0,0,,,
grand_sim_v0_6,federation_cluster_attack,federation,high_stress,8,9858,federation,federation,160,0.14,0.05,0.09,0.26,2.0,0.06,0.13,0.1,0.2,0.012,0.00998,0.3,0.25,0.1,stability_heavy_no_regime,0.3,0.2,0.2,0.15,0.35,0.0,0.09,0.03,0.03,0.120736,1.0,0.0,0.161392,0.0,0.0,1.0,1,28,141,19,C07_PSI_EXTENDED,27,28,26,29,29,8,9,7,10,10,1,0,0,,0,126,0,0,,,,,,,0,,0,0.0,0.0,0,,0,0,0,0,0,0,,,
grand_sim_v0_6,federation_cluster_attack,federation,high_stress,9,9859,federation,federation,160,0.14,0.05,0.09,0.26,2.0,0.06,0.13,0.1,0.2,0.012,0.00998,0.3,0.25,0.1,stability_heavy_no_regime,0.3,0.2,0.2,0.15,0.35,0.0,0.09,0.03,0.03,0.122328,1.0,0.0,0.159887,0.0,0.0,1.0,1,27,142,18,C07_PSI_EXTENDED,27,27,23,29,27,9,9,5,11,9,1,0,0,,0,127,0,0,,,,,,,0,,0,0.0,0.0,0,,0,0,0,0,0,0,,,
grand_sim_v0_6,federation_bridge_stress,federation,low_stress,0,9860,federation,federation,160,0.06,0.1,0.04,0.32,1.2,0.2,0.08,0.06,0.12,0.0075,0.006735,0.3,0.25,0.1,stability_heavy_no_regime,0.3,0.2,0.2,0.15,0.35,0.0,0.03,0.903,0.03,0.112079,0.0,0.940345,0.972511,1.0,1.0,0.1,0,,0,,,,,,,,,,,,,0,0,0,,0,0,0,0,,,,,,,0,151,9,0.006922,0.0,0,,0,0,0,0,0,0,,,
grand_sim_v0_6,federation_bridge_stress,federation,low_stress,1,9861,federation,federation,160,0.06,0.1,0.04,0.32,1.2,0.2,0.08,0.06,0.12,0.0075,0.006735,0.3,0.25,0.1,stability_heavy_no_regime,0.3,0.2,0.2,0.15,0.35,0.0,0.03,0.904867,0.033218,0.105253,0.0,0.940004,0.976951,1.0,1.0,0.1,0,,0,,,,,,,,,,,,,0,0,0,,0,0,0,0,,,,,,,0,,0,0.0,0.0,0,,0,0,0,0,0,0,,,
grand_sim_v0_6,federation_bridge_stress,federation,low_stress,2,9862,federation,federation,160,0.06,0.1,0.04,0.32,1.2,0.2,0.08,0.06,0.12,0.0075,0.006735,0.3,0.25,0.1,stability_heavy_no_regime,0.3,0.2,0.2,0.15,0.35,0.0,0.03,0.90302,0.03,0.105342,0.0,0.940487,0.976295,1.0,1.0,0.1,0,,0,,,,,,,,,,,,,0,0,0,,0,0,0,0,,,,,,,0,147,13,0.0098,0.0,0,,0,0,0,0,0,0,,,
grand_sim_v0_6,federation_bridge_stress,federation,low_stress,3,9863,federation,federation,160,0.06,0.1,0.04,0.32,1.2,0.2,0.08,0.06,0.12,0.0075,0.006735,0.3,0.25,0.1,stability_heavy_no_regime,0.3,0.2,0.2,0.15,0.35,0.0,0.03,0.903,0.03,0.110423,0.0,0.93949,0.975455,1.0,1.0,0.1,0,,0,,,,,,,,,,,,,0,0,0,,0,0,0,0,,,,,,,0,130,30,0.009834,0.0,0,,0,0,0,0,0,0,,,
grand_sim_v0_6,federation_bridge_stress,federation,low_stress,4,9864,federation,federation,160,0.06,0.1,0.04,0.32,1.2,0.2,0.08,0.06,0.12,0.0075,0.006735,0.3,0.25,0.1,stability_heavy_no_regime,0.3,0.2,0.2,0.15,0.35,0.0,0.03,0.904206,0.03,0.105371,0.0,0.938884,0.97383,1.0,1.0,0.1,0,,0,,,,,,,,,,,,,0,0,0,,0,0,0,0,,,,,,,0,,0,0.0,0.0,0,,0,0,0,0,0,0,,,
grand_sim_v0_6,federation_bridge_stress,federation,low_stress,5,9865,federation,federation,160,0.06,0.1,0.04,0.32,1.2,0.2,0.08,0.06,0.12,0.0075,0.006735,0.3,0.25,0.1,stability_heavy_no_regime,0.3,0.2,0.2,0.15,0.35,0.0,0.03,0.903,0.03,0.103449,0.0,0.940167,0.978301,1.0,1.0,0.1,0,,0,,,,,,,,,,,,,0,0,0,,0,0,0,0,,,,,,,0,134,26,0.010374,0.0,0,,0,0,0,0,0,0,,,
grand_sim_v0_6,federation_bridge_stress,federation,low_stress,6,9866,federation,federation,160,0.06,0.1,0.04,0.32,1.2,0.2,0.08,0.06,0.12,0.0075,0.006735,0.3,0.25,0.1,stability_heavy_no_regime,0.3,0.2,0.2,0.15,0.35,0.0,0.03,0.903,0.03,0.1111,0.0,0.939932,0.974355,1.0,1.0,0.1,0,,0,,,,,,,,,,,,,0,0,0,,0,0,0,0,,,,,,,0,123,37,0.010417,0.0,0,,0,0,0,0,0,0,,,
grand_sim_v0_6,federation_bridge_stress,federation,low_stress,7,9867,federation,federation,160,0.06,0.1,0.04,0.32,1.2,0.2,0.08,0.06,0.12,0.0075,0.006735,0.3,0.25,0.1,stability_heavy_no_regime,0.3,0.2,0.2,0.15,0.35,0.0,0.03,0.903,0.03,0.107491,0.0,0.939446,0.973942,1.0,1.0,0.1,0,,0,,,,,,,,,,,,,0,0,0,,0,0,0,0,,,,,,,0,133,27,0.009496,0.0,0,,0,0,0,0,0,0,,,
grand_sim_v0_6,federation_bridge_stress,federation,low_stress,8,9868,federation,federation,160,0.06,0.1,0.04,0.32,1.2,0.2,0.08,0.06,0.12,0.0075,0.006735,0.3,0.25,0.1,stability_heavy_no_regime,0.3,0.2,0.2,0.15,0.35,0.0,0.03,0.903012,0.03,0.102506,0.0,0.939735,0.978078,1.0,1.0,0.1,0,,0,,,,,,,,,,,,,0,0,0,,0,0,0,0,,,,,,,0,139,21,0.007468,0.0,0,,0,0,0,0,0,0,,,
grand_sim_v0_6,federation_bridge_stress,federation,low_stress,9,9869,federation,federation,160,0.06,0.1,0.04,0.32,1.2,0.2,0.08,0.06,0.12,0.0075,0.006735,0.3,0.25,0.1,stability_heavy_no_regime,0.3,0.2,0.2,0.15,0.35,0.0,0.03,0.903,0.03,0.105597,0.0,0.939756,0.975761,1.0,1.0,0.1,0,,0,,,,,,,,,,,,,0,0,0,,0,0,0,0,,,,,,,0,149,11,0.00692,0.0,0,,0,0,0,0,0,0,,,
grand_sim_v0_6,federation_bridge_stress,federation,mid_stress,0,9870,federation,federation,160,0.1,0.08,0.06,0.29,1.6,0.12,0.1,0.08,0.16,0.0095,0.00791,0.3,0.25,0.1,stability_heavy_no_regime,0.3,0.2,0.2,0.15,0.35,0.0,0.06,0.903,0.03,0.122441,0.0,0.933929,0.972445,1.0,1.0,0.1,0,,0,,,,,,,,,,,,,0,0,0,,0,0,0,0,,,,,,,0,66,94,0.01528,0.0,0,,0,0,0,0,0,0,,,
grand_sim_v0_6,federation_bridge_stress,federation,mid_stress,1,9871,federation,federation,160,0.1,0.08,0.06,0.29,1.6,0.12,0.1,0.08,0.16,0.0095,0.00791,0.3,0.25,0.1,stability_heavy_no_regime,0.3,0.2,0.2,0.15,0.35,0.0,0.06,0.903,0.03,0.117091,0.0,0.934056,0.973341,1.0,1.0,0.1,0,,0,,,,,,,,,,,,,0,0,0,,0,0,0,0,,,,,,,0,78,82,0.01528,0.0,0,,0,0,0,0,0,0,,,
grand_sim_v0_6,federation_bridge_stress,federation,mid_stress,2,9872,federation,federation,160,0.1,0.08,0.06,0.29,1.6,0.12,0.1,0.08,0.16,0.0095,0.00791,0.3,0.25,0.1,stability_heavy_no_regime,0.3,0.2,0.2,0.15,0.35,0.0,0.06,0.903,0.03,0.119682,0.0,0.932195,0.970883,1.0,1.0,0.1,0,,0,,,,,,,,,,,,,0,0,0,,0,0,0,0,,,,,,,0,78,82,0.01228,0.0,0,,0,0,0,0,0,0,,,
grand_sim_v0_6,federation_bridge_stress,federation,mid_stress,3,9873,federation,federation,160,0.1,0.08,0.06,0.29,1.6,0.12,0.1,0.08,0.16,0.0095,0.00791,0.3,0.25,0.1,stability_heavy_no_regime,0.3,0.2,0.2,0.15,0.35,0.0,0.06,0.903,0.03,0.118776,0.0,0.934174,0.974908,1.0,1.0,0.1,0,,0,,,,,,,,,,,,,0,0,0,,0,0,0,0,,,,,,,0,89,71,0.01139,0.0,0,,0,0,0,0,0,0,,,
grand_sim_v0_6,federation_bridge_stress,federation,mid_stress,4,9874,federation,federation,160,0.1,0.08,0.06,0.29,1.6,0.12,0.1,0.08,0.16,0.0095,0.00791,0.3,0.25,0.1,stability_heavy_no_regime,0.3,0.2,0.2,0.15,0.35,0.0,0.06,0.903,0.03,0.119887,2.4e-05,0.934091,0.97315,1.0,1.0,0.1,0,,0,,,,,,,,,,,,,0,0,0,,0,0,0,0,,,,,,,0,76,84,0.015846,0.0,0,,0,0,0,0,0,0,,,
grand_sim_v0_6,federation_bridge_stress,federation,mid_stress,5,9875,federation,federation,160,0.1,0.08,0.06,0.29,1.6,0.12,0.1,0.08,0.16,0.0095,0.00791,0.3,0.25,0.1,stability_heavy_no_regime,0.3,0.2,0.2,0.15,0.35,0.0,0.06,0.903,0.03,0.116012,0.0,0.932896,0.973546,1.0,1.0,0.1,0,,0,,,,,,,,,,,,,0,0,0,,0,0,0,0,,,,,,,0,74,86,0.015737,0.0,0,,0,0,0,0,0,0,,,
grand_sim_v0_6,federation_bridge_stress,federation,mid_stress,6,9876,federation,federation,160,0.1,0.08,0.06,0.29,1.6,0.12,0.1,0.08,0.16,0.0095,0.00791,0.3,0.25,0.1,stability_heavy_no_regime,0.3,0.2,0.2,0.15,0.35,0.0,0.06,0.903,0.03,0.121389,3e-05,0.932621,0.974983,1.0,1.0,0.1,0,,0,,,,,,,,,,,,,0,0,0,,0,0,0,0,,,,,,,0,80,80,0.01528,0.0,0,,0,0,0,0,0,0,,,
grand_sim_v0_6,federation_bridge_stress,federation,mid_stress,7,9877,federation,federation,160,0.1,0.08,0.06,0.29,1.6,0.12,0.1,0.08,0.16,0.0095,0.00791,0.3,0.25,0.1,stability_heavy_no_regime,0.3,0.2,0.2,0.15,0.35,0.0,0.06,0.903,0.03,0.123143,3e-06,0.934439,0.971807,1.0,1.0,0.1,0,,0,,,,,,,,,,,,,0,0,0,,0,0,0,0,,,,,,,0,97,63,0.010935,0.0,0,,0,0,0,0,0,0,,,
grand_sim_v0_6,federation_bridge_stress,federation,mid_stress,8,9878,federation,federation,160,0.1,0.08,0.06,0.29,1.6,0.12,0.1,0.08,0.16,0.0095,0.00791,0.3,0.25,0.1,stability_heavy_no_regime,0.3,0.2,0.2,0.15,0.35,0.0,0.06,0.903,0.03,0.117816,6.8e-05,0.933725,0.972352,1.0,1.0,0.1,0,,0,,,,,,,,,,,,,0,0,0,,0,0,0,0,,,,,,,0,78,82,0.01528,0.0,0,,0,0,0,0,0,0,,,
grand_sim_v0_6,federation_bridge_stress,federation,mid_stress,9,9879,federation,federation,160,0.1,0.08,0.06,0.29,1.6,0.12,0.1,0.08,0.16,0.0095,0.00791,0.3,0.25,0.1,stability_heavy_no_regime,0.3,0.2,0.2,0.15,0.35,0.0,0.06,0.903,0.03,0.115768,0.0,0.933254,0.974607,1.0,1.0,0.1,0,,0,,,,,,,,,,,,,0,0,0,,0,0,0,0,,,,,,,0,74,86,0.01528,0.0,0,,0,0,0,0,0,0,,,
grand_sim_v0_6,federation_bridge_stress,federation,high_stress,0,9880,federation,federation,160,0.14,0.05,0.09,0.26,2.0,0.06,0.13,0.1,0.2,0.012,0.00998,0.3,0.25,0.1,stability_heavy_no_regime,0.3,0.2,0.2,0.15,0.35,0.0,0.09,0.03,0.03,0.136539,1.0,0.0,0.15814,0.0,0.0,1.0,1,27,143,17,C07_PSI_EXTENDED,26,27,22,28,26,9,10,5,11,9,1,0,0,,0,127,0,0,,,,,,,0,,0,0.0,0.0,0,,0,0,0,0,0,0,,,
grand_sim_v0_6,federation_bridge_stress,federation,high_stress,1,9881,federation,federation,160,0.14,0.05,0.09,0.26,2.0,0.06,0.13,0.1,0.2,0.012,0.00998,0.3,0.25,0.1,stability_heavy_no_regime,0.3,0.2,0.2,0.15,0.35,0.0,0.09,0.03,0.03,0.134712,1.0,0.0,0.157388,0.0,0.0,1.0,1,27,143,17,C07_PSI_EXTENDED,26,27,22,28,26,9,10,5,11,9,1,0,0,,0,127,0,0,,,,,,,0,,0,0.0,0.0,0,,0,0,0,0,0,0,,,
grand_sim_v0_6,federation_bridge_stress,federation,high_stress,2,9882,federation,federation,160,0.14,0.05,0.09,0.26,2.0,0.06,0.13,0.1,0.2,0.012,0.00998,0.3,0.25,0.1,stability_heavy_no_regime,0.3,0.2,0.2,0.15,0.35,0.0,0.09,0.03,0.03,0.141598,1.0,0.0,0.156162,0.0,0.0,1.0,1,26,143,17,C07_PSI_EXTENDED,26,26,24,27,27,9,9,7,10,10,1,0,0,,0,128,0,0,,,,,,,0,,0,0.0,0.0,0,,0,0,0,0,0,0,,,
grand_sim_v0_6,federation_bridge_stress,federation,high_stress,3,9883,federation,federation,160,0.14,0.05,0.09,0.26,2.0,0.06,0.13,0.1,0.2,0.012,0.00998,0.3,0.25,0.1,stability_heavy_no_regime,0.3,0.2,0.2,0.15,0.35,0.0,0.09,0.03,0.03,0.143427,1.0,0.0,0.153814,0.0,0.0,1.0,1,26,143,17,C07_PSI_EXTENDED,25,26,23,27,27,8,9,6,10,10,1,0,0,,0,127,0,0,,,,,,,0,,0,0.0,0.0,0,,0,0,0,0,0,0,,,
grand_sim_v0_6,federation_bridge_stress,federation,high_stress,4,9884,federation,federation,160,0.14,0.05,0.09,0.26,2.0,0.06,0.13,0.1,0.2,0.012,0.00998,0.3,0.25,0.1,stability_heavy_no_regime,0.3,0.2,0.2,0.15,0.35,0.0,0.09,0.03,0.03,0.137675,1.0,0.0,0.155802,0.0,0.0,1.0,1,25,143,17,C07_PSI_EXTENDED,24,25,24,27,27,7,8,7,10,10,1,0,0,,0,128,0,0,,,,,,,0,,0,0.0,0.0,0,,0,0,0,0,0,0,,,
grand_sim_v0_6,federation_bridge_stress,federation,high_stress,5,9885,federation,federation,160,0.14,0.05,0.09,0.26,2.0,0.06,0.13,0.1,0.2,0.012,0.00998,0.3,0.25,0.1,stability_heavy_no_regime,0.3,0.2,0.2,0.15,0.35,0.0,0.09,0.03,0.03,0.146018,1.0,0.0,0.155355,0.0,0.0,1.0,1,26,142,18,C07_PSI_EXTENDED,25,26,25,28,27,7,8,7,10,9,1,0,0,,0,127,0,0,,,,,,,0,,0,0.0,0.0,0,,0,0,0,0,0,0,,,
grand_sim_v0_6,federation_bridge_stress,federation,high_stress,6,9886,federation,federation,160,0.14,0.05,0.09,0.26,2.0,0.06,0.13,0.1,0.2,0.012,0.00998,0.3,0.25,0.1,stability_heavy_no_regime,0.3,0.2,0.2,0.15,0.35,0.0,0.09,0.03,0.03,0.137252,1.0,0.0,0.157651,0.0,0.0,1.0,1,25,143,17,C07_PSI_EXTENDED,24,25,22,26,26,7,8,5,9,9,1,0,0,,0,130,0,0,,,,,,,0,,0,0.0,0.0,0,,0,0,0,0,0,0,,,
grand_sim_v0_6,federation_bridge_stress,federation,high_stress,7,9887,federation,federation,160,0.14,0.05,0.09,0.26,2.0,0.06,0.13,0.1,0.2,0.012,0.00998,0.3,0.25,0.1,stability_heavy_no_regime,0.3,0.2,0.2,0.15,0.35,0.0,0.09,0.03,0.03,0.128496,1.0,0.0,0.157702,0.0,0.0,1.0,1,26,143,17,C07_PSI_EXTENDED,25,26,24,27,27,8,9,7,10,10,1,0,0,,0,128,0,0,,,,,,,0,,0,0.0,0.0,0,,0,0,0,0,0,0,,,
grand_sim_v0_6,federation_bridge_stress,federation,high_stress,8,9888,federation,federation,160,0.14,0.05,0.09,0.26,2.0,0.06,0.13,0.1,0.2,0.012,0.00998,0.3,0.25,0.1,stability_heavy_no_regime,0.3,0.2,0.2,0.15,0.35,0.0,0.09,0.03,0.03,0.133916,1.0,0.0,0.156994,0.0,0.0,1.0,1,25,142,18,C07_PSI_EXTENDED,24,25,24,27,27,6,7,6,9,9,1,0,0,,0,128,0,0,,,,,,,0,,0,0.0,0.0,0,,0,0,0,0,0,0,,,
grand_sim_v0_6,federation_bridge_stress,federation,high_stress,9,9889,federation,federation,160,0.14,0.05,0.09,0.26,2.0,0.06,0.13,0.1,0.2,0.012,0.00998,0.3,0.25,0.1,stability_heavy_no_regime,0.3,0.2,0.2,0.15,0.35,0.0,0.09,0.03,0.03,0.143137,1.0,0.0,0.156856,0.0,0.0,1.0,1,28,143,17,C07_PSI_EXTENDED,26,28,23,28,25,9,11,6,11,8,1,0,0,,0,128,0,0,,,,,,,0,,0,0.0,0.0,0,,0,0,0,0,0,0,,,
grand_sim_v0_6,star_unsafe_reference,star,low_stress,0,9890,star,star,160,0.06,0.1,0.04,0.32,1.2,0.2,0.08,0.06,0.12,0.0075,0.006735,0.3,0.25,0.1,,0.3,,,,,,0.03,0.756391,0.03,0.149835,0.0,0.582379,0.372162,1.0,1.0,0.116667,0,,107,53,C04_S_THRESHOLD,,,,,60,,,,,7,0,0,0,,0,0,0,0,0.372162,,,0.19943,,,0,156,4,0.006615,0.0,0,0,160,0,0,0,0,0,59,59,0
grand_sim_v0_6,star_unsafe_reference,star,low_stress,1,9891,star,star,160,0.06,0.1,0.04,0.32,1.2,0.2,0.08,0.06,0.12,0.0075,0.006735,0.3,0.25,0.1,,0.3,,,,,,0.03,0.817165,0.054311,0.142964,0.000294,0.592928,0.391292,1.0,1.0,0.083333,0,,90,70,C04_S_THRESHOLD,,,,,79,,,,,9,0,0,0,,0,0,0,0,0.391292,,,0.199967,,,0,,0,0.0,0.0,0,0,160,0,0,0,0,0,59,59,0
grand_sim_v0_6,star_unsafe_reference,star,low_stress,2,9892,star,star,160,0.06,0.1,0.04,0.32,1.2,0.2,0.08,0.06,0.12,0.0075,0.006735,0.3,0.25,0.1,,0.3,,,,,,0.03,0.802173,0.05895,0.148689,0.0,0.589115,0.38544,1.0,1.0,0.066667,0,,97,63,C04_S_THRESHOLD,,,,,71,,,,,8,0,0,0,,0,0,0,0,0.38544,,,0.199942,,,0,,0,0.0,0.0,0,0,160,0,0,0,0,0,59,59,0
grand_sim_v0_6,star_unsafe_reference,star,low_stress,3,9893,star,star,160,0.06,0.1,0.04,0.32,1.2,0.2,0.08,0.06,0.12,0.0075,0.006735,0.3,0.25,0.1,,0.3,,,,,,0.03,0.826249,0.061398,0.13335,0.00016,0.594412,0.398663,1.0,1.0,0.066667,0,,88,72,C04_S_THRESHOLD,,,,,81,,,,,9,0,0,0,,0,0,0,0,0.398663,,,0.20012,,,0,,0,0.0,0.0,0,0,160,0,0,0,0,0,59,59,0
grand_sim_v0_6,star_unsafe_reference,star,low_stress,4,9894,star,star,160,0.06,0.1,0.04,0.32,1.2,0.2,0.08,0.06,0.12,0.0075,0.006735,0.3,0.25,0.1,,0.3,,,,,,0.03,0.772499,0.058615,0.143911,0.0,0.580602,0.403335,1.0,1.0,0.083333,0,,102,58,C04_S_THRESHOLD,,,,,66,,,,,8,0,0,0,,0,0,0,0,0.403335,,,0.199536,,,0,,0,0.0,0.0,0,0,160,0,0,0,0,0,59,59,0
grand_sim_v0_6,star_unsafe_reference,star,low_stress,5,9895,star,star,160,0.06,0.1,0.04,0.32,1.2,0.2,0.08,0.06,0.12,0.0075,0.006735,0.3,0.25,0.1,,0.3,,,,,,0.03,0.79462,0.060248,0.14234,0.0,0.581324,0.402606,1.0,1.0,0.05,0,,104,56,C04_S_THRESHOLD,,,,,63,,,,,7,0,0,0,,0,0,0,0,0.402606,,,0.19966,,,0,,0,0.0,0.0,0,0,160,0,0,0,0,0,59,59,0
grand_sim_v0_6,star_unsafe_reference,star,low_stress,6,9896,star,star,160,0.06,0.1,0.04,0.32,1.2,0.2,0.08,0.06,0.12,0.0075,0.006735,0.3,0.25,0.1,,0.3,,,,,,0.03,0.8288,0.046569,0.177944,6e-06,0.592443,0.377939,1.0,1.0,0.066667,0,,90,70,C04_S_THRESHOLD,,,,,82,,,,,12,0,0,0,,0,0,0,0,0.377939,,,0.199843,,,0,,0,0.0,0.0,0,0,160,0,0,0,0,0,59,59,0
grand_sim_v0_6,star_unsafe_reference,star,low_stress,7,9897,star,star,160,0.06,0.1,0.04,0.32,1.2,0.2,0.08,0.06,0.12,0.0075,0.006735,0.3,0.25,0.1,,0.3,,,,,,0.03,0.802124,0.079149,0.148239,0.0,0.589481,0.438422,1.0,1.0,0.066667,0,,105,55,C04_S_THRESHOLD,,,,,62,,,,,7,0,0,0,,0,0,0,0,0.438422,,,0.199757,,,0,,0,0.0,0.0,0,0,160,0,0,0,0,0,59,59,0
grand_sim_v0_6,star_unsafe_reference,star,low_stress,8,9898,star,star,160,0.06,0.1,0.04,0.32,1.2,0.2,0.08,0.06,0.12,0.0075,0.006735,0.3,0.25,0.1,,0.3,,,,,,0.03,0.838164,0.075351,0.129956,0.0,0.601338,0.408498,1.0,1.0,0.083333,0,,89,71,C04_S_THRESHOLD,,,,,80,,,,,9,0,0,0,,0,0,0,0,0.408498,,,0.200175,,,0,,0,0.0,0.0,0,0,160,0,0,0,0,0,59,59,0
grand_sim_v0_6,star_unsafe_reference,star,low_stress,9,9899,star,star,160,0.06,0.1,0.04,0.32,1.2,0.2,0.08,0.06,0.12,0.0075,0.006735,0.3,0.25,0.1,,0.3,,,,,,0.03,0.800533,0.032206,0.15174,0.0,0.588319,0.374504,1.0,1.0,0.116667,0,,97,63,C04_S_THRESHOLD,,,,,71,,,,,8,0,0,0,,0,0,0,0,0.374504,,,0.200095,,,0,,0,0.0,0.0,0,0,160,0,0,0,0,0,59,59,0
grand_sim_v0_6,star_unsafe_reference,star,mid_stress,0,9900,star,star,160,0.1,0.08,0.06,0.29,1.6,0.12,0.1,0.08,0.16,0.0095,0.00791,0.3,0.25,0.1,,0.3,,,,,,0.06,0.03,0.03,0.170405,0.999966,0.0,0.150089,0.0,0.0,1.0,1,49,114,46,C04_S_THRESHOLD,49,49,,51,48,3,3,,5,2,1,0,0,,0,103,0,0,0.160288,,,0.048989,,,0,,0,0.0,0.0,0,0,160,0,0,0,0,0,59,59,0
grand_sim_v0_6,star_unsafe_reference,star,mid_stress,1,9901,star,star,160,0.1,0.08,0.06,0.29,1.6,0.12,0.1,0.08,0.16,0.0095,0.00791,0.3,0.25,0.1,,0.3,,,,,,0.06,0.03,0.03,0.183366,1.0,0.0,0.14299,0.0,0.0,1.0,1,34,131,29,C04_S_THRESHOLD,33,34,,35,33,4,5,,6,4,1,0,0,,0,119,0,0,0.152094,,,0.048611,,,0,,0,0.0,0.0,0,0,160,0,0,0,0,0,59,59,0
grand_sim_v0_6,star_unsafe_reference,star,mid_stress,2,9902,star,star,160,0.1,0.08,0.06,0.29,1.6,0.12,0.1,0.08,0.16,0.0095,0.00791,0.3,0.25,0.1,,0.3,,,,,,0.06,0.03,0.03,0.18478,0.999473,0.0,0.142783,0.0,0.0,1.0,1,44,121,39,C04_S_THRESHOLD,44,44,,45,42,5,5,,6,3,1,0,0,,0,111,0,0,0.162331,,,0.048985,,,0,,0,0.0,0.0,0,0,160,0,0,0,0,0,59,59,0
grand_sim_v0_6,star_unsafe_reference,star,mid_stress,3,9903,star,star,160,0.1,0.08,0.06,0.29,1.6,0.12,0.1,0.08,0.16,0.0095,0.00791,0.3,0.25,0.1,,0.3,,,,,,0.06,0.03,0.03,0.153069,0.999394,0.0,0.152714,0.0,0.0,1.0,1,35,130,30,C04_S_THRESHOLD,34,35,,36,33,4,5,,6,3,1,0,0,,0,119,0,0,0.171983,,,0.048877,,,0,,0,0.0,0.0,0,0,160,0,0,0,0,0,59,59,0
grand_sim_v0_6,star_unsafe_reference,star,mid_stress,4,9904,star,star,160,0.1,0.08,0.06,0.29,1.6,0.12,0.1,0.08,0.16,0.0095,0.00791,0.3,0.25,0.1,,0.3,,,,,,0.06,0.03,0.03,0.162799,0.999287,0.0,0.147995,0.0,0.0,1.0,1,44,123,37,C04_S_THRESHOLD,42,44,,45,40,5,7,,8,3,1,0,0,,0,112,0,0,0.173882,,,0.048901,,,0,,0,0.0,0.0,0,0,160,0,0,0,0,0,59,59,0
grand_sim_v0_6,star_unsafe_reference,star,mid_stress,5,9905,star,star,160,0.1,0.08,0.06,0.29,1.6,0.12,0.1,0.08,0.16,0.0095,0.00791,0.3,0.25,0.1,,0.3,,,,,,0.06,0.03,0.03,0.177331,0.99948,0.0,0.14539,0.0,0.0,1.0,1,46,118,42,C04_S_THRESHOLD,46,46,,48,45,4,4,,6,3,1,0,0,,0,107,0,0,0.162282,,,0.048833,,,0,,0,0.0,0.0,0,0,160,0,0,0,0,0,59,59,0
grand_sim_v0_6,star_unsafe_reference,star,mid_stress,6,9906,star,star,160,0.1,0.08,0.06,0.29,1.6,0.12,0.1,0.08,0.16,0.0095,0.00791,0.3,0.25,0.1,,0.3,,,,,,0.06,0.03,0.03,0.19147,1.0,0.0,0.142317,0.0,0.0,1.0,1,43,122,38,C04_S_THRESHOLD,42,43,,44,40,4,5,,6,2,1,0,0,,0,113,0,0,0.153561,,,0.048824,,,0,,0,0.0,0.0,0,0,160,0,0,0,0,0,59,59,0
grand_sim_v0_6,star_unsafe_reference,star,mid_stress,7,9907,star,star,160,0.1,0.08,0.06,0.29,1.6,0.12,0.1,0.08,0.16,0.0095,0.00791,0.3,0.25,0.1,,0.3,,,,,,0.06,0.03,0.03,0.180444,1.0,0.0,0.147412,0.0,0.0,1.0,1,49,117,43,C04_S_THRESHOLD,47,49,,50,46,4,6,,7,3,1,0,0,,0,105,0,0,0.151809,,,0.048982,,,0,,0,0.0,0.0,0,0,160,0,0,0,0,0,59,59,0
grand_sim_v0_6,star_unsafe_reference,star,mid_stress,8,9908,star,star,160,0.1,0.08,0.06,0.29,1.6,0.12,0.1,0.08,0.16,0.0095,0.00791,0.3,0.25,0.1,,0.3,,,,,,0.06,0.03,0.03,0.165497,0.999879,0.0,0.147467,0.0,0.0,1.0,1,42,122,38,C04_S_THRESHOLD,41,42,,44,40,3,4,,6,2,1,0,0,,0,110,0,0,0.163398,,,0.049031,,,0,,0,0.0,0.0,0,0,160,0,0,0,0,0,59,59,0
grand_sim_v0_6,star_unsafe_reference,star,mid_stress,9,9909,star,star,160,0.1,0.08,0.06,0.29,1.6,0.12,0.1,0.08,0.16,0.0095,0.00791,0.3,0.25,0.1,,0.3,,,,,,0.06,0.03,0.03,0.1603,0.999283,0.0,0.148531,0.0,0.0,1.0,1,34,130,30,C04_S_THRESHOLD,33,34,,35,32,3,4,,5,2,1,0,0,,0,121,0,0,0.171091,,,0.048955,,,0,,0,0.0,0.0,0,0,160,0,0,0,0,0,59,59,0
grand_sim_v0_6,star_unsafe_reference,star,high_stress,0,9910,star,star,160,0.14,0.05,0.09,0.26,2.0,0.06,0.13,0.1,0.2,0.012,0.00998,0.3,0.25,0.1,,0.3,,,,,,0.09,0.03,0.03,0.215073,1.0,0.0,0.142423,0.0,0.0,1.0,1,11,151,9,C04_S_THRESHOLD,11,11,,12,11,2,2,,3,2,1,0,0,,0,144,0,0,0.149708,,,0.047479,,,0,13,147,0.013982,0.0,0,0,160,0,0,0,0,0,59,59,0
grand_sim_v0_6,star_unsafe_reference,star,high_stress,1,9911,star,star,160,0.14,0.05,0.09,0.26,2.0,0.06,0.13,0.1,0.2,0.012,0.00998,0.3,0.25,0.1,,0.3,,,,,,0.09,0.03,0.03,0.227966,1.0,0.0,0.137975,0.0,0.0,1.0,1,11,151,9,C04_S_THRESHOLD,10,11,,12,11,1,2,,3,2,1,0,0,,0,145,0,0,0.151439,,,0.047407,,,0,,0,0.0,0.0,0,0,160,0,0,0,0,0,59,59,0
grand_sim_v0_6,star_unsafe_reference,star,high_stress,2,9912,star,star,160,0.14,0.05,0.09,0.26,2.0,0.06,0.13,0.1,0.2,0.012,0.00998,0.3,0.25,0.1,,0.3,,,,,,0.09,0.03,0.03,0.209682,1.0,0.0,0.141003,0.0,0.0,1.0,1,11,151,9,C04_S_THRESHOLD,10,11,,12,11,1,2,,3,2,1,0,0,,0,144,0,0,0.156606,,,0.047546,,,0,13,23,0.013357,0.0,0,0,160,0,0,0,0,0,59,59,0
grand_sim_v0_6,star_unsafe_reference,star,high_stress,3,9913,star,star,160,0.14,0.05,0.09,0.26,2.0,0.06,0.13,0.1,0.2,0.012,0.00998,0.3,0.25,0.1,,0.3,,,,,,0.09,0.03,0.03,0.215215,1.0,0.0,0.137199,0.0,0.0,1.0,1,10,151,9,C04_S_THRESHOLD,10,10,,12,11,1,1,,3,2,1,0,0,,0,144,0,0,0.151915,,,0.047532,,,0,13,23,0.012922,0.0,0,0,160,0,0,0,0,0,59,59,0
grand_sim_v0_6,star_unsafe_reference,star,high_stress,4,9914,star,star,160,0.14,0.05,0.09,0.26,2.0,0.06,0.13,0.1,0.2,0.012,0.00998,0.3,0.25,0.1,,0.3,,,,,,0.09,0.03,0.03,0.204102,1.0,0.0,0.141192,0.0,0.0,1.0,1,10,152,8,C04_S_THRESHOLD,10,10,,12,11,2,2,,4,3,1,0,0,,0,145,0,0,0.159428,,,0.047656,,,0,12,24,0.015696,0.0,0,0,160,0,0,0,0,0,59,59,0
grand_sim_v0_6,star_unsafe_reference,star,high_stress,5,9915,star,star,160,0.14,0.05,0.09,0.26,2.0,0.06,0.13,0.1,0.2,0.012,0.00998,0.3,0.25,0.1,,0.3,,,,,,0.09,0.03,0.03,0.202056,1.0,0.0,0.141446,0.0,0.0,1.0,1,12,151,9,C04_S_THRESHOLD,11,12,,13,11,2,3,,4,2,1,0,0,,0,143,0,0,0.160098,,,0.04751,,,0,,0,0.0,0.0,0,0,160,0,0,0,0,0,59,59,0
grand_sim_v0_6,star_unsafe_reference,star,high_stress,6,9916,star,star,160,0.14,0.05,0.09,0.26,2.0,0.06,0.13,0.1,0.2,0.012,0.00998,0.3,0.25,0.1,,0.3,,,,,,0.09,0.03,0.03,0.197887,1.0,0.0,0.141769,0.0,0.0,1.0,1,12,150,10,C04_S_THRESHOLD,11,12,,14,13,1,2,,4,3,1,0,0,,0,141,0,0,0.157902,,,0.047565,,,0,14,24,0.013106,0.0,0,0,160,0,0,0,0,0,59,59,0
grand_sim_v0_6,star_unsafe_reference,star,high_stress,7,9917,star,star,160,0.14,0.05,0.09,0.26,2.0,0.06,0.13,0.1,0.2,0.012,0.00998,0.3,0.25,0.1,,0.3,,,,,,0.09,0.03,0.03,0.203711,1.0,0.0,0.142033,0.0,0.0,1.0,1,11,151,9,C04_S_THRESHOLD,11,11,,13,12,2,2,,4,3,1,0,0,,0,143,0,0,0.159653,,,0.047284,,,0,13,24,0.016836,0.0,0,0,160,0,0,0,0,0,59,59,0
grand_sim_v0_6,star_unsafe_reference,star,high_stress,8,9918,star,star,160,0.14,0.05,0.09,0.26,2.0,0.06,0.13,0.1,0.2,0.012,0.00998,0.3,0.25,0.1,,0.3,,,,,,0.09,0.03,0.03,0.204898,1.0,0.0,0.13886,0.0,0.0,1.0,1,11,151,9,C04_S_THRESHOLD,11,11,,13,12,2,2,,4,3,1,0,0,,0,144,0,0,0.158615,,,0.047437,,,0,13,24,0.016831,0.0,0,0,160,0,0,0,0,0,59,59,0
grand_sim_v0_6,star_unsafe_reference,star,high_stress,9,9919,star,star,160,0.14,0.05,0.09,0.26,2.0,0.06,0.13,0.1,0.2,0.012,0.00998,0.3,0.25,0.1,,0.3,,,,,,0.09,0.03,0.03,0.217753,1.0,0.0,0.140308,0.0,0.0,1.0,1,11,151,9,C04_S_THRESHOLD,11,11,,13,11,2,2,,4,2,1,0,0,,0,142,0,0,0.151657,,,0.0473,,,0,,0,0.0,0.0,0,0,160,0,0,0,0,0,59,59,0
grand_sim_v0_6,hub_2_balanced,hub_redundancy,low_stress,0,9920,hub_redundant,hub_2,160,0.06,0.1,0.04,0.32,1.2,0.2,0.08,0.06,0.12,0.0075,0.006735,0.3,0.25,0.1,,0.3,,,,,,0.03,0.969726,0.091194,0.119533,0.0,0.976027,0.404235,1.0,1.0,0.033333,0,,101,59,C04_S_THRESHOLD,,,,,67,,,,,8,0,0,0,,0,0,0,0,0.410541,0.404235,,0.210794,0.211213,,0,155,5,0.010942,0.0,0,0,160,0,0,0,0,0,30,30,0
grand_sim_v0_6,hub_2_balanced,hub_redundancy,low_stress,1,9921,hub_redundant,hub_2,160,0.06,0.1,0.04,0.32,1.2,0.2,0.08,0.06,0.12,0.0075,0.006735,0.3,0.25,0.1,,0.3,,,,,,0.03,0.967667,0.03,0.121189,0.0,0.977431,0.369947,1.0,1.0,0.033333,0,,103,57,C04_S_THRESHOLD,,,,,64,,,,,7,0,0,0,,0,0,0,0,0.369947,0.387957,,0.211195,0.21106,,0,124,36,0.015338,0.0,0,0,160,0,0,0,0,0,30,30,0
grand_sim_v0_6,hub_2_balanced,hub_redundancy,low_stress,2,9922,hub_redundant,hub_2,160,0.06,0.1,0.04,0.32,1.2,0.2,0.08,0.06,0.12,0.0075,0.006735,0.3,0.25,0.1,,0.3,,,,,,0.03,0.967667,0.03,0.124381,0.0,0.977747,0.374797,1.0,1.0,0.033333,0,,101,59,C04_S_THRESHOLD,,,,,66,,,,,7,0,0,0,,0,0,0,0,0.38263,0.374797,,0.211453,0.21109,,0,126,34,0.014365,0.0,0,0,160,0,0,0,0,0,30,30,0
grand_sim_v0_6,hub_2_balanced,hub_redundancy,low_stress,3,9923,hub_redundant,hub_2,160,0.06,0.1,0.04,0.32,1.2,0.2,0.08,0.06,0.12,0.0075,0.006735,0.3,0.25,0.1,,0.3,,,,,,0.03,0.972376,0.164527,0.121905,0.0,0.975608,0.449158,1.0,1.0,0.033333,0,,96,64,C04_S_THRESHOLD,,,,,72,,,,,8,0,0,0,,0,0,0,0,0.45169,0.449158,,0.211435,0.210984,,0,,0,0.0,0.0,0,0,160,0,0,0,0,0,30,30,0
grand_sim_v0_6,hub_2_balanced,hub_redundancy,low_stress,4,9924,hub_redundant,hub_2,160,0.06,0.1,0.04,0.32,1.2,0.2,0.08,0.06,0.12,0.0075,0.006735,0.3,0.25,0.1,,0.3,,,,,,0.03,0.967667,0.03,0.131097,0.0,0.977264,0.37675,1.0,1.0,0.033333,0,,101,59,C04_S_THRESHOLD,,,,,67,,,,,8,0,0,0,,0,0,0,0,0.37675,0.381999,,0.211392,0.211071,,0,126,34,0.015537,0.0,0,0,160,0,0,0,0,0,30,30,0
grand_sim_v0_6,hub_2_balanced,hub_redundancy,low_stress,5,9925,hub_redundant,hub_2,160,0.06,0.1,0.04,0.32,1.2,0.2,0.08,0.06,0.12,0.0075,0.006735,0.3,0.25,0.1,,0.3,,,,,,0.03,0.971706,0.120004,0.118455,0.0,0.976625,0.426806,1.0,1.0,0.033333,0,,93,67,C04_S_THRESHOLD,,,,,75,,,,,8,0,0,0,,0,0,0,0,0.426806,0.461922,,0.211011,0.21113,,0,,0,0.0,0.0,0,0,160,0,0,0,0,0,30,30,0
grand_sim_v0_6,hub_2_balanced,hub_redundancy,low_stress,6,9926,hub_redundant,hub_2,160,0.06,0.1,0.04,0.32,1.2,0.2,0.08,0.06,0.12,0.0075,0.006735,0.3,0.25,0.1,,0.3,,,,,,0.03,0.967667,0.03,0.125074,0.0,0.978024,0.373754,1.0,1.0,0.033333,0,,101,59,C04_S_THRESHOLD,,,,,66,,,,,7,0,0,0,,0,0,0,0,0.387606,0.373754,,0.211191,0.210959,,0,125,35,0.0158,0.0,0,0,160,0,0,0,0,0,30,30,0
grand_sim_v0_6,hub_2_balanced,hub_redundancy,low_stress,7,9927,hub_redundant,hub_2,160,0.06,0.1,0.04,0.32,1.2,0.2,0.08,0.06,0.12,0.0075,0.006735,0.3,0.25,0.1,,0.3,,,,,,0.03,0.970822,0.117805,0.129151,0.0,0.97671,0.412412,1.0,1.0,0.033333,0,,94,66,C04_S_THRESHOLD,,,,,75,,,,,9,0,0,0,,0,0,0,0,0.422357,0.412412,,0.21112,0.211272,,0,,0,0.0,0.0,0,0,160,0,0,0,0,0,30,30,0
grand_sim_v0_6,hub_2_balanced,hub_redundancy,low_stress,8,9928,hub_redundant,hub_2,160,0.06,0.1,0.04,0.32,1.2,0.2,0.08,0.06,0.12,0.0075,0.006735,0.3,0.25,0.1,,0.3,,,,,,0.03,0.967667,0.03,0.130005,0.0,0.978253,0.379714,1.0,1.0,0.033333,0,,101,59,C04_S_THRESHOLD,,,,,66,,,,,7,0,0,0,,0,0,0,0,0.385401,0.379714,,0.211051,0.211463,,0,125,35,0.014275,0.0,0,0,160,0,0,0,0,0,30,30,0
grand_sim_v0_6,hub_2_balanced,hub_redundancy,low_stress,9,9929,hub_redundant,hub_2,160,0.06,0.1,0.04,0.32,1.2,0.2,0.08,0.06,0.12,0.0075,0.006735,0.3,0.25,0.1,,0.3,,,,,,0.03,0.967667,0.03,0.125441,0.0,0.977983,0.369183,1.0,1.0,0.033333,0,,103,57,C04_S_THRESHOLD,,,,,65,,,,,8,0,0,0,,0,0,0,0,0.369183,0.385001,,0.211349,0.211285,,0,124,36,0.015299,0.0,0,0,160,0,0,0,0,0,30,30,0
grand_sim_v0_6,hub_2_balanced,hub_redundancy,mid_stress,0,9930,hub_redundant,hub_2,160,0.1,0.08,0.06,0.29,1.6,0.12,0.1,0.08,0.16,0.0095,0.00791,0.3,0.25,0.1,,0.3,,,,,,0.06,0.03,0.03,0.145512,0.997433,0.0,0.15179,0.0,0.0,1.0,1,77,113,47,C04_S_THRESHOLD,74,77,,79,53,27,30,,32,6,1,0,0,,0,74,0,0,0.166567,0.164353,,0.072778,0.072223,,0,,0,0.0,0.0,0,0,160,0,0,0,0,0,30,30,0
grand_sim_v0_6,hub_2_balanced,hub_redundancy,mid_stress,1,9931,hub_redundant,hub_2,160,0.1,0.08,0.06,0.29,1.6,0.12,0.1,0.08,0.16,0.0095,0.00791,0.3,0.25,0.1,,0.3,,,,,,0.06,0.03,0.03,0.140879,0.997152,0.0,0.151903,0.0,0.0,1.0,1,77,113,47,C04_S_THRESHOLD,76,77,,81,53,29,30,,34,6,1,0,0,,0,73,0,0,0.177203,0.165185,,0.073228,0.073072,,0,,0,0.0,0.0,0,0,160,0,0,0,0,0,30,30,0
grand_sim_v0_6,hub_2_balanced,hub_redundancy,mid_stress,2,9932,hub_redundant,hub_2,160,0.1,0.08,0.06,0.29,1.6,0.12,0.1,0.08,0.16,0.0095,0.00791,0.3,0.25,0.1,,0.3,,,,,,0.06,0.03,0.03,0.145025,0.991656,0.0,0.149635,0.0,0.0,1.0,1,77,116,44,C04_S_THRESHOLD,75,77,,79,47,31,33,,35,3,1,0,0,,0,75,0,0,0.186661,0.170966,,0.071071,0.071047,,0,86,21,0.000685,0.0,0,0,160,0,0,0,0,0,30,30,0
grand_sim_v0_6,hub_2_balanced,hub_redundancy,mid_stress,3,9933,hub_redundant,hub_2,160,0.1,0.08,0.06,0.29,1.6,0.12,0.1,0.08,0.16,0.0095,0.00791,0.3,0.25,0.1,,0.3,,,,,,0.06,0.03,0.03,0.143654,0.998749,0.0,0.151811,0.0,0.0,1.0,1,82,112,48,C04_S_THRESHOLD,76,82,,84,52,28,34,,36,4,1,0,0,,0,69,0,0,0.156593,0.166676,,0.072919,0.073307,,0,,0,0.0,0.0,0,0,160,0,0,0,0,0,30,30,0
grand_sim_v0_6,hub_2_balanced,hub_redundancy,mid_stress,4,9934,hub_redundant,hub_2,160,0.1,0.08,0.06,0.29,1.6,0.12,0.1,0.08,0.16,0.0095,0.00791,0.3,0.25,0.1,,0.3,,,,,,0.06,0.03,0.03,0.140466,0.997145,0.0,0.152369,0.0,0.0,1.0,1,75,115,45,C04_S_THRESHOLD,73,75,,79,49,28,30,,34,4,1,0,0,,0,74,0,0,0.17983,0.17109,,0.071008,0.071159,,0,85,22,0.000838,0.0,0,0,160,0,0,0,0,0,30,30,0
grand_sim_v0_6,hub_2_balanced,hub_redundancy,mid_stress,5,9935,hub_redundant,hub_2,160,0.1,0.08,0.06,0.29,1.6,0.12,0.1,0.08,0.16,0.0095,0.00791,0.3,0.25,0.1,,0.3,,,,,,0.06,0.03,0.03,0.14424,0.992272,0.0,0.153048,0.0,0.0,1.0,1,77,116,44,C04_S_THRESHOLD,75,77,,82,47,31,33,,38,3,1,0,0,,0,70,0,0,0.163491,0.184844,,0.072288,0.071909,,0,77,33,0.002451,0.0,0,0,160,0,0,0,0,0,30,30,0
grand_sim_v0_6,hub_2_balanced,hub_redundancy,mid_stress,6,9936,hub_redundant,hub_2,160,0.1,0.08,0.06,0.29,1.6,0.12,0.1,0.08,0.16,0.0095,0.00791,0.3,0.25,0.1,,0.3,,,,,,0.06,0.03,0.03,0.144178,0.994946,0.0,0.152465,0.0,0.0,1.0,1,78,116,44,C04_S_THRESHOLD,76,78,,82,48,32,34,,38,4,1,0,0,,0,70,0,0,0.174247,0.168733,,0.073058,0.073007,,0,84,26,0.001237,0.0,0,0,160,0,0,0,0,0,30,30,0
grand_sim_v0_6,hub_2_balanced,hub_redundancy,mid_stress,7,9937,hub_redundant,hub_2,160,0.1,0.08,0.06,0.29,1.6,0.12,0.1,0.08,0.16,0.0095,0.00791,0.3,0.25,0.1,,0.3,,,,,,0.06,0.03,0.03,0.140123,0.997583,0.0,0.152715,0.0,0.0,1.0,1,77,116,44,C04_S_THRESHOLD,75,77,,80,47,31,33,,36,3,1,0,0,,0,72,0,0,0.164272,0.175659,,0.072627,0.072578,,0,78,31,0.002401,0.0,0,0,160,0,0,0,0,0,30,30,0
grand_sim_v0_6,hub_2_balanced,hub_redundancy,mid_stress,8,9938,hub_redundant,hub_2,160,0.1,0.08,0.06,0.29,1.6,0.12,0.1,0.08,0.16,0.0095,0.00791,0.3,0.25,0.1,,0.3,,,,,,0.06,0.03,0.03,0.13825,0.994835,0.0,0.15378,0.0,0.0,1.0,1,78,110,50,C04_S_THRESHOLD,77,78,,80,56,27,28,,30,6,1,0,0,,0,74,0,0,0.167037,0.185401,,0.072813,0.073005,,0,,0,0.0,0.0,0,0,160,0,0,0,0,0,30,30,0
grand_sim_v0_6,hub_2_balanced,hub_redundancy,mid_stress,9,9939,hub_redundant,hub_2,160,0.1,0.08,0.06,0.29,1.6,0.12,0.1,0.08,0.16,0.0095,0.00791,0.3,0.25,0.1,,0.3,,,,,,0.06,0.03,0.03,0.145089,0.996762,0.0,0.151965,0.0,0.0,1.0,1,77,116,44,C04_S_THRESHOLD,75,77,,79,48,31,33,,35,4,1,0,0,,0,74,0,0,0.180047,0.157808,,0.072944,0.072788,,0,85,75,0.001098,0.0,0,0,160,0,0,0,0,0,30,30,0
grand_sim_v0_6,hub_2_balanced,hub_redundancy,high_stress,0,9940,hub_redundant,hub_2,160,0.14,0.05,0.09,0.26,2.0,0.06,0.13,0.1,0.2,0.012,0.00998,0.3,0.25,0.1,,0.3,,,,,,0.09,0.03,0.03,0.171455,1.0,0.0,0.147494,0.0,0.0,1.0,1,20,143,17,C04_S_THRESHOLD,20,20,,22,20,3,3,,5,3,1,0,0,,0,135,0,0,0.162062,0.154029,,0.047342,0.047538,,0,,0,0.0,0.0,0,0,160,0,0,0,0,0,30,30,0
grand_sim_v0_6,hub_2_balanced,hub_redundancy,high_stress,1,9941,hub_redundant,hub_2,160,0.14,0.05,0.09,0.26,2.0,0.06,0.13,0.1,0.2,0.012,0.00998,0.3,0.25,0.1,,0.3,,,,,,0.09,0.03,0.03,0.172419,1.0,0.0,0.147237,0.0,0.0,1.0,1,20,143,17,C04_S_THRESHOLD,19,20,,20,20,2,3,,3,3,1,0,0,,0,136,0,0,0.154208,0.156998,,0.047427,0.047647,,0,26,134,0.000608,0.0,0,0,160,0,0,0,0,0,30,30,0
grand_sim_v0_6,hub_2_balanced,hub_redundancy,high_stress,2,9942,hub_redundant,hub_2,160,0.14,0.05,0.09,0.26,2.0,0.06,0.13,0.1,0.2,0.012,0.00998,0.3,0.25,0.1,,0.3,,,,,,0.09,0.03,0.03,0.164114,1.0,0.0,0.148204,0.0,0.0,1.0,1,18,144,16,C04_S_THRESHOLD,17,18,,19,18,1,2,,3,2,1,0,0,,0,137,0,0,0.164242,0.162919,,0.047431,0.047406,,0,,0,0.0,0.0,0,0,160,0,0,0,0,0,30,30,0
grand_sim_v0_6,hub_2_balanced,hub_redundancy,high_stress,3,9943,hub_redundant,hub_2,160,0.14,0.05,0.09,0.26,2.0,0.06,0.13,0.1,0.2,0.012,0.00998,0.3,0.25,0.1,,0.3,,,,,,0.09,0.03,0.03,0.164157,1.0,0.0,0.146623,0.0,0.0,1.0,1,21,143,17,C04_S_THRESHOLD,19,21,,22,19,2,4,,5,2,1,0,0,,0,134,0,0,0.156299,0.165658,,0.047399,0.047522,,0,,0,0.0,0.0,0,0,160,0,0,0,0,0,30,30,0
grand_sim_v0_6,hub_2_balanced,hub_redundancy,high_stress,4,9944,hub_redundant,hub_2,160,0.14,0.05,0.09,0.26,2.0,0.06,0.13,0.1,0.2,0.012,0.00998,0.3,0.25,0.1,,0.3,,,,,,0.09,0.03,0.03,0.15998,1.0,0.0,0.152402,0.0,0.0,1.0,1,18,145,15,C04_S_THRESHOLD,18,18,,19,18,3,3,,4,3,1,0,0,,0,137,0,0,0.157703,0.157741,,0.047291,0.047467,,0,22,138,0.002912,0.0,0,0,160,0,0,0,0,0,30,30,0
grand_sim_v0_6,hub_2_balanced,hub_redundancy,high_stress,5,9945,hub_redundant,hub_2,160,0.14,0.05,0.09,0.26,2.0,0.06,0.13,0.1,0.2,0.012,0.00998,0.3,0.25,0.1,,0.3,,,,,,0.09,0.03,0.03,0.174255,1.0,0.0,0.144676,0.0,0.0,1.0,1,19,144,16,C04_S_THRESHOLD,18,19,,20,19,2,3,,4,3,1,0,0,,0,136,0,0,0.16507,0.144676,,0.04716,0.047357,,0,,0,0.0,0.0,0,0,160,0,0,0,0,0,30,30,0
grand_sim_v0_6,hub_2_balanced,hub_redundancy,high_stress,6,9946,hub_redundant,hub_2,160,0.14,0.05,0.09,0.26,2.0,0.06,0.13,0.1,0.2,0.012,0.00998,0.3,0.25,0.1,,0.3,,,,,,0.09,0.03,0.03,0.172779,1.0,0.0,0.144769,0.0,0.0,1.0,1,17,146,14,C04_S_THRESHOLD,16,17,,18,16,2,3,,4,2,1,0,0,,0,136,0,0,0.158179,0.144769,,0.047496,0.047522,,0,,0,0.0,0.0,0,0,160,0,0,0,0,0,30,30,0
grand_sim_v0_6,hub_2_balanced,hub_redundancy,high_stress,7,9947,hub_redundant,hub_2,160,0.14,0.05,0.09,0.26,2.0,0.06,0.13,0.1,0.2,0.012,0.00998,0.3,0.25,0.1,,0.3,,,,,,0.09,0.03,0.03,0.161076,1.0,0.0,0.150095,0.0,0.0,1.0,1,17,145,15,C04_S_THRESHOLD,16,17,,18,17,1,2,,3,2,1,0,0,,0,137,0,0,0.159969,0.162104,,0.047468,0.04737,,0,,0,0.0,0.0,0,0,160,0,0,0,0,0,30,30,0
grand_sim_v0_6,hub_2_balanced,hub_redundancy,high_stress,8,9948,hub_redundant,hub_2,160,0.14,0.05,0.09,0.26,2.0,0.06,0.13,0.1,0.2,0.012,0.00998,0.3,0.25,0.1,,0.3,,,,,,0.09,0.03,0.03,0.163217,1.0,0.0,0.148363,0.0,0.0,1.0,1,18,145,15,C04_S_THRESHOLD,17,18,,20,18,2,3,,5,3,1,0,0,,0,135,0,0,0.161648,0.164637,,0.047171,0.047652,,0,20,23,0.007121,0.0,0,0,160,0,0,0,0,0,30,30,0
grand_sim_v0_6,hub_2_balanced,hub_redundancy,high_stress,9,9949,hub_redundant,hub_2,160,0.14,0.05,0.09,0.26,2.0,0.06,0.13,0.1,0.2,0.012,0.00998,0.3,0.25,0.1,,0.3,,,,,,0.09,0.03,0.03,0.166123,1.0,0.0,0.148071,0.0,0.0,1.0,1,16,146,14,C04_S_THRESHOLD,15,16,,17,16,1,2,,3,2,1,0,0,,0,140,0,0,0.16046,0.153221,,0.047324,0.047308,,0,,0,0.0,0.0,0,0,160,0,0,0,0,0,30,30,0
grand_sim_v0_6,hub_3_balanced,hub_redundancy,low_stress,0,9950,hub_redundant,hub_3,160,0.06,0.1,0.04,0.32,1.2,0.2,0.08,0.06,0.12,0.0075,0.006735,0.3,0.25,0.1,,0.3,,,,,,0.03,0.9515,0.03,0.13334,0.0,0.969533,0.370246,1.0,1.0,0.05,0,,101,59,C04_S_THRESHOLD,,,,,66,,,,,7,0,0,0,,0,0,0,0,0.370246,0.385108,0.379952,0.21145,0.211482,0.211648,0,125,35,0.014152,0.0,0,,0,0,0,0,0,0,21,21,0
grand_sim_v0_6,hub_3_balanced,hub_redundancy,low_stress,1,9951,hub_redundant,hub_3,160,0.06,0.1,0.04,0.32,1.2,0.2,0.08,0.06,0.12,0.0075,0.006735,0.3,0.25,0.1,,0.3,,,,,,0.03,0.951502,0.03,0.1216,0.0,0.969837,0.369755,1.0,1.0,0.05,0,,101,59,C04_S_THRESHOLD,,,,,66,,,,,7,0,0,0,,0,0,0,0,0.390203,0.383205,0.369755,0.211407,0.211544,0.211807,0,107,53,0.014471,0.0,0,,0,0,0,0,0,0,21,21,0
grand_sim_v0_6,hub_3_balanced,hub_redundancy,low_stress,2,9952,hub_redundant,hub_3,160,0.06,0.1,0.04,0.32,1.2,0.2,0.08,0.06,0.12,0.0075,0.006735,0.3,0.25,0.1,,0.3,,,,,,0.03,0.957027,0.086877,0.107832,0.0,0.969402,0.410293,1.0,1.0,0.05,0,,99,61,C04_S_THRESHOLD,,,,,68,,,,,7,0,0,0,,0,0,0,0,0.410293,0.431199,0.468055,0.211638,0.211915,0.211554,0,,0,0.0,0.0,0,,0,0,0,0,0,0,21,21,0
grand_sim_v0_6,hub_3_balanced,hub_redundancy,low_stress,3,9953,hub_redundant,hub_3,160,0.06,0.1,0.04,0.32,1.2,0.2,0.08,0.06,0.12,0.0075,0.006735,0.3,0.25,0.1,,0.3,,,,,,0.03,0.9515,0.03,0.123631,0.000197,0.96988,0.376648,1.0,1.0,0.05,0,,101,59,C04_S_THRESHOLD,,,,,67,,,,,8,0,0,0,,0,0,0,0,0.376648,0.378557,0.393681,0.211851,0.211274,0.211644,0,119,41,0.014171,0.0,0,,0,0,0,0,0,0,21,21,0
grand_sim_v0_6,hub_3_balanced,hub_redundancy,low_stress,4,9954,hub_redundant,hub_3,160,0.06,0.1,0.04,0.32,1.2,0.2,0.08,0.06,0.12,0.0075,0.006735,0.3,0.25,0.1,,0.3,,,,,,0.03,0.9515,0.03,0.123711,0.0,0.969166,0.365821,1.0,1.0,0.05,0,,99,61,C04_S_THRESHOLD,,,,,68,,,,,7,0,0,0,,0,0,0,0,0.370006,0.365821,0.385592,0.211581,0.211215,0.21142,0,148,12,0.013637,0.0,0,,0,0,0,0,0,0,21,21,0
grand_sim_v0_6,hub_3_balanced,hub_redundancy,low_stress,5,9955,hub_redundant,hub_3,160,0.06,0.1,0.04,0.32,1.2,0.2,0.08,0.06,0.12,0.0075,0.006735,0.3,0.25,0.1,,0.3,,,,,,0.03,0.9515,0.03,0.121839,0.0,0.97036,0.383862,1.0,1.0,0.05,0,,100,60,C04_S_THRESHOLD,,,,,68,,,,,8,0,0,0,,0,0,0,0,0.383862,0.388309,0.391511,0.211399,0.21142,0.211616,0,120,40,0.014792,0.0,0,,0,0,0,0,0,0,21,21,0
grand_sim_v0_6,hub_3_balanced,hub_redundancy,low_stress,6,9956,hub_redundant,hub_3,160,0.06,0.1,0.04,0.32,1.2,0.2,0.08,0.06,0.12,0.0075,0.006735,0.3,0.25,0.1,,0.3,,,,,,0.03,0.956808,0.077006,0.123793,0.0,0.969618,0.396844,1.0,1.0,0.05,0,,95,65,C04_S_THRESHOLD,,,,,73,,,,,8,0,0,0,,0,0,0,0,0.440091,0.396844,0.446998,0.211624,0.211092,0.211461,0,,0,0.0,0.0,0,,0,0,0,0,0,0,21,21,0
grand_sim_v0_6,hub_3_balanced,hub_redundancy,low_stress,7,9957,hub_redundant,hub_3,160,0.06,0.1,0.04,0.32,1.2,0.2,0.08,0.06,0.12,0.0075,0.006735,0.3,0.25,0.1,,0.3,,,,,,0.03,0.954647,0.07768,0.125294,0.0,0.968463,0.39642,1.0,1.0,0.05,0,,95,65,C04_S_THRESHOLD,,,,,74,,,,,9,0,0,0,,0,0,0,0,0.396605,0.412349,0.39642,0.211708,0.211389,0.21176,0,,0,0.0,0.0,0,,0,0,0,0,0,0,21,21,0
grand_sim_v0_6,hub_3_balanced,hub_redundancy,low_stress,8,9958,hub_redundant,hub_3,160,0.06,0.1,0.04,0.32,1.2,0.2,0.08,0.06,0.12,0.0075,0.006735,0.3,0.25,0.1,,0.3,,,,,,0.03,0.9515,0.03,0.116619,0.0,0.969172,0.370357,1.0,1.0,0.05,0,,101,59,C04_S_THRESHOLD,,,,,67,,,,,8,0,0,0,,0,0,0,0,0.382287,0.382645,0.370357,0.211629,0.2114,0.211283,0,125,35,0.014316,0.0,0,,0,0,0,0,0,0,21,21,0
grand_sim_v0_6,hub_3_balanced,hub_redundancy,low_stress,9,9959,hub_redundant,hub_3,160,0.06,0.1,0.04,0.32,1.2,0.2,0.08,0.06,0.12,0.0075,0.006735,0.3,0.25,0.1,,0.3,,,,,,0.03,0.9515,0.03,0.127019,0.0,0.969136,0.36734,1.0,1.0,0.05,0,,101,59,C04_S_THRESHOLD,,,,,67,,,,,8,0,0,0,,0,0,0,0,0.374175,0.36734,0.384705,0.211541,0.211412,0.211536,0,120,40,0.0142,0.0,0,,0,0,0,0,0,0,21,21,0
grand_sim_v0_6,hub_3_balanced,hub_redundancy,mid_stress,0,9960,hub_redundant,hub_3,160,0.1,0.08,0.06,0.29,1.6,0.12,0.1,0.08,0.16,0.0095,0.00791,0.3,0.25,0.1,,0.3,,,,,,0.06,0.040771,0.03,0.125546,0.554323,0.20286,0.254653,0.0,0.0,1.0,1,120,110,50,C04_S_THRESHOLD,116,120,,126,56,66,70,,76,6,1,0,0,,0,24,0,0,0.263592,0.256726,0.261669,0.108262,0.107958,0.107519,0,123,33,0.001774,0.0,0,,0,0,0,0,0,0,21,21,0
grand_sim_v0_6,hub_3_balanced,hub_redundancy,mid_stress,1,9961,hub_redundant,hub_3,160,0.1,0.08,0.06,0.29,1.6,0.12,0.1,0.08,0.16,0.0095,0.00791,0.3,0.25,0.1,,0.3,,,,,,0.06,0.031413,0.03,0.125641,0.573324,0.179053,0.245966,0.0,0.0,1.0,1,116,117,43,C04_S_THRESHOLD,110,116,,121,47,67,73,,78,4,1,0,0,,0,28,0,0,0.247003,0.256968,0.250562,0.107084,0.10667,0.106454,0,89,62,0.009553,0.0,0,,0,0,0,0,0,0,21,21,0
grand_sim_v0_6,hub_3_balanced,hub_redundancy,mid_stress,2,9962,hub_redundant,hub_3,160,0.1,0.08,0.06,0.29,1.6,0.12,0.1,0.08,0.16,0.0095,0.00791,0.3,0.25,0.1,,0.3,,,,,,0.06,0.045078,0.03,0.143529,0.562849,0.207228,0.242753,0.0,0.0,0.983333,1,122,117,43,C04_S_THRESHOLD,117,122,,127,47,74,79,,84,4,1,0,0,,0,18,0,0,0.251446,0.242753,0.249628,0.107982,0.107977,0.108004,0,63,96,0.016766,0.0,0,,0,0,0,0,0,0,21,21,0
grand_sim_v0_6,hub_3_balanced,hub_redundancy,mid_stress,3,9963,hub_redundant,hub_3,160,0.1,0.08,0.06,0.29,1.6,0.12,0.1,0.08,0.16,0.0095,0.00791,0.3,0.25,0.1,,0.3,,,,,,0.06,0.03,0.03,0.133236,0.61503,0.159913,0.22951,0.0,0.0,1.0,1,108,116,44,C04_S_THRESHOLD,107,108,,117,47,63,64,,73,3,1,0,0,,0,33,0,0,0.249814,0.234615,0.246976,0.105436,0.105219,0.105241,0,63,84,0.015964,0.0,0,,0,0,0,0,0,0,21,21,0
grand_sim_v0_6,hub_3_balanced,hub_redundancy,mid_stress,4,9964,hub_redundant,hub_3,160,0.1,0.08,0.06,0.29,1.6,0.12,0.1,0.08,0.16,0.0095,0.00791,0.3,0.25,0.1,,0.3,,,,,,0.06,0.03,0.03,0.138455,0.621898,0.164657,0.225051,0.0,0.0,1.0,1,115,116,44,C04_S_THRESHOLD,109,115,,120,48,65,71,,76,4,1,0,0,,0,32,0,0,0.225051,0.251792,0.241251,0.106035,0.105919,0.105413,0,95,54,0.008734,0.0,0,,0,0,0,0,0,0,21,21,0
grand_sim_v0_6,hub_3_balanced,hub_redundancy,mid_stress,5,9965,hub_redundant,hub_3,160,0.1,0.08,0.06,0.29,1.6,0.12,0.1,0.08,0.16,0.0095,0.00791,0.3,0.25,0.1,,0.3,,,,,,0.06,0.032472,0.03,0.134252,0.595404,0.194222,0.241312,0.0,0.0,1.0,1,116,116,44,C04_S_THRESHOLD,113,116,,124,47,69,72,,80,3,1,0,0,,0,23,0,0,0.250102,0.253749,0.241312,0.10767,0.108152,0.107662,0,71,84,0.012683,0.0,0,,0,0,0,0,0,0,21,21,0
grand_sim_v0_6,hub_3_balanced,hub_redundancy,mid_stress,6,9966,hub_redundant,hub_3,160,0.1,0.08,0.06,0.29,1.6,0.12,0.1,0.08,0.16,0.0095,0.00791,0.3,0.25,0.1,,0.3,,,,,,0.06,0.03045,0.03,0.13922,0.628677,0.171436,0.217323,0.0,0.0,1.0,1,114,116,44,C04_S_THRESHOLD,112,114,,119,47,68,70,,75,3,1,0,0,,0,29,0,0,0.217323,0.239412,0.245059,0.10638,0.106765,0.106574,0,75,75,0.01231,0.0,0,,0,0,0,0,0,0,21,21,0
grand_sim_v0_6,hub_3_balanced,hub_redundancy,mid_stress,7,9967,hub_redundant,hub_3,160,0.1,0.08,0.06,0.29,1.6,0.12,0.1,0.08,0.16,0.0095,0.00791,0.3,0.25,0.1,,0.3,,,,,,0.06,0.033188,0.03,0.146313,0.603428,0.177529,0.239307,0.0,0.0,1.0,1,114,115,45,C04_S_THRESHOLD,110,114,,120,48,65,69,,75,3,1,0,0,,0,26,0,0,0.243574,0.240889,0.241547,0.106207,0.106622,0.106237,0,100,52,0.006357,0.0,0,,0,0,0,0,0,0,21,21,0
grand_sim_v0_6,hub_3_balanced,hub_redundancy,mid_stress,8,9968,hub_redundant,hub_3,160,0.1,0.08,0.06,0.29,1.6,0.12,0.1,0.08,0.16,0.0095,0.00791,0.3,0.25,0.1,,0.3,,,,,,0.06,0.039004,0.03,0.13379,0.563446,0.213596,0.249904,0.0,0.0,1.0,1,120,112,48,C04_S_THRESHOLD,117,120,,127,52,69,72,,79,4,1,0,0,,0,21,0,0,0.256822,0.250654,0.259943,0.108805,0.108748,0.109064,0,112,48,0.003164,0.0,0,,0,0,0,0,0,0,21,21,0
grand_sim_v0_6,hub_3_balanced,hub_redundancy,mid_stress,9,9969,hub_redundant,hub_3,160,0.1,0.08,0.06,0.29,1.6,0.12,0.1,0.08,0.16,0.0095,0.00791,0.3,0.25,0.1,,0.3,,,,,,0.06,0.032124,0.03,0.131037,0.595564,0.174724,0.239925,0.0,0.0,1.0,1,116,112,48,C04_S_THRESHOLD,113,116,,120,52,65,68,,72,4,1,0,0,,0,31,0,0,0.24761,0.256155,0.242021,0.106468,0.106579,0.106056,0,116,34,0.002248,0.0,0,,0,0,0,0,0,0,21,21,0
grand_sim_v0_6,hub_3_balanced,hub_redundancy,high_stress,0,9970,hub_redundant,hub_3,160,0.14,0.05,0.09,0.26,2.0,0.06,0.13,0.1,0.2,0.012,0.00998,0.3,0.25,0.1,,0.3,,,,,,0.09,0.03,0.03,0.150878,1.0,0.0,0.150293,0.0,0.0,1.0,1,23,140,20,C04_S_THRESHOLD,22,23,,24,23,2,3,,4,3,1,0,0,,0,132,0,0,0.160397,0.161355,0.161727,0.046034,0.046034,0.04615,0,,0,0.0,0.0,0,,0,0,0,0,0,0,21,21,0
grand_sim_v0_6,hub_3_balanced,hub_redundancy,high_stress,1,9971,hub_redundant,hub_3,160,0.14,0.05,0.09,0.26,2.0,0.06,0.13,0.1,0.2,0.012,0.00998,0.3,0.25,0.1,,0.3,,,,,,0.09,0.03,0.03,0.155458,1.0,0.0,0.148417,0.0,0.0,1.0,1,21,142,18,C04_S_THRESHOLD,20,21,,22,21,2,3,,4,3,1,0,0,,0,134,0,0,0.162123,0.151045,0.159614,0.046301,0.046058,0.046134,0,,0,0.0,0.0,0,,0,0,0,0,0,0,21,21,0
grand_sim_v0_6,hub_3_balanced,hub_redundancy,high_stress,2,9972,hub_redundant,hub_3,160,0.14,0.05,0.09,0.26,2.0,0.06,0.13,0.1,0.2,0.012,0.00998,0.3,0.25,0.1,,0.3,,,,,,0.09,0.03,0.03,0.154245,1.0,0.0,0.151036,0.0,0.0,1.0,1,25,140,20,C04_S_THRESHOLD,24,25,,26,24,4,5,,6,4,1,0,0,,0,128,0,0,0.159927,0.155039,0.159007,0.046425,0.04649,0.046381,0,,0,0.0,0.0,0,,0,0,0,0,0,0,21,21,0
grand_sim_v0_6,hub_3_balanced,hub_redundancy,high_stress,3,9973,hub_redundant,hub_3,160,0.14,0.05,0.09,0.26,2.0,0.06,0.13,0.1,0.2,0.012,0.00998,0.3,0.25,0.1,,0.3,,,,,,0.09,0.03,0.03,0.162268,1.0,0.0,0.134922,0.0,0.0,1.0,1,22,140,20,C04_S_THRESHOLD,21,22,,24,23,1,2,,4,3,1,0,0,,0,131,0,0,0.157816,0.155091,0.134922,0.046341,0.04616,0.046572,0,,0,0.0,0.0,0,,0,0,0,0,0,0,21,21,0
grand_sim_v0_6,hub_3_balanced,hub_redundancy,high_stress,4,9974,hub_redundant,hub_3,160,0.14,0.05,0.09,0.26,2.0,0.06,0.13,0.1,0.2,0.012,0.00998,0.3,0.25,0.1,,0.3,,,,,,0.09,0.03,0.03,0.160236,1.0,0.0,0.140191,0.0,0.0,1.0,1,24,140,20,C04_S_THRESHOLD,23,24,,25,24,3,4,,5,4,1,0,0,,0,130,0,0,0.156299,0.154684,0.140191,0.046175,0.046446,0.045753,0,,0,0.0,0.0,0,,0,0,0,0,0,0,21,21,0
grand_sim_v0_6,hub_3_balanced,hub_redundancy,high_stress,5,9975,hub_redundant,hub_3,160,0.14,0.05,0.09,0.26,2.0,0.06,0.13,0.1,0.2,0.012,0.00998,0.3,0.25,0.1,,0.3,,,,,,0.09,0.03,0.03,0.162946,1.0,0.0,0.150329,0.0,0.0,1.0,1,24,140,20,C04_S_THRESHOLD,23,24,,26,23,3,4,,6,3,1,0,0,,0,129,0,0,0.155297,0.159876,0.156606,0.046265,0.04601,0.046236,0,,0,0.0,0.0,0,,0,0,0,0,0,0,21,21,0
grand_sim_v0_6,hub_3_balanced,hub_redundancy,high_stress,6,9976,hub_redundant,hub_3,160,0.14,0.05,0.09,0.26,2.0,0.06,0.13,0.1,0.2,0.012,0.00998,0.3,0.25,0.1,,0.3,,,,,,0.09,0.03,0.03,0.157692,1.0,0.0,0.148887,0.0,0.0,1.0,1,21,142,18,C04_S_THRESHOLD,20,21,,22,21,2,3,,4,3,1,0,0,,0,133,0,0,0.149843,0.157164,0.158984,0.046256,0.046246,0.046641,0,,0,0.0,0.0,0,,0,0,0,0,0,0,21,21,0
grand_sim_v0_6,hub_3_balanced,hub_redundancy,high_stress,7,9977,hub_redundant,hub_3,160,0.14,0.05,0.09,0.26,2.0,0.06,0.13,0.1,0.2,0.012,0.00998,0.3,0.25,0.1,,0.3,,,,,,0.09,0.03,0.03,0.159035,1.0,0.0,0.149268,0.0,0.0,1.0,1,23,140,20,C04_S_THRESHOLD,22,23,,24,23,2,3,,4,3,1,0,0,,0,133,0,0,0.158373,0.159586,0.151511,0.04601,0.046373,0.046267,0,,0,0.0,0.0,0,,0,0,0,0,0,0,21,21,0
grand_sim_v0_6,hub_3_balanced,hub_redundancy,high_stress,8,9978,hub_redundant,hub_3,160,0.14,0.05,0.09,0.26,2.0,0.06,0.13,0.1,0.2,0.012,0.00998,0.3,0.25,0.1,,0.3,,,,,,0.09,0.03,0.03,0.161317,1.0,0.0,0.148989,0.0,0.0,1.0,1,22,141,19,C04_S_THRESHOLD,21,22,,23,22,2,3,,4,3,1,0,0,,0,133,0,0,0.157992,0.152017,0.153947,0.046076,0.046315,0.04616,0,,0,0.0,0.0,0,,0,0,0,0,0,0,21,21,0
grand_sim_v0_6,hub_3_balanced,hub_redundancy,high_stress,9,9979,hub_redundant,hub_3,160,0.14,0.05,0.09,0.26,2.0,0.06,0.13,0.1,0.2,0.012,0.00998,0.3,0.25,0.1,,0.3,,,,,,0.09,0.03,0.03,0.158005,1.0,0.0,0.150254,0.0,0.0,1.0,1,23,143,17,C04_S_THRESHOLD,21,23,,25,21,4,6,,8,4,1,0,0,,0,131,0,0,0.150552,0.157025,0.15762,0.04642,0.04617,0.046425,0,,0,0.0,0.0,0,,0,0,0,0,0,0,21,21,0
grand_sim_v0_6,hub_2_single_hub_failure,hub_redundancy,low_stress,0,9980,hub_redundant,hub_2,160,0.06,0.1,0.04,0.32,1.2,0.2,0.08,0.06,0.12,0.0075,0.006735,0.3,0.25,0.1,,0.3,,,,,,0.03,0.986437,0.186233,0.122928,3.1e-05,0.988787,0.462926,1.0,1.0,0.016667,0,,91,69,C04_S_THRESHOLD,,,,,79,,,,,10,0,0,0,,0,0,0,0,0.462926,0.985687,,0.211951,0.82765,,0,,0,0.0,0.0,0,0,160,0,0,0,0,0,30,30,0
grand_sim_v0_6,hub_2_single_hub_failure,hub_redundancy,low_stress,1,9981,hub_redundant,hub_2,160,0.06,0.1,0.04,0.32,1.2,0.2,0.08,0.06,0.12,0.0075,0.006735,0.3,0.25,0.1,,0.3,,,,,,0.03,0.98497,0.098224,0.116519,0.0,0.988541,0.407909,1.0,1.0,0.016667,0,,89,71,C04_S_THRESHOLD,,,,,83,,,,,12,0,0,0,,0,0,0,0,0.407909,0.986698,,0.21227,0.812217,,0,,0,0.0,0.0,0,0,160,0,0,0,0,0,30,30,0
grand_sim_v0_6,hub_2_single_hub_failure,hub_redundancy,low_stress,2,9982,hub_redundant,hub_2,160,0.06,0.1,0.04,0.32,1.2,0.2,0.08,0.06,0.12,0.0075,0.006735,0.3,0.25,0.1,,0.3,,,,,,0.03,0.987069,0.224123,0.124081,0.0,0.989746,0.478458,1.0,1.0,0.016667,0,,94,66,C04_S_THRESHOLD,,,,,75,,,,,9,0,0,0,,0,0,0,0,0.478458,0.977258,,0.212246,0.779923,,0,,0,0.0,0.0,0,0,160,0,0,0,0,0,30,30,0
grand_sim_v0_6,hub_2_single_hub_failure,hub_redundancy,low_stress,3,9983,hub_redundant,hub_2,160,0.06,0.1,0.04,0.32,1.2,0.2,0.08,0.06,0.12,0.0075,0.006735,0.3,0.25,0.1,,0.3,,,,,,0.03,0.987007,0.220435,0.122241,0.0,0.988609,0.479791,1.0,1.0,0.016667,0,,92,68,C04_S_THRESHOLD,,,,,76,,,,,8,0,0,0,,0,0,0,0,0.479791,0.988791,,0.211882,0.813904,,0,,0,0.0,0.0,0,0,160,0,0,0,0,0,30,30,0
grand_sim_v0_6,hub_2_single_hub_failure,hub_redundancy,low_stress,4,9984,hub_redundant,hub_2,160,0.06,0.1,0.04,0.32,1.2,0.2,0.08,0.06,0.12,0.0075,0.006735,0.3,0.25,0.1,,0.3,,,,,,0.03,0.986272,0.176319,0.117249,0.0,0.988572,0.44342,1.0,1.0,0.016667,0,,96,64,C04_S_THRESHOLD,,,,,73,,,,,9,0,0,0,,0,0,0,0,0.44342,0.984615,,0.211775,0.821634,,0,,0,0.0,0.0,0,0,160,0,0,0,0,0,30,30,0
grand_sim_v0_6,hub_2_single_hub_failure,hub_redundancy,low_stress,5,9985,hub_redundant,hub_2,160,0.06,0.1,0.04,0.32,1.2,0.2,0.08,0.06,0.12,0.0075,0.006735,0.3,0.25,0.1,,0.3,,,,,,0.03,0.988343,0.300591,0.118759,0.0,0.988652,0.520108,1.0,1.0,0.016667,0,,96,59,C04_S_THRESHOLD,,,,,67,,,,,8,0,0,0,,0,0,0,0,0.520108,0.980745,,0.211752,0.817803,,0,,0,0.0,0.0,0,0,160,0,0,0,0,0,30,30,0
grand_sim_v0_6,hub_2_single_hub_failure,hub_redundancy,low_stress,6,9986,hub_redundant,hub_2,160,0.06,0.1,0.04,0.32,1.2,0.2,0.08,0.06,0.12,0.0075,0.006735,0.3,0.25,0.1,,0.3,,,,,,0.03,0.988949,0.336921,0.12391,0.0,0.988969,0.530436,1.0,1.0,0.016667,0,,92,59,C04_S_THRESHOLD,,,,,67,,,,,8,0,0,0,,0,0,0,0,0.530436,0.98402,,0.212095,0.819722,,0,,0,0.0,0.0,0,0,160,0,0,0,0,0,30,30,0
grand_sim_v0_6,hub_2_single_hub_failure,hub_redundancy,low_stress,7,9987,hub_redundant,hub_2,160,0.06,0.1,0.04,0.32,1.2,0.2,0.08,0.06,0.12,0.0075,0.006735,0.3,0.25,0.1,,0.3,,,,,,0.03,0.98955,0.372982,0.12502,0.0,0.989263,0.556173,1.0,1.0,0.016667,0,,92,58,C04_S_THRESHOLD,,,,,65,,,,,7,0,0,0,,0,0,0,0,0.556173,0.975555,,0.211935,0.807435,,0,,0,0.0,0.0,0,0,160,0,0,0,0,0,30,30,0
grand_sim_v0_6,hub_2_single_hub_failure,hub_redundancy,low_stress,8,9988,hub_redundant,hub_2,160,0.06,0.1,0.04,0.32,1.2,0.2,0.08,0.06,0.12,0.0075,0.006735,0.3,0.25,0.1,,0.3,,,,,,0.03,0.98556,0.133596,0.127812,0.0,0.98932,0.428972,1.0,1.0,0.016667,0,,86,74,C04_S_THRESHOLD,,,,,86,,,,,12,0,0,0,,0,0,0,0,0.428972,0.979856,,0.212324,0.839137,,0,,0,0.0,0.0,0,0,160,0,0,0,0,0,30,30,0
grand_sim_v0_6,hub_2_single_hub_failure,hub_redundancy,low_stress,9,9989,hub_redundant,hub_2,160,0.06,0.1,0.04,0.32,1.2,0.2,0.08,0.06,0.12,0.0075,0.006735,0.3,0.25,0.1,,0.3,,,,,,0.03,0.988922,0.33531,0.120939,0.0,0.988556,0.53062,1.0,1.0,0.016667,0,,93,60,C04_S_THRESHOLD,,,,,67,,,,,7,0,0,0,,0,0,0,0,0.53062,0.98573,,0.211864,0.795649,,0,,0,0.0,0.0,0,0,160,0,0,0,0,0,30,30,0
grand_sim_v0_6,hub_2_single_hub_failure,hub_redundancy,mid_stress,0,9990,hub_redundant,hub_2,160,0.1,0.08,0.06,0.29,1.6,0.12,0.1,0.08,0.16,0.0095,0.00791,0.3,0.25,0.1,,0.3,,,,,,0.06,0.511527,0.03,0.13838,0.58216,0.498277,0.225059,0.486623,0.188908,0.5,1,94,116,44,C04_S_THRESHOLD,85,94,,,48,41,50,,,4,1,0,0,,0,0,0,0,0.248772,0.897135,,0.110041,0.828577,,0,88,72,0.004383,0.0,0,0,160,0,0,0,0,0,30,30,0
grand_sim_v0_6,hub_2_single_hub_failure,hub_redundancy,mid_stress,1,9991,hub_redundant,hub_2,160,0.1,0.08,0.06,0.29,1.6,0.12,0.1,0.08,0.16,0.0095,0.00791,0.3,0.25,0.1,,0.3,,,,,,0.06,0.513261,0.03,0.13973,0.552708,0.521352,0.224907,0.490214,0.207663,0.5,1,96,116,44,C04_S_THRESHOLD,87,96,,,48,43,52,,,4,1,0,0,,0,0,0,0,0.242937,0.919489,,0.110417,0.831354,,0,86,74,0.004354,0.0,0,0,160,0,0,0,0,0,30,30,0
grand_sim_v0_6,hub_2_single_hub_failure,hub_redundancy,mid_stress,2,9992,hub_redundant,hub_2,160,0.1,0.08,0.06,0.29,1.6,0.12,0.1,0.08,0.16,0.0095,0.00791,0.3,0.25,0.1,,0.3,,,,,,0.06,0.474968,0.03,0.149749,0.675521,0.456788,0.211625,0.465014,0.148074,0.5,1,91,111,49,C04_S_THRESHOLD,83,91,,,55,34,42,,,6,1,0,0,,0,0,0,0,0.237059,0.78581,,0.109483,0.7824,,0,93,67,0.003507,0.0,0,0,160,0,0,0,0,0,30,30,0
grand_sim_v0_6,hub_2_single_hub_failure,hub_redundancy,mid_stress,3,9993,hub_redundant,hub_2,160,0.1,0.08,0.06,0.29,1.6,0.12,0.1,0.08,0.16,0.0095,0.00791,0.3,0.25,0.1,,0.3,,,,,,0.06,0.482771,0.03,0.139875,0.659478,0.450447,0.215262,0.464848,0.147679,0.5,1,90,116,44,C04_S_THRESHOLD,82,90,,,48,38,46,,,4,1,0,0,,0,0,0,0,0.231522,0.852505,,0.109631,0.826116,,0,86,74,0.004496,0.0,0,0,160,0,0,0,0,0,30,30,0
grand_sim_v0_6,hub_2_single_hub_failure,hub_redundancy,mid_stress,4,9994,hub_redundant,hub_2,160,0.1,0.08,0.06,0.29,1.6,0.12,0.1,0.08,0.16,0.0095,0.00791,0.3,0.25,0.1,,0.3,,,,,,0.06,0.473735,0.03,0.148396,0.698134,0.464708,0.213202,0.463909,0.146847,0.5,1,90,109,51,C04_S_THRESHOLD,81,90,,,57,30,39,,,6,1,0,0,,0,0,0,0,0.227613,0.819589,,0.109624,0.819589,,0,92,68,0.003819,0.0,0,0,160,0,0,0,0,0,30,30,0
grand_sim_v0_6,hub_2_single_hub_failure,hub_redundancy,mid_stress,5,9995,hub_redundant,hub_2,160,0.1,0.08,0.06,0.29,1.6,0.12,0.1,0.08,0.16,0.0095,0.00791,0.3,0.25,0.1,,0.3,,,,,,0.06,0.501966,0.03,0.151333,0.615505,0.483237,0.219027,0.488166,0.179402,0.5,1,97,112,48,C04_S_THRESHOLD,89,97,,,52,41,49,,,4,1,0,0,,0,0,0,0,0.236677,0.868331,,0.110264,0.817598,,0,92,68,0.004067,0.0,0,0,160,0,0,0,0,0,30,30,0
grand_sim_v0_6,hub_2_single_hub_failure,hub_redundancy,mid_stress,6,9996,hub_redundant,hub_2,160,0.1,0.08,0.06,0.29,1.6,0.12,0.1,0.08,0.16,0.0095,0.00791,0.3,0.25,0.1,,0.3,,,,,,0.06,0.507833,0.03,0.147659,0.60008,0.491774,0.222491,0.488362,0.189087,0.5,1,95,116,44,C04_S_THRESHOLD,88,95,,,48,44,51,,,4,1,0,0,,0,0,0,0,0.23163,0.860626,,0.110428,0.795751,,0,87,73,0.004373,0.0,0,0,160,0,0,0,0,0,30,30,0
grand_sim_v0_6,hub_2_single_hub_failure,hub_redundancy,mid_stress,7,9997,hub_redundant,hub_2,160,0.1,0.08,0.06,0.29,1.6,0.12,0.1,0.08,0.16,0.0095,0.00791,0.3,0.25,0.1,,0.3,,,,,,0.06,0.495134,0.03,0.146298,0.640929,0.474814,0.212517,0.473735,0.159729,0.5,1,90,116,44,C04_S_THRESHOLD,80,90,,,47,36,46,,,3,1,0,0,,0,0,0,0,0.239995,0.861865,,0.109698,0.802351,,0,86,74,0.004415,0.0,0,0,160,0,0,0,0,0,30,30,0
grand_sim_v0_6,hub_2_single_hub_failure,hub_redundancy,mid_stress,8,9998,hub_redundant,hub_2,160,0.1,0.08,0.06,0.29,1.6,0.12,0.1,0.08,0.16,0.0095,0.00791,0.3,0.25,0.1,,0.3,,,,,,0.06,0.503345,0.03,0.143972,0.624083,0.491462,0.217101,0.480803,0.176031,0.5,1,90,116,44,C04_S_THRESHOLD,81,90,,,48,37,46,,,4,1,0,0,,0,0,0,0,0.236003,0.884676,,0.10994,0.82976,,0,86,74,0.004318,0.0,0,0,160,0,0,0,0,0,30,30,0
grand_sim_v0_6,hub_2_single_hub_failure,hub_redundancy,mid_stress,9,9999,hub_redundant,hub_2,160,0.1,0.08,0.06,0.29,1.6,0.12,0.1,0.08,0.16,0.0095,0.00791,0.3,0.25,0.1,,0.3,,,,,,0.06,0.506726,0.03,0.143443,0.587842,0.496273,0.224406,0.48192,0.185011,0.5,1,93,110,50,C04_S_THRESHOLD,80,93,,,55,30,43,,,5,1,0,0,,0,0,0,0,0.247323,0.885053,,0.109879,0.822602,,0,91,69,0.003881,0.0,0,0,160,0,0,0,0,0,30,30,0
grand_sim_v0_6,hub_2_single_hub_failure,hub_redundancy,high_stress,0,10000,hub_redundant,hub_2,160,0.14,0.05,0.09,0.26,2.0,0.06,0.13,0.1,0.2,0.012,0.00998,0.3,0.25,0.1,,0.3,,,,,,0.09,0.03,0.03,0.164149,1.0,0.0,0.149617,0.0,0.0,1.0,1,18,145,15,C04_S_THRESHOLD,17,18,,19,17,2,3,,4,2,1,0,0,,0,137,0,0,0.15742,0.157103,,0.048129,0.136765,,0,22,20,0.005766,0.0,0,0,160,0,0,0,0,0,30,30,0
grand_sim_v0_6,hub_2_single_hub_failure,hub_redundancy,high_stress,1,10001,hub_redundant,hub_2,160,0.14,0.05,0.09,0.26,2.0,0.06,0.13,0.1,0.2,0.012,0.00998,0.3,0.25,0.1,,0.3,,,,,,0.09,0.03,0.03,0.16787,1.0,0.0,0.148951,0.0,0.0,1.0,1,19,143,17,C04_S_THRESHOLD,18,19,,20,19,1,2,,3,2,1,0,0,,0,136,0,0,0.156549,0.153517,,0.047861,0.149386,,0,,0,0.0,0.0,0,0,160,0,0,0,0,0,30,30,0
grand_sim_v0_6,hub_2_single_hub_failure,hub_redundancy,high_stress,2,10002,hub_redundant,hub_2,160,0.14,0.05,0.09,0.26,2.0,0.06,0.13,0.1,0.2,0.012,0.00998,0.3,0.25,0.1,,0.3,,,,,,0.09,0.03,0.03,0.162971,1.0,0.0,0.148955,0.0,0.0,1.0,1,18,144,16,C04_S_THRESHOLD,18,18,,19,19,2,2,,3,3,1,0,0,,0,136,0,0,0.159728,0.162646,,0.048344,0.145603,,0,25,18,0.000633,0.0,0,0,160,0,0,0,0,0,30,30,0
grand_sim_v0_6,hub_2_single_hub_failure,hub_redundancy,high_stress,3,10003,hub_redundant,hub_2,160,0.14,0.05,0.09,0.26,2.0,0.06,0.13,0.1,0.2,0.012,0.00998,0.3,0.25,0.1,,0.3,,,,,,0.09,0.03,0.03,0.161928,1.0,0.0,0.149324,0.0,0.0,1.0,1,20,144,16,C04_S_THRESHOLD,19,20,,20,19,3,4,,4,3,1,0,0,,0,136,0,0,0.152309,0.160065,,0.047987,0.138158,,0,,0,0.0,0.0,0,0,160,0,0,0,0,0,30,30,0
grand_sim_v0_6,hub_2_single_hub_failure,hub_redundancy,high_stress,4,10004,hub_redundant,hub_2,160,0.14,0.05,0.09,0.26,2.0,0.06,0.13,0.1,0.2,0.012,0.00998,0.3,0.25,0.1,,0.3,,,,,,0.09,0.03,0.03,0.169175,1.0,0.0,0.148797,0.0,0.0,1.0,1,19,143,17,C04_S_THRESHOLD,19,19,,21,20,2,2,,4,3,1,0,0,,0,135,0,0,0.160226,0.148797,,0.048078,0.141937,,0,23,21,0.010678,0.0,0,0,160,0,0,0,0,0,30,30,0
grand_sim_v0_6,hub_2_single_hub_failure,hub_redundancy,high_stress,5,10005,hub_redundant,hub_2,160,0.14,0.05,0.09,0.26,2.0,0.06,0.13,0.1,0.2,0.012,0.00998,0.3,0.25,0.1,,0.3,,,,,,0.09,0.03,0.03,0.167735,1.0,0.0,0.145436,0.0,0.0,1.0,1,19,144,16,C04_S_THRESHOLD,18,19,,20,18,2,3,,4,2,1,0,0,,0,136,0,0,0.160154,0.158884,,0.048069,0.147854,,0,,0,0.0,0.0,0,0,160,0,0,0,0,0,30,30,0
grand_sim_v0_6,hub_2_single_hub_failure,hub_redundancy,high_stress,6,10006,hub_redundant,hub_2,160,0.14,0.05,0.09,0.26,2.0,0.06,0.13,0.1,0.2,0.012,0.00998,0.3,0.25,0.1,,0.3,,,,,,0.09,0.03,0.03,0.172833,1.0,0.0,0.14528,0.0,0.0,1.0,1,17,145,15,C04_S_THRESHOLD,17,17,,18,17,2,2,,3,2,1,0,0,,0,138,0,0,0.150441,0.156134,,0.048,0.150547,,0,,0,0.0,0.0,0,0,160,0,0,0,0,0,30,30,0
grand_sim_v0_6,hub_2_single_hub_failure,hub_redundancy,high_stress,7,10007,hub_redundant,hub_2,160,0.14,0.05,0.09,0.26,2.0,0.06,0.13,0.1,0.2,0.012,0.00998,0.3,0.25,0.1,,0.3,,,,,,0.09,0.03,0.03,0.163585,1.0,0.0,0.146905,0.0,0.0,1.0,1,19,145,15,C04_S_THRESHOLD,17,19,,20,18,2,4,,5,3,1,0,0,,0,135,0,0,0.158091,0.158224,,0.048279,0.148307,,0,,0,0.0,0.0,0,0,160,0,0,0,0,0,30,30,0
grand_sim_v0_6,hub_2_single_hub_failure,hub_redundancy,high_stress,8,10008,hub_redundant,hub_2,160,0.14,0.05,0.09,0.26,2.0,0.06,0.13,0.1,0.2,0.012,0.00998,0.3,0.25,0.1,,0.3,,,,,,0.09,0.03,0.03,0.172581,1.0,0.0,0.14361,0.0,0.0,1.0,1,20,143,17,C04_S_THRESHOLD,19,20,,21,20,2,3,,4,3,1,0,0,,0,135,0,0,0.14361,0.156034,,0.048008,0.151604,,0,22,22,0.009622,0.0,0,0,160,0,0,0,0,0,30,30,0
grand_sim_v0_6,hub_2_single_hub_failure,hub_redundancy,high_stress,9,10009,hub_redundant,hub_2,160,0.14,0.05,0.09,0.26,2.0,0.06,0.13,0.1,0.2,0.012,0.00998,0.3,0.25,0.1,,0.3,,,,,,0.09,0.03,0.03,0.148205,1.0,0.0,0.151141,0.0,0.0,1.0,1,16,146,14,C04_S_THRESHOLD,16,16,,17,16,2,2,,3,2,1,0,0,,0,139,0,0,0.165122,0.165845,,0.048008,0.15242,,0,,0,0.0,0.0,0,0,160,0,0,0,0,0,30,30,0
grand_sim_v0_6,hub_3_single_hub_failure,hub_redundancy,low_stress,0,10010,hub_redundant,hub_3,160,0.06,0.1,0.04,0.32,1.2,0.2,0.08,0.06,0.12,0.0075,0.006735,0.3,0.25,0.1,,0.3,,,,,,0.03,0.98545,0.126985,0.12222,0.0,0.989737,0.418072,1.0,1.0,0.016667,0,,89,71,C04_S_THRESHOLD,,,,,83,,,,,12,0,0,0,,0,0,0,0,0.418072,0.984794,0.970663,0.213918,0.819975,0.825762,0,,0,0.0,0.0,0,,0,0,0,0,0,0,21,21,0
grand_sim_v0_6,hub_3_single_hub_failure,hub_redundancy,low_stress,1,10011,hub_redundant,hub_3,160,0.06,0.1,0.04,0.32,1.2,0.2,0.08,0.06,0.12,0.0075,0.006735,0.3,0.25,0.1,,0.3,,,,,,0.03,0.985957,0.15743,0.120744,0.0,0.989706,0.444601,1.0,1.0,0.016667,0,,91,69,C04_S_THRESHOLD,,,,,79,,,,,10,0,0,0,,0,0,0,0,0.444601,0.971657,0.984609,0.213871,0.817457,0.829344,0,,0,0.0,0.0,0,,0,0,0,0,0,0,21,21,0
grand_sim_v0_6,hub_3_single_hub_failure,hub_redundancy,low_stress,2,10012,hub_redundant,hub_3,160,0.06,0.1,0.04,0.32,1.2,0.2,0.08,0.06,0.12,0.0075,0.006735,0.3,0.25,0.1,,0.3,,,,,,0.03,0.985396,0.123738,0.126996,0.0,0.989845,0.429387,1.0,1.0,0.016667,0,,87,73,C04_S_THRESHOLD,,,,,85,,,,,12,0,0,0,,0,0,0,0,0.429387,0.967417,0.968943,0.213805,0.816219,0.813922,0,,0,0.0,0.0,0,,0,0,0,0,0,0,21,21,0
grand_sim_v0_6,hub_3_single_hub_failure,hub_redundancy,low_stress,3,10013,hub_redundant,hub_3,160,0.06,0.1,0.04,0.32,1.2,0.2,0.08,0.06,0.12,0.0075,0.006735,0.3,0.25,0.1,,0.3,,,,,,0.03,0.988492,0.309497,0.123286,0.0,0.989933,0.51117,1.0,1.0,0.016667,0,,94,61,C04_S_THRESHOLD,,,,,69,,,,,8,0,0,0,,0,0,0,0,0.51117,0.965631,0.986354,0.213807,0.839612,0.81622,0,,0,0.0,0.0,0,,0,0,0,0,0,0,21,21,0
grand_sim_v0_6,hub_3_single_hub_failure,hub_redundancy,low_stress,4,10014,hub_redundant,hub_3,160,0.06,0.1,0.04,0.32,1.2,0.2,0.08,0.06,0.12,0.0075,0.006735,0.3,0.25,0.1,,0.3,,,,,,0.03,0.988116,0.286989,0.118284,0.0,0.989861,0.498448,1.0,1.0,0.016667,0,,95,61,C04_S_THRESHOLD,,,,,69,,,,,8,0,0,0,,0,0,0,0,0.498448,0.967688,0.983628,0.213727,0.81744,0.806039,0,,0,0.0,0.0,0,,0,0,0,0,0,0,21,21,0
grand_sim_v0_6,hub_3_single_hub_failure,hub_redundancy,low_stress,5,10015,hub_redundant,hub_3,160,0.06,0.1,0.04,0.32,1.2,0.2,0.08,0.06,0.12,0.0075,0.006735,0.3,0.25,0.1,,0.3,,,,,,0.03,0.985954,0.157257,0.121103,0.0,0.990071,0.437692,1.0,1.0,0.016667,0,,86,74,C04_S_THRESHOLD,,,,,86,,,,,12,0,0,0,,0,0,0,0,0.437692,0.978615,0.984767,0.213876,0.825877,0.821075,0,,0,0.0,0.0,0,,0,0,0,0,0,0,21,21,0
grand_sim_v0_6,hub_3_single_hub_failure,hub_redundancy,low_stress,6,10016,hub_redundant,hub_3,160,0.06,0.1,0.04,0.32,1.2,0.2,0.08,0.06,0.12,0.0075,0.006735,0.3,0.25,0.1,,0.3,,,,,,0.03,0.989071,0.344271,0.119693,0.0,0.990119,0.540169,1.0,1.0,0.016667,0,,94,58,C04_S_THRESHOLD,,,,,66,,,,,8,0,0,0,,0,0,0,0,0.540169,0.982467,0.984706,0.214128,0.815011,0.833005,0,,0,0.0,0.0,0,,0,0,0,0,0,0,21,21,0
grand_sim_v0_6,hub_3_single_hub_failure,hub_redundancy,low_stress,7,10017,hub_redundant,hub_3,160,0.06,0.1,0.04,0.32,1.2,0.2,0.08,0.06,0.12,0.0075,0.006735,0.3,0.25,0.1,,0.3,,,,,,0.03,0.98627,0.176222,0.118006,9e-06,0.989816,0.454631,1.0,1.0,0.016667,0,,91,69,C04_S_THRESHOLD,,,,,77,,,,,8,0,0,0,,0,0,0,0,0.454631,0.978345,0.974967,0.2139,0.800701,0.837453,0,,0,0.0,0.0,0,,0,0,0,0,0,0,21,21,0
grand_sim_v0_6,hub_3_single_hub_failure,hub_redundancy,low_stress,8,10018,hub_redundant,hub_3,160,0.06,0.1,0.04,0.32,1.2,0.2,0.08,0.06,0.12,0.0075,0.006735,0.3,0.25,0.1,,0.3,,,,,,0.03,0.986174,0.170435,0.11864,0.0,0.98982,0.445422,1.0,1.0,0.016667,0,,92,68,C04_S_THRESHOLD,,,,,78,,,,,10,0,0,0,,0,0,0,0,0.445422,0.974845,0.983842,0.213842,0.804101,0.829136,0,,0,0.0,0.0,0,,0,0,0,0,0,0,21,21,0
grand_sim_v0_6,hub_3_single_hub_failure,hub_redundancy,low_stress,9,10019,hub_redundant,hub_3,160,0.06,0.1,0.04,0.32,1.2,0.2,0.08,0.06,0.12,0.0075,0.006735,0.3,0.25,0.1,,0.3,,,,,,0.03,0.98566,0.139608,0.121743,0.0,0.989954,0.439308,1.0,1.0,0.016667,0,,90,70,C04_S_THRESHOLD,,,,,82,,,,,12,0,0,0,,0,0,0,0,0.439308,0.983771,0.982959,0.213722,0.836759,0.817355,0,,0,0.0,0.0,0,,0,0,0,0,0,0,21,21,0
grand_sim_v0_6,hub_3_single_hub_failure,hub_redundancy,mid_stress,0,10020,hub_redundant,hub_3,160,0.1,0.08,0.06,0.29,1.6,0.12,0.1,0.08,0.16,0.0095,0.00791,0.3,0.25,0.1,,0.3,,,,,,0.06,0.901087,0.03,0.14286,0.000754,0.910243,0.358431,1.0,1.0,0.083333,0,,115,45,C04_S_THRESHOLD,,,,,49,,,,,4,0,0,0,,0,0,0,0,0.358431,0.980704,0.967903,0.130813,0.832087,0.832244,0,125,35,0.007658,0.0,0,,0,0,0,0,0,0,21,21,0
grand_sim_v0_6,hub_3_single_hub_failure,hub_redundancy,mid_stress,1,10021,hub_redundant,hub_3,160,0.1,0.08,0.06,0.29,1.6,0.12,0.1,0.08,0.16,0.0095,0.00791,0.3,0.25,0.1,,0.3,,,,,,0.06,0.87948,0.030498,0.132526,0.001296,0.902243,0.365358,1.0,1.0,0.116667,0,,111,49,C04_S_THRESHOLD,,,,,54,,,,,5,0,0,0,,0,0,0,0,0.365358,0.981132,0.974096,0.130213,0.821325,0.829875,0,,0,0.0,0.0,0,,0,0,0,0,0,0,21,21,0
grand_sim_v0_6,hub_3_single_hub_failure,hub_redundancy,mid_stress,2,10022,hub_redundant,hub_3,160,0.1,0.08,0.06,0.29,1.6,0.12,0.1,0.08,0.16,0.0095,0.00791,0.3,0.25,0.1,,0.3,,,,,,0.06,0.884973,0.03,0.138785,0.001709,0.907207,0.356726,1.0,1.0,0.083333,0,,116,44,C04_S_THRESHOLD,,,,,48,,,,,4,0,0,0,,0,0,0,0,0.356726,0.984557,0.972988,0.130728,0.827465,0.827547,0,124,36,0.005859,0.0,0,,0,0,0,0,0,0,21,21,0
grand_sim_v0_6,hub_3_single_hub_failure,hub_redundancy,mid_stress,3,10023,hub_redundant,hub_3,160,0.1,0.08,0.06,0.29,1.6,0.12,0.1,0.08,0.16,0.0095,0.00791,0.3,0.25,0.1,,0.3,,,,,,0.06,0.837784,0.03,0.126127,0.000565,0.894706,0.369663,1.0,1.0,0.116667,0,,117,43,C04_S_THRESHOLD,,,,,47,,,,,4,0,0,0,,0,0,0,0,0.369663,0.973827,0.982172,0.130407,0.814293,0.837416,0,129,31,0.004639,0.0,0,,0,0,0,0,0,0,21,21,0
grand_sim_v0_6,hub_3_single_hub_failure,hub_redundancy,mid_stress,4,10024,hub_redundant,hub_3,160,0.1,0.08,0.06,0.29,1.6,0.12,0.1,0.08,0.16,0.0095,0.00791,0.3,0.25,0.1,,0.3,,,,,,0.06,0.87249,0.03,0.133946,0.001394,0.899736,0.367219,1.0,1.0,0.066667,0,,116,44,C04_S_THRESHOLD,,,,,48,,,,,4,0,0,0,,0,0,0,0,0.367219,0.959533,0.972224,0.129808,0.822375,0.787405,0,121,39,0.005393,0.0,0,,0,0,0,0,0,0,21,21,0
grand_sim_v0_6,hub_3_single_hub_failure,hub_redundancy,mid_stress,5,10025,hub_redundant,hub_3,160,0.1,0.08,0.06,0.29,1.6,0.12,0.1,0.08,0.16,0.0095,0.00791,0.3,0.25,0.1,,0.3,,,,,,0.06,0.831198,0.03,0.130603,0.000616,0.894121,0.363518,1.0,1.0,0.133333,0,,116,44,C04_S_THRESHOLD,,,,,48,,,,,4,0,0,0,,0,0,0,0,0.363518,0.981283,0.977172,0.129653,0.801758,0.79141,0,122,38,0.004392,0.0,0,,0,0,0,0,0,0,21,21,0
grand_sim_v0_6,hub_3_single_hub_failure,hub_redundancy,mid_stress,6,10026,hub_redundant,hub_3,160,0.1,0.08,0.06,0.29,1.6,0.12,0.1,0.08,0.16,0.0095,0.00791,0.3,0.25,0.1,,0.3,,,,,,0.06,0.867574,0.03,0.129734,0.002486,0.89566,0.363033,1.0,1.0,0.1,0,,108,52,C04_S_THRESHOLD,,,,,58,,,,,6,0,0,0,,0,0,0,0,0.363033,0.985294,0.982616,0.130057,0.825836,0.781206,0,,0,0.0,0.0,0,,0,0,0,0,0,0,21,21,0
grand_sim_v0_6,hub_3_single_hub_failure,hub_redundancy,mid_stress,7,10027,hub_redundant,hub_3,160,0.1,0.08,0.06,0.29,1.6,0.12,0.1,0.08,0.16,0.0095,0.00791,0.3,0.25,0.1,,0.3,,,,,,0.06,0.843343,0.03,0.132566,0.001481,0.897947,0.365733,1.0,1.0,0.133333,0,,110,50,C04_S_THRESHOLD,,,,,54,,,,,4,0,0,0,,0,0,0,0,0.365733,0.971491,0.978171,0.12964,0.829602,0.820573,0,147,13,0.004333,0.0,0,,0,0,0,0,0,0,21,21,0
grand_sim_v0_6,hub_3_single_hub_failure,hub_redundancy,mid_stress,8,10028,hub_redundant,hub_3,160,0.1,0.08,0.06,0.29,1.6,0.12,0.1,0.08,0.16,0.0095,0.00791,0.3,0.25,0.1,,0.3,,,,,,0.06,0.865648,0.03,0.139707,0.00088,0.905287,0.362346,1.0,1.0,0.116667,0,,116,44,C04_S_THRESHOLD,,,,,48,,,,,4,0,0,0,,0,0,0,0,0.362346,0.949994,0.975882,0.130628,0.850774,0.835684,0,126,34,0.006393,0.0,0,,0,0,0,0,0,0,21,21,0
grand_sim_v0_6,hub_3_single_hub_failure,hub_redundancy,mid_stress,9,10029,hub_redundant,hub_3,160,0.1,0.08,0.06,0.29,1.6,0.12,0.1,0.08,0.16,0.0095,0.00791,0.3,0.25,0.1,,0.3,,,,,,0.06,0.847972,0.03,0.140539,0.000838,0.900782,0.358731,1.0,1.0,0.15,0,,115,45,C04_S_THRESHOLD,,,,,49,,,,,4,0,0,0,,0,0,0,0,0.358731,0.973172,0.962071,0.130237,0.815012,0.822334,0,121,39,0.004746,0.0,0,,0,0,0,0,0,0,21,21,0
grand_sim_v0_6,hub_3_single_hub_failure,hub_redundancy,high_stress,0,10030,hub_redundant,hub_3,160,0.14,0.05,0.09,0.26,2.0,0.06,0.13,0.1,0.2,0.012,0.00998,0.3,0.25,0.1,,0.3,,,,,,0.09,0.03,0.03,0.162323,1.0,0.0,0.146128,0.0,0.0,1.0,1,24,139,21,C04_S_THRESHOLD,23,24,,25,24,2,3,,4,3,1,0,0,,0,131,0,0,0.146128,0.160743,0.163829,0.04796,0.134954,0.145169,0,,0,0.0,0.0,0,,0,0,0,0,0,0,21,21,0
grand_sim_v0_6,hub_3_single_hub_failure,hub_redundancy,high_stress,1,10031,hub_redundant,hub_3,160,0.14,0.05,0.09,0.26,2.0,0.06,0.13,0.1,0.2,0.012,0.00998,0.3,0.25,0.1,,0.3,,,,,,0.09,0.03,0.03,0.158561,1.0,0.0,0.149862,0.0,0.0,1.0,1,26,140,20,C04_S_THRESHOLD,23,26,,27,24,3,6,,7,4,1,0,0,,0,127,0,0,0.15661,0.150434,0.154649,0.048238,0.150434,0.149382,0,39,11,0.000158,0.0,0,,0,0,0,0,0,0,21,21,0
grand_sim_v0_6,hub_3_single_hub_failure,hub_redundancy,high_stress,2,10032,hub_redundant,hub_3,160,0.14,0.05,0.09,0.26,2.0,0.06,0.13,0.1,0.2,0.012,0.00998,0.3,0.25,0.1,,0.3,,,,,,0.09,0.03,0.03,0.163499,1.0,0.0,0.14842,0.0,0.0,1.0,1,23,145,15,C04_S_THRESHOLD,22,23,,25,19,7,8,,10,4,1,0,0,,0,131,0,0,0.150404,0.159028,0.155606,0.048054,0.149872,0.135885,0,,0,0.0,0.0,0,,0,0,0,0,0,0,21,21,0
grand_sim_v0_6,hub_3_single_hub_failure,hub_redundancy,high_stress,3,10033,hub_redundant,hub_3,160,0.14,0.05,0.09,0.26,2.0,0.06,0.13,0.1,0.2,0.012,0.00998,0.3,0.25,0.1,,0.3,,,,,,0.09,0.03,0.03,0.162005,1.0,0.0,0.14738,0.0,0.0,1.0,1,24,142,18,C04_S_THRESHOLD,22,24,,24,21,4,6,,6,3,1,0,0,,0,132,0,0,0.157027,0.162068,0.15268,0.048282,0.15285,0.14117,0,,0,0.0,0.0,0,,0,0,0,0,0,0,21,21,0
grand_sim_v0_6,hub_3_single_hub_failure,hub_redundancy,high_stress,4,10034,hub_redundant,hub_3,160,0.14,0.05,0.09,0.26,2.0,0.06,0.13,0.1,0.2,0.012,0.00998,0.3,0.25,0.1,,0.3,,,,,,0.09,0.03,0.03,0.161923,1.0,0.0,0.150792,0.0,0.0,1.0,1,23,140,20,C04_S_THRESHOLD,23,23,,25,23,3,3,,5,3,1,0,0,,0,131,0,0,0.151347,0.152546,0.159489,0.047834,0.152546,0.150124,0,,0,0.0,0.0,0,,0,0,0,0,0,0,21,21,0
grand_sim_v0_6,hub_3_single_hub_failure,hub_redundancy,high_stress,5,10035,hub_redundant,hub_3,160,0.14,0.05,0.09,0.26,2.0,0.06,0.13,0.1,0.2,0.012,0.00998,0.3,0.25,0.1,,0.3,,,,,,0.09,0.03,0.03,0.154273,1.0,0.0,0.151662,0.0,0.0,1.0,1,22,140,20,C04_S_THRESHOLD,21,22,,23,23,1,2,,3,3,1,0,0,,0,133,0,0,0.157408,0.16167,0.16146,0.048046,0.153913,0.146823,0,,0,0.0,0.0,0,,0,0,0,0,0,0,21,21,0
grand_sim_v0_6,hub_3_single_hub_failure,hub_redundancy,high_stress,6,10036,hub_redundant,hub_3,160,0.14,0.05,0.09,0.26,2.0,0.06,0.13,0.1,0.2,0.012,0.00998,0.3,0.25,0.1,,0.3,,,,,,0.09,0.03,0.03,0.151115,1.0,0.0,0.150905,0.0,0.0,1.0,1,22,142,18,C04_S_THRESHOLD,20,22,,23,21,2,4,,5,3,1,0,0,,0,134,0,0,0.156601,0.1656,0.158308,0.048208,0.15379,0.140816,0,,0,0.0,0.0,0,,0,0,0,0,0,0,21,21,0
grand_sim_v0_6,hub_3_single_hub_failure,hub_redundancy,high_stress,7,10037,hub_redundant,hub_3,160,0.14,0.05,0.09,0.26,2.0,0.06,0.13,0.1,0.2,0.012,0.00998,0.3,0.25,0.1,,0.3,,,,,,0.09,0.03,0.03,0.153477,1.0,0.0,0.150315,0.0,0.0,1.0,1,26,144,16,C04_S_THRESHOLD,24,26,,27,20,8,10,,11,4,1,0,0,,0,128,0,0,0.156248,0.150315,0.161712,0.048016,0.150315,0.135868,0,,0,0.0,0.0,0,,0,0,0,0,0,0,21,21,0
grand_sim_v0_6,hub_3_single_hub_failure,hub_redundancy,high_stress,8,10038,hub_redundant,hub_3,160,0.14,0.05,0.09,0.26,2.0,0.06,0.13,0.1,0.2,0.012,0.00998,0.3,0.25,0.1,,0.3,,,,,,0.09,0.03,0.03,0.173854,1.0,0.0,0.133905,0.0,0.0,1.0,1,25,138,22,C04_S_THRESHOLD,24,25,,26,25,2,3,,4,3,1,0,0,,0,129,0,0,0.133905,0.158706,0.164234,0.048016,0.147887,0.145845,0,,0,0.0,0.0,0,,0,0,0,0,0,0,21,21,0
grand_sim_v0_6,hub_3_single_hub_failure,hub_redundancy,high_stress,9,10039,hub_redundant,hub_3,160,0.14,0.05,0.09,0.26,2.0,0.06,0.13,0.1,0.2,0.012,0.00998,0.3,0.25,0.1,,0.3,,,,,,0.09,0.03,0.03,0.163301,1.0,0.0,0.149817,0.0,0.0,1.0,1,26,137,23,C04_S_THRESHOLD,25,26,,27,26,2,3,,4,3,1,0,0,,0,129,0,0,0.159674,0.151921,0.152184,0.048107,0.146625,0.150485,0,,0,0.0,0.0,0,,0,0,0,0,0,0,21,21,0
grand_sim_v0_6,hub_2_unbalanced_primary_failure,hub_redundancy,low_stress,0,10040,hub_redundant,hub_2,160,0.06,0.1,0.04,0.32,1.2,0.2,0.08,0.06,0.12,0.0075,0.006735,0.3,0.25,0.1,,0.3,,,,,,0.03,0.986445,0.186724,0.133244,5.7e-05,0.984969,0.449869,1.0,1.0,0.016667,0,,102,58,C04_S_THRESHOLD,,,,,66,,,,,8,0,0,0,,0,0,0,0,0.449869,0.97639,,0.211732,0.840618,,0,,0,0.0,0.0,0,0,160,0,0,0,0,0,18,42,24
grand_sim_v0_6,hub_2_unbalanced_primary_failure,hub_redundancy,low_stress,1,10041,hub_redundant,hub_2,160,0.06,0.1,0.04,0.32,1.2,0.2,0.08,0.06,0.12,0.0075,0.006735,0.3,0.25,0.1,,0.3,,,,,,0.03,0.985788,0.147276,0.127197,1.4e-05,0.98646,0.44017,1.0,1.0,0.016667,0,,95,65,C04_S_THRESHOLD,,,,,75,,,,,10,0,0,0,,0,0,0,0,0.44017,0.974753,,0.212177,0.844431,,0,,0,0.0,0.0,0,0,160,0,0,0,0,0,18,42,24
grand_sim_v0_6,hub_2_unbalanced_primary_failure,hub_redundancy,low_stress,2,10042,hub_redundant,hub_2,160,0.06,0.1,0.04,0.32,1.2,0.2,0.08,0.06,0.12,0.0075,0.006735,0.3,0.25,0.1,,0.3,,,,,,0.03,0.98549,0.129425,0.131057,0.0,0.986969,0.423352,1.0,1.0,0.016667,0,,92,68,C04_S_THRESHOLD,,,,,78,,,,,10,0,0,0,,0,0,0,0,0.423352,0.978746,,0.211962,0.818746,,0,,0,0.0,0.0,0,0,160,0,0,0,0,0,18,42,24
grand_sim_v0_6,hub_2_unbalanced_primary_failure,hub_redundancy,low_stress,3,10043,hub_redundant,hub_2,160,0.06,0.1,0.04,0.32,1.2,0.2,0.08,0.06,0.12,0.0075,0.006735,0.3,0.25,0.1,,0.3,,,,,,0.03,0.985081,0.104854,0.129932,0.0,0.986451,0.406766,1.0,1.0,0.016667,0,,88,72,C04_S_THRESHOLD,,,,,84,,,,,12,0,0,0,,0,0,0,0,0.406766,0.984908,,0.212135,0.83329,,0,,0,0.0,0.0,0,0,160,0,0,0,0,0,18,42,24
grand_sim_v0_6,hub_2_unbalanced_primary_failure,hub_redundancy,low_stress,4,10044,hub_redundant,hub_2,160,0.06,0.1,0.04,0.32,1.2,0.2,0.08,0.06,0.12,0.0075,0.006735,0.3,0.25,0.1,,0.3,,,,,,0.03,0.985229,0.113741,0.140138,0.0,0.988161,0.417081,1.0,1.0,0.016667,0,,87,73,C04_S_THRESHOLD,,,,,85,,,,,12,0,0,0,,0,0,0,0,0.417081,0.96919,,0.212317,0.836643,,0,,0,0.0,0.0,0,0,160,0,0,0,0,0,18,42,24
grand_sim_v0_6,hub_2_unbalanced_primary_failure,hub_redundancy,low_stress,5,10045,hub_redundant,hub_2,160,0.06,0.1,0.04,0.32,1.2,0.2,0.08,0.06,0.12,0.0075,0.006735,0.3,0.25,0.1,,0.3,,,,,,0.03,0.988613,0.316795,0.126153,0.0,0.986805,0.516225,1.0,1.0,0.016667,0,,93,60,C04_S_THRESHOLD,,,,,67,,,,,7,0,0,0,,0,0,0,0,0.516225,0.983745,,0.211732,0.846693,,0,,0,0.0,0.0,0,0,160,0,0,0,0,0,18,42,24
grand_sim_v0_6,hub_2_unbalanced_primary_failure,hub_redundancy,low_stress,6,10046,hub_redundant,hub_2,160,0.06,0.1,0.04,0.32,1.2,0.2,0.08,0.06,0.12,0.0075,0.006735,0.3,0.25,0.1,,0.3,,,,,,0.03,0.987654,0.259225,0.137672,0.0,0.986713,0.486722,1.0,1.0,0.016667,0,,99,59,C04_S_THRESHOLD,,,,,67,,,,,8,0,0,0,,0,0,0,0,0.486722,0.96545,,0.211947,0.825093,,0,,0,0.0,0.0,0,0,160,0,0,0,0,0,18,42,24
grand_sim_v0_6,hub_2_unbalanced_primary_failure,hub_redundancy,low_stress,7,10047,hub_redundant,hub_2,160,0.06,0.1,0.04,0.32,1.2,0.2,0.08,0.06,0.12,0.0075,0.006735,0.3,0.25,0.1,,0.3,,,,,,0.03,0.988529,0.311744,0.138691,0.0,0.987394,0.50626,1.0,1.0,0.016667,0,,91,61,C04_S_THRESHOLD,,,,,69,,,,,8,0,0,0,,0,0,0,0,0.50626,0.983608,,0.21205,0.795468,,0,,0,0.0,0.0,0,0,160,0,0,0,0,0,18,42,24
grand_sim_v0_6,hub_2_unbalanced_primary_failure,hub_redundancy,low_stress,8,10048,hub_redundant,hub_2,160,0.06,0.1,0.04,0.32,1.2,0.2,0.08,0.06,0.12,0.0075,0.006735,0.3,0.25,0.1,,0.3,,,,,,0.03,0.985496,0.129745,0.134124,0.0,0.98607,0.419224,1.0,1.0,0.016667,0,,86,74,C04_S_THRESHOLD,,,,,86,,,,,12,0,0,0,,0,0,0,0,0.419224,0.985069,,0.21182,0.831354,,0,,0,0.0,0.0,0,0,160,0,0,0,0,0,18,42,24
grand_sim_v0_6,hub_2_unbalanced_primary_failure,hub_redundancy,low_stress,9,10049,hub_redundant,hub_2,160,0.06,0.1,0.04,0.32,1.2,0.2,0.08,0.06,0.12,0.0075,0.006735,0.3,0.25,0.1,,0.3,,,,,,0.03,0.985878,0.152685,0.127751,0.0,0.986154,0.440878,1.0,1.0,0.016667,0,,92,68,C04_S_THRESHOLD,,,,,78,,,,,10,0,0,0,,0,0,0,0,0.440878,0.977538,,0.211736,0.812688,,0,,0,0.0,0.0,0,0,160,0,0,0,0,0,18,42,24
grand_sim_v0_6,hub_2_unbalanced_primary_failure,hub_redundancy,mid_stress,0,10050,hub_redundant,hub_2,160,0.1,0.08,0.06,0.29,1.6,0.12,0.1,0.08,0.16,0.0095,0.00791,0.3,0.25,0.1,,0.3,,,,,,0.06,0.05398,0.03,0.146539,0.93261,0.129409,0.172379,0.0,0.0,0.95,1,86,116,44,C04_S_THRESHOLD,82,86,,126,48,38,42,,82,4,1,0,0,,0,17,0,0,0.172379,0.256247,,0.095241,0.256247,,0,88,72,0.002674,0.0,0,0,160,0,0,0,0,0,18,42,24
grand_sim_v0_6,hub_2_unbalanced_primary_failure,hub_redundancy,mid_stress,1,10051,hub_redundant,hub_2,160,0.1,0.08,0.06,0.29,1.6,0.12,0.1,0.08,0.16,0.0095,0.00791,0.3,0.25,0.1,,0.3,,,,,,0.06,0.079384,0.03,0.145349,0.911904,0.141042,0.174288,0.0,0.0,0.9,1,87,117,43,C04_S_THRESHOLD,82,87,,125,47,39,44,,82,4,1,0,0,,0,16,0,0,0.19032,0.528952,,0.095223,0.528952,,0,87,73,0.012823,0.0,0,0,160,0,0,0,0,0,18,42,24
grand_sim_v0_6,hub_2_unbalanced_primary_failure,hub_redundancy,mid_stress,2,10052,hub_redundant,hub_2,160,0.1,0.08,0.06,0.29,1.6,0.12,0.1,0.08,0.16,0.0095,0.00791,0.3,0.25,0.1,,0.3,,,,,,0.06,0.043542,0.03,0.148851,0.961314,0.09707,0.168948,0.0,0.0,0.966667,1,80,116,44,C04_S_THRESHOLD,76,80,,122,47,32,36,,78,3,1,0,0,,0,21,0,0,0.173189,0.21837,,0.093658,0.21837,,0,84,76,0.003022,0.0,0,0,160,0,0,0,0,0,18,42,24
grand_sim_v0_6,hub_2_unbalanced_primary_failure,hub_redundancy,mid_stress,3,10053,hub_redundant,hub_2,160,0.1,0.08,0.06,0.29,1.6,0.12,0.1,0.08,0.16,0.0095,0.00791,0.3,0.25,0.1,,0.3,,,,,,0.06,0.040265,0.03,0.15515,0.962482,0.088679,0.165279,0.0,0.0,1.0,1,79,109,51,C04_S_THRESHOLD,76,79,,118,55,25,28,,67,4,1,0,0,,0,24,0,0,0.181156,0.216555,,0.093566,0.216555,,0,90,70,0.001997,0.0,0,0,160,0,0,0,0,0,18,42,24
grand_sim_v0_6,hub_2_unbalanced_primary_failure,hub_redundancy,mid_stress,4,10054,hub_redundant,hub_2,160,0.1,0.08,0.06,0.29,1.6,0.12,0.1,0.08,0.16,0.0095,0.00791,0.3,0.25,0.1,,0.3,,,,,,0.06,0.058941,0.03,0.149983,0.940577,0.112952,0.173437,0.0,0.0,0.95,1,83,116,44,C04_S_THRESHOLD,78,83,,123,48,34,39,,79,4,1,0,0,,0,21,0,0,0.181277,0.240986,,0.093549,0.240986,,0,84,76,0.003124,0.0,0,0,160,0,0,0,0,0,18,42,24
grand_sim_v0_6,hub_2_unbalanced_primary_failure,hub_redundancy,mid_stress,5,10055,hub_redundant,hub_2,160,0.1,0.08,0.06,0.29,1.6,0.12,0.1,0.08,0.16,0.0095,0.00791,0.3,0.25,0.1,,0.3,,,,,,0.06,0.043067,0.03,0.145329,0.937674,0.110542,0.169092,0.0,0.0,0.983333,1,86,112,48,C04_S_THRESHOLD,80,86,,122,52,32,38,,74,4,1,0,0,,0,23,0,0,0.189691,0.272714,,0.093803,0.272714,,0,94,66,0.006295,0.0,0,0,160,0,0,0,0,0,18,42,24
grand_sim_v0_6,hub_2_unbalanced_primary_failure,hub_redundancy,mid_stress,6,10056,hub_redundant,hub_2,160,0.1,0.08,0.06,0.29,1.6,0.12,0.1,0.08,0.16,0.0095,0.00791,0.3,0.25,0.1,,0.3,,,,,,0.06,0.066603,0.03,0.147819,0.937739,0.120006,0.172036,0.0,0.0,0.933333,1,79,116,44,C04_S_THRESHOLD,77,79,,125,48,33,35,,81,4,1,0,0,,0,15,0,0,0.185414,0.253944,,0.094184,0.253944,,0,84,76,0.003761,0.0,0,0,160,0,0,0,0,0,18,42,24
grand_sim_v0_6,hub_2_unbalanced_primary_failure,hub_redundancy,mid_stress,7,10057,hub_redundant,hub_2,160,0.1,0.08,0.06,0.29,1.6,0.12,0.1,0.08,0.16,0.0095,0.00791,0.3,0.25,0.1,,0.3,,,,,,0.06,0.038099,0.03,0.153887,0.937725,0.115131,0.168508,0.0,0.0,0.983333,1,86,110,50,C04_S_THRESHOLD,80,86,,124,56,30,36,,74,6,1,0,0,,0,19,0,0,0.190637,0.25295,,0.093991,0.25295,,0,93,67,0.001667,0.0,0,0,160,0,0,0,0,0,18,42,24
grand_sim_v0_6,hub_2_unbalanced_primary_failure,hub_redundancy,mid_stress,8,10058,hub_redundant,hub_2,160,0.1,0.08,0.06,0.29,1.6,0.12,0.1,0.08,0.16,0.0095,0.00791,0.3,0.25,0.1,,0.3,,,,,,0.06,0.064672,0.03,0.144654,0.962616,0.107047,0.170552,0.0,0.0,0.933333,1,82,117,43,C04_S_THRESHOLD,77,82,,122,47,34,39,,79,4,1,0,0,,0,19,0,0,0.184273,0.352578,,0.094065,0.352578,,0,84,76,0.009967,0.0,0,0,160,0,0,0,0,0,18,42,24
grand_sim_v0_6,hub_2_unbalanced_primary_failure,hub_redundancy,mid_stress,9,10059,hub_redundant,hub_2,160,0.1,0.08,0.06,0.29,1.6,0.12,0.1,0.08,0.16,0.0095,0.00791,0.3,0.25,0.1,,0.3,,,,,,0.06,0.082885,0.03,0.1423,0.936641,0.120983,0.172399,0.0,0.0,0.883333,1,83,110,50,C04_S_THRESHOLD,77,83,,125,56,27,33,,75,6,1,0,0,,0,18,0,0,0.195876,0.424361,,0.094273,0.424361,,0,92,68,0.008785,0.0,0,0,160,0,0,0,0,0,18,42,24
grand_sim_v0_6,hub_2_unbalanced_primary_failure,hub_redundancy,high_stress,0,10060,hub_redundant,hub_2,160,0.14,0.05,0.09,0.26,2.0,0.06,0.13,0.1,0.2,0.012,0.00998,0.3,0.25,0.1,,0.3,,,,,,0.09,0.03,0.03,0.177194,1.0,0.0,0.145196,0.0,0.0,1.0,1,19,144,16,C04_S_THRESHOLD,18,19,,20,19,2,3,,4,3,1,0,0,,0,137,0,0,0.15829,0.145196,,0.047872,0.135787,,0,,0,0.0,0.0,0,0,160,0,0,0,0,0,18,42,24
grand_sim_v0_6,hub_2_unbalanced_primary_failure,hub_redundancy,high_stress,1,10061,hub_redundant,hub_2,160,0.14,0.05,0.09,0.26,2.0,0.06,0.13,0.1,0.2,0.012,0.00998,0.3,0.25,0.1,,0.3,,,,,,0.09,0.03,0.03,0.188972,1.0,0.0,0.141396,0.0,0.0,1.0,1,20,144,16,C04_S_THRESHOLD,19,20,,21,18,3,4,,5,2,1,0,0,,0,135,0,0,0.149611,0.145475,,0.047799,0.138927,,0,27,17,0.000492,0.0,0,0,160,0,0,0,0,0,18,42,24
grand_sim_v0_6,hub_2_unbalanced_primary_failure,hub_redundancy,high_stress,2,10062,hub_redundant,hub_2,160,0.14,0.05,0.09,0.26,2.0,0.06,0.13,0.1,0.2,0.012,0.00998,0.3,0.25,0.1,,0.3,,,,,,0.09,0.03,0.03,0.169612,1.0,0.0,0.14859,0.0,0.0,1.0,1,18,145,15,C04_S_THRESHOLD,17,18,,19,17,2,3,,4,2,1,0,0,,0,137,0,0,0.155744,0.157254,,0.047874,0.142951,,0,20,23,0.009988,0.0,0,0,160,0,0,0,0,0,18,42,24
grand_sim_v0_6,hub_2_unbalanced_primary_failure,hub_redundancy,high_stress,3,10063,hub_redundant,hub_2,160,0.14,0.05,0.09,0.26,2.0,0.06,0.13,0.1,0.2,0.012,0.00998,0.3,0.25,0.1,,0.3,,,,,,0.09,0.03,0.03,0.182194,1.0,0.0,0.145113,0.0,0.0,1.0,1,18,144,16,C04_S_THRESHOLD,18,18,,20,18,2,2,,4,2,1,0,0,,0,135,0,0,0.158822,0.145989,,0.047849,0.130943,,0,,0,0.0,0.0,0,0,160,0,0,0,0,0,18,42,24
grand_sim_v0_6,hub_2_unbalanced_primary_failure,hub_redundancy,high_stress,4,10064,hub_redundant,hub_2,160,0.14,0.05,0.09,0.26,2.0,0.06,0.13,0.1,0.2,0.012,0.00998,0.3,0.25,0.1,,0.3,,,,,,0.09,0.03,0.03,0.163406,1.0,0.0,0.148608,0.0,0.0,1.0,1,18,144,16,C04_S_THRESHOLD,17,18,,19,18,1,2,,3,2,1,0,0,,0,135,0,0,0.162352,0.159149,,0.047807,0.144602,,0,,0,0.0,0.0,0,0,160,0,0,0,0,0,18,42,24
grand_sim_v0_6,hub_2_unbalanced_primary_failure,hub_redundancy,high_stress,5,10065,hub_redundant,hub_2,160,0.14,0.05,0.09,0.26,2.0,0.06,0.13,0.1,0.2,0.012,0.00998,0.3,0.25,0.1,,0.3,,,,,,0.09,0.03,0.03,0.175945,1.0,0.0,0.14834,0.0,0.0,1.0,1,17,146,14,C04_S_THRESHOLD,16,17,,18,16,2,3,,4,2,1,0,0,,0,138,0,0,0.15346,0.151309,,0.047857,0.142014,,0,,0,0.0,0.0,0,0,160,0,0,0,0,0,18,42,24
grand_sim_v0_6,hub_2_unbalanced_primary_failure,hub_redundancy,high_stress,6,10066,hub_redundant,hub_2,160,0.14,0.05,0.09,0.26,2.0,0.06,0.13,0.1,0.2,0.012,0.00998,0.3,0.25,0.1,,0.3,,,,,,0.09,0.03,0.03,0.180637,1.0,0.0,0.147407,0.0,0.0,1.0,1,19,146,14,C04_S_THRESHOLD,17,19,,19,17,3,5,,5,3,1,0,0,,0,138,0,0,0.149532,0.165628,,0.047661,0.142823,,0,,0,0.0,0.0,0,0,160,0,0,0,0,0,18,42,24
grand_sim_v0_6,hub_2_unbalanced_primary_failure,hub_redundancy,high_stress,7,10067,hub_redundant,hub_2,160,0.14,0.05,0.09,0.26,2.0,0.06,0.13,0.1,0.2,0.012,0.00998,0.3,0.25,0.1,,0.3,,,,,,0.09,0.03,0.03,0.172243,1.0,0.0,0.143118,0.0,0.0,1.0,1,19,144,16,C04_S_THRESHOLD,18,19,,20,19,2,3,,4,3,1,0,0,,0,135,0,0,0.162276,0.153779,,0.047813,0.146092,,0,22,21,0.008872,0.0,0,0,160,0,0,0,0,0,18,42,24
grand_sim_v0_6,hub_2_unbalanced_primary_failure,hub_redundancy,high_stress,8,10068,hub_redundant,hub_2,160,0.14,0.05,0.09,0.26,2.0,0.06,0.13,0.1,0.2,0.012,0.00998,0.3,0.25,0.1,,0.3,,,,,,0.09,0.03,0.03,0.17288,1.0,0.0,0.144357,0.0,0.0,1.0,1,19,144,16,C04_S_THRESHOLD,18,19,,20,18,2,3,,4,2,1,0,0,,0,136,0,0,0.162223,0.157815,,0.047855,0.143058,,0,,0,0.0,0.0,0,0,160,0,0,0,0,0,18,42,24
grand_sim_v0_6,hub_2_unbalanced_primary_failure,hub_redundancy,high_stress,9,10069,hub_redundant,hub_2,160,0.14,0.05,0.09,0.26,2.0,0.06,0.13,0.1,0.2,0.012,0.00998,0.3,0.25,0.1,,0.3,,,,,,0.09,0.03,0.03,0.170225,1.0,0.0,0.146808,0.0,0.0,1.0,1,17,145,15,C04_S_THRESHOLD,16,17,,18,18,1,2,,3,3,1,0,0,,0,137,0,0,0.157075,0.156716,,0.047774,0.14725,,0,21,21,0.00404,0.0,0,0,160,0,0,0,0,0,18,42,24
grand_sim_v0_6,hub_3_unbalanced_primary_failure,hub_redundancy,low_stress,0,10070,hub_redundant,hub_3,160,0.06,0.1,0.04,0.32,1.2,0.2,0.08,0.06,0.12,0.0075,0.006735,0.3,0.25,0.1,,0.3,,,,,,0.03,0.987883,0.272978,0.123063,0.0,0.989789,0.497658,1.0,1.0,0.016667,0,,95,62,C04_S_THRESHOLD,,,,,69,,,,,7,0,0,0,,0,0,0,0,0.497658,0.970024,0.977256,0.213864,0.834551,0.814712,0,,0,0.0,0.0,0,,0,0,0,0,0,0,13,36,23
grand_sim_v0_6,hub_3_unbalanced_primary_failure,hub_redundancy,low_stress,1,10071,hub_redundant,hub_3,160,0.06,0.1,0.04,0.32,1.2,0.2,0.08,0.06,0.12,0.0075,0.006735,0.3,0.25,0.1,,0.3,,,,,,0.03,0.986717,0.203005,0.128987,0.0,0.990068,0.461415,1.0,1.0,0.016667,0,,91,69,C04_S_THRESHOLD,,,,,78,,,,,9,0,0,0,,0,0,0,0,0.461415,0.976256,0.971113,0.21392,0.806406,0.823461,0,,0,0.0,0.0,0,,0,0,0,0,0,0,13,36,23
grand_sim_v0_6,hub_3_unbalanced_primary_failure,hub_redundancy,low_stress,2,10072,hub_redundant,hub_3,160,0.06,0.1,0.04,0.32,1.2,0.2,0.08,0.06,0.12,0.0075,0.006735,0.3,0.25,0.1,,0.3,,,,,,0.03,0.988875,0.332487,0.127858,0.0,0.990042,0.522594,1.0,1.0,0.016667,0,,94,58,C04_S_THRESHOLD,,,,,65,,,,,7,0,0,0,,0,0,0,0,0.522594,0.97271,0.983379,0.213573,0.813705,0.836086,0,,0,0.0,0.0,0,,0,0,0,0,0,0,13,36,23
grand_sim_v0_6,hub_3_unbalanced_primary_failure,hub_redundancy,low_stress,3,10073,hub_redundant,hub_3,160,0.06,0.1,0.04,0.32,1.2,0.2,0.08,0.06,0.12,0.0075,0.006735,0.3,0.25,0.1,,0.3,,,,,,0.03,0.988724,0.323439,0.127594,0.0,0.99004,0.528247,1.0,1.0,0.016667,0,,95,58,C04_S_THRESHOLD,,,,,65,,,,,7,0,0,0,,0,0,0,0,0.528247,0.981762,0.976145,0.213931,0.84117,0.827217,0,,0,0.0,0.0,0,,0,0,0,0,0,0,13,36,23
grand_sim_v0_6,hub_3_unbalanced_primary_failure,hub_redundancy,low_stress,4,10074,hub_redundant,hub_3,160,0.06,0.1,0.04,0.32,1.2,0.2,0.08,0.06,0.12,0.0075,0.006735,0.3,0.25,0.1,,0.3,,,,,,0.03,0.987185,0.231085,0.140354,0.0,0.989603,0.470341,1.0,1.0,0.016667,0,,101,59,C04_S_THRESHOLD,,,,,67,,,,,8,0,0,0,,0,0,0,0,0.470341,0.983897,0.969357,0.213713,0.822715,0.812449,0,,0,0.0,0.0,0,,0,0,0,0,0,0,13,36,23
grand_sim_v0_6,hub_3_unbalanced_primary_failure,hub_redundancy,low_stress,5,10075,hub_redundant,hub_3,160,0.06,0.1,0.04,0.32,1.2,0.2,0.08,0.06,0.12,0.0075,0.006735,0.3,0.25,0.1,,0.3,,,,,,0.03,0.985441,0.126469,0.136073,0.0,0.989754,0.41558,1.0,1.0,0.016667,0,,86,74,C04_S_THRESHOLD,,,,,86,,,,,12,0,0,0,,0,0,0,0,0.41558,0.979009,0.979572,0.213952,0.859753,0.822813,0,,0,0.0,0.0,0,,0,0,0,0,0,0,13,36,23
grand_sim_v0_6,hub_3_unbalanced_primary_failure,hub_redundancy,low_stress,6,10076,hub_redundant,hub_3,160,0.06,0.1,0.04,0.32,1.2,0.2,0.08,0.06,0.12,0.0075,0.006735,0.3,0.25,0.1,,0.3,,,,,,0.03,0.988023,0.281387,0.124324,0.0,0.989836,0.501354,1.0,1.0,0.016667,0,,97,60,C04_S_THRESHOLD,,,,,68,,,,,8,0,0,0,,0,0,0,0,0.501354,0.983488,0.985654,0.213713,0.827407,0.854434,0,,0,0.0,0.0,0,,0,0,0,0,0,0,13,36,23
grand_sim_v0_6,hub_3_unbalanced_primary_failure,hub_redundancy,low_stress,7,10077,hub_redundant,hub_3,160,0.06,0.1,0.04,0.32,1.2,0.2,0.08,0.06,0.12,0.0075,0.006735,0.3,0.25,0.1,,0.3,,,,,,0.03,0.985171,0.110235,0.142659,0.0,0.989634,0.403664,1.0,1.0,0.016667,0,,85,75,C04_S_THRESHOLD,,,,,88,,,,,13,0,0,0,,0,0,0,0,0.403664,0.975546,0.960686,0.214101,0.807123,0.830381,0,,0,0.0,0.0,0,,0,0,0,0,0,0,13,36,23
grand_sim_v0_6,hub_3_unbalanced_primary_failure,hub_redundancy,low_stress,8,10078,hub_redundant,hub_3,160,0.06,0.1,0.04,0.32,1.2,0.2,0.08,0.06,0.12,0.0075,0.006735,0.3,0.25,0.1,,0.3,,,,,,0.03,0.986339,0.180347,0.131157,0.0,0.989932,0.458788,1.0,1.0,0.016667,0,,91,69,C04_S_THRESHOLD,,,,,78,,,,,9,0,0,0,,0,0,0,0,0.458788,0.981914,0.974207,0.213844,0.796638,0.838961,0,,0,0.0,0.0,0,,0,0,0,0,0,0,13,36,23
grand_sim_v0_6,hub_3_unbalanced_primary_failure,hub_redundancy,low_stress,9,10079,hub_redundant,hub_3,160,0.06,0.1,0.04,0.32,1.2,0.2,0.08,0.06,0.12,0.0075,0.006735,0.3,0.25,0.1,,0.3,,,,,,0.03,0.985382,0.122949,0.135856,4.9e-05,0.989797,0.424575,1.0,1.0,0.016667,0,,87,73,C04_S_THRESHOLD,,,,,85,,,,,12,0,0,0,,0,0,0,0,0.424575,0.960824,0.972489,0.213718,0.802454,0.812189,0,,0,0.0,0.0,0,,0,0,0,0,0,0,13,36,23
grand_sim_v0_6,hub_3_unbalanced_primary_failure,hub_redundancy,mid_stress,0,10080,hub_redundant,hub_3,160,0.1,0.08,0.06,0.29,1.6,0.12,0.1,0.08,0.16,0.0095,0.00791,0.3,0.25,0.1,,0.3,,,,,,0.06,0.581033,0.03,0.148367,0.037587,0.764404,0.350331,0.757741,0.757741,0.333333,0,,117,43,C04_S_THRESHOLD,136,,,,47,93,,,,4,1,0,0,,0,0,0,0,0.350331,0.962275,0.971504,0.125848,0.821448,0.814074,0,115,45,0.004625,0.0,0,,0,0,0,0,0,0,13,36,23
grand_sim_v0_6,hub_3_unbalanced_primary_failure,hub_redundancy,mid_stress,1,10081,hub_redundant,hub_3,160,0.1,0.08,0.06,0.29,1.6,0.12,0.1,0.08,0.16,0.0095,0.00791,0.3,0.25,0.1,,0.3,,,,,,0.06,0.682799,0.03,0.142685,0.003103,0.80914,0.369791,0.953088,0.953088,0.233333,0,,116,44,C04_S_THRESHOLD,,,,,48,,,,,4,0,0,0,,0,0,0,0,0.369791,0.964482,0.96976,0.127767,0.83711,0.786176,0,117,43,0.004728,0.0,0,,0,0,0,0,0,0,13,36,23
grand_sim_v0_6,hub_3_unbalanced_primary_failure,hub_redundancy,mid_stress,2,10082,hub_redundant,hub_3,160,0.1,0.08,0.06,0.29,1.6,0.12,0.1,0.08,0.16,0.0095,0.00791,0.3,0.25,0.1,,0.3,,,,,,0.06,0.594726,0.03,0.147904,0.046975,0.776538,0.339546,0.773662,0.773662,0.333333,0,,117,43,C04_S_THRESHOLD,133,,,,47,90,,,,4,1,0,0,,0,0,0,0,0.339546,0.980833,0.979436,0.126791,0.798563,0.813899,0,113,47,0.004594,0.0,0,,0,0,0,0,0,0,13,36,23
grand_sim_v0_6,hub_3_unbalanced_primary_failure,hub_redundancy,mid_stress,3,10083,hub_redundant,hub_3,160,0.1,0.08,0.06,0.29,1.6,0.12,0.1,0.08,0.16,0.0095,0.00791,0.3,0.25,0.1,,0.3,,,,,,0.06,0.653488,0.03,0.150491,0.016004,0.794414,0.333785,0.902097,0.902097,0.266667,0,,112,48,C04_S_THRESHOLD,,,,,54,,,,,6,0,0,0,,0,0,0,0,0.333785,0.976623,0.96212,0.126628,0.816248,0.836066,0,131,29,0.004525,0.0,0,,0,0,0,0,0,0,13,36,23
grand_sim_v0_6,hub_3_unbalanced_primary_failure,hub_redundancy,mid_stress,4,10084,hub_redundant,hub_3,160,0.1,0.08,0.06,0.29,1.6,0.12,0.1,0.08,0.16,0.0095,0.00791,0.3,0.25,0.1,,0.3,,,,,,0.06,0.556101,0.03,0.14014,0.067168,0.760056,0.33437,0.697571,0.697571,0.35,0,,110,50,C04_S_THRESHOLD,127,,,,56,77,,,,6,1,0,0,,0,0,0,0,0.33437,0.970259,0.983389,0.126638,0.8041,0.807876,0,129,31,0.004249,0.0,0,,0,0,0,0,0,0,13,36,23
grand_sim_v0_6,hub_3_unbalanced_primary_failure,hub_redundancy,mid_stress,5,10085,hub_redundant,hub_3,160,0.1,0.08,0.06,0.29,1.6,0.12,0.1,0.08,0.16,0.0095,0.00791,0.3,0.25,0.1,,0.3,,,,,,0.06,0.598956,0.03,0.142779,0.026603,0.77475,0.339259,0.795549,0.795549,0.333333,0,,117,43,C04_S_THRESHOLD,140,,,,47,97,,,,4,1,0,0,,0,0,0,0,0.339259,0.977933,0.947822,0.12724,0.836514,0.803278,0,119,41,0.00455,0.0,0,,0,0,0,0,0,0,13,36,23
grand_sim_v0_6,hub_3_unbalanced_primary_failure,hub_redundancy,mid_stress,6,10086,hub_redundant,hub_3,160,0.1,0.08,0.06,0.29,1.6,0.12,0.1,0.08,0.16,0.0095,0.00791,0.3,0.25,0.1,,0.3,,,,,,0.06,0.622935,0.03,0.148644,0.036002,0.78833,0.350546,0.843643,0.843643,0.283333,0,,117,43,C04_S_THRESHOLD,,,,,47,,,,,4,0,0,0,,0,0,0,0,0.350546,0.970836,0.982191,0.127598,0.812397,0.810633,0,118,42,0.004722,0.0,0,,0,0,0,0,0,0,13,36,23
grand_sim_v0_6,hub_3_unbalanced_primary_failure,hub_redundancy,mid_stress,7,10087,hub_redundant,hub_3,160,0.1,0.08,0.06,0.29,1.6,0.12,0.1,0.08,0.16,0.0095,0.00791,0.3,0.25,0.1,,0.3,,,,,,0.06,0.509379,0.03,0.132716,0.091571,0.728243,0.348095,0.588548,0.588548,0.45,1,128,116,44,C04_S_THRESHOLD,120,128,,,48,76,84,,,4,1,0,0,,0,0,0,0,0.348095,0.970813,0.947579,0.125324,0.809398,0.806113,0,108,52,0.004622,0.0,0,,0,0,0,0,0,0,13,36,23
grand_sim_v0_6,hub_3_unbalanced_primary_failure,hub_redundancy,mid_stress,8,10088,hub_redundant,hub_3,160,0.1,0.08,0.06,0.29,1.6,0.12,0.1,0.08,0.16,0.0095,0.00791,0.3,0.25,0.1,,0.3,,,,,,0.06,0.60289,0.03,0.138332,0.0324,0.779116,0.362538,0.801213,0.801213,0.3,0,,115,45,C04_S_THRESHOLD,142,,,,49,97,,,,4,1,0,0,,0,0,0,0,0.362538,0.983654,0.975106,0.126114,0.832944,0.822793,0,117,43,0.004556,0.0,0,,0,0,0,0,0,0,13,36,23
grand_sim_v0_6,hub_3_unbalanced_primary_failure,hub_redundancy,mid_stress,9,10089,hub_redundant,hub_3,160,0.1,0.08,0.06,0.29,1.6,0.12,0.1,0.08,0.16,0.0095,0.00791,0.3,0.25,0.1,,0.3,,,,,,0.06,0.622755,0.03,0.148482,0.033018,0.784516,0.345372,0.832317,0.832317,0.316667,0,,116,44,C04_S_THRESHOLD,135,,,,48,91,,,,4,1,0,0,,0,0,0,0,0.345372,0.967498,0.976954,0.126077,0.816013,0.827447,0,112,48,0.004651,0.0,0,,0,0,0,0,0,0,13,36,23
grand_sim_v0_6,hub_3_unbalanced_primary_failure,hub_redundancy,high_stress,0,10090,hub_redundant,hub_3,160,0.14,0.05,0.09,0.26,2.0,0.06,0.13,0.1,0.2,0.012,0.00998,0.3,0.25,0.1,,0.3,,,,,,0.09,0.03,0.03,0.166062,1.0,0.0,0.147812,0.0,0.0,1.0,1,25,138,22,C04_S_THRESHOLD,24,25,,26,25,2,3,,4,3,1,0,0,,0,130,0,0,0.162803,0.150018,0.150394,0.047746,0.150018,0.148859,0,,0,0.0,0.0,0,,0,0,0,0,0,0,13,36,23
grand_sim_v0_6,hub_3_unbalanced_primary_failure,hub_redundancy,high_stress,1,10091,hub_redundant,hub_3,160,0.14,0.05,0.09,0.26,2.0,0.06,0.13,0.1,0.2,0.012,0.00998,0.3,0.25,0.1,,0.3,,,,,,0.09,0.03,0.03,0.16258,1.0,0.0,0.146535,0.0,0.0,1.0,1,23,141,19,C04_S_THRESHOLD,21,23,,24,22,2,4,,5,3,1,0,0,,0,133,0,0,0.150504,0.152026,0.163733,0.04791,0.149157,0.149082,0,,0,0.0,0.0,0,,0,0,0,0,0,0,13,36,23
grand_sim_v0_6,hub_3_unbalanced_primary_failure,hub_redundancy,high_stress,2,10092,hub_redundant,hub_3,160,0.14,0.05,0.09,0.26,2.0,0.06,0.13,0.1,0.2,0.012,0.00998,0.3,0.25,0.1,,0.3,,,,,,0.09,0.03,0.03,0.155155,1.0,0.0,0.149768,0.0,0.0,1.0,1,23,140,20,C04_S_THRESHOLD,22,23,,25,23,2,3,,5,3,1,0,0,,0,130,0,0,0.156402,0.15656,0.163527,0.047916,0.139083,0.147534,0,,0,0.0,0.0,0,,0,0,0,0,0,0,13,36,23
grand_sim_v0_6,hub_3_unbalanced_primary_failure,hub_redundancy,high_stress,3,10093,hub_redundant,hub_3,160,0.14,0.05,0.09,0.26,2.0,0.06,0.13,0.1,0.2,0.012,0.00998,0.3,0.25,0.1,,0.3,,,,,,0.09,0.03,0.03,0.16214,1.0,0.0,0.14629,0.0,0.0,1.0,1,23,140,20,C04_S_THRESHOLD,22,23,,24,23,2,3,,4,3,1,0,0,,0,131,0,0,0.161457,0.14629,0.15702,0.047771,0.144546,0.130086,0,,0,0.0,0.0,0,,0,0,0,0,0,0,13,36,23
grand_sim_v0_6,hub_3_unbalanced_primary_failure,hub_redundancy,high_stress,4,10094,hub_redundant,hub_3,160,0.14,0.05,0.09,0.26,2.0,0.06,0.13,0.1,0.2,0.012,0.00998,0.3,0.25,0.1,,0.3,,,,,,0.09,0.03,0.03,0.167925,1.0,0.0,0.146777,0.0,0.0,1.0,1,23,143,17,C04_S_THRESHOLD,21,23,,24,20,4,6,,7,3,1,0,0,,0,131,0,0,0.158157,0.146777,0.151355,0.04759,0.135794,0.151355,0,,0,0.0,0.0,0,,0,0,0,0,0,0,13,36,23
grand_sim_v0_6,hub_3_unbalanced_primary_failure,hub_redundancy,high_stress,5,10095,hub_redundant,hub_3,160,0.14,0.05,0.09,0.26,2.0,0.06,0.13,0.1,0.2,0.012,0.00998,0.3,0.25,0.1,,0.3,,,,,,0.09,0.03,0.03,0.157264,1.0,0.0,0.150947,0.0,0.0,1.0,1,24,141,19,C04_S_THRESHOLD,23,24,,26,22,4,5,,7,3,1,0,0,,0,129,0,0,0.160991,0.15186,0.167581,0.048069,0.148198,0.157593,0,,0,0.0,0.0,0,,0,0,0,0,0,0,13,36,23
grand_sim_v0_6,hub_3_unbalanced_primary_failure,hub_redundancy,high_stress,6,10096,hub_redundant,hub_3,160,0.14,0.05,0.09,0.26,2.0,0.06,0.13,0.1,0.2,0.012,0.00998,0.3,0.25,0.1,,0.3,,,,,,0.09,0.03,0.03,0.159713,1.0,0.0,0.150818,0.0,0.0,1.0,1,24,139,21,C04_S_THRESHOLD,23,24,,25,24,2,3,,4,3,1,0,0,,0,131,0,0,0.156702,0.159602,0.151256,0.047979,0.143463,0.14539,0,,0,0.0,0.0,0,,0,0,0,0,0,0,13,36,23
grand_sim_v0_6,hub_3_unbalanced_primary_failure,hub_redundancy,high_stress,7,10097,hub_redundant,hub_3,160,0.14,0.05,0.09,0.26,2.0,0.06,0.13,0.1,0.2,0.012,0.00998,0.3,0.25,0.1,,0.3,,,,,,0.09,0.03,0.03,0.160894,1.0,0.0,0.149227,0.0,0.0,1.0,1,24,141,19,C04_S_THRESHOLD,23,24,,25,22,4,5,,6,3,1,0,0,,0,130,0,0,0.158582,0.164575,0.157388,0.047917,0.152343,0.148351,0,,0,0.0,0.0,0,,0,0,0,0,0,0,13,36,23
grand_sim_v0_6,hub_3_unbalanced_primary_failure,hub_redundancy,high_stress,8,10098,hub_redundant,hub_3,160,0.14,0.05,0.09,0.26,2.0,0.06,0.13,0.1,0.2,0.012,0.00998,0.3,0.25,0.1,,0.3,,,,,,0.09,0.03,0.03,0.164803,1.0,0.0,0.148761,0.0,0.0,1.0,1,22,144,16,C04_S_THRESHOLD,20,22,,22,20,4,6,,6,4,1,0,0,,0,133,0,0,0.154628,0.16409,0.152506,0.047635,0.157191,0.138702,0,,0,0.0,0.0,0,,0,0,0,0,0,0,13,36,23
grand_sim_v0_6,hub_3_unbalanced_primary_failure,hub_redundancy,high_stress,9,10099,hub_redundant,hub_3,160,0.14,0.05,0.09,0.26,2.0,0.06,0.13,0.1,0.2,0.012,0.00998,0.3,0.25,0.1,,0.3,,,,,,0.09,0.03,0.03,0.162981,1.0,0.0,0.147106,0.0,0.0,1.0,1,24,143,17,C04_S_THRESHOLD,23,24,,26,20,6,7,,9,3,1,0,0,,0,130,0,0,0.159735,0.159829,0.161179,0.04786,0.142863,0.143179,0,28,21,0.000929,0.0,0,,0,0,0,0,0,0,13,36,23
grand_sim_v0_6,hub_3_unbalanced_secondary_failure,hub_redundancy,low_stress,0,10100,hub_redundant,hub_3,160,0.06,0.1,0.04,0.32,1.2,0.2,0.08,0.06,0.12,0.0075,0.006735,0.3,0.25,0.1,,0.3,,,,,,0.03,0.986407,0.184414,0.124762,2.6e-05,0.989372,0.417242,1.0,1.0,0.016667,0,,102,58,C04_S_THRESHOLD,,,,,66,,,,,8,0,0,0,,0,0,0,0,0.98412,0.417242,0.980945,0.818136,0.213524,0.827698,0,,0,0.0,0.0,0,,0,0,0,0,0,0,13,36,23
grand_sim_v0_6,hub_3_unbalanced_secondary_failure,hub_redundancy,low_stress,1,10101,hub_redundant,hub_3,160,0.06,0.1,0.04,0.32,1.2,0.2,0.08,0.06,0.12,0.0075,0.006735,0.3,0.25,0.1,,0.3,,,,,,0.03,0.988507,0.310391,0.123841,0.0,0.989972,0.522968,1.0,1.0,0.016667,0,,96,59,C04_S_THRESHOLD,,,,,67,,,,,8,0,0,0,,0,0,0,0,0.986393,0.522968,0.969718,0.799899,0.213705,0.807213,0,,0,0.0,0.0,0,,0,0,0,0,0,0,13,36,23
grand_sim_v0_6,hub_3_unbalanced_secondary_failure,hub_redundancy,low_stress,2,10102,hub_redundant,hub_3,160,0.06,0.1,0.04,0.32,1.2,0.2,0.08,0.06,0.12,0.0075,0.006735,0.3,0.25,0.1,,0.3,,,,,,0.03,0.986101,0.166031,0.137697,0.0,0.989325,0.440664,1.0,1.0,0.016667,0,,100,60,C04_S_THRESHOLD,,,,,68,,,,,8,0,0,0,,0,0,0,0,0.961606,0.440664,0.9773,0.81769,0.213775,0.822994,0,,0,0.0,0.0,0,,0,0,0,0,0,0,13,36,23
grand_sim_v0_6,hub_3_unbalanced_secondary_failure,hub_redundancy,low_stress,3,10103,hub_redundant,hub_3,160,0.06,0.1,0.04,0.32,1.2,0.2,0.08,0.06,0.12,0.0075,0.006735,0.3,0.25,0.1,,0.3,,,,,,0.03,0.988732,0.323894,0.129094,0.0,0.989963,0.515582,1.0,1.0,0.016667,0,,93,60,C04_S_THRESHOLD,,,,,67,,,,,7,0,0,0,,0,0,0,0,0.968876,0.515582,0.964927,0.849483,0.21359,0.85267,0,,0,0.0,0.0,0,,0,0,0,0,0,0,13,36,23
grand_sim_v0_6,hub_3_unbalanced_secondary_failure,hub_redundancy,low_stress,4,10104,hub_redundant,hub_3,160,0.06,0.1,0.04,0.32,1.2,0.2,0.08,0.06,0.12,0.0075,0.006735,0.3,0.25,0.1,,0.3,,,,,,0.03,0.985861,0.151644,0.132605,0.0,0.990073,0.443841,1.0,1.0,0.016667,0,,86,74,C04_S_THRESHOLD,,,,,86,,,,,12,0,0,0,,0,0,0,0,0.979829,0.443841,0.97878,0.777076,0.213948,0.820055,0,,0,0.0,0.0,0,,0,0,0,0,0,0,13,36,23
grand_sim_v0_6,hub_3_unbalanced_secondary_failure,hub_redundancy,low_stress,5,10105,hub_redundant,hub_3,160,0.06,0.1,0.04,0.32,1.2,0.2,0.08,0.06,0.12,0.0075,0.006735,0.3,0.25,0.1,,0.3,,,,,,0.03,0.988002,0.280104,0.130548,0.0,0.989826,0.495382,1.0,1.0,0.016667,0,,96,61,C04_S_THRESHOLD,,,,,69,,,,,8,0,0,0,,0,0,0,0,0.982037,0.495382,0.98394,0.825909,0.213435,0.813211,0,,0,0.0,0.0,0,,0,0,0,0,0,0,13,36,23
grand_sim_v0_6,hub_3_unbalanced_secondary_failure,hub_redundancy,low_stress,6,10106,hub_redundant,hub_3,160,0.06,0.1,0.04,0.32,1.2,0.2,0.08,0.06,0.12,0.0075,0.006735,0.3,0.25,0.1,,0.3,,,,,,0.03,0.985317,0.118991,0.121551,0.0,0.989723,0.411739,1.0,1.0,0.016667,0,,84,76,C04_S_THRESHOLD,,,,,88,,,,,12,0,0,0,,0,0,0,0,0.983749,0.411739,0.976271,0.79769,0.213876,0.788893,0,,0,0.0,0.0,0,,0,0,0,0,0,0,13,36,23
grand_sim_v0_6,hub_3_unbalanced_secondary_failure,hub_redundancy,low_stress,7,10107,hub_redundant,hub_3,160,0.06,0.1,0.04,0.32,1.2,0.2,0.08,0.06,0.12,0.0075,0.006735,0.3,0.25,0.1,,0.3,,,,,,0.03,0.986841,0.210456,0.125746,0.0,0.98949,0.465816,1.0,1.0,0.016667,0,,101,59,C04_S_THRESHOLD,,,,,67,,,,,8,0,0,0,,0,0,0,0,0.974058,0.465816,0.973866,0.820507,0.213693,0.810333,0,,0,0.0,0.0,0,,0,0,0,0,0,0,13,36,23
grand_sim_v0_6,hub_3_unbalanced_secondary_failure,hub_redundancy,low_stress,8,10108,hub_redundant,hub_3,160,0.06,0.1,0.04,0.32,1.2,0.2,0.08,0.06,0.12,0.0075,0.006735,0.3,0.25,0.1,,0.3,,,,,,0.03,0.985386,0.123178,0.124607,0.0,0.989655,0.417147,1.0,1.0,0.016667,0,,85,75,C04_S_THRESHOLD,,,,,87,,,,,12,0,0,0,,0,0,0,0,0.983441,0.417147,0.977799,0.832208,0.213625,0.814339,0,,0,0.0,0.0,0,,0,0,0,0,0,0,13,36,23
grand_sim_v0_6,hub_3_unbalanced_secondary_failure,hub_redundancy,low_stress,9,10109,hub_redundant,hub_3,160,0.06,0.1,0.04,0.32,1.2,0.2,0.08,0.06,0.12,0.0075,0.006735,0.3,0.25,0.1,,0.3,,,,,,0.03,0.987235,0.23412,0.136649,2.7e-05,0.989607,0.47421,1.0,1.0,0.016667,0,,98,62,C04_S_THRESHOLD,,,,,70,,,,,8,0,0,0,,0,0,0,0,0.972119,0.47421,0.968529,0.820512,0.213454,0.816277,0,,0,0.0,0.0,0,,0,0,0,0,0,0,13,36,23
grand_sim_v0_6,hub_3_unbalanced_secondary_failure,hub_redundancy,mid_stress,0,10110,hub_redundant,hub_3,160,0.1,0.08,0.06,0.29,1.6,0.12,0.1,0.08,0.16,0.0095,0.00791,0.3,0.25,0.1,,0.3,,,,,,0.06,0.859655,0.03,0.138491,0.001616,0.923842,0.361218,1.0,1.0,0.15,0,,116,44,C04_S_THRESHOLD,,,,,48,,,,,4,0,0,0,,0,0,0,0,0.977958,0.361218,0.979578,0.770722,0.13155,0.798443,0,127,33,0.004672,0.0,0,,0,0,0,0,0,0,13,36,23
grand_sim_v0_6,hub_3_unbalanced_secondary_failure,hub_redundancy,mid_stress,1,10111,hub_redundant,hub_3,160,0.1,0.08,0.06,0.29,1.6,0.12,0.1,0.08,0.16,0.0095,0.00791,0.3,0.25,0.1,,0.3,,,,,,0.06,0.871765,0.03,0.133594,8.3e-05,0.922352,0.372927,1.0,1.0,0.116667,0,,116,44,C04_S_THRESHOLD,,,,,49,,,,,5,0,0,0,,0,0,0,0,0.981503,0.372927,0.977161,0.807854,0.130412,0.795295,0,126,34,0.004571,0.0,0,,0,0,0,0,0,0,13,36,23
grand_sim_v0_6,hub_3_unbalanced_secondary_failure,hub_redundancy,mid_stress,2,10112,hub_redundant,hub_3,160,0.1,0.08,0.06,0.29,1.6,0.12,0.1,0.08,0.16,0.0095,0.00791,0.3,0.25,0.1,,0.3,,,,,,0.06,0.885179,0.03,0.141249,0.001831,0.92753,0.358413,1.0,1.0,0.116667,0,,107,53,C04_S_THRESHOLD,,,,,60,,,,,7,0,0,0,,0,0,0,0,0.971668,0.358413,0.978799,0.804713,0.130815,0.82333,0,,0,0.0,0.0,0,,0,0,0,0,0,0,13,36,23
grand_sim_v0_6,hub_3_unbalanced_secondary_failure,hub_redundancy,mid_stress,3,10113,hub_redundant,hub_3,160,0.1,0.08,0.06,0.29,1.6,0.12,0.1,0.08,0.16,0.0095,0.00791,0.3,0.25,0.1,,0.3,,,,,,0.06,0.861467,0.03,0.126505,0.00035,0.924322,0.363602,1.0,1.0,0.116667,0,,115,45,C04_S_THRESHOLD,,,,,49,,,,,4,0,0,0,,0,0,0,0,0.979857,0.363602,0.978663,0.826032,0.130644,0.810877,0,127,33,0.004554,0.0,0,,0,0,0,0,0,0,13,36,23
grand_sim_v0_6,hub_3_unbalanced_secondary_failure,hub_redundancy,mid_stress,4,10114,hub_redundant,hub_3,160,0.1,0.08,0.06,0.29,1.6,0.12,0.1,0.08,0.16,0.0095,0.00791,0.3,0.25,0.1,,0.3,,,,,,0.06,0.926801,0.03,0.14212,0.001569,0.933307,0.332509,1.0,1.0,0.05,0,,112,48,C04_S_THRESHOLD,,,,,53,,,,,5,0,0,0,,0,0,0,0,0.980848,0.332509,0.971895,0.801051,0.132813,0.759551,0,,0,0.0,0.0,0,,0,0,0,0,0,0,13,36,23
grand_sim_v0_6,hub_3_unbalanced_secondary_failure,hub_redundancy,mid_stress,5,10115,hub_redundant,hub_3,160,0.1,0.08,0.06,0.29,1.6,0.12,0.1,0.08,0.16,0.0095,0.00791,0.3,0.25,0.1,,0.3,,,,,,0.06,0.877979,0.03,0.144262,0.001109,0.926889,0.367359,1.0,1.0,0.116667,0,,117,43,C04_S_THRESHOLD,,,,,47,,,,,4,0,0,0,,0,0,0,0,0.966377,0.367359,0.985334,0.8203,0.131457,0.805807,0,123,37,0.004642,0.0,0,,0,0,0,0,0,0,13,36,23
grand_sim_v0_6,hub_3_unbalanced_secondary_failure,hub_redundancy,mid_stress,6,10116,hub_redundant,hub_3,160,0.1,0.08,0.06,0.29,1.6,0.12,0.1,0.08,0.16,0.0095,0.00791,0.3,0.25,0.1,,0.3,,,,,,0.06,0.83649,0.03,0.141488,0.002299,0.922043,0.350262,1.0,1.0,0.15,0,,117,43,C04_S_THRESHOLD,,,,,47,,,,,4,0,0,0,,0,0,0,0,0.979848,0.350262,0.976915,0.797758,0.130489,0.830785,0,125,35,0.004534,0.0,0,,0,0,0,0,0,0,13,36,23
grand_sim_v0_6,hub_3_unbalanced_secondary_failure,hub_redundancy,mid_stress,7,10117,hub_redundant,hub_3,160,0.1,0.08,0.06,0.29,1.6,0.12,0.1,0.08,0.16,0.0095,0.00791,0.3,0.25,0.1,,0.3,,,,,,0.06,0.914874,0.033134,0.149021,0.000377,0.929298,0.366281,1.0,1.0,0.066667,0,,111,49,C04_S_THRESHOLD,,,,,53,,,,,4,0,0,0,,0,0,0,0,0.983464,0.366281,0.978015,0.8102,0.131914,0.806821,0,,0,0.0,0.0,0,,0,0,0,0,0,0,13,36,23
grand_sim_v0_6,hub_3_unbalanced_secondary_failure,hub_redundancy,mid_stress,8,10118,hub_redundant,hub_3,160,0.1,0.08,0.06,0.29,1.6,0.12,0.1,0.08,0.16,0.0095,0.00791,0.3,0.25,0.1,,0.3,,,,,,0.06,0.907671,0.03,0.139711,5.5e-05,0.932091,0.370676,1.0,1.0,0.05,0,,116,44,C04_S_THRESHOLD,,,,,48,,,,,4,0,0,0,,0,0,0,0,0.967805,0.370676,0.981633,0.787229,0.131709,0.805554,0,127,33,0.005848,0.0,0,,0,0,0,0,0,0,13,36,23
grand_sim_v0_6,hub_3_unbalanced_secondary_failure,hub_redundancy,mid_stress,9,10119,hub_redundant,hub_3,160,0.1,0.08,0.06,0.29,1.6,0.12,0.1,0.08,0.16,0.0095,0.00791,0.3,0.25,0.1,,0.3,,,,,,0.06,0.897294,0.031087,0.149622,0.000543,0.926998,0.372834,1.0,1.0,0.1,0,,112,48,C04_S_THRESHOLD,,,,,52,,,,,4,0,0,0,,0,0,0,0,0.970102,0.372834,0.969196,0.828604,0.13115,0.790996,0,,0,0.0,0.0,0,,0,0,0,0,0,0,13,36,23
grand_sim_v0_6,hub_3_unbalanced_secondary_failure,hub_redundancy,high_stress,0,10120,hub_redundant,hub_3,160,0.14,0.05,0.09,0.26,2.0,0.06,0.13,0.1,0.2,0.012,0.00998,0.3,0.25,0.1,,0.3,,,,,,0.09,0.03,0.03,0.1716,1.0,0.0,0.14293,0.0,0.0,1.0,1,25,140,20,C04_S_THRESHOLD,23,25,,25,23,3,5,,5,3,1,0,0,,0,131,0,0,0.14293,0.148333,0.155463,0.134194,0.047444,0.147861,0,,0,0.0,0.0,0,,0,0,0,0,0,0,13,36,23
grand_sim_v0_6,hub_3_unbalanced_secondary_failure,hub_redundancy,high_stress,1,10121,hub_redundant,hub_3,160,0.14,0.05,0.09,0.26,2.0,0.06,0.13,0.1,0.2,0.012,0.00998,0.3,0.25,0.1,,0.3,,,,,,0.09,0.03,0.03,0.163152,1.0,0.0,0.148665,0.0,0.0,1.0,1,23,140,20,C04_S_THRESHOLD,22,23,,24,23,2,3,,4,3,1,0,0,,0,132,0,0,0.156606,0.158224,0.164151,0.142543,0.048124,0.154797,0,,0,0.0,0.0,0,,0,0,0,0,0,0,13,36,23
grand_sim_v0_6,hub_3_unbalanced_secondary_failure,hub_redundancy,high_stress,2,10122,hub_redundant,hub_3,160,0.14,0.05,0.09,0.26,2.0,0.06,0.13,0.1,0.2,0.012,0.00998,0.3,0.25,0.1,,0.3,,,,,,0.09,0.03,0.03,0.161988,1.0,0.0,0.148874,0.0,0.0,1.0,1,25,139,21,C04_S_THRESHOLD,24,25,,27,24,3,4,,6,3,1,0,0,,0,127,0,0,0.152413,0.162661,0.151825,0.149098,0.048272,0.145589,0,,0,0.0,0.0,0,,0,0,0,0,0,0,13,36,23
grand_sim_v0_6,hub_3_unbalanced_secondary_failure,hub_redundancy,high_stress,3,10123,hub_redundant,hub_3,160,0.14,0.05,0.09,0.26,2.0,0.06,0.13,0.1,0.2,0.012,0.00998,0.3,0.25,0.1,,0.3,,,,,,0.09,0.03,0.03,0.168342,1.0,0.0,0.146137,0.0,0.0,1.0,1,24,142,18,C04_S_THRESHOLD,23,24,,25,21,5,6,,7,3,1,0,0,,0,131,0,0,0.151212,0.148791,0.157371,0.150084,0.047774,0.147436,0,,0,0.0,0.0,0,,0,0,0,0,0,0,13,36,23
grand_sim_v0_6,hub_3_unbalanced_secondary_failure,hub_redundancy,high_stress,4,10124,hub_redundant,hub_3,160,0.14,0.05,0.09,0.26,2.0,0.06,0.13,0.1,0.2,0.012,0.00998,0.3,0.25,0.1,,0.3,,,,,,0.09,0.03,0.03,0.165744,1.0,0.0,0.149879,0.0,0.0,1.0,1,24,141,19,C04_S_THRESHOLD,22,24,,24,22,3,5,,5,3,1,0,0,,0,131,0,0,0.151509,0.154362,0.157343,0.147991,0.047738,0.142694,0,,0,0.0,0.0,0,,0,0,0,0,0,0,13,36,23
grand_sim_v0_6,hub_3_unbalanced_secondary_failure,hub_redundancy,high_stress,5,10125,hub_redundant,hub_3,160,0.14,0.05,0.09,0.26,2.0,0.06,0.13,0.1,0.2,0.012,0.00998,0.3,0.25,0.1,,0.3,,,,,,0.09,0.03,0.03,0.163506,1.0,0.0,0.147265,0.0,0.0,1.0,1,22,140,20,C04_S_THRESHOLD,21,22,,25,23,1,2,,5,3,1,0,0,,0,129,0,0,0.155142,0.153747,0.159884,0.155142,0.047861,0.140076,0,,0,0.0,0.0,0,,0,0,0,0,0,0,13,36,23
grand_sim_v0_6,hub_3_unbalanced_secondary_failure,hub_redundancy,high_stress,6,10126,hub_redundant,hub_3,160,0.14,0.05,0.09,0.26,2.0,0.06,0.13,0.1,0.2,0.012,0.00998,0.3,0.25,0.1,,0.3,,,,,,0.09,0.03,0.03,0.158776,1.0,0.0,0.146536,0.0,0.0,1.0,1,22,140,20,C04_S_THRESHOLD,21,22,,24,23,1,2,,4,3,1,0,0,,0,132,0,0,0.162857,0.159792,0.159419,0.147497,0.047518,0.14628,0,,0,0.0,0.0,0,,0,0,0,0,0,0,13,36,23
grand_sim_v0_6,hub_3_unbalanced_secondary_failure,hub_redundancy,high_stress,7,10127,hub_redundant,hub_3,160,0.14,0.05,0.09,0.26,2.0,0.06,0.13,0.1,0.2,0.012,0.00998,0.3,0.25,0.1,,0.3,,,,,,0.09,0.03,0.03,0.162778,1.0,0.0,0.150125,0.0,0.0,1.0,1,24,140,20,C04_S_THRESHOLD,22,24,,24,23,2,4,,4,3,1,0,0,,0,131,0,0,0.158731,0.152251,0.156751,0.143728,0.047859,0.147193,0,,0,0.0,0.0,0,,0,0,0,0,0,0,13,36,23
grand_sim_v0_6,hub_3_unbalanced_secondary_failure,hub_redundancy,high_stress,8,10128,hub_redundant,hub_3,160,0.14,0.05,0.09,0.26,2.0,0.06,0.13,0.1,0.2,0.012,0.00998,0.3,0.25,0.1,,0.3,,,,,,0.09,0.03,0.03,0.168973,1.0,0.0,0.147123,0.0,0.0,1.0,1,23,141,19,C04_S_THRESHOLD,21,23,,23,22,2,4,,4,3,1,0,0,,0,132,0,0,0.149707,0.162057,0.161975,0.148963,0.048182,0.149593,0,,0,0.0,0.0,0,,0,0,0,0,0,0,13,36,23
grand_sim_v0_6,hub_3_unbalanced_secondary_failure,hub_redundancy,high_stress,9,10129,hub_redundant,hub_3,160,0.14,0.05,0.09,0.26,2.0,0.06,0.13,0.1,0.2,0.012,0.00998,0.3,0.25,0.1,,0.3,,,,,,0.09,0.03,0.03,0.167352,1.0,0.0,0.142322,0.0,0.0,1.0,1,24,141,19,C04_S_THRESHOLD,23,24,,25,21,4,5,,6,2,1,0,0,,0,131,0,0,0.160447,0.160002,0.142322,0.137766,0.047784,0.133069,0,,0,0.0,0.0,0,,0,0,0,0,0,0,13,36,23
grand_sim_v0_6,topology_drift,topology_drift,low_stress,0,10130,ring_mesh,star_adjacent,160,0.06,0.1,0.04,0.32,1.2,0.2,0.08,0.06,0.12,0.0075,0.006735,0.3,0.25,0.1,,0.3,,,,,,0.03,0.986912,0.214717,0.103679,0.0,0.967166,0.481786,1.0,1.0,0.016667,0,,79,80,C04_S_THRESHOLD,,,,,80,,,,,0,0,0,0,,0,0,0,0,0.481786,,,0.202338,,,0,,0,0.0,0.0,0,25,80,25,25,0,0,25,59,59,0
grand_sim_v0_6,topology_drift,topology_drift,low_stress,1,10131,ring_mesh,star_adjacent,160,0.06,0.1,0.04,0.32,1.2,0.2,0.08,0.06,0.12,0.0075,0.006735,0.3,0.25,0.1,,0.3,,,,,,0.03,0.986024,0.161416,0.108964,0.0,0.965267,0.454657,1.0,1.0,0.016667,0,,80,80,C04_S_THRESHOLD,,,,,88,,,,,8,0,0,0,,0,0,0,0,0.454657,,,0.202006,,,0,,0,0.0,0.0,0,25,80,25,25,0,0,25,59,59,0
grand_sim_v0_6,topology_drift,topology_drift,low_stress,2,10132,ring_mesh,star_adjacent,160,0.06,0.1,0.04,0.32,1.2,0.2,0.08,0.06,0.12,0.0075,0.006735,0.3,0.25,0.1,,0.3,,,,,,0.03,0.988348,0.300858,0.114935,0.0,0.963077,0.510416,1.0,1.0,0.016667,0,,74,80,C04_S_THRESHOLD,,,,,80,,,,,0,0,0,0,,0,0,0,0,0.510416,,,0.202188,,,0,,0,0.0,0.0,0,25,80,25,25,0,0,25,59,59,0
grand_sim_v0_6,topology_drift,topology_drift,low_stress,3,10133,ring_mesh,star_adjacent,160,0.06,0.1,0.04,0.32,1.2,0.2,0.08,0.06,0.12,0.0075,0.006735,0.3,0.25,0.1,,0.3,,,,,,0.03,0.986281,0.17683,0.119152,0.0,0.965377,0.448311,1.0,1.0,0.016667,0,,80,80,C04_S_THRESHOLD,,,,,80,,,,,0,0,0,0,,0,0,0,0,0.448311,,,0.202283,,,0,,0,0.0,0.0,0,25,80,25,25,0,0,25,59,59,0
grand_sim_v0_6,topology_drift,topology_drift,low_stress,4,10134,ring_mesh,star_adjacent,160,0.06,0.1,0.04,0.32,1.2,0.2,0.08,0.06,0.12,0.0075,0.006735,0.3,0.25,0.1,,0.3,,,,,,0.03,0.985471,0.128287,0.116569,0.0,0.96241,0.428052,1.0,1.0,0.016667,0,,80,80,C04_S_THRESHOLD,,,,,87,,,,,7,0,0,0,,0,0,0,0,0.428052,,,0.201954,,,0,,0,0.0,0.0,0,25,80,25,25,0,0,25,59,59,0
grand_sim_v0_6,topology_drift,topology_drift,low_stress,5,10135,ring_mesh,star_adjacent,160,0.06,0.1,0.04,0.32,1.2,0.2,0.08,0.06,0.12,0.0075,0.006735,0.3,0.25,0.1,,0.3,,,,,,0.03,0.986298,0.177866,0.112063,0.0,0.967266,0.45927,1.0,1.0,0.016667,0,,80,80,C04_S_THRESHOLD,,,,,80,,,,,0,0,0,0,,0,0,0,0,0.45927,,,0.202274,,,0,,0,0.0,0.0,0,25,80,25,25,0,0,25,59,59,0
grand_sim_v0_6,topology_drift,topology_drift,low_stress,6,10136,ring_mesh,star_adjacent,160,0.06,0.1,0.04,0.32,1.2,0.2,0.08,0.06,0.12,0.0075,0.006735,0.3,0.25,0.1,,0.3,,,,,,0.03,0.986712,0.202701,0.113209,0.0,0.961672,0.470244,1.0,1.0,0.016667,0,,80,80,C04_S_THRESHOLD,,,,,80,,,,,0,0,0,0,,0,0,0,0,0.470244,,,0.202132,,,0,,0,0.0,0.0,0,25,80,25,25,0,0,25,59,59,0
grand_sim_v0_6,topology_drift,topology_drift,low_stress,7,10137,ring_mesh,star_adjacent,160,0.06,0.1,0.04,0.32,1.2,0.2,0.08,0.06,0.12,0.0075,0.006735,0.3,0.25,0.1,,0.3,,,,,,0.03,0.985717,0.143034,0.115281,0.0,0.96553,0.442825,1.0,1.0,0.016667,0,,80,80,C04_S_THRESHOLD,,,,,88,,,,,8,0,0,0,,0,0,0,0,0.442825,,,0.202326,,,0,,0,0.0,0.0,0,25,80,25,25,0,0,25,59,59,0
grand_sim_v0_6,topology_drift,topology_drift,low_stress,8,10138,ring_mesh,star_adjacent,160,0.06,0.1,0.04,0.32,1.2,0.2,0.08,0.06,0.12,0.0075,0.006735,0.3,0.25,0.1,,0.3,,,,,,0.03,0.987111,0.226634,0.110528,0.0,0.967998,0.484596,1.0,1.0,0.016667,0,,79,80,C04_S_THRESHOLD,,,,,80,,,,,0,0,0,0,,0,0,0,0,0.484596,,,0.202281,,,0,,0,0.0,0.0,0,25,80,25,25,0,0,25,59,59,0
grand_sim_v0_6,topology_drift,topology_drift,low_stress,9,10139,ring_mesh,star_adjacent,160,0.06,0.1,0.04,0.32,1.2,0.2,0.08,0.06,0.12,0.0075,0.006735,0.3,0.25,0.1,,0.3,,,,,,0.03,0.98966,0.37962,0.114031,0.0,0.963698,0.558553,1.0,1.0,0.016667,0,,70,80,C04_S_THRESHOLD,,,,,80,,,,,0,0,0,0,,0,0,0,0,0.558553,,,0.202128,,,0,,0,0.0,0.0,0,25,80,25,25,0,0,25,59,59,0
grand_sim_v0_6,topology_drift,topology_drift,mid_stress,0,10140,ring_mesh,star_adjacent,160,0.1,0.08,0.06,0.29,1.6,0.12,0.1,0.08,0.16,0.0095,0.00791,0.3,0.25,0.1,,0.3,,,,,,0.06,0.03,0.03,0.130805,0.999198,0.025607,0.161411,0.0,0.0,1.0,1,96,80,80,C04_S_THRESHOLD,95,96,,99,80,15,16,,19,0,1,0,0,,0,52,0,0,0.180994,,,0.089139,,,0,,0,0.0,0.0,0,25,80,25,25,0,0,25,59,59,0
grand_sim_v0_6,topology_drift,topology_drift,mid_stress,1,10141,ring_mesh,star_adjacent,160,0.1,0.08,0.06,0.29,1.6,0.12,0.1,0.08,0.16,0.0095,0.00791,0.3,0.25,0.1,,0.3,,,,,,0.06,0.03,0.03,0.121408,0.998955,0.024559,0.163236,0.0,0.0,1.0,1,96,80,80,C04_S_THRESHOLD,95,96,,98,80,15,16,,18,0,1,0,0,,0,54,0,0,0.182856,,,0.088736,,,0,100,28,0.002138,0.0,0,25,80,25,25,0,0,25,59,59,0
grand_sim_v0_6,topology_drift,topology_drift,mid_stress,2,10142,ring_mesh,star_adjacent,160,0.1,0.08,0.06,0.29,1.6,0.12,0.1,0.08,0.16,0.0095,0.00791,0.3,0.25,0.1,,0.3,,,,,,0.06,0.03,0.03,0.137273,0.99932,0.026069,0.159159,0.0,0.0,1.0,1,96,80,80,C04_S_THRESHOLD,96,96,,100,80,16,16,,20,0,1,0,0,,0,54,0,0,0.17298,,,0.089407,,,0,,0,0.0,0.0,0,25,80,25,25,0,0,25,59,59,0
grand_sim_v0_6,topology_drift,topology_drift,mid_stress,3,10143,ring_mesh,star_adjacent,160,0.1,0.08,0.06,0.29,1.6,0.12,0.1,0.08,0.16,0.0095,0.00791,0.3,0.25,0.1,,0.3,,,,,,0.06,0.03,0.03,0.148669,0.999623,0.024072,0.156964,0.0,0.0,1.0,1,96,80,80,C04_S_THRESHOLD,96,96,,99,80,16,16,,19,0,1,0,0,,0,55,0,0,0.167613,,,0.088836,,,0,,0,0.0,0.0,0,25,80,25,25,0,0,25,59,59,0
grand_sim_v0_6,topology_drift,topology_drift,mid_stress,4,10144,ring_mesh,star_adjacent,160,0.1,0.08,0.06,0.29,1.6,0.12,0.1,0.08,0.16,0.0095,0.00791,0.3,0.25,0.1,,0.3,,,,,,0.06,0.03,0.03,0.136701,0.999791,0.024657,0.157822,0.0,0.0,1.0,1,96,80,80,C04_S_THRESHOLD,95,96,,99,80,15,16,,19,0,1,0,0,,0,55,0,0,0.17076,,,0.088934,,,0,100,28,0.00215,0.0,0,25,80,25,25,0,0,25,59,59,0
grand_sim_v0_6,topology_drift,topology_drift,mid_stress,5,10145,ring_mesh,star_adjacent,160,0.1,0.08,0.06,0.29,1.6,0.12,0.1,0.08,0.16,0.0095,0.00791,0.3,0.25,0.1,,0.3,,,,,,0.06,0.03,0.03,0.14838,0.999981,0.025,0.157722,0.0,0.0,1.0,1,96,80,80,C04_S_THRESHOLD,96,96,,100,80,16,16,,20,0,1,0,0,,0,54,0,0,0.164966,,,0.089075,,,0,101,28,0.002032,0.0,0,25,80,25,25,0,0,25,59,59,0
grand_sim_v0_6,topology_drift,topology_drift,mid_stress,6,10146,ring_mesh,star_adjacent,160,0.1,0.08,0.06,0.29,1.6,0.12,0.1,0.08,0.16,0.0095,0.00791,0.3,0.25,0.1,,0.3,,,,,,0.06,0.03,0.03,0.153238,0.999846,0.024985,0.156431,0.0,0.0,1.0,1,96,80,80,C04_S_THRESHOLD,96,96,,99,80,16,16,,19,0,1,0,0,,0,52,0,0,0.165651,,,0.088987,,,0,100,29,0.002236,0.0,0,25,80,25,25,0,0,25,59,59,0
grand_sim_v0_6,topology_drift,topology_drift,mid_stress,7,10147,ring_mesh,star_adjacent,160,0.1,0.08,0.06,0.29,1.6,0.12,0.1,0.08,0.16,0.0095,0.00791,0.3,0.25,0.1,,0.3,,,,,,0.06,0.03,0.03,0.138208,0.999749,0.023472,0.159784,0.0,0.0,1.0,1,96,80,80,C04_S_THRESHOLD,95,96,,99,80,15,16,,19,0,1,0,0,,0,54,0,0,0.169523,,,0.088938,,,0,100,60,0.002215,0.0,0,25,80,25,25,0,0,25,59,59,0
grand_sim_v0_6,topology_drift,topology_drift,mid_stress,8,10148,ring_mesh,star_adjacent,160,0.1,0.08,0.06,0.29,1.6,0.12,0.1,0.08,0.16,0.0095,0.00791,0.3,0.25,0.1,,0.3,,,,,,0.06,0.03,0.03,0.143642,0.999618,0.023689,0.159078,0.0,0.0,1.0,1,96,80,80,C04_S_THRESHOLD,95,96,,99,80,15,16,,19,0,1,0,0,,0,55,0,0,0.171698,,,0.088713,,,0,100,28,0.002183,0.0,0,25,80,25,25,0,0,25,59,59,0
grand_sim_v0_6,topology_drift,topology_drift,mid_stress,9,10149,ring_mesh,star_adjacent,160,0.1,0.08,0.06,0.29,1.6,0.12,0.1,0.08,0.16,0.0095,0.00791,0.3,0.25,0.1,,0.3,,,,,,0.06,0.03,0.03,0.127788,0.998866,0.02652,0.162253,0.0,0.0,1.0,1,96,80,80,C04_S_THRESHOLD,96,96,,100,80,16,16,,20,0,1,0,0,,0,56,0,0,0.184713,,,0.089266,,,0,100,29,0.002028,0.0,0,25,80,25,25,0,0,25,59,59,0
grand_sim_v0_6,topology_drift,topology_drift,high_stress,0,10150,ring_mesh,star_adjacent,160,0.14,0.05,0.09,0.26,2.0,0.06,0.13,0.1,0.2,0.012,0.00998,0.3,0.25,0.1,,0.3,,,,,,0.09,0.03,0.03,0.162045,1.0,0.0,0.149829,0.0,0.0,1.0,1,29,131,29,C04_S_THRESHOLD,28,29,,30,35,-1,0,,1,6,0,0,0,,0,125,0,0,0.160193,,,0.048559,,,0,,0,0.0,0.0,0,25,80,25,25,0,0,25,59,59,0
grand_sim_v0_6,topology_drift,topology_drift,high_stress,1,10151,ring_mesh,star_adjacent,160,0.14,0.05,0.09,0.26,2.0,0.06,0.13,0.1,0.2,0.012,0.00998,0.3,0.25,0.1,,0.3,,,,,,0.09,0.03,0.03,0.163938,1.0,0.0,0.152286,0.0,0.0,1.0,1,30,130,30,C04_S_THRESHOLD,28,30,,31,35,-2,0,,1,5,0,0,0,,0,125,0,0,0.155846,,,0.048596,,,0,,0,0.0,0.0,0,25,80,25,25,0,0,25,59,59,0
grand_sim_v0_6,topology_drift,topology_drift,high_stress,2,10152,ring_mesh,star_adjacent,160,0.14,0.05,0.09,0.26,2.0,0.06,0.13,0.1,0.2,0.012,0.00998,0.3,0.25,0.1,,0.3,,,,,,0.09,0.03,0.03,0.148205,1.0,0.0,0.154181,0.0,0.0,1.0,1,26,133,27,C04_S_THRESHOLD,25,26,,27,33,-2,-1,,0,6,0,0,0,,0,127,1,0,0.165947,,,0.048554,,,0,,0,0.0,0.0,0,25,80,25,25,0,0,25,59,59,0
grand_sim_v0_6,topology_drift,topology_drift,high_stress,3,10153,ring_mesh,star_adjacent,160,0.14,0.05,0.09,0.26,2.0,0.06,0.13,0.1,0.2,0.012,0.00998,0.3,0.25,0.1,,0.3,,,,,,0.09,0.03,0.03,0.171773,1.0,0.0,0.149911,0.0,0.0,1.0,1,28,131,29,C04_S_THRESHOLD,27,28,,30,34,-2,-1,,1,5,0,0,0,,0,125,0,0,0.157431,,,0.048516,,,0,,0,0.0,0.0,0,25,80,25,25,0,0,25,59,59,0
grand_sim_v0_6,topology_drift,topology_drift,high_stress,4,10154,ring_mesh,star_adjacent,160,0.14,0.05,0.09,0.26,2.0,0.06,0.13,0.1,0.2,0.012,0.00998,0.3,0.25,0.1,,0.3,,,,,,0.09,0.03,0.03,0.148079,1.0,0.0,0.153397,0.0,0.0,1.0,1,28,131,29,C04_S_THRESHOLD,27,28,,29,34,-2,-1,,0,5,0,0,0,,0,125,0,0,0.166942,,,0.048599,,,0,,0,0.0,0.0,0,25,80,25,25,0,0,25,59,59,0
grand_sim_v0_6,topology_drift,topology_drift,high_stress,5,10155,ring_mesh,star_adjacent,160,0.14,0.05,0.09,0.26,2.0,0.06,0.13,0.1,0.2,0.012,0.00998,0.3,0.25,0.1,,0.3,,,,,,0.09,0.03,0.03,0.162609,1.0,0.0,0.150211,0.0,0.0,1.0,1,26,132,28,C04_S_THRESHOLD,26,26,,29,34,-2,-2,,1,6,0,0,0,,0,126,0,0,0.159211,,,0.048487,,,0,,0,0.0,0.0,0,25,80,25,25,0,0,25,59,59,0
grand_sim_v0_6,topology_drift,topology_drift,high_stress,6,10156,ring_mesh,star_adjacent,160,0.14,0.05,0.09,0.26,2.0,0.06,0.13,0.1,0.2,0.012,0.00998,0.3,0.25,0.1,,0.3,,,,,,0.09,0.03,0.03,0.158678,1.0,0.0,0.149001,0.0,0.0,1.0,1,26,133,27,C04_S_THRESHOLD,26,26,,27,33,-1,-1,,0,6,0,0,0,,0,128,0,0,0.165525,,,0.048616,,,0,,0,0.0,0.0,0,25,80,25,25,0,0,25,59,59,0
grand_sim_v0_6,topology_drift,topology_drift,high_stress,7,10157,ring_mesh,star_adjacent,160,0.14,0.05,0.09,0.26,2.0,0.06,0.13,0.1,0.2,0.012,0.00998,0.3,0.25,0.1,,0.3,,,,,,0.09,0.03,0.03,0.159376,1.0,0.0,0.152008,0.0,0.0,1.0,1,29,130,30,C04_S_THRESHOLD,28,29,,30,35,-2,-1,,0,5,0,0,0,,0,124,0,0,0.163682,,,0.048335,,,0,,0,0.0,0.0,0,25,80,25,25,0,0,25,59,59,0
grand_sim_v0_6,topology_drift,topology_drift,high_stress,8,10158,ring_mesh,star_adjacent,160,0.14,0.05,0.09,0.26,2.0,0.06,0.13,0.1,0.2,0.012,0.00998,0.3,0.25,0.1,,0.3,,,,,,0.09,0.03,0.03,0.151221,1.0,0.0,0.151188,0.0,0.0,1.0,1,27,132,28,C04_S_THRESHOLD,26,27,,29,34,-2,-1,,1,6,0,0,0,,0,126,0,0,0.165986,,,0.048507,,,0,,0,0.0,0.0,0,25,80,25,25,0,0,25,59,59,0
grand_sim_v0_6,topology_drift,topology_drift,high_stress,9,10159,ring_mesh,star_adjacent,160,0.14,0.05,0.09,0.26,2.0,0.06,0.13,0.1,0.2,0.012,0.00998,0.3,0.25,0.1,,0.3,,,,,,0.09,0.03,0.03,0.172444,1.0,0.0,0.147738,0.0,0.0,1.0,1,27,132,28,C04_S_THRESHOLD,27,27,,29,34,-1,-1,,1,6,0,0,0,,0,127,0,0,0.157145,,,0.048669,,,0,,0,0.0,0.0,0,25,80,25,25,0,0,25,59,59,0
grand_sim_v0_6,topology_lag_centralizing,topology_drift,low_stress,0,10160,ring_mesh,star_adjacent,160,0.06,0.1,0.04,0.32,1.2,0.2,0.08,0.06,0.12,0.0075,0.006735,0.3,0.25,0.1,,0.3,,,,,,0.03,0.98838,0.302802,0.130001,0.0,0.951397,0.514597,1.0,1.0,0.016667,0,,75,80,C04_S_THRESHOLD,,,,,80,,,,,0,0,0,0,,0,0,0,0,0.514597,,,0.201619,,,0,,0,0.0,0.0,0,50,80,50,25,25,0,50,59,59,0
grand_sim_v0_6,topology_lag_centralizing,topology_drift,low_stress,1,10161,ring_mesh,star_adjacent,160,0.06,0.1,0.04,0.32,1.2,0.2,0.08,0.06,0.12,0.0075,0.006735,0.3,0.25,0.1,,0.3,,,,,,0.03,0.985234,0.114018,0.158508,0.0,0.939388,0.400041,1.0,1.0,0.016667,0,,80,80,C04_S_THRESHOLD,,,,,85,,,,,5,0,0,0,,0,0,0,0,0.400041,,,0.201556,,,0,,0,0.0,0.0,0,50,80,50,25,25,0,50,59,59,0
grand_sim_v0_6,topology_lag_centralizing,topology_drift,low_stress,2,10162,ring_mesh,star_adjacent,160,0.06,0.1,0.04,0.32,1.2,0.2,0.08,0.06,0.12,0.0075,0.006735,0.3,0.25,0.1,,0.3,,,,,,0.03,0.984982,0.09891,0.127129,0.0,0.932505,0.415755,1.0,1.0,0.016667,0,,80,80,C04_S_THRESHOLD,,,,,85,,,,,5,0,0,0,,0,0,0,0,0.415755,,,0.201399,,,0,,0,0.0,0.0,0,50,80,50,25,25,0,50,59,59,0
grand_sim_v0_6,topology_lag_centralizing,topology_drift,low_stress,3,10163,ring_mesh,star_adjacent,160,0.06,0.1,0.04,0.32,1.2,0.2,0.08,0.06,0.12,0.0075,0.006735,0.3,0.25,0.1,,0.3,,,,,,0.03,0.988833,0.329994,0.122513,0.0,0.947338,0.532839,1.0,1.0,0.016667,0,,73,80,C04_S_THRESHOLD,,,,,80,,,,,0,0,0,0,,0,0,0,0,0.532839,,,0.201547,,,0,,0,0.0,0.0,0,50,80,50,25,25,0,50,59,59,0
grand_sim_v0_6,topology_lag_centralizing,topology_drift,low_stress,4,10164,ring_mesh,star_adjacent,160,0.06,0.1,0.04,0.32,1.2,0.2,0.08,0.06,0.12,0.0075,0.006735,0.3,0.25,0.1,,0.3,,,,,,0.03,0.985894,0.153624,0.140715,0.0,0.949371,0.43717,1.0,1.0,0.016667,0,,80,80,C04_S_THRESHOLD,,,,,86,,,,,6,0,0,0,,0,0,0,0,0.43717,,,0.201484,,,0,,0,0.0,0.0,0,50,80,50,25,25,0,50,59,59,0
grand_sim_v0_6,topology_lag_centralizing,topology_drift,low_stress,5,10165,ring_mesh,star_adjacent,160,0.06,0.1,0.04,0.32,1.2,0.2,0.08,0.06,0.12,0.0075,0.006735,0.3,0.25,0.1,,0.3,,,,,,0.03,0.988135,0.288125,0.126511,0.0,0.936565,0.511102,1.0,1.0,0.016667,0,,76,80,C04_S_THRESHOLD,,,,,80,,,,,0,0,0,0,,0,0,0,0,0.511102,,,0.201394,,,0,,0,0.0,0.0,0,50,80,50,25,25,0,50,59,59,0
grand_sim_v0_6,topology_lag_centralizing,topology_drift,low_stress,6,10166,ring_mesh,star_adjacent,160,0.06,0.1,0.04,0.32,1.2,0.2,0.08,0.06,0.12,0.0075,0.006735,0.3,0.25,0.1,,0.3,,,,,,0.03,0.985417,0.125024,0.130068,0.0,0.940042,0.421363,1.0,1.0,0.016667,0,,80,80,C04_S_THRESHOLD,,,,,84,,,,,4,0,0,0,,0,0,0,0,0.421363,,,0.201512,,,0,,0,0.0,0.0,0,50,80,50,25,25,0,50,59,59,0
grand_sim_v0_6,topology_lag_centralizing,topology_drift,low_stress,7,10167,ring_mesh,star_adjacent,160,0.06,0.1,0.04,0.32,1.2,0.2,0.08,0.06,0.12,0.0075,0.006735,0.3,0.25,0.1,,0.3,,,,,,0.03,0.987606,0.256378,0.134688,0.0,0.948866,0.484332,1.0,1.0,0.016667,0,,79,80,C04_S_THRESHOLD,,,,,80,,,,,0,0,0,0,,0,0,0,0,0.484332,,,0.201716,,,0,,0,0.0,0.0,0,50,80,50,25,25,0,50,59,59,0
grand_sim_v0_6,topology_lag_centralizing,topology_drift,low_stress,8,10168,ring_mesh,star_adjacent,160,0.06,0.1,0.04,0.32,1.2,0.2,0.08,0.06,0.12,0.0075,0.006735,0.3,0.25,0.1,,0.3,,,,,,0.03,0.985434,0.126023,0.119077,0.0,0.945002,0.429386,1.0,1.0,0.016667,0,,80,80,C04_S_THRESHOLD,,,,,80,,,,,0,0,0,0,,0,0,0,0,0.429386,,,0.201831,,,0,,0,0.0,0.0,0,50,80,50,25,25,0,50,59,59,0
grand_sim_v0_6,topology_lag_centralizing,topology_drift,low_stress,9,10169,ring_mesh,star_adjacent,160,0.06,0.1,0.04,0.32,1.2,0.2,0.08,0.06,0.12,0.0075,0.006735,0.3,0.25,0.1,,0.3,,,,,,0.03,0.986312,0.178748,0.132163,0.0,0.947615,0.451341,1.0,1.0,0.016667,0,,80,80,C04_S_THRESHOLD,,,,,80,,,,,0,0,0,0,,0,0,0,0,0.451341,,,0.201756,,,0,,0,0.0,0.0,0,50,80,50,25,25,0,50,59,59,0
grand_sim_v0_6,topology_lag_centralizing,topology_drift,mid_stress,0,10170,ring_mesh,star_adjacent,160,0.1,0.08,0.06,0.29,1.6,0.12,0.1,0.08,0.16,0.0095,0.00791,0.3,0.25,0.1,,0.3,,,,,,0.06,0.03,0.03,0.165216,0.999602,0.018705,0.15253,0.0,0.0,1.0,1,95,80,80,C04_S_THRESHOLD,95,95,,99,80,15,15,,19,0,1,0,0,,0,55,0,0,0.165025,,,0.087841,,,0,,0,0.0,0.0,0,50,80,50,25,25,0,50,59,59,0
grand_sim_v0_6,topology_lag_centralizing,topology_drift,mid_stress,1,10171,ring_mesh,star_adjacent,160,0.1,0.08,0.06,0.29,1.6,0.12,0.1,0.08,0.16,0.0095,0.00791,0.3,0.25,0.1,,0.3,,,,,,0.06,0.03,0.03,0.146966,0.99934,0.019334,0.155277,0.0,0.0,1.0,1,96,80,80,C04_S_THRESHOLD,95,96,,98,80,15,16,,18,0,1,0,0,,0,57,0,0,0.175914,,,0.087903,,,0,100,27,0.002042,0.0,0,50,80,50,25,25,0,50,59,59,0
grand_sim_v0_6,topology_lag_centralizing,topology_drift,mid_stress,2,10172,ring_mesh,star_adjacent,160,0.1,0.08,0.06,0.29,1.6,0.12,0.1,0.08,0.16,0.0095,0.00791,0.3,0.25,0.1,,0.3,,,,,,0.06,0.03,0.03,0.16555,1.0,0.01904,0.154375,0.0,0.0,1.0,1,97,80,80,C04_S_THRESHOLD,95,97,,101,80,15,17,,21,0,1,0,0,,0,53,0,0,0.157148,,,0.087986,,,0,101,28,0.001957,0.0,0,50,80,50,25,25,0,50,59,59,0
grand_sim_v0_6,topology_lag_centralizing,topology_drift,mid_stress,3,10173,ring_mesh,star_adjacent,160,0.1,0.08,0.06,0.29,1.6,0.12,0.1,0.08,0.16,0.0095,0.00791,0.3,0.25,0.1,,0.3,,,,,,0.06,0.03,0.03,0.167172,0.999566,0.018659,0.153027,0.0,0.0,1.0,1,96,80,80,C04_S_THRESHOLD,95,96,,99,80,15,16,,19,0,1,0,0,,0,55,0,0,0.164035,,,0.087945,,,0,,0,0.0,0.0,0,50,80,50,25,25,0,50,59,59,0
grand_sim_v0_6,topology_lag_centralizing,topology_drift,mid_stress,4,10174,ring_mesh,star_adjacent,160,0.1,0.08,0.06,0.29,1.6,0.12,0.1,0.08,0.16,0.0095,0.00791,0.3,0.25,0.1,,0.3,,,,,,0.06,0.03,0.03,0.153019,0.999924,0.021712,0.156113,0.0,0.0,1.0,1,96,80,80,C04_S_THRESHOLD,95,96,,99,80,15,16,,19,0,1,0,0,,0,52,0,0,0.16627,,,0.088429,,,0,99,61,0.002431,0.0,0,50,80,50,25,25,0,50,59,59,0
grand_sim_v0_6,topology_lag_centralizing,topology_drift,mid_stress,5,10175,ring_mesh,star_adjacent,160,0.1,0.08,0.06,0.29,1.6,0.12,0.1,0.08,0.16,0.0095,0.00791,0.3,0.25,0.1,,0.3,,,,,,0.06,0.03,0.03,0.160233,0.999787,0.021483,0.154083,0.0,0.0,1.0,1,96,80,80,C04_S_THRESHOLD,95,96,,100,80,15,16,,20,0,1,0,0,,0,55,0,0,0.162676,,,0.088335,,,0,,0,0.0,0.0,0,50,80,50,25,25,0,50,59,59,0
grand_sim_v0_6,topology_lag_centralizing,topology_drift,mid_stress,6,10176,ring_mesh,star_adjacent,160,0.1,0.08,0.06,0.29,1.6,0.12,0.1,0.08,0.16,0.0095,0.00791,0.3,0.25,0.1,,0.3,,,,,,0.06,0.03,0.03,0.159469,0.999445,0.019046,0.154491,0.0,0.0,1.0,1,95,80,80,C04_S_THRESHOLD,95,95,,98,80,15,15,,18,0,1,0,0,,0,57,0,0,0.168899,,,0.087838,,,0,99,61,0.002254,0.0,0,50,80,50,25,25,0,50,59,59,0
grand_sim_v0_6,topology_lag_centralizing,topology_drift,mid_stress,7,10177,ring_mesh,star_adjacent,160,0.1,0.08,0.06,0.29,1.6,0.12,0.1,0.08,0.16,0.0095,0.00791,0.3,0.25,0.1,,0.3,,,,,,0.06,0.03,0.03,0.146291,0.99976,0.019734,0.155919,0.0,0.0,1.0,1,96,80,80,C04_S_THRESHOLD,95,96,,100,80,15,16,,20,0,1,0,0,,0,53,0,0,0.17062,,,0.088272,,,0,,0,0.0,0.0,0,50,80,50,25,25,0,50,59,59,0
grand_sim_v0_6,topology_lag_centralizing,topology_drift,mid_stress,8,10178,ring_mesh,star_adjacent,160,0.1,0.08,0.06,0.29,1.6,0.12,0.1,0.08,0.16,0.0095,0.00791,0.3,0.25,0.1,,0.3,,,,,,0.06,0.03,0.03,0.137466,0.999326,0.022377,0.159394,0.0,0.0,1.0,1,96,80,80,C04_S_THRESHOLD,95,96,,101,80,15,16,,21,0,1,0,0,,0,52,0,0,0.176677,,,0.088623,,,0,100,60,0.002212,0.0,0,50,80,50,25,25,0,50,59,59,0
grand_sim_v0_6,topology_lag_centralizing,topology_drift,mid_stress,9,10179,ring_mesh,star_adjacent,160,0.1,0.08,0.06,0.29,1.6,0.12,0.1,0.08,0.16,0.0095,0.00791,0.3,0.25,0.1,,0.3,,,,,,0.06,0.03,0.03,0.155019,0.999918,0.020151,0.154217,0.0,0.0,1.0,1,96,80,80,C04_S_THRESHOLD,95,96,,101,80,15,16,,21,0,1,0,0,,0,52,0,0,0.165961,,,0.088196,,,0,100,60,0.002182,0.0,0,50,80,50,25,25,0,50,59,59,0
grand_sim_v0_6,topology_lag_centralizing,topology_drift,high_stress,0,10180,ring_mesh,star_adjacent,160,0.14,0.05,0.09,0.26,2.0,0.06,0.13,0.1,0.2,0.012,0.00998,0.3,0.25,0.1,,0.3,,,,,,0.09,0.03,0.03,0.176471,1.0,0.0,0.147437,0.0,0.0,1.0,1,26,134,26,C04_S_THRESHOLD,25,26,,27,31,-1,0,,1,5,0,0,0,,0,129,0,0,0.159702,,,0.048018,,,0,,0,0.0,0.0,0,50,80,50,25,25,0,50,59,59,0
grand_sim_v0_6,topology_lag_centralizing,topology_drift,high_stress,1,10181,ring_mesh,star_adjacent,160,0.14,0.05,0.09,0.26,2.0,0.06,0.13,0.1,0.2,0.012,0.00998,0.3,0.25,0.1,,0.3,,,,,,0.09,0.03,0.03,0.215188,1.0,0.0,0.140657,0.0,0.0,1.0,1,25,134,26,C04_S_THRESHOLD,24,25,,27,31,-2,-1,,1,5,0,0,0,,0,129,0,0,0.145287,,,0.048069,,,0,,0,0.0,0.0,0,50,80,50,25,25,0,50,59,59,0
grand_sim_v0_6,topology_lag_centralizing,topology_drift,high_stress,2,10182,ring_mesh,star_adjacent,160,0.14,0.05,0.09,0.26,2.0,0.06,0.13,0.1,0.2,0.012,0.00998,0.3,0.25,0.1,,0.3,,,,,,0.09,0.03,0.03,0.178011,1.0,0.0,0.14815,0.0,0.0,1.0,1,26,133,27,C04_S_THRESHOLD,24,26,,27,33,-3,-1,,0,6,0,0,0,,0,127,0,0,0.159465,,,0.048075,,,0,,0,0.0,0.0,0,50,80,50,25,25,0,50,59,59,0
grand_sim_v0_6,topology_lag_centralizing,topology_drift,high_stress,3,10183,ring_mesh,star_adjacent,160,0.14,0.05,0.09,0.26,2.0,0.06,0.13,0.1,0.2,0.012,0.00998,0.3,0.25,0.1,,0.3,,,,,,0.09,0.03,0.03,0.180157,1.0,0.0,0.146836,0.0,0.0,1.0,1,25,134,26,C04_S_THRESHOLD,24,25,,26,31,-2,-1,,0,5,0,0,0,,0,130,0,0,0.162588,,,0.047827,,,0,,0,0.0,0.0,0,50,80,50,25,25,0,50,59,59,0
grand_sim_v0_6,topology_lag_centralizing,topology_drift,high_stress,4,10184,ring_mesh,star_adjacent,160,0.14,0.05,0.09,0.26,2.0,0.06,0.13,0.1,0.2,0.012,0.00998,0.3,0.25,0.1,,0.3,,,,,,0.09,0.03,0.03,0.196464,1.0,0.0,0.144191,0.0,0.0,1.0,1,26,134,26,C04_S_THRESHOLD,25,26,,27,31,-1,0,,1,5,0,0,0,,0,128,0,0,0.153569,,,0.047978,,,0,,0,0.0,0.0,0,50,80,50,25,25,0,50,59,59,0
grand_sim_v0_6,topology_lag_centralizing,topology_drift,high_stress,5,10185,ring_mesh,star_adjacent,160,0.14,0.05,0.09,0.26,2.0,0.06,0.13,0.1,0.2,0.012,0.00998,0.3,0.25,0.1,,0.3,,,,,,0.09,0.03,0.03,0.19295,1.0,0.0,0.143744,0.0,0.0,1.0,1,26,134,26,C04_S_THRESHOLD,24,26,,27,31,-2,0,,1,5,0,0,0,,0,130,0,0,0.153161,,,0.048077,,,0,,0,0.0,0.0,0,50,80,50,25,25,0,50,59,59,0
grand_sim_v0_6,topology_lag_centralizing,topology_drift,high_stress,6,10186,ring_mesh,star_adjacent,160,0.14,0.05,0.09,0.26,2.0,0.06,0.13,0.1,0.2,0.012,0.00998,0.3,0.25,0.1,,0.3,,,,,,0.09,0.03,0.03,0.17457,1.0,0.0,0.146448,0.0,0.0,1.0,1,27,133,27,C04_S_THRESHOLD,26,27,,28,32,-1,0,,1,5,0,0,0,,0,127,0,0,0.162627,,,0.048293,,,0,,0,0.0,0.0,0,50,80,50,25,25,0,50,59,59,0
grand_sim_v0_6,topology_lag_centralizing,topology_drift,high_stress,7,10187,ring_mesh,star_adjacent,160,0.14,0.05,0.09,0.26,2.0,0.06,0.13,0.1,0.2,0.012,0.00998,0.3,0.25,0.1,,0.3,,,,,,0.09,0.03,0.03,0.194432,1.0,0.0,0.145008,0.0,0.0,1.0,1,26,133,27,C04_S_THRESHOLD,25,26,,28,33,-2,-1,,1,6,0,0,0,,0,128,0,0,0.15356,,,0.048044,,,0,,0,0.0,0.0,0,50,80,50,25,25,0,50,59,59,0
grand_sim_v0_6,topology_lag_centralizing,topology_drift,high_stress,8,10188,ring_mesh,star_adjacent,160,0.14,0.05,0.09,0.26,2.0,0.06,0.13,0.1,0.2,0.012,0.00998,0.3,0.25,0.1,,0.3,,,,,,0.09,0.03,0.03,0.180402,1.0,0.0,0.146324,0.0,0.0,1.0,1,24,135,25,C04_S_THRESHOLD,23,24,,25,30,-2,-1,,0,5,0,0,0,,0,131,0,0,0.160708,,,0.048093,,,0,,0,0.0,0.0,0,50,80,50,25,25,0,50,59,59,0
grand_sim_v0_6,topology_lag_centralizing,topology_drift,high_stress,9,10189,ring_mesh,star_adjacent,160,0.14,0.05,0.09,0.26,2.0,0.06,0.13,0.1,0.2,0.012,0.00998,0.3,0.25,0.1,,0.3,,,,,,0.09,0.03,0.03,0.176088,1.0,0.0,0.146324,0.0,0.0,1.0,1,25,134,26,C04_S_THRESHOLD,24,25,,26,31,-2,-1,,0,5,0,0,0,,0,129,0,0,0.16224,,,0.048107,,,0,,0,0.0,0.0,0,50,80,50,25,25,0,50,59,59,0
grand_sim_v0_6,topology_misclassification_async,topology_drift,low_stress,0,10190,ring_mesh,star_adjacent,160,0.06,0.1,0.04,0.32,1.2,0.2,0.08,0.06,0.12,0.0075,0.006735,0.3,0.25,0.1,,0.3,,,,,,0.25,0.986319,0.179145,0.127325,0.000256,0.962965,0.455907,1.0,1.0,0.016667,0,,80,80,C04_S_THRESHOLD,,,,,80,,,,,0,0,0,0,,0,0,0,0,0.455907,,,0.198392,,,0,,0,0.0,0.0,0,65,80,65,25,40,0,65,59,59,0
grand_sim_v0_6,topology_misclassification_async,topology_drift,low_stress,1,10191,ring_mesh,star_adjacent,160,0.06,0.1,0.04,0.32,1.2,0.2,0.08,0.06,0.12,0.0075,0.006735,0.3,0.25,0.1,,0.3,,,,,,0.25,0.98563,0.137792,0.157951,0.000439,0.960559,0.410129,1.0,1.0,0.016667,0,,80,80,C04_S_THRESHOLD,,,,,80,,,,,0,0,0,0,,0,0,0,0,0.410129,,,0.202597,,,0,,0,0.0,0.0,0,65,80,65,25,40,0,65,59,59,0
grand_sim_v0_6,topology_misclassification_async,topology_drift,low_stress,2,10192,ring_mesh,star_adjacent,160,0.06,0.1,0.04,0.32,1.2,0.2,0.08,0.06,0.12,0.0075,0.006735,0.3,0.25,0.1,,0.3,,,,,,0.25,0.985994,0.15962,0.140603,7.4e-05,0.954638,0.442942,1.0,1.0,0.016667,0,,80,80,C04_S_THRESHOLD,,,,,80,,,,,0,0,0,0,,0,0,0,0,0.442942,,,0.202541,,,0,,0,0.0,0.0,0,65,80,65,25,40,0,65,59,59,0
grand_sim_v0_6,topology_misclassification_async,topology_drift,low_stress,3,10193,ring_mesh,star_adjacent,160,0.06,0.1,0.04,0.32,1.2,0.2,0.08,0.06,0.12,0.0075,0.006735,0.3,0.25,0.1,,0.3,,,,,,0.25,0.985736,0.144159,0.133951,0.000277,0.962632,0.443284,1.0,1.0,0.016667,0,,80,80,C04_S_THRESHOLD,,,,,86,,,,,6,0,0,0,,0,0,0,0,0.443284,,,0.200509,,,0,,0,0.0,0.0,0,65,80,65,25,40,0,65,59,59,0
grand_sim_v0_6,topology_misclassification_async,topology_drift,low_stress,4,10194,ring_mesh,star_adjacent,160,0.06,0.1,0.04,0.32,1.2,0.2,0.08,0.06,0.12,0.0075,0.006735,0.3,0.25,0.1,,0.3,,,,,,0.25,0.985375,0.122514,0.141825,9.2e-05,0.961104,0.424982,1.0,1.0,0.016667,0,,80,80,C04_S_THRESHOLD,,,,,86,,,,,6,0,0,0,,0,0,0,0,0.424982,,,0.198235,,,0,,0,0.0,0.0,0,65,80,65,25,40,0,65,59,59,0
grand_sim_v0_6,topology_misclassification_async,topology_drift,low_stress,5,10195,ring_mesh,star_adjacent,160,0.06,0.1,0.04,0.32,1.2,0.2,0.08,0.06,0.12,0.0075,0.006735,0.3,0.25,0.1,,0.3,,,,,,0.25,0.985307,0.118438,0.136495,0.000546,0.962806,0.418745,1.0,1.0,0.016667,0,,80,80,C04_S_THRESHOLD,,,,,90,,,,,10,0,0,0,,0,0,0,0,0.418745,,,0.202921,,,0,,0,0.0,0.0,0,65,80,65,25,40,0,65,59,59,0
grand_sim_v0_6,topology_misclassification_async,topology_drift,low_stress,6,10196,ring_mesh,star_adjacent,160,0.06,0.1,0.04,0.32,1.2,0.2,0.08,0.06,0.12,0.0075,0.006735,0.3,0.25,0.1,,0.3,,,,,,0.25,0.98658,0.194819,0.155857,0.000126,0.959812,0.446469,1.0,1.0,0.016667,0,,80,80,C04_S_THRESHOLD,,,,,80,,,,,0,0,0,0,,0,0,0,0,0.446469,,,0.200966,,,0,,0,0.0,0.0,0,65,80,65,25,40,0,65,59,59,0
grand_sim_v0_6,topology_misclassification_async,topology_drift,low_stress,7,10197,ring_mesh,star_adjacent,160,0.06,0.1,0.04,0.32,1.2,0.2,0.08,0.06,0.12,0.0075,0.006735,0.3,0.25,0.1,,0.3,,,,,,0.25,0.986443,0.186608,0.135734,0.000122,0.960251,0.457463,1.0,1.0,0.016667,0,,80,80,C04_S_THRESHOLD,,,,,80,,,,,0,0,0,0,,0,0,0,0,0.457463,,,0.202069,,,0,,0,0.0,0.0,0,65,80,65,25,40,0,65,59,59,0
grand_sim_v0_6,topology_misclassification_async,topology_drift,low_stress,8,10198,ring_mesh,star_adjacent,160,0.06,0.1,0.04,0.32,1.2,0.2,0.08,0.06,0.12,0.0075,0.006735,0.3,0.25,0.1,,0.3,,,,,,0.25,0.985798,0.1479,0.171831,0.000529,0.961907,0.41142,1.0,1.0,0.016667,0,,80,80,C04_S_THRESHOLD,,,,,80,,,,,0,0,0,0,,0,0,0,0,0.41142,,,0.20188,,,0,,0,0.0,0.0,0,65,80,65,25,40,0,65,59,59,0
grand_sim_v0_6,topology_misclassification_async,topology_drift,low_stress,9,10199,ring_mesh,star_adjacent,160,0.06,0.1,0.04,0.32,1.2,0.2,0.08,0.06,0.12,0.0075,0.006735,0.3,0.25,0.1,,0.3,,,,,,0.25,0.985933,0.155959,0.141283,0.000524,0.962926,0.445271,1.0,1.0,0.016667,0,,80,80,C04_S_THRESHOLD,,,,,87,,,,,7,0,0,0,,0,0,0,0,0.445271,,,0.198607,,,0,,0,0.0,0.0,0,65,80,65,25,40,0,65,59,59,0
grand_sim_v0_6,topology_misclassification_async,topology_drift,mid_stress,0,10200,ring_mesh,star_adjacent,160,0.1,0.08,0.06,0.29,1.6,0.12,0.1,0.08,0.16,0.0095,0.00791,0.3,0.25,0.1,,0.3,,,,,,0.28,0.03,0.03,0.18211,1.0,0.045329,0.155813,0.0,0.0,1.0,1,113,80,80,C04_S_THRESHOLD,111,113,,115,80,31,33,,35,0,1,0,0,,15,39,4,1,0.158353,,,0.09295,,,0,,0,0.0,0.0,0,65,80,65,25,40,0,65,59,59,0
grand_sim_v0_6,topology_misclassification_async,topology_drift,mid_stress,1,10201,ring_mesh,star_adjacent,160,0.1,0.08,0.06,0.29,1.6,0.12,0.1,0.08,0.16,0.0095,0.00791,0.3,0.25,0.1,,0.3,,,,,,0.28,0.03,0.03,0.161162,0.99932,0.049231,0.160229,0.0,0.0,1.0,1,115,80,80,C04_S_THRESHOLD,113,115,,117,80,33,35,,37,0,1,0,0,,17,39,5,1,0.182183,,,0.093482,,,0,,0,0.0,0.0,0,65,80,65,25,40,0,65,59,59,0
grand_sim_v0_6,topology_misclassification_async,topology_drift,mid_stress,2,10202,ring_mesh,star_adjacent,160,0.1,0.08,0.06,0.29,1.6,0.12,0.1,0.08,0.16,0.0095,0.00791,0.3,0.25,0.1,,0.3,,,,,,0.28,0.03,0.03,0.157432,0.999513,0.044497,0.157875,0.0,0.0,1.0,1,112,80,80,C04_S_THRESHOLD,111,112,,115,80,31,32,,35,0,1,0,0,,15,40,5,1,0.17904,,,0.092722,,,0,,0,0.0,0.0,0,65,80,65,25,40,0,65,59,59,0
grand_sim_v0_6,topology_misclassification_async,topology_drift,mid_stress,3,10203,ring_mesh,star_adjacent,160,0.1,0.08,0.06,0.29,1.6,0.12,0.1,0.08,0.16,0.0095,0.00791,0.3,0.25,0.1,,0.3,,,,,,0.28,0.03,0.03,0.15702,0.999616,0.045778,0.16125,0.0,0.0,1.0,1,113,80,80,C04_S_THRESHOLD,111,113,,115,80,31,33,,35,0,1,0,0,,14,40,4,0,0.180181,,,0.092886,,,0,,0,0.0,0.0,0,65,80,65,25,40,0,65,59,59,0
grand_sim_v0_6,topology_misclassification_async,topology_drift,mid_stress,4,10204,ring_mesh,star_adjacent,160,0.1,0.08,0.06,0.29,1.6,0.12,0.1,0.08,0.16,0.0095,0.00791,0.3,0.25,0.1,,0.3,,,,,,0.28,0.03,0.03,0.174396,1.0,0.044989,0.156552,0.0,0.0,1.0,1,114,80,80,C04_S_THRESHOLD,110,114,,116,80,30,34,,36,0,1,0,0,,15,39,7,3,0.165822,,,0.092664,,,0,,0,0.0,0.0,0,65,80,65,25,40,0,65,59,59,0
grand_sim_v0_6,topology_misclassification_async,topology_drift,mid_stress,5,10205,ring_mesh,star_adjacent,160,0.1,0.08,0.06,0.29,1.6,0.12,0.1,0.08,0.16,0.0095,0.00791,0.3,0.25,0.1,,0.3,,,,,,0.28,0.03,0.03,0.156411,0.99944,0.048355,0.162491,0.0,0.0,1.0,1,113,80,80,C04_S_THRESHOLD,111,113,,115,80,31,33,,35,0,1,0,0,,14,39,3,0,0.180628,,,0.093295,,,0,,0,0.0,0.0,0,65,80,65,25,40,0,65,59,59,0
grand_sim_v0_6,topology_misclassification_async,topology_drift,mid_stress,6,10206,ring_mesh,star_adjacent,160,0.1,0.08,0.06,0.29,1.6,0.12,0.1,0.08,0.16,0.0095,0.00791,0.3,0.25,0.1,,0.3,,,,,,0.28,0.03,0.03,0.152177,0.999345,0.048223,0.161584,0.0,0.0,1.0,1,114,80,80,C04_S_THRESHOLD,110,114,,116,80,30,34,,36,0,1,0,0,,14,38,3,0,0.184213,,,0.093371,,,0,,0,0.0,0.0,0,65,80,65,25,40,0,65,59,59,0
grand_sim_v0_6,topology_misclassification_async,topology_drift,mid_stress,7,10207,ring_mesh,star_adjacent,160,0.1,0.08,0.06,0.29,1.6,0.12,0.1,0.08,0.16,0.0095,0.00791,0.3,0.25,0.1,,0.3,,,,,,0.28,0.03,0.03,0.173924,1.0,0.044113,0.154694,0.0,0.0,1.0,1,112,80,80,C04_S_THRESHOLD,109,112,,114,80,29,32,,34,0,1,0,0,,14,41,3,0,0.164928,,,0.092853,,,0,,0,0.0,0.0,0,65,80,65,25,40,0,65,59,59,0
grand_sim_v0_6,topology_misclassification_async,topology_drift,mid_stress,8,10208,ring_mesh,star_adjacent,160,0.1,0.08,0.06,0.29,1.6,0.12,0.1,0.08,0.16,0.0095,0.00791,0.3,0.25,0.1,,0.3,,,,,,0.28,0.03,0.03,0.163012,0.999706,0.044039,0.157826,0.0,0.0,1.0,1,113,80,80,C04_S_THRESHOLD,108,113,,114,80,28,33,,34,0,1,0,0,,14,41,3,0,0.174165,,,0.092607,,,0,,0,0.0,0.0,0,65,80,65,25,40,0,65,59,59,0
grand_sim_v0_6,topology_misclassification_async,topology_drift,mid_stress,9,10209,ring_mesh,star_adjacent,160,0.1,0.08,0.06,0.29,1.6,0.12,0.1,0.08,0.16,0.0095,0.00791,0.3,0.25,0.1,,0.3,,,,,,0.28,0.03,0.03,0.160926,0.999901,0.043976,0.16064,0.0,0.0,1.0,1,112,80,80,C04_S_THRESHOLD,109,112,,113,80,29,32,,33,0,1,0,0,,13,39,3,0,0.171546,,,0.092728,,,0,,0,0.0,0.0,0,65,80,65,25,40,0,65,59,59,0
grand_sim_v0_6,topology_misclassification_async,topology_drift,high_stress,0,10210,ring_mesh,star_adjacent,160,0.14,0.05,0.09,0.26,2.0,0.06,0.13,0.1,0.2,0.012,0.00998,0.3,0.25,0.1,,0.3,,,,,,0.31,0.03,0.03,0.190483,1.0,0.0,0.143486,0.0,0.0,1.0,1,34,130,30,C04_S_THRESHOLD,33,34,,35,38,3,4,,5,8,1,0,0,,0,122,0,0,0.162518,,,0.047813,,,0,,0,0.0,0.0,0,65,80,65,25,40,0,65,59,59,0
grand_sim_v0_6,topology_misclassification_async,topology_drift,high_stress,1,10211,ring_mesh,star_adjacent,160,0.14,0.05,0.09,0.26,2.0,0.06,0.13,0.1,0.2,0.012,0.00998,0.3,0.25,0.1,,0.3,,,,,,0.31,0.03,0.03,0.207719,1.0,0.0,0.138589,0.0,0.0,1.0,1,32,131,29,C04_S_THRESHOLD,31,32,,33,37,2,3,,4,8,1,0,0,,0,120,0,0,0.151916,,,0.047738,,,0,,0,0.0,0.0,0,65,80,65,25,40,0,65,59,59,0
grand_sim_v0_6,topology_misclassification_async,topology_drift,high_stress,2,10212,ring_mesh,star_adjacent,160,0.14,0.05,0.09,0.26,2.0,0.06,0.13,0.1,0.2,0.012,0.00998,0.3,0.25,0.1,,0.3,,,,,,0.31,0.03,0.03,0.210691,1.0,0.0,0.138757,0.0,0.0,1.0,1,34,130,30,C04_S_THRESHOLD,33,34,,35,38,3,4,,5,8,1,0,0,,0,120,0,0,0.149729,,,0.047448,,,0,,0,0.0,0.0,0,65,80,65,25,40,0,65,59,59,0
grand_sim_v0_6,topology_misclassification_async,topology_drift,high_stress,3,10213,ring_mesh,star_adjacent,160,0.14,0.05,0.09,0.26,2.0,0.06,0.13,0.1,0.2,0.012,0.00998,0.3,0.25,0.1,,0.3,,,,,,0.31,0.03,0.03,0.222892,1.0,0.0,0.133733,0.0,0.0,1.0,1,33,130,30,C04_S_THRESHOLD,32,33,,34,37,2,3,,4,7,1,0,0,,0,121,2,2,0.151839,,,0.047595,,,0,,0,0.0,0.0,0,65,80,65,25,40,0,65,59,59,0
grand_sim_v0_6,topology_misclassification_async,topology_drift,high_stress,4,10214,ring_mesh,star_adjacent,160,0.14,0.05,0.09,0.26,2.0,0.06,0.13,0.1,0.2,0.012,0.00998,0.3,0.25,0.1,,0.3,,,,,,0.31,0.03,0.03,0.182508,1.0,0.0,0.146609,0.0,0.0,1.0,1,33,129,31,C04_S_THRESHOLD,32,33,,35,38,1,2,,4,7,1,0,0,,0,120,4,4,0.162935,,,0.047796,,,0,,0,0.0,0.0,0,65,80,65,25,40,0,65,59,59,0
grand_sim_v0_6,topology_misclassification_async,topology_drift,high_stress,5,10215,ring_mesh,star_adjacent,160,0.14,0.05,0.09,0.26,2.0,0.06,0.13,0.1,0.2,0.012,0.00998,0.3,0.25,0.1,,0.3,,,,,,0.31,0.03,0.03,0.185515,1.0,0.0,0.145865,0.0,0.0,1.0,1,35,129,31,C04_S_THRESHOLD,32,35,,35,39,1,4,,4,8,1,0,0,,0,119,2,2,0.163029,,,0.04769,,,0,,0,0.0,0.0,0,65,80,65,25,40,0,65,59,59,0
grand_sim_v0_6,topology_misclassification_async,topology_drift,high_stress,6,10216,ring_mesh,star_adjacent,160,0.14,0.05,0.09,0.26,2.0,0.06,0.13,0.1,0.2,0.012,0.00998,0.3,0.25,0.1,,0.3,,,,,,0.31,0.03,0.03,0.190639,1.0,0.0,0.142847,0.0,0.0,1.0,1,32,130,30,C04_S_THRESHOLD,30,32,,33,37,0,2,,3,7,1,0,0,,0,120,0,0,0.161828,,,0.04774,,,0,,0,0.0,0.0,0,65,80,65,25,40,0,65,59,59,0
grand_sim_v0_6,topology_misclassification_async,topology_drift,high_stress,7,10217,ring_mesh,star_adjacent,160,0.14,0.05,0.09,0.26,2.0,0.06,0.13,0.1,0.2,0.012,0.00998,0.3,0.25,0.1,,0.3,,,,,,0.31,0.03,0.03,0.212498,1.0,0.0,0.140715,0.0,0.0,1.0,1,34,129,31,C04_S_THRESHOLD,32,34,,35,38,1,3,,4,7,1,0,0,,0,121,0,0,0.147794,,,0.047695,,,0,,0,0.0,0.0,0,65,80,65,25,40,0,65,59,59,0
grand_sim_v0_6,topology_misclassification_async,topology_drift,high_stress,8,10218,ring_mesh,star_adjacent,160,0.14,0.05,0.09,0.26,2.0,0.06,0.13,0.1,0.2,0.012,0.00998,0.3,0.25,0.1,,0.3,,,,,,0.31,0.03,0.03,0.192563,1.0,0.0,0.141921,0.0,0.0,1.0,1,34,130,30,C04_S_THRESHOLD,32,34,,34,38,2,4,,4,8,1,0,0,,0,120,0,0,0.157603,,,0.047561,,,0,,0,0.0,0.0,0,65,80,65,25,40,0,65,59,59,0
grand_sim_v0_6,topology_misclassification_async,topology_drift,high_stress,9,10219,ring_mesh,star_adjacent,160,0.14,0.05,0.09,0.26,2.0,0.06,0.13,0.1,0.2,0.012,0.00998,0.3,0.25,0.1,,0.3,,,,,,0.31,0.03,0.03,0.187047,1.0,0.0,0.14533,0.0,0.0,1.0,1,33,130,30,C04_S_THRESHOLD,32,33,,34,37,2,3,,4,7,1,0,0,,0,122,0,0,0.16038,,,0.047838,,,0,,0,0.0,0.0,0,65,80,65,25,40,0,65,59,59,0
grand_sim_v0_6,mixed_hia_identity,identity,low_stress,0,10220,ring_mesh,ring_mesh,160,0.06,0.1,0.04,0.32,1.2,0.2,0.08,0.06,0.12,0.0075,0.006735,0.3,0.25,0.1,,0.3,,,,,,0.03,0.867176,0.527012,0.085794,0.0,0.519669,0.815987,1.0,1.0,0.0,0,,0,,,,,,,,,,,,,0,0,0,,0,0,0,0,,,,,,,0,,0,0.0,0.0,0,,0,0,0,0,0,0,,,
grand_sim_v0_6,mixed_hia_identity,identity,low_stress,1,10221,ring_mesh,ring_mesh,160,0.06,0.1,0.04,0.32,1.2,0.2,0.08,0.06,0.12,0.0075,0.006735,0.3,0.25,0.1,,0.3,,,,,,0.03,0.884023,0.491422,0.092735,0.0,0.517677,0.822455,1.0,1.0,0.0,0,,0,,,,,,,,,,,,,0,0,0,,0,0,0,0,,,,,,,0,,0,0.0,0.0,0,,0,0,0,0,0,0,,,
grand_sim_v0_6,mixed_hia_identity,identity,low_stress,2,10222,ring_mesh,ring_mesh,160,0.06,0.1,0.04,0.32,1.2,0.2,0.08,0.06,0.12,0.0075,0.006735,0.3,0.25,0.1,,0.3,,,,,,0.03,0.877492,0.499796,0.087485,0.0,0.514443,0.819501,1.0,1.0,0.0,0,,0,,,,,,,,,,,,,0,0,0,,0,0,0,0,,,,,,,0,,0,0.0,0.0,0,,0,0,0,0,0,0,,,
grand_sim_v0_6,mixed_hia_identity,identity,low_stress,3,10223,ring_mesh,ring_mesh,160,0.06,0.1,0.04,0.32,1.2,0.2,0.08,0.06,0.12,0.0075,0.006735,0.3,0.25,0.1,,0.3,,,,,,0.03,0.883034,0.545352,0.091521,0.0,0.519633,0.822617,1.0,1.0,0.0,0,,0,,,,,,,,,,,,,0,0,0,,0,0,0,0,,,,,,,0,,0,0.0,0.0,0,,0,0,0,0,0,0,,,
grand_sim_v0_6,mixed_hia_identity,identity,low_stress,4,10224,ring_mesh,ring_mesh,160,0.06,0.1,0.04,0.32,1.2,0.2,0.08,0.06,0.12,0.0075,0.006735,0.3,0.25,0.1,,0.3,,,,,,0.03,0.832805,0.373586,0.087218,0.0,0.518142,0.798911,1.0,1.0,0.0,0,,0,,,,,,,,,,,,,0,0,0,,0,0,0,0,,,,,,,0,,0,0.0,0.0,0,,0,0,0,0,0,0,,,
grand_sim_v0_6,mixed_hia_identity,identity,low_stress,5,10225,ring_mesh,ring_mesh,160,0.06,0.1,0.04,0.32,1.2,0.2,0.08,0.06,0.12,0.0075,0.006735,0.3,0.25,0.1,,0.3,,,,,,0.03,0.868513,0.460659,0.088686,0.0,0.510807,0.814187,1.0,1.0,0.0,0,,0,,,,,,,,,,,,,0,0,0,,0,0,0,0,,,,,,,0,,0,0.0,0.0,0,,0,0,0,0,0,0,,,
grand_sim_v0_6,mixed_hia_identity,identity,low_stress,6,10226,ring_mesh,ring_mesh,160,0.06,0.1,0.04,0.32,1.2,0.2,0.08,0.06,0.12,0.0075,0.006735,0.3,0.25,0.1,,0.3,,,,,,0.03,0.836811,0.38352,0.09181,0.0,0.518076,0.800038,1.0,1.0,0.0,0,,0,,,,,,,,,,,,,0,0,0,,0,0,0,0,,,,,,,0,,0,0.0,0.0,0,,0,0,0,0,0,0,,,
grand_sim_v0_6,mixed_hia_identity,identity,low_stress,7,10227,ring_mesh,ring_mesh,160,0.06,0.1,0.04,0.32,1.2,0.2,0.08,0.06,0.12,0.0075,0.006735,0.3,0.25,0.1,,0.3,,,,,,0.03,0.857105,0.398779,0.092828,0.0,0.516645,0.809292,1.0,1.0,0.0,0,,0,,,,,,,,,,,,,0,0,0,,0,0,0,0,,,,,,,0,,0,0.0,0.0,0,,0,0,0,0,0,0,,,
grand_sim_v0_6,mixed_hia_identity,identity,low_stress,8,10228,ring_mesh,ring_mesh,160,0.06,0.1,0.04,0.32,1.2,0.2,0.08,0.06,0.12,0.0075,0.006735,0.3,0.25,0.1,,0.3,,,,,,0.03,0.850369,0.434621,0.083458,0.0,0.520263,0.808447,1.0,1.0,0.0,0,,0,,,,,,,,,,,,,0,0,0,,0,0,0,0,,,,,,,0,,0,0.0,0.0,0,,0,0,0,0,0,0,,,
grand_sim_v0_6,mixed_hia_identity,identity,low_stress,9,10229,ring_mesh,ring_mesh,160,0.06,0.1,0.04,0.32,1.2,0.2,0.08,0.06,0.12,0.0075,0.006735,0.3,0.25,0.1,,0.3,,,,,,0.03,0.900545,0.633109,0.080383,0.0,0.516739,0.832279,1.0,1.0,0.0,0,,0,,,,,,,,,,,,,0,0,0,,0,0,0,0,,,,,,,0,,0,0.0,0.0,0,,0,0,0,0,0,0,,,
grand_sim_v0_6,mixed_hia_identity,identity,mid_stress,0,10230,ring_mesh,ring_mesh,160,0.1,0.08,0.06,0.29,1.6,0.12,0.1,0.08,0.16,0.0095,0.00791,0.3,0.25,0.1,,0.3,,,,,,0.06,0.837345,0.518086,0.101149,0.0,0.487137,0.791901,0.997519,0.997519,0.0,0,,0,,,,,,,,,,,,,0,0,0,,0,0,0,0,,,,,,,0,,0,0.0,0.0,0,,0,0,0,0,0,0,,,
grand_sim_v0_6,mixed_hia_identity,identity,mid_stress,1,10231,ring_mesh,ring_mesh,160,0.1,0.08,0.06,0.29,1.6,0.12,0.1,0.08,0.16,0.0095,0.00791,0.3,0.25,0.1,,0.3,,,,,,0.06,0.851577,0.53649,0.097955,0.0,0.493244,0.800618,1.0,1.0,0.0,0,,0,,,,,,,,,,,,,0,0,0,,0,0,0,0,,,,,,,0,,0,0.0,0.0,0,,0,0,0,0,0,0,,,
grand_sim_v0_6,mixed_hia_identity,identity,mid_stress,2,10232,ring_mesh,ring_mesh,160,0.1,0.08,0.06,0.29,1.6,0.12,0.1,0.08,0.16,0.0095,0.00791,0.3,0.25,0.1,,0.3,,,,,,0.06,0.822236,0.258972,0.096592,0.0,0.493776,0.786883,0.967393,0.967393,0.016667,0,,0,,,,,,,,,,,,,0,0,0,,0,0,0,0,,,,,,,0,,0,0.0,0.0,0,,0,0,0,0,0,0,,,
grand_sim_v0_6,mixed_hia_identity,identity,mid_stress,3,10233,ring_mesh,ring_mesh,160,0.1,0.08,0.06,0.29,1.6,0.12,0.1,0.08,0.16,0.0095,0.00791,0.3,0.25,0.1,,0.3,,,,,,0.06,0.809456,0.276531,0.093617,0.0,0.488613,0.780119,0.92474,0.92474,0.016667,0,,0,,,,,,,,,,,,,0,0,0,,0,0,0,0,,,,,,,0,,0,0.0,0.0,0,,0,0,0,0,0,0,,,
grand_sim_v0_6,mixed_hia_identity,identity,mid_stress,4,10234,ring_mesh,ring_mesh,160,0.1,0.08,0.06,0.29,1.6,0.12,0.1,0.08,0.16,0.0095,0.00791,0.3,0.25,0.1,,0.3,,,,,,0.06,0.841198,0.507811,0.101616,0.0,0.491464,0.794622,1.0,1.0,0.0,0,,0,,,,,,,,,,,,,0,0,0,,0,0,0,0,,,,,,,0,,0,0.0,0.0,0,,0,0,0,0,0,0,,,
grand_sim_v0_6,mixed_hia_identity,identity,mid_stress,5,10235,ring_mesh,ring_mesh,160,0.1,0.08,0.06,0.29,1.6,0.12,0.1,0.08,0.16,0.0095,0.00791,0.3,0.25,0.1,,0.3,,,,,,0.06,0.824878,0.567104,0.102891,0.0,0.48345,0.784809,0.972883,0.972883,0.0,0,,0,,,,,,,,,,,,,0,0,0,,0,0,0,0,,,,,,,0,,0,0.0,0.0,0,,0,0,0,0,0,0,,,
grand_sim_v0_6,mixed_hia_identity,identity,mid_stress,6,10236,ring_mesh,ring_mesh,160,0.1,0.08,0.06,0.29,1.6,0.12,0.1,0.08,0.16,0.0095,0.00791,0.3,0.25,0.1,,0.3,,,,,,0.06,0.853091,0.534367,0.098409,0.0,0.498931,0.802519,1.0,1.0,0.0,0,,0,,,,,,,,,,,,,0,0,0,,0,0,0,0,,,,,,,0,,0,0.0,0.0,0,,0,0,0,0,0,0,,,
grand_sim_v0_6,mixed_hia_identity,identity,mid_stress,7,10237,ring_mesh,ring_mesh,160,0.1,0.08,0.06,0.29,1.6,0.12,0.1,0.08,0.16,0.0095,0.00791,0.3,0.25,0.1,,0.3,,,,,,0.06,0.845897,0.52336,0.094819,0.0,0.491143,0.797963,1.0,1.0,0.0,0,,0,,,,,,,,,,,,,0,0,0,,0,0,0,0,,,,,,,0,,0,0.0,0.0,0,,0,0,0,0,0,0,,,
grand_sim_v0_6,mixed_hia_identity,identity,mid_stress,8,10238,ring_mesh,ring_mesh,160,0.1,0.08,0.06,0.29,1.6,0.12,0.1,0.08,0.16,0.0095,0.00791,0.3,0.25,0.1,,0.3,,,,,,0.06,0.868587,0.586282,0.09716,0.0,0.495197,0.809348,1.0,1.0,0.0,0,,0,,,,,,,,,,,,,0,0,0,,0,0,0,0,,,,,,,0,,0,0.0,0.0,0,,0,0,0,0,0,0,,,
grand_sim_v0_6,mixed_hia_identity,identity,mid_stress,9,10239,ring_mesh,ring_mesh,160,0.1,0.08,0.06,0.29,1.6,0.12,0.1,0.08,0.16,0.0095,0.00791,0.3,0.25,0.1,,0.3,,,,,,0.06,0.836364,0.450762,0.096436,0.0,0.492073,0.793317,1.0,1.0,0.0,0,,0,,,,,,,,,,,,,0,0,0,,0,0,0,0,,,,,,,0,,0,0.0,0.0,0,,0,0,0,0,0,0,,,
grand_sim_v0_6,mixed_hia_identity,identity,high_stress,0,10240,ring_mesh,ring_mesh,160,0.14,0.05,0.09,0.26,2.0,0.06,0.13,0.1,0.2,0.012,0.00998,0.3,0.25,0.1,,0.3,,,,,,0.09,0.03,0.03,0.113696,1.0,0.0,0.165072,0.0,0.0,1.0,1,30,130,30,C04_S_THRESHOLD,27,30,,31,35,-3,0,,1,5,0,0,0,,0,123,0,0,,,,,,,0,,0,0.0,0.0,0,,0,0,0,0,0,0,,,
grand_sim_v0_6,mixed_hia_identity,identity,high_stress,1,10241,ring_mesh,ring_mesh,160,0.14,0.05,0.09,0.26,2.0,0.06,0.13,0.1,0.2,0.012,0.00998,0.3,0.25,0.1,,0.3,,,,,,0.09,0.03,0.03,0.115748,1.0,0.0,0.164723,0.0,0.0,1.0,1,27,132,28,C04_S_THRESHOLD,26,27,,29,34,-2,-1,,1,6,0,0,0,,0,125,0,0,,,,,,,0,,0,0.0,0.0,0,,0,0,0,0,0,0,,,
grand_sim_v0_6,mixed_hia_identity,identity,high_stress,2,10242,ring_mesh,ring_mesh,160,0.14,0.05,0.09,0.26,2.0,0.06,0.13,0.1,0.2,0.012,0.00998,0.3,0.25,0.1,,0.3,,,,,,0.09,0.03,0.03,0.111489,1.0,0.0,0.165447,0.0,0.0,1.0,1,30,130,30,C04_S_THRESHOLD,29,30,,31,36,-1,0,,1,6,0,0,0,,0,124,0,0,,,,,,,0,,0,0.0,0.0,0,,0,0,0,0,0,0,,,
grand_sim_v0_6,mixed_hia_identity,identity,high_stress,3,10243,ring_mesh,ring_mesh,160,0.14,0.05,0.09,0.26,2.0,0.06,0.13,0.1,0.2,0.012,0.00998,0.3,0.25,0.1,,0.3,,,,,,0.09,0.03,0.03,0.110666,1.0,0.0,0.165587,0.0,0.0,1.0,1,29,131,29,C04_S_THRESHOLD,28,29,,30,34,-1,0,,1,5,0,0,0,,0,125,0,0,,,,,,,0,,0,0.0,0.0,0,,0,0,0,0,0,0,,,
grand_sim_v0_6,mixed_hia_identity,identity,high_stress,4,10244,ring_mesh,ring_mesh,160,0.14,0.05,0.09,0.26,2.0,0.06,0.13,0.1,0.2,0.012,0.00998,0.3,0.25,0.1,,0.3,,,,,,0.09,0.03,0.03,0.112826,1.0,0.0,0.16522,0.0,0.0,1.0,1,30,130,30,C04_S_THRESHOLD,28,30,,31,35,-2,0,,1,5,0,0,0,,0,125,0,0,,,,,,,0,,0,0.0,0.0,0,,0,0,0,0,0,0,,,
grand_sim_v0_6,mixed_hia_identity,identity,high_stress,5,10245,ring_mesh,ring_mesh,160,0.14,0.05,0.09,0.26,2.0,0.06,0.13,0.1,0.2,0.012,0.00998,0.3,0.25,0.1,,0.3,,,,,,0.09,0.03,0.03,0.111583,1.0,0.0,0.165431,0.0,0.0,1.0,1,27,133,27,C04_S_THRESHOLD,25,27,,28,33,-2,0,,1,6,0,0,0,,0,126,0,0,,,,,,,0,,0,0.0,0.0,0,,0,0,0,0,0,0,,,
grand_sim_v0_6,mixed_hia_identity,identity,high_stress,6,10246,ring_mesh,ring_mesh,160,0.14,0.05,0.09,0.26,2.0,0.06,0.13,0.1,0.2,0.012,0.00998,0.3,0.25,0.1,,0.3,,,,,,0.09,0.03,0.03,0.112681,1.0,0.0,0.165244,0.0,0.0,1.0,1,29,131,29,C04_S_THRESHOLD,28,29,,30,35,-1,0,,1,6,0,0,0,,0,125,0,0,,,,,,,0,,0,0.0,0.0,0,,0,0,0,0,0,0,,,
grand_sim_v0_6,mixed_hia_identity,identity,high_stress,7,10247,ring_mesh,ring_mesh,160,0.14,0.05,0.09,0.26,2.0,0.06,0.13,0.1,0.2,0.012,0.00998,0.3,0.25,0.1,,0.3,,,,,,0.09,0.03,0.03,0.112413,1.0,0.0,0.16529,0.0,0.0,1.0,1,27,132,28,C04_S_THRESHOLD,26,27,,29,34,-2,-1,,1,6,0,0,0,,0,126,0,0,,,,,,,0,,0,0.0,0.0,0,,0,0,0,0,0,0,,,
grand_sim_v0_6,mixed_hia_identity,identity,high_stress,8,10248,ring_mesh,ring_mesh,160,0.14,0.05,0.09,0.26,2.0,0.06,0.13,0.1,0.2,0.012,0.00998,0.3,0.25,0.1,,0.3,,,,,,0.09,0.03,0.03,0.121068,1.0,0.0,0.163818,0.0,0.0,1.0,1,27,133,27,C04_S_THRESHOLD,26,27,,28,33,-1,0,,1,6,0,0,0,,0,127,0,0,,,,,,,0,,0,0.0,0.0,0,,0,0,0,0,0,0,,,
grand_sim_v0_6,mixed_hia_identity,identity,high_stress,9,10249,ring_mesh,ring_mesh,160,0.14,0.05,0.09,0.26,2.0,0.06,0.13,0.1,0.2,0.012,0.00998,0.3,0.25,0.1,,0.3,,,,,,0.09,0.03,0.03,0.117895,1.0,0.0,0.164358,0.0,0.0,1.0,1,26,133,27,C04_S_THRESHOLD,25,26,,28,33,-2,-1,,1,6,0,0,0,,0,127,0,0,,,,,,,0,,0,0.0,0.0,0,,0,0,0,0,0,0,,,
grand_sim_v0_6,governance_capture,governance,low_stress,0,10250,ring_mesh,ring_mesh,160,0.06,0.1,0.04,0.32,1.2,0.2,0.08,0.06,0.12,0.0075,0.006735,0.3,0.25,0.1,,0.3,,,,,,0.03,0.03,0.03,0.106342,0.074266,0.0,0.286667,0.018956,0.0,1.0,1,110,49,111,C04_S_THRESHOLD,109,110,,116,131,-2,-1,,5,20,0,0,0,,99,28,81,0,,,,,,,0,,0,0.0,0.0,0,,0,0,0,0,0,0,,,
grand_sim_v0_6,governance_capture,governance,low_stress,1,10251,ring_mesh,ring_mesh,160,0.06,0.1,0.04,0.32,1.2,0.2,0.08,0.06,0.12,0.0075,0.006735,0.3,0.25,0.1,,0.3,,,,,,0.03,0.03,0.03,0.098305,0.0696,0.0,0.28864,0.011652,0.0,1.0,1,109,49,111,C04_S_THRESHOLD,109,109,,116,129,-2,-2,,5,18,0,0,0,,98,30,81,0,,,,,,,0,,0,0.0,0.0,0,,0,0,0,0,0,0,,,
grand_sim_v0_6,governance_capture,governance,low_stress,2,10252,ring_mesh,ring_mesh,160,0.06,0.1,0.04,0.32,1.2,0.2,0.08,0.06,0.12,0.0075,0.006735,0.3,0.25,0.1,,0.3,,,,,,0.03,0.03,0.03,0.100894,0.069646,0.0,0.288194,0.005721,0.0,1.0,1,110,49,111,C04_S_THRESHOLD,109,110,,114,128,-2,-1,,3,17,0,0,0,,98,31,81,0,,,,,,,0,,0,0.0,0.0,0,,0,0,0,0,0,0,,,
grand_sim_v0_6,governance_capture,governance,low_stress,3,10253,ring_mesh,ring_mesh,160,0.06,0.1,0.04,0.32,1.2,0.2,0.08,0.06,0.12,0.0075,0.006735,0.3,0.25,0.1,,0.3,,,,,,0.03,0.03,0.03,0.09742,0.06706,0.0,0.289121,0.0,0.0,1.0,1,110,49,111,C04_S_THRESHOLD,110,110,,114,126,-1,-1,,3,15,0,0,0,,98,36,81,0,,,,,,,0,,0,0.0,0.0,0,,0,0,0,0,0,0,,,
grand_sim_v0_6,governance_capture,governance,low_stress,4,10254,ring_mesh,ring_mesh,160,0.06,0.1,0.04,0.32,1.2,0.2,0.08,0.06,0.12,0.0075,0.006735,0.3,0.25,0.1,,0.3,,,,,,0.03,0.03,0.03,0.101396,0.067736,0.0,0.288357,0.017539,0.0,1.0,1,112,48,112,C04_S_THRESHOLD,111,112,,119,131,-1,0,,7,19,0,0,0,,99,28,81,0,,,,,,,0,,0,0.0,0.0,0,,0,0,0,0,0,0,,,
grand_sim_v0_6,governance_capture,governance,low_stress,5,10255,ring_mesh,ring_mesh,160,0.06,0.1,0.04,0.32,1.2,0.2,0.08,0.06,0.12,0.0075,0.006735,0.3,0.25,0.1,,0.3,,,,,,0.03,0.03,0.03,0.106737,0.071693,0.0,0.286935,0.015403,0.0,1.0,1,111,48,112,C04_S_THRESHOLD,109,111,,119,130,-3,-1,,7,18,0,0,0,,99,29,81,0,,,,,,,0,,0,0.0,0.0,0,,0,0,0,0,0,0,,,
grand_sim_v0_6,governance_capture,governance,low_stress,6,10256,ring_mesh,ring_mesh,160,0.06,0.1,0.04,0.32,1.2,0.2,0.08,0.06,0.12,0.0075,0.006735,0.3,0.25,0.1,,0.3,,,,,,0.03,0.03,0.03,0.109094,0.072568,0.0,0.28642,0.0081,0.0,1.0,1,110,49,111,C04_S_THRESHOLD,109,110,,117,129,-2,-1,,6,18,0,0,0,,98,31,81,0,,,,,,,0,,0,0.0,0.0,0,,0,0,0,0,0,0,,,
grand_sim_v0_6,governance_capture,governance,low_stress,7,10257,ring_mesh,ring_mesh,160,0.06,0.1,0.04,0.32,1.2,0.2,0.08,0.06,0.12,0.0075,0.006735,0.3,0.25,0.1,,0.3,,,,,,0.03,0.03,0.03,0.101121,0.069087,0.0,0.288228,0.024713,0.0,1.0,1,121,46,114,C04_S_THRESHOLD,110,121,,121,132,-4,7,,7,18,0,0,0,,99,27,82,0,,,,,,,0,,0,0.0,0.0,0,,0,0,0,0,0,0,,,
grand_sim_v0_6,governance_capture,governance,low_stress,8,10258,ring_mesh,ring_mesh,160,0.06,0.1,0.04,0.32,1.2,0.2,0.08,0.06,0.12,0.0075,0.006735,0.3,0.25,0.1,,0.3,,,,,,0.03,0.03,0.03,0.096098,0.068098,0.0,0.289211,0.014312,0.0,1.0,1,111,48,112,C04_S_THRESHOLD,110,111,,117,130,-2,-1,,5,18,0,0,0,,98,29,81,0,,,,,,,0,,0,0.0,0.0,0,,0,0,0,0,0,0,,,
grand_sim_v0_6,governance_capture,governance,low_stress,9,10259,ring_mesh,ring_mesh,160,0.06,0.1,0.04,0.32,1.2,0.2,0.08,0.06,0.12,0.0075,0.006735,0.3,0.25,0.1,,0.3,,,,,,0.03,0.03,0.03,0.102392,0.069949,0.0,0.2879,0.006985,0.0,1.0,1,110,49,111,C04_S_THRESHOLD,109,110,,117,129,-2,-1,,6,18,0,0,0,,98,34,81,0,,,,,,,0,,0,0.0,0.0,0,,0,0,0,0,0,0,,,
grand_sim_v0_6,governance_capture,governance,mid_stress,0,10260,ring_mesh,ring_mesh,160,0.1,0.08,0.06,0.29,1.6,0.12,0.1,0.08,0.16,0.0095,0.00791,0.3,0.25,0.1,,0.3,,,,,,0.06,0.03,0.03,0.112843,0.344426,0.0,0.250441,0.0,0.0,1.0,1,99,62,98,C04_S_THRESHOLD,98,99,,104,109,0,1,,6,11,1,0,0,,94,45,78,0,,,,,,,0,,0,0.0,0.0,0,,0,0,0,0,0,0,,,
grand_sim_v0_6,governance_capture,governance,mid_stress,1,10261,ring_mesh,ring_mesh,160,0.1,0.08,0.06,0.29,1.6,0.12,0.1,0.08,0.16,0.0095,0.00791,0.3,0.25,0.1,,0.3,,,,,,0.06,0.03,0.03,0.109997,0.35116,0.0,0.25005,0.0,0.0,1.0,1,98,63,97,C04_S_THRESHOLD,97,98,,101,105,0,1,,4,8,1,0,0,,94,48,78,0,,,,,,,0,,0,0.0,0.0,0,,0,0,0,0,0,0,,,
grand_sim_v0_6,governance_capture,governance,mid_stress,2,10262,ring_mesh,ring_mesh,160,0.1,0.08,0.06,0.29,1.6,0.12,0.1,0.08,0.16,0.0095,0.00791,0.3,0.25,0.1,,0.3,,,,,,0.06,0.03,0.03,0.109189,0.352579,0.0,0.250003,0.0,0.0,1.0,1,98,62,98,C04_S_THRESHOLD,97,98,,103,108,-1,0,,5,10,0,0,0,,94,45,78,0,,,,,,,0,,0,0.0,0.0,0,,0,0,0,0,0,0,,,
grand_sim_v0_6,governance_capture,governance,mid_stress,3,10263,ring_mesh,ring_mesh,160,0.1,0.08,0.06,0.29,1.6,0.12,0.1,0.08,0.16,0.0095,0.00791,0.3,0.25,0.1,,0.3,,,,,,0.06,0.03,0.03,0.112253,0.365591,0.0,0.24779,0.0,0.0,1.0,1,98,62,98,C04_S_THRESHOLD,97,98,,103,108,-1,0,,5,10,0,0,0,,94,45,78,0,,,,,,,0,,0,0.0,0.0,0,,0,0,0,0,0,0,,,
grand_sim_v0_6,governance_capture,governance,mid_stress,4,10264,ring_mesh,ring_mesh,160,0.1,0.08,0.06,0.29,1.6,0.12,0.1,0.08,0.16,0.0095,0.00791,0.3,0.25,0.1,,0.3,,,,,,0.06,0.03,0.03,0.121763,0.365802,0.0,0.246146,0.0,0.0,1.0,1,98,63,97,C04_S_THRESHOLD,97,98,,101,104,0,1,,4,7,1,0,0,,94,50,78,0,,,,,,,0,,0,0.0,0.0,0,,0,0,0,0,0,0,,,
grand_sim_v0_6,governance_capture,governance,mid_stress,5,10265,ring_mesh,ring_mesh,160,0.1,0.08,0.06,0.29,1.6,0.12,0.1,0.08,0.16,0.0095,0.00791,0.3,0.25,0.1,,0.3,,,,,,0.06,0.03,0.03,0.114501,0.367251,0.0,0.247192,0.0,0.0,1.0,1,98,64,96,C04_S_THRESHOLD,97,98,,101,104,1,2,,5,8,1,0,0,,94,52,78,0,,,,,,,0,,0,0.0,0.0,0,,0,0,0,0,0,0,,,
grand_sim_v0_6,governance_capture,governance,mid_stress,6,10266,ring_mesh,ring_mesh,160,0.1,0.08,0.06,0.29,1.6,0.12,0.1,0.08,0.16,0.0095,0.00791,0.3,0.25,0.1,,0.3,,,,,,0.06,0.03,0.03,0.114468,0.363586,0.0,0.247674,0.0,0.0,1.0,1,99,62,98,C04_S_THRESHOLD,97,99,,103,109,-1,1,,5,11,0,0,0,,94,47,78,0,,,,,,,0,,0,0.0,0.0,0,,0,0,0,0,0,0,,,
grand_sim_v0_6,governance_capture,governance,mid_stress,7,10267,ring_mesh,ring_mesh,160,0.1,0.08,0.06,0.29,1.6,0.12,0.1,0.08,0.16,0.0095,0.00791,0.3,0.25,0.1,,0.3,,,,,,0.06,0.03,0.03,0.115618,0.368949,0.0,0.246781,0.0,0.0,1.0,1,107,60,100,C04_S_THRESHOLD,98,107,,107,112,-2,7,,7,12,0,0,0,,94,43,78,0,,,,,,,0,,0,0.0,0.0,0,,0,0,0,0,0,0,,,
grand_sim_v0_6,governance_capture,governance,mid_stress,8,10268,ring_mesh,ring_mesh,160,0.1,0.08,0.06,0.29,1.6,0.12,0.1,0.08,0.16,0.0095,0.00791,0.3,0.25,0.1,,0.3,,,,,,0.06,0.03,0.03,0.112517,0.355241,0.0,0.249091,0.0,0.0,1.0,1,100,62,98,C04_S_THRESHOLD,98,100,,104,109,0,2,,6,11,1,0,0,,94,46,78,0,,,,,,,0,,0,0.0,0.0,0,,0,0,0,0,0,0,,,
grand_sim_v0_6,governance_capture,governance,mid_stress,9,10269,ring_mesh,ring_mesh,160,0.1,0.08,0.06,0.29,1.6,0.12,0.1,0.08,0.16,0.0095,0.00791,0.3,0.25,0.1,,0.3,,,,,,0.06,0.03,0.03,0.107139,0.349408,0.0,0.250763,0.0,0.0,1.0,1,99,63,97,C04_S_THRESHOLD,97,99,,102,106,0,2,,5,9,1,0,0,,94,49,78,0,,,,,,,0,,0,0.0,0.0,0,,0,0,0,0,0,0,,,
grand_sim_v0_6,governance_capture,governance,high_stress,0,10270,ring_mesh,ring_mesh,160,0.14,0.05,0.09,0.26,2.0,0.06,0.13,0.1,0.2,0.012,0.00998,0.3,0.25,0.1,,0.3,,,,,,0.09,0.03,0.03,0.130612,1.0,0.0,0.162196,0.0,0.0,1.0,1,28,131,29,C04_S_THRESHOLD,28,28,,30,35,-1,-1,,1,6,0,0,0,,59,125,22,0,,,,,,,0,,0,0.0,0.0,0,,0,0,0,0,0,0,,,
grand_sim_v0_6,governance_capture,governance,high_stress,1,10271,ring_mesh,ring_mesh,160,0.14,0.05,0.09,0.26,2.0,0.06,0.13,0.1,0.2,0.012,0.00998,0.3,0.25,0.1,,0.3,,,,,,0.09,0.03,0.03,0.132234,1.0,0.0,0.16192,0.0,0.0,1.0,1,29,131,29,C04_S_THRESHOLD,27,29,,30,35,-2,0,,1,6,0,0,0,,58,125,21,0,,,,,,,0,,0,0.0,0.0,0,,0,0,0,0,0,0,,,
grand_sim_v0_6,governance_capture,governance,high_stress,2,10272,ring_mesh,ring_mesh,160,0.14,0.05,0.09,0.26,2.0,0.06,0.13,0.1,0.2,0.012,0.00998,0.3,0.25,0.1,,0.3,,,,,,0.09,0.03,0.03,0.129288,1.0,0.0,0.162421,0.0,0.0,1.0,1,28,131,29,C04_S_THRESHOLD,27,28,,29,35,-2,-1,,0,6,0,0,0,,58,124,21,0,,,,,,,0,,0,0.0,0.0,0,,0,0,0,0,0,0,,,
grand_sim_v0_6,governance_capture,governance,high_stress,3,10273,ring_mesh,ring_mesh,160,0.14,0.05,0.09,0.26,2.0,0.06,0.13,0.1,0.2,0.012,0.00998,0.3,0.25,0.1,,0.3,,,,,,0.09,0.03,0.03,0.124109,1.0,0.0,0.163302,0.0,0.0,1.0,1,28,131,29,C04_S_THRESHOLD,27,28,,29,34,-2,-1,,0,5,0,0,0,,57,127,21,0,,,,,,,0,,0,0.0,0.0,0,,0,0,0,0,0,0,,,
grand_sim_v0_6,governance_capture,governance,high_stress,4,10274,ring_mesh,ring_mesh,160,0.14,0.05,0.09,0.26,2.0,0.06,0.13,0.1,0.2,0.012,0.00998,0.3,0.25,0.1,,0.3,,,,,,0.09,0.03,0.03,0.132501,1.0,0.0,0.161875,0.0,0.0,1.0,1,27,132,28,C04_S_THRESHOLD,26,27,,28,33,-2,-1,,0,5,0,0,0,,54,126,17,0,,,,,,,0,,0,0.0,0.0,0,,0,0,0,0,0,0,,,
grand_sim_v0_6,governance_capture,governance,high_stress,5,10275,ring_mesh,ring_mesh,160,0.14,0.05,0.09,0.26,2.0,0.06,0.13,0.1,0.2,0.012,0.00998,0.3,0.25,0.1,,0.3,,,,,,0.09,0.03,0.03,0.135193,1.0,0.0,0.161417,0.0,0.0,1.0,1,29,131,29,C04_S_THRESHOLD,26,29,,30,34,-3,0,,1,5,0,0,0,,57,126,20,0,,,,,,,0,,0,0.0,0.0,0,,0,0,0,0,0,0,,,
grand_sim_v0_6,governance_capture,governance,high_stress,6,10276,ring_mesh,ring_mesh,160,0.14,0.05,0.09,0.26,2.0,0.06,0.13,0.1,0.2,0.012,0.00998,0.3,0.25,0.1,,0.3,,,,,,0.09,0.03,0.03,0.130793,1.0,0.0,0.162165,0.0,0.0,1.0,1,26,133,27,C04_S_THRESHOLD,25,26,,28,33,-2,-1,,1,6,0,0,0,,53,128,17,0,,,,,,,0,,0,0.0,0.0,0,,0,0,0,0,0,0,,,
grand_sim_v0_6,governance_capture,governance,high_stress,7,10277,ring_mesh,ring_mesh,160,0.14,0.05,0.09,0.26,2.0,0.06,0.13,0.1,0.2,0.012,0.00998,0.3,0.25,0.1,,0.3,,,,,,0.09,0.03,0.03,0.12683,1.0,0.0,0.162839,0.0,0.0,1.0,1,26,132,28,C04_S_THRESHOLD,25,26,,28,34,-3,-2,,0,6,0,0,0,,53,126,17,0,,,,,,,0,,0,0.0,0.0,0,,0,0,0,0,0,0,,,
grand_sim_v0_6,governance_capture,governance,high_stress,8,10278,ring_mesh,ring_mesh,160,0.14,0.05,0.09,0.26,2.0,0.06,0.13,0.1,0.2,0.012,0.00998,0.3,0.25,0.1,,0.3,,,,,,0.09,0.03,0.03,0.130958,1.0,0.0,0.162137,0.0,0.0,1.0,1,28,132,28,C04_S_THRESHOLD,26,28,,29,34,-2,0,,1,6,0,0,0,,55,127,20,0,,,,,,,0,,0,0.0,0.0,0,,0,0,0,0,0,0,,,
grand_sim_v0_6,governance_capture,governance,high_stress,9,10279,ring_mesh,ring_mesh,160,0.14,0.05,0.09,0.26,2.0,0.06,0.13,0.1,0.2,0.012,0.00998,0.3,0.25,0.1,,0.3,,,,,,0.09,0.03,0.03,0.131336,1.0,0.0,0.162073,0.0,0.0,1.0,1,27,132,28,C04_S_THRESHOLD,26,27,,29,34,-2,-1,,1,6,0,0,0,,56,125,20,0,,,,,,,0,,0,0.0,0.0,0,,0,0,0,0,0,0,,,
grand_sim_v0_6,trigger_b_deadlock,recovery,low_stress,0,10280,ring_mesh,ring_mesh,160,0.06,0.1,0.04,0.32,1.2,0.2,0.08,0.06,0.12,0.0075,0.006735,0.3,0.25,0.1,,0.3,,,,,,0.03,0.03,0.03,0.143446,0.128213,0.0,0.273347,0.0,0.0,1.0,1,55,107,53,C04_S_THRESHOLD,54,55,,59,58,1,2,,6,5,1,0,83,55,20,95,6,0,,,,,,,82,59,101,0.015908,0.0,0,,0,0,0,0,0,0,,,
grand_sim_v0_6,trigger_b_deadlock,recovery,low_stress,1,10281,ring_mesh,ring_mesh,160,0.06,0.1,0.04,0.32,1.2,0.2,0.08,0.06,0.12,0.0075,0.006735,0.3,0.25,0.1,,0.3,,,,,,0.03,0.03,0.03,0.139406,0.123201,0.0,0.274685,0.0,0.0,1.0,1,55,107,53,C04_S_THRESHOLD,54,55,,59,58,1,2,,6,5,1,0,83,55,20,98,6,0,,,,,,,82,59,101,0.017709,0.0,0,,0,0,0,0,0,0,,,
grand_sim_v0_6,trigger_b_deadlock,recovery,low_stress,2,10282,ring_mesh,ring_mesh,160,0.06,0.1,0.04,0.32,1.2,0.2,0.08,0.06,0.12,0.0075,0.006735,0.3,0.25,0.1,,0.3,,,,,,0.03,0.03,0.03,0.150666,0.1285,0.0,0.272082,0.0,0.0,1.0,1,55,107,53,C04_S_THRESHOLD,54,55,,60,58,1,2,,7,5,1,0,83,55,20,95,6,0,,,,,,,82,59,101,0.017527,0.0,0,,0,0,0,0,0,0,,,
grand_sim_v0_6,trigger_b_deadlock,recovery,low_stress,3,10283,ring_mesh,ring_mesh,160,0.06,0.1,0.04,0.32,1.2,0.2,0.08,0.06,0.12,0.0075,0.006735,0.3,0.25,0.1,,0.3,,,,,,0.03,0.03,0.03,0.158809,0.136057,0.0,0.269715,0.0,0.0,1.0,1,55,107,53,C04_S_THRESHOLD,54,55,,59,58,1,2,,6,5,1,0,83,55,20,99,6,0,,,,,,,82,59,101,0.016722,0.0,0,,0,0,0,0,0,0,,,
grand_sim_v0_6,trigger_b_deadlock,recovery,low_stress,4,10284,ring_mesh,ring_mesh,160,0.06,0.1,0.04,0.32,1.2,0.2,0.08,0.06,0.12,0.0075,0.006735,0.3,0.25,0.1,,0.3,,,,,,0.03,0.03,0.03,0.146972,0.12826,0.0,0.272741,0.0,0.0,1.0,1,55,107,53,C04_S_THRESHOLD,54,55,,58,58,1,2,,5,5,1,0,84,54,20,97,6,0,,,,,,,83,58,102,0.01607,0.0,0,,0,0,0,0,0,0,,,
grand_sim_v0_6,trigger_b_deadlock,recovery,low_stress,5,10285,ring_mesh,ring_mesh,160,0.06,0.1,0.04,0.32,1.2,0.2,0.08,0.06,0.12,0.0075,0.006735,0.3,0.25,0.1,,0.3,,,,,,0.03,0.03,0.03,0.148664,0.128458,0.0,0.272427,0.0,0.0,1.0,1,55,106,54,C04_S_THRESHOLD,55,55,,62,59,1,1,,8,5,1,0,82,56,20,95,6,0,,,,,,,81,60,100,0.017997,0.0,0,,0,0,0,0,0,0,,,
grand_sim_v0_6,trigger_b_deadlock,recovery,low_stress,6,10286,ring_mesh,ring_mesh,160,0.06,0.1,0.04,0.32,1.2,0.2,0.08,0.06,0.12,0.0075,0.006735,0.3,0.25,0.1,,0.3,,,,,,0.03,0.03,0.03,0.140586,0.126665,0.0,0.274034,0.0,0.0,1.0,1,55,107,53,C04_S_THRESHOLD,55,55,,60,59,2,2,,7,6,1,0,83,55,20,95,6,0,,,,,,,82,59,101,0.017458,0.0,0,,0,0,0,0,0,0,,,
grand_sim_v0_6,trigger_b_deadlock,recovery,low_stress,7,10287,ring_mesh,ring_mesh,160,0.06,0.1,0.04,0.32,1.2,0.2,0.08,0.06,0.12,0.0075,0.006735,0.3,0.25,0.1,,0.3,,,,,,0.03,0.03,0.03,0.157966,0.133435,0.0,0.270199,0.0,0.0,1.0,1,55,106,54,C04_S_THRESHOLD,54,55,,60,59,0,1,,6,5,1,0,83,55,20,97,6,0,,,,,,,82,59,101,0.016279,0.0,0,,0,0,0,0,0,0,,,
grand_sim_v0_6,trigger_b_deadlock,recovery,low_stress,8,10288,ring_mesh,ring_mesh,160,0.06,0.1,0.04,0.32,1.2,0.2,0.08,0.06,0.12,0.0075,0.006735,0.3,0.25,0.1,,0.3,,,,,,0.03,0.03,0.03,0.161674,0.13253,0.0,0.269686,0.0,0.0,1.0,1,55,107,53,C04_S_THRESHOLD,54,55,,59,58,1,2,,6,5,1,0,83,55,20,98,6,0,,,,,,,82,59,101,0.016564,0.0,0,,0,0,0,0,0,0,,,
grand_sim_v0_6,trigger_b_deadlock,recovery,low_stress,9,10289,ring_mesh,ring_mesh,160,0.06,0.1,0.04,0.32,1.2,0.2,0.08,0.06,0.12,0.0075,0.006735,0.3,0.25,0.1,,0.3,,,,,,0.03,0.03,0.03,0.148094,0.126922,0.0,0.272724,0.0,0.0,1.0,1,60,106,54,C04_S_THRESHOLD,55,60,,61,59,1,6,,7,5,1,0,82,56,20,95,6,0,,,,,,,81,60,100,0.016271,0.0,0,,0,0,0,0,0,0,,,
grand_sim_v0_6,trigger_b_deadlock,recovery,mid_stress,0,10290,ring_mesh,ring_mesh,160,0.1,0.08,0.06,0.29,1.6,0.12,0.1,0.08,0.16,0.0095,0.00791,0.3,0.25,0.1,,0.3,,,,,,0.06,0.03,0.03,0.175234,0.861707,0.0,0.172588,0.0,0.0,1.0,1,42,118,42,C04_S_THRESHOLD,42,42,,44,44,0,0,,2,2,1,0,87,53,20,112,6,0,,,,,,,87,53,107,0.01586,0.0,0,,0,0,0,0,0,0,,,
grand_sim_v0_6,trigger_b_deadlock,recovery,mid_stress,1,10291,ring_mesh,ring_mesh,160,0.1,0.08,0.06,0.29,1.6,0.12,0.1,0.08,0.16,0.0095,0.00791,0.3,0.25,0.1,,0.3,,,,,,0.06,0.03,0.03,0.170546,0.855272,0.0,0.174222,0.0,0.0,1.0,1,42,119,41,C04_S_THRESHOLD,41,42,,44,44,0,1,,3,3,1,0,87,53,20,113,6,0,,,,,,,87,53,107,0.015914,0.0,0,,0,0,0,0,0,0,,,
grand_sim_v0_6,trigger_b_deadlock,recovery,mid_stress,2,10292,ring_mesh,ring_mesh,160,0.1,0.08,0.06,0.29,1.6,0.12,0.1,0.08,0.16,0.0095,0.00791,0.3,0.25,0.1,,0.3,,,,,,0.06,0.03,0.03,0.188298,0.871573,0.0,0.169085,0.0,0.0,1.0,1,42,119,41,C04_S_THRESHOLD,42,42,,44,44,1,1,,3,3,1,0,87,53,20,113,6,0,,,,,,,87,53,107,0.015912,0.0,0,,0,0,0,0,0,0,,,
grand_sim_v0_6,trigger_b_deadlock,recovery,mid_stress,3,10293,ring_mesh,ring_mesh,160,0.1,0.08,0.06,0.29,1.6,0.12,0.1,0.08,0.16,0.0095,0.00791,0.3,0.25,0.1,,0.3,,,,,,0.06,0.03,0.03,0.175101,0.859249,0.0,0.17293,0.0,0.0,1.0,1,42,119,41,C04_S_THRESHOLD,42,42,,44,44,1,1,,3,3,1,0,87,53,20,113,6,0,,,,,,,87,53,107,0.0159,0.0,0,,0,0,0,0,0,0,,,
grand_sim_v0_6,trigger_b_deadlock,recovery,mid_stress,4,10294,ring_mesh,ring_mesh,160,0.1,0.08,0.06,0.29,1.6,0.12,0.1,0.08,0.16,0.0095,0.00791,0.3,0.25,0.1,,0.3,,,,,,0.06,0.03,0.03,0.174939,0.850679,0.0,0.174072,0.0,0.0,1.0,1,42,119,41,C04_S_THRESHOLD,42,42,,44,44,1,1,,3,3,1,0,87,53,20,113,6,0,,,,,,,87,53,107,0.015885,0.0,0,,0,0,0,0,0,0,,,
grand_sim_v0_6,trigger_b_deadlock,recovery,mid_stress,5,10295,ring_mesh,ring_mesh,160,0.1,0.08,0.06,0.29,1.6,0.12,0.1,0.08,0.16,0.0095,0.00791,0.3,0.25,0.1,,0.3,,,,,,0.06,0.03,0.03,0.173291,0.858631,0.0,0.173318,0.0,0.0,1.0,1,42,119,41,C04_S_THRESHOLD,42,42,,44,44,1,1,,3,3,1,0,87,53,20,114,6,0,,,,,,,87,53,107,0.01592,0.0,0,,0,0,0,0,0,0,,,
grand_sim_v0_6,trigger_b_deadlock,recovery,mid_stress,6,10296,ring_mesh,ring_mesh,160,0.1,0.08,0.06,0.29,1.6,0.12,0.1,0.08,0.16,0.0095,0.00791,0.3,0.25,0.1,,0.3,,,,,,0.06,0.03,0.03,0.170652,0.852416,0.0,0.174575,0.0,0.0,1.0,1,42,119,41,C04_S_THRESHOLD,42,42,,43,44,1,1,,2,3,1,0,87,53,20,114,6,0,,,,,,,87,53,107,0.015934,0.0,0,,0,0,0,0,0,0,,,
grand_sim_v0_6,trigger_b_deadlock,recovery,mid_stress,7,10297,ring_mesh,ring_mesh,160,0.1,0.08,0.06,0.29,1.6,0.12,0.1,0.08,0.16,0.0095,0.00791,0.3,0.25,0.1,,0.3,,,,,,0.06,0.03,0.03,0.173331,0.858272,0.0,0.173358,0.0,0.0,1.0,1,42,118,42,C04_S_THRESHOLD,42,42,,45,45,0,0,,3,3,1,0,87,53,20,113,6,0,,,,,,,87,53,107,0.015914,0.0,0,,0,0,0,0,0,0,,,
grand_sim_v0_6,trigger_b_deadlock,recovery,mid_stress,8,10298,ring_mesh,ring_mesh,160,0.1,0.08,0.06,0.29,1.6,0.12,0.1,0.08,0.16,0.0095,0.00791,0.3,0.25,0.1,,0.3,,,,,,0.06,0.03,0.03,0.163995,0.84836,0.0,0.176234,0.0,0.0,1.0,1,42,119,41,C04_S_THRESHOLD,42,42,,44,44,1,1,,3,3,1,0,87,53,20,113,6,0,,,,,,,87,53,107,0.015922,0.0,0,,0,0,0,0,0,0,,,
grand_sim_v0_6,trigger_b_deadlock,recovery,mid_stress,9,10299,ring_mesh,ring_mesh,160,0.1,0.08,0.06,0.29,1.6,0.12,0.1,0.08,0.16,0.0095,0.00791,0.3,0.25,0.1,,0.3,,,,,,0.06,0.03,0.03,0.177298,0.852089,0.0,0.173488,0.0,0.0,1.0,1,42,119,41,C04_S_THRESHOLD,42,42,,44,44,1,1,,3,3,1,0,87,53,20,113,6,0,,,,,,,87,53,107,0.015902,0.0,0,,0,0,0,0,0,0,,,
grand_sim_v0_6,trigger_b_deadlock,recovery,high_stress,0,10300,ring_mesh,ring_mesh,160,0.14,0.05,0.09,0.26,2.0,0.06,0.13,0.1,0.2,0.012,0.00998,0.3,0.25,0.1,,0.3,,,,,,0.09,0.03,0.03,0.230023,1.0,0.0,0.145296,0.0,0.0,1.0,1,22,137,23,C04_S_THRESHOLD,21,22,,23,26,-2,-1,,0,3,0,0,110,32,0,134,0,0,,,,,,,110,32,128,0.015848,0.0,0,,0,0,0,0,0,0,,,
grand_sim_v0_6,trigger_b_deadlock,recovery,high_stress,1,10301,ring_mesh,ring_mesh,160,0.14,0.05,0.09,0.26,2.0,0.06,0.13,0.1,0.2,0.012,0.00998,0.3,0.25,0.1,,0.3,,,,,,0.09,0.03,0.03,0.231758,1.0,0.0,0.145001,0.0,0.0,1.0,1,21,138,22,C04_S_THRESHOLD,20,21,,23,26,-2,-1,,1,4,0,0,110,32,0,133,0,0,,,,,,,110,32,128,0.01581,0.0,0,,0,0,0,0,0,0,,,
grand_sim_v0_6,trigger_b_deadlock,recovery,high_stress,2,10302,ring_mesh,ring_mesh,160,0.14,0.05,0.09,0.26,2.0,0.06,0.13,0.1,0.2,0.012,0.00998,0.3,0.25,0.1,,0.3,,,,,,0.09,0.03,0.03,0.217189,1.0,0.0,0.147478,0.0,0.0,1.0,1,24,137,23,C04_S_THRESHOLD,21,24,,24,27,-2,1,,1,4,0,0,110,32,0,132,0,0,,,,,,,110,32,128,0.015867,0.0,0,,0,0,0,0,0,0,,,
grand_sim_v0_6,trigger_b_deadlock,recovery,high_stress,3,10303,ring_mesh,ring_mesh,160,0.14,0.05,0.09,0.26,2.0,0.06,0.13,0.1,0.2,0.012,0.00998,0.3,0.25,0.1,,0.3,,,,,,0.09,0.03,0.03,0.222778,1.0,0.0,0.146528,0.0,0.0,1.0,1,23,136,24,C04_S_THRESHOLD,22,23,,25,27,-2,-1,,1,3,0,0,110,32,0,132,0,0,,,,,,,110,32,128,0.015896,0.0,0,,0,0,0,0,0,0,,,
grand_sim_v0_6,trigger_b_deadlock,recovery,high_stress,4,10304,ring_mesh,ring_mesh,160,0.14,0.05,0.09,0.26,2.0,0.06,0.13,0.1,0.2,0.012,0.00998,0.3,0.25,0.1,,0.3,,,,,,0.09,0.03,0.03,0.224214,1.0,0.0,0.146284,0.0,0.0,1.0,1,23,137,23,C04_S_THRESHOLD,22,23,,24,26,-1,0,,1,3,0,0,110,32,0,132,0,0,,,,,,,110,32,128,0.015829,0.0,0,,0,0,0,0,0,0,,,
grand_sim_v0_6,trigger_b_deadlock,recovery,high_stress,5,10305,ring_mesh,ring_mesh,160,0.14,0.05,0.09,0.26,2.0,0.06,0.13,0.1,0.2,0.012,0.00998,0.3,0.25,0.1,,0.3,,,,,,0.09,0.03,0.03,0.221172,1.0,0.0,0.146801,0.0,0.0,1.0,1,22,137,23,C04_S_THRESHOLD,21,22,,24,27,-2,-1,,1,4,0,0,110,32,0,133,0,0,,,,,,,110,32,128,0.015832,0.0,0,,0,0,0,0,0,0,,,
grand_sim_v0_6,trigger_b_deadlock,recovery,high_stress,6,10306,ring_mesh,ring_mesh,160,0.14,0.05,0.09,0.26,2.0,0.06,0.13,0.1,0.2,0.012,0.00998,0.3,0.25,0.1,,0.3,,,,,,0.09,0.03,0.03,0.22806,1.0,0.0,0.14563,0.0,0.0,1.0,1,21,138,22,C04_S_THRESHOLD,19,21,,22,26,-3,-1,,0,4,0,0,110,32,0,133,1,0,,,,,,,110,32,128,0.015804,0.0,0,,0,0,0,0,0,0,,,
grand_sim_v0_6,trigger_b_deadlock,recovery,high_stress,7,10307,ring_mesh,ring_mesh,160,0.14,0.05,0.09,0.26,2.0,0.06,0.13,0.1,0.2,0.012,0.00998,0.3,0.25,0.1,,0.3,,,,,,0.09,0.03,0.03,0.212959,1.0,0.0,0.148197,0.0,0.0,1.0,1,22,138,22,C04_S_THRESHOLD,20,22,,23,26,-2,0,,1,4,0,0,110,32,0,133,0,0,,,,,,,110,32,128,0.015824,0.0,0,,0,0,0,0,0,0,,,
grand_sim_v0_6,trigger_b_deadlock,recovery,high_stress,8,10308,ring_mesh,ring_mesh,160,0.14,0.05,0.09,0.26,2.0,0.06,0.13,0.1,0.2,0.012,0.00998,0.3,0.25,0.1,,0.3,,,,,,0.09,0.03,0.03,0.220993,1.0,0.0,0.146831,0.0,0.0,1.0,1,21,139,21,C04_S_THRESHOLD,20,21,,22,25,-1,0,,1,4,0,0,110,32,0,135,0,0,,,,,,,110,32,128,0.015777,0.0,0,,0,0,0,0,0,0,,,
grand_sim_v0_6,trigger_b_deadlock,recovery,high_stress,9,10309,ring_mesh,ring_mesh,160,0.14,0.05,0.09,0.26,2.0,0.06,0.13,0.1,0.2,0.012,0.00998,0.3,0.25,0.1,,0.3,,,,,,0.09,0.03,0.03,0.225707,1.0,0.0,0.14603,0.0,0.0,1.0,1,22,138,22,C04_S_THRESHOLD,20,22,,23,26,-2,0,,1,4,0,0,110,32,0,133,0,0,,,,,,,110,32,128,0.015829,0.0,0,,0,0,0,0,0,0,,,
grand_sim_v0_6,resource_budget_shock,recovery_resource,low_stress,0,10310,ring_mesh,ring_mesh,160,0.06,0.1,0.04,0.32,1.2,0.2,0.08,0.06,0.12,0.0075,0.006735,0.3,0.25,0.1,,0.3,,,,,,0.03,0.03,0.03,0.161396,0.142694,0.0,0.268413,0.0,0.0,1.0,1,54,107,53,C04_S_THRESHOLD,54,54,,58,58,1,1,,5,5,1,0,85,54,20,96,6,0,,,,,,,84,56,104,0.023678,0.0,0,,0,0,0,0,0,0,,,
grand_sim_v0_6,resource_budget_shock,recovery_resource,low_stress,1,10311,ring_mesh,ring_mesh,160,0.06,0.1,0.04,0.32,1.2,0.2,0.08,0.06,0.12,0.0075,0.006735,0.3,0.25,0.1,,0.3,,,,,,0.03,0.03,0.03,0.178997,0.149957,0.0,0.264476,0.0,0.0,1.0,1,54,108,52,C04_S_THRESHOLD,54,54,,57,57,2,2,,5,5,1,0,85,54,20,99,6,0,,,,,,,84,56,104,0.025655,0.0,0,,0,0,0,0,0,0,,,
grand_sim_v0_6,resource_budget_shock,recovery_resource,low_stress,2,10312,ring_mesh,ring_mesh,160,0.06,0.1,0.04,0.32,1.2,0.2,0.08,0.06,0.12,0.0075,0.006735,0.3,0.25,0.1,,0.3,,,,,,0.03,0.03,0.03,0.172983,0.147101,0.0,0.26587,0.0,0.0,1.0,1,54,108,52,C04_S_THRESHOLD,54,54,,57,57,2,2,,5,5,1,0,85,54,20,99,6,0,,,,,,,84,56,104,0.024821,0.0,0,,0,0,0,0,0,0,,,
grand_sim_v0_6,resource_budget_shock,recovery_resource,low_stress,3,10313,ring_mesh,ring_mesh,160,0.06,0.1,0.04,0.32,1.2,0.2,0.08,0.06,0.12,0.0075,0.006735,0.3,0.25,0.1,,0.3,,,,,,0.03,0.03,0.03,0.163484,0.139971,0.0,0.268412,0.0,0.0,1.0,1,54,108,52,C04_S_THRESHOLD,54,54,,57,57,2,2,,5,5,1,0,85,54,20,95,6,0,,,,,,,84,56,104,0.024882,0.0,0,,0,0,0,0,0,0,,,
grand_sim_v0_6,resource_budget_shock,recovery_resource,low_stress,4,10314,ring_mesh,ring_mesh,160,0.06,0.1,0.04,0.32,1.2,0.2,0.08,0.06,0.12,0.0075,0.006735,0.3,0.25,0.1,,0.3,,,,,,0.03,0.03,0.03,0.182404,0.151627,0.0,0.26368,0.0,0.0,1.0,1,54,108,52,C04_S_THRESHOLD,54,54,,57,57,2,2,,5,5,1,0,86,53,20,99,6,0,,,,,,,85,55,105,0.023657,0.0,0,,0,0,0,0,0,0,,,
grand_sim_v0_6,resource_budget_shock,recovery_resource,low_stress,5,10315,ring_mesh,ring_mesh,160,0.06,0.1,0.04,0.32,1.2,0.2,0.08,0.06,0.12,0.0075,0.006735,0.3,0.25,0.1,,0.3,,,,,,0.03,0.03,0.03,0.176185,0.148647,0.0,0.265124,0.0,0.0,1.0,1,54,107,53,C04_S_THRESHOLD,54,54,,60,58,1,1,,7,5,1,0,84,55,20,95,6,0,,,,,,,83,57,103,0.025442,0.0,0,,0,0,0,0,0,0,,,
grand_sim_v0_6,resource_budget_shock,recovery_resource,low_stress,6,10316,ring_mesh,ring_mesh,160,0.06,0.1,0.04,0.32,1.2,0.2,0.08,0.06,0.12,0.0075,0.006735,0.3,0.25,0.1,,0.3,,,,,,0.03,0.03,0.03,0.177374,0.15127,0.0,0.264581,0.0,0.0,1.0,1,54,108,52,C04_S_THRESHOLD,53,54,,56,56,1,2,,4,4,1,0,86,53,20,98,6,0,,,,,,,85,55,105,0.025367,0.0,0,,0,0,0,0,0,0,,,
grand_sim_v0_6,resource_budget_shock,recovery_resource,low_stress,7,10317,ring_mesh,ring_mesh,160,0.06,0.1,0.04,0.32,1.2,0.2,0.08,0.06,0.12,0.0075,0.006735,0.3,0.25,0.1,,0.3,,,,,,0.03,0.03,0.03,0.174097,0.144979,0.0,0.265956,0.0,0.0,1.0,1,54,108,52,C04_S_THRESHOLD,54,54,,57,57,2,2,,5,5,1,0,85,54,20,98,6,0,,,,,,,84,56,104,0.026347,0.0,0,,0,0,0,0,0,0,,,
grand_sim_v0_6,resource_budget_shock,recovery_resource,low_stress,8,10318,ring_mesh,ring_mesh,160,0.06,0.1,0.04,0.32,1.2,0.2,0.08,0.06,0.12,0.0075,0.006735,0.3,0.25,0.1,,0.3,,,,,,0.03,0.03,0.03,0.16734,0.149111,0.0,0.266568,0.0,0.0,1.0,1,54,108,52,C04_S_THRESHOLD,54,54,,57,57,2,2,,5,5,1,0,86,53,20,99,6,0,,,,,,,85,55,105,0.024284,0.0,0,,0,0,0,0,0,0,,,
grand_sim_v0_6,resource_budget_shock,recovery_resource,low_stress,9,10319,ring_mesh,ring_mesh,160,0.06,0.1,0.04,0.32,1.2,0.2,0.08,0.06,0.12,0.0075,0.006735,0.3,0.25,0.1,,0.3,,,,,,0.03,0.03,0.03,0.170992,0.148253,0.0,0.266058,0.0,0.0,1.0,1,54,108,52,C04_S_THRESHOLD,54,54,,57,57,2,2,,5,5,1,0,86,53,20,98,6,0,,,,,,,85,55,105,0.023646,0.0,0,,0,0,0,0,0,0,,,
grand_sim_v0_6,resource_budget_shock,recovery_resource,mid_stress,0,10320,ring_mesh,ring_mesh,160,0.1,0.08,0.06,0.29,1.6,0.12,0.1,0.08,0.16,0.0095,0.00791,0.3,0.25,0.1,,0.3,,,,,,0.06,0.03,0.03,0.216865,0.910474,0.0,0.159171,0.0,0.0,1.0,1,41,120,40,C04_S_THRESHOLD,41,41,,43,43,1,1,,3,3,1,0,87,53,20,114,6,0,,,,,,,87,48,112,0.023072,0.0,0,,0,0,0,0,0,0,,,
grand_sim_v0_6,resource_budget_shock,recovery_resource,mid_stress,1,10321,ring_mesh,ring_mesh,160,0.1,0.08,0.06,0.29,1.6,0.12,0.1,0.08,0.16,0.0095,0.00791,0.3,0.25,0.1,,0.3,,,,,,0.06,0.03,0.03,0.198065,0.89777,0.0,0.164019,0.0,0.0,1.0,1,41,120,40,C04_S_THRESHOLD,41,41,,43,43,1,1,,3,3,1,0,88,53,20,114,7,0,,,,,,,88,47,113,0.023073,0.0,0,,0,0,0,0,0,0,,,
grand_sim_v0_6,resource_budget_shock,recovery_resource,mid_stress,2,10322,ring_mesh,ring_mesh,160,0.1,0.08,0.06,0.29,1.6,0.12,0.1,0.08,0.16,0.0095,0.00791,0.3,0.25,0.1,,0.3,,,,,,0.06,0.03,0.03,0.193147,0.887427,0.0,0.1662,0.0,0.0,1.0,1,41,119,41,C04_S_THRESHOLD,41,41,,43,43,0,0,,2,2,1,0,87,53,20,114,6,0,,,,,,,87,47,113,0.023084,0.0,0,,0,0,0,0,0,0,,,
grand_sim_v0_6,resource_budget_shock,recovery_resource,mid_stress,3,10323,ring_mesh,ring_mesh,160,0.1,0.08,0.06,0.29,1.6,0.12,0.1,0.08,0.16,0.0095,0.00791,0.3,0.25,0.1,,0.3,,,,,,0.06,0.03,0.03,0.222676,0.916634,0.0,0.157383,0.0,0.0,1.0,1,41,119,41,C04_S_THRESHOLD,41,41,,43,43,0,0,,2,2,1,0,87,53,20,114,6,0,,,,,,,87,47,113,0.023071,0.0,0,,0,0,0,0,0,0,,,
grand_sim_v0_6,resource_budget_shock,recovery_resource,mid_stress,4,10324,ring_mesh,ring_mesh,160,0.1,0.08,0.06,0.29,1.6,0.12,0.1,0.08,0.16,0.0095,0.00791,0.3,0.25,0.1,,0.3,,,,,,0.06,0.03,0.03,0.203435,0.890806,0.0,0.164011,0.0,0.0,1.0,1,41,120,40,C04_S_THRESHOLD,41,41,,43,43,1,1,,3,3,1,0,87,53,20,114,7,0,,,,,,,87,49,111,0.023042,0.0,0,,0,0,0,0,0,0,,,
grand_sim_v0_6,resource_budget_shock,recovery_resource,mid_stress,5,10325,ring_mesh,ring_mesh,160,0.1,0.08,0.06,0.29,1.6,0.12,0.1,0.08,0.16,0.0095,0.00791,0.3,0.25,0.1,,0.3,,,,,,0.06,0.03,0.03,0.219392,0.905887,0.0,0.159338,0.0,0.0,1.0,1,41,120,40,C04_S_THRESHOLD,41,41,,43,43,1,1,,3,3,1,0,87,53,20,114,7,0,,,,,,,87,47,113,0.023068,0.0,0,,0,0,0,0,0,0,,,
grand_sim_v0_6,resource_budget_shock,recovery_resource,mid_stress,6,10326,ring_mesh,ring_mesh,160,0.1,0.08,0.06,0.29,1.6,0.12,0.1,0.08,0.16,0.0095,0.00791,0.3,0.25,0.1,,0.3,,,,,,0.06,0.03,0.03,0.200132,0.886728,0.0,0.165103,0.0,0.0,1.0,1,41,120,40,C04_S_THRESHOLD,41,41,,43,43,1,1,,3,3,1,0,87,53,20,114,6,0,,,,,,,87,47,113,0.023058,0.0,0,,0,0,0,0,0,0,,,
grand_sim_v0_6,resource_budget_shock,recovery_resource,mid_stress,7,10327,ring_mesh,ring_mesh,160,0.1,0.08,0.06,0.29,1.6,0.12,0.1,0.08,0.16,0.0095,0.00791,0.3,0.25,0.1,,0.3,,,,,,0.06,0.03,0.03,0.197735,0.890689,0.0,0.164995,0.0,0.0,1.0,1,41,119,41,C04_S_THRESHOLD,41,41,,44,44,0,0,,3,3,1,0,87,53,20,113,6,0,,,,,,,87,47,113,0.023069,0.0,0,,0,0,0,0,0,0,,,
grand_sim_v0_6,resource_budget_shock,recovery_resource,mid_stress,8,10328,ring_mesh,ring_mesh,160,0.1,0.08,0.06,0.29,1.6,0.12,0.1,0.08,0.16,0.0095,0.00791,0.3,0.25,0.1,,0.3,,,,,,0.06,0.03,0.03,0.201588,0.884854,0.0,0.165099,0.0,0.0,1.0,1,41,120,40,C04_S_THRESHOLD,41,41,,43,43,1,1,,3,3,1,0,87,53,20,113,6,0,,,,,,,87,46,114,0.023064,0.0,0,,0,0,0,0,0,0,,,
grand_sim_v0_6,resource_budget_shock,recovery_resource,mid_stress,9,10329,ring_mesh,ring_mesh,160,0.1,0.08,0.06,0.29,1.6,0.12,0.1,0.08,0.16,0.0095,0.00791,0.3,0.25,0.1,,0.3,,,,,,0.06,0.03,0.03,0.19506,0.887092,0.0,0.165918,0.0,0.0,1.0,1,42,119,41,C04_S_THRESHOLD,41,42,,44,44,0,1,,3,3,1,0,87,53,20,113,6,0,,,,,,,87,52,108,0.023087,0.0,0,,0,0,0,0,0,0,,,
grand_sim_v0_6,resource_budget_shock,recovery_resource,high_stress,0,10330,ring_mesh,ring_mesh,160,0.14,0.05,0.09,0.26,2.0,0.06,0.13,0.1,0.2,0.012,0.00998,0.3,0.25,0.1,,0.3,,,,,,0.09,0.03,0.03,0.261602,1.0,0.0,0.139928,0.0,0.0,1.0,1,19,140,20,C04_S_THRESHOLD,18,19,,20,24,-2,-1,,0,4,0,0,112,31,0,136,0,0,,,,,,,112,23,137,0.022841,0.0,0,,0,0,0,0,0,0,,,
grand_sim_v0_6,resource_budget_shock,recovery_resource,high_stress,1,10331,ring_mesh,ring_mesh,160,0.14,0.05,0.09,0.26,2.0,0.06,0.13,0.1,0.2,0.012,0.00998,0.3,0.25,0.1,,0.3,,,,,,0.09,0.03,0.03,0.261365,1.0,0.0,0.139968,0.0,0.0,1.0,1,20,139,21,C04_S_THRESHOLD,20,20,,22,25,-1,-1,,1,4,0,0,112,31,0,134,0,0,,,,,,,112,28,132,0.022926,0.0,0,,0,0,0,0,0,0,,,
grand_sim_v0_6,resource_budget_shock,recovery_resource,high_stress,2,10332,ring_mesh,ring_mesh,160,0.14,0.05,0.09,0.26,2.0,0.06,0.13,0.1,0.2,0.012,0.00998,0.3,0.25,0.1,,0.3,,,,,,0.09,0.03,0.03,0.253592,1.0,0.0,0.141289,0.0,0.0,1.0,1,20,140,20,C04_S_THRESHOLD,18,20,,21,25,-2,0,,1,5,0,0,110,32,0,134,0,0,,,,,,,110,28,132,0.022834,0.0,0,,0,0,0,0,0,0,,,
grand_sim_v0_6,resource_budget_shock,recovery_resource,high_stress,3,10333,ring_mesh,ring_mesh,160,0.14,0.05,0.09,0.26,2.0,0.06,0.13,0.1,0.2,0.012,0.00998,0.3,0.25,0.1,,0.3,,,,,,0.09,0.03,0.03,0.258863,1.0,0.0,0.140393,0.0,0.0,1.0,1,20,140,20,C04_S_THRESHOLD,19,20,,21,25,-1,0,,1,5,0,0,110,32,0,135,0,0,,,,,,,110,25,135,0.022828,0.0,0,,0,0,0,0,0,0,,,
grand_sim_v0_6,resource_budget_shock,recovery_resource,high_stress,4,10334,ring_mesh,ring_mesh,160,0.14,0.05,0.09,0.26,2.0,0.06,0.13,0.1,0.2,0.012,0.00998,0.3,0.25,0.1,,0.3,,,,,,0.09,0.03,0.03,0.262905,1.0,0.0,0.139706,0.0,0.0,1.0,1,19,140,20,C04_S_THRESHOLD,18,19,,20,24,-2,-1,,0,4,0,0,112,31,0,136,0,0,,,,,,,112,26,134,0.022844,0.0,0,,0,0,0,0,0,0,,,
grand_sim_v0_6,resource_budget_shock,recovery_resource,high_stress,5,10335,ring_mesh,ring_mesh,160,0.14,0.05,0.09,0.26,2.0,0.06,0.13,0.1,0.2,0.012,0.00998,0.3,0.25,0.1,,0.3,,,,,,0.09,0.03,0.03,0.267887,1.0,0.0,0.138859,0.0,0.0,1.0,1,21,139,21,C04_S_THRESHOLD,20,21,,22,25,-1,0,,1,4,0,0,111,32,0,135,0,0,,,,,,,111,29,131,0.022848,0.0,0,,0,0,0,0,0,0,,,
grand_sim_v0_6,resource_budget_shock,recovery_resource,high_stress,6,10336,ring_mesh,ring_mesh,160,0.14,0.05,0.09,0.26,2.0,0.06,0.13,0.1,0.2,0.012,0.00998,0.3,0.25,0.1,,0.3,,,,,,0.09,0.03,0.03,0.262291,1.0,0.0,0.13981,0.0,0.0,1.0,1,21,139,21,C04_S_THRESHOLD,20,21,,21,25,-1,0,,0,4,0,0,111,32,0,135,0,0,,,,,,,111,26,134,0.022831,0.0,0,,0,0,0,0,0,0,,,
grand_sim_v0_6,resource_budget_shock,recovery_resource,high_stress,7,10337,ring_mesh,ring_mesh,160,0.14,0.05,0.09,0.26,2.0,0.06,0.13,0.1,0.2,0.012,0.00998,0.3,0.25,0.1,,0.3,,,,,,0.09,0.03,0.03,0.248786,1.0,0.0,0.142106,0.0,0.0,1.0,1,20,140,20,C04_S_THRESHOLD,19,20,,20,24,-1,0,,0,4,0,0,110,32,0,136,0,0,,,,,,,110,26,134,0.022814,0.0,0,,0,0,0,0,0,0,,,
grand_sim_v0_6,resource_budget_shock,recovery_resource,high_stress,8,10338,ring_mesh,ring_mesh,160,0.14,0.05,0.09,0.26,2.0,0.06,0.13,0.1,0.2,0.012,0.00998,0.3,0.25,0.1,,0.3,,,,,,0.09,0.03,0.03,0.269882,1.0,0.0,0.13852,0.0,0.0,1.0,1,18,141,19,C04_S_THRESHOLD,17,18,,19,24,-2,-1,,0,5,0,0,111,32,0,136,0,0,,,,,,,111,23,137,0.022769,0.0,0,,0,0,0,0,0,0,,,
grand_sim_v0_6,resource_budget_shock,recovery_resource,high_stress,9,10339,ring_mesh,ring_mesh,160,0.14,0.05,0.09,0.26,2.0,0.06,0.13,0.1,0.2,0.012,0.00998,0.3,0.25,0.1,,0.3,,,,,,0.09,0.03,0.03,0.261305,1.0,0.0,0.139978,0.0,0.0,1.0,1,19,140,20,C04_S_THRESHOLD,18,19,,20,24,-2,-1,,0,4,0,0,111,32,0,135,0,0,,,,,,,111,26,134,0.0228,0.0,0,,0,0,0,0,0,0,,,
grand_sim_v0_6,resource_routing_delay,recovery_resource,low_stress,0,10340,ring_mesh,ring_mesh,160,0.06,0.1,0.04,0.32,1.2,0.2,0.08,0.06,0.12,0.0075,0.006735,0.3,0.25,0.1,,0.3,,,,,,0.25,0.03,0.03,0.168173,0.152678,0.0,0.265962,0.0,0.0,1.0,1,65,101,59,C04_S_THRESHOLD,64,65,,71,66,5,6,,12,7,1,0,74,65,20,88,6,0,,,,,,,73,69,91,0.023636,0.010619,160,,0,0,0,0,0,0,,,
grand_sim_v0_6,resource_routing_delay,recovery_resource,low_stress,1,10341,ring_mesh,ring_mesh,160,0.06,0.1,0.04,0.32,1.2,0.2,0.08,0.06,0.12,0.0075,0.006735,0.3,0.25,0.1,,0.3,,,,,,0.25,0.03,0.03,0.163663,0.154061,0.0,0.266549,0.0,0.0,1.0,1,63,102,58,C04_S_THRESHOLD,61,63,,67,64,3,5,,9,6,1,0,77,62,20,90,6,0,,,,,,,76,66,94,0.022825,0.009314,160,,0,0,0,0,0,0,,,
grand_sim_v0_6,resource_routing_delay,recovery_resource,low_stress,2,10342,ring_mesh,ring_mesh,160,0.06,0.1,0.04,0.32,1.2,0.2,0.08,0.06,0.12,0.0075,0.006735,0.3,0.25,0.1,,0.3,,,,,,0.25,0.03,0.03,0.17856,0.155576,0.0,0.26382,0.0,0.0,1.0,1,66,101,59,C04_S_THRESHOLD,65,66,,72,66,6,7,,13,7,1,0,74,65,20,87,6,0,,,,,,,73,69,91,0.023941,0.010449,160,,0,0,0,0,0,0,,,
grand_sim_v0_6,resource_routing_delay,recovery_resource,low_stress,3,10343,ring_mesh,ring_mesh,160,0.06,0.1,0.04,0.32,1.2,0.2,0.08,0.06,0.12,0.0075,0.006735,0.3,0.25,0.1,,0.3,,,,,,0.25,0.03,0.03,0.183555,0.155609,0.0,0.262966,0.0,0.0,1.0,1,66,101,59,C04_S_THRESHOLD,65,66,,72,66,6,7,,13,7,1,0,74,65,20,87,6,0,,,,,,,73,70,90,0.023245,0.010189,160,,0,0,0,0,0,0,,,
grand_sim_v0_6,resource_routing_delay,recovery_resource,low_stress,4,10344,ring_mesh,ring_mesh,160,0.06,0.1,0.04,0.32,1.2,0.2,0.08,0.06,0.12,0.0075,0.006735,0.3,0.25,0.1,,0.3,,,,,,0.25,0.03,0.03,0.166291,0.150038,0.0,0.266626,0.0,0.0,1.0,1,64,102,58,C04_S_THRESHOLD,62,64,,70,65,4,6,,12,7,1,0,76,63,20,89,6,0,,,,,,,75,67,93,0.023573,0.010201,160,,0,0,0,0,0,0,,,
grand_sim_v0_6,resource_routing_delay,recovery_resource,low_stress,5,10345,ring_mesh,ring_mesh,160,0.06,0.1,0.04,0.32,1.2,0.2,0.08,0.06,0.12,0.0075,0.006735,0.3,0.25,0.1,,0.3,,,,,,0.25,0.03,0.03,0.15994,0.144877,0.0,0.268376,0.0,0.0,1.0,1,64,102,58,C04_S_THRESHOLD,61,64,,69,64,3,6,,11,6,1,0,76,63,20,89,6,0,,,,,,,75,67,93,0.023619,0.010141,160,,0,0,0,0,0,0,,,
grand_sim_v0_6,resource_routing_delay,recovery_resource,low_stress,6,10346,ring_mesh,ring_mesh,160,0.06,0.1,0.04,0.32,1.2,0.2,0.08,0.06,0.12,0.0075,0.006735,0.3,0.25,0.1,,0.3,,,,,,0.25,0.03,0.03,0.155736,0.148587,0.0,0.268609,0.0,0.0,1.0,1,64,102,58,C04_S_THRESHOLD,61,64,,69,65,3,6,,11,7,1,0,76,63,20,89,6,0,,,,,,,75,67,93,0.023935,0.00997,160,,0,0,0,0,0,0,,,
grand_sim_v0_6,resource_routing_delay,recovery_resource,low_stress,7,10347,ring_mesh,ring_mesh,160,0.06,0.1,0.04,0.32,1.2,0.2,0.08,0.06,0.12,0.0075,0.006735,0.3,0.25,0.1,,0.3,,,,,,0.25,0.03,0.03,0.159902,0.149773,0.0,0.267746,0.0,0.0,1.0,1,67,100,60,C04_S_THRESHOLD,65,67,,73,67,5,7,,13,7,1,0,73,66,20,87,6,0,,,,,,,72,71,89,0.022892,0.010716,160,,0,0,0,0,0,0,,,
grand_sim_v0_6,resource_routing_delay,recovery_resource,low_stress,8,10348,ring_mesh,ring_mesh,160,0.06,0.1,0.04,0.32,1.2,0.2,0.08,0.06,0.12,0.0075,0.006735,0.3,0.25,0.1,,0.3,,,,,,0.25,0.03,0.03,0.164874,0.14397,0.0,0.267655,0.0,0.0,1.0,1,65,101,59,C04_S_THRESHOLD,64,65,,71,66,5,6,,12,7,1,0,75,64,20,88,6,0,,,,,,,74,69,91,0.023411,0.010574,160,,0,0,0,0,0,0,,,
grand_sim_v0_6,resource_routing_delay,recovery_resource,low_stress,9,10349,ring_mesh,ring_mesh,160,0.06,0.1,0.04,0.32,1.2,0.2,0.08,0.06,0.12,0.0075,0.006735,0.3,0.25,0.1,,0.3,,,,,,0.25,0.03,0.03,0.164792,0.148866,0.0,0.267033,0.0,0.0,1.0,1,69,100,60,C04_S_THRESHOLD,65,69,,74,67,5,9,,14,7,1,0,73,66,20,86,8,2,,,,,,,72,71,89,0.022625,0.010358,160,,0,0,0,0,0,0,,,
grand_sim_v0_6,resource_routing_delay,recovery_resource,mid_stress,0,10350,ring_mesh,ring_mesh,160,0.1,0.08,0.06,0.29,1.6,0.12,0.1,0.08,0.16,0.0095,0.00791,0.3,0.25,0.1,,0.3,,,,,,0.28,0.03,0.03,0.192706,0.898901,0.0,0.164783,0.0,0.0,1.0,1,47,117,43,C04_S_THRESHOLD,46,47,,49,47,3,4,,6,4,1,0,87,53,20,110,7,6,,,,,,,87,54,106,0.022863,0.010374,160,,0,0,0,0,0,0,,,
grand_sim_v0_6,resource_routing_delay,recovery_resource,mid_stress,1,10351,ring_mesh,ring_mesh,160,0.1,0.08,0.06,0.29,1.6,0.12,0.1,0.08,0.16,0.0095,0.00791,0.3,0.25,0.1,,0.3,,,,,,0.28,0.03,0.03,0.198399,0.89982,0.0,0.163696,0.0,0.0,1.0,1,47,117,43,C04_S_THRESHOLD,46,47,,49,47,3,4,,6,4,1,0,87,53,20,111,8,3,,,,,,,87,54,106,0.0229,0.010344,160,,0,0,0,0,0,0,,,
grand_sim_v0_6,resource_routing_delay,recovery_resource,mid_stress,2,10352,ring_mesh,ring_mesh,160,0.1,0.08,0.06,0.29,1.6,0.12,0.1,0.08,0.16,0.0095,0.00791,0.3,0.25,0.1,,0.3,,,,,,0.28,0.03,0.03,0.195837,0.885855,0.0,0.165946,0.0,0.0,1.0,1,47,117,43,C04_S_THRESHOLD,46,47,,49,47,3,4,,6,4,1,0,87,53,20,111,8,6,,,,,,,87,54,106,0.022915,0.010366,160,,0,0,0,0,0,0,,,
grand_sim_v0_6,resource_routing_delay,recovery_resource,mid_stress,3,10353,ring_mesh,ring_mesh,160,0.1,0.08,0.06,0.29,1.6,0.12,0.1,0.08,0.16,0.0095,0.00791,0.3,0.25,0.1,,0.3,,,,,,0.28,0.03,0.03,0.196906,0.887006,0.0,0.165615,0.0,0.0,1.0,1,47,116,44,C04_S_THRESHOLD,46,47,,49,47,2,3,,5,3,1,0,87,53,20,111,8,7,,,,,,,87,54,106,0.022901,0.01036,160,,0,0,0,0,0,0,,,
grand_sim_v0_6,resource_routing_delay,recovery_resource,mid_stress,4,10354,ring_mesh,ring_mesh,160,0.1,0.08,0.06,0.29,1.6,0.12,0.1,0.08,0.16,0.0095,0.00791,0.3,0.25,0.1,,0.3,,,,,,0.28,0.03,0.03,0.202902,0.898986,0.0,0.163038,0.0,0.0,1.0,1,47,117,43,C04_S_THRESHOLD,46,47,,49,47,3,4,,6,4,1,0,87,53,20,111,7,7,,,,,,,87,54,106,0.022909,0.010367,160,,0,0,0,0,0,0,,,
grand_sim_v0_6,resource_routing_delay,recovery_resource,mid_stress,5,10355,ring_mesh,ring_mesh,160,0.1,0.08,0.06,0.29,1.6,0.12,0.1,0.08,0.16,0.0095,0.00791,0.3,0.25,0.1,,0.3,,,,,,0.28,0.03,0.03,0.200584,0.898195,0.0,0.163535,0.0,0.0,1.0,1,46,117,43,C04_S_THRESHOLD,46,46,,49,47,3,3,,6,4,1,0,87,53,20,111,9,5,,,,,,,87,54,106,0.02296,0.01037,160,,0,0,0,0,0,0,,,
grand_sim_v0_6,resource_routing_delay,recovery_resource,mid_stress,6,10356,ring_mesh,ring_mesh,160,0.1,0.08,0.06,0.29,1.6,0.12,0.1,0.08,0.16,0.0095,0.00791,0.3,0.25,0.1,,0.3,,,,,,0.28,0.03,0.03,0.181745,0.889629,0.0,0.167852,0.0,0.0,1.0,1,47,117,43,C04_S_THRESHOLD,46,47,,49,47,3,4,,6,4,1,0,87,53,20,111,7,3,,,,,,,87,54,106,0.02286,0.010338,160,,0,0,0,0,0,0,,,
grand_sim_v0_6,resource_routing_delay,recovery_resource,mid_stress,7,10357,ring_mesh,ring_mesh,160,0.1,0.08,0.06,0.29,1.6,0.12,0.1,0.08,0.16,0.0095,0.00791,0.3,0.25,0.1,,0.3,,,,,,0.28,0.03,0.03,0.18414,0.888702,0.0,0.167565,0.0,0.0,1.0,1,48,117,43,C04_S_THRESHOLD,46,48,,49,47,3,5,,6,4,1,0,87,53,20,111,7,5,,,,,,,87,54,106,0.022934,0.010359,160,,0,0,0,0,0,0,,,
grand_sim_v0_6,resource_routing_delay,recovery_resource,mid_stress,8,10358,ring_mesh,ring_mesh,160,0.1,0.08,0.06,0.29,1.6,0.12,0.1,0.08,0.16,0.0095,0.00791,0.3,0.25,0.1,,0.3,,,,,,0.28,0.03,0.03,0.201765,0.899841,0.0,0.163121,0.0,0.0,1.0,1,47,117,43,C04_S_THRESHOLD,47,47,,49,47,4,4,,6,4,1,0,87,53,20,111,7,4,,,,,,,87,54,106,0.022865,0.010365,160,,0,0,0,0,0,0,,,
grand_sim_v0_6,resource_routing_delay,recovery_resource,mid_stress,9,10359,ring_mesh,ring_mesh,160,0.1,0.08,0.06,0.29,1.6,0.12,0.1,0.08,0.16,0.0095,0.00791,0.3,0.25,0.1,,0.3,,,,,,0.28,0.03,0.03,0.192111,0.901665,0.0,0.164525,0.0,0.0,1.0,1,46,117,43,C04_S_THRESHOLD,45,46,,48,46,2,3,,5,3,1,0,88,53,20,111,9,8,,,,,,,88,54,106,0.022901,0.010368,160,,0,0,0,0,0,0,,,
grand_sim_v0_6,resource_routing_delay,recovery_resource,high_stress,0,10360,ring_mesh,ring_mesh,160,0.14,0.05,0.09,0.26,2.0,0.06,0.13,0.1,0.2,0.012,0.00998,0.3,0.25,0.1,,0.3,,,,,,0.31,0.03,0.03,0.247549,1.0,0.0,0.142317,0.0,0.0,1.0,1,26,137,23,C04_S_THRESHOLD,24,26,,26,27,1,3,,3,4,1,0,110,32,0,131,4,4,,,,,,,110,32,128,0.022979,0.010361,160,,0,0,0,0,0,0,,,
grand_sim_v0_6,resource_routing_delay,recovery_resource,high_stress,1,10361,ring_mesh,ring_mesh,160,0.14,0.05,0.09,0.26,2.0,0.06,0.13,0.1,0.2,0.012,0.00998,0.3,0.25,0.1,,0.3,,,,,,0.31,0.03,0.03,0.243421,1.0,0.0,0.143018,0.0,0.0,1.0,1,26,136,24,C04_S_THRESHOLD,25,26,,27,28,1,2,,3,4,1,0,110,32,0,130,5,5,,,,,,,110,32,128,0.023007,0.010375,160,,0,0,0,0,0,0,,,
grand_sim_v0_6,resource_routing_delay,recovery_resource,high_stress,2,10362,ring_mesh,ring_mesh,160,0.14,0.05,0.09,0.26,2.0,0.06,0.13,0.1,0.2,0.012,0.00998,0.3,0.25,0.1,,0.3,,,,,,0.31,0.03,0.03,0.246418,1.0,0.0,0.142509,0.0,0.0,1.0,1,27,136,24,C04_S_THRESHOLD,25,27,,27,28,1,3,,3,4,1,0,110,32,0,129,7,7,,,,,,,110,32,128,0.022994,0.010423,160,,0,0,0,0,0,0,,,
grand_sim_v0_6,resource_routing_delay,recovery_resource,high_stress,3,10363,ring_mesh,ring_mesh,160,0.14,0.05,0.09,0.26,2.0,0.06,0.13,0.1,0.2,0.012,0.00998,0.3,0.25,0.1,,0.3,,,,,,0.31,0.03,0.03,0.249224,1.0,0.0,0.142032,0.0,0.0,1.0,1,26,136,24,C04_S_THRESHOLD,26,26,,27,28,2,2,,3,4,1,0,110,32,0,129,5,5,,,,,,,110,32,128,0.023006,0.010398,160,,0,0,0,0,0,0,,,
grand_sim_v0_6,resource_routing_delay,recovery_resource,high_stress,4,10364,ring_mesh,ring_mesh,160,0.14,0.05,0.09,0.26,2.0,0.06,0.13,0.1,0.2,0.012,0.00998,0.3,0.25,0.1,,0.3,,,,,,0.31,0.03,0.03,0.242752,1.0,0.0,0.143132,0.0,0.0,1.0,1,26,135,25,C04_S_THRESHOLD,25,26,,28,28,0,1,,3,3,1,0,110,32,0,129,4,4,,,,,,,110,33,127,0.023013,0.010399,160,,0,0,0,0,0,0,,,
grand_sim_v0_6,resource_routing_delay,recovery_resource,high_stress,5,10365,ring_mesh,ring_mesh,160,0.14,0.05,0.09,0.26,2.0,0.06,0.13,0.1,0.2,0.012,0.00998,0.3,0.25,0.1,,0.3,,,,,,0.31,0.03,0.03,0.24162,1.0,0.0,0.143325,0.0,0.0,1.0,1,28,136,24,C04_S_THRESHOLD,27,28,,28,28,3,4,,4,4,1,0,111,32,0,129,1,1,,,,,,,111,33,127,0.022996,0.010407,160,,0,0,0,0,0,0,,,
grand_sim_v0_6,resource_routing_delay,recovery_resource,high_stress,6,10366,ring_mesh,ring_mesh,160,0.14,0.05,0.09,0.26,2.0,0.06,0.13,0.1,0.2,0.012,0.00998,0.3,0.25,0.1,,0.3,,,,,,0.31,0.03,0.03,0.241476,1.0,0.0,0.143349,0.0,0.0,1.0,1,27,136,24,C04_S_THRESHOLD,25,27,,27,28,1,3,,3,4,1,0,110,32,0,129,2,2,,,,,,,110,33,127,0.022977,0.010389,160,,0,0,0,0,0,0,,,
grand_sim_v0_6,resource_routing_delay,recovery_resource,high_stress,7,10367,ring_mesh,ring_mesh,160,0.14,0.05,0.09,0.26,2.0,0.06,0.13,0.1,0.2,0.012,0.00998,0.3,0.25,0.1,,0.3,,,,,,0.31,0.03,0.03,0.255415,1.0,0.0,0.140979,0.0,0.0,1.0,1,27,135,25,C04_S_THRESHOLD,27,27,,28,29,2,2,,3,4,1,0,110,32,0,129,5,5,,,,,,,110,33,127,0.023044,0.010431,160,,0,0,0,0,0,0,,,
grand_sim_v0_6,resource_routing_delay,recovery_resource,high_stress,8,10368,ring_mesh,ring_mesh,160,0.14,0.05,0.09,0.26,2.0,0.06,0.13,0.1,0.2,0.012,0.00998,0.3,0.25,0.1,,0.3,,,,,,0.31,0.03,0.03,0.249407,1.0,0.0,0.142001,0.0,0.0,1.0,1,27,136,24,C04_S_THRESHOLD,26,27,,28,28,2,3,,4,4,1,0,110,32,0,129,4,4,,,,,,,110,33,127,0.023013,0.010405,160,,0,0,0,0,0,0,,,
grand_sim_v0_6,resource_routing_delay,recovery_resource,high_stress,9,10369,ring_mesh,ring_mesh,160,0.14,0.05,0.09,0.26,2.0,0.06,0.13,0.1,0.2,0.012,0.00998,0.3,0.25,0.1,,0.3,,,,,,0.31,0.03,0.03,0.250451,1.0,0.0,0.141823,0.0,0.0,1.0,1,28,135,25,C04_S_THRESHOLD,27,28,,28,28,2,3,,3,3,1,0,110,32,0,129,6,6,,,,,,,110,32,128,0.023003,0.010386,160,,0,0,0,0,0,0,,,
grand_sim_v0_6,psi_corruption,meta_governance,low_stress,0,10370,federation,federation,160,0.06,0.1,0.04,0.32,1.2,0.2,0.08,0.06,0.12,0.0075,0.006735,0.3,0.25,0.1,stability_heavy_no_regime,0.3,0.2,0.2,0.15,0.35,0.0,0.11,0.676667,0.03,0.101576,0.0,0.80163,0.38433,0.805533,0.805533,0.333333,0,,31,82,C07_PSI_EXTENDED,87,,73,,72,5,,-9,,-10,1,0,0,,160,0,0,0,,,,,,,0,120,40,0.002403,0.0,0,,0,0,0,0,0,0,,,
grand_sim_v0_6,psi_corruption,meta_governance,low_stress,1,10371,federation,federation,160,0.06,0.1,0.04,0.32,1.2,0.2,0.08,0.06,0.12,0.0075,0.006735,0.3,0.25,0.1,stability_heavy_no_regime,0.3,0.2,0.2,0.15,0.35,0.0,0.11,0.676667,0.03,0.107922,0.0,0.800477,0.382061,0.805533,0.805533,0.333333,0,,32,81,C07_PSI_EXTENDED,85,,71,,73,4,,-10,,-8,1,0,0,,160,0,0,0,,,,,,,0,113,47,0.002415,0.0,0,,0,0,0,0,0,0,,,
grand_sim_v0_6,psi_corruption,meta_governance,low_stress,2,10372,federation,federation,160,0.06,0.1,0.04,0.32,1.2,0.2,0.08,0.06,0.12,0.0075,0.006735,0.3,0.25,0.1,stability_heavy_no_regime,0.3,0.2,0.2,0.15,0.35,0.0,0.11,0.676667,0.03,0.104384,0.0,0.802092,0.382716,0.805533,0.805533,0.333333,0,,34,79,C07_PSI_EXTENDED,86,,71,,72,7,,-8,,-7,1,0,0,,160,0,0,0,,,,,,,0,105,55,0.002404,0.0,0,,0,0,0,0,0,0,,,
grand_sim_v0_6,psi_corruption,meta_governance,low_stress,3,10373,federation,federation,160,0.06,0.1,0.04,0.32,1.2,0.2,0.08,0.06,0.12,0.0075,0.006735,0.3,0.25,0.1,stability_heavy_no_regime,0.3,0.2,0.2,0.15,0.35,0.0,0.11,0.676667,0.03,0.102584,0.0,0.802012,0.385366,0.802679,0.802679,0.333333,0,,29,83,C07_PSI_EXTENDED,87,,72,,73,4,,-11,,-10,1,0,0,,160,0,0,0,,,,,,,0,121,39,0.002418,0.0,0,,0,0,0,0,0,0,,,
grand_sim_v0_6,psi_corruption,meta_governance,low_stress,4,10374,federation,federation,160,0.06,0.1,0.04,0.32,1.2,0.2,0.08,0.06,0.12,0.0075,0.006735,0.3,0.25,0.1,stability_heavy_no_regime,0.3,0.2,0.2,0.15,0.35,0.0,0.11,0.676667,0.03,0.111102,0.0,0.802288,0.384104,0.805533,0.805533,0.333333,0,,30,83,C07_PSI_EXTENDED,87,,73,,74,4,,-10,,-9,1,0,0,,160,0,0,0,,,,,,,0,123,37,0.002427,0.0,0,,0,0,0,0,0,0,,,
grand_sim_v0_6,psi_corruption,meta_governance,low_stress,5,10375,federation,federation,160,0.06,0.1,0.04,0.32,1.2,0.2,0.08,0.06,0.12,0.0075,0.006735,0.3,0.25,0.1,stability_heavy_no_regime,0.3,0.2,0.2,0.15,0.35,0.0,0.11,0.676667,0.03,0.109896,0.0,0.801534,0.381423,0.802679,0.802679,0.333333,0,,32,80,C07_PSI_EXTENDED,82,,72,,73,2,,-8,,-7,1,0,0,,160,0,0,0,,,,,,,0,110,50,0.002351,0.0,0,,0,0,0,0,0,0,,,
grand_sim_v0_6,psi_corruption,meta_governance,low_stress,6,10376,federation,federation,160,0.06,0.1,0.04,0.32,1.2,0.2,0.08,0.06,0.12,0.0075,0.006735,0.3,0.25,0.1,stability_heavy_no_regime,0.3,0.2,0.2,0.15,0.35,0.0,0.11,0.676667,0.03,0.105904,0.0,0.801091,0.380706,0.805533,0.805533,0.333333,0,,33,80,C07_PSI_EXTENDED,82,,71,,73,2,,-9,,-7,1,0,0,,160,0,0,0,,,,,,,0,112,48,0.002434,0.0,0,,0,0,0,0,0,0,,,
grand_sim_v0_6,psi_corruption,meta_governance,low_stress,7,10377,federation,federation,160,0.06,0.1,0.04,0.32,1.2,0.2,0.08,0.06,0.12,0.0075,0.006735,0.3,0.25,0.1,stability_heavy_no_regime,0.3,0.2,0.2,0.15,0.35,0.0,0.11,0.676667,0.03,0.103885,0.0,0.802358,0.382911,0.805533,0.805533,0.333333,0,,32,81,C07_PSI_EXTENDED,86,,70,,72,5,,-11,,-9,1,0,0,,160,0,0,0,,,,,,,0,115,45,0.002429,0.0,0,,0,0,0,0,0,0,,,
grand_sim_v0_6,psi_corruption,meta_governance,low_stress,8,10378,federation,federation,160,0.06,0.1,0.04,0.32,1.2,0.2,0.08,0.06,0.12,0.0075,0.006735,0.3,0.25,0.1,stability_heavy_no_regime,0.3,0.2,0.2,0.15,0.35,0.0,0.11,0.676667,0.03,0.10623,0.0,0.802053,0.38047,0.805533,0.805533,0.333333,0,,30,83,C07_PSI_EXTENDED,86,,72,,73,3,,-11,,-10,1,0,0,,160,0,0,0,,,,,,,0,123,37,0.002418,0.0,0,,0,0,0,0,0,0,,,
grand_sim_v0_6,psi_corruption,meta_governance,low_stress,9,10379,federation,federation,160,0.06,0.1,0.04,0.32,1.2,0.2,0.08,0.06,0.12,0.0075,0.006735,0.3,0.25,0.1,stability_heavy_no_regime,0.3,0.2,0.2,0.15,0.35,0.0,0.11,0.676667,0.03,0.112157,0.0,0.801883,0.382392,0.802679,0.802679,0.333333,0,,32,80,C07_PSI_EXTENDED,81,,71,,72,1,,-9,,-8,1,0,0,,160,0,0,0,,,,,,,0,109,51,0.002413,0.0,0,,0,0,0,0,0,0,,,
grand_sim_v0_6,psi_corruption,meta_governance,mid_stress,0,10380,federation,federation,160,0.1,0.08,0.06,0.29,1.6,0.12,0.1,0.08,0.16,0.0095,0.00791,0.3,0.25,0.1,stability_heavy_no_regime,0.3,0.2,0.2,0.15,0.35,0.0,0.14,0.676667,0.03,0.129417,0.059085,0.764032,0.333819,0.541462,0.541462,0.333333,0,,60,58,C07_PSI_EXTENDED,60,,52,,52,2,,-6,,-6,1,0,0,,160,0,0,0,,,,,,,0,79,81,0.002426,0.0,0,,0,0,0,0,0,0,,,
grand_sim_v0_6,psi_corruption,meta_governance,mid_stress,1,10381,federation,federation,160,0.1,0.08,0.06,0.29,1.6,0.12,0.1,0.08,0.16,0.0095,0.00791,0.3,0.25,0.1,stability_heavy_no_regime,0.3,0.2,0.2,0.15,0.35,0.0,0.14,0.676667,0.03,0.121973,0.044526,0.765323,0.342065,0.541462,0.541462,0.333333,0,,58,60,C07_PSI_EXTENDED,61,,56,,55,1,,-4,,-5,1,0,0,,160,0,0,0,,,,,,,0,96,64,0.00179,0.0,0,,0,0,0,0,0,0,,,
grand_sim_v0_6,psi_corruption,meta_governance,mid_stress,2,10382,federation,federation,160,0.1,0.08,0.06,0.29,1.6,0.12,0.1,0.08,0.16,0.0095,0.00791,0.3,0.25,0.1,stability_heavy_no_regime,0.3,0.2,0.2,0.15,0.35,0.0,0.14,0.676667,0.03,0.127372,0.05553,0.764167,0.339678,0.541462,0.541462,0.333333,0,,61,57,C07_PSI_EXTENDED,60,,52,,52,3,,-5,,-5,1,0,0,,160,0,0,0,,,,,,,0,74,86,0.002253,0.0,0,,0,0,0,0,0,0,,,
grand_sim_v0_6,psi_corruption,meta_governance,mid_stress,3,10383,federation,federation,160,0.1,0.08,0.06,0.29,1.6,0.12,0.1,0.08,0.16,0.0095,0.00791,0.3,0.25,0.1,stability_heavy_no_regime,0.3,0.2,0.2,0.15,0.35,0.0,0.14,0.676667,0.03,0.122722,0.046266,0.764634,0.344795,0.535298,0.535298,0.333333,0,,59,58,C07_PSI_EXTENDED,60,,52,,53,2,,-6,,-5,1,0,0,,160,0,0,0,,,,,,,0,77,83,0.001993,0.0,0,,0,0,0,0,0,0,,,
grand_sim_v0_6,psi_corruption,meta_governance,mid_stress,4,10384,federation,federation,160,0.1,0.08,0.06,0.29,1.6,0.12,0.1,0.08,0.16,0.0095,0.00791,0.3,0.25,0.1,stability_heavy_no_regime,0.3,0.2,0.2,0.15,0.35,0.0,0.14,0.676667,0.03,0.121531,0.047322,0.765095,0.340889,0.541462,0.541462,0.333333,0,,62,56,C07_PSI_EXTENDED,61,,51,,52,5,,-5,,-4,1,0,0,,160,0,0,0,,,,,,,0,72,88,0.002493,0.0,0,,0,0,0,0,0,0,,,
grand_sim_v0_6,psi_corruption,meta_governance,mid_stress,5,10385,federation,federation,160,0.1,0.08,0.06,0.29,1.6,0.12,0.1,0.08,0.16,0.0095,0.00791,0.3,0.25,0.1,stability_heavy_no_regime,0.3,0.2,0.2,0.15,0.35,0.0,0.14,0.676667,0.03,0.119015,0.049928,0.76493,0.339081,0.541462,0.541462,0.333333,0,,59,59,C07_PSI_EXTENDED,61,,52,,53,2,,-7,,-6,1,0,0,,160,0,0,0,,,,,,,0,81,79,0.001941,0.0,0,,0,0,0,0,0,0,,,
grand_sim_v0_6,psi_corruption,meta_governance,mid_stress,6,10386,federation,federation,160,0.1,0.08,0.06,0.29,1.6,0.12,0.1,0.08,0.16,0.0095,0.00791,0.3,0.25,0.1,stability_heavy_no_regime,0.3,0.2,0.2,0.15,0.35,0.0,0.14,0.676667,0.03,0.118964,0.043622,0.765184,0.340143,0.541462,0.541462,0.333333,0,,61,57,C07_PSI_EXTENDED,60,,51,,52,3,,-6,,-5,1,0,0,,160,0,0,0,,,,,,,0,76,84,0.002411,0.0,0,,0,0,0,0,0,0,,,
grand_sim_v0_6,psi_corruption,meta_governance,mid_stress,7,10387,federation,federation,160,0.1,0.08,0.06,0.29,1.6,0.12,0.1,0.08,0.16,0.0095,0.00791,0.3,0.25,0.1,stability_heavy_no_regime,0.3,0.2,0.2,0.15,0.35,0.0,0.14,0.676667,0.03,0.118259,0.052053,0.764765,0.339729,0.541462,0.541462,0.333333,0,,60,58,C07_PSI_EXTENDED,60,,52,,52,2,,-6,,-6,1,0,0,,160,0,0,0,,,,,,,0,82,78,0.001922,0.0,0,,0,0,0,0,0,0,,,
grand_sim_v0_6,psi_corruption,meta_governance,mid_stress,8,10388,federation,federation,160,0.1,0.08,0.06,0.29,1.6,0.12,0.1,0.08,0.16,0.0095,0.00791,0.3,0.25,0.1,stability_heavy_no_regime,0.3,0.2,0.2,0.15,0.35,0.0,0.14,0.676667,0.03,0.117761,0.04178,0.765016,0.341634,0.541462,0.541462,0.333333,0,,59,59,C07_PSI_EXTENDED,60,,56,,53,1,,-3,,-6,1,0,0,,160,0,0,0,,,,,,,0,90,70,0.001843,0.0,0,,0,0,0,0,0,0,,,
grand_sim_v0_6,psi_corruption,meta_governance,mid_stress,9,10389,federation,federation,160,0.1,0.08,0.06,0.29,1.6,0.12,0.1,0.08,0.16,0.0095,0.00791,0.3,0.25,0.1,stability_heavy_no_regime,0.3,0.2,0.2,0.15,0.35,0.0,0.14,0.676667,0.03,0.115091,0.046365,0.765504,0.338836,0.535298,0.535298,0.333333,0,,61,56,C07_PSI_EXTENDED,57,,51,,52,1,,-5,,-4,1,0,0,,160,0,0,0,,,,,,,0,69,91,0.00284,0.0,0,,0,0,0,0,0,0,,,
grand_sim_v0_6,psi_corruption,meta_governance,high_stress,0,10390,federation,federation,160,0.14,0.05,0.09,0.26,2.0,0.06,0.13,0.1,0.2,0.012,0.00998,0.3,0.25,0.1,stability_heavy_no_regime,0.3,0.2,0.2,0.15,0.35,0.0,0.17,0.03,0.03,0.142047,1.0,0.0,0.156796,0.0,0.0,1.0,1,25,137,23,C07_PSI_EXTENDED,24,25,24,26,27,1,2,1,3,4,1,0,0,,160,129,0,0,,,,,,,0,,0,0.0,0.0,0,,0,0,0,0,0,0,,,
grand_sim_v0_6,psi_corruption,meta_governance,high_stress,1,10391,federation,federation,160,0.14,0.05,0.09,0.26,2.0,0.06,0.13,0.1,0.2,0.012,0.00998,0.3,0.25,0.1,stability_heavy_no_regime,0.3,0.2,0.2,0.15,0.35,0.0,0.17,0.03,0.03,0.143629,1.0,0.0,0.155957,0.0,0.0,1.0,1,27,136,24,C07_PSI_EXTENDED,26,27,24,28,27,2,3,0,4,3,1,0,0,,160,126,0,0,,,,,,,0,,0,0.0,0.0,0,,0,0,0,0,0,0,,,
grand_sim_v0_6,psi_corruption,meta_governance,high_stress,2,10392,federation,federation,160,0.14,0.05,0.09,0.26,2.0,0.06,0.13,0.1,0.2,0.012,0.00998,0.3,0.25,0.1,stability_heavy_no_regime,0.3,0.2,0.2,0.15,0.35,0.0,0.17,0.03,0.03,0.145269,1.0,0.0,0.152704,0.0,0.0,1.0,1,26,137,23,C07_PSI_EXTENDED,25,26,24,27,27,2,3,1,4,4,1,0,0,,160,128,0,0,,,,,,,0,,0,0.0,0.0,0,,0,0,0,0,0,0,,,
grand_sim_v0_6,psi_corruption,meta_governance,high_stress,3,10393,federation,federation,160,0.14,0.05,0.09,0.26,2.0,0.06,0.13,0.1,0.2,0.012,0.00998,0.3,0.25,0.1,stability_heavy_no_regime,0.3,0.2,0.2,0.15,0.35,0.0,0.17,0.03,0.03,0.128382,1.0,0.0,0.157005,0.0,0.0,1.0,1,26,137,23,C07_PSI_EXTENDED,25,26,22,28,26,2,3,-1,5,3,1,0,0,,160,126,0,0,,,,,,,0,,0,0.0,0.0,0,,0,0,0,0,0,0,,,
grand_sim_v0_6,psi_corruption,meta_governance,high_stress,4,10394,federation,federation,160,0.14,0.05,0.09,0.26,2.0,0.06,0.13,0.1,0.2,0.012,0.00998,0.3,0.25,0.1,stability_heavy_no_regime,0.3,0.2,0.2,0.15,0.35,0.0,0.17,0.03,0.03,0.136089,1.0,0.0,0.156858,0.0,0.0,1.0,1,24,138,22,C07_PSI_EXTENDED,23,24,23,26,26,1,2,1,4,4,1,0,0,,160,129,0,0,,,,,,,0,,0,0.0,0.0,0,,0,0,0,0,0,0,,,
grand_sim_v0_6,psi_corruption,meta_governance,high_stress,5,10395,federation,federation,160,0.14,0.05,0.09,0.26,2.0,0.06,0.13,0.1,0.2,0.012,0.00998,0.3,0.25,0.1,stability_heavy_no_regime,0.3,0.2,0.2,0.15,0.35,0.0,0.17,0.03,0.03,0.140289,1.0,0.0,0.157267,0.0,0.0,1.0,1,26,137,23,C07_PSI_EXTENDED,25,26,24,27,27,2,3,1,4,4,1,0,0,,160,130,0,0,,,,,,,0,,0,0.0,0.0,0,,0,0,0,0,0,0,,,
grand_sim_v0_6,psi_corruption,meta_governance,high_stress,6,10396,federation,federation,160,0.14,0.05,0.09,0.26,2.0,0.06,0.13,0.1,0.2,0.012,0.00998,0.3,0.25,0.1,stability_heavy_no_regime,0.3,0.2,0.2,0.15,0.35,0.0,0.17,0.03,0.03,0.140378,1.0,0.0,0.157195,0.0,0.0,1.0,1,26,137,23,C07_PSI_EXTENDED,24,26,22,28,26,1,3,-1,5,3,1,0,0,,160,127,0,0,,,,,,,0,,0,0.0,0.0,0,,0,0,0,0,0,0,,,
grand_sim_v0_6,psi_corruption,meta_governance,high_stress,7,10397,federation,federation,160,0.14,0.05,0.09,0.26,2.0,0.06,0.13,0.1,0.2,0.012,0.00998,0.3,0.25,0.1,stability_heavy_no_regime,0.3,0.2,0.2,0.15,0.35,0.0,0.17,0.03,0.03,0.141659,1.0,0.0,0.1564,0.0,0.0,1.0,1,26,137,23,C07_PSI_EXTENDED,24,26,24,27,27,1,3,1,4,4,1,0,0,,160,127,0,0,,,,,,,0,,0,0.0,0.0,0,,0,0,0,0,0,0,,,
grand_sim_v0_6,psi_corruption,meta_governance,high_stress,8,10398,federation,federation,160,0.14,0.05,0.09,0.26,2.0,0.06,0.13,0.1,0.2,0.012,0.00998,0.3,0.25,0.1,stability_heavy_no_regime,0.3,0.2,0.2,0.15,0.35,0.0,0.17,0.03,0.03,0.137391,1.0,0.0,0.154285,0.0,0.0,1.0,1,26,137,23,C07_PSI_EXTENDED,25,26,23,27,27,2,3,0,4,4,1,0,0,,160,129,0,0,,,,,,,0,,0,0.0,0.0,0,,0,0,0,0,0,0,,,
grand_sim_v0_6,psi_corruption,meta_governance,high_stress,9,10399,federation,federation,160,0.14,0.05,0.09,0.26,2.0,0.06,0.13,0.1,0.2,0.012,0.00998,0.3,0.25,0.1,stability_heavy_no_regime,0.3,0.2,0.2,0.15,0.35,0.0,0.17,0.03,0.03,0.135413,1.0,0.0,0.157155,0.0,0.0,1.0,1,27,136,24,C07_PSI_EXTENDED,25,27,25,28,28,1,3,1,4,4,1,0,0,,160,128,0,0,,,,,,,0,,0,0.0,0.0,0,,0,0,0,0,0,0,,,
grand_sim_v0_6,async_message_loss,coordination,low_stress,0,10400,federation,federation,160,0.06,0.1,0.04,0.32,1.2,0.2,0.08,0.06,0.12,0.0075,0.006735,0.3,0.25,0.1,stability_heavy_no_regime,0.3,0.2,0.2,0.15,0.35,0.0,0.25,0.905035,0.03,0.121667,0.0,0.938981,0.972272,1.0,1.0,0.1,0,,0,,,,,,,,,,,,,0,0,0,,0,0,0,0,,,,,,,0,,0,0.0,0.0,0,,0,0,0,0,0,0,,,
grand_sim_v0_6,async_message_loss,coordination,low_stress,1,10401,federation,federation,160,0.06,0.1,0.04,0.32,1.2,0.2,0.08,0.06,0.12,0.0075,0.006735,0.3,0.25,0.1,stability_heavy_no_regime,0.3,0.2,0.2,0.15,0.35,0.0,0.25,0.906371,0.034383,0.109727,5e-06,0.939807,0.973286,1.0,1.0,0.1,0,,0,,,,,,,,,,,,,0,0,0,,0,0,0,0,,,,,,,0,,0,0.0,0.0,0,,0,0,0,0,0,0,,,
grand_sim_v0_6,async_message_loss,coordination,low_stress,2,10402,federation,federation,160,0.06,0.1,0.04,0.32,1.2,0.2,0.08,0.06,0.12,0.0075,0.006735,0.3,0.25,0.1,stability_heavy_no_regime,0.3,0.2,0.2,0.15,0.35,0.0,0.25,0.905199,0.033301,0.126901,0.00013,0.93989,0.969414,1.0,1.0,0.1,0,,0,,,,,,,,,,,,,0,0,0,,0,0,0,0,,,,,,,0,,0,0.0,0.0,0,,0,0,0,0,0,0,,,
grand_sim_v0_6,async_message_loss,coordination,low_stress,3,10403,federation,federation,160,0.06,0.1,0.04,0.32,1.2,0.2,0.08,0.06,0.12,0.0075,0.006735,0.3,0.25,0.1,stability_heavy_no_regime,0.3,0.2,0.2,0.15,0.35,0.0,0.25,0.907806,0.039545,0.119016,0.000227,0.940287,0.972522,1.0,1.0,0.1,0,,0,,,,,,,,,,,,,0,0,0,,0,0,0,0,,,,,,,0,,0,0.0,0.0,0,,0,0,0,0,0,0,,,
grand_sim_v0_6,async_message_loss,coordination,low_stress,4,10404,federation,federation,160,0.06,0.1,0.04,0.32,1.2,0.2,0.08,0.06,0.12,0.0075,0.006735,0.3,0.25,0.1,stability_heavy_no_regime,0.3,0.2,0.2,0.15,0.35,0.0,0.25,0.905014,0.030256,0.113433,5.5e-05,0.939171,0.975101,1.0,1.0,0.1,0,,0,,,,,,,,,,,,,0,0,0,,0,0,0,0,,,,,,,0,,0,0.0,0.0,0,,0,0,0,0,0,0,,,
grand_sim_v0_6,async_message_loss,coordination,low_stress,5,10405,federation,federation,160,0.06,0.1,0.04,0.32,1.2,0.2,0.08,0.06,0.12,0.0075,0.006735,0.3,0.25,0.1,stability_heavy_no_regime,0.3,0.2,0.2,0.15,0.35,0.0,0.25,0.90608,0.041803,0.128135,0.000253,0.939539,0.968637,1.0,1.0,0.1,0,,0,,,,,,,,,,,,,0,0,0,,0,0,0,0,,,,,,,0,,0,0.0,0.0,0,,0,0,0,0,0,0,,,
grand_sim_v0_6,async_message_loss,coordination,low_stress,6,10406,federation,federation,160,0.06,0.1,0.04,0.32,1.2,0.2,0.08,0.06,0.12,0.0075,0.006735,0.3,0.25,0.1,stability_heavy_no_regime,0.3,0.2,0.2,0.15,0.35,0.0,0.25,0.904519,0.031536,0.119163,0.000195,0.93826,0.976005,1.0,1.0,0.1,0,,0,,,,,,,,,,,,,0,0,0,,0,0,0,0,,,,,,,0,,0,0.0,0.0,0,,0,0,0,0,0,0,,,
grand_sim_v0_6,async_message_loss,coordination,low_stress,7,10407,federation,federation,160,0.06,0.1,0.04,0.32,1.2,0.2,0.08,0.06,0.12,0.0075,0.006735,0.3,0.25,0.1,stability_heavy_no_regime,0.3,0.2,0.2,0.15,0.35,0.0,0.25,0.91046,0.031269,0.121464,0.0,0.9389,0.971752,1.0,1.0,0.1,0,,0,,,,,,,,,,,,,0,0,0,,0,0,0,0,,,,,,,0,,0,0.0,0.0,0,,0,0,0,0,0,0,,,
grand_sim_v0_6,async_message_loss,coordination,low_stress,8,10408,federation,federation,160,0.06,0.1,0.04,0.32,1.2,0.2,0.08,0.06,0.12,0.0075,0.006735,0.3,0.25,0.1,stability_heavy_no_regime,0.3,0.2,0.2,0.15,0.35,0.0,0.25,0.90713,0.030135,0.122163,0.000253,0.939129,0.97411,1.0,1.0,0.1,0,,0,,,,,,,,,,,,,0,0,0,,0,0,0,0,,,,,,,0,,0,0.0,0.0,0,,0,0,0,0,0,0,,,
grand_sim_v0_6,async_message_loss,coordination,low_stress,9,10409,federation,federation,160,0.06,0.1,0.04,0.32,1.2,0.2,0.08,0.06,0.12,0.0075,0.006735,0.3,0.25,0.1,stability_heavy_no_regime,0.3,0.2,0.2,0.15,0.35,0.0,0.25,0.906423,0.034857,0.120514,0.000169,0.939325,0.972141,1.0,1.0,0.1,0,,0,,,,,,,,,,,,,0,0,0,,0,0,0,0,,,,,,,0,,0,0.0,0.0,0,,0,0,0,0,0,0,,,
grand_sim_v0_6,async_message_loss,coordination,mid_stress,0,10410,federation,federation,160,0.1,0.08,0.06,0.29,1.6,0.12,0.1,0.08,0.16,0.0095,0.00791,0.3,0.25,0.1,stability_heavy_no_regime,0.3,0.2,0.2,0.15,0.35,0.0,0.28,0.90317,0.03,0.129467,0.000263,0.930341,0.97252,1.0,1.0,0.1,0,,0,,,,,,,,,,,,,0,0,0,,0,0,0,0,,,,,,,0,,0,0.0,0.0,0,,0,0,0,0,0,0,,,
grand_sim_v0_6,async_message_loss,coordination,mid_stress,1,10411,federation,federation,160,0.1,0.08,0.06,0.29,1.6,0.12,0.1,0.08,0.16,0.0095,0.00791,0.3,0.25,0.1,stability_heavy_no_regime,0.3,0.2,0.2,0.15,0.35,0.0,0.28,0.903082,0.03,0.133761,0.000889,0.928015,0.969348,1.0,1.0,0.1,0,,0,,,,,,,,,,,,,0,0,0,,0,0,0,0,,,,,,,0,159,1,0.010909,0.0,0,,0,0,0,0,0,0,,,
grand_sim_v0_6,async_message_loss,coordination,mid_stress,2,10412,federation,federation,160,0.1,0.08,0.06,0.29,1.6,0.12,0.1,0.08,0.16,0.0095,0.00791,0.3,0.25,0.1,stability_heavy_no_regime,0.3,0.2,0.2,0.15,0.35,0.0,0.28,0.903,0.03,0.140072,0.001523,0.929949,0.968051,1.0,1.0,0.1,0,,0,,,,,,,,,,,,,0,0,0,,0,0,0,0,,,,,,,0,151,8,0.013343,0.0,0,,0,0,0,0,0,0,,,
grand_sim_v0_6,async_message_loss,coordination,mid_stress,3,10413,federation,federation,160,0.1,0.08,0.06,0.29,1.6,0.12,0.1,0.08,0.16,0.0095,0.00791,0.3,0.25,0.1,stability_heavy_no_regime,0.3,0.2,0.2,0.15,0.35,0.0,0.28,0.903193,0.03,0.140055,0.00234,0.930387,0.965839,1.0,1.0,0.1,0,,0,,,,,,,,,,,,,0,0,0,,0,0,0,0,,,,,,,0,158,2,0.012263,0.0,0,,0,0,0,0,0,0,,,
grand_sim_v0_6,async_message_loss,coordination,mid_stress,4,10414,federation,federation,160,0.1,0.08,0.06,0.29,1.6,0.12,0.1,0.08,0.16,0.0095,0.00791,0.3,0.25,0.1,stability_heavy_no_regime,0.3,0.2,0.2,0.15,0.35,0.0,0.28,0.903,0.03,0.128866,0.000659,0.930059,0.970449,1.0,1.0,0.1,0,,0,,,,,,,,,,,,,0,0,0,,0,0,0,0,,,,,,,0,143,14,0.016732,0.0,0,,0,0,0,0,0,0,,,
grand_sim_v0_6,async_message_loss,coordination,mid_stress,5,10415,federation,federation,160,0.1,0.08,0.06,0.29,1.6,0.12,0.1,0.08,0.16,0.0095,0.00791,0.3,0.25,0.1,stability_heavy_no_regime,0.3,0.2,0.2,0.15,0.35,0.0,0.28,0.903077,0.03,0.128188,0.00077,0.92997,0.97156,1.0,1.0,0.1,0,,0,,,,,,,,,,,,,0,0,0,,0,0,0,0,,,,,,,0,158,2,0.003553,0.0,0,,0,0,0,0,0,0,,,
grand_sim_v0_6,async_message_loss,coordination,mid_stress,6,10416,federation,federation,160,0.1,0.08,0.06,0.29,1.6,0.12,0.1,0.08,0.16,0.0095,0.00791,0.3,0.25,0.1,stability_heavy_no_regime,0.3,0.2,0.2,0.15,0.35,0.0,0.28,0.903814,0.03,0.131674,0.000525,0.928476,0.969595,1.0,1.0,0.1,0,,0,,,,,,,,,,,,,0,0,0,,0,0,0,0,,,,,,,0,,0,0.0,0.0,0,,0,0,0,0,0,0,,,
grand_sim_v0_6,async_message_loss,coordination,mid_stress,7,10417,federation,federation,160,0.1,0.08,0.06,0.29,1.6,0.12,0.1,0.08,0.16,0.0095,0.00791,0.3,0.25,0.1,stability_heavy_no_regime,0.3,0.2,0.2,0.15,0.35,0.0,0.28,0.903,0.03,0.133719,0.001774,0.927647,0.970621,1.0,1.0,0.1,0,,0,,,,,,,,,,,,,0,0,0,,0,0,0,0,,,,,,,0,152,6,0.016443,0.0,0,,0,0,0,0,0,0,,,
grand_sim_v0_6,async_message_loss,coordination,mid_stress,8,10418,federation,federation,160,0.1,0.08,0.06,0.29,1.6,0.12,0.1,0.08,0.16,0.0095,0.00791,0.3,0.25,0.1,stability_heavy_no_regime,0.3,0.2,0.2,0.15,0.35,0.0,0.28,0.904558,0.03,0.132926,0.000283,0.929832,0.966482,1.0,1.0,0.1,0,,0,,,,,,,,,,,,,0,0,0,,0,0,0,0,,,,,,,0,,0,0.0,0.0,0,,0,0,0,0,0,0,,,
grand_sim_v0_6,async_message_loss,coordination,mid_stress,9,10419,federation,federation,160,0.1,0.08,0.06,0.29,1.6,0.12,0.1,0.08,0.16,0.0095,0.00791,0.3,0.25,0.1,stability_heavy_no_regime,0.3,0.2,0.2,0.15,0.35,0.0,0.28,0.903,0.03,0.134031,0.002446,0.928507,0.969531,1.0,1.0,0.1,0,,0,,,,,,,,,,,,,0,0,0,,0,0,0,0,,,,,,,0,154,6,0.01622,0.0,0,,0,0,0,0,0,0,,,
grand_sim_v0_6,async_message_loss,coordination,high_stress,0,10420,federation,federation,160,0.14,0.05,0.09,0.26,2.0,0.06,0.13,0.1,0.2,0.012,0.00998,0.3,0.25,0.1,stability_heavy_no_regime,0.3,0.2,0.2,0.15,0.35,0.0,0.31,0.03,0.03,0.161268,1.0,0.0,0.152672,0.0,0.0,1.0,1,32,141,19,C07_PSI_EXTENDED,30,32,29,33,31,11,13,10,14,12,1,0,0,,0,123,0,0,,,,,,,0,,0,0.0,0.0,0,,0,0,0,0,0,0,,,
grand_sim_v0_6,async_message_loss,coordination,high_stress,1,10421,federation,federation,160,0.14,0.05,0.09,0.26,2.0,0.06,0.13,0.1,0.2,0.012,0.00998,0.3,0.25,0.1,stability_heavy_no_regime,0.3,0.2,0.2,0.15,0.35,0.0,0.31,0.03,0.03,0.156547,1.0,0.0,0.152761,0.0,0.0,1.0,1,33,141,19,C07_PSI_EXTENDED,31,33,30,34,31,12,14,11,15,12,1,0,0,,0,121,3,3,,,,,,,0,,0,0.0,0.0,0,,0,0,0,0,0,0,,,
grand_sim_v0_6,async_message_loss,coordination,high_stress,2,10422,federation,federation,160,0.14,0.05,0.09,0.26,2.0,0.06,0.13,0.1,0.2,0.012,0.00998,0.3,0.25,0.1,stability_heavy_no_regime,0.3,0.2,0.2,0.15,0.35,0.0,0.31,0.03,0.03,0.158772,1.0,0.0,0.151737,0.0,0.0,1.0,1,33,141,19,C07_PSI_EXTENDED,32,33,32,34,33,13,14,13,15,14,1,0,0,,0,121,0,0,,,,,,,0,,0,0.0,0.0,0,,0,0,0,0,0,0,,,
grand_sim_v0_6,async_message_loss,coordination,high_stress,3,10423,federation,federation,160,0.14,0.05,0.09,0.26,2.0,0.06,0.13,0.1,0.2,0.012,0.00998,0.3,0.25,0.1,stability_heavy_no_regime,0.3,0.2,0.2,0.15,0.35,0.0,0.31,0.03,0.03,0.162216,1.0,0.0,0.153633,0.0,0.0,1.0,1,32,141,19,C07_PSI_EXTENDED,31,32,30,34,33,12,13,11,15,14,1,0,0,,0,122,0,0,,,,,,,0,,0,0.0,0.0,0,,0,0,0,0,0,0,,,
grand_sim_v0_6,async_message_loss,coordination,high_stress,4,10424,federation,federation,160,0.14,0.05,0.09,0.26,2.0,0.06,0.13,0.1,0.2,0.012,0.00998,0.3,0.25,0.1,stability_heavy_no_regime,0.3,0.2,0.2,0.15,0.35,0.0,0.31,0.03,0.03,0.154633,1.0,0.0,0.153395,0.0,0.0,1.0,1,32,142,18,C07_PSI_EXTENDED,31,32,28,34,30,13,14,10,16,12,1,0,0,,0,120,0,0,,,,,,,0,,0,0.0,0.0,0,,0,0,0,0,0,0,,,
grand_sim_v0_6,async_message_loss,coordination,high_stress,5,10425,federation,federation,160,0.14,0.05,0.09,0.26,2.0,0.06,0.13,0.1,0.2,0.012,0.00998,0.3,0.25,0.1,stability_heavy_no_regime,0.3,0.2,0.2,0.15,0.35,0.0,0.31,0.03,0.03,0.150876,1.0,0.0,0.154606,0.0,0.0,1.0,1,33,141,19,C07_PSI_EXTENDED,32,33,32,35,33,13,14,13,16,14,1,0,0,,0,119,0,0,,,,,,,0,,0,0.0,0.0,0,,0,0,0,0,0,0,,,
grand_sim_v0_6,async_message_loss,coordination,high_stress,6,10426,federation,federation,160,0.14,0.05,0.09,0.26,2.0,0.06,0.13,0.1,0.2,0.012,0.00998,0.3,0.25,0.1,stability_heavy_no_regime,0.3,0.2,0.2,0.15,0.35,0.0,0.31,0.03,0.03,0.158678,1.0,0.0,0.151503,0.0,0.0,1.0,1,33,141,19,C07_PSI_EXTENDED,31,33,30,33,32,12,14,11,14,13,1,0,0,,0,123,4,4,,,,,,,0,,0,0.0,0.0,0,,0,0,0,0,0,0,,,
grand_sim_v0_6,async_message_loss,coordination,high_stress,7,10427,federation,federation,160,0.14,0.05,0.09,0.26,2.0,0.06,0.13,0.1,0.2,0.012,0.00998,0.3,0.25,0.1,stability_heavy_no_regime,0.3,0.2,0.2,0.15,0.35,0.0,0.31,0.03,0.03,0.152533,1.0,0.0,0.154914,0.0,0.0,1.0,1,31,141,19,C07_PSI_EXTENDED,30,31,29,32,31,11,12,10,13,12,1,0,0,,0,122,0,0,,,,,,,0,,0,0.0,0.0,0,,0,0,0,0,0,0,,,
grand_sim_v0_6,async_message_loss,coordination,high_stress,8,10428,federation,federation,160,0.14,0.05,0.09,0.26,2.0,0.06,0.13,0.1,0.2,0.012,0.00998,0.3,0.25,0.1,stability_heavy_no_regime,0.3,0.2,0.2,0.15,0.35,0.0,0.31,0.03,0.03,0.164982,1.0,0.0,0.152809,0.0,0.0,1.0,1,34,140,20,C07_PSI_EXTENDED,33,34,32,35,35,13,14,12,15,15,1,0,0,,0,121,0,0,,,,,,,0,,0,0.0,0.0,0,,0,0,0,0,0,0,,,
grand_sim_v0_6,async_message_loss,coordination,high_stress,9,10429,federation,federation,160,0.14,0.05,0.09,0.26,2.0,0.06,0.13,0.1,0.2,0.012,0.00998,0.3,0.25,0.1,stability_heavy_no_regime,0.3,0.2,0.2,0.15,0.35,0.0,0.31,0.03,0.03,0.162547,1.0,0.0,0.1528,0.0,0.0,1.0,1,33,140,20,C07_PSI_EXTENDED,31,33,31,34,33,11,13,11,14,13,1,0,0,,0,120,0,0,,,,,,,0,,0,0.0,0.0,0,,0,0,0,0,0,0,,,
