batch_id,scenario,scenario_family,profile,run_index,seed,topology_initial,topology_final_detected,steps,a,b,c,lambda_damping,alpha_cognition,mu_cognition,k_D,k_C,k_T,k_b,break_condition_margin,f_min,kappa_min_protected,psi_lambda,psi_weight_profile,psi_threshold,psi_w_t,psi_w_d,psi_w_g,psi_w_s,psi_w_regime,message_loss,final_T_mean,final_T_min,final_D_mean,final_C_mean,final_I_mean,final_S_network,final_G_formal,final_G_effective,collapse_share_peak,sustained_ignition,ignition_onset_step,trigger_A_count,trigger_A_first_step,trigger_A_source,collapse30_event_first_step,collapse40_event_first_step,cluster35_event_first_step,t_mean30_event_first_step,s_network35_event_first_step,trigger_A_lead_to_collapse30,trigger_A_lead_to_collapse40,trigger_A_lead_to_cluster35,trigger_A_lead_to_t_mean30,trigger_A_lead_to_s_network35,trigger_A_before_collapse30,trigger_A_false_positive_no_collapse30,trigger_B_count,trigger_B_first_step,trigger_C_count,trigger_D_count,false_stability_steps,async_false_stability_steps,final_hub1_S,final_hub2_S,final_hub3_S,min_hub1_S,min_hub2_S,min_hub3_S,external_intervention_count,resource_exhaustion_step,max_unmet_recovery_demand,reclassification_latency_steps,star_adjacency_persist_steps
grand_sim_v0_5,ring_baseline,baseline,low_stress,0,9300,ring_mesh,ring_mesh,160,0.06,0.1,0.04,0.32,1.2,0.2,0.08,0.06,0.12,0.0075,0.006735,0.3,0.25,0.1,,0.3,,,,,,0.03,1.0,1.0,0.067327,0.0,1.0,0.988554,1.0,1.0,0.0,0,,0,,,,,,,,,,,,,0,0,0,,0,0,0,0,,,,,,,0,,0.0,,0
grand_sim_v0_5,ring_baseline,baseline,low_stress,1,9301,ring_mesh,ring_mesh,160,0.06,0.1,0.04,0.32,1.2,0.2,0.08,0.06,0.12,0.0075,0.006735,0.3,0.25,0.1,,0.3,,,,,,0.03,1.0,1.0,0.070432,0.0,1.0,0.988026,1.0,1.0,0.0,0,,0,,,,,,,,,,,,,0,0,0,,0,0,0,0,,,,,,,0,,0.0,,0
grand_sim_v0_5,ring_baseline,baseline,low_stress,2,9302,ring_mesh,ring_mesh,160,0.06,0.1,0.04,0.32,1.2,0.2,0.08,0.06,0.12,0.0075,0.006735,0.3,0.25,0.1,,0.3,,,,,,0.03,1.0,1.0,0.069587,0.0,1.0,0.98817,1.0,1.0,0.0,0,,0,,,,,,,,,,,,,0,0,0,,0,0,0,0,,,,,,,0,,0.0,,0
grand_sim_v0_5,ring_baseline,baseline,low_stress,3,9303,ring_mesh,ring_mesh,160,0.06,0.1,0.04,0.32,1.2,0.2,0.08,0.06,0.12,0.0075,0.006735,0.3,0.25,0.1,,0.3,,,,,,0.03,1.0,1.0,0.07166,0.0,1.0,0.987818,1.0,1.0,0.0,0,,0,,,,,,,,,,,,,0,0,0,,0,0,0,0,,,,,,,0,,0.0,,0
grand_sim_v0_5,ring_baseline,baseline,low_stress,4,9304,ring_mesh,ring_mesh,160,0.06,0.1,0.04,0.32,1.2,0.2,0.08,0.06,0.12,0.0075,0.006735,0.3,0.25,0.1,,0.3,,,,,,0.03,1.0,1.0,0.069257,0.0,1.0,0.988226,1.0,1.0,0.0,0,,0,,,,,,,,,,,,,0,0,0,,0,0,0,0,,,,,,,0,,0.0,,0
grand_sim_v0_5,ring_baseline,baseline,low_stress,5,9305,ring_mesh,ring_mesh,160,0.06,0.1,0.04,0.32,1.2,0.2,0.08,0.06,0.12,0.0075,0.006735,0.3,0.25,0.1,,0.3,,,,,,0.03,1.0,1.0,0.066671,0.0,1.0,0.988666,1.0,1.0,0.0,0,,0,,,,,,,,,,,,,0,0,0,,0,0,0,0,,,,,,,0,,0.0,,0
grand_sim_v0_5,ring_baseline,baseline,low_stress,6,9306,ring_mesh,ring_mesh,160,0.06,0.1,0.04,0.32,1.2,0.2,0.08,0.06,0.12,0.0075,0.006735,0.3,0.25,0.1,,0.3,,,,,,0.03,1.0,1.0,0.069189,0.0,1.0,0.988238,1.0,1.0,0.0,0,,0,,,,,,,,,,,,,0,0,0,,0,0,0,0,,,,,,,0,,0.0,,0
grand_sim_v0_5,ring_baseline,baseline,low_stress,7,9307,ring_mesh,ring_mesh,160,0.06,0.1,0.04,0.32,1.2,0.2,0.08,0.06,0.12,0.0075,0.006735,0.3,0.25,0.1,,0.3,,,,,,0.03,1.0,1.0,0.068299,0.0,1.0,0.988389,1.0,1.0,0.0,0,,0,,,,,,,,,,,,,0,0,0,,0,0,0,0,,,,,,,0,,0.0,,0
grand_sim_v0_5,ring_baseline,baseline,low_stress,8,9308,ring_mesh,ring_mesh,160,0.06,0.1,0.04,0.32,1.2,0.2,0.08,0.06,0.12,0.0075,0.006735,0.3,0.25,0.1,,0.3,,,,,,0.03,1.0,1.0,0.066588,0.0,1.0,0.98868,1.0,1.0,0.0,0,,0,,,,,,,,,,,,,0,0,0,,0,0,0,0,,,,,,,0,,0.0,,0
grand_sim_v0_5,ring_baseline,baseline,low_stress,9,9309,ring_mesh,ring_mesh,160,0.06,0.1,0.04,0.32,1.2,0.2,0.08,0.06,0.12,0.0075,0.006735,0.3,0.25,0.1,,0.3,,,,,,0.03,1.0,1.0,0.066915,0.0,1.0,0.988624,1.0,1.0,0.0,0,,0,,,,,,,,,,,,,0,0,0,,0,0,0,0,,,,,,,0,,0.0,,0
grand_sim_v0_5,ring_baseline,baseline,mid_stress,0,9310,ring_mesh,ring_mesh,160,0.1,0.08,0.06,0.29,1.6,0.12,0.1,0.08,0.16,0.0095,0.00791,0.3,0.25,0.1,,0.3,,,,,,0.06,1.0,1.0,0.075248,0.0,1.0,0.987208,1.0,1.0,0.0,0,,0,,,,,,,,,,,,,0,0,0,,0,0,0,0,,,,,,,0,,0.0,,0
grand_sim_v0_5,ring_baseline,baseline,mid_stress,1,9311,ring_mesh,ring_mesh,160,0.1,0.08,0.06,0.29,1.6,0.12,0.1,0.08,0.16,0.0095,0.00791,0.3,0.25,0.1,,0.3,,,,,,0.06,1.0,1.0,0.078753,0.0,1.0,0.986612,1.0,1.0,0.0,0,,0,,,,,,,,,,,,,0,0,0,,0,0,0,0,,,,,,,0,,0.0,,0
grand_sim_v0_5,ring_baseline,baseline,mid_stress,2,9312,ring_mesh,ring_mesh,160,0.1,0.08,0.06,0.29,1.6,0.12,0.1,0.08,0.16,0.0095,0.00791,0.3,0.25,0.1,,0.3,,,,,,0.06,1.0,1.0,0.073721,0.0,1.0,0.987467,1.0,1.0,0.0,0,,0,,,,,,,,,,,,,0,0,0,,0,0,0,0,,,,,,,0,,0.0,,0
grand_sim_v0_5,ring_baseline,baseline,mid_stress,3,9313,ring_mesh,ring_mesh,160,0.1,0.08,0.06,0.29,1.6,0.12,0.1,0.08,0.16,0.0095,0.00791,0.3,0.25,0.1,,0.3,,,,,,0.06,1.0,1.0,0.076954,0.0,1.0,0.986918,1.0,1.0,0.0,0,,0,,,,,,,,,,,,,0,0,0,,0,0,0,0,,,,,,,0,,0.0,,0
grand_sim_v0_5,ring_baseline,baseline,mid_stress,4,9314,ring_mesh,ring_mesh,160,0.1,0.08,0.06,0.29,1.6,0.12,0.1,0.08,0.16,0.0095,0.00791,0.3,0.25,0.1,,0.3,,,,,,0.06,1.0,1.0,0.078088,0.0,1.0,0.986725,1.0,1.0,0.0,0,,0,,,,,,,,,,,,,0,0,0,,0,0,0,0,,,,,,,0,,0.0,,0
grand_sim_v0_5,ring_baseline,baseline,mid_stress,5,9315,ring_mesh,ring_mesh,160,0.1,0.08,0.06,0.29,1.6,0.12,0.1,0.08,0.16,0.0095,0.00791,0.3,0.25,0.1,,0.3,,,,,,0.06,1.0,1.0,0.07791,0.0,1.0,0.986755,1.0,1.0,0.0,0,,0,,,,,,,,,,,,,0,0,0,,0,0,0,0,,,,,,,0,,0.0,,0
grand_sim_v0_5,ring_baseline,baseline,mid_stress,6,9316,ring_mesh,ring_mesh,160,0.1,0.08,0.06,0.29,1.6,0.12,0.1,0.08,0.16,0.0095,0.00791,0.3,0.25,0.1,,0.3,,,,,,0.06,1.0,1.0,0.07645,0.0,1.0,0.987003,1.0,1.0,0.0,0,,0,,,,,,,,,,,,,0,0,0,,0,0,0,0,,,,,,,0,,0.0,,0
grand_sim_v0_5,ring_baseline,baseline,mid_stress,7,9317,ring_mesh,ring_mesh,160,0.1,0.08,0.06,0.29,1.6,0.12,0.1,0.08,0.16,0.0095,0.00791,0.3,0.25,0.1,,0.3,,,,,,0.06,1.0,1.0,0.07656,0.0,1.0,0.986985,1.0,1.0,0.0,0,,0,,,,,,,,,,,,,0,0,0,,0,0,0,0,,,,,,,0,,0.0,,0
grand_sim_v0_5,ring_baseline,baseline,mid_stress,8,9318,ring_mesh,ring_mesh,160,0.1,0.08,0.06,0.29,1.6,0.12,0.1,0.08,0.16,0.0095,0.00791,0.3,0.25,0.1,,0.3,,,,,,0.06,1.0,1.0,0.077194,0.0,1.0,0.986877,1.0,1.0,0.0,0,,0,,,,,,,,,,,,,0,0,0,,0,0,0,0,,,,,,,0,,0.0,,0
grand_sim_v0_5,ring_baseline,baseline,mid_stress,9,9319,ring_mesh,ring_mesh,160,0.1,0.08,0.06,0.29,1.6,0.12,0.1,0.08,0.16,0.0095,0.00791,0.3,0.25,0.1,,0.3,,,,,,0.06,1.0,1.0,0.077637,0.0,1.0,0.986802,1.0,1.0,0.0,0,,0,,,,,,,,,,,,,0,0,0,,0,0,0,0,,,,,,,0,,0.0,,0
grand_sim_v0_5,ring_baseline,baseline,high_stress,0,9320,ring_mesh,ring_mesh,160,0.14,0.05,0.09,0.26,2.0,0.06,0.13,0.1,0.2,0.012,0.00998,0.3,0.25,0.1,,0.3,,,,,,0.09,0.03,0.03,0.089812,1.0,0.0,0.169132,0.0,0.0,1.0,1,38,121,39,C04_S_THRESHOLD,37,38,,39,45,-2,-1,,0,6,0,0,0,,0,116,0,0,,,,,,,0,,0.0,,0
grand_sim_v0_5,ring_baseline,baseline,high_stress,1,9321,ring_mesh,ring_mesh,160,0.14,0.05,0.09,0.26,2.0,0.06,0.13,0.1,0.2,0.012,0.00998,0.3,0.25,0.1,,0.3,,,,,,0.09,0.03,0.03,0.087953,1.0,0.0,0.169448,0.0,0.0,1.0,1,37,122,38,C04_S_THRESHOLD,35,37,,38,44,-3,-1,,0,6,0,0,0,,0,116,0,0,,,,,,,0,,0.0,,0
grand_sim_v0_5,ring_baseline,baseline,high_stress,2,9322,ring_mesh,ring_mesh,160,0.14,0.05,0.09,0.26,2.0,0.06,0.13,0.1,0.2,0.012,0.00998,0.3,0.25,0.1,,0.3,,,,,,0.09,0.03,0.03,0.090279,1.0,0.0,0.169053,0.0,0.0,1.0,1,37,122,38,C04_S_THRESHOLD,35,37,,38,44,-3,-1,,0,6,0,0,0,,0,117,0,0,,,,,,,0,,0.0,,0
grand_sim_v0_5,ring_baseline,baseline,high_stress,3,9323,ring_mesh,ring_mesh,160,0.14,0.05,0.09,0.26,2.0,0.06,0.13,0.1,0.2,0.012,0.00998,0.3,0.25,0.1,,0.3,,,,,,0.09,0.03,0.03,0.088602,1.0,0.0,0.169338,0.0,0.0,1.0,1,39,121,39,C04_S_THRESHOLD,36,39,,40,46,-3,0,,1,7,0,0,0,,0,114,0,0,,,,,,,0,,0.0,,0
grand_sim_v0_5,ring_baseline,baseline,high_stress,4,9324,ring_mesh,ring_mesh,160,0.14,0.05,0.09,0.26,2.0,0.06,0.13,0.1,0.2,0.012,0.00998,0.3,0.25,0.1,,0.3,,,,,,0.09,0.03,0.03,0.089648,1.0,0.0,0.16916,0.0,0.0,1.0,1,38,121,39,C04_S_THRESHOLD,36,38,,39,45,-3,-1,,0,6,0,0,0,,0,116,0,0,,,,,,,0,,0.0,,0
grand_sim_v0_5,ring_baseline,baseline,high_stress,5,9325,ring_mesh,ring_mesh,160,0.14,0.05,0.09,0.26,2.0,0.06,0.13,0.1,0.2,0.012,0.00998,0.3,0.25,0.1,,0.3,,,,,,0.09,0.03,0.03,0.090421,1.0,0.0,0.169028,0.0,0.0,1.0,1,35,124,36,C04_S_THRESHOLD,34,35,,37,42,-2,-1,,1,6,0,0,0,,0,118,0,0,,,,,,,0,,0.0,,0
grand_sim_v0_5,ring_baseline,baseline,high_stress,6,9326,ring_mesh,ring_mesh,160,0.14,0.05,0.09,0.26,2.0,0.06,0.13,0.1,0.2,0.012,0.00998,0.3,0.25,0.1,,0.3,,,,,,0.09,0.03,0.03,0.087695,1.0,0.0,0.169492,0.0,0.0,1.0,1,37,122,38,C04_S_THRESHOLD,37,37,,39,45,-1,-1,,1,7,0,0,0,,0,116,0,0,,,,,,,0,,0.0,,0
grand_sim_v0_5,ring_baseline,baseline,high_stress,7,9327,ring_mesh,ring_mesh,160,0.14,0.05,0.09,0.26,2.0,0.06,0.13,0.1,0.2,0.012,0.00998,0.3,0.25,0.1,,0.3,,,,,,0.09,0.03,0.03,0.086829,1.0,0.0,0.169639,0.0,0.0,1.0,1,35,123,37,C04_S_THRESHOLD,33,35,,37,44,-4,-2,,0,7,0,0,0,,0,116,1,0,,,,,,,0,,0.0,,0
grand_sim_v0_5,ring_baseline,baseline,high_stress,8,9328,ring_mesh,ring_mesh,160,0.14,0.05,0.09,0.26,2.0,0.06,0.13,0.1,0.2,0.012,0.00998,0.3,0.25,0.1,,0.3,,,,,,0.09,0.03,0.03,0.084872,1.0,0.0,0.169972,0.0,0.0,1.0,1,34,124,36,C04_S_THRESHOLD,33,34,,36,43,-3,-2,,0,7,0,0,0,,0,118,1,0,,,,,,,0,,0.0,,0
grand_sim_v0_5,ring_baseline,baseline,high_stress,9,9329,ring_mesh,ring_mesh,160,0.14,0.05,0.09,0.26,2.0,0.06,0.13,0.1,0.2,0.012,0.00998,0.3,0.25,0.1,,0.3,,,,,,0.09,0.03,0.03,0.088762,1.0,0.0,0.16931,0.0,0.0,1.0,1,39,120,40,C04_S_THRESHOLD,38,39,,41,46,-2,-1,,1,6,0,0,0,,0,115,0,0,,,,,,,0,,0.0,,0
grand_sim_v0_5,federation_cluster_attack,federation,low_stress,0,9330,federation,federation,160,0.06,0.1,0.04,0.32,1.2,0.2,0.08,0.06,0.12,0.0075,0.006735,0.3,0.25,0.1,stability_heavy_no_regime,0.3,0.2,0.2,0.15,0.35,0.0,0.03,0.677021,0.03,0.091061,0.0,0.814719,0.393141,0.979784,0.979784,0.333333,0,,70,80,C07_PSI_EXTENDED,99,,83,,82,19,,3,,2,1,0,0,,0,0,0,0,,,,,,,0,135,0.003155,,0
grand_sim_v0_5,federation_cluster_attack,federation,low_stress,1,9331,federation,federation,160,0.06,0.1,0.04,0.32,1.2,0.2,0.08,0.06,0.12,0.0075,0.006735,0.3,0.25,0.1,stability_heavy_no_regime,0.3,0.2,0.2,0.15,0.35,0.0,0.03,0.677064,0.03,0.097003,0.0,0.815854,0.393435,0.970181,0.970181,0.333333,0,,70,79,C07_PSI_EXTENDED,98,,81,,82,19,,2,,3,1,0,0,,0,0,0,0,,,,,,,0,128,0.003181,,0
grand_sim_v0_5,federation_cluster_attack,federation,low_stress,2,9332,federation,federation,160,0.06,0.1,0.04,0.32,1.2,0.2,0.08,0.06,0.12,0.0075,0.006735,0.3,0.25,0.1,stability_heavy_no_regime,0.3,0.2,0.2,0.15,0.35,0.0,0.03,0.676843,0.03,0.093433,0.0,0.814646,0.392287,0.977144,0.977144,0.333333,0,,69,79,C07_PSI_EXTENDED,97,,81,,82,18,,2,,3,1,0,0,,0,0,0,0,,,,,,,0,129,0.003179,,0
grand_sim_v0_5,federation_cluster_attack,federation,low_stress,3,9333,federation,federation,160,0.06,0.1,0.04,0.32,1.2,0.2,0.08,0.06,0.12,0.0075,0.006735,0.3,0.25,0.1,stability_heavy_no_regime,0.3,0.2,0.2,0.15,0.35,0.0,0.03,0.677041,0.03,0.093127,0.0,0.813732,0.395739,0.963622,0.963622,0.333333,0,,72,79,C07_PSI_EXTENDED,98,,81,,82,19,,2,,3,1,0,0,,0,0,0,0,,,,,,,0,127,0.003157,,0
grand_sim_v0_5,federation_cluster_attack,federation,low_stress,4,9334,federation,federation,160,0.06,0.1,0.04,0.32,1.2,0.2,0.08,0.06,0.12,0.0075,0.006735,0.3,0.25,0.1,stability_heavy_no_regime,0.3,0.2,0.2,0.15,0.35,0.0,0.03,0.676714,0.03,0.099372,0.0,0.814376,0.391252,0.983206,0.983206,0.333333,0,,74,78,C07_PSI_EXTENDED,98,,79,,81,20,,1,,3,1,0,0,,0,0,0,0,,,,,,,0,119,0.00322,,0
grand_sim_v0_5,federation_cluster_attack,federation,low_stress,5,9335,federation,federation,160,0.06,0.1,0.04,0.32,1.2,0.2,0.08,0.06,0.12,0.0075,0.006735,0.3,0.25,0.1,stability_heavy_no_regime,0.3,0.2,0.2,0.15,0.35,0.0,0.03,0.676973,0.03,0.096947,0.0,0.814635,0.394889,0.981834,0.981834,0.333333,0,,71,79,C07_PSI_EXTENDED,98,,81,,82,19,,2,,3,1,0,0,,0,0,0,0,,,,,,,0,120,0.0032,,0
grand_sim_v0_5,federation_cluster_attack,federation,low_stress,6,9336,federation,federation,160,0.06,0.1,0.04,0.32,1.2,0.2,0.08,0.06,0.12,0.0075,0.006735,0.3,0.25,0.1,stability_heavy_no_regime,0.3,0.2,0.2,0.15,0.35,0.0,0.03,0.676737,0.03,0.095547,0.0,0.814101,0.395344,0.974535,0.974535,0.333333,0,,71,79,C07_PSI_EXTENDED,98,,80,,81,19,,1,,2,1,0,0,,0,0,0,0,,,,,,,0,126,0.003221,,0
grand_sim_v0_5,federation_cluster_attack,federation,low_stress,7,9337,federation,federation,160,0.06,0.1,0.04,0.32,1.2,0.2,0.08,0.06,0.12,0.0075,0.006735,0.3,0.25,0.1,stability_heavy_no_regime,0.3,0.2,0.2,0.15,0.35,0.0,0.03,0.67709,0.03,0.096633,0.0,0.814619,0.391285,0.981635,0.981635,0.333333,0,,70,79,C07_PSI_EXTENDED,97,,81,,82,18,,2,,3,1,0,0,,0,0,0,0,,,,,,,0,126,0.003202,,0
grand_sim_v0_5,federation_cluster_attack,federation,low_stress,8,9338,federation,federation,160,0.06,0.1,0.04,0.32,1.2,0.2,0.08,0.06,0.12,0.0075,0.006735,0.3,0.25,0.1,stability_heavy_no_regime,0.3,0.2,0.2,0.15,0.35,0.0,0.03,0.676773,0.03,0.108808,0.0,0.814658,0.387311,1.0,1.0,0.333333,0,,73,80,C07_PSI_EXTENDED,95,,81,,82,15,,1,,2,1,0,0,,0,0,0,0,,,,,,,0,127,0.003229,,0
grand_sim_v0_5,federation_cluster_attack,federation,low_stress,9,9339,federation,federation,160,0.06,0.1,0.04,0.32,1.2,0.2,0.08,0.06,0.12,0.0075,0.006735,0.3,0.25,0.1,stability_heavy_no_regime,0.3,0.2,0.2,0.15,0.35,0.0,0.03,0.676838,0.03,0.098105,0.0,0.814899,0.392426,0.98179,0.98179,0.333333,0,,73,78,C07_PSI_EXTENDED,93,,80,,81,15,,2,,3,1,0,0,,0,0,0,0,,,,,,,0,119,0.003142,,0
grand_sim_v0_5,federation_cluster_attack,federation,mid_stress,0,9340,federation,federation,160,0.1,0.08,0.06,0.29,1.6,0.12,0.1,0.08,0.16,0.0095,0.00791,0.3,0.25,0.1,stability_heavy_no_regime,0.3,0.2,0.2,0.15,0.35,0.0,0.06,0.676667,0.03,0.104207,0.0,0.787314,0.374478,1.0,1.0,0.333333,0,,105,55,C07_PSI_EXTENDED,67,,55,,57,12,,0,,2,1,0,0,,0,0,0,0,,,,,,,0,76,0.002703,,0
grand_sim_v0_5,federation_cluster_attack,federation,mid_stress,1,9341,federation,federation,160,0.1,0.08,0.06,0.29,1.6,0.12,0.1,0.08,0.16,0.0095,0.00791,0.3,0.25,0.1,stability_heavy_no_regime,0.3,0.2,0.2,0.15,0.35,0.0,0.06,0.676667,0.03,0.11008,0.0,0.783469,0.371265,1.0,1.0,0.333333,0,,104,56,C07_PSI_EXTENDED,66,,56,,57,10,,0,,1,1,0,0,,0,0,0,0,,,,,,,0,80,0.002586,,0
grand_sim_v0_5,federation_cluster_attack,federation,mid_stress,2,9342,federation,federation,160,0.1,0.08,0.06,0.29,1.6,0.12,0.1,0.08,0.16,0.0095,0.00791,0.3,0.25,0.1,stability_heavy_no_regime,0.3,0.2,0.2,0.15,0.35,0.0,0.06,0.676667,0.03,0.10581,0.0,0.785299,0.372794,1.0,1.0,0.333333,0,,105,55,C07_PSI_EXTENDED,62,,55,,57,7,,0,,2,1,0,0,,0,0,0,0,,,,,,,0,78,0.002647,,0
grand_sim_v0_5,federation_cluster_attack,federation,mid_stress,3,9343,federation,federation,160,0.1,0.08,0.06,0.29,1.6,0.12,0.1,0.08,0.16,0.0095,0.00791,0.3,0.25,0.1,stability_heavy_no_regime,0.3,0.2,0.2,0.15,0.35,0.0,0.06,0.676667,0.03,0.106151,0.0,0.785457,0.370814,1.0,1.0,0.333333,0,,105,55,C07_PSI_EXTENDED,61,,55,,56,6,,0,,1,1,0,0,,0,0,0,0,,,,,,,0,74,0.002851,,0
grand_sim_v0_5,federation_cluster_attack,federation,mid_stress,4,9344,federation,federation,160,0.1,0.08,0.06,0.29,1.6,0.12,0.1,0.08,0.16,0.0095,0.00791,0.3,0.25,0.1,stability_heavy_no_regime,0.3,0.2,0.2,0.15,0.35,0.0,0.06,0.676667,0.03,0.106087,0.0,0.785995,0.374201,1.0,1.0,0.333333,0,,105,55,C07_PSI_EXTENDED,65,,55,,57,10,,0,,2,1,0,0,,0,0,0,0,,,,,,,0,74,0.003019,,0
grand_sim_v0_5,federation_cluster_attack,federation,mid_stress,5,9345,federation,federation,160,0.1,0.08,0.06,0.29,1.6,0.12,0.1,0.08,0.16,0.0095,0.00791,0.3,0.25,0.1,stability_heavy_no_regime,0.3,0.2,0.2,0.15,0.35,0.0,0.06,0.676667,0.03,0.10513,0.0,0.786484,0.372584,1.0,1.0,0.333333,0,,105,55,C07_PSI_EXTENDED,65,,55,,56,10,,0,,1,1,0,0,,0,0,0,0,,,,,,,0,78,0.002607,,0
grand_sim_v0_5,federation_cluster_attack,federation,mid_stress,6,9346,federation,federation,160,0.1,0.08,0.06,0.29,1.6,0.12,0.1,0.08,0.16,0.0095,0.00791,0.3,0.25,0.1,stability_heavy_no_regime,0.3,0.2,0.2,0.15,0.35,0.0,0.06,0.676667,0.03,0.103277,0.0,0.785111,0.372325,1.0,1.0,0.333333,0,,105,55,C07_PSI_EXTENDED,67,,55,,57,12,,0,,2,1,0,0,,0,0,0,0,,,,,,,0,79,0.002574,,0
grand_sim_v0_5,federation_cluster_attack,federation,mid_stress,7,9347,federation,federation,160,0.1,0.08,0.06,0.29,1.6,0.12,0.1,0.08,0.16,0.0095,0.00791,0.3,0.25,0.1,stability_heavy_no_regime,0.3,0.2,0.2,0.15,0.35,0.0,0.06,0.676667,0.03,0.103894,0.0,0.786151,0.371848,1.0,1.0,0.333333,0,,105,55,C07_PSI_EXTENDED,66,,55,,57,11,,0,,2,1,0,0,,0,0,0,0,,,,,,,0,77,0.002654,,0
grand_sim_v0_5,federation_cluster_attack,federation,mid_stress,8,9348,federation,federation,160,0.1,0.08,0.06,0.29,1.6,0.12,0.1,0.08,0.16,0.0095,0.00791,0.3,0.25,0.1,stability_heavy_no_regime,0.3,0.2,0.2,0.15,0.35,0.0,0.06,0.676667,0.03,0.106454,0.0,0.785514,0.369422,1.0,1.0,0.333333,0,,104,56,C07_PSI_EXTENDED,66,,56,,57,10,,0,,1,1,0,0,,0,0,0,0,,,,,,,0,85,0.002623,,0
grand_sim_v0_5,federation_cluster_attack,federation,mid_stress,9,9349,federation,federation,160,0.1,0.08,0.06,0.29,1.6,0.12,0.1,0.08,0.16,0.0095,0.00791,0.3,0.25,0.1,stability_heavy_no_regime,0.3,0.2,0.2,0.15,0.35,0.0,0.06,0.676667,0.03,0.113154,0.0,0.783954,0.368629,1.0,1.0,0.333333,0,,100,60,C07_PSI_EXTENDED,67,,62,,62,7,,2,,2,1,0,0,,0,0,0,0,,,,,,,0,104,0.002603,,0
grand_sim_v0_5,federation_cluster_attack,federation,high_stress,0,9350,federation,federation,160,0.14,0.05,0.09,0.26,2.0,0.06,0.13,0.1,0.2,0.012,0.00998,0.3,0.25,0.1,stability_heavy_no_regime,0.3,0.2,0.2,0.15,0.35,0.0,0.09,0.03,0.03,0.120292,1.0,0.0,0.161795,0.0,0.0,1.0,1,28,141,19,C07_PSI_EXTENDED,27,28,27,29,29,8,9,8,10,10,1,0,0,,0,125,0,0,,,,,,,0,,0.0,,0
grand_sim_v0_5,federation_cluster_attack,federation,high_stress,1,9351,federation,federation,160,0.14,0.05,0.09,0.26,2.0,0.06,0.13,0.1,0.2,0.012,0.00998,0.3,0.25,0.1,stability_heavy_no_regime,0.3,0.2,0.2,0.15,0.35,0.0,0.09,0.03,0.03,0.12108,1.0,0.0,0.159267,0.0,0.0,1.0,1,26,142,18,C07_PSI_EXTENDED,25,26,25,27,28,7,8,7,9,10,1,0,0,,0,128,0,0,,,,,,,0,,0.0,,0
grand_sim_v0_5,federation_cluster_attack,federation,high_stress,2,9352,federation,federation,160,0.14,0.05,0.09,0.26,2.0,0.06,0.13,0.1,0.2,0.012,0.00998,0.3,0.25,0.1,stability_heavy_no_regime,0.3,0.2,0.2,0.15,0.35,0.0,0.09,0.03,0.03,0.131623,1.0,0.0,0.158335,0.0,0.0,1.0,1,28,141,19,C07_PSI_EXTENDED,27,28,27,30,30,8,9,8,11,11,1,0,0,,0,126,0,0,,,,,,,0,,0.0,,0
grand_sim_v0_5,federation_cluster_attack,federation,high_stress,3,9353,federation,federation,160,0.14,0.05,0.09,0.26,2.0,0.06,0.13,0.1,0.2,0.012,0.00998,0.3,0.25,0.1,stability_heavy_no_regime,0.3,0.2,0.2,0.15,0.35,0.0,0.09,0.03,0.03,0.125837,1.0,0.0,0.160006,0.0,0.0,1.0,1,27,143,17,C07_PSI_EXTENDED,26,27,24,28,27,9,10,7,11,10,1,0,0,,0,127,0,0,,,,,,,0,,0.0,,0
grand_sim_v0_5,federation_cluster_attack,federation,high_stress,4,9354,federation,federation,160,0.14,0.05,0.09,0.26,2.0,0.06,0.13,0.1,0.2,0.012,0.00998,0.3,0.25,0.1,stability_heavy_no_regime,0.3,0.2,0.2,0.15,0.35,0.0,0.09,0.03,0.03,0.123894,1.0,0.0,0.160879,0.0,0.0,1.0,1,29,141,19,C07_PSI_EXTENDED,27,29,27,30,30,8,10,8,11,11,1,0,0,,0,125,0,0,,,,,,,0,,0.0,,0
grand_sim_v0_5,federation_cluster_attack,federation,high_stress,5,9355,federation,federation,160,0.14,0.05,0.09,0.26,2.0,0.06,0.13,0.1,0.2,0.012,0.00998,0.3,0.25,0.1,stability_heavy_no_regime,0.3,0.2,0.2,0.15,0.35,0.0,0.09,0.03,0.03,0.126487,1.0,0.0,0.159289,0.0,0.0,1.0,1,28,142,18,C07_PSI_EXTENDED,26,28,25,29,27,8,10,7,11,9,1,0,0,,0,126,0,0,,,,,,,0,,0.0,,0
grand_sim_v0_5,federation_cluster_attack,federation,high_stress,6,9356,federation,federation,160,0.14,0.05,0.09,0.26,2.0,0.06,0.13,0.1,0.2,0.012,0.00998,0.3,0.25,0.1,stability_heavy_no_regime,0.3,0.2,0.2,0.15,0.35,0.0,0.09,0.03,0.03,0.126923,1.0,0.0,0.158701,0.0,0.0,1.0,1,28,141,19,C07_PSI_EXTENDED,27,28,26,29,30,8,9,7,10,11,1,0,0,,0,126,0,0,,,,,,,0,,0.0,,0
grand_sim_v0_5,federation_cluster_attack,federation,high_stress,7,9357,federation,federation,160,0.14,0.05,0.09,0.26,2.0,0.06,0.13,0.1,0.2,0.012,0.00998,0.3,0.25,0.1,stability_heavy_no_regime,0.3,0.2,0.2,0.15,0.35,0.0,0.09,0.03,0.03,0.124943,1.0,0.0,0.159108,0.0,0.0,1.0,1,28,142,18,C07_PSI_EXTENDED,27,28,23,29,27,9,10,5,11,9,1,0,0,,0,125,0,0,,,,,,,0,,0.0,,0
grand_sim_v0_5,federation_cluster_attack,federation,high_stress,8,9358,federation,federation,160,0.14,0.05,0.09,0.26,2.0,0.06,0.13,0.1,0.2,0.012,0.00998,0.3,0.25,0.1,stability_heavy_no_regime,0.3,0.2,0.2,0.15,0.35,0.0,0.09,0.03,0.03,0.128925,1.0,0.0,0.160012,0.0,0.0,1.0,1,26,143,17,C07_PSI_EXTENDED,25,26,24,27,27,8,9,7,10,10,1,0,0,,0,128,0,0,,,,,,,0,,0.0,,0
grand_sim_v0_5,federation_cluster_attack,federation,high_stress,9,9359,federation,federation,160,0.14,0.05,0.09,0.26,2.0,0.06,0.13,0.1,0.2,0.012,0.00998,0.3,0.25,0.1,stability_heavy_no_regime,0.3,0.2,0.2,0.15,0.35,0.0,0.09,0.03,0.03,0.130063,1.0,0.0,0.159621,0.0,0.0,1.0,1,29,140,20,C07_PSI_EXTENDED,28,29,28,31,30,8,9,8,11,10,1,0,0,,0,123,0,0,,,,,,,0,,0.0,,0
grand_sim_v0_5,federation_bridge_stress,federation,low_stress,0,9360,federation,federation,160,0.06,0.1,0.04,0.32,1.2,0.2,0.08,0.06,0.12,0.0075,0.006735,0.3,0.25,0.1,stability_heavy_no_regime,0.3,0.2,0.2,0.15,0.35,0.0,0.03,0.904498,0.033385,0.108588,0.0,0.940085,0.97536,1.0,1.0,0.1,0,,0,,,,,,,,,,,,,0,0,0,,0,0,0,0,,,,,,,0,,0.0,,0
grand_sim_v0_5,federation_bridge_stress,federation,low_stress,1,9361,federation,federation,160,0.06,0.1,0.04,0.32,1.2,0.2,0.08,0.06,0.12,0.0075,0.006735,0.3,0.25,0.1,stability_heavy_no_regime,0.3,0.2,0.2,0.15,0.35,0.0,0.03,0.904784,0.030036,0.112019,0.0,0.939714,0.977291,1.0,1.0,0.1,0,,0,,,,,,,,,,,,,0,0,0,,0,0,0,0,,,,,,,0,,0.0,,0
grand_sim_v0_5,federation_bridge_stress,federation,low_stress,2,9362,federation,federation,160,0.06,0.1,0.04,0.32,1.2,0.2,0.08,0.06,0.12,0.0075,0.006735,0.3,0.25,0.1,stability_heavy_no_regime,0.3,0.2,0.2,0.15,0.35,0.0,0.03,0.903,0.03,0.105895,0.0,0.940572,0.976163,1.0,1.0,0.1,0,,0,,,,,,,,,,,,,0,0,0,,0,0,0,0,,,,,,,0,115,0.009961,,0
grand_sim_v0_5,federation_bridge_stress,federation,low_stress,3,9363,federation,federation,160,0.06,0.1,0.04,0.32,1.2,0.2,0.08,0.06,0.12,0.0075,0.006735,0.3,0.25,0.1,stability_heavy_no_regime,0.3,0.2,0.2,0.15,0.35,0.0,0.03,0.903009,0.03,0.100443,0.0,0.940091,0.979104,1.0,1.0,0.1,0,,0,,,,,,,,,,,,,0,0,0,,0,0,0,0,,,,,,,0,122,0.015628,,0
grand_sim_v0_5,federation_bridge_stress,federation,low_stress,4,9364,federation,federation,160,0.06,0.1,0.04,0.32,1.2,0.2,0.08,0.06,0.12,0.0075,0.006735,0.3,0.25,0.1,stability_heavy_no_regime,0.3,0.2,0.2,0.15,0.35,0.0,0.03,0.903,0.03,0.104759,0.0,0.93975,0.9759,1.0,1.0,0.1,0,,0,,,,,,,,,,,,,0,0,0,,0,0,0,0,,,,,,,0,124,0.01411,,0
grand_sim_v0_5,federation_bridge_stress,federation,low_stress,5,9365,federation,federation,160,0.06,0.1,0.04,0.32,1.2,0.2,0.08,0.06,0.12,0.0075,0.006735,0.3,0.25,0.1,stability_heavy_no_regime,0.3,0.2,0.2,0.15,0.35,0.0,0.03,0.903,0.03,0.108303,0.0,0.939845,0.975018,1.0,1.0,0.1,0,,0,,,,,,,,,,,,,0,0,0,,0,0,0,0,,,,,,,0,123,0.010153,,0
grand_sim_v0_5,federation_bridge_stress,federation,low_stress,6,9366,federation,federation,160,0.06,0.1,0.04,0.32,1.2,0.2,0.08,0.06,0.12,0.0075,0.006735,0.3,0.25,0.1,stability_heavy_no_regime,0.3,0.2,0.2,0.15,0.35,0.0,0.03,0.903,0.03,0.113094,0.0,0.938634,0.974645,1.0,1.0,0.1,0,,0,,,,,,,,,,,,,0,0,0,,0,0,0,0,,,,,,,0,121,0.00988,,0
grand_sim_v0_5,federation_bridge_stress,federation,low_stress,7,9367,federation,federation,160,0.06,0.1,0.04,0.32,1.2,0.2,0.08,0.06,0.12,0.0075,0.006735,0.3,0.25,0.1,stability_heavy_no_regime,0.3,0.2,0.2,0.15,0.35,0.0,0.03,0.903,0.03,0.102658,0.0,0.940145,0.977039,1.0,1.0,0.1,0,,0,,,,,,,,,,,,,0,0,0,,0,0,0,0,,,,,,,0,118,0.010285,,0
grand_sim_v0_5,federation_bridge_stress,federation,low_stress,8,9368,federation,federation,160,0.06,0.1,0.04,0.32,1.2,0.2,0.08,0.06,0.12,0.0075,0.006735,0.3,0.25,0.1,stability_heavy_no_regime,0.3,0.2,0.2,0.15,0.35,0.0,0.03,0.903,0.03,0.103241,0.0,0.939673,0.975517,1.0,1.0,0.1,0,,0,,,,,,,,,,,,,0,0,0,,0,0,0,0,,,,,,,0,140,0.009047,,0
grand_sim_v0_5,federation_bridge_stress,federation,low_stress,9,9369,federation,federation,160,0.06,0.1,0.04,0.32,1.2,0.2,0.08,0.06,0.12,0.0075,0.006735,0.3,0.25,0.1,stability_heavy_no_regime,0.3,0.2,0.2,0.15,0.35,0.0,0.03,0.903043,0.03,0.103787,0.0,0.940663,0.976725,1.0,1.0,0.1,0,,0,,,,,,,,,,,,,0,0,0,,0,0,0,0,,,,,,,0,123,0.010155,,0
grand_sim_v0_5,federation_bridge_stress,federation,mid_stress,0,9370,federation,federation,160,0.1,0.08,0.06,0.29,1.6,0.12,0.1,0.08,0.16,0.0095,0.00791,0.3,0.25,0.1,stability_heavy_no_regime,0.3,0.2,0.2,0.15,0.35,0.0,0.06,0.903,0.03,0.119506,0.0,0.932994,0.97374,1.0,1.0,0.1,0,,0,,,,,,,,,,,,,0,0,0,,0,0,0,0,,,,,,,0,67,0.011111,,0
grand_sim_v0_5,federation_bridge_stress,federation,mid_stress,1,9371,federation,federation,160,0.1,0.08,0.06,0.29,1.6,0.12,0.1,0.08,0.16,0.0095,0.00791,0.3,0.25,0.1,stability_heavy_no_regime,0.3,0.2,0.2,0.15,0.35,0.0,0.06,0.903,0.03,0.121228,0.0,0.933821,0.97019,1.0,1.0,0.1,0,,0,,,,,,,,,,,,,0,0,0,,0,0,0,0,,,,,,,0,95,0.009959,,0
grand_sim_v0_5,federation_bridge_stress,federation,mid_stress,2,9372,federation,federation,160,0.1,0.08,0.06,0.29,1.6,0.12,0.1,0.08,0.16,0.0095,0.00791,0.3,0.25,0.1,stability_heavy_no_regime,0.3,0.2,0.2,0.15,0.35,0.0,0.06,0.903,0.03,0.126821,0.00035,0.93269,0.970935,1.0,1.0,0.1,0,,0,,,,,,,,,,,,,0,0,0,,0,0,0,0,,,,,,,0,121,0.012705,,0
grand_sim_v0_5,federation_bridge_stress,federation,mid_stress,3,9373,federation,federation,160,0.1,0.08,0.06,0.29,1.6,0.12,0.1,0.08,0.16,0.0095,0.00791,0.3,0.25,0.1,stability_heavy_no_regime,0.3,0.2,0.2,0.15,0.35,0.0,0.06,0.903,0.03,0.115159,0.0,0.933634,0.972102,1.0,1.0,0.1,0,,0,,,,,,,,,,,,,0,0,0,,0,0,0,0,,,,,,,0,89,0.009977,,0
grand_sim_v0_5,federation_bridge_stress,federation,mid_stress,4,9374,federation,federation,160,0.1,0.08,0.06,0.29,1.6,0.12,0.1,0.08,0.16,0.0095,0.00791,0.3,0.25,0.1,stability_heavy_no_regime,0.3,0.2,0.2,0.15,0.35,0.0,0.06,0.903,0.03,0.113528,0.0,0.934544,0.976592,1.0,1.0,0.1,0,,0,,,,,,,,,,,,,0,0,0,,0,0,0,0,,,,,,,0,88,0.01528,,0
grand_sim_v0_5,federation_bridge_stress,federation,mid_stress,5,9375,federation,federation,160,0.1,0.08,0.06,0.29,1.6,0.12,0.1,0.08,0.16,0.0095,0.00791,0.3,0.25,0.1,stability_heavy_no_regime,0.3,0.2,0.2,0.15,0.35,0.0,0.06,0.903,0.03,0.123033,0.0,0.933913,0.973279,1.0,1.0,0.1,0,,0,,,,,,,,,,,,,0,0,0,,0,0,0,0,,,,,,,0,66,0.01528,,0
grand_sim_v0_5,federation_bridge_stress,federation,mid_stress,6,9376,federation,federation,160,0.1,0.08,0.06,0.29,1.6,0.12,0.1,0.08,0.16,0.0095,0.00791,0.3,0.25,0.1,stability_heavy_no_regime,0.3,0.2,0.2,0.15,0.35,0.0,0.06,0.903,0.03,0.116962,0.0,0.934053,0.974994,1.0,1.0,0.1,0,,0,,,,,,,,,,,,,0,0,0,,0,0,0,0,,,,,,,0,89,0.01133,,0
grand_sim_v0_5,federation_bridge_stress,federation,mid_stress,7,9377,federation,federation,160,0.1,0.08,0.06,0.29,1.6,0.12,0.1,0.08,0.16,0.0095,0.00791,0.3,0.25,0.1,stability_heavy_no_regime,0.3,0.2,0.2,0.15,0.35,0.0,0.06,0.903,0.03,0.119563,0.0,0.933276,0.972884,1.0,1.0,0.1,0,,0,,,,,,,,,,,,,0,0,0,,0,0,0,0,,,,,,,0,89,0.01228,,0
grand_sim_v0_5,federation_bridge_stress,federation,mid_stress,8,9378,federation,federation,160,0.1,0.08,0.06,0.29,1.6,0.12,0.1,0.08,0.16,0.0095,0.00791,0.3,0.25,0.1,stability_heavy_no_regime,0.3,0.2,0.2,0.15,0.35,0.0,0.06,0.903,0.03,0.115997,2.5e-05,0.933414,0.97479,1.0,1.0,0.1,0,,0,,,,,,,,,,,,,0,0,0,,0,0,0,0,,,,,,,0,79,0.01228,,0
grand_sim_v0_5,federation_bridge_stress,federation,mid_stress,9,9379,federation,federation,160,0.1,0.08,0.06,0.29,1.6,0.12,0.1,0.08,0.16,0.0095,0.00791,0.3,0.25,0.1,stability_heavy_no_regime,0.3,0.2,0.2,0.15,0.35,0.0,0.06,0.903,0.03,0.119423,0.00029,0.933156,0.973061,1.0,1.0,0.1,0,,0,,,,,,,,,,,,,0,0,0,,0,0,0,0,,,,,,,0,77,0.011136,,0
grand_sim_v0_5,federation_bridge_stress,federation,high_stress,0,9380,federation,federation,160,0.14,0.05,0.09,0.26,2.0,0.06,0.13,0.1,0.2,0.012,0.00998,0.3,0.25,0.1,stability_heavy_no_regime,0.3,0.2,0.2,0.15,0.35,0.0,0.09,0.03,0.03,0.13648,1.0,0.0,0.156501,0.0,0.0,1.0,1,26,142,18,C07_PSI_EXTENDED,26,26,26,28,28,8,8,8,10,10,1,0,0,,0,128,0,0,,,,,,,0,,0.0,,0
grand_sim_v0_5,federation_bridge_stress,federation,high_stress,1,9381,federation,federation,160,0.14,0.05,0.09,0.26,2.0,0.06,0.13,0.1,0.2,0.012,0.00998,0.3,0.25,0.1,stability_heavy_no_regime,0.3,0.2,0.2,0.15,0.35,0.0,0.09,0.03,0.03,0.139765,1.0,0.0,0.157321,0.0,0.0,1.0,1,26,143,17,C07_PSI_EXTENDED,25,26,23,28,26,8,9,6,11,9,1,0,0,,0,127,0,0,,,,,,,0,,0.0,,0
grand_sim_v0_5,federation_bridge_stress,federation,high_stress,2,9382,federation,federation,160,0.14,0.05,0.09,0.26,2.0,0.06,0.13,0.1,0.2,0.012,0.00998,0.3,0.25,0.1,stability_heavy_no_regime,0.3,0.2,0.2,0.15,0.35,0.0,0.09,0.03,0.03,0.139264,1.0,0.0,0.156033,0.0,0.0,1.0,1,27,142,18,C07_PSI_EXTENDED,25,27,24,28,27,7,9,6,10,9,1,0,0,,0,127,0,0,,,,,,,0,,0.0,,0
grand_sim_v0_5,federation_bridge_stress,federation,high_stress,3,9383,federation,federation,160,0.14,0.05,0.09,0.26,2.0,0.06,0.13,0.1,0.2,0.012,0.00998,0.3,0.25,0.1,stability_heavy_no_regime,0.3,0.2,0.2,0.15,0.35,0.0,0.09,0.03,0.03,0.139548,1.0,0.0,0.157066,0.0,0.0,1.0,1,27,142,18,C07_PSI_EXTENDED,26,27,25,28,27,8,9,7,10,9,1,0,0,,0,127,0,0,,,,,,,0,,0.0,,0
grand_sim_v0_5,federation_bridge_stress,federation,high_stress,4,9384,federation,federation,160,0.14,0.05,0.09,0.26,2.0,0.06,0.13,0.1,0.2,0.012,0.00998,0.3,0.25,0.1,stability_heavy_no_regime,0.3,0.2,0.2,0.15,0.35,0.0,0.09,0.03,0.03,0.13831,1.0,0.0,0.157588,0.0,0.0,1.0,1,25,144,16,C07_PSI_EXTENDED,25,25,23,27,26,9,9,7,11,10,1,0,0,,0,129,0,0,,,,,,,0,,0.0,,0
grand_sim_v0_5,federation_bridge_stress,federation,high_stress,5,9385,federation,federation,160,0.14,0.05,0.09,0.26,2.0,0.06,0.13,0.1,0.2,0.012,0.00998,0.3,0.25,0.1,stability_heavy_no_regime,0.3,0.2,0.2,0.15,0.35,0.0,0.09,0.03,0.03,0.139564,1.0,0.0,0.158258,0.0,0.0,1.0,1,27,143,17,C07_PSI_EXTENDED,26,27,25,28,28,9,10,8,11,11,1,0,0,,0,128,0,0,,,,,,,0,,0.0,,0
grand_sim_v0_5,federation_bridge_stress,federation,high_stress,6,9386,federation,federation,160,0.14,0.05,0.09,0.26,2.0,0.06,0.13,0.1,0.2,0.012,0.00998,0.3,0.25,0.1,stability_heavy_no_regime,0.3,0.2,0.2,0.15,0.35,0.0,0.09,0.03,0.03,0.138794,1.0,0.0,0.156267,0.0,0.0,1.0,1,28,140,20,C07_PSI_EXTENDED,27,28,27,30,30,7,8,7,10,10,1,0,0,,0,125,0,0,,,,,,,0,,0.0,,0
grand_sim_v0_5,federation_bridge_stress,federation,high_stress,7,9387,federation,federation,160,0.14,0.05,0.09,0.26,2.0,0.06,0.13,0.1,0.2,0.012,0.00998,0.3,0.25,0.1,stability_heavy_no_regime,0.3,0.2,0.2,0.15,0.35,0.0,0.09,0.03,0.03,0.137373,1.0,0.0,0.15727,0.0,0.0,1.0,1,27,142,18,C07_PSI_EXTENDED,26,27,23,29,27,8,9,5,11,9,1,0,0,,0,126,0,0,,,,,,,0,,0.0,,0
grand_sim_v0_5,federation_bridge_stress,federation,high_stress,8,9388,federation,federation,160,0.14,0.05,0.09,0.26,2.0,0.06,0.13,0.1,0.2,0.012,0.00998,0.3,0.25,0.1,stability_heavy_no_regime,0.3,0.2,0.2,0.15,0.35,0.0,0.09,0.03,0.03,0.142281,1.0,0.0,0.155899,0.0,0.0,1.0,1,25,143,17,C07_PSI_EXTENDED,24,25,23,27,26,7,8,6,10,9,1,0,0,,0,128,0,0,,,,,,,0,,0.0,,0
grand_sim_v0_5,federation_bridge_stress,federation,high_stress,9,9389,federation,federation,160,0.14,0.05,0.09,0.26,2.0,0.06,0.13,0.1,0.2,0.012,0.00998,0.3,0.25,0.1,stability_heavy_no_regime,0.3,0.2,0.2,0.15,0.35,0.0,0.09,0.03,0.03,0.143046,1.0,0.0,0.154261,0.0,0.0,1.0,1,26,143,17,C07_PSI_EXTENDED,25,26,24,27,27,8,9,7,10,10,1,0,0,,0,127,0,0,,,,,,,0,,0.0,,0
grand_sim_v0_5,star_unsafe_reference,star,low_stress,0,9390,star,star,160,0.06,0.1,0.04,0.32,1.2,0.2,0.08,0.06,0.12,0.0075,0.006735,0.3,0.25,0.1,,0.3,,,,,,0.03,0.812668,0.050649,0.135005,0.0,0.590064,0.41607,1.0,1.0,0.083333,0,,104,56,C04_S_THRESHOLD,,,,,63,,,,,7,0,0,0,,0,0,0,0,0.41607,,,0.200192,,,0,,0.0,,160
grand_sim_v0_5,star_unsafe_reference,star,low_stress,1,9391,star,star,160,0.06,0.1,0.04,0.32,1.2,0.2,0.08,0.06,0.12,0.0075,0.006735,0.3,0.25,0.1,,0.3,,,,,,0.03,0.839248,0.087318,0.137732,0.0,0.59887,0.406246,1.0,1.0,0.083333,0,,101,59,C04_S_THRESHOLD,,,,,66,,,,,7,0,0,0,,0,0,0,0,0.406246,,,0.200254,,,0,,0.0,,160
grand_sim_v0_5,star_unsafe_reference,star,low_stress,2,9392,star,star,160,0.06,0.1,0.04,0.32,1.2,0.2,0.08,0.06,0.12,0.0075,0.006735,0.3,0.25,0.1,,0.3,,,,,,0.03,0.739285,0.034305,0.146944,0.0,0.572725,0.374251,1.0,1.0,0.116667,0,,98,62,C04_S_THRESHOLD,,,,,70,,,,,8,0,0,0,,0,0,0,0,0.374251,,,0.199591,,,0,,0.0,,160
grand_sim_v0_5,star_unsafe_reference,star,low_stress,3,9393,star,star,160,0.06,0.1,0.04,0.32,1.2,0.2,0.08,0.06,0.12,0.0075,0.006735,0.3,0.25,0.1,,0.3,,,,,,0.03,0.754212,0.03,0.140683,0.0,0.581297,0.37998,1.0,1.0,0.166667,0,,104,56,C04_S_THRESHOLD,,,,,63,,,,,7,0,0,0,,0,0,0,0,0.37998,,,0.19968,,,0,153,0.006833,,160
grand_sim_v0_5,star_unsafe_reference,star,low_stress,4,9394,star,star,160,0.06,0.1,0.04,0.32,1.2,0.2,0.08,0.06,0.12,0.0075,0.006735,0.3,0.25,0.1,,0.3,,,,,,0.03,0.843685,0.081321,0.161446,0.0,0.597007,0.389414,1.0,1.0,0.066667,0,,93,67,C04_S_THRESHOLD,,,,,75,,,,,8,0,0,0,,0,0,0,0,0.389414,,,0.19995,,,0,,0.0,,160
grand_sim_v0_5,star_unsafe_reference,star,low_stress,5,9395,star,star,160,0.06,0.1,0.04,0.32,1.2,0.2,0.08,0.06,0.12,0.0075,0.006735,0.3,0.25,0.1,,0.3,,,,,,0.03,0.732993,0.03,0.155631,0.0,0.571654,0.36143,1.0,1.0,0.116667,0,,107,53,C04_S_THRESHOLD,,,,,60,,,,,7,0,0,0,,0,0,0,0,0.36143,,,0.199953,,,0,155,0.005391,,160
grand_sim_v0_5,star_unsafe_reference,star,low_stress,6,9396,star,star,160,0.06,0.1,0.04,0.32,1.2,0.2,0.08,0.06,0.12,0.0075,0.006735,0.3,0.25,0.1,,0.3,,,,,,0.03,0.677392,0.03,0.142535,0.0,0.558567,0.369574,1.0,1.0,0.166667,0,,106,54,C04_S_THRESHOLD,,,,,61,,,,,7,0,0,0,,0,0,0,0,0.369574,,,0.199469,,,0,153,0.004525,,160
grand_sim_v0_5,star_unsafe_reference,star,low_stress,7,9397,star,star,160,0.06,0.1,0.04,0.32,1.2,0.2,0.08,0.06,0.12,0.0075,0.006735,0.3,0.25,0.1,,0.3,,,,,,0.03,0.779408,0.044612,0.164774,0.0,0.581733,0.370492,1.0,1.0,0.083333,0,,104,56,C04_S_THRESHOLD,,,,,63,,,,,7,0,0,0,,0,0,0,0,0.370492,,,0.199428,,,0,,0.0,,160
grand_sim_v0_5,star_unsafe_reference,star,low_stress,8,9398,star,star,160,0.06,0.1,0.04,0.32,1.2,0.2,0.08,0.06,0.12,0.0075,0.006735,0.3,0.25,0.1,,0.3,,,,,,0.03,0.78558,0.054152,0.152845,0.0,0.580708,0.383712,1.0,1.0,0.066667,0,,95,65,C04_S_THRESHOLD,,,,,74,,,,,9,0,0,0,,0,0,0,0,0.383712,,,0.199685,,,0,,0.0,,160
grand_sim_v0_5,star_unsafe_reference,star,low_stress,9,9399,star,star,160,0.06,0.1,0.04,0.32,1.2,0.2,0.08,0.06,0.12,0.0075,0.006735,0.3,0.25,0.1,,0.3,,,,,,0.03,0.746947,0.03,0.154712,3e-06,0.573244,0.372411,1.0,1.0,0.066667,0,,91,69,C04_S_THRESHOLD,,,,,79,,,,,10,0,0,0,,0,0,0,0,0.372411,,,0.199873,,,0,,0.0,,160
grand_sim_v0_5,star_unsafe_reference,star,mid_stress,0,9400,star,star,160,0.1,0.08,0.06,0.29,1.6,0.12,0.1,0.08,0.16,0.0095,0.00791,0.3,0.25,0.1,,0.3,,,,,,0.06,0.03,0.03,0.180395,1.0,0.0,0.143586,0.0,0.0,1.0,1,44,121,39,C04_S_THRESHOLD,44,44,,46,41,5,5,,7,2,1,0,0,,0,108,0,0,0.157165,,,0.048872,,,0,,0.0,,160
grand_sim_v0_5,star_unsafe_reference,star,mid_stress,1,9401,star,star,160,0.1,0.08,0.06,0.29,1.6,0.12,0.1,0.08,0.16,0.0095,0.00791,0.3,0.25,0.1,,0.3,,,,,,0.06,0.03,0.03,0.156355,0.999244,0.0,0.149854,0.0,0.0,1.0,1,38,127,33,C04_S_THRESHOLD,37,38,,39,36,4,5,,6,3,1,0,0,,0,117,0,0,0.172873,,,0.048735,,,0,,0.0,,160
grand_sim_v0_5,star_unsafe_reference,star,mid_stress,2,9402,star,star,160,0.1,0.08,0.06,0.29,1.6,0.12,0.1,0.08,0.16,0.0095,0.00791,0.3,0.25,0.1,,0.3,,,,,,0.06,0.03,0.03,0.182032,1.0,0.0,0.144249,0.0,0.0,1.0,1,43,122,38,C04_S_THRESHOLD,42,43,,45,41,4,5,,7,3,1,0,0,,0,110,0,0,0.156616,,,0.04895,,,0,,0.0,,160
grand_sim_v0_5,star_unsafe_reference,star,mid_stress,3,9403,star,star,160,0.1,0.08,0.06,0.29,1.6,0.12,0.1,0.08,0.16,0.0095,0.00791,0.3,0.25,0.1,,0.3,,,,,,0.06,0.03,0.03,0.184754,0.999753,0.0,0.142849,0.0,0.0,1.0,1,36,129,31,C04_S_THRESHOLD,35,36,,37,34,4,5,,6,3,1,0,0,,0,120,0,0,0.15999,,,0.048755,,,0,40,0.000825,,160
grand_sim_v0_5,star_unsafe_reference,star,mid_stress,4,9404,star,star,160,0.1,0.08,0.06,0.29,1.6,0.12,0.1,0.08,0.16,0.0095,0.00791,0.3,0.25,0.1,,0.3,,,,,,0.06,0.03,0.03,0.173867,0.999959,0.0,0.146032,0.0,0.0,1.0,1,29,136,24,C04_S_THRESHOLD,28,29,,31,28,4,5,,7,4,1,0,0,,0,124,0,0,0.160465,,,0.04885,,,0,,0.0,,160
grand_sim_v0_5,star_unsafe_reference,star,mid_stress,5,9405,star,star,160,0.1,0.08,0.06,0.29,1.6,0.12,0.1,0.08,0.16,0.0095,0.00791,0.3,0.25,0.1,,0.3,,,,,,0.06,0.03,0.03,0.15678,0.9995,0.0,0.148022,0.0,0.0,1.0,1,41,126,34,C04_S_THRESHOLD,39,41,,41,37,5,7,,7,3,1,0,0,,0,115,0,0,0.170429,,,0.048813,,,0,,0.0,,160
grand_sim_v0_5,star_unsafe_reference,star,mid_stress,6,9406,star,star,160,0.1,0.08,0.06,0.29,1.6,0.12,0.1,0.08,0.16,0.0095,0.00791,0.3,0.25,0.1,,0.3,,,,,,0.06,0.03,0.03,0.164563,0.999819,0.0,0.146887,0.0,0.0,1.0,1,41,123,37,C04_S_THRESHOLD,40,41,,43,39,3,4,,6,2,1,0,0,,0,113,0,0,0.165116,,,0.048859,,,0,,0.0,,160
grand_sim_v0_5,star_unsafe_reference,star,mid_stress,7,9407,star,star,160,0.1,0.08,0.06,0.29,1.6,0.12,0.1,0.08,0.16,0.0095,0.00791,0.3,0.25,0.1,,0.3,,,,,,0.06,0.03,0.03,0.183419,1.0,0.0,0.145565,0.0,0.0,1.0,1,42,122,38,C04_S_THRESHOLD,42,42,,43,41,4,4,,5,3,1,0,0,,0,112,0,0,0.153509,,,0.048856,,,0,53,0.000373,,160
grand_sim_v0_5,star_unsafe_reference,star,mid_stress,8,9408,star,star,160,0.1,0.08,0.06,0.29,1.6,0.12,0.1,0.08,0.16,0.0095,0.00791,0.3,0.25,0.1,,0.3,,,,,,0.06,0.03,0.03,0.166894,0.999314,0.0,0.14482,0.0,0.0,1.0,1,41,123,37,C04_S_THRESHOLD,40,41,,42,39,3,4,,5,2,1,0,0,,0,114,0,0,0.167138,,,0.048989,,,0,,0.0,,160
grand_sim_v0_5,star_unsafe_reference,star,mid_stress,9,9409,star,star,160,0.1,0.08,0.06,0.29,1.6,0.12,0.1,0.08,0.16,0.0095,0.00791,0.3,0.25,0.1,,0.3,,,,,,0.06,0.03,0.03,0.176643,0.999841,0.0,0.146442,0.0,0.0,1.0,1,40,123,37,C04_S_THRESHOLD,40,40,,42,39,3,3,,5,2,1,0,0,,0,112,0,0,0.159892,,,0.04886,,,0,,0.0,,160
grand_sim_v0_5,star_unsafe_reference,star,high_stress,0,9410,star,star,160,0.14,0.05,0.09,0.26,2.0,0.06,0.13,0.1,0.2,0.012,0.00998,0.3,0.25,0.1,,0.3,,,,,,0.09,0.03,0.03,0.212403,1.0,0.0,0.140843,0.0,0.0,1.0,1,13,149,11,C04_S_THRESHOLD,12,13,,15,14,1,2,,4,3,1,0,0,,0,140,0,0,0.157531,,,0.047394,,,0,15,0.011645,,160
grand_sim_v0_5,star_unsafe_reference,star,high_stress,1,9411,star,star,160,0.14,0.05,0.09,0.26,2.0,0.06,0.13,0.1,0.2,0.012,0.00998,0.3,0.25,0.1,,0.3,,,,,,0.09,0.03,0.03,0.227892,1.0,0.0,0.139573,0.0,0.0,1.0,1,10,151,9,C04_S_THRESHOLD,10,10,,12,11,1,1,,3,2,1,0,0,,0,143,0,0,0.148056,,,0.047455,,,0,,0.0,,160
grand_sim_v0_5,star_unsafe_reference,star,high_stress,2,9412,star,star,160,0.14,0.05,0.09,0.26,2.0,0.06,0.13,0.1,0.2,0.012,0.00998,0.3,0.25,0.1,,0.3,,,,,,0.09,0.03,0.03,0.225915,1.0,0.0,0.137169,0.0,0.0,1.0,1,11,151,9,C04_S_THRESHOLD,10,11,,12,11,1,2,,3,2,1,0,0,,0,144,0,0,0.148549,,,0.047376,,,0,15,0.001867,,160
grand_sim_v0_5,star_unsafe_reference,star,high_stress,3,9413,star,star,160,0.14,0.05,0.09,0.26,2.0,0.06,0.13,0.1,0.2,0.012,0.00998,0.3,0.25,0.1,,0.3,,,,,,0.09,0.03,0.03,0.216355,1.0,0.0,0.139246,0.0,0.0,1.0,1,11,151,9,C04_S_THRESHOLD,11,11,,12,11,2,2,,3,2,1,0,0,,0,144,0,0,0.150909,,,0.047472,,,0,13,0.010843,,160
grand_sim_v0_5,star_unsafe_reference,star,high_stress,4,9414,star,star,160,0.14,0.05,0.09,0.26,2.0,0.06,0.13,0.1,0.2,0.012,0.00998,0.3,0.25,0.1,,0.3,,,,,,0.09,0.03,0.03,0.245685,1.0,0.0,0.131637,0.0,0.0,1.0,1,11,151,9,C04_S_THRESHOLD,10,11,,12,11,1,2,,3,2,1,0,0,,0,143,0,0,0.140105,,,0.047529,,,0,,0.0,,160
grand_sim_v0_5,star_unsafe_reference,star,high_stress,5,9415,star,star,160,0.14,0.05,0.09,0.26,2.0,0.06,0.13,0.1,0.2,0.012,0.00998,0.3,0.25,0.1,,0.3,,,,,,0.09,0.03,0.03,0.259063,1.0,0.0,0.13083,0.0,0.0,1.0,1,12,151,9,C04_S_THRESHOLD,11,12,,13,12,2,3,,4,3,1,0,0,,0,142,0,0,0.138588,,,0.04751,,,0,14,0.010266,,160
grand_sim_v0_5,star_unsafe_reference,star,high_stress,6,9416,star,star,160,0.14,0.05,0.09,0.26,2.0,0.06,0.13,0.1,0.2,0.012,0.00998,0.3,0.25,0.1,,0.3,,,,,,0.09,0.03,0.03,0.243293,1.0,0.0,0.13369,0.0,0.0,1.0,1,12,151,9,C04_S_THRESHOLD,11,12,,13,12,2,3,,4,3,1,0,0,,0,142,0,0,0.144788,,,0.047554,,,0,,0.0,,160
grand_sim_v0_5,star_unsafe_reference,star,high_stress,7,9417,star,star,160,0.14,0.05,0.09,0.26,2.0,0.06,0.13,0.1,0.2,0.012,0.00998,0.3,0.25,0.1,,0.3,,,,,,0.09,0.03,0.03,0.212627,1.0,0.0,0.139827,0.0,0.0,1.0,1,11,151,9,C04_S_THRESHOLD,10,11,,13,11,1,2,,4,2,1,0,0,,0,143,0,0,0.155783,,,0.047415,,,0,,0.0,,160
grand_sim_v0_5,star_unsafe_reference,star,high_stress,8,9418,star,star,160,0.14,0.05,0.09,0.26,2.0,0.06,0.13,0.1,0.2,0.012,0.00998,0.3,0.25,0.1,,0.3,,,,,,0.09,0.03,0.03,0.215167,1.0,0.0,0.139872,0.0,0.0,1.0,1,12,151,9,C04_S_THRESHOLD,11,12,,13,12,2,3,,4,3,1,0,0,,0,142,0,0,0.151279,,,0.047587,,,0,13,0.015488,,160
grand_sim_v0_5,star_unsafe_reference,star,high_stress,9,9419,star,star,160,0.14,0.05,0.09,0.26,2.0,0.06,0.13,0.1,0.2,0.012,0.00998,0.3,0.25,0.1,,0.3,,,,,,0.09,0.03,0.03,0.199462,1.0,0.0,0.142672,0.0,0.0,1.0,1,10,152,8,C04_S_THRESHOLD,10,10,,11,11,2,2,,3,3,1,0,0,,0,145,0,0,0.159285,,,0.04746,,,0,,0.0,,160
grand_sim_v0_5,hub_2_balanced,hub_redundancy,low_stress,0,9420,hub_redundant,hub_2,160,0.06,0.1,0.04,0.32,1.2,0.2,0.08,0.06,0.12,0.0075,0.006735,0.3,0.25,0.1,,0.3,,,,,,0.03,0.972229,0.08989,0.116341,0.0,0.976304,0.408692,1.0,1.0,0.033333,0,,101,59,C04_S_THRESHOLD,,,,,67,,,,,8,0,0,0,,0,0,0,0,0.492012,0.408692,,0.211119,0.211041,,0,155,0.011863,,160
grand_sim_v0_5,hub_2_balanced,hub_redundancy,low_stress,1,9421,hub_redundant,hub_2,160,0.06,0.1,0.04,0.32,1.2,0.2,0.08,0.06,0.12,0.0075,0.006735,0.3,0.25,0.1,,0.3,,,,,,0.03,0.972552,0.130294,0.122,0.0,0.977419,0.428929,1.0,1.0,0.033333,0,,100,60,C04_S_THRESHOLD,,,,,68,,,,,8,0,0,0,,0,0,0,0,0.472184,0.428929,,0.211169,0.21118,,0,,0.0,,160
grand_sim_v0_5,hub_2_balanced,hub_redundancy,low_stress,2,9422,hub_redundant,hub_2,160,0.06,0.1,0.04,0.32,1.2,0.2,0.08,0.06,0.12,0.0075,0.006735,0.3,0.25,0.1,,0.3,,,,,,0.03,0.973111,0.179431,0.117757,0.0,0.97764,0.458133,1.0,1.0,0.033333,0,,94,66,C04_S_THRESHOLD,,,,,76,,,,,10,0,0,0,,0,0,0,0,0.475727,0.458133,,0.211065,0.211171,,0,,0.0,,160
grand_sim_v0_5,hub_2_balanced,hub_redundancy,low_stress,3,9423,hub_redundant,hub_2,160,0.06,0.1,0.04,0.32,1.2,0.2,0.08,0.06,0.12,0.0075,0.006735,0.3,0.25,0.1,,0.3,,,,,,0.03,0.972621,0.12889,0.130485,0.0,0.977037,0.428181,1.0,1.0,0.033333,0,,102,58,C04_S_THRESHOLD,,,,,66,,,,,8,0,0,0,,0,0,0,0,0.472868,0.428181,,0.211362,0.211467,,0,,0.0,,160
grand_sim_v0_5,hub_2_balanced,hub_redundancy,low_stress,4,9424,hub_redundant,hub_2,160,0.06,0.1,0.04,0.32,1.2,0.2,0.08,0.06,0.12,0.0075,0.006735,0.3,0.25,0.1,,0.3,,,,,,0.03,0.967667,0.03,0.125829,0.0,0.977447,0.378801,1.0,1.0,0.033333,0,,102,58,C04_S_THRESHOLD,,,,,66,,,,,8,0,0,0,,0,0,0,0,0.38578,0.378801,,0.211411,0.211182,,0,124,0.015364,,160
grand_sim_v0_5,hub_2_balanced,hub_redundancy,low_stress,5,9425,hub_redundant,hub_2,160,0.06,0.1,0.04,0.32,1.2,0.2,0.08,0.06,0.12,0.0075,0.006735,0.3,0.25,0.1,,0.3,,,,,,0.03,0.967667,0.03,0.124524,0.0,0.977156,0.368086,1.0,1.0,0.033333,0,,101,59,C04_S_THRESHOLD,,,,,67,,,,,8,0,0,0,,0,0,0,0,0.368086,0.389389,,0.211173,0.211337,,0,126,0.015474,,160
grand_sim_v0_5,hub_2_balanced,hub_redundancy,low_stress,6,9426,hub_redundant,hub_2,160,0.06,0.1,0.04,0.32,1.2,0.2,0.08,0.06,0.12,0.0075,0.006735,0.3,0.25,0.1,,0.3,,,,,,0.03,0.972121,0.156316,0.119236,0.0,0.977554,0.445622,1.0,1.0,0.033333,0,,95,65,C04_S_THRESHOLD,,,,,73,,,,,8,0,0,0,,0,0,0,0,0.455087,0.445622,,0.211223,0.211257,,0,,0.0,,160
grand_sim_v0_5,hub_2_balanced,hub_redundancy,low_stress,7,9427,hub_redundant,hub_2,160,0.06,0.1,0.04,0.32,1.2,0.2,0.08,0.06,0.12,0.0075,0.006735,0.3,0.25,0.1,,0.3,,,,,,0.03,0.967667,0.03,0.120836,0.0,0.977622,0.375792,1.0,1.0,0.033333,0,,103,57,C04_S_THRESHOLD,,,,,64,,,,,7,0,0,0,,0,0,0,0,0.375792,0.390606,,0.211397,0.211254,,0,123,0.01547,,160
grand_sim_v0_5,hub_2_balanced,hub_redundancy,low_stress,8,9428,hub_redundant,hub_2,160,0.06,0.1,0.04,0.32,1.2,0.2,0.08,0.06,0.12,0.0075,0.006735,0.3,0.25,0.1,,0.3,,,,,,0.03,0.972556,0.108917,0.133629,0.0,0.976581,0.420692,1.0,1.0,0.033333,0,,102,58,C04_S_THRESHOLD,,,,,66,,,,,8,0,0,0,,0,0,0,0,0.420692,0.474668,,0.211271,0.211357,,0,,0.0,,160
grand_sim_v0_5,hub_2_balanced,hub_redundancy,low_stress,9,9429,hub_redundant,hub_2,160,0.06,0.1,0.04,0.32,1.2,0.2,0.08,0.06,0.12,0.0075,0.006735,0.3,0.25,0.1,,0.3,,,,,,0.03,0.972854,0.169187,0.120825,0.0,0.978468,0.456313,1.0,1.0,0.033333,0,,101,59,C04_S_THRESHOLD,,,,,67,,,,,8,0,0,0,,0,0,0,0,0.456313,0.46148,,0.211422,0.211139,,0,157,0.007691,,160
grand_sim_v0_5,hub_2_balanced,hub_redundancy,mid_stress,0,9430,hub_redundant,hub_2,160,0.1,0.08,0.06,0.29,1.6,0.12,0.1,0.08,0.16,0.0095,0.00791,0.3,0.25,0.1,,0.3,,,,,,0.06,0.03,0.03,0.137382,0.99628,0.0,0.153576,0.0,0.0,1.0,1,76,116,44,C04_S_THRESHOLD,74,76,,81,48,30,32,,37,4,1,0,0,,0,71,0,0,0.182069,0.173995,,0.072168,0.072488,,0,84,0.001176,,160
grand_sim_v0_5,hub_2_balanced,hub_redundancy,mid_stress,1,9431,hub_redundant,hub_2,160,0.1,0.08,0.06,0.29,1.6,0.12,0.1,0.08,0.16,0.0095,0.00791,0.3,0.25,0.1,,0.3,,,,,,0.06,0.03,0.03,0.144444,0.996375,0.0,0.153769,0.0,0.0,1.0,1,75,116,44,C04_S_THRESHOLD,74,75,,80,47,30,31,,36,3,1,0,0,,0,74,0,0,0.16316,0.171105,,0.071519,0.071455,,0,87,0.000692,,160
grand_sim_v0_5,hub_2_balanced,hub_redundancy,mid_stress,2,9432,hub_redundant,hub_2,160,0.1,0.08,0.06,0.29,1.6,0.12,0.1,0.08,0.16,0.0095,0.00791,0.3,0.25,0.1,,0.3,,,,,,0.06,0.03,0.03,0.137965,0.994701,0.0,0.153058,0.0,0.0,1.0,1,76,117,43,C04_S_THRESHOLD,75,76,,79,46,32,33,,36,3,1,0,0,,0,73,0,0,0.175688,0.183404,,0.072696,0.072707,,0,78,0.002492,,160
grand_sim_v0_5,hub_2_balanced,hub_redundancy,mid_stress,3,9433,hub_redundant,hub_2,160,0.1,0.08,0.06,0.29,1.6,0.12,0.1,0.08,0.16,0.0095,0.00791,0.3,0.25,0.1,,0.3,,,,,,0.06,0.03,0.03,0.140972,0.997794,0.0,0.153521,0.0,0.0,1.0,1,76,119,41,C04_S_THRESHOLD,74,76,,80,45,33,35,,39,4,1,0,0,,0,72,0,0,0.170594,0.158877,,0.071484,0.071496,,0,90,0.000381,,160
grand_sim_v0_5,hub_2_balanced,hub_redundancy,mid_stress,4,9434,hub_redundant,hub_2,160,0.1,0.08,0.06,0.29,1.6,0.12,0.1,0.08,0.16,0.0095,0.00791,0.3,0.25,0.1,,0.3,,,,,,0.06,0.03,0.03,0.13977,0.995989,0.0,0.151106,0.0,0.0,1.0,1,79,116,44,C04_S_THRESHOLD,77,79,,82,47,33,35,,38,3,1,0,0,,0,71,0,0,0.180241,0.166076,,0.073038,0.073385,,0,87,0.000919,,160
grand_sim_v0_5,hub_2_balanced,hub_redundancy,mid_stress,5,9435,hub_redundant,hub_2,160,0.1,0.08,0.06,0.29,1.6,0.12,0.1,0.08,0.16,0.0095,0.00791,0.3,0.25,0.1,,0.3,,,,,,0.06,0.03,0.03,0.13986,0.997446,0.0,0.15415,0.0,0.0,1.0,1,77,117,43,C04_S_THRESHOLD,74,77,,80,47,31,34,,37,4,1,0,0,,0,73,0,0,0.173232,0.162755,,0.072079,0.072129,,0,77,0.002445,,160
grand_sim_v0_5,hub_2_balanced,hub_redundancy,mid_stress,6,9436,hub_redundant,hub_2,160,0.1,0.08,0.06,0.29,1.6,0.12,0.1,0.08,0.16,0.0095,0.00791,0.3,0.25,0.1,,0.3,,,,,,0.06,0.03,0.03,0.148783,0.994984,0.0,0.148819,0.0,0.0,1.0,1,79,117,43,C04_S_THRESHOLD,74,79,,81,46,31,36,,38,3,1,0,0,,0,72,0,0,0.158866,0.181876,,0.072257,0.072144,,0,87,0.000788,,160
grand_sim_v0_5,hub_2_balanced,hub_redundancy,mid_stress,7,9437,hub_redundant,hub_2,160,0.1,0.08,0.06,0.29,1.6,0.12,0.1,0.08,0.16,0.0095,0.00791,0.3,0.25,0.1,,0.3,,,,,,0.06,0.03,0.03,0.144638,0.998096,0.0,0.154686,0.0,0.0,1.0,1,75,117,43,C04_S_THRESHOLD,74,75,,81,47,31,32,,38,4,1,0,0,,0,71,0,0,0.156238,0.17096,,0.07211,0.072224,,0,88,0.000533,,160
grand_sim_v0_5,hub_2_balanced,hub_redundancy,mid_stress,8,9438,hub_redundant,hub_2,160,0.1,0.08,0.06,0.29,1.6,0.12,0.1,0.08,0.16,0.0095,0.00791,0.3,0.25,0.1,,0.3,,,,,,0.06,0.03,0.03,0.139417,0.998029,0.0,0.152991,0.0,0.0,1.0,1,74,117,43,C04_S_THRESHOLD,73,74,,78,47,30,31,,35,4,1,0,0,,0,74,0,0,0.174005,0.166491,,0.070883,0.071126,,0,77,0.002337,,160
grand_sim_v0_5,hub_2_balanced,hub_redundancy,mid_stress,9,9439,hub_redundant,hub_2,160,0.1,0.08,0.06,0.29,1.6,0.12,0.1,0.08,0.16,0.0095,0.00791,0.3,0.25,0.1,,0.3,,,,,,0.06,0.03,0.03,0.145954,0.998164,0.0,0.152092,0.0,0.0,1.0,1,76,112,48,C04_S_THRESHOLD,75,76,,79,52,27,28,,31,4,1,0,0,,0,73,0,0,0.171748,0.157919,,0.072688,0.073055,,0,,0.0,,160
grand_sim_v0_5,hub_2_balanced,hub_redundancy,high_stress,0,9440,hub_redundant,hub_2,160,0.14,0.05,0.09,0.26,2.0,0.06,0.13,0.1,0.2,0.012,0.00998,0.3,0.25,0.1,,0.3,,,,,,0.09,0.03,0.03,0.169839,1.0,0.0,0.148103,0.0,0.0,1.0,1,19,144,16,C04_S_THRESHOLD,19,19,,21,19,3,3,,5,3,1,0,0,,0,135,0,0,0.158245,0.154548,,0.047697,0.047534,,0,,0.0,,160
grand_sim_v0_5,hub_2_balanced,hub_redundancy,high_stress,1,9441,hub_redundant,hub_2,160,0.14,0.05,0.09,0.26,2.0,0.06,0.13,0.1,0.2,0.012,0.00998,0.3,0.25,0.1,,0.3,,,,,,0.09,0.03,0.03,0.166766,1.0,0.0,0.147767,0.0,0.0,1.0,1,17,146,14,C04_S_THRESHOLD,16,17,,18,17,2,3,,4,3,1,0,0,,0,138,0,0,0.153306,0.157048,,0.047674,0.047412,,0,,0.0,,160
grand_sim_v0_5,hub_2_balanced,hub_redundancy,high_stress,2,9442,hub_redundant,hub_2,160,0.14,0.05,0.09,0.26,2.0,0.06,0.13,0.1,0.2,0.012,0.00998,0.3,0.25,0.1,,0.3,,,,,,0.09,0.03,0.03,0.190686,1.0,0.0,0.137816,0.0,0.0,1.0,1,19,143,17,C04_S_THRESHOLD,18,19,,21,19,1,2,,4,2,1,0,0,,0,135,0,0,0.139274,0.137816,,0.047175,0.04744,,0,28,0.000418,,160
grand_sim_v0_5,hub_2_balanced,hub_redundancy,high_stress,3,9443,hub_redundant,hub_2,160,0.14,0.05,0.09,0.26,2.0,0.06,0.13,0.1,0.2,0.012,0.00998,0.3,0.25,0.1,,0.3,,,,,,0.09,0.03,0.03,0.160735,1.0,0.0,0.150401,0.0,0.0,1.0,1,19,144,16,C04_S_THRESHOLD,18,19,,20,19,2,3,,4,3,1,0,0,,0,136,0,0,0.163894,0.150401,,0.047299,0.04718,,0,,0.0,,160
grand_sim_v0_5,hub_2_balanced,hub_redundancy,high_stress,4,9444,hub_redundant,hub_2,160,0.14,0.05,0.09,0.26,2.0,0.06,0.13,0.1,0.2,0.012,0.00998,0.3,0.25,0.1,,0.3,,,,,,0.09,0.03,0.03,0.177027,1.0,0.0,0.146445,0.0,0.0,1.0,1,19,145,15,C04_S_THRESHOLD,17,19,,20,18,2,4,,5,3,1,0,0,,0,136,0,0,0.147763,0.146445,,0.047396,0.047293,,0,20,0.009086,,160
grand_sim_v0_5,hub_2_balanced,hub_redundancy,high_stress,5,9445,hub_redundant,hub_2,160,0.14,0.05,0.09,0.26,2.0,0.06,0.13,0.1,0.2,0.012,0.00998,0.3,0.25,0.1,,0.3,,,,,,0.09,0.03,0.03,0.168333,1.0,0.0,0.148034,0.0,0.0,1.0,1,17,145,15,C04_S_THRESHOLD,16,17,,19,18,1,2,,4,3,1,0,0,,0,137,0,0,0.163623,0.154247,,0.047341,0.047395,,0,,0.0,,160
grand_sim_v0_5,hub_2_balanced,hub_redundancy,high_stress,6,9446,hub_redundant,hub_2,160,0.14,0.05,0.09,0.26,2.0,0.06,0.13,0.1,0.2,0.012,0.00998,0.3,0.25,0.1,,0.3,,,,,,0.09,0.03,0.03,0.174057,1.0,0.0,0.148773,0.0,0.0,1.0,1,19,144,16,C04_S_THRESHOLD,18,19,,20,19,2,3,,4,3,1,0,0,,0,135,0,0,0.149486,0.154766,,0.047417,0.047431,,0,,0.0,,160
grand_sim_v0_5,hub_2_balanced,hub_redundancy,high_stress,7,9447,hub_redundant,hub_2,160,0.14,0.05,0.09,0.26,2.0,0.06,0.13,0.1,0.2,0.012,0.00998,0.3,0.25,0.1,,0.3,,,,,,0.09,0.03,0.03,0.157987,1.0,0.0,0.150765,0.0,0.0,1.0,1,19,145,15,C04_S_THRESHOLD,18,19,,20,18,3,4,,5,3,1,0,0,,0,135,0,0,0.151447,0.162061,,0.047499,0.047382,,0,,0.0,,160
grand_sim_v0_5,hub_2_balanced,hub_redundancy,high_stress,8,9448,hub_redundant,hub_2,160,0.14,0.05,0.09,0.26,2.0,0.06,0.13,0.1,0.2,0.012,0.00998,0.3,0.25,0.1,,0.3,,,,,,0.09,0.03,0.03,0.175479,1.0,0.0,0.146449,0.0,0.0,1.0,1,20,143,17,C04_S_THRESHOLD,19,20,,21,20,2,3,,4,3,1,0,0,,0,134,0,0,0.146755,0.146449,,0.04749,0.047435,,0,,0.0,,160
grand_sim_v0_5,hub_2_balanced,hub_redundancy,high_stress,9,9449,hub_redundant,hub_2,160,0.14,0.05,0.09,0.26,2.0,0.06,0.13,0.1,0.2,0.012,0.00998,0.3,0.25,0.1,,0.3,,,,,,0.09,0.03,0.03,0.167826,1.0,0.0,0.147182,0.0,0.0,1.0,1,20,144,16,C04_S_THRESHOLD,19,20,,21,19,3,4,,5,3,1,0,0,,0,135,0,0,0.160112,0.153551,,0.047306,0.047065,,0,,0.0,,160
grand_sim_v0_5,hub_3_balanced,hub_redundancy,low_stress,0,9450,hub_redundant,hub_3,160,0.06,0.1,0.04,0.32,1.2,0.2,0.08,0.06,0.12,0.0075,0.006735,0.3,0.25,0.1,,0.3,,,,,,0.03,0.955277,0.087795,0.118452,0.0,0.969102,0.398518,1.0,1.0,0.05,0,,99,61,C04_S_THRESHOLD,,,,,68,,,,,7,0,0,0,,0,0,0,0,0.403382,0.426238,0.398518,0.211413,0.211256,0.211616,0,159,0.011093,,0
grand_sim_v0_5,hub_3_balanced,hub_redundancy,low_stress,1,9451,hub_redundant,hub_3,160,0.06,0.1,0.04,0.32,1.2,0.2,0.08,0.06,0.12,0.0075,0.006735,0.3,0.25,0.1,,0.3,,,,,,0.03,0.9515,0.03,0.121099,0.0,0.969384,0.379852,1.0,1.0,0.05,0,,101,59,C04_S_THRESHOLD,,,,,66,,,,,7,0,0,0,,0,0,0,0,0.385272,0.383398,0.379852,0.211568,0.211732,0.211731,0,107,0.013997,,0
grand_sim_v0_5,hub_3_balanced,hub_redundancy,low_stress,2,9452,hub_redundant,hub_3,160,0.06,0.1,0.04,0.32,1.2,0.2,0.08,0.06,0.12,0.0075,0.006735,0.3,0.25,0.1,,0.3,,,,,,0.03,0.9515,0.03,0.114524,0.0,0.969864,0.380853,1.0,1.0,0.05,0,,103,57,C04_S_THRESHOLD,,,,,65,,,,,8,0,0,0,,0,0,0,0,0.385049,0.384366,0.380853,0.211458,0.211661,0.211623,0,118,0.014512,,0
grand_sim_v0_5,hub_3_balanced,hub_redundancy,low_stress,3,9453,hub_redundant,hub_3,160,0.06,0.1,0.04,0.32,1.2,0.2,0.08,0.06,0.12,0.0075,0.006735,0.3,0.25,0.1,,0.3,,,,,,0.03,0.9515,0.03,0.116875,0.0,0.969923,0.381491,1.0,1.0,0.05,0,,103,57,C04_S_THRESHOLD,,,,,64,,,,,7,0,0,0,,0,0,0,0,0.381491,0.38702,0.387109,0.211749,0.211398,0.211896,0,104,0.01461,,0
grand_sim_v0_5,hub_3_balanced,hub_redundancy,low_stress,4,9454,hub_redundant,hub_3,160,0.06,0.1,0.04,0.32,1.2,0.2,0.08,0.06,0.12,0.0075,0.006735,0.3,0.25,0.1,,0.3,,,,,,0.03,0.955923,0.081951,0.119792,0.0,0.969154,0.383862,1.0,1.0,0.05,0,,94,66,C04_S_THRESHOLD,,,,,75,,,,,9,0,0,0,,0,0,0,0,0.454002,0.39889,0.383862,0.211353,0.21187,0.211427,0,,0.0,,0
grand_sim_v0_5,hub_3_balanced,hub_redundancy,low_stress,5,9455,hub_redundant,hub_3,160,0.06,0.1,0.04,0.32,1.2,0.2,0.08,0.06,0.12,0.0075,0.006735,0.3,0.25,0.1,,0.3,,,,,,0.03,0.957615,0.120968,0.120099,0.0,0.970202,0.431375,1.0,1.0,0.05,0,,103,57,C04_S_THRESHOLD,,,,,65,,,,,8,0,0,0,,0,0,0,0,0.438324,0.431375,0.464947,0.211413,0.211442,0.211575,0,158,0.007598,,0
grand_sim_v0_5,hub_3_balanced,hub_redundancy,low_stress,6,9456,hub_redundant,hub_3,160,0.06,0.1,0.04,0.32,1.2,0.2,0.08,0.06,0.12,0.0075,0.006735,0.3,0.25,0.1,,0.3,,,,,,0.03,0.9515,0.03,0.122743,0.0,0.96982,0.376177,1.0,1.0,0.05,0,,99,61,C04_S_THRESHOLD,,,,,68,,,,,7,0,0,0,,0,0,0,0,0.377403,0.376177,0.379982,0.211454,0.211366,0.211648,0,108,0.013886,,0
grand_sim_v0_5,hub_3_balanced,hub_redundancy,low_stress,7,9457,hub_redundant,hub_3,160,0.06,0.1,0.04,0.32,1.2,0.2,0.08,0.06,0.12,0.0075,0.006735,0.3,0.25,0.1,,0.3,,,,,,0.03,0.957778,0.0938,0.111654,0.0,0.969562,0.411723,1.0,1.0,0.05,0,,101,59,C04_S_THRESHOLD,,,,,66,,,,,7,0,0,0,,0,0,0,0,0.498436,0.411723,0.425378,0.211243,0.211433,0.211297,0,,0.0,,0
grand_sim_v0_5,hub_3_balanced,hub_redundancy,low_stress,8,9458,hub_redundant,hub_3,160,0.06,0.1,0.04,0.32,1.2,0.2,0.08,0.06,0.12,0.0075,0.006735,0.3,0.25,0.1,,0.3,,,,,,0.03,0.952854,0.03,0.123371,0.0,0.968899,0.376437,1.0,1.0,0.05,0,,102,58,C04_S_THRESHOLD,,,,,66,,,,,8,0,0,0,,0,0,0,0,0.409998,0.376437,0.380227,0.211364,0.211564,0.21179,0,148,0.012576,,0
grand_sim_v0_5,hub_3_balanced,hub_redundancy,low_stress,9,9459,hub_redundant,hub_3,160,0.06,0.1,0.04,0.32,1.2,0.2,0.08,0.06,0.12,0.0075,0.006735,0.3,0.25,0.1,,0.3,,,,,,0.03,0.951683,0.03,0.118725,0.0,0.969736,0.380583,1.0,1.0,0.05,0,,102,58,C04_S_THRESHOLD,,,,,66,,,,,8,0,0,0,,0,0,0,0,0.390476,0.384136,0.380583,0.211358,0.212082,0.21171,0,147,0.013781,,0
grand_sim_v0_5,hub_3_balanced,hub_redundancy,mid_stress,0,9460,hub_redundant,hub_3,160,0.1,0.08,0.06,0.29,1.6,0.12,0.1,0.08,0.16,0.0095,0.00791,0.3,0.25,0.1,,0.3,,,,,,0.06,0.032074,0.03,0.140141,0.630176,0.165213,0.231555,0.0,0.0,1.0,1,111,117,43,C04_S_THRESHOLD,108,111,,118,47,65,68,,75,4,1,0,0,,0,28,0,0,0.233877,0.233737,0.236612,0.105666,0.105662,0.105632,0,63,0.014582,,0
grand_sim_v0_5,hub_3_balanced,hub_redundancy,mid_stress,1,9461,hub_redundant,hub_3,160,0.1,0.08,0.06,0.29,1.6,0.12,0.1,0.08,0.16,0.0095,0.00791,0.3,0.25,0.1,,0.3,,,,,,0.06,0.031886,0.03,0.134814,0.58843,0.182517,0.242936,0.0,0.0,1.0,1,119,112,48,C04_S_THRESHOLD,115,119,,122,52,67,71,,74,4,1,0,0,,0,26,0,0,0.25831,0.245835,0.245685,0.107116,0.107387,0.10743,0,116,0.002398,,0
grand_sim_v0_5,hub_3_balanced,hub_redundancy,mid_stress,2,9462,hub_redundant,hub_3,160,0.1,0.08,0.06,0.29,1.6,0.12,0.1,0.08,0.16,0.0095,0.00791,0.3,0.25,0.1,,0.3,,,,,,0.06,0.033055,0.03,0.139788,0.608575,0.175985,0.224769,0.0,0.0,1.0,1,115,117,43,C04_S_THRESHOLD,111,115,,120,47,68,72,,77,4,1,0,0,,0,26,0,0,0.224769,0.25854,0.252784,0.106886,0.10676,0.106879,0,75,0.013134,,0
grand_sim_v0_5,hub_3_balanced,hub_redundancy,mid_stress,3,9463,hub_redundant,hub_3,160,0.1,0.08,0.06,0.29,1.6,0.12,0.1,0.08,0.16,0.0095,0.00791,0.3,0.25,0.1,,0.3,,,,,,0.06,0.034293,0.03,0.134808,0.595605,0.182673,0.238473,0.0,0.0,1.0,1,117,117,43,C04_S_THRESHOLD,113,117,,122,47,70,74,,79,4,1,0,0,,0,28,0,0,0.248942,0.238473,0.248931,0.107097,0.106994,0.106913,0,75,0.012431,,0
grand_sim_v0_5,hub_3_balanced,hub_redundancy,mid_stress,4,9464,hub_redundant,hub_3,160,0.1,0.08,0.06,0.29,1.6,0.12,0.1,0.08,0.16,0.0095,0.00791,0.3,0.25,0.1,,0.3,,,,,,0.06,0.03,0.03,0.134979,0.639865,0.167272,0.231375,0.0,0.0,1.0,1,113,115,45,C04_S_THRESHOLD,112,113,,118,48,67,68,,73,3,1,0,0,,0,32,0,0,0.247572,0.231375,0.238452,0.106648,0.106635,0.106041,0,95,0.00837,,0
grand_sim_v0_5,hub_3_balanced,hub_redundancy,mid_stress,5,9465,hub_redundant,hub_3,160,0.1,0.08,0.06,0.29,1.6,0.12,0.1,0.08,0.16,0.0095,0.00791,0.3,0.25,0.1,,0.3,,,,,,0.06,0.032313,0.03,0.140366,0.603071,0.167574,0.232467,0.0,0.0,1.0,1,112,116,44,C04_S_THRESHOLD,108,112,,119,48,64,68,,75,4,1,0,0,,0,29,0,0,0.232467,0.255743,0.243863,0.105576,0.105891,0.105938,0,93,0.008592,,0
grand_sim_v0_5,hub_3_balanced,hub_redundancy,mid_stress,6,9466,hub_redundant,hub_3,160,0.1,0.08,0.06,0.29,1.6,0.12,0.1,0.08,0.16,0.0095,0.00791,0.3,0.25,0.1,,0.3,,,,,,0.06,0.033655,0.03,0.133458,0.579637,0.199166,0.248551,0.0,0.0,1.0,1,117,116,44,C04_S_THRESHOLD,116,117,,124,48,72,73,,80,4,1,0,0,,0,23,0,0,0.262579,0.258376,0.252353,0.10799,0.108046,0.107951,0,74,0.012113,,0
grand_sim_v0_5,hub_3_balanced,hub_redundancy,mid_stress,7,9467,hub_redundant,hub_3,160,0.1,0.08,0.06,0.29,1.6,0.12,0.1,0.08,0.16,0.0095,0.00791,0.3,0.25,0.1,,0.3,,,,,,0.06,0.030961,0.03,0.145983,0.606084,0.175999,0.222335,0.0,0.0,1.0,1,113,116,44,C04_S_THRESHOLD,109,113,,120,48,65,69,,76,4,1,0,0,,0,29,0,0,0.25452,0.222335,0.244004,0.106985,0.106633,0.106578,0,95,0.007209,,0
grand_sim_v0_5,hub_3_balanced,hub_redundancy,mid_stress,8,9468,hub_redundant,hub_3,160,0.1,0.08,0.06,0.29,1.6,0.12,0.1,0.08,0.16,0.0095,0.00791,0.3,0.25,0.1,,0.3,,,,,,0.06,0.03084,0.03,0.138149,0.603104,0.175998,0.238271,0.0,0.0,1.0,1,117,118,42,C04_S_THRESHOLD,109,117,,122,46,67,75,,80,4,1,0,0,,0,25,0,0,0.242235,0.238271,0.248143,0.106312,0.106507,0.106453,0,89,0.009447,,0
grand_sim_v0_5,hub_3_balanced,hub_redundancy,mid_stress,9,9469,hub_redundant,hub_3,160,0.1,0.08,0.06,0.29,1.6,0.12,0.1,0.08,0.16,0.0095,0.00791,0.3,0.25,0.1,,0.3,,,,,,0.06,0.03233,0.03,0.135038,0.592568,0.185914,0.240958,0.0,0.0,1.0,1,116,116,44,C04_S_THRESHOLD,112,116,,124,48,68,72,,80,4,1,0,0,,0,27,0,0,0.255523,0.252662,0.248899,0.107644,0.107218,0.107384,0,88,0.010597,,0
grand_sim_v0_5,hub_3_balanced,hub_redundancy,high_stress,0,9470,hub_redundant,hub_3,160,0.14,0.05,0.09,0.26,2.0,0.06,0.13,0.1,0.2,0.012,0.00998,0.3,0.25,0.1,,0.3,,,,,,0.09,0.03,0.03,0.16063,1.0,0.0,0.146274,0.0,0.0,1.0,1,24,141,19,C04_S_THRESHOLD,22,24,,25,22,3,5,,6,3,1,0,0,,0,130,0,0,0.164815,0.146274,0.160054,0.045933,0.046076,0.046061,0,,0.0,,0
grand_sim_v0_5,hub_3_balanced,hub_redundancy,high_stress,1,9471,hub_redundant,hub_3,160,0.14,0.05,0.09,0.26,2.0,0.06,0.13,0.1,0.2,0.012,0.00998,0.3,0.25,0.1,,0.3,,,,,,0.09,0.03,0.03,0.161861,1.0,0.0,0.148129,0.0,0.0,1.0,1,23,141,19,C04_S_THRESHOLD,22,23,,24,22,3,4,,5,3,1,0,0,,0,132,0,0,0.159439,0.15507,0.159286,0.045975,0.046142,0.046171,0,,0.0,,0
grand_sim_v0_5,hub_3_balanced,hub_redundancy,high_stress,2,9472,hub_redundant,hub_3,160,0.14,0.05,0.09,0.26,2.0,0.06,0.13,0.1,0.2,0.012,0.00998,0.3,0.25,0.1,,0.3,,,,,,0.09,0.03,0.03,0.163967,1.0,0.0,0.149565,0.0,0.0,1.0,1,24,143,17,C04_S_THRESHOLD,22,24,,26,20,5,7,,9,3,1,0,0,,0,129,0,0,0.149565,0.154466,0.161944,0.046523,0.046142,0.046163,0,,0.0,,0
grand_sim_v0_5,hub_3_balanced,hub_redundancy,high_stress,3,9473,hub_redundant,hub_3,160,0.14,0.05,0.09,0.26,2.0,0.06,0.13,0.1,0.2,0.012,0.00998,0.3,0.25,0.1,,0.3,,,,,,0.09,0.03,0.03,0.158089,1.0,0.0,0.150849,0.0,0.0,1.0,1,24,139,21,C04_S_THRESHOLD,23,24,,25,24,2,3,,4,3,1,0,0,,0,132,0,0,0.154342,0.15657,0.16177,0.046422,0.045884,0.046269,0,33,0.000374,,0
grand_sim_v0_5,hub_3_balanced,hub_redundancy,high_stress,4,9474,hub_redundant,hub_3,160,0.14,0.05,0.09,0.26,2.0,0.06,0.13,0.1,0.2,0.012,0.00998,0.3,0.25,0.1,,0.3,,,,,,0.09,0.03,0.03,0.166653,1.0,0.0,0.148077,0.0,0.0,1.0,1,24,140,20,C04_S_THRESHOLD,23,24,,25,24,3,4,,5,4,1,0,0,,0,130,0,0,0.155496,0.159372,0.152777,0.046735,0.046348,0.046073,0,32,0.000517,,0
grand_sim_v0_5,hub_3_balanced,hub_redundancy,high_stress,5,9475,hub_redundant,hub_3,160,0.14,0.05,0.09,0.26,2.0,0.06,0.13,0.1,0.2,0.012,0.00998,0.3,0.25,0.1,,0.3,,,,,,0.09,0.03,0.03,0.14955,1.0,0.0,0.151605,0.0,0.0,1.0,1,26,140,20,C04_S_THRESHOLD,24,26,,26,23,4,6,,6,3,1,0,0,,0,129,0,0,0.162175,0.151605,0.165369,0.046403,0.046229,0.045831,0,,0.0,,0
grand_sim_v0_5,hub_3_balanced,hub_redundancy,high_stress,6,9476,hub_redundant,hub_3,160,0.14,0.05,0.09,0.26,2.0,0.06,0.13,0.1,0.2,0.012,0.00998,0.3,0.25,0.1,,0.3,,,,,,0.09,0.03,0.03,0.147076,1.0,0.0,0.153034,0.0,0.0,1.0,1,25,139,21,C04_S_THRESHOLD,24,25,,26,25,3,4,,5,4,1,0,0,,0,130,0,0,0.161694,0.166053,0.157585,0.046316,0.046305,0.046006,0,,0.0,,0
grand_sim_v0_5,hub_3_balanced,hub_redundancy,high_stress,7,9477,hub_redundant,hub_3,160,0.14,0.05,0.09,0.26,2.0,0.06,0.13,0.1,0.2,0.012,0.00998,0.3,0.25,0.1,,0.3,,,,,,0.09,0.03,0.03,0.155633,1.0,0.0,0.148662,0.0,0.0,1.0,1,22,140,20,C04_S_THRESHOLD,22,22,,24,23,2,2,,4,3,1,0,0,,0,131,0,0,0.164024,0.161863,0.159076,0.046445,0.046477,0.046162,0,,0.0,,0
grand_sim_v0_5,hub_3_balanced,hub_redundancy,high_stress,8,9478,hub_redundant,hub_3,160,0.14,0.05,0.09,0.26,2.0,0.06,0.13,0.1,0.2,0.012,0.00998,0.3,0.25,0.1,,0.3,,,,,,0.09,0.03,0.03,0.156349,1.0,0.0,0.148557,0.0,0.0,1.0,1,23,141,19,C04_S_THRESHOLD,22,23,,24,22,3,4,,5,3,1,0,0,,0,131,0,0,0.16445,0.157272,0.156563,0.046232,0.046208,0.046119,0,,0.0,,0
grand_sim_v0_5,hub_3_balanced,hub_redundancy,high_stress,9,9479,hub_redundant,hub_3,160,0.14,0.05,0.09,0.26,2.0,0.06,0.13,0.1,0.2,0.012,0.00998,0.3,0.25,0.1,,0.3,,,,,,0.09,0.03,0.03,0.156771,1.0,0.0,0.14893,0.0,0.0,1.0,1,25,140,20,C04_S_THRESHOLD,23,25,,26,23,3,5,,6,3,1,0,0,,0,129,0,0,0.154805,0.159494,0.159529,0.046269,0.04648,0.046133,0,,0.0,,0
grand_sim_v0_5,hub_2_single_hub_failure,hub_redundancy,low_stress,0,9480,hub_redundant,hub_2,160,0.06,0.1,0.04,0.32,1.2,0.2,0.08,0.06,0.12,0.0075,0.006735,0.3,0.25,0.1,,0.3,,,,,,0.03,0.987425,0.245517,0.12991,0.0,0.988842,0.497265,1.0,1.0,0.016667,0,,90,67,C04_S_THRESHOLD,,,,,75,,,,,8,0,0,0,,0,0,0,0,0.497265,0.974276,,0.212347,0.836401,,0,,0.0,,160
grand_sim_v0_5,hub_2_single_hub_failure,hub_redundancy,low_stress,1,9481,hub_redundant,hub_2,160,0.06,0.1,0.04,0.32,1.2,0.2,0.08,0.06,0.12,0.0075,0.006735,0.3,0.25,0.1,,0.3,,,,,,0.03,0.986334,0.180059,0.116628,0.0,0.988453,0.450029,1.0,1.0,0.016667,0,,99,61,C04_S_THRESHOLD,,,,,69,,,,,8,0,0,0,,0,0,0,0,0.450029,0.983874,,0.212154,0.820774,,0,,0.0,,160
grand_sim_v0_5,hub_2_single_hub_failure,hub_redundancy,low_stress,2,9482,hub_redundant,hub_2,160,0.06,0.1,0.04,0.32,1.2,0.2,0.08,0.06,0.12,0.0075,0.006735,0.3,0.25,0.1,,0.3,,,,,,0.03,0.987723,0.263385,0.127188,0.0,0.988393,0.493451,1.0,1.0,0.016667,0,,102,56,C04_S_THRESHOLD,,,,,63,,,,,7,0,0,0,,0,0,0,0,0.493451,0.979341,,0.212179,0.847002,,0,,0.0,,160
grand_sim_v0_5,hub_2_single_hub_failure,hub_redundancy,low_stress,3,9483,hub_redundant,hub_2,160,0.06,0.1,0.04,0.32,1.2,0.2,0.08,0.06,0.12,0.0075,0.006735,0.3,0.25,0.1,,0.3,,,,,,0.03,0.986575,0.194522,0.127491,0.000169,0.988713,0.466796,1.0,1.0,0.016667,0,,93,67,C04_S_THRESHOLD,,,,,77,,,,,10,0,0,0,,0,0,0,0,0.466796,0.984293,,0.212238,0.830385,,0,,0.0,,160
grand_sim_v0_5,hub_2_single_hub_failure,hub_redundancy,low_stress,4,9484,hub_redundant,hub_2,160,0.06,0.1,0.04,0.32,1.2,0.2,0.08,0.06,0.12,0.0075,0.006735,0.3,0.25,0.1,,0.3,,,,,,0.03,0.986193,0.171603,0.130479,0.0,0.988665,0.442178,1.0,1.0,0.016667,0,,91,69,C04_S_THRESHOLD,,,,,78,,,,,9,0,0,0,,0,0,0,0,0.442178,0.971635,,0.212048,0.838712,,0,,0.0,,160
grand_sim_v0_5,hub_2_single_hub_failure,hub_redundancy,low_stress,5,9485,hub_redundant,hub_2,160,0.06,0.1,0.04,0.32,1.2,0.2,0.08,0.06,0.12,0.0075,0.006735,0.3,0.25,0.1,,0.3,,,,,,0.03,0.984885,0.09309,0.126731,0.0,0.987511,0.401056,1.0,1.0,0.016667,0,,89,71,C04_S_THRESHOLD,,,,,83,,,,,12,0,0,0,,0,0,0,0,0.401056,0.981,,0.212039,0.81549,,0,,0.0,,160
grand_sim_v0_5,hub_2_single_hub_failure,hub_redundancy,low_stress,6,9486,hub_redundant,hub_2,160,0.06,0.1,0.04,0.32,1.2,0.2,0.08,0.06,0.12,0.0075,0.006735,0.3,0.25,0.1,,0.3,,,,,,0.03,0.989215,0.352899,0.117888,0.0,0.98932,0.544274,1.0,1.0,0.016667,0,,90,61,C04_S_THRESHOLD,,,,,69,,,,,8,0,0,0,,0,0,0,0,0.544274,0.98404,,0.212304,0.813246,,0,,0.0,,160
grand_sim_v0_5,hub_2_single_hub_failure,hub_redundancy,low_stress,7,9487,hub_redundant,hub_2,160,0.06,0.1,0.04,0.32,1.2,0.2,0.08,0.06,0.12,0.0075,0.006735,0.3,0.25,0.1,,0.3,,,,,,0.03,0.986002,0.160139,0.141739,0.0,0.988817,0.450027,1.0,1.0,0.016667,0,,88,72,C04_S_THRESHOLD,,,,,82,,,,,10,0,0,0,,0,0,0,0,0.450027,0.968033,,0.212124,0.800417,,0,,0.0,,160
grand_sim_v0_5,hub_2_single_hub_failure,hub_redundancy,low_stress,8,9488,hub_redundant,hub_2,160,0.06,0.1,0.04,0.32,1.2,0.2,0.08,0.06,0.12,0.0075,0.006735,0.3,0.25,0.1,,0.3,,,,,,0.03,0.989122,0.347291,0.119995,0.0,0.989364,0.542242,1.0,1.0,0.016667,0,,95,57,C04_S_THRESHOLD,,,,,65,,,,,8,0,0,0,,0,0,0,0,0.542242,0.975611,,0.212006,0.828793,,0,,0.0,,160
grand_sim_v0_5,hub_2_single_hub_failure,hub_redundancy,low_stress,9,9489,hub_redundant,hub_2,160,0.06,0.1,0.04,0.32,1.2,0.2,0.08,0.06,0.12,0.0075,0.006735,0.3,0.25,0.1,,0.3,,,,,,0.03,0.986974,0.218411,0.120079,0.0,0.988566,0.458139,1.0,1.0,0.016667,0,,98,62,C04_S_THRESHOLD,,,,,69,,,,,7,0,0,0,,0,0,0,0,0.458139,0.987027,,0.212139,0.805493,,0,,0.0,,160
grand_sim_v0_5,hub_2_single_hub_failure,hub_redundancy,mid_stress,0,9490,hub_redundant,hub_2,160,0.1,0.08,0.06,0.29,1.6,0.12,0.1,0.08,0.16,0.0095,0.00791,0.3,0.25,0.1,,0.3,,,,,,0.06,0.495137,0.03,0.151969,0.630625,0.471493,0.218069,0.473367,0.160458,0.5,1,91,109,51,C04_S_THRESHOLD,81,91,,,57,30,40,,,6,1,0,0,,0,0,0,0,0.239849,0.836397,,0.109689,0.78606,,0,92,0.003674,,160
grand_sim_v0_5,hub_2_single_hub_failure,hub_redundancy,mid_stress,1,9491,hub_redundant,hub_2,160,0.1,0.08,0.06,0.29,1.6,0.12,0.1,0.08,0.16,0.0095,0.00791,0.3,0.25,0.1,,0.3,,,,,,0.06,0.505831,0.03,0.148118,0.631697,0.505248,0.219343,0.485566,0.18912,0.5,1,95,116,44,C04_S_THRESHOLD,87,95,,,48,43,51,,,4,1,0,0,,0,0,0,0,0.220264,0.876299,,0.110462,0.817056,,0,88,0.004471,,160
grand_sim_v0_5,hub_2_single_hub_failure,hub_redundancy,mid_stress,2,9492,hub_redundant,hub_2,160,0.1,0.08,0.06,0.29,1.6,0.12,0.1,0.08,0.16,0.0095,0.00791,0.3,0.25,0.1,,0.3,,,,,,0.06,0.511551,0.03,0.137261,0.560351,0.507195,0.229076,0.487182,0.20081,0.5,1,93,108,52,C04_S_THRESHOLD,86,93,,,57,34,41,,,5,1,0,0,,0,0,0,0,0.252497,0.884242,,0.110493,0.834492,,0,96,0.003663,,160
grand_sim_v0_5,hub_2_single_hub_failure,hub_redundancy,mid_stress,3,9493,hub_redundant,hub_2,160,0.1,0.08,0.06,0.29,1.6,0.12,0.1,0.08,0.16,0.0095,0.00791,0.3,0.25,0.1,,0.3,,,,,,0.06,0.508312,0.03,0.13689,0.588234,0.503324,0.228363,0.489306,0.195411,0.5,1,94,110,50,C04_S_THRESHOLD,87,94,,,56,37,44,,,6,1,0,0,,0,0,0,0,0.247032,0.85959,,0.110065,0.819938,,0,100,0.003194,,160
grand_sim_v0_5,hub_2_single_hub_failure,hub_redundancy,mid_stress,4,9494,hub_redundant,hub_2,160,0.1,0.08,0.06,0.29,1.6,0.12,0.1,0.08,0.16,0.0095,0.00791,0.3,0.25,0.1,,0.3,,,,,,0.06,0.51009,0.03,0.140979,0.573601,0.497048,0.226457,0.484342,0.186277,0.5,1,93,116,44,C04_S_THRESHOLD,87,93,,,48,43,49,,,4,1,0,0,,0,0,0,0,0.251833,0.891672,,0.110146,0.783835,,0,88,0.004442,,160
grand_sim_v0_5,hub_2_single_hub_failure,hub_redundancy,mid_stress,5,9495,hub_redundant,hub_2,160,0.1,0.08,0.06,0.29,1.6,0.12,0.1,0.08,0.16,0.0095,0.00791,0.3,0.25,0.1,,0.3,,,,,,0.06,0.504682,0.03,0.136288,0.600089,0.486577,0.224057,0.475206,0.168679,0.5,1,88,117,43,C04_S_THRESHOLD,80,88,,,46,37,45,,,3,1,0,0,,0,0,0,0,0.244956,0.894979,,0.10934,0.825686,,0,85,0.004301,,160
grand_sim_v0_5,hub_2_single_hub_failure,hub_redundancy,mid_stress,6,9496,hub_redundant,hub_2,160,0.1,0.08,0.06,0.29,1.6,0.12,0.1,0.08,0.16,0.0095,0.00791,0.3,0.25,0.1,,0.3,,,,,,0.06,0.503231,0.03,0.145676,0.599887,0.48776,0.22451,0.485908,0.184777,0.5,1,95,117,43,C04_S_THRESHOLD,87,95,,,47,44,52,,,4,1,0,0,,0,0,0,0,0.234292,0.862169,,0.110169,0.824911,,0,87,0.0043,,160
grand_sim_v0_5,hub_2_single_hub_failure,hub_redundancy,mid_stress,7,9497,hub_redundant,hub_2,160,0.1,0.08,0.06,0.29,1.6,0.12,0.1,0.08,0.16,0.0095,0.00791,0.3,0.25,0.1,,0.3,,,,,,0.06,0.506388,0.03,0.13047,0.59682,0.491995,0.228517,0.487237,0.184172,0.5,1,98,109,51,C04_S_THRESHOLD,86,98,,,56,35,47,,,5,1,0,0,,0,0,0,0,0.254055,0.890163,,0.110285,0.796261,,0,96,0.003338,,160
grand_sim_v0_5,hub_2_single_hub_failure,hub_redundancy,mid_stress,8,9498,hub_redundant,hub_2,160,0.1,0.08,0.06,0.29,1.6,0.12,0.1,0.08,0.16,0.0095,0.00791,0.3,0.25,0.1,,0.3,,,,,,0.06,0.51199,0.03,0.146026,0.574528,0.51292,0.218288,0.493268,0.205354,0.5,1,97,116,44,C04_S_THRESHOLD,91,97,,,48,47,53,,,4,1,0,0,,0,0,0,0,0.233049,0.914524,,0.110594,0.811182,,0,89,0.004253,,160
grand_sim_v0_5,hub_2_single_hub_failure,hub_redundancy,mid_stress,9,9499,hub_redundant,hub_2,160,0.1,0.08,0.06,0.29,1.6,0.12,0.1,0.08,0.16,0.0095,0.00791,0.3,0.25,0.1,,0.3,,,,,,0.06,0.4862,0.03,0.140442,0.64414,0.475271,0.222289,0.472621,0.165048,0.5,1,94,111,49,C04_S_THRESHOLD,85,94,,,55,36,45,,,6,1,0,0,,0,0,0,0,0.246807,0.847397,,0.110135,0.844808,,0,95,0.003412,,160
grand_sim_v0_5,hub_2_single_hub_failure,hub_redundancy,high_stress,0,9500,hub_redundant,hub_2,160,0.14,0.05,0.09,0.26,2.0,0.06,0.13,0.1,0.2,0.012,0.00998,0.3,0.25,0.1,,0.3,,,,,,0.09,0.03,0.03,0.186415,1.0,0.0,0.145861,0.0,0.0,1.0,1,17,145,15,C04_S_THRESHOLD,16,17,,18,18,1,2,,3,3,1,0,0,,0,138,0,0,0.151817,0.148481,,0.048115,0.141298,,0,,0.0,,160
grand_sim_v0_5,hub_2_single_hub_failure,hub_redundancy,high_stress,1,9501,hub_redundant,hub_2,160,0.14,0.05,0.09,0.26,2.0,0.06,0.13,0.1,0.2,0.012,0.00998,0.3,0.25,0.1,,0.3,,,,,,0.09,0.03,0.03,0.172532,1.0,0.0,0.146658,0.0,0.0,1.0,1,19,143,17,C04_S_THRESHOLD,18,19,,20,19,1,2,,3,2,1,0,0,,0,135,0,0,0.155144,0.151264,,0.047881,0.150365,,0,22,0.007404,,160
grand_sim_v0_5,hub_2_single_hub_failure,hub_redundancy,high_stress,2,9502,hub_redundant,hub_2,160,0.14,0.05,0.09,0.26,2.0,0.06,0.13,0.1,0.2,0.012,0.00998,0.3,0.25,0.1,,0.3,,,,,,0.09,0.03,0.03,0.163304,1.0,0.0,0.146138,0.0,0.0,1.0,1,20,143,17,C04_S_THRESHOLD,19,20,,21,20,2,3,,4,3,1,0,0,,0,134,0,0,0.162845,0.153996,,0.048171,0.14622,,0,23,0.002663,,160
grand_sim_v0_5,hub_2_single_hub_failure,hub_redundancy,high_stress,3,9503,hub_redundant,hub_2,160,0.14,0.05,0.09,0.26,2.0,0.06,0.13,0.1,0.2,0.012,0.00998,0.3,0.25,0.1,,0.3,,,,,,0.09,0.03,0.03,0.164539,1.0,0.0,0.146946,0.0,0.0,1.0,1,18,144,16,C04_S_THRESHOLD,18,18,,20,18,2,2,,4,2,1,0,0,,0,135,0,0,0.150871,0.161937,,0.048077,0.146968,,0,,0.0,,160
grand_sim_v0_5,hub_2_single_hub_failure,hub_redundancy,high_stress,4,9504,hub_redundant,hub_2,160,0.14,0.05,0.09,0.26,2.0,0.06,0.13,0.1,0.2,0.012,0.00998,0.3,0.25,0.1,,0.3,,,,,,0.09,0.03,0.03,0.170746,1.0,0.0,0.145821,0.0,0.0,1.0,1,21,143,17,C04_S_THRESHOLD,19,21,,21,19,2,4,,4,2,1,0,0,,0,135,0,0,0.159888,0.158121,,0.048149,0.150246,,0,,0.0,,160
grand_sim_v0_5,hub_2_single_hub_failure,hub_redundancy,high_stress,5,9505,hub_redundant,hub_2,160,0.14,0.05,0.09,0.26,2.0,0.06,0.13,0.1,0.2,0.012,0.00998,0.3,0.25,0.1,,0.3,,,,,,0.09,0.03,0.03,0.162307,1.0,0.0,0.149712,0.0,0.0,1.0,1,18,145,15,C04_S_THRESHOLD,18,18,,19,18,3,3,,4,3,1,0,0,,0,137,0,0,0.161368,0.153283,,0.048065,0.149269,,0,,0.0,,160
grand_sim_v0_5,hub_2_single_hub_failure,hub_redundancy,high_stress,6,9506,hub_redundant,hub_2,160,0.14,0.05,0.09,0.26,2.0,0.06,0.13,0.1,0.2,0.012,0.00998,0.3,0.25,0.1,,0.3,,,,,,0.09,0.03,0.03,0.168775,1.0,0.0,0.146045,0.0,0.0,1.0,1,18,146,14,C04_S_THRESHOLD,17,18,,19,16,3,4,,5,2,1,0,0,,0,137,0,0,0.160158,0.149254,,0.04823,0.149254,,0,,0.0,,160
grand_sim_v0_5,hub_2_single_hub_failure,hub_redundancy,high_stress,7,9507,hub_redundant,hub_2,160,0.14,0.05,0.09,0.26,2.0,0.06,0.13,0.1,0.2,0.012,0.00998,0.3,0.25,0.1,,0.3,,,,,,0.09,0.03,0.03,0.164179,1.0,0.0,0.148776,0.0,0.0,1.0,1,18,144,16,C04_S_THRESHOLD,17,18,,19,18,1,2,,3,2,1,0,0,,0,137,0,0,0.160343,0.151529,,0.048324,0.147147,,0,29,0.000237,,160
grand_sim_v0_5,hub_2_single_hub_failure,hub_redundancy,high_stress,8,9508,hub_redundant,hub_2,160,0.14,0.05,0.09,0.26,2.0,0.06,0.13,0.1,0.2,0.012,0.00998,0.3,0.25,0.1,,0.3,,,,,,0.09,0.03,0.03,0.158979,1.0,0.0,0.150453,0.0,0.0,1.0,1,19,145,15,C04_S_THRESHOLD,18,19,,20,18,3,4,,5,3,1,0,0,,0,136,0,0,0.163898,0.151635,,0.048264,0.14968,,0,,0.0,,160
grand_sim_v0_5,hub_2_single_hub_failure,hub_redundancy,high_stress,9,9509,hub_redundant,hub_2,160,0.14,0.05,0.09,0.26,2.0,0.06,0.13,0.1,0.2,0.012,0.00998,0.3,0.25,0.1,,0.3,,,,,,0.09,0.03,0.03,0.165431,1.0,0.0,0.149583,0.0,0.0,1.0,1,18,144,16,C04_S_THRESHOLD,18,18,,20,19,2,2,,4,3,1,0,0,,0,136,0,0,0.151492,0.163957,,0.047807,0.144484,,0,,0.0,,160
grand_sim_v0_5,hub_3_single_hub_failure,hub_redundancy,low_stress,0,9510,hub_redundant,hub_3,160,0.06,0.1,0.04,0.32,1.2,0.2,0.08,0.06,0.12,0.0075,0.006735,0.3,0.25,0.1,,0.3,,,,,,0.03,0.987716,0.26293,0.124036,0.0,0.989726,0.488506,1.0,1.0,0.016667,0,,97,61,C04_S_THRESHOLD,,,,,69,,,,,8,0,0,0,,0,0,0,0,0.488506,0.976775,0.977592,0.213338,0.841176,0.829591,0,,0.0,,0
grand_sim_v0_5,hub_3_single_hub_failure,hub_redundancy,low_stress,1,9511,hub_redundant,hub_3,160,0.06,0.1,0.04,0.32,1.2,0.2,0.08,0.06,0.12,0.0075,0.006735,0.3,0.25,0.1,,0.3,,,,,,0.03,0.985676,0.140586,0.127015,0.0,0.98991,0.429123,1.0,1.0,0.016667,0,,86,74,C04_S_THRESHOLD,,,,,86,,,,,12,0,0,0,,0,0,0,0,0.429123,0.976429,0.98682,0.213797,0.810633,0.848051,0,,0.0,,0
grand_sim_v0_5,hub_3_single_hub_failure,hub_redundancy,low_stress,2,9512,hub_redundant,hub_3,160,0.06,0.1,0.04,0.32,1.2,0.2,0.08,0.06,0.12,0.0075,0.006735,0.3,0.25,0.1,,0.3,,,,,,0.03,0.986861,0.21166,0.119728,0.0,0.990103,0.472928,1.0,1.0,0.016667,0,,90,70,C04_S_THRESHOLD,,,,,78,,,,,8,0,0,0,,0,0,0,0,0.472928,0.983578,0.974591,0.213952,0.796703,0.797511,0,,0.0,,0
grand_sim_v0_5,hub_3_single_hub_failure,hub_redundancy,low_stress,3,9513,hub_redundant,hub_3,160,0.06,0.1,0.04,0.32,1.2,0.2,0.08,0.06,0.12,0.0075,0.006735,0.3,0.25,0.1,,0.3,,,,,,0.03,0.989212,0.352748,0.119526,0.0,0.990147,0.542981,1.0,1.0,0.016667,0,,88,62,C04_S_THRESHOLD,,,,,70,,,,,8,0,0,0,,0,0,0,0,0.542981,0.978027,0.986262,0.213296,0.810122,0.818941,0,,0.0,,0
grand_sim_v0_5,hub_3_single_hub_failure,hub_redundancy,low_stress,4,9514,hub_redundant,hub_3,160,0.06,0.1,0.04,0.32,1.2,0.2,0.08,0.06,0.12,0.0075,0.006735,0.3,0.25,0.1,,0.3,,,,,,0.03,0.986981,0.218836,0.125723,0.0,0.989522,0.453535,1.0,1.0,0.016667,0,,100,60,C04_S_THRESHOLD,,,,,68,,,,,8,0,0,0,,0,0,0,0,0.453535,0.978502,0.983842,0.214043,0.823368,0.794199,0,,0.0,,0
grand_sim_v0_5,hub_3_single_hub_failure,hub_redundancy,low_stress,5,9515,hub_redundant,hub_3,160,0.06,0.1,0.04,0.32,1.2,0.2,0.08,0.06,0.12,0.0075,0.006735,0.3,0.25,0.1,,0.3,,,,,,0.03,0.986132,0.167892,0.135205,0.0,0.989315,0.439334,1.0,1.0,0.016667,0,,100,60,C04_S_THRESHOLD,,,,,67,,,,,7,0,0,0,,0,0,0,0,0.439334,0.954469,0.976722,0.21405,0.830002,0.808791,0,,0.0,,0
grand_sim_v0_5,hub_3_single_hub_failure,hub_redundancy,low_stress,6,9516,hub_redundant,hub_3,160,0.06,0.1,0.04,0.32,1.2,0.2,0.08,0.06,0.12,0.0075,0.006735,0.3,0.25,0.1,,0.3,,,,,,0.03,0.98585,0.150985,0.119256,0.0,0.990008,0.439683,1.0,1.0,0.016667,0,,88,72,C04_S_THRESHOLD,,,,,84,,,,,12,0,0,0,,0,0,0,0,0.439683,0.980416,0.983434,0.214125,0.825246,0.808269,0,,0.0,,0
grand_sim_v0_5,hub_3_single_hub_failure,hub_redundancy,low_stress,7,9517,hub_redundant,hub_3,160,0.06,0.1,0.04,0.32,1.2,0.2,0.08,0.06,0.12,0.0075,0.006735,0.3,0.25,0.1,,0.3,,,,,,0.03,0.985523,0.131403,0.116728,0.0,0.989829,0.432384,1.0,1.0,0.016667,0,,86,74,C04_S_THRESHOLD,,,,,86,,,,,12,0,0,0,,0,0,0,0,0.432384,0.982521,0.984256,0.214075,0.835661,0.833759,0,,0.0,,0
grand_sim_v0_5,hub_3_single_hub_failure,hub_redundancy,low_stress,8,9518,hub_redundant,hub_3,160,0.06,0.1,0.04,0.32,1.2,0.2,0.08,0.06,0.12,0.0075,0.006735,0.3,0.25,0.1,,0.3,,,,,,0.03,0.985846,0.15077,0.120205,0.0,0.990104,0.446388,1.0,1.0,0.016667,0,,84,76,C04_S_THRESHOLD,,,,,88,,,,,12,0,0,0,,0,0,0,0,0.446388,0.974483,0.970721,0.214089,0.812033,0.812424,0,,0.0,,0
grand_sim_v0_5,hub_3_single_hub_failure,hub_redundancy,low_stress,9,9519,hub_redundant,hub_3,160,0.06,0.1,0.04,0.32,1.2,0.2,0.08,0.06,0.12,0.0075,0.006735,0.3,0.25,0.1,,0.3,,,,,,0.03,0.986014,0.160821,0.126395,0.0,0.990081,0.443068,1.0,1.0,0.016667,0,,85,75,C04_S_THRESHOLD,,,,,87,,,,,12,0,0,0,,0,0,0,0,0.443068,0.965514,0.983197,0.213739,0.830754,0.798823,0,,0.0,,0
grand_sim_v0_5,hub_3_single_hub_failure,hub_redundancy,mid_stress,0,9520,hub_redundant,hub_3,160,0.1,0.08,0.06,0.29,1.6,0.12,0.1,0.08,0.16,0.0095,0.00791,0.3,0.25,0.1,,0.3,,,,,,0.06,0.876972,0.031476,0.131363,0.001432,0.897851,0.368496,1.0,1.0,0.083333,0,,108,52,C04_S_THRESHOLD,,,,,58,,,,,6,0,0,0,,0,0,0,0,0.368496,0.984256,0.970067,0.131219,0.791599,0.818385,0,,0.0,,0
grand_sim_v0_5,hub_3_single_hub_failure,hub_redundancy,mid_stress,1,9521,hub_redundant,hub_3,160,0.1,0.08,0.06,0.29,1.6,0.12,0.1,0.08,0.16,0.0095,0.00791,0.3,0.25,0.1,,0.3,,,,,,0.06,0.835456,0.03,0.135435,0.000535,0.896341,0.364249,1.0,1.0,0.133333,0,,115,45,C04_S_THRESHOLD,,,,,49,,,,,4,0,0,0,,0,0,0,0,0.364249,0.982857,0.981043,0.13006,0.841506,0.804705,0,115,0.005626,,0
grand_sim_v0_5,hub_3_single_hub_failure,hub_redundancy,mid_stress,2,9522,hub_redundant,hub_3,160,0.1,0.08,0.06,0.29,1.6,0.12,0.1,0.08,0.16,0.0095,0.00791,0.3,0.25,0.1,,0.3,,,,,,0.06,0.885862,0.03,0.134074,0.001505,0.910295,0.355373,1.0,1.0,0.1,0,,115,45,C04_S_THRESHOLD,,,,,49,,,,,4,0,0,0,,0,0,0,0,0.355373,0.964891,0.973875,0.131278,0.821107,0.830321,0,121,0.006602,,0
grand_sim_v0_5,hub_3_single_hub_failure,hub_redundancy,mid_stress,3,9523,hub_redundant,hub_3,160,0.1,0.08,0.06,0.29,1.6,0.12,0.1,0.08,0.16,0.0095,0.00791,0.3,0.25,0.1,,0.3,,,,,,0.06,0.873929,0.036786,0.138241,0.000571,0.900641,0.371785,1.0,1.0,0.116667,0,,111,49,C04_S_THRESHOLD,,,,,55,,,,,6,0,0,0,,0,0,0,0,0.371785,0.978798,0.979489,0.130637,0.825421,0.797115,0,,0.0,,0
grand_sim_v0_5,hub_3_single_hub_failure,hub_redundancy,mid_stress,4,9524,hub_redundant,hub_3,160,0.1,0.08,0.06,0.29,1.6,0.12,0.1,0.08,0.16,0.0095,0.00791,0.3,0.25,0.1,,0.3,,,,,,0.06,0.801811,0.03,0.141212,0.000802,0.892242,0.352997,1.0,1.0,0.2,0,,116,44,C04_S_THRESHOLD,,,,,48,,,,,4,0,0,0,,0,0,0,0,0.352997,0.967247,0.966953,0.129292,0.839671,0.811604,0,120,0.004516,,0
grand_sim_v0_5,hub_3_single_hub_failure,hub_redundancy,mid_stress,5,9525,hub_redundant,hub_3,160,0.1,0.08,0.06,0.29,1.6,0.12,0.1,0.08,0.16,0.0095,0.00791,0.3,0.25,0.1,,0.3,,,,,,0.06,0.85261,0.03,0.146077,0.003015,0.897859,0.365588,1.0,1.0,0.133333,0,,111,49,C04_S_THRESHOLD,,,,,55,,,,,6,0,0,0,,0,0,0,0,0.365588,0.981906,0.974423,0.128602,0.788318,0.821857,0,150,0.004172,,0
grand_sim_v0_5,hub_3_single_hub_failure,hub_redundancy,mid_stress,6,9526,hub_redundant,hub_3,160,0.1,0.08,0.06,0.29,1.6,0.12,0.1,0.08,0.16,0.0095,0.00791,0.3,0.25,0.1,,0.3,,,,,,0.06,0.855732,0.03,0.127118,0.000631,0.901245,0.376046,1.0,1.0,0.133333,0,,115,45,C04_S_THRESHOLD,,,,,49,,,,,4,0,0,0,,0,0,0,0,0.376046,0.97738,0.972711,0.130309,0.800659,0.822287,0,124,0.004667,,0
grand_sim_v0_5,hub_3_single_hub_failure,hub_redundancy,mid_stress,7,9527,hub_redundant,hub_3,160,0.1,0.08,0.06,0.29,1.6,0.12,0.1,0.08,0.16,0.0095,0.00791,0.3,0.25,0.1,,0.3,,,,,,0.06,0.816189,0.03,0.13873,0.007563,0.887431,0.347603,1.0,1.0,0.166667,0,,108,52,C04_S_THRESHOLD,,,,,58,,,,,6,0,0,0,,0,0,0,0,0.347603,0.966669,0.97541,0.130887,0.79792,0.803955,0,152,0.004428,,0
grand_sim_v0_5,hub_3_single_hub_failure,hub_redundancy,mid_stress,8,9528,hub_redundant,hub_3,160,0.1,0.08,0.06,0.29,1.6,0.12,0.1,0.08,0.16,0.0095,0.00791,0.3,0.25,0.1,,0.3,,,,,,0.06,0.823948,0.03,0.137772,0.001866,0.897053,0.366934,1.0,1.0,0.166667,0,,116,44,C04_S_THRESHOLD,,,,,48,,,,,4,0,0,0,,0,0,0,0,0.366934,0.972361,0.979774,0.129926,0.812721,0.823147,0,124,0.00463,,0
grand_sim_v0_5,hub_3_single_hub_failure,hub_redundancy,mid_stress,9,9529,hub_redundant,hub_3,160,0.1,0.08,0.06,0.29,1.6,0.12,0.1,0.08,0.16,0.0095,0.00791,0.3,0.25,0.1,,0.3,,,,,,0.06,0.83321,0.03,0.142369,0.001715,0.897065,0.367521,1.0,1.0,0.116667,0,,116,44,C04_S_THRESHOLD,,,,,48,,,,,4,0,0,0,,0,0,0,0,0.367521,0.972983,0.962337,0.130614,0.808649,0.811832,0,126,0.004464,,0
grand_sim_v0_5,hub_3_single_hub_failure,hub_redundancy,high_stress,0,9530,hub_redundant,hub_3,160,0.14,0.05,0.09,0.26,2.0,0.06,0.13,0.1,0.2,0.012,0.00998,0.3,0.25,0.1,,0.3,,,,,,0.09,0.03,0.03,0.157538,1.0,0.0,0.147123,0.0,0.0,1.0,1,24,140,20,C04_S_THRESHOLD,22,24,,25,23,2,4,,5,3,1,0,0,,0,130,0,0,0.156714,0.163013,0.158049,0.047965,0.152369,0.147501,0,,0.0,,0
grand_sim_v0_5,hub_3_single_hub_failure,hub_redundancy,high_stress,1,9531,hub_redundant,hub_3,160,0.14,0.05,0.09,0.26,2.0,0.06,0.13,0.1,0.2,0.012,0.00998,0.3,0.25,0.1,,0.3,,,,,,0.09,0.03,0.03,0.160018,1.0,0.0,0.149941,0.0,0.0,1.0,1,23,141,19,C04_S_THRESHOLD,22,23,,25,22,3,4,,6,3,1,0,0,,0,131,0,0,0.159772,0.153885,0.161293,0.047988,0.142372,0.151158,0,,0.0,,0
grand_sim_v0_5,hub_3_single_hub_failure,hub_redundancy,high_stress,2,9532,hub_redundant,hub_3,160,0.14,0.05,0.09,0.26,2.0,0.06,0.13,0.1,0.2,0.012,0.00998,0.3,0.25,0.1,,0.3,,,,,,0.09,0.03,0.03,0.153544,1.0,0.0,0.149121,0.0,0.0,1.0,1,25,140,20,C04_S_THRESHOLD,23,25,,26,23,3,5,,6,3,1,0,0,,0,129,0,0,0.157888,0.161252,0.157679,0.048142,0.148181,0.147273,0,,0.0,,0
grand_sim_v0_5,hub_3_single_hub_failure,hub_redundancy,high_stress,3,9533,hub_redundant,hub_3,160,0.14,0.05,0.09,0.26,2.0,0.06,0.13,0.1,0.2,0.012,0.00998,0.3,0.25,0.1,,0.3,,,,,,0.09,0.03,0.03,0.165506,1.0,0.0,0.140068,0.0,0.0,1.0,1,25,139,21,C04_S_THRESHOLD,23,25,,27,25,2,4,,6,4,1,0,0,,0,129,0,0,0.152721,0.140068,0.150533,0.04814,0.140068,0.148381,0,,0.0,,0
grand_sim_v0_5,hub_3_single_hub_failure,hub_redundancy,high_stress,4,9534,hub_redundant,hub_3,160,0.14,0.05,0.09,0.26,2.0,0.06,0.13,0.1,0.2,0.012,0.00998,0.3,0.25,0.1,,0.3,,,,,,0.09,0.03,0.03,0.154768,1.0,0.0,0.14665,0.0,0.0,1.0,1,24,140,20,C04_S_THRESHOLD,22,24,,25,23,2,4,,5,3,1,0,0,,0,130,0,0,0.14665,0.157115,0.158185,0.0483,0.154629,0.142341,0,,0.0,,0
grand_sim_v0_5,hub_3_single_hub_failure,hub_redundancy,high_stress,5,9535,hub_redundant,hub_3,160,0.14,0.05,0.09,0.26,2.0,0.06,0.13,0.1,0.2,0.012,0.00998,0.3,0.25,0.1,,0.3,,,,,,0.09,0.03,0.03,0.157065,1.0,0.0,0.148633,0.0,0.0,1.0,1,22,141,19,C04_S_THRESHOLD,21,22,,24,23,2,3,,5,4,1,0,0,,0,129,0,0,0.158609,0.155442,0.148633,0.048252,0.155442,0.147311,0,,0.0,,0
grand_sim_v0_5,hub_3_single_hub_failure,hub_redundancy,high_stress,6,9536,hub_redundant,hub_3,160,0.14,0.05,0.09,0.26,2.0,0.06,0.13,0.1,0.2,0.012,0.00998,0.3,0.25,0.1,,0.3,,,,,,0.09,0.03,0.03,0.161878,1.0,0.0,0.149329,0.0,0.0,1.0,1,22,141,19,C04_S_THRESHOLD,21,22,,24,23,2,3,,5,4,1,0,0,,0,131,0,0,0.156934,0.154252,0.161851,0.047795,0.143765,0.14945,0,,0.0,,0
grand_sim_v0_5,hub_3_single_hub_failure,hub_redundancy,high_stress,7,9537,hub_redundant,hub_3,160,0.14,0.05,0.09,0.26,2.0,0.06,0.13,0.1,0.2,0.012,0.00998,0.3,0.25,0.1,,0.3,,,,,,0.09,0.03,0.03,0.154411,1.0,0.0,0.149123,0.0,0.0,1.0,1,24,140,20,C04_S_THRESHOLD,22,24,,25,23,2,4,,5,3,1,0,0,,0,129,0,0,0.15683,0.157616,0.161088,0.047947,0.148845,0.154197,0,,0.0,,0
grand_sim_v0_5,hub_3_single_hub_failure,hub_redundancy,high_stress,8,9538,hub_redundant,hub_3,160,0.14,0.05,0.09,0.26,2.0,0.06,0.13,0.1,0.2,0.012,0.00998,0.3,0.25,0.1,,0.3,,,,,,0.09,0.03,0.03,0.153362,1.0,0.0,0.15097,0.0,0.0,1.0,1,25,139,21,C04_S_THRESHOLD,24,25,,27,24,3,4,,6,3,1,0,0,,0,130,0,0,0.155198,0.162451,0.161629,0.048194,0.149294,0.152645,0,,0.0,,0
grand_sim_v0_5,hub_3_single_hub_failure,hub_redundancy,high_stress,9,9539,hub_redundant,hub_3,160,0.14,0.05,0.09,0.26,2.0,0.06,0.13,0.1,0.2,0.012,0.00998,0.3,0.25,0.1,,0.3,,,,,,0.09,0.03,0.03,0.157899,1.0,0.0,0.149741,0.0,0.0,1.0,1,24,138,22,C04_S_THRESHOLD,23,24,,26,25,1,2,,4,3,1,0,0,,0,128,0,0,0.158114,0.15811,0.164835,0.04792,0.151052,0.150813,0,,0.0,,0
grand_sim_v0_5,topology_drift,topology_drift,low_stress,0,9540,ring_mesh,star_adjacent,160,0.06,0.1,0.04,0.32,1.2,0.2,0.08,0.06,0.12,0.0075,0.006735,0.3,0.25,0.1,,0.3,,,,,,0.03,0.987045,0.222699,0.121256,0.0,0.955998,0.470891,1.0,1.0,0.016667,0,,80,80,C04_S_THRESHOLD,,,,,80,,,,,0,0,0,0,,0,0,0,0,0.470891,,,0.202134,,,0,,0.0,0,80
grand_sim_v0_5,topology_drift,topology_drift,low_stress,1,9541,ring_mesh,star_adjacent,160,0.06,0.1,0.04,0.32,1.2,0.2,0.08,0.06,0.12,0.0075,0.006735,0.3,0.25,0.1,,0.3,,,,,,0.03,0.989098,0.345866,0.109459,0.0,0.966212,0.544195,1.0,1.0,0.016667,0,,72,80,C04_S_THRESHOLD,,,,,80,,,,,0,0,0,0,,0,0,0,0,0.544195,,,0.202263,,,0,,0.0,0,80
grand_sim_v0_5,topology_drift,topology_drift,low_stress,2,9542,ring_mesh,star_adjacent,160,0.06,0.1,0.04,0.32,1.2,0.2,0.08,0.06,0.12,0.0075,0.006735,0.3,0.25,0.1,,0.3,,,,,,0.03,0.988631,0.317873,0.113354,0.0,0.96158,0.524027,1.0,1.0,0.016667,0,,74,80,C04_S_THRESHOLD,,,,,80,,,,,0,0,0,0,,0,0,0,0,0.524027,,,0.201983,,,0,,0.0,0,80
grand_sim_v0_5,topology_drift,topology_drift,low_stress,3,9543,ring_mesh,star_adjacent,160,0.06,0.1,0.04,0.32,1.2,0.2,0.08,0.06,0.12,0.0075,0.006735,0.3,0.25,0.1,,0.3,,,,,,0.03,0.985848,0.150908,0.111886,0.0,0.963262,0.444889,1.0,1.0,0.016667,0,,80,80,C04_S_THRESHOLD,,,,,87,,,,,7,0,0,0,,0,0,0,0,0.444889,,,0.202034,,,0,,0.0,0,80
grand_sim_v0_5,topology_drift,topology_drift,low_stress,4,9544,ring_mesh,star_adjacent,160,0.06,0.1,0.04,0.32,1.2,0.2,0.08,0.06,0.12,0.0075,0.006735,0.3,0.25,0.1,,0.3,,,,,,0.03,0.985771,0.146259,0.116026,0.0,0.967555,0.439038,1.0,1.0,0.016667,0,,80,80,C04_S_THRESHOLD,,,,,86,,,,,6,0,0,0,,0,0,0,0,0.439038,,,0.202134,,,0,,0.0,0,80
grand_sim_v0_5,topology_drift,topology_drift,low_stress,5,9545,ring_mesh,star_adjacent,160,0.06,0.1,0.04,0.32,1.2,0.2,0.08,0.06,0.12,0.0075,0.006735,0.3,0.25,0.1,,0.3,,,,,,0.03,0.989291,0.357484,0.122227,0.0,0.966271,0.541996,1.0,1.0,0.016667,0,,71,80,C04_S_THRESHOLD,,,,,80,,,,,0,0,0,0,,0,0,0,0,0.541996,,,0.202381,,,0,,0.0,0,80
grand_sim_v0_5,topology_drift,topology_drift,low_stress,6,9546,ring_mesh,star_adjacent,160,0.06,0.1,0.04,0.32,1.2,0.2,0.08,0.06,0.12,0.0075,0.006735,0.3,0.25,0.1,,0.3,,,,,,0.03,0.986936,0.216137,0.108846,0.0,0.968671,0.475995,1.0,1.0,0.016667,0,,80,80,C04_S_THRESHOLD,,,,,80,,,,,0,0,0,0,,0,0,0,0,0.475995,,,0.202248,,,0,,0.0,0,80
grand_sim_v0_5,topology_drift,topology_drift,low_stress,7,9547,ring_mesh,star_adjacent,160,0.06,0.1,0.04,0.32,1.2,0.2,0.08,0.06,0.12,0.0075,0.006735,0.3,0.25,0.1,,0.3,,,,,,0.03,0.986871,0.212233,0.127633,0.0,0.964558,0.47,1.0,1.0,0.016667,0,,80,80,C04_S_THRESHOLD,,,,,80,,,,,0,0,0,0,,0,0,0,0,0.47,,,0.202236,,,0,,0.0,0,80
grand_sim_v0_5,topology_drift,topology_drift,low_stress,8,9548,ring_mesh,star_adjacent,160,0.06,0.1,0.04,0.32,1.2,0.2,0.08,0.06,0.12,0.0075,0.006735,0.3,0.25,0.1,,0.3,,,,,,0.03,0.985706,0.142349,0.13455,0.0,0.96449,0.419922,1.0,1.0,0.016667,0,,80,80,C04_S_THRESHOLD,,,,,87,,,,,7,0,0,0,,0,0,0,0,0.419922,,,0.202267,,,0,,0.0,0,80
grand_sim_v0_5,topology_drift,topology_drift,low_stress,9,9549,ring_mesh,star_adjacent,160,0.06,0.1,0.04,0.32,1.2,0.2,0.08,0.06,0.12,0.0075,0.006735,0.3,0.25,0.1,,0.3,,,,,,0.03,0.988949,0.336918,0.10425,0.0,0.968209,0.540622,1.0,1.0,0.016667,0,,73,80,C04_S_THRESHOLD,,,,,80,,,,,0,0,0,0,,0,0,0,0,0.540622,,,0.202356,,,0,,0.0,0,80
grand_sim_v0_5,topology_drift,topology_drift,mid_stress,0,9550,ring_mesh,star_adjacent,160,0.1,0.08,0.06,0.29,1.6,0.12,0.1,0.08,0.16,0.0095,0.00791,0.3,0.25,0.1,,0.3,,,,,,0.06,0.03,0.03,0.160068,1.0,0.024397,0.155379,0.0,0.0,1.0,1,96,80,80,C04_S_THRESHOLD,95,96,,99,80,15,16,,19,0,1,0,0,,0,52,0,0,0.155379,,,0.089249,,,0,100,0.002267,0,80
grand_sim_v0_5,topology_drift,topology_drift,mid_stress,1,9551,ring_mesh,star_adjacent,160,0.1,0.08,0.06,0.29,1.6,0.12,0.1,0.08,0.16,0.0095,0.00791,0.3,0.25,0.1,,0.3,,,,,,0.06,0.03,0.03,0.127295,0.999195,0.024515,0.161257,0.0,0.0,1.0,1,96,80,80,C04_S_THRESHOLD,96,96,,99,80,16,16,,19,0,1,0,0,,0,55,0,0,0.181158,,,0.089004,,,0,100,0.002011,0,80
grand_sim_v0_5,topology_drift,topology_drift,mid_stress,2,9552,ring_mesh,star_adjacent,160,0.1,0.08,0.06,0.29,1.6,0.12,0.1,0.08,0.16,0.0095,0.00791,0.3,0.25,0.1,,0.3,,,,,,0.06,0.03,0.03,0.136482,0.99926,0.025217,0.16256,0.0,0.0,1.0,1,96,80,80,C04_S_THRESHOLD,95,96,,99,80,15,16,,19,0,1,0,0,,0,52,0,0,0.173422,,,0.088888,,,0,,0.0,0,80
grand_sim_v0_5,topology_drift,topology_drift,mid_stress,3,9553,ring_mesh,star_adjacent,160,0.1,0.08,0.06,0.29,1.6,0.12,0.1,0.08,0.16,0.0095,0.00791,0.3,0.25,0.1,,0.3,,,,,,0.06,0.03,0.03,0.134303,0.999648,0.022738,0.157953,0.0,0.0,1.0,1,96,80,80,C04_S_THRESHOLD,95,96,,98,80,15,16,,18,0,1,0,0,,0,54,0,0,0.171731,,,0.088751,,,0,,0.0,0,80
grand_sim_v0_5,topology_drift,topology_drift,mid_stress,4,9554,ring_mesh,star_adjacent,160,0.1,0.08,0.06,0.29,1.6,0.12,0.1,0.08,0.16,0.0095,0.00791,0.3,0.25,0.1,,0.3,,,,,,0.06,0.03,0.03,0.13484,0.999569,0.024749,0.159846,0.0,0.0,1.0,1,96,80,80,C04_S_THRESHOLD,95,96,,100,80,15,16,,20,0,1,0,0,,0,52,0,0,0.174092,,,0.089058,,,0,,0.0,0,80
grand_sim_v0_5,topology_drift,topology_drift,mid_stress,5,9555,ring_mesh,star_adjacent,160,0.1,0.08,0.06,0.29,1.6,0.12,0.1,0.08,0.16,0.0095,0.00791,0.3,0.25,0.1,,0.3,,,,,,0.06,0.03,0.03,0.149982,0.999548,0.023702,0.158946,0.0,0.0,1.0,1,96,80,80,C04_S_THRESHOLD,95,96,,98,80,15,16,,18,0,1,0,0,,0,55,0,0,0.166711,,,0.088657,,,0,100,0.002143,0,80
grand_sim_v0_5,topology_drift,topology_drift,mid_stress,6,9556,ring_mesh,star_adjacent,160,0.1,0.08,0.06,0.29,1.6,0.12,0.1,0.08,0.16,0.0095,0.00791,0.3,0.25,0.1,,0.3,,,,,,0.06,0.03,0.03,0.144467,0.99938,0.024856,0.158172,0.0,0.0,1.0,1,96,80,80,C04_S_THRESHOLD,95,96,,99,80,15,16,,19,0,1,0,0,,0,55,0,0,0.174972,,,0.089128,,,0,100,0.002205,0,80
grand_sim_v0_5,topology_drift,topology_drift,mid_stress,7,9557,ring_mesh,star_adjacent,160,0.1,0.08,0.06,0.29,1.6,0.12,0.1,0.08,0.16,0.0095,0.00791,0.3,0.25,0.1,,0.3,,,,,,0.06,0.03,0.03,0.129164,0.999481,0.025701,0.163448,0.0,0.0,1.0,1,97,80,80,C04_S_THRESHOLD,96,97,,100,80,16,17,,20,0,1,0,0,,0,54,0,0,0.175879,,,0.08905,,,0,,0.0,0,80
grand_sim_v0_5,topology_drift,topology_drift,mid_stress,8,9558,ring_mesh,star_adjacent,160,0.1,0.08,0.06,0.29,1.6,0.12,0.1,0.08,0.16,0.0095,0.00791,0.3,0.25,0.1,,0.3,,,,,,0.06,0.03,0.03,0.132266,0.998987,0.025208,0.161636,0.0,0.0,1.0,1,96,80,80,C04_S_THRESHOLD,95,96,,99,80,15,16,,19,0,1,0,0,,0,53,0,0,0.179364,,,0.088761,,,0,,0.0,0,80
grand_sim_v0_5,topology_drift,topology_drift,mid_stress,9,9559,ring_mesh,star_adjacent,160,0.1,0.08,0.06,0.29,1.6,0.12,0.1,0.08,0.16,0.0095,0.00791,0.3,0.25,0.1,,0.3,,,,,,0.06,0.03,0.03,0.145626,0.999838,0.026049,0.159769,0.0,0.0,1.0,1,96,80,80,C04_S_THRESHOLD,96,96,,100,80,16,16,,20,0,1,0,0,,0,51,0,0,0.1664,,,0.089282,,,0,,0.0,0,80
grand_sim_v0_5,topology_drift,topology_drift,high_stress,0,9560,ring_mesh,star_adjacent,160,0.14,0.05,0.09,0.26,2.0,0.06,0.13,0.1,0.2,0.012,0.00998,0.3,0.25,0.1,,0.3,,,,,,0.09,0.03,0.03,0.161858,1.0,0.0,0.149716,0.0,0.0,1.0,1,27,132,28,C04_S_THRESHOLD,27,27,,29,33,-1,-1,,1,5,0,0,0,,0,127,0,0,0.161639,,,0.048619,,,0,,0.0,0,80
grand_sim_v0_5,topology_drift,topology_drift,high_stress,1,9561,ring_mesh,star_adjacent,160,0.14,0.05,0.09,0.26,2.0,0.06,0.13,0.1,0.2,0.012,0.00998,0.3,0.25,0.1,,0.3,,,,,,0.09,0.03,0.03,0.160953,1.0,0.0,0.150363,0.0,0.0,1.0,1,27,132,28,C04_S_THRESHOLD,26,27,,29,34,-2,-1,,1,6,0,0,0,,0,126,0,0,0.164453,,,0.048529,,,0,,0.0,0,80
grand_sim_v0_5,topology_drift,topology_drift,high_stress,2,9562,ring_mesh,star_adjacent,160,0.14,0.05,0.09,0.26,2.0,0.06,0.13,0.1,0.2,0.012,0.00998,0.3,0.25,0.1,,0.3,,,,,,0.09,0.03,0.03,0.165045,1.0,0.0,0.151308,0.0,0.0,1.0,1,28,132,28,C04_S_THRESHOLD,27,28,,29,34,-1,0,,1,6,0,0,0,,0,126,0,0,0.162158,,,0.048528,,,0,,0.0,0,80
grand_sim_v0_5,topology_drift,topology_drift,high_stress,3,9563,ring_mesh,star_adjacent,160,0.14,0.05,0.09,0.26,2.0,0.06,0.13,0.1,0.2,0.012,0.00998,0.3,0.25,0.1,,0.3,,,,,,0.09,0.03,0.03,0.151193,1.0,0.0,0.152776,0.0,0.0,1.0,1,28,131,29,C04_S_THRESHOLD,27,28,,29,34,-2,-1,,0,5,0,0,0,,0,126,0,0,0.165376,,,0.048694,,,0,,0.0,0,80
grand_sim_v0_5,topology_drift,topology_drift,high_stress,4,9564,ring_mesh,star_adjacent,160,0.14,0.05,0.09,0.26,2.0,0.06,0.13,0.1,0.2,0.012,0.00998,0.3,0.25,0.1,,0.3,,,,,,0.09,0.03,0.03,0.163799,1.0,0.0,0.150373,0.0,0.0,1.0,1,30,130,30,C04_S_THRESHOLD,29,30,,31,35,-1,0,,1,5,0,0,0,,0,125,0,0,0.159449,,,0.048514,,,0,,0.0,0,80
grand_sim_v0_5,topology_drift,topology_drift,high_stress,5,9565,ring_mesh,star_adjacent,160,0.14,0.05,0.09,0.26,2.0,0.06,0.13,0.1,0.2,0.012,0.00998,0.3,0.25,0.1,,0.3,,,,,,0.09,0.03,0.03,0.156631,1.0,0.0,0.152326,0.0,0.0,1.0,1,27,132,28,C04_S_THRESHOLD,26,27,,28,33,-2,-1,,0,5,0,0,0,,0,127,0,0,0.161591,,,0.048368,,,0,,0.0,0,80
grand_sim_v0_5,topology_drift,topology_drift,high_stress,6,9566,ring_mesh,star_adjacent,160,0.14,0.05,0.09,0.26,2.0,0.06,0.13,0.1,0.2,0.012,0.00998,0.3,0.25,0.1,,0.3,,,,,,0.09,0.03,0.03,0.162079,1.0,0.0,0.152324,0.0,0.0,1.0,1,27,132,28,C04_S_THRESHOLD,26,27,,28,33,-2,-1,,0,5,0,0,0,,0,127,1,0,0.160904,,,0.048413,,,0,,0.0,0,80
grand_sim_v0_5,topology_drift,topology_drift,high_stress,7,9567,ring_mesh,star_adjacent,160,0.14,0.05,0.09,0.26,2.0,0.06,0.13,0.1,0.2,0.012,0.00998,0.3,0.25,0.1,,0.3,,,,,,0.09,0.03,0.03,0.162037,1.0,0.0,0.150717,0.0,0.0,1.0,1,27,132,28,C04_S_THRESHOLD,26,27,,28,33,-2,-1,,0,5,0,0,0,,0,126,0,0,0.160191,,,0.048585,,,0,,0.0,0,80
grand_sim_v0_5,topology_drift,topology_drift,high_stress,8,9568,ring_mesh,star_adjacent,160,0.14,0.05,0.09,0.26,2.0,0.06,0.13,0.1,0.2,0.012,0.00998,0.3,0.25,0.1,,0.3,,,,,,0.09,0.03,0.03,0.163912,1.0,0.0,0.149771,0.0,0.0,1.0,1,28,131,29,C04_S_THRESHOLD,27,28,,30,35,-2,-1,,1,6,0,0,0,,0,125,0,0,0.15924,,,0.048622,,,0,,0.0,0,80
grand_sim_v0_5,topology_drift,topology_drift,high_stress,9,9569,ring_mesh,star_adjacent,160,0.14,0.05,0.09,0.26,2.0,0.06,0.13,0.1,0.2,0.012,0.00998,0.3,0.25,0.1,,0.3,,,,,,0.09,0.03,0.03,0.167286,1.0,0.0,0.148974,0.0,0.0,1.0,1,29,131,29,C04_S_THRESHOLD,28,29,,30,35,-1,0,,1,6,0,0,0,,0,125,0,0,0.158069,,,0.048583,,,0,,0.0,0,80
grand_sim_v0_5,mixed_hia_identity,identity,low_stress,0,9570,ring_mesh,ring_mesh,160,0.06,0.1,0.04,0.32,1.2,0.2,0.08,0.06,0.12,0.0075,0.006735,0.3,0.25,0.1,,0.3,,,,,,0.03,0.861512,0.467252,0.091562,0.0,0.516174,0.811518,1.0,1.0,0.0,0,,0,,,,,,,,,,,,,0,0,0,,0,0,0,0,,,,,,,0,,0.0,,0
grand_sim_v0_5,mixed_hia_identity,identity,low_stress,1,9571,ring_mesh,ring_mesh,160,0.06,0.1,0.04,0.32,1.2,0.2,0.08,0.06,0.12,0.0075,0.006735,0.3,0.25,0.1,,0.3,,,,,,0.03,0.84815,0.359844,0.087528,0.0,0.517758,0.806139,1.0,1.0,0.0,0,,0,,,,,,,,,,,,,0,0,0,,0,0,0,0,,,,,,,0,,0.0,,0
grand_sim_v0_5,mixed_hia_identity,identity,low_stress,2,9572,ring_mesh,ring_mesh,160,0.06,0.1,0.04,0.32,1.2,0.2,0.08,0.06,0.12,0.0075,0.006735,0.3,0.25,0.1,,0.3,,,,,,0.03,0.871087,0.473248,0.090371,0.0,0.517032,0.816506,1.0,1.0,0.0,0,,0,,,,,,,,,,,,,0,0,0,,0,0,0,0,,,,,,,0,,0.0,,0
grand_sim_v0_5,mixed_hia_identity,identity,low_stress,3,9573,ring_mesh,ring_mesh,160,0.06,0.1,0.04,0.32,1.2,0.2,0.08,0.06,0.12,0.0075,0.006735,0.3,0.25,0.1,,0.3,,,,,,0.03,0.881515,0.53965,0.082511,0.0,0.519561,0.823404,1.0,1.0,0.0,0,,0,,,,,,,,,,,,,0,0,0,,0,0,0,0,,,,,,,0,,0.0,,0
grand_sim_v0_5,mixed_hia_identity,identity,low_stress,4,9574,ring_mesh,ring_mesh,160,0.06,0.1,0.04,0.32,1.2,0.2,0.08,0.06,0.12,0.0075,0.006735,0.3,0.25,0.1,,0.3,,,,,,0.03,0.876611,0.505696,0.086923,0.0,0.517471,0.81984,1.0,1.0,0.0,0,,0,,,,,,,,,,,,,0,0,0,,0,0,0,0,,,,,,,0,,0.0,,0
grand_sim_v0_5,mixed_hia_identity,identity,low_stress,5,9575,ring_mesh,ring_mesh,160,0.06,0.1,0.04,0.32,1.2,0.2,0.08,0.06,0.12,0.0075,0.006735,0.3,0.25,0.1,,0.3,,,,,,0.03,0.868876,0.449462,0.087615,0.0,0.517441,0.816003,1.0,1.0,0.0,0,,0,,,,,,,,,,,,,0,0,0,,0,0,0,0,,,,,,,0,,0.0,,0
grand_sim_v0_5,mixed_hia_identity,identity,low_stress,6,9576,ring_mesh,ring_mesh,160,0.06,0.1,0.04,0.32,1.2,0.2,0.08,0.06,0.12,0.0075,0.006735,0.3,0.25,0.1,,0.3,,,,,,0.03,0.893308,0.507586,0.08406,0.0,0.517682,0.828388,1.0,1.0,0.0,0,,0,,,,,,,,,,,,,0,0,0,,0,0,0,0,,,,,,,0,,0.0,,0
grand_sim_v0_5,mixed_hia_identity,identity,low_stress,7,9577,ring_mesh,ring_mesh,160,0.06,0.1,0.04,0.32,1.2,0.2,0.08,0.06,0.12,0.0075,0.006735,0.3,0.25,0.1,,0.3,,,,,,0.03,0.851087,0.364985,0.084319,0.0,0.517216,0.807975,1.0,1.0,0.0,0,,0,,,,,,,,,,,,,0,0,0,,0,0,0,0,,,,,,,0,,0.0,,0
grand_sim_v0_5,mixed_hia_identity,identity,low_stress,8,9578,ring_mesh,ring_mesh,160,0.06,0.1,0.04,0.32,1.2,0.2,0.08,0.06,0.12,0.0075,0.006735,0.3,0.25,0.1,,0.3,,,,,,0.03,0.847177,0.39553,0.088864,0.0,0.519398,0.805806,1.0,1.0,0.0,0,,0,,,,,,,,,,,,,0,0,0,,0,0,0,0,,,,,,,0,,0.0,,0
grand_sim_v0_5,mixed_hia_identity,identity,low_stress,9,9579,ring_mesh,ring_mesh,160,0.06,0.1,0.04,0.32,1.2,0.2,0.08,0.06,0.12,0.0075,0.006735,0.3,0.25,0.1,,0.3,,,,,,0.03,0.869665,0.463366,0.081141,0.0,0.517057,0.817398,1.0,1.0,0.0,0,,0,,,,,,,,,,,,,0,0,0,,0,0,0,0,,,,,,,0,,0.0,,0
grand_sim_v0_5,mixed_hia_identity,identity,mid_stress,0,9580,ring_mesh,ring_mesh,160,0.1,0.08,0.06,0.29,1.6,0.12,0.1,0.08,0.16,0.0095,0.00791,0.3,0.25,0.1,,0.3,,,,,,0.06,0.820701,0.478323,0.100693,0.0,0.485026,0.783524,0.971451,0.971451,0.0,0,,0,,,,,,,,,,,,,0,0,0,,0,0,0,0,,,,,,,0,,0.0,,0
grand_sim_v0_5,mixed_hia_identity,identity,mid_stress,1,9581,ring_mesh,ring_mesh,160,0.1,0.08,0.06,0.29,1.6,0.12,0.1,0.08,0.16,0.0095,0.00791,0.3,0.25,0.1,,0.3,,,,,,0.06,0.864698,0.54904,0.098086,0.0,0.49785,0.807907,1.0,1.0,0.0,0,,0,,,,,,,,,,,,,0,0,0,,0,0,0,0,,,,,,,0,,0.0,,0
grand_sim_v0_5,mixed_hia_identity,identity,mid_stress,2,9582,ring_mesh,ring_mesh,160,0.1,0.08,0.06,0.29,1.6,0.12,0.1,0.08,0.16,0.0095,0.00791,0.3,0.25,0.1,,0.3,,,,,,0.06,0.845165,0.454615,0.094046,0.0,0.486774,0.796782,1.0,1.0,0.0,0,,0,,,,,,,,,,,,,0,0,0,,0,0,0,0,,,,,,,0,,0.0,,0
grand_sim_v0_5,mixed_hia_identity,identity,mid_stress,3,9583,ring_mesh,ring_mesh,160,0.1,0.08,0.06,0.29,1.6,0.12,0.1,0.08,0.16,0.0095,0.00791,0.3,0.25,0.1,,0.3,,,,,,0.06,0.850733,0.544004,0.094452,0.0,0.491769,0.800484,1.0,1.0,0.0,0,,0,,,,,,,,,,,,,0,0,0,,0,0,0,0,,,,,,,0,,0.0,,0
grand_sim_v0_5,mixed_hia_identity,identity,mid_stress,4,9584,ring_mesh,ring_mesh,160,0.1,0.08,0.06,0.29,1.6,0.12,0.1,0.08,0.16,0.0095,0.00791,0.3,0.25,0.1,,0.3,,,,,,0.06,0.861283,0.606185,0.100232,0.0,0.488258,0.803793,1.0,1.0,0.0,0,,0,,,,,,,,,,,,,0,0,0,,0,0,0,0,,,,,,,0,,0.0,,0
grand_sim_v0_5,mixed_hia_identity,identity,mid_stress,5,9585,ring_mesh,ring_mesh,160,0.1,0.08,0.06,0.29,1.6,0.12,0.1,0.08,0.16,0.0095,0.00791,0.3,0.25,0.1,,0.3,,,,,,0.06,0.843419,0.535812,0.094298,0.0,0.486119,0.795757,1.0,1.0,0.0,0,,0,,,,,,,,,,,,,0,0,0,,0,0,0,0,,,,,,,0,,0.0,,0
grand_sim_v0_5,mixed_hia_identity,identity,mid_stress,6,9586,ring_mesh,ring_mesh,160,0.1,0.08,0.06,0.29,1.6,0.12,0.1,0.08,0.16,0.0095,0.00791,0.3,0.25,0.1,,0.3,,,,,,0.06,0.854915,0.574746,0.099533,0.0,0.487302,0.800645,1.0,1.0,0.0,0,,0,,,,,,,,,,,,,0,0,0,,0,0,0,0,,,,,,,0,,0.0,,0
grand_sim_v0_5,mixed_hia_identity,identity,mid_stress,7,9587,ring_mesh,ring_mesh,160,0.1,0.08,0.06,0.29,1.6,0.12,0.1,0.08,0.16,0.0095,0.00791,0.3,0.25,0.1,,0.3,,,,,,0.06,0.817553,0.444771,0.096775,0.0,0.483098,0.782255,0.949598,0.949598,0.0,0,,0,,,,,,,,,,,,,0,0,0,,0,0,0,0,,,,,,,0,,0.0,,0
grand_sim_v0_5,mixed_hia_identity,identity,mid_stress,8,9588,ring_mesh,ring_mesh,160,0.1,0.08,0.06,0.29,1.6,0.12,0.1,0.08,0.16,0.0095,0.00791,0.3,0.25,0.1,,0.3,,,,,,0.06,0.841913,0.431763,0.097351,0.0,0.492404,0.795898,1.0,1.0,0.0,0,,0,,,,,,,,,,,,,0,0,0,,0,0,0,0,,,,,,,0,,0.0,,0
grand_sim_v0_5,mixed_hia_identity,identity,mid_stress,9,9589,ring_mesh,ring_mesh,160,0.1,0.08,0.06,0.29,1.6,0.12,0.1,0.08,0.16,0.0095,0.00791,0.3,0.25,0.1,,0.3,,,,,,0.06,0.855132,0.564123,0.096393,0.0,0.497001,0.803417,1.0,1.0,0.0,0,,0,,,,,,,,,,,,,0,0,0,,0,0,0,0,,,,,,,0,,0.0,,0
grand_sim_v0_5,mixed_hia_identity,identity,high_stress,0,9590,ring_mesh,ring_mesh,160,0.14,0.05,0.09,0.26,2.0,0.06,0.13,0.1,0.2,0.012,0.00998,0.3,0.25,0.1,,0.3,,,,,,0.09,0.03,0.03,0.115351,1.0,0.0,0.16479,0.0,0.0,1.0,1,28,131,29,C04_S_THRESHOLD,26,28,,29,34,-3,-1,,0,5,0,0,0,,0,125,0,0,,,,,,,0,,0.0,,0
grand_sim_v0_5,mixed_hia_identity,identity,high_stress,1,9591,ring_mesh,ring_mesh,160,0.14,0.05,0.09,0.26,2.0,0.06,0.13,0.1,0.2,0.012,0.00998,0.3,0.25,0.1,,0.3,,,,,,0.09,0.03,0.03,0.114655,1.0,0.0,0.164909,0.0,0.0,1.0,1,26,132,28,C04_S_THRESHOLD,25,26,,28,33,-3,-2,,0,5,0,0,0,,0,126,0,0,,,,,,,0,,0.0,,0
grand_sim_v0_5,mixed_hia_identity,identity,high_stress,2,9592,ring_mesh,ring_mesh,160,0.14,0.05,0.09,0.26,2.0,0.06,0.13,0.1,0.2,0.012,0.00998,0.3,0.25,0.1,,0.3,,,,,,0.09,0.03,0.03,0.113521,1.0,0.0,0.165101,0.0,0.0,1.0,1,28,131,29,C04_S_THRESHOLD,26,28,,29,34,-3,-1,,0,5,0,0,0,,0,125,0,0,,,,,,,0,,0.0,,0
grand_sim_v0_5,mixed_hia_identity,identity,high_stress,3,9593,ring_mesh,ring_mesh,160,0.14,0.05,0.09,0.26,2.0,0.06,0.13,0.1,0.2,0.012,0.00998,0.3,0.25,0.1,,0.3,,,,,,0.09,0.03,0.03,0.118974,1.0,0.0,0.164174,0.0,0.0,1.0,1,27,132,28,C04_S_THRESHOLD,26,27,,29,33,-2,-1,,1,5,0,0,0,,0,128,0,0,,,,,,,0,,0.0,,0
grand_sim_v0_5,mixed_hia_identity,identity,high_stress,4,9594,ring_mesh,ring_mesh,160,0.14,0.05,0.09,0.26,2.0,0.06,0.13,0.1,0.2,0.012,0.00998,0.3,0.25,0.1,,0.3,,,,,,0.09,0.03,0.03,0.11259,1.0,0.0,0.16526,0.0,0.0,1.0,1,30,130,30,C04_S_THRESHOLD,28,30,,31,35,-2,0,,1,5,0,0,0,,0,125,0,0,,,,,,,0,,0.0,,0
grand_sim_v0_5,mixed_hia_identity,identity,high_stress,5,9595,ring_mesh,ring_mesh,160,0.14,0.05,0.09,0.26,2.0,0.06,0.13,0.1,0.2,0.012,0.00998,0.3,0.25,0.1,,0.3,,,,,,0.09,0.03,0.03,0.114949,1.0,0.0,0.164859,0.0,0.0,1.0,1,29,130,30,C04_S_THRESHOLD,28,29,,31,36,-2,-1,,1,6,0,0,0,,0,123,0,0,,,,,,,0,,0.0,,0
grand_sim_v0_5,mixed_hia_identity,identity,high_stress,6,9596,ring_mesh,ring_mesh,160,0.14,0.05,0.09,0.26,2.0,0.06,0.13,0.1,0.2,0.012,0.00998,0.3,0.25,0.1,,0.3,,,,,,0.09,0.03,0.03,0.116886,1.0,0.0,0.164529,0.0,0.0,1.0,1,29,131,29,C04_S_THRESHOLD,26,29,,30,34,-3,0,,1,5,0,0,0,,0,125,0,0,,,,,,,0,,0.0,,0
grand_sim_v0_5,mixed_hia_identity,identity,high_stress,7,9597,ring_mesh,ring_mesh,160,0.14,0.05,0.09,0.26,2.0,0.06,0.13,0.1,0.2,0.012,0.00998,0.3,0.25,0.1,,0.3,,,,,,0.09,0.03,0.03,0.114364,1.0,0.0,0.164958,0.0,0.0,1.0,1,28,132,28,C04_S_THRESHOLD,26,28,,30,34,-2,0,,2,6,0,0,0,,0,126,0,0,,,,,,,0,,0.0,,0
grand_sim_v0_5,mixed_hia_identity,identity,high_stress,8,9598,ring_mesh,ring_mesh,160,0.14,0.05,0.09,0.26,2.0,0.06,0.13,0.1,0.2,0.012,0.00998,0.3,0.25,0.1,,0.3,,,,,,0.09,0.03,0.03,0.112488,1.0,0.0,0.165277,0.0,0.0,1.0,1,29,130,30,C04_S_THRESHOLD,28,29,,31,35,-2,-1,,1,5,0,0,0,,0,124,0,0,,,,,,,0,,0.0,,0
grand_sim_v0_5,mixed_hia_identity,identity,high_stress,9,9599,ring_mesh,ring_mesh,160,0.14,0.05,0.09,0.26,2.0,0.06,0.13,0.1,0.2,0.012,0.00998,0.3,0.25,0.1,,0.3,,,,,,0.09,0.03,0.03,0.110656,1.0,0.0,0.165589,0.0,0.0,1.0,1,27,132,28,C04_S_THRESHOLD,26,27,,29,34,-2,-1,,1,6,0,0,0,,0,126,0,0,,,,,,,0,,0.0,,0
grand_sim_v0_5,governance_capture,governance,low_stress,0,9600,ring_mesh,ring_mesh,160,0.06,0.1,0.04,0.32,1.2,0.2,0.08,0.06,0.12,0.0075,0.006735,0.3,0.25,0.1,,0.3,,,,,,0.03,0.03,0.03,0.104082,0.071419,0.0,0.287421,0.006589,0.0,1.0,1,111,48,112,C04_S_THRESHOLD,109,111,,117,129,-3,-1,,5,17,0,0,0,,98,34,81,0,,,,,,,0,,0.0,,0
grand_sim_v0_5,governance_capture,governance,low_stress,1,9601,ring_mesh,ring_mesh,160,0.06,0.1,0.04,0.32,1.2,0.2,0.08,0.06,0.12,0.0075,0.006735,0.3,0.25,0.1,,0.3,,,,,,0.03,0.03,0.03,0.105236,0.069248,0.0,0.287508,0.003346,0.0,1.0,1,112,48,112,C04_S_THRESHOLD,109,112,,117,128,-3,0,,5,16,0,0,0,,98,35,81,0,,,,,,,0,,0.0,,0
grand_sim_v0_5,governance_capture,governance,low_stress,2,9602,ring_mesh,ring_mesh,160,0.06,0.1,0.04,0.32,1.2,0.2,0.08,0.06,0.12,0.0075,0.006735,0.3,0.25,0.1,,0.3,,,,,,0.03,0.03,0.03,0.097051,0.067021,0.0,0.289189,0.015661,0.0,1.0,1,110,49,111,C04_S_THRESHOLD,110,110,,115,129,-1,-1,,4,18,0,0,0,,98,29,81,0,,,,,,,0,,0.0,,0
grand_sim_v0_5,governance_capture,governance,low_stress,3,9603,ring_mesh,ring_mesh,160,0.06,0.1,0.04,0.32,1.2,0.2,0.08,0.06,0.12,0.0075,0.006735,0.3,0.25,0.1,,0.3,,,,,,0.03,0.03,0.03,0.102138,0.069446,0.0,0.288009,0.00451,0.0,1.0,1,111,49,111,C04_S_THRESHOLD,110,111,,115,128,-1,0,,4,17,0,0,0,,98,34,81,0,,,,,,,0,,0.0,,0
grand_sim_v0_5,governance_capture,governance,low_stress,4,9604,ring_mesh,ring_mesh,160,0.06,0.1,0.04,0.32,1.2,0.2,0.08,0.06,0.12,0.0075,0.006735,0.3,0.25,0.1,,0.3,,,,,,0.03,0.03,0.03,0.100312,0.06847,0.0,0.288446,0.016572,0.0,1.0,1,110,48,112,C04_S_THRESHOLD,110,110,,117,130,-2,-2,,5,18,0,0,0,,99,29,81,0,,,,,,,0,,0.0,,0
grand_sim_v0_5,governance_capture,governance,low_stress,5,9605,ring_mesh,ring_mesh,160,0.06,0.1,0.04,0.32,1.2,0.2,0.08,0.06,0.12,0.0075,0.006735,0.3,0.25,0.1,,0.3,,,,,,0.03,0.03,0.03,0.105235,0.069403,0.0,0.287488,0.012522,0.0,1.0,1,112,47,113,C04_S_THRESHOLD,110,112,,118,130,-3,-1,,5,17,0,0,0,,98,29,81,0,,,,,,,0,,0.0,,0
grand_sim_v0_5,governance_capture,governance,low_stress,6,9606,ring_mesh,ring_mesh,160,0.06,0.1,0.04,0.32,1.2,0.2,0.08,0.06,0.12,0.0075,0.006735,0.3,0.25,0.1,,0.3,,,,,,0.03,0.03,0.03,0.099525,0.069283,0.0,0.288474,0.011677,0.0,1.0,1,111,48,112,C04_S_THRESHOLD,109,111,,118,130,-3,-1,,6,18,0,0,0,,98,29,81,0,,,,,,,0,,0.0,,0
grand_sim_v0_5,governance_capture,governance,low_stress,7,9607,ring_mesh,ring_mesh,160,0.06,0.1,0.04,0.32,1.2,0.2,0.08,0.06,0.12,0.0075,0.006735,0.3,0.25,0.1,,0.3,,,,,,0.03,0.03,0.03,0.100174,0.069981,0.0,0.288273,0.023472,0.0,1.0,1,109,49,111,C04_S_THRESHOLD,109,109,,116,131,-2,-2,,5,20,0,0,0,,99,28,81,0,,,,,,,0,,0.0,,0
grand_sim_v0_5,governance_capture,governance,low_stress,8,9608,ring_mesh,ring_mesh,160,0.06,0.1,0.04,0.32,1.2,0.2,0.08,0.06,0.12,0.0075,0.006735,0.3,0.25,0.1,,0.3,,,,,,0.03,0.03,0.03,0.104601,0.072191,0.0,0.287233,0.020469,0.0,1.0,1,112,47,113,C04_S_THRESHOLD,110,112,,120,132,-3,-1,,7,19,0,0,0,,99,28,81,0,,,,,,,0,,0.0,,0
grand_sim_v0_5,governance_capture,governance,low_stress,9,9609,ring_mesh,ring_mesh,160,0.06,0.1,0.04,0.32,1.2,0.2,0.08,0.06,0.12,0.0075,0.006735,0.3,0.25,0.1,,0.3,,,,,,0.03,0.03,0.03,0.103205,0.068276,0.0,0.287979,0.019375,0.0,1.0,1,109,49,111,C04_S_THRESHOLD,109,109,,116,130,-2,-2,,5,19,0,0,0,,99,28,81,0,,,,,,,0,,0.0,,0
grand_sim_v0_5,governance_capture,governance,mid_stress,0,9610,ring_mesh,ring_mesh,160,0.1,0.08,0.06,0.29,1.6,0.12,0.1,0.08,0.16,0.0095,0.00791,0.3,0.25,0.1,,0.3,,,,,,0.06,0.03,0.03,0.12057,0.361977,0.0,0.246846,0.0,0.0,1.0,1,99,61,99,C04_S_THRESHOLD,98,99,,106,110,-1,0,,7,11,0,0,0,,94,43,78,0,,,,,,,0,,0.0,,0
grand_sim_v0_5,governance_capture,governance,mid_stress,1,9611,ring_mesh,ring_mesh,160,0.1,0.08,0.06,0.29,1.6,0.12,0.1,0.08,0.16,0.0095,0.00791,0.3,0.25,0.1,,0.3,,,,,,0.06,0.03,0.03,0.115282,0.364833,0.0,0.247374,0.0,0.0,1.0,1,98,63,97,C04_S_THRESHOLD,97,98,,102,106,0,1,,5,9,1,0,0,,94,49,78,0,,,,,,,0,,0.0,,0
grand_sim_v0_5,governance_capture,governance,mid_stress,2,9612,ring_mesh,ring_mesh,160,0.1,0.08,0.06,0.29,1.6,0.12,0.1,0.08,0.16,0.0095,0.00791,0.3,0.25,0.1,,0.3,,,,,,0.06,0.03,0.03,0.111987,0.356769,0.0,0.248982,0.0,0.0,1.0,1,98,63,97,C04_S_THRESHOLD,97,98,,102,107,0,1,,5,10,1,0,0,,94,46,78,0,,,,,,,0,,0.0,,0
grand_sim_v0_5,governance_capture,governance,mid_stress,3,9613,ring_mesh,ring_mesh,160,0.1,0.08,0.06,0.29,1.6,0.12,0.1,0.08,0.16,0.0095,0.00791,0.3,0.25,0.1,,0.3,,,,,,0.06,0.03,0.03,0.118253,0.363061,0.0,0.247099,0.0,0.0,1.0,1,106,61,99,C04_S_THRESHOLD,99,106,,107,111,0,7,,8,12,1,0,0,,94,44,78,0,,,,,,,0,,0.0,,0
grand_sim_v0_5,governance_capture,governance,mid_stress,4,9614,ring_mesh,ring_mesh,160,0.1,0.08,0.06,0.29,1.6,0.12,0.1,0.08,0.16,0.0095,0.00791,0.3,0.25,0.1,,0.3,,,,,,0.06,0.03,0.03,0.110239,0.351828,0.0,0.249922,0.0,0.0,1.0,1,101,60,100,C04_S_THRESHOLD,100,101,,107,111,0,1,,7,11,1,0,0,,94,43,78,0,,,,,,,0,,0.0,,0
grand_sim_v0_5,governance_capture,governance,mid_stress,5,9615,ring_mesh,ring_mesh,160,0.1,0.08,0.06,0.29,1.6,0.12,0.1,0.08,0.16,0.0095,0.00791,0.3,0.25,0.1,,0.3,,,,,,0.06,0.03,0.03,0.115792,0.355205,0.0,0.248539,0.0,0.0,1.0,1,99,62,98,C04_S_THRESHOLD,97,99,,103,107,-1,1,,5,9,0,0,0,,94,49,78,0,,,,,,,0,,0.0,,0
grand_sim_v0_5,governance_capture,governance,mid_stress,6,9616,ring_mesh,ring_mesh,160,0.1,0.08,0.06,0.29,1.6,0.12,0.1,0.08,0.16,0.0095,0.00791,0.3,0.25,0.1,,0.3,,,,,,0.06,0.03,0.03,0.1135,0.354078,0.0,0.249075,0.0,0.0,1.0,1,100,62,98,C04_S_THRESHOLD,98,100,,104,109,0,2,,6,11,1,0,0,,94,45,78,0,,,,,,,0,,0.0,,0
grand_sim_v0_5,governance_capture,governance,mid_stress,7,9617,ring_mesh,ring_mesh,160,0.1,0.08,0.06,0.29,1.6,0.12,0.1,0.08,0.16,0.0095,0.00791,0.3,0.25,0.1,,0.3,,,,,,0.06,0.03,0.03,0.114841,0.359789,0.0,0.248104,0.0,0.0,1.0,1,98,63,97,C04_S_THRESHOLD,97,98,,101,106,0,1,,4,9,1,0,0,,94,50,78,0,,,,,,,0,,0.0,,0
grand_sim_v0_5,governance_capture,governance,mid_stress,8,9618,ring_mesh,ring_mesh,160,0.1,0.08,0.06,0.29,1.6,0.12,0.1,0.08,0.16,0.0095,0.00791,0.3,0.25,0.1,,0.3,,,,,,0.06,0.03,0.03,0.11212,0.354615,0.0,0.24924,0.0,0.0,1.0,1,98,63,97,C04_S_THRESHOLD,97,98,,101,103,0,1,,4,6,1,0,0,,94,52,78,0,,,,,,,0,,0.0,,0
grand_sim_v0_5,governance_capture,governance,mid_stress,9,9619,ring_mesh,ring_mesh,160,0.1,0.08,0.06,0.29,1.6,0.12,0.1,0.08,0.16,0.0095,0.00791,0.3,0.25,0.1,,0.3,,,,,,0.06,0.03,0.03,0.109667,0.350901,0.0,0.25014,0.0,0.0,1.0,1,100,61,99,C04_S_THRESHOLD,100,100,,105,110,1,1,,6,11,1,0,0,,94,44,78,0,,,,,,,0,,0.0,,0
grand_sim_v0_5,governance_capture,governance,high_stress,0,9620,ring_mesh,ring_mesh,160,0.14,0.05,0.09,0.26,2.0,0.06,0.13,0.1,0.2,0.012,0.00998,0.3,0.25,0.1,,0.3,,,,,,0.09,0.03,0.03,0.130988,1.0,0.0,0.162132,0.0,0.0,1.0,1,28,131,29,C04_S_THRESHOLD,26,28,,29,35,-3,-1,,0,6,0,0,0,,57,125,20,0,,,,,,,0,,0.0,,0
grand_sim_v0_5,governance_capture,governance,high_stress,1,9621,ring_mesh,ring_mesh,160,0.14,0.05,0.09,0.26,2.0,0.06,0.13,0.1,0.2,0.012,0.00998,0.3,0.25,0.1,,0.3,,,,,,0.09,0.03,0.03,0.131576,1.0,0.0,0.162032,0.0,0.0,1.0,1,29,130,30,C04_S_THRESHOLD,27,29,,30,35,-3,-1,,0,5,0,0,0,,58,125,22,0,,,,,,,0,,0.0,,0
grand_sim_v0_5,governance_capture,governance,high_stress,2,9622,ring_mesh,ring_mesh,160,0.14,0.05,0.09,0.26,2.0,0.06,0.13,0.1,0.2,0.012,0.00998,0.3,0.25,0.1,,0.3,,,,,,0.09,0.03,0.03,0.129796,1.0,0.0,0.162335,0.0,0.0,1.0,1,28,131,29,C04_S_THRESHOLD,27,28,,30,34,-2,-1,,1,5,0,0,0,,57,126,21,0,,,,,,,0,,0.0,,0
grand_sim_v0_5,governance_capture,governance,high_stress,3,9623,ring_mesh,ring_mesh,160,0.14,0.05,0.09,0.26,2.0,0.06,0.13,0.1,0.2,0.012,0.00998,0.3,0.25,0.1,,0.3,,,,,,0.09,0.03,0.03,0.13656,1.0,0.0,0.161185,0.0,0.0,1.0,1,27,132,28,C04_S_THRESHOLD,26,27,,29,34,-2,-1,,1,6,0,0,0,,56,125,20,0,,,,,,,0,,0.0,,0
grand_sim_v0_5,governance_capture,governance,high_stress,4,9624,ring_mesh,ring_mesh,160,0.14,0.05,0.09,0.26,2.0,0.06,0.13,0.1,0.2,0.012,0.00998,0.3,0.25,0.1,,0.3,,,,,,0.09,0.03,0.03,0.134908,1.0,0.0,0.161466,0.0,0.0,1.0,1,30,130,30,C04_S_THRESHOLD,27,30,,31,36,-3,0,,1,6,0,0,0,,61,123,24,0,,,,,,,0,,0.0,,0
grand_sim_v0_5,governance_capture,governance,high_stress,5,9625,ring_mesh,ring_mesh,160,0.14,0.05,0.09,0.26,2.0,0.06,0.13,0.1,0.2,0.012,0.00998,0.3,0.25,0.1,,0.3,,,,,,0.09,0.03,0.03,0.132529,1.0,0.0,0.16187,0.0,0.0,1.0,1,28,130,30,C04_S_THRESHOLD,28,28,,30,36,-2,-2,,0,6,0,0,0,,59,124,22,0,,,,,,,0,,0.0,,0
grand_sim_v0_5,governance_capture,governance,high_stress,6,9626,ring_mesh,ring_mesh,160,0.14,0.05,0.09,0.26,2.0,0.06,0.13,0.1,0.2,0.012,0.00998,0.3,0.25,0.1,,0.3,,,,,,0.09,0.03,0.03,0.128271,1.0,0.0,0.162594,0.0,0.0,1.0,1,27,132,28,C04_S_THRESHOLD,26,27,,28,33,-2,-1,,0,5,0,0,0,,53,127,16,0,,,,,,,0,,0.0,,0
grand_sim_v0_5,governance_capture,governance,high_stress,7,9627,ring_mesh,ring_mesh,160,0.14,0.05,0.09,0.26,2.0,0.06,0.13,0.1,0.2,0.012,0.00998,0.3,0.25,0.1,,0.3,,,,,,0.09,0.03,0.03,0.126541,1.0,0.0,0.162888,0.0,0.0,1.0,1,28,131,29,C04_S_THRESHOLD,27,28,,30,35,-2,-1,,1,6,0,0,0,,58,124,22,0,,,,,,,0,,0.0,,0
grand_sim_v0_5,governance_capture,governance,high_stress,8,9628,ring_mesh,ring_mesh,160,0.14,0.05,0.09,0.26,2.0,0.06,0.13,0.1,0.2,0.012,0.00998,0.3,0.25,0.1,,0.3,,,,,,0.09,0.03,0.03,0.129745,1.0,0.0,0.162343,0.0,0.0,1.0,1,27,131,29,C04_S_THRESHOLD,27,27,,29,35,-2,-2,,0,6,0,0,0,,57,124,22,0,,,,,,,0,,0.0,,0
grand_sim_v0_5,governance_capture,governance,high_stress,9,9629,ring_mesh,ring_mesh,160,0.14,0.05,0.09,0.26,2.0,0.06,0.13,0.1,0.2,0.012,0.00998,0.3,0.25,0.1,,0.3,,,,,,0.09,0.03,0.03,0.133741,1.0,0.0,0.161664,0.0,0.0,1.0,1,27,132,28,C04_S_THRESHOLD,26,27,,28,33,-2,-1,,0,5,0,0,0,,52,127,16,0,,,,,,,0,,0.0,,0
grand_sim_v0_5,trigger_b_deadlock,recovery,low_stress,0,9630,ring_mesh,ring_mesh,160,0.06,0.1,0.04,0.32,1.2,0.2,0.08,0.06,0.12,0.0075,0.006735,0.3,0.25,0.1,,0.3,,,,,,0.03,0.03,0.03,0.144931,0.133425,0.0,0.272417,0.0,0.0,1.0,1,55,107,53,C04_S_THRESHOLD,55,55,,59,59,2,2,,6,6,1,0,83,55,20,98,6,0,,,,,,,82,59,0.016875,,0
grand_sim_v0_5,trigger_b_deadlock,recovery,low_stress,1,9631,ring_mesh,ring_mesh,160,0.06,0.1,0.04,0.32,1.2,0.2,0.08,0.06,0.12,0.0075,0.006735,0.3,0.25,0.1,,0.3,,,,,,0.03,0.03,0.03,0.149944,0.131442,0.0,0.271822,0.0,0.0,1.0,1,55,107,53,C04_S_THRESHOLD,54,55,,59,58,1,2,,6,5,1,0,83,55,20,98,6,0,,,,,,,82,59,0.015705,,0
grand_sim_v0_5,trigger_b_deadlock,recovery,low_stress,2,9632,ring_mesh,ring_mesh,160,0.06,0.1,0.04,0.32,1.2,0.2,0.08,0.06,0.12,0.0075,0.006735,0.3,0.25,0.1,,0.3,,,,,,0.03,0.03,0.03,0.144755,0.127913,0.0,0.273163,0.0,0.0,1.0,1,55,107,53,C04_S_THRESHOLD,54,55,,59,58,1,2,,6,5,1,0,83,55,20,95,6,0,,,,,,,82,59,0.018472,,0
grand_sim_v0_5,trigger_b_deadlock,recovery,low_stress,3,9633,ring_mesh,ring_mesh,160,0.06,0.1,0.04,0.32,1.2,0.2,0.08,0.06,0.12,0.0075,0.006735,0.3,0.25,0.1,,0.3,,,,,,0.03,0.03,0.03,0.144424,0.127185,0.0,0.273314,0.0,0.0,1.0,1,54,108,52,C04_S_THRESHOLD,54,54,,58,57,2,2,,6,5,1,0,84,54,20,98,6,0,,,,,,,83,58,0.015866,,0
grand_sim_v0_5,trigger_b_deadlock,recovery,low_stress,4,9634,ring_mesh,ring_mesh,160,0.06,0.1,0.04,0.32,1.2,0.2,0.08,0.06,0.12,0.0075,0.006735,0.3,0.25,0.1,,0.3,,,,,,0.03,0.03,0.03,0.138723,0.126928,0.0,0.274316,0.0,0.0,1.0,1,55,107,53,C04_S_THRESHOLD,54,55,,59,58,1,2,,6,5,1,0,83,55,20,96,6,0,,,,,,,82,59,0.016291,,0
grand_sim_v0_5,trigger_b_deadlock,recovery,low_stress,5,9635,ring_mesh,ring_mesh,160,0.06,0.1,0.04,0.32,1.2,0.2,0.08,0.06,0.12,0.0075,0.006735,0.3,0.25,0.1,,0.3,,,,,,0.03,0.03,0.03,0.139022,0.126108,0.0,0.274372,0.0,0.0,1.0,1,54,107,53,C04_S_THRESHOLD,54,54,,58,57,1,1,,5,4,1,0,84,54,20,96,6,0,,,,,,,83,58,0.017993,,0
grand_sim_v0_5,trigger_b_deadlock,recovery,low_stress,6,9636,ring_mesh,ring_mesh,160,0.06,0.1,0.04,0.32,1.2,0.2,0.08,0.06,0.12,0.0075,0.006735,0.3,0.25,0.1,,0.3,,,,,,0.03,0.03,0.03,0.146435,0.127772,0.0,0.272896,0.0,0.0,1.0,1,56,106,54,C04_S_THRESHOLD,55,56,,61,59,1,2,,7,5,1,0,82,56,20,95,6,0,,,,,,,81,60,0.017825,,0
grand_sim_v0_5,trigger_b_deadlock,recovery,low_stress,7,9637,ring_mesh,ring_mesh,160,0.06,0.1,0.04,0.32,1.2,0.2,0.08,0.06,0.12,0.0075,0.006735,0.3,0.25,0.1,,0.3,,,,,,0.03,0.03,0.03,0.143078,0.126187,0.0,0.273673,0.0,0.0,1.0,1,55,106,54,C04_S_THRESHOLD,55,55,,60,59,1,1,,6,5,1,0,84,55,20,96,6,0,,,,,,,83,59,0.017522,,0
grand_sim_v0_5,trigger_b_deadlock,recovery,low_stress,8,9638,ring_mesh,ring_mesh,160,0.06,0.1,0.04,0.32,1.2,0.2,0.08,0.06,0.12,0.0075,0.006735,0.3,0.25,0.1,,0.3,,,,,,0.03,0.03,0.03,0.136656,0.124147,0.0,0.275029,0.0,0.0,1.0,1,54,107,53,C04_S_THRESHOLD,54,54,,59,58,1,1,,6,5,1,0,83,55,20,98,6,0,,,,,,,82,59,0.016027,,0
grand_sim_v0_5,trigger_b_deadlock,recovery,low_stress,9,9639,ring_mesh,ring_mesh,160,0.06,0.1,0.04,0.32,1.2,0.2,0.08,0.06,0.12,0.0075,0.006735,0.3,0.25,0.1,,0.3,,,,,,0.03,0.03,0.03,0.152491,0.129835,0.0,0.271598,0.0,0.0,1.0,1,55,107,53,C04_S_THRESHOLD,54,55,,60,59,1,2,,7,6,1,0,83,55,20,94,6,0,,,,,,,82,59,0.016152,,0
grand_sim_v0_5,trigger_b_deadlock,recovery,mid_stress,0,9640,ring_mesh,ring_mesh,160,0.1,0.08,0.06,0.29,1.6,0.12,0.1,0.08,0.16,0.0095,0.00791,0.3,0.25,0.1,,0.3,,,,,,0.06,0.03,0.03,0.179059,0.852835,0.0,0.173092,0.0,0.0,1.0,1,42,119,41,C04_S_THRESHOLD,42,42,,44,44,1,1,,3,3,1,0,87,53,20,113,6,0,,,,,,,87,53,0.015934,,0
grand_sim_v0_5,trigger_b_deadlock,recovery,mid_stress,1,9641,ring_mesh,ring_mesh,160,0.1,0.08,0.06,0.29,1.6,0.12,0.1,0.08,0.16,0.0095,0.00791,0.3,0.25,0.1,,0.3,,,,,,0.06,0.03,0.03,0.17642,0.858621,0.0,0.172788,0.0,0.0,1.0,1,42,119,41,C04_S_THRESHOLD,42,42,,44,44,1,1,,3,3,1,0,87,53,20,113,6,0,,,,,,,87,53,0.015857,,0
grand_sim_v0_5,trigger_b_deadlock,recovery,mid_stress,2,9642,ring_mesh,ring_mesh,160,0.1,0.08,0.06,0.29,1.6,0.12,0.1,0.08,0.16,0.0095,0.00791,0.3,0.25,0.1,,0.3,,,,,,0.06,0.03,0.03,0.169095,0.84835,0.0,0.175368,0.0,0.0,1.0,1,42,119,41,C04_S_THRESHOLD,42,42,,44,44,1,1,,3,3,1,0,87,53,20,113,6,0,,,,,,,87,53,0.015919,,0
grand_sim_v0_5,trigger_b_deadlock,recovery,mid_stress,3,9643,ring_mesh,ring_mesh,160,0.1,0.08,0.06,0.29,1.6,0.12,0.1,0.08,0.16,0.0095,0.00791,0.3,0.25,0.1,,0.3,,,,,,0.06,0.03,0.03,0.166185,0.850474,0.0,0.175587,0.0,0.0,1.0,1,42,118,42,C04_S_THRESHOLD,42,42,,45,45,0,0,,3,3,1,0,87,53,20,112,6,0,,,,,,,87,54,0.015851,,0
grand_sim_v0_5,trigger_b_deadlock,recovery,mid_stress,4,9644,ring_mesh,ring_mesh,160,0.1,0.08,0.06,0.29,1.6,0.12,0.1,0.08,0.16,0.0095,0.00791,0.3,0.25,0.1,,0.3,,,,,,0.06,0.03,0.03,0.174044,0.853598,0.0,0.173845,0.0,0.0,1.0,1,42,118,42,C04_S_THRESHOLD,42,42,,45,45,0,0,,3,3,1,0,87,53,20,113,6,0,,,,,,,87,53,0.015897,,0
grand_sim_v0_5,trigger_b_deadlock,recovery,mid_stress,5,9645,ring_mesh,ring_mesh,160,0.1,0.08,0.06,0.29,1.6,0.12,0.1,0.08,0.16,0.0095,0.00791,0.3,0.25,0.1,,0.3,,,,,,0.06,0.03,0.03,0.181804,0.867652,0.0,0.170699,0.0,0.0,1.0,1,42,118,42,C04_S_THRESHOLD,42,42,,44,45,0,0,,2,3,1,0,87,53,20,112,6,0,,,,,,,87,53,0.015869,,0
grand_sim_v0_5,trigger_b_deadlock,recovery,mid_stress,6,9646,ring_mesh,ring_mesh,160,0.1,0.08,0.06,0.29,1.6,0.12,0.1,0.08,0.16,0.0095,0.00791,0.3,0.25,0.1,,0.3,,,,,,0.06,0.03,0.03,0.172246,0.858953,0.0,0.173454,0.0,0.0,1.0,1,42,118,42,C04_S_THRESHOLD,42,42,,44,44,0,0,,2,2,1,0,87,53,20,113,6,0,,,,,,,87,53,0.01593,,0
grand_sim_v0_5,trigger_b_deadlock,recovery,mid_stress,7,9647,ring_mesh,ring_mesh,160,0.1,0.08,0.06,0.29,1.6,0.12,0.1,0.08,0.16,0.0095,0.00791,0.3,0.25,0.1,,0.3,,,,,,0.06,0.03,0.03,0.177092,0.86265,0.0,0.17215,0.0,0.0,1.0,1,42,118,42,C04_S_THRESHOLD,42,42,,45,45,0,0,,3,3,1,0,87,53,20,112,6,0,,,,,,,87,53,0.015851,,0
grand_sim_v0_5,trigger_b_deadlock,recovery,mid_stress,8,9648,ring_mesh,ring_mesh,160,0.1,0.08,0.06,0.29,1.6,0.12,0.1,0.08,0.16,0.0095,0.00791,0.3,0.25,0.1,,0.3,,,,,,0.06,0.03,0.03,0.171958,0.852673,0.0,0.17432,0.0,0.0,1.0,1,42,118,42,C04_S_THRESHOLD,42,42,,45,45,0,0,,3,3,1,0,87,53,20,112,6,0,,,,,,,87,53,0.015897,,0
grand_sim_v0_5,trigger_b_deadlock,recovery,mid_stress,9,9649,ring_mesh,ring_mesh,160,0.1,0.08,0.06,0.29,1.6,0.12,0.1,0.08,0.16,0.0095,0.00791,0.3,0.25,0.1,,0.3,,,,,,0.06,0.03,0.03,0.17451,0.850093,0.0,0.174221,0.0,0.0,1.0,1,42,118,42,C04_S_THRESHOLD,42,42,,44,44,0,0,,2,2,1,0,87,53,20,112,6,0,,,,,,,87,54,0.015853,,0
grand_sim_v0_5,trigger_b_deadlock,recovery,high_stress,0,9650,ring_mesh,ring_mesh,160,0.14,0.05,0.09,0.26,2.0,0.06,0.13,0.1,0.2,0.012,0.00998,0.3,0.25,0.1,,0.3,,,,,,0.09,0.03,0.03,0.235625,1.0,0.0,0.144344,0.0,0.0,1.0,1,23,137,23,C04_S_THRESHOLD,22,23,,24,26,-1,0,,1,3,0,0,110,32,0,133,0,0,,,,,,,110,32,0.015851,,0
grand_sim_v0_5,trigger_b_deadlock,recovery,high_stress,1,9651,ring_mesh,ring_mesh,160,0.14,0.05,0.09,0.26,2.0,0.06,0.13,0.1,0.2,0.012,0.00998,0.3,0.25,0.1,,0.3,,,,,,0.09,0.03,0.03,0.22664,1.0,0.0,0.145871,0.0,0.0,1.0,1,22,138,22,C04_S_THRESHOLD,21,22,,23,26,-1,0,,1,4,0,0,110,32,0,132,0,0,,,,,,,110,32,0.015814,,0
grand_sim_v0_5,trigger_b_deadlock,recovery,high_stress,2,9652,ring_mesh,ring_mesh,160,0.14,0.05,0.09,0.26,2.0,0.06,0.13,0.1,0.2,0.012,0.00998,0.3,0.25,0.1,,0.3,,,,,,0.09,0.03,0.03,0.226636,1.0,0.0,0.145872,0.0,0.0,1.0,1,22,137,23,C04_S_THRESHOLD,21,22,,23,26,-2,-1,,0,3,0,0,110,32,0,133,0,0,,,,,,,110,32,0.015826,,0
grand_sim_v0_5,trigger_b_deadlock,recovery,high_stress,3,9653,ring_mesh,ring_mesh,160,0.14,0.05,0.09,0.26,2.0,0.06,0.13,0.1,0.2,0.012,0.00998,0.3,0.25,0.1,,0.3,,,,,,0.09,0.03,0.03,0.220856,1.0,0.0,0.146855,0.0,0.0,1.0,1,21,138,22,C04_S_THRESHOLD,21,21,,23,26,-1,-1,,1,4,0,0,110,32,0,134,0,0,,,,,,,110,32,0.015797,,0
grand_sim_v0_5,trigger_b_deadlock,recovery,high_stress,4,9654,ring_mesh,ring_mesh,160,0.14,0.05,0.09,0.26,2.0,0.06,0.13,0.1,0.2,0.012,0.00998,0.3,0.25,0.1,,0.3,,,,,,0.09,0.03,0.03,0.21823,1.0,0.0,0.147301,0.0,0.0,1.0,1,23,137,23,C04_S_THRESHOLD,21,23,,24,27,-2,0,,1,4,0,0,110,32,0,132,0,0,,,,,,,110,32,0.015878,,0
grand_sim_v0_5,trigger_b_deadlock,recovery,high_stress,5,9655,ring_mesh,ring_mesh,160,0.14,0.05,0.09,0.26,2.0,0.06,0.13,0.1,0.2,0.012,0.00998,0.3,0.25,0.1,,0.3,,,,,,0.09,0.03,0.03,0.215671,1.0,0.0,0.147736,0.0,0.0,1.0,1,25,135,25,C04_S_THRESHOLD,24,25,,26,28,-1,0,,1,3,0,0,110,32,0,131,0,0,,,,,,,110,32,0.015951,,0
grand_sim_v0_5,trigger_b_deadlock,recovery,high_stress,6,9656,ring_mesh,ring_mesh,160,0.14,0.05,0.09,0.26,2.0,0.06,0.13,0.1,0.2,0.012,0.00998,0.3,0.25,0.1,,0.3,,,,,,0.09,0.03,0.03,0.220735,1.0,0.0,0.146875,0.0,0.0,1.0,1,21,138,22,C04_S_THRESHOLD,20,21,,22,26,-2,-1,,0,4,0,0,110,32,0,134,0,0,,,,,,,110,32,0.015797,,0
grand_sim_v0_5,trigger_b_deadlock,recovery,high_stress,7,9657,ring_mesh,ring_mesh,160,0.14,0.05,0.09,0.26,2.0,0.06,0.13,0.1,0.2,0.012,0.00998,0.3,0.25,0.1,,0.3,,,,,,0.09,0.03,0.03,0.223006,1.0,0.0,0.146489,0.0,0.0,1.0,1,21,138,22,C04_S_THRESHOLD,20,21,,23,26,-2,-1,,1,4,0,0,110,32,0,133,0,0,,,,,,,110,32,0.015842,,0
grand_sim_v0_5,trigger_b_deadlock,recovery,high_stress,8,9658,ring_mesh,ring_mesh,160,0.14,0.05,0.09,0.26,2.0,0.06,0.13,0.1,0.2,0.012,0.00998,0.3,0.25,0.1,,0.3,,,,,,0.09,0.03,0.03,0.225095,1.0,0.0,0.146134,0.0,0.0,1.0,1,22,138,22,C04_S_THRESHOLD,21,22,,23,26,-1,0,,1,4,0,0,110,32,0,133,0,0,,,,,,,110,32,0.015813,,0
grand_sim_v0_5,trigger_b_deadlock,recovery,high_stress,9,9659,ring_mesh,ring_mesh,160,0.14,0.05,0.09,0.26,2.0,0.06,0.13,0.1,0.2,0.012,0.00998,0.3,0.25,0.1,,0.3,,,,,,0.09,0.03,0.03,0.22013,1.0,0.0,0.146978,0.0,0.0,1.0,1,22,137,23,C04_S_THRESHOLD,21,22,,23,26,-2,-1,,0,3,0,0,110,32,0,133,0,0,,,,,,,110,32,0.01582,,0
grand_sim_v0_5,psi_corruption,meta_governance,low_stress,0,9660,federation,federation,160,0.06,0.1,0.04,0.32,1.2,0.2,0.08,0.06,0.12,0.0075,0.006735,0.3,0.25,0.1,stability_heavy_no_regime,0.3,0.2,0.2,0.15,0.35,0.0,0.11,0.676667,0.03,0.104799,0.0,0.802756,0.38185,0.805533,0.805533,0.333333,0,,30,83,C07_PSI_EXTENDED,86,,73,,74,3,,-10,,-9,1,0,0,,160,0,0,0,,,,,,,0,125,0.002428,,0
grand_sim_v0_5,psi_corruption,meta_governance,low_stress,1,9661,federation,federation,160,0.06,0.1,0.04,0.32,1.2,0.2,0.08,0.06,0.12,0.0075,0.006735,0.3,0.25,0.1,stability_heavy_no_regime,0.3,0.2,0.2,0.15,0.35,0.0,0.11,0.676667,0.03,0.104381,0.0,0.800131,0.37849,0.802679,0.802679,0.333333,0,,32,80,C07_PSI_EXTENDED,85,,71,,72,5,,-9,,-8,1,0,0,,160,0,0,0,,,,,,,0,108,0.002377,,0
grand_sim_v0_5,psi_corruption,meta_governance,low_stress,2,9662,federation,federation,160,0.06,0.1,0.04,0.32,1.2,0.2,0.08,0.06,0.12,0.0075,0.006735,0.3,0.25,0.1,stability_heavy_no_regime,0.3,0.2,0.2,0.15,0.35,0.0,0.11,0.676667,0.03,0.102453,0.0,0.802902,0.385678,0.805533,0.805533,0.333333,0,,36,77,C07_PSI_EXTENDED,80,,70,,72,3,,-7,,-5,1,0,0,,160,0,0,0,,,,,,,0,101,0.002433,,0
grand_sim_v0_5,psi_corruption,meta_governance,low_stress,3,9663,federation,federation,160,0.06,0.1,0.04,0.32,1.2,0.2,0.08,0.06,0.12,0.0075,0.006735,0.3,0.25,0.1,stability_heavy_no_regime,0.3,0.2,0.2,0.15,0.35,0.0,0.11,0.676667,0.03,0.107471,0.0,0.803314,0.380102,0.805533,0.805533,0.333333,0,,31,82,C07_PSI_EXTENDED,86,,73,,73,4,,-9,,-9,1,0,0,,160,0,0,0,,,,,,,0,118,0.002418,,0
grand_sim_v0_5,psi_corruption,meta_governance,low_stress,4,9664,federation,federation,160,0.06,0.1,0.04,0.32,1.2,0.2,0.08,0.06,0.12,0.0075,0.006735,0.3,0.25,0.1,stability_heavy_no_regime,0.3,0.2,0.2,0.15,0.35,0.0,0.11,0.676667,0.03,0.104364,0.0,0.800682,0.382071,0.805533,0.805533,0.333333,0,,31,82,C07_PSI_EXTENDED,87,,72,,72,5,,-10,,-10,1,0,0,,160,0,0,0,,,,,,,0,114,0.002373,,0
grand_sim_v0_5,psi_corruption,meta_governance,low_stress,5,9665,federation,federation,160,0.06,0.1,0.04,0.32,1.2,0.2,0.08,0.06,0.12,0.0075,0.006735,0.3,0.25,0.1,stability_heavy_no_regime,0.3,0.2,0.2,0.15,0.35,0.0,0.11,0.676667,0.03,0.104619,1.4e-05,0.801784,0.382956,0.805533,0.805533,0.333333,0,,30,83,C07_PSI_EXTENDED,88,,72,,74,5,,-11,,-9,1,0,0,,160,0,0,0,,,,,,,0,123,0.002417,,0
grand_sim_v0_5,psi_corruption,meta_governance,low_stress,6,9666,federation,federation,160,0.06,0.1,0.04,0.32,1.2,0.2,0.08,0.06,0.12,0.0075,0.006735,0.3,0.25,0.1,stability_heavy_no_regime,0.3,0.2,0.2,0.15,0.35,0.0,0.11,0.676667,0.03,0.113847,0.0,0.799911,0.379256,0.805533,0.805533,0.333333,0,,31,82,C07_PSI_EXTENDED,87,,72,,73,5,,-10,,-9,1,0,0,,160,0,0,0,,,,,,,0,114,0.00238,,0
grand_sim_v0_5,psi_corruption,meta_governance,low_stress,7,9667,federation,federation,160,0.06,0.1,0.04,0.32,1.2,0.2,0.08,0.06,0.12,0.0075,0.006735,0.3,0.25,0.1,stability_heavy_no_regime,0.3,0.2,0.2,0.15,0.35,0.0,0.11,0.676667,0.03,0.105722,0.0,0.801091,0.380763,0.805533,0.805533,0.333333,0,,33,80,C07_PSI_EXTENDED,82,,71,,72,2,,-9,,-8,1,0,0,,160,0,0,0,,,,,,,0,110,0.002418,,0
grand_sim_v0_5,psi_corruption,meta_governance,low_stress,8,9668,federation,federation,160,0.06,0.1,0.04,0.32,1.2,0.2,0.08,0.06,0.12,0.0075,0.006735,0.3,0.25,0.1,stability_heavy_no_regime,0.3,0.2,0.2,0.15,0.35,0.0,0.11,0.676667,0.03,0.112642,0.0,0.799258,0.378513,0.805533,0.805533,0.333333,0,,32,81,C07_PSI_EXTENDED,82,,72,,73,1,,-9,,-8,1,0,0,,160,0,0,0,,,,,,,0,114,0.002406,,0
grand_sim_v0_5,psi_corruption,meta_governance,low_stress,9,9669,federation,federation,160,0.06,0.1,0.04,0.32,1.2,0.2,0.08,0.06,0.12,0.0075,0.006735,0.3,0.25,0.1,stability_heavy_no_regime,0.3,0.2,0.2,0.15,0.35,0.0,0.11,0.676667,0.03,0.100497,0.0,0.802287,0.384655,0.802679,0.802679,0.333333,0,,32,80,C07_PSI_EXTENDED,86,,72,,73,6,,-8,,-7,1,0,0,,160,0,0,0,,,,,,,0,110,0.002422,,0
grand_sim_v0_5,psi_corruption,meta_governance,mid_stress,0,9670,federation,federation,160,0.1,0.08,0.06,0.29,1.6,0.12,0.1,0.08,0.16,0.0095,0.00791,0.3,0.25,0.1,stability_heavy_no_regime,0.3,0.2,0.2,0.15,0.35,0.0,0.14,0.676667,0.03,0.118739,0.050976,0.764502,0.339028,0.541462,0.541462,0.333333,0,,61,57,C07_PSI_EXTENDED,61,,52,,52,4,,-5,,-5,1,0,0,,160,0,0,0,,,,,,,0,76,0.014006,,0
grand_sim_v0_5,psi_corruption,meta_governance,mid_stress,1,9671,federation,federation,160,0.1,0.08,0.06,0.29,1.6,0.12,0.1,0.08,0.16,0.0095,0.00791,0.3,0.25,0.1,stability_heavy_no_regime,0.3,0.2,0.2,0.15,0.35,0.0,0.14,0.676667,0.03,0.117488,0.050424,0.764782,0.339784,0.541462,0.541462,0.333333,0,,61,57,C07_PSI_EXTENDED,57,,52,,52,0,,-5,,-5,1,0,0,,160,0,0,0,,,,,,,0,76,0.001987,,0
grand_sim_v0_5,psi_corruption,meta_governance,mid_stress,2,9672,federation,federation,160,0.1,0.08,0.06,0.29,1.6,0.12,0.1,0.08,0.16,0.0095,0.00791,0.3,0.25,0.1,stability_heavy_no_regime,0.3,0.2,0.2,0.15,0.35,0.0,0.14,0.676667,0.03,0.121134,0.045391,0.764974,0.341572,0.541462,0.541462,0.333333,0,,59,59,C07_PSI_EXTENDED,60,,52,,53,1,,-7,,-6,1,0,0,,160,0,0,0,,,,,,,0,84,0.002213,,0
grand_sim_v0_5,psi_corruption,meta_governance,mid_stress,3,9673,federation,federation,160,0.1,0.08,0.06,0.29,1.6,0.12,0.1,0.08,0.16,0.0095,0.00791,0.3,0.25,0.1,stability_heavy_no_regime,0.3,0.2,0.2,0.15,0.35,0.0,0.14,0.676667,0.03,0.113091,0.044141,0.765552,0.341984,0.541462,0.541462,0.333333,0,,59,59,C07_PSI_EXTENDED,59,,52,,53,0,,-7,,-6,1,0,0,,160,0,0,0,,,,,,,0,82,0.001935,,0
grand_sim_v0_5,psi_corruption,meta_governance,mid_stress,4,9674,federation,federation,160,0.1,0.08,0.06,0.29,1.6,0.12,0.1,0.08,0.16,0.0095,0.00791,0.3,0.25,0.1,stability_heavy_no_regime,0.3,0.2,0.2,0.15,0.35,0.0,0.14,0.676667,0.03,0.124918,0.052376,0.765247,0.337102,0.541462,0.541462,0.333333,0,,61,57,C07_PSI_EXTENDED,61,,52,,52,4,,-5,,-5,1,0,0,,160,0,0,0,,,,,,,0,75,0.002003,,0
grand_sim_v0_5,psi_corruption,meta_governance,mid_stress,5,9675,federation,federation,160,0.1,0.08,0.06,0.29,1.6,0.12,0.1,0.08,0.16,0.0095,0.00791,0.3,0.25,0.1,stability_heavy_no_regime,0.3,0.2,0.2,0.15,0.35,0.0,0.14,0.676667,0.03,0.127775,0.0588,0.76456,0.332677,0.541462,0.541462,0.333333,0,,62,56,C07_PSI_EXTENDED,58,,51,,52,2,,-5,,-4,1,0,0,,160,0,0,0,,,,,,,0,70,0.002782,,0
grand_sim_v0_5,psi_corruption,meta_governance,mid_stress,6,9676,federation,federation,160,0.1,0.08,0.06,0.29,1.6,0.12,0.1,0.08,0.16,0.0095,0.00791,0.3,0.25,0.1,stability_heavy_no_regime,0.3,0.2,0.2,0.15,0.35,0.0,0.14,0.676667,0.03,0.120656,0.044363,0.765205,0.338604,0.541462,0.541462,0.333333,0,,61,57,C07_PSI_EXTENDED,60,,51,,52,3,,-6,,-5,1,0,0,,160,0,0,0,,,,,,,0,75,0.002092,,0
grand_sim_v0_5,psi_corruption,meta_governance,mid_stress,7,9677,federation,federation,160,0.1,0.08,0.06,0.29,1.6,0.12,0.1,0.08,0.16,0.0095,0.00791,0.3,0.25,0.1,stability_heavy_no_regime,0.3,0.2,0.2,0.15,0.35,0.0,0.14,0.676667,0.03,0.116765,0.05041,0.764891,0.337492,0.541462,0.541462,0.333333,0,,61,57,C07_PSI_EXTENDED,60,,52,,52,3,,-5,,-5,1,0,0,,160,0,0,0,,,,,,,0,76,0.002437,,0
grand_sim_v0_5,psi_corruption,meta_governance,mid_stress,8,9678,federation,federation,160,0.1,0.08,0.06,0.29,1.6,0.12,0.1,0.08,0.16,0.0095,0.00791,0.3,0.25,0.1,stability_heavy_no_regime,0.3,0.2,0.2,0.15,0.35,0.0,0.14,0.676667,0.03,0.112264,0.047255,0.764954,0.340571,0.541462,0.541462,0.333333,0,,61,57,C07_PSI_EXTENDED,60,,51,,52,3,,-6,,-5,1,0,0,,160,0,0,0,,,,,,,0,73,0.011846,,0
grand_sim_v0_5,psi_corruption,meta_governance,mid_stress,9,9679,federation,federation,160,0.1,0.08,0.06,0.29,1.6,0.12,0.1,0.08,0.16,0.0095,0.00791,0.3,0.25,0.1,stability_heavy_no_regime,0.3,0.2,0.2,0.15,0.35,0.0,0.14,0.676667,0.03,0.11631,0.051708,0.765374,0.332701,0.541462,0.541462,0.333333,0,,61,57,C07_PSI_EXTENDED,61,,51,,52,4,,-6,,-5,1,0,0,,160,0,0,0,,,,,,,0,74,0.002293,,0
grand_sim_v0_5,psi_corruption,meta_governance,high_stress,0,9680,federation,federation,160,0.14,0.05,0.09,0.26,2.0,0.06,0.13,0.1,0.2,0.012,0.00998,0.3,0.25,0.1,stability_heavy_no_regime,0.3,0.2,0.2,0.15,0.35,0.0,0.17,0.03,0.03,0.142693,1.0,0.0,0.15524,0.0,0.0,1.0,1,26,137,23,C07_PSI_EXTENDED,25,26,24,28,27,2,3,1,5,4,1,0,0,,160,127,0,0,,,,,,,0,,0.0,,0
grand_sim_v0_5,psi_corruption,meta_governance,high_stress,1,9681,federation,federation,160,0.14,0.05,0.09,0.26,2.0,0.06,0.13,0.1,0.2,0.012,0.00998,0.3,0.25,0.1,stability_heavy_no_regime,0.3,0.2,0.2,0.15,0.35,0.0,0.17,0.03,0.03,0.138599,1.0,0.0,0.157696,0.0,0.0,1.0,1,28,137,23,C07_PSI_EXTENDED,25,28,24,28,27,2,5,1,5,4,1,0,0,,160,127,0,0,,,,,,,0,,0.0,,0
grand_sim_v0_5,psi_corruption,meta_governance,high_stress,2,9682,federation,federation,160,0.14,0.05,0.09,0.26,2.0,0.06,0.13,0.1,0.2,0.012,0.00998,0.3,0.25,0.1,stability_heavy_no_regime,0.3,0.2,0.2,0.15,0.35,0.0,0.17,0.03,0.03,0.139154,1.0,0.0,0.157192,0.0,0.0,1.0,1,25,138,22,C07_PSI_EXTENDED,24,25,23,27,26,2,3,1,5,4,1,0,0,,160,128,0,0,,,,,,,0,,0.0,,0
grand_sim_v0_5,psi_corruption,meta_governance,high_stress,3,9683,federation,federation,160,0.14,0.05,0.09,0.26,2.0,0.06,0.13,0.1,0.2,0.012,0.00998,0.3,0.25,0.1,stability_heavy_no_regime,0.3,0.2,0.2,0.15,0.35,0.0,0.17,0.03,0.03,0.132746,1.0,0.0,0.155539,0.0,0.0,1.0,1,25,138,22,C07_PSI_EXTENDED,24,25,23,26,25,2,3,1,4,3,1,0,0,,160,129,0,0,,,,,,,0,,0.0,,0
grand_sim_v0_5,psi_corruption,meta_governance,high_stress,4,9684,federation,federation,160,0.14,0.05,0.09,0.26,2.0,0.06,0.13,0.1,0.2,0.012,0.00998,0.3,0.25,0.1,stability_heavy_no_regime,0.3,0.2,0.2,0.15,0.35,0.0,0.17,0.03,0.03,0.142531,1.0,0.0,0.157311,0.0,0.0,1.0,1,29,135,25,C07_PSI_EXTENDED,28,29,26,30,28,3,4,1,5,3,1,0,0,,160,125,0,0,,,,,,,0,,0.0,,0
grand_sim_v0_5,psi_corruption,meta_governance,high_stress,5,9685,federation,federation,160,0.14,0.05,0.09,0.26,2.0,0.06,0.13,0.1,0.2,0.012,0.00998,0.3,0.25,0.1,stability_heavy_no_regime,0.3,0.2,0.2,0.15,0.35,0.0,0.17,0.03,0.03,0.142143,1.0,0.0,0.156545,0.0,0.0,1.0,1,24,138,22,C07_PSI_EXTENDED,23,24,22,26,25,1,2,0,4,3,1,0,0,,160,129,0,0,,,,,,,0,,0.0,,0
grand_sim_v0_5,psi_corruption,meta_governance,high_stress,6,9686,federation,federation,160,0.14,0.05,0.09,0.26,2.0,0.06,0.13,0.1,0.2,0.012,0.00998,0.3,0.25,0.1,stability_heavy_no_regime,0.3,0.2,0.2,0.15,0.35,0.0,0.17,0.03,0.03,0.140368,1.0,0.0,0.155777,0.0,0.0,1.0,1,26,137,23,C07_PSI_EXTENDED,25,26,24,27,27,2,3,1,4,4,1,0,0,,160,127,0,0,,,,,,,0,,0.0,,0
grand_sim_v0_5,psi_corruption,meta_governance,high_stress,7,9687,federation,federation,160,0.14,0.05,0.09,0.26,2.0,0.06,0.13,0.1,0.2,0.012,0.00998,0.3,0.25,0.1,stability_heavy_no_regime,0.3,0.2,0.2,0.15,0.35,0.0,0.17,0.03,0.03,0.133114,1.0,0.0,0.159081,0.0,0.0,1.0,1,25,138,22,C07_PSI_EXTENDED,24,25,22,27,25,2,3,0,5,3,1,0,0,,160,129,0,0,,,,,,,0,,0.0,,0
grand_sim_v0_5,psi_corruption,meta_governance,high_stress,8,9688,federation,federation,160,0.14,0.05,0.09,0.26,2.0,0.06,0.13,0.1,0.2,0.012,0.00998,0.3,0.25,0.1,stability_heavy_no_regime,0.3,0.2,0.2,0.15,0.35,0.0,0.17,0.03,0.03,0.142353,1.0,0.0,0.156264,0.0,0.0,1.0,1,28,136,24,C07_PSI_EXTENDED,27,28,24,29,27,3,4,0,5,3,1,0,0,,160,126,0,0,,,,,,,0,,0.0,,0
grand_sim_v0_5,psi_corruption,meta_governance,high_stress,9,9689,federation,federation,160,0.14,0.05,0.09,0.26,2.0,0.06,0.13,0.1,0.2,0.012,0.00998,0.3,0.25,0.1,stability_heavy_no_regime,0.3,0.2,0.2,0.15,0.35,0.0,0.17,0.03,0.03,0.140842,1.0,0.0,0.156813,0.0,0.0,1.0,1,27,137,23,C07_PSI_EXTENDED,24,27,23,28,26,1,4,0,5,3,1,0,0,,160,127,0,0,,,,,,,0,,0.0,,0
grand_sim_v0_5,async_message_loss,coordination,low_stress,0,9690,federation,federation,160,0.06,0.1,0.04,0.32,1.2,0.2,0.08,0.06,0.12,0.0075,0.006735,0.3,0.25,0.1,stability_heavy_no_regime,0.3,0.2,0.2,0.15,0.35,0.0,0.25,0.905984,0.03205,0.117774,4.8e-05,0.939299,0.971684,1.0,1.0,0.1,0,,0,,,,,,,,,,,,,0,0,0,,0,0,0,0,,,,,,,0,,0.0,,0
grand_sim_v0_5,async_message_loss,coordination,low_stress,1,9691,federation,federation,160,0.06,0.1,0.04,0.32,1.2,0.2,0.08,0.06,0.12,0.0075,0.006735,0.3,0.25,0.1,stability_heavy_no_regime,0.3,0.2,0.2,0.15,0.35,0.0,0.25,0.904994,0.03,0.115921,9.9e-05,0.938684,0.974771,1.0,1.0,0.1,0,,0,,,,,,,,,,,,,0,0,0,,0,0,0,0,,,,,,,0,,0.0,,0
grand_sim_v0_5,async_message_loss,coordination,low_stress,2,9692,federation,federation,160,0.06,0.1,0.04,0.32,1.2,0.2,0.08,0.06,0.12,0.0075,0.006735,0.3,0.25,0.1,stability_heavy_no_regime,0.3,0.2,0.2,0.15,0.35,0.0,0.25,0.904789,0.031296,0.117233,5.4e-05,0.938057,0.971091,1.0,1.0,0.1,0,,0,,,,,,,,,,,,,0,0,0,,0,0,0,0,,,,,,,0,,0.0,,0
grand_sim_v0_5,async_message_loss,coordination,low_stress,3,9693,federation,federation,160,0.06,0.1,0.04,0.32,1.2,0.2,0.08,0.06,0.12,0.0075,0.006735,0.3,0.25,0.1,stability_heavy_no_regime,0.3,0.2,0.2,0.15,0.35,0.0,0.25,0.904344,0.03,0.118655,0.000284,0.939392,0.969755,1.0,1.0,0.1,0,,0,,,,,,,,,,,,,0,0,0,,0,0,0,0,,,,,,,0,,0.0,,0
grand_sim_v0_5,async_message_loss,coordination,low_stress,4,9694,federation,federation,160,0.06,0.1,0.04,0.32,1.2,0.2,0.08,0.06,0.12,0.0075,0.006735,0.3,0.25,0.1,stability_heavy_no_regime,0.3,0.2,0.2,0.15,0.35,0.0,0.25,0.906941,0.03,0.121948,0.000116,0.939381,0.970866,1.0,1.0,0.1,0,,0,,,,,,,,,,,,,0,0,0,,0,0,0,0,,,,,,,0,,0.0,,0
grand_sim_v0_5,async_message_loss,coordination,low_stress,5,9695,federation,federation,160,0.06,0.1,0.04,0.32,1.2,0.2,0.08,0.06,0.12,0.0075,0.006735,0.3,0.25,0.1,stability_heavy_no_regime,0.3,0.2,0.2,0.15,0.35,0.0,0.25,0.905132,0.03,0.136117,0.000325,0.939434,0.966718,1.0,1.0,0.1,0,,0,,,,,,,,,,,,,0,0,0,,0,0,0,0,,,,,,,0,,0.0,,0
grand_sim_v0_5,async_message_loss,coordination,low_stress,6,9696,federation,federation,160,0.06,0.1,0.04,0.32,1.2,0.2,0.08,0.06,0.12,0.0075,0.006735,0.3,0.25,0.1,stability_heavy_no_regime,0.3,0.2,0.2,0.15,0.35,0.0,0.25,0.906711,0.037788,0.115872,0.000155,0.939764,0.974698,1.0,1.0,0.1,0,,0,,,,,,,,,,,,,0,0,0,,0,0,0,0,,,,,,,0,,0.0,,0
grand_sim_v0_5,async_message_loss,coordination,low_stress,7,9697,federation,federation,160,0.06,0.1,0.04,0.32,1.2,0.2,0.08,0.06,0.12,0.0075,0.006735,0.3,0.25,0.1,stability_heavy_no_regime,0.3,0.2,0.2,0.15,0.35,0.0,0.25,0.905147,0.03,0.117569,0.000104,0.93873,0.973355,1.0,1.0,0.1,0,,0,,,,,,,,,,,,,0,0,0,,0,0,0,0,,,,,,,0,,0.0,,0
grand_sim_v0_5,async_message_loss,coordination,low_stress,8,9698,federation,federation,160,0.06,0.1,0.04,0.32,1.2,0.2,0.08,0.06,0.12,0.0075,0.006735,0.3,0.25,0.1,stability_heavy_no_regime,0.3,0.2,0.2,0.15,0.35,0.0,0.25,0.905255,0.03,0.116309,0.000284,0.939608,0.974052,1.0,1.0,0.1,0,,0,,,,,,,,,,,,,0,0,0,,0,0,0,0,,,,,,,0,,0.0,,0
grand_sim_v0_5,async_message_loss,coordination,low_stress,9,9699,federation,federation,160,0.06,0.1,0.04,0.32,1.2,0.2,0.08,0.06,0.12,0.0075,0.006735,0.3,0.25,0.1,stability_heavy_no_regime,0.3,0.2,0.2,0.15,0.35,0.0,0.25,0.906639,0.034654,0.122581,0.000152,0.938791,0.970543,1.0,1.0,0.1,0,,0,,,,,,,,,,,,,0,0,0,,0,0,0,0,,,,,,,0,,0.0,,0
grand_sim_v0_5,async_message_loss,coordination,mid_stress,0,9700,federation,federation,160,0.1,0.08,0.06,0.29,1.6,0.12,0.1,0.08,0.16,0.0095,0.00791,0.3,0.25,0.1,stability_heavy_no_regime,0.3,0.2,0.2,0.15,0.35,0.0,0.28,0.903802,0.03,0.125188,0.001226,0.929514,0.971821,1.0,1.0,0.1,0,,0,,,,,,,,,,,,,0,0,0,,0,0,0,0,,,,,,,0,,0.0,,0
grand_sim_v0_5,async_message_loss,coordination,mid_stress,1,9701,federation,federation,160,0.1,0.08,0.06,0.29,1.6,0.12,0.1,0.08,0.16,0.0095,0.00791,0.3,0.25,0.1,stability_heavy_no_regime,0.3,0.2,0.2,0.15,0.35,0.0,0.28,0.903283,0.03,0.135245,0.001451,0.930023,0.970569,1.0,1.0,0.1,0,,0,,,,,,,,,,,,,0,0,0,,0,0,0,0,,,,,,,0,,0.0,,0
grand_sim_v0_5,async_message_loss,coordination,mid_stress,2,9702,federation,federation,160,0.1,0.08,0.06,0.29,1.6,0.12,0.1,0.08,0.16,0.0095,0.00791,0.3,0.25,0.1,stability_heavy_no_regime,0.3,0.2,0.2,0.15,0.35,0.0,0.28,0.903,0.03,0.133832,0.001637,0.929371,0.970396,1.0,1.0,0.1,0,,0,,,,,,,,,,,,,0,0,0,,0,0,0,0,,,,,,,0,137,0.015751,,0
grand_sim_v0_5,async_message_loss,coordination,mid_stress,3,9703,federation,federation,160,0.1,0.08,0.06,0.29,1.6,0.12,0.1,0.08,0.16,0.0095,0.00791,0.3,0.25,0.1,stability_heavy_no_regime,0.3,0.2,0.2,0.15,0.35,0.0,0.28,0.903393,0.03,0.137242,0.001144,0.929597,0.968176,1.0,1.0,0.1,0,,0,,,,,,,,,,,,,0,0,0,,0,0,0,0,,,,,,,0,,0.0,,0
grand_sim_v0_5,async_message_loss,coordination,mid_stress,4,9704,federation,federation,160,0.1,0.08,0.06,0.29,1.6,0.12,0.1,0.08,0.16,0.0095,0.00791,0.3,0.25,0.1,stability_heavy_no_regime,0.3,0.2,0.2,0.15,0.35,0.0,0.28,0.903,0.03,0.137015,0.001504,0.92743,0.968525,1.0,1.0,0.1,0,,0,,,,,,,,,,,,,0,0,0,,0,0,0,0,,,,,,,0,139,0.016617,,0
grand_sim_v0_5,async_message_loss,coordination,mid_stress,5,9705,federation,federation,160,0.1,0.08,0.06,0.29,1.6,0.12,0.1,0.08,0.16,0.0095,0.00791,0.3,0.25,0.1,stability_heavy_no_regime,0.3,0.2,0.2,0.15,0.35,0.0,0.28,0.903,0.03,0.128997,0.000754,0.929136,0.968622,1.0,1.0,0.1,0,,0,,,,,,,,,,,,,0,0,0,,0,0,0,0,,,,,,,0,141,0.01567,,0
grand_sim_v0_5,async_message_loss,coordination,mid_stress,6,9706,federation,federation,160,0.1,0.08,0.06,0.29,1.6,0.12,0.1,0.08,0.16,0.0095,0.00791,0.3,0.25,0.1,stability_heavy_no_regime,0.3,0.2,0.2,0.15,0.35,0.0,0.28,0.90308,0.03,0.128437,0.000869,0.930965,0.969801,1.0,1.0,0.1,0,,0,,,,,,,,,,,,,0,0,0,,0,0,0,0,,,,,,,0,,0.0,,0
grand_sim_v0_5,async_message_loss,coordination,mid_stress,7,9707,federation,federation,160,0.1,0.08,0.06,0.29,1.6,0.12,0.1,0.08,0.16,0.0095,0.00791,0.3,0.25,0.1,stability_heavy_no_regime,0.3,0.2,0.2,0.15,0.35,0.0,0.28,0.903241,0.03,0.138199,0.001283,0.929698,0.964334,1.0,1.0,0.1,0,,0,,,,,,,,,,,,,0,0,0,,0,0,0,0,,,,,,,0,,0.0,,0
grand_sim_v0_5,async_message_loss,coordination,mid_stress,8,9708,federation,federation,160,0.1,0.08,0.06,0.29,1.6,0.12,0.1,0.08,0.16,0.0095,0.00791,0.3,0.25,0.1,stability_heavy_no_regime,0.3,0.2,0.2,0.15,0.35,0.0,0.28,0.903,0.03,0.129999,0.000888,0.931125,0.968425,1.0,1.0,0.1,0,,0,,,,,,,,,,,,,0,0,0,,0,0,0,0,,,,,,,0,145,0.01382,,0
grand_sim_v0_5,async_message_loss,coordination,mid_stress,9,9709,federation,federation,160,0.1,0.08,0.06,0.29,1.6,0.12,0.1,0.08,0.16,0.0095,0.00791,0.3,0.25,0.1,stability_heavy_no_regime,0.3,0.2,0.2,0.15,0.35,0.0,0.28,0.903,0.03,0.133823,0.00045,0.929438,0.971337,1.0,1.0,0.1,0,,0,,,,,,,,,,,,,0,0,0,,0,0,0,0,,,,,,,0,155,0.004134,,0
grand_sim_v0_5,async_message_loss,coordination,high_stress,0,9710,federation,federation,160,0.14,0.05,0.09,0.26,2.0,0.06,0.13,0.1,0.2,0.012,0.00998,0.3,0.25,0.1,stability_heavy_no_regime,0.3,0.2,0.2,0.15,0.35,0.0,0.31,0.03,0.03,0.153802,1.0,0.0,0.152134,0.0,0.0,1.0,1,32,141,19,C07_PSI_EXTENDED,30,32,29,33,31,11,13,10,14,12,1,0,0,,0,121,0,0,,,,,,,0,,0.0,,0
grand_sim_v0_5,async_message_loss,coordination,high_stress,1,9711,federation,federation,160,0.14,0.05,0.09,0.26,2.0,0.06,0.13,0.1,0.2,0.012,0.00998,0.3,0.25,0.1,stability_heavy_no_regime,0.3,0.2,0.2,0.15,0.35,0.0,0.31,0.03,0.03,0.156646,1.0,0.0,0.151111,0.0,0.0,1.0,1,34,141,19,C07_PSI_EXTENDED,32,34,30,34,32,13,15,11,15,13,1,0,0,,0,122,0,0,,,,,,,0,,0.0,,0
grand_sim_v0_5,async_message_loss,coordination,high_stress,2,9712,federation,federation,160,0.14,0.05,0.09,0.26,2.0,0.06,0.13,0.1,0.2,0.012,0.00998,0.3,0.25,0.1,stability_heavy_no_regime,0.3,0.2,0.2,0.15,0.35,0.0,0.31,0.03,0.03,0.165609,1.0,0.0,0.15095,0.0,0.0,1.0,1,33,140,20,C07_PSI_EXTENDED,31,33,30,34,33,11,13,10,14,13,1,0,0,,0,121,0,0,,,,,,,0,,0.0,,0
grand_sim_v0_5,async_message_loss,coordination,high_stress,3,9713,federation,federation,160,0.14,0.05,0.09,0.26,2.0,0.06,0.13,0.1,0.2,0.012,0.00998,0.3,0.25,0.1,stability_heavy_no_regime,0.3,0.2,0.2,0.15,0.35,0.0,0.31,0.03,0.03,0.152915,1.0,0.0,0.154658,0.0,0.0,1.0,1,33,140,20,C07_PSI_EXTENDED,31,33,28,34,31,11,13,8,14,11,1,0,0,,0,122,0,0,,,,,,,0,,0.0,,0
grand_sim_v0_5,async_message_loss,coordination,high_stress,4,9714,federation,federation,160,0.14,0.05,0.09,0.26,2.0,0.06,0.13,0.1,0.2,0.012,0.00998,0.3,0.25,0.1,stability_heavy_no_regime,0.3,0.2,0.2,0.15,0.35,0.0,0.31,0.03,0.03,0.155056,1.0,0.0,0.153005,0.0,0.0,1.0,1,31,142,18,C07_PSI_EXTENDED,30,31,28,33,31,12,13,10,15,13,1,0,0,,0,121,0,0,,,,,,,0,,0.0,,0
grand_sim_v0_5,async_message_loss,coordination,high_stress,5,9715,federation,federation,160,0.14,0.05,0.09,0.26,2.0,0.06,0.13,0.1,0.2,0.012,0.00998,0.3,0.25,0.1,stability_heavy_no_regime,0.3,0.2,0.2,0.15,0.35,0.0,0.31,0.03,0.03,0.154403,1.0,0.0,0.153955,0.0,0.0,1.0,1,34,140,20,C07_PSI_EXTENDED,33,34,32,34,33,13,14,12,14,13,1,0,0,,0,120,0,0,,,,,,,0,,0.0,,0
grand_sim_v0_5,async_message_loss,coordination,high_stress,6,9716,federation,federation,160,0.14,0.05,0.09,0.26,2.0,0.06,0.13,0.1,0.2,0.012,0.00998,0.3,0.25,0.1,stability_heavy_no_regime,0.3,0.2,0.2,0.15,0.35,0.0,0.31,0.03,0.03,0.161609,1.0,0.0,0.150021,0.0,0.0,1.0,1,33,140,20,C07_PSI_EXTENDED,32,33,31,34,32,12,13,11,14,12,1,0,0,,0,122,0,0,,,,,,,0,,0.0,,0
grand_sim_v0_5,async_message_loss,coordination,high_stress,7,9717,federation,federation,160,0.14,0.05,0.09,0.26,2.0,0.06,0.13,0.1,0.2,0.012,0.00998,0.3,0.25,0.1,stability_heavy_no_regime,0.3,0.2,0.2,0.15,0.35,0.0,0.31,0.03,0.03,0.150586,1.0,0.0,0.154964,0.0,0.0,1.0,1,35,141,19,C07_PSI_EXTENDED,32,35,29,35,31,13,16,10,16,12,1,0,0,,0,120,2,2,,,,,,,0,,0.0,,0
grand_sim_v0_5,async_message_loss,coordination,high_stress,8,9718,federation,federation,160,0.14,0.05,0.09,0.26,2.0,0.06,0.13,0.1,0.2,0.012,0.00998,0.3,0.25,0.1,stability_heavy_no_regime,0.3,0.2,0.2,0.15,0.35,0.0,0.31,0.03,0.03,0.149451,1.0,0.0,0.15272,0.0,0.0,1.0,1,32,142,18,C07_PSI_EXTENDED,30,32,30,33,32,12,14,12,15,14,1,0,0,,0,121,0,0,,,,,,,0,,0.0,,0
grand_sim_v0_5,async_message_loss,coordination,high_stress,9,9719,federation,federation,160,0.14,0.05,0.09,0.26,2.0,0.06,0.13,0.1,0.2,0.012,0.00998,0.3,0.25,0.1,stability_heavy_no_regime,0.3,0.2,0.2,0.15,0.35,0.0,0.31,0.03,0.03,0.154078,1.0,0.0,0.153545,0.0,0.0,1.0,1,35,139,21,C07_PSI_EXTENDED,33,35,31,36,33,12,14,10,15,12,1,0,0,,0,118,0,0,,,,,,,0,,0.0,,0
