batch_id,variant,weight_profile,psi_lambda,psi_threshold,scenario,profile,runs,positive_runs,negative_runs,detected_true_positive_rate,on_time_true_positive_rate,missed_detection_rate,false_positive_rate,avg_lead_steps,median_lead_steps,min_lead_steps,max_lead_steps,avg_lag_steps
grand_sim_v0_4,with_regime_original,v02_default,0.1,0.1,async_message_loss,low_stress,10,0,10,0.0,0.0,0.0,1.0,0.0,0.0,,,0.0
grand_sim_v0_4,with_regime_original,v02_default,0.1,0.1,async_message_loss,mid_stress,10,0,10,0.0,0.0,0.0,1.0,0.0,0.0,,,0.0
grand_sim_v0_4,with_regime_original,v02_default,0.1,0.1,async_message_loss,high_stress,10,10,0,1.0,1.0,0.0,0.0,31.4,31.0,29.0,33.0,0.0
grand_sim_v0_4,with_regime_original,v02_default,0.1,0.1,federation_bridge_stress,low_stress,10,0,10,0.0,0.0,0.0,1.0,0.0,0.0,,,0.0
grand_sim_v0_4,with_regime_original,v02_default,0.1,0.1,federation_bridge_stress,mid_stress,10,0,10,0.0,0.0,0.0,1.0,0.0,0.0,,,0.0
grand_sim_v0_4,with_regime_original,v02_default,0.1,0.1,federation_bridge_stress,high_stress,10,10,0,1.0,1.0,0.0,0.0,24.7,24.0,23.0,27.0,0.0
grand_sim_v0_4,with_regime_original,v02_default,0.1,0.1,federation_cluster_attack,low_stress,10,10,0,1.0,1.0,0.0,0.0,97.2,98.0,92.0,99.0,0.0
grand_sim_v0_4,with_regime_original,v02_default,0.1,0.1,federation_cluster_attack,mid_stress,10,10,0,1.0,1.0,0.0,0.0,65.9,66.0,62.0,67.0,0.0
grand_sim_v0_4,with_regime_original,v02_default,0.1,0.1,federation_cluster_attack,high_stress,10,10,0,1.0,1.0,0.0,0.0,26.5,27.0,25.0,28.0,0.0
grand_sim_v0_4,with_regime_original,v02_default,0.1,0.1,psi_corruption,low_stress,10,10,0,1.0,1.0,0.0,0.0,87.1,87.0,86.0,88.0,0.0
grand_sim_v0_4,with_regime_original,v02_default,0.1,0.1,psi_corruption,mid_stress,10,10,0,1.0,1.0,0.0,0.0,59.9,60.0,57.0,61.0,0.0
grand_sim_v0_4,with_regime_original,v02_default,0.1,0.1,psi_corruption,high_stress,10,10,0,1.0,1.0,0.0,0.0,24.6,24.0,23.0,27.0,0.0
grand_sim_v0_4,with_regime_original,v02_default,0.1,0.12,async_message_loss,low_stress,10,0,10,0.0,0.0,0.0,1.0,0.0,0.0,,,0.0
grand_sim_v0_4,with_regime_original,v02_default,0.1,0.12,async_message_loss,mid_stress,10,0,10,0.0,0.0,0.0,1.0,0.0,0.0,,,0.0
grand_sim_v0_4,with_regime_original,v02_default,0.1,0.12,async_message_loss,high_stress,10,10,0,1.0,1.0,0.0,0.0,31.4,31.0,29.0,33.0,0.0
grand_sim_v0_4,with_regime_original,v02_default,0.1,0.12,federation_bridge_stress,low_stress,10,0,10,0.0,0.0,0.0,1.0,0.0,0.0,,,0.0
grand_sim_v0_4,with_regime_original,v02_default,0.1,0.12,federation_bridge_stress,mid_stress,10,0,10,0.0,0.0,0.0,1.0,0.0,0.0,,,0.0
grand_sim_v0_4,with_regime_original,v02_default,0.1,0.12,federation_bridge_stress,high_stress,10,10,0,1.0,1.0,0.0,0.0,24.7,24.0,23.0,27.0,0.0
grand_sim_v0_4,with_regime_original,v02_default,0.1,0.12,federation_cluster_attack,low_stress,10,10,0,1.0,1.0,0.0,0.0,97.2,98.0,92.0,99.0,0.0
grand_sim_v0_4,with_regime_original,v02_default,0.1,0.12,federation_cluster_attack,mid_stress,10,10,0,1.0,1.0,0.0,0.0,65.9,66.0,62.0,67.0,0.0
grand_sim_v0_4,with_regime_original,v02_default,0.1,0.12,federation_cluster_attack,high_stress,10,10,0,1.0,1.0,0.0,0.0,26.5,27.0,25.0,28.0,0.0
grand_sim_v0_4,with_regime_original,v02_default,0.1,0.12,psi_corruption,low_stress,10,10,0,1.0,1.0,0.0,0.0,87.1,87.0,86.0,88.0,0.0
grand_sim_v0_4,with_regime_original,v02_default,0.1,0.12,psi_corruption,mid_stress,10,10,0,1.0,1.0,0.0,0.0,59.9,60.0,57.0,61.0,0.0
grand_sim_v0_4,with_regime_original,v02_default,0.1,0.12,psi_corruption,high_stress,10,10,0,1.0,1.0,0.0,0.0,24.6,24.0,23.0,27.0,0.0
grand_sim_v0_4,with_regime_original,v02_default,0.1,0.14,async_message_loss,low_stress,10,0,10,0.0,0.0,0.0,1.0,0.0,0.0,,,0.0
grand_sim_v0_4,with_regime_original,v02_default,0.1,0.14,async_message_loss,mid_stress,10,0,10,0.0,0.0,0.0,1.0,0.0,0.0,,,0.0
grand_sim_v0_4,with_regime_original,v02_default,0.1,0.14,async_message_loss,high_stress,10,10,0,1.0,1.0,0.0,0.0,31.4,31.0,29.0,33.0,0.0
grand_sim_v0_4,with_regime_original,v02_default,0.1,0.14,federation_bridge_stress,low_stress,10,0,10,0.0,0.0,0.0,1.0,0.0,0.0,,,0.0
grand_sim_v0_4,with_regime_original,v02_default,0.1,0.14,federation_bridge_stress,mid_stress,10,0,10,0.0,0.0,0.0,1.0,0.0,0.0,,,0.0
grand_sim_v0_4,with_regime_original,v02_default,0.1,0.14,federation_bridge_stress,high_stress,10,10,0,1.0,1.0,0.0,0.0,24.7,24.0,23.0,27.0,0.0
grand_sim_v0_4,with_regime_original,v02_default,0.1,0.14,federation_cluster_attack,low_stress,10,10,0,1.0,1.0,0.0,0.0,97.2,98.0,92.0,99.0,0.0
grand_sim_v0_4,with_regime_original,v02_default,0.1,0.14,federation_cluster_attack,mid_stress,10,10,0,1.0,1.0,0.0,0.0,65.9,66.0,62.0,67.0,0.0
grand_sim_v0_4,with_regime_original,v02_default,0.1,0.14,federation_cluster_attack,high_stress,10,10,0,1.0,1.0,0.0,0.0,26.5,27.0,25.0,28.0,0.0
grand_sim_v0_4,with_regime_original,v02_default,0.1,0.14,psi_corruption,low_stress,10,10,0,1.0,1.0,0.0,0.0,87.1,87.0,86.0,88.0,0.0
grand_sim_v0_4,with_regime_original,v02_default,0.1,0.14,psi_corruption,mid_stress,10,10,0,1.0,1.0,0.0,0.0,59.9,60.0,57.0,61.0,0.0
grand_sim_v0_4,with_regime_original,v02_default,0.1,0.14,psi_corruption,high_stress,10,10,0,1.0,1.0,0.0,0.0,24.6,24.0,23.0,27.0,0.0
grand_sim_v0_4,with_regime_original,v02_default,0.1,0.16,async_message_loss,low_stress,10,0,10,0.0,0.0,0.0,1.0,0.0,0.0,,,0.0
grand_sim_v0_4,with_regime_original,v02_default,0.1,0.16,async_message_loss,mid_stress,10,0,10,0.0,0.0,0.0,1.0,0.0,0.0,,,0.0
grand_sim_v0_4,with_regime_original,v02_default,0.1,0.16,async_message_loss,high_stress,10,10,0,1.0,1.0,0.0,0.0,31.4,31.0,29.0,33.0,0.0
grand_sim_v0_4,with_regime_original,v02_default,0.1,0.16,federation_bridge_stress,low_stress,10,0,10,0.0,0.0,0.0,1.0,0.0,0.0,,,0.0
grand_sim_v0_4,with_regime_original,v02_default,0.1,0.16,federation_bridge_stress,mid_stress,10,0,10,0.0,0.0,0.0,1.0,0.0,0.0,,,0.0
grand_sim_v0_4,with_regime_original,v02_default,0.1,0.16,federation_bridge_stress,high_stress,10,10,0,1.0,1.0,0.0,0.0,24.7,24.0,23.0,27.0,0.0
grand_sim_v0_4,with_regime_original,v02_default,0.1,0.16,federation_cluster_attack,low_stress,10,10,0,1.0,1.0,0.0,0.0,97.2,98.0,92.0,99.0,0.0
grand_sim_v0_4,with_regime_original,v02_default,0.1,0.16,federation_cluster_attack,mid_stress,10,10,0,1.0,1.0,0.0,0.0,65.9,66.0,62.0,67.0,0.0
grand_sim_v0_4,with_regime_original,v02_default,0.1,0.16,federation_cluster_attack,high_stress,10,10,0,1.0,1.0,0.0,0.0,26.5,27.0,25.0,28.0,0.0
grand_sim_v0_4,with_regime_original,v02_default,0.1,0.16,psi_corruption,low_stress,10,10,0,1.0,1.0,0.0,0.0,87.1,87.0,86.0,88.0,0.0
grand_sim_v0_4,with_regime_original,v02_default,0.1,0.16,psi_corruption,mid_stress,10,10,0,1.0,1.0,0.0,0.0,59.9,60.0,57.0,61.0,0.0
grand_sim_v0_4,with_regime_original,v02_default,0.1,0.16,psi_corruption,high_stress,10,10,0,1.0,1.0,0.0,0.0,24.6,24.0,23.0,27.0,0.0
grand_sim_v0_4,with_regime_original,v02_default,0.1,0.18,async_message_loss,low_stress,10,0,10,0.0,0.0,0.0,1.0,0.0,0.0,,,0.0
grand_sim_v0_4,with_regime_original,v02_default,0.1,0.18,async_message_loss,mid_stress,10,0,10,0.0,0.0,0.0,1.0,0.0,0.0,,,0.0
grand_sim_v0_4,with_regime_original,v02_default,0.1,0.18,async_message_loss,high_stress,10,10,0,1.0,1.0,0.0,0.0,31.4,31.0,29.0,33.0,0.0
grand_sim_v0_4,with_regime_original,v02_default,0.1,0.18,federation_bridge_stress,low_stress,10,0,10,0.0,0.0,0.0,1.0,0.0,0.0,,,0.0
grand_sim_v0_4,with_regime_original,v02_default,0.1,0.18,federation_bridge_stress,mid_stress,10,0,10,0.0,0.0,0.0,1.0,0.0,0.0,,,0.0
grand_sim_v0_4,with_regime_original,v02_default,0.1,0.18,federation_bridge_stress,high_stress,10,10,0,1.0,1.0,0.0,0.0,24.7,24.0,23.0,27.0,0.0
grand_sim_v0_4,with_regime_original,v02_default,0.1,0.18,federation_cluster_attack,low_stress,10,10,0,1.0,1.0,0.0,0.0,97.2,98.0,92.0,99.0,0.0
grand_sim_v0_4,with_regime_original,v02_default,0.1,0.18,federation_cluster_attack,mid_stress,10,10,0,1.0,1.0,0.0,0.0,65.9,66.0,62.0,67.0,0.0
grand_sim_v0_4,with_regime_original,v02_default,0.1,0.18,federation_cluster_attack,high_stress,10,10,0,1.0,1.0,0.0,0.0,26.5,27.0,25.0,28.0,0.0
grand_sim_v0_4,with_regime_original,v02_default,0.1,0.18,psi_corruption,low_stress,10,10,0,1.0,1.0,0.0,0.0,87.1,87.0,86.0,88.0,0.0
grand_sim_v0_4,with_regime_original,v02_default,0.1,0.18,psi_corruption,mid_stress,10,10,0,1.0,1.0,0.0,0.0,59.9,60.0,57.0,61.0,0.0
grand_sim_v0_4,with_regime_original,v02_default,0.1,0.18,psi_corruption,high_stress,10,10,0,1.0,1.0,0.0,0.0,24.6,24.0,23.0,27.0,0.0
grand_sim_v0_4,with_regime_original,v02_default,0.1,0.2,async_message_loss,low_stress,10,0,10,0.0,0.0,0.0,1.0,0.0,0.0,,,0.0
grand_sim_v0_4,with_regime_original,v02_default,0.1,0.2,async_message_loss,mid_stress,10,0,10,0.0,0.0,0.0,1.0,0.0,0.0,,,0.0
grand_sim_v0_4,with_regime_original,v02_default,0.1,0.2,async_message_loss,high_stress,10,10,0,1.0,1.0,0.0,0.0,31.4,31.0,29.0,33.0,0.0
grand_sim_v0_4,with_regime_original,v02_default,0.1,0.2,federation_bridge_stress,low_stress,10,0,10,0.0,0.0,0.0,1.0,0.0,0.0,,,0.0
grand_sim_v0_4,with_regime_original,v02_default,0.1,0.2,federation_bridge_stress,mid_stress,10,0,10,0.0,0.0,0.0,1.0,0.0,0.0,,,0.0
grand_sim_v0_4,with_regime_original,v02_default,0.1,0.2,federation_bridge_stress,high_stress,10,10,0,1.0,1.0,0.0,0.0,24.7,24.0,23.0,27.0,0.0
grand_sim_v0_4,with_regime_original,v02_default,0.1,0.2,federation_cluster_attack,low_stress,10,10,0,1.0,1.0,0.0,0.0,97.2,98.0,92.0,99.0,0.0
grand_sim_v0_4,with_regime_original,v02_default,0.1,0.2,federation_cluster_attack,mid_stress,10,10,0,1.0,1.0,0.0,0.0,65.9,66.0,62.0,67.0,0.0
grand_sim_v0_4,with_regime_original,v02_default,0.1,0.2,federation_cluster_attack,high_stress,10,10,0,1.0,1.0,0.0,0.0,26.5,27.0,25.0,28.0,0.0
grand_sim_v0_4,with_regime_original,v02_default,0.1,0.2,psi_corruption,low_stress,10,10,0,1.0,1.0,0.0,0.0,87.1,87.0,86.0,88.0,0.0
grand_sim_v0_4,with_regime_original,v02_default,0.1,0.2,psi_corruption,mid_stress,10,10,0,1.0,1.0,0.0,0.0,59.9,60.0,57.0,61.0,0.0
grand_sim_v0_4,with_regime_original,v02_default,0.1,0.2,psi_corruption,high_stress,10,10,0,1.0,1.0,0.0,0.0,24.6,24.0,23.0,27.0,0.0
grand_sim_v0_4,with_regime_original,v02_default,0.1,0.22,async_message_loss,low_stress,10,0,10,0.0,0.0,0.0,1.0,0.0,0.0,,,0.0
grand_sim_v0_4,with_regime_original,v02_default,0.1,0.22,async_message_loss,mid_stress,10,0,10,0.0,0.0,0.0,1.0,0.0,0.0,,,0.0
grand_sim_v0_4,with_regime_original,v02_default,0.1,0.22,async_message_loss,high_stress,10,10,0,1.0,1.0,0.0,0.0,31.4,31.0,29.0,33.0,0.0
grand_sim_v0_4,with_regime_original,v02_default,0.1,0.22,federation_bridge_stress,low_stress,10,0,10,0.0,0.0,0.0,1.0,0.0,0.0,,,0.0
grand_sim_v0_4,with_regime_original,v02_default,0.1,0.22,federation_bridge_stress,mid_stress,10,0,10,0.0,0.0,0.0,1.0,0.0,0.0,,,0.0
grand_sim_v0_4,with_regime_original,v02_default,0.1,0.22,federation_bridge_stress,high_stress,10,10,0,1.0,1.0,0.0,0.0,24.7,24.0,23.0,27.0,0.0
grand_sim_v0_4,with_regime_original,v02_default,0.1,0.22,federation_cluster_attack,low_stress,10,10,0,1.0,1.0,0.0,0.0,97.2,98.0,92.0,99.0,0.0
grand_sim_v0_4,with_regime_original,v02_default,0.1,0.22,federation_cluster_attack,mid_stress,10,10,0,1.0,1.0,0.0,0.0,65.9,66.0,62.0,67.0,0.0
grand_sim_v0_4,with_regime_original,v02_default,0.1,0.22,federation_cluster_attack,high_stress,10,10,0,1.0,1.0,0.0,0.0,26.5,27.0,25.0,28.0,0.0
grand_sim_v0_4,with_regime_original,v02_default,0.1,0.22,psi_corruption,low_stress,10,10,0,1.0,1.0,0.0,0.0,87.1,87.0,86.0,88.0,0.0
grand_sim_v0_4,with_regime_original,v02_default,0.1,0.22,psi_corruption,mid_stress,10,10,0,1.0,1.0,0.0,0.0,59.9,60.0,57.0,61.0,0.0
grand_sim_v0_4,with_regime_original,v02_default,0.1,0.22,psi_corruption,high_stress,10,10,0,1.0,1.0,0.0,0.0,24.6,24.0,23.0,27.0,0.0
grand_sim_v0_4,with_regime_original,v02_default,0.1,0.24,async_message_loss,low_stress,10,0,10,0.0,0.0,0.0,0.0,0.0,0.0,,,0.0
grand_sim_v0_4,with_regime_original,v02_default,0.1,0.24,async_message_loss,mid_stress,10,0,10,0.0,0.0,0.0,0.0,0.0,0.0,,,0.0
grand_sim_v0_4,with_regime_original,v02_default,0.1,0.24,async_message_loss,high_stress,10,10,0,1.0,1.0,0.0,0.0,25.5,25.0,24.0,28.0,0.0
grand_sim_v0_4,with_regime_original,v02_default,0.1,0.24,federation_bridge_stress,low_stress,10,0,10,0.0,0.0,0.0,0.0,0.0,0.0,,,0.0
grand_sim_v0_4,with_regime_original,v02_default,0.1,0.24,federation_bridge_stress,mid_stress,10,0,10,0.0,0.0,0.0,0.0,0.0,0.0,,,0.0
grand_sim_v0_4,with_regime_original,v02_default,0.1,0.24,federation_bridge_stress,high_stress,10,10,0,1.0,1.0,0.0,0.0,17.6,18.0,16.0,19.0,0.0
grand_sim_v0_4,with_regime_original,v02_default,0.1,0.24,federation_cluster_attack,low_stress,10,10,0,1.0,1.0,0.0,0.0,19.8,20.0,15.0,22.0,0.0
grand_sim_v0_4,with_regime_original,v02_default,0.1,0.24,federation_cluster_attack,mid_stress,10,10,0,1.0,1.0,0.0,0.0,11.1,11.0,8.0,13.0,0.0
grand_sim_v0_4,with_regime_original,v02_default,0.1,0.24,federation_cluster_attack,high_stress,10,10,0,1.0,1.0,0.0,0.0,17.6,17.0,16.0,20.0,0.0
grand_sim_v0_4,with_regime_original,v02_default,0.1,0.24,psi_corruption,low_stress,10,10,0,1.0,1.0,0.0,0.0,16.9,17.0,15.0,19.0,0.0
grand_sim_v0_4,with_regime_original,v02_default,0.1,0.24,psi_corruption,mid_stress,10,10,0,1.0,1.0,0.0,0.0,9.1,9.0,7.0,10.0,0.0
grand_sim_v0_4,with_regime_original,v02_default,0.1,0.24,psi_corruption,high_stress,10,10,0,1.0,1.0,0.0,0.0,18.3,18.0,17.0,20.0,0.0
grand_sim_v0_4,with_regime_original,v02_default,0.1,0.26,async_message_loss,low_stress,10,0,10,0.0,0.0,0.0,0.0,0.0,0.0,,,0.0
grand_sim_v0_4,with_regime_original,v02_default,0.1,0.26,async_message_loss,mid_stress,10,0,10,0.0,0.0,0.0,0.0,0.0,0.0,,,0.0
grand_sim_v0_4,with_regime_original,v02_default,0.1,0.26,async_message_loss,high_stress,10,10,0,1.0,1.0,0.0,0.0,18.9,18.0,18.0,20.0,0.0
grand_sim_v0_4,with_regime_original,v02_default,0.1,0.26,federation_bridge_stress,low_stress,10,0,10,0.0,0.0,0.0,0.0,0.0,0.0,,,0.0
grand_sim_v0_4,with_regime_original,v02_default,0.1,0.26,federation_bridge_stress,mid_stress,10,0,10,0.0,0.0,0.0,0.0,0.0,0.0,,,0.0
grand_sim_v0_4,with_regime_original,v02_default,0.1,0.26,federation_bridge_stress,high_stress,10,10,0,1.0,1.0,0.0,0.0,12.7,13.0,12.0,14.0,0.0
grand_sim_v0_4,with_regime_original,v02_default,0.1,0.26,federation_cluster_attack,low_stress,10,10,0,1.0,1.0,0.0,0.0,17.3,18.0,13.0,19.0,0.0
grand_sim_v0_4,with_regime_original,v02_default,0.1,0.26,federation_cluster_attack,mid_stress,10,10,0,1.0,1.0,0.0,0.0,9.7,10.0,7.0,11.0,0.0
grand_sim_v0_4,with_regime_original,v02_default,0.1,0.26,federation_cluster_attack,high_stress,10,10,0,1.0,1.0,0.0,0.0,12.8,13.0,12.0,14.0,0.0
grand_sim_v0_4,with_regime_original,v02_default,0.1,0.26,psi_corruption,low_stress,10,10,0,1.0,1.0,0.0,0.0,14.6,15.0,13.0,16.0,0.0
grand_sim_v0_4,with_regime_original,v02_default,0.1,0.26,psi_corruption,mid_stress,10,10,0,1.0,1.0,0.0,0.0,7.9,8.0,5.0,9.0,0.0
grand_sim_v0_4,with_regime_original,v02_default,0.1,0.26,psi_corruption,high_stress,10,10,0,1.0,1.0,0.0,0.0,13.0,13.0,12.0,14.0,0.0
grand_sim_v0_4,with_regime_original,v02_default,0.1,0.28,async_message_loss,low_stress,10,0,10,0.0,0.0,0.0,0.0,0.0,0.0,,,0.0
grand_sim_v0_4,with_regime_original,v02_default,0.1,0.28,async_message_loss,mid_stress,10,0,10,0.0,0.0,0.0,0.0,0.0,0.0,,,0.0
grand_sim_v0_4,with_regime_original,v02_default,0.1,0.28,async_message_loss,high_stress,10,10,0,1.0,1.0,0.0,0.0,15.8,15.0,15.0,17.0,0.0
grand_sim_v0_4,with_regime_original,v02_default,0.1,0.28,federation_bridge_stress,low_stress,10,0,10,0.0,0.0,0.0,0.0,0.0,0.0,,,0.0
grand_sim_v0_4,with_regime_original,v02_default,0.1,0.28,federation_bridge_stress,mid_stress,10,0,10,0.0,0.0,0.0,0.0,0.0,0.0,,,0.0
grand_sim_v0_4,with_regime_original,v02_default,0.1,0.28,federation_bridge_stress,high_stress,10,10,0,1.0,1.0,0.0,0.0,10.1,10.0,9.0,11.0,0.0
grand_sim_v0_4,with_regime_original,v02_default,0.1,0.28,federation_cluster_attack,low_stress,10,10,0,1.0,1.0,0.0,0.0,14.9,15.0,11.0,17.0,0.0
grand_sim_v0_4,with_regime_original,v02_default,0.1,0.28,federation_cluster_attack,mid_stress,10,10,0,1.0,1.0,0.0,0.0,8.6,8.0,7.0,10.0,0.0
grand_sim_v0_4,with_regime_original,v02_default,0.1,0.28,federation_cluster_attack,high_stress,10,10,0,1.0,1.0,0.0,0.0,10.4,10.0,9.0,12.0,0.0
grand_sim_v0_4,with_regime_original,v02_default,0.1,0.28,psi_corruption,low_stress,10,10,0,1.0,1.0,0.0,0.0,12.7,12.0,12.0,14.0,0.0
grand_sim_v0_4,with_regime_original,v02_default,0.1,0.28,psi_corruption,mid_stress,10,10,0,1.0,1.0,0.0,0.0,6.7,7.0,5.0,8.0,0.0
grand_sim_v0_4,with_regime_original,v02_default,0.1,0.28,psi_corruption,high_stress,10,10,0,1.0,1.0,0.0,0.0,10.3,10.0,9.0,12.0,0.0
grand_sim_v0_4,with_regime_original,v02_default,0.1,0.3,async_message_loss,low_stress,10,0,10,0.0,0.0,0.0,0.0,0.0,0.0,,,0.0
grand_sim_v0_4,with_regime_original,v02_default,0.1,0.3,async_message_loss,mid_stress,10,0,10,0.0,0.0,0.0,0.0,0.0,0.0,,,0.0
grand_sim_v0_4,with_regime_original,v02_default,0.1,0.3,async_message_loss,high_stress,10,10,0,1.0,1.0,0.0,0.0,13.4,13.0,12.0,15.0,0.0
grand_sim_v0_4,with_regime_original,v02_default,0.1,0.3,federation_bridge_stress,low_stress,10,0,10,0.0,0.0,0.0,0.0,0.0,0.0,,,0.0
grand_sim_v0_4,with_regime_original,v02_default,0.1,0.3,federation_bridge_stress,mid_stress,10,0,10,0.0,0.0,0.0,0.0,0.0,0.0,,,0.0
grand_sim_v0_4,with_regime_original,v02_default,0.1,0.3,federation_bridge_stress,high_stress,10,10,0,1.0,1.0,0.0,0.0,8.2,8.0,7.0,9.0,0.0
grand_sim_v0_4,with_regime_original,v02_default,0.1,0.3,federation_cluster_attack,low_stress,10,10,0,1.0,1.0,0.0,0.0,12.9,13.0,8.0,16.0,0.0
grand_sim_v0_4,with_regime_original,v02_default,0.1,0.3,federation_cluster_attack,mid_stress,10,10,0,1.0,1.0,0.0,0.0,6.9,7.0,5.0,8.0,0.0
grand_sim_v0_4,with_regime_original,v02_default,0.1,0.3,federation_cluster_attack,high_stress,10,10,0,1.0,1.0,0.0,0.0,8.2,8.0,7.0,9.0,0.0
grand_sim_v0_4,with_regime_original,v02_default,0.1,0.3,psi_corruption,low_stress,10,10,0,1.0,1.0,0.0,0.0,11.0,10.0,10.0,14.0,0.0
grand_sim_v0_4,with_regime_original,v02_default,0.1,0.3,psi_corruption,mid_stress,10,10,0,1.0,1.0,0.0,0.0,5.9,6.0,5.0,7.0,0.0
grand_sim_v0_4,with_regime_original,v02_default,0.1,0.3,psi_corruption,high_stress,10,10,0,1.0,1.0,0.0,0.0,8.4,8.0,7.0,10.0,0.0
grand_sim_v0_4,with_regime_original,v02_default,0.1,0.32,async_message_loss,low_stress,10,0,10,0.0,0.0,0.0,0.0,0.0,0.0,,,0.0
grand_sim_v0_4,with_regime_original,v02_default,0.1,0.32,async_message_loss,mid_stress,10,0,10,0.0,0.0,0.0,0.0,0.0,0.0,,,0.0
grand_sim_v0_4,with_regime_original,v02_default,0.1,0.32,async_message_loss,high_stress,10,10,0,1.0,1.0,0.0,0.0,11.3,11.0,10.0,12.0,0.0
grand_sim_v0_4,with_regime_original,v02_default,0.1,0.32,federation_bridge_stress,low_stress,10,0,10,0.0,0.0,0.0,0.0,0.0,0.0,,,0.0
grand_sim_v0_4,with_regime_original,v02_default,0.1,0.32,federation_bridge_stress,mid_stress,10,0,10,0.0,0.0,0.0,0.0,0.0,0.0,,,0.0
grand_sim_v0_4,with_regime_original,v02_default,0.1,0.32,federation_bridge_stress,high_stress,10,10,0,1.0,1.0,0.0,0.0,6.6,7.0,5.0,8.0,0.0
grand_sim_v0_4,with_regime_original,v02_default,0.1,0.32,federation_cluster_attack,low_stress,10,10,0,1.0,1.0,0.0,0.0,10.2,9.0,7.0,16.0,0.0
grand_sim_v0_4,with_regime_original,v02_default,0.1,0.32,federation_cluster_attack,mid_stress,10,10,0,1.0,1.0,0.0,0.0,5.2,5.0,4.0,6.0,0.0
grand_sim_v0_4,with_regime_original,v02_default,0.1,0.32,federation_cluster_attack,high_stress,10,10,0,1.0,1.0,0.0,0.0,6.8,7.0,6.0,8.0,0.0
grand_sim_v0_4,with_regime_original,v02_default,0.1,0.32,psi_corruption,low_stress,10,10,0,1.0,1.0,0.0,0.0,7.4,6.0,4.0,14.0,0.0
grand_sim_v0_4,with_regime_original,v02_default,0.1,0.32,psi_corruption,mid_stress,10,10,0,1.0,1.0,0.0,0.0,4.2,4.0,3.0,6.0,0.0
grand_sim_v0_4,with_regime_original,v02_default,0.1,0.32,psi_corruption,high_stress,10,10,0,1.0,1.0,0.0,0.0,6.9,7.0,6.0,8.0,0.0
grand_sim_v0_4,with_regime_original,v02_default,0.1,0.34,async_message_loss,low_stress,10,0,10,0.0,0.0,0.0,0.0,0.0,0.0,,,0.0
grand_sim_v0_4,with_regime_original,v02_default,0.1,0.34,async_message_loss,mid_stress,10,0,10,0.0,0.0,0.0,0.0,0.0,0.0,,,0.0
grand_sim_v0_4,with_regime_original,v02_default,0.1,0.34,async_message_loss,high_stress,10,10,0,1.0,1.0,0.0,0.0,9.8,10.0,9.0,11.0,0.0
grand_sim_v0_4,with_regime_original,v02_default,0.1,0.34,federation_bridge_stress,low_stress,10,0,10,0.0,0.0,0.0,0.0,0.0,0.0,,,0.0
grand_sim_v0_4,with_regime_original,v02_default,0.1,0.34,federation_bridge_stress,mid_stress,10,0,10,0.0,0.0,0.0,0.0,0.0,0.0,,,0.0
grand_sim_v0_4,with_regime_original,v02_default,0.1,0.34,federation_bridge_stress,high_stress,10,10,0,1.0,1.0,0.0,0.0,5.2,5.0,4.0,6.0,0.0
grand_sim_v0_4,with_regime_original,v02_default,0.1,0.34,federation_cluster_attack,low_stress,10,10,0,1.0,1.0,0.0,0.0,9.9,9.0,7.0,14.0,0.0
grand_sim_v0_4,with_regime_original,v02_default,0.1,0.34,federation_cluster_attack,mid_stress,10,10,0,1.0,1.0,0.0,0.0,5.1,5.0,4.0,6.0,0.0
grand_sim_v0_4,with_regime_original,v02_default,0.1,0.34,federation_cluster_attack,high_stress,10,10,0,1.0,1.0,0.0,0.0,5.2,5.0,4.0,6.0,0.0
grand_sim_v0_4,with_regime_original,v02_default,0.1,0.34,psi_corruption,low_stress,10,10,0,1.0,1.0,0.0,0.0,7.3,6.0,4.0,13.0,0.0
grand_sim_v0_4,with_regime_original,v02_default,0.1,0.34,psi_corruption,mid_stress,10,10,0,1.0,1.0,0.0,0.0,4.0,4.0,3.0,5.0,0.0
grand_sim_v0_4,with_regime_original,v02_default,0.1,0.34,psi_corruption,high_stress,10,10,0,1.0,1.0,0.0,0.0,5.4,5.0,4.0,7.0,0.0
grand_sim_v0_4,with_regime_original,v02_default,0.1,0.36,async_message_loss,low_stress,10,0,10,0.0,0.0,0.0,0.0,0.0,0.0,,,0.0
grand_sim_v0_4,with_regime_original,v02_default,0.1,0.36,async_message_loss,mid_stress,10,0,10,0.0,0.0,0.0,0.0,0.0,0.0,,,0.0
grand_sim_v0_4,with_regime_original,v02_default,0.1,0.36,async_message_loss,high_stress,10,10,0,1.0,1.0,0.0,0.0,8.2,8.0,7.0,9.0,0.0
grand_sim_v0_4,with_regime_original,v02_default,0.1,0.36,federation_bridge_stress,low_stress,10,0,10,0.0,0.0,0.0,0.0,0.0,0.0,,,0.0
grand_sim_v0_4,with_regime_original,v02_default,0.1,0.36,federation_bridge_stress,mid_stress,10,0,10,0.0,0.0,0.0,0.0,0.0,0.0,,,0.0
grand_sim_v0_4,with_regime_original,v02_default,0.1,0.36,federation_bridge_stress,high_stress,10,10,0,1.0,1.0,0.0,0.0,3.9,4.0,3.0,5.0,0.0
grand_sim_v0_4,with_regime_original,v02_default,0.1,0.36,federation_cluster_attack,low_stress,10,10,0,1.0,1.0,0.0,0.0,9.1,9.0,5.0,12.0,0.0
grand_sim_v0_4,with_regime_original,v02_default,0.1,0.36,federation_cluster_attack,mid_stress,10,10,0,1.0,1.0,0.0,0.0,4.5,5.0,3.0,6.0,0.0
grand_sim_v0_4,with_regime_original,v02_default,0.1,0.36,federation_cluster_attack,high_stress,10,10,0,1.0,1.0,0.0,0.0,4.2,4.0,3.0,5.0,0.0
grand_sim_v0_4,with_regime_original,v02_default,0.1,0.36,psi_corruption,low_stress,10,10,0,1.0,1.0,0.0,0.0,7.0,6.0,4.0,12.0,0.0
grand_sim_v0_4,with_regime_original,v02_default,0.1,0.36,psi_corruption,mid_stress,10,10,0,1.0,1.0,0.0,0.0,3.8,4.0,3.0,5.0,0.0
grand_sim_v0_4,with_regime_original,v02_default,0.1,0.36,psi_corruption,high_stress,10,10,0,1.0,1.0,0.0,0.0,4.3,4.0,3.0,6.0,0.0
grand_sim_v0_4,with_regime_original,v02_default,0.1,0.38,async_message_loss,low_stress,10,0,10,0.0,0.0,0.0,0.0,0.0,0.0,,,0.0
grand_sim_v0_4,with_regime_original,v02_default,0.1,0.38,async_message_loss,mid_stress,10,0,10,0.0,0.0,0.0,0.0,0.0,0.0,,,0.0
grand_sim_v0_4,with_regime_original,v02_default,0.1,0.38,async_message_loss,high_stress,10,10,0,1.0,1.0,0.0,0.0,7.0,7.0,6.0,8.0,0.0
grand_sim_v0_4,with_regime_original,v02_default,0.1,0.38,federation_bridge_stress,low_stress,10,0,10,0.0,0.0,0.0,0.0,0.0,0.0,,,0.0
grand_sim_v0_4,with_regime_original,v02_default,0.1,0.38,federation_bridge_stress,mid_stress,10,0,10,0.0,0.0,0.0,0.0,0.0,0.0,,,0.0
grand_sim_v0_4,with_regime_original,v02_default,0.1,0.38,federation_bridge_stress,high_stress,10,10,0,1.0,1.0,0.0,0.0,2.9,3.0,2.0,4.0,0.0
grand_sim_v0_4,with_regime_original,v02_default,0.1,0.38,federation_cluster_attack,low_stress,10,10,0,1.0,0.6,0.0,0.0,0.833333,1.0,0.0,2.0,2.0
grand_sim_v0_4,with_regime_original,v02_default,0.1,0.38,federation_cluster_attack,mid_stress,10,10,0,1.0,0.9,0.0,0.0,1.0,1.0,0.0,2.0,1.0
grand_sim_v0_4,with_regime_original,v02_default,0.1,0.38,federation_cluster_attack,high_stress,10,10,0,1.0,1.0,0.0,0.0,3.0,3.0,2.0,4.0,0.0
grand_sim_v0_4,with_regime_original,v02_default,0.1,0.38,psi_corruption,low_stress,10,10,0,1.0,0.9,0.0,0.0,0.777778,0.0,0.0,2.0,1.0
grand_sim_v0_4,with_regime_original,v02_default,0.1,0.38,psi_corruption,mid_stress,10,10,0,1.0,0.9,0.0,0.0,1.0,1.0,0.0,2.0,1.0
grand_sim_v0_4,with_regime_original,v02_default,0.1,0.38,psi_corruption,high_stress,10,10,0,1.0,1.0,0.0,0.0,3.2,3.0,2.0,5.0,0.0
grand_sim_v0_4,with_regime_original,v02_default,0.1,0.4,async_message_loss,low_stress,10,0,10,0.0,0.0,0.0,0.0,0.0,0.0,,,0.0
grand_sim_v0_4,with_regime_original,v02_default,0.1,0.4,async_message_loss,mid_stress,10,0,10,0.0,0.0,0.0,0.0,0.0,0.0,,,0.0
grand_sim_v0_4,with_regime_original,v02_default,0.1,0.4,async_message_loss,high_stress,10,10,0,1.0,1.0,0.0,0.0,6.0,6.0,5.0,7.0,0.0
grand_sim_v0_4,with_regime_original,v02_default,0.1,0.4,federation_bridge_stress,low_stress,10,0,10,0.0,0.0,0.0,0.0,0.0,0.0,,,0.0
grand_sim_v0_4,with_regime_original,v02_default,0.1,0.4,federation_bridge_stress,mid_stress,10,0,10,0.0,0.0,0.0,0.0,0.0,0.0,,,0.0
grand_sim_v0_4,with_regime_original,v02_default,0.1,0.4,federation_bridge_stress,high_stress,10,10,0,1.0,1.0,0.0,0.0,1.9,2.0,1.0,3.0,0.0
grand_sim_v0_4,with_regime_original,v02_default,0.1,0.4,federation_cluster_attack,low_stress,10,10,0,0.0,0.0,1.0,0.0,0.0,0.0,,,0.0
grand_sim_v0_4,with_regime_original,v02_default,0.1,0.4,federation_cluster_attack,mid_stress,10,10,0,1.0,0.0,0.0,0.0,0.0,0.0,,,3.2
grand_sim_v0_4,with_regime_original,v02_default,0.1,0.4,federation_cluster_attack,high_stress,10,10,0,1.0,1.0,0.0,0.0,2.0,2.0,1.0,3.0,0.0
grand_sim_v0_4,with_regime_original,v02_default,0.1,0.4,psi_corruption,low_stress,10,10,0,1.0,0.0,0.0,0.0,0.0,0.0,,,12.3
grand_sim_v0_4,with_regime_original,v02_default,0.1,0.4,psi_corruption,mid_stress,10,10,0,1.0,0.0,0.0,0.0,0.0,0.0,,,2.8
grand_sim_v0_4,with_regime_original,v02_default,0.1,0.4,psi_corruption,high_stress,10,10,0,1.0,1.0,0.0,0.0,2.3,2.0,1.0,4.0,0.0
grand_sim_v0_4,with_regime_original,v02_default,0.1,0.42,async_message_loss,low_stress,10,0,10,0.0,0.0,0.0,0.0,0.0,0.0,,,0.0
grand_sim_v0_4,with_regime_original,v02_default,0.1,0.42,async_message_loss,mid_stress,10,0,10,0.0,0.0,0.0,0.0,0.0,0.0,,,0.0
grand_sim_v0_4,with_regime_original,v02_default,0.1,0.42,async_message_loss,high_stress,10,10,0,1.0,1.0,0.0,0.0,4.7,5.0,3.0,6.0,0.0
grand_sim_v0_4,with_regime_original,v02_default,0.1,0.42,federation_bridge_stress,low_stress,10,0,10,0.0,0.0,0.0,0.0,0.0,0.0,,,0.0
grand_sim_v0_4,with_regime_original,v02_default,0.1,0.42,federation_bridge_stress,mid_stress,10,0,10,0.0,0.0,0.0,0.0,0.0,0.0,,,0.0
grand_sim_v0_4,with_regime_original,v02_default,0.1,0.42,federation_bridge_stress,high_stress,10,10,0,1.0,1.0,0.0,0.0,1.1,1.0,0.0,2.0,0.0
grand_sim_v0_4,with_regime_original,v02_default,0.1,0.42,federation_cluster_attack,low_stress,10,10,0,0.0,0.0,1.0,0.0,0.0,0.0,,,0.0
grand_sim_v0_4,with_regime_original,v02_default,0.1,0.42,federation_cluster_attack,mid_stress,10,10,0,1.0,0.0,0.0,0.0,0.0,0.0,,,6.4
grand_sim_v0_4,with_regime_original,v02_default,0.1,0.42,federation_cluster_attack,high_stress,10,10,0,1.0,1.0,0.0,0.0,1.6,1.0,1.0,3.0,0.0
grand_sim_v0_4,with_regime_original,v02_default,0.1,0.42,psi_corruption,low_stress,10,10,0,0.0,0.0,1.0,0.0,0.0,0.0,,,0.0
grand_sim_v0_4,with_regime_original,v02_default,0.1,0.42,psi_corruption,mid_stress,10,10,0,1.0,0.0,0.0,0.0,0.0,0.0,,,7.1
grand_sim_v0_4,with_regime_original,v02_default,0.1,0.42,psi_corruption,high_stress,10,10,0,1.0,1.0,0.0,0.0,1.4,1.0,0.0,3.0,0.0
grand_sim_v0_4,with_regime_original,v02_default,0.1,0.44,async_message_loss,low_stress,10,0,10,0.0,0.0,0.0,0.0,0.0,0.0,,,0.0
grand_sim_v0_4,with_regime_original,v02_default,0.1,0.44,async_message_loss,mid_stress,10,0,10,0.0,0.0,0.0,0.0,0.0,0.0,,,0.0
grand_sim_v0_4,with_regime_original,v02_default,0.1,0.44,async_message_loss,high_stress,10,10,0,1.0,1.0,0.0,0.0,3.4,3.0,2.0,5.0,0.0
grand_sim_v0_4,with_regime_original,v02_default,0.1,0.44,federation_bridge_stress,low_stress,10,0,10,0.0,0.0,0.0,0.0,0.0,0.0,,,0.0
grand_sim_v0_4,with_regime_original,v02_default,0.1,0.44,federation_bridge_stress,mid_stress,10,0,10,0.0,0.0,0.0,0.0,0.0,0.0,,,0.0
grand_sim_v0_4,with_regime_original,v02_default,0.1,0.44,federation_bridge_stress,high_stress,10,10,0,1.0,1.0,0.0,0.0,0.8,1.0,0.0,1.0,0.0
grand_sim_v0_4,with_regime_original,v02_default,0.1,0.44,federation_cluster_attack,low_stress,10,10,0,0.0,0.0,1.0,0.0,0.0,0.0,,,0.0
grand_sim_v0_4,with_regime_original,v02_default,0.1,0.44,federation_cluster_attack,mid_stress,10,10,0,1.0,0.0,0.0,0.0,0.0,0.0,,,10.0
grand_sim_v0_4,with_regime_original,v02_default,0.1,0.44,federation_cluster_attack,high_stress,10,10,0,1.0,1.0,0.0,0.0,1.5,1.0,1.0,3.0,0.0
grand_sim_v0_4,with_regime_original,v02_default,0.1,0.44,psi_corruption,low_stress,10,10,0,0.0,0.0,1.0,0.0,0.0,0.0,,,0.0
grand_sim_v0_4,with_regime_original,v02_default,0.1,0.44,psi_corruption,mid_stress,10,10,0,1.0,0.0,0.0,0.0,0.0,0.0,,,11.3
grand_sim_v0_4,with_regime_original,v02_default,0.1,0.44,psi_corruption,high_stress,10,10,0,1.0,1.0,0.0,0.0,1.0,1.0,0.0,2.0,0.0
grand_sim_v0_4,with_regime_original,v02_default,0.1,0.46,async_message_loss,low_stress,10,0,10,0.0,0.0,0.0,0.0,0.0,0.0,,,0.0
grand_sim_v0_4,with_regime_original,v02_default,0.1,0.46,async_message_loss,mid_stress,10,0,10,0.0,0.0,0.0,0.0,0.0,0.0,,,0.0
grand_sim_v0_4,with_regime_original,v02_default,0.1,0.46,async_message_loss,high_stress,10,10,0,1.0,1.0,0.0,0.0,2.2,2.0,1.0,4.0,0.0
grand_sim_v0_4,with_regime_original,v02_default,0.1,0.46,federation_bridge_stress,low_stress,10,0,10,0.0,0.0,0.0,0.0,0.0,0.0,,,0.0
grand_sim_v0_4,with_regime_original,v02_default,0.1,0.46,federation_bridge_stress,mid_stress,10,0,10,0.0,0.0,0.0,0.0,0.0,0.0,,,0.0
grand_sim_v0_4,with_regime_original,v02_default,0.1,0.46,federation_bridge_stress,high_stress,10,10,0,1.0,1.0,0.0,0.0,0.7,1.0,0.0,1.0,0.0
grand_sim_v0_4,with_regime_original,v02_default,0.1,0.46,federation_cluster_attack,low_stress,10,10,0,0.0,0.0,1.0,0.0,0.0,0.0,,,0.0
grand_sim_v0_4,with_regime_original,v02_default,0.1,0.46,federation_cluster_attack,mid_stress,10,10,0,1.0,0.0,0.0,0.0,0.0,0.0,,,15.0
grand_sim_v0_4,with_regime_original,v02_default,0.1,0.46,federation_cluster_attack,high_stress,10,10,0,1.0,1.0,0.0,0.0,1.3,1.0,1.0,2.0,0.0
grand_sim_v0_4,with_regime_original,v02_default,0.1,0.46,psi_corruption,low_stress,10,10,0,0.0,0.0,1.0,0.0,0.0,0.0,,,0.0
grand_sim_v0_4,with_regime_original,v02_default,0.1,0.46,psi_corruption,mid_stress,10,10,0,1.0,0.0,0.0,0.0,0.0,0.0,,,16.1
grand_sim_v0_4,with_regime_original,v02_default,0.1,0.46,psi_corruption,high_stress,10,10,0,1.0,1.0,0.0,0.0,1.0,1.0,0.0,2.0,0.0
grand_sim_v0_4,with_regime_original,v02_default,0.1,0.48,async_message_loss,low_stress,10,0,10,0.0,0.0,0.0,0.0,0.0,0.0,,,0.0
grand_sim_v0_4,with_regime_original,v02_default,0.1,0.48,async_message_loss,mid_stress,10,0,10,0.0,0.0,0.0,0.0,0.0,0.0,,,0.0
grand_sim_v0_4,with_regime_original,v02_default,0.1,0.48,async_message_loss,high_stress,10,10,0,1.0,1.0,0.0,0.0,1.6,1.0,1.0,3.0,0.0
grand_sim_v0_4,with_regime_original,v02_default,0.1,0.48,federation_bridge_stress,low_stress,10,0,10,0.0,0.0,0.0,0.0,0.0,0.0,,,0.0
grand_sim_v0_4,with_regime_original,v02_default,0.1,0.48,federation_bridge_stress,mid_stress,10,0,10,0.0,0.0,0.0,0.0,0.0,0.0,,,0.0
grand_sim_v0_4,with_regime_original,v02_default,0.1,0.48,federation_bridge_stress,high_stress,10,10,0,1.0,1.0,0.0,0.0,0.6,1.0,0.0,1.0,0.0
grand_sim_v0_4,with_regime_original,v02_default,0.1,0.48,federation_cluster_attack,low_stress,10,10,0,0.0,0.0,1.0,0.0,0.0,0.0,,,0.0
grand_sim_v0_4,with_regime_original,v02_default,0.1,0.48,federation_cluster_attack,mid_stress,10,10,0,1.0,0.0,0.0,0.0,0.0,0.0,,,22.3
grand_sim_v0_4,with_regime_original,v02_default,0.1,0.48,federation_cluster_attack,high_stress,10,10,0,1.0,1.0,0.0,0.0,0.7,1.0,0.0,2.0,0.0
grand_sim_v0_4,with_regime_original,v02_default,0.1,0.48,psi_corruption,low_stress,10,10,0,0.0,0.0,1.0,0.0,0.0,0.0,,,0.0
grand_sim_v0_4,with_regime_original,v02_default,0.1,0.48,psi_corruption,mid_stress,10,10,0,1.0,0.0,0.0,0.0,0.0,0.0,,,22.4
grand_sim_v0_4,with_regime_original,v02_default,0.1,0.48,psi_corruption,high_stress,10,10,0,1.0,1.0,0.0,0.0,1.0,1.0,0.0,2.0,0.0
grand_sim_v0_4,with_regime_original,v02_default,0.1,0.5,async_message_loss,low_stress,10,0,10,0.0,0.0,0.0,0.0,0.0,0.0,,,0.0
grand_sim_v0_4,with_regime_original,v02_default,0.1,0.5,async_message_loss,mid_stress,10,0,10,0.0,0.0,0.0,0.0,0.0,0.0,,,0.0
grand_sim_v0_4,with_regime_original,v02_default,0.1,0.5,async_message_loss,high_stress,10,10,0,1.0,1.0,0.0,0.0,1.6,1.0,1.0,3.0,0.0
grand_sim_v0_4,with_regime_original,v02_default,0.1,0.5,federation_bridge_stress,low_stress,10,0,10,0.0,0.0,0.0,0.0,0.0,0.0,,,0.0
grand_sim_v0_4,with_regime_original,v02_default,0.1,0.5,federation_bridge_stress,mid_stress,10,0,10,0.0,0.0,0.0,0.0,0.0,0.0,,,0.0
grand_sim_v0_4,with_regime_original,v02_default,0.1,0.5,federation_bridge_stress,high_stress,10,10,0,1.0,0.7,0.0,0.0,0.142857,0.0,0.0,1.0,1.0
grand_sim_v0_4,with_regime_original,v02_default,0.1,0.5,federation_cluster_attack,low_stress,10,10,0,0.0,0.0,1.0,0.0,0.0,0.0,,,0.0
grand_sim_v0_4,with_regime_original,v02_default,0.1,0.5,federation_cluster_attack,mid_stress,10,10,0,1.0,0.0,0.0,0.0,0.0,0.0,,,31.7
grand_sim_v0_4,with_regime_original,v02_default,0.1,0.5,federation_cluster_attack,high_stress,10,10,0,1.0,0.8,0.0,0.0,0.25,0.0,0.0,1.0,1.0
grand_sim_v0_4,with_regime_original,v02_default,0.1,0.5,psi_corruption,low_stress,10,10,0,0.0,0.0,1.0,0.0,0.0,0.0,,,0.0
grand_sim_v0_4,with_regime_original,v02_default,0.1,0.5,psi_corruption,mid_stress,10,10,0,1.0,0.0,0.0,0.0,0.0,0.0,,,30.8
grand_sim_v0_4,with_regime_original,v02_default,0.1,0.5,psi_corruption,high_stress,10,10,0,1.0,0.9,0.0,0.0,0.333333,0.0,0.0,1.0,1.0
grand_sim_v0_4,with_regime_original,v02_default,0.1,0.52,async_message_loss,low_stress,10,0,10,0.0,0.0,0.0,0.0,0.0,0.0,,,0.0
grand_sim_v0_4,with_regime_original,v02_default,0.1,0.52,async_message_loss,mid_stress,10,0,10,0.0,0.0,0.0,0.0,0.0,0.0,,,0.0
grand_sim_v0_4,with_regime_original,v02_default,0.1,0.52,async_message_loss,high_stress,10,10,0,1.0,1.0,0.0,0.0,1.6,1.0,1.0,3.0,0.0
grand_sim_v0_4,with_regime_original,v02_default,0.1,0.52,federation_bridge_stress,low_stress,10,0,10,0.0,0.0,0.0,0.0,0.0,0.0,,,0.0
grand_sim_v0_4,with_regime_original,v02_default,0.1,0.52,federation_bridge_stress,mid_stress,10,0,10,0.0,0.0,0.0,0.0,0.0,0.0,,,0.0
grand_sim_v0_4,with_regime_original,v02_default,0.1,0.52,federation_bridge_stress,high_stress,10,10,0,1.0,0.3,0.0,0.0,0.0,0.0,0.0,0.0,1.142857
grand_sim_v0_4,with_regime_original,v02_default,0.1,0.52,federation_cluster_attack,low_stress,10,10,0,0.0,0.0,1.0,0.0,0.0,0.0,,,0.0
grand_sim_v0_4,with_regime_original,v02_default,0.1,0.52,federation_cluster_attack,mid_stress,10,10,0,0.6,0.0,0.4,0.0,0.0,0.0,,,44.0
grand_sim_v0_4,with_regime_original,v02_default,0.1,0.52,federation_cluster_attack,high_stress,10,10,0,1.0,0.4,0.0,0.0,0.0,0.0,0.0,0.0,1.166667
grand_sim_v0_4,with_regime_original,v02_default,0.1,0.52,psi_corruption,low_stress,10,10,0,0.0,0.0,1.0,0.0,0.0,0.0,,,0.0
grand_sim_v0_4,with_regime_original,v02_default,0.1,0.52,psi_corruption,mid_stress,10,10,0,1.0,0.0,0.0,0.0,0.0,0.0,,,42.0
grand_sim_v0_4,with_regime_original,v02_default,0.1,0.52,psi_corruption,high_stress,10,10,0,1.0,0.5,0.0,0.0,0.2,0.0,0.0,1.0,1.2
grand_sim_v0_4,with_regime_original,v02_default,0.1,0.54,async_message_loss,low_stress,10,0,10,0.0,0.0,0.0,0.0,0.0,0.0,,,0.0
grand_sim_v0_4,with_regime_original,v02_default,0.1,0.54,async_message_loss,mid_stress,10,0,10,0.0,0.0,0.0,0.0,0.0,0.0,,,0.0
grand_sim_v0_4,with_regime_original,v02_default,0.1,0.54,async_message_loss,high_stress,10,10,0,1.0,1.0,0.0,0.0,0.8,1.0,0.0,2.0,0.0
grand_sim_v0_4,with_regime_original,v02_default,0.1,0.54,federation_bridge_stress,low_stress,10,0,10,0.0,0.0,0.0,0.0,0.0,0.0,,,0.0
grand_sim_v0_4,with_regime_original,v02_default,0.1,0.54,federation_bridge_stress,mid_stress,10,0,10,0.0,0.0,0.0,0.0,0.0,0.0,,,0.0
grand_sim_v0_4,with_regime_original,v02_default,0.1,0.54,federation_bridge_stress,high_stress,10,10,0,1.0,0.2,0.0,0.0,0.0,0.0,0.0,0.0,1.375
grand_sim_v0_4,with_regime_original,v02_default,0.1,0.54,federation_cluster_attack,low_stress,10,10,0,0.0,0.0,1.0,0.0,0.0,0.0,,,0.0
grand_sim_v0_4,with_regime_original,v02_default,0.1,0.54,federation_cluster_attack,mid_stress,10,10,0,0.0,0.0,1.0,0.0,0.0,0.0,,,0.0
grand_sim_v0_4,with_regime_original,v02_default,0.1,0.54,federation_cluster_attack,high_stress,10,10,0,1.0,0.0,0.0,0.0,0.0,0.0,,,1.3
grand_sim_v0_4,with_regime_original,v02_default,0.1,0.54,psi_corruption,low_stress,10,10,0,0.0,0.0,1.0,0.0,0.0,0.0,,,0.0
grand_sim_v0_4,with_regime_original,v02_default,0.1,0.54,psi_corruption,mid_stress,10,10,0,0.0,0.0,1.0,0.0,0.0,0.0,,,0.0
grand_sim_v0_4,with_regime_original,v02_default,0.1,0.54,psi_corruption,high_stress,10,10,0,1.0,0.2,0.0,0.0,0.0,0.0,0.0,0.0,1.125
grand_sim_v0_4,with_regime_original,v02_default,0.1,0.56,async_message_loss,low_stress,10,0,10,0.0,0.0,0.0,0.0,0.0,0.0,,,0.0
grand_sim_v0_4,with_regime_original,v02_default,0.1,0.56,async_message_loss,mid_stress,10,0,10,0.0,0.0,0.0,0.0,0.0,0.0,,,0.0
grand_sim_v0_4,with_regime_original,v02_default,0.1,0.56,async_message_loss,high_stress,10,10,0,1.0,0.6,0.0,0.0,0.166667,0.0,0.0,1.0,1.0
grand_sim_v0_4,with_regime_original,v02_default,0.1,0.56,federation_bridge_stress,low_stress,10,0,10,0.0,0.0,0.0,0.0,0.0,0.0,,,0.0
grand_sim_v0_4,with_regime_original,v02_default,0.1,0.56,federation_bridge_stress,mid_stress,10,0,10,0.0,0.0,0.0,0.0,0.0,0.0,,,0.0
grand_sim_v0_4,with_regime_original,v02_default,0.1,0.56,federation_bridge_stress,high_stress,10,10,0,1.0,0.0,0.0,0.0,0.0,0.0,,,1.4
grand_sim_v0_4,with_regime_original,v02_default,0.1,0.56,federation_cluster_attack,low_stress,10,10,0,0.0,0.0,1.0,0.0,0.0,0.0,,,0.0
grand_sim_v0_4,with_regime_original,v02_default,0.1,0.56,federation_cluster_attack,mid_stress,10,10,0,0.0,0.0,1.0,0.0,0.0,0.0,,,0.0
grand_sim_v0_4,with_regime_original,v02_default,0.1,0.56,federation_cluster_attack,high_stress,10,10,0,1.0,0.0,0.0,0.0,0.0,0.0,,,1.6
grand_sim_v0_4,with_regime_original,v02_default,0.1,0.56,psi_corruption,low_stress,10,10,0,0.0,0.0,1.0,0.0,0.0,0.0,,,0.0
grand_sim_v0_4,with_regime_original,v02_default,0.1,0.56,psi_corruption,mid_stress,10,10,0,0.0,0.0,1.0,0.0,0.0,0.0,,,0.0
grand_sim_v0_4,with_regime_original,v02_default,0.1,0.56,psi_corruption,high_stress,10,10,0,1.0,0.1,0.0,0.0,0.0,0.0,0.0,0.0,1.222222
grand_sim_v0_4,with_regime_original,v02_default,0.1,0.58,async_message_loss,low_stress,10,0,10,0.0,0.0,0.0,0.0,0.0,0.0,,,0.0
grand_sim_v0_4,with_regime_original,v02_default,0.1,0.58,async_message_loss,mid_stress,10,0,10,0.0,0.0,0.0,0.0,0.0,0.0,,,0.0
grand_sim_v0_4,with_regime_original,v02_default,0.1,0.58,async_message_loss,high_stress,10,10,0,1.0,0.1,0.0,0.0,0.0,0.0,0.0,0.0,1.333333
grand_sim_v0_4,with_regime_original,v02_default,0.1,0.58,federation_bridge_stress,low_stress,10,0,10,0.0,0.0,0.0,0.0,0.0,0.0,,,0.0
grand_sim_v0_4,with_regime_original,v02_default,0.1,0.58,federation_bridge_stress,mid_stress,10,0,10,0.0,0.0,0.0,0.0,0.0,0.0,,,0.0
grand_sim_v0_4,with_regime_original,v02_default,0.1,0.58,federation_bridge_stress,high_stress,10,10,0,1.0,0.0,0.0,0.0,0.0,0.0,,,2.0
grand_sim_v0_4,with_regime_original,v02_default,0.1,0.58,federation_cluster_attack,low_stress,10,10,0,0.0,0.0,1.0,0.0,0.0,0.0,,,0.0
grand_sim_v0_4,with_regime_original,v02_default,0.1,0.58,federation_cluster_attack,mid_stress,10,10,0,0.0,0.0,1.0,0.0,0.0,0.0,,,0.0
grand_sim_v0_4,with_regime_original,v02_default,0.1,0.58,federation_cluster_attack,high_stress,10,10,0,1.0,0.0,0.0,0.0,0.0,0.0,,,2.2
grand_sim_v0_4,with_regime_original,v02_default,0.1,0.58,psi_corruption,low_stress,10,10,0,0.0,0.0,1.0,0.0,0.0,0.0,,,0.0
grand_sim_v0_4,with_regime_original,v02_default,0.1,0.58,psi_corruption,mid_stress,10,10,0,0.0,0.0,1.0,0.0,0.0,0.0,,,0.0
grand_sim_v0_4,with_regime_original,v02_default,0.1,0.58,psi_corruption,high_stress,10,10,0,1.0,0.0,0.0,0.0,0.0,0.0,,,1.8
grand_sim_v0_4,with_regime_original,v02_default,0.1,0.6,async_message_loss,low_stress,10,0,10,0.0,0.0,0.0,0.0,0.0,0.0,,,0.0
grand_sim_v0_4,with_regime_original,v02_default,0.1,0.6,async_message_loss,mid_stress,10,0,10,0.0,0.0,0.0,0.0,0.0,0.0,,,0.0
grand_sim_v0_4,with_regime_original,v02_default,0.1,0.6,async_message_loss,high_stress,10,10,0,1.0,0.0,0.0,0.0,0.0,0.0,,,1.6
grand_sim_v0_4,with_regime_original,v02_default,0.1,0.6,federation_bridge_stress,low_stress,10,0,10,0.0,0.0,0.0,0.0,0.0,0.0,,,0.0
grand_sim_v0_4,with_regime_original,v02_default,0.1,0.6,federation_bridge_stress,mid_stress,10,0,10,0.0,0.0,0.0,0.0,0.0,0.0,,,0.0
grand_sim_v0_4,with_regime_original,v02_default,0.1,0.6,federation_bridge_stress,high_stress,10,10,0,1.0,0.0,0.0,0.0,0.0,0.0,,,2.8
grand_sim_v0_4,with_regime_original,v02_default,0.1,0.6,federation_cluster_attack,low_stress,10,10,0,0.0,0.0,1.0,0.0,0.0,0.0,,,0.0
grand_sim_v0_4,with_regime_original,v02_default,0.1,0.6,federation_cluster_attack,mid_stress,10,10,0,0.0,0.0,1.0,0.0,0.0,0.0,,,0.0
grand_sim_v0_4,with_regime_original,v02_default,0.1,0.6,federation_cluster_attack,high_stress,10,10,0,1.0,0.0,0.0,0.0,0.0,0.0,,,3.2
grand_sim_v0_4,with_regime_original,v02_default,0.1,0.6,psi_corruption,low_stress,10,10,0,0.0,0.0,1.0,0.0,0.0,0.0,,,0.0
grand_sim_v0_4,with_regime_original,v02_default,0.1,0.6,psi_corruption,mid_stress,10,10,0,0.0,0.0,1.0,0.0,0.0,0.0,,,0.0
grand_sim_v0_4,with_regime_original,v02_default,0.1,0.6,psi_corruption,high_stress,10,10,0,1.0,0.0,0.0,0.0,0.0,0.0,,,2.4
grand_sim_v0_4,no_regime_ablation,v02_default,0.1,0.1,async_message_loss,low_stress,10,0,10,0.0,0.0,0.0,1.0,0.0,0.0,,,0.0
grand_sim_v0_4,no_regime_ablation,v02_default,0.1,0.1,async_message_loss,mid_stress,10,0,10,0.0,0.0,0.0,1.0,0.0,0.0,,,0.0
grand_sim_v0_4,no_regime_ablation,v02_default,0.1,0.1,async_message_loss,high_stress,10,10,0,1.0,1.0,0.0,0.0,31.4,31.0,29.0,33.0,0.0
grand_sim_v0_4,no_regime_ablation,v02_default,0.1,0.1,federation_bridge_stress,low_stress,10,0,10,0.0,0.0,0.0,1.0,0.0,0.0,,,0.0
grand_sim_v0_4,no_regime_ablation,v02_default,0.1,0.1,federation_bridge_stress,mid_stress,10,0,10,0.0,0.0,0.0,1.0,0.0,0.0,,,0.0
grand_sim_v0_4,no_regime_ablation,v02_default,0.1,0.1,federation_bridge_stress,high_stress,10,10,0,1.0,1.0,0.0,0.0,24.7,24.0,23.0,27.0,0.0
grand_sim_v0_4,no_regime_ablation,v02_default,0.1,0.1,federation_cluster_attack,low_stress,10,10,0,1.0,1.0,0.0,0.0,97.2,98.0,92.0,99.0,0.0
grand_sim_v0_4,no_regime_ablation,v02_default,0.1,0.1,federation_cluster_attack,mid_stress,10,10,0,1.0,1.0,0.0,0.0,65.9,66.0,62.0,67.0,0.0
grand_sim_v0_4,no_regime_ablation,v02_default,0.1,0.1,federation_cluster_attack,high_stress,10,10,0,1.0,1.0,0.0,0.0,26.5,27.0,25.0,28.0,0.0
grand_sim_v0_4,no_regime_ablation,v02_default,0.1,0.1,psi_corruption,low_stress,10,10,0,1.0,1.0,0.0,0.0,87.1,87.0,86.0,88.0,0.0
grand_sim_v0_4,no_regime_ablation,v02_default,0.1,0.1,psi_corruption,mid_stress,10,10,0,1.0,1.0,0.0,0.0,59.9,60.0,57.0,61.0,0.0
grand_sim_v0_4,no_regime_ablation,v02_default,0.1,0.1,psi_corruption,high_stress,10,10,0,1.0,1.0,0.0,0.0,24.6,24.0,23.0,27.0,0.0
grand_sim_v0_4,no_regime_ablation,v02_default,0.1,0.12,async_message_loss,low_stress,10,0,10,0.0,0.0,0.0,1.0,0.0,0.0,,,0.0
grand_sim_v0_4,no_regime_ablation,v02_default,0.1,0.12,async_message_loss,mid_stress,10,0,10,0.0,0.0,0.0,1.0,0.0,0.0,,,0.0
grand_sim_v0_4,no_regime_ablation,v02_default,0.1,0.12,async_message_loss,high_stress,10,10,0,1.0,1.0,0.0,0.0,31.4,31.0,29.0,33.0,0.0
grand_sim_v0_4,no_regime_ablation,v02_default,0.1,0.12,federation_bridge_stress,low_stress,10,0,10,0.0,0.0,0.0,1.0,0.0,0.0,,,0.0
grand_sim_v0_4,no_regime_ablation,v02_default,0.1,0.12,federation_bridge_stress,mid_stress,10,0,10,0.0,0.0,0.0,1.0,0.0,0.0,,,0.0
grand_sim_v0_4,no_regime_ablation,v02_default,0.1,0.12,federation_bridge_stress,high_stress,10,10,0,1.0,1.0,0.0,0.0,24.7,24.0,23.0,27.0,0.0
grand_sim_v0_4,no_regime_ablation,v02_default,0.1,0.12,federation_cluster_attack,low_stress,10,10,0,1.0,1.0,0.0,0.0,97.2,98.0,92.0,99.0,0.0
grand_sim_v0_4,no_regime_ablation,v02_default,0.1,0.12,federation_cluster_attack,mid_stress,10,10,0,1.0,1.0,0.0,0.0,65.9,66.0,62.0,67.0,0.0
grand_sim_v0_4,no_regime_ablation,v02_default,0.1,0.12,federation_cluster_attack,high_stress,10,10,0,1.0,1.0,0.0,0.0,26.5,27.0,25.0,28.0,0.0
grand_sim_v0_4,no_regime_ablation,v02_default,0.1,0.12,psi_corruption,low_stress,10,10,0,1.0,1.0,0.0,0.0,87.1,87.0,86.0,88.0,0.0
grand_sim_v0_4,no_regime_ablation,v02_default,0.1,0.12,psi_corruption,mid_stress,10,10,0,1.0,1.0,0.0,0.0,59.9,60.0,57.0,61.0,0.0
grand_sim_v0_4,no_regime_ablation,v02_default,0.1,0.12,psi_corruption,high_stress,10,10,0,1.0,1.0,0.0,0.0,24.6,24.0,23.0,27.0,0.0
grand_sim_v0_4,no_regime_ablation,v02_default,0.1,0.14,async_message_loss,low_stress,10,0,10,0.0,0.0,0.0,1.0,0.0,0.0,,,0.0
grand_sim_v0_4,no_regime_ablation,v02_default,0.1,0.14,async_message_loss,mid_stress,10,0,10,0.0,0.0,0.0,1.0,0.0,0.0,,,0.0
grand_sim_v0_4,no_regime_ablation,v02_default,0.1,0.14,async_message_loss,high_stress,10,10,0,1.0,1.0,0.0,0.0,31.4,31.0,29.0,33.0,0.0
grand_sim_v0_4,no_regime_ablation,v02_default,0.1,0.14,federation_bridge_stress,low_stress,10,0,10,0.0,0.0,0.0,1.0,0.0,0.0,,,0.0
grand_sim_v0_4,no_regime_ablation,v02_default,0.1,0.14,federation_bridge_stress,mid_stress,10,0,10,0.0,0.0,0.0,1.0,0.0,0.0,,,0.0
grand_sim_v0_4,no_regime_ablation,v02_default,0.1,0.14,federation_bridge_stress,high_stress,10,10,0,1.0,1.0,0.0,0.0,24.7,24.0,23.0,27.0,0.0
grand_sim_v0_4,no_regime_ablation,v02_default,0.1,0.14,federation_cluster_attack,low_stress,10,10,0,1.0,1.0,0.0,0.0,97.2,98.0,92.0,99.0,0.0
grand_sim_v0_4,no_regime_ablation,v02_default,0.1,0.14,federation_cluster_attack,mid_stress,10,10,0,1.0,1.0,0.0,0.0,65.9,66.0,62.0,67.0,0.0
grand_sim_v0_4,no_regime_ablation,v02_default,0.1,0.14,federation_cluster_attack,high_stress,10,10,0,1.0,1.0,0.0,0.0,26.5,27.0,25.0,28.0,0.0
grand_sim_v0_4,no_regime_ablation,v02_default,0.1,0.14,psi_corruption,low_stress,10,10,0,1.0,1.0,0.0,0.0,87.1,87.0,86.0,88.0,0.0
grand_sim_v0_4,no_regime_ablation,v02_default,0.1,0.14,psi_corruption,mid_stress,10,10,0,1.0,1.0,0.0,0.0,59.9,60.0,57.0,61.0,0.0
grand_sim_v0_4,no_regime_ablation,v02_default,0.1,0.14,psi_corruption,high_stress,10,10,0,1.0,1.0,0.0,0.0,24.6,24.0,23.0,27.0,0.0
grand_sim_v0_4,no_regime_ablation,v02_default,0.1,0.16,async_message_loss,low_stress,10,0,10,0.0,0.0,0.0,1.0,0.0,0.0,,,0.0
grand_sim_v0_4,no_regime_ablation,v02_default,0.1,0.16,async_message_loss,mid_stress,10,0,10,0.0,0.0,0.0,1.0,0.0,0.0,,,0.0
grand_sim_v0_4,no_regime_ablation,v02_default,0.1,0.16,async_message_loss,high_stress,10,10,0,1.0,1.0,0.0,0.0,31.4,31.0,29.0,33.0,0.0
grand_sim_v0_4,no_regime_ablation,v02_default,0.1,0.16,federation_bridge_stress,low_stress,10,0,10,0.0,0.0,0.0,1.0,0.0,0.0,,,0.0
grand_sim_v0_4,no_regime_ablation,v02_default,0.1,0.16,federation_bridge_stress,mid_stress,10,0,10,0.0,0.0,0.0,1.0,0.0,0.0,,,0.0
grand_sim_v0_4,no_regime_ablation,v02_default,0.1,0.16,federation_bridge_stress,high_stress,10,10,0,1.0,1.0,0.0,0.0,24.7,24.0,23.0,27.0,0.0
grand_sim_v0_4,no_regime_ablation,v02_default,0.1,0.16,federation_cluster_attack,low_stress,10,10,0,1.0,1.0,0.0,0.0,97.2,98.0,92.0,99.0,0.0
grand_sim_v0_4,no_regime_ablation,v02_default,0.1,0.16,federation_cluster_attack,mid_stress,10,10,0,1.0,1.0,0.0,0.0,65.9,66.0,62.0,67.0,0.0
grand_sim_v0_4,no_regime_ablation,v02_default,0.1,0.16,federation_cluster_attack,high_stress,10,10,0,1.0,1.0,0.0,0.0,26.5,27.0,25.0,28.0,0.0
grand_sim_v0_4,no_regime_ablation,v02_default,0.1,0.16,psi_corruption,low_stress,10,10,0,1.0,1.0,0.0,0.0,87.1,87.0,86.0,88.0,0.0
grand_sim_v0_4,no_regime_ablation,v02_default,0.1,0.16,psi_corruption,mid_stress,10,10,0,1.0,1.0,0.0,0.0,59.9,60.0,57.0,61.0,0.0
grand_sim_v0_4,no_regime_ablation,v02_default,0.1,0.16,psi_corruption,high_stress,10,10,0,1.0,1.0,0.0,0.0,24.6,24.0,23.0,27.0,0.0
grand_sim_v0_4,no_regime_ablation,v02_default,0.1,0.18,async_message_loss,low_stress,10,0,10,0.0,0.0,0.0,1.0,0.0,0.0,,,0.0
grand_sim_v0_4,no_regime_ablation,v02_default,0.1,0.18,async_message_loss,mid_stress,10,0,10,0.0,0.0,0.0,1.0,0.0,0.0,,,0.0
grand_sim_v0_4,no_regime_ablation,v02_default,0.1,0.18,async_message_loss,high_stress,10,10,0,1.0,1.0,0.0,0.0,31.4,31.0,29.0,33.0,0.0
grand_sim_v0_4,no_regime_ablation,v02_default,0.1,0.18,federation_bridge_stress,low_stress,10,0,10,0.0,0.0,0.0,1.0,0.0,0.0,,,0.0
grand_sim_v0_4,no_regime_ablation,v02_default,0.1,0.18,federation_bridge_stress,mid_stress,10,0,10,0.0,0.0,0.0,1.0,0.0,0.0,,,0.0
grand_sim_v0_4,no_regime_ablation,v02_default,0.1,0.18,federation_bridge_stress,high_stress,10,10,0,1.0,1.0,0.0,0.0,24.7,24.0,23.0,27.0,0.0
grand_sim_v0_4,no_regime_ablation,v02_default,0.1,0.18,federation_cluster_attack,low_stress,10,10,0,1.0,1.0,0.0,0.0,97.2,98.0,92.0,99.0,0.0
grand_sim_v0_4,no_regime_ablation,v02_default,0.1,0.18,federation_cluster_attack,mid_stress,10,10,0,1.0,1.0,0.0,0.0,65.9,66.0,62.0,67.0,0.0
grand_sim_v0_4,no_regime_ablation,v02_default,0.1,0.18,federation_cluster_attack,high_stress,10,10,0,1.0,1.0,0.0,0.0,26.5,27.0,25.0,28.0,0.0
grand_sim_v0_4,no_regime_ablation,v02_default,0.1,0.18,psi_corruption,low_stress,10,10,0,1.0,1.0,0.0,0.0,87.1,87.0,86.0,88.0,0.0
grand_sim_v0_4,no_regime_ablation,v02_default,0.1,0.18,psi_corruption,mid_stress,10,10,0,1.0,1.0,0.0,0.0,59.9,60.0,57.0,61.0,0.0
grand_sim_v0_4,no_regime_ablation,v02_default,0.1,0.18,psi_corruption,high_stress,10,10,0,1.0,1.0,0.0,0.0,24.6,24.0,23.0,27.0,0.0
grand_sim_v0_4,no_regime_ablation,v02_default,0.1,0.2,async_message_loss,low_stress,10,0,10,0.0,0.0,0.0,1.0,0.0,0.0,,,0.0
grand_sim_v0_4,no_regime_ablation,v02_default,0.1,0.2,async_message_loss,mid_stress,10,0,10,0.0,0.0,0.0,1.0,0.0,0.0,,,0.0
grand_sim_v0_4,no_regime_ablation,v02_default,0.1,0.2,async_message_loss,high_stress,10,10,0,1.0,1.0,0.0,0.0,31.4,31.0,29.0,33.0,0.0
grand_sim_v0_4,no_regime_ablation,v02_default,0.1,0.2,federation_bridge_stress,low_stress,10,0,10,0.0,0.0,0.0,1.0,0.0,0.0,,,0.0
grand_sim_v0_4,no_regime_ablation,v02_default,0.1,0.2,federation_bridge_stress,mid_stress,10,0,10,0.0,0.0,0.0,1.0,0.0,0.0,,,0.0
grand_sim_v0_4,no_regime_ablation,v02_default,0.1,0.2,federation_bridge_stress,high_stress,10,10,0,1.0,1.0,0.0,0.0,24.7,24.0,23.0,27.0,0.0
grand_sim_v0_4,no_regime_ablation,v02_default,0.1,0.2,federation_cluster_attack,low_stress,10,10,0,1.0,1.0,0.0,0.0,97.2,98.0,92.0,99.0,0.0
grand_sim_v0_4,no_regime_ablation,v02_default,0.1,0.2,federation_cluster_attack,mid_stress,10,10,0,1.0,1.0,0.0,0.0,65.9,66.0,62.0,67.0,0.0
grand_sim_v0_4,no_regime_ablation,v02_default,0.1,0.2,federation_cluster_attack,high_stress,10,10,0,1.0,1.0,0.0,0.0,26.5,27.0,25.0,28.0,0.0
grand_sim_v0_4,no_regime_ablation,v02_default,0.1,0.2,psi_corruption,low_stress,10,10,0,1.0,1.0,0.0,0.0,87.1,87.0,86.0,88.0,0.0
grand_sim_v0_4,no_regime_ablation,v02_default,0.1,0.2,psi_corruption,mid_stress,10,10,0,1.0,1.0,0.0,0.0,59.9,60.0,57.0,61.0,0.0
grand_sim_v0_4,no_regime_ablation,v02_default,0.1,0.2,psi_corruption,high_stress,10,10,0,1.0,1.0,0.0,0.0,24.6,24.0,23.0,27.0,0.0
grand_sim_v0_4,no_regime_ablation,v02_default,0.1,0.22,async_message_loss,low_stress,10,0,10,0.0,0.0,0.0,0.0,0.0,0.0,,,0.0
grand_sim_v0_4,no_regime_ablation,v02_default,0.1,0.22,async_message_loss,mid_stress,10,0,10,0.0,0.0,0.0,0.0,0.0,0.0,,,0.0
grand_sim_v0_4,no_regime_ablation,v02_default,0.1,0.22,async_message_loss,high_stress,10,10,0,1.0,1.0,0.0,0.0,31.4,31.0,29.0,33.0,0.0
grand_sim_v0_4,no_regime_ablation,v02_default,0.1,0.22,federation_bridge_stress,low_stress,10,0,10,0.0,0.0,0.0,0.0,0.0,0.0,,,0.0
grand_sim_v0_4,no_regime_ablation,v02_default,0.1,0.22,federation_bridge_stress,mid_stress,10,0,10,0.0,0.0,0.0,0.0,0.0,0.0,,,0.0
grand_sim_v0_4,no_regime_ablation,v02_default,0.1,0.22,federation_bridge_stress,high_stress,10,10,0,1.0,1.0,0.0,0.0,23.1,24.0,18.0,26.0,0.0
grand_sim_v0_4,no_regime_ablation,v02_default,0.1,0.22,federation_cluster_attack,low_stress,10,10,0,1.0,1.0,0.0,0.0,20.6,21.0,16.0,23.0,0.0
grand_sim_v0_4,no_regime_ablation,v02_default,0.1,0.22,federation_cluster_attack,mid_stress,10,10,0,1.0,1.0,0.0,0.0,11.6,12.0,8.0,13.0,0.0
grand_sim_v0_4,no_regime_ablation,v02_default,0.1,0.22,federation_cluster_attack,high_stress,10,10,0,1.0,1.0,0.0,0.0,24.9,25.0,19.0,28.0,0.0
grand_sim_v0_4,no_regime_ablation,v02_default,0.1,0.22,psi_corruption,low_stress,10,10,0,1.0,1.0,0.0,0.0,17.4,17.0,16.0,20.0,0.0
grand_sim_v0_4,no_regime_ablation,v02_default,0.1,0.22,psi_corruption,mid_stress,10,10,0,1.0,1.0,0.0,0.0,9.4,10.0,7.0,11.0,0.0
grand_sim_v0_4,no_regime_ablation,v02_default,0.1,0.22,psi_corruption,high_stress,10,10,0,1.0,1.0,0.0,0.0,23.6,24.0,19.0,27.0,0.0
grand_sim_v0_4,no_regime_ablation,v02_default,0.1,0.24,async_message_loss,low_stress,10,0,10,0.0,0.0,0.0,0.0,0.0,0.0,,,0.0
grand_sim_v0_4,no_regime_ablation,v02_default,0.1,0.24,async_message_loss,mid_stress,10,0,10,0.0,0.0,0.0,0.0,0.0,0.0,,,0.0
grand_sim_v0_4,no_regime_ablation,v02_default,0.1,0.24,async_message_loss,high_stress,10,10,0,1.0,1.0,0.0,0.0,20.0,20.0,19.0,21.0,0.0
grand_sim_v0_4,no_regime_ablation,v02_default,0.1,0.24,federation_bridge_stress,low_stress,10,0,10,0.0,0.0,0.0,0.0,0.0,0.0,,,0.0
grand_sim_v0_4,no_regime_ablation,v02_default,0.1,0.24,federation_bridge_stress,mid_stress,10,0,10,0.0,0.0,0.0,0.0,0.0,0.0,,,0.0
grand_sim_v0_4,no_regime_ablation,v02_default,0.1,0.24,federation_bridge_stress,high_stress,10,10,0,1.0,1.0,0.0,0.0,13.5,14.0,12.0,14.0,0.0
grand_sim_v0_4,no_regime_ablation,v02_default,0.1,0.24,federation_cluster_attack,low_stress,10,10,0,1.0,1.0,0.0,0.0,17.9,18.0,14.0,20.0,0.0
grand_sim_v0_4,no_regime_ablation,v02_default,0.1,0.24,federation_cluster_attack,mid_stress,10,10,0,1.0,1.0,0.0,0.0,9.9,10.0,7.0,11.0,0.0
grand_sim_v0_4,no_regime_ablation,v02_default,0.1,0.24,federation_cluster_attack,high_stress,10,10,0,1.0,1.0,0.0,0.0,13.8,14.0,13.0,15.0,0.0
grand_sim_v0_4,no_regime_ablation,v02_default,0.1,0.24,psi_corruption,low_stress,10,10,0,1.0,1.0,0.0,0.0,15.1,15.0,14.0,17.0,0.0
grand_sim_v0_4,no_regime_ablation,v02_default,0.1,0.24,psi_corruption,mid_stress,10,10,0,1.0,1.0,0.0,0.0,8.2,8.0,6.0,9.0,0.0
grand_sim_v0_4,no_regime_ablation,v02_default,0.1,0.24,psi_corruption,high_stress,10,10,0,1.0,1.0,0.0,0.0,13.9,14.0,13.0,15.0,0.0
grand_sim_v0_4,no_regime_ablation,v02_default,0.1,0.26,async_message_loss,low_stress,10,0,10,0.0,0.0,0.0,0.0,0.0,0.0,,,0.0
grand_sim_v0_4,no_regime_ablation,v02_default,0.1,0.26,async_message_loss,mid_stress,10,0,10,0.0,0.0,0.0,0.0,0.0,0.0,,,0.0
grand_sim_v0_4,no_regime_ablation,v02_default,0.1,0.26,async_message_loss,high_stress,10,10,0,1.0,1.0,0.0,0.0,16.6,16.0,15.0,18.0,0.0
grand_sim_v0_4,no_regime_ablation,v02_default,0.1,0.26,federation_bridge_stress,low_stress,10,0,10,0.0,0.0,0.0,0.0,0.0,0.0,,,0.0
grand_sim_v0_4,no_regime_ablation,v02_default,0.1,0.26,federation_bridge_stress,mid_stress,10,0,10,0.0,0.0,0.0,0.0,0.0,0.0,,,0.0
grand_sim_v0_4,no_regime_ablation,v02_default,0.1,0.26,federation_bridge_stress,high_stress,10,10,0,1.0,1.0,0.0,0.0,10.6,11.0,10.0,11.0,0.0
grand_sim_v0_4,no_regime_ablation,v02_default,0.1,0.26,federation_cluster_attack,low_stress,10,10,0,1.0,1.0,0.0,0.0,15.5,16.0,11.0,18.0,0.0
grand_sim_v0_4,no_regime_ablation,v02_default,0.1,0.26,federation_cluster_attack,mid_stress,10,10,0,1.0,1.0,0.0,0.0,8.7,9.0,6.0,10.0,0.0
grand_sim_v0_4,no_regime_ablation,v02_default,0.1,0.26,federation_cluster_attack,high_stress,10,10,0,1.0,1.0,0.0,0.0,10.8,11.0,10.0,12.0,0.0
grand_sim_v0_4,no_regime_ablation,v02_default,0.1,0.26,psi_corruption,low_stress,10,10,0,1.0,1.0,0.0,0.0,13.1,13.0,12.0,15.0,0.0
grand_sim_v0_4,no_regime_ablation,v02_default,0.1,0.26,psi_corruption,mid_stress,10,10,0,1.0,1.0,0.0,0.0,7.1,7.0,5.0,8.0,0.0
grand_sim_v0_4,no_regime_ablation,v02_default,0.1,0.26,psi_corruption,high_stress,10,10,0,1.0,1.0,0.0,0.0,10.9,11.0,10.0,12.0,0.0
grand_sim_v0_4,no_regime_ablation,v02_default,0.1,0.28,async_message_loss,low_stress,10,0,10,0.0,0.0,0.0,0.0,0.0,0.0,,,0.0
grand_sim_v0_4,no_regime_ablation,v02_default,0.1,0.28,async_message_loss,mid_stress,10,0,10,0.0,0.0,0.0,0.0,0.0,0.0,,,0.0
grand_sim_v0_4,no_regime_ablation,v02_default,0.1,0.28,async_message_loss,high_stress,10,10,0,1.0,1.0,0.0,0.0,13.8,13.0,13.0,15.0,0.0
grand_sim_v0_4,no_regime_ablation,v02_default,0.1,0.28,federation_bridge_stress,low_stress,10,0,10,0.0,0.0,0.0,0.0,0.0,0.0,,,0.0
grand_sim_v0_4,no_regime_ablation,v02_default,0.1,0.28,federation_bridge_stress,mid_stress,10,0,10,0.0,0.0,0.0,0.0,0.0,0.0,,,0.0
grand_sim_v0_4,no_regime_ablation,v02_default,0.1,0.28,federation_bridge_stress,high_stress,10,10,0,1.0,1.0,0.0,0.0,8.6,9.0,7.0,10.0,0.0
grand_sim_v0_4,no_regime_ablation,v02_default,0.1,0.28,federation_cluster_attack,low_stress,10,10,0,1.0,1.0,0.0,0.0,13.2,14.0,9.0,16.0,0.0
grand_sim_v0_4,no_regime_ablation,v02_default,0.1,0.28,federation_cluster_attack,mid_stress,10,10,0,1.0,1.0,0.0,0.0,7.4,8.0,4.0,9.0,0.0
grand_sim_v0_4,no_regime_ablation,v02_default,0.1,0.28,federation_cluster_attack,high_stress,10,10,0,1.0,1.0,0.0,0.0,8.9,9.0,8.0,10.0,0.0
grand_sim_v0_4,no_regime_ablation,v02_default,0.1,0.28,psi_corruption,low_stress,10,10,0,1.0,1.0,0.0,0.0,11.0,11.0,10.0,13.0,0.0
grand_sim_v0_4,no_regime_ablation,v02_default,0.1,0.28,psi_corruption,mid_stress,10,10,0,1.0,1.0,0.0,0.0,6.0,6.0,4.0,7.0,0.0
grand_sim_v0_4,no_regime_ablation,v02_default,0.1,0.28,psi_corruption,high_stress,10,10,0,1.0,1.0,0.0,0.0,8.9,9.0,8.0,10.0,0.0
grand_sim_v0_4,no_regime_ablation,v02_default,0.1,0.3,async_message_loss,low_stress,10,0,10,0.0,0.0,0.0,0.0,0.0,0.0,,,0.0
grand_sim_v0_4,no_regime_ablation,v02_default,0.1,0.3,async_message_loss,mid_stress,10,0,10,0.0,0.0,0.0,0.0,0.0,0.0,,,0.0
grand_sim_v0_4,no_regime_ablation,v02_default,0.1,0.3,async_message_loss,high_stress,10,10,0,1.0,1.0,0.0,0.0,11.9,12.0,11.0,13.0,0.0
grand_sim_v0_4,no_regime_ablation,v02_default,0.1,0.3,federation_bridge_stress,low_stress,10,0,10,0.0,0.0,0.0,0.0,0.0,0.0,,,0.0
grand_sim_v0_4,no_regime_ablation,v02_default,0.1,0.3,federation_bridge_stress,mid_stress,10,0,10,0.0,0.0,0.0,0.0,0.0,0.0,,,0.0
grand_sim_v0_4,no_regime_ablation,v02_default,0.1,0.3,federation_bridge_stress,high_stress,10,10,0,1.0,1.0,0.0,0.0,6.9,7.0,6.0,8.0,0.0
grand_sim_v0_4,no_regime_ablation,v02_default,0.1,0.3,federation_cluster_attack,low_stress,10,10,0,1.0,1.0,0.0,0.0,8.9,9.0,5.0,12.0,0.0
grand_sim_v0_4,no_regime_ablation,v02_default,0.1,0.3,federation_cluster_attack,mid_stress,10,10,0,1.0,1.0,0.0,0.0,3.7,4.0,2.0,5.0,0.0
grand_sim_v0_4,no_regime_ablation,v02_default,0.1,0.3,federation_cluster_attack,high_stress,10,10,0,1.0,1.0,0.0,0.0,7.1,7.0,6.0,8.0,0.0
grand_sim_v0_4,no_regime_ablation,v02_default,0.1,0.3,psi_corruption,low_stress,10,10,0,1.0,1.0,0.0,0.0,7.3,7.0,6.0,10.0,0.0
grand_sim_v0_4,no_regime_ablation,v02_default,0.1,0.3,psi_corruption,mid_stress,10,10,0,1.0,1.0,0.0,0.0,3.3,3.0,2.0,5.0,0.0
grand_sim_v0_4,no_regime_ablation,v02_default,0.1,0.3,psi_corruption,high_stress,10,10,0,1.0,1.0,0.0,0.0,7.3,7.0,6.0,9.0,0.0
grand_sim_v0_4,no_regime_ablation,v02_default,0.1,0.32,async_message_loss,low_stress,10,0,10,0.0,0.0,0.0,0.0,0.0,0.0,,,0.0
grand_sim_v0_4,no_regime_ablation,v02_default,0.1,0.32,async_message_loss,mid_stress,10,0,10,0.0,0.0,0.0,0.0,0.0,0.0,,,0.0
grand_sim_v0_4,no_regime_ablation,v02_default,0.1,0.32,async_message_loss,high_stress,10,10,0,1.0,1.0,0.0,0.0,10.2,10.0,9.0,11.0,0.0
grand_sim_v0_4,no_regime_ablation,v02_default,0.1,0.32,federation_bridge_stress,low_stress,10,0,10,0.0,0.0,0.0,0.0,0.0,0.0,,,0.0
grand_sim_v0_4,no_regime_ablation,v02_default,0.1,0.32,federation_bridge_stress,mid_stress,10,0,10,0.0,0.0,0.0,0.0,0.0,0.0,,,0.0
grand_sim_v0_4,no_regime_ablation,v02_default,0.1,0.32,federation_bridge_stress,high_stress,10,10,0,1.0,1.0,0.0,0.0,5.6,6.0,4.0,7.0,0.0
grand_sim_v0_4,no_regime_ablation,v02_default,0.1,0.32,federation_cluster_attack,low_stress,10,10,0,1.0,0.0,0.0,0.0,0.0,0.0,,,4.3
grand_sim_v0_4,no_regime_ablation,v02_default,0.1,0.32,federation_cluster_attack,mid_stress,10,10,0,1.0,0.8,0.0,0.0,0.375,0.0,0.0,1.0,1.5
grand_sim_v0_4,no_regime_ablation,v02_default,0.1,0.32,federation_cluster_attack,high_stress,10,10,0,1.0,1.0,0.0,0.0,5.6,6.0,5.0,6.0,0.0
grand_sim_v0_4,no_regime_ablation,v02_default,0.1,0.32,psi_corruption,low_stress,10,10,0,1.0,0.1,0.0,0.0,0.0,0.0,0.0,0.0,2.333333
grand_sim_v0_4,no_regime_ablation,v02_default,0.1,0.32,psi_corruption,mid_stress,10,10,0,1.0,0.8,0.0,0.0,0.375,0.0,0.0,1.0,1.0
grand_sim_v0_4,no_regime_ablation,v02_default,0.1,0.32,psi_corruption,high_stress,10,10,0,1.0,1.0,0.0,0.0,5.9,6.0,5.0,7.0,0.0
grand_sim_v0_4,no_regime_ablation,v02_default,0.1,0.34,async_message_loss,low_stress,10,0,10,0.0,0.0,0.0,0.0,0.0,0.0,,,0.0
grand_sim_v0_4,no_regime_ablation,v02_default,0.1,0.34,async_message_loss,mid_stress,10,0,10,0.0,0.0,0.0,0.0,0.0,0.0,,,0.0
grand_sim_v0_4,no_regime_ablation,v02_default,0.1,0.34,async_message_loss,high_stress,10,10,0,1.0,1.0,0.0,0.0,8.8,9.0,7.0,10.0,0.0
grand_sim_v0_4,no_regime_ablation,v02_default,0.1,0.34,federation_bridge_stress,low_stress,10,0,10,0.0,0.0,0.0,0.0,0.0,0.0,,,0.0
grand_sim_v0_4,no_regime_ablation,v02_default,0.1,0.34,federation_bridge_stress,mid_stress,10,0,10,0.0,0.0,0.0,0.0,0.0,0.0,,,0.0
grand_sim_v0_4,no_regime_ablation,v02_default,0.1,0.34,federation_bridge_stress,high_stress,10,10,0,1.0,1.0,0.0,0.0,4.3,4.0,3.0,5.0,0.0
grand_sim_v0_4,no_regime_ablation,v02_default,0.1,0.34,federation_cluster_attack,low_stress,10,10,0,0.0,0.0,1.0,0.0,0.0,0.0,,,0.0
grand_sim_v0_4,no_regime_ablation,v02_default,0.1,0.34,federation_cluster_attack,mid_stress,10,10,0,1.0,0.0,0.0,0.0,0.0,0.0,,,4.1
grand_sim_v0_4,no_regime_ablation,v02_default,0.1,0.34,federation_cluster_attack,high_stress,10,10,0,1.0,1.0,0.0,0.0,4.4,4.0,4.0,5.0,0.0
grand_sim_v0_4,no_regime_ablation,v02_default,0.1,0.34,psi_corruption,low_stress,10,10,0,1.0,0.0,0.0,0.0,0.0,0.0,,,16.9
grand_sim_v0_4,no_regime_ablation,v02_default,0.1,0.34,psi_corruption,mid_stress,10,10,0,1.0,0.0,0.0,0.0,0.0,0.0,,,4.0
grand_sim_v0_4,no_regime_ablation,v02_default,0.1,0.34,psi_corruption,high_stress,10,10,0,1.0,1.0,0.0,0.0,4.6,4.0,4.0,6.0,0.0
grand_sim_v0_4,no_regime_ablation,v02_default,0.1,0.36,async_message_loss,low_stress,10,0,10,0.0,0.0,0.0,0.0,0.0,0.0,,,0.0
grand_sim_v0_4,no_regime_ablation,v02_default,0.1,0.36,async_message_loss,mid_stress,10,0,10,0.0,0.0,0.0,0.0,0.0,0.0,,,0.0
grand_sim_v0_4,no_regime_ablation,v02_default,0.1,0.36,async_message_loss,high_stress,10,10,0,1.0,1.0,0.0,0.0,7.1,7.0,6.0,8.0,0.0
grand_sim_v0_4,no_regime_ablation,v02_default,0.1,0.36,federation_bridge_stress,low_stress,10,0,10,0.0,0.0,0.0,0.0,0.0,0.0,,,0.0
grand_sim_v0_4,no_regime_ablation,v02_default,0.1,0.36,federation_bridge_stress,mid_stress,10,0,10,0.0,0.0,0.0,0.0,0.0,0.0,,,0.0
grand_sim_v0_4,no_regime_ablation,v02_default,0.1,0.36,federation_bridge_stress,high_stress,10,10,0,1.0,1.0,0.0,0.0,3.2,3.0,2.0,4.0,0.0
grand_sim_v0_4,no_regime_ablation,v02_default,0.1,0.36,federation_cluster_attack,low_stress,10,10,0,0.0,0.0,1.0,0.0,0.0,0.0,,,0.0
grand_sim_v0_4,no_regime_ablation,v02_default,0.1,0.36,federation_cluster_attack,mid_stress,10,10,0,1.0,0.0,0.0,0.0,0.0,0.0,,,7.2
grand_sim_v0_4,no_regime_ablation,v02_default,0.1,0.36,federation_cluster_attack,high_stress,10,10,0,1.0,1.0,0.0,0.0,3.4,3.0,3.0,4.0,0.0
grand_sim_v0_4,no_regime_ablation,v02_default,0.1,0.36,psi_corruption,low_stress,10,10,0,0.0,0.0,1.0,0.0,0.0,0.0,,,0.0
grand_sim_v0_4,no_regime_ablation,v02_default,0.1,0.36,psi_corruption,mid_stress,10,10,0,1.0,0.0,0.0,0.0,0.0,0.0,,,8.0
grand_sim_v0_4,no_regime_ablation,v02_default,0.1,0.36,psi_corruption,high_stress,10,10,0,1.0,1.0,0.0,0.0,3.4,3.0,2.0,5.0,0.0
grand_sim_v0_4,no_regime_ablation,v02_default,0.1,0.38,async_message_loss,low_stress,10,0,10,0.0,0.0,0.0,0.0,0.0,0.0,,,0.0
grand_sim_v0_4,no_regime_ablation,v02_default,0.1,0.38,async_message_loss,mid_stress,10,0,10,0.0,0.0,0.0,0.0,0.0,0.0,,,0.0
grand_sim_v0_4,no_regime_ablation,v02_default,0.1,0.38,async_message_loss,high_stress,10,10,0,1.0,1.0,0.0,0.0,6.0,6.0,5.0,7.0,0.0
grand_sim_v0_4,no_regime_ablation,v02_default,0.1,0.38,federation_bridge_stress,low_stress,10,0,10,0.0,0.0,0.0,0.0,0.0,0.0,,,0.0
grand_sim_v0_4,no_regime_ablation,v02_default,0.1,0.38,federation_bridge_stress,mid_stress,10,0,10,0.0,0.0,0.0,0.0,0.0,0.0,,,0.0
grand_sim_v0_4,no_regime_ablation,v02_default,0.1,0.38,federation_bridge_stress,high_stress,10,10,0,1.0,1.0,0.0,0.0,2.3,2.0,1.0,3.0,0.0
grand_sim_v0_4,no_regime_ablation,v02_default,0.1,0.38,federation_cluster_attack,low_stress,10,10,0,0.0,0.0,1.0,0.0,0.0,0.0,,,0.0
grand_sim_v0_4,no_regime_ablation,v02_default,0.1,0.38,federation_cluster_attack,mid_stress,10,10,0,1.0,0.0,0.0,0.0,0.0,0.0,,,11.0
grand_sim_v0_4,no_regime_ablation,v02_default,0.1,0.38,federation_cluster_attack,high_stress,10,10,0,1.0,1.0,0.0,0.0,2.4,2.0,2.0,3.0,0.0
grand_sim_v0_4,no_regime_ablation,v02_default,0.1,0.38,psi_corruption,low_stress,10,10,0,0.0,0.0,1.0,0.0,0.0,0.0,,,0.0
grand_sim_v0_4,no_regime_ablation,v02_default,0.1,0.38,psi_corruption,mid_stress,10,10,0,1.0,0.0,0.0,0.0,0.0,0.0,,,12.3
grand_sim_v0_4,no_regime_ablation,v02_default,0.1,0.38,psi_corruption,high_stress,10,10,0,1.0,1.0,0.0,0.0,2.4,2.0,1.0,4.0,0.0
grand_sim_v0_4,no_regime_ablation,v02_default,0.1,0.4,async_message_loss,low_stress,10,0,10,0.0,0.0,0.0,0.0,0.0,0.0,,,0.0
grand_sim_v0_4,no_regime_ablation,v02_default,0.1,0.4,async_message_loss,mid_stress,10,0,10,0.0,0.0,0.0,0.0,0.0,0.0,,,0.0
grand_sim_v0_4,no_regime_ablation,v02_default,0.1,0.4,async_message_loss,high_stress,10,10,0,1.0,1.0,0.0,0.0,4.9,5.0,4.0,6.0,0.0
grand_sim_v0_4,no_regime_ablation,v02_default,0.1,0.4,federation_bridge_stress,low_stress,10,0,10,0.0,0.0,0.0,0.0,0.0,0.0,,,0.0
grand_sim_v0_4,no_regime_ablation,v02_default,0.1,0.4,federation_bridge_stress,mid_stress,10,0,10,0.0,0.0,0.0,0.0,0.0,0.0,,,0.0
grand_sim_v0_4,no_regime_ablation,v02_default,0.1,0.4,federation_bridge_stress,high_stress,10,10,0,1.0,1.0,0.0,0.0,1.3,1.0,0.0,2.0,0.0
grand_sim_v0_4,no_regime_ablation,v02_default,0.1,0.4,federation_cluster_attack,low_stress,10,10,0,0.0,0.0,1.0,0.0,0.0,0.0,,,0.0
grand_sim_v0_4,no_regime_ablation,v02_default,0.1,0.4,federation_cluster_attack,mid_stress,10,10,0,1.0,0.0,0.0,0.0,0.0,0.0,,,16.9
grand_sim_v0_4,no_regime_ablation,v02_default,0.1,0.4,federation_cluster_attack,high_stress,10,10,0,1.0,1.0,0.0,0.0,1.4,1.0,1.0,2.0,0.0
grand_sim_v0_4,no_regime_ablation,v02_default,0.1,0.4,psi_corruption,low_stress,10,10,0,0.0,0.0,1.0,0.0,0.0,0.0,,,0.0
grand_sim_v0_4,no_regime_ablation,v02_default,0.1,0.4,psi_corruption,mid_stress,10,10,0,1.0,0.0,0.0,0.0,0.0,0.0,,,17.2
grand_sim_v0_4,no_regime_ablation,v02_default,0.1,0.4,psi_corruption,high_stress,10,10,0,1.0,1.0,0.0,0.0,1.5,1.0,0.0,3.0,0.0
grand_sim_v0_4,no_regime_ablation,v02_default,0.1,0.42,async_message_loss,low_stress,10,0,10,0.0,0.0,0.0,0.0,0.0,0.0,,,0.0
grand_sim_v0_4,no_regime_ablation,v02_default,0.1,0.42,async_message_loss,mid_stress,10,0,10,0.0,0.0,0.0,0.0,0.0,0.0,,,0.0
grand_sim_v0_4,no_regime_ablation,v02_default,0.1,0.42,async_message_loss,high_stress,10,10,0,1.0,1.0,0.0,0.0,3.9,4.0,3.0,5.0,0.0
grand_sim_v0_4,no_regime_ablation,v02_default,0.1,0.42,federation_bridge_stress,low_stress,10,0,10,0.0,0.0,0.0,0.0,0.0,0.0,,,0.0
grand_sim_v0_4,no_regime_ablation,v02_default,0.1,0.42,federation_bridge_stress,mid_stress,10,0,10,0.0,0.0,0.0,0.0,0.0,0.0,,,0.0
grand_sim_v0_4,no_regime_ablation,v02_default,0.1,0.42,federation_bridge_stress,high_stress,10,10,0,1.0,0.9,0.0,0.0,0.666667,1.0,0.0,1.0,1.0
grand_sim_v0_4,no_regime_ablation,v02_default,0.1,0.42,federation_cluster_attack,low_stress,10,10,0,0.0,0.0,1.0,0.0,0.0,0.0,,,0.0
grand_sim_v0_4,no_regime_ablation,v02_default,0.1,0.42,federation_cluster_attack,mid_stress,10,10,0,1.0,0.0,0.0,0.0,0.0,0.0,,,24.6
grand_sim_v0_4,no_regime_ablation,v02_default,0.1,0.42,federation_cluster_attack,high_stress,10,10,0,1.0,1.0,0.0,0.0,0.4,0.0,0.0,1.0,0.0
grand_sim_v0_4,no_regime_ablation,v02_default,0.1,0.42,psi_corruption,low_stress,10,10,0,0.0,0.0,1.0,0.0,0.0,0.0,,,0.0
grand_sim_v0_4,no_regime_ablation,v02_default,0.1,0.42,psi_corruption,mid_stress,10,10,0,1.0,0.0,0.0,0.0,0.0,0.0,,,24.3
grand_sim_v0_4,no_regime_ablation,v02_default,0.1,0.42,psi_corruption,high_stress,10,10,0,1.0,1.0,0.0,0.0,0.8,1.0,0.0,2.0,0.0
grand_sim_v0_4,no_regime_ablation,v02_default,0.1,0.44,async_message_loss,low_stress,10,0,10,0.0,0.0,0.0,0.0,0.0,0.0,,,0.0
grand_sim_v0_4,no_regime_ablation,v02_default,0.1,0.44,async_message_loss,mid_stress,10,0,10,0.0,0.0,0.0,0.0,0.0,0.0,,,0.0
grand_sim_v0_4,no_regime_ablation,v02_default,0.1,0.44,async_message_loss,high_stress,10,10,0,1.0,1.0,0.0,0.0,2.8,3.0,2.0,4.0,0.0
grand_sim_v0_4,no_regime_ablation,v02_default,0.1,0.44,federation_bridge_stress,low_stress,10,0,10,0.0,0.0,0.0,0.0,0.0,0.0,,,0.0
grand_sim_v0_4,no_regime_ablation,v02_default,0.1,0.44,federation_bridge_stress,mid_stress,10,0,10,0.0,0.0,0.0,0.0,0.0,0.0,,,0.0
grand_sim_v0_4,no_regime_ablation,v02_default,0.1,0.44,federation_bridge_stress,high_stress,10,10,0,1.0,0.7,0.0,0.0,0.142857,0.0,0.0,1.0,1.0
grand_sim_v0_4,no_regime_ablation,v02_default,0.1,0.44,federation_cluster_attack,low_stress,10,10,0,0.0,0.0,1.0,0.0,0.0,0.0,,,0.0
grand_sim_v0_4,no_regime_ablation,v02_default,0.1,0.44,federation_cluster_attack,mid_stress,10,10,0,1.0,0.0,0.0,0.0,0.0,0.0,,,34.6
grand_sim_v0_4,no_regime_ablation,v02_default,0.1,0.44,federation_cluster_attack,high_stress,10,10,0,1.0,0.6,0.0,0.0,0.166667,0.0,0.0,1.0,1.0
grand_sim_v0_4,no_regime_ablation,v02_default,0.1,0.44,psi_corruption,low_stress,10,10,0,0.0,0.0,1.0,0.0,0.0,0.0,,,0.0
grand_sim_v0_4,no_regime_ablation,v02_default,0.1,0.44,psi_corruption,mid_stress,10,10,0,1.0,0.0,0.0,0.0,0.0,0.0,,,33.5
grand_sim_v0_4,no_regime_ablation,v02_default,0.1,0.44,psi_corruption,high_stress,10,10,0,1.0,0.8,0.0,0.0,0.375,0.0,0.0,1.0,1.0
grand_sim_v0_4,no_regime_ablation,v02_default,0.1,0.46,async_message_loss,low_stress,10,0,10,0.0,0.0,0.0,0.0,0.0,0.0,,,0.0
grand_sim_v0_4,no_regime_ablation,v02_default,0.1,0.46,async_message_loss,mid_stress,10,0,10,0.0,0.0,0.0,0.0,0.0,0.0,,,0.0
grand_sim_v0_4,no_regime_ablation,v02_default,0.1,0.46,async_message_loss,high_stress,10,10,0,1.0,1.0,0.0,0.0,1.5,1.0,0.0,3.0,0.0
grand_sim_v0_4,no_regime_ablation,v02_default,0.1,0.46,federation_bridge_stress,low_stress,10,0,10,0.0,0.0,0.0,0.0,0.0,0.0,,,0.0
grand_sim_v0_4,no_regime_ablation,v02_default,0.1,0.46,federation_bridge_stress,mid_stress,10,0,10,0.0,0.0,0.0,0.0,0.0,0.0,,,0.0
grand_sim_v0_4,no_regime_ablation,v02_default,0.1,0.46,federation_bridge_stress,high_stress,10,10,0,1.0,0.1,0.0,0.0,0.0,0.0,0.0,0.0,1.111111
grand_sim_v0_4,no_regime_ablation,v02_default,0.1,0.46,federation_cluster_attack,low_stress,10,10,0,0.0,0.0,1.0,0.0,0.0,0.0,,,0.0
grand_sim_v0_4,no_regime_ablation,v02_default,0.1,0.46,federation_cluster_attack,mid_stress,10,10,0,0.0,0.0,1.0,0.0,0.0,0.0,,,0.0
grand_sim_v0_4,no_regime_ablation,v02_default,0.1,0.46,federation_cluster_attack,high_stress,10,10,0,1.0,0.2,0.0,0.0,0.0,0.0,0.0,0.0,1.25
grand_sim_v0_4,no_regime_ablation,v02_default,0.1,0.46,psi_corruption,low_stress,10,10,0,0.0,0.0,1.0,0.0,0.0,0.0,,,0.0
grand_sim_v0_4,no_regime_ablation,v02_default,0.1,0.46,psi_corruption,mid_stress,10,10,0,1.0,0.0,0.0,0.0,0.0,0.0,,,45.3
grand_sim_v0_4,no_regime_ablation,v02_default,0.1,0.46,psi_corruption,high_stress,10,10,0,1.0,0.3,0.0,0.0,0.0,0.0,0.0,0.0,1.142857
grand_sim_v0_4,no_regime_ablation,v02_default,0.1,0.48,async_message_loss,low_stress,10,0,10,0.0,0.0,0.0,0.0,0.0,0.0,,,0.0
grand_sim_v0_4,no_regime_ablation,v02_default,0.1,0.48,async_message_loss,mid_stress,10,0,10,0.0,0.0,0.0,0.0,0.0,0.0,,,0.0
grand_sim_v0_4,no_regime_ablation,v02_default,0.1,0.48,async_message_loss,high_stress,10,10,0,1.0,0.9,0.0,0.0,0.777778,1.0,0.0,2.0,1.0
grand_sim_v0_4,no_regime_ablation,v02_default,0.1,0.48,federation_bridge_stress,low_stress,10,0,10,0.0,0.0,0.0,0.0,0.0,0.0,,,0.0
grand_sim_v0_4,no_regime_ablation,v02_default,0.1,0.48,federation_bridge_stress,mid_stress,10,0,10,0.0,0.0,0.0,0.0,0.0,0.0,,,0.0
grand_sim_v0_4,no_regime_ablation,v02_default,0.1,0.48,federation_bridge_stress,high_stress,10,10,0,1.0,0.0,0.0,0.0,0.0,0.0,,,1.9
grand_sim_v0_4,no_regime_ablation,v02_default,0.1,0.48,federation_cluster_attack,low_stress,10,10,0,0.0,0.0,1.0,0.0,0.0,0.0,,,0.0
grand_sim_v0_4,no_regime_ablation,v02_default,0.1,0.48,federation_cluster_attack,mid_stress,10,10,0,0.0,0.0,1.0,0.0,0.0,0.0,,,0.0
grand_sim_v0_4,no_regime_ablation,v02_default,0.1,0.48,federation_cluster_attack,high_stress,10,10,0,1.0,0.0,0.0,0.0,0.0,0.0,,,2.1
grand_sim_v0_4,no_regime_ablation,v02_default,0.1,0.48,psi_corruption,low_stress,10,10,0,0.0,0.0,1.0,0.0,0.0,0.0,,,0.0
grand_sim_v0_4,no_regime_ablation,v02_default,0.1,0.48,psi_corruption,mid_stress,10,10,0,0.0,0.0,1.0,0.0,0.0,0.0,,,0.0
grand_sim_v0_4,no_regime_ablation,v02_default,0.1,0.48,psi_corruption,high_stress,10,10,0,1.0,0.0,0.0,0.0,0.0,0.0,,,1.7
grand_sim_v0_4,no_regime_ablation,v02_default,0.1,0.5,async_message_loss,low_stress,10,0,10,0.0,0.0,0.0,0.0,0.0,0.0,,,0.0
grand_sim_v0_4,no_regime_ablation,v02_default,0.1,0.5,async_message_loss,mid_stress,10,0,10,0.0,0.0,0.0,0.0,0.0,0.0,,,0.0
grand_sim_v0_4,no_regime_ablation,v02_default,0.1,0.5,async_message_loss,high_stress,10,10,0,1.0,0.4,0.0,0.0,0.0,0.0,0.0,0.0,1.166667
grand_sim_v0_4,no_regime_ablation,v02_default,0.1,0.5,federation_bridge_stress,low_stress,10,0,10,0.0,0.0,0.0,0.0,0.0,0.0,,,0.0
grand_sim_v0_4,no_regime_ablation,v02_default,0.1,0.5,federation_bridge_stress,mid_stress,10,0,10,0.0,0.0,0.0,0.0,0.0,0.0,,,0.0
grand_sim_v0_4,no_regime_ablation,v02_default,0.1,0.5,federation_bridge_stress,high_stress,10,10,0,1.0,0.0,0.0,0.0,0.0,0.0,,,2.8
grand_sim_v0_4,no_regime_ablation,v02_default,0.1,0.5,federation_cluster_attack,low_stress,10,10,0,0.0,0.0,1.0,0.0,0.0,0.0,,,0.0
grand_sim_v0_4,no_regime_ablation,v02_default,0.1,0.5,federation_cluster_attack,mid_stress,10,10,0,0.0,0.0,1.0,0.0,0.0,0.0,,,0.0
grand_sim_v0_4,no_regime_ablation,v02_default,0.1,0.5,federation_cluster_attack,high_stress,10,10,0,1.0,0.0,0.0,0.0,0.0,0.0,,,3.2
grand_sim_v0_4,no_regime_ablation,v02_default,0.1,0.5,psi_corruption,low_stress,10,10,0,0.0,0.0,1.0,0.0,0.0,0.0,,,0.0
grand_sim_v0_4,no_regime_ablation,v02_default,0.1,0.5,psi_corruption,mid_stress,10,10,0,0.0,0.0,1.0,0.0,0.0,0.0,,,0.0
grand_sim_v0_4,no_regime_ablation,v02_default,0.1,0.5,psi_corruption,high_stress,10,10,0,1.0,0.0,0.0,0.0,0.0,0.0,,,2.4
grand_sim_v0_4,no_regime_ablation,v02_default,0.1,0.52,async_message_loss,low_stress,10,0,10,0.0,0.0,0.0,0.0,0.0,0.0,,,0.0
grand_sim_v0_4,no_regime_ablation,v02_default,0.1,0.52,async_message_loss,mid_stress,10,0,10,0.0,0.0,0.0,0.0,0.0,0.0,,,0.0
grand_sim_v0_4,no_regime_ablation,v02_default,0.1,0.52,async_message_loss,high_stress,10,10,0,1.0,0.0,0.0,0.0,0.0,0.0,,,1.7
grand_sim_v0_4,no_regime_ablation,v02_default,0.1,0.52,federation_bridge_stress,low_stress,10,0,10,0.0,0.0,0.0,0.0,0.0,0.0,,,0.0
grand_sim_v0_4,no_regime_ablation,v02_default,0.1,0.52,federation_bridge_stress,mid_stress,10,0,10,0.0,0.0,0.0,0.0,0.0,0.0,,,0.0
grand_sim_v0_4,no_regime_ablation,v02_default,0.1,0.52,federation_bridge_stress,high_stress,10,10,0,1.0,0.0,0.0,0.0,0.0,0.0,,,4.0
grand_sim_v0_4,no_regime_ablation,v02_default,0.1,0.52,federation_cluster_attack,low_stress,10,10,0,0.0,0.0,1.0,0.0,0.0,0.0,,,0.0
grand_sim_v0_4,no_regime_ablation,v02_default,0.1,0.52,federation_cluster_attack,mid_stress,10,10,0,0.0,0.0,1.0,0.0,0.0,0.0,,,0.0
grand_sim_v0_4,no_regime_ablation,v02_default,0.1,0.52,federation_cluster_attack,high_stress,10,10,0,1.0,0.0,0.0,0.0,0.0,0.0,,,4.4
grand_sim_v0_4,no_regime_ablation,v02_default,0.1,0.52,psi_corruption,low_stress,10,10,0,0.0,0.0,1.0,0.0,0.0,0.0,,,0.0
grand_sim_v0_4,no_regime_ablation,v02_default,0.1,0.52,psi_corruption,mid_stress,10,10,0,0.0,0.0,1.0,0.0,0.0,0.0,,,0.0
grand_sim_v0_4,no_regime_ablation,v02_default,0.1,0.52,psi_corruption,high_stress,10,10,0,1.0,0.0,0.0,0.0,0.0,0.0,,,3.3
grand_sim_v0_4,no_regime_ablation,v02_default,0.1,0.54,async_message_loss,low_stress,10,0,10,0.0,0.0,0.0,0.0,0.0,0.0,,,0.0
grand_sim_v0_4,no_regime_ablation,v02_default,0.1,0.54,async_message_loss,mid_stress,10,0,10,0.0,0.0,0.0,0.0,0.0,0.0,,,0.0
grand_sim_v0_4,no_regime_ablation,v02_default,0.1,0.54,async_message_loss,high_stress,10,10,0,1.0,0.0,0.0,0.0,0.0,0.0,,,2.7
grand_sim_v0_4,no_regime_ablation,v02_default,0.1,0.54,federation_bridge_stress,low_stress,10,0,10,0.0,0.0,0.0,0.0,0.0,0.0,,,0.0
grand_sim_v0_4,no_regime_ablation,v02_default,0.1,0.54,federation_bridge_stress,mid_stress,10,0,10,0.0,0.0,0.0,0.0,0.0,0.0,,,0.0
grand_sim_v0_4,no_regime_ablation,v02_default,0.1,0.54,federation_bridge_stress,high_stress,10,10,0,1.0,0.0,0.0,0.0,0.0,0.0,,,5.3
grand_sim_v0_4,no_regime_ablation,v02_default,0.1,0.54,federation_cluster_attack,low_stress,10,10,0,0.0,0.0,1.0,0.0,0.0,0.0,,,0.0
grand_sim_v0_4,no_regime_ablation,v02_default,0.1,0.54,federation_cluster_attack,mid_stress,10,10,0,0.0,0.0,1.0,0.0,0.0,0.0,,,0.0
grand_sim_v0_4,no_regime_ablation,v02_default,0.1,0.54,federation_cluster_attack,high_stress,10,10,0,1.0,0.0,0.0,0.0,0.0,0.0,,,6.0
grand_sim_v0_4,no_regime_ablation,v02_default,0.1,0.54,psi_corruption,low_stress,10,10,0,0.0,0.0,1.0,0.0,0.0,0.0,,,0.0
grand_sim_v0_4,no_regime_ablation,v02_default,0.1,0.54,psi_corruption,mid_stress,10,10,0,0.0,0.0,1.0,0.0,0.0,0.0,,,0.0
grand_sim_v0_4,no_regime_ablation,v02_default,0.1,0.54,psi_corruption,high_stress,10,10,0,1.0,0.0,0.0,0.0,0.0,0.0,,,4.6
grand_sim_v0_4,no_regime_ablation,v02_default,0.1,0.56,async_message_loss,low_stress,10,0,10,0.0,0.0,0.0,0.0,0.0,0.0,,,0.0
grand_sim_v0_4,no_regime_ablation,v02_default,0.1,0.56,async_message_loss,mid_stress,10,0,10,0.0,0.0,0.0,0.0,0.0,0.0,,,0.0
grand_sim_v0_4,no_regime_ablation,v02_default,0.1,0.56,async_message_loss,high_stress,10,10,0,1.0,0.0,0.0,0.0,0.0,0.0,,,4.4
grand_sim_v0_4,no_regime_ablation,v02_default,0.1,0.56,federation_bridge_stress,low_stress,10,0,10,0.0,0.0,0.0,0.0,0.0,0.0,,,0.0
grand_sim_v0_4,no_regime_ablation,v02_default,0.1,0.56,federation_bridge_stress,mid_stress,10,0,10,0.0,0.0,0.0,0.0,0.0,0.0,,,0.0
grand_sim_v0_4,no_regime_ablation,v02_default,0.1,0.56,federation_bridge_stress,high_stress,10,10,0,1.0,0.0,0.0,0.0,0.0,0.0,,,6.7
grand_sim_v0_4,no_regime_ablation,v02_default,0.1,0.56,federation_cluster_attack,low_stress,10,10,0,0.0,0.0,1.0,0.0,0.0,0.0,,,0.0
grand_sim_v0_4,no_regime_ablation,v02_default,0.1,0.56,federation_cluster_attack,mid_stress,10,10,0,0.0,0.0,1.0,0.0,0.0,0.0,,,0.0
grand_sim_v0_4,no_regime_ablation,v02_default,0.1,0.56,federation_cluster_attack,high_stress,10,10,0,1.0,0.0,0.0,0.0,0.0,0.0,,,7.8
grand_sim_v0_4,no_regime_ablation,v02_default,0.1,0.56,psi_corruption,low_stress,10,10,0,0.0,0.0,1.0,0.0,0.0,0.0,,,0.0
grand_sim_v0_4,no_regime_ablation,v02_default,0.1,0.56,psi_corruption,mid_stress,10,10,0,0.0,0.0,1.0,0.0,0.0,0.0,,,0.0
grand_sim_v0_4,no_regime_ablation,v02_default,0.1,0.56,psi_corruption,high_stress,10,10,0,1.0,0.0,0.0,0.0,0.0,0.0,,,6.3
grand_sim_v0_4,no_regime_ablation,v02_default,0.1,0.58,async_message_loss,low_stress,10,0,10,0.0,0.0,0.0,0.0,0.0,0.0,,,0.0
grand_sim_v0_4,no_regime_ablation,v02_default,0.1,0.58,async_message_loss,mid_stress,10,0,10,0.0,0.0,0.0,0.0,0.0,0.0,,,0.0
grand_sim_v0_4,no_regime_ablation,v02_default,0.1,0.58,async_message_loss,high_stress,10,10,0,1.0,0.0,0.0,0.0,0.0,0.0,,,6.1
grand_sim_v0_4,no_regime_ablation,v02_default,0.1,0.58,federation_bridge_stress,low_stress,10,0,10,0.0,0.0,0.0,0.0,0.0,0.0,,,0.0
grand_sim_v0_4,no_regime_ablation,v02_default,0.1,0.58,federation_bridge_stress,mid_stress,10,0,10,0.0,0.0,0.0,0.0,0.0,0.0,,,0.0
grand_sim_v0_4,no_regime_ablation,v02_default,0.1,0.58,federation_bridge_stress,high_stress,10,10,0,1.0,0.0,0.0,0.0,0.0,0.0,,,8.3
grand_sim_v0_4,no_regime_ablation,v02_default,0.1,0.58,federation_cluster_attack,low_stress,10,10,0,0.0,0.0,1.0,0.0,0.0,0.0,,,0.0
grand_sim_v0_4,no_regime_ablation,v02_default,0.1,0.58,federation_cluster_attack,mid_stress,10,10,0,0.0,0.0,1.0,0.0,0.0,0.0,,,0.0
grand_sim_v0_4,no_regime_ablation,v02_default,0.1,0.58,federation_cluster_attack,high_stress,10,10,0,1.0,0.0,0.0,0.0,0.0,0.0,,,9.1
grand_sim_v0_4,no_regime_ablation,v02_default,0.1,0.58,psi_corruption,low_stress,10,10,0,0.0,0.0,1.0,0.0,0.0,0.0,,,0.0
grand_sim_v0_4,no_regime_ablation,v02_default,0.1,0.58,psi_corruption,mid_stress,10,10,0,0.0,0.0,1.0,0.0,0.0,0.0,,,0.0
grand_sim_v0_4,no_regime_ablation,v02_default,0.1,0.58,psi_corruption,high_stress,10,10,0,1.0,0.0,0.0,0.0,0.0,0.0,,,8.7
grand_sim_v0_4,no_regime_ablation,v02_default,0.1,0.6,async_message_loss,low_stress,10,0,10,0.0,0.0,0.0,0.0,0.0,0.0,,,0.0
grand_sim_v0_4,no_regime_ablation,v02_default,0.1,0.6,async_message_loss,mid_stress,10,0,10,0.0,0.0,0.0,0.0,0.0,0.0,,,0.0
grand_sim_v0_4,no_regime_ablation,v02_default,0.1,0.6,async_message_loss,high_stress,10,10,0,1.0,0.0,0.0,0.0,0.0,0.0,,,8.3
grand_sim_v0_4,no_regime_ablation,v02_default,0.1,0.6,federation_bridge_stress,low_stress,10,0,10,0.0,0.0,0.0,0.0,0.0,0.0,,,0.0
grand_sim_v0_4,no_regime_ablation,v02_default,0.1,0.6,federation_bridge_stress,mid_stress,10,0,10,0.0,0.0,0.0,0.0,0.0,0.0,,,0.0
grand_sim_v0_4,no_regime_ablation,v02_default,0.1,0.6,federation_bridge_stress,high_stress,10,10,0,1.0,0.0,0.0,0.0,0.0,0.0,,,10.5
grand_sim_v0_4,no_regime_ablation,v02_default,0.1,0.6,federation_cluster_attack,low_stress,10,10,0,0.0,0.0,1.0,0.0,0.0,0.0,,,0.0
grand_sim_v0_4,no_regime_ablation,v02_default,0.1,0.6,federation_cluster_attack,mid_stress,10,10,0,0.0,0.0,1.0,0.0,0.0,0.0,,,0.0
grand_sim_v0_4,no_regime_ablation,v02_default,0.1,0.6,federation_cluster_attack,high_stress,10,10,0,1.0,0.0,0.0,0.0,0.0,0.0,,,10.5
grand_sim_v0_4,no_regime_ablation,v02_default,0.1,0.6,psi_corruption,low_stress,10,10,0,0.0,0.0,1.0,0.0,0.0,0.0,,,0.0
grand_sim_v0_4,no_regime_ablation,v02_default,0.1,0.6,psi_corruption,mid_stress,10,10,0,0.0,0.0,1.0,0.0,0.0,0.0,,,0.0
grand_sim_v0_4,no_regime_ablation,v02_default,0.1,0.6,psi_corruption,high_stress,10,10,0,1.0,0.0,0.0,0.0,0.0,0.0,,,10.8
grand_sim_v0_4,no_regime_renormalized,v02_default,0.1,0.1,async_message_loss,low_stress,10,0,10,0.0,0.0,0.0,1.0,0.0,0.0,,,0.0
grand_sim_v0_4,no_regime_renormalized,v02_default,0.1,0.1,async_message_loss,mid_stress,10,0,10,0.0,0.0,0.0,1.0,0.0,0.0,,,0.0
grand_sim_v0_4,no_regime_renormalized,v02_default,0.1,0.1,async_message_loss,high_stress,10,10,0,1.0,1.0,0.0,0.0,31.4,31.0,29.0,33.0,0.0
grand_sim_v0_4,no_regime_renormalized,v02_default,0.1,0.1,federation_bridge_stress,low_stress,10,0,10,0.0,0.0,0.0,1.0,0.0,0.0,,,0.0
grand_sim_v0_4,no_regime_renormalized,v02_default,0.1,0.1,federation_bridge_stress,mid_stress,10,0,10,0.0,0.0,0.0,1.0,0.0,0.0,,,0.0
grand_sim_v0_4,no_regime_renormalized,v02_default,0.1,0.1,federation_bridge_stress,high_stress,10,10,0,1.0,1.0,0.0,0.0,24.7,24.0,23.0,27.0,0.0
grand_sim_v0_4,no_regime_renormalized,v02_default,0.1,0.1,federation_cluster_attack,low_stress,10,10,0,1.0,1.0,0.0,0.0,97.2,98.0,92.0,99.0,0.0
grand_sim_v0_4,no_regime_renormalized,v02_default,0.1,0.1,federation_cluster_attack,mid_stress,10,10,0,1.0,1.0,0.0,0.0,65.9,66.0,62.0,67.0,0.0
grand_sim_v0_4,no_regime_renormalized,v02_default,0.1,0.1,federation_cluster_attack,high_stress,10,10,0,1.0,1.0,0.0,0.0,26.5,27.0,25.0,28.0,0.0
grand_sim_v0_4,no_regime_renormalized,v02_default,0.1,0.1,psi_corruption,low_stress,10,10,0,1.0,1.0,0.0,0.0,87.1,87.0,86.0,88.0,0.0
grand_sim_v0_4,no_regime_renormalized,v02_default,0.1,0.1,psi_corruption,mid_stress,10,10,0,1.0,1.0,0.0,0.0,59.9,60.0,57.0,61.0,0.0
grand_sim_v0_4,no_regime_renormalized,v02_default,0.1,0.1,psi_corruption,high_stress,10,10,0,1.0,1.0,0.0,0.0,24.6,24.0,23.0,27.0,0.0
grand_sim_v0_4,no_regime_renormalized,v02_default,0.1,0.12,async_message_loss,low_stress,10,0,10,0.0,0.0,0.0,1.0,0.0,0.0,,,0.0
grand_sim_v0_4,no_regime_renormalized,v02_default,0.1,0.12,async_message_loss,mid_stress,10,0,10,0.0,0.0,0.0,1.0,0.0,0.0,,,0.0
grand_sim_v0_4,no_regime_renormalized,v02_default,0.1,0.12,async_message_loss,high_stress,10,10,0,1.0,1.0,0.0,0.0,31.4,31.0,29.0,33.0,0.0
grand_sim_v0_4,no_regime_renormalized,v02_default,0.1,0.12,federation_bridge_stress,low_stress,10,0,10,0.0,0.0,0.0,1.0,0.0,0.0,,,0.0
grand_sim_v0_4,no_regime_renormalized,v02_default,0.1,0.12,federation_bridge_stress,mid_stress,10,0,10,0.0,0.0,0.0,1.0,0.0,0.0,,,0.0
grand_sim_v0_4,no_regime_renormalized,v02_default,0.1,0.12,federation_bridge_stress,high_stress,10,10,0,1.0,1.0,0.0,0.0,24.7,24.0,23.0,27.0,0.0
grand_sim_v0_4,no_regime_renormalized,v02_default,0.1,0.12,federation_cluster_attack,low_stress,10,10,0,1.0,1.0,0.0,0.0,97.2,98.0,92.0,99.0,0.0
grand_sim_v0_4,no_regime_renormalized,v02_default,0.1,0.12,federation_cluster_attack,mid_stress,10,10,0,1.0,1.0,0.0,0.0,65.9,66.0,62.0,67.0,0.0
grand_sim_v0_4,no_regime_renormalized,v02_default,0.1,0.12,federation_cluster_attack,high_stress,10,10,0,1.0,1.0,0.0,0.0,26.5,27.0,25.0,28.0,0.0
grand_sim_v0_4,no_regime_renormalized,v02_default,0.1,0.12,psi_corruption,low_stress,10,10,0,1.0,1.0,0.0,0.0,87.1,87.0,86.0,88.0,0.0
grand_sim_v0_4,no_regime_renormalized,v02_default,0.1,0.12,psi_corruption,mid_stress,10,10,0,1.0,1.0,0.0,0.0,59.9,60.0,57.0,61.0,0.0
grand_sim_v0_4,no_regime_renormalized,v02_default,0.1,0.12,psi_corruption,high_stress,10,10,0,1.0,1.0,0.0,0.0,24.6,24.0,23.0,27.0,0.0
grand_sim_v0_4,no_regime_renormalized,v02_default,0.1,0.14,async_message_loss,low_stress,10,0,10,0.0,0.0,0.0,1.0,0.0,0.0,,,0.0
grand_sim_v0_4,no_regime_renormalized,v02_default,0.1,0.14,async_message_loss,mid_stress,10,0,10,0.0,0.0,0.0,1.0,0.0,0.0,,,0.0
grand_sim_v0_4,no_regime_renormalized,v02_default,0.1,0.14,async_message_loss,high_stress,10,10,0,1.0,1.0,0.0,0.0,31.4,31.0,29.0,33.0,0.0
grand_sim_v0_4,no_regime_renormalized,v02_default,0.1,0.14,federation_bridge_stress,low_stress,10,0,10,0.0,0.0,0.0,1.0,0.0,0.0,,,0.0
grand_sim_v0_4,no_regime_renormalized,v02_default,0.1,0.14,federation_bridge_stress,mid_stress,10,0,10,0.0,0.0,0.0,1.0,0.0,0.0,,,0.0
grand_sim_v0_4,no_regime_renormalized,v02_default,0.1,0.14,federation_bridge_stress,high_stress,10,10,0,1.0,1.0,0.0,0.0,24.7,24.0,23.0,27.0,0.0
grand_sim_v0_4,no_regime_renormalized,v02_default,0.1,0.14,federation_cluster_attack,low_stress,10,10,0,1.0,1.0,0.0,0.0,97.2,98.0,92.0,99.0,0.0
grand_sim_v0_4,no_regime_renormalized,v02_default,0.1,0.14,federation_cluster_attack,mid_stress,10,10,0,1.0,1.0,0.0,0.0,65.9,66.0,62.0,67.0,0.0
grand_sim_v0_4,no_regime_renormalized,v02_default,0.1,0.14,federation_cluster_attack,high_stress,10,10,0,1.0,1.0,0.0,0.0,26.5,27.0,25.0,28.0,0.0
grand_sim_v0_4,no_regime_renormalized,v02_default,0.1,0.14,psi_corruption,low_stress,10,10,0,1.0,1.0,0.0,0.0,87.1,87.0,86.0,88.0,0.0
grand_sim_v0_4,no_regime_renormalized,v02_default,0.1,0.14,psi_corruption,mid_stress,10,10,0,1.0,1.0,0.0,0.0,59.9,60.0,57.0,61.0,0.0
grand_sim_v0_4,no_regime_renormalized,v02_default,0.1,0.14,psi_corruption,high_stress,10,10,0,1.0,1.0,0.0,0.0,24.6,24.0,23.0,27.0,0.0
grand_sim_v0_4,no_regime_renormalized,v02_default,0.1,0.16,async_message_loss,low_stress,10,0,10,0.0,0.0,0.0,1.0,0.0,0.0,,,0.0
grand_sim_v0_4,no_regime_renormalized,v02_default,0.1,0.16,async_message_loss,mid_stress,10,0,10,0.0,0.0,0.0,1.0,0.0,0.0,,,0.0
grand_sim_v0_4,no_regime_renormalized,v02_default,0.1,0.16,async_message_loss,high_stress,10,10,0,1.0,1.0,0.0,0.0,31.4,31.0,29.0,33.0,0.0
grand_sim_v0_4,no_regime_renormalized,v02_default,0.1,0.16,federation_bridge_stress,low_stress,10,0,10,0.0,0.0,0.0,1.0,0.0,0.0,,,0.0
grand_sim_v0_4,no_regime_renormalized,v02_default,0.1,0.16,federation_bridge_stress,mid_stress,10,0,10,0.0,0.0,0.0,1.0,0.0,0.0,,,0.0
grand_sim_v0_4,no_regime_renormalized,v02_default,0.1,0.16,federation_bridge_stress,high_stress,10,10,0,1.0,1.0,0.0,0.0,24.7,24.0,23.0,27.0,0.0
grand_sim_v0_4,no_regime_renormalized,v02_default,0.1,0.16,federation_cluster_attack,low_stress,10,10,0,1.0,1.0,0.0,0.0,97.2,98.0,92.0,99.0,0.0
grand_sim_v0_4,no_regime_renormalized,v02_default,0.1,0.16,federation_cluster_attack,mid_stress,10,10,0,1.0,1.0,0.0,0.0,65.9,66.0,62.0,67.0,0.0
grand_sim_v0_4,no_regime_renormalized,v02_default,0.1,0.16,federation_cluster_attack,high_stress,10,10,0,1.0,1.0,0.0,0.0,26.5,27.0,25.0,28.0,0.0
grand_sim_v0_4,no_regime_renormalized,v02_default,0.1,0.16,psi_corruption,low_stress,10,10,0,1.0,1.0,0.0,0.0,87.1,87.0,86.0,88.0,0.0
grand_sim_v0_4,no_regime_renormalized,v02_default,0.1,0.16,psi_corruption,mid_stress,10,10,0,1.0,1.0,0.0,0.0,59.9,60.0,57.0,61.0,0.0
grand_sim_v0_4,no_regime_renormalized,v02_default,0.1,0.16,psi_corruption,high_stress,10,10,0,1.0,1.0,0.0,0.0,24.6,24.0,23.0,27.0,0.0
grand_sim_v0_4,no_regime_renormalized,v02_default,0.1,0.18,async_message_loss,low_stress,10,0,10,0.0,0.0,0.0,1.0,0.0,0.0,,,0.0
grand_sim_v0_4,no_regime_renormalized,v02_default,0.1,0.18,async_message_loss,mid_stress,10,0,10,0.0,0.0,0.0,1.0,0.0,0.0,,,0.0
grand_sim_v0_4,no_regime_renormalized,v02_default,0.1,0.18,async_message_loss,high_stress,10,10,0,1.0,1.0,0.0,0.0,31.4,31.0,29.0,33.0,0.0
grand_sim_v0_4,no_regime_renormalized,v02_default,0.1,0.18,federation_bridge_stress,low_stress,10,0,10,0.0,0.0,0.0,1.0,0.0,0.0,,,0.0
grand_sim_v0_4,no_regime_renormalized,v02_default,0.1,0.18,federation_bridge_stress,mid_stress,10,0,10,0.0,0.0,0.0,1.0,0.0,0.0,,,0.0
grand_sim_v0_4,no_regime_renormalized,v02_default,0.1,0.18,federation_bridge_stress,high_stress,10,10,0,1.0,1.0,0.0,0.0,24.7,24.0,23.0,27.0,0.0
grand_sim_v0_4,no_regime_renormalized,v02_default,0.1,0.18,federation_cluster_attack,low_stress,10,10,0,1.0,1.0,0.0,0.0,97.2,98.0,92.0,99.0,0.0
grand_sim_v0_4,no_regime_renormalized,v02_default,0.1,0.18,federation_cluster_attack,mid_stress,10,10,0,1.0,1.0,0.0,0.0,65.9,66.0,62.0,67.0,0.0
grand_sim_v0_4,no_regime_renormalized,v02_default,0.1,0.18,federation_cluster_attack,high_stress,10,10,0,1.0,1.0,0.0,0.0,26.5,27.0,25.0,28.0,0.0
grand_sim_v0_4,no_regime_renormalized,v02_default,0.1,0.18,psi_corruption,low_stress,10,10,0,1.0,1.0,0.0,0.0,87.1,87.0,86.0,88.0,0.0
grand_sim_v0_4,no_regime_renormalized,v02_default,0.1,0.18,psi_corruption,mid_stress,10,10,0,1.0,1.0,0.0,0.0,59.9,60.0,57.0,61.0,0.0
grand_sim_v0_4,no_regime_renormalized,v02_default,0.1,0.18,psi_corruption,high_stress,10,10,0,1.0,1.0,0.0,0.0,24.6,24.0,23.0,27.0,0.0
grand_sim_v0_4,no_regime_renormalized,v02_default,0.1,0.2,async_message_loss,low_stress,10,0,10,0.0,0.0,0.0,1.0,0.0,0.0,,,0.0
grand_sim_v0_4,no_regime_renormalized,v02_default,0.1,0.2,async_message_loss,mid_stress,10,0,10,0.0,0.0,0.0,1.0,0.0,0.0,,,0.0
grand_sim_v0_4,no_regime_renormalized,v02_default,0.1,0.2,async_message_loss,high_stress,10,10,0,1.0,1.0,0.0,0.0,31.4,31.0,29.0,33.0,0.0
grand_sim_v0_4,no_regime_renormalized,v02_default,0.1,0.2,federation_bridge_stress,low_stress,10,0,10,0.0,0.0,0.0,1.0,0.0,0.0,,,0.0
grand_sim_v0_4,no_regime_renormalized,v02_default,0.1,0.2,federation_bridge_stress,mid_stress,10,0,10,0.0,0.0,0.0,1.0,0.0,0.0,,,0.0
grand_sim_v0_4,no_regime_renormalized,v02_default,0.1,0.2,federation_bridge_stress,high_stress,10,10,0,1.0,1.0,0.0,0.0,24.7,24.0,23.0,27.0,0.0
grand_sim_v0_4,no_regime_renormalized,v02_default,0.1,0.2,federation_cluster_attack,low_stress,10,10,0,1.0,1.0,0.0,0.0,97.2,98.0,92.0,99.0,0.0
grand_sim_v0_4,no_regime_renormalized,v02_default,0.1,0.2,federation_cluster_attack,mid_stress,10,10,0,1.0,1.0,0.0,0.0,65.9,66.0,62.0,67.0,0.0
grand_sim_v0_4,no_regime_renormalized,v02_default,0.1,0.2,federation_cluster_attack,high_stress,10,10,0,1.0,1.0,0.0,0.0,26.5,27.0,25.0,28.0,0.0
grand_sim_v0_4,no_regime_renormalized,v02_default,0.1,0.2,psi_corruption,low_stress,10,10,0,1.0,1.0,0.0,0.0,87.1,87.0,86.0,88.0,0.0
grand_sim_v0_4,no_regime_renormalized,v02_default,0.1,0.2,psi_corruption,mid_stress,10,10,0,1.0,1.0,0.0,0.0,59.9,60.0,57.0,61.0,0.0
grand_sim_v0_4,no_regime_renormalized,v02_default,0.1,0.2,psi_corruption,high_stress,10,10,0,1.0,1.0,0.0,0.0,24.6,24.0,23.0,27.0,0.0
grand_sim_v0_4,no_regime_renormalized,v02_default,0.1,0.22,async_message_loss,low_stress,10,0,10,0.0,0.0,0.0,1.0,0.0,0.0,,,0.0
grand_sim_v0_4,no_regime_renormalized,v02_default,0.1,0.22,async_message_loss,mid_stress,10,0,10,0.0,0.0,0.0,1.0,0.0,0.0,,,0.0
grand_sim_v0_4,no_regime_renormalized,v02_default,0.1,0.22,async_message_loss,high_stress,10,10,0,1.0,1.0,0.0,0.0,31.4,31.0,29.0,33.0,0.0
grand_sim_v0_4,no_regime_renormalized,v02_default,0.1,0.22,federation_bridge_stress,low_stress,10,0,10,0.0,0.0,0.0,1.0,0.0,0.0,,,0.0
grand_sim_v0_4,no_regime_renormalized,v02_default,0.1,0.22,federation_bridge_stress,mid_stress,10,0,10,0.0,0.0,0.0,1.0,0.0,0.0,,,0.0
grand_sim_v0_4,no_regime_renormalized,v02_default,0.1,0.22,federation_bridge_stress,high_stress,10,10,0,1.0,1.0,0.0,0.0,24.7,24.0,23.0,27.0,0.0
grand_sim_v0_4,no_regime_renormalized,v02_default,0.1,0.22,federation_cluster_attack,low_stress,10,10,0,1.0,1.0,0.0,0.0,97.2,98.0,92.0,99.0,0.0
grand_sim_v0_4,no_regime_renormalized,v02_default,0.1,0.22,federation_cluster_attack,mid_stress,10,10,0,1.0,1.0,0.0,0.0,65.9,66.0,62.0,67.0,0.0
grand_sim_v0_4,no_regime_renormalized,v02_default,0.1,0.22,federation_cluster_attack,high_stress,10,10,0,1.0,1.0,0.0,0.0,26.5,27.0,25.0,28.0,0.0
grand_sim_v0_4,no_regime_renormalized,v02_default,0.1,0.22,psi_corruption,low_stress,10,10,0,1.0,1.0,0.0,0.0,87.1,87.0,86.0,88.0,0.0
grand_sim_v0_4,no_regime_renormalized,v02_default,0.1,0.22,psi_corruption,mid_stress,10,10,0,1.0,1.0,0.0,0.0,59.9,60.0,57.0,61.0,0.0
grand_sim_v0_4,no_regime_renormalized,v02_default,0.1,0.22,psi_corruption,high_stress,10,10,0,1.0,1.0,0.0,0.0,24.6,24.0,23.0,27.0,0.0
grand_sim_v0_4,no_regime_renormalized,v02_default,0.1,0.24,async_message_loss,low_stress,10,0,10,0.0,0.0,0.0,0.2,0.0,0.0,,,0.0
grand_sim_v0_4,no_regime_renormalized,v02_default,0.1,0.24,async_message_loss,mid_stress,10,0,10,0.0,0.0,0.0,0.8,0.0,0.0,,,0.0
grand_sim_v0_4,no_regime_renormalized,v02_default,0.1,0.24,async_message_loss,high_stress,10,10,0,1.0,1.0,0.0,0.0,31.4,31.0,29.0,33.0,0.0
grand_sim_v0_4,no_regime_renormalized,v02_default,0.1,0.24,federation_bridge_stress,low_stress,10,0,10,0.0,0.0,0.0,0.0,0.0,0.0,,,0.0
grand_sim_v0_4,no_regime_renormalized,v02_default,0.1,0.24,federation_bridge_stress,mid_stress,10,0,10,0.0,0.0,0.0,0.0,0.0,0.0,,,0.0
grand_sim_v0_4,no_regime_renormalized,v02_default,0.1,0.24,federation_bridge_stress,high_stress,10,10,0,1.0,1.0,0.0,0.0,24.7,24.0,23.0,27.0,0.0
grand_sim_v0_4,no_regime_renormalized,v02_default,0.1,0.24,federation_cluster_attack,low_stress,10,10,0,1.0,1.0,0.0,0.0,21.0,21.0,17.0,23.0,0.0
grand_sim_v0_4,no_regime_renormalized,v02_default,0.1,0.24,federation_cluster_attack,mid_stress,10,10,0,1.0,1.0,0.0,0.0,22.7,12.0,9.0,67.0,0.0
grand_sim_v0_4,no_regime_renormalized,v02_default,0.1,0.24,federation_cluster_attack,high_stress,10,10,0,1.0,1.0,0.0,0.0,26.5,27.0,25.0,28.0,0.0
grand_sim_v0_4,no_regime_renormalized,v02_default,0.1,0.24,psi_corruption,low_stress,10,10,0,1.0,1.0,0.0,0.0,18.0,18.0,17.0,20.0,0.0
grand_sim_v0_4,no_regime_renormalized,v02_default,0.1,0.24,psi_corruption,mid_stress,10,10,0,1.0,1.0,0.0,0.0,14.6,10.0,7.0,61.0,0.0
grand_sim_v0_4,no_regime_renormalized,v02_default,0.1,0.24,psi_corruption,high_stress,10,10,0,1.0,1.0,0.0,0.0,24.6,24.0,23.0,27.0,0.0
grand_sim_v0_4,no_regime_renormalized,v02_default,0.1,0.26,async_message_loss,low_stress,10,0,10,0.0,0.0,0.0,0.0,0.0,0.0,,,0.0
grand_sim_v0_4,no_regime_renormalized,v02_default,0.1,0.26,async_message_loss,mid_stress,10,0,10,0.0,0.0,0.0,0.0,0.0,0.0,,,0.0
grand_sim_v0_4,no_regime_renormalized,v02_default,0.1,0.26,async_message_loss,high_stress,10,10,0,1.0,1.0,0.0,0.0,21.6,21.0,20.0,23.0,0.0
grand_sim_v0_4,no_regime_renormalized,v02_default,0.1,0.26,federation_bridge_stress,low_stress,10,0,10,0.0,0.0,0.0,0.0,0.0,0.0,,,0.0
grand_sim_v0_4,no_regime_renormalized,v02_default,0.1,0.26,federation_bridge_stress,mid_stress,10,0,10,0.0,0.0,0.0,0.0,0.0,0.0,,,0.0
grand_sim_v0_4,no_regime_renormalized,v02_default,0.1,0.26,federation_bridge_stress,high_stress,10,10,0,1.0,1.0,0.0,0.0,14.7,15.0,13.0,16.0,0.0
grand_sim_v0_4,no_regime_renormalized,v02_default,0.1,0.26,federation_cluster_attack,low_stress,10,10,0,1.0,1.0,0.0,0.0,18.5,19.0,14.0,21.0,0.0
grand_sim_v0_4,no_regime_renormalized,v02_default,0.1,0.26,federation_cluster_attack,mid_stress,10,10,0,1.0,1.0,0.0,0.0,10.5,11.0,7.0,12.0,0.0
grand_sim_v0_4,no_regime_renormalized,v02_default,0.1,0.26,federation_cluster_attack,high_stress,10,10,0,1.0,1.0,0.0,0.0,15.0,15.0,14.0,17.0,0.0
grand_sim_v0_4,no_regime_renormalized,v02_default,0.1,0.26,psi_corruption,low_stress,10,10,0,1.0,1.0,0.0,0.0,16.0,16.0,15.0,18.0,0.0
grand_sim_v0_4,no_regime_renormalized,v02_default,0.1,0.26,psi_corruption,mid_stress,10,10,0,1.0,1.0,0.0,0.0,8.5,9.0,6.0,10.0,0.0
grand_sim_v0_4,no_regime_renormalized,v02_default,0.1,0.26,psi_corruption,high_stress,10,10,0,1.0,1.0,0.0,0.0,15.2,15.0,14.0,17.0,0.0
grand_sim_v0_4,no_regime_renormalized,v02_default,0.1,0.28,async_message_loss,low_stress,10,0,10,0.0,0.0,0.0,0.0,0.0,0.0,,,0.0
grand_sim_v0_4,no_regime_renormalized,v02_default,0.1,0.28,async_message_loss,mid_stress,10,0,10,0.0,0.0,0.0,0.0,0.0,0.0,,,0.0
grand_sim_v0_4,no_regime_renormalized,v02_default,0.1,0.28,async_message_loss,high_stress,10,10,0,1.0,1.0,0.0,0.0,17.7,17.0,17.0,19.0,0.0
grand_sim_v0_4,no_regime_renormalized,v02_default,0.1,0.28,federation_bridge_stress,low_stress,10,0,10,0.0,0.0,0.0,0.0,0.0,0.0,,,0.0
grand_sim_v0_4,no_regime_renormalized,v02_default,0.1,0.28,federation_bridge_stress,mid_stress,10,0,10,0.0,0.0,0.0,0.0,0.0,0.0,,,0.0
grand_sim_v0_4,no_regime_renormalized,v02_default,0.1,0.28,federation_bridge_stress,high_stress,10,10,0,1.0,1.0,0.0,0.0,11.5,12.0,10.0,12.0,0.0
grand_sim_v0_4,no_regime_renormalized,v02_default,0.1,0.28,federation_cluster_attack,low_stress,10,10,0,1.0,1.0,0.0,0.0,16.4,17.0,12.0,19.0,0.0
grand_sim_v0_4,no_regime_renormalized,v02_default,0.1,0.28,federation_cluster_attack,mid_stress,10,10,0,1.0,1.0,0.0,0.0,9.3,9.0,6.0,11.0,0.0
grand_sim_v0_4,no_regime_renormalized,v02_default,0.1,0.28,federation_cluster_attack,high_stress,10,10,0,1.0,1.0,0.0,0.0,11.8,12.0,11.0,13.0,0.0
grand_sim_v0_4,no_regime_renormalized,v02_default,0.1,0.28,psi_corruption,low_stress,10,10,0,1.0,1.0,0.0,0.0,14.0,14.0,13.0,16.0,0.0
grand_sim_v0_4,no_regime_renormalized,v02_default,0.1,0.28,psi_corruption,mid_stress,10,10,0,1.0,1.0,0.0,0.0,7.5,8.0,5.0,9.0,0.0
grand_sim_v0_4,no_regime_renormalized,v02_default,0.1,0.28,psi_corruption,high_stress,10,10,0,1.0,1.0,0.0,0.0,11.9,12.0,11.0,13.0,0.0
grand_sim_v0_4,no_regime_renormalized,v02_default,0.1,0.3,async_message_loss,low_stress,10,0,10,0.0,0.0,0.0,0.0,0.0,0.0,,,0.0
grand_sim_v0_4,no_regime_renormalized,v02_default,0.1,0.3,async_message_loss,mid_stress,10,0,10,0.0,0.0,0.0,0.0,0.0,0.0,,,0.0
grand_sim_v0_4,no_regime_renormalized,v02_default,0.1,0.3,async_message_loss,high_stress,10,10,0,1.0,1.0,0.0,0.0,15.2,15.0,14.0,16.0,0.0
grand_sim_v0_4,no_regime_renormalized,v02_default,0.1,0.3,federation_bridge_stress,low_stress,10,0,10,0.0,0.0,0.0,0.0,0.0,0.0,,,0.0
grand_sim_v0_4,no_regime_renormalized,v02_default,0.1,0.3,federation_bridge_stress,mid_stress,10,0,10,0.0,0.0,0.0,0.0,0.0,0.0,,,0.0
grand_sim_v0_4,no_regime_renormalized,v02_default,0.1,0.3,federation_bridge_stress,high_stress,10,10,0,1.0,1.0,0.0,0.0,9.4,9.0,8.0,10.0,0.0
grand_sim_v0_4,no_regime_renormalized,v02_default,0.1,0.3,federation_cluster_attack,low_stress,10,10,0,1.0,1.0,0.0,0.0,14.3,15.0,10.0,17.0,0.0
grand_sim_v0_4,no_regime_renormalized,v02_default,0.1,0.3,federation_cluster_attack,mid_stress,10,10,0,1.0,1.0,0.0,0.0,7.8,8.0,5.0,9.0,0.0
grand_sim_v0_4,no_regime_renormalized,v02_default,0.1,0.3,federation_cluster_attack,high_stress,10,10,0,1.0,1.0,0.0,0.0,9.9,10.0,9.0,11.0,0.0
grand_sim_v0_4,no_regime_renormalized,v02_default,0.1,0.3,psi_corruption,low_stress,10,10,0,1.0,1.0,0.0,0.0,12.1,12.0,11.0,14.0,0.0
grand_sim_v0_4,no_regime_renormalized,v02_default,0.1,0.3,psi_corruption,mid_stress,10,10,0,1.0,1.0,0.0,0.0,6.6,7.0,4.0,8.0,0.0
grand_sim_v0_4,no_regime_renormalized,v02_default,0.1,0.3,psi_corruption,high_stress,10,10,0,1.0,1.0,0.0,0.0,9.9,10.0,9.0,11.0,0.0
grand_sim_v0_4,no_regime_renormalized,v02_default,0.1,0.32,async_message_loss,low_stress,10,0,10,0.0,0.0,0.0,0.0,0.0,0.0,,,0.0
grand_sim_v0_4,no_regime_renormalized,v02_default,0.1,0.32,async_message_loss,mid_stress,10,0,10,0.0,0.0,0.0,0.0,0.0,0.0,,,0.0
grand_sim_v0_4,no_regime_renormalized,v02_default,0.1,0.32,async_message_loss,high_stress,10,10,0,1.0,1.0,0.0,0.0,13.0,13.0,12.0,14.0,0.0
grand_sim_v0_4,no_regime_renormalized,v02_default,0.1,0.32,federation_bridge_stress,low_stress,10,0,10,0.0,0.0,0.0,0.0,0.0,0.0,,,0.0
grand_sim_v0_4,no_regime_renormalized,v02_default,0.1,0.32,federation_bridge_stress,mid_stress,10,0,10,0.0,0.0,0.0,0.0,0.0,0.0,,,0.0
grand_sim_v0_4,no_regime_renormalized,v02_default,0.1,0.32,federation_bridge_stress,high_stress,10,10,0,1.0,1.0,0.0,0.0,7.9,8.0,7.0,9.0,0.0
grand_sim_v0_4,no_regime_renormalized,v02_default,0.1,0.32,federation_cluster_attack,low_stress,10,10,0,1.0,1.0,0.0,0.0,12.1,13.0,7.0,15.0,0.0
grand_sim_v0_4,no_regime_renormalized,v02_default,0.1,0.32,federation_cluster_attack,mid_stress,10,10,0,1.0,1.0,0.0,0.0,6.1,6.0,4.0,8.0,0.0
grand_sim_v0_4,no_regime_renormalized,v02_default,0.1,0.32,federation_cluster_attack,high_stress,10,10,0,1.0,1.0,0.0,0.0,8.1,8.0,7.0,9.0,0.0
grand_sim_v0_4,no_regime_renormalized,v02_default,0.1,0.32,psi_corruption,low_stress,10,10,0,1.0,1.0,0.0,0.0,10.2,10.0,9.0,12.0,0.0
grand_sim_v0_4,no_regime_renormalized,v02_default,0.1,0.32,psi_corruption,mid_stress,10,10,0,1.0,1.0,0.0,0.0,5.3,5.0,3.0,7.0,0.0
grand_sim_v0_4,no_regime_renormalized,v02_default,0.1,0.32,psi_corruption,high_stress,10,10,0,1.0,1.0,0.0,0.0,8.2,8.0,7.0,10.0,0.0
grand_sim_v0_4,no_regime_renormalized,v02_default,0.1,0.34,async_message_loss,low_stress,10,0,10,0.0,0.0,0.0,0.0,0.0,0.0,,,0.0
grand_sim_v0_4,no_regime_renormalized,v02_default,0.1,0.34,async_message_loss,mid_stress,10,0,10,0.0,0.0,0.0,0.0,0.0,0.0,,,0.0
grand_sim_v0_4,no_regime_renormalized,v02_default,0.1,0.34,async_message_loss,high_stress,10,10,0,1.0,1.0,0.0,0.0,11.2,11.0,10.0,12.0,0.0
grand_sim_v0_4,no_regime_renormalized,v02_default,0.1,0.34,federation_bridge_stress,low_stress,10,0,10,0.0,0.0,0.0,0.0,0.0,0.0,,,0.0
grand_sim_v0_4,no_regime_renormalized,v02_default,0.1,0.34,federation_bridge_stress,mid_stress,10,0,10,0.0,0.0,0.0,0.0,0.0,0.0,,,0.0
grand_sim_v0_4,no_regime_renormalized,v02_default,0.1,0.34,federation_bridge_stress,high_stress,10,10,0,1.0,1.0,0.0,0.0,6.6,7.0,5.0,8.0,0.0
grand_sim_v0_4,no_regime_renormalized,v02_default,0.1,0.34,federation_cluster_attack,low_stress,10,10,0,1.0,1.0,0.0,0.0,5.4,6.0,2.0,8.0,0.0
grand_sim_v0_4,no_regime_renormalized,v02_default,0.1,0.34,federation_cluster_attack,mid_stress,10,10,0,1.0,1.0,0.0,0.0,2.4,2.0,1.0,4.0,0.0
grand_sim_v0_4,no_regime_renormalized,v02_default,0.1,0.34,federation_cluster_attack,high_stress,10,10,0,1.0,1.0,0.0,0.0,6.6,6.0,6.0,8.0,0.0
grand_sim_v0_4,no_regime_renormalized,v02_default,0.1,0.34,psi_corruption,low_stress,10,10,0,1.0,1.0,0.0,0.0,4.8,4.0,3.0,7.0,0.0
grand_sim_v0_4,no_regime_renormalized,v02_default,0.1,0.34,psi_corruption,mid_stress,10,10,0,1.0,1.0,0.0,0.0,2.3,2.0,1.0,4.0,0.0
grand_sim_v0_4,no_regime_renormalized,v02_default,0.1,0.34,psi_corruption,high_stress,10,10,0,1.0,1.0,0.0,0.0,6.8,6.0,6.0,8.0,0.0
grand_sim_v0_4,no_regime_renormalized,v02_default,0.1,0.36,async_message_loss,low_stress,10,0,10,0.0,0.0,0.0,0.0,0.0,0.0,,,0.0
grand_sim_v0_4,no_regime_renormalized,v02_default,0.1,0.36,async_message_loss,mid_stress,10,0,10,0.0,0.0,0.0,0.0,0.0,0.0,,,0.0
grand_sim_v0_4,no_regime_renormalized,v02_default,0.1,0.36,async_message_loss,high_stress,10,10,0,1.0,1.0,0.0,0.0,10.0,10.0,9.0,11.0,0.0
grand_sim_v0_4,no_regime_renormalized,v02_default,0.1,0.36,federation_bridge_stress,low_stress,10,0,10,0.0,0.0,0.0,0.0,0.0,0.0,,,0.0
grand_sim_v0_4,no_regime_renormalized,v02_default,0.1,0.36,federation_bridge_stress,mid_stress,10,0,10,0.0,0.0,0.0,0.0,0.0,0.0,,,0.0
grand_sim_v0_4,no_regime_renormalized,v02_default,0.1,0.36,federation_bridge_stress,high_stress,10,10,0,1.0,1.0,0.0,0.0,5.2,5.0,4.0,6.0,0.0
grand_sim_v0_4,no_regime_renormalized,v02_default,0.1,0.36,federation_cluster_attack,low_stress,10,10,0,1.0,0.0,0.0,0.0,0.0,0.0,,,7.4
grand_sim_v0_4,no_regime_renormalized,v02_default,0.1,0.36,federation_cluster_attack,mid_stress,10,10,0,1.0,0.4,0.0,0.0,0.0,0.0,0.0,0.0,1.5
grand_sim_v0_4,no_regime_renormalized,v02_default,0.1,0.36,federation_cluster_attack,high_stress,10,10,0,1.0,1.0,0.0,0.0,5.4,5.0,5.0,6.0,0.0
grand_sim_v0_4,no_regime_renormalized,v02_default,0.1,0.36,psi_corruption,low_stress,10,10,0,1.0,0.0,0.0,0.0,0.0,0.0,,,5.0
grand_sim_v0_4,no_regime_renormalized,v02_default,0.1,0.36,psi_corruption,mid_stress,10,10,0,1.0,0.3,0.0,0.0,0.0,0.0,0.0,0.0,1.285714
grand_sim_v0_4,no_regime_renormalized,v02_default,0.1,0.36,psi_corruption,high_stress,10,10,0,1.0,1.0,0.0,0.0,5.4,5.0,4.0,7.0,0.0
grand_sim_v0_4,no_regime_renormalized,v02_default,0.1,0.38,async_message_loss,low_stress,10,0,10,0.0,0.0,0.0,0.0,0.0,0.0,,,0.0
grand_sim_v0_4,no_regime_renormalized,v02_default,0.1,0.38,async_message_loss,mid_stress,10,0,10,0.0,0.0,0.0,0.0,0.0,0.0,,,0.0
grand_sim_v0_4,no_regime_renormalized,v02_default,0.1,0.38,async_message_loss,high_stress,10,10,0,1.0,1.0,0.0,0.0,8.5,8.0,7.0,10.0,0.0
grand_sim_v0_4,no_regime_renormalized,v02_default,0.1,0.38,federation_bridge_stress,low_stress,10,0,10,0.0,0.0,0.0,0.0,0.0,0.0,,,0.0
grand_sim_v0_4,no_regime_renormalized,v02_default,0.1,0.38,federation_bridge_stress,mid_stress,10,0,10,0.0,0.0,0.0,0.0,0.0,0.0,,,0.0
grand_sim_v0_4,no_regime_renormalized,v02_default,0.1,0.38,federation_bridge_stress,high_stress,10,10,0,1.0,1.0,0.0,0.0,4.2,4.0,3.0,5.0,0.0
grand_sim_v0_4,no_regime_renormalized,v02_default,0.1,0.38,federation_cluster_attack,low_stress,10,10,0,0.0,0.0,1.0,0.0,0.0,0.0,,,0.0
grand_sim_v0_4,no_regime_renormalized,v02_default,0.1,0.38,federation_cluster_attack,mid_stress,10,10,0,1.0,0.0,0.0,0.0,0.0,0.0,,,4.4
grand_sim_v0_4,no_regime_renormalized,v02_default,0.1,0.38,federation_cluster_attack,high_stress,10,10,0,1.0,1.0,0.0,0.0,4.3,4.0,3.0,5.0,0.0
grand_sim_v0_4,no_regime_renormalized,v02_default,0.1,0.38,psi_corruption,low_stress,10,10,0,1.0,0.0,0.0,0.0,0.0,0.0,,,19.4
grand_sim_v0_4,no_regime_renormalized,v02_default,0.1,0.38,psi_corruption,mid_stress,10,10,0,1.0,0.0,0.0,0.0,0.0,0.0,,,4.4
grand_sim_v0_4,no_regime_renormalized,v02_default,0.1,0.38,psi_corruption,high_stress,10,10,0,1.0,1.0,0.0,0.0,4.4,4.0,3.0,6.0,0.0
grand_sim_v0_4,no_regime_renormalized,v02_default,0.1,0.4,async_message_loss,low_stress,10,0,10,0.0,0.0,0.0,0.0,0.0,0.0,,,0.0
grand_sim_v0_4,no_regime_renormalized,v02_default,0.1,0.4,async_message_loss,mid_stress,10,0,10,0.0,0.0,0.0,0.0,0.0,0.0,,,0.0
grand_sim_v0_4,no_regime_renormalized,v02_default,0.1,0.4,async_message_loss,high_stress,10,10,0,1.0,1.0,0.0,0.0,7.1,7.0,6.0,8.0,0.0
grand_sim_v0_4,no_regime_renormalized,v02_default,0.1,0.4,federation_bridge_stress,low_stress,10,0,10,0.0,0.0,0.0,0.0,0.0,0.0,,,0.0
grand_sim_v0_4,no_regime_renormalized,v02_default,0.1,0.4,federation_bridge_stress,mid_stress,10,0,10,0.0,0.0,0.0,0.0,0.0,0.0,,,0.0
grand_sim_v0_4,no_regime_renormalized,v02_default,0.1,0.4,federation_bridge_stress,high_stress,10,10,0,1.0,1.0,0.0,0.0,3.2,3.0,2.0,4.0,0.0
grand_sim_v0_4,no_regime_renormalized,v02_default,0.1,0.4,federation_cluster_attack,low_stress,10,10,0,0.0,0.0,1.0,0.0,0.0,0.0,,,0.0
grand_sim_v0_4,no_regime_renormalized,v02_default,0.1,0.4,federation_cluster_attack,mid_stress,10,10,0,1.0,0.0,0.0,0.0,0.0,0.0,,,7.2
grand_sim_v0_4,no_regime_renormalized,v02_default,0.1,0.4,federation_cluster_attack,high_stress,10,10,0,1.0,1.0,0.0,0.0,3.4,3.0,3.0,4.0,0.0
grand_sim_v0_4,no_regime_renormalized,v02_default,0.1,0.4,psi_corruption,low_stress,10,10,0,0.0,0.0,1.0,0.0,0.0,0.0,,,0.0
grand_sim_v0_4,no_regime_renormalized,v02_default,0.1,0.4,psi_corruption,mid_stress,10,10,0,1.0,0.0,0.0,0.0,0.0,0.0,,,8.0
grand_sim_v0_4,no_regime_renormalized,v02_default,0.1,0.4,psi_corruption,high_stress,10,10,0,1.0,1.0,0.0,0.0,3.4,3.0,2.0,5.0,0.0
grand_sim_v0_4,no_regime_renormalized,v02_default,0.1,0.42,async_message_loss,low_stress,10,0,10,0.0,0.0,0.0,0.0,0.0,0.0,,,0.0
grand_sim_v0_4,no_regime_renormalized,v02_default,0.1,0.42,async_message_loss,mid_stress,10,0,10,0.0,0.0,0.0,0.0,0.0,0.0,,,0.0
grand_sim_v0_4,no_regime_renormalized,v02_default,0.1,0.42,async_message_loss,high_stress,10,10,0,1.0,1.0,0.0,0.0,6.1,6.0,5.0,7.0,0.0
grand_sim_v0_4,no_regime_renormalized,v02_default,0.1,0.42,federation_bridge_stress,low_stress,10,0,10,0.0,0.0,0.0,0.0,0.0,0.0,,,0.0
grand_sim_v0_4,no_regime_renormalized,v02_default,0.1,0.42,federation_bridge_stress,mid_stress,10,0,10,0.0,0.0,0.0,0.0,0.0,0.0,,,0.0
grand_sim_v0_4,no_regime_renormalized,v02_default,0.1,0.42,federation_bridge_stress,high_stress,10,10,0,1.0,1.0,0.0,0.0,2.3,2.0,1.0,3.0,0.0
grand_sim_v0_4,no_regime_renormalized,v02_default,0.1,0.42,federation_cluster_attack,low_stress,10,10,0,0.0,0.0,1.0,0.0,0.0,0.0,,,0.0
grand_sim_v0_4,no_regime_renormalized,v02_default,0.1,0.42,federation_cluster_attack,mid_stress,10,10,0,1.0,0.0,0.0,0.0,0.0,0.0,,,10.6
grand_sim_v0_4,no_regime_renormalized,v02_default,0.1,0.42,federation_cluster_attack,high_stress,10,10,0,1.0,1.0,0.0,0.0,2.4,2.0,2.0,3.0,0.0
grand_sim_v0_4,no_regime_renormalized,v02_default,0.1,0.42,psi_corruption,low_stress,10,10,0,0.0,0.0,1.0,0.0,0.0,0.0,,,0.0
grand_sim_v0_4,no_regime_renormalized,v02_default,0.1,0.42,psi_corruption,mid_stress,10,10,0,1.0,0.0,0.0,0.0,0.0,0.0,,,12.2
grand_sim_v0_4,no_regime_renormalized,v02_default,0.1,0.42,psi_corruption,high_stress,10,10,0,1.0,1.0,0.0,0.0,2.6,2.0,2.0,4.0,0.0
grand_sim_v0_4,no_regime_renormalized,v02_default,0.1,0.44,async_message_loss,low_stress,10,0,10,0.0,0.0,0.0,0.0,0.0,0.0,,,0.0
grand_sim_v0_4,no_regime_renormalized,v02_default,0.1,0.44,async_message_loss,mid_stress,10,0,10,0.0,0.0,0.0,0.0,0.0,0.0,,,0.0
grand_sim_v0_4,no_regime_renormalized,v02_default,0.1,0.44,async_message_loss,high_stress,10,10,0,1.0,1.0,0.0,0.0,5.0,5.0,4.0,6.0,0.0
grand_sim_v0_4,no_regime_renormalized,v02_default,0.1,0.44,federation_bridge_stress,low_stress,10,0,10,0.0,0.0,0.0,0.0,0.0,0.0,,,0.0
grand_sim_v0_4,no_regime_renormalized,v02_default,0.1,0.44,federation_bridge_stress,mid_stress,10,0,10,0.0,0.0,0.0,0.0,0.0,0.0,,,0.0
grand_sim_v0_4,no_regime_renormalized,v02_default,0.1,0.44,federation_bridge_stress,high_stress,10,10,0,1.0,1.0,0.0,0.0,1.5,2.0,0.0,2.0,0.0
grand_sim_v0_4,no_regime_renormalized,v02_default,0.1,0.44,federation_cluster_attack,low_stress,10,10,0,0.0,0.0,1.0,0.0,0.0,0.0,,,0.0
grand_sim_v0_4,no_regime_renormalized,v02_default,0.1,0.44,federation_cluster_attack,mid_stress,10,10,0,1.0,0.0,0.0,0.0,0.0,0.0,,,15.4
grand_sim_v0_4,no_regime_renormalized,v02_default,0.1,0.44,federation_cluster_attack,high_stress,10,10,0,1.0,1.0,0.0,0.0,1.4,1.0,1.0,2.0,0.0
grand_sim_v0_4,no_regime_renormalized,v02_default,0.1,0.44,psi_corruption,low_stress,10,10,0,0.0,0.0,1.0,0.0,0.0,0.0,,,0.0
grand_sim_v0_4,no_regime_renormalized,v02_default,0.1,0.44,psi_corruption,mid_stress,10,10,0,1.0,0.0,0.0,0.0,0.0,0.0,,,16.2
grand_sim_v0_4,no_regime_renormalized,v02_default,0.1,0.44,psi_corruption,high_stress,10,10,0,1.0,1.0,0.0,0.0,1.9,2.0,1.0,3.0,0.0
grand_sim_v0_4,no_regime_renormalized,v02_default,0.1,0.46,async_message_loss,low_stress,10,0,10,0.0,0.0,0.0,0.0,0.0,0.0,,,0.0
grand_sim_v0_4,no_regime_renormalized,v02_default,0.1,0.46,async_message_loss,mid_stress,10,0,10,0.0,0.0,0.0,0.0,0.0,0.0,,,0.0
grand_sim_v0_4,no_regime_renormalized,v02_default,0.1,0.46,async_message_loss,high_stress,10,10,0,1.0,1.0,0.0,0.0,4.0,4.0,3.0,5.0,0.0
grand_sim_v0_4,no_regime_renormalized,v02_default,0.1,0.46,federation_bridge_stress,low_stress,10,0,10,0.0,0.0,0.0,0.0,0.0,0.0,,,0.0
grand_sim_v0_4,no_regime_renormalized,v02_default,0.1,0.46,federation_bridge_stress,mid_stress,10,0,10,0.0,0.0,0.0,0.0,0.0,0.0,,,0.0
grand_sim_v0_4,no_regime_renormalized,v02_default,0.1,0.46,federation_bridge_stress,high_stress,10,10,0,1.0,1.0,0.0,0.0,0.8,1.0,0.0,2.0,0.0
grand_sim_v0_4,no_regime_renormalized,v02_default,0.1,0.46,federation_cluster_attack,low_stress,10,10,0,0.0,0.0,1.0,0.0,0.0,0.0,,,0.0
grand_sim_v0_4,no_regime_renormalized,v02_default,0.1,0.46,federation_cluster_attack,mid_stress,10,10,0,1.0,0.0,0.0,0.0,0.0,0.0,,,22.0
grand_sim_v0_4,no_regime_renormalized,v02_default,0.1,0.46,federation_cluster_attack,high_stress,10,10,0,1.0,1.0,0.0,0.0,0.8,1.0,0.0,2.0,0.0
grand_sim_v0_4,no_regime_renormalized,v02_default,0.1,0.46,psi_corruption,low_stress,10,10,0,0.0,0.0,1.0,0.0,0.0,0.0,,,0.0
grand_sim_v0_4,no_regime_renormalized,v02_default,0.1,0.46,psi_corruption,mid_stress,10,10,0,1.0,0.0,0.0,0.0,0.0,0.0,,,22.1
grand_sim_v0_4,no_regime_renormalized,v02_default,0.1,0.46,psi_corruption,high_stress,10,10,0,1.0,1.0,0.0,0.0,1.1,1.0,0.0,2.0,0.0
grand_sim_v0_4,no_regime_renormalized,v02_default,0.1,0.48,async_message_loss,low_stress,10,0,10,0.0,0.0,0.0,0.0,0.0,0.0,,,0.0
grand_sim_v0_4,no_regime_renormalized,v02_default,0.1,0.48,async_message_loss,mid_stress,10,0,10,0.0,0.0,0.0,0.0,0.0,0.0,,,0.0
grand_sim_v0_4,no_regime_renormalized,v02_default,0.1,0.48,async_message_loss,high_stress,10,10,0,1.0,1.0,0.0,0.0,3.0,3.0,2.0,4.0,0.0
grand_sim_v0_4,no_regime_renormalized,v02_default,0.1,0.48,federation_bridge_stress,low_stress,10,0,10,0.0,0.0,0.0,0.0,0.0,0.0,,,0.0
grand_sim_v0_4,no_regime_renormalized,v02_default,0.1,0.48,federation_bridge_stress,mid_stress,10,0,10,0.0,0.0,0.0,0.0,0.0,0.0,,,0.0
grand_sim_v0_4,no_regime_renormalized,v02_default,0.1,0.48,federation_bridge_stress,high_stress,10,10,0,1.0,0.9,0.0,0.0,0.111111,0.0,0.0,1.0,1.0
grand_sim_v0_4,no_regime_renormalized,v02_default,0.1,0.48,federation_cluster_attack,low_stress,10,10,0,0.0,0.0,1.0,0.0,0.0,0.0,,,0.0
grand_sim_v0_4,no_regime_renormalized,v02_default,0.1,0.48,federation_cluster_attack,mid_stress,10,10,0,1.0,0.0,0.0,0.0,0.0,0.0,,,30.1
grand_sim_v0_4,no_regime_renormalized,v02_default,0.1,0.48,federation_cluster_attack,high_stress,10,10,0,1.0,0.8,0.0,0.0,0.25,0.0,0.0,1.0,1.0
grand_sim_v0_4,no_regime_renormalized,v02_default,0.1,0.48,psi_corruption,low_stress,10,10,0,0.0,0.0,1.0,0.0,0.0,0.0,,,0.0
grand_sim_v0_4,no_regime_renormalized,v02_default,0.1,0.48,psi_corruption,mid_stress,10,10,0,1.0,0.0,0.0,0.0,0.0,0.0,,,29.5
grand_sim_v0_4,no_regime_renormalized,v02_default,0.1,0.48,psi_corruption,high_stress,10,10,0,1.0,0.9,0.0,0.0,0.333333,0.0,0.0,1.0,1.0
grand_sim_v0_4,no_regime_renormalized,v02_default,0.1,0.5,async_message_loss,low_stress,10,0,10,0.0,0.0,0.0,0.0,0.0,0.0,,,0.0
grand_sim_v0_4,no_regime_renormalized,v02_default,0.1,0.5,async_message_loss,mid_stress,10,0,10,0.0,0.0,0.0,0.0,0.0,0.0,,,0.0
grand_sim_v0_4,no_regime_renormalized,v02_default,0.1,0.5,async_message_loss,high_stress,10,10,0,1.0,1.0,0.0,0.0,2.0,2.0,1.0,3.0,0.0
grand_sim_v0_4,no_regime_renormalized,v02_default,0.1,0.5,federation_bridge_stress,low_stress,10,0,10,0.0,0.0,0.0,0.0,0.0,0.0,,,0.0
grand_sim_v0_4,no_regime_renormalized,v02_default,0.1,0.5,federation_bridge_stress,mid_stress,10,0,10,0.0,0.0,0.0,0.0,0.0,0.0,,,0.0
grand_sim_v0_4,no_regime_renormalized,v02_default,0.1,0.5,federation_bridge_stress,high_stress,10,10,0,1.0,0.4,0.0,0.0,0.0,0.0,0.0,0.0,1.166667
grand_sim_v0_4,no_regime_renormalized,v02_default,0.1,0.5,federation_cluster_attack,low_stress,10,10,0,0.0,0.0,1.0,0.0,0.0,0.0,,,0.0
grand_sim_v0_4,no_regime_renormalized,v02_default,0.1,0.5,federation_cluster_attack,mid_stress,10,10,0,1.0,0.0,0.0,0.0,0.0,0.0,,,40.9
grand_sim_v0_4,no_regime_renormalized,v02_default,0.1,0.5,federation_cluster_attack,high_stress,10,10,0,1.0,0.4,0.0,0.0,0.0,0.0,0.0,0.0,1.0
grand_sim_v0_4,no_regime_renormalized,v02_default,0.1,0.5,psi_corruption,low_stress,10,10,0,0.0,0.0,1.0,0.0,0.0,0.0,,,0.0
grand_sim_v0_4,no_regime_renormalized,v02_default,0.1,0.5,psi_corruption,mid_stress,10,10,0,1.0,0.0,0.0,0.0,0.0,0.0,,,39.1
grand_sim_v0_4,no_regime_renormalized,v02_default,0.1,0.5,psi_corruption,high_stress,10,10,0,1.0,0.6,0.0,0.0,0.166667,0.0,0.0,1.0,1.25
grand_sim_v0_4,no_regime_renormalized,v02_default,0.1,0.52,async_message_loss,low_stress,10,0,10,0.0,0.0,0.0,0.0,0.0,0.0,,,0.0
grand_sim_v0_4,no_regime_renormalized,v02_default,0.1,0.52,async_message_loss,mid_stress,10,0,10,0.0,0.0,0.0,0.0,0.0,0.0,,,0.0
grand_sim_v0_4,no_regime_renormalized,v02_default,0.1,0.52,async_message_loss,high_stress,10,10,0,1.0,1.0,0.0,0.0,1.1,1.0,0.0,2.0,0.0
grand_sim_v0_4,no_regime_renormalized,v02_default,0.1,0.52,federation_bridge_stress,low_stress,10,0,10,0.0,0.0,0.0,0.0,0.0,0.0,,,0.0
grand_sim_v0_4,no_regime_renormalized,v02_default,0.1,0.52,federation_bridge_stress,mid_stress,10,0,10,0.0,0.0,0.0,0.0,0.0,0.0,,,0.0
grand_sim_v0_4,no_regime_renormalized,v02_default,0.1,0.52,federation_bridge_stress,high_stress,10,10,0,1.0,0.0,0.0,0.0,0.0,0.0,,,1.3
grand_sim_v0_4,no_regime_renormalized,v02_default,0.1,0.52,federation_cluster_attack,low_stress,10,10,0,0.0,0.0,1.0,0.0,0.0,0.0,,,0.0
grand_sim_v0_4,no_regime_renormalized,v02_default,0.1,0.52,federation_cluster_attack,mid_stress,10,10,0,0.0,0.0,1.0,0.0,0.0,0.0,,,0.0
grand_sim_v0_4,no_regime_renormalized,v02_default,0.1,0.52,federation_cluster_attack,high_stress,10,10,0,1.0,0.0,0.0,0.0,0.0,0.0,,,1.5
grand_sim_v0_4,no_regime_renormalized,v02_default,0.1,0.52,psi_corruption,low_stress,10,10,0,0.0,0.0,1.0,0.0,0.0,0.0,,,0.0
grand_sim_v0_4,no_regime_renormalized,v02_default,0.1,0.52,psi_corruption,mid_stress,10,10,0,0.3,0.0,0.7,0.0,0.0,0.0,,,51.0
grand_sim_v0_4,no_regime_renormalized,v02_default,0.1,0.52,psi_corruption,high_stress,10,10,0,1.0,0.1,0.0,0.0,0.0,0.0,0.0,0.0,1.222222
grand_sim_v0_4,no_regime_renormalized,v02_default,0.1,0.54,async_message_loss,low_stress,10,0,10,0.0,0.0,0.0,0.0,0.0,0.0,,,0.0
grand_sim_v0_4,no_regime_renormalized,v02_default,0.1,0.54,async_message_loss,mid_stress,10,0,10,0.0,0.0,0.0,0.0,0.0,0.0,,,0.0
grand_sim_v0_4,no_regime_renormalized,v02_default,0.1,0.54,async_message_loss,high_stress,10,10,0,1.0,0.9,0.0,0.0,0.444444,0.0,0.0,1.0,1.0
grand_sim_v0_4,no_regime_renormalized,v02_default,0.1,0.54,federation_bridge_stress,low_stress,10,0,10,0.0,0.0,0.0,0.0,0.0,0.0,,,0.0
grand_sim_v0_4,no_regime_renormalized,v02_default,0.1,0.54,federation_bridge_stress,mid_stress,10,0,10,0.0,0.0,0.0,0.0,0.0,0.0,,,0.0
grand_sim_v0_4,no_regime_renormalized,v02_default,0.1,0.54,federation_bridge_stress,high_stress,10,10,0,1.0,0.0,0.0,0.0,0.0,0.0,,,2.3
grand_sim_v0_4,no_regime_renormalized,v02_default,0.1,0.54,federation_cluster_attack,low_stress,10,10,0,0.0,0.0,1.0,0.0,0.0,0.0,,,0.0
grand_sim_v0_4,no_regime_renormalized,v02_default,0.1,0.54,federation_cluster_attack,mid_stress,10,10,0,0.0,0.0,1.0,0.0,0.0,0.0,,,0.0
grand_sim_v0_4,no_regime_renormalized,v02_default,0.1,0.54,federation_cluster_attack,high_stress,10,10,0,1.0,0.0,0.0,0.0,0.0,0.0,,,2.3
grand_sim_v0_4,no_regime_renormalized,v02_default,0.1,0.54,psi_corruption,low_stress,10,10,0,0.0,0.0,1.0,0.0,0.0,0.0,,,0.0
grand_sim_v0_4,no_regime_renormalized,v02_default,0.1,0.54,psi_corruption,mid_stress,10,10,0,0.0,0.0,1.0,0.0,0.0,0.0,,,0.0
grand_sim_v0_4,no_regime_renormalized,v02_default,0.1,0.54,psi_corruption,high_stress,10,10,0,1.0,0.0,0.0,0.0,0.0,0.0,,,1.9
grand_sim_v0_4,no_regime_renormalized,v02_default,0.1,0.56,async_message_loss,low_stress,10,0,10,0.0,0.0,0.0,0.0,0.0,0.0,,,0.0
grand_sim_v0_4,no_regime_renormalized,v02_default,0.1,0.56,async_message_loss,mid_stress,10,0,10,0.0,0.0,0.0,0.0,0.0,0.0,,,0.0
grand_sim_v0_4,no_regime_renormalized,v02_default,0.1,0.56,async_message_loss,high_stress,10,10,0,1.0,0.4,0.0,0.0,0.0,0.0,0.0,0.0,1.166667
grand_sim_v0_4,no_regime_renormalized,v02_default,0.1,0.56,federation_bridge_stress,low_stress,10,0,10,0.0,0.0,0.0,0.0,0.0,0.0,,,0.0
grand_sim_v0_4,no_regime_renormalized,v02_default,0.1,0.56,federation_bridge_stress,mid_stress,10,0,10,0.0,0.0,0.0,0.0,0.0,0.0,,,0.0
grand_sim_v0_4,no_regime_renormalized,v02_default,0.1,0.56,federation_bridge_stress,high_stress,10,10,0,1.0,0.0,0.0,0.0,0.0,0.0,,,3.1
grand_sim_v0_4,no_regime_renormalized,v02_default,0.1,0.56,federation_cluster_attack,low_stress,10,10,0,0.0,0.0,1.0,0.0,0.0,0.0,,,0.0
grand_sim_v0_4,no_regime_renormalized,v02_default,0.1,0.56,federation_cluster_attack,mid_stress,10,10,0,0.0,0.0,1.0,0.0,0.0,0.0,,,0.0
grand_sim_v0_4,no_regime_renormalized,v02_default,0.1,0.56,federation_cluster_attack,high_stress,10,10,0,1.0,0.0,0.0,0.0,0.0,0.0,,,3.3
grand_sim_v0_4,no_regime_renormalized,v02_default,0.1,0.56,psi_corruption,low_stress,10,10,0,0.0,0.0,1.0,0.0,0.0,0.0,,,0.0
grand_sim_v0_4,no_regime_renormalized,v02_default,0.1,0.56,psi_corruption,mid_stress,10,10,0,0.0,0.0,1.0,0.0,0.0,0.0,,,0.0
grand_sim_v0_4,no_regime_renormalized,v02_default,0.1,0.56,psi_corruption,high_stress,10,10,0,1.0,0.0,0.0,0.0,0.0,0.0,,,2.7
grand_sim_v0_4,no_regime_renormalized,v02_default,0.1,0.58,async_message_loss,low_stress,10,0,10,0.0,0.0,0.0,0.0,0.0,0.0,,,0.0
grand_sim_v0_4,no_regime_renormalized,v02_default,0.1,0.58,async_message_loss,mid_stress,10,0,10,0.0,0.0,0.0,0.0,0.0,0.0,,,0.0
grand_sim_v0_4,no_regime_renormalized,v02_default,0.1,0.58,async_message_loss,high_stress,10,10,0,1.0,0.0,0.0,0.0,0.0,0.0,,,1.9
grand_sim_v0_4,no_regime_renormalized,v02_default,0.1,0.58,federation_bridge_stress,low_stress,10,0,10,0.0,0.0,0.0,0.0,0.0,0.0,,,0.0
grand_sim_v0_4,no_regime_renormalized,v02_default,0.1,0.58,federation_bridge_stress,mid_stress,10,0,10,0.0,0.0,0.0,0.0,0.0,0.0,,,0.0
grand_sim_v0_4,no_regime_renormalized,v02_default,0.1,0.58,federation_bridge_stress,high_stress,10,10,0,1.0,0.0,0.0,0.0,0.0,0.0,,,4.1
grand_sim_v0_4,no_regime_renormalized,v02_default,0.1,0.58,federation_cluster_attack,low_stress,10,10,0,0.0,0.0,1.0,0.0,0.0,0.0,,,0.0
grand_sim_v0_4,no_regime_renormalized,v02_default,0.1,0.58,federation_cluster_attack,mid_stress,10,10,0,0.0,0.0,1.0,0.0,0.0,0.0,,,0.0
grand_sim_v0_4,no_regime_renormalized,v02_default,0.1,0.58,federation_cluster_attack,high_stress,10,10,0,1.0,0.0,0.0,0.0,0.0,0.0,,,4.6
grand_sim_v0_4,no_regime_renormalized,v02_default,0.1,0.58,psi_corruption,low_stress,10,10,0,0.0,0.0,1.0,0.0,0.0,0.0,,,0.0
grand_sim_v0_4,no_regime_renormalized,v02_default,0.1,0.58,psi_corruption,mid_stress,10,10,0,0.0,0.0,1.0,0.0,0.0,0.0,,,0.0
grand_sim_v0_4,no_regime_renormalized,v02_default,0.1,0.58,psi_corruption,high_stress,10,10,0,1.0,0.0,0.0,0.0,0.0,0.0,,,3.6
grand_sim_v0_4,no_regime_renormalized,v02_default,0.1,0.6,async_message_loss,low_stress,10,0,10,0.0,0.0,0.0,0.0,0.0,0.0,,,0.0
grand_sim_v0_4,no_regime_renormalized,v02_default,0.1,0.6,async_message_loss,mid_stress,10,0,10,0.0,0.0,0.0,0.0,0.0,0.0,,,0.0
grand_sim_v0_4,no_regime_renormalized,v02_default,0.1,0.6,async_message_loss,high_stress,10,10,0,1.0,0.0,0.0,0.0,0.0,0.0,,,2.8
grand_sim_v0_4,no_regime_renormalized,v02_default,0.1,0.6,federation_bridge_stress,low_stress,10,0,10,0.0,0.0,0.0,0.0,0.0,0.0,,,0.0
grand_sim_v0_4,no_regime_renormalized,v02_default,0.1,0.6,federation_bridge_stress,mid_stress,10,0,10,0.0,0.0,0.0,0.0,0.0,0.0,,,0.0
grand_sim_v0_4,no_regime_renormalized,v02_default,0.1,0.6,federation_bridge_stress,high_stress,10,10,0,1.0,0.0,0.0,0.0,0.0,0.0,,,5.3
grand_sim_v0_4,no_regime_renormalized,v02_default,0.1,0.6,federation_cluster_attack,low_stress,10,10,0,0.0,0.0,1.0,0.0,0.0,0.0,,,0.0
grand_sim_v0_4,no_regime_renormalized,v02_default,0.1,0.6,federation_cluster_attack,mid_stress,10,10,0,0.0,0.0,1.0,0.0,0.0,0.0,,,0.0
grand_sim_v0_4,no_regime_renormalized,v02_default,0.1,0.6,federation_cluster_attack,high_stress,10,10,0,1.0,0.0,0.0,0.0,0.0,0.0,,,6.0
grand_sim_v0_4,no_regime_renormalized,v02_default,0.1,0.6,psi_corruption,low_stress,10,10,0,0.0,0.0,1.0,0.0,0.0,0.0,,,0.0
grand_sim_v0_4,no_regime_renormalized,v02_default,0.1,0.6,psi_corruption,mid_stress,10,10,0,0.0,0.0,1.0,0.0,0.0,0.0,,,0.0
grand_sim_v0_4,no_regime_renormalized,v02_default,0.1,0.6,psi_corruption,high_stress,10,10,0,1.0,0.0,0.0,0.0,0.0,0.0,,,4.8
grand_sim_v0_4,with_regime_original,disturbance_heavy,0.1,0.1,async_message_loss,low_stress,10,0,10,0.0,0.0,0.0,1.0,0.0,0.0,,,0.0
grand_sim_v0_4,with_regime_original,disturbance_heavy,0.1,0.1,async_message_loss,mid_stress,10,0,10,0.0,0.0,0.0,1.0,0.0,0.0,,,0.0
grand_sim_v0_4,with_regime_original,disturbance_heavy,0.1,0.1,async_message_loss,high_stress,10,10,0,1.0,1.0,0.0,0.0,31.4,31.0,29.0,33.0,0.0
grand_sim_v0_4,with_regime_original,disturbance_heavy,0.1,0.1,federation_bridge_stress,low_stress,10,0,10,0.0,0.0,0.0,1.0,0.0,0.0,,,0.0
grand_sim_v0_4,with_regime_original,disturbance_heavy,0.1,0.1,federation_bridge_stress,mid_stress,10,0,10,0.0,0.0,0.0,1.0,0.0,0.0,,,0.0
grand_sim_v0_4,with_regime_original,disturbance_heavy,0.1,0.1,federation_bridge_stress,high_stress,10,10,0,1.0,1.0,0.0,0.0,24.7,24.0,23.0,27.0,0.0
grand_sim_v0_4,with_regime_original,disturbance_heavy,0.1,0.1,federation_cluster_attack,low_stress,10,10,0,1.0,1.0,0.0,0.0,97.2,98.0,92.0,99.0,0.0
grand_sim_v0_4,with_regime_original,disturbance_heavy,0.1,0.1,federation_cluster_attack,mid_stress,10,10,0,1.0,1.0,0.0,0.0,65.9,66.0,62.0,67.0,0.0
grand_sim_v0_4,with_regime_original,disturbance_heavy,0.1,0.1,federation_cluster_attack,high_stress,10,10,0,1.0,1.0,0.0,0.0,26.5,27.0,25.0,28.0,0.0
grand_sim_v0_4,with_regime_original,disturbance_heavy,0.1,0.1,psi_corruption,low_stress,10,10,0,1.0,1.0,0.0,0.0,87.1,87.0,86.0,88.0,0.0
grand_sim_v0_4,with_regime_original,disturbance_heavy,0.1,0.1,psi_corruption,mid_stress,10,10,0,1.0,1.0,0.0,0.0,59.9,60.0,57.0,61.0,0.0
grand_sim_v0_4,with_regime_original,disturbance_heavy,0.1,0.1,psi_corruption,high_stress,10,10,0,1.0,1.0,0.0,0.0,24.6,24.0,23.0,27.0,0.0
grand_sim_v0_4,with_regime_original,disturbance_heavy,0.1,0.12,async_message_loss,low_stress,10,0,10,0.0,0.0,0.0,1.0,0.0,0.0,,,0.0
grand_sim_v0_4,with_regime_original,disturbance_heavy,0.1,0.12,async_message_loss,mid_stress,10,0,10,0.0,0.0,0.0,1.0,0.0,0.0,,,0.0
grand_sim_v0_4,with_regime_original,disturbance_heavy,0.1,0.12,async_message_loss,high_stress,10,10,0,1.0,1.0,0.0,0.0,31.4,31.0,29.0,33.0,0.0
grand_sim_v0_4,with_regime_original,disturbance_heavy,0.1,0.12,federation_bridge_stress,low_stress,10,0,10,0.0,0.0,0.0,1.0,0.0,0.0,,,0.0
grand_sim_v0_4,with_regime_original,disturbance_heavy,0.1,0.12,federation_bridge_stress,mid_stress,10,0,10,0.0,0.0,0.0,1.0,0.0,0.0,,,0.0
grand_sim_v0_4,with_regime_original,disturbance_heavy,0.1,0.12,federation_bridge_stress,high_stress,10,10,0,1.0,1.0,0.0,0.0,24.7,24.0,23.0,27.0,0.0
grand_sim_v0_4,with_regime_original,disturbance_heavy,0.1,0.12,federation_cluster_attack,low_stress,10,10,0,1.0,1.0,0.0,0.0,97.2,98.0,92.0,99.0,0.0
grand_sim_v0_4,with_regime_original,disturbance_heavy,0.1,0.12,federation_cluster_attack,mid_stress,10,10,0,1.0,1.0,0.0,0.0,65.9,66.0,62.0,67.0,0.0
grand_sim_v0_4,with_regime_original,disturbance_heavy,0.1,0.12,federation_cluster_attack,high_stress,10,10,0,1.0,1.0,0.0,0.0,26.5,27.0,25.0,28.0,0.0
grand_sim_v0_4,with_regime_original,disturbance_heavy,0.1,0.12,psi_corruption,low_stress,10,10,0,1.0,1.0,0.0,0.0,87.1,87.0,86.0,88.0,0.0
grand_sim_v0_4,with_regime_original,disturbance_heavy,0.1,0.12,psi_corruption,mid_stress,10,10,0,1.0,1.0,0.0,0.0,59.9,60.0,57.0,61.0,0.0
grand_sim_v0_4,with_regime_original,disturbance_heavy,0.1,0.12,psi_corruption,high_stress,10,10,0,1.0,1.0,0.0,0.0,24.6,24.0,23.0,27.0,0.0
grand_sim_v0_4,with_regime_original,disturbance_heavy,0.1,0.14,async_message_loss,low_stress,10,0,10,0.0,0.0,0.0,1.0,0.0,0.0,,,0.0
grand_sim_v0_4,with_regime_original,disturbance_heavy,0.1,0.14,async_message_loss,mid_stress,10,0,10,0.0,0.0,0.0,1.0,0.0,0.0,,,0.0
grand_sim_v0_4,with_regime_original,disturbance_heavy,0.1,0.14,async_message_loss,high_stress,10,10,0,1.0,1.0,0.0,0.0,31.4,31.0,29.0,33.0,0.0
grand_sim_v0_4,with_regime_original,disturbance_heavy,0.1,0.14,federation_bridge_stress,low_stress,10,0,10,0.0,0.0,0.0,1.0,0.0,0.0,,,0.0
grand_sim_v0_4,with_regime_original,disturbance_heavy,0.1,0.14,federation_bridge_stress,mid_stress,10,0,10,0.0,0.0,0.0,1.0,0.0,0.0,,,0.0
grand_sim_v0_4,with_regime_original,disturbance_heavy,0.1,0.14,federation_bridge_stress,high_stress,10,10,0,1.0,1.0,0.0,0.0,24.7,24.0,23.0,27.0,0.0
grand_sim_v0_4,with_regime_original,disturbance_heavy,0.1,0.14,federation_cluster_attack,low_stress,10,10,0,1.0,1.0,0.0,0.0,97.2,98.0,92.0,99.0,0.0
grand_sim_v0_4,with_regime_original,disturbance_heavy,0.1,0.14,federation_cluster_attack,mid_stress,10,10,0,1.0,1.0,0.0,0.0,65.9,66.0,62.0,67.0,0.0
grand_sim_v0_4,with_regime_original,disturbance_heavy,0.1,0.14,federation_cluster_attack,high_stress,10,10,0,1.0,1.0,0.0,0.0,26.5,27.0,25.0,28.0,0.0
grand_sim_v0_4,with_regime_original,disturbance_heavy,0.1,0.14,psi_corruption,low_stress,10,10,0,1.0,1.0,0.0,0.0,87.1,87.0,86.0,88.0,0.0
grand_sim_v0_4,with_regime_original,disturbance_heavy,0.1,0.14,psi_corruption,mid_stress,10,10,0,1.0,1.0,0.0,0.0,59.9,60.0,57.0,61.0,0.0
grand_sim_v0_4,with_regime_original,disturbance_heavy,0.1,0.14,psi_corruption,high_stress,10,10,0,1.0,1.0,0.0,0.0,24.6,24.0,23.0,27.0,0.0
grand_sim_v0_4,with_regime_original,disturbance_heavy,0.1,0.16,async_message_loss,low_stress,10,0,10,0.0,0.0,0.0,1.0,0.0,0.0,,,0.0
grand_sim_v0_4,with_regime_original,disturbance_heavy,0.1,0.16,async_message_loss,mid_stress,10,0,10,0.0,0.0,0.0,1.0,0.0,0.0,,,0.0
grand_sim_v0_4,with_regime_original,disturbance_heavy,0.1,0.16,async_message_loss,high_stress,10,10,0,1.0,1.0,0.0,0.0,31.4,31.0,29.0,33.0,0.0
grand_sim_v0_4,with_regime_original,disturbance_heavy,0.1,0.16,federation_bridge_stress,low_stress,10,0,10,0.0,0.0,0.0,1.0,0.0,0.0,,,0.0
grand_sim_v0_4,with_regime_original,disturbance_heavy,0.1,0.16,federation_bridge_stress,mid_stress,10,0,10,0.0,0.0,0.0,1.0,0.0,0.0,,,0.0
grand_sim_v0_4,with_regime_original,disturbance_heavy,0.1,0.16,federation_bridge_stress,high_stress,10,10,0,1.0,1.0,0.0,0.0,24.7,24.0,23.0,27.0,0.0
grand_sim_v0_4,with_regime_original,disturbance_heavy,0.1,0.16,federation_cluster_attack,low_stress,10,10,0,1.0,1.0,0.0,0.0,97.2,98.0,92.0,99.0,0.0
grand_sim_v0_4,with_regime_original,disturbance_heavy,0.1,0.16,federation_cluster_attack,mid_stress,10,10,0,1.0,1.0,0.0,0.0,65.9,66.0,62.0,67.0,0.0
grand_sim_v0_4,with_regime_original,disturbance_heavy,0.1,0.16,federation_cluster_attack,high_stress,10,10,0,1.0,1.0,0.0,0.0,26.5,27.0,25.0,28.0,0.0
grand_sim_v0_4,with_regime_original,disturbance_heavy,0.1,0.16,psi_corruption,low_stress,10,10,0,1.0,1.0,0.0,0.0,87.1,87.0,86.0,88.0,0.0
grand_sim_v0_4,with_regime_original,disturbance_heavy,0.1,0.16,psi_corruption,mid_stress,10,10,0,1.0,1.0,0.0,0.0,59.9,60.0,57.0,61.0,0.0
grand_sim_v0_4,with_regime_original,disturbance_heavy,0.1,0.16,psi_corruption,high_stress,10,10,0,1.0,1.0,0.0,0.0,24.6,24.0,23.0,27.0,0.0
grand_sim_v0_4,with_regime_original,disturbance_heavy,0.1,0.18,async_message_loss,low_stress,10,0,10,0.0,0.0,0.0,1.0,0.0,0.0,,,0.0
grand_sim_v0_4,with_regime_original,disturbance_heavy,0.1,0.18,async_message_loss,mid_stress,10,0,10,0.0,0.0,0.0,1.0,0.0,0.0,,,0.0
grand_sim_v0_4,with_regime_original,disturbance_heavy,0.1,0.18,async_message_loss,high_stress,10,10,0,1.0,1.0,0.0,0.0,31.4,31.0,29.0,33.0,0.0
grand_sim_v0_4,with_regime_original,disturbance_heavy,0.1,0.18,federation_bridge_stress,low_stress,10,0,10,0.0,0.0,0.0,1.0,0.0,0.0,,,0.0
grand_sim_v0_4,with_regime_original,disturbance_heavy,0.1,0.18,federation_bridge_stress,mid_stress,10,0,10,0.0,0.0,0.0,1.0,0.0,0.0,,,0.0
grand_sim_v0_4,with_regime_original,disturbance_heavy,0.1,0.18,federation_bridge_stress,high_stress,10,10,0,1.0,1.0,0.0,0.0,24.7,24.0,23.0,27.0,0.0
grand_sim_v0_4,with_regime_original,disturbance_heavy,0.1,0.18,federation_cluster_attack,low_stress,10,10,0,1.0,1.0,0.0,0.0,97.2,98.0,92.0,99.0,0.0
grand_sim_v0_4,with_regime_original,disturbance_heavy,0.1,0.18,federation_cluster_attack,mid_stress,10,10,0,1.0,1.0,0.0,0.0,65.9,66.0,62.0,67.0,0.0
grand_sim_v0_4,with_regime_original,disturbance_heavy,0.1,0.18,federation_cluster_attack,high_stress,10,10,0,1.0,1.0,0.0,0.0,26.5,27.0,25.0,28.0,0.0
grand_sim_v0_4,with_regime_original,disturbance_heavy,0.1,0.18,psi_corruption,low_stress,10,10,0,1.0,1.0,0.0,0.0,87.1,87.0,86.0,88.0,0.0
grand_sim_v0_4,with_regime_original,disturbance_heavy,0.1,0.18,psi_corruption,mid_stress,10,10,0,1.0,1.0,0.0,0.0,59.9,60.0,57.0,61.0,0.0
grand_sim_v0_4,with_regime_original,disturbance_heavy,0.1,0.18,psi_corruption,high_stress,10,10,0,1.0,1.0,0.0,0.0,24.6,24.0,23.0,27.0,0.0
grand_sim_v0_4,with_regime_original,disturbance_heavy,0.1,0.2,async_message_loss,low_stress,10,0,10,0.0,0.0,0.0,1.0,0.0,0.0,,,0.0
grand_sim_v0_4,with_regime_original,disturbance_heavy,0.1,0.2,async_message_loss,mid_stress,10,0,10,0.0,0.0,0.0,1.0,0.0,0.0,,,0.0
grand_sim_v0_4,with_regime_original,disturbance_heavy,0.1,0.2,async_message_loss,high_stress,10,10,0,1.0,1.0,0.0,0.0,31.4,31.0,29.0,33.0,0.0
grand_sim_v0_4,with_regime_original,disturbance_heavy,0.1,0.2,federation_bridge_stress,low_stress,10,0,10,0.0,0.0,0.0,1.0,0.0,0.0,,,0.0
grand_sim_v0_4,with_regime_original,disturbance_heavy,0.1,0.2,federation_bridge_stress,mid_stress,10,0,10,0.0,0.0,0.0,1.0,0.0,0.0,,,0.0
grand_sim_v0_4,with_regime_original,disturbance_heavy,0.1,0.2,federation_bridge_stress,high_stress,10,10,0,1.0,1.0,0.0,0.0,24.7,24.0,23.0,27.0,0.0
grand_sim_v0_4,with_regime_original,disturbance_heavy,0.1,0.2,federation_cluster_attack,low_stress,10,10,0,1.0,1.0,0.0,0.0,97.2,98.0,92.0,99.0,0.0
grand_sim_v0_4,with_regime_original,disturbance_heavy,0.1,0.2,federation_cluster_attack,mid_stress,10,10,0,1.0,1.0,0.0,0.0,65.9,66.0,62.0,67.0,0.0
grand_sim_v0_4,with_regime_original,disturbance_heavy,0.1,0.2,federation_cluster_attack,high_stress,10,10,0,1.0,1.0,0.0,0.0,26.5,27.0,25.0,28.0,0.0
grand_sim_v0_4,with_regime_original,disturbance_heavy,0.1,0.2,psi_corruption,low_stress,10,10,0,1.0,1.0,0.0,0.0,87.1,87.0,86.0,88.0,0.0
grand_sim_v0_4,with_regime_original,disturbance_heavy,0.1,0.2,psi_corruption,mid_stress,10,10,0,1.0,1.0,0.0,0.0,59.9,60.0,57.0,61.0,0.0
grand_sim_v0_4,with_regime_original,disturbance_heavy,0.1,0.2,psi_corruption,high_stress,10,10,0,1.0,1.0,0.0,0.0,24.6,24.0,23.0,27.0,0.0
grand_sim_v0_4,with_regime_original,disturbance_heavy,0.1,0.22,async_message_loss,low_stress,10,0,10,0.0,0.0,0.0,0.1,0.0,0.0,,,0.0
grand_sim_v0_4,with_regime_original,disturbance_heavy,0.1,0.22,async_message_loss,mid_stress,10,0,10,0.0,0.0,0.0,0.4,0.0,0.0,,,0.0
grand_sim_v0_4,with_regime_original,disturbance_heavy,0.1,0.22,async_message_loss,high_stress,10,10,0,1.0,1.0,0.0,0.0,31.4,31.0,29.0,33.0,0.0
grand_sim_v0_4,with_regime_original,disturbance_heavy,0.1,0.22,federation_bridge_stress,low_stress,10,0,10,0.0,0.0,0.0,0.0,0.0,0.0,,,0.0
grand_sim_v0_4,with_regime_original,disturbance_heavy,0.1,0.22,federation_bridge_stress,mid_stress,10,0,10,0.0,0.0,0.0,0.0,0.0,0.0,,,0.0
grand_sim_v0_4,with_regime_original,disturbance_heavy,0.1,0.22,federation_bridge_stress,high_stress,10,10,0,1.0,1.0,0.0,0.0,24.7,24.0,23.0,27.0,0.0
grand_sim_v0_4,with_regime_original,disturbance_heavy,0.1,0.22,federation_cluster_attack,low_stress,10,10,0,1.0,1.0,0.0,0.0,25.9,26.0,21.0,28.0,0.0
grand_sim_v0_4,with_regime_original,disturbance_heavy,0.1,0.22,federation_cluster_attack,mid_stress,10,10,0,1.0,1.0,0.0,0.0,19.9,15.0,11.0,67.0,0.0
grand_sim_v0_4,with_regime_original,disturbance_heavy,0.1,0.22,federation_cluster_attack,high_stress,10,10,0,1.0,1.0,0.0,0.0,26.5,27.0,25.0,28.0,0.0
grand_sim_v0_4,with_regime_original,disturbance_heavy,0.1,0.22,psi_corruption,low_stress,10,10,0,1.0,1.0,0.0,0.0,24.1,24.0,23.0,26.0,0.0
grand_sim_v0_4,with_regime_original,disturbance_heavy,0.1,0.22,psi_corruption,mid_stress,10,10,0,1.0,1.0,0.0,0.0,12.0,12.0,9.0,13.0,0.0
grand_sim_v0_4,with_regime_original,disturbance_heavy,0.1,0.22,psi_corruption,high_stress,10,10,0,1.0,1.0,0.0,0.0,24.6,24.0,23.0,27.0,0.0
grand_sim_v0_4,with_regime_original,disturbance_heavy,0.1,0.24,async_message_loss,low_stress,10,0,10,0.0,0.0,0.0,0.0,0.0,0.0,,,0.0
grand_sim_v0_4,with_regime_original,disturbance_heavy,0.1,0.24,async_message_loss,mid_stress,10,0,10,0.0,0.0,0.0,0.0,0.0,0.0,,,0.0
grand_sim_v0_4,with_regime_original,disturbance_heavy,0.1,0.24,async_message_loss,high_stress,10,10,0,1.0,1.0,0.0,0.0,19.7,19.0,18.0,21.0,0.0
grand_sim_v0_4,with_regime_original,disturbance_heavy,0.1,0.24,federation_bridge_stress,low_stress,10,0,10,0.0,0.0,0.0,0.0,0.0,0.0,,,0.0
grand_sim_v0_4,with_regime_original,disturbance_heavy,0.1,0.24,federation_bridge_stress,mid_stress,10,0,10,0.0,0.0,0.0,0.0,0.0,0.0,,,0.0
grand_sim_v0_4,with_regime_original,disturbance_heavy,0.1,0.24,federation_bridge_stress,high_stress,10,10,0,1.0,1.0,0.0,0.0,12.9,13.0,12.0,14.0,0.0
grand_sim_v0_4,with_regime_original,disturbance_heavy,0.1,0.24,federation_cluster_attack,low_stress,10,10,0,1.0,1.0,0.0,0.0,23.1,23.0,19.0,25.0,0.0
grand_sim_v0_4,with_regime_original,disturbance_heavy,0.1,0.24,federation_cluster_attack,mid_stress,10,10,0,1.0,1.0,0.0,0.0,13.0,13.0,10.0,14.0,0.0
grand_sim_v0_4,with_regime_original,disturbance_heavy,0.1,0.24,federation_cluster_attack,high_stress,10,10,0,1.0,1.0,0.0,0.0,12.8,13.0,12.0,14.0,0.0
grand_sim_v0_4,with_regime_original,disturbance_heavy,0.1,0.24,psi_corruption,low_stress,10,10,0,1.0,1.0,0.0,0.0,20.3,20.0,19.0,22.0,0.0
grand_sim_v0_4,with_regime_original,disturbance_heavy,0.1,0.24,psi_corruption,mid_stress,10,10,0,1.0,1.0,0.0,0.0,10.6,11.0,8.0,12.0,0.0
grand_sim_v0_4,with_regime_original,disturbance_heavy,0.1,0.24,psi_corruption,high_stress,10,10,0,1.0,1.0,0.0,0.0,13.1,13.0,12.0,14.0,0.0
grand_sim_v0_4,with_regime_original,disturbance_heavy,0.1,0.26,async_message_loss,low_stress,10,0,10,0.0,0.0,0.0,0.0,0.0,0.0,,,0.0
grand_sim_v0_4,with_regime_original,disturbance_heavy,0.1,0.26,async_message_loss,mid_stress,10,0,10,0.0,0.0,0.0,0.0,0.0,0.0,,,0.0
grand_sim_v0_4,with_regime_original,disturbance_heavy,0.1,0.26,async_message_loss,high_stress,10,10,0,1.0,1.0,0.0,0.0,15.6,15.0,15.0,17.0,0.0
grand_sim_v0_4,with_regime_original,disturbance_heavy,0.1,0.26,federation_bridge_stress,low_stress,10,0,10,0.0,0.0,0.0,0.0,0.0,0.0,,,0.0
grand_sim_v0_4,with_regime_original,disturbance_heavy,0.1,0.26,federation_bridge_stress,mid_stress,10,0,10,0.0,0.0,0.0,0.0,0.0,0.0,,,0.0
grand_sim_v0_4,with_regime_original,disturbance_heavy,0.1,0.26,federation_bridge_stress,high_stress,10,10,0,1.0,1.0,0.0,0.0,9.7,10.0,9.0,11.0,0.0
grand_sim_v0_4,with_regime_original,disturbance_heavy,0.1,0.26,federation_cluster_attack,low_stress,10,10,0,1.0,1.0,0.0,0.0,20.6,21.0,16.0,23.0,0.0
grand_sim_v0_4,with_regime_original,disturbance_heavy,0.1,0.26,federation_cluster_attack,mid_stress,10,10,0,1.0,1.0,0.0,0.0,11.3,11.0,8.0,13.0,0.0
grand_sim_v0_4,with_regime_original,disturbance_heavy,0.1,0.26,federation_cluster_attack,high_stress,10,10,0,1.0,1.0,0.0,0.0,9.8,10.0,9.0,11.0,0.0
grand_sim_v0_4,with_regime_original,disturbance_heavy,0.1,0.26,psi_corruption,low_stress,10,10,0,1.0,1.0,0.0,0.0,17.0,17.0,16.0,19.0,0.0
grand_sim_v0_4,with_regime_original,disturbance_heavy,0.1,0.26,psi_corruption,mid_stress,10,10,0,1.0,1.0,0.0,0.0,9.2,9.0,7.0,10.0,0.0
grand_sim_v0_4,with_regime_original,disturbance_heavy,0.1,0.26,psi_corruption,high_stress,10,10,0,1.0,1.0,0.0,0.0,10.1,10.0,9.0,12.0,0.0
grand_sim_v0_4,with_regime_original,disturbance_heavy,0.1,0.28,async_message_loss,low_stress,10,0,10,0.0,0.0,0.0,0.0,0.0,0.0,,,0.0
grand_sim_v0_4,with_regime_original,disturbance_heavy,0.1,0.28,async_message_loss,mid_stress,10,0,10,0.0,0.0,0.0,0.0,0.0,0.0,,,0.0
grand_sim_v0_4,with_regime_original,disturbance_heavy,0.1,0.28,async_message_loss,high_stress,10,10,0,1.0,1.0,0.0,0.0,12.7,12.0,12.0,14.0,0.0
grand_sim_v0_4,with_regime_original,disturbance_heavy,0.1,0.28,federation_bridge_stress,low_stress,10,0,10,0.0,0.0,0.0,0.0,0.0,0.0,,,0.0
grand_sim_v0_4,with_regime_original,disturbance_heavy,0.1,0.28,federation_bridge_stress,mid_stress,10,0,10,0.0,0.0,0.0,0.0,0.0,0.0,,,0.0
grand_sim_v0_4,with_regime_original,disturbance_heavy,0.1,0.28,federation_bridge_stress,high_stress,10,10,0,1.0,1.0,0.0,0.0,7.5,7.0,6.0,9.0,0.0
grand_sim_v0_4,with_regime_original,disturbance_heavy,0.1,0.28,federation_cluster_attack,low_stress,10,10,0,1.0,1.0,0.0,0.0,17.7,18.0,13.0,20.0,0.0
grand_sim_v0_4,with_regime_original,disturbance_heavy,0.1,0.28,federation_cluster_attack,mid_stress,10,10,0,1.0,1.0,0.0,0.0,9.8,10.0,7.0,11.0,0.0
grand_sim_v0_4,with_regime_original,disturbance_heavy,0.1,0.28,federation_cluster_attack,high_stress,10,10,0,1.0,1.0,0.0,0.0,7.5,8.0,6.0,8.0,0.0
grand_sim_v0_4,with_regime_original,disturbance_heavy,0.1,0.28,psi_corruption,low_stress,10,10,0,1.0,1.0,0.0,0.0,14.9,15.0,14.0,16.0,0.0
grand_sim_v0_4,with_regime_original,disturbance_heavy,0.1,0.28,psi_corruption,mid_stress,10,10,0,1.0,1.0,0.0,0.0,8.0,8.0,5.0,9.0,0.0
grand_sim_v0_4,with_regime_original,disturbance_heavy,0.1,0.28,psi_corruption,high_stress,10,10,0,1.0,1.0,0.0,0.0,7.9,8.0,7.0,9.0,0.0
grand_sim_v0_4,with_regime_original,disturbance_heavy,0.1,0.3,async_message_loss,low_stress,10,0,10,0.0,0.0,0.0,0.0,0.0,0.0,,,0.0
grand_sim_v0_4,with_regime_original,disturbance_heavy,0.1,0.3,async_message_loss,mid_stress,10,0,10,0.0,0.0,0.0,0.0,0.0,0.0,,,0.0
grand_sim_v0_4,with_regime_original,disturbance_heavy,0.1,0.3,async_message_loss,high_stress,10,10,0,1.0,1.0,0.0,0.0,10.5,10.0,9.0,12.0,0.0
grand_sim_v0_4,with_regime_original,disturbance_heavy,0.1,0.3,federation_bridge_stress,low_stress,10,0,10,0.0,0.0,0.0,0.0,0.0,0.0,,,0.0
grand_sim_v0_4,with_regime_original,disturbance_heavy,0.1,0.3,federation_bridge_stress,mid_stress,10,0,10,0.0,0.0,0.0,0.0,0.0,0.0,,,0.0
grand_sim_v0_4,with_regime_original,disturbance_heavy,0.1,0.3,federation_bridge_stress,high_stress,10,10,0,1.0,1.0,0.0,0.0,5.8,6.0,5.0,7.0,0.0
grand_sim_v0_4,with_regime_original,disturbance_heavy,0.1,0.3,federation_cluster_attack,low_stress,10,10,0,1.0,1.0,0.0,0.0,15.3,16.0,11.0,18.0,0.0
grand_sim_v0_4,with_regime_original,disturbance_heavy,0.1,0.3,federation_cluster_attack,mid_stress,10,10,0,1.0,1.0,0.0,0.0,8.5,8.0,7.0,10.0,0.0
grand_sim_v0_4,with_regime_original,disturbance_heavy,0.1,0.3,federation_cluster_attack,high_stress,10,10,0,1.0,1.0,0.0,0.0,6.0,6.0,5.0,7.0,0.0
grand_sim_v0_4,with_regime_original,disturbance_heavy,0.1,0.3,psi_corruption,low_stress,10,10,0,1.0,1.0,0.0,0.0,12.9,13.0,12.0,15.0,0.0
grand_sim_v0_4,with_regime_original,disturbance_heavy,0.1,0.3,psi_corruption,mid_stress,10,10,0,1.0,1.0,0.0,0.0,6.7,7.0,5.0,8.0,0.0
grand_sim_v0_4,with_regime_original,disturbance_heavy,0.1,0.3,psi_corruption,high_stress,10,10,0,1.0,1.0,0.0,0.0,6.2,6.0,5.0,8.0,0.0
grand_sim_v0_4,with_regime_original,disturbance_heavy,0.1,0.32,async_message_loss,low_stress,10,0,10,0.0,0.0,0.0,0.0,0.0,0.0,,,0.0
grand_sim_v0_4,with_regime_original,disturbance_heavy,0.1,0.32,async_message_loss,mid_stress,10,0,10,0.0,0.0,0.0,0.0,0.0,0.0,,,0.0
grand_sim_v0_4,with_regime_original,disturbance_heavy,0.1,0.32,async_message_loss,high_stress,10,10,0,1.0,1.0,0.0,0.0,8.9,9.0,7.0,10.0,0.0
grand_sim_v0_4,with_regime_original,disturbance_heavy,0.1,0.32,federation_bridge_stress,low_stress,10,0,10,0.0,0.0,0.0,0.0,0.0,0.0,,,0.0
grand_sim_v0_4,with_regime_original,disturbance_heavy,0.1,0.32,federation_bridge_stress,mid_stress,10,0,10,0.0,0.0,0.0,0.0,0.0,0.0,,,0.0
grand_sim_v0_4,with_regime_original,disturbance_heavy,0.1,0.32,federation_bridge_stress,high_stress,10,10,0,1.0,1.0,0.0,0.0,4.3,4.0,3.0,5.0,0.0
grand_sim_v0_4,with_regime_original,disturbance_heavy,0.1,0.32,federation_cluster_attack,low_stress,10,10,0,1.0,1.0,0.0,0.0,13.1,14.0,8.0,16.0,0.0
grand_sim_v0_4,with_regime_original,disturbance_heavy,0.1,0.32,federation_cluster_attack,mid_stress,10,10,0,1.0,1.0,0.0,0.0,6.4,6.0,5.0,8.0,0.0
grand_sim_v0_4,with_regime_original,disturbance_heavy,0.1,0.32,federation_cluster_attack,high_stress,10,10,0,1.0,1.0,0.0,0.0,4.3,4.0,3.0,5.0,0.0
grand_sim_v0_4,with_regime_original,disturbance_heavy,0.1,0.32,psi_corruption,low_stress,10,10,0,1.0,1.0,0.0,0.0,11.0,10.0,10.0,14.0,0.0
grand_sim_v0_4,with_regime_original,disturbance_heavy,0.1,0.32,psi_corruption,mid_stress,10,10,0,1.0,1.0,0.0,0.0,5.9,6.0,5.0,7.0,0.0
grand_sim_v0_4,with_regime_original,disturbance_heavy,0.1,0.32,psi_corruption,high_stress,10,10,0,1.0,1.0,0.0,0.0,4.5,4.0,3.0,6.0,0.0
grand_sim_v0_4,with_regime_original,disturbance_heavy,0.1,0.34,async_message_loss,low_stress,10,0,10,0.0,0.0,0.0,0.0,0.0,0.0,,,0.0
grand_sim_v0_4,with_regime_original,disturbance_heavy,0.1,0.34,async_message_loss,mid_stress,10,0,10,0.0,0.0,0.0,0.0,0.0,0.0,,,0.0
grand_sim_v0_4,with_regime_original,disturbance_heavy,0.1,0.34,async_message_loss,high_stress,10,10,0,1.0,1.0,0.0,0.0,7.1,7.0,6.0,8.0,0.0
grand_sim_v0_4,with_regime_original,disturbance_heavy,0.1,0.34,federation_bridge_stress,low_stress,10,0,10,0.0,0.0,0.0,0.0,0.0,0.0,,,0.0
grand_sim_v0_4,with_regime_original,disturbance_heavy,0.1,0.34,federation_bridge_stress,mid_stress,10,0,10,0.0,0.0,0.0,0.0,0.0,0.0,,,0.0
grand_sim_v0_4,with_regime_original,disturbance_heavy,0.1,0.34,federation_bridge_stress,high_stress,10,10,0,1.0,1.0,0.0,0.0,2.9,3.0,2.0,4.0,0.0
grand_sim_v0_4,with_regime_original,disturbance_heavy,0.1,0.34,federation_cluster_attack,low_stress,10,10,0,1.0,1.0,0.0,0.0,10.2,9.0,7.0,16.0,0.0
grand_sim_v0_4,with_regime_original,disturbance_heavy,0.1,0.34,federation_cluster_attack,mid_stress,10,10,0,1.0,1.0,0.0,0.0,5.2,5.0,4.0,6.0,0.0
grand_sim_v0_4,with_regime_original,disturbance_heavy,0.1,0.34,federation_cluster_attack,high_stress,10,10,0,1.0,1.0,0.0,0.0,3.0,3.0,2.0,4.0,0.0
grand_sim_v0_4,with_regime_original,disturbance_heavy,0.1,0.34,psi_corruption,low_stress,10,10,0,1.0,1.0,0.0,0.0,7.4,6.0,4.0,14.0,0.0
grand_sim_v0_4,with_regime_original,disturbance_heavy,0.1,0.34,psi_corruption,mid_stress,10,10,0,1.0,1.0,0.0,0.0,4.2,4.0,3.0,6.0,0.0
grand_sim_v0_4,with_regime_original,disturbance_heavy,0.1,0.34,psi_corruption,high_stress,10,10,0,1.0,1.0,0.0,0.0,3.3,3.0,2.0,5.0,0.0
grand_sim_v0_4,with_regime_original,disturbance_heavy,0.1,0.36,async_message_loss,low_stress,10,0,10,0.0,0.0,0.0,0.0,0.0,0.0,,,0.0
grand_sim_v0_4,with_regime_original,disturbance_heavy,0.1,0.36,async_message_loss,mid_stress,10,0,10,0.0,0.0,0.0,0.0,0.0,0.0,,,0.0
grand_sim_v0_4,with_regime_original,disturbance_heavy,0.1,0.36,async_message_loss,high_stress,10,10,0,1.0,1.0,0.0,0.0,5.8,6.0,4.0,7.0,0.0
grand_sim_v0_4,with_regime_original,disturbance_heavy,0.1,0.36,federation_bridge_stress,low_stress,10,0,10,0.0,0.0,0.0,0.0,0.0,0.0,,,0.0
grand_sim_v0_4,with_regime_original,disturbance_heavy,0.1,0.36,federation_bridge_stress,mid_stress,10,0,10,0.0,0.0,0.0,0.0,0.0,0.0,,,0.0
grand_sim_v0_4,with_regime_original,disturbance_heavy,0.1,0.36,federation_bridge_stress,high_stress,10,10,0,1.0,1.0,0.0,0.0,1.9,2.0,1.0,3.0,0.0
grand_sim_v0_4,with_regime_original,disturbance_heavy,0.1,0.36,federation_cluster_attack,low_stress,10,10,0,1.0,1.0,0.0,0.0,10.0,9.0,7.0,15.0,0.0
grand_sim_v0_4,with_regime_original,disturbance_heavy,0.1,0.36,federation_cluster_attack,mid_stress,10,10,0,1.0,1.0,0.0,0.0,5.0,5.0,4.0,6.0,0.0
grand_sim_v0_4,with_regime_original,disturbance_heavy,0.1,0.36,federation_cluster_attack,high_stress,10,10,0,1.0,1.0,0.0,0.0,1.9,2.0,1.0,3.0,0.0
grand_sim_v0_4,with_regime_original,disturbance_heavy,0.1,0.36,psi_corruption,low_stress,10,10,0,1.0,1.0,0.0,0.0,7.3,6.0,4.0,13.0,0.0
grand_sim_v0_4,with_regime_original,disturbance_heavy,0.1,0.36,psi_corruption,mid_stress,10,10,0,1.0,1.0,0.0,0.0,4.0,4.0,3.0,5.0,0.0
grand_sim_v0_4,with_regime_original,disturbance_heavy,0.1,0.36,psi_corruption,high_stress,10,10,0,1.0,1.0,0.0,0.0,2.1,2.0,1.0,3.0,0.0
grand_sim_v0_4,with_regime_original,disturbance_heavy,0.1,0.38,async_message_loss,low_stress,10,0,10,0.0,0.0,0.0,0.0,0.0,0.0,,,0.0
grand_sim_v0_4,with_regime_original,disturbance_heavy,0.1,0.38,async_message_loss,mid_stress,10,0,10,0.0,0.0,0.0,0.0,0.0,0.0,,,0.0
grand_sim_v0_4,with_regime_original,disturbance_heavy,0.1,0.38,async_message_loss,high_stress,10,10,0,1.0,1.0,0.0,0.0,4.4,4.0,3.0,6.0,0.0
grand_sim_v0_4,with_regime_original,disturbance_heavy,0.1,0.38,federation_bridge_stress,low_stress,10,0,10,0.0,0.0,0.0,0.0,0.0,0.0,,,0.0
grand_sim_v0_4,with_regime_original,disturbance_heavy,0.1,0.38,federation_bridge_stress,mid_stress,10,0,10,0.0,0.0,0.0,0.0,0.0,0.0,,,0.0
grand_sim_v0_4,with_regime_original,disturbance_heavy,0.1,0.38,federation_bridge_stress,high_stress,10,10,0,1.0,1.0,0.0,0.0,0.9,1.0,0.0,2.0,0.0
grand_sim_v0_4,with_regime_original,disturbance_heavy,0.1,0.38,federation_cluster_attack,low_stress,10,10,0,1.0,1.0,0.0,0.0,9.1,9.0,5.0,12.0,0.0
grand_sim_v0_4,with_regime_original,disturbance_heavy,0.1,0.38,federation_cluster_attack,mid_stress,10,10,0,1.0,1.0,0.0,0.0,3.7,4.0,2.0,5.0,0.0
grand_sim_v0_4,with_regime_original,disturbance_heavy,0.1,0.38,federation_cluster_attack,high_stress,10,10,0,1.0,1.0,0.0,0.0,1.5,1.0,1.0,3.0,0.0
grand_sim_v0_4,with_regime_original,disturbance_heavy,0.1,0.38,psi_corruption,low_stress,10,10,0,1.0,1.0,0.0,0.0,7.0,6.0,4.0,12.0,0.0
grand_sim_v0_4,with_regime_original,disturbance_heavy,0.1,0.38,psi_corruption,mid_stress,10,10,0,1.0,1.0,0.0,0.0,3.7,4.0,2.0,5.0,0.0
grand_sim_v0_4,with_regime_original,disturbance_heavy,0.1,0.38,psi_corruption,high_stress,10,10,0,1.0,1.0,0.0,0.0,1.2,1.0,0.0,2.0,0.0
grand_sim_v0_4,with_regime_original,disturbance_heavy,0.1,0.4,async_message_loss,low_stress,10,0,10,0.0,0.0,0.0,0.0,0.0,0.0,,,0.0
grand_sim_v0_4,with_regime_original,disturbance_heavy,0.1,0.4,async_message_loss,mid_stress,10,0,10,0.0,0.0,0.0,0.0,0.0,0.0,,,0.0
grand_sim_v0_4,with_regime_original,disturbance_heavy,0.1,0.4,async_message_loss,high_stress,10,10,0,1.0,1.0,0.0,0.0,3.0,3.0,2.0,4.0,0.0
grand_sim_v0_4,with_regime_original,disturbance_heavy,0.1,0.4,federation_bridge_stress,low_stress,10,0,10,0.0,0.0,0.0,0.0,0.0,0.0,,,0.0
grand_sim_v0_4,with_regime_original,disturbance_heavy,0.1,0.4,federation_bridge_stress,mid_stress,10,0,10,0.0,0.0,0.0,0.0,0.0,0.0,,,0.0
grand_sim_v0_4,with_regime_original,disturbance_heavy,0.1,0.4,federation_bridge_stress,high_stress,10,10,0,1.0,1.0,0.0,0.0,0.7,1.0,0.0,1.0,0.0
grand_sim_v0_4,with_regime_original,disturbance_heavy,0.1,0.4,federation_cluster_attack,low_stress,10,10,0,1.0,0.0,0.0,0.0,0.0,0.0,,,3.5
grand_sim_v0_4,with_regime_original,disturbance_heavy,0.1,0.4,federation_cluster_attack,mid_stress,10,10,0,1.0,0.4,0.0,0.0,0.0,0.0,0.0,0.0,1.5
grand_sim_v0_4,with_regime_original,disturbance_heavy,0.1,0.4,federation_cluster_attack,high_stress,10,10,0,1.0,1.0,0.0,0.0,1.5,1.0,1.0,3.0,0.0
grand_sim_v0_4,with_regime_original,disturbance_heavy,0.1,0.4,psi_corruption,low_stress,10,10,0,1.0,0.6,0.0,0.0,0.666667,1.0,0.0,1.0,1.25
grand_sim_v0_4,with_regime_original,disturbance_heavy,0.1,0.4,psi_corruption,mid_stress,10,10,0,1.0,0.4,0.0,0.0,0.5,1.0,0.0,1.0,1.166667
grand_sim_v0_4,with_regime_original,disturbance_heavy,0.1,0.4,psi_corruption,high_stress,10,10,0,1.0,1.0,0.0,0.0,1.0,1.0,0.0,2.0,0.0
grand_sim_v0_4,with_regime_original,disturbance_heavy,0.1,0.42,async_message_loss,low_stress,10,0,10,0.0,0.0,0.0,0.0,0.0,0.0,,,0.0
grand_sim_v0_4,with_regime_original,disturbance_heavy,0.1,0.42,async_message_loss,mid_stress,10,0,10,0.0,0.0,0.0,0.0,0.0,0.0,,,0.0
grand_sim_v0_4,with_regime_original,disturbance_heavy,0.1,0.42,async_message_loss,high_stress,10,10,0,1.0,1.0,0.0,0.0,1.9,2.0,1.0,3.0,0.0
grand_sim_v0_4,with_regime_original,disturbance_heavy,0.1,0.42,federation_bridge_stress,low_stress,10,0,10,0.0,0.0,0.0,0.0,0.0,0.0,,,0.0
grand_sim_v0_4,with_regime_original,disturbance_heavy,0.1,0.42,federation_bridge_stress,mid_stress,10,0,10,0.0,0.0,0.0,0.0,0.0,0.0,,,0.0
grand_sim_v0_4,with_regime_original,disturbance_heavy,0.1,0.42,federation_bridge_stress,high_stress,10,10,0,1.0,1.0,0.0,0.0,0.7,1.0,0.0,1.0,0.0
grand_sim_v0_4,with_regime_original,disturbance_heavy,0.1,0.42,federation_cluster_attack,low_stress,10,10,0,0.0,0.0,1.0,0.0,0.0,0.0,,,0.0
grand_sim_v0_4,with_regime_original,disturbance_heavy,0.1,0.42,federation_cluster_attack,mid_stress,10,10,0,1.0,0.0,0.0,0.0,0.0,0.0,,,5.4
grand_sim_v0_4,with_regime_original,disturbance_heavy,0.1,0.42,federation_cluster_attack,high_stress,10,10,0,1.0,1.0,0.0,0.0,1.3,1.0,1.0,2.0,0.0
grand_sim_v0_4,with_regime_original,disturbance_heavy,0.1,0.42,psi_corruption,low_stress,10,10,0,0.9,0.0,0.1,0.0,0.0,0.0,,,19.222222
grand_sim_v0_4,with_regime_original,disturbance_heavy,0.1,0.42,psi_corruption,mid_stress,10,10,0,1.0,0.0,0.0,0.0,0.0,0.0,,,5.0
grand_sim_v0_4,with_regime_original,disturbance_heavy,0.1,0.42,psi_corruption,high_stress,10,10,0,1.0,1.0,0.0,0.0,1.0,1.0,0.0,2.0,0.0
grand_sim_v0_4,with_regime_original,disturbance_heavy,0.1,0.44,async_message_loss,low_stress,10,0,10,0.0,0.0,0.0,0.0,0.0,0.0,,,0.0
grand_sim_v0_4,with_regime_original,disturbance_heavy,0.1,0.44,async_message_loss,mid_stress,10,0,10,0.0,0.0,0.0,0.0,0.0,0.0,,,0.0
grand_sim_v0_4,with_regime_original,disturbance_heavy,0.1,0.44,async_message_loss,high_stress,10,10,0,1.0,1.0,0.0,0.0,1.6,1.0,1.0,3.0,0.0
grand_sim_v0_4,with_regime_original,disturbance_heavy,0.1,0.44,federation_bridge_stress,low_stress,10,0,10,0.0,0.0,0.0,0.0,0.0,0.0,,,0.0
grand_sim_v0_4,with_regime_original,disturbance_heavy,0.1,0.44,federation_bridge_stress,mid_stress,10,0,10,0.0,0.0,0.0,0.0,0.0,0.0,,,0.0
grand_sim_v0_4,with_regime_original,disturbance_heavy,0.1,0.44,federation_bridge_stress,high_stress,10,10,0,1.0,0.9,0.0,0.0,0.555556,1.0,0.0,1.0,1.0
grand_sim_v0_4,with_regime_original,disturbance_heavy,0.1,0.44,federation_cluster_attack,low_stress,10,10,0,0.0,0.0,1.0,0.0,0.0,0.0,,,0.0
grand_sim_v0_4,with_regime_original,disturbance_heavy,0.1,0.44,federation_cluster_attack,mid_stress,10,10,0,1.0,0.0,0.0,0.0,0.0,0.0,,,8.7
grand_sim_v0_4,with_regime_original,disturbance_heavy,0.1,0.44,federation_cluster_attack,high_stress,10,10,0,1.0,1.0,0.0,0.0,0.4,0.0,0.0,1.0,0.0
grand_sim_v0_4,with_regime_original,disturbance_heavy,0.1,0.44,psi_corruption,low_stress,10,10,0,0.0,0.0,1.0,0.0,0.0,0.0,,,0.0
grand_sim_v0_4,with_regime_original,disturbance_heavy,0.1,0.44,psi_corruption,mid_stress,10,10,0,1.0,0.0,0.0,0.0,0.0,0.0,,,10.6
grand_sim_v0_4,with_regime_original,disturbance_heavy,0.1,0.44,psi_corruption,high_stress,10,10,0,1.0,1.0,0.0,0.0,0.8,1.0,0.0,2.0,0.0
grand_sim_v0_4,with_regime_original,disturbance_heavy,0.1,0.46,async_message_loss,low_stress,10,0,10,0.0,0.0,0.0,0.0,0.0,0.0,,,0.0
grand_sim_v0_4,with_regime_original,disturbance_heavy,0.1,0.46,async_message_loss,mid_stress,10,0,10,0.0,0.0,0.0,0.0,0.0,0.0,,,0.0
grand_sim_v0_4,with_regime_original,disturbance_heavy,0.1,0.46,async_message_loss,high_stress,10,10,0,1.0,1.0,0.0,0.0,1.6,1.0,1.0,3.0,0.0
grand_sim_v0_4,with_regime_original,disturbance_heavy,0.1,0.46,federation_bridge_stress,low_stress,10,0,10,0.0,0.0,0.0,0.0,0.0,0.0,,,0.0
grand_sim_v0_4,with_regime_original,disturbance_heavy,0.1,0.46,federation_bridge_stress,mid_stress,10,0,10,0.0,0.0,0.0,0.0,0.0,0.0,,,0.0
grand_sim_v0_4,with_regime_original,disturbance_heavy,0.1,0.46,federation_bridge_stress,high_stress,10,10,0,1.0,0.5,0.0,0.0,0.0,0.0,0.0,0.0,1.2
grand_sim_v0_4,with_regime_original,disturbance_heavy,0.1,0.46,federation_cluster_attack,low_stress,10,10,0,0.0,0.0,1.0,0.0,0.0,0.0,,,0.0
grand_sim_v0_4,with_regime_original,disturbance_heavy,0.1,0.46,federation_cluster_attack,mid_stress,10,10,0,1.0,0.0,0.0,0.0,0.0,0.0,,,14.2
grand_sim_v0_4,with_regime_original,disturbance_heavy,0.1,0.46,federation_cluster_attack,high_stress,10,10,0,1.0,0.4,0.0,0.0,0.0,0.0,0.0,0.0,1.0
grand_sim_v0_4,with_regime_original,disturbance_heavy,0.1,0.46,psi_corruption,low_stress,10,10,0,0.0,0.0,1.0,0.0,0.0,0.0,,,0.0
grand_sim_v0_4,with_regime_original,disturbance_heavy,0.1,0.46,psi_corruption,mid_stress,10,10,0,1.0,0.0,0.0,0.0,0.0,0.0,,,15.4
grand_sim_v0_4,with_regime_original,disturbance_heavy,0.1,0.46,psi_corruption,high_stress,10,10,0,1.0,0.7,0.0,0.0,0.142857,0.0,0.0,1.0,1.333333
grand_sim_v0_4,with_regime_original,disturbance_heavy,0.1,0.48,async_message_loss,low_stress,10,0,10,0.0,0.0,0.0,0.0,0.0,0.0,,,0.0
grand_sim_v0_4,with_regime_original,disturbance_heavy,0.1,0.48,async_message_loss,mid_stress,10,0,10,0.0,0.0,0.0,0.0,0.0,0.0,,,0.0
grand_sim_v0_4,with_regime_original,disturbance_heavy,0.1,0.48,async_message_loss,high_stress,10,10,0,1.0,1.0,0.0,0.0,1.1,1.0,0.0,2.0,0.0
grand_sim_v0_4,with_regime_original,disturbance_heavy,0.1,0.48,federation_bridge_stress,low_stress,10,0,10,0.0,0.0,0.0,0.0,0.0,0.0,,,0.0
grand_sim_v0_4,with_regime_original,disturbance_heavy,0.1,0.48,federation_bridge_stress,mid_stress,10,0,10,0.0,0.0,0.0,0.0,0.0,0.0,,,0.0
grand_sim_v0_4,with_regime_original,disturbance_heavy,0.1,0.48,federation_bridge_stress,high_stress,10,10,0,1.0,0.2,0.0,0.0,0.0,0.0,0.0,0.0,1.25
grand_sim_v0_4,with_regime_original,disturbance_heavy,0.1,0.48,federation_cluster_attack,low_stress,10,10,0,0.0,0.0,1.0,0.0,0.0,0.0,,,0.0
grand_sim_v0_4,with_regime_original,disturbance_heavy,0.1,0.48,federation_cluster_attack,mid_stress,10,10,0,1.0,0.0,0.0,0.0,0.0,0.0,,,23.1
grand_sim_v0_4,with_regime_original,disturbance_heavy,0.1,0.48,federation_cluster_attack,high_stress,10,10,0,1.0,0.0,0.0,0.0,0.0,0.0,,,1.3
grand_sim_v0_4,with_regime_original,disturbance_heavy,0.1,0.48,psi_corruption,low_stress,10,10,0,0.0,0.0,1.0,0.0,0.0,0.0,,,0.0
grand_sim_v0_4,with_regime_original,disturbance_heavy,0.1,0.48,psi_corruption,mid_stress,10,10,0,1.0,0.0,0.0,0.0,0.0,0.0,,,22.6
grand_sim_v0_4,with_regime_original,disturbance_heavy,0.1,0.48,psi_corruption,high_stress,10,10,0,1.0,0.2,0.0,0.0,0.0,0.0,0.0,0.0,1.125
grand_sim_v0_4,with_regime_original,disturbance_heavy,0.1,0.5,async_message_loss,low_stress,10,0,10,0.0,0.0,0.0,0.0,0.0,0.0,,,0.0
grand_sim_v0_4,with_regime_original,disturbance_heavy,0.1,0.5,async_message_loss,mid_stress,10,0,10,0.0,0.0,0.0,0.0,0.0,0.0,,,0.0
grand_sim_v0_4,with_regime_original,disturbance_heavy,0.1,0.5,async_message_loss,high_stress,10,10,0,1.0,0.8,0.0,0.0,0.375,0.0,0.0,1.0,1.0
grand_sim_v0_4,with_regime_original,disturbance_heavy,0.1,0.5,federation_bridge_stress,low_stress,10,0,10,0.0,0.0,0.0,0.0,0.0,0.0,,,0.0
grand_sim_v0_4,with_regime_original,disturbance_heavy,0.1,0.5,federation_bridge_stress,mid_stress,10,0,10,0.0,0.0,0.0,0.0,0.0,0.0,,,0.0
grand_sim_v0_4,with_regime_original,disturbance_heavy,0.1,0.5,federation_bridge_stress,high_stress,10,10,0,1.0,0.2,0.0,0.0,0.0,0.0,0.0,0.0,1.5
grand_sim_v0_4,with_regime_original,disturbance_heavy,0.1,0.5,federation_cluster_attack,low_stress,10,10,0,0.0,0.0,1.0,0.0,0.0,0.0,,,0.0
grand_sim_v0_4,with_regime_original,disturbance_heavy,0.1,0.5,federation_cluster_attack,mid_stress,10,10,0,1.0,0.0,0.0,0.0,0.0,0.0,,,36.3
grand_sim_v0_4,with_regime_original,disturbance_heavy,0.1,0.5,federation_cluster_attack,high_stress,10,10,0,1.0,0.0,0.0,0.0,0.0,0.0,,,1.6
grand_sim_v0_4,with_regime_original,disturbance_heavy,0.1,0.5,psi_corruption,low_stress,10,10,0,0.0,0.0,1.0,0.0,0.0,0.0,,,0.0
grand_sim_v0_4,with_regime_original,disturbance_heavy,0.1,0.5,psi_corruption,mid_stress,10,10,0,1.0,0.0,0.0,0.0,0.0,0.0,,,34.1
grand_sim_v0_4,with_regime_original,disturbance_heavy,0.1,0.5,psi_corruption,high_stress,10,10,0,1.0,0.1,0.0,0.0,0.0,0.0,0.0,0.0,1.222222
grand_sim_v0_4,with_regime_original,disturbance_heavy,0.1,0.52,async_message_loss,low_stress,10,0,10,0.0,0.0,0.0,0.0,0.0,0.0,,,0.0
grand_sim_v0_4,with_regime_original,disturbance_heavy,0.1,0.52,async_message_loss,mid_stress,10,0,10,0.0,0.0,0.0,0.0,0.0,0.0,,,0.0
grand_sim_v0_4,with_regime_original,disturbance_heavy,0.1,0.52,async_message_loss,high_stress,10,10,0,1.0,0.1,0.0,0.0,0.0,0.0,0.0,0.0,1.333333
grand_sim_v0_4,with_regime_original,disturbance_heavy,0.1,0.52,federation_bridge_stress,low_stress,10,0,10,0.0,0.0,0.0,0.0,0.0,0.0,,,0.0
grand_sim_v0_4,with_regime_original,disturbance_heavy,0.1,0.52,federation_bridge_stress,mid_stress,10,0,10,0.0,0.0,0.0,0.0,0.0,0.0,,,0.0
grand_sim_v0_4,with_regime_original,disturbance_heavy,0.1,0.52,federation_bridge_stress,high_stress,10,10,0,1.0,0.0,0.0,0.0,0.0,0.0,,,1.8
grand_sim_v0_4,with_regime_original,disturbance_heavy,0.1,0.52,federation_cluster_attack,low_stress,10,10,0,0.0,0.0,1.0,0.0,0.0,0.0,,,0.0
grand_sim_v0_4,with_regime_original,disturbance_heavy,0.1,0.52,federation_cluster_attack,mid_stress,10,10,0,0.0,0.0,1.0,0.0,0.0,0.0,,,0.0
grand_sim_v0_4,with_regime_original,disturbance_heavy,0.1,0.52,federation_cluster_attack,high_stress,10,10,0,1.0,0.0,0.0,0.0,0.0,0.0,,,2.0
grand_sim_v0_4,with_regime_original,disturbance_heavy,0.1,0.52,psi_corruption,low_stress,10,10,0,0.0,0.0,1.0,0.0,0.0,0.0,,,0.0
grand_sim_v0_4,with_regime_original,disturbance_heavy,0.1,0.52,psi_corruption,mid_stress,10,10,0,0.4,0.0,0.6,0.0,0.0,0.0,,,50.25
grand_sim_v0_4,with_regime_original,disturbance_heavy,0.1,0.52,psi_corruption,high_stress,10,10,0,1.0,0.1,0.0,0.0,0.0,0.0,0.0,0.0,1.666667
grand_sim_v0_4,with_regime_original,disturbance_heavy,0.1,0.54,async_message_loss,low_stress,10,0,10,0.0,0.0,0.0,0.0,0.0,0.0,,,0.0
grand_sim_v0_4,with_regime_original,disturbance_heavy,0.1,0.54,async_message_loss,mid_stress,10,0,10,0.0,0.0,0.0,0.0,0.0,0.0,,,0.0
grand_sim_v0_4,with_regime_original,disturbance_heavy,0.1,0.54,async_message_loss,high_stress,10,10,0,1.0,0.0,0.0,0.0,0.0,0.0,,,1.6
grand_sim_v0_4,with_regime_original,disturbance_heavy,0.1,0.54,federation_bridge_stress,low_stress,10,0,10,0.0,0.0,0.0,0.0,0.0,0.0,,,0.0
grand_sim_v0_4,with_regime_original,disturbance_heavy,0.1,0.54,federation_bridge_stress,mid_stress,10,0,10,0.0,0.0,0.0,0.0,0.0,0.0,,,0.0
grand_sim_v0_4,with_regime_original,disturbance_heavy,0.1,0.54,federation_bridge_stress,high_stress,10,10,0,1.0,0.0,0.0,0.0,0.0,0.0,,,2.7
grand_sim_v0_4,with_regime_original,disturbance_heavy,0.1,0.54,federation_cluster_attack,low_stress,10,10,0,0.0,0.0,1.0,0.0,0.0,0.0,,,0.0
grand_sim_v0_4,with_regime_original,disturbance_heavy,0.1,0.54,federation_cluster_attack,mid_stress,10,10,0,0.0,0.0,1.0,0.0,0.0,0.0,,,0.0
grand_sim_v0_4,with_regime_original,disturbance_heavy,0.1,0.54,federation_cluster_attack,high_stress,10,10,0,1.0,0.0,0.0,0.0,0.0,0.0,,,3.2
grand_sim_v0_4,with_regime_original,disturbance_heavy,0.1,0.54,psi_corruption,low_stress,10,10,0,0.0,0.0,1.0,0.0,0.0,0.0,,,0.0
grand_sim_v0_4,with_regime_original,disturbance_heavy,0.1,0.54,psi_corruption,mid_stress,10,10,0,0.0,0.0,1.0,0.0,0.0,0.0,,,0.0
grand_sim_v0_4,with_regime_original,disturbance_heavy,0.1,0.54,psi_corruption,high_stress,10,10,0,1.0,0.0,0.0,0.0,0.0,0.0,,,2.3
grand_sim_v0_4,with_regime_original,disturbance_heavy,0.1,0.56,async_message_loss,low_stress,10,0,10,0.0,0.0,0.0,0.0,0.0,0.0,,,0.0
grand_sim_v0_4,with_regime_original,disturbance_heavy,0.1,0.56,async_message_loss,mid_stress,10,0,10,0.0,0.0,0.0,0.0,0.0,0.0,,,0.0
grand_sim_v0_4,with_regime_original,disturbance_heavy,0.1,0.56,async_message_loss,high_stress,10,10,0,1.0,0.0,0.0,0.0,0.0,0.0,,,1.8
grand_sim_v0_4,with_regime_original,disturbance_heavy,0.1,0.56,federation_bridge_stress,low_stress,10,0,10,0.0,0.0,0.0,0.0,0.0,0.0,,,0.0
grand_sim_v0_4,with_regime_original,disturbance_heavy,0.1,0.56,federation_bridge_stress,mid_stress,10,0,10,0.0,0.0,0.0,0.0,0.0,0.0,,,0.0
grand_sim_v0_4,with_regime_original,disturbance_heavy,0.1,0.56,federation_bridge_stress,high_stress,10,10,0,1.0,0.0,0.0,0.0,0.0,0.0,,,4.1
grand_sim_v0_4,with_regime_original,disturbance_heavy,0.1,0.56,federation_cluster_attack,low_stress,10,10,0,0.0,0.0,1.0,0.0,0.0,0.0,,,0.0
grand_sim_v0_4,with_regime_original,disturbance_heavy,0.1,0.56,federation_cluster_attack,mid_stress,10,10,0,0.0,0.0,1.0,0.0,0.0,0.0,,,0.0
grand_sim_v0_4,with_regime_original,disturbance_heavy,0.1,0.56,federation_cluster_attack,high_stress,10,10,0,1.0,0.0,0.0,0.0,0.0,0.0,,,5.0
grand_sim_v0_4,with_regime_original,disturbance_heavy,0.1,0.56,psi_corruption,low_stress,10,10,0,0.0,0.0,1.0,0.0,0.0,0.0,,,0.0
grand_sim_v0_4,with_regime_original,disturbance_heavy,0.1,0.56,psi_corruption,mid_stress,10,10,0,0.0,0.0,1.0,0.0,0.0,0.0,,,0.0
grand_sim_v0_4,with_regime_original,disturbance_heavy,0.1,0.56,psi_corruption,high_stress,10,10,0,1.0,0.0,0.0,0.0,0.0,0.0,,,3.6
grand_sim_v0_4,with_regime_original,disturbance_heavy,0.1,0.58,async_message_loss,low_stress,10,0,10,0.0,0.0,0.0,0.0,0.0,0.0,,,0.0
grand_sim_v0_4,with_regime_original,disturbance_heavy,0.1,0.58,async_message_loss,mid_stress,10,0,10,0.0,0.0,0.0,0.0,0.0,0.0,,,0.0
grand_sim_v0_4,with_regime_original,disturbance_heavy,0.1,0.58,async_message_loss,high_stress,10,10,0,1.0,0.0,0.0,0.0,0.0,0.0,,,2.7
grand_sim_v0_4,with_regime_original,disturbance_heavy,0.1,0.58,federation_bridge_stress,low_stress,10,0,10,0.0,0.0,0.0,0.0,0.0,0.0,,,0.0
grand_sim_v0_4,with_regime_original,disturbance_heavy,0.1,0.58,federation_bridge_stress,mid_stress,10,0,10,0.0,0.0,0.0,0.0,0.0,0.0,,,0.0
grand_sim_v0_4,with_regime_original,disturbance_heavy,0.1,0.58,federation_bridge_stress,high_stress,10,10,0,1.0,0.0,0.0,0.0,0.0,0.0,,,5.7
grand_sim_v0_4,with_regime_original,disturbance_heavy,0.1,0.58,federation_cluster_attack,low_stress,10,10,0,0.0,0.0,1.0,0.0,0.0,0.0,,,0.0
grand_sim_v0_4,with_regime_original,disturbance_heavy,0.1,0.58,federation_cluster_attack,mid_stress,10,10,0,0.0,0.0,1.0,0.0,0.0,0.0,,,0.0
grand_sim_v0_4,with_regime_original,disturbance_heavy,0.1,0.58,federation_cluster_attack,high_stress,10,10,0,1.0,0.0,0.0,0.0,0.0,0.0,,,7.0
grand_sim_v0_4,with_regime_original,disturbance_heavy,0.1,0.58,psi_corruption,low_stress,10,10,0,0.0,0.0,1.0,0.0,0.0,0.0,,,0.0
grand_sim_v0_4,with_regime_original,disturbance_heavy,0.1,0.58,psi_corruption,mid_stress,10,10,0,0.0,0.0,1.0,0.0,0.0,0.0,,,0.0
grand_sim_v0_4,with_regime_original,disturbance_heavy,0.1,0.58,psi_corruption,high_stress,10,10,0,1.0,0.0,0.0,0.0,0.0,0.0,,,5.3
grand_sim_v0_4,with_regime_original,disturbance_heavy,0.1,0.6,async_message_loss,low_stress,10,0,10,0.0,0.0,0.0,0.0,0.0,0.0,,,0.0
grand_sim_v0_4,with_regime_original,disturbance_heavy,0.1,0.6,async_message_loss,mid_stress,10,0,10,0.0,0.0,0.0,0.0,0.0,0.0,,,0.0
grand_sim_v0_4,with_regime_original,disturbance_heavy,0.1,0.6,async_message_loss,high_stress,10,10,0,1.0,0.0,0.0,0.0,0.0,0.0,,,4.5
grand_sim_v0_4,with_regime_original,disturbance_heavy,0.1,0.6,federation_bridge_stress,low_stress,10,0,10,0.0,0.0,0.0,0.0,0.0,0.0,,,0.0
grand_sim_v0_4,with_regime_original,disturbance_heavy,0.1,0.6,federation_bridge_stress,mid_stress,10,0,10,0.0,0.0,0.0,0.0,0.0,0.0,,,0.0
grand_sim_v0_4,with_regime_original,disturbance_heavy,0.1,0.6,federation_bridge_stress,high_stress,10,10,0,1.0,0.0,0.0,0.0,0.0,0.0,,,7.4
grand_sim_v0_4,with_regime_original,disturbance_heavy,0.1,0.6,federation_cluster_attack,low_stress,10,10,0,0.0,0.0,1.0,0.0,0.0,0.0,,,0.0
grand_sim_v0_4,with_regime_original,disturbance_heavy,0.1,0.6,federation_cluster_attack,mid_stress,10,10,0,0.0,0.0,1.0,0.0,0.0,0.0,,,0.0
grand_sim_v0_4,with_regime_original,disturbance_heavy,0.1,0.6,federation_cluster_attack,high_stress,10,10,0,1.0,0.0,0.0,0.0,0.0,0.0,,,8.7
grand_sim_v0_4,with_regime_original,disturbance_heavy,0.1,0.6,psi_corruption,low_stress,10,10,0,0.0,0.0,1.0,0.0,0.0,0.0,,,0.0
grand_sim_v0_4,with_regime_original,disturbance_heavy,0.1,0.6,psi_corruption,mid_stress,10,10,0,0.0,0.0,1.0,0.0,0.0,0.0,,,0.0
grand_sim_v0_4,with_regime_original,disturbance_heavy,0.1,0.6,psi_corruption,high_stress,10,10,0,1.0,0.0,0.0,0.0,0.0,0.0,,,7.9
grand_sim_v0_4,no_regime_ablation,disturbance_heavy,0.1,0.1,async_message_loss,low_stress,10,0,10,0.0,0.0,0.0,1.0,0.0,0.0,,,0.0
grand_sim_v0_4,no_regime_ablation,disturbance_heavy,0.1,0.1,async_message_loss,mid_stress,10,0,10,0.0,0.0,0.0,1.0,0.0,0.0,,,0.0
grand_sim_v0_4,no_regime_ablation,disturbance_heavy,0.1,0.1,async_message_loss,high_stress,10,10,0,1.0,1.0,0.0,0.0,31.4,31.0,29.0,33.0,0.0
grand_sim_v0_4,no_regime_ablation,disturbance_heavy,0.1,0.1,federation_bridge_stress,low_stress,10,0,10,0.0,0.0,0.0,1.0,0.0,0.0,,,0.0
grand_sim_v0_4,no_regime_ablation,disturbance_heavy,0.1,0.1,federation_bridge_stress,mid_stress,10,0,10,0.0,0.0,0.0,1.0,0.0,0.0,,,0.0
grand_sim_v0_4,no_regime_ablation,disturbance_heavy,0.1,0.1,federation_bridge_stress,high_stress,10,10,0,1.0,1.0,0.0,0.0,24.7,24.0,23.0,27.0,0.0
grand_sim_v0_4,no_regime_ablation,disturbance_heavy,0.1,0.1,federation_cluster_attack,low_stress,10,10,0,1.0,1.0,0.0,0.0,97.2,98.0,92.0,99.0,0.0
grand_sim_v0_4,no_regime_ablation,disturbance_heavy,0.1,0.1,federation_cluster_attack,mid_stress,10,10,0,1.0,1.0,0.0,0.0,65.9,66.0,62.0,67.0,0.0
grand_sim_v0_4,no_regime_ablation,disturbance_heavy,0.1,0.1,federation_cluster_attack,high_stress,10,10,0,1.0,1.0,0.0,0.0,26.5,27.0,25.0,28.0,0.0
grand_sim_v0_4,no_regime_ablation,disturbance_heavy,0.1,0.1,psi_corruption,low_stress,10,10,0,1.0,1.0,0.0,0.0,87.1,87.0,86.0,88.0,0.0
grand_sim_v0_4,no_regime_ablation,disturbance_heavy,0.1,0.1,psi_corruption,mid_stress,10,10,0,1.0,1.0,0.0,0.0,59.9,60.0,57.0,61.0,0.0
grand_sim_v0_4,no_regime_ablation,disturbance_heavy,0.1,0.1,psi_corruption,high_stress,10,10,0,1.0,1.0,0.0,0.0,24.6,24.0,23.0,27.0,0.0
grand_sim_v0_4,no_regime_ablation,disturbance_heavy,0.1,0.12,async_message_loss,low_stress,10,0,10,0.0,0.0,0.0,1.0,0.0,0.0,,,0.0
grand_sim_v0_4,no_regime_ablation,disturbance_heavy,0.1,0.12,async_message_loss,mid_stress,10,0,10,0.0,0.0,0.0,1.0,0.0,0.0,,,0.0
grand_sim_v0_4,no_regime_ablation,disturbance_heavy,0.1,0.12,async_message_loss,high_stress,10,10,0,1.0,1.0,0.0,0.0,31.4,31.0,29.0,33.0,0.0
grand_sim_v0_4,no_regime_ablation,disturbance_heavy,0.1,0.12,federation_bridge_stress,low_stress,10,0,10,0.0,0.0,0.0,1.0,0.0,0.0,,,0.0
grand_sim_v0_4,no_regime_ablation,disturbance_heavy,0.1,0.12,federation_bridge_stress,mid_stress,10,0,10,0.0,0.0,0.0,1.0,0.0,0.0,,,0.0
grand_sim_v0_4,no_regime_ablation,disturbance_heavy,0.1,0.12,federation_bridge_stress,high_stress,10,10,0,1.0,1.0,0.0,0.0,24.7,24.0,23.0,27.0,0.0
grand_sim_v0_4,no_regime_ablation,disturbance_heavy,0.1,0.12,federation_cluster_attack,low_stress,10,10,0,1.0,1.0,0.0,0.0,97.2,98.0,92.0,99.0,0.0
grand_sim_v0_4,no_regime_ablation,disturbance_heavy,0.1,0.12,federation_cluster_attack,mid_stress,10,10,0,1.0,1.0,0.0,0.0,65.9,66.0,62.0,67.0,0.0
grand_sim_v0_4,no_regime_ablation,disturbance_heavy,0.1,0.12,federation_cluster_attack,high_stress,10,10,0,1.0,1.0,0.0,0.0,26.5,27.0,25.0,28.0,0.0
grand_sim_v0_4,no_regime_ablation,disturbance_heavy,0.1,0.12,psi_corruption,low_stress,10,10,0,1.0,1.0,0.0,0.0,87.1,87.0,86.0,88.0,0.0
grand_sim_v0_4,no_regime_ablation,disturbance_heavy,0.1,0.12,psi_corruption,mid_stress,10,10,0,1.0,1.0,0.0,0.0,59.9,60.0,57.0,61.0,0.0
grand_sim_v0_4,no_regime_ablation,disturbance_heavy,0.1,0.12,psi_corruption,high_stress,10,10,0,1.0,1.0,0.0,0.0,24.6,24.0,23.0,27.0,0.0
grand_sim_v0_4,no_regime_ablation,disturbance_heavy,0.1,0.14,async_message_loss,low_stress,10,0,10,0.0,0.0,0.0,1.0,0.0,0.0,,,0.0
grand_sim_v0_4,no_regime_ablation,disturbance_heavy,0.1,0.14,async_message_loss,mid_stress,10,0,10,0.0,0.0,0.0,1.0,0.0,0.0,,,0.0
grand_sim_v0_4,no_regime_ablation,disturbance_heavy,0.1,0.14,async_message_loss,high_stress,10,10,0,1.0,1.0,0.0,0.0,31.4,31.0,29.0,33.0,0.0
grand_sim_v0_4,no_regime_ablation,disturbance_heavy,0.1,0.14,federation_bridge_stress,low_stress,10,0,10,0.0,0.0,0.0,1.0,0.0,0.0,,,0.0
grand_sim_v0_4,no_regime_ablation,disturbance_heavy,0.1,0.14,federation_bridge_stress,mid_stress,10,0,10,0.0,0.0,0.0,1.0,0.0,0.0,,,0.0
grand_sim_v0_4,no_regime_ablation,disturbance_heavy,0.1,0.14,federation_bridge_stress,high_stress,10,10,0,1.0,1.0,0.0,0.0,24.7,24.0,23.0,27.0,0.0
grand_sim_v0_4,no_regime_ablation,disturbance_heavy,0.1,0.14,federation_cluster_attack,low_stress,10,10,0,1.0,1.0,0.0,0.0,97.2,98.0,92.0,99.0,0.0
grand_sim_v0_4,no_regime_ablation,disturbance_heavy,0.1,0.14,federation_cluster_attack,mid_stress,10,10,0,1.0,1.0,0.0,0.0,65.9,66.0,62.0,67.0,0.0
grand_sim_v0_4,no_regime_ablation,disturbance_heavy,0.1,0.14,federation_cluster_attack,high_stress,10,10,0,1.0,1.0,0.0,0.0,26.5,27.0,25.0,28.0,0.0
grand_sim_v0_4,no_regime_ablation,disturbance_heavy,0.1,0.14,psi_corruption,low_stress,10,10,0,1.0,1.0,0.0,0.0,87.1,87.0,86.0,88.0,0.0
grand_sim_v0_4,no_regime_ablation,disturbance_heavy,0.1,0.14,psi_corruption,mid_stress,10,10,0,1.0,1.0,0.0,0.0,59.9,60.0,57.0,61.0,0.0
grand_sim_v0_4,no_regime_ablation,disturbance_heavy,0.1,0.14,psi_corruption,high_stress,10,10,0,1.0,1.0,0.0,0.0,24.6,24.0,23.0,27.0,0.0
grand_sim_v0_4,no_regime_ablation,disturbance_heavy,0.1,0.16,async_message_loss,low_stress,10,0,10,0.0,0.0,0.0,1.0,0.0,0.0,,,0.0
grand_sim_v0_4,no_regime_ablation,disturbance_heavy,0.1,0.16,async_message_loss,mid_stress,10,0,10,0.0,0.0,0.0,1.0,0.0,0.0,,,0.0
grand_sim_v0_4,no_regime_ablation,disturbance_heavy,0.1,0.16,async_message_loss,high_stress,10,10,0,1.0,1.0,0.0,0.0,31.4,31.0,29.0,33.0,0.0
grand_sim_v0_4,no_regime_ablation,disturbance_heavy,0.1,0.16,federation_bridge_stress,low_stress,10,0,10,0.0,0.0,0.0,1.0,0.0,0.0,,,0.0
grand_sim_v0_4,no_regime_ablation,disturbance_heavy,0.1,0.16,federation_bridge_stress,mid_stress,10,0,10,0.0,0.0,0.0,1.0,0.0,0.0,,,0.0
grand_sim_v0_4,no_regime_ablation,disturbance_heavy,0.1,0.16,federation_bridge_stress,high_stress,10,10,0,1.0,1.0,0.0,0.0,24.7,24.0,23.0,27.0,0.0
grand_sim_v0_4,no_regime_ablation,disturbance_heavy,0.1,0.16,federation_cluster_attack,low_stress,10,10,0,1.0,1.0,0.0,0.0,97.2,98.0,92.0,99.0,0.0
grand_sim_v0_4,no_regime_ablation,disturbance_heavy,0.1,0.16,federation_cluster_attack,mid_stress,10,10,0,1.0,1.0,0.0,0.0,65.9,66.0,62.0,67.0,0.0
grand_sim_v0_4,no_regime_ablation,disturbance_heavy,0.1,0.16,federation_cluster_attack,high_stress,10,10,0,1.0,1.0,0.0,0.0,26.5,27.0,25.0,28.0,0.0
grand_sim_v0_4,no_regime_ablation,disturbance_heavy,0.1,0.16,psi_corruption,low_stress,10,10,0,1.0,1.0,0.0,0.0,87.1,87.0,86.0,88.0,0.0
grand_sim_v0_4,no_regime_ablation,disturbance_heavy,0.1,0.16,psi_corruption,mid_stress,10,10,0,1.0,1.0,0.0,0.0,59.9,60.0,57.0,61.0,0.0
grand_sim_v0_4,no_regime_ablation,disturbance_heavy,0.1,0.16,psi_corruption,high_stress,10,10,0,1.0,1.0,0.0,0.0,24.6,24.0,23.0,27.0,0.0
grand_sim_v0_4,no_regime_ablation,disturbance_heavy,0.1,0.18,async_message_loss,low_stress,10,0,10,0.0,0.0,0.0,1.0,0.0,0.0,,,0.0
grand_sim_v0_4,no_regime_ablation,disturbance_heavy,0.1,0.18,async_message_loss,mid_stress,10,0,10,0.0,0.0,0.0,1.0,0.0,0.0,,,0.0
grand_sim_v0_4,no_regime_ablation,disturbance_heavy,0.1,0.18,async_message_loss,high_stress,10,10,0,1.0,1.0,0.0,0.0,31.4,31.0,29.0,33.0,0.0
grand_sim_v0_4,no_regime_ablation,disturbance_heavy,0.1,0.18,federation_bridge_stress,low_stress,10,0,10,0.0,0.0,0.0,1.0,0.0,0.0,,,0.0
grand_sim_v0_4,no_regime_ablation,disturbance_heavy,0.1,0.18,federation_bridge_stress,mid_stress,10,0,10,0.0,0.0,0.0,1.0,0.0,0.0,,,0.0
grand_sim_v0_4,no_regime_ablation,disturbance_heavy,0.1,0.18,federation_bridge_stress,high_stress,10,10,0,1.0,1.0,0.0,0.0,24.7,24.0,23.0,27.0,0.0
grand_sim_v0_4,no_regime_ablation,disturbance_heavy,0.1,0.18,federation_cluster_attack,low_stress,10,10,0,1.0,1.0,0.0,0.0,97.2,98.0,92.0,99.0,0.0
grand_sim_v0_4,no_regime_ablation,disturbance_heavy,0.1,0.18,federation_cluster_attack,mid_stress,10,10,0,1.0,1.0,0.0,0.0,65.9,66.0,62.0,67.0,0.0
grand_sim_v0_4,no_regime_ablation,disturbance_heavy,0.1,0.18,federation_cluster_attack,high_stress,10,10,0,1.0,1.0,0.0,0.0,26.5,27.0,25.0,28.0,0.0
grand_sim_v0_4,no_regime_ablation,disturbance_heavy,0.1,0.18,psi_corruption,low_stress,10,10,0,1.0,1.0,0.0,0.0,87.1,87.0,86.0,88.0,0.0
grand_sim_v0_4,no_regime_ablation,disturbance_heavy,0.1,0.18,psi_corruption,mid_stress,10,10,0,1.0,1.0,0.0,0.0,59.9,60.0,57.0,61.0,0.0
grand_sim_v0_4,no_regime_ablation,disturbance_heavy,0.1,0.18,psi_corruption,high_stress,10,10,0,1.0,1.0,0.0,0.0,24.6,24.0,23.0,27.0,0.0
grand_sim_v0_4,no_regime_ablation,disturbance_heavy,0.1,0.2,async_message_loss,low_stress,10,0,10,0.0,0.0,0.0,0.7,0.0,0.0,,,0.0
grand_sim_v0_4,no_regime_ablation,disturbance_heavy,0.1,0.2,async_message_loss,mid_stress,10,0,10,0.0,0.0,0.0,1.0,0.0,0.0,,,0.0
grand_sim_v0_4,no_regime_ablation,disturbance_heavy,0.1,0.2,async_message_loss,high_stress,10,10,0,1.0,1.0,0.0,0.0,31.4,31.0,29.0,33.0,0.0
grand_sim_v0_4,no_regime_ablation,disturbance_heavy,0.1,0.2,federation_bridge_stress,low_stress,10,0,10,0.0,0.0,0.0,0.0,0.0,0.0,,,0.0
grand_sim_v0_4,no_regime_ablation,disturbance_heavy,0.1,0.2,federation_bridge_stress,mid_stress,10,0,10,0.0,0.0,0.0,0.9,0.0,0.0,,,0.0
grand_sim_v0_4,no_regime_ablation,disturbance_heavy,0.1,0.2,federation_bridge_stress,high_stress,10,10,0,1.0,1.0,0.0,0.0,24.7,24.0,23.0,27.0,0.0
grand_sim_v0_4,no_regime_ablation,disturbance_heavy,0.1,0.2,federation_cluster_attack,low_stress,10,10,0,1.0,1.0,0.0,0.0,26.4,26.0,22.0,29.0,0.0
grand_sim_v0_4,no_regime_ablation,disturbance_heavy,0.1,0.2,federation_cluster_attack,mid_stress,10,10,0,1.0,1.0,0.0,0.0,65.9,66.0,62.0,67.0,0.0
grand_sim_v0_4,no_regime_ablation,disturbance_heavy,0.1,0.2,federation_cluster_attack,high_stress,10,10,0,1.0,1.0,0.0,0.0,26.5,27.0,25.0,28.0,0.0
grand_sim_v0_4,no_regime_ablation,disturbance_heavy,0.1,0.2,psi_corruption,low_stress,10,10,0,1.0,1.0,0.0,0.0,25.2,25.0,24.0,27.0,0.0
grand_sim_v0_4,no_regime_ablation,disturbance_heavy,0.1,0.2,psi_corruption,mid_stress,10,10,0,1.0,1.0,0.0,0.0,55.2,60.0,11.0,61.0,0.0
grand_sim_v0_4,no_regime_ablation,disturbance_heavy,0.1,0.2,psi_corruption,high_stress,10,10,0,1.0,1.0,0.0,0.0,24.6,24.0,23.0,27.0,0.0
grand_sim_v0_4,no_regime_ablation,disturbance_heavy,0.1,0.22,async_message_loss,low_stress,10,0,10,0.0,0.0,0.0,0.0,0.0,0.0,,,0.0
grand_sim_v0_4,no_regime_ablation,disturbance_heavy,0.1,0.22,async_message_loss,mid_stress,10,0,10,0.0,0.0,0.0,0.0,0.0,0.0,,,0.0
grand_sim_v0_4,no_regime_ablation,disturbance_heavy,0.1,0.22,async_message_loss,high_stress,10,10,0,1.0,1.0,0.0,0.0,21.0,21.0,20.0,23.0,0.0
grand_sim_v0_4,no_regime_ablation,disturbance_heavy,0.1,0.22,federation_bridge_stress,low_stress,10,0,10,0.0,0.0,0.0,0.0,0.0,0.0,,,0.0
grand_sim_v0_4,no_regime_ablation,disturbance_heavy,0.1,0.22,federation_bridge_stress,mid_stress,10,0,10,0.0,0.0,0.0,0.0,0.0,0.0,,,0.0
grand_sim_v0_4,no_regime_ablation,disturbance_heavy,0.1,0.22,federation_bridge_stress,high_stress,10,10,0,1.0,1.0,0.0,0.0,14.0,14.0,13.0,15.0,0.0
grand_sim_v0_4,no_regime_ablation,disturbance_heavy,0.1,0.22,federation_cluster_attack,low_stress,10,10,0,1.0,1.0,0.0,0.0,24.0,24.0,19.0,26.0,0.0
grand_sim_v0_4,no_regime_ablation,disturbance_heavy,0.1,0.22,federation_cluster_attack,mid_stress,10,10,0,1.0,1.0,0.0,0.0,13.5,14.0,10.0,15.0,0.0
grand_sim_v0_4,no_regime_ablation,disturbance_heavy,0.1,0.22,federation_cluster_attack,high_stress,10,10,0,1.0,1.0,0.0,0.0,13.8,14.0,13.0,15.0,0.0
grand_sim_v0_4,no_regime_ablation,disturbance_heavy,0.1,0.22,psi_corruption,low_stress,10,10,0,1.0,1.0,0.0,0.0,21.1,21.0,20.0,23.0,0.0
grand_sim_v0_4,no_regime_ablation,disturbance_heavy,0.1,0.22,psi_corruption,mid_stress,10,10,0,1.0,1.0,0.0,0.0,11.0,11.0,8.0,12.0,0.0
grand_sim_v0_4,no_regime_ablation,disturbance_heavy,0.1,0.22,psi_corruption,high_stress,10,10,0,1.0,1.0,0.0,0.0,14.5,15.0,13.0,16.0,0.0
grand_sim_v0_4,no_regime_ablation,disturbance_heavy,0.1,0.24,async_message_loss,low_stress,10,0,10,0.0,0.0,0.0,0.0,0.0,0.0,,,0.0
grand_sim_v0_4,no_regime_ablation,disturbance_heavy,0.1,0.24,async_message_loss,mid_stress,10,0,10,0.0,0.0,0.0,0.0,0.0,0.0,,,0.0
grand_sim_v0_4,no_regime_ablation,disturbance_heavy,0.1,0.24,async_message_loss,high_stress,10,10,0,1.0,1.0,0.0,0.0,16.7,16.0,16.0,18.0,0.0
grand_sim_v0_4,no_regime_ablation,disturbance_heavy,0.1,0.24,federation_bridge_stress,low_stress,10,0,10,0.0,0.0,0.0,0.0,0.0,0.0,,,0.0
grand_sim_v0_4,no_regime_ablation,disturbance_heavy,0.1,0.24,federation_bridge_stress,mid_stress,10,0,10,0.0,0.0,0.0,0.0,0.0,0.0,,,0.0
grand_sim_v0_4,no_regime_ablation,disturbance_heavy,0.1,0.24,federation_bridge_stress,high_stress,10,10,0,1.0,1.0,0.0,0.0,10.5,11.0,9.0,11.0,0.0
grand_sim_v0_4,no_regime_ablation,disturbance_heavy,0.1,0.24,federation_cluster_attack,low_stress,10,10,0,1.0,1.0,0.0,0.0,21.0,21.0,17.0,23.0,0.0
grand_sim_v0_4,no_regime_ablation,disturbance_heavy,0.1,0.24,federation_cluster_attack,mid_stress,10,10,0,1.0,1.0,0.0,0.0,11.6,12.0,8.0,13.0,0.0
grand_sim_v0_4,no_regime_ablation,disturbance_heavy,0.1,0.24,federation_cluster_attack,high_stress,10,10,0,1.0,1.0,0.0,0.0,10.5,10.0,9.0,12.0,0.0
grand_sim_v0_4,no_regime_ablation,disturbance_heavy,0.1,0.24,psi_corruption,low_stress,10,10,0,1.0,1.0,0.0,0.0,17.9,18.0,17.0,20.0,0.0
grand_sim_v0_4,no_regime_ablation,disturbance_heavy,0.1,0.24,psi_corruption,mid_stress,10,10,0,1.0,1.0,0.0,0.0,9.5,10.0,7.0,11.0,0.0
grand_sim_v0_4,no_regime_ablation,disturbance_heavy,0.1,0.24,psi_corruption,high_stress,10,10,0,1.0,1.0,0.0,0.0,10.9,11.0,10.0,12.0,0.0
grand_sim_v0_4,no_regime_ablation,disturbance_heavy,0.1,0.26,async_message_loss,low_stress,10,0,10,0.0,0.0,0.0,0.0,0.0,0.0,,,0.0
grand_sim_v0_4,no_regime_ablation,disturbance_heavy,0.1,0.26,async_message_loss,mid_stress,10,0,10,0.0,0.0,0.0,0.0,0.0,0.0,,,0.0
grand_sim_v0_4,no_regime_ablation,disturbance_heavy,0.1,0.26,async_message_loss,high_stress,10,10,0,1.0,1.0,0.0,0.0,13.5,13.0,12.0,15.0,0.0
grand_sim_v0_4,no_regime_ablation,disturbance_heavy,0.1,0.26,federation_bridge_stress,low_stress,10,0,10,0.0,0.0,0.0,0.0,0.0,0.0,,,0.0
grand_sim_v0_4,no_regime_ablation,disturbance_heavy,0.1,0.26,federation_bridge_stress,mid_stress,10,0,10,0.0,0.0,0.0,0.0,0.0,0.0,,,0.0
grand_sim_v0_4,no_regime_ablation,disturbance_heavy,0.1,0.26,federation_bridge_stress,high_stress,10,10,0,1.0,1.0,0.0,0.0,8.1,8.0,7.0,9.0,0.0
grand_sim_v0_4,no_regime_ablation,disturbance_heavy,0.1,0.26,federation_cluster_attack,low_stress,10,10,0,1.0,1.0,0.0,0.0,18.4,19.0,14.0,21.0,0.0
grand_sim_v0_4,no_regime_ablation,disturbance_heavy,0.1,0.26,federation_cluster_attack,mid_stress,10,10,0,1.0,1.0,0.0,0.0,10.0,10.0,7.0,12.0,0.0
grand_sim_v0_4,no_regime_ablation,disturbance_heavy,0.1,0.26,federation_cluster_attack,high_stress,10,10,0,1.0,1.0,0.0,0.0,8.1,8.0,7.0,9.0,0.0
grand_sim_v0_4,no_regime_ablation,disturbance_heavy,0.1,0.26,psi_corruption,low_stress,10,10,0,1.0,1.0,0.0,0.0,15.3,15.0,14.0,17.0,0.0
grand_sim_v0_4,no_regime_ablation,disturbance_heavy,0.1,0.26,psi_corruption,mid_stress,10,10,0,1.0,1.0,0.0,0.0,8.2,8.0,6.0,9.0,0.0
grand_sim_v0_4,no_regime_ablation,disturbance_heavy,0.1,0.26,psi_corruption,high_stress,10,10,0,1.0,1.0,0.0,0.0,8.3,8.0,7.0,10.0,0.0
grand_sim_v0_4,no_regime_ablation,disturbance_heavy,0.1,0.28,async_message_loss,low_stress,10,0,10,0.0,0.0,0.0,0.0,0.0,0.0,,,0.0
grand_sim_v0_4,no_regime_ablation,disturbance_heavy,0.1,0.28,async_message_loss,mid_stress,10,0,10,0.0,0.0,0.0,0.0,0.0,0.0,,,0.0
grand_sim_v0_4,no_regime_ablation,disturbance_heavy,0.1,0.28,async_message_loss,high_stress,10,10,0,1.0,1.0,0.0,0.0,11.1,11.0,10.0,12.0,0.0
grand_sim_v0_4,no_regime_ablation,disturbance_heavy,0.1,0.28,federation_bridge_stress,low_stress,10,0,10,0.0,0.0,0.0,0.0,0.0,0.0,,,0.0
grand_sim_v0_4,no_regime_ablation,disturbance_heavy,0.1,0.28,federation_bridge_stress,mid_stress,10,0,10,0.0,0.0,0.0,0.0,0.0,0.0,,,0.0
grand_sim_v0_4,no_regime_ablation,disturbance_heavy,0.1,0.28,federation_bridge_stress,high_stress,10,10,0,1.0,1.0,0.0,0.0,6.2,6.0,5.0,7.0,0.0
grand_sim_v0_4,no_regime_ablation,disturbance_heavy,0.1,0.28,federation_cluster_attack,low_stress,10,10,0,1.0,1.0,0.0,0.0,15.8,16.0,12.0,18.0,0.0
grand_sim_v0_4,no_regime_ablation,disturbance_heavy,0.1,0.28,federation_cluster_attack,mid_stress,10,10,0,1.0,1.0,0.0,0.0,8.6,9.0,5.0,10.0,0.0
grand_sim_v0_4,no_regime_ablation,disturbance_heavy,0.1,0.28,federation_cluster_attack,high_stress,10,10,0,1.0,1.0,0.0,0.0,6.2,6.0,5.0,7.0,0.0
grand_sim_v0_4,no_regime_ablation,disturbance_heavy,0.1,0.28,psi_corruption,low_stress,10,10,0,1.0,1.0,0.0,0.0,13.4,13.0,12.0,15.0,0.0
grand_sim_v0_4,no_regime_ablation,disturbance_heavy,0.1,0.28,psi_corruption,mid_stress,10,10,0,1.0,1.0,0.0,0.0,7.1,7.0,5.0,8.0,0.0
grand_sim_v0_4,no_regime_ablation,disturbance_heavy,0.1,0.28,psi_corruption,high_stress,10,10,0,1.0,1.0,0.0,0.0,6.4,6.0,5.0,8.0,0.0
grand_sim_v0_4,no_regime_ablation,disturbance_heavy,0.1,0.3,async_message_loss,low_stress,10,0,10,0.0,0.0,0.0,0.0,0.0,0.0,,,0.0
grand_sim_v0_4,no_regime_ablation,disturbance_heavy,0.1,0.3,async_message_loss,mid_stress,10,0,10,0.0,0.0,0.0,0.0,0.0,0.0,,,0.0
grand_sim_v0_4,no_regime_ablation,disturbance_heavy,0.1,0.3,async_message_loss,high_stress,10,10,0,1.0,1.0,0.0,0.0,9.2,9.0,8.0,10.0,0.0
grand_sim_v0_4,no_regime_ablation,disturbance_heavy,0.1,0.3,federation_bridge_stress,low_stress,10,0,10,0.0,0.0,0.0,0.0,0.0,0.0,,,0.0
grand_sim_v0_4,no_regime_ablation,disturbance_heavy,0.1,0.3,federation_bridge_stress,mid_stress,10,0,10,0.0,0.0,0.0,0.0,0.0,0.0,,,0.0
grand_sim_v0_4,no_regime_ablation,disturbance_heavy,0.1,0.3,federation_bridge_stress,high_stress,10,10,0,1.0,1.0,0.0,0.0,4.7,5.0,3.0,6.0,0.0
grand_sim_v0_4,no_regime_ablation,disturbance_heavy,0.1,0.3,federation_cluster_attack,low_stress,10,10,0,1.0,1.0,0.0,0.0,13.2,14.0,9.0,16.0,0.0
grand_sim_v0_4,no_regime_ablation,disturbance_heavy,0.1,0.3,federation_cluster_attack,mid_stress,10,10,0,1.0,1.0,0.0,0.0,7.2,7.0,4.0,9.0,0.0
grand_sim_v0_4,no_regime_ablation,disturbance_heavy,0.1,0.3,federation_cluster_attack,high_stress,10,10,0,1.0,1.0,0.0,0.0,4.7,5.0,4.0,6.0,0.0
grand_sim_v0_4,no_regime_ablation,disturbance_heavy,0.1,0.3,psi_corruption,low_stress,10,10,0,1.0,1.0,0.0,0.0,11.2,11.0,10.0,13.0,0.0
grand_sim_v0_4,no_regime_ablation,disturbance_heavy,0.1,0.3,psi_corruption,mid_stress,10,10,0,1.0,1.0,0.0,0.0,5.8,6.0,3.0,7.0,0.0
grand_sim_v0_4,no_regime_ablation,disturbance_heavy,0.1,0.3,psi_corruption,high_stress,10,10,0,1.0,1.0,0.0,0.0,5.1,5.0,4.0,6.0,0.0
grand_sim_v0_4,no_regime_ablation,disturbance_heavy,0.1,0.32,async_message_loss,low_stress,10,0,10,0.0,0.0,0.0,0.0,0.0,0.0,,,0.0
grand_sim_v0_4,no_regime_ablation,disturbance_heavy,0.1,0.32,async_message_loss,mid_stress,10,0,10,0.0,0.0,0.0,0.0,0.0,0.0,,,0.0
grand_sim_v0_4,no_regime_ablation,disturbance_heavy,0.1,0.32,async_message_loss,high_stress,10,10,0,1.0,1.0,0.0,0.0,7.7,7.0,6.0,9.0,0.0
grand_sim_v0_4,no_regime_ablation,disturbance_heavy,0.1,0.32,federation_bridge_stress,low_stress,10,0,10,0.0,0.0,0.0,0.0,0.0,0.0,,,0.0
grand_sim_v0_4,no_regime_ablation,disturbance_heavy,0.1,0.32,federation_bridge_stress,mid_stress,10,0,10,0.0,0.0,0.0,0.0,0.0,0.0,,,0.0
grand_sim_v0_4,no_regime_ablation,disturbance_heavy,0.1,0.32,federation_bridge_stress,high_stress,10,10,0,1.0,1.0,0.0,0.0,3.3,3.0,2.0,4.0,0.0
grand_sim_v0_4,no_regime_ablation,disturbance_heavy,0.1,0.32,federation_cluster_attack,low_stress,10,10,0,1.0,1.0,0.0,0.0,8.6,9.0,5.0,11.0,0.0
grand_sim_v0_4,no_regime_ablation,disturbance_heavy,0.1,0.32,federation_cluster_attack,mid_stress,10,10,0,1.0,1.0,0.0,0.0,2.3,2.0,0.0,4.0,0.0
grand_sim_v0_4,no_regime_ablation,disturbance_heavy,0.1,0.32,federation_cluster_attack,high_stress,10,10,0,1.0,1.0,0.0,0.0,3.3,3.0,2.0,4.0,0.0
grand_sim_v0_4,no_regime_ablation,disturbance_heavy,0.1,0.32,psi_corruption,low_stress,10,10,0,1.0,1.0,0.0,0.0,7.6,7.0,6.0,10.0,0.0
grand_sim_v0_4,no_regime_ablation,disturbance_heavy,0.1,0.32,psi_corruption,mid_stress,10,10,0,1.0,1.0,0.0,0.0,3.0,3.0,1.0,5.0,0.0
grand_sim_v0_4,no_regime_ablation,disturbance_heavy,0.1,0.32,psi_corruption,high_stress,10,10,0,1.0,1.0,0.0,0.0,3.6,3.0,2.0,5.0,0.0
grand_sim_v0_4,no_regime_ablation,disturbance_heavy,0.1,0.34,async_message_loss,low_stress,10,0,10,0.0,0.0,0.0,0.0,0.0,0.0,,,0.0
grand_sim_v0_4,no_regime_ablation,disturbance_heavy,0.1,0.34,async_message_loss,mid_stress,10,0,10,0.0,0.0,0.0,0.0,0.0,0.0,,,0.0
grand_sim_v0_4,no_regime_ablation,disturbance_heavy,0.1,0.34,async_message_loss,high_stress,10,10,0,1.0,1.0,0.0,0.0,6.0,6.0,5.0,7.0,0.0
grand_sim_v0_4,no_regime_ablation,disturbance_heavy,0.1,0.34,federation_bridge_stress,low_stress,10,0,10,0.0,0.0,0.0,0.0,0.0,0.0,,,0.0
grand_sim_v0_4,no_regime_ablation,disturbance_heavy,0.1,0.34,federation_bridge_stress,mid_stress,10,0,10,0.0,0.0,0.0,0.0,0.0,0.0,,,0.0
grand_sim_v0_4,no_regime_ablation,disturbance_heavy,0.1,0.34,federation_bridge_stress,high_stress,10,10,0,1.0,1.0,0.0,0.0,2.2,2.0,1.0,3.0,0.0
grand_sim_v0_4,no_regime_ablation,disturbance_heavy,0.1,0.34,federation_cluster_attack,low_stress,10,10,0,1.0,0.0,0.0,0.0,0.0,0.0,,,8.4
grand_sim_v0_4,no_regime_ablation,disturbance_heavy,0.1,0.34,federation_cluster_attack,mid_stress,10,10,0,1.0,0.0,0.0,0.0,0.0,0.0,,,2.3
grand_sim_v0_4,no_regime_ablation,disturbance_heavy,0.1,0.34,federation_cluster_attack,high_stress,10,10,0,1.0,1.0,0.0,0.0,2.1,2.0,1.0,3.0,0.0
grand_sim_v0_4,no_regime_ablation,disturbance_heavy,0.1,0.34,psi_corruption,low_stress,10,10,0,1.0,0.0,0.0,0.0,0.0,0.0,,,4.4
grand_sim_v0_4,no_regime_ablation,disturbance_heavy,0.1,0.34,psi_corruption,mid_stress,10,10,0,1.0,0.2,0.0,0.0,0.0,0.0,0.0,0.0,1.875
grand_sim_v0_4,no_regime_ablation,disturbance_heavy,0.1,0.34,psi_corruption,high_stress,10,10,0,1.0,1.0,0.0,0.0,2.4,2.0,1.0,4.0,0.0
grand_sim_v0_4,no_regime_ablation,disturbance_heavy,0.1,0.36,async_message_loss,low_stress,10,0,10,0.0,0.0,0.0,0.0,0.0,0.0,,,0.0
grand_sim_v0_4,no_regime_ablation,disturbance_heavy,0.1,0.36,async_message_loss,mid_stress,10,0,10,0.0,0.0,0.0,0.0,0.0,0.0,,,0.0
grand_sim_v0_4,no_regime_ablation,disturbance_heavy,0.1,0.36,async_message_loss,high_stress,10,10,0,1.0,1.0,0.0,0.0,4.9,5.0,4.0,6.0,0.0
grand_sim_v0_4,no_regime_ablation,disturbance_heavy,0.1,0.36,federation_bridge_stress,low_stress,10,0,10,0.0,0.0,0.0,0.0,0.0,0.0,,,0.0
grand_sim_v0_4,no_regime_ablation,disturbance_heavy,0.1,0.36,federation_bridge_stress,mid_stress,10,0,10,0.0,0.0,0.0,0.0,0.0,0.0,,,0.0
grand_sim_v0_4,no_regime_ablation,disturbance_heavy,0.1,0.36,federation_bridge_stress,high_stress,10,10,0,1.0,1.0,0.0,0.0,1.1,1.0,0.0,2.0,0.0
grand_sim_v0_4,no_regime_ablation,disturbance_heavy,0.1,0.36,federation_cluster_attack,low_stress,10,10,0,0.0,0.0,1.0,0.0,0.0,0.0,,,0.0
grand_sim_v0_4,no_regime_ablation,disturbance_heavy,0.1,0.36,federation_cluster_attack,mid_stress,10,10,0,1.0,0.0,0.0,0.0,0.0,0.0,,,6.2
grand_sim_v0_4,no_regime_ablation,disturbance_heavy,0.1,0.36,federation_cluster_attack,high_stress,10,10,0,1.0,1.0,0.0,0.0,1.1,1.0,0.0,2.0,0.0
grand_sim_v0_4,no_regime_ablation,disturbance_heavy,0.1,0.36,psi_corruption,low_stress,10,10,0,0.0,0.0,1.0,0.0,0.0,0.0,,,0.0
grand_sim_v0_4,no_regime_ablation,disturbance_heavy,0.1,0.36,psi_corruption,mid_stress,10,10,0,1.0,0.0,0.0,0.0,0.0,0.0,,,6.4
grand_sim_v0_4,no_regime_ablation,disturbance_heavy,0.1,0.36,psi_corruption,high_stress,10,10,0,1.0,1.0,0.0,0.0,1.4,1.0,0.0,3.0,0.0
grand_sim_v0_4,no_regime_ablation,disturbance_heavy,0.1,0.38,async_message_loss,low_stress,10,0,10,0.0,0.0,0.0,0.0,0.0,0.0,,,0.0
grand_sim_v0_4,no_regime_ablation,disturbance_heavy,0.1,0.38,async_message_loss,mid_stress,10,0,10,0.0,0.0,0.0,0.0,0.0,0.0,,,0.0
grand_sim_v0_4,no_regime_ablation,disturbance_heavy,0.1,0.38,async_message_loss,high_stress,10,10,0,1.0,1.0,0.0,0.0,3.3,3.0,2.0,4.0,0.0
grand_sim_v0_4,no_regime_ablation,disturbance_heavy,0.1,0.38,federation_bridge_stress,low_stress,10,0,10,0.0,0.0,0.0,0.0,0.0,0.0,,,0.0
grand_sim_v0_4,no_regime_ablation,disturbance_heavy,0.1,0.38,federation_bridge_stress,mid_stress,10,0,10,0.0,0.0,0.0,0.0,0.0,0.0,,,0.0
grand_sim_v0_4,no_regime_ablation,disturbance_heavy,0.1,0.38,federation_bridge_stress,high_stress,10,10,0,1.0,0.9,0.0,0.0,0.333333,0.0,0.0,1.0,1.0
grand_sim_v0_4,no_regime_ablation,disturbance_heavy,0.1,0.38,federation_cluster_attack,low_stress,10,10,0,0.0,0.0,1.0,0.0,0.0,0.0,,,0.0
grand_sim_v0_4,no_regime_ablation,disturbance_heavy,0.1,0.38,federation_cluster_attack,mid_stress,10,10,0,1.0,0.0,0.0,0.0,0.0,0.0,,,10.0
grand_sim_v0_4,no_regime_ablation,disturbance_heavy,0.1,0.38,federation_cluster_attack,high_stress,10,10,0,1.0,0.8,0.0,0.0,0.5,1.0,0.0,1.0,1.0
grand_sim_v0_4,no_regime_ablation,disturbance_heavy,0.1,0.38,psi_corruption,low_stress,10,10,0,0.0,0.0,1.0,0.0,0.0,0.0,,,0.0
grand_sim_v0_4,no_regime_ablation,disturbance_heavy,0.1,0.38,psi_corruption,mid_stress,10,10,0,1.0,0.0,0.0,0.0,0.0,0.0,,,11.6
grand_sim_v0_4,no_regime_ablation,disturbance_heavy,0.1,0.38,psi_corruption,high_stress,10,10,0,1.0,0.9,0.0,0.0,0.555556,0.0,0.0,2.0,1.0
grand_sim_v0_4,no_regime_ablation,disturbance_heavy,0.1,0.4,async_message_loss,low_stress,10,0,10,0.0,0.0,0.0,0.0,0.0,0.0,,,0.0
grand_sim_v0_4,no_regime_ablation,disturbance_heavy,0.1,0.4,async_message_loss,mid_stress,10,0,10,0.0,0.0,0.0,0.0,0.0,0.0,,,0.0
grand_sim_v0_4,no_regime_ablation,disturbance_heavy,0.1,0.4,async_message_loss,high_stress,10,10,0,1.0,1.0,0.0,0.0,2.0,2.0,1.0,3.0,0.0
grand_sim_v0_4,no_regime_ablation,disturbance_heavy,0.1,0.4,federation_bridge_stress,low_stress,10,0,10,0.0,0.0,0.0,0.0,0.0,0.0,,,0.0
grand_sim_v0_4,no_regime_ablation,disturbance_heavy,0.1,0.4,federation_bridge_stress,mid_stress,10,0,10,0.0,0.0,0.0,0.0,0.0,0.0,,,0.0
grand_sim_v0_4,no_regime_ablation,disturbance_heavy,0.1,0.4,federation_bridge_stress,high_stress,10,10,0,1.0,0.3,0.0,0.0,0.0,0.0,0.0,0.0,1.142857
grand_sim_v0_4,no_regime_ablation,disturbance_heavy,0.1,0.4,federation_cluster_attack,low_stress,10,10,0,0.0,0.0,1.0,0.0,0.0,0.0,,,0.0
grand_sim_v0_4,no_regime_ablation,disturbance_heavy,0.1,0.4,federation_cluster_attack,mid_stress,10,10,0,1.0,0.0,0.0,0.0,0.0,0.0,,,16.2
grand_sim_v0_4,no_regime_ablation,disturbance_heavy,0.1,0.4,federation_cluster_attack,high_stress,10,10,0,1.0,0.4,0.0,0.0,0.0,0.0,0.0,0.0,1.333333
grand_sim_v0_4,no_regime_ablation,disturbance_heavy,0.1,0.4,psi_corruption,low_stress,10,10,0,0.0,0.0,1.0,0.0,0.0,0.0,,,0.0
grand_sim_v0_4,no_regime_ablation,disturbance_heavy,0.1,0.4,psi_corruption,mid_stress,10,10,0,1.0,0.0,0.0,0.0,0.0,0.0,,,16.7
grand_sim_v0_4,no_regime_ablation,disturbance_heavy,0.1,0.4,psi_corruption,high_stress,10,10,0,1.0,0.5,0.0,0.0,0.2,0.0,0.0,1.0,1.2
grand_sim_v0_4,no_regime_ablation,disturbance_heavy,0.1,0.42,async_message_loss,low_stress,10,0,10,0.0,0.0,0.0,0.0,0.0,0.0,,,0.0
grand_sim_v0_4,no_regime_ablation,disturbance_heavy,0.1,0.42,async_message_loss,mid_stress,10,0,10,0.0,0.0,0.0,0.0,0.0,0.0,,,0.0
grand_sim_v0_4,no_regime_ablation,disturbance_heavy,0.1,0.42,async_message_loss,high_stress,10,10,0,1.0,1.0,0.0,0.0,1.0,1.0,0.0,2.0,0.0
grand_sim_v0_4,no_regime_ablation,disturbance_heavy,0.1,0.42,federation_bridge_stress,low_stress,10,0,10,0.0,0.0,0.0,0.0,0.0,0.0,,,0.0
grand_sim_v0_4,no_regime_ablation,disturbance_heavy,0.1,0.42,federation_bridge_stress,mid_stress,10,0,10,0.0,0.0,0.0,0.0,0.0,0.0,,,0.0
grand_sim_v0_4,no_regime_ablation,disturbance_heavy,0.1,0.42,federation_bridge_stress,high_stress,10,10,0,1.0,0.0,0.0,0.0,0.0,0.0,,,1.6
grand_sim_v0_4,no_regime_ablation,disturbance_heavy,0.1,0.42,federation_cluster_attack,low_stress,10,10,0,0.0,0.0,1.0,0.0,0.0,0.0,,,0.0
grand_sim_v0_4,no_regime_ablation,disturbance_heavy,0.1,0.42,federation_cluster_attack,mid_stress,10,10,0,1.0,0.0,0.0,0.0,0.0,0.0,,,26.1
grand_sim_v0_4,no_regime_ablation,disturbance_heavy,0.1,0.42,federation_cluster_attack,high_stress,10,10,0,1.0,0.0,0.0,0.0,0.0,0.0,,,1.8
grand_sim_v0_4,no_regime_ablation,disturbance_heavy,0.1,0.42,psi_corruption,low_stress,10,10,0,0.0,0.0,1.0,0.0,0.0,0.0,,,0.0
grand_sim_v0_4,no_regime_ablation,disturbance_heavy,0.1,0.42,psi_corruption,mid_stress,10,10,0,1.0,0.0,0.0,0.0,0.0,0.0,,,25.1
grand_sim_v0_4,no_regime_ablation,disturbance_heavy,0.1,0.42,psi_corruption,high_stress,10,10,0,1.0,0.1,0.0,0.0,0.0,0.0,0.0,0.0,1.555556
grand_sim_v0_4,no_regime_ablation,disturbance_heavy,0.1,0.44,async_message_loss,low_stress,10,0,10,0.0,0.0,0.0,0.0,0.0,0.0,,,0.0
grand_sim_v0_4,no_regime_ablation,disturbance_heavy,0.1,0.44,async_message_loss,mid_stress,10,0,10,0.0,0.0,0.0,0.0,0.0,0.0,,,0.0
grand_sim_v0_4,no_regime_ablation,disturbance_heavy,0.1,0.44,async_message_loss,high_stress,10,10,0,1.0,0.6,0.0,0.0,0.333333,0.0,0.0,1.0,1.25
grand_sim_v0_4,no_regime_ablation,disturbance_heavy,0.1,0.44,federation_bridge_stress,low_stress,10,0,10,0.0,0.0,0.0,0.0,0.0,0.0,,,0.0
grand_sim_v0_4,no_regime_ablation,disturbance_heavy,0.1,0.44,federation_bridge_stress,mid_stress,10,0,10,0.0,0.0,0.0,0.0,0.0,0.0,,,0.0
grand_sim_v0_4,no_regime_ablation,disturbance_heavy,0.1,0.44,federation_bridge_stress,high_stress,10,10,0,1.0,0.0,0.0,0.0,0.0,0.0,,,2.7
grand_sim_v0_4,no_regime_ablation,disturbance_heavy,0.1,0.44,federation_cluster_attack,low_stress,10,10,0,0.0,0.0,1.0,0.0,0.0,0.0,,,0.0
grand_sim_v0_4,no_regime_ablation,disturbance_heavy,0.1,0.44,federation_cluster_attack,mid_stress,10,10,0,1.0,0.0,0.0,0.0,0.0,0.0,,,40.7
grand_sim_v0_4,no_regime_ablation,disturbance_heavy,0.1,0.44,federation_cluster_attack,high_stress,10,10,0,1.0,0.0,0.0,0.0,0.0,0.0,,,3.2
grand_sim_v0_4,no_regime_ablation,disturbance_heavy,0.1,0.44,psi_corruption,low_stress,10,10,0,0.0,0.0,1.0,0.0,0.0,0.0,,,0.0
grand_sim_v0_4,no_regime_ablation,disturbance_heavy,0.1,0.44,psi_corruption,mid_stress,10,10,0,1.0,0.0,0.0,0.0,0.0,0.0,,,37.8
grand_sim_v0_4,no_regime_ablation,disturbance_heavy,0.1,0.44,psi_corruption,high_stress,10,10,0,1.0,0.0,0.0,0.0,0.0,0.0,,,2.3
grand_sim_v0_4,no_regime_ablation,disturbance_heavy,0.1,0.46,async_message_loss,low_stress,10,0,10,0.0,0.0,0.0,0.0,0.0,0.0,,,0.0
grand_sim_v0_4,no_regime_ablation,disturbance_heavy,0.1,0.46,async_message_loss,mid_stress,10,0,10,0.0,0.0,0.0,0.0,0.0,0.0,,,0.0
grand_sim_v0_4,no_regime_ablation,disturbance_heavy,0.1,0.46,async_message_loss,high_stress,10,10,0,1.0,0.0,0.0,0.0,0.0,0.0,,,1.5
grand_sim_v0_4,no_regime_ablation,disturbance_heavy,0.1,0.46,federation_bridge_stress,low_stress,10,0,10,0.0,0.0,0.0,0.0,0.0,0.0,,,0.0
grand_sim_v0_4,no_regime_ablation,disturbance_heavy,0.1,0.46,federation_bridge_stress,mid_stress,10,0,10,0.0,0.0,0.0,0.0,0.0,0.0,,,0.0
grand_sim_v0_4,no_regime_ablation,disturbance_heavy,0.1,0.46,federation_bridge_stress,high_stress,10,10,0,1.0,0.0,0.0,0.0,0.0,0.0,,,4.1
grand_sim_v0_4,no_regime_ablation,disturbance_heavy,0.1,0.46,federation_cluster_attack,low_stress,10,10,0,0.0,0.0,1.0,0.0,0.0,0.0,,,0.0
grand_sim_v0_4,no_regime_ablation,disturbance_heavy,0.1,0.46,federation_cluster_attack,mid_stress,10,10,0,0.0,0.0,1.0,0.0,0.0,0.0,,,0.0
grand_sim_v0_4,no_regime_ablation,disturbance_heavy,0.1,0.46,federation_cluster_attack,high_stress,10,10,0,1.0,0.0,0.0,0.0,0.0,0.0,,,5.0
grand_sim_v0_4,no_regime_ablation,disturbance_heavy,0.1,0.46,psi_corruption,low_stress,10,10,0,0.0,0.0,1.0,0.0,0.0,0.0,,,0.0
grand_sim_v0_4,no_regime_ablation,disturbance_heavy,0.1,0.46,psi_corruption,mid_stress,10,10,0,0.0,0.0,1.0,0.0,0.0,0.0,,,0.0
grand_sim_v0_4,no_regime_ablation,disturbance_heavy,0.1,0.46,psi_corruption,high_stress,10,10,0,1.0,0.0,0.0,0.0,0.0,0.0,,,3.6
grand_sim_v0_4,no_regime_ablation,disturbance_heavy,0.1,0.48,async_message_loss,low_stress,10,0,10,0.0,0.0,0.0,0.0,0.0,0.0,,,0.0
grand_sim_v0_4,no_regime_ablation,disturbance_heavy,0.1,0.48,async_message_loss,mid_stress,10,0,10,0.0,0.0,0.0,0.0,0.0,0.0,,,0.0
grand_sim_v0_4,no_regime_ablation,disturbance_heavy,0.1,0.48,async_message_loss,high_stress,10,10,0,1.0,0.0,0.0,0.0,0.0,0.0,,,2.7
grand_sim_v0_4,no_regime_ablation,disturbance_heavy,0.1,0.48,federation_bridge_stress,low_stress,10,0,10,0.0,0.0,0.0,0.0,0.0,0.0,,,0.0
grand_sim_v0_4,no_regime_ablation,disturbance_heavy,0.1,0.48,federation_bridge_stress,mid_stress,10,0,10,0.0,0.0,0.0,0.0,0.0,0.0,,,0.0
grand_sim_v0_4,no_regime_ablation,disturbance_heavy,0.1,0.48,federation_bridge_stress,high_stress,10,10,0,1.0,0.0,0.0,0.0,0.0,0.0,,,5.7
grand_sim_v0_4,no_regime_ablation,disturbance_heavy,0.1,0.48,federation_cluster_attack,low_stress,10,10,0,0.0,0.0,1.0,0.0,0.0,0.0,,,0.0
grand_sim_v0_4,no_regime_ablation,disturbance_heavy,0.1,0.48,federation_cluster_attack,mid_stress,10,10,0,0.0,0.0,1.0,0.0,0.0,0.0,,,0.0
grand_sim_v0_4,no_regime_ablation,disturbance_heavy,0.1,0.48,federation_cluster_attack,high_stress,10,10,0,1.0,0.0,0.0,0.0,0.0,0.0,,,7.0
grand_sim_v0_4,no_regime_ablation,disturbance_heavy,0.1,0.48,psi_corruption,low_stress,10,10,0,0.0,0.0,1.0,0.0,0.0,0.0,,,0.0
grand_sim_v0_4,no_regime_ablation,disturbance_heavy,0.1,0.48,psi_corruption,mid_stress,10,10,0,0.0,0.0,1.0,0.0,0.0,0.0,,,0.0
grand_sim_v0_4,no_regime_ablation,disturbance_heavy,0.1,0.48,psi_corruption,high_stress,10,10,0,1.0,0.0,0.0,0.0,0.0,0.0,,,5.3
grand_sim_v0_4,no_regime_ablation,disturbance_heavy,0.1,0.5,async_message_loss,low_stress,10,0,10,0.0,0.0,0.0,0.0,0.0,0.0,,,0.0
grand_sim_v0_4,no_regime_ablation,disturbance_heavy,0.1,0.5,async_message_loss,mid_stress,10,0,10,0.0,0.0,0.0,0.0,0.0,0.0,,,0.0
grand_sim_v0_4,no_regime_ablation,disturbance_heavy,0.1,0.5,async_message_loss,high_stress,10,10,0,1.0,0.0,0.0,0.0,0.0,0.0,,,4.5
grand_sim_v0_4,no_regime_ablation,disturbance_heavy,0.1,0.5,federation_bridge_stress,low_stress,10,0,10,0.0,0.0,0.0,0.0,0.0,0.0,,,0.0
grand_sim_v0_4,no_regime_ablation,disturbance_heavy,0.1,0.5,federation_bridge_stress,mid_stress,10,0,10,0.0,0.0,0.0,0.0,0.0,0.0,,,0.0
grand_sim_v0_4,no_regime_ablation,disturbance_heavy,0.1,0.5,federation_bridge_stress,high_stress,10,10,0,1.0,0.0,0.0,0.0,0.0,0.0,,,7.4
grand_sim_v0_4,no_regime_ablation,disturbance_heavy,0.1,0.5,federation_cluster_attack,low_stress,10,10,0,0.0,0.0,1.0,0.0,0.0,0.0,,,0.0
grand_sim_v0_4,no_regime_ablation,disturbance_heavy,0.1,0.5,federation_cluster_attack,mid_stress,10,10,0,0.0,0.0,1.0,0.0,0.0,0.0,,,0.0
grand_sim_v0_4,no_regime_ablation,disturbance_heavy,0.1,0.5,federation_cluster_attack,high_stress,10,10,0,1.0,0.0,0.0,0.0,0.0,0.0,,,8.7
grand_sim_v0_4,no_regime_ablation,disturbance_heavy,0.1,0.5,psi_corruption,low_stress,10,10,0,0.0,0.0,1.0,0.0,0.0,0.0,,,0.0
grand_sim_v0_4,no_regime_ablation,disturbance_heavy,0.1,0.5,psi_corruption,mid_stress,10,10,0,0.0,0.0,1.0,0.0,0.0,0.0,,,0.0
grand_sim_v0_4,no_regime_ablation,disturbance_heavy,0.1,0.5,psi_corruption,high_stress,10,10,0,1.0,0.0,0.0,0.0,0.0,0.0,,,7.9
grand_sim_v0_4,no_regime_ablation,disturbance_heavy,0.1,0.52,async_message_loss,low_stress,10,0,10,0.0,0.0,0.0,0.0,0.0,0.0,,,0.0
grand_sim_v0_4,no_regime_ablation,disturbance_heavy,0.1,0.52,async_message_loss,mid_stress,10,0,10,0.0,0.0,0.0,0.0,0.0,0.0,,,0.0
grand_sim_v0_4,no_regime_ablation,disturbance_heavy,0.1,0.52,async_message_loss,high_stress,10,10,0,1.0,0.0,0.0,0.0,0.0,0.0,,,6.9
grand_sim_v0_4,no_regime_ablation,disturbance_heavy,0.1,0.52,federation_bridge_stress,low_stress,10,0,10,0.0,0.0,0.0,0.0,0.0,0.0,,,0.0
grand_sim_v0_4,no_regime_ablation,disturbance_heavy,0.1,0.52,federation_bridge_stress,mid_stress,10,0,10,0.0,0.0,0.0,0.0,0.0,0.0,,,0.0
grand_sim_v0_4,no_regime_ablation,disturbance_heavy,0.1,0.52,federation_bridge_stress,high_stress,10,10,0,1.0,0.0,0.0,0.0,0.0,0.0,,,9.6
grand_sim_v0_4,no_regime_ablation,disturbance_heavy,0.1,0.52,federation_cluster_attack,low_stress,10,10,0,0.0,0.0,1.0,0.0,0.0,0.0,,,0.0
grand_sim_v0_4,no_regime_ablation,disturbance_heavy,0.1,0.52,federation_cluster_attack,mid_stress,10,10,0,0.0,0.0,1.0,0.0,0.0,0.0,,,0.0
grand_sim_v0_4,no_regime_ablation,disturbance_heavy,0.1,0.52,federation_cluster_attack,high_stress,10,10,0,1.0,0.0,0.0,0.0,0.0,0.0,,,10.0
grand_sim_v0_4,no_regime_ablation,disturbance_heavy,0.1,0.52,psi_corruption,low_stress,10,10,0,0.0,0.0,1.0,0.0,0.0,0.0,,,0.0
grand_sim_v0_4,no_regime_ablation,disturbance_heavy,0.1,0.52,psi_corruption,mid_stress,10,10,0,0.0,0.0,1.0,0.0,0.0,0.0,,,0.0
grand_sim_v0_4,no_regime_ablation,disturbance_heavy,0.1,0.52,psi_corruption,high_stress,10,10,0,1.0,0.0,0.0,0.0,0.0,0.0,,,10.3
grand_sim_v0_4,no_regime_ablation,disturbance_heavy,0.1,0.54,async_message_loss,low_stress,10,0,10,0.0,0.0,0.0,0.0,0.0,0.0,,,0.0
grand_sim_v0_4,no_regime_ablation,disturbance_heavy,0.1,0.54,async_message_loss,mid_stress,10,0,10,0.0,0.0,0.0,0.0,0.0,0.0,,,0.0
grand_sim_v0_4,no_regime_ablation,disturbance_heavy,0.1,0.54,async_message_loss,high_stress,10,10,0,1.0,0.0,0.0,0.0,0.0,0.0,,,9.5
grand_sim_v0_4,no_regime_ablation,disturbance_heavy,0.1,0.54,federation_bridge_stress,low_stress,10,0,10,0.0,0.0,0.0,0.0,0.0,0.0,,,0.0
grand_sim_v0_4,no_regime_ablation,disturbance_heavy,0.1,0.54,federation_bridge_stress,mid_stress,10,0,10,0.0,0.0,0.0,0.0,0.0,0.0,,,0.0
grand_sim_v0_4,no_regime_ablation,disturbance_heavy,0.1,0.54,federation_bridge_stress,high_stress,10,10,0,1.0,0.0,0.0,0.0,0.0,0.0,,,12.5
grand_sim_v0_4,no_regime_ablation,disturbance_heavy,0.1,0.54,federation_cluster_attack,low_stress,10,10,0,0.0,0.0,1.0,0.0,0.0,0.0,,,0.0
grand_sim_v0_4,no_regime_ablation,disturbance_heavy,0.1,0.54,federation_cluster_attack,mid_stress,10,10,0,0.0,0.0,1.0,0.0,0.0,0.0,,,0.0
grand_sim_v0_4,no_regime_ablation,disturbance_heavy,0.1,0.54,federation_cluster_attack,high_stress,10,10,0,1.0,0.0,0.0,0.0,0.0,0.0,,,11.2
grand_sim_v0_4,no_regime_ablation,disturbance_heavy,0.1,0.54,psi_corruption,low_stress,10,10,0,0.0,0.0,1.0,0.0,0.0,0.0,,,0.0
grand_sim_v0_4,no_regime_ablation,disturbance_heavy,0.1,0.54,psi_corruption,mid_stress,10,10,0,0.0,0.0,1.0,0.0,0.0,0.0,,,0.0
grand_sim_v0_4,no_regime_ablation,disturbance_heavy,0.1,0.54,psi_corruption,high_stress,10,10,0,1.0,0.0,0.0,0.0,0.0,0.0,,,11.9
grand_sim_v0_4,no_regime_ablation,disturbance_heavy,0.1,0.56,async_message_loss,low_stress,10,0,10,0.0,0.0,0.0,0.0,0.0,0.0,,,0.0
grand_sim_v0_4,no_regime_ablation,disturbance_heavy,0.1,0.56,async_message_loss,mid_stress,10,0,10,0.0,0.0,0.0,0.0,0.0,0.0,,,0.0
grand_sim_v0_4,no_regime_ablation,disturbance_heavy,0.1,0.56,async_message_loss,high_stress,10,10,0,1.0,0.0,0.0,0.0,0.0,0.0,,,13.6
grand_sim_v0_4,no_regime_ablation,disturbance_heavy,0.1,0.56,federation_bridge_stress,low_stress,10,0,10,0.0,0.0,0.0,0.0,0.0,0.0,,,0.0
grand_sim_v0_4,no_regime_ablation,disturbance_heavy,0.1,0.56,federation_bridge_stress,mid_stress,10,0,10,0.0,0.0,0.0,0.0,0.0,0.0,,,0.0
grand_sim_v0_4,no_regime_ablation,disturbance_heavy,0.1,0.56,federation_bridge_stress,high_stress,10,10,0,1.0,0.0,0.0,0.0,0.0,0.0,,,17.0
grand_sim_v0_4,no_regime_ablation,disturbance_heavy,0.1,0.56,federation_cluster_attack,low_stress,10,10,0,0.0,0.0,1.0,0.0,0.0,0.0,,,0.0
grand_sim_v0_4,no_regime_ablation,disturbance_heavy,0.1,0.56,federation_cluster_attack,mid_stress,10,10,0,0.0,0.0,1.0,0.0,0.0,0.0,,,0.0
grand_sim_v0_4,no_regime_ablation,disturbance_heavy,0.1,0.56,federation_cluster_attack,high_stress,10,10,0,1.0,0.0,0.0,0.0,0.0,0.0,,,12.9
grand_sim_v0_4,no_regime_ablation,disturbance_heavy,0.1,0.56,psi_corruption,low_stress,10,10,0,0.0,0.0,1.0,0.0,0.0,0.0,,,0.0
grand_sim_v0_4,no_regime_ablation,disturbance_heavy,0.1,0.56,psi_corruption,mid_stress,10,10,0,0.0,0.0,1.0,0.0,0.0,0.0,,,0.0
grand_sim_v0_4,no_regime_ablation,disturbance_heavy,0.1,0.56,psi_corruption,high_stress,10,10,0,1.0,0.0,0.0,0.0,0.0,0.0,,,13.3
grand_sim_v0_4,no_regime_ablation,disturbance_heavy,0.1,0.58,async_message_loss,low_stress,10,0,10,0.0,0.0,0.0,0.0,0.0,0.0,,,0.0
grand_sim_v0_4,no_regime_ablation,disturbance_heavy,0.1,0.58,async_message_loss,mid_stress,10,0,10,0.0,0.0,0.0,0.0,0.0,0.0,,,0.0
grand_sim_v0_4,no_regime_ablation,disturbance_heavy,0.1,0.58,async_message_loss,high_stress,10,10,0,1.0,0.0,0.0,0.0,0.0,0.0,,,21.8
grand_sim_v0_4,no_regime_ablation,disturbance_heavy,0.1,0.58,federation_bridge_stress,low_stress,10,0,10,0.0,0.0,0.0,0.0,0.0,0.0,,,0.0
grand_sim_v0_4,no_regime_ablation,disturbance_heavy,0.1,0.58,federation_bridge_stress,mid_stress,10,0,10,0.0,0.0,0.0,0.0,0.0,0.0,,,0.0
grand_sim_v0_4,no_regime_ablation,disturbance_heavy,0.1,0.58,federation_bridge_stress,high_stress,10,10,0,1.0,0.0,0.0,0.0,0.0,0.0,,,49.0
grand_sim_v0_4,no_regime_ablation,disturbance_heavy,0.1,0.58,federation_cluster_attack,low_stress,10,10,0,0.0,0.0,1.0,0.0,0.0,0.0,,,0.0
grand_sim_v0_4,no_regime_ablation,disturbance_heavy,0.1,0.58,federation_cluster_attack,mid_stress,10,10,0,0.0,0.0,1.0,0.0,0.0,0.0,,,0.0
grand_sim_v0_4,no_regime_ablation,disturbance_heavy,0.1,0.58,federation_cluster_attack,high_stress,10,10,0,1.0,0.0,0.0,0.0,0.0,0.0,,,15.0
grand_sim_v0_4,no_regime_ablation,disturbance_heavy,0.1,0.58,psi_corruption,low_stress,10,10,0,0.0,0.0,1.0,0.0,0.0,0.0,,,0.0
grand_sim_v0_4,no_regime_ablation,disturbance_heavy,0.1,0.58,psi_corruption,mid_stress,10,10,0,0.0,0.0,1.0,0.0,0.0,0.0,,,0.0
grand_sim_v0_4,no_regime_ablation,disturbance_heavy,0.1,0.58,psi_corruption,high_stress,10,10,0,1.0,0.0,0.0,0.0,0.0,0.0,,,15.2
grand_sim_v0_4,no_regime_ablation,disturbance_heavy,0.1,0.6,async_message_loss,low_stress,10,0,10,0.0,0.0,0.0,0.0,0.0,0.0,,,0.0
grand_sim_v0_4,no_regime_ablation,disturbance_heavy,0.1,0.6,async_message_loss,mid_stress,10,0,10,0.0,0.0,0.0,0.0,0.0,0.0,,,0.0
grand_sim_v0_4,no_regime_ablation,disturbance_heavy,0.1,0.6,async_message_loss,high_stress,10,10,0,0.0,0.0,1.0,0.0,0.0,0.0,,,0.0
grand_sim_v0_4,no_regime_ablation,disturbance_heavy,0.1,0.6,federation_bridge_stress,low_stress,10,0,10,0.0,0.0,0.0,0.0,0.0,0.0,,,0.0
grand_sim_v0_4,no_regime_ablation,disturbance_heavy,0.1,0.6,federation_bridge_stress,mid_stress,10,0,10,0.0,0.0,0.0,0.0,0.0,0.0,,,0.0
grand_sim_v0_4,no_regime_ablation,disturbance_heavy,0.1,0.6,federation_bridge_stress,high_stress,10,10,0,0.0,0.0,1.0,0.0,0.0,0.0,,,0.0
grand_sim_v0_4,no_regime_ablation,disturbance_heavy,0.1,0.6,federation_cluster_attack,low_stress,10,10,0,0.0,0.0,1.0,0.0,0.0,0.0,,,0.0
grand_sim_v0_4,no_regime_ablation,disturbance_heavy,0.1,0.6,federation_cluster_attack,mid_stress,10,10,0,0.0,0.0,1.0,0.0,0.0,0.0,,,0.0
grand_sim_v0_4,no_regime_ablation,disturbance_heavy,0.1,0.6,federation_cluster_attack,high_stress,10,10,0,1.0,0.0,0.0,0.0,0.0,0.0,,,17.8
grand_sim_v0_4,no_regime_ablation,disturbance_heavy,0.1,0.6,psi_corruption,low_stress,10,10,0,0.0,0.0,1.0,0.0,0.0,0.0,,,0.0
grand_sim_v0_4,no_regime_ablation,disturbance_heavy,0.1,0.6,psi_corruption,mid_stress,10,10,0,0.0,0.0,1.0,0.0,0.0,0.0,,,0.0
grand_sim_v0_4,no_regime_ablation,disturbance_heavy,0.1,0.6,psi_corruption,high_stress,10,10,0,1.0,0.0,0.0,0.0,0.0,0.0,,,18.1
grand_sim_v0_4,no_regime_renormalized,disturbance_heavy,0.1,0.1,async_message_loss,low_stress,10,0,10,0.0,0.0,0.0,1.0,0.0,0.0,,,0.0
grand_sim_v0_4,no_regime_renormalized,disturbance_heavy,0.1,0.1,async_message_loss,mid_stress,10,0,10,0.0,0.0,0.0,1.0,0.0,0.0,,,0.0
grand_sim_v0_4,no_regime_renormalized,disturbance_heavy,0.1,0.1,async_message_loss,high_stress,10,10,0,1.0,1.0,0.0,0.0,31.4,31.0,29.0,33.0,0.0
grand_sim_v0_4,no_regime_renormalized,disturbance_heavy,0.1,0.1,federation_bridge_stress,low_stress,10,0,10,0.0,0.0,0.0,1.0,0.0,0.0,,,0.0
grand_sim_v0_4,no_regime_renormalized,disturbance_heavy,0.1,0.1,federation_bridge_stress,mid_stress,10,0,10,0.0,0.0,0.0,1.0,0.0,0.0,,,0.0
grand_sim_v0_4,no_regime_renormalized,disturbance_heavy,0.1,0.1,federation_bridge_stress,high_stress,10,10,0,1.0,1.0,0.0,0.0,24.7,24.0,23.0,27.0,0.0
grand_sim_v0_4,no_regime_renormalized,disturbance_heavy,0.1,0.1,federation_cluster_attack,low_stress,10,10,0,1.0,1.0,0.0,0.0,97.2,98.0,92.0,99.0,0.0
grand_sim_v0_4,no_regime_renormalized,disturbance_heavy,0.1,0.1,federation_cluster_attack,mid_stress,10,10,0,1.0,1.0,0.0,0.0,65.9,66.0,62.0,67.0,0.0
grand_sim_v0_4,no_regime_renormalized,disturbance_heavy,0.1,0.1,federation_cluster_attack,high_stress,10,10,0,1.0,1.0,0.0,0.0,26.5,27.0,25.0,28.0,0.0
grand_sim_v0_4,no_regime_renormalized,disturbance_heavy,0.1,0.1,psi_corruption,low_stress,10,10,0,1.0,1.0,0.0,0.0,87.1,87.0,86.0,88.0,0.0
grand_sim_v0_4,no_regime_renormalized,disturbance_heavy,0.1,0.1,psi_corruption,mid_stress,10,10,0,1.0,1.0,0.0,0.0,59.9,60.0,57.0,61.0,0.0
grand_sim_v0_4,no_regime_renormalized,disturbance_heavy,0.1,0.1,psi_corruption,high_stress,10,10,0,1.0,1.0,0.0,0.0,24.6,24.0,23.0,27.0,0.0
grand_sim_v0_4,no_regime_renormalized,disturbance_heavy,0.1,0.12,async_message_loss,low_stress,10,0,10,0.0,0.0,0.0,1.0,0.0,0.0,,,0.0
grand_sim_v0_4,no_regime_renormalized,disturbance_heavy,0.1,0.12,async_message_loss,mid_stress,10,0,10,0.0,0.0,0.0,1.0,0.0,0.0,,,0.0
grand_sim_v0_4,no_regime_renormalized,disturbance_heavy,0.1,0.12,async_message_loss,high_stress,10,10,0,1.0,1.0,0.0,0.0,31.4,31.0,29.0,33.0,0.0
grand_sim_v0_4,no_regime_renormalized,disturbance_heavy,0.1,0.12,federation_bridge_stress,low_stress,10,0,10,0.0,0.0,0.0,1.0,0.0,0.0,,,0.0
grand_sim_v0_4,no_regime_renormalized,disturbance_heavy,0.1,0.12,federation_bridge_stress,mid_stress,10,0,10,0.0,0.0,0.0,1.0,0.0,0.0,,,0.0
grand_sim_v0_4,no_regime_renormalized,disturbance_heavy,0.1,0.12,federation_bridge_stress,high_stress,10,10,0,1.0,1.0,0.0,0.0,24.7,24.0,23.0,27.0,0.0
grand_sim_v0_4,no_regime_renormalized,disturbance_heavy,0.1,0.12,federation_cluster_attack,low_stress,10,10,0,1.0,1.0,0.0,0.0,97.2,98.0,92.0,99.0,0.0
grand_sim_v0_4,no_regime_renormalized,disturbance_heavy,0.1,0.12,federation_cluster_attack,mid_stress,10,10,0,1.0,1.0,0.0,0.0,65.9,66.0,62.0,67.0,0.0
grand_sim_v0_4,no_regime_renormalized,disturbance_heavy,0.1,0.12,federation_cluster_attack,high_stress,10,10,0,1.0,1.0,0.0,0.0,26.5,27.0,25.0,28.0,0.0
grand_sim_v0_4,no_regime_renormalized,disturbance_heavy,0.1,0.12,psi_corruption,low_stress,10,10,0,1.0,1.0,0.0,0.0,87.1,87.0,86.0,88.0,0.0
grand_sim_v0_4,no_regime_renormalized,disturbance_heavy,0.1,0.12,psi_corruption,mid_stress,10,10,0,1.0,1.0,0.0,0.0,59.9,60.0,57.0,61.0,0.0
grand_sim_v0_4,no_regime_renormalized,disturbance_heavy,0.1,0.12,psi_corruption,high_stress,10,10,0,1.0,1.0,0.0,0.0,24.6,24.0,23.0,27.0,0.0
grand_sim_v0_4,no_regime_renormalized,disturbance_heavy,0.1,0.14,async_message_loss,low_stress,10,0,10,0.0,0.0,0.0,1.0,0.0,0.0,,,0.0
grand_sim_v0_4,no_regime_renormalized,disturbance_heavy,0.1,0.14,async_message_loss,mid_stress,10,0,10,0.0,0.0,0.0,1.0,0.0,0.0,,,0.0
grand_sim_v0_4,no_regime_renormalized,disturbance_heavy,0.1,0.14,async_message_loss,high_stress,10,10,0,1.0,1.0,0.0,0.0,31.4,31.0,29.0,33.0,0.0
grand_sim_v0_4,no_regime_renormalized,disturbance_heavy,0.1,0.14,federation_bridge_stress,low_stress,10,0,10,0.0,0.0,0.0,1.0,0.0,0.0,,,0.0
grand_sim_v0_4,no_regime_renormalized,disturbance_heavy,0.1,0.14,federation_bridge_stress,mid_stress,10,0,10,0.0,0.0,0.0,1.0,0.0,0.0,,,0.0
grand_sim_v0_4,no_regime_renormalized,disturbance_heavy,0.1,0.14,federation_bridge_stress,high_stress,10,10,0,1.0,1.0,0.0,0.0,24.7,24.0,23.0,27.0,0.0
grand_sim_v0_4,no_regime_renormalized,disturbance_heavy,0.1,0.14,federation_cluster_attack,low_stress,10,10,0,1.0,1.0,0.0,0.0,97.2,98.0,92.0,99.0,0.0
grand_sim_v0_4,no_regime_renormalized,disturbance_heavy,0.1,0.14,federation_cluster_attack,mid_stress,10,10,0,1.0,1.0,0.0,0.0,65.9,66.0,62.0,67.0,0.0
grand_sim_v0_4,no_regime_renormalized,disturbance_heavy,0.1,0.14,federation_cluster_attack,high_stress,10,10,0,1.0,1.0,0.0,0.0,26.5,27.0,25.0,28.0,0.0
grand_sim_v0_4,no_regime_renormalized,disturbance_heavy,0.1,0.14,psi_corruption,low_stress,10,10,0,1.0,1.0,0.0,0.0,87.1,87.0,86.0,88.0,0.0
grand_sim_v0_4,no_regime_renormalized,disturbance_heavy,0.1,0.14,psi_corruption,mid_stress,10,10,0,1.0,1.0,0.0,0.0,59.9,60.0,57.0,61.0,0.0
grand_sim_v0_4,no_regime_renormalized,disturbance_heavy,0.1,0.14,psi_corruption,high_stress,10,10,0,1.0,1.0,0.0,0.0,24.6,24.0,23.0,27.0,0.0
grand_sim_v0_4,no_regime_renormalized,disturbance_heavy,0.1,0.16,async_message_loss,low_stress,10,0,10,0.0,0.0,0.0,1.0,0.0,0.0,,,0.0
grand_sim_v0_4,no_regime_renormalized,disturbance_heavy,0.1,0.16,async_message_loss,mid_stress,10,0,10,0.0,0.0,0.0,1.0,0.0,0.0,,,0.0
grand_sim_v0_4,no_regime_renormalized,disturbance_heavy,0.1,0.16,async_message_loss,high_stress,10,10,0,1.0,1.0,0.0,0.0,31.4,31.0,29.0,33.0,0.0
grand_sim_v0_4,no_regime_renormalized,disturbance_heavy,0.1,0.16,federation_bridge_stress,low_stress,10,0,10,0.0,0.0,0.0,1.0,0.0,0.0,,,0.0
grand_sim_v0_4,no_regime_renormalized,disturbance_heavy,0.1,0.16,federation_bridge_stress,mid_stress,10,0,10,0.0,0.0,0.0,1.0,0.0,0.0,,,0.0
grand_sim_v0_4,no_regime_renormalized,disturbance_heavy,0.1,0.16,federation_bridge_stress,high_stress,10,10,0,1.0,1.0,0.0,0.0,24.7,24.0,23.0,27.0,0.0
grand_sim_v0_4,no_regime_renormalized,disturbance_heavy,0.1,0.16,federation_cluster_attack,low_stress,10,10,0,1.0,1.0,0.0,0.0,97.2,98.0,92.0,99.0,0.0
grand_sim_v0_4,no_regime_renormalized,disturbance_heavy,0.1,0.16,federation_cluster_attack,mid_stress,10,10,0,1.0,1.0,0.0,0.0,65.9,66.0,62.0,67.0,0.0
grand_sim_v0_4,no_regime_renormalized,disturbance_heavy,0.1,0.16,federation_cluster_attack,high_stress,10,10,0,1.0,1.0,0.0,0.0,26.5,27.0,25.0,28.0,0.0
grand_sim_v0_4,no_regime_renormalized,disturbance_heavy,0.1,0.16,psi_corruption,low_stress,10,10,0,1.0,1.0,0.0,0.0,87.1,87.0,86.0,88.0,0.0
grand_sim_v0_4,no_regime_renormalized,disturbance_heavy,0.1,0.16,psi_corruption,mid_stress,10,10,0,1.0,1.0,0.0,0.0,59.9,60.0,57.0,61.0,0.0
grand_sim_v0_4,no_regime_renormalized,disturbance_heavy,0.1,0.16,psi_corruption,high_stress,10,10,0,1.0,1.0,0.0,0.0,24.6,24.0,23.0,27.0,0.0
grand_sim_v0_4,no_regime_renormalized,disturbance_heavy,0.1,0.18,async_message_loss,low_stress,10,0,10,0.0,0.0,0.0,1.0,0.0,0.0,,,0.0
grand_sim_v0_4,no_regime_renormalized,disturbance_heavy,0.1,0.18,async_message_loss,mid_stress,10,0,10,0.0,0.0,0.0,1.0,0.0,0.0,,,0.0
grand_sim_v0_4,no_regime_renormalized,disturbance_heavy,0.1,0.18,async_message_loss,high_stress,10,10,0,1.0,1.0,0.0,0.0,31.4,31.0,29.0,33.0,0.0
grand_sim_v0_4,no_regime_renormalized,disturbance_heavy,0.1,0.18,federation_bridge_stress,low_stress,10,0,10,0.0,0.0,0.0,1.0,0.0,0.0,,,0.0
grand_sim_v0_4,no_regime_renormalized,disturbance_heavy,0.1,0.18,federation_bridge_stress,mid_stress,10,0,10,0.0,0.0,0.0,1.0,0.0,0.0,,,0.0
grand_sim_v0_4,no_regime_renormalized,disturbance_heavy,0.1,0.18,federation_bridge_stress,high_stress,10,10,0,1.0,1.0,0.0,0.0,24.7,24.0,23.0,27.0,0.0
grand_sim_v0_4,no_regime_renormalized,disturbance_heavy,0.1,0.18,federation_cluster_attack,low_stress,10,10,0,1.0,1.0,0.0,0.0,97.2,98.0,92.0,99.0,0.0
grand_sim_v0_4,no_regime_renormalized,disturbance_heavy,0.1,0.18,federation_cluster_attack,mid_stress,10,10,0,1.0,1.0,0.0,0.0,65.9,66.0,62.0,67.0,0.0
grand_sim_v0_4,no_regime_renormalized,disturbance_heavy,0.1,0.18,federation_cluster_attack,high_stress,10,10,0,1.0,1.0,0.0,0.0,26.5,27.0,25.0,28.0,0.0
grand_sim_v0_4,no_regime_renormalized,disturbance_heavy,0.1,0.18,psi_corruption,low_stress,10,10,0,1.0,1.0,0.0,0.0,87.1,87.0,86.0,88.0,0.0
grand_sim_v0_4,no_regime_renormalized,disturbance_heavy,0.1,0.18,psi_corruption,mid_stress,10,10,0,1.0,1.0,0.0,0.0,59.9,60.0,57.0,61.0,0.0
grand_sim_v0_4,no_regime_renormalized,disturbance_heavy,0.1,0.18,psi_corruption,high_stress,10,10,0,1.0,1.0,0.0,0.0,24.6,24.0,23.0,27.0,0.0
grand_sim_v0_4,no_regime_renormalized,disturbance_heavy,0.1,0.2,async_message_loss,low_stress,10,0,10,0.0,0.0,0.0,1.0,0.0,0.0,,,0.0
grand_sim_v0_4,no_regime_renormalized,disturbance_heavy,0.1,0.2,async_message_loss,mid_stress,10,0,10,0.0,0.0,0.0,1.0,0.0,0.0,,,0.0
grand_sim_v0_4,no_regime_renormalized,disturbance_heavy,0.1,0.2,async_message_loss,high_stress,10,10,0,1.0,1.0,0.0,0.0,31.4,31.0,29.0,33.0,0.0
grand_sim_v0_4,no_regime_renormalized,disturbance_heavy,0.1,0.2,federation_bridge_stress,low_stress,10,0,10,0.0,0.0,0.0,1.0,0.0,0.0,,,0.0
grand_sim_v0_4,no_regime_renormalized,disturbance_heavy,0.1,0.2,federation_bridge_stress,mid_stress,10,0,10,0.0,0.0,0.0,1.0,0.0,0.0,,,0.0
grand_sim_v0_4,no_regime_renormalized,disturbance_heavy,0.1,0.2,federation_bridge_stress,high_stress,10,10,0,1.0,1.0,0.0,0.0,24.7,24.0,23.0,27.0,0.0
grand_sim_v0_4,no_regime_renormalized,disturbance_heavy,0.1,0.2,federation_cluster_attack,low_stress,10,10,0,1.0,1.0,0.0,0.0,97.2,98.0,92.0,99.0,0.0
grand_sim_v0_4,no_regime_renormalized,disturbance_heavy,0.1,0.2,federation_cluster_attack,mid_stress,10,10,0,1.0,1.0,0.0,0.0,65.9,66.0,62.0,67.0,0.0
grand_sim_v0_4,no_regime_renormalized,disturbance_heavy,0.1,0.2,federation_cluster_attack,high_stress,10,10,0,1.0,1.0,0.0,0.0,26.5,27.0,25.0,28.0,0.0
grand_sim_v0_4,no_regime_renormalized,disturbance_heavy,0.1,0.2,psi_corruption,low_stress,10,10,0,1.0,1.0,0.0,0.0,87.1,87.0,86.0,88.0,0.0
grand_sim_v0_4,no_regime_renormalized,disturbance_heavy,0.1,0.2,psi_corruption,mid_stress,10,10,0,1.0,1.0,0.0,0.0,59.9,60.0,57.0,61.0,0.0
grand_sim_v0_4,no_regime_renormalized,disturbance_heavy,0.1,0.2,psi_corruption,high_stress,10,10,0,1.0,1.0,0.0,0.0,24.6,24.0,23.0,27.0,0.0
grand_sim_v0_4,no_regime_renormalized,disturbance_heavy,0.1,0.22,async_message_loss,low_stress,10,0,10,0.0,0.0,0.0,1.0,0.0,0.0,,,0.0
grand_sim_v0_4,no_regime_renormalized,disturbance_heavy,0.1,0.22,async_message_loss,mid_stress,10,0,10,0.0,0.0,0.0,1.0,0.0,0.0,,,0.0
grand_sim_v0_4,no_regime_renormalized,disturbance_heavy,0.1,0.22,async_message_loss,high_stress,10,10,0,1.0,1.0,0.0,0.0,31.4,31.0,29.0,33.0,0.0
grand_sim_v0_4,no_regime_renormalized,disturbance_heavy,0.1,0.22,federation_bridge_stress,low_stress,10,0,10,0.0,0.0,0.0,0.3,0.0,0.0,,,0.0
grand_sim_v0_4,no_regime_renormalized,disturbance_heavy,0.1,0.22,federation_bridge_stress,mid_stress,10,0,10,0.0,0.0,0.0,0.9,0.0,0.0,,,0.0
grand_sim_v0_4,no_regime_renormalized,disturbance_heavy,0.1,0.22,federation_bridge_stress,high_stress,10,10,0,1.0,1.0,0.0,0.0,24.7,24.0,23.0,27.0,0.0
grand_sim_v0_4,no_regime_renormalized,disturbance_heavy,0.1,0.22,federation_cluster_attack,low_stress,10,10,0,1.0,1.0,0.0,0.0,26.9,27.0,22.0,29.0,0.0
grand_sim_v0_4,no_regime_renormalized,disturbance_heavy,0.1,0.22,federation_cluster_attack,mid_stress,10,10,0,1.0,1.0,0.0,0.0,65.9,66.0,62.0,67.0,0.0
grand_sim_v0_4,no_regime_renormalized,disturbance_heavy,0.1,0.22,federation_cluster_attack,high_stress,10,10,0,1.0,1.0,0.0,0.0,26.5,27.0,25.0,28.0,0.0
grand_sim_v0_4,no_regime_renormalized,disturbance_heavy,0.1,0.22,psi_corruption,low_stress,10,10,0,1.0,1.0,0.0,0.0,44.3,26.0,24.0,88.0,0.0
grand_sim_v0_4,no_regime_renormalized,disturbance_heavy,0.1,0.22,psi_corruption,mid_stress,10,10,0,1.0,1.0,0.0,0.0,59.9,60.0,57.0,61.0,0.0
grand_sim_v0_4,no_regime_renormalized,disturbance_heavy,0.1,0.22,psi_corruption,high_stress,10,10,0,1.0,1.0,0.0,0.0,24.6,24.0,23.0,27.0,0.0
grand_sim_v0_4,no_regime_renormalized,disturbance_heavy,0.1,0.24,async_message_loss,low_stress,10,0,10,0.0,0.0,0.0,0.0,0.0,0.0,,,0.0
grand_sim_v0_4,no_regime_renormalized,disturbance_heavy,0.1,0.24,async_message_loss,mid_stress,10,0,10,0.0,0.0,0.0,0.0,0.0,0.0,,,0.0
grand_sim_v0_4,no_regime_renormalized,disturbance_heavy,0.1,0.24,async_message_loss,high_stress,10,10,0,1.0,1.0,0.0,0.0,23.0,22.0,22.0,25.0,0.0
grand_sim_v0_4,no_regime_renormalized,disturbance_heavy,0.1,0.24,federation_bridge_stress,low_stress,10,0,10,0.0,0.0,0.0,0.0,0.0,0.0,,,0.0
grand_sim_v0_4,no_regime_renormalized,disturbance_heavy,0.1,0.24,federation_bridge_stress,mid_stress,10,0,10,0.0,0.0,0.0,0.0,0.0,0.0,,,0.0
grand_sim_v0_4,no_regime_renormalized,disturbance_heavy,0.1,0.24,federation_bridge_stress,high_stress,10,10,0,1.0,1.0,0.0,0.0,15.0,15.0,14.0,16.0,0.0
grand_sim_v0_4,no_regime_renormalized,disturbance_heavy,0.1,0.24,federation_cluster_attack,low_stress,10,10,0,1.0,1.0,0.0,0.0,24.4,24.0,20.0,27.0,0.0
grand_sim_v0_4,no_regime_renormalized,disturbance_heavy,0.1,0.24,federation_cluster_attack,mid_stress,10,10,0,1.0,1.0,0.0,0.0,13.8,14.0,10.0,15.0,0.0
grand_sim_v0_4,no_regime_renormalized,disturbance_heavy,0.1,0.24,federation_cluster_attack,high_stress,10,10,0,1.0,1.0,0.0,0.0,14.9,15.0,13.0,17.0,0.0
grand_sim_v0_4,no_regime_renormalized,disturbance_heavy,0.1,0.24,psi_corruption,low_stress,10,10,0,1.0,1.0,0.0,0.0,22.0,22.0,21.0,24.0,0.0
grand_sim_v0_4,no_regime_renormalized,disturbance_heavy,0.1,0.24,psi_corruption,mid_stress,10,10,0,1.0,1.0,0.0,0.0,11.2,11.0,9.0,12.0,0.0
grand_sim_v0_4,no_regime_renormalized,disturbance_heavy,0.1,0.24,psi_corruption,high_stress,10,10,0,1.0,1.0,0.0,0.0,15.7,16.0,14.0,17.0,0.0
grand_sim_v0_4,no_regime_renormalized,disturbance_heavy,0.1,0.26,async_message_loss,low_stress,10,0,10,0.0,0.0,0.0,0.0,0.0,0.0,,,0.0
grand_sim_v0_4,no_regime_renormalized,disturbance_heavy,0.1,0.26,async_message_loss,mid_stress,10,0,10,0.0,0.0,0.0,0.0,0.0,0.0,,,0.0
grand_sim_v0_4,no_regime_renormalized,disturbance_heavy,0.1,0.26,async_message_loss,high_stress,10,10,0,1.0,1.0,0.0,0.0,17.7,17.0,17.0,19.0,0.0
grand_sim_v0_4,no_regime_renormalized,disturbance_heavy,0.1,0.26,federation_bridge_stress,low_stress,10,0,10,0.0,0.0,0.0,0.0,0.0,0.0,,,0.0
grand_sim_v0_4,no_regime_renormalized,disturbance_heavy,0.1,0.26,federation_bridge_stress,mid_stress,10,0,10,0.0,0.0,0.0,0.0,0.0,0.0,,,0.0
grand_sim_v0_4,no_regime_renormalized,disturbance_heavy,0.1,0.26,federation_bridge_stress,high_stress,10,10,0,1.0,1.0,0.0,0.0,11.4,11.0,10.0,12.0,0.0
grand_sim_v0_4,no_regime_renormalized,disturbance_heavy,0.1,0.26,federation_cluster_attack,low_stress,10,10,0,1.0,1.0,0.0,0.0,21.9,22.0,17.0,24.0,0.0
grand_sim_v0_4,no_regime_renormalized,disturbance_heavy,0.1,0.26,federation_cluster_attack,mid_stress,10,10,0,1.0,1.0,0.0,0.0,12.1,12.0,9.0,14.0,0.0
grand_sim_v0_4,no_regime_renormalized,disturbance_heavy,0.1,0.26,federation_cluster_attack,high_stress,10,10,0,1.0,1.0,0.0,0.0,11.4,11.0,10.0,13.0,0.0
grand_sim_v0_4,no_regime_renormalized,disturbance_heavy,0.1,0.26,psi_corruption,low_stress,10,10,0,1.0,1.0,0.0,0.0,18.8,18.0,18.0,21.0,0.0
grand_sim_v0_4,no_regime_renormalized,disturbance_heavy,0.1,0.26,psi_corruption,mid_stress,10,10,0,1.0,1.0,0.0,0.0,10.0,10.0,7.0,11.0,0.0
grand_sim_v0_4,no_regime_renormalized,disturbance_heavy,0.1,0.26,psi_corruption,high_stress,10,10,0,1.0,1.0,0.0,0.0,11.9,12.0,11.0,13.0,0.0
grand_sim_v0_4,no_regime_renormalized,disturbance_heavy,0.1,0.28,async_message_loss,low_stress,10,0,10,0.0,0.0,0.0,0.0,0.0,0.0,,,0.0
grand_sim_v0_4,no_regime_renormalized,disturbance_heavy,0.1,0.28,async_message_loss,mid_stress,10,0,10,0.0,0.0,0.0,0.0,0.0,0.0,,,0.0
grand_sim_v0_4,no_regime_renormalized,disturbance_heavy,0.1,0.28,async_message_loss,high_stress,10,10,0,1.0,1.0,0.0,0.0,14.5,14.0,13.0,16.0,0.0
grand_sim_v0_4,no_regime_renormalized,disturbance_heavy,0.1,0.28,federation_bridge_stress,low_stress,10,0,10,0.0,0.0,0.0,0.0,0.0,0.0,,,0.0
grand_sim_v0_4,no_regime_renormalized,disturbance_heavy,0.1,0.28,federation_bridge_stress,mid_stress,10,0,10,0.0,0.0,0.0,0.0,0.0,0.0,,,0.0
grand_sim_v0_4,no_regime_renormalized,disturbance_heavy,0.1,0.28,federation_bridge_stress,high_stress,10,10,0,1.0,1.0,0.0,0.0,8.9,9.0,8.0,10.0,0.0
grand_sim_v0_4,no_regime_renormalized,disturbance_heavy,0.1,0.28,federation_cluster_attack,low_stress,10,10,0,1.0,1.0,0.0,0.0,19.5,20.0,15.0,22.0,0.0
grand_sim_v0_4,no_regime_renormalized,disturbance_heavy,0.1,0.28,federation_cluster_attack,mid_stress,10,10,0,1.0,1.0,0.0,0.0,10.7,11.0,7.0,12.0,0.0
grand_sim_v0_4,no_regime_renormalized,disturbance_heavy,0.1,0.28,federation_cluster_attack,high_stress,10,10,0,1.0,1.0,0.0,0.0,9.1,9.0,8.0,10.0,0.0
grand_sim_v0_4,no_regime_renormalized,disturbance_heavy,0.1,0.28,psi_corruption,low_stress,10,10,0,1.0,1.0,0.0,0.0,16.2,16.0,15.0,18.0,0.0
grand_sim_v0_4,no_regime_renormalized,disturbance_heavy,0.1,0.28,psi_corruption,mid_stress,10,10,0,1.0,1.0,0.0,0.0,8.7,9.0,6.0,10.0,0.0
grand_sim_v0_4,no_regime_renormalized,disturbance_heavy,0.1,0.28,psi_corruption,high_stress,10,10,0,1.0,1.0,0.0,0.0,9.2,9.0,8.0,11.0,0.0
grand_sim_v0_4,no_regime_renormalized,disturbance_heavy,0.1,0.3,async_message_loss,low_stress,10,0,10,0.0,0.0,0.0,0.0,0.0,0.0,,,0.0
grand_sim_v0_4,no_regime_renormalized,disturbance_heavy,0.1,0.3,async_message_loss,mid_stress,10,0,10,0.0,0.0,0.0,0.0,0.0,0.0,,,0.0
grand_sim_v0_4,no_regime_renormalized,disturbance_heavy,0.1,0.3,async_message_loss,high_stress,10,10,0,1.0,1.0,0.0,0.0,12.3,12.0,11.0,13.0,0.0
grand_sim_v0_4,no_regime_renormalized,disturbance_heavy,0.1,0.3,federation_bridge_stress,low_stress,10,0,10,0.0,0.0,0.0,0.0,0.0,0.0,,,0.0
grand_sim_v0_4,no_regime_renormalized,disturbance_heavy,0.1,0.3,federation_bridge_stress,mid_stress,10,0,10,0.0,0.0,0.0,0.0,0.0,0.0,,,0.0
grand_sim_v0_4,no_regime_renormalized,disturbance_heavy,0.1,0.3,federation_bridge_stress,high_stress,10,10,0,1.0,1.0,0.0,0.0,7.0,7.0,6.0,8.0,0.0
grand_sim_v0_4,no_regime_renormalized,disturbance_heavy,0.1,0.3,federation_cluster_attack,low_stress,10,10,0,1.0,1.0,0.0,0.0,17.1,18.0,13.0,19.0,0.0
grand_sim_v0_4,no_regime_renormalized,disturbance_heavy,0.1,0.3,federation_cluster_attack,mid_stress,10,10,0,1.0,1.0,0.0,0.0,9.4,9.0,6.0,11.0,0.0
grand_sim_v0_4,no_regime_renormalized,disturbance_heavy,0.1,0.3,federation_cluster_attack,high_stress,10,10,0,1.0,1.0,0.0,0.0,7.1,7.0,6.0,8.0,0.0
grand_sim_v0_4,no_regime_renormalized,disturbance_heavy,0.1,0.3,psi_corruption,low_stress,10,10,0,1.0,1.0,0.0,0.0,14.3,14.0,13.0,16.0,0.0
grand_sim_v0_4,no_regime_renormalized,disturbance_heavy,0.1,0.3,psi_corruption,mid_stress,10,10,0,1.0,1.0,0.0,0.0,7.6,8.0,5.0,9.0,0.0
grand_sim_v0_4,no_regime_renormalized,disturbance_heavy,0.1,0.3,psi_corruption,high_stress,10,10,0,1.0,1.0,0.0,0.0,7.4,7.0,6.0,9.0,0.0
grand_sim_v0_4,no_regime_renormalized,disturbance_heavy,0.1,0.32,async_message_loss,low_stress,10,0,10,0.0,0.0,0.0,0.0,0.0,0.0,,,0.0
grand_sim_v0_4,no_regime_renormalized,disturbance_heavy,0.1,0.32,async_message_loss,mid_stress,10,0,10,0.0,0.0,0.0,0.0,0.0,0.0,,,0.0
grand_sim_v0_4,no_regime_renormalized,disturbance_heavy,0.1,0.32,async_message_loss,high_stress,10,10,0,1.0,1.0,0.0,0.0,10.3,10.0,9.0,12.0,0.0
grand_sim_v0_4,no_regime_renormalized,disturbance_heavy,0.1,0.32,federation_bridge_stress,low_stress,10,0,10,0.0,0.0,0.0,0.0,0.0,0.0,,,0.0
grand_sim_v0_4,no_regime_renormalized,disturbance_heavy,0.1,0.32,federation_bridge_stress,mid_stress,10,0,10,0.0,0.0,0.0,0.0,0.0,0.0,,,0.0
grand_sim_v0_4,no_regime_renormalized,disturbance_heavy,0.1,0.32,federation_bridge_stress,high_stress,10,10,0,1.0,1.0,0.0,0.0,5.6,6.0,4.0,7.0,0.0
grand_sim_v0_4,no_regime_renormalized,disturbance_heavy,0.1,0.32,federation_cluster_attack,low_stress,10,10,0,1.0,1.0,0.0,0.0,14.7,15.0,11.0,17.0,0.0
grand_sim_v0_4,no_regime_renormalized,disturbance_heavy,0.1,0.32,federation_cluster_attack,mid_stress,10,10,0,1.0,1.0,0.0,0.0,7.9,8.0,5.0,9.0,0.0
grand_sim_v0_4,no_regime_renormalized,disturbance_heavy,0.1,0.32,federation_cluster_attack,high_stress,10,10,0,1.0,1.0,0.0,0.0,5.5,5.0,5.0,6.0,0.0
grand_sim_v0_4,no_regime_renormalized,disturbance_heavy,0.1,0.32,psi_corruption,low_stress,10,10,0,1.0,1.0,0.0,0.0,12.5,12.0,11.0,14.0,0.0
grand_sim_v0_4,no_regime_renormalized,disturbance_heavy,0.1,0.32,psi_corruption,mid_stress,10,10,0,1.0,1.0,0.0,0.0,6.6,7.0,4.0,8.0,0.0
grand_sim_v0_4,no_regime_renormalized,disturbance_heavy,0.1,0.32,psi_corruption,high_stress,10,10,0,1.0,1.0,0.0,0.0,5.9,6.0,5.0,7.0,0.0
grand_sim_v0_4,no_regime_renormalized,disturbance_heavy,0.1,0.34,async_message_loss,low_stress,10,0,10,0.0,0.0,0.0,0.0,0.0,0.0,,,0.0
grand_sim_v0_4,no_regime_renormalized,disturbance_heavy,0.1,0.34,async_message_loss,mid_stress,10,0,10,0.0,0.0,0.0,0.0,0.0,0.0,,,0.0
grand_sim_v0_4,no_regime_renormalized,disturbance_heavy,0.1,0.34,async_message_loss,high_stress,10,10,0,1.0,1.0,0.0,0.0,8.8,9.0,7.0,10.0,0.0
grand_sim_v0_4,no_regime_renormalized,disturbance_heavy,0.1,0.34,federation_bridge_stress,low_stress,10,0,10,0.0,0.0,0.0,0.0,0.0,0.0,,,0.0
grand_sim_v0_4,no_regime_renormalized,disturbance_heavy,0.1,0.34,federation_bridge_stress,mid_stress,10,0,10,0.0,0.0,0.0,0.0,0.0,0.0,,,0.0
grand_sim_v0_4,no_regime_renormalized,disturbance_heavy,0.1,0.34,federation_bridge_stress,high_stress,10,10,0,1.0,1.0,0.0,0.0,4.3,4.0,3.0,5.0,0.0
grand_sim_v0_4,no_regime_renormalized,disturbance_heavy,0.1,0.34,federation_cluster_attack,low_stress,10,10,0,1.0,1.0,0.0,0.0,12.3,13.0,7.0,15.0,0.0
grand_sim_v0_4,no_regime_renormalized,disturbance_heavy,0.1,0.34,federation_cluster_attack,mid_stress,10,10,0,1.0,1.0,0.0,0.0,5.8,6.0,4.0,7.0,0.0
grand_sim_v0_4,no_regime_renormalized,disturbance_heavy,0.1,0.34,federation_cluster_attack,high_stress,10,10,0,1.0,1.0,0.0,0.0,4.2,4.0,3.0,5.0,0.0
grand_sim_v0_4,no_regime_renormalized,disturbance_heavy,0.1,0.34,psi_corruption,low_stress,10,10,0,1.0,1.0,0.0,0.0,10.7,10.0,10.0,13.0,0.0
grand_sim_v0_4,no_regime_renormalized,disturbance_heavy,0.1,0.34,psi_corruption,mid_stress,10,10,0,1.0,1.0,0.0,0.0,5.6,6.0,3.0,7.0,0.0
grand_sim_v0_4,no_regime_renormalized,disturbance_heavy,0.1,0.34,psi_corruption,high_stress,10,10,0,1.0,1.0,0.0,0.0,4.5,4.0,3.0,6.0,0.0
grand_sim_v0_4,no_regime_renormalized,disturbance_heavy,0.1,0.36,async_message_loss,low_stress,10,0,10,0.0,0.0,0.0,0.0,0.0,0.0,,,0.0
grand_sim_v0_4,no_regime_renormalized,disturbance_heavy,0.1,0.36,async_message_loss,mid_stress,10,0,10,0.0,0.0,0.0,0.0,0.0,0.0,,,0.0
grand_sim_v0_4,no_regime_renormalized,disturbance_heavy,0.1,0.36,async_message_loss,high_stress,10,10,0,1.0,1.0,0.0,0.0,7.1,7.0,6.0,8.0,0.0
grand_sim_v0_4,no_regime_renormalized,disturbance_heavy,0.1,0.36,federation_bridge_stress,low_stress,10,0,10,0.0,0.0,0.0,0.0,0.0,0.0,,,0.0
grand_sim_v0_4,no_regime_renormalized,disturbance_heavy,0.1,0.36,federation_bridge_stress,mid_stress,10,0,10,0.0,0.0,0.0,0.0,0.0,0.0,,,0.0
grand_sim_v0_4,no_regime_renormalized,disturbance_heavy,0.1,0.36,federation_bridge_stress,high_stress,10,10,0,1.0,1.0,0.0,0.0,3.0,3.0,2.0,4.0,0.0
grand_sim_v0_4,no_regime_renormalized,disturbance_heavy,0.1,0.36,federation_cluster_attack,low_stress,10,10,0,1.0,1.0,0.0,0.0,5.6,6.0,2.0,8.0,0.0
grand_sim_v0_4,no_regime_renormalized,disturbance_heavy,0.1,0.36,federation_cluster_attack,mid_stress,10,10,0,1.0,1.0,0.0,0.0,1.5,2.0,0.0,3.0,0.0
grand_sim_v0_4,no_regime_renormalized,disturbance_heavy,0.1,0.36,federation_cluster_attack,high_stress,10,10,0,1.0,1.0,0.0,0.0,3.0,3.0,2.0,4.0,0.0
grand_sim_v0_4,no_regime_renormalized,disturbance_heavy,0.1,0.36,psi_corruption,low_stress,10,10,0,1.0,1.0,0.0,0.0,5.4,5.0,4.0,8.0,0.0
grand_sim_v0_4,no_regime_renormalized,disturbance_heavy,0.1,0.36,psi_corruption,mid_stress,10,10,0,1.0,1.0,0.0,0.0,1.9,2.0,0.0,4.0,0.0
grand_sim_v0_4,no_regime_renormalized,disturbance_heavy,0.1,0.36,psi_corruption,high_stress,10,10,0,1.0,1.0,0.0,0.0,3.4,3.0,2.0,5.0,0.0
grand_sim_v0_4,no_regime_renormalized,disturbance_heavy,0.1,0.38,async_message_loss,low_stress,10,0,10,0.0,0.0,0.0,0.0,0.0,0.0,,,0.0
grand_sim_v0_4,no_regime_renormalized,disturbance_heavy,0.1,0.38,async_message_loss,mid_stress,10,0,10,0.0,0.0,0.0,0.0,0.0,0.0,,,0.0
grand_sim_v0_4,no_regime_renormalized,disturbance_heavy,0.1,0.38,async_message_loss,high_stress,10,10,0,1.0,1.0,0.0,0.0,6.0,6.0,5.0,7.0,0.0
grand_sim_v0_4,no_regime_renormalized,disturbance_heavy,0.1,0.38,federation_bridge_stress,low_stress,10,0,10,0.0,0.0,0.0,0.0,0.0,0.0,,,0.0
grand_sim_v0_4,no_regime_renormalized,disturbance_heavy,0.1,0.38,federation_bridge_stress,mid_stress,10,0,10,0.0,0.0,0.0,0.0,0.0,0.0,,,0.0
grand_sim_v0_4,no_regime_renormalized,disturbance_heavy,0.1,0.38,federation_bridge_stress,high_stress,10,10,0,1.0,1.0,0.0,0.0,2.0,2.0,1.0,3.0,0.0
grand_sim_v0_4,no_regime_renormalized,disturbance_heavy,0.1,0.38,federation_cluster_attack,low_stress,10,10,0,0.9,0.0,0.1,0.0,0.0,0.0,,,10.444444
grand_sim_v0_4,no_regime_renormalized,disturbance_heavy,0.1,0.38,federation_cluster_attack,mid_stress,10,10,0,1.0,0.0,0.0,0.0,0.0,0.0,,,2.8
grand_sim_v0_4,no_regime_renormalized,disturbance_heavy,0.1,0.38,federation_cluster_attack,high_stress,10,10,0,1.0,1.0,0.0,0.0,2.0,2.0,1.0,3.0,0.0
grand_sim_v0_4,no_regime_renormalized,disturbance_heavy,0.1,0.38,psi_corruption,low_stress,10,10,0,1.0,0.0,0.0,0.0,0.0,0.0,,,5.7
grand_sim_v0_4,no_regime_renormalized,disturbance_heavy,0.1,0.38,psi_corruption,mid_stress,10,10,0,1.0,0.1,0.0,0.0,0.0,0.0,0.0,0.0,2.111111
grand_sim_v0_4,no_regime_renormalized,disturbance_heavy,0.1,0.38,psi_corruption,high_stress,10,10,0,1.0,1.0,0.0,0.0,2.4,2.0,1.0,4.0,0.0
grand_sim_v0_4,no_regime_renormalized,disturbance_heavy,0.1,0.4,async_message_loss,low_stress,10,0,10,0.0,0.0,0.0,0.0,0.0,0.0,,,0.0
grand_sim_v0_4,no_regime_renormalized,disturbance_heavy,0.1,0.4,async_message_loss,mid_stress,10,0,10,0.0,0.0,0.0,0.0,0.0,0.0,,,0.0
grand_sim_v0_4,no_regime_renormalized,disturbance_heavy,0.1,0.4,async_message_loss,high_stress,10,10,0,1.0,1.0,0.0,0.0,4.9,5.0,4.0,6.0,0.0
grand_sim_v0_4,no_regime_renormalized,disturbance_heavy,0.1,0.4,federation_bridge_stress,low_stress,10,0,10,0.0,0.0,0.0,0.0,0.0,0.0,,,0.0
grand_sim_v0_4,no_regime_renormalized,disturbance_heavy,0.1,0.4,federation_bridge_stress,mid_stress,10,0,10,0.0,0.0,0.0,0.0,0.0,0.0,,,0.0
grand_sim_v0_4,no_regime_renormalized,disturbance_heavy,0.1,0.4,federation_bridge_stress,high_stress,10,10,0,1.0,1.0,0.0,0.0,1.1,1.0,0.0,2.0,0.0
grand_sim_v0_4,no_regime_renormalized,disturbance_heavy,0.1,0.4,federation_cluster_attack,low_stress,10,10,0,0.0,0.0,1.0,0.0,0.0,0.0,,,0.0
grand_sim_v0_4,no_regime_renormalized,disturbance_heavy,0.1,0.4,federation_cluster_attack,mid_stress,10,10,0,1.0,0.0,0.0,0.0,0.0,0.0,,,6.2
grand_sim_v0_4,no_regime_renormalized,disturbance_heavy,0.1,0.4,federation_cluster_attack,high_stress,10,10,0,1.0,1.0,0.0,0.0,1.1,1.0,0.0,2.0,0.0
grand_sim_v0_4,no_regime_renormalized,disturbance_heavy,0.1,0.4,psi_corruption,low_stress,10,10,0,0.0,0.0,1.0,0.0,0.0,0.0,,,0.0
grand_sim_v0_4,no_regime_renormalized,disturbance_heavy,0.1,0.4,psi_corruption,mid_stress,10,10,0,1.0,0.0,0.0,0.0,0.0,0.0,,,6.4
grand_sim_v0_4,no_regime_renormalized,disturbance_heavy,0.1,0.4,psi_corruption,high_stress,10,10,0,1.0,1.0,0.0,0.0,1.4,1.0,0.0,3.0,0.0
grand_sim_v0_4,no_regime_renormalized,disturbance_heavy,0.1,0.42,async_message_loss,low_stress,10,0,10,0.0,0.0,0.0,0.0,0.0,0.0,,,0.0
grand_sim_v0_4,no_regime_renormalized,disturbance_heavy,0.1,0.42,async_message_loss,mid_stress,10,0,10,0.0,0.0,0.0,0.0,0.0,0.0,,,0.0
grand_sim_v0_4,no_regime_renormalized,disturbance_heavy,0.1,0.42,async_message_loss,high_stress,10,10,0,1.0,1.0,0.0,0.0,3.5,3.0,2.0,5.0,0.0
grand_sim_v0_4,no_regime_renormalized,disturbance_heavy,0.1,0.42,federation_bridge_stress,low_stress,10,0,10,0.0,0.0,0.0,0.0,0.0,0.0,,,0.0
grand_sim_v0_4,no_regime_renormalized,disturbance_heavy,0.1,0.42,federation_bridge_stress,mid_stress,10,0,10,0.0,0.0,0.0,0.0,0.0,0.0,,,0.0
grand_sim_v0_4,no_regime_renormalized,disturbance_heavy,0.1,0.42,federation_bridge_stress,high_stress,10,10,0,1.0,0.9,0.0,0.0,0.333333,0.0,0.0,1.0,1.0
grand_sim_v0_4,no_regime_renormalized,disturbance_heavy,0.1,0.42,federation_cluster_attack,low_stress,10,10,0,0.0,0.0,1.0,0.0,0.0,0.0,,,0.0
grand_sim_v0_4,no_regime_renormalized,disturbance_heavy,0.1,0.42,federation_cluster_attack,mid_stress,10,10,0,1.0,0.0,0.0,0.0,0.0,0.0,,,9.4
grand_sim_v0_4,no_regime_renormalized,disturbance_heavy,0.1,0.42,federation_cluster_attack,high_stress,10,10,0,1.0,0.8,0.0,0.0,0.5,1.0,0.0,1.0,1.0
grand_sim_v0_4,no_regime_renormalized,disturbance_heavy,0.1,0.42,psi_corruption,low_stress,10,10,0,0.0,0.0,1.0,0.0,0.0,0.0,,,0.0
grand_sim_v0_4,no_regime_renormalized,disturbance_heavy,0.1,0.42,psi_corruption,mid_stress,10,10,0,1.0,0.0,0.0,0.0,0.0,0.0,,,11.3
grand_sim_v0_4,no_regime_renormalized,disturbance_heavy,0.1,0.42,psi_corruption,high_stress,10,10,0,1.0,0.9,0.0,0.0,0.666667,1.0,0.0,2.0,1.0
grand_sim_v0_4,no_regime_renormalized,disturbance_heavy,0.1,0.44,async_message_loss,low_stress,10,0,10,0.0,0.0,0.0,0.0,0.0,0.0,,,0.0
grand_sim_v0_4,no_regime_renormalized,disturbance_heavy,0.1,0.44,async_message_loss,mid_stress,10,0,10,0.0,0.0,0.0,0.0,0.0,0.0,,,0.0
grand_sim_v0_4,no_regime_renormalized,disturbance_heavy,0.1,0.44,async_message_loss,high_stress,10,10,0,1.0,1.0,0.0,0.0,2.2,2.0,1.0,4.0,0.0
grand_sim_v0_4,no_regime_renormalized,disturbance_heavy,0.1,0.44,federation_bridge_stress,low_stress,10,0,10,0.0,0.0,0.0,0.0,0.0,0.0,,,0.0
grand_sim_v0_4,no_regime_renormalized,disturbance_heavy,0.1,0.44,federation_bridge_stress,mid_stress,10,0,10,0.0,0.0,0.0,0.0,0.0,0.0,,,0.0
grand_sim_v0_4,no_regime_renormalized,disturbance_heavy,0.1,0.44,federation_bridge_stress,high_stress,10,10,0,1.0,0.5,0.0,0.0,0.0,0.0,0.0,0.0,1.2
grand_sim_v0_4,no_regime_renormalized,disturbance_heavy,0.1,0.44,federation_cluster_attack,low_stress,10,10,0,0.0,0.0,1.0,0.0,0.0,0.0,,,0.0
grand_sim_v0_4,no_regime_renormalized,disturbance_heavy,0.1,0.44,federation_cluster_attack,mid_stress,10,10,0,1.0,0.0,0.0,0.0,0.0,0.0,,,14.7
grand_sim_v0_4,no_regime_renormalized,disturbance_heavy,0.1,0.44,federation_cluster_attack,high_stress,10,10,0,1.0,0.4,0.0,0.0,0.0,0.0,0.0,0.0,1.0
grand_sim_v0_4,no_regime_renormalized,disturbance_heavy,0.1,0.44,psi_corruption,low_stress,10,10,0,0.0,0.0,1.0,0.0,0.0,0.0,,,0.0
grand_sim_v0_4,no_regime_renormalized,disturbance_heavy,0.1,0.44,psi_corruption,mid_stress,10,10,0,1.0,0.0,0.0,0.0,0.0,0.0,,,15.4
grand_sim_v0_4,no_regime_renormalized,disturbance_heavy,0.1,0.44,psi_corruption,high_stress,10,10,0,1.0,0.7,0.0,0.0,0.142857,0.0,0.0,1.0,1.333333
grand_sim_v0_4,no_regime_renormalized,disturbance_heavy,0.1,0.46,async_message_loss,low_stress,10,0,10,0.0,0.0,0.0,0.0,0.0,0.0,,,0.0
grand_sim_v0_4,no_regime_renormalized,disturbance_heavy,0.1,0.46,async_message_loss,mid_stress,10,0,10,0.0,0.0,0.0,0.0,0.0,0.0,,,0.0
grand_sim_v0_4,no_regime_renormalized,disturbance_heavy,0.1,0.46,async_message_loss,high_stress,10,10,0,1.0,1.0,0.0,0.0,1.1,1.0,0.0,2.0,0.0
grand_sim_v0_4,no_regime_renormalized,disturbance_heavy,0.1,0.46,federation_bridge_stress,low_stress,10,0,10,0.0,0.0,0.0,0.0,0.0,0.0,,,0.0
grand_sim_v0_4,no_regime_renormalized,disturbance_heavy,0.1,0.46,federation_bridge_stress,mid_stress,10,0,10,0.0,0.0,0.0,0.0,0.0,0.0,,,0.0
grand_sim_v0_4,no_regime_renormalized,disturbance_heavy,0.1,0.46,federation_bridge_stress,high_stress,10,10,0,1.0,0.0,0.0,0.0,0.0,0.0,,,1.3
grand_sim_v0_4,no_regime_renormalized,disturbance_heavy,0.1,0.46,federation_cluster_attack,low_stress,10,10,0,0.0,0.0,1.0,0.0,0.0,0.0,,,0.0
grand_sim_v0_4,no_regime_renormalized,disturbance_heavy,0.1,0.46,federation_cluster_attack,mid_stress,10,10,0,1.0,0.0,0.0,0.0,0.0,0.0,,,22.8
grand_sim_v0_4,no_regime_renormalized,disturbance_heavy,0.1,0.46,federation_cluster_attack,high_stress,10,10,0,1.0,0.0,0.0,0.0,0.0,0.0,,,1.6
grand_sim_v0_4,no_regime_renormalized,disturbance_heavy,0.1,0.46,psi_corruption,low_stress,10,10,0,0.0,0.0,1.0,0.0,0.0,0.0,,,0.0
grand_sim_v0_4,no_regime_renormalized,disturbance_heavy,0.1,0.46,psi_corruption,mid_stress,10,10,0,1.0,0.0,0.0,0.0,0.0,0.0,,,22.3
grand_sim_v0_4,no_regime_renormalized,disturbance_heavy,0.1,0.46,psi_corruption,high_stress,10,10,0,1.0,0.1,0.0,0.0,0.0,0.0,0.0,0.0,1.222222
grand_sim_v0_4,no_regime_renormalized,disturbance_heavy,0.1,0.48,async_message_loss,low_stress,10,0,10,0.0,0.0,0.0,0.0,0.0,0.0,,,0.0
grand_sim_v0_4,no_regime_renormalized,disturbance_heavy,0.1,0.48,async_message_loss,mid_stress,10,0,10,0.0,0.0,0.0,0.0,0.0,0.0,,,0.0
grand_sim_v0_4,no_regime_renormalized,disturbance_heavy,0.1,0.48,async_message_loss,high_stress,10,10,0,1.0,0.9,0.0,0.0,0.555556,1.0,0.0,1.0,1.0
grand_sim_v0_4,no_regime_renormalized,disturbance_heavy,0.1,0.48,federation_bridge_stress,low_stress,10,0,10,0.0,0.0,0.0,0.0,0.0,0.0,,,0.0
grand_sim_v0_4,no_regime_renormalized,disturbance_heavy,0.1,0.48,federation_bridge_stress,mid_stress,10,0,10,0.0,0.0,0.0,0.0,0.0,0.0,,,0.0
grand_sim_v0_4,no_regime_renormalized,disturbance_heavy,0.1,0.48,federation_bridge_stress,high_stress,10,10,0,1.0,0.0,0.0,0.0,0.0,0.0,,,2.3
grand_sim_v0_4,no_regime_renormalized,disturbance_heavy,0.1,0.48,federation_cluster_attack,low_stress,10,10,0,0.0,0.0,1.0,0.0,0.0,0.0,,,0.0
grand_sim_v0_4,no_regime_renormalized,disturbance_heavy,0.1,0.48,federation_cluster_attack,mid_stress,10,10,0,1.0,0.0,0.0,0.0,0.0,0.0,,,33.9
grand_sim_v0_4,no_regime_renormalized,disturbance_heavy,0.1,0.48,federation_cluster_attack,high_stress,10,10,0,1.0,0.0,0.0,0.0,0.0,0.0,,,2.5
grand_sim_v0_4,no_regime_renormalized,disturbance_heavy,0.1,0.48,psi_corruption,low_stress,10,10,0,0.0,0.0,1.0,0.0,0.0,0.0,,,0.0
grand_sim_v0_4,no_regime_renormalized,disturbance_heavy,0.1,0.48,psi_corruption,mid_stress,10,10,0,1.0,0.0,0.0,0.0,0.0,0.0,,,32.0
grand_sim_v0_4,no_regime_renormalized,disturbance_heavy,0.1,0.48,psi_corruption,high_stress,10,10,0,1.0,0.0,0.0,0.0,0.0,0.0,,,1.9
grand_sim_v0_4,no_regime_renormalized,disturbance_heavy,0.1,0.5,async_message_loss,low_stress,10,0,10,0.0,0.0,0.0,0.0,0.0,0.0,,,0.0
grand_sim_v0_4,no_regime_renormalized,disturbance_heavy,0.1,0.5,async_message_loss,mid_stress,10,0,10,0.0,0.0,0.0,0.0,0.0,0.0,,,0.0
grand_sim_v0_4,no_regime_renormalized,disturbance_heavy,0.1,0.5,async_message_loss,high_stress,10,10,0,1.0,0.4,0.0,0.0,0.0,0.0,0.0,0.0,1.166667
grand_sim_v0_4,no_regime_renormalized,disturbance_heavy,0.1,0.5,federation_bridge_stress,low_stress,10,0,10,0.0,0.0,0.0,0.0,0.0,0.0,,,0.0
grand_sim_v0_4,no_regime_renormalized,disturbance_heavy,0.1,0.5,federation_bridge_stress,mid_stress,10,0,10,0.0,0.0,0.0,0.0,0.0,0.0,,,0.0
grand_sim_v0_4,no_regime_renormalized,disturbance_heavy,0.1,0.5,federation_bridge_stress,high_stress,10,10,0,1.0,0.0,0.0,0.0,0.0,0.0,,,3.4
grand_sim_v0_4,no_regime_renormalized,disturbance_heavy,0.1,0.5,federation_cluster_attack,low_stress,10,10,0,0.0,0.0,1.0,0.0,0.0,0.0,,,0.0
grand_sim_v0_4,no_regime_renormalized,disturbance_heavy,0.1,0.5,federation_cluster_attack,mid_stress,10,10,0,0.0,0.0,1.0,0.0,0.0,0.0,,,0.0
grand_sim_v0_4,no_regime_renormalized,disturbance_heavy,0.1,0.5,federation_cluster_attack,high_stress,10,10,0,1.0,0.0,0.0,0.0,0.0,0.0,,,4.0
grand_sim_v0_4,no_regime_renormalized,disturbance_heavy,0.1,0.5,psi_corruption,low_stress,10,10,0,0.0,0.0,1.0,0.0,0.0,0.0,,,0.0
grand_sim_v0_4,no_regime_renormalized,disturbance_heavy,0.1,0.5,psi_corruption,mid_stress,10,10,0,1.0,0.0,0.0,0.0,0.0,0.0,,,45.9
grand_sim_v0_4,no_regime_renormalized,disturbance_heavy,0.1,0.5,psi_corruption,high_stress,10,10,0,1.0,0.0,0.0,0.0,0.0,0.0,,,3.0
grand_sim_v0_4,no_regime_renormalized,disturbance_heavy,0.1,0.52,async_message_loss,low_stress,10,0,10,0.0,0.0,0.0,0.0,0.0,0.0,,,0.0
grand_sim_v0_4,no_regime_renormalized,disturbance_heavy,0.1,0.52,async_message_loss,mid_stress,10,0,10,0.0,0.0,0.0,0.0,0.0,0.0,,,0.0
grand_sim_v0_4,no_regime_renormalized,disturbance_heavy,0.1,0.52,async_message_loss,high_stress,10,10,0,1.0,0.0,0.0,0.0,0.0,0.0,,,1.9
grand_sim_v0_4,no_regime_renormalized,disturbance_heavy,0.1,0.52,federation_bridge_stress,low_stress,10,0,10,0.0,0.0,0.0,0.0,0.0,0.0,,,0.0
grand_sim_v0_4,no_regime_renormalized,disturbance_heavy,0.1,0.52,federation_bridge_stress,mid_stress,10,0,10,0.0,0.0,0.0,0.0,0.0,0.0,,,0.0
grand_sim_v0_4,no_regime_renormalized,disturbance_heavy,0.1,0.52,federation_bridge_stress,high_stress,10,10,0,1.0,0.0,0.0,0.0,0.0,0.0,,,4.9
grand_sim_v0_4,no_regime_renormalized,disturbance_heavy,0.1,0.52,federation_cluster_attack,low_stress,10,10,0,0.0,0.0,1.0,0.0,0.0,0.0,,,0.0
grand_sim_v0_4,no_regime_renormalized,disturbance_heavy,0.1,0.52,federation_cluster_attack,mid_stress,10,10,0,0.0,0.0,1.0,0.0,0.0,0.0,,,0.0
grand_sim_v0_4,no_regime_renormalized,disturbance_heavy,0.1,0.52,federation_cluster_attack,high_stress,10,10,0,1.0,0.0,0.0,0.0,0.0,0.0,,,5.8
grand_sim_v0_4,no_regime_renormalized,disturbance_heavy,0.1,0.52,psi_corruption,low_stress,10,10,0,0.0,0.0,1.0,0.0,0.0,0.0,,,0.0
grand_sim_v0_4,no_regime_renormalized,disturbance_heavy,0.1,0.52,psi_corruption,mid_stress,10,10,0,0.0,0.0,1.0,0.0,0.0,0.0,,,0.0
grand_sim_v0_4,no_regime_renormalized,disturbance_heavy,0.1,0.52,psi_corruption,high_stress,10,10,0,1.0,0.0,0.0,0.0,0.0,0.0,,,4.1
grand_sim_v0_4,no_regime_renormalized,disturbance_heavy,0.1,0.54,async_message_loss,low_stress,10,0,10,0.0,0.0,0.0,0.0,0.0,0.0,,,0.0
grand_sim_v0_4,no_regime_renormalized,disturbance_heavy,0.1,0.54,async_message_loss,mid_stress,10,0,10,0.0,0.0,0.0,0.0,0.0,0.0,,,0.0
grand_sim_v0_4,no_regime_renormalized,disturbance_heavy,0.1,0.54,async_message_loss,high_stress,10,10,0,1.0,0.0,0.0,0.0,0.0,0.0,,,3.3
grand_sim_v0_4,no_regime_renormalized,disturbance_heavy,0.1,0.54,federation_bridge_stress,low_stress,10,0,10,0.0,0.0,0.0,0.0,0.0,0.0,,,0.0
grand_sim_v0_4,no_regime_renormalized,disturbance_heavy,0.1,0.54,federation_bridge_stress,mid_stress,10,0,10,0.0,0.0,0.0,0.0,0.0,0.0,,,0.0
grand_sim_v0_4,no_regime_renormalized,disturbance_heavy,0.1,0.54,federation_bridge_stress,high_stress,10,10,0,1.0,0.0,0.0,0.0,0.0,0.0,,,6.2
grand_sim_v0_4,no_regime_renormalized,disturbance_heavy,0.1,0.54,federation_cluster_attack,low_stress,10,10,0,0.0,0.0,1.0,0.0,0.0,0.0,,,0.0
grand_sim_v0_4,no_regime_renormalized,disturbance_heavy,0.1,0.54,federation_cluster_attack,mid_stress,10,10,0,0.0,0.0,1.0,0.0,0.0,0.0,,,0.0
grand_sim_v0_4,no_regime_renormalized,disturbance_heavy,0.1,0.54,federation_cluster_attack,high_stress,10,10,0,1.0,0.0,0.0,0.0,0.0,0.0,,,7.7
grand_sim_v0_4,no_regime_renormalized,disturbance_heavy,0.1,0.54,psi_corruption,low_stress,10,10,0,0.0,0.0,1.0,0.0,0.0,0.0,,,0.0
grand_sim_v0_4,no_regime_renormalized,disturbance_heavy,0.1,0.54,psi_corruption,mid_stress,10,10,0,0.0,0.0,1.0,0.0,0.0,0.0,,,0.0
grand_sim_v0_4,no_regime_renormalized,disturbance_heavy,0.1,0.54,psi_corruption,high_stress,10,10,0,1.0,0.0,0.0,0.0,0.0,0.0,,,5.9
grand_sim_v0_4,no_regime_renormalized,disturbance_heavy,0.1,0.56,async_message_loss,low_stress,10,0,10,0.0,0.0,0.0,0.0,0.0,0.0,,,0.0
grand_sim_v0_4,no_regime_renormalized,disturbance_heavy,0.1,0.56,async_message_loss,mid_stress,10,0,10,0.0,0.0,0.0,0.0,0.0,0.0,,,0.0
grand_sim_v0_4,no_regime_renormalized,disturbance_heavy,0.1,0.56,async_message_loss,high_stress,10,10,0,1.0,0.0,0.0,0.0,0.0,0.0,,,5.0
grand_sim_v0_4,no_regime_renormalized,disturbance_heavy,0.1,0.56,federation_bridge_stress,low_stress,10,0,10,0.0,0.0,0.0,0.0,0.0,0.0,,,0.0
grand_sim_v0_4,no_regime_renormalized,disturbance_heavy,0.1,0.56,federation_bridge_stress,mid_stress,10,0,10,0.0,0.0,0.0,0.0,0.0,0.0,,,0.0
grand_sim_v0_4,no_regime_renormalized,disturbance_heavy,0.1,0.56,federation_bridge_stress,high_stress,10,10,0,1.0,0.0,0.0,0.0,0.0,0.0,,,7.9
grand_sim_v0_4,no_regime_renormalized,disturbance_heavy,0.1,0.56,federation_cluster_attack,low_stress,10,10,0,0.0,0.0,1.0,0.0,0.0,0.0,,,0.0
grand_sim_v0_4,no_regime_renormalized,disturbance_heavy,0.1,0.56,federation_cluster_attack,mid_stress,10,10,0,0.0,0.0,1.0,0.0,0.0,0.0,,,0.0
grand_sim_v0_4,no_regime_renormalized,disturbance_heavy,0.1,0.56,federation_cluster_attack,high_stress,10,10,0,1.0,0.0,0.0,0.0,0.0,0.0,,,9.0
grand_sim_v0_4,no_regime_renormalized,disturbance_heavy,0.1,0.56,psi_corruption,low_stress,10,10,0,0.0,0.0,1.0,0.0,0.0,0.0,,,0.0
grand_sim_v0_4,no_regime_renormalized,disturbance_heavy,0.1,0.56,psi_corruption,mid_stress,10,10,0,0.0,0.0,1.0,0.0,0.0,0.0,,,0.0
grand_sim_v0_4,no_regime_renormalized,disturbance_heavy,0.1,0.56,psi_corruption,high_stress,10,10,0,1.0,0.0,0.0,0.0,0.0,0.0,,,8.6
grand_sim_v0_4,no_regime_renormalized,disturbance_heavy,0.1,0.58,async_message_loss,low_stress,10,0,10,0.0,0.0,0.0,0.0,0.0,0.0,,,0.0
grand_sim_v0_4,no_regime_renormalized,disturbance_heavy,0.1,0.58,async_message_loss,mid_stress,10,0,10,0.0,0.0,0.0,0.0,0.0,0.0,,,0.0
grand_sim_v0_4,no_regime_renormalized,disturbance_heavy,0.1,0.58,async_message_loss,high_stress,10,10,0,1.0,0.0,0.0,0.0,0.0,0.0,,,7.0
grand_sim_v0_4,no_regime_renormalized,disturbance_heavy,0.1,0.58,federation_bridge_stress,low_stress,10,0,10,0.0,0.0,0.0,0.0,0.0,0.0,,,0.0
grand_sim_v0_4,no_regime_renormalized,disturbance_heavy,0.1,0.58,federation_bridge_stress,mid_stress,10,0,10,0.0,0.0,0.0,0.0,0.0,0.0,,,0.0
grand_sim_v0_4,no_regime_renormalized,disturbance_heavy,0.1,0.58,federation_bridge_stress,high_stress,10,10,0,1.0,0.0,0.0,0.0,0.0,0.0,,,10.0
grand_sim_v0_4,no_regime_renormalized,disturbance_heavy,0.1,0.58,federation_cluster_attack,low_stress,10,10,0,0.0,0.0,1.0,0.0,0.0,0.0,,,0.0
grand_sim_v0_4,no_regime_renormalized,disturbance_heavy,0.1,0.58,federation_cluster_attack,mid_stress,10,10,0,0.0,0.0,1.0,0.0,0.0,0.0,,,0.0
grand_sim_v0_4,no_regime_renormalized,disturbance_heavy,0.1,0.58,federation_cluster_attack,high_stress,10,10,0,1.0,0.0,0.0,0.0,0.0,0.0,,,10.0
grand_sim_v0_4,no_regime_renormalized,disturbance_heavy,0.1,0.58,psi_corruption,low_stress,10,10,0,0.0,0.0,1.0,0.0,0.0,0.0,,,0.0
grand_sim_v0_4,no_regime_renormalized,disturbance_heavy,0.1,0.58,psi_corruption,mid_stress,10,10,0,0.0,0.0,1.0,0.0,0.0,0.0,,,0.0
grand_sim_v0_4,no_regime_renormalized,disturbance_heavy,0.1,0.58,psi_corruption,high_stress,10,10,0,1.0,0.0,0.0,0.0,0.0,0.0,,,10.5
grand_sim_v0_4,no_regime_renormalized,disturbance_heavy,0.1,0.6,async_message_loss,low_stress,10,0,10,0.0,0.0,0.0,0.0,0.0,0.0,,,0.0
grand_sim_v0_4,no_regime_renormalized,disturbance_heavy,0.1,0.6,async_message_loss,mid_stress,10,0,10,0.0,0.0,0.0,0.0,0.0,0.0,,,0.0
grand_sim_v0_4,no_regime_renormalized,disturbance_heavy,0.1,0.6,async_message_loss,high_stress,10,10,0,1.0,0.0,0.0,0.0,0.0,0.0,,,9.6
grand_sim_v0_4,no_regime_renormalized,disturbance_heavy,0.1,0.6,federation_bridge_stress,low_stress,10,0,10,0.0,0.0,0.0,0.0,0.0,0.0,,,0.0
grand_sim_v0_4,no_regime_renormalized,disturbance_heavy,0.1,0.6,federation_bridge_stress,mid_stress,10,0,10,0.0,0.0,0.0,0.0,0.0,0.0,,,0.0
grand_sim_v0_4,no_regime_renormalized,disturbance_heavy,0.1,0.6,federation_bridge_stress,high_stress,10,10,0,1.0,0.0,0.0,0.0,0.0,0.0,,,12.5
grand_sim_v0_4,no_regime_renormalized,disturbance_heavy,0.1,0.6,federation_cluster_attack,low_stress,10,10,0,0.0,0.0,1.0,0.0,0.0,0.0,,,0.0
grand_sim_v0_4,no_regime_renormalized,disturbance_heavy,0.1,0.6,federation_cluster_attack,mid_stress,10,10,0,0.0,0.0,1.0,0.0,0.0,0.0,,,0.0
grand_sim_v0_4,no_regime_renormalized,disturbance_heavy,0.1,0.6,federation_cluster_attack,high_stress,10,10,0,1.0,0.0,0.0,0.0,0.0,0.0,,,11.2
grand_sim_v0_4,no_regime_renormalized,disturbance_heavy,0.1,0.6,psi_corruption,low_stress,10,10,0,0.0,0.0,1.0,0.0,0.0,0.0,,,0.0
grand_sim_v0_4,no_regime_renormalized,disturbance_heavy,0.1,0.6,psi_corruption,mid_stress,10,10,0,0.0,0.0,1.0,0.0,0.0,0.0,,,0.0
grand_sim_v0_4,no_regime_renormalized,disturbance_heavy,0.1,0.6,psi_corruption,high_stress,10,10,0,1.0,0.0,0.0,0.0,0.0,0.0,,,11.9
grand_sim_v0_4,with_regime_original,stability_heavy,0.1,0.1,async_message_loss,low_stress,10,0,10,0.0,0.0,0.0,1.0,0.0,0.0,,,0.0
grand_sim_v0_4,with_regime_original,stability_heavy,0.1,0.1,async_message_loss,mid_stress,10,0,10,0.0,0.0,0.0,1.0,0.0,0.0,,,0.0
grand_sim_v0_4,with_regime_original,stability_heavy,0.1,0.1,async_message_loss,high_stress,10,10,0,1.0,1.0,0.0,0.0,31.4,31.0,29.0,33.0,0.0
grand_sim_v0_4,with_regime_original,stability_heavy,0.1,0.1,federation_bridge_stress,low_stress,10,0,10,0.0,0.0,0.0,1.0,0.0,0.0,,,0.0
grand_sim_v0_4,with_regime_original,stability_heavy,0.1,0.1,federation_bridge_stress,mid_stress,10,0,10,0.0,0.0,0.0,1.0,0.0,0.0,,,0.0
grand_sim_v0_4,with_regime_original,stability_heavy,0.1,0.1,federation_bridge_stress,high_stress,10,10,0,1.0,1.0,0.0,0.0,24.7,24.0,23.0,27.0,0.0
grand_sim_v0_4,with_regime_original,stability_heavy,0.1,0.1,federation_cluster_attack,low_stress,10,10,0,1.0,1.0,0.0,0.0,97.2,98.0,92.0,99.0,0.0
grand_sim_v0_4,with_regime_original,stability_heavy,0.1,0.1,federation_cluster_attack,mid_stress,10,10,0,1.0,1.0,0.0,0.0,65.9,66.0,62.0,67.0,0.0
grand_sim_v0_4,with_regime_original,stability_heavy,0.1,0.1,federation_cluster_attack,high_stress,10,10,0,1.0,1.0,0.0,0.0,26.5,27.0,25.0,28.0,0.0
grand_sim_v0_4,with_regime_original,stability_heavy,0.1,0.1,psi_corruption,low_stress,10,10,0,1.0,1.0,0.0,0.0,87.1,87.0,86.0,88.0,0.0
grand_sim_v0_4,with_regime_original,stability_heavy,0.1,0.1,psi_corruption,mid_stress,10,10,0,1.0,1.0,0.0,0.0,59.9,60.0,57.0,61.0,0.0
grand_sim_v0_4,with_regime_original,stability_heavy,0.1,0.1,psi_corruption,high_stress,10,10,0,1.0,1.0,0.0,0.0,24.6,24.0,23.0,27.0,0.0
grand_sim_v0_4,with_regime_original,stability_heavy,0.1,0.12,async_message_loss,low_stress,10,0,10,0.0,0.0,0.0,1.0,0.0,0.0,,,0.0
grand_sim_v0_4,with_regime_original,stability_heavy,0.1,0.12,async_message_loss,mid_stress,10,0,10,0.0,0.0,0.0,1.0,0.0,0.0,,,0.0
grand_sim_v0_4,with_regime_original,stability_heavy,0.1,0.12,async_message_loss,high_stress,10,10,0,1.0,1.0,0.0,0.0,31.4,31.0,29.0,33.0,0.0
grand_sim_v0_4,with_regime_original,stability_heavy,0.1,0.12,federation_bridge_stress,low_stress,10,0,10,0.0,0.0,0.0,1.0,0.0,0.0,,,0.0
grand_sim_v0_4,with_regime_original,stability_heavy,0.1,0.12,federation_bridge_stress,mid_stress,10,0,10,0.0,0.0,0.0,1.0,0.0,0.0,,,0.0
grand_sim_v0_4,with_regime_original,stability_heavy,0.1,0.12,federation_bridge_stress,high_stress,10,10,0,1.0,1.0,0.0,0.0,24.7,24.0,23.0,27.0,0.0
grand_sim_v0_4,with_regime_original,stability_heavy,0.1,0.12,federation_cluster_attack,low_stress,10,10,0,1.0,1.0,0.0,0.0,97.2,98.0,92.0,99.0,0.0
grand_sim_v0_4,with_regime_original,stability_heavy,0.1,0.12,federation_cluster_attack,mid_stress,10,10,0,1.0,1.0,0.0,0.0,65.9,66.0,62.0,67.0,0.0
grand_sim_v0_4,with_regime_original,stability_heavy,0.1,0.12,federation_cluster_attack,high_stress,10,10,0,1.0,1.0,0.0,0.0,26.5,27.0,25.0,28.0,0.0
grand_sim_v0_4,with_regime_original,stability_heavy,0.1,0.12,psi_corruption,low_stress,10,10,0,1.0,1.0,0.0,0.0,87.1,87.0,86.0,88.0,0.0
grand_sim_v0_4,with_regime_original,stability_heavy,0.1,0.12,psi_corruption,mid_stress,10,10,0,1.0,1.0,0.0,0.0,59.9,60.0,57.0,61.0,0.0
grand_sim_v0_4,with_regime_original,stability_heavy,0.1,0.12,psi_corruption,high_stress,10,10,0,1.0,1.0,0.0,0.0,24.6,24.0,23.0,27.0,0.0
grand_sim_v0_4,with_regime_original,stability_heavy,0.1,0.14,async_message_loss,low_stress,10,0,10,0.0,0.0,0.0,1.0,0.0,0.0,,,0.0
grand_sim_v0_4,with_regime_original,stability_heavy,0.1,0.14,async_message_loss,mid_stress,10,0,10,0.0,0.0,0.0,1.0,0.0,0.0,,,0.0
grand_sim_v0_4,with_regime_original,stability_heavy,0.1,0.14,async_message_loss,high_stress,10,10,0,1.0,1.0,0.0,0.0,31.4,31.0,29.0,33.0,0.0
grand_sim_v0_4,with_regime_original,stability_heavy,0.1,0.14,federation_bridge_stress,low_stress,10,0,10,0.0,0.0,0.0,1.0,0.0,0.0,,,0.0
grand_sim_v0_4,with_regime_original,stability_heavy,0.1,0.14,federation_bridge_stress,mid_stress,10,0,10,0.0,0.0,0.0,1.0,0.0,0.0,,,0.0
grand_sim_v0_4,with_regime_original,stability_heavy,0.1,0.14,federation_bridge_stress,high_stress,10,10,0,1.0,1.0,0.0,0.0,24.7,24.0,23.0,27.0,0.0
grand_sim_v0_4,with_regime_original,stability_heavy,0.1,0.14,federation_cluster_attack,low_stress,10,10,0,1.0,1.0,0.0,0.0,97.2,98.0,92.0,99.0,0.0
grand_sim_v0_4,with_regime_original,stability_heavy,0.1,0.14,federation_cluster_attack,mid_stress,10,10,0,1.0,1.0,0.0,0.0,65.9,66.0,62.0,67.0,0.0
grand_sim_v0_4,with_regime_original,stability_heavy,0.1,0.14,federation_cluster_attack,high_stress,10,10,0,1.0,1.0,0.0,0.0,26.5,27.0,25.0,28.0,0.0
grand_sim_v0_4,with_regime_original,stability_heavy,0.1,0.14,psi_corruption,low_stress,10,10,0,1.0,1.0,0.0,0.0,87.1,87.0,86.0,88.0,0.0
grand_sim_v0_4,with_regime_original,stability_heavy,0.1,0.14,psi_corruption,mid_stress,10,10,0,1.0,1.0,0.0,0.0,59.9,60.0,57.0,61.0,0.0
grand_sim_v0_4,with_regime_original,stability_heavy,0.1,0.14,psi_corruption,high_stress,10,10,0,1.0,1.0,0.0,0.0,24.6,24.0,23.0,27.0,0.0
grand_sim_v0_4,with_regime_original,stability_heavy,0.1,0.16,async_message_loss,low_stress,10,0,10,0.0,0.0,0.0,1.0,0.0,0.0,,,0.0
grand_sim_v0_4,with_regime_original,stability_heavy,0.1,0.16,async_message_loss,mid_stress,10,0,10,0.0,0.0,0.0,1.0,0.0,0.0,,,0.0
grand_sim_v0_4,with_regime_original,stability_heavy,0.1,0.16,async_message_loss,high_stress,10,10,0,1.0,1.0,0.0,0.0,31.4,31.0,29.0,33.0,0.0
grand_sim_v0_4,with_regime_original,stability_heavy,0.1,0.16,federation_bridge_stress,low_stress,10,0,10,0.0,0.0,0.0,1.0,0.0,0.0,,,0.0
grand_sim_v0_4,with_regime_original,stability_heavy,0.1,0.16,federation_bridge_stress,mid_stress,10,0,10,0.0,0.0,0.0,1.0,0.0,0.0,,,0.0
grand_sim_v0_4,with_regime_original,stability_heavy,0.1,0.16,federation_bridge_stress,high_stress,10,10,0,1.0,1.0,0.0,0.0,24.7,24.0,23.0,27.0,0.0
grand_sim_v0_4,with_regime_original,stability_heavy,0.1,0.16,federation_cluster_attack,low_stress,10,10,0,1.0,1.0,0.0,0.0,97.2,98.0,92.0,99.0,0.0
grand_sim_v0_4,with_regime_original,stability_heavy,0.1,0.16,federation_cluster_attack,mid_stress,10,10,0,1.0,1.0,0.0,0.0,65.9,66.0,62.0,67.0,0.0
grand_sim_v0_4,with_regime_original,stability_heavy,0.1,0.16,federation_cluster_attack,high_stress,10,10,0,1.0,1.0,0.0,0.0,26.5,27.0,25.0,28.0,0.0
grand_sim_v0_4,with_regime_original,stability_heavy,0.1,0.16,psi_corruption,low_stress,10,10,0,1.0,1.0,0.0,0.0,87.1,87.0,86.0,88.0,0.0
grand_sim_v0_4,with_regime_original,stability_heavy,0.1,0.16,psi_corruption,mid_stress,10,10,0,1.0,1.0,0.0,0.0,59.9,60.0,57.0,61.0,0.0
grand_sim_v0_4,with_regime_original,stability_heavy,0.1,0.16,psi_corruption,high_stress,10,10,0,1.0,1.0,0.0,0.0,24.6,24.0,23.0,27.0,0.0
grand_sim_v0_4,with_regime_original,stability_heavy,0.1,0.18,async_message_loss,low_stress,10,0,10,0.0,0.0,0.0,1.0,0.0,0.0,,,0.0
grand_sim_v0_4,with_regime_original,stability_heavy,0.1,0.18,async_message_loss,mid_stress,10,0,10,0.0,0.0,0.0,1.0,0.0,0.0,,,0.0
grand_sim_v0_4,with_regime_original,stability_heavy,0.1,0.18,async_message_loss,high_stress,10,10,0,1.0,1.0,0.0,0.0,31.4,31.0,29.0,33.0,0.0
grand_sim_v0_4,with_regime_original,stability_heavy,0.1,0.18,federation_bridge_stress,low_stress,10,0,10,0.0,0.0,0.0,1.0,0.0,0.0,,,0.0
grand_sim_v0_4,with_regime_original,stability_heavy,0.1,0.18,federation_bridge_stress,mid_stress,10,0,10,0.0,0.0,0.0,1.0,0.0,0.0,,,0.0
grand_sim_v0_4,with_regime_original,stability_heavy,0.1,0.18,federation_bridge_stress,high_stress,10,10,0,1.0,1.0,0.0,0.0,24.7,24.0,23.0,27.0,0.0
grand_sim_v0_4,with_regime_original,stability_heavy,0.1,0.18,federation_cluster_attack,low_stress,10,10,0,1.0,1.0,0.0,0.0,97.2,98.0,92.0,99.0,0.0
grand_sim_v0_4,with_regime_original,stability_heavy,0.1,0.18,federation_cluster_attack,mid_stress,10,10,0,1.0,1.0,0.0,0.0,65.9,66.0,62.0,67.0,0.0
grand_sim_v0_4,with_regime_original,stability_heavy,0.1,0.18,federation_cluster_attack,high_stress,10,10,0,1.0,1.0,0.0,0.0,26.5,27.0,25.0,28.0,0.0
grand_sim_v0_4,with_regime_original,stability_heavy,0.1,0.18,psi_corruption,low_stress,10,10,0,1.0,1.0,0.0,0.0,87.1,87.0,86.0,88.0,0.0
grand_sim_v0_4,with_regime_original,stability_heavy,0.1,0.18,psi_corruption,mid_stress,10,10,0,1.0,1.0,0.0,0.0,59.9,60.0,57.0,61.0,0.0
grand_sim_v0_4,with_regime_original,stability_heavy,0.1,0.18,psi_corruption,high_stress,10,10,0,1.0,1.0,0.0,0.0,24.6,24.0,23.0,27.0,0.0
grand_sim_v0_4,with_regime_original,stability_heavy,0.1,0.2,async_message_loss,low_stress,10,0,10,0.0,0.0,0.0,1.0,0.0,0.0,,,0.0
grand_sim_v0_4,with_regime_original,stability_heavy,0.1,0.2,async_message_loss,mid_stress,10,0,10,0.0,0.0,0.0,1.0,0.0,0.0,,,0.0
grand_sim_v0_4,with_regime_original,stability_heavy,0.1,0.2,async_message_loss,high_stress,10,10,0,1.0,1.0,0.0,0.0,31.4,31.0,29.0,33.0,0.0
grand_sim_v0_4,with_regime_original,stability_heavy,0.1,0.2,federation_bridge_stress,low_stress,10,0,10,0.0,0.0,0.0,1.0,0.0,0.0,,,0.0
grand_sim_v0_4,with_regime_original,stability_heavy,0.1,0.2,federation_bridge_stress,mid_stress,10,0,10,0.0,0.0,0.0,1.0,0.0,0.0,,,0.0
grand_sim_v0_4,with_regime_original,stability_heavy,0.1,0.2,federation_bridge_stress,high_stress,10,10,0,1.0,1.0,0.0,0.0,24.7,24.0,23.0,27.0,0.0
grand_sim_v0_4,with_regime_original,stability_heavy,0.1,0.2,federation_cluster_attack,low_stress,10,10,0,1.0,1.0,0.0,0.0,97.2,98.0,92.0,99.0,0.0
grand_sim_v0_4,with_regime_original,stability_heavy,0.1,0.2,federation_cluster_attack,mid_stress,10,10,0,1.0,1.0,0.0,0.0,65.9,66.0,62.0,67.0,0.0
grand_sim_v0_4,with_regime_original,stability_heavy,0.1,0.2,federation_cluster_attack,high_stress,10,10,0,1.0,1.0,0.0,0.0,26.5,27.0,25.0,28.0,0.0
grand_sim_v0_4,with_regime_original,stability_heavy,0.1,0.2,psi_corruption,low_stress,10,10,0,1.0,1.0,0.0,0.0,87.1,87.0,86.0,88.0,0.0
grand_sim_v0_4,with_regime_original,stability_heavy,0.1,0.2,psi_corruption,mid_stress,10,10,0,1.0,1.0,0.0,0.0,59.9,60.0,57.0,61.0,0.0
grand_sim_v0_4,with_regime_original,stability_heavy,0.1,0.2,psi_corruption,high_stress,10,10,0,1.0,1.0,0.0,0.0,24.6,24.0,23.0,27.0,0.0
grand_sim_v0_4,with_regime_original,stability_heavy,0.1,0.22,async_message_loss,low_stress,10,0,10,0.0,0.0,0.0,0.4,0.0,0.0,,,0.0
grand_sim_v0_4,with_regime_original,stability_heavy,0.1,0.22,async_message_loss,mid_stress,10,0,10,0.0,0.0,0.0,0.9,0.0,0.0,,,0.0
grand_sim_v0_4,with_regime_original,stability_heavy,0.1,0.22,async_message_loss,high_stress,10,10,0,1.0,1.0,0.0,0.0,31.4,31.0,29.0,33.0,0.0
grand_sim_v0_4,with_regime_original,stability_heavy,0.1,0.22,federation_bridge_stress,low_stress,10,0,10,0.0,0.0,0.0,0.0,0.0,0.0,,,0.0
grand_sim_v0_4,with_regime_original,stability_heavy,0.1,0.22,federation_bridge_stress,mid_stress,10,0,10,0.0,0.0,0.0,0.5,0.0,0.0,,,0.0
grand_sim_v0_4,with_regime_original,stability_heavy,0.1,0.22,federation_bridge_stress,high_stress,10,10,0,1.0,1.0,0.0,0.0,24.7,24.0,23.0,27.0,0.0
grand_sim_v0_4,with_regime_original,stability_heavy,0.1,0.22,federation_cluster_attack,low_stress,10,10,0,1.0,1.0,0.0,0.0,28.3,28.0,24.0,31.0,0.0
grand_sim_v0_4,with_regime_original,stability_heavy,0.1,0.22,federation_cluster_attack,mid_stress,10,10,0,1.0,1.0,0.0,0.0,55.9,66.0,12.0,67.0,0.0
grand_sim_v0_4,with_regime_original,stability_heavy,0.1,0.22,federation_cluster_attack,high_stress,10,10,0,1.0,1.0,0.0,0.0,26.5,27.0,25.0,28.0,0.0
grand_sim_v0_4,with_regime_original,stability_heavy,0.1,0.22,psi_corruption,low_stress,10,10,0,1.0,1.0,0.0,0.0,27.0,27.0,26.0,29.0,0.0
grand_sim_v0_4,with_regime_original,stability_heavy,0.1,0.22,psi_corruption,mid_stress,10,10,0,1.0,1.0,0.0,0.0,36.5,14.0,12.0,61.0,0.0
grand_sim_v0_4,with_regime_original,stability_heavy,0.1,0.22,psi_corruption,high_stress,10,10,0,1.0,1.0,0.0,0.0,24.6,24.0,23.0,27.0,0.0
grand_sim_v0_4,with_regime_original,stability_heavy,0.1,0.24,async_message_loss,low_stress,10,0,10,0.0,0.0,0.0,0.0,0.0,0.0,,,0.0
grand_sim_v0_4,with_regime_original,stability_heavy,0.1,0.24,async_message_loss,mid_stress,10,0,10,0.0,0.0,0.0,0.0,0.0,0.0,,,0.0
grand_sim_v0_4,with_regime_original,stability_heavy,0.1,0.24,async_message_loss,high_stress,10,10,0,1.0,1.0,0.0,0.0,23.8,23.0,23.0,25.0,0.0
grand_sim_v0_4,with_regime_original,stability_heavy,0.1,0.24,federation_bridge_stress,low_stress,10,0,10,0.0,0.0,0.0,0.0,0.0,0.0,,,0.0
grand_sim_v0_4,with_regime_original,stability_heavy,0.1,0.24,federation_bridge_stress,mid_stress,10,0,10,0.0,0.0,0.0,0.0,0.0,0.0,,,0.0
grand_sim_v0_4,with_regime_original,stability_heavy,0.1,0.24,federation_bridge_stress,high_stress,10,10,0,1.0,1.0,0.0,0.0,16.5,16.0,15.0,18.0,0.0
grand_sim_v0_4,with_regime_original,stability_heavy,0.1,0.24,federation_cluster_attack,low_stress,10,10,0,1.0,1.0,0.0,0.0,25.6,26.0,21.0,28.0,0.0
grand_sim_v0_4,with_regime_original,stability_heavy,0.1,0.24,federation_cluster_attack,mid_stress,10,10,0,1.0,1.0,0.0,0.0,14.8,15.0,11.0,16.0,0.0
grand_sim_v0_4,with_regime_original,stability_heavy,0.1,0.24,federation_cluster_attack,high_stress,10,10,0,1.0,1.0,0.0,0.0,17.0,17.0,16.0,19.0,0.0
grand_sim_v0_4,with_regime_original,stability_heavy,0.1,0.24,psi_corruption,low_stress,10,10,0,1.0,1.0,0.0,0.0,24.0,24.0,23.0,26.0,0.0
grand_sim_v0_4,with_regime_original,stability_heavy,0.1,0.24,psi_corruption,mid_stress,10,10,0,1.0,1.0,0.0,0.0,11.9,12.0,9.0,13.0,0.0
grand_sim_v0_4,with_regime_original,stability_heavy,0.1,0.24,psi_corruption,high_stress,10,10,0,1.0,1.0,0.0,0.0,16.9,16.0,16.0,19.0,0.0
grand_sim_v0_4,with_regime_original,stability_heavy,0.1,0.26,async_message_loss,low_stress,10,0,10,0.0,0.0,0.0,0.0,0.0,0.0,,,0.0
grand_sim_v0_4,with_regime_original,stability_heavy,0.1,0.26,async_message_loss,mid_stress,10,0,10,0.0,0.0,0.0,0.0,0.0,0.0,,,0.0
grand_sim_v0_4,with_regime_original,stability_heavy,0.1,0.26,async_message_loss,high_stress,10,10,0,1.0,1.0,0.0,0.0,18.9,18.0,18.0,21.0,0.0
grand_sim_v0_4,with_regime_original,stability_heavy,0.1,0.26,federation_bridge_stress,low_stress,10,0,10,0.0,0.0,0.0,0.0,0.0,0.0,,,0.0
grand_sim_v0_4,with_regime_original,stability_heavy,0.1,0.26,federation_bridge_stress,mid_stress,10,0,10,0.0,0.0,0.0,0.0,0.0,0.0,,,0.0
grand_sim_v0_4,with_regime_original,stability_heavy,0.1,0.26,federation_bridge_stress,high_stress,10,10,0,1.0,1.0,0.0,0.0,12.4,12.0,11.0,13.0,0.0
grand_sim_v0_4,with_regime_original,stability_heavy,0.1,0.26,federation_cluster_attack,low_stress,10,10,0,1.0,1.0,0.0,0.0,23.5,24.0,19.0,26.0,0.0
grand_sim_v0_4,with_regime_original,stability_heavy,0.1,0.26,federation_cluster_attack,mid_stress,10,10,0,1.0,1.0,0.0,0.0,13.5,14.0,10.0,15.0,0.0
grand_sim_v0_4,with_regime_original,stability_heavy,0.1,0.26,federation_cluster_attack,high_stress,10,10,0,1.0,1.0,0.0,0.0,12.9,13.0,12.0,15.0,0.0
grand_sim_v0_4,with_regime_original,stability_heavy,0.1,0.26,psi_corruption,low_stress,10,10,0,1.0,1.0,0.0,0.0,21.4,21.0,20.0,23.0,0.0
grand_sim_v0_4,with_regime_original,stability_heavy,0.1,0.26,psi_corruption,mid_stress,10,10,0,1.0,1.0,0.0,0.0,10.9,11.0,8.0,12.0,0.0
grand_sim_v0_4,with_regime_original,stability_heavy,0.1,0.26,psi_corruption,high_stress,10,10,0,1.0,1.0,0.0,0.0,13.0,13.0,12.0,14.0,0.0
grand_sim_v0_4,with_regime_original,stability_heavy,0.1,0.28,async_message_loss,low_stress,10,0,10,0.0,0.0,0.0,0.0,0.0,0.0,,,0.0
grand_sim_v0_4,with_regime_original,stability_heavy,0.1,0.28,async_message_loss,mid_stress,10,0,10,0.0,0.0,0.0,0.0,0.0,0.0,,,0.0
grand_sim_v0_4,with_regime_original,stability_heavy,0.1,0.28,async_message_loss,high_stress,10,10,0,1.0,1.0,0.0,0.0,15.9,16.0,15.0,17.0,0.0
grand_sim_v0_4,with_regime_original,stability_heavy,0.1,0.28,federation_bridge_stress,low_stress,10,0,10,0.0,0.0,0.0,0.0,0.0,0.0,,,0.0
grand_sim_v0_4,with_regime_original,stability_heavy,0.1,0.28,federation_bridge_stress,mid_stress,10,0,10,0.0,0.0,0.0,0.0,0.0,0.0,,,0.0
grand_sim_v0_4,with_regime_original,stability_heavy,0.1,0.28,federation_bridge_stress,high_stress,10,10,0,1.0,1.0,0.0,0.0,10.3,10.0,9.0,11.0,0.0
grand_sim_v0_4,with_regime_original,stability_heavy,0.1,0.28,federation_cluster_attack,low_stress,10,10,0,1.0,1.0,0.0,0.0,21.6,22.0,17.0,24.0,0.0
grand_sim_v0_4,with_regime_original,stability_heavy,0.1,0.28,federation_cluster_attack,mid_stress,10,10,0,1.0,1.0,0.0,0.0,12.4,12.0,9.0,14.0,0.0
grand_sim_v0_4,with_regime_original,stability_heavy,0.1,0.28,federation_cluster_attack,high_stress,10,10,0,1.0,1.0,0.0,0.0,10.7,11.0,10.0,12.0,0.0
grand_sim_v0_4,with_regime_original,stability_heavy,0.1,0.28,psi_corruption,low_stress,10,10,0,1.0,1.0,0.0,0.0,19.0,19.0,18.0,21.0,0.0
grand_sim_v0_4,with_regime_original,stability_heavy,0.1,0.28,psi_corruption,mid_stress,10,10,0,1.0,1.0,0.0,0.0,10.0,10.0,7.0,11.0,0.0
grand_sim_v0_4,with_regime_original,stability_heavy,0.1,0.28,psi_corruption,high_stress,10,10,0,1.0,1.0,0.0,0.0,10.5,10.0,9.0,12.0,0.0
grand_sim_v0_4,with_regime_original,stability_heavy,0.1,0.3,async_message_loss,low_stress,10,0,10,0.0,0.0,0.0,0.0,0.0,0.0,,,0.0
grand_sim_v0_4,with_regime_original,stability_heavy,0.1,0.3,async_message_loss,mid_stress,10,0,10,0.0,0.0,0.0,0.0,0.0,0.0,,,0.0
grand_sim_v0_4,with_regime_original,stability_heavy,0.1,0.3,async_message_loss,high_stress,10,10,0,1.0,1.0,0.0,0.0,13.6,13.0,12.0,15.0,0.0
grand_sim_v0_4,with_regime_original,stability_heavy,0.1,0.3,federation_bridge_stress,low_stress,10,0,10,0.0,0.0,0.0,0.0,0.0,0.0,,,0.0
grand_sim_v0_4,with_regime_original,stability_heavy,0.1,0.3,federation_bridge_stress,mid_stress,10,0,10,0.0,0.0,0.0,0.0,0.0,0.0,,,0.0
grand_sim_v0_4,with_regime_original,stability_heavy,0.1,0.3,federation_bridge_stress,high_stress,10,10,0,1.0,1.0,0.0,0.0,8.6,9.0,7.0,10.0,0.0
grand_sim_v0_4,with_regime_original,stability_heavy,0.1,0.3,federation_cluster_attack,low_stress,10,10,0,1.0,1.0,0.0,0.0,19.5,20.0,15.0,22.0,0.0
grand_sim_v0_4,with_regime_original,stability_heavy,0.1,0.3,federation_cluster_attack,mid_stress,10,10,0,1.0,1.0,0.0,0.0,11.1,11.0,8.0,13.0,0.0
grand_sim_v0_4,with_regime_original,stability_heavy,0.1,0.3,federation_cluster_attack,high_stress,10,10,0,1.0,1.0,0.0,0.0,9.0,9.0,8.0,10.0,0.0
grand_sim_v0_4,with_regime_original,stability_heavy,0.1,0.3,psi_corruption,low_stress,10,10,0,1.0,1.0,0.0,0.0,17.0,17.0,16.0,19.0,0.0
grand_sim_v0_4,with_regime_original,stability_heavy,0.1,0.3,psi_corruption,mid_stress,10,10,0,1.0,1.0,0.0,0.0,9.0,9.0,6.0,10.0,0.0
grand_sim_v0_4,with_regime_original,stability_heavy,0.1,0.3,psi_corruption,high_stress,10,10,0,1.0,1.0,0.0,0.0,8.7,8.0,8.0,10.0,0.0
grand_sim_v0_4,with_regime_original,stability_heavy,0.1,0.32,async_message_loss,low_stress,10,0,10,0.0,0.0,0.0,0.0,0.0,0.0,,,0.0
grand_sim_v0_4,with_regime_original,stability_heavy,0.1,0.32,async_message_loss,mid_stress,10,0,10,0.0,0.0,0.0,0.0,0.0,0.0,,,0.0
grand_sim_v0_4,with_regime_original,stability_heavy,0.1,0.32,async_message_loss,high_stress,10,10,0,1.0,1.0,0.0,0.0,11.8,11.0,11.0,13.0,0.0
grand_sim_v0_4,with_regime_original,stability_heavy,0.1,0.32,federation_bridge_stress,low_stress,10,0,10,0.0,0.0,0.0,0.0,0.0,0.0,,,0.0
grand_sim_v0_4,with_regime_original,stability_heavy,0.1,0.32,federation_bridge_stress,mid_stress,10,0,10,0.0,0.0,0.0,0.0,0.0,0.0,,,0.0
grand_sim_v0_4,with_regime_original,stability_heavy,0.1,0.32,federation_bridge_stress,high_stress,10,10,0,1.0,1.0,0.0,0.0,6.9,7.0,6.0,8.0,0.0
grand_sim_v0_4,with_regime_original,stability_heavy,0.1,0.32,federation_cluster_attack,low_stress,10,10,0,1.0,1.0,0.0,0.0,17.8,18.0,13.0,20.0,0.0
grand_sim_v0_4,with_regime_original,stability_heavy,0.1,0.32,federation_cluster_attack,mid_stress,10,10,0,1.0,1.0,0.0,0.0,10.0,10.0,7.0,12.0,0.0
grand_sim_v0_4,with_regime_original,stability_heavy,0.1,0.32,federation_cluster_attack,high_stress,10,10,0,1.0,1.0,0.0,0.0,7.1,7.0,6.0,8.0,0.0
grand_sim_v0_4,with_regime_original,stability_heavy,0.1,0.32,psi_corruption,low_stress,10,10,0,1.0,1.0,0.0,0.0,15.2,15.0,14.0,17.0,0.0
grand_sim_v0_4,with_regime_original,stability_heavy,0.1,0.32,psi_corruption,mid_stress,10,10,0,1.0,1.0,0.0,0.0,8.3,8.0,6.0,10.0,0.0
grand_sim_v0_4,with_regime_original,stability_heavy,0.1,0.32,psi_corruption,high_stress,10,10,0,1.0,1.0,0.0,0.0,7.2,7.0,6.0,9.0,0.0
grand_sim_v0_4,with_regime_original,stability_heavy,0.1,0.34,async_message_loss,low_stress,10,0,10,0.0,0.0,0.0,0.0,0.0,0.0,,,0.0
grand_sim_v0_4,with_regime_original,stability_heavy,0.1,0.34,async_message_loss,mid_stress,10,0,10,0.0,0.0,0.0,0.0,0.0,0.0,,,0.0
grand_sim_v0_4,with_regime_original,stability_heavy,0.1,0.34,async_message_loss,high_stress,10,10,0,1.0,1.0,0.0,0.0,10.2,10.0,9.0,11.0,0.0
grand_sim_v0_4,with_regime_original,stability_heavy,0.1,0.34,federation_bridge_stress,low_stress,10,0,10,0.0,0.0,0.0,0.0,0.0,0.0,,,0.0
grand_sim_v0_4,with_regime_original,stability_heavy,0.1,0.34,federation_bridge_stress,mid_stress,10,0,10,0.0,0.0,0.0,0.0,0.0,0.0,,,0.0
grand_sim_v0_4,with_regime_original,stability_heavy,0.1,0.34,federation_bridge_stress,high_stress,10,10,0,1.0,1.0,0.0,0.0,5.6,6.0,4.0,7.0,0.0
grand_sim_v0_4,with_regime_original,stability_heavy,0.1,0.34,federation_cluster_attack,low_stress,10,10,0,1.0,1.0,0.0,0.0,16.1,17.0,12.0,18.0,0.0
grand_sim_v0_4,with_regime_original,stability_heavy,0.1,0.34,federation_cluster_attack,mid_stress,10,10,0,1.0,1.0,0.0,0.0,9.2,9.0,7.0,11.0,0.0
grand_sim_v0_4,with_regime_original,stability_heavy,0.1,0.34,federation_cluster_attack,high_stress,10,10,0,1.0,1.0,0.0,0.0,6.0,6.0,5.0,7.0,0.0
grand_sim_v0_4,with_regime_original,stability_heavy,0.1,0.34,psi_corruption,low_stress,10,10,0,1.0,1.0,0.0,0.0,13.8,14.0,13.0,15.0,0.0
grand_sim_v0_4,with_regime_original,stability_heavy,0.1,0.34,psi_corruption,mid_stress,10,10,0,1.0,1.0,0.0,0.0,7.5,8.0,5.0,9.0,0.0
grand_sim_v0_4,with_regime_original,stability_heavy,0.1,0.34,psi_corruption,high_stress,10,10,0,1.0,1.0,0.0,0.0,5.9,5.0,5.0,8.0,0.0
grand_sim_v0_4,with_regime_original,stability_heavy,0.1,0.36,async_message_loss,low_stress,10,0,10,0.0,0.0,0.0,0.0,0.0,0.0,,,0.0
grand_sim_v0_4,with_regime_original,stability_heavy,0.1,0.36,async_message_loss,mid_stress,10,0,10,0.0,0.0,0.0,0.0,0.0,0.0,,,0.0
grand_sim_v0_4,with_regime_original,stability_heavy,0.1,0.36,async_message_loss,high_stress,10,10,0,1.0,1.0,0.0,0.0,8.9,9.0,7.0,10.0,0.0
grand_sim_v0_4,with_regime_original,stability_heavy,0.1,0.36,federation_bridge_stress,low_stress,10,0,10,0.0,0.0,0.0,0.0,0.0,0.0,,,0.0
grand_sim_v0_4,with_regime_original,stability_heavy,0.1,0.36,federation_bridge_stress,mid_stress,10,0,10,0.0,0.0,0.0,0.0,0.0,0.0,,,0.0
grand_sim_v0_4,with_regime_original,stability_heavy,0.1,0.36,federation_bridge_stress,high_stress,10,10,0,1.0,1.0,0.0,0.0,4.5,4.0,3.0,6.0,0.0
grand_sim_v0_4,with_regime_original,stability_heavy,0.1,0.36,federation_cluster_attack,low_stress,10,10,0,1.0,1.0,0.0,0.0,14.5,15.0,10.0,17.0,0.0
grand_sim_v0_4,with_regime_original,stability_heavy,0.1,0.36,federation_cluster_attack,mid_stress,10,10,0,1.0,1.0,0.0,0.0,8.5,8.0,7.0,10.0,0.0
grand_sim_v0_4,with_regime_original,stability_heavy,0.1,0.36,federation_cluster_attack,high_stress,10,10,0,1.0,1.0,0.0,0.0,4.6,4.0,4.0,6.0,0.0
grand_sim_v0_4,with_regime_original,stability_heavy,0.1,0.36,psi_corruption,low_stress,10,10,0,1.0,1.0,0.0,0.0,12.3,12.0,11.0,14.0,0.0
grand_sim_v0_4,with_regime_original,stability_heavy,0.1,0.36,psi_corruption,mid_stress,10,10,0,1.0,1.0,0.0,0.0,6.7,7.0,5.0,8.0,0.0
grand_sim_v0_4,with_regime_original,stability_heavy,0.1,0.36,psi_corruption,high_stress,10,10,0,1.0,1.0,0.0,0.0,4.8,4.0,4.0,6.0,0.0
grand_sim_v0_4,with_regime_original,stability_heavy,0.1,0.38,async_message_loss,low_stress,10,0,10,0.0,0.0,0.0,0.0,0.0,0.0,,,0.0
grand_sim_v0_4,with_regime_original,stability_heavy,0.1,0.38,async_message_loss,mid_stress,10,0,10,0.0,0.0,0.0,0.0,0.0,0.0,,,0.0
grand_sim_v0_4,with_regime_original,stability_heavy,0.1,0.38,async_message_loss,high_stress,10,10,0,1.0,1.0,0.0,0.0,7.5,7.0,6.0,9.0,0.0
grand_sim_v0_4,with_regime_original,stability_heavy,0.1,0.38,federation_bridge_stress,low_stress,10,0,10,0.0,0.0,0.0,0.0,0.0,0.0,,,0.0
grand_sim_v0_4,with_regime_original,stability_heavy,0.1,0.38,federation_bridge_stress,mid_stress,10,0,10,0.0,0.0,0.0,0.0,0.0,0.0,,,0.0
grand_sim_v0_4,with_regime_original,stability_heavy,0.1,0.38,federation_bridge_stress,high_stress,10,10,0,1.0,1.0,0.0,0.0,3.5,3.0,2.0,5.0,0.0
grand_sim_v0_4,with_regime_original,stability_heavy,0.1,0.38,federation_cluster_attack,low_stress,10,10,0,1.0,1.0,0.0,0.0,13.1,14.0,8.0,16.0,0.0
grand_sim_v0_4,with_regime_original,stability_heavy,0.1,0.38,federation_cluster_attack,mid_stress,10,10,0,1.0,1.0,0.0,0.0,7.5,7.0,6.0,9.0,0.0
grand_sim_v0_4,with_regime_original,stability_heavy,0.1,0.38,federation_cluster_attack,high_stress,10,10,0,1.0,1.0,0.0,0.0,3.5,3.0,3.0,5.0,0.0
grand_sim_v0_4,with_regime_original,stability_heavy,0.1,0.38,psi_corruption,low_stress,10,10,0,1.0,1.0,0.0,0.0,11.0,10.0,10.0,14.0,0.0
grand_sim_v0_4,with_regime_original,stability_heavy,0.1,0.38,psi_corruption,mid_stress,10,10,0,1.0,1.0,0.0,0.0,6.2,6.0,5.0,7.0,0.0
grand_sim_v0_4,with_regime_original,stability_heavy,0.1,0.38,psi_corruption,high_stress,10,10,0,1.0,1.0,0.0,0.0,3.6,3.0,2.0,5.0,0.0
grand_sim_v0_4,with_regime_original,stability_heavy,0.1,0.4,async_message_loss,low_stress,10,0,10,0.0,0.0,0.0,0.0,0.0,0.0,,,0.0
grand_sim_v0_4,with_regime_original,stability_heavy,0.1,0.4,async_message_loss,mid_stress,10,0,10,0.0,0.0,0.0,0.0,0.0,0.0,,,0.0
grand_sim_v0_4,with_regime_original,stability_heavy,0.1,0.4,async_message_loss,high_stress,10,10,0,1.0,1.0,0.0,0.0,6.2,6.0,5.0,7.0,0.0
grand_sim_v0_4,with_regime_original,stability_heavy,0.1,0.4,federation_bridge_stress,low_stress,10,0,10,0.0,0.0,0.0,0.0,0.0,0.0,,,0.0
grand_sim_v0_4,with_regime_original,stability_heavy,0.1,0.4,federation_bridge_stress,mid_stress,10,0,10,0.0,0.0,0.0,0.0,0.0,0.0,,,0.0
grand_sim_v0_4,with_regime_original,stability_heavy,0.1,0.4,federation_bridge_stress,high_stress,10,10,0,1.0,1.0,0.0,0.0,2.5,2.0,1.0,4.0,0.0
grand_sim_v0_4,with_regime_original,stability_heavy,0.1,0.4,federation_cluster_attack,low_stress,10,10,0,1.0,1.0,0.0,0.0,10.8,10.0,8.0,15.0,0.0
grand_sim_v0_4,with_regime_original,stability_heavy,0.1,0.4,federation_cluster_attack,mid_stress,10,10,0,1.0,1.0,0.0,0.0,5.1,5.0,4.0,6.0,0.0
grand_sim_v0_4,with_regime_original,stability_heavy,0.1,0.4,federation_cluster_attack,high_stress,10,10,0,1.0,1.0,0.0,0.0,2.6,2.0,2.0,4.0,0.0
grand_sim_v0_4,with_regime_original,stability_heavy,0.1,0.4,psi_corruption,low_stress,10,10,0,1.0,1.0,0.0,0.0,9.2,8.0,7.0,14.0,0.0
grand_sim_v0_4,with_regime_original,stability_heavy,0.1,0.4,psi_corruption,mid_stress,10,10,0,1.0,1.0,0.0,0.0,4.3,4.0,3.0,6.0,0.0
grand_sim_v0_4,with_regime_original,stability_heavy,0.1,0.4,psi_corruption,high_stress,10,10,0,1.0,1.0,0.0,0.0,2.9,3.0,2.0,4.0,0.0
grand_sim_v0_4,with_regime_original,stability_heavy,0.1,0.42,async_message_loss,low_stress,10,0,10,0.0,0.0,0.0,0.0,0.0,0.0,,,0.0
grand_sim_v0_4,with_regime_original,stability_heavy,0.1,0.42,async_message_loss,mid_stress,10,0,10,0.0,0.0,0.0,0.0,0.0,0.0,,,0.0
grand_sim_v0_4,with_regime_original,stability_heavy,0.1,0.42,async_message_loss,high_stress,10,10,0,1.0,1.0,0.0,0.0,5.1,5.0,4.0,6.0,0.0
grand_sim_v0_4,with_regime_original,stability_heavy,0.1,0.42,federation_bridge_stress,low_stress,10,0,10,0.0,0.0,0.0,0.0,0.0,0.0,,,0.0
grand_sim_v0_4,with_regime_original,stability_heavy,0.1,0.42,federation_bridge_stress,mid_stress,10,0,10,0.0,0.0,0.0,0.0,0.0,0.0,,,0.0
grand_sim_v0_4,with_regime_original,stability_heavy,0.1,0.42,federation_bridge_stress,high_stress,10,10,0,1.0,1.0,0.0,0.0,1.6,2.0,0.0,3.0,0.0
grand_sim_v0_4,with_regime_original,stability_heavy,0.1,0.42,federation_cluster_attack,low_stress,10,10,0,1.0,1.0,0.0,0.0,9.9,9.0,7.0,14.0,0.0
grand_sim_v0_4,with_regime_original,stability_heavy,0.1,0.42,federation_cluster_attack,mid_stress,10,10,0,1.0,1.0,0.0,0.0,5.0,5.0,4.0,6.0,0.0
grand_sim_v0_4,with_regime_original,stability_heavy,0.1,0.42,federation_cluster_attack,high_stress,10,10,0,1.0,1.0,0.0,0.0,1.7,1.0,1.0,3.0,0.0
grand_sim_v0_4,with_regime_original,stability_heavy,0.1,0.42,psi_corruption,low_stress,10,10,0,1.0,1.0,0.0,0.0,7.3,6.0,4.0,13.0,0.0
grand_sim_v0_4,with_regime_original,stability_heavy,0.1,0.42,psi_corruption,mid_stress,10,10,0,1.0,1.0,0.0,0.0,4.0,4.0,3.0,5.0,0.0
grand_sim_v0_4,with_regime_original,stability_heavy,0.1,0.42,psi_corruption,high_stress,10,10,0,1.0,1.0,0.0,0.0,2.0,2.0,1.0,3.0,0.0
grand_sim_v0_4,with_regime_original,stability_heavy,0.1,0.44,async_message_loss,low_stress,10,0,10,0.0,0.0,0.0,0.0,0.0,0.0,,,0.0
grand_sim_v0_4,with_regime_original,stability_heavy,0.1,0.44,async_message_loss,mid_stress,10,0,10,0.0,0.0,0.0,0.0,0.0,0.0,,,0.0
grand_sim_v0_4,with_regime_original,stability_heavy,0.1,0.44,async_message_loss,high_stress,10,10,0,1.0,1.0,0.0,0.0,4.0,4.0,3.0,5.0,0.0
grand_sim_v0_4,with_regime_original,stability_heavy,0.1,0.44,federation_bridge_stress,low_stress,10,0,10,0.0,0.0,0.0,0.0,0.0,0.0,,,0.0
grand_sim_v0_4,with_regime_original,stability_heavy,0.1,0.44,federation_bridge_stress,mid_stress,10,0,10,0.0,0.0,0.0,0.0,0.0,0.0,,,0.0
grand_sim_v0_4,with_regime_original,stability_heavy,0.1,0.44,federation_bridge_stress,high_stress,10,10,0,1.0,1.0,0.0,0.0,0.9,1.0,0.0,2.0,0.0
grand_sim_v0_4,with_regime_original,stability_heavy,0.1,0.44,federation_cluster_attack,low_stress,10,10,0,1.0,1.0,0.0,0.0,9.3,9.0,7.0,12.0,0.0
grand_sim_v0_4,with_regime_original,stability_heavy,0.1,0.44,federation_cluster_attack,mid_stress,10,10,0,1.0,1.0,0.0,0.0,4.8,5.0,3.0,6.0,0.0
grand_sim_v0_4,with_regime_original,stability_heavy,0.1,0.44,federation_cluster_attack,high_stress,10,10,0,1.0,1.0,0.0,0.0,1.5,1.0,1.0,3.0,0.0
grand_sim_v0_4,with_regime_original,stability_heavy,0.1,0.44,psi_corruption,low_stress,10,10,0,1.0,1.0,0.0,0.0,7.0,6.0,4.0,12.0,0.0
grand_sim_v0_4,with_regime_original,stability_heavy,0.1,0.44,psi_corruption,mid_stress,10,10,0,1.0,1.0,0.0,0.0,3.8,4.0,3.0,5.0,0.0
grand_sim_v0_4,with_regime_original,stability_heavy,0.1,0.44,psi_corruption,high_stress,10,10,0,1.0,1.0,0.0,0.0,1.1,1.0,0.0,2.0,0.0
grand_sim_v0_4,with_regime_original,stability_heavy,0.1,0.46,async_message_loss,low_stress,10,0,10,0.0,0.0,0.0,0.0,0.0,0.0,,,0.0
grand_sim_v0_4,with_regime_original,stability_heavy,0.1,0.46,async_message_loss,mid_stress,10,0,10,0.0,0.0,0.0,0.0,0.0,0.0,,,0.0
grand_sim_v0_4,with_regime_original,stability_heavy,0.1,0.46,async_message_loss,high_stress,10,10,0,1.0,1.0,0.0,0.0,3.1,3.0,2.0,4.0,0.0
grand_sim_v0_4,with_regime_original,stability_heavy,0.1,0.46,federation_bridge_stress,low_stress,10,0,10,0.0,0.0,0.0,0.0,0.0,0.0,,,0.0
grand_sim_v0_4,with_regime_original,stability_heavy,0.1,0.46,federation_bridge_stress,mid_stress,10,0,10,0.0,0.0,0.0,0.0,0.0,0.0,,,0.0
grand_sim_v0_4,with_regime_original,stability_heavy,0.1,0.46,federation_bridge_stress,high_stress,10,10,0,1.0,1.0,0.0,0.0,0.7,1.0,0.0,1.0,0.0
grand_sim_v0_4,with_regime_original,stability_heavy,0.1,0.46,federation_cluster_attack,low_stress,10,10,0,1.0,1.0,0.0,0.0,4.1,5.0,0.0,6.0,0.0
grand_sim_v0_4,with_regime_original,stability_heavy,0.1,0.46,federation_cluster_attack,mid_stress,10,10,0,1.0,0.9,0.0,0.0,2.111111,2.0,1.0,3.0,1.0
grand_sim_v0_4,with_regime_original,stability_heavy,0.1,0.46,federation_cluster_attack,high_stress,10,10,0,1.0,1.0,0.0,0.0,1.5,1.0,1.0,3.0,0.0
grand_sim_v0_4,with_regime_original,stability_heavy,0.1,0.46,psi_corruption,low_stress,10,10,0,1.0,1.0,0.0,0.0,4.9,4.0,3.0,7.0,0.0
grand_sim_v0_4,with_regime_original,stability_heavy,0.1,0.46,psi_corruption,mid_stress,10,10,0,1.0,1.0,0.0,0.0,2.1,2.0,0.0,4.0,0.0
grand_sim_v0_4,with_regime_original,stability_heavy,0.1,0.46,psi_corruption,high_stress,10,10,0,1.0,1.0,0.0,0.0,1.0,1.0,0.0,2.0,0.0
grand_sim_v0_4,with_regime_original,stability_heavy,0.1,0.48,async_message_loss,low_stress,10,0,10,0.0,0.0,0.0,0.0,0.0,0.0,,,0.0
grand_sim_v0_4,with_regime_original,stability_heavy,0.1,0.48,async_message_loss,mid_stress,10,0,10,0.0,0.0,0.0,0.0,0.0,0.0,,,0.0
grand_sim_v0_4,with_regime_original,stability_heavy,0.1,0.48,async_message_loss,high_stress,10,10,0,1.0,1.0,0.0,0.0,2.0,2.0,1.0,3.0,0.0
grand_sim_v0_4,with_regime_original,stability_heavy,0.1,0.48,federation_bridge_stress,low_stress,10,0,10,0.0,0.0,0.0,0.0,0.0,0.0,,,0.0
grand_sim_v0_4,with_regime_original,stability_heavy,0.1,0.48,federation_bridge_stress,mid_stress,10,0,10,0.0,0.0,0.0,0.0,0.0,0.0,,,0.0
grand_sim_v0_4,with_regime_original,stability_heavy,0.1,0.48,federation_bridge_stress,high_stress,10,10,0,1.0,1.0,0.0,0.0,0.7,1.0,0.0,1.0,0.0
grand_sim_v0_4,with_regime_original,stability_heavy,0.1,0.48,federation_cluster_attack,low_stress,10,10,0,0.4,0.0,0.6,0.0,0.0,0.0,,,12.75
grand_sim_v0_4,with_regime_original,stability_heavy,0.1,0.48,federation_cluster_attack,mid_stress,10,10,0,1.0,0.0,0.0,0.0,0.0,0.0,,,1.9
grand_sim_v0_4,with_regime_original,stability_heavy,0.1,0.48,federation_cluster_attack,high_stress,10,10,0,1.0,1.0,0.0,0.0,1.2,1.0,0.0,2.0,0.0
grand_sim_v0_4,with_regime_original,stability_heavy,0.1,0.48,psi_corruption,low_stress,10,10,0,1.0,0.0,0.0,0.0,0.0,0.0,,,5.7
grand_sim_v0_4,with_regime_original,stability_heavy,0.1,0.48,psi_corruption,mid_stress,10,10,0,1.0,0.2,0.0,0.0,0.0,0.0,0.0,0.0,1.625
grand_sim_v0_4,with_regime_original,stability_heavy,0.1,0.48,psi_corruption,high_stress,10,10,0,1.0,1.0,0.0,0.0,1.0,1.0,0.0,2.0,0.0
grand_sim_v0_4,with_regime_original,stability_heavy,0.1,0.5,async_message_loss,low_stress,10,0,10,0.0,0.0,0.0,0.0,0.0,0.0,,,0.0
grand_sim_v0_4,with_regime_original,stability_heavy,0.1,0.5,async_message_loss,mid_stress,10,0,10,0.0,0.0,0.0,0.0,0.0,0.0,,,0.0
grand_sim_v0_4,with_regime_original,stability_heavy,0.1,0.5,async_message_loss,high_stress,10,10,0,1.0,1.0,0.0,0.0,1.6,1.0,1.0,3.0,0.0
grand_sim_v0_4,with_regime_original,stability_heavy,0.1,0.5,federation_bridge_stress,low_stress,10,0,10,0.0,0.0,0.0,0.0,0.0,0.0,,,0.0
grand_sim_v0_4,with_regime_original,stability_heavy,0.1,0.5,federation_bridge_stress,mid_stress,10,0,10,0.0,0.0,0.0,0.0,0.0,0.0,,,0.0
grand_sim_v0_4,with_regime_original,stability_heavy,0.1,0.5,federation_bridge_stress,high_stress,10,10,0,1.0,0.9,0.0,0.0,0.555556,1.0,0.0,1.0,1.0
grand_sim_v0_4,with_regime_original,stability_heavy,0.1,0.5,federation_cluster_attack,low_stress,10,10,0,0.0,0.0,1.0,0.0,0.0,0.0,,,0.0
grand_sim_v0_4,with_regime_original,stability_heavy,0.1,0.5,federation_cluster_attack,mid_stress,10,10,0,1.0,0.0,0.0,0.0,0.0,0.0,,,5.4
grand_sim_v0_4,with_regime_original,stability_heavy,0.1,0.5,federation_cluster_attack,high_stress,10,10,0,1.0,1.0,0.0,0.0,0.4,0.0,0.0,1.0,0.0
grand_sim_v0_4,with_regime_original,stability_heavy,0.1,0.5,psi_corruption,low_stress,10,10,0,0.0,0.0,1.0,0.0,0.0,0.0,,,0.0
grand_sim_v0_4,with_regime_original,stability_heavy,0.1,0.5,psi_corruption,mid_stress,10,10,0,1.0,0.0,0.0,0.0,0.0,0.0,,,5.5
grand_sim_v0_4,with_regime_original,stability_heavy,0.1,0.5,psi_corruption,high_stress,10,10,0,1.0,1.0,0.0,0.0,0.6,0.0,0.0,2.0,0.0
grand_sim_v0_4,with_regime_original,stability_heavy,0.1,0.52,async_message_loss,low_stress,10,0,10,0.0,0.0,0.0,0.0,0.0,0.0,,,0.0
grand_sim_v0_4,with_regime_original,stability_heavy,0.1,0.52,async_message_loss,mid_stress,10,0,10,0.0,0.0,0.0,0.0,0.0,0.0,,,0.0
grand_sim_v0_4,with_regime_original,stability_heavy,0.1,0.52,async_message_loss,high_stress,10,10,0,1.0,1.0,0.0,0.0,1.6,1.0,1.0,3.0,0.0
grand_sim_v0_4,with_regime_original,stability_heavy,0.1,0.52,federation_bridge_stress,low_stress,10,0,10,0.0,0.0,0.0,0.0,0.0,0.0,,,0.0
grand_sim_v0_4,with_regime_original,stability_heavy,0.1,0.52,federation_bridge_stress,mid_stress,10,0,10,0.0,0.0,0.0,0.0,0.0,0.0,,,0.0
grand_sim_v0_4,with_regime_original,stability_heavy,0.1,0.52,federation_bridge_stress,high_stress,10,10,0,1.0,0.7,0.0,0.0,0.142857,0.0,0.0,1.0,1.0
grand_sim_v0_4,with_regime_original,stability_heavy,0.1,0.52,federation_cluster_attack,low_stress,10,10,0,0.0,0.0,1.0,0.0,0.0,0.0,,,0.0
grand_sim_v0_4,with_regime_original,stability_heavy,0.1,0.52,federation_cluster_attack,mid_stress,10,10,0,1.0,0.0,0.0,0.0,0.0,0.0,,,8.3
grand_sim_v0_4,with_regime_original,stability_heavy,0.1,0.52,federation_cluster_attack,high_stress,10,10,0,1.0,0.5,0.0,0.0,0.4,0.0,0.0,1.0,1.0
grand_sim_v0_4,with_regime_original,stability_heavy,0.1,0.52,psi_corruption,low_stress,10,10,0,0.0,0.0,1.0,0.0,0.0,0.0,,,0.0
grand_sim_v0_4,with_regime_original,stability_heavy,0.1,0.52,psi_corruption,mid_stress,10,10,0,1.0,0.0,0.0,0.0,0.0,0.0,,,10.2
grand_sim_v0_4,with_regime_original,stability_heavy,0.1,0.52,psi_corruption,high_stress,10,10,0,1.0,0.8,0.0,0.0,0.375,0.0,0.0,1.0,1.0
grand_sim_v0_4,with_regime_original,stability_heavy,0.1,0.54,async_message_loss,low_stress,10,0,10,0.0,0.0,0.0,0.0,0.0,0.0,,,0.0
grand_sim_v0_4,with_regime_original,stability_heavy,0.1,0.54,async_message_loss,mid_stress,10,0,10,0.0,0.0,0.0,0.0,0.0,0.0,,,0.0
grand_sim_v0_4,with_regime_original,stability_heavy,0.1,0.54,async_message_loss,high_stress,10,10,0,1.0,1.0,0.0,0.0,1.5,1.0,0.0,3.0,0.0
grand_sim_v0_4,with_regime_original,stability_heavy,0.1,0.54,federation_bridge_stress,low_stress,10,0,10,0.0,0.0,0.0,0.0,0.0,0.0,,,0.0
grand_sim_v0_4,with_regime_original,stability_heavy,0.1,0.54,federation_bridge_stress,mid_stress,10,0,10,0.0,0.0,0.0,0.0,0.0,0.0,,,0.0
grand_sim_v0_4,with_regime_original,stability_heavy,0.1,0.54,federation_bridge_stress,high_stress,10,10,0,1.0,0.3,0.0,0.0,0.0,0.0,0.0,0.0,1.142857
grand_sim_v0_4,with_regime_original,stability_heavy,0.1,0.54,federation_cluster_attack,low_stress,10,10,0,0.0,0.0,1.0,0.0,0.0,0.0,,,0.0
grand_sim_v0_4,with_regime_original,stability_heavy,0.1,0.54,federation_cluster_attack,mid_stress,10,10,0,1.0,0.0,0.0,0.0,0.0,0.0,,,13.0
grand_sim_v0_4,with_regime_original,stability_heavy,0.1,0.54,federation_cluster_attack,high_stress,10,10,0,1.0,0.4,0.0,0.0,0.0,0.0,0.0,0.0,1.166667
grand_sim_v0_4,with_regime_original,stability_heavy,0.1,0.54,psi_corruption,low_stress,10,10,0,0.0,0.0,1.0,0.0,0.0,0.0,,,0.0
grand_sim_v0_4,with_regime_original,stability_heavy,0.1,0.54,psi_corruption,mid_stress,10,10,0,1.0,0.0,0.0,0.0,0.0,0.0,,,14.4
grand_sim_v0_4,with_regime_original,stability_heavy,0.1,0.54,psi_corruption,high_stress,10,10,0,1.0,0.5,0.0,0.0,0.0,0.0,0.0,0.0,1.2
grand_sim_v0_4,with_regime_original,stability_heavy,0.1,0.56,async_message_loss,low_stress,10,0,10,0.0,0.0,0.0,0.0,0.0,0.0,,,0.0
grand_sim_v0_4,with_regime_original,stability_heavy,0.1,0.56,async_message_loss,mid_stress,10,0,10,0.0,0.0,0.0,0.0,0.0,0.0,,,0.0
grand_sim_v0_4,with_regime_original,stability_heavy,0.1,0.56,async_message_loss,high_stress,10,10,0,1.0,0.9,0.0,0.0,0.777778,1.0,0.0,2.0,1.0
grand_sim_v0_4,with_regime_original,stability_heavy,0.1,0.56,federation_bridge_stress,low_stress,10,0,10,0.0,0.0,0.0,0.0,0.0,0.0,,,0.0
grand_sim_v0_4,with_regime_original,stability_heavy,0.1,0.56,federation_bridge_stress,mid_stress,10,0,10,0.0,0.0,0.0,0.0,0.0,0.0,,,0.0
grand_sim_v0_4,with_regime_original,stability_heavy,0.1,0.56,federation_bridge_stress,high_stress,10,10,0,1.0,0.2,0.0,0.0,0.0,0.0,0.0,0.0,1.25
grand_sim_v0_4,with_regime_original,stability_heavy,0.1,0.56,federation_cluster_attack,low_stress,10,10,0,0.0,0.0,1.0,0.0,0.0,0.0,,,0.0
grand_sim_v0_4,with_regime_original,stability_heavy,0.1,0.56,federation_cluster_attack,mid_stress,10,10,0,1.0,0.0,0.0,0.0,0.0,0.0,,,21.7
grand_sim_v0_4,with_regime_original,stability_heavy,0.1,0.56,federation_cluster_attack,high_stress,10,10,0,1.0,0.0,0.0,0.0,0.0,0.0,,,1.3
grand_sim_v0_4,with_regime_original,stability_heavy,0.1,0.56,psi_corruption,low_stress,10,10,0,0.0,0.0,1.0,0.0,0.0,0.0,,,0.0
grand_sim_v0_4,with_regime_original,stability_heavy,0.1,0.56,psi_corruption,mid_stress,10,10,0,1.0,0.0,0.0,0.0,0.0,0.0,,,21.9
grand_sim_v0_4,with_regime_original,stability_heavy,0.1,0.56,psi_corruption,high_stress,10,10,0,1.0,0.2,0.0,0.0,0.0,0.0,0.0,0.0,1.125
grand_sim_v0_4,with_regime_original,stability_heavy,0.1,0.58,async_message_loss,low_stress,10,0,10,0.0,0.0,0.0,0.0,0.0,0.0,,,0.0
grand_sim_v0_4,with_regime_original,stability_heavy,0.1,0.58,async_message_loss,mid_stress,10,0,10,0.0,0.0,0.0,0.0,0.0,0.0,,,0.0
grand_sim_v0_4,with_regime_original,stability_heavy,0.1,0.58,async_message_loss,high_stress,10,10,0,1.0,0.4,0.0,0.0,0.25,0.0,0.0,1.0,1.166667
grand_sim_v0_4,with_regime_original,stability_heavy,0.1,0.58,federation_bridge_stress,low_stress,10,0,10,0.0,0.0,0.0,0.0,0.0,0.0,,,0.0
grand_sim_v0_4,with_regime_original,stability_heavy,0.1,0.58,federation_bridge_stress,mid_stress,10,0,10,0.0,0.0,0.0,0.0,0.0,0.0,,,0.0
grand_sim_v0_4,with_regime_original,stability_heavy,0.1,0.58,federation_bridge_stress,high_stress,10,10,0,1.0,0.0,0.0,0.0,0.0,0.0,,,1.5
grand_sim_v0_4,with_regime_original,stability_heavy,0.1,0.58,federation_cluster_attack,low_stress,10,10,0,0.0,0.0,1.0,0.0,0.0,0.0,,,0.0
grand_sim_v0_4,with_regime_original,stability_heavy,0.1,0.58,federation_cluster_attack,mid_stress,10,10,0,1.0,0.0,0.0,0.0,0.0,0.0,,,34.2
grand_sim_v0_4,with_regime_original,stability_heavy,0.1,0.58,federation_cluster_attack,high_stress,10,10,0,1.0,0.0,0.0,0.0,0.0,0.0,,,1.8
grand_sim_v0_4,with_regime_original,stability_heavy,0.1,0.58,psi_corruption,low_stress,10,10,0,0.0,0.0,1.0,0.0,0.0,0.0,,,0.0
grand_sim_v0_4,with_regime_original,stability_heavy,0.1,0.58,psi_corruption,mid_stress,10,10,0,1.0,0.0,0.0,0.0,0.0,0.0,,,33.1
grand_sim_v0_4,with_regime_original,stability_heavy,0.1,0.58,psi_corruption,high_stress,10,10,0,1.0,0.1,0.0,0.0,0.0,0.0,0.0,0.0,1.333333
grand_sim_v0_4,with_regime_original,stability_heavy,0.1,0.6,async_message_loss,low_stress,10,0,10,0.0,0.0,0.0,0.0,0.0,0.0,,,0.0
grand_sim_v0_4,with_regime_original,stability_heavy,0.1,0.6,async_message_loss,mid_stress,10,0,10,0.0,0.0,0.0,0.0,0.0,0.0,,,0.0
grand_sim_v0_4,with_regime_original,stability_heavy,0.1,0.6,async_message_loss,high_stress,10,10,0,1.0,0.0,0.0,0.0,0.0,0.0,,,1.4
grand_sim_v0_4,with_regime_original,stability_heavy,0.1,0.6,federation_bridge_stress,low_stress,10,0,10,0.0,0.0,0.0,0.0,0.0,0.0,,,0.0
grand_sim_v0_4,with_regime_original,stability_heavy,0.1,0.6,federation_bridge_stress,mid_stress,10,0,10,0.0,0.0,0.0,0.0,0.0,0.0,,,0.0
grand_sim_v0_4,with_regime_original,stability_heavy,0.1,0.6,federation_bridge_stress,high_stress,10,10,0,1.0,0.0,0.0,0.0,0.0,0.0,,,2.1
grand_sim_v0_4,with_regime_original,stability_heavy,0.1,0.6,federation_cluster_attack,low_stress,10,10,0,0.0,0.0,1.0,0.0,0.0,0.0,,,0.0
grand_sim_v0_4,with_regime_original,stability_heavy,0.1,0.6,federation_cluster_attack,mid_stress,10,10,0,0.0,0.0,1.0,0.0,0.0,0.0,,,0.0
grand_sim_v0_4,with_regime_original,stability_heavy,0.1,0.6,federation_cluster_attack,high_stress,10,10,0,1.0,0.0,0.0,0.0,0.0,0.0,,,2.1
grand_sim_v0_4,with_regime_original,stability_heavy,0.1,0.6,psi_corruption,low_stress,10,10,0,0.0,0.0,1.0,0.0,0.0,0.0,,,0.0
grand_sim_v0_4,with_regime_original,stability_heavy,0.1,0.6,psi_corruption,mid_stress,10,10,0,0.9,0.0,0.1,0.0,0.0,0.0,,,49.111111
grand_sim_v0_4,with_regime_original,stability_heavy,0.1,0.6,psi_corruption,high_stress,10,10,0,1.0,0.0,0.0,0.0,0.0,0.0,,,1.7
grand_sim_v0_4,no_regime_ablation,stability_heavy,0.1,0.1,async_message_loss,low_stress,10,0,10,0.0,0.0,0.0,1.0,0.0,0.0,,,0.0
grand_sim_v0_4,no_regime_ablation,stability_heavy,0.1,0.1,async_message_loss,mid_stress,10,0,10,0.0,0.0,0.0,1.0,0.0,0.0,,,0.0
grand_sim_v0_4,no_regime_ablation,stability_heavy,0.1,0.1,async_message_loss,high_stress,10,10,0,1.0,1.0,0.0,0.0,31.4,31.0,29.0,33.0,0.0
grand_sim_v0_4,no_regime_ablation,stability_heavy,0.1,0.1,federation_bridge_stress,low_stress,10,0,10,0.0,0.0,0.0,1.0,0.0,0.0,,,0.0
grand_sim_v0_4,no_regime_ablation,stability_heavy,0.1,0.1,federation_bridge_stress,mid_stress,10,0,10,0.0,0.0,0.0,1.0,0.0,0.0,,,0.0
grand_sim_v0_4,no_regime_ablation,stability_heavy,0.1,0.1,federation_bridge_stress,high_stress,10,10,0,1.0,1.0,0.0,0.0,24.7,24.0,23.0,27.0,0.0
grand_sim_v0_4,no_regime_ablation,stability_heavy,0.1,0.1,federation_cluster_attack,low_stress,10,10,0,1.0,1.0,0.0,0.0,97.2,98.0,92.0,99.0,0.0
grand_sim_v0_4,no_regime_ablation,stability_heavy,0.1,0.1,federation_cluster_attack,mid_stress,10,10,0,1.0,1.0,0.0,0.0,65.9,66.0,62.0,67.0,0.0
grand_sim_v0_4,no_regime_ablation,stability_heavy,0.1,0.1,federation_cluster_attack,high_stress,10,10,0,1.0,1.0,0.0,0.0,26.5,27.0,25.0,28.0,0.0
grand_sim_v0_4,no_regime_ablation,stability_heavy,0.1,0.1,psi_corruption,low_stress,10,10,0,1.0,1.0,0.0,0.0,87.1,87.0,86.0,88.0,0.0
grand_sim_v0_4,no_regime_ablation,stability_heavy,0.1,0.1,psi_corruption,mid_stress,10,10,0,1.0,1.0,0.0,0.0,59.9,60.0,57.0,61.0,0.0
grand_sim_v0_4,no_regime_ablation,stability_heavy,0.1,0.1,psi_corruption,high_stress,10,10,0,1.0,1.0,0.0,0.0,24.6,24.0,23.0,27.0,0.0
grand_sim_v0_4,no_regime_ablation,stability_heavy,0.1,0.12,async_message_loss,low_stress,10,0,10,0.0,0.0,0.0,1.0,0.0,0.0,,,0.0
grand_sim_v0_4,no_regime_ablation,stability_heavy,0.1,0.12,async_message_loss,mid_stress,10,0,10,0.0,0.0,0.0,1.0,0.0,0.0,,,0.0
grand_sim_v0_4,no_regime_ablation,stability_heavy,0.1,0.12,async_message_loss,high_stress,10,10,0,1.0,1.0,0.0,0.0,31.4,31.0,29.0,33.0,0.0
grand_sim_v0_4,no_regime_ablation,stability_heavy,0.1,0.12,federation_bridge_stress,low_stress,10,0,10,0.0,0.0,0.0,1.0,0.0,0.0,,,0.0
grand_sim_v0_4,no_regime_ablation,stability_heavy,0.1,0.12,federation_bridge_stress,mid_stress,10,0,10,0.0,0.0,0.0,1.0,0.0,0.0,,,0.0
grand_sim_v0_4,no_regime_ablation,stability_heavy,0.1,0.12,federation_bridge_stress,high_stress,10,10,0,1.0,1.0,0.0,0.0,24.7,24.0,23.0,27.0,0.0
grand_sim_v0_4,no_regime_ablation,stability_heavy,0.1,0.12,federation_cluster_attack,low_stress,10,10,0,1.0,1.0,0.0,0.0,97.2,98.0,92.0,99.0,0.0
grand_sim_v0_4,no_regime_ablation,stability_heavy,0.1,0.12,federation_cluster_attack,mid_stress,10,10,0,1.0,1.0,0.0,0.0,65.9,66.0,62.0,67.0,0.0
grand_sim_v0_4,no_regime_ablation,stability_heavy,0.1,0.12,federation_cluster_attack,high_stress,10,10,0,1.0,1.0,0.0,0.0,26.5,27.0,25.0,28.0,0.0
grand_sim_v0_4,no_regime_ablation,stability_heavy,0.1,0.12,psi_corruption,low_stress,10,10,0,1.0,1.0,0.0,0.0,87.1,87.0,86.0,88.0,0.0
grand_sim_v0_4,no_regime_ablation,stability_heavy,0.1,0.12,psi_corruption,mid_stress,10,10,0,1.0,1.0,0.0,0.0,59.9,60.0,57.0,61.0,0.0
grand_sim_v0_4,no_regime_ablation,stability_heavy,0.1,0.12,psi_corruption,high_stress,10,10,0,1.0,1.0,0.0,0.0,24.6,24.0,23.0,27.0,0.0
grand_sim_v0_4,no_regime_ablation,stability_heavy,0.1,0.14,async_message_loss,low_stress,10,0,10,0.0,0.0,0.0,1.0,0.0,0.0,,,0.0
grand_sim_v0_4,no_regime_ablation,stability_heavy,0.1,0.14,async_message_loss,mid_stress,10,0,10,0.0,0.0,0.0,1.0,0.0,0.0,,,0.0
grand_sim_v0_4,no_regime_ablation,stability_heavy,0.1,0.14,async_message_loss,high_stress,10,10,0,1.0,1.0,0.0,0.0,31.4,31.0,29.0,33.0,0.0
grand_sim_v0_4,no_regime_ablation,stability_heavy,0.1,0.14,federation_bridge_stress,low_stress,10,0,10,0.0,0.0,0.0,1.0,0.0,0.0,,,0.0
grand_sim_v0_4,no_regime_ablation,stability_heavy,0.1,0.14,federation_bridge_stress,mid_stress,10,0,10,0.0,0.0,0.0,1.0,0.0,0.0,,,0.0
grand_sim_v0_4,no_regime_ablation,stability_heavy,0.1,0.14,federation_bridge_stress,high_stress,10,10,0,1.0,1.0,0.0,0.0,24.7,24.0,23.0,27.0,0.0
grand_sim_v0_4,no_regime_ablation,stability_heavy,0.1,0.14,federation_cluster_attack,low_stress,10,10,0,1.0,1.0,0.0,0.0,97.2,98.0,92.0,99.0,0.0
grand_sim_v0_4,no_regime_ablation,stability_heavy,0.1,0.14,federation_cluster_attack,mid_stress,10,10,0,1.0,1.0,0.0,0.0,65.9,66.0,62.0,67.0,0.0
grand_sim_v0_4,no_regime_ablation,stability_heavy,0.1,0.14,federation_cluster_attack,high_stress,10,10,0,1.0,1.0,0.0,0.0,26.5,27.0,25.0,28.0,0.0
grand_sim_v0_4,no_regime_ablation,stability_heavy,0.1,0.14,psi_corruption,low_stress,10,10,0,1.0,1.0,0.0,0.0,87.1,87.0,86.0,88.0,0.0
grand_sim_v0_4,no_regime_ablation,stability_heavy,0.1,0.14,psi_corruption,mid_stress,10,10,0,1.0,1.0,0.0,0.0,59.9,60.0,57.0,61.0,0.0
grand_sim_v0_4,no_regime_ablation,stability_heavy,0.1,0.14,psi_corruption,high_stress,10,10,0,1.0,1.0,0.0,0.0,24.6,24.0,23.0,27.0,0.0
grand_sim_v0_4,no_regime_ablation,stability_heavy,0.1,0.16,async_message_loss,low_stress,10,0,10,0.0,0.0,0.0,1.0,0.0,0.0,,,0.0
grand_sim_v0_4,no_regime_ablation,stability_heavy,0.1,0.16,async_message_loss,mid_stress,10,0,10,0.0,0.0,0.0,1.0,0.0,0.0,,,0.0
grand_sim_v0_4,no_regime_ablation,stability_heavy,0.1,0.16,async_message_loss,high_stress,10,10,0,1.0,1.0,0.0,0.0,31.4,31.0,29.0,33.0,0.0
grand_sim_v0_4,no_regime_ablation,stability_heavy,0.1,0.16,federation_bridge_stress,low_stress,10,0,10,0.0,0.0,0.0,1.0,0.0,0.0,,,0.0
grand_sim_v0_4,no_regime_ablation,stability_heavy,0.1,0.16,federation_bridge_stress,mid_stress,10,0,10,0.0,0.0,0.0,1.0,0.0,0.0,,,0.0
grand_sim_v0_4,no_regime_ablation,stability_heavy,0.1,0.16,federation_bridge_stress,high_stress,10,10,0,1.0,1.0,0.0,0.0,24.7,24.0,23.0,27.0,0.0
grand_sim_v0_4,no_regime_ablation,stability_heavy,0.1,0.16,federation_cluster_attack,low_stress,10,10,0,1.0,1.0,0.0,0.0,97.2,98.0,92.0,99.0,0.0
grand_sim_v0_4,no_regime_ablation,stability_heavy,0.1,0.16,federation_cluster_attack,mid_stress,10,10,0,1.0,1.0,0.0,0.0,65.9,66.0,62.0,67.0,0.0
grand_sim_v0_4,no_regime_ablation,stability_heavy,0.1,0.16,federation_cluster_attack,high_stress,10,10,0,1.0,1.0,0.0,0.0,26.5,27.0,25.0,28.0,0.0
grand_sim_v0_4,no_regime_ablation,stability_heavy,0.1,0.16,psi_corruption,low_stress,10,10,0,1.0,1.0,0.0,0.0,87.1,87.0,86.0,88.0,0.0
grand_sim_v0_4,no_regime_ablation,stability_heavy,0.1,0.16,psi_corruption,mid_stress,10,10,0,1.0,1.0,0.0,0.0,59.9,60.0,57.0,61.0,0.0
grand_sim_v0_4,no_regime_ablation,stability_heavy,0.1,0.16,psi_corruption,high_stress,10,10,0,1.0,1.0,0.0,0.0,24.6,24.0,23.0,27.0,0.0
grand_sim_v0_4,no_regime_ablation,stability_heavy,0.1,0.18,async_message_loss,low_stress,10,0,10,0.0,0.0,0.0,1.0,0.0,0.0,,,0.0
grand_sim_v0_4,no_regime_ablation,stability_heavy,0.1,0.18,async_message_loss,mid_stress,10,0,10,0.0,0.0,0.0,1.0,0.0,0.0,,,0.0
grand_sim_v0_4,no_regime_ablation,stability_heavy,0.1,0.18,async_message_loss,high_stress,10,10,0,1.0,1.0,0.0,0.0,31.4,31.0,29.0,33.0,0.0
grand_sim_v0_4,no_regime_ablation,stability_heavy,0.1,0.18,federation_bridge_stress,low_stress,10,0,10,0.0,0.0,0.0,1.0,0.0,0.0,,,0.0
grand_sim_v0_4,no_regime_ablation,stability_heavy,0.1,0.18,federation_bridge_stress,mid_stress,10,0,10,0.0,0.0,0.0,1.0,0.0,0.0,,,0.0
grand_sim_v0_4,no_regime_ablation,stability_heavy,0.1,0.18,federation_bridge_stress,high_stress,10,10,0,1.0,1.0,0.0,0.0,24.7,24.0,23.0,27.0,0.0
grand_sim_v0_4,no_regime_ablation,stability_heavy,0.1,0.18,federation_cluster_attack,low_stress,10,10,0,1.0,1.0,0.0,0.0,97.2,98.0,92.0,99.0,0.0
grand_sim_v0_4,no_regime_ablation,stability_heavy,0.1,0.18,federation_cluster_attack,mid_stress,10,10,0,1.0,1.0,0.0,0.0,65.9,66.0,62.0,67.0,0.0
grand_sim_v0_4,no_regime_ablation,stability_heavy,0.1,0.18,federation_cluster_attack,high_stress,10,10,0,1.0,1.0,0.0,0.0,26.5,27.0,25.0,28.0,0.0
grand_sim_v0_4,no_regime_ablation,stability_heavy,0.1,0.18,psi_corruption,low_stress,10,10,0,1.0,1.0,0.0,0.0,87.1,87.0,86.0,88.0,0.0
grand_sim_v0_4,no_regime_ablation,stability_heavy,0.1,0.18,psi_corruption,mid_stress,10,10,0,1.0,1.0,0.0,0.0,59.9,60.0,57.0,61.0,0.0
grand_sim_v0_4,no_regime_ablation,stability_heavy,0.1,0.18,psi_corruption,high_stress,10,10,0,1.0,1.0,0.0,0.0,24.6,24.0,23.0,27.0,0.0
grand_sim_v0_4,no_regime_ablation,stability_heavy,0.1,0.2,async_message_loss,low_stress,10,0,10,0.0,0.0,0.0,1.0,0.0,0.0,,,0.0
grand_sim_v0_4,no_regime_ablation,stability_heavy,0.1,0.2,async_message_loss,mid_stress,10,0,10,0.0,0.0,0.0,1.0,0.0,0.0,,,0.0
grand_sim_v0_4,no_regime_ablation,stability_heavy,0.1,0.2,async_message_loss,high_stress,10,10,0,1.0,1.0,0.0,0.0,31.4,31.0,29.0,33.0,0.0
grand_sim_v0_4,no_regime_ablation,stability_heavy,0.1,0.2,federation_bridge_stress,low_stress,10,0,10,0.0,0.0,0.0,0.3,0.0,0.0,,,0.0
grand_sim_v0_4,no_regime_ablation,stability_heavy,0.1,0.2,federation_bridge_stress,mid_stress,10,0,10,0.0,0.0,0.0,0.9,0.0,0.0,,,0.0
grand_sim_v0_4,no_regime_ablation,stability_heavy,0.1,0.2,federation_bridge_stress,high_stress,10,10,0,1.0,1.0,0.0,0.0,24.7,24.0,23.0,27.0,0.0
grand_sim_v0_4,no_regime_ablation,stability_heavy,0.1,0.2,federation_cluster_attack,low_stress,10,10,0,1.0,1.0,0.0,0.0,63.4,31.0,25.0,99.0,0.0
grand_sim_v0_4,no_regime_ablation,stability_heavy,0.1,0.2,federation_cluster_attack,mid_stress,10,10,0,1.0,1.0,0.0,0.0,65.9,66.0,62.0,67.0,0.0
grand_sim_v0_4,no_regime_ablation,stability_heavy,0.1,0.2,federation_cluster_attack,high_stress,10,10,0,1.0,1.0,0.0,0.0,26.5,27.0,25.0,28.0,0.0
grand_sim_v0_4,no_regime_ablation,stability_heavy,0.1,0.2,psi_corruption,low_stress,10,10,0,1.0,1.0,0.0,0.0,45.7,28.0,26.0,88.0,0.0
grand_sim_v0_4,no_regime_ablation,stability_heavy,0.1,0.2,psi_corruption,mid_stress,10,10,0,1.0,1.0,0.0,0.0,59.9,60.0,57.0,61.0,0.0
grand_sim_v0_4,no_regime_ablation,stability_heavy,0.1,0.2,psi_corruption,high_stress,10,10,0,1.0,1.0,0.0,0.0,24.6,24.0,23.0,27.0,0.0
grand_sim_v0_4,no_regime_ablation,stability_heavy,0.1,0.22,async_message_loss,low_stress,10,0,10,0.0,0.0,0.0,0.0,0.0,0.0,,,0.0
grand_sim_v0_4,no_regime_ablation,stability_heavy,0.1,0.22,async_message_loss,mid_stress,10,0,10,0.0,0.0,0.0,0.0,0.0,0.0,,,0.0
grand_sim_v0_4,no_regime_ablation,stability_heavy,0.1,0.22,async_message_loss,high_stress,10,10,0,1.0,1.0,0.0,0.0,25.8,25.0,25.0,27.0,0.0
grand_sim_v0_4,no_regime_ablation,stability_heavy,0.1,0.22,federation_bridge_stress,low_stress,10,0,10,0.0,0.0,0.0,0.0,0.0,0.0,,,0.0
grand_sim_v0_4,no_regime_ablation,stability_heavy,0.1,0.22,federation_bridge_stress,mid_stress,10,0,10,0.0,0.0,0.0,0.0,0.0,0.0,,,0.0
grand_sim_v0_4,no_regime_ablation,stability_heavy,0.1,0.22,federation_bridge_stress,high_stress,10,10,0,1.0,1.0,0.0,0.0,18.0,18.0,16.0,19.0,0.0
grand_sim_v0_4,no_regime_ablation,stability_heavy,0.1,0.22,federation_cluster_attack,low_stress,10,10,0,1.0,1.0,0.0,0.0,26.0,26.0,21.0,28.0,0.0
grand_sim_v0_4,no_regime_ablation,stability_heavy,0.1,0.22,federation_cluster_attack,mid_stress,10,10,0,1.0,1.0,0.0,0.0,15.0,15.0,12.0,16.0,0.0
grand_sim_v0_4,no_regime_ablation,stability_heavy,0.1,0.22,federation_cluster_attack,high_stress,10,10,0,1.0,1.0,0.0,0.0,18.4,18.0,17.0,21.0,0.0
grand_sim_v0_4,no_regime_ablation,stability_heavy,0.1,0.22,psi_corruption,low_stress,10,10,0,1.0,1.0,0.0,0.0,24.7,24.0,24.0,26.0,0.0
grand_sim_v0_4,no_regime_ablation,stability_heavy,0.1,0.22,psi_corruption,mid_stress,10,10,0,1.0,1.0,0.0,0.0,12.3,12.0,10.0,14.0,0.0
grand_sim_v0_4,no_regime_ablation,stability_heavy,0.1,0.22,psi_corruption,high_stress,10,10,0,1.0,1.0,0.0,0.0,18.3,18.0,17.0,20.0,0.0
grand_sim_v0_4,no_regime_ablation,stability_heavy,0.1,0.24,async_message_loss,low_stress,10,0,10,0.0,0.0,0.0,0.0,0.0,0.0,,,0.0
grand_sim_v0_4,no_regime_ablation,stability_heavy,0.1,0.24,async_message_loss,mid_stress,10,0,10,0.0,0.0,0.0,0.0,0.0,0.0,,,0.0
grand_sim_v0_4,no_regime_ablation,stability_heavy,0.1,0.24,async_message_loss,high_stress,10,10,0,1.0,1.0,0.0,0.0,19.8,19.0,19.0,21.0,0.0
grand_sim_v0_4,no_regime_ablation,stability_heavy,0.1,0.24,federation_bridge_stress,low_stress,10,0,10,0.0,0.0,0.0,0.0,0.0,0.0,,,0.0
grand_sim_v0_4,no_regime_ablation,stability_heavy,0.1,0.24,federation_bridge_stress,mid_stress,10,0,10,0.0,0.0,0.0,0.0,0.0,0.0,,,0.0
grand_sim_v0_4,no_regime_ablation,stability_heavy,0.1,0.24,federation_bridge_stress,high_stress,10,10,0,1.0,1.0,0.0,0.0,13.4,13.0,12.0,14.0,0.0
grand_sim_v0_4,no_regime_ablation,stability_heavy,0.1,0.24,federation_cluster_attack,low_stress,10,10,0,1.0,1.0,0.0,0.0,24.0,24.0,19.0,26.0,0.0
grand_sim_v0_4,no_regime_ablation,stability_heavy,0.1,0.24,federation_cluster_attack,mid_stress,10,10,0,1.0,1.0,0.0,0.0,13.8,14.0,10.0,15.0,0.0
grand_sim_v0_4,no_regime_ablation,stability_heavy,0.1,0.24,federation_cluster_attack,high_stress,10,10,0,1.0,1.0,0.0,0.0,13.9,14.0,13.0,16.0,0.0
grand_sim_v0_4,no_regime_ablation,stability_heavy,0.1,0.24,psi_corruption,low_stress,10,10,0,1.0,1.0,0.0,0.0,22.0,22.0,21.0,24.0,0.0
grand_sim_v0_4,no_regime_ablation,stability_heavy,0.1,0.24,psi_corruption,mid_stress,10,10,0,1.0,1.0,0.0,0.0,11.2,11.0,9.0,12.0,0.0
grand_sim_v0_4,no_regime_ablation,stability_heavy,0.1,0.24,psi_corruption,high_stress,10,10,0,1.0,1.0,0.0,0.0,13.8,13.0,13.0,15.0,0.0
grand_sim_v0_4,no_regime_ablation,stability_heavy,0.1,0.26,async_message_loss,low_stress,10,0,10,0.0,0.0,0.0,0.0,0.0,0.0,,,0.0
grand_sim_v0_4,no_regime_ablation,stability_heavy,0.1,0.26,async_message_loss,mid_stress,10,0,10,0.0,0.0,0.0,0.0,0.0,0.0,,,0.0
grand_sim_v0_4,no_regime_ablation,stability_heavy,0.1,0.26,async_message_loss,high_stress,10,10,0,1.0,1.0,0.0,0.0,16.7,16.0,15.0,18.0,0.0
grand_sim_v0_4,no_regime_ablation,stability_heavy,0.1,0.26,federation_bridge_stress,low_stress,10,0,10,0.0,0.0,0.0,0.0,0.0,0.0,,,0.0
grand_sim_v0_4,no_regime_ablation,stability_heavy,0.1,0.26,federation_bridge_stress,mid_stress,10,0,10,0.0,0.0,0.0,0.0,0.0,0.0,,,0.0
grand_sim_v0_4,no_regime_ablation,stability_heavy,0.1,0.26,federation_bridge_stress,high_stress,10,10,0,1.0,1.0,0.0,0.0,10.9,11.0,10.0,12.0,0.0
grand_sim_v0_4,no_regime_ablation,stability_heavy,0.1,0.26,federation_cluster_attack,low_stress,10,10,0,1.0,1.0,0.0,0.0,22.0,22.0,17.0,24.0,0.0
grand_sim_v0_4,no_regime_ablation,stability_heavy,0.1,0.26,federation_cluster_attack,mid_stress,10,10,0,1.0,1.0,0.0,0.0,12.7,13.0,9.0,14.0,0.0
grand_sim_v0_4,no_regime_ablation,stability_heavy,0.1,0.26,federation_cluster_attack,high_stress,10,10,0,1.0,1.0,0.0,0.0,11.2,11.0,10.0,13.0,0.0
grand_sim_v0_4,no_regime_ablation,stability_heavy,0.1,0.26,psi_corruption,low_stress,10,10,0,1.0,1.0,0.0,0.0,19.6,19.0,18.0,22.0,0.0
grand_sim_v0_4,no_regime_ablation,stability_heavy,0.1,0.26,psi_corruption,mid_stress,10,10,0,1.0,1.0,0.0,0.0,10.3,10.0,8.0,12.0,0.0
grand_sim_v0_4,no_regime_ablation,stability_heavy,0.1,0.26,psi_corruption,high_stress,10,10,0,1.0,1.0,0.0,0.0,11.1,11.0,10.0,13.0,0.0
grand_sim_v0_4,no_regime_ablation,stability_heavy,0.1,0.28,async_message_loss,low_stress,10,0,10,0.0,0.0,0.0,0.0,0.0,0.0,,,0.0
grand_sim_v0_4,no_regime_ablation,stability_heavy,0.1,0.28,async_message_loss,mid_stress,10,0,10,0.0,0.0,0.0,0.0,0.0,0.0,,,0.0
grand_sim_v0_4,no_regime_ablation,stability_heavy,0.1,0.28,async_message_loss,high_stress,10,10,0,1.0,1.0,0.0,0.0,14.2,14.0,13.0,16.0,0.0
grand_sim_v0_4,no_regime_ablation,stability_heavy,0.1,0.28,federation_bridge_stress,low_stress,10,0,10,0.0,0.0,0.0,0.0,0.0,0.0,,,0.0
grand_sim_v0_4,no_regime_ablation,stability_heavy,0.1,0.28,federation_bridge_stress,mid_stress,10,0,10,0.0,0.0,0.0,0.0,0.0,0.0,,,0.0
grand_sim_v0_4,no_regime_ablation,stability_heavy,0.1,0.28,federation_bridge_stress,high_stress,10,10,0,1.0,1.0,0.0,0.0,8.9,9.0,8.0,10.0,0.0
grand_sim_v0_4,no_regime_ablation,stability_heavy,0.1,0.28,federation_cluster_attack,low_stress,10,10,0,1.0,1.0,0.0,0.0,20.0,20.0,16.0,22.0,0.0
grand_sim_v0_4,no_regime_ablation,stability_heavy,0.1,0.28,federation_cluster_attack,mid_stress,10,10,0,1.0,1.0,0.0,0.0,11.5,12.0,8.0,13.0,0.0
grand_sim_v0_4,no_regime_ablation,stability_heavy,0.1,0.28,federation_cluster_attack,high_stress,10,10,0,1.0,1.0,0.0,0.0,9.2,9.0,8.0,11.0,0.0
grand_sim_v0_4,no_regime_ablation,stability_heavy,0.1,0.28,psi_corruption,low_stress,10,10,0,1.0,1.0,0.0,0.0,17.3,17.0,16.0,20.0,0.0
grand_sim_v0_4,no_regime_ablation,stability_heavy,0.1,0.28,psi_corruption,mid_stress,10,10,0,1.0,1.0,0.0,0.0,9.4,10.0,7.0,11.0,0.0
grand_sim_v0_4,no_regime_ablation,stability_heavy,0.1,0.28,psi_corruption,high_stress,10,10,0,1.0,1.0,0.0,0.0,9.1,9.0,8.0,11.0,0.0
grand_sim_v0_4,no_regime_ablation,stability_heavy,0.1,0.3,async_message_loss,low_stress,10,0,10,0.0,0.0,0.0,0.0,0.0,0.0,,,0.0
grand_sim_v0_4,no_regime_ablation,stability_heavy,0.1,0.3,async_message_loss,mid_stress,10,0,10,0.0,0.0,0.0,0.0,0.0,0.0,,,0.0
grand_sim_v0_4,no_regime_ablation,stability_heavy,0.1,0.3,async_message_loss,high_stress,10,10,0,1.0,1.0,0.0,0.0,12.4,12.0,11.0,14.0,0.0
grand_sim_v0_4,no_regime_ablation,stability_heavy,0.1,0.3,federation_bridge_stress,low_stress,10,0,10,0.0,0.0,0.0,0.0,0.0,0.0,,,0.0
grand_sim_v0_4,no_regime_ablation,stability_heavy,0.1,0.3,federation_bridge_stress,mid_stress,10,0,10,0.0,0.0,0.0,0.0,0.0,0.0,,,0.0
grand_sim_v0_4,no_regime_ablation,stability_heavy,0.1,0.3,federation_bridge_stress,high_stress,10,10,0,1.0,1.0,0.0,0.0,7.3,7.0,6.0,8.0,0.0
grand_sim_v0_4,no_regime_ablation,stability_heavy,0.1,0.3,federation_cluster_attack,low_stress,10,10,0,1.0,1.0,0.0,0.0,18.1,19.0,14.0,20.0,0.0
grand_sim_v0_4,no_regime_ablation,stability_heavy,0.1,0.3,federation_cluster_attack,mid_stress,10,10,0,1.0,1.0,0.0,0.0,10.5,11.0,7.0,12.0,0.0
grand_sim_v0_4,no_regime_ablation,stability_heavy,0.1,0.3,federation_cluster_attack,high_stress,10,10,0,1.0,1.0,0.0,0.0,7.5,7.0,6.0,9.0,0.0
grand_sim_v0_4,no_regime_ablation,stability_heavy,0.1,0.3,psi_corruption,low_stress,10,10,0,1.0,1.0,0.0,0.0,15.6,15.0,14.0,18.0,0.0
grand_sim_v0_4,no_regime_ablation,stability_heavy,0.1,0.3,psi_corruption,mid_stress,10,10,0,1.0,1.0,0.0,0.0,8.5,9.0,6.0,10.0,0.0
grand_sim_v0_4,no_regime_ablation,stability_heavy,0.1,0.3,psi_corruption,high_stress,10,10,0,1.0,1.0,0.0,0.0,7.6,7.0,6.0,9.0,0.0
grand_sim_v0_4,no_regime_ablation,stability_heavy,0.1,0.32,async_message_loss,low_stress,10,0,10,0.0,0.0,0.0,0.0,0.0,0.0,,,0.0
grand_sim_v0_4,no_regime_ablation,stability_heavy,0.1,0.32,async_message_loss,mid_stress,10,0,10,0.0,0.0,0.0,0.0,0.0,0.0,,,0.0
grand_sim_v0_4,no_regime_ablation,stability_heavy,0.1,0.32,async_message_loss,high_stress,10,10,0,1.0,1.0,0.0,0.0,10.5,10.0,9.0,12.0,0.0
grand_sim_v0_4,no_regime_ablation,stability_heavy,0.1,0.32,federation_bridge_stress,low_stress,10,0,10,0.0,0.0,0.0,0.0,0.0,0.0,,,0.0
grand_sim_v0_4,no_regime_ablation,stability_heavy,0.1,0.32,federation_bridge_stress,mid_stress,10,0,10,0.0,0.0,0.0,0.0,0.0,0.0,,,0.0
grand_sim_v0_4,no_regime_ablation,stability_heavy,0.1,0.32,federation_bridge_stress,high_stress,10,10,0,1.0,1.0,0.0,0.0,5.9,6.0,5.0,7.0,0.0
grand_sim_v0_4,no_regime_ablation,stability_heavy,0.1,0.32,federation_cluster_attack,low_stress,10,10,0,1.0,1.0,0.0,0.0,16.4,17.0,12.0,19.0,0.0
grand_sim_v0_4,no_regime_ablation,stability_heavy,0.1,0.32,federation_cluster_attack,mid_stress,10,10,0,1.0,1.0,0.0,0.0,9.5,10.0,6.0,11.0,0.0
grand_sim_v0_4,no_regime_ablation,stability_heavy,0.1,0.32,federation_cluster_attack,high_stress,10,10,0,1.0,1.0,0.0,0.0,6.1,6.0,5.0,7.0,0.0
grand_sim_v0_4,no_regime_ablation,stability_heavy,0.1,0.32,psi_corruption,low_stress,10,10,0,1.0,1.0,0.0,0.0,14.1,14.0,13.0,16.0,0.0
grand_sim_v0_4,no_regime_ablation,stability_heavy,0.1,0.32,psi_corruption,mid_stress,10,10,0,1.0,1.0,0.0,0.0,7.5,8.0,5.0,9.0,0.0
grand_sim_v0_4,no_regime_ablation,stability_heavy,0.1,0.32,psi_corruption,high_stress,10,10,0,1.0,1.0,0.0,0.0,6.3,6.0,5.0,8.0,0.0
grand_sim_v0_4,no_regime_ablation,stability_heavy,0.1,0.34,async_message_loss,low_stress,10,0,10,0.0,0.0,0.0,0.0,0.0,0.0,,,0.0
grand_sim_v0_4,no_regime_ablation,stability_heavy,0.1,0.34,async_message_loss,mid_stress,10,0,10,0.0,0.0,0.0,0.0,0.0,0.0,,,0.0
grand_sim_v0_4,no_regime_ablation,stability_heavy,0.1,0.34,async_message_loss,high_stress,10,10,0,1.0,1.0,0.0,0.0,9.1,9.0,8.0,10.0,0.0
grand_sim_v0_4,no_regime_ablation,stability_heavy,0.1,0.34,federation_bridge_stress,low_stress,10,0,10,0.0,0.0,0.0,0.0,0.0,0.0,,,0.0
grand_sim_v0_4,no_regime_ablation,stability_heavy,0.1,0.34,federation_bridge_stress,mid_stress,10,0,10,0.0,0.0,0.0,0.0,0.0,0.0,,,0.0
grand_sim_v0_4,no_regime_ablation,stability_heavy,0.1,0.34,federation_bridge_stress,high_stress,10,10,0,1.0,1.0,0.0,0.0,4.7,5.0,3.0,6.0,0.0
grand_sim_v0_4,no_regime_ablation,stability_heavy,0.1,0.34,federation_cluster_attack,low_stress,10,10,0,1.0,1.0,0.0,0.0,14.7,15.0,11.0,17.0,0.0
grand_sim_v0_4,no_regime_ablation,stability_heavy,0.1,0.34,federation_cluster_attack,mid_stress,10,10,0,1.0,1.0,0.0,0.0,8.5,9.0,5.0,10.0,0.0
grand_sim_v0_4,no_regime_ablation,stability_heavy,0.1,0.34,federation_cluster_attack,high_stress,10,10,0,1.0,1.0,0.0,0.0,5.0,5.0,4.0,6.0,0.0
grand_sim_v0_4,no_regime_ablation,stability_heavy,0.1,0.34,psi_corruption,low_stress,10,10,0,1.0,1.0,0.0,0.0,12.8,13.0,12.0,14.0,0.0
grand_sim_v0_4,no_regime_ablation,stability_heavy,0.1,0.34,psi_corruption,mid_stress,10,10,0,1.0,1.0,0.0,0.0,7.0,7.0,4.0,8.0,0.0
grand_sim_v0_4,no_regime_ablation,stability_heavy,0.1,0.34,psi_corruption,high_stress,10,10,0,1.0,1.0,0.0,0.0,5.0,5.0,4.0,6.0,0.0
grand_sim_v0_4,no_regime_ablation,stability_heavy,0.1,0.36,async_message_loss,low_stress,10,0,10,0.0,0.0,0.0,0.0,0.0,0.0,,,0.0
grand_sim_v0_4,no_regime_ablation,stability_heavy,0.1,0.36,async_message_loss,mid_stress,10,0,10,0.0,0.0,0.0,0.0,0.0,0.0,,,0.0
grand_sim_v0_4,no_regime_ablation,stability_heavy,0.1,0.36,async_message_loss,high_stress,10,10,0,1.0,1.0,0.0,0.0,7.8,8.0,6.0,9.0,0.0
grand_sim_v0_4,no_regime_ablation,stability_heavy,0.1,0.36,federation_bridge_stress,low_stress,10,0,10,0.0,0.0,0.0,0.0,0.0,0.0,,,0.0
grand_sim_v0_4,no_regime_ablation,stability_heavy,0.1,0.36,federation_bridge_stress,mid_stress,10,0,10,0.0,0.0,0.0,0.0,0.0,0.0,,,0.0
grand_sim_v0_4,no_regime_ablation,stability_heavy,0.1,0.36,federation_bridge_stress,high_stress,10,10,0,1.0,1.0,0.0,0.0,3.6,4.0,2.0,5.0,0.0
grand_sim_v0_4,no_regime_ablation,stability_heavy,0.1,0.36,federation_cluster_attack,low_stress,10,10,0,1.0,1.0,0.0,0.0,13.1,14.0,9.0,15.0,0.0
grand_sim_v0_4,no_regime_ablation,stability_heavy,0.1,0.36,federation_cluster_attack,mid_stress,10,10,0,1.0,1.0,0.0,0.0,7.5,8.0,4.0,9.0,0.0
grand_sim_v0_4,no_regime_ablation,stability_heavy,0.1,0.36,federation_cluster_attack,high_stress,10,10,0,1.0,1.0,0.0,0.0,3.7,3.0,3.0,5.0,0.0
grand_sim_v0_4,no_regime_ablation,stability_heavy,0.1,0.36,psi_corruption,low_stress,10,10,0,1.0,1.0,0.0,0.0,11.2,11.0,10.0,13.0,0.0
grand_sim_v0_4,no_regime_ablation,stability_heavy,0.1,0.36,psi_corruption,mid_stress,10,10,0,1.0,1.0,0.0,0.0,6.1,6.0,4.0,7.0,0.0
grand_sim_v0_4,no_regime_ablation,stability_heavy,0.1,0.36,psi_corruption,high_stress,10,10,0,1.0,1.0,0.0,0.0,3.9,4.0,3.0,5.0,0.0
grand_sim_v0_4,no_regime_ablation,stability_heavy,0.1,0.38,async_message_loss,low_stress,10,0,10,0.0,0.0,0.0,0.0,0.0,0.0,,,0.0
grand_sim_v0_4,no_regime_ablation,stability_heavy,0.1,0.38,async_message_loss,mid_stress,10,0,10,0.0,0.0,0.0,0.0,0.0,0.0,,,0.0
grand_sim_v0_4,no_regime_ablation,stability_heavy,0.1,0.38,async_message_loss,high_stress,10,10,0,1.0,1.0,0.0,0.0,6.8,7.0,5.0,8.0,0.0
grand_sim_v0_4,no_regime_ablation,stability_heavy,0.1,0.38,federation_bridge_stress,low_stress,10,0,10,0.0,0.0,0.0,0.0,0.0,0.0,,,0.0
grand_sim_v0_4,no_regime_ablation,stability_heavy,0.1,0.38,federation_bridge_stress,mid_stress,10,0,10,0.0,0.0,0.0,0.0,0.0,0.0,,,0.0
grand_sim_v0_4,no_regime_ablation,stability_heavy,0.1,0.38,federation_bridge_stress,high_stress,10,10,0,1.0,1.0,0.0,0.0,2.7,3.0,1.0,4.0,0.0
grand_sim_v0_4,no_regime_ablation,stability_heavy,0.1,0.38,federation_cluster_attack,low_stress,10,10,0,1.0,1.0,0.0,0.0,11.1,12.0,5.0,14.0,0.0
grand_sim_v0_4,no_regime_ablation,stability_heavy,0.1,0.38,federation_cluster_attack,mid_stress,10,10,0,1.0,1.0,0.0,0.0,4.5,5.0,2.0,6.0,0.0
grand_sim_v0_4,no_regime_ablation,stability_heavy,0.1,0.38,federation_cluster_attack,high_stress,10,10,0,1.0,1.0,0.0,0.0,2.9,3.0,2.0,4.0,0.0
grand_sim_v0_4,no_regime_ablation,stability_heavy,0.1,0.38,psi_corruption,low_stress,10,10,0,1.0,1.0,0.0,0.0,9.8,9.0,9.0,12.0,0.0
grand_sim_v0_4,no_regime_ablation,stability_heavy,0.1,0.38,psi_corruption,mid_stress,10,10,0,1.0,1.0,0.0,0.0,4.7,5.0,3.0,6.0,0.0
grand_sim_v0_4,no_regime_ablation,stability_heavy,0.1,0.38,psi_corruption,high_stress,10,10,0,1.0,1.0,0.0,0.0,3.1,3.0,2.0,4.0,0.0
grand_sim_v0_4,no_regime_ablation,stability_heavy,0.1,0.4,async_message_loss,low_stress,10,0,10,0.0,0.0,0.0,0.0,0.0,0.0,,,0.0
grand_sim_v0_4,no_regime_ablation,stability_heavy,0.1,0.4,async_message_loss,mid_stress,10,0,10,0.0,0.0,0.0,0.0,0.0,0.0,,,0.0
grand_sim_v0_4,no_regime_ablation,stability_heavy,0.1,0.4,async_message_loss,high_stress,10,10,0,1.0,1.0,0.0,0.0,5.5,5.0,4.0,7.0,0.0
grand_sim_v0_4,no_regime_ablation,stability_heavy,0.1,0.4,federation_bridge_stress,low_stress,10,0,10,0.0,0.0,0.0,0.0,0.0,0.0,,,0.0
grand_sim_v0_4,no_regime_ablation,stability_heavy,0.1,0.4,federation_bridge_stress,mid_stress,10,0,10,0.0,0.0,0.0,0.0,0.0,0.0,,,0.0
grand_sim_v0_4,no_regime_ablation,stability_heavy,0.1,0.4,federation_bridge_stress,high_stress,10,10,0,1.0,1.0,0.0,0.0,1.9,2.0,1.0,3.0,0.0
grand_sim_v0_4,no_regime_ablation,stability_heavy,0.1,0.4,federation_cluster_attack,low_stress,10,10,0,1.0,0.8,0.0,0.0,2.125,2.0,1.0,3.0,1.5
grand_sim_v0_4,no_regime_ablation,stability_heavy,0.1,0.4,federation_cluster_attack,mid_stress,10,10,0,1.0,0.9,0.0,0.0,1.0,1.0,0.0,2.0,2.0
grand_sim_v0_4,no_regime_ablation,stability_heavy,0.1,0.4,federation_cluster_attack,high_stress,10,10,0,1.0,1.0,0.0,0.0,1.9,2.0,1.0,3.0,0.0
grand_sim_v0_4,no_regime_ablation,stability_heavy,0.1,0.4,psi_corruption,low_stress,10,10,0,1.0,1.0,0.0,0.0,2.8,3.0,1.0,5.0,0.0
grand_sim_v0_4,no_regime_ablation,stability_heavy,0.1,0.4,psi_corruption,mid_stress,10,10,0,1.0,1.0,0.0,0.0,1.3,1.0,0.0,3.0,0.0
grand_sim_v0_4,no_regime_ablation,stability_heavy,0.1,0.4,psi_corruption,high_stress,10,10,0,1.0,1.0,0.0,0.0,2.1,2.0,1.0,3.0,0.0
grand_sim_v0_4,no_regime_ablation,stability_heavy,0.1,0.42,async_message_loss,low_stress,10,0,10,0.0,0.0,0.0,0.0,0.0,0.0,,,0.0
grand_sim_v0_4,no_regime_ablation,stability_heavy,0.1,0.42,async_message_loss,mid_stress,10,0,10,0.0,0.0,0.0,0.0,0.0,0.0,,,0.0
grand_sim_v0_4,no_regime_ablation,stability_heavy,0.1,0.42,async_message_loss,high_stress,10,10,0,1.0,1.0,0.0,0.0,4.4,4.0,3.0,5.0,0.0
grand_sim_v0_4,no_regime_ablation,stability_heavy,0.1,0.42,federation_bridge_stress,low_stress,10,0,10,0.0,0.0,0.0,0.0,0.0,0.0,,,0.0
grand_sim_v0_4,no_regime_ablation,stability_heavy,0.1,0.42,federation_bridge_stress,mid_stress,10,0,10,0.0,0.0,0.0,0.0,0.0,0.0,,,0.0
grand_sim_v0_4,no_regime_ablation,stability_heavy,0.1,0.42,federation_bridge_stress,high_stress,10,10,0,1.0,1.0,0.0,0.0,0.9,1.0,0.0,2.0,0.0
grand_sim_v0_4,no_regime_ablation,stability_heavy,0.1,0.42,federation_cluster_attack,low_stress,10,10,0,0.0,0.0,1.0,0.0,0.0,0.0,,,0.0
grand_sim_v0_4,no_regime_ablation,stability_heavy,0.1,0.42,federation_cluster_attack,mid_stress,10,10,0,1.0,0.0,0.0,0.0,0.0,0.0,,,3.0
grand_sim_v0_4,no_regime_ablation,stability_heavy,0.1,0.42,federation_cluster_attack,high_stress,10,10,0,1.0,1.0,0.0,0.0,1.2,1.0,0.0,2.0,0.0
grand_sim_v0_4,no_regime_ablation,stability_heavy,0.1,0.42,psi_corruption,low_stress,10,10,0,1.0,0.0,0.0,0.0,0.0,0.0,,,9.8
grand_sim_v0_4,no_regime_ablation,stability_heavy,0.1,0.42,psi_corruption,mid_stress,10,10,0,1.0,0.0,0.0,0.0,0.0,0.0,,,2.4
grand_sim_v0_4,no_regime_ablation,stability_heavy,0.1,0.42,psi_corruption,high_stress,10,10,0,1.0,1.0,0.0,0.0,1.3,1.0,0.0,3.0,0.0
grand_sim_v0_4,no_regime_ablation,stability_heavy,0.1,0.44,async_message_loss,low_stress,10,0,10,0.0,0.0,0.0,0.0,0.0,0.0,,,0.0
grand_sim_v0_4,no_regime_ablation,stability_heavy,0.1,0.44,async_message_loss,mid_stress,10,0,10,0.0,0.0,0.0,0.0,0.0,0.0,,,0.0
grand_sim_v0_4,no_regime_ablation,stability_heavy,0.1,0.44,async_message_loss,high_stress,10,10,0,1.0,1.0,0.0,0.0,3.4,3.0,2.0,5.0,0.0
grand_sim_v0_4,no_regime_ablation,stability_heavy,0.1,0.44,federation_bridge_stress,low_stress,10,0,10,0.0,0.0,0.0,0.0,0.0,0.0,,,0.0
grand_sim_v0_4,no_regime_ablation,stability_heavy,0.1,0.44,federation_bridge_stress,mid_stress,10,0,10,0.0,0.0,0.0,0.0,0.0,0.0,,,0.0
grand_sim_v0_4,no_regime_ablation,stability_heavy,0.1,0.44,federation_bridge_stress,high_stress,10,10,0,1.0,0.9,0.0,0.0,0.444444,0.0,0.0,1.0,1.0
grand_sim_v0_4,no_regime_ablation,stability_heavy,0.1,0.44,federation_cluster_attack,low_stress,10,10,0,0.0,0.0,1.0,0.0,0.0,0.0,,,0.0
grand_sim_v0_4,no_regime_ablation,stability_heavy,0.1,0.44,federation_cluster_attack,mid_stress,10,10,0,1.0,0.0,0.0,0.0,0.0,0.0,,,6.2
grand_sim_v0_4,no_regime_ablation,stability_heavy,0.1,0.44,federation_cluster_attack,high_stress,10,10,0,1.0,0.9,0.0,0.0,0.444444,0.0,0.0,1.0,1.0
grand_sim_v0_4,no_regime_ablation,stability_heavy,0.1,0.44,psi_corruption,low_stress,10,10,0,0.0,0.0,1.0,0.0,0.0,0.0,,,0.0
grand_sim_v0_4,no_regime_ablation,stability_heavy,0.1,0.44,psi_corruption,mid_stress,10,10,0,1.0,0.0,0.0,0.0,0.0,0.0,,,6.5
grand_sim_v0_4,no_regime_ablation,stability_heavy,0.1,0.44,psi_corruption,high_stress,10,10,0,1.0,0.9,0.0,0.0,0.666667,1.0,0.0,2.0,1.0
grand_sim_v0_4,no_regime_ablation,stability_heavy,0.1,0.46,async_message_loss,low_stress,10,0,10,0.0,0.0,0.0,0.0,0.0,0.0,,,0.0
grand_sim_v0_4,no_regime_ablation,stability_heavy,0.1,0.46,async_message_loss,mid_stress,10,0,10,0.0,0.0,0.0,0.0,0.0,0.0,,,0.0
grand_sim_v0_4,no_regime_ablation,stability_heavy,0.1,0.46,async_message_loss,high_stress,10,10,0,1.0,1.0,0.0,0.0,2.1,2.0,1.0,3.0,0.0
grand_sim_v0_4,no_regime_ablation,stability_heavy,0.1,0.46,federation_bridge_stress,low_stress,10,0,10,0.0,0.0,0.0,0.0,0.0,0.0,,,0.0
grand_sim_v0_4,no_regime_ablation,stability_heavy,0.1,0.46,federation_bridge_stress,mid_stress,10,0,10,0.0,0.0,0.0,0.0,0.0,0.0,,,0.0
grand_sim_v0_4,no_regime_ablation,stability_heavy,0.1,0.46,federation_bridge_stress,high_stress,10,10,0,1.0,0.5,0.0,0.0,0.2,0.0,0.0,1.0,1.2
grand_sim_v0_4,no_regime_ablation,stability_heavy,0.1,0.46,federation_cluster_attack,low_stress,10,10,0,0.0,0.0,1.0,0.0,0.0,0.0,,,0.0
grand_sim_v0_4,no_regime_ablation,stability_heavy,0.1,0.46,federation_cluster_attack,mid_stress,10,10,0,1.0,0.0,0.0,0.0,0.0,0.0,,,9.3
grand_sim_v0_4,no_regime_ablation,stability_heavy,0.1,0.46,federation_cluster_attack,high_stress,10,10,0,1.0,0.4,0.0,0.0,0.25,0.0,0.0,1.0,1.0
grand_sim_v0_4,no_regime_ablation,stability_heavy,0.1,0.46,psi_corruption,low_stress,10,10,0,0.0,0.0,1.0,0.0,0.0,0.0,,,0.0
grand_sim_v0_4,no_regime_ablation,stability_heavy,0.1,0.46,psi_corruption,mid_stress,10,10,0,1.0,0.0,0.0,0.0,0.0,0.0,,,11.3
grand_sim_v0_4,no_regime_ablation,stability_heavy,0.1,0.46,psi_corruption,high_stress,10,10,0,1.0,0.7,0.0,0.0,0.428571,0.0,0.0,1.0,1.333333
grand_sim_v0_4,no_regime_ablation,stability_heavy,0.1,0.48,async_message_loss,low_stress,10,0,10,0.0,0.0,0.0,0.0,0.0,0.0,,,0.0
grand_sim_v0_4,no_regime_ablation,stability_heavy,0.1,0.48,async_message_loss,mid_stress,10,0,10,0.0,0.0,0.0,0.0,0.0,0.0,,,0.0
grand_sim_v0_4,no_regime_ablation,stability_heavy,0.1,0.48,async_message_loss,high_stress,10,10,0,1.0,1.0,0.0,0.0,1.1,1.0,0.0,2.0,0.0
grand_sim_v0_4,no_regime_ablation,stability_heavy,0.1,0.48,federation_bridge_stress,low_stress,10,0,10,0.0,0.0,0.0,0.0,0.0,0.0,,,0.0
grand_sim_v0_4,no_regime_ablation,stability_heavy,0.1,0.48,federation_bridge_stress,mid_stress,10,0,10,0.0,0.0,0.0,0.0,0.0,0.0,,,0.0
grand_sim_v0_4,no_regime_ablation,stability_heavy,0.1,0.48,federation_bridge_stress,high_stress,10,10,0,1.0,0.1,0.0,0.0,0.0,0.0,0.0,0.0,1.333333
grand_sim_v0_4,no_regime_ablation,stability_heavy,0.1,0.48,federation_cluster_attack,low_stress,10,10,0,0.0,0.0,1.0,0.0,0.0,0.0,,,0.0
grand_sim_v0_4,no_regime_ablation,stability_heavy,0.1,0.48,federation_cluster_attack,mid_stress,10,10,0,1.0,0.0,0.0,0.0,0.0,0.0,,,15.0
grand_sim_v0_4,no_regime_ablation,stability_heavy,0.1,0.48,federation_cluster_attack,high_stress,10,10,0,1.0,0.3,0.0,0.0,0.0,0.0,0.0,0.0,1.714286
grand_sim_v0_4,no_regime_ablation,stability_heavy,0.1,0.48,psi_corruption,low_stress,10,10,0,0.0,0.0,1.0,0.0,0.0,0.0,,,0.0
grand_sim_v0_4,no_regime_ablation,stability_heavy,0.1,0.48,psi_corruption,mid_stress,10,10,0,1.0,0.0,0.0,0.0,0.0,0.0,,,16.1
grand_sim_v0_4,no_regime_ablation,stability_heavy,0.1,0.48,psi_corruption,high_stress,10,10,0,1.0,0.3,0.0,0.0,0.0,0.0,0.0,0.0,1.285714
grand_sim_v0_4,no_regime_ablation,stability_heavy,0.1,0.5,async_message_loss,low_stress,10,0,10,0.0,0.0,0.0,0.0,0.0,0.0,,,0.0
grand_sim_v0_4,no_regime_ablation,stability_heavy,0.1,0.5,async_message_loss,mid_stress,10,0,10,0.0,0.0,0.0,0.0,0.0,0.0,,,0.0
grand_sim_v0_4,no_regime_ablation,stability_heavy,0.1,0.5,async_message_loss,high_stress,10,10,0,1.0,0.9,0.0,0.0,0.555556,1.0,0.0,1.0,1.0
grand_sim_v0_4,no_regime_ablation,stability_heavy,0.1,0.5,federation_bridge_stress,low_stress,10,0,10,0.0,0.0,0.0,0.0,0.0,0.0,,,0.0
grand_sim_v0_4,no_regime_ablation,stability_heavy,0.1,0.5,federation_bridge_stress,mid_stress,10,0,10,0.0,0.0,0.0,0.0,0.0,0.0,,,0.0
grand_sim_v0_4,no_regime_ablation,stability_heavy,0.1,0.5,federation_bridge_stress,high_stress,10,10,0,1.0,0.0,0.0,0.0,0.0,0.0,,,2.0
grand_sim_v0_4,no_regime_ablation,stability_heavy,0.1,0.5,federation_cluster_attack,low_stress,10,10,0,0.0,0.0,1.0,0.0,0.0,0.0,,,0.0
grand_sim_v0_4,no_regime_ablation,stability_heavy,0.1,0.5,federation_cluster_attack,mid_stress,10,10,0,1.0,0.0,0.0,0.0,0.0,0.0,,,24.4
grand_sim_v0_4,no_regime_ablation,stability_heavy,0.1,0.5,federation_cluster_attack,high_stress,10,10,0,1.0,0.0,0.0,0.0,0.0,0.0,,,1.9
grand_sim_v0_4,no_regime_ablation,stability_heavy,0.1,0.5,psi_corruption,low_stress,10,10,0,0.0,0.0,1.0,0.0,0.0,0.0,,,0.0
grand_sim_v0_4,no_regime_ablation,stability_heavy,0.1,0.5,psi_corruption,mid_stress,10,10,0,1.0,0.0,0.0,0.0,0.0,0.0,,,24.3
grand_sim_v0_4,no_regime_ablation,stability_heavy,0.1,0.5,psi_corruption,high_stress,10,10,0,1.0,0.0,0.0,0.0,0.0,0.0,,,1.6
grand_sim_v0_4,no_regime_ablation,stability_heavy,0.1,0.52,async_message_loss,low_stress,10,0,10,0.0,0.0,0.0,0.0,0.0,0.0,,,0.0
grand_sim_v0_4,no_regime_ablation,stability_heavy,0.1,0.52,async_message_loss,mid_stress,10,0,10,0.0,0.0,0.0,0.0,0.0,0.0,,,0.0
grand_sim_v0_4,no_regime_ablation,stability_heavy,0.1,0.52,async_message_loss,high_stress,10,10,0,1.0,0.4,0.0,0.0,0.0,0.0,0.0,0.0,1.166667
grand_sim_v0_4,no_regime_ablation,stability_heavy,0.1,0.52,federation_bridge_stress,low_stress,10,0,10,0.0,0.0,0.0,0.0,0.0,0.0,,,0.0
grand_sim_v0_4,no_regime_ablation,stability_heavy,0.1,0.52,federation_bridge_stress,mid_stress,10,0,10,0.0,0.0,0.0,0.0,0.0,0.0,,,0.0
grand_sim_v0_4,no_regime_ablation,stability_heavy,0.1,0.52,federation_bridge_stress,high_stress,10,10,0,1.0,0.0,0.0,0.0,0.0,0.0,,,2.8
grand_sim_v0_4,no_regime_ablation,stability_heavy,0.1,0.52,federation_cluster_attack,low_stress,10,10,0,0.0,0.0,1.0,0.0,0.0,0.0,,,0.0
grand_sim_v0_4,no_regime_ablation,stability_heavy,0.1,0.52,federation_cluster_attack,mid_stress,10,10,0,1.0,0.0,0.0,0.0,0.0,0.0,,,38.1
grand_sim_v0_4,no_regime_ablation,stability_heavy,0.1,0.52,federation_cluster_attack,high_stress,10,10,0,1.0,0.0,0.0,0.0,0.0,0.0,,,3.1
grand_sim_v0_4,no_regime_ablation,stability_heavy,0.1,0.52,psi_corruption,low_stress,10,10,0,0.0,0.0,1.0,0.0,0.0,0.0,,,0.0
grand_sim_v0_4,no_regime_ablation,stability_heavy,0.1,0.52,psi_corruption,mid_stress,10,10,0,1.0,0.0,0.0,0.0,0.0,0.0,,,36.6
grand_sim_v0_4,no_regime_ablation,stability_heavy,0.1,0.52,psi_corruption,high_stress,10,10,0,1.0,0.0,0.0,0.0,0.0,0.0,,,2.3
grand_sim_v0_4,no_regime_ablation,stability_heavy,0.1,0.54,async_message_loss,low_stress,10,0,10,0.0,0.0,0.0,0.0,0.0,0.0,,,0.0
grand_sim_v0_4,no_regime_ablation,stability_heavy,0.1,0.54,async_message_loss,mid_stress,10,0,10,0.0,0.0,0.0,0.0,0.0,0.0,,,0.0
grand_sim_v0_4,no_regime_ablation,stability_heavy,0.1,0.54,async_message_loss,high_stress,10,10,0,1.0,0.0,0.0,0.0,0.0,0.0,,,1.8
grand_sim_v0_4,no_regime_ablation,stability_heavy,0.1,0.54,federation_bridge_stress,low_stress,10,0,10,0.0,0.0,0.0,0.0,0.0,0.0,,,0.0
grand_sim_v0_4,no_regime_ablation,stability_heavy,0.1,0.54,federation_bridge_stress,mid_stress,10,0,10,0.0,0.0,0.0,0.0,0.0,0.0,,,0.0
grand_sim_v0_4,no_regime_ablation,stability_heavy,0.1,0.54,federation_bridge_stress,high_stress,10,10,0,1.0,0.0,0.0,0.0,0.0,0.0,,,4.0
grand_sim_v0_4,no_regime_ablation,stability_heavy,0.1,0.54,federation_cluster_attack,low_stress,10,10,0,0.0,0.0,1.0,0.0,0.0,0.0,,,0.0
grand_sim_v0_4,no_regime_ablation,stability_heavy,0.1,0.54,federation_cluster_attack,mid_stress,10,10,0,0.0,0.0,1.0,0.0,0.0,0.0,,,0.0
grand_sim_v0_4,no_regime_ablation,stability_heavy,0.1,0.54,federation_cluster_attack,high_stress,10,10,0,1.0,0.0,0.0,0.0,0.0,0.0,,,4.4
grand_sim_v0_4,no_regime_ablation,stability_heavy,0.1,0.54,psi_corruption,low_stress,10,10,0,0.0,0.0,1.0,0.0,0.0,0.0,,,0.0
grand_sim_v0_4,no_regime_ablation,stability_heavy,0.1,0.54,psi_corruption,mid_stress,10,10,0,0.0,0.0,1.0,0.0,0.0,0.0,,,0.0
grand_sim_v0_4,no_regime_ablation,stability_heavy,0.1,0.54,psi_corruption,high_stress,10,10,0,1.0,0.0,0.0,0.0,0.0,0.0,,,3.5
grand_sim_v0_4,no_regime_ablation,stability_heavy,0.1,0.56,async_message_loss,low_stress,10,0,10,0.0,0.0,0.0,0.0,0.0,0.0,,,0.0
grand_sim_v0_4,no_regime_ablation,stability_heavy,0.1,0.56,async_message_loss,mid_stress,10,0,10,0.0,0.0,0.0,0.0,0.0,0.0,,,0.0
grand_sim_v0_4,no_regime_ablation,stability_heavy,0.1,0.56,async_message_loss,high_stress,10,10,0,1.0,0.0,0.0,0.0,0.0,0.0,,,2.7
grand_sim_v0_4,no_regime_ablation,stability_heavy,0.1,0.56,federation_bridge_stress,low_stress,10,0,10,0.0,0.0,0.0,0.0,0.0,0.0,,,0.0
grand_sim_v0_4,no_regime_ablation,stability_heavy,0.1,0.56,federation_bridge_stress,mid_stress,10,0,10,0.0,0.0,0.0,0.0,0.0,0.0,,,0.0
grand_sim_v0_4,no_regime_ablation,stability_heavy,0.1,0.56,federation_bridge_stress,high_stress,10,10,0,1.0,0.0,0.0,0.0,0.0,0.0,,,5.4
grand_sim_v0_4,no_regime_ablation,stability_heavy,0.1,0.56,federation_cluster_attack,low_stress,10,10,0,0.0,0.0,1.0,0.0,0.0,0.0,,,0.0
grand_sim_v0_4,no_regime_ablation,stability_heavy,0.1,0.56,federation_cluster_attack,mid_stress,10,10,0,0.0,0.0,1.0,0.0,0.0,0.0,,,0.0
grand_sim_v0_4,no_regime_ablation,stability_heavy,0.1,0.56,federation_cluster_attack,high_stress,10,10,0,1.0,0.0,0.0,0.0,0.0,0.0,,,6.0
grand_sim_v0_4,no_regime_ablation,stability_heavy,0.1,0.56,psi_corruption,low_stress,10,10,0,0.0,0.0,1.0,0.0,0.0,0.0,,,0.0
grand_sim_v0_4,no_regime_ablation,stability_heavy,0.1,0.56,psi_corruption,mid_stress,10,10,0,0.0,0.0,1.0,0.0,0.0,0.0,,,0.0
grand_sim_v0_4,no_regime_ablation,stability_heavy,0.1,0.56,psi_corruption,high_stress,10,10,0,1.0,0.0,0.0,0.0,0.0,0.0,,,5.0
grand_sim_v0_4,no_regime_ablation,stability_heavy,0.1,0.58,async_message_loss,low_stress,10,0,10,0.0,0.0,0.0,0.0,0.0,0.0,,,0.0
grand_sim_v0_4,no_regime_ablation,stability_heavy,0.1,0.58,async_message_loss,mid_stress,10,0,10,0.0,0.0,0.0,0.0,0.0,0.0,,,0.0
grand_sim_v0_4,no_regime_ablation,stability_heavy,0.1,0.58,async_message_loss,high_stress,10,10,0,1.0,0.0,0.0,0.0,0.0,0.0,,,4.4
grand_sim_v0_4,no_regime_ablation,stability_heavy,0.1,0.58,federation_bridge_stress,low_stress,10,0,10,0.0,0.0,0.0,0.0,0.0,0.0,,,0.0
grand_sim_v0_4,no_regime_ablation,stability_heavy,0.1,0.58,federation_bridge_stress,mid_stress,10,0,10,0.0,0.0,0.0,0.0,0.0,0.0,,,0.0
grand_sim_v0_4,no_regime_ablation,stability_heavy,0.1,0.58,federation_bridge_stress,high_stress,10,10,0,1.0,0.0,0.0,0.0,0.0,0.0,,,7.2
grand_sim_v0_4,no_regime_ablation,stability_heavy,0.1,0.58,federation_cluster_attack,low_stress,10,10,0,0.0,0.0,1.0,0.0,0.0,0.0,,,0.0
grand_sim_v0_4,no_regime_ablation,stability_heavy,0.1,0.58,federation_cluster_attack,mid_stress,10,10,0,0.0,0.0,1.0,0.0,0.0,0.0,,,0.0
grand_sim_v0_4,no_regime_ablation,stability_heavy,0.1,0.58,federation_cluster_attack,high_stress,10,10,0,1.0,0.0,0.0,0.0,0.0,0.0,,,8.1
grand_sim_v0_4,no_regime_ablation,stability_heavy,0.1,0.58,psi_corruption,low_stress,10,10,0,0.0,0.0,1.0,0.0,0.0,0.0,,,0.0
grand_sim_v0_4,no_regime_ablation,stability_heavy,0.1,0.58,psi_corruption,mid_stress,10,10,0,0.0,0.0,1.0,0.0,0.0,0.0,,,0.0
grand_sim_v0_4,no_regime_ablation,stability_heavy,0.1,0.58,psi_corruption,high_stress,10,10,0,1.0,0.0,0.0,0.0,0.0,0.0,,,7.0
grand_sim_v0_4,no_regime_ablation,stability_heavy,0.1,0.6,async_message_loss,low_stress,10,0,10,0.0,0.0,0.0,0.0,0.0,0.0,,,0.0
grand_sim_v0_4,no_regime_ablation,stability_heavy,0.1,0.6,async_message_loss,mid_stress,10,0,10,0.0,0.0,0.0,0.0,0.0,0.0,,,0.0
grand_sim_v0_4,no_regime_ablation,stability_heavy,0.1,0.6,async_message_loss,high_stress,10,10,0,1.0,0.0,0.0,0.0,0.0,0.0,,,6.6
grand_sim_v0_4,no_regime_ablation,stability_heavy,0.1,0.6,federation_bridge_stress,low_stress,10,0,10,0.0,0.0,0.0,0.0,0.0,0.0,,,0.0
grand_sim_v0_4,no_regime_ablation,stability_heavy,0.1,0.6,federation_bridge_stress,mid_stress,10,0,10,0.0,0.0,0.0,0.0,0.0,0.0,,,0.0
grand_sim_v0_4,no_regime_ablation,stability_heavy,0.1,0.6,federation_bridge_stress,high_stress,10,10,0,1.0,0.0,0.0,0.0,0.0,0.0,,,9.3
grand_sim_v0_4,no_regime_ablation,stability_heavy,0.1,0.6,federation_cluster_attack,low_stress,10,10,0,0.0,0.0,1.0,0.0,0.0,0.0,,,0.0
grand_sim_v0_4,no_regime_ablation,stability_heavy,0.1,0.6,federation_cluster_attack,mid_stress,10,10,0,0.0,0.0,1.0,0.0,0.0,0.0,,,0.0
grand_sim_v0_4,no_regime_ablation,stability_heavy,0.1,0.6,federation_cluster_attack,high_stress,10,10,0,1.0,0.0,0.0,0.0,0.0,0.0,,,9.4
grand_sim_v0_4,no_regime_ablation,stability_heavy,0.1,0.6,psi_corruption,low_stress,10,10,0,0.0,0.0,1.0,0.0,0.0,0.0,,,0.0
grand_sim_v0_4,no_regime_ablation,stability_heavy,0.1,0.6,psi_corruption,mid_stress,10,10,0,0.0,0.0,1.0,0.0,0.0,0.0,,,0.0
grand_sim_v0_4,no_regime_ablation,stability_heavy,0.1,0.6,psi_corruption,high_stress,10,10,0,1.0,0.0,0.0,0.0,0.0,0.0,,,9.6
grand_sim_v0_4,no_regime_renormalized,stability_heavy,0.1,0.1,async_message_loss,low_stress,10,0,10,0.0,0.0,0.0,1.0,0.0,0.0,,,0.0
grand_sim_v0_4,no_regime_renormalized,stability_heavy,0.1,0.1,async_message_loss,mid_stress,10,0,10,0.0,0.0,0.0,1.0,0.0,0.0,,,0.0
grand_sim_v0_4,no_regime_renormalized,stability_heavy,0.1,0.1,async_message_loss,high_stress,10,10,0,1.0,1.0,0.0,0.0,31.4,31.0,29.0,33.0,0.0
grand_sim_v0_4,no_regime_renormalized,stability_heavy,0.1,0.1,federation_bridge_stress,low_stress,10,0,10,0.0,0.0,0.0,1.0,0.0,0.0,,,0.0
grand_sim_v0_4,no_regime_renormalized,stability_heavy,0.1,0.1,federation_bridge_stress,mid_stress,10,0,10,0.0,0.0,0.0,1.0,0.0,0.0,,,0.0
grand_sim_v0_4,no_regime_renormalized,stability_heavy,0.1,0.1,federation_bridge_stress,high_stress,10,10,0,1.0,1.0,0.0,0.0,24.7,24.0,23.0,27.0,0.0
grand_sim_v0_4,no_regime_renormalized,stability_heavy,0.1,0.1,federation_cluster_attack,low_stress,10,10,0,1.0,1.0,0.0,0.0,97.2,98.0,92.0,99.0,0.0
grand_sim_v0_4,no_regime_renormalized,stability_heavy,0.1,0.1,federation_cluster_attack,mid_stress,10,10,0,1.0,1.0,0.0,0.0,65.9,66.0,62.0,67.0,0.0
grand_sim_v0_4,no_regime_renormalized,stability_heavy,0.1,0.1,federation_cluster_attack,high_stress,10,10,0,1.0,1.0,0.0,0.0,26.5,27.0,25.0,28.0,0.0
grand_sim_v0_4,no_regime_renormalized,stability_heavy,0.1,0.1,psi_corruption,low_stress,10,10,0,1.0,1.0,0.0,0.0,87.1,87.0,86.0,88.0,0.0
grand_sim_v0_4,no_regime_renormalized,stability_heavy,0.1,0.1,psi_corruption,mid_stress,10,10,0,1.0,1.0,0.0,0.0,59.9,60.0,57.0,61.0,0.0
grand_sim_v0_4,no_regime_renormalized,stability_heavy,0.1,0.1,psi_corruption,high_stress,10,10,0,1.0,1.0,0.0,0.0,24.6,24.0,23.0,27.0,0.0
grand_sim_v0_4,no_regime_renormalized,stability_heavy,0.1,0.12,async_message_loss,low_stress,10,0,10,0.0,0.0,0.0,1.0,0.0,0.0,,,0.0
grand_sim_v0_4,no_regime_renormalized,stability_heavy,0.1,0.12,async_message_loss,mid_stress,10,0,10,0.0,0.0,0.0,1.0,0.0,0.0,,,0.0
grand_sim_v0_4,no_regime_renormalized,stability_heavy,0.1,0.12,async_message_loss,high_stress,10,10,0,1.0,1.0,0.0,0.0,31.4,31.0,29.0,33.0,0.0
grand_sim_v0_4,no_regime_renormalized,stability_heavy,0.1,0.12,federation_bridge_stress,low_stress,10,0,10,0.0,0.0,0.0,1.0,0.0,0.0,,,0.0
grand_sim_v0_4,no_regime_renormalized,stability_heavy,0.1,0.12,federation_bridge_stress,mid_stress,10,0,10,0.0,0.0,0.0,1.0,0.0,0.0,,,0.0
grand_sim_v0_4,no_regime_renormalized,stability_heavy,0.1,0.12,federation_bridge_stress,high_stress,10,10,0,1.0,1.0,0.0,0.0,24.7,24.0,23.0,27.0,0.0
grand_sim_v0_4,no_regime_renormalized,stability_heavy,0.1,0.12,federation_cluster_attack,low_stress,10,10,0,1.0,1.0,0.0,0.0,97.2,98.0,92.0,99.0,0.0
grand_sim_v0_4,no_regime_renormalized,stability_heavy,0.1,0.12,federation_cluster_attack,mid_stress,10,10,0,1.0,1.0,0.0,0.0,65.9,66.0,62.0,67.0,0.0
grand_sim_v0_4,no_regime_renormalized,stability_heavy,0.1,0.12,federation_cluster_attack,high_stress,10,10,0,1.0,1.0,0.0,0.0,26.5,27.0,25.0,28.0,0.0
grand_sim_v0_4,no_regime_renormalized,stability_heavy,0.1,0.12,psi_corruption,low_stress,10,10,0,1.0,1.0,0.0,0.0,87.1,87.0,86.0,88.0,0.0
grand_sim_v0_4,no_regime_renormalized,stability_heavy,0.1,0.12,psi_corruption,mid_stress,10,10,0,1.0,1.0,0.0,0.0,59.9,60.0,57.0,61.0,0.0
grand_sim_v0_4,no_regime_renormalized,stability_heavy,0.1,0.12,psi_corruption,high_stress,10,10,0,1.0,1.0,0.0,0.0,24.6,24.0,23.0,27.0,0.0
grand_sim_v0_4,no_regime_renormalized,stability_heavy,0.1,0.14,async_message_loss,low_stress,10,0,10,0.0,0.0,0.0,1.0,0.0,0.0,,,0.0
grand_sim_v0_4,no_regime_renormalized,stability_heavy,0.1,0.14,async_message_loss,mid_stress,10,0,10,0.0,0.0,0.0,1.0,0.0,0.0,,,0.0
grand_sim_v0_4,no_regime_renormalized,stability_heavy,0.1,0.14,async_message_loss,high_stress,10,10,0,1.0,1.0,0.0,0.0,31.4,31.0,29.0,33.0,0.0
grand_sim_v0_4,no_regime_renormalized,stability_heavy,0.1,0.14,federation_bridge_stress,low_stress,10,0,10,0.0,0.0,0.0,1.0,0.0,0.0,,,0.0
grand_sim_v0_4,no_regime_renormalized,stability_heavy,0.1,0.14,federation_bridge_stress,mid_stress,10,0,10,0.0,0.0,0.0,1.0,0.0,0.0,,,0.0
grand_sim_v0_4,no_regime_renormalized,stability_heavy,0.1,0.14,federation_bridge_stress,high_stress,10,10,0,1.0,1.0,0.0,0.0,24.7,24.0,23.0,27.0,0.0
grand_sim_v0_4,no_regime_renormalized,stability_heavy,0.1,0.14,federation_cluster_attack,low_stress,10,10,0,1.0,1.0,0.0,0.0,97.2,98.0,92.0,99.0,0.0
grand_sim_v0_4,no_regime_renormalized,stability_heavy,0.1,0.14,federation_cluster_attack,mid_stress,10,10,0,1.0,1.0,0.0,0.0,65.9,66.0,62.0,67.0,0.0
grand_sim_v0_4,no_regime_renormalized,stability_heavy,0.1,0.14,federation_cluster_attack,high_stress,10,10,0,1.0,1.0,0.0,0.0,26.5,27.0,25.0,28.0,0.0
grand_sim_v0_4,no_regime_renormalized,stability_heavy,0.1,0.14,psi_corruption,low_stress,10,10,0,1.0,1.0,0.0,0.0,87.1,87.0,86.0,88.0,0.0
grand_sim_v0_4,no_regime_renormalized,stability_heavy,0.1,0.14,psi_corruption,mid_stress,10,10,0,1.0,1.0,0.0,0.0,59.9,60.0,57.0,61.0,0.0
grand_sim_v0_4,no_regime_renormalized,stability_heavy,0.1,0.14,psi_corruption,high_stress,10,10,0,1.0,1.0,0.0,0.0,24.6,24.0,23.0,27.0,0.0
grand_sim_v0_4,no_regime_renormalized,stability_heavy,0.1,0.16,async_message_loss,low_stress,10,0,10,0.0,0.0,0.0,1.0,0.0,0.0,,,0.0
grand_sim_v0_4,no_regime_renormalized,stability_heavy,0.1,0.16,async_message_loss,mid_stress,10,0,10,0.0,0.0,0.0,1.0,0.0,0.0,,,0.0
grand_sim_v0_4,no_regime_renormalized,stability_heavy,0.1,0.16,async_message_loss,high_stress,10,10,0,1.0,1.0,0.0,0.0,31.4,31.0,29.0,33.0,0.0
grand_sim_v0_4,no_regime_renormalized,stability_heavy,0.1,0.16,federation_bridge_stress,low_stress,10,0,10,0.0,0.0,0.0,1.0,0.0,0.0,,,0.0
grand_sim_v0_4,no_regime_renormalized,stability_heavy,0.1,0.16,federation_bridge_stress,mid_stress,10,0,10,0.0,0.0,0.0,1.0,0.0,0.0,,,0.0
grand_sim_v0_4,no_regime_renormalized,stability_heavy,0.1,0.16,federation_bridge_stress,high_stress,10,10,0,1.0,1.0,0.0,0.0,24.7,24.0,23.0,27.0,0.0
grand_sim_v0_4,no_regime_renormalized,stability_heavy,0.1,0.16,federation_cluster_attack,low_stress,10,10,0,1.0,1.0,0.0,0.0,97.2,98.0,92.0,99.0,0.0
grand_sim_v0_4,no_regime_renormalized,stability_heavy,0.1,0.16,federation_cluster_attack,mid_stress,10,10,0,1.0,1.0,0.0,0.0,65.9,66.0,62.0,67.0,0.0
grand_sim_v0_4,no_regime_renormalized,stability_heavy,0.1,0.16,federation_cluster_attack,high_stress,10,10,0,1.0,1.0,0.0,0.0,26.5,27.0,25.0,28.0,0.0
grand_sim_v0_4,no_regime_renormalized,stability_heavy,0.1,0.16,psi_corruption,low_stress,10,10,0,1.0,1.0,0.0,0.0,87.1,87.0,86.0,88.0,0.0
grand_sim_v0_4,no_regime_renormalized,stability_heavy,0.1,0.16,psi_corruption,mid_stress,10,10,0,1.0,1.0,0.0,0.0,59.9,60.0,57.0,61.0,0.0
grand_sim_v0_4,no_regime_renormalized,stability_heavy,0.1,0.16,psi_corruption,high_stress,10,10,0,1.0,1.0,0.0,0.0,24.6,24.0,23.0,27.0,0.0
grand_sim_v0_4,no_regime_renormalized,stability_heavy,0.1,0.18,async_message_loss,low_stress,10,0,10,0.0,0.0,0.0,1.0,0.0,0.0,,,0.0
grand_sim_v0_4,no_regime_renormalized,stability_heavy,0.1,0.18,async_message_loss,mid_stress,10,0,10,0.0,0.0,0.0,1.0,0.0,0.0,,,0.0
grand_sim_v0_4,no_regime_renormalized,stability_heavy,0.1,0.18,async_message_loss,high_stress,10,10,0,1.0,1.0,0.0,0.0,31.4,31.0,29.0,33.0,0.0
grand_sim_v0_4,no_regime_renormalized,stability_heavy,0.1,0.18,federation_bridge_stress,low_stress,10,0,10,0.0,0.0,0.0,1.0,0.0,0.0,,,0.0
grand_sim_v0_4,no_regime_renormalized,stability_heavy,0.1,0.18,federation_bridge_stress,mid_stress,10,0,10,0.0,0.0,0.0,1.0,0.0,0.0,,,0.0
grand_sim_v0_4,no_regime_renormalized,stability_heavy,0.1,0.18,federation_bridge_stress,high_stress,10,10,0,1.0,1.0,0.0,0.0,24.7,24.0,23.0,27.0,0.0
grand_sim_v0_4,no_regime_renormalized,stability_heavy,0.1,0.18,federation_cluster_attack,low_stress,10,10,0,1.0,1.0,0.0,0.0,97.2,98.0,92.0,99.0,0.0
grand_sim_v0_4,no_regime_renormalized,stability_heavy,0.1,0.18,federation_cluster_attack,mid_stress,10,10,0,1.0,1.0,0.0,0.0,65.9,66.0,62.0,67.0,0.0
grand_sim_v0_4,no_regime_renormalized,stability_heavy,0.1,0.18,federation_cluster_attack,high_stress,10,10,0,1.0,1.0,0.0,0.0,26.5,27.0,25.0,28.0,0.0
grand_sim_v0_4,no_regime_renormalized,stability_heavy,0.1,0.18,psi_corruption,low_stress,10,10,0,1.0,1.0,0.0,0.0,87.1,87.0,86.0,88.0,0.0
grand_sim_v0_4,no_regime_renormalized,stability_heavy,0.1,0.18,psi_corruption,mid_stress,10,10,0,1.0,1.0,0.0,0.0,59.9,60.0,57.0,61.0,0.0
grand_sim_v0_4,no_regime_renormalized,stability_heavy,0.1,0.18,psi_corruption,high_stress,10,10,0,1.0,1.0,0.0,0.0,24.6,24.0,23.0,27.0,0.0
grand_sim_v0_4,no_regime_renormalized,stability_heavy,0.1,0.2,async_message_loss,low_stress,10,0,10,0.0,0.0,0.0,1.0,0.0,0.0,,,0.0
grand_sim_v0_4,no_regime_renormalized,stability_heavy,0.1,0.2,async_message_loss,mid_stress,10,0,10,0.0,0.0,0.0,1.0,0.0,0.0,,,0.0
grand_sim_v0_4,no_regime_renormalized,stability_heavy,0.1,0.2,async_message_loss,high_stress,10,10,0,1.0,1.0,0.0,0.0,31.4,31.0,29.0,33.0,0.0
grand_sim_v0_4,no_regime_renormalized,stability_heavy,0.1,0.2,federation_bridge_stress,low_stress,10,0,10,0.0,0.0,0.0,1.0,0.0,0.0,,,0.0
grand_sim_v0_4,no_regime_renormalized,stability_heavy,0.1,0.2,federation_bridge_stress,mid_stress,10,0,10,0.0,0.0,0.0,1.0,0.0,0.0,,,0.0
grand_sim_v0_4,no_regime_renormalized,stability_heavy,0.1,0.2,federation_bridge_stress,high_stress,10,10,0,1.0,1.0,0.0,0.0,24.7,24.0,23.0,27.0,0.0
grand_sim_v0_4,no_regime_renormalized,stability_heavy,0.1,0.2,federation_cluster_attack,low_stress,10,10,0,1.0,1.0,0.0,0.0,97.2,98.0,92.0,99.0,0.0
grand_sim_v0_4,no_regime_renormalized,stability_heavy,0.1,0.2,federation_cluster_attack,mid_stress,10,10,0,1.0,1.0,0.0,0.0,65.9,66.0,62.0,67.0,0.0
grand_sim_v0_4,no_regime_renormalized,stability_heavy,0.1,0.2,federation_cluster_attack,high_stress,10,10,0,1.0,1.0,0.0,0.0,26.5,27.0,25.0,28.0,0.0
grand_sim_v0_4,no_regime_renormalized,stability_heavy,0.1,0.2,psi_corruption,low_stress,10,10,0,1.0,1.0,0.0,0.0,87.1,87.0,86.0,88.0,0.0
grand_sim_v0_4,no_regime_renormalized,stability_heavy,0.1,0.2,psi_corruption,mid_stress,10,10,0,1.0,1.0,0.0,0.0,59.9,60.0,57.0,61.0,0.0
grand_sim_v0_4,no_regime_renormalized,stability_heavy,0.1,0.2,psi_corruption,high_stress,10,10,0,1.0,1.0,0.0,0.0,24.6,24.0,23.0,27.0,0.0
grand_sim_v0_4,no_regime_renormalized,stability_heavy,0.1,0.22,async_message_loss,low_stress,10,0,10,0.0,0.0,0.0,1.0,0.0,0.0,,,0.0
grand_sim_v0_4,no_regime_renormalized,stability_heavy,0.1,0.22,async_message_loss,mid_stress,10,0,10,0.0,0.0,0.0,1.0,0.0,0.0,,,0.0
grand_sim_v0_4,no_regime_renormalized,stability_heavy,0.1,0.22,async_message_loss,high_stress,10,10,0,1.0,1.0,0.0,0.0,31.4,31.0,29.0,33.0,0.0
grand_sim_v0_4,no_regime_renormalized,stability_heavy,0.1,0.22,federation_bridge_stress,low_stress,10,0,10,0.0,0.0,0.0,0.8,0.0,0.0,,,0.0
grand_sim_v0_4,no_regime_renormalized,stability_heavy,0.1,0.22,federation_bridge_stress,mid_stress,10,0,10,0.0,0.0,0.0,1.0,0.0,0.0,,,0.0
grand_sim_v0_4,no_regime_renormalized,stability_heavy,0.1,0.22,federation_bridge_stress,high_stress,10,10,0,1.0,1.0,0.0,0.0,24.7,24.0,23.0,27.0,0.0
grand_sim_v0_4,no_regime_renormalized,stability_heavy,0.1,0.22,federation_cluster_attack,low_stress,10,10,0,1.0,1.0,0.0,0.0,90.5,98.0,25.0,99.0,0.0
grand_sim_v0_4,no_regime_renormalized,stability_heavy,0.1,0.22,federation_cluster_attack,mid_stress,10,10,0,1.0,1.0,0.0,0.0,65.9,66.0,62.0,67.0,0.0
grand_sim_v0_4,no_regime_renormalized,stability_heavy,0.1,0.22,federation_cluster_attack,high_stress,10,10,0,1.0,1.0,0.0,0.0,26.5,27.0,25.0,28.0,0.0
grand_sim_v0_4,no_regime_renormalized,stability_heavy,0.1,0.22,psi_corruption,low_stress,10,10,0,1.0,1.0,0.0,0.0,75.1,87.0,27.0,88.0,0.0
grand_sim_v0_4,no_regime_renormalized,stability_heavy,0.1,0.22,psi_corruption,mid_stress,10,10,0,1.0,1.0,0.0,0.0,59.9,60.0,57.0,61.0,0.0
grand_sim_v0_4,no_regime_renormalized,stability_heavy,0.1,0.22,psi_corruption,high_stress,10,10,0,1.0,1.0,0.0,0.0,24.6,24.0,23.0,27.0,0.0
grand_sim_v0_4,no_regime_renormalized,stability_heavy,0.1,0.24,async_message_loss,low_stress,10,0,10,0.0,0.0,0.0,0.0,0.0,0.0,,,0.0
grand_sim_v0_4,no_regime_renormalized,stability_heavy,0.1,0.24,async_message_loss,mid_stress,10,0,10,0.0,0.0,0.0,0.0,0.0,0.0,,,0.0
grand_sim_v0_4,no_regime_renormalized,stability_heavy,0.1,0.24,async_message_loss,high_stress,10,10,0,1.0,1.0,0.0,0.0,28.6,28.0,26.0,31.0,0.0
grand_sim_v0_4,no_regime_renormalized,stability_heavy,0.1,0.24,federation_bridge_stress,low_stress,10,0,10,0.0,0.0,0.0,0.0,0.0,0.0,,,0.0
grand_sim_v0_4,no_regime_renormalized,stability_heavy,0.1,0.24,federation_bridge_stress,mid_stress,10,0,10,0.0,0.0,0.0,0.0,0.0,0.0,,,0.0
grand_sim_v0_4,no_regime_renormalized,stability_heavy,0.1,0.24,federation_bridge_stress,high_stress,10,10,0,1.0,1.0,0.0,0.0,20.2,20.0,17.0,25.0,0.0
grand_sim_v0_4,no_regime_renormalized,stability_heavy,0.1,0.24,federation_cluster_attack,low_stress,10,10,0,1.0,1.0,0.0,0.0,26.6,27.0,22.0,29.0,0.0
grand_sim_v0_4,no_regime_renormalized,stability_heavy,0.1,0.24,federation_cluster_attack,mid_stress,10,10,0,1.0,1.0,0.0,0.0,15.2,15.0,12.0,17.0,0.0
grand_sim_v0_4,no_regime_renormalized,stability_heavy,0.1,0.24,federation_cluster_attack,high_stress,10,10,0,1.0,1.0,0.0,0.0,20.0,20.0,19.0,23.0,0.0
grand_sim_v0_4,no_regime_renormalized,stability_heavy,0.1,0.24,psi_corruption,low_stress,10,10,0,1.0,1.0,0.0,0.0,25.2,25.0,24.0,27.0,0.0
grand_sim_v0_4,no_regime_renormalized,stability_heavy,0.1,0.24,psi_corruption,mid_stress,10,10,0,1.0,1.0,0.0,0.0,12.6,13.0,10.0,14.0,0.0
grand_sim_v0_4,no_regime_renormalized,stability_heavy,0.1,0.24,psi_corruption,high_stress,10,10,0,1.0,1.0,0.0,0.0,20.3,20.0,18.0,22.0,0.0
grand_sim_v0_4,no_regime_renormalized,stability_heavy,0.1,0.26,async_message_loss,low_stress,10,0,10,0.0,0.0,0.0,0.0,0.0,0.0,,,0.0
grand_sim_v0_4,no_regime_renormalized,stability_heavy,0.1,0.26,async_message_loss,mid_stress,10,0,10,0.0,0.0,0.0,0.0,0.0,0.0,,,0.0
grand_sim_v0_4,no_regime_renormalized,stability_heavy,0.1,0.26,async_message_loss,high_stress,10,10,0,1.0,1.0,0.0,0.0,21.1,21.0,20.0,22.0,0.0
grand_sim_v0_4,no_regime_renormalized,stability_heavy,0.1,0.26,federation_bridge_stress,low_stress,10,0,10,0.0,0.0,0.0,0.0,0.0,0.0,,,0.0
grand_sim_v0_4,no_regime_renormalized,stability_heavy,0.1,0.26,federation_bridge_stress,mid_stress,10,0,10,0.0,0.0,0.0,0.0,0.0,0.0,,,0.0
grand_sim_v0_4,no_regime_renormalized,stability_heavy,0.1,0.26,federation_bridge_stress,high_stress,10,10,0,1.0,1.0,0.0,0.0,14.3,14.0,13.0,15.0,0.0
grand_sim_v0_4,no_regime_renormalized,stability_heavy,0.1,0.26,federation_cluster_attack,low_stress,10,10,0,1.0,1.0,0.0,0.0,24.5,25.0,20.0,27.0,0.0
grand_sim_v0_4,no_regime_renormalized,stability_heavy,0.1,0.26,federation_cluster_attack,mid_stress,10,10,0,1.0,1.0,0.0,0.0,14.0,14.0,11.0,15.0,0.0
grand_sim_v0_4,no_regime_renormalized,stability_heavy,0.1,0.26,federation_cluster_attack,high_stress,10,10,0,1.0,1.0,0.0,0.0,14.9,15.0,14.0,17.0,0.0
grand_sim_v0_4,no_regime_renormalized,stability_heavy,0.1,0.26,psi_corruption,low_stress,10,10,0,1.0,1.0,0.0,0.0,22.9,23.0,22.0,25.0,0.0
grand_sim_v0_4,no_regime_renormalized,stability_heavy,0.1,0.26,psi_corruption,mid_stress,10,10,0,1.0,1.0,0.0,0.0,11.6,12.0,9.0,13.0,0.0
grand_sim_v0_4,no_regime_renormalized,stability_heavy,0.1,0.26,psi_corruption,high_stress,10,10,0,1.0,1.0,0.0,0.0,14.8,14.0,14.0,16.0,0.0
grand_sim_v0_4,no_regime_renormalized,stability_heavy,0.1,0.28,async_message_loss,low_stress,10,0,10,0.0,0.0,0.0,0.0,0.0,0.0,,,0.0
grand_sim_v0_4,no_regime_renormalized,stability_heavy,0.1,0.28,async_message_loss,mid_stress,10,0,10,0.0,0.0,0.0,0.0,0.0,0.0,,,0.0
grand_sim_v0_4,no_regime_renormalized,stability_heavy,0.1,0.28,async_message_loss,high_stress,10,10,0,1.0,1.0,0.0,0.0,17.8,17.0,17.0,19.0,0.0
grand_sim_v0_4,no_regime_renormalized,stability_heavy,0.1,0.28,federation_bridge_stress,low_stress,10,0,10,0.0,0.0,0.0,0.0,0.0,0.0,,,0.0
grand_sim_v0_4,no_regime_renormalized,stability_heavy,0.1,0.28,federation_bridge_stress,mid_stress,10,0,10,0.0,0.0,0.0,0.0,0.0,0.0,,,0.0
grand_sim_v0_4,no_regime_renormalized,stability_heavy,0.1,0.28,federation_bridge_stress,high_stress,10,10,0,1.0,1.0,0.0,0.0,11.6,12.0,11.0,12.0,0.0
grand_sim_v0_4,no_regime_renormalized,stability_heavy,0.1,0.28,federation_cluster_attack,low_stress,10,10,0,1.0,1.0,0.0,0.0,22.9,23.0,18.0,25.0,0.0
grand_sim_v0_4,no_regime_renormalized,stability_heavy,0.1,0.28,federation_cluster_attack,mid_stress,10,10,0,1.0,1.0,0.0,0.0,13.0,13.0,10.0,14.0,0.0
grand_sim_v0_4,no_regime_renormalized,stability_heavy,0.1,0.28,federation_cluster_attack,high_stress,10,10,0,1.0,1.0,0.0,0.0,11.9,12.0,11.0,14.0,0.0
grand_sim_v0_4,no_regime_renormalized,stability_heavy,0.1,0.28,psi_corruption,low_stress,10,10,0,1.0,1.0,0.0,0.0,20.6,20.0,19.0,23.0,0.0
grand_sim_v0_4,no_regime_renormalized,stability_heavy,0.1,0.28,psi_corruption,mid_stress,10,10,0,1.0,1.0,0.0,0.0,10.8,11.0,8.0,12.0,0.0
grand_sim_v0_4,no_regime_renormalized,stability_heavy,0.1,0.28,psi_corruption,high_stress,10,10,0,1.0,1.0,0.0,0.0,12.1,12.0,11.0,14.0,0.0
grand_sim_v0_4,no_regime_renormalized,stability_heavy,0.1,0.3,async_message_loss,low_stress,10,0,10,0.0,0.0,0.0,0.0,0.0,0.0,,,0.0
grand_sim_v0_4,no_regime_renormalized,stability_heavy,0.1,0.3,async_message_loss,mid_stress,10,0,10,0.0,0.0,0.0,0.0,0.0,0.0,,,0.0
grand_sim_v0_4,no_regime_renormalized,stability_heavy,0.1,0.3,async_message_loss,high_stress,10,10,0,1.0,1.0,0.0,0.0,15.5,15.0,14.0,17.0,0.0
grand_sim_v0_4,no_regime_renormalized,stability_heavy,0.1,0.3,federation_bridge_stress,low_stress,10,0,10,0.0,0.0,0.0,0.0,0.0,0.0,,,0.0
grand_sim_v0_4,no_regime_renormalized,stability_heavy,0.1,0.3,federation_bridge_stress,mid_stress,10,0,10,0.0,0.0,0.0,0.0,0.0,0.0,,,0.0
grand_sim_v0_4,no_regime_renormalized,stability_heavy,0.1,0.3,federation_bridge_stress,high_stress,10,10,0,1.0,1.0,0.0,0.0,9.7,10.0,8.0,11.0,0.0
grand_sim_v0_4,no_regime_renormalized,stability_heavy,0.1,0.3,federation_cluster_attack,low_stress,10,10,0,1.0,1.0,0.0,0.0,21.0,21.0,17.0,23.0,0.0
grand_sim_v0_4,no_regime_renormalized,stability_heavy,0.1,0.3,federation_cluster_attack,mid_stress,10,10,0,1.0,1.0,0.0,0.0,11.9,12.0,9.0,13.0,0.0
grand_sim_v0_4,no_regime_renormalized,stability_heavy,0.1,0.3,federation_cluster_attack,high_stress,10,10,0,1.0,1.0,0.0,0.0,10.1,10.0,9.0,11.0,0.0
grand_sim_v0_4,no_regime_renormalized,stability_heavy,0.1,0.3,psi_corruption,low_stress,10,10,0,1.0,1.0,0.0,0.0,18.5,18.0,17.0,21.0,0.0
grand_sim_v0_4,no_regime_renormalized,stability_heavy,0.1,0.3,psi_corruption,mid_stress,10,10,0,1.0,1.0,0.0,0.0,9.9,10.0,7.0,11.0,0.0
grand_sim_v0_4,no_regime_renormalized,stability_heavy,0.1,0.3,psi_corruption,high_stress,10,10,0,1.0,1.0,0.0,0.0,10.0,10.0,9.0,12.0,0.0
grand_sim_v0_4,no_regime_renormalized,stability_heavy,0.1,0.32,async_message_loss,low_stress,10,0,10,0.0,0.0,0.0,0.0,0.0,0.0,,,0.0
grand_sim_v0_4,no_regime_renormalized,stability_heavy,0.1,0.32,async_message_loss,mid_stress,10,0,10,0.0,0.0,0.0,0.0,0.0,0.0,,,0.0
grand_sim_v0_4,no_regime_renormalized,stability_heavy,0.1,0.32,async_message_loss,high_stress,10,10,0,1.0,1.0,0.0,0.0,13.5,13.0,12.0,15.0,0.0
grand_sim_v0_4,no_regime_renormalized,stability_heavy,0.1,0.32,federation_bridge_stress,low_stress,10,0,10,0.0,0.0,0.0,0.0,0.0,0.0,,,0.0
grand_sim_v0_4,no_regime_renormalized,stability_heavy,0.1,0.32,federation_bridge_stress,mid_stress,10,0,10,0.0,0.0,0.0,0.0,0.0,0.0,,,0.0
grand_sim_v0_4,no_regime_renormalized,stability_heavy,0.1,0.32,federation_bridge_stress,high_stress,10,10,0,1.0,1.0,0.0,0.0,8.2,8.0,7.0,9.0,0.0
grand_sim_v0_4,no_regime_renormalized,stability_heavy,0.1,0.32,federation_cluster_attack,low_stress,10,10,0,1.0,1.0,0.0,0.0,19.3,20.0,15.0,21.0,0.0
grand_sim_v0_4,no_regime_renormalized,stability_heavy,0.1,0.32,federation_cluster_attack,mid_stress,10,10,0,1.0,1.0,0.0,0.0,10.9,11.0,8.0,12.0,0.0
grand_sim_v0_4,no_regime_renormalized,stability_heavy,0.1,0.32,federation_cluster_attack,high_stress,10,10,0,1.0,1.0,0.0,0.0,8.6,9.0,7.0,10.0,0.0
grand_sim_v0_4,no_regime_renormalized,stability_heavy,0.1,0.32,psi_corruption,low_stress,10,10,0,1.0,1.0,0.0,0.0,16.6,16.0,15.0,19.0,0.0
grand_sim_v0_4,no_regime_renormalized,stability_heavy,0.1,0.32,psi_corruption,mid_stress,10,10,0,1.0,1.0,0.0,0.0,9.0,9.0,6.0,10.0,0.0
grand_sim_v0_4,no_regime_renormalized,stability_heavy,0.1,0.32,psi_corruption,high_stress,10,10,0,1.0,1.0,0.0,0.0,8.5,8.0,7.0,10.0,0.0
grand_sim_v0_4,no_regime_renormalized,stability_heavy,0.1,0.34,async_message_loss,low_stress,10,0,10,0.0,0.0,0.0,0.0,0.0,0.0,,,0.0
grand_sim_v0_4,no_regime_renormalized,stability_heavy,0.1,0.34,async_message_loss,mid_stress,10,0,10,0.0,0.0,0.0,0.0,0.0,0.0,,,0.0
grand_sim_v0_4,no_regime_renormalized,stability_heavy,0.1,0.34,async_message_loss,high_stress,10,10,0,1.0,1.0,0.0,0.0,11.8,11.0,11.0,13.0,0.0
grand_sim_v0_4,no_regime_renormalized,stability_heavy,0.1,0.34,federation_bridge_stress,low_stress,10,0,10,0.0,0.0,0.0,0.0,0.0,0.0,,,0.0
grand_sim_v0_4,no_regime_renormalized,stability_heavy,0.1,0.34,federation_bridge_stress,mid_stress,10,0,10,0.0,0.0,0.0,0.0,0.0,0.0,,,0.0
grand_sim_v0_4,no_regime_renormalized,stability_heavy,0.1,0.34,federation_bridge_stress,high_stress,10,10,0,1.0,1.0,0.0,0.0,6.9,7.0,6.0,8.0,0.0
grand_sim_v0_4,no_regime_renormalized,stability_heavy,0.1,0.34,federation_cluster_attack,low_stress,10,10,0,1.0,1.0,0.0,0.0,17.6,18.0,13.0,20.0,0.0
grand_sim_v0_4,no_regime_renormalized,stability_heavy,0.1,0.34,federation_cluster_attack,mid_stress,10,10,0,1.0,1.0,0.0,0.0,9.9,10.0,7.0,11.0,0.0
grand_sim_v0_4,no_regime_renormalized,stability_heavy,0.1,0.34,federation_cluster_attack,high_stress,10,10,0,1.0,1.0,0.0,0.0,7.1,7.0,6.0,8.0,0.0
grand_sim_v0_4,no_regime_renormalized,stability_heavy,0.1,0.34,psi_corruption,low_stress,10,10,0,1.0,1.0,0.0,0.0,15.2,15.0,14.0,17.0,0.0
grand_sim_v0_4,no_regime_renormalized,stability_heavy,0.1,0.34,psi_corruption,mid_stress,10,10,0,1.0,1.0,0.0,0.0,8.3,8.0,6.0,10.0,0.0
grand_sim_v0_4,no_regime_renormalized,stability_heavy,0.1,0.34,psi_corruption,high_stress,10,10,0,1.0,1.0,0.0,0.0,7.2,7.0,6.0,9.0,0.0
grand_sim_v0_4,no_regime_renormalized,stability_heavy,0.1,0.36,async_message_loss,low_stress,10,0,10,0.0,0.0,0.0,0.0,0.0,0.0,,,0.0
grand_sim_v0_4,no_regime_renormalized,stability_heavy,0.1,0.36,async_message_loss,mid_stress,10,0,10,0.0,0.0,0.0,0.0,0.0,0.0,,,0.0
grand_sim_v0_4,no_regime_renormalized,stability_heavy,0.1,0.36,async_message_loss,high_stress,10,10,0,1.0,1.0,0.0,0.0,10.2,10.0,9.0,11.0,0.0
grand_sim_v0_4,no_regime_renormalized,stability_heavy,0.1,0.36,federation_bridge_stress,low_stress,10,0,10,0.0,0.0,0.0,0.0,0.0,0.0,,,0.0
grand_sim_v0_4,no_regime_renormalized,stability_heavy,0.1,0.36,federation_bridge_stress,mid_stress,10,0,10,0.0,0.0,0.0,0.0,0.0,0.0,,,0.0
grand_sim_v0_4,no_regime_renormalized,stability_heavy,0.1,0.36,federation_bridge_stress,high_stress,10,10,0,1.0,1.0,0.0,0.0,5.6,6.0,4.0,7.0,0.0
grand_sim_v0_4,no_regime_renormalized,stability_heavy,0.1,0.36,federation_cluster_attack,low_stress,10,10,0,1.0,1.0,0.0,0.0,16.1,17.0,12.0,18.0,0.0
grand_sim_v0_4,no_regime_renormalized,stability_heavy,0.1,0.36,federation_cluster_attack,mid_stress,10,10,0,1.0,1.0,0.0,0.0,9.3,9.0,6.0,11.0,0.0
grand_sim_v0_4,no_regime_renormalized,stability_heavy,0.1,0.36,federation_cluster_attack,high_stress,10,10,0,1.0,1.0,0.0,0.0,6.0,6.0,5.0,7.0,0.0
grand_sim_v0_4,no_regime_renormalized,stability_heavy,0.1,0.36,psi_corruption,low_stress,10,10,0,1.0,1.0,0.0,0.0,13.9,14.0,13.0,16.0,0.0
grand_sim_v0_4,no_regime_renormalized,stability_heavy,0.1,0.36,psi_corruption,mid_stress,10,10,0,1.0,1.0,0.0,0.0,7.5,8.0,5.0,9.0,0.0
grand_sim_v0_4,no_regime_renormalized,stability_heavy,0.1,0.36,psi_corruption,high_stress,10,10,0,1.0,1.0,0.0,0.0,5.9,5.0,5.0,8.0,0.0
grand_sim_v0_4,no_regime_renormalized,stability_heavy,0.1,0.38,async_message_loss,low_stress,10,0,10,0.0,0.0,0.0,0.0,0.0,0.0,,,0.0
grand_sim_v0_4,no_regime_renormalized,stability_heavy,0.1,0.38,async_message_loss,mid_stress,10,0,10,0.0,0.0,0.0,0.0,0.0,0.0,,,0.0
grand_sim_v0_4,no_regime_renormalized,stability_heavy,0.1,0.38,async_message_loss,high_stress,10,10,0,1.0,1.0,0.0,0.0,9.0,9.0,8.0,10.0,0.0
grand_sim_v0_4,no_regime_renormalized,stability_heavy,0.1,0.38,federation_bridge_stress,low_stress,10,0,10,0.0,0.0,0.0,0.0,0.0,0.0,,,0.0
grand_sim_v0_4,no_regime_renormalized,stability_heavy,0.1,0.38,federation_bridge_stress,mid_stress,10,0,10,0.0,0.0,0.0,0.0,0.0,0.0,,,0.0
grand_sim_v0_4,no_regime_renormalized,stability_heavy,0.1,0.38,federation_bridge_stress,high_stress,10,10,0,1.0,1.0,0.0,0.0,4.5,4.0,3.0,6.0,0.0
grand_sim_v0_4,no_regime_renormalized,stability_heavy,0.1,0.38,federation_cluster_attack,low_stress,10,10,0,1.0,1.0,0.0,0.0,14.5,15.0,10.0,17.0,0.0
grand_sim_v0_4,no_regime_renormalized,stability_heavy,0.1,0.38,federation_cluster_attack,mid_stress,10,10,0,1.0,1.0,0.0,0.0,8.4,8.0,5.0,10.0,0.0
grand_sim_v0_4,no_regime_renormalized,stability_heavy,0.1,0.38,federation_cluster_attack,high_stress,10,10,0,1.0,1.0,0.0,0.0,4.9,5.0,4.0,6.0,0.0
grand_sim_v0_4,no_regime_renormalized,stability_heavy,0.1,0.38,psi_corruption,low_stress,10,10,0,1.0,1.0,0.0,0.0,12.4,12.0,11.0,14.0,0.0
grand_sim_v0_4,no_regime_renormalized,stability_heavy,0.1,0.38,psi_corruption,mid_stress,10,10,0,1.0,1.0,0.0,0.0,6.9,7.0,4.0,8.0,0.0
grand_sim_v0_4,no_regime_renormalized,stability_heavy,0.1,0.38,psi_corruption,high_stress,10,10,0,1.0,1.0,0.0,0.0,4.8,4.0,4.0,6.0,0.0
grand_sim_v0_4,no_regime_renormalized,stability_heavy,0.1,0.4,async_message_loss,low_stress,10,0,10,0.0,0.0,0.0,0.0,0.0,0.0,,,0.0
grand_sim_v0_4,no_regime_renormalized,stability_heavy,0.1,0.4,async_message_loss,mid_stress,10,0,10,0.0,0.0,0.0,0.0,0.0,0.0,,,0.0
grand_sim_v0_4,no_regime_renormalized,stability_heavy,0.1,0.4,async_message_loss,high_stress,10,10,0,1.0,1.0,0.0,0.0,7.8,8.0,6.0,9.0,0.0
grand_sim_v0_4,no_regime_renormalized,stability_heavy,0.1,0.4,federation_bridge_stress,low_stress,10,0,10,0.0,0.0,0.0,0.0,0.0,0.0,,,0.0
grand_sim_v0_4,no_regime_renormalized,stability_heavy,0.1,0.4,federation_bridge_stress,mid_stress,10,0,10,0.0,0.0,0.0,0.0,0.0,0.0,,,0.0
grand_sim_v0_4,no_regime_renormalized,stability_heavy,0.1,0.4,federation_bridge_stress,high_stress,10,10,0,1.0,1.0,0.0,0.0,3.6,4.0,2.0,5.0,0.0
grand_sim_v0_4,no_regime_renormalized,stability_heavy,0.1,0.4,federation_cluster_attack,low_stress,10,10,0,1.0,1.0,0.0,0.0,13.0,14.0,9.0,15.0,0.0
grand_sim_v0_4,no_regime_renormalized,stability_heavy,0.1,0.4,federation_cluster_attack,mid_stress,10,10,0,1.0,1.0,0.0,0.0,7.5,8.0,4.0,9.0,0.0
grand_sim_v0_4,no_regime_renormalized,stability_heavy,0.1,0.4,federation_cluster_attack,high_stress,10,10,0,1.0,1.0,0.0,0.0,3.6,3.0,3.0,5.0,0.0
grand_sim_v0_4,no_regime_renormalized,stability_heavy,0.1,0.4,psi_corruption,low_stress,10,10,0,1.0,1.0,0.0,0.0,11.2,11.0,10.0,13.0,0.0
grand_sim_v0_4,no_regime_renormalized,stability_heavy,0.1,0.4,psi_corruption,mid_stress,10,10,0,1.0,1.0,0.0,0.0,6.1,6.0,4.0,7.0,0.0
grand_sim_v0_4,no_regime_renormalized,stability_heavy,0.1,0.4,psi_corruption,high_stress,10,10,0,1.0,1.0,0.0,0.0,3.9,4.0,3.0,5.0,0.0
grand_sim_v0_4,no_regime_renormalized,stability_heavy,0.1,0.42,async_message_loss,low_stress,10,0,10,0.0,0.0,0.0,0.0,0.0,0.0,,,0.0
grand_sim_v0_4,no_regime_renormalized,stability_heavy,0.1,0.42,async_message_loss,mid_stress,10,0,10,0.0,0.0,0.0,0.0,0.0,0.0,,,0.0
grand_sim_v0_4,no_regime_renormalized,stability_heavy,0.1,0.42,async_message_loss,high_stress,10,10,0,1.0,1.0,0.0,0.0,6.9,7.0,5.0,8.0,0.0
grand_sim_v0_4,no_regime_renormalized,stability_heavy,0.1,0.42,federation_bridge_stress,low_stress,10,0,10,0.0,0.0,0.0,0.0,0.0,0.0,,,0.0
grand_sim_v0_4,no_regime_renormalized,stability_heavy,0.1,0.42,federation_bridge_stress,mid_stress,10,0,10,0.0,0.0,0.0,0.0,0.0,0.0,,,0.0
grand_sim_v0_4,no_regime_renormalized,stability_heavy,0.1,0.42,federation_bridge_stress,high_stress,10,10,0,1.0,1.0,0.0,0.0,2.8,3.0,1.0,4.0,0.0
grand_sim_v0_4,no_regime_renormalized,stability_heavy,0.1,0.42,federation_cluster_attack,low_stress,10,10,0,1.0,1.0,0.0,0.0,11.4,12.0,6.0,14.0,0.0
grand_sim_v0_4,no_regime_renormalized,stability_heavy,0.1,0.42,federation_cluster_attack,mid_stress,10,10,0,1.0,1.0,0.0,0.0,4.9,5.0,3.0,6.0,0.0
grand_sim_v0_4,no_regime_renormalized,stability_heavy,0.1,0.42,federation_cluster_attack,high_stress,10,10,0,1.0,1.0,0.0,0.0,2.9,3.0,2.0,4.0,0.0
grand_sim_v0_4,no_regime_renormalized,stability_heavy,0.1,0.42,psi_corruption,low_stress,10,10,0,1.0,1.0,0.0,0.0,9.8,9.0,9.0,12.0,0.0
grand_sim_v0_4,no_regime_renormalized,stability_heavy,0.1,0.42,psi_corruption,mid_stress,10,10,0,1.0,1.0,0.0,0.0,4.7,5.0,3.0,6.0,0.0
grand_sim_v0_4,no_regime_renormalized,stability_heavy,0.1,0.42,psi_corruption,high_stress,10,10,0,1.0,1.0,0.0,0.0,3.1,3.0,2.0,4.0,0.0
grand_sim_v0_4,no_regime_renormalized,stability_heavy,0.1,0.44,async_message_loss,low_stress,10,0,10,0.0,0.0,0.0,0.0,0.0,0.0,,,0.0
grand_sim_v0_4,no_regime_renormalized,stability_heavy,0.1,0.44,async_message_loss,mid_stress,10,0,10,0.0,0.0,0.0,0.0,0.0,0.0,,,0.0
grand_sim_v0_4,no_regime_renormalized,stability_heavy,0.1,0.44,async_message_loss,high_stress,10,10,0,1.0,1.0,0.0,0.0,5.5,5.0,4.0,7.0,0.0
grand_sim_v0_4,no_regime_renormalized,stability_heavy,0.1,0.44,federation_bridge_stress,low_stress,10,0,10,0.0,0.0,0.0,0.0,0.0,0.0,,,0.0
grand_sim_v0_4,no_regime_renormalized,stability_heavy,0.1,0.44,federation_bridge_stress,mid_stress,10,0,10,0.0,0.0,0.0,0.0,0.0,0.0,,,0.0
grand_sim_v0_4,no_regime_renormalized,stability_heavy,0.1,0.44,federation_bridge_stress,high_stress,10,10,0,1.0,1.0,0.0,0.0,2.0,2.0,1.0,3.0,0.0
grand_sim_v0_4,no_regime_renormalized,stability_heavy,0.1,0.44,federation_cluster_attack,low_stress,10,10,0,1.0,1.0,0.0,0.0,3.7,4.0,0.0,5.0,0.0
grand_sim_v0_4,no_regime_renormalized,stability_heavy,0.1,0.44,federation_cluster_attack,mid_stress,10,10,0,1.0,0.9,0.0,0.0,1.777778,2.0,1.0,3.0,1.0
grand_sim_v0_4,no_regime_renormalized,stability_heavy,0.1,0.44,federation_cluster_attack,high_stress,10,10,0,1.0,1.0,0.0,0.0,2.1,2.0,1.0,3.0,0.0
grand_sim_v0_4,no_regime_renormalized,stability_heavy,0.1,0.44,psi_corruption,low_stress,10,10,0,1.0,1.0,0.0,0.0,4.6,4.0,3.0,7.0,0.0
grand_sim_v0_4,no_regime_renormalized,stability_heavy,0.1,0.44,psi_corruption,mid_stress,10,10,0,1.0,1.0,0.0,0.0,2.0,2.0,0.0,4.0,0.0
grand_sim_v0_4,no_regime_renormalized,stability_heavy,0.1,0.44,psi_corruption,high_stress,10,10,0,1.0,1.0,0.0,0.0,2.3,2.0,1.0,4.0,0.0
grand_sim_v0_4,no_regime_renormalized,stability_heavy,0.1,0.46,async_message_loss,low_stress,10,0,10,0.0,0.0,0.0,0.0,0.0,0.0,,,0.0
grand_sim_v0_4,no_regime_renormalized,stability_heavy,0.1,0.46,async_message_loss,mid_stress,10,0,10,0.0,0.0,0.0,0.0,0.0,0.0,,,0.0
grand_sim_v0_4,no_regime_renormalized,stability_heavy,0.1,0.46,async_message_loss,high_stress,10,10,0,1.0,1.0,0.0,0.0,4.9,5.0,3.0,6.0,0.0
grand_sim_v0_4,no_regime_renormalized,stability_heavy,0.1,0.46,federation_bridge_stress,low_stress,10,0,10,0.0,0.0,0.0,0.0,0.0,0.0,,,0.0
grand_sim_v0_4,no_regime_renormalized,stability_heavy,0.1,0.46,federation_bridge_stress,mid_stress,10,0,10,0.0,0.0,0.0,0.0,0.0,0.0,,,0.0
grand_sim_v0_4,no_regime_renormalized,stability_heavy,0.1,0.46,federation_bridge_stress,high_stress,10,10,0,1.0,1.0,0.0,0.0,1.3,1.0,0.0,2.0,0.0
grand_sim_v0_4,no_regime_renormalized,stability_heavy,0.1,0.46,federation_cluster_attack,low_stress,10,10,0,0.8,0.0,0.2,0.0,0.0,0.0,,,11.625
grand_sim_v0_4,no_regime_renormalized,stability_heavy,0.1,0.46,federation_cluster_attack,mid_stress,10,10,0,1.0,0.0,0.0,0.0,0.0,0.0,,,1.8
grand_sim_v0_4,no_regime_renormalized,stability_heavy,0.1,0.46,federation_cluster_attack,high_stress,10,10,0,1.0,1.0,0.0,0.0,1.3,1.0,0.0,2.0,0.0
grand_sim_v0_4,no_regime_renormalized,stability_heavy,0.1,0.46,psi_corruption,low_stress,10,10,0,1.0,0.0,0.0,0.0,0.0,0.0,,,5.0
grand_sim_v0_4,no_regime_renormalized,stability_heavy,0.1,0.46,psi_corruption,mid_stress,10,10,0,1.0,0.2,0.0,0.0,0.0,0.0,0.0,0.0,1.375
grand_sim_v0_4,no_regime_renormalized,stability_heavy,0.1,0.46,psi_corruption,high_stress,10,10,0,1.0,1.0,0.0,0.0,1.4,1.0,0.0,3.0,0.0
grand_sim_v0_4,no_regime_renormalized,stability_heavy,0.1,0.48,async_message_loss,low_stress,10,0,10,0.0,0.0,0.0,0.0,0.0,0.0,,,0.0
grand_sim_v0_4,no_regime_renormalized,stability_heavy,0.1,0.48,async_message_loss,mid_stress,10,0,10,0.0,0.0,0.0,0.0,0.0,0.0,,,0.0
grand_sim_v0_4,no_regime_renormalized,stability_heavy,0.1,0.48,async_message_loss,high_stress,10,10,0,1.0,1.0,0.0,0.0,3.9,4.0,3.0,5.0,0.0
grand_sim_v0_4,no_regime_renormalized,stability_heavy,0.1,0.48,federation_bridge_stress,low_stress,10,0,10,0.0,0.0,0.0,0.0,0.0,0.0,,,0.0
grand_sim_v0_4,no_regime_renormalized,stability_heavy,0.1,0.48,federation_bridge_stress,mid_stress,10,0,10,0.0,0.0,0.0,0.0,0.0,0.0,,,0.0
grand_sim_v0_4,no_regime_renormalized,stability_heavy,0.1,0.48,federation_bridge_stress,high_stress,10,10,0,1.0,0.9,0.0,0.0,0.777778,1.0,0.0,2.0,1.0
grand_sim_v0_4,no_regime_renormalized,stability_heavy,0.1,0.48,federation_cluster_attack,low_stress,10,10,0,0.0,0.0,1.0,0.0,0.0,0.0,,,0.0
grand_sim_v0_4,no_regime_renormalized,stability_heavy,0.1,0.48,federation_cluster_attack,mid_stress,10,10,0,1.0,0.0,0.0,0.0,0.0,0.0,,,5.2
grand_sim_v0_4,no_regime_renormalized,stability_heavy,0.1,0.48,federation_cluster_attack,high_stress,10,10,0,1.0,1.0,0.0,0.0,0.6,0.0,0.0,2.0,0.0
grand_sim_v0_4,no_regime_renormalized,stability_heavy,0.1,0.48,psi_corruption,low_stress,10,10,0,0.2,0.0,0.8,0.0,0.0,0.0,,,23.5
grand_sim_v0_4,no_regime_renormalized,stability_heavy,0.1,0.48,psi_corruption,mid_stress,10,10,0,1.0,0.0,0.0,0.0,0.0,0.0,,,5.0
grand_sim_v0_4,no_regime_renormalized,stability_heavy,0.1,0.48,psi_corruption,high_stress,10,10,0,1.0,1.0,0.0,0.0,1.0,1.0,0.0,2.0,0.0
grand_sim_v0_4,no_regime_renormalized,stability_heavy,0.1,0.5,async_message_loss,low_stress,10,0,10,0.0,0.0,0.0,0.0,0.0,0.0,,,0.0
grand_sim_v0_4,no_regime_renormalized,stability_heavy,0.1,0.5,async_message_loss,mid_stress,10,0,10,0.0,0.0,0.0,0.0,0.0,0.0,,,0.0
grand_sim_v0_4,no_regime_renormalized,stability_heavy,0.1,0.5,async_message_loss,high_stress,10,10,0,1.0,1.0,0.0,0.0,3.0,3.0,2.0,4.0,0.0
grand_sim_v0_4,no_regime_renormalized,stability_heavy,0.1,0.5,federation_bridge_stress,low_stress,10,0,10,0.0,0.0,0.0,0.0,0.0,0.0,,,0.0
grand_sim_v0_4,no_regime_renormalized,stability_heavy,0.1,0.5,federation_bridge_stress,mid_stress,10,0,10,0.0,0.0,0.0,0.0,0.0,0.0,,,0.0
grand_sim_v0_4,no_regime_renormalized,stability_heavy,0.1,0.5,federation_bridge_stress,high_stress,10,10,0,1.0,0.8,0.0,0.0,0.125,0.0,0.0,1.0,1.0
grand_sim_v0_4,no_regime_renormalized,stability_heavy,0.1,0.5,federation_cluster_attack,low_stress,10,10,0,0.0,0.0,1.0,0.0,0.0,0.0,,,0.0
grand_sim_v0_4,no_regime_renormalized,stability_heavy,0.1,0.5,federation_cluster_attack,mid_stress,10,10,0,1.0,0.0,0.0,0.0,0.0,0.0,,,7.5
grand_sim_v0_4,no_regime_renormalized,stability_heavy,0.1,0.5,federation_cluster_attack,high_stress,10,10,0,1.0,0.7,0.0,0.0,0.428571,0.0,0.0,1.0,1.0
grand_sim_v0_4,no_regime_renormalized,stability_heavy,0.1,0.5,psi_corruption,low_stress,10,10,0,0.0,0.0,1.0,0.0,0.0,0.0,,,0.0
grand_sim_v0_4,no_regime_renormalized,stability_heavy,0.1,0.5,psi_corruption,mid_stress,10,10,0,1.0,0.0,0.0,0.0,0.0,0.0,,,9.2
grand_sim_v0_4,no_regime_renormalized,stability_heavy,0.1,0.5,psi_corruption,high_stress,10,10,0,1.0,0.8,0.0,0.0,0.375,0.0,0.0,1.0,1.0
grand_sim_v0_4,no_regime_renormalized,stability_heavy,0.1,0.52,async_message_loss,low_stress,10,0,10,0.0,0.0,0.0,0.0,0.0,0.0,,,0.0
grand_sim_v0_4,no_regime_renormalized,stability_heavy,0.1,0.52,async_message_loss,mid_stress,10,0,10,0.0,0.0,0.0,0.0,0.0,0.0,,,0.0
grand_sim_v0_4,no_regime_renormalized,stability_heavy,0.1,0.52,async_message_loss,high_stress,10,10,0,1.0,1.0,0.0,0.0,1.9,2.0,1.0,3.0,0.0
grand_sim_v0_4,no_regime_renormalized,stability_heavy,0.1,0.52,federation_bridge_stress,low_stress,10,0,10,0.0,0.0,0.0,0.0,0.0,0.0,,,0.0
grand_sim_v0_4,no_regime_renormalized,stability_heavy,0.1,0.52,federation_bridge_stress,mid_stress,10,0,10,0.0,0.0,0.0,0.0,0.0,0.0,,,0.0
grand_sim_v0_4,no_regime_renormalized,stability_heavy,0.1,0.52,federation_bridge_stress,high_stress,10,10,0,1.0,0.3,0.0,0.0,0.0,0.0,0.0,0.0,1.142857
grand_sim_v0_4,no_regime_renormalized,stability_heavy,0.1,0.52,federation_cluster_attack,low_stress,10,10,0,0.0,0.0,1.0,0.0,0.0,0.0,,,0.0
grand_sim_v0_4,no_regime_renormalized,stability_heavy,0.1,0.52,federation_cluster_attack,mid_stress,10,10,0,1.0,0.0,0.0,0.0,0.0,0.0,,,11.2
grand_sim_v0_4,no_regime_renormalized,stability_heavy,0.1,0.52,federation_cluster_attack,high_stress,10,10,0,1.0,0.4,0.0,0.0,0.0,0.0,0.0,0.0,1.166667
grand_sim_v0_4,no_regime_renormalized,stability_heavy,0.1,0.52,psi_corruption,low_stress,10,10,0,0.0,0.0,1.0,0.0,0.0,0.0,,,0.0
grand_sim_v0_4,no_regime_renormalized,stability_heavy,0.1,0.52,psi_corruption,mid_stress,10,10,0,1.0,0.0,0.0,0.0,0.0,0.0,,,12.5
grand_sim_v0_4,no_regime_renormalized,stability_heavy,0.1,0.52,psi_corruption,high_stress,10,10,0,1.0,0.5,0.0,0.0,0.2,0.0,0.0,1.0,1.2
grand_sim_v0_4,no_regime_renormalized,stability_heavy,0.1,0.54,async_message_loss,low_stress,10,0,10,0.0,0.0,0.0,0.0,0.0,0.0,,,0.0
grand_sim_v0_4,no_regime_renormalized,stability_heavy,0.1,0.54,async_message_loss,mid_stress,10,0,10,0.0,0.0,0.0,0.0,0.0,0.0,,,0.0
grand_sim_v0_4,no_regime_renormalized,stability_heavy,0.1,0.54,async_message_loss,high_stress,10,10,0,1.0,1.0,0.0,0.0,1.0,1.0,0.0,2.0,0.0
grand_sim_v0_4,no_regime_renormalized,stability_heavy,0.1,0.54,federation_bridge_stress,low_stress,10,0,10,0.0,0.0,0.0,0.0,0.0,0.0,,,0.0
grand_sim_v0_4,no_regime_renormalized,stability_heavy,0.1,0.54,federation_bridge_stress,mid_stress,10,0,10,0.0,0.0,0.0,0.0,0.0,0.0,,,0.0
grand_sim_v0_4,no_regime_renormalized,stability_heavy,0.1,0.54,federation_bridge_stress,high_stress,10,10,0,1.0,0.0,0.0,0.0,0.0,0.0,,,1.3
grand_sim_v0_4,no_regime_renormalized,stability_heavy,0.1,0.54,federation_cluster_attack,low_stress,10,10,0,0.0,0.0,1.0,0.0,0.0,0.0,,,0.0
grand_sim_v0_4,no_regime_renormalized,stability_heavy,0.1,0.54,federation_cluster_attack,mid_stress,10,10,0,1.0,0.0,0.0,0.0,0.0,0.0,,,17.4
grand_sim_v0_4,no_regime_renormalized,stability_heavy,0.1,0.54,federation_cluster_attack,high_stress,10,10,0,1.0,0.2,0.0,0.0,0.0,0.0,0.0,0.0,1.625
grand_sim_v0_4,no_regime_renormalized,stability_heavy,0.1,0.54,psi_corruption,low_stress,10,10,0,0.0,0.0,1.0,0.0,0.0,0.0,,,0.0
grand_sim_v0_4,no_regime_renormalized,stability_heavy,0.1,0.54,psi_corruption,mid_stress,10,10,0,1.0,0.0,0.0,0.0,0.0,0.0,,,18.1
grand_sim_v0_4,no_regime_renormalized,stability_heavy,0.1,0.54,psi_corruption,high_stress,10,10,0,1.0,0.3,0.0,0.0,0.0,0.0,0.0,0.0,1.285714
grand_sim_v0_4,no_regime_renormalized,stability_heavy,0.1,0.56,async_message_loss,low_stress,10,0,10,0.0,0.0,0.0,0.0,0.0,0.0,,,0.0
grand_sim_v0_4,no_regime_renormalized,stability_heavy,0.1,0.56,async_message_loss,mid_stress,10,0,10,0.0,0.0,0.0,0.0,0.0,0.0,,,0.0
grand_sim_v0_4,no_regime_renormalized,stability_heavy,0.1,0.56,async_message_loss,high_stress,10,10,0,1.0,0.9,0.0,0.0,0.333333,0.0,0.0,1.0,1.0
grand_sim_v0_4,no_regime_renormalized,stability_heavy,0.1,0.56,federation_bridge_stress,low_stress,10,0,10,0.0,0.0,0.0,0.0,0.0,0.0,,,0.0
grand_sim_v0_4,no_regime_renormalized,stability_heavy,0.1,0.56,federation_bridge_stress,mid_stress,10,0,10,0.0,0.0,0.0,0.0,0.0,0.0,,,0.0
grand_sim_v0_4,no_regime_renormalized,stability_heavy,0.1,0.56,federation_bridge_stress,high_stress,10,10,0,1.0,0.0,0.0,0.0,0.0,0.0,,,2.1
grand_sim_v0_4,no_regime_renormalized,stability_heavy,0.1,0.56,federation_cluster_attack,low_stress,10,10,0,0.0,0.0,1.0,0.0,0.0,0.0,,,0.0
grand_sim_v0_4,no_regime_renormalized,stability_heavy,0.1,0.56,federation_cluster_attack,mid_stress,10,10,0,1.0,0.0,0.0,0.0,0.0,0.0,,,26.9
grand_sim_v0_4,no_regime_renormalized,stability_heavy,0.1,0.56,federation_cluster_attack,high_stress,10,10,0,1.0,0.0,0.0,0.0,0.0,0.0,,,2.1
grand_sim_v0_4,no_regime_renormalized,stability_heavy,0.1,0.56,psi_corruption,low_stress,10,10,0,0.0,0.0,1.0,0.0,0.0,0.0,,,0.0
grand_sim_v0_4,no_regime_renormalized,stability_heavy,0.1,0.56,psi_corruption,mid_stress,10,10,0,1.0,0.0,0.0,0.0,0.0,0.0,,,26.4
grand_sim_v0_4,no_regime_renormalized,stability_heavy,0.1,0.56,psi_corruption,high_stress,10,10,0,1.0,0.0,0.0,0.0,0.0,0.0,,,1.8
grand_sim_v0_4,no_regime_renormalized,stability_heavy,0.1,0.58,async_message_loss,low_stress,10,0,10,0.0,0.0,0.0,0.0,0.0,0.0,,,0.0
grand_sim_v0_4,no_regime_renormalized,stability_heavy,0.1,0.58,async_message_loss,mid_stress,10,0,10,0.0,0.0,0.0,0.0,0.0,0.0,,,0.0
grand_sim_v0_4,no_regime_renormalized,stability_heavy,0.1,0.58,async_message_loss,high_stress,10,10,0,1.0,0.4,0.0,0.0,0.0,0.0,0.0,0.0,1.166667
grand_sim_v0_4,no_regime_renormalized,stability_heavy,0.1,0.58,federation_bridge_stress,low_stress,10,0,10,0.0,0.0,0.0,0.0,0.0,0.0,,,0.0
grand_sim_v0_4,no_regime_renormalized,stability_heavy,0.1,0.58,federation_bridge_stress,mid_stress,10,0,10,0.0,0.0,0.0,0.0,0.0,0.0,,,0.0
grand_sim_v0_4,no_regime_renormalized,stability_heavy,0.1,0.58,federation_bridge_stress,high_stress,10,10,0,1.0,0.0,0.0,0.0,0.0,0.0,,,2.8
grand_sim_v0_4,no_regime_renormalized,stability_heavy,0.1,0.58,federation_cluster_attack,low_stress,10,10,0,0.0,0.0,1.0,0.0,0.0,0.0,,,0.0
grand_sim_v0_4,no_regime_renormalized,stability_heavy,0.1,0.58,federation_cluster_attack,mid_stress,10,10,0,1.0,0.0,0.0,0.0,0.0,0.0,,,39.9
grand_sim_v0_4,no_regime_renormalized,stability_heavy,0.1,0.58,federation_cluster_attack,high_stress,10,10,0,1.0,0.0,0.0,0.0,0.0,0.0,,,3.2
grand_sim_v0_4,no_regime_renormalized,stability_heavy,0.1,0.58,psi_corruption,low_stress,10,10,0,0.0,0.0,1.0,0.0,0.0,0.0,,,0.0
grand_sim_v0_4,no_regime_renormalized,stability_heavy,0.1,0.58,psi_corruption,mid_stress,10,10,0,1.0,0.0,0.0,0.0,0.0,0.0,,,38.1
grand_sim_v0_4,no_regime_renormalized,stability_heavy,0.1,0.58,psi_corruption,high_stress,10,10,0,1.0,0.0,0.0,0.0,0.0,0.0,,,2.4
grand_sim_v0_4,no_regime_renormalized,stability_heavy,0.1,0.6,async_message_loss,low_stress,10,0,10,0.0,0.0,0.0,0.0,0.0,0.0,,,0.0
grand_sim_v0_4,no_regime_renormalized,stability_heavy,0.1,0.6,async_message_loss,mid_stress,10,0,10,0.0,0.0,0.0,0.0,0.0,0.0,,,0.0
grand_sim_v0_4,no_regime_renormalized,stability_heavy,0.1,0.6,async_message_loss,high_stress,10,10,0,1.0,0.0,0.0,0.0,0.0,0.0,,,1.8
grand_sim_v0_4,no_regime_renormalized,stability_heavy,0.1,0.6,federation_bridge_stress,low_stress,10,0,10,0.0,0.0,0.0,0.0,0.0,0.0,,,0.0
grand_sim_v0_4,no_regime_renormalized,stability_heavy,0.1,0.6,federation_bridge_stress,mid_stress,10,0,10,0.0,0.0,0.0,0.0,0.0,0.0,,,0.0
grand_sim_v0_4,no_regime_renormalized,stability_heavy,0.1,0.6,federation_bridge_stress,high_stress,10,10,0,1.0,0.0,0.0,0.0,0.0,0.0,,,4.1
grand_sim_v0_4,no_regime_renormalized,stability_heavy,0.1,0.6,federation_cluster_attack,low_stress,10,10,0,0.0,0.0,1.0,0.0,0.0,0.0,,,0.0
grand_sim_v0_4,no_regime_renormalized,stability_heavy,0.1,0.6,federation_cluster_attack,mid_stress,10,10,0,0.0,0.0,1.0,0.0,0.0,0.0,,,0.0
grand_sim_v0_4,no_regime_renormalized,stability_heavy,0.1,0.6,federation_cluster_attack,high_stress,10,10,0,1.0,0.0,0.0,0.0,0.0,0.0,,,4.4
grand_sim_v0_4,no_regime_renormalized,stability_heavy,0.1,0.6,psi_corruption,low_stress,10,10,0,0.0,0.0,1.0,0.0,0.0,0.0,,,0.0
grand_sim_v0_4,no_regime_renormalized,stability_heavy,0.1,0.6,psi_corruption,mid_stress,10,10,0,0.0,0.0,1.0,0.0,0.0,0.0,,,0.0
grand_sim_v0_4,no_regime_renormalized,stability_heavy,0.1,0.6,psi_corruption,high_stress,10,10,0,1.0,0.0,0.0,0.0,0.0,0.0,,,3.5
grand_sim_v0_4,with_regime_original,trust_stability,0.1,0.1,async_message_loss,low_stress,10,0,10,0.0,0.0,0.0,1.0,0.0,0.0,,,0.0
grand_sim_v0_4,with_regime_original,trust_stability,0.1,0.1,async_message_loss,mid_stress,10,0,10,0.0,0.0,0.0,1.0,0.0,0.0,,,0.0
grand_sim_v0_4,with_regime_original,trust_stability,0.1,0.1,async_message_loss,high_stress,10,10,0,1.0,1.0,0.0,0.0,31.4,31.0,29.0,33.0,0.0
grand_sim_v0_4,with_regime_original,trust_stability,0.1,0.1,federation_bridge_stress,low_stress,10,0,10,0.0,0.0,0.0,1.0,0.0,0.0,,,0.0
grand_sim_v0_4,with_regime_original,trust_stability,0.1,0.1,federation_bridge_stress,mid_stress,10,0,10,0.0,0.0,0.0,1.0,0.0,0.0,,,0.0
grand_sim_v0_4,with_regime_original,trust_stability,0.1,0.1,federation_bridge_stress,high_stress,10,10,0,1.0,1.0,0.0,0.0,24.7,24.0,23.0,27.0,0.0
grand_sim_v0_4,with_regime_original,trust_stability,0.1,0.1,federation_cluster_attack,low_stress,10,10,0,1.0,1.0,0.0,0.0,97.2,98.0,92.0,99.0,0.0
grand_sim_v0_4,with_regime_original,trust_stability,0.1,0.1,federation_cluster_attack,mid_stress,10,10,0,1.0,1.0,0.0,0.0,65.9,66.0,62.0,67.0,0.0
grand_sim_v0_4,with_regime_original,trust_stability,0.1,0.1,federation_cluster_attack,high_stress,10,10,0,1.0,1.0,0.0,0.0,26.5,27.0,25.0,28.0,0.0
grand_sim_v0_4,with_regime_original,trust_stability,0.1,0.1,psi_corruption,low_stress,10,10,0,1.0,1.0,0.0,0.0,87.1,87.0,86.0,88.0,0.0
grand_sim_v0_4,with_regime_original,trust_stability,0.1,0.1,psi_corruption,mid_stress,10,10,0,1.0,1.0,0.0,0.0,59.9,60.0,57.0,61.0,0.0
grand_sim_v0_4,with_regime_original,trust_stability,0.1,0.1,psi_corruption,high_stress,10,10,0,1.0,1.0,0.0,0.0,24.6,24.0,23.0,27.0,0.0
grand_sim_v0_4,with_regime_original,trust_stability,0.1,0.12,async_message_loss,low_stress,10,0,10,0.0,0.0,0.0,1.0,0.0,0.0,,,0.0
grand_sim_v0_4,with_regime_original,trust_stability,0.1,0.12,async_message_loss,mid_stress,10,0,10,0.0,0.0,0.0,1.0,0.0,0.0,,,0.0
grand_sim_v0_4,with_regime_original,trust_stability,0.1,0.12,async_message_loss,high_stress,10,10,0,1.0,1.0,0.0,0.0,31.4,31.0,29.0,33.0,0.0
grand_sim_v0_4,with_regime_original,trust_stability,0.1,0.12,federation_bridge_stress,low_stress,10,0,10,0.0,0.0,0.0,1.0,0.0,0.0,,,0.0
grand_sim_v0_4,with_regime_original,trust_stability,0.1,0.12,federation_bridge_stress,mid_stress,10,0,10,0.0,0.0,0.0,1.0,0.0,0.0,,,0.0
grand_sim_v0_4,with_regime_original,trust_stability,0.1,0.12,federation_bridge_stress,high_stress,10,10,0,1.0,1.0,0.0,0.0,24.7,24.0,23.0,27.0,0.0
grand_sim_v0_4,with_regime_original,trust_stability,0.1,0.12,federation_cluster_attack,low_stress,10,10,0,1.0,1.0,0.0,0.0,97.2,98.0,92.0,99.0,0.0
grand_sim_v0_4,with_regime_original,trust_stability,0.1,0.12,federation_cluster_attack,mid_stress,10,10,0,1.0,1.0,0.0,0.0,65.9,66.0,62.0,67.0,0.0
grand_sim_v0_4,with_regime_original,trust_stability,0.1,0.12,federation_cluster_attack,high_stress,10,10,0,1.0,1.0,0.0,0.0,26.5,27.0,25.0,28.0,0.0
grand_sim_v0_4,with_regime_original,trust_stability,0.1,0.12,psi_corruption,low_stress,10,10,0,1.0,1.0,0.0,0.0,87.1,87.0,86.0,88.0,0.0
grand_sim_v0_4,with_regime_original,trust_stability,0.1,0.12,psi_corruption,mid_stress,10,10,0,1.0,1.0,0.0,0.0,59.9,60.0,57.0,61.0,0.0
grand_sim_v0_4,with_regime_original,trust_stability,0.1,0.12,psi_corruption,high_stress,10,10,0,1.0,1.0,0.0,0.0,24.6,24.0,23.0,27.0,0.0
grand_sim_v0_4,with_regime_original,trust_stability,0.1,0.14,async_message_loss,low_stress,10,0,10,0.0,0.0,0.0,1.0,0.0,0.0,,,0.0
grand_sim_v0_4,with_regime_original,trust_stability,0.1,0.14,async_message_loss,mid_stress,10,0,10,0.0,0.0,0.0,1.0,0.0,0.0,,,0.0
grand_sim_v0_4,with_regime_original,trust_stability,0.1,0.14,async_message_loss,high_stress,10,10,0,1.0,1.0,0.0,0.0,31.4,31.0,29.0,33.0,0.0
grand_sim_v0_4,with_regime_original,trust_stability,0.1,0.14,federation_bridge_stress,low_stress,10,0,10,0.0,0.0,0.0,1.0,0.0,0.0,,,0.0
grand_sim_v0_4,with_regime_original,trust_stability,0.1,0.14,federation_bridge_stress,mid_stress,10,0,10,0.0,0.0,0.0,1.0,0.0,0.0,,,0.0
grand_sim_v0_4,with_regime_original,trust_stability,0.1,0.14,federation_bridge_stress,high_stress,10,10,0,1.0,1.0,0.0,0.0,24.7,24.0,23.0,27.0,0.0
grand_sim_v0_4,with_regime_original,trust_stability,0.1,0.14,federation_cluster_attack,low_stress,10,10,0,1.0,1.0,0.0,0.0,97.2,98.0,92.0,99.0,0.0
grand_sim_v0_4,with_regime_original,trust_stability,0.1,0.14,federation_cluster_attack,mid_stress,10,10,0,1.0,1.0,0.0,0.0,65.9,66.0,62.0,67.0,0.0
grand_sim_v0_4,with_regime_original,trust_stability,0.1,0.14,federation_cluster_attack,high_stress,10,10,0,1.0,1.0,0.0,0.0,26.5,27.0,25.0,28.0,0.0
grand_sim_v0_4,with_regime_original,trust_stability,0.1,0.14,psi_corruption,low_stress,10,10,0,1.0,1.0,0.0,0.0,87.1,87.0,86.0,88.0,0.0
grand_sim_v0_4,with_regime_original,trust_stability,0.1,0.14,psi_corruption,mid_stress,10,10,0,1.0,1.0,0.0,0.0,59.9,60.0,57.0,61.0,0.0
grand_sim_v0_4,with_regime_original,trust_stability,0.1,0.14,psi_corruption,high_stress,10,10,0,1.0,1.0,0.0,0.0,24.6,24.0,23.0,27.0,0.0
grand_sim_v0_4,with_regime_original,trust_stability,0.1,0.16,async_message_loss,low_stress,10,0,10,0.0,0.0,0.0,1.0,0.0,0.0,,,0.0
grand_sim_v0_4,with_regime_original,trust_stability,0.1,0.16,async_message_loss,mid_stress,10,0,10,0.0,0.0,0.0,1.0,0.0,0.0,,,0.0
grand_sim_v0_4,with_regime_original,trust_stability,0.1,0.16,async_message_loss,high_stress,10,10,0,1.0,1.0,0.0,0.0,31.4,31.0,29.0,33.0,0.0
grand_sim_v0_4,with_regime_original,trust_stability,0.1,0.16,federation_bridge_stress,low_stress,10,0,10,0.0,0.0,0.0,1.0,0.0,0.0,,,0.0
grand_sim_v0_4,with_regime_original,trust_stability,0.1,0.16,federation_bridge_stress,mid_stress,10,0,10,0.0,0.0,0.0,1.0,0.0,0.0,,,0.0
grand_sim_v0_4,with_regime_original,trust_stability,0.1,0.16,federation_bridge_stress,high_stress,10,10,0,1.0,1.0,0.0,0.0,24.7,24.0,23.0,27.0,0.0
grand_sim_v0_4,with_regime_original,trust_stability,0.1,0.16,federation_cluster_attack,low_stress,10,10,0,1.0,1.0,0.0,0.0,97.2,98.0,92.0,99.0,0.0
grand_sim_v0_4,with_regime_original,trust_stability,0.1,0.16,federation_cluster_attack,mid_stress,10,10,0,1.0,1.0,0.0,0.0,65.9,66.0,62.0,67.0,0.0
grand_sim_v0_4,with_regime_original,trust_stability,0.1,0.16,federation_cluster_attack,high_stress,10,10,0,1.0,1.0,0.0,0.0,26.5,27.0,25.0,28.0,0.0
grand_sim_v0_4,with_regime_original,trust_stability,0.1,0.16,psi_corruption,low_stress,10,10,0,1.0,1.0,0.0,0.0,87.1,87.0,86.0,88.0,0.0
grand_sim_v0_4,with_regime_original,trust_stability,0.1,0.16,psi_corruption,mid_stress,10,10,0,1.0,1.0,0.0,0.0,59.9,60.0,57.0,61.0,0.0
grand_sim_v0_4,with_regime_original,trust_stability,0.1,0.16,psi_corruption,high_stress,10,10,0,1.0,1.0,0.0,0.0,24.6,24.0,23.0,27.0,0.0
grand_sim_v0_4,with_regime_original,trust_stability,0.1,0.18,async_message_loss,low_stress,10,0,10,0.0,0.0,0.0,1.0,0.0,0.0,,,0.0
grand_sim_v0_4,with_regime_original,trust_stability,0.1,0.18,async_message_loss,mid_stress,10,0,10,0.0,0.0,0.0,1.0,0.0,0.0,,,0.0
grand_sim_v0_4,with_regime_original,trust_stability,0.1,0.18,async_message_loss,high_stress,10,10,0,1.0,1.0,0.0,0.0,31.4,31.0,29.0,33.0,0.0
grand_sim_v0_4,with_regime_original,trust_stability,0.1,0.18,federation_bridge_stress,low_stress,10,0,10,0.0,0.0,0.0,1.0,0.0,0.0,,,0.0
grand_sim_v0_4,with_regime_original,trust_stability,0.1,0.18,federation_bridge_stress,mid_stress,10,0,10,0.0,0.0,0.0,1.0,0.0,0.0,,,0.0
grand_sim_v0_4,with_regime_original,trust_stability,0.1,0.18,federation_bridge_stress,high_stress,10,10,0,1.0,1.0,0.0,0.0,24.7,24.0,23.0,27.0,0.0
grand_sim_v0_4,with_regime_original,trust_stability,0.1,0.18,federation_cluster_attack,low_stress,10,10,0,1.0,1.0,0.0,0.0,97.2,98.0,92.0,99.0,0.0
grand_sim_v0_4,with_regime_original,trust_stability,0.1,0.18,federation_cluster_attack,mid_stress,10,10,0,1.0,1.0,0.0,0.0,65.9,66.0,62.0,67.0,0.0
grand_sim_v0_4,with_regime_original,trust_stability,0.1,0.18,federation_cluster_attack,high_stress,10,10,0,1.0,1.0,0.0,0.0,26.5,27.0,25.0,28.0,0.0
grand_sim_v0_4,with_regime_original,trust_stability,0.1,0.18,psi_corruption,low_stress,10,10,0,1.0,1.0,0.0,0.0,87.1,87.0,86.0,88.0,0.0
grand_sim_v0_4,with_regime_original,trust_stability,0.1,0.18,psi_corruption,mid_stress,10,10,0,1.0,1.0,0.0,0.0,59.9,60.0,57.0,61.0,0.0
grand_sim_v0_4,with_regime_original,trust_stability,0.1,0.18,psi_corruption,high_stress,10,10,0,1.0,1.0,0.0,0.0,24.6,24.0,23.0,27.0,0.0
grand_sim_v0_4,with_regime_original,trust_stability,0.1,0.2,async_message_loss,low_stress,10,0,10,0.0,0.0,0.0,1.0,0.0,0.0,,,0.0
grand_sim_v0_4,with_regime_original,trust_stability,0.1,0.2,async_message_loss,mid_stress,10,0,10,0.0,0.0,0.0,1.0,0.0,0.0,,,0.0
grand_sim_v0_4,with_regime_original,trust_stability,0.1,0.2,async_message_loss,high_stress,10,10,0,1.0,1.0,0.0,0.0,31.4,31.0,29.0,33.0,0.0
grand_sim_v0_4,with_regime_original,trust_stability,0.1,0.2,federation_bridge_stress,low_stress,10,0,10,0.0,0.0,0.0,1.0,0.0,0.0,,,0.0
grand_sim_v0_4,with_regime_original,trust_stability,0.1,0.2,federation_bridge_stress,mid_stress,10,0,10,0.0,0.0,0.0,1.0,0.0,0.0,,,0.0
grand_sim_v0_4,with_regime_original,trust_stability,0.1,0.2,federation_bridge_stress,high_stress,10,10,0,1.0,1.0,0.0,0.0,24.7,24.0,23.0,27.0,0.0
grand_sim_v0_4,with_regime_original,trust_stability,0.1,0.2,federation_cluster_attack,low_stress,10,10,0,1.0,1.0,0.0,0.0,97.2,98.0,92.0,99.0,0.0
grand_sim_v0_4,with_regime_original,trust_stability,0.1,0.2,federation_cluster_attack,mid_stress,10,10,0,1.0,1.0,0.0,0.0,65.9,66.0,62.0,67.0,0.0
grand_sim_v0_4,with_regime_original,trust_stability,0.1,0.2,federation_cluster_attack,high_stress,10,10,0,1.0,1.0,0.0,0.0,26.5,27.0,25.0,28.0,0.0
grand_sim_v0_4,with_regime_original,trust_stability,0.1,0.2,psi_corruption,low_stress,10,10,0,1.0,1.0,0.0,0.0,87.1,87.0,86.0,88.0,0.0
grand_sim_v0_4,with_regime_original,trust_stability,0.1,0.2,psi_corruption,mid_stress,10,10,0,1.0,1.0,0.0,0.0,59.9,60.0,57.0,61.0,0.0
grand_sim_v0_4,with_regime_original,trust_stability,0.1,0.2,psi_corruption,high_stress,10,10,0,1.0,1.0,0.0,0.0,24.6,24.0,23.0,27.0,0.0
grand_sim_v0_4,with_regime_original,trust_stability,0.1,0.22,async_message_loss,low_stress,10,0,10,0.0,0.0,0.0,0.1,0.0,0.0,,,0.0
grand_sim_v0_4,with_regime_original,trust_stability,0.1,0.22,async_message_loss,mid_stress,10,0,10,0.0,0.0,0.0,0.0,0.0,0.0,,,0.0
grand_sim_v0_4,with_regime_original,trust_stability,0.1,0.22,async_message_loss,high_stress,10,10,0,1.0,1.0,0.0,0.0,31.4,31.0,29.0,33.0,0.0
grand_sim_v0_4,with_regime_original,trust_stability,0.1,0.22,federation_bridge_stress,low_stress,10,0,10,0.0,0.0,0.0,0.0,0.0,0.0,,,0.0
grand_sim_v0_4,with_regime_original,trust_stability,0.1,0.22,federation_bridge_stress,mid_stress,10,0,10,0.0,0.0,0.0,0.0,0.0,0.0,,,0.0
grand_sim_v0_4,with_regime_original,trust_stability,0.1,0.22,federation_bridge_stress,high_stress,10,10,0,1.0,1.0,0.0,0.0,24.2,24.0,21.0,27.0,0.0
grand_sim_v0_4,with_regime_original,trust_stability,0.1,0.22,federation_cluster_attack,low_stress,10,10,0,1.0,1.0,0.0,0.0,25.6,26.0,21.0,28.0,0.0
grand_sim_v0_4,with_regime_original,trust_stability,0.1,0.22,federation_cluster_attack,mid_stress,10,10,0,1.0,1.0,0.0,0.0,14.7,15.0,11.0,16.0,0.0
grand_sim_v0_4,with_regime_original,trust_stability,0.1,0.22,federation_cluster_attack,high_stress,10,10,0,1.0,1.0,0.0,0.0,25.6,25.0,22.0,28.0,0.0
grand_sim_v0_4,with_regime_original,trust_stability,0.1,0.22,psi_corruption,low_stress,10,10,0,1.0,1.0,0.0,0.0,24.0,24.0,23.0,26.0,0.0
grand_sim_v0_4,with_regime_original,trust_stability,0.1,0.22,psi_corruption,mid_stress,10,10,0,1.0,1.0,0.0,0.0,12.0,12.0,9.0,13.0,0.0
grand_sim_v0_4,with_regime_original,trust_stability,0.1,0.22,psi_corruption,high_stress,10,10,0,1.0,1.0,0.0,0.0,24.2,24.0,22.0,27.0,0.0
grand_sim_v0_4,with_regime_original,trust_stability,0.1,0.24,async_message_loss,low_stress,10,0,10,0.0,0.0,0.0,0.0,0.0,0.0,,,0.0
grand_sim_v0_4,with_regime_original,trust_stability,0.1,0.24,async_message_loss,mid_stress,10,0,10,0.0,0.0,0.0,0.0,0.0,0.0,,,0.0
grand_sim_v0_4,with_regime_original,trust_stability,0.1,0.24,async_message_loss,high_stress,10,10,0,1.0,1.0,0.0,0.0,22.3,22.0,21.0,23.0,0.0
grand_sim_v0_4,with_regime_original,trust_stability,0.1,0.24,federation_bridge_stress,low_stress,10,0,10,0.0,0.0,0.0,0.0,0.0,0.0,,,0.0
grand_sim_v0_4,with_regime_original,trust_stability,0.1,0.24,federation_bridge_stress,mid_stress,10,0,10,0.0,0.0,0.0,0.0,0.0,0.0,,,0.0
grand_sim_v0_4,with_regime_original,trust_stability,0.1,0.24,federation_bridge_stress,high_stress,10,10,0,1.0,1.0,0.0,0.0,15.6,16.0,14.0,17.0,0.0
grand_sim_v0_4,with_regime_original,trust_stability,0.1,0.24,federation_cluster_attack,low_stress,10,10,0,1.0,1.0,0.0,0.0,23.5,24.0,19.0,26.0,0.0
grand_sim_v0_4,with_regime_original,trust_stability,0.1,0.24,federation_cluster_attack,mid_stress,10,10,0,1.0,1.0,0.0,0.0,13.6,14.0,10.0,15.0,0.0
grand_sim_v0_4,with_regime_original,trust_stability,0.1,0.24,federation_cluster_attack,high_stress,10,10,0,1.0,1.0,0.0,0.0,16.3,16.0,15.0,19.0,0.0
grand_sim_v0_4,with_regime_original,trust_stability,0.1,0.24,psi_corruption,low_stress,10,10,0,1.0,1.0,0.0,0.0,21.1,21.0,20.0,23.0,0.0
grand_sim_v0_4,with_regime_original,trust_stability,0.1,0.24,psi_corruption,mid_stress,10,10,0,1.0,1.0,0.0,0.0,11.0,11.0,8.0,12.0,0.0
grand_sim_v0_4,with_regime_original,trust_stability,0.1,0.24,psi_corruption,high_stress,10,10,0,1.0,1.0,0.0,0.0,16.2,16.0,15.0,18.0,0.0
grand_sim_v0_4,with_regime_original,trust_stability,0.1,0.26,async_message_loss,low_stress,10,0,10,0.0,0.0,0.0,0.0,0.0,0.0,,,0.0
grand_sim_v0_4,with_regime_original,trust_stability,0.1,0.26,async_message_loss,mid_stress,10,0,10,0.0,0.0,0.0,0.0,0.0,0.0,,,0.0
grand_sim_v0_4,with_regime_original,trust_stability,0.1,0.26,async_message_loss,high_stress,10,10,0,1.0,1.0,0.0,0.0,18.5,18.0,17.0,20.0,0.0
grand_sim_v0_4,with_regime_original,trust_stability,0.1,0.26,federation_bridge_stress,low_stress,10,0,10,0.0,0.0,0.0,0.0,0.0,0.0,,,0.0
grand_sim_v0_4,with_regime_original,trust_stability,0.1,0.26,federation_bridge_stress,mid_stress,10,0,10,0.0,0.0,0.0,0.0,0.0,0.0,,,0.0
grand_sim_v0_4,with_regime_original,trust_stability,0.1,0.26,federation_bridge_stress,high_stress,10,10,0,1.0,1.0,0.0,0.0,12.5,13.0,11.0,13.0,0.0
grand_sim_v0_4,with_regime_original,trust_stability,0.1,0.26,federation_cluster_attack,low_stress,10,10,0,1.0,1.0,0.0,0.0,21.5,22.0,17.0,24.0,0.0
grand_sim_v0_4,with_regime_original,trust_stability,0.1,0.26,federation_cluster_attack,mid_stress,10,10,0,1.0,1.0,0.0,0.0,12.5,13.0,9.0,14.0,0.0
grand_sim_v0_4,with_regime_original,trust_stability,0.1,0.26,federation_cluster_attack,high_stress,10,10,0,1.0,1.0,0.0,0.0,12.9,13.0,12.0,15.0,0.0
grand_sim_v0_4,with_regime_original,trust_stability,0.1,0.26,psi_corruption,low_stress,10,10,0,1.0,1.0,0.0,0.0,18.9,19.0,18.0,21.0,0.0
grand_sim_v0_4,with_regime_original,trust_stability,0.1,0.26,psi_corruption,mid_stress,10,10,0,1.0,1.0,0.0,0.0,10.0,10.0,7.0,11.0,0.0
grand_sim_v0_4,with_regime_original,trust_stability,0.1,0.26,psi_corruption,high_stress,10,10,0,1.0,1.0,0.0,0.0,12.9,13.0,12.0,14.0,0.0
grand_sim_v0_4,with_regime_original,trust_stability,0.1,0.28,async_message_loss,low_stress,10,0,10,0.0,0.0,0.0,0.0,0.0,0.0,,,0.0
grand_sim_v0_4,with_regime_original,trust_stability,0.1,0.28,async_message_loss,mid_stress,10,0,10,0.0,0.0,0.0,0.0,0.0,0.0,,,0.0
grand_sim_v0_4,with_regime_original,trust_stability,0.1,0.28,async_message_loss,high_stress,10,10,0,1.0,1.0,0.0,0.0,15.6,15.0,14.0,17.0,0.0
grand_sim_v0_4,with_regime_original,trust_stability,0.1,0.28,federation_bridge_stress,low_stress,10,0,10,0.0,0.0,0.0,0.0,0.0,0.0,,,0.0
grand_sim_v0_4,with_regime_original,trust_stability,0.1,0.28,federation_bridge_stress,mid_stress,10,0,10,0.0,0.0,0.0,0.0,0.0,0.0,,,0.0
grand_sim_v0_4,with_regime_original,trust_stability,0.1,0.28,federation_bridge_stress,high_stress,10,10,0,1.0,1.0,0.0,0.0,10.3,10.0,9.0,11.0,0.0
grand_sim_v0_4,with_regime_original,trust_stability,0.1,0.28,federation_cluster_attack,low_stress,10,10,0,1.0,1.0,0.0,0.0,19.5,20.0,15.0,22.0,0.0
grand_sim_v0_4,with_regime_original,trust_stability,0.1,0.28,federation_cluster_attack,mid_stress,10,10,0,1.0,1.0,0.0,0.0,11.4,11.0,8.0,13.0,0.0
grand_sim_v0_4,with_regime_original,trust_stability,0.1,0.28,federation_cluster_attack,high_stress,10,10,0,1.0,1.0,0.0,0.0,10.8,11.0,10.0,12.0,0.0
grand_sim_v0_4,with_regime_original,trust_stability,0.1,0.28,psi_corruption,low_stress,10,10,0,1.0,1.0,0.0,0.0,17.0,17.0,16.0,19.0,0.0
grand_sim_v0_4,with_regime_original,trust_stability,0.1,0.28,psi_corruption,mid_stress,10,10,0,1.0,1.0,0.0,0.0,9.2,9.0,7.0,10.0,0.0
grand_sim_v0_4,with_regime_original,trust_stability,0.1,0.28,psi_corruption,high_stress,10,10,0,1.0,1.0,0.0,0.0,10.8,10.0,10.0,12.0,0.0
grand_sim_v0_4,with_regime_original,trust_stability,0.1,0.3,async_message_loss,low_stress,10,0,10,0.0,0.0,0.0,0.0,0.0,0.0,,,0.0
grand_sim_v0_4,with_regime_original,trust_stability,0.1,0.3,async_message_loss,mid_stress,10,0,10,0.0,0.0,0.0,0.0,0.0,0.0,,,0.0
grand_sim_v0_4,with_regime_original,trust_stability,0.1,0.3,async_message_loss,high_stress,10,10,0,1.0,1.0,0.0,0.0,13.5,13.0,12.0,15.0,0.0
grand_sim_v0_4,with_regime_original,trust_stability,0.1,0.3,federation_bridge_stress,low_stress,10,0,10,0.0,0.0,0.0,0.0,0.0,0.0,,,0.0
grand_sim_v0_4,with_regime_original,trust_stability,0.1,0.3,federation_bridge_stress,mid_stress,10,0,10,0.0,0.0,0.0,0.0,0.0,0.0,,,0.0
grand_sim_v0_4,with_regime_original,trust_stability,0.1,0.3,federation_bridge_stress,high_stress,10,10,0,1.0,1.0,0.0,0.0,8.8,9.0,7.0,10.0,0.0
grand_sim_v0_4,with_regime_original,trust_stability,0.1,0.3,federation_cluster_attack,low_stress,10,10,0,1.0,1.0,0.0,0.0,17.8,18.0,14.0,20.0,0.0
grand_sim_v0_4,with_regime_original,trust_stability,0.1,0.3,federation_cluster_attack,mid_stress,10,10,0,1.0,1.0,0.0,0.0,10.4,10.0,7.0,12.0,0.0
grand_sim_v0_4,with_regime_original,trust_stability,0.1,0.3,federation_cluster_attack,high_stress,10,10,0,1.0,1.0,0.0,0.0,9.1,9.0,8.0,10.0,0.0
grand_sim_v0_4,with_regime_original,trust_stability,0.1,0.3,psi_corruption,low_stress,10,10,0,1.0,1.0,0.0,0.0,15.2,15.0,14.0,17.0,0.0
grand_sim_v0_4,with_regime_original,trust_stability,0.1,0.3,psi_corruption,mid_stress,10,10,0,1.0,1.0,0.0,0.0,8.4,9.0,6.0,10.0,0.0
grand_sim_v0_4,with_regime_original,trust_stability,0.1,0.3,psi_corruption,high_stress,10,10,0,1.0,1.0,0.0,0.0,9.0,9.0,8.0,11.0,0.0
grand_sim_v0_4,with_regime_original,trust_stability,0.1,0.32,async_message_loss,low_stress,10,0,10,0.0,0.0,0.0,0.0,0.0,0.0,,,0.0
grand_sim_v0_4,with_regime_original,trust_stability,0.1,0.32,async_message_loss,mid_stress,10,0,10,0.0,0.0,0.0,0.0,0.0,0.0,,,0.0
grand_sim_v0_4,with_regime_original,trust_stability,0.1,0.32,async_message_loss,high_stress,10,10,0,1.0,1.0,0.0,0.0,11.9,12.0,11.0,13.0,0.0
grand_sim_v0_4,with_regime_original,trust_stability,0.1,0.32,federation_bridge_stress,low_stress,10,0,10,0.0,0.0,0.0,0.0,0.0,0.0,,,0.0
grand_sim_v0_4,with_regime_original,trust_stability,0.1,0.32,federation_bridge_stress,mid_stress,10,0,10,0.0,0.0,0.0,0.0,0.0,0.0,,,0.0
grand_sim_v0_4,with_regime_original,trust_stability,0.1,0.32,federation_bridge_stress,high_stress,10,10,0,1.0,1.0,0.0,0.0,7.3,7.0,6.0,8.0,0.0
grand_sim_v0_4,with_regime_original,trust_stability,0.1,0.32,federation_cluster_attack,low_stress,10,10,0,1.0,1.0,0.0,0.0,16.2,17.0,12.0,18.0,0.0
grand_sim_v0_4,with_regime_original,trust_stability,0.1,0.32,federation_cluster_attack,mid_stress,10,10,0,1.0,1.0,0.0,0.0,9.4,9.0,7.0,11.0,0.0
grand_sim_v0_4,with_regime_original,trust_stability,0.1,0.32,federation_cluster_attack,high_stress,10,10,0,1.0,1.0,0.0,0.0,7.4,7.0,7.0,8.0,0.0
grand_sim_v0_4,with_regime_original,trust_stability,0.1,0.32,psi_corruption,low_stress,10,10,0,1.0,1.0,0.0,0.0,13.9,14.0,13.0,16.0,0.0
grand_sim_v0_4,with_regime_original,trust_stability,0.1,0.32,psi_corruption,mid_stress,10,10,0,1.0,1.0,0.0,0.0,7.5,8.0,5.0,9.0,0.0
grand_sim_v0_4,with_regime_original,trust_stability,0.1,0.32,psi_corruption,high_stress,10,10,0,1.0,1.0,0.0,0.0,7.5,7.0,6.0,9.0,0.0
grand_sim_v0_4,with_regime_original,trust_stability,0.1,0.34,async_message_loss,low_stress,10,0,10,0.0,0.0,0.0,0.0,0.0,0.0,,,0.0
grand_sim_v0_4,with_regime_original,trust_stability,0.1,0.34,async_message_loss,mid_stress,10,0,10,0.0,0.0,0.0,0.0,0.0,0.0,,,0.0
grand_sim_v0_4,with_regime_original,trust_stability,0.1,0.34,async_message_loss,high_stress,10,10,0,1.0,1.0,0.0,0.0,10.2,10.0,9.0,11.0,0.0
grand_sim_v0_4,with_regime_original,trust_stability,0.1,0.34,federation_bridge_stress,low_stress,10,0,10,0.0,0.0,0.0,0.0,0.0,0.0,,,0.0
grand_sim_v0_4,with_regime_original,trust_stability,0.1,0.34,federation_bridge_stress,mid_stress,10,0,10,0.0,0.0,0.0,0.0,0.0,0.0,,,0.0
grand_sim_v0_4,with_regime_original,trust_stability,0.1,0.34,federation_bridge_stress,high_stress,10,10,0,1.0,1.0,0.0,0.0,5.9,6.0,5.0,7.0,0.0
grand_sim_v0_4,with_regime_original,trust_stability,0.1,0.34,federation_cluster_attack,low_stress,10,10,0,1.0,1.0,0.0,0.0,14.5,15.0,10.0,17.0,0.0
grand_sim_v0_4,with_regime_original,trust_stability,0.1,0.34,federation_cluster_attack,mid_stress,10,10,0,1.0,1.0,0.0,0.0,8.6,8.0,7.0,10.0,0.0
grand_sim_v0_4,with_regime_original,trust_stability,0.1,0.34,federation_cluster_attack,high_stress,10,10,0,1.0,1.0,0.0,0.0,6.2,6.0,5.0,7.0,0.0
grand_sim_v0_4,with_regime_original,trust_stability,0.1,0.34,psi_corruption,low_stress,10,10,0,1.0,1.0,0.0,0.0,12.3,12.0,11.0,14.0,0.0
grand_sim_v0_4,with_regime_original,trust_stability,0.1,0.34,psi_corruption,mid_stress,10,10,0,1.0,1.0,0.0,0.0,6.7,7.0,5.0,8.0,0.0
grand_sim_v0_4,with_regime_original,trust_stability,0.1,0.34,psi_corruption,high_stress,10,10,0,1.0,1.0,0.0,0.0,6.3,6.0,5.0,8.0,0.0
grand_sim_v0_4,with_regime_original,trust_stability,0.1,0.36,async_message_loss,low_stress,10,0,10,0.0,0.0,0.0,0.0,0.0,0.0,,,0.0
grand_sim_v0_4,with_regime_original,trust_stability,0.1,0.36,async_message_loss,mid_stress,10,0,10,0.0,0.0,0.0,0.0,0.0,0.0,,,0.0
grand_sim_v0_4,with_regime_original,trust_stability,0.1,0.36,async_message_loss,high_stress,10,10,0,1.0,1.0,0.0,0.0,9.0,9.0,8.0,10.0,0.0
grand_sim_v0_4,with_regime_original,trust_stability,0.1,0.36,federation_bridge_stress,low_stress,10,0,10,0.0,0.0,0.0,0.0,0.0,0.0,,,0.0
grand_sim_v0_4,with_regime_original,trust_stability,0.1,0.36,federation_bridge_stress,mid_stress,10,0,10,0.0,0.0,0.0,0.0,0.0,0.0,,,0.0
grand_sim_v0_4,with_regime_original,trust_stability,0.1,0.36,federation_bridge_stress,high_stress,10,10,0,1.0,1.0,0.0,0.0,4.9,5.0,4.0,6.0,0.0
grand_sim_v0_4,with_regime_original,trust_stability,0.1,0.36,federation_cluster_attack,low_stress,10,10,0,1.0,1.0,0.0,0.0,13.3,14.0,9.0,16.0,0.0
grand_sim_v0_4,with_regime_original,trust_stability,0.1,0.36,federation_cluster_attack,mid_stress,10,10,0,1.0,1.0,0.0,0.0,7.7,8.0,6.0,9.0,0.0
grand_sim_v0_4,with_regime_original,trust_stability,0.1,0.36,federation_cluster_attack,high_stress,10,10,0,1.0,1.0,0.0,0.0,5.2,5.0,4.0,6.0,0.0
grand_sim_v0_4,with_regime_original,trust_stability,0.1,0.36,psi_corruption,low_stress,10,10,0,1.0,1.0,0.0,0.0,11.0,10.0,10.0,14.0,0.0
grand_sim_v0_4,with_regime_original,trust_stability,0.1,0.36,psi_corruption,mid_stress,10,10,0,1.0,1.0,0.0,0.0,6.2,6.0,5.0,7.0,0.0
grand_sim_v0_4,with_regime_original,trust_stability,0.1,0.36,psi_corruption,high_stress,10,10,0,1.0,1.0,0.0,0.0,5.2,5.0,4.0,7.0,0.0
grand_sim_v0_4,with_regime_original,trust_stability,0.1,0.38,async_message_loss,low_stress,10,0,10,0.0,0.0,0.0,0.0,0.0,0.0,,,0.0
grand_sim_v0_4,with_regime_original,trust_stability,0.1,0.38,async_message_loss,mid_stress,10,0,10,0.0,0.0,0.0,0.0,0.0,0.0,,,0.0
grand_sim_v0_4,with_regime_original,trust_stability,0.1,0.38,async_message_loss,high_stress,10,10,0,1.0,1.0,0.0,0.0,7.7,7.0,6.0,9.0,0.0
grand_sim_v0_4,with_regime_original,trust_stability,0.1,0.38,federation_bridge_stress,low_stress,10,0,10,0.0,0.0,0.0,0.0,0.0,0.0,,,0.0
grand_sim_v0_4,with_regime_original,trust_stability,0.1,0.38,federation_bridge_stress,mid_stress,10,0,10,0.0,0.0,0.0,0.0,0.0,0.0,,,0.0
grand_sim_v0_4,with_regime_original,trust_stability,0.1,0.38,federation_bridge_stress,high_stress,10,10,0,1.0,1.0,0.0,0.0,4.0,4.0,3.0,5.0,0.0
grand_sim_v0_4,with_regime_original,trust_stability,0.1,0.38,federation_cluster_attack,low_stress,10,10,0,1.0,1.0,0.0,0.0,11.6,11.0,8.0,16.0,0.0
grand_sim_v0_4,with_regime_original,trust_stability,0.1,0.38,federation_cluster_attack,mid_stress,10,10,0,1.0,1.0,0.0,0.0,5.3,5.0,4.0,6.0,0.0
grand_sim_v0_4,with_regime_original,trust_stability,0.1,0.38,federation_cluster_attack,high_stress,10,10,0,1.0,1.0,0.0,0.0,4.2,4.0,3.0,5.0,0.0
grand_sim_v0_4,with_regime_original,trust_stability,0.1,0.38,psi_corruption,low_stress,10,10,0,1.0,1.0,0.0,0.0,9.3,8.0,7.0,14.0,0.0
grand_sim_v0_4,with_regime_original,trust_stability,0.1,0.38,psi_corruption,mid_stress,10,10,0,1.0,1.0,0.0,0.0,4.7,4.0,4.0,6.0,0.0
grand_sim_v0_4,with_regime_original,trust_stability,0.1,0.38,psi_corruption,high_stress,10,10,0,1.0,1.0,0.0,0.0,4.2,4.0,3.0,6.0,0.0
grand_sim_v0_4,with_regime_original,trust_stability,0.1,0.4,async_message_loss,low_stress,10,0,10,0.0,0.0,0.0,0.0,0.0,0.0,,,0.0
grand_sim_v0_4,with_regime_original,trust_stability,0.1,0.4,async_message_loss,mid_stress,10,0,10,0.0,0.0,0.0,0.0,0.0,0.0,,,0.0
grand_sim_v0_4,with_regime_original,trust_stability,0.1,0.4,async_message_loss,high_stress,10,10,0,1.0,1.0,0.0,0.0,6.6,7.0,5.0,8.0,0.0
grand_sim_v0_4,with_regime_original,trust_stability,0.1,0.4,federation_bridge_stress,low_stress,10,0,10,0.0,0.0,0.0,0.0,0.0,0.0,,,0.0
grand_sim_v0_4,with_regime_original,trust_stability,0.1,0.4,federation_bridge_stress,mid_stress,10,0,10,0.0,0.0,0.0,0.0,0.0,0.0,,,0.0
grand_sim_v0_4,with_regime_original,trust_stability,0.1,0.4,federation_bridge_stress,high_stress,10,10,0,1.0,1.0,0.0,0.0,2.9,3.0,2.0,4.0,0.0
grand_sim_v0_4,with_regime_original,trust_stability,0.1,0.4,federation_cluster_attack,low_stress,10,10,0,1.0,1.0,0.0,0.0,9.9,9.0,7.0,14.0,0.0
grand_sim_v0_4,with_regime_original,trust_stability,0.1,0.4,federation_cluster_attack,mid_stress,10,10,0,1.0,1.0,0.0,0.0,5.1,5.0,4.0,6.0,0.0
grand_sim_v0_4,with_regime_original,trust_stability,0.1,0.4,federation_cluster_attack,high_stress,10,10,0,1.0,1.0,0.0,0.0,3.2,3.0,2.0,4.0,0.0
grand_sim_v0_4,with_regime_original,trust_stability,0.1,0.4,psi_corruption,low_stress,10,10,0,1.0,1.0,0.0,0.0,7.3,6.0,4.0,13.0,0.0
grand_sim_v0_4,with_regime_original,trust_stability,0.1,0.4,psi_corruption,mid_stress,10,10,0,1.0,1.0,0.0,0.0,4.0,4.0,3.0,5.0,0.0
grand_sim_v0_4,with_regime_original,trust_stability,0.1,0.4,psi_corruption,high_stress,10,10,0,1.0,1.0,0.0,0.0,3.4,3.0,2.0,5.0,0.0
grand_sim_v0_4,with_regime_original,trust_stability,0.1,0.42,async_message_loss,low_stress,10,0,10,0.0,0.0,0.0,0.0,0.0,0.0,,,0.0
grand_sim_v0_4,with_regime_original,trust_stability,0.1,0.42,async_message_loss,mid_stress,10,0,10,0.0,0.0,0.0,0.0,0.0,0.0,,,0.0
grand_sim_v0_4,with_regime_original,trust_stability,0.1,0.42,async_message_loss,high_stress,10,10,0,1.0,1.0,0.0,0.0,5.2,5.0,4.0,6.0,0.0
grand_sim_v0_4,with_regime_original,trust_stability,0.1,0.42,federation_bridge_stress,low_stress,10,0,10,0.0,0.0,0.0,0.0,0.0,0.0,,,0.0
grand_sim_v0_4,with_regime_original,trust_stability,0.1,0.42,federation_bridge_stress,mid_stress,10,0,10,0.0,0.0,0.0,0.0,0.0,0.0,,,0.0
grand_sim_v0_4,with_regime_original,trust_stability,0.1,0.42,federation_bridge_stress,high_stress,10,10,0,1.0,1.0,0.0,0.0,2.3,2.0,1.0,3.0,0.0
grand_sim_v0_4,with_regime_original,trust_stability,0.1,0.42,federation_cluster_attack,low_stress,10,10,0,1.0,1.0,0.0,0.0,9.5,9.0,7.0,13.0,0.0
grand_sim_v0_4,with_regime_original,trust_stability,0.1,0.42,federation_cluster_attack,mid_stress,10,10,0,1.0,1.0,0.0,0.0,5.0,5.0,4.0,6.0,0.0
grand_sim_v0_4,with_regime_original,trust_stability,0.1,0.42,federation_cluster_attack,high_stress,10,10,0,1.0,1.0,0.0,0.0,2.4,2.0,2.0,3.0,0.0
grand_sim_v0_4,with_regime_original,trust_stability,0.1,0.42,psi_corruption,low_stress,10,10,0,1.0,1.0,0.0,0.0,7.0,6.0,4.0,12.0,0.0
grand_sim_v0_4,with_regime_original,trust_stability,0.1,0.42,psi_corruption,mid_stress,10,10,0,1.0,1.0,0.0,0.0,3.9,4.0,3.0,5.0,0.0
grand_sim_v0_4,with_regime_original,trust_stability,0.1,0.42,psi_corruption,high_stress,10,10,0,1.0,1.0,0.0,0.0,2.4,2.0,1.0,4.0,0.0
grand_sim_v0_4,with_regime_original,trust_stability,0.1,0.44,async_message_loss,low_stress,10,0,10,0.0,0.0,0.0,0.0,0.0,0.0,,,0.0
grand_sim_v0_4,with_regime_original,trust_stability,0.1,0.44,async_message_loss,mid_stress,10,0,10,0.0,0.0,0.0,0.0,0.0,0.0,,,0.0
grand_sim_v0_4,with_regime_original,trust_stability,0.1,0.44,async_message_loss,high_stress,10,10,0,1.0,1.0,0.0,0.0,4.5,5.0,3.0,5.0,0.0
grand_sim_v0_4,with_regime_original,trust_stability,0.1,0.44,federation_bridge_stress,low_stress,10,0,10,0.0,0.0,0.0,0.0,0.0,0.0,,,0.0
grand_sim_v0_4,with_regime_original,trust_stability,0.1,0.44,federation_bridge_stress,mid_stress,10,0,10,0.0,0.0,0.0,0.0,0.0,0.0,,,0.0
grand_sim_v0_4,with_regime_original,trust_stability,0.1,0.44,federation_bridge_stress,high_stress,10,10,0,1.0,1.0,0.0,0.0,1.5,2.0,0.0,2.0,0.0
grand_sim_v0_4,with_regime_original,trust_stability,0.1,0.44,federation_cluster_attack,low_stress,10,10,0,1.0,1.0,0.0,0.0,7.1,8.0,4.0,10.0,0.0
grand_sim_v0_4,with_regime_original,trust_stability,0.1,0.44,federation_cluster_attack,mid_stress,10,10,0,1.0,1.0,0.0,0.0,2.7,3.0,1.0,4.0,0.0
grand_sim_v0_4,with_regime_original,trust_stability,0.1,0.44,federation_cluster_attack,high_stress,10,10,0,1.0,1.0,0.0,0.0,1.6,1.0,1.0,3.0,0.0
grand_sim_v0_4,with_regime_original,trust_stability,0.1,0.44,psi_corruption,low_stress,10,10,0,1.0,1.0,0.0,0.0,5.7,5.0,4.0,8.0,0.0
grand_sim_v0_4,with_regime_original,trust_stability,0.1,0.44,psi_corruption,mid_stress,10,10,0,1.0,1.0,0.0,0.0,3.1,3.0,1.0,5.0,0.0
grand_sim_v0_4,with_regime_original,trust_stability,0.1,0.44,psi_corruption,high_stress,10,10,0,1.0,1.0,0.0,0.0,1.8,2.0,0.0,3.0,0.0
grand_sim_v0_4,with_regime_original,trust_stability,0.1,0.46,async_message_loss,low_stress,10,0,10,0.0,0.0,0.0,0.0,0.0,0.0,,,0.0
grand_sim_v0_4,with_regime_original,trust_stability,0.1,0.46,async_message_loss,mid_stress,10,0,10,0.0,0.0,0.0,0.0,0.0,0.0,,,0.0
grand_sim_v0_4,with_regime_original,trust_stability,0.1,0.46,async_message_loss,high_stress,10,10,0,1.0,1.0,0.0,0.0,3.3,3.0,2.0,4.0,0.0
grand_sim_v0_4,with_regime_original,trust_stability,0.1,0.46,federation_bridge_stress,low_stress,10,0,10,0.0,0.0,0.0,0.0,0.0,0.0,,,0.0
grand_sim_v0_4,with_regime_original,trust_stability,0.1,0.46,federation_bridge_stress,mid_stress,10,0,10,0.0,0.0,0.0,0.0,0.0,0.0,,,0.0
grand_sim_v0_4,with_regime_original,trust_stability,0.1,0.46,federation_bridge_stress,high_stress,10,10,0,1.0,1.0,0.0,0.0,0.9,1.0,0.0,2.0,0.0
grand_sim_v0_4,with_regime_original,trust_stability,0.1,0.46,federation_cluster_attack,low_stress,10,10,0,1.0,0.0,0.0,0.0,0.0,0.0,,,3.6
grand_sim_v0_4,with_regime_original,trust_stability,0.1,0.46,federation_cluster_attack,mid_stress,10,10,0,1.0,0.6,0.0,0.0,0.166667,0.0,0.0,1.0,1.5
grand_sim_v0_4,with_regime_original,trust_stability,0.1,0.46,federation_cluster_attack,high_stress,10,10,0,1.0,1.0,0.0,0.0,1.5,1.0,1.0,3.0,0.0
grand_sim_v0_4,with_regime_original,trust_stability,0.1,0.46,psi_corruption,low_stress,10,10,0,1.0,0.4,0.0,0.0,0.0,0.0,0.0,0.0,1.333333
grand_sim_v0_4,with_regime_original,trust_stability,0.1,0.46,psi_corruption,mid_stress,10,10,0,1.0,0.7,0.0,0.0,0.285714,0.0,0.0,1.0,1.333333
grand_sim_v0_4,with_regime_original,trust_stability,0.1,0.46,psi_corruption,high_stress,10,10,0,1.0,1.0,0.0,0.0,1.1,1.0,0.0,2.0,0.0
grand_sim_v0_4,with_regime_original,trust_stability,0.1,0.48,async_message_loss,low_stress,10,0,10,0.0,0.0,0.0,0.0,0.0,0.0,,,0.0
grand_sim_v0_4,with_regime_original,trust_stability,0.1,0.48,async_message_loss,mid_stress,10,0,10,0.0,0.0,0.0,0.0,0.0,0.0,,,0.0
grand_sim_v0_4,with_regime_original,trust_stability,0.1,0.48,async_message_loss,high_stress,10,10,0,1.0,1.0,0.0,0.0,2.4,2.0,2.0,4.0,0.0
grand_sim_v0_4,with_regime_original,trust_stability,0.1,0.48,federation_bridge_stress,low_stress,10,0,10,0.0,0.0,0.0,0.0,0.0,0.0,,,0.0
grand_sim_v0_4,with_regime_original,trust_stability,0.1,0.48,federation_bridge_stress,mid_stress,10,0,10,0.0,0.0,0.0,0.0,0.0,0.0,,,0.0
grand_sim_v0_4,with_regime_original,trust_stability,0.1,0.48,federation_bridge_stress,high_stress,10,10,0,1.0,1.0,0.0,0.0,0.7,1.0,0.0,1.0,0.0
grand_sim_v0_4,with_regime_original,trust_stability,0.1,0.48,federation_cluster_attack,low_stress,10,10,0,0.0,0.0,1.0,0.0,0.0,0.0,,,0.0
grand_sim_v0_4,with_regime_original,trust_stability,0.1,0.48,federation_cluster_attack,mid_stress,10,10,0,1.0,0.0,0.0,0.0,0.0,0.0,,,4.7
grand_sim_v0_4,with_regime_original,trust_stability,0.1,0.48,federation_cluster_attack,high_stress,10,10,0,1.0,1.0,0.0,0.0,1.5,1.0,1.0,3.0,0.0
grand_sim_v0_4,with_regime_original,trust_stability,0.1,0.48,psi_corruption,low_stress,10,10,0,1.0,0.0,0.0,0.0,0.0,0.0,,,18.6
grand_sim_v0_4,with_regime_original,trust_stability,0.1,0.48,psi_corruption,mid_stress,10,10,0,1.0,0.0,0.0,0.0,0.0,0.0,,,4.6
grand_sim_v0_4,with_regime_original,trust_stability,0.1,0.48,psi_corruption,high_stress,10,10,0,1.0,1.0,0.0,0.0,1.0,1.0,0.0,2.0,0.0
grand_sim_v0_4,with_regime_original,trust_stability,0.1,0.5,async_message_loss,low_stress,10,0,10,0.0,0.0,0.0,0.0,0.0,0.0,,,0.0
grand_sim_v0_4,with_regime_original,trust_stability,0.1,0.5,async_message_loss,mid_stress,10,0,10,0.0,0.0,0.0,0.0,0.0,0.0,,,0.0
grand_sim_v0_4,with_regime_original,trust_stability,0.1,0.5,async_message_loss,high_stress,10,10,0,1.0,1.0,0.0,0.0,1.7,1.0,1.0,3.0,0.0
grand_sim_v0_4,with_regime_original,trust_stability,0.1,0.5,federation_bridge_stress,low_stress,10,0,10,0.0,0.0,0.0,0.0,0.0,0.0,,,0.0
grand_sim_v0_4,with_regime_original,trust_stability,0.1,0.5,federation_bridge_stress,mid_stress,10,0,10,0.0,0.0,0.0,0.0,0.0,0.0,,,0.0
grand_sim_v0_4,with_regime_original,trust_stability,0.1,0.5,federation_bridge_stress,high_stress,10,10,0,1.0,1.0,0.0,0.0,0.7,1.0,0.0,1.0,0.0
grand_sim_v0_4,with_regime_original,trust_stability,0.1,0.5,federation_cluster_attack,low_stress,10,10,0,0.0,0.0,1.0,0.0,0.0,0.0,,,0.0
grand_sim_v0_4,with_regime_original,trust_stability,0.1,0.5,federation_cluster_attack,mid_stress,10,10,0,1.0,0.0,0.0,0.0,0.0,0.0,,,8.2
grand_sim_v0_4,with_regime_original,trust_stability,0.1,0.5,federation_cluster_attack,high_stress,10,10,0,1.0,1.0,0.0,0.0,1.2,1.0,0.0,2.0,0.0
grand_sim_v0_4,with_regime_original,trust_stability,0.1,0.5,psi_corruption,low_stress,10,10,0,0.0,0.0,1.0,0.0,0.0,0.0,,,0.0
grand_sim_v0_4,with_regime_original,trust_stability,0.1,0.5,psi_corruption,mid_stress,10,10,0,1.0,0.0,0.0,0.0,0.0,0.0,,,10.2
grand_sim_v0_4,with_regime_original,trust_stability,0.1,0.5,psi_corruption,high_stress,10,10,0,1.0,1.0,0.0,0.0,1.0,1.0,0.0,2.0,0.0
grand_sim_v0_4,with_regime_original,trust_stability,0.1,0.52,async_message_loss,low_stress,10,0,10,0.0,0.0,0.0,0.0,0.0,0.0,,,0.0
grand_sim_v0_4,with_regime_original,trust_stability,0.1,0.52,async_message_loss,mid_stress,10,0,10,0.0,0.0,0.0,0.0,0.0,0.0,,,0.0
grand_sim_v0_4,with_regime_original,trust_stability,0.1,0.52,async_message_loss,high_stress,10,10,0,1.0,1.0,0.0,0.0,1.6,1.0,1.0,3.0,0.0
grand_sim_v0_4,with_regime_original,trust_stability,0.1,0.52,federation_bridge_stress,low_stress,10,0,10,0.0,0.0,0.0,0.0,0.0,0.0,,,0.0
grand_sim_v0_4,with_regime_original,trust_stability,0.1,0.52,federation_bridge_stress,mid_stress,10,0,10,0.0,0.0,0.0,0.0,0.0,0.0,,,0.0
grand_sim_v0_4,with_regime_original,trust_stability,0.1,0.52,federation_bridge_stress,high_stress,10,10,0,1.0,0.9,0.0,0.0,0.555556,1.0,0.0,1.0,1.0
grand_sim_v0_4,with_regime_original,trust_stability,0.1,0.52,federation_cluster_attack,low_stress,10,10,0,0.0,0.0,1.0,0.0,0.0,0.0,,,0.0
grand_sim_v0_4,with_regime_original,trust_stability,0.1,0.52,federation_cluster_attack,mid_stress,10,10,0,1.0,0.0,0.0,0.0,0.0,0.0,,,15.1
grand_sim_v0_4,with_regime_original,trust_stability,0.1,0.52,federation_cluster_attack,high_stress,10,10,0,1.0,1.0,0.0,0.0,0.4,0.0,0.0,1.0,0.0
grand_sim_v0_4,with_regime_original,trust_stability,0.1,0.52,psi_corruption,low_stress,10,10,0,0.0,0.0,1.0,0.0,0.0,0.0,,,0.0
grand_sim_v0_4,with_regime_original,trust_stability,0.1,0.52,psi_corruption,mid_stress,10,10,0,1.0,0.0,0.0,0.0,0.0,0.0,,,16.4
grand_sim_v0_4,with_regime_original,trust_stability,0.1,0.52,psi_corruption,high_stress,10,10,0,1.0,1.0,0.0,0.0,0.8,1.0,0.0,2.0,0.0
grand_sim_v0_4,with_regime_original,trust_stability,0.1,0.54,async_message_loss,low_stress,10,0,10,0.0,0.0,0.0,0.0,0.0,0.0,,,0.0
grand_sim_v0_4,with_regime_original,trust_stability,0.1,0.54,async_message_loss,mid_stress,10,0,10,0.0,0.0,0.0,0.0,0.0,0.0,,,0.0
grand_sim_v0_4,with_regime_original,trust_stability,0.1,0.54,async_message_loss,high_stress,10,10,0,1.0,1.0,0.0,0.0,1.6,1.0,1.0,3.0,0.0
grand_sim_v0_4,with_regime_original,trust_stability,0.1,0.54,federation_bridge_stress,low_stress,10,0,10,0.0,0.0,0.0,0.0,0.0,0.0,,,0.0
grand_sim_v0_4,with_regime_original,trust_stability,0.1,0.54,federation_bridge_stress,mid_stress,10,0,10,0.0,0.0,0.0,0.0,0.0,0.0,,,0.0
grand_sim_v0_4,with_regime_original,trust_stability,0.1,0.54,federation_bridge_stress,high_stress,10,10,0,1.0,0.7,0.0,0.0,0.142857,0.0,0.0,1.0,1.0
grand_sim_v0_4,with_regime_original,trust_stability,0.1,0.54,federation_cluster_attack,low_stress,10,10,0,0.0,0.0,1.0,0.0,0.0,0.0,,,0.0
grand_sim_v0_4,with_regime_original,trust_stability,0.1,0.54,federation_cluster_attack,mid_stress,10,10,0,1.0,0.0,0.0,0.0,0.0,0.0,,,30.8
grand_sim_v0_4,with_regime_original,trust_stability,0.1,0.54,federation_cluster_attack,high_stress,10,10,0,1.0,0.6,0.0,0.0,0.333333,0.0,0.0,1.0,1.0
grand_sim_v0_4,with_regime_original,trust_stability,0.1,0.54,psi_corruption,low_stress,10,10,0,0.0,0.0,1.0,0.0,0.0,0.0,,,0.0
grand_sim_v0_4,with_regime_original,trust_stability,0.1,0.54,psi_corruption,mid_stress,10,10,0,1.0,0.0,0.0,0.0,0.0,0.0,,,30.2
grand_sim_v0_4,with_regime_original,trust_stability,0.1,0.54,psi_corruption,high_stress,10,10,0,1.0,0.8,0.0,0.0,0.375,0.0,0.0,1.0,1.0
grand_sim_v0_4,with_regime_original,trust_stability,0.1,0.56,async_message_loss,low_stress,10,0,10,0.0,0.0,0.0,0.0,0.0,0.0,,,0.0
grand_sim_v0_4,with_regime_original,trust_stability,0.1,0.56,async_message_loss,mid_stress,10,0,10,0.0,0.0,0.0,0.0,0.0,0.0,,,0.0
grand_sim_v0_4,with_regime_original,trust_stability,0.1,0.56,async_message_loss,high_stress,10,10,0,1.0,1.0,0.0,0.0,1.1,1.0,0.0,2.0,0.0
grand_sim_v0_4,with_regime_original,trust_stability,0.1,0.56,federation_bridge_stress,low_stress,10,0,10,0.0,0.0,0.0,0.0,0.0,0.0,,,0.0
grand_sim_v0_4,with_regime_original,trust_stability,0.1,0.56,federation_bridge_stress,mid_stress,10,0,10,0.0,0.0,0.0,0.0,0.0,0.0,,,0.0
grand_sim_v0_4,with_regime_original,trust_stability,0.1,0.56,federation_bridge_stress,high_stress,10,10,0,1.0,0.3,0.0,0.0,0.0,0.0,0.0,0.0,1.142857
grand_sim_v0_4,with_regime_original,trust_stability,0.1,0.56,federation_cluster_attack,low_stress,10,10,0,0.0,0.0,1.0,0.0,0.0,0.0,,,0.0
grand_sim_v0_4,with_regime_original,trust_stability,0.1,0.56,federation_cluster_attack,mid_stress,10,10,0,0.0,0.0,1.0,0.0,0.0,0.0,,,0.0
grand_sim_v0_4,with_regime_original,trust_stability,0.1,0.56,federation_cluster_attack,high_stress,10,10,0,1.0,0.4,0.0,0.0,0.0,0.0,0.0,0.0,1.166667
grand_sim_v0_4,with_regime_original,trust_stability,0.1,0.56,psi_corruption,low_stress,10,10,0,0.0,0.0,1.0,0.0,0.0,0.0,,,0.0
grand_sim_v0_4,with_regime_original,trust_stability,0.1,0.56,psi_corruption,mid_stress,10,10,0,0.0,0.0,1.0,0.0,0.0,0.0,,,0.0
grand_sim_v0_4,with_regime_original,trust_stability,0.1,0.56,psi_corruption,high_stress,10,10,0,1.0,0.5,0.0,0.0,0.0,0.0,0.0,0.0,1.2
grand_sim_v0_4,with_regime_original,trust_stability,0.1,0.58,async_message_loss,low_stress,10,0,10,0.0,0.0,0.0,0.0,0.0,0.0,,,0.0
grand_sim_v0_4,with_regime_original,trust_stability,0.1,0.58,async_message_loss,mid_stress,10,0,10,0.0,0.0,0.0,0.0,0.0,0.0,,,0.0
grand_sim_v0_4,with_regime_original,trust_stability,0.1,0.58,async_message_loss,high_stress,10,10,0,1.0,0.9,0.0,0.0,0.555556,1.0,0.0,1.0,1.0
grand_sim_v0_4,with_regime_original,trust_stability,0.1,0.58,federation_bridge_stress,low_stress,10,0,10,0.0,0.0,0.0,0.0,0.0,0.0,,,0.0
grand_sim_v0_4,with_regime_original,trust_stability,0.1,0.58,federation_bridge_stress,mid_stress,10,0,10,0.0,0.0,0.0,0.0,0.0,0.0,,,0.0
grand_sim_v0_4,with_regime_original,trust_stability,0.1,0.58,federation_bridge_stress,high_stress,10,10,0,1.0,0.2,0.0,0.0,0.0,0.0,0.0,0.0,1.25
grand_sim_v0_4,with_regime_original,trust_stability,0.1,0.58,federation_cluster_attack,low_stress,10,10,0,0.0,0.0,1.0,0.0,0.0,0.0,,,0.0
grand_sim_v0_4,with_regime_original,trust_stability,0.1,0.58,federation_cluster_attack,mid_stress,10,10,0,0.0,0.0,1.0,0.0,0.0,0.0,,,0.0
grand_sim_v0_4,with_regime_original,trust_stability,0.1,0.58,federation_cluster_attack,high_stress,10,10,0,1.0,0.0,0.0,0.0,0.0,0.0,,,1.3
grand_sim_v0_4,with_regime_original,trust_stability,0.1,0.58,psi_corruption,low_stress,10,10,0,0.0,0.0,1.0,0.0,0.0,0.0,,,0.0
grand_sim_v0_4,with_regime_original,trust_stability,0.1,0.58,psi_corruption,mid_stress,10,10,0,0.0,0.0,1.0,0.0,0.0,0.0,,,0.0
grand_sim_v0_4,with_regime_original,trust_stability,0.1,0.58,psi_corruption,high_stress,10,10,0,1.0,0.2,0.0,0.0,0.0,0.0,0.0,0.0,1.125
grand_sim_v0_4,with_regime_original,trust_stability,0.1,0.6,async_message_loss,low_stress,10,0,10,0.0,0.0,0.0,0.0,0.0,0.0,,,0.0
grand_sim_v0_4,with_regime_original,trust_stability,0.1,0.6,async_message_loss,mid_stress,10,0,10,0.0,0.0,0.0,0.0,0.0,0.0,,,0.0
grand_sim_v0_4,with_regime_original,trust_stability,0.1,0.6,async_message_loss,high_stress,10,10,0,1.0,0.4,0.0,0.0,0.0,0.0,0.0,0.0,1.166667
grand_sim_v0_4,with_regime_original,trust_stability,0.1,0.6,federation_bridge_stress,low_stress,10,0,10,0.0,0.0,0.0,0.0,0.0,0.0,,,0.0
grand_sim_v0_4,with_regime_original,trust_stability,0.1,0.6,federation_bridge_stress,mid_stress,10,0,10,0.0,0.0,0.0,0.0,0.0,0.0,,,0.0
grand_sim_v0_4,with_regime_original,trust_stability,0.1,0.6,federation_bridge_stress,high_stress,10,10,0,1.0,0.0,0.0,0.0,0.0,0.0,,,1.4
grand_sim_v0_4,with_regime_original,trust_stability,0.1,0.6,federation_cluster_attack,low_stress,10,10,0,0.0,0.0,1.0,0.0,0.0,0.0,,,0.0
grand_sim_v0_4,with_regime_original,trust_stability,0.1,0.6,federation_cluster_attack,mid_stress,10,10,0,0.0,0.0,1.0,0.0,0.0,0.0,,,0.0
grand_sim_v0_4,with_regime_original,trust_stability,0.1,0.6,federation_cluster_attack,high_stress,10,10,0,1.0,0.0,0.0,0.0,0.0,0.0,,,1.6
grand_sim_v0_4,with_regime_original,trust_stability,0.1,0.6,psi_corruption,low_stress,10,10,0,0.0,0.0,1.0,0.0,0.0,0.0,,,0.0
grand_sim_v0_4,with_regime_original,trust_stability,0.1,0.6,psi_corruption,mid_stress,10,10,0,0.0,0.0,1.0,0.0,0.0,0.0,,,0.0
grand_sim_v0_4,with_regime_original,trust_stability,0.1,0.6,psi_corruption,high_stress,10,10,0,1.0,0.1,0.0,0.0,0.0,0.0,0.0,0.0,1.222222
grand_sim_v0_4,no_regime_ablation,trust_stability,0.1,0.1,async_message_loss,low_stress,10,0,10,0.0,0.0,0.0,1.0,0.0,0.0,,,0.0
grand_sim_v0_4,no_regime_ablation,trust_stability,0.1,0.1,async_message_loss,mid_stress,10,0,10,0.0,0.0,0.0,1.0,0.0,0.0,,,0.0
grand_sim_v0_4,no_regime_ablation,trust_stability,0.1,0.1,async_message_loss,high_stress,10,10,0,1.0,1.0,0.0,0.0,31.4,31.0,29.0,33.0,0.0
grand_sim_v0_4,no_regime_ablation,trust_stability,0.1,0.1,federation_bridge_stress,low_stress,10,0,10,0.0,0.0,0.0,1.0,0.0,0.0,,,0.0
grand_sim_v0_4,no_regime_ablation,trust_stability,0.1,0.1,federation_bridge_stress,mid_stress,10,0,10,0.0,0.0,0.0,1.0,0.0,0.0,,,0.0
grand_sim_v0_4,no_regime_ablation,trust_stability,0.1,0.1,federation_bridge_stress,high_stress,10,10,0,1.0,1.0,0.0,0.0,24.7,24.0,23.0,27.0,0.0
grand_sim_v0_4,no_regime_ablation,trust_stability,0.1,0.1,federation_cluster_attack,low_stress,10,10,0,1.0,1.0,0.0,0.0,97.2,98.0,92.0,99.0,0.0
grand_sim_v0_4,no_regime_ablation,trust_stability,0.1,0.1,federation_cluster_attack,mid_stress,10,10,0,1.0,1.0,0.0,0.0,65.9,66.0,62.0,67.0,0.0
grand_sim_v0_4,no_regime_ablation,trust_stability,0.1,0.1,federation_cluster_attack,high_stress,10,10,0,1.0,1.0,0.0,0.0,26.5,27.0,25.0,28.0,0.0
grand_sim_v0_4,no_regime_ablation,trust_stability,0.1,0.1,psi_corruption,low_stress,10,10,0,1.0,1.0,0.0,0.0,87.1,87.0,86.0,88.0,0.0
grand_sim_v0_4,no_regime_ablation,trust_stability,0.1,0.1,psi_corruption,mid_stress,10,10,0,1.0,1.0,0.0,0.0,59.9,60.0,57.0,61.0,0.0
grand_sim_v0_4,no_regime_ablation,trust_stability,0.1,0.1,psi_corruption,high_stress,10,10,0,1.0,1.0,0.0,0.0,24.6,24.0,23.0,27.0,0.0
grand_sim_v0_4,no_regime_ablation,trust_stability,0.1,0.12,async_message_loss,low_stress,10,0,10,0.0,0.0,0.0,1.0,0.0,0.0,,,0.0
grand_sim_v0_4,no_regime_ablation,trust_stability,0.1,0.12,async_message_loss,mid_stress,10,0,10,0.0,0.0,0.0,1.0,0.0,0.0,,,0.0
grand_sim_v0_4,no_regime_ablation,trust_stability,0.1,0.12,async_message_loss,high_stress,10,10,0,1.0,1.0,0.0,0.0,31.4,31.0,29.0,33.0,0.0
grand_sim_v0_4,no_regime_ablation,trust_stability,0.1,0.12,federation_bridge_stress,low_stress,10,0,10,0.0,0.0,0.0,1.0,0.0,0.0,,,0.0
grand_sim_v0_4,no_regime_ablation,trust_stability,0.1,0.12,federation_bridge_stress,mid_stress,10,0,10,0.0,0.0,0.0,1.0,0.0,0.0,,,0.0
grand_sim_v0_4,no_regime_ablation,trust_stability,0.1,0.12,federation_bridge_stress,high_stress,10,10,0,1.0,1.0,0.0,0.0,24.7,24.0,23.0,27.0,0.0
grand_sim_v0_4,no_regime_ablation,trust_stability,0.1,0.12,federation_cluster_attack,low_stress,10,10,0,1.0,1.0,0.0,0.0,97.2,98.0,92.0,99.0,0.0
grand_sim_v0_4,no_regime_ablation,trust_stability,0.1,0.12,federation_cluster_attack,mid_stress,10,10,0,1.0,1.0,0.0,0.0,65.9,66.0,62.0,67.0,0.0
grand_sim_v0_4,no_regime_ablation,trust_stability,0.1,0.12,federation_cluster_attack,high_stress,10,10,0,1.0,1.0,0.0,0.0,26.5,27.0,25.0,28.0,0.0
grand_sim_v0_4,no_regime_ablation,trust_stability,0.1,0.12,psi_corruption,low_stress,10,10,0,1.0,1.0,0.0,0.0,87.1,87.0,86.0,88.0,0.0
grand_sim_v0_4,no_regime_ablation,trust_stability,0.1,0.12,psi_corruption,mid_stress,10,10,0,1.0,1.0,0.0,0.0,59.9,60.0,57.0,61.0,0.0
grand_sim_v0_4,no_regime_ablation,trust_stability,0.1,0.12,psi_corruption,high_stress,10,10,0,1.0,1.0,0.0,0.0,24.6,24.0,23.0,27.0,0.0
grand_sim_v0_4,no_regime_ablation,trust_stability,0.1,0.14,async_message_loss,low_stress,10,0,10,0.0,0.0,0.0,1.0,0.0,0.0,,,0.0
grand_sim_v0_4,no_regime_ablation,trust_stability,0.1,0.14,async_message_loss,mid_stress,10,0,10,0.0,0.0,0.0,1.0,0.0,0.0,,,0.0
grand_sim_v0_4,no_regime_ablation,trust_stability,0.1,0.14,async_message_loss,high_stress,10,10,0,1.0,1.0,0.0,0.0,31.4,31.0,29.0,33.0,0.0
grand_sim_v0_4,no_regime_ablation,trust_stability,0.1,0.14,federation_bridge_stress,low_stress,10,0,10,0.0,0.0,0.0,1.0,0.0,0.0,,,0.0
grand_sim_v0_4,no_regime_ablation,trust_stability,0.1,0.14,federation_bridge_stress,mid_stress,10,0,10,0.0,0.0,0.0,1.0,0.0,0.0,,,0.0
grand_sim_v0_4,no_regime_ablation,trust_stability,0.1,0.14,federation_bridge_stress,high_stress,10,10,0,1.0,1.0,0.0,0.0,24.7,24.0,23.0,27.0,0.0
grand_sim_v0_4,no_regime_ablation,trust_stability,0.1,0.14,federation_cluster_attack,low_stress,10,10,0,1.0,1.0,0.0,0.0,97.2,98.0,92.0,99.0,0.0
grand_sim_v0_4,no_regime_ablation,trust_stability,0.1,0.14,federation_cluster_attack,mid_stress,10,10,0,1.0,1.0,0.0,0.0,65.9,66.0,62.0,67.0,0.0
grand_sim_v0_4,no_regime_ablation,trust_stability,0.1,0.14,federation_cluster_attack,high_stress,10,10,0,1.0,1.0,0.0,0.0,26.5,27.0,25.0,28.0,0.0
grand_sim_v0_4,no_regime_ablation,trust_stability,0.1,0.14,psi_corruption,low_stress,10,10,0,1.0,1.0,0.0,0.0,87.1,87.0,86.0,88.0,0.0
grand_sim_v0_4,no_regime_ablation,trust_stability,0.1,0.14,psi_corruption,mid_stress,10,10,0,1.0,1.0,0.0,0.0,59.9,60.0,57.0,61.0,0.0
grand_sim_v0_4,no_regime_ablation,trust_stability,0.1,0.14,psi_corruption,high_stress,10,10,0,1.0,1.0,0.0,0.0,24.6,24.0,23.0,27.0,0.0
grand_sim_v0_4,no_regime_ablation,trust_stability,0.1,0.16,async_message_loss,low_stress,10,0,10,0.0,0.0,0.0,1.0,0.0,0.0,,,0.0
grand_sim_v0_4,no_regime_ablation,trust_stability,0.1,0.16,async_message_loss,mid_stress,10,0,10,0.0,0.0,0.0,1.0,0.0,0.0,,,0.0
grand_sim_v0_4,no_regime_ablation,trust_stability,0.1,0.16,async_message_loss,high_stress,10,10,0,1.0,1.0,0.0,0.0,31.4,31.0,29.0,33.0,0.0
grand_sim_v0_4,no_regime_ablation,trust_stability,0.1,0.16,federation_bridge_stress,low_stress,10,0,10,0.0,0.0,0.0,1.0,0.0,0.0,,,0.0
grand_sim_v0_4,no_regime_ablation,trust_stability,0.1,0.16,federation_bridge_stress,mid_stress,10,0,10,0.0,0.0,0.0,1.0,0.0,0.0,,,0.0
grand_sim_v0_4,no_regime_ablation,trust_stability,0.1,0.16,federation_bridge_stress,high_stress,10,10,0,1.0,1.0,0.0,0.0,24.7,24.0,23.0,27.0,0.0
grand_sim_v0_4,no_regime_ablation,trust_stability,0.1,0.16,federation_cluster_attack,low_stress,10,10,0,1.0,1.0,0.0,0.0,97.2,98.0,92.0,99.0,0.0
grand_sim_v0_4,no_regime_ablation,trust_stability,0.1,0.16,federation_cluster_attack,mid_stress,10,10,0,1.0,1.0,0.0,0.0,65.9,66.0,62.0,67.0,0.0
grand_sim_v0_4,no_regime_ablation,trust_stability,0.1,0.16,federation_cluster_attack,high_stress,10,10,0,1.0,1.0,0.0,0.0,26.5,27.0,25.0,28.0,0.0
grand_sim_v0_4,no_regime_ablation,trust_stability,0.1,0.16,psi_corruption,low_stress,10,10,0,1.0,1.0,0.0,0.0,87.1,87.0,86.0,88.0,0.0
grand_sim_v0_4,no_regime_ablation,trust_stability,0.1,0.16,psi_corruption,mid_stress,10,10,0,1.0,1.0,0.0,0.0,59.9,60.0,57.0,61.0,0.0
grand_sim_v0_4,no_regime_ablation,trust_stability,0.1,0.16,psi_corruption,high_stress,10,10,0,1.0,1.0,0.0,0.0,24.6,24.0,23.0,27.0,0.0
grand_sim_v0_4,no_regime_ablation,trust_stability,0.1,0.18,async_message_loss,low_stress,10,0,10,0.0,0.0,0.0,1.0,0.0,0.0,,,0.0
grand_sim_v0_4,no_regime_ablation,trust_stability,0.1,0.18,async_message_loss,mid_stress,10,0,10,0.0,0.0,0.0,1.0,0.0,0.0,,,0.0
grand_sim_v0_4,no_regime_ablation,trust_stability,0.1,0.18,async_message_loss,high_stress,10,10,0,1.0,1.0,0.0,0.0,31.4,31.0,29.0,33.0,0.0
grand_sim_v0_4,no_regime_ablation,trust_stability,0.1,0.18,federation_bridge_stress,low_stress,10,0,10,0.0,0.0,0.0,1.0,0.0,0.0,,,0.0
grand_sim_v0_4,no_regime_ablation,trust_stability,0.1,0.18,federation_bridge_stress,mid_stress,10,0,10,0.0,0.0,0.0,1.0,0.0,0.0,,,0.0
grand_sim_v0_4,no_regime_ablation,trust_stability,0.1,0.18,federation_bridge_stress,high_stress,10,10,0,1.0,1.0,0.0,0.0,24.7,24.0,23.0,27.0,0.0
grand_sim_v0_4,no_regime_ablation,trust_stability,0.1,0.18,federation_cluster_attack,low_stress,10,10,0,1.0,1.0,0.0,0.0,97.2,98.0,92.0,99.0,0.0
grand_sim_v0_4,no_regime_ablation,trust_stability,0.1,0.18,federation_cluster_attack,mid_stress,10,10,0,1.0,1.0,0.0,0.0,65.9,66.0,62.0,67.0,0.0
grand_sim_v0_4,no_regime_ablation,trust_stability,0.1,0.18,federation_cluster_attack,high_stress,10,10,0,1.0,1.0,0.0,0.0,26.5,27.0,25.0,28.0,0.0
grand_sim_v0_4,no_regime_ablation,trust_stability,0.1,0.18,psi_corruption,low_stress,10,10,0,1.0,1.0,0.0,0.0,87.1,87.0,86.0,88.0,0.0
grand_sim_v0_4,no_regime_ablation,trust_stability,0.1,0.18,psi_corruption,mid_stress,10,10,0,1.0,1.0,0.0,0.0,59.9,60.0,57.0,61.0,0.0
grand_sim_v0_4,no_regime_ablation,trust_stability,0.1,0.18,psi_corruption,high_stress,10,10,0,1.0,1.0,0.0,0.0,24.6,24.0,23.0,27.0,0.0
grand_sim_v0_4,no_regime_ablation,trust_stability,0.1,0.2,async_message_loss,low_stress,10,0,10,0.0,0.0,0.0,0.3,0.0,0.0,,,0.0
grand_sim_v0_4,no_regime_ablation,trust_stability,0.1,0.2,async_message_loss,mid_stress,10,0,10,0.0,0.0,0.0,0.8,0.0,0.0,,,0.0
grand_sim_v0_4,no_regime_ablation,trust_stability,0.1,0.2,async_message_loss,high_stress,10,10,0,1.0,1.0,0.0,0.0,31.4,31.0,29.0,33.0,0.0
grand_sim_v0_4,no_regime_ablation,trust_stability,0.1,0.2,federation_bridge_stress,low_stress,10,0,10,0.0,0.0,0.0,0.0,0.0,0.0,,,0.0
grand_sim_v0_4,no_regime_ablation,trust_stability,0.1,0.2,federation_bridge_stress,mid_stress,10,0,10,0.0,0.0,0.0,0.1,0.0,0.0,,,0.0
grand_sim_v0_4,no_regime_ablation,trust_stability,0.1,0.2,federation_bridge_stress,high_stress,10,10,0,1.0,1.0,0.0,0.0,24.7,24.0,23.0,27.0,0.0
grand_sim_v0_4,no_regime_ablation,trust_stability,0.1,0.2,federation_cluster_attack,low_stress,10,10,0,1.0,1.0,0.0,0.0,26.0,26.0,21.0,28.0,0.0
grand_sim_v0_4,no_regime_ablation,trust_stability,0.1,0.2,federation_cluster_attack,mid_stress,10,10,0,1.0,1.0,0.0,0.0,30.3,15.0,12.0,67.0,0.0
grand_sim_v0_4,no_regime_ablation,trust_stability,0.1,0.2,federation_cluster_attack,high_stress,10,10,0,1.0,1.0,0.0,0.0,26.5,27.0,25.0,28.0,0.0
grand_sim_v0_4,no_regime_ablation,trust_stability,0.1,0.2,psi_corruption,low_stress,10,10,0,1.0,1.0,0.0,0.0,24.5,24.0,23.0,26.0,0.0
grand_sim_v0_4,no_regime_ablation,trust_stability,0.1,0.2,psi_corruption,mid_stress,10,10,0,1.0,1.0,0.0,0.0,17.0,12.0,10.0,61.0,0.0
grand_sim_v0_4,no_regime_ablation,trust_stability,0.1,0.2,psi_corruption,high_stress,10,10,0,1.0,1.0,0.0,0.0,24.6,24.0,23.0,27.0,0.0
grand_sim_v0_4,no_regime_ablation,trust_stability,0.1,0.22,async_message_loss,low_stress,10,0,10,0.0,0.0,0.0,0.0,0.0,0.0,,,0.0
grand_sim_v0_4,no_regime_ablation,trust_stability,0.1,0.22,async_message_loss,mid_stress,10,0,10,0.0,0.0,0.0,0.0,0.0,0.0,,,0.0
grand_sim_v0_4,no_regime_ablation,trust_stability,0.1,0.22,async_message_loss,high_stress,10,10,0,1.0,1.0,0.0,0.0,23.7,23.0,22.0,25.0,0.0
grand_sim_v0_4,no_regime_ablation,trust_stability,0.1,0.22,federation_bridge_stress,low_stress,10,0,10,0.0,0.0,0.0,0.0,0.0,0.0,,,0.0
grand_sim_v0_4,no_regime_ablation,trust_stability,0.1,0.22,federation_bridge_stress,mid_stress,10,0,10,0.0,0.0,0.0,0.0,0.0,0.0,,,0.0
grand_sim_v0_4,no_regime_ablation,trust_stability,0.1,0.22,federation_bridge_stress,high_stress,10,10,0,1.0,1.0,0.0,0.0,16.8,17.0,15.0,18.0,0.0
grand_sim_v0_4,no_regime_ablation,trust_stability,0.1,0.22,federation_cluster_attack,low_stress,10,10,0,1.0,1.0,0.0,0.0,24.0,24.0,19.0,26.0,0.0
grand_sim_v0_4,no_regime_ablation,trust_stability,0.1,0.22,federation_cluster_attack,mid_stress,10,10,0,1.0,1.0,0.0,0.0,13.8,14.0,10.0,15.0,0.0
grand_sim_v0_4,no_regime_ablation,trust_stability,0.1,0.22,federation_cluster_attack,high_stress,10,10,0,1.0,1.0,0.0,0.0,17.5,17.0,17.0,20.0,0.0
grand_sim_v0_4,no_regime_ablation,trust_stability,0.1,0.22,psi_corruption,low_stress,10,10,0,1.0,1.0,0.0,0.0,21.9,22.0,21.0,24.0,0.0
grand_sim_v0_4,no_regime_ablation,trust_stability,0.1,0.22,psi_corruption,mid_stress,10,10,0,1.0,1.0,0.0,0.0,11.2,11.0,9.0,12.0,0.0
grand_sim_v0_4,no_regime_ablation,trust_stability,0.1,0.22,psi_corruption,high_stress,10,10,0,1.0,1.0,0.0,0.0,17.1,17.0,16.0,19.0,0.0
grand_sim_v0_4,no_regime_ablation,trust_stability,0.1,0.24,async_message_loss,low_stress,10,0,10,0.0,0.0,0.0,0.0,0.0,0.0,,,0.0
grand_sim_v0_4,no_regime_ablation,trust_stability,0.1,0.24,async_message_loss,mid_stress,10,0,10,0.0,0.0,0.0,0.0,0.0,0.0,,,0.0
grand_sim_v0_4,no_regime_ablation,trust_stability,0.1,0.24,async_message_loss,high_stress,10,10,0,1.0,1.0,0.0,0.0,19.2,19.0,18.0,21.0,0.0
grand_sim_v0_4,no_regime_ablation,trust_stability,0.1,0.24,federation_bridge_stress,low_stress,10,0,10,0.0,0.0,0.0,0.0,0.0,0.0,,,0.0
grand_sim_v0_4,no_regime_ablation,trust_stability,0.1,0.24,federation_bridge_stress,mid_stress,10,0,10,0.0,0.0,0.0,0.0,0.0,0.0,,,0.0
grand_sim_v0_4,no_regime_ablation,trust_stability,0.1,0.24,federation_bridge_stress,high_stress,10,10,0,1.0,1.0,0.0,0.0,13.3,13.0,12.0,14.0,0.0
grand_sim_v0_4,no_regime_ablation,trust_stability,0.1,0.24,federation_cluster_attack,low_stress,10,10,0,1.0,1.0,0.0,0.0,21.9,22.0,17.0,24.0,0.0
grand_sim_v0_4,no_regime_ablation,trust_stability,0.1,0.24,federation_cluster_attack,mid_stress,10,10,0,1.0,1.0,0.0,0.0,12.7,13.0,9.0,14.0,0.0
grand_sim_v0_4,no_regime_ablation,trust_stability,0.1,0.24,federation_cluster_attack,high_stress,10,10,0,1.0,1.0,0.0,0.0,13.9,14.0,13.0,16.0,0.0
grand_sim_v0_4,no_regime_ablation,trust_stability,0.1,0.24,psi_corruption,low_stress,10,10,0,1.0,1.0,0.0,0.0,19.6,19.0,18.0,22.0,0.0
grand_sim_v0_4,no_regime_ablation,trust_stability,0.1,0.24,psi_corruption,mid_stress,10,10,0,1.0,1.0,0.0,0.0,10.3,10.0,8.0,12.0,0.0
grand_sim_v0_4,no_regime_ablation,trust_stability,0.1,0.24,psi_corruption,high_stress,10,10,0,1.0,1.0,0.0,0.0,13.8,13.0,13.0,15.0,0.0
grand_sim_v0_4,no_regime_ablation,trust_stability,0.1,0.26,async_message_loss,low_stress,10,0,10,0.0,0.0,0.0,0.0,0.0,0.0,,,0.0
grand_sim_v0_4,no_regime_ablation,trust_stability,0.1,0.26,async_message_loss,mid_stress,10,0,10,0.0,0.0,0.0,0.0,0.0,0.0,,,0.0
grand_sim_v0_4,no_regime_ablation,trust_stability,0.1,0.26,async_message_loss,high_stress,10,10,0,1.0,1.0,0.0,0.0,16.3,16.0,15.0,18.0,0.0
grand_sim_v0_4,no_regime_ablation,trust_stability,0.1,0.26,federation_bridge_stress,low_stress,10,0,10,0.0,0.0,0.0,0.0,0.0,0.0,,,0.0
grand_sim_v0_4,no_regime_ablation,trust_stability,0.1,0.26,federation_bridge_stress,mid_stress,10,0,10,0.0,0.0,0.0,0.0,0.0,0.0,,,0.0
grand_sim_v0_4,no_regime_ablation,trust_stability,0.1,0.26,federation_bridge_stress,high_stress,10,10,0,1.0,1.0,0.0,0.0,11.2,11.0,10.0,12.0,0.0
grand_sim_v0_4,no_regime_ablation,trust_stability,0.1,0.26,federation_cluster_attack,low_stress,10,10,0,1.0,1.0,0.0,0.0,20.0,20.0,16.0,22.0,0.0
grand_sim_v0_4,no_regime_ablation,trust_stability,0.1,0.26,federation_cluster_attack,mid_stress,10,10,0,1.0,1.0,0.0,0.0,11.6,12.0,8.0,13.0,0.0
grand_sim_v0_4,no_regime_ablation,trust_stability,0.1,0.26,federation_cluster_attack,high_stress,10,10,0,1.0,1.0,0.0,0.0,11.5,11.0,11.0,13.0,0.0
grand_sim_v0_4,no_regime_ablation,trust_stability,0.1,0.26,psi_corruption,low_stress,10,10,0,1.0,1.0,0.0,0.0,17.3,17.0,16.0,20.0,0.0
grand_sim_v0_4,no_regime_ablation,trust_stability,0.1,0.26,psi_corruption,mid_stress,10,10,0,1.0,1.0,0.0,0.0,9.4,10.0,7.0,11.0,0.0
grand_sim_v0_4,no_regime_ablation,trust_stability,0.1,0.26,psi_corruption,high_stress,10,10,0,1.0,1.0,0.0,0.0,11.1,11.0,10.0,13.0,0.0
grand_sim_v0_4,no_regime_ablation,trust_stability,0.1,0.28,async_message_loss,low_stress,10,0,10,0.0,0.0,0.0,0.0,0.0,0.0,,,0.0
grand_sim_v0_4,no_regime_ablation,trust_stability,0.1,0.28,async_message_loss,mid_stress,10,0,10,0.0,0.0,0.0,0.0,0.0,0.0,,,0.0
grand_sim_v0_4,no_regime_ablation,trust_stability,0.1,0.28,async_message_loss,high_stress,10,10,0,1.0,1.0,0.0,0.0,14.0,14.0,13.0,15.0,0.0
grand_sim_v0_4,no_regime_ablation,trust_stability,0.1,0.28,federation_bridge_stress,low_stress,10,0,10,0.0,0.0,0.0,0.0,0.0,0.0,,,0.0
grand_sim_v0_4,no_regime_ablation,trust_stability,0.1,0.28,federation_bridge_stress,mid_stress,10,0,10,0.0,0.0,0.0,0.0,0.0,0.0,,,0.0
grand_sim_v0_4,no_regime_ablation,trust_stability,0.1,0.28,federation_bridge_stress,high_stress,10,10,0,1.0,1.0,0.0,0.0,9.3,9.0,8.0,10.0,0.0
grand_sim_v0_4,no_regime_ablation,trust_stability,0.1,0.28,federation_cluster_attack,low_stress,10,10,0,1.0,1.0,0.0,0.0,18.3,19.0,14.0,20.0,0.0
grand_sim_v0_4,no_regime_ablation,trust_stability,0.1,0.28,federation_cluster_attack,mid_stress,10,10,0,1.0,1.0,0.0,0.0,10.6,11.0,7.0,12.0,0.0
grand_sim_v0_4,no_regime_ablation,trust_stability,0.1,0.28,federation_cluster_attack,high_stress,10,10,0,1.0,1.0,0.0,0.0,9.5,9.0,9.0,11.0,0.0
grand_sim_v0_4,no_regime_ablation,trust_stability,0.1,0.28,psi_corruption,low_stress,10,10,0,1.0,1.0,0.0,0.0,15.7,15.0,14.0,18.0,0.0
grand_sim_v0_4,no_regime_ablation,trust_stability,0.1,0.28,psi_corruption,mid_stress,10,10,0,1.0,1.0,0.0,0.0,8.5,9.0,6.0,10.0,0.0
grand_sim_v0_4,no_regime_ablation,trust_stability,0.1,0.28,psi_corruption,high_stress,10,10,0,1.0,1.0,0.0,0.0,9.4,9.0,8.0,11.0,0.0
grand_sim_v0_4,no_regime_ablation,trust_stability,0.1,0.3,async_message_loss,low_stress,10,0,10,0.0,0.0,0.0,0.0,0.0,0.0,,,0.0
grand_sim_v0_4,no_regime_ablation,trust_stability,0.1,0.3,async_message_loss,mid_stress,10,0,10,0.0,0.0,0.0,0.0,0.0,0.0,,,0.0
grand_sim_v0_4,no_regime_ablation,trust_stability,0.1,0.3,async_message_loss,high_stress,10,10,0,1.0,1.0,0.0,0.0,12.2,12.0,11.0,13.0,0.0
grand_sim_v0_4,no_regime_ablation,trust_stability,0.1,0.3,federation_bridge_stress,low_stress,10,0,10,0.0,0.0,0.0,0.0,0.0,0.0,,,0.0
grand_sim_v0_4,no_regime_ablation,trust_stability,0.1,0.3,federation_bridge_stress,mid_stress,10,0,10,0.0,0.0,0.0,0.0,0.0,0.0,,,0.0
grand_sim_v0_4,no_regime_ablation,trust_stability,0.1,0.3,federation_bridge_stress,high_stress,10,10,0,1.0,1.0,0.0,0.0,7.6,8.0,6.0,9.0,0.0
grand_sim_v0_4,no_regime_ablation,trust_stability,0.1,0.3,federation_cluster_attack,low_stress,10,10,0,1.0,1.0,0.0,0.0,16.4,17.0,12.0,19.0,0.0
grand_sim_v0_4,no_regime_ablation,trust_stability,0.1,0.3,federation_cluster_attack,mid_stress,10,10,0,1.0,1.0,0.0,0.0,9.6,10.0,6.0,11.0,0.0
grand_sim_v0_4,no_regime_ablation,trust_stability,0.1,0.3,federation_cluster_attack,high_stress,10,10,0,1.0,1.0,0.0,0.0,8.1,8.0,7.0,9.0,0.0
grand_sim_v0_4,no_regime_ablation,trust_stability,0.1,0.3,psi_corruption,low_stress,10,10,0,1.0,1.0,0.0,0.0,14.1,14.0,13.0,16.0,0.0
grand_sim_v0_4,no_regime_ablation,trust_stability,0.1,0.3,psi_corruption,mid_stress,10,10,0,1.0,1.0,0.0,0.0,7.6,8.0,5.0,9.0,0.0
grand_sim_v0_4,no_regime_ablation,trust_stability,0.1,0.3,psi_corruption,high_stress,10,10,0,1.0,1.0,0.0,0.0,7.9,7.0,7.0,10.0,0.0
grand_sim_v0_4,no_regime_ablation,trust_stability,0.1,0.32,async_message_loss,low_stress,10,0,10,0.0,0.0,0.0,0.0,0.0,0.0,,,0.0
grand_sim_v0_4,no_regime_ablation,trust_stability,0.1,0.32,async_message_loss,mid_stress,10,0,10,0.0,0.0,0.0,0.0,0.0,0.0,,,0.0
grand_sim_v0_4,no_regime_ablation,trust_stability,0.1,0.32,async_message_loss,high_stress,10,10,0,1.0,1.0,0.0,0.0,10.5,10.0,9.0,12.0,0.0
grand_sim_v0_4,no_regime_ablation,trust_stability,0.1,0.32,federation_bridge_stress,low_stress,10,0,10,0.0,0.0,0.0,0.0,0.0,0.0,,,0.0
grand_sim_v0_4,no_regime_ablation,trust_stability,0.1,0.32,federation_bridge_stress,mid_stress,10,0,10,0.0,0.0,0.0,0.0,0.0,0.0,,,0.0
grand_sim_v0_4,no_regime_ablation,trust_stability,0.1,0.32,federation_bridge_stress,high_stress,10,10,0,1.0,1.0,0.0,0.0,6.2,6.0,5.0,7.0,0.0
grand_sim_v0_4,no_regime_ablation,trust_stability,0.1,0.32,federation_cluster_attack,low_stress,10,10,0,1.0,1.0,0.0,0.0,14.8,15.0,11.0,17.0,0.0
grand_sim_v0_4,no_regime_ablation,trust_stability,0.1,0.32,federation_cluster_attack,mid_stress,10,10,0,1.0,1.0,0.0,0.0,8.6,9.0,5.0,10.0,0.0
grand_sim_v0_4,no_regime_ablation,trust_stability,0.1,0.32,federation_cluster_attack,high_stress,10,10,0,1.0,1.0,0.0,0.0,6.6,6.0,6.0,8.0,0.0
grand_sim_v0_4,no_regime_ablation,trust_stability,0.1,0.32,psi_corruption,low_stress,10,10,0,1.0,1.0,0.0,0.0,12.8,13.0,12.0,14.0,0.0
grand_sim_v0_4,no_regime_ablation,trust_stability,0.1,0.32,psi_corruption,mid_stress,10,10,0,1.0,1.0,0.0,0.0,7.0,7.0,4.0,8.0,0.0
grand_sim_v0_4,no_regime_ablation,trust_stability,0.1,0.32,psi_corruption,high_stress,10,10,0,1.0,1.0,0.0,0.0,6.4,6.0,5.0,8.0,0.0
grand_sim_v0_4,no_regime_ablation,trust_stability,0.1,0.34,async_message_loss,low_stress,10,0,10,0.0,0.0,0.0,0.0,0.0,0.0,,,0.0
grand_sim_v0_4,no_regime_ablation,trust_stability,0.1,0.34,async_message_loss,mid_stress,10,0,10,0.0,0.0,0.0,0.0,0.0,0.0,,,0.0
grand_sim_v0_4,no_regime_ablation,trust_stability,0.1,0.34,async_message_loss,high_stress,10,10,0,1.0,1.0,0.0,0.0,9.2,9.0,8.0,10.0,0.0
grand_sim_v0_4,no_regime_ablation,trust_stability,0.1,0.34,federation_bridge_stress,low_stress,10,0,10,0.0,0.0,0.0,0.0,0.0,0.0,,,0.0
grand_sim_v0_4,no_regime_ablation,trust_stability,0.1,0.34,federation_bridge_stress,mid_stress,10,0,10,0.0,0.0,0.0,0.0,0.0,0.0,,,0.0
grand_sim_v0_4,no_regime_ablation,trust_stability,0.1,0.34,federation_bridge_stress,high_stress,10,10,0,1.0,1.0,0.0,0.0,5.1,5.0,4.0,6.0,0.0
grand_sim_v0_4,no_regime_ablation,trust_stability,0.1,0.34,federation_cluster_attack,low_stress,10,10,0,1.0,1.0,0.0,0.0,13.2,14.0,9.0,16.0,0.0
grand_sim_v0_4,no_regime_ablation,trust_stability,0.1,0.34,federation_cluster_attack,mid_stress,10,10,0,1.0,1.0,0.0,0.0,7.7,8.0,5.0,9.0,0.0
grand_sim_v0_4,no_regime_ablation,trust_stability,0.1,0.34,federation_cluster_attack,high_stress,10,10,0,1.0,1.0,0.0,0.0,5.4,5.0,5.0,6.0,0.0
grand_sim_v0_4,no_regime_ablation,trust_stability,0.1,0.34,psi_corruption,low_stress,10,10,0,1.0,1.0,0.0,0.0,11.1,11.0,10.0,13.0,0.0
grand_sim_v0_4,no_regime_ablation,trust_stability,0.1,0.34,psi_corruption,mid_stress,10,10,0,1.0,1.0,0.0,0.0,6.3,6.0,4.0,8.0,0.0
grand_sim_v0_4,no_regime_ablation,trust_stability,0.1,0.34,psi_corruption,high_stress,10,10,0,1.0,1.0,0.0,0.0,5.4,5.0,4.0,7.0,0.0
grand_sim_v0_4,no_regime_ablation,trust_stability,0.1,0.36,async_message_loss,low_stress,10,0,10,0.0,0.0,0.0,0.0,0.0,0.0,,,0.0
grand_sim_v0_4,no_regime_ablation,trust_stability,0.1,0.36,async_message_loss,mid_stress,10,0,10,0.0,0.0,0.0,0.0,0.0,0.0,,,0.0
grand_sim_v0_4,no_regime_ablation,trust_stability,0.1,0.36,async_message_loss,high_stress,10,10,0,1.0,1.0,0.0,0.0,8.0,8.0,7.0,9.0,0.0
grand_sim_v0_4,no_regime_ablation,trust_stability,0.1,0.36,federation_bridge_stress,low_stress,10,0,10,0.0,0.0,0.0,0.0,0.0,0.0,,,0.0
grand_sim_v0_4,no_regime_ablation,trust_stability,0.1,0.36,federation_bridge_stress,mid_stress,10,0,10,0.0,0.0,0.0,0.0,0.0,0.0,,,0.0
grand_sim_v0_4,no_regime_ablation,trust_stability,0.1,0.36,federation_bridge_stress,high_stress,10,10,0,1.0,1.0,0.0,0.0,4.0,4.0,3.0,5.0,0.0
grand_sim_v0_4,no_regime_ablation,trust_stability,0.1,0.36,federation_cluster_attack,low_stress,10,10,0,1.0,1.0,0.0,0.0,11.5,12.0,7.0,14.0,0.0
grand_sim_v0_4,no_regime_ablation,trust_stability,0.1,0.36,federation_cluster_attack,mid_stress,10,10,0,1.0,1.0,0.0,0.0,5.6,6.0,4.0,7.0,0.0
grand_sim_v0_4,no_regime_ablation,trust_stability,0.1,0.36,federation_cluster_attack,high_stress,10,10,0,1.0,1.0,0.0,0.0,4.4,4.0,4.0,5.0,0.0
grand_sim_v0_4,no_regime_ablation,trust_stability,0.1,0.36,psi_corruption,low_stress,10,10,0,1.0,1.0,0.0,0.0,9.7,9.0,8.0,12.0,0.0
grand_sim_v0_4,no_regime_ablation,trust_stability,0.1,0.36,psi_corruption,mid_stress,10,10,0,1.0,1.0,0.0,0.0,4.9,5.0,3.0,7.0,0.0
grand_sim_v0_4,no_regime_ablation,trust_stability,0.1,0.36,psi_corruption,high_stress,10,10,0,1.0,1.0,0.0,0.0,4.4,4.0,3.0,6.0,0.0
grand_sim_v0_4,no_regime_ablation,trust_stability,0.1,0.38,async_message_loss,low_stress,10,0,10,0.0,0.0,0.0,0.0,0.0,0.0,,,0.0
grand_sim_v0_4,no_regime_ablation,trust_stability,0.1,0.38,async_message_loss,mid_stress,10,0,10,0.0,0.0,0.0,0.0,0.0,0.0,,,0.0
grand_sim_v0_4,no_regime_ablation,trust_stability,0.1,0.38,async_message_loss,high_stress,10,10,0,1.0,1.0,0.0,0.0,6.9,7.0,5.0,8.0,0.0
grand_sim_v0_4,no_regime_ablation,trust_stability,0.1,0.38,federation_bridge_stress,low_stress,10,0,10,0.0,0.0,0.0,0.0,0.0,0.0,,,0.0
grand_sim_v0_4,no_regime_ablation,trust_stability,0.1,0.38,federation_bridge_stress,mid_stress,10,0,10,0.0,0.0,0.0,0.0,0.0,0.0,,,0.0
grand_sim_v0_4,no_regime_ablation,trust_stability,0.1,0.38,federation_bridge_stress,high_stress,10,10,0,1.0,1.0,0.0,0.0,3.2,3.0,2.0,4.0,0.0
grand_sim_v0_4,no_regime_ablation,trust_stability,0.1,0.38,federation_cluster_attack,low_stress,10,10,0,1.0,1.0,0.0,0.0,4.8,5.0,2.0,7.0,0.0
grand_sim_v0_4,no_regime_ablation,trust_stability,0.1,0.38,federation_cluster_attack,mid_stress,10,10,0,1.0,1.0,0.0,0.0,2.0,2.0,0.0,3.0,0.0
grand_sim_v0_4,no_regime_ablation,trust_stability,0.1,0.38,federation_cluster_attack,high_stress,10,10,0,1.0,1.0,0.0,0.0,3.4,3.0,3.0,4.0,0.0
grand_sim_v0_4,no_regime_ablation,trust_stability,0.1,0.38,psi_corruption,low_stress,10,10,0,1.0,1.0,0.0,0.0,4.2,4.0,3.0,7.0,0.0
grand_sim_v0_4,no_regime_ablation,trust_stability,0.1,0.38,psi_corruption,mid_stress,10,10,0,1.0,1.0,0.0,0.0,2.2,2.0,1.0,4.0,0.0
grand_sim_v0_4,no_regime_ablation,trust_stability,0.1,0.38,psi_corruption,high_stress,10,10,0,1.0,1.0,0.0,0.0,3.5,3.0,2.0,5.0,0.0
grand_sim_v0_4,no_regime_ablation,trust_stability,0.1,0.4,async_message_loss,low_stress,10,0,10,0.0,0.0,0.0,0.0,0.0,0.0,,,0.0
grand_sim_v0_4,no_regime_ablation,trust_stability,0.1,0.4,async_message_loss,mid_stress,10,0,10,0.0,0.0,0.0,0.0,0.0,0.0,,,0.0
grand_sim_v0_4,no_regime_ablation,trust_stability,0.1,0.4,async_message_loss,high_stress,10,10,0,1.0,1.0,0.0,0.0,5.7,5.0,4.0,7.0,0.0
grand_sim_v0_4,no_regime_ablation,trust_stability,0.1,0.4,federation_bridge_stress,low_stress,10,0,10,0.0,0.0,0.0,0.0,0.0,0.0,,,0.0
grand_sim_v0_4,no_regime_ablation,trust_stability,0.1,0.4,federation_bridge_stress,mid_stress,10,0,10,0.0,0.0,0.0,0.0,0.0,0.0,,,0.0
grand_sim_v0_4,no_regime_ablation,trust_stability,0.1,0.4,federation_bridge_stress,high_stress,10,10,0,1.0,1.0,0.0,0.0,2.4,2.0,1.0,3.0,0.0
grand_sim_v0_4,no_regime_ablation,trust_stability,0.1,0.4,federation_cluster_attack,low_stress,10,10,0,1.0,0.0,0.0,0.0,0.0,0.0,,,7.9
grand_sim_v0_4,no_regime_ablation,trust_stability,0.1,0.4,federation_cluster_attack,mid_stress,10,10,0,1.0,0.1,0.0,0.0,0.0,0.0,0.0,0.0,1.888889
grand_sim_v0_4,no_regime_ablation,trust_stability,0.1,0.4,federation_cluster_attack,high_stress,10,10,0,1.0,1.0,0.0,0.0,2.4,2.0,2.0,3.0,0.0
grand_sim_v0_4,no_regime_ablation,trust_stability,0.1,0.4,psi_corruption,low_stress,10,10,0,1.0,0.0,0.0,0.0,0.0,0.0,,,3.3
grand_sim_v0_4,no_regime_ablation,trust_stability,0.1,0.4,psi_corruption,mid_stress,10,10,0,1.0,0.2,0.0,0.0,0.0,0.0,0.0,0.0,1.625
grand_sim_v0_4,no_regime_ablation,trust_stability,0.1,0.4,psi_corruption,high_stress,10,10,0,1.0,1.0,0.0,0.0,2.7,3.0,2.0,4.0,0.0
grand_sim_v0_4,no_regime_ablation,trust_stability,0.1,0.42,async_message_loss,low_stress,10,0,10,0.0,0.0,0.0,0.0,0.0,0.0,,,0.0
grand_sim_v0_4,no_regime_ablation,trust_stability,0.1,0.42,async_message_loss,mid_stress,10,0,10,0.0,0.0,0.0,0.0,0.0,0.0,,,0.0
grand_sim_v0_4,no_regime_ablation,trust_stability,0.1,0.42,async_message_loss,high_stress,10,10,0,1.0,1.0,0.0,0.0,4.9,5.0,4.0,6.0,0.0
grand_sim_v0_4,no_regime_ablation,trust_stability,0.1,0.42,federation_bridge_stress,low_stress,10,0,10,0.0,0.0,0.0,0.0,0.0,0.0,,,0.0
grand_sim_v0_4,no_regime_ablation,trust_stability,0.1,0.42,federation_bridge_stress,mid_stress,10,0,10,0.0,0.0,0.0,0.0,0.0,0.0,,,0.0
grand_sim_v0_4,no_regime_ablation,trust_stability,0.1,0.42,federation_bridge_stress,high_stress,10,10,0,1.0,1.0,0.0,0.0,1.7,2.0,0.0,3.0,0.0
grand_sim_v0_4,no_regime_ablation,trust_stability,0.1,0.42,federation_cluster_attack,low_stress,10,10,0,0.0,0.0,1.0,0.0,0.0,0.0,,,0.0
grand_sim_v0_4,no_regime_ablation,trust_stability,0.1,0.42,federation_cluster_attack,mid_stress,10,10,0,1.0,0.0,0.0,0.0,0.0,0.0,,,5.6
grand_sim_v0_4,no_regime_ablation,trust_stability,0.1,0.42,federation_cluster_attack,high_stress,10,10,0,1.0,1.0,0.0,0.0,1.7,2.0,1.0,3.0,0.0
grand_sim_v0_4,no_regime_ablation,trust_stability,0.1,0.42,psi_corruption,low_stress,10,10,0,0.0,0.0,1.0,0.0,0.0,0.0,,,0.0
grand_sim_v0_4,no_regime_ablation,trust_stability,0.1,0.42,psi_corruption,mid_stress,10,10,0,1.0,0.0,0.0,0.0,0.0,0.0,,,5.8
grand_sim_v0_4,no_regime_ablation,trust_stability,0.1,0.42,psi_corruption,high_stress,10,10,0,1.0,1.0,0.0,0.0,2.0,2.0,1.0,3.0,0.0
grand_sim_v0_4,no_regime_ablation,trust_stability,0.1,0.44,async_message_loss,low_stress,10,0,10,0.0,0.0,0.0,0.0,0.0,0.0,,,0.0
grand_sim_v0_4,no_regime_ablation,trust_stability,0.1,0.44,async_message_loss,mid_stress,10,0,10,0.0,0.0,0.0,0.0,0.0,0.0,,,0.0
grand_sim_v0_4,no_regime_ablation,trust_stability,0.1,0.44,async_message_loss,high_stress,10,10,0,1.0,1.0,0.0,0.0,3.8,4.0,3.0,5.0,0.0
grand_sim_v0_4,no_regime_ablation,trust_stability,0.1,0.44,federation_bridge_stress,low_stress,10,0,10,0.0,0.0,0.0,0.0,0.0,0.0,,,0.0
grand_sim_v0_4,no_regime_ablation,trust_stability,0.1,0.44,federation_bridge_stress,mid_stress,10,0,10,0.0,0.0,0.0,0.0,0.0,0.0,,,0.0
grand_sim_v0_4,no_regime_ablation,trust_stability,0.1,0.44,federation_bridge_stress,high_stress,10,10,0,1.0,1.0,0.0,0.0,0.9,1.0,0.0,2.0,0.0
grand_sim_v0_4,no_regime_ablation,trust_stability,0.1,0.44,federation_cluster_attack,low_stress,10,10,0,0.0,0.0,1.0,0.0,0.0,0.0,,,0.0
grand_sim_v0_4,no_regime_ablation,trust_stability,0.1,0.44,federation_cluster_attack,mid_stress,10,10,0,1.0,0.0,0.0,0.0,0.0,0.0,,,9.4
grand_sim_v0_4,no_regime_ablation,trust_stability,0.1,0.44,federation_cluster_attack,high_stress,10,10,0,1.0,1.0,0.0,0.0,1.0,1.0,0.0,2.0,0.0
grand_sim_v0_4,no_regime_ablation,trust_stability,0.1,0.44,psi_corruption,low_stress,10,10,0,0.0,0.0,1.0,0.0,0.0,0.0,,,0.0
grand_sim_v0_4,no_regime_ablation,trust_stability,0.1,0.44,psi_corruption,mid_stress,10,10,0,1.0,0.0,0.0,0.0,0.0,0.0,,,11.5
grand_sim_v0_4,no_regime_ablation,trust_stability,0.1,0.44,psi_corruption,high_stress,10,10,0,1.0,1.0,0.0,0.0,1.3,1.0,0.0,2.0,0.0
grand_sim_v0_4,no_regime_ablation,trust_stability,0.1,0.46,async_message_loss,low_stress,10,0,10,0.0,0.0,0.0,0.0,0.0,0.0,,,0.0
grand_sim_v0_4,no_regime_ablation,trust_stability,0.1,0.46,async_message_loss,mid_stress,10,0,10,0.0,0.0,0.0,0.0,0.0,0.0,,,0.0
grand_sim_v0_4,no_regime_ablation,trust_stability,0.1,0.46,async_message_loss,high_stress,10,10,0,1.0,1.0,0.0,0.0,2.9,3.0,2.0,4.0,0.0
grand_sim_v0_4,no_regime_ablation,trust_stability,0.1,0.46,federation_bridge_stress,low_stress,10,0,10,0.0,0.0,0.0,0.0,0.0,0.0,,,0.0
grand_sim_v0_4,no_regime_ablation,trust_stability,0.1,0.46,federation_bridge_stress,mid_stress,10,0,10,0.0,0.0,0.0,0.0,0.0,0.0,,,0.0
grand_sim_v0_4,no_regime_ablation,trust_stability,0.1,0.46,federation_bridge_stress,high_stress,10,10,0,1.0,0.9,0.0,0.0,0.333333,0.0,0.0,1.0,1.0
grand_sim_v0_4,no_regime_ablation,trust_stability,0.1,0.46,federation_cluster_attack,low_stress,10,10,0,0.0,0.0,1.0,0.0,0.0,0.0,,,0.0
grand_sim_v0_4,no_regime_ablation,trust_stability,0.1,0.46,federation_cluster_attack,mid_stress,10,10,0,1.0,0.0,0.0,0.0,0.0,0.0,,,18.5
grand_sim_v0_4,no_regime_ablation,trust_stability,0.1,0.46,federation_cluster_attack,high_stress,10,10,0,1.0,1.0,0.0,0.0,0.4,0.0,0.0,1.0,0.0
grand_sim_v0_4,no_regime_ablation,trust_stability,0.1,0.46,psi_corruption,low_stress,10,10,0,0.0,0.0,1.0,0.0,0.0,0.0,,,0.0
grand_sim_v0_4,no_regime_ablation,trust_stability,0.1,0.46,psi_corruption,mid_stress,10,10,0,1.0,0.0,0.0,0.0,0.0,0.0,,,19.1
grand_sim_v0_4,no_regime_ablation,trust_stability,0.1,0.46,psi_corruption,high_stress,10,10,0,1.0,0.9,0.0,0.0,0.666667,1.0,0.0,2.0,1.0
grand_sim_v0_4,no_regime_ablation,trust_stability,0.1,0.48,async_message_loss,low_stress,10,0,10,0.0,0.0,0.0,0.0,0.0,0.0,,,0.0
grand_sim_v0_4,no_regime_ablation,trust_stability,0.1,0.48,async_message_loss,mid_stress,10,0,10,0.0,0.0,0.0,0.0,0.0,0.0,,,0.0
grand_sim_v0_4,no_regime_ablation,trust_stability,0.1,0.48,async_message_loss,high_stress,10,10,0,1.0,1.0,0.0,0.0,1.9,2.0,1.0,3.0,0.0
grand_sim_v0_4,no_regime_ablation,trust_stability,0.1,0.48,federation_bridge_stress,low_stress,10,0,10,0.0,0.0,0.0,0.0,0.0,0.0,,,0.0
grand_sim_v0_4,no_regime_ablation,trust_stability,0.1,0.48,federation_bridge_stress,mid_stress,10,0,10,0.0,0.0,0.0,0.0,0.0,0.0,,,0.0
grand_sim_v0_4,no_regime_ablation,trust_stability,0.1,0.48,federation_bridge_stress,high_stress,10,10,0,1.0,0.6,0.0,0.0,0.0,0.0,0.0,0.0,1.0
grand_sim_v0_4,no_regime_ablation,trust_stability,0.1,0.48,federation_cluster_attack,low_stress,10,10,0,0.0,0.0,1.0,0.0,0.0,0.0,,,0.0
grand_sim_v0_4,no_regime_ablation,trust_stability,0.1,0.48,federation_cluster_attack,mid_stress,10,10,0,1.0,0.0,0.0,0.0,0.0,0.0,,,36.5
grand_sim_v0_4,no_regime_ablation,trust_stability,0.1,0.48,federation_cluster_attack,high_stress,10,10,0,1.0,0.4,0.0,0.0,0.0,0.0,0.0,0.0,1.0
grand_sim_v0_4,no_regime_ablation,trust_stability,0.1,0.48,psi_corruption,low_stress,10,10,0,0.0,0.0,1.0,0.0,0.0,0.0,,,0.0
grand_sim_v0_4,no_regime_ablation,trust_stability,0.1,0.48,psi_corruption,mid_stress,10,10,0,1.0,0.0,0.0,0.0,0.0,0.0,,,35.0
grand_sim_v0_4,no_regime_ablation,trust_stability,0.1,0.48,psi_corruption,high_stress,10,10,0,1.0,0.8,0.0,0.0,0.125,0.0,0.0,1.0,1.0
grand_sim_v0_4,no_regime_ablation,trust_stability,0.1,0.5,async_message_loss,low_stress,10,0,10,0.0,0.0,0.0,0.0,0.0,0.0,,,0.0
grand_sim_v0_4,no_regime_ablation,trust_stability,0.1,0.5,async_message_loss,mid_stress,10,0,10,0.0,0.0,0.0,0.0,0.0,0.0,,,0.0
grand_sim_v0_4,no_regime_ablation,trust_stability,0.1,0.5,async_message_loss,high_stress,10,10,0,1.0,1.0,0.0,0.0,1.0,1.0,0.0,2.0,0.0
grand_sim_v0_4,no_regime_ablation,trust_stability,0.1,0.5,federation_bridge_stress,low_stress,10,0,10,0.0,0.0,0.0,0.0,0.0,0.0,,,0.0
grand_sim_v0_4,no_regime_ablation,trust_stability,0.1,0.5,federation_bridge_stress,mid_stress,10,0,10,0.0,0.0,0.0,0.0,0.0,0.0,,,0.0
grand_sim_v0_4,no_regime_ablation,trust_stability,0.1,0.5,federation_bridge_stress,high_stress,10,10,0,1.0,0.1,0.0,0.0,0.0,0.0,0.0,0.0,1.111111
grand_sim_v0_4,no_regime_ablation,trust_stability,0.1,0.5,federation_cluster_attack,low_stress,10,10,0,0.0,0.0,1.0,0.0,0.0,0.0,,,0.0
grand_sim_v0_4,no_regime_ablation,trust_stability,0.1,0.5,federation_cluster_attack,mid_stress,10,10,0,0.0,0.0,1.0,0.0,0.0,0.0,,,0.0
grand_sim_v0_4,no_regime_ablation,trust_stability,0.1,0.5,federation_cluster_attack,high_stress,10,10,0,1.0,0.3,0.0,0.0,0.0,0.0,0.0,0.0,1.285714
grand_sim_v0_4,no_regime_ablation,trust_stability,0.1,0.5,psi_corruption,low_stress,10,10,0,0.0,0.0,1.0,0.0,0.0,0.0,,,0.0
grand_sim_v0_4,no_regime_ablation,trust_stability,0.1,0.5,psi_corruption,mid_stress,10,10,0,0.0,0.0,1.0,0.0,0.0,0.0,,,0.0
grand_sim_v0_4,no_regime_ablation,trust_stability,0.1,0.5,psi_corruption,high_stress,10,10,0,1.0,0.3,0.0,0.0,0.0,0.0,0.0,0.0,1.142857
grand_sim_v0_4,no_regime_ablation,trust_stability,0.1,0.52,async_message_loss,low_stress,10,0,10,0.0,0.0,0.0,0.0,0.0,0.0,,,0.0
grand_sim_v0_4,no_regime_ablation,trust_stability,0.1,0.52,async_message_loss,mid_stress,10,0,10,0.0,0.0,0.0,0.0,0.0,0.0,,,0.0
grand_sim_v0_4,no_regime_ablation,trust_stability,0.1,0.52,async_message_loss,high_stress,10,10,0,1.0,0.8,0.0,0.0,0.375,0.0,0.0,1.0,1.0
grand_sim_v0_4,no_regime_ablation,trust_stability,0.1,0.52,federation_bridge_stress,low_stress,10,0,10,0.0,0.0,0.0,0.0,0.0,0.0,,,0.0
grand_sim_v0_4,no_regime_ablation,trust_stability,0.1,0.52,federation_bridge_stress,mid_stress,10,0,10,0.0,0.0,0.0,0.0,0.0,0.0,,,0.0
grand_sim_v0_4,no_regime_ablation,trust_stability,0.1,0.52,federation_bridge_stress,high_stress,10,10,0,1.0,0.0,0.0,0.0,0.0,0.0,,,1.8
grand_sim_v0_4,no_regime_ablation,trust_stability,0.1,0.52,federation_cluster_attack,low_stress,10,10,0,0.0,0.0,1.0,0.0,0.0,0.0,,,0.0
grand_sim_v0_4,no_regime_ablation,trust_stability,0.1,0.52,federation_cluster_attack,mid_stress,10,10,0,0.0,0.0,1.0,0.0,0.0,0.0,,,0.0
grand_sim_v0_4,no_regime_ablation,trust_stability,0.1,0.52,federation_cluster_attack,high_stress,10,10,0,1.0,0.0,0.0,0.0,0.0,0.0,,,1.7
grand_sim_v0_4,no_regime_ablation,trust_stability,0.1,0.52,psi_corruption,low_stress,10,10,0,0.0,0.0,1.0,0.0,0.0,0.0,,,0.0
grand_sim_v0_4,no_regime_ablation,trust_stability,0.1,0.52,psi_corruption,mid_stress,10,10,0,0.0,0.0,1.0,0.0,0.0,0.0,,,0.0
grand_sim_v0_4,no_regime_ablation,trust_stability,0.1,0.52,psi_corruption,high_stress,10,10,0,1.0,0.0,0.0,0.0,0.0,0.0,,,1.5
grand_sim_v0_4,no_regime_ablation,trust_stability,0.1,0.54,async_message_loss,low_stress,10,0,10,0.0,0.0,0.0,0.0,0.0,0.0,,,0.0
grand_sim_v0_4,no_regime_ablation,trust_stability,0.1,0.54,async_message_loss,mid_stress,10,0,10,0.0,0.0,0.0,0.0,0.0,0.0,,,0.0
grand_sim_v0_4,no_regime_ablation,trust_stability,0.1,0.54,async_message_loss,high_stress,10,10,0,1.0,0.3,0.0,0.0,0.0,0.0,0.0,0.0,1.142857
grand_sim_v0_4,no_regime_ablation,trust_stability,0.1,0.54,federation_bridge_stress,low_stress,10,0,10,0.0,0.0,0.0,0.0,0.0,0.0,,,0.0
grand_sim_v0_4,no_regime_ablation,trust_stability,0.1,0.54,federation_bridge_stress,mid_stress,10,0,10,0.0,0.0,0.0,0.0,0.0,0.0,,,0.0
grand_sim_v0_4,no_regime_ablation,trust_stability,0.1,0.54,federation_bridge_stress,high_stress,10,10,0,1.0,0.0,0.0,0.0,0.0,0.0,,,2.4
grand_sim_v0_4,no_regime_ablation,trust_stability,0.1,0.54,federation_cluster_attack,low_stress,10,10,0,0.0,0.0,1.0,0.0,0.0,0.0,,,0.0
grand_sim_v0_4,no_regime_ablation,trust_stability,0.1,0.54,federation_cluster_attack,mid_stress,10,10,0,0.0,0.0,1.0,0.0,0.0,0.0,,,0.0
grand_sim_v0_4,no_regime_ablation,trust_stability,0.1,0.54,federation_cluster_attack,high_stress,10,10,0,1.0,0.0,0.0,0.0,0.0,0.0,,,2.5
grand_sim_v0_4,no_regime_ablation,trust_stability,0.1,0.54,psi_corruption,low_stress,10,10,0,0.0,0.0,1.0,0.0,0.0,0.0,,,0.0
grand_sim_v0_4,no_regime_ablation,trust_stability,0.1,0.54,psi_corruption,mid_stress,10,10,0,0.0,0.0,1.0,0.0,0.0,0.0,,,0.0
grand_sim_v0_4,no_regime_ablation,trust_stability,0.1,0.54,psi_corruption,high_stress,10,10,0,1.0,0.0,0.0,0.0,0.0,0.0,,,2.1
grand_sim_v0_4,no_regime_ablation,trust_stability,0.1,0.56,async_message_loss,low_stress,10,0,10,0.0,0.0,0.0,0.0,0.0,0.0,,,0.0
grand_sim_v0_4,no_regime_ablation,trust_stability,0.1,0.56,async_message_loss,mid_stress,10,0,10,0.0,0.0,0.0,0.0,0.0,0.0,,,0.0
grand_sim_v0_4,no_regime_ablation,trust_stability,0.1,0.56,async_message_loss,high_stress,10,10,0,1.0,0.0,0.0,0.0,0.0,0.0,,,1.9
grand_sim_v0_4,no_regime_ablation,trust_stability,0.1,0.56,federation_bridge_stress,low_stress,10,0,10,0.0,0.0,0.0,0.0,0.0,0.0,,,0.0
grand_sim_v0_4,no_regime_ablation,trust_stability,0.1,0.56,federation_bridge_stress,mid_stress,10,0,10,0.0,0.0,0.0,0.0,0.0,0.0,,,0.0
grand_sim_v0_4,no_regime_ablation,trust_stability,0.1,0.56,federation_bridge_stress,high_stress,10,10,0,1.0,0.0,0.0,0.0,0.0,0.0,,,3.1
grand_sim_v0_4,no_regime_ablation,trust_stability,0.1,0.56,federation_cluster_attack,low_stress,10,10,0,0.0,0.0,1.0,0.0,0.0,0.0,,,0.0
grand_sim_v0_4,no_regime_ablation,trust_stability,0.1,0.56,federation_cluster_attack,mid_stress,10,10,0,0.0,0.0,1.0,0.0,0.0,0.0,,,0.0
grand_sim_v0_4,no_regime_ablation,trust_stability,0.1,0.56,federation_cluster_attack,high_stress,10,10,0,1.0,0.0,0.0,0.0,0.0,0.0,,,3.6
grand_sim_v0_4,no_regime_ablation,trust_stability,0.1,0.56,psi_corruption,low_stress,10,10,0,0.0,0.0,1.0,0.0,0.0,0.0,,,0.0
grand_sim_v0_4,no_regime_ablation,trust_stability,0.1,0.56,psi_corruption,mid_stress,10,10,0,0.0,0.0,1.0,0.0,0.0,0.0,,,0.0
grand_sim_v0_4,no_regime_ablation,trust_stability,0.1,0.56,psi_corruption,high_stress,10,10,0,1.0,0.0,0.0,0.0,0.0,0.0,,,3.0
grand_sim_v0_4,no_regime_ablation,trust_stability,0.1,0.58,async_message_loss,low_stress,10,0,10,0.0,0.0,0.0,0.0,0.0,0.0,,,0.0
grand_sim_v0_4,no_regime_ablation,trust_stability,0.1,0.58,async_message_loss,mid_stress,10,0,10,0.0,0.0,0.0,0.0,0.0,0.0,,,0.0
grand_sim_v0_4,no_regime_ablation,trust_stability,0.1,0.58,async_message_loss,high_stress,10,10,0,1.0,0.0,0.0,0.0,0.0,0.0,,,2.8
grand_sim_v0_4,no_regime_ablation,trust_stability,0.1,0.58,federation_bridge_stress,low_stress,10,0,10,0.0,0.0,0.0,0.0,0.0,0.0,,,0.0
grand_sim_v0_4,no_regime_ablation,trust_stability,0.1,0.58,federation_bridge_stress,mid_stress,10,0,10,0.0,0.0,0.0,0.0,0.0,0.0,,,0.0
grand_sim_v0_4,no_regime_ablation,trust_stability,0.1,0.58,federation_bridge_stress,high_stress,10,10,0,1.0,0.0,0.0,0.0,0.0,0.0,,,4.2
grand_sim_v0_4,no_regime_ablation,trust_stability,0.1,0.58,federation_cluster_attack,low_stress,10,10,0,0.0,0.0,1.0,0.0,0.0,0.0,,,0.0
grand_sim_v0_4,no_regime_ablation,trust_stability,0.1,0.58,federation_cluster_attack,mid_stress,10,10,0,0.0,0.0,1.0,0.0,0.0,0.0,,,0.0
grand_sim_v0_4,no_regime_ablation,trust_stability,0.1,0.58,federation_cluster_attack,high_stress,10,10,0,1.0,0.0,0.0,0.0,0.0,0.0,,,4.9
grand_sim_v0_4,no_regime_ablation,trust_stability,0.1,0.58,psi_corruption,low_stress,10,10,0,0.0,0.0,1.0,0.0,0.0,0.0,,,0.0
grand_sim_v0_4,no_regime_ablation,trust_stability,0.1,0.58,psi_corruption,mid_stress,10,10,0,0.0,0.0,1.0,0.0,0.0,0.0,,,0.0
grand_sim_v0_4,no_regime_ablation,trust_stability,0.1,0.58,psi_corruption,high_stress,10,10,0,1.0,0.0,0.0,0.0,0.0,0.0,,,4.0
grand_sim_v0_4,no_regime_ablation,trust_stability,0.1,0.6,async_message_loss,low_stress,10,0,10,0.0,0.0,0.0,0.0,0.0,0.0,,,0.0
grand_sim_v0_4,no_regime_ablation,trust_stability,0.1,0.6,async_message_loss,mid_stress,10,0,10,0.0,0.0,0.0,0.0,0.0,0.0,,,0.0
grand_sim_v0_4,no_regime_ablation,trust_stability,0.1,0.6,async_message_loss,high_stress,10,10,0,1.0,0.0,0.0,0.0,0.0,0.0,,,4.3
grand_sim_v0_4,no_regime_ablation,trust_stability,0.1,0.6,federation_bridge_stress,low_stress,10,0,10,0.0,0.0,0.0,0.0,0.0,0.0,,,0.0
grand_sim_v0_4,no_regime_ablation,trust_stability,0.1,0.6,federation_bridge_stress,mid_stress,10,0,10,0.0,0.0,0.0,0.0,0.0,0.0,,,0.0
grand_sim_v0_4,no_regime_ablation,trust_stability,0.1,0.6,federation_bridge_stress,high_stress,10,10,0,1.0,0.0,0.0,0.0,0.0,0.0,,,5.5
grand_sim_v0_4,no_regime_ablation,trust_stability,0.1,0.6,federation_cluster_attack,low_stress,10,10,0,0.0,0.0,1.0,0.0,0.0,0.0,,,0.0
grand_sim_v0_4,no_regime_ablation,trust_stability,0.1,0.6,federation_cluster_attack,mid_stress,10,10,0,0.0,0.0,1.0,0.0,0.0,0.0,,,0.0
grand_sim_v0_4,no_regime_ablation,trust_stability,0.1,0.6,federation_cluster_attack,high_stress,10,10,0,1.0,0.0,0.0,0.0,0.0,0.0,,,6.0
grand_sim_v0_4,no_regime_ablation,trust_stability,0.1,0.6,psi_corruption,low_stress,10,10,0,0.0,0.0,1.0,0.0,0.0,0.0,,,0.0
grand_sim_v0_4,no_regime_ablation,trust_stability,0.1,0.6,psi_corruption,mid_stress,10,10,0,0.0,0.0,1.0,0.0,0.0,0.0,,,0.0
grand_sim_v0_4,no_regime_ablation,trust_stability,0.1,0.6,psi_corruption,high_stress,10,10,0,1.0,0.0,0.0,0.0,0.0,0.0,,,5.3
grand_sim_v0_4,no_regime_renormalized,trust_stability,0.1,0.1,async_message_loss,low_stress,10,0,10,0.0,0.0,0.0,1.0,0.0,0.0,,,0.0
grand_sim_v0_4,no_regime_renormalized,trust_stability,0.1,0.1,async_message_loss,mid_stress,10,0,10,0.0,0.0,0.0,1.0,0.0,0.0,,,0.0
grand_sim_v0_4,no_regime_renormalized,trust_stability,0.1,0.1,async_message_loss,high_stress,10,10,0,1.0,1.0,0.0,0.0,31.4,31.0,29.0,33.0,0.0
grand_sim_v0_4,no_regime_renormalized,trust_stability,0.1,0.1,federation_bridge_stress,low_stress,10,0,10,0.0,0.0,0.0,1.0,0.0,0.0,,,0.0
grand_sim_v0_4,no_regime_renormalized,trust_stability,0.1,0.1,federation_bridge_stress,mid_stress,10,0,10,0.0,0.0,0.0,1.0,0.0,0.0,,,0.0
grand_sim_v0_4,no_regime_renormalized,trust_stability,0.1,0.1,federation_bridge_stress,high_stress,10,10,0,1.0,1.0,0.0,0.0,24.7,24.0,23.0,27.0,0.0
grand_sim_v0_4,no_regime_renormalized,trust_stability,0.1,0.1,federation_cluster_attack,low_stress,10,10,0,1.0,1.0,0.0,0.0,97.2,98.0,92.0,99.0,0.0
grand_sim_v0_4,no_regime_renormalized,trust_stability,0.1,0.1,federation_cluster_attack,mid_stress,10,10,0,1.0,1.0,0.0,0.0,65.9,66.0,62.0,67.0,0.0
grand_sim_v0_4,no_regime_renormalized,trust_stability,0.1,0.1,federation_cluster_attack,high_stress,10,10,0,1.0,1.0,0.0,0.0,26.5,27.0,25.0,28.0,0.0
grand_sim_v0_4,no_regime_renormalized,trust_stability,0.1,0.1,psi_corruption,low_stress,10,10,0,1.0,1.0,0.0,0.0,87.1,87.0,86.0,88.0,0.0
grand_sim_v0_4,no_regime_renormalized,trust_stability,0.1,0.1,psi_corruption,mid_stress,10,10,0,1.0,1.0,0.0,0.0,59.9,60.0,57.0,61.0,0.0
grand_sim_v0_4,no_regime_renormalized,trust_stability,0.1,0.1,psi_corruption,high_stress,10,10,0,1.0,1.0,0.0,0.0,24.6,24.0,23.0,27.0,0.0
grand_sim_v0_4,no_regime_renormalized,trust_stability,0.1,0.12,async_message_loss,low_stress,10,0,10,0.0,0.0,0.0,1.0,0.0,0.0,,,0.0
grand_sim_v0_4,no_regime_renormalized,trust_stability,0.1,0.12,async_message_loss,mid_stress,10,0,10,0.0,0.0,0.0,1.0,0.0,0.0,,,0.0
grand_sim_v0_4,no_regime_renormalized,trust_stability,0.1,0.12,async_message_loss,high_stress,10,10,0,1.0,1.0,0.0,0.0,31.4,31.0,29.0,33.0,0.0
grand_sim_v0_4,no_regime_renormalized,trust_stability,0.1,0.12,federation_bridge_stress,low_stress,10,0,10,0.0,0.0,0.0,1.0,0.0,0.0,,,0.0
grand_sim_v0_4,no_regime_renormalized,trust_stability,0.1,0.12,federation_bridge_stress,mid_stress,10,0,10,0.0,0.0,0.0,1.0,0.0,0.0,,,0.0
grand_sim_v0_4,no_regime_renormalized,trust_stability,0.1,0.12,federation_bridge_stress,high_stress,10,10,0,1.0,1.0,0.0,0.0,24.7,24.0,23.0,27.0,0.0
grand_sim_v0_4,no_regime_renormalized,trust_stability,0.1,0.12,federation_cluster_attack,low_stress,10,10,0,1.0,1.0,0.0,0.0,97.2,98.0,92.0,99.0,0.0
grand_sim_v0_4,no_regime_renormalized,trust_stability,0.1,0.12,federation_cluster_attack,mid_stress,10,10,0,1.0,1.0,0.0,0.0,65.9,66.0,62.0,67.0,0.0
grand_sim_v0_4,no_regime_renormalized,trust_stability,0.1,0.12,federation_cluster_attack,high_stress,10,10,0,1.0,1.0,0.0,0.0,26.5,27.0,25.0,28.0,0.0
grand_sim_v0_4,no_regime_renormalized,trust_stability,0.1,0.12,psi_corruption,low_stress,10,10,0,1.0,1.0,0.0,0.0,87.1,87.0,86.0,88.0,0.0
grand_sim_v0_4,no_regime_renormalized,trust_stability,0.1,0.12,psi_corruption,mid_stress,10,10,0,1.0,1.0,0.0,0.0,59.9,60.0,57.0,61.0,0.0
grand_sim_v0_4,no_regime_renormalized,trust_stability,0.1,0.12,psi_corruption,high_stress,10,10,0,1.0,1.0,0.0,0.0,24.6,24.0,23.0,27.0,0.0
grand_sim_v0_4,no_regime_renormalized,trust_stability,0.1,0.14,async_message_loss,low_stress,10,0,10,0.0,0.0,0.0,1.0,0.0,0.0,,,0.0
grand_sim_v0_4,no_regime_renormalized,trust_stability,0.1,0.14,async_message_loss,mid_stress,10,0,10,0.0,0.0,0.0,1.0,0.0,0.0,,,0.0
grand_sim_v0_4,no_regime_renormalized,trust_stability,0.1,0.14,async_message_loss,high_stress,10,10,0,1.0,1.0,0.0,0.0,31.4,31.0,29.0,33.0,0.0
grand_sim_v0_4,no_regime_renormalized,trust_stability,0.1,0.14,federation_bridge_stress,low_stress,10,0,10,0.0,0.0,0.0,1.0,0.0,0.0,,,0.0
grand_sim_v0_4,no_regime_renormalized,trust_stability,0.1,0.14,federation_bridge_stress,mid_stress,10,0,10,0.0,0.0,0.0,1.0,0.0,0.0,,,0.0
grand_sim_v0_4,no_regime_renormalized,trust_stability,0.1,0.14,federation_bridge_stress,high_stress,10,10,0,1.0,1.0,0.0,0.0,24.7,24.0,23.0,27.0,0.0
grand_sim_v0_4,no_regime_renormalized,trust_stability,0.1,0.14,federation_cluster_attack,low_stress,10,10,0,1.0,1.0,0.0,0.0,97.2,98.0,92.0,99.0,0.0
grand_sim_v0_4,no_regime_renormalized,trust_stability,0.1,0.14,federation_cluster_attack,mid_stress,10,10,0,1.0,1.0,0.0,0.0,65.9,66.0,62.0,67.0,0.0
grand_sim_v0_4,no_regime_renormalized,trust_stability,0.1,0.14,federation_cluster_attack,high_stress,10,10,0,1.0,1.0,0.0,0.0,26.5,27.0,25.0,28.0,0.0
grand_sim_v0_4,no_regime_renormalized,trust_stability,0.1,0.14,psi_corruption,low_stress,10,10,0,1.0,1.0,0.0,0.0,87.1,87.0,86.0,88.0,0.0
grand_sim_v0_4,no_regime_renormalized,trust_stability,0.1,0.14,psi_corruption,mid_stress,10,10,0,1.0,1.0,0.0,0.0,59.9,60.0,57.0,61.0,0.0
grand_sim_v0_4,no_regime_renormalized,trust_stability,0.1,0.14,psi_corruption,high_stress,10,10,0,1.0,1.0,0.0,0.0,24.6,24.0,23.0,27.0,0.0
grand_sim_v0_4,no_regime_renormalized,trust_stability,0.1,0.16,async_message_loss,low_stress,10,0,10,0.0,0.0,0.0,1.0,0.0,0.0,,,0.0
grand_sim_v0_4,no_regime_renormalized,trust_stability,0.1,0.16,async_message_loss,mid_stress,10,0,10,0.0,0.0,0.0,1.0,0.0,0.0,,,0.0
grand_sim_v0_4,no_regime_renormalized,trust_stability,0.1,0.16,async_message_loss,high_stress,10,10,0,1.0,1.0,0.0,0.0,31.4,31.0,29.0,33.0,0.0
grand_sim_v0_4,no_regime_renormalized,trust_stability,0.1,0.16,federation_bridge_stress,low_stress,10,0,10,0.0,0.0,0.0,1.0,0.0,0.0,,,0.0
grand_sim_v0_4,no_regime_renormalized,trust_stability,0.1,0.16,federation_bridge_stress,mid_stress,10,0,10,0.0,0.0,0.0,1.0,0.0,0.0,,,0.0
grand_sim_v0_4,no_regime_renormalized,trust_stability,0.1,0.16,federation_bridge_stress,high_stress,10,10,0,1.0,1.0,0.0,0.0,24.7,24.0,23.0,27.0,0.0
grand_sim_v0_4,no_regime_renormalized,trust_stability,0.1,0.16,federation_cluster_attack,low_stress,10,10,0,1.0,1.0,0.0,0.0,97.2,98.0,92.0,99.0,0.0
grand_sim_v0_4,no_regime_renormalized,trust_stability,0.1,0.16,federation_cluster_attack,mid_stress,10,10,0,1.0,1.0,0.0,0.0,65.9,66.0,62.0,67.0,0.0
grand_sim_v0_4,no_regime_renormalized,trust_stability,0.1,0.16,federation_cluster_attack,high_stress,10,10,0,1.0,1.0,0.0,0.0,26.5,27.0,25.0,28.0,0.0
grand_sim_v0_4,no_regime_renormalized,trust_stability,0.1,0.16,psi_corruption,low_stress,10,10,0,1.0,1.0,0.0,0.0,87.1,87.0,86.0,88.0,0.0
grand_sim_v0_4,no_regime_renormalized,trust_stability,0.1,0.16,psi_corruption,mid_stress,10,10,0,1.0,1.0,0.0,0.0,59.9,60.0,57.0,61.0,0.0
grand_sim_v0_4,no_regime_renormalized,trust_stability,0.1,0.16,psi_corruption,high_stress,10,10,0,1.0,1.0,0.0,0.0,24.6,24.0,23.0,27.0,0.0
grand_sim_v0_4,no_regime_renormalized,trust_stability,0.1,0.18,async_message_loss,low_stress,10,0,10,0.0,0.0,0.0,1.0,0.0,0.0,,,0.0
grand_sim_v0_4,no_regime_renormalized,trust_stability,0.1,0.18,async_message_loss,mid_stress,10,0,10,0.0,0.0,0.0,1.0,0.0,0.0,,,0.0
grand_sim_v0_4,no_regime_renormalized,trust_stability,0.1,0.18,async_message_loss,high_stress,10,10,0,1.0,1.0,0.0,0.0,31.4,31.0,29.0,33.0,0.0
grand_sim_v0_4,no_regime_renormalized,trust_stability,0.1,0.18,federation_bridge_stress,low_stress,10,0,10,0.0,0.0,0.0,1.0,0.0,0.0,,,0.0
grand_sim_v0_4,no_regime_renormalized,trust_stability,0.1,0.18,federation_bridge_stress,mid_stress,10,0,10,0.0,0.0,0.0,1.0,0.0,0.0,,,0.0
grand_sim_v0_4,no_regime_renormalized,trust_stability,0.1,0.18,federation_bridge_stress,high_stress,10,10,0,1.0,1.0,0.0,0.0,24.7,24.0,23.0,27.0,0.0
grand_sim_v0_4,no_regime_renormalized,trust_stability,0.1,0.18,federation_cluster_attack,low_stress,10,10,0,1.0,1.0,0.0,0.0,97.2,98.0,92.0,99.0,0.0
grand_sim_v0_4,no_regime_renormalized,trust_stability,0.1,0.18,federation_cluster_attack,mid_stress,10,10,0,1.0,1.0,0.0,0.0,65.9,66.0,62.0,67.0,0.0
grand_sim_v0_4,no_regime_renormalized,trust_stability,0.1,0.18,federation_cluster_attack,high_stress,10,10,0,1.0,1.0,0.0,0.0,26.5,27.0,25.0,28.0,0.0
grand_sim_v0_4,no_regime_renormalized,trust_stability,0.1,0.18,psi_corruption,low_stress,10,10,0,1.0,1.0,0.0,0.0,87.1,87.0,86.0,88.0,0.0
grand_sim_v0_4,no_regime_renormalized,trust_stability,0.1,0.18,psi_corruption,mid_stress,10,10,0,1.0,1.0,0.0,0.0,59.9,60.0,57.0,61.0,0.0
grand_sim_v0_4,no_regime_renormalized,trust_stability,0.1,0.18,psi_corruption,high_stress,10,10,0,1.0,1.0,0.0,0.0,24.6,24.0,23.0,27.0,0.0
grand_sim_v0_4,no_regime_renormalized,trust_stability,0.1,0.2,async_message_loss,low_stress,10,0,10,0.0,0.0,0.0,1.0,0.0,0.0,,,0.0
grand_sim_v0_4,no_regime_renormalized,trust_stability,0.1,0.2,async_message_loss,mid_stress,10,0,10,0.0,0.0,0.0,1.0,0.0,0.0,,,0.0
grand_sim_v0_4,no_regime_renormalized,trust_stability,0.1,0.2,async_message_loss,high_stress,10,10,0,1.0,1.0,0.0,0.0,31.4,31.0,29.0,33.0,0.0
grand_sim_v0_4,no_regime_renormalized,trust_stability,0.1,0.2,federation_bridge_stress,low_stress,10,0,10,0.0,0.0,0.0,1.0,0.0,0.0,,,0.0
grand_sim_v0_4,no_regime_renormalized,trust_stability,0.1,0.2,federation_bridge_stress,mid_stress,10,0,10,0.0,0.0,0.0,1.0,0.0,0.0,,,0.0
grand_sim_v0_4,no_regime_renormalized,trust_stability,0.1,0.2,federation_bridge_stress,high_stress,10,10,0,1.0,1.0,0.0,0.0,24.7,24.0,23.0,27.0,0.0
grand_sim_v0_4,no_regime_renormalized,trust_stability,0.1,0.2,federation_cluster_attack,low_stress,10,10,0,1.0,1.0,0.0,0.0,97.2,98.0,92.0,99.0,0.0
grand_sim_v0_4,no_regime_renormalized,trust_stability,0.1,0.2,federation_cluster_attack,mid_stress,10,10,0,1.0,1.0,0.0,0.0,65.9,66.0,62.0,67.0,0.0
grand_sim_v0_4,no_regime_renormalized,trust_stability,0.1,0.2,federation_cluster_attack,high_stress,10,10,0,1.0,1.0,0.0,0.0,26.5,27.0,25.0,28.0,0.0
grand_sim_v0_4,no_regime_renormalized,trust_stability,0.1,0.2,psi_corruption,low_stress,10,10,0,1.0,1.0,0.0,0.0,87.1,87.0,86.0,88.0,0.0
grand_sim_v0_4,no_regime_renormalized,trust_stability,0.1,0.2,psi_corruption,mid_stress,10,10,0,1.0,1.0,0.0,0.0,59.9,60.0,57.0,61.0,0.0
grand_sim_v0_4,no_regime_renormalized,trust_stability,0.1,0.2,psi_corruption,high_stress,10,10,0,1.0,1.0,0.0,0.0,24.6,24.0,23.0,27.0,0.0
grand_sim_v0_4,no_regime_renormalized,trust_stability,0.1,0.22,async_message_loss,low_stress,10,0,10,0.0,0.0,0.0,0.5,0.0,0.0,,,0.0
grand_sim_v0_4,no_regime_renormalized,trust_stability,0.1,0.22,async_message_loss,mid_stress,10,0,10,0.0,0.0,0.0,1.0,0.0,0.0,,,0.0
grand_sim_v0_4,no_regime_renormalized,trust_stability,0.1,0.22,async_message_loss,high_stress,10,10,0,1.0,1.0,0.0,0.0,31.4,31.0,29.0,33.0,0.0
grand_sim_v0_4,no_regime_renormalized,trust_stability,0.1,0.22,federation_bridge_stress,low_stress,10,0,10,0.0,0.0,0.0,0.0,0.0,0.0,,,0.0
grand_sim_v0_4,no_regime_renormalized,trust_stability,0.1,0.22,federation_bridge_stress,mid_stress,10,0,10,0.0,0.0,0.0,0.4,0.0,0.0,,,0.0
grand_sim_v0_4,no_regime_renormalized,trust_stability,0.1,0.22,federation_bridge_stress,high_stress,10,10,0,1.0,1.0,0.0,0.0,24.7,24.0,23.0,27.0,0.0
grand_sim_v0_4,no_regime_renormalized,trust_stability,0.1,0.22,federation_cluster_attack,low_stress,10,10,0,1.0,1.0,0.0,0.0,26.2,26.0,22.0,28.0,0.0
grand_sim_v0_4,no_regime_renormalized,trust_stability,0.1,0.22,federation_cluster_attack,mid_stress,10,10,0,1.0,1.0,0.0,0.0,45.6,66.0,12.0,67.0,0.0
grand_sim_v0_4,no_regime_renormalized,trust_stability,0.1,0.22,federation_cluster_attack,high_stress,10,10,0,1.0,1.0,0.0,0.0,26.5,27.0,25.0,28.0,0.0
grand_sim_v0_4,no_regime_renormalized,trust_stability,0.1,0.22,psi_corruption,low_stress,10,10,0,1.0,1.0,0.0,0.0,24.8,25.0,24.0,26.0,0.0
grand_sim_v0_4,no_regime_renormalized,trust_stability,0.1,0.22,psi_corruption,mid_stress,10,10,0,1.0,1.0,0.0,0.0,31.4,13.0,10.0,61.0,0.0
grand_sim_v0_4,no_regime_renormalized,trust_stability,0.1,0.22,psi_corruption,high_stress,10,10,0,1.0,1.0,0.0,0.0,24.6,24.0,23.0,27.0,0.0
grand_sim_v0_4,no_regime_renormalized,trust_stability,0.1,0.24,async_message_loss,low_stress,10,0,10,0.0,0.0,0.0,0.0,0.0,0.0,,,0.0
grand_sim_v0_4,no_regime_renormalized,trust_stability,0.1,0.24,async_message_loss,mid_stress,10,0,10,0.0,0.0,0.0,0.0,0.0,0.0,,,0.0
grand_sim_v0_4,no_regime_renormalized,trust_stability,0.1,0.24,async_message_loss,high_stress,10,10,0,1.0,1.0,0.0,0.0,25.0,25.0,24.0,27.0,0.0
grand_sim_v0_4,no_regime_renormalized,trust_stability,0.1,0.24,federation_bridge_stress,low_stress,10,0,10,0.0,0.0,0.0,0.0,0.0,0.0,,,0.0
grand_sim_v0_4,no_regime_renormalized,trust_stability,0.1,0.24,federation_bridge_stress,mid_stress,10,0,10,0.0,0.0,0.0,0.0,0.0,0.0,,,0.0
grand_sim_v0_4,no_regime_renormalized,trust_stability,0.1,0.24,federation_bridge_stress,high_stress,10,10,0,1.0,1.0,0.0,0.0,17.9,18.0,16.0,19.0,0.0
grand_sim_v0_4,no_regime_renormalized,trust_stability,0.1,0.24,federation_cluster_attack,low_stress,10,10,0,1.0,1.0,0.0,0.0,24.5,25.0,20.0,27.0,0.0
grand_sim_v0_4,no_regime_renormalized,trust_stability,0.1,0.24,federation_cluster_attack,mid_stress,10,10,0,1.0,1.0,0.0,0.0,14.0,14.0,11.0,15.0,0.0
grand_sim_v0_4,no_regime_renormalized,trust_stability,0.1,0.24,federation_cluster_attack,high_stress,10,10,0,1.0,1.0,0.0,0.0,18.7,18.0,18.0,21.0,0.0
grand_sim_v0_4,no_regime_renormalized,trust_stability,0.1,0.24,psi_corruption,low_stress,10,10,0,1.0,1.0,0.0,0.0,22.3,22.0,21.0,24.0,0.0
grand_sim_v0_4,no_regime_renormalized,trust_stability,0.1,0.24,psi_corruption,mid_stress,10,10,0,1.0,1.0,0.0,0.0,11.5,12.0,9.0,13.0,0.0
grand_sim_v0_4,no_regime_renormalized,trust_stability,0.1,0.24,psi_corruption,high_stress,10,10,0,1.0,1.0,0.0,0.0,18.2,18.0,17.0,20.0,0.0
grand_sim_v0_4,no_regime_renormalized,trust_stability,0.1,0.26,async_message_loss,low_stress,10,0,10,0.0,0.0,0.0,0.0,0.0,0.0,,,0.0
grand_sim_v0_4,no_regime_renormalized,trust_stability,0.1,0.26,async_message_loss,mid_stress,10,0,10,0.0,0.0,0.0,0.0,0.0,0.0,,,0.0
grand_sim_v0_4,no_regime_renormalized,trust_stability,0.1,0.26,async_message_loss,high_stress,10,10,0,1.0,1.0,0.0,0.0,20.4,20.0,19.0,22.0,0.0
grand_sim_v0_4,no_regime_renormalized,trust_stability,0.1,0.26,federation_bridge_stress,low_stress,10,0,10,0.0,0.0,0.0,0.0,0.0,0.0,,,0.0
grand_sim_v0_4,no_regime_renormalized,trust_stability,0.1,0.26,federation_bridge_stress,mid_stress,10,0,10,0.0,0.0,0.0,0.0,0.0,0.0,,,0.0
grand_sim_v0_4,no_regime_renormalized,trust_stability,0.1,0.26,federation_bridge_stress,high_stress,10,10,0,1.0,1.0,0.0,0.0,14.1,14.0,13.0,15.0,0.0
grand_sim_v0_4,no_regime_renormalized,trust_stability,0.1,0.26,federation_cluster_attack,low_stress,10,10,0,1.0,1.0,0.0,0.0,22.6,23.0,18.0,25.0,0.0
grand_sim_v0_4,no_regime_renormalized,trust_stability,0.1,0.26,federation_cluster_attack,mid_stress,10,10,0,1.0,1.0,0.0,0.0,12.9,13.0,10.0,14.0,0.0
grand_sim_v0_4,no_regime_renormalized,trust_stability,0.1,0.26,federation_cluster_attack,high_stress,10,10,0,1.0,1.0,0.0,0.0,14.9,15.0,14.0,17.0,0.0
grand_sim_v0_4,no_regime_renormalized,trust_stability,0.1,0.26,psi_corruption,low_stress,10,10,0,1.0,1.0,0.0,0.0,20.0,20.0,19.0,22.0,0.0
grand_sim_v0_4,no_regime_renormalized,trust_stability,0.1,0.26,psi_corruption,mid_stress,10,10,0,1.0,1.0,0.0,0.0,10.5,11.0,8.0,12.0,0.0
grand_sim_v0_4,no_regime_renormalized,trust_stability,0.1,0.26,psi_corruption,high_stress,10,10,0,1.0,1.0,0.0,0.0,14.5,14.0,13.0,16.0,0.0
grand_sim_v0_4,no_regime_renormalized,trust_stability,0.1,0.28,async_message_loss,low_stress,10,0,10,0.0,0.0,0.0,0.0,0.0,0.0,,,0.0
grand_sim_v0_4,no_regime_renormalized,trust_stability,0.1,0.28,async_message_loss,mid_stress,10,0,10,0.0,0.0,0.0,0.0,0.0,0.0,,,0.0
grand_sim_v0_4,no_regime_renormalized,trust_stability,0.1,0.28,async_message_loss,high_stress,10,10,0,1.0,1.0,0.0,0.0,17.4,17.0,16.0,19.0,0.0
grand_sim_v0_4,no_regime_renormalized,trust_stability,0.1,0.28,federation_bridge_stress,low_stress,10,0,10,0.0,0.0,0.0,0.0,0.0,0.0,,,0.0
grand_sim_v0_4,no_regime_renormalized,trust_stability,0.1,0.28,federation_bridge_stress,mid_stress,10,0,10,0.0,0.0,0.0,0.0,0.0,0.0,,,0.0
grand_sim_v0_4,no_regime_renormalized,trust_stability,0.1,0.28,federation_bridge_stress,high_stress,10,10,0,1.0,1.0,0.0,0.0,11.7,12.0,11.0,12.0,0.0
grand_sim_v0_4,no_regime_renormalized,trust_stability,0.1,0.28,federation_cluster_attack,low_stress,10,10,0,1.0,1.0,0.0,0.0,20.7,21.0,16.0,23.0,0.0
grand_sim_v0_4,no_regime_renormalized,trust_stability,0.1,0.28,federation_cluster_attack,mid_stress,10,10,0,1.0,1.0,0.0,0.0,11.9,12.0,9.0,13.0,0.0
grand_sim_v0_4,no_regime_renormalized,trust_stability,0.1,0.28,federation_cluster_attack,high_stress,10,10,0,1.0,1.0,0.0,0.0,12.1,12.0,11.0,14.0,0.0
grand_sim_v0_4,no_regime_renormalized,trust_stability,0.1,0.28,psi_corruption,low_stress,10,10,0,1.0,1.0,0.0,0.0,18.0,18.0,17.0,20.0,0.0
grand_sim_v0_4,no_regime_renormalized,trust_stability,0.1,0.28,psi_corruption,mid_stress,10,10,0,1.0,1.0,0.0,0.0,9.7,10.0,7.0,11.0,0.0
grand_sim_v0_4,no_regime_renormalized,trust_stability,0.1,0.28,psi_corruption,high_stress,10,10,0,1.0,1.0,0.0,0.0,12.0,12.0,11.0,14.0,0.0
grand_sim_v0_4,no_regime_renormalized,trust_stability,0.1,0.3,async_message_loss,low_stress,10,0,10,0.0,0.0,0.0,0.0,0.0,0.0,,,0.0
grand_sim_v0_4,no_regime_renormalized,trust_stability,0.1,0.3,async_message_loss,mid_stress,10,0,10,0.0,0.0,0.0,0.0,0.0,0.0,,,0.0
grand_sim_v0_4,no_regime_renormalized,trust_stability,0.1,0.3,async_message_loss,high_stress,10,10,0,1.0,1.0,0.0,0.0,15.1,15.0,14.0,16.0,0.0
grand_sim_v0_4,no_regime_renormalized,trust_stability,0.1,0.3,federation_bridge_stress,low_stress,10,0,10,0.0,0.0,0.0,0.0,0.0,0.0,,,0.0
grand_sim_v0_4,no_regime_renormalized,trust_stability,0.1,0.3,federation_bridge_stress,mid_stress,10,0,10,0.0,0.0,0.0,0.0,0.0,0.0,,,0.0
grand_sim_v0_4,no_regime_renormalized,trust_stability,0.1,0.3,federation_bridge_stress,high_stress,10,10,0,1.0,1.0,0.0,0.0,10.0,10.0,9.0,11.0,0.0
grand_sim_v0_4,no_regime_renormalized,trust_stability,0.1,0.3,federation_cluster_attack,low_stress,10,10,0,1.0,1.0,0.0,0.0,19.0,19.0,15.0,21.0,0.0
grand_sim_v0_4,no_regime_renormalized,trust_stability,0.1,0.3,federation_cluster_attack,mid_stress,10,10,0,1.0,1.0,0.0,0.0,10.9,11.0,8.0,12.0,0.0
grand_sim_v0_4,no_regime_renormalized,trust_stability,0.1,0.3,federation_cluster_attack,high_stress,10,10,0,1.0,1.0,0.0,0.0,10.6,10.0,10.0,12.0,0.0
grand_sim_v0_4,no_regime_renormalized,trust_stability,0.1,0.3,psi_corruption,low_stress,10,10,0,1.0,1.0,0.0,0.0,16.4,16.0,15.0,19.0,0.0
grand_sim_v0_4,no_regime_renormalized,trust_stability,0.1,0.3,psi_corruption,mid_stress,10,10,0,1.0,1.0,0.0,0.0,9.0,9.0,6.0,10.0,0.0
grand_sim_v0_4,no_regime_renormalized,trust_stability,0.1,0.3,psi_corruption,high_stress,10,10,0,1.0,1.0,0.0,0.0,10.1,10.0,9.0,12.0,0.0
grand_sim_v0_4,no_regime_renormalized,trust_stability,0.1,0.32,async_message_loss,low_stress,10,0,10,0.0,0.0,0.0,0.0,0.0,0.0,,,0.0
grand_sim_v0_4,no_regime_renormalized,trust_stability,0.1,0.32,async_message_loss,mid_stress,10,0,10,0.0,0.0,0.0,0.0,0.0,0.0,,,0.0
grand_sim_v0_4,no_regime_renormalized,trust_stability,0.1,0.32,async_message_loss,high_stress,10,10,0,1.0,1.0,0.0,0.0,13.2,13.0,12.0,14.0,0.0
grand_sim_v0_4,no_regime_renormalized,trust_stability,0.1,0.32,federation_bridge_stress,low_stress,10,0,10,0.0,0.0,0.0,0.0,0.0,0.0,,,0.0
grand_sim_v0_4,no_regime_renormalized,trust_stability,0.1,0.32,federation_bridge_stress,mid_stress,10,0,10,0.0,0.0,0.0,0.0,0.0,0.0,,,0.0
grand_sim_v0_4,no_regime_renormalized,trust_stability,0.1,0.32,federation_bridge_stress,high_stress,10,10,0,1.0,1.0,0.0,0.0,8.5,9.0,7.0,9.0,0.0
grand_sim_v0_4,no_regime_renormalized,trust_stability,0.1,0.32,federation_cluster_attack,low_stress,10,10,0,1.0,1.0,0.0,0.0,17.5,18.0,13.0,20.0,0.0
grand_sim_v0_4,no_regime_renormalized,trust_stability,0.1,0.32,federation_cluster_attack,mid_stress,10,10,0,1.0,1.0,0.0,0.0,10.0,10.0,7.0,12.0,0.0
grand_sim_v0_4,no_regime_renormalized,trust_stability,0.1,0.32,federation_cluster_attack,high_stress,10,10,0,1.0,1.0,0.0,0.0,9.0,9.0,8.0,10.0,0.0
grand_sim_v0_4,no_regime_renormalized,trust_stability,0.1,0.32,psi_corruption,low_stress,10,10,0,1.0,1.0,0.0,0.0,15.0,15.0,14.0,17.0,0.0
grand_sim_v0_4,no_regime_renormalized,trust_stability,0.1,0.32,psi_corruption,mid_stress,10,10,0,1.0,1.0,0.0,0.0,8.2,8.0,6.0,9.0,0.0
grand_sim_v0_4,no_regime_renormalized,trust_stability,0.1,0.32,psi_corruption,high_stress,10,10,0,1.0,1.0,0.0,0.0,8.8,8.0,8.0,10.0,0.0
grand_sim_v0_4,no_regime_renormalized,trust_stability,0.1,0.34,async_message_loss,low_stress,10,0,10,0.0,0.0,0.0,0.0,0.0,0.0,,,0.0
grand_sim_v0_4,no_regime_renormalized,trust_stability,0.1,0.34,async_message_loss,mid_stress,10,0,10,0.0,0.0,0.0,0.0,0.0,0.0,,,0.0
grand_sim_v0_4,no_regime_renormalized,trust_stability,0.1,0.34,async_message_loss,high_stress,10,10,0,1.0,1.0,0.0,0.0,11.8,11.0,11.0,13.0,0.0
grand_sim_v0_4,no_regime_renormalized,trust_stability,0.1,0.34,federation_bridge_stress,low_stress,10,0,10,0.0,0.0,0.0,0.0,0.0,0.0,,,0.0
grand_sim_v0_4,no_regime_renormalized,trust_stability,0.1,0.34,federation_bridge_stress,mid_stress,10,0,10,0.0,0.0,0.0,0.0,0.0,0.0,,,0.0
grand_sim_v0_4,no_regime_renormalized,trust_stability,0.1,0.34,federation_bridge_stress,high_stress,10,10,0,1.0,1.0,0.0,0.0,7.2,7.0,6.0,8.0,0.0
grand_sim_v0_4,no_regime_renormalized,trust_stability,0.1,0.34,federation_cluster_attack,low_stress,10,10,0,1.0,1.0,0.0,0.0,15.9,16.0,12.0,18.0,0.0
grand_sim_v0_4,no_regime_renormalized,trust_stability,0.1,0.34,federation_cluster_attack,mid_stress,10,10,0,1.0,1.0,0.0,0.0,9.3,9.0,6.0,11.0,0.0
grand_sim_v0_4,no_regime_renormalized,trust_stability,0.1,0.34,federation_cluster_attack,high_stress,10,10,0,1.0,1.0,0.0,0.0,7.4,7.0,7.0,8.0,0.0
grand_sim_v0_4,no_regime_renormalized,trust_stability,0.1,0.34,psi_corruption,low_stress,10,10,0,1.0,1.0,0.0,0.0,13.7,13.0,13.0,15.0,0.0
grand_sim_v0_4,no_regime_renormalized,trust_stability,0.1,0.34,psi_corruption,mid_stress,10,10,0,1.0,1.0,0.0,0.0,7.5,8.0,5.0,9.0,0.0
grand_sim_v0_4,no_regime_renormalized,trust_stability,0.1,0.34,psi_corruption,high_stress,10,10,0,1.0,1.0,0.0,0.0,7.4,7.0,6.0,9.0,0.0
grand_sim_v0_4,no_regime_renormalized,trust_stability,0.1,0.36,async_message_loss,low_stress,10,0,10,0.0,0.0,0.0,0.0,0.0,0.0,,,0.0
grand_sim_v0_4,no_regime_renormalized,trust_stability,0.1,0.36,async_message_loss,mid_stress,10,0,10,0.0,0.0,0.0,0.0,0.0,0.0,,,0.0
grand_sim_v0_4,no_regime_renormalized,trust_stability,0.1,0.36,async_message_loss,high_stress,10,10,0,1.0,1.0,0.0,0.0,10.2,10.0,9.0,11.0,0.0
grand_sim_v0_4,no_regime_renormalized,trust_stability,0.1,0.36,federation_bridge_stress,low_stress,10,0,10,0.0,0.0,0.0,0.0,0.0,0.0,,,0.0
grand_sim_v0_4,no_regime_renormalized,trust_stability,0.1,0.36,federation_bridge_stress,mid_stress,10,0,10,0.0,0.0,0.0,0.0,0.0,0.0,,,0.0
grand_sim_v0_4,no_regime_renormalized,trust_stability,0.1,0.36,federation_bridge_stress,high_stress,10,10,0,1.0,1.0,0.0,0.0,5.9,6.0,5.0,7.0,0.0
grand_sim_v0_4,no_regime_renormalized,trust_stability,0.1,0.36,federation_cluster_attack,low_stress,10,10,0,1.0,1.0,0.0,0.0,14.4,15.0,10.0,17.0,0.0
grand_sim_v0_4,no_regime_renormalized,trust_stability,0.1,0.36,federation_cluster_attack,mid_stress,10,10,0,1.0,1.0,0.0,0.0,8.5,9.0,5.0,10.0,0.0
grand_sim_v0_4,no_regime_renormalized,trust_stability,0.1,0.36,federation_cluster_attack,high_stress,10,10,0,1.0,1.0,0.0,0.0,6.2,6.0,5.0,7.0,0.0
grand_sim_v0_4,no_regime_renormalized,trust_stability,0.1,0.36,psi_corruption,low_stress,10,10,0,1.0,1.0,0.0,0.0,12.2,12.0,11.0,14.0,0.0
grand_sim_v0_4,no_regime_renormalized,trust_stability,0.1,0.36,psi_corruption,mid_stress,10,10,0,1.0,1.0,0.0,0.0,6.6,7.0,4.0,8.0,0.0
grand_sim_v0_4,no_regime_renormalized,trust_stability,0.1,0.36,psi_corruption,high_stress,10,10,0,1.0,1.0,0.0,0.0,6.3,6.0,5.0,8.0,0.0
grand_sim_v0_4,no_regime_renormalized,trust_stability,0.1,0.38,async_message_loss,low_stress,10,0,10,0.0,0.0,0.0,0.0,0.0,0.0,,,0.0
grand_sim_v0_4,no_regime_renormalized,trust_stability,0.1,0.38,async_message_loss,mid_stress,10,0,10,0.0,0.0,0.0,0.0,0.0,0.0,,,0.0
grand_sim_v0_4,no_regime_renormalized,trust_stability,0.1,0.38,async_message_loss,high_stress,10,10,0,1.0,1.0,0.0,0.0,9.1,9.0,8.0,10.0,0.0
grand_sim_v0_4,no_regime_renormalized,trust_stability,0.1,0.38,federation_bridge_stress,low_stress,10,0,10,0.0,0.0,0.0,0.0,0.0,0.0,,,0.0
grand_sim_v0_4,no_regime_renormalized,trust_stability,0.1,0.38,federation_bridge_stress,mid_stress,10,0,10,0.0,0.0,0.0,0.0,0.0,0.0,,,0.0
grand_sim_v0_4,no_regime_renormalized,trust_stability,0.1,0.38,federation_bridge_stress,high_stress,10,10,0,1.0,1.0,0.0,0.0,5.1,5.0,4.0,6.0,0.0
grand_sim_v0_4,no_regime_renormalized,trust_stability,0.1,0.38,federation_cluster_attack,low_stress,10,10,0,1.0,1.0,0.0,0.0,13.1,14.0,9.0,15.0,0.0
grand_sim_v0_4,no_regime_renormalized,trust_stability,0.1,0.38,federation_cluster_attack,mid_stress,10,10,0,1.0,1.0,0.0,0.0,7.5,8.0,4.0,9.0,0.0
grand_sim_v0_4,no_regime_renormalized,trust_stability,0.1,0.38,federation_cluster_attack,high_stress,10,10,0,1.0,1.0,0.0,0.0,5.2,5.0,4.0,6.0,0.0
grand_sim_v0_4,no_regime_renormalized,trust_stability,0.1,0.38,psi_corruption,low_stress,10,10,0,1.0,1.0,0.0,0.0,10.9,11.0,10.0,13.0,0.0
grand_sim_v0_4,no_regime_renormalized,trust_stability,0.1,0.38,psi_corruption,mid_stress,10,10,0,1.0,1.0,0.0,0.0,6.2,6.0,4.0,7.0,0.0
grand_sim_v0_4,no_regime_renormalized,trust_stability,0.1,0.38,psi_corruption,high_stress,10,10,0,1.0,1.0,0.0,0.0,5.4,5.0,4.0,7.0,0.0
grand_sim_v0_4,no_regime_renormalized,trust_stability,0.1,0.4,async_message_loss,low_stress,10,0,10,0.0,0.0,0.0,0.0,0.0,0.0,,,0.0
grand_sim_v0_4,no_regime_renormalized,trust_stability,0.1,0.4,async_message_loss,mid_stress,10,0,10,0.0,0.0,0.0,0.0,0.0,0.0,,,0.0
grand_sim_v0_4,no_regime_renormalized,trust_stability,0.1,0.4,async_message_loss,high_stress,10,10,0,1.0,1.0,0.0,0.0,8.0,8.0,7.0,9.0,0.0
grand_sim_v0_4,no_regime_renormalized,trust_stability,0.1,0.4,federation_bridge_stress,low_stress,10,0,10,0.0,0.0,0.0,0.0,0.0,0.0,,,0.0
grand_sim_v0_4,no_regime_renormalized,trust_stability,0.1,0.4,federation_bridge_stress,mid_stress,10,0,10,0.0,0.0,0.0,0.0,0.0,0.0,,,0.0
grand_sim_v0_4,no_regime_renormalized,trust_stability,0.1,0.4,federation_bridge_stress,high_stress,10,10,0,1.0,1.0,0.0,0.0,4.0,4.0,3.0,5.0,0.0
grand_sim_v0_4,no_regime_renormalized,trust_stability,0.1,0.4,federation_cluster_attack,low_stress,10,10,0,1.0,1.0,0.0,0.0,11.5,12.0,7.0,14.0,0.0
grand_sim_v0_4,no_regime_renormalized,trust_stability,0.1,0.4,federation_cluster_attack,mid_stress,10,10,0,1.0,1.0,0.0,0.0,5.6,6.0,4.0,7.0,0.0
grand_sim_v0_4,no_regime_renormalized,trust_stability,0.1,0.4,federation_cluster_attack,high_stress,10,10,0,1.0,1.0,0.0,0.0,4.4,4.0,4.0,5.0,0.0
grand_sim_v0_4,no_regime_renormalized,trust_stability,0.1,0.4,psi_corruption,low_stress,10,10,0,1.0,1.0,0.0,0.0,9.7,9.0,8.0,12.0,0.0
grand_sim_v0_4,no_regime_renormalized,trust_stability,0.1,0.4,psi_corruption,mid_stress,10,10,0,1.0,1.0,0.0,0.0,4.9,5.0,3.0,7.0,0.0
grand_sim_v0_4,no_regime_renormalized,trust_stability,0.1,0.4,psi_corruption,high_stress,10,10,0,1.0,1.0,0.0,0.0,4.4,4.0,3.0,6.0,0.0
grand_sim_v0_4,no_regime_renormalized,trust_stability,0.1,0.42,async_message_loss,low_stress,10,0,10,0.0,0.0,0.0,0.0,0.0,0.0,,,0.0
grand_sim_v0_4,no_regime_renormalized,trust_stability,0.1,0.42,async_message_loss,mid_stress,10,0,10,0.0,0.0,0.0,0.0,0.0,0.0,,,0.0
grand_sim_v0_4,no_regime_renormalized,trust_stability,0.1,0.42,async_message_loss,high_stress,10,10,0,1.0,1.0,0.0,0.0,7.0,7.0,6.0,8.0,0.0
grand_sim_v0_4,no_regime_renormalized,trust_stability,0.1,0.42,federation_bridge_stress,low_stress,10,0,10,0.0,0.0,0.0,0.0,0.0,0.0,,,0.0
grand_sim_v0_4,no_regime_renormalized,trust_stability,0.1,0.42,federation_bridge_stress,mid_stress,10,0,10,0.0,0.0,0.0,0.0,0.0,0.0,,,0.0
grand_sim_v0_4,no_regime_renormalized,trust_stability,0.1,0.42,federation_bridge_stress,high_stress,10,10,0,1.0,1.0,0.0,0.0,3.3,3.0,2.0,4.0,0.0
grand_sim_v0_4,no_regime_renormalized,trust_stability,0.1,0.42,federation_cluster_attack,low_stress,10,10,0,1.0,1.0,0.0,0.0,5.6,6.0,3.0,9.0,0.0
grand_sim_v0_4,no_regime_renormalized,trust_stability,0.1,0.42,federation_cluster_attack,mid_stress,10,10,0,1.0,1.0,0.0,0.0,2.2,2.0,0.0,3.0,0.0
grand_sim_v0_4,no_regime_renormalized,trust_stability,0.1,0.42,federation_cluster_attack,high_stress,10,10,0,1.0,1.0,0.0,0.0,3.4,3.0,3.0,4.0,0.0
grand_sim_v0_4,no_regime_renormalized,trust_stability,0.1,0.42,psi_corruption,low_stress,10,10,0,1.0,1.0,0.0,0.0,4.9,4.0,3.0,7.0,0.0
grand_sim_v0_4,no_regime_renormalized,trust_stability,0.1,0.42,psi_corruption,mid_stress,10,10,0,1.0,1.0,0.0,0.0,2.5,2.0,1.0,4.0,0.0
grand_sim_v0_4,no_regime_renormalized,trust_stability,0.1,0.42,psi_corruption,high_stress,10,10,0,1.0,1.0,0.0,0.0,3.5,3.0,2.0,5.0,0.0
grand_sim_v0_4,no_regime_renormalized,trust_stability,0.1,0.44,async_message_loss,low_stress,10,0,10,0.0,0.0,0.0,0.0,0.0,0.0,,,0.0
grand_sim_v0_4,no_regime_renormalized,trust_stability,0.1,0.44,async_message_loss,mid_stress,10,0,10,0.0,0.0,0.0,0.0,0.0,0.0,,,0.0
grand_sim_v0_4,no_regime_renormalized,trust_stability,0.1,0.44,async_message_loss,high_stress,10,10,0,1.0,1.0,0.0,0.0,6.0,6.0,5.0,7.0,0.0
grand_sim_v0_4,no_regime_renormalized,trust_stability,0.1,0.44,federation_bridge_stress,low_stress,10,0,10,0.0,0.0,0.0,0.0,0.0,0.0,,,0.0
grand_sim_v0_4,no_regime_renormalized,trust_stability,0.1,0.44,federation_bridge_stress,mid_stress,10,0,10,0.0,0.0,0.0,0.0,0.0,0.0,,,0.0
grand_sim_v0_4,no_regime_renormalized,trust_stability,0.1,0.44,federation_bridge_stress,high_stress,10,10,0,1.0,1.0,0.0,0.0,2.7,3.0,1.0,4.0,0.0
grand_sim_v0_4,no_regime_renormalized,trust_stability,0.1,0.44,federation_cluster_attack,low_stress,10,10,0,1.0,0.0,0.0,0.0,0.0,0.0,,,4.4
grand_sim_v0_4,no_regime_renormalized,trust_stability,0.1,0.44,federation_cluster_attack,mid_stress,10,10,0,1.0,0.4,0.0,0.0,0.0,0.0,0.0,0.0,1.5
grand_sim_v0_4,no_regime_renormalized,trust_stability,0.1,0.44,federation_cluster_attack,high_stress,10,10,0,1.0,1.0,0.0,0.0,2.7,3.0,2.0,4.0,0.0
grand_sim_v0_4,no_regime_renormalized,trust_stability,0.1,0.44,psi_corruption,low_stress,10,10,0,1.0,0.3,0.0,0.0,0.0,0.0,0.0,0.0,1.714286
grand_sim_v0_4,no_regime_renormalized,trust_stability,0.1,0.44,psi_corruption,mid_stress,10,10,0,1.0,0.4,0.0,0.0,0.5,1.0,0.0,1.0,1.166667
grand_sim_v0_4,no_regime_renormalized,trust_stability,0.1,0.44,psi_corruption,high_stress,10,10,0,1.0,1.0,0.0,0.0,3.0,3.0,2.0,4.0,0.0
grand_sim_v0_4,no_regime_renormalized,trust_stability,0.1,0.46,async_message_loss,low_stress,10,0,10,0.0,0.0,0.0,0.0,0.0,0.0,,,0.0
grand_sim_v0_4,no_regime_renormalized,trust_stability,0.1,0.46,async_message_loss,mid_stress,10,0,10,0.0,0.0,0.0,0.0,0.0,0.0,,,0.0
grand_sim_v0_4,no_regime_renormalized,trust_stability,0.1,0.46,async_message_loss,high_stress,10,10,0,1.0,1.0,0.0,0.0,5.0,5.0,4.0,6.0,0.0
grand_sim_v0_4,no_regime_renormalized,trust_stability,0.1,0.46,federation_bridge_stress,low_stress,10,0,10,0.0,0.0,0.0,0.0,0.0,0.0,,,0.0
grand_sim_v0_4,no_regime_renormalized,trust_stability,0.1,0.46,federation_bridge_stress,mid_stress,10,0,10,0.0,0.0,0.0,0.0,0.0,0.0,,,0.0
grand_sim_v0_4,no_regime_renormalized,trust_stability,0.1,0.46,federation_bridge_stress,high_stress,10,10,0,1.0,1.0,0.0,0.0,1.8,2.0,1.0,3.0,0.0
grand_sim_v0_4,no_regime_renormalized,trust_stability,0.1,0.46,federation_cluster_attack,low_stress,10,10,0,0.0,0.0,1.0,0.0,0.0,0.0,,,0.0
grand_sim_v0_4,no_regime_renormalized,trust_stability,0.1,0.46,federation_cluster_attack,mid_stress,10,10,0,1.0,0.0,0.0,0.0,0.0,0.0,,,4.5
grand_sim_v0_4,no_regime_renormalized,trust_stability,0.1,0.46,federation_cluster_attack,high_stress,10,10,0,1.0,1.0,0.0,0.0,1.9,2.0,1.0,3.0,0.0
grand_sim_v0_4,no_regime_renormalized,trust_stability,0.1,0.46,psi_corruption,low_stress,10,10,0,1.0,0.0,0.0,0.0,0.0,0.0,,,16.5
grand_sim_v0_4,no_regime_renormalized,trust_stability,0.1,0.46,psi_corruption,mid_stress,10,10,0,1.0,0.0,0.0,0.0,0.0,0.0,,,4.3
grand_sim_v0_4,no_regime_renormalized,trust_stability,0.1,0.46,psi_corruption,high_stress,10,10,0,1.0,1.0,0.0,0.0,2.1,2.0,1.0,3.0,0.0
grand_sim_v0_4,no_regime_renormalized,trust_stability,0.1,0.48,async_message_loss,low_stress,10,0,10,0.0,0.0,0.0,0.0,0.0,0.0,,,0.0
grand_sim_v0_4,no_regime_renormalized,trust_stability,0.1,0.48,async_message_loss,mid_stress,10,0,10,0.0,0.0,0.0,0.0,0.0,0.0,,,0.0
grand_sim_v0_4,no_regime_renormalized,trust_stability,0.1,0.48,async_message_loss,high_stress,10,10,0,1.0,1.0,0.0,0.0,4.0,4.0,3.0,5.0,0.0
grand_sim_v0_4,no_regime_renormalized,trust_stability,0.1,0.48,federation_bridge_stress,low_stress,10,0,10,0.0,0.0,0.0,0.0,0.0,0.0,,,0.0
grand_sim_v0_4,no_regime_renormalized,trust_stability,0.1,0.48,federation_bridge_stress,mid_stress,10,0,10,0.0,0.0,0.0,0.0,0.0,0.0,,,0.0
grand_sim_v0_4,no_regime_renormalized,trust_stability,0.1,0.48,federation_bridge_stress,high_stress,10,10,0,1.0,1.0,0.0,0.0,1.2,1.0,0.0,2.0,0.0
grand_sim_v0_4,no_regime_renormalized,trust_stability,0.1,0.48,federation_cluster_attack,low_stress,10,10,0,0.0,0.0,1.0,0.0,0.0,0.0,,,0.0
grand_sim_v0_4,no_regime_renormalized,trust_stability,0.1,0.48,federation_cluster_attack,mid_stress,10,10,0,1.0,0.0,0.0,0.0,0.0,0.0,,,7.6
grand_sim_v0_4,no_regime_renormalized,trust_stability,0.1,0.48,federation_cluster_attack,high_stress,10,10,0,1.0,1.0,0.0,0.0,1.4,1.0,1.0,2.0,0.0
grand_sim_v0_4,no_regime_renormalized,trust_stability,0.1,0.48,psi_corruption,low_stress,10,10,0,0.0,0.0,1.0,0.0,0.0,0.0,,,0.0
grand_sim_v0_4,no_regime_renormalized,trust_stability,0.1,0.48,psi_corruption,mid_stress,10,10,0,1.0,0.0,0.0,0.0,0.0,0.0,,,9.2
grand_sim_v0_4,no_regime_renormalized,trust_stability,0.1,0.48,psi_corruption,high_stress,10,10,0,1.0,1.0,0.0,0.0,1.4,1.0,0.0,3.0,0.0
grand_sim_v0_4,no_regime_renormalized,trust_stability,0.1,0.5,async_message_loss,low_stress,10,0,10,0.0,0.0,0.0,0.0,0.0,0.0,,,0.0
grand_sim_v0_4,no_regime_renormalized,trust_stability,0.1,0.5,async_message_loss,mid_stress,10,0,10,0.0,0.0,0.0,0.0,0.0,0.0,,,0.0
grand_sim_v0_4,no_regime_renormalized,trust_stability,0.1,0.5,async_message_loss,high_stress,10,10,0,1.0,1.0,0.0,0.0,3.2,3.0,2.0,4.0,0.0
grand_sim_v0_4,no_regime_renormalized,trust_stability,0.1,0.5,federation_bridge_stress,low_stress,10,0,10,0.0,0.0,0.0,0.0,0.0,0.0,,,0.0
grand_sim_v0_4,no_regime_renormalized,trust_stability,0.1,0.5,federation_bridge_stress,mid_stress,10,0,10,0.0,0.0,0.0,0.0,0.0,0.0,,,0.0
grand_sim_v0_4,no_regime_renormalized,trust_stability,0.1,0.5,federation_bridge_stress,high_stress,10,10,0,1.0,0.9,0.0,0.0,0.666667,1.0,0.0,1.0,1.0
grand_sim_v0_4,no_regime_renormalized,trust_stability,0.1,0.5,federation_cluster_attack,low_stress,10,10,0,0.0,0.0,1.0,0.0,0.0,0.0,,,0.0
grand_sim_v0_4,no_regime_renormalized,trust_stability,0.1,0.5,federation_cluster_attack,mid_stress,10,10,0,1.0,0.0,0.0,0.0,0.0,0.0,,,12.6
grand_sim_v0_4,no_regime_renormalized,trust_stability,0.1,0.5,federation_cluster_attack,high_stress,10,10,0,1.0,1.0,0.0,0.0,0.4,0.0,0.0,1.0,0.0
grand_sim_v0_4,no_regime_renormalized,trust_stability,0.1,0.5,psi_corruption,low_stress,10,10,0,0.0,0.0,1.0,0.0,0.0,0.0,,,0.0
grand_sim_v0_4,no_regime_renormalized,trust_stability,0.1,0.5,psi_corruption,mid_stress,10,10,0,1.0,0.0,0.0,0.0,0.0,0.0,,,14.3
grand_sim_v0_4,no_regime_renormalized,trust_stability,0.1,0.5,psi_corruption,high_stress,10,10,0,1.0,1.0,0.0,0.0,0.9,1.0,0.0,2.0,0.0
grand_sim_v0_4,no_regime_renormalized,trust_stability,0.1,0.52,async_message_loss,low_stress,10,0,10,0.0,0.0,0.0,0.0,0.0,0.0,,,0.0
grand_sim_v0_4,no_regime_renormalized,trust_stability,0.1,0.52,async_message_loss,mid_stress,10,0,10,0.0,0.0,0.0,0.0,0.0,0.0,,,0.0
grand_sim_v0_4,no_regime_renormalized,trust_stability,0.1,0.52,async_message_loss,high_stress,10,10,0,1.0,1.0,0.0,0.0,2.2,2.0,1.0,3.0,0.0
grand_sim_v0_4,no_regime_renormalized,trust_stability,0.1,0.52,federation_bridge_stress,low_stress,10,0,10,0.0,0.0,0.0,0.0,0.0,0.0,,,0.0
grand_sim_v0_4,no_regime_renormalized,trust_stability,0.1,0.52,federation_bridge_stress,mid_stress,10,0,10,0.0,0.0,0.0,0.0,0.0,0.0,,,0.0
grand_sim_v0_4,no_regime_renormalized,trust_stability,0.1,0.52,federation_bridge_stress,high_stress,10,10,0,1.0,0.8,0.0,0.0,0.125,0.0,0.0,1.0,1.0
grand_sim_v0_4,no_regime_renormalized,trust_stability,0.1,0.52,federation_cluster_attack,low_stress,10,10,0,0.0,0.0,1.0,0.0,0.0,0.0,,,0.0
grand_sim_v0_4,no_regime_renormalized,trust_stability,0.1,0.52,federation_cluster_attack,mid_stress,10,10,0,1.0,0.0,0.0,0.0,0.0,0.0,,,24.6
grand_sim_v0_4,no_regime_renormalized,trust_stability,0.1,0.52,federation_cluster_attack,high_stress,10,10,0,1.0,0.8,0.0,0.0,0.375,0.0,0.0,1.0,1.0
grand_sim_v0_4,no_regime_renormalized,trust_stability,0.1,0.52,psi_corruption,low_stress,10,10,0,0.0,0.0,1.0,0.0,0.0,0.0,,,0.0
grand_sim_v0_4,no_regime_renormalized,trust_stability,0.1,0.52,psi_corruption,mid_stress,10,10,0,1.0,0.0,0.0,0.0,0.0,0.0,,,24.4
grand_sim_v0_4,no_regime_renormalized,trust_stability,0.1,0.52,psi_corruption,high_stress,10,10,0,1.0,0.9,0.0,0.0,0.333333,0.0,0.0,1.0,1.0
grand_sim_v0_4,no_regime_renormalized,trust_stability,0.1,0.54,async_message_loss,low_stress,10,0,10,0.0,0.0,0.0,0.0,0.0,0.0,,,0.0
grand_sim_v0_4,no_regime_renormalized,trust_stability,0.1,0.54,async_message_loss,mid_stress,10,0,10,0.0,0.0,0.0,0.0,0.0,0.0,,,0.0
grand_sim_v0_4,no_regime_renormalized,trust_stability,0.1,0.54,async_message_loss,high_stress,10,10,0,1.0,1.0,0.0,0.0,1.5,1.0,0.0,3.0,0.0
grand_sim_v0_4,no_regime_renormalized,trust_stability,0.1,0.54,federation_bridge_stress,low_stress,10,0,10,0.0,0.0,0.0,0.0,0.0,0.0,,,0.0
grand_sim_v0_4,no_regime_renormalized,trust_stability,0.1,0.54,federation_bridge_stress,mid_stress,10,0,10,0.0,0.0,0.0,0.0,0.0,0.0,,,0.0
grand_sim_v0_4,no_regime_renormalized,trust_stability,0.1,0.54,federation_bridge_stress,high_stress,10,10,0,1.0,0.5,0.0,0.0,0.0,0.0,0.0,0.0,1.2
grand_sim_v0_4,no_regime_renormalized,trust_stability,0.1,0.54,federation_cluster_attack,low_stress,10,10,0,0.0,0.0,1.0,0.0,0.0,0.0,,,0.0
grand_sim_v0_4,no_regime_renormalized,trust_stability,0.1,0.54,federation_cluster_attack,mid_stress,10,10,0,0.5,0.0,0.5,0.0,0.0,0.0,,,44.2
grand_sim_v0_4,no_regime_renormalized,trust_stability,0.1,0.54,federation_cluster_attack,high_stress,10,10,0,1.0,0.4,0.0,0.0,0.0,0.0,0.0,0.0,1.0
grand_sim_v0_4,no_regime_renormalized,trust_stability,0.1,0.54,psi_corruption,low_stress,10,10,0,0.0,0.0,1.0,0.0,0.0,0.0,,,0.0
grand_sim_v0_4,no_regime_renormalized,trust_stability,0.1,0.54,psi_corruption,mid_stress,10,10,0,1.0,0.0,0.0,0.0,0.0,0.0,,,41.7
grand_sim_v0_4,no_regime_renormalized,trust_stability,0.1,0.54,psi_corruption,high_stress,10,10,0,1.0,0.6,0.0,0.0,0.166667,0.0,0.0,1.0,1.25
grand_sim_v0_4,no_regime_renormalized,trust_stability,0.1,0.56,async_message_loss,low_stress,10,0,10,0.0,0.0,0.0,0.0,0.0,0.0,,,0.0
grand_sim_v0_4,no_regime_renormalized,trust_stability,0.1,0.56,async_message_loss,mid_stress,10,0,10,0.0,0.0,0.0,0.0,0.0,0.0,,,0.0
grand_sim_v0_4,no_regime_renormalized,trust_stability,0.1,0.56,async_message_loss,high_stress,10,10,0,1.0,1.0,0.0,0.0,0.8,1.0,0.0,2.0,0.0
grand_sim_v0_4,no_regime_renormalized,trust_stability,0.1,0.56,federation_bridge_stress,low_stress,10,0,10,0.0,0.0,0.0,0.0,0.0,0.0,,,0.0
grand_sim_v0_4,no_regime_renormalized,trust_stability,0.1,0.56,federation_bridge_stress,mid_stress,10,0,10,0.0,0.0,0.0,0.0,0.0,0.0,,,0.0
grand_sim_v0_4,no_regime_renormalized,trust_stability,0.1,0.56,federation_bridge_stress,high_stress,10,10,0,1.0,0.0,0.0,0.0,0.0,0.0,,,1.3
grand_sim_v0_4,no_regime_renormalized,trust_stability,0.1,0.56,federation_cluster_attack,low_stress,10,10,0,0.0,0.0,1.0,0.0,0.0,0.0,,,0.0
grand_sim_v0_4,no_regime_renormalized,trust_stability,0.1,0.56,federation_cluster_attack,mid_stress,10,10,0,0.0,0.0,1.0,0.0,0.0,0.0,,,0.0
grand_sim_v0_4,no_regime_renormalized,trust_stability,0.1,0.56,federation_cluster_attack,high_stress,10,10,0,1.0,0.2,0.0,0.0,0.0,0.0,0.0,0.0,1.5
grand_sim_v0_4,no_regime_renormalized,trust_stability,0.1,0.56,psi_corruption,low_stress,10,10,0,0.0,0.0,1.0,0.0,0.0,0.0,,,0.0
grand_sim_v0_4,no_regime_renormalized,trust_stability,0.1,0.56,psi_corruption,mid_stress,10,10,0,0.0,0.0,1.0,0.0,0.0,0.0,,,0.0
grand_sim_v0_4,no_regime_renormalized,trust_stability,0.1,0.56,psi_corruption,high_stress,10,10,0,1.0,0.2,0.0,0.0,0.0,0.0,0.0,0.0,1.25
grand_sim_v0_4,no_regime_renormalized,trust_stability,0.1,0.58,async_message_loss,low_stress,10,0,10,0.0,0.0,0.0,0.0,0.0,0.0,,,0.0
grand_sim_v0_4,no_regime_renormalized,trust_stability,0.1,0.58,async_message_loss,mid_stress,10,0,10,0.0,0.0,0.0,0.0,0.0,0.0,,,0.0
grand_sim_v0_4,no_regime_renormalized,trust_stability,0.1,0.58,async_message_loss,high_stress,10,10,0,1.0,0.6,0.0,0.0,0.333333,0.0,0.0,1.0,1.0
grand_sim_v0_4,no_regime_renormalized,trust_stability,0.1,0.58,federation_bridge_stress,low_stress,10,0,10,0.0,0.0,0.0,0.0,0.0,0.0,,,0.0
grand_sim_v0_4,no_regime_renormalized,trust_stability,0.1,0.58,federation_bridge_stress,mid_stress,10,0,10,0.0,0.0,0.0,0.0,0.0,0.0,,,0.0
grand_sim_v0_4,no_regime_renormalized,trust_stability,0.1,0.58,federation_bridge_stress,high_stress,10,10,0,1.0,0.0,0.0,0.0,0.0,0.0,,,1.8
grand_sim_v0_4,no_regime_renormalized,trust_stability,0.1,0.58,federation_cluster_attack,low_stress,10,10,0,0.0,0.0,1.0,0.0,0.0,0.0,,,0.0
grand_sim_v0_4,no_regime_renormalized,trust_stability,0.1,0.58,federation_cluster_attack,mid_stress,10,10,0,0.0,0.0,1.0,0.0,0.0,0.0,,,0.0
grand_sim_v0_4,no_regime_renormalized,trust_stability,0.1,0.58,federation_cluster_attack,high_stress,10,10,0,1.0,0.0,0.0,0.0,0.0,0.0,,,1.8
grand_sim_v0_4,no_regime_renormalized,trust_stability,0.1,0.58,psi_corruption,low_stress,10,10,0,0.0,0.0,1.0,0.0,0.0,0.0,,,0.0
grand_sim_v0_4,no_regime_renormalized,trust_stability,0.1,0.58,psi_corruption,mid_stress,10,10,0,0.0,0.0,1.0,0.0,0.0,0.0,,,0.0
grand_sim_v0_4,no_regime_renormalized,trust_stability,0.1,0.58,psi_corruption,high_stress,10,10,0,1.0,0.0,0.0,0.0,0.0,0.0,,,1.6
grand_sim_v0_4,no_regime_renormalized,trust_stability,0.1,0.6,async_message_loss,low_stress,10,0,10,0.0,0.0,0.0,0.0,0.0,0.0,,,0.0
grand_sim_v0_4,no_regime_renormalized,trust_stability,0.1,0.6,async_message_loss,mid_stress,10,0,10,0.0,0.0,0.0,0.0,0.0,0.0,,,0.0
grand_sim_v0_4,no_regime_renormalized,trust_stability,0.1,0.6,async_message_loss,high_stress,10,10,0,1.0,0.3,0.0,0.0,0.0,0.0,0.0,0.0,1.142857
grand_sim_v0_4,no_regime_renormalized,trust_stability,0.1,0.6,federation_bridge_stress,low_stress,10,0,10,0.0,0.0,0.0,0.0,0.0,0.0,,,0.0
grand_sim_v0_4,no_regime_renormalized,trust_stability,0.1,0.6,federation_bridge_stress,mid_stress,10,0,10,0.0,0.0,0.0,0.0,0.0,0.0,,,0.0
grand_sim_v0_4,no_regime_renormalized,trust_stability,0.1,0.6,federation_bridge_stress,high_stress,10,10,0,1.0,0.0,0.0,0.0,0.0,0.0,,,2.4
grand_sim_v0_4,no_regime_renormalized,trust_stability,0.1,0.6,federation_cluster_attack,low_stress,10,10,0,0.0,0.0,1.0,0.0,0.0,0.0,,,0.0
grand_sim_v0_4,no_regime_renormalized,trust_stability,0.1,0.6,federation_cluster_attack,mid_stress,10,10,0,0.0,0.0,1.0,0.0,0.0,0.0,,,0.0
grand_sim_v0_4,no_regime_renormalized,trust_stability,0.1,0.6,federation_cluster_attack,high_stress,10,10,0,1.0,0.0,0.0,0.0,0.0,0.0,,,2.5
grand_sim_v0_4,no_regime_renormalized,trust_stability,0.1,0.6,psi_corruption,low_stress,10,10,0,0.0,0.0,1.0,0.0,0.0,0.0,,,0.0
grand_sim_v0_4,no_regime_renormalized,trust_stability,0.1,0.6,psi_corruption,mid_stress,10,10,0,0.0,0.0,1.0,0.0,0.0,0.0,,,0.0
grand_sim_v0_4,no_regime_renormalized,trust_stability,0.1,0.6,psi_corruption,high_stress,10,10,0,1.0,0.0,0.0,0.0,0.0,0.0,,,2.1
grand_sim_v0_4,with_regime_original,regime_heavy,0.1,0.1,async_message_loss,low_stress,10,0,10,0.0,0.0,0.0,1.0,0.0,0.0,,,0.0
grand_sim_v0_4,with_regime_original,regime_heavy,0.1,0.1,async_message_loss,mid_stress,10,0,10,0.0,0.0,0.0,1.0,0.0,0.0,,,0.0
grand_sim_v0_4,with_regime_original,regime_heavy,0.1,0.1,async_message_loss,high_stress,10,10,0,1.0,1.0,0.0,0.0,31.4,31.0,29.0,33.0,0.0
grand_sim_v0_4,with_regime_original,regime_heavy,0.1,0.1,federation_bridge_stress,low_stress,10,0,10,0.0,0.0,0.0,1.0,0.0,0.0,,,0.0
grand_sim_v0_4,with_regime_original,regime_heavy,0.1,0.1,federation_bridge_stress,mid_stress,10,0,10,0.0,0.0,0.0,1.0,0.0,0.0,,,0.0
grand_sim_v0_4,with_regime_original,regime_heavy,0.1,0.1,federation_bridge_stress,high_stress,10,10,0,1.0,1.0,0.0,0.0,24.7,24.0,23.0,27.0,0.0
grand_sim_v0_4,with_regime_original,regime_heavy,0.1,0.1,federation_cluster_attack,low_stress,10,10,0,1.0,1.0,0.0,0.0,97.2,98.0,92.0,99.0,0.0
grand_sim_v0_4,with_regime_original,regime_heavy,0.1,0.1,federation_cluster_attack,mid_stress,10,10,0,1.0,1.0,0.0,0.0,65.9,66.0,62.0,67.0,0.0
grand_sim_v0_4,with_regime_original,regime_heavy,0.1,0.1,federation_cluster_attack,high_stress,10,10,0,1.0,1.0,0.0,0.0,26.5,27.0,25.0,28.0,0.0
grand_sim_v0_4,with_regime_original,regime_heavy,0.1,0.1,psi_corruption,low_stress,10,10,0,1.0,1.0,0.0,0.0,87.1,87.0,86.0,88.0,0.0
grand_sim_v0_4,with_regime_original,regime_heavy,0.1,0.1,psi_corruption,mid_stress,10,10,0,1.0,1.0,0.0,0.0,59.9,60.0,57.0,61.0,0.0
grand_sim_v0_4,with_regime_original,regime_heavy,0.1,0.1,psi_corruption,high_stress,10,10,0,1.0,1.0,0.0,0.0,24.6,24.0,23.0,27.0,0.0
grand_sim_v0_4,with_regime_original,regime_heavy,0.1,0.12,async_message_loss,low_stress,10,0,10,0.0,0.0,0.0,1.0,0.0,0.0,,,0.0
grand_sim_v0_4,with_regime_original,regime_heavy,0.1,0.12,async_message_loss,mid_stress,10,0,10,0.0,0.0,0.0,1.0,0.0,0.0,,,0.0
grand_sim_v0_4,with_regime_original,regime_heavy,0.1,0.12,async_message_loss,high_stress,10,10,0,1.0,1.0,0.0,0.0,31.4,31.0,29.0,33.0,0.0
grand_sim_v0_4,with_regime_original,regime_heavy,0.1,0.12,federation_bridge_stress,low_stress,10,0,10,0.0,0.0,0.0,1.0,0.0,0.0,,,0.0
grand_sim_v0_4,with_regime_original,regime_heavy,0.1,0.12,federation_bridge_stress,mid_stress,10,0,10,0.0,0.0,0.0,1.0,0.0,0.0,,,0.0
grand_sim_v0_4,with_regime_original,regime_heavy,0.1,0.12,federation_bridge_stress,high_stress,10,10,0,1.0,1.0,0.0,0.0,24.7,24.0,23.0,27.0,0.0
grand_sim_v0_4,with_regime_original,regime_heavy,0.1,0.12,federation_cluster_attack,low_stress,10,10,0,1.0,1.0,0.0,0.0,97.2,98.0,92.0,99.0,0.0
grand_sim_v0_4,with_regime_original,regime_heavy,0.1,0.12,federation_cluster_attack,mid_stress,10,10,0,1.0,1.0,0.0,0.0,65.9,66.0,62.0,67.0,0.0
grand_sim_v0_4,with_regime_original,regime_heavy,0.1,0.12,federation_cluster_attack,high_stress,10,10,0,1.0,1.0,0.0,0.0,26.5,27.0,25.0,28.0,0.0
grand_sim_v0_4,with_regime_original,regime_heavy,0.1,0.12,psi_corruption,low_stress,10,10,0,1.0,1.0,0.0,0.0,87.1,87.0,86.0,88.0,0.0
grand_sim_v0_4,with_regime_original,regime_heavy,0.1,0.12,psi_corruption,mid_stress,10,10,0,1.0,1.0,0.0,0.0,59.9,60.0,57.0,61.0,0.0
grand_sim_v0_4,with_regime_original,regime_heavy,0.1,0.12,psi_corruption,high_stress,10,10,0,1.0,1.0,0.0,0.0,24.6,24.0,23.0,27.0,0.0
grand_sim_v0_4,with_regime_original,regime_heavy,0.1,0.14,async_message_loss,low_stress,10,0,10,0.0,0.0,0.0,1.0,0.0,0.0,,,0.0
grand_sim_v0_4,with_regime_original,regime_heavy,0.1,0.14,async_message_loss,mid_stress,10,0,10,0.0,0.0,0.0,1.0,0.0,0.0,,,0.0
grand_sim_v0_4,with_regime_original,regime_heavy,0.1,0.14,async_message_loss,high_stress,10,10,0,1.0,1.0,0.0,0.0,31.4,31.0,29.0,33.0,0.0
grand_sim_v0_4,with_regime_original,regime_heavy,0.1,0.14,federation_bridge_stress,low_stress,10,0,10,0.0,0.0,0.0,1.0,0.0,0.0,,,0.0
grand_sim_v0_4,with_regime_original,regime_heavy,0.1,0.14,federation_bridge_stress,mid_stress,10,0,10,0.0,0.0,0.0,1.0,0.0,0.0,,,0.0
grand_sim_v0_4,with_regime_original,regime_heavy,0.1,0.14,federation_bridge_stress,high_stress,10,10,0,1.0,1.0,0.0,0.0,24.7,24.0,23.0,27.0,0.0
grand_sim_v0_4,with_regime_original,regime_heavy,0.1,0.14,federation_cluster_attack,low_stress,10,10,0,1.0,1.0,0.0,0.0,97.2,98.0,92.0,99.0,0.0
grand_sim_v0_4,with_regime_original,regime_heavy,0.1,0.14,federation_cluster_attack,mid_stress,10,10,0,1.0,1.0,0.0,0.0,65.9,66.0,62.0,67.0,0.0
grand_sim_v0_4,with_regime_original,regime_heavy,0.1,0.14,federation_cluster_attack,high_stress,10,10,0,1.0,1.0,0.0,0.0,26.5,27.0,25.0,28.0,0.0
grand_sim_v0_4,with_regime_original,regime_heavy,0.1,0.14,psi_corruption,low_stress,10,10,0,1.0,1.0,0.0,0.0,87.1,87.0,86.0,88.0,0.0
grand_sim_v0_4,with_regime_original,regime_heavy,0.1,0.14,psi_corruption,mid_stress,10,10,0,1.0,1.0,0.0,0.0,59.9,60.0,57.0,61.0,0.0
grand_sim_v0_4,with_regime_original,regime_heavy,0.1,0.14,psi_corruption,high_stress,10,10,0,1.0,1.0,0.0,0.0,24.6,24.0,23.0,27.0,0.0
grand_sim_v0_4,with_regime_original,regime_heavy,0.1,0.16,async_message_loss,low_stress,10,0,10,0.0,0.0,0.0,1.0,0.0,0.0,,,0.0
grand_sim_v0_4,with_regime_original,regime_heavy,0.1,0.16,async_message_loss,mid_stress,10,0,10,0.0,0.0,0.0,1.0,0.0,0.0,,,0.0
grand_sim_v0_4,with_regime_original,regime_heavy,0.1,0.16,async_message_loss,high_stress,10,10,0,1.0,1.0,0.0,0.0,31.4,31.0,29.0,33.0,0.0
grand_sim_v0_4,with_regime_original,regime_heavy,0.1,0.16,federation_bridge_stress,low_stress,10,0,10,0.0,0.0,0.0,1.0,0.0,0.0,,,0.0
grand_sim_v0_4,with_regime_original,regime_heavy,0.1,0.16,federation_bridge_stress,mid_stress,10,0,10,0.0,0.0,0.0,1.0,0.0,0.0,,,0.0
grand_sim_v0_4,with_regime_original,regime_heavy,0.1,0.16,federation_bridge_stress,high_stress,10,10,0,1.0,1.0,0.0,0.0,24.7,24.0,23.0,27.0,0.0
grand_sim_v0_4,with_regime_original,regime_heavy,0.1,0.16,federation_cluster_attack,low_stress,10,10,0,1.0,1.0,0.0,0.0,97.2,98.0,92.0,99.0,0.0
grand_sim_v0_4,with_regime_original,regime_heavy,0.1,0.16,federation_cluster_attack,mid_stress,10,10,0,1.0,1.0,0.0,0.0,65.9,66.0,62.0,67.0,0.0
grand_sim_v0_4,with_regime_original,regime_heavy,0.1,0.16,federation_cluster_attack,high_stress,10,10,0,1.0,1.0,0.0,0.0,26.5,27.0,25.0,28.0,0.0
grand_sim_v0_4,with_regime_original,regime_heavy,0.1,0.16,psi_corruption,low_stress,10,10,0,1.0,1.0,0.0,0.0,87.1,87.0,86.0,88.0,0.0
grand_sim_v0_4,with_regime_original,regime_heavy,0.1,0.16,psi_corruption,mid_stress,10,10,0,1.0,1.0,0.0,0.0,59.9,60.0,57.0,61.0,0.0
grand_sim_v0_4,with_regime_original,regime_heavy,0.1,0.16,psi_corruption,high_stress,10,10,0,1.0,1.0,0.0,0.0,24.6,24.0,23.0,27.0,0.0
grand_sim_v0_4,with_regime_original,regime_heavy,0.1,0.18,async_message_loss,low_stress,10,0,10,0.0,0.0,0.0,1.0,0.0,0.0,,,0.0
grand_sim_v0_4,with_regime_original,regime_heavy,0.1,0.18,async_message_loss,mid_stress,10,0,10,0.0,0.0,0.0,1.0,0.0,0.0,,,0.0
grand_sim_v0_4,with_regime_original,regime_heavy,0.1,0.18,async_message_loss,high_stress,10,10,0,1.0,1.0,0.0,0.0,31.4,31.0,29.0,33.0,0.0
grand_sim_v0_4,with_regime_original,regime_heavy,0.1,0.18,federation_bridge_stress,low_stress,10,0,10,0.0,0.0,0.0,1.0,0.0,0.0,,,0.0
grand_sim_v0_4,with_regime_original,regime_heavy,0.1,0.18,federation_bridge_stress,mid_stress,10,0,10,0.0,0.0,0.0,1.0,0.0,0.0,,,0.0
grand_sim_v0_4,with_regime_original,regime_heavy,0.1,0.18,federation_bridge_stress,high_stress,10,10,0,1.0,1.0,0.0,0.0,24.7,24.0,23.0,27.0,0.0
grand_sim_v0_4,with_regime_original,regime_heavy,0.1,0.18,federation_cluster_attack,low_stress,10,10,0,1.0,1.0,0.0,0.0,97.2,98.0,92.0,99.0,0.0
grand_sim_v0_4,with_regime_original,regime_heavy,0.1,0.18,federation_cluster_attack,mid_stress,10,10,0,1.0,1.0,0.0,0.0,65.9,66.0,62.0,67.0,0.0
grand_sim_v0_4,with_regime_original,regime_heavy,0.1,0.18,federation_cluster_attack,high_stress,10,10,0,1.0,1.0,0.0,0.0,26.5,27.0,25.0,28.0,0.0
grand_sim_v0_4,with_regime_original,regime_heavy,0.1,0.18,psi_corruption,low_stress,10,10,0,1.0,1.0,0.0,0.0,87.1,87.0,86.0,88.0,0.0
grand_sim_v0_4,with_regime_original,regime_heavy,0.1,0.18,psi_corruption,mid_stress,10,10,0,1.0,1.0,0.0,0.0,59.9,60.0,57.0,61.0,0.0
grand_sim_v0_4,with_regime_original,regime_heavy,0.1,0.18,psi_corruption,high_stress,10,10,0,1.0,1.0,0.0,0.0,24.6,24.0,23.0,27.0,0.0
grand_sim_v0_4,with_regime_original,regime_heavy,0.1,0.2,async_message_loss,low_stress,10,0,10,0.0,0.0,0.0,1.0,0.0,0.0,,,0.0
grand_sim_v0_4,with_regime_original,regime_heavy,0.1,0.2,async_message_loss,mid_stress,10,0,10,0.0,0.0,0.0,1.0,0.0,0.0,,,0.0
grand_sim_v0_4,with_regime_original,regime_heavy,0.1,0.2,async_message_loss,high_stress,10,10,0,1.0,1.0,0.0,0.0,31.4,31.0,29.0,33.0,0.0
grand_sim_v0_4,with_regime_original,regime_heavy,0.1,0.2,federation_bridge_stress,low_stress,10,0,10,0.0,0.0,0.0,1.0,0.0,0.0,,,0.0
grand_sim_v0_4,with_regime_original,regime_heavy,0.1,0.2,federation_bridge_stress,mid_stress,10,0,10,0.0,0.0,0.0,1.0,0.0,0.0,,,0.0
grand_sim_v0_4,with_regime_original,regime_heavy,0.1,0.2,federation_bridge_stress,high_stress,10,10,0,1.0,1.0,0.0,0.0,24.7,24.0,23.0,27.0,0.0
grand_sim_v0_4,with_regime_original,regime_heavy,0.1,0.2,federation_cluster_attack,low_stress,10,10,0,1.0,1.0,0.0,0.0,97.2,98.0,92.0,99.0,0.0
grand_sim_v0_4,with_regime_original,regime_heavy,0.1,0.2,federation_cluster_attack,mid_stress,10,10,0,1.0,1.0,0.0,0.0,65.9,66.0,62.0,67.0,0.0
grand_sim_v0_4,with_regime_original,regime_heavy,0.1,0.2,federation_cluster_attack,high_stress,10,10,0,1.0,1.0,0.0,0.0,26.5,27.0,25.0,28.0,0.0
grand_sim_v0_4,with_regime_original,regime_heavy,0.1,0.2,psi_corruption,low_stress,10,10,0,1.0,1.0,0.0,0.0,87.1,87.0,86.0,88.0,0.0
grand_sim_v0_4,with_regime_original,regime_heavy,0.1,0.2,psi_corruption,mid_stress,10,10,0,1.0,1.0,0.0,0.0,59.9,60.0,57.0,61.0,0.0
grand_sim_v0_4,with_regime_original,regime_heavy,0.1,0.2,psi_corruption,high_stress,10,10,0,1.0,1.0,0.0,0.0,24.6,24.0,23.0,27.0,0.0
grand_sim_v0_4,with_regime_original,regime_heavy,0.1,0.22,async_message_loss,low_stress,10,0,10,0.0,0.0,0.0,0.0,0.0,0.0,,,0.0
grand_sim_v0_4,with_regime_original,regime_heavy,0.1,0.22,async_message_loss,mid_stress,10,0,10,0.0,0.0,0.0,0.0,0.0,0.0,,,0.0
grand_sim_v0_4,with_regime_original,regime_heavy,0.1,0.22,async_message_loss,high_stress,10,10,0,1.0,1.0,0.0,0.0,29.1,29.0,25.0,32.0,0.0
grand_sim_v0_4,with_regime_original,regime_heavy,0.1,0.22,federation_bridge_stress,low_stress,10,0,10,0.0,0.0,0.0,0.0,0.0,0.0,,,0.0
grand_sim_v0_4,with_regime_original,regime_heavy,0.1,0.22,federation_bridge_stress,mid_stress,10,0,10,0.0,0.0,0.0,0.0,0.0,0.0,,,0.0
grand_sim_v0_4,with_regime_original,regime_heavy,0.1,0.22,federation_bridge_stress,high_stress,10,10,0,1.0,1.0,0.0,0.0,20.2,20.0,17.0,25.0,0.0
grand_sim_v0_4,with_regime_original,regime_heavy,0.1,0.22,federation_cluster_attack,low_stress,10,10,0,1.0,1.0,0.0,0.0,22.6,23.0,18.0,25.0,0.0
grand_sim_v0_4,with_regime_original,regime_heavy,0.1,0.22,federation_cluster_attack,mid_stress,10,10,0,1.0,1.0,0.0,0.0,12.8,13.0,9.0,14.0,0.0
grand_sim_v0_4,with_regime_original,regime_heavy,0.1,0.22,federation_cluster_attack,high_stress,10,10,0,1.0,1.0,0.0,0.0,19.9,19.0,18.0,28.0,0.0
grand_sim_v0_4,with_regime_original,regime_heavy,0.1,0.22,psi_corruption,low_stress,10,10,0,1.0,1.0,0.0,0.0,20.0,20.0,19.0,22.0,0.0
grand_sim_v0_4,with_regime_original,regime_heavy,0.1,0.22,psi_corruption,mid_stress,10,10,0,1.0,1.0,0.0,0.0,10.5,11.0,8.0,12.0,0.0
grand_sim_v0_4,with_regime_original,regime_heavy,0.1,0.22,psi_corruption,high_stress,10,10,0,1.0,1.0,0.0,0.0,20.9,20.0,18.0,26.0,0.0
grand_sim_v0_4,with_regime_original,regime_heavy,0.1,0.24,async_message_loss,low_stress,10,0,10,0.0,0.0,0.0,0.0,0.0,0.0,,,0.0
grand_sim_v0_4,with_regime_original,regime_heavy,0.1,0.24,async_message_loss,mid_stress,10,0,10,0.0,0.0,0.0,0.0,0.0,0.0,,,0.0
grand_sim_v0_4,with_regime_original,regime_heavy,0.1,0.24,async_message_loss,high_stress,10,10,0,1.0,1.0,0.0,0.0,19.1,19.0,18.0,21.0,0.0
grand_sim_v0_4,with_regime_original,regime_heavy,0.1,0.24,federation_bridge_stress,low_stress,10,0,10,0.0,0.0,0.0,0.0,0.0,0.0,,,0.0
grand_sim_v0_4,with_regime_original,regime_heavy,0.1,0.24,federation_bridge_stress,mid_stress,10,0,10,0.0,0.0,0.0,0.0,0.0,0.0,,,0.0
grand_sim_v0_4,with_regime_original,regime_heavy,0.1,0.24,federation_bridge_stress,high_stress,10,10,0,1.0,1.0,0.0,0.0,12.8,13.0,12.0,14.0,0.0
grand_sim_v0_4,with_regime_original,regime_heavy,0.1,0.24,federation_cluster_attack,low_stress,10,10,0,1.0,1.0,0.0,0.0,19.6,20.0,15.0,22.0,0.0
grand_sim_v0_4,with_regime_original,regime_heavy,0.1,0.24,federation_cluster_attack,mid_stress,10,10,0,1.0,1.0,0.0,0.0,11.1,11.0,8.0,13.0,0.0
grand_sim_v0_4,with_regime_original,regime_heavy,0.1,0.24,federation_cluster_attack,high_stress,10,10,0,1.0,1.0,0.0,0.0,12.8,13.0,12.0,14.0,0.0
grand_sim_v0_4,with_regime_original,regime_heavy,0.1,0.24,psi_corruption,low_stress,10,10,0,1.0,1.0,0.0,0.0,16.9,17.0,15.0,19.0,0.0
grand_sim_v0_4,with_regime_original,regime_heavy,0.1,0.24,psi_corruption,mid_stress,10,10,0,1.0,1.0,0.0,0.0,9.0,9.0,6.0,10.0,0.0
grand_sim_v0_4,with_regime_original,regime_heavy,0.1,0.24,psi_corruption,high_stress,10,10,0,1.0,1.0,0.0,0.0,13.0,13.0,12.0,14.0,0.0
grand_sim_v0_4,with_regime_original,regime_heavy,0.1,0.26,async_message_loss,low_stress,10,0,10,0.0,0.0,0.0,0.0,0.0,0.0,,,0.0
grand_sim_v0_4,with_regime_original,regime_heavy,0.1,0.26,async_message_loss,mid_stress,10,0,10,0.0,0.0,0.0,0.0,0.0,0.0,,,0.0
grand_sim_v0_4,with_regime_original,regime_heavy,0.1,0.26,async_message_loss,high_stress,10,10,0,1.0,1.0,0.0,0.0,15.5,15.0,14.0,17.0,0.0
grand_sim_v0_4,with_regime_original,regime_heavy,0.1,0.26,federation_bridge_stress,low_stress,10,0,10,0.0,0.0,0.0,0.0,0.0,0.0,,,0.0
grand_sim_v0_4,with_regime_original,regime_heavy,0.1,0.26,federation_bridge_stress,mid_stress,10,0,10,0.0,0.0,0.0,0.0,0.0,0.0,,,0.0
grand_sim_v0_4,with_regime_original,regime_heavy,0.1,0.26,federation_bridge_stress,high_stress,10,10,0,1.0,1.0,0.0,0.0,9.8,10.0,8.0,11.0,0.0
grand_sim_v0_4,with_regime_original,regime_heavy,0.1,0.26,federation_cluster_attack,low_stress,10,10,0,1.0,1.0,0.0,0.0,16.9,17.0,13.0,19.0,0.0
grand_sim_v0_4,with_regime_original,regime_heavy,0.1,0.26,federation_cluster_attack,mid_stress,10,10,0,1.0,1.0,0.0,0.0,9.7,10.0,7.0,11.0,0.0
grand_sim_v0_4,with_regime_original,regime_heavy,0.1,0.26,federation_cluster_attack,high_stress,10,10,0,1.0,1.0,0.0,0.0,10.0,10.0,9.0,11.0,0.0
grand_sim_v0_4,with_regime_original,regime_heavy,0.1,0.26,psi_corruption,low_stress,10,10,0,1.0,1.0,0.0,0.0,14.5,14.0,13.0,16.0,0.0
grand_sim_v0_4,with_regime_original,regime_heavy,0.1,0.26,psi_corruption,mid_stress,10,10,0,1.0,1.0,0.0,0.0,7.9,8.0,5.0,9.0,0.0
grand_sim_v0_4,with_regime_original,regime_heavy,0.1,0.26,psi_corruption,high_stress,10,10,0,1.0,1.0,0.0,0.0,10.0,10.0,9.0,12.0,0.0
grand_sim_v0_4,with_regime_original,regime_heavy,0.1,0.28,async_message_loss,low_stress,10,0,10,0.0,0.0,0.0,0.0,0.0,0.0,,,0.0
grand_sim_v0_4,with_regime_original,regime_heavy,0.1,0.28,async_message_loss,mid_stress,10,0,10,0.0,0.0,0.0,0.0,0.0,0.0,,,0.0
grand_sim_v0_4,with_regime_original,regime_heavy,0.1,0.28,async_message_loss,high_stress,10,10,0,1.0,1.0,0.0,0.0,12.6,12.0,11.0,14.0,0.0
grand_sim_v0_4,with_regime_original,regime_heavy,0.1,0.28,federation_bridge_stress,low_stress,10,0,10,0.0,0.0,0.0,0.0,0.0,0.0,,,0.0
grand_sim_v0_4,with_regime_original,regime_heavy,0.1,0.28,federation_bridge_stress,mid_stress,10,0,10,0.0,0.0,0.0,0.0,0.0,0.0,,,0.0
grand_sim_v0_4,with_regime_original,regime_heavy,0.1,0.28,federation_bridge_stress,high_stress,10,10,0,1.0,1.0,0.0,0.0,7.6,8.0,6.0,9.0,0.0
grand_sim_v0_4,with_regime_original,regime_heavy,0.1,0.28,federation_cluster_attack,low_stress,10,10,0,1.0,1.0,0.0,0.0,14.5,15.0,10.0,17.0,0.0
grand_sim_v0_4,with_regime_original,regime_heavy,0.1,0.28,federation_cluster_attack,mid_stress,10,10,0,1.0,1.0,0.0,0.0,8.4,8.0,7.0,10.0,0.0
grand_sim_v0_4,with_regime_original,regime_heavy,0.1,0.28,federation_cluster_attack,high_stress,10,10,0,1.0,1.0,0.0,0.0,8.0,8.0,7.0,9.0,0.0
grand_sim_v0_4,with_regime_original,regime_heavy,0.1,0.28,psi_corruption,low_stress,10,10,0,1.0,1.0,0.0,0.0,12.3,12.0,11.0,14.0,0.0
grand_sim_v0_4,with_regime_original,regime_heavy,0.1,0.28,psi_corruption,mid_stress,10,10,0,1.0,1.0,0.0,0.0,6.7,7.0,5.0,8.0,0.0
grand_sim_v0_4,with_regime_original,regime_heavy,0.1,0.28,psi_corruption,high_stress,10,10,0,1.0,1.0,0.0,0.0,7.9,8.0,7.0,9.0,0.0
grand_sim_v0_4,with_regime_original,regime_heavy,0.1,0.3,async_message_loss,low_stress,10,0,10,0.0,0.0,0.0,0.0,0.0,0.0,,,0.0
grand_sim_v0_4,with_regime_original,regime_heavy,0.1,0.3,async_message_loss,mid_stress,10,0,10,0.0,0.0,0.0,0.0,0.0,0.0,,,0.0
grand_sim_v0_4,with_regime_original,regime_heavy,0.1,0.3,async_message_loss,high_stress,10,10,0,1.0,1.0,0.0,0.0,10.5,10.0,9.0,12.0,0.0
grand_sim_v0_4,with_regime_original,regime_heavy,0.1,0.3,federation_bridge_stress,low_stress,10,0,10,0.0,0.0,0.0,0.0,0.0,0.0,,,0.0
grand_sim_v0_4,with_regime_original,regime_heavy,0.1,0.3,federation_bridge_stress,mid_stress,10,0,10,0.0,0.0,0.0,0.0,0.0,0.0,,,0.0
grand_sim_v0_4,with_regime_original,regime_heavy,0.1,0.3,federation_bridge_stress,high_stress,10,10,0,1.0,1.0,0.0,0.0,5.9,6.0,5.0,7.0,0.0
grand_sim_v0_4,with_regime_original,regime_heavy,0.1,0.3,federation_cluster_attack,low_stress,10,10,0,1.0,1.0,0.0,0.0,12.6,13.0,8.0,16.0,0.0
grand_sim_v0_4,with_regime_original,regime_heavy,0.1,0.3,federation_cluster_attack,mid_stress,10,10,0,1.0,1.0,0.0,0.0,6.1,6.0,5.0,7.0,0.0
grand_sim_v0_4,with_regime_original,regime_heavy,0.1,0.3,federation_cluster_attack,high_stress,10,10,0,1.0,1.0,0.0,0.0,6.1,6.0,5.0,7.0,0.0
grand_sim_v0_4,with_regime_original,regime_heavy,0.1,0.3,psi_corruption,low_stress,10,10,0,1.0,1.0,0.0,0.0,10.2,9.0,9.0,14.0,0.0
grand_sim_v0_4,with_regime_original,regime_heavy,0.1,0.3,psi_corruption,mid_stress,10,10,0,1.0,1.0,0.0,0.0,5.3,5.0,4.0,7.0,0.0
grand_sim_v0_4,with_regime_original,regime_heavy,0.1,0.3,psi_corruption,high_stress,10,10,0,1.0,1.0,0.0,0.0,6.2,6.0,5.0,8.0,0.0
grand_sim_v0_4,with_regime_original,regime_heavy,0.1,0.32,async_message_loss,low_stress,10,0,10,0.0,0.0,0.0,0.0,0.0,0.0,,,0.0
grand_sim_v0_4,with_regime_original,regime_heavy,0.1,0.32,async_message_loss,mid_stress,10,0,10,0.0,0.0,0.0,0.0,0.0,0.0,,,0.0
grand_sim_v0_4,with_regime_original,regime_heavy,0.1,0.32,async_message_loss,high_stress,10,10,0,1.0,1.0,0.0,0.0,8.8,9.0,7.0,10.0,0.0
grand_sim_v0_4,with_regime_original,regime_heavy,0.1,0.32,federation_bridge_stress,low_stress,10,0,10,0.0,0.0,0.0,0.0,0.0,0.0,,,0.0
grand_sim_v0_4,with_regime_original,regime_heavy,0.1,0.32,federation_bridge_stress,mid_stress,10,0,10,0.0,0.0,0.0,0.0,0.0,0.0,,,0.0
grand_sim_v0_4,with_regime_original,regime_heavy,0.1,0.32,federation_bridge_stress,high_stress,10,10,0,1.0,1.0,0.0,0.0,4.4,4.0,3.0,5.0,0.0
grand_sim_v0_4,with_regime_original,regime_heavy,0.1,0.32,federation_cluster_attack,low_stress,10,10,0,1.0,1.0,0.0,0.0,10.2,9.0,7.0,16.0,0.0
grand_sim_v0_4,with_regime_original,regime_heavy,0.1,0.32,federation_cluster_attack,mid_stress,10,10,0,1.0,1.0,0.0,0.0,5.3,5.0,4.0,7.0,0.0
grand_sim_v0_4,with_regime_original,regime_heavy,0.1,0.32,federation_cluster_attack,high_stress,10,10,0,1.0,1.0,0.0,0.0,4.4,4.0,4.0,5.0,0.0
grand_sim_v0_4,with_regime_original,regime_heavy,0.1,0.32,psi_corruption,low_stress,10,10,0,1.0,1.0,0.0,0.0,7.4,6.0,4.0,14.0,0.0
grand_sim_v0_4,with_regime_original,regime_heavy,0.1,0.32,psi_corruption,mid_stress,10,10,0,1.0,1.0,0.0,0.0,4.2,4.0,3.0,6.0,0.0
grand_sim_v0_4,with_regime_original,regime_heavy,0.1,0.32,psi_corruption,high_stress,10,10,0,1.0,1.0,0.0,0.0,4.7,4.0,4.0,6.0,0.0
grand_sim_v0_4,with_regime_original,regime_heavy,0.1,0.34,async_message_loss,low_stress,10,0,10,0.0,0.0,0.0,0.0,0.0,0.0,,,0.0
grand_sim_v0_4,with_regime_original,regime_heavy,0.1,0.34,async_message_loss,mid_stress,10,0,10,0.0,0.0,0.0,0.0,0.0,0.0,,,0.0
grand_sim_v0_4,with_regime_original,regime_heavy,0.1,0.34,async_message_loss,high_stress,10,10,0,1.0,1.0,0.0,0.0,7.0,7.0,6.0,8.0,0.0
grand_sim_v0_4,with_regime_original,regime_heavy,0.1,0.34,federation_bridge_stress,low_stress,10,0,10,0.0,0.0,0.0,0.0,0.0,0.0,,,0.0
grand_sim_v0_4,with_regime_original,regime_heavy,0.1,0.34,federation_bridge_stress,mid_stress,10,0,10,0.0,0.0,0.0,0.0,0.0,0.0,,,0.0
grand_sim_v0_4,with_regime_original,regime_heavy,0.1,0.34,federation_bridge_stress,high_stress,10,10,0,1.0,1.0,0.0,0.0,3.0,3.0,2.0,4.0,0.0
grand_sim_v0_4,with_regime_original,regime_heavy,0.1,0.34,federation_cluster_attack,low_stress,10,10,0,1.0,1.0,0.0,0.0,10.2,9.0,7.0,16.0,0.0
grand_sim_v0_4,with_regime_original,regime_heavy,0.1,0.34,federation_cluster_attack,mid_stress,10,10,0,1.0,1.0,0.0,0.0,5.3,5.0,4.0,7.0,0.0
grand_sim_v0_4,with_regime_original,regime_heavy,0.1,0.34,federation_cluster_attack,high_stress,10,10,0,1.0,1.0,0.0,0.0,3.2,3.0,2.0,4.0,0.0
grand_sim_v0_4,with_regime_original,regime_heavy,0.1,0.34,psi_corruption,low_stress,10,10,0,1.0,1.0,0.0,0.0,7.4,6.0,4.0,14.0,0.0
grand_sim_v0_4,with_regime_original,regime_heavy,0.1,0.34,psi_corruption,mid_stress,10,10,0,1.0,1.0,0.0,0.0,4.2,4.0,3.0,6.0,0.0
grand_sim_v0_4,with_regime_original,regime_heavy,0.1,0.34,psi_corruption,high_stress,10,10,0,1.0,1.0,0.0,0.0,3.4,3.0,2.0,5.0,0.0
grand_sim_v0_4,with_regime_original,regime_heavy,0.1,0.36,async_message_loss,low_stress,10,0,10,0.0,0.0,0.0,0.0,0.0,0.0,,,0.0
grand_sim_v0_4,with_regime_original,regime_heavy,0.1,0.36,async_message_loss,mid_stress,10,0,10,0.0,0.0,0.0,0.0,0.0,0.0,,,0.0
grand_sim_v0_4,with_regime_original,regime_heavy,0.1,0.36,async_message_loss,high_stress,10,10,0,1.0,1.0,0.0,0.0,5.6,5.0,4.0,7.0,0.0
grand_sim_v0_4,with_regime_original,regime_heavy,0.1,0.36,federation_bridge_stress,low_stress,10,0,10,0.0,0.0,0.0,0.0,0.0,0.0,,,0.0
grand_sim_v0_4,with_regime_original,regime_heavy,0.1,0.36,federation_bridge_stress,mid_stress,10,0,10,0.0,0.0,0.0,0.0,0.0,0.0,,,0.0
grand_sim_v0_4,with_regime_original,regime_heavy,0.1,0.36,federation_bridge_stress,high_stress,10,10,0,1.0,1.0,0.0,0.0,1.9,2.0,1.0,3.0,0.0
grand_sim_v0_4,with_regime_original,regime_heavy,0.1,0.36,federation_cluster_attack,low_stress,10,10,0,1.0,1.0,0.0,0.0,10.2,9.0,7.0,16.0,0.0
grand_sim_v0_4,with_regime_original,regime_heavy,0.1,0.36,federation_cluster_attack,mid_stress,10,10,0,1.0,1.0,0.0,0.0,5.3,5.0,4.0,7.0,0.0
grand_sim_v0_4,with_regime_original,regime_heavy,0.1,0.36,federation_cluster_attack,high_stress,10,10,0,1.0,1.0,0.0,0.0,2.0,2.0,1.0,3.0,0.0
grand_sim_v0_4,with_regime_original,regime_heavy,0.1,0.36,psi_corruption,low_stress,10,10,0,1.0,1.0,0.0,0.0,7.4,6.0,4.0,14.0,0.0
grand_sim_v0_4,with_regime_original,regime_heavy,0.1,0.36,psi_corruption,mid_stress,10,10,0,1.0,1.0,0.0,0.0,4.2,4.0,3.0,6.0,0.0
grand_sim_v0_4,with_regime_original,regime_heavy,0.1,0.36,psi_corruption,high_stress,10,10,0,1.0,1.0,0.0,0.0,2.2,2.0,1.0,4.0,0.0
grand_sim_v0_4,with_regime_original,regime_heavy,0.1,0.38,async_message_loss,low_stress,10,0,10,0.0,0.0,0.0,0.0,0.0,0.0,,,0.0
grand_sim_v0_4,with_regime_original,regime_heavy,0.1,0.38,async_message_loss,mid_stress,10,0,10,0.0,0.0,0.0,0.0,0.0,0.0,,,0.0
grand_sim_v0_4,with_regime_original,regime_heavy,0.1,0.38,async_message_loss,high_stress,10,10,0,1.0,1.0,0.0,0.0,4.1,4.0,3.0,5.0,0.0
grand_sim_v0_4,with_regime_original,regime_heavy,0.1,0.38,federation_bridge_stress,low_stress,10,0,10,0.0,0.0,0.0,0.0,0.0,0.0,,,0.0
grand_sim_v0_4,with_regime_original,regime_heavy,0.1,0.38,federation_bridge_stress,mid_stress,10,0,10,0.0,0.0,0.0,0.0,0.0,0.0,,,0.0
grand_sim_v0_4,with_regime_original,regime_heavy,0.1,0.38,federation_bridge_stress,high_stress,10,10,0,1.0,1.0,0.0,0.0,1.0,1.0,0.0,2.0,0.0
grand_sim_v0_4,with_regime_original,regime_heavy,0.1,0.38,federation_cluster_attack,low_stress,10,10,0,1.0,1.0,0.0,0.0,10.2,9.0,7.0,16.0,0.0
grand_sim_v0_4,with_regime_original,regime_heavy,0.1,0.38,federation_cluster_attack,mid_stress,10,10,0,1.0,1.0,0.0,0.0,5.3,5.0,4.0,7.0,0.0
grand_sim_v0_4,with_regime_original,regime_heavy,0.1,0.38,federation_cluster_attack,high_stress,10,10,0,1.0,1.0,0.0,0.0,1.5,1.0,1.0,3.0,0.0
grand_sim_v0_4,with_regime_original,regime_heavy,0.1,0.38,psi_corruption,low_stress,10,10,0,1.0,1.0,0.0,0.0,7.4,6.0,4.0,14.0,0.0
grand_sim_v0_4,with_regime_original,regime_heavy,0.1,0.38,psi_corruption,mid_stress,10,10,0,1.0,1.0,0.0,0.0,4.2,4.0,3.0,6.0,0.0
grand_sim_v0_4,with_regime_original,regime_heavy,0.1,0.38,psi_corruption,high_stress,10,10,0,1.0,1.0,0.0,0.0,1.3,1.0,0.0,2.0,0.0
grand_sim_v0_4,with_regime_original,regime_heavy,0.1,0.4,async_message_loss,low_stress,10,0,10,0.0,0.0,0.0,0.0,0.0,0.0,,,0.0
grand_sim_v0_4,with_regime_original,regime_heavy,0.1,0.4,async_message_loss,mid_stress,10,0,10,0.0,0.0,0.0,0.0,0.0,0.0,,,0.0
grand_sim_v0_4,with_regime_original,regime_heavy,0.1,0.4,async_message_loss,high_stress,10,10,0,1.0,1.0,0.0,0.0,3.0,3.0,2.0,4.0,0.0
grand_sim_v0_4,with_regime_original,regime_heavy,0.1,0.4,federation_bridge_stress,low_stress,10,0,10,0.0,0.0,0.0,0.0,0.0,0.0,,,0.0
grand_sim_v0_4,with_regime_original,regime_heavy,0.1,0.4,federation_bridge_stress,mid_stress,10,0,10,0.0,0.0,0.0,0.0,0.0,0.0,,,0.0
grand_sim_v0_4,with_regime_original,regime_heavy,0.1,0.4,federation_bridge_stress,high_stress,10,10,0,1.0,1.0,0.0,0.0,0.7,1.0,0.0,1.0,0.0
grand_sim_v0_4,with_regime_original,regime_heavy,0.1,0.4,federation_cluster_attack,low_stress,10,10,0,1.0,1.0,0.0,0.0,10.1,9.0,7.0,15.0,0.0
grand_sim_v0_4,with_regime_original,regime_heavy,0.1,0.4,federation_cluster_attack,mid_stress,10,10,0,1.0,1.0,0.0,0.0,5.1,5.0,4.0,6.0,0.0
grand_sim_v0_4,with_regime_original,regime_heavy,0.1,0.4,federation_cluster_attack,high_stress,10,10,0,1.0,1.0,0.0,0.0,1.5,1.0,1.0,3.0,0.0
grand_sim_v0_4,with_regime_original,regime_heavy,0.1,0.4,psi_corruption,low_stress,10,10,0,1.0,1.0,0.0,0.0,7.4,6.0,4.0,14.0,0.0
grand_sim_v0_4,with_regime_original,regime_heavy,0.1,0.4,psi_corruption,mid_stress,10,10,0,1.0,1.0,0.0,0.0,4.1,4.0,3.0,6.0,0.0
grand_sim_v0_4,with_regime_original,regime_heavy,0.1,0.4,psi_corruption,high_stress,10,10,0,1.0,1.0,0.0,0.0,1.0,1.0,0.0,2.0,0.0
grand_sim_v0_4,with_regime_original,regime_heavy,0.1,0.42,async_message_loss,low_stress,10,0,10,0.0,0.0,0.0,0.0,0.0,0.0,,,0.0
grand_sim_v0_4,with_regime_original,regime_heavy,0.1,0.42,async_message_loss,mid_stress,10,0,10,0.0,0.0,0.0,0.0,0.0,0.0,,,0.0
grand_sim_v0_4,with_regime_original,regime_heavy,0.1,0.42,async_message_loss,high_stress,10,10,0,1.0,1.0,0.0,0.0,1.8,2.0,1.0,3.0,0.0
grand_sim_v0_4,with_regime_original,regime_heavy,0.1,0.42,federation_bridge_stress,low_stress,10,0,10,0.0,0.0,0.0,0.0,0.0,0.0,,,0.0
grand_sim_v0_4,with_regime_original,regime_heavy,0.1,0.42,federation_bridge_stress,mid_stress,10,0,10,0.0,0.0,0.0,0.0,0.0,0.0,,,0.0
grand_sim_v0_4,with_regime_original,regime_heavy,0.1,0.42,federation_bridge_stress,high_stress,10,10,0,1.0,1.0,0.0,0.0,0.7,1.0,0.0,1.0,0.0
grand_sim_v0_4,with_regime_original,regime_heavy,0.1,0.42,federation_cluster_attack,low_stress,10,10,0,1.0,1.0,0.0,0.0,9.7,9.0,7.0,13.0,0.0
grand_sim_v0_4,with_regime_original,regime_heavy,0.1,0.42,federation_cluster_attack,mid_stress,10,10,0,1.0,1.0,0.0,0.0,5.0,5.0,4.0,6.0,0.0
grand_sim_v0_4,with_regime_original,regime_heavy,0.1,0.42,federation_cluster_attack,high_stress,10,10,0,1.0,1.0,0.0,0.0,1.5,1.0,1.0,3.0,0.0
grand_sim_v0_4,with_regime_original,regime_heavy,0.1,0.42,psi_corruption,low_stress,10,10,0,1.0,1.0,0.0,0.0,7.2,6.0,4.0,13.0,0.0
grand_sim_v0_4,with_regime_original,regime_heavy,0.1,0.42,psi_corruption,mid_stress,10,10,0,1.0,1.0,0.0,0.0,3.9,4.0,3.0,5.0,0.0
grand_sim_v0_4,with_regime_original,regime_heavy,0.1,0.42,psi_corruption,high_stress,10,10,0,1.0,1.0,0.0,0.0,1.0,1.0,0.0,2.0,0.0
grand_sim_v0_4,with_regime_original,regime_heavy,0.1,0.44,async_message_loss,low_stress,10,0,10,0.0,0.0,0.0,0.0,0.0,0.0,,,0.0
grand_sim_v0_4,with_regime_original,regime_heavy,0.1,0.44,async_message_loss,mid_stress,10,0,10,0.0,0.0,0.0,0.0,0.0,0.0,,,0.0
grand_sim_v0_4,with_regime_original,regime_heavy,0.1,0.44,async_message_loss,high_stress,10,10,0,1.0,1.0,0.0,0.0,1.6,1.0,1.0,3.0,0.0
grand_sim_v0_4,with_regime_original,regime_heavy,0.1,0.44,federation_bridge_stress,low_stress,10,0,10,0.0,0.0,0.0,0.0,0.0,0.0,,,0.0
grand_sim_v0_4,with_regime_original,regime_heavy,0.1,0.44,federation_bridge_stress,mid_stress,10,0,10,0.0,0.0,0.0,0.0,0.0,0.0,,,0.0
grand_sim_v0_4,with_regime_original,regime_heavy,0.1,0.44,federation_bridge_stress,high_stress,10,10,0,1.0,1.0,0.0,0.0,0.7,1.0,0.0,1.0,0.0
grand_sim_v0_4,with_regime_original,regime_heavy,0.1,0.44,federation_cluster_attack,low_stress,10,10,0,1.0,1.0,0.0,0.0,4.5,5.0,1.0,7.0,0.0
grand_sim_v0_4,with_regime_original,regime_heavy,0.1,0.44,federation_cluster_attack,mid_stress,10,10,0,1.0,1.0,0.0,0.0,2.0,2.0,0.0,3.0,0.0
grand_sim_v0_4,with_regime_original,regime_heavy,0.1,0.44,federation_cluster_attack,high_stress,10,10,0,1.0,1.0,0.0,0.0,1.5,1.0,1.0,3.0,0.0
grand_sim_v0_4,with_regime_original,regime_heavy,0.1,0.44,psi_corruption,low_stress,10,10,0,1.0,1.0,0.0,0.0,4.3,4.0,3.0,7.0,0.0
grand_sim_v0_4,with_regime_original,regime_heavy,0.1,0.44,psi_corruption,mid_stress,10,10,0,1.0,1.0,0.0,0.0,2.2,2.0,1.0,4.0,0.0
grand_sim_v0_4,with_regime_original,regime_heavy,0.1,0.44,psi_corruption,high_stress,10,10,0,1.0,1.0,0.0,0.0,1.0,1.0,0.0,2.0,0.0
grand_sim_v0_4,with_regime_original,regime_heavy,0.1,0.46,async_message_loss,low_stress,10,0,10,0.0,0.0,0.0,0.0,0.0,0.0,,,0.0
grand_sim_v0_4,with_regime_original,regime_heavy,0.1,0.46,async_message_loss,mid_stress,10,0,10,0.0,0.0,0.0,0.0,0.0,0.0,,,0.0
grand_sim_v0_4,with_regime_original,regime_heavy,0.1,0.46,async_message_loss,high_stress,10,10,0,1.0,1.0,0.0,0.0,1.6,1.0,1.0,3.0,0.0
grand_sim_v0_4,with_regime_original,regime_heavy,0.1,0.46,federation_bridge_stress,low_stress,10,0,10,0.0,0.0,0.0,0.0,0.0,0.0,,,0.0
grand_sim_v0_4,with_regime_original,regime_heavy,0.1,0.46,federation_bridge_stress,mid_stress,10,0,10,0.0,0.0,0.0,0.0,0.0,0.0,,,0.0
grand_sim_v0_4,with_regime_original,regime_heavy,0.1,0.46,federation_bridge_stress,high_stress,10,10,0,1.0,1.0,0.0,0.0,0.7,1.0,0.0,1.0,0.0
grand_sim_v0_4,with_regime_original,regime_heavy,0.1,0.46,federation_cluster_attack,low_stress,10,10,0,0.2,0.0,0.8,0.0,0.0,0.0,,,15.0
grand_sim_v0_4,with_regime_original,regime_heavy,0.1,0.46,federation_cluster_attack,mid_stress,10,10,0,1.0,0.0,0.0,0.0,0.0,0.0,,,2.7
grand_sim_v0_4,with_regime_original,regime_heavy,0.1,0.46,federation_cluster_attack,high_stress,10,10,0,1.0,1.0,0.0,0.0,1.5,1.0,1.0,3.0,0.0
grand_sim_v0_4,with_regime_original,regime_heavy,0.1,0.46,psi_corruption,low_stress,10,10,0,1.0,0.0,0.0,0.0,0.0,0.0,,,9.8
grand_sim_v0_4,with_regime_original,regime_heavy,0.1,0.46,psi_corruption,mid_stress,10,10,0,1.0,0.0,0.0,0.0,0.0,0.0,,,2.5
grand_sim_v0_4,with_regime_original,regime_heavy,0.1,0.46,psi_corruption,high_stress,10,10,0,1.0,1.0,0.0,0.0,1.0,1.0,0.0,2.0,0.0
grand_sim_v0_4,with_regime_original,regime_heavy,0.1,0.48,async_message_loss,low_stress,10,0,10,0.0,0.0,0.0,0.0,0.0,0.0,,,0.0
grand_sim_v0_4,with_regime_original,regime_heavy,0.1,0.48,async_message_loss,mid_stress,10,0,10,0.0,0.0,0.0,0.0,0.0,0.0,,,0.0
grand_sim_v0_4,with_regime_original,regime_heavy,0.1,0.48,async_message_loss,high_stress,10,10,0,1.0,1.0,0.0,0.0,1.6,1.0,1.0,3.0,0.0
grand_sim_v0_4,with_regime_original,regime_heavy,0.1,0.48,federation_bridge_stress,low_stress,10,0,10,0.0,0.0,0.0,0.0,0.0,0.0,,,0.0
grand_sim_v0_4,with_regime_original,regime_heavy,0.1,0.48,federation_bridge_stress,mid_stress,10,0,10,0.0,0.0,0.0,0.0,0.0,0.0,,,0.0
grand_sim_v0_4,with_regime_original,regime_heavy,0.1,0.48,federation_bridge_stress,high_stress,10,10,0,1.0,1.0,0.0,0.0,0.7,1.0,0.0,1.0,0.0
grand_sim_v0_4,with_regime_original,regime_heavy,0.1,0.48,federation_cluster_attack,low_stress,10,10,0,0.0,0.0,1.0,0.0,0.0,0.0,,,0.0
grand_sim_v0_4,with_regime_original,regime_heavy,0.1,0.48,federation_cluster_attack,mid_stress,10,10,0,1.0,0.0,0.0,0.0,0.0,0.0,,,6.6
grand_sim_v0_4,with_regime_original,regime_heavy,0.1,0.48,federation_cluster_attack,high_stress,10,10,0,1.0,1.0,0.0,0.0,1.5,1.0,1.0,3.0,0.0
grand_sim_v0_4,with_regime_original,regime_heavy,0.1,0.48,psi_corruption,low_stress,10,10,0,0.0,0.0,1.0,0.0,0.0,0.0,,,0.0
grand_sim_v0_4,with_regime_original,regime_heavy,0.1,0.48,psi_corruption,mid_stress,10,10,0,1.0,0.0,0.0,0.0,0.0,0.0,,,7.2
grand_sim_v0_4,with_regime_original,regime_heavy,0.1,0.48,psi_corruption,high_stress,10,10,0,1.0,1.0,0.0,0.0,1.0,1.0,0.0,2.0,0.0
grand_sim_v0_4,with_regime_original,regime_heavy,0.1,0.5,async_message_loss,low_stress,10,0,10,0.0,0.0,0.0,0.0,0.0,0.0,,,0.0
grand_sim_v0_4,with_regime_original,regime_heavy,0.1,0.5,async_message_loss,mid_stress,10,0,10,0.0,0.0,0.0,0.0,0.0,0.0,,,0.0
grand_sim_v0_4,with_regime_original,regime_heavy,0.1,0.5,async_message_loss,high_stress,10,10,0,1.0,1.0,0.0,0.0,1.6,1.0,1.0,3.0,0.0
grand_sim_v0_4,with_regime_original,regime_heavy,0.1,0.5,federation_bridge_stress,low_stress,10,0,10,0.0,0.0,0.0,0.0,0.0,0.0,,,0.0
grand_sim_v0_4,with_regime_original,regime_heavy,0.1,0.5,federation_bridge_stress,mid_stress,10,0,10,0.0,0.0,0.0,0.0,0.0,0.0,,,0.0
grand_sim_v0_4,with_regime_original,regime_heavy,0.1,0.5,federation_bridge_stress,high_stress,10,10,0,1.0,1.0,0.0,0.0,0.7,1.0,0.0,1.0,0.0
grand_sim_v0_4,with_regime_original,regime_heavy,0.1,0.5,federation_cluster_attack,low_stress,10,10,0,0.0,0.0,1.0,0.0,0.0,0.0,,,0.0
grand_sim_v0_4,with_regime_original,regime_heavy,0.1,0.5,federation_cluster_attack,mid_stress,10,10,0,1.0,0.0,0.0,0.0,0.0,0.0,,,11.2
grand_sim_v0_4,with_regime_original,regime_heavy,0.1,0.5,federation_cluster_attack,high_stress,10,10,0,1.0,1.0,0.0,0.0,1.3,1.0,1.0,2.0,0.0
grand_sim_v0_4,with_regime_original,regime_heavy,0.1,0.5,psi_corruption,low_stress,10,10,0,0.0,0.0,1.0,0.0,0.0,0.0,,,0.0
grand_sim_v0_4,with_regime_original,regime_heavy,0.1,0.5,psi_corruption,mid_stress,10,10,0,1.0,0.0,0.0,0.0,0.0,0.0,,,12.4
grand_sim_v0_4,with_regime_original,regime_heavy,0.1,0.5,psi_corruption,high_stress,10,10,0,1.0,1.0,0.0,0.0,1.0,1.0,0.0,2.0,0.0
grand_sim_v0_4,with_regime_original,regime_heavy,0.1,0.52,async_message_loss,low_stress,10,0,10,0.0,0.0,0.0,0.0,0.0,0.0,,,0.0
grand_sim_v0_4,with_regime_original,regime_heavy,0.1,0.52,async_message_loss,mid_stress,10,0,10,0.0,0.0,0.0,0.0,0.0,0.0,,,0.0
grand_sim_v0_4,with_regime_original,regime_heavy,0.1,0.52,async_message_loss,high_stress,10,10,0,1.0,1.0,0.0,0.0,1.6,1.0,1.0,3.0,0.0
grand_sim_v0_4,with_regime_original,regime_heavy,0.1,0.52,federation_bridge_stress,low_stress,10,0,10,0.0,0.0,0.0,0.0,0.0,0.0,,,0.0
grand_sim_v0_4,with_regime_original,regime_heavy,0.1,0.52,federation_bridge_stress,mid_stress,10,0,10,0.0,0.0,0.0,0.0,0.0,0.0,,,0.0
grand_sim_v0_4,with_regime_original,regime_heavy,0.1,0.52,federation_bridge_stress,high_stress,10,10,0,1.0,0.9,0.0,0.0,0.333333,0.0,0.0,1.0,1.0
grand_sim_v0_4,with_regime_original,regime_heavy,0.1,0.52,federation_cluster_attack,low_stress,10,10,0,0.0,0.0,1.0,0.0,0.0,0.0,,,0.0
grand_sim_v0_4,with_regime_original,regime_heavy,0.1,0.52,federation_cluster_attack,mid_stress,10,10,0,1.0,0.0,0.0,0.0,0.0,0.0,,,19.1
grand_sim_v0_4,with_regime_original,regime_heavy,0.1,0.52,federation_cluster_attack,high_stress,10,10,0,1.0,1.0,0.0,0.0,0.4,0.0,0.0,1.0,0.0
grand_sim_v0_4,with_regime_original,regime_heavy,0.1,0.52,psi_corruption,low_stress,10,10,0,0.0,0.0,1.0,0.0,0.0,0.0,,,0.0
grand_sim_v0_4,with_regime_original,regime_heavy,0.1,0.52,psi_corruption,mid_stress,10,10,0,1.0,0.0,0.0,0.0,0.0,0.0,,,19.5
grand_sim_v0_4,with_regime_original,regime_heavy,0.1,0.52,psi_corruption,high_stress,10,10,0,1.0,0.9,0.0,0.0,0.666667,1.0,0.0,2.0,1.0
grand_sim_v0_4,with_regime_original,regime_heavy,0.1,0.54,async_message_loss,low_stress,10,0,10,0.0,0.0,0.0,0.0,0.0,0.0,,,0.0
grand_sim_v0_4,with_regime_original,regime_heavy,0.1,0.54,async_message_loss,mid_stress,10,0,10,0.0,0.0,0.0,0.0,0.0,0.0,,,0.0
grand_sim_v0_4,with_regime_original,regime_heavy,0.1,0.54,async_message_loss,high_stress,10,10,0,1.0,1.0,0.0,0.0,1.6,1.0,1.0,3.0,0.0
grand_sim_v0_4,with_regime_original,regime_heavy,0.1,0.54,federation_bridge_stress,low_stress,10,0,10,0.0,0.0,0.0,0.0,0.0,0.0,,,0.0
grand_sim_v0_4,with_regime_original,regime_heavy,0.1,0.54,federation_bridge_stress,mid_stress,10,0,10,0.0,0.0,0.0,0.0,0.0,0.0,,,0.0
grand_sim_v0_4,with_regime_original,regime_heavy,0.1,0.54,federation_bridge_stress,high_stress,10,10,0,1.0,0.5,0.0,0.0,0.0,0.0,0.0,0.0,1.2
grand_sim_v0_4,with_regime_original,regime_heavy,0.1,0.54,federation_cluster_attack,low_stress,10,10,0,0.0,0.0,1.0,0.0,0.0,0.0,,,0.0
grand_sim_v0_4,with_regime_original,regime_heavy,0.1,0.54,federation_cluster_attack,mid_stress,10,10,0,1.0,0.0,0.0,0.0,0.0,0.0,,,30.8
grand_sim_v0_4,with_regime_original,regime_heavy,0.1,0.54,federation_cluster_attack,high_stress,10,10,0,1.0,0.4,0.0,0.0,0.0,0.0,0.0,0.0,1.0
grand_sim_v0_4,with_regime_original,regime_heavy,0.1,0.54,psi_corruption,low_stress,10,10,0,0.0,0.0,1.0,0.0,0.0,0.0,,,0.0
grand_sim_v0_4,with_regime_original,regime_heavy,0.1,0.54,psi_corruption,mid_stress,10,10,0,1.0,0.0,0.0,0.0,0.0,0.0,,,29.9
grand_sim_v0_4,with_regime_original,regime_heavy,0.1,0.54,psi_corruption,high_stress,10,10,0,1.0,0.6,0.0,0.0,0.166667,0.0,0.0,1.0,1.25
grand_sim_v0_4,with_regime_original,regime_heavy,0.1,0.56,async_message_loss,low_stress,10,0,10,0.0,0.0,0.0,0.0,0.0,0.0,,,0.0
grand_sim_v0_4,with_regime_original,regime_heavy,0.1,0.56,async_message_loss,mid_stress,10,0,10,0.0,0.0,0.0,0.0,0.0,0.0,,,0.0
grand_sim_v0_4,with_regime_original,regime_heavy,0.1,0.56,async_message_loss,high_stress,10,10,0,1.0,1.0,0.0,0.0,0.8,1.0,0.0,2.0,0.0
grand_sim_v0_4,with_regime_original,regime_heavy,0.1,0.56,federation_bridge_stress,low_stress,10,0,10,0.0,0.0,0.0,0.0,0.0,0.0,,,0.0
grand_sim_v0_4,with_regime_original,regime_heavy,0.1,0.56,federation_bridge_stress,mid_stress,10,0,10,0.0,0.0,0.0,0.0,0.0,0.0,,,0.0
grand_sim_v0_4,with_regime_original,regime_heavy,0.1,0.56,federation_bridge_stress,high_stress,10,10,0,1.0,0.2,0.0,0.0,0.0,0.0,0.0,0.0,1.25
grand_sim_v0_4,with_regime_original,regime_heavy,0.1,0.56,federation_cluster_attack,low_stress,10,10,0,0.0,0.0,1.0,0.0,0.0,0.0,,,0.0
grand_sim_v0_4,with_regime_original,regime_heavy,0.1,0.56,federation_cluster_attack,mid_stress,10,10,0,0.0,0.0,1.0,0.0,0.0,0.0,,,0.0
grand_sim_v0_4,with_regime_original,regime_heavy,0.1,0.56,federation_cluster_attack,high_stress,10,10,0,1.0,0.0,0.0,0.0,0.0,0.0,,,1.3
grand_sim_v0_4,with_regime_original,regime_heavy,0.1,0.56,psi_corruption,low_stress,10,10,0,0.0,0.0,1.0,0.0,0.0,0.0,,,0.0
grand_sim_v0_4,with_regime_original,regime_heavy,0.1,0.56,psi_corruption,mid_stress,10,10,0,1.0,0.0,0.0,0.0,0.0,0.0,,,45.2
grand_sim_v0_4,with_regime_original,regime_heavy,0.1,0.56,psi_corruption,high_stress,10,10,0,1.0,0.2,0.0,0.0,0.0,0.0,0.0,0.0,1.125
grand_sim_v0_4,with_regime_original,regime_heavy,0.1,0.58,async_message_loss,low_stress,10,0,10,0.0,0.0,0.0,0.0,0.0,0.0,,,0.0
grand_sim_v0_4,with_regime_original,regime_heavy,0.1,0.58,async_message_loss,mid_stress,10,0,10,0.0,0.0,0.0,0.0,0.0,0.0,,,0.0
grand_sim_v0_4,with_regime_original,regime_heavy,0.1,0.58,async_message_loss,high_stress,10,10,0,1.0,0.4,0.0,0.0,0.0,0.0,0.0,0.0,1.166667
grand_sim_v0_4,with_regime_original,regime_heavy,0.1,0.58,federation_bridge_stress,low_stress,10,0,10,0.0,0.0,0.0,0.0,0.0,0.0,,,0.0
grand_sim_v0_4,with_regime_original,regime_heavy,0.1,0.58,federation_bridge_stress,mid_stress,10,0,10,0.0,0.0,0.0,0.0,0.0,0.0,,,0.0
grand_sim_v0_4,with_regime_original,regime_heavy,0.1,0.58,federation_bridge_stress,high_stress,10,10,0,1.0,0.2,0.0,0.0,0.0,0.0,0.0,0.0,1.5
grand_sim_v0_4,with_regime_original,regime_heavy,0.1,0.58,federation_cluster_attack,low_stress,10,10,0,0.0,0.0,1.0,0.0,0.0,0.0,,,0.0
grand_sim_v0_4,with_regime_original,regime_heavy,0.1,0.58,federation_cluster_attack,mid_stress,10,10,0,0.0,0.0,1.0,0.0,0.0,0.0,,,0.0
grand_sim_v0_4,with_regime_original,regime_heavy,0.1,0.58,federation_cluster_attack,high_stress,10,10,0,1.0,0.0,0.0,0.0,0.0,0.0,,,1.5
grand_sim_v0_4,with_regime_original,regime_heavy,0.1,0.58,psi_corruption,low_stress,10,10,0,0.0,0.0,1.0,0.0,0.0,0.0,,,0.0
grand_sim_v0_4,with_regime_original,regime_heavy,0.1,0.58,psi_corruption,mid_stress,10,10,0,0.0,0.0,1.0,0.0,0.0,0.0,,,0.0
grand_sim_v0_4,with_regime_original,regime_heavy,0.1,0.58,psi_corruption,high_stress,10,10,0,1.0,0.2,0.0,0.0,0.0,0.0,0.0,0.0,1.25
grand_sim_v0_4,with_regime_original,regime_heavy,0.1,0.6,async_message_loss,low_stress,10,0,10,0.0,0.0,0.0,0.0,0.0,0.0,,,0.0
grand_sim_v0_4,with_regime_original,regime_heavy,0.1,0.6,async_message_loss,mid_stress,10,0,10,0.0,0.0,0.0,0.0,0.0,0.0,,,0.0
grand_sim_v0_4,with_regime_original,regime_heavy,0.1,0.6,async_message_loss,high_stress,10,10,0,1.0,0.0,0.0,0.0,0.0,0.0,,,1.6
grand_sim_v0_4,with_regime_original,regime_heavy,0.1,0.6,federation_bridge_stress,low_stress,10,0,10,0.0,0.0,0.0,0.0,0.0,0.0,,,0.0
grand_sim_v0_4,with_regime_original,regime_heavy,0.1,0.6,federation_bridge_stress,mid_stress,10,0,10,0.0,0.0,0.0,0.0,0.0,0.0,,,0.0
grand_sim_v0_4,with_regime_original,regime_heavy,0.1,0.6,federation_bridge_stress,high_stress,10,10,0,1.0,0.2,0.0,0.0,0.0,0.0,0.0,0.0,1.5
grand_sim_v0_4,with_regime_original,regime_heavy,0.1,0.6,federation_cluster_attack,low_stress,10,10,0,0.0,0.0,1.0,0.0,0.0,0.0,,,0.0
grand_sim_v0_4,with_regime_original,regime_heavy,0.1,0.6,federation_cluster_attack,mid_stress,10,10,0,0.0,0.0,1.0,0.0,0.0,0.0,,,0.0
grand_sim_v0_4,with_regime_original,regime_heavy,0.1,0.6,federation_cluster_attack,high_stress,10,10,0,1.0,0.0,0.0,0.0,0.0,0.0,,,1.5
grand_sim_v0_4,with_regime_original,regime_heavy,0.1,0.6,psi_corruption,low_stress,10,10,0,0.0,0.0,1.0,0.0,0.0,0.0,,,0.0
grand_sim_v0_4,with_regime_original,regime_heavy,0.1,0.6,psi_corruption,mid_stress,10,10,0,0.0,0.0,1.0,0.0,0.0,0.0,,,0.0
grand_sim_v0_4,with_regime_original,regime_heavy,0.1,0.6,psi_corruption,high_stress,10,10,0,1.0,0.2,0.0,0.0,0.0,0.0,0.0,0.0,1.25
grand_sim_v0_4,no_regime_ablation,regime_heavy,0.1,0.1,async_message_loss,low_stress,10,0,10,0.0,0.0,0.0,1.0,0.0,0.0,,,0.0
grand_sim_v0_4,no_regime_ablation,regime_heavy,0.1,0.1,async_message_loss,mid_stress,10,0,10,0.0,0.0,0.0,1.0,0.0,0.0,,,0.0
grand_sim_v0_4,no_regime_ablation,regime_heavy,0.1,0.1,async_message_loss,high_stress,10,10,0,1.0,1.0,0.0,0.0,31.4,31.0,29.0,33.0,0.0
grand_sim_v0_4,no_regime_ablation,regime_heavy,0.1,0.1,federation_bridge_stress,low_stress,10,0,10,0.0,0.0,0.0,1.0,0.0,0.0,,,0.0
grand_sim_v0_4,no_regime_ablation,regime_heavy,0.1,0.1,federation_bridge_stress,mid_stress,10,0,10,0.0,0.0,0.0,1.0,0.0,0.0,,,0.0
grand_sim_v0_4,no_regime_ablation,regime_heavy,0.1,0.1,federation_bridge_stress,high_stress,10,10,0,1.0,1.0,0.0,0.0,24.7,24.0,23.0,27.0,0.0
grand_sim_v0_4,no_regime_ablation,regime_heavy,0.1,0.1,federation_cluster_attack,low_stress,10,10,0,1.0,1.0,0.0,0.0,97.2,98.0,92.0,99.0,0.0
grand_sim_v0_4,no_regime_ablation,regime_heavy,0.1,0.1,federation_cluster_attack,mid_stress,10,10,0,1.0,1.0,0.0,0.0,65.9,66.0,62.0,67.0,0.0
grand_sim_v0_4,no_regime_ablation,regime_heavy,0.1,0.1,federation_cluster_attack,high_stress,10,10,0,1.0,1.0,0.0,0.0,26.5,27.0,25.0,28.0,0.0
grand_sim_v0_4,no_regime_ablation,regime_heavy,0.1,0.1,psi_corruption,low_stress,10,10,0,1.0,1.0,0.0,0.0,87.1,87.0,86.0,88.0,0.0
grand_sim_v0_4,no_regime_ablation,regime_heavy,0.1,0.1,psi_corruption,mid_stress,10,10,0,1.0,1.0,0.0,0.0,59.9,60.0,57.0,61.0,0.0
grand_sim_v0_4,no_regime_ablation,regime_heavy,0.1,0.1,psi_corruption,high_stress,10,10,0,1.0,1.0,0.0,0.0,24.6,24.0,23.0,27.0,0.0
grand_sim_v0_4,no_regime_ablation,regime_heavy,0.1,0.12,async_message_loss,low_stress,10,0,10,0.0,0.0,0.0,1.0,0.0,0.0,,,0.0
grand_sim_v0_4,no_regime_ablation,regime_heavy,0.1,0.12,async_message_loss,mid_stress,10,0,10,0.0,0.0,0.0,1.0,0.0,0.0,,,0.0
grand_sim_v0_4,no_regime_ablation,regime_heavy,0.1,0.12,async_message_loss,high_stress,10,10,0,1.0,1.0,0.0,0.0,31.4,31.0,29.0,33.0,0.0
grand_sim_v0_4,no_regime_ablation,regime_heavy,0.1,0.12,federation_bridge_stress,low_stress,10,0,10,0.0,0.0,0.0,1.0,0.0,0.0,,,0.0
grand_sim_v0_4,no_regime_ablation,regime_heavy,0.1,0.12,federation_bridge_stress,mid_stress,10,0,10,0.0,0.0,0.0,1.0,0.0,0.0,,,0.0
grand_sim_v0_4,no_regime_ablation,regime_heavy,0.1,0.12,federation_bridge_stress,high_stress,10,10,0,1.0,1.0,0.0,0.0,24.7,24.0,23.0,27.0,0.0
grand_sim_v0_4,no_regime_ablation,regime_heavy,0.1,0.12,federation_cluster_attack,low_stress,10,10,0,1.0,1.0,0.0,0.0,97.2,98.0,92.0,99.0,0.0
grand_sim_v0_4,no_regime_ablation,regime_heavy,0.1,0.12,federation_cluster_attack,mid_stress,10,10,0,1.0,1.0,0.0,0.0,65.9,66.0,62.0,67.0,0.0
grand_sim_v0_4,no_regime_ablation,regime_heavy,0.1,0.12,federation_cluster_attack,high_stress,10,10,0,1.0,1.0,0.0,0.0,26.5,27.0,25.0,28.0,0.0
grand_sim_v0_4,no_regime_ablation,regime_heavy,0.1,0.12,psi_corruption,low_stress,10,10,0,1.0,1.0,0.0,0.0,87.1,87.0,86.0,88.0,0.0
grand_sim_v0_4,no_regime_ablation,regime_heavy,0.1,0.12,psi_corruption,mid_stress,10,10,0,1.0,1.0,0.0,0.0,59.9,60.0,57.0,61.0,0.0
grand_sim_v0_4,no_regime_ablation,regime_heavy,0.1,0.12,psi_corruption,high_stress,10,10,0,1.0,1.0,0.0,0.0,24.6,24.0,23.0,27.0,0.0
grand_sim_v0_4,no_regime_ablation,regime_heavy,0.1,0.14,async_message_loss,low_stress,10,0,10,0.0,0.0,0.0,1.0,0.0,0.0,,,0.0
grand_sim_v0_4,no_regime_ablation,regime_heavy,0.1,0.14,async_message_loss,mid_stress,10,0,10,0.0,0.0,0.0,1.0,0.0,0.0,,,0.0
grand_sim_v0_4,no_regime_ablation,regime_heavy,0.1,0.14,async_message_loss,high_stress,10,10,0,1.0,1.0,0.0,0.0,31.4,31.0,29.0,33.0,0.0
grand_sim_v0_4,no_regime_ablation,regime_heavy,0.1,0.14,federation_bridge_stress,low_stress,10,0,10,0.0,0.0,0.0,1.0,0.0,0.0,,,0.0
grand_sim_v0_4,no_regime_ablation,regime_heavy,0.1,0.14,federation_bridge_stress,mid_stress,10,0,10,0.0,0.0,0.0,1.0,0.0,0.0,,,0.0
grand_sim_v0_4,no_regime_ablation,regime_heavy,0.1,0.14,federation_bridge_stress,high_stress,10,10,0,1.0,1.0,0.0,0.0,24.7,24.0,23.0,27.0,0.0
grand_sim_v0_4,no_regime_ablation,regime_heavy,0.1,0.14,federation_cluster_attack,low_stress,10,10,0,1.0,1.0,0.0,0.0,97.2,98.0,92.0,99.0,0.0
grand_sim_v0_4,no_regime_ablation,regime_heavy,0.1,0.14,federation_cluster_attack,mid_stress,10,10,0,1.0,1.0,0.0,0.0,65.9,66.0,62.0,67.0,0.0
grand_sim_v0_4,no_regime_ablation,regime_heavy,0.1,0.14,federation_cluster_attack,high_stress,10,10,0,1.0,1.0,0.0,0.0,26.5,27.0,25.0,28.0,0.0
grand_sim_v0_4,no_regime_ablation,regime_heavy,0.1,0.14,psi_corruption,low_stress,10,10,0,1.0,1.0,0.0,0.0,87.1,87.0,86.0,88.0,0.0
grand_sim_v0_4,no_regime_ablation,regime_heavy,0.1,0.14,psi_corruption,mid_stress,10,10,0,1.0,1.0,0.0,0.0,59.9,60.0,57.0,61.0,0.0
grand_sim_v0_4,no_regime_ablation,regime_heavy,0.1,0.14,psi_corruption,high_stress,10,10,0,1.0,1.0,0.0,0.0,24.6,24.0,23.0,27.0,0.0
grand_sim_v0_4,no_regime_ablation,regime_heavy,0.1,0.16,async_message_loss,low_stress,10,0,10,0.0,0.0,0.0,1.0,0.0,0.0,,,0.0
grand_sim_v0_4,no_regime_ablation,regime_heavy,0.1,0.16,async_message_loss,mid_stress,10,0,10,0.0,0.0,0.0,1.0,0.0,0.0,,,0.0
grand_sim_v0_4,no_regime_ablation,regime_heavy,0.1,0.16,async_message_loss,high_stress,10,10,0,1.0,1.0,0.0,0.0,31.4,31.0,29.0,33.0,0.0
grand_sim_v0_4,no_regime_ablation,regime_heavy,0.1,0.16,federation_bridge_stress,low_stress,10,0,10,0.0,0.0,0.0,1.0,0.0,0.0,,,0.0
grand_sim_v0_4,no_regime_ablation,regime_heavy,0.1,0.16,federation_bridge_stress,mid_stress,10,0,10,0.0,0.0,0.0,1.0,0.0,0.0,,,0.0
grand_sim_v0_4,no_regime_ablation,regime_heavy,0.1,0.16,federation_bridge_stress,high_stress,10,10,0,1.0,1.0,0.0,0.0,24.7,24.0,23.0,27.0,0.0
grand_sim_v0_4,no_regime_ablation,regime_heavy,0.1,0.16,federation_cluster_attack,low_stress,10,10,0,1.0,1.0,0.0,0.0,97.2,98.0,92.0,99.0,0.0
grand_sim_v0_4,no_regime_ablation,regime_heavy,0.1,0.16,federation_cluster_attack,mid_stress,10,10,0,1.0,1.0,0.0,0.0,65.9,66.0,62.0,67.0,0.0
grand_sim_v0_4,no_regime_ablation,regime_heavy,0.1,0.16,federation_cluster_attack,high_stress,10,10,0,1.0,1.0,0.0,0.0,26.5,27.0,25.0,28.0,0.0
grand_sim_v0_4,no_regime_ablation,regime_heavy,0.1,0.16,psi_corruption,low_stress,10,10,0,1.0,1.0,0.0,0.0,87.1,87.0,86.0,88.0,0.0
grand_sim_v0_4,no_regime_ablation,regime_heavy,0.1,0.16,psi_corruption,mid_stress,10,10,0,1.0,1.0,0.0,0.0,59.9,60.0,57.0,61.0,0.0
grand_sim_v0_4,no_regime_ablation,regime_heavy,0.1,0.16,psi_corruption,high_stress,10,10,0,1.0,1.0,0.0,0.0,24.6,24.0,23.0,27.0,0.0
grand_sim_v0_4,no_regime_ablation,regime_heavy,0.1,0.18,async_message_loss,low_stress,10,0,10,0.0,0.0,0.0,0.1,0.0,0.0,,,0.0
grand_sim_v0_4,no_regime_ablation,regime_heavy,0.1,0.18,async_message_loss,mid_stress,10,0,10,0.0,0.0,0.0,0.0,0.0,0.0,,,0.0
grand_sim_v0_4,no_regime_ablation,regime_heavy,0.1,0.18,async_message_loss,high_stress,10,10,0,1.0,1.0,0.0,0.0,31.4,31.0,29.0,33.0,0.0
grand_sim_v0_4,no_regime_ablation,regime_heavy,0.1,0.18,federation_bridge_stress,low_stress,10,0,10,0.0,0.0,0.0,0.0,0.0,0.0,,,0.0
grand_sim_v0_4,no_regime_ablation,regime_heavy,0.1,0.18,federation_bridge_stress,mid_stress,10,0,10,0.0,0.0,0.0,0.0,0.0,0.0,,,0.0
grand_sim_v0_4,no_regime_ablation,regime_heavy,0.1,0.18,federation_bridge_stress,high_stress,10,10,0,1.0,1.0,0.0,0.0,23.3,24.0,19.0,26.0,0.0
grand_sim_v0_4,no_regime_ablation,regime_heavy,0.1,0.18,federation_cluster_attack,low_stress,10,10,0,1.0,1.0,0.0,0.0,22.9,23.0,18.0,25.0,0.0
grand_sim_v0_4,no_regime_ablation,regime_heavy,0.1,0.18,federation_cluster_attack,mid_stress,10,10,0,1.0,1.0,0.0,0.0,13.0,13.0,10.0,14.0,0.0
grand_sim_v0_4,no_regime_ablation,regime_heavy,0.1,0.18,federation_cluster_attack,high_stress,10,10,0,1.0,1.0,0.0,0.0,25.1,25.0,20.0,28.0,0.0
grand_sim_v0_4,no_regime_ablation,regime_heavy,0.1,0.18,psi_corruption,low_stress,10,10,0,1.0,1.0,0.0,0.0,20.4,20.0,19.0,22.0,0.0
grand_sim_v0_4,no_regime_ablation,regime_heavy,0.1,0.18,psi_corruption,mid_stress,10,10,0,1.0,1.0,0.0,0.0,10.6,11.0,8.0,12.0,0.0
grand_sim_v0_4,no_regime_ablation,regime_heavy,0.1,0.18,psi_corruption,high_stress,10,10,0,1.0,1.0,0.0,0.0,24.1,24.0,20.0,27.0,0.0
grand_sim_v0_4,no_regime_ablation,regime_heavy,0.1,0.2,async_message_loss,low_stress,10,0,10,0.0,0.0,0.0,0.0,0.0,0.0,,,0.0
grand_sim_v0_4,no_regime_ablation,regime_heavy,0.1,0.2,async_message_loss,mid_stress,10,0,10,0.0,0.0,0.0,0.0,0.0,0.0,,,0.0
grand_sim_v0_4,no_regime_ablation,regime_heavy,0.1,0.2,async_message_loss,high_stress,10,10,0,1.0,1.0,0.0,0.0,19.7,19.0,19.0,21.0,0.0
grand_sim_v0_4,no_regime_ablation,regime_heavy,0.1,0.2,federation_bridge_stress,low_stress,10,0,10,0.0,0.0,0.0,0.0,0.0,0.0,,,0.0
grand_sim_v0_4,no_regime_ablation,regime_heavy,0.1,0.2,federation_bridge_stress,mid_stress,10,0,10,0.0,0.0,0.0,0.0,0.0,0.0,,,0.0
grand_sim_v0_4,no_regime_ablation,regime_heavy,0.1,0.2,federation_bridge_stress,high_stress,10,10,0,1.0,1.0,0.0,0.0,13.3,13.0,12.0,14.0,0.0
grand_sim_v0_4,no_regime_ablation,regime_heavy,0.1,0.2,federation_cluster_attack,low_stress,10,10,0,1.0,1.0,0.0,0.0,20.0,20.0,16.0,22.0,0.0
grand_sim_v0_4,no_regime_ablation,regime_heavy,0.1,0.2,federation_cluster_attack,mid_stress,10,10,0,1.0,1.0,0.0,0.0,11.5,12.0,8.0,13.0,0.0
grand_sim_v0_4,no_regime_ablation,regime_heavy,0.1,0.2,federation_cluster_attack,high_stress,10,10,0,1.0,1.0,0.0,0.0,13.8,14.0,13.0,15.0,0.0
grand_sim_v0_4,no_regime_ablation,regime_heavy,0.1,0.2,psi_corruption,low_stress,10,10,0,1.0,1.0,0.0,0.0,17.0,17.0,16.0,19.0,0.0
grand_sim_v0_4,no_regime_ablation,regime_heavy,0.1,0.2,psi_corruption,mid_stress,10,10,0,1.0,1.0,0.0,0.0,9.3,9.0,7.0,11.0,0.0
grand_sim_v0_4,no_regime_ablation,regime_heavy,0.1,0.2,psi_corruption,high_stress,10,10,0,1.0,1.0,0.0,0.0,13.8,13.0,13.0,15.0,0.0
grand_sim_v0_4,no_regime_ablation,regime_heavy,0.1,0.22,async_message_loss,low_stress,10,0,10,0.0,0.0,0.0,0.0,0.0,0.0,,,0.0
grand_sim_v0_4,no_regime_ablation,regime_heavy,0.1,0.22,async_message_loss,mid_stress,10,0,10,0.0,0.0,0.0,0.0,0.0,0.0,,,0.0
grand_sim_v0_4,no_regime_ablation,regime_heavy,0.1,0.22,async_message_loss,high_stress,10,10,0,1.0,1.0,0.0,0.0,15.8,15.0,15.0,17.0,0.0
grand_sim_v0_4,no_regime_ablation,regime_heavy,0.1,0.22,federation_bridge_stress,low_stress,10,0,10,0.0,0.0,0.0,0.0,0.0,0.0,,,0.0
grand_sim_v0_4,no_regime_ablation,regime_heavy,0.1,0.22,federation_bridge_stress,mid_stress,10,0,10,0.0,0.0,0.0,0.0,0.0,0.0,,,0.0
grand_sim_v0_4,no_regime_ablation,regime_heavy,0.1,0.22,federation_bridge_stress,high_stress,10,10,0,1.0,1.0,0.0,0.0,10.2,10.0,9.0,11.0,0.0
grand_sim_v0_4,no_regime_ablation,regime_heavy,0.1,0.22,federation_cluster_attack,low_stress,10,10,0,1.0,1.0,0.0,0.0,17.4,18.0,13.0,20.0,0.0
grand_sim_v0_4,no_regime_ablation,regime_heavy,0.1,0.22,federation_cluster_attack,mid_stress,10,10,0,1.0,1.0,0.0,0.0,9.7,10.0,6.0,11.0,0.0
grand_sim_v0_4,no_regime_ablation,regime_heavy,0.1,0.22,federation_cluster_attack,high_stress,10,10,0,1.0,1.0,0.0,0.0,10.5,10.0,9.0,12.0,0.0
grand_sim_v0_4,no_regime_ablation,regime_heavy,0.1,0.22,psi_corruption,low_stress,10,10,0,1.0,1.0,0.0,0.0,14.8,15.0,14.0,16.0,0.0
grand_sim_v0_4,no_regime_ablation,regime_heavy,0.1,0.22,psi_corruption,mid_stress,10,10,0,1.0,1.0,0.0,0.0,8.0,8.0,5.0,9.0,0.0
grand_sim_v0_4,no_regime_ablation,regime_heavy,0.1,0.22,psi_corruption,high_stress,10,10,0,1.0,1.0,0.0,0.0,10.3,10.0,9.0,12.0,0.0
grand_sim_v0_4,no_regime_ablation,regime_heavy,0.1,0.24,async_message_loss,low_stress,10,0,10,0.0,0.0,0.0,0.0,0.0,0.0,,,0.0
grand_sim_v0_4,no_regime_ablation,regime_heavy,0.1,0.24,async_message_loss,mid_stress,10,0,10,0.0,0.0,0.0,0.0,0.0,0.0,,,0.0
grand_sim_v0_4,no_regime_ablation,regime_heavy,0.1,0.24,async_message_loss,high_stress,10,10,0,1.0,1.0,0.0,0.0,12.9,13.0,12.0,14.0,0.0
grand_sim_v0_4,no_regime_ablation,regime_heavy,0.1,0.24,federation_bridge_stress,low_stress,10,0,10,0.0,0.0,0.0,0.0,0.0,0.0,,,0.0
grand_sim_v0_4,no_regime_ablation,regime_heavy,0.1,0.24,federation_bridge_stress,mid_stress,10,0,10,0.0,0.0,0.0,0.0,0.0,0.0,,,0.0
grand_sim_v0_4,no_regime_ablation,regime_heavy,0.1,0.24,federation_bridge_stress,high_stress,10,10,0,1.0,1.0,0.0,0.0,7.9,8.0,7.0,9.0,0.0
grand_sim_v0_4,no_regime_ablation,regime_heavy,0.1,0.24,federation_cluster_attack,low_stress,10,10,0,1.0,1.0,0.0,0.0,14.7,15.0,11.0,17.0,0.0
grand_sim_v0_4,no_regime_ablation,regime_heavy,0.1,0.24,federation_cluster_attack,mid_stress,10,10,0,1.0,1.0,0.0,0.0,8.4,8.0,5.0,10.0,0.0
grand_sim_v0_4,no_regime_ablation,regime_heavy,0.1,0.24,federation_cluster_attack,high_stress,10,10,0,1.0,1.0,0.0,0.0,8.1,8.0,7.0,9.0,0.0
grand_sim_v0_4,no_regime_ablation,regime_heavy,0.1,0.24,psi_corruption,low_stress,10,10,0,1.0,1.0,0.0,0.0,12.6,12.0,11.0,14.0,0.0
grand_sim_v0_4,no_regime_ablation,regime_heavy,0.1,0.24,psi_corruption,mid_stress,10,10,0,1.0,1.0,0.0,0.0,6.6,7.0,4.0,8.0,0.0
grand_sim_v0_4,no_regime_ablation,regime_heavy,0.1,0.24,psi_corruption,high_stress,10,10,0,1.0,1.0,0.0,0.0,8.1,8.0,7.0,10.0,0.0
grand_sim_v0_4,no_regime_ablation,regime_heavy,0.1,0.26,async_message_loss,low_stress,10,0,10,0.0,0.0,0.0,0.0,0.0,0.0,,,0.0
grand_sim_v0_4,no_regime_ablation,regime_heavy,0.1,0.26,async_message_loss,mid_stress,10,0,10,0.0,0.0,0.0,0.0,0.0,0.0,,,0.0
grand_sim_v0_4,no_regime_ablation,regime_heavy,0.1,0.26,async_message_loss,high_stress,10,10,0,1.0,1.0,0.0,0.0,10.7,11.0,9.0,12.0,0.0
grand_sim_v0_4,no_regime_ablation,regime_heavy,0.1,0.26,federation_bridge_stress,low_stress,10,0,10,0.0,0.0,0.0,0.0,0.0,0.0,,,0.0
grand_sim_v0_4,no_regime_ablation,regime_heavy,0.1,0.26,federation_bridge_stress,mid_stress,10,0,10,0.0,0.0,0.0,0.0,0.0,0.0,,,0.0
grand_sim_v0_4,no_regime_ablation,regime_heavy,0.1,0.26,federation_bridge_stress,high_stress,10,10,0,1.0,1.0,0.0,0.0,5.9,6.0,5.0,7.0,0.0
grand_sim_v0_4,no_regime_ablation,regime_heavy,0.1,0.26,federation_cluster_attack,low_stress,10,10,0,1.0,1.0,0.0,0.0,12.1,13.0,7.0,15.0,0.0
grand_sim_v0_4,no_regime_ablation,regime_heavy,0.1,0.26,federation_cluster_attack,mid_stress,10,10,0,1.0,1.0,0.0,0.0,6.2,6.0,4.0,8.0,0.0
grand_sim_v0_4,no_regime_ablation,regime_heavy,0.1,0.26,federation_cluster_attack,high_stress,10,10,0,1.0,1.0,0.0,0.0,6.2,6.0,5.0,7.0,0.0
grand_sim_v0_4,no_regime_ablation,regime_heavy,0.1,0.26,psi_corruption,low_stress,10,10,0,1.0,1.0,0.0,0.0,10.4,10.0,9.0,12.0,0.0
grand_sim_v0_4,no_regime_ablation,regime_heavy,0.1,0.26,psi_corruption,mid_stress,10,10,0,1.0,1.0,0.0,0.0,5.6,6.0,3.0,7.0,0.0
grand_sim_v0_4,no_regime_ablation,regime_heavy,0.1,0.26,psi_corruption,high_stress,10,10,0,1.0,1.0,0.0,0.0,6.3,6.0,5.0,8.0,0.0
grand_sim_v0_4,no_regime_ablation,regime_heavy,0.1,0.28,async_message_loss,low_stress,10,0,10,0.0,0.0,0.0,0.0,0.0,0.0,,,0.0
grand_sim_v0_4,no_regime_ablation,regime_heavy,0.1,0.28,async_message_loss,mid_stress,10,0,10,0.0,0.0,0.0,0.0,0.0,0.0,,,0.0
grand_sim_v0_4,no_regime_ablation,regime_heavy,0.1,0.28,async_message_loss,high_stress,10,10,0,1.0,1.0,0.0,0.0,9.0,9.0,8.0,10.0,0.0
grand_sim_v0_4,no_regime_ablation,regime_heavy,0.1,0.28,federation_bridge_stress,low_stress,10,0,10,0.0,0.0,0.0,0.0,0.0,0.0,,,0.0
grand_sim_v0_4,no_regime_ablation,regime_heavy,0.1,0.28,federation_bridge_stress,mid_stress,10,0,10,0.0,0.0,0.0,0.0,0.0,0.0,,,0.0
grand_sim_v0_4,no_regime_ablation,regime_heavy,0.1,0.28,federation_bridge_stress,high_stress,10,10,0,1.0,1.0,0.0,0.0,4.5,4.0,3.0,6.0,0.0
grand_sim_v0_4,no_regime_ablation,regime_heavy,0.1,0.28,federation_cluster_attack,low_stress,10,10,0,1.0,0.8,0.0,0.0,3.5,4.0,2.0,5.0,1.0
grand_sim_v0_4,no_regime_ablation,regime_heavy,0.1,0.28,federation_cluster_attack,mid_stress,10,10,0,1.0,0.9,0.0,0.0,1.666667,2.0,0.0,3.0,1.0
grand_sim_v0_4,no_regime_ablation,regime_heavy,0.1,0.28,federation_cluster_attack,high_stress,10,10,0,1.0,1.0,0.0,0.0,4.7,5.0,4.0,6.0,0.0
grand_sim_v0_4,no_regime_ablation,regime_heavy,0.1,0.28,psi_corruption,low_stress,10,10,0,1.0,1.0,0.0,0.0,3.1,3.0,1.0,5.0,0.0
grand_sim_v0_4,no_regime_ablation,regime_heavy,0.1,0.28,psi_corruption,mid_stress,10,10,0,1.0,1.0,0.0,0.0,1.4,1.0,0.0,3.0,0.0
grand_sim_v0_4,no_regime_ablation,regime_heavy,0.1,0.28,psi_corruption,high_stress,10,10,0,1.0,1.0,0.0,0.0,4.9,5.0,4.0,6.0,0.0
grand_sim_v0_4,no_regime_ablation,regime_heavy,0.1,0.3,async_message_loss,low_stress,10,0,10,0.0,0.0,0.0,0.0,0.0,0.0,,,0.0
grand_sim_v0_4,no_regime_ablation,regime_heavy,0.1,0.3,async_message_loss,mid_stress,10,0,10,0.0,0.0,0.0,0.0,0.0,0.0,,,0.0
grand_sim_v0_4,no_regime_ablation,regime_heavy,0.1,0.3,async_message_loss,high_stress,10,10,0,1.0,1.0,0.0,0.0,7.2,7.0,6.0,8.0,0.0
grand_sim_v0_4,no_regime_ablation,regime_heavy,0.1,0.3,federation_bridge_stress,low_stress,10,0,10,0.0,0.0,0.0,0.0,0.0,0.0,,,0.0
grand_sim_v0_4,no_regime_ablation,regime_heavy,0.1,0.3,federation_bridge_stress,mid_stress,10,0,10,0.0,0.0,0.0,0.0,0.0,0.0,,,0.0
grand_sim_v0_4,no_regime_ablation,regime_heavy,0.1,0.3,federation_bridge_stress,high_stress,10,10,0,1.0,1.0,0.0,0.0,3.2,3.0,2.0,4.0,0.0
grand_sim_v0_4,no_regime_ablation,regime_heavy,0.1,0.3,federation_cluster_attack,low_stress,10,10,0,0.0,0.0,1.0,0.0,0.0,0.0,,,0.0
grand_sim_v0_4,no_regime_ablation,regime_heavy,0.1,0.3,federation_cluster_attack,mid_stress,10,10,0,1.0,0.0,0.0,0.0,0.0,0.0,,,3.3
grand_sim_v0_4,no_regime_ablation,regime_heavy,0.1,0.3,federation_cluster_attack,high_stress,10,10,0,1.0,1.0,0.0,0.0,3.4,3.0,3.0,4.0,0.0
grand_sim_v0_4,no_regime_ablation,regime_heavy,0.1,0.3,psi_corruption,low_stress,10,10,0,1.0,0.0,0.0,0.0,0.0,0.0,,,12.0
grand_sim_v0_4,no_regime_ablation,regime_heavy,0.1,0.3,psi_corruption,mid_stress,10,10,0,1.0,0.0,0.0,0.0,0.0,0.0,,,2.9
grand_sim_v0_4,no_regime_ablation,regime_heavy,0.1,0.3,psi_corruption,high_stress,10,10,0,1.0,1.0,0.0,0.0,3.5,3.0,2.0,5.0,0.0
grand_sim_v0_4,no_regime_ablation,regime_heavy,0.1,0.32,async_message_loss,low_stress,10,0,10,0.0,0.0,0.0,0.0,0.0,0.0,,,0.0
grand_sim_v0_4,no_regime_ablation,regime_heavy,0.1,0.32,async_message_loss,mid_stress,10,0,10,0.0,0.0,0.0,0.0,0.0,0.0,,,0.0
grand_sim_v0_4,no_regime_ablation,regime_heavy,0.1,0.32,async_message_loss,high_stress,10,10,0,1.0,1.0,0.0,0.0,6.0,6.0,5.0,7.0,0.0
grand_sim_v0_4,no_regime_ablation,regime_heavy,0.1,0.32,federation_bridge_stress,low_stress,10,0,10,0.0,0.0,0.0,0.0,0.0,0.0,,,0.0
grand_sim_v0_4,no_regime_ablation,regime_heavy,0.1,0.32,federation_bridge_stress,mid_stress,10,0,10,0.0,0.0,0.0,0.0,0.0,0.0,,,0.0
grand_sim_v0_4,no_regime_ablation,regime_heavy,0.1,0.32,federation_bridge_stress,high_stress,10,10,0,1.0,1.0,0.0,0.0,2.1,2.0,1.0,3.0,0.0
grand_sim_v0_4,no_regime_ablation,regime_heavy,0.1,0.32,federation_cluster_attack,low_stress,10,10,0,0.0,0.0,1.0,0.0,0.0,0.0,,,0.0
grand_sim_v0_4,no_regime_ablation,regime_heavy,0.1,0.32,federation_cluster_attack,mid_stress,10,10,0,1.0,0.0,0.0,0.0,0.0,0.0,,,7.2
grand_sim_v0_4,no_regime_ablation,regime_heavy,0.1,0.32,federation_cluster_attack,high_stress,10,10,0,1.0,1.0,0.0,0.0,2.2,2.0,1.0,3.0,0.0
grand_sim_v0_4,no_regime_ablation,regime_heavy,0.1,0.32,psi_corruption,low_stress,10,10,0,0.0,0.0,1.0,0.0,0.0,0.0,,,0.0
grand_sim_v0_4,no_regime_ablation,regime_heavy,0.1,0.32,psi_corruption,mid_stress,10,10,0,1.0,0.0,0.0,0.0,0.0,0.0,,,8.0
grand_sim_v0_4,no_regime_ablation,regime_heavy,0.1,0.32,psi_corruption,high_stress,10,10,0,1.0,1.0,0.0,0.0,2.4,2.0,1.0,4.0,0.0
grand_sim_v0_4,no_regime_ablation,regime_heavy,0.1,0.34,async_message_loss,low_stress,10,0,10,0.0,0.0,0.0,0.0,0.0,0.0,,,0.0
grand_sim_v0_4,no_regime_ablation,regime_heavy,0.1,0.34,async_message_loss,mid_stress,10,0,10,0.0,0.0,0.0,0.0,0.0,0.0,,,0.0
grand_sim_v0_4,no_regime_ablation,regime_heavy,0.1,0.34,async_message_loss,high_stress,10,10,0,1.0,1.0,0.0,0.0,4.5,4.0,3.0,6.0,0.0
grand_sim_v0_4,no_regime_ablation,regime_heavy,0.1,0.34,federation_bridge_stress,low_stress,10,0,10,0.0,0.0,0.0,0.0,0.0,0.0,,,0.0
grand_sim_v0_4,no_regime_ablation,regime_heavy,0.1,0.34,federation_bridge_stress,mid_stress,10,0,10,0.0,0.0,0.0,0.0,0.0,0.0,,,0.0
grand_sim_v0_4,no_regime_ablation,regime_heavy,0.1,0.34,federation_bridge_stress,high_stress,10,10,0,1.0,1.0,0.0,0.0,1.0,1.0,0.0,2.0,0.0
grand_sim_v0_4,no_regime_ablation,regime_heavy,0.1,0.34,federation_cluster_attack,low_stress,10,10,0,0.0,0.0,1.0,0.0,0.0,0.0,,,0.0
grand_sim_v0_4,no_regime_ablation,regime_heavy,0.1,0.34,federation_cluster_attack,mid_stress,10,10,0,1.0,0.0,0.0,0.0,0.0,0.0,,,12.0
grand_sim_v0_4,no_regime_ablation,regime_heavy,0.1,0.34,federation_cluster_attack,high_stress,10,10,0,1.0,1.0,0.0,0.0,1.2,1.0,0.0,2.0,0.0
grand_sim_v0_4,no_regime_ablation,regime_heavy,0.1,0.34,psi_corruption,low_stress,10,10,0,0.0,0.0,1.0,0.0,0.0,0.0,,,0.0
grand_sim_v0_4,no_regime_ablation,regime_heavy,0.1,0.34,psi_corruption,mid_stress,10,10,0,1.0,0.0,0.0,0.0,0.0,0.0,,,13.3
grand_sim_v0_4,no_regime_ablation,regime_heavy,0.1,0.34,psi_corruption,high_stress,10,10,0,1.0,1.0,0.0,0.0,1.4,1.0,0.0,3.0,0.0
grand_sim_v0_4,no_regime_ablation,regime_heavy,0.1,0.36,async_message_loss,low_stress,10,0,10,0.0,0.0,0.0,0.0,0.0,0.0,,,0.0
grand_sim_v0_4,no_regime_ablation,regime_heavy,0.1,0.36,async_message_loss,mid_stress,10,0,10,0.0,0.0,0.0,0.0,0.0,0.0,,,0.0
grand_sim_v0_4,no_regime_ablation,regime_heavy,0.1,0.36,async_message_loss,high_stress,10,10,0,1.0,1.0,0.0,0.0,3.1,3.0,2.0,4.0,0.0
grand_sim_v0_4,no_regime_ablation,regime_heavy,0.1,0.36,federation_bridge_stress,low_stress,10,0,10,0.0,0.0,0.0,0.0,0.0,0.0,,,0.0
grand_sim_v0_4,no_regime_ablation,regime_heavy,0.1,0.36,federation_bridge_stress,mid_stress,10,0,10,0.0,0.0,0.0,0.0,0.0,0.0,,,0.0
grand_sim_v0_4,no_regime_ablation,regime_heavy,0.1,0.36,federation_bridge_stress,high_stress,10,10,0,1.0,0.9,0.0,0.0,0.333333,0.0,0.0,1.0,1.0
grand_sim_v0_4,no_regime_ablation,regime_heavy,0.1,0.36,federation_cluster_attack,low_stress,10,10,0,0.0,0.0,1.0,0.0,0.0,0.0,,,0.0
grand_sim_v0_4,no_regime_ablation,regime_heavy,0.1,0.36,federation_cluster_attack,mid_stress,10,10,0,1.0,0.0,0.0,0.0,0.0,0.0,,,20.3
grand_sim_v0_4,no_regime_ablation,regime_heavy,0.1,0.36,federation_cluster_attack,high_stress,10,10,0,1.0,0.8,0.0,0.0,0.5,1.0,0.0,1.0,1.0
grand_sim_v0_4,no_regime_ablation,regime_heavy,0.1,0.36,psi_corruption,low_stress,10,10,0,0.0,0.0,1.0,0.0,0.0,0.0,,,0.0
grand_sim_v0_4,no_regime_ablation,regime_heavy,0.1,0.36,psi_corruption,mid_stress,10,10,0,1.0,0.0,0.0,0.0,0.0,0.0,,,20.6
grand_sim_v0_4,no_regime_ablation,regime_heavy,0.1,0.36,psi_corruption,high_stress,10,10,0,1.0,0.9,0.0,0.0,0.555556,0.0,0.0,2.0,1.0
grand_sim_v0_4,no_regime_ablation,regime_heavy,0.1,0.38,async_message_loss,low_stress,10,0,10,0.0,0.0,0.0,0.0,0.0,0.0,,,0.0
grand_sim_v0_4,no_regime_ablation,regime_heavy,0.1,0.38,async_message_loss,mid_stress,10,0,10,0.0,0.0,0.0,0.0,0.0,0.0,,,0.0
grand_sim_v0_4,no_regime_ablation,regime_heavy,0.1,0.38,async_message_loss,high_stress,10,10,0,1.0,1.0,0.0,0.0,1.9,2.0,1.0,3.0,0.0
grand_sim_v0_4,no_regime_ablation,regime_heavy,0.1,0.38,federation_bridge_stress,low_stress,10,0,10,0.0,0.0,0.0,0.0,0.0,0.0,,,0.0
grand_sim_v0_4,no_regime_ablation,regime_heavy,0.1,0.38,federation_bridge_stress,mid_stress,10,0,10,0.0,0.0,0.0,0.0,0.0,0.0,,,0.0
grand_sim_v0_4,no_regime_ablation,regime_heavy,0.1,0.38,federation_bridge_stress,high_stress,10,10,0,1.0,0.2,0.0,0.0,0.0,0.0,0.0,0.0,1.125
grand_sim_v0_4,no_regime_ablation,regime_heavy,0.1,0.38,federation_cluster_attack,low_stress,10,10,0,0.0,0.0,1.0,0.0,0.0,0.0,,,0.0
grand_sim_v0_4,no_regime_ablation,regime_heavy,0.1,0.38,federation_cluster_attack,mid_stress,10,10,0,1.0,0.0,0.0,0.0,0.0,0.0,,,32.5
grand_sim_v0_4,no_regime_ablation,regime_heavy,0.1,0.38,federation_cluster_attack,high_stress,10,10,0,1.0,0.4,0.0,0.0,0.0,0.0,0.0,0.0,1.166667
grand_sim_v0_4,no_regime_ablation,regime_heavy,0.1,0.38,psi_corruption,low_stress,10,10,0,0.0,0.0,1.0,0.0,0.0,0.0,,,0.0
grand_sim_v0_4,no_regime_ablation,regime_heavy,0.1,0.38,psi_corruption,mid_stress,10,10,0,1.0,0.0,0.0,0.0,0.0,0.0,,,31.7
grand_sim_v0_4,no_regime_ablation,regime_heavy,0.1,0.38,psi_corruption,high_stress,10,10,0,1.0,0.5,0.0,0.0,0.2,0.0,0.0,1.0,1.2
grand_sim_v0_4,no_regime_ablation,regime_heavy,0.1,0.4,async_message_loss,low_stress,10,0,10,0.0,0.0,0.0,0.0,0.0,0.0,,,0.0
grand_sim_v0_4,no_regime_ablation,regime_heavy,0.1,0.4,async_message_loss,mid_stress,10,0,10,0.0,0.0,0.0,0.0,0.0,0.0,,,0.0
grand_sim_v0_4,no_regime_ablation,regime_heavy,0.1,0.4,async_message_loss,high_stress,10,10,0,1.0,0.9,0.0,0.0,0.888889,1.0,0.0,2.0,1.0
grand_sim_v0_4,no_regime_ablation,regime_heavy,0.1,0.4,federation_bridge_stress,low_stress,10,0,10,0.0,0.0,0.0,0.0,0.0,0.0,,,0.0
grand_sim_v0_4,no_regime_ablation,regime_heavy,0.1,0.4,federation_bridge_stress,mid_stress,10,0,10,0.0,0.0,0.0,0.0,0.0,0.0,,,0.0
grand_sim_v0_4,no_regime_ablation,regime_heavy,0.1,0.4,federation_bridge_stress,high_stress,10,10,0,1.0,0.0,0.0,0.0,0.0,0.0,,,1.8
grand_sim_v0_4,no_regime_ablation,regime_heavy,0.1,0.4,federation_cluster_attack,low_stress,10,10,0,0.0,0.0,1.0,0.0,0.0,0.0,,,0.0
grand_sim_v0_4,no_regime_ablation,regime_heavy,0.1,0.4,federation_cluster_attack,mid_stress,10,10,0,0.0,0.0,1.0,0.0,0.0,0.0,,,0.0
grand_sim_v0_4,no_regime_ablation,regime_heavy,0.1,0.4,federation_cluster_attack,high_stress,10,10,0,1.0,0.0,0.0,0.0,0.0,0.0,,,1.7
grand_sim_v0_4,no_regime_ablation,regime_heavy,0.1,0.4,psi_corruption,low_stress,10,10,0,0.0,0.0,1.0,0.0,0.0,0.0,,,0.0
grand_sim_v0_4,no_regime_ablation,regime_heavy,0.1,0.4,psi_corruption,mid_stress,10,10,0,1.0,0.0,0.0,0.0,0.0,0.0,,,47.6
grand_sim_v0_4,no_regime_ablation,regime_heavy,0.1,0.4,psi_corruption,high_stress,10,10,0,1.0,0.1,0.0,0.0,0.0,0.0,0.0,0.0,1.555556
grand_sim_v0_4,no_regime_ablation,regime_heavy,0.1,0.42,async_message_loss,low_stress,10,0,10,0.0,0.0,0.0,0.0,0.0,0.0,,,0.0
grand_sim_v0_4,no_regime_ablation,regime_heavy,0.1,0.42,async_message_loss,mid_stress,10,0,10,0.0,0.0,0.0,0.0,0.0,0.0,,,0.0
grand_sim_v0_4,no_regime_ablation,regime_heavy,0.1,0.42,async_message_loss,high_stress,10,10,0,1.0,0.4,0.0,0.0,0.0,0.0,0.0,0.0,1.166667
grand_sim_v0_4,no_regime_ablation,regime_heavy,0.1,0.42,federation_bridge_stress,low_stress,10,0,10,0.0,0.0,0.0,0.0,0.0,0.0,,,0.0
grand_sim_v0_4,no_regime_ablation,regime_heavy,0.1,0.42,federation_bridge_stress,mid_stress,10,0,10,0.0,0.0,0.0,0.0,0.0,0.0,,,0.0
grand_sim_v0_4,no_regime_ablation,regime_heavy,0.1,0.42,federation_bridge_stress,high_stress,10,10,0,1.0,0.0,0.0,0.0,0.0,0.0,,,2.8
grand_sim_v0_4,no_regime_ablation,regime_heavy,0.1,0.42,federation_cluster_attack,low_stress,10,10,0,0.0,0.0,1.0,0.0,0.0,0.0,,,0.0
grand_sim_v0_4,no_regime_ablation,regime_heavy,0.1,0.42,federation_cluster_attack,mid_stress,10,10,0,0.0,0.0,1.0,0.0,0.0,0.0,,,0.0
grand_sim_v0_4,no_regime_ablation,regime_heavy,0.1,0.42,federation_cluster_attack,high_stress,10,10,0,1.0,0.0,0.0,0.0,0.0,0.0,,,3.2
grand_sim_v0_4,no_regime_ablation,regime_heavy,0.1,0.42,psi_corruption,low_stress,10,10,0,0.0,0.0,1.0,0.0,0.0,0.0,,,0.0
grand_sim_v0_4,no_regime_ablation,regime_heavy,0.1,0.42,psi_corruption,mid_stress,10,10,0,0.0,0.0,1.0,0.0,0.0,0.0,,,0.0
grand_sim_v0_4,no_regime_ablation,regime_heavy,0.1,0.42,psi_corruption,high_stress,10,10,0,1.0,0.0,0.0,0.0,0.0,0.0,,,2.3
grand_sim_v0_4,no_regime_ablation,regime_heavy,0.1,0.44,async_message_loss,low_stress,10,0,10,0.0,0.0,0.0,0.0,0.0,0.0,,,0.0
grand_sim_v0_4,no_regime_ablation,regime_heavy,0.1,0.44,async_message_loss,mid_stress,10,0,10,0.0,0.0,0.0,0.0,0.0,0.0,,,0.0
grand_sim_v0_4,no_regime_ablation,regime_heavy,0.1,0.44,async_message_loss,high_stress,10,10,0,1.0,0.0,0.0,0.0,0.0,0.0,,,1.9
grand_sim_v0_4,no_regime_ablation,regime_heavy,0.1,0.44,federation_bridge_stress,low_stress,10,0,10,0.0,0.0,0.0,0.0,0.0,0.0,,,0.0
grand_sim_v0_4,no_regime_ablation,regime_heavy,0.1,0.44,federation_bridge_stress,mid_stress,10,0,10,0.0,0.0,0.0,0.0,0.0,0.0,,,0.0
grand_sim_v0_4,no_regime_ablation,regime_heavy,0.1,0.44,federation_bridge_stress,high_stress,10,10,0,1.0,0.0,0.0,0.0,0.0,0.0,,,4.1
grand_sim_v0_4,no_regime_ablation,regime_heavy,0.1,0.44,federation_cluster_attack,low_stress,10,10,0,0.0,0.0,1.0,0.0,0.0,0.0,,,0.0
grand_sim_v0_4,no_regime_ablation,regime_heavy,0.1,0.44,federation_cluster_attack,mid_stress,10,10,0,0.0,0.0,1.0,0.0,0.0,0.0,,,0.0
grand_sim_v0_4,no_regime_ablation,regime_heavy,0.1,0.44,federation_cluster_attack,high_stress,10,10,0,1.0,0.0,0.0,0.0,0.0,0.0,,,4.8
grand_sim_v0_4,no_regime_ablation,regime_heavy,0.1,0.44,psi_corruption,low_stress,10,10,0,0.0,0.0,1.0,0.0,0.0,0.0,,,0.0
grand_sim_v0_4,no_regime_ablation,regime_heavy,0.1,0.44,psi_corruption,mid_stress,10,10,0,0.0,0.0,1.0,0.0,0.0,0.0,,,0.0
grand_sim_v0_4,no_regime_ablation,regime_heavy,0.1,0.44,psi_corruption,high_stress,10,10,0,1.0,0.0,0.0,0.0,0.0,0.0,,,3.6
grand_sim_v0_4,no_regime_ablation,regime_heavy,0.1,0.46,async_message_loss,low_stress,10,0,10,0.0,0.0,0.0,0.0,0.0,0.0,,,0.0
grand_sim_v0_4,no_regime_ablation,regime_heavy,0.1,0.46,async_message_loss,mid_stress,10,0,10,0.0,0.0,0.0,0.0,0.0,0.0,,,0.0
grand_sim_v0_4,no_regime_ablation,regime_heavy,0.1,0.46,async_message_loss,high_stress,10,10,0,1.0,0.0,0.0,0.0,0.0,0.0,,,3.5
grand_sim_v0_4,no_regime_ablation,regime_heavy,0.1,0.46,federation_bridge_stress,low_stress,10,0,10,0.0,0.0,0.0,0.0,0.0,0.0,,,0.0
grand_sim_v0_4,no_regime_ablation,regime_heavy,0.1,0.46,federation_bridge_stress,mid_stress,10,0,10,0.0,0.0,0.0,0.0,0.0,0.0,,,0.0
grand_sim_v0_4,no_regime_ablation,regime_heavy,0.1,0.46,federation_bridge_stress,high_stress,10,10,0,1.0,0.0,0.0,0.0,0.0,0.0,,,5.9
grand_sim_v0_4,no_regime_ablation,regime_heavy,0.1,0.46,federation_cluster_attack,low_stress,10,10,0,0.0,0.0,1.0,0.0,0.0,0.0,,,0.0
grand_sim_v0_4,no_regime_ablation,regime_heavy,0.1,0.46,federation_cluster_attack,mid_stress,10,10,0,0.0,0.0,1.0,0.0,0.0,0.0,,,0.0
grand_sim_v0_4,no_regime_ablation,regime_heavy,0.1,0.46,federation_cluster_attack,high_stress,10,10,0,1.0,0.0,0.0,0.0,0.0,0.0,,,7.0
grand_sim_v0_4,no_regime_ablation,regime_heavy,0.1,0.46,psi_corruption,low_stress,10,10,0,0.0,0.0,1.0,0.0,0.0,0.0,,,0.0
grand_sim_v0_4,no_regime_ablation,regime_heavy,0.1,0.46,psi_corruption,mid_stress,10,10,0,0.0,0.0,1.0,0.0,0.0,0.0,,,0.0
grand_sim_v0_4,no_regime_ablation,regime_heavy,0.1,0.46,psi_corruption,high_stress,10,10,0,1.0,0.0,0.0,0.0,0.0,0.0,,,5.3
grand_sim_v0_4,no_regime_ablation,regime_heavy,0.1,0.48,async_message_loss,low_stress,10,0,10,0.0,0.0,0.0,0.0,0.0,0.0,,,0.0
grand_sim_v0_4,no_regime_ablation,regime_heavy,0.1,0.48,async_message_loss,mid_stress,10,0,10,0.0,0.0,0.0,0.0,0.0,0.0,,,0.0
grand_sim_v0_4,no_regime_ablation,regime_heavy,0.1,0.48,async_message_loss,high_stress,10,10,0,1.0,0.0,0.0,0.0,0.0,0.0,,,5.6
grand_sim_v0_4,no_regime_ablation,regime_heavy,0.1,0.48,federation_bridge_stress,low_stress,10,0,10,0.0,0.0,0.0,0.0,0.0,0.0,,,0.0
grand_sim_v0_4,no_regime_ablation,regime_heavy,0.1,0.48,federation_bridge_stress,mid_stress,10,0,10,0.0,0.0,0.0,0.0,0.0,0.0,,,0.0
grand_sim_v0_4,no_regime_ablation,regime_heavy,0.1,0.48,federation_bridge_stress,high_stress,10,10,0,1.0,0.0,0.0,0.0,0.0,0.0,,,7.9
grand_sim_v0_4,no_regime_ablation,regime_heavy,0.1,0.48,federation_cluster_attack,low_stress,10,10,0,0.0,0.0,1.0,0.0,0.0,0.0,,,0.0
grand_sim_v0_4,no_regime_ablation,regime_heavy,0.1,0.48,federation_cluster_attack,mid_stress,10,10,0,0.0,0.0,1.0,0.0,0.0,0.0,,,0.0
grand_sim_v0_4,no_regime_ablation,regime_heavy,0.1,0.48,federation_cluster_attack,high_stress,10,10,0,1.0,0.0,0.0,0.0,0.0,0.0,,,8.9
grand_sim_v0_4,no_regime_ablation,regime_heavy,0.1,0.48,psi_corruption,low_stress,10,10,0,0.0,0.0,1.0,0.0,0.0,0.0,,,0.0
grand_sim_v0_4,no_regime_ablation,regime_heavy,0.1,0.48,psi_corruption,mid_stress,10,10,0,0.0,0.0,1.0,0.0,0.0,0.0,,,0.0
grand_sim_v0_4,no_regime_ablation,regime_heavy,0.1,0.48,psi_corruption,high_stress,10,10,0,1.0,0.0,0.0,0.0,0.0,0.0,,,8.0
grand_sim_v0_4,no_regime_ablation,regime_heavy,0.1,0.5,async_message_loss,low_stress,10,0,10,0.0,0.0,0.0,0.0,0.0,0.0,,,0.0
grand_sim_v0_4,no_regime_ablation,regime_heavy,0.1,0.5,async_message_loss,mid_stress,10,0,10,0.0,0.0,0.0,0.0,0.0,0.0,,,0.0
grand_sim_v0_4,no_regime_ablation,regime_heavy,0.1,0.5,async_message_loss,high_stress,10,10,0,1.0,0.0,0.0,0.0,0.0,0.0,,,8.2
grand_sim_v0_4,no_regime_ablation,regime_heavy,0.1,0.5,federation_bridge_stress,low_stress,10,0,10,0.0,0.0,0.0,0.0,0.0,0.0,,,0.0
grand_sim_v0_4,no_regime_ablation,regime_heavy,0.1,0.5,federation_bridge_stress,mid_stress,10,0,10,0.0,0.0,0.0,0.0,0.0,0.0,,,0.0
grand_sim_v0_4,no_regime_ablation,regime_heavy,0.1,0.5,federation_bridge_stress,high_stress,10,10,0,1.0,0.0,0.0,0.0,0.0,0.0,,,10.5
grand_sim_v0_4,no_regime_ablation,regime_heavy,0.1,0.5,federation_cluster_attack,low_stress,10,10,0,0.0,0.0,1.0,0.0,0.0,0.0,,,0.0
grand_sim_v0_4,no_regime_ablation,regime_heavy,0.1,0.5,federation_cluster_attack,mid_stress,10,10,0,0.0,0.0,1.0,0.0,0.0,0.0,,,0.0
grand_sim_v0_4,no_regime_ablation,regime_heavy,0.1,0.5,federation_cluster_attack,high_stress,10,10,0,1.0,0.0,0.0,0.0,0.0,0.0,,,10.2
grand_sim_v0_4,no_regime_ablation,regime_heavy,0.1,0.5,psi_corruption,low_stress,10,10,0,0.0,0.0,1.0,0.0,0.0,0.0,,,0.0
grand_sim_v0_4,no_regime_ablation,regime_heavy,0.1,0.5,psi_corruption,mid_stress,10,10,0,0.0,0.0,1.0,0.0,0.0,0.0,,,0.0
grand_sim_v0_4,no_regime_ablation,regime_heavy,0.1,0.5,psi_corruption,high_stress,10,10,0,1.0,0.0,0.0,0.0,0.0,0.0,,,10.8
grand_sim_v0_4,no_regime_ablation,regime_heavy,0.1,0.52,async_message_loss,low_stress,10,0,10,0.0,0.0,0.0,0.0,0.0,0.0,,,0.0
grand_sim_v0_4,no_regime_ablation,regime_heavy,0.1,0.52,async_message_loss,mid_stress,10,0,10,0.0,0.0,0.0,0.0,0.0,0.0,,,0.0
grand_sim_v0_4,no_regime_ablation,regime_heavy,0.1,0.52,async_message_loss,high_stress,10,10,0,1.0,0.0,0.0,0.0,0.0,0.0,,,11.7
grand_sim_v0_4,no_regime_ablation,regime_heavy,0.1,0.52,federation_bridge_stress,low_stress,10,0,10,0.0,0.0,0.0,0.0,0.0,0.0,,,0.0
grand_sim_v0_4,no_regime_ablation,regime_heavy,0.1,0.52,federation_bridge_stress,mid_stress,10,0,10,0.0,0.0,0.0,0.0,0.0,0.0,,,0.0
grand_sim_v0_4,no_regime_ablation,regime_heavy,0.1,0.52,federation_bridge_stress,high_stress,10,10,0,1.0,0.0,0.0,0.0,0.0,0.0,,,14.2
grand_sim_v0_4,no_regime_ablation,regime_heavy,0.1,0.52,federation_cluster_attack,low_stress,10,10,0,0.0,0.0,1.0,0.0,0.0,0.0,,,0.0
grand_sim_v0_4,no_regime_ablation,regime_heavy,0.1,0.52,federation_cluster_attack,mid_stress,10,10,0,0.0,0.0,1.0,0.0,0.0,0.0,,,0.0
grand_sim_v0_4,no_regime_ablation,regime_heavy,0.1,0.52,federation_cluster_attack,high_stress,10,10,0,1.0,0.0,0.0,0.0,0.0,0.0,,,12.0
grand_sim_v0_4,no_regime_ablation,regime_heavy,0.1,0.52,psi_corruption,low_stress,10,10,0,0.0,0.0,1.0,0.0,0.0,0.0,,,0.0
grand_sim_v0_4,no_regime_ablation,regime_heavy,0.1,0.52,psi_corruption,mid_stress,10,10,0,0.0,0.0,1.0,0.0,0.0,0.0,,,0.0
grand_sim_v0_4,no_regime_ablation,regime_heavy,0.1,0.52,psi_corruption,high_stress,10,10,0,1.0,0.0,0.0,0.0,0.0,0.0,,,12.4
grand_sim_v0_4,no_regime_ablation,regime_heavy,0.1,0.54,async_message_loss,low_stress,10,0,10,0.0,0.0,0.0,0.0,0.0,0.0,,,0.0
grand_sim_v0_4,no_regime_ablation,regime_heavy,0.1,0.54,async_message_loss,mid_stress,10,0,10,0.0,0.0,0.0,0.0,0.0,0.0,,,0.0
grand_sim_v0_4,no_regime_ablation,regime_heavy,0.1,0.54,async_message_loss,high_stress,10,10,0,1.0,0.0,0.0,0.0,0.0,0.0,,,17.3
grand_sim_v0_4,no_regime_ablation,regime_heavy,0.1,0.54,federation_bridge_stress,low_stress,10,0,10,0.0,0.0,0.0,0.0,0.0,0.0,,,0.0
grand_sim_v0_4,no_regime_ablation,regime_heavy,0.1,0.54,federation_bridge_stress,mid_stress,10,0,10,0.0,0.0,0.0,0.0,0.0,0.0,,,0.0
grand_sim_v0_4,no_regime_ablation,regime_heavy,0.1,0.54,federation_bridge_stress,high_stress,10,10,0,1.0,0.0,0.0,0.0,0.0,0.0,,,21.4
grand_sim_v0_4,no_regime_ablation,regime_heavy,0.1,0.54,federation_cluster_attack,low_stress,10,10,0,0.0,0.0,1.0,0.0,0.0,0.0,,,0.0
grand_sim_v0_4,no_regime_ablation,regime_heavy,0.1,0.54,federation_cluster_attack,mid_stress,10,10,0,0.0,0.0,1.0,0.0,0.0,0.0,,,0.0
grand_sim_v0_4,no_regime_ablation,regime_heavy,0.1,0.54,federation_cluster_attack,high_stress,10,10,0,1.0,0.0,0.0,0.0,0.0,0.0,,,14.4
grand_sim_v0_4,no_regime_ablation,regime_heavy,0.1,0.54,psi_corruption,low_stress,10,10,0,0.0,0.0,1.0,0.0,0.0,0.0,,,0.0
grand_sim_v0_4,no_regime_ablation,regime_heavy,0.1,0.54,psi_corruption,mid_stress,10,10,0,0.0,0.0,1.0,0.0,0.0,0.0,,,0.0
grand_sim_v0_4,no_regime_ablation,regime_heavy,0.1,0.54,psi_corruption,high_stress,10,10,0,1.0,0.0,0.0,0.0,0.0,0.0,,,14.8
grand_sim_v0_4,no_regime_ablation,regime_heavy,0.1,0.56,async_message_loss,low_stress,10,0,10,0.0,0.0,0.0,0.0,0.0,0.0,,,0.0
grand_sim_v0_4,no_regime_ablation,regime_heavy,0.1,0.56,async_message_loss,mid_stress,10,0,10,0.0,0.0,0.0,0.0,0.0,0.0,,,0.0
grand_sim_v0_4,no_regime_ablation,regime_heavy,0.1,0.56,async_message_loss,high_stress,10,10,0,0.5,0.0,0.5,0.0,0.0,0.0,,,76.6
grand_sim_v0_4,no_regime_ablation,regime_heavy,0.1,0.56,federation_bridge_stress,low_stress,10,0,10,0.0,0.0,0.0,0.0,0.0,0.0,,,0.0
grand_sim_v0_4,no_regime_ablation,regime_heavy,0.1,0.56,federation_bridge_stress,mid_stress,10,0,10,0.0,0.0,0.0,0.0,0.0,0.0,,,0.0
grand_sim_v0_4,no_regime_ablation,regime_heavy,0.1,0.56,federation_bridge_stress,high_stress,10,10,0,0.0,0.0,1.0,0.0,0.0,0.0,,,0.0
grand_sim_v0_4,no_regime_ablation,regime_heavy,0.1,0.56,federation_cluster_attack,low_stress,10,10,0,0.0,0.0,1.0,0.0,0.0,0.0,,,0.0
grand_sim_v0_4,no_regime_ablation,regime_heavy,0.1,0.56,federation_cluster_attack,mid_stress,10,10,0,0.0,0.0,1.0,0.0,0.0,0.0,,,0.0
grand_sim_v0_4,no_regime_ablation,regime_heavy,0.1,0.56,federation_cluster_attack,high_stress,10,10,0,1.0,0.0,0.0,0.0,0.0,0.0,,,17.8
grand_sim_v0_4,no_regime_ablation,regime_heavy,0.1,0.56,psi_corruption,low_stress,10,10,0,0.0,0.0,1.0,0.0,0.0,0.0,,,0.0
grand_sim_v0_4,no_regime_ablation,regime_heavy,0.1,0.56,psi_corruption,mid_stress,10,10,0,0.0,0.0,1.0,0.0,0.0,0.0,,,0.0
grand_sim_v0_4,no_regime_ablation,regime_heavy,0.1,0.56,psi_corruption,high_stress,10,10,0,1.0,0.0,0.0,0.0,0.0,0.0,,,18.0
grand_sim_v0_4,no_regime_ablation,regime_heavy,0.1,0.58,async_message_loss,low_stress,10,0,10,0.0,0.0,0.0,0.0,0.0,0.0,,,0.0
grand_sim_v0_4,no_regime_ablation,regime_heavy,0.1,0.58,async_message_loss,mid_stress,10,0,10,0.0,0.0,0.0,0.0,0.0,0.0,,,0.0
grand_sim_v0_4,no_regime_ablation,regime_heavy,0.1,0.58,async_message_loss,high_stress,10,10,0,0.0,0.0,1.0,0.0,0.0,0.0,,,0.0
grand_sim_v0_4,no_regime_ablation,regime_heavy,0.1,0.58,federation_bridge_stress,low_stress,10,0,10,0.0,0.0,0.0,0.0,0.0,0.0,,,0.0
grand_sim_v0_4,no_regime_ablation,regime_heavy,0.1,0.58,federation_bridge_stress,mid_stress,10,0,10,0.0,0.0,0.0,0.0,0.0,0.0,,,0.0
grand_sim_v0_4,no_regime_ablation,regime_heavy,0.1,0.58,federation_bridge_stress,high_stress,10,10,0,0.0,0.0,1.0,0.0,0.0,0.0,,,0.0
grand_sim_v0_4,no_regime_ablation,regime_heavy,0.1,0.58,federation_cluster_attack,low_stress,10,10,0,0.0,0.0,1.0,0.0,0.0,0.0,,,0.0
grand_sim_v0_4,no_regime_ablation,regime_heavy,0.1,0.58,federation_cluster_attack,mid_stress,10,10,0,0.0,0.0,1.0,0.0,0.0,0.0,,,0.0
grand_sim_v0_4,no_regime_ablation,regime_heavy,0.1,0.58,federation_cluster_attack,high_stress,10,10,0,1.0,0.0,0.0,0.0,0.0,0.0,,,25.4
grand_sim_v0_4,no_regime_ablation,regime_heavy,0.1,0.58,psi_corruption,low_stress,10,10,0,0.0,0.0,1.0,0.0,0.0,0.0,,,0.0
grand_sim_v0_4,no_regime_ablation,regime_heavy,0.1,0.58,psi_corruption,mid_stress,10,10,0,0.0,0.0,1.0,0.0,0.0,0.0,,,0.0
grand_sim_v0_4,no_regime_ablation,regime_heavy,0.1,0.58,psi_corruption,high_stress,10,10,0,1.0,0.0,0.0,0.0,0.0,0.0,,,25.0
grand_sim_v0_4,no_regime_ablation,regime_heavy,0.1,0.6,async_message_loss,low_stress,10,0,10,0.0,0.0,0.0,0.0,0.0,0.0,,,0.0
grand_sim_v0_4,no_regime_ablation,regime_heavy,0.1,0.6,async_message_loss,mid_stress,10,0,10,0.0,0.0,0.0,0.0,0.0,0.0,,,0.0
grand_sim_v0_4,no_regime_ablation,regime_heavy,0.1,0.6,async_message_loss,high_stress,10,10,0,0.0,0.0,1.0,0.0,0.0,0.0,,,0.0
grand_sim_v0_4,no_regime_ablation,regime_heavy,0.1,0.6,federation_bridge_stress,low_stress,10,0,10,0.0,0.0,0.0,0.0,0.0,0.0,,,0.0
grand_sim_v0_4,no_regime_ablation,regime_heavy,0.1,0.6,federation_bridge_stress,mid_stress,10,0,10,0.0,0.0,0.0,0.0,0.0,0.0,,,0.0
grand_sim_v0_4,no_regime_ablation,regime_heavy,0.1,0.6,federation_bridge_stress,high_stress,10,10,0,0.0,0.0,1.0,0.0,0.0,0.0,,,0.0
grand_sim_v0_4,no_regime_ablation,regime_heavy,0.1,0.6,federation_cluster_attack,low_stress,10,10,0,0.0,0.0,1.0,0.0,0.0,0.0,,,0.0
grand_sim_v0_4,no_regime_ablation,regime_heavy,0.1,0.6,federation_cluster_attack,mid_stress,10,10,0,0.0,0.0,1.0,0.0,0.0,0.0,,,0.0
grand_sim_v0_4,no_regime_ablation,regime_heavy,0.1,0.6,federation_cluster_attack,high_stress,10,10,0,1.0,0.0,0.0,0.0,0.0,0.0,,,55.1
grand_sim_v0_4,no_regime_ablation,regime_heavy,0.1,0.6,psi_corruption,low_stress,10,10,0,0.0,0.0,1.0,0.0,0.0,0.0,,,0.0
grand_sim_v0_4,no_regime_ablation,regime_heavy,0.1,0.6,psi_corruption,mid_stress,10,10,0,0.0,0.0,1.0,0.0,0.0,0.0,,,0.0
grand_sim_v0_4,no_regime_ablation,regime_heavy,0.1,0.6,psi_corruption,high_stress,10,10,0,1.0,0.0,0.0,0.0,0.0,0.0,,,53.4
grand_sim_v0_4,no_regime_renormalized,regime_heavy,0.1,0.1,async_message_loss,low_stress,10,0,10,0.0,0.0,0.0,1.0,0.0,0.0,,,0.0
grand_sim_v0_4,no_regime_renormalized,regime_heavy,0.1,0.1,async_message_loss,mid_stress,10,0,10,0.0,0.0,0.0,1.0,0.0,0.0,,,0.0
grand_sim_v0_4,no_regime_renormalized,regime_heavy,0.1,0.1,async_message_loss,high_stress,10,10,0,1.0,1.0,0.0,0.0,31.4,31.0,29.0,33.0,0.0
grand_sim_v0_4,no_regime_renormalized,regime_heavy,0.1,0.1,federation_bridge_stress,low_stress,10,0,10,0.0,0.0,0.0,1.0,0.0,0.0,,,0.0
grand_sim_v0_4,no_regime_renormalized,regime_heavy,0.1,0.1,federation_bridge_stress,mid_stress,10,0,10,0.0,0.0,0.0,1.0,0.0,0.0,,,0.0
grand_sim_v0_4,no_regime_renormalized,regime_heavy,0.1,0.1,federation_bridge_stress,high_stress,10,10,0,1.0,1.0,0.0,0.0,24.7,24.0,23.0,27.0,0.0
grand_sim_v0_4,no_regime_renormalized,regime_heavy,0.1,0.1,federation_cluster_attack,low_stress,10,10,0,1.0,1.0,0.0,0.0,97.2,98.0,92.0,99.0,0.0
grand_sim_v0_4,no_regime_renormalized,regime_heavy,0.1,0.1,federation_cluster_attack,mid_stress,10,10,0,1.0,1.0,0.0,0.0,65.9,66.0,62.0,67.0,0.0
grand_sim_v0_4,no_regime_renormalized,regime_heavy,0.1,0.1,federation_cluster_attack,high_stress,10,10,0,1.0,1.0,0.0,0.0,26.5,27.0,25.0,28.0,0.0
grand_sim_v0_4,no_regime_renormalized,regime_heavy,0.1,0.1,psi_corruption,low_stress,10,10,0,1.0,1.0,0.0,0.0,87.1,87.0,86.0,88.0,0.0
grand_sim_v0_4,no_regime_renormalized,regime_heavy,0.1,0.1,psi_corruption,mid_stress,10,10,0,1.0,1.0,0.0,0.0,59.9,60.0,57.0,61.0,0.0
grand_sim_v0_4,no_regime_renormalized,regime_heavy,0.1,0.1,psi_corruption,high_stress,10,10,0,1.0,1.0,0.0,0.0,24.6,24.0,23.0,27.0,0.0
grand_sim_v0_4,no_regime_renormalized,regime_heavy,0.1,0.12,async_message_loss,low_stress,10,0,10,0.0,0.0,0.0,1.0,0.0,0.0,,,0.0
grand_sim_v0_4,no_regime_renormalized,regime_heavy,0.1,0.12,async_message_loss,mid_stress,10,0,10,0.0,0.0,0.0,1.0,0.0,0.0,,,0.0
grand_sim_v0_4,no_regime_renormalized,regime_heavy,0.1,0.12,async_message_loss,high_stress,10,10,0,1.0,1.0,0.0,0.0,31.4,31.0,29.0,33.0,0.0
grand_sim_v0_4,no_regime_renormalized,regime_heavy,0.1,0.12,federation_bridge_stress,low_stress,10,0,10,0.0,0.0,0.0,1.0,0.0,0.0,,,0.0
grand_sim_v0_4,no_regime_renormalized,regime_heavy,0.1,0.12,federation_bridge_stress,mid_stress,10,0,10,0.0,0.0,0.0,1.0,0.0,0.0,,,0.0
grand_sim_v0_4,no_regime_renormalized,regime_heavy,0.1,0.12,federation_bridge_stress,high_stress,10,10,0,1.0,1.0,0.0,0.0,24.7,24.0,23.0,27.0,0.0
grand_sim_v0_4,no_regime_renormalized,regime_heavy,0.1,0.12,federation_cluster_attack,low_stress,10,10,0,1.0,1.0,0.0,0.0,97.2,98.0,92.0,99.0,0.0
grand_sim_v0_4,no_regime_renormalized,regime_heavy,0.1,0.12,federation_cluster_attack,mid_stress,10,10,0,1.0,1.0,0.0,0.0,65.9,66.0,62.0,67.0,0.0
grand_sim_v0_4,no_regime_renormalized,regime_heavy,0.1,0.12,federation_cluster_attack,high_stress,10,10,0,1.0,1.0,0.0,0.0,26.5,27.0,25.0,28.0,0.0
grand_sim_v0_4,no_regime_renormalized,regime_heavy,0.1,0.12,psi_corruption,low_stress,10,10,0,1.0,1.0,0.0,0.0,87.1,87.0,86.0,88.0,0.0
grand_sim_v0_4,no_regime_renormalized,regime_heavy,0.1,0.12,psi_corruption,mid_stress,10,10,0,1.0,1.0,0.0,0.0,59.9,60.0,57.0,61.0,0.0
grand_sim_v0_4,no_regime_renormalized,regime_heavy,0.1,0.12,psi_corruption,high_stress,10,10,0,1.0,1.0,0.0,0.0,24.6,24.0,23.0,27.0,0.0
grand_sim_v0_4,no_regime_renormalized,regime_heavy,0.1,0.14,async_message_loss,low_stress,10,0,10,0.0,0.0,0.0,1.0,0.0,0.0,,,0.0
grand_sim_v0_4,no_regime_renormalized,regime_heavy,0.1,0.14,async_message_loss,mid_stress,10,0,10,0.0,0.0,0.0,1.0,0.0,0.0,,,0.0
grand_sim_v0_4,no_regime_renormalized,regime_heavy,0.1,0.14,async_message_loss,high_stress,10,10,0,1.0,1.0,0.0,0.0,31.4,31.0,29.0,33.0,0.0
grand_sim_v0_4,no_regime_renormalized,regime_heavy,0.1,0.14,federation_bridge_stress,low_stress,10,0,10,0.0,0.0,0.0,1.0,0.0,0.0,,,0.0
grand_sim_v0_4,no_regime_renormalized,regime_heavy,0.1,0.14,federation_bridge_stress,mid_stress,10,0,10,0.0,0.0,0.0,1.0,0.0,0.0,,,0.0
grand_sim_v0_4,no_regime_renormalized,regime_heavy,0.1,0.14,federation_bridge_stress,high_stress,10,10,0,1.0,1.0,0.0,0.0,24.7,24.0,23.0,27.0,0.0
grand_sim_v0_4,no_regime_renormalized,regime_heavy,0.1,0.14,federation_cluster_attack,low_stress,10,10,0,1.0,1.0,0.0,0.0,97.2,98.0,92.0,99.0,0.0
grand_sim_v0_4,no_regime_renormalized,regime_heavy,0.1,0.14,federation_cluster_attack,mid_stress,10,10,0,1.0,1.0,0.0,0.0,65.9,66.0,62.0,67.0,0.0
grand_sim_v0_4,no_regime_renormalized,regime_heavy,0.1,0.14,federation_cluster_attack,high_stress,10,10,0,1.0,1.0,0.0,0.0,26.5,27.0,25.0,28.0,0.0
grand_sim_v0_4,no_regime_renormalized,regime_heavy,0.1,0.14,psi_corruption,low_stress,10,10,0,1.0,1.0,0.0,0.0,87.1,87.0,86.0,88.0,0.0
grand_sim_v0_4,no_regime_renormalized,regime_heavy,0.1,0.14,psi_corruption,mid_stress,10,10,0,1.0,1.0,0.0,0.0,59.9,60.0,57.0,61.0,0.0
grand_sim_v0_4,no_regime_renormalized,regime_heavy,0.1,0.14,psi_corruption,high_stress,10,10,0,1.0,1.0,0.0,0.0,24.6,24.0,23.0,27.0,0.0
grand_sim_v0_4,no_regime_renormalized,regime_heavy,0.1,0.16,async_message_loss,low_stress,10,0,10,0.0,0.0,0.0,1.0,0.0,0.0,,,0.0
grand_sim_v0_4,no_regime_renormalized,regime_heavy,0.1,0.16,async_message_loss,mid_stress,10,0,10,0.0,0.0,0.0,1.0,0.0,0.0,,,0.0
grand_sim_v0_4,no_regime_renormalized,regime_heavy,0.1,0.16,async_message_loss,high_stress,10,10,0,1.0,1.0,0.0,0.0,31.4,31.0,29.0,33.0,0.0
grand_sim_v0_4,no_regime_renormalized,regime_heavy,0.1,0.16,federation_bridge_stress,low_stress,10,0,10,0.0,0.0,0.0,1.0,0.0,0.0,,,0.0
grand_sim_v0_4,no_regime_renormalized,regime_heavy,0.1,0.16,federation_bridge_stress,mid_stress,10,0,10,0.0,0.0,0.0,1.0,0.0,0.0,,,0.0
grand_sim_v0_4,no_regime_renormalized,regime_heavy,0.1,0.16,federation_bridge_stress,high_stress,10,10,0,1.0,1.0,0.0,0.0,24.7,24.0,23.0,27.0,0.0
grand_sim_v0_4,no_regime_renormalized,regime_heavy,0.1,0.16,federation_cluster_attack,low_stress,10,10,0,1.0,1.0,0.0,0.0,97.2,98.0,92.0,99.0,0.0
grand_sim_v0_4,no_regime_renormalized,regime_heavy,0.1,0.16,federation_cluster_attack,mid_stress,10,10,0,1.0,1.0,0.0,0.0,65.9,66.0,62.0,67.0,0.0
grand_sim_v0_4,no_regime_renormalized,regime_heavy,0.1,0.16,federation_cluster_attack,high_stress,10,10,0,1.0,1.0,0.0,0.0,26.5,27.0,25.0,28.0,0.0
grand_sim_v0_4,no_regime_renormalized,regime_heavy,0.1,0.16,psi_corruption,low_stress,10,10,0,1.0,1.0,0.0,0.0,87.1,87.0,86.0,88.0,0.0
grand_sim_v0_4,no_regime_renormalized,regime_heavy,0.1,0.16,psi_corruption,mid_stress,10,10,0,1.0,1.0,0.0,0.0,59.9,60.0,57.0,61.0,0.0
grand_sim_v0_4,no_regime_renormalized,regime_heavy,0.1,0.16,psi_corruption,high_stress,10,10,0,1.0,1.0,0.0,0.0,24.6,24.0,23.0,27.0,0.0
grand_sim_v0_4,no_regime_renormalized,regime_heavy,0.1,0.18,async_message_loss,low_stress,10,0,10,0.0,0.0,0.0,1.0,0.0,0.0,,,0.0
grand_sim_v0_4,no_regime_renormalized,regime_heavy,0.1,0.18,async_message_loss,mid_stress,10,0,10,0.0,0.0,0.0,1.0,0.0,0.0,,,0.0
grand_sim_v0_4,no_regime_renormalized,regime_heavy,0.1,0.18,async_message_loss,high_stress,10,10,0,1.0,1.0,0.0,0.0,31.4,31.0,29.0,33.0,0.0
grand_sim_v0_4,no_regime_renormalized,regime_heavy,0.1,0.18,federation_bridge_stress,low_stress,10,0,10,0.0,0.0,0.0,1.0,0.0,0.0,,,0.0
grand_sim_v0_4,no_regime_renormalized,regime_heavy,0.1,0.18,federation_bridge_stress,mid_stress,10,0,10,0.0,0.0,0.0,1.0,0.0,0.0,,,0.0
grand_sim_v0_4,no_regime_renormalized,regime_heavy,0.1,0.18,federation_bridge_stress,high_stress,10,10,0,1.0,1.0,0.0,0.0,24.7,24.0,23.0,27.0,0.0
grand_sim_v0_4,no_regime_renormalized,regime_heavy,0.1,0.18,federation_cluster_attack,low_stress,10,10,0,1.0,1.0,0.0,0.0,97.2,98.0,92.0,99.0,0.0
grand_sim_v0_4,no_regime_renormalized,regime_heavy,0.1,0.18,federation_cluster_attack,mid_stress,10,10,0,1.0,1.0,0.0,0.0,65.9,66.0,62.0,67.0,0.0
grand_sim_v0_4,no_regime_renormalized,regime_heavy,0.1,0.18,federation_cluster_attack,high_stress,10,10,0,1.0,1.0,0.0,0.0,26.5,27.0,25.0,28.0,0.0
grand_sim_v0_4,no_regime_renormalized,regime_heavy,0.1,0.18,psi_corruption,low_stress,10,10,0,1.0,1.0,0.0,0.0,87.1,87.0,86.0,88.0,0.0
grand_sim_v0_4,no_regime_renormalized,regime_heavy,0.1,0.18,psi_corruption,mid_stress,10,10,0,1.0,1.0,0.0,0.0,59.9,60.0,57.0,61.0,0.0
grand_sim_v0_4,no_regime_renormalized,regime_heavy,0.1,0.18,psi_corruption,high_stress,10,10,0,1.0,1.0,0.0,0.0,24.6,24.0,23.0,27.0,0.0
grand_sim_v0_4,no_regime_renormalized,regime_heavy,0.1,0.2,async_message_loss,low_stress,10,0,10,0.0,0.0,0.0,1.0,0.0,0.0,,,0.0
grand_sim_v0_4,no_regime_renormalized,regime_heavy,0.1,0.2,async_message_loss,mid_stress,10,0,10,0.0,0.0,0.0,1.0,0.0,0.0,,,0.0
grand_sim_v0_4,no_regime_renormalized,regime_heavy,0.1,0.2,async_message_loss,high_stress,10,10,0,1.0,1.0,0.0,0.0,31.4,31.0,29.0,33.0,0.0
grand_sim_v0_4,no_regime_renormalized,regime_heavy,0.1,0.2,federation_bridge_stress,low_stress,10,0,10,0.0,0.0,0.0,1.0,0.0,0.0,,,0.0
grand_sim_v0_4,no_regime_renormalized,regime_heavy,0.1,0.2,federation_bridge_stress,mid_stress,10,0,10,0.0,0.0,0.0,1.0,0.0,0.0,,,0.0
grand_sim_v0_4,no_regime_renormalized,regime_heavy,0.1,0.2,federation_bridge_stress,high_stress,10,10,0,1.0,1.0,0.0,0.0,24.7,24.0,23.0,27.0,0.0
grand_sim_v0_4,no_regime_renormalized,regime_heavy,0.1,0.2,federation_cluster_attack,low_stress,10,10,0,1.0,1.0,0.0,0.0,97.2,98.0,92.0,99.0,0.0
grand_sim_v0_4,no_regime_renormalized,regime_heavy,0.1,0.2,federation_cluster_attack,mid_stress,10,10,0,1.0,1.0,0.0,0.0,65.9,66.0,62.0,67.0,0.0
grand_sim_v0_4,no_regime_renormalized,regime_heavy,0.1,0.2,federation_cluster_attack,high_stress,10,10,0,1.0,1.0,0.0,0.0,26.5,27.0,25.0,28.0,0.0
grand_sim_v0_4,no_regime_renormalized,regime_heavy,0.1,0.2,psi_corruption,low_stress,10,10,0,1.0,1.0,0.0,0.0,87.1,87.0,86.0,88.0,0.0
grand_sim_v0_4,no_regime_renormalized,regime_heavy,0.1,0.2,psi_corruption,mid_stress,10,10,0,1.0,1.0,0.0,0.0,59.9,60.0,57.0,61.0,0.0
grand_sim_v0_4,no_regime_renormalized,regime_heavy,0.1,0.2,psi_corruption,high_stress,10,10,0,1.0,1.0,0.0,0.0,24.6,24.0,23.0,27.0,0.0
grand_sim_v0_4,no_regime_renormalized,regime_heavy,0.1,0.22,async_message_loss,low_stress,10,0,10,0.0,0.0,0.0,1.0,0.0,0.0,,,0.0
grand_sim_v0_4,no_regime_renormalized,regime_heavy,0.1,0.22,async_message_loss,mid_stress,10,0,10,0.0,0.0,0.0,1.0,0.0,0.0,,,0.0
grand_sim_v0_4,no_regime_renormalized,regime_heavy,0.1,0.22,async_message_loss,high_stress,10,10,0,1.0,1.0,0.0,0.0,31.4,31.0,29.0,33.0,0.0
grand_sim_v0_4,no_regime_renormalized,regime_heavy,0.1,0.22,federation_bridge_stress,low_stress,10,0,10,0.0,0.0,0.0,1.0,0.0,0.0,,,0.0
grand_sim_v0_4,no_regime_renormalized,regime_heavy,0.1,0.22,federation_bridge_stress,mid_stress,10,0,10,0.0,0.0,0.0,1.0,0.0,0.0,,,0.0
grand_sim_v0_4,no_regime_renormalized,regime_heavy,0.1,0.22,federation_bridge_stress,high_stress,10,10,0,1.0,1.0,0.0,0.0,24.7,24.0,23.0,27.0,0.0
grand_sim_v0_4,no_regime_renormalized,regime_heavy,0.1,0.22,federation_cluster_attack,low_stress,10,10,0,1.0,1.0,0.0,0.0,97.2,98.0,92.0,99.0,0.0
grand_sim_v0_4,no_regime_renormalized,regime_heavy,0.1,0.22,federation_cluster_attack,mid_stress,10,10,0,1.0,1.0,0.0,0.0,65.9,66.0,62.0,67.0,0.0
grand_sim_v0_4,no_regime_renormalized,regime_heavy,0.1,0.22,federation_cluster_attack,high_stress,10,10,0,1.0,1.0,0.0,0.0,26.5,27.0,25.0,28.0,0.0
grand_sim_v0_4,no_regime_renormalized,regime_heavy,0.1,0.22,psi_corruption,low_stress,10,10,0,1.0,1.0,0.0,0.0,87.1,87.0,86.0,88.0,0.0
grand_sim_v0_4,no_regime_renormalized,regime_heavy,0.1,0.22,psi_corruption,mid_stress,10,10,0,1.0,1.0,0.0,0.0,59.9,60.0,57.0,61.0,0.0
grand_sim_v0_4,no_regime_renormalized,regime_heavy,0.1,0.22,psi_corruption,high_stress,10,10,0,1.0,1.0,0.0,0.0,24.6,24.0,23.0,27.0,0.0
grand_sim_v0_4,no_regime_renormalized,regime_heavy,0.1,0.24,async_message_loss,low_stress,10,0,10,0.0,0.0,0.0,0.1,0.0,0.0,,,0.0
grand_sim_v0_4,no_regime_renormalized,regime_heavy,0.1,0.24,async_message_loss,mid_stress,10,0,10,0.0,0.0,0.0,0.0,0.0,0.0,,,0.0
grand_sim_v0_4,no_regime_renormalized,regime_heavy,0.1,0.24,async_message_loss,high_stress,10,10,0,1.0,1.0,0.0,0.0,31.4,31.0,29.0,33.0,0.0
grand_sim_v0_4,no_regime_renormalized,regime_heavy,0.1,0.24,federation_bridge_stress,low_stress,10,0,10,0.0,0.0,0.0,0.0,0.0,0.0,,,0.0
grand_sim_v0_4,no_regime_renormalized,regime_heavy,0.1,0.24,federation_bridge_stress,mid_stress,10,0,10,0.0,0.0,0.0,0.0,0.0,0.0,,,0.0
grand_sim_v0_4,no_regime_renormalized,regime_heavy,0.1,0.24,federation_bridge_stress,high_stress,10,10,0,1.0,1.0,0.0,0.0,23.3,24.0,19.0,26.0,0.0
grand_sim_v0_4,no_regime_renormalized,regime_heavy,0.1,0.24,federation_cluster_attack,low_stress,10,10,0,1.0,1.0,0.0,0.0,22.9,23.0,18.0,25.0,0.0
grand_sim_v0_4,no_regime_renormalized,regime_heavy,0.1,0.24,federation_cluster_attack,mid_stress,10,10,0,1.0,1.0,0.0,0.0,13.0,13.0,10.0,14.0,0.0
grand_sim_v0_4,no_regime_renormalized,regime_heavy,0.1,0.24,federation_cluster_attack,high_stress,10,10,0,1.0,1.0,0.0,0.0,25.1,25.0,20.0,28.0,0.0
grand_sim_v0_4,no_regime_renormalized,regime_heavy,0.1,0.24,psi_corruption,low_stress,10,10,0,1.0,1.0,0.0,0.0,20.4,20.0,19.0,22.0,0.0
grand_sim_v0_4,no_regime_renormalized,regime_heavy,0.1,0.24,psi_corruption,mid_stress,10,10,0,1.0,1.0,0.0,0.0,10.6,11.0,8.0,12.0,0.0
grand_sim_v0_4,no_regime_renormalized,regime_heavy,0.1,0.24,psi_corruption,high_stress,10,10,0,1.0,1.0,0.0,0.0,24.0,24.0,19.0,27.0,0.0
grand_sim_v0_4,no_regime_renormalized,regime_heavy,0.1,0.26,async_message_loss,low_stress,10,0,10,0.0,0.0,0.0,0.0,0.0,0.0,,,0.0
grand_sim_v0_4,no_regime_renormalized,regime_heavy,0.1,0.26,async_message_loss,mid_stress,10,0,10,0.0,0.0,0.0,0.0,0.0,0.0,,,0.0
grand_sim_v0_4,no_regime_renormalized,regime_heavy,0.1,0.26,async_message_loss,high_stress,10,10,0,1.0,1.0,0.0,0.0,21.1,21.0,20.0,23.0,0.0
grand_sim_v0_4,no_regime_renormalized,regime_heavy,0.1,0.26,federation_bridge_stress,low_stress,10,0,10,0.0,0.0,0.0,0.0,0.0,0.0,,,0.0
grand_sim_v0_4,no_regime_renormalized,regime_heavy,0.1,0.26,federation_bridge_stress,mid_stress,10,0,10,0.0,0.0,0.0,0.0,0.0,0.0,,,0.0
grand_sim_v0_4,no_regime_renormalized,regime_heavy,0.1,0.26,federation_bridge_stress,high_stress,10,10,0,1.0,1.0,0.0,0.0,14.3,14.0,13.0,15.0,0.0
grand_sim_v0_4,no_regime_renormalized,regime_heavy,0.1,0.26,federation_cluster_attack,low_stress,10,10,0,1.0,1.0,0.0,0.0,20.8,21.0,16.0,23.0,0.0
grand_sim_v0_4,no_regime_renormalized,regime_heavy,0.1,0.26,federation_cluster_attack,mid_stress,10,10,0,1.0,1.0,0.0,0.0,11.7,12.0,8.0,13.0,0.0
grand_sim_v0_4,no_regime_renormalized,regime_heavy,0.1,0.26,federation_cluster_attack,high_stress,10,10,0,1.0,1.0,0.0,0.0,14.9,15.0,14.0,17.0,0.0
grand_sim_v0_4,no_regime_renormalized,regime_heavy,0.1,0.26,psi_corruption,low_stress,10,10,0,1.0,1.0,0.0,0.0,17.9,18.0,17.0,20.0,0.0
grand_sim_v0_4,no_regime_renormalized,regime_heavy,0.1,0.26,psi_corruption,mid_stress,10,10,0,1.0,1.0,0.0,0.0,9.5,10.0,7.0,11.0,0.0
grand_sim_v0_4,no_regime_renormalized,regime_heavy,0.1,0.26,psi_corruption,high_stress,10,10,0,1.0,1.0,0.0,0.0,14.8,14.0,14.0,16.0,0.0
grand_sim_v0_4,no_regime_renormalized,regime_heavy,0.1,0.28,async_message_loss,low_stress,10,0,10,0.0,0.0,0.0,0.0,0.0,0.0,,,0.0
grand_sim_v0_4,no_regime_renormalized,regime_heavy,0.1,0.28,async_message_loss,mid_stress,10,0,10,0.0,0.0,0.0,0.0,0.0,0.0,,,0.0
grand_sim_v0_4,no_regime_renormalized,regime_heavy,0.1,0.28,async_message_loss,high_stress,10,10,0,1.0,1.0,0.0,0.0,17.5,17.0,16.0,19.0,0.0
grand_sim_v0_4,no_regime_renormalized,regime_heavy,0.1,0.28,federation_bridge_stress,low_stress,10,0,10,0.0,0.0,0.0,0.0,0.0,0.0,,,0.0
grand_sim_v0_4,no_regime_renormalized,regime_heavy,0.1,0.28,federation_bridge_stress,mid_stress,10,0,10,0.0,0.0,0.0,0.0,0.0,0.0,,,0.0
grand_sim_v0_4,no_regime_renormalized,regime_heavy,0.1,0.28,federation_bridge_stress,high_stress,10,10,0,1.0,1.0,0.0,0.0,11.5,12.0,10.0,12.0,0.0
grand_sim_v0_4,no_regime_renormalized,regime_heavy,0.1,0.28,federation_cluster_attack,low_stress,10,10,0,1.0,1.0,0.0,0.0,18.5,19.0,14.0,21.0,0.0
grand_sim_v0_4,no_regime_renormalized,regime_heavy,0.1,0.28,federation_cluster_attack,mid_stress,10,10,0,1.0,1.0,0.0,0.0,10.6,11.0,7.0,12.0,0.0
grand_sim_v0_4,no_regime_renormalized,regime_heavy,0.1,0.28,federation_cluster_attack,high_stress,10,10,0,1.0,1.0,0.0,0.0,11.8,12.0,11.0,13.0,0.0
grand_sim_v0_4,no_regime_renormalized,regime_heavy,0.1,0.28,psi_corruption,low_stress,10,10,0,1.0,1.0,0.0,0.0,16.0,16.0,15.0,18.0,0.0
grand_sim_v0_4,no_regime_renormalized,regime_heavy,0.1,0.28,psi_corruption,mid_stress,10,10,0,1.0,1.0,0.0,0.0,8.5,9.0,6.0,10.0,0.0
grand_sim_v0_4,no_regime_renormalized,regime_heavy,0.1,0.28,psi_corruption,high_stress,10,10,0,1.0,1.0,0.0,0.0,11.9,12.0,11.0,13.0,0.0
grand_sim_v0_4,no_regime_renormalized,regime_heavy,0.1,0.3,async_message_loss,low_stress,10,0,10,0.0,0.0,0.0,0.0,0.0,0.0,,,0.0
grand_sim_v0_4,no_regime_renormalized,regime_heavy,0.1,0.3,async_message_loss,mid_stress,10,0,10,0.0,0.0,0.0,0.0,0.0,0.0,,,0.0
grand_sim_v0_4,no_regime_renormalized,regime_heavy,0.1,0.3,async_message_loss,high_stress,10,10,0,1.0,1.0,0.0,0.0,14.9,15.0,14.0,16.0,0.0
grand_sim_v0_4,no_regime_renormalized,regime_heavy,0.1,0.3,federation_bridge_stress,low_stress,10,0,10,0.0,0.0,0.0,0.0,0.0,0.0,,,0.0
grand_sim_v0_4,no_regime_renormalized,regime_heavy,0.1,0.3,federation_bridge_stress,mid_stress,10,0,10,0.0,0.0,0.0,0.0,0.0,0.0,,,0.0
grand_sim_v0_4,no_regime_renormalized,regime_heavy,0.1,0.3,federation_bridge_stress,high_stress,10,10,0,1.0,1.0,0.0,0.0,9.3,9.0,8.0,10.0,0.0
grand_sim_v0_4,no_regime_renormalized,regime_heavy,0.1,0.3,federation_cluster_attack,low_stress,10,10,0,1.0,1.0,0.0,0.0,16.5,17.0,12.0,19.0,0.0
grand_sim_v0_4,no_regime_renormalized,regime_heavy,0.1,0.3,federation_cluster_attack,mid_stress,10,10,0,1.0,1.0,0.0,0.0,9.5,10.0,6.0,11.0,0.0
grand_sim_v0_4,no_regime_renormalized,regime_heavy,0.1,0.3,federation_cluster_attack,high_stress,10,10,0,1.0,1.0,0.0,0.0,9.7,10.0,9.0,11.0,0.0
grand_sim_v0_4,no_regime_renormalized,regime_heavy,0.1,0.3,psi_corruption,low_stress,10,10,0,1.0,1.0,0.0,0.0,14.1,14.0,13.0,16.0,0.0
grand_sim_v0_4,no_regime_renormalized,regime_heavy,0.1,0.3,psi_corruption,mid_stress,10,10,0,1.0,1.0,0.0,0.0,7.5,8.0,5.0,9.0,0.0
grand_sim_v0_4,no_regime_renormalized,regime_heavy,0.1,0.3,psi_corruption,high_stress,10,10,0,1.0,1.0,0.0,0.0,9.9,10.0,9.0,11.0,0.0
grand_sim_v0_4,no_regime_renormalized,regime_heavy,0.1,0.32,async_message_loss,low_stress,10,0,10,0.0,0.0,0.0,0.0,0.0,0.0,,,0.0
grand_sim_v0_4,no_regime_renormalized,regime_heavy,0.1,0.32,async_message_loss,mid_stress,10,0,10,0.0,0.0,0.0,0.0,0.0,0.0,,,0.0
grand_sim_v0_4,no_regime_renormalized,regime_heavy,0.1,0.32,async_message_loss,high_stress,10,10,0,1.0,1.0,0.0,0.0,12.9,13.0,12.0,14.0,0.0
grand_sim_v0_4,no_regime_renormalized,regime_heavy,0.1,0.32,federation_bridge_stress,low_stress,10,0,10,0.0,0.0,0.0,0.0,0.0,0.0,,,0.0
grand_sim_v0_4,no_regime_renormalized,regime_heavy,0.1,0.32,federation_bridge_stress,mid_stress,10,0,10,0.0,0.0,0.0,0.0,0.0,0.0,,,0.0
grand_sim_v0_4,no_regime_renormalized,regime_heavy,0.1,0.32,federation_bridge_stress,high_stress,10,10,0,1.0,1.0,0.0,0.0,7.9,8.0,7.0,9.0,0.0
grand_sim_v0_4,no_regime_renormalized,regime_heavy,0.1,0.32,federation_cluster_attack,low_stress,10,10,0,1.0,1.0,0.0,0.0,14.6,15.0,11.0,17.0,0.0
grand_sim_v0_4,no_regime_renormalized,regime_heavy,0.1,0.32,federation_cluster_attack,mid_stress,10,10,0,1.0,1.0,0.0,0.0,8.3,8.0,5.0,10.0,0.0
grand_sim_v0_4,no_regime_renormalized,regime_heavy,0.1,0.32,federation_cluster_attack,high_stress,10,10,0,1.0,1.0,0.0,0.0,8.1,8.0,7.0,9.0,0.0
grand_sim_v0_4,no_regime_renormalized,regime_heavy,0.1,0.32,psi_corruption,low_stress,10,10,0,1.0,1.0,0.0,0.0,12.4,12.0,11.0,14.0,0.0
grand_sim_v0_4,no_regime_renormalized,regime_heavy,0.1,0.32,psi_corruption,mid_stress,10,10,0,1.0,1.0,0.0,0.0,6.6,7.0,4.0,8.0,0.0
grand_sim_v0_4,no_regime_renormalized,regime_heavy,0.1,0.32,psi_corruption,high_stress,10,10,0,1.0,1.0,0.0,0.0,8.1,8.0,7.0,10.0,0.0
grand_sim_v0_4,no_regime_renormalized,regime_heavy,0.1,0.34,async_message_loss,low_stress,10,0,10,0.0,0.0,0.0,0.0,0.0,0.0,,,0.0
grand_sim_v0_4,no_regime_renormalized,regime_heavy,0.1,0.34,async_message_loss,mid_stress,10,0,10,0.0,0.0,0.0,0.0,0.0,0.0,,,0.0
grand_sim_v0_4,no_regime_renormalized,regime_heavy,0.1,0.34,async_message_loss,high_stress,10,10,0,1.0,1.0,0.0,0.0,11.2,11.0,10.0,12.0,0.0
grand_sim_v0_4,no_regime_renormalized,regime_heavy,0.1,0.34,federation_bridge_stress,low_stress,10,0,10,0.0,0.0,0.0,0.0,0.0,0.0,,,0.0
grand_sim_v0_4,no_regime_renormalized,regime_heavy,0.1,0.34,federation_bridge_stress,mid_stress,10,0,10,0.0,0.0,0.0,0.0,0.0,0.0,,,0.0
grand_sim_v0_4,no_regime_renormalized,regime_heavy,0.1,0.34,federation_bridge_stress,high_stress,10,10,0,1.0,1.0,0.0,0.0,6.6,7.0,5.0,8.0,0.0
grand_sim_v0_4,no_regime_renormalized,regime_heavy,0.1,0.34,federation_cluster_attack,low_stress,10,10,0,1.0,1.0,0.0,0.0,12.7,13.0,9.0,15.0,0.0
grand_sim_v0_4,no_regime_renormalized,regime_heavy,0.1,0.34,federation_cluster_attack,mid_stress,10,10,0,1.0,1.0,0.0,0.0,7.2,7.0,4.0,9.0,0.0
grand_sim_v0_4,no_regime_renormalized,regime_heavy,0.1,0.34,federation_cluster_attack,high_stress,10,10,0,1.0,1.0,0.0,0.0,6.6,6.0,6.0,8.0,0.0
grand_sim_v0_4,no_regime_renormalized,regime_heavy,0.1,0.34,psi_corruption,low_stress,10,10,0,1.0,1.0,0.0,0.0,10.8,10.0,10.0,13.0,0.0
grand_sim_v0_4,no_regime_renormalized,regime_heavy,0.1,0.34,psi_corruption,mid_stress,10,10,0,1.0,1.0,0.0,0.0,5.7,6.0,3.0,7.0,0.0
grand_sim_v0_4,no_regime_renormalized,regime_heavy,0.1,0.34,psi_corruption,high_stress,10,10,0,1.0,1.0,0.0,0.0,6.8,6.0,6.0,8.0,0.0
grand_sim_v0_4,no_regime_renormalized,regime_heavy,0.1,0.36,async_message_loss,low_stress,10,0,10,0.0,0.0,0.0,0.0,0.0,0.0,,,0.0
grand_sim_v0_4,no_regime_renormalized,regime_heavy,0.1,0.36,async_message_loss,mid_stress,10,0,10,0.0,0.0,0.0,0.0,0.0,0.0,,,0.0
grand_sim_v0_4,no_regime_renormalized,regime_heavy,0.1,0.36,async_message_loss,high_stress,10,10,0,1.0,1.0,0.0,0.0,10.0,10.0,9.0,11.0,0.0
grand_sim_v0_4,no_regime_renormalized,regime_heavy,0.1,0.36,federation_bridge_stress,low_stress,10,0,10,0.0,0.0,0.0,0.0,0.0,0.0,,,0.0
grand_sim_v0_4,no_regime_renormalized,regime_heavy,0.1,0.36,federation_bridge_stress,mid_stress,10,0,10,0.0,0.0,0.0,0.0,0.0,0.0,,,0.0
grand_sim_v0_4,no_regime_renormalized,regime_heavy,0.1,0.36,federation_bridge_stress,high_stress,10,10,0,1.0,1.0,0.0,0.0,5.2,5.0,4.0,6.0,0.0
grand_sim_v0_4,no_regime_renormalized,regime_heavy,0.1,0.36,federation_cluster_attack,low_stress,10,10,0,1.0,1.0,0.0,0.0,9.4,10.0,5.0,12.0,0.0
grand_sim_v0_4,no_regime_renormalized,regime_heavy,0.1,0.36,federation_cluster_attack,mid_stress,10,10,0,1.0,1.0,0.0,0.0,3.7,4.0,2.0,5.0,0.0
grand_sim_v0_4,no_regime_renormalized,regime_heavy,0.1,0.36,federation_cluster_attack,high_stress,10,10,0,1.0,1.0,0.0,0.0,5.3,5.0,4.0,6.0,0.0
grand_sim_v0_4,no_regime_renormalized,regime_heavy,0.1,0.36,psi_corruption,low_stress,10,10,0,1.0,1.0,0.0,0.0,7.8,7.0,6.0,11.0,0.0
grand_sim_v0_4,no_regime_renormalized,regime_heavy,0.1,0.36,psi_corruption,mid_stress,10,10,0,1.0,1.0,0.0,0.0,3.7,4.0,2.0,5.0,0.0
grand_sim_v0_4,no_regime_renormalized,regime_heavy,0.1,0.36,psi_corruption,high_stress,10,10,0,1.0,1.0,0.0,0.0,5.4,5.0,4.0,7.0,0.0
grand_sim_v0_4,no_regime_renormalized,regime_heavy,0.1,0.38,async_message_loss,low_stress,10,0,10,0.0,0.0,0.0,0.0,0.0,0.0,,,0.0
grand_sim_v0_4,no_regime_renormalized,regime_heavy,0.1,0.38,async_message_loss,mid_stress,10,0,10,0.0,0.0,0.0,0.0,0.0,0.0,,,0.0
grand_sim_v0_4,no_regime_renormalized,regime_heavy,0.1,0.38,async_message_loss,high_stress,10,10,0,1.0,1.0,0.0,0.0,8.5,8.0,7.0,10.0,0.0
grand_sim_v0_4,no_regime_renormalized,regime_heavy,0.1,0.38,federation_bridge_stress,low_stress,10,0,10,0.0,0.0,0.0,0.0,0.0,0.0,,,0.0
grand_sim_v0_4,no_regime_renormalized,regime_heavy,0.1,0.38,federation_bridge_stress,mid_stress,10,0,10,0.0,0.0,0.0,0.0,0.0,0.0,,,0.0
grand_sim_v0_4,no_regime_renormalized,regime_heavy,0.1,0.38,federation_bridge_stress,high_stress,10,10,0,1.0,1.0,0.0,0.0,4.2,4.0,3.0,5.0,0.0
grand_sim_v0_4,no_regime_renormalized,regime_heavy,0.1,0.38,federation_cluster_attack,low_stress,10,10,0,1.0,0.2,0.0,0.0,0.5,0.0,0.0,1.0,2.125
grand_sim_v0_4,no_regime_renormalized,regime_heavy,0.1,0.38,federation_cluster_attack,mid_stress,10,10,0,1.0,0.8,0.0,0.0,0.5,1.0,0.0,1.0,1.5
grand_sim_v0_4,no_regime_renormalized,regime_heavy,0.1,0.38,federation_cluster_attack,high_stress,10,10,0,1.0,1.0,0.0,0.0,4.3,4.0,3.0,5.0,0.0
grand_sim_v0_4,no_regime_renormalized,regime_heavy,0.1,0.38,psi_corruption,low_stress,10,10,0,1.0,0.9,0.0,0.0,0.555556,0.0,0.0,2.0,1.0
grand_sim_v0_4,no_regime_renormalized,regime_heavy,0.1,0.38,psi_corruption,mid_stress,10,10,0,1.0,0.9,0.0,0.0,0.555556,0.0,0.0,2.0,1.0
grand_sim_v0_4,no_regime_renormalized,regime_heavy,0.1,0.38,psi_corruption,high_stress,10,10,0,1.0,1.0,0.0,0.0,4.4,4.0,3.0,6.0,0.0
grand_sim_v0_4,no_regime_renormalized,regime_heavy,0.1,0.4,async_message_loss,low_stress,10,0,10,0.0,0.0,0.0,0.0,0.0,0.0,,,0.0
grand_sim_v0_4,no_regime_renormalized,regime_heavy,0.1,0.4,async_message_loss,mid_stress,10,0,10,0.0,0.0,0.0,0.0,0.0,0.0,,,0.0
grand_sim_v0_4,no_regime_renormalized,regime_heavy,0.1,0.4,async_message_loss,high_stress,10,10,0,1.0,1.0,0.0,0.0,7.2,7.0,6.0,8.0,0.0
grand_sim_v0_4,no_regime_renormalized,regime_heavy,0.1,0.4,federation_bridge_stress,low_stress,10,0,10,0.0,0.0,0.0,0.0,0.0,0.0,,,0.0
grand_sim_v0_4,no_regime_renormalized,regime_heavy,0.1,0.4,federation_bridge_stress,mid_stress,10,0,10,0.0,0.0,0.0,0.0,0.0,0.0,,,0.0
grand_sim_v0_4,no_regime_renormalized,regime_heavy,0.1,0.4,federation_bridge_stress,high_stress,10,10,0,1.0,1.0,0.0,0.0,3.2,3.0,2.0,4.0,0.0
grand_sim_v0_4,no_regime_renormalized,regime_heavy,0.1,0.4,federation_cluster_attack,low_stress,10,10,0,0.0,0.0,1.0,0.0,0.0,0.0,,,0.0
grand_sim_v0_4,no_regime_renormalized,regime_heavy,0.1,0.4,federation_cluster_attack,mid_stress,10,10,0,1.0,0.0,0.0,0.0,0.0,0.0,,,3.3
grand_sim_v0_4,no_regime_renormalized,regime_heavy,0.1,0.4,federation_cluster_attack,high_stress,10,10,0,1.0,1.0,0.0,0.0,3.4,3.0,3.0,4.0,0.0
grand_sim_v0_4,no_regime_renormalized,regime_heavy,0.1,0.4,psi_corruption,low_stress,10,10,0,1.0,0.0,0.0,0.0,0.0,0.0,,,12.0
grand_sim_v0_4,no_regime_renormalized,regime_heavy,0.1,0.4,psi_corruption,mid_stress,10,10,0,1.0,0.0,0.0,0.0,0.0,0.0,,,3.0
grand_sim_v0_4,no_regime_renormalized,regime_heavy,0.1,0.4,psi_corruption,high_stress,10,10,0,1.0,1.0,0.0,0.0,3.4,3.0,2.0,5.0,0.0
grand_sim_v0_4,no_regime_renormalized,regime_heavy,0.1,0.42,async_message_loss,low_stress,10,0,10,0.0,0.0,0.0,0.0,0.0,0.0,,,0.0
grand_sim_v0_4,no_regime_renormalized,regime_heavy,0.1,0.42,async_message_loss,mid_stress,10,0,10,0.0,0.0,0.0,0.0,0.0,0.0,,,0.0
grand_sim_v0_4,no_regime_renormalized,regime_heavy,0.1,0.42,async_message_loss,high_stress,10,10,0,1.0,1.0,0.0,0.0,6.1,6.0,5.0,7.0,0.0
grand_sim_v0_4,no_regime_renormalized,regime_heavy,0.1,0.42,federation_bridge_stress,low_stress,10,0,10,0.0,0.0,0.0,0.0,0.0,0.0,,,0.0
grand_sim_v0_4,no_regime_renormalized,regime_heavy,0.1,0.42,federation_bridge_stress,mid_stress,10,0,10,0.0,0.0,0.0,0.0,0.0,0.0,,,0.0
grand_sim_v0_4,no_regime_renormalized,regime_heavy,0.1,0.42,federation_bridge_stress,high_stress,10,10,0,1.0,1.0,0.0,0.0,2.4,2.0,1.0,3.0,0.0
grand_sim_v0_4,no_regime_renormalized,regime_heavy,0.1,0.42,federation_cluster_attack,low_stress,10,10,0,0.0,0.0,1.0,0.0,0.0,0.0,,,0.0
grand_sim_v0_4,no_regime_renormalized,regime_heavy,0.1,0.42,federation_cluster_attack,mid_stress,10,10,0,1.0,0.0,0.0,0.0,0.0,0.0,,,6.2
grand_sim_v0_4,no_regime_renormalized,regime_heavy,0.1,0.42,federation_cluster_attack,high_stress,10,10,0,1.0,1.0,0.0,0.0,2.4,2.0,2.0,3.0,0.0
grand_sim_v0_4,no_regime_renormalized,regime_heavy,0.1,0.42,psi_corruption,low_stress,10,10,0,0.0,0.0,1.0,0.0,0.0,0.0,,,0.0
grand_sim_v0_4,no_regime_renormalized,regime_heavy,0.1,0.42,psi_corruption,mid_stress,10,10,0,1.0,0.0,0.0,0.0,0.0,0.0,,,6.9
grand_sim_v0_4,no_regime_renormalized,regime_heavy,0.1,0.42,psi_corruption,high_stress,10,10,0,1.0,1.0,0.0,0.0,2.7,3.0,2.0,4.0,0.0
grand_sim_v0_4,no_regime_renormalized,regime_heavy,0.1,0.44,async_message_loss,low_stress,10,0,10,0.0,0.0,0.0,0.0,0.0,0.0,,,0.0
grand_sim_v0_4,no_regime_renormalized,regime_heavy,0.1,0.44,async_message_loss,mid_stress,10,0,10,0.0,0.0,0.0,0.0,0.0,0.0,,,0.0
grand_sim_v0_4,no_regime_renormalized,regime_heavy,0.1,0.44,async_message_loss,high_stress,10,10,0,1.0,1.0,0.0,0.0,5.0,5.0,4.0,6.0,0.0
grand_sim_v0_4,no_regime_renormalized,regime_heavy,0.1,0.44,federation_bridge_stress,low_stress,10,0,10,0.0,0.0,0.0,0.0,0.0,0.0,,,0.0
grand_sim_v0_4,no_regime_renormalized,regime_heavy,0.1,0.44,federation_bridge_stress,mid_stress,10,0,10,0.0,0.0,0.0,0.0,0.0,0.0,,,0.0
grand_sim_v0_4,no_regime_renormalized,regime_heavy,0.1,0.44,federation_bridge_stress,high_stress,10,10,0,1.0,1.0,0.0,0.0,1.6,2.0,0.0,3.0,0.0
grand_sim_v0_4,no_regime_renormalized,regime_heavy,0.1,0.44,federation_cluster_attack,low_stress,10,10,0,0.0,0.0,1.0,0.0,0.0,0.0,,,0.0
grand_sim_v0_4,no_regime_renormalized,regime_heavy,0.1,0.44,federation_cluster_attack,mid_stress,10,10,0,1.0,0.0,0.0,0.0,0.0,0.0,,,9.3
grand_sim_v0_4,no_regime_renormalized,regime_heavy,0.1,0.44,federation_cluster_attack,high_stress,10,10,0,1.0,1.0,0.0,0.0,1.4,1.0,1.0,2.0,0.0
grand_sim_v0_4,no_regime_renormalized,regime_heavy,0.1,0.44,psi_corruption,low_stress,10,10,0,0.0,0.0,1.0,0.0,0.0,0.0,,,0.0
grand_sim_v0_4,no_regime_renormalized,regime_heavy,0.1,0.44,psi_corruption,mid_stress,10,10,0,1.0,0.0,0.0,0.0,0.0,0.0,,,11.0
grand_sim_v0_4,no_regime_renormalized,regime_heavy,0.1,0.44,psi_corruption,high_stress,10,10,0,1.0,1.0,0.0,0.0,2.0,2.0,1.0,3.0,0.0
grand_sim_v0_4,no_regime_renormalized,regime_heavy,0.1,0.46,async_message_loss,low_stress,10,0,10,0.0,0.0,0.0,0.0,0.0,0.0,,,0.0
grand_sim_v0_4,no_regime_renormalized,regime_heavy,0.1,0.46,async_message_loss,mid_stress,10,0,10,0.0,0.0,0.0,0.0,0.0,0.0,,,0.0
grand_sim_v0_4,no_regime_renormalized,regime_heavy,0.1,0.46,async_message_loss,high_stress,10,10,0,1.0,1.0,0.0,0.0,4.0,4.0,3.0,5.0,0.0
grand_sim_v0_4,no_regime_renormalized,regime_heavy,0.1,0.46,federation_bridge_stress,low_stress,10,0,10,0.0,0.0,0.0,0.0,0.0,0.0,,,0.0
grand_sim_v0_4,no_regime_renormalized,regime_heavy,0.1,0.46,federation_bridge_stress,mid_stress,10,0,10,0.0,0.0,0.0,0.0,0.0,0.0,,,0.0
grand_sim_v0_4,no_regime_renormalized,regime_heavy,0.1,0.46,federation_bridge_stress,high_stress,10,10,0,1.0,1.0,0.0,0.0,0.8,1.0,0.0,2.0,0.0
grand_sim_v0_4,no_regime_renormalized,regime_heavy,0.1,0.46,federation_cluster_attack,low_stress,10,10,0,0.0,0.0,1.0,0.0,0.0,0.0,,,0.0
grand_sim_v0_4,no_regime_renormalized,regime_heavy,0.1,0.46,federation_cluster_attack,mid_stress,10,10,0,1.0,0.0,0.0,0.0,0.0,0.0,,,13.9
grand_sim_v0_4,no_regime_renormalized,regime_heavy,0.1,0.46,federation_cluster_attack,high_stress,10,10,0,1.0,1.0,0.0,0.0,0.9,1.0,0.0,2.0,0.0
grand_sim_v0_4,no_regime_renormalized,regime_heavy,0.1,0.46,psi_corruption,low_stress,10,10,0,0.0,0.0,1.0,0.0,0.0,0.0,,,0.0
grand_sim_v0_4,no_regime_renormalized,regime_heavy,0.1,0.46,psi_corruption,mid_stress,10,10,0,1.0,0.0,0.0,0.0,0.0,0.0,,,15.1
grand_sim_v0_4,no_regime_renormalized,regime_heavy,0.1,0.46,psi_corruption,high_stress,10,10,0,1.0,1.0,0.0,0.0,1.1,1.0,0.0,2.0,0.0
grand_sim_v0_4,no_regime_renormalized,regime_heavy,0.1,0.48,async_message_loss,low_stress,10,0,10,0.0,0.0,0.0,0.0,0.0,0.0,,,0.0
grand_sim_v0_4,no_regime_renormalized,regime_heavy,0.1,0.48,async_message_loss,mid_stress,10,0,10,0.0,0.0,0.0,0.0,0.0,0.0,,,0.0
grand_sim_v0_4,no_regime_renormalized,regime_heavy,0.1,0.48,async_message_loss,high_stress,10,10,0,1.0,1.0,0.0,0.0,3.0,3.0,2.0,4.0,0.0
grand_sim_v0_4,no_regime_renormalized,regime_heavy,0.1,0.48,federation_bridge_stress,low_stress,10,0,10,0.0,0.0,0.0,0.0,0.0,0.0,,,0.0
grand_sim_v0_4,no_regime_renormalized,regime_heavy,0.1,0.48,federation_bridge_stress,mid_stress,10,0,10,0.0,0.0,0.0,0.0,0.0,0.0,,,0.0
grand_sim_v0_4,no_regime_renormalized,regime_heavy,0.1,0.48,federation_bridge_stress,high_stress,10,10,0,1.0,0.9,0.0,0.0,0.222222,0.0,0.0,1.0,1.0
grand_sim_v0_4,no_regime_renormalized,regime_heavy,0.1,0.48,federation_cluster_attack,low_stress,10,10,0,0.0,0.0,1.0,0.0,0.0,0.0,,,0.0
grand_sim_v0_4,no_regime_renormalized,regime_heavy,0.1,0.48,federation_cluster_attack,mid_stress,10,10,0,1.0,0.0,0.0,0.0,0.0,0.0,,,20.3
grand_sim_v0_4,no_regime_renormalized,regime_heavy,0.1,0.48,federation_cluster_attack,high_stress,10,10,0,1.0,0.8,0.0,0.0,0.5,1.0,0.0,1.0,1.0
grand_sim_v0_4,no_regime_renormalized,regime_heavy,0.1,0.48,psi_corruption,low_stress,10,10,0,0.0,0.0,1.0,0.0,0.0,0.0,,,0.0
grand_sim_v0_4,no_regime_renormalized,regime_heavy,0.1,0.48,psi_corruption,mid_stress,10,10,0,1.0,0.0,0.0,0.0,0.0,0.0,,,20.6
grand_sim_v0_4,no_regime_renormalized,regime_heavy,0.1,0.48,psi_corruption,high_stress,10,10,0,1.0,0.9,0.0,0.0,0.444444,0.0,0.0,1.0,1.0
grand_sim_v0_4,no_regime_renormalized,regime_heavy,0.1,0.5,async_message_loss,low_stress,10,0,10,0.0,0.0,0.0,0.0,0.0,0.0,,,0.0
grand_sim_v0_4,no_regime_renormalized,regime_heavy,0.1,0.5,async_message_loss,mid_stress,10,0,10,0.0,0.0,0.0,0.0,0.0,0.0,,,0.0
grand_sim_v0_4,no_regime_renormalized,regime_heavy,0.1,0.5,async_message_loss,high_stress,10,10,0,1.0,1.0,0.0,0.0,2.0,2.0,1.0,3.0,0.0
grand_sim_v0_4,no_regime_renormalized,regime_heavy,0.1,0.5,federation_bridge_stress,low_stress,10,0,10,0.0,0.0,0.0,0.0,0.0,0.0,,,0.0
grand_sim_v0_4,no_regime_renormalized,regime_heavy,0.1,0.5,federation_bridge_stress,mid_stress,10,0,10,0.0,0.0,0.0,0.0,0.0,0.0,,,0.0
grand_sim_v0_4,no_regime_renormalized,regime_heavy,0.1,0.5,federation_bridge_stress,high_stress,10,10,0,1.0,0.5,0.0,0.0,0.0,0.0,0.0,0.0,1.2
grand_sim_v0_4,no_regime_renormalized,regime_heavy,0.1,0.5,federation_cluster_attack,low_stress,10,10,0,0.0,0.0,1.0,0.0,0.0,0.0,,,0.0
grand_sim_v0_4,no_regime_renormalized,regime_heavy,0.1,0.5,federation_cluster_attack,mid_stress,10,10,0,1.0,0.0,0.0,0.0,0.0,0.0,,,29.1
grand_sim_v0_4,no_regime_renormalized,regime_heavy,0.1,0.5,federation_cluster_attack,high_stress,10,10,0,1.0,0.4,0.0,0.0,0.0,0.0,0.0,0.0,1.0
grand_sim_v0_4,no_regime_renormalized,regime_heavy,0.1,0.5,psi_corruption,low_stress,10,10,0,0.0,0.0,1.0,0.0,0.0,0.0,,,0.0
grand_sim_v0_4,no_regime_renormalized,regime_heavy,0.1,0.5,psi_corruption,mid_stress,10,10,0,1.0,0.0,0.0,0.0,0.0,0.0,,,28.5
grand_sim_v0_4,no_regime_renormalized,regime_heavy,0.1,0.5,psi_corruption,high_stress,10,10,0,1.0,0.6,0.0,0.0,0.166667,0.0,0.0,1.0,1.25
grand_sim_v0_4,no_regime_renormalized,regime_heavy,0.1,0.52,async_message_loss,low_stress,10,0,10,0.0,0.0,0.0,0.0,0.0,0.0,,,0.0
grand_sim_v0_4,no_regime_renormalized,regime_heavy,0.1,0.52,async_message_loss,mid_stress,10,0,10,0.0,0.0,0.0,0.0,0.0,0.0,,,0.0
grand_sim_v0_4,no_regime_renormalized,regime_heavy,0.1,0.52,async_message_loss,high_stress,10,10,0,1.0,1.0,0.0,0.0,1.1,1.0,0.0,2.0,0.0
grand_sim_v0_4,no_regime_renormalized,regime_heavy,0.1,0.52,federation_bridge_stress,low_stress,10,0,10,0.0,0.0,0.0,0.0,0.0,0.0,,,0.0
grand_sim_v0_4,no_regime_renormalized,regime_heavy,0.1,0.52,federation_bridge_stress,mid_stress,10,0,10,0.0,0.0,0.0,0.0,0.0,0.0,,,0.0
grand_sim_v0_4,no_regime_renormalized,regime_heavy,0.1,0.52,federation_bridge_stress,high_stress,10,10,0,1.0,0.0,0.0,0.0,0.0,0.0,,,1.3
grand_sim_v0_4,no_regime_renormalized,regime_heavy,0.1,0.52,federation_cluster_attack,low_stress,10,10,0,0.0,0.0,1.0,0.0,0.0,0.0,,,0.0
grand_sim_v0_4,no_regime_renormalized,regime_heavy,0.1,0.52,federation_cluster_attack,mid_stress,10,10,0,1.0,0.0,0.0,0.0,0.0,0.0,,,40.9
grand_sim_v0_4,no_regime_renormalized,regime_heavy,0.1,0.52,federation_cluster_attack,high_stress,10,10,0,1.0,0.2,0.0,0.0,0.0,0.0,0.0,0.0,1.5
grand_sim_v0_4,no_regime_renormalized,regime_heavy,0.1,0.52,psi_corruption,low_stress,10,10,0,0.0,0.0,1.0,0.0,0.0,0.0,,,0.0
grand_sim_v0_4,no_regime_renormalized,regime_heavy,0.1,0.52,psi_corruption,mid_stress,10,10,0,1.0,0.0,0.0,0.0,0.0,0.0,,,38.9
grand_sim_v0_4,no_regime_renormalized,regime_heavy,0.1,0.52,psi_corruption,high_stress,10,10,0,1.0,0.2,0.0,0.0,0.0,0.0,0.0,0.0,1.25
grand_sim_v0_4,no_regime_renormalized,regime_heavy,0.1,0.54,async_message_loss,low_stress,10,0,10,0.0,0.0,0.0,0.0,0.0,0.0,,,0.0
grand_sim_v0_4,no_regime_renormalized,regime_heavy,0.1,0.54,async_message_loss,mid_stress,10,0,10,0.0,0.0,0.0,0.0,0.0,0.0,,,0.0
grand_sim_v0_4,no_regime_renormalized,regime_heavy,0.1,0.54,async_message_loss,high_stress,10,10,0,1.0,0.9,0.0,0.0,0.555556,1.0,0.0,1.0,1.0
grand_sim_v0_4,no_regime_renormalized,regime_heavy,0.1,0.54,federation_bridge_stress,low_stress,10,0,10,0.0,0.0,0.0,0.0,0.0,0.0,,,0.0
grand_sim_v0_4,no_regime_renormalized,regime_heavy,0.1,0.54,federation_bridge_stress,mid_stress,10,0,10,0.0,0.0,0.0,0.0,0.0,0.0,,,0.0
grand_sim_v0_4,no_regime_renormalized,regime_heavy,0.1,0.54,federation_bridge_stress,high_stress,10,10,0,1.0,0.0,0.0,0.0,0.0,0.0,,,2.0
grand_sim_v0_4,no_regime_renormalized,regime_heavy,0.1,0.54,federation_cluster_attack,low_stress,10,10,0,0.0,0.0,1.0,0.0,0.0,0.0,,,0.0
grand_sim_v0_4,no_regime_renormalized,regime_heavy,0.1,0.54,federation_cluster_attack,mid_stress,10,10,0,0.0,0.0,1.0,0.0,0.0,0.0,,,0.0
grand_sim_v0_4,no_regime_renormalized,regime_heavy,0.1,0.54,federation_cluster_attack,high_stress,10,10,0,1.0,0.0,0.0,0.0,0.0,0.0,,,2.1
grand_sim_v0_4,no_regime_renormalized,regime_heavy,0.1,0.54,psi_corruption,low_stress,10,10,0,0.0,0.0,1.0,0.0,0.0,0.0,,,0.0
grand_sim_v0_4,no_regime_renormalized,regime_heavy,0.1,0.54,psi_corruption,mid_stress,10,10,0,0.1,0.0,0.9,0.0,0.0,0.0,,,52.0
grand_sim_v0_4,no_regime_renormalized,regime_heavy,0.1,0.54,psi_corruption,high_stress,10,10,0,1.0,0.0,0.0,0.0,0.0,0.0,,,1.7
grand_sim_v0_4,no_regime_renormalized,regime_heavy,0.1,0.56,async_message_loss,low_stress,10,0,10,0.0,0.0,0.0,0.0,0.0,0.0,,,0.0
grand_sim_v0_4,no_regime_renormalized,regime_heavy,0.1,0.56,async_message_loss,mid_stress,10,0,10,0.0,0.0,0.0,0.0,0.0,0.0,,,0.0
grand_sim_v0_4,no_regime_renormalized,regime_heavy,0.1,0.56,async_message_loss,high_stress,10,10,0,1.0,0.4,0.0,0.0,0.0,0.0,0.0,0.0,1.166667
grand_sim_v0_4,no_regime_renormalized,regime_heavy,0.1,0.56,federation_bridge_stress,low_stress,10,0,10,0.0,0.0,0.0,0.0,0.0,0.0,,,0.0
grand_sim_v0_4,no_regime_renormalized,regime_heavy,0.1,0.56,federation_bridge_stress,mid_stress,10,0,10,0.0,0.0,0.0,0.0,0.0,0.0,,,0.0
grand_sim_v0_4,no_regime_renormalized,regime_heavy,0.1,0.56,federation_bridge_stress,high_stress,10,10,0,1.0,0.0,0.0,0.0,0.0,0.0,,,2.8
grand_sim_v0_4,no_regime_renormalized,regime_heavy,0.1,0.56,federation_cluster_attack,low_stress,10,10,0,0.0,0.0,1.0,0.0,0.0,0.0,,,0.0
grand_sim_v0_4,no_regime_renormalized,regime_heavy,0.1,0.56,federation_cluster_attack,mid_stress,10,10,0,0.0,0.0,1.0,0.0,0.0,0.0,,,0.0
grand_sim_v0_4,no_regime_renormalized,regime_heavy,0.1,0.56,federation_cluster_attack,high_stress,10,10,0,1.0,0.0,0.0,0.0,0.0,0.0,,,3.2
grand_sim_v0_4,no_regime_renormalized,regime_heavy,0.1,0.56,psi_corruption,low_stress,10,10,0,0.0,0.0,1.0,0.0,0.0,0.0,,,0.0
grand_sim_v0_4,no_regime_renormalized,regime_heavy,0.1,0.56,psi_corruption,mid_stress,10,10,0,0.0,0.0,1.0,0.0,0.0,0.0,,,0.0
grand_sim_v0_4,no_regime_renormalized,regime_heavy,0.1,0.56,psi_corruption,high_stress,10,10,0,1.0,0.0,0.0,0.0,0.0,0.0,,,2.4
grand_sim_v0_4,no_regime_renormalized,regime_heavy,0.1,0.58,async_message_loss,low_stress,10,0,10,0.0,0.0,0.0,0.0,0.0,0.0,,,0.0
grand_sim_v0_4,no_regime_renormalized,regime_heavy,0.1,0.58,async_message_loss,mid_stress,10,0,10,0.0,0.0,0.0,0.0,0.0,0.0,,,0.0
grand_sim_v0_4,no_regime_renormalized,regime_heavy,0.1,0.58,async_message_loss,high_stress,10,10,0,1.0,0.0,0.0,0.0,0.0,0.0,,,1.7
grand_sim_v0_4,no_regime_renormalized,regime_heavy,0.1,0.58,federation_bridge_stress,low_stress,10,0,10,0.0,0.0,0.0,0.0,0.0,0.0,,,0.0
grand_sim_v0_4,no_regime_renormalized,regime_heavy,0.1,0.58,federation_bridge_stress,mid_stress,10,0,10,0.0,0.0,0.0,0.0,0.0,0.0,,,0.0
grand_sim_v0_4,no_regime_renormalized,regime_heavy,0.1,0.58,federation_bridge_stress,high_stress,10,10,0,1.0,0.0,0.0,0.0,0.0,0.0,,,4.0
grand_sim_v0_4,no_regime_renormalized,regime_heavy,0.1,0.58,federation_cluster_attack,low_stress,10,10,0,0.0,0.0,1.0,0.0,0.0,0.0,,,0.0
grand_sim_v0_4,no_regime_renormalized,regime_heavy,0.1,0.58,federation_cluster_attack,mid_stress,10,10,0,0.0,0.0,1.0,0.0,0.0,0.0,,,0.0
grand_sim_v0_4,no_regime_renormalized,regime_heavy,0.1,0.58,federation_cluster_attack,high_stress,10,10,0,1.0,0.0,0.0,0.0,0.0,0.0,,,4.4
grand_sim_v0_4,no_regime_renormalized,regime_heavy,0.1,0.58,psi_corruption,low_stress,10,10,0,0.0,0.0,1.0,0.0,0.0,0.0,,,0.0
grand_sim_v0_4,no_regime_renormalized,regime_heavy,0.1,0.58,psi_corruption,mid_stress,10,10,0,0.0,0.0,1.0,0.0,0.0,0.0,,,0.0
grand_sim_v0_4,no_regime_renormalized,regime_heavy,0.1,0.58,psi_corruption,high_stress,10,10,0,1.0,0.0,0.0,0.0,0.0,0.0,,,3.3
grand_sim_v0_4,no_regime_renormalized,regime_heavy,0.1,0.6,async_message_loss,low_stress,10,0,10,0.0,0.0,0.0,0.0,0.0,0.0,,,0.0
grand_sim_v0_4,no_regime_renormalized,regime_heavy,0.1,0.6,async_message_loss,mid_stress,10,0,10,0.0,0.0,0.0,0.0,0.0,0.0,,,0.0
grand_sim_v0_4,no_regime_renormalized,regime_heavy,0.1,0.6,async_message_loss,high_stress,10,10,0,1.0,0.0,0.0,0.0,0.0,0.0,,,2.7
grand_sim_v0_4,no_regime_renormalized,regime_heavy,0.1,0.6,federation_bridge_stress,low_stress,10,0,10,0.0,0.0,0.0,0.0,0.0,0.0,,,0.0
grand_sim_v0_4,no_regime_renormalized,regime_heavy,0.1,0.6,federation_bridge_stress,mid_stress,10,0,10,0.0,0.0,0.0,0.0,0.0,0.0,,,0.0
grand_sim_v0_4,no_regime_renormalized,regime_heavy,0.1,0.6,federation_bridge_stress,high_stress,10,10,0,1.0,0.0,0.0,0.0,0.0,0.0,,,5.1
grand_sim_v0_4,no_regime_renormalized,regime_heavy,0.1,0.6,federation_cluster_attack,low_stress,10,10,0,0.0,0.0,1.0,0.0,0.0,0.0,,,0.0
grand_sim_v0_4,no_regime_renormalized,regime_heavy,0.1,0.6,federation_cluster_attack,mid_stress,10,10,0,0.0,0.0,1.0,0.0,0.0,0.0,,,0.0
grand_sim_v0_4,no_regime_renormalized,regime_heavy,0.1,0.6,federation_cluster_attack,high_stress,10,10,0,1.0,0.0,0.0,0.0,0.0,0.0,,,5.9
grand_sim_v0_4,no_regime_renormalized,regime_heavy,0.1,0.6,psi_corruption,low_stress,10,10,0,0.0,0.0,1.0,0.0,0.0,0.0,,,0.0
grand_sim_v0_4,no_regime_renormalized,regime_heavy,0.1,0.6,psi_corruption,mid_stress,10,10,0,0.0,0.0,1.0,0.0,0.0,0.0,,,0.0
grand_sim_v0_4,no_regime_renormalized,regime_heavy,0.1,0.6,psi_corruption,high_stress,10,10,0,1.0,0.0,0.0,0.0,0.0,0.0,,,4.4
