batch_id,variant,weight_profile,psi_lambda,psi_threshold,scenario,profile,run_index,seed,event_observed,first_event_step,detect_step,lead_steps,psi_score,non_regime_score,term_t,term_d,term_g,term_s,term_regime,term_variance,regime_share_of_score,collapse_share_at_detect,s_network_at_detect,cluster_variance_at_detect,regime_weight_at_detect
grand_sim_v0_4,with_regime_original,v02_default,0.1,0.3,async_message_loss,high_stress,0,8320,1,31,18,13,0.301601,0.286601,0.079978,0.039826,0.096775,0.069687,0.015,0.000335,0.049735,0.0,0.651563,0.003348,0.15
grand_sim_v0_4,with_regime_original,v02_default,0.1,0.3,async_message_loss,high_stress,1,8321,1,32,19,13,0.304698,0.289698,0.082805,0.038687,0.098885,0.068859,0.015,0.000462,0.049229,0.0,0.655707,0.004621,0.15
grand_sim_v0_4,with_regime_original,v02_default,0.1,0.3,async_message_loss,high_stress,2,8322,1,29,17,12,0.30595,0.29095,0.082796,0.040599,0.098593,0.068702,0.015,0.00026,0.049028,0.0,0.65649,0.002604,0.15
grand_sim_v0_4,with_regime_original,v02_default,0.1,0.3,async_message_loss,high_stress,3,8323,1,31,18,13,0.301933,0.286933,0.080975,0.039727,0.098261,0.067716,0.015,0.000255,0.04968,0.0,0.661419,0.002546,0.15
grand_sim_v0_4,with_regime_original,v02_default,0.1,0.3,async_message_loss,high_stress,4,8324,1,31,17,14,0.301647,0.286647,0.080173,0.04007,0.09851,0.067649,0.015,0.000245,0.049727,0.0,0.661754,0.002451,0.15
grand_sim_v0_4,with_regime_original,v02_default,0.1,0.3,async_message_loss,high_stress,5,8325,1,32,19,13,0.303094,0.288094,0.081861,0.039312,0.097784,0.068718,0.015,0.000419,0.04949,0.0,0.656409,0.004191,0.15
grand_sim_v0_4,with_regime_original,v02_default,0.1,0.3,async_message_loss,high_stress,6,8326,1,32,17,15,0.30095,0.28595,0.079846,0.040911,0.096964,0.067916,0.015,0.000313,0.049842,0.0,0.66042,0.003134,0.15
grand_sim_v0_4,with_regime_original,v02_default,0.1,0.3,async_message_loss,high_stress,7,8327,1,33,19,14,0.304039,0.289039,0.08069,0.038309,0.098865,0.070899,0.015,0.000276,0.049336,0.0,0.645505,0.002765,0.15
grand_sim_v0_4,with_regime_original,v02_default,0.1,0.3,async_message_loss,high_stress,8,8328,1,31,18,13,0.309338,0.294338,0.082951,0.039552,0.098372,0.073025,0.015,0.000439,0.048491,0.0,0.634876,0.004387,0.15
grand_sim_v0_4,with_regime_original,v02_default,0.1,0.3,async_message_loss,high_stress,9,8329,1,32,18,14,0.309764,0.294764,0.082038,0.039202,0.099592,0.07363,0.015,0.000303,0.048424,0.0,0.631851,0.003027,0.15
grand_sim_v0_4,with_regime_original,v02_default,0.1,0.3,federation_bridge_stress,high_stress,0,8350,1,25,17,8,0.307294,0.292294,0.091818,0.035477,0.095931,0.068338,0.015,0.000729,0.048813,0.0,0.658309,0.007288,0.15
grand_sim_v0_4,with_regime_original,v02_default,0.1,0.3,federation_bridge_stress,high_stress,1,8351,1,24,16,8,0.305867,0.290867,0.088865,0.037176,0.094306,0.069844,0.015,0.000677,0.049041,0.0,0.65078,0.006766,0.15
grand_sim_v0_4,with_regime_original,v02_default,0.1,0.3,federation_bridge_stress,high_stress,2,8352,1,24,16,8,0.30427,0.28927,0.086776,0.035854,0.094066,0.072075,0.015,0.0005,0.049298,0.0,0.639625,0.005005,0.15
grand_sim_v0_4,with_regime_original,v02_default,0.1,0.3,federation_bridge_stress,high_stress,3,8353,1,26,17,9,0.30104,0.28604,0.08589,0.036503,0.091601,0.071488,0.015,0.000557,0.049827,0.0,0.642558,0.005572,0.15
grand_sim_v0_4,with_regime_original,v02_default,0.1,0.3,federation_bridge_stress,high_stress,4,8354,1,26,18,8,0.310611,0.295611,0.090228,0.035355,0.096744,0.072565,0.015,0.000719,0.048292,0.0,0.637176,0.007192,0.15
grand_sim_v0_4,with_regime_original,v02_default,0.1,0.3,federation_bridge_stress,high_stress,5,8355,1,23,16,7,0.304642,0.289641,0.088613,0.037142,0.09414,0.069194,0.015,0.000554,0.049238,0.0,0.654032,0.005536,0.15
grand_sim_v0_4,with_regime_original,v02_default,0.1,0.3,federation_bridge_stress,high_stress,6,8356,1,24,16,8,0.308528,0.293528,0.088474,0.037505,0.093891,0.073025,0.015,0.000634,0.048618,0.0,0.634874,0.006336,0.15
grand_sim_v0_4,with_regime_original,v02_default,0.1,0.3,federation_bridge_stress,high_stress,7,8357,1,25,16,9,0.302211,0.287211,0.08622,0.036428,0.094552,0.06966,0.015,0.00035,0.049634,0.0,0.651698,0.003498,0.15
grand_sim_v0_4,with_regime_original,v02_default,0.1,0.3,federation_bridge_stress,high_stress,8,8358,1,23,15,8,0.300711,0.285711,0.087492,0.03692,0.093719,0.067085,0.015,0.000496,0.049882,0.0,0.664576,0.004956,0.15
grand_sim_v0_4,with_regime_original,v02_default,0.1,0.3,federation_bridge_stress,high_stress,9,8359,1,27,18,9,0.307814,0.292814,0.087972,0.036546,0.094448,0.072866,0.015,0.000983,0.048731,0.033333,0.635671,0.009835,0.15
grand_sim_v0_4,with_regime_original,v02_default,0.1,0.3,federation_cluster_attack,low_stress,0,8360,1,98,85,13,0.308291,0.293291,0.05931,0.081663,0.0,0.150428,0.015,0.001891,0.048655,0.166667,0.247862,0.018905,0.15
grand_sim_v0_4,with_regime_original,v02_default,0.1,0.3,federation_cluster_attack,low_stress,1,8361,1,98,84,14,0.301739,0.286739,0.056472,0.080427,0.0,0.147909,0.015,0.001931,0.049712,0.15,0.260457,0.019308,0.15
grand_sim_v0_4,with_regime_original,v02_default,0.1,0.3,federation_cluster_attack,low_stress,2,8362,1,98,86,12,0.304934,0.289934,0.058163,0.079583,0.0,0.150014,0.015,0.002174,0.049191,0.166667,0.24993,0.021739,0.15
grand_sim_v0_4,with_regime_original,v02_default,0.1,0.3,federation_cluster_attack,low_stress,3,8363,1,99,84,15,0.303547,0.288547,0.05845,0.080894,0.0,0.147094,0.015,0.002109,0.049416,0.183333,0.26453,0.021086,0.15
grand_sim_v0_4,with_regime_original,v02_default,0.1,0.3,federation_cluster_attack,low_stress,4,8364,1,98,90,8,0.350746,0.285746,0.060781,0.080277,0.0,0.143673,0.065,0.001014,0.185319,0.2,0.281634,0.010141,0.65
grand_sim_v0_4,with_regime_original,v02_default,0.1,0.3,federation_cluster_attack,low_stress,5,8365,1,96,80,16,0.328961,0.263961,0.053028,0.07986,0.0,0.129802,0.065,0.00127,0.197592,0.2,0.350988,0.012705,0.65
grand_sim_v0_4,with_regime_original,v02_default,0.1,0.3,federation_cluster_attack,low_stress,6,8366,1,99,85,14,0.307903,0.292903,0.059218,0.07995,0.0,0.151608,0.015,0.002127,0.048717,0.166667,0.241958,0.021272,0.15
grand_sim_v0_4,with_regime_original,v02_default,0.1,0.3,federation_cluster_attack,low_stress,7,8367,1,97,82,15,0.339043,0.274043,0.054212,0.081016,0.0,0.137281,0.065,0.001534,0.191716,0.2,0.313594,0.015343,0.65
grand_sim_v0_4,with_regime_original,v02_default,0.1,0.3,federation_cluster_attack,low_stress,8,8368,1,92,83,9,0.351145,0.286145,0.059402,0.080705,0.0,0.144405,0.065,0.001632,0.185109,0.2,0.277976,0.016321,0.65
grand_sim_v0_4,with_regime_original,v02_default,0.1,0.3,federation_cluster_attack,low_stress,9,8369,1,97,84,13,0.306509,0.291509,0.058431,0.081656,0.0,0.149311,0.015,0.002111,0.048938,0.166667,0.253443,0.021107,0.15
grand_sim_v0_4,with_regime_original,v02_default,0.1,0.3,federation_cluster_attack,mid_stress,0,8370,1,66,59,7,0.301807,0.286807,0.061354,0.07439,0.001734,0.147781,0.015,0.001548,0.049701,0.15,0.261096,0.015481,0.15
grand_sim_v0_4,with_regime_original,v02_default,0.1,0.3,federation_cluster_attack,mid_stress,1,8371,1,66,59,7,0.302735,0.287735,0.061559,0.07317,0.002244,0.14887,0.015,0.001893,0.049548,0.166667,0.255652,0.018927,0.15
grand_sim_v0_4,with_regime_original,v02_default,0.1,0.3,federation_cluster_attack,mid_stress,2,8372,1,65,59,6,0.304442,0.289442,0.06397,0.073106,0.002622,0.148238,0.015,0.001508,0.04927,0.166667,0.258812,0.015077,0.15
grand_sim_v0_4,with_regime_original,v02_default,0.1,0.3,federation_cluster_attack,mid_stress,3,8373,1,66,61,5,0.354599,0.289599,0.061763,0.07437,0.002389,0.149914,0.065,0.001162,0.183306,0.2,0.250429,0.011616,0.65
grand_sim_v0_4,with_regime_original,v02_default,0.1,0.3,federation_cluster_attack,mid_stress,4,8374,1,67,59,8,0.301574,0.286574,0.060972,0.07302,0.002146,0.148395,0.015,0.002042,0.049739,0.166667,0.258023,0.020416,0.15
grand_sim_v0_4,with_regime_original,v02_default,0.1,0.3,federation_cluster_attack,mid_stress,5,8375,1,67,59,8,0.303984,0.288984,0.061979,0.073881,0.002253,0.148735,0.015,0.002136,0.049345,0.183333,0.256325,0.021363,0.15
grand_sim_v0_4,with_regime_original,v02_default,0.1,0.3,federation_cluster_attack,mid_stress,6,8376,1,62,55,7,0.309255,0.244255,0.049675,0.073618,0.0,0.119902,0.065,0.00106,0.210182,0.2,0.40049,0.010604,0.65
grand_sim_v0_4,with_regime_original,v02_default,0.1,0.3,federation_cluster_attack,mid_stress,7,8377,1,67,60,7,0.301159,0.286159,0.058761,0.074784,0.001673,0.14917,0.015,0.00177,0.049808,0.15,0.254152,0.017703,0.15
grand_sim_v0_4,with_regime_original,v02_default,0.1,0.3,federation_cluster_attack,mid_stress,8,8378,1,66,59,7,0.301024,0.286024,0.060146,0.07374,0.001852,0.148117,0.015,0.002168,0.04983,0.166667,0.259414,0.021682,0.15
grand_sim_v0_4,with_regime_original,v02_default,0.1,0.3,federation_cluster_attack,mid_stress,9,8379,1,67,60,7,0.303699,0.288699,0.060935,0.074251,0.002134,0.149844,0.015,0.001535,0.049391,0.133333,0.25078,0.015346,0.15
grand_sim_v0_4,with_regime_original,v02_default,0.1,0.3,federation_cluster_attack,high_stress,0,8380,1,27,19,8,0.305783,0.290783,0.089972,0.03184,0.097097,0.071115,0.015,0.000759,0.049054,0.0,0.644426,0.007586,0.15
grand_sim_v0_4,with_regime_original,v02_default,0.1,0.3,federation_cluster_attack,high_stress,1,8381,1,25,17,8,0.308118,0.293118,0.088283,0.034676,0.094941,0.074602,0.015,0.000616,0.048683,0.0,0.626989,0.006159,0.15
grand_sim_v0_4,with_regime_original,v02_default,0.1,0.3,federation_cluster_attack,high_stress,2,8382,1,27,20,7,0.310738,0.295738,0.093565,0.030898,0.098536,0.071665,0.015,0.001075,0.048272,0.0,0.641674,0.010748,0.15
grand_sim_v0_4,with_regime_original,v02_default,0.1,0.3,federation_cluster_attack,high_stress,3,8383,1,28,19,9,0.306122,0.291122,0.088254,0.032488,0.095692,0.073968,0.015,0.00072,0.049,0.0,0.63016,0.007202,0.15
grand_sim_v0_4,with_regime_original,v02_default,0.1,0.3,federation_cluster_attack,high_stress,4,8384,1,27,19,8,0.313148,0.298148,0.092963,0.033758,0.097945,0.072569,0.015,0.000913,0.047901,0.0,0.637153,0.009125,0.15
grand_sim_v0_4,with_regime_original,v02_default,0.1,0.3,federation_cluster_attack,high_stress,5,8385,1,27,18,9,0.305644,0.290644,0.08694,0.034498,0.094078,0.074627,0.015,0.000501,0.049077,0.0,0.626863,0.00501,0.15
grand_sim_v0_4,with_regime_original,v02_default,0.1,0.3,federation_cluster_attack,high_stress,6,8386,1,25,17,8,0.300643,0.285643,0.08762,0.032297,0.094738,0.070376,0.015,0.000612,0.049893,0.0,0.648122,0.006121,0.15
grand_sim_v0_4,with_regime_original,v02_default,0.1,0.3,federation_cluster_attack,high_stress,7,8387,1,26,18,8,0.309479,0.294479,0.092134,0.033153,0.097219,0.070979,0.015,0.000993,0.048469,0.016667,0.645103,0.009928,0.15
grand_sim_v0_4,with_regime_original,v02_default,0.1,0.3,federation_cluster_attack,high_stress,8,8388,1,25,17,8,0.306654,0.291654,0.089523,0.033653,0.095755,0.072005,0.015,0.000717,0.048915,0.0,0.639976,0.007173,0.15
grand_sim_v0_4,with_regime_original,v02_default,0.1,0.3,federation_cluster_attack,high_stress,9,8389,1,28,19,9,0.308818,0.293818,0.088377,0.032602,0.09821,0.074012,0.015,0.000618,0.048572,0.0,0.629942,0.006179,0.15
grand_sim_v0_4,with_regime_original,v02_default,0.1,0.3,psi_corruption,low_stress,0,8390,1,87,74,13,0.350678,0.285678,0.056863,0.080558,0.0,0.14616,0.065,0.002097,0.185355,0.2,0.269199,0.020967,0.65
grand_sim_v0_4,with_regime_original,v02_default,0.1,0.3,psi_corruption,low_stress,1,8391,1,87,76,11,0.300112,0.285112,0.055666,0.080053,0.0,0.147368,0.015,0.002024,0.049981,0.15,0.263158,0.020239,0.15
grand_sim_v0_4,with_regime_original,v02_default,0.1,0.3,psi_corruption,low_stress,2,8392,1,86,76,10,0.300182,0.285182,0.054326,0.080925,0.0,0.148273,0.015,0.001657,0.04997,0.116667,0.258634,0.016574,0.15
grand_sim_v0_4,with_regime_original,v02_default,0.1,0.3,psi_corruption,low_stress,3,8393,1,87,76,11,0.302462,0.287462,0.05509,0.080573,0.0,0.149804,0.015,0.001996,0.049593,0.133333,0.250982,0.019961,0.15
grand_sim_v0_4,with_regime_original,v02_default,0.1,0.3,psi_corruption,low_stress,4,8394,1,88,78,10,0.303803,0.288803,0.056242,0.080862,0.0,0.150128,0.015,0.001571,0.049374,0.116667,0.249361,0.015712,0.15
grand_sim_v0_4,with_regime_original,v02_default,0.1,0.3,psi_corruption,low_stress,5,8395,1,87,77,10,0.304763,0.289763,0.05649,0.080627,0.0,0.150583,0.015,0.002063,0.049219,0.15,0.247084,0.020628,0.15
grand_sim_v0_4,with_regime_original,v02_default,0.1,0.3,psi_corruption,low_stress,6,8396,1,87,77,10,0.3034,0.2884,0.054995,0.081117,0.0,0.15038,0.015,0.001908,0.04944,0.133333,0.248102,0.019083,0.15
grand_sim_v0_4,with_regime_original,v02_default,0.1,0.3,psi_corruption,low_stress,7,8397,1,87,73,14,0.331036,0.266036,0.051292,0.077919,0.0,0.135172,0.065,0.001654,0.196353,0.2,0.324142,0.01654,0.65
grand_sim_v0_4,with_regime_original,v02_default,0.1,0.3,psi_corruption,low_stress,8,8398,1,88,78,10,0.303209,0.288209,0.0537,0.080948,0.0,0.151841,0.015,0.00172,0.049471,0.1,0.240797,0.017204,0.15
grand_sim_v0_4,with_regime_original,v02_default,0.1,0.3,psi_corruption,low_stress,9,8399,1,87,76,11,0.301711,0.286711,0.057392,0.080878,0.0,0.146683,0.015,0.001759,0.049716,0.15,0.266585,0.017588,0.15
grand_sim_v0_4,with_regime_original,v02_default,0.1,0.3,psi_corruption,mid_stress,0,8400,1,60,54,6,0.303908,0.288908,0.058987,0.074532,0.00066,0.152734,0.015,0.001995,0.049357,0.15,0.236332,0.019948,0.15
grand_sim_v0_4,with_regime_original,v02_default,0.1,0.3,psi_corruption,mid_stress,1,8401,1,61,55,6,0.302492,0.287492,0.055448,0.075726,0.000465,0.153963,0.015,0.00189,0.049588,0.116667,0.230184,0.018903,0.15
grand_sim_v0_4,with_regime_original,v02_default,0.1,0.3,psi_corruption,mid_stress,2,8402,1,61,55,6,0.303363,0.288363,0.057329,0.074323,0.000817,0.153971,0.015,0.001923,0.049446,0.133333,0.230147,0.019229,0.15
grand_sim_v0_4,with_regime_original,v02_default,0.1,0.3,psi_corruption,mid_stress,3,8403,1,61,55,6,0.302654,0.287654,0.056118,0.075366,0.000587,0.153808,0.015,0.001774,0.049562,0.116667,0.230961,0.017738,0.15
grand_sim_v0_4,with_regime_original,v02_default,0.1,0.3,psi_corruption,mid_stress,4,8404,1,59,54,5,0.304842,0.289842,0.060506,0.073736,0.001178,0.152656,0.015,0.001767,0.049206,0.15,0.236721,0.017671,0.15
grand_sim_v0_4,with_regime_original,v02_default,0.1,0.3,psi_corruption,mid_stress,5,8405,1,61,54,7,0.306836,0.291836,0.061397,0.075484,0.001073,0.151616,0.015,0.002266,0.048886,0.183333,0.241918,0.022658,0.15
grand_sim_v0_4,with_regime_original,v02_default,0.1,0.3,psi_corruption,mid_stress,6,8406,1,57,52,5,0.326636,0.261636,0.053997,0.07497,1.2e-05,0.131368,0.065,0.001288,0.198998,0.2,0.343161,0.012884,0.65
grand_sim_v0_4,with_regime_original,v02_default,0.1,0.3,psi_corruption,mid_stress,7,8407,1,58,52,6,0.335354,0.270354,0.059141,0.0761,0.000422,0.13354,0.065,0.00115,0.193825,0.25,0.332298,0.011504,0.65
grand_sim_v0_4,with_regime_original,v02_default,0.1,0.3,psi_corruption,mid_stress,8,8408,1,60,55,5,0.302821,0.287821,0.056439,0.074794,0.000847,0.153971,0.015,0.00177,0.049534,0.116667,0.230144,0.017696,0.15
grand_sim_v0_4,with_regime_original,v02_default,0.1,0.3,psi_corruption,mid_stress,9,8409,1,61,54,7,0.303769,0.288769,0.05775,0.075165,0.00079,0.152781,0.015,0.002284,0.04938,0.15,0.236097,0.022841,0.15
grand_sim_v0_4,with_regime_original,v02_default,0.1,0.3,psi_corruption,high_stress,0,8410,1,24,17,7,0.310629,0.295629,0.091853,0.03468,0.098483,0.069876,0.015,0.000737,0.048289,0.0,0.650618,0.007365,0.15
grand_sim_v0_4,with_regime_original,v02_default,0.1,0.3,psi_corruption,high_stress,1,8411,1,26,17,9,0.310182,0.295182,0.08963,0.035329,0.096643,0.072873,0.015,0.000708,0.048359,0.0,0.635636,0.00708,0.15
grand_sim_v0_4,with_regime_original,v02_default,0.1,0.3,psi_corruption,high_stress,2,8412,1,25,17,8,0.300689,0.285689,0.088235,0.035221,0.093995,0.067747,0.015,0.000491,0.049885,0.0,0.661267,0.004909,0.15
grand_sim_v0_4,with_regime_original,v02_default,0.1,0.3,psi_corruption,high_stress,3,8413,1,24,15,9,0.302797,0.287797,0.085376,0.038777,0.092247,0.070905,0.015,0.000492,0.049538,0.0,0.645477,0.004921,0.15
grand_sim_v0_4,with_regime_original,v02_default,0.1,0.3,psi_corruption,high_stress,4,8414,1,23,15,8,0.303659,0.288659,0.089552,0.037503,0.093576,0.06722,0.015,0.000808,0.049397,0.0,0.663898,0.008082,0.15
grand_sim_v0_4,with_regime_original,v02_default,0.1,0.3,psi_corruption,high_stress,5,8415,1,27,17,10,0.305642,0.290642,0.087579,0.035486,0.094194,0.072548,0.015,0.000835,0.049077,0.0,0.637262,0.008349,0.15
grand_sim_v0_4,with_regime_original,v02_default,0.1,0.3,psi_corruption,high_stress,6,8416,1,23,15,8,0.304666,0.289666,0.086789,0.03886,0.092239,0.071256,0.015,0.000522,0.049234,0.0,0.643718,0.005218,0.15
grand_sim_v0_4,with_regime_original,v02_default,0.1,0.3,psi_corruption,high_stress,7,8417,1,23,15,8,0.307683,0.292683,0.091122,0.038822,0.095193,0.067052,0.015,0.000493,0.048751,0.0,0.664741,0.004932,0.15
grand_sim_v0_4,with_regime_original,v02_default,0.1,0.3,psi_corruption,high_stress,8,8418,1,26,17,9,0.30965,0.29465,0.087365,0.037294,0.095359,0.073829,0.015,0.000804,0.048442,0.0,0.630856,0.008036,0.15
grand_sim_v0_4,with_regime_original,v02_default,0.1,0.3,psi_corruption,high_stress,9,8419,1,25,17,8,0.308577,0.293577,0.091041,0.035691,0.096919,0.069325,0.015,0.000602,0.04861,0.0,0.653376,0.006018,0.15
grand_sim_v0_4,no_regime_ablation,v02_default,0.1,0.22,async_message_loss,high_stress,0,8320,1,31,0,31,0.221301,0.221301,0.054729,0.0463,0.078217,0.041987,0.0,6.8e-05,0.0,0.0,0.790067,0.000684,0.15
grand_sim_v0_4,no_regime_ablation,v02_default,0.1,0.22,async_message_loss,high_stress,1,8321,1,32,0,32,0.221404,0.221404,0.053379,0.045956,0.078217,0.043776,0.0,7.7e-05,0.0,0.0,0.78112,0.000765,0.15
grand_sim_v0_4,no_regime_ablation,v02_default,0.1,0.22,async_message_loss,high_stress,2,8322,1,29,0,29,0.223149,0.223149,0.055406,0.046461,0.078217,0.042993,0.0,7.3e-05,0.0,0.0,0.785037,0.000727,0.15
grand_sim_v0_4,no_regime_ablation,v02_default,0.1,0.22,async_message_loss,high_stress,3,8323,1,31,0,31,0.223007,0.223007,0.055587,0.046409,0.078217,0.042706,0.0,8.8e-05,0.0,0.0,0.786472,0.000882,0.15
grand_sim_v0_4,no_regime_ablation,v02_default,0.1,0.22,async_message_loss,high_stress,4,8324,1,31,0,31,0.224004,0.224004,0.056089,0.046752,0.078217,0.042861,0.0,8.6e-05,0.0,0.0,0.785696,0.000858,0.15
grand_sim_v0_4,no_regime_ablation,v02_default,0.1,0.22,async_message_loss,high_stress,5,8325,1,32,0,32,0.220036,0.220036,0.054148,0.045446,0.078217,0.042143,0.0,8.2e-05,0.0,0.0,0.789286,0.000818,0.15
grand_sim_v0_4,no_regime_ablation,v02_default,0.1,0.22,async_message_loss,high_stress,6,8326,1,32,0,32,0.224215,0.224215,0.056733,0.046723,0.078217,0.042473,0.0,6.9e-05,0.0,0.0,0.787635,0.000688,0.15
grand_sim_v0_4,no_regime_ablation,v02_default,0.1,0.22,async_message_loss,high_stress,7,8327,1,33,0,33,0.220697,0.220697,0.054886,0.045819,0.078217,0.041707,0.0,6.7e-05,0.0,0.0,0.791465,0.000671,0.15
grand_sim_v0_4,no_regime_ablation,v02_default,0.1,0.22,async_message_loss,high_stress,8,8328,1,31,0,31,0.221544,0.221544,0.054324,0.046689,0.078217,0.042242,0.0,7.3e-05,0.0,0.0,0.788791,0.000725,0.15
grand_sim_v0_4,no_regime_ablation,v02_default,0.1,0.22,async_message_loss,high_stress,9,8329,1,32,0,32,0.222293,0.222293,0.054218,0.046976,0.078217,0.042806,0.0,7.6e-05,0.0,0.0,0.785972,0.000761,0.15
grand_sim_v0_4,no_regime_ablation,v02_default,0.1,0.22,federation_bridge_stress,high_stress,0,8350,1,25,0,25,0.222192,0.222192,0.055431,0.045499,0.078217,0.042982,0.0,6.3e-05,0.0,0.0,0.785091,0.000628,0.15
grand_sim_v0_4,no_regime_ablation,v02_default,0.1,0.22,federation_bridge_stress,high_stress,1,8351,1,24,0,24,0.221732,0.221732,0.054152,0.04662,0.078217,0.042668,0.0,7.6e-05,0.0,0.0,0.786661,0.000756,0.15
grand_sim_v0_4,no_regime_ablation,v02_default,0.1,0.22,federation_bridge_stress,high_stress,2,8352,1,24,0,24,0.222931,0.222931,0.055786,0.046418,0.078217,0.042438,0.0,7.2e-05,0.0,0.0,0.787809,0.00072,0.15
grand_sim_v0_4,no_regime_ablation,v02_default,0.1,0.22,federation_bridge_stress,high_stress,3,8353,1,26,8,18,0.222196,0.222196,0.058483,0.039585,0.076277,0.047774,0.0,7.8e-05,0.0,0.0,0.76113,0.000784,0.15
grand_sim_v0_4,no_regime_ablation,v02_default,0.1,0.22,federation_bridge_stress,high_stress,4,8354,1,26,0,26,0.220412,0.220412,0.05405,0.046576,0.078217,0.041484,0.0,8.5e-05,0.0,0.0,0.792582,0.000854,0.15
grand_sim_v0_4,no_regime_ablation,v02_default,0.1,0.22,federation_bridge_stress,high_stress,5,8355,1,23,0,23,0.22119,0.22119,0.055827,0.045132,0.078217,0.041945,0.0,6.8e-05,0.0,0.0,0.790276,0.00068,0.15
grand_sim_v0_4,no_regime_ablation,v02_default,0.1,0.22,federation_bridge_stress,high_stress,6,8356,1,24,0,24,0.221409,0.221409,0.05529,0.044901,0.078217,0.042916,0.0,8.5e-05,0.0,0.0,0.785422,0.000853,0.15
grand_sim_v0_4,no_regime_ablation,v02_default,0.1,0.22,federation_bridge_stress,high_stress,7,8357,1,25,0,25,0.224213,0.224213,0.055236,0.047651,0.078217,0.043025,0.0,8.4e-05,0.0,0.0,0.784875,0.00084,0.15
grand_sim_v0_4,no_regime_ablation,v02_default,0.1,0.22,federation_bridge_stress,high_stress,8,8358,1,23,0,23,0.222006,0.222006,0.055591,0.046178,0.078217,0.04196,0.0,5.9e-05,0.0,0.0,0.790201,0.000594,0.15
grand_sim_v0_4,no_regime_ablation,v02_default,0.1,0.22,federation_bridge_stress,high_stress,9,8359,1,27,8,19,0.220779,0.220779,0.058819,0.038411,0.076817,0.046612,0.0,0.000119,0.0,0.0,0.766939,0.001194,0.15
grand_sim_v0_4,no_regime_ablation,v02_default,0.1,0.22,federation_cluster_attack,low_stress,0,8360,1,98,77,21,0.224914,0.224914,0.036198,0.079347,0.0,0.108619,0.0,0.00075,0.0,0.0,0.456905,0.007496,0.15
grand_sim_v0_4,no_regime_ablation,v02_default,0.1,0.22,federation_cluster_attack,low_stress,1,8361,1,98,76,22,0.22125,0.22125,0.034886,0.078805,0.0,0.106812,0.0,0.000748,0.0,0.0,0.465942,0.007478,0.15
grand_sim_v0_4,no_regime_ablation,v02_default,0.1,0.22,federation_cluster_attack,low_stress,2,8362,1,98,78,20,0.226134,0.226134,0.03652,0.080771,0.0,0.107975,0.0,0.000868,0.0,0.0,0.460123,0.008675,0.15
grand_sim_v0_4,no_regime_ablation,v02_default,0.1,0.22,federation_cluster_attack,low_stress,3,8363,1,99,76,23,0.220448,0.220448,0.035107,0.079037,0.0,0.105531,0.0,0.000773,0.0,0.0,0.472345,0.007731,0.15
grand_sim_v0_4,no_regime_ablation,v02_default,0.1,0.22,federation_cluster_attack,low_stress,4,8364,1,98,79,19,0.221083,0.221083,0.036103,0.079077,0.0,0.105251,0.0,0.000652,0.0,0.0,0.473743,0.006518,0.15
grand_sim_v0_4,no_regime_ablation,v02_default,0.1,0.22,federation_cluster_attack,low_stress,5,8365,1,96,75,21,0.222106,0.222106,0.038195,0.079291,0.0,0.104039,0.0,0.000581,0.0,0.0,0.479806,0.005813,0.15
grand_sim_v0_4,no_regime_ablation,v02_default,0.1,0.22,federation_cluster_attack,low_stress,6,8366,1,99,77,22,0.225665,0.225665,0.036602,0.079225,0.0,0.109044,0.0,0.000794,0.0,0.0,0.454779,0.007939,0.15
grand_sim_v0_4,no_regime_ablation,v02_default,0.1,0.22,federation_cluster_attack,low_stress,7,8367,1,97,76,21,0.223029,0.223029,0.03655,0.079448,0.0,0.106347,0.0,0.000684,0.0,0.0,0.468265,0.006844,0.15
grand_sim_v0_4,no_regime_ablation,v02_default,0.1,0.22,federation_cluster_attack,low_stress,8,8368,1,92,76,16,0.224771,0.224771,0.037663,0.079216,0.0,0.107223,0.0,0.000669,0.0,0.0,0.463887,0.006693,0.15
grand_sim_v0_4,no_regime_ablation,v02_default,0.1,0.22,federation_cluster_attack,low_stress,9,8369,1,97,76,21,0.222341,0.222341,0.035903,0.078571,0.0,0.107131,0.0,0.000737,0.0,0.0,0.464346,0.007365,0.15
grand_sim_v0_4,no_regime_ablation,v02_default,0.1,0.22,federation_cluster_attack,mid_stress,0,8370,1,66,54,12,0.220554,0.220554,0.038818,0.073054,0.0,0.107935,0.0,0.000747,0.0,0.0,0.460327,0.007473,0.15
grand_sim_v0_4,no_regime_ablation,v02_default,0.1,0.22,federation_cluster_attack,mid_stress,1,8371,1,66,54,12,0.224578,0.224578,0.040301,0.073037,0.0,0.110276,0.0,0.000964,0.0,0.0,0.448622,0.009642,0.15
grand_sim_v0_4,no_regime_ablation,v02_default,0.1,0.22,federation_cluster_attack,mid_stress,2,8372,1,65,54,11,0.22432,0.22432,0.041016,0.072834,0.0,0.109612,0.0,0.000858,0.0,0.0,0.451939,0.008577,0.15
grand_sim_v0_4,no_regime_ablation,v02_default,0.1,0.22,federation_cluster_attack,mid_stress,3,8373,1,66,55,11,0.226282,0.226282,0.039979,0.07432,0.0,0.111097,0.0,0.000887,0.0,0.083333,0.444517,0.008867,0.15
grand_sim_v0_4,no_regime_ablation,v02_default,0.1,0.22,federation_cluster_attack,mid_stress,4,8374,1,67,54,13,0.223595,0.223595,0.03973,0.07282,0.0,0.110011,0.0,0.001033,0.0,0.0,0.449945,0.010333,0.15
grand_sim_v0_4,no_regime_ablation,v02_default,0.1,0.22,federation_cluster_attack,mid_stress,5,8375,1,67,54,13,0.225519,0.225519,0.039955,0.073429,0.0,0.110935,0.0,0.0012,0.0,0.0,0.445324,0.012003,0.15
grand_sim_v0_4,no_regime_ablation,v02_default,0.1,0.22,federation_cluster_attack,mid_stress,6,8376,1,62,54,8,0.23014,0.23014,0.044634,0.073321,0.0,0.111398,0.0,0.000786,0.0,0.0,0.443008,0.007856,0.15
grand_sim_v0_4,no_regime_ablation,v02_default,0.1,0.22,federation_cluster_attack,mid_stress,7,8377,1,67,55,12,0.229978,0.229978,0.040276,0.074709,0.0,0.113864,0.0,0.00113,0.0,0.033333,0.43068,0.011296,0.15
grand_sim_v0_4,no_regime_ablation,v02_default,0.1,0.22,federation_cluster_attack,mid_stress,8,8378,1,66,54,12,0.223033,0.223033,0.039566,0.072681,0.0,0.109833,0.0,0.000954,0.0,0.0,0.450833,0.009536,0.15
grand_sim_v0_4,no_regime_ablation,v02_default,0.1,0.22,federation_cluster_attack,mid_stress,9,8379,1,67,55,12,0.231154,0.231154,0.041232,0.073419,0.0,0.115494,0.0,0.001009,0.0,0.083333,0.422529,0.010085,0.15
grand_sim_v0_4,no_regime_ablation,v02_default,0.1,0.22,federation_cluster_attack,high_stress,0,8380,1,27,8,19,0.222131,0.222131,0.059162,0.037854,0.076819,0.048188,0.0,0.000108,0.0,0.0,0.759059,0.001075,0.15
grand_sim_v0_4,no_regime_ablation,v02_default,0.1,0.22,federation_cluster_attack,high_stress,1,8381,1,25,0,25,0.222228,0.222228,0.055752,0.046516,0.078217,0.041673,0.0,7.1e-05,0.0,0.0,0.791636,0.000705,0.15
grand_sim_v0_4,no_regime_ablation,v02_default,0.1,0.22,federation_cluster_attack,high_stress,2,8382,1,27,0,27,0.220687,0.220687,0.054564,0.044755,0.078217,0.043082,0.0,7e-05,0.0,0.0,0.784592,0.000696,0.15
grand_sim_v0_4,no_regime_ablation,v02_default,0.1,0.22,federation_cluster_attack,high_stress,3,8383,1,28,0,28,0.220319,0.220319,0.054209,0.045483,0.078217,0.042336,0.0,7.4e-05,0.0,0.0,0.788318,0.000737,0.15
grand_sim_v0_4,no_regime_ablation,v02_default,0.1,0.22,federation_cluster_attack,high_stress,4,8384,1,27,8,19,0.221588,0.221588,0.05931,0.038377,0.07686,0.046913,0.0,0.000128,0.0,0.0,0.765434,0.001284,0.15
grand_sim_v0_4,no_regime_ablation,v02_default,0.1,0.22,federation_cluster_attack,high_stress,5,8385,1,27,0,27,0.221544,0.221544,0.055079,0.045887,0.078217,0.042291,0.0,7e-05,0.0,0.0,0.788547,0.0007,0.15
grand_sim_v0_4,no_regime_ablation,v02_default,0.1,0.22,federation_cluster_attack,high_stress,6,8386,1,25,0,25,0.221512,0.221512,0.05533,0.045648,0.078217,0.042246,0.0,7.1e-05,0.0,0.0,0.78877,0.000712,0.15
grand_sim_v0_4,no_regime_ablation,v02_default,0.1,0.22,federation_cluster_attack,high_stress,7,8387,1,26,0,26,0.220214,0.220214,0.054498,0.045708,0.078217,0.041721,0.0,7e-05,0.0,0.0,0.791396,0.000703,0.15
grand_sim_v0_4,no_regime_ablation,v02_default,0.1,0.22,federation_cluster_attack,high_stress,8,8388,1,25,0,25,0.220629,0.220629,0.053857,0.046299,0.078217,0.042177,0.0,7.8e-05,0.0,0.0,0.789113,0.000784,0.15
grand_sim_v0_4,no_regime_ablation,v02_default,0.1,0.22,federation_cluster_attack,high_stress,9,8389,1,28,0,28,0.222217,0.222217,0.055819,0.04486,0.078217,0.043249,0.0,7.2e-05,0.0,0.0,0.783755,0.000721,0.15
grand_sim_v0_4,no_regime_ablation,v02_default,0.1,0.22,psi_corruption,low_stress,0,8390,1,87,67,20,0.220655,0.220655,0.036576,0.07425,0.0,0.108974,0.0,0.000856,0.0,0.0,0.45513,0.008557,0.15
grand_sim_v0_4,no_regime_ablation,v02_default,0.1,0.22,psi_corruption,low_stress,1,8391,1,87,70,17,0.225057,0.225057,0.03854,0.073335,0.0,0.112204,0.0,0.000978,0.0,0.016667,0.438979,0.009777,0.15
grand_sim_v0_4,no_regime_ablation,v02_default,0.1,0.22,psi_corruption,low_stress,2,8392,1,86,70,16,0.224683,0.224683,0.037687,0.074173,0.0,0.112044,0.0,0.000779,0.0,0.0,0.43978,0.007789,0.15
grand_sim_v0_4,no_regime_ablation,v02_default,0.1,0.22,psi_corruption,low_stress,3,8393,1,87,70,17,0.226042,0.226042,0.03843,0.072875,0.0,0.113767,0.0,0.000969,0.0,0.016667,0.431163,0.009689,0.15
grand_sim_v0_4,no_regime_ablation,v02_default,0.1,0.22,psi_corruption,low_stress,4,8394,1,88,71,17,0.228682,0.228682,0.038459,0.077457,0.0,0.111744,0.0,0.001022,0.0,0.066667,0.441278,0.010215,0.15
grand_sim_v0_4,no_regime_ablation,v02_default,0.1,0.22,psi_corruption,low_stress,5,8395,1,87,70,17,0.220325,0.220325,0.036588,0.073293,0.0,0.10948,0.0,0.000963,0.0,0.016667,0.452599,0.009631,0.15
grand_sim_v0_4,no_regime_ablation,v02_default,0.1,0.22,psi_corruption,low_stress,6,8396,1,87,70,17,0.220222,0.220222,0.036412,0.073848,0.0,0.109036,0.0,0.000927,0.0,0.033333,0.454822,0.009271,0.15
grand_sim_v0_4,no_regime_ablation,v02_default,0.1,0.22,psi_corruption,low_stress,7,8397,1,87,68,19,0.220928,0.220928,0.037532,0.073638,0.0,0.108949,0.0,0.000808,0.0,0.0,0.455253,0.008078,0.15
grand_sim_v0_4,no_regime_ablation,v02_default,0.1,0.22,psi_corruption,low_stress,8,8398,1,88,71,17,0.225357,0.225357,0.036552,0.076601,0.0,0.111379,0.0,0.000825,0.0,0.033333,0.443103,0.008247,0.15
grand_sim_v0_4,no_regime_ablation,v02_default,0.1,0.22,psi_corruption,low_stress,9,8399,1,87,70,17,0.226188,0.226188,0.040641,0.073457,0.0,0.111074,0.0,0.001016,0.0,0.05,0.444628,0.010161,0.15
grand_sim_v0_4,no_regime_ablation,v02_default,0.1,0.22,psi_corruption,mid_stress,0,8400,1,60,50,10,0.22119,0.22119,0.037238,0.073008,0.0,0.110023,0.0,0.00092,0.0,0.0,0.449884,0.009204,0.15
grand_sim_v0_4,no_regime_ablation,v02_default,0.1,0.22,psi_corruption,mid_stress,1,8401,1,61,51,10,0.229789,0.229789,0.037429,0.074022,0.0,0.117144,0.0,0.001193,0.0,0.033333,0.414279,0.011934,0.15
grand_sim_v0_4,no_regime_ablation,v02_default,0.1,0.22,psi_corruption,mid_stress,2,8402,1,61,51,10,0.229847,0.229847,0.038463,0.072932,0.0,0.117181,0.0,0.001271,0.0,0.05,0.414097,0.012714,0.15
grand_sim_v0_4,no_regime_ablation,v02_default,0.1,0.22,psi_corruption,mid_stress,3,8403,1,61,51,10,0.228846,0.228846,0.037329,0.074149,0.0,0.116284,0.0,0.001084,0.0,0.033333,0.41858,0.010838,0.15
grand_sim_v0_4,no_regime_ablation,v02_default,0.1,0.22,psi_corruption,mid_stress,4,8404,1,59,50,9,0.223615,0.223615,0.038976,0.073179,0.0,0.110676,0.0,0.000783,0.0,0.016667,0.446619,0.007834,0.15
grand_sim_v0_4,no_regime_ablation,v02_default,0.1,0.22,psi_corruption,mid_stress,5,8405,1,61,51,10,0.237495,0.237495,0.043669,0.073698,0.0,0.118908,0.0,0.001221,0.0,0.033333,0.405461,0.012205,0.15
grand_sim_v0_4,no_regime_ablation,v02_default,0.1,0.22,psi_corruption,mid_stress,6,8406,1,57,50,7,0.225381,0.225381,0.041117,0.074128,0.0,0.109327,0.0,0.000809,0.0,0.016667,0.453367,0.008088,0.15
grand_sim_v0_4,no_regime_ablation,v02_default,0.1,0.22,psi_corruption,mid_stress,7,8407,1,58,50,8,0.23218,0.23218,0.045408,0.075395,0.0,0.110745,0.0,0.000632,0.0,0.0,0.446277,0.006324,0.15
grand_sim_v0_4,no_regime_ablation,v02_default,0.1,0.22,psi_corruption,mid_stress,8,8408,1,60,51,9,0.231123,0.231123,0.038491,0.074145,0.0,0.11744,0.0,0.001047,0.0,0.05,0.412801,0.01047,0.15
grand_sim_v0_4,no_regime_ablation,v02_default,0.1,0.22,psi_corruption,mid_stress,9,8409,1,61,50,11,0.222287,0.222287,0.037159,0.073466,0.0,0.110721,0.0,0.000942,0.0,0.0,0.446397,0.009425,0.15
grand_sim_v0_4,no_regime_ablation,v02_default,0.1,0.22,psi_corruption,high_stress,0,8410,1,24,0,24,0.223837,0.223837,0.057003,0.045855,0.078217,0.042689,0.0,7.3e-05,0.0,0.0,0.786554,0.000728,0.15
grand_sim_v0_4,no_regime_ablation,v02_default,0.1,0.22,psi_corruption,high_stress,1,8411,1,26,0,26,0.222383,0.222383,0.055232,0.046402,0.078217,0.042458,0.0,7.3e-05,0.0,0.0,0.787712,0.000733,0.15
grand_sim_v0_4,no_regime_ablation,v02_default,0.1,0.22,psi_corruption,high_stress,2,8412,1,25,6,19,0.22048,0.22048,0.057026,0.041358,0.076397,0.045604,0.0,9.5e-05,0.0,0.0,0.77198,0.000947,0.15
grand_sim_v0_4,no_regime_ablation,v02_default,0.1,0.22,psi_corruption,high_stress,3,8413,1,24,0,24,0.222111,0.222111,0.055508,0.046104,0.078217,0.042214,0.0,6.8e-05,0.0,0.0,0.788932,0.000679,0.15
grand_sim_v0_4,no_regime_ablation,v02_default,0.1,0.22,psi_corruption,high_stress,4,8414,1,23,0,23,0.221142,0.221142,0.054432,0.046866,0.078217,0.041556,0.0,7.2e-05,0.0,0.0,0.792222,0.000717,0.15
grand_sim_v0_4,no_regime_ablation,v02_default,0.1,0.22,psi_corruption,high_stress,5,8415,1,27,0,27,0.22112,0.22112,0.054519,0.045487,0.078217,0.042816,0.0,8.1e-05,0.0,0.0,0.785921,0.000805,0.15
grand_sim_v0_4,no_regime_ablation,v02_default,0.1,0.22,psi_corruption,high_stress,6,8416,1,23,4,19,0.220672,0.220672,0.056208,0.043311,0.076852,0.044222,0.0,8e-05,0.0,0.0,0.778891,0.000796,0.15
grand_sim_v0_4,no_regime_ablation,v02_default,0.1,0.22,psi_corruption,high_stress,7,8417,1,23,0,23,0.220559,0.220559,0.054433,0.046238,0.078217,0.04159,0.0,8.1e-05,0.0,0.0,0.792049,0.000806,0.15
grand_sim_v0_4,no_regime_ablation,v02_default,0.1,0.22,psi_corruption,high_stress,8,8418,1,26,0,26,0.221951,0.221951,0.055211,0.045803,0.078217,0.042642,0.0,7.7e-05,0.0,0.0,0.786789,0.000765,0.15
grand_sim_v0_4,no_regime_ablation,v02_default,0.1,0.22,psi_corruption,high_stress,9,8419,1,25,0,25,0.221276,0.221276,0.055281,0.046063,0.078217,0.041651,0.0,6.4e-05,0.0,0.0,0.791744,0.000641,0.15
grand_sim_v0_4,no_regime_ablation,v02_default,0.1,0.3,async_message_loss,high_stress,0,8320,1,31,20,11,0.308831,0.308831,0.088542,0.039152,0.104081,0.076568,0.0,0.000488,0.0,0.0,0.617161,0.004878,0.15
grand_sim_v0_4,no_regime_ablation,v02_default,0.1,0.3,async_message_loss,high_stress,1,8321,1,32,20,12,0.301383,0.301383,0.087416,0.03874,0.102613,0.072115,0.0,0.000498,0.0,0.0,0.639425,0.004977,0.15
grand_sim_v0_4,no_regime_ablation,v02_default,0.1,0.3,async_message_loss,high_stress,2,8322,1,29,18,11,0.302418,0.302418,0.086456,0.04026,0.102285,0.073092,0.0,0.000325,0.0,0.0,0.634542,0.003247,0.15
grand_sim_v0_4,no_regime_ablation,v02_default,0.1,0.3,async_message_loss,high_stress,3,8323,1,31,20,11,0.307739,0.307739,0.088248,0.039591,0.105612,0.073883,0.0,0.000404,0.0,0.0,0.630583,0.004044,0.15
grand_sim_v0_4,no_regime_ablation,v02_default,0.1,0.3,async_message_loss,high_stress,4,8324,1,31,19,12,0.305387,0.305387,0.086823,0.039324,0.105689,0.073265,0.0,0.000286,0.0,0.0,0.633676,0.002856,0.15
grand_sim_v0_4,no_regime_ablation,v02_default,0.1,0.3,async_message_loss,high_stress,5,8325,1,32,21,11,0.312296,0.312296,0.089346,0.039665,0.105429,0.077276,0.0,0.000581,0.0,0.0,0.613621,0.005808,0.15
grand_sim_v0_4,no_regime_ablation,v02_default,0.1,0.3,async_message_loss,high_stress,6,8326,1,32,19,13,0.304824,0.304824,0.087153,0.040623,0.104076,0.072508,0.0,0.000465,0.0,0.0,0.637461,0.004646,0.15
grand_sim_v0_4,no_regime_ablation,v02_default,0.1,0.3,async_message_loss,high_stress,7,8327,1,33,20,13,0.30145,0.30145,0.084997,0.038025,0.102415,0.075695,0.0,0.000319,0.0,0.0,0.621525,0.00319,0.15
grand_sim_v0_4,no_regime_ablation,v02_default,0.1,0.3,async_message_loss,high_stress,8,8328,1,31,19,12,0.301755,0.301755,0.085449,0.039261,0.102088,0.074521,0.0,0.000436,0.0,0.0,0.627394,0.004356,0.15
grand_sim_v0_4,no_regime_ablation,v02_default,0.1,0.3,async_message_loss,high_stress,9,8329,1,32,19,13,0.304359,0.304359,0.084985,0.039082,0.103269,0.076661,0.0,0.000361,0.0,0.0,0.616694,0.003613,0.15
grand_sim_v0_4,no_regime_ablation,v02_default,0.1,0.3,federation_bridge_stress,high_stress,0,8350,1,25,18,7,0.307417,0.307417,0.097956,0.035673,0.099833,0.073067,0.0,0.000889,0.0,0.0,0.634667,0.008891,0.15
grand_sim_v0_4,no_regime_ablation,v02_default,0.1,0.3,federation_bridge_stress,high_stress,1,8351,1,24,17,7,0.304707,0.304707,0.094339,0.036964,0.098051,0.074544,0.0,0.000808,0.0,0.0,0.62728,0.008081,0.15
grand_sim_v0_4,no_regime_ablation,v02_default,0.1,0.3,federation_bridge_stress,high_stress,2,8352,1,24,17,7,0.301602,0.301602,0.091598,0.035549,0.097559,0.076255,0.0,0.00064,0.0,0.0,0.618725,0.006396,0.15
grand_sim_v0_4,no_regime_ablation,v02_default,0.1,0.3,federation_bridge_stress,high_stress,3,8353,1,26,19,7,0.310041,0.310041,0.096433,0.03536,0.099153,0.078204,0.0,0.000891,0.0,0.0,0.60898,0.008906,0.15
grand_sim_v0_4,no_regime_ablation,v02_default,0.1,0.3,federation_bridge_stress,high_stress,4,8354,1,26,19,7,0.307265,0.307265,0.0953,0.035229,0.10061,0.075227,0.0,0.0009,0.0,0.0,0.623863,0.008996,0.15
grand_sim_v0_4,no_regime_ablation,v02_default,0.1,0.3,federation_bridge_stress,high_stress,5,8355,1,23,17,6,0.303213,0.303213,0.094101,0.036817,0.097822,0.073772,0.0,0.000702,0.0,0.0,0.63114,0.007018,0.15
grand_sim_v0_4,no_regime_ablation,v02_default,0.1,0.3,federation_bridge_stress,high_stress,6,8356,1,24,17,7,0.306383,0.306383,0.093096,0.037255,0.097596,0.077638,0.0,0.000798,0.0,0.0,0.611811,0.007977,0.15
grand_sim_v0_4,no_regime_ablation,v02_default,0.1,0.3,federation_bridge_stress,high_stress,7,8357,1,25,18,7,0.311445,0.311445,0.096169,0.035895,0.102016,0.076817,0.0,0.000548,0.0,0.0,0.615914,0.005481,0.15
grand_sim_v0_4,no_regime_ablation,v02_default,0.1,0.3,federation_bridge_stress,high_stress,8,8358,1,23,17,6,0.311223,0.311223,0.09863,0.036465,0.101235,0.07413,0.0,0.000763,0.0,0.0,0.62935,0.007634,0.15
grand_sim_v0_4,no_regime_ablation,v02_default,0.1,0.3,federation_bridge_stress,high_stress,9,8359,1,27,19,8,0.306465,0.306465,0.093249,0.036672,0.098195,0.077142,0.0,0.001209,0.0,0.033333,0.614291,0.01209,0.15
grand_sim_v0_4,no_regime_ablation,v02_default,0.1,0.3,federation_cluster_attack,low_stress,0,8360,1,98,88,10,0.300617,0.300617,0.063769,0.081495,0.0,0.153773,0.0,0.00158,0.0,0.183333,0.231136,0.0158,0.15
grand_sim_v0_4,no_regime_ablation,v02_default,0.1,0.3,federation_cluster_attack,low_stress,1,8361,1,98,88,10,0.300512,0.300512,0.06284,0.081845,0.0,0.154344,0.0,0.001483,0.0,0.166667,0.228282,0.014832,0.15
grand_sim_v0_4,no_regime_ablation,v02_default,0.1,0.3,federation_cluster_attack,low_stress,2,8362,1,98,91,7,0.301665,0.301665,0.064953,0.080581,0.0,0.154794,0.0,0.001336,0.0,0.216667,0.226029,0.013362,0.65
grand_sim_v0_4,no_regime_ablation,v02_default,0.1,0.3,federation_cluster_attack,low_stress,3,8363,1,99,88,11,0.300631,0.300631,0.064345,0.08033,0.0,0.154149,0.0,0.001808,0.0,0.2,0.229257,0.018077,0.65
grand_sim_v0_4,no_regime_ablation,v02_default,0.1,0.3,federation_cluster_attack,low_stress,4,8364,1,98,93,5,0.302309,0.302309,0.066428,0.080335,0.0,0.154757,0.0,0.000788,0.0,0.25,0.226213,0.007882,0.65
grand_sim_v0_4,no_regime_ablation,v02_default,0.1,0.3,federation_cluster_attack,low_stress,5,8365,1,96,84,12,0.300501,0.300501,0.066163,0.081237,0.0,0.151369,0.0,0.001732,0.0,0.233333,0.243156,0.017322,0.65
grand_sim_v0_4,no_regime_ablation,v02_default,0.1,0.3,federation_cluster_attack,low_stress,6,8366,1,99,90,9,0.300967,0.300967,0.064834,0.07982,0.0,0.154896,0.0,0.001418,0.0,0.216667,0.22552,0.014175,0.65
grand_sim_v0_4,no_regime_ablation,v02_default,0.1,0.3,federation_cluster_attack,low_stress,7,8367,1,97,87,10,0.300739,0.300739,0.065302,0.08038,0.0,0.15323,0.0,0.001827,0.0,0.2,0.233849,0.018268,0.65
grand_sim_v0_4,no_regime_ablation,v02_default,0.1,0.3,federation_cluster_attack,low_stress,8,8368,1,92,86,6,0.301675,0.301675,0.06584,0.081513,0.0,0.152759,0.0,0.001563,0.0,0.2,0.236203,0.01563,0.65
grand_sim_v0_4,no_regime_ablation,v02_default,0.1,0.3,federation_cluster_attack,low_stress,9,8369,1,97,88,9,0.302309,0.302309,0.064326,0.082165,0.0,0.154271,0.0,0.001547,0.0,0.2,0.228645,0.015472,0.65
grand_sim_v0_4,no_regime_ablation,v02_default,0.1,0.3,federation_cluster_attack,mid_stress,0,8370,1,66,62,4,0.302351,0.302351,0.068288,0.074838,0.006573,0.151806,0.0,0.000847,0.0,0.266667,0.240972,0.008467,0.65
grand_sim_v0_4,no_regime_ablation,v02_default,0.1,0.3,federation_cluster_attack,mid_stress,1,8371,1,66,62,4,0.302124,0.302124,0.067584,0.073277,0.007117,0.153015,0.0,0.001131,0.0,0.25,0.234925,0.011312,0.65
grand_sim_v0_4,no_regime_ablation,v02_default,0.1,0.3,federation_cluster_attack,mid_stress,2,8372,1,65,62,3,0.304195,0.304195,0.069377,0.073638,0.00798,0.152391,0.0,0.000808,0.0,0.283333,0.238045,0.008079,0.65
grand_sim_v0_4,no_regime_ablation,v02_default,0.1,0.3,federation_cluster_attack,mid_stress,3,8373,1,66,64,2,0.30546,0.30546,0.068999,0.074052,0.007075,0.15467,0.0,0.000663,0.0,0.216667,0.226649,0.006628,0.65
grand_sim_v0_4,no_regime_ablation,v02_default,0.1,0.3,federation_cluster_attack,mid_stress,4,8374,1,67,62,5,0.300873,0.300873,0.066766,0.0736,0.006803,0.152515,0.0,0.001189,0.0,0.25,0.237424,0.01189,0.65
grand_sim_v0_4,no_regime_ablation,v02_default,0.1,0.3,federation_cluster_attack,mid_stress,5,8375,1,67,62,5,0.301743,0.301743,0.067035,0.073555,0.0069,0.15299,0.0,0.001264,0.0,0.216667,0.235052,0.012639,0.65
grand_sim_v0_4,no_regime_ablation,v02_default,0.1,0.3,federation_cluster_attack,mid_stress,6,8376,1,62,60,2,0.301305,0.301305,0.069142,0.074922,0.006241,0.149925,0.0,0.001075,0.0,0.216667,0.250373,0.010747,0.65
grand_sim_v0_4,no_regime_ablation,v02_default,0.1,0.3,federation_cluster_attack,mid_stress,7,8377,1,67,63,4,0.300536,0.300536,0.06566,0.074863,0.00575,0.153179,0.0,0.001085,0.0,0.216667,0.234103,0.010847,0.65
grand_sim_v0_4,no_regime_ablation,v02_default,0.1,0.3,federation_cluster_attack,mid_stress,8,8378,1,66,62,4,0.300631,0.300631,0.066416,0.074405,0.006315,0.152213,0.0,0.001281,0.0,0.233333,0.238934,0.012814,0.65
grand_sim_v0_4,no_regime_ablation,v02_default,0.1,0.3,federation_cluster_attack,mid_stress,9,8379,1,67,63,4,0.303194,0.303194,0.067379,0.074121,0.00685,0.153918,0.0,0.000927,0.0,0.25,0.230411,0.009269,0.65
grand_sim_v0_4,no_regime_ablation,v02_default,0.1,0.3,federation_cluster_attack,high_stress,0,8380,1,27,20,7,0.305789,0.305789,0.095729,0.031794,0.10085,0.07651,0.0,0.000906,0.0,0.0,0.617451,0.009055,0.15
grand_sim_v0_4,no_regime_ablation,v02_default,0.1,0.3,federation_cluster_attack,high_stress,1,8381,1,25,18,7,0.30534,0.30534,0.09338,0.034293,0.098526,0.078345,0.0,0.000797,0.0,0.0,0.608274,0.007966,0.15
grand_sim_v0_4,no_regime_ablation,v02_default,0.1,0.3,federation_cluster_attack,high_stress,2,8382,1,27,21,6,0.309149,0.309149,0.099312,0.030727,0.102526,0.075294,0.0,0.00129,0.0,0.0,0.623529,0.012898,0.15
grand_sim_v0_4,no_regime_ablation,v02_default,0.1,0.3,federation_cluster_attack,high_stress,3,8383,1,28,20,8,0.304632,0.304632,0.09364,0.032275,0.099329,0.078521,0.0,0.000867,0.0,0.0,0.607393,0.008673,0.15
grand_sim_v0_4,no_regime_ablation,v02_default,0.1,0.3,federation_cluster_attack,high_stress,4,8384,1,27,20,7,0.312824,0.312824,0.098817,0.033874,0.101984,0.077033,0.0,0.001116,0.0,0.0,0.614834,0.011162,0.15
grand_sim_v0_4,no_regime_ablation,v02_default,0.1,0.3,federation_cluster_attack,high_stress,5,8385,1,27,19,8,0.303005,0.303005,0.091723,0.034157,0.097636,0.078871,0.0,0.000618,0.0,0.0,0.605645,0.006178,0.15
grand_sim_v0_4,no_regime_ablation,v02_default,0.1,0.3,federation_cluster_attack,high_stress,6,8386,1,25,19,6,0.309959,0.309959,0.097804,0.031814,0.102056,0.077408,0.0,0.000876,0.0,0.0,0.612959,0.008757,0.15
grand_sim_v0_4,no_regime_ablation,v02_default,0.1,0.3,federation_cluster_attack,high_stress,7,8387,1,26,19,7,0.307783,0.307783,0.098228,0.032847,0.101137,0.074399,0.0,0.001172,0.0,0.016667,0.628006,0.011724,0.15
grand_sim_v0_4,no_regime_ablation,v02_default,0.1,0.3,federation_cluster_attack,high_stress,8,8388,1,25,18,7,0.304828,0.304828,0.094787,0.033389,0.099486,0.076272,0.0,0.000894,0.0,0.0,0.618642,0.008941,0.15
grand_sim_v0_4,no_regime_ablation,v02_default,0.1,0.3,federation_cluster_attack,high_stress,9,8389,1,28,20,8,0.30737,0.30737,0.093405,0.032429,0.101831,0.078922,0.0,0.000783,0.0,0.0,0.605389,0.007826,0.15
grand_sim_v0_4,no_regime_ablation,v02_default,0.1,0.3,psi_corruption,low_stress,0,8390,1,87,77,10,0.30144,0.30144,0.063276,0.080874,0.0,0.155191,0.0,0.0021,0.0,0.2,0.224045,0.020995,0.65
grand_sim_v0_4,no_regime_ablation,v02_default,0.1,0.3,psi_corruption,low_stress,1,8391,1,87,80,7,0.302815,0.302815,0.062364,0.082142,0.0,0.156701,0.0,0.001609,0.0,0.183333,0.216495,0.016086,0.15
grand_sim_v0_4,no_regime_ablation,v02_default,0.1,0.3,psi_corruption,low_stress,2,8392,1,86,80,6,0.300589,0.300589,0.061398,0.081613,0.0,0.156387,0.0,0.001191,0.0,0.183333,0.218065,0.011908,0.15
grand_sim_v0_4,no_regime_ablation,v02_default,0.1,0.3,psi_corruption,low_stress,3,8393,1,87,80,7,0.300057,0.300057,0.060798,0.080882,0.0,0.15677,0.0,0.001607,0.0,0.183333,0.216149,0.016066,0.15
grand_sim_v0_4,no_regime_ablation,v02_default,0.1,0.3,psi_corruption,low_stress,4,8394,1,88,81,7,0.300846,0.300846,0.061891,0.081376,0.0,0.156424,0.0,0.001155,0.0,0.2,0.217881,0.011549,0.65
grand_sim_v0_4,no_regime_ablation,v02_default,0.1,0.3,psi_corruption,low_stress,5,8395,1,87,81,6,0.302464,0.302464,0.062464,0.081687,0.0,0.156829,0.0,0.001484,0.0,0.183333,0.215853,0.014836,0.15
grand_sim_v0_4,no_regime_ablation,v02_default,0.1,0.3,psi_corruption,low_stress,6,8396,1,87,81,6,0.302164,0.302164,0.061862,0.081967,0.0,0.156953,0.0,0.001382,0.0,0.183333,0.215236,0.013821,0.15
grand_sim_v0_4,no_regime_ablation,v02_default,0.1,0.3,psi_corruption,low_stress,7,8397,1,87,77,10,0.300542,0.300542,0.063204,0.080575,0.0,0.154619,0.0,0.002144,0.0,0.2,0.226903,0.021438,0.65
grand_sim_v0_4,no_regime_ablation,v02_default,0.1,0.3,psi_corruption,low_stress,8,8398,1,88,82,6,0.301061,0.301061,0.061421,0.081072,0.0,0.157463,0.0,0.001106,0.0,0.2,0.212686,0.011056,0.65
grand_sim_v0_4,no_regime_ablation,v02_default,0.1,0.3,psi_corruption,low_stress,9,8399,1,87,79,8,0.301692,0.301692,0.063157,0.081461,0.0,0.155609,0.0,0.001464,0.0,0.166667,0.221954,0.014643,0.15
grand_sim_v0_4,no_regime_ablation,v02_default,0.1,0.3,psi_corruption,mid_stress,0,8400,1,60,57,3,0.304901,0.304901,0.066081,0.074724,0.004797,0.158184,0.0,0.001114,0.0,0.233333,0.209079,0.01114,0.65
grand_sim_v0_4,no_regime_ablation,v02_default,0.1,0.3,psi_corruption,mid_stress,1,8401,1,61,58,3,0.303253,0.303253,0.063574,0.076563,0.003617,0.158404,0.0,0.001095,0.0,0.2,0.207981,0.010948,0.65
grand_sim_v0_4,no_regime_ablation,v02_default,0.1,0.3,psi_corruption,mid_stress,2,8402,1,61,58,3,0.304407,0.304407,0.065004,0.075418,0.004425,0.158478,0.0,0.001082,0.0,0.2,0.207611,0.010818,0.65
grand_sim_v0_4,no_regime_ablation,v02_default,0.1,0.3,psi_corruption,mid_stress,3,8403,1,61,58,3,0.304176,0.304176,0.064789,0.076097,0.004054,0.158218,0.0,0.001018,0.0,0.216667,0.208908,0.01018,0.65
grand_sim_v0_4,no_regime_ablation,v02_default,0.1,0.3,psi_corruption,mid_stress,4,8404,1,59,56,3,0.301954,0.301954,0.066452,0.073849,0.00408,0.156575,0.0,0.000998,0.0,0.25,0.217125,0.009983,0.65
grand_sim_v0_4,no_regime_ablation,v02_default,0.1,0.3,psi_corruption,mid_stress,5,8405,1,61,56,5,0.303568,0.303568,0.065195,0.076504,0.004108,0.156144,0.0,0.001616,0.0,0.2,0.219279,0.016162,0.65
grand_sim_v0_4,no_regime_ablation,v02_default,0.1,0.3,psi_corruption,mid_stress,6,8406,1,57,55,2,0.302933,0.302933,0.06778,0.075703,0.003886,0.154248,0.0,0.001316,0.0,0.2,0.228759,0.013155,0.65
grand_sim_v0_4,no_regime_ablation,v02_default,0.1,0.3,psi_corruption,mid_stress,7,8407,1,58,54,4,0.304684,0.304684,0.071409,0.076257,0.003476,0.152213,0.0,0.00133,0.0,0.25,0.238937,0.013301,0.65
grand_sim_v0_4,no_regime_ablation,v02_default,0.1,0.3,psi_corruption,mid_stress,8,8408,1,60,58,2,0.305575,0.305575,0.066158,0.075473,0.004559,0.158357,0.0,0.001028,0.0,0.233333,0.208213,0.010282,0.65
grand_sim_v0_4,no_regime_ablation,v02_default,0.1,0.3,psi_corruption,mid_stress,9,8409,1,61,56,5,0.300997,0.300997,0.063448,0.076384,0.003224,0.156565,0.0,0.001375,0.0,0.166667,0.217173,0.013752,0.15
grand_sim_v0_4,no_regime_ablation,v02_default,0.1,0.3,psi_corruption,high_stress,0,8410,1,24,18,6,0.308453,0.308453,0.096533,0.034271,0.102337,0.074403,0.0,0.00091,0.0,0.0,0.627987,0.009096,0.15
grand_sim_v0_4,no_regime_ablation,v02_default,0.1,0.3,psi_corruption,high_stress,1,8411,1,26,18,8,0.306435,0.306435,0.094395,0.035158,0.10042,0.07558,0.0,0.000882,0.0,0.0,0.6221,0.008818,0.15
grand_sim_v0_4,no_regime_ablation,v02_default,0.1,0.3,psi_corruption,high_stress,2,8412,1,25,19,6,0.311527,0.311527,0.099425,0.034733,0.101843,0.074803,0.0,0.000723,0.0,0.0,0.625985,0.007233,0.15
grand_sim_v0_4,no_regime_ablation,v02_default,0.1,0.3,psi_corruption,high_stress,3,8413,1,24,16,8,0.30036,0.30036,0.090575,0.03854,0.095708,0.074935,0.0,0.000603,0.0,0.0,0.625324,0.006025,0.15
grand_sim_v0_4,no_regime_ablation,v02_default,0.1,0.3,psi_corruption,high_stress,4,8414,1,23,16,7,0.302151,0.302151,0.095231,0.037191,0.097347,0.071339,0.0,0.001042,0.0,0.0,0.643306,0.010423,0.15
grand_sim_v0_4,no_regime_ablation,v02_default,0.1,0.3,psi_corruption,high_stress,5,8415,1,27,18,9,0.301839,0.301839,0.092728,0.035396,0.097837,0.074838,0.0,0.001039,0.0,0.016667,0.625808,0.01039,0.15
grand_sim_v0_4,no_regime_ablation,v02_default,0.1,0.3,psi_corruption,high_stress,6,8416,1,23,16,7,0.302552,0.302552,0.092409,0.038384,0.095837,0.075255,0.0,0.000667,0.0,0.0,0.623725,0.006669,0.15
grand_sim_v0_4,no_regime_ablation,v02_default,0.1,0.3,psi_corruption,high_stress,7,8417,1,23,16,7,0.30542,0.30542,0.096613,0.038392,0.099152,0.070649,0.0,0.000614,0.0,0.0,0.646755,0.00614,0.15
grand_sim_v0_4,no_regime_ablation,v02_default,0.1,0.3,psi_corruption,high_stress,8,8418,1,26,18,8,0.307626,0.307626,0.092654,0.036967,0.099009,0.078056,0.0,0.000939,0.0,0.016667,0.609718,0.009392,0.15
grand_sim_v0_4,no_regime_ablation,v02_default,0.1,0.3,psi_corruption,high_stress,9,8419,1,25,18,7,0.307505,0.307505,0.096356,0.035656,0.100825,0.073914,0.0,0.000754,0.0,0.0,0.630428,0.007539,0.15
grand_sim_v0_4,no_regime_renormalized,v02_default,0.1,0.3,async_message_loss,high_stress,0,8320,1,31,17,14,0.306994,0.306994,0.085868,0.044377,0.104011,0.072428,0.0,0.00031,0.0,0.0,0.674072,0.003097,0.15
grand_sim_v0_4,no_regime_renormalized,v02_default,0.1,0.3,async_message_loss,high_stress,1,8321,1,32,17,15,0.302301,0.302301,0.08508,0.042751,0.102641,0.07149,0.0,0.000339,0.0,0.0,0.678296,0.003393,0.15
grand_sim_v0_4,no_regime_renormalized,v02_default,0.1,0.3,async_message_loss,high_stress,2,8322,1,29,15,14,0.302458,0.302458,0.084119,0.046197,0.102456,0.069498,0.0,0.000187,0.0,0.0,0.687259,0.001873,0.15
grand_sim_v0_4,no_regime_renormalized,v02_default,0.1,0.3,async_message_loss,high_stress,3,8323,1,31,16,15,0.300873,0.300873,0.083526,0.043592,0.102387,0.071158,0.0,0.000209,0.0,0.0,0.679787,0.002088,0.15
grand_sim_v0_4,no_regime_renormalized,v02_default,0.1,0.3,async_message_loss,high_stress,4,8324,1,31,15,16,0.300494,0.300494,0.082516,0.045524,0.102756,0.069532,0.0,0.000166,0.0,0.0,0.687107,0.001664,0.15
grand_sim_v0_4,no_regime_renormalized,v02_default,0.1,0.3,async_message_loss,high_stress,5,8325,1,32,17,15,0.300292,0.300292,0.083485,0.043563,0.101652,0.071259,0.0,0.000333,0.0,0.0,0.679336,0.003331,0.15
grand_sim_v0_4,no_regime_renormalized,v02_default,0.1,0.3,async_message_loss,high_stress,6,8326,1,32,16,16,0.308039,0.308039,0.0854,0.046094,0.104304,0.071962,0.0,0.00028,0.0,0.0,0.676173,0.002795,0.15
grand_sim_v0_4,no_regime_renormalized,v02_default,0.1,0.3,async_message_loss,high_stress,7,8327,1,33,17,16,0.303319,0.303319,0.082748,0.043506,0.102874,0.074002,0.0,0.00019,0.0,0.0,0.666992,0.001901,0.15
grand_sim_v0_4,no_regime_renormalized,v02_default,0.1,0.3,async_message_loss,high_stress,8,8328,1,31,16,15,0.303017,0.303017,0.08348,0.044134,0.102373,0.072716,0.0,0.000314,0.0,0.0,0.672778,0.003143,0.15
grand_sim_v0_4,no_regime_renormalized,v02_default,0.1,0.3,async_message_loss,high_stress,9,8329,1,32,16,16,0.307323,0.307323,0.084776,0.044364,0.103404,0.074565,0.0,0.000212,0.0,0.0,0.664456,0.002124,0.15
grand_sim_v0_4,no_regime_renormalized,v02_default,0.1,0.3,federation_bridge_stress,high_stress,0,8350,1,25,16,9,0.310999,0.310999,0.096036,0.039667,0.102762,0.071938,0.0,0.000596,0.0,0.0,0.67628,0.00596,0.15
grand_sim_v0_4,no_regime_renormalized,v02_default,0.1,0.3,federation_bridge_stress,high_stress,1,8351,1,24,15,9,0.312382,0.312382,0.093548,0.041507,0.101078,0.075685,0.0,0.000564,0.0,0.0,0.659418,0.005641,0.15
grand_sim_v0_4,no_regime_renormalized,v02_default,0.1,0.3,federation_bridge_stress,high_stress,2,8352,1,24,15,9,0.309139,0.309139,0.091493,0.04021,0.101074,0.075934,0.0,0.000428,0.0,0.0,0.658297,0.004276,0.15
grand_sim_v0_4,no_regime_renormalized,v02_default,0.1,0.3,federation_bridge_stress,high_stress,3,8353,1,26,16,10,0.303606,0.303606,0.090157,0.040853,0.098293,0.073878,0.0,0.000425,0.0,0.0,0.667551,0.004249,0.15
grand_sim_v0_4,no_regime_renormalized,v02_default,0.1,0.3,federation_bridge_stress,high_stress,4,8354,1,26,16,10,0.304129,0.304129,0.089944,0.039074,0.100225,0.074392,0.0,0.000495,0.0,0.0,0.665237,0.004947,0.15
grand_sim_v0_4,no_regime_renormalized,v02_default,0.1,0.3,federation_bridge_stress,high_stress,5,8355,1,23,15,8,0.309263,0.309263,0.093239,0.041588,0.100969,0.073024,0.0,0.000443,0.0,0.0,0.671394,0.004434,0.15
grand_sim_v0_4,no_regime_renormalized,v02_default,0.1,0.3,federation_bridge_stress,high_stress,6,8356,1,24,14,10,0.300433,0.300433,0.087705,0.042287,0.097591,0.07241,0.0,0.00044,0.0,0.0,0.674155,0.004402,0.15
grand_sim_v0_4,no_regime_renormalized,v02_default,0.1,0.3,federation_bridge_stress,high_stress,7,8357,1,25,15,10,0.307008,0.307008,0.090857,0.040593,0.101588,0.073655,0.0,0.000315,0.0,0.0,0.668552,0.003147,0.15
grand_sim_v0_4,no_regime_renormalized,v02_default,0.1,0.3,federation_bridge_stress,high_stress,8,8358,1,23,14,9,0.306702,0.306702,0.092171,0.040959,0.100662,0.072503,0.0,0.000407,0.0,0.0,0.673735,0.004065,0.15
grand_sim_v0_4,no_regime_renormalized,v02_default,0.1,0.3,federation_bridge_stress,high_stress,9,8359,1,27,17,10,0.311712,0.311712,0.092495,0.040777,0.101244,0.076384,0.0,0.000812,0.0,0.0,0.656271,0.00812,0.15
grand_sim_v0_4,no_regime_renormalized,v02_default,0.1,0.3,federation_cluster_attack,low_stress,0,8360,1,98,83,15,0.305223,0.305223,0.0588,0.090106,0.0,0.154647,0.0,0.001669,0.0,0.166667,0.304088,0.016694,0.15
grand_sim_v0_4,no_regime_renormalized,v02_default,0.1,0.3,federation_cluster_attack,low_stress,1,8361,1,98,83,15,0.3089,0.3089,0.059956,0.089048,0.0,0.157992,0.0,0.001905,0.0,0.15,0.289038,0.019046,0.15
grand_sim_v0_4,no_regime_renormalized,v02_default,0.1,0.3,federation_cluster_attack,low_stress,2,8362,1,98,84,14,0.304041,0.304041,0.059277,0.08838,0.0,0.154446,0.0,0.001939,0.0,0.166667,0.304995,0.019385,0.15
grand_sim_v0_4,no_regime_renormalized,v02_default,0.1,0.3,federation_cluster_attack,low_stress,3,8363,1,99,82,17,0.301243,0.301243,0.057842,0.090597,0.0,0.151072,0.0,0.001732,0.0,0.183333,0.320176,0.017321,0.15
grand_sim_v0_4,no_regime_renormalized,v02_default,0.1,0.3,federation_cluster_attack,low_stress,4,8364,1,98,87,11,0.303079,0.303079,0.061496,0.088274,0.0,0.152003,0.0,0.001306,0.0,0.1,0.315987,0.013062,0.15
grand_sim_v0_4,no_regime_renormalized,v02_default,0.1,0.3,federation_cluster_attack,low_stress,5,8365,1,96,81,15,0.303909,0.303909,0.063319,0.089117,0.0,0.150166,0.0,0.001308,0.0,0.216667,0.324254,0.01308,0.65
grand_sim_v0_4,no_regime_renormalized,v02_default,0.1,0.3,federation_cluster_attack,low_stress,6,8366,1,99,83,16,0.307116,0.307116,0.059611,0.089417,0.0,0.156272,0.0,0.001817,0.0,0.166667,0.296778,0.018167,0.15
grand_sim_v0_4,no_regime_renormalized,v02_default,0.1,0.3,federation_cluster_attack,low_stress,7,8367,1,97,82,15,0.304322,0.304322,0.060236,0.090017,0.0,0.152535,0.0,0.001534,0.0,0.2,0.313594,0.015343,0.65
grand_sim_v0_4,no_regime_renormalized,v02_default,0.1,0.3,federation_cluster_attack,low_stress,8,8368,1,92,82,10,0.307334,0.307334,0.062178,0.089399,0.0,0.154277,0.0,0.001479,0.0,0.183333,0.305752,0.014793,0.15
grand_sim_v0_4,no_regime_renormalized,v02_default,0.1,0.3,federation_cluster_attack,low_stress,9,8369,1,97,82,15,0.303997,0.303997,0.058616,0.090211,0.0,0.153516,0.0,0.001654,0.0,0.166667,0.309177,0.016541,0.15
grand_sim_v0_4,no_regime_renormalized,v02_default,0.1,0.3,federation_cluster_attack,mid_stress,0,8370,1,66,58,8,0.310798,0.310798,0.064755,0.082242,0.000705,0.161386,0.0,0.00171,0.0,0.15,0.273764,0.017101,0.15
grand_sim_v0_4,no_regime_renormalized,v02_default,0.1,0.3,federation_cluster_attack,mid_stress,1,8371,1,66,58,8,0.314766,0.314766,0.066903,0.081453,0.001055,0.163446,0.0,0.001909,0.0,0.166667,0.264495,0.01909,0.15
grand_sim_v0_4,no_regime_renormalized,v02_default,0.1,0.3,federation_cluster_attack,mid_stress,2,8372,1,65,58,7,0.314743,0.314743,0.067187,0.081026,0.001452,0.163151,0.0,0.001927,0.0,0.166667,0.265821,0.019274,0.15
grand_sim_v0_4,no_regime_renormalized,v02_default,0.1,0.3,federation_cluster_attack,mid_stress,3,8373,1,66,59,7,0.307731,0.307731,0.061723,0.082602,0.00061,0.16103,0.0,0.001766,0.0,0.116667,0.275365,0.017663,0.15
grand_sim_v0_4,no_regime_renormalized,v02_default,0.1,0.3,federation_cluster_attack,mid_stress,4,8374,1,67,58,9,0.314089,0.314089,0.066464,0.081217,0.00099,0.163336,0.0,0.002081,0.0,0.166667,0.264986,0.020812,0.15
grand_sim_v0_4,no_regime_renormalized,v02_default,0.1,0.3,federation_cluster_attack,mid_stress,5,8375,1,67,58,9,0.315725,0.315725,0.066634,0.082092,0.001093,0.163546,0.0,0.00236,0.0,0.183333,0.264043,0.023604,0.15
grand_sim_v0_4,no_regime_renormalized,v02_default,0.1,0.3,federation_cluster_attack,mid_stress,6,8376,1,62,57,5,0.308082,0.308082,0.068174,0.082496,0.001141,0.154727,0.0,0.001544,0.0,0.2,0.303729,0.015444,0.65
grand_sim_v0_4,no_regime_renormalized,v02_default,0.1,0.3,federation_cluster_attack,mid_stress,7,8377,1,67,59,8,0.312824,0.312824,0.063213,0.082961,0.000798,0.16387,0.0,0.001982,0.0,0.133333,0.262586,0.01982,0.15
grand_sim_v0_4,no_regime_renormalized,v02_default,0.1,0.3,federation_cluster_attack,mid_stress,8,8378,1,66,58,8,0.311375,0.311375,0.065377,0.081411,0.000772,0.161701,0.0,0.002114,0.0,0.166667,0.272347,0.021143,0.15
grand_sim_v0_4,no_regime_renormalized,v02_default,0.1,0.3,federation_cluster_attack,mid_stress,9,8379,1,67,58,9,0.303556,0.303556,0.061805,0.082335,0.000257,0.157479,0.0,0.001681,0.0,0.133333,0.291344,0.016807,0.15
grand_sim_v0_4,no_regime_renormalized,v02_default,0.1,0.3,federation_cluster_attack,high_stress,0,8380,1,27,17,10,0.300158,0.300158,0.090767,0.035987,0.100682,0.072203,0.0,0.000519,0.0,0.0,0.675087,0.005192,0.15
grand_sim_v0_4,no_regime_renormalized,v02_default,0.1,0.3,federation_cluster_attack,high_stress,1,8381,1,25,15,10,0.300068,0.300068,0.088119,0.03863,0.098879,0.07404,0.0,0.0004,0.0,0.0,0.66682,0.004001,0.15
grand_sim_v0_4,no_regime_renormalized,v02_default,0.1,0.3,federation_cluster_attack,high_stress,2,8382,1,27,18,9,0.303355,0.303355,0.093381,0.034878,0.101885,0.072463,0.0,0.000748,0.0,0.0,0.673918,0.007476,0.15
grand_sim_v0_4,no_regime_renormalized,v02_default,0.1,0.3,federation_cluster_attack,high_stress,3,8383,1,28,18,10,0.310644,0.310644,0.093771,0.036549,0.102641,0.077106,0.0,0.000576,0.0,0.0,0.653021,0.005763,0.15
grand_sim_v0_4,no_regime_renormalized,v02_default,0.1,0.3,federation_cluster_attack,high_stress,4,8384,1,27,17,10,0.303842,0.303842,0.092299,0.037721,0.101233,0.071943,0.0,0.000645,0.0,0.0,0.676255,0.006452,0.15
grand_sim_v0_4,no_regime_renormalized,v02_default,0.1,0.3,federation_cluster_attack,high_stress,5,8385,1,27,17,10,0.30892,0.30892,0.091386,0.038437,0.101043,0.077657,0.0,0.000396,0.0,0.0,0.650544,0.003959,0.15
grand_sim_v0_4,no_regime_renormalized,v02_default,0.1,0.3,federation_cluster_attack,high_stress,6,8386,1,25,16,9,0.305811,0.305811,0.092384,0.036573,0.101833,0.074507,0.0,0.000515,0.0,0.0,0.66472,0.00515,0.15
grand_sim_v0_4,no_regime_renormalized,v02_default,0.1,0.3,federation_cluster_attack,high_stress,7,8387,1,26,16,10,0.304089,0.304089,0.092097,0.037449,0.100585,0.073254,0.0,0.000703,0.0,0.0,0.670355,0.007034,0.15
grand_sim_v0_4,no_regime_renormalized,v02_default,0.1,0.3,federation_cluster_attack,high_stress,8,8388,1,25,15,10,0.300564,0.300564,0.089521,0.038585,0.099356,0.072623,0.0,0.000479,0.0,0.0,0.673197,0.004788,0.15
grand_sim_v0_4,no_regime_renormalized,v02_default,0.1,0.3,federation_cluster_attack,high_stress,9,8389,1,28,17,11,0.305188,0.305188,0.089333,0.036705,0.102194,0.07649,0.0,0.000466,0.0,0.0,0.655796,0.004662,0.15
grand_sim_v0_4,no_regime_renormalized,v02_default,0.1,0.3,psi_corruption,low_stress,0,8390,1,87,73,14,0.305508,0.305508,0.059439,0.088768,0.0,0.155442,0.0,0.001859,0.0,0.183333,0.300511,0.018589,0.15
grand_sim_v0_4,no_regime_renormalized,v02_default,0.1,0.3,psi_corruption,low_stress,1,8391,1,87,75,12,0.305334,0.305334,0.058701,0.088143,0.0,0.156719,0.0,0.001771,0.0,0.15,0.294764,0.017709,0.15
grand_sim_v0_4,no_regime_renormalized,v02_default,0.1,0.3,psi_corruption,low_stress,2,8392,1,86,75,11,0.30611,0.30611,0.057294,0.089625,0.0,0.157686,0.0,0.001504,0.0,0.116667,0.290411,0.01504,0.15
grand_sim_v0_4,no_regime_renormalized,v02_default,0.1,0.3,psi_corruption,low_stress,3,8393,1,87,75,12,0.308707,0.308707,0.058593,0.088821,0.0,0.159545,0.0,0.001748,0.0,0.133333,0.282047,0.017475,0.15
grand_sim_v0_4,no_regime_renormalized,v02_default,0.1,0.3,psi_corruption,low_stress,4,8394,1,88,76,12,0.305194,0.305194,0.05771,0.090445,0.0,0.155272,0.0,0.001766,0.0,0.116667,0.301274,0.017664,0.15
grand_sim_v0_4,no_regime_renormalized,v02_default,0.1,0.3,psi_corruption,low_stress,5,8395,1,87,75,12,0.300503,0.300503,0.05652,0.088555,0.0,0.15371,0.0,0.001718,0.0,0.15,0.308307,0.017183,0.15
grand_sim_v0_4,no_regime_renormalized,v02_default,0.1,0.3,psi_corruption,low_stress,6,8396,1,87,76,11,0.30963,0.30963,0.058206,0.089606,0.0,0.159965,0.0,0.001854,0.0,0.133333,0.280156,0.018535,0.15
grand_sim_v0_4,no_regime_renormalized,v02_default,0.1,0.3,psi_corruption,low_stress,7,8397,1,87,74,13,0.308685,0.308685,0.061245,0.088058,0.0,0.157602,0.0,0.00178,0.0,0.2,0.290793,0.017802,0.65
grand_sim_v0_4,no_regime_renormalized,v02_default,0.1,0.3,psi_corruption,low_stress,8,8398,1,88,76,12,0.301097,0.301097,0.055236,0.089467,0.0,0.154839,0.0,0.001555,0.0,0.1,0.303226,0.015551,0.15
grand_sim_v0_4,no_regime_renormalized,v02_default,0.1,0.3,psi_corruption,low_stress,9,8399,1,87,75,12,0.308353,0.308353,0.061511,0.089239,0.0,0.15596,0.0,0.001642,0.0,0.15,0.298179,0.016418,0.15
grand_sim_v0_4,no_regime_renormalized,v02_default,0.1,0.3,psi_corruption,mid_stress,0,8400,1,60,53,7,0.303666,0.303666,0.059492,0.082729,4.8e-05,0.15944,0.0,0.001958,0.0,0.15,0.282521,0.019581,0.15
grand_sim_v0_4,no_regime_renormalized,v02_default,0.1,0.3,psi_corruption,mid_stress,1,8401,1,61,54,7,0.31136,0.31136,0.057849,0.083648,0.0,0.167673,0.0,0.002189,0.0,0.116667,0.24547,0.021894,0.15
grand_sim_v0_4,no_regime_renormalized,v02_default,0.1,0.3,psi_corruption,mid_stress,2,8402,1,61,54,7,0.311543,0.311543,0.059784,0.082154,0.000194,0.167089,0.0,0.002322,0.0,0.133333,0.248101,0.023218,0.15
grand_sim_v0_4,no_regime_renormalized,v02_default,0.1,0.3,psi_corruption,mid_stress,3,8403,1,61,54,7,0.308223,0.308223,0.058442,0.083446,7.6e-05,0.164194,0.0,0.002064,0.0,0.116667,0.261125,0.020642,0.15
grand_sim_v0_4,no_regime_renormalized,v02_default,0.1,0.3,psi_corruption,mid_stress,4,8404,1,59,53,6,0.30765,0.30765,0.06277,0.082008,0.000285,0.160945,0.0,0.001642,0.0,0.15,0.275747,0.016418,0.15
grand_sim_v0_4,no_regime_renormalized,v02_default,0.1,0.3,psi_corruption,mid_stress,5,8405,1,61,53,8,0.304135,0.304135,0.061923,0.083116,0.000257,0.156804,0.0,0.002036,0.0,0.183333,0.294382,0.020357,0.15
grand_sim_v0_4,no_regime_renormalized,v02_default,0.1,0.3,psi_corruption,mid_stress,6,8406,1,57,53,4,0.312163,0.312163,0.067086,0.083437,0.000753,0.159192,0.0,0.001695,0.0,0.2,0.283636,0.016954,0.65
grand_sim_v0_4,no_regime_renormalized,v02_default,0.1,0.3,psi_corruption,mid_stress,7,8407,1,58,52,6,0.300266,0.300266,0.065713,0.084556,0.000469,0.148378,0.0,0.00115,0.0,0.25,0.332298,0.011504,0.65
grand_sim_v0_4,no_regime_renormalized,v02_default,0.1,0.3,psi_corruption,mid_stress,8,8408,1,60,54,6,0.312773,0.312773,0.060784,0.083089,0.000122,0.166894,0.0,0.001886,0.0,0.116667,0.248979,0.018856,0.15
grand_sim_v0_4,no_regime_renormalized,v02_default,0.1,0.3,psi_corruption,mid_stress,9,8409,1,61,53,8,0.306954,0.306954,0.06083,0.082994,5.2e-05,0.161112,0.0,0.001966,0.0,0.15,0.274997,0.019662,0.15
grand_sim_v0_4,no_regime_renormalized,v02_default,0.1,0.3,psi_corruption,high_stress,0,8410,1,24,15,9,0.30388,0.30388,0.091622,0.03945,0.102204,0.070094,0.0,0.00051,0.0,0.0,0.684578,0.005101,0.15
grand_sim_v0_4,no_regime_renormalized,v02_default,0.1,0.3,psi_corruption,high_stress,1,8411,1,26,15,11,0.303223,0.303223,0.089584,0.039801,0.100362,0.072978,0.0,0.000497,0.0,0.0,0.6716,0.004974,0.15
grand_sim_v0_4,no_regime_renormalized,v02_default,0.1,0.3,psi_corruption,high_stress,2,8412,1,25,16,9,0.305681,0.305681,0.092881,0.039622,0.100773,0.072002,0.0,0.000403,0.0,0.0,0.675992,0.004028,0.15
grand_sim_v0_4,no_regime_renormalized,v02_default,0.1,0.3,psi_corruption,high_stress,3,8413,1,24,14,10,0.305596,0.305596,0.089401,0.043005,0.099168,0.073611,0.0,0.00041,0.0,0.0,0.668749,0.0041,0.15
grand_sim_v0_4,no_regime_renormalized,v02_default,0.1,0.3,psi_corruption,high_stress,4,8414,1,23,14,9,0.306945,0.306945,0.093555,0.041953,0.100309,0.0705,0.0,0.000628,0.0,0.0,0.68275,0.006282,0.15
grand_sim_v0_4,no_regime_renormalized,v02_default,0.1,0.3,psi_corruption,high_stress,5,8415,1,27,16,11,0.308922,0.308922,0.092398,0.039774,0.101042,0.07504,0.0,0.000669,0.0,0.0,0.66232,0.006688,0.15
grand_sim_v0_4,no_regime_renormalized,v02_default,0.1,0.3,psi_corruption,high_stress,6,8416,1,23,14,9,0.309317,0.309317,0.091518,0.043678,0.098935,0.074754,0.0,0.000432,0.0,0.0,0.663605,0.004316,0.15
grand_sim_v0_4,no_regime_renormalized,v02_default,0.1,0.3,psi_corruption,high_stress,7,8417,1,23,13,10,0.301818,0.301818,0.090327,0.044544,0.09844,0.068206,0.0,0.0003,0.0,0.0,0.693073,0.003002,0.15
grand_sim_v0_4,no_regime_renormalized,v02_default,0.1,0.3,psi_corruption,high_stress,8,8418,1,26,15,11,0.303312,0.303312,0.087961,0.042163,0.0991,0.073538,0.0,0.00055,0.0,0.0,0.669078,0.005498,0.15
grand_sim_v0_4,no_regime_renormalized,v02_default,0.1,0.3,psi_corruption,high_stress,9,8419,1,25,15,10,0.301832,0.301832,0.090603,0.040513,0.100357,0.069926,0.0,0.000434,0.0,0.0,0.685335,0.004338,0.15
grand_sim_v0_4,with_regime_original,stability_heavy,0.1,0.3,async_message_loss,high_stress,0,8320,1,31,18,13,0.305712,0.290712,0.063982,0.031861,0.072581,0.121953,0.015,0.000335,0.049066,0.0,0.651563,0.003348,0.15
grand_sim_v0_4,with_regime_original,stability_heavy,0.1,0.3,async_message_loss,high_stress,1,8321,1,32,19,13,0.307322,0.292322,0.066244,0.03095,0.074164,0.120503,0.015,0.000462,0.048809,0.0,0.655707,0.004621,0.15
grand_sim_v0_4,with_regime_original,stability_heavy,0.1,0.3,async_message_loss,high_stress,2,8322,1,29,17,12,0.30815,0.29315,0.066237,0.032479,0.073945,0.120228,0.015,0.00026,0.048678,0.0,0.65649,0.002604,0.15
grand_sim_v0_4,with_regime_original,stability_heavy,0.1,0.3,async_message_loss,high_stress,3,8323,1,31,18,13,0.304015,0.289015,0.06478,0.031782,0.073695,0.118503,0.015,0.000255,0.04934,0.0,0.661419,0.002546,0.15
grand_sim_v0_4,with_regime_original,stability_heavy,0.1,0.3,async_message_loss,high_stress,4,8324,1,31,17,14,0.303708,0.288708,0.064138,0.032056,0.073883,0.118386,0.015,0.000245,0.04939,0.0,0.661754,0.002451,0.15
grand_sim_v0_4,with_regime_original,stability_heavy,0.1,0.3,async_message_loss,high_stress,5,8325,1,32,19,13,0.305952,0.290952,0.065489,0.03145,0.073338,0.120257,0.015,0.000419,0.049027,0.0,0.656409,0.004191,0.15
grand_sim_v0_4,with_regime_original,stability_heavy,0.1,0.3,async_message_loss,high_stress,6,8326,1,32,17,15,0.303495,0.288495,0.063877,0.032729,0.072723,0.118853,0.015,0.000313,0.049424,0.0,0.66042,0.003134,0.15
grand_sim_v0_4,with_regime_original,stability_heavy,0.1,0.3,async_message_loss,high_stress,7,8327,1,33,18,15,0.300509,0.285509,0.062671,0.030918,0.071652,0.120014,0.015,0.000254,0.049915,0.0,0.657103,0.002544,0.15
grand_sim_v0_4,with_regime_original,stability_heavy,0.1,0.3,async_message_loss,high_stress,8,8328,1,31,18,13,0.315013,0.300013,0.066361,0.031642,0.073779,0.127793,0.015,0.000439,0.047617,0.0,0.634876,0.004387,0.15
grand_sim_v0_4,with_regime_original,stability_heavy,0.1,0.3,async_message_loss,high_stress,9,8329,1,32,17,15,0.304049,0.289049,0.063192,0.031465,0.072146,0.122006,0.015,0.000241,0.049334,0.0,0.651411,0.002409,0.15
grand_sim_v0_4,with_regime_original,stability_heavy,0.1,0.3,federation_bridge_stress,high_stress,0,8350,1,25,17,8,0.309106,0.294106,0.073455,0.028382,0.071949,0.119592,0.015,0.000729,0.048527,0.0,0.658309,0.007288,0.15
grand_sim_v0_4,with_regime_original,stability_heavy,0.1,0.3,federation_bridge_stress,high_stress,1,8351,1,24,15,9,0.300235,0.285235,0.067354,0.029885,0.068228,0.119204,0.015,0.000564,0.049961,0.0,0.659418,0.005641,0.15
grand_sim_v0_4,with_regime_original,stability_heavy,0.1,0.3,federation_bridge_stress,high_stress,2,8352,1,24,16,8,0.310284,0.295284,0.06942,0.028683,0.070549,0.126131,0.015,0.0005,0.048343,0.0,0.639625,0.005005,0.15
grand_sim_v0_4,with_regime_original,stability_heavy,0.1,0.3,federation_bridge_stress,high_stress,3,8353,1,26,17,9,0.307277,0.292277,0.068712,0.029203,0.068701,0.125105,0.015,0.000557,0.048816,0.0,0.642558,0.005572,0.15
grand_sim_v0_4,with_regime_original,stability_heavy,0.1,0.3,federation_bridge_stress,high_stress,4,8354,1,26,17,9,0.303117,0.288117,0.068673,0.028182,0.069937,0.120743,0.015,0.000582,0.049486,0.0,0.655021,0.005824,0.15
grand_sim_v0_4,with_regime_original,stability_heavy,0.1,0.3,federation_bridge_stress,high_stress,5,8355,1,23,16,7,0.307851,0.292851,0.07089,0.029713,0.070605,0.121089,0.015,0.000554,0.048725,0.0,0.654032,0.005536,0.15
grand_sim_v0_4,with_regime_original,stability_heavy,0.1,0.3,federation_bridge_stress,high_stress,6,8356,1,24,15,9,0.300922,0.285922,0.066539,0.030192,0.067994,0.120664,0.015,0.000533,0.049847,0.0,0.655245,0.005334,0.15
grand_sim_v0_4,with_regime_original,stability_heavy,0.1,0.3,federation_bridge_stress,high_stress,7,8357,1,25,16,9,0.306288,0.291288,0.068976,0.029143,0.070914,0.121906,0.015,0.00035,0.048973,0.0,0.651698,0.003498,0.15
grand_sim_v0_4,with_regime_original,stability_heavy,0.1,0.3,federation_bridge_stress,high_stress,8,8358,1,23,15,8,0.302713,0.287713,0.069994,0.029536,0.070289,0.117398,0.015,0.000496,0.049552,0.0,0.664576,0.004956,0.15
grand_sim_v0_4,with_regime_original,stability_heavy,0.1,0.3,federation_bridge_stress,high_stress,9,8359,1,27,17,10,0.300413,0.285413,0.066596,0.02936,0.068339,0.120305,0.015,0.000812,0.049931,0.0,0.656271,0.00812,0.15
grand_sim_v0_4,with_regime_original,stability_heavy,0.1,0.3,federation_cluster_attack,low_stress,0,8360,1,98,78,20,0.309437,0.294437,0.03116,0.063787,0.0,0.198655,0.015,0.000835,0.048475,0.0,0.432413,0.008353,0.15
grand_sim_v0_4,with_regime_original,stability_heavy,0.1,0.3,federation_cluster_attack,low_stress,1,8361,1,98,77,21,0.303882,0.288882,0.029781,0.06322,0.0,0.194991,0.015,0.00089,0.049361,0.0,0.442884,0.008901,0.15
grand_sim_v0_4,with_regime_original,stability_heavy,0.1,0.3,federation_cluster_attack,low_stress,2,8362,1,98,79,19,0.309583,0.294583,0.031585,0.064614,0.0,0.197438,0.015,0.000946,0.048452,0.033333,0.435891,0.009461,0.15
grand_sim_v0_4,with_regime_original,stability_heavy,0.1,0.3,federation_cluster_attack,low_stress,3,8363,1,99,77,22,0.302368,0.287368,0.030174,0.063709,0.0,0.192621,0.015,0.000863,0.049608,0.0,0.449653,0.008627,0.15
grand_sim_v0_4,with_regime_original,stability_heavy,0.1,0.3,federation_cluster_attack,low_stress,4,8364,1,98,81,17,0.308784,0.293784,0.032583,0.063407,0.0,0.196945,0.015,0.00085,0.048578,0.066667,0.437301,0.008499,0.15
grand_sim_v0_4,with_regime_original,stability_heavy,0.1,0.3,federation_cluster_attack,low_stress,5,8365,1,96,76,20,0.302487,0.287487,0.032439,0.063458,0.0,0.190843,0.015,0.000747,0.049589,0.0,0.454735,0.007472,0.15
grand_sim_v0_4,with_regime_original,stability_heavy,0.1,0.3,federation_cluster_attack,low_stress,6,8366,1,99,78,21,0.310153,0.295153,0.031171,0.063638,0.0,0.199392,0.015,0.000952,0.048363,0.016667,0.430309,0.009524,0.15
grand_sim_v0_4,with_regime_original,stability_heavy,0.1,0.3,federation_cluster_attack,low_stress,7,8367,1,97,77,20,0.305216,0.290216,0.031134,0.063827,0.0,0.194421,0.015,0.000835,0.049145,0.0,0.444511,0.008346,0.15
grand_sim_v0_4,with_regime_original,stability_heavy,0.1,0.3,federation_cluster_attack,low_stress,8,8368,1,92,77,15,0.308057,0.293057,0.032378,0.063691,0.0,0.196229,0.015,0.000759,0.048692,0.0,0.439345,0.007588,0.15
grand_sim_v0_4,with_regime_original,stability_heavy,0.1,0.3,federation_cluster_attack,low_stress,9,8369,1,97,77,20,0.305323,0.290323,0.030401,0.063467,0.0,0.195558,0.015,0.000897,0.049128,0.0,0.441263,0.00897,0.15
grand_sim_v0_4,with_regime_original,stability_heavy,0.1,0.3,federation_cluster_attack,mid_stress,0,8370,1,66,55,11,0.313123,0.298123,0.03464,0.058509,0.0,0.204048,0.015,0.000926,0.047904,0.083333,0.417005,0.00926,0.15
grand_sim_v0_4,with_regime_original,stability_heavy,0.1,0.3,federation_cluster_attack,mid_stress,1,8371,1,66,55,11,0.319866,0.304866,0.036158,0.058592,0.0,0.209008,0.015,0.001108,0.046895,0.133333,0.402835,0.01108,0.15
grand_sim_v0_4,with_regime_original,stability_heavy,0.1,0.3,federation_cluster_attack,mid_stress,2,8372,1,65,55,10,0.318697,0.303697,0.036779,0.058289,0.0,0.207531,0.015,0.001099,0.047067,0.116667,0.407055,0.010985,0.15
grand_sim_v0_4,with_regime_original,stability_heavy,0.1,0.3,federation_cluster_attack,mid_stress,3,8373,1,66,55,11,0.301745,0.286745,0.031983,0.059456,0.0,0.194419,0.015,0.000887,0.049711,0.083333,0.444517,0.008867,0.15
grand_sim_v0_4,with_regime_original,stability_heavy,0.1,0.3,federation_cluster_attack,mid_stress,4,8374,1,67,55,12,0.319019,0.304019,0.035851,0.05849,0.0,0.208451,0.015,0.001227,0.047019,0.133333,0.404425,0.012271,0.15
grand_sim_v0_4,with_regime_original,stability_heavy,0.1,0.3,federation_cluster_attack,mid_stress,5,8375,1,67,54,13,0.301044,0.286044,0.031964,0.058743,0.0,0.194137,0.015,0.0012,0.049827,0.0,0.445324,0.012003,0.15
grand_sim_v0_4,with_regime_original,stability_heavy,0.1,0.3,federation_cluster_attack,mid_stress,6,8376,1,62,54,8,0.305098,0.290098,0.035708,0.058657,0.0,0.194947,0.015,0.000786,0.049165,0.0,0.443008,0.007856,0.15
grand_sim_v0_4,with_regime_original,stability_heavy,0.1,0.3,federation_cluster_attack,mid_stress,7,8377,1,67,55,12,0.307379,0.292379,0.032221,0.059767,0.0,0.199262,0.015,0.00113,0.0488,0.033333,0.43068,0.011296,0.15
grand_sim_v0_4,with_regime_original,stability_heavy,0.1,0.3,federation_cluster_attack,mid_stress,8,8378,1,66,55,11,0.316399,0.301399,0.03475,0.058398,0.0,0.20698,0.015,0.001271,0.047409,0.1,0.408629,0.01271,0.15
grand_sim_v0_4,with_regime_original,stability_heavy,0.1,0.3,federation_cluster_attack,mid_stress,9,8379,1,67,55,12,0.309844,0.294844,0.032986,0.058735,0.0,0.202115,0.015,0.001009,0.048411,0.083333,0.422529,0.010085,0.15
grand_sim_v0_4,with_regime_original,stability_heavy,0.1,0.3,federation_cluster_attack,high_stress,0,8380,1,27,18,9,0.301669,0.286669,0.068823,0.025599,0.070249,0.121383,0.015,0.000615,0.049723,0.0,0.65319,0.006147,0.15
grand_sim_v0_4,with_regime_original,stability_heavy,0.1,0.3,federation_cluster_attack,high_stress,1,8381,1,25,16,9,0.303094,0.288094,0.066984,0.027919,0.068816,0.123876,0.015,0.000499,0.04949,0.0,0.646069,0.004991,0.15
grand_sim_v0_4,with_regime_original,stability_heavy,0.1,0.3,federation_cluster_attack,high_stress,2,8382,1,27,19,8,0.302769,0.287769,0.071107,0.024971,0.071181,0.11962,0.015,0.00089,0.049543,0.0,0.65823,0.008902,0.15
grand_sim_v0_4,with_regime_original,stability_heavy,0.1,0.3,federation_cluster_attack,high_stress,3,8383,1,28,18,10,0.300132,0.285132,0.067515,0.026315,0.069283,0.121443,0.015,0.000576,0.049978,0.0,0.653021,0.005763,0.15
grand_sim_v0_4,with_regime_original,stability_heavy,0.1,0.3,federation_cluster_attack,high_stress,4,8384,1,27,18,9,0.303113,0.288113,0.070335,0.027087,0.070735,0.119192,0.015,0.000763,0.049486,0.0,0.65945,0.007633,0.15
grand_sim_v0_4,with_regime_original,stability_heavy,0.1,0.3,federation_cluster_attack,high_stress,5,8385,1,27,18,9,0.313807,0.298807,0.069552,0.027598,0.070558,0.130598,0.015,0.000501,0.0478,0.0,0.626863,0.00501,0.15
grand_sim_v0_4,with_regime_original,stability_heavy,0.1,0.3,federation_cluster_attack,high_stress,6,8386,1,25,17,8,0.305757,0.290757,0.070096,0.025838,0.071054,0.123157,0.015,0.000612,0.049059,0.0,0.648122,0.006121,0.15
grand_sim_v0_4,with_regime_original,stability_heavy,0.1,0.3,federation_cluster_attack,high_stress,7,8387,1,26,17,9,0.303234,0.288234,0.070098,0.026708,0.070249,0.120359,0.015,0.00082,0.049467,0.016667,0.656117,0.008204,0.15
grand_sim_v0_4,with_regime_original,stability_heavy,0.1,0.3,federation_cluster_attack,high_stress,8,8388,1,25,16,9,0.300647,0.285647,0.068174,0.027373,0.069284,0.120243,0.015,0.000573,0.049892,0.0,0.656448,0.005732,0.15
grand_sim_v0_4,with_regime_original,stability_heavy,0.1,0.3,federation_cluster_attack,high_stress,9,8389,1,28,18,10,0.305963,0.290963,0.067635,0.026288,0.071179,0.125319,0.015,0.000542,0.049026,0.0,0.641946,0.005422,0.15
grand_sim_v0_4,with_regime_original,stability_heavy,0.1,0.3,psi_corruption,low_stress,0,8390,1,87,68,19,0.305239,0.290239,0.031243,0.059602,0.0,0.198418,0.015,0.000976,0.049142,0.0,0.43309,0.009761,0.15
grand_sim_v0_4,with_regime_original,stability_heavy,0.1,0.3,psi_corruption,low_stress,1,8391,1,87,70,17,0.301835,0.286835,0.030832,0.058668,0.0,0.196357,0.015,0.000978,0.049696,0.016667,0.438979,0.009777,0.15
grand_sim_v0_4,with_regime_original,stability_heavy,0.1,0.3,psi_corruption,low_stress,2,8392,1,86,70,16,0.301344,0.286344,0.03015,0.059339,0.0,0.196077,0.015,0.000779,0.049777,0.0,0.43978,0.007789,0.15
grand_sim_v0_4,with_regime_original,stability_heavy,0.1,0.3,psi_corruption,low_stress,3,8393,1,87,70,17,0.304106,0.289106,0.030744,0.0583,0.0,0.199093,0.015,0.000969,0.049325,0.016667,0.431163,0.009689,0.15
grand_sim_v0_4,with_regime_original,stability_heavy,0.1,0.3,psi_corruption,low_stress,4,8394,1,88,71,17,0.304307,0.289307,0.030767,0.061966,0.0,0.195553,0.015,0.001022,0.049292,0.066667,0.441278,0.010215,0.15
grand_sim_v0_4,with_regime_original,stability_heavy,0.1,0.3,psi_corruption,low_stress,5,8395,1,87,71,16,0.309005,0.294005,0.031639,0.060063,0.0,0.201268,0.015,0.001035,0.048543,0.05,0.424949,0.010351,0.15
grand_sim_v0_4,with_regime_original,stability_heavy,0.1,0.3,psi_corruption,low_stress,6,8396,1,87,71,16,0.307933,0.292933,0.031013,0.060762,0.0,0.200126,0.015,0.001032,0.048712,0.033333,0.42821,0.010318,0.15
grand_sim_v0_4,with_regime_original,stability_heavy,0.1,0.3,psi_corruption,low_stress,7,8397,1,87,69,18,0.304701,0.289701,0.03172,0.058706,0.0,0.198301,0.015,0.000973,0.049229,0.0,0.433427,0.009734,0.15
grand_sim_v0_4,with_regime_original,stability_heavy,0.1,0.3,psi_corruption,low_stress,8,8398,1,88,71,17,0.301261,0.286261,0.029242,0.061281,0.0,0.194914,0.015,0.000825,0.049791,0.033333,0.443103,0.008247,0.15
grand_sim_v0_4,with_regime_original,stability_heavy,0.1,0.3,psi_corruption,low_stress,9,8399,1,87,70,17,0.301675,0.286674,0.032513,0.058766,0.0,0.19438,0.015,0.001016,0.049722,0.05,0.444628,0.010161,0.15
grand_sim_v0_4,with_regime_original,stability_heavy,0.1,0.3,psi_corruption,mid_stress,0,8400,1,60,51,9,0.319866,0.304866,0.033775,0.058892,0.0,0.210996,0.015,0.001203,0.046895,0.083333,0.397155,0.012033,0.15
grand_sim_v0_4,with_regime_original,stability_heavy,0.1,0.3,psi_corruption,mid_stress,1,8401,1,61,51,10,0.310357,0.295357,0.029943,0.059218,0.0,0.205002,0.015,0.001193,0.048331,0.033333,0.414279,0.011934,0.15
grand_sim_v0_4,with_regime_original,stability_heavy,0.1,0.3,psi_corruption,mid_stress,2,8402,1,61,51,10,0.310453,0.295453,0.03077,0.058346,0.0,0.205066,0.015,0.001271,0.048316,0.05,0.414097,0.012714,0.15
grand_sim_v0_4,with_regime_original,stability_heavy,0.1,0.3,psi_corruption,mid_stress,3,8403,1,61,51,10,0.308763,0.293763,0.029863,0.059319,0.0,0.203497,0.015,0.001084,0.048581,0.033333,0.41858,0.010838,0.15
grand_sim_v0_4,with_regime_original,stability_heavy,0.1,0.3,psi_corruption,mid_stress,4,8404,1,59,51,8,0.323757,0.308757,0.035356,0.058763,0.0,0.213493,0.015,0.001145,0.046331,0.116667,0.390019,0.011452,0.15
grand_sim_v0_4,with_regime_original,stability_heavy,0.1,0.3,psi_corruption,mid_stress,5,8405,1,61,51,10,0.318203,0.303203,0.034935,0.058958,0.0,0.208089,0.015,0.001221,0.04714,0.033333,0.405461,0.012205,0.15
grand_sim_v0_4,with_regime_original,stability_heavy,0.1,0.3,psi_corruption,mid_stress,6,8406,1,57,51,6,0.323328,0.308328,0.038169,0.059655,0.0,0.209593,0.015,0.00091,0.046393,0.066667,0.401162,0.009101,0.15
grand_sim_v0_4,with_regime_original,stability_heavy,0.1,0.3,psi_corruption,mid_stress,7,8407,1,58,50,8,0.306078,0.291078,0.036327,0.060316,0.0,0.193803,0.015,0.000632,0.049007,0.0,0.446277,0.006324,0.15
grand_sim_v0_4,with_regime_original,stability_heavy,0.1,0.3,psi_corruption,mid_stress,8,8408,1,60,51,9,0.311675,0.296675,0.030793,0.059316,0.0,0.20552,0.015,0.001047,0.048127,0.05,0.412801,0.01047,0.15
grand_sim_v0_4,with_regime_original,stability_heavy,0.1,0.3,psi_corruption,mid_stress,9,8409,1,61,51,10,0.321696,0.306696,0.033738,0.059053,0.0,0.212577,0.015,0.001327,0.046628,0.116667,0.392636,0.013272,0.15
grand_sim_v0_4,with_regime_original,stability_heavy,0.1,0.3,psi_corruption,high_stress,0,8410,1,24,16,8,0.302371,0.287371,0.069412,0.028109,0.071283,0.11795,0.015,0.000617,0.049608,0.0,0.663,0.006168,0.15
grand_sim_v0_4,with_regime_original,stability_heavy,0.1,0.3,psi_corruption,high_stress,1,8411,1,26,16,10,0.301123,0.286123,0.06753,0.028401,0.069984,0.119599,0.015,0.000609,0.049813,0.0,0.658289,0.00609,0.15
grand_sim_v0_4,with_regime_original,stability_heavy,0.1,0.3,psi_corruption,high_stress,2,8412,1,25,17,8,0.303309,0.288309,0.070588,0.028177,0.070497,0.118557,0.015,0.000491,0.049455,0.0,0.661267,0.004909,0.15
grand_sim_v0_4,with_regime_original,stability_heavy,0.1,0.3,psi_corruption,high_stress,3,8413,1,24,15,9,0.308083,0.293083,0.068301,0.031022,0.069186,0.124083,0.015,0.000492,0.048688,0.0,0.645477,0.004921,0.15
grand_sim_v0_4,with_regime_original,stability_heavy,0.1,0.3,psi_corruption,high_stress,4,8414,1,23,15,8,0.30527,0.29027,0.071641,0.030002,0.070182,0.117636,0.015,0.000808,0.049137,0.0,0.663898,0.008082,0.15
grand_sim_v0_4,with_regime_original,stability_heavy,0.1,0.3,psi_corruption,high_stress,5,8415,1,27,17,10,0.311891,0.296891,0.070063,0.028388,0.070646,0.126958,0.015,0.000835,0.048094,0.0,0.637262,0.008349,0.15
grand_sim_v0_4,with_regime_original,stability_heavy,0.1,0.3,psi_corruption,high_stress,6,8416,1,23,15,8,0.309919,0.294919,0.069431,0.031088,0.069179,0.124699,0.015,0.000522,0.0484,0.0,0.643718,0.005218,0.15
grand_sim_v0_4,with_regime_original,stability_heavy,0.1,0.3,psi_corruption,high_stress,7,8417,1,23,15,8,0.308185,0.293185,0.072898,0.031058,0.071395,0.117341,0.015,0.000493,0.048672,0.0,0.664741,0.004932,0.15
grand_sim_v0_4,with_regime_original,stability_heavy,0.1,0.3,psi_corruption,high_stress,8,8418,1,26,16,10,0.303712,0.288712,0.066372,0.03027,0.069069,0.122343,0.015,0.000657,0.049389,0.0,0.650449,0.006574,0.15
grand_sim_v0_4,with_regime_original,stability_heavy,0.1,0.3,psi_corruption,high_stress,9,8419,1,25,17,8,0.310995,0.295995,0.072833,0.028553,0.072689,0.121318,0.015,0.000602,0.048232,0.0,0.653376,0.006018,0.15
grand_sim_v0_4,no_regime_ablation,stability_heavy,0.1,0.3,async_message_loss,high_stress,0,8320,1,31,19,12,0.304819,0.304819,0.067963,0.031555,0.075159,0.129659,0.0,0.000483,0.0,0.0,0.629547,0.004831,0.15
grand_sim_v0_4,no_regime_ablation,stability_heavy,0.1,0.3,async_message_loss,high_stress,1,8321,1,32,20,12,0.304584,0.304584,0.069933,0.030992,0.07696,0.126201,0.0,0.000498,0.0,0.0,0.639425,0.004977,0.15
grand_sim_v0_4,no_regime_ablation,stability_heavy,0.1,0.3,async_message_loss,high_stress,2,8322,1,29,18,11,0.306322,0.306322,0.069165,0.032208,0.076714,0.12791,0.0,0.000325,0.0,0.0,0.634542,0.003247,0.15
grand_sim_v0_4,no_regime_ablation,stability_heavy,0.1,0.3,async_message_loss,high_stress,3,8323,1,31,19,12,0.301612,0.301612,0.067809,0.031821,0.076329,0.125297,0.0,0.000357,0.0,0.0,0.64201,0.003571,0.15
grand_sim_v0_4,no_regime_ablation,stability_heavy,0.1,0.3,async_message_loss,high_stress,4,8324,1,31,19,12,0.308684,0.308684,0.069459,0.03146,0.079267,0.128213,0.0,0.000286,0.0,0.0,0.633676,0.002856,0.15
grand_sim_v0_4,no_regime_ablation,stability_heavy,0.1,0.3,async_message_loss,high_stress,5,8325,1,32,20,12,0.301194,0.301194,0.068544,0.031509,0.076079,0.124476,0.0,0.000585,0.0,0.0,0.644353,0.005848,0.15
grand_sim_v0_4,no_regime_ablation,stability_heavy,0.1,0.3,async_message_loss,high_stress,6,8326,1,32,19,13,0.307631,0.307631,0.069722,0.032498,0.078057,0.126889,0.0,0.000465,0.0,0.0,0.637461,0.004646,0.15
grand_sim_v0_4,no_regime_ablation,stability_heavy,0.1,0.3,async_message_loss,high_stress,7,8327,1,33,20,13,0.308014,0.308014,0.067998,0.03042,0.076811,0.132466,0.0,0.000319,0.0,0.0,0.621525,0.00319,0.15
grand_sim_v0_4,no_regime_ablation,stability_heavy,0.1,0.3,async_message_loss,high_stress,8,8328,1,31,18,13,0.300013,0.300013,0.066361,0.031642,0.073779,0.127793,0.0,0.000439,0.0,0.0,0.634876,0.004387,0.15
grand_sim_v0_4,no_regime_ablation,stability_heavy,0.1,0.3,async_message_loss,high_stress,9,8329,1,32,18,14,0.30084,0.30084,0.06563,0.031362,0.074694,0.128852,0.0,0.000303,0.0,0.0,0.631851,0.003027,0.15
grand_sim_v0_4,no_regime_ablation,stability_heavy,0.1,0.3,federation_bridge_stress,high_stress,0,8350,1,25,18,7,0.310533,0.310533,0.078364,0.028538,0.074874,0.127867,0.0,0.000889,0.0,0.0,0.634667,0.008891,0.15
grand_sim_v0_4,no_regime_ablation,stability_heavy,0.1,0.3,federation_bridge_stress,high_stress,1,8351,1,24,17,7,0.309841,0.309841,0.075471,0.029572,0.073538,0.130452,0.0,0.000808,0.0,0.0,0.62728,0.008081,0.15
grand_sim_v0_4,no_regime_ablation,stability_heavy,0.1,0.3,federation_bridge_stress,high_stress,2,8352,1,24,17,7,0.308974,0.308974,0.073279,0.02844,0.073169,0.133446,0.0,0.00064,0.0,0.0,0.618725,0.006396,0.15
grand_sim_v0_4,no_regime_ablation,stability_heavy,0.1,0.3,federation_bridge_stress,high_stress,3,8353,1,26,18,8,0.302118,0.302118,0.0726,0.028832,0.071381,0.128596,0.0,0.000709,0.0,0.0,0.632584,0.007093,0.15
grand_sim_v0_4,no_regime_ablation,stability_heavy,0.1,0.3,federation_bridge_stress,high_stress,4,8354,1,26,18,8,0.300732,0.300732,0.072183,0.028284,0.072558,0.126988,0.0,0.000719,0.0,0.0,0.637176,0.007192,0.15
grand_sim_v0_4,no_regime_ablation,stability_heavy,0.1,0.3,federation_bridge_stress,high_stress,5,8355,1,23,17,6,0.307903,0.307903,0.075281,0.029453,0.073367,0.129101,0.0,0.000702,0.0,0.0,0.63114,0.007018,0.15
grand_sim_v0_4,no_regime_ablation,stability_heavy,0.1,0.3,federation_bridge_stress,high_stress,6,8356,1,24,17,7,0.314142,0.314142,0.074477,0.029804,0.073197,0.135866,0.0,0.000798,0.0,0.0,0.611811,0.007977,0.15
grand_sim_v0_4,no_regime_ablation,stability_heavy,0.1,0.3,federation_bridge_stress,high_stress,7,8357,1,25,17,8,0.302572,0.302572,0.072995,0.028951,0.073558,0.126632,0.0,0.000436,0.0,0.0,0.638193,0.004361,0.15
grand_sim_v0_4,no_regime_ablation,stability_heavy,0.1,0.3,federation_bridge_stress,high_stress,8,8358,1,23,16,7,0.303539,0.303539,0.074308,0.029362,0.07294,0.126308,0.0,0.000621,0.0,0.0,0.639119,0.006206,0.15
grand_sim_v0_4,no_regime_ablation,stability_heavy,0.1,0.3,federation_bridge_stress,high_stress,9,8359,1,27,19,8,0.313789,0.313789,0.074599,0.029337,0.073646,0.134998,0.0,0.001209,0.0,0.033333,0.614291,0.01209,0.15
grand_sim_v0_4,no_regime_ablation,stability_heavy,0.1,0.3,federation_cluster_attack,low_stress,0,8360,1,98,79,19,0.305602,0.305602,0.033431,0.06412,0.0,0.207135,0.0,0.000916,0.0,0.016667,0.408187,0.009165,0.15
grand_sim_v0_4,no_regime_ablation,stability_heavy,0.1,0.3,federation_cluster_attack,low_stress,1,8361,1,98,79,19,0.31075,0.31075,0.034079,0.063735,0.0,0.21179,0.0,0.001146,0.0,0.05,0.394887,0.011462,0.15
grand_sim_v0_4,no_regime_ablation,stability_heavy,0.1,0.3,federation_cluster_attack,low_stress,2,8362,1,98,80,18,0.305087,0.305087,0.03325,0.06444,0.0,0.206228,0.0,0.00117,0.0,0.066667,0.410778,0.011699,0.15
grand_sim_v0_4,no_regime_ablation,stability_heavy,0.1,0.3,federation_cluster_attack,low_stress,3,8363,1,99,79,20,0.310218,0.310218,0.034311,0.064511,0.0,0.210197,0.0,0.001198,0.0,0.066667,0.399437,0.011978,0.15
grand_sim_v0_4,no_regime_ablation,stability_heavy,0.1,0.3,federation_cluster_attack,low_stress,4,8364,1,98,83,15,0.311932,0.311932,0.036551,0.063621,0.0,0.210669,0.0,0.00109,0.0,0.083333,0.398089,0.010901,0.15
grand_sim_v0_4,no_regime_ablation,stability_heavy,0.1,0.3,federation_cluster_attack,low_stress,5,8365,1,96,78,18,0.310513,0.310513,0.037422,0.063393,0.0,0.208764,0.0,0.000933,0.0,0.066667,0.403531,0.009331,0.15
grand_sim_v0_4,no_regime_ablation,stability_heavy,0.1,0.3,federation_cluster_attack,low_stress,6,8366,1,99,79,20,0.306591,0.306591,0.033487,0.063736,0.0,0.208304,0.0,0.001064,0.0,0.016667,0.404846,0.010644,0.15
grand_sim_v0_4,no_regime_ablation,stability_heavy,0.1,0.3,federation_cluster_attack,low_stress,7,8367,1,97,78,19,0.301231,0.301231,0.03329,0.063979,0.0,0.202986,0.0,0.000976,0.0,0.016667,0.420039,0.009763,0.15
grand_sim_v0_4,no_regime_ablation,stability_heavy,0.1,0.3,federation_cluster_attack,low_stress,8,8368,1,92,78,14,0.304643,0.304643,0.03459,0.064017,0.0,0.205133,0.0,0.000902,0.0,0.016667,0.413905,0.00902,0.15
grand_sim_v0_4,no_regime_ablation,stability_heavy,0.1,0.3,federation_cluster_attack,low_stress,9,8369,1,97,78,19,0.302047,0.302047,0.032624,0.064086,0.0,0.204312,0.0,0.001025,0.0,0.033333,0.416252,0.010253,0.15
grand_sim_v0_4,no_regime_ablation,stability_heavy,0.1,0.3,federation_cluster_attack,mid_stress,0,8370,1,66,56,10,0.318304,0.318304,0.038529,0.058749,0.0,0.219859,0.0,0.001167,0.0,0.133333,0.371831,0.01167,0.15
grand_sim_v0_4,no_regime_ablation,stability_heavy,0.1,0.3,federation_cluster_attack,mid_stress,1,8371,1,66,55,11,0.304866,0.304866,0.036158,0.058592,0.0,0.209008,0.0,0.001108,0.0,0.133333,0.402835,0.01108,0.15
grand_sim_v0_4,no_regime_ablation,stability_heavy,0.1,0.3,federation_cluster_attack,mid_stress,2,8372,1,65,55,10,0.303697,0.303697,0.036779,0.058289,0.0,0.207531,0.0,0.001099,0.0,0.116667,0.407055,0.010985,0.15
grand_sim_v0_4,no_regime_ablation,stability_heavy,0.1,0.3,federation_cluster_attack,mid_stress,3,8373,1,66,56,10,0.304067,0.304067,0.034331,0.059585,0.0,0.208889,0.0,0.001262,0.0,0.1,0.403175,0.012622,0.15
grand_sim_v0_4,no_regime_ablation,stability_heavy,0.1,0.3,federation_cluster_attack,mid_stress,4,8374,1,67,55,12,0.304019,0.304019,0.035851,0.05849,0.0,0.208451,0.0,0.001227,0.0,0.133333,0.404425,0.012271,0.15
grand_sim_v0_4,no_regime_ablation,stability_heavy,0.1,0.3,federation_cluster_attack,mid_stress,5,8375,1,67,55,12,0.30603,0.30603,0.035928,0.058764,0.0,0.209923,0.0,0.001415,0.0,0.15,0.400221,0.014149,0.15
grand_sim_v0_4,no_regime_ablation,stability_heavy,0.1,0.3,federation_cluster_attack,mid_stress,6,8376,1,62,55,7,0.309523,0.309523,0.03974,0.058894,0.0,0.209828,0.0,0.00106,0.0,0.2,0.40049,0.010604,0.65
grand_sim_v0_4,no_regime_ablation,stability_heavy,0.1,0.3,federation_cluster_attack,mid_stress,7,8377,1,67,56,11,0.310478,0.310478,0.035437,0.05971,0.0,0.213905,0.0,0.001427,0.0,0.133333,0.388844,0.014268,0.15
grand_sim_v0_4,no_regime_ablation,stability_heavy,0.1,0.3,federation_cluster_attack,mid_stress,8,8378,1,66,55,11,0.301399,0.301399,0.03475,0.058398,0.0,0.20698,0.0,0.001271,0.0,0.1,0.408629,0.01271,0.15
grand_sim_v0_4,no_regime_ablation,stability_heavy,0.1,0.3,federation_cluster_attack,mid_stress,9,8379,1,67,56,11,0.313896,0.313896,0.036769,0.059083,0.0,0.216814,0.0,0.00123,0.0,0.116667,0.380532,0.012302,0.15
grand_sim_v0_4,no_regime_ablation,stability_heavy,0.1,0.3,federation_cluster_attack,high_stress,0,8380,1,27,20,7,0.312454,0.312454,0.076583,0.025435,0.075637,0.133892,0.0,0.000906,0.0,0.0,0.617451,0.009055,0.15
grand_sim_v0_4,no_regime_ablation,stability_heavy,0.1,0.3,federation_cluster_attack,high_stress,1,8381,1,25,17,8,0.300742,0.300742,0.070626,0.027741,0.071206,0.130554,0.0,0.000616,0.0,0.0,0.626989,0.006159,0.15
grand_sim_v0_4,no_regime_ablation,stability_heavy,0.1,0.3,federation_cluster_attack,high_stress,2,8382,1,27,21,6,0.313981,0.313981,0.07945,0.024582,0.076894,0.131765,0.0,0.00129,0.0,0.0,0.623529,0.012898,0.15
grand_sim_v0_4,no_regime_ablation,stability_heavy,0.1,0.3,federation_cluster_attack,high_stress,3,8383,1,28,20,8,0.313508,0.313508,0.074912,0.02582,0.074496,0.137412,0.0,0.000867,0.0,0.0,0.607393,0.008673,0.15
grand_sim_v0_4,no_regime_ablation,stability_heavy,0.1,0.3,federation_cluster_attack,high_stress,4,8384,1,27,19,8,0.302745,0.302745,0.07437,0.027007,0.073459,0.126996,0.0,0.000913,0.0,0.0,0.637153,0.009125,0.15
grand_sim_v0_4,no_regime_ablation,stability_heavy,0.1,0.3,federation_cluster_attack,high_stress,5,8385,1,27,19,8,0.312573,0.312573,0.073378,0.027326,0.073227,0.138024,0.0,0.000618,0.0,0.0,0.605645,0.006178,0.15
grand_sim_v0_4,no_regime_ablation,stability_heavy,0.1,0.3,federation_cluster_attack,high_stress,6,8386,1,25,18,7,0.302874,0.302874,0.073905,0.025575,0.073656,0.129013,0.0,0.000725,0.0,0.0,0.631391,0.007252,0.15
grand_sim_v0_4,no_regime_ablation,stability_heavy,0.1,0.3,federation_cluster_attack,high_stress,7,8387,1,26,19,7,0.312083,0.312083,0.078582,0.026278,0.075853,0.130198,0.0,0.001172,0.0,0.016667,0.628006,0.011724,0.15
grand_sim_v0_4,no_regime_ablation,stability_heavy,0.1,0.3,federation_cluster_attack,high_stress,8,8388,1,25,18,7,0.311525,0.311525,0.07583,0.026711,0.074615,0.133475,0.0,0.000894,0.0,0.0,0.618642,0.008941,0.15
grand_sim_v0_4,no_regime_ablation,stability_heavy,0.1,0.3,federation_cluster_attack,high_stress,9,8389,1,28,19,9,0.300579,0.300579,0.070701,0.026081,0.073658,0.12952,0.0,0.000618,0.0,0.0,0.629942,0.006179,0.15
grand_sim_v0_4,no_regime_ablation,stability_heavy,0.1,0.3,psi_corruption,low_stress,0,8390,1,87,69,18,0.300498,0.300498,0.033152,0.059945,0.0,0.206247,0.0,0.001154,0.0,0.0,0.410723,0.011537,0.15
grand_sim_v0_4,no_regime_ablation,stability_heavy,0.1,0.3,psi_corruption,low_stress,1,8391,1,87,72,15,0.313223,0.313223,0.035348,0.061361,0.0,0.215336,0.0,0.001178,0.0,0.1,0.384754,0.011779,0.15
grand_sim_v0_4,no_regime_ablation,stability_heavy,0.1,0.3,psi_corruption,low_stress,2,8392,1,86,72,14,0.31307,0.31307,0.0341,0.06193,0.0,0.216013,0.0,0.001027,0.0,0.1,0.382821,0.010274,0.15
grand_sim_v0_4,no_regime_ablation,stability_heavy,0.1,0.3,psi_corruption,low_stress,3,8393,1,87,71,16,0.302571,0.302571,0.032394,0.060144,0.0,0.208861,0.0,0.001172,0.0,0.083333,0.403254,0.011725,0.15
grand_sim_v0_4,no_regime_ablation,stability_heavy,0.1,0.3,psi_corruption,low_stress,4,8394,1,88,72,16,0.302419,0.302419,0.03285,0.063485,0.0,0.204953,0.0,0.001131,0.0,0.083333,0.414419,0.011312,0.15
grand_sim_v0_4,no_regime_ablation,stability_heavy,0.1,0.3,psi_corruption,low_stress,5,8395,1,87,72,15,0.307296,0.307296,0.033488,0.061522,0.0,0.211103,0.0,0.001184,0.0,0.066667,0.39685,0.011836,0.15
grand_sim_v0_4,no_regime_ablation,stability_heavy,0.1,0.3,psi_corruption,low_stress,6,8396,1,87,72,15,0.306118,0.306118,0.033231,0.061908,0.0,0.209842,0.0,0.001136,0.0,0.05,0.40045,0.01136,0.15
grand_sim_v0_4,no_regime_ablation,stability_heavy,0.1,0.3,psi_corruption,low_stress,7,8397,1,87,71,16,0.313142,0.313142,0.036202,0.059979,0.0,0.215743,0.0,0.001218,0.0,0.1,0.383591,0.012181,0.15
grand_sim_v0_4,no_regime_ablation,stability_heavy,0.1,0.3,psi_corruption,low_stress,8,8398,1,88,73,15,0.310928,0.310928,0.033086,0.063147,0.0,0.213606,0.0,0.001089,0.0,0.066667,0.389698,0.010891,0.15
grand_sim_v0_4,no_regime_ablation,stability_heavy,0.1,0.3,psi_corruption,low_stress,9,8399,1,87,71,16,0.300923,0.300923,0.034692,0.06086,0.0,0.204206,0.0,0.001165,0.0,0.066667,0.416553,0.01165,0.15
grand_sim_v0_4,no_regime_ablation,stability_heavy,0.1,0.3,psi_corruption,mid_stress,0,8400,1,60,51,9,0.304866,0.304866,0.033775,0.058892,0.0,0.210996,0.0,0.001203,0.0,0.083333,0.397155,0.012033,0.15
grand_sim_v0_4,no_regime_ablation,stability_heavy,0.1,0.3,psi_corruption,mid_stress,1,8401,1,61,52,9,0.318679,0.318679,0.033868,0.059575,0.0,0.223725,0.0,0.001511,0.0,0.116667,0.360787,0.015106,0.15
grand_sim_v0_4,no_regime_ablation,stability_heavy,0.1,0.3,psi_corruption,mid_stress,2,8402,1,61,52,9,0.31873,0.31873,0.035326,0.05869,0.0,0.223189,0.0,0.001525,0.0,0.133333,0.362318,0.015252,0.15
grand_sim_v0_4,no_regime_ablation,stability_heavy,0.1,0.3,psi_corruption,mid_stress,3,8403,1,61,52,9,0.316311,0.316311,0.034083,0.059585,0.0,0.221284,0.0,0.001358,0.0,0.116667,0.367759,0.013576,0.15
grand_sim_v0_4,no_regime_ablation,stability_heavy,0.1,0.3,psi_corruption,mid_stress,4,8404,1,59,51,8,0.308757,0.308757,0.035356,0.058763,0.0,0.213493,0.0,0.001145,0.0,0.116667,0.390019,0.011452,0.15
grand_sim_v0_4,no_regime_ablation,stability_heavy,0.1,0.3,psi_corruption,mid_stress,5,8405,1,61,51,10,0.303203,0.303203,0.034935,0.058958,0.0,0.208089,0.0,0.001221,0.0,0.033333,0.405461,0.012205,0.15
grand_sim_v0_4,no_regime_ablation,stability_heavy,0.1,0.3,psi_corruption,mid_stress,6,8406,1,57,51,6,0.308328,0.308328,0.038169,0.059655,0.0,0.209593,0.0,0.00091,0.0,0.066667,0.401162,0.009101,0.15
grand_sim_v0_4,no_regime_ablation,stability_heavy,0.1,0.3,psi_corruption,mid_stress,7,8407,1,58,51,7,0.316217,0.316217,0.041324,0.060625,0.0,0.213343,0.0,0.000925,0.0,0.133333,0.390449,0.009248,0.15
grand_sim_v0_4,no_regime_ablation,stability_heavy,0.1,0.3,psi_corruption,mid_stress,8,8408,1,60,52,8,0.319329,0.319329,0.035036,0.059479,0.0,0.223434,0.0,0.001381,0.0,0.116667,0.361618,0.013809,0.15
grand_sim_v0_4,no_regime_ablation,stability_heavy,0.1,0.3,psi_corruption,mid_stress,9,8409,1,61,51,10,0.306696,0.306696,0.033738,0.059053,0.0,0.212577,0.0,0.001327,0.0,0.116667,0.392636,0.013272,0.15
grand_sim_v0_4,no_regime_ablation,stability_heavy,0.1,0.3,psi_corruption,high_stress,0,8410,1,24,18,6,0.31251,0.31251,0.077226,0.027416,0.076753,0.130205,0.0,0.00091,0.0,0.0,0.627987,0.009096,0.15
grand_sim_v0_4,no_regime_ablation,stability_heavy,0.1,0.3,psi_corruption,high_stress,1,8411,1,26,17,9,0.300684,0.300684,0.071704,0.028263,0.072482,0.127527,0.0,0.000708,0.0,0.0,0.635636,0.00708,0.15
grand_sim_v0_4,no_regime_ablation,stability_heavy,0.1,0.3,psi_corruption,high_stress,2,8412,1,25,18,7,0.303255,0.303255,0.074978,0.028035,0.073273,0.126376,0.0,0.000594,0.0,0.0,0.638927,0.005938,0.15
grand_sim_v0_4,no_regime_ablation,stability_heavy,0.1,0.3,psi_corruption,high_stress,3,8413,1,24,16,8,0.306812,0.306812,0.07246,0.030832,0.071781,0.131137,0.0,0.000603,0.0,0.0,0.625324,0.006025,0.15
grand_sim_v0_4,no_regime_ablation,stability_heavy,0.1,0.3,psi_corruption,high_stress,4,8414,1,23,16,7,0.304834,0.304834,0.076185,0.029753,0.07301,0.124843,0.0,0.001042,0.0,0.0,0.643306,0.010423,0.15
grand_sim_v0_4,no_regime_ablation,stability_heavy,0.1,0.3,psi_corruption,high_stress,5,8415,1,27,18,9,0.307884,0.307884,0.074183,0.028317,0.073378,0.130967,0.0,0.001039,0.0,0.016667,0.625808,0.01039,0.15
grand_sim_v0_4,no_regime_ablation,stability_heavy,0.1,0.3,psi_corruption,high_stress,6,8416,1,23,16,7,0.308875,0.308875,0.073927,0.030707,0.071878,0.131696,0.0,0.000667,0.0,0.0,0.623725,0.006669,0.15
grand_sim_v0_4,no_regime_ablation,stability_heavy,0.1,0.3,psi_corruption,high_stress,7,8417,1,23,16,7,0.306618,0.306618,0.077291,0.030714,0.074364,0.123636,0.0,0.000614,0.0,0.0,0.646755,0.00614,0.15
grand_sim_v0_4,no_regime_ablation,stability_heavy,0.1,0.3,psi_corruption,high_stress,8,8418,1,26,17,9,0.30125,0.30125,0.069892,0.029835,0.071519,0.1292,0.0,0.000804,0.0,0.0,0.630856,0.008036,0.15
grand_sim_v0_4,no_regime_ablation,stability_heavy,0.1,0.3,psi_corruption,high_stress,9,8419,1,25,18,7,0.311333,0.311333,0.077084,0.028525,0.075619,0.12935,0.0,0.000754,0.0,0.0,0.630428,0.007539,0.15
grand_sim_v0_4,no_regime_renormalized,stability_heavy,0.1,0.3,async_message_loss,high_stress,0,8320,1,31,16,15,0.301807,0.301807,0.066569,0.035505,0.07559,0.123875,0.0,0.000267,0.0,0.0,0.681464,0.002674,0.15
grand_sim_v0_4,no_regime_renormalized,stability_heavy,0.1,0.3,async_message_loss,high_stress,1,8321,1,32,17,15,0.304692,0.304692,0.068064,0.0342,0.076981,0.125107,0.0,0.000339,0.0,0.0,0.678296,0.003393,0.15
grand_sim_v0_4,no_regime_renormalized,stability_heavy,0.1,0.3,async_message_loss,high_stress,2,8322,1,29,15,14,0.302904,0.302904,0.067296,0.036958,0.076842,0.121622,0.0,0.000187,0.0,0.0,0.687259,0.001873,0.15
grand_sim_v0_4,no_regime_renormalized,stability_heavy,0.1,0.3,async_message_loss,high_stress,3,8323,1,31,16,15,0.303221,0.303221,0.066821,0.034874,0.07679,0.124527,0.0,0.000209,0.0,0.0,0.679787,0.002088,0.15
grand_sim_v0_4,no_regime_renormalized,stability_heavy,0.1,0.3,async_message_loss,high_stress,4,8324,1,31,15,16,0.301346,0.301346,0.066013,0.036419,0.077067,0.121681,0.0,0.000166,0.0,0.0,0.687107,0.001664,0.15
grand_sim_v0_4,no_regime_renormalized,stability_heavy,0.1,0.3,async_message_loss,high_stress,5,8325,1,32,17,15,0.302913,0.302913,0.066788,0.03485,0.076239,0.124703,0.0,0.000333,0.0,0.0,0.679336,0.003331,0.15
grand_sim_v0_4,no_regime_renormalized,stability_heavy,0.1,0.3,async_message_loss,high_stress,6,8326,1,32,15,17,0.300404,0.300404,0.065908,0.037278,0.075902,0.121105,0.0,0.000211,0.0,0.0,0.688586,0.002112,0.15
grand_sim_v0_4,no_regime_renormalized,stability_heavy,0.1,0.3,async_message_loss,high_stress,7,8327,1,33,17,16,0.307851,0.307851,0.066198,0.034804,0.077155,0.129503,0.0,0.00019,0.0,0.0,0.666992,0.001901,0.15
grand_sim_v0_4,no_regime_renormalized,stability_heavy,0.1,0.3,async_message_loss,high_stress,8,8328,1,31,16,15,0.306438,0.306438,0.066784,0.035307,0.07678,0.127253,0.0,0.000314,0.0,0.0,0.672778,0.003143,0.15
grand_sim_v0_4,no_regime_renormalized,stability_heavy,0.1,0.3,async_message_loss,high_stress,9,8329,1,32,15,17,0.303584,0.303584,0.064632,0.035908,0.075255,0.127602,0.0,0.000187,0.0,0.0,0.671881,0.00187,0.15
grand_sim_v0_4,no_regime_renormalized,stability_heavy,0.1,0.3,federation_bridge_stress,high_stress,0,8350,1,25,16,9,0.312121,0.312121,0.076829,0.031734,0.077071,0.125891,0.0,0.000596,0.0,0.0,0.67628,0.00596,0.15
grand_sim_v0_4,no_regime_renormalized,stability_heavy,0.1,0.3,federation_bridge_stress,high_stress,1,8351,1,24,14,10,0.302471,0.302471,0.070756,0.033464,0.07339,0.124366,0.0,0.000495,0.0,0.0,0.680201,0.004949,0.15
grand_sim_v0_4,no_regime_renormalized,stability_heavy,0.1,0.3,federation_bridge_stress,high_stress,2,8352,1,24,14,10,0.301175,0.301175,0.069536,0.032351,0.073554,0.125376,0.0,0.000359,0.0,0.0,0.677605,0.00359,0.15
grand_sim_v0_4,no_regime_renormalized,stability_heavy,0.1,0.3,federation_bridge_stress,high_stress,3,8353,1,26,16,10,0.308239,0.308239,0.072126,0.032682,0.07372,0.129286,0.0,0.000425,0.0,0.0,0.667551,0.004249,0.15
grand_sim_v0_4,no_regime_renormalized,stability_heavy,0.1,0.3,federation_bridge_stress,high_stress,4,8354,1,26,16,10,0.309063,0.309063,0.071955,0.031259,0.075169,0.130186,0.0,0.000495,0.0,0.0,0.665237,0.004947,0.15
grand_sim_v0_4,no_regime_renormalized,stability_heavy,0.1,0.3,federation_bridge_stress,high_stress,5,8355,1,23,15,8,0.311823,0.311823,0.074592,0.03327,0.075727,0.127791,0.0,0.000443,0.0,0.0,0.671394,0.004434,0.15
grand_sim_v0_4,no_regime_renormalized,stability_heavy,0.1,0.3,federation_bridge_stress,high_stress,6,8356,1,24,14,10,0.304345,0.304345,0.070164,0.03383,0.073193,0.126718,0.0,0.00044,0.0,0.0,0.674155,0.004402,0.15
grand_sim_v0_4,no_regime_renormalized,stability_heavy,0.1,0.3,federation_bridge_stress,high_stress,7,8357,1,25,15,10,0.310562,0.310562,0.072686,0.032475,0.076191,0.128896,0.0,0.000315,0.0,0.0,0.668552,0.003147,0.15
grand_sim_v0_4,no_regime_renormalized,stability_heavy,0.1,0.3,federation_bridge_stress,high_stress,8,8358,1,23,14,9,0.309288,0.309288,0.073736,0.032768,0.075497,0.126881,0.0,0.000407,0.0,0.0,0.673735,0.004065,0.15
grand_sim_v0_4,no_regime_renormalized,stability_heavy,0.1,0.3,federation_bridge_stress,high_stress,9,8359,1,27,16,11,0.302312,0.302312,0.070365,0.032529,0.073488,0.125304,0.0,0.000625,0.0,0.0,0.677789,0.006251,0.15
grand_sim_v0_4,no_regime_renormalized,stability_heavy,0.1,0.3,federation_cluster_attack,low_stress,0,8360,1,98,76,22,0.303241,0.303241,0.030391,0.07014,0.0,0.202114,0.0,0.000596,0.0,0.0,0.480278,0.005963,0.15
grand_sim_v0_4,no_regime_renormalized,stability_heavy,0.1,0.3,federation_cluster_attack,low_stress,1,8361,1,98,76,22,0.309495,0.309495,0.03101,0.070049,0.0,0.207689,0.0,0.000748,0.0,0.0,0.465942,0.007478,0.15
grand_sim_v0_4,no_regime_renormalized,stability_heavy,0.1,0.3,federation_cluster_attack,low_stress,2,8362,1,98,77,21,0.303249,0.303249,0.030431,0.071235,0.0,0.200838,0.0,0.000745,0.0,0.0,0.48356,0.007452,0.15
grand_sim_v0_4,no_regime_renormalized,stability_heavy,0.1,0.3,federation_cluster_attack,low_stress,3,8363,1,99,76,23,0.307433,0.307433,0.031206,0.070255,0.0,0.205199,0.0,0.000773,0.0,0.0,0.472345,0.007731,0.15
grand_sim_v0_4,no_regime_renormalized,stability_heavy,0.1,0.3,federation_cluster_attack,low_stress,4,8364,1,98,79,19,0.30769,0.30769,0.032092,0.070291,0.0,0.204655,0.0,0.000652,0.0,0.0,0.473743,0.006518,0.15
grand_sim_v0_4,no_regime_renormalized,stability_heavy,0.1,0.3,federation_cluster_attack,low_stress,5,8365,1,96,75,21,0.307311,0.307311,0.033951,0.070481,0.0,0.202298,0.0,0.000581,0.0,0.0,0.479806,0.005813,0.15
grand_sim_v0_4,no_regime_renormalized,stability_heavy,0.1,0.3,federation_cluster_attack,low_stress,6,8366,1,99,76,23,0.303766,0.303766,0.030374,0.069984,0.0,0.202719,0.0,0.00069,0.0,0.0,0.478722,0.006895,0.15
grand_sim_v0_4,no_regime_renormalized,stability_heavy,0.1,0.3,federation_cluster_attack,low_stress,7,8367,1,97,76,21,0.310579,0.310579,0.032489,0.07062,0.0,0.206786,0.0,0.000684,0.0,0.0,0.468265,0.006844,0.15
grand_sim_v0_4,no_regime_renormalized,stability_heavy,0.1,0.3,federation_cluster_attack,low_stress,8,8368,1,92,75,17,0.300805,0.300805,0.031122,0.069769,0.0,0.199319,0.0,0.000594,0.0,0.0,0.487465,0.005943,0.15
grand_sim_v0_4,no_regime_renormalized,stability_heavy,0.1,0.3,federation_cluster_attack,low_stress,9,8369,1,97,76,21,0.3108,0.3108,0.031913,0.069841,0.0,0.20831,0.0,0.000737,0.0,0.0,0.464346,0.007365,0.15
grand_sim_v0_4,no_regime_renormalized,stability_heavy,0.1,0.3,federation_cluster_attack,mid_stress,0,8370,1,66,54,12,0.310062,0.310062,0.034504,0.064937,0.0,0.209873,0.0,0.000747,0.0,0.0,0.460327,0.007473,0.15
grand_sim_v0_4,no_regime_renormalized,stability_heavy,0.1,0.3,federation_cluster_attack,mid_stress,1,8371,1,66,54,12,0.316134,0.316134,0.035824,0.064922,0.0,0.214425,0.0,0.000964,0.0,0.0,0.448622,0.009642,0.15
grand_sim_v0_4,no_regime_renormalized,stability_heavy,0.1,0.3,federation_cluster_attack,mid_stress,2,8372,1,65,54,11,0.315193,0.315193,0.036459,0.064742,0.0,0.213135,0.0,0.000858,0.0,0.0,0.451939,0.008577,0.15
grand_sim_v0_4,no_regime_renormalized,stability_heavy,0.1,0.3,federation_cluster_attack,mid_stress,3,8373,1,66,55,11,0.318507,0.318507,0.035537,0.066062,0.0,0.216021,0.0,0.000887,0.0,0.083333,0.444517,0.008867,0.15
grand_sim_v0_4,no_regime_renormalized,stability_heavy,0.1,0.3,federation_cluster_attack,mid_stress,4,8374,1,67,54,13,0.314988,0.314988,0.035316,0.064729,0.0,0.21391,0.0,0.001033,0.0,0.0,0.449945,0.010333,0.15
grand_sim_v0_4,no_regime_renormalized,stability_heavy,0.1,0.3,federation_cluster_attack,mid_stress,5,8375,1,67,54,13,0.317693,0.317693,0.035515,0.06527,0.0,0.215707,0.0,0.0012,0.0,0.0,0.445324,0.012003,0.15
grand_sim_v0_4,no_regime_renormalized,stability_heavy,0.1,0.3,federation_cluster_attack,mid_stress,6,8376,1,62,53,9,0.301485,0.301485,0.035198,0.065044,0.0,0.200607,0.0,0.000636,0.0,0.0,0.484153,0.006359,0.15
grand_sim_v0_4,no_regime_renormalized,stability_heavy,0.1,0.3,federation_cluster_attack,mid_stress,7,8377,1,67,54,13,0.304443,0.304443,0.031832,0.066145,0.0,0.205497,0.0,0.000968,0.0,0.016667,0.471578,0.009675,0.15
grand_sim_v0_4,no_regime_renormalized,stability_heavy,0.1,0.3,federation_cluster_attack,mid_stress,8,8378,1,66,54,12,0.314293,0.314293,0.035169,0.064605,0.0,0.213565,0.0,0.000954,0.0,0.0,0.450833,0.009536,0.15
grand_sim_v0_4,no_regime_renormalized,stability_heavy,0.1,0.3,federation_cluster_attack,mid_stress,9,8379,1,67,54,13,0.307472,0.307472,0.032904,0.064667,0.0,0.209048,0.0,0.000853,0.0,0.016667,0.462447,0.008531,0.15
grand_sim_v0_4,no_regime_renormalized,stability_heavy,0.1,0.3,federation_cluster_attack,high_stress,0,8380,1,27,17,10,0.303789,0.303789,0.072614,0.028789,0.075512,0.126355,0.0,0.000519,0.0,0.0,0.675087,0.005192,0.15
grand_sim_v0_4,no_regime_renormalized,stability_heavy,0.1,0.3,federation_cluster_attack,high_stress,1,8381,1,25,15,10,0.305528,0.305528,0.070495,0.030904,0.074159,0.12957,0.0,0.0004,0.0,0.0,0.66682,0.004001,0.15
grand_sim_v0_4,no_regime_renormalized,stability_heavy,0.1,0.3,federation_cluster_attack,high_stress,2,8382,1,27,18,9,0.306578,0.306578,0.074705,0.027902,0.076414,0.12681,0.0,0.000748,0.0,0.0,0.673918,0.007476,0.15
grand_sim_v0_4,no_regime_renormalized,stability_heavy,0.1,0.3,federation_cluster_attack,high_stress,3,8383,1,28,17,11,0.301711,0.301711,0.071047,0.029516,0.074558,0.126087,0.0,0.000502,0.0,0.0,0.675775,0.005019,0.15
grand_sim_v0_4,no_regime_renormalized,stability_heavy,0.1,0.3,federation_cluster_attack,high_stress,4,8384,1,27,17,10,0.306487,0.306487,0.073839,0.030177,0.075925,0.125901,0.0,0.000645,0.0,0.0,0.676255,0.006452,0.15
grand_sim_v0_4,no_regime_renormalized,stability_heavy,0.1,0.3,federation_cluster_attack,high_stress,5,8385,1,27,16,11,0.301351,0.301351,0.069621,0.030827,0.07348,0.127082,0.0,0.000342,0.0,0.0,0.673218,0.003417,0.15
grand_sim_v0_4,no_regime_renormalized,stability_heavy,0.1,0.3,federation_cluster_attack,high_stress,6,8386,1,25,16,9,0.310442,0.310442,0.073907,0.029258,0.076375,0.130387,0.0,0.000515,0.0,0.0,0.66472,0.00515,0.15
grand_sim_v0_4,no_regime_renormalized,stability_heavy,0.1,0.3,federation_cluster_attack,high_stress,7,8387,1,26,16,10,0.307974,0.307974,0.073678,0.02996,0.075439,0.128195,0.0,0.000703,0.0,0.0,0.670355,0.007034,0.15
grand_sim_v0_4,no_regime_renormalized,stability_heavy,0.1,0.3,federation_cluster_attack,high_stress,8,8388,1,25,15,10,0.304571,0.304571,0.071617,0.030868,0.074517,0.12709,0.0,0.000479,0.0,0.0,0.673197,0.004788,0.15
grand_sim_v0_4,no_regime_renormalized,stability_heavy,0.1,0.3,federation_cluster_attack,high_stress,9,8389,1,28,17,11,0.311799,0.311799,0.071466,0.029364,0.076645,0.133857,0.0,0.000466,0.0,0.0,0.655796,0.004662,0.15
grand_sim_v0_4,no_regime_renormalized,stability_heavy,0.1,0.3,psi_corruption,low_stress,0,8390,1,87,66,21,0.300905,0.300905,0.030248,0.066007,0.0,0.203875,0.0,0.000775,0.0,0.0,0.475749,0.007749,0.15
grand_sim_v0_4,no_regime_renormalized,stability_heavy,0.1,0.3,psi_corruption,low_stress,1,8391,1,87,69,18,0.308476,0.308476,0.032296,0.065249,0.0,0.210105,0.0,0.000826,0.0,0.0,0.459729,0.008257,0.15
grand_sim_v0_4,no_regime_renormalized,stability_heavy,0.1,0.3,psi_corruption,low_stress,2,8392,1,86,69,17,0.307755,0.307755,0.031603,0.065894,0.0,0.209579,0.0,0.000679,0.0,0.0,0.461083,0.006795,0.15
grand_sim_v0_4,no_regime_renormalized,stability_heavy,0.1,0.3,psi_corruption,low_stress,3,8393,1,87,68,19,0.30023,0.30023,0.029823,0.064535,0.0,0.205063,0.0,0.000809,0.0,0.0,0.472695,0.008086,0.15
grand_sim_v0_4,no_regime_renormalized,stability_heavy,0.1,0.3,psi_corruption,low_stress,4,8394,1,88,70,18,0.306332,0.306332,0.03207,0.066498,0.0,0.206863,0.0,0.000902,0.0,0.016667,0.468067,0.00902,0.15
grand_sim_v0_4,no_regime_renormalized,stability_heavy,0.1,0.3,psi_corruption,low_stress,5,8395,1,87,69,18,0.301759,0.301759,0.03111,0.065263,0.0,0.204589,0.0,0.000797,0.0,0.0,0.473913,0.007965,0.15
grand_sim_v0_4,no_regime_renormalized,stability_heavy,0.1,0.3,psi_corruption,low_stress,6,8396,1,87,69,18,0.301907,0.301907,0.030631,0.065835,0.0,0.204638,0.0,0.000803,0.0,0.0,0.473788,0.008032,0.15
grand_sim_v0_4,no_regime_renormalized,stability_heavy,0.1,0.3,psi_corruption,low_stress,7,8397,1,87,67,20,0.300887,0.300887,0.030947,0.065269,0.0,0.203917,0.0,0.000754,0.0,0.0,0.475642,0.007543,0.15
grand_sim_v0_4,no_regime_renormalized,stability_heavy,0.1,0.3,psi_corruption,low_stress,8,8398,1,88,70,18,0.304328,0.304328,0.030665,0.066381,0.0,0.206553,0.0,0.000728,0.0,0.0,0.468863,0.007283,0.15
grand_sim_v0_4,no_regime_renormalized,stability_heavy,0.1,0.3,psi_corruption,low_stress,9,8399,1,87,69,18,0.307316,0.307316,0.034269,0.064639,0.0,0.207565,0.0,0.000843,0.0,0.033333,0.466262,0.008432,0.15
grand_sim_v0_4,no_regime_renormalized,stability_heavy,0.1,0.3,psi_corruption,mid_stress,0,8400,1,60,50,10,0.312851,0.312851,0.033101,0.064896,0.0,0.213934,0.0,0.00092,0.0,0.0,0.449884,0.009204,0.15
grand_sim_v0_4,no_regime_renormalized,stability_heavy,0.1,0.3,psi_corruption,mid_stress,1,8401,1,61,50,11,0.303676,0.303676,0.028823,0.065502,0.0,0.208426,0.0,0.000924,0.0,0.0,0.464047,0.009244,0.15
grand_sim_v0_4,no_regime_renormalized,stability_heavy,0.1,0.3,psi_corruption,mid_stress,2,8402,1,61,50,11,0.303585,0.303585,0.030183,0.064357,0.0,0.208096,0.0,0.000948,0.0,0.0,0.464895,0.009479,0.15
grand_sim_v0_4,no_regime_renormalized,stability_heavy,0.1,0.3,psi_corruption,mid_stress,3,8403,1,61,50,11,0.302875,0.302875,0.029571,0.065474,0.0,0.207051,0.0,0.000779,0.0,0.0,0.467584,0.007789,0.15
grand_sim_v0_4,no_regime_renormalized,stability_heavy,0.1,0.3,psi_corruption,mid_stress,4,8404,1,59,50,9,0.315681,0.315681,0.034646,0.065048,0.0,0.215204,0.0,0.000783,0.0,0.016667,0.446619,0.007834,0.15
grand_sim_v0_4,no_regime_renormalized,stability_heavy,0.1,0.3,psi_corruption,mid_stress,5,8405,1,61,50,11,0.309679,0.309679,0.033719,0.064976,0.0,0.210046,0.0,0.000939,0.0,0.0,0.459882,0.009386,0.15
grand_sim_v0_4,no_regime_renormalized,stability_heavy,0.1,0.3,psi_corruption,mid_stress,6,8406,1,57,50,7,0.315829,0.315829,0.036549,0.065892,0.0,0.212579,0.0,0.000809,0.0,0.016667,0.453367,0.008088,0.15
grand_sim_v0_4,no_regime_renormalized,stability_heavy,0.1,0.3,psi_corruption,mid_stress,7,8407,1,58,50,8,0.32335,0.32335,0.040363,0.067017,0.0,0.215337,0.0,0.000632,0.0,0.0,0.446277,0.006324,0.15
grand_sim_v0_4,no_regime_renormalized,stability_heavy,0.1,0.3,psi_corruption,mid_stress,8,8408,1,60,50,10,0.305643,0.305643,0.030158,0.065764,0.0,0.208888,0.0,0.000833,0.0,0.0,0.462859,0.008332,0.15
grand_sim_v0_4,no_regime_renormalized,stability_heavy,0.1,0.3,psi_corruption,mid_stress,9,8409,1,61,50,11,0.314565,0.314565,0.03303,0.065303,0.0,0.21529,0.0,0.000942,0.0,0.0,0.446397,0.009425,0.15
grand_sim_v0_4,no_regime_renormalized,stability_heavy,0.1,0.3,psi_corruption,high_stress,0,8410,1,24,15,9,0.304685,0.304685,0.073298,0.03156,0.076653,0.122664,0.0,0.00051,0.0,0.0,0.684578,0.005101,0.15
grand_sim_v0_4,no_regime_renormalized,stability_heavy,0.1,0.3,psi_corruption,high_stress,1,8411,1,26,15,11,0.306988,0.306988,0.071667,0.031841,0.075272,0.127711,0.0,0.000497,0.0,0.0,0.6716,0.004974,0.15
grand_sim_v0_4,no_regime_renormalized,stability_heavy,0.1,0.3,psi_corruption,high_stress,2,8412,1,25,16,9,0.307988,0.307988,0.074305,0.031698,0.07558,0.126003,0.0,0.000403,0.0,0.0,0.675992,0.004028,0.15
grand_sim_v0_4,no_regime_renormalized,stability_heavy,0.1,0.3,psi_corruption,high_stress,3,8413,1,24,14,10,0.309531,0.309531,0.071521,0.034404,0.074376,0.12882,0.0,0.00041,0.0,0.0,0.668749,0.0041,0.15
grand_sim_v0_4,no_regime_renormalized,stability_heavy,0.1,0.3,psi_corruption,high_stress,4,8414,1,23,14,9,0.307641,0.307641,0.074844,0.033563,0.075232,0.123375,0.0,0.000628,0.0,0.0,0.68275,0.006282,0.15
grand_sim_v0_4,no_regime_renormalized,stability_heavy,0.1,0.3,psi_corruption,high_stress,5,8415,1,27,15,12,0.304145,0.304145,0.069949,0.032155,0.073419,0.128066,0.0,0.000555,0.0,0.0,0.670687,0.005551,0.15
grand_sim_v0_4,no_regime_renormalized,stability_heavy,0.1,0.3,psi_corruption,high_stress,6,8416,1,23,14,9,0.31361,0.31361,0.073215,0.034942,0.074201,0.13082,0.0,0.000432,0.0,0.0,0.663605,0.004316,0.15
grand_sim_v0_4,no_regime_renormalized,stability_heavy,0.1,0.3,psi_corruption,high_stress,7,8417,1,23,13,10,0.301388,0.301388,0.072262,0.035636,0.07383,0.11936,0.0,0.0003,0.0,0.0,0.693073,0.003002,0.15
grand_sim_v0_4,no_regime_renormalized,stability_heavy,0.1,0.3,psi_corruption,high_stress,8,8418,1,26,15,11,0.307666,0.307666,0.070369,0.03373,0.074325,0.128692,0.0,0.00055,0.0,0.0,0.669078,0.005498,0.15
grand_sim_v0_4,no_regime_renormalized,stability_heavy,0.1,0.3,psi_corruption,high_stress,9,8419,1,25,15,10,0.302964,0.302964,0.072482,0.03241,0.075268,0.12237,0.0,0.000434,0.0,0.0,0.685335,0.004338,0.15
